record,layer,action,rule,cluster,final_x,final_y,position_source,confidence_grade,symbol_type,note
student:2508,corrected_student,remove_fp,verdict x: a clear symbol falsely tagged as a mound,,,,,,not_a_mound,
student:2536,corrected_student,remove_fp,verdict x: a clear symbol falsely tagged as a mound,,,,,,not_a_mound,
student:2601,corrected_student,remove_fp,verdict x: a clear symbol falsely tagged as a mound,,,,,,not_a_mound,
student:4559,corrected_student,remove_fp,verdict x: a clear symbol falsely tagged as a mound,,,,,,not_a_mound,
phantom:167,promoted_phantom,remove_fp,verdict x: a clear symbol falsely tagged as a mound,,,,,,not_a_mound,
phantom:173,promoted_phantom,remove_fp,verdict x: a clear symbol falsely tagged as a mound,,,,,,not_a_mound,
phantom:199,promoted_phantom,remove_fp,verdict x: a clear symbol falsely tagged as a mound,,,,,,not_a_mound,
phantom:212,promoted_phantom,remove_fp,verdict x: a clear symbol falsely tagged as a mound,,,,,,not_a_mound,
phantom:264,promoted_phantom,remove_fp,verdict x: a clear symbol falsely tagged as a mound,,,,,,not_a_mound,
phantom:309,promoted_phantom,remove_fp,verdict x: a clear symbol falsely tagged as a mound,,,,,,not_a_mound,
phantom:327,promoted_phantom,remove_fp,verdict x: a clear symbol falsely tagged as a mound,,,,,,not_a_mound,
phantom:357,promoted_phantom,remove_fp,verdict x: a clear symbol falsely tagged as a mound,,,,,,not_a_mound,
phantom:375,promoted_phantom,remove_fp,verdict x: a clear symbol falsely tagged as a mound,,,,,,not_a_mound,
phantom:406,promoted_phantom,remove_fp,verdict x: a clear symbol falsely tagged as a mound,,,,,,not_a_mound,
phantom:409,promoted_phantom,remove_fp,verdict x: a clear symbol falsely tagged as a mound,,,,,,not_a_mound,
phantom:422,promoted_phantom,remove_fp,verdict x: a clear symbol falsely tagged as a mound,,,,,,not_a_mound,
phantom:448,promoted_phantom,remove_fp,verdict x: a clear symbol falsely tagged as a mound,,,,,,not_a_mound,
phantom:454,promoted_phantom,remove_fp,verdict x: a clear symbol falsely tagged as a mound,,,,,,not_a_mound,
phantom:473,promoted_phantom,remove_fp,verdict x: a clear symbol falsely tagged as a mound,,,,,,not_a_mound,
phantom:530,promoted_phantom,remove_fp,verdict x: a clear symbol falsely tagged as a mound,,,,,,not_a_mound,
phantom:566,promoted_phantom,remove_fp,verdict x: a clear symbol falsely tagged as a mound,,,,,,not_a_mound,
phantom:574,promoted_phantom,remove_fp,verdict x: a clear symbol falsely tagged as a mound,,,,,,not_a_mound,
phantom:583,promoted_phantom,remove_fp,verdict x: a clear symbol falsely tagged as a mound,,,,,,not_a_mound,
phantom:650,promoted_phantom,remove_fp,verdict x: a clear symbol falsely tagged as a mound,,,,,,not_a_mound,
phantom:665,promoted_phantom,remove_fp,verdict x: a clear symbol falsely tagged as a mound,,,,,,not_a_mound,
phantom:698,promoted_phantom,remove_fp,verdict x: a clear symbol falsely tagged as a mound,,,,,,not_a_mound,
phantom:727,promoted_phantom,remove_fp,verdict x: a clear symbol falsely tagged as a mound,,,,,,not_a_mound,
phantom:728,promoted_phantom,remove_fp,verdict x: a clear symbol falsely tagged as a mound,,,,,,not_a_mound,
phantom:731,promoted_phantom,remove_fp,verdict x: a clear symbol falsely tagged as a mound,,,,,,not_a_mound,
phantom:736,promoted_phantom,remove_fp,verdict x: a clear symbol falsely tagged as a mound,,,,,,not_a_mound,
phantom:741,promoted_phantom,remove_fp,verdict x: a clear symbol falsely tagged as a mound,,,,,,not_a_mound,
phantom:742,promoted_phantom,remove_fp,verdict x: a clear symbol falsely tagged as a mound,,,,,,not_a_mound,
phantom:744,promoted_phantom,remove_fp,verdict x: a clear symbol falsely tagged as a mound,,,,,,not_a_mound,
phantom:748,promoted_phantom,remove_fp,verdict x: a clear symbol falsely tagged as a mound,,,,,,not_a_mound,
phantom:752,promoted_phantom,remove_fp,verdict x: a clear symbol falsely tagged as a mound,,,,,,not_a_mound,
phantom:753,promoted_phantom,remove_fp,verdict x: a clear symbol falsely tagged as a mound,,,,,,not_a_mound,
phantom:755,promoted_phantom,remove_fp,verdict x: a clear symbol falsely tagged as a mound,,,,,,not_a_mound,
phantom:757,promoted_phantom,remove_fp,verdict x: a clear symbol falsely tagged as a mound,,,,,,not_a_mound,
phantom:758,promoted_phantom,remove_fp,verdict x: a clear symbol falsely tagged as a mound,,,,,,not_a_mound,
phantom:759,promoted_phantom,remove_fp,verdict x: a clear symbol falsely tagged as a mound,,,,,,not_a_mound,
phantom:760,promoted_phantom,remove_fp,verdict x: a clear symbol falsely tagged as a mound,,,,,,not_a_mound,
phantom:765,promoted_phantom,remove_fp,verdict x: a clear symbol falsely tagged as a mound,,,,,,not_a_mound,
phantom:767,promoted_phantom,remove_fp,verdict x: a clear symbol falsely tagged as a mound,,,,,,not_a_mound,
phantom:768,promoted_phantom,remove_fp,verdict x: a clear symbol falsely tagged as a mound,,,,,,not_a_mound,
phantom:770,promoted_phantom,remove_fp,verdict x: a clear symbol falsely tagged as a mound,,,,,,not_a_mound,
student:4172,corrected_student,remove_contradicted_merge,verdict m: merged centroid never a single mound; both pre-merge originals restored,,,,,,,
extra:nested-benchmark-3207,extra_point,add_marking_pass_extra,cluster survivor,0,465665.167,4675879.27,own_mark,directly_reviewed,bench_mark_on_mound,
phantom:0,promoted_phantom,keep_phantom_extension,cluster survivor,1,322769.119,4690842.788,own_mark,directly_reviewed,bench_mark_on_mound,candidate 0
phantom:1,promoted_phantom,keep_phantom_extension,cluster survivor,2,477828.496,4727146.12,own_mark,directly_reviewed,burial_mound,candidate 1
phantom:10,promoted_phantom,keep_phantom_extension,cluster survivor (index tiebreak),3,432995.312,4720486.906,own_mark,directly_reviewed,settlement_mound,candidate 10
phantom:476,promoted_phantom,remove_duplicate,duplicate record of the cluster's mound,3,,,,,,survivor phantom:10
phantom:101,promoted_phantom,keep_phantom_extension,cluster survivor,4,353318.663,4684404.88,own_mark,directly_reviewed,burial_mound,candidate 101
phantom:103,promoted_phantom,keep_phantom_extension,cluster survivor,5,355197.911,4684473.6,own_mark,directly_reviewed,burial_mound,candidate 103
phantom:104,promoted_phantom,keep_phantom_extension,cluster survivor,6,355205.283,4684316.106,own_mark,directly_reviewed,burial_mound,candidate 104
phantom:105,promoted_phantom,keep_phantom_extension,cluster survivor,7,354945.468,4684223.147,own_mark,directly_reviewed,burial_mound,candidate 105
phantom:106,promoted_phantom,keep_phantom_extension,cluster survivor,8,354889.141,4684434.348,own_mark,directly_reviewed,burial_mound,candidate 106
phantom:11,promoted_phantom,keep_phantom_extension,cluster survivor,9,420817.111,4711536.747,own_mark,directly_reviewed,burial_mound,candidate 11
student:2342,corrected_student,keep_student,cluster survivor,10,336252.534,4658070.281,claimant_mark,proxy_confirmed,,
phantom:111,promoted_phantom,remove_duplicate,prefer the student record over the phantom,10,,,,,,survivor student:2342
phantom:117,promoted_phantom,keep_phantom_extension,cluster survivor,11,364525.49,4660666.796,own_mark,directly_reviewed,bench_mark_on_mound,candidate 117
phantom:118,promoted_phantom,keep_phantom_extension,cluster survivor,12,355724.489,4658638.26,own_mark,directly_reviewed,trig_point_on_mound,candidate 118
phantom:119,promoted_phantom,keep_phantom_extension,cluster survivor,13,367371.638,4658924.068,own_mark,directly_reviewed,burial_mound,candidate 119
phantom:12,promoted_phantom,keep_phantom_extension,cluster survivor,14,448071.196,4705499.375,own_mark,directly_reviewed,burial_mound,candidate 12
phantom:120,promoted_phantom,keep_phantom_extension,cluster survivor,15,367469.515,4658829.202,own_mark,directly_reviewed,burial_mound,candidate 120
phantom:121,promoted_phantom,keep_phantom_extension,cluster survivor,16,367007.861,4658772.005,own_mark,directly_reviewed,burial_mound,candidate 121
student:2506,corrected_student,keep_student,cluster survivor,17,358179.144,4651905.186,claimant_mark,proxy_confirmed,,
phantom:123,promoted_phantom,remove_duplicate,prefer the student record over the phantom,17,,,,,,survivor student:2506
phantom:127,promoted_phantom,keep_phantom_extension,cluster survivor,18,384956.066,4669241.264,own_mark,directly_reviewed,trig_point_on_mound,candidate 127
phantom:128,promoted_phantom,keep_phantom_extension,cluster survivor,19,385944.548,4677725.694,own_mark,directly_reviewed,burial_mound,candidate 128
student:2615,corrected_student,keep_student,cluster survivor,20,390979.4,4680141.992,claimant_mark,proxy_confirmed,,
phantom:129,promoted_phantom,remove_duplicate,prefer the student record over the phantom,20,,,,,,survivor student:2615
phantom:13,promoted_phantom,keep_phantom_extension,cluster survivor,21,440068.803,4719305.033,own_mark,directly_reviewed,burial_mound,candidate 13
phantom:130,promoted_phantom,keep_phantom_extension,cluster survivor,22,380598.375,4674572.173,own_mark,directly_reviewed,bench_mark_on_mound,candidate 130
phantom:131,promoted_phantom,keep_phantom_extension,cluster survivor,23,394906.044,4670674.945,own_mark,directly_reviewed,bench_mark_on_mound,candidate 131
phantom:132,promoted_phantom,keep_phantom_extension,cluster survivor,24,395022.287,4670558.406,own_mark,directly_reviewed,burial_mound,candidate 132
phantom:133,promoted_phantom,keep_phantom_extension,cluster survivor,25,379835.371,4680373.343,own_mark,directly_reviewed,bench_mark_on_mound,candidate 133
phantom:134,promoted_phantom,keep_phantom_extension,cluster survivor,26,401562.106,4670327.801,own_mark,directly_reviewed,bench_mark_on_mound,candidate 134
phantom:136,promoted_phantom,keep_phantom_extension,cluster survivor,27,402025.713,4674936.097,own_mark,directly_reviewed,burial_mound,candidate 136
phantom:137,promoted_phantom,keep_phantom_extension,cluster survivor,28,402578.879,4679930.144,own_mark,directly_reviewed,trig_point_on_mound,candidate 137
phantom:138,promoted_phantom,keep_phantom_extension,cluster survivor,29,406715.779,4679728.776,own_mark,directly_reviewed,burial_mound,candidate 138
phantom:139,promoted_phantom,keep_phantom_extension,cluster survivor,30,405264.309,4680032.771,own_mark,directly_reviewed,bench_mark_on_mound,candidate 139
phantom:14,promoted_phantom,keep_phantom_extension,cluster survivor,31,450647.004,4696992.608,own_mark,directly_reviewed,trig_point_on_mound,candidate 14
phantom:140,promoted_phantom,keep_phantom_extension,cluster survivor,32,410530.526,4684921.903,own_mark,directly_reviewed,settlement_mound,candidate 140
phantom:141,promoted_phantom,keep_phantom_extension,cluster survivor,33,412493.974,4685067.856,own_mark,directly_reviewed,trig_point_on_mound,candidate 141
student:1958,corrected_student,keep_student,cluster survivor,34,335683.758,4677140.744,claimant_mark,proxy_confirmed,,
phantom:142,promoted_phantom,remove_duplicate,prefer the student record over the phantom,34,,,,,,survivor student:1958
phantom:143,promoted_phantom,keep_phantom_extension,cluster survivor,35,405146.704,4669766.885,own_mark,directly_reviewed,burial_mound,candidate 143
phantom:144,promoted_phantom,keep_phantom_extension,cluster survivor,36,413663.328,4683564.726,own_mark,directly_reviewed,burial_mound,candidate 144
phantom:145,promoted_phantom,keep_phantom_extension,cluster survivor,37,414984.536,4673286.576,own_mark,directly_reviewed,bench_mark_on_mound,candidate 145
phantom:15,promoted_phantom,keep_phantom_extension,cluster survivor,38,450034.371,4695744.872,own_mark,directly_reviewed,burial_mound,candidate 15
phantom:150,promoted_phantom,keep_phantom_extension,cluster survivor,39,402451.543,4660690.495,own_mark,directly_reviewed,bench_mark_on_mound,candidate 150
phantom:153,promoted_phantom,keep_phantom_extension,cluster survivor,40,412183.321,4661126.102,own_mark,directly_reviewed,trig_point_on_mound,candidate 153
phantom:154,promoted_phantom,keep_phantom_extension,cluster survivor,41,426762.48,4678382.749,own_mark,directly_reviewed,settlement_mound,candidate 154
phantom:155,promoted_phantom,keep_phantom_extension,cluster survivor,42,438113.774,4680939.525,own_mark,directly_reviewed,bench_mark_on_mound,candidate 155
phantom:156,promoted_phantom,keep_phantom_extension,cluster survivor,43,436760.914,4680124.196,own_mark,directly_reviewed,burial_mound,candidate 156
phantom:158,promoted_phantom,keep_phantom_extension,cluster survivor,44,451569.066,4677745.39,own_mark,directly_reviewed,burial_mound,candidate 158
student:3117,corrected_student,keep_student,cluster survivor,45,418592.638,4658028.57,claimant_mark,proxy_confirmed,,
phantom:159,promoted_phantom,remove_duplicate,prefer the student record over the phantom,45,,,,,,survivor student:3117
phantom:16,promoted_phantom,keep_phantom_extension,cluster survivor,46,455343.228,4697337.136,own_mark,directly_reviewed,trig_point_on_mound,candidate 16
phantom:160,promoted_phantom,keep_phantom_extension,cluster survivor,47,428976.713,4663274.322,own_mark,directly_reviewed,burial_mound,candidate 160
student:3103,corrected_student,keep_student,cluster survivor,48,433273.601,4665525.444,claimant_mark,proxy_confirmed,,
phantom:161,promoted_phantom,remove_duplicate,prefer the student record over the phantom,48,,,,,,survivor student:3103
phantom:162,promoted_phantom,keep_phantom_extension,cluster survivor,49,435089.532,4655864.725,own_mark,directly_reviewed,burial_mound,candidate 162
phantom:163,promoted_phantom,keep_phantom_extension,cluster survivor,50,434307.013,4655082.326,own_mark,directly_reviewed,burial_mound,candidate 163
phantom:164,promoted_phantom,keep_phantom_extension,cluster survivor (index tiebreak),51,434786.829,4655168.01,own_mark,directly_reviewed,trig_point_on_mound,candidate 164
phantom:718,promoted_phantom,remove_duplicate,duplicate record of the cluster's mound,51,,,,,,survivor phantom:164
phantom:165,promoted_phantom,keep_phantom_extension,cluster survivor,52,420569.113,4656899.281,own_mark,directly_reviewed,bench_mark_on_mound,candidate 165
student:3337,corrected_student,keep_student,cluster survivor,53,460320.344,4668691.346,claimant_mark,proxy_confirmed,,
phantom:166,promoted_phantom,remove_duplicate,prefer the student record over the phantom,53,,,,,,survivor student:3337
phantom:168,promoted_phantom,keep_phantom_extension,cluster survivor,54,464756.943,4678015.511,own_mark,directly_reviewed,bench_mark_on_mound,candidate 168
phantom:169,promoted_phantom,keep_phantom_extension,cluster survivor,55,472042.627,4678903.946,own_mark,directly_reviewed,burial_mound,candidate 169
student:3269,corrected_student,keep_student,cluster survivor,56,472892.51,4679677.854,claimant_mark,proxy_confirmed,,
phantom:170,promoted_phantom,remove_duplicate,prefer the student record over the phantom,56,,,,,,survivor student:3269
phantom:171,promoted_phantom,keep_phantom_extension,cluster survivor,57,476004.195,4674945.965,own_mark,directly_reviewed,burial_mound,candidate 171
phantom:172,promoted_phantom,keep_phantom_extension,cluster survivor,58,477268.479,4677244.323,own_mark,directly_reviewed,bench_mark_on_mound,candidate 172
student:3386,corrected_student,keep_student,cluster survivor,59,490058.053,4678171.221,claimant_mark,proxy_confirmed,,
phantom:174,promoted_phantom,remove_duplicate,prefer the student record over the phantom,59,,,,,,survivor student:3386
phantom:175,promoted_phantom,keep_phantom_extension,cluster survivor,60,478819.165,4682044.443,own_mark,directly_reviewed,burial_mound,candidate 175
phantom:176,promoted_phantom,keep_phantom_extension,cluster survivor,61,497912.435,4679155.119,own_mark,directly_reviewed,bench_mark_on_mound,candidate 176
phantom:178,promoted_phantom,keep_phantom_extension,cluster survivor,62,458806.989,4653946.579,own_mark,directly_reviewed,bench_mark_on_mound,candidate 178
phantom:180,promoted_phantom,keep_phantom_extension,cluster survivor,63,471766.09,4662227.827,own_mark,directly_reviewed,bench_mark_on_mound,candidate 180
phantom:408,promoted_phantom,keep_phantom_extension,cluster survivor,64,476985.38,4668283.682,own_mark,directly_reviewed,bench_mark_on_mound,candidate 408
phantom:182,promoted_phantom,remove_duplicate,duplicate record of the cluster's mound,64,,,,,,survivor phantom:408
phantom:407,promoted_phantom,remove_duplicate,duplicate record of the cluster's mound,64,,,,,,survivor phantom:408
phantom:183,promoted_phantom,keep_phantom_extension,cluster survivor,65,500425.744,4685906.8,own_mark,directly_reviewed,burial_mound,candidate 183
phantom:184,promoted_phantom,keep_phantom_extension,cluster survivor,66,512115.948,4682717.93,own_mark,directly_reviewed,burial_mound,candidate 184
phantom:185,promoted_phantom,keep_phantom_extension,cluster survivor,67,502338.471,4685581.142,own_mark,directly_reviewed,burial_mound,candidate 185
phantom:186,promoted_phantom,keep_phantom_extension,cluster survivor,68,502669.155,4681934.003,own_mark,directly_reviewed,burial_mound,candidate 186
phantom:188,promoted_phantom,keep_phantom_extension,cluster survivor,69,528160.763,4669567.312,own_mark,directly_reviewed,burial_mound,candidate 188
phantom:189,promoted_phantom,keep_phantom_extension,cluster survivor,70,532847.775,4670102.703,own_mark,directly_reviewed,burial_mound,candidate 189
phantom:19,promoted_phantom,keep_phantom_extension,cluster survivor,71,442087.184,4695908.332,own_mark,directly_reviewed,burial_mound,candidate 19
phantom:192,promoted_phantom,keep_phantom_extension,cluster survivor,72,510025.328,4664527.715,own_mark,directly_reviewed,burial_mound,candidate 192
phantom:194,promoted_phantom,keep_phantom_extension,cluster survivor,73,502320.638,4661841.25,own_mark,directly_reviewed,burial_mound,candidate 194
phantom:195,promoted_phantom,keep_phantom_extension,cluster survivor (index tiebreak),74,530801.406,4657522.514,own_mark,directly_reviewed,burial_mound,candidate 195
phantom:558,promoted_phantom,remove_duplicate,duplicate record of the cluster's mound,74,,,,,,survivor phantom:195
phantom:196,promoted_phantom,keep_phantom_extension,cluster survivor,75,538147.415,4660654.758,own_mark,directly_reviewed,bench_mark_on_mound,candidate 196
phantom:197,promoted_phantom,keep_phantom_extension,cluster survivor,76,530966.072,4657446.581,own_mark,directly_reviewed,burial_mound,candidate 197
phantom:198,promoted_phantom,keep_phantom_extension,cluster survivor,77,302475.242,4625866.72,own_mark,directly_reviewed,burial_mound,candidate 198
phantom:20,promoted_phantom,keep_phantom_extension,cluster survivor,78,442575.002,4695440.845,own_mark,directly_reviewed,burial_mound,candidate 20
phantom:200,promoted_phantom,keep_phantom_extension,cluster survivor,79,335593.012,4649825.459,own_mark,directly_reviewed,bench_mark_on_mound,candidate 200
phantom:202,promoted_phantom,keep_phantom_extension,cluster survivor,80,347878.07,4645353.788,own_mark,directly_reviewed,burial_mound,candidate 202
student:3977,corrected_student,keep_student,cluster survivor,81,335468.052,4649761.613,claimant_mark,proxy_confirmed,,
phantom:203,promoted_phantom,remove_duplicate,prefer the student record over the phantom,81,,,,,,survivor student:3977
phantom:206,promoted_phantom,keep_phantom_extension,cluster survivor,82,338323.569,4644685.287,own_mark,directly_reviewed,burial_mound,candidate 206
phantom:208,promoted_phantom,keep_phantom_extension,cluster survivor,83,367621.031,4646310.681,own_mark,directly_reviewed,burial_mound,candidate 208
phantom:209,promoted_phantom,keep_phantom_extension,cluster survivor,84,362137.446,4641980.39,own_mark,directly_reviewed,burial_mound,candidate 209
phantom:21,promoted_phantom,keep_phantom_extension,cluster survivor,85,460426.865,4716525.281,own_mark,directly_reviewed,burial_mound,candidate 21
phantom:213,promoted_phantom,keep_phantom_extension,cluster survivor,86,334396.028,4647093.17,own_mark,directly_reviewed,burial_mound,candidate 213
phantom:214,promoted_phantom,keep_phantom_extension,cluster survivor,87,353868.222,4627747.37,own_mark,directly_reviewed,burial_mound,candidate 214
phantom:215,promoted_phantom,keep_phantom_extension,cluster survivor,88,385516.447,4637586.891,own_mark,directly_reviewed,bench_mark_on_mound,candidate 215
student:4247,corrected_student,keep_student,cluster survivor,89,387957.061,4633835.431,claimant_mark,proxy_confirmed,,
phantom:217,promoted_phantom,remove_duplicate,prefer the student record over the phantom,89,,,,,,survivor student:4247
phantom:218,promoted_phantom,keep_phantom_extension,cluster survivor,90,384992.802,4648506.957,own_mark,directly_reviewed,settlement_mound,candidate 218
student:4343,corrected_student,keep_student,cluster survivor,91,395513.578,4648289.115,claimant_mark,proxy_confirmed,,
phantom:219,promoted_phantom,remove_duplicate,prefer the student record over the phantom,91,,,,,,survivor student:4343
phantom:220,promoted_phantom,keep_phantom_extension,cluster survivor,92,396963.341,4643950.26,own_mark,directly_reviewed,burial_mound,candidate 220
phantom:221,promoted_phantom,keep_phantom_extension,cluster survivor,93,397258.495,4643814.829,own_mark,directly_reviewed,burial_mound,candidate 221
phantom:222,promoted_phantom,keep_phantom_extension,cluster survivor,94,396406.219,4647531.873,own_mark,directly_reviewed,burial_mound,candidate 222
phantom:223,promoted_phantom,keep_phantom_extension,cluster survivor,95,396358.207,4647359.63,own_mark,directly_reviewed,burial_mound,candidate 223
phantom:224,promoted_phantom,keep_phantom_extension,cluster survivor,96,397616.201,4647324.257,own_mark,directly_reviewed,burial_mound,candidate 224
phantom:225,promoted_phantom,keep_phantom_extension,cluster survivor,97,397327.361,4647014.732,own_mark,directly_reviewed,burial_mound,candidate 225
phantom:226,promoted_phantom,keep_phantom_extension,cluster survivor,98,397617.489,4646970.87,own_mark,directly_reviewed,burial_mound,candidate 226
phantom:227,promoted_phantom,keep_phantom_extension,cluster survivor,99,404620.535,4643860.404,own_mark,directly_reviewed,trig_point_on_mound,candidate 227
phantom:228,promoted_phantom,keep_phantom_extension,cluster survivor,100,402704.218,4647559.608,own_mark,directly_reviewed,burial_mound,candidate 228
phantom:229,promoted_phantom,keep_phantom_extension,cluster survivor (index tiebreak),101,404645.695,4648124.768,own_mark,directly_reviewed,burial_mound,candidate 229
phantom:739,promoted_phantom,remove_duplicate,duplicate record of the cluster's mound,101,,,,,,survivor phantom:229
phantom:23,promoted_phantom,keep_phantom_extension,cluster survivor,102,453156.362,4701325.692,own_mark,directly_reviewed,burial_mound,candidate 23
phantom:230,promoted_phantom,keep_phantom_extension,cluster survivor,103,404566.615,4647719.918,own_mark,directly_reviewed,burial_mound,candidate 230
phantom:231,promoted_phantom,keep_phantom_extension,cluster survivor,104,405938.489,4647132.343,own_mark,directly_reviewed,bench_mark_on_mound,candidate 231
phantom:232,promoted_phantom,keep_phantom_extension,cluster survivor,105,409717.041,4649756.271,own_mark,directly_reviewed,burial_mound,candidate 232
phantom:233,promoted_phantom,keep_phantom_extension,cluster survivor,106,407991.65,4649413.68,own_mark,directly_reviewed,burial_mound,candidate 233
phantom:234,promoted_phantom,keep_phantom_extension,cluster survivor (index tiebreak),107,408046.145,4649071.926,own_mark,directly_reviewed,burial_mound,candidate 234
phantom:625,promoted_phantom,remove_duplicate,duplicate record of the cluster's mound,107,,,,,,survivor phantom:234
phantom:235,promoted_phantom,keep_phantom_extension,cluster survivor,108,407333.339,4649448.897,own_mark,directly_reviewed,burial_mound,candidate 235
phantom:236,promoted_phantom,keep_phantom_extension,cluster survivor,109,412662.027,4644807.287,own_mark,directly_reviewed,burial_mound,candidate 236
phantom:237,promoted_phantom,keep_phantom_extension,cluster survivor,110,412604.088,4644111.858,own_mark,directly_reviewed,burial_mound,candidate 237
phantom:239,promoted_phantom,keep_phantom_extension,cluster survivor,111,409871.444,4648788.992,own_mark,directly_reviewed,burial_mound,candidate 239
phantom:24,promoted_phantom,keep_phantom_extension,cluster survivor,112,468690.007,4711592.872,own_mark,directly_reviewed,burial_mound,candidate 24
phantom:240,promoted_phantom,keep_phantom_extension,cluster survivor,113,410335.115,4648611.143,own_mark,directly_reviewed,bench_mark_on_mound,candidate 240
phantom:241,promoted_phantom,keep_phantom_extension,cluster survivor,114,397555.53,4645944.926,own_mark,directly_reviewed,burial_mound,candidate 241
phantom:242,promoted_phantom,keep_phantom_extension,cluster survivor,115,411989.902,4648559.385,own_mark,directly_reviewed,burial_mound,candidate 242
phantom:243,promoted_phantom,keep_phantom_extension,cluster survivor,116,411892.563,4648093.577,own_mark,directly_reviewed,burial_mound,candidate 243
phantom:244,promoted_phantom,keep_phantom_extension,cluster survivor,117,394950.545,4641158.31,own_mark,directly_reviewed,burial_mound,candidate 244
phantom:245,promoted_phantom,keep_phantom_extension,cluster survivor,118,410338.278,4646896.978,own_mark,directly_reviewed,burial_mound,candidate 245
phantom:246,promoted_phantom,keep_phantom_extension,cluster survivor,119,413729.082,4648087.395,own_mark,directly_reviewed,burial_mound,candidate 246
phantom:247,promoted_phantom,keep_phantom_extension,cluster survivor,120,414532.044,4648090.27,own_mark,directly_reviewed,burial_mound,candidate 247
phantom:248,promoted_phantom,keep_phantom_extension,cluster survivor (index tiebreak),121,398100.563,4643509.18,own_mark,directly_reviewed,trig_point_on_mound,candidate 248
phantom:576,promoted_phantom,remove_duplicate,duplicate record of the cluster's mound,121,,,,,,survivor phantom:248
phantom:249,promoted_phantom,keep_phantom_extension,cluster survivor,122,399392.343,4643469.362,own_mark,directly_reviewed,bench_mark_on_mound,candidate 249
phantom:25,promoted_phantom,keep_phantom_extension,cluster survivor,123,468104.642,4711253.249,own_mark,directly_reviewed,burial_mound,candidate 25
phantom:250,promoted_phantom,keep_phantom_extension,cluster survivor,124,415390.633,4644384.877,own_mark,directly_reviewed,burial_mound,candidate 250
phantom:251,promoted_phantom,keep_phantom_extension,cluster survivor,125,416475.378,4643909.142,own_mark,directly_reviewed,bench_mark_on_mound,candidate 251
phantom:252,promoted_phantom,keep_phantom_extension,cluster survivor,126,413281.389,4649972.795,own_mark,directly_reviewed,burial_mound,candidate 252
phantom:253,promoted_phantom,keep_phantom_extension,cluster survivor,127,413692.859,4649744.325,own_mark,directly_reviewed,bench_mark_on_mound,candidate 253
phantom:254,promoted_phantom,keep_phantom_extension,cluster survivor,128,413910.383,4649585.76,own_mark,directly_reviewed,burial_mound,candidate 254
phantom:255,promoted_phantom,keep_phantom_extension,cluster survivor (index tiebreak),129,398238.0,4646785.269,own_mark,directly_reviewed,burial_mound,candidate 255
phantom:317,promoted_phantom,remove_duplicate,duplicate record of the cluster's mound,129,,,,,,survivor phantom:255
phantom:256,promoted_phantom,keep_phantom_extension,cluster survivor,130,398931.41,4646319.304,own_mark,directly_reviewed,trig_point_on_mound,candidate 256
phantom:257,promoted_phantom,keep_phantom_extension,cluster survivor,131,398143.844,4646171.521,own_mark,directly_reviewed,burial_mound,candidate 257
phantom:258,promoted_phantom,keep_phantom_extension,cluster survivor,132,399892.657,4644004.331,own_mark,directly_reviewed,bench_mark_on_mound,candidate 258
phantom:259,promoted_phantom,keep_phantom_extension,cluster survivor,133,414915.617,4648125.631,own_mark,directly_reviewed,bench_mark_on_mound,candidate 259
phantom:26,promoted_phantom,keep_phantom_extension,cluster survivor,134,468176.772,4711304.767,own_mark,directly_reviewed,burial_mound,candidate 26
phantom:260,promoted_phantom,keep_phantom_extension,cluster survivor,135,415326.08,4648198.228,own_mark,directly_reviewed,burial_mound,candidate 260
phantom:261,promoted_phantom,keep_phantom_extension,cluster survivor,136,400608.775,4643155.787,own_mark,directly_reviewed,burial_mound,candidate 261
phantom:262,promoted_phantom,keep_phantom_extension,cluster survivor,137,400680.798,4643094.972,own_mark,directly_reviewed,burial_mound,candidate 262
phantom:263,promoted_phantom,keep_phantom_extension,cluster survivor,138,400504.83,4648402.82,own_mark,directly_reviewed,burial_mound,candidate 263
phantom:265,promoted_phantom,keep_phantom_extension,cluster survivor,139,401641.347,4615071.481,own_mark,directly_reviewed,burial_mound,candidate 265
phantom:268,promoted_phantom,keep_phantom_extension,cluster survivor,140,418398.632,4633958.597,own_mark,directly_reviewed,trig_point_on_mound,candidate 268
phantom:269,promoted_phantom,keep_phantom_extension,cluster survivor,141,399373.272,4618109.949,own_mark,directly_reviewed,burial_mound,candidate 269
phantom:27,promoted_phantom,keep_phantom_extension,cluster survivor (index tiebreak),142,465646.238,4711428.854,own_mark,directly_reviewed,burial_mound,candidate 27
phantom:30,promoted_phantom,remove_duplicate,duplicate record of the cluster's mound,142,,,,,,survivor phantom:27
phantom:270,promoted_phantom,keep_phantom_extension,cluster survivor,143,417282.037,4636349.523,own_mark,directly_reviewed,bench_mark_on_mound,candidate 270
phantom:271,promoted_phantom,keep_phantom_extension,cluster survivor,144,428432.646,4642671.413,own_mark,directly_reviewed,burial_mound,candidate 271
phantom:272,promoted_phantom,keep_phantom_extension,cluster survivor,145,433115.345,4644845.249,own_mark,directly_reviewed,bench_mark_on_mound,candidate 272
phantom:273,promoted_phantom,keep_phantom_extension,cluster survivor,146,436544.959,4635112.009,own_mark,directly_reviewed,burial_mound,candidate 273
phantom:274,promoted_phantom,keep_phantom_extension,cluster survivor,147,437258.891,4644292.783,own_mark,directly_reviewed,burial_mound,candidate 274
phantom:275,promoted_phantom,keep_phantom_extension,cluster survivor,148,438301.546,4642773.163,own_mark,directly_reviewed,bench_mark_on_mound,candidate 275
phantom:276,promoted_phantom,keep_phantom_extension,cluster survivor,149,438715.16,4634523.961,own_mark,directly_reviewed,bench_mark_on_mound,candidate 276
phantom:277,promoted_phantom,keep_phantom_extension,cluster survivor,150,439195.292,4640380.019,own_mark,directly_reviewed,burial_mound,candidate 277
phantom:278,promoted_phantom,keep_phantom_extension,cluster survivor,151,444873.363,4634605.479,own_mark,directly_reviewed,bench_mark_on_mound,candidate 278
phantom:279,promoted_phantom,keep_phantom_extension,cluster survivor,152,438540.324,4634879.347,own_mark,directly_reviewed,burial_mound,candidate 279
phantom:28,promoted_phantom,keep_phantom_extension,cluster survivor,153,460055.891,4719080.717,own_mark,directly_reviewed,settlement_mound,candidate 28
phantom:280,promoted_phantom,keep_phantom_extension,cluster survivor,154,443755.908,4643223.711,own_mark,directly_reviewed,burial_mound,candidate 280
phantom:281,promoted_phantom,keep_phantom_extension,cluster survivor,155,438160.799,4643978.298,own_mark,directly_reviewed,burial_mound,candidate 281
phantom:282,promoted_phantom,keep_phantom_extension,cluster survivor,156,437968.586,4643263.389,own_mark,directly_reviewed,burial_mound,candidate 282
phantom:283,promoted_phantom,keep_phantom_extension,cluster survivor (index tiebreak),157,437878.88,4643208.041,own_mark,directly_reviewed,burial_mound,candidate 283
phantom:585,promoted_phantom,remove_duplicate,duplicate record of the cluster's mound,157,,,,,,survivor phantom:283
phantom:669,promoted_phantom,remove_duplicate,duplicate record of the cluster's mound,157,,,,,,survivor phantom:283
phantom:284,promoted_phantom,keep_phantom_extension,cluster survivor,158,443909.306,4635331.301,own_mark,directly_reviewed,burial_mound,candidate 284
phantom:285,promoted_phantom,keep_phantom_extension,cluster survivor,159,443939.352,4634514.191,own_mark,directly_reviewed,burial_mound,candidate 285
phantom:286,promoted_phantom,keep_phantom_extension,cluster survivor,160,442757.643,4634439.73,own_mark,directly_reviewed,burial_mound,candidate 286
phantom:287,promoted_phantom,keep_phantom_extension,cluster survivor (index tiebreak),161,449608.073,4632047.28,own_mark,directly_reviewed,burial_mound,candidate 287
phantom:293,promoted_phantom,remove_duplicate,duplicate record of the cluster's mound,161,,,,,,survivor phantom:287
phantom:288,promoted_phantom,keep_phantom_extension,cluster survivor,162,449471.782,4632221.941,own_mark,directly_reviewed,burial_mound,candidate 288
phantom:289,promoted_phantom,keep_phantom_extension,cluster survivor,163,445995.392,4631960.031,own_mark,directly_reviewed,burial_mound,candidate 289
phantom:29,promoted_phantom,keep_phantom_extension,cluster survivor,164,465760.732,4708488.705,own_mark,directly_reviewed,bench_mark_on_mound,candidate 29
phantom:290,promoted_phantom,keep_phantom_extension,cluster survivor (index tiebreak),165,453590.639,4632976.535,own_mark,directly_reviewed,burial_mound,candidate 290
phantom:291,promoted_phantom,remove_duplicate,duplicate record of the cluster's mound,165,,,,,,survivor phantom:290
phantom:292,promoted_phantom,keep_phantom_extension,cluster survivor,166,446643.31,4634839.65,own_mark,directly_reviewed,burial_mound,candidate 292
phantom:294,promoted_phantom,keep_phantom_extension,cluster survivor (index tiebreak),167,452138.244,4631675.512,own_mark,directly_reviewed,burial_mound,candidate 294
phantom:586,promoted_phantom,remove_duplicate,duplicate record of the cluster's mound,167,,,,,,survivor phantom:294
phantom:295,promoted_phantom,keep_phantom_extension,cluster survivor (index tiebreak),168,425754.606,4624688.591,own_mark,directly_reviewed,trig_point_on_mound,candidate 295
phantom:399,promoted_phantom,remove_duplicate,duplicate record of the cluster's mound,168,,,,,,survivor phantom:295
phantom:671,promoted_phantom,remove_duplicate,duplicate record of the cluster's mound,168,,,,,,survivor phantom:295
phantom:296,promoted_phantom,keep_phantom_extension,cluster survivor,169,425673.278,4624620.229,own_mark,directly_reviewed,burial_mound,candidate 296
phantom:297,promoted_phantom,keep_phantom_extension,cluster survivor,170,425902.463,4628671.117,own_mark,directly_reviewed,burial_mound,candidate 297
phantom:298,promoted_phantom,keep_phantom_extension,cluster survivor,171,426622.89,4628530.61,own_mark,directly_reviewed,burial_mound,candidate 298
phantom:299,promoted_phantom,keep_phantom_extension,cluster survivor,172,440718.566,4634117.278,own_mark,directly_reviewed,burial_mound,candidate 299
phantom:300,promoted_phantom,keep_phantom_extension,cluster survivor,173,439877.43,4633941.741,own_mark,directly_reviewed,burial_mound,candidate 300
phantom:301,promoted_phantom,keep_phantom_extension,cluster survivor,174,424087.015,4624532.247,own_mark,directly_reviewed,bench_mark_on_mound,candidate 301
phantom:302,promoted_phantom,keep_phantom_extension,cluster survivor,175,425267.986,4620729.276,own_mark,directly_reviewed,burial_mound,candidate 302
phantom:303,promoted_phantom,keep_phantom_extension,cluster survivor,176,424404.741,4620657.602,own_mark,directly_reviewed,burial_mound,candidate 303
phantom:304,promoted_phantom,keep_phantom_extension,cluster survivor (index tiebreak),177,425217.741,4620838.837,own_mark,directly_reviewed,burial_mound,candidate 304
phantom:587,promoted_phantom,remove_duplicate,duplicate record of the cluster's mound,177,,,,,,survivor phantom:304
phantom:305,promoted_phantom,keep_phantom_extension,cluster survivor,178,440076.093,4632523.424,own_mark,directly_reviewed,burial_mound,candidate 305
phantom:306,promoted_phantom,keep_phantom_extension,cluster survivor,179,446584.263,4630518.162,own_mark,directly_reviewed,bench_mark_on_mound,candidate 306
phantom:307,promoted_phantom,keep_phantom_extension,cluster survivor,180,420523.018,4616678.411,own_mark,directly_reviewed,burial_mound,candidate 307
phantom:310,promoted_phantom,keep_phantom_extension,cluster survivor,181,437345.396,4719372.586,own_mark,directly_reviewed,burial_mound,candidate 310
phantom:311,promoted_phantom,keep_phantom_extension,cluster survivor,182,512892.528,4710289.011,own_mark,directly_reviewed,trig_point_on_mound,candidate 311
phantom:312,promoted_phantom,keep_phantom_extension,cluster survivor,183,325224.04,4658385.47,own_mark,directly_reviewed,burial_mound,candidate 312
student:2667,corrected_student,keep_student,cluster survivor,184,414622.662,4676808.811,claimant_mark,proxy_confirmed,,
phantom:314,promoted_phantom,remove_duplicate,prefer the student record over the phantom,184,,,,,,survivor student:2667
phantom:688,promoted_phantom,remove_duplicate,prefer the student record over the phantom,184,,,,,,survivor student:2667
phantom:751,promoted_phantom,remove_duplicate,prefer the student record over the phantom,184,,,,,,survivor student:2667
phantom:316,promoted_phantom,keep_phantom_extension,cluster survivor,185,338792.225,4644949.038,own_mark,directly_reviewed,burial_mound,candidate 316
phantom:318,promoted_phantom,keep_phantom_extension,cluster survivor,186,416930.521,4632106.048,own_mark,directly_reviewed,bench_mark_on_mound,candidate 318
phantom:32,promoted_phantom,keep_phantom_extension,cluster survivor,187,471685.405,4711863.946,own_mark,directly_reviewed,bench_mark_on_mound,candidate 32
phantom:320,promoted_phantom,keep_phantom_extension,cluster survivor,188,381117.69,4688525.879,own_mark,directly_reviewed,burial_mound,candidate 320
student:3165,corrected_student,keep_student,cluster survivor,189,458002.184,4659889.417,claimant_mark,proxy_confirmed,,
phantom:322,promoted_phantom,remove_duplicate,prefer the student record over the phantom,189,,,,,,survivor student:3165
phantom:539,promoted_phantom,remove_duplicate,prefer the student record over the phantom,189,,,,,,survivor student:3165
phantom:323,promoted_phantom,keep_phantom_extension,cluster survivor,190,336237.615,4696958.962,own_mark,directly_reviewed,burial_mound,candidate 323
phantom:326,promoted_phantom,keep_phantom_extension,cluster survivor,191,395306.631,4694096.234,own_mark,directly_reviewed,burial_mound,candidate 326
student:918,corrected_student,keep_student,cluster survivor,192,471904.813,4722062.092,claimant_mark,proxy_confirmed,,
phantom:33,promoted_phantom,remove_duplicate,prefer the student record over the phantom,192,,,,,,survivor student:918
phantom:333,promoted_phantom,keep_phantom_extension,cluster survivor,193,484723.137,4710575.974,own_mark,directly_reviewed,bench_mark_on_mound,candidate 333
student:1097,corrected_student,keep_student,cluster survivor,194,488678.172,4705441.678,claimant_mark,proxy_confirmed,,
phantom:335,promoted_phantom,remove_duplicate,prefer the student record over the phantom,194,,,,,,survivor student:1097
phantom:338,promoted_phantom,keep_phantom_extension,cluster survivor,195,492755.032,4722158.373,own_mark,directly_reviewed,burial_mound,candidate 338
phantom:34,promoted_phantom,keep_phantom_extension,cluster survivor,196,476546.112,4715053.704,own_mark,directly_reviewed,burial_mound,candidate 34
phantom:345,promoted_phantom,keep_phantom_extension,cluster survivor,197,525847.055,4714064.903,own_mark,directly_reviewed,settlement_mound,candidate 345
phantom:349,promoted_phantom,keep_phantom_extension,cluster survivor,198,321989.415,4658700.697,own_mark,directly_reviewed,burial_mound,candidate 349
student:884,corrected_student,keep_student,cluster survivor,199,440533.703,4689081.064,claimant_mark,proxy_confirmed,,
phantom:35,promoted_phantom,remove_duplicate,prefer the student record over the phantom,199,,,,,,survivor student:884
phantom:352,promoted_phantom,keep_phantom_extension,cluster survivor,200,347224.885,4684879.948,own_mark,directly_reviewed,burial_mound,candidate 352
phantom:705,promoted_phantom,remove_duplicate,duplicate record of the cluster's mound,200,,,,,,survivor phantom:352
phantom:36,promoted_phantom,keep_phantom_extension,cluster survivor,201,478812.588,4711065.324,own_mark,directly_reviewed,burial_mound,candidate 36
phantom:363,promoted_phantom,keep_phantom_extension,cluster survivor,202,388297.894,4672090.202,own_mark,directly_reviewed,bench_mark_on_mound,candidate 363
phantom:366,promoted_phantom,keep_phantom_extension,cluster survivor,203,385792.015,4677540.541,own_mark,directly_reviewed,bench_mark_on_mound,candidate 366
phantom:367,promoted_phantom,keep_phantom_extension,cluster survivor,204,344438.238,4683214.004,own_mark,directly_reviewed,burial_mound,candidate 367
student:2832,corrected_student,keep_student,cluster survivor,205,404683.873,4665420.503,claimant_mark,proxy_confirmed,,
phantom:369,promoted_phantom,remove_duplicate,prefer the student record over the phantom,205,,,,,,survivor student:2832
phantom:37,promoted_phantom,keep_phantom_extension,cluster survivor,206,478454.074,4715711.631,own_mark,directly_reviewed,bench_mark_on_mound,candidate 37
phantom:370,promoted_phantom,keep_phantom_extension,cluster survivor,207,399886.533,4654811.088,own_mark,directly_reviewed,bench_mark_on_mound,candidate 370
phantom:374,promoted_phantom,keep_phantom_extension,cluster survivor,208,482675.117,4675210.937,own_mark,directly_reviewed,trig_point_on_mound,candidate 374
phantom:38,promoted_phantom,keep_phantom_extension,cluster survivor,209,475073.959,4713835.166,own_mark,directly_reviewed,bench_mark_on_mound,candidate 38
student:3798,corrected_student,keep_student,cluster survivor,210,516613.082,4664311.96,claimant_mark,proxy_confirmed,,
phantom:380,promoted_phantom,remove_duplicate,prefer the student record over the phantom,210,,,,,,survivor student:3798
phantom:384,promoted_phantom,keep_phantom_extension,cluster survivor,211,528585.443,4658916.949,own_mark,directly_reviewed,burial_mound,candidate 384
phantom:386,promoted_phantom,keep_phantom_extension,cluster survivor,212,537816.815,4658876.76,own_mark,directly_reviewed,burial_mound,candidate 386
phantom:388,promoted_phantom,keep_phantom_extension,cluster survivor (index tiebreak),213,359434.534,4637053.096,own_mark,directly_reviewed,burial_mound,candidate 388
phantom:754,promoted_phantom,remove_duplicate,duplicate record of the cluster's mound,213,,,,,,survivor phantom:388
superseded:46,superseded_premerge,restore_premerge,cluster survivor,214,363612.922,4632138.718,claimant_mark,proxy_confirmed,,
phantom:389,promoted_phantom,remove_duplicate,prefer the student record over the phantom,214,,,,,,survivor superseded:46
phantom:39,promoted_phantom,keep_phantom_extension,cluster survivor,215,462771.778,4714354.838,own_mark,directly_reviewed,bench_mark_on_mound,candidate 39
phantom:391,promoted_phantom,keep_phantom_extension,cluster survivor,216,403553.899,4643666.327,own_mark,directly_reviewed,burial_mound,candidate 391
phantom:392,promoted_phantom,keep_phantom_extension,cluster survivor,217,404620.242,4647145.988,own_mark,directly_reviewed,burial_mound,candidate 392
student:4385,corrected_student,keep_student,cluster survivor,218,414800.319,4633430.898,claimant_mark,proxy_confirmed,,
phantom:393,promoted_phantom,remove_duplicate,prefer the student record over the phantom,218,,,,,,survivor student:4385
phantom:394,promoted_phantom,keep_phantom_extension,cluster survivor,219,388873.646,4624586.205,own_mark,directly_reviewed,bench_mark_on_mound,candidate 394
phantom:396,promoted_phantom,keep_phantom_extension,cluster survivor,220,431051.025,4632173.042,own_mark,directly_reviewed,burial_mound,candidate 396
phantom:397,promoted_phantom,keep_phantom_extension,cluster survivor,221,434299.66,4640951.127,own_mark,directly_reviewed,burial_mound,candidate 397
phantom:398,promoted_phantom,keep_phantom_extension,cluster survivor,222,424922.874,4628986.844,own_mark,directly_reviewed,burial_mound,candidate 398
phantom:40,promoted_phantom,keep_phantom_extension,cluster survivor,223,480243.039,4705849.066,own_mark,directly_reviewed,burial_mound,candidate 40
phantom:400,promoted_phantom,keep_phantom_extension,cluster survivor,224,431142.697,4628546.719,own_mark,directly_reviewed,burial_mound,candidate 400
student:1763,corrected_student,keep_student,cluster survivor,225,325066.298,4670065.156,claimant_mark,proxy_confirmed,,
phantom:404,promoted_phantom,remove_duplicate,prefer the student record over the phantom,225,,,,,,survivor student:1763
phantom:41,promoted_phantom,keep_phantom_extension,cluster survivor,226,488908.104,4716908.26,own_mark,directly_reviewed,burial_mound,candidate 41
student:695,corrected_student,keep_student,cluster survivor,227,457097.544,4722717.927,claimant_mark,proxy_confirmed,,
phantom:413,promoted_phantom,remove_duplicate,prefer the student record over the phantom,227,,,,,,survivor student:695
phantom:42,promoted_phantom,keep_phantom_extension,cluster survivor,228,492476.912,4721580.54,own_mark,directly_reviewed,burial_mound,candidate 42
phantom:421,promoted_phantom,keep_phantom_extension,cluster survivor,229,320853.045,4655258.839,own_mark,directly_reviewed,burial_mound,candidate 421
phantom:423,promoted_phantom,keep_phantom_extension,cluster survivor,230,371875.55,4682256.012,own_mark,directly_reviewed,settlement_mound,candidate 423
student:2092,corrected_student,keep_student,cluster survivor,231,373509.883,4684959.788,claimant_mark,proxy_confirmed,,
phantom:425,promoted_phantom,remove_duplicate,prefer the student record over the phantom,231,,,,,,survivor student:2092
phantom:429,promoted_phantom,keep_phantom_extension,cluster survivor,232,367501.606,4658899.518,own_mark,directly_reviewed,burial_mound,candidate 429
phantom:43,promoted_phantom,keep_phantom_extension,cluster survivor (index tiebreak),233,492762.042,4721949.035,own_mark,directly_reviewed,burial_mound,candidate 43
phantom:596,promoted_phantom,remove_duplicate,duplicate record of the cluster's mound,233,,,,,,survivor phantom:43
student:2632,corrected_student,keep_student,cluster survivor,234,396108.477,4669580.705,claimant_mark,proxy_confirmed,,
phantom:432,promoted_phantom,remove_duplicate,prefer the student record over the phantom,234,,,,,,survivor student:2632
phantom:433,promoted_phantom,keep_phantom_extension,cluster survivor,235,394783.708,4670810.825,own_mark,directly_reviewed,burial_mound,candidate 433
phantom:434,promoted_phantom,keep_phantom_extension,cluster survivor,236,376654.785,4662486.444,own_mark,directly_reviewed,trig_point_on_mound,candidate 434
phantom:436,promoted_phantom,keep_phantom_extension,cluster survivor,237,427821.584,4680062.929,own_mark,directly_reviewed,burial_mound,candidate 436
phantom:438,promoted_phantom,keep_phantom_extension,cluster survivor (index tiebreak),238,481220.78,4677726.16,own_mark,directly_reviewed,burial_mound,candidate 438
phantom:674,promoted_phantom,remove_duplicate,duplicate record of the cluster's mound,238,,,,,,survivor phantom:438
phantom:445,promoted_phantom,keep_phantom_extension,cluster survivor,239,521418.885,4667062.81,own_mark,directly_reviewed,burial_mound,candidate 445
phantom:447,promoted_phantom,keep_phantom_extension,cluster survivor,240,531025.635,4657347.245,own_mark,directly_reviewed,burial_mound,candidate 447
phantom:45,promoted_phantom,keep_phantom_extension,cluster survivor,241,492426.723,4720262.29,own_mark,directly_reviewed,burial_mound,candidate 45
phantom:450,promoted_phantom,keep_phantom_extension,cluster survivor,242,353986.585,4627516.54,own_mark,directly_reviewed,burial_mound,candidate 450
phantom:458,promoted_phantom,keep_phantom_extension,cluster survivor,243,406157.294,4643423.343,own_mark,directly_reviewed,burial_mound,candidate 458
phantom:46,promoted_phantom,keep_phantom_extension,cluster survivor,244,492064.523,4720372.109,own_mark,directly_reviewed,trig_point_on_mound,candidate 46
student:90,corrected_student,keep_student,cluster survivor,245,328004.489,4697540.383,claimant_mark,proxy_confirmed,,
phantom:460,promoted_phantom,remove_duplicate,prefer the student record over the phantom,245,,,,,,survivor student:90
student:35,corrected_student,keep_student,cluster survivor,246,319362.54,4704136.181,claimant_mark,proxy_confirmed,,
phantom:461,promoted_phantom,remove_duplicate,prefer the student record over the phantom,246,,,,,,survivor student:35
student:273,corrected_student,keep_student,cluster survivor,247,350245.352,4694941.617,claimant_mark,proxy_confirmed,,
phantom:463,promoted_phantom,remove_duplicate,prefer the student record over the phantom,247,,,,,,survivor student:273
student:331,corrected_student,keep_student,cluster survivor,248,354666.907,4688618.837,claimant_mark,proxy_confirmed,,
phantom:465,promoted_phantom,remove_duplicate,prefer the student record over the phantom,248,,,,,,survivor student:331
student:364,corrected_student,keep_student,cluster survivor,249,357602.654,4695997.431,claimant_mark,proxy_confirmed,,
phantom:470,promoted_phantom,remove_duplicate,prefer the student record over the phantom,249,,,,,,survivor student:364
phantom:48,promoted_phantom,keep_phantom_extension,cluster survivor,250,491779.824,4707722.983,own_mark,directly_reviewed,burial_mound,candidate 48
student:727,corrected_student,keep_student,cluster survivor,251,457747.735,4717542.558,claimant_mark,proxy_confirmed,,
phantom:480,promoted_phantom,remove_duplicate,prefer the student record over the phantom,251,,,,,,survivor student:727
student:1030,corrected_student,keep_student,cluster survivor,252,470675.108,4706904.632,claimant_mark,proxy_confirmed,,
phantom:483,promoted_phantom,remove_duplicate,prefer the student record over the phantom,252,,,,,,survivor student:1030
student:915,corrected_student,keep_student,cluster survivor,253,477660.742,4722022.739,claimant_mark,proxy_confirmed,,
phantom:486,promoted_phantom,remove_duplicate,prefer the student record over the phantom,253,,,,,,survivor student:915
student:1248,corrected_student,keep_student,cluster survivor,254,468103.309,4690384.271,claimant_mark,proxy_confirmed,,
phantom:489,promoted_phantom,remove_duplicate,prefer the student record over the phantom,254,,,,,,survivor student:1248
student:1385,corrected_student,keep_student,cluster survivor,255,515192.342,4719036.191,claimant_mark,proxy_confirmed,,
phantom:493,promoted_phantom,remove_duplicate,prefer the student record over the phantom,255,,,,,,survivor student:1385
student:1660,corrected_student,keep_student,cluster survivor,256,505275.855,4688815.627,claimant_mark,proxy_confirmed,,
phantom:499,promoted_phantom,remove_duplicate,prefer the student record over the phantom,256,,,,,,survivor student:1660
student:1623,corrected_student,keep_student,cluster survivor,257,506632.896,4694534.493,claimant_mark,proxy_confirmed,,
phantom:502,promoted_phantom,remove_duplicate,prefer the student record over the phantom,257,,,,,,survivor student:1623
student:1496,corrected_student,keep_student,cluster survivor,258,530424.729,4718643.434,claimant_mark,proxy_confirmed,,
phantom:503,promoted_phantom,remove_duplicate,prefer the student record over the phantom,258,,,,,,survivor student:1496
student:1731,corrected_student,keep_student,cluster survivor,259,523955.998,4690306.997,claimant_mark,proxy_confirmed,,
phantom:505,promoted_phantom,remove_duplicate,prefer the student record over the phantom,259,,,,,,survivor student:1731
student:1754,corrected_student,keep_student,cluster survivor,260,553610.934,4694937.664,claimant_mark,proxy_confirmed,,
phantom:508,promoted_phantom,remove_duplicate,prefer the student record over the phantom,260,,,,,,survivor student:1754
phantom:51,promoted_phantom,keep_phantom_extension,cluster survivor,261,467052.699,4698758.259,own_mark,directly_reviewed,trig_point_on_mound,candidate 51
phantom:512,promoted_phantom,keep_phantom_extension,cluster survivor (index tiebreak),262,335810.618,4677815.424,own_mark,directly_reviewed,burial_mound,candidate 512
phantom:642,promoted_phantom,remove_duplicate,duplicate record of the cluster's mound,262,,,,,,survivor phantom:512
phantom:737,promoted_phantom,remove_duplicate,duplicate record of the cluster's mound,262,,,,,,survivor phantom:512
student:2131,corrected_student,keep_student,cluster survivor,263,356286.037,4683318.417,claimant_mark,proxy_confirmed,,
phantom:518,promoted_phantom,remove_duplicate,prefer the student record over the phantom,263,,,,,,survivor student:2131
student:2223,corrected_student,keep_student,cluster survivor,264,366973.251,4676874.878,claimant_mark,proxy_confirmed,,
phantom:519,promoted_phantom,remove_duplicate,prefer the student record over the phantom,264,,,,,,survivor student:2223
phantom:52,promoted_phantom,keep_phantom_extension,cluster survivor,265,468491.067,4703669.663,own_mark,directly_reviewed,settlement_mound,candidate 52
student:2264,corrected_student,keep_student,cluster survivor,266,357250.651,4669929.888,claimant_mark,proxy_confirmed,,
phantom:520,promoted_phantom,remove_duplicate,prefer the student record over the phantom,266,,,,,,survivor student:2264
student:2498,corrected_student,keep_student,cluster survivor,267,374174.938,4652904.454,claimant_mark,proxy_confirmed,,
phantom:527,promoted_phantom,remove_duplicate,prefer the student record over the phantom,267,,,,,,survivor student:2498
student:2729,corrected_student,keep_student,cluster survivor,268,390021.015,4661092.805,claimant_mark,proxy_confirmed,,
phantom:529,promoted_phantom,remove_duplicate,prefer the student record over the phantom,268,,,,,,survivor student:2729
phantom:53,promoted_phantom,keep_phantom_extension,cluster survivor,269,464100.964,4698942.76,own_mark,directly_reviewed,bench_mark_on_mound,candidate 53
student:2981,corrected_student,keep_student,cluster survivor,270,442785.675,4686223.746,claimant_mark,proxy_confirmed,,
phantom:537,promoted_phantom,remove_duplicate,prefer the student record over the phantom,270,,,,,,survivor student:2981
student:3099,corrected_student,keep_student,cluster survivor,271,418881.66,4665359.283,claimant_mark,proxy_confirmed,,
phantom:538,promoted_phantom,remove_duplicate,prefer the student record over the phantom,271,,,,,,survivor student:3099
phantom:54,promoted_phantom,keep_phantom_extension,cluster survivor,272,471456.834,4688247.975,own_mark,directly_reviewed,trig_point_on_mound,candidate 54
student:3215,corrected_student,keep_student,cluster survivor,273,467166.532,4685199.418,claimant_mark,proxy_confirmed,,
phantom:540,promoted_phantom,remove_duplicate,prefer the student record over the phantom,273,,,,,,survivor student:3215
student:3370,corrected_student,keep_student,cluster survivor,274,486219.947,4683538.779,claimant_mark,proxy_confirmed,,
phantom:543,promoted_phantom,remove_duplicate,prefer the student record over the phantom,274,,,,,,survivor student:3370
student:3389,corrected_student,keep_student,cluster survivor,275,499723.122,4675712.355,claimant_mark,proxy_confirmed,,
phantom:546,promoted_phantom,remove_duplicate,prefer the student record over the phantom,275,,,,,,survivor student:3389
student:3577,corrected_student,keep_student,cluster survivor,276,487853.579,4658086.072,own_mark,directly_reviewed,burial_mound,
phantom:549,promoted_phantom,remove_duplicate,prefer the student record over the phantom,276,,,,,,survivor student:3577
phantom:722,promoted_phantom,remove_duplicate,prefer the student record over the phantom,276,,,,,,survivor student:3577
student:3643,corrected_student,keep_student,cluster survivor,277,508295.664,4673202.328,claimant_mark,proxy_confirmed,,
phantom:552,promoted_phantom,remove_duplicate,prefer the student record over the phantom,277,,,,,,survivor student:3643
student:3698,corrected_student,keep_student,cluster survivor,278,531066.458,4676598.409,claimant_mark,proxy_confirmed,,
phantom:553,promoted_phantom,remove_duplicate,prefer the student record over the phantom,278,,,,,,survivor student:3698
student:3766,corrected_student,keep_student,cluster survivor,279,537405.491,4669974.271,claimant_mark,proxy_confirmed,,
phantom:554,promoted_phantom,remove_duplicate,prefer the student record over the phantom,279,,,,,,survivor student:3766
student:3837,corrected_student,keep_student,cluster survivor,280,531230.614,4664263.309,claimant_mark,proxy_confirmed,,
phantom:559,promoted_phantom,remove_duplicate,prefer the student record over the phantom,280,,,,,,survivor student:3837
phantom:56,promoted_phantom,keep_phantom_extension,cluster survivor,281,475829.358,4711753.596,own_mark,directly_reviewed,burial_mound,candidate 56
student:3806,corrected_student,keep_student,cluster survivor,282,504997.623,4662201.412,claimant_mark,proxy_confirmed,,
phantom:561,promoted_phantom,remove_duplicate,prefer the student record over the phantom,282,,,,,,survivor student:3806
student:1266,corrected_student,keep_student,cluster survivor,283,485607.559,4703385.903,claimant_mark,proxy_confirmed,,
phantom:57,promoted_phantom,remove_duplicate,prefer the student record over the phantom,283,,,,,,survivor student:1266
phantom:58,promoted_phantom,remove_duplicate,prefer the student record over the phantom,283,,,,,,survivor student:1266
phantom:490,promoted_phantom,remove_duplicate,prefer the student record over the phantom,283,,,,,,survivor student:1266
student:4331,corrected_student,keep_student,cluster survivor,284,383898.785,4644754.778,claimant_mark,proxy_confirmed,,
phantom:571,promoted_phantom,remove_duplicate,prefer the student record over the phantom,284,,,,,,survivor student:4331
student:4254,corrected_student,keep_student,cluster survivor,285,390637.658,4633654.702,claimant_mark,proxy_confirmed,,
phantom:575,promoted_phantom,remove_duplicate,prefer the student record over the phantom,285,,,,,,survivor student:4254
student:4485,corrected_student,keep_student,cluster survivor,286,409643.078,4625928.589,claimant_mark,proxy_confirmed,,
phantom:581,promoted_phantom,remove_duplicate,prefer the student record over the phantom,286,,,,,,survivor student:4485
student:4562,corrected_student,keep_student,cluster survivor,287,437391.004,4644905.799,claimant_mark,proxy_confirmed,,
phantom:584,promoted_phantom,remove_duplicate,prefer the student record over the phantom,287,,,,,,survivor student:4562
student:4736,corrected_student,keep_student,cluster survivor,288,444316.358,4625310.08,claimant_mark,proxy_confirmed,,
phantom:588,promoted_phantom,remove_duplicate,prefer the student record over the phantom,288,,,,,,survivor student:4736
phantom:59,promoted_phantom,keep_phantom_extension,cluster survivor,289,494607.523,4688143.009,own_mark,directly_reviewed,trig_point_on_mound,candidate 59
student:634,corrected_student,keep_student,cluster survivor,290,429672.789,4720660.287,claimant_mark,proxy_confirmed,,
phantom:590,promoted_phantom,remove_duplicate,prefer the student record over the phantom,290,,,,,,survivor student:634
student:1069,corrected_student,keep_student,cluster survivor,291,484319.758,4718208.06,claimant_mark,proxy_confirmed,,
phantom:594,promoted_phantom,remove_duplicate,prefer the student record over the phantom,291,,,,,,survivor student:1069
student:1587,corrected_student,keep_student,cluster survivor,292,511867.694,4698801.848,claimant_mark,proxy_confirmed,,
phantom:602,promoted_phantom,remove_duplicate,prefer the student record over the phantom,292,,,,,,survivor student:1587
student:2005,corrected_student,keep_student,cluster survivor,293,347380.924,4674963.264,claimant_mark,proxy_confirmed,,
phantom:608,promoted_phantom,remove_duplicate,prefer the student record over the phantom,293,,,,,,survivor student:2005
student:1448,corrected_student,keep_student,cluster survivor,294,503021.668,4709774.622,claimant_mark,proxy_confirmed,,
phantom:61,promoted_phantom,remove_duplicate,prefer the student record over the phantom,294,,,,,,survivor student:1448
student:2274,corrected_student,keep_student,cluster survivor,295,367604.457,4669989.176,claimant_mark,proxy_confirmed,,
phantom:610,promoted_phantom,remove_duplicate,prefer the student record over the phantom,295,,,,,,survivor student:2274
student:2420,corrected_student,keep_student,cluster survivor,296,361581.133,4665915.901,claimant_mark,proxy_confirmed,,
phantom:612,promoted_phantom,remove_duplicate,prefer the student record over the phantom,296,,,,,,survivor student:2420
student:3586,corrected_student,keep_student,cluster survivor,297,495984.444,4655257.324,claimant_mark,proxy_confirmed,,
phantom:616,promoted_phantom,remove_duplicate,prefer the student record over the phantom,297,,,,,,survivor student:3586
phantom:62,promoted_phantom,keep_phantom_extension,cluster survivor,298,526432.63,4715367.687,own_mark,directly_reviewed,settlement_mound,candidate 62
student:4369,corrected_student,keep_student,cluster survivor,299,408192.503,4636785.047,claimant_mark,proxy_confirmed,,
phantom:624,promoted_phantom,remove_duplicate,prefer the student record over the phantom,299,,,,,,survivor student:4369
student:744,corrected_student,keep_student,cluster survivor,300,455465.706,4713781.198,claimant_mark,proxy_confirmed,,
phantom:627,promoted_phantom,remove_duplicate,prefer the student record over the phantom,300,,,,,,survivor student:744
phantom:63,promoted_phantom,keep_phantom_extension,cluster survivor,301,532878.217,4718206.076,own_mark,directly_reviewed,settlement_mound,candidate 63
student:4533,corrected_student,keep_student,cluster survivor,302,429457.833,4634943.518,claimant_mark,proxy_confirmed,,
phantom:633,promoted_phantom,remove_duplicate,prefer the student record over the phantom,302,,,,,,survivor student:4533
student:118,corrected_student,keep_student,cluster survivor,303,316348.72,4696685.417,claimant_mark,proxy_confirmed,,
phantom:634,promoted_phantom,remove_duplicate,prefer the student record over the phantom,303,,,,,,survivor student:118
student:705,corrected_student,keep_student,cluster survivor,304,450917.371,4721057.218,claimant_mark,proxy_confirmed,,
phantom:635,promoted_phantom,remove_duplicate,prefer the student record over the phantom,304,,,,,,survivor student:705
student:726,corrected_student,keep_student,cluster survivor,305,452887.954,4717353.746,claimant_mark,proxy_confirmed,,
phantom:636,promoted_phantom,remove_duplicate,prefer the student record over the phantom,305,,,,,,survivor student:726
student:1273,corrected_student,keep_student,cluster survivor,306,494324.41,4703859.104,claimant_mark,proxy_confirmed,,
phantom:638,promoted_phantom,remove_duplicate,prefer the student record over the phantom,306,,,,,,survivor student:1273
student:1695,corrected_student,keep_student,cluster survivor,307,536961.539,4696426.739,claimant_mark,proxy_confirmed,,
phantom:639,promoted_phantom,remove_duplicate,prefer the student record over the phantom,307,,,,,,survivor student:1695
phantom:640,promoted_phantom,keep_phantom_extension,cluster survivor,308,525311.634,4698002.081,own_mark,directly_reviewed,burial_mound,candidate 640
student:3237,corrected_student,keep_student,cluster survivor,309,468046.09,4681506.048,claimant_mark,proxy_confirmed,,
phantom:643,promoted_phantom,remove_duplicate,prefer the student record over the phantom,309,,,,,,survivor student:3237
student:3245,corrected_student,keep_student,cluster survivor,310,469286.722,4682175.602,claimant_mark,proxy_confirmed,,
phantom:644,promoted_phantom,remove_duplicate,prefer the student record over the phantom,310,,,,,,survivor student:3245
phantom:647,promoted_phantom,keep_phantom_extension,cluster survivor,311,530271.287,4664238.896,own_mark,directly_reviewed,burial_mound,candidate 647
student:3905,corrected_student,keep_student,cluster survivor,312,304163.999,4637385.582,claimant_mark,proxy_confirmed,,
phantom:648,promoted_phantom,remove_duplicate,prefer the student record over the phantom,312,,,,,,survivor student:3905
student:4130,corrected_student,keep_student,cluster survivor,313,372770.325,4636070.457,claimant_mark,proxy_confirmed,,
phantom:649,promoted_phantom,remove_duplicate,prefer the student record over the phantom,313,,,,,,survivor student:4130
phantom:652,promoted_phantom,keep_phantom_extension,cluster survivor,314,443247.438,4634446.631,own_mark,directly_reviewed,burial_mound,candidate 652
phantom:655,promoted_phantom,keep_phantom_extension,cluster survivor,315,458671.924,4708109.857,own_mark,directly_reviewed,burial_mound,candidate 655
phantom:656,promoted_phantom,keep_phantom_extension,cluster survivor,316,458238.774,4697189.854,own_mark,directly_reviewed,trig_point_on_mound,candidate 656
student:1063,corrected_student,keep_student,cluster survivor,317,482776.151,4722292.212,claimant_mark,proxy_confirmed,,
phantom:658,promoted_phantom,remove_duplicate,prefer the student record over the phantom,317,,,,,,survivor student:1063
student:3502,corrected_student,keep_student,cluster survivor,318,466861.553,4656298.211,claimant_mark,proxy_confirmed,,
phantom:660,promoted_phantom,remove_duplicate,prefer the student record over the phantom,318,,,,,,survivor student:3502
phantom:666,promoted_phantom,remove_duplicate,prefer the student record over the phantom,318,,,,,,survivor student:3502
student:4170,corrected_student,keep_student,cluster survivor,319,354359.563,4629746.4,claimant_mark,proxy_confirmed,,
phantom:662,promoted_phantom,remove_duplicate,prefer the student record over the phantom,319,,,,,,survivor student:4170
student:4666,corrected_student,keep_student,cluster survivor,320,432411.626,4630817.689,claimant_mark,proxy_confirmed,,
phantom:663,promoted_phantom,remove_duplicate,prefer the student record over the phantom,320,,,,,,survivor student:4666
student:237,corrected_student,keep_student,cluster survivor,321,340603.903,4695576.889,claimant_mark,proxy_confirmed,,
phantom:664,promoted_phantom,remove_duplicate,prefer the student record over the phantom,321,,,,,,survivor student:237
student:4416,corrected_student,keep_student,cluster survivor,322,387430.055,4629092.031,claimant_mark,proxy_confirmed,,
phantom:667,promoted_phantom,remove_duplicate,prefer the student record over the phantom,322,,,,,,survivor student:4416
student:1608,corrected_student,keep_student,cluster survivor,323,509169.067,4696404.091,claimant_mark,proxy_confirmed,,
phantom:67,promoted_phantom,remove_duplicate,prefer the student record over the phantom,323,,,,,,survivor student:1608
phantom:670,promoted_phantom,keep_phantom_extension,cluster survivor,324,345833.387,4642551.613,own_mark,directly_reviewed,burial_mound,candidate 670
phantom:672,promoted_phantom,keep_phantom_extension,cluster survivor,325,410410.014,4707377.998,own_mark,directly_reviewed,settlement_mound,candidate 672
phantom:675,promoted_phantom,keep_phantom_extension,cluster survivor,326,501333.227,4685153.843,own_mark,directly_reviewed,burial_mound,candidate 675
student:498,corrected_student,keep_student,cluster survivor,327,409547.652,4707376.57,claimant_mark,proxy_confirmed,,
phantom:676,promoted_phantom,remove_duplicate,prefer the student record over the phantom,327,,,,,,survivor student:498
student:616,corrected_student,keep_student,cluster survivor,328,378439.381,4689818.004,claimant_mark,proxy_confirmed,,
phantom:679,promoted_phantom,remove_duplicate,prefer the student record over the phantom,328,,,,,,survivor student:616
student:1700,corrected_student,keep_student,cluster survivor,329,540034.364,4696000.622,claimant_mark,proxy_confirmed,,
phantom:68,promoted_phantom,remove_duplicate,prefer the student record over the phantom,329,,,,,,survivor student:1700
student:1079,corrected_student,keep_student,cluster survivor,330,486278.041,4715636.907,claimant_mark,proxy_confirmed,,
phantom:681,promoted_phantom,remove_duplicate,prefer the student record over the phantom,330,,,,,,survivor student:1079
student:2430,corrected_student,keep_student,cluster survivor,331,369946.474,4664061.988,claimant_mark,proxy_confirmed,,
phantom:685,promoted_phantom,remove_duplicate,prefer the student record over the phantom,331,,,,,,survivor student:2430
student:2688,corrected_student,keep_student,cluster survivor,332,407095.471,4670278.991,claimant_mark,proxy_confirmed,,
phantom:689,promoted_phantom,remove_duplicate,prefer the student record over the phantom,332,,,,,,survivor student:2688
phantom:69,promoted_phantom,keep_phantom_extension,cluster survivor,333,328436.295,4656600.998,own_mark,directly_reviewed,bench_mark_on_mound,candidate 69
phantom:691,promoted_phantom,keep_phantom_extension,cluster survivor,334,509482.513,4670020.899,own_mark,directly_reviewed,burial_mound,candidate 691
phantom:693,promoted_phantom,keep_phantom_extension,cluster survivor,335,538079.803,4661923.893,own_mark,directly_reviewed,burial_mound,candidate 693
student:4181,corrected_student,keep_student,cluster survivor,336,364625.914,4630820.589,claimant_mark,proxy_confirmed,,
phantom:696,promoted_phantom,remove_duplicate,prefer the student record over the phantom,336,,,,,,survivor student:4181
phantom:697,promoted_phantom,keep_phantom_extension,cluster survivor (index tiebreak),337,358858.412,4624219.51,own_mark,directly_reviewed,settlement_mound,candidate 697
phantom:729,promoted_phantom,remove_duplicate,duplicate record of the cluster's mound,337,,,,,,survivor phantom:697
student:4634,corrected_student,keep_student,cluster survivor,338,440786.564,4633815.377,claimant_mark,proxy_confirmed,,
phantom:699,promoted_phantom,remove_duplicate,prefer the student record over the phantom,338,,,,,,survivor student:4634
phantom:7,promoted_phantom,keep_phantom_extension,cluster survivor (index tiebreak),339,410768.224,4708198.479,own_mark,directly_reviewed,settlement_mound,candidate 7
phantom:714,promoted_phantom,remove_duplicate,duplicate record of the cluster's mound,339,,,,,,survivor phantom:7
phantom:70,promoted_phantom,keep_phantom_extension,cluster survivor,340,328404.39,4658830.99,own_mark,directly_reviewed,bench_mark_on_mound,candidate 70
phantom:701,promoted_phantom,keep_phantom_extension,cluster survivor,341,418711.722,4616660.399,own_mark,directly_reviewed,burial_mound,candidate 701
student:2616,corrected_student,keep_student,cluster survivor,342,391598.363,4680607.482,claimant_mark,proxy_confirmed,,
phantom:707,promoted_phantom,remove_duplicate,prefer the student record over the phantom,342,,,,,,survivor student:2616
phantom:71,promoted_phantom,keep_phantom_extension,cluster survivor,343,327690.491,4658399.42,own_mark,directly_reviewed,burial_mound,candidate 71
phantom:712,promoted_phantom,keep_phantom_extension,cluster survivor,344,402859.783,4643917.768,own_mark,directly_reviewed,burial_mound,candidate 712
phantom:716,promoted_phantom,keep_phantom_extension,cluster survivor,345,351558.85,4663973.736,own_mark,directly_reviewed,settlement_mound,candidate 716
phantom:762,promoted_phantom,remove_duplicate,duplicate record of the cluster's mound,345,,,,,,survivor phantom:716
phantom:720,promoted_phantom,keep_phantom_extension,cluster survivor,346,402813.339,4646114.15,own_mark,directly_reviewed,bench_mark_on_mound,candidate 720
phantom:73,promoted_phantom,keep_phantom_extension,cluster survivor,347,328657.948,4652071.761,own_mark,directly_reviewed,burial_mound,candidate 73
student:646,corrected_student,keep_student,cluster survivor,348,428927.384,4714393.017,claimant_mark,proxy_confirmed,,
phantom:732,promoted_phantom,remove_duplicate,prefer the student record over the phantom,348,,,,,,survivor student:646
student:3397,corrected_student,keep_student,cluster survivor,349,488168.095,4677942.865,claimant_mark,proxy_confirmed,,
phantom:735,promoted_phantom,remove_duplicate,prefer the student record over the phantom,349,,,,,,survivor student:3397
phantom:74,promoted_phantom,keep_phantom_extension,cluster survivor,350,317278.408,4657425.856,own_mark,directly_reviewed,bench_mark_on_mound,candidate 74
phantom:740,promoted_phantom,keep_phantom_extension,cluster survivor,351,456372.457,4709859.182,own_mark,directly_reviewed,burial_mound,candidate 740
phantom:743,promoted_phantom,keep_phantom_extension,cluster survivor,352,414002.012,4679458.181,own_mark,directly_reviewed,burial_mound,candidate 743
student:939,corrected_student,keep_student,cluster survivor,353,477743.47,4720967.926,claimant_mark,proxy_confirmed,,
phantom:746,promoted_phantom,remove_duplicate,prefer the student record over the phantom,353,,,,,,survivor student:939
student:1170,corrected_student,keep_student,cluster survivor,354,469108.694,4698714.599,claimant_mark,proxy_confirmed,,
phantom:747,promoted_phantom,remove_duplicate,prefer the student record over the phantom,354,,,,,,survivor student:1170
phantom:76,promoted_phantom,keep_phantom_extension,cluster survivor,355,344446.92,4673237.881,own_mark,directly_reviewed,burial_mound,candidate 76
phantom:763,promoted_phantom,keep_phantom_extension,cluster survivor,356,436643.015,4718159.067,own_mark,directly_reviewed,burial_mound,candidate 763
phantom:766,promoted_phantom,keep_phantom_extension,cluster survivor,357,530187.598,4664229.283,own_mark,directly_reviewed,burial_mound,candidate 766
phantom:769,promoted_phantom,keep_phantom_extension,cluster survivor,358,382213.165,4650973.841,own_mark,directly_reviewed,trig_point_on_mound,candidate 769
phantom:77,promoted_phantom,keep_phantom_extension,cluster survivor (index tiebreak),359,344455.303,4683276.795,own_mark,directly_reviewed,burial_mound,candidate 77
phantom:717,promoted_phantom,remove_duplicate,duplicate record of the cluster's mound,359,,,,,,survivor phantom:77
phantom:738,promoted_phantom,remove_duplicate,duplicate record of the cluster's mound,359,,,,,,survivor phantom:77
phantom:771,promoted_phantom,keep_phantom_extension,cluster survivor,360,432423.238,4650595.204,own_mark,directly_reviewed,burial_mound,candidate 771
phantom:78,promoted_phantom,keep_phantom_extension,cluster survivor (index tiebreak),361,344519.671,4683232.058,own_mark,directly_reviewed,burial_mound,candidate 78
phantom:721,promoted_phantom,remove_duplicate,duplicate record of the cluster's mound,361,,,,,,survivor phantom:78
phantom:79,promoted_phantom,keep_phantom_extension,cluster survivor,362,344185.631,4674476.969,own_mark,directly_reviewed,bench_mark_on_mound,candidate 79
phantom:8,promoted_phantom,keep_phantom_extension,cluster survivor,363,407921.842,4708867.299,own_mark,directly_reviewed,burial_mound,candidate 8
phantom:80,promoted_phantom,keep_phantom_extension,cluster survivor,364,342717.361,4684684.924,own_mark,directly_reviewed,burial_mound,candidate 80
phantom:82,promoted_phantom,keep_phantom_extension,cluster survivor (index tiebreak),365,346085.562,4672367.899,own_mark,directly_reviewed,burial_mound,candidate 82
phantom:354,promoted_phantom,remove_duplicate,duplicate record of the cluster's mound,365,,,,,,survivor phantom:82
phantom:83,promoted_phantom,keep_phantom_extension,cluster survivor,366,349154.861,4684609.245,own_mark,directly_reviewed,bench_mark_on_mound,candidate 83
phantom:84,promoted_phantom,keep_phantom_extension,cluster survivor,367,349364.133,4684489.756,own_mark,directly_reviewed,burial_mound,candidate 84
phantom:85,promoted_phantom,keep_phantom_extension,cluster survivor,368,349450.288,4684484.869,own_mark,directly_reviewed,burial_mound,candidate 85
phantom:86,promoted_phantom,keep_phantom_extension,cluster survivor,369,348982.036,4683894.922,own_mark,directly_reviewed,burial_mound,candidate 86
phantom:87,promoted_phantom,keep_phantom_extension,cluster survivor,370,352376.951,4686648.883,own_mark,directly_reviewed,bench_mark_on_mound,candidate 87
phantom:88,promoted_phantom,keep_phantom_extension,cluster survivor,371,337401.904,4686653.234,own_mark,directly_reviewed,burial_mound,candidate 88
phantom:89,promoted_phantom,keep_phantom_extension,cluster survivor,372,337361.641,4686578.628,own_mark,directly_reviewed,burial_mound,candidate 89
phantom:9,promoted_phantom,keep_phantom_extension,cluster survivor,373,396166.425,4693943.918,own_mark,directly_reviewed,burial_mound,candidate 9
phantom:90,promoted_phantom,keep_phantom_extension,cluster survivor,374,337270.857,4686508.042,own_mark,directly_reviewed,burial_mound,candidate 90
student:1977,corrected_student,keep_student,cluster survivor,375,351892.655,4676232.5,claimant_mark,proxy_confirmed,,
phantom:91,promoted_phantom,remove_duplicate,prefer the student record over the phantom,375,,,,,,survivor student:1977
student:1855,corrected_student,keep_student,cluster survivor,376,342174.048,4686542.252,claimant_mark,proxy_confirmed,,
phantom:92,promoted_phantom,remove_duplicate,prefer the student record over the phantom,376,,,,,,survivor student:1855
phantom:93,promoted_phantom,keep_phantom_extension,cluster survivor (index tiebreak),377,354821.463,4683804.106,own_mark,directly_reviewed,burial_mound,candidate 93
phantom:107,promoted_phantom,remove_duplicate,duplicate record of the cluster's mound,377,,,,,,survivor phantom:93
student:1962,corrected_student,keep_student,cluster survivor,378,337154.77,4676664.831,claimant_mark,proxy_confirmed,,
phantom:94,promoted_phantom,remove_duplicate,prefer the student record over the phantom,378,,,,,,survivor student:1962
phantom:95,promoted_phantom,keep_phantom_extension,cluster survivor,379,351077.825,4684115.443,own_mark,directly_reviewed,bench_mark_on_mound,candidate 95
phantom:96,promoted_phantom,keep_phantom_extension,cluster survivor,380,338409.469,4688138.991,own_mark,directly_reviewed,trig_point_on_mound,candidate 96
phantom:97,promoted_phantom,keep_phantom_extension,cluster survivor,381,351644.089,4677352.491,own_mark,directly_reviewed,bench_mark_on_mound,candidate 97
phantom:98,promoted_phantom,keep_phantom_extension,cluster survivor,382,336707.861,4673077.655,own_mark,directly_reviewed,bench_mark_on_mound,candidate 98
student:1,corrected_student,keep_student,cluster survivor,384,462573.231,4742020.466,own_mark,directly_reviewed,burial_mound,
phantom:745,promoted_phantom,remove_duplicate,prefer the student record over the phantom,384,,,,,,survivor student:1
student:1003,corrected_student,keep_student,cluster survivor,390,467203.683,4706904.77,own_mark,directly_reviewed,burial_mound,
phantom:22,promoted_phantom,remove_duplicate,prefer the student record over the phantom,390,,,,,,survivor student:1003
student:1011,corrected_student,keep_student,cluster survivor,399,473859.713,4722511.64,own_mark,directly_reviewed,burial_mound,
phantom:593,promoted_phantom,remove_duplicate,prefer the student record over the phantom,399,,,,,,survivor student:1011
student:1017,corrected_student,keep_student,cluster survivor,405,473258.457,4708373.633,own_mark,directly_reviewed,settlement_mound,
student:1019,corrected_student,keep_student,cluster survivor,407,475013.992,4708833.051,own_mark,directly_reviewed,burial_mound,
phantom:484,promoted_phantom,remove_duplicate,prefer the student record over the phantom,407,,,,,,survivor student:1019
student:1021,corrected_student,keep_student,cluster survivor,410,475324.422,4708888.582,own_mark,directly_reviewed,burial_mound,
student:1023,corrected_student,keep_student,cluster survivor,412,465606.591,4707199.459,own_mark,directly_reviewed,burial_mound,
phantom:342,promoted_phantom,remove_duplicate,prefer the student record over the phantom,412,,,,,,survivor student:1023
student:1031,corrected_student,keep_student,cluster survivor,420,487881.703,4720963.955,own_mark,directly_reviewed,burial_mound,
student:1047,corrected_student,keep_student,cluster survivor,437,481185.215,4722072.718,own_mark,directly_reviewed,burial_mound,
phantom:334,promoted_phantom,remove_duplicate,prefer the student record over the phantom,437,,,,,,survivor student:1047
phantom:488,promoted_phantom,remove_duplicate,prefer the student record over the phantom,437,,,,,,survivor student:1047
student:105,corrected_student,keep_student,cluster survivor,440,325224.642,4695707.152,own_mark,directly_reviewed,burial_mound,
phantom:411,promoted_phantom,remove_duplicate,prefer the student record over the phantom,440,,,,,,survivor student:105
student:1056,corrected_student,keep_student,cluster survivor,447,482578.821,4707253.824,own_mark,directly_reviewed,burial_mound,
student:1062,corrected_student,keep_student,cluster survivor,454,482815.762,4716854.205,own_mark,directly_reviewed,burial_mound,
phantom:339,promoted_phantom,remove_duplicate,prefer the student record over the phantom,454,,,,,,survivor student:1062
student:1064,corrected_student,keep_student,cluster survivor,455,482871.956,4723110.418,own_mark,directly_reviewed,burial_mound,
phantom:347,promoted_phantom,remove_duplicate,prefer the student record over the phantom,455,,,,,,survivor student:1064
student:1076,corrected_student,keep_student,cluster survivor,467,486323.369,4713504.174,own_mark,directly_reviewed,burial_mound,
phantom:336,promoted_phantom,remove_duplicate,prefer the student record over the phantom,467,,,,,,survivor student:1076
phantom:595,promoted_phantom,remove_duplicate,prefer the student record over the phantom,467,,,,,,survivor student:1076
student:1084,corrected_student,keep_student,cluster survivor,474,486171.94,4723513.656,claimant_mark,proxy_confirmed,,
student:1083,corrected_student,remove_duplicate,student→student: the claimant is the duplicate,474,,,,,,survivor student:1084
student:1091,corrected_student,keep_student,cluster survivor,482,487614.879,4716038.433,own_mark,directly_reviewed,burial_mound,
phantom:702,promoted_phantom,remove_duplicate,prefer the student record over the phantom,482,,,,,,survivor student:1091
student:1098,corrected_student,keep_student,cluster survivor,488,488872.785,4716988.761,own_mark,directly_reviewed,burial_mound,
student:1114,corrected_student,keep_student,cluster survivor,507,491773.962,4718748.856,own_mark,directly_reviewed,burial_mound,
phantom:337,promoted_phantom,remove_duplicate,prefer the student record over the phantom,507,,,,,,survivor student:1114
student:1117,corrected_student,keep_student,cluster survivor,510,491292.077,4712346.362,own_mark,directly_reviewed,burial_mound,
phantom:487,promoted_phantom,remove_duplicate,prefer the student record over the phantom,510,,,,,,survivor student:1117
student:1119,corrected_student,keep_student,cluster survivor,512,492786.778,4708478.554,own_mark,directly_reviewed,burial_mound,
phantom:47,promoted_phantom,remove_duplicate,prefer the student record over the phantom,512,,,,,,survivor student:1119
student:1121,corrected_student,keep_student,cluster survivor,515,492946.501,4722056.849,own_mark,directly_reviewed,burial_mound,
phantom:44,promoted_phantom,remove_duplicate,prefer the student record over the phantom,515,,,,,,survivor student:1121
phantom:657,promoted_phantom,remove_duplicate,prefer the student record over the phantom,515,,,,,,survivor student:1121
student:1140,corrected_student,keep_student,cluster survivor,536,497960.392,4723267.997,own_mark,directly_reviewed,bench_mark_on_mound,
phantom:414,promoted_phantom,remove_duplicate,prefer the student record over the phantom,536,,,,,,survivor student:1140
student:1141,corrected_student,keep_student,cluster survivor,537,497938.373,4719742.512,own_mark,directly_reviewed,burial_mound,
phantom:597,promoted_phantom,remove_duplicate,prefer the student record over the phantom,537,,,,,,survivor student:1141
student:1147,corrected_student,keep_student,cluster survivor,543,499352.713,4706039.531,own_mark,directly_reviewed,burial_mound,
student:1148,corrected_student,keep_student,cluster survivor,544,499784.122,4717335.518,own_mark,directly_reviewed,burial_mound,
phantom:49,promoted_phantom,remove_duplicate,prefer the student record over the phantom,544,,,,,,survivor student:1148
student:1150,corrected_student,keep_student,cluster survivor,547,476737.811,4691550.677,own_mark,directly_reviewed,burial_mound,
student:1151,corrected_student,keep_student,cluster survivor,548,477007.049,4691402.965,own_mark,directly_reviewed,burial_mound,
student:1152,corrected_student,keep_student,cluster survivor,549,462948.151,4703045.593,own_mark,directly_reviewed,burial_mound,
phantom:50,promoted_phantom,remove_duplicate,prefer the student record over the phantom,549,,,,,,survivor student:1152
student:1158,corrected_student,keep_student,cluster survivor,555,459666.628,4700950.375,own_mark,directly_reviewed,burial_mound,
student:1159,corrected_student,keep_student,cluster survivor,556,462862.413,4700182.456,own_mark,directly_reviewed,trig_point_on_mound,
student:1160,corrected_student,keep_student,cluster survivor,558,462798.859,4700220.1,own_mark,directly_reviewed,burial_mound,
student:1173,corrected_student,keep_student,cluster survivor,571,475585.285,4697033.052,own_mark,directly_reviewed,burial_mound,
student:1174,corrected_student,keep_student,cluster survivor,572,475562.956,4696978.227,own_mark,directly_reviewed,burial_mound,
student:1205,corrected_student,keep_student,cluster survivor,606,468143.964,4686848.251,own_mark,directly_reviewed,burial_mound,
phantom:598,promoted_phantom,remove_duplicate,prefer the student record over the phantom,606,,,,,,survivor student:1205
student:1216,corrected_student,keep_student,cluster survivor,618,463001.825,4703114.441,own_mark,directly_reviewed,bench_mark_on_mound,
student:1220,corrected_student,keep_student,cluster survivor,623,475545.064,4697096.747,own_mark,directly_reviewed,burial_mound,
student:1226,corrected_student,keep_student,cluster survivor,629,476293.658,4696501.732,own_mark,directly_reviewed,burial_mound,
phantom:341,promoted_phantom,remove_duplicate,prefer the student record over the phantom,629,,,,,,survivor student:1226
student:1228,corrected_student,keep_student,cluster survivor,631,467361.156,4695185.743,own_mark,directly_reviewed,trig_point_on_mound,
student:1242,corrected_student,keep_student,cluster survivor,647,465549.058,4691212.591,own_mark,directly_reviewed,burial_mound,
phantom:403,promoted_phantom,remove_duplicate,prefer the student record over the phantom,647,,,,,,survivor student:1242
student:1247,corrected_student,keep_student,cluster survivor,652,472419.847,4690010.54,own_mark,directly_reviewed,burial_mound,
phantom:599,promoted_phantom,remove_duplicate,prefer the student record over the phantom,652,,,,,,survivor student:1247
phantom:637,promoted_phantom,remove_duplicate,prefer the student record over the phantom,652,,,,,,survivor student:1247
student:1263,corrected_student,keep_student,cluster survivor,669,483835.703,4703167.195,claimant_mark,proxy_confirmed,,
student:1264,corrected_student,remove_duplicate,student→student: the claimant is the duplicate,669,,,,,,survivor student:1263
student:1268,corrected_student,keep_student,cluster survivor,672,486240.352,4703073.728,own_mark,directly_reviewed,burial_mound,
phantom:55,promoted_phantom,remove_duplicate,prefer the student record over the phantom,672,,,,,,survivor student:1268
phantom:340,promoted_phantom,remove_duplicate,prefer the student record over the phantom,672,,,,,,survivor student:1268
student:1283,corrected_student,keep_student,cluster survivor,688,486712.98,4701650.981,own_mark,directly_reviewed,burial_mound,
phantom:703,promoted_phantom,remove_duplicate,prefer the student record over the phantom,688,,,,,,survivor student:1283
student:1325,corrected_student,keep_student,cluster survivor,735,499548.653,4696064.606,own_mark,directly_reviewed,burial_mound,
phantom:415,promoted_phantom,remove_duplicate,prefer the student record over the phantom,735,,,,,,survivor student:1325
student:1328,corrected_student,keep_student,cluster survivor,738,490638.427,4696490.858,own_mark,directly_reviewed,burial_mound,
phantom:600,promoted_phantom,remove_duplicate,prefer the student record over the phantom,738,,,,,,survivor student:1328
student:1340,corrected_student,keep_student,cluster survivor,752,493834.034,4693487.194,own_mark,directly_reviewed,burial_mound,
phantom:416,promoted_phantom,remove_duplicate,prefer the student record over the phantom,752,,,,,,survivor student:1340
student:135,corrected_student,keep_student,cluster survivor,762,329417.033,4693469.129,own_mark,directly_reviewed,burial_mound,
student:1352,corrected_student,keep_student,cluster survivor,765,495985.765,4691682.562,own_mark,directly_reviewed,burial_mound,
phantom:343,promoted_phantom,remove_duplicate,prefer the student record over the phantom,765,,,,,,survivor student:1352
student:1359,corrected_student,keep_student,cluster survivor,772,496249.561,4688765.065,own_mark,directly_reviewed,burial_mound,
phantom:491,promoted_phantom,remove_duplicate,prefer the student record over the phantom,772,,,,,,survivor student:1359
student:136,corrected_student,keep_student,cluster survivor,773,329491.063,4693500.773,own_mark,directly_reviewed,burial_mound,
student:1369,corrected_student,keep_student,cluster survivor,783,520034.941,4723573.359,own_mark,directly_reviewed,burial_mound,
phantom:495,promoted_phantom,remove_duplicate,prefer the student record over the phantom,783,,,,,,survivor student:1369
student:1370,corrected_student,keep_student,cluster survivor,785,520052.235,4723327.813,own_mark,directly_reviewed,burial_mound,
phantom:60,promoted_phantom,remove_duplicate,prefer the student record over the phantom,785,,,,,,survivor student:1370
student:1388,corrected_student,keep_student,cluster survivor,803,520035.799,4718086.165,own_mark,directly_reviewed,burial_mound,
phantom:715,promoted_phantom,remove_duplicate,prefer the student record over the phantom,803,,,,,,survivor student:1388
student:1393,corrected_student,keep_student,cluster survivor,809,506750.593,4716424.371,own_mark,directly_reviewed,burial_mound,
phantom:456,promoted_phantom,remove_duplicate,prefer the student record over the phantom,809,,,,,,survivor student:1393
student:144,corrected_student,keep_student,cluster survivor,861,332599.665,4691382.601,own_mark,directly_reviewed,burial_mound,
student:1441,corrected_student,keep_student,cluster survivor,863,509638.116,4710307.306,claimant_mark,proxy_confirmed,,
student:1442,corrected_student,remove_duplicate,student→student: the claimant is the duplicate,863,,,,,,survivor student:1441
phantom:417,promoted_phantom,remove_duplicate,prefer the student record over the phantom,863,,,,,,survivor student:1441
student:1452,corrected_student,keep_student,cluster survivor,873,499905.179,4708647.369,own_mark,directly_reviewed,burial_mound,
phantom:492,promoted_phantom,remove_duplicate,prefer the student record over the phantom,873,,,,,,survivor student:1452
student:1458,corrected_student,keep_student,cluster survivor,879,504575.697,4706983.574,own_mark,directly_reviewed,burial_mound,
phantom:64,promoted_phantom,remove_duplicate,prefer the student record over the phantom,879,,,,,,survivor student:1458
phantom:498,promoted_phantom,remove_duplicate,prefer the student record over the phantom,879,,,,,,survivor student:1458
student:1459,corrected_student,keep_student,cluster survivor,880,504446.778,4706972.712,own_mark,directly_reviewed,burial_mound,
phantom:497,promoted_phantom,remove_duplicate,prefer the student record over the phantom,880,,,,,,survivor student:1459
student:1472,corrected_student,keep_student,cluster survivor,895,517706.972,4706951.13,own_mark,directly_reviewed,burial_mound,
phantom:344,promoted_phantom,remove_duplicate,prefer the student record over the phantom,895,,,,,,survivor student:1472
student:1475,corrected_student,keep_student,cluster survivor,898,518400.446,4708876.336,own_mark,directly_reviewed,burial_mound,
phantom:494,promoted_phantom,remove_duplicate,prefer the student record over the phantom,898,,,,,,survivor student:1475
phantom:601,promoted_phantom,remove_duplicate,prefer the student record over the phantom,898,,,,,,survivor student:1475
student:1491,corrected_student,keep_student,cluster survivor,916,540731.781,4719653.071,own_mark,directly_reviewed,burial_mound,
phantom:684,promoted_phantom,remove_duplicate,prefer the student record over the phantom,916,,,,,,survivor student:1491
student:1493,corrected_student,keep_student,cluster survivor,918,535335.564,4718425.327,own_mark,directly_reviewed,burial_mound,
student:1494,corrected_student,keep_student,cluster survivor,919,535267.388,4718432.33,own_mark,directly_reviewed,burial_mound,
phantom:682,promoted_phantom,remove_duplicate,prefer the student record over the phantom,919,,,,,,survivor student:1494
student:1516,corrected_student,keep_student,cluster survivor,943,522147.243,4716933.023,own_mark,directly_reviewed,burial_mound,
phantom:346,promoted_phantom,remove_duplicate,prefer the student record over the phantom,943,,,,,,survivor student:1516
phantom:496,promoted_phantom,remove_duplicate,prefer the student record over the phantom,943,,,,,,survivor student:1516
student:1535,corrected_student,keep_student,cluster survivor,964,531979.062,4713142.023,own_mark,directly_reviewed,burial_mound,
student:1536,corrected_student,keep_student,cluster survivor,965,532049.811,4713135.162,own_mark,directly_reviewed,burial_mound,
student:1540,corrected_student,keep_student,cluster survivor,970,529887.609,4712279.028,own_mark,directly_reviewed,burial_mound,
student:1541,corrected_student,keep_student,cluster survivor,971,529874.317,4712210.994,own_mark,directly_reviewed,bench_mark_on_mound,
student:1568,corrected_student,keep_student,cluster survivor,1000,501204.305,4703513.062,own_mark,directly_reviewed,burial_mound,
phantom:500,promoted_phantom,remove_duplicate,prefer the student record over the phantom,1000,,,,,,survivor student:1568
student:1573,corrected_student,keep_student,cluster survivor,1006,506866.35,4702452.735,own_mark,directly_reviewed,burial_mound,
phantom:65,promoted_phantom,remove_duplicate,prefer the student record over the phantom,1006,,,,,,survivor student:1573
student:1611,corrected_student,keep_student,cluster survivor,1047,501946.162,4696728.284,own_mark,directly_reviewed,burial_mound,
phantom:66,promoted_phantom,remove_duplicate,prefer the student record over the phantom,1047,,,,,,survivor student:1611
student:1617,corrected_student,keep_student,cluster survivor,1053,510587.514,4694312.347,own_mark,directly_reviewed,burial_mound,
student:1620,corrected_student,keep_student,cluster survivor,1057,510007.254,4694860.259,own_mark,directly_reviewed,burial_mound,
phantom:420,promoted_phantom,remove_duplicate,prefer the student record over the phantom,1057,,,,,,survivor student:1620
student:1621,corrected_student,keep_student,cluster survivor,1058,509343.405,4694994.519,own_mark,directly_reviewed,burial_mound,
phantom:419,promoted_phantom,remove_duplicate,prefer the student record over the phantom,1058,,,,,,survivor student:1621
phantom:501,promoted_phantom,remove_duplicate,prefer the student record over the phantom,1058,,,,,,survivor student:1621
student:1622,corrected_student,keep_student,cluster survivor,1059,508458.701,4694311.488,own_mark,directly_reviewed,burial_mound,
phantom:418,promoted_phantom,remove_duplicate,prefer the student record over the phantom,1059,,,,,,survivor student:1622
student:1685,corrected_student,keep_student,cluster survivor,1126,529374.957,4698610.684,own_mark,directly_reviewed,bench_mark_on_mound,
student:1705,corrected_student,keep_student,cluster survivor,1147,526584.395,4695050.635,own_mark,directly_reviewed,burial_mound,
phantom:504,promoted_phantom,remove_duplicate,prefer the student record over the phantom,1147,,,,,,survivor student:1705
student:1716,corrected_student,keep_student,cluster survivor,1159,522212.621,4693682.264,own_mark,directly_reviewed,burial_mound,
phantom:683,promoted_phantom,remove_duplicate,prefer the student record over the phantom,1159,,,,,,survivor student:1716
student:1721,corrected_student,keep_student,cluster survivor,1165,535529.618,4692421.531,own_mark,directly_reviewed,burial_mound,
phantom:348,promoted_phantom,remove_duplicate,prefer the student record over the phantom,1165,,,,,,survivor student:1721
student:1730,corrected_student,keep_student,cluster survivor,1175,522399.699,4690206.516,own_mark,directly_reviewed,burial_mound,
phantom:506,promoted_phantom,remove_duplicate,prefer the student record over the phantom,1175,,,,,,survivor student:1730
student:1743,corrected_student,keep_student,cluster survivor,1188,543713.804,4690375.137,own_mark,directly_reviewed,burial_mound,
phantom:603,promoted_phantom,remove_duplicate,prefer the student record over the phantom,1188,,,,,,survivor student:1743
student:1750,corrected_student,keep_student,cluster survivor,1196,557381.192,4693294.722,own_mark,directly_reviewed,burial_mound,
phantom:507,promoted_phantom,remove_duplicate,prefer the student record over the phantom,1196,,,,,,survivor student:1750
student:1760,corrected_student,keep_student,cluster survivor,1206,544944.786,4698770.467,own_mark,directly_reviewed,bench_mark_on_mound,
phantom:351,promoted_phantom,remove_duplicate,prefer the student record over the phantom,1206,,,,,,survivor student:1760
phantom:509,promoted_phantom,remove_duplicate,prefer the student record over the phantom,1206,,,,,,survivor student:1760
student:1761,corrected_student,keep_student,cluster survivor,1207,327608.774,4661903.739,own_mark,directly_reviewed,bench_mark_on_mound,
student:1769,corrected_student,keep_student,cluster survivor,1214,319156.597,4667266.961,own_mark,directly_reviewed,settlement_mound,
phantom:350,promoted_phantom,remove_duplicate,prefer the student record over the phantom,1214,,,,,,survivor student:1769
student:1786,corrected_student,keep_student,cluster survivor,1233,333026.323,4662241.449,own_mark,directly_reviewed,burial_mound,
student:179,corrected_student,keep_student,cluster survivor,1237,334948.515,4688970.464,own_mark,directly_reviewed,burial_mound,
phantom:2,promoted_phantom,remove_duplicate,prefer the student record over the phantom,1237,,,,,,survivor student:179
student:18,corrected_student,keep_student,cluster survivor,1248,331050.377,4702231.783,own_mark,directly_reviewed,burial_mound,
student:1801,corrected_student,keep_student,cluster survivor,1251,324930.727,4659242.191,own_mark,directly_reviewed,burial_mound,
phantom:510,promoted_phantom,remove_duplicate,prefer the student record over the phantom,1251,,,,,,survivor student:1801
student:183,corrected_student,keep_student,cluster survivor,1282,345303.643,4703533.738,own_mark,directly_reviewed,burial_mound,
phantom:462,promoted_phantom,remove_duplicate,prefer the student record over the phantom,1282,,,,,,survivor student:183
student:1846,corrected_student,keep_student,cluster survivor,1300,354192.975,4685508.405,own_mark,directly_reviewed,burial_mound,
phantom:609,promoted_phantom,remove_duplicate,prefer the student record over the phantom,1300,,,,,,survivor student:1846
student:1867,corrected_student,keep_student,cluster survivor,1322,355758.679,4683816.212,own_mark,directly_reviewed,burial_mound,
phantom:99,promoted_phantom,remove_duplicate,prefer the student record over the phantom,1322,,,,,,survivor student:1867
student:1868,corrected_student,keep_student,cluster survivor,1323,355901.32,4683609.553,own_mark,directly_reviewed,burial_mound,
phantom:100,promoted_phantom,remove_duplicate,prefer the student record over the phantom,1323,,,,,,survivor student:1868
student:1870,corrected_student,keep_student,cluster survivor,1326,344517.383,4682586.681,own_mark,directly_reviewed,burial_mound,
phantom:368,promoted_phantom,remove_duplicate,prefer the student record over the phantom,1326,,,,,,survivor student:1870
phantom:629,promoted_phantom,remove_duplicate,prefer the student record over the phantom,1326,,,,,,survivor student:1870
student:1871,corrected_student,keep_student,cluster survivor,1327,344591.422,4682583.495,own_mark,directly_reviewed,burial_mound,
student:1873,corrected_student,keep_student,cluster survivor,1329,346250.262,4682404.071,own_mark,directly_reviewed,burial_mound,
phantom:515,promoted_phantom,remove_duplicate,prefer the student record over the phantom,1329,,,,,,survivor student:1873
student:1880,corrected_student,keep_student,cluster survivor,1337,350546.472,4682317.174,own_mark,directly_reviewed,burial_mound,
phantom:514,promoted_phantom,remove_duplicate,prefer the student record over the phantom,1337,,,,,,survivor student:1880
student:1881,corrected_student,keep_student,cluster survivor,1338,347510.787,4669798.737,own_mark,directly_reviewed,burial_mound,
phantom:108,promoted_phantom,remove_duplicate,prefer the student record over the phantom,1338,,,,,,survivor student:1881
phantom:358,promoted_phantom,remove_duplicate,prefer the student record over the phantom,1338,,,,,,survivor student:1881
student:1883,corrected_student,keep_student,cluster survivor,1340,349041.67,4669614.27,own_mark,directly_reviewed,bench_mark_on_mound,
phantom:110,promoted_phantom,remove_duplicate,prefer the student record over the phantom,1340,,,,,,survivor student:1883
student:1884,corrected_student,keep_student,cluster survivor,1341,351901.417,4669737.304,own_mark,directly_reviewed,burial_mound,
phantom:113,promoted_phantom,remove_duplicate,prefer the student record over the phantom,1341,,,,,,survivor student:1884
student:1887,corrected_student,keep_student,cluster survivor,1344,353144.395,4669429.574,own_mark,directly_reviewed,burial_mound,
phantom:114,promoted_phantom,remove_duplicate,prefer the student record over the phantom,1344,,,,,,survivor student:1887
student:19,corrected_student,keep_student,cluster survivor,1358,318496.83,4693897.978,own_mark,directly_reviewed,burial_mound,
student:1903,corrected_student,keep_student,cluster survivor,1363,342508.624,4681836.208,own_mark,directly_reviewed,burial_mound,
student:1904,corrected_student,keep_student,cluster survivor,1364,342494.045,4681906.671,own_mark,directly_reviewed,burial_mound,
student:1910,corrected_student,keep_student,cluster survivor,1371,347852.085,4680716.795,own_mark,directly_reviewed,burial_mound,
phantom:607,promoted_phantom,remove_duplicate,prefer the student record over the phantom,1371,,,,,,survivor student:1910
student:1912,corrected_student,keep_student,cluster survivor,1373,347371.851,4679695.713,own_mark,directly_reviewed,burial_mound,
student:1913,corrected_student,keep_student,cluster survivor,1374,347320.876,4679712.56,own_mark,directly_reviewed,trig_point_on_mound,
student:1924,corrected_student,keep_student,cluster survivor,1386,336505.517,4679842.339,own_mark,directly_reviewed,burial_mound,
student:1925,corrected_student,keep_student,cluster survivor,1387,336426.126,4679830.946,own_mark,directly_reviewed,burial_mound,
student:1927,corrected_student,keep_student,cluster survivor,1389,335384.804,4678980.585,own_mark,directly_reviewed,burial_mound,
phantom:725,promoted_phantom,remove_duplicate,prefer the student record over the phantom,1389,,,,,,survivor student:1927
student:1947,corrected_student,keep_student,cluster survivor,1411,342879.174,4677233.693,own_mark,directly_reviewed,burial_mound,
phantom:75,promoted_phantom,remove_duplicate,prefer the student record over the phantom,1411,,,,,,survivor student:1947
student:1986,corrected_student,keep_student,cluster survivor,1451,340677.011,4675234.338,own_mark,directly_reviewed,burial_mound,
student:1987,corrected_student,keep_student,cluster survivor,1452,340655.503,4675297.295,own_mark,directly_reviewed,burial_mound,
student:20,corrected_student,keep_student,cluster survivor,1467,318762.875,4693931.477,own_mark,directly_reviewed,bench_mark_on_mound,
student:2004,corrected_student,keep_student,cluster survivor,1473,347221.864,4674191.862,own_mark,directly_reviewed,burial_mound,
student:201,corrected_student,keep_student,cluster survivor,1478,338734.458,4700311.855,own_mark,directly_reviewed,burial_mound,
phantom:466,promoted_phantom,remove_duplicate,prefer the student record over the phantom,1478,,,,,,survivor student:201
student:202,corrected_student,keep_student,cluster survivor,1489,338659.575,4700384.013,own_mark,directly_reviewed,burial_mound,
student:2023,corrected_student,keep_student,cluster survivor,1493,335556.722,4672800.353,own_mark,directly_reviewed,burial_mound,
phantom:511,promoted_phantom,remove_duplicate,prefer the student record over the phantom,1493,,,,,,survivor student:2023
student:2027,corrected_student,keep_student,cluster survivor,1497,346099.708,4672736.119,own_mark,directly_reviewed,burial_mound,
student:2028,corrected_student,keep_student,cluster survivor,1498,346083.83,4672656.583,own_mark,directly_reviewed,burial_mound,
student:2029,corrected_student,keep_student,cluster survivor,1499,346148.476,4672665.832,own_mark,directly_reviewed,burial_mound,
phantom:81,promoted_phantom,remove_duplicate,prefer the student record over the phantom,1499,,,,,,survivor student:2029
student:203,corrected_student,keep_student,cluster survivor,1500,338650.273,4700665.065,own_mark,directly_reviewed,burial_mound,
student:2033,corrected_student,keep_student,cluster survivor,1504,352910.016,4672341.04,own_mark,directly_reviewed,burial_mound,
phantom:764,promoted_phantom,remove_duplicate,prefer the student record over the phantom,1504,,,,,,survivor student:2033
student:2038,corrected_student,keep_student,cluster survivor,1509,354053.69,4671950.147,own_mark,directly_reviewed,burial_mound,
phantom:457,promoted_phantom,remove_duplicate,prefer the student record over the phantom,1509,,,,,,survivor student:2038
phantom:606,promoted_phantom,remove_duplicate,prefer the student record over the phantom,1509,,,,,,survivor student:2038
student:204,corrected_student,keep_student,cluster survivor,1511,338711.981,4700663.49,own_mark,directly_reviewed,burial_mound,
student:2041,corrected_student,keep_student,cluster survivor,1513,345297.136,4671951.591,own_mark,directly_reviewed,trig_point_on_mound,
phantom:604,promoted_phantom,remove_duplicate,prefer the student record over the phantom,1513,,,,,,survivor student:2041
phantom:605,promoted_phantom,remove_duplicate,prefer the student record over the phantom,1513,,,,,,survivor student:2041
student:2046,corrected_student,keep_student,cluster survivor,1518,343709.46,4671857.476,own_mark,directly_reviewed,burial_mound,
student:2047,corrected_student,keep_student,cluster survivor,1519,343668.465,4671921.711,own_mark,directly_reviewed,burial_mound,
student:205,corrected_student,keep_student,cluster survivor,1522,337027.949,4699273.827,own_mark,directly_reviewed,burial_mound,
student:2073,corrected_student,keep_student,cluster survivor,1548,346280.864,4670926.591,own_mark,directly_reviewed,burial_mound,
phantom:513,promoted_phantom,remove_duplicate,prefer the student record over the phantom,1548,,,,,,survivor student:2073
phantom:749,promoted_phantom,remove_duplicate,prefer the student record over the phantom,1548,,,,,,survivor student:2073
student:2075,corrected_student,keep_student,cluster survivor,1550,347798.511,4670462.338,own_mark,directly_reviewed,bench_mark_on_mound,
phantom:353,promoted_phantom,remove_duplicate,prefer the student record over the phantom,1550,,,,,,survivor student:2075
student:2087,corrected_student,keep_student,cluster survivor,1563,375238.979,4685076.577,own_mark,directly_reviewed,burial_mound,
student:2088,corrected_student,keep_student,cluster survivor,1564,375257.995,4685002.031,own_mark,directly_reviewed,burial_mound,
phantom:523,promoted_phantom,remove_duplicate,prefer the student record over the phantom,1564,,,,,,survivor student:2088
student:2093,corrected_student,keep_student,cluster survivor,1569,373537.166,4684735.536,own_mark,directly_reviewed,burial_mound,
phantom:521,promoted_phantom,remove_duplicate,prefer the student record over the phantom,1569,,,,,,survivor student:2093
student:2122,corrected_student,keep_student,cluster survivor,1602,357829.779,4685050.783,own_mark,directly_reviewed,burial_mound,
student:2123,corrected_student,keep_student,cluster survivor,1603,357886.597,4685093.468,own_mark,directly_reviewed,burial_mound,
student:2129,corrected_student,keep_student,cluster survivor,1609,356630.126,4685179.262,own_mark,directly_reviewed,burial_mound,
phantom:517,promoted_phantom,remove_duplicate,prefer the student record over the phantom,1609,,,,,,survivor student:2129
student:2138,corrected_student,keep_student,cluster survivor,1618,360550.13,4683583.759,own_mark,directly_reviewed,burial_mound,
student:2139,corrected_student,keep_student,cluster survivor,1619,360525.749,4683539.766,own_mark,directly_reviewed,burial_mound,
student:2142,corrected_student,keep_student,cluster survivor,1623,364162.511,4682200.827,own_mark,directly_reviewed,burial_mound,
student:2143,corrected_student,keep_student,cluster survivor,1624,364187.324,4682247.099,own_mark,directly_reviewed,burial_mound,
student:2144,corrected_student,keep_student,cluster survivor,1625,364207.099,4682316.742,own_mark,directly_reviewed,burial_mound,
phantom:659,promoted_phantom,remove_duplicate,prefer the student record over the phantom,1625,,,,,,survivor student:2144
student:2163,corrected_student,keep_student,cluster survivor,1646,371031.848,4680058.74,own_mark,directly_reviewed,burial_mound,
phantom:356,promoted_phantom,remove_duplicate,prefer the student record over the phantom,1646,,,,,,survivor student:2163
student:2168,corrected_student,keep_student,cluster survivor,1651,368621.707,4680989.167,own_mark,directly_reviewed,burial_mound,
student:2169,corrected_student,keep_student,cluster survivor,1652,368553.785,4681007.77,own_mark,directly_reviewed,burial_mound,
student:2172,corrected_student,keep_student,cluster survivor,1656,366032.604,4681341.466,own_mark,directly_reviewed,burial_mound,
student:2177,corrected_student,keep_student,cluster survivor,1661,363928.76,4681644.59,own_mark,directly_reviewed,burial_mound,
phantom:641,promoted_phantom,remove_duplicate,prefer the student record over the phantom,1661,,,,,,survivor student:2177
student:2179,corrected_student,keep_student,cluster survivor,1663,362922.768,4681623.969,own_mark,directly_reviewed,burial_mound,
student:2180,corrected_student,keep_student,cluster survivor,1665,362924.238,4681557.787,own_mark,directly_reviewed,burial_mound,
student:2182,corrected_student,keep_student,cluster survivor,1667,362778.416,4681599.165,own_mark,directly_reviewed,burial_mound,
phantom:704,promoted_phantom,remove_duplicate,prefer the student record over the phantom,1667,,,,,,survivor student:2182
student:219,corrected_student,keep_student,cluster survivor,1675,338676.188,4698650.01,own_mark,directly_reviewed,burial_mound,
phantom:4,promoted_phantom,remove_duplicate,prefer the student record over the phantom,1675,,,,,,survivor student:219
student:2194,corrected_student,keep_student,cluster survivor,1680,357296.221,4681647.763,own_mark,directly_reviewed,burial_mound,
phantom:522,promoted_phantom,remove_duplicate,prefer the student record over the phantom,1680,,,,,,survivor student:2194
student:2196,corrected_student,keep_student,cluster survivor,1682,376347.74,4686313.859,own_mark,directly_reviewed,trig_point_on_mound,
phantom:126,promoted_phantom,remove_duplicate,prefer the student record over the phantom,1682,,,,,,survivor student:2196
student:2197,corrected_student,keep_student,cluster survivor,1683,356863.598,4679487.389,own_mark,directly_reviewed,burial_mound,
phantom:516,promoted_phantom,remove_duplicate,prefer the student record over the phantom,1683,,,,,,survivor student:2197
student:2199,corrected_student,keep_student,cluster survivor,1685,376211.013,4681571.487,own_mark,directly_reviewed,trig_point_on_mound,
phantom:431,promoted_phantom,remove_duplicate,prefer the student record over the phantom,1685,,,,,,survivor student:2199
student:2200,corrected_student,keep_student,cluster survivor,1688,376283.474,4681244.573,own_mark,directly_reviewed,burial_mound,
phantom:125,promoted_phantom,remove_duplicate,prefer the student record over the phantom,1688,,,,,,survivor student:2200
student:2201,corrected_student,keep_student,cluster survivor,1689,376304.941,4680723.436,own_mark,directly_reviewed,burial_mound,
phantom:124,promoted_phantom,remove_duplicate,prefer the student record over the phantom,1689,,,,,,survivor student:2201
student:2204,corrected_student,keep_student,cluster survivor,1692,369446.305,4678477.513,own_mark,directly_reviewed,burial_mound,
phantom:102,promoted_phantom,remove_duplicate,prefer the student record over the phantom,1692,,,,,,survivor student:2204
phantom:355,promoted_phantom,remove_duplicate,prefer the student record over the phantom,1692,,,,,,survivor student:2204
student:2208,corrected_student,keep_student,cluster survivor,1696,370860.529,4678956.561,own_mark,directly_reviewed,burial_mound,
phantom:611,promoted_phantom,remove_duplicate,prefer the student record over the phantom,1696,,,,,,survivor student:2208
student:2231,corrected_student,keep_student,cluster survivor,1721,356601.852,4676504.004,own_mark,directly_reviewed,bench_mark_on_mound,
phantom:628,promoted_phantom,remove_duplicate,prefer the student record over the phantom,1721,,,,,,survivor student:2231
student:2234,corrected_student,keep_student,cluster survivor,1724,365848.884,4675828.555,own_mark,directly_reviewed,burial_mound,
phantom:726,promoted_phantom,remove_duplicate,prefer the student record over the phantom,1724,,,,,,survivor student:2234
student:2250,corrected_student,keep_student,cluster survivor,1742,374289.209,4674401.188,own_mark,directly_reviewed,burial_mound,
student:2251,corrected_student,keep_student,cluster survivor,1743,374222.585,4674416.618,own_mark,directly_reviewed,burial_mound,
student:2262,corrected_student,keep_student,cluster survivor,1755,356764.383,4673538.827,own_mark,directly_reviewed,settlement_mound,
phantom:424,promoted_phantom,remove_duplicate,prefer the student record over the phantom,1755,,,,,,survivor student:2262
student:2267,corrected_student,keep_student,cluster survivor,1759,360252.169,4669777.47,own_mark,directly_reviewed,bench_mark_on_mound,
phantom:109,promoted_phantom,remove_duplicate,prefer the student record over the phantom,1759,,,,,,survivor student:2267
student:2269,corrected_student,keep_student,cluster survivor,1761,361035.667,4671488.772,own_mark,directly_reviewed,burial_mound,
phantom:359,promoted_phantom,remove_duplicate,prefer the student record over the phantom,1761,,,,,,survivor student:2269
student:2276,corrected_student,keep_student,cluster survivor,1768,372558.15,4671474.621,own_mark,directly_reviewed,bench_mark_on_mound,
student:2282,corrected_student,keep_student,cluster survivor,1775,337070.241,4668711.159,own_mark,directly_reviewed,burial_mound,
phantom:361,promoted_phantom,remove_duplicate,prefer the student record over the phantom,1775,,,,,,survivor student:2282
student:2295,corrected_student,keep_student,cluster survivor,1789,353468.604,4666139.063,own_mark,directly_reviewed,burial_mound,
student:2297,corrected_student,keep_student,cluster survivor,1791,341630.135,4666899.287,own_mark,directly_reviewed,burial_mound,
student:2298,corrected_student,keep_student,cluster survivor,1792,341699.796,4666867.631,own_mark,directly_reviewed,burial_mound,
student:231,corrected_student,keep_student,cluster survivor,1806,355261.947,4695686.273,own_mark,directly_reviewed,burial_mound,
phantom:464,promoted_phantom,remove_duplicate,prefer the student record over the phantom,1806,,,,,,survivor student:231
student:2315,corrected_student,keep_student,cluster survivor,1812,345690.496,4662240.041,own_mark,directly_reviewed,burial_mound,
phantom:686,promoted_phantom,remove_duplicate,prefer the student record over the phantom,1812,,,,,,survivor student:2315
student:2319,corrected_student,keep_student,cluster survivor,1816,338292.248,4662387.913,own_mark,directly_reviewed,burial_mound,
phantom:706,promoted_phantom,remove_duplicate,prefer the student record over the phantom,1816,,,,,,survivor student:2319
student:2321,corrected_student,keep_student,cluster survivor,1819,335633.459,4662240.209,own_mark,directly_reviewed,burial_mound,
phantom:427,promoted_phantom,remove_duplicate,prefer the student record over the phantom,1819,,,,,,survivor student:2321
phantom:525,promoted_phantom,remove_duplicate,prefer the student record over the phantom,1819,,,,,,survivor student:2321
student:2328,corrected_student,keep_student,cluster survivor,1826,347721.816,4660544.217,own_mark,directly_reviewed,burial_mound,
student:2333,corrected_student,keep_student,cluster survivor,1832,338247.149,4660272.022,own_mark,directly_reviewed,burial_mound,
phantom:360,promoted_phantom,remove_duplicate,prefer the student record over the phantom,1832,,,,,,survivor student:2333
student:2338,corrected_student,keep_student,cluster survivor,1837,351528.483,4658486.012,own_mark,directly_reviewed,burial_mound,
phantom:115,promoted_phantom,remove_duplicate,prefer the student record over the phantom,1837,,,,,,survivor student:2338
phantom:526,promoted_phantom,remove_duplicate,prefer the student record over the phantom,1837,,,,,,survivor student:2338
student:234,corrected_student,keep_student,cluster survivor,1839,341783.816,4696174.502,own_mark,directly_reviewed,bench_mark_on_mound,
student:235,corrected_student,keep_student,cluster survivor,1849,341778.805,4696096.188,own_mark,directly_reviewed,burial_mound,
phantom:324,promoted_phantom,remove_duplicate,prefer the student record over the phantom,1849,,,,,,survivor student:235
student:2350,corrected_student,keep_student,cluster survivor,1850,349801.449,4656593.255,own_mark,directly_reviewed,bench_mark_on_mound,
student:2357,corrected_student,keep_student,cluster survivor,1857,339612.537,4655443.979,own_mark,directly_reviewed,burial_mound,
student:2358,corrected_student,keep_student,cluster survivor,1858,339678.872,4655406.721,own_mark,directly_reviewed,burial_mound,
student:2363,corrected_student,keep_student,cluster survivor,1864,344535.571,4654916.524,own_mark,directly_reviewed,bench_mark_on_mound,
student:2384,corrected_student,keep_student,cluster survivor,1886,335218.763,4651741.554,own_mark,directly_reviewed,burial_mound,
phantom:426,promoted_phantom,remove_duplicate,prefer the student record over the phantom,1886,,,,,,survivor student:2384
phantom:524,promoted_phantom,remove_duplicate,prefer the student record over the phantom,1886,,,,,,survivor student:2384
student:2390,corrected_student,keep_student,cluster survivor,1893,351133.012,4651719.704,own_mark,directly_reviewed,burial_mound,
phantom:112,promoted_phantom,remove_duplicate,prefer the student record over the phantom,1893,,,,,,survivor student:2390
student:2392,corrected_student,keep_student,cluster survivor,1895,342397.797,4651399.323,own_mark,directly_reviewed,bench_mark_on_mound,
phantom:201,promoted_phantom,remove_duplicate,prefer the student record over the phantom,1895,,,,,,survivor student:2392
student:2393,corrected_student,keep_student,cluster survivor,1896,345830.387,4651124.526,own_mark,directly_reviewed,burial_mound,
phantom:205,promoted_phantom,remove_duplicate,prefer the student record over the phantom,1896,,,,,,survivor student:2393
student:2394,corrected_student,keep_student,cluster survivor,1897,350146.462,4651153.579,own_mark,directly_reviewed,bench_mark_on_mound,
phantom:204,promoted_phantom,remove_duplicate,prefer the student record over the phantom,1897,,,,,,survivor student:2394
student:2395,corrected_student,keep_student,cluster survivor,1898,352395.331,4651222.589,own_mark,directly_reviewed,bench_mark_on_mound,
phantom:449,promoted_phantom,remove_duplicate,prefer the student record over the phantom,1898,,,,,,survivor student:2395
student:2396,corrected_student,keep_student,cluster survivor,1899,365769.331,4650878.782,own_mark,directly_reviewed,burial_mound,
student:2397,corrected_student,keep_student,cluster survivor,1900,370788.799,4650577.385,own_mark,directly_reviewed,bench_mark_on_mound,
phantom:207,promoted_phantom,remove_duplicate,prefer the student record over the phantom,1900,,,,,,survivor student:2397
student:2398,corrected_student,keep_student,cluster survivor,1901,375861.309,4659316.518,own_mark,directly_reviewed,bench_mark_on_mound,
phantom:146,promoted_phantom,remove_duplicate,prefer the student record over the phantom,1901,,,,,,survivor student:2398
student:2399,corrected_student,keep_student,cluster survivor,1902,375861.01,4659191.155,own_mark,directly_reviewed,burial_mound,
phantom:147,promoted_phantom,remove_duplicate,prefer the student record over the phantom,1902,,,,,,survivor student:2399
student:2410,corrected_student,keep_student,cluster survivor,1916,363463.361,4666587.548,own_mark,directly_reviewed,burial_mound,
phantom:733,promoted_phantom,remove_duplicate,prefer the student record over the phantom,1916,,,,,,survivor student:2410
student:2411,corrected_student,keep_student,cluster survivor,1917,363669.267,4666596.501,own_mark,directly_reviewed,burial_mound,
student:2437,corrected_student,keep_student,cluster survivor,1943,368834.802,4664663.874,own_mark,directly_reviewed,burial_mound,
phantom:631,promoted_phantom,remove_duplicate,prefer the student record over the phantom,1943,,,,,,survivor student:2437
student:2452,corrected_student,keep_student,cluster survivor,1960,375257.685,4662300.33,own_mark,directly_reviewed,burial_mound,
phantom:321,promoted_phantom,remove_duplicate,prefer the student record over the phantom,1960,,,,,,survivor student:2452
student:2459,corrected_student,keep_student,cluster survivor,1967,373359.428,4662898.906,own_mark,directly_reviewed,burial_mound,
phantom:122,promoted_phantom,remove_duplicate,prefer the student record over the phantom,1967,,,,,,survivor student:2459
student:2465,corrected_student,keep_student,cluster survivor,1974,368266.874,4661247.411,own_mark,directly_reviewed,bench_mark_on_mound,
student:2474,corrected_student,keep_student,cluster survivor,1984,363576.289,4659889.899,own_mark,directly_reviewed,burial_mound,
student:2475,corrected_student,keep_student,cluster survivor,1985,363685.23,4659852.318,own_mark,directly_reviewed,burial_mound,
phantom:430,promoted_phantom,remove_duplicate,prefer the student record over the phantom,1985,,,,,,survivor student:2475
student:2482,corrected_student,keep_student,cluster survivor,1993,364776.04,4657698.446,own_mark,directly_reviewed,burial_mound,
phantom:116,promoted_phantom,remove_duplicate,prefer the student record over the phantom,1993,,,,,,survivor student:2482
student:2487,corrected_student,keep_student,cluster survivor,1998,373178.05,4656927.59,own_mark,directly_reviewed,burial_mound,
student:2502,corrected_student,keep_student,cluster survivor,2015,370032.686,4651423.993,own_mark,directly_reviewed,bench_mark_on_mound,
phantom:428,promoted_phantom,remove_duplicate,prefer the student record over the phantom,2015,,,,,,survivor student:2502
student:2503,corrected_student,keep_student,cluster survivor,2016,369986.309,4651399.265,own_mark,directly_reviewed,burial_mound,
phantom:750,promoted_phantom,remove_duplicate,prefer the student record over the phantom,2016,,,,,,survivor student:2503
student:2517,corrected_student,keep_student,cluster survivor,2029,377218.961,4678575.584,own_mark,directly_reviewed,burial_mound,
phantom:364,promoted_phantom,remove_duplicate,prefer the student record over the phantom,2029,,,,,,survivor student:2517
phantom:528,promoted_phantom,remove_duplicate,prefer the student record over the phantom,2029,,,,,,survivor student:2517
student:2519,corrected_student,keep_student,cluster survivor,2031,377010.917,4686631.103,own_mark,directly_reviewed,burial_mound,
phantom:362,promoted_phantom,remove_duplicate,prefer the student record over the phantom,2031,,,,,,survivor student:2519
student:2527,corrected_student,keep_student,cluster survivor,2040,378257.598,4681445.125,own_mark,directly_reviewed,burial_mound,
student:2528,corrected_student,keep_student,cluster survivor,2041,378310.762,4681429.277,own_mark,directly_reviewed,burial_mound,
student:2548,corrected_student,keep_student,cluster survivor,2062,379419.003,4683711.289,own_mark,directly_reviewed,burial_mound,
student:2549,corrected_student,keep_student,cluster survivor,2063,379364.373,4683720.221,own_mark,directly_reviewed,burial_mound,
student:255,corrected_student,keep_student,cluster survivor,2064,339700.323,4693565.555,own_mark,directly_reviewed,burial_mound,
phantom:668,promoted_phantom,remove_duplicate,prefer the student record over the phantom,2064,,,,,,survivor student:255
student:2560,corrected_student,keep_student,cluster survivor,2076,380715.661,4674438.904,own_mark,directly_reviewed,burial_mound,
phantom:313,promoted_phantom,remove_duplicate,prefer the student record over the phantom,2076,,,,,,survivor student:2560
student:2594,corrected_student,keep_student,cluster survivor,2113,386481.108,4686005.674,own_mark,directly_reviewed,trig_point_on_mound,
student:2600,corrected_student,keep_student,cluster survivor,2121,386213.409,4677175.328,own_mark,directly_reviewed,burial_mound,
student:2602,corrected_student,keep_student,cluster survivor,2122,386180.56,4677230.517,own_mark,directly_reviewed,burial_mound,
student:2605,corrected_student,keep_student,cluster survivor,2124,387424.223,4673360.935,claimant_mark,proxy_confirmed,,
student:2604,corrected_student,remove_duplicate,student→student: the claimant is the duplicate,2124,,,,,,survivor student:2605
student:2611,corrected_student,keep_student,cluster survivor,2131,389191.591,4678583.94,own_mark,directly_reviewed,burial_mound,
phantom:365,promoted_phantom,remove_duplicate,prefer the student record over the phantom,2131,,,,,,survivor student:2611
student:2623,corrected_student,keep_student,cluster survivor,2142,393538.197,4679589.439,own_mark,directly_reviewed,bench_mark_on_mound,
student:2624,corrected_student,keep_student,cluster survivor,2143,393530.696,4679524.75,own_mark,directly_reviewed,burial_mound,
student:2625,corrected_student,keep_student,cluster survivor,2144,393404.198,4679503.232,own_mark,directly_reviewed,burial_mound,
phantom:687,promoted_phantom,remove_duplicate,prefer the student record over the phantom,2144,,,,,,survivor student:2625
student:2630,corrected_student,keep_student,cluster survivor,2150,395279.47,4670184.099,own_mark,directly_reviewed,burial_mound,
student:2631,corrected_student,keep_student,cluster survivor,2151,395214.644,4670140.173,own_mark,directly_reviewed,burial_mound,
student:2634,corrected_student,keep_student,cluster survivor,2153,412437.414,4681944.387,own_mark,directly_reviewed,bench_mark_on_mound,
student:2658,corrected_student,keep_student,cluster survivor,2179,411372.142,4678637.595,own_mark,directly_reviewed,bench_mark_on_mound,
student:2687,corrected_student,keep_student,cluster survivor,2210,404712.968,4670373.232,own_mark,directly_reviewed,burial_mound,
phantom:135,promoted_phantom,remove_duplicate,prefer the student record over the phantom,2210,,,,,,survivor student:2687
student:2695,corrected_student,keep_student,cluster survivor,2218,396588.001,4662683.558,own_mark,directly_reviewed,burial_mound,
phantom:151,promoted_phantom,remove_duplicate,prefer the student record over the phantom,2218,,,,,,survivor student:2695
student:2696,corrected_student,keep_student,cluster survivor,2219,396608.181,4651147.715,own_mark,directly_reviewed,burial_mound,
phantom:149,promoted_phantom,remove_duplicate,prefer the student record over the phantom,2219,,,,,,survivor student:2696
student:2715,corrected_student,keep_student,cluster survivor,2241,386339.058,4664774.619,own_mark,directly_reviewed,burial_mound,
student:2724,corrected_student,keep_student,cluster survivor,2251,396480.951,4662773.085,own_mark,directly_reviewed,burial_mound,
student:4744,corrected_student,remove_duplicate,W7-R2: curator addition of a model detection leaves the student layer,2251,,,,,,survivor student:2724
phantom:148,promoted_phantom,remove_duplicate,prefer the student record over the phantom,2251,,,,,,survivor student:2724
student:2725,corrected_student,keep_student,cluster survivor,2252,396328.744,4662062.784,own_mark,directly_reviewed,burial_mound,
phantom:531,promoted_phantom,remove_duplicate,prefer the student record over the phantom,2252,,,,,,survivor student:2725
student:2737,corrected_student,keep_student,cluster survivor,2263,383791.501,4661311.079,own_mark,directly_reviewed,bench_mark_on_mound,
phantom:734,promoted_phantom,remove_duplicate,prefer the student record over the phantom,2263,,,,,,survivor student:2737
student:2739,corrected_student,keep_student,cluster survivor,2265,379745.526,4661311.233,own_mark,directly_reviewed,burial_mound,
student:2740,corrected_student,keep_student,cluster survivor,2267,379062.407,4659259.242,own_mark,directly_reviewed,burial_mound,
phantom:532,promoted_phantom,remove_duplicate,prefer the student record over the phantom,2267,,,,,,survivor student:2740
student:2752,corrected_student,keep_student,cluster survivor,2280,392234.014,4660321.074,own_mark,directly_reviewed,bench_mark_on_mound,
student:2757,corrected_student,keep_student,cluster survivor,2285,376641.955,4657828.351,own_mark,directly_reviewed,burial_mound,
phantom:630,promoted_phantom,remove_duplicate,prefer the student record over the phantom,2285,,,,,,survivor student:2757
student:2771,corrected_student,keep_student,cluster survivor,2301,388988.614,4653066.94,own_mark,directly_reviewed,burial_mound,
student:2790,corrected_student,keep_student,cluster survivor,2322,377508.085,4650620.908,own_mark,directly_reviewed,burial_mound,
phantom:238,promoted_phantom,remove_duplicate,prefer the student record over the phantom,2322,,,,,,survivor student:2790
student:2791,corrected_student,keep_student,cluster survivor,2323,383404.196,4650369.003,own_mark,directly_reviewed,burial_mound,
phantom:390,promoted_phantom,remove_duplicate,prefer the student record over the phantom,2323,,,,,,survivor student:2791
student:2792,corrected_student,keep_student,cluster survivor,2324,386891.524,4650409.986,own_mark,directly_reviewed,burial_mound,
phantom:216,promoted_phantom,remove_duplicate,prefer the student record over the phantom,2324,,,,,,survivor student:2792
student:2811,corrected_student,keep_student,cluster survivor,2346,402156.205,4665661.256,own_mark,directly_reviewed,burial_mound,
phantom:405,promoted_phantom,remove_duplicate,prefer the student record over the phantom,2346,,,,,,survivor student:2811
student:2815,corrected_student,keep_student,cluster survivor,2350,402772.277,4652212.196,own_mark,directly_reviewed,burial_mound,
phantom:533,promoted_phantom,remove_duplicate,prefer the student record over the phantom,2350,,,,,,survivor student:2815
student:2839,corrected_student,keep_student,cluster survivor,2375,409844.334,4650516.102,own_mark,directly_reviewed,burial_mound,
phantom:152,promoted_phantom,remove_duplicate,prefer the student record over the phantom,2375,,,,,,survivor student:2839
phantom:371,promoted_phantom,remove_duplicate,prefer the student record over the phantom,2375,,,,,,survivor student:2839
student:2849,corrected_student,keep_student,cluster survivor,2386,410174.42,4658401.976,own_mark,directly_reviewed,trig_point_on_mound,
phantom:534,promoted_phantom,remove_duplicate,prefer the student record over the phantom,2386,,,,,,survivor student:2849
student:2865,corrected_student,keep_student,cluster survivor,2404,414762.439,4659779.102,own_mark,directly_reviewed,bench_mark_on_mound,
phantom:435,promoted_phantom,remove_duplicate,prefer the student record over the phantom,2404,,,,,,survivor student:2865
student:2869,corrected_student,keep_student,cluster survivor,2408,419708.837,4673387.343,own_mark,directly_reviewed,bench_mark_on_mound,
student:2877,corrected_student,keep_student,cluster survivor,2417,435598.533,4686240.666,own_mark,directly_reviewed,burial_mound,
phantom:536,promoted_phantom,remove_duplicate,prefer the student record over the phantom,2417,,,,,,survivor student:2877
student:29,corrected_student,keep_student,cluster survivor,2442,328853.16,4703072.438,own_mark,directly_reviewed,burial_mound,
student:2900,corrected_student,keep_student,cluster survivor,2444,424113.209,4683816.465,own_mark,directly_reviewed,burial_mound,
phantom:535,promoted_phantom,remove_duplicate,prefer the student record over the phantom,2444,,,,,,survivor student:2900
student:292,corrected_student,keep_student,cluster survivor,2465,344076.059,4692037.156,own_mark,directly_reviewed,burial_mound,
student:293,corrected_student,keep_student,cluster survivor,2476,344047.138,4691984.038,own_mark,directly_reviewed,burial_mound,
student:2930,corrected_student,keep_student,cluster survivor,2477,422578.68,4677505.699,own_mark,directly_reviewed,burial_mound,
student:2954,corrected_student,keep_student,cluster survivor,2503,426489.974,4673651.07,own_mark,directly_reviewed,burial_mound,
student:296,corrected_student,keep_student,cluster survivor,2509,336004.099,4691182.252,own_mark,directly_reviewed,burial_mound,
student:297,corrected_student,keep_student,cluster survivor,2520,335955.133,4691127.85,own_mark,directly_reviewed,burial_mound,
phantom:3,promoted_phantom,remove_duplicate,prefer the student record over the phantom,2520,,,,,,survivor student:297
student:30,corrected_student,keep_student,cluster survivor,2553,328800.469,4703039.361,own_mark,directly_reviewed,burial_mound,
student:3022,corrected_student,keep_student,cluster survivor,2579,451455.276,4677842.923,own_mark,directly_reviewed,burial_mound,
phantom:613,promoted_phantom,remove_duplicate,prefer the student record over the phantom,2579,,,,,,survivor student:3022
student:3043,corrected_student,keep_student,cluster survivor,2602,447639.614,4673017.287,own_mark,directly_reviewed,burial_mound,
phantom:157,promoted_phantom,remove_duplicate,prefer the student record over the phantom,2602,,,,,,survivor student:3043
phantom:437,promoted_phantom,remove_duplicate,prefer the student record over the phantom,2602,,,,,,survivor student:3043
student:3050,corrected_student,keep_student,cluster survivor,2610,453821.761,4671996.106,own_mark,directly_reviewed,burial_mound,
phantom:614,promoted_phantom,remove_duplicate,prefer the student record over the phantom,2610,,,,,,survivor student:3050
student:3061,corrected_student,keep_student,cluster survivor,2622,454957.151,4670105.878,own_mark,directly_reviewed,burial_mound,
student:3079,corrected_student,keep_student,cluster survivor,2641,428149.263,4667425.619,own_mark,directly_reviewed,burial_mound,
student:3095,corrected_student,keep_student,cluster survivor,2659,429177.451,4664607.557,own_mark,directly_reviewed,burial_mound,
phantom:708,promoted_phantom,remove_duplicate,prefer the student record over the phantom,2659,,,,,,survivor student:3095
student:3140,corrected_student,keep_student,cluster survivor,2707,423534.679,4651945.128,own_mark,directly_reviewed,burial_mound,
phantom:710,promoted_phantom,remove_duplicate,prefer the student record over the phantom,2707,,,,,,survivor student:3140
student:3141,corrected_student,keep_student,cluster survivor,2708,420244.385,4651152.232,own_mark,directly_reviewed,burial_mound,
student:3144,corrected_student,keep_student,cluster survivor,2711,435370.983,4649868.519,own_mark,directly_reviewed,burial_mound,
phantom:319,promoted_phantom,remove_duplicate,prefer the student record over the phantom,2711,,,,,,survivor student:3144
student:317,corrected_student,keep_student,cluster survivor,2738,349416.799,4688799.954,own_mark,directly_reviewed,burial_mound,
student:3189,corrected_student,keep_student,cluster survivor,2759,460350.589,4670854.958,own_mark,directly_reviewed,bench_mark_on_mound,
student:3194,corrected_student,keep_student,cluster survivor,2765,461585.491,4669713.81,own_mark,directly_reviewed,bench_mark_on_mound,
student:3195,corrected_student,keep_student,cluster survivor,2766,462646.364,4685031.567,own_mark,directly_reviewed,burial_mound,
phantom:378,promoted_phantom,remove_duplicate,prefer the student record over the phantom,2766,,,,,,survivor student:3195
student:3201,corrected_student,keep_student,cluster survivor,2774,463868.218,4684132.808,own_mark,directly_reviewed,burial_mound,
student:3202,corrected_student,keep_student,cluster survivor,2775,463827.799,4684087.938,own_mark,directly_reviewed,burial_mound,
student:3207,corrected_student,keep_student,cluster survivor,2780,465665.167,4675894.751,own_mark,directly_reviewed,settlement_mound,
student:3257,corrected_student,keep_student,cluster survivor,2832,469493.709,4669009.713,own_mark,directly_reviewed,burial_mound,
student:3258,corrected_student,keep_student,cluster survivor,2833,469558.644,4668993.942,own_mark,directly_reviewed,burial_mound,
student:3259,corrected_student,keep_student,cluster survivor,2834,470205.406,4675598.038,own_mark,directly_reviewed,bench_mark_on_mound,
student:3260,corrected_student,keep_student,cluster survivor,2836,470123.414,4676735.893,own_mark,directly_reviewed,bench_mark_on_mound,
phantom:541,promoted_phantom,remove_duplicate,prefer the student record over the phantom,2836,,,,,,survivor student:3260
student:3271,corrected_student,keep_student,cluster survivor,2847,472772.816,4682896.329,own_mark,directly_reviewed,burial_mound,
student:3272,corrected_student,keep_student,cluster survivor,2848,472791.89,4682953.236,own_mark,directly_reviewed,bench_mark_on_mound,
student:3275,corrected_student,keep_student,cluster survivor,2851,473668.141,4679937.734,own_mark,directly_reviewed,burial_mound,
phantom:372,promoted_phantom,remove_duplicate,prefer the student record over the phantom,2851,,,,,,survivor student:3275
student:3289,corrected_student,keep_student,cluster survivor,2866,474711.96,4683886.838,own_mark,directly_reviewed,trig_point_on_mound,
student:3293,corrected_student,keep_student,cluster survivor,2871,475565.133,4683159.653,own_mark,directly_reviewed,burial_mound,
student:3294,corrected_student,keep_student,cluster survivor,2872,475527.931,4683103.023,own_mark,directly_reviewed,burial_mound,
phantom:772,promoted_phantom,remove_duplicate,prefer the student record over the phantom,2872,,,,,,survivor student:3294
student:3306,corrected_student,keep_student,cluster survivor,2886,476025.837,4674861.536,own_mark,directly_reviewed,burial_mound,
phantom:645,promoted_phantom,remove_duplicate,prefer the student record over the phantom,2886,,,,,,survivor student:3306
student:3314,corrected_student,keep_student,cluster survivor,2894,476413.156,4684984.54,own_mark,directly_reviewed,burial_mound,
phantom:615,promoted_phantom,remove_duplicate,prefer the student record over the phantom,2894,,,,,,survivor student:3314
phantom:719,promoted_phantom,remove_duplicate,prefer the student record over the phantom,2894,,,,,,survivor student:3314
student:3323,corrected_student,keep_student,cluster survivor,2902,477803.001,4677469.518,claimant_mark,proxy_confirmed,,
student:3321,corrected_student,remove_duplicate,student→student: the claimant is the duplicate,2902,,,,,,survivor student:3323
student:3339,corrected_student,keep_student,cluster survivor,2919,460334.822,4670911.295,own_mark,directly_reviewed,burial_mound,
student:3360,corrected_student,keep_student,cluster survivor,2943,496568.041,4686432.982,own_mark,directly_reviewed,burial_mound,
student:3361,corrected_student,keep_student,cluster survivor,2944,499232.178,4685074.25,own_mark,directly_reviewed,burial_mound,
phantom:548,promoted_phantom,remove_duplicate,prefer the student record over the phantom,2944,,,,,,survivor student:3361
student:3371,corrected_student,keep_student,cluster survivor,2954,485515.991,4684932.919,own_mark,directly_reviewed,burial_mound,
phantom:373,promoted_phantom,remove_duplicate,prefer the student record over the phantom,2954,,,,,,survivor student:3371
phantom:673,promoted_phantom,remove_duplicate,prefer the student record over the phantom,2954,,,,,,survivor student:3371
student:3377,corrected_student,keep_student,cluster survivor,2960,479925.972,4679662.114,own_mark,directly_reviewed,burial_mound,
student:3378,corrected_student,keep_student,cluster survivor,2961,479992.199,4679678.311,own_mark,directly_reviewed,burial_mound,
student:3383,corrected_student,keep_student,cluster survivor,2967,487537.967,4678355.988,own_mark,directly_reviewed,burial_mound,
phantom:690,promoted_phantom,remove_duplicate,prefer the student record over the phantom,2967,,,,,,survivor student:3383
student:3391,corrected_student,keep_student,cluster survivor,2974,490974.291,4676453.709,own_mark,directly_reviewed,burial_mound,
phantom:544,promoted_phantom,remove_duplicate,prefer the student record over the phantom,2974,,,,,,survivor student:3391
student:3393,corrected_student,keep_student,cluster survivor,2976,486075.599,4676786.114,own_mark,directly_reviewed,burial_mound,
phantom:542,promoted_phantom,remove_duplicate,prefer the student record over the phantom,2976,,,,,,survivor student:3393
student:3398,corrected_student,keep_student,cluster survivor,2980,490453.958,4677710.096,own_mark,directly_reviewed,burial_mound,
phantom:632,promoted_phantom,remove_duplicate,prefer the student record over the phantom,2980,,,,,,survivor student:3398
student:3403,corrected_student,keep_student,cluster survivor,2987,496550.563,4674723.58,own_mark,directly_reviewed,bench_mark_on_mound,
phantom:545,promoted_phantom,remove_duplicate,prefer the student record over the phantom,2987,,,,,,survivor student:3403
student:341,corrected_student,keep_student,cluster survivor,2994,363166.342,4701440.574,own_mark,directly_reviewed,burial_mound,
phantom:5,promoted_phantom,remove_duplicate,prefer the student record over the phantom,2994,,,,,,survivor student:341
student:3419,corrected_student,keep_student,cluster survivor,3004,497161.617,4669759.525,own_mark,directly_reviewed,burial_mound,
student:3421,corrected_student,keep_student,cluster survivor,3007,496573.914,4669757.662,own_mark,directly_reviewed,burial_mound,
student:3425,corrected_student,keep_student,cluster survivor,3011,484295.014,4668302.748,own_mark,directly_reviewed,burial_mound,
student:3426,corrected_student,keep_student,cluster survivor,3012,484225.633,4668306.908,own_mark,directly_reviewed,burial_mound,
phantom:547,promoted_phantom,remove_duplicate,prefer the student record over the phantom,3012,,,,,,survivor student:3426
student:3428,corrected_student,keep_student,cluster survivor,3014,483608.273,4668851.315,own_mark,directly_reviewed,trig_point_on_mound,
student:3441,corrected_student,keep_student,cluster survivor,3029,474786.798,4666119.308,own_mark,directly_reviewed,burial_mound,
student:3442,corrected_student,keep_student,cluster survivor,3030,477325.194,4667287.229,own_mark,directly_reviewed,burial_mound,
student:3443,corrected_student,keep_student,cluster survivor,3031,477370.56,4667237.418,own_mark,directly_reviewed,burial_mound,
student:3447,corrected_student,keep_student,cluster survivor,3034,474125.9,4665875.709,claimant_mark,proxy_confirmed,,
student:3446,corrected_student,remove_duplicate,student→student: the claimant is the duplicate,3034,,,,,,survivor student:3447
student:345,corrected_student,keep_student,cluster survivor,3037,361452.649,4701401.488,own_mark,directly_reviewed,burial_mound,
phantom:469,promoted_phantom,remove_duplicate,prefer the student record over the phantom,3037,,,,,,survivor student:345
student:3457,corrected_student,keep_student,cluster survivor,3045,464498.59,4664995.447,own_mark,directly_reviewed,burial_mound,
phantom:709,promoted_phantom,remove_duplicate,prefer the student record over the phantom,3045,,,,,,survivor student:3457
student:3459,corrected_student,keep_student,cluster survivor,3047,463760.883,4664372.887,own_mark,directly_reviewed,burial_mound,
phantom:181,promoted_phantom,remove_duplicate,prefer the student record over the phantom,3047,,,,,,survivor student:3459
student:347,corrected_student,keep_student,cluster survivor,3059,360761.018,4701039.57,own_mark,directly_reviewed,burial_mound,
phantom:325,promoted_phantom,remove_duplicate,prefer the student record over the phantom,3059,,,,,,survivor student:347
student:3470,corrected_student,keep_student,cluster survivor,3060,471078.63,4663670.923,own_mark,directly_reviewed,burial_mound,
phantom:177,promoted_phantom,remove_duplicate,prefer the student record over the phantom,3060,,,,,,survivor student:3470
student:3475,corrected_student,keep_student,cluster survivor,3065,475095.865,4662723.921,own_mark,directly_reviewed,burial_mound,
student:3479,corrected_student,keep_student,cluster survivor,3069,477282.842,4663626.279,own_mark,directly_reviewed,burial_mound,
phantom:376,promoted_phantom,remove_duplicate,prefer the student record over the phantom,3069,,,,,,survivor student:3479
student:3483,corrected_student,keep_student,cluster survivor,3074,465806.615,4661708.741,own_mark,directly_reviewed,burial_mound,
student:3484,corrected_student,keep_student,cluster survivor,3075,465779.776,4661776.066,own_mark,directly_reviewed,burial_mound,
student:3485,corrected_student,keep_student,cluster survivor,3076,465817.961,4661831.912,own_mark,directly_reviewed,burial_mound,
student:3499,corrected_student,keep_student,cluster survivor,3091,476465.766,4656051.727,own_mark,directly_reviewed,burial_mound,
student:3513,corrected_student,keep_student,cluster survivor,3106,466802.43,4655822.339,own_mark,directly_reviewed,trig_point_on_mound,
student:3540,corrected_student,keep_student,cluster survivor,3136,488582.234,4667442.988,own_mark,directly_reviewed,burial_mound,
phantom:179,promoted_phantom,remove_duplicate,prefer the student record over the phantom,3136,,,,,,survivor student:3540
student:3546,corrected_student,keep_student,cluster survivor,3142,489330.121,4666416.187,own_mark,directly_reviewed,burial_mound,
phantom:550,promoted_phantom,remove_duplicate,prefer the student record over the phantom,3142,,,,,,survivor student:3546
student:3553,corrected_student,keep_student,cluster survivor,3150,480921.207,4665223.157,own_mark,directly_reviewed,burial_mound,
phantom:439,promoted_phantom,remove_duplicate,prefer the student record over the phantom,3150,,,,,,survivor student:3553
student:3594,corrected_student,keep_student,cluster survivor,3193,481624.742,4653017.818,own_mark,directly_reviewed,burial_mound,
phantom:551,promoted_phantom,remove_duplicate,prefer the student record over the phantom,3193,,,,,,survivor student:3594
student:3601,corrected_student,keep_student,cluster survivor,3202,480867.09,4651289.066,own_mark,directly_reviewed,burial_mound,
phantom:441,promoted_phantom,remove_duplicate,prefer the student record over the phantom,3202,,,,,,survivor student:3601
student:3602,corrected_student,keep_student,cluster survivor,3203,480282.274,4651329.121,own_mark,directly_reviewed,burial_mound,
phantom:440,promoted_phantom,remove_duplicate,prefer the student record over the phantom,3203,,,,,,survivor student:3602
student:3653,corrected_student,keep_student,cluster survivor,3257,509677.458,4669213.187,own_mark,directly_reviewed,burial_mound,
phantom:646,promoted_phantom,remove_duplicate,prefer the student record over the phantom,3257,,,,,,survivor student:3653
student:3658,corrected_student,keep_student,cluster survivor,3262,505079.27,4668445.747,own_mark,directly_reviewed,burial_mound,
phantom:692,promoted_phantom,remove_duplicate,prefer the student record over the phantom,3262,,,,,,survivor student:3658
student:3659,corrected_student,keep_student,cluster survivor,3263,520339.631,4668474.988,own_mark,directly_reviewed,burial_mound,
phantom:756,promoted_phantom,remove_duplicate,prefer the student record over the phantom,3263,,,,,,survivor student:3659
student:3660,corrected_student,keep_student,cluster survivor,3265,530839.544,4672675.56,own_mark,directly_reviewed,burial_mound,
student:3670,corrected_student,keep_student,cluster survivor,3276,528951.003,4683498.918,own_mark,directly_reviewed,burial_mound,
phantom:377,promoted_phantom,remove_duplicate,prefer the student record over the phantom,3276,,,,,,survivor student:3670
student:3671,corrected_student,keep_student,cluster survivor,3277,528904.994,4683689.847,own_mark,directly_reviewed,burial_mound,
phantom:444,promoted_phantom,remove_duplicate,prefer the student record over the phantom,3277,,,,,,survivor student:3671
student:3677,corrected_student,keep_student,cluster survivor,3283,526446.248,4683143.432,own_mark,directly_reviewed,burial_mound,
student:3683,corrected_student,keep_student,cluster survivor,3290,536998.255,4678008.042,own_mark,directly_reviewed,burial_mound,
phantom:187,promoted_phantom,remove_duplicate,prefer the student record over the phantom,3290,,,,,,survivor student:3683
student:3699,corrected_student,keep_student,cluster survivor,3306,533437.199,4677159.308,own_mark,directly_reviewed,burial_mound,
phantom:190,promoted_phantom,remove_duplicate,prefer the student record over the phantom,3306,,,,,,survivor student:3699
student:3705,corrected_student,keep_student,cluster survivor,3314,527944.459,4674043.9,own_mark,directly_reviewed,burial_mound,
student:3706,corrected_student,keep_student,cluster survivor,3315,527980.722,4673988.433,own_mark,directly_reviewed,burial_mound,
student:3721,corrected_student,keep_student,cluster survivor,3332,534546.666,4671559.065,own_mark,directly_reviewed,burial_mound,
student:3722,corrected_student,keep_student,cluster survivor,3333,534608.163,4671545.444,own_mark,directly_reviewed,burial_mound,
phantom:379,promoted_phantom,remove_duplicate,prefer the student record over the phantom,3333,,,,,,survivor student:3722
student:3741,corrected_student,keep_student,cluster survivor,3354,527718.118,4670577.313,own_mark,directly_reviewed,burial_mound,
phantom:443,promoted_phantom,remove_duplicate,prefer the student record over the phantom,3354,,,,,,survivor student:3741
student:3742,corrected_student,keep_student,cluster survivor,3355,528194.025,4669617.632,own_mark,directly_reviewed,bench_mark_on_mound,
student:3744,corrected_student,keep_student,cluster survivor,3357,528897.827,4670924.058,own_mark,directly_reviewed,bench_mark_on_mound,
phantom:442,promoted_phantom,remove_duplicate,prefer the student record over the phantom,3357,,,,,,survivor student:3744
student:3755,corrected_student,keep_student,cluster survivor,3369,534477.148,4668430.186,own_mark,directly_reviewed,burial_mound,
student:3756,corrected_student,keep_student,cluster survivor,3370,534429.125,4668451.258,own_mark,directly_reviewed,burial_mound,
student:3760,corrected_student,keep_student,cluster survivor,3375,536837.568,4669710.948,own_mark,directly_reviewed,burial_mound,
phantom:556,promoted_phantom,remove_duplicate,prefer the student record over the phantom,3375,,,,,,survivor student:3760
student:3764,corrected_student,keep_student,cluster survivor,3379,537000.975,4669100.589,own_mark,directly_reviewed,burial_mound,
student:3769,corrected_student,keep_student,cluster survivor,3383,538800.93,4668505.581,own_mark,directly_reviewed,burial_mound,
phantom:555,promoted_phantom,remove_duplicate,prefer the student record over the phantom,3383,,,,,,survivor student:3769
student:3772,corrected_student,keep_student,cluster survivor,3387,516829.841,4667170.967,own_mark,directly_reviewed,burial_mound,
phantom:315,promoted_phantom,remove_duplicate,prefer the student record over the phantom,3387,,,,,,survivor student:3772
student:3775,corrected_student,keep_student,cluster survivor,3390,507815.145,4666049.441,own_mark,directly_reviewed,bench_mark_on_mound,
student:3778,corrected_student,keep_student,cluster survivor,3393,516738.685,4666779.086,own_mark,directly_reviewed,burial_mound,
phantom:193,promoted_phantom,remove_duplicate,prefer the student record over the phantom,3393,,,,,,survivor student:3778
student:3779,corrected_student,keep_student,cluster survivor,3394,516913.232,4666955.365,own_mark,directly_reviewed,bench_mark_on_mound,
student:3786,corrected_student,keep_student,cluster survivor,3402,505902.824,4665206.539,own_mark,directly_reviewed,burial_mound,
student:3788,corrected_student,keep_student,cluster survivor,3404,503482.925,4664576.224,own_mark,directly_reviewed,burial_mound,
phantom:382,promoted_phantom,remove_duplicate,prefer the student record over the phantom,3404,,,,,,survivor student:3788
phantom:557,promoted_phantom,remove_duplicate,prefer the student record over the phantom,3404,,,,,,survivor student:3788
student:3796,corrected_student,keep_student,cluster survivor,3413,513101.51,4664881.412,own_mark,directly_reviewed,burial_mound,
phantom:381,promoted_phantom,remove_duplicate,prefer the student record over the phantom,3413,,,,,,survivor student:3796
student:3797,corrected_student,keep_student,cluster survivor,3414,513600.768,4664553.122,own_mark,directly_reviewed,burial_mound,
phantom:383,promoted_phantom,remove_duplicate,prefer the student record over the phantom,3414,,,,,,survivor student:3797
student:38,corrected_student,keep_student,cluster survivor,3416,321130.337,4702901.042,own_mark,directly_reviewed,burial_mound,
phantom:761,promoted_phantom,remove_duplicate,prefer the student record over the phantom,3416,,,,,,survivor student:38
student:3802,corrected_student,keep_student,cluster survivor,3420,501799.709,4663907.591,own_mark,directly_reviewed,burial_mound,
phantom:617,promoted_phantom,remove_duplicate,prefer the student record over the phantom,3420,,,,,,survivor student:3802
student:3807,corrected_student,keep_student,cluster survivor,3424,505195.147,4662908.228,own_mark,directly_reviewed,bench_mark_on_mound,
phantom:560,promoted_phantom,remove_duplicate,prefer the student record over the phantom,3424,,,,,,survivor student:3807
student:3823,corrected_student,keep_student,cluster survivor,3442,501218.199,4656341.14,own_mark,directly_reviewed,burial_mound,
phantom:191,promoted_phantom,remove_duplicate,prefer the student record over the phantom,3442,,,,,,survivor student:3823
student:3827,corrected_student,keep_student,cluster survivor,3446,539615.925,4666253.478,own_mark,directly_reviewed,burial_mound,
student:3828,corrected_student,keep_student,cluster survivor,3447,539669.039,4666308.314,own_mark,directly_reviewed,burial_mound,
student:384,corrected_student,keep_student,cluster survivor,3459,361425.023,4694073.724,own_mark,directly_reviewed,burial_mound,
phantom:723,promoted_phantom,remove_duplicate,prefer the student record over the phantom,3459,,,,,,survivor student:384
student:3840,corrected_student,keep_student,cluster survivor,3460,528656.5,4663090.362,own_mark,directly_reviewed,burial_mound,
phantom:385,promoted_phantom,remove_duplicate,prefer the student record over the phantom,3460,,,,,,survivor student:3840
student:3842,corrected_student,keep_student,cluster survivor,3462,521892.881,4663380.188,own_mark,directly_reviewed,burial_mound,
phantom:618,promoted_phantom,remove_duplicate,prefer the student record over the phantom,3462,,,,,,survivor student:3842
student:3862,corrected_student,keep_student,cluster survivor,3484,536047.712,4651250.418,claimant_mark,proxy_confirmed,,
student:3863,corrected_student,remove_duplicate,student→student: the claimant is the duplicate,3484,,,,,,survivor student:3862
student:3870,corrected_student,keep_student,cluster survivor,3492,533870.503,4655422.381,own_mark,directly_reviewed,burial_mound,
student:3878,corrected_student,keep_student,cluster survivor,3500,528928.387,4659586.899,own_mark,directly_reviewed,burial_mound,
phantom:446,promoted_phantom,remove_duplicate,prefer the student record over the phantom,3500,,,,,,survivor student:3878
student:3890,corrected_student,keep_student,cluster survivor,3514,294611.106,4648266.671,own_mark,directly_reviewed,burial_mound,
student:3891,corrected_student,keep_student,cluster survivor,3515,294587.519,4648199.08,own_mark,directly_reviewed,burial_mound,
student:3892,corrected_student,keep_student,cluster survivor,3516,294659.568,4648202.388,own_mark,directly_reviewed,burial_mound,
student:3895,corrected_student,keep_student,cluster survivor,3519,299984.622,4646034.388,own_mark,directly_reviewed,bench_mark_on_mound,
student:3900,corrected_student,keep_student,cluster survivor,3526,306791.796,4643852.443,own_mark,directly_reviewed,burial_mound,
student:3906,corrected_student,keep_student,cluster survivor,3531,303777.696,4636987.616,own_mark,directly_reviewed,burial_mound,
student:3907,corrected_student,keep_student,cluster survivor,3532,303836.226,4636967.762,own_mark,directly_reviewed,burial_mound,
student:3911,corrected_student,keep_student,cluster survivor,3537,305372.684,4635927.487,own_mark,directly_reviewed,burial_mound,
phantom:619,promoted_phantom,remove_duplicate,prefer the student record over the phantom,3537,,,,,,survivor student:3911
student:3928,corrected_student,keep_student,cluster survivor,3555,325732.121,4640101.741,own_mark,directly_reviewed,burial_mound,
phantom:620,promoted_phantom,remove_duplicate,prefer the student record over the phantom,3555,,,,,,survivor student:3928
student:3929,corrected_student,keep_student,cluster survivor,3556,317580.564,4638032.457,own_mark,directly_reviewed,trig_point_on_mound,
student:393,corrected_student,keep_student,cluster survivor,3557,366761.792,4693780.949,own_mark,directly_reviewed,burial_mound,
student:3957,corrected_student,keep_student,cluster survivor,3587,323893.725,4626818.946,own_mark,directly_reviewed,burial_mound,
student:3963,corrected_student,keep_student,cluster survivor,3594,347726.939,4648021.389,own_mark,directly_reviewed,burial_mound,
student:3969,corrected_student,keep_student,cluster survivor,3600,350683.115,4650228.674,own_mark,directly_reviewed,burial_mound,
phantom:562,promoted_phantom,remove_duplicate,prefer the student record over the phantom,3600,,,,,,survivor student:3969
student:3997,corrected_student,keep_student,cluster survivor,3630,344330.867,4645229.404,own_mark,directly_reviewed,burial_mound,
student:4000,corrected_student,keep_student,cluster survivor,3636,347839.944,4645581.42,own_mark,directly_reviewed,burial_mound,
student:4029,corrected_student,keep_student,cluster survivor,3667,337740.34,4641363.14,own_mark,directly_reviewed,burial_mound,
student:4030,corrected_student,keep_student,cluster survivor,3669,337776.57,4641444.523,own_mark,directly_reviewed,burial_mound,
student:4035,corrected_student,keep_student,cluster survivor,3674,356306.608,4650457.042,own_mark,directly_reviewed,bench_mark_on_mound,
student:4036,corrected_student,keep_student,cluster survivor,3675,357012.589,4649903.894,own_mark,directly_reviewed,burial_mound,
student:4037,corrected_student,keep_student,cluster survivor,3676,355629.209,4650013.185,own_mark,directly_reviewed,settlement_mound,
student:4038,corrected_student,keep_student,cluster survivor,3677,373613.628,4649404.104,own_mark,directly_reviewed,burial_mound,
student:4039,corrected_student,keep_student,cluster survivor,3678,372173.473,4649089.924,own_mark,directly_reviewed,burial_mound,
student:4040,corrected_student,keep_student,cluster survivor,3680,371820.044,4649224.521,own_mark,directly_reviewed,burial_mound,
student:4041,corrected_student,keep_student,cluster survivor,3681,371642.18,4649669.96,own_mark,directly_reviewed,burial_mound,
student:4056,corrected_student,keep_student,cluster survivor,3697,369916.451,4647387.056,own_mark,directly_reviewed,burial_mound,
phantom:211,promoted_phantom,remove_duplicate,prefer the student record over the phantom,3697,,,,,,survivor student:4056
student:4060,corrected_student,keep_student,cluster survivor,3702,357677.459,4646528.217,own_mark,directly_reviewed,burial_mound,
student:4061,corrected_student,keep_student,cluster survivor,3703,357721.183,4646476.598,own_mark,directly_reviewed,burial_mound,
student:4066,corrected_student,keep_student,cluster survivor,3708,370293.166,4645862.922,own_mark,directly_reviewed,burial_mound,
phantom:661,promoted_phantom,remove_duplicate,prefer the student record over the phantom,3708,,,,,,survivor student:4066
student:4067,corrected_student,keep_student,cluster survivor,3709,370326.962,4645797.636,own_mark,directly_reviewed,burial_mound,
student:4072,corrected_student,keep_student,cluster survivor,3715,363084.569,4644842.748,own_mark,directly_reviewed,burial_mound,
phantom:621,promoted_phantom,remove_duplicate,prefer the student record over the phantom,3715,,,,,,survivor student:4072
student:4074,corrected_student,keep_student,cluster survivor,3717,366713.298,4644188.518,own_mark,directly_reviewed,burial_mound,
phantom:563,promoted_phantom,remove_duplicate,prefer the student record over the phantom,3717,,,,,,survivor student:4074
student:4078,corrected_student,keep_student,cluster survivor,3721,368826.108,4644222.602,own_mark,directly_reviewed,burial_mound,
phantom:564,promoted_phantom,remove_duplicate,prefer the student record over the phantom,3721,,,,,,survivor student:4078
student:4101,corrected_student,keep_student,cluster survivor,3748,373765.912,4640474.929,own_mark,directly_reviewed,burial_mound,
student:4102,corrected_student,keep_student,cluster survivor,3749,373752.54,4640404.323,own_mark,directly_reviewed,burial_mound,
student:4104,corrected_student,keep_student,cluster survivor,3751,374855.522,4639431.912,own_mark,directly_reviewed,bench_mark_on_mound,
phantom:210,promoted_phantom,remove_duplicate,prefer the student record over the phantom,3751,,,,,,survivor student:4104
student:4133,corrected_student,keep_student,cluster survivor,3782,373188.026,4635121.608,own_mark,directly_reviewed,burial_mound,
student:4134,corrected_student,keep_student,cluster survivor,3783,373212.757,4635055.904,own_mark,directly_reviewed,burial_mound,
phantom:565,promoted_phantom,remove_duplicate,prefer the student record over the phantom,3783,,,,,,survivor student:4134
student:4135,corrected_student,keep_student,cluster survivor,3784,368241.765,4635472.735,own_mark,directly_reviewed,burial_mound,
phantom:694,promoted_phantom,remove_duplicate,prefer the student record over the phantom,3784,,,,,,survivor student:4135
student:4148,corrected_student,keep_student,cluster survivor,3798,373161.282,4634241.482,own_mark,directly_reviewed,burial_mound,
phantom:695,promoted_phantom,remove_duplicate,prefer the student record over the phantom,3798,,,,,,survivor student:4148
student:4150,corrected_student,keep_student,cluster survivor,3801,373523.631,4634688.809,own_mark,directly_reviewed,burial_mound,
phantom:567,promoted_phantom,remove_duplicate,prefer the student record over the phantom,3801,,,,,,survivor student:4150
student:4153,corrected_student,keep_student,cluster survivor,3804,374089.001,4634287.788,own_mark,directly_reviewed,burial_mound,
student:4154,corrected_student,keep_student,cluster survivor,3805,374084.694,4634220.633,own_mark,directly_reviewed,burial_mound,
student:4161,corrected_student,keep_student,cluster survivor,3813,370096.04,4634013.874,own_mark,directly_reviewed,burial_mound,
phantom:568,promoted_phantom,remove_duplicate,prefer the student record over the phantom,3813,,,,,,survivor student:4161
student:4169,corrected_student,keep_student,cluster survivor,3821,373046.115,4632585.79,own_mark,directly_reviewed,bench_mark_on_mound,
phantom:387,promoted_phantom,remove_duplicate,prefer the student record over the phantom,3821,,,,,,survivor student:4169
phantom:569,promoted_phantom,remove_duplicate,prefer the student record over the phantom,3821,,,,,,survivor student:4169
student:4173,corrected_student,keep_student,cluster survivor,3824,363410.188,4632487.598,own_mark,directly_reviewed,burial_mound,
student:4174,corrected_student,keep_student,cluster survivor,3825,363472.393,4632478.566,own_mark,directly_reviewed,burial_mound,
student:4189,corrected_student,keep_student,cluster survivor,3840,361352.085,4628148.676,own_mark,directly_reviewed,burial_mound,
student:4190,corrected_student,keep_student,cluster survivor,3842,361382.172,4628085.311,own_mark,directly_reviewed,burial_mound,
student:4193,corrected_student,keep_student,cluster survivor,3845,374299.663,4627560.296,own_mark,directly_reviewed,burial_mound,
phantom:570,promoted_phantom,remove_duplicate,prefer the student record over the phantom,3845,,,,,,survivor student:4193
student:4195,corrected_student,keep_student,cluster survivor,3847,361288.448,4627916.535,own_mark,directly_reviewed,burial_mound,
student:4196,corrected_student,keep_student,cluster survivor,3848,361309.608,4627861.105,own_mark,directly_reviewed,burial_mound,
student:4197,corrected_student,keep_student,cluster survivor,3849,361234.587,4627829.707,own_mark,directly_reviewed,burial_mound,
phantom:622,promoted_phantom,remove_duplicate,prefer the student record over the phantom,3849,,,,,,survivor student:4197
student:4198,corrected_student,keep_student,cluster survivor,3850,361194.701,4627787.813,own_mark,directly_reviewed,burial_mound,
student:4199,corrected_student,keep_student,cluster survivor,3851,360522.829,4627474.34,own_mark,directly_reviewed,burial_mound,
student:4200,corrected_student,keep_student,cluster survivor,3854,360464.664,4627475.772,own_mark,directly_reviewed,burial_mound,
student:4219,corrected_student,keep_student,cluster survivor,3874,368751.902,4621242.739,own_mark,directly_reviewed,burial_mound,
student:4220,corrected_student,keep_student,cluster survivor,3876,368782.573,4621202.997,own_mark,directly_reviewed,burial_mound,
student:4232,corrected_student,keep_student,cluster survivor,3889,383206.502,4650334.503,claimant_mark,proxy_confirmed,,
student:4233,corrected_student,remove_duplicate,student→student: the claimant is the duplicate,3889,,,,,,survivor student:4232
student:4235,corrected_student,keep_student,cluster survivor,3891,383304.408,4649368.892,own_mark,directly_reviewed,burial_mound,
student:4242,corrected_student,keep_student,cluster survivor,3899,380922.449,4633911.921,own_mark,directly_reviewed,burial_mound,
student:4259,corrected_student,keep_student,cluster survivor,3915,394059.842,4634698.966,own_mark,directly_reviewed,burial_mound,
phantom:573,promoted_phantom,remove_duplicate,prefer the student record over the phantom,3915,,,,,,survivor student:4259
student:4294,corrected_student,keep_student,cluster survivor,3954,394659.839,4637608.02,own_mark,directly_reviewed,bench_mark_on_mound,
student:4299,corrected_student,keep_student,cluster survivor,3959,383735.172,4638250.269,own_mark,directly_reviewed,burial_mound,
student:430,corrected_student,keep_student,cluster survivor,3961,363899.491,4689728.368,own_mark,directly_reviewed,burial_mound,
phantom:468,promoted_phantom,remove_duplicate,prefer the student record over the phantom,3961,,,,,,survivor student:430
student:4304,corrected_student,keep_student,cluster survivor,3966,380446.558,4640539.478,own_mark,directly_reviewed,trig_point_on_mound,
phantom:451,promoted_phantom,remove_duplicate,prefer the student record over the phantom,3966,,,,,,survivor student:4304
student:431,corrected_student,keep_student,cluster survivor,3972,363151.025,4689787.786,own_mark,directly_reviewed,burial_mound,
phantom:467,promoted_phantom,remove_duplicate,prefer the student record over the phantom,3972,,,,,,survivor student:431
student:4333,corrected_student,keep_student,cluster survivor,3997,384080.683,4644601.204,own_mark,directly_reviewed,trig_point_on_mound,
student:4338,corrected_student,keep_student,cluster survivor,4002,392422.208,4644278.867,own_mark,directly_reviewed,burial_mound,
phantom:572,promoted_phantom,remove_duplicate,prefer the student record over the phantom,4002,,,,,,survivor student:4338
student:4341,corrected_student,keep_student,cluster survivor,4006,386701.156,4648885.224,own_mark,directly_reviewed,trig_point_on_mound,
phantom:623,promoted_phantom,remove_duplicate,prefer the student record over the phantom,4006,,,,,,survivor student:4341
phantom:730,promoted_phantom,remove_duplicate,prefer the student record over the phantom,4006,,,,,,survivor student:4341
student:435,corrected_student,keep_student,cluster survivor,4014,376155.009,4688361.279,own_mark,directly_reviewed,bench_mark_on_mound,
phantom:6,promoted_phantom,remove_duplicate,prefer the student record over the phantom,4014,,,,,,survivor student:435
student:438,corrected_student,keep_student,cluster survivor,4046,409795.797,4724309.633,own_mark,directly_reviewed,burial_mound,
phantom:678,promoted_phantom,remove_duplicate,prefer the student record over the phantom,4046,,,,,,survivor student:438
student:4406,corrected_student,keep_student,cluster survivor,4075,377039.316,4630276.579,own_mark,directly_reviewed,burial_mound,
phantom:578,promoted_phantom,remove_duplicate,prefer the student record over the phantom,4075,,,,,,survivor student:4406
student:4407,corrected_student,keep_student,cluster survivor,4076,377868.528,4629849.819,own_mark,directly_reviewed,burial_mound,
phantom:266,promoted_phantom,remove_duplicate,prefer the student record over the phantom,4076,,,,,,survivor student:4407
student:4414,corrected_student,keep_student,cluster survivor,4084,384041.113,4629929.874,own_mark,directly_reviewed,burial_mound,
phantom:577,promoted_phantom,remove_duplicate,prefer the student record over the phantom,4084,,,,,,survivor student:4414
student:4417,corrected_student,keep_student,cluster survivor,4086,387494.136,4629171.942,own_mark,directly_reviewed,burial_mound,
phantom:453,promoted_phantom,remove_duplicate,prefer the student record over the phantom,4086,,,,,,survivor student:4417
student:4419,corrected_student,keep_student,cluster survivor,4088,387597.093,4628095.806,own_mark,directly_reviewed,burial_mound,
student:4420,corrected_student,keep_student,cluster survivor,4090,387584.422,4628163.054,own_mark,directly_reviewed,burial_mound,
student:4425,corrected_student,keep_student,cluster survivor,4095,384437.356,4627094.541,own_mark,directly_reviewed,burial_mound,
student:4426,corrected_student,keep_student,cluster survivor,4096,388645.304,4627989.417,own_mark,directly_reviewed,burial_mound,
student:4436,corrected_student,keep_student,cluster survivor,4107,376693.459,4625633.248,own_mark,directly_reviewed,burial_mound,
phantom:580,promoted_phantom,remove_duplicate,prefer the student record over the phantom,4107,,,,,,survivor student:4436
student:4437,corrected_student,keep_student,cluster survivor,4108,376874.887,4625948.285,own_mark,directly_reviewed,burial_mound,
phantom:452,promoted_phantom,remove_duplicate,prefer the student record over the phantom,4108,,,,,,survivor student:4437
student:4438,corrected_student,keep_student,cluster survivor,4109,376866.392,4625891.843,own_mark,directly_reviewed,burial_mound,
student:4441,corrected_student,keep_student,cluster survivor,4113,380349.508,4625038.17,own_mark,directly_reviewed,burial_mound,
phantom:626,promoted_phantom,remove_duplicate,prefer the student record over the phantom,4113,,,,,,survivor student:4441
student:4471,corrected_student,keep_student,cluster survivor,4146,401080.8,4630039.681,own_mark,directly_reviewed,burial_mound,
phantom:267,promoted_phantom,remove_duplicate,prefer the student record over the phantom,4146,,,,,,survivor student:4471
phantom:579,promoted_phantom,remove_duplicate,prefer the student record over the phantom,4146,,,,,,survivor student:4471
phantom:582,promoted_phantom,remove_duplicate,prefer the student record over the phantom,4146,,,,,,survivor student:4471
student:4476,corrected_student,keep_student,cluster survivor,4151,401084.863,4629453.977,own_mark,directly_reviewed,burial_mound,
student:449,corrected_student,keep_student,cluster survivor,4165,405121.201,4722698.833,own_mark,directly_reviewed,burial_mound,
student:4490,corrected_student,keep_student,cluster survivor,4166,407117.022,4624640.577,own_mark,directly_reviewed,burial_mound,
student:4504,corrected_student,keep_student,cluster survivor,4182,414606.677,4623986.909,own_mark,directly_reviewed,burial_mound,
phantom:395,promoted_phantom,remove_duplicate,prefer the student record over the phantom,4182,,,,,,survivor student:4504
student:4511,corrected_student,keep_student,cluster survivor,4190,418593.589,4643963.126,own_mark,directly_reviewed,trig_point_on_mound,
student:4512,corrected_student,keep_student,cluster survivor,4191,430622.177,4639665.74,own_mark,directly_reviewed,burial_mound,
student:4541,corrected_student,keep_student,cluster survivor,4222,430538.219,4639873.491,own_mark,directly_reviewed,bench_mark_on_mound,
phantom:455,promoted_phantom,remove_duplicate,prefer the student record over the phantom,4222,,,,,,survivor student:4541
student:4546,corrected_student,keep_student,cluster survivor,4227,433512.114,4644409.088,own_mark,directly_reviewed,burial_mound,
student:4547,corrected_student,keep_student,cluster survivor,4228,432575.074,4643765.601,own_mark,directly_reviewed,burial_mound,
student:4548,corrected_student,keep_student,cluster survivor,4229,432608.239,4643685.662,own_mark,directly_reviewed,burial_mound,
student:4554,corrected_student,keep_student,cluster survivor,4236,433194.834,4633473.244,own_mark,directly_reviewed,burial_mound,
phantom:410,promoted_phantom,remove_duplicate,prefer the student record over the phantom,4236,,,,,,survivor student:4554
student:4555,corrected_student,keep_student,cluster survivor,4237,433132.578,4633368.584,own_mark,directly_reviewed,burial_mound,
student:4574,corrected_student,keep_student,cluster survivor,4256,443384.722,4644178.286,own_mark,directly_reviewed,burial_mound,
student:4576,corrected_student,keep_student,cluster survivor,4258,457604.833,4648648.753,own_mark,directly_reviewed,burial_mound,
student:462,corrected_student,keep_student,cluster survivor,4307,403299.563,4718147.738,own_mark,directly_reviewed,burial_mound,
student:4627,corrected_student,keep_student,cluster survivor,4315,446293.124,4633007.012,own_mark,directly_reviewed,burial_mound,
phantom:651,promoted_phantom,remove_duplicate,prefer the student record over the phantom,4315,,,,,,survivor student:4627
student:4629,corrected_student,keep_student,cluster survivor,4317,444312.832,4633246.802,own_mark,directly_reviewed,burial_mound,
student:463,corrected_student,keep_student,cluster survivor,4318,403352.451,4718212.489,own_mark,directly_reviewed,burial_mound,
student:4635,corrected_student,keep_student,cluster survivor,4323,440759.669,4633647.603,own_mark,directly_reviewed,burial_mound,
student:4645,corrected_student,keep_student,cluster survivor,4334,447709.148,4632276.714,own_mark,directly_reviewed,burial_mound,
student:4646,corrected_student,keep_student,cluster survivor,4335,447707.129,4632212.747,own_mark,directly_reviewed,burial_mound,
phantom:713,promoted_phantom,remove_duplicate,prefer the student record over the phantom,4335,,,,,,survivor student:4646
student:4667,corrected_student,keep_student,cluster survivor,4357,432444.323,4630608.811,own_mark,directly_reviewed,burial_mound,
phantom:700,promoted_phantom,remove_duplicate,prefer the student record over the phantom,4357,,,,,,survivor student:4667
student:4684,corrected_student,keep_student,cluster survivor,4376,424894.68,4626091.18,own_mark,directly_reviewed,burial_mound,
student:4685,corrected_student,keep_student,cluster survivor,4377,424962.186,4626110.896,own_mark,directly_reviewed,burial_mound,
student:4700,corrected_student,keep_student,cluster survivor,4395,419853.693,4621977.641,own_mark,directly_reviewed,burial_mound,
student:4714,corrected_student,keep_student,cluster survivor,4410,450810.932,4630466.334,own_mark,directly_reviewed,burial_mound,
phantom:711,promoted_phantom,remove_duplicate,prefer the student record over the phantom,4410,,,,,,survivor student:4714
student:4719,corrected_student,keep_student,cluster survivor,4415,455645.455,4630830.423,own_mark,directly_reviewed,burial_mound,
student:4720,corrected_student,keep_student,cluster survivor,4417,455703.185,4630781.043,own_mark,directly_reviewed,burial_mound,
student:4727,corrected_student,keep_student,cluster survivor,4424,442848.509,4629364.27,own_mark,directly_reviewed,bench_mark_on_mound,
student:4742,corrected_student,keep_student,cluster survivor,4440,442520.275,4622984.27,own_mark,directly_reviewed,trig_point_on_mound,
phantom:308,promoted_phantom,remove_duplicate,prefer the student record over the phantom,4440,,,,,,survivor student:4742
phantom:401,promoted_phantom,remove_duplicate,prefer the student record over the phantom,4440,,,,,,survivor student:4742
phantom:72,promoted_phantom,keep_phantom_extension,cluster survivor,4442,326974.642,4658036.345,own_mark,directly_reviewed,trig_point_on_mound,candidate 72
student:4745,corrected_student,remove_duplicate,W7-R2: curator addition of a model detection leaves the student layer,4442,,,,,,survivor phantom:72
student:48,corrected_student,keep_student,cluster survivor,4448,329370.213,4702454.726,own_mark,directly_reviewed,burial_mound,
student:483,corrected_student,keep_student,cluster survivor,4452,409609.975,4709757.106,own_mark,directly_reviewed,burial_mound,
student:484,corrected_student,keep_student,cluster survivor,4453,409591.964,4709695.928,own_mark,directly_reviewed,burial_mound,
student:49,corrected_student,keep_student,cluster survivor,4459,329342.291,4702510.283,own_mark,directly_reviewed,burial_mound,
student:501,corrected_student,keep_student,cluster survivor,4472,408557.5,4707838.695,own_mark,directly_reviewed,burial_mound,
phantom:471,promoted_phantom,remove_duplicate,prefer the student record over the phantom,4472,,,,,,survivor student:501
student:504,corrected_student,keep_student,cluster survivor,4475,406288.457,4705900.561,own_mark,directly_reviewed,burial_mound,
phantom:654,promoted_phantom,remove_duplicate,prefer the student record over the phantom,4475,,,,,,survivor student:504
phantom:677,promoted_phantom,remove_duplicate,prefer the student record over the phantom,4475,,,,,,survivor student:504
phantom:724,promoted_phantom,remove_duplicate,prefer the student record over the phantom,4475,,,,,,survivor student:504
student:511,corrected_student,keep_student,cluster survivor,4483,409042.07,4706608.261,own_mark,directly_reviewed,burial_mound,
phantom:653,promoted_phantom,remove_duplicate,prefer the student record over the phantom,4483,,,,,,survivor student:511
student:536,corrected_student,keep_student,cluster survivor,4510,392316.525,4700853.638,own_mark,directly_reviewed,burial_mound,
student:563,corrected_student,keep_student,cluster survivor,4540,381016.051,4696126.049,own_mark,directly_reviewed,burial_mound,
student:569,corrected_student,keep_student,cluster survivor,4546,379610.255,4695273.547,own_mark,directly_reviewed,burial_mound,
student:598,corrected_student,keep_student,cluster survivor,4578,379217.147,4691360.515,own_mark,directly_reviewed,settlement_mound,
student:600,corrected_student,keep_student,cluster survivor,4582,389455.551,4691118.301,own_mark,directly_reviewed,burial_mound,
phantom:472,promoted_phantom,remove_duplicate,prefer the student record over the phantom,4582,,,,,,survivor student:600
student:611,corrected_student,keep_student,cluster survivor,4594,380697.815,4690654.327,own_mark,directly_reviewed,burial_mound,
student:612,corrected_student,keep_student,cluster survivor,4595,380642.268,4690696.701,own_mark,directly_reviewed,burial_mound,
student:614,corrected_student,keep_student,cluster survivor,4597,380145.089,4690249.769,own_mark,directly_reviewed,burial_mound,
phantom:474,promoted_phantom,remove_duplicate,prefer the student record over the phantom,4597,,,,,,survivor student:614
student:624,corrected_student,keep_student,cluster survivor,4607,381173.664,4688495.526,own_mark,directly_reviewed,burial_mound,
phantom:589,promoted_phantom,remove_duplicate,prefer the student record over the phantom,4607,,,,,,survivor student:624
student:630,corrected_student,keep_student,cluster survivor,4614,378261.004,4688332.618,own_mark,directly_reviewed,burial_mound,
student:655,corrected_student,keep_student,cluster survivor,4639,434627.628,4712457.819,own_mark,directly_reviewed,trig_point_on_mound,
phantom:478,promoted_phantom,remove_duplicate,prefer the student record over the phantom,4639,,,,,,survivor student:655
student:656,corrected_student,keep_student,cluster survivor,4640,424031.719,4711753.864,own_mark,directly_reviewed,bench_mark_on_mound,
student:673,corrected_student,keep_student,cluster survivor,4659,436178.188,4709003.226,own_mark,directly_reviewed,bench_mark_on_mound,
phantom:475,promoted_phantom,remove_duplicate,prefer the student record over the phantom,4659,,,,,,survivor student:673
student:676,corrected_student,keep_student,cluster survivor,4662,437846.954,4708171.774,own_mark,directly_reviewed,burial_mound,
phantom:477,promoted_phantom,remove_duplicate,prefer the student record over the phantom,4662,,,,,,survivor student:676
student:700,corrected_student,keep_student,cluster survivor,4689,441684.919,4722380.04,own_mark,directly_reviewed,burial_mound,
student:746,corrected_student,keep_student,cluster survivor,4735,457762.741,4712042.018,own_mark,directly_reviewed,bench_mark_on_mound,
phantom:328,promoted_phantom,remove_duplicate,prefer the student record over the phantom,4735,,,,,,survivor student:746
student:752,corrected_student,keep_student,cluster survivor,4741,455417.681,4711044.65,claimant_mark,proxy_confirmed,,
student:751,corrected_student,remove_duplicate,student→student: the claimant is the duplicate,4741,,,,,,survivor student:752
student:76,corrected_student,keep_student,cluster survivor,4749,323155.583,4700748.075,own_mark,directly_reviewed,burial_mound,
phantom:459,promoted_phantom,remove_duplicate,prefer the student record over the phantom,4749,,,,,,survivor student:76
student:77,corrected_student,keep_student,cluster survivor,4760,323160.592,4700686.22,own_mark,directly_reviewed,burial_mound,
student:78,corrected_student,keep_student,cluster survivor,4771,321936.481,4699394.377,own_mark,directly_reviewed,burial_mound,
student:787,corrected_student,keep_student,cluster survivor,4779,448140.089,4708342.835,own_mark,directly_reviewed,burial_mound,
phantom:412,promoted_phantom,remove_duplicate,prefer the student record over the phantom,4779,,,,,,survivor student:787
student:788,corrected_student,keep_student,cluster survivor,4780,443313.754,4708516.064,own_mark,directly_reviewed,burial_mound,
student:797,corrected_student,keep_student,cluster survivor,4790,455394.67,4708082.844,own_mark,directly_reviewed,burial_mound,
phantom:479,promoted_phantom,remove_duplicate,prefer the student record over the phantom,4790,,,,,,survivor student:797
student:803,corrected_student,keep_student,cluster survivor,4798,453556.87,4706662.543,own_mark,directly_reviewed,burial_mound,
student:813,corrected_student,keep_student,cluster survivor,4809,443683.374,4706932.252,own_mark,directly_reviewed,bench_mark_on_mound,
student:814,corrected_student,keep_student,cluster survivor,4810,453009.589,4705659.886,own_mark,directly_reviewed,burial_mound,
student:816,corrected_student,keep_student,cluster survivor,4812,452413.043,4699170.599,own_mark,directly_reviewed,bench_mark_on_mound,
student:817,corrected_student,keep_student,cluster survivor,4813,446342.405,4696360.359,own_mark,directly_reviewed,trig_point_on_mound,
student:818,corrected_student,keep_student,cluster survivor,4814,440009.103,4704571.776,own_mark,directly_reviewed,trig_point_on_mound,
phantom:402,promoted_phantom,remove_duplicate,prefer the student record over the phantom,4814,,,,,,survivor student:818
student:836,corrected_student,keep_student,cluster survivor,4834,450857.417,4703825.027,own_mark,directly_reviewed,burial_mound,
phantom:330,promoted_phantom,remove_duplicate,prefer the student record over the phantom,4834,,,,,,survivor student:836
phantom:592,promoted_phantom,remove_duplicate,prefer the student record over the phantom,4834,,,,,,survivor student:836
student:858,corrected_student,keep_student,cluster survivor,4858,455168.745,4695567.089,own_mark,directly_reviewed,bench_mark_on_mound,
phantom:17,promoted_phantom,remove_duplicate,prefer the student record over the phantom,4858,,,,,,survivor student:858
student:861,corrected_student,keep_student,cluster survivor,4862,456661.101,4693702.707,own_mark,directly_reviewed,burial_mound,
phantom:329,promoted_phantom,remove_duplicate,prefer the student record over the phantom,4862,,,,,,survivor student:861
student:864,corrected_student,keep_student,cluster survivor,4865,444517.962,4693687.541,own_mark,directly_reviewed,burial_mound,
phantom:591,promoted_phantom,remove_duplicate,prefer the student record over the phantom,4865,,,,,,survivor student:864
student:876,corrected_student,keep_student,cluster survivor,4878,457423.746,4690335.385,own_mark,directly_reviewed,trig_point_on_mound,
phantom:18,promoted_phantom,remove_duplicate,prefer the student record over the phantom,4878,,,,,,survivor student:876
student:885,corrected_student,keep_student,cluster survivor,4887,438877.453,4689490.296,own_mark,directly_reviewed,burial_mound,
student:896,corrected_student,keep_student,cluster survivor,4899,444959.11,4688534.989,own_mark,directly_reviewed,burial_mound,
phantom:481,promoted_phantom,remove_duplicate,prefer the student record over the phantom,4899,,,,,,survivor student:896
student:897,corrected_student,keep_student,cluster survivor,4900,445115.708,4688690.58,own_mark,directly_reviewed,burial_mound,
student:898,corrected_student,keep_student,cluster survivor,4901,445090.086,4688761.861,own_mark,directly_reviewed,burial_mound,
student:926,corrected_student,keep_student,cluster survivor,4930,460995.204,4721762.397,own_mark,directly_reviewed,burial_mound,
phantom:485,promoted_phantom,remove_duplicate,prefer the student record over the phantom,4930,,,,,,survivor student:926
student:928,corrected_student,keep_student,cluster survivor,4931,461641.399,4721612.547,claimant_mark,proxy_confirmed,,
student:927,corrected_student,remove_duplicate,student→student: the claimant is the duplicate,4931,,,,,,survivor student:928
student:937,corrected_student,keep_student,cluster survivor,4941,478796.845,4721228.411,own_mark,directly_reviewed,burial_mound,
phantom:331,promoted_phantom,remove_duplicate,prefer the student record over the phantom,4941,,,,,,survivor student:937
student:945,corrected_student,keep_student,cluster survivor,4949,467156.601,4720458.984,own_mark,directly_reviewed,burial_mound,
phantom:482,promoted_phantom,remove_duplicate,prefer the student record over the phantom,4949,,,,,,survivor student:945
student:953,corrected_student,keep_student,cluster survivor,4958,459128.609,4716986.418,own_mark,directly_reviewed,burial_mound,
phantom:680,promoted_phantom,remove_duplicate,prefer the student record over the phantom,4958,,,,,,survivor student:953
student:967,corrected_student,keep_student,cluster survivor,4973,465607.301,4715814.965,own_mark,directly_reviewed,burial_mound,
phantom:332,promoted_phantom,remove_duplicate,prefer the student record over the phantom,4973,,,,,,survivor student:967
student:973,corrected_student,keep_student,cluster survivor,4980,470715.187,4713666.135,own_mark,directly_reviewed,trig_point_on_mound,
phantom:31,promoted_phantom,remove_duplicate,prefer the student record over the phantom,4980,,,,,,survivor student:973
student:975,corrected_student,keep_student,cluster survivor,4982,478136.336,4714026.947,own_mark,directly_reviewed,burial_mound,
superseded:47,superseded_premerge,restore_premerge,cluster survivor,5009,363603.292,4632084.133,as_recorded,directly_reviewed,,
