member,K,subset,t,n_det,f1_20,f1_50
gold-standard-v2::detect_brief-text,3,"[0, 1, 2]",1,2761,0.2528160200250313,
gold-standard-v2::detect_brief-text,3,"[0, 1, 2]",2,964,0.5518227305218013,
gold-standard-v2::detect_brief-text,3,"[0, 1, 2]",3,509,0.7203389830508474,
gold-standard-v2::detect_brief-text,5,"[0, 1, 2, 3, 4]",1,3848,0.18911977585804343,
gold-standard-v2::detect_brief-text,5,"[0, 1, 2, 3, 4]",2,1398,0.4353518821603928,
gold-standard-v2::detect_brief-text,5,"[0, 1, 2, 3, 4]",3,868,0.59247889485802,
gold-standard-v2::detect_brief-text,5,"[0, 1, 2, 3, 4]",4,608,0.6999041227229146,
gold-standard-v2::detect_brief-text,5,"[0, 1, 2, 3, 4]",5,420,0.7649122807017544,
pv-diag-384::flash-high-text-n5-text-t0.7,3,"[0, 1, 2]",1,2755,0.25266457680250787,
pv-diag-384::flash-high-text-n5-text-t0.7,3,"[0, 1, 2]",2,937,0.5583090379008746,
pv-diag-384::flash-high-text-n5-text-t0.7,3,"[0, 1, 2]",3,528,0.7248182762201455,
pv-diag-384::flash-high-text-n5-text-t0.7,3,"[3, 4, 5]",1,2728,0.2529244388239013,
pv-diag-384::flash-high-text-n5-text-t0.7,3,"[3, 4, 5]",2,950,0.5602888086642599,
pv-diag-384::flash-high-text-n5-text-t0.7,3,"[3, 4, 5]",3,520,0.7287958115183245,
pv-diag-384::flash-high-text-n5-text-t0.7,3,"[6, 7, 8]",1,2796,0.25131538223460226,
pv-diag-384::flash-high-text-n5-text-t0.7,3,"[6, 7, 8]",2,956,0.5478073328540619,
pv-diag-384::flash-high-text-n5-text-t0.7,3,"[6, 7, 8]",3,524,0.7340980187695516,
pv-diag-384::flash-high-text-n5-text-t0.7,3,"[9, 10, 11]",1,2953,0.23730814639905543,
pv-diag-384::flash-high-text-n5-text-t0.7,3,"[9, 10, 11]",2,991,0.538569424964937,
pv-diag-384::flash-high-text-n5-text-t0.7,3,"[9, 10, 11]",3,559,0.6780684104627765,
pv-diag-384::flash-high-text-n5-text-t0.7,3,"[12, 13, 14]",1,2782,0.2505439850792664,
pv-diag-384::flash-high-text-n5-text-t0.7,3,"[12, 13, 14]",2,957,0.5560344827586207,
pv-diag-384::flash-high-text-n5-text-t0.7,3,"[12, 13, 14]",3,514,0.7312961011591148,
pv-diag-384::flash-high-text-n5-text-t0.7,3,"[15, 16, 17]",1,2766,0.2524211184004998,
pv-diag-384::flash-high-text-n5-text-t0.7,3,"[15, 16, 17]",2,930,0.567032967032967,
pv-diag-384::flash-high-text-n5-text-t0.7,3,"[15, 16, 17]",3,528,0.7248182762201455,
pv-diag-384::flash-high-text-n5-text-t0.7,3,"[18, 19, 20]",1,2698,0.26109160548994576,
pv-diag-384::flash-high-text-n5-text-t0.7,3,"[18, 19, 20]",2,972,0.5543710021321961,
pv-diag-384::flash-high-text-n5-text-t0.7,3,"[18, 19, 20]",3,559,0.7183098591549296,
pv-diag-384::flash-high-text-n5-text-t0.7,3,"[21, 22, 23]",1,2861,0.2439320388349515,
pv-diag-384::flash-high-text-n5-text-t0.7,3,"[21, 22, 23]",2,973,0.5426136363636364,
pv-diag-384::flash-high-text-n5-text-t0.7,3,"[21, 22, 23]",3,519,0.7190775681341718,
pv-diag-384::flash-high-text-n5-text-t0.7,3,"[24, 25, 26]",1,2724,0.253877809433365,
pv-diag-384::flash-high-text-n5-text-t0.7,3,"[24, 25, 26]",2,1001,0.5445682451253482,
pv-diag-384::flash-high-text-n5-text-t0.7,3,"[24, 25, 26]",3,534,0.7389060887512899,
pv-diag-384::flash-high-text-n5-text-t0.7,3,"[27, 28, 29]",1,2864,0.24249772658381327,
pv-diag-384::flash-high-text-n5-text-t0.7,3,"[27, 28, 29]",2,951,0.5526695526695526,
pv-diag-384::flash-high-text-n5-text-t0.7,3,"[27, 28, 29]",3,537,0.720164609053498,
pv-diag-384::flash-high-text-n5-text-t0.7,5,"[0, 1, 2, 3, 4]",1,3736,0.19611603931910812,
pv-diag-384::flash-high-text-n5-text-t0.7,5,"[0, 1, 2, 3, 4]",2,1376,0.4362230811706239,
pv-diag-384::flash-high-text-n5-text-t0.7,5,"[0, 1, 2, 3, 4]",3,855,0.6,
pv-diag-384::flash-high-text-n5-text-t0.7,5,"[0, 1, 2, 3, 4]",4,584,0.720314033366045,
pv-diag-384::flash-high-text-n5-text-t0.7,5,"[0, 1, 2, 3, 4]",5,415,0.7788235294117646,
pv-diag-384::flash-high-text-n5-text-t0.7,5,"[5, 6, 7, 8, 9]",1,3916,0.18938175132153529,
pv-diag-384::flash-high-text-n5-text-t0.7,5,"[5, 6, 7, 8, 9]",2,1380,0.43966942148760335,
pv-diag-384::flash-high-text-n5-text-t0.7,5,"[5, 6, 7, 8, 9]",3,881,0.5820668693009118,
pv-diag-384::flash-high-text-n5-text-t0.7,5,"[5, 6, 7, 8, 9]",4,603,0.7129094412331406,
pv-diag-384::flash-high-text-n5-text-t0.7,5,"[5, 6, 7, 8, 9]",5,418,0.7737397420867527,
pv-diag-384::flash-high-text-n5-text-t0.7,5,"[10, 11, 12, 13, 14]",1,3957,0.1844262295081967,
pv-diag-384::flash-high-text-n5-text-t0.7,5,"[10, 11, 12, 13, 14]",2,1424,0.42495965572888655,
pv-diag-384::flash-high-text-n5-text-t0.7,5,"[10, 11, 12, 13, 14]",3,868,0.5940138142747505,
pv-diag-384::flash-high-text-n5-text-t0.7,5,"[10, 11, 12, 13, 14]",4,611,0.6998087954110899,
pv-diag-384::flash-high-text-n5-text-t0.7,5,"[10, 11, 12, 13, 14]",5,424,0.7706635622817231,
pv-diag-384::flash-high-text-n5-text-t0.7,5,"[15, 16, 17, 18, 19]",1,3716,0.1975427607805348,
pv-diag-384::flash-high-text-n5-text-t0.7,5,"[15, 16, 17, 18, 19]",2,1397,0.44104803493449785,
pv-diag-384::flash-high-text-n5-text-t0.7,5,"[15, 16, 17, 18, 19]",3,866,0.5995388162951575,
pv-diag-384::flash-high-text-n5-text-t0.7,5,"[15, 16, 17, 18, 19]",4,613,0.7137404580152671,
pv-diag-384::flash-high-text-n5-text-t0.7,5,"[15, 16, 17, 18, 19]",5,438,0.7537227949599083,
pv-diag-384::flash-high-text-n5-text-t0.7,5,"[20, 21, 22, 23, 24]",1,3866,0.18972332015810278,
pv-diag-384::flash-high-text-n5-text-t0.7,5,"[20, 21, 22, 23, 24]",2,1465,0.42210526315789476,
pv-diag-384::flash-high-text-n5-text-t0.7,5,"[20, 21, 22, 23, 24]",3,879,0.589041095890411,
pv-diag-384::flash-high-text-n5-text-t0.7,5,"[20, 21, 22, 23, 24]",4,598,0.7144240077444337,
pv-diag-384::flash-high-text-n5-text-t0.7,5,"[20, 21, 22, 23, 24]",5,410,0.7621301775147927,
pv-diag-384::flash-high-text-n5-text-t0.7,5,"[25, 26, 27, 28, 29]",1,3798,0.19229860618946373,
pv-diag-384::flash-high-text-n5-text-t0.7,5,"[25, 26, 27, 28, 29]",2,1415,0.43243243243243246,
pv-diag-384::flash-high-text-n5-text-t0.7,5,"[25, 26, 27, 28, 29]",3,896,0.5905334335086402,
pv-diag-384::flash-high-text-n5-text-t0.7,5,"[25, 26, 27, 28, 29]",4,611,0.7112810707456979,
pv-diag-384::flash-high-text-n5-text-t0.7,5,"[25, 26, 27, 28, 29]",5,440,0.7565714285714287,
pv-diag-384::flash-high-text-n5-text-t0.7,10,"[0, 1, 2, 3, 4, 5, 6, 7, 8, 9]",1,5858,0.1309391387255681,
pv-diag-384::flash-high-text-n5-text-t0.7,10,"[0, 1, 2, 3, 4, 5, 6, 7, 8, 9]",2,2204,0.3099658961727927,
pv-diag-384::flash-high-text-n5-text-t0.7,10,"[0, 1, 2, 3, 4, 5, 6, 7, 8, 9]",3,1494,0.4178330741316745,
pv-diag-384::flash-high-text-n5-text-t0.7,10,"[0, 1, 2, 3, 4, 5, 6, 7, 8, 9]",4,1108,0.5119896305897602,
pv-diag-384::flash-high-text-n5-text-t0.7,10,"[0, 1, 2, 3, 4, 5, 6, 7, 8, 9]",5,882,0.5937737281700836,
pv-diag-384::flash-high-text-n5-text-t0.7,10,"[0, 1, 2, 3, 4, 5, 6, 7, 8, 9]",6,731,0.6638078902229845,
pv-diag-384::flash-high-text-n5-text-t0.7,10,"[0, 1, 2, 3, 4, 5, 6, 7, 8, 9]",7,591,0.7251461988304093,
pv-diag-384::flash-high-text-n5-text-t0.7,10,"[0, 1, 2, 3, 4, 5, 6, 7, 8, 9]",8,513,0.7679324894514767,
pv-diag-384::flash-high-text-n5-text-t0.7,10,"[0, 1, 2, 3, 4, 5, 6, 7, 8, 9]",9,431,0.7967667436489607,
pv-diag-384::flash-high-text-n5-text-t0.7,10,"[0, 1, 2, 3, 4, 5, 6, 7, 8, 9]",10,345,0.782051282051282,
pv-diag-384::flash-high-text-n5-text-t0.7,10,"[10, 11, 12, 13, 14, 15, 16, 17, 18, 19]",1,5923,0.1292859389745203,
pv-diag-384::flash-high-text-n5-text-t0.7,10,"[10, 11, 12, 13, 14, 15, 16, 17, 18, 19]",2,2234,0.3049831397527164,
pv-diag-384::flash-high-text-n5-text-t0.7,10,"[10, 11, 12, 13, 14, 15, 16, 17, 18, 19]",3,1467,0.42797055730809674,
pv-diag-384::flash-high-text-n5-text-t0.7,10,"[10, 11, 12, 13, 14, 15, 16, 17, 18, 19]",4,1129,0.5153452685421995,
pv-diag-384::flash-high-text-n5-text-t0.7,10,"[10, 11, 12, 13, 14, 15, 16, 17, 18, 19]",5,899,0.5952023988005998,
pv-diag-384::flash-high-text-n5-text-t0.7,10,"[10, 11, 12, 13, 14, 15, 16, 17, 18, 19]",6,736,0.6626814688300598,
pv-diag-384::flash-high-text-n5-text-t0.7,10,"[10, 11, 12, 13, 14, 15, 16, 17, 18, 19]",7,617,0.7110266159695817,
pv-diag-384::flash-high-text-n5-text-t0.7,10,"[10, 11, 12, 13, 14, 15, 16, 17, 18, 19]",8,517,0.7626050420168068,
pv-diag-384::flash-high-text-n5-text-t0.7,10,"[10, 11, 12, 13, 14, 15, 16, 17, 18, 19]",9,440,0.7977142857142857,
pv-diag-384::flash-high-text-n5-text-t0.7,10,"[10, 11, 12, 13, 14, 15, 16, 17, 18, 19]",10,343,0.768637532133676,
pv-diag-384::flash-high-text-n5-text-t0.7,10,"[20, 21, 22, 23, 24, 25, 26, 27, 28, 29]",1,5905,0.1299684542586751,
pv-diag-384::flash-high-text-n5-text-t0.7,10,"[20, 21, 22, 23, 24, 25, 26, 27, 28, 29]",2,2256,0.3032329988851728,
pv-diag-384::flash-high-text-n5-text-t0.7,10,"[20, 21, 22, 23, 24, 25, 26, 27, 28, 29]",3,1517,0.41393442622950827,
pv-diag-384::flash-high-text-n5-text-t0.7,10,"[20, 21, 22, 23, 24, 25, 26, 27, 28, 29]",4,1132,0.5118059987236758,
pv-diag-384::flash-high-text-n5-text-t0.7,10,"[20, 21, 22, 23, 24, 25, 26, 27, 28, 29]",5,932,0.5793708851499634,
pv-diag-384::flash-high-text-n5-text-t0.7,10,"[20, 21, 22, 23, 24, 25, 26, 27, 28, 29]",6,749,0.6503378378378378,
pv-diag-384::flash-high-text-n5-text-t0.7,10,"[20, 21, 22, 23, 24, 25, 26, 27, 28, 29]",7,611,0.7131931166347992,
pv-diag-384::flash-high-text-n5-text-t0.7,10,"[20, 21, 22, 23, 24, 25, 26, 27, 28, 29]",8,513,0.7637130801687764,
pv-diag-384::flash-high-text-n5-text-t0.7,10,"[20, 21, 22, 23, 24, 25, 26, 27, 28, 29]",9,431,0.789838337182448,
pv-diag-384::flash-high-text-n5-text-t0.7,10,"[20, 21, 22, 23, 24, 25, 26, 27, 28, 29]",10,330,0.7738562091503268,
n1-outstanding-384::brief-text-t03,3,"[0, 1, 2]",1,1229,0.46634615384615385,
n1-outstanding-384::brief-text-t03,3,"[0, 1, 2]",2,952,0.5537130497476568,
n1-outstanding-384::brief-text-t03,3,"[0, 1, 2]",3,794,0.5907241659886087,
pv-diag-384::flash-minimal-text-n30-t07-text-t0.3,3,"[0, 1, 2]",1,1244,0.4657534246575342,
pv-diag-384::flash-minimal-text-n30-t07-text-t0.3,3,"[0, 1, 2]",2,929,0.5527859237536656,
pv-diag-384::flash-minimal-text-n30-t07-text-t0.3,3,"[0, 1, 2]",3,731,0.6020583190394511,
pv-diag-384::flash-minimal-text-n30-t07-text-t0.3,3,"[3, 4, 5]",1,1237,0.4677033492822967,
pv-diag-384::flash-minimal-text-n30-t07-text-t0.3,3,"[3, 4, 5]",2,922,0.552689756816507,
pv-diag-384::flash-minimal-text-n30-t07-text-t0.3,3,"[3, 4, 5]",3,743,0.6146010186757216,
pv-diag-384::flash-minimal-text-n30-t07-text-t0.3,3,"[6, 7, 8]",1,1216,0.4772864930345244,
pv-diag-384::flash-minimal-text-n30-t07-text-t0.3,3,"[6, 7, 8]",2,922,0.557111274871039,
pv-diag-384::flash-minimal-text-n30-t07-text-t0.3,3,"[6, 7, 8]",3,737,0.6040955631399317,
pv-diag-384::flash-minimal-text-n30-t07-text-t0.3,5,"[0, 1, 2, 3, 4]",1,1388,0.4355458036204059,
pv-diag-384::flash-minimal-text-n30-t07-text-t0.3,5,"[0, 1, 2, 3, 4]",2,1084,0.5121790651744569,
pv-diag-384::flash-minimal-text-n30-t07-text-t0.3,5,"[0, 1, 2, 3, 4]",3,929,0.5586510263929618,
pv-diag-384::flash-minimal-text-n30-t07-text-t0.3,5,"[0, 1, 2, 3, 4]",4,794,0.5890968266883645,
pv-diag-384::flash-minimal-text-n30-t07-text-t0.3,5,"[0, 1, 2, 3, 4]",5,659,0.6307129798903107,
pv-diag-384::flash-minimal-text-n30-t07-text-t0.3,5,"[5, 6, 7, 8, 9]",1,1341,0.44932432432432434,
pv-diag-384::flash-minimal-text-n30-t07-text-t0.3,5,"[5, 6, 7, 8, 9]",2,1056,0.5191146881287726,
pv-diag-384::flash-minimal-text-n30-t07-text-t0.3,5,"[5, 6, 7, 8, 9]",3,915,0.5555555555555555,
pv-diag-384::flash-minimal-text-n30-t07-text-t0.3,5,"[5, 6, 7, 8, 9]",4,792,0.593317033414833,
pv-diag-384::flash-minimal-text-n30-t07-text-t0.3,5,"[5, 6, 7, 8, 9]",5,673,0.6263537906137184,
pv-diag-384::flash-minimal-text-n30-t07-text-t0.3,10,"[0, 1, 2, 3, 4, 5, 6, 7, 8, 9]",1,1572,0.40059790732436473,
pv-diag-384::flash-minimal-text-n30-t07-text-t0.3,10,"[0, 1, 2, 3, 4, 5, 6, 7, 8, 9]",2,1238,0.47340107591153613,
pv-diag-384::flash-minimal-text-n30-t07-text-t0.3,10,"[0, 1, 2, 3, 4, 5, 6, 7, 8, 9]",3,1118,0.507405022537025,
pv-diag-384::flash-minimal-text-n30-t07-text-t0.3,10,"[0, 1, 2, 3, 4, 5, 6, 7, 8, 9]",4,1021,0.5288461538461539,
pv-diag-384::flash-minimal-text-n30-t07-text-t0.3,10,"[0, 1, 2, 3, 4, 5, 6, 7, 8, 9]",5,946,0.55032585083273,
pv-diag-384::flash-minimal-text-n30-t07-text-t0.3,10,"[0, 1, 2, 3, 4, 5, 6, 7, 8, 9]",6,880,0.5718631178707223,
pv-diag-384::flash-minimal-text-n30-t07-text-t0.3,10,"[0, 1, 2, 3, 4, 5, 6, 7, 8, 9]",7,810,0.5927710843373494,
pv-diag-384::flash-minimal-text-n30-t07-text-t0.3,10,"[0, 1, 2, 3, 4, 5, 6, 7, 8, 9]",8,752,0.6082561078348778,
pv-diag-384::flash-minimal-text-n30-t07-text-t0.3,10,"[0, 1, 2, 3, 4, 5, 6, 7, 8, 9]",9,684,0.6237712243074173,
pv-diag-384::flash-minimal-text-n30-t07-text-t0.3,10,"[0, 1, 2, 3, 4, 5, 6, 7, 8, 9]",10,608,0.6423777564717161,
n1-outstanding-384::image-t0,3,"[0, 1, 2]",1,690,0.6239999999999999,
n1-outstanding-384::image-t0,3,"[0, 1, 2]",2,681,0.6290322580645162,
n1-outstanding-384::image-t0,3,"[0, 1, 2]",3,675,0.6288288288288288,
n1-outstanding-384::image-t03,3,"[0, 1, 2]",1,812,0.5821972734562951,
n1-outstanding-384::image-t03,3,"[0, 1, 2]",2,664,0.6424021838034576,
n1-outstanding-384::image-t03,3,"[0, 1, 2]",3,567,0.6766467065868264,
pv-diag-384::image-n5-image-t0.3,3,"[0, 1, 2]",1,885,0.5424242424242424,
pv-diag-384::image-n5-image-t0.3,3,"[0, 1, 2]",2,711,0.6090750436300174,
pv-diag-384::image-n5-image-t0.3,3,"[0, 1, 2]",3,603,0.6416184971098267,
pv-diag-384::image-n5-image-t0.3,3,"[3, 4, 5]",1,903,0.5470852017937219,
pv-diag-384::image-n5-image-t0.3,3,"[3, 4, 5]",2,710,0.6200873362445415,
pv-diag-384::image-n5-image-t0.3,3,"[3, 4, 5]",3,606,0.6474543707973103,
pv-diag-384::image-n5-image-t0.3,3,"[6, 7, 8]",1,876,0.547673531655225,
pv-diag-384::image-n5-image-t0.3,3,"[6, 7, 8]",2,717,0.607638888888889,
pv-diag-384::image-n5-image-t0.3,3,"[6, 7, 8]",3,631,0.6341463414634146,
pv-diag-384::image-n5-image-t0.3,5,"[0, 1, 2, 3, 4]",1,987,0.5119549929676511,
pv-diag-384::image-n5-image-t0.3,5,"[0, 1, 2, 3, 4]",2,787,0.585924713584288,
pv-diag-384::image-n5-image-t0.3,5,"[0, 1, 2, 3, 4]",3,698,0.6213592233009709,
pv-diag-384::image-n5-image-t0.3,5,"[0, 1, 2, 3, 4]",4,649,0.6365313653136531,
pv-diag-384::image-n5-image-t0.3,5,"[0, 1, 2, 3, 4]",5,559,0.6559356136820926,
pv-diag-384::image-n5-image-t0.3,5,"[5, 6, 7, 8, 9]",1,968,0.518888096935139,
pv-diag-384::image-n5-image-t0.3,5,"[5, 6, 7, 8, 9]",2,786,0.5847665847665847,
pv-diag-384::image-n5-image-t0.3,5,"[5, 6, 7, 8, 9]",3,710,0.6096069868995633,
pv-diag-384::image-n5-image-t0.3,5,"[5, 6, 7, 8, 9]",4,642,0.6332404828226554,
pv-diag-384::image-n5-image-t0.3,5,"[5, 6, 7, 8, 9]",5,568,0.650049850448654,
pv-diag-384::image-n5-image-t0.3,10,"[0, 1, 2, 3, 4, 5, 6, 7, 8, 9]",1,1110,0.4750809061488673,
pv-diag-384::image-n5-image-t0.3,10,"[0, 1, 2, 3, 4, 5, 6, 7, 8, 9]",2,886,0.5495836487509462,
pv-diag-384::image-n5-image-t0.3,10,"[0, 1, 2, 3, 4, 5, 6, 7, 8, 9]",3,807,0.5764895330112721,
pv-diag-384::image-n5-image-t0.3,10,"[0, 1, 2, 3, 4, 5, 6, 7, 8, 9]",4,761,0.596989966555184,
pv-diag-384::image-n5-image-t0.3,10,"[0, 1, 2, 3, 4, 5, 6, 7, 8, 9]",5,725,0.6103448275862069,
pv-diag-384::image-n5-image-t0.3,10,"[0, 1, 2, 3, 4, 5, 6, 7, 8, 9]",6,688,0.6233303650934996,
pv-diag-384::image-n5-image-t0.3,10,"[0, 1, 2, 3, 4, 5, 6, 7, 8, 9]",7,655,0.6348623853211008,
pv-diag-384::image-n5-image-t0.3,10,"[0, 1, 2, 3, 4, 5, 6, 7, 8, 9]",8,620,0.6426540284360189,
pv-diag-384::image-n5-image-t0.3,10,"[0, 1, 2, 3, 4, 5, 6, 7, 8, 9]",9,578,0.6535044422507403,
pv-diag-384::image-n5-image-t0.3,10,"[0, 1, 2, 3, 4, 5, 6, 7, 8, 9]",10,517,0.6596638655462185,
n1-outstanding-384::pro-image-high-t0,3,"[0, 1, 2]",1,730,0.5613733905579399,
n1-outstanding-384::pro-image-high-t0,3,"[0, 1, 2]",2,690,0.576,
n1-outstanding-384::pro-image-high-t0,3,"[0, 1, 2]",3,648,0.5854108956602031,
pv-diag-384::flash-high-image-n5-image-t0.0,3,"[0, 1, 2]",1,889,0.49697885196374625,
pv-diag-384::flash-high-image-n5-image-t0.0,3,"[0, 1, 2]",2,816,0.5083932853717027,
pv-diag-384::flash-high-image-n5-image-t0.0,3,"[0, 1, 2]",3,782,0.5127362366474939,
n1-outstanding-384::pro-text-high-t0,3,"[0, 1, 2]",1,1192,0.46342962507682856,
n1-outstanding-384::pro-text-high-t0,3,"[0, 1, 2]",2,991,0.5203366058906032,
n1-outstanding-384::pro-text-high-t0,3,"[0, 1, 2]",3,842,0.5747846515270165,
pv-diag-384::flash-high-text-n5-text-t0.0,3,"[0, 1, 2]",1,1319,0.4424173318129988,
pv-diag-384::flash-high-text-n5-text-t0.0,3,"[0, 1, 2]",2,1032,0.5194274028629856,
pv-diag-384::flash-high-text-n5-text-t0.0,3,"[0, 1, 2]",3,796,0.610885458976442,
retest-h11-single-pass-384-t0::brief-text-t0,3,"[0, 1, 2]",1,1077,0.5119047619047619,
retest-h11-single-pass-384-t0::brief-text-t0,3,"[0, 1, 2]",2,1022,0.5284831846259437,
retest-h11-single-pass-384-t0::brief-text-t0,3,"[0, 1, 2]",3,975,0.5390070921985817,
retest-h11-single-pass-384-t0::brief-text-t0,3,"[3, 4, 5]",1,1073,0.5198938992042441,
retest-h11-single-pass-384-t0::brief-text-t0,3,"[3, 4, 5]",2,1009,0.5346260387811634,
retest-h11-single-pass-384-t0::brief-text-t0,3,"[3, 4, 5]",3,973,0.5426136363636364,
retest-h11-single-pass-384-t0::brief-text-t0,3,"[6, 7, 8]",1,1072,0.5136031851360319,
retest-h11-single-pass-384-t0::brief-text-t0,3,"[6, 7, 8]",2,1016,0.5306685044796693,
retest-h11-single-pass-384-t0::brief-text-t0,3,"[6, 7, 8]",3,959,0.5480631276901003,
retest-h11-single-pass-384-t0::brief-text-t0,5,"[0, 1, 2, 3, 4]",1,1105,0.5103896103896104,
retest-h11-single-pass-384-t0::brief-text-t0,5,"[0, 1, 2, 3, 4]",2,1034,0.5282505105513955,
retest-h11-single-pass-384-t0::brief-text-t0,5,"[0, 1, 2, 3, 4]",3,1011,0.5338865836791148,
retest-h11-single-pass-384-t0::brief-text-t0,5,"[0, 1, 2, 3, 4]",4,1002,0.535838552540014,
retest-h11-single-pass-384-t0::brief-text-t0,5,"[0, 1, 2, 3, 4]",5,954,0.5457163426925846,
retest-h11-single-pass-384-t0::brief-text-t0,5,"[5, 6, 7, 8, 9]",1,1096,0.5055519268451992,
retest-h11-single-pass-384-t0::brief-text-t0,5,"[5, 6, 7, 8, 9]",2,1035,0.5251700680272109,
retest-h11-single-pass-384-t0::brief-text-t0,5,"[5, 6, 7, 8, 9]",3,1013,0.531767955801105,
retest-h11-single-pass-384-t0::brief-text-t0,5,"[5, 6, 7, 8, 9]",4,1000,0.5365853658536585,
retest-h11-single-pass-384-t0::brief-text-t0,5,"[5, 6, 7, 8, 9]",5,937,0.5481049562682215,
retest-h11-single-pass-384-t0::brief-text-t0,10,"[0, 1, 2, 3, 4, 5, 6, 7, 8, 9]",1,1160,0.49278996865203756,
retest-h11-single-pass-384-t0::brief-text-t0,10,"[0, 1, 2, 3, 4, 5, 6, 7, 8, 9]",2,1063,0.5180240320427236,
retest-h11-single-pass-384-t0::brief-text-t0,10,"[0, 1, 2, 3, 4, 5, 6, 7, 8, 9]",3,1031,0.5279672578444747,
retest-h11-single-pass-384-t0::brief-text-t0,10,"[0, 1, 2, 3, 4, 5, 6, 7, 8, 9]",4,1017,0.5316804407713498,
retest-h11-single-pass-384-t0::brief-text-t0,10,"[0, 1, 2, 3, 4, 5, 6, 7, 8, 9]",5,1013,0.5331491712707183,
retest-h11-single-pass-384-t0::brief-text-t0,10,"[0, 1, 2, 3, 4, 5, 6, 7, 8, 9]",6,1013,0.5331491712707183,
retest-h11-single-pass-384-t0::brief-text-t0,10,"[0, 1, 2, 3, 4, 5, 6, 7, 8, 9]",7,1011,0.5338865836791148,
retest-h11-single-pass-384-t0::brief-text-t0,10,"[0, 1, 2, 3, 4, 5, 6, 7, 8, 9]",8,1002,0.535838552540014,
retest-h11-single-pass-384-t0::brief-text-t0,10,"[0, 1, 2, 3, 4, 5, 6, 7, 8, 9]",9,975,0.5432624113475177,
retest-h11-single-pass-384-t0::brief-text-t0,10,"[0, 1, 2, 3, 4, 5, 6, 7, 8, 9]",10,901,0.5538922155688624,
pv-diag-384::flash-minimal-text-n30-t07-text-t0.0,3,"[0, 1, 2]",1,1087,0.5019710906701708,
pv-diag-384::flash-minimal-text-n30-t07-text-t0.0,3,"[0, 1, 2]",2,946,0.5430847212165097,
pv-diag-384::flash-minimal-text-n30-t07-text-t0.0,3,"[0, 1, 2]",3,799,0.5931928687196111,
pv-diag-384::flash-minimal-text-n30-t07-text-t0.7,3,"[0, 1, 2]",1,1355,0.44022346368715076,
pv-diag-384::flash-minimal-text-n30-t07-text-t0.7,3,"[0, 1, 2]",2,972,0.5458422174840085,
pv-diag-384::flash-minimal-text-n30-t07-text-t0.7,3,"[0, 1, 2]",3,737,0.6126279863481229,
pv-diag-384::flash-minimal-text-n30-t07-text-t0.7,3,"[3, 4, 5]",1,1396,0.42927362097214644,
pv-diag-384::flash-minimal-text-n30-t07-text-t0.7,3,"[3, 4, 5]",2,966,0.5453247680228408,
pv-diag-384::flash-minimal-text-n30-t07-text-t0.7,3,"[3, 4, 5]",3,729,0.6099656357388317,
pv-diag-384::flash-minimal-text-n30-t07-text-t0.7,3,"[6, 7, 8]",1,1338,0.44895657078398193,
pv-diag-384::flash-minimal-text-n30-t07-text-t0.7,3,"[6, 7, 8]",2,950,0.5545126353790613,
pv-diag-384::flash-minimal-text-n30-t07-text-t0.7,3,"[6, 7, 8]",3,739,0.6149914821124361,
pv-diag-384::flash-minimal-text-n30-t07-text-t0.7,3,"[9, 10, 11]",1,1364,0.4324624791550862,
pv-diag-384::flash-minimal-text-n30-t07-text-t0.7,3,"[9, 10, 11]",2,969,0.5370370370370371,
pv-diag-384::flash-minimal-text-n30-t07-text-t0.7,3,"[9, 10, 11]",3,746,0.5859441151566468,
pv-diag-384::flash-minimal-text-n30-t07-text-t0.7,3,"[12, 13, 14]",1,1368,0.43594009983361065,
pv-diag-384::flash-minimal-text-n30-t07-text-t0.7,3,"[12, 13, 14]",2,967,0.543509272467903,
pv-diag-384::flash-minimal-text-n30-t07-text-t0.7,3,"[12, 13, 14]",3,751,0.596964586846543,
pv-diag-384::flash-minimal-text-n30-t07-text-t0.7,3,"[15, 16, 17]",1,1375,0.4386740331491713,
pv-diag-384::flash-minimal-text-n30-t07-text-t0.7,3,"[15, 16, 17]",2,961,0.5544412607449857,
pv-diag-384::flash-minimal-text-n30-t07-text-t0.7,3,"[15, 16, 17]",3,725,0.6172413793103448,
pv-diag-384::flash-minimal-text-n30-t07-text-t0.7,3,"[18, 19, 20]",1,1416,0.42787682333873583,
pv-diag-384::flash-minimal-text-n30-t07-text-t0.7,3,"[18, 19, 20]",2,967,0.5477888730385163,
pv-diag-384::flash-minimal-text-n30-t07-text-t0.7,3,"[18, 19, 20]",3,708,0.6194225721784777,
pv-diag-384::flash-minimal-text-n30-t07-text-t0.7,3,"[21, 22, 23]",1,1398,0.4298963447899618,
pv-diag-384::flash-minimal-text-n30-t07-text-t0.7,3,"[21, 22, 23]",2,968,0.5459729151817534,
pv-diag-384::flash-minimal-text-n30-t07-text-t0.7,3,"[21, 22, 23]",3,752,0.6048862679022746,
pv-diag-384::flash-minimal-text-n30-t07-text-t0.7,3,"[24, 25, 26]",1,1417,0.42440604751619876,
pv-diag-384::flash-minimal-text-n30-t07-text-t0.7,3,"[24, 25, 26]",2,953,0.5461095100864553,
pv-diag-384::flash-minimal-text-n30-t07-text-t0.7,3,"[24, 25, 26]",3,738,0.5967604433077579,
pv-diag-384::flash-minimal-text-n30-t07-text-t0.7,3,"[27, 28, 29]",1,1398,0.4320785597381342,
pv-diag-384::flash-minimal-text-n30-t07-text-t0.7,3,"[27, 28, 29]",2,932,0.5618141916605707,
pv-diag-384::flash-minimal-text-n30-t07-text-t0.7,3,"[27, 28, 29]",3,720,0.6199134199134199,
pv-diag-384::flash-minimal-text-n30-t07-text-t0.7,5,"[0, 1, 2, 3, 4]",1,1593,0.393491124260355,
pv-diag-384::flash-minimal-text-n30-t07-text-t0.7,5,"[0, 1, 2, 3, 4]",2,1104,0.50682261208577,
pv-diag-384::flash-minimal-text-n30-t07-text-t0.7,5,"[0, 1, 2, 3, 4]",3,950,0.5545126353790613,
pv-diag-384::flash-minimal-text-n30-t07-text-t0.7,5,"[0, 1, 2, 3, 4]",4,807,0.6022544283413849,
pv-diag-384::flash-minimal-text-n30-t07-text-t0.7,5,"[0, 1, 2, 3, 4]",5,653,0.6397058823529411,
pv-diag-384::flash-minimal-text-n30-t07-text-t0.7,5,"[5, 6, 7, 8, 9]",1,1569,0.3992015968063873,
pv-diag-384::flash-minimal-text-n30-t07-text-t0.7,5,"[5, 6, 7, 8, 9]",2,1113,0.5064599483204134,
pv-diag-384::flash-minimal-text-n30-t07-text-t0.7,5,"[5, 6, 7, 8, 9]",3,959,0.5523672883787661,
pv-diag-384::flash-minimal-text-n30-t07-text-t0.7,5,"[5, 6, 7, 8, 9]",4,816,0.5915267785771383,
pv-diag-384::flash-minimal-text-n30-t07-text-t0.7,5,"[5, 6, 7, 8, 9]",5,660,0.6118721461187214,
pv-diag-384::flash-minimal-text-n30-t07-text-t0.7,5,"[10, 11, 12, 13, 14]",1,1582,0.39067922657412,
pv-diag-384::flash-minimal-text-n30-t07-text-t0.7,5,"[10, 11, 12, 13, 14]",2,1109,0.5051813471502591,
pv-diag-384::flash-minimal-text-n30-t07-text-t0.7,5,"[10, 11, 12, 13, 14]",3,934,0.5566106647187729,
pv-diag-384::flash-minimal-text-n30-t07-text-t0.7,5,"[10, 11, 12, 13, 14]",4,834,0.5799842395587077,
pv-diag-384::flash-minimal-text-n30-t07-text-t0.7,5,"[10, 11, 12, 13, 14]",5,658,0.616651418115279,
pv-diag-384::flash-minimal-text-n30-t07-text-t0.7,5,"[15, 16, 17, 18, 19]",1,1583,0.3974231912784935,
pv-diag-384::flash-minimal-text-n30-t07-text-t0.7,5,"[15, 16, 17, 18, 19]",2,1115,0.5096774193548388,
pv-diag-384::flash-minimal-text-n30-t07-text-t0.7,5,"[15, 16, 17, 18, 19]",3,958,0.5585068198133524,
pv-diag-384::flash-minimal-text-n30-t07-text-t0.7,5,"[15, 16, 17, 18, 19]",4,813,0.5961538461538461,
pv-diag-384::flash-minimal-text-n30-t07-text-t0.7,5,"[15, 16, 17, 18, 19]",5,649,0.6365313653136531,
pv-diag-384::flash-minimal-text-n30-t07-text-t0.7,5,"[20, 21, 22, 23, 24]",1,1644,0.38287638287638287,
pv-diag-384::flash-minimal-text-n30-t07-text-t0.7,5,"[20, 21, 22, 23, 24]",2,1142,0.498414711477489,
pv-diag-384::flash-minimal-text-n30-t07-text-t0.7,5,"[20, 21, 22, 23, 24]",3,947,0.557163531114327,
pv-diag-384::flash-minimal-text-n30-t07-text-t0.7,5,"[20, 21, 22, 23, 24]",4,809,0.5980707395498392,
pv-diag-384::flash-minimal-text-n30-t07-text-t0.7,5,"[20, 21, 22, 23, 24]",5,640,0.6493023255813953,
pv-diag-384::flash-minimal-text-n30-t07-text-t0.7,5,"[25, 26, 27, 28, 29]",1,1615,0.3892682926829269,
pv-diag-384::flash-minimal-text-n30-t07-text-t0.7,5,"[25, 26, 27, 28, 29]",2,1115,0.49935483870967745,
pv-diag-384::flash-minimal-text-n30-t07-text-t0.7,5,"[25, 26, 27, 28, 29]",3,936,0.5528811086797958,
pv-diag-384::flash-minimal-text-n30-t07-text-t0.7,5,"[25, 26, 27, 28, 29]",4,794,0.6037428803905613,
pv-diag-384::flash-minimal-text-n30-t07-text-t0.7,5,"[25, 26, 27, 28, 29]",5,658,0.6221408966148217,
pv-diag-384::flash-minimal-text-n30-t07-text-t0.7,10,"[0, 1, 2, 3, 4, 5, 6, 7, 8, 9]",1,1957,0.33528428093645485,
pv-diag-384::flash-minimal-text-n30-t07-text-t0.7,10,"[0, 1, 2, 3, 4, 5, 6, 7, 8, 9]",2,1336,0.450592885375494,
pv-diag-384::flash-minimal-text-n30-t07-text-t0.7,10,"[0, 1, 2, 3, 4, 5, 6, 7, 8, 9]",3,1153,0.49874055415617125,
pv-diag-384::flash-minimal-text-n30-t07-text-t0.7,10,"[0, 1, 2, 3, 4, 5, 6, 7, 8, 9]",4,1048,0.5300067430883344,
pv-diag-384::flash-minimal-text-n30-t07-text-t0.7,10,"[0, 1, 2, 3, 4, 5, 6, 7, 8, 9]",5,973,0.5482954545454546,
pv-diag-384::flash-minimal-text-n30-t07-text-t0.7,10,"[0, 1, 2, 3, 4, 5, 6, 7, 8, 9]",6,908,0.5703648548026806,
pv-diag-384::flash-minimal-text-n30-t07-text-t0.7,10,"[0, 1, 2, 3, 4, 5, 6, 7, 8, 9]",7,837,0.5943396226415094,
pv-diag-384::flash-minimal-text-n30-t07-text-t0.7,10,"[0, 1, 2, 3, 4, 5, 6, 7, 8, 9]",8,765,0.6066666666666666,
pv-diag-384::flash-minimal-text-n30-t07-text-t0.7,10,"[0, 1, 2, 3, 4, 5, 6, 7, 8, 9]",9,686,0.6297948260481714,
pv-diag-384::flash-minimal-text-n30-t07-text-t0.7,10,"[0, 1, 2, 3, 4, 5, 6, 7, 8, 9]",10,560,0.6331658291457287,
pv-diag-384::flash-minimal-text-n30-t07-text-t0.7,10,"[10, 11, 12, 13, 14, 15, 16, 17, 18, 19]",1,1954,0.3357053160318125,
pv-diag-384::flash-minimal-text-n30-t07-text-t0.7,10,"[10, 11, 12, 13, 14, 15, 16, 17, 18, 19]",2,1346,0.4469399213924762,
pv-diag-384::flash-minimal-text-n30-t07-text-t0.7,10,"[10, 11, 12, 13, 14, 15, 16, 17, 18, 19]",3,1155,0.4981132075471698,
pv-diag-384::flash-minimal-text-n30-t07-text-t0.7,10,"[10, 11, 12, 13, 14, 15, 16, 17, 18, 19]",4,1039,0.5291723202170964,
pv-diag-384::flash-minimal-text-n30-t07-text-t0.7,10,"[10, 11, 12, 13, 14, 15, 16, 17, 18, 19]",5,966,0.5496074232690936,
pv-diag-384::flash-minimal-text-n30-t07-text-t0.7,10,"[10, 11, 12, 13, 14, 15, 16, 17, 18, 19]",6,901,0.5688622754491018,
pv-diag-384::flash-minimal-text-n30-t07-text-t0.7,10,"[10, 11, 12, 13, 14, 15, 16, 17, 18, 19]",7,840,0.5882352941176471,
pv-diag-384::flash-minimal-text-n30-t07-text-t0.7,10,"[10, 11, 12, 13, 14, 15, 16, 17, 18, 19]",8,781,0.6069078947368421,
pv-diag-384::flash-minimal-text-n30-t07-text-t0.7,10,"[10, 11, 12, 13, 14, 15, 16, 17, 18, 19]",9,699,0.6172839506172839,
pv-diag-384::flash-minimal-text-n30-t07-text-t0.7,10,"[10, 11, 12, 13, 14, 15, 16, 17, 18, 19]",10,551,0.6470588235294117,
pv-diag-384::flash-minimal-text-n30-t07-text-t0.7,10,"[20, 21, 22, 23, 24, 25, 26, 27, 28, 29]",1,1989,0.33168316831683164,
pv-diag-384::flash-minimal-text-n30-t07-text-t0.7,10,"[20, 21, 22, 23, 24, 25, 26, 27, 28, 29]",2,1397,0.4334061135371179,
pv-diag-384::flash-minimal-text-n30-t07-text-t0.7,10,"[20, 21, 22, 23, 24, 25, 26, 27, 28, 29]",3,1192,0.4855562384757222,
pv-diag-384::flash-minimal-text-n30-t07-text-t0.7,10,"[20, 21, 22, 23, 24, 25, 26, 27, 28, 29]",4,1054,0.5265278710543988,
pv-diag-384::flash-minimal-text-n30-t07-text-t0.7,10,"[20, 21, 22, 23, 24, 25, 26, 27, 28, 29]",5,969,0.5541310541310541,
pv-diag-384::flash-minimal-text-n30-t07-text-t0.7,10,"[20, 21, 22, 23, 24, 25, 26, 27, 28, 29]",6,890,0.5735849056603773,
pv-diag-384::flash-minimal-text-n30-t07-text-t0.7,10,"[20, 21, 22, 23, 24, 25, 26, 27, 28, 29]",7,829,0.5949367088607594,
pv-diag-384::flash-minimal-text-n30-t07-text-t0.7,10,"[20, 21, 22, 23, 24, 25, 26, 27, 28, 29]",8,757,0.6174496644295302,
pv-diag-384::flash-minimal-text-n30-t07-text-t0.7,10,"[20, 21, 22, 23, 24, 25, 26, 27, 28, 29]",9,658,0.6386093321134492,
pv-diag-384::flash-minimal-text-n30-t07-text-t0.7,10,"[20, 21, 22, 23, 24, 25, 26, 27, 28, 29]",10,559,0.6619718309859155,
pv-diag-384::text-n10-text-t0.7,3,"[0, 1, 2]",1,1401,0.42374727668845313,
pv-diag-384::text-n10-text-t0.7,3,"[0, 1, 2]",2,987,0.530239099859353,
pv-diag-384::text-n10-text-t0.7,3,"[0, 1, 2]",3,767,0.5757071547420964,
pv-diag-384::text-n10-text-t0.7,3,"[3, 4, 5]",1,1402,0.4333151878062058,
pv-diag-384::text-n10-text-t0.7,3,"[3, 4, 5]",2,995,0.5426573426573427,
pv-diag-384::text-n10-text-t0.7,3,"[3, 4, 5]",3,739,0.616695059625213,
pv-diag-384::text-n10-text-t0.7,3,"[6, 7, 8]",1,1375,0.43204419889502765,
pv-diag-384::text-n10-text-t0.7,3,"[6, 7, 8]",2,982,0.5419901199717714,
pv-diag-384::text-n10-text-t0.7,3,"[6, 7, 8]",3,763,0.5959933222036728,
pv-diag-384::text-n10-text-t0.7,5,"[0, 1, 2, 3, 4]",1,1586,0.39188520534388915,
pv-diag-384::text-n10-text-t0.7,5,"[0, 1, 2, 3, 4]",2,1151,0.49432534678436313,
pv-diag-384::text-n10-text-t0.7,5,"[0, 1, 2, 3, 4]",3,985,0.5450704225352113,
pv-diag-384::text-n10-text-t0.7,5,"[0, 1, 2, 3, 4]",4,839,0.576138147566719,
pv-diag-384::text-n10-text-t0.7,5,"[0, 1, 2, 3, 4]",5,678,0.6109613656783467,
pv-diag-384::text-n10-text-t0.7,5,"[5, 6, 7, 8, 9]",1,1592,0.3917118894918599,
pv-diag-384::text-n10-text-t0.7,5,"[5, 6, 7, 8, 9]",2,1130,0.4996805111821086,
pv-diag-384::text-n10-text-t0.7,5,"[5, 6, 7, 8, 9]",3,967,0.550641940085592,
pv-diag-384::text-n10-text-t0.7,5,"[5, 6, 7, 8, 9]",4,807,0.5909822866344605,
pv-diag-384::text-n10-text-t0.7,5,"[5, 6, 7, 8, 9]",5,686,0.6190900981266726,
pv-diag-384::text-n10-text-t0.7,10,"[0, 1, 2, 3, 4, 5, 6, 7, 8, 9]",1,1930,0.3374207188160676,
pv-diag-384::text-n10-text-t0.7,10,"[0, 1, 2, 3, 4, 5, 6, 7, 8, 9]",2,1350,0.44145658263305326,
pv-diag-384::text-n10-text-t0.7,10,"[0, 1, 2, 3, 4, 5, 6, 7, 8, 9]",3,1183,0.4845488257107541,
pv-diag-384::text-n10-text-t0.7,10,"[0, 1, 2, 3, 4, 5, 6, 7, 8, 9]",4,1078,0.5168539325842697,
pv-diag-384::text-n10-text-t0.7,10,"[0, 1, 2, 3, 4, 5, 6, 7, 8, 9]",5,1001,0.5431754874651811,
pv-diag-384::text-n10-text-t0.7,10,"[0, 1, 2, 3, 4, 5, 6, 7, 8, 9]",6,927,0.5697503671071953,
pv-diag-384::text-n10-text-t0.7,10,"[0, 1, 2, 3, 4, 5, 6, 7, 8, 9]",7,850,0.580544747081712,
pv-diag-384::text-n10-text-t0.7,10,"[0, 1, 2, 3, 4, 5, 6, 7, 8, 9]",8,772,0.6048053024026513,
pv-diag-384::text-n10-text-t0.7,10,"[0, 1, 2, 3, 4, 5, 6, 7, 8, 9]",9,708,0.6159230096237971,
pv-diag-384::text-n10-text-t0.7,10,"[0, 1, 2, 3, 4, 5, 6, 7, 8, 9]",10,616,0.6184586108468125,
h8-v2::scale-8,3,"[0, 1, 2]",1,1036,0.385239852398524,
h8-v2::scale-8,3,"[0, 1, 2]",2,344,0.7088989441930618,
h8-v2::scale-8,3,"[0, 1, 2]",3,198,0.6499032882011605,
h8-v2::scale-8,5,"[0, 1, 2, 3, 4]",1,1419,0.3141542002301496,
h8-v2::scale-8,5,"[0, 1, 2, 3, 4]",2,487,0.6253101736972705,
h8-v2::scale-8,5,"[0, 1, 2, 3, 4]",3,317,0.7295597484276729,
h8-v2::scale-8,5,"[0, 1, 2, 3, 4]",4,250,0.7100175746924429,
h8-v2::scale-8,5,"[0, 1, 2, 3, 4]",5,157,0.5756302521008404,
h10::pool_160_hp4hn4,3,"[0, 1, 2]",1,1043,0.3906020558002937,
h10::pool_160_hp4hn4,3,"[0, 1, 2]",2,334,0.686064318529862,
h10::pool_160_hp4hn4,3,"[0, 1, 2]",3,203,0.6590038314176245,
h10::pool_160_hp4hn4,5,"[0, 1, 2, 3, 4]",1,1474,0.3089793641940881,
h10::pool_160_hp4hn4,5,"[0, 1, 2, 3, 4]",2,477,0.6231155778894473,
h10::pool_160_hp4hn4,5,"[0, 1, 2, 3, 4]",3,313,0.6993670886075949,
h10::pool_160_hp4hn4,5,"[0, 1, 2, 3, 4]",4,236,0.7171171171171172,
h10::pool_160_hp4hn4,5,"[0, 1, 2, 3, 4]",5,163,0.6058091286307054,
retest-phase2a::brief-text,3,"[0, 1, 2]",1,1284,0.4893033461327481,
retest-phase2a::brief-text,3,"[0, 1, 2]",2,798,0.6327599102468212,
retest-phase2a::brief-text,3,"[0, 1, 2]",3,570,0.6420198376916141,
retest-phase2b::track2-text-t1.0,3,"[0, 1, 2]",1,1393,0.4606625258799172,
retest-phase2b::track2-text-t1.0,3,"[0, 1, 2]",2,791,0.6225563909774435,
retest-phase2b::track2-text-t1.0,3,"[0, 1, 2]",3,556,0.6429223744292236,
retest-phase3a::track2-text-t1.0,3,"[0, 1, 2]",1,1275,0.4895259095920617,
retest-phase3a::track2-text-t1.0,3,"[0, 1, 2]",2,780,0.6277482941622441,
retest-phase3a::track2-text-t1.0,3,"[0, 1, 2]",3,560,0.6715195632393084,
retest-phase3a::track2-text-t1.0,3,"[3, 4, 5]",1,1283,0.500548847420417,
retest-phase3a::track2-text-t1.0,3,"[3, 4, 5]",2,808,0.629547141796585,
retest-phase3a::track2-text-t1.0,3,"[3, 4, 5]",3,597,0.6461267605633803,
retest-phase3a::track2-text-t1.0,3,"[6, 7, 8]",1,1246,0.5098039215686274,
retest-phase3a::track2-text-t1.0,3,"[6, 7, 8]",2,801,0.6417910447761195,
retest-phase3a::track2-text-t1.0,3,"[6, 7, 8]",3,587,0.6660746003552398,
retest-phase3a::track2-text-t1.0,3,"[9, 10, 11]",1,1292,0.4948115783724741,
retest-phase3a::track2-text-t1.0,3,"[9, 10, 11]",2,810,0.6182357301704967,
retest-phase3a::track2-text-t1.0,3,"[9, 10, 11]",3,584,0.6482635796972396,
retest-phase3a::track2-text-t1.0,3,"[12, 13, 14]",1,1330,0.48582129481005887,
retest-phase3a::track2-text-t1.0,3,"[12, 13, 14]",2,791,0.6330827067669172,
retest-phase3a::track2-text-t1.0,3,"[12, 13, 14]",3,557,0.6496350364963503,
retest-phase3a::track2-text-t1.0,3,"[15, 16, 17]",1,1329,0.47430406852248397,
retest-phase3a::track2-text-t1.0,3,"[15, 16, 17]",2,787,0.6153846153846153,
retest-phase3a::track2-text-t1.0,3,"[15, 16, 17]",3,567,0.6347197106690777,
retest-phase3a::track2-text-t1.0,3,"[18, 19, 20]",1,1353,0.47780126849894294,
retest-phase3a::track2-text-t1.0,3,"[18, 19, 20]",2,818,0.6160648489314664,
retest-phase3a::track2-text-t1.0,3,"[18, 19, 20]",3,567,0.6618444846292948,
retest-phase3a::track2-text-t1.0,3,"[21, 22, 23]",1,1282,0.48654585392641414,
retest-phase3a::track2-text-t1.0,3,"[21, 22, 23]",2,812,0.623242042931162,
retest-phase3a::track2-text-t1.0,3,"[21, 22, 23]",3,603,0.6637478108581436,
retest-phase3a::track2-text-t1.0,3,"[24, 25, 26]",1,1345,0.4883227176220807,
retest-phase3a::track2-text-t1.0,3,"[24, 25, 26]",2,786,0.6520754716981132,
retest-phase3a::track2-text-t1.0,3,"[24, 25, 26]",3,556,0.6684931506849315,
retest-phase3a::track2-text-t1.0,3,"[27, 28, 29]",1,1303,0.4951140065146579,
retest-phase3a::track2-text-t1.0,3,"[27, 28, 29]",2,771,0.6458015267175573,
retest-phase3a::track2-text-t1.0,3,"[27, 28, 29]",3,553,0.6336996336996337,
retest-phase3a::track2-text-t1.0,5,"[0, 1, 2, 3, 4]",1,1555,0.43935052531041074,
retest-phase3a::track2-text-t1.0,5,"[0, 1, 2, 3, 4]",2,958,0.5918503674014696,
retest-phase3a::track2-text-t1.0,5,"[0, 1, 2, 3, 4]",3,769,0.6452599388379205,
retest-phase3a::track2-text-t1.0,5,"[0, 1, 2, 3, 4]",4,643,0.6683587140439932,
retest-phase3a::track2-text-t1.0,5,"[0, 1, 2, 3, 4]",5,503,0.6621880998080615,
retest-phase3a::track2-text-t1.0,5,"[5, 6, 7, 8, 9]",1,1512,0.45246221355436367,
retest-phase3a::track2-text-t1.0,5,"[5, 6, 7, 8, 9]",2,942,0.6036461850101282,
retest-phase3a::track2-text-t1.0,5,"[5, 6, 7, 8, 9]",3,773,0.649390243902439,
retest-phase3a::track2-text-t1.0,5,"[5, 6, 7, 8, 9]",4,664,0.6783042394014963,
retest-phase3a::track2-text-t1.0,5,"[5, 6, 7, 8, 9]",5,514,0.660968660968661,
retest-phase3a::track2-text-t1.0,5,"[10, 11, 12, 13, 14]",1,1588,0.4325340855665257,
retest-phase3a::track2-text-t1.0,5,"[10, 11, 12, 13, 14]",2,975,0.5878467635402906,
retest-phase3a::track2-text-t1.0,5,"[10, 11, 12, 13, 14]",3,788,0.6435568952524492,
retest-phase3a::track2-text-t1.0,5,"[10, 11, 12, 13, 14]",4,633,0.6706484641638225,
retest-phase3a::track2-text-t1.0,5,"[10, 11, 12, 13, 14]",5,481,0.6411764705882353,
retest-phase3a::track2-text-t1.0,5,"[15, 16, 17, 18, 19]",1,1677,0.4133574007220216,
retest-phase3a::track2-text-t1.0,5,"[15, 16, 17, 18, 19]",2,976,0.5768976897689768,
retest-phase3a::track2-text-t1.0,5,"[15, 16, 17, 18, 19]",3,780,0.6353297952994693,
retest-phase3a::track2-text-t1.0,5,"[15, 16, 17, 18, 19]",4,628,0.6546700942587832,
retest-phase3a::track2-text-t1.0,5,"[15, 16, 17, 18, 19]",5,476,0.6463054187192118,
retest-phase3a::track2-text-t1.0,5,"[20, 21, 22, 23, 24]",1,1584,0.4314649081488459,
retest-phase3a::track2-text-t1.0,5,"[20, 21, 22, 23, 24]",2,986,0.5836065573770491,
retest-phase3a::track2-text-t1.0,5,"[20, 21, 22, 23, 24]",3,774,0.6443259710586444,
retest-phase3a::track2-text-t1.0,5,"[20, 21, 22, 23, 24]",4,634,0.6683716965046889,
retest-phase3a::track2-text-t1.0,5,"[20, 21, 22, 23, 24]",5,491,0.6601941747572816,
retest-phase3a::track2-text-t1.0,5,"[25, 26, 27, 28, 29]",1,1576,0.4434988179669031,
retest-phase3a::track2-text-t1.0,5,"[25, 26, 27, 28, 29]",2,961,0.5946666666666667,
retest-phase3a::track2-text-t1.0,5,"[25, 26, 27, 28, 29]",3,769,0.6529051987767583,
retest-phase3a::track2-text-t1.0,5,"[25, 26, 27, 28, 29]",4,621,0.6724137931034482,
retest-phase3a::track2-text-t1.0,5,"[25, 26, 27, 28, 29]",5,486,0.6321951219512194,
retest-phase3a::track2-text-t1.0,10,"[0, 1, 2, 3, 4, 5, 6, 7, 8, 9]",1,1985,0.3748019017432646,
retest-phase3a::track2-text-t1.0,10,"[0, 1, 2, 3, 4, 5, 6, 7, 8, 9]",2,1218,0.5236198064883323,
retest-phase3a::track2-text-t1.0,10,"[0, 1, 2, 3, 4, 5, 6, 7, 8, 9]",3,1000,0.5782975958414556,
retest-phase3a::track2-text-t1.0,10,"[0, 1, 2, 3, 4, 5, 6, 7, 8, 9]",4,887,0.6157082748948106,
retest-phase3a::track2-text-t1.0,10,"[0, 1, 2, 3, 4, 5, 6, 7, 8, 9]",5,794,0.6511627906976745,
retest-phase3a::track2-text-t1.0,10,"[0, 1, 2, 3, 4, 5, 6, 7, 8, 9]",6,721,0.6793650793650794,
retest-phase3a::track2-text-t1.0,10,"[0, 1, 2, 3, 4, 5, 6, 7, 8, 9]",7,656,0.6845188284518828,
retest-phase3a::track2-text-t1.0,10,"[0, 1, 2, 3, 4, 5, 6, 7, 8, 9]",8,605,0.6818181818181818,
retest-phase3a::track2-text-t1.0,10,"[0, 1, 2, 3, 4, 5, 6, 7, 8, 9]",9,527,0.6754221388367729,
retest-phase3a::track2-text-t1.0,10,"[0, 1, 2, 3, 4, 5, 6, 7, 8, 9]",10,434,0.6474820143884892,
retest-phase3a::track2-text-t1.0,10,"[10, 11, 12, 13, 14, 15, 16, 17, 18, 19]",1,2160,0.3467951092997406,
retest-phase3a::track2-text-t1.0,10,"[10, 11, 12, 13, 14, 15, 16, 17, 18, 19]",2,1271,0.5104972375690607,
retest-phase3a::track2-text-t1.0,10,"[10, 11, 12, 13, 14, 15, 16, 17, 18, 19]",3,1020,0.5824246311738294,
retest-phase3a::track2-text-t1.0,10,"[10, 11, 12, 13, 14, 15, 16, 17, 18, 19]",4,892,0.6163522012578616,
retest-phase3a::track2-text-t1.0,10,"[10, 11, 12, 13, 14, 15, 16, 17, 18, 19]",5,801,0.6417910447761195,
retest-phase3a::track2-text-t1.0,10,"[10, 11, 12, 13, 14, 15, 16, 17, 18, 19]",6,730,0.6493301812450748,
retest-phase3a::track2-text-t1.0,10,"[10, 11, 12, 13, 14, 15, 16, 17, 18, 19]",7,641,0.6644067796610169,
retest-phase3a::track2-text-t1.0,10,"[10, 11, 12, 13, 14, 15, 16, 17, 18, 19]",8,579,0.665474060822898,
retest-phase3a::track2-text-t1.0,10,"[10, 11, 12, 13, 14, 15, 16, 17, 18, 19]",9,517,0.6647727272727273,
retest-phase3a::track2-text-t1.0,10,"[10, 11, 12, 13, 14, 15, 16, 17, 18, 19]",10,389,0.6250000000000001,
retest-phase3a::track2-text-t1.0,10,"[20, 21, 22, 23, 24, 25, 26, 27, 28, 29]",1,2065,0.3663594470046083,
retest-phase3a::track2-text-t1.0,10,"[20, 21, 22, 23, 24, 25, 26, 27, 28, 29]",2,1224,0.525241066364152,
retest-phase3a::track2-text-t1.0,10,"[20, 21, 22, 23, 24, 25, 26, 27, 28, 29]",3,1010,0.5874757908327953,
retest-phase3a::track2-text-t1.0,10,"[20, 21, 22, 23, 24, 25, 26, 27, 28, 29]",4,887,0.6227208976157084,
retest-phase3a::track2-text-t1.0,10,"[20, 21, 22, 23, 24, 25, 26, 27, 28, 29]",5,805,0.6502976190476191,
retest-phase3a::track2-text-t1.0,10,"[20, 21, 22, 23, 24, 25, 26, 27, 28, 29]",6,724,0.6571654790182105,
retest-phase3a::track2-text-t1.0,10,"[20, 21, 22, 23, 24, 25, 26, 27, 28, 29]",7,657,0.6672240802675585,
retest-phase3a::track2-text-t1.0,10,"[20, 21, 22, 23, 24, 25, 26, 27, 28, 29]",8,581,0.6767857142857143,
retest-phase3a::track2-text-t1.0,10,"[20, 21, 22, 23, 24, 25, 26, 27, 28, 29]",9,515,0.6755218216318786,
retest-phase3a::track2-text-t1.0,10,"[20, 21, 22, 23, 24, 25, 26, 27, 28, 29]",10,406,0.6243386243386243,
retest-phase2a::brief-text-image,3,"[0, 1, 2]",1,1230,0.46579988694177504,
retest-phase2a::brief-text-image,3,"[0, 1, 2]",2,622,0.623600344530577,
retest-phase2a::brief-text-image,3,"[0, 1, 2]",3,390,0.5963401506996772,
retest-phase2b::track1-image-t1.0,3,"[0, 1, 2]",1,1264,0.4669994453688298,
retest-phase2b::track1-image-t1.0,3,"[0, 1, 2]",2,624,0.6397248495270851,
retest-phase2b::track1-image-t1.0,3,"[0, 1, 2]",3,393,0.6287553648068669,
retest-phase2b::track1-image-t0.0,3,"[0, 1, 2]",1,731,0.6031496062992124,
retest-phase2b::track1-image-t0.0,3,"[0, 1, 2]",2,716,0.6103585657370518,
retest-phase2b::track1-image-t0.0,3,"[0, 1, 2]",3,707,0.6131621187800963,
retest-phase2b::track2-text-t0.0,3,"[0, 1, 2]",1,832,0.6316557257476294,
retest-phase2b::track2-text-t0.0,3,"[0, 1, 2]",2,813,0.6375739644970414,
retest-phase2b::track2-text-t0.0,3,"[0, 1, 2]",3,795,0.6431784107946028,
retest-phase2b::track2-text-t0.3,3,"[0, 1, 2]",1,986,0.5822950819672131,
retest-phase2b::track2-text-t0.3,3,"[0, 1, 2]",2,774,0.6534653465346535,
retest-phase2b::track2-text-t0.3,3,"[0, 1, 2]",3,646,0.6835443037974683,
retest-phase3a::track2-text-t0.3,3,"[0, 1, 2]",1,969,0.596816976127321,
retest-phase3a::track2-text-t0.3,3,"[0, 1, 2]",2,768,0.6625860749808722,
retest-phase3a::track2-text-t0.3,3,"[0, 1, 2]",3,651,0.665546218487395,
retest-phase3a::track2-text-t0.3,3,"[3, 4, 5]",1,994,0.593607305936073,
retest-phase3a::track2-text-t0.3,3,"[3, 4, 5]",2,785,0.6646525679758308,
retest-phase3a::track2-text-t0.3,3,"[3, 4, 5]",3,640,0.6853265479219678,
retest-phase3a::track2-text-t0.3,3,"[6, 7, 8]",1,967,0.5949535192563081,
retest-phase3a::track2-text-t0.3,3,"[6, 7, 8]",2,765,0.6625766871165644,
retest-phase3a::track2-text-t0.3,3,"[6, 7, 8]",3,652,0.6801007556675063,
retest-phase3a::track2-text-t0.3,3,"[9, 10, 11]",1,949,0.6061827956989247,
retest-phase3a::track2-text-t0.3,3,"[9, 10, 11]",2,768,0.6625860749808722,
retest-phase3a::track2-text-t0.3,3,"[9, 10, 11]",3,642,0.6706181202370872,
retest-phase3a::track2-text-t0.3,3,"[12, 13, 14]",1,1026,0.5853035143769968,
retest-phase3a::track2-text-t0.3,3,"[12, 13, 14]",2,792,0.6716754320060104,
retest-phase3a::track2-text-t0.3,3,"[12, 13, 14]",3,658,0.6833751044277361,
retest-phase3a::track2-text-t0.3,3,"[15, 16, 17]",1,1006,0.5851132686084143,
retest-phase3a::track2-text-t0.3,3,"[15, 16, 17]",2,775,0.6590563165905632,
retest-phase3a::track2-text-t0.3,3,"[15, 16, 17]",3,657,0.6906354515050168,
retest-phase3a::track2-text-t0.3,3,"[18, 19, 20]",1,1027,0.5759897828863347,
retest-phase3a::track2-text-t0.3,3,"[18, 19, 20]",2,796,0.6621722846441948,
retest-phase3a::track2-text-t0.3,3,"[18, 19, 20]",3,648,0.6891322662173547,
retest-phase3a::track2-text-t0.3,3,"[21, 22, 23]",1,936,0.6115254237288136,
retest-phase3a::track2-text-t0.3,3,"[21, 22, 23]",2,771,0.6549618320610687,
retest-phase3a::track2-text-t0.3,3,"[21, 22, 23]",3,658,0.6850459482038429,
retest-phase3a::track2-text-t0.3,3,"[24, 25, 26]",1,984,0.5948785292186475,
retest-phase3a::track2-text-t0.3,3,"[24, 25, 26]",2,784,0.6575963718820861,
retest-phase3a::track2-text-t0.3,3,"[24, 25, 26]",3,650,0.6745164003364171,
retest-phase3a::track2-text-t0.3,3,"[27, 28, 29]",1,981,0.5921052631578948,
retest-phase3a::track2-text-t0.3,3,"[27, 28, 29]",2,767,0.6615620214395099,
retest-phase3a::track2-text-t0.3,3,"[27, 28, 29]",3,650,0.6795626576955424,
retest-phase3a::track2-text-t0.3,5,"[0, 1, 2, 3, 4]",1,1084,0.5680837954405422,
retest-phase3a::track2-text-t0.3,5,"[0, 1, 2, 3, 4]",2,851,0.6446043165467626,
retest-phase3a::track2-text-t0.3,5,"[0, 1, 2, 3, 4]",3,758,0.669236700077101,
retest-phase3a::track2-text-t0.3,5,"[0, 1, 2, 3, 4]",4,700,0.6763518966908797,
retest-phase3a::track2-text-t0.3,5,"[0, 1, 2, 3, 4]",5,598,0.6842568161829377,
retest-phase3a::track2-text-t0.3,5,"[5, 6, 7, 8, 9]",1,1063,0.5667915106117353,
retest-phase3a::track2-text-t0.3,5,"[5, 6, 7, 8, 9]",2,850,0.6450683945284378,
retest-phase3a::track2-text-t0.3,5,"[5, 6, 7, 8, 9]",3,764,0.6707597851112818,
retest-phase3a::track2-text-t0.3,5,"[5, 6, 7, 8, 9]",4,698,0.6758286176232822,
retest-phase3a::track2-text-t0.3,5,"[5, 6, 7, 8, 9]",5,607,0.6771378708551484,
retest-phase3a::track2-text-t0.3,5,"[10, 11, 12, 13, 14]",1,1096,0.5602446483180428,
retest-phase3a::track2-text-t0.3,5,"[10, 11, 12, 13, 14]",2,872,0.6392629340892985,
retest-phase3a::track2-text-t0.3,5,"[10, 11, 12, 13, 14]",3,768,0.6717674062739097,
retest-phase3a::track2-text-t0.3,5,"[10, 11, 12, 13, 14]",4,699,0.6833602584814217,
retest-phase3a::track2-text-t0.3,5,"[10, 11, 12, 13, 14]",5,606,0.6777292576419214,
retest-phase3a::track2-text-t0.3,5,"[15, 16, 17, 18, 19]",1,1156,0.5392330383480826,
retest-phase3a::track2-text-t0.3,5,"[15, 16, 17, 18, 19]",2,866,0.6377224199288256,
retest-phase3a::track2-text-t0.3,5,"[15, 16, 17, 18, 19]",3,779,0.669195751138088,
retest-phase3a::track2-text-t0.3,5,"[15, 16, 17, 18, 19]",4,695,0.6839546191247974,
retest-phase3a::track2-text-t0.3,5,"[15, 16, 17, 18, 19]",5,595,0.6931216931216931,
retest-phase3a::track2-text-t0.3,5,"[20, 21, 22, 23, 24]",1,1055,0.5721455457967377,
retest-phase3a::track2-text-t0.3,5,"[20, 21, 22, 23, 24]",2,849,0.6397694524495677,
retest-phase3a::track2-text-t0.3,5,"[20, 21, 22, 23, 24]",3,769,0.6666666666666667,
retest-phase3a::track2-text-t0.3,5,"[20, 21, 22, 23, 24]",4,706,0.674698795180723,
retest-phase3a::track2-text-t0.3,5,"[20, 21, 22, 23, 24]",5,612,0.6863596872284969,
retest-phase3a::track2-text-t0.3,5,"[25, 26, 27, 28, 29]",1,1090,0.5647636586863107,
retest-phase3a::track2-text-t0.3,5,"[25, 26, 27, 28, 29]",2,860,0.6347390993566834,
retest-phase3a::track2-text-t0.3,5,"[25, 26, 27, 28, 29]",3,765,0.6717791411042944,
retest-phase3a::track2-text-t0.3,5,"[25, 26, 27, 28, 29]",4,690,0.6867371847030106,
retest-phase3a::track2-text-t0.3,5,"[25, 26, 27, 28, 29]",5,605,0.6783216783216784,
retest-phase3a::track2-text-t0.3,10,"[0, 1, 2, 3, 4, 5, 6, 7, 8, 9]",1,1235,0.5186020293122887,
retest-phase3a::track2-text-t0.3,10,"[0, 1, 2, 3, 4, 5, 6, 7, 8, 9]",2,970,0.6056991385023195,
retest-phase3a::track2-text-t0.3,10,"[0, 1, 2, 3, 4, 5, 6, 7, 8, 9]",3,875,0.6393210749646393,
retest-phase3a::track2-text-t0.3,10,"[0, 1, 2, 3, 4, 5, 6, 7, 8, 9]",4,824,0.652971386647102,
retest-phase3a::track2-text-t0.3,10,"[0, 1, 2, 3, 4, 5, 6, 7, 8, 9]",5,774,0.6671744097486673,
retest-phase3a::track2-text-t0.3,10,"[0, 1, 2, 3, 4, 5, 6, 7, 8, 9]",6,746,0.6708171206225682,
retest-phase3a::track2-text-t0.3,10,"[0, 1, 2, 3, 4, 5, 6, 7, 8, 9]",7,706,0.681124497991968,
retest-phase3a::track2-text-t0.3,10,"[0, 1, 2, 3, 4, 5, 6, 7, 8, 9]",8,669,0.6870860927152317,
retest-phase3a::track2-text-t0.3,10,"[0, 1, 2, 3, 4, 5, 6, 7, 8, 9]",9,625,0.6821305841924399,
retest-phase3a::track2-text-t0.3,10,"[0, 1, 2, 3, 4, 5, 6, 7, 8, 9]",10,545,0.6808118081180812,
retest-phase3a::track2-text-t0.3,10,"[10, 11, 12, 13, 14, 15, 16, 17, 18, 19]",1,1315,0.5005393743257821,
retest-phase3a::track2-text-t0.3,10,"[10, 11, 12, 13, 14, 15, 16, 17, 18, 19]",2,996,0.596742671009772,
retest-phase3a::track2-text-t0.3,10,"[10, 11, 12, 13, 14, 15, 16, 17, 18, 19]",3,893,0.63268156424581,
retest-phase3a::track2-text-t0.3,10,"[10, 11, 12, 13, 14, 15, 16, 17, 18, 19]",4,832,0.6520787746170679,
retest-phase3a::track2-text-t0.3,10,"[10, 11, 12, 13, 14, 15, 16, 17, 18, 19]",5,791,0.6661654135338345,
retest-phase3a::track2-text-t0.3,10,"[10, 11, 12, 13, 14, 15, 16, 17, 18, 19]",6,745,0.6838006230529595,
retest-phase3a::track2-text-t0.3,10,"[10, 11, 12, 13, 14, 15, 16, 17, 18, 19]",7,711,0.6832,
retest-phase3a::track2-text-t0.3,10,"[10, 11, 12, 13, 14, 15, 16, 17, 18, 19]",8,678,0.6885784716516024,
retest-phase3a::track2-text-t0.3,10,"[10, 11, 12, 13, 14, 15, 16, 17, 18, 19]",9,628,0.6975149957155099,
retest-phase3a::track2-text-t0.3,10,"[10, 11, 12, 13, 14, 15, 16, 17, 18, 19]",10,544,0.6795937211449676,
retest-phase3a::track2-text-t0.3,10,"[20, 21, 22, 23, 24, 25, 26, 27, 28, 29]",1,1232,0.5239977413890456,
retest-phase3a::track2-text-t0.3,10,"[20, 21, 22, 23, 24, 25, 26, 27, 28, 29]",2,965,0.6077127659574468,
retest-phase3a::track2-text-t0.3,10,"[20, 21, 22, 23, 24, 25, 26, 27, 28, 29]",3,873,0.6373937677053824,
retest-phase3a::track2-text-t0.3,10,"[20, 21, 22, 23, 24, 25, 26, 27, 28, 29]",4,826,0.6505494505494506,
retest-phase3a::track2-text-t0.3,10,"[20, 21, 22, 23, 24, 25, 26, 27, 28, 29]",5,775,0.6681887366818874,
retest-phase3a::track2-text-t0.3,10,"[20, 21, 22, 23, 24, 25, 26, 27, 28, 29]",6,743,0.6786271450858036,
retest-phase3a::track2-text-t0.3,10,"[20, 21, 22, 23, 24, 25, 26, 27, 28, 29]",7,715,0.6874003189792663,
retest-phase3a::track2-text-t0.3,10,"[20, 21, 22, 23, 24, 25, 26, 27, 28, 29]",8,675,0.6919275123558485,
retest-phase3a::track2-text-t0.3,10,"[20, 21, 22, 23, 24, 25, 26, 27, 28, 29]",9,629,0.678082191780822,
retest-phase3a::track2-text-t0.3,10,"[20, 21, 22, 23, 24, 25, 26, 27, 28, 29]",10,566,0.6805429864253393,
retest-phase2b::track2-text-t0.7,3,"[0, 1, 2]",1,1209,0.5297482837528604,
retest-phase2b::track2-text-t0.7,3,"[0, 1, 2]",2,797,0.657185628742515,
retest-phase2b::track2-text-t0.7,3,"[0, 1, 2]",3,608,0.6870095902353968,
retest-phase3a::track2-text-t0.7,3,"[0, 1, 2]",1,1156,0.5321533923303835,
retest-phase3a::track2-text-t0.7,3,"[0, 1, 2]",2,785,0.6450151057401813,
retest-phase3a::track2-text-t0.7,3,"[0, 1, 2]",3,608,0.6591107236268527,
retest-phase3a::track2-text-t0.7,3,"[3, 4, 5]",1,1161,0.54,
retest-phase3a::track2-text-t0.7,3,"[3, 4, 5]",2,788,0.6435568952524492,
retest-phase3a::track2-text-t0.7,3,"[3, 4, 5]",3,603,0.6584938704028022,
retest-phase3a::track2-text-t0.7,3,"[6, 7, 8]",1,1163,0.5323149236192715,
retest-phase3a::track2-text-t0.7,3,"[6, 7, 8]",2,786,0.6505660377358491,
retest-phase3a::track2-text-t0.7,3,"[6, 7, 8]",3,622,0.6632213608957795,
retest-phase3a::track2-text-t0.7,3,"[9, 10, 11]",1,1173,0.5373831775700935,
retest-phase3a::track2-text-t0.7,3,"[9, 10, 11]",2,801,0.6582089552238807,
retest-phase3a::track2-text-t0.7,3,"[9, 10, 11]",3,604,0.6666666666666667,
retest-phase3a::track2-text-t0.7,3,"[12, 13, 14]",1,1110,0.5506367495451788,
retest-phase3a::track2-text-t0.7,3,"[12, 13, 14]",2,785,0.6555891238670695,
retest-phase3a::track2-text-t0.7,3,"[12, 13, 14]",3,616,0.6874458874458875,
retest-phase3a::track2-text-t0.7,3,"[15, 16, 17]",1,1153,0.5378250591016549,
retest-phase3a::track2-text-t0.7,3,"[15, 16, 17]",2,794,0.6496624156039009,
retest-phase3a::track2-text-t0.7,3,"[15, 16, 17]",3,600,0.6742756804214223,
retest-phase3a::track2-text-t0.7,3,"[18, 19, 20]",1,1143,0.5374554102259215,
retest-phase3a::track2-text-t0.7,3,"[18, 19, 20]",2,782,0.6404239212717638,
retest-phase3a::track2-text-t0.7,3,"[18, 19, 20]",3,596,0.6519823788546256,
retest-phase3a::track2-text-t0.7,3,"[21, 22, 23]",1,1192,0.5268630849220104,
retest-phase3a::track2-text-t0.7,3,"[21, 22, 23]",2,804,0.637379002233805,
retest-phase3a::track2-text-t0.7,3,"[21, 22, 23]",3,615,0.6776429809358752,
retest-phase3a::track2-text-t0.7,3,"[24, 25, 26]",1,1107,0.5467800729040098,
retest-phase3a::track2-text-t0.7,3,"[24, 25, 26]",2,793,0.6426426426426426,
retest-phase3a::track2-text-t0.7,3,"[24, 25, 26]",3,605,0.6695804195804196,
retest-phase3a::track2-text-t0.7,3,"[27, 28, 29]",1,1165,0.5352112676056339,
retest-phase3a::track2-text-t0.7,3,"[27, 28, 29]",2,769,0.6467889908256881,
retest-phase3a::track2-text-t0.7,3,"[27, 28, 29]",3,615,0.6845753899480069,
retest-phase3a::track2-text-t0.7,5,"[0, 1, 2, 3, 4]",1,1333,0.49465811965811973,
retest-phase3a::track2-text-t0.7,5,"[0, 1, 2, 3, 4]",2,918,0.6094715168153741,
retest-phase3a::track2-text-t0.7,5,"[0, 1, 2, 3, 4]",3,766,0.6528735632183907,
retest-phase3a::track2-text-t0.7,5,"[0, 1, 2, 3, 4]",4,677,0.662828947368421,
retest-phase3a::track2-text-t0.7,5,"[0, 1, 2, 3, 4]",5,546,0.6599078341013824,
retest-phase3a::track2-text-t0.7,5,"[5, 6, 7, 8, 9]",1,1335,0.496264674493063,
retest-phase3a::track2-text-t0.7,5,"[5, 6, 7, 8, 9]",2,956,0.6020066889632106,
retest-phase3a::track2-text-t0.7,5,"[5, 6, 7, 8, 9]",3,791,0.6556390977443608,
retest-phase3a::track2-text-t0.7,5,"[5, 6, 7, 8, 9]",4,675,0.6787479406919275,
retest-phase3a::track2-text-t0.7,5,"[5, 6, 7, 8, 9]",5,562,0.67574931880109,
retest-phase3a::track2-text-t0.7,5,"[10, 11, 12, 13, 14]",1,1300,0.5046220772158782,
retest-phase3a::track2-text-t0.7,5,"[10, 11, 12, 13, 14]",2,900,0.6240444753300903,
retest-phase3a::track2-text-t0.7,5,"[10, 11, 12, 13, 14]",3,784,0.6651549508692366,
retest-phase3a::track2-text-t0.7,5,"[10, 11, 12, 13, 14]",4,671,0.6859504132231405,
retest-phase3a::track2-text-t0.7,5,"[10, 11, 12, 13, 14]",5,538,0.6833797585886723,
retest-phase3a::track2-text-t0.7,5,"[15, 16, 17, 18, 19]",1,1318,0.4932687129779214,
retest-phase3a::track2-text-t0.7,5,"[15, 16, 17, 18, 19]",2,923,0.615595075239398,
retest-phase3a::track2-text-t0.7,5,"[15, 16, 17, 18, 19]",3,767,0.6646248085758041,
retest-phase3a::track2-text-t0.7,5,"[15, 16, 17, 18, 19]",4,675,0.6836902800658979,
retest-phase3a::track2-text-t0.7,5,"[15, 16, 17, 18, 19]",5,544,0.6648199445983379,
retest-phase3a::track2-text-t0.7,5,"[20, 21, 22, 23, 24]",1,1361,0.4842105263157894,
retest-phase3a::track2-text-t0.7,5,"[20, 21, 22, 23, 24]",2,941,0.5986486486486486,
retest-phase3a::track2-text-t0.7,5,"[20, 21, 22, 23, 24]",3,773,0.6478658536585366,
retest-phase3a::track2-text-t0.7,5,"[20, 21, 22, 23, 24]",4,668,0.6644573322286661,
retest-phase3a::track2-text-t0.7,5,"[20, 21, 22, 23, 24]",5,533,0.6660447761194029,
retest-phase3a::track2-text-t0.7,5,"[25, 26, 27, 28, 29]",1,1321,0.4999999999999999,
retest-phase3a::track2-text-t0.7,5,"[25, 26, 27, 28, 29]",2,912,0.6147484493452791,
retest-phase3a::track2-text-t0.7,5,"[25, 26, 27, 28, 29]",3,772,0.6514111365369946,
retest-phase3a::track2-text-t0.7,5,"[25, 26, 27, 28, 29]",4,661,0.6866666666666668,
retest-phase3a::track2-text-t0.7,5,"[25, 26, 27, 28, 29]",5,562,0.6866485013623977,
retest-phase3a::track2-text-t0.7,10,"[0, 1, 2, 3, 4, 5, 6, 7, 8, 9]",1,1660,0.43201455206912226,
retest-phase3a::track2-text-t0.7,10,"[0, 1, 2, 3, 4, 5, 6, 7, 8, 9]",2,1147,0.5504151838671412,
retest-phase3a::track2-text-t0.7,10,"[0, 1, 2, 3, 4, 5, 6, 7, 8, 9]",3,967,0.6082337317397079,
retest-phase3a::track2-text-t0.7,10,"[0, 1, 2, 3, 4, 5, 6, 7, 8, 9]",4,863,0.637660485021398,
retest-phase3a::track2-text-t0.7,10,"[0, 1, 2, 3, 4, 5, 6, 7, 8, 9]",5,787,0.6546003016591253,
retest-phase3a::track2-text-t0.7,10,"[0, 1, 2, 3, 4, 5, 6, 7, 8, 9]",6,738,0.6671887235708692,
retest-phase3a::track2-text-t0.7,10,"[0, 1, 2, 3, 4, 5, 6, 7, 8, 9]",7,695,0.6758508914100487,
retest-phase3a::track2-text-t0.7,10,"[0, 1, 2, 3, 4, 5, 6, 7, 8, 9]",8,639,0.6740237691001697,
retest-phase3a::track2-text-t0.7,10,"[0, 1, 2, 3, 4, 5, 6, 7, 8, 9]",9,586,0.6684444444444444,
retest-phase3a::track2-text-t0.7,10,"[0, 1, 2, 3, 4, 5, 6, 7, 8, 9]",10,476,0.6463054187192118,
retest-phase3a::track2-text-t0.7,10,"[10, 11, 12, 13, 14, 15, 16, 17, 18, 19]",1,1629,0.43173431734317347,
retest-phase3a::track2-text-t0.7,10,"[10, 11, 12, 13, 14, 15, 16, 17, 18, 19]",2,1095,0.5642594859241126,
retest-phase3a::track2-text-t0.7,10,"[10, 11, 12, 13, 14, 15, 16, 17, 18, 19]",3,944,0.6122724207687121,
retest-phase3a::track2-text-t0.7,10,"[10, 11, 12, 13, 14, 15, 16, 17, 18, 19]",4,846,0.6425992779783394,
retest-phase3a::track2-text-t0.7,10,"[10, 11, 12, 13, 14, 15, 16, 17, 18, 19]",5,791,0.6631578947368422,
retest-phase3a::track2-text-t0.7,10,"[10, 11, 12, 13, 14, 15, 16, 17, 18, 19]",6,738,0.6812842599843382,
retest-phase3a::track2-text-t0.7,10,"[10, 11, 12, 13, 14, 15, 16, 17, 18, 19]",7,692,0.6872461413484972,
retest-phase3a::track2-text-t0.7,10,"[10, 11, 12, 13, 14, 15, 16, 17, 18, 19]",8,636,0.691063829787234,
retest-phase3a::track2-text-t0.7,10,"[10, 11, 12, 13, 14, 15, 16, 17, 18, 19]",9,573,0.6906474820143885,
retest-phase3a::track2-text-t0.7,10,"[10, 11, 12, 13, 14, 15, 16, 17, 18, 19]",10,471,0.6613861386138614,
retest-phase3a::track2-text-t0.7,10,"[20, 21, 22, 23, 24, 25, 26, 27, 28, 29]",1,1653,0.42974452554744524,
retest-phase3a::track2-text-t0.7,10,"[20, 21, 22, 23, 24, 25, 26, 27, 28, 29]",2,1131,0.5497005988023952,
retest-phase3a::track2-text-t0.7,10,"[20, 21, 22, 23, 24, 25, 26, 27, 28, 29]",3,961,0.5973333333333334,
retest-phase3a::track2-text-t0.7,10,"[20, 21, 22, 23, 24, 25, 26, 27, 28, 29]",4,862,0.6338329764453962,
retest-phase3a::track2-text-t0.7,10,"[20, 21, 22, 23, 24, 25, 26, 27, 28, 29]",5,798,0.6507105459985041,
retest-phase3a::track2-text-t0.7,10,"[20, 21, 22, 23, 24, 25, 26, 27, 28, 29]",6,742,0.6588602654176424,
retest-phase3a::track2-text-t0.7,10,"[20, 21, 22, 23, 24, 25, 26, 27, 28, 29]",7,695,0.674230145867099,
retest-phase3a::track2-text-t0.7,10,"[20, 21, 22, 23, 24, 25, 26, 27, 28, 29]",8,622,0.6873385012919897,
retest-phase3a::track2-text-t0.7,10,"[20, 21, 22, 23, 24, 25, 26, 27, 28, 29]",9,558,0.6855059252506838,
retest-phase3a::track2-text-t0.7,10,"[20, 21, 22, 23, 24, 25, 26, 27, 28, 29]",10,476,0.6522167487684728,
retest-phase3a-replication::minimal,3,"[0, 1, 2]",1,1138,0.5402504472271915,
retest-phase3a-replication::minimal,3,"[0, 1, 2]",2,776,0.6509505703422054,
retest-phase3a-replication::minimal,3,"[0, 1, 2]",3,606,0.6882096069868995,
retest-phase3a-replication::minimal,3,"[3, 4, 5]",1,1206,0.5203438395415473,
retest-phase3a-replication::minimal,3,"[3, 4, 5]",2,782,0.6570779712339136,
retest-phase3a-replication::minimal,3,"[3, 4, 5]",3,590,0.6713906111603188,
retest-phase3a-replication::minimal,3,"[6, 7, 8]",1,1110,0.545785324439054,
retest-phase3a-replication::minimal,3,"[6, 7, 8]",2,772,0.6544622425629291,
retest-phase3a-replication::minimal,3,"[6, 7, 8]",3,593,0.666077738515901,
retest-phase3a-replication::minimal,3,"[9, 10, 11]",1,1148,0.5382335506816834,
retest-phase3a-replication::minimal,3,"[9, 10, 11]",2,807,0.6404160475482913,
retest-phase3a-replication::minimal,3,"[9, 10, 11]",3,605,0.6713286713286714,
retest-phase3a-replication::minimal,3,"[12, 13, 14]",1,1120,0.543701024713683,
retest-phase3a-replication::minimal,3,"[12, 13, 14]",2,778,0.6560364464692483,
retest-phase3a-replication::minimal,3,"[12, 13, 14]",3,619,0.6666666666666667,
retest-phase3a-replication::minimal,3,"[15, 16, 17]",1,1109,0.5449029126213593,
retest-phase3a-replication::minimal,3,"[15, 16, 17]",2,788,0.6541070082893746,
retest-phase3a-replication::minimal,3,"[15, 16, 17]",3,622,0.6770025839793281,
retest-phase3a-replication::minimal,3,"[18, 19, 20]",1,1173,0.5327102803738317,
retest-phase3a-replication::minimal,3,"[18, 19, 20]",2,800,0.6407766990291262,
retest-phase3a-replication::minimal,3,"[18, 19, 20]",3,606,0.6689956331877729,
retest-phase3a-replication::minimal,3,"[21, 22, 23]",1,1119,0.5488540410132691,
retest-phase3a-replication::minimal,3,"[21, 22, 23]",2,796,0.648689138576779,
retest-phase3a-replication::minimal,3,"[21, 22, 23]",3,627,0.6586620926243567,
retest-phase3a-replication::minimal,3,"[24, 25, 26]",1,1098,0.5473427000610874,
retest-phase3a-replication::minimal,3,"[24, 25, 26]",2,772,0.6529366895499619,
retest-phase3a-replication::minimal,3,"[24, 25, 26]",3,605,0.6818181818181818,
retest-phase3a-replication::minimal,3,"[27, 28, 29]",1,1202,0.523836875358989,
retest-phase3a-replication::minimal,3,"[27, 28, 29]",2,788,0.6525998492840995,
retest-phase3a-replication::minimal,3,"[27, 28, 29]",3,609,0.686411149825784,
retest-phase3a-replication::minimal,5,"[0, 1, 2, 3, 4]",1,1374,0.49032932566649234,
retest-phase3a-replication::minimal,5,"[0, 1, 2, 3, 4]",2,908,0.61782999308915,
retest-phase3a-replication::minimal,5,"[0, 1, 2, 3, 4]",3,749,0.6661490683229814,
retest-phase3a-replication::minimal,5,"[0, 1, 2, 3, 4]",4,663,0.6905158069883528,
retest-phase3a-replication::minimal,5,"[0, 1, 2, 3, 4]",5,547,0.6813996316758747,
retest-phase3a-replication::minimal,5,"[5, 6, 7, 8, 9]",1,1332,0.490646712987707,
retest-phase3a-replication::minimal,5,"[5, 6, 7, 8, 9]",2,923,0.6142270861833106,
retest-phase3a-replication::minimal,5,"[5, 6, 7, 8, 9]",3,762,0.6687163720215218,
retest-phase3a-replication::minimal,5,"[5, 6, 7, 8, 9]",4,651,0.6773109243697479,
retest-phase3a-replication::minimal,5,"[5, 6, 7, 8, 9]",5,520,0.6685552407932012,
retest-phase3a-replication::minimal,5,"[10, 11, 12, 13, 14]",1,1304,0.5013564839934889,
retest-phase3a-replication::minimal,5,"[10, 11, 12, 13, 14]",2,909,0.6160220994475137,
retest-phase3a-replication::minimal,5,"[10, 11, 12, 13, 14]",3,768,0.6610558530986993,
retest-phase3a-replication::minimal,5,"[10, 11, 12, 13, 14]",4,677,0.6842105263157895,
retest-phase3a-replication::minimal,5,"[10, 11, 12, 13, 14]",5,553,0.6813186813186813,
retest-phase3a-replication::minimal,5,"[15, 16, 17, 18, 19]",1,1286,0.5019178082191781,
retest-phase3a-replication::minimal,5,"[15, 16, 17, 18, 19]",2,900,0.6184850590687978,
retest-phase3a-replication::minimal,5,"[15, 16, 17, 18, 19]",3,785,0.6540785498489426,
retest-phase3a-replication::minimal,5,"[15, 16, 17, 18, 19]",4,684,0.6737530662305805,
retest-phase3a-replication::minimal,5,"[15, 16, 17, 18, 19]",5,555,0.6782449725776964,
retest-phase3a-replication::minimal,5,"[20, 21, 22, 23, 24]",1,1286,0.5073972602739726,
retest-phase3a-replication::minimal,5,"[20, 21, 22, 23, 24]",2,931,0.6122448979591837,
retest-phase3a-replication::minimal,5,"[20, 21, 22, 23, 24]",3,781,0.6575757575757576,
retest-phase3a-replication::minimal,5,"[20, 21, 22, 23, 24]",4,687,0.6704730831973899,
retest-phase3a-replication::minimal,5,"[20, 21, 22, 23, 24]",5,568,0.6811201445347786,
retest-phase3a-replication::minimal,5,"[25, 26, 27, 28, 29]",1,1355,0.49102428722280894,
retest-phase3a-replication::minimal,5,"[25, 26, 27, 28, 29]",2,908,0.6192121630960609,
retest-phase3a-replication::minimal,5,"[25, 26, 27, 28, 29]",3,767,0.6676875957120979,
retest-phase3a-replication::minimal,5,"[25, 26, 27, 28, 29]",4,677,0.6776315789473685,
retest-phase3a-replication::minimal,5,"[25, 26, 27, 28, 29]",5,538,0.6778087279480037,
retest-phase3a-replication::minimal,10,"[0, 1, 2, 3, 4, 5, 6, 7, 8, 9]",1,1682,0.42593426384511485,
retest-phase3a-replication::minimal,10,"[0, 1, 2, 3, 4, 5, 6, 7, 8, 9]",2,1150,0.5470692717584369,
retest-phase3a-replication::minimal,10,"[0, 1, 2, 3, 4, 5, 6, 7, 8, 9]",3,942,0.6158001350438893,
retest-phase3a-replication::minimal,10,"[0, 1, 2, 3, 4, 5, 6, 7, 8, 9]",4,846,0.6454873646209387,
retest-phase3a-replication::minimal,10,"[0, 1, 2, 3, 4, 5, 6, 7, 8, 9]",5,781,0.6636363636363635,
retest-phase3a-replication::minimal,10,"[0, 1, 2, 3, 4, 5, 6, 7, 8, 9]",6,712,0.6730615507593924,
retest-phase3a-replication::minimal,10,"[0, 1, 2, 3, 4, 5, 6, 7, 8, 9]",7,667,0.6882255389718075,
retest-phase3a-replication::minimal,10,"[0, 1, 2, 3, 4, 5, 6, 7, 8, 9]",8,628,0.699228791773779,
retest-phase3a-replication::minimal,10,"[0, 1, 2, 3, 4, 5, 6, 7, 8, 9]",9,563,0.6842105263157895,
retest-phase3a-replication::minimal,10,"[0, 1, 2, 3, 4, 5, 6, 7, 8, 9]",10,462,0.6573426573426574,
retest-phase3a-replication::minimal,10,"[10, 11, 12, 13, 14, 15, 16, 17, 18, 19]",1,1584,0.4408855393311352,
retest-phase3a-replication::minimal,10,"[10, 11, 12, 13, 14, 15, 16, 17, 18, 19]",2,1095,0.565483476132191,
retest-phase3a-replication::minimal,10,"[10, 11, 12, 13, 14, 15, 16, 17, 18, 19]",3,930,0.6113002042205582,
retest-phase3a-replication::minimal,10,"[10, 11, 12, 13, 14, 15, 16, 17, 18, 19]",4,855,0.6355810616929699,
retest-phase3a-replication::minimal,10,"[10, 11, 12, 13, 14, 15, 16, 17, 18, 19]",5,799,0.6576980568011959,
retest-phase3a-replication::minimal,10,"[10, 11, 12, 13, 14, 15, 16, 17, 18, 19]",6,747,0.6702954898911352,
retest-phase3a-replication::minimal,10,"[10, 11, 12, 13, 14, 15, 16, 17, 18, 19]",7,689,0.6824104234527687,
retest-phase3a-replication::minimal,10,"[10, 11, 12, 13, 14, 15, 16, 17, 18, 19]",8,645,0.6925675675675677,
retest-phase3a-replication::minimal,10,"[10, 11, 12, 13, 14, 15, 16, 17, 18, 19]",9,588,0.6921029281277729,
retest-phase3a-replication::minimal,10,"[10, 11, 12, 13, 14, 15, 16, 17, 18, 19]",10,485,0.66015625,
retest-phase3a-replication::minimal,10,"[20, 21, 22, 23, 24, 25, 26, 27, 28, 29]",1,1642,0.43191196698762035,
retest-phase3a-replication::minimal,10,"[20, 21, 22, 23, 24, 25, 26, 27, 28, 29]",2,1117,0.5519323671497585,
retest-phase3a-replication::minimal,10,"[20, 21, 22, 23, 24, 25, 26, 27, 28, 29]",3,939,0.6116373477672531,
retest-phase3a-replication::minimal,10,"[20, 21, 22, 23, 24, 25, 26, 27, 28, 29]",4,847,0.645021645021645,
retest-phase3a-replication::minimal,10,"[20, 21, 22, 23, 24, 25, 26, 27, 28, 29]",5,797,0.655688622754491,
retest-phase3a-replication::minimal,10,"[20, 21, 22, 23, 24, 25, 26, 27, 28, 29]",6,738,0.6687548942834769,
retest-phase3a-replication::minimal,10,"[20, 21, 22, 23, 24, 25, 26, 27, 28, 29]",7,698,0.6806790622473726,
retest-phase3a-replication::minimal,10,"[20, 21, 22, 23, 24, 25, 26, 27, 28, 29]",8,650,0.687973086627418,
retest-phase3a-replication::minimal,10,"[20, 21, 22, 23, 24, 25, 26, 27, 28, 29]",9,594,0.6954986760812004,
retest-phase3a-replication::minimal,10,"[20, 21, 22, 23, 24, 25, 26, 27, 28, 29]",10,474,0.6752221125370187,
retest-phase3a-high::track2-text-t0.7,3,"[0, 1, 2]",1,2549,0.2959844559585492,
retest-phase3a-high::track2-text-t0.7,3,"[0, 1, 2]",2,861,0.6142857142857143,
retest-phase3a-high::track2-text-t0.7,3,"[0, 1, 2]",3,480,0.7085377821393523,
retest-phase3a-high::track2-text-t0.7,3,"[3, 4, 5]",1,2452,0.30892678034102306,
retest-phase3a-high::track2-text-t0.7,3,"[3, 4, 5]",2,809,0.6335311572700297,
retest-phase3a-high::track2-text-t0.7,3,"[3, 4, 5]",3,455,0.7122736418511066,
retest-phase3a-high::track2-text-t0.7,3,"[6, 7, 8]",1,2663,0.2860712054965646,
retest-phase3a-high::track2-text-t0.7,3,"[6, 7, 8]",2,871,0.6042553191489362,
retest-phase3a-high::track2-text-t0.7,3,"[6, 7, 8]",3,484,0.6823069403714566,
retest-phase3a-high::track2-text-t0.7,3,"[9, 10, 11]",1,2568,0.29288702928870297,
retest-phase3a-high::track2-text-t0.7,3,"[9, 10, 11]",2,889,0.5938375350140056,
retest-phase3a-high::track2-text-t0.7,3,"[9, 10, 11]",3,471,0.6871287128712871,
retest-phase3a-high::track2-text-t0.7,3,"[12, 13, 14]",1,2620,0.2969294080405191,
retest-phase3a-high::track2-text-t0.7,3,"[12, 13, 14]",2,885,0.6025280898876405,
retest-phase3a-high::track2-text-t0.7,3,"[12, 13, 14]",3,475,0.6824457593688362,
retest-phase3a-high::track2-text-t0.7,3,"[15, 16, 17]",1,2702,0.2900339401419315,
retest-phase3a-high::track2-text-t0.7,3,"[15, 16, 17]",2,851,0.6302158273381295,
retest-phase3a-high::track2-text-t0.7,3,"[15, 16, 17]",3,461,0.706,
retest-phase3a-high::track2-text-t0.7,3,"[18, 19, 20]",1,2679,0.29894344313238036,
retest-phase3a-high::track2-text-t0.7,3,"[18, 19, 20]",2,866,0.6149466192170818,
retest-phase3a-high::track2-text-t0.7,3,"[18, 19, 20]",3,483,0.6966731898238748,
retest-phase3a-high::track2-text-t0.7,3,"[21, 22, 23]",1,2701,0.2888888888888889,
retest-phase3a-high::track2-text-t0.7,3,"[21, 22, 23]",2,812,0.6380458919319023,
retest-phase3a-high::track2-text-t0.7,3,"[21, 22, 23]",3,461,0.734,
retest-phase3a-high::track2-text-t0.7,3,"[24, 25, 26]",1,2611,0.2901587301587302,
retest-phase3a-high::track2-text-t0.7,3,"[24, 25, 26]",2,831,0.621897810218978,
retest-phase3a-high::track2-text-t0.7,3,"[24, 25, 26]",3,484,0.7135874877810362,
retest-phase3a-high::track2-text-t0.7,3,"[27, 28, 29]",1,2705,0.2792848335388409,
retest-phase3a-high::track2-text-t0.7,3,"[27, 28, 29]",2,861,0.5900000000000001,
retest-phase3a-high::track2-text-t0.7,3,"[27, 28, 29]",3,488,0.7069133398247321,
retest-phase3a-high::track2-text-t0.7,5,"[0, 1, 2, 3, 4]",1,3493,0.23115079365079363,
retest-phase3a-high::track2-text-t0.7,5,"[0, 1, 2, 3, 4]",2,1214,0.5077010838562465,
retest-phase3a-high::track2-text-t0.7,5,"[0, 1, 2, 3, 4]",3,763,0.6620583717357911,
retest-phase3a-high::track2-text-t0.7,5,"[0, 1, 2, 3, 4]",4,535,0.7299813780260708,
retest-phase3a-high::track2-text-t0.7,5,"[0, 1, 2, 3, 4]",5,386,0.7005405405405405,
retest-phase3a-high::track2-text-t0.7,5,"[5, 6, 7, 8, 9]",1,3585,0.2274490785645005,
retest-phase3a-high::track2-text-t0.7,5,"[5, 6, 7, 8, 9]",2,1221,0.5113636363636364,
retest-phase3a-high::track2-text-t0.7,5,"[5, 6, 7, 8, 9]",3,769,0.6529051987767583,
retest-phase3a-high::track2-text-t0.7,5,"[5, 6, 7, 8, 9]",4,556,0.7159817351598174,
retest-phase3a-high::track2-text-t0.7,5,"[5, 6, 7, 8, 9]",5,367,0.6600441501103752,
retest-phase3a-high::track2-text-t0.7,5,"[10, 11, 12, 13, 14]",1,3608,0.23293947431878467,
retest-phase3a-high::track2-text-t0.7,5,"[10, 11, 12, 13, 14]",2,1250,0.5064281721632197,
retest-phase3a-high::track2-text-t0.7,5,"[10, 11, 12, 13, 14]",3,810,0.6493699036323202,
retest-phase3a-high::track2-text-t0.7,5,"[10, 11, 12, 13, 14]",4,579,0.7209302325581395,
retest-phase3a-high::track2-text-t0.7,5,"[10, 11, 12, 13, 14]",5,366,0.698342541436464,
retest-phase3a-high::track2-text-t0.7,5,"[15, 16, 17, 18, 19]",1,3688,0.22995031937544358,
retest-phase3a-high::track2-text-t0.7,5,"[15, 16, 17, 18, 19]",2,1274,0.5129619415333702,
retest-phase3a-high::track2-text-t0.7,5,"[15, 16, 17, 18, 19]",3,788,0.6646571213263,
retest-phase3a-high::track2-text-t0.7,5,"[15, 16, 17, 18, 19]",4,551,0.7376146788990826,
retest-phase3a-high::track2-text-t0.7,5,"[15, 16, 17, 18, 19]",5,357,0.6964285714285714,
retest-phase3a-high::track2-text-t0.7,5,"[20, 21, 22, 23, 24]",1,3791,0.21893764434180135,
retest-phase3a-high::track2-text-t0.7,5,"[20, 21, 22, 23, 24]",2,1242,0.5075800112296462,
retest-phase3a-high::track2-text-t0.7,5,"[20, 21, 22, 23, 24]",3,731,0.667716535433071,
retest-phase3a-high::track2-text-t0.7,5,"[20, 21, 22, 23, 24]",4,537,0.7360594795539034,
retest-phase3a-high::track2-text-t0.7,5,"[20, 21, 22, 23, 24]",5,388,0.7249190938511327,
retest-phase3a-high::track2-text-t0.7,5,"[25, 26, 27, 28, 29]",1,3661,0.22333333333333336,
retest-phase3a-high::track2-text-t0.7,5,"[25, 26, 27, 28, 29]",2,1230,0.5076314301865461,
retest-phase3a-high::track2-text-t0.7,5,"[25, 26, 27, 28, 29]",3,781,0.6484848484848486,
retest-phase3a-high::track2-text-t0.7,5,"[25, 26, 27, 28, 29]",4,559,0.73224043715847,
retest-phase3a-high::track2-text-t0.7,5,"[25, 26, 27, 28, 29]",5,405,0.7097457627118643,
retest-phase3a-high::track2-text-t0.7,10,"[0, 1, 2, 3, 4, 5, 6, 7, 8, 9]",1,5589,0.15763707571801566,
retest-phase3a-high::track2-text-t0.7,10,"[0, 1, 2, 3, 4, 5, 6, 7, 8, 9]",2,1957,0.37099358974358976,
retest-phase3a-high::track2-text-t0.7,10,"[0, 1, 2, 3, 4, 5, 6, 7, 8, 9]",3,1256,0.5047353760445683,
retest-phase3a-high::track2-text-t0.7,10,"[0, 1, 2, 3, 4, 5, 6, 7, 8, 9]",4,942,0.600945307224848,
retest-phase3a-high::track2-text-t0.7,10,"[0, 1, 2, 3, 4, 5, 6, 7, 8, 9]",5,762,0.6671790930053805,
retest-phase3a-high::track2-text-t0.7,10,"[0, 1, 2, 3, 4, 5, 6, 7, 8, 9]",6,659,0.7111853088480801,
retest-phase3a-high::track2-text-t0.7,10,"[0, 1, 2, 3, 4, 5, 6, 7, 8, 9]",7,558,0.7402005469462168,
retest-phase3a-high::track2-text-t0.7,10,"[0, 1, 2, 3, 4, 5, 6, 7, 8, 9]",8,478,0.7374631268436578,
retest-phase3a-high::track2-text-t0.7,10,"[0, 1, 2, 3, 4, 5, 6, 7, 8, 9]",9,401,0.725531914893617,
retest-phase3a-high::track2-text-t0.7,10,"[0, 1, 2, 3, 4, 5, 6, 7, 8, 9]",10,279,0.60880195599022,
retest-phase3a-high::track2-text-t0.7,10,"[10, 11, 12, 13, 14, 15, 16, 17, 18, 19]",1,5681,0.1581993569131833,
retest-phase3a-high::track2-text-t0.7,10,"[10, 11, 12, 13, 14, 15, 16, 17, 18, 19]",2,2011,0.3756862745098039,
retest-phase3a-high::track2-text-t0.7,10,"[10, 11, 12, 13, 14, 15, 16, 17, 18, 19]",3,1335,0.496264674493063,
retest-phase3a-high::track2-text-t0.7,10,"[10, 11, 12, 13, 14, 15, 16, 17, 18, 19]",4,1022,0.5816784112748238,
retest-phase3a-high::track2-text-t0.7,10,"[10, 11, 12, 13, 14, 15, 16, 17, 18, 19]",5,823,0.646108663729809,
retest-phase3a-high::track2-text-t0.7,10,"[10, 11, 12, 13, 14, 15, 16, 17, 18, 19]",6,672,0.7052023121387284,
retest-phase3a-high::track2-text-t0.7,10,"[10, 11, 12, 13, 14, 15, 16, 17, 18, 19]",7,572,0.748874887488749,
retest-phase3a-high::track2-text-t0.7,10,"[10, 11, 12, 13, 14, 15, 16, 17, 18, 19]",8,474,0.7620927936821323,
retest-phase3a-high::track2-text-t0.7,10,"[10, 11, 12, 13, 14, 15, 16, 17, 18, 19]",9,388,0.7378640776699028,
retest-phase3a-high::track2-text-t0.7,10,"[10, 11, 12, 13, 14, 15, 16, 17, 18, 19]",10,271,0.6222222222222221,
retest-phase3a-high::track2-text-t0.7,10,"[20, 21, 22, 23, 24, 25, 26, 27, 28, 29]",1,5899,0.1500465983224604,
retest-phase3a-high::track2-text-t0.7,10,"[20, 21, 22, 23, 24, 25, 26, 27, 28, 29]",2,1991,0.3691699604743083,
retest-phase3a-high::track2-text-t0.7,10,"[20, 21, 22, 23, 24, 25, 26, 27, 28, 29]",3,1284,0.5002742731760834,
retest-phase3a-high::track2-text-t0.7,10,"[20, 21, 22, 23, 24, 25, 26, 27, 28, 29]",4,970,0.5911199469847581,
retest-phase3a-high::track2-text-t0.7,10,"[20, 21, 22, 23, 24, 25, 26, 27, 28, 29]",5,784,0.6575963718820861,
retest-phase3a-high::track2-text-t0.7,10,"[20, 21, 22, 23, 24, 25, 26, 27, 28, 29]",6,646,0.7122362869198312,
retest-phase3a-high::track2-text-t0.7,10,"[20, 21, 22, 23, 24, 25, 26, 27, 28, 29]",7,552,0.7406049495875344,
retest-phase3a-high::track2-text-t0.7,10,"[20, 21, 22, 23, 24, 25, 26, 27, 28, 29]",8,477,0.7677165354330708,
retest-phase3a-high::track2-text-t0.7,10,"[20, 21, 22, 23, 24, 25, 26, 27, 28, 29]",9,412,0.7507886435331229,
retest-phase3a-high::track2-text-t0.7,10,"[20, 21, 22, 23, 24, 25, 26, 27, 28, 29]",10,311,0.68,
retest-phase3a-replication::high,3,"[0, 1, 2]",1,2515,0.30189914865749834,
retest-phase3a-replication::high,3,"[0, 1, 2]",2,862,0.6067094932191293,
retest-phase3a-replication::high,3,"[0, 1, 2]",3,481,0.6980392156862745,
retest-phase3a-replication::high,3,"[3, 4, 5]",1,2491,0.30033003300330036,
retest-phase3a-replication::high,3,"[3, 4, 5]",2,859,0.5908440629470673,
retest-phase3a-replication::high,3,"[3, 4, 5]",3,468,0.6832174776564052,
retest-phase3a-replication::high,3,"[6, 7, 8]",1,2480,0.3060616098045711,
retest-phase3a-replication::high,3,"[6, 7, 8]",2,880,0.6046511627906976,
retest-phase3a-replication::high,3,"[6, 7, 8]",3,493,0.687984496124031,
retest-phase3a-replication::high,3,"[9, 10, 11]",1,2540,0.3000974342318935,
retest-phase3a-replication::high,3,"[9, 10, 11]",2,827,0.6295754026354319,
retest-phase3a-replication::high,3,"[9, 10, 11]",3,476,0.7054187192118226,
retest-phase3a-replication::high,3,"[12, 13, 14]",1,2504,0.3003614853762734,
retest-phase3a-replication::high,3,"[12, 13, 14]",2,890,0.6060181945416375,
retest-phase3a-replication::high,3,"[12, 13, 14]",3,495,0.6866537717601547,
retest-phase3a-replication::high,3,"[15, 16, 17]",1,2647,0.29315756434400503,
retest-phase3a-replication::high,3,"[15, 16, 17]",2,847,0.6103896103896105,
retest-phase3a-replication::high,3,"[15, 16, 17]",3,475,0.7120315581854043,
retest-phase3a-replication::high,3,"[18, 19, 20]",1,2461,0.30999999999999994,
retest-phase3a-replication::high,3,"[18, 19, 20]",2,835,0.61863173216885,
retest-phase3a-replication::high,3,"[18, 19, 20]",3,461,0.698,
retest-phase3a-replication::high,3,"[21, 22, 23]",1,2501,0.30460526315789477,
retest-phase3a-replication::high,3,"[21, 22, 23]",2,872,0.5995747696669029,
retest-phase3a-replication::high,3,"[21, 22, 23]",3,497,0.6853281853281854,
retest-phase3a-replication::high,3,"[24, 25, 26]",1,2562,0.2947436310867462,
retest-phase3a-replication::high,3,"[24, 25, 26]",2,880,0.5933756166314305,
retest-phase3a-replication::high,3,"[24, 25, 26]",3,476,0.6719211822660098,
retest-phase3a-replication::high,3,"[27, 28, 29]",1,2567,0.3013522215067611,
retest-phase3a-replication::high,3,"[27, 28, 29]",2,880,0.6074700493305144,
retest-phase3a-replication::high,3,"[27, 28, 29]",3,503,0.6948176583493283,
retest-phase3a-replication::high,5,"[0, 1, 2, 3, 4]",1,3503,0.23552696684809504,
retest-phase3a-replication::high,5,"[0, 1, 2, 3, 4]",2,1205,0.5149082568807339,
retest-phase3a-replication::high,5,"[0, 1, 2, 3, 4]",3,792,0.6461307287753569,
retest-phase3a-replication::high,5,"[0, 1, 2, 3, 4]",4,558,0.7128532360984503,
retest-phase3a-replication::high,5,"[0, 1, 2, 3, 4]",5,369,0.7048458149779737,
retest-phase3a-replication::high,5,"[5, 6, 7, 8, 9]",1,3442,0.24265259984928408,
retest-phase3a-replication::high,5,"[5, 6, 7, 8, 9]",2,1232,0.5036702428006776,
retest-phase3a-replication::high,5,"[5, 6, 7, 8, 9]",3,798,0.643231114435303,
retest-phase3a-replication::high,5,"[5, 6, 7, 8, 9]",4,574,0.7079964061096137,
retest-phase3a-replication::high,5,"[5, 6, 7, 8, 9]",5,370,0.6820682068206821,
retest-phase3a-replication::high,5,"[10, 11, 12, 13, 14]",1,3469,0.23652694610778444,
retest-phase3a-replication::high,5,"[10, 11, 12, 13, 14]",2,1221,0.5136363636363637,
retest-phase3a-replication::high,5,"[10, 11, 12, 13, 14]",3,784,0.6530612244897959,
retest-phase3a-replication::high,5,"[10, 11, 12, 13, 14]",4,562,0.7211625794732062,
retest-phase3a-replication::high,5,"[10, 11, 12, 13, 14]",5,370,0.690869086908691,
retest-phase3a-replication::high,5,"[15, 16, 17, 18, 19]",1,3566,0.23337393422655298,
retest-phase3a-replication::high,5,"[15, 16, 17, 18, 19]",2,1209,0.5194508009153318,
retest-phase3a-replication::high,5,"[15, 16, 17, 18, 19]",3,794,0.6466616654163542,
retest-phase3a-replication::high,5,"[15, 16, 17, 18, 19]",4,550,0.7235996326905417,
retest-phase3a-replication::high,5,"[15, 16, 17, 18, 19]",5,378,0.6892039258451472,
retest-phase3a-replication::high,5,"[20, 21, 22, 23, 24]",1,3497,0.23290386521308226,
retest-phase3a-replication::high,5,"[20, 21, 22, 23, 24]",2,1201,0.5149425287356322,
retest-phase3a-replication::high,5,"[20, 21, 22, 23, 24]",3,777,0.6428571428571429,
retest-phase3a-replication::high,5,"[20, 21, 22, 23, 24]",4,563,0.7005444646098004,
retest-phase3a-replication::high,5,"[20, 21, 22, 23, 24]",5,370,0.6732673267326733,
retest-phase3a-replication::high,5,"[25, 26, 27, 28, 29]",1,3512,0.23500370278943472,
retest-phase3a-replication::high,5,"[25, 26, 27, 28, 29]",2,1255,0.49944258639910816,
retest-phase3a-replication::high,5,"[25, 26, 27, 28, 29]",3,788,0.6390354182366238,
retest-phase3a-replication::high,5,"[25, 26, 27, 28, 29]",4,573,0.7140287769784174,
retest-phase3a-replication::high,5,"[25, 26, 27, 28, 29]",5,406,0.6793650793650794,
retest-phase3a-replication::high,10,"[0, 1, 2, 3, 4, 5, 6, 7, 8, 9]",1,5415,0.16493113873026538,
retest-phase3a-replication::high,10,"[0, 1, 2, 3, 4, 5, 6, 7, 8, 9]",2,1952,0.37896427137695704,
retest-phase3a-replication::high,10,"[0, 1, 2, 3, 4, 5, 6, 7, 8, 9]",3,1259,0.5083426028921023,
retest-phase3a-replication::high,10,"[0, 1, 2, 3, 4, 5, 6, 7, 8, 9]",4,984,0.5856861457649377,
retest-phase3a-replication::high,10,"[0, 1, 2, 3, 4, 5, 6, 7, 8, 9]",5,798,0.649214659685864,
retest-phase3a-replication::high,10,"[0, 1, 2, 3, 4, 5, 6, 7, 8, 9]",6,665,0.7093023255813953,
retest-phase3a-replication::high,10,"[0, 1, 2, 3, 4, 5, 6, 7, 8, 9]",7,569,0.7364620938628158,
retest-phase3a-replication::high,10,"[0, 1, 2, 3, 4, 5, 6, 7, 8, 9]",8,498,0.7444551591128254,
retest-phase3a-replication::high,10,"[0, 1, 2, 3, 4, 5, 6, 7, 8, 9]",9,404,0.7338282078472957,
retest-phase3a-replication::high,10,"[0, 1, 2, 3, 4, 5, 6, 7, 8, 9]",10,285,0.6432038834951457,
retest-phase3a-replication::high,10,"[10, 11, 12, 13, 14, 15, 16, 17, 18, 19]",1,5524,0.16328550222662047,
retest-phase3a-replication::high,10,"[10, 11, 12, 13, 14, 15, 16, 17, 18, 19]",2,1944,0.38179621425694726,
retest-phase3a-replication::high,10,"[10, 11, 12, 13, 14, 15, 16, 17, 18, 19]",3,1287,0.5016429353778752,
retest-phase3a-replication::high,10,"[10, 11, 12, 13, 14, 15, 16, 17, 18, 19]",4,972,0.5956320317670417,
retest-phase3a-replication::high,10,"[10, 11, 12, 13, 14, 15, 16, 17, 18, 19]",5,799,0.6576980568011959,
retest-phase3a-replication::high,10,"[10, 11, 12, 13, 14, 15, 16, 17, 18, 19]",6,651,0.7109243697478991,
retest-phase3a-replication::high,10,"[10, 11, 12, 13, 14, 15, 16, 17, 18, 19]",7,567,0.7468354430379747,
retest-phase3a-replication::high,10,"[10, 11, 12, 13, 14, 15, 16, 17, 18, 19]",8,483,0.7553816046966733,
retest-phase3a-replication::high,10,"[10, 11, 12, 13, 14, 15, 16, 17, 18, 19]",9,395,0.7387580299785869,
retest-phase3a-replication::high,10,"[10, 11, 12, 13, 14, 15, 16, 17, 18, 19]",10,278,0.6364749082007344,
retest-phase3a-replication::high,10,"[20, 21, 22, 23, 24, 25, 26, 27, 28, 29]",1,5543,0.1588293324564288,
retest-phase3a-replication::high,10,"[20, 21, 22, 23, 24, 25, 26, 27, 28, 29]",2,1910,0.37729685585953454,
retest-phase3a-replication::high,10,"[20, 21, 22, 23, 24, 25, 26, 27, 28, 29]",3,1281,0.4956043956043957,
retest-phase3a-replication::high,10,"[20, 21, 22, 23, 24, 25, 26, 27, 28, 29]",4,987,0.583224115334207,
retest-phase3a-replication::high,10,"[20, 21, 22, 23, 24, 25, 26, 27, 28, 29]",5,805,0.6428571428571428,
retest-phase3a-replication::high,10,"[20, 21, 22, 23, 24, 25, 26, 27, 28, 29]",6,665,0.6960132890365449,
retest-phase3a-replication::high,10,"[20, 21, 22, 23, 24, 25, 26, 27, 28, 29]",7,574,0.7223719676549865,
retest-phase3a-replication::high,10,"[20, 21, 22, 23, 24, 25, 26, 27, 28, 29]",8,484,0.7311827956989247,
retest-phase3a-replication::high,10,"[20, 21, 22, 23, 24, 25, 26, 27, 28, 29]",9,403,0.7006369426751593,
retest-phase3a-replication::high,10,"[20, 21, 22, 23, 24, 25, 26, 27, 28, 29]",10,287,0.6295399515738498,
retest-phase3c::track2-text-h9-a-p1,3,"[0, 1, 2]",1,2623,0.290955091714105,
retest-phase3c::track2-text-h9-a-p1,3,"[0, 1, 2]",2,840,0.612037708484409,
retest-phase3c::track2-text-h9-a-p1,3,"[0, 1, 2]",3,496,0.7053140096618359,
retest-phase3c::track2-text-h9-a-p1,5,"[0, 1, 2, 3, 4]",1,3767,0.21922898281467723,
retest-phase3c::track2-text-h9-a-p1,5,"[0, 1, 2, 3, 4]",2,1256,0.5002785515320334,
retest-phase3c::track2-text-h9-a-p1,5,"[0, 1, 2, 3, 4]",3,758,0.6553585196607555,
retest-phase3c::track2-text-h9-a-p1,5,"[0, 1, 2, 3, 4]",4,541,0.7259259259259259,
retest-phase3c::track2-text-h9-a-p1,5,"[0, 1, 2, 3, 4]",5,383,0.7049891540130152,
retest-phase3c::track2-text-h9-a-p2,3,"[0, 1, 2]",1,2571,0.28874598070739543,
retest-phase3c::track2-text-h9-a-p2,3,"[0, 1, 2]",2,866,0.606405693950178,
retest-phase3c::track2-text-h9-a-p2,3,"[0, 1, 2]",3,494,0.7008712487899322,
retest-phase3c::track2-text-h9-a-p2,5,"[0, 1, 2, 3, 4]",1,3696,0.22243211334120425,
retest-phase3c::track2-text-h9-a-p2,5,"[0, 1, 2, 3, 4]",2,1258,0.5008347245409014,
retest-phase3c::track2-text-h9-a-p2,5,"[0, 1, 2, 3, 4]",3,782,0.6585919757759272,
retest-phase3c::track2-text-h9-a-p2,5,"[0, 1, 2, 3, 4]",4,556,0.7232876712328768,
retest-phase3c::track2-text-h9-a-p2,5,"[0, 1, 2, 3, 4]",5,381,0.7195652173913043,
retest-phase3c::track2-text-h9-a-p3,3,"[0, 1, 2]",1,2555,0.29411764705882354,
retest-phase3c::track2-text-h9-a-p3,3,"[0, 1, 2]",2,871,0.6000000000000001,
retest-phase3c::track2-text-h9-a-p3,3,"[0, 1, 2]",3,471,0.6891089108910892,
retest-phase3c::track2-text-h9-a-p3,5,"[0, 1, 2, 3, 4]",1,3675,0.22591362126245845,
retest-phase3c::track2-text-h9-a-p3,5,"[0, 1, 2, 3, 4]",2,1241,0.5022471910112359,
retest-phase3c::track2-text-h9-a-p3,5,"[0, 1, 2, 3, 4]",3,796,0.6352059925093634,
retest-phase3c::track2-text-h9-a-p3,5,"[0, 1, 2, 3, 4]",4,566,0.709502262443439,
retest-phase3c::track2-text-h9-a-p3,5,"[0, 1, 2, 3, 4]",5,369,0.6894273127753303,
retest-phase3c::track2-text-h9-a-p4,3,"[0, 1, 2]",1,2509,0.2992125984251969,
retest-phase3c::track2-text-h9-a-p4,3,"[0, 1, 2]",2,895,0.5871687587168759,
retest-phase3c::track2-text-h9-a-p4,3,"[0, 1, 2]",3,494,0.7008712487899322,
retest-phase3c::track2-text-h9-a-p4,5,"[0, 1, 2, 3, 4]",1,3480,0.235879572032844,
retest-phase3c::track2-text-h9-a-p4,5,"[0, 1, 2, 3, 4]",2,1248,0.5125909345271404,
retest-phase3c::track2-text-h9-a-p4,5,"[0, 1, 2, 3, 4]",3,794,0.6496624156039009,
retest-phase3c::track2-text-h9-a-p4,5,"[0, 1, 2, 3, 4]",4,564,0.7307343608340888,
retest-phase3c::track2-text-h9-a-p4,5,"[0, 1, 2, 3, 4]",5,387,0.7257019438444925,
retest-phase3c::track2-text-h9-a-p5,3,"[0, 1, 2]",1,2620,0.2943969610636277,
retest-phase3c::track2-text-h9-a-p5,3,"[0, 1, 2]",2,825,0.6217008797653959,
retest-phase3c::track2-text-h9-a-p5,3,"[0, 1, 2]",3,482,0.7247796278158668,
retest-phase3c::track2-text-h9-a-p5,5,"[0, 1, 2, 3, 4]",1,3710,0.2254648152506472,
retest-phase3c::track2-text-h9-a-p5,5,"[0, 1, 2, 3, 4]",2,1205,0.5206422018348624,
retest-phase3c::track2-text-h9-a-p5,5,"[0, 1, 2, 3, 4]",3,751,0.662015503875969,
retest-phase3c::track2-text-h9-a-p5,5,"[0, 1, 2, 3, 4]",4,562,0.712079927338783,
retest-phase3c::track2-text-h9-a-p5,5,"[0, 1, 2, 3, 4]",5,380,0.7094668117519043,
retest-phase3c::track2-text-h9-d-t3,3,"[0, 1, 2]",1,2589,0.29475703324808183,
retest-phase3c::track2-text-h9-d-t3,3,"[0, 1, 2]",2,884,0.5973295853829936,
retest-phase3c::track2-text-h9-d-t3,3,"[0, 1, 2]",3,488,0.6932814021421616,
retest-phase3c::track2-text-h9-d-t3,5,"[0, 1, 2, 3, 4]",1,3511,0.23111111111111113,
retest-phase3c::track2-text-h9-d-t3,5,"[0, 1, 2, 3, 4]",2,1251,0.5005586592178771,
retest-phase3c::track2-text-h9-d-t3,5,"[0, 1, 2, 3, 4]",3,794,0.6391597899474869,
retest-phase3c::track2-text-h9-d-t3,5,"[0, 1, 2, 3, 4]",4,561,0.710909090909091,
retest-phase3c::track2-text-h9-d-t3,5,"[0, 1, 2, 3, 4]",5,384,0.695557963163597,
retest-phase3a-high::track2-text-t1.0,3,"[0, 1, 2]",1,2833,0.2746144721233689,
retest-phase3a-high::track2-text-t1.0,3,"[0, 1, 2]",2,838,0.6143790849673202,
retest-phase3a-high::track2-text-t1.0,3,"[0, 1, 2]",3,455,0.710261569416499,
retest-phase3a-high::track2-text-t1.0,3,"[3, 4, 5]",1,2713,0.2816728167281673,
retest-phase3a-high::track2-text-t1.0,3,"[3, 4, 5]",2,863,0.609129814550642,
retest-phase3a-high::track2-text-t1.0,3,"[3, 4, 5]",3,452,0.6902119071644803,
retest-phase3a-high::track2-text-t1.0,3,"[6, 7, 8]",1,2898,0.26883910386965376,
retest-phase3a-high::track2-text-t1.0,3,"[6, 7, 8]",2,844,0.6102675343456254,
retest-phase3a-high::track2-text-t1.0,3,"[6, 7, 8]",3,462,0.6913086913086912,
retest-phase3a-high::track2-text-t1.0,3,"[9, 10, 11]",1,2792,0.2785950165115581,
retest-phase3a-high::track2-text-t1.0,3,"[9, 10, 11]",2,802,0.627889634601044,
retest-phase3a-high::track2-text-t1.0,3,"[9, 10, 11]",3,440,0.6741573033707865,
retest-phase3a-high::track2-text-t1.0,3,"[12, 13, 14]",1,2760,0.2776598969384662,
retest-phase3a-high::track2-text-t1.0,3,"[12, 13, 14]",2,825,0.6041055718475072,
retest-phase3a-high::track2-text-t1.0,3,"[12, 13, 14]",3,443,0.6619144602851323,
retest-phase3a-high::track2-text-t1.0,3,"[15, 16, 17]",1,2826,0.27161961367013376,
retest-phase3a-high::track2-text-t1.0,3,"[15, 16, 17]",2,828,0.5969275786393562,
retest-phase3a-high::track2-text-t1.0,3,"[15, 16, 17]",3,462,0.6693306693306693,
retest-phase3a-high::track2-text-t1.0,3,"[18, 19, 20]",1,2727,0.28597672994488665,
retest-phase3a-high::track2-text-t1.0,3,"[18, 19, 20]",2,824,0.6162876008804108,
retest-phase3a-high::track2-text-t1.0,3,"[18, 19, 20]",3,438,0.6939611054247696,
retest-phase3a-high::track2-text-t1.0,3,"[21, 22, 23]",1,2785,0.27978339350180503,
retest-phase3a-high::track2-text-t1.0,3,"[21, 22, 23]",2,810,0.6360266864343959,
retest-phase3a-high::track2-text-t1.0,3,"[21, 22, 23]",3,436,0.6646153846153846,
retest-phase3a-high::track2-text-t1.0,3,"[24, 25, 26]",1,2848,0.2704458222615884,
retest-phase3a-high::track2-text-t1.0,3,"[24, 25, 26]",2,885,0.5941011235955056,
retest-phase3a-high::track2-text-t1.0,3,"[24, 25, 26]",3,463,0.6866267465069861,
retest-phase3a-high::track2-text-t1.0,3,"[27, 28, 29]",1,2844,0.273721548921076,
retest-phase3a-high::track2-text-t1.0,3,"[27, 28, 29]",2,838,0.6143790849673202,
retest-phase3a-high::track2-text-t1.0,3,"[27, 28, 29]",3,446,0.6923857868020304,
retest-phase3a-high::track2-text-t1.0,5,"[0, 1, 2, 3, 4]",1,3911,0.21438202247191013,
retest-phase3a-high::track2-text-t1.0,5,"[0, 1, 2, 3, 4]",2,1273,0.5,
retest-phase3a-high::track2-text-t1.0,5,"[0, 1, 2, 3, 4]",3,786,0.6415094339622642,
retest-phase3a-high::track2-text-t1.0,5,"[0, 1, 2, 3, 4]",4,527,0.7260787992495309,
retest-phase3a-high::track2-text-t1.0,5,"[0, 1, 2, 3, 4]",5,357,0.6875,
retest-phase3a-high::track2-text-t1.0,5,"[5, 6, 7, 8, 9]",1,3906,0.21507311586051742,
retest-phase3a-high::track2-text-t1.0,5,"[5, 6, 7, 8, 9]",2,1196,0.5198847262247839,
retest-phase3a-high::track2-text-t1.0,5,"[5, 6, 7, 8, 9]",3,722,0.6772402854877081,
retest-phase3a-high::track2-text-t1.0,5,"[5, 6, 7, 8, 9]",4,515,0.7381404174573055,
retest-phase3a-high::track2-text-t1.0,5,"[5, 6, 7, 8, 9]",5,363,0.7050997782705098,
retest-phase3a-high::track2-text-t1.0,5,"[10, 11, 12, 13, 14]",1,4018,0.20583717357910905,
retest-phase3a-high::track2-text-t1.0,5,"[10, 11, 12, 13, 14]",2,1252,0.49804578447794534,
retest-phase3a-high::track2-text-t1.0,5,"[10, 11, 12, 13, 14]",3,745,0.6510903426791277,
retest-phase3a-high::track2-text-t1.0,5,"[10, 11, 12, 13, 14]",4,505,0.6915708812260536,
retest-phase3a-high::track2-text-t1.0,5,"[10, 11, 12, 13, 14]",5,336,0.6377142857142858,
retest-phase3a-high::track2-text-t1.0,5,"[15, 16, 17, 18, 19]",1,3902,0.2143661337536591,
retest-phase3a-high::track2-text-t1.0,5,"[15, 16, 17, 18, 19]",2,1218,0.514513375071144,
retest-phase3a-high::track2-text-t1.0,5,"[15, 16, 17, 18, 19]",3,758,0.6491904394757132,
retest-phase3a-high::track2-text-t1.0,5,"[15, 16, 17, 18, 19]",4,532,0.707749766573296,
retest-phase3a-high::track2-text-t1.0,5,"[15, 16, 17, 18, 19]",5,346,0.6734463276836158,
retest-phase3a-high::track2-text-t1.0,5,"[20, 21, 22, 23, 24]",1,3972,0.21414320549767238,
retest-phase3a-high::track2-text-t1.0,5,"[20, 21, 22, 23, 24]",2,1241,0.5123595505617978,
retest-phase3a-high::track2-text-t1.0,5,"[20, 21, 22, 23, 24]",3,736,0.6792156862745098,
retest-phase3a-high::track2-text-t1.0,5,"[20, 21, 22, 23, 24]",4,523,0.7306967984934087,
retest-phase3a-high::track2-text-t1.0,5,"[20, 21, 22, 23, 24]",5,328,0.6482122260668973,
retest-phase3a-high::track2-text-t1.0,5,"[25, 26, 27, 28, 29]",1,4026,0.20941949616648411,
retest-phase3a-high::track2-text-t1.0,5,"[25, 26, 27, 28, 29]",2,1235,0.503945885005637,
retest-phase3a-high::track2-text-t1.0,5,"[25, 26, 27, 28, 29]",3,751,0.6511627906976745,
retest-phase3a-high::track2-text-t1.0,5,"[25, 26, 27, 28, 29]",4,523,0.7099811676082862,
retest-phase3a-high::track2-text-t1.0,5,"[25, 26, 27, 28, 29]",5,357,0.6696428571428572,
retest-phase3a-high::track2-text-t1.0,10,"[0, 1, 2, 3, 4, 5, 6, 7, 8, 9]",1,6239,0.1457657125995869,
retest-phase3a-high::track2-text-t1.0,10,"[0, 1, 2, 3, 4, 5, 6, 7, 8, 9]",2,2023,0.37158469945355194,
retest-phase3a-high::track2-text-t1.0,10,"[0, 1, 2, 3, 4, 5, 6, 7, 8, 9]",3,1260,0.5158421345191775,
retest-phase3a-high::track2-text-t1.0,10,"[0, 1, 2, 3, 4, 5, 6, 7, 8, 9]",4,971,0.5973509933774834,
retest-phase3a-high::track2-text-t1.0,10,"[0, 1, 2, 3, 4, 5, 6, 7, 8, 9]",5,775,0.6636225266362253,
retest-phase3a-high::track2-text-t1.0,10,"[0, 1, 2, 3, 4, 5, 6, 7, 8, 9]",6,635,0.717206132879046,
retest-phase3a-high::track2-text-t1.0,10,"[0, 1, 2, 3, 4, 5, 6, 7, 8, 9]",7,537,0.7565055762081784,
retest-phase3a-high::track2-text-t1.0,10,"[0, 1, 2, 3, 4, 5, 6, 7, 8, 9]",8,456,0.7698492462311557,
retest-phase3a-high::track2-text-t1.0,10,"[0, 1, 2, 3, 4, 5, 6, 7, 8, 9]",9,379,0.7385620915032679,
retest-phase3a-high::track2-text-t1.0,10,"[0, 1, 2, 3, 4, 5, 6, 7, 8, 9]",10,268,0.6195786864931847,
retest-phase3a-high::track2-text-t1.0,10,"[10, 11, 12, 13, 14, 15, 16, 17, 18, 19]",1,6354,0.14246336863484696,
retest-phase3a-high::track2-text-t1.0,10,"[10, 11, 12, 13, 14, 15, 16, 17, 18, 19]",2,2032,0.3710618436406068,
retest-phase3a-high::track2-text-t1.0,10,"[10, 11, 12, 13, 14, 15, 16, 17, 18, 19]",3,1285,0.5076754385964911,
retest-phase3a-high::track2-text-t1.0,10,"[10, 11, 12, 13, 14, 15, 16, 17, 18, 19]",4,961,0.5920000000000001,
retest-phase3a-high::track2-text-t1.0,10,"[10, 11, 12, 13, 14, 15, 16, 17, 18, 19]",5,760,0.6635873749037721,
retest-phase3a-high::track2-text-t1.0,10,"[10, 11, 12, 13, 14, 15, 16, 17, 18, 19]",6,619,0.7202072538860104,
retest-phase3a-high::track2-text-t1.0,10,"[10, 11, 12, 13, 14, 15, 16, 17, 18, 19]",7,531,0.7383177570093459,
retest-phase3a-high::track2-text-t1.0,10,"[10, 11, 12, 13, 14, 15, 16, 17, 18, 19]",8,454,0.7230614300100705,
retest-phase3a-high::track2-text-t1.0,10,"[10, 11, 12, 13, 14, 15, 16, 17, 18, 19]",9,363,0.6895787139689578,
retest-phase3a-high::track2-text-t1.0,10,"[10, 11, 12, 13, 14, 15, 16, 17, 18, 19]",10,247,0.5674300254452926,
retest-phase3a-high::track2-text-t1.0,10,"[20, 21, 22, 23, 24, 25, 26, 27, 28, 29]",1,6449,0.1433886662850601,
retest-phase3a-high::track2-text-t1.0,10,"[20, 21, 22, 23, 24, 25, 26, 27, 28, 29]",2,2028,0.3755356447214648,
retest-phase3a-high::track2-text-t1.0,10,"[20, 21, 22, 23, 24, 25, 26, 27, 28, 29]",3,1318,0.5051157781367798,
retest-phase3a-high::track2-text-t1.0,10,"[20, 21, 22, 23, 24, 25, 26, 27, 28, 29]",4,943,0.6126855600539811,
retest-phase3a-high::track2-text-t1.0,10,"[20, 21, 22, 23, 24, 25, 26, 27, 28, 29]",5,751,0.6852713178294574,
retest-phase3a-high::track2-text-t1.0,10,"[20, 21, 22, 23, 24, 25, 26, 27, 28, 29]",6,613,0.7274305555555555,
retest-phase3a-high::track2-text-t1.0,10,"[20, 21, 22, 23, 24, 25, 26, 27, 28, 29]",7,520,0.757318224740321,
retest-phase3a-high::track2-text-t1.0,10,"[20, 21, 22, 23, 24, 25, 26, 27, 28, 29]",8,438,0.7471852610030706,
retest-phase3a-high::track2-text-t1.0,10,"[20, 21, 22, 23, 24, 25, 26, 27, 28, 29]",9,363,0.7073170731707316,
retest-phase3a-high::track2-text-t1.0,10,"[20, 21, 22, 23, 24, 25, 26, 27, 28, 29]",10,254,0.5750315258511979,
retest-phase3c::track2-text-h9-d-t5,3,"[0, 1, 2]",1,2832,0.2693562741026402,
retest-phase3c::track2-text-h9-d-t5,3,"[0, 1, 2]",2,808,0.6191536748329621,
retest-phase3c::track2-text-h9-d-t5,3,"[0, 1, 2]",3,432,0.6735324407826982,
retest-phase3c::track2-text-h9-d-t5,5,"[0, 1, 2, 3, 4]",1,4064,0.2063871388225071,
retest-phase3c::track2-text-h9-d-t5,5,"[0, 1, 2, 3, 4]",2,1210,0.513436249285306,
retest-phase3c::track2-text-h9-d-t5,5,"[0, 1, 2, 3, 4]",3,754,0.654292343387471,
retest-phase3c::track2-text-h9-d-t5,5,"[0, 1, 2, 3, 4]",4,514,0.7103513770180437,
retest-phase3c::track2-text-h9-d-t5,5,"[0, 1, 2, 3, 4]",5,314,0.6400937866354044,
retest-phase3c::track1-image-h9-a-p1,3,"[0, 1, 2]",1,2028,0.3186599142968446,
retest-phase3c::track1-image-h9-a-p1,3,"[0, 1, 2]",2,575,0.6319569120287253,
retest-phase3c::track1-image-h9-a-p1,3,"[0, 1, 2]",3,303,0.5866983372921616,
retest-phase3c::track1-image-h9-a-p1,5,"[0, 1, 2, 3, 4]",1,2869,0.25234741784037557,
retest-phase3c::track1-image-h9-a-p1,5,"[0, 1, 2, 3, 4]",2,810,0.5826538176426983,
retest-phase3c::track1-image-h9-a-p1,5,"[0, 1, 2, 3, 4]",3,511,0.681904761904762,
retest-phase3c::track1-image-h9-a-p1,5,"[0, 1, 2, 3, 4]",4,369,0.6541850220264317,
retest-phase3c::track1-image-h9-a-p1,5,"[0, 1, 2, 3, 4]",5,223,0.5091863517060368,
retest-phase3c::track1-image-h9-a-p2,3,"[0, 1, 2]",1,2078,0.3095147115017195,
retest-phase3c::track1-image-h9-a-p2,3,"[0, 1, 2]",2,572,0.6300630063006301,
retest-phase3c::track1-image-h9-a-p2,3,"[0, 1, 2]",3,305,0.5592417061611376,
retest-phase3c::track1-image-h9-a-p2,5,"[0, 1, 2, 3, 4]",1,2958,0.2442093222762368,
retest-phase3c::track1-image-h9-a-p2,5,"[0, 1, 2, 3, 4]",2,828,0.5735186539868324,
retest-phase3c::track1-image-h9-a-p2,5,"[0, 1, 2, 3, 4]",3,536,0.6641860465116278,
retest-phase3c::track1-image-h9-a-p2,5,"[0, 1, 2, 3, 4]",4,374,0.6396495071193866,
retest-phase3c::track1-image-h9-a-p2,5,"[0, 1, 2, 3, 4]",5,226,0.4941176470588235,
retest-phase3c::track1-image-h9-a-p3,3,"[0, 1, 2]",1,1844,0.33235417540914813,
retest-phase3c::track1-image-h9-a-p3,3,"[0, 1, 2]",2,607,0.5968586387434556,
retest-phase3c::track1-image-h9-a-p3,3,"[0, 1, 2]",3,307,0.5602836879432623,
retest-phase3c::track1-image-h9-a-p3,5,"[0, 1, 2, 3, 4]",1,2639,0.2680931403398364,
retest-phase3c::track1-image-h9-a-p3,5,"[0, 1, 2, 3, 4]",2,847,0.5627705627705627,
retest-phase3c::track1-image-h9-a-p3,5,"[0, 1, 2, 3, 4]",3,542,0.6438482886216467,
retest-phase3c::track1-image-h9-a-p3,5,"[0, 1, 2, 3, 4]",4,377,0.6353711790393012,
retest-phase3c::track1-image-h9-a-p3,5,"[0, 1, 2, 3, 4]",5,232,0.5214007782101168,
retest-phase3c::track1-image-h9-a-p4,3,"[0, 1, 2]",1,2010,0.31306394664574344,
retest-phase3c::track1-image-h9-a-p4,3,"[0, 1, 2]",2,578,0.6159355416293644,
retest-phase3c::track1-image-h9-a-p4,3,"[0, 1, 2]",3,314,0.5416178194607268,
retest-phase3c::track1-image-h9-a-p4,5,"[0, 1, 2, 3, 4]",1,2768,0.255216208043544,
retest-phase3c::track1-image-h9-a-p4,5,"[0, 1, 2, 3, 4]",2,862,0.556745182012848,
retest-phase3c::track1-image-h9-a-p4,5,"[0, 1, 2, 3, 4]",3,526,0.6647887323943662,
retest-phase3c::track1-image-h9-a-p4,5,"[0, 1, 2, 3, 4]",4,379,0.6252723311546841,
retest-phase3c::track1-image-h9-a-p4,5,"[0, 1, 2, 3, 4]",5,239,0.5295629820051414,
retest-phase3c::track1-image-h9-a-p5,3,"[0, 1, 2]",1,1948,0.32569360675512665,
retest-phase3c::track1-image-h9-a-p5,3,"[0, 1, 2]",2,558,0.625341841385597,
retest-phase3c::track1-image-h9-a-p5,3,"[0, 1, 2]",3,295,0.5755395683453237,
retest-phase3c::track1-image-h9-a-p5,5,"[0, 1, 2, 3, 4]",1,2721,0.26196319018404907,
retest-phase3c::track1-image-h9-a-p5,5,"[0, 1, 2, 3, 4]",2,783,0.5869894099848714,
retest-phase3c::track1-image-h9-a-p5,5,"[0, 1, 2, 3, 4]",3,506,0.6794258373205742,
retest-phase3c::track1-image-h9-a-p5,5,"[0, 1, 2, 3, 4]",4,360,0.6562847608453838,
retest-phase3c::track1-image-h9-a-p5,5,"[0, 1, 2, 3, 4]",5,243,0.5498721227621484,
retest-phase3c::track1-image-h9-d-t3,3,"[0, 1, 2]",1,1953,0.31540930979133225,
retest-phase3c::track1-image-h9-d-t3,3,"[0, 1, 2]",2,588,0.6033717834960072,
retest-phase3c::track1-image-h9-d-t3,3,"[0, 1, 2]",3,297,0.5526315789473685,
retest-phase3c::track1-image-h9-d-t3,5,"[0, 1, 2, 3, 4]",1,2786,0.2550375939849624,
retest-phase3c::track1-image-h9-d-t3,5,"[0, 1, 2, 3, 4]",2,832,0.5689277899343544,
retest-phase3c::track1-image-h9-d-t3,5,"[0, 1, 2, 3, 4]",3,520,0.6647780925401321,
retest-phase3c::track1-image-h9-d-t3,5,"[0, 1, 2, 3, 4]",4,378,0.6303162486368594,
retest-phase3c::track1-image-h9-d-t3,5,"[0, 1, 2, 3, 4]",5,223,0.49081364829396323,
retest-phase3c::track2-text-h9-b-v3,3,"[0, 1, 2]",1,2578,0.28168110362528076,
retest-phase3c::track2-text-h9-b-v3,3,"[0, 1, 2]",2,841,0.5565217391304348,
retest-phase3c::track2-text-h9-b-v3,3,"[0, 1, 2]",3,477,0.6023622047244094,
retest-phase3c::track2-text-h9-b-v3,5,"[0, 1, 2, 3, 4]",1,3591,0.22130750605326877,
retest-phase3c::track2-text-h9-b-v3,5,"[0, 1, 2, 3, 4]",2,1209,0.4908466819221968,
retest-phase3c::track2-text-h9-b-v3,5,"[0, 1, 2, 3, 4]",3,770,0.6004583651642476,
retest-phase3c::track2-text-h9-b-v3,5,"[0, 1, 2, 3, 4]",4,544,0.6352723915050784,
retest-phase3c::track2-text-h9-b-v3,5,"[0, 1, 2, 3, 4]",5,341,0.5681818181818181,
retest-phase3c::track2-text-h9-e-p3,3,"[0, 1, 2]",1,2363,0.3039283252929015,
retest-phase3c::track2-text-h9-e-p3,3,"[0, 1, 2]",2,848,0.5537130497476569,
retest-phase3c::track2-text-h9-e-p3,3,"[0, 1, 2]",3,469,0.5873015873015873,
retest-phase3c::track2-text-h9-e-p3,5,"[0, 1, 2, 3, 4]",1,3319,0.23587350959046138,
retest-phase3c::track2-text-h9-e-p3,5,"[0, 1, 2, 3, 4]",2,1217,0.4817767653758541,
retest-phase3c::track2-text-h9-e-p3,5,"[0, 1, 2, 3, 4]",3,792,0.5815176558978211,
retest-phase3c::track2-text-h9-e-p3,5,"[0, 1, 2, 3, 4]",4,556,0.6118721461187214,
retest-phase3c::track2-text-h9-e-p3,5,"[0, 1, 2, 3, 4]",5,364,0.584717607973422,
55maps-generalisation::detect_brief-text,3,"[0, 1, 2]",1,47639,0.13377138841939343,0.166739464838483
55maps-generalisation::detect_brief-text,3,"[0, 1, 2]",2,14354,0.332851538302705,0.4218459632459219
55maps-generalisation::detect_brief-text,3,"[0, 1, 2]",3,7497,0.43739512584898116,0.5340791050739113
55maps-generalisation::detect_brief-text,5,"[0, 1, 2, 3, 4]",1,68041,0.09961811686445202,0.12173722607755375
55maps-generalisation::detect_brief-text,5,"[0, 1, 2, 3, 4]",2,21144,0.2644293249751548,0.32826236526259456
55maps-generalisation::detect_brief-text,5,"[0, 1, 2, 3, 4]",3,13099,0.3625324281061986,0.4527239609206822
55maps-generalisation::detect_brief-text,5,"[0, 1, 2, 3, 4]",4,8942,0.4276504297994269,0.5253581661891117
55maps-generalisation::detect_brief-text,5,"[0, 1, 2, 3, 4]",5,5519,0.47015279491316314,0.5644870456486667
55maps-text-high-generalisation::detect_brief-text,3,"[0, 1, 2]",1,49374,0.1301294307986469,0.16182526842182673
55maps-text-high-generalisation::detect_brief-text,3,"[0, 1, 2]",2,14836,0.3280950941875693,0.41392162788354997
55maps-text-high-generalisation::detect_brief-text,3,"[0, 1, 2]",3,7690,0.435631098520617,0.5361976707585773
55maps-text-high-generalisation::detect_brief-text,5,"[0, 1, 2, 3, 4]",1,69532,0.0978672032193159,0.1197048960429242
55maps-text-high-generalisation::detect_brief-text,5,"[0, 1, 2, 3, 4]",2,21965,0.2563836489641626,0.31849683133825
55maps-text-high-generalisation::detect_brief-text,5,"[0, 1, 2, 3, 4]",3,13573,0.3541498574579098,0.4415039535258996
55maps-text-high-generalisation::detect_brief-text,5,"[0, 1, 2, 3, 4]",4,9206,0.4277277840269966,0.5251687289088863
55maps-text-high-generalisation::detect_brief-text,5,"[0, 1, 2, 3, 4]",5,5728,0.4745951982132887,0.571003163967988
55maps-text-min-generalisation::detect_brief-text,3,"[0, 1, 2]",1,19993,0.2665227299988005,0.32049898044860264
55maps-text-min-generalisation::detect_brief-text,3,"[0, 1, 2]",2,12652,0.3498585172608942,0.4238822863610639
55maps-text-min-generalisation::detect_brief-text,3,"[0, 1, 2]",3,9001,0.3809116199443613,0.45709394393323344
55maps-text-min-generalisation::detect_brief-text,5,"[0, 1, 2, 3, 4]",1,23564,0.23959135120005598,0.2849345742075432
55maps-text-min-generalisation::detect_brief-text,5,"[0, 1, 2, 3, 4]",2,15471,0.3199765727951584,0.38205866562545754
55maps-text-min-generalisation::detect_brief-text,5,"[0, 1, 2, 3, 4]",3,12351,0.3582244228222695,0.43088260694340486
55maps-text-min-generalisation::detect_brief-text,5,"[0, 1, 2, 3, 4]",4,10131,0.38233546768763615,0.4556076308667239
55maps-text-min-generalisation::detect_brief-text,5,"[0, 1, 2, 3, 4]",5,7816,0.39379772479351727,0.46797568957456753
55maps-text-min-n10-uplift::detect_brief-text-min-n10,3,"[0, 1, 2]",1,20716,0.260511385715396,0.31569130333411055
55maps-text-min-n10-uplift::detect_brief-text-min-n10,3,"[0, 1, 2]",2,12077,0.3587013746709564,0.43977771278151495
55maps-text-min-n10-uplift::detect_brief-text-min-n10,3,"[0, 1, 2]",3,8129,0.4041986765041454,0.48619456910321746
55maps-text-min-n10-uplift::detect_brief-text-min-n10,5,"[0, 1, 2, 3, 4]",1,24943,0.22969860819064786,0.27609225326257464
55maps-text-min-n10-uplift::detect_brief-text-min-n10,5,"[0, 1, 2, 3, 4]",2,15303,0.32104719255942127,0.38895723635647855
55maps-text-min-n10-uplift::detect_brief-text-min-n10,5,"[0, 1, 2, 3, 4]",3,11652,0.3691661667666467,0.44907018596280746
55maps-text-min-n10-uplift::detect_brief-text-min-n10,5,"[0, 1, 2, 3, 4]",4,9188,0.3998310572997325,0.4807827678445727
55maps-text-min-n10-uplift::detect_brief-text-min-n10,5,"[0, 1, 2, 3, 4]",5,6930,0.41546702376966854,0.49799129561432876
