GATE pv-diag-384::flash-high-text-n5-text-t0.7 [lexicographic]: t1:11771/11771 t2:4543/4543 t3:3072/3072 t4:2363/2363 t5:1991/1991 t6:1713/1713 t7:1536/1536 t8:1387/1387 t9:1271/1271 t10:1161/1161 t11:1070/1070 t12:975/975 t13:907/907 t14:850/850 t15:789/789 t16:729/729 t17:682/682 t18:637/637 t19:607/607 t20:571/571 t21:536/536 t22:510/510 t23:491/491 t24:469/469 t25:441/441 t26:415/415 t27:390/390 t28:361/361 t29:327/327 t30:256/256
GATE n1-outstanding-384::brief-text-t03 [numeric]: t1:1229/1229 t2:952/952 t3:794/794
GATE pv-diag-384::flash-minimal-text-n30-t07-text-t0.3 [lexicographic]: t1:1575/1575 t2:1238/1238 t3:1117/1117 t4:1022/1022 t5:944/944 t6:879/879 t7:811/811 t8:752/752 t9:684/684 t10:608/608
GATE n1-outstanding-384::image-t0 [numeric]: t1:690/690 t2:681/681 t3:675/675
gates: PASS (4 conditions)
63 members' passes loaded in 71s
1150 consensus cells to score
2026-10-06 07:48:19,788 - INFO - Assigned source_tile to 528/528 detections via spatial join
2026-10-06 07:48:19,801 - INFO - Assigned source_tile to 1398/1398 detections via spatial join
2026-10-06 07:48:19,803 - INFO - Assigned source_tile to 509/509 detections via spatial join
2026-10-06 07:48:19,804 - INFO - Assigned source_tile to 608/608 detections via spatial join
2026-10-06 07:48:19,805 - INFO - Assigned source_tile to 524/524 detections via spatial join
2026-10-06 07:48:19,806 - INFO - Assigned source_tile to 514/514 detections via spatial join
2026-10-06 07:48:19,808 - INFO - Assigned source_tile to 950/950 detections via spatial join
2026-10-06 07:48:19,809 - INFO - Assigned source_tile to 991/991 detections via spatial join
2026-10-06 07:48:19,810 - INFO - Assigned source_tile to 930/930 detections via spatial join
2026-10-06 07:48:19,811 - INFO - Assigned source_tile to 559/559 detections via spatial join
2026-10-06 07:48:19,813 - INFO - Assigned source_tile to 2796/2796 detections via spatial join
2026-10-06 07:48:19,815 - INFO - Assigned source_tile to 2755/2755 detections via spatial join
2026-10-06 07:48:19,818 - INFO - Assigned source_tile to 973/973 detections via spatial join
2026-10-06 07:48:19,820 - INFO - Assigned source_tile to 3736/3736 detections via spatial join
2026-10-06 07:48:19,822 - INFO - Assigned source_tile to 534/534 detections via spatial join
2026-10-06 07:48:19,823 - INFO - Assigned source_tile to 2761/2761 detections via spatial join
2026-10-06 07:48:19,825 - INFO - Assigned source_tile to 2782/2782 detections via spatial join
2026-10-06 07:48:19,826 - INFO - Assigned source_tile to 2698/2698 detections via spatial join
2026-10-06 07:48:19,827 - INFO - Assigned source_tile to 951/951 detections via spatial join
2026-10-06 07:48:19,830 - INFO - Assigned source_tile to 2724/2724 detections via spatial join
2026-10-06 07:48:20,376 - INFO - Assigned source_tile to 2728/2728 detections via spatial join
2026-10-06 07:48:20,471 - INFO - Assigned source_tile to 2953/2953 detections via spatial join
2026-10-06 07:48:20,749 - INFO - Assigned source_tile to 2766/2766 detections via spatial join
2026-10-06 07:48:20,838 - INFO - Assigned source_tile to 2861/2861 detections via spatial join
2026-10-06 07:48:20,853 - INFO - Assigned source_tile to 3848/3848 detections via spatial join
2026-10-06 07:48:20,909 - INFO - Assigned source_tile to 420/420 detections via spatial join
2026-10-06 07:48:20,913 - INFO - Assigned source_tile to 2864/2864 detections via spatial join
2026-10-06 07:48:21,133 - INFO - Assigned source_tile to 537/537 detections via spatial join
2026-10-06 07:48:21,191 - INFO - Assigned source_tile to 520/520 detections via spatial join
2026-10-06 07:48:21,191 - INFO - Assigned source_tile to 519/519 detections via spatial join
2026-10-06 07:48:21,200 - INFO - Assigned source_tile to 528/528 detections via spatial join
2026-10-06 07:48:21,214 - INFO - Assigned source_tile to 559/559 detections via spatial join
2026-10-06 07:48:21,374 - INFO - Assigned source_tile to 868/868 detections via spatial join
2026-10-06 07:48:21,773 - INFO - Assigned source_tile to 1376/1376 detections via spatial join
2026-10-06 07:48:21,839 - INFO - Assigned source_tile to 855/855 detections via spatial join
2026-10-06 07:48:22,103 - INFO - Assigned source_tile to 415/415 detections via spatial join
2026-10-06 07:48:22,183 - INFO - Assigned source_tile to 1380/1380 detections via spatial join
2026-10-06 07:48:22,221 - INFO - Assigned source_tile to 603/603 detections via spatial join
2026-10-06 07:48:22,223 - INFO - Assigned source_tile to 1001/1001 detections via spatial join
2026-10-06 07:48:22,249 - INFO - Assigned source_tile to 868/868 detections via spatial join
2026-10-06 07:48:22,251 - INFO - Assigned source_tile to 424/424 detections via spatial join
2026-10-06 07:48:22,261 - INFO - Assigned source_tile to 3957/3957 detections via spatial join
2026-10-06 07:48:22,337 - INFO - Assigned source_tile to 1397/1397 detections via spatial join
2026-10-06 07:48:22,516 - INFO - Assigned source_tile to 937/937 detections via spatial join
2026-10-06 07:48:22,535 - INFO - Assigned source_tile to 956/956 detections via spatial join
2026-10-06 07:48:22,554 - INFO - Assigned source_tile to 957/957 detections via spatial join
2026-10-06 07:48:22,614 - INFO - Assigned source_tile to 613/613 detections via spatial join
2026-10-06 07:48:22,649 - INFO - Assigned source_tile to 3866/3866 detections via spatial join
2026-10-06 07:48:22,666 - INFO - Assigned source_tile to 964/964 detections via spatial join
2026-10-06 07:48:22,701 - INFO - Assigned source_tile to 972/972 detections via spatial join
2026-10-06 07:48:22,916 - INFO - Assigned source_tile to 879/879 detections via spatial join
2026-10-06 07:48:23,053 - INFO - Assigned source_tile to 3916/3916 detections via spatial join
2026-10-06 07:48:23,167 - INFO - Assigned source_tile to 584/584 detections via spatial join
2026-10-06 07:48:23,242 - INFO - Assigned source_tile to 3716/3716 detections via spatial join
2026-10-06 07:48:23,301 - INFO - Assigned source_tile to 410/410 detections via spatial join
2026-10-06 07:48:23,314 - INFO - Assigned source_tile to 418/418 detections via spatial join
2026-10-06 07:48:23,328 - INFO - Assigned source_tile to 866/866 detections via spatial join
2026-10-06 07:48:23,399 - INFO - Assigned source_tile to 1415/1415 detections via spatial join
2026-10-06 07:48:23,488 - INFO - Assigned source_tile to 881/881 detections via spatial join
2026-10-06 07:48:23,563 - INFO - Assigned source_tile to 611/611 detections via spatial join
2026-10-06 07:48:23,611 - INFO - Assigned source_tile to 611/611 detections via spatial join
2026-10-06 07:48:23,638 - INFO - Assigned source_tile to 598/598 detections via spatial join
2026-10-06 07:48:23,689 - INFO - Assigned source_tile to 438/438 detections via spatial join
2026-10-06 07:48:23,836 - INFO - Assigned source_tile to 3798/3798 detections via spatial join
2026-10-06 07:48:23,847 - INFO - Assigned source_tile to 5858/5858 detections via spatial join
2026-10-06 07:48:23,903 - INFO - Assigned source_tile to 1494/1494 detections via spatial join
2026-10-06 07:48:23,948 - INFO - Assigned source_tile to 882/882 detections via spatial join
2026-10-06 07:48:24,065 - INFO - Assigned source_tile to 591/591 detections via spatial join
2026-10-06 07:48:24,104 - INFO - Assigned source_tile to 431/431 detections via spatial join
2026-10-06 07:48:24,168 - INFO - Assigned source_tile to 5923/5923 detections via spatial join
2026-10-06 07:48:24,246 - INFO - Assigned source_tile to 1467/1467 detections via spatial join
2026-10-06 07:48:24,266 - INFO - Assigned source_tile to 899/899 detections via spatial join
2026-10-06 07:48:24,282 - INFO - Assigned source_tile to 617/617 detections via spatial join
2026-10-06 07:48:24,584 - INFO - Assigned source_tile to 440/440 detections via spatial join
2026-10-06 07:48:24,629 - INFO - Assigned source_tile to 440/440 detections via spatial join
2026-10-06 07:48:24,670 - INFO - Assigned source_tile to 345/345 detections via spatial join
2026-10-06 07:48:24,745 - INFO - Assigned source_tile to 1517/1517 detections via spatial join
2026-10-06 07:48:24,762 - INFO - Assigned source_tile to 5905/5905 detections via spatial join
2026-10-06 07:48:24,822 - INFO - Assigned source_tile to 932/932 detections via spatial join
2026-10-06 07:48:24,874 - INFO - Assigned source_tile to 896/896 detections via spatial join
2026-10-06 07:48:25,028 - INFO - Assigned source_tile to 736/736 detections via spatial join
2026-10-06 07:48:25,179 - INFO - Assigned source_tile to 611/611 detections via spatial join
2026-10-06 07:48:25,194 - INFO - Assigned source_tile to 513/513 detections via spatial join
2026-10-06 07:48:25,269 - INFO - Assigned source_tile to 731/731 detections via spatial join
2026-10-06 07:48:25,404 - INFO - Assigned source_tile to 517/517 detections via spatial join
2026-10-06 07:48:25,496 - INFO - Assigned source_tile to 343/343 detections via spatial join
2026-10-06 07:48:25,536 - INFO - Assigned source_tile to 431/431 detections via spatial join
2026-10-06 07:48:25,547 - INFO - Assigned source_tile to 1108/1108 detections via spatial join
2026-10-06 07:48:25,712 - INFO - Assigned source_tile to 1229/1229 detections via spatial join
2026-10-06 07:48:25,851 - INFO - Assigned source_tile to 513/513 detections via spatial join
2026-10-06 07:48:25,966 - INFO - Assigned source_tile to 749/749 detections via spatial join
2026-10-06 07:48:26,012 - INFO - Assigned source_tile to 794/794 detections via spatial join
2026-10-06 07:48:26,043 - INFO - Assigned source_tile to 1129/1129 detections via spatial join
2026-10-06 07:48:26,088 - INFO - Assigned source_tile to 1424/1424 detections via spatial join
2026-10-06 07:48:26,118 - INFO - Assigned source_tile to 929/929 detections via spatial join
2026-10-06 07:48:26,178 - INFO - Assigned source_tile to 1465/1465 detections via spatial join
2026-10-06 07:48:26,221 - INFO - Assigned source_tile to 1237/1237 detections via spatial join
2026-10-06 07:48:26,305 - INFO - Assigned source_tile to 743/743 detections via spatial join
2026-10-06 07:48:26,444 - INFO - Assigned source_tile to 330/330 detections via spatial join
2026-10-06 07:48:26,445 - INFO - Assigned source_tile to 922/922 detections via spatial join
2026-10-06 07:48:26,480 - INFO - Assigned source_tile to 1388/1388 detections via spatial join
2026-10-06 07:48:26,514 - INFO - Assigned source_tile to 929/929 detections via spatial join
2026-10-06 07:48:26,565 - INFO - Assigned source_tile to 1132/1132 detections via spatial join
2026-10-06 07:48:26,593 - INFO - Assigned source_tile to 952/952 detections via spatial join
2026-10-06 07:48:26,686 - INFO - Assigned source_tile to 659/659 detections via spatial join
2026-10-06 07:48:26,705 - INFO - Assigned source_tile to 1056/1056 detections via spatial join
2026-10-06 07:48:26,877 - INFO - Assigned source_tile to 792/792 detections via spatial join
2026-10-06 07:48:26,962 - INFO - Assigned source_tile to 1572/1572 detections via spatial join
2026-10-06 07:48:27,063 - INFO - Assigned source_tile to 1244/1244 detections via spatial join
2026-10-06 07:48:27,250 - INFO - Assigned source_tile to 1118/1118 detections via spatial join
2026-10-06 07:48:27,348 - INFO - Assigned source_tile to 946/946 detections via spatial join
2026-10-06 07:48:27,404 - INFO - Assigned source_tile to 731/731 detections via spatial join
2026-10-06 07:48:27,445 - INFO - Assigned source_tile to 1084/1084 detections via spatial join
2026-10-06 07:48:27,463 - INFO - Assigned source_tile to 1216/1216 detections via spatial join
2026-10-06 07:48:27,568 - INFO - Assigned source_tile to 915/915 detections via spatial join
2026-10-06 07:48:27,577 - INFO - Assigned source_tile to 810/810 detections via spatial join
2026-10-06 07:48:27,710 - INFO - Assigned source_tile to 922/922 detections via spatial join
2026-10-06 07:48:27,775 - INFO - Assigned source_tile to 1341/1341 detections via spatial join
2026-10-06 07:48:27,789 - INFO - Assigned source_tile to 737/737 detections via spatial join
2026-10-06 07:48:27,811 - INFO - Assigned source_tile to 684/684 detections via spatial join
2026-10-06 07:48:27,815 - INFO - Assigned source_tile to 690/690 detections via spatial join
2026-10-06 07:48:27,852 - INFO - Assigned source_tile to 794/794 detections via spatial join
2026-10-06 07:48:28,084 - INFO - Assigned source_tile to 675/675 detections via spatial join
2026-10-06 07:48:28,104 - INFO - Assigned source_tile to 880/880 detections via spatial join
2026-10-06 07:48:28,114 - INFO - Assigned source_tile to 673/673 detections via spatial join
2026-10-06 07:48:28,303 - INFO - Assigned source_tile to 664/664 detections via spatial join
2026-10-06 07:48:28,361 - INFO - Assigned source_tile to 885/885 detections via spatial join
2026-10-06 07:48:28,399 - INFO - Assigned source_tile to 603/603 detections via spatial join
2026-10-06 07:48:28,545 - INFO - Assigned source_tile to 710/710 detections via spatial join
2026-10-06 07:48:28,659 - INFO - Assigned source_tile to 1021/1021 detections via spatial join
2026-10-06 07:48:28,680 - INFO - Assigned source_tile to 1238/1238 detections via spatial join
2026-10-06 07:48:28,835 - INFO - Assigned source_tile to 876/876 detections via spatial join
2026-10-06 07:48:28,855 - INFO - Assigned source_tile to 752/752 detections via spatial join
2026-10-06 07:48:28,906 - INFO - Assigned source_tile to 608/608 detections via spatial join
2026-10-06 07:48:28,929 - INFO - Assigned source_tile to 631/631 detections via spatial join
2026-10-06 07:48:28,977 - INFO - Assigned source_tile to 787/787 detections via spatial join
2026-10-06 07:48:29,000 - INFO - Assigned source_tile to 649/649 detections via spatial join
2026-10-06 07:48:29,049 - INFO - Assigned source_tile to 567/567 detections via spatial join
2026-10-06 07:48:29,062 - INFO - Assigned source_tile to 2204/2204 detections via spatial join
2026-10-06 07:48:29,094 - INFO - Assigned source_tile to 968/968 detections via spatial join
2026-10-06 07:48:29,111 - INFO - Assigned source_tile to 681/681 detections via spatial join
2026-10-06 07:48:29,242 - INFO - Assigned source_tile to 711/711 detections via spatial join
2026-10-06 07:48:29,277 - INFO - Assigned source_tile to 710/710 detections via spatial join
2026-10-06 07:48:29,312 - INFO - Assigned source_tile to 568/568 detections via spatial join
2026-10-06 07:48:29,356 - INFO - Assigned source_tile to 903/903 detections via spatial join
2026-10-06 07:48:29,373 - INFO - Assigned source_tile to 812/812 detections via spatial join
2026-10-06 07:48:29,630 - INFO - Assigned source_tile to 717/717 detections via spatial join
2026-10-06 07:48:29,700 - INFO - Assigned source_tile to 2234/2234 detections via spatial join
2026-10-06 07:48:29,715 - INFO - Assigned source_tile to 886/886 detections via spatial join
2026-10-06 07:48:29,775 - INFO - Assigned source_tile to 606/606 detections via spatial join
2026-10-06 07:48:29,955 - INFO - Assigned source_tile to 761/761 detections via spatial join
2026-10-06 07:48:30,011 - INFO - Assigned source_tile to 688/688 detections via spatial join
2026-10-06 07:48:30,017 - INFO - Assigned source_tile to 620/620 detections via spatial join
2026-10-06 07:48:30,064 - INFO - Assigned source_tile to 987/987 detections via spatial join
2026-10-06 07:48:30,080 - INFO - Assigned source_tile to 517/517 detections via spatial join
2026-10-06 07:48:30,195 - INFO - Assigned source_tile to 690/690 detections via spatial join
2026-10-06 07:48:30,213 - INFO - Assigned source_tile to 559/559 detections via spatial join
2026-10-06 07:48:30,280 - INFO - Assigned source_tile to 698/698 detections via spatial join
2026-10-06 07:48:30,341 - INFO - Assigned source_tile to 889/889 detections via spatial join
2026-10-06 07:48:30,364 - INFO - Assigned source_tile to 2256/2256 detections via spatial join
2026-10-06 07:48:30,386 - INFO - Assigned source_tile to 1110/1110 detections via spatial join
2026-10-06 07:48:30,401 - INFO - Assigned source_tile to 782/782 detections via spatial join
2026-10-06 07:48:30,548 - INFO - Assigned source_tile to 807/807 detections via spatial join
2026-10-06 07:48:30,565 - INFO - Assigned source_tile to 642/642 detections via spatial join
2026-10-06 07:48:30,609 - INFO - Assigned source_tile to 991/991 detections via spatial join
2026-10-06 07:48:30,670 - INFO - Assigned source_tile to 786/786 detections via spatial join
2026-10-06 07:48:30,752 - INFO - Assigned source_tile to 655/655 detections via spatial join
2026-10-06 07:48:30,821 - INFO - Assigned source_tile to 1319/1319 detections via spatial join
2026-10-06 07:48:30,883 - INFO - Assigned source_tile to 796/796 detections via spatial join
2026-10-06 07:48:31,117 - INFO - Assigned source_tile to 578/578 detections via spatial join
2026-10-06 07:48:31,152 - INFO - Assigned source_tile to 730/730 detections via spatial join
2026-10-06 07:48:31,197 - INFO - Assigned source_tile to 816/816 detections via spatial join
2026-10-06 07:48:31,219 - INFO - Assigned source_tile to 725/725 detections via spatial join
2026-10-06 07:48:31,291 - INFO - Assigned source_tile to 1022/1022 detections via spatial join
2026-10-06 07:48:31,308 - INFO - Assigned source_tile to 1073/1073 detections via spatial join
2026-10-06 07:48:31,346 - INFO - Assigned source_tile to 973/973 detections via spatial join
2026-10-06 07:48:31,459 - INFO - Assigned source_tile to 648/648 detections via spatial join
2026-10-06 07:48:31,477 - INFO - Assigned source_tile to 1016/1016 detections via spatial join
2026-10-06 07:48:31,480 - INFO - Assigned source_tile to 1105/1105 detections via spatial join
2026-10-06 07:48:31,564 - INFO - Assigned source_tile to 1011/1011 detections via spatial join
2026-10-06 07:48:31,756 - INFO - Assigned source_tile to 954/954 detections via spatial join
2026-10-06 07:48:31,809 - INFO - Assigned source_tile to 1192/1192 detections via spatial join
2026-10-06 07:48:31,882 - INFO - Assigned source_tile to 842/842 detections via spatial join
2026-10-06 07:48:31,997 - INFO - Assigned source_tile to 1035/1035 detections via spatial join
2026-10-06 07:48:32,010 - INFO - Assigned source_tile to 1000/1000 detections via spatial join
2026-10-06 07:48:32,040 - INFO - Assigned source_tile to 1160/1160 detections via spatial join
2026-10-06 07:48:32,050 - INFO - Assigned source_tile to 1031/1031 detections via spatial join
2026-10-06 07:48:32,122 - INFO - Assigned source_tile to 1077/1077 detections via spatial join
2026-10-06 07:48:32,163 - INFO - Assigned source_tile to 1072/1072 detections via spatial join
2026-10-06 07:48:32,201 - INFO - Assigned source_tile to 1013/1013 detections via spatial join
2026-10-06 07:48:32,386 - INFO - Assigned source_tile to 1034/1034 detections via spatial join
2026-10-06 07:48:32,451 - INFO - Assigned source_tile to 1011/1011 detections via spatial join
2026-10-06 07:48:32,514 - INFO - Assigned source_tile to 975/975 detections via spatial join
2026-10-06 07:48:32,670 - INFO - Assigned source_tile to 975/975 detections via spatial join
2026-10-06 07:48:32,690 - INFO - Assigned source_tile to 1087/1087 detections via spatial join
2026-10-06 07:48:32,715 - INFO - Assigned source_tile to 1032/1032 detections via spatial join
2026-10-06 07:48:32,762 - INFO - Assigned source_tile to 799/799 detections via spatial join
2026-10-06 07:48:32,806 - INFO - Assigned source_tile to 1013/1013 detections via spatial join
2026-10-06 07:48:32,807 - INFO - Assigned source_tile to 1009/1009 detections via spatial join
2026-10-06 07:48:32,864 - INFO - Assigned source_tile to 959/959 detections via spatial join
2026-10-06 07:48:32,939 - INFO - Assigned source_tile to 1002/1002 detections via spatial join
2026-10-06 07:48:33,018 - INFO - Assigned source_tile to 972/972 detections via spatial join
2026-10-06 07:48:33,040 - INFO - Assigned source_tile to 1396/1396 detections via spatial join
2026-10-06 07:48:33,171 - INFO - Assigned source_tile to 1096/1096 detections via spatial join
2026-10-06 07:48:33,258 - INFO - Assigned source_tile to 729/729 detections via spatial join
2026-10-06 07:48:33,378 - INFO - Assigned source_tile to 937/937 detections via spatial join
2026-10-06 07:48:33,511 - INFO - Assigned source_tile to 950/950 detections via spatial join
2026-10-06 07:48:33,515 - INFO - Assigned source_tile to 1017/1017 detections via spatial join
2026-10-06 07:48:33,522 - INFO - Assigned source_tile to 1364/1364 detections via spatial join
2026-10-06 07:48:33,577 - INFO - Assigned source_tile to 1013/1013 detections via spatial join
2026-10-06 07:48:33,591 - INFO - Assigned source_tile to 1063/1063 detections via spatial join
2026-10-06 07:48:33,594 - INFO - Assigned source_tile to 746/746 detections via spatial join
2026-10-06 07:48:33,816 - INFO - Assigned source_tile to 1002/1002 detections via spatial join
2026-10-06 07:48:33,941 - INFO - Assigned source_tile to 901/901 detections via spatial join
2026-10-06 07:48:33,997 - INFO - Assigned source_tile to 966/966 detections via spatial join
2026-10-06 07:48:34,013 - INFO - Assigned source_tile to 967/967 detections via spatial join
2026-10-06 07:48:34,028 - INFO - Assigned source_tile to 1355/1355 detections via spatial join
2026-10-06 07:48:34,113 - INFO - Assigned source_tile to 946/946 detections via spatial join
2026-10-06 07:48:34,223 - INFO - Assigned source_tile to 1375/1375 detections via spatial join
2026-10-06 07:48:34,237 - INFO - Assigned source_tile to 1368/1368 detections via spatial join
2026-10-06 07:48:34,248 - INFO - Assigned source_tile to 737/737 detections via spatial join
2026-10-06 07:48:34,255 - INFO - Assigned source_tile to 725/725 detections via spatial join
2026-10-06 07:48:34,302 - INFO - Assigned source_tile to 1338/1338 detections via spatial join
2026-10-06 07:48:34,307 - INFO - Assigned source_tile to 967/967 detections via spatial join
2026-10-06 07:48:34,312 - INFO - Assigned source_tile to 1398/1398 detections via spatial join
2026-10-06 07:48:34,462 - INFO - Assigned source_tile to 969/969 detections via spatial join
2026-10-06 07:48:34,681 - INFO - Assigned source_tile to 752/752 detections via spatial join
2026-10-06 07:48:34,687 - INFO - Assigned source_tile to 953/953 detections via spatial join
2026-10-06 07:48:34,791 - INFO - Assigned source_tile to 1398/1398 detections via spatial join
2026-10-06 07:48:34,885 - INFO - Assigned source_tile to 739/739 detections via spatial join
2026-10-06 07:48:34,953 - INFO - Assigned source_tile to 720/720 detections via spatial join
2026-10-06 07:48:34,965 - INFO - Assigned source_tile to 1104/1104 detections via spatial join
2026-10-06 07:48:35,091 - INFO - Assigned source_tile to 807/807 detections via spatial join
2026-10-06 07:48:35,164 - INFO - Assigned source_tile to 1569/1569 detections via spatial join
2026-10-06 07:48:35,177 - INFO - Assigned source_tile to 959/959 detections via spatial join
2026-10-06 07:48:35,229 - INFO - Assigned source_tile to 660/660 detections via spatial join
2026-10-06 07:48:35,287 - INFO - Assigned source_tile to 1109/1109 detections via spatial join
2026-10-06 07:48:35,318 - INFO - Assigned source_tile to 751/751 detections via spatial join
2026-10-06 07:48:35,404 - INFO - Assigned source_tile to 834/834 detections via spatial join
2026-10-06 07:48:35,418 - INFO - Assigned source_tile to 1583/1583 detections via spatial join
2026-10-06 07:48:35,446 - INFO - Assigned source_tile to 1416/1416 detections via spatial join
2026-10-06 07:48:35,674 - INFO - Assigned source_tile to 708/708 detections via spatial join
2026-10-06 07:48:35,684 - INFO - Assigned source_tile to 958/958 detections via spatial join
2026-10-06 07:48:35,757 - INFO - Assigned source_tile to 932/932 detections via spatial join
2026-10-06 07:48:35,815 - INFO - Assigned source_tile to 1417/1417 detections via spatial join
2026-10-06 07:48:35,851 - INFO - Assigned source_tile to 1582/1582 detections via spatial join
2026-10-06 07:48:35,906 - INFO - Assigned source_tile to 968/968 detections via spatial join
2026-10-06 07:48:35,924 - INFO - Assigned source_tile to 961/961 detections via spatial join
2026-10-06 07:48:35,985 - INFO - Assigned source_tile to 649/649 detections via spatial join
2026-10-06 07:48:36,056 - INFO - Assigned source_tile to 738/738 detections via spatial join
2026-10-06 07:48:36,100 - INFO - Assigned source_tile to 1142/1142 detections via spatial join
2026-10-06 07:48:36,102 - INFO - Assigned source_tile to 1593/1593 detections via spatial join
2026-10-06 07:48:36,183 - INFO - Assigned source_tile to 1113/1113 detections via spatial join
2026-10-06 07:48:36,374 - INFO - Assigned source_tile to 653/653 detections via spatial join
2026-10-06 07:48:36,454 - INFO - Assigned source_tile to 950/950 detections via spatial join
2026-10-06 07:48:36,462 - INFO - Assigned source_tile to 809/809 detections via spatial join
2026-10-06 07:48:36,468 - INFO - Assigned source_tile to 816/816 detections via spatial join
2026-10-06 07:48:36,493 - INFO - Assigned source_tile to 658/658 detections via spatial join
2026-10-06 07:48:36,545 - INFO - Assigned source_tile to 1615/1615 detections via spatial join
2026-10-06 07:48:36,770 - INFO - Assigned source_tile to 934/934 detections via spatial join
2026-10-06 07:48:36,839 - INFO - Assigned source_tile to 936/936 detections via spatial join
2026-10-06 07:48:36,895 - INFO - Assigned source_tile to 658/658 detections via spatial join
2026-10-06 07:48:36,991 - INFO - Assigned source_tile to 1336/1336 detections via spatial join
2026-10-06 07:48:37,046 - INFO - Assigned source_tile to 813/813 detections via spatial join
2026-10-06 07:48:37,112 - INFO - Assigned source_tile to 1644/1644 detections via spatial join
2026-10-06 07:48:37,143 - INFO - Assigned source_tile to 1048/1048 detections via spatial join
2026-10-06 07:48:37,147 - INFO - Assigned source_tile to 1115/1115 detections via spatial join
2026-10-06 07:48:37,189 - INFO - Assigned source_tile to 908/908 detections via spatial join
2026-10-06 07:48:37,245 - INFO - Assigned source_tile to 765/765 detections via spatial join
2026-10-06 07:48:37,308 - INFO - Assigned source_tile to 560/560 detections via spatial join
2026-10-06 07:48:37,439 - INFO - Assigned source_tile to 1346/1346 detections via spatial join
2026-10-06 07:48:37,443 - INFO - Assigned source_tile to 1039/1039 detections via spatial join
2026-10-06 07:48:37,499 - INFO - Assigned source_tile to 901/901 detections via spatial join
2026-10-06 07:48:37,524 - INFO - Assigned source_tile to 1957/1957 detections via spatial join
2026-10-06 07:48:37,614 - INFO - Assigned source_tile to 947/947 detections via spatial join
2026-10-06 07:48:37,638 - INFO - Assigned source_tile to 640/640 detections via spatial join
2026-10-06 07:48:37,654 - INFO - Assigned source_tile to 781/781 detections via spatial join
2026-10-06 07:48:37,815 - INFO - Assigned source_tile to 551/551 detections via spatial join
2026-10-06 07:48:37,842 - INFO - Assigned source_tile to 1397/1397 detections via spatial join
2026-10-06 07:48:37,857 - INFO - Assigned source_tile to 1115/1115 detections via spatial join
2026-10-06 07:48:37,914 - INFO - Assigned source_tile to 1153/1153 detections via spatial join
2026-10-06 07:48:38,125 - INFO - Assigned source_tile to 1054/1054 detections via spatial join
2026-10-06 07:48:38,194 - INFO - Assigned source_tile to 794/794 detections via spatial join
2026-10-06 07:48:38,275 - INFO - Assigned source_tile to 890/890 detections via spatial join
2026-10-06 07:48:38,297 - INFO - Assigned source_tile to 757/757 detections via spatial join
2026-10-06 07:48:38,388 - INFO - Assigned source_tile to 1954/1954 detections via spatial join
2026-10-06 07:48:38,445 - INFO - Assigned source_tile to 837/837 detections via spatial join
2026-10-06 07:48:38,472 - INFO - Assigned source_tile to 686/686 detections via spatial join
2026-10-06 07:48:38,558 - INFO - Assigned source_tile to 559/559 detections via spatial join
2026-10-06 07:48:38,588 - INFO - Assigned source_tile to 973/973 detections via spatial join
2026-10-06 07:48:38,645 - INFO - Assigned source_tile to 966/966 detections via spatial join
2026-10-06 07:48:38,667 - INFO - Assigned source_tile to 987/987 detections via spatial join
2026-10-06 07:48:38,716 - INFO - Assigned source_tile to 1402/1402 detections via spatial join
2026-10-06 07:48:38,739 - INFO - Assigned source_tile to 739/739 detections via spatial join
2026-10-06 07:48:38,812 - INFO - Assigned source_tile to 699/699 detections via spatial join
2026-10-06 07:48:38,828 - INFO - Assigned source_tile to 840/840 detections via spatial join
2026-10-06 07:48:38,869 - INFO - Assigned source_tile to 1989/1989 detections via spatial join
2026-10-06 07:48:38,971 - INFO - Assigned source_tile to 982/982 detections via spatial join
2026-10-06 07:48:39,015 - INFO - Assigned source_tile to 1155/1155 detections via spatial join
2026-10-06 07:48:39,052 - INFO - Assigned source_tile to 829/829 detections via spatial join
2026-10-06 07:48:39,353 - INFO - Assigned source_tile to 1586/1586 detections via spatial join
2026-10-06 07:48:39,431 - INFO - Assigned source_tile to 767/767 detections via spatial join
2026-10-06 07:48:39,434 - INFO - Assigned source_tile to 1375/1375 detections via spatial join
2026-10-06 07:48:39,444 - INFO - Assigned source_tile to 1192/1192 detections via spatial join
2026-10-06 07:48:39,449 - INFO - Assigned source_tile to 985/985 detections via spatial join
2026-10-06 07:48:39,522 - INFO - Assigned source_tile to 658/658 detections via spatial join
2026-10-06 07:48:39,571 - INFO - Assigned source_tile to 1401/1401 detections via spatial join
2026-10-06 07:48:39,573 - INFO - Assigned source_tile to 969/969 detections via spatial join
2026-10-06 07:48:39,639 - INFO - Assigned source_tile to 678/678 detections via spatial join
2026-10-06 07:48:39,662 - INFO - Assigned source_tile to 1130/1130 detections via spatial join
2026-10-06 07:48:39,801 - INFO - Assigned source_tile to 807/807 detections via spatial join
2026-10-06 07:48:39,883 - INFO - Assigned source_tile to 1930/1930 detections via spatial join
2026-10-06 07:48:39,921 - INFO - Assigned source_tile to 1183/1183 detections via spatial join
2026-10-06 07:48:39,968 - INFO - Assigned source_tile to 1001/1001 detections via spatial join
2026-10-06 07:48:40,100 - INFO - Assigned source_tile to 850/850 detections via spatial join
2026-10-06 07:48:40,105 - INFO - Assigned source_tile to 708/708 detections via spatial join
2026-10-06 07:48:40,311 - INFO - Assigned source_tile to 995/995 detections via spatial join
2026-10-06 07:48:40,360 - INFO - Assigned source_tile to 763/763 detections via spatial join
2026-10-06 07:48:40,398 - INFO - Assigned source_tile to 1036/1036 detections via spatial join
2026-10-06 07:48:40,461 - INFO - Assigned source_tile to 198/198 detections via spatial join
2026-10-06 07:48:40,529 - INFO - Assigned source_tile to 487/487 detections via spatial join
2026-10-06 07:48:40,539 - INFO - Assigned source_tile to 686/686 detections via spatial join
2026-10-06 07:48:40,694 - INFO - Assigned source_tile to 250/250 detections via spatial join
2026-10-06 07:48:40,799 - INFO - Assigned source_tile to 1592/1592 detections via spatial join
2026-10-06 07:48:40,829 - INFO - Assigned source_tile to 839/839 detections via spatial join
2026-10-06 07:48:40,930 - INFO - Assigned source_tile to 1419/1419 detections via spatial join
2026-10-06 07:48:40,944 - INFO - Assigned source_tile to 1043/1043 detections via spatial join
2026-10-06 07:48:40,963 - INFO - Assigned source_tile to 203/203 detections via spatial join
2026-10-06 07:48:40,974 - INFO - Assigned source_tile to 477/477 detections via spatial join
2026-10-06 07:48:41,052 - INFO - Assigned source_tile to 317/317 detections via spatial join
2026-10-06 07:48:41,059 - INFO - Assigned source_tile to 616/616 detections via spatial join
2026-10-06 07:48:41,092 - INFO - Assigned source_tile to 967/967 detections via spatial join
2026-10-06 07:48:41,109 - INFO - Assigned source_tile to 1151/1151 detections via spatial join
2026-10-06 07:48:41,151 - INFO - Assigned source_tile to 1078/1078 detections via spatial join
2026-10-06 07:48:41,172 - INFO - Assigned source_tile to 236/236 detections via spatial join
2026-10-06 07:48:41,189 - INFO - Assigned source_tile to 344/344 detections via spatial join
2026-10-06 07:48:41,223 - INFO - Assigned source_tile to 1284/1284 detections via spatial join
2026-10-06 07:48:41,261 - INFO - Assigned source_tile to 157/157 detections via spatial join
2026-10-06 07:48:41,360 - INFO - Assigned source_tile to 927/927 detections via spatial join
2026-10-06 07:48:41,391 - INFO - Assigned source_tile to 772/772 detections via spatial join
2026-10-06 07:48:41,393 - INFO - Assigned source_tile to 570/570 detections via spatial join
2026-10-06 07:48:41,446 - INFO - Assigned source_tile to 791/791 detections via spatial join
2026-10-06 07:48:41,474 - INFO - Assigned source_tile to 1474/1474 detections via spatial join
2026-10-06 07:48:41,566 - INFO - Assigned source_tile to 1275/1275 detections via spatial join
2026-10-06 07:48:41,645 - INFO - Assigned source_tile to 560/560 detections via spatial join
2026-10-06 07:48:41,683 - INFO - Assigned source_tile to 163/163 detections via spatial join
2026-10-06 07:48:41,731 - INFO - Assigned source_tile to 808/808 detections via spatial join
2026-10-06 07:48:41,750 - INFO - Assigned source_tile to 313/313 detections via spatial join
2026-10-06 07:48:41,867 - INFO - Assigned source_tile to 1350/1350 detections via spatial join
2026-10-06 07:48:42,118 - INFO - Assigned source_tile to 1246/1246 detections via spatial join
2026-10-06 07:48:42,127 - INFO - Assigned source_tile to 587/587 detections via spatial join
2026-10-06 07:48:42,131 - INFO - Assigned source_tile to 810/810 detections via spatial join
2026-10-06 07:48:42,185 - INFO - Assigned source_tile to 334/334 detections via spatial join
2026-10-06 07:48:42,345 - INFO - Assigned source_tile to 556/556 detections via spatial join
2026-10-06 07:48:42,391 - INFO - Assigned source_tile to 557/557 detections via spatial join
2026-10-06 07:48:42,394 - INFO - Assigned source_tile to 1330/1330 detections via spatial join
2026-10-06 07:48:42,468 - INFO - Assigned source_tile to 798/798 detections via spatial join
2026-10-06 07:48:42,482 - INFO - Assigned source_tile to 787/787 detections via spatial join
2026-10-06 07:48:42,569 - INFO - Assigned source_tile to 1353/1353 detections via spatial join
2026-10-06 07:48:42,585 - INFO - Assigned source_tile to 567/567 detections via spatial join
2026-10-06 07:48:42,650 - INFO - Assigned source_tile to 812/812 detections via spatial join
2026-10-06 07:48:42,672 - INFO - Assigned source_tile to 1345/1345 detections via spatial join
2026-10-06 07:48:42,695 - INFO - Assigned source_tile to 780/780 detections via spatial join
2026-10-06 07:48:42,696 - INFO - Assigned source_tile to 1393/1393 detections via spatial join
2026-10-06 07:48:42,764 - INFO - Assigned source_tile to 556/556 detections via spatial join
2026-10-06 07:48:42,805 - INFO - Assigned source_tile to 771/771 detections via spatial join
2026-10-06 07:48:42,868 - INFO - Assigned source_tile to 1283/1283 detections via spatial join
2026-10-06 07:48:43,103 - INFO - Assigned source_tile to 1555/1555 detections via spatial join
2026-10-06 07:48:43,176 - INFO - Assigned source_tile to 769/769 detections via spatial join
2026-10-06 07:48:43,313 - INFO - Assigned source_tile to 597/597 detections via spatial join
2026-10-06 07:48:43,398 - INFO - Assigned source_tile to 1292/1292 detections via spatial join
2026-10-06 07:48:43,425 - INFO - Assigned source_tile to 503/503 detections via spatial join
2026-10-06 07:48:43,488 - INFO - Assigned source_tile to 942/942 detections via spatial join
2026-10-06 07:48:43,597 - INFO - Assigned source_tile to 1329/1329 detections via spatial join
2026-10-06 07:48:43,710 - INFO - Assigned source_tile to 584/584 detections via spatial join
2026-10-06 07:48:43,815 - INFO - Assigned source_tile to 1282/1282 detections via spatial join
2026-10-06 07:48:43,966 - INFO - Assigned source_tile to 567/567 detections via spatial join
2026-10-06 07:48:43,994 - INFO - Assigned source_tile to 664/664 detections via spatial join
2026-10-06 07:48:44,023 - INFO - Assigned source_tile to 1303/1303 detections via spatial join
2026-10-06 07:48:44,055 - INFO - Assigned source_tile to 801/801 detections via spatial join
2026-10-06 07:48:44,066 - INFO - Assigned source_tile to 1588/1588 detections via spatial join
2026-10-06 07:48:44,157 - INFO - Assigned source_tile to 1512/1512 detections via spatial join
2026-10-06 07:48:44,224 - INFO - Assigned source_tile to 603/603 detections via spatial join
2026-10-06 07:48:44,257 - INFO - Assigned source_tile to 553/553 detections via spatial join
2026-10-06 07:48:44,442 - INFO - Assigned source_tile to 958/958 detections via spatial join
2026-10-06 07:48:44,507 - INFO - Assigned source_tile to 791/791 detections via spatial join
2026-10-06 07:48:44,535 - INFO - Assigned source_tile to 818/818 detections via spatial join
2026-10-06 07:48:44,621 - INFO - Assigned source_tile to 788/788 detections via spatial join
2026-10-06 07:48:44,698 - INFO - Assigned source_tile to 643/643 detections via spatial join
2026-10-06 07:48:44,775 - INFO - Assigned source_tile to 514/514 detections via spatial join
2026-10-06 07:48:44,783 - INFO - Assigned source_tile to 786/786 detections via spatial join
2026-10-06 07:48:44,832 - INFO - Assigned source_tile to 481/481 detections via spatial join
2026-10-06 07:48:45,021 - INFO - Assigned source_tile to 976/976 detections via spatial join
2026-10-06 07:48:45,146 - INFO - Assigned source_tile to 773/773 detections via spatial join
2026-10-06 07:48:45,163 - INFO - Assigned source_tile to 628/628 detections via spatial join
2026-10-06 07:48:45,381 - INFO - Assigned source_tile to 1584/1584 detections via spatial join
2026-10-06 07:48:45,443 - INFO - Assigned source_tile to 491/491 detections via spatial join
2026-10-06 07:48:45,449 - INFO - Assigned source_tile to 774/774 detections via spatial join
2026-10-06 07:48:45,450 - INFO - Assigned source_tile to 961/961 detections via spatial join
2026-10-06 07:48:45,545 - INFO - Assigned source_tile to 621/621 detections via spatial join
2026-10-06 07:48:45,574 - INFO - Assigned source_tile to 1985/1985 detections via spatial join
2026-10-06 07:48:45,582 - INFO - Assigned source_tile to 1000/1000 detections via spatial join
2026-10-06 07:48:45,644 - INFO - Assigned source_tile to 794/794 detections via spatial join
2026-10-06 07:48:45,737 - INFO - Assigned source_tile to 656/656 detections via spatial join
2026-10-06 07:48:45,999 - INFO - Assigned source_tile to 527/527 detections via spatial join
2026-10-06 07:48:46,013 - INFO - Assigned source_tile to 1677/1677 detections via spatial join
2026-10-06 07:48:46,059 - INFO - Assigned source_tile to 2160/2160 detections via spatial join
2026-10-06 07:48:46,063 - INFO - Assigned source_tile to 975/975 detections via spatial join
2026-10-06 07:48:46,069 - INFO - Assigned source_tile to 1020/1020 detections via spatial join
2026-10-06 07:48:46,145 - INFO - Assigned source_tile to 801/801 detections via spatial join
2026-10-06 07:48:46,169 - INFO - Assigned source_tile to 633/633 detections via spatial join
2026-10-06 07:48:46,342 - INFO - Assigned source_tile to 641/641 detections via spatial join
2026-10-06 07:48:46,438 - INFO - Assigned source_tile to 1576/1576 detections via spatial join
2026-10-06 07:48:46,448 - INFO - Assigned source_tile to 476/476 detections via spatial join
2026-10-06 07:48:46,493 - INFO - Assigned source_tile to 769/769 detections via spatial join
2026-10-06 07:48:46,640 - INFO - Assigned source_tile to 517/517 detections via spatial join
2026-10-06 07:48:46,770 - INFO - Assigned source_tile to 780/780 detections via spatial join
2026-10-06 07:48:46,849 - INFO - Assigned source_tile to 486/486 detections via spatial join
2026-10-06 07:48:46,894 - INFO - Assigned source_tile to 634/634 detections via spatial join
2026-10-06 07:48:47,038 - INFO - Assigned source_tile to 2065/2065 detections via spatial join
2026-10-06 07:48:47,059 - INFO - Assigned source_tile to 605/605 detections via spatial join
2026-10-06 07:48:47,126 - INFO - Assigned source_tile to 721/721 detections via spatial join
2026-10-06 07:48:47,191 - INFO - Assigned source_tile to 434/434 detections via spatial join
2026-10-06 07:48:47,228 - INFO - Assigned source_tile to 1218/1218 detections via spatial join
2026-10-06 07:48:47,365 - INFO - Assigned source_tile to 887/887 detections via spatial join
2026-10-06 07:48:47,423 - INFO - Assigned source_tile to 1010/1010 detections via spatial join
2026-10-06 07:48:47,547 - INFO - Assigned source_tile to 805/805 detections via spatial join
2026-10-06 07:48:47,569 - INFO - Assigned source_tile to 657/657 detections via spatial join
2026-10-06 07:48:47,619 - INFO - Assigned source_tile to 986/986 detections via spatial join
2026-10-06 07:48:47,716 - INFO - Assigned source_tile to 730/730 detections via spatial join
2026-10-06 07:48:47,735 - INFO - Assigned source_tile to 579/579 detections via spatial join
2026-10-06 07:48:47,815 - INFO - Assigned source_tile to 389/389 detections via spatial join
2026-10-06 07:48:47,897 - INFO - Assigned source_tile to 892/892 detections via spatial join
2026-10-06 07:48:47,962 - INFO - Assigned source_tile to 515/515 detections via spatial join
2026-10-06 07:48:48,184 - INFO - Assigned source_tile to 1230/1230 detections via spatial join
2026-10-06 07:48:48,258 - INFO - Assigned source_tile to 390/390 detections via spatial join
2026-10-06 07:48:48,329 - INFO - Assigned source_tile to 624/624 detections via spatial join
2026-10-06 07:48:48,355 - INFO - Assigned source_tile to 731/731 detections via spatial join
2026-10-06 07:48:48,398 - INFO - Assigned source_tile to 707/707 detections via spatial join
2026-10-06 07:48:48,438 - INFO - Assigned source_tile to 813/813 detections via spatial join
2026-10-06 07:48:48,471 - INFO - Assigned source_tile to 887/887 detections via spatial join
2026-10-06 07:48:48,562 - INFO - Assigned source_tile to 986/986 detections via spatial join
2026-10-06 07:48:48,588 - INFO - Assigned source_tile to 1224/1224 detections via spatial join
2026-10-06 07:48:48,680 - INFO - Assigned source_tile to 646/646 detections via spatial join
2026-10-06 07:48:48,854 - INFO - Assigned source_tile to 768/768 detections via spatial join
2026-10-06 07:48:48,893 - INFO - Assigned source_tile to 581/581 detections via spatial join
2026-10-06 07:48:48,995 - INFO - Assigned source_tile to 1271/1271 detections via spatial join
2026-10-06 07:48:49,038 - INFO - Assigned source_tile to 994/994 detections via spatial join
2026-10-06 07:48:49,040 - INFO - Assigned source_tile to 640/640 detections via spatial join
2026-10-06 07:48:49,130 - INFO - Assigned source_tile to 406/406 detections via spatial join
2026-10-06 07:48:49,150 - INFO - Assigned source_tile to 724/724 detections via spatial join
2026-10-06 07:48:49,218 - INFO - Assigned source_tile to 765/765 detections via spatial join
2026-10-06 07:48:49,286 - INFO - Assigned source_tile to 1264/1264 detections via spatial join
2026-10-06 07:48:49,302 - INFO - Assigned source_tile to 949/949 detections via spatial join
2026-10-06 07:48:49,470 - INFO - Assigned source_tile to 642/642 detections via spatial join
2026-10-06 07:48:49,523 - INFO - Assigned source_tile to 774/774 detections via spatial join
2026-10-06 07:48:49,568 - INFO - Assigned source_tile to 792/792 detections via spatial join
2026-10-06 07:48:49,771 - INFO - Assigned source_tile to 1006/1006 detections via spatial join
2026-10-06 07:48:49,786 - INFO - Assigned source_tile to 393/393 detections via spatial join
2026-10-06 07:48:49,833 - INFO - Assigned source_tile to 832/832 detections via spatial join
2026-10-06 07:48:49,867 - INFO - Assigned source_tile to 716/716 detections via spatial join
2026-10-06 07:48:50,019 - INFO - Assigned source_tile to 969/969 detections via spatial join
2026-10-06 07:48:50,037 - INFO - Assigned source_tile to 795/795 detections via spatial join
2026-10-06 07:48:50,137 - INFO - Assigned source_tile to 657/657 detections via spatial join
2026-10-06 07:48:50,154 - INFO - Assigned source_tile to 796/796 detections via spatial join
2026-10-06 07:48:50,298 - INFO - Assigned source_tile to 1026/1026 detections via spatial join
2026-10-06 07:48:50,370 - INFO - Assigned source_tile to 651/651 detections via spatial join
2026-10-06 07:48:50,444 - INFO - Assigned source_tile to 967/967 detections via spatial join
2026-10-06 07:48:50,444 - INFO - Assigned source_tile to 622/622 detections via spatial join
2026-10-06 07:48:50,606 - INFO - Assigned source_tile to 936/936 detections via spatial join
2026-10-06 07:48:50,648 - INFO - Assigned source_tile to 658/658 detections via spatial join
2026-10-06 07:48:50,778 - INFO - Assigned source_tile to 652/652 detections via spatial join
2026-10-06 07:48:50,808 - INFO - Assigned source_tile to 775/775 detections via spatial join
2026-10-06 07:48:50,857 - INFO - Assigned source_tile to 785/785 detections via spatial join
2026-10-06 07:48:50,857 - INFO - Assigned source_tile to 784/784 detections via spatial join
2026-10-06 07:48:50,859 - INFO - Assigned source_tile to 981/981 detections via spatial join
2026-10-06 07:48:50,981 - INFO - Assigned source_tile to 768/768 detections via spatial join
2026-10-06 07:48:51,081 - INFO - Assigned source_tile to 650/650 detections via spatial join
2026-10-06 07:48:51,176 - INFO - Assigned source_tile to 658/658 detections via spatial join
2026-10-06 07:48:51,335 - INFO - Assigned source_tile to 851/851 detections via spatial join
2026-10-06 07:48:51,353 - INFO - Assigned source_tile to 700/700 detections via spatial join
2026-10-06 07:48:51,487 - INFO - Assigned source_tile to 1063/1063 detections via spatial join
2026-10-06 07:48:51,497 - INFO - Assigned source_tile to 1027/1027 detections via spatial join
2026-10-06 07:48:51,603 - INFO - Assigned source_tile to 764/764 detections via spatial join
2026-10-06 07:48:51,638 - INFO - Assigned source_tile to 648/648 detections via spatial join
2026-10-06 07:48:51,647 - INFO - Assigned source_tile to 607/607 detections via spatial join
2026-10-06 07:48:51,705 - INFO - Assigned source_tile to 872/872 detections via spatial join
2026-10-06 07:48:51,727 - INFO - Assigned source_tile to 699/699 detections via spatial join
2026-10-06 07:48:51,797 - INFO - Assigned source_tile to 1156/1156 detections via spatial join
2026-10-06 07:48:51,861 - INFO - Assigned source_tile to 767/767 detections via spatial join
2026-10-06 07:48:52,064 - INFO - Assigned source_tile to 984/984 detections via spatial join
2026-10-06 07:48:52,208 - INFO - Assigned source_tile to 779/779 detections via spatial join
2026-10-06 07:48:52,214 - INFO - Assigned source_tile to 595/595 detections via spatial join
2026-10-06 07:48:52,258 - INFO - Assigned source_tile to 771/771 detections via spatial join
2026-10-06 07:48:52,295 - INFO - Assigned source_tile to 758/758 detections via spatial join
2026-10-06 07:48:52,426 - INFO - Assigned source_tile to 650/650 detections via spatial join
2026-10-06 07:48:52,449 - INFO - Assigned source_tile to 849/849 detections via spatial join
2026-10-06 07:48:52,455 - INFO - Assigned source_tile to 706/706 detections via spatial join
2026-10-06 07:48:52,499 - INFO - Assigned source_tile to 1084/1084 detections via spatial join
2026-10-06 07:48:52,586 - INFO - Assigned source_tile to 1090/1090 detections via spatial join
2026-10-06 07:48:52,592 - INFO - Assigned source_tile to 606/606 detections via spatial join
2026-10-06 07:48:52,737 - INFO - Assigned source_tile to 765/765 detections via spatial join
2026-10-06 07:48:52,745 - INFO - Assigned source_tile to 598/598 detections via spatial join
2026-10-06 07:48:52,950 - INFO - Assigned source_tile to 1096/1096 detections via spatial join
2026-10-06 07:48:52,961 - INFO - Assigned source_tile to 605/605 detections via spatial join
2026-10-06 07:48:53,172 - INFO - Assigned source_tile to 970/970 detections via spatial join
2026-10-06 07:48:53,179 - INFO - Assigned source_tile to 698/698 detections via spatial join
2026-10-06 07:48:53,240 - INFO - Assigned source_tile to 824/824 detections via spatial join
2026-10-06 07:48:53,279 - INFO - Assigned source_tile to 850/850 detections via spatial join
2026-10-06 07:48:53,298 - INFO - Assigned source_tile to 768/768 detections via spatial join
2026-10-06 07:48:53,385 - INFO - Assigned source_tile to 746/746 detections via spatial join
2026-10-06 07:48:53,569 - INFO - Assigned source_tile to 1055/1055 detections via spatial join
2026-10-06 07:48:53,605 - INFO - Assigned source_tile to 690/690 detections via spatial join
2026-10-06 07:48:53,610 - INFO - Assigned source_tile to 866/866 detections via spatial join
2026-10-06 07:48:53,745 - INFO - Assigned source_tile to 669/669 detections via spatial join
2026-10-06 07:48:53,791 - INFO - Assigned source_tile to 695/695 detections via spatial join
2026-10-06 07:48:53,847 - INFO - Assigned source_tile to 545/545 detections via spatial join
2026-10-06 07:48:53,867 - INFO - Assigned source_tile to 996/996 detections via spatial join
2026-10-06 07:48:53,871 - INFO - Assigned source_tile to 612/612 detections via spatial join
2026-10-06 07:48:54,023 - INFO - Assigned source_tile to 832/832 detections via spatial join
2026-10-06 07:48:54,121 - INFO - Assigned source_tile to 769/769 detections via spatial join
2026-10-06 07:48:54,202 - INFO - Assigned source_tile to 774/774 detections via spatial join
2026-10-06 07:48:54,247 - INFO - Assigned source_tile to 1235/1235 detections via spatial join
2026-10-06 07:48:54,301 - INFO - Assigned source_tile to 706/706 detections via spatial join
2026-10-06 07:48:54,398 - INFO - Assigned source_tile to 745/745 detections via spatial join
2026-10-06 07:48:54,432 - INFO - Assigned source_tile to 678/678 detections via spatial join
2026-10-06 07:48:54,515 - INFO - Assigned source_tile to 860/860 detections via spatial join
2026-10-06 07:48:54,663 - INFO - Assigned source_tile to 544/544 detections via spatial join
2026-10-06 07:48:54,784 - INFO - Assigned source_tile to 965/965 detections via spatial join
2026-10-06 07:48:54,790 - INFO - Assigned source_tile to 826/826 detections via spatial join
2026-10-06 07:48:54,862 - INFO - Assigned source_tile to 743/743 detections via spatial join
2026-10-06 07:48:54,867 - INFO - Assigned source_tile to 875/875 detections via spatial join
2026-10-06 07:48:55,107 - INFO - Assigned source_tile to 625/625 detections via spatial join
2026-10-06 07:48:55,140 - INFO - Assigned source_tile to 1315/1315 detections via spatial join
2026-10-06 07:48:55,145 - INFO - Assigned source_tile to 675/675 detections via spatial join
2026-10-06 07:48:55,178 - INFO - Assigned source_tile to 566/566 detections via spatial join
2026-10-06 07:48:55,187 - INFO - Assigned source_tile to 797/797 detections via spatial join
2026-10-06 07:48:55,195 - INFO - Assigned source_tile to 1156/1156 detections via spatial join
2026-10-06 07:48:55,249 - INFO - Assigned source_tile to 628/628 detections via spatial join
2026-10-06 07:48:55,275 - INFO - Assigned source_tile to 608/608 detections via spatial join
2026-10-06 07:48:55,434 - INFO - Assigned source_tile to 788/788 detections via spatial join
2026-10-06 07:48:55,588 - INFO - Assigned source_tile to 791/791 detections via spatial join
2026-10-06 07:48:55,665 - INFO - Assigned source_tile to 893/893 detections via spatial join
2026-10-06 07:48:55,710 - INFO - Assigned source_tile to 1163/1163 detections via spatial join
2026-10-06 07:48:55,947 - INFO - Assigned source_tile to 1232/1232 detections via spatial join
2026-10-06 07:48:55,954 - INFO - Assigned source_tile to 711/711 detections via spatial join
2026-10-06 07:48:55,984 - INFO - Assigned source_tile to 1209/1209 detections via spatial join
2026-10-06 07:48:56,007 - INFO - Assigned source_tile to 629/629 detections via spatial join
2026-10-06 07:48:56,037 - INFO - Assigned source_tile to 622/622 detections via spatial join
2026-10-06 07:48:56,176 - INFO - Assigned source_tile to 801/801 detections via spatial join
2026-10-06 07:48:56,181 - INFO - Assigned source_tile to 1110/1110 detections via spatial join
2026-10-06 07:48:56,308 - INFO - Assigned source_tile to 715/715 detections via spatial join
2026-10-06 07:48:56,331 - INFO - Assigned source_tile to 775/775 detections via spatial join
2026-10-06 07:48:56,394 - INFO - Assigned source_tile to 616/616 detections via spatial join
2026-10-06 07:48:56,466 - INFO - Assigned source_tile to 794/794 detections via spatial join
2026-10-06 07:48:56,466 - INFO - Assigned source_tile to 873/873 detections via spatial join
2026-10-06 07:48:56,632 - INFO - Assigned source_tile to 1161/1161 detections via spatial join
2026-10-06 07:48:56,674 - INFO - Assigned source_tile to 608/608 detections via spatial join
2026-10-06 07:48:56,808 - INFO - Assigned source_tile to 1173/1173 detections via spatial join
2026-10-06 07:48:56,829 - INFO - Assigned source_tile to 1143/1143 detections via spatial join
2026-10-06 07:48:57,014 - INFO - Assigned source_tile to 603/603 detections via spatial join
2026-10-06 07:48:57,068 - INFO - Assigned source_tile to 785/785 detections via spatial join
2026-10-06 07:48:57,086 - INFO - Assigned source_tile to 596/596 detections via spatial join
2026-10-06 07:48:57,160 - INFO - Assigned source_tile to 804/804 detections via spatial join
2026-10-06 07:48:57,186 - INFO - Assigned source_tile to 1107/1107 detections via spatial join
2026-10-06 07:48:57,380 - INFO - Assigned source_tile to 605/605 detections via spatial join
2026-10-06 07:48:57,455 - INFO - Assigned source_tile to 769/769 detections via spatial join
2026-10-06 07:48:57,648 - INFO - Assigned source_tile to 786/786 detections via spatial join
2026-10-06 07:48:57,697 - INFO - Assigned source_tile to 1153/1153 detections via spatial join
2026-10-06 07:48:57,724 - INFO - Assigned source_tile to 1333/1333 detections via spatial join
2026-10-06 07:48:57,741 - INFO - Assigned source_tile to 604/604 detections via spatial join
2026-10-06 07:48:57,815 - INFO - Assigned source_tile to 766/766 detections via spatial join
2026-10-06 07:48:57,915 - INFO - Assigned source_tile to 546/546 detections via spatial join
2026-10-06 07:48:57,953 - INFO - Assigned source_tile to 600/600 detections via spatial join
2026-10-06 07:48:57,955 - INFO - Assigned source_tile to 956/956 detections via spatial join
2026-10-06 07:48:57,983 - INFO - Assigned source_tile to 675/675 detections via spatial join
2026-10-06 07:48:57,989 - INFO - Assigned source_tile to 785/785 detections via spatial join
2026-10-06 07:48:57,991 - INFO - Assigned source_tile to 782/782 detections via spatial join
2026-10-06 07:48:58,083 - INFO - Assigned source_tile to 615/615 detections via spatial join
2026-10-06 07:48:58,087 - INFO - Assigned source_tile to 1300/1300 detections via spatial join
2026-10-06 07:48:58,342 - INFO - Assigned source_tile to 1192/1192 detections via spatial join
2026-10-06 07:48:58,363 - INFO - Assigned source_tile to 784/784 detections via spatial join
2026-10-06 07:48:58,546 - INFO - Assigned source_tile to 538/538 detections via spatial join
2026-10-06 07:48:58,615 - INFO - Assigned source_tile to 923/923 detections via spatial join
2026-10-06 07:48:58,624 - INFO - Assigned source_tile to 1335/1335 detections via spatial join
2026-10-06 07:48:58,731 - INFO - Assigned source_tile to 1165/1165 detections via spatial join
2026-10-06 07:48:58,884 - INFO - Assigned source_tile to 675/675 detections via spatial join
2026-10-06 07:48:58,925 - INFO - Assigned source_tile to 1361/1361 detections via spatial join
2026-10-06 07:48:59,013 - INFO - Assigned source_tile to 615/615 detections via spatial join
2026-10-06 07:48:59,059 - INFO - Assigned source_tile to 773/773 detections via spatial join
2026-10-06 07:48:59,072 - INFO - Assigned source_tile to 793/793 detections via spatial join
2026-10-06 07:48:59,211 - INFO - Assigned source_tile to 533/533 detections via spatial join
2026-10-06 07:48:59,230 - INFO - Assigned source_tile to 912/912 detections via spatial join
2026-10-06 07:48:59,268 - INFO - Assigned source_tile to 677/677 detections via spatial join
2026-10-06 07:48:59,403 - INFO - Assigned source_tile to 562/562 detections via spatial join
2026-10-06 07:48:59,444 - INFO - Assigned source_tile to 661/661 detections via spatial join
2026-10-06 07:48:59,580 - INFO - Assigned source_tile to 791/791 detections via spatial join
2026-10-06 07:48:59,583 - INFO - Assigned source_tile to 1660/1660 detections via spatial join
2026-10-06 07:48:59,737 - INFO - Assigned source_tile to 544/544 detections via spatial join
2026-10-06 07:48:59,759 - INFO - Assigned source_tile to 1318/1318 detections via spatial join
2026-10-06 07:48:59,785 - INFO - Assigned source_tile to 967/967 detections via spatial join
2026-10-06 07:48:59,785 - INFO - Assigned source_tile to 918/918 detections via spatial join
2026-10-06 07:48:59,922 - INFO - Assigned source_tile to 671/671 detections via spatial join
2026-10-06 07:49:00,134 - INFO - Assigned source_tile to 900/900 detections via spatial join
2026-10-06 07:49:00,192 - INFO - Assigned source_tile to 941/941 detections via spatial join
2026-10-06 07:49:00,207 - INFO - Assigned source_tile to 787/787 detections via spatial join
2026-10-06 07:49:00,311 - INFO - Assigned source_tile to 767/767 detections via spatial join
2026-10-06 07:49:00,370 - INFO - Assigned source_tile to 695/695 detections via spatial join
2026-10-06 07:49:00,493 - INFO - Assigned source_tile to 1321/1321 detections via spatial join
2026-10-06 07:49:00,522 - INFO - Assigned source_tile to 586/586 detections via spatial join
2026-10-06 07:49:00,596 - INFO - Assigned source_tile to 668/668 detections via spatial join
2026-10-06 07:49:00,629 - INFO - Assigned source_tile to 1629/1629 detections via spatial join
2026-10-06 07:49:00,638 - INFO - Assigned source_tile to 944/944 detections via spatial join
2026-10-06 07:49:00,668 - INFO - Assigned source_tile to 791/791 detections via spatial join
2026-10-06 07:49:00,697 - INFO - Assigned source_tile to 692/692 detections via spatial join
2026-10-06 07:49:00,786 - INFO - Assigned source_tile to 562/562 detections via spatial join
2026-10-06 07:49:00,789 - INFO - Assigned source_tile to 863/863 detections via spatial join
2026-10-06 07:49:00,847 - INFO - Assigned source_tile to 772/772 detections via spatial join
2026-10-06 07:49:01,056 - INFO - Assigned source_tile to 573/573 detections via spatial join
2026-10-06 07:49:01,248 - INFO - Assigned source_tile to 1653/1653 detections via spatial join
2026-10-06 07:49:01,285 - INFO - Assigned source_tile to 476/476 detections via spatial join
2026-10-06 07:49:01,370 - INFO - Assigned source_tile to 961/961 detections via spatial join
2026-10-06 07:49:01,404 - INFO - Assigned source_tile to 798/798 detections via spatial join
2026-10-06 07:49:01,675 - INFO - Assigned source_tile to 738/738 detections via spatial join
2026-10-06 07:49:01,723 - INFO - Assigned source_tile to 558/558 detections via spatial join
2026-10-06 07:49:01,724 - INFO - Assigned source_tile to 695/695 detections via spatial join
2026-10-06 07:49:01,772 - INFO - Assigned source_tile to 1138/1138 detections via spatial join
2026-10-06 07:49:01,836 - INFO - Assigned source_tile to 639/639 detections via spatial join
2026-10-06 07:49:01,857 - INFO - Assigned source_tile to 606/606 detections via spatial join
2026-10-06 07:49:01,913 - INFO - Assigned source_tile to 1147/1147 detections via spatial join
2026-10-06 07:49:01,965 - INFO - Assigned source_tile to 782/782 detections via spatial join
2026-10-06 07:49:02,021 - INFO - Assigned source_tile to 593/593 detections via spatial join
2026-10-06 07:49:02,026 - INFO - Assigned source_tile to 1110/1110 detections via spatial join
2026-10-06 07:49:02,146 - INFO - Assigned source_tile to 636/636 detections via spatial join
2026-10-06 07:49:02,249 - INFO - Assigned source_tile to 738/738 detections via spatial join
2026-10-06 07:49:02,304 - INFO - Assigned source_tile to 471/471 detections via spatial join
2026-10-06 07:49:02,309 - INFO - Assigned source_tile to 807/807 detections via spatial join
2026-10-06 07:49:02,398 - INFO - Assigned source_tile to 846/846 detections via spatial join
2026-10-06 07:49:02,445 - INFO - Assigned source_tile to 476/476 detections via spatial join
2026-10-06 07:49:02,598 - INFO - Assigned source_tile to 1120/1120 detections via spatial join
2026-10-06 07:49:02,686 - INFO - Assigned source_tile to 1131/1131 detections via spatial join
2026-10-06 07:49:02,864 - INFO - Assigned source_tile to 590/590 detections via spatial join
2026-10-06 07:49:02,899 - INFO - Assigned source_tile to 742/742 detections via spatial join
2026-10-06 07:49:02,938 - INFO - Assigned source_tile to 1095/1095 detections via spatial join
2026-10-06 07:49:03,078 - INFO - Assigned source_tile to 622/622 detections via spatial join
2026-10-06 07:49:03,099 - INFO - Assigned source_tile to 619/619 detections via spatial join
2026-10-06 07:49:03,119 - INFO - Assigned source_tile to 862/862 detections via spatial join
2026-10-06 07:49:03,125 - INFO - Assigned source_tile to 788/788 detections via spatial join
2026-10-06 07:49:03,217 - INFO - Assigned source_tile to 1173/1173 detections via spatial join
2026-10-06 07:49:03,219 - INFO - Assigned source_tile to 1206/1206 detections via spatial join
2026-10-06 07:49:03,303 - INFO - Assigned source_tile to 1148/1148 detections via spatial join
2026-10-06 07:49:03,426 - INFO - Assigned source_tile to 606/606 detections via spatial join
2026-10-06 07:49:03,543 - INFO - Assigned source_tile to 796/796 detections via spatial join
2026-10-06 07:49:03,595 - INFO - Assigned source_tile to 776/776 detections via spatial join
2026-10-06 07:49:03,632 - INFO - Assigned source_tile to 1098/1098 detections via spatial join
2026-10-06 07:49:03,765 - INFO - Assigned source_tile to 605/605 detections via spatial join
2026-10-06 07:49:03,775 - INFO - Assigned source_tile to 788/788 detections via spatial join
2026-10-06 07:49:03,777 - INFO - Assigned source_tile to 605/605 detections via spatial join
2026-10-06 07:49:03,833 - INFO - Assigned source_tile to 1374/1374 detections via spatial join
2026-10-06 07:49:03,942 - INFO - Assigned source_tile to 772/772 detections via spatial join
2026-10-06 07:49:03,986 - INFO - Assigned source_tile to 749/749 detections via spatial join
2026-10-06 07:49:04,028 - INFO - Assigned source_tile to 622/622 detections via spatial join
2026-10-06 07:49:04,317 - INFO - Assigned source_tile to 547/547 detections via spatial join
2026-10-06 07:49:04,389 - INFO - Assigned source_tile to 1109/1109 detections via spatial join
2026-10-06 07:49:04,403 - INFO - Assigned source_tile to 923/923 detections via spatial join
2026-10-06 07:49:04,549 - INFO - Assigned source_tile to 778/778 detections via spatial join
2026-10-06 07:49:04,719 - INFO - Assigned source_tile to 1119/1119 detections via spatial join
2026-10-06 07:49:04,734 - INFO - Assigned source_tile to 651/651 detections via spatial join
2026-10-06 07:49:04,750 - INFO - Assigned source_tile to 772/772 detections via spatial join
2026-10-06 07:49:04,778 - INFO - Assigned source_tile to 1304/1304 detections via spatial join
2026-10-06 07:49:04,803 - INFO - Assigned source_tile to 768/768 detections via spatial join
2026-10-06 07:49:05,062 - INFO - Assigned source_tile to 553/553 detections via spatial join
2026-10-06 07:49:05,072 - INFO - Assigned source_tile to 900/900 detections via spatial join
2026-10-06 07:49:05,096 - INFO - Assigned source_tile to 908/908 detections via spatial join
2026-10-06 07:49:05,122 - INFO - Assigned source_tile to 627/627 detections via spatial join
2026-10-06 07:49:05,131 - INFO - Assigned source_tile to 1202/1202 detections via spatial join
2026-10-06 07:49:05,145 - INFO - Assigned source_tile to 684/684 detections via spatial join
2026-10-06 07:49:05,192 - INFO - Assigned source_tile to 800/800 detections via spatial join
2026-10-06 07:49:05,195 - INFO - Assigned source_tile to 1286/1286 detections via spatial join
2026-10-06 07:49:05,278 - INFO - Assigned source_tile to 609/609 detections via spatial join
2026-10-06 07:49:05,512 - INFO - Assigned source_tile to 663/663 detections via spatial join
2026-10-06 07:49:05,512 - INFO - Assigned source_tile to 781/781 detections via spatial join
2026-10-06 07:49:05,549 - INFO - Assigned source_tile to 1332/1332 detections via spatial join
2026-10-06 07:49:05,656 - INFO - Assigned source_tile to 568/568 detections via spatial join
2026-10-06 07:49:05,666 - INFO - Assigned source_tile to 677/677 detections via spatial join
2026-10-06 07:49:06,077 - INFO - Assigned source_tile to 762/762 detections via spatial join
2026-10-06 07:49:06,088 - INFO - Assigned source_tile to 520/520 detections via spatial join
2026-10-06 07:49:06,090 - INFO - Assigned source_tile to 908/908 detections via spatial join
2026-10-06 07:49:06,113 - INFO - Assigned source_tile to 677/677 detections via spatial join
2026-10-06 07:49:06,215 - INFO - Assigned source_tile to 1682/1682 detections via spatial join
2026-10-06 07:49:06,275 - INFO - Assigned source_tile to 1286/1286 detections via spatial join
2026-10-06 07:49:06,431 - INFO - Assigned source_tile to 1355/1355 detections via spatial join
2026-10-06 07:49:06,474 - INFO - Assigned source_tile to 942/942 detections via spatial join
2026-10-06 07:49:06,495 - INFO - Assigned source_tile to 781/781 detections via spatial join
2026-10-06 07:49:06,520 - INFO - Assigned source_tile to 555/555 detections via spatial join
2026-10-06 07:49:06,558 - INFO - Assigned source_tile to 563/563 detections via spatial join
2026-10-06 07:49:06,558 - INFO - Assigned source_tile to 667/667 detections via spatial join
2026-10-06 07:49:06,679 - INFO - Assigned source_tile to 785/785 detections via spatial join
2026-10-06 07:49:06,775 - INFO - Assigned source_tile to 1584/1584 detections via spatial join
2026-10-06 07:49:06,921 - INFO - Assigned source_tile to 909/909 detections via spatial join
2026-10-06 07:49:06,936 - INFO - Assigned source_tile to 930/930 detections via spatial join
2026-10-06 07:49:07,076 - INFO - Assigned source_tile to 687/687 detections via spatial join
2026-10-06 07:49:07,086 - INFO - Assigned source_tile to 799/799 detections via spatial join
2026-10-06 07:49:07,101 - INFO - Assigned source_tile to 767/767 detections via spatial join
2026-10-06 07:49:07,292 - INFO - Assigned source_tile to 689/689 detections via spatial join
2026-10-06 07:49:07,327 - INFO - Assigned source_tile to 931/931 detections via spatial join
2026-10-06 07:49:07,464 - INFO - Assigned source_tile to 846/846 detections via spatial join
2026-10-06 07:49:07,565 - INFO - Assigned source_tile to 588/588 detections via spatial join
2026-10-06 07:49:07,568 - INFO - Assigned source_tile to 538/538 detections via spatial join
2026-10-06 07:49:07,577 - INFO - Assigned source_tile to 1642/1642 detections via spatial join
2026-10-06 07:49:07,731 - INFO - Assigned source_tile to 939/939 detections via spatial join
2026-10-06 07:49:07,766 - INFO - Assigned source_tile to 462/462 detections via spatial join
2026-10-06 07:49:07,899 - INFO - Assigned source_tile to 698/698 detections via spatial join
2026-10-06 07:49:07,903 - INFO - Assigned source_tile to 797/797 detections via spatial join
2026-10-06 07:49:07,907 - INFO - Assigned source_tile to 628/628 detections via spatial join
2026-10-06 07:49:08,011 - INFO - Assigned source_tile to 594/594 detections via spatial join
2026-10-06 07:49:08,087 - INFO - Assigned source_tile to 712/712 detections via spatial join
2026-10-06 07:49:08,168 - INFO - Assigned source_tile to 2549/2549 detections via spatial join
2026-10-06 07:49:08,391 - INFO - Assigned source_tile to 480/480 detections via spatial join
2026-10-06 07:49:08,509 - INFO - Assigned source_tile to 809/809 detections via spatial join
2026-10-06 07:49:08,558 - INFO - Assigned source_tile to 1150/1150 detections via spatial join
2026-10-06 07:49:08,646 - INFO - Assigned source_tile to 747/747 detections via spatial join
2026-10-06 07:49:08,647 - INFO - Assigned source_tile to 2663/2663 detections via spatial join
2026-10-06 07:49:08,671 - INFO - Assigned source_tile to 855/855 detections via spatial join
2026-10-06 07:49:08,700 - INFO - Assigned source_tile to 650/650 detections via spatial join
2026-10-06 07:49:08,734 - INFO - Assigned source_tile to 645/645 detections via spatial join
2026-10-06 07:49:08,801 - INFO - Assigned source_tile to 474/474 detections via spatial join
2026-10-06 07:49:08,817 - INFO - Assigned source_tile to 485/485 detections via spatial join
2026-10-06 07:49:08,826 - INFO - Assigned source_tile to 484/484 detections via spatial join
2026-10-06 07:49:08,877 - INFO - Assigned source_tile to 889/889 detections via spatial join
2026-10-06 07:49:09,059 - INFO - Assigned source_tile to 2620/2620 detections via spatial join
2026-10-06 07:49:09,071 - INFO - Assigned source_tile to 2452/2452 detections via spatial join
2026-10-06 07:49:09,208 - INFO - Assigned source_tile to 475/475 detections via spatial join
2026-10-06 07:49:09,220 - INFO - Assigned source_tile to 1095/1095 detections via spatial join
2026-10-06 07:49:09,375 - INFO - Assigned source_tile to 847/847 detections via spatial join
2026-10-06 07:49:09,478 - INFO - Assigned source_tile to 738/738 detections via spatial join
2026-10-06 07:49:09,484 - INFO - Assigned source_tile to 851/851 detections via spatial join
2026-10-06 07:49:09,502 - INFO - Assigned source_tile to 2679/2679 detections via spatial join
2026-10-06 07:49:09,572 - INFO - Assigned source_tile to 483/483 detections via spatial join
2026-10-06 07:49:09,855 - INFO - Assigned source_tile to 1117/1117 detections via spatial join
2026-10-06 07:49:09,941 - INFO - Assigned source_tile to 812/812 detections via spatial join
2026-10-06 07:49:10,065 - INFO - Assigned source_tile to 2568/2568 detections via spatial join
2026-10-06 07:49:10,109 - INFO - Assigned source_tile to 455/455 detections via spatial join
2026-10-06 07:49:10,153 - INFO - Assigned source_tile to 484/484 detections via spatial join
2026-10-06 07:49:10,165 - INFO - Assigned source_tile to 2611/2611 detections via spatial join
2026-10-06 07:49:10,322 - INFO - Assigned source_tile to 861/861 detections via spatial join
2026-10-06 07:49:10,343 - INFO - Assigned source_tile to 2702/2702 detections via spatial join
2026-10-06 07:49:10,431 - INFO - Assigned source_tile to 471/471 detections via spatial join
2026-10-06 07:49:10,460 - INFO - Assigned source_tile to 3493/3493 detections via spatial join
2026-10-06 07:49:10,589 - INFO - Assigned source_tile to 461/461 detections via spatial join
2026-10-06 07:49:10,782 - INFO - Assigned source_tile to 2701/2701 detections via spatial join
2026-10-06 07:49:10,899 - INFO - Assigned source_tile to 763/763 detections via spatial join
2026-10-06 07:49:10,923 - INFO - Assigned source_tile to 386/386 detections via spatial join
2026-10-06 07:49:10,979 - INFO - Assigned source_tile to 1221/1221 detections via spatial join
2026-10-06 07:49:11,073 - INFO - Assigned source_tile to 556/556 detections via spatial join
2026-10-06 07:49:11,150 - INFO - Assigned source_tile to 3608/3608 detections via spatial join
2026-10-06 07:49:11,205 - INFO - Assigned source_tile to 461/461 detections via spatial join
2026-10-06 07:49:11,294 - INFO - Assigned source_tile to 861/861 detections via spatial join
2026-10-06 07:49:11,305 - INFO - Assigned source_tile to 810/810 detections via spatial join
2026-10-06 07:49:11,322 - INFO - Assigned source_tile to 2705/2705 detections via spatial join
2026-10-06 07:49:11,717 - INFO - Assigned source_tile to 366/366 detections via spatial join
2026-10-06 07:49:11,726 - INFO - Assigned source_tile to 1274/1274 detections via spatial join
2026-10-06 07:49:11,798 - INFO - Assigned source_tile to 535/535 detections via spatial join
2026-10-06 07:49:11,803 - INFO - Assigned source_tile to 367/367 detections via spatial join
2026-10-06 07:49:11,857 - INFO - Assigned source_tile to 871/871 detections via spatial join
2026-10-06 07:49:11,864 - INFO - Assigned source_tile to 551/551 detections via spatial join
2026-10-06 07:49:11,938 - INFO - Assigned source_tile to 866/866 detections via spatial join
2026-10-06 07:49:11,953 - INFO - Assigned source_tile to 488/488 detections via spatial join
2026-10-06 07:49:12,033 - INFO - Assigned source_tile to 3585/3585 detections via spatial join
2026-10-06 07:49:12,399 - INFO - Assigned source_tile to 3791/3791 detections via spatial join
2026-10-06 07:49:12,426 - INFO - Assigned source_tile to 885/885 detections via spatial join
2026-10-06 07:49:12,560 - INFO - Assigned source_tile to 731/731 detections via spatial join
2026-10-06 07:49:12,571 - INFO - Assigned source_tile to 357/357 detections via spatial join
2026-10-06 07:49:12,788 - INFO - Assigned source_tile to 3688/3688 detections via spatial join
2026-10-06 07:49:12,810 - INFO - Assigned source_tile to 388/388 detections via spatial join
2026-10-06 07:49:12,848 - INFO - Assigned source_tile to 769/769 detections via spatial join
2026-10-06 07:49:12,884 - INFO - Assigned source_tile to 579/579 detections via spatial join
2026-10-06 07:49:13,147 - INFO - Assigned source_tile to 1230/1230 detections via spatial join
2026-10-06 07:49:13,166 - INFO - Assigned source_tile to 559/559 detections via spatial join
2026-10-06 07:49:13,277 - INFO - Assigned source_tile to 5589/5589 detections via spatial join
2026-10-06 07:49:13,455 - INFO - Assigned source_tile to 1256/1256 detections via spatial join
2026-10-06 07:49:13,473 - INFO - Assigned source_tile to 831/831 detections via spatial join
2026-10-06 07:49:13,558 - INFO - Assigned source_tile to 762/762 detections via spatial join
2026-10-06 07:49:13,666 - INFO - Assigned source_tile to 788/788 detections via spatial join
2026-10-06 07:49:13,712 - INFO - Assigned source_tile to 558/558 detections via spatial join
2026-10-06 07:49:13,801 - INFO - Assigned source_tile to 537/537 detections via spatial join
2026-10-06 07:49:13,873 - INFO - Assigned source_tile to 3661/3661 detections via spatial join
2026-10-06 07:49:14,044 - INFO - Assigned source_tile to 401/401 detections via spatial join
2026-10-06 07:49:14,269 - INFO - Assigned source_tile to 5681/5681 detections via spatial join
2026-10-06 07:49:14,289 - INFO - Assigned source_tile to 1335/1335 detections via spatial join
2026-10-06 07:49:14,305 - INFO - Assigned source_tile to 823/823 detections via spatial join
2026-10-06 07:49:14,376 - INFO - Assigned source_tile to 781/781 detections via spatial join
2026-10-06 07:49:14,455 - INFO - Assigned source_tile to 405/405 detections via spatial join
2026-10-06 07:49:14,573 - INFO - Assigned source_tile to 572/572 detections via spatial join
2026-10-06 07:49:14,681 - INFO - Assigned source_tile to 388/388 detections via spatial join
2026-10-06 07:49:14,727 - INFO - Assigned source_tile to 1214/1214 detections via spatial join
2026-10-06 07:49:14,888 - INFO - Assigned source_tile to 5899/5899 detections via spatial join
2026-10-06 07:49:14,902 - INFO - Assigned source_tile to 1284/1284 detections via spatial join
2026-10-06 07:49:14,977 - INFO - Assigned source_tile to 478/478 detections via spatial join
2026-10-06 07:49:15,086 - INFO - Assigned source_tile to 659/659 detections via spatial join
2026-10-06 07:49:15,101 - INFO - Assigned source_tile to 279/279 detections via spatial join
2026-10-06 07:49:15,103 - INFO - Assigned source_tile to 1250/1250 detections via spatial join
2026-10-06 07:49:15,277 - INFO - Assigned source_tile to 1242/1242 detections via spatial join
2026-10-06 07:49:15,283 - INFO - Assigned source_tile to 271/271 detections via spatial join
2026-10-06 07:49:15,495 - INFO - Assigned source_tile to 942/942 detections via spatial join
2026-10-06 07:49:15,541 - INFO - Assigned source_tile to 784/784 detections via spatial join
2026-10-06 07:49:15,815 - INFO - Assigned source_tile to 552/552 detections via spatial join
2026-10-06 07:49:15,843 - INFO - Assigned source_tile to 412/412 detections via spatial join
2026-10-06 07:49:15,856 - INFO - Assigned source_tile to 474/474 detections via spatial join
2026-10-06 07:49:15,901 - INFO - Assigned source_tile to 672/672 detections via spatial join
2026-10-06 07:49:15,977 - INFO - Assigned source_tile to 2515/2515 detections via spatial join
2026-10-06 07:49:16,112 - INFO - Assigned source_tile to 481/481 detections via spatial join
2026-10-06 07:49:16,156 - INFO - Assigned source_tile to 970/970 detections via spatial join
2026-10-06 07:49:16,387 - INFO - Assigned source_tile to 1022/1022 detections via spatial join
2026-10-06 07:49:16,412 - INFO - Assigned source_tile to 859/859 detections via spatial join
2026-10-06 07:49:16,503 - INFO - Assigned source_tile to 311/311 detections via spatial join
2026-10-06 07:49:16,512 - INFO - Assigned source_tile to 2480/2480 detections via spatial join
2026-10-06 07:49:16,717 - INFO - Assigned source_tile to 493/493 detections via spatial join
2026-10-06 07:49:16,992 - INFO - Assigned source_tile to 827/827 detections via spatial join
2026-10-06 07:49:17,024 - INFO - Assigned source_tile to 2504/2504 detections via spatial join
2026-10-06 07:49:17,062 - INFO - Assigned source_tile to 495/495 detections via spatial join
2026-10-06 07:49:17,065 - INFO - Assigned source_tile to 646/646 detections via spatial join
2026-10-06 07:49:17,066 - INFO - Assigned source_tile to 477/477 detections via spatial join
2026-10-06 07:49:17,104 - INFO - Assigned source_tile to 847/847 detections via spatial join
2026-10-06 07:49:17,115 - INFO - Assigned source_tile to 2461/2461 detections via spatial join
2026-10-06 07:49:17,191 - INFO - Assigned source_tile to 461/461 detections via spatial join
2026-10-06 07:49:17,236 - INFO - Assigned source_tile to 872/872 detections via spatial join
2026-10-06 07:49:17,258 - INFO - Assigned source_tile to 2491/2491 detections via spatial join
2026-10-06 07:49:17,358 - INFO - Assigned source_tile to 2562/2562 detections via spatial join
2026-10-06 07:49:17,737 - INFO - Assigned source_tile to 2647/2647 detections via spatial join
2026-10-06 07:49:17,999 - INFO - Assigned source_tile to 2540/2540 detections via spatial join
2026-10-06 07:49:18,036 - INFO - Assigned source_tile to 468/468 detections via spatial join
2026-10-06 07:49:18,081 - INFO - Assigned source_tile to 476/476 detections via spatial join
2026-10-06 07:49:18,183 - INFO - Assigned source_tile to 880/880 detections via spatial join
2026-10-06 07:49:18,235 - INFO - Assigned source_tile to 3503/3503 detections via spatial join
2026-10-06 07:49:18,297 - INFO - Assigned source_tile to 2501/2501 detections via spatial join
2026-10-06 07:49:18,460 - INFO - Assigned source_tile to 792/792 detections via spatial join
2026-10-06 07:49:18,541 - INFO - Assigned source_tile to 2011/2011 detections via spatial join
2026-10-06 07:49:18,555 - INFO - Assigned source_tile to 476/476 detections via spatial join
2026-10-06 07:49:18,724 - INFO - Assigned source_tile to 475/475 detections via spatial join
2026-10-06 07:49:18,882 - INFO - Assigned source_tile to 497/497 detections via spatial join
2026-10-06 07:49:18,920 - INFO - Assigned source_tile to 835/835 detections via spatial join
2026-10-06 07:49:19,022 - INFO - Assigned source_tile to 1957/1957 detections via spatial join
2026-10-06 07:49:19,199 - INFO - Assigned source_tile to 369/369 detections via spatial join
2026-10-06 07:49:19,259 - INFO - Assigned source_tile to 862/862 detections via spatial join
2026-10-06 07:49:19,260 - INFO - Assigned source_tile to 2567/2567 detections via spatial join
2026-10-06 07:49:19,571 - INFO - Assigned source_tile to 1232/1232 detections via spatial join
2026-10-06 07:49:19,676 - INFO - Assigned source_tile to 880/880 detections via spatial join
2026-10-06 07:49:19,703 - INFO - Assigned source_tile to 574/574 detections via spatial join
2026-10-06 07:49:19,835 - INFO - Assigned source_tile to 3469/3469 detections via spatial join
2026-10-06 07:49:19,844 - INFO - Assigned source_tile to 503/503 detections via spatial join
2026-10-06 07:49:19,878 - INFO - Assigned source_tile to 1991/1991 detections via spatial join
2026-10-06 07:49:19,910 - INFO - Assigned source_tile to 558/558 detections via spatial join
2026-10-06 07:49:19,954 - INFO - Assigned source_tile to 784/784 detections via spatial join
2026-10-06 07:49:20,098 - INFO - Assigned source_tile to 370/370 detections via spatial join
2026-10-06 07:49:20,178 - INFO - Assigned source_tile to 890/890 detections via spatial join
2026-10-06 07:49:20,297 - INFO - Assigned source_tile to 3442/3442 detections via spatial join
2026-10-06 07:49:20,378 - INFO - Assigned source_tile to 1209/1209 detections via spatial join
2026-10-06 07:49:20,670 - INFO - Assigned source_tile to 798/798 detections via spatial join
2026-10-06 07:49:20,675 - INFO - Assigned source_tile to 880/880 detections via spatial join
2026-10-06 07:49:20,852 - INFO - Assigned source_tile to 550/550 detections via spatial join
2026-10-06 07:49:20,956 - INFO - Assigned source_tile to 370/370 detections via spatial join
2026-10-06 07:49:21,097 - INFO - Assigned source_tile to 3497/3497 detections via spatial join
2026-10-06 07:49:21,154 - INFO - Assigned source_tile to 777/777 detections via spatial join
2026-10-06 07:49:21,159 - INFO - Assigned source_tile to 3566/3566 detections via spatial join
2026-10-06 07:49:21,205 - INFO - Assigned source_tile to 370/370 detections via spatial join
2026-10-06 07:49:21,295 - INFO - Assigned source_tile to 1255/1255 detections via spatial join
2026-10-06 07:49:21,301 - INFO - Assigned source_tile to 573/573 detections via spatial join
2026-10-06 07:49:21,503 - INFO - Assigned source_tile to 5415/5415 detections via spatial join
2026-10-06 07:49:21,531 - INFO - Assigned source_tile to 1259/1259 detections via spatial join
2026-10-06 07:49:21,538 - INFO - Assigned source_tile to 562/562 detections via spatial join
2026-10-06 07:49:21,608 - INFO - Assigned source_tile to 378/378 detections via spatial join
2026-10-06 07:49:21,721 - INFO - Assigned source_tile to 798/798 detections via spatial join
2026-10-06 07:49:21,839 - INFO - Assigned source_tile to 569/569 detections via spatial join
2026-10-06 07:49:21,904 - INFO - Assigned source_tile to 404/404 detections via spatial join
2026-10-06 07:49:22,036 - INFO - Assigned source_tile to 5524/5524 detections via spatial join
2026-10-06 07:49:22,218 - INFO - Assigned source_tile to 3512/3512 detections via spatial join
2026-10-06 07:49:22,243 - INFO - Assigned source_tile to 1287/1287 detections via spatial join
2026-10-06 07:49:22,258 - INFO - Assigned source_tile to 794/794 detections via spatial join
2026-10-06 07:49:22,309 - INFO - Assigned source_tile to 1205/1205 detections via spatial join
2026-10-06 07:49:22,347 - INFO - Assigned source_tile to 799/799 detections via spatial join
2026-10-06 07:49:22,609 - INFO - Assigned source_tile to 563/563 detections via spatial join
2026-10-06 07:49:22,645 - INFO - Assigned source_tile to 406/406 detections via spatial join
2026-10-06 07:49:22,679 - INFO - Assigned source_tile to 984/984 detections via spatial join
2026-10-06 07:49:22,688 - INFO - Assigned source_tile to 567/567 detections via spatial join
2026-10-06 07:49:22,859 - INFO - Assigned source_tile to 395/395 detections via spatial join
2026-10-06 07:49:22,942 - INFO - Assigned source_tile to 5543/5543 detections via spatial join
2026-10-06 07:49:22,973 - INFO - Assigned source_tile to 285/285 detections via spatial join
2026-10-06 07:49:23,076 - INFO - Assigned source_tile to 498/498 detections via spatial join
2026-10-06 07:49:23,303 - INFO - Assigned source_tile to 1221/1221 detections via spatial join
2026-10-06 07:49:23,339 - INFO - Assigned source_tile to 788/788 detections via spatial join
2026-10-06 07:49:23,368 - INFO - Assigned source_tile to 665/665 detections via spatial join
2026-10-06 07:49:23,440 - INFO - Assigned source_tile to 972/972 detections via spatial join
2026-10-06 07:49:23,635 - INFO - Assigned source_tile to 1281/1281 detections via spatial join
2026-10-06 07:49:23,730 - INFO - Assigned source_tile to 805/805 detections via spatial join
2026-10-06 07:49:23,788 - INFO - Assigned source_tile to 574/574 detections via spatial join
2026-10-06 07:49:23,835 - INFO - Assigned source_tile to 403/403 detections via spatial join
2026-10-06 07:49:23,864 - INFO - Assigned source_tile to 2623/2623 detections via spatial join
2026-10-06 07:49:23,960 - INFO - Assigned source_tile to 651/651 detections via spatial join
2026-10-06 07:49:23,972 - INFO - Assigned source_tile to 278/278 detections via spatial join
2026-10-06 07:49:24,046 - INFO - Assigned source_tile to 483/483 detections via spatial join
2026-10-06 07:49:24,187 - INFO - Assigned source_tile to 496/496 detections via spatial join
2026-10-06 07:49:24,246 - INFO - Assigned source_tile to 1256/1256 detections via spatial join
2026-10-06 07:49:24,481 - INFO - Assigned source_tile to 541/541 detections via spatial join
2026-10-06 07:49:24,760 - INFO - Assigned source_tile to 987/987 detections via spatial join
2026-10-06 07:49:24,833 - INFO - Assigned source_tile to 2571/2571 detections via spatial join
2026-10-06 07:49:24,868 - INFO - Assigned source_tile to 494/494 detections via spatial join
2026-10-06 07:49:24,889 - INFO - Assigned source_tile to 287/287 detections via spatial join
2026-10-06 07:49:24,911 - INFO - Assigned source_tile to 1258/1258 detections via spatial join
2026-10-06 07:49:24,983 - INFO - Assigned source_tile to 665/665 detections via spatial join
2026-10-06 07:49:25,063 - INFO - Assigned source_tile to 484/484 detections via spatial join
2026-10-06 07:49:25,208 - INFO - Assigned source_tile to 556/556 detections via spatial join
2026-10-06 07:49:25,316 - INFO - Assigned source_tile to 471/471 detections via spatial join
2026-10-06 07:49:25,345 - INFO - Assigned source_tile to 1241/1241 detections via spatial join
2026-10-06 07:49:25,363 - INFO - Assigned source_tile to 2555/2555 detections via spatial join
2026-10-06 07:49:25,368 - INFO - Assigned source_tile to 3767/3767 detections via spatial join
2026-10-06 07:49:25,370 - INFO - Assigned source_tile to 1201/1201 detections via spatial join
2026-10-06 07:49:25,726 - INFO - Assigned source_tile to 566/566 detections via spatial join
2026-10-06 07:49:25,779 - INFO - Assigned source_tile to 383/383 detections via spatial join
2026-10-06 07:49:25,799 - INFO - Assigned source_tile to 2509/2509 detections via spatial join
2026-10-06 07:49:26,082 - INFO - Assigned source_tile to 494/494 detections via spatial join
2026-10-06 07:49:26,127 - INFO - Assigned source_tile to 3696/3696 detections via spatial join
2026-10-06 07:49:26,150 - INFO - Assigned source_tile to 758/758 detections via spatial join
2026-10-06 07:49:26,215 - INFO - Assigned source_tile to 381/381 detections via spatial join
2026-10-06 07:49:26,222 - INFO - Assigned source_tile to 1248/1248 detections via spatial join
2026-10-06 07:49:26,243 - INFO - Assigned source_tile to 564/564 detections via spatial join
2026-10-06 07:49:26,544 - INFO - Assigned source_tile to 3675/3675 detections via spatial join
2026-10-06 07:49:26,626 - INFO - Assigned source_tile to 840/840 detections via spatial join
2026-10-06 07:49:26,807 - INFO - Assigned source_tile to 796/796 detections via spatial join
2026-10-06 07:49:26,907 - INFO - Assigned source_tile to 369/369 detections via spatial join
2026-10-06 07:49:26,911 - INFO - Assigned source_tile to 482/482 detections via spatial join
2026-10-06 07:49:26,924 - INFO - Assigned source_tile to 2620/2620 detections via spatial join
2026-10-06 07:49:26,927 - INFO - Assigned source_tile to 1205/1205 detections via spatial join
2026-10-06 07:49:26,969 - INFO - Assigned source_tile to 782/782 detections via spatial join
2026-10-06 07:49:27,271 - INFO - Assigned source_tile to 387/387 detections via spatial join
2026-10-06 07:49:27,286 - INFO - Assigned source_tile to 3480/3480 detections via spatial join
2026-10-06 07:49:27,311 - INFO - Assigned source_tile to 1910/1910 detections via spatial join
2026-10-06 07:49:27,364 - INFO - Assigned source_tile to 1952/1952 detections via spatial join
2026-10-06 07:49:27,523 - INFO - Assigned source_tile to 562/562 detections via spatial join
2026-10-06 07:49:27,633 - INFO - Assigned source_tile to 2589/2589 detections via spatial join
2026-10-06 07:49:27,658 - INFO - Assigned source_tile to 488/488 detections via spatial join
2026-10-06 07:49:27,899 - INFO - Assigned source_tile to 1944/1944 detections via spatial join
2026-10-06 07:49:27,901 - INFO - Assigned source_tile to 1251/1251 detections via spatial join
2026-10-06 07:49:27,928 - INFO - Assigned source_tile to 561/561 detections via spatial join
2026-10-06 07:49:28,136 - INFO - Assigned source_tile to 866/866 detections via spatial join
2026-10-06 07:49:28,223 - INFO - Assigned source_tile to 3710/3710 detections via spatial join
2026-10-06 07:49:28,249 - INFO - Assigned source_tile to 380/380 detections via spatial join
2026-10-06 07:49:28,265 - INFO - Assigned source_tile to 794/794 detections via spatial join
2026-10-06 07:49:28,550 - INFO - Assigned source_tile to 2833/2833 detections via spatial join
2026-10-06 07:49:28,653 - INFO - Assigned source_tile to 871/871 detections via spatial join
2026-10-06 07:49:28,762 - INFO - Assigned source_tile to 3511/3511 detections via spatial join
2026-10-06 07:49:28,882 - INFO - Assigned source_tile to 895/895 detections via spatial join
2026-10-06 07:49:28,885 - INFO - Assigned source_tile to 455/455 detections via spatial join
2026-10-06 07:49:28,922 - INFO - Assigned source_tile to 751/751 detections via spatial join
2026-10-06 07:49:29,039 - INFO - Assigned source_tile to 384/384 detections via spatial join
2026-10-06 07:49:29,597 - INFO - Assigned source_tile to 825/825 detections via spatial join
2026-10-06 07:49:29,643 - INFO - Assigned source_tile to 863/863 detections via spatial join
2026-10-06 07:49:29,665 - INFO - Assigned source_tile to 2898/2898 detections via spatial join
2026-10-06 07:49:29,679 - INFO - Assigned source_tile to 462/462 detections via spatial join
2026-10-06 07:49:29,791 - INFO - Assigned source_tile to 794/794 detections via spatial join
2026-10-06 07:49:29,802 - INFO - Assigned source_tile to 802/802 detections via spatial join
2026-10-06 07:49:29,861 - INFO - Assigned source_tile to 443/443 detections via spatial join
2026-10-06 07:49:29,876 - INFO - Assigned source_tile to 2760/2760 detections via spatial join
2026-10-06 07:49:29,951 - INFO - Assigned source_tile to 828/828 detections via spatial join
2026-10-06 07:49:30,102 - INFO - Assigned source_tile to 2713/2713 detections via spatial join
2026-10-06 07:49:30,195 - INFO - Assigned source_tile to 2727/2727 detections via spatial join
2026-10-06 07:49:30,398 - INFO - Assigned source_tile to 884/884 detections via spatial join
2026-10-06 07:49:30,457 - INFO - Assigned source_tile to 438/438 detections via spatial join
2026-10-06 07:49:30,472 - INFO - Assigned source_tile to 810/810 detections via spatial join
2026-10-06 07:49:30,507 - INFO - Assigned source_tile to 2848/2848 detections via spatial join
2026-10-06 07:49:30,552 - INFO - Assigned source_tile to 463/463 detections via spatial join
2026-10-06 07:49:30,802 - INFO - Assigned source_tile to 2792/2792 detections via spatial join
2026-10-06 07:49:30,935 - INFO - Assigned source_tile to 2826/2826 detections via spatial join
2026-10-06 07:49:31,087 - INFO - Assigned source_tile to 452/452 detections via spatial join
2026-10-06 07:49:31,098 - INFO - Assigned source_tile to 838/838 detections via spatial join
2026-10-06 07:49:31,241 - INFO - Assigned source_tile to 3911/3911 detections via spatial join
2026-10-06 07:49:31,284 - INFO - Assigned source_tile to 440/440 detections via spatial join
2026-10-06 07:49:31,309 - INFO - Assigned source_tile to 786/786 detections via spatial join
2026-10-06 07:49:31,533 - INFO - Assigned source_tile to 462/462 detections via spatial join
2026-10-06 07:49:31,613 - INFO - Assigned source_tile to 2785/2785 detections via spatial join
2026-10-06 07:49:31,621 - INFO - Assigned source_tile to 357/357 detections via spatial join
2026-10-06 07:49:31,681 - INFO - Assigned source_tile to 1196/1196 detections via spatial join
2026-10-06 07:49:31,715 - INFO - Assigned source_tile to 844/844 detections via spatial join
2026-10-06 07:49:31,735 - INFO - Assigned source_tile to 2844/2844 detections via spatial join
2026-10-06 07:49:31,962 - INFO - Assigned source_tile to 436/436 detections via spatial join
2026-10-06 07:49:31,979 - INFO - Assigned source_tile to 446/446 detections via spatial join
2026-10-06 07:49:32,190 - INFO - Assigned source_tile to 515/515 detections via spatial join
2026-10-06 07:49:32,198 - INFO - Assigned source_tile to 838/838 detections via spatial join
2026-10-06 07:49:32,404 - INFO - Assigned source_tile to 4018/4018 detections via spatial join
2026-10-06 07:49:32,587 - INFO - Assigned source_tile to 745/745 detections via spatial join
2026-10-06 07:49:32,612 - INFO - Assigned source_tile to 336/336 detections via spatial join
2026-10-06 07:49:32,661 - INFO - Assigned source_tile to 1218/1218 detections via spatial join
2026-10-06 07:49:32,682 - INFO - Assigned source_tile to 532/532 detections via spatial join
2026-10-06 07:49:32,698 - INFO - Assigned source_tile to 3906/3906 detections via spatial join
2026-10-06 07:49:32,736 - INFO - Assigned source_tile to 527/527 detections via spatial join
2026-10-06 07:49:33,025 - INFO - Assigned source_tile to 736/736 detections via spatial join
2026-10-06 07:49:33,031 - INFO - Assigned source_tile to 3972/3972 detections via spatial join
2026-10-06 07:49:33,160 - INFO - Assigned source_tile to 825/825 detections via spatial join
2026-10-06 07:49:33,185 - INFO - Assigned source_tile to 3902/3902 detections via spatial join
2026-10-06 07:49:33,385 - INFO - Assigned source_tile to 363/363 detections via spatial join
2026-10-06 07:49:33,476 - INFO - Assigned source_tile to 328/328 detections via spatial join
2026-10-06 07:49:33,532 - INFO - Assigned source_tile to 722/722 detections via spatial join
2026-10-06 07:49:33,651 - INFO - Assigned source_tile to 824/824 detections via spatial join
2026-10-06 07:49:33,756 - INFO - Assigned source_tile to 1235/1235 detections via spatial join
2026-10-06 07:49:33,835 - INFO - Assigned source_tile to 885/885 detections via spatial join
2026-10-06 07:49:33,840 - INFO - Assigned source_tile to 758/758 detections via spatial join
2026-10-06 07:49:33,897 - INFO - Assigned source_tile to 523/523 detections via spatial join
2026-10-06 07:49:33,919 - INFO - Assigned source_tile to 523/523 detections via spatial join
2026-10-06 07:49:33,971 - INFO - Assigned source_tile to 346/346 detections via spatial join
2026-10-06 07:49:34,027 - INFO - Assigned source_tile to 505/505 detections via spatial join
2026-10-06 07:49:34,180 - INFO - Assigned source_tile to 6239/6239 detections via spatial join
2026-10-06 07:49:34,368 - INFO - Assigned source_tile to 1260/1260 detections via spatial join
2026-10-06 07:49:34,488 - INFO - Assigned source_tile to 4026/4026 detections via spatial join
2026-10-06 07:49:34,640 - INFO - Assigned source_tile to 775/775 detections via spatial join
2026-10-06 07:49:34,664 - INFO - Assigned source_tile to 537/537 detections via spatial join
2026-10-06 07:49:34,775 - INFO - Assigned source_tile to 379/379 detections via spatial join
2026-10-06 07:49:34,985 - INFO - Assigned source_tile to 1285/1285 detections via spatial join
2026-10-06 07:49:34,997 - INFO - Assigned source_tile to 6354/6354 detections via spatial join
2026-10-06 07:49:35,081 - INFO - Assigned source_tile to 760/760 detections via spatial join
2026-10-06 07:49:35,088 - INFO - Assigned source_tile to 531/531 detections via spatial join
2026-10-06 07:49:35,124 - INFO - Assigned source_tile to 357/357 detections via spatial join
2026-10-06 07:49:35,265 - INFO - Assigned source_tile to 363/363 detections via spatial join
2026-10-06 07:49:35,338 - INFO - Assigned source_tile to 6449/6449 detections via spatial join
2026-10-06 07:49:35,425 - INFO - Assigned source_tile to 268/268 detections via spatial join
2026-10-06 07:49:35,454 - INFO - Assigned source_tile to 1318/1318 detections via spatial join
2026-10-06 07:49:35,531 - INFO - Assigned source_tile to 635/635 detections via spatial join
2026-10-06 07:49:35,792 - INFO - Assigned source_tile to 751/751 detections via spatial join
2026-10-06 07:49:35,850 - INFO - Assigned source_tile to 456/456 detections via spatial join
2026-10-06 07:49:35,949 - INFO - Assigned source_tile to 1273/1273 detections via spatial join
2026-10-06 07:49:35,968 - INFO - Assigned source_tile to 751/751 detections via spatial join
2026-10-06 07:49:36,025 - INFO - Assigned source_tile to 619/619 detections via spatial join
2026-10-06 07:49:36,078 - INFO - Assigned source_tile to 520/520 detections via spatial join
2026-10-06 07:49:36,244 - INFO - Assigned source_tile to 971/971 detections via spatial join
2026-10-06 07:49:36,324 - INFO - Assigned source_tile to 247/247 detections via spatial join
2026-10-06 07:49:36,324 - INFO - Assigned source_tile to 363/363 detections via spatial join
2026-10-06 07:49:36,357 - INFO - Assigned source_tile to 454/454 detections via spatial join
2026-10-06 07:49:36,530 - INFO - Assigned source_tile to 2832/2832 detections via spatial join
2026-10-06 07:49:36,763 - INFO - Assigned source_tile to 432/432 detections via spatial join
2026-10-06 07:49:36,796 - INFO - Assigned source_tile to 1252/1252 detections via spatial join
2026-10-06 07:49:36,886 - INFO - Assigned source_tile to 613/613 detections via spatial join
2026-10-06 07:49:37,073 - INFO - Assigned source_tile to 961/961 detections via spatial join
2026-10-06 07:49:37,170 - INFO - Assigned source_tile to 1210/1210 detections via spatial join
2026-10-06 07:49:37,197 - INFO - Assigned source_tile to 514/514 detections via spatial join
2026-10-06 07:49:37,273 - INFO - Assigned source_tile to 438/438 detections via spatial join
2026-10-06 07:49:37,306 - INFO - Assigned source_tile to 254/254 detections via spatial join
2026-10-06 07:49:37,331 - INFO - Assigned source_tile to 303/303 detections via spatial join
2026-10-06 07:49:37,338 - INFO - Assigned source_tile to 2028/2028 detections via spatial join
2026-10-06 07:49:37,393 - INFO - Assigned source_tile to 1241/1241 detections via spatial join
2026-10-06 07:49:37,420 - INFO - Assigned source_tile to 943/943 detections via spatial join
2026-10-06 07:49:37,547 - INFO - Assigned source_tile to 810/810 detections via spatial join
2026-10-06 07:49:37,656 - INFO - Assigned source_tile to 369/369 detections via spatial join
2026-10-06 07:49:37,717 - INFO - Assigned source_tile to 2078/2078 detections via spatial join
2026-10-06 07:49:37,874 - INFO - Assigned source_tile to 305/305 detections via spatial join
2026-10-06 07:49:37,905 - INFO - Assigned source_tile to 4064/4064 detections via spatial join
2026-10-06 07:49:37,950 - INFO - Assigned source_tile to 828/828 detections via spatial join
2026-10-06 07:49:38,114 - INFO - Assigned source_tile to 374/374 detections via spatial join
2026-10-06 07:49:38,276 - INFO - Assigned source_tile to 223/223 detections via spatial join
2026-10-06 07:49:38,288 - INFO - Assigned source_tile to 2869/2869 detections via spatial join
2026-10-06 07:49:38,378 - INFO - Assigned source_tile to 1844/1844 detections via spatial join
2026-10-06 07:49:38,445 - INFO - Assigned source_tile to 314/314 detections via spatial join
2026-10-06 07:49:38,464 - INFO - Assigned source_tile to 808/808 detections via spatial join
2026-10-06 07:49:38,699 - INFO - Assigned source_tile to 307/307 detections via spatial join
2026-10-06 07:49:38,756 - INFO - Assigned source_tile to 847/847 detections via spatial join
2026-10-06 07:49:38,788 - INFO - Assigned source_tile to 2958/2958 detections via spatial join
2026-10-06 07:49:38,790 - INFO - Assigned source_tile to 377/377 detections via spatial join
2026-10-06 07:49:38,863 - INFO - Assigned source_tile to 2010/2010 detections via spatial join
2026-10-06 07:49:39,121 - INFO - Assigned source_tile to 226/226 detections via spatial join
2026-10-06 07:49:39,132 - INFO - Assigned source_tile to 754/754 detections via spatial join
2026-10-06 07:49:39,268 - INFO - Assigned source_tile to 314/314 detections via spatial join
2026-10-06 07:49:39,324 - INFO - Assigned source_tile to 862/862 detections via spatial join
2026-10-06 07:49:39,337 - INFO - Assigned source_tile to 511/511 detections via spatial join
2026-10-06 07:49:39,392 - INFO - Assigned source_tile to 379/379 detections via spatial join
2026-10-06 07:49:39,625 - INFO - Assigned source_tile to 2639/2639 detections via spatial join
2026-10-06 07:49:39,716 - INFO - Assigned source_tile to 572/572 detections via spatial join
2026-10-06 07:49:39,734 - INFO - Assigned source_tile to 536/536 detections via spatial join
2026-10-06 07:49:39,856 - INFO - Assigned source_tile to 232/232 detections via spatial join
2026-10-06 07:49:39,891 - INFO - Assigned source_tile to 1948/1948 detections via spatial join
2026-10-06 07:49:39,941 - INFO - Assigned source_tile to 575/575 detections via spatial join
2026-10-06 07:49:40,234 - INFO - Assigned source_tile to 2768/2768 detections via spatial join
2026-10-06 07:49:40,282 - INFO - Assigned source_tile to 542/542 detections via spatial join
2026-10-06 07:49:40,335 - INFO - Assigned source_tile to 526/526 detections via spatial join
2026-10-06 07:49:40,477 - INFO - Assigned source_tile to 239/239 detections via spatial join
2026-10-06 07:49:40,543 - INFO - Assigned source_tile to 295/295 detections via spatial join
2026-10-06 07:49:40,615 - INFO - Assigned source_tile to 783/783 detections via spatial join
2026-10-06 07:49:40,665 - INFO - Assigned source_tile to 360/360 detections via spatial join
2026-10-06 07:49:40,691 - INFO - Assigned source_tile to 1953/1953 detections via spatial join
2026-10-06 07:49:40,705 - INFO - Assigned source_tile to 2023/2023 detections via spatial join
2026-10-06 07:49:40,709 - INFO - Assigned source_tile to 297/297 detections via spatial join
2026-10-06 07:49:41,067 - INFO - Assigned source_tile to 378/378 detections via spatial join
2026-10-06 07:49:41,070 - INFO - Assigned source_tile to 832/832 detections via spatial join
2026-10-06 07:49:41,124 - INFO - Assigned source_tile to 2721/2721 detections via spatial join
2026-10-06 07:49:41,251 - INFO - Assigned source_tile to 2786/2786 detections via spatial join
2026-10-06 07:49:41,338 - INFO - Assigned source_tile to 2578/2578 detections via spatial join
2026-10-06 07:49:41,401 - INFO - Assigned source_tile to 607/607 detections via spatial join
2026-10-06 07:49:41,625 - INFO - Assigned source_tile to 2032/2032 detections via spatial join
2026-10-06 07:49:41,655 - INFO - Assigned source_tile to 477/477 detections via spatial join
2026-10-06 07:49:41,666 - INFO - Assigned source_tile to 223/223 detections via spatial join
2026-10-06 07:49:41,740 - INFO - Assigned source_tile to 243/243 detections via spatial join
2026-10-06 07:49:42,015 - INFO - Assigned source_tile to 578/578 detections via spatial join
2026-10-06 07:49:42,125 - INFO - Assigned source_tile to 1209/1209 detections via spatial join
2026-10-06 07:49:42,126 - INFO - Assigned source_tile to 2028/2028 detections via spatial join
2026-10-06 07:49:42,334 - INFO - Assigned source_tile to 506/506 detections via spatial join
2026-10-06 07:49:42,574 - INFO - Assigned source_tile to 544/544 detections via spatial join
2026-10-06 07:49:42,699 - INFO - Assigned source_tile to 2363/2363 detections via spatial join
2026-10-06 07:49:42,756 - INFO - Assigned source_tile to 469/469 detections via spatial join
2026-10-06 07:49:42,785 - INFO - Assigned source_tile to 520/520 detections via spatial join
2026-10-06 07:49:42,805 - INFO - Assigned source_tile to 588/588 detections via spatial join
2026-10-06 07:49:42,838 - INFO - Assigned source_tile to 3591/3591 detections via spatial join
2026-10-06 07:49:42,869 - INFO - Assigned source_tile to 1217/1217 detections via spatial join
2026-10-06 07:49:42,922 - INFO - Assigned source_tile to 558/558 detections via spatial join
2026-10-06 07:49:43,248 - INFO - Assigned source_tile to 770/770 detections via spatial join
2026-10-06 07:49:43,288 - INFO - Assigned source_tile to 556/556 detections via spatial join
2026-10-06 07:49:43,498 - INFO - Assigned source_tile to 3319/3319 detections via spatial join
2026-10-06 07:49:43,763 - INFO - Assigned source_tile to 341/341 detections via spatial join
2026-10-06 07:49:44,138 - INFO - Assigned source_tile to 364/364 detections via spatial join
2026-10-06 07:49:44,335 - INFO - Assigned source_tile to 792/792 detections via spatial join
2026-10-06 07:49:44,360 - INFO - Assigned source_tile to 841/841 detections via spatial join
2026-10-06 07:49:44,895 - INFO - Assigned source_tile to 848/848 detections via spatial join
2026-10-06 07:49:45,923 - INFO - Assigned source_tile to 5519/5519 detections via spatial join
2026-10-06 07:49:45,925 - INFO - Assigned source_tile to 7497/7497 detections via spatial join
2026-10-06 07:49:45,930 - INFO - Assigned source_tile to 8942/8942 detections via spatial join
2026-10-06 07:49:45,945 - INFO - Assigned source_tile to 13099/13099 detections via spatial join
2026-10-06 07:49:45,953 - INFO - Assigned source_tile to 14354/14354 detections via spatial join
2026-10-06 07:49:45,979 - INFO - Assigned source_tile to 21144/21144 detections via spatial join
2026-10-06 07:49:46,096 - INFO - Assigned source_tile to 47639/47639 detections via spatial join
2026-10-06 07:49:46,191 - INFO - Assigned source_tile to 68041/68041 detections via spatial join
2026-10-06 07:49:55,092 - INFO - Assigned source_tile to 49374/49374 detections via spatial join
2026-10-06 07:49:56,571 - INFO - Assigned source_tile to 14836/14836 detections via spatial join
2026-10-06 07:49:57,372 - INFO - Assigned source_tile to 7690/7690 detections via spatial join
2026-10-06 07:49:59,843 - INFO - Assigned source_tile to 69532/69532 detections via spatial join
2026-10-06 07:50:00,476 - INFO - Assigned source_tile to 21965/21965 detections via spatial join
2026-10-06 07:50:04,283 - INFO - Assigned source_tile to 13573/13573 detections via spatial join
2026-10-06 07:50:08,035 - INFO - Assigned source_tile to 9206/9206 detections via spatial join
2026-10-06 07:50:11,386 - INFO - Assigned source_tile to 5728/5728 detections via spatial join
2026-10-06 07:50:18,686 - INFO - Assigned source_tile to 19993/19993 detections via spatial join
2026-10-06 07:50:19,294 - INFO - Assigned source_tile to 12652/12652 detections via spatial join
2026-10-06 07:50:19,453 - INFO - Assigned source_tile to 9001/9001 detections via spatial join
2026-10-06 07:50:19,539 - INFO - Assigned source_tile to 23564/23564 detections via spatial join
2026-10-06 07:50:20,658 - INFO - Assigned source_tile to 15471/15471 detections via spatial join
2026-10-06 07:50:30,525 - INFO - Assigned source_tile to 12351/12351 detections via spatial join
2026-10-06 07:50:31,149 - INFO - Assigned source_tile to 10131/10131 detections via spatial join
2026-10-06 07:50:31,305 - INFO - Assigned source_tile to 7816/7816 detections via spatial join
2026-10-06 07:50:32,665 - INFO - Assigned source_tile to 20716/20716 detections via spatial join
2026-10-06 07:50:35,625 - INFO - Assigned source_tile to 12077/12077 detections via spatial join
2026-10-06 07:50:36,705 - INFO - Assigned source_tile to 8129/8129 detections via spatial join
2026-10-06 07:50:39,829 - INFO - Assigned source_tile to 24943/24943 detections via spatial join
2026-10-06 07:50:42,215 - INFO - Assigned source_tile to 15303/15303 detections via spatial join
2026-10-06 07:50:42,901 - INFO - Assigned source_tile to 11652/11652 detections via spatial join
2026-10-06 07:50:43,905 - INFO - Assigned source_tile to 9188/9188 detections via spatial join
2026-10-06 07:50:46,285 - INFO - Assigned source_tile to 6930/6930 detections via spatial join
scored in 415s
4853 pairs to test
done in 449s -> /tmp/w27
