{
  "K-35-052-4_32635_x0_y0.png": [
    396889.0152669322,
    4703440.898327877,
    5.010208956652192,
    5.010208956652192
  ],
  "K-35-052-4_32635_x448_y0.png": [
    399133.5888795124,
    4703440.898327877,
    5.010208956652192,
    5.010208956652192
  ],
  "K-35-052-4_32635_x896_y0.png": [
    401378.1624920926,
    4703440.898327877,
    5.010208956652192,
    5.010208956652192
  ],
  "K-35-052-4_32635_x1344_y0.png": [
    403622.7361046727,
    4703440.898327877,
    5.010208956652192,
    5.010208956652192
  ],
  "K-35-052-4_32635_x1792_y0.png": [
    405867.3097172529,
    4703440.898327877,
    5.010208956652192,
    5.010208956652192
  ],
  "K-35-052-4_32635_x2240_y0.png": [
    408111.8833298331,
    4703440.898327877,
    5.010208956652192,
    5.010208956652192
  ],
  "K-35-052-4_32635_x2688_y0.png": [
    410356.4569424133,
    4703440.898327877,
    5.010208956652192,
    5.010208956652192
  ],
  "K-35-052-4_32635_x3136_y0.png": [
    412601.0305549935,
    4703440.898327877,
    5.010208956652192,
    5.010208956652192
  ],
  "K-35-052-4_32635_x3584_y0.png": [
    414845.6041675737,
    4703440.898327877,
    5.010208956652192,
    5.010208956652192
  ],
  "K-35-052-4_32635_x4032_y0.png": [
    417090.1777801538,
    4703440.898327877,
    5.010208956652192,
    5.010208956652192
  ],
  "K-35-052-4_32635_x0_y448.png": [
    396889.0152669322,
    4701196.324715297,
    5.010208956652192,
    5.010208956652192
  ],
  "K-35-052-4_32635_x448_y448.png": [
    399133.5888795124,
    4701196.324715297,
    5.010208956652192,
    5.010208956652192
  ],
  "K-35-052-4_32635_x896_y448.png": [
    401378.1624920926,
    4701196.324715297,
    5.010208956652192,
    5.010208956652192
  ],
  "K-35-052-4_32635_x1344_y448.png": [
    403622.7361046727,
    4701196.324715297,
    5.010208956652192,
    5.010208956652192
  ],
  "K-35-052-4_32635_x1792_y448.png": [
    405867.3097172529,
    4701196.324715297,
    5.010208956652192,
    5.010208956652192
  ],
  "K-35-052-4_32635_x2240_y448.png": [
    408111.8833298331,
    4701196.324715297,
    5.010208956652192,
    5.010208956652192
  ],
  "K-35-052-4_32635_x2688_y448.png": [
    410356.4569424133,
    4701196.324715297,
    5.010208956652192,
    5.010208956652192
  ],
  "K-35-052-4_32635_x3136_y448.png": [
    412601.0305549935,
    4701196.324715297,
    5.010208956652192,
    5.010208956652192
  ],
  "K-35-052-4_32635_x3584_y448.png": [
    414845.6041675737,
    4701196.324715297,
    5.010208956652192,
    5.010208956652192
  ],
  "K-35-052-4_32635_x4032_y448.png": [
    417090.1777801538,
    4701196.324715297,
    5.010208956652192,
    5.010208956652192
  ],
  "K-35-052-4_32635_x0_y896.png": [
    396889.0152669322,
    4698951.751102716,
    5.010208956652192,
    5.010208956652192
  ],
  "K-35-052-4_32635_x448_y896.png": [
    399133.5888795124,
    4698951.751102716,
    5.010208956652192,
    5.010208956652192
  ],
  "K-35-052-4_32635_x896_y896.png": [
    401378.1624920926,
    4698951.751102716,
    5.010208956652192,
    5.010208956652192
  ],
  "K-35-052-4_32635_x1344_y896.png": [
    403622.7361046727,
    4698951.751102716,
    5.010208956652192,
    5.010208956652192
  ],
  "K-35-052-4_32635_x1792_y896.png": [
    405867.3097172529,
    4698951.751102716,
    5.010208956652192,
    5.010208956652192
  ],
  "K-35-052-4_32635_x2240_y896.png": [
    408111.8833298331,
    4698951.751102716,
    5.010208956652192,
    5.010208956652192
  ],
  "K-35-052-4_32635_x2688_y896.png": [
    410356.4569424133,
    4698951.751102716,
    5.010208956652192,
    5.010208956652192
  ],
  "K-35-052-4_32635_x3136_y896.png": [
    412601.0305549935,
    4698951.751102716,
    5.010208956652192,
    5.010208956652192
  ],
  "K-35-052-4_32635_x3584_y896.png": [
    414845.6041675737,
    4698951.751102716,
    5.010208956652192,
    5.010208956652192
  ],
  "K-35-052-4_32635_x4032_y896.png": [
    417090.1777801538,
    4698951.751102716,
    5.010208956652192,
    5.010208956652192
  ],
  "K-35-052-4_32635_x0_y1344.png": [
    396889.0152669322,
    4696707.177490136,
    5.010208956652192,
    5.010208956652192
  ],
  "K-35-052-4_32635_x448_y1344.png": [
    399133.5888795124,
    4696707.177490136,
    5.010208956652192,
    5.010208956652192
  ],
  "K-35-052-4_32635_x896_y1344.png": [
    401378.1624920926,
    4696707.177490136,
    5.010208956652192,
    5.010208956652192
  ],
  "K-35-052-4_32635_x1344_y1344.png": [
    403622.7361046727,
    4696707.177490136,
    5.010208956652192,
    5.010208956652192
  ],
  "K-35-052-4_32635_x1792_y1344.png": [
    405867.3097172529,
    4696707.177490136,
    5.010208956652192,
    5.010208956652192
  ],
  "K-35-052-4_32635_x2240_y1344.png": [
    408111.8833298331,
    4696707.177490136,
    5.010208956652192,
    5.010208956652192
  ],
  "K-35-052-4_32635_x2688_y1344.png": [
    410356.4569424133,
    4696707.177490136,
    5.010208956652192,
    5.010208956652192
  ],
  "K-35-052-4_32635_x3136_y1344.png": [
    412601.0305549935,
    4696707.177490136,
    5.010208956652192,
    5.010208956652192
  ],
  "K-35-052-4_32635_x3584_y1344.png": [
    414845.6041675737,
    4696707.177490136,
    5.010208956652192,
    5.010208956652192
  ],
  "K-35-052-4_32635_x4032_y1344.png": [
    417090.1777801538,
    4696707.177490136,
    5.010208956652192,
    5.010208956652192
  ],
  "K-35-052-4_32635_x0_y1792.png": [
    396889.0152669322,
    4694462.603877556,
    5.010208956652192,
    5.010208956652192
  ],
  "K-35-052-4_32635_x448_y1792.png": [
    399133.5888795124,
    4694462.603877556,
    5.010208956652192,
    5.010208956652192
  ],
  "K-35-052-4_32635_x896_y1792.png": [
    401378.1624920926,
    4694462.603877556,
    5.010208956652192,
    5.010208956652192
  ],
  "K-35-052-4_32635_x1344_y1792.png": [
    403622.7361046727,
    4694462.603877556,
    5.010208956652192,
    5.010208956652192
  ],
  "K-35-052-4_32635_x1792_y1792.png": [
    405867.3097172529,
    4694462.603877556,
    5.010208956652192,
    5.010208956652192
  ],
  "K-35-052-4_32635_x2240_y1792.png": [
    408111.8833298331,
    4694462.603877556,
    5.010208956652192,
    5.010208956652192
  ],
  "K-35-052-4_32635_x2688_y1792.png": [
    410356.4569424133,
    4694462.603877556,
    5.010208956652192,
    5.010208956652192
  ],
  "K-35-052-4_32635_x3136_y1792.png": [
    412601.0305549935,
    4694462.603877556,
    5.010208956652192,
    5.010208956652192
  ],
  "K-35-052-4_32635_x3584_y1792.png": [
    414845.6041675737,
    4694462.603877556,
    5.010208956652192,
    5.010208956652192
  ],
  "K-35-052-4_32635_x4032_y1792.png": [
    417090.1777801538,
    4694462.603877556,
    5.010208956652192,
    5.010208956652192
  ],
  "K-35-052-4_32635_x0_y2240.png": [
    396889.0152669322,
    4692218.0302649755,
    5.010208956652192,
    5.010208956652192
  ],
  "K-35-052-4_32635_x448_y2240.png": [
    399133.5888795124,
    4692218.0302649755,
    5.010208956652192,
    5.010208956652192
  ],
  "K-35-052-4_32635_x896_y2240.png": [
    401378.1624920926,
    4692218.0302649755,
    5.010208956652192,
    5.010208956652192
  ],
  "K-35-052-4_32635_x1344_y2240.png": [
    403622.7361046727,
    4692218.0302649755,
    5.010208956652192,
    5.010208956652192
  ],
  "K-35-052-4_32635_x1792_y2240.png": [
    405867.3097172529,
    4692218.0302649755,
    5.010208956652192,
    5.010208956652192
  ],
  "K-35-052-4_32635_x2240_y2240.png": [
    408111.8833298331,
    4692218.0302649755,
    5.010208956652192,
    5.010208956652192
  ],
  "K-35-052-4_32635_x2688_y2240.png": [
    410356.4569424133,
    4692218.0302649755,
    5.010208956652192,
    5.010208956652192
  ],
  "K-35-052-4_32635_x3136_y2240.png": [
    412601.0305549935,
    4692218.0302649755,
    5.010208956652192,
    5.010208956652192
  ],
  "K-35-052-4_32635_x3584_y2240.png": [
    414845.6041675737,
    4692218.0302649755,
    5.010208956652192,
    5.010208956652192
  ],