job_id,source_condition,run_id,proposer_pool,rung,stratum_id,corpus,reference,buffer_m,frame_id,architecture,aggregation,N,min_votes,prob_t,verified,status,blocked_reason,detections_path,reference_path,bounds_path,engine,output_dir,command,k1_with_verifier,k1_with_verifier_reason,verifier_floor_basis,verifier_min_vote_seen,verifier_crop_manifest,notes
k1::55maps-generalisation::verified-paired,55maps-generalisation::verified-paired,55maps-generalisation,detect_brief-text,1,55-map|student|50m|55maps-8541,55-map,student,50,55maps-8541,proposer-verifier,verified,5,4,,true,ready,,outputs/55maps-generalisation/proposer/detect_brief-text/run_1/detections-detect_brief-text-3-flash-2026-04-09.geojson,inputs/vectors/references/student-mounds-55maps-reviewed.geojson,inputs/vectors/bounds/384/55maps_evaluation_bounds.geojson,evaluate_detections,results/uplift-supplement/k1-gapfill/55maps-generalisation__verified-paired,python scripts/evaluate_detections.py --detections outputs/55maps-generalisation/proposer/detect_brief-text/run_1/detections-detect_brief-text-3-flash-2026-04-09.geojson --ground-truth inputs/vectors/references/student-mounds-55maps-reviewed.geojson --bounds inputs/vectors/bounds/384/55maps_evaluation_bounds.geojson --buffers 5 10 15 20 25 30 35 40 45 50 75 100 125 150 --bootstrap 10000 --seed 42 --mcc --output-dir results/uplift-supplement/k1-gapfill/55maps-generalisation__verified-paired --label 55maps-generalisation__verified-paired-n1,blocked,"this cell's own verifier stage processed candidates down to vote_count >= 4 only, so singletons were never verified and no K = 1 WITH-verifier cell can be derived. Measured from outputs/55maps-generalisation/crops/candidate_manifest.json (sole-manifest). DISCLOSED, not approximated.",sole-manifest,4,outputs/55maps-generalisation/crops/candidate_manifest.json,
k1::55maps-image-generalisation::verified,55maps-image-generalisation::verified,55maps-image-generalisation,library_plus-hp,1,55-map|student|50m|55maps-8541,55-map,student,50,55maps-8541,proposer-verifier,verified,5,3,,true,ready,,outputs/55maps-image-generalisation/proposer/library_plus-hp/run_1/detections-library_plus-hp-3-flash-2026-04-18.geojson,inputs/vectors/references/student-mounds-55maps-reviewed.geojson,inputs/vectors/bounds/384/55maps_evaluation_bounds.geojson,evaluate_detections,results/uplift-supplement/k1-gapfill/55maps-image-generalisation__verified,python scripts/evaluate_detections.py --detections outputs/55maps-image-generalisation/proposer/library_plus-hp/run_1/detections-library_plus-hp-3-flash-2026-04-18.geojson --ground-truth inputs/vectors/references/student-mounds-55maps-reviewed.geojson --bounds inputs/vectors/bounds/384/55maps_evaluation_bounds.geojson --buffers 5 10 15 20 25 30 35 40 45 50 75 100 125 150 --bootstrap 10000 --seed 42 --mcc --output-dir results/uplift-supplement/k1-gapfill/55maps-image-generalisation__verified --label 55maps-image-generalisation__verified-n1,blocked,"this cell's own verifier stage processed candidates down to vote_count >= 3 only, so singletons were never verified and no K = 1 WITH-verifier cell can be derived. Measured from outputs/55maps-image-generalisation/crops/candidate_manifest.json (sole-manifest). DISCLOSED, not approximated.",sole-manifest,3,outputs/55maps-image-generalisation/crops/candidate_manifest.json,
k1::55maps-image-generalisation::verified-k3-canonical-gt,55maps-image-generalisation::verified-k3-canonical-gt,55maps-image-generalisation,library_plus-hp,1,55-map|canonical|50m|55maps-8541,55-map,canonical,50,55maps-8541,proposer-verifier,verified,5,3,,true,ready,,outputs/55maps-image-generalisation/proposer/library_plus-hp/run_1/detections-library_plus-hp-3-flash-2026-04-18.geojson,inputs/vectors/references/canonical-gt-55maps-r50.geojson,inputs/vectors/bounds/384/55maps_evaluation_bounds.geojson,corrected_f1_multi_buffer,results/uplift-supplement/k1-gapfill/55maps-image-generalisation__verified-k3-canonical-gt,python scripts/compute_corrected_f1_multi_buffer.py --verified-detections outputs/55maps-image-generalisation/proposer/library_plus-hp/run_1/detections-library_plus-hp-3-flash-2026-04-18.geojson --student-gt inputs/vectors/references/student-mounds-55maps-reviewed.geojson --bounds inputs/vectors/bounds/384/55maps_evaluation_bounds.geojson --buffers 5 10 15 20 25 30 35 40 45 50 75 100 125 150 --n-bootstrap 10000 --seed 42 --compute-mcc --output-dir results/uplift-supplement/k1-gapfill/55maps-image-generalisation__verified-k3-canonical-gt --review-yesterday results/55maps-extended-gt-2026-06-07/empty-yesterday-review.csv --review-today results/deployment-oracle-2026-06-06/canonical-gt/canonical-review.csv,blocked,"this cell's own verifier stage processed candidates down to vote_count >= 3 only, so singletons were never verified and no K = 1 WITH-verifier cell can be derived. Measured from outputs/55maps-image-generalisation/crops/candidate_manifest.json (sole-manifest). DISCLOSED, not approximated.",sole-manifest,3,outputs/55maps-image-generalisation/crops/candidate_manifest.json,
k1::55maps-image-generalisation::verified-k3-standardised-gt,55maps-image-generalisation::verified-k3-standardised-gt,55maps-image-generalisation,library_plus-hp,1,55-map|standardised|50m|55maps-8541,55-map,standardised,50,55maps-8541,proposer-verifier,verified,5,3,,true,ready,,outputs/55maps-image-generalisation/proposer/library_plus-hp/run_1/detections-library_plus-hp-3-flash-2026-04-18.geojson,inputs/vectors/references/best-available-gt-55maps.geojson,inputs/vectors/bounds/384/55maps_evaluation_bounds.geojson,corrected_f1_multi_buffer,results/uplift-supplement/k1-gapfill/55maps-image-generalisation__verified-k3-standardised-gt,python scripts/compute_corrected_f1_multi_buffer.py --verified-detections outputs/55maps-image-generalisation/proposer/library_plus-hp/run_1/detections-library_plus-hp-3-flash-2026-04-18.geojson --student-gt results/deployment-oracle-2026-06-06/canonical-gt/standardised/student-mounds-55maps-standardised.geojson --bounds inputs/vectors/bounds/384/55maps_evaluation_bounds.geojson --buffers 5 10 15 20 25 30 35 40 45 50 75 100 125 150 --n-bootstrap 10000 --seed 42 --compute-mcc --output-dir results/uplift-supplement/k1-gapfill/55maps-image-generalisation__verified-k3-standardised-gt --extension-csv results/deployment-oracle-2026-06-06/canonical-gt/standardised/extension-mounds-standardised.csv,blocked,"this cell's own verifier stage processed candidates down to vote_count >= 3 only, so singletons were never verified and no K = 1 WITH-verifier cell can be derived. Measured from outputs/55maps-image-generalisation/crops/candidate_manifest.json (sole-manifest). DISCLOSED, not approximated.",sole-manifest,3,outputs/55maps-image-generalisation/crops/candidate_manifest.json,
k1::55maps-image-generalisation::verified-k4-standardised-gt,55maps-image-generalisation::verified-k4-standardised-gt,55maps-image-generalisation,library_plus-hp,1,55-map|standardised|50m|55maps-8541,55-map,standardised,50,55maps-8541,proposer-verifier,verified,5,4,,true,ready,,outputs/55maps-image-generalisation/proposer/library_plus-hp/run_1/detections-library_plus-hp-3-flash-2026-04-18.geojson,inputs/vectors/references/best-available-gt-55maps.geojson,inputs/vectors/bounds/384/55maps_evaluation_bounds.geojson,evaluate_detections,results/uplift-supplement/k1-gapfill/55maps-image-generalisation__verified-k4-standardised-gt,python scripts/evaluate_detections.py --detections outputs/55maps-image-generalisation/proposer/library_plus-hp/run_1/detections-library_plus-hp-3-flash-2026-04-18.geojson --ground-truth inputs/vectors/references/best-available-gt-55maps.geojson --bounds inputs/vectors/bounds/384/55maps_evaluation_bounds.geojson --buffers 5 10 15 20 25 30 35 40 45 50 75 100 125 150 --bootstrap 10000 --seed 42 --mcc --output-dir results/uplift-supplement/k1-gapfill/55maps-image-generalisation__verified-k4-standardised-gt --label 55maps-image-generalisation__verified-k4-standardised-gt-n1,blocked,"this cell's own verifier stage processed candidates down to vote_count >= 3 only, so singletons were never verified and no K = 1 WITH-verifier cell can be derived. Measured from outputs/55maps-image-generalisation/crops/candidate_manifest.json (sole-manifest). DISCLOSED, not approximated.",sole-manifest,3,outputs/55maps-image-generalisation/crops/candidate_manifest.json,
k1::55maps-text-high-generalisation::verified,55maps-text-high-generalisation::verified,55maps-text-high-generalisation,detect_brief-text,1,55-map|student|50m|55maps-8541,55-map,student,50,55maps-8541,proposer-verifier,verified,5,4,,true,ready,,outputs/55maps-text-high-generalisation/proposer/detect_brief-text/run_1/detections-detect_brief-text-3-flash-2026-04-18.geojson,inputs/vectors/references/student-mounds-55maps-reviewed.geojson,inputs/vectors/bounds/384/55maps_evaluation_bounds.geojson,evaluate_detections,results/uplift-supplement/k1-gapfill/55maps-text-high-generalisation__verified,python scripts/evaluate_detections.py --detections outputs/55maps-text-high-generalisation/proposer/detect_brief-text/run_1/detections-detect_brief-text-3-flash-2026-04-18.geojson --ground-truth inputs/vectors/references/student-mounds-55maps-reviewed.geojson --bounds inputs/vectors/bounds/384/55maps_evaluation_bounds.geojson --buffers 5 10 15 20 25 30 35 40 45 50 75 100 125 150 --bootstrap 10000 --seed 42 --mcc --output-dir results/uplift-supplement/k1-gapfill/55maps-text-high-generalisation__verified --label 55maps-text-high-generalisation__verified-n1,blocked,"this cell's own verifier stage processed candidates down to vote_count >= 4 only, so singletons were never verified and no K = 1 WITH-verifier cell can be derived. Measured from outputs/55maps-text-high-generalisation/crops/candidate_manifest.json (sole-manifest). DISCLOSED, not approximated.",sole-manifest,4,outputs/55maps-text-high-generalisation/crops/candidate_manifest.json,
k1::55maps-text-high-generalisation::verified-k4-canonical-gt,55maps-text-high-generalisation::verified-k4-canonical-gt,55maps-text-high-generalisation,detect_brief-text,1,55-map|canonical|50m|55maps-8541,55-map,canonical,50,55maps-8541,proposer-verifier,verified,5,4,,true,ready,,outputs/55maps-text-high-generalisation/proposer/detect_brief-text/run_1/detections-detect_brief-text-3-flash-2026-04-18.geojson,inputs/vectors/references/canonical-gt-55maps-r50.geojson,inputs/vectors/bounds/384/55maps_evaluation_bounds.geojson,corrected_f1_multi_buffer,results/uplift-supplement/k1-gapfill/55maps-text-high-generalisation__verified-k4-canonical-gt,python scripts/compute_corrected_f1_multi_buffer.py --verified-detections outputs/55maps-text-high-generalisation/proposer/detect_brief-text/run_1/detections-detect_brief-text-3-flash-2026-04-18.geojson --student-gt inputs/vectors/references/student-mounds-55maps-reviewed.geojson --bounds inputs/vectors/bounds/384/55maps_evaluation_bounds.geojson --buffers 5 10 15 20 25 30 35 40 45 50 75 100 125 150 --n-bootstrap 10000 --seed 42 --compute-mcc --output-dir results/uplift-supplement/k1-gapfill/55maps-text-high-generalisation__verified-k4-canonical-gt --review-yesterday results/55maps-extended-gt-2026-06-07/empty-yesterday-review.csv --review-today results/deployment-oracle-2026-06-06/canonical-gt/canonical-review.csv,blocked,"this cell's own verifier stage processed candidates down to vote_count >= 4 only, so singletons were never verified and no K = 1 WITH-verifier cell can be derived. Measured from outputs/55maps-text-high-generalisation/crops/candidate_manifest.json (sole-manifest). DISCLOSED, not approximated.",sole-manifest,4,outputs/55maps-text-high-generalisation/crops/candidate_manifest.json,
k1::55maps-text-high-generalisation::verified-k3-canonical-gt,55maps-text-high-generalisation::verified-k3-canonical-gt,55maps-text-high-generalisation,detect_brief-text,1,55-map|canonical|50m|55maps-8541,55-map,canonical,50,55maps-8541,proposer-verifier,verified,5,3,0.15,true,ready,,outputs/55maps-text-high-generalisation/proposer/detect_brief-text/run_1/detections-detect_brief-text-3-flash-2026-04-18.geojson,inputs/vectors/references/canonical-gt-55maps-r50.geojson,inputs/vectors/bounds/384/55maps_evaluation_bounds.geojson,corrected_f1_multi_buffer,results/uplift-supplement/k1-gapfill/55maps-text-high-generalisation__verified-k3-canonical-gt,python scripts/compute_corrected_f1_multi_buffer.py --verified-detections outputs/55maps-text-high-generalisation/proposer/detect_brief-text/run_1/detections-detect_brief-text-3-flash-2026-04-18.geojson --student-gt inputs/vectors/references/student-mounds-55maps-reviewed.geojson --bounds inputs/vectors/bounds/384/55maps_evaluation_bounds.geojson --buffers 5 10 15 20 25 30 35 40 45 50 75 100 125 150 --n-bootstrap 10000 --seed 42 --compute-mcc --output-dir results/uplift-supplement/k1-gapfill/55maps-text-high-generalisation__verified-k3-canonical-gt --review-yesterday results/55maps-extended-gt-2026-06-07/empty-yesterday-review.csv --review-today results/deployment-oracle-2026-06-06/canonical-gt/canonical-review.csv,blocked,"this cell's own verifier stage processed candidates down to vote_count >= 4 only, so singletons were never verified and no K = 1 WITH-verifier cell can be derived. Measured from outputs/55maps-text-high-generalisation/crops/candidate_manifest.json (sole-manifest). DISCLOSED, not approximated.",sole-manifest,4,outputs/55maps-text-high-generalisation/crops/candidate_manifest.json,
k1::55maps-text-high-generalisation::verified-k4-standardised-gt,55maps-text-high-generalisation::verified-k4-standardised-gt,55maps-text-high-generalisation,detect_brief-text,1,55-map|standardised|50m|55maps-8541,55-map,standardised,50,55maps-8541,proposer-verifier,verified,5,4,,true,ready,,outputs/55maps-text-high-generalisation/proposer/detect_brief-text/run_1/detections-detect_brief-text-3-flash-2026-04-18.geojson,inputs/vectors/references/best-available-gt-55maps.geojson,inputs/vectors/bounds/384/55maps_evaluation_bounds.geojson,corrected_f1_multi_buffer,results/uplift-supplement/k1-gapfill/55maps-text-high-generalisation__verified-k4-standardised-gt,python scripts/compute_corrected_f1_multi_buffer.py --verified-detections outputs/55maps-text-high-generalisation/proposer/detect_brief-text/run_1/detections-detect_brief-text-3-flash-2026-04-18.geojson --student-gt results/deployment-oracle-2026-06-06/canonical-gt/standardised/student-mounds-55maps-standardised.geojson --bounds inputs/vectors/bounds/384/55maps_evaluation_bounds.geojson --buffers 5 10 15 20 25 30 35 40 45 50 75 100 125 150 --n-bootstrap 10000 --seed 42 --compute-mcc --output-dir results/uplift-supplement/k1-gapfill/55maps-text-high-generalisation__verified-k4-standardised-gt --extension-csv results/deployment-oracle-2026-06-06/canonical-gt/standardised/extension-mounds-standardised.csv,blocked,"this cell's own verifier stage processed candidates down to vote_count >= 4 only, so singletons were never verified and no K = 1 WITH-verifier cell can be derived. Measured from outputs/55maps-text-high-generalisation/crops/candidate_manifest.json (sole-manifest). DISCLOSED, not approximated.",sole-manifest,4,outputs/55maps-text-high-generalisation/crops/candidate_manifest.json,
k1::55maps-text-high-generalisation::verified-k3-standardised-gt,55maps-text-high-generalisation::verified-k3-standardised-gt,55maps-text-high-generalisation,detect_brief-text,1,55-map|standardised|50m|55maps-8541,55-map,standardised,50,55maps-8541,proposer-verifier,verified,5,3,0.15,true,ready,,outputs/55maps-text-high-generalisation/proposer/detect_brief-text/run_1/detections-detect_brief-text-3-flash-2026-04-18.geojson,inputs/vectors/references/best-available-gt-55maps.geojson,inputs/vectors/bounds/384/55maps_evaluation_bounds.geojson,corrected_f1_multi_buffer,results/uplift-supplement/k1-gapfill/55maps-text-high-generalisation__verified-k3-standardised-gt,python scripts/compute_corrected_f1_multi_buffer.py --verified-detections outputs/55maps-text-high-generalisation/proposer/detect_brief-text/run_1/detections-detect_brief-text-3-flash-2026-04-18.geojson --student-gt results/deployment-oracle-2026-06-06/canonical-gt/standardised/student-mounds-55maps-standardised.geojson --bounds inputs/vectors/bounds/384/55maps_evaluation_bounds.geojson --buffers 5 10 15 20 25 30 35 40 45 50 75 100 125 150 --n-bootstrap 10000 --seed 42 --compute-mcc --output-dir results/uplift-supplement/k1-gapfill/55maps-text-high-generalisation__verified-k3-standardised-gt --extension-csv results/deployment-oracle-2026-06-06/canonical-gt/standardised/extension-mounds-standardised.csv,blocked,"this cell's own verifier stage processed candidates down to vote_count >= 4 only, so singletons were never verified and no K = 1 WITH-verifier cell can be derived. Measured from outputs/55maps-text-high-generalisation/crops/candidate_manifest.json (sole-manifest). DISCLOSED, not approximated.",sole-manifest,4,outputs/55maps-text-high-generalisation/crops/candidate_manifest.json,
k1::55maps-text-high-t0-3-generalisation::verified,55maps-text-high-t0-3-generalisation::verified,55maps-text-high-t0-3-generalisation,detect_brief-text,1,55-map|student|50m|55maps-8541,55-map,student,50,55maps-8541,proposer-verifier,verified,5,4,,true,ready,,outputs/55maps-text-high-t0.3-generalisation/proposer/detect_brief-text/run_1/detections-detect_brief-text-3-flash-2026-04-26.geojson,inputs/vectors/references/student-mounds-55maps-reviewed.geojson,inputs/vectors/bounds/384/55maps_evaluation_bounds.geojson,evaluate_detections,results/uplift-supplement/k1-gapfill/55maps-text-high-t0-3-generalisation__verified,python scripts/evaluate_detections.py --detections outputs/55maps-text-high-t0.3-generalisation/proposer/detect_brief-text/run_1/detections-detect_brief-text-3-flash-2026-04-26.geojson --ground-truth inputs/vectors/references/student-mounds-55maps-reviewed.geojson --bounds inputs/vectors/bounds/384/55maps_evaluation_bounds.geojson --buffers 5 10 15 20 25 30 35 40 45 50 75 100 125 150 --bootstrap 10000 --seed 42 --mcc --output-dir results/uplift-supplement/k1-gapfill/55maps-text-high-t0-3-generalisation__verified --label 55maps-text-high-t0-3-generalisation__verified-n1,blocked,"this cell's own verifier stage processed candidates down to vote_count >= 4 only, so singletons were never verified and no K = 1 WITH-verifier cell can be derived. Measured from outputs/55maps-text-high-t0.3-generalisation/crops/candidate_manifest.json (sole-manifest). DISCLOSED, not approximated.",sole-manifest,4,outputs/55maps-text-high-t0.3-generalisation/crops/candidate_manifest.json,
k1::55maps-text-high-t0-3-generalisation::verified-k4-canonical-gt,55maps-text-high-t0-3-generalisation::verified-k4-canonical-gt,55maps-text-high-t0-3-generalisation,detect_brief-text,1,55-map|canonical|50m|55maps-8541,55-map,canonical,50,55maps-8541,proposer-verifier,verified,5,4,,true,ready,,outputs/55maps-text-high-t0.3-generalisation/proposer/detect_brief-text/run_1/detections-detect_brief-text-3-flash-2026-04-26.geojson,inputs/vectors/references/canonical-gt-55maps-r50.geojson,inputs/vectors/bounds/384/55maps_evaluation_bounds.geojson,corrected_f1_multi_buffer,results/uplift-supplement/k1-gapfill/55maps-text-high-t0-3-generalisation__verified-k4-canonical-gt,python scripts/compute_corrected_f1_multi_buffer.py --verified-detections outputs/55maps-text-high-t0.3-generalisation/proposer/detect_brief-text/run_1/detections-detect_brief-text-3-flash-2026-04-26.geojson --student-gt inputs/vectors/references/student-mounds-55maps-reviewed.geojson --bounds inputs/vectors/bounds/384/55maps_evaluation_bounds.geojson --buffers 5 10 15 20 25 30 35 40 45 50 75 100 125 150 --n-bootstrap 10000 --seed 42 --compute-mcc --output-dir results/uplift-supplement/k1-gapfill/55maps-text-high-t0-3-generalisation__verified-k4-canonical-gt --review-yesterday results/55maps-extended-gt-2026-06-07/empty-yesterday-review.csv --review-today results/deployment-oracle-2026-06-06/canonical-gt/canonical-review.csv,blocked,"this cell's own verifier stage processed candidates down to vote_count >= 4 only, so singletons were never verified and no K = 1 WITH-verifier cell can be derived. Measured from outputs/55maps-text-high-t0.3-generalisation/crops/candidate_manifest.json (sole-manifest). DISCLOSED, not approximated.",sole-manifest,4,outputs/55maps-text-high-t0.3-generalisation/crops/candidate_manifest.json,
k1::55maps-text-high-t0-3-generalisation::verified-k3-canonical-gt,55maps-text-high-t0-3-generalisation::verified-k3-canonical-gt,55maps-text-high-t0-3-generalisation,detect_brief-text,1,55-map|canonical|50m|55maps-8541,55-map,canonical,50,55maps-8541,proposer-verifier,verified,5,3,0.15,true,ready,,outputs/55maps-text-high-t0.3-generalisation/proposer/detect_brief-text/run_1/detections-detect_brief-text-3-flash-2026-04-26.geojson,inputs/vectors/references/canonical-gt-55maps-r50.geojson,inputs/vectors/bounds/384/55maps_evaluation_bounds.geojson,corrected_f1_multi_buffer,results/uplift-supplement/k1-gapfill/55maps-text-high-t0-3-generalisation__verified-k3-canonical-gt,python scripts/compute_corrected_f1_multi_buffer.py --verified-detections outputs/55maps-text-high-t0.3-generalisation/proposer/detect_brief-text/run_1/detections-detect_brief-text-3-flash-2026-04-26.geojson --student-gt inputs/vectors/references/student-mounds-55maps-reviewed.geojson --bounds inputs/vectors/bounds/384/55maps_evaluation_bounds.geojson --buffers 5 10 15 20 25 30 35 40 45 50 75 100 125 150 --n-bootstrap 10000 --seed 42 --compute-mcc --output-dir results/uplift-supplement/k1-gapfill/55maps-text-high-t0-3-generalisation__verified-k3-canonical-gt --review-yesterday results/55maps-extended-gt-2026-06-07/empty-yesterday-review.csv --review-today results/deployment-oracle-2026-06-06/canonical-gt/canonical-review.csv,blocked,"this cell's own verifier stage processed candidates down to vote_count >= 4 only, so singletons were never verified and no K = 1 WITH-verifier cell can be derived. Measured from outputs/55maps-text-high-t0.3-generalisation/crops/candidate_manifest.json (sole-manifest). DISCLOSED, not approximated.",sole-manifest,4,outputs/55maps-text-high-t0.3-generalisation/crops/candidate_manifest.json,
k1::55maps-text-high-t0-3-generalisation::verified-k4-standardised-gt,55maps-text-high-t0-3-generalisation::verified-k4-standardised-gt,55maps-text-high-t0-3-generalisation,detect_brief-text,1,55-map|standardised|50m|55maps-8541,55-map,standardised,50,55maps-8541,proposer-verifier,verified,5,4,,true,ready,,outputs/55maps-text-high-t0.3-generalisation/proposer/detect_brief-text/run_1/detections-detect_brief-text-3-flash-2026-04-26.geojson,inputs/vectors/references/best-available-gt-55maps.geojson,inputs/vectors/bounds/384/55maps_evaluation_bounds.geojson,corrected_f1_multi_buffer,results/uplift-supplement/k1-gapfill/55maps-text-high-t0-3-generalisation__verified-k4-standardised-gt,python scripts/compute_corrected_f1_multi_buffer.py --verified-detections outputs/55maps-text-high-t0.3-generalisation/proposer/detect_brief-text/run_1/detections-detect_brief-text-3-flash-2026-04-26.geojson --student-gt results/deployment-oracle-2026-06-06/canonical-gt/standardised/student-mounds-55maps-standardised.geojson --bounds inputs/vectors/bounds/384/55maps_evaluation_bounds.geojson --buffers 5 10 15 20 25 30 35 40 45 50 75 100 125 150 --n-bootstrap 10000 --seed 42 --compute-mcc --output-dir results/uplift-supplement/k1-gapfill/55maps-text-high-t0-3-generalisation__verified-k4-standardised-gt --extension-csv results/deployment-oracle-2026-06-06/canonical-gt/standardised/extension-mounds-standardised.csv,blocked,"this cell's own verifier stage processed candidates down to vote_count >= 4 only, so singletons were never verified and no K = 1 WITH-verifier cell can be derived. Measured from outputs/55maps-text-high-t0.3-generalisation/crops/candidate_manifest.json (sole-manifest). DISCLOSED, not approximated.",sole-manifest,4,outputs/55maps-text-high-t0.3-generalisation/crops/candidate_manifest.json,
k1::55maps-text-high-t0-3-generalisation::verified-k3-standardised-gt,55maps-text-high-t0-3-generalisation::verified-k3-standardised-gt,55maps-text-high-t0-3-generalisation,detect_brief-text,1,55-map|standardised|50m|55maps-8541,55-map,standardised,50,55maps-8541,proposer-verifier,verified,5,3,0.15,true,ready,,outputs/55maps-text-high-t0.3-generalisation/proposer/detect_brief-text/run_1/detections-detect_brief-text-3-flash-2026-04-26.geojson,inputs/vectors/references/best-available-gt-55maps.geojson,inputs/vectors/bounds/384/55maps_evaluation_bounds.geojson,corrected_f1_multi_buffer,results/uplift-supplement/k1-gapfill/55maps-text-high-t0-3-generalisation__verified-k3-standardised-gt,python scripts/compute_corrected_f1_multi_buffer.py --verified-detections outputs/55maps-text-high-t0.3-generalisation/proposer/detect_brief-text/run_1/detections-detect_brief-text-3-flash-2026-04-26.geojson --student-gt results/deployment-oracle-2026-06-06/canonical-gt/standardised/student-mounds-55maps-standardised.geojson --bounds inputs/vectors/bounds/384/55maps_evaluation_bounds.geojson --buffers 5 10 15 20 25 30 35 40 45 50 75 100 125 150 --n-bootstrap 10000 --seed 42 --compute-mcc --output-dir results/uplift-supplement/k1-gapfill/55maps-text-high-t0-3-generalisation__verified-k3-standardised-gt --extension-csv results/deployment-oracle-2026-06-06/canonical-gt/standardised/extension-mounds-standardised.csv,blocked,"this cell's own verifier stage processed candidates down to vote_count >= 4 only, so singletons were never verified and no K = 1 WITH-verifier cell can be derived. Measured from outputs/55maps-text-high-t0.3-generalisation/crops/candidate_manifest.json (sole-manifest). DISCLOSED, not approximated.",sole-manifest,4,outputs/55maps-text-high-t0.3-generalisation/crops/candidate_manifest.json,
k1::55maps-text-high-t0-3-generalisation::verified-oracle-p0.20-k3-standardised-gt,55maps-text-high-t0-3-generalisation::verified-oracle-p0.20-k3-standardised-gt,55maps-text-high-t0-3-generalisation,detect_brief-text,1,55-map|standardised|50m|55maps-8541,55-map,standardised,50,55maps-8541,proposer-verifier,verified,5,3,0.2,true,ready,,outputs/55maps-text-high-t0.3-generalisation/proposer/detect_brief-text/run_1/detections-detect_brief-text-3-flash-2026-04-26.geojson,inputs/vectors/references/best-available-gt-55maps.geojson,inputs/vectors/bounds/384/55maps_evaluation_bounds.geojson,evaluate_detections,results/uplift-supplement/k1-gapfill/55maps-text-high-t0-3-generalisation__verified-oracle-p0_20-k3-standardised-gt,python scripts/evaluate_detections.py --detections outputs/55maps-text-high-t0.3-generalisation/proposer/detect_brief-text/run_1/detections-detect_brief-text-3-flash-2026-04-26.geojson --ground-truth inputs/vectors/references/best-available-gt-55maps.geojson --bounds inputs/vectors/bounds/384/55maps_evaluation_bounds.geojson --buffers 5 10 15 20 25 30 35 40 45 50 75 100 125 150 --bootstrap 10000 --seed 42 --mcc --output-dir results/uplift-supplement/k1-gapfill/55maps-text-high-t0-3-generalisation__verified-oracle-p0_20-k3-standardised-gt --label 55maps-text-high-t0-3-generalisation__verified-oracle-p0_20-k3-standardised-gt-n1,blocked,"this cell's own verifier stage processed candidates down to vote_count >= 4 only, so singletons were never verified and no K = 1 WITH-verifier cell can be derived. Measured from outputs/55maps-text-high-t0.3-generalisation/crops/candidate_manifest.json (sole-manifest). DISCLOSED, not approximated.",sole-manifest,4,outputs/55maps-text-high-t0.3-generalisation/crops/candidate_manifest.json,
k1::55maps-text-min-generalisation::verified,55maps-text-min-generalisation::verified,55maps-text-min-generalisation,detect_brief-text,1,55-map|student|50m|55maps-8541,55-map,student,50,55maps-8541,proposer-verifier,verified,5,4,,true,ready,,outputs/55maps-text-min-generalisation/proposer/detect_brief-text/run_1/detections-detect_brief-text-3-flash-2026-04-18.geojson,inputs/vectors/references/student-mounds-55maps-reviewed.geojson,inputs/vectors/bounds/384/55maps_evaluation_bounds.geojson,evaluate_detections,results/uplift-supplement/k1-gapfill/55maps-text-min-generalisation__verified,python scripts/evaluate_detections.py --detections outputs/55maps-text-min-generalisation/proposer/detect_brief-text/run_1/detections-detect_brief-text-3-flash-2026-04-18.geojson --ground-truth inputs/vectors/references/student-mounds-55maps-reviewed.geojson --bounds inputs/vectors/bounds/384/55maps_evaluation_bounds.geojson --buffers 5 10 15 20 25 30 35 40 45 50 75 100 125 150 --bootstrap 10000 --seed 42 --mcc --output-dir results/uplift-supplement/k1-gapfill/55maps-text-min-generalisation__verified --label 55maps-text-min-generalisation__verified-n1,blocked,"this cell's own verifier stage processed candidates down to vote_count >= 4 only, so singletons were never verified and no K = 1 WITH-verifier cell can be derived. Measured from outputs/55maps-text-min-generalisation/crops/candidate_manifest.json (sole-manifest). DISCLOSED, not approximated.",sole-manifest,4,outputs/55maps-text-min-generalisation/crops/candidate_manifest.json,
k1::55maps-text-min-generalisation::verified-k4-canonical-gt,55maps-text-min-generalisation::verified-k4-canonical-gt,55maps-text-min-generalisation,detect_brief-text,1,55-map|canonical|50m|55maps-8541,55-map,canonical,50,55maps-8541,proposer-verifier,verified,5,4,,true,ready,,outputs/55maps-text-min-generalisation/proposer/detect_brief-text/run_1/detections-detect_brief-text-3-flash-2026-04-18.geojson,inputs/vectors/references/canonical-gt-55maps-r50.geojson,inputs/vectors/bounds/384/55maps_evaluation_bounds.geojson,corrected_f1_multi_buffer,results/uplift-supplement/k1-gapfill/55maps-text-min-generalisation__verified-k4-canonical-gt,python scripts/compute_corrected_f1_multi_buffer.py --verified-detections outputs/55maps-text-min-generalisation/proposer/detect_brief-text/run_1/detections-detect_brief-text-3-flash-2026-04-18.geojson --student-gt inputs/vectors/references/student-mounds-55maps-reviewed.geojson --bounds inputs/vectors/bounds/384/55maps_evaluation_bounds.geojson --buffers 5 10 15 20 25 30 35 40 45 50 75 100 125 150 --n-bootstrap 10000 --seed 42 --compute-mcc --output-dir results/uplift-supplement/k1-gapfill/55maps-text-min-generalisation__verified-k4-canonical-gt --review-yesterday results/55maps-extended-gt-2026-06-07/empty-yesterday-review.csv --review-today results/deployment-oracle-2026-06-06/canonical-gt/canonical-review.csv,blocked,"this cell's own verifier stage processed candidates down to vote_count >= 4 only, so singletons were never verified and no K = 1 WITH-verifier cell can be derived. Measured from outputs/55maps-text-min-generalisation/crops/candidate_manifest.json (sole-manifest). DISCLOSED, not approximated.",sole-manifest,4,outputs/55maps-text-min-generalisation/crops/candidate_manifest.json,
k1::55maps-text-min-generalisation::verified-k3-canonical-gt,55maps-text-min-generalisation::verified-k3-canonical-gt,55maps-text-min-generalisation,detect_brief-text,1,55-map|canonical|50m|55maps-8541,55-map,canonical,50,55maps-8541,proposer-verifier,verified,5,3,0.15,true,ready,,outputs/55maps-text-min-generalisation/proposer/detect_brief-text/run_1/detections-detect_brief-text-3-flash-2026-04-18.geojson,inputs/vectors/references/canonical-gt-55maps-r50.geojson,inputs/vectors/bounds/384/55maps_evaluation_bounds.geojson,corrected_f1_multi_buffer,results/uplift-supplement/k1-gapfill/55maps-text-min-generalisation__verified-k3-canonical-gt,python scripts/compute_corrected_f1_multi_buffer.py --verified-detections outputs/55maps-text-min-generalisation/proposer/detect_brief-text/run_1/detections-detect_brief-text-3-flash-2026-04-18.geojson --student-gt inputs/vectors/references/student-mounds-55maps-reviewed.geojson --bounds inputs/vectors/bounds/384/55maps_evaluation_bounds.geojson --buffers 5 10 15 20 25 30 35 40 45 50 75 100 125 150 --n-bootstrap 10000 --seed 42 --compute-mcc --output-dir results/uplift-supplement/k1-gapfill/55maps-text-min-generalisation__verified-k3-canonical-gt --review-yesterday results/55maps-extended-gt-2026-06-07/empty-yesterday-review.csv --review-today results/deployment-oracle-2026-06-06/canonical-gt/canonical-review.csv,blocked,"this cell's own verifier stage processed candidates down to vote_count >= 4 only, so singletons were never verified and no K = 1 WITH-verifier cell can be derived. Measured from outputs/55maps-text-min-generalisation/crops/candidate_manifest.json (sole-manifest). DISCLOSED, not approximated.",sole-manifest,4,outputs/55maps-text-min-generalisation/crops/candidate_manifest.json,
k1::55maps-text-min-generalisation::verified-k4-standardised-gt,55maps-text-min-generalisation::verified-k4-standardised-gt,55maps-text-min-generalisation,detect_brief-text,1,55-map|standardised|50m|55maps-8541,55-map,standardised,50,55maps-8541,proposer-verifier,verified,5,4,,true,ready,,outputs/55maps-text-min-generalisation/proposer/detect_brief-text/run_1/detections-detect_brief-text-3-flash-2026-04-18.geojson,inputs/vectors/references/best-available-gt-55maps.geojson,inputs/vectors/bounds/384/55maps_evaluation_bounds.geojson,corrected_f1_multi_buffer,results/uplift-supplement/k1-gapfill/55maps-text-min-generalisation__verified-k4-standardised-gt,python scripts/compute_corrected_f1_multi_buffer.py --verified-detections outputs/55maps-text-min-generalisation/proposer/detect_brief-text/run_1/detections-detect_brief-text-3-flash-2026-04-18.geojson --student-gt results/deployment-oracle-2026-06-06/canonical-gt/standardised/student-mounds-55maps-standardised.geojson --bounds inputs/vectors/bounds/384/55maps_evaluation_bounds.geojson --buffers 5 10 15 20 25 30 35 40 45 50 75 100 125 150 --n-bootstrap 10000 --seed 42 --compute-mcc --output-dir results/uplift-supplement/k1-gapfill/55maps-text-min-generalisation__verified-k4-standardised-gt --extension-csv results/deployment-oracle-2026-06-06/canonical-gt/standardised/extension-mounds-standardised.csv,blocked,"this cell's own verifier stage processed candidates down to vote_count >= 4 only, so singletons were never verified and no K = 1 WITH-verifier cell can be derived. Measured from outputs/55maps-text-min-generalisation/crops/candidate_manifest.json (sole-manifest). DISCLOSED, not approximated.",sole-manifest,4,outputs/55maps-text-min-generalisation/crops/candidate_manifest.json,
k1::55maps-text-min-generalisation::verified-k3-standardised-gt,55maps-text-min-generalisation::verified-k3-standardised-gt,55maps-text-min-generalisation,detect_brief-text,1,55-map|standardised|50m|55maps-8541,55-map,standardised,50,55maps-8541,proposer-verifier,verified,5,3,0.15,true,ready,,outputs/55maps-text-min-generalisation/proposer/detect_brief-text/run_1/detections-detect_brief-text-3-flash-2026-04-18.geojson,inputs/vectors/references/best-available-gt-55maps.geojson,inputs/vectors/bounds/384/55maps_evaluation_bounds.geojson,corrected_f1_multi_buffer,results/uplift-supplement/k1-gapfill/55maps-text-min-generalisation__verified-k3-standardised-gt,python scripts/compute_corrected_f1_multi_buffer.py --verified-detections outputs/55maps-text-min-generalisation/proposer/detect_brief-text/run_1/detections-detect_brief-text-3-flash-2026-04-18.geojson --student-gt results/deployment-oracle-2026-06-06/canonical-gt/standardised/student-mounds-55maps-standardised.geojson --bounds inputs/vectors/bounds/384/55maps_evaluation_bounds.geojson --buffers 5 10 15 20 25 30 35 40 45 50 75 100 125 150 --n-bootstrap 10000 --seed 42 --compute-mcc --output-dir results/uplift-supplement/k1-gapfill/55maps-text-min-generalisation__verified-k3-standardised-gt --extension-csv results/deployment-oracle-2026-06-06/canonical-gt/standardised/extension-mounds-standardised.csv,blocked,"this cell's own verifier stage processed candidates down to vote_count >= 4 only, so singletons were never verified and no K = 1 WITH-verifier cell can be derived. Measured from outputs/55maps-text-min-generalisation/crops/candidate_manifest.json (sole-manifest). DISCLOSED, not approximated.",sole-manifest,4,outputs/55maps-text-min-generalisation/crops/candidate_manifest.json,
k1::55maps-text-min-generalisation::verified-oracle-p0.20-k3-standardised-gt,55maps-text-min-generalisation::verified-oracle-p0.20-k3-standardised-gt,55maps-text-min-generalisation,detect_brief-text,1,55-map|standardised|50m|55maps-8541,55-map,standardised,50,55maps-8541,proposer-verifier,verified,5,3,0.2,true,ready,,outputs/55maps-text-min-generalisation/proposer/detect_brief-text/run_1/detections-detect_brief-text-3-flash-2026-04-18.geojson,inputs/vectors/references/best-available-gt-55maps.geojson,inputs/vectors/bounds/384/55maps_evaluation_bounds.geojson,evaluate_detections,results/uplift-supplement/k1-gapfill/55maps-text-min-generalisation__verified-oracle-p0_20-k3-standardised-gt,python scripts/evaluate_detections.py --detections outputs/55maps-text-min-generalisation/proposer/detect_brief-text/run_1/detections-detect_brief-text-3-flash-2026-04-18.geojson --ground-truth inputs/vectors/references/best-available-gt-55maps.geojson --bounds inputs/vectors/bounds/384/55maps_evaluation_bounds.geojson --buffers 5 10 15 20 25 30 35 40 45 50 75 100 125 150 --bootstrap 10000 --seed 42 --mcc --output-dir results/uplift-supplement/k1-gapfill/55maps-text-min-generalisation__verified-oracle-p0_20-k3-standardised-gt --label 55maps-text-min-generalisation__verified-oracle-p0_20-k3-standardised-gt-n1,blocked,"this cell's own verifier stage processed candidates down to vote_count >= 4 only, so singletons were never verified and no K = 1 WITH-verifier cell can be derived. Measured from outputs/55maps-text-min-generalisation/crops/candidate_manifest.json (sole-manifest). DISCLOSED, not approximated.",sole-manifest,4,outputs/55maps-text-min-generalisation/crops/candidate_manifest.json,
k1::gold-standard-v2::consensus-3of5,gold-standard-v2::consensus-3of5,gold-standard-v2,detect_brief-text,1,4-map-gs|curator|20m|era-2-487,4-map-gs,curator,20,era-2-487,consensus,consensus,5,3,,false,blocked,the condition spec records no readable evaluation artefact,outputs/gs/gold-standard-v2/proposer/detect_brief-text/run_1/detections-detect_brief-text-3-flash-2026-04-10.geojson,inputs/vectors/references/mounds-reference.geojson,,,,,not-applicable,,not-applicable,,,
k1::gold-standard-v2::consensus-4of5,gold-standard-v2::consensus-4of5,gold-standard-v2,detect_brief-text,1,4-map-gs|curator|20m|era-2-487,4-map-gs,curator,20,era-2-487,consensus,consensus,5,4,,false,blocked,the condition spec records no readable evaluation artefact,outputs/gs/gold-standard-v2/proposer/detect_brief-text/run_1/detections-detect_brief-text-3-flash-2026-04-10.geojson,inputs/vectors/references/mounds-reference.geojson,,,,,not-applicable,,not-applicable,,,
k1::gold-standard-v2::consensus-5of5,gold-standard-v2::consensus-5of5,gold-standard-v2,detect_brief-text,1,4-map-gs|curator|20m|era-2-487,4-map-gs,curator,20,era-2-487,consensus,consensus,5,5,,false,blocked,the condition spec records no readable evaluation artefact,outputs/gs/gold-standard-v2/proposer/detect_brief-text/run_1/detections-detect_brief-text-3-flash-2026-04-10.geojson,inputs/vectors/references/mounds-reference.geojson,,,,,not-applicable,,not-applicable,,,
k1::gold-standard-v2::verified-v1,gold-standard-v2::verified-v1,gold-standard-v2,detect_brief-text,1,4-map-gs|curator|20m|era-2-487,4-map-gs,curator,20,era-2-487,proposer-verifier,verified,5,4,,true,blocked,the condition spec records no readable evaluation artefact,outputs/gs/gold-standard-v2/proposer/detect_brief-text/run_1/detections-detect_brief-text-3-flash-2026-04-10.geojson,inputs/vectors/references/mounds-reference.geojson,,,,,blocked,"this cell's own verifier stage processed candidates down to vote_count >= 4 only, so singletons were never verified and no K = 1 WITH-verifier cell can be derived. Measured from outputs/gs/gold-standard-v2/crops/candidate_manifest.json (sole-manifest). DISCLOSED, not approximated.",sole-manifest,4,outputs/gs/gold-standard-v2/crops/candidate_manifest.json,
k1::h10::verified-pool-160,h10::verified-pool-160,h10,pool_160_hp4hn4,1,4-map-gs|curator|20m|era-3-327,4-map-gs,curator,20,era-3-327,proposer-verifier,verified,5,4,0.05,true,ready,,outputs/h10/evaluation-v2/pool_160_hp4hn4/run_1/detections-detect_pool_160_hp4hn4_v2-3-flash-2026-04-15.geojson,inputs/vectors/references/mounds-reference.geojson,inputs/vectors/bounds/384/h10_test_bounds.geojson,evaluate_detections,results/uplift-supplement/k1-gapfill/h10__verified-pool-160,python scripts/evaluate_detections.py --detections outputs/h10/evaluation-v2/pool_160_hp4hn4/run_1/detections-detect_pool_160_hp4hn4_v2-3-flash-2026-04-15.geojson --ground-truth inputs/vectors/references/mounds-reference.geojson --bounds inputs/vectors/bounds/384/h10_test_bounds.geojson --buffers 5 10 15 20 25 30 35 40 45 50 75 100 125 150 --bootstrap 10000 --seed 42 --mcc --output-dir results/uplift-supplement/k1-gapfill/h10__verified-pool-160 --label h10__verified-pool-160-n1,derivable,"this cell's own verifier stage processed the full vote >= 1 union (measured from outputs/h10/evaluation-v2/pool_160_hp4hn4/crops/candidate_manifest.json, matched-pool-subtree), so a K = 1 WITH-verifier cell is derivable from the committed probabilities without new API spend.",matched-pool-subtree,1,outputs/h10/evaluation-v2/pool_160_hp4hn4/crops/candidate_manifest.json,
k1::consensus-384-t1-0::consensus-1of30,consensus-384-t1-0::consensus-1of30,consensus-384-t1-0,384,1,4-map-gs|curator|20m|era-2-487,4-map-gs,curator,20,era-2-487,consensus,consensus,30,1,,false,already-registered,,outputs/h11/consensus-384-UNINTENDED-T1.0/384/run_1/detections_384_run01.geojson,inputs/vectors/references/mounds-reference.geojson,inputs/vectors/bounds/384/full_evaluation_bounds.geojson,evaluate_detections,,,not-applicable,,not-applicable,,,registry already holds the N = 1 rung consensus-384-t1-0::single-pass-run_1
k1::consensus-384-t1-0::consensus-2of30,consensus-384-t1-0::consensus-2of30,consensus-384-t1-0,384,1,4-map-gs|curator|20m|era-2-487,4-map-gs,curator,20,era-2-487,consensus,consensus,30,2,,false,already-registered,,outputs/h11/consensus-384-UNINTENDED-T1.0/384/run_1/detections_384_run01.geojson,inputs/vectors/references/mounds-reference.geojson,inputs/vectors/bounds/384/full_evaluation_bounds.geojson,evaluate_detections,,,not-applicable,,not-applicable,,,registry already holds the N = 1 rung consensus-384-t1-0::single-pass-run_1
k1::consensus-384-t1-0::consensus-3of30,consensus-384-t1-0::consensus-3of30,consensus-384-t1-0,384,1,4-map-gs|curator|20m|era-2-487,4-map-gs,curator,20,era-2-487,consensus,consensus,30,3,,false,already-registered,,outputs/h11/consensus-384-UNINTENDED-T1.0/384/run_1/detections_384_run01.geojson,inputs/vectors/references/mounds-reference.geojson,inputs/vectors/bounds/384/full_evaluation_bounds.geojson,evaluate_detections,,,not-applicable,,not-applicable,,,registry already holds the N = 1 rung consensus-384-t1-0::single-pass-run_1
k1::consensus-384-t1-0::consensus-4of30,consensus-384-t1-0::consensus-4of30,consensus-384-t1-0,384,1,4-map-gs|curator|20m|era-2-487,4-map-gs,curator,20,era-2-487,consensus,consensus,30,4,,false,already-registered,,outputs/h11/consensus-384-UNINTENDED-T1.0/384/run_1/detections_384_run01.geojson,inputs/vectors/references/mounds-reference.geojson,inputs/vectors/bounds/384/full_evaluation_bounds.geojson,evaluate_detections,,,not-applicable,,not-applicable,,,registry already holds the N = 1 rung consensus-384-t1-0::single-pass-run_1
k1::consensus-384-t1-0::consensus-5of30,consensus-384-t1-0::consensus-5of30,consensus-384-t1-0,384,1,4-map-gs|curator|20m|era-2-487,4-map-gs,curator,20,era-2-487,consensus,consensus,30,5,,false,already-registered,,outputs/h11/consensus-384-UNINTENDED-T1.0/384/run_1/detections_384_run01.geojson,inputs/vectors/references/mounds-reference.geojson,inputs/vectors/bounds/384/full_evaluation_bounds.geojson,evaluate_detections,,,not-applicable,,not-applicable,,,registry already holds the N = 1 rung consensus-384-t1-0::single-pass-run_1
k1::e47-propose-brief::consensus-1of5,e47-propose-brief::consensus-1of5,e47-propose-brief,propose_brief-text,1,4-map-gs|curator|20m|era-2-487,4-map-gs,curator,20,era-2-487,consensus,consensus,5,1,,false,already-registered,,outputs/h11/e47-propose-brief/flash-high-text-n5/propose_brief-text/run_1/detections_propose_brief-text_run01.geojson,inputs/vectors/references/mounds-reference.geojson,inputs/vectors/bounds/384/full_evaluation_bounds.geojson,evaluate_detections,,,not-applicable,,not-applicable,,,registry already holds the N = 1 rung e47-propose-brief::baseline-single-pass
k1::e47-propose-brief::consensus-2of5,e47-propose-brief::consensus-2of5,e47-propose-brief,propose_brief-text,1,4-map-gs|curator|20m|era-2-487,4-map-gs,curator,20,era-2-487,consensus,consensus,5,2,,false,already-registered,,outputs/h11/e47-propose-brief/flash-high-text-n5/propose_brief-text/run_1/detections_propose_brief-text_run01.geojson,inputs/vectors/references/mounds-reference.geojson,inputs/vectors/bounds/384/full_evaluation_bounds.geojson,evaluate_detections,,,not-applicable,,not-applicable,,,registry already holds the N = 1 rung e47-propose-brief::baseline-single-pass
k1::e47-propose-brief::consensus-3of5,e47-propose-brief::consensus-3of5,e47-propose-brief,propose_brief-text,1,4-map-gs|curator|20m|era-2-487,4-map-gs,curator,20,era-2-487,consensus,consensus,5,3,,false,already-registered,,outputs/h11/e47-propose-brief/flash-high-text-n5/propose_brief-text/run_1/detections_propose_brief-text_run01.geojson,inputs/vectors/references/mounds-reference.geojson,inputs/vectors/bounds/384/full_evaluation_bounds.geojson,evaluate_detections,,,not-applicable,,not-applicable,,,registry already holds the N = 1 rung e47-propose-brief::baseline-single-pass
k1::e47-propose-brief::consensus-4of5,e47-propose-brief::consensus-4of5,e47-propose-brief,propose_brief-text,1,4-map-gs|curator|20m|era-2-487,4-map-gs,curator,20,era-2-487,consensus,consensus,5,4,,false,already-registered,,outputs/h11/e47-propose-brief/flash-high-text-n5/propose_brief-text/run_1/detections_propose_brief-text_run01.geojson,inputs/vectors/references/mounds-reference.geojson,inputs/vectors/bounds/384/full_evaluation_bounds.geojson,evaluate_detections,,,not-applicable,,not-applicable,,,registry already holds the N = 1 rung e47-propose-brief::baseline-single-pass
k1::e47-propose-brief::consensus-5of5,e47-propose-brief::consensus-5of5,e47-propose-brief,propose_brief-text,1,4-map-gs|curator|20m|era-2-487,4-map-gs,curator,20,era-2-487,consensus,consensus,5,5,,false,already-registered,,outputs/h11/e47-propose-brief/flash-high-text-n5/propose_brief-text/run_1/detections_propose_brief-text_run01.geojson,inputs/vectors/references/mounds-reference.geojson,inputs/vectors/bounds/384/full_evaluation_bounds.geojson,evaluate_detections,,,not-applicable,,not-applicable,,,registry already holds the N = 1 rung e47-propose-brief::baseline-single-pass
k1::n1-outstanding-384::brief-text-t03-consensus-1of3,n1-outstanding-384::brief-text-t03-consensus-1of3,n1-outstanding-384,brief-text-t03,1,4-map-gs|curator|20m|era-2-487,4-map-gs,curator,20,era-2-487,consensus,consensus,3,1,,false,already-registered,,outputs/h11/n1-outstanding-384/brief-text-t03/run_1/detections_brief-text-t03_run01.geojson,inputs/vectors/references/mounds-reference.geojson,inputs/vectors/bounds/384/full_evaluation_bounds.geojson,evaluate_detections,,,not-applicable,,not-applicable,,,registry already holds the N = 1 rung n1-outstanding-384::brief-text-t03-single-pass-run_1
k1::n1-outstanding-384::brief-text-t03-consensus-2of3,n1-outstanding-384::brief-text-t03-consensus-2of3,n1-outstanding-384,brief-text-t03,1,4-map-gs|curator|20m|era-2-487,4-map-gs,curator,20,era-2-487,consensus,consensus,3,2,,false,already-registered,,outputs/h11/n1-outstanding-384/brief-text-t03/run_1/detections_brief-text-t03_run01.geojson,inputs/vectors/references/mounds-reference.geojson,inputs/vectors/bounds/384/full_evaluation_bounds.geojson,evaluate_detections,,,not-applicable,,not-applicable,,,registry already holds the N = 1 rung n1-outstanding-384::brief-text-t03-single-pass-run_1
k1::n1-outstanding-384::brief-text-t03-consensus-3of3,n1-outstanding-384::brief-text-t03-consensus-3of3,n1-outstanding-384,brief-text-t03,1,4-map-gs|curator|20m|era-2-487,4-map-gs,curator,20,era-2-487,consensus,consensus,3,3,,false,already-registered,,outputs/h11/n1-outstanding-384/brief-text-t03/run_1/detections_brief-text-t03_run01.geojson,inputs/vectors/references/mounds-reference.geojson,inputs/vectors/bounds/384/full_evaluation_bounds.geojson,evaluate_detections,,,not-applicable,,not-applicable,,,registry already holds the N = 1 rung n1-outstanding-384::brief-text-t03-single-pass-run_1
k1::n1-outstanding-384::image-t0-consensus-1of3,n1-outstanding-384::image-t0-consensus-1of3,n1-outstanding-384,image-t0,1,4-map-gs|curator|20m|era-2-487,4-map-gs,curator,20,era-2-487,consensus,consensus,3,1,,false,already-registered,,outputs/h11/n1-outstanding-384/image-t0/run_1/detections_image-t0_run01.geojson,inputs/vectors/references/mounds-reference.geojson,inputs/vectors/bounds/384/full_evaluation_bounds.geojson,evaluate_detections,,,not-applicable,,not-applicable,,,registry already holds the N = 1 rung n1-outstanding-384::image-t0-single-pass-run_1
k1::n1-outstanding-384::image-t0-consensus-2of3,n1-outstanding-384::image-t0-consensus-2of3,n1-outstanding-384,image-t0,1,4-map-gs|curator|20m|era-2-487,4-map-gs,curator,20,era-2-487,consensus,consensus,3,2,,false,already-registered,,outputs/h11/n1-outstanding-384/image-t0/run_1/detections_image-t0_run01.geojson,inputs/vectors/references/mounds-reference.geojson,inputs/vectors/bounds/384/full_evaluation_bounds.geojson,evaluate_detections,,,not-applicable,,not-applicable,,,registry already holds the N = 1 rung n1-outstanding-384::image-t0-single-pass-run_1
k1::n1-outstanding-384::image-t0-consensus-3of3,n1-outstanding-384::image-t0-consensus-3of3,n1-outstanding-384,image-t0,1,4-map-gs|curator|20m|era-2-487,4-map-gs,curator,20,era-2-487,consensus,consensus,3,3,,false,already-registered,,outputs/h11/n1-outstanding-384/image-t0/run_1/detections_image-t0_run01.geojson,inputs/vectors/references/mounds-reference.geojson,inputs/vectors/bounds/384/full_evaluation_bounds.geojson,evaluate_detections,,,not-applicable,,not-applicable,,,registry already holds the N = 1 rung n1-outstanding-384::image-t0-single-pass-run_1
k1::n1-outstanding-384::image-t03-consensus-1of3,n1-outstanding-384::image-t03-consensus-1of3,n1-outstanding-384,image-t03,1,4-map-gs|curator|20m|era-2-487,4-map-gs,curator,20,era-2-487,consensus,consensus,3,1,,false,already-registered,,outputs/h11/n1-outstanding-384/image-t03/run_1/detections_image-t03_run01.geojson,inputs/vectors/references/mounds-reference.geojson,inputs/vectors/bounds/384/full_evaluation_bounds.geojson,evaluate_detections,,,not-applicable,,not-applicable,,,registry already holds the N = 1 rung n1-outstanding-384::image-t03-single-pass-run_1
k1::n1-outstanding-384::image-t03-consensus-2of3,n1-outstanding-384::image-t03-consensus-2of3,n1-outstanding-384,image-t03,1,4-map-gs|curator|20m|era-2-487,4-map-gs,curator,20,era-2-487,consensus,consensus,3,2,,false,already-registered,,outputs/h11/n1-outstanding-384/image-t03/run_1/detections_image-t03_run01.geojson,inputs/vectors/references/mounds-reference.geojson,inputs/vectors/bounds/384/full_evaluation_bounds.geojson,evaluate_detections,,,not-applicable,,not-applicable,,,registry already holds the N = 1 rung n1-outstanding-384::image-t03-single-pass-run_1
k1::n1-outstanding-384::image-t03-consensus-3of3,n1-outstanding-384::image-t03-consensus-3of3,n1-outstanding-384,image-t03,1,4-map-gs|curator|20m|era-2-487,4-map-gs,curator,20,era-2-487,consensus,consensus,3,3,,false,already-registered,,outputs/h11/n1-outstanding-384/image-t03/run_1/detections_image-t03_run01.geojson,inputs/vectors/references/mounds-reference.geojson,inputs/vectors/bounds/384/full_evaluation_bounds.geojson,evaluate_detections,,,not-applicable,,not-applicable,,,registry already holds the N = 1 rung n1-outstanding-384::image-t03-single-pass-run_1
k1::n1-outstanding-384::pro-image-high-t0-consensus-1of3,n1-outstanding-384::pro-image-high-t0-consensus-1of3,n1-outstanding-384,pro-image-high-t0,1,4-map-gs|curator|20m|era-2-487,4-map-gs,curator,20,era-2-487,consensus,consensus,3,1,,false,already-registered,,outputs/h11/n1-outstanding-384/pro-image-high-t0/run_1/detections_pro-image-high-t0_run01.geojson,inputs/vectors/references/mounds-reference.geojson,inputs/vectors/bounds/384/full_evaluation_bounds.geojson,evaluate_detections,,,not-applicable,,not-applicable,,,registry already holds the N = 1 rung n1-outstanding-384::pro-image-high-t0-single-pass-run_1
k1::n1-outstanding-384::pro-image-high-t0-consensus-2of3,n1-outstanding-384::pro-image-high-t0-consensus-2of3,n1-outstanding-384,pro-image-high-t0,1,4-map-gs|curator|20m|era-2-487,4-map-gs,curator,20,era-2-487,consensus,consensus,3,2,,false,already-registered,,outputs/h11/n1-outstanding-384/pro-image-high-t0/run_1/detections_pro-image-high-t0_run01.geojson,inputs/vectors/references/mounds-reference.geojson,inputs/vectors/bounds/384/full_evaluation_bounds.geojson,evaluate_detections,,,not-applicable,,not-applicable,,,registry already holds the N = 1 rung n1-outstanding-384::pro-image-high-t0-single-pass-run_1
k1::n1-outstanding-384::pro-image-high-t0-consensus-3of3,n1-outstanding-384::pro-image-high-t0-consensus-3of3,n1-outstanding-384,pro-image-high-t0,1,4-map-gs|curator|20m|era-2-487,4-map-gs,curator,20,era-2-487,consensus,consensus,3,3,,false,already-registered,,outputs/h11/n1-outstanding-384/pro-image-high-t0/run_1/detections_pro-image-high-t0_run01.geojson,inputs/vectors/references/mounds-reference.geojson,inputs/vectors/bounds/384/full_evaluation_bounds.geojson,evaluate_detections,,,not-applicable,,not-applicable,,,registry already holds the N = 1 rung n1-outstanding-384::pro-image-high-t0-single-pass-run_1
k1::n1-outstanding-384::pro-text-high-t0-consensus-1of3,n1-outstanding-384::pro-text-high-t0-consensus-1of3,n1-outstanding-384,pro-text-high-t0,1,4-map-gs|curator|20m|era-2-487,4-map-gs,curator,20,era-2-487,consensus,consensus,3,1,,false,already-registered,,outputs/h11/n1-outstanding-384/pro-text-high-t0/run_1/detections_pro-text-high-t0_run01.geojson,inputs/vectors/references/mounds-reference.geojson,inputs/vectors/bounds/384/full_evaluation_bounds.geojson,evaluate_detections,,,not-applicable,,not-applicable,,,registry already holds the N = 1 rung n1-outstanding-384::pro-text-high-t0-single-pass-run_1
k1::n1-outstanding-384::pro-text-high-t0-consensus-2of3,n1-outstanding-384::pro-text-high-t0-consensus-2of3,n1-outstanding-384,pro-text-high-t0,1,4-map-gs|curator|20m|era-2-487,4-map-gs,curator,20,era-2-487,consensus,consensus,3,2,,false,already-registered,,outputs/h11/n1-outstanding-384/pro-text-high-t0/run_1/detections_pro-text-high-t0_run01.geojson,inputs/vectors/references/mounds-reference.geojson,inputs/vectors/bounds/384/full_evaluation_bounds.geojson,evaluate_detections,,,not-applicable,,not-applicable,,,registry already holds the N = 1 rung n1-outstanding-384::pro-text-high-t0-single-pass-run_1
k1::n1-outstanding-384::pro-text-high-t0-consensus-3of3,n1-outstanding-384::pro-text-high-t0-consensus-3of3,n1-outstanding-384,pro-text-high-t0,1,4-map-gs|curator|20m|era-2-487,4-map-gs,curator,20,era-2-487,consensus,consensus,3,3,,false,already-registered,,outputs/h11/n1-outstanding-384/pro-text-high-t0/run_1/detections_pro-text-high-t0_run01.geojson,inputs/vectors/references/mounds-reference.geojson,inputs/vectors/bounds/384/full_evaluation_bounds.geojson,evaluate_detections,,,not-applicable,,not-applicable,,,registry already holds the N = 1 rung n1-outstanding-384::pro-text-high-t0-single-pass-run_1
k1::pv-diag-256::text-consensus-5of5,pv-diag-256::text-consensus-5of5,pv-diag-256,text,1,4-map-gs|curator|20m|px256-1032,4-map-gs,curator,20,px256-1032,consensus,consensus,5,5,,false,already-registered,,,inputs/vectors/references/mounds-reference.geojson,inputs/vectors/bounds/256/full_evaluation_bounds.geojson,evaluate_detections,,,not-applicable,,not-applicable,,,registry already holds the N = 1 rung pv-diag-256::text-baseline
k1::pv-diag-384::flash-high-image-n5-image-t0.0-consensus-1of3,pv-diag-384::flash-high-image-n5-image-t0.0-consensus-1of3,pv-diag-384,flash-high-image-n5-image-t0.0,1,4-map-gs|curator|20m|era-2-487,4-map-gs,curator,20,era-2-487,consensus,consensus,3,1,,false,ready,,outputs/h11/pv-diag-384/flash-high-image-n5/image-t0.0/run_1/detections-library_plus-hp-3-flash-2026-04-16.geojson,inputs/vectors/references/mounds-reference.geojson,inputs/vectors/bounds/384/full_evaluation_bounds.geojson,evaluate_detections,results/uplift-supplement/k1-gapfill/pv-diag-384__flash-high-image-n5-image-t0_0-consensus-1of3,python scripts/evaluate_detections.py --detections outputs/h11/pv-diag-384/flash-high-image-n5/image-t0.0/run_1/detections-library_plus-hp-3-flash-2026-04-16.geojson --ground-truth inputs/vectors/references/mounds-reference.geojson --bounds inputs/vectors/bounds/384/full_evaluation_bounds.geojson --buffers 5 10 15 20 25 30 35 40 45 50 75 100 125 150 --bootstrap 10000 --seed 42 --mcc --output-dir results/uplift-supplement/k1-gapfill/pv-diag-384__flash-high-image-n5-image-t0_0-consensus-1of3 --label pv-diag-384__flash-high-image-n5-image-t0_0-consensus-1of3-n1,not-applicable,,not-applicable,,,
k1::pv-diag-384::flash-high-image-n5-image-t0.3-consensus-9of10,pv-diag-384::flash-high-image-n5-image-t0.3-consensus-9of10,pv-diag-384,flash-high-image-n5-image-t0.3,1,4-map-gs|curator|20m|era-2-487,4-map-gs,curator,20,era-2-487,consensus,consensus,10,9,,false,ready,,outputs/h11/pv-diag-384/flash-high-image-n5/image-t0.3/run_1/detections-library_plus-hp-3-flash-2026-04-16.geojson,inputs/vectors/references/mounds-reference.geojson,inputs/vectors/bounds/384/full_evaluation_bounds.geojson,evaluate_detections,results/uplift-supplement/k1-gapfill/pv-diag-384__flash-high-image-n5-image-t0_3-consensus-9of10,python scripts/evaluate_detections.py --detections outputs/h11/pv-diag-384/flash-high-image-n5/image-t0.3/run_1/detections-library_plus-hp-3-flash-2026-04-16.geojson --ground-truth inputs/vectors/references/mounds-reference.geojson --bounds inputs/vectors/bounds/384/full_evaluation_bounds.geojson --buffers 5 10 15 20 25 30 35 40 45 50 75 100 125 150 --bootstrap 10000 --seed 42 --mcc --output-dir results/uplift-supplement/k1-gapfill/pv-diag-384__flash-high-image-n5-image-t0_3-consensus-9of10 --label pv-diag-384__flash-high-image-n5-image-t0_3-consensus-9of10-n1,not-applicable,,not-applicable,,,
k1::pv-diag-384::flash-high-image-n5-image-t0.3-consensus-n5-5of5,pv-diag-384::flash-high-image-n5-image-t0.3-consensus-n5-5of5,pv-diag-384,flash-high-image-n5-image-t0.3,1,4-map-gs|curator|20m|era-2-487,4-map-gs,curator,20,era-2-487,consensus,consensus,5,5,,false,ready,,outputs/h11/pv-diag-384/flash-high-image-n5/image-t0.3/run_1/detections-library_plus-hp-3-flash-2026-04-16.geojson,inputs/vectors/references/mounds-reference.geojson,inputs/vectors/bounds/384/full_evaluation_bounds.geojson,evaluate_detections,results/uplift-supplement/k1-gapfill/pv-diag-384__flash-high-image-n5-image-t0_3-consensus-n5-5of5,python scripts/evaluate_detections.py --detections outputs/h11/pv-diag-384/flash-high-image-n5/image-t0.3/run_1/detections-library_plus-hp-3-flash-2026-04-16.geojson --ground-truth inputs/vectors/references/mounds-reference.geojson --bounds inputs/vectors/bounds/384/full_evaluation_bounds.geojson --buffers 5 10 15 20 25 30 35 40 45 50 75 100 125 150 --bootstrap 10000 --seed 42 --mcc --output-dir results/uplift-supplement/k1-gapfill/pv-diag-384__flash-high-image-n5-image-t0_3-consensus-n5-5of5 --label pv-diag-384__flash-high-image-n5-image-t0_3-consensus-n5-5of5-n1,not-applicable,,not-applicable,,,
k1::pv-diag-384::flash-high-image-n5-image-t0.7-consensus-7of10,pv-diag-384::flash-high-image-n5-image-t0.7-consensus-7of10,pv-diag-384,flash-high-image-n5-image-t0.7,1,4-map-gs|curator|20m|era-2-487,4-map-gs,curator,20,era-2-487,consensus,consensus,10,7,,false,ready,,outputs/h11/pv-diag-384/flash-high-image-n5/image-t0.7/run_1/detections_image-t0.7_run01.geojson,inputs/vectors/references/mounds-reference.geojson,inputs/vectors/bounds/384/full_evaluation_bounds.geojson,evaluate_detections,results/uplift-supplement/k1-gapfill/pv-diag-384__flash-high-image-n5-image-t0_7-consensus-7of10,python scripts/evaluate_detections.py --detections outputs/h11/pv-diag-384/flash-high-image-n5/image-t0.7/run_1/detections_image-t0.7_run01.geojson --ground-truth inputs/vectors/references/mounds-reference.geojson --bounds inputs/vectors/bounds/384/full_evaluation_bounds.geojson --buffers 5 10 15 20 25 30 35 40 45 50 75 100 125 150 --bootstrap 10000 --seed 42 --mcc --output-dir results/uplift-supplement/k1-gapfill/pv-diag-384__flash-high-image-n5-image-t0_7-consensus-7of10 --label pv-diag-384__flash-high-image-n5-image-t0_7-consensus-7of10-n1,not-applicable,,not-applicable,,,
k1::pv-diag-384::flash-high-image-n5-image-t0.7-consensus-n5-3of5,pv-diag-384::flash-high-image-n5-image-t0.7-consensus-n5-3of5,pv-diag-384,flash-high-image-n5-image-t0.7,1,4-map-gs|curator|20m|era-2-487,4-map-gs,curator,20,era-2-487,consensus,consensus,5,3,,false,ready,,outputs/h11/pv-diag-384/flash-high-image-n5/image-t0.7/run_1/detections_image-t0.7_run01.geojson,inputs/vectors/references/mounds-reference.geojson,inputs/vectors/bounds/384/full_evaluation_bounds.geojson,evaluate_detections,results/uplift-supplement/k1-gapfill/pv-diag-384__flash-high-image-n5-image-t0_7-consensus-n5-3of5,python scripts/evaluate_detections.py --detections outputs/h11/pv-diag-384/flash-high-image-n5/image-t0.7/run_1/detections_image-t0.7_run01.geojson --ground-truth inputs/vectors/references/mounds-reference.geojson --bounds inputs/vectors/bounds/384/full_evaluation_bounds.geojson --buffers 5 10 15 20 25 30 35 40 45 50 75 100 125 150 --bootstrap 10000 --seed 42 --mcc --output-dir results/uplift-supplement/k1-gapfill/pv-diag-384__flash-high-image-n5-image-t0_7-consensus-n5-3of5 --label pv-diag-384__flash-high-image-n5-image-t0_7-consensus-n5-3of5-n1,not-applicable,,not-applicable,,,
k1::pv-diag-384::flash-high-image-n5-image-t1.0-consensus-6of10,pv-diag-384::flash-high-image-n5-image-t1.0-consensus-6of10,pv-diag-384,flash-high-image-n5-image-t1.0,1,4-map-gs|curator|20m|era-2-487,4-map-gs,curator,20,era-2-487,consensus,consensus,10,6,,false,ready,,outputs/h11/pv-diag-384/flash-high-image-n5/image-t1.0/run_1/detections-library_plus-hp-3-flash-2026-04-16.geojson,inputs/vectors/references/mounds-reference.geojson,inputs/vectors/bounds/384/full_evaluation_bounds.geojson,evaluate_detections,results/uplift-supplement/k1-gapfill/pv-diag-384__flash-high-image-n5-image-t1_0-consensus-6of10,python scripts/evaluate_detections.py --detections outputs/h11/pv-diag-384/flash-high-image-n5/image-t1.0/run_1/detections-library_plus-hp-3-flash-2026-04-16.geojson --ground-truth inputs/vectors/references/mounds-reference.geojson --bounds inputs/vectors/bounds/384/full_evaluation_bounds.geojson --buffers 5 10 15 20 25 30 35 40 45 50 75 100 125 150 --bootstrap 10000 --seed 42 --mcc --output-dir results/uplift-supplement/k1-gapfill/pv-diag-384__flash-high-image-n5-image-t1_0-consensus-6of10 --label pv-diag-384__flash-high-image-n5-image-t1_0-consensus-6of10-n1,not-applicable,,not-applicable,,,
k1::pv-diag-384::flash-high-image-n5-image-t1.0-consensus-n5-4of5,pv-diag-384::flash-high-image-n5-image-t1.0-consensus-n5-4of5,pv-diag-384,flash-high-image-n5-image-t1.0,1,4-map-gs|curator|20m|era-2-487,4-map-gs,curator,20,era-2-487,consensus,consensus,5,4,,false,ready,,outputs/h11/pv-diag-384/flash-high-image-n5/image-t1.0/run_1/detections-library_plus-hp-3-flash-2026-04-16.geojson,inputs/vectors/references/mounds-reference.geojson,inputs/vectors/bounds/384/full_evaluation_bounds.geojson,evaluate_detections,results/uplift-supplement/k1-gapfill/pv-diag-384__flash-high-image-n5-image-t1_0-consensus-n5-4of5,python scripts/evaluate_detections.py --detections outputs/h11/pv-diag-384/flash-high-image-n5/image-t1.0/run_1/detections-library_plus-hp-3-flash-2026-04-16.geojson --ground-truth inputs/vectors/references/mounds-reference.geojson --bounds inputs/vectors/bounds/384/full_evaluation_bounds.geojson --buffers 5 10 15 20 25 30 35 40 45 50 75 100 125 150 --bootstrap 10000 --seed 42 --mcc --output-dir results/uplift-supplement/k1-gapfill/pv-diag-384__flash-high-image-n5-image-t1_0-consensus-n5-4of5 --label pv-diag-384__flash-high-image-n5-image-t1_0-consensus-n5-4of5-n1,not-applicable,,not-applicable,,,
k1::pv-diag-384::flash-high-text-n5-text-t0.0-consensus-3of3,pv-diag-384::flash-high-text-n5-text-t0.0-consensus-3of3,pv-diag-384,flash-high-text-n5-text-t0.0,1,4-map-gs|curator|20m|era-2-487,4-map-gs,curator,20,era-2-487,consensus,consensus,3,3,,false,ready,,outputs/h11/pv-diag-384/flash-high-text-n5/text-t0.0/run_1/detections-detect_brief-text-3-flash-2026-04-17.geojson,inputs/vectors/references/mounds-reference.geojson,inputs/vectors/bounds/384/full_evaluation_bounds.geojson,evaluate_detections,results/uplift-supplement/k1-gapfill/pv-diag-384__flash-high-text-n5-text-t0_0-consensus-3of3,python scripts/evaluate_detections.py --detections outputs/h11/pv-diag-384/flash-high-text-n5/text-t0.0/run_1/detections-detect_brief-text-3-flash-2026-04-17.geojson --ground-truth inputs/vectors/references/mounds-reference.geojson --bounds inputs/vectors/bounds/384/full_evaluation_bounds.geojson --buffers 5 10 15 20 25 30 35 40 45 50 75 100 125 150 --bootstrap 10000 --seed 42 --mcc --output-dir results/uplift-supplement/k1-gapfill/pv-diag-384__flash-high-text-n5-text-t0_0-consensus-3of3 --label pv-diag-384__flash-high-text-n5-text-t0_0-consensus-3of3-n1,not-applicable,,not-applicable,,,
k1::pv-diag-384::flash-high-text-n5-text-t0.3-consensus-10of10,pv-diag-384::flash-high-text-n5-text-t0.3-consensus-10of10,pv-diag-384,flash-high-text-n5-text-t0.3,1,4-map-gs|curator|20m|era-2-487,4-map-gs,curator,20,era-2-487,consensus,consensus,10,10,,false,ready,,outputs/h11/pv-diag-384/flash-high-text-n5/text-t0.3/run_1/detections-detect_brief-text-3-flash-2026-04-17.geojson,inputs/vectors/references/mounds-reference.geojson,inputs/vectors/bounds/384/full_evaluation_bounds.geojson,evaluate_detections,results/uplift-supplement/k1-gapfill/pv-diag-384__flash-high-text-n5-text-t0_3-consensus-10of10,python scripts/evaluate_detections.py --detections outputs/h11/pv-diag-384/flash-high-text-n5/text-t0.3/run_1/detections-detect_brief-text-3-flash-2026-04-17.geojson --ground-truth inputs/vectors/references/mounds-reference.geojson --bounds inputs/vectors/bounds/384/full_evaluation_bounds.geojson --buffers 5 10 15 20 25 30 35 40 45 50 75 100 125 150 --bootstrap 10000 --seed 42 --mcc --output-dir results/uplift-supplement/k1-gapfill/pv-diag-384__flash-high-text-n5-text-t0_3-consensus-10of10 --label pv-diag-384__flash-high-text-n5-text-t0_3-consensus-10of10-n1,not-applicable,,not-applicable,,,
k1::pv-diag-384::flash-high-text-n5-text-t0.3-consensus-n5-5of5,pv-diag-384::flash-high-text-n5-text-t0.3-consensus-n5-5of5,pv-diag-384,flash-high-text-n5-text-t0.3,1,4-map-gs|curator|20m|era-2-487,4-map-gs,curator,20,era-2-487,consensus,consensus,5,5,,false,ready,,outputs/h11/pv-diag-384/flash-high-text-n5/text-t0.3/run_1/detections-detect_brief-text-3-flash-2026-04-17.geojson,inputs/vectors/references/mounds-reference.geojson,inputs/vectors/bounds/384/full_evaluation_bounds.geojson,evaluate_detections,results/uplift-supplement/k1-gapfill/pv-diag-384__flash-high-text-n5-text-t0_3-consensus-n5-5of5,python scripts/evaluate_detections.py --detections outputs/h11/pv-diag-384/flash-high-text-n5/text-t0.3/run_1/detections-detect_brief-text-3-flash-2026-04-17.geojson --ground-truth inputs/vectors/references/mounds-reference.geojson --bounds inputs/vectors/bounds/384/full_evaluation_bounds.geojson --buffers 5 10 15 20 25 30 35 40 45 50 75 100 125 150 --bootstrap 10000 --seed 42 --mcc --output-dir results/uplift-supplement/k1-gapfill/pv-diag-384__flash-high-text-n5-text-t0_3-consensus-n5-5of5 --label pv-diag-384__flash-high-text-n5-text-t0_3-consensus-n5-5of5-n1,not-applicable,,not-applicable,,,
k1::pv-diag-384::flash-high-text-n5-text-t0.7-consensus-26of30,pv-diag-384::flash-high-text-n5-text-t0.7-consensus-26of30,pv-diag-384,flash-high-text-n5-text-t0.7,1,4-map-gs|curator|20m|era-2-487,4-map-gs,curator,20,era-2-487,consensus,consensus,30,26,,false,ready,,outputs/h11/pv-diag-384/flash-high-text-n5/text-t0.7/run_1/detections_text-t0.7_run01.geojson,inputs/vectors/references/mounds-reference.geojson,inputs/vectors/bounds/384/full_evaluation_bounds.geojson,evaluate_detections,results/uplift-supplement/k1-gapfill/pv-diag-384__flash-high-text-n5-text-t0_7-consensus-26of30,python scripts/evaluate_detections.py --detections outputs/h11/pv-diag-384/flash-high-text-n5/text-t0.7/run_1/detections_text-t0.7_run01.geojson --ground-truth inputs/vectors/references/mounds-reference.geojson --bounds inputs/vectors/bounds/384/full_evaluation_bounds.geojson --buffers 5 10 15 20 25 30 35 40 45 50 75 100 125 150 --bootstrap 10000 --seed 42 --mcc --output-dir results/uplift-supplement/k1-gapfill/pv-diag-384__flash-high-text-n5-text-t0_7-consensus-26of30 --label pv-diag-384__flash-high-text-n5-text-t0_7-consensus-26of30-n1,not-applicable,,not-applicable,,,
k1::pv-diag-384::flash-high-text-n5-text-t0.7-consensus-n10-9of10,pv-diag-384::flash-high-text-n5-text-t0.7-consensus-n10-9of10,pv-diag-384,flash-high-text-n5-text-t0.7,1,4-map-gs|curator|20m|era-2-487,4-map-gs,curator,20,era-2-487,consensus,consensus,10,9,,false,ready,,outputs/h11/pv-diag-384/flash-high-text-n5/text-t0.7/run_1/detections_text-t0.7_run01.geojson,inputs/vectors/references/mounds-reference.geojson,inputs/vectors/bounds/384/full_evaluation_bounds.geojson,evaluate_detections,results/uplift-supplement/k1-gapfill/pv-diag-384__flash-high-text-n5-text-t0_7-consensus-n10-9of10,python scripts/evaluate_detections.py --detections outputs/h11/pv-diag-384/flash-high-text-n5/text-t0.7/run_1/detections_text-t0.7_run01.geojson --ground-truth inputs/vectors/references/mounds-reference.geojson --bounds inputs/vectors/bounds/384/full_evaluation_bounds.geojson --buffers 5 10 15 20 25 30 35 40 45 50 75 100 125 150 --bootstrap 10000 --seed 42 --mcc --output-dir results/uplift-supplement/k1-gapfill/pv-diag-384__flash-high-text-n5-text-t0_7-consensus-n10-9of10 --label pv-diag-384__flash-high-text-n5-text-t0_7-consensus-n10-9of10-n1,not-applicable,,not-applicable,,,
k1::pv-diag-384::flash-high-text-n5-text-t0.7-consensus-n5-5of5,pv-diag-384::flash-high-text-n5-text-t0.7-consensus-n5-5of5,pv-diag-384,flash-high-text-n5-text-t0.7,1,4-map-gs|curator|20m|era-2-487,4-map-gs,curator,20,era-2-487,consensus,consensus,5,5,,false,ready,,outputs/h11/pv-diag-384/flash-high-text-n5/text-t0.7/run_1/detections_text-t0.7_run01.geojson,inputs/vectors/references/mounds-reference.geojson,inputs/vectors/bounds/384/full_evaluation_bounds.geojson,evaluate_detections,results/uplift-supplement/k1-gapfill/pv-diag-384__flash-high-text-n5-text-t0_7-consensus-n5-5of5,python scripts/evaluate_detections.py --detections outputs/h11/pv-diag-384/flash-high-text-n5/text-t0.7/run_1/detections_text-t0.7_run01.geojson --ground-truth inputs/vectors/references/mounds-reference.geojson --bounds inputs/vectors/bounds/384/full_evaluation_bounds.geojson --buffers 5 10 15 20 25 30 35 40 45 50 75 100 125 150 --bootstrap 10000 --seed 42 --mcc --output-dir results/uplift-supplement/k1-gapfill/pv-diag-384__flash-high-text-n5-text-t0_7-consensus-n5-5of5 --label pv-diag-384__flash-high-text-n5-text-t0_7-consensus-n5-5of5-n1,not-applicable,,not-applicable,,,
k1::pv-diag-384::flash-high-text-n5-text-t1.0-consensus-9of10,pv-diag-384::flash-high-text-n5-text-t1.0-consensus-9of10,pv-diag-384,flash-high-text-n5-text-t1.0,1,4-map-gs|curator|20m|era-2-487,4-map-gs,curator,20,era-2-487,consensus,consensus,10,9,,false,ready,,outputs/h11/pv-diag-384/flash-high-text-n5/text-t1.0/run_1/detections-detect_brief-text-3-flash-2026-04-17.geojson,inputs/vectors/references/mounds-reference.geojson,inputs/vectors/bounds/384/full_evaluation_bounds.geojson,evaluate_detections,results/uplift-supplement/k1-gapfill/pv-diag-384__flash-high-text-n5-text-t1_0-consensus-9of10,python scripts/evaluate_detections.py --detections outputs/h11/pv-diag-384/flash-high-text-n5/text-t1.0/run_1/detections-detect_brief-text-3-flash-2026-04-17.geojson --ground-truth inputs/vectors/references/mounds-reference.geojson --bounds inputs/vectors/bounds/384/full_evaluation_bounds.geojson --buffers 5 10 15 20 25 30 35 40 45 50 75 100 125 150 --bootstrap 10000 --seed 42 --mcc --output-dir results/uplift-supplement/k1-gapfill/pv-diag-384__flash-high-text-n5-text-t1_0-consensus-9of10 --label pv-diag-384__flash-high-text-n5-text-t1_0-consensus-9of10-n1,not-applicable,,not-applicable,,,
k1::pv-diag-384::flash-high-text-n5-text-t1.0-consensus-n5-5of5,pv-diag-384::flash-high-text-n5-text-t1.0-consensus-n5-5of5,pv-diag-384,flash-high-text-n5-text-t1.0,1,4-map-gs|curator|20m|era-2-487,4-map-gs,curator,20,era-2-487,consensus,consensus,5,5,,false,ready,,outputs/h11/pv-diag-384/flash-high-text-n5/text-t1.0/run_1/detections-detect_brief-text-3-flash-2026-04-17.geojson,inputs/vectors/references/mounds-reference.geojson,inputs/vectors/bounds/384/full_evaluation_bounds.geojson,evaluate_detections,results/uplift-supplement/k1-gapfill/pv-diag-384__flash-high-text-n5-text-t1_0-consensus-n5-5of5,python scripts/evaluate_detections.py --detections outputs/h11/pv-diag-384/flash-high-text-n5/text-t1.0/run_1/detections-detect_brief-text-3-flash-2026-04-17.geojson --ground-truth inputs/vectors/references/mounds-reference.geojson --bounds inputs/vectors/bounds/384/full_evaluation_bounds.geojson --buffers 5 10 15 20 25 30 35 40 45 50 75 100 125 150 --bootstrap 10000 --seed 42 --mcc --output-dir results/uplift-supplement/k1-gapfill/pv-diag-384__flash-high-text-n5-text-t1_0-consensus-n5-5of5 --label pv-diag-384__flash-high-text-n5-text-t1_0-consensus-n5-5of5-n1,not-applicable,,not-applicable,,,
k1::pv-diag-384::flash-minimal-text-n30-t07-text-t0.0-consensus-3of3,pv-diag-384::flash-minimal-text-n30-t07-text-t0.0-consensus-3of3,pv-diag-384,flash-minimal-text-n30-t07-text-t0.0,1,4-map-gs|curator|20m|era-2-487,4-map-gs,curator,20,era-2-487,consensus,consensus,3,3,,false,ready,,outputs/h11/pv-diag-384/flash-minimal-text-n30-t07/text-t0.0/run_1/detections-detect_brief-text-3-flash-2026-04-17.geojson,inputs/vectors/references/mounds-reference.geojson,inputs/vectors/bounds/384/full_evaluation_bounds.geojson,evaluate_detections,results/uplift-supplement/k1-gapfill/pv-diag-384__flash-minimal-text-n30-t07-text-t0_0-consensus-3of3,python scripts/evaluate_detections.py --detections outputs/h11/pv-diag-384/flash-minimal-text-n30-t07/text-t0.0/run_1/detections-detect_brief-text-3-flash-2026-04-17.geojson --ground-truth inputs/vectors/references/mounds-reference.geojson --bounds inputs/vectors/bounds/384/full_evaluation_bounds.geojson --buffers 5 10 15 20 25 30 35 40 45 50 75 100 125 150 --bootstrap 10000 --seed 42 --mcc --output-dir results/uplift-supplement/k1-gapfill/pv-diag-384__flash-minimal-text-n30-t07-text-t0_0-consensus-3of3 --label pv-diag-384__flash-minimal-text-n30-t07-text-t0_0-consensus-3of3-n1,not-applicable,,not-applicable,,,
k1::pv-diag-384::flash-minimal-text-n30-t07-text-t0.3-consensus-10of10,pv-diag-384::flash-minimal-text-n30-t07-text-t0.3-consensus-10of10,pv-diag-384,flash-minimal-text-n30-t07-text-t0.3,1,4-map-gs|curator|20m|era-2-487,4-map-gs,curator,20,era-2-487,consensus,consensus,10,10,,false,ready,,outputs/h11/pv-diag-384/flash-minimal-text-n30-t07/text-t0.3/run_1/detections-detect_brief-text-3-flash-2026-04-17.geojson,inputs/vectors/references/mounds-reference.geojson,inputs/vectors/bounds/384/full_evaluation_bounds.geojson,evaluate_detections,results/uplift-supplement/k1-gapfill/pv-diag-384__flash-minimal-text-n30-t07-text-t0_3-consensus-10of10,python scripts/evaluate_detections.py --detections outputs/h11/pv-diag-384/flash-minimal-text-n30-t07/text-t0.3/run_1/detections-detect_brief-text-3-flash-2026-04-17.geojson --ground-truth inputs/vectors/references/mounds-reference.geojson --bounds inputs/vectors/bounds/384/full_evaluation_bounds.geojson --buffers 5 10 15 20 25 30 35 40 45 50 75 100 125 150 --bootstrap 10000 --seed 42 --mcc --output-dir results/uplift-supplement/k1-gapfill/pv-diag-384__flash-minimal-text-n30-t07-text-t0_3-consensus-10of10 --label pv-diag-384__flash-minimal-text-n30-t07-text-t0_3-consensus-10of10-n1,not-applicable,,not-applicable,,,
k1::pv-diag-384::flash-minimal-text-n30-t07-text-t0.3-consensus-n5-5of5,pv-diag-384::flash-minimal-text-n30-t07-text-t0.3-consensus-n5-5of5,pv-diag-384,flash-minimal-text-n30-t07-text-t0.3,1,4-map-gs|curator|20m|era-2-487,4-map-gs,curator,20,era-2-487,consensus,consensus,5,5,,false,ready,,outputs/h11/pv-diag-384/flash-minimal-text-n30-t07/text-t0.3/run_1/detections-detect_brief-text-3-flash-2026-04-17.geojson,inputs/vectors/references/mounds-reference.geojson,inputs/vectors/bounds/384/full_evaluation_bounds.geojson,evaluate_detections,results/uplift-supplement/k1-gapfill/pv-diag-384__flash-minimal-text-n30-t07-text-t0_3-consensus-n5-5of5,python scripts/evaluate_detections.py --detections outputs/h11/pv-diag-384/flash-minimal-text-n30-t07/text-t0.3/run_1/detections-detect_brief-text-3-flash-2026-04-17.geojson --ground-truth inputs/vectors/references/mounds-reference.geojson --bounds inputs/vectors/bounds/384/full_evaluation_bounds.geojson --buffers 5 10 15 20 25 30 35 40 45 50 75 100 125 150 --bootstrap 10000 --seed 42 --mcc --output-dir results/uplift-supplement/k1-gapfill/pv-diag-384__flash-minimal-text-n30-t07-text-t0_3-consensus-n5-5of5 --label pv-diag-384__flash-minimal-text-n30-t07-text-t0_3-consensus-n5-5of5-n1,not-applicable,,not-applicable,,,
k1::pv-diag-384::flash-minimal-text-n30-t07-text-t0.7-consensus-29of30,pv-diag-384::flash-minimal-text-n30-t07-text-t0.7-consensus-29of30,pv-diag-384,flash-minimal-text-n30-t07-text-t0.7,1,4-map-gs|curator|20m|era-2-487,4-map-gs,curator,20,era-2-487,consensus,consensus,30,29,,false,ready,,outputs/h11/pv-diag-384/flash-minimal-text-n30-t07/text-t0.7/run_1/detections_text-t0.7_run01.geojson,inputs/vectors/references/mounds-reference.geojson,inputs/vectors/bounds/384/full_evaluation_bounds.geojson,evaluate_detections,results/uplift-supplement/k1-gapfill/pv-diag-384__flash-minimal-text-n30-t07-text-t0_7-consensus-29of30,python scripts/evaluate_detections.py --detections outputs/h11/pv-diag-384/flash-minimal-text-n30-t07/text-t0.7/run_1/detections_text-t0.7_run01.geojson --ground-truth inputs/vectors/references/mounds-reference.geojson --bounds inputs/vectors/bounds/384/full_evaluation_bounds.geojson --buffers 5 10 15 20 25 30 35 40 45 50 75 100 125 150 --bootstrap 10000 --seed 42 --mcc --output-dir results/uplift-supplement/k1-gapfill/pv-diag-384__flash-minimal-text-n30-t07-text-t0_7-consensus-29of30 --label pv-diag-384__flash-minimal-text-n30-t07-text-t0_7-consensus-29of30-n1,not-applicable,,not-applicable,,,
k1::pv-diag-384::flash-minimal-text-n30-t07-text-t0.7-consensus-n10-10of10,pv-diag-384::flash-minimal-text-n30-t07-text-t0.7-consensus-n10-10of10,pv-diag-384,flash-minimal-text-n30-t07-text-t0.7,1,4-map-gs|curator|20m|era-2-487,4-map-gs,curator,20,era-2-487,consensus,consensus,10,10,,false,ready,,outputs/h11/pv-diag-384/flash-minimal-text-n30-t07/text-t0.7/run_1/detections_text-t0.7_run01.geojson,inputs/vectors/references/mounds-reference.geojson,inputs/vectors/bounds/384/full_evaluation_bounds.geojson,evaluate_detections,results/uplift-supplement/k1-gapfill/pv-diag-384__flash-minimal-text-n30-t07-text-t0_7-consensus-n10-10of10,python scripts/evaluate_detections.py --detections outputs/h11/pv-diag-384/flash-minimal-text-n30-t07/text-t0.7/run_1/detections_text-t0.7_run01.geojson --ground-truth inputs/vectors/references/mounds-reference.geojson --bounds inputs/vectors/bounds/384/full_evaluation_bounds.geojson --buffers 5 10 15 20 25 30 35 40 45 50 75 100 125 150 --bootstrap 10000 --seed 42 --mcc --output-dir results/uplift-supplement/k1-gapfill/pv-diag-384__flash-minimal-text-n30-t07-text-t0_7-consensus-n10-10of10 --label pv-diag-384__flash-minimal-text-n30-t07-text-t0_7-consensus-n10-10of10-n1,not-applicable,,not-applicable,,,
k1::pv-diag-384::flash-minimal-text-n30-t07-text-t0.7-consensus-n5-5of5,pv-diag-384::flash-minimal-text-n30-t07-text-t0.7-consensus-n5-5of5,pv-diag-384,flash-minimal-text-n30-t07-text-t0.7,1,4-map-gs|curator|20m|era-2-487,4-map-gs,curator,20,era-2-487,consensus,consensus,5,5,,false,ready,,outputs/h11/pv-diag-384/flash-minimal-text-n30-t07/text-t0.7/run_1/detections_text-t0.7_run01.geojson,inputs/vectors/references/mounds-reference.geojson,inputs/vectors/bounds/384/full_evaluation_bounds.geojson,evaluate_detections,results/uplift-supplement/k1-gapfill/pv-diag-384__flash-minimal-text-n30-t07-text-t0_7-consensus-n5-5of5,python scripts/evaluate_detections.py --detections outputs/h11/pv-diag-384/flash-minimal-text-n30-t07/text-t0.7/run_1/detections_text-t0.7_run01.geojson --ground-truth inputs/vectors/references/mounds-reference.geojson --bounds inputs/vectors/bounds/384/full_evaluation_bounds.geojson --buffers 5 10 15 20 25 30 35 40 45 50 75 100 125 150 --bootstrap 10000 --seed 42 --mcc --output-dir results/uplift-supplement/k1-gapfill/pv-diag-384__flash-minimal-text-n30-t07-text-t0_7-consensus-n5-5of5 --label pv-diag-384__flash-minimal-text-n30-t07-text-t0_7-consensus-n5-5of5-n1,not-applicable,,not-applicable,,,
k1::pv-diag-384::flash-minimal-text-n30-t07-text-t1.0-consensus-9of10,pv-diag-384::flash-minimal-text-n30-t07-text-t1.0-consensus-9of10,pv-diag-384,flash-minimal-text-n30-t07-text-t1.0,1,4-map-gs|curator|20m|era-2-487,4-map-gs,curator,20,era-2-487,consensus,consensus,10,9,,false,ready,,outputs/h11/pv-diag-384/flash-minimal-text-n30-t07/text-t1.0/run_1/detections-detect_brief-text-3-flash-2026-04-17.geojson,inputs/vectors/references/mounds-reference.geojson,inputs/vectors/bounds/384/full_evaluation_bounds.geojson,evaluate_detections,results/uplift-supplement/k1-gapfill/pv-diag-384__flash-minimal-text-n30-t07-text-t1_0-consensus-9of10,python scripts/evaluate_detections.py --detections outputs/h11/pv-diag-384/flash-minimal-text-n30-t07/text-t1.0/run_1/detections-detect_brief-text-3-flash-2026-04-17.geojson --ground-truth inputs/vectors/references/mounds-reference.geojson --bounds inputs/vectors/bounds/384/full_evaluation_bounds.geojson --buffers 5 10 15 20 25 30 35 40 45 50 75 100 125 150 --bootstrap 10000 --seed 42 --mcc --output-dir results/uplift-supplement/k1-gapfill/pv-diag-384__flash-minimal-text-n30-t07-text-t1_0-consensus-9of10 --label pv-diag-384__flash-minimal-text-n30-t07-text-t1_0-consensus-9of10-n1,not-applicable,,not-applicable,,,
k1::pv-diag-384::flash-minimal-text-n30-t07-text-t1.0-consensus-n5-5of5,pv-diag-384::flash-minimal-text-n30-t07-text-t1.0-consensus-n5-5of5,pv-diag-384,flash-minimal-text-n30-t07-text-t1.0,1,4-map-gs|curator|20m|era-2-487,4-map-gs,curator,20,era-2-487,consensus,consensus,5,5,,false,ready,,outputs/h11/pv-diag-384/flash-minimal-text-n30-t07/text-t1.0/run_1/detections-detect_brief-text-3-flash-2026-04-17.geojson,inputs/vectors/references/mounds-reference.geojson,inputs/vectors/bounds/384/full_evaluation_bounds.geojson,evaluate_detections,results/uplift-supplement/k1-gapfill/pv-diag-384__flash-minimal-text-n30-t07-text-t1_0-consensus-n5-5of5,python scripts/evaluate_detections.py --detections outputs/h11/pv-diag-384/flash-minimal-text-n30-t07/text-t1.0/run_1/detections-detect_brief-text-3-flash-2026-04-17.geojson --ground-truth inputs/vectors/references/mounds-reference.geojson --bounds inputs/vectors/bounds/384/full_evaluation_bounds.geojson --buffers 5 10 15 20 25 30 35 40 45 50 75 100 125 150 --bootstrap 10000 --seed 42 --mcc --output-dir results/uplift-supplement/k1-gapfill/pv-diag-384__flash-minimal-text-n30-t07-text-t1_0-consensus-n5-5of5 --label pv-diag-384__flash-minimal-text-n30-t07-text-t1_0-consensus-n5-5of5-n1,not-applicable,,not-applicable,,,
k1::pv-diag-384::image-n5-image-t0.3-consensus-10of10,pv-diag-384::image-n5-image-t0.3-consensus-10of10,pv-diag-384,image-n5-image-t0.3,1,4-map-gs|curator|20m|era-2-487,4-map-gs,curator,20,era-2-487,consensus,consensus,10,10,,false,ready,,outputs/h11/pv-diag-384/image-n5/image-t0.3/run_1/detections-library_plus-hp-3-flash-2026-04-16.geojson,inputs/vectors/references/mounds-reference.geojson,inputs/vectors/bounds/384/full_evaluation_bounds.geojson,evaluate_detections,results/uplift-supplement/k1-gapfill/pv-diag-384__image-n5-image-t0_3-consensus-10of10,python scripts/evaluate_detections.py --detections outputs/h11/pv-diag-384/image-n5/image-t0.3/run_1/detections-library_plus-hp-3-flash-2026-04-16.geojson --ground-truth inputs/vectors/references/mounds-reference.geojson --bounds inputs/vectors/bounds/384/full_evaluation_bounds.geojson --buffers 5 10 15 20 25 30 35 40 45 50 75 100 125 150 --bootstrap 10000 --seed 42 --mcc --output-dir results/uplift-supplement/k1-gapfill/pv-diag-384__image-n5-image-t0_3-consensus-10of10 --label pv-diag-384__image-n5-image-t0_3-consensus-10of10-n1,not-applicable,,not-applicable,,,
k1::pv-diag-384::image-n5-image-t0.3-consensus-n5-5of5,pv-diag-384::image-n5-image-t0.3-consensus-n5-5of5,pv-diag-384,image-n5-image-t0.3,1,4-map-gs|curator|20m|era-2-487,4-map-gs,curator,20,era-2-487,consensus,consensus,5,5,,false,ready,,outputs/h11/pv-diag-384/image-n5/image-t0.3/run_1/detections-library_plus-hp-3-flash-2026-04-16.geojson,inputs/vectors/references/mounds-reference.geojson,inputs/vectors/bounds/384/full_evaluation_bounds.geojson,evaluate_detections,results/uplift-supplement/k1-gapfill/pv-diag-384__image-n5-image-t0_3-consensus-n5-5of5,python scripts/evaluate_detections.py --detections outputs/h11/pv-diag-384/image-n5/image-t0.3/run_1/detections-library_plus-hp-3-flash-2026-04-16.geojson --ground-truth inputs/vectors/references/mounds-reference.geojson --bounds inputs/vectors/bounds/384/full_evaluation_bounds.geojson --buffers 5 10 15 20 25 30 35 40 45 50 75 100 125 150 --bootstrap 10000 --seed 42 --mcc --output-dir results/uplift-supplement/k1-gapfill/pv-diag-384__image-n5-image-t0_3-consensus-n5-5of5 --label pv-diag-384__image-n5-image-t0_3-consensus-n5-5of5-n1,not-applicable,,not-applicable,,,
k1::pv-diag-384::image-n5-image-t0.7-consensus-8of10,pv-diag-384::image-n5-image-t0.7-consensus-8of10,pv-diag-384,image-n5-image-t0.7,1,4-map-gs|curator|20m|era-2-487,4-map-gs,curator,20,era-2-487,consensus,consensus,10,8,,false,ready,,outputs/h11/pv-diag-384/image-n5/image-t0.7/run_1/detections_image-t0.7_run01.geojson,inputs/vectors/references/mounds-reference.geojson,inputs/vectors/bounds/384/full_evaluation_bounds.geojson,evaluate_detections,results/uplift-supplement/k1-gapfill/pv-diag-384__image-n5-image-t0_7-consensus-8of10,python scripts/evaluate_detections.py --detections outputs/h11/pv-diag-384/image-n5/image-t0.7/run_1/detections_image-t0.7_run01.geojson --ground-truth inputs/vectors/references/mounds-reference.geojson --bounds inputs/vectors/bounds/384/full_evaluation_bounds.geojson --buffers 5 10 15 20 25 30 35 40 45 50 75 100 125 150 --bootstrap 10000 --seed 42 --mcc --output-dir results/uplift-supplement/k1-gapfill/pv-diag-384__image-n5-image-t0_7-consensus-8of10 --label pv-diag-384__image-n5-image-t0_7-consensus-8of10-n1,not-applicable,,not-applicable,,,
k1::pv-diag-384::image-n5-image-t0.7-consensus-n5-4of5,pv-diag-384::image-n5-image-t0.7-consensus-n5-4of5,pv-diag-384,image-n5-image-t0.7,1,4-map-gs|curator|20m|era-2-487,4-map-gs,curator,20,era-2-487,consensus,consensus,5,4,,false,ready,,outputs/h11/pv-diag-384/image-n5/image-t0.7/run_1/detections_image-t0.7_run01.geojson,inputs/vectors/references/mounds-reference.geojson,inputs/vectors/bounds/384/full_evaluation_bounds.geojson,evaluate_detections,results/uplift-supplement/k1-gapfill/pv-diag-384__image-n5-image-t0_7-consensus-n5-4of5,python scripts/evaluate_detections.py --detections outputs/h11/pv-diag-384/image-n5/image-t0.7/run_1/detections_image-t0.7_run01.geojson --ground-truth inputs/vectors/references/mounds-reference.geojson --bounds inputs/vectors/bounds/384/full_evaluation_bounds.geojson --buffers 5 10 15 20 25 30 35 40 45 50 75 100 125 150 --bootstrap 10000 --seed 42 --mcc --output-dir results/uplift-supplement/k1-gapfill/pv-diag-384__image-n5-image-t0_7-consensus-n5-4of5 --label pv-diag-384__image-n5-image-t0_7-consensus-n5-4of5-n1,not-applicable,,not-applicable,,,
k1::pv-diag-384::image-n5-image-t1.0-consensus-8of10,pv-diag-384::image-n5-image-t1.0-consensus-8of10,pv-diag-384,image-n5-image-t1.0,1,4-map-gs|curator|20m|era-2-487,4-map-gs,curator,20,era-2-487,consensus,consensus,10,8,,false,ready,,outputs/h11/pv-diag-384/image-n5/image-t1.0/run_1/detections-library_plus-hp-3-flash-2026-04-16.geojson,inputs/vectors/references/mounds-reference.geojson,inputs/vectors/bounds/384/full_evaluation_bounds.geojson,evaluate_detections,results/uplift-supplement/k1-gapfill/pv-diag-384__image-n5-image-t1_0-consensus-8of10,python scripts/evaluate_detections.py --detections outputs/h11/pv-diag-384/image-n5/image-t1.0/run_1/detections-library_plus-hp-3-flash-2026-04-16.geojson --ground-truth inputs/vectors/references/mounds-reference.geojson --bounds inputs/vectors/bounds/384/full_evaluation_bounds.geojson --buffers 5 10 15 20 25 30 35 40 45 50 75 100 125 150 --bootstrap 10000 --seed 42 --mcc --output-dir results/uplift-supplement/k1-gapfill/pv-diag-384__image-n5-image-t1_0-consensus-8of10 --label pv-diag-384__image-n5-image-t1_0-consensus-8of10-n1,not-applicable,,not-applicable,,,
k1::pv-diag-384::image-n5-image-t1.0-consensus-n5-4of5,pv-diag-384::image-n5-image-t1.0-consensus-n5-4of5,pv-diag-384,image-n5-image-t1.0,1,4-map-gs|curator|20m|era-2-487,4-map-gs,curator,20,era-2-487,consensus,consensus,5,4,,false,ready,,outputs/h11/pv-diag-384/image-n5/image-t1.0/run_1/detections-library_plus-hp-3-flash-2026-04-16.geojson,inputs/vectors/references/mounds-reference.geojson,inputs/vectors/bounds/384/full_evaluation_bounds.geojson,evaluate_detections,results/uplift-supplement/k1-gapfill/pv-diag-384__image-n5-image-t1_0-consensus-n5-4of5,python scripts/evaluate_detections.py --detections outputs/h11/pv-diag-384/image-n5/image-t1.0/run_1/detections-library_plus-hp-3-flash-2026-04-16.geojson --ground-truth inputs/vectors/references/mounds-reference.geojson --bounds inputs/vectors/bounds/384/full_evaluation_bounds.geojson --buffers 5 10 15 20 25 30 35 40 45 50 75 100 125 150 --bootstrap 10000 --seed 42 --mcc --output-dir results/uplift-supplement/k1-gapfill/pv-diag-384__image-n5-image-t1_0-consensus-n5-4of5 --label pv-diag-384__image-n5-image-t1_0-consensus-n5-4of5-n1,not-applicable,,not-applicable,,,
k1::pv-diag-384::verified-adv-text-4of5,pv-diag-384::verified-adv-text-4of5,pv-diag-384,flash-high-text-1of5,1,4-map-gs|curator|20m|era-2-487,4-map-gs,curator,20,era-2-487,proposer-verifier,verified,5,4,0.15,true,blocked,no committed per-pass detection file could be resolved for pool 'flash-high-text-1of5' of run 'pv-diag-384' under any conventional layout,,inputs/vectors/references/mounds-reference.geojson,inputs/vectors/bounds/384/full_evaluation_bounds.geojson,evaluate_detections,,,blocked,"unmeasurable (ambiguous-lineage): this cell's verifier stage could not be matched to a candidate manifest, so the vote shell its verifier actually saw is unknown. A run-wide minimum is NOT substituted — it would describe a different verifier stage. DISCLOSED, not approximated.",ambiguous-lineage,,,
k1::pv-diag-384::verified-adv-text-6of10,pv-diag-384::verified-adv-text-6of10,pv-diag-384,flash-high-text-1of10,1,4-map-gs|curator|20m|era-2-487,4-map-gs,curator,20,era-2-487,proposer-verifier,verified,10,6,0.2,true,blocked,no committed per-pass detection file could be resolved for pool 'flash-high-text-1of10' of run 'pv-diag-384' under any conventional layout,,inputs/vectors/references/mounds-reference.geojson,inputs/vectors/bounds/384/full_evaluation_bounds.geojson,evaluate_detections,,,blocked,"this cell's own verifier stage processed candidates down to vote_count >= 6 only, so singletons were never verified and no K = 1 WITH-verifier cell can be derived. Measured from outputs/h11/pv-diag-384/verified/flash-high-text-6of10/candidate_manifest.json (matched-lineage). DISCLOSED, not approximated.",matched-lineage,6,outputs/h11/pv-diag-384/verified/flash-high-text-6of10/candidate_manifest.json,
k1::pv-diag-384::verified-adv-text-high-vf-4of5,pv-diag-384::verified-adv-text-high-vf-4of5,pv-diag-384,flash-high-text-1of5,1,4-map-gs|curator|20m|era-2-487,4-map-gs,curator,20,era-2-487,proposer-verifier,verified,5,4,0.5,true,blocked,no committed per-pass detection file could be resolved for pool 'flash-high-text-1of5' of run 'pv-diag-384' under any conventional layout,,inputs/vectors/references/mounds-reference.geojson,inputs/vectors/bounds/384/full_evaluation_bounds.geojson,evaluate_detections,,,blocked,"unmeasurable (ambiguous-lineage): this cell's verifier stage could not be matched to a candidate manifest, so the vote shell its verifier actually saw is unknown. A run-wide minimum is NOT substituted — it would describe a different verifier stage. DISCLOSED, not approximated.",ambiguous-lineage,,,
k1::pv-diag-384::verified-adv-text-medium-vf-4of5,pv-diag-384::verified-adv-text-medium-vf-4of5,pv-diag-384,flash-high-text-1of5,1,4-map-gs|curator|20m|era-2-487,4-map-gs,curator,20,era-2-487,proposer-verifier,verified,5,4,0.25,true,blocked,no committed per-pass detection file could be resolved for pool 'flash-high-text-1of5' of run 'pv-diag-384' under any conventional layout,,inputs/vectors/references/mounds-reference.geojson,inputs/vectors/bounds/384/full_evaluation_bounds.geojson,evaluate_detections,,,blocked,"unmeasurable (ambiguous-lineage): this cell's verifier stage could not be matched to a candidate manifest, so the vote shell its verifier actually saw is unknown. A run-wide minimum is NOT substituted — it would describe a different verifier stage. DISCLOSED, not approximated.",ambiguous-lineage,,,
k1::pv-diag-384::verified-adv-pro-text-flash-vf-3of5,pv-diag-384::verified-adv-pro-text-flash-vf-3of5,pv-diag-384,pro-high-text-1of5,1,4-map-gs|curator|20m|era-2-487,4-map-gs,curator,20,era-2-487,proposer-verifier,verified,5,3,0.15,true,blocked,no committed per-pass detection file could be resolved for pool 'pro-high-text-1of5' of run 'pv-diag-384' under any conventional layout,,inputs/vectors/references/mounds-reference.geojson,inputs/vectors/bounds/384/full_evaluation_bounds.geojson,evaluate_detections,,,blocked,"unmeasurable (ambiguous-lineage): this cell's verifier stage could not be matched to a candidate manifest, so the vote shell its verifier actually saw is unknown. A run-wide minimum is NOT substituted — it would describe a different verifier stage. DISCLOSED, not approximated.",ambiguous-lineage,,,
k1::pv-diag-384::verified-adv-pro-text-pro-vf-3of5,pv-diag-384::verified-adv-pro-text-pro-vf-3of5,pv-diag-384,pro-high-text-1of5,1,4-map-gs|curator|20m|era-2-487,4-map-gs,curator,20,era-2-487,proposer-verifier,verified,5,3,0.15,true,blocked,no committed per-pass detection file could be resolved for pool 'pro-high-text-1of5' of run 'pv-diag-384' under any conventional layout,,inputs/vectors/references/mounds-reference.geojson,inputs/vectors/bounds/384/full_evaluation_bounds.geojson,evaluate_detections,,,blocked,"unmeasurable (ambiguous-lineage): this cell's verifier stage could not be matched to a candidate manifest, so the vote shell its verifier actually saw is unknown. A run-wide minimum is NOT substituted — it would describe a different verifier stage. DISCLOSED, not approximated.",ambiguous-lineage,,,
k1::pv-diag-384::verified-adv-text-min-true-3of5,pv-diag-384::verified-adv-text-min-true-3of5,pv-diag-384,text-min-t07-true-1of5,1,4-map-gs|curator|20m|era-2-487,4-map-gs,curator,20,era-2-487,proposer-verifier,verified,5,3,0.15,true,blocked,no committed per-pass detection file could be resolved for pool 'text-min-t07-true-1of5' of run 'pv-diag-384' under any conventional layout,,inputs/vectors/references/mounds-reference.geojson,inputs/vectors/bounds/384/full_evaluation_bounds.geojson,evaluate_detections,,,blocked,"this cell's own verifier stage processed candidates down to vote_count >= 3 only, so singletons were never verified and no K = 1 WITH-verifier cell can be derived. Measured from outputs/h11/pv-diag-384/crops/text-3of5/candidate_manifest.json (matched-lineage). DISCLOSED, not approximated.",matched-lineage,3,outputs/h11/pv-diag-384/crops/text-3of5/candidate_manifest.json,
k1::pv-diag-384::verified-adv-text-min-n30lineage-4of5,pv-diag-384::verified-adv-text-min-n30lineage-4of5,pv-diag-384,flash-minimal-text-t07-1of5,1,4-map-gs|curator|20m|era-2-487,4-map-gs,curator,20,era-2-487,proposer-verifier,verified,5,4,0.15,true,blocked,no committed per-pass detection file could be resolved for pool 'flash-minimal-text-t07-1of5' of run 'pv-diag-384' under any conventional layout,,inputs/vectors/references/mounds-reference.geojson,inputs/vectors/bounds/384/full_evaluation_bounds.geojson,evaluate_detections,,,blocked,"this cell's own verifier stage processed candidates down to vote_count >= 4 only, so singletons were never verified and no K = 1 WITH-verifier cell can be derived. Measured from outputs/h11/pv-diag-384/verified/flash-minimal-text-t07-4of5/candidate_manifest.json (matched-lineage). DISCLOSED, not approximated.",matched-lineage,4,outputs/h11/pv-diag-384/verified/flash-minimal-text-t07-4of5/candidate_manifest.json,
k1::pv-diag-384::verified-adv-text-min-6of10,pv-diag-384::verified-adv-text-min-6of10,pv-diag-384,text-1of10,1,4-map-gs|curator|20m|era-2-487,4-map-gs,curator,20,era-2-487,proposer-verifier,verified,10,6,0.2,true,blocked,no committed per-pass detection file could be resolved for pool 'text-1of10' of run 'pv-diag-384' under any conventional layout,,inputs/vectors/references/mounds-reference.geojson,inputs/vectors/bounds/384/full_evaluation_bounds.geojson,evaluate_detections,,,blocked,"this cell's own verifier stage processed candidates down to vote_count >= 6 only, so singletons were never verified and no K = 1 WITH-verifier cell can be derived. Measured from outputs/h11/pv-diag-384/crops/text-6of10/candidate_manifest.json (matched-lineage). DISCLOSED, not approximated.",matched-lineage,6,outputs/h11/pv-diag-384/crops/text-6of10/candidate_manifest.json,
k1::pv-diag-384::verified-adv-text-t03-4of5,pv-diag-384::verified-adv-text-t03-4of5,pv-diag-384,flash-high-text-t03-1of5,1,4-map-gs|curator|20m|era-2-487,4-map-gs,curator,20,era-2-487,proposer-verifier,verified,5,4,0.2,true,blocked,no committed per-pass detection file could be resolved for pool 'flash-high-text-t03-1of5' of run 'pv-diag-384' under any conventional layout,,inputs/vectors/references/mounds-reference.geojson,inputs/vectors/bounds/384/full_evaluation_bounds.geojson,evaluate_detections,,,blocked,"this cell's own verifier stage processed candidates down to vote_count >= 4 only, so singletons were never verified and no K = 1 WITH-verifier cell can be derived. Measured from outputs/h11/pv-diag-384/crops/text-4of5/candidate_manifest.json (matched-lineage). DISCLOSED, not approximated.",matched-lineage,4,outputs/h11/pv-diag-384/crops/text-4of5/candidate_manifest.json,
k1::pv-diag-384::verified-adv-image-3of5,pv-diag-384::verified-adv-image-3of5,pv-diag-384,flash-high-image-1of5,1,4-map-gs|curator|20m|era-2-487,4-map-gs,curator,20,era-2-487,proposer-verifier,verified,5,3,0.15,true,blocked,no committed per-pass detection file could be resolved for pool 'flash-high-image-1of5' of run 'pv-diag-384' under any conventional layout,,inputs/vectors/references/mounds-reference.geojson,inputs/vectors/bounds/384/full_evaluation_bounds.geojson,evaluate_detections,,,blocked,"this cell's own verifier stage processed candidates down to vote_count >= 3 only, so singletons were never verified and no K = 1 WITH-verifier cell can be derived. Measured from outputs/h11/pv-diag-384/verified/flash-high-image-3of5/candidate_manifest.json (matched-lineage). DISCLOSED, not approximated.",matched-lineage,3,outputs/h11/pv-diag-384/verified/flash-high-image-3of5/candidate_manifest.json,
k1::pv-diag-384::verified-adv-text-pro-vf-4of5,pv-diag-384::verified-adv-text-pro-vf-4of5,pv-diag-384,flash-high-text-1of5,1,4-map-gs|curator|20m|era-2-487,4-map-gs,curator,20,era-2-487,proposer-verifier,verified,5,4,0.25,true,blocked,no committed per-pass detection file could be resolved for pool 'flash-high-text-1of5' of run 'pv-diag-384' under any conventional layout,,inputs/vectors/references/mounds-reference.geojson,inputs/vectors/bounds/384/full_evaluation_bounds.geojson,evaluate_detections,,,blocked,"unmeasurable (ambiguous-lineage): this cell's verifier stage could not be matched to a candidate manifest, so the vote shell its verifier actually saw is unknown. A run-wide minimum is NOT substituted — it would describe a different verifier stage. DISCLOSED, not approximated.",ambiguous-lineage,,,
k1::pv-diag-384::verified-adv-image-min-3of5,pv-diag-384::verified-adv-image-min-3of5,pv-diag-384,image-1of5,1,4-map-gs|curator|20m|era-2-487,4-map-gs,curator,20,era-2-487,proposer-verifier,verified,5,3,0.15,true,blocked,no committed per-pass detection file could be resolved for pool 'image-1of5' of run 'pv-diag-384' under any conventional layout,,inputs/vectors/references/mounds-reference.geojson,inputs/vectors/bounds/384/full_evaluation_bounds.geojson,evaluate_detections,,,blocked,"this cell's own verifier stage processed candidates down to vote_count >= 3 only, so singletons were never verified and no K = 1 WITH-verifier cell can be derived. Measured from outputs/h11/pv-diag-384/crops/image-3of5/candidate_manifest.json (matched-lineage). DISCLOSED, not approximated.",matched-lineage,3,outputs/h11/pv-diag-384/crops/image-3of5/candidate_manifest.json,
k1::pv-diag-384::verified-adv-image-min-6of10,pv-diag-384::verified-adv-image-min-6of10,pv-diag-384,image-1of10,1,4-map-gs|curator|20m|era-2-487,4-map-gs,curator,20,era-2-487,proposer-verifier,verified,10,6,0.15,true,blocked,no committed per-pass detection file could be resolved for pool 'image-1of10' of run 'pv-diag-384' under any conventional layout,,inputs/vectors/references/mounds-reference.geojson,inputs/vectors/bounds/384/full_evaluation_bounds.geojson,evaluate_detections,,,blocked,"this cell's own verifier stage processed candidates down to vote_count >= 6 only, so singletons were never verified and no K = 1 WITH-verifier cell can be derived. Measured from outputs/h11/pv-diag-384/verified/image-6of10/candidate_manifest.json (matched-lineage). DISCLOSED, not approximated.",matched-lineage,6,outputs/h11/pv-diag-384/verified/image-6of10/candidate_manifest.json,
k1::pv-diag-384::verified-adv-pro-text-medium-vf-3of5,pv-diag-384::verified-adv-pro-text-medium-vf-3of5,pv-diag-384,pro-high-text-1of5,1,4-map-gs|curator|20m|era-2-487,4-map-gs,curator,20,era-2-487,proposer-verifier,verified,5,3,0.05,true,blocked,no committed per-pass detection file could be resolved for pool 'pro-high-text-1of5' of run 'pv-diag-384' under any conventional layout,,inputs/vectors/references/mounds-reference.geojson,inputs/vectors/bounds/384/full_evaluation_bounds.geojson,evaluate_detections,,,blocked,"unmeasurable (ambiguous-lineage): this cell's verifier stage could not be matched to a candidate manifest, so the vote shell its verifier actually saw is unknown. A run-wide minimum is NOT substituted — it would describe a different verifier stage. DISCLOSED, not approximated.",ambiguous-lineage,,,
k1::pv-diag-384::verified-adv-pro-image-pro-vf-3of5,pv-diag-384::verified-adv-pro-image-pro-vf-3of5,pv-diag-384,pro-high-image-1of5,1,4-map-gs|curator|20m|era-2-487,4-map-gs,curator,20,era-2-487,proposer-verifier,verified,5,3,0.05,true,blocked,no committed per-pass detection file could be resolved for pool 'pro-high-image-1of5' of run 'pv-diag-384' under any conventional layout,,inputs/vectors/references/mounds-reference.geojson,inputs/vectors/bounds/384/full_evaluation_bounds.geojson,evaluate_detections,,,blocked,"this cell's own verifier stage processed candidates down to vote_count >= 3 only, so singletons were never verified and no K = 1 WITH-verifier cell can be derived. Measured from outputs/h11/pv-diag-384/verified/pro-high-image-pro-vf-3of5/candidate_manifest.json (matched-lineage). DISCLOSED, not approximated.",matched-lineage,3,outputs/h11/pv-diag-384/verified/pro-high-image-pro-vf-3of5/candidate_manifest.json,
k1::h8-v2::verified-scale-4,h8-v2::verified-scale-4,h8-v2,scale-4,1,4-map-gs|curator|20m|era-3-327,4-map-gs,curator,20,era-3-327,proposer-verifier,verified,5,4,0.1,true,ready,,outputs/h8-v2/scale-4/run_1/detections-detect_h8_scale-4_v2-3-flash-2026-04-15.geojson,inputs/vectors/references/mounds-reference.geojson,inputs/vectors/bounds/384/h10_test_bounds.geojson,evaluate_detections,results/uplift-supplement/k1-gapfill/h8-v2__verified-scale-4,python scripts/evaluate_detections.py --detections outputs/h8-v2/scale-4/run_1/detections-detect_h8_scale-4_v2-3-flash-2026-04-15.geojson --ground-truth inputs/vectors/references/mounds-reference.geojson --bounds inputs/vectors/bounds/384/h10_test_bounds.geojson --buffers 5 10 15 20 25 30 35 40 45 50 75 100 125 150 --bootstrap 10000 --seed 42 --mcc --output-dir results/uplift-supplement/k1-gapfill/h8-v2__verified-scale-4 --label h8-v2__verified-scale-4-n1,derivable,"this cell's own verifier stage processed the full vote >= 1 union (measured from outputs/h8-v2/scale-4/crops/candidate_manifest.json, matched-fusion-family), so a K = 1 WITH-verifier cell is derivable from the committed probabilities without new API spend.",matched-fusion-family,1,outputs/h8-v2/scale-4/crops/candidate_manifest.json,
k1::h8-v2::verified-wbf-scale-4,h8-v2::verified-wbf-scale-4,h8-v2,scale-4,1,4-map-gs|curator|20m|era-3-327,4-map-gs,curator,20,era-3-327,proposer-verifier,verified,5,4,0.1,true,ready,,outputs/h8-v2/scale-4/run_1/detections-detect_h8_scale-4_v2-3-flash-2026-04-15.geojson,inputs/vectors/references/mounds-reference.geojson,inputs/vectors/bounds/384/h10_test_bounds.geojson,evaluate_detections,results/uplift-supplement/k1-gapfill/h8-v2__verified-wbf-scale-4,python scripts/evaluate_detections.py --detections outputs/h8-v2/scale-4/run_1/detections-detect_h8_scale-4_v2-3-flash-2026-04-15.geojson --ground-truth inputs/vectors/references/mounds-reference.geojson --bounds inputs/vectors/bounds/384/h10_test_bounds.geojson --buffers 5 10 15 20 25 30 35 40 45 50 75 100 125 150 --bootstrap 10000 --seed 42 --mcc --output-dir results/uplift-supplement/k1-gapfill/h8-v2__verified-wbf-scale-4 --label h8-v2__verified-wbf-scale-4-n1,derivable,"this cell's own verifier stage processed the full vote >= 1 union (measured from outputs/h8-v2/wbf/scale-4/crops/candidate_manifest.json, matched-lineage), so a K = 1 WITH-verifier cell is derivable from the committed probabilities without new API spend.",matched-lineage,1,outputs/h8-v2/wbf/scale-4/crops/candidate_manifest.json,
k1::h8-v2::verified-wbf-scale-8,h8-v2::verified-wbf-scale-8,h8-v2,scale-8,1,4-map-gs|curator|20m|era-3-327,4-map-gs,curator,20,era-3-327,proposer-verifier,verified,5,4,0.15,true,ready,,outputs/h8-v2/scale-8/run_1/detections-detect_h8_scale-8_v2-3-flash-2026-04-15.geojson,inputs/vectors/references/mounds-reference.geojson,inputs/vectors/bounds/384/h10_test_bounds.geojson,evaluate_detections,results/uplift-supplement/k1-gapfill/h8-v2__verified-wbf-scale-8,python scripts/evaluate_detections.py --detections outputs/h8-v2/scale-8/run_1/detections-detect_h8_scale-8_v2-3-flash-2026-04-15.geojson --ground-truth inputs/vectors/references/mounds-reference.geojson --bounds inputs/vectors/bounds/384/h10_test_bounds.geojson --buffers 5 10 15 20 25 30 35 40 45 50 75 100 125 150 --bootstrap 10000 --seed 42 --mcc --output-dir results/uplift-supplement/k1-gapfill/h8-v2__verified-wbf-scale-8 --label h8-v2__verified-wbf-scale-8-n1,derivable,"this cell's own verifier stage processed the full vote >= 1 union (measured from outputs/h8-v2/wbf/scale-8/crops/candidate_manifest.json, matched-lineage), so a K = 1 WITH-verifier cell is derivable from the committed probabilities without new API spend.",matched-lineage,1,outputs/h8-v2/wbf/scale-8/crops/candidate_manifest.json,
k1::retest-phase3a::image-t0.3-n5-4of5,retest-phase3a::image-t0.3-n5-4of5,retest-phase3a,track1-image-t0.3,1,4-map-gs|curator|20m|era-1-340,4-map-gs,curator,20,era-1-340,consensus,consensus,5,4,,false,ready,,outputs/retest/phase3a/track1-image/T0.3/run_1/detections_T0.3_run01.geojson,inputs/vectors/references/mounds-reference.geojson,inputs/vectors/bounds/full_evaluation_bounds.geojson,evaluate_detections,results/uplift-supplement/k1-gapfill/retest-phase3a__image-t0_3-n5-4of5,python scripts/evaluate_detections.py --detections outputs/retest/phase3a/track1-image/T0.3/run_1/detections_T0.3_run01.geojson --ground-truth inputs/vectors/references/mounds-reference.geojson --bounds inputs/vectors/bounds/full_evaluation_bounds.geojson --buffers 5 10 15 20 25 30 35 40 45 50 75 100 125 150 --bootstrap 10000 --seed 42 --mcc --output-dir results/uplift-supplement/k1-gapfill/retest-phase3a__image-t0_3-n5-4of5 --label retest-phase3a__image-t0_3-n5-4of5-n1,not-applicable,,not-applicable,,,
k1::retest-phase3a::image-t0.3-n10-8of10,retest-phase3a::image-t0.3-n10-8of10,retest-phase3a,track1-image-t0.3,1,4-map-gs|curator|20m|era-1-340,4-map-gs,curator,20,era-1-340,consensus,consensus,10,8,,false,ready,,outputs/retest/phase3a/track1-image/T0.3/run_1/detections_T0.3_run01.geojson,inputs/vectors/references/mounds-reference.geojson,inputs/vectors/bounds/full_evaluation_bounds.geojson,evaluate_detections,results/uplift-supplement/k1-gapfill/retest-phase3a__image-t0_3-n10-8of10,python scripts/evaluate_detections.py --detections outputs/retest/phase3a/track1-image/T0.3/run_1/detections_T0.3_run01.geojson --ground-truth inputs/vectors/references/mounds-reference.geojson --bounds inputs/vectors/bounds/full_evaluation_bounds.geojson --buffers 5 10 15 20 25 30 35 40 45 50 75 100 125 150 --bootstrap 10000 --seed 42 --mcc --output-dir results/uplift-supplement/k1-gapfill/retest-phase3a__image-t0_3-n10-8of10 --label retest-phase3a__image-t0_3-n10-8of10-n1,not-applicable,,not-applicable,,,
k1::retest-phase3a::image-t0.3-n30-22of30,retest-phase3a::image-t0.3-n30-22of30,retest-phase3a,track1-image-t0.3,1,4-map-gs|curator|20m|era-1-340,4-map-gs,curator,20,era-1-340,consensus,consensus,30,22,,false,ready,,outputs/retest/phase3a/track1-image/T0.3/run_1/detections_T0.3_run01.geojson,inputs/vectors/references/mounds-reference.geojson,inputs/vectors/bounds/full_evaluation_bounds.geojson,evaluate_detections,results/uplift-supplement/k1-gapfill/retest-phase3a__image-t0_3-n30-22of30,python scripts/evaluate_detections.py --detections outputs/retest/phase3a/track1-image/T0.3/run_1/detections_T0.3_run01.geojson --ground-truth inputs/vectors/references/mounds-reference.geojson --bounds inputs/vectors/bounds/full_evaluation_bounds.geojson --buffers 5 10 15 20 25 30 35 40 45 50 75 100 125 150 --bootstrap 10000 --seed 42 --mcc --output-dir results/uplift-supplement/k1-gapfill/retest-phase3a__image-t0_3-n30-22of30 --label retest-phase3a__image-t0_3-n30-22of30-n1,not-applicable,,not-applicable,,,
k1::retest-phase3a::image-t0.7-n5-4of5,retest-phase3a::image-t0.7-n5-4of5,retest-phase3a,track1-image-t0.7,1,4-map-gs|curator|20m|era-1-340,4-map-gs,curator,20,era-1-340,consensus,consensus,5,4,,false,ready,,outputs/retest/phase3a/track1-image/T0.7/run_1/detections_T0.7_run01.geojson,inputs/vectors/references/mounds-reference.geojson,inputs/vectors/bounds/full_evaluation_bounds.geojson,evaluate_detections,results/uplift-supplement/k1-gapfill/retest-phase3a__image-t0_7-n5-4of5,python scripts/evaluate_detections.py --detections outputs/retest/phase3a/track1-image/T0.7/run_1/detections_T0.7_run01.geojson --ground-truth inputs/vectors/references/mounds-reference.geojson --bounds inputs/vectors/bounds/full_evaluation_bounds.geojson --buffers 5 10 15 20 25 30 35 40 45 50 75 100 125 150 --bootstrap 10000 --seed 42 --mcc --output-dir results/uplift-supplement/k1-gapfill/retest-phase3a__image-t0_7-n5-4of5 --label retest-phase3a__image-t0_7-n5-4of5-n1,not-applicable,,not-applicable,,,
k1::retest-phase3a::image-t0.7-n10-7of10,retest-phase3a::image-t0.7-n10-7of10,retest-phase3a,track1-image-t0.7,1,4-map-gs|curator|20m|era-1-340,4-map-gs,curator,20,era-1-340,consensus,consensus,10,7,,false,ready,,outputs/retest/phase3a/track1-image/T0.7/run_1/detections_T0.7_run01.geojson,inputs/vectors/references/mounds-reference.geojson,inputs/vectors/bounds/full_evaluation_bounds.geojson,evaluate_detections,results/uplift-supplement/k1-gapfill/retest-phase3a__image-t0_7-n10-7of10,python scripts/evaluate_detections.py --detections outputs/retest/phase3a/track1-image/T0.7/run_1/detections_T0.7_run01.geojson --ground-truth inputs/vectors/references/mounds-reference.geojson --bounds inputs/vectors/bounds/full_evaluation_bounds.geojson --buffers 5 10 15 20 25 30 35 40 45 50 75 100 125 150 --bootstrap 10000 --seed 42 --mcc --output-dir results/uplift-supplement/k1-gapfill/retest-phase3a__image-t0_7-n10-7of10 --label retest-phase3a__image-t0_7-n10-7of10-n1,not-applicable,,not-applicable,,,
k1::retest-phase3a::image-t0.7-n30-18of30,retest-phase3a::image-t0.7-n30-18of30,retest-phase3a,track1-image-t0.7,1,4-map-gs|curator|20m|era-1-340,4-map-gs,curator,20,era-1-340,consensus,consensus,30,18,,false,ready,,outputs/retest/phase3a/track1-image/T0.7/run_1/detections_T0.7_run01.geojson,inputs/vectors/references/mounds-reference.geojson,inputs/vectors/bounds/full_evaluation_bounds.geojson,evaluate_detections,results/uplift-supplement/k1-gapfill/retest-phase3a__image-t0_7-n30-18of30,python scripts/evaluate_detections.py --detections outputs/retest/phase3a/track1-image/T0.7/run_1/detections_T0.7_run01.geojson --ground-truth inputs/vectors/references/mounds-reference.geojson --bounds inputs/vectors/bounds/full_evaluation_bounds.geojson --buffers 5 10 15 20 25 30 35 40 45 50 75 100 125 150 --bootstrap 10000 --seed 42 --mcc --output-dir results/uplift-supplement/k1-gapfill/retest-phase3a__image-t0_7-n30-18of30 --label retest-phase3a__image-t0_7-n30-18of30-n1,not-applicable,,not-applicable,,,
k1::retest-phase3a::image-t1.0-n5-4of5,retest-phase3a::image-t1.0-n5-4of5,retest-phase3a,track1-image-t1.0,1,4-map-gs|curator|20m|era-1-340,4-map-gs,curator,20,era-1-340,consensus,consensus,5,4,,false,ready,,outputs/retest/phase3a/track1-image/T1.0/run_1/detections_T1.0_run01.geojson,inputs/vectors/references/mounds-reference.geojson,inputs/vectors/bounds/full_evaluation_bounds.geojson,evaluate_detections,results/uplift-supplement/k1-gapfill/retest-phase3a__image-t1_0-n5-4of5,python scripts/evaluate_detections.py --detections outputs/retest/phase3a/track1-image/T1.0/run_1/detections_T1.0_run01.geojson --ground-truth inputs/vectors/references/mounds-reference.geojson --bounds inputs/vectors/bounds/full_evaluation_bounds.geojson --buffers 5 10 15 20 25 30 35 40 45 50 75 100 125 150 --bootstrap 10000 --seed 42 --mcc --output-dir results/uplift-supplement/k1-gapfill/retest-phase3a__image-t1_0-n5-4of5 --label retest-phase3a__image-t1_0-n5-4of5-n1,not-applicable,,not-applicable,,,
k1::retest-phase3a::image-t1.0-n10-7of10,retest-phase3a::image-t1.0-n10-7of10,retest-phase3a,track1-image-t1.0,1,4-map-gs|curator|20m|era-1-340,4-map-gs,curator,20,era-1-340,consensus,consensus,10,7,,false,ready,,outputs/retest/phase3a/track1-image/T1.0/run_1/detections_T1.0_run01.geojson,inputs/vectors/references/mounds-reference.geojson,inputs/vectors/bounds/full_evaluation_bounds.geojson,evaluate_detections,results/uplift-supplement/k1-gapfill/retest-phase3a__image-t1_0-n10-7of10,python scripts/evaluate_detections.py --detections outputs/retest/phase3a/track1-image/T1.0/run_1/detections_T1.0_run01.geojson --ground-truth inputs/vectors/references/mounds-reference.geojson --bounds inputs/vectors/bounds/full_evaluation_bounds.geojson --buffers 5 10 15 20 25 30 35 40 45 50 75 100 125 150 --bootstrap 10000 --seed 42 --mcc --output-dir results/uplift-supplement/k1-gapfill/retest-phase3a__image-t1_0-n10-7of10 --label retest-phase3a__image-t1_0-n10-7of10-n1,not-applicable,,not-applicable,,,
k1::retest-phase3a::image-t1.0-n30-19of30,retest-phase3a::image-t1.0-n30-19of30,retest-phase3a,track1-image-t1.0,1,4-map-gs|curator|20m|era-1-340,4-map-gs,curator,20,era-1-340,consensus,consensus,30,19,,false,ready,,outputs/retest/phase3a/track1-image/T1.0/run_1/detections_T1.0_run01.geojson,inputs/vectors/references/mounds-reference.geojson,inputs/vectors/bounds/full_evaluation_bounds.geojson,evaluate_detections,results/uplift-supplement/k1-gapfill/retest-phase3a__image-t1_0-n30-19of30,python scripts/evaluate_detections.py --detections outputs/retest/phase3a/track1-image/T1.0/run_1/detections_T1.0_run01.geojson --ground-truth inputs/vectors/references/mounds-reference.geojson --bounds inputs/vectors/bounds/full_evaluation_bounds.geojson --buffers 5 10 15 20 25 30 35 40 45 50 75 100 125 150 --bootstrap 10000 --seed 42 --mcc --output-dir results/uplift-supplement/k1-gapfill/retest-phase3a__image-t1_0-n30-19of30 --label retest-phase3a__image-t1_0-n30-19of30-n1,not-applicable,,not-applicable,,,
k1::retest-phase3a::text-t0.3-n5-5of5,retest-phase3a::text-t0.3-n5-5of5,retest-phase3a,track2-text-t0.3,1,4-map-gs|curator|20m|era-1-340,4-map-gs,curator,20,era-1-340,consensus,consensus,5,5,,false,ready,,outputs/retest/phase3a/track2-text/T0.3/run_1/detections_T0.3_run01.geojson,inputs/vectors/references/mounds-reference.geojson,inputs/vectors/bounds/full_evaluation_bounds.geojson,evaluate_detections,results/uplift-supplement/k1-gapfill/retest-phase3a__text-t0_3-n5-5of5,python scripts/evaluate_detections.py --detections outputs/retest/phase3a/track2-text/T0.3/run_1/detections_T0.3_run01.geojson --ground-truth inputs/vectors/references/mounds-reference.geojson --bounds inputs/vectors/bounds/full_evaluation_bounds.geojson --buffers 5 10 15 20 25 30 35 40 45 50 75 100 125 150 --bootstrap 10000 --seed 42 --mcc --output-dir results/uplift-supplement/k1-gapfill/retest-phase3a__text-t0_3-n5-5of5 --label retest-phase3a__text-t0_3-n5-5of5-n1,not-applicable,,not-applicable,,,
k1::retest-phase3a::text-t0.3-n10-8of10,retest-phase3a::text-t0.3-n10-8of10,retest-phase3a,track2-text-t0.3,1,4-map-gs|curator|20m|era-1-340,4-map-gs,curator,20,era-1-340,consensus,consensus,10,8,,false,ready,,outputs/retest/phase3a/track2-text/T0.3/run_1/detections_T0.3_run01.geojson,inputs/vectors/references/mounds-reference.geojson,inputs/vectors/bounds/full_evaluation_bounds.geojson,evaluate_detections,results/uplift-supplement/k1-gapfill/retest-phase3a__text-t0_3-n10-8of10,python scripts/evaluate_detections.py --detections outputs/retest/phase3a/track2-text/T0.3/run_1/detections_T0.3_run01.geojson --ground-truth inputs/vectors/references/mounds-reference.geojson --bounds inputs/vectors/bounds/full_evaluation_bounds.geojson --buffers 5 10 15 20 25 30 35 40 45 50 75 100 125 150 --bootstrap 10000 --seed 42 --mcc --output-dir results/uplift-supplement/k1-gapfill/retest-phase3a__text-t0_3-n10-8of10 --label retest-phase3a__text-t0_3-n10-8of10-n1,not-applicable,,not-applicable,,,
k1::retest-phase3a::text-t0.3-n30-23of30,retest-phase3a::text-t0.3-n30-23of30,retest-phase3a,track2-text-t0.3,1,4-map-gs|curator|20m|era-1-340,4-map-gs,curator,20,era-1-340,consensus,consensus,30,23,,false,ready,,outputs/retest/phase3a/track2-text/T0.3/run_1/detections_T0.3_run01.geojson,inputs/vectors/references/mounds-reference.geojson,inputs/vectors/bounds/full_evaluation_bounds.geojson,evaluate_detections,results/uplift-supplement/k1-gapfill/retest-phase3a__text-t0_3-n30-23of30,python scripts/evaluate_detections.py --detections outputs/retest/phase3a/track2-text/T0.3/run_1/detections_T0.3_run01.geojson --ground-truth inputs/vectors/references/mounds-reference.geojson --bounds inputs/vectors/bounds/full_evaluation_bounds.geojson --buffers 5 10 15 20 25 30 35 40 45 50 75 100 125 150 --bootstrap 10000 --seed 42 --mcc --output-dir results/uplift-supplement/k1-gapfill/retest-phase3a__text-t0_3-n30-23of30 --label retest-phase3a__text-t0_3-n30-23of30-n1,not-applicable,,not-applicable,,,
k1::retest-phase3a::text-t0.7-n5-4of5,retest-phase3a::text-t0.7-n5-4of5,retest-phase3a,track2-text-t0.7,1,4-map-gs|curator|20m|era-1-340,4-map-gs,curator,20,era-1-340,consensus,consensus,5,4,,false,ready,,outputs/retest/phase3a/track2-text/T0.7/run_1/detections_T0.7_run01.geojson,inputs/vectors/references/mounds-reference.geojson,inputs/vectors/bounds/full_evaluation_bounds.geojson,evaluate_detections,results/uplift-supplement/k1-gapfill/retest-phase3a__text-t0_7-n5-4of5,python scripts/evaluate_detections.py --detections outputs/retest/phase3a/track2-text/T0.7/run_1/detections_T0.7_run01.geojson --ground-truth inputs/vectors/references/mounds-reference.geojson --bounds inputs/vectors/bounds/full_evaluation_bounds.geojson --buffers 5 10 15 20 25 30 35 40 45 50 75 100 125 150 --bootstrap 10000 --seed 42 --mcc --output-dir results/uplift-supplement/k1-gapfill/retest-phase3a__text-t0_7-n5-4of5 --label retest-phase3a__text-t0_7-n5-4of5-n1,not-applicable,,not-applicable,,,
k1::retest-phase3a::text-t0.7-n10-8of10,retest-phase3a::text-t0.7-n10-8of10,retest-phase3a,track2-text-t0.7,1,4-map-gs|curator|20m|era-1-340,4-map-gs,curator,20,era-1-340,consensus,consensus,10,8,,false,ready,,outputs/retest/phase3a/track2-text/T0.7/run_1/detections_T0.7_run01.geojson,inputs/vectors/references/mounds-reference.geojson,inputs/vectors/bounds/full_evaluation_bounds.geojson,evaluate_detections,results/uplift-supplement/k1-gapfill/retest-phase3a__text-t0_7-n10-8of10,python scripts/evaluate_detections.py --detections outputs/retest/phase3a/track2-text/T0.7/run_1/detections_T0.7_run01.geojson --ground-truth inputs/vectors/references/mounds-reference.geojson --bounds inputs/vectors/bounds/full_evaluation_bounds.geojson --buffers 5 10 15 20 25 30 35 40 45 50 75 100 125 150 --bootstrap 10000 --seed 42 --mcc --output-dir results/uplift-supplement/k1-gapfill/retest-phase3a__text-t0_7-n10-8of10 --label retest-phase3a__text-t0_7-n10-8of10-n1,not-applicable,,not-applicable,,,
k1::retest-phase3a::text-t0.7-n30-24of30,retest-phase3a::text-t0.7-n30-24of30,retest-phase3a,track2-text-t0.7,1,4-map-gs|curator|20m|era-1-340,4-map-gs,curator,20,era-1-340,consensus,consensus,30,24,,false,ready,,outputs/retest/phase3a/track2-text/T0.7/run_1/detections_T0.7_run01.geojson,inputs/vectors/references/mounds-reference.geojson,inputs/vectors/bounds/full_evaluation_bounds.geojson,evaluate_detections,results/uplift-supplement/k1-gapfill/retest-phase3a__text-t0_7-n30-24of30,python scripts/evaluate_detections.py --detections outputs/retest/phase3a/track2-text/T0.7/run_1/detections_T0.7_run01.geojson --ground-truth inputs/vectors/references/mounds-reference.geojson --bounds inputs/vectors/bounds/full_evaluation_bounds.geojson --buffers 5 10 15 20 25 30 35 40 45 50 75 100 125 150 --bootstrap 10000 --seed 42 --mcc --output-dir results/uplift-supplement/k1-gapfill/retest-phase3a__text-t0_7-n30-24of30 --label retest-phase3a__text-t0_7-n30-24of30-n1,not-applicable,,not-applicable,,,
k1::retest-phase3a::text-t1.0-n5-4of5,retest-phase3a::text-t1.0-n5-4of5,retest-phase3a,track2-text-t1.0,1,4-map-gs|curator|20m|era-1-340,4-map-gs,curator,20,era-1-340,consensus,consensus,5,4,,false,ready,,outputs/retest/phase3a/track2-text/T1.0/run_1/detections_T1.0_run01.geojson,inputs/vectors/references/mounds-reference.geojson,inputs/vectors/bounds/full_evaluation_bounds.geojson,evaluate_detections,results/uplift-supplement/k1-gapfill/retest-phase3a__text-t1_0-n5-4of5,python scripts/evaluate_detections.py --detections outputs/retest/phase3a/track2-text/T1.0/run_1/detections_T1.0_run01.geojson --ground-truth inputs/vectors/references/mounds-reference.geojson --bounds inputs/vectors/bounds/full_evaluation_bounds.geojson --buffers 5 10 15 20 25 30 35 40 45 50 75 100 125 150 --bootstrap 10000 --seed 42 --mcc --output-dir results/uplift-supplement/k1-gapfill/retest-phase3a__text-t1_0-n5-4of5 --label retest-phase3a__text-t1_0-n5-4of5-n1,not-applicable,,not-applicable,,,
k1::retest-phase3a::text-t1.0-n10-7of10,retest-phase3a::text-t1.0-n10-7of10,retest-phase3a,track2-text-t1.0,1,4-map-gs|curator|20m|era-1-340,4-map-gs,curator,20,era-1-340,consensus,consensus,10,7,,false,ready,,outputs/retest/phase3a/track2-text/T1.0/run_1/detections_T1.0_run01.geojson,inputs/vectors/references/mounds-reference.geojson,inputs/vectors/bounds/full_evaluation_bounds.geojson,evaluate_detections,results/uplift-supplement/k1-gapfill/retest-phase3a__text-t1_0-n10-7of10,python scripts/evaluate_detections.py --detections outputs/retest/phase3a/track2-text/T1.0/run_1/detections_T1.0_run01.geojson --ground-truth inputs/vectors/references/mounds-reference.geojson --bounds inputs/vectors/bounds/full_evaluation_bounds.geojson --buffers 5 10 15 20 25 30 35 40 45 50 75 100 125 150 --bootstrap 10000 --seed 42 --mcc --output-dir results/uplift-supplement/k1-gapfill/retest-phase3a__text-t1_0-n10-7of10 --label retest-phase3a__text-t1_0-n10-7of10-n1,not-applicable,,not-applicable,,,
k1::retest-phase3a::text-t1.0-n30-22of30,retest-phase3a::text-t1.0-n30-22of30,retest-phase3a,track2-text-t1.0,1,4-map-gs|curator|20m|era-1-340,4-map-gs,curator,20,era-1-340,consensus,consensus,30,22,,false,ready,,outputs/retest/phase3a/track2-text/T1.0/run_1/detections_T1.0_run01.geojson,inputs/vectors/references/mounds-reference.geojson,inputs/vectors/bounds/full_evaluation_bounds.geojson,evaluate_detections,results/uplift-supplement/k1-gapfill/retest-phase3a__text-t1_0-n30-22of30,python scripts/evaluate_detections.py --detections outputs/retest/phase3a/track2-text/T1.0/run_1/detections_T1.0_run01.geojson --ground-truth inputs/vectors/references/mounds-reference.geojson --bounds inputs/vectors/bounds/full_evaluation_bounds.geojson --buffers 5 10 15 20 25 30 35 40 45 50 75 100 125 150 --bootstrap 10000 --seed 42 --mcc --output-dir results/uplift-supplement/k1-gapfill/retest-phase3a__text-t1_0-n30-22of30 --label retest-phase3a__text-t1_0-n30-22of30-n1,not-applicable,,not-applicable,,,
k1::retest-phase3a-high::text-high-t0.3-n5-4of5,retest-phase3a-high::text-high-t0.3-n5-4of5,retest-phase3a-high,track2-text-t0.3,1,4-map-gs|curator|20m|era-1-340,4-map-gs,curator,20,era-1-340,consensus,consensus,5,4,,false,ready,,outputs/retest/phase3a-high/track2-text/T0.3/run_1/detections_T0.3_run01.geojson,inputs/vectors/references/mounds-reference.geojson,inputs/vectors/bounds/full_evaluation_bounds.geojson,evaluate_detections,results/uplift-supplement/k1-gapfill/retest-phase3a-high__text-high-t0_3-n5-4of5,python scripts/evaluate_detections.py --detections outputs/retest/phase3a-high/track2-text/T0.3/run_1/detections_T0.3_run01.geojson --ground-truth inputs/vectors/references/mounds-reference.geojson --bounds inputs/vectors/bounds/full_evaluation_bounds.geojson --buffers 5 10 15 20 25 30 35 40 45 50 75 100 125 150 --bootstrap 10000 --seed 42 --mcc --output-dir results/uplift-supplement/k1-gapfill/retest-phase3a-high__text-high-t0_3-n5-4of5 --label retest-phase3a-high__text-high-t0_3-n5-4of5-n1,not-applicable,,not-applicable,,,
k1::retest-phase3a-high::text-high-t0.3-n10-8of10,retest-phase3a-high::text-high-t0.3-n10-8of10,retest-phase3a-high,track2-text-t0.3,1,4-map-gs|curator|20m|era-1-340,4-map-gs,curator,20,era-1-340,consensus,consensus,10,8,,false,ready,,outputs/retest/phase3a-high/track2-text/T0.3/run_1/detections_T0.3_run01.geojson,inputs/vectors/references/mounds-reference.geojson,inputs/vectors/bounds/full_evaluation_bounds.geojson,evaluate_detections,results/uplift-supplement/k1-gapfill/retest-phase3a-high__text-high-t0_3-n10-8of10,python scripts/evaluate_detections.py --detections outputs/retest/phase3a-high/track2-text/T0.3/run_1/detections_T0.3_run01.geojson --ground-truth inputs/vectors/references/mounds-reference.geojson --bounds inputs/vectors/bounds/full_evaluation_bounds.geojson --buffers 5 10 15 20 25 30 35 40 45 50 75 100 125 150 --bootstrap 10000 --seed 42 --mcc --output-dir results/uplift-supplement/k1-gapfill/retest-phase3a-high__text-high-t0_3-n10-8of10 --label retest-phase3a-high__text-high-t0_3-n10-8of10-n1,not-applicable,,not-applicable,,,
k1::retest-phase3a-high::text-high-t0.3-n30-23of30,retest-phase3a-high::text-high-t0.3-n30-23of30,retest-phase3a-high,track2-text-t0.3,1,4-map-gs|curator|20m|era-1-340,4-map-gs,curator,20,era-1-340,consensus,consensus,30,23,,false,ready,,outputs/retest/phase3a-high/track2-text/T0.3/run_1/detections_T0.3_run01.geojson,inputs/vectors/references/mounds-reference.geojson,inputs/vectors/bounds/full_evaluation_bounds.geojson,evaluate_detections,results/uplift-supplement/k1-gapfill/retest-phase3a-high__text-high-t0_3-n30-23of30,python scripts/evaluate_detections.py --detections outputs/retest/phase3a-high/track2-text/T0.3/run_1/detections_T0.3_run01.geojson --ground-truth inputs/vectors/references/mounds-reference.geojson --bounds inputs/vectors/bounds/full_evaluation_bounds.geojson --buffers 5 10 15 20 25 30 35 40 45 50 75 100 125 150 --bootstrap 10000 --seed 42 --mcc --output-dir results/uplift-supplement/k1-gapfill/retest-phase3a-high__text-high-t0_3-n30-23of30 --label retest-phase3a-high__text-high-t0_3-n30-23of30-n1,not-applicable,,not-applicable,,,
k1::retest-phase3a-high::text-high-t0.7-n5-4of5,retest-phase3a-high::text-high-t0.7-n5-4of5,retest-phase3a-high,track2-text-t0.7,1,4-map-gs|curator|20m|era-1-340,4-map-gs,curator,20,era-1-340,consensus,consensus,5,4,,false,ready,,outputs/retest/phase3a-high/track2-text/T0.7/run_1/detections_T0.7_run01.geojson,inputs/vectors/references/mounds-reference.geojson,inputs/vectors/bounds/full_evaluation_bounds.geojson,evaluate_detections,results/uplift-supplement/k1-gapfill/retest-phase3a-high__text-high-t0_7-n5-4of5,python scripts/evaluate_detections.py --detections outputs/retest/phase3a-high/track2-text/T0.7/run_1/detections_T0.7_run01.geojson --ground-truth inputs/vectors/references/mounds-reference.geojson --bounds inputs/vectors/bounds/full_evaluation_bounds.geojson --buffers 5 10 15 20 25 30 35 40 45 50 75 100 125 150 --bootstrap 10000 --seed 42 --mcc --output-dir results/uplift-supplement/k1-gapfill/retest-phase3a-high__text-high-t0_7-n5-4of5 --label retest-phase3a-high__text-high-t0_7-n5-4of5-n1,not-applicable,,not-applicable,,,
k1::retest-phase3a-high::text-high-t0.7-n10-7of10,retest-phase3a-high::text-high-t0.7-n10-7of10,retest-phase3a-high,track2-text-t0.7,1,4-map-gs|curator|20m|era-1-340,4-map-gs,curator,20,era-1-340,consensus,consensus,10,7,,false,ready,,outputs/retest/phase3a-high/track2-text/T0.7/run_1/detections_T0.7_run01.geojson,inputs/vectors/references/mounds-reference.geojson,inputs/vectors/bounds/full_evaluation_bounds.geojson,evaluate_detections,results/uplift-supplement/k1-gapfill/retest-phase3a-high__text-high-t0_7-n10-7of10,python scripts/evaluate_detections.py --detections outputs/retest/phase3a-high/track2-text/T0.7/run_1/detections_T0.7_run01.geojson --ground-truth inputs/vectors/references/mounds-reference.geojson --bounds inputs/vectors/bounds/full_evaluation_bounds.geojson --buffers 5 10 15 20 25 30 35 40 45 50 75 100 125 150 --bootstrap 10000 --seed 42 --mcc --output-dir results/uplift-supplement/k1-gapfill/retest-phase3a-high__text-high-t0_7-n10-7of10 --label retest-phase3a-high__text-high-t0_7-n10-7of10-n1,not-applicable,,not-applicable,,,
k1::retest-phase3a-high::text-high-t0.7-n30-22of30,retest-phase3a-high::text-high-t0.7-n30-22of30,retest-phase3a-high,track2-text-t0.7,1,4-map-gs|curator|20m|era-1-340,4-map-gs,curator,20,era-1-340,consensus,consensus,30,22,,false,ready,,outputs/retest/phase3a-high/track2-text/T0.7/run_1/detections_T0.7_run01.geojson,inputs/vectors/references/mounds-reference.geojson,inputs/vectors/bounds/full_evaluation_bounds.geojson,evaluate_detections,results/uplift-supplement/k1-gapfill/retest-phase3a-high__text-high-t0_7-n30-22of30,python scripts/evaluate_detections.py --detections outputs/retest/phase3a-high/track2-text/T0.7/run_1/detections_T0.7_run01.geojson --ground-truth inputs/vectors/references/mounds-reference.geojson --bounds inputs/vectors/bounds/full_evaluation_bounds.geojson --buffers 5 10 15 20 25 30 35 40 45 50 75 100 125 150 --bootstrap 10000 --seed 42 --mcc --output-dir results/uplift-supplement/k1-gapfill/retest-phase3a-high__text-high-t0_7-n30-22of30 --label retest-phase3a-high__text-high-t0_7-n30-22of30-n1,not-applicable,,not-applicable,,,
k1::retest-phase3a-high::text-high-t1.0-n5-4of5,retest-phase3a-high::text-high-t1.0-n5-4of5,retest-phase3a-high,track2-text-t1.0,1,4-map-gs|curator|20m|era-1-340,4-map-gs,curator,20,era-1-340,consensus,consensus,5,4,,false,ready,,outputs/retest/phase3a-high/track2-text/T1.0/run_1/detections_T1.0_run01.geojson,inputs/vectors/references/mounds-reference.geojson,inputs/vectors/bounds/full_evaluation_bounds.geojson,evaluate_detections,results/uplift-supplement/k1-gapfill/retest-phase3a-high__text-high-t1_0-n5-4of5,python scripts/evaluate_detections.py --detections outputs/retest/phase3a-high/track2-text/T1.0/run_1/detections_T1.0_run01.geojson --ground-truth inputs/vectors/references/mounds-reference.geojson --bounds inputs/vectors/bounds/full_evaluation_bounds.geojson --buffers 5 10 15 20 25 30 35 40 45 50 75 100 125 150 --bootstrap 10000 --seed 42 --mcc --output-dir results/uplift-supplement/k1-gapfill/retest-phase3a-high__text-high-t1_0-n5-4of5 --label retest-phase3a-high__text-high-t1_0-n5-4of5-n1,not-applicable,,not-applicable,,,
k1::retest-phase3a-high::text-high-t1.0-n10-8of10,retest-phase3a-high::text-high-t1.0-n10-8of10,retest-phase3a-high,track2-text-t1.0,1,4-map-gs|curator|20m|era-1-340,4-map-gs,curator,20,era-1-340,consensus,consensus,10,8,,false,ready,,outputs/retest/phase3a-high/track2-text/T1.0/run_1/detections_T1.0_run01.geojson,inputs/vectors/references/mounds-reference.geojson,inputs/vectors/bounds/full_evaluation_bounds.geojson,evaluate_detections,results/uplift-supplement/k1-gapfill/retest-phase3a-high__text-high-t1_0-n10-8of10,python scripts/evaluate_detections.py --detections outputs/retest/phase3a-high/track2-text/T1.0/run_1/detections_T1.0_run01.geojson --ground-truth inputs/vectors/references/mounds-reference.geojson --bounds inputs/vectors/bounds/full_evaluation_bounds.geojson --buffers 5 10 15 20 25 30 35 40 45 50 75 100 125 150 --bootstrap 10000 --seed 42 --mcc --output-dir results/uplift-supplement/k1-gapfill/retest-phase3a-high__text-high-t1_0-n10-8of10 --label retest-phase3a-high__text-high-t1_0-n10-8of10-n1,not-applicable,,not-applicable,,,
k1::retest-phase3a-high::text-high-t1.0-n30-23of30,retest-phase3a-high::text-high-t1.0-n30-23of30,retest-phase3a-high,track2-text-t1.0,1,4-map-gs|curator|20m|era-1-340,4-map-gs,curator,20,era-1-340,consensus,consensus,30,23,,false,ready,,outputs/retest/phase3a-high/track2-text/T1.0/run_1/detections_T1.0_run01.geojson,inputs/vectors/references/mounds-reference.geojson,inputs/vectors/bounds/full_evaluation_bounds.geojson,evaluate_detections,results/uplift-supplement/k1-gapfill/retest-phase3a-high__text-high-t1_0-n30-23of30,python scripts/evaluate_detections.py --detections outputs/retest/phase3a-high/track2-text/T1.0/run_1/detections_T1.0_run01.geojson --ground-truth inputs/vectors/references/mounds-reference.geojson --bounds inputs/vectors/bounds/full_evaluation_bounds.geojson --buffers 5 10 15 20 25 30 35 40 45 50 75 100 125 150 --bootstrap 10000 --seed 42 --mcc --output-dir results/uplift-supplement/k1-gapfill/retest-phase3a-high__text-high-t1_0-n30-23of30 --label retest-phase3a-high__text-high-t1_0-n30-23of30-n1,not-applicable,,not-applicable,,,
k1::retest-phase3a-replication::text-high-t0.7-n5-4of5,retest-phase3a-replication::text-high-t0.7-n5-4of5,retest-phase3a-replication,high,1,4-map-gs|curator|20m|era-1-340,4-map-gs,curator,20,era-1-340,consensus,consensus,5,4,,false,ready,,outputs/retest/phase3a-replication/high/run_1/detections_high_run01.geojson,inputs/vectors/references/mounds-reference.geojson,inputs/vectors/bounds/full_evaluation_bounds.geojson,evaluate_detections,results/uplift-supplement/k1-gapfill/retest-phase3a-replication__text-high-t0_7-n5-4of5,python scripts/evaluate_detections.py --detections outputs/retest/phase3a-replication/high/run_1/detections_high_run01.geojson --ground-truth inputs/vectors/references/mounds-reference.geojson --bounds inputs/vectors/bounds/full_evaluation_bounds.geojson --buffers 5 10 15 20 25 30 35 40 45 50 75 100 125 150 --bootstrap 10000 --seed 42 --mcc --output-dir results/uplift-supplement/k1-gapfill/retest-phase3a-replication__text-high-t0_7-n5-4of5 --label retest-phase3a-replication__text-high-t0_7-n5-4of5-n1,not-applicable,,not-applicable,,,
k1::retest-phase3a-replication::text-high-t0.7-n10-8of10,retest-phase3a-replication::text-high-t0.7-n10-8of10,retest-phase3a-replication,high,1,4-map-gs|curator|20m|era-1-340,4-map-gs,curator,20,era-1-340,consensus,consensus,10,8,,false,ready,,outputs/retest/phase3a-replication/high/run_1/detections_high_run01.geojson,inputs/vectors/references/mounds-reference.geojson,inputs/vectors/bounds/full_evaluation_bounds.geojson,evaluate_detections,results/uplift-supplement/k1-gapfill/retest-phase3a-replication__text-high-t0_7-n10-8of10,python scripts/evaluate_detections.py --detections outputs/retest/phase3a-replication/high/run_1/detections_high_run01.geojson --ground-truth inputs/vectors/references/mounds-reference.geojson --bounds inputs/vectors/bounds/full_evaluation_bounds.geojson --buffers 5 10 15 20 25 30 35 40 45 50 75 100 125 150 --bootstrap 10000 --seed 42 --mcc --output-dir results/uplift-supplement/k1-gapfill/retest-phase3a-replication__text-high-t0_7-n10-8of10 --label retest-phase3a-replication__text-high-t0_7-n10-8of10-n1,not-applicable,,not-applicable,,,
k1::retest-phase3a-replication::text-high-t0.7-n30-21of30,retest-phase3a-replication::text-high-t0.7-n30-21of30,retest-phase3a-replication,high,1,4-map-gs|curator|20m|era-1-340,4-map-gs,curator,20,era-1-340,consensus,consensus,30,21,,false,ready,,outputs/retest/phase3a-replication/high/run_1/detections_high_run01.geojson,inputs/vectors/references/mounds-reference.geojson,inputs/vectors/bounds/full_evaluation_bounds.geojson,evaluate_detections,results/uplift-supplement/k1-gapfill/retest-phase3a-replication__text-high-t0_7-n30-21of30,python scripts/evaluate_detections.py --detections outputs/retest/phase3a-replication/high/run_1/detections_high_run01.geojson --ground-truth inputs/vectors/references/mounds-reference.geojson --bounds inputs/vectors/bounds/full_evaluation_bounds.geojson --buffers 5 10 15 20 25 30 35 40 45 50 75 100 125 150 --bootstrap 10000 --seed 42 --mcc --output-dir results/uplift-supplement/k1-gapfill/retest-phase3a-replication__text-high-t0_7-n30-21of30 --label retest-phase3a-replication__text-high-t0_7-n30-21of30-n1,not-applicable,,not-applicable,,,
k1::retest-phase3a-replication::text-minimal-t0.7-n5-4of5,retest-phase3a-replication::text-minimal-t0.7-n5-4of5,retest-phase3a-replication,minimal,1,4-map-gs|curator|20m|era-1-340,4-map-gs,curator,20,era-1-340,consensus,consensus,5,4,,false,ready,,outputs/retest/phase3a-replication/minimal/run_1/detections_minimal_run01.geojson,inputs/vectors/references/mounds-reference.geojson,inputs/vectors/bounds/full_evaluation_bounds.geojson,evaluate_detections,results/uplift-supplement/k1-gapfill/retest-phase3a-replication__text-minimal-t0_7-n5-4of5,python scripts/evaluate_detections.py --detections outputs/retest/phase3a-replication/minimal/run_1/detections_minimal_run01.geojson --ground-truth inputs/vectors/references/mounds-reference.geojson --bounds inputs/vectors/bounds/full_evaluation_bounds.geojson --buffers 5 10 15 20 25 30 35 40 45 50 75 100 125 150 --bootstrap 10000 --seed 42 --mcc --output-dir results/uplift-supplement/k1-gapfill/retest-phase3a-replication__text-minimal-t0_7-n5-4of5 --label retest-phase3a-replication__text-minimal-t0_7-n5-4of5-n1,not-applicable,,not-applicable,,,
k1::retest-phase3a-replication::text-minimal-t0.7-n10-8of10,retest-phase3a-replication::text-minimal-t0.7-n10-8of10,retest-phase3a-replication,minimal,1,4-map-gs|curator|20m|era-1-340,4-map-gs,curator,20,era-1-340,consensus,consensus,10,8,,false,ready,,outputs/retest/phase3a-replication/minimal/run_1/detections_minimal_run01.geojson,inputs/vectors/references/mounds-reference.geojson,inputs/vectors/bounds/full_evaluation_bounds.geojson,evaluate_detections,results/uplift-supplement/k1-gapfill/retest-phase3a-replication__text-minimal-t0_7-n10-8of10,python scripts/evaluate_detections.py --detections outputs/retest/phase3a-replication/minimal/run_1/detections_minimal_run01.geojson --ground-truth inputs/vectors/references/mounds-reference.geojson --bounds inputs/vectors/bounds/full_evaluation_bounds.geojson --buffers 5 10 15 20 25 30 35 40 45 50 75 100 125 150 --bootstrap 10000 --seed 42 --mcc --output-dir results/uplift-supplement/k1-gapfill/retest-phase3a-replication__text-minimal-t0_7-n10-8of10 --label retest-phase3a-replication__text-minimal-t0_7-n10-8of10-n1,not-applicable,,not-applicable,,,
k1::retest-phase3a-replication::text-minimal-t0.7-n30-25of30,retest-phase3a-replication::text-minimal-t0.7-n30-25of30,retest-phase3a-replication,minimal,1,4-map-gs|curator|20m|era-1-340,4-map-gs,curator,20,era-1-340,consensus,consensus,30,25,,false,ready,,outputs/retest/phase3a-replication/minimal/run_1/detections_minimal_run01.geojson,inputs/vectors/references/mounds-reference.geojson,inputs/vectors/bounds/full_evaluation_bounds.geojson,evaluate_detections,results/uplift-supplement/k1-gapfill/retest-phase3a-replication__text-minimal-t0_7-n30-25of30,python scripts/evaluate_detections.py --detections outputs/retest/phase3a-replication/minimal/run_1/detections_minimal_run01.geojson --ground-truth inputs/vectors/references/mounds-reference.geojson --bounds inputs/vectors/bounds/full_evaluation_bounds.geojson --buffers 5 10 15 20 25 30 35 40 45 50 75 100 125 150 --bootstrap 10000 --seed 42 --mcc --output-dir results/uplift-supplement/k1-gapfill/retest-phase3a-replication__text-minimal-t0_7-n30-25of30 --label retest-phase3a-replication__text-minimal-t0_7-n30-25of30-n1,not-applicable,,not-applicable,,,
k1::retest-phase3c::image-h9-a-diversity-3of5,retest-phase3c::image-h9-a-diversity-3of5,retest-phase3c,track1-image-h9-a-diversity,1,4-map-gs|curator|20m|era-1-340,4-map-gs,curator,20,era-1-340,consensus,consensus,5,3,,false,blocked,no committed per-pass detection file could be resolved for pool 'track1-image-h9-a-diversity' of run 'retest-phase3c' under any conventional layout,,inputs/vectors/references/mounds-reference.geojson,inputs/vectors/bounds/full_evaluation_bounds.geojson,evaluate_detections,,,not-applicable,,not-applicable,,,
k1::retest-phase3c::image-h9-b-diversity-3of5,retest-phase3c::image-h9-b-diversity-3of5,retest-phase3c,track1-image-h9-b-diversity,1,4-map-gs|curator|20m|era-1-340,4-map-gs,curator,20,era-1-340,consensus,consensus,5,3,,false,blocked,no committed per-pass detection file could be resolved for pool 'track1-image-h9-b-diversity' of run 'retest-phase3c' under any conventional layout,,inputs/vectors/references/mounds-reference.geojson,inputs/vectors/bounds/full_evaluation_bounds.geojson,evaluate_detections,,,not-applicable,,not-applicable,,,
k1::retest-phase3c::image-h9-c-diversity-3of5,retest-phase3c::image-h9-c-diversity-3of5,retest-phase3c,track1-image-h9-c-diversity,1,4-map-gs|curator|20m|era-1-340,4-map-gs,curator,20,era-1-340,consensus,consensus,5,3,,false,blocked,no committed per-pass detection file could be resolved for pool 'track1-image-h9-c-diversity' of run 'retest-phase3c' under any conventional layout,,inputs/vectors/references/mounds-reference.geojson,inputs/vectors/bounds/full_evaluation_bounds.geojson,evaluate_detections,,,not-applicable,,not-applicable,,,
k1::retest-phase3c::image-h9-d-diversity-3of5,retest-phase3c::image-h9-d-diversity-3of5,retest-phase3c,track1-image-h9-d-diversity,1,4-map-gs|curator|20m|era-1-340,4-map-gs,curator,20,era-1-340,consensus,consensus,5,3,,false,blocked,no committed per-pass detection file could be resolved for pool 'track1-image-h9-d-diversity' of run 'retest-phase3c' under any conventional layout,,inputs/vectors/references/mounds-reference.geojson,inputs/vectors/bounds/full_evaluation_bounds.geojson,evaluate_detections,,,not-applicable,,not-applicable,,,
k1::retest-phase3c::image-h9-e-diversity-3of5,retest-phase3c::image-h9-e-diversity-3of5,retest-phase3c,track1-image-h9-e-diversity,1,4-map-gs|curator|20m|era-1-340,4-map-gs,curator,20,era-1-340,consensus,consensus,5,3,,false,blocked,no committed per-pass detection file could be resolved for pool 'track1-image-h9-e-diversity' of run 'retest-phase3c' under any conventional layout,,inputs/vectors/references/mounds-reference.geojson,inputs/vectors/bounds/full_evaluation_bounds.geojson,evaluate_detections,,,not-applicable,,not-applicable,,,
k1::retest-phase3c::text-h9-a-diversity-4of5,retest-phase3c::text-h9-a-diversity-4of5,retest-phase3c,track2-text-h9-a-diversity,1,4-map-gs|curator|20m|era-1-340,4-map-gs,curator,20,era-1-340,consensus,consensus,5,4,,false,blocked,no committed per-pass detection file could be resolved for pool 'track2-text-h9-a-diversity' of run 'retest-phase3c' under any conventional layout,,inputs/vectors/references/mounds-reference.geojson,inputs/vectors/bounds/full_evaluation_bounds.geojson,evaluate_detections,,,not-applicable,,not-applicable,,,
k1::retest-phase3c::text-h9-b-diversity-4of5,retest-phase3c::text-h9-b-diversity-4of5,retest-phase3c,track2-text-h9-b-diversity,1,4-map-gs|curator|20m|era-1-340,4-map-gs,curator,20,era-1-340,consensus,consensus,5,4,,false,blocked,no committed per-pass detection file could be resolved for pool 'track2-text-h9-b-diversity' of run 'retest-phase3c' under any conventional layout,,inputs/vectors/references/mounds-reference.geojson,inputs/vectors/bounds/full_evaluation_bounds.geojson,evaluate_detections,,,not-applicable,,not-applicable,,,
k1::retest-phase3c::text-h9-d-diversity-4of5,retest-phase3c::text-h9-d-diversity-4of5,retest-phase3c,track2-text-h9-d-diversity,1,4-map-gs|curator|20m|era-1-340,4-map-gs,curator,20,era-1-340,consensus,consensus,5,4,,false,blocked,no committed per-pass detection file could be resolved for pool 'track2-text-h9-d-diversity' of run 'retest-phase3c' under any conventional layout,,inputs/vectors/references/mounds-reference.geojson,inputs/vectors/bounds/full_evaluation_bounds.geojson,evaluate_detections,,,not-applicable,,not-applicable,,,
k1::retest-phase3c::text-h9-e-diversity-4of5,retest-phase3c::text-h9-e-diversity-4of5,retest-phase3c,track2-text-h9-e-diversity,1,4-map-gs|curator|20m|era-1-340,4-map-gs,curator,20,era-1-340,consensus,consensus,5,4,,false,blocked,no committed per-pass detection file could be resolved for pool 'track2-text-h9-e-diversity' of run 'retest-phase3c' under any conventional layout,,inputs/vectors/references/mounds-reference.geojson,inputs/vectors/bounds/full_evaluation_bounds.geojson,evaluate_detections,,,not-applicable,,not-applicable,,,
k1::verifier-t-pilot::verified-t0-0,verifier-t-pilot::verified-t0-0,verifier-t-pilot,detect_brief-text,1,4-map-gs|curator|20m|era-2-487,4-map-gs,curator,20,era-2-487,proposer-verifier,verified,5,4,0.2,true,blocked,no committed per-pass detection file could be resolved for pool 'detect_brief-text' of run 'verifier-t-pilot' under any conventional layout,,inputs/vectors/references/mounds-reference.geojson,inputs/vectors/bounds/384/full_evaluation_bounds.geojson,evaluate_detections,,,blocked,"unmeasurable (no-manifest): this cell's verifier stage could not be matched to a candidate manifest, so the vote shell its verifier actually saw is unknown. A run-wide minimum is NOT substituted — it would describe a different verifier stage. DISCLOSED, not approximated.",no-manifest,,,
k1::verifier-t-pilot::verified-t0-5,verifier-t-pilot::verified-t0-5,verifier-t-pilot,detect_brief-text,1,4-map-gs|curator|20m|era-2-487,4-map-gs,curator,20,era-2-487,proposer-verifier,verified,5,4,0.2,true,blocked,no committed per-pass detection file could be resolved for pool 'detect_brief-text' of run 'verifier-t-pilot' under any conventional layout,,inputs/vectors/references/mounds-reference.geojson,inputs/vectors/bounds/384/full_evaluation_bounds.geojson,evaluate_detections,,,blocked,"unmeasurable (no-manifest): this cell's verifier stage could not be matched to a candidate manifest, so the vote shell its verifier actually saw is unknown. A run-wide minimum is NOT substituted — it would describe a different verifier stage. DISCLOSED, not approximated.",no-manifest,,,
k1::verifier-t-pilot::verified-t1-0,verifier-t-pilot::verified-t1-0,verifier-t-pilot,detect_brief-text,1,4-map-gs|curator|20m|era-2-487,4-map-gs,curator,20,era-2-487,proposer-verifier,verified,5,4,0.2,true,blocked,no committed per-pass detection file could be resolved for pool 'detect_brief-text' of run 'verifier-t-pilot' under any conventional layout,,inputs/vectors/references/mounds-reference.geojson,inputs/vectors/bounds/384/full_evaluation_bounds.geojson,evaluate_detections,,,blocked,"unmeasurable (no-manifest): this cell's verifier stage could not be matched to a candidate manifest, so the vote shell its verifier actually saw is unknown. A run-wide minimum is NOT substituted — it would describe a different verifier stage. DISCLOSED, not approximated.",no-manifest,,,
k1::verifier-robustness::verified-384-union-t0-0-n5,verifier-robustness::verified-384-union-t0-0-n5,verifier-robustness,flash-high-text-1of5,1,4-map-gs|curator|20m|era-2-487,4-map-gs,curator,20,era-2-487,proposer-verifier,verified,5,4,0.15,true,blocked,no committed per-pass detection file could be resolved for pool 'flash-high-text-1of5' of run 'verifier-robustness' under any conventional layout,,inputs/vectors/references/mounds-reference.geojson,inputs/vectors/bounds/384/full_evaluation_bounds.geojson,evaluate_detections,,,derivable,"this cell's own verifier stage processed the full vote >= 1 union (measured from outputs/verifier-robustness/384-flash-high-text-1of5-union/crops/candidate_manifest.json, matched-lineage), so a K = 1 WITH-verifier cell is derivable from the committed probabilities without new API spend.",matched-lineage,1,outputs/verifier-robustness/384-flash-high-text-1of5-union/crops/candidate_manifest.json,
k1::verifier-robustness::verified-256-union-t0-0-n5,verifier-robustness::verified-256-union-t0-0-n5,verifier-robustness,text-1of5,1,4-map-gs|curator|20m|px256-1032,4-map-gs,curator,20,px256-1032,proposer-verifier,verified,5,5,0.15,true,blocked,no committed per-pass detection file could be resolved for pool 'text-1of5' of run 'verifier-robustness' under any conventional layout,,inputs/vectors/references/mounds-reference.geojson,inputs/vectors/bounds/256/full_evaluation_bounds.geojson,evaluate_detections,,,derivable,"this cell's own verifier stage processed the full vote >= 1 union (measured from outputs/verifier-robustness/256-text-1of5-union/crops/candidate_manifest.json, matched-lineage), so a K = 1 WITH-verifier cell is derivable from the committed probabilities without new API spend.",matched-lineage,1,outputs/verifier-robustness/256-text-1of5-union/crops/candidate_manifest.json,
k1::verifier-robustness::verified-256-ge3of5-t0-3-n5,verifier-robustness::verified-256-ge3of5-t0-3-n5,verifier-robustness,text-1of5,1,4-map-gs|curator|20m|px256-1032,4-map-gs,curator,20,px256-1032,proposer-verifier,verified,5,5,0.2,true,blocked,no committed per-pass detection file could be resolved for pool 'text-1of5' of run 'verifier-robustness' under any conventional layout,,inputs/vectors/references/mounds-reference.geojson,inputs/vectors/bounds/256/full_evaluation_bounds.geojson,evaluate_detections,,,blocked,"this cell's own verifier stage processed candidates down to vote_count >= 3 only, so singletons were never verified and no K = 1 WITH-verifier cell can be derived. Measured from outputs/verifier-robustness/256-text-ge3of5/crops/candidate_manifest.json (matched-lineage). DISCLOSED, not approximated.",matched-lineage,3,outputs/verifier-robustness/256-text-ge3of5/crops/candidate_manifest.json,
k1::verifier-robustness::verified-384-ge3of5-t0-3-n5,verifier-robustness::verified-384-ge3of5-t0-3-n5,verifier-robustness,flash-high-text-1of5,1,4-map-gs|curator|20m|era-2-487,4-map-gs,curator,20,era-2-487,proposer-verifier,verified,5,4,0.15,true,blocked,no committed per-pass detection file could be resolved for pool 'flash-high-text-1of5' of run 'verifier-robustness' under any conventional layout,,inputs/vectors/references/mounds-reference.geojson,inputs/vectors/bounds/384/full_evaluation_bounds.geojson,evaluate_detections,,,blocked,"this cell's own verifier stage processed candidates down to vote_count >= 3 only, so singletons were never verified and no K = 1 WITH-verifier cell can be derived. Measured from outputs/verifier-robustness/384-flash-high-text-ge3of5/crops/candidate_manifest.json (matched-lineage). DISCLOSED, not approximated.",matched-lineage,3,outputs/verifier-robustness/384-flash-high-text-ge3of5/crops/candidate_manifest.json,
k1::verifier-robustness::verified-384-ge3of5-t0-7-n5,verifier-robustness::verified-384-ge3of5-t0-7-n5,verifier-robustness,flash-high-text-1of5,1,4-map-gs|curator|20m|era-2-487,4-map-gs,curator,20,era-2-487,proposer-verifier,verified,5,4,0.2,true,blocked,no committed per-pass detection file could be resolved for pool 'flash-high-text-1of5' of run 'verifier-robustness' under any conventional layout,,inputs/vectors/references/mounds-reference.geojson,inputs/vectors/bounds/384/full_evaluation_bounds.geojson,evaluate_detections,,,blocked,"this cell's own verifier stage processed candidates down to vote_count >= 3 only, so singletons were never verified and no K = 1 WITH-verifier cell can be derived. Measured from outputs/verifier-robustness/384-flash-high-text-ge3of5/crops/candidate_manifest.json (matched-lineage). DISCLOSED, not approximated.",matched-lineage,3,outputs/verifier-robustness/384-flash-high-text-ge3of5/crops/candidate_manifest.json,
k1::verifier-robustness::verified-384-ge3of5-t0-3-high-n5,verifier-robustness::verified-384-ge3of5-t0-3-high-n5,verifier-robustness,flash-high-text-1of5,1,4-map-gs|curator|20m|era-2-487,4-map-gs,curator,20,era-2-487,proposer-verifier,verified,5,4,0.3,true,blocked,no committed per-pass detection file could be resolved for pool 'flash-high-text-1of5' of run 'verifier-robustness' under any conventional layout,,inputs/vectors/references/mounds-reference.geojson,inputs/vectors/bounds/384/full_evaluation_bounds.geojson,evaluate_detections,,,blocked,"this cell's own verifier stage processed candidates down to vote_count >= 3 only, so singletons were never verified and no K = 1 WITH-verifier cell can be derived. Measured from outputs/verifier-robustness/384-flash-high-text-ge3of5/crops/candidate_manifest.json (matched-lineage). DISCLOSED, not approximated.",matched-lineage,3,outputs/verifier-robustness/384-flash-high-text-ge3of5/crops/candidate_manifest.json,
k1::verifier-robustness::verified-384-ge3of5-t0-7-high-n5,verifier-robustness::verified-384-ge3of5-t0-7-high-n5,verifier-robustness,flash-high-text-1of5,1,4-map-gs|curator|20m|era-2-487,4-map-gs,curator,20,era-2-487,proposer-verifier,verified,5,4,0.4,true,blocked,no committed per-pass detection file could be resolved for pool 'flash-high-text-1of5' of run 'verifier-robustness' under any conventional layout,,inputs/vectors/references/mounds-reference.geojson,inputs/vectors/bounds/384/full_evaluation_bounds.geojson,evaluate_detections,,,blocked,"this cell's own verifier stage processed candidates down to vote_count >= 3 only, so singletons were never verified and no K = 1 WITH-verifier cell can be derived. Measured from outputs/verifier-robustness/384-flash-high-text-ge3of5/crops/candidate_manifest.json (matched-lineage). DISCLOSED, not approximated.",matched-lineage,3,outputs/verifier-robustness/384-flash-high-text-ge3of5/crops/candidate_manifest.json,
k1::flash35-pv-2x2::f35prop-bare-10of10,flash35-pv-2x2::f35prop-bare-10of10,flash35-pv-2x2,flash35-min-text-1of10,1,4-map-gs|curator|20m|era-2-487,4-map-gs,curator,20,era-2-487,consensus,consensus,10,10,,false,blocked,no committed per-pass detection file could be resolved for pool 'flash35-min-text-1of10' of run 'flash35-pv-2x2' under any conventional layout,,inputs/vectors/references/mounds-reference.geojson,inputs/vectors/bounds/384/full_evaluation_bounds.geojson,evaluate_detections,,,not-applicable,,not-applicable,,,
k1::flash35-pv-2x2::f35prop-f3vf-4of10,flash35-pv-2x2::f35prop-f3vf-4of10,flash35-pv-2x2,flash35-min-text-1of10,1,4-map-gs|curator|20m|era-2-487,4-map-gs,curator,20,era-2-487,proposer-verifier,verified,10,4,0.15,true,blocked,no committed per-pass detection file could be resolved for pool 'flash35-min-text-1of10' of run 'flash35-pv-2x2' under any conventional layout,,inputs/vectors/references/mounds-reference.geojson,inputs/vectors/bounds/384/full_evaluation_bounds.geojson,evaluate_detections,,,derivable,"this cell's own verifier stage processed the full vote >= 1 union (measured from outputs/flash35-pv-2x2/crops/candidate_manifest.json, matched-lineage), so a K = 1 WITH-verifier cell is derivable from the committed probabilities without new API spend.",matched-lineage,1,outputs/flash35-pv-2x2/crops/candidate_manifest.json,
k1::flash35-pv-2x2::f35prop-f35vf-4of10,flash35-pv-2x2::f35prop-f35vf-4of10,flash35-pv-2x2,flash35-min-text-1of10,1,4-map-gs|curator|20m|era-2-487,4-map-gs,curator,20,era-2-487,proposer-verifier,verified,10,4,0.25,true,blocked,no committed per-pass detection file could be resolved for pool 'flash35-min-text-1of10' of run 'flash35-pv-2x2' under any conventional layout,,inputs/vectors/references/mounds-reference.geojson,inputs/vectors/bounds/384/full_evaluation_bounds.geojson,evaluate_detections,,,derivable,"this cell's own verifier stage processed the full vote >= 1 union (measured from outputs/flash35-pv-2x2/crops/candidate_manifest.json, matched-lineage), so a K = 1 WITH-verifier cell is derivable from the committed probabilities without new API spend.",matched-lineage,1,outputs/flash35-pv-2x2/crops/candidate_manifest.json,
k1::flash35-pv-2x2::f3prop-f35vf-6of10,flash35-pv-2x2::f3prop-f35vf-6of10,flash35-pv-2x2,f3-min-text-1of10,1,4-map-gs|curator|20m|era-2-487,4-map-gs,curator,20,era-2-487,proposer-verifier,verified,10,6,0.25,true,blocked,no committed per-pass detection file could be resolved for pool 'f3-min-text-1of10' of run 'flash35-pv-2x2' under any conventional layout,,inputs/vectors/references/mounds-reference.geojson,inputs/vectors/bounds/384/full_evaluation_bounds.geojson,evaluate_detections,,,blocked,"unmeasurable (ambiguous-lineage): this cell's verifier stage could not be matched to a candidate manifest, so the vote shell its verifier actually saw is unknown. A run-wide minimum is NOT substituted — it would describe a different verifier stage. DISCLOSED, not approximated.",ambiguous-lineage,,,
k1::55maps-text-min-n10-uplift::verified-5of10-canonical-gt,55maps-text-min-n10-uplift::verified-5of10-canonical-gt,55maps-text-min-n10-uplift,detect_brief-text-min-n10,1,55-map|canonical|50m|55maps-8541,55-map,canonical,50,55maps-8541,proposer-verifier,verified,10,5,0.15,true,ready,,outputs/55maps-text-min-n10-uplift/proposer/run_6/detections-detect_brief-text-3-flash-2026-06-11.geojson,inputs/vectors/references/canonical-gt-55maps-r50.geojson,inputs/vectors/bounds/384/55maps_evaluation_bounds.geojson,corrected_f1_multi_buffer,results/uplift-supplement/k1-gapfill/55maps-text-min-n10-uplift__verified-5of10-canonical-gt,python scripts/compute_corrected_f1_multi_buffer.py --verified-detections outputs/55maps-text-min-n10-uplift/proposer/run_6/detections-detect_brief-text-3-flash-2026-06-11.geojson --student-gt inputs/vectors/references/student-mounds-55maps-reviewed.geojson --bounds inputs/vectors/bounds/384/55maps_evaluation_bounds.geojson --buffers 5 10 15 20 25 30 35 40 45 50 75 100 125 150 --n-bootstrap 10000 --seed 42 --compute-mcc --output-dir results/uplift-supplement/k1-gapfill/55maps-text-min-n10-uplift__verified-5of10-canonical-gt --review-yesterday results/55maps-extended-gt-2026-06-07/empty-yesterday-review.csv --review-today results/deployment-oracle-2026-06-06/canonical-gt/canonical-review.csv,blocked,"this cell's own verifier stage processed candidates down to vote_count >= 3 only, so singletons were never verified and no K = 1 WITH-verifier cell can be derived. Measured from outputs/55maps-text-min-n10-uplift/crops-3of10/candidate_manifest.json (sole-manifest). DISCLOSED, not approximated.",sole-manifest,3,outputs/55maps-text-min-n10-uplift/crops-3of10/candidate_manifest.json,
k1::55maps-text-min-n10-uplift::verified-5of10-standardised-gt,55maps-text-min-n10-uplift::verified-5of10-standardised-gt,55maps-text-min-n10-uplift,detect_brief-text-min-n10,1,55-map|standardised|50m|55maps-8541,55-map,standardised,50,55maps-8541,proposer-verifier,verified,10,5,0.15,true,ready,,outputs/55maps-text-min-n10-uplift/proposer/run_6/detections-detect_brief-text-3-flash-2026-06-11.geojson,inputs/vectors/references/best-available-gt-55maps.geojson,inputs/vectors/bounds/384/55maps_evaluation_bounds.geojson,corrected_f1_multi_buffer,results/uplift-supplement/k1-gapfill/55maps-text-min-n10-uplift__verified-5of10-standardised-gt,python scripts/compute_corrected_f1_multi_buffer.py --verified-detections outputs/55maps-text-min-n10-uplift/proposer/run_6/detections-detect_brief-text-3-flash-2026-06-11.geojson --student-gt results/deployment-oracle-2026-06-06/canonical-gt/standardised/student-mounds-55maps-standardised.geojson --bounds inputs/vectors/bounds/384/55maps_evaluation_bounds.geojson --buffers 5 10 15 20 25 30 35 40 45 50 75 100 125 150 --n-bootstrap 10000 --seed 42 --compute-mcc --output-dir results/uplift-supplement/k1-gapfill/55maps-text-min-n10-uplift__verified-5of10-standardised-gt --extension-csv results/deployment-oracle-2026-06-06/canonical-gt/standardised/extension-mounds-standardised.csv,blocked,"this cell's own verifier stage processed candidates down to vote_count >= 3 only, so singletons were never verified and no K = 1 WITH-verifier cell can be derived. Measured from outputs/55maps-text-min-n10-uplift/crops-3of10/candidate_manifest.json (sole-manifest). DISCLOSED, not approximated.",sole-manifest,3,outputs/55maps-text-min-n10-uplift/crops-3of10/candidate_manifest.json,
k1::grid-2026-08-18::g512-ov064-k10-c1-k8,grid-2026-08-18::g512-ov064-k10-c1-k8,grid-2026-08-18,brief-text,1,4-map-gs|curator|20m|grid-common-487,4-map-gs,curator,20,grid-common-487,consensus,consensus,10,8,,false,blocked,no committed per-pass detection file could be resolved for pool 'brief-text' of run 'grid-2026-08-18' under any conventional layout,,inputs/vectors/references/mounds-reference.geojson,outputs/grid-2026-08-18/scoring/bounds/grid_common_bounds.geojson,evaluate_detections,,,not-applicable,,not-applicable,,,
k1::grid-2026-08-18::g512-ov256-k10-c2-k8,grid-2026-08-18::g512-ov256-k10-c2-k8,grid-2026-08-18,brief-text,1,4-map-gs|curator|20m|grid-common-487,4-map-gs,curator,20,grid-common-487,consensus,consensus,10,8,,false,blocked,no committed per-pass detection file could be resolved for pool 'brief-text' of run 'grid-2026-08-18' under any conventional layout,,inputs/vectors/references/mounds-reference.geojson,outputs/grid-2026-08-18/scoring/bounds/grid_common_bounds.geojson,evaluate_detections,,,not-applicable,,not-applicable,,,
k1::grid-2026-08-18::g384-ov048-k10-c1-k10,grid-2026-08-18::g384-ov048-k10-c1-k10,grid-2026-08-18,brief-text,1,4-map-gs|curator|20m|grid-common-487,4-map-gs,curator,20,grid-common-487,consensus,consensus,10,10,,false,blocked,no committed per-pass detection file could be resolved for pool 'brief-text' of run 'grid-2026-08-18' under any conventional layout,,inputs/vectors/references/mounds-reference.geojson,outputs/grid-2026-08-18/scoring/bounds/grid_common_bounds.geojson,evaluate_detections,,,not-applicable,,not-applicable,,,
k1::grid-2026-08-18::g384-ov192-k10-c2-k10,grid-2026-08-18::g384-ov192-k10-c2-k10,grid-2026-08-18,brief-text,1,4-map-gs|curator|20m|grid-common-487,4-map-gs,curator,20,grid-common-487,consensus,consensus,10,10,,false,blocked,no committed per-pass detection file could be resolved for pool 'brief-text' of run 'grid-2026-08-18' under any conventional layout,,inputs/vectors/references/mounds-reference.geojson,outputs/grid-2026-08-18/scoring/bounds/grid_common_bounds.geojson,evaluate_detections,,,not-applicable,,not-applicable,,,
k1::grid-2026-08-18::g512-ov064-k10-verified-p0.15-k5,grid-2026-08-18::g512-ov064-k10-verified-p0.15-k5,grid-2026-08-18,brief-text,1,4-map-gs|curator|20m|grid-common-487,4-map-gs,curator,20,grid-common-487,proposer-verifier,verified,10,5,0.15,true,blocked,no committed per-pass detection file could be resolved for pool 'brief-text' of run 'grid-2026-08-18' under any conventional layout,,inputs/vectors/references/mounds-reference.geojson,outputs/grid-2026-08-18/scoring/bounds/grid_common_bounds.geojson,evaluate_detections,,,derivable,"this cell's own verifier stage processed the full vote >= 1 union (measured from outputs/grid-2026-08-18/verifier/g512_ov064/crops/candidate_manifest.json, matched-lineage), so a K = 1 WITH-verifier cell is derivable from the committed probabilities without new API spend.",matched-lineage,1,outputs/grid-2026-08-18/verifier/g512_ov064/crops/candidate_manifest.json,
k1::grid-2026-08-18::g512-ov256-k10-verified-p0.15-k9,grid-2026-08-18::g512-ov256-k10-verified-p0.15-k9,grid-2026-08-18,brief-text,1,4-map-gs|curator|20m|grid-common-487,4-map-gs,curator,20,grid-common-487,proposer-verifier,verified,10,9,0.15,true,blocked,no committed per-pass detection file could be resolved for pool 'brief-text' of run 'grid-2026-08-18' under any conventional layout,,inputs/vectors/references/mounds-reference.geojson,outputs/grid-2026-08-18/scoring/bounds/grid_common_bounds.geojson,evaluate_detections,,,derivable,"this cell's own verifier stage processed the full vote >= 1 union (measured from outputs/grid-2026-08-18/verifier/g512_ov256/crops/candidate_manifest.json, matched-lineage), so a K = 1 WITH-verifier cell is derivable from the committed probabilities without new API spend.",matched-lineage,1,outputs/grid-2026-08-18/verifier/g512_ov256/crops/candidate_manifest.json,
k1::grid-2026-08-18::g384-ov048-k10-verified-p0.20-k7,grid-2026-08-18::g384-ov048-k10-verified-p0.20-k7,grid-2026-08-18,brief-text,1,4-map-gs|curator|20m|grid-common-487,4-map-gs,curator,20,grid-common-487,proposer-verifier,verified,10,7,0.2,true,blocked,no committed per-pass detection file could be resolved for pool 'brief-text' of run 'grid-2026-08-18' under any conventional layout,,inputs/vectors/references/mounds-reference.geojson,outputs/grid-2026-08-18/scoring/bounds/grid_common_bounds.geojson,evaluate_detections,,,derivable,"this cell's own verifier stage processed the full vote >= 1 union (measured from outputs/grid-2026-08-18/verifier/g384_ov048/crops/candidate_manifest.json, matched-lineage), so a K = 1 WITH-verifier cell is derivable from the committed probabilities without new API spend.",matched-lineage,1,outputs/grid-2026-08-18/verifier/g384_ov048/crops/candidate_manifest.json,
k1::grid-2026-08-18::g384-ov192-k10-verified-p0.15-k10,grid-2026-08-18::g384-ov192-k10-verified-p0.15-k10,grid-2026-08-18,brief-text,1,4-map-gs|curator|20m|grid-common-487,4-map-gs,curator,20,grid-common-487,proposer-verifier,verified,10,10,0.15,true,blocked,no committed per-pass detection file could be resolved for pool 'brief-text' of run 'grid-2026-08-18' under any conventional layout,,inputs/vectors/references/mounds-reference.geojson,outputs/grid-2026-08-18/scoring/bounds/grid_common_bounds.geojson,evaluate_detections,,,derivable,"this cell's own verifier stage processed the full vote >= 1 union (measured from outputs/grid-2026-08-18/verifier/g384_ov192/crops/candidate_manifest.json, matched-lineage), so a K = 1 WITH-verifier cell is derivable from the committed probabilities without new API spend.",matched-lineage,1,outputs/grid-2026-08-18/verifier/g384_ov192/crops/candidate_manifest.json,
k1::stride-phaseb-2026-08-25::g512-ov176-k10-verified-p0.15-k6,stride-phaseb-2026-08-25::g512-ov176-k10-verified-p0.15-k6,stride-phaseb-2026-08-25,g512_ov176,1,4-map-gs|curator|20m|grid-common-487,4-map-gs,curator,20,grid-common-487,proposer-verifier,verified,10,6,0.15,true,ready,,outputs/stride-phaseb-2026-08-25/g512_ov176/run_1/detections-detect_brief-text-3-flash-2026-08-24.geojson,inputs/vectors/references/mounds-reference.geojson,outputs/grid-2026-08-18/scoring/bounds/grid_common_bounds.geojson,evaluate_detections,results/uplift-supplement/k1-gapfill/stride-phaseb-2026-08-25__g512-ov176-k10-verified-p0_15-k6,python scripts/evaluate_detections.py --detections outputs/stride-phaseb-2026-08-25/g512_ov176/run_1/detections-detect_brief-text-3-flash-2026-08-24.geojson --ground-truth inputs/vectors/references/mounds-reference.geojson --bounds outputs/grid-2026-08-18/scoring/bounds/grid_common_bounds.geojson --buffers 20 --bootstrap 10000 --seed 42 --mcc --output-dir results/uplift-supplement/k1-gapfill/stride-phaseb-2026-08-25__g512-ov176-k10-verified-p0_15-k6 --label stride-phaseb-2026-08-25__g512-ov176-k10-verified-p0_15-k6-n1,derivable,"this cell's own verifier stage processed the full vote >= 1 union (measured from outputs/stride-phaseb-2026-08-25/verifier/g512_ov176/crops/candidate_manifest.json, matched-lineage), so a K = 1 WITH-verifier cell is derivable from the committed probabilities without new API spend.",matched-lineage,1,outputs/stride-phaseb-2026-08-25/verifier/g512_ov176/crops/candidate_manifest.json,
k1::stride-phaseb-2026-08-25::g384-ov128-k10-verified-p0.15-k8,stride-phaseb-2026-08-25::g384-ov128-k10-verified-p0.15-k8,stride-phaseb-2026-08-25,g384_ov128,1,4-map-gs|curator|20m|grid-common-487,4-map-gs,curator,20,grid-common-487,proposer-verifier,verified,10,8,0.15,true,ready,,outputs/stride-phaseb-2026-08-25/g384_ov128/run_1/detections-detect_brief-text-3-flash-2026-08-24.geojson,inputs/vectors/references/mounds-reference.geojson,outputs/grid-2026-08-18/scoring/bounds/grid_common_bounds.geojson,evaluate_detections,results/uplift-supplement/k1-gapfill/stride-phaseb-2026-08-25__g384-ov128-k10-verified-p0_15-k8,python scripts/evaluate_detections.py --detections outputs/stride-phaseb-2026-08-25/g384_ov128/run_1/detections-detect_brief-text-3-flash-2026-08-24.geojson --ground-truth inputs/vectors/references/mounds-reference.geojson --bounds outputs/grid-2026-08-18/scoring/bounds/grid_common_bounds.geojson --buffers 20 --bootstrap 10000 --seed 42 --mcc --output-dir results/uplift-supplement/k1-gapfill/stride-phaseb-2026-08-25__g384-ov128-k10-verified-p0_15-k8 --label stride-phaseb-2026-08-25__g384-ov128-k10-verified-p0_15-k8-n1,derivable,"this cell's own verifier stage processed the full vote >= 1 union (measured from outputs/stride-phaseb-2026-08-25/verifier/g384_ov128/crops/candidate_manifest.json, matched-lineage), so a K = 1 WITH-verifier cell is derivable from the committed probabilities without new API spend.",matched-lineage,1,outputs/stride-phaseb-2026-08-25/verifier/g384_ov128/crops/candidate_manifest.json,
k1::stride-phaseb-2026-08-25::g256-ov064-k10-verified-p0.15-k8,stride-phaseb-2026-08-25::g256-ov064-k10-verified-p0.15-k8,stride-phaseb-2026-08-25,g256_ov064,1,4-map-gs|curator|20m|grid-common-487,4-map-gs,curator,20,grid-common-487,proposer-verifier,verified,10,8,0.15,true,ready,,outputs/stride-phaseb-2026-08-25/g256_ov064/run_1/detections-detect_brief-text-3-flash-2026-08-24.geojson,inputs/vectors/references/mounds-reference.geojson,outputs/grid-2026-08-18/scoring/bounds/grid_common_bounds.geojson,evaluate_detections,results/uplift-supplement/k1-gapfill/stride-phaseb-2026-08-25__g256-ov064-k10-verified-p0_15-k8,python scripts/evaluate_detections.py --detections outputs/stride-phaseb-2026-08-25/g256_ov064/run_1/detections-detect_brief-text-3-flash-2026-08-24.geojson --ground-truth inputs/vectors/references/mounds-reference.geojson --bounds outputs/grid-2026-08-18/scoring/bounds/grid_common_bounds.geojson --buffers 20 --bootstrap 10000 --seed 42 --mcc --output-dir results/uplift-supplement/k1-gapfill/stride-phaseb-2026-08-25__g256-ov064-k10-verified-p0_15-k8 --label stride-phaseb-2026-08-25__g256-ov064-k10-verified-p0_15-k8-n1,derivable,"this cell's own verifier stage processed the full vote >= 1 union (measured from outputs/stride-phaseb-2026-08-25/verifier/g256_ov064/crops/candidate_manifest.json, matched-lineage), so a K = 1 WITH-verifier cell is derivable from the committed probabilities without new API spend.",matched-lineage,1,outputs/stride-phaseb-2026-08-25/verifier/g256_ov064/crops/candidate_manifest.json,
k1::stride-phaseb-2026-08-25::g512-ov320-k10-verified-p0.15-k10,stride-phaseb-2026-08-25::g512-ov320-k10-verified-p0.15-k10,stride-phaseb-2026-08-25,g512_ov320,1,4-map-gs|curator|20m|grid-common-487,4-map-gs,curator,20,grid-common-487,proposer-verifier,verified,10,10,0.15,true,ready,,outputs/stride-phaseb-2026-08-25/g512_ov320/run_1/detections-detect_brief-text-3-flash-2026-08-24.geojson,inputs/vectors/references/mounds-reference.geojson,outputs/grid-2026-08-18/scoring/bounds/grid_common_bounds.geojson,evaluate_detections,results/uplift-supplement/k1-gapfill/stride-phaseb-2026-08-25__g512-ov320-k10-verified-p0_15-k10,python scripts/evaluate_detections.py --detections outputs/stride-phaseb-2026-08-25/g512_ov320/run_1/detections-detect_brief-text-3-flash-2026-08-24.geojson --ground-truth inputs/vectors/references/mounds-reference.geojson --bounds outputs/grid-2026-08-18/scoring/bounds/grid_common_bounds.geojson --buffers 20 --bootstrap 10000 --seed 42 --mcc --output-dir results/uplift-supplement/k1-gapfill/stride-phaseb-2026-08-25__g512-ov320-k10-verified-p0_15-k10 --label stride-phaseb-2026-08-25__g512-ov320-k10-verified-p0_15-k10-n1,derivable,"this cell's own verifier stage processed the full vote >= 1 union (measured from outputs/stride-phaseb-2026-08-25/verifier/g512_ov320/crops/candidate_manifest.json, matched-lineage), so a K = 1 WITH-verifier cell is derivable from the committed probabilities without new API spend.",matched-lineage,1,outputs/stride-phaseb-2026-08-25/verifier/g512_ov320/crops/candidate_manifest.json,
k1::stride-phaseb-2026-08-25::g384-ov128-ladder-n3-verified-p0.15-k3,stride-phaseb-2026-08-25::g384-ov128-ladder-n3-verified-p0.15-k3,stride-phaseb-2026-08-25,g384_ov128,1,4-map-gs|curator|20m|grid-common-487,4-map-gs,curator,20,grid-common-487,proposer-verifier,verified,3,3,0.15,true,ready,,outputs/stride-phaseb-2026-08-25/g384_ov128/run_1/detections-detect_brief-text-3-flash-2026-08-24.geojson,inputs/vectors/references/mounds-reference.geojson,outputs/grid-2026-08-18/scoring/bounds/grid_common_bounds.geojson,evaluate_detections,results/uplift-supplement/k1-gapfill/stride-phaseb-2026-08-25__g384-ov128-ladder-n3-verified-p0_15-k3,python scripts/evaluate_detections.py --detections outputs/stride-phaseb-2026-08-25/g384_ov128/run_1/detections-detect_brief-text-3-flash-2026-08-24.geojson --ground-truth inputs/vectors/references/mounds-reference.geojson --bounds outputs/grid-2026-08-18/scoring/bounds/grid_common_bounds.geojson --buffers 20 --bootstrap 10000 --seed 42 --mcc --output-dir results/uplift-supplement/k1-gapfill/stride-phaseb-2026-08-25__g384-ov128-ladder-n3-verified-p0_15-k3 --label stride-phaseb-2026-08-25__g384-ov128-ladder-n3-verified-p0_15-k3-n1,derivable,"this cell's own verifier stage processed the full vote >= 1 union (measured from outputs/stride-phaseb-2026-08-25/verifier/g384_ov128/crops_k3/candidate_manifest.json, matched-union-shell), so a K = 1 WITH-verifier cell is derivable from the committed probabilities without new API spend.",matched-union-shell,1,outputs/stride-phaseb-2026-08-25/verifier/g384_ov128/crops_k3/candidate_manifest.json,
k1::stride-phaseb-2026-08-25::g384-ov128-ladder-n5-verified-p0.15-k4,stride-phaseb-2026-08-25::g384-ov128-ladder-n5-verified-p0.15-k4,stride-phaseb-2026-08-25,g384_ov128,1,4-map-gs|curator|20m|grid-common-487,4-map-gs,curator,20,grid-common-487,proposer-verifier,verified,5,4,0.15,true,ready,,outputs/stride-phaseb-2026-08-25/g384_ov128/run_1/detections-detect_brief-text-3-flash-2026-08-24.geojson,inputs/vectors/references/mounds-reference.geojson,outputs/grid-2026-08-18/scoring/bounds/grid_common_bounds.geojson,evaluate_detections,results/uplift-supplement/k1-gapfill/stride-phaseb-2026-08-25__g384-ov128-ladder-n5-verified-p0_15-k4,python scripts/evaluate_detections.py --detections outputs/stride-phaseb-2026-08-25/g384_ov128/run_1/detections-detect_brief-text-3-flash-2026-08-24.geojson --ground-truth inputs/vectors/references/mounds-reference.geojson --bounds outputs/grid-2026-08-18/scoring/bounds/grid_common_bounds.geojson --buffers 20 --bootstrap 10000 --seed 42 --mcc --output-dir results/uplift-supplement/k1-gapfill/stride-phaseb-2026-08-25__g384-ov128-ladder-n5-verified-p0_15-k4 --label stride-phaseb-2026-08-25__g384-ov128-ladder-n5-verified-p0_15-k4-n1,derivable,"this cell's own verifier stage processed the full vote >= 1 union (measured from outputs/stride-phaseb-2026-08-25/verifier/g384_ov128/crops_k5/candidate_manifest.json, matched-union-shell), so a K = 1 WITH-verifier cell is derivable from the committed probabilities without new API spend.",matched-union-shell,1,outputs/stride-phaseb-2026-08-25/verifier/g384_ov128/crops_k5/candidate_manifest.json,
k1::stride-phasec-2026-08-25::g384-ov240-k10-verified-p0.15-k10,stride-phasec-2026-08-25::g384-ov240-k10-verified-p0.15-k10,stride-phasec-2026-08-25,g384_ov240,1,4-map-gs|curator|20m|grid-common-487,4-map-gs,curator,20,grid-common-487,proposer-verifier,verified,10,10,0.15,true,ready,,outputs/stride-phasec-2026-08-25/g384_ov240/run_1/detections-detect_brief-text-3-flash-2026-08-24.geojson,inputs/vectors/references/mounds-reference.geojson,outputs/grid-2026-08-18/scoring/bounds/grid_common_bounds.geojson,evaluate_detections,results/uplift-supplement/k1-gapfill/stride-phasec-2026-08-25__g384-ov240-k10-verified-p0_15-k10,python scripts/evaluate_detections.py --detections outputs/stride-phasec-2026-08-25/g384_ov240/run_1/detections-detect_brief-text-3-flash-2026-08-24.geojson --ground-truth inputs/vectors/references/mounds-reference.geojson --bounds outputs/grid-2026-08-18/scoring/bounds/grid_common_bounds.geojson --buffers 20 --bootstrap 10000 --seed 42 --mcc --output-dir results/uplift-supplement/k1-gapfill/stride-phasec-2026-08-25__g384-ov240-k10-verified-p0_15-k10 --label stride-phasec-2026-08-25__g384-ov240-k10-verified-p0_15-k10-n1,derivable,"this cell's own verifier stage processed the full vote >= 1 union (measured from outputs/stride-phasec-2026-08-25/verifier/g384_ov240/crops/candidate_manifest.json, sole-manifest), so a K = 1 WITH-verifier cell is derivable from the committed probabilities without new API spend.",sole-manifest,1,outputs/stride-phasec-2026-08-25/verifier/g384_ov240/crops/candidate_manifest.json,
k1::stride-55map-2026-08-25::g384-ov128-55map-verified-carried-p0.15-k8-canonical-gt,stride-55map-2026-08-25::g384-ov128-55map-verified-carried-p0.15-k8-canonical-gt,stride-55map-2026-08-25,g384_ov128_55map,1,55-map|canonical|50m|55maps-8541,55-map,canonical,50,55maps-8541,proposer-verifier,verified,10,8,0.15,true,ready,,outputs/stride-55map-2026-08-25/g384_ov128_55map/run_1/detections-detect_brief-text-3-flash-2026-08-25.geojson,inputs/vectors/references/canonical-gt-55maps-r50.geojson,inputs/vectors/bounds/384/55maps_evaluation_bounds.geojson,corrected_f1_multi_buffer,results/uplift-supplement/k1-gapfill/stride-55map-2026-08-25__g384-ov128-55map-verified-carried-p0_15-k8-canonical-gt,python scripts/compute_corrected_f1_multi_buffer.py --verified-detections outputs/stride-55map-2026-08-25/g384_ov128_55map/run_1/detections-detect_brief-text-3-flash-2026-08-25.geojson --student-gt inputs/vectors/references/student-mounds-55maps-reviewed.geojson --bounds inputs/vectors/bounds/384/55maps_evaluation_bounds.geojson --buffers 20 30 50 --n-bootstrap 10000 --seed 42 --compute-mcc --output-dir results/uplift-supplement/k1-gapfill/stride-55map-2026-08-25__g384-ov128-55map-verified-carried-p0_15-k8-canonical-gt --review-yesterday results/stride55-2026-08-27/empty-yesterday-review.csv --review-today results/deployment-oracle-2026-06-06/canonical-gt/canonical-review.csv,derivable,"this cell's own verifier stage processed the full vote >= 1 union (measured from outputs/stride-55map-2026-08-25/verifier/g384_ov128_55map/crops/candidate_manifest.json, matched-lineage), so a K = 1 WITH-verifier cell is derivable from the committed probabilities without new API spend.",matched-lineage,1,outputs/stride-55map-2026-08-25/verifier/g384_ov128_55map/crops/candidate_manifest.json,
k1::stride-55map-2026-08-25::g384-ov128-55map-verified-oracle-p0.15-k7-canonical-gt,stride-55map-2026-08-25::g384-ov128-55map-verified-oracle-p0.15-k7-canonical-gt,stride-55map-2026-08-25,g384_ov128_55map,1,55-map|canonical|50m|55maps-8541,55-map,canonical,50,55maps-8541,proposer-verifier,verified,10,7,0.15,true,ready,,outputs/stride-55map-2026-08-25/g384_ov128_55map/run_1/detections-detect_brief-text-3-flash-2026-08-25.geojson,inputs/vectors/references/canonical-gt-55maps-r50.geojson,inputs/vectors/bounds/384/55maps_evaluation_bounds.geojson,corrected_f1_multi_buffer,results/uplift-supplement/k1-gapfill/stride-55map-2026-08-25__g384-ov128-55map-verified-oracle-p0_15-k7-canonical-gt,python scripts/compute_corrected_f1_multi_buffer.py --verified-detections outputs/stride-55map-2026-08-25/g384_ov128_55map/run_1/detections-detect_brief-text-3-flash-2026-08-25.geojson --student-gt inputs/vectors/references/student-mounds-55maps-reviewed.geojson --bounds inputs/vectors/bounds/384/55maps_evaluation_bounds.geojson --buffers 20 30 50 --n-bootstrap 10000 --seed 42 --compute-mcc --output-dir results/uplift-supplement/k1-gapfill/stride-55map-2026-08-25__g384-ov128-55map-verified-oracle-p0_15-k7-canonical-gt --review-yesterday results/stride55-2026-08-27/empty-yesterday-review.csv --review-today results/deployment-oracle-2026-06-06/canonical-gt/canonical-review.csv,derivable,"this cell's own verifier stage processed the full vote >= 1 union (measured from outputs/stride-55map-2026-08-25/verifier/g384_ov128_55map/crops/candidate_manifest.json, matched-lineage), so a K = 1 WITH-verifier cell is derivable from the committed probabilities without new API spend.",matched-lineage,1,outputs/stride-55map-2026-08-25/verifier/g384_ov128_55map/crops/candidate_manifest.json,
k1::stride-55map-2026-08-25::g384-ov192-55map-verified-carried-p0.15-k10-canonical-gt,stride-55map-2026-08-25::g384-ov192-55map-verified-carried-p0.15-k10-canonical-gt,stride-55map-2026-08-25,g384_ov192_55map,1,55-map|canonical|50m|55maps-8541,55-map,canonical,50,55maps-8541,proposer-verifier,verified,10,10,0.15,true,ready,,outputs/stride-55map-2026-08-25/g384_ov192_55map/run_1/detections-detect_brief-text-3-flash-2026-08-25.geojson,inputs/vectors/references/canonical-gt-55maps-r50.geojson,inputs/vectors/bounds/384/55maps_evaluation_bounds.geojson,corrected_f1_multi_buffer,results/uplift-supplement/k1-gapfill/stride-55map-2026-08-25__g384-ov192-55map-verified-carried-p0_15-k10-canonical-gt,python scripts/compute_corrected_f1_multi_buffer.py --verified-detections outputs/stride-55map-2026-08-25/g384_ov192_55map/run_1/detections-detect_brief-text-3-flash-2026-08-25.geojson --student-gt inputs/vectors/references/student-mounds-55maps-reviewed.geojson --bounds inputs/vectors/bounds/384/55maps_evaluation_bounds.geojson --buffers 20 30 50 --n-bootstrap 10000 --seed 42 --compute-mcc --output-dir results/uplift-supplement/k1-gapfill/stride-55map-2026-08-25__g384-ov192-55map-verified-carried-p0_15-k10-canonical-gt --review-yesterday results/stride55-2026-08-27/empty-yesterday-review.csv --review-today results/deployment-oracle-2026-06-06/canonical-gt/canonical-review.csv,derivable,"this cell's own verifier stage processed the full vote >= 1 union (measured from outputs/stride-55map-2026-08-25/verifier/g384_ov192_55map/crops/candidate_manifest.json, matched-lineage), so a K = 1 WITH-verifier cell is derivable from the committed probabilities without new API spend.",matched-lineage,1,outputs/stride-55map-2026-08-25/verifier/g384_ov192_55map/crops/candidate_manifest.json,
k1::stride-55map-2026-08-25::g384-ov192-55map-verified-oracle-p0.20-k9-canonical-gt,stride-55map-2026-08-25::g384-ov192-55map-verified-oracle-p0.20-k9-canonical-gt,stride-55map-2026-08-25,g384_ov192_55map,1,55-map|canonical|50m|55maps-8541,55-map,canonical,50,55maps-8541,proposer-verifier,verified,10,9,0.2,true,ready,,outputs/stride-55map-2026-08-25/g384_ov192_55map/run_1/detections-detect_brief-text-3-flash-2026-08-25.geojson,inputs/vectors/references/canonical-gt-55maps-r50.geojson,inputs/vectors/bounds/384/55maps_evaluation_bounds.geojson,corrected_f1_multi_buffer,results/uplift-supplement/k1-gapfill/stride-55map-2026-08-25__g384-ov192-55map-verified-oracle-p0_20-k9-canonical-gt,python scripts/compute_corrected_f1_multi_buffer.py --verified-detections outputs/stride-55map-2026-08-25/g384_ov192_55map/run_1/detections-detect_brief-text-3-flash-2026-08-25.geojson --student-gt inputs/vectors/references/student-mounds-55maps-reviewed.geojson --bounds inputs/vectors/bounds/384/55maps_evaluation_bounds.geojson --buffers 20 30 50 --n-bootstrap 10000 --seed 42 --compute-mcc --output-dir results/uplift-supplement/k1-gapfill/stride-55map-2026-08-25__g384-ov192-55map-verified-oracle-p0_20-k9-canonical-gt --review-yesterday results/stride55-2026-08-27/empty-yesterday-review.csv --review-today results/deployment-oracle-2026-06-06/canonical-gt/canonical-review.csv,derivable,"this cell's own verifier stage processed the full vote >= 1 union (measured from outputs/stride-55map-2026-08-25/verifier/g384_ov192_55map/crops/candidate_manifest.json, matched-lineage), so a K = 1 WITH-verifier cell is derivable from the committed probabilities without new API spend.",matched-lineage,1,outputs/stride-55map-2026-08-25/verifier/g384_ov192_55map/crops/candidate_manifest.json,
k1::stride-55map-2026-08-25::g384-ov128-55map-n10-oracle-p0.15-k7-standardised-gt,stride-55map-2026-08-25::g384-ov128-55map-n10-oracle-p0.15-k7-standardised-gt,stride-55map-2026-08-25,g384_ov128_55map,1,55-map|standardised|50m|55maps-8541,55-map,standardised,50,55maps-8541,proposer-verifier,verified,10,7,0.15,true,ready,,outputs/stride-55map-2026-08-25/g384_ov128_55map/run_1/detections-detect_brief-text-3-flash-2026-08-25.geojson,inputs/vectors/references/best-available-gt-55maps.geojson,inputs/vectors/bounds/384/55maps_evaluation_bounds.geojson,evaluate_detections,results/uplift-supplement/k1-gapfill/stride-55map-2026-08-25__g384-ov128-55map-n10-oracle-p0_15-k7-standardised-gt,python scripts/evaluate_detections.py --detections outputs/stride-55map-2026-08-25/g384_ov128_55map/run_1/detections-detect_brief-text-3-flash-2026-08-25.geojson --ground-truth inputs/vectors/references/best-available-gt-55maps.geojson --bounds inputs/vectors/bounds/384/55maps_evaluation_bounds.geojson --buffers 5 10 15 20 25 30 35 40 45 50 75 100 125 150 --bootstrap 10000 --seed 42 --mcc --output-dir results/uplift-supplement/k1-gapfill/stride-55map-2026-08-25__g384-ov128-55map-n10-oracle-p0_15-k7-standardised-gt --label stride-55map-2026-08-25__g384-ov128-55map-n10-oracle-p0_15-k7-standardised-gt-n1,derivable,"this cell's own verifier stage processed the full vote >= 1 union (measured from outputs/stride-55map-2026-08-25/verifier/g384_ov128_55map/crops/candidate_manifest.json, matched-lineage), so a K = 1 WITH-verifier cell is derivable from the committed probabilities without new API spend.",matched-lineage,1,outputs/stride-55map-2026-08-25/verifier/g384_ov128_55map/crops/candidate_manifest.json,
k1::stride-55map-2026-08-25::g384-ov128-55map-n10-carried-p0.15-k8-standardised-gt,stride-55map-2026-08-25::g384-ov128-55map-n10-carried-p0.15-k8-standardised-gt,stride-55map-2026-08-25,g384_ov128_55map,1,55-map|standardised|50m|55maps-8541,55-map,standardised,50,55maps-8541,proposer-verifier,verified,10,8,0.15,true,ready,,outputs/stride-55map-2026-08-25/g384_ov128_55map/run_1/detections-detect_brief-text-3-flash-2026-08-25.geojson,inputs/vectors/references/best-available-gt-55maps.geojson,inputs/vectors/bounds/384/55maps_evaluation_bounds.geojson,evaluate_detections,results/uplift-supplement/k1-gapfill/stride-55map-2026-08-25__g384-ov128-55map-n10-carried-p0_15-k8-standardised-gt,python scripts/evaluate_detections.py --detections outputs/stride-55map-2026-08-25/g384_ov128_55map/run_1/detections-detect_brief-text-3-flash-2026-08-25.geojson --ground-truth inputs/vectors/references/best-available-gt-55maps.geojson --bounds inputs/vectors/bounds/384/55maps_evaluation_bounds.geojson --buffers 5 10 15 20 25 30 35 40 45 50 75 100 125 150 --bootstrap 10000 --seed 42 --mcc --output-dir results/uplift-supplement/k1-gapfill/stride-55map-2026-08-25__g384-ov128-55map-n10-carried-p0_15-k8-standardised-gt --label stride-55map-2026-08-25__g384-ov128-55map-n10-carried-p0_15-k8-standardised-gt-n1,derivable,"this cell's own verifier stage processed the full vote >= 1 union (measured from outputs/stride-55map-2026-08-25/verifier/g384_ov128_55map/crops/candidate_manifest.json, matched-lineage), so a K = 1 WITH-verifier cell is derivable from the committed probabilities without new API spend.",matched-lineage,1,outputs/stride-55map-2026-08-25/verifier/g384_ov128_55map/crops/candidate_manifest.json,
k1::stride-55map-2026-08-25::g384-ov128-55map-n3-oracle-p0.20-k2-standardised-gt,stride-55map-2026-08-25::g384-ov128-55map-n3-oracle-p0.20-k2-standardised-gt,stride-55map-2026-08-25,g384_ov128_55map,1,55-map|standardised|50m|55maps-8541,55-map,standardised,50,55maps-8541,proposer-verifier,verified,3,2,0.2,true,ready,,outputs/stride-55map-2026-08-25/g384_ov128_55map/run_1/detections-detect_brief-text-3-flash-2026-08-25.geojson,inputs/vectors/references/best-available-gt-55maps.geojson,inputs/vectors/bounds/384/55maps_evaluation_bounds.geojson,evaluate_detections,results/uplift-supplement/k1-gapfill/stride-55map-2026-08-25__g384-ov128-55map-n3-oracle-p0_20-k2-standardised-gt,python scripts/evaluate_detections.py --detections outputs/stride-55map-2026-08-25/g384_ov128_55map/run_1/detections-detect_brief-text-3-flash-2026-08-25.geojson --ground-truth inputs/vectors/references/best-available-gt-55maps.geojson --bounds inputs/vectors/bounds/384/55maps_evaluation_bounds.geojson --buffers 5 10 15 20 25 30 35 40 45 50 75 100 125 150 --bootstrap 10000 --seed 42 --mcc --output-dir results/uplift-supplement/k1-gapfill/stride-55map-2026-08-25__g384-ov128-55map-n3-oracle-p0_20-k2-standardised-gt --label stride-55map-2026-08-25__g384-ov128-55map-n3-oracle-p0_20-k2-standardised-gt-n1,derivable,"this cell's own verifier stage processed the full vote >= 1 union (measured from outputs/stride-55map-2026-08-25/verifier/g384_ov128_55map/crops/candidate_manifest.json, matched-lineage-via-union_k10-superset), so a K = 1 WITH-verifier cell is derivable from the committed probabilities without new API spend.",matched-lineage-via-union_k10-superset,1,outputs/stride-55map-2026-08-25/verifier/g384_ov128_55map/crops/candidate_manifest.json,
k1::stride-55map-2026-08-25::g384-ov128-55map-n5-oracle-p0.15-k4-standardised-gt,stride-55map-2026-08-25::g384-ov128-55map-n5-oracle-p0.15-k4-standardised-gt,stride-55map-2026-08-25,g384_ov128_55map,1,55-map|standardised|50m|55maps-8541,55-map,standardised,50,55maps-8541,proposer-verifier,verified,5,4,0.15,true,ready,,outputs/stride-55map-2026-08-25/g384_ov128_55map/run_1/detections-detect_brief-text-3-flash-2026-08-25.geojson,inputs/vectors/references/best-available-gt-55maps.geojson,inputs/vectors/bounds/384/55maps_evaluation_bounds.geojson,evaluate_detections,results/uplift-supplement/k1-gapfill/stride-55map-2026-08-25__g384-ov128-55map-n5-oracle-p0_15-k4-standardised-gt,python scripts/evaluate_detections.py --detections outputs/stride-55map-2026-08-25/g384_ov128_55map/run_1/detections-detect_brief-text-3-flash-2026-08-25.geojson --ground-truth inputs/vectors/references/best-available-gt-55maps.geojson --bounds inputs/vectors/bounds/384/55maps_evaluation_bounds.geojson --buffers 5 10 15 20 25 30 35 40 45 50 75 100 125 150 --bootstrap 10000 --seed 42 --mcc --output-dir results/uplift-supplement/k1-gapfill/stride-55map-2026-08-25__g384-ov128-55map-n5-oracle-p0_15-k4-standardised-gt --label stride-55map-2026-08-25__g384-ov128-55map-n5-oracle-p0_15-k4-standardised-gt-n1,derivable,"this cell's own verifier stage processed the full vote >= 1 union (measured from outputs/stride-55map-2026-08-25/verifier/g384_ov128_55map/crops/candidate_manifest.json, matched-lineage-via-union_k10-superset), so a K = 1 WITH-verifier cell is derivable from the committed probabilities without new API spend.",matched-lineage-via-union_k10-superset,1,outputs/stride-55map-2026-08-25/verifier/g384_ov128_55map/crops/candidate_manifest.json,
k1::stride-55map-2026-08-25::g384-ov128-55map-n5-carried-p0.15-k4-standardised-gt,stride-55map-2026-08-25::g384-ov128-55map-n5-carried-p0.15-k4-standardised-gt,stride-55map-2026-08-25,g384_ov128_55map,1,55-map|standardised|50m|55maps-8541,55-map,standardised,50,55maps-8541,proposer-verifier,verified,5,4,0.15,true,ready,,outputs/stride-55map-2026-08-25/g384_ov128_55map/run_1/detections-detect_brief-text-3-flash-2026-08-25.geojson,inputs/vectors/references/best-available-gt-55maps.geojson,inputs/vectors/bounds/384/55maps_evaluation_bounds.geojson,evaluate_detections,results/uplift-supplement/k1-gapfill/stride-55map-2026-08-25__g384-ov128-55map-n5-carried-p0_15-k4-standardised-gt,python scripts/evaluate_detections.py --detections outputs/stride-55map-2026-08-25/g384_ov128_55map/run_1/detections-detect_brief-text-3-flash-2026-08-25.geojson --ground-truth inputs/vectors/references/best-available-gt-55maps.geojson --bounds inputs/vectors/bounds/384/55maps_evaluation_bounds.geojson --buffers 5 10 15 20 25 30 35 40 45 50 75 100 125 150 --bootstrap 10000 --seed 42 --mcc --output-dir results/uplift-supplement/k1-gapfill/stride-55map-2026-08-25__g384-ov128-55map-n5-carried-p0_15-k4-standardised-gt --label stride-55map-2026-08-25__g384-ov128-55map-n5-carried-p0_15-k4-standardised-gt-n1,derivable,"this cell's own verifier stage processed the full vote >= 1 union (measured from outputs/stride-55map-2026-08-25/verifier/g384_ov128_55map/crops/candidate_manifest.json, matched-lineage-via-union_k10-superset), so a K = 1 WITH-verifier cell is derivable from the committed probabilities without new API spend.",matched-lineage-via-union_k10-superset,1,outputs/stride-55map-2026-08-25/verifier/g384_ov128_55map/crops/candidate_manifest.json,
k1::stride-55map-2026-08-25::g384-ov192-55map-n10-oracle-p0.20-k9-standardised-gt,stride-55map-2026-08-25::g384-ov192-55map-n10-oracle-p0.20-k9-standardised-gt,stride-55map-2026-08-25,g384_ov192_55map,1,55-map|standardised|50m|55maps-8541,55-map,standardised,50,55maps-8541,proposer-verifier,verified,10,9,0.2,true,ready,,outputs/stride-55map-2026-08-25/g384_ov192_55map/run_1/detections-detect_brief-text-3-flash-2026-08-25.geojson,inputs/vectors/references/best-available-gt-55maps.geojson,inputs/vectors/bounds/384/55maps_evaluation_bounds.geojson,evaluate_detections,results/uplift-supplement/k1-gapfill/stride-55map-2026-08-25__g384-ov192-55map-n10-oracle-p0_20-k9-standardised-gt,python scripts/evaluate_detections.py --detections outputs/stride-55map-2026-08-25/g384_ov192_55map/run_1/detections-detect_brief-text-3-flash-2026-08-25.geojson --ground-truth inputs/vectors/references/best-available-gt-55maps.geojson --bounds inputs/vectors/bounds/384/55maps_evaluation_bounds.geojson --buffers 5 10 15 20 25 30 35 40 45 50 75 100 125 150 --bootstrap 10000 --seed 42 --mcc --output-dir results/uplift-supplement/k1-gapfill/stride-55map-2026-08-25__g384-ov192-55map-n10-oracle-p0_20-k9-standardised-gt --label stride-55map-2026-08-25__g384-ov192-55map-n10-oracle-p0_20-k9-standardised-gt-n1,derivable,"this cell's own verifier stage processed the full vote >= 1 union (measured from outputs/stride-55map-2026-08-25/verifier/g384_ov192_55map/crops/candidate_manifest.json, matched-lineage), so a K = 1 WITH-verifier cell is derivable from the committed probabilities without new API spend.",matched-lineage,1,outputs/stride-55map-2026-08-25/verifier/g384_ov192_55map/crops/candidate_manifest.json,
k1::stride-55map-2026-08-25::g384-ov192-55map-n10-carried-p0.15-k10-standardised-gt,stride-55map-2026-08-25::g384-ov192-55map-n10-carried-p0.15-k10-standardised-gt,stride-55map-2026-08-25,g384_ov192_55map,1,55-map|standardised|50m|55maps-8541,55-map,standardised,50,55maps-8541,proposer-verifier,verified,10,10,0.15,true,ready,,outputs/stride-55map-2026-08-25/g384_ov192_55map/run_1/detections-detect_brief-text-3-flash-2026-08-25.geojson,inputs/vectors/references/best-available-gt-55maps.geojson,inputs/vectors/bounds/384/55maps_evaluation_bounds.geojson,evaluate_detections,results/uplift-supplement/k1-gapfill/stride-55map-2026-08-25__g384-ov192-55map-n10-carried-p0_15-k10-standardised-gt,python scripts/evaluate_detections.py --detections outputs/stride-55map-2026-08-25/g384_ov192_55map/run_1/detections-detect_brief-text-3-flash-2026-08-25.geojson --ground-truth inputs/vectors/references/best-available-gt-55maps.geojson --bounds inputs/vectors/bounds/384/55maps_evaluation_bounds.geojson --buffers 5 10 15 20 25 30 35 40 45 50 75 100 125 150 --bootstrap 10000 --seed 42 --mcc --output-dir results/uplift-supplement/k1-gapfill/stride-55map-2026-08-25__g384-ov192-55map-n10-carried-p0_15-k10-standardised-gt --label stride-55map-2026-08-25__g384-ov192-55map-n10-carried-p0_15-k10-standardised-gt-n1,derivable,"this cell's own verifier stage processed the full vote >= 1 union (measured from outputs/stride-55map-2026-08-25/verifier/g384_ov192_55map/crops/candidate_manifest.json, matched-lineage), so a K = 1 WITH-verifier cell is derivable from the committed probabilities without new API spend.",matched-lineage,1,outputs/stride-55map-2026-08-25/verifier/g384_ov192_55map/crops/candidate_manifest.json,
k1::stride-55map-2026-08-25::g384-ov192-55map-n3-oracle-p0.20-k3-standardised-gt,stride-55map-2026-08-25::g384-ov192-55map-n3-oracle-p0.20-k3-standardised-gt,stride-55map-2026-08-25,g384_ov192_55map,1,55-map|standardised|50m|55maps-8541,55-map,standardised,50,55maps-8541,proposer-verifier,verified,3,3,0.2,true,ready,,outputs/stride-55map-2026-08-25/g384_ov192_55map/run_1/detections-detect_brief-text-3-flash-2026-08-25.geojson,inputs/vectors/references/best-available-gt-55maps.geojson,inputs/vectors/bounds/384/55maps_evaluation_bounds.geojson,evaluate_detections,results/uplift-supplement/k1-gapfill/stride-55map-2026-08-25__g384-ov192-55map-n3-oracle-p0_20-k3-standardised-gt,python scripts/evaluate_detections.py --detections outputs/stride-55map-2026-08-25/g384_ov192_55map/run_1/detections-detect_brief-text-3-flash-2026-08-25.geojson --ground-truth inputs/vectors/references/best-available-gt-55maps.geojson --bounds inputs/vectors/bounds/384/55maps_evaluation_bounds.geojson --buffers 5 10 15 20 25 30 35 40 45 50 75 100 125 150 --bootstrap 10000 --seed 42 --mcc --output-dir results/uplift-supplement/k1-gapfill/stride-55map-2026-08-25__g384-ov192-55map-n3-oracle-p0_20-k3-standardised-gt --label stride-55map-2026-08-25__g384-ov192-55map-n3-oracle-p0_20-k3-standardised-gt-n1,derivable,"this cell's own verifier stage processed the full vote >= 1 union (measured from outputs/stride-55map-2026-08-25/verifier/g384_ov192_55map/crops/candidate_manifest.json, matched-lineage-via-union_k10-superset), so a K = 1 WITH-verifier cell is derivable from the committed probabilities without new API spend.",matched-lineage-via-union_k10-superset,1,outputs/stride-55map-2026-08-25/verifier/g384_ov192_55map/crops/candidate_manifest.json,
k1::stride-55map-2026-08-25::g384-ov192-55map-n5-oracle-p0.20-k5-standardised-gt,stride-55map-2026-08-25::g384-ov192-55map-n5-oracle-p0.20-k5-standardised-gt,stride-55map-2026-08-25,g384_ov192_55map,1,55-map|standardised|50m|55maps-8541,55-map,standardised,50,55maps-8541,proposer-verifier,verified,5,5,0.2,true,ready,,outputs/stride-55map-2026-08-25/g384_ov192_55map/run_1/detections-detect_brief-text-3-flash-2026-08-25.geojson,inputs/vectors/references/best-available-gt-55maps.geojson,inputs/vectors/bounds/384/55maps_evaluation_bounds.geojson,evaluate_detections,results/uplift-supplement/k1-gapfill/stride-55map-2026-08-25__g384-ov192-55map-n5-oracle-p0_20-k5-standardised-gt,python scripts/evaluate_detections.py --detections outputs/stride-55map-2026-08-25/g384_ov192_55map/run_1/detections-detect_brief-text-3-flash-2026-08-25.geojson --ground-truth inputs/vectors/references/best-available-gt-55maps.geojson --bounds inputs/vectors/bounds/384/55maps_evaluation_bounds.geojson --buffers 5 10 15 20 25 30 35 40 45 50 75 100 125 150 --bootstrap 10000 --seed 42 --mcc --output-dir results/uplift-supplement/k1-gapfill/stride-55map-2026-08-25__g384-ov192-55map-n5-oracle-p0_20-k5-standardised-gt --label stride-55map-2026-08-25__g384-ov192-55map-n5-oracle-p0_20-k5-standardised-gt-n1,derivable,"this cell's own verifier stage processed the full vote >= 1 union (measured from outputs/stride-55map-2026-08-25/verifier/g384_ov192_55map/crops/candidate_manifest.json, matched-lineage-via-union_k10-superset), so a K = 1 WITH-verifier cell is derivable from the committed probabilities without new API spend.",matched-lineage-via-union_k10-superset,1,outputs/stride-55map-2026-08-25/verifier/g384_ov192_55map/crops/candidate_manifest.json,
k1::stride-55map-2026-08-25::g384-ov192-55map-n5-carried-p0.15-k5-standardised-gt,stride-55map-2026-08-25::g384-ov192-55map-n5-carried-p0.15-k5-standardised-gt,stride-55map-2026-08-25,g384_ov192_55map,1,55-map|standardised|50m|55maps-8541,55-map,standardised,50,55maps-8541,proposer-verifier,verified,5,5,0.15,true,ready,,outputs/stride-55map-2026-08-25/g384_ov192_55map/run_1/detections-detect_brief-text-3-flash-2026-08-25.geojson,inputs/vectors/references/best-available-gt-55maps.geojson,inputs/vectors/bounds/384/55maps_evaluation_bounds.geojson,evaluate_detections,results/uplift-supplement/k1-gapfill/stride-55map-2026-08-25__g384-ov192-55map-n5-carried-p0_15-k5-standardised-gt,python scripts/evaluate_detections.py --detections outputs/stride-55map-2026-08-25/g384_ov192_55map/run_1/detections-detect_brief-text-3-flash-2026-08-25.geojson --ground-truth inputs/vectors/references/best-available-gt-55maps.geojson --bounds inputs/vectors/bounds/384/55maps_evaluation_bounds.geojson --buffers 5 10 15 20 25 30 35 40 45 50 75 100 125 150 --bootstrap 10000 --seed 42 --mcc --output-dir results/uplift-supplement/k1-gapfill/stride-55map-2026-08-25__g384-ov192-55map-n5-carried-p0_15-k5-standardised-gt --label stride-55map-2026-08-25__g384-ov192-55map-n5-carried-p0_15-k5-standardised-gt-n1,derivable,"this cell's own verifier stage processed the full vote >= 1 union (measured from outputs/stride-55map-2026-08-25/verifier/g384_ov192_55map/crops/candidate_manifest.json, matched-lineage-via-union_k10-superset), so a K = 1 WITH-verifier cell is derivable from the committed probabilities without new API spend.",matched-lineage-via-union_k10-superset,1,outputs/stride-55map-2026-08-25/verifier/g384_ov192_55map/crops/candidate_manifest.json,
k1::stride-55map-2026-08-25::g384-ov128-55map-n3-carried-posthoc-p0.15-k3-standardised-gt,stride-55map-2026-08-25::g384-ov128-55map-n3-carried-posthoc-p0.15-k3-standardised-gt,stride-55map-2026-08-25,g384_ov128_55map,1,55-map|standardised|50m|55maps-8541,55-map,standardised,50,55maps-8541,proposer-verifier,verified,3,3,0.15,true,ready,,outputs/stride-55map-2026-08-25/g384_ov128_55map/run_1/detections-detect_brief-text-3-flash-2026-08-25.geojson,inputs/vectors/references/best-available-gt-55maps.geojson,inputs/vectors/bounds/384/55maps_evaluation_bounds.geojson,evaluate_detections,results/uplift-supplement/k1-gapfill/stride-55map-2026-08-25__g384-ov128-55map-n3-carried-posthoc-p0_15-k3-standardised-gt,python scripts/evaluate_detections.py --detections outputs/stride-55map-2026-08-25/g384_ov128_55map/run_1/detections-detect_brief-text-3-flash-2026-08-25.geojson --ground-truth inputs/vectors/references/best-available-gt-55maps.geojson --bounds inputs/vectors/bounds/384/55maps_evaluation_bounds.geojson --buffers 5 10 15 20 25 30 35 40 45 50 75 100 125 150 --bootstrap 10000 --seed 42 --mcc --output-dir results/uplift-supplement/k1-gapfill/stride-55map-2026-08-25__g384-ov128-55map-n3-carried-posthoc-p0_15-k3-standardised-gt --label stride-55map-2026-08-25__g384-ov128-55map-n3-carried-posthoc-p0_15-k3-standardised-gt-n1,derivable,"this cell's own verifier stage processed the full vote >= 1 union (measured from outputs/stride-55map-2026-08-25/verifier/g384_ov128_55map/crops/candidate_manifest.json, matched-lineage-via-union_k10-superset), so a K = 1 WITH-verifier cell is derivable from the committed probabilities without new API spend.",matched-lineage-via-union_k10-superset,1,outputs/stride-55map-2026-08-25/verifier/g384_ov128_55map/crops/candidate_manifest.json,
k1::stride-55map-2026-08-25::g384-ov192-55map-n3-carried-posthoc-p0.15-k3-standardised-gt,stride-55map-2026-08-25::g384-ov192-55map-n3-carried-posthoc-p0.15-k3-standardised-gt,stride-55map-2026-08-25,g384_ov192_55map,1,55-map|standardised|50m|55maps-8541,55-map,standardised,50,55maps-8541,proposer-verifier,verified,3,3,0.15,true,ready,,outputs/stride-55map-2026-08-25/g384_ov192_55map/run_1/detections-detect_brief-text-3-flash-2026-08-25.geojson,inputs/vectors/references/best-available-gt-55maps.geojson,inputs/vectors/bounds/384/55maps_evaluation_bounds.geojson,evaluate_detections,results/uplift-supplement/k1-gapfill/stride-55map-2026-08-25__g384-ov192-55map-n3-carried-posthoc-p0_15-k3-standardised-gt,python scripts/evaluate_detections.py --detections outputs/stride-55map-2026-08-25/g384_ov192_55map/run_1/detections-detect_brief-text-3-flash-2026-08-25.geojson --ground-truth inputs/vectors/references/best-available-gt-55maps.geojson --bounds inputs/vectors/bounds/384/55maps_evaluation_bounds.geojson --buffers 5 10 15 20 25 30 35 40 45 50 75 100 125 150 --bootstrap 10000 --seed 42 --mcc --output-dir results/uplift-supplement/k1-gapfill/stride-55map-2026-08-25__g384-ov192-55map-n3-carried-posthoc-p0_15-k3-standardised-gt --label stride-55map-2026-08-25__g384-ov192-55map-n3-carried-posthoc-p0_15-k3-standardised-gt-n1,derivable,"this cell's own verifier stage processed the full vote >= 1 union (measured from outputs/stride-55map-2026-08-25/verifier/g384_ov192_55map/crops/candidate_manifest.json, matched-lineage-via-union_k10-superset), so a K = 1 WITH-verifier cell is derivable from the committed probabilities without new API spend.",matched-lineage-via-union_k10-superset,1,outputs/stride-55map-2026-08-25/verifier/g384_ov192_55map/crops/candidate_manifest.json,
k1::image-b-gs-2026-08-28::g384-ov192-image-min-k10-verified-p0.15-k9,image-b-gs-2026-08-28::g384-ov192-image-min-k10-verified-p0.15-k9,image-b-gs-2026-08-28,g384_ov192_image,1,4-map-gs|curator|20m|grid-common-487,4-map-gs,curator,20,grid-common-487,proposer-verifier,verified,10,9,0.15,true,ready,,outputs/image-b-gs-2026-08-28/g384_ov192_image/run_1/detections-detect_brief-text-image-3-flash-2026-08-28.geojson,inputs/vectors/references/mounds-reference.geojson,outputs/grid-2026-08-18/scoring/bounds/grid_common_bounds.geojson,evaluate_detections,results/uplift-supplement/k1-gapfill/image-b-gs-2026-08-28__g384-ov192-image-min-k10-verified-p0_15-k9,python scripts/evaluate_detections.py --detections outputs/image-b-gs-2026-08-28/g384_ov192_image/run_1/detections-detect_brief-text-image-3-flash-2026-08-28.geojson --ground-truth inputs/vectors/references/mounds-reference.geojson --bounds outputs/grid-2026-08-18/scoring/bounds/grid_common_bounds.geojson --buffers 5 10 15 20 25 30 35 40 45 50 75 100 125 150 --bootstrap 10000 --seed 42 --mcc --output-dir results/uplift-supplement/k1-gapfill/image-b-gs-2026-08-28__g384-ov192-image-min-k10-verified-p0_15-k9 --label image-b-gs-2026-08-28__g384-ov192-image-min-k10-verified-p0_15-k9-n1,derivable,"this cell's own verifier stage processed the full vote >= 1 union (measured from outputs/image-b-gs-2026-08-28/verifier/g384_ov192_image/crops/candidate_manifest.json, matched-lineage), so a K = 1 WITH-verifier cell is derivable from the committed probabilities without new API spend.",matched-lineage,1,outputs/image-b-gs-2026-08-28/verifier/g384_ov192_image/crops/candidate_manifest.json,
k1::image-b-gs-2026-08-28::g384-ov192-image-high-k10-verified-p0.20-k8,image-b-gs-2026-08-28::g384-ov192-image-high-k10-verified-p0.20-k8,image-b-gs-2026-08-28,g384_ov192_image_high,1,4-map-gs|curator|20m|grid-common-487,4-map-gs,curator,20,grid-common-487,proposer-verifier,verified,10,8,0.2,true,ready,,outputs/image-b-gs-2026-08-28/g384_ov192_image_high/run_1/detections-detect_brief-text-image-3-flash-2026-08-28.geojson,inputs/vectors/references/mounds-reference.geojson,outputs/grid-2026-08-18/scoring/bounds/grid_common_bounds.geojson,evaluate_detections,results/uplift-supplement/k1-gapfill/image-b-gs-2026-08-28__g384-ov192-image-high-k10-verified-p0_20-k8,python scripts/evaluate_detections.py --detections outputs/image-b-gs-2026-08-28/g384_ov192_image_high/run_1/detections-detect_brief-text-image-3-flash-2026-08-28.geojson --ground-truth inputs/vectors/references/mounds-reference.geojson --bounds outputs/grid-2026-08-18/scoring/bounds/grid_common_bounds.geojson --buffers 5 10 15 20 25 30 35 40 45 50 75 100 125 150 --bootstrap 10000 --seed 42 --mcc --output-dir results/uplift-supplement/k1-gapfill/image-b-gs-2026-08-28__g384-ov192-image-high-k10-verified-p0_20-k8 --label image-b-gs-2026-08-28__g384-ov192-image-high-k10-verified-p0_20-k8-n1,derivable,"this cell's own verifier stage processed the full vote >= 1 union (measured from outputs/image-b-gs-2026-08-28/verifier/g384_ov192_image_high/crops/candidate_manifest.json, matched-lineage), so a K = 1 WITH-verifier cell is derivable from the committed probabilities without new API spend.",matched-lineage,1,outputs/image-b-gs-2026-08-28/verifier/g384_ov192_image_high/crops/candidate_manifest.json,
