=== K1 GAPFILL START 2026-08-29T04:40:15+00:00
INFO: Detection files: 1
INFO: Loading ground truth: inputs/vectors/references/student-mounds-55maps-reviewed.geojson
INFO: Loading bounds: inputs/vectors/bounds/384/55maps_evaluation_bounds.geojson
INFO: Reference: 4746 mounds, 8541 evaluation tiles
INFO: Evaluating: detections-detect_brief-text-3-flash-2026-04-09.geojson
INFO:   5m: F1=0.027 [0.025, 0.030], P=0.016 [0.015, 0.018], R=0.085 [0.077, 0.094]
INFO:   10m: F1=0.091 [0.085, 0.097], P=0.054 [0.050, 0.058], R=0.282 [0.268, 0.296]
INFO:   15m: F1=0.154 [0.146, 0.162], P=0.092 [0.087, 0.097], R=0.479 [0.463, 0.496]
INFO:   20m: F1=0.207 [0.197, 0.217], P=0.123 [0.117, 0.130], R=0.643 [0.627, 0.659]
INFO:   25m: F1=0.239 [0.228, 0.250], P=0.142 [0.135, 0.150], R=0.742 [0.727, 0.756]
INFO:   30m: F1=0.259 [0.248, 0.271], P=0.154 [0.147, 0.162], R=0.806 [0.792, 0.818]
INFO:   35m: F1=0.271 [0.259, 0.282], P=0.161 [0.154, 0.169], R=0.842 [0.829, 0.853]
INFO:   40m: F1=0.276 [0.265, 0.288], P=0.164 [0.156, 0.173], R=0.858 [0.846, 0.869]
INFO:   45m: F1=0.279 [0.268, 0.291], P=0.166 [0.158, 0.175], R=0.868 [0.856, 0.879]
INFO:   50m: F1=0.282 [0.270, 0.294], P=0.168 [0.160, 0.176], R=0.876 [0.864, 0.886]
INFO:   75m: F1=0.286 [0.275, 0.298], P=0.170 [0.162, 0.179], R=0.890 [0.879, 0.899]
INFO:   100m: F1=0.288 [0.277, 0.300], P=0.172 [0.164, 0.180], R=0.896 [0.885, 0.906]
INFO:   125m: F1=0.289 [0.278, 0.301], P=0.172 [0.164, 0.181], R=0.899 [0.889, 0.909]
INFO:   150m: F1=0.290 [0.278, 0.302], P=0.173 [0.164, 0.181], R=0.901 [0.890, 0.910]
INFO:   MCC=0.204 [0.188, 0.219], Sens=0.970, Spec=0.160
INFO: JSON written: results/uplift-supplement/k1-gapfill/55maps-generalisation__verified-paired/evaluation.json
INFO: CSV written: results/uplift-supplement/k1-gapfill/55maps-generalisation__verified-paired/evaluation.csv
INFO: Markdown written: results/uplift-supplement/k1-gapfill/55maps-generalisation__verified-paired/evaluation.md
INFO: Detection files: 1
INFO: Loading ground truth: inputs/vectors/references/student-mounds-55maps-reviewed.geojson
INFO: Loading bounds: inputs/vectors/bounds/384/55maps_evaluation_bounds.geojson
INFO: Reference: 4746 mounds, 8541 evaluation tiles
INFO: Evaluating: detections-library_plus-hp-3-flash-2026-04-18.geojson
INFO:   5m: F1=0.024 [0.021, 0.027], P=0.015 [0.013, 0.017], R=0.061 [0.054, 0.068]
INFO:   10m: F1=0.077 [0.072, 0.083], P=0.048 [0.045, 0.052], R=0.199 [0.187, 0.211]
INFO:   15m: F1=0.142 [0.134, 0.150], P=0.088 [0.083, 0.093], R=0.363 [0.349, 0.379]
INFO:   20m: F1=0.201 [0.191, 0.211], P=0.125 [0.118, 0.132], R=0.516 [0.499, 0.532]
INFO:   25m: F1=0.249 [0.238, 0.259], P=0.154 [0.147, 0.162], R=0.638 [0.623, 0.654]
INFO:   30m: F1=0.281 [0.269, 0.292], P=0.174 [0.166, 0.183], R=0.721 [0.707, 0.735]
INFO:   35m: F1=0.302 [0.290, 0.314], P=0.187 [0.179, 0.197], R=0.775 [0.762, 0.788]
INFO:   40m: F1=0.316 [0.304, 0.329], P=0.196 [0.187, 0.206], R=0.812 [0.799, 0.824]
INFO:   45m: F1=0.327 [0.315, 0.340], P=0.203 [0.194, 0.213], R=0.841 [0.829, 0.852]
INFO:   50m: F1=0.334 [0.321, 0.347], P=0.207 [0.198, 0.217], R=0.858 [0.846, 0.869]
INFO:   75m: F1=0.349 [0.336, 0.362], P=0.217 [0.207, 0.227], R=0.897 [0.887, 0.906]
INFO:   100m: F1=0.354 [0.341, 0.367], P=0.220 [0.210, 0.230], R=0.909 [0.900, 0.918]
INFO:   125m: F1=0.356 [0.343, 0.369], P=0.221 [0.211, 0.231], R=0.915 [0.906, 0.923]
INFO:   150m: F1=0.358 [0.345, 0.372], P=0.223 [0.213, 0.233], R=0.920 [0.912, 0.928]
INFO:   MCC=0.354 [0.339, 0.369], Sens=0.952, Spec=0.353
INFO: JSON written: results/uplift-supplement/k1-gapfill/55maps-image-generalisation__verified/evaluation.json
INFO: CSV written: results/uplift-supplement/k1-gapfill/55maps-image-generalisation__verified/evaluation.csv
INFO: Markdown written: results/uplift-supplement/k1-gapfill/55maps-image-generalisation__verified/evaluation.md
Loading inputs...
  detections: 19,630
  student GT: 4,746
  bounds tiles: 8,541
  review (yesterday): 0
  review (today):     773
  excluded sentinels (>150 m shell, buffer_metres=200): 10

--- Buffer R = 5 m ---
R=5m  TP=288  FP=19342  FN=4458  n_ref_student=4746  n_reviewer_promoted=0  n_ref_ext_scoped=4746
  P=0.0147  R=0.0607  F1=0.0236
  95% CIs — P=[0.0129, 0.0165] R=[0.0537, 0.0678] F1=[0.0208, 0.0265]
  MCC=0.3541  tiles TP/TN/FP/FN=3220/1824/3336/161

--- Buffer R = 10 m ---
R=10m  TP=944  FP=18686  FN=3802  n_ref_student=4746  n_reviewer_promoted=0  n_ref_ext_scoped=4746
  P=0.0481  R=0.1989  F1=0.0775
  95% CIs — P=[0.0445, 0.0517] R=[0.1869, 0.2112] F1=[0.0721, 0.0830]
  MCC=0.3541  tiles TP/TN/FP/FN=3220/1824/3336/161

--- Buffer R = 15 m ---
R=15m  TP=1725  FP=17905  FN=3021  n_ref_student=4746  n_reviewer_promoted=0  n_ref_ext_scoped=4746
  P=0.0879  R=0.3635  F1=0.1415
  95% CIs — P=[0.0826, 0.0934] R=[0.3483, 0.3788] F1=[0.1339, 0.1495]
  MCC=0.3541  tiles TP/TN/FP/FN=3220/1824/3336/161

--- Buffer R = 20 m ---
R=20m  TP=2447  FP=17183  FN=2299  n_ref_student=4746  n_reviewer_promoted=0  n_ref_ext_scoped=4746
  P=0.1247  R=0.5156  F1=0.2008
  95% CIs — P=[0.1179, 0.1316] R=[0.4996, 0.5320] F1=[0.1913, 0.2104]
  MCC=0.3541  tiles TP/TN/FP/FN=3220/1824/3336/161

--- Buffer R = 25 m ---
R=25m  TP=3030  FP=16600  FN=1716  n_ref_student=4746  n_reviewer_promoted=0  n_ref_ext_scoped=4746
  P=0.1544  R=0.6384  F1=0.2486
  95% CIs — P=[0.1467, 0.1622] R=[0.6229, 0.6539] F1=[0.2379, 0.2593]
  MCC=0.3541  tiles TP/TN/FP/FN=3220/1824/3336/161

--- Buffer R = 30 m ---
R=30m  TP=3422  FP=16208  FN=1324  n_ref_student=4746  n_reviewer_promoted=0  n_ref_ext_scoped=4746
  P=0.1743  R=0.7210  F1=0.2808
  95% CIs — P=[0.1659, 0.1829] R=[0.7068, 0.7353] F1=[0.2692, 0.2923]
  MCC=0.3541  tiles TP/TN/FP/FN=3220/1824/3336/161

--- Buffer R = 35 m ---
R=35m  TP=3679  FP=15951  FN=1067  n_ref_student=4746  n_reviewer_promoted=0  n_ref_ext_scoped=4746
  P=0.1874  R=0.7752  F1=0.3019
  95% CIs — P=[0.1786, 0.1966] R=[0.7619, 0.7884] F1=[0.2898, 0.3141]
  MCC=0.3541  tiles TP/TN/FP/FN=3220/1824/3336/161

--- Buffer R = 40 m ---
R=40m  TP=3854  FP=15776  FN=892  n_ref_student=4746  n_reviewer_promoted=0  n_ref_ext_scoped=4746
  P=0.1963  R=0.8121  F1=0.3162
  95% CIs — P=[0.1871, 0.2058] R=[0.7994, 0.8244] F1=[0.3038, 0.3286]
  MCC=0.3541  tiles TP/TN/FP/FN=3220/1824/3336/161

--- Buffer R = 45 m ---
R=45m  TP=3991  FP=15639  FN=755  n_ref_student=4746  n_reviewer_promoted=0  n_ref_ext_scoped=4746
  P=0.2033  R=0.8409  F1=0.3275
  95% CIs — P=[0.1940, 0.2129] R=[0.8292, 0.8524] F1=[0.3148, 0.3401]
  MCC=0.3541  tiles TP/TN/FP/FN=3220/1824/3336/161

--- Buffer R = 50 m ---
  build_extended_gt: dropped 1 phantom(s) within 5.0 m of a same-map student-GT point (channel-duplicated rescue de-duplication)
R=50m  TP=4418  FP=15212  FN=742  n_ref_student=4746  n_reviewer_promoted=414  n_ref_ext_scoped=5160
  P=0.2251  R=0.8562  F1=0.3564
  95% CIs — P=[0.2151, 0.2351] R=[0.8453, 0.8669] F1=[0.3436, 0.3692]
  MCC=0.3638  tiles TP/TN/FP/FN=3351/1812/3205/173

--- Buffer R = 75 m ---
  build_extended_gt: dropped 1 phantom(s) within 5.0 m of a same-map student-GT point (channel-duplicated rescue de-duplication)
R=75m  TP=4718  FP=14912  FN=621  n_ref_student=4746  n_reviewer_promoted=593  n_ref_ext_scoped=5339
  P=0.2403  R=0.8837  F1=0.3779
  95% CIs — P=[0.2300, 0.2508] R=[0.8742, 0.8928] F1=[0.3648, 0.3910]
  MCC=0.3646  tiles TP/TN/FP/FN=3366/1810/3190/175

--- Buffer R = 100 m ---
  build_extended_gt: dropped 1 phantom(s) within 5.0 m of a same-map student-GT point (channel-duplicated rescue de-duplication)
R=100m  TP=4829  FP=14801  FN=601  n_ref_student=4746  n_reviewer_promoted=684  n_ref_ext_scoped=5430
  P=0.2460  R=0.8893  F1=0.3854
  95% CIs — P=[0.2356, 0.2568] R=[0.8802, 0.8983] F1=[0.3722, 0.3985]
  MCC=0.3658  tiles TP/TN/FP/FN=3376/1810/3180/175

--- Buffer R = 125 m ---
  build_extended_gt: dropped 1 phantom(s) within 5.0 m of a same-map student-GT point (channel-duplicated rescue de-duplication)
R=125m  TP=4884  FP=14746  FN=590  n_ref_student=4746  n_reviewer_promoted=728  n_ref_ext_scoped=5474
  P=0.2488  R=0.8922  F1=0.3891
  95% CIs — P=[0.2382, 0.2596] R=[0.8832, 0.9008] F1=[0.3758, 0.4023]
  MCC=0.3658  tiles TP/TN/FP/FN=3380/1809/3176/176

--- Buffer R = 150 m ---
  build_extended_gt: dropped 1 phantom(s) within 5.0 m of a same-map student-GT point (channel-duplicated rescue de-duplication)
R=150m  TP=4928  FP=14702  FN=580  n_ref_student=4746  n_reviewer_promoted=762  n_ref_ext_scoped=5508
  P=0.2510  R=0.8947  F1=0.3921
  95% CIs — P=[0.2404, 0.2619] R=[0.8860, 0.9033] F1=[0.3788, 0.4054]
  MCC=0.3658  tiles TP/TN/FP/FN=3380/1809/3176/176

Wrote results/uplift-supplement/k1-gapfill/55maps-image-generalisation__verified-k3-canonical-gt/corrected-f1.csv
Wrote results/uplift-supplement/k1-gapfill/55maps-image-generalisation__verified-k3-canonical-gt/summary.json
Wrote results/uplift-supplement/k1-gapfill/55maps-image-generalisation__verified-k3-canonical-gt/report_autogen.md
Loading inputs...
  detections: 19,630
  student GT: 4,731
  bounds tiles: 8,541
  standardised extension layer: 279 (included whole at every R)
  pre-computing buffer-invariant MCC block (extension mode)...

--- Buffer R = 5 m ---
R=5m  TP=352  FP=19278  FN=4658  n_ref_student=4731  n_reviewer_promoted=279  n_ref_ext_scoped=5010
  P=0.0179  R=0.0703  F1=0.0286
  95% CIs — P=[0.0160, 0.0200] R=[0.0630, 0.0778] F1=[0.0255, 0.0318]
  MCC=0.3649  tiles TP/TN/FP/FN=3353/1814/3203/171

--- Buffer R = 10 m ---
R=10m  TP=1115  FP=18515  FN=3895  n_ref_student=4731  n_reviewer_promoted=279  n_ref_ext_scoped=5010
  P=0.0568  R=0.2226  F1=0.0905
  95% CIs — P=[0.0530, 0.0609] R=[0.2103, 0.2349] F1=[0.0848, 0.0965]
  MCC=0.3649  tiles TP/TN/FP/FN=3353/1814/3203/171

--- Buffer R = 15 m ---
R=15m  TP=1959  FP=17671  FN=3051  n_ref_student=4731  n_reviewer_promoted=279  n_ref_ext_scoped=5010
  P=0.0998  R=0.3910  F1=0.1590
  95% CIs — P=[0.0942, 0.1056] R=[0.3759, 0.4062] F1=[0.1510, 0.1672]
  MCC=0.3649  tiles TP/TN/FP/FN=3353/1814/3203/171

--- Buffer R = 20 m ---
R=20m  TP=2702  FP=16928  FN=2308  n_ref_student=4731  n_reviewer_promoted=279  n_ref_ext_scoped=5010
  P=0.1376  R=0.5393  F1=0.2193
  95% CIs — P=[0.1306, 0.1450] R=[0.5237, 0.5554] F1=[0.2095, 0.2294]
  MCC=0.3649  tiles TP/TN/FP/FN=3353/1814/3203/171

--- Buffer R = 25 m ---
R=25m  TP=3284  FP=16346  FN=1726  n_ref_student=4731  n_reviewer_promoted=279  n_ref_ext_scoped=5010
  P=0.1673  R=0.6555  F1=0.2666
  95% CIs — P=[0.1592, 0.1755] R=[0.6406, 0.6701] F1=[0.2557, 0.2775]
  MCC=0.3649  tiles TP/TN/FP/FN=3353/1814/3203/171

--- Buffer R = 30 m ---
R=30m  TP=3663  FP=15967  FN=1347  n_ref_student=4731  n_reviewer_promoted=279  n_ref_ext_scoped=5010
  P=0.1866  R=0.7311  F1=0.2973
  95% CIs — P=[0.1778, 0.1955] R=[0.7173, 0.7449] F1=[0.2855, 0.3090]
  MCC=0.3649  tiles TP/TN/FP/FN=3353/1814/3203/171

--- Buffer R = 35 m ---
R=35m  TP=3935  FP=15695  FN=1075  n_ref_student=4731  n_reviewer_promoted=279  n_ref_ext_scoped=5010
  P=0.2005  R=0.7854  F1=0.3194
  95% CIs — P=[0.1912, 0.2098] R=[0.7728, 0.7980] F1=[0.3072, 0.3316]
  MCC=0.3649  tiles TP/TN/FP/FN=3353/1814/3203/171

--- Buffer R = 40 m ---
R=40m  TP=4116  FP=15514  FN=894  n_ref_student=4731  n_reviewer_promoted=279  n_ref_ext_scoped=5010
  P=0.2097  R=0.8216  F1=0.3341
  95% CIs — P=[0.2002, 0.2194] R=[0.8095, 0.8333] F1=[0.3215, 0.3467]
  MCC=0.3649  tiles TP/TN/FP/FN=3353/1814/3203/171

--- Buffer R = 45 m ---
R=45m  TP=4244  FP=15386  FN=766  n_ref_student=4731  n_reviewer_promoted=279  n_ref_ext_scoped=5010
  P=0.2162  R=0.8471  F1=0.3445
  95% CIs — P=[0.2066, 0.2261] R=[0.8359, 0.8581] F1=[0.3317, 0.3573]
  MCC=0.3649  tiles TP/TN/FP/FN=3353/1814/3203/171

--- Buffer R = 50 m ---
R=50m  TP=4327  FP=15303  FN=683  n_ref_student=4731  n_reviewer_promoted=279  n_ref_ext_scoped=5010
  P=0.2204  R=0.8637  F1=0.3512
  95% CIs — P=[0.2108, 0.2304] R=[0.8529, 0.8741] F1=[0.3385, 0.3640]
  MCC=0.3649  tiles TP/TN/FP/FN=3353/1814/3203/171

--- Buffer R = 75 m ---
R=75m  TP=4515  FP=15115  FN=495  n_ref_student=4731  n_reviewer_promoted=279  n_ref_ext_scoped=5010
  P=0.2300  R=0.9012  F1=0.3665
  95% CIs — P=[0.2200, 0.2404] R=[0.8923, 0.9101] F1=[0.3534, 0.3798]
  MCC=0.3649  tiles TP/TN/FP/FN=3353/1814/3203/171

--- Buffer R = 100 m ---
R=100m  TP=4571  FP=15059  FN=439  n_ref_student=4731  n_reviewer_promoted=279  n_ref_ext_scoped=5010
  P=0.2329  R=0.9124  F1=0.3710
  95% CIs — P=[0.2228, 0.2433] R=[0.9038, 0.9209] F1=[0.3579, 0.3844]
  MCC=0.3649  tiles TP/TN/FP/FN=3353/1814/3203/171

--- Buffer R = 125 m ---
R=125m  TP=4599  FP=15031  FN=411  n_ref_student=4731  n_reviewer_promoted=279  n_ref_ext_scoped=5010
  P=0.2343  R=0.9180  F1=0.3733
  95% CIs — P=[0.2242, 0.2447] R=[0.9098, 0.9260] F1=[0.3601, 0.3867]
  MCC=0.3649  tiles TP/TN/FP/FN=3353/1814/3203/171

--- Buffer R = 150 m ---
R=150m  TP=4623  FP=15007  FN=387  n_ref_student=4731  n_reviewer_promoted=279  n_ref_ext_scoped=5010
  P=0.2355  R=0.9228  F1=0.3752
  95% CIs — P=[0.2253, 0.2460] R=[0.9149, 0.9304] F1=[0.3620, 0.3886]
  MCC=0.3649  tiles TP/TN/FP/FN=3353/1814/3203/171

Wrote results/uplift-supplement/k1-gapfill/55maps-image-generalisation__verified-k3-standardised-gt/corrected-f1.csv
Wrote results/uplift-supplement/k1-gapfill/55maps-image-generalisation__verified-k3-standardised-gt/summary.json
Wrote results/uplift-supplement/k1-gapfill/55maps-image-generalisation__verified-k3-standardised-gt/report_autogen.md
INFO: Detection files: 1
INFO: Loading ground truth: inputs/vectors/references/best-available-gt-55maps.geojson
INFO: Loading bounds: inputs/vectors/bounds/384/55maps_evaluation_bounds.geojson
INFO: Reference: 5010 mounds, 8541 evaluation tiles
INFO: Evaluating: detections-library_plus-hp-3-flash-2026-04-18.geojson
INFO:   5m: F1=0.029 [0.026, 0.032], P=0.018 [0.016, 0.020], R=0.070 [0.063, 0.078]
INFO:   10m: F1=0.091 [0.085, 0.097], P=0.057 [0.053, 0.061], R=0.223 [0.210, 0.235]
INFO:   15m: F1=0.159 [0.151, 0.167], P=0.100 [0.094, 0.106], R=0.391 [0.376, 0.407]
INFO:   20m: F1=0.219 [0.210, 0.230], P=0.138 [0.131, 0.145], R=0.539 [0.524, 0.555]
INFO:   25m: F1=0.267 [0.256, 0.278], P=0.167 [0.159, 0.175], R=0.655 [0.641, 0.670]
INFO:   30m: F1=0.297 [0.286, 0.309], P=0.187 [0.178, 0.195], R=0.731 [0.717, 0.745]
INFO:   35m: F1=0.319 [0.307, 0.332], P=0.200 [0.191, 0.210], R=0.785 [0.773, 0.798]
INFO:   40m: F1=0.334 [0.321, 0.347], P=0.210 [0.200, 0.219], R=0.822 [0.809, 0.833]
INFO:   45m: F1=0.344 [0.332, 0.357], P=0.216 [0.207, 0.226], R=0.847 [0.836, 0.858]
INFO:   50m: F1=0.351 [0.338, 0.364], P=0.220 [0.211, 0.230], R=0.864 [0.852, 0.874]
INFO:   75m: F1=0.366 [0.353, 0.380], P=0.230 [0.220, 0.240], R=0.901 [0.892, 0.910]
INFO:   100m: F1=0.371 [0.358, 0.384], P=0.233 [0.223, 0.243], R=0.912 [0.904, 0.921]
INFO:   125m: F1=0.373 [0.360, 0.387], P=0.234 [0.224, 0.245], R=0.918 [0.910, 0.926]
INFO:   150m: F1=0.375 [0.362, 0.389], P=0.236 [0.225, 0.246], R=0.923 [0.915, 0.930]
INFO:   MCC=0.365 [0.349, 0.380], Sens=0.951, Spec=0.362
INFO: JSON written: results/uplift-supplement/k1-gapfill/55maps-image-generalisation__verified-k4-standardised-gt/evaluation.json
INFO: CSV written: results/uplift-supplement/k1-gapfill/55maps-image-generalisation__verified-k4-standardised-gt/evaluation.csv
INFO: Markdown written: results/uplift-supplement/k1-gapfill/55maps-image-generalisation__verified-k4-standardised-gt/evaluation.md
INFO: Detection files: 1
INFO: Loading ground truth: inputs/vectors/references/student-mounds-55maps-reviewed.geojson
INFO: Loading bounds: inputs/vectors/bounds/384/55maps_evaluation_bounds.geojson
INFO: Reference: 4746 mounds, 8541 evaluation tiles
INFO: Evaluating: detections-detect_brief-text-3-flash-2026-04-18.geojson
INFO:   5m: F1=0.029 [0.026, 0.032], P=0.017 [0.015, 0.019], R=0.092 [0.084, 0.101]
INFO:   10m: F1=0.089 [0.083, 0.095], P=0.053 [0.049, 0.056], R=0.282 [0.268, 0.297]
INFO:   15m: F1=0.153 [0.145, 0.162], P=0.091 [0.086, 0.096], R=0.488 [0.471, 0.505]
INFO:   20m: F1=0.200 [0.191, 0.210], P=0.119 [0.113, 0.125], R=0.637 [0.621, 0.653]
INFO:   25m: F1=0.233 [0.223, 0.243], P=0.138 [0.131, 0.145], R=0.741 [0.727, 0.755]
INFO:   30m: F1=0.252 [0.241, 0.263], P=0.149 [0.142, 0.157], R=0.801 [0.788, 0.814]
INFO:   35m: F1=0.263 [0.252, 0.274], P=0.156 [0.148, 0.164], R=0.836 [0.824, 0.847]
INFO:   40m: F1=0.269 [0.257, 0.280], P=0.159 [0.152, 0.167], R=0.854 [0.842, 0.865]
INFO:   45m: F1=0.272 [0.261, 0.283], P=0.161 [0.154, 0.169], R=0.865 [0.853, 0.875]
INFO:   50m: F1=0.274 [0.263, 0.285], P=0.163 [0.155, 0.171], R=0.872 [0.861, 0.882]
INFO:   75m: F1=0.279 [0.267, 0.290], P=0.165 [0.157, 0.173], R=0.886 [0.876, 0.896]
INFO:   100m: F1=0.281 [0.269, 0.292], P=0.167 [0.159, 0.175], R=0.893 [0.883, 0.902]
INFO:   125m: F1=0.282 [0.271, 0.294], P=0.167 [0.159, 0.176], R=0.897 [0.887, 0.906]
INFO:   150m: F1=0.283 [0.272, 0.295], P=0.168 [0.160, 0.176], R=0.901 [0.891, 0.910]
INFO:   MCC=0.208 [0.192, 0.223], Sens=0.969, Spec=0.165
INFO: JSON written: results/uplift-supplement/k1-gapfill/55maps-text-high-generalisation__verified/evaluation.json
INFO: CSV written: results/uplift-supplement/k1-gapfill/55maps-text-high-generalisation__verified/evaluation.csv
INFO: Markdown written: results/uplift-supplement/k1-gapfill/55maps-text-high-generalisation__verified/evaluation.md
Loading inputs...
  detections: 25,436
  student GT: 4,746
  bounds tiles: 8,541
  review (yesterday): 0
  review (today):     773
  excluded sentinels (>150 m shell, buffer_metres=200): 10

--- Buffer R = 5 m ---
R=5m  TP=437  FP=24999  FN=4309  n_ref_student=4746  n_reviewer_promoted=0  n_ref_ext_scoped=4746
  P=0.0172  R=0.0921  F1=0.0290
  95% CIs — P=[0.0154, 0.0190] R=[0.0833, 0.1007] F1=[0.0260, 0.0319]
  MCC=0.2078  tiles TP/TN/FP/FN=3277/849/4311/104

--- Buffer R = 10 m ---
R=10m  TP=1339  FP=24097  FN=3407  n_ref_student=4746  n_reviewer_promoted=0  n_ref_ext_scoped=4746
  P=0.0526  R=0.2821  F1=0.0887
  95% CIs — P=[0.0490, 0.0564] R=[0.2676, 0.2965] F1=[0.0830, 0.0946]
  MCC=0.2078  tiles TP/TN/FP/FN=3277/849/4311/104

--- Buffer R = 15 m ---
R=15m  TP=2316  FP=23120  FN=2430  n_ref_student=4746  n_reviewer_promoted=0  n_ref_ext_scoped=4746
  P=0.0911  R=0.4880  F1=0.1535
  95% CIs — P=[0.0858, 0.0964] R=[0.4716, 0.5047] F1=[0.1454, 0.1616]
  MCC=0.2078  tiles TP/TN/FP/FN=3277/849/4311/104

--- Buffer R = 20 m ---
R=20m  TP=3022  FP=22414  FN=1724  n_ref_student=4746  n_reviewer_promoted=0  n_ref_ext_scoped=4746
  P=0.1188  R=0.6367  F1=0.2003
  95% CIs — P=[0.1126, 0.1252] R=[0.6207, 0.6531] F1=[0.1909, 0.2098]
  MCC=0.2078  tiles TP/TN/FP/FN=3277/849/4311/104

--- Buffer R = 25 m ---
R=25m  TP=3516  FP=21920  FN=1230  n_ref_student=4746  n_reviewer_promoted=0  n_ref_ext_scoped=4746
  P=0.1382  R=0.7408  F1=0.2330
  95% CIs — P=[0.1312, 0.1453] R=[0.7265, 0.7552] F1=[0.2227, 0.2433]
  MCC=0.2078  tiles TP/TN/FP/FN=3277/849/4311/104

--- Buffer R = 30 m ---
R=30m  TP=3801  FP=21635  FN=945  n_ref_student=4746  n_reviewer_promoted=0  n_ref_ext_scoped=4746
  P=0.1494  R=0.8009  F1=0.2519
  95% CIs — P=[0.1419, 0.1570] R=[0.7878, 0.8137] F1=[0.2409, 0.2627]
  MCC=0.2078  tiles TP/TN/FP/FN=3277/849/4311/104

--- Buffer R = 35 m ---
R=35m  TP=3967  FP=21469  FN=779  n_ref_student=4746  n_reviewer_promoted=0  n_ref_ext_scoped=4746
  P=0.1560  R=0.8359  F1=0.2629
  95% CIs — P=[0.1483, 0.1637] R=[0.8240, 0.8477] F1=[0.2516, 0.2741]
  MCC=0.2078  tiles TP/TN/FP/FN=3277/849/4311/104

--- Buffer R = 40 m ---
R=40m  TP=4053  FP=21383  FN=693  n_ref_student=4746  n_reviewer_promoted=0  n_ref_ext_scoped=4746
  P=0.1593  R=0.8540  F1=0.2686
  95% CIs — P=[0.1516, 0.1671] R=[0.8427, 0.8652] F1=[0.2572, 0.2797]
  MCC=0.2078  tiles TP/TN/FP/FN=3277/849/4311/104

--- Buffer R = 45 m ---
R=45m  TP=4103  FP=21333  FN=643  n_ref_student=4746  n_reviewer_promoted=0  n_ref_ext_scoped=4746
  P=0.1613  R=0.8645  F1=0.2719
  95% CIs — P=[0.1535, 0.1692] R=[0.8535, 0.8752] F1=[0.2606, 0.2832]
  MCC=0.2078  tiles TP/TN/FP/FN=3277/849/4311/104

--- Buffer R = 50 m ---
  build_extended_gt: dropped 1 phantom(s) within 5.0 m of a same-map student-GT point (channel-duplicated rescue de-duplication)
R=50m  TP=4514  FP=20922  FN=646  n_ref_student=4746  n_reviewer_promoted=414  n_ref_ext_scoped=5160
  P=0.1775  R=0.8748  F1=0.2951
  95% CIs — P=[0.1691, 0.1858] R=[0.8647, 0.8848] F1=[0.2833, 0.3067]
  MCC=0.2162  tiles TP/TN/FP/FN=3417/846/4171/107

--- Buffer R = 75 m ---
  build_extended_gt: dropped 1 phantom(s) within 5.0 m of a same-map student-GT point (channel-duplicated rescue de-duplication)
R=75m  TP=4665  FP=20771  FN=674  n_ref_student=4746  n_reviewer_promoted=593  n_ref_ext_scoped=5339
  P=0.1834  R=0.8738  F1=0.3032
  95% CIs — P=[0.1749, 0.1920] R=[0.8639, 0.8835] F1=[0.2913, 0.3150]
  MCC=0.2160  tiles TP/TN/FP/FN=3432/844/4156/109

--- Buffer R = 100 m ---
  build_extended_gt: dropped 1 phantom(s) within 5.0 m of a same-map student-GT point (channel-duplicated rescue de-duplication)
R=100m  TP=4740  FP=20696  FN=690  n_ref_student=4746  n_reviewer_promoted=684  n_ref_ext_scoped=5430
  P=0.1864  R=0.8729  F1=0.3071
  95% CIs — P=[0.1777, 0.1950] R=[0.8633, 0.8825] F1=[0.2951, 0.3190]
  MCC=0.2167  tiles TP/TN/FP/FN=3442/844/4146/109

--- Buffer R = 125 m ---
  build_extended_gt: dropped 1 phantom(s) within 5.0 m of a same-map student-GT point (channel-duplicated rescue de-duplication)
R=125m  TP=4782  FP=20654  FN=692  n_ref_student=4746  n_reviewer_promoted=728  n_ref_ext_scoped=5474
  P=0.1880  R=0.8736  F1=0.3094
  95% CIs — P=[0.1793, 0.1968] R=[0.8639, 0.8832] F1=[0.2973, 0.3214]
  MCC=0.2163  tiles TP/TN/FP/FN=3446/843/4142/110

--- Buffer R = 150 m ---
  build_extended_gt: dropped 1 phantom(s) within 5.0 m of a same-map student-GT point (channel-duplicated rescue de-duplication)
R=150m  TP=4823  FP=20613  FN=685  n_ref_student=4746  n_reviewer_promoted=762  n_ref_ext_scoped=5508
  P=0.1896  R=0.8756  F1=0.3117
  95% CIs — P=[0.1809, 0.1985] R=[0.8660, 0.8852] F1=[0.2996, 0.3237]
  MCC=0.2163  tiles TP/TN/FP/FN=3446/843/4142/110

Wrote results/uplift-supplement/k1-gapfill/55maps-text-high-generalisation__verified-k4-canonical-gt/corrected-f1.csv
Wrote results/uplift-supplement/k1-gapfill/55maps-text-high-generalisation__verified-k4-canonical-gt/summary.json
Wrote results/uplift-supplement/k1-gapfill/55maps-text-high-generalisation__verified-k4-canonical-gt/report_autogen.md
Loading inputs...
  detections: 25,436
  student GT: 4,746
  bounds tiles: 8,541
  review (yesterday): 0
  review (today):     773
  excluded sentinels (>150 m shell, buffer_metres=200): 10

--- Buffer R = 5 m ---
R=5m  TP=437  FP=24999  FN=4309  n_ref_student=4746  n_reviewer_promoted=0  n_ref_ext_scoped=4746
  P=0.0172  R=0.0921  F1=0.0290
  95% CIs — P=[0.0154, 0.0190] R=[0.0833, 0.1007] F1=[0.0260, 0.0319]
  MCC=0.2078  tiles TP/TN/FP/FN=3277/849/4311/104

--- Buffer R = 10 m ---
R=10m  TP=1339  FP=24097  FN=3407  n_ref_student=4746  n_reviewer_promoted=0  n_ref_ext_scoped=4746
  P=0.0526  R=0.2821  F1=0.0887
  95% CIs — P=[0.0490, 0.0564] R=[0.2676, 0.2965] F1=[0.0830, 0.0946]
  MCC=0.2078  tiles TP/TN/FP/FN=3277/849/4311/104

--- Buffer R = 15 m ---
R=15m  TP=2316  FP=23120  FN=2430  n_ref_student=4746  n_reviewer_promoted=0  n_ref_ext_scoped=4746
  P=0.0911  R=0.4880  F1=0.1535
  95% CIs — P=[0.0858, 0.0964] R=[0.4716, 0.5047] F1=[0.1454, 0.1616]
  MCC=0.2078  tiles TP/TN/FP/FN=3277/849/4311/104

--- Buffer R = 20 m ---
R=20m  TP=3022  FP=22414  FN=1724  n_ref_student=4746  n_reviewer_promoted=0  n_ref_ext_scoped=4746
  P=0.1188  R=0.6367  F1=0.2003
  95% CIs — P=[0.1126, 0.1252] R=[0.6207, 0.6531] F1=[0.1909, 0.2098]
  MCC=0.2078  tiles TP/TN/FP/FN=3277/849/4311/104

--- Buffer R = 25 m ---
R=25m  TP=3516  FP=21920  FN=1230  n_ref_student=4746  n_reviewer_promoted=0  n_ref_ext_scoped=4746
  P=0.1382  R=0.7408  F1=0.2330
  95% CIs — P=[0.1312, 0.1453] R=[0.7265, 0.7552] F1=[0.2227, 0.2433]
  MCC=0.2078  tiles TP/TN/FP/FN=3277/849/4311/104

--- Buffer R = 30 m ---
R=30m  TP=3801  FP=21635  FN=945  n_ref_student=4746  n_reviewer_promoted=0  n_ref_ext_scoped=4746
  P=0.1494  R=0.8009  F1=0.2519
  95% CIs — P=[0.1419, 0.1570] R=[0.7878, 0.8137] F1=[0.2409, 0.2627]
  MCC=0.2078  tiles TP/TN/FP/FN=3277/849/4311/104

--- Buffer R = 35 m ---
R=35m  TP=3967  FP=21469  FN=779  n_ref_student=4746  n_reviewer_promoted=0  n_ref_ext_scoped=4746
  P=0.1560  R=0.8359  F1=0.2629
  95% CIs — P=[0.1483, 0.1637] R=[0.8240, 0.8477] F1=[0.2516, 0.2741]
  MCC=0.2078  tiles TP/TN/FP/FN=3277/849/4311/104

--- Buffer R = 40 m ---
R=40m  TP=4053  FP=21383  FN=693  n_ref_student=4746  n_reviewer_promoted=0  n_ref_ext_scoped=4746
  P=0.1593  R=0.8540  F1=0.2686
  95% CIs — P=[0.1516, 0.1671] R=[0.8427, 0.8652] F1=[0.2572, 0.2797]
  MCC=0.2078  tiles TP/TN/FP/FN=3277/849/4311/104

--- Buffer R = 45 m ---
R=45m  TP=4103  FP=21333  FN=643  n_ref_student=4746  n_reviewer_promoted=0  n_ref_ext_scoped=4746
  P=0.1613  R=0.8645  F1=0.2719
  95% CIs — P=[0.1535, 0.1692] R=[0.8535, 0.8752] F1=[0.2606, 0.2832]
  MCC=0.2078  tiles TP/TN/FP/FN=3277/849/4311/104

--- Buffer R = 50 m ---
  build_extended_gt: dropped 1 phantom(s) within 5.0 m of a same-map student-GT point (channel-duplicated rescue de-duplication)
R=50m  TP=4514  FP=20922  FN=646  n_ref_student=4746  n_reviewer_promoted=414  n_ref_ext_scoped=5160
  P=0.1775  R=0.8748  F1=0.2951
  95% CIs — P=[0.1691, 0.1858] R=[0.8647, 0.8848] F1=[0.2833, 0.3067]
  MCC=0.2162  tiles TP/TN/FP/FN=3417/846/4171/107

--- Buffer R = 75 m ---
  build_extended_gt: dropped 1 phantom(s) within 5.0 m of a same-map student-GT point (channel-duplicated rescue de-duplication)
R=75m  TP=4665  FP=20771  FN=674  n_ref_student=4746  n_reviewer_promoted=593  n_ref_ext_scoped=5339
  P=0.1834  R=0.8738  F1=0.3032
  95% CIs — P=[0.1749, 0.1920] R=[0.8639, 0.8835] F1=[0.2913, 0.3150]
  MCC=0.2160  tiles TP/TN/FP/FN=3432/844/4156/109

--- Buffer R = 100 m ---
  build_extended_gt: dropped 1 phantom(s) within 5.0 m of a same-map student-GT point (channel-duplicated rescue de-duplication)
R=100m  TP=4740  FP=20696  FN=690  n_ref_student=4746  n_reviewer_promoted=684  n_ref_ext_scoped=5430
  P=0.1864  R=0.8729  F1=0.3071
  95% CIs — P=[0.1777, 0.1950] R=[0.8633, 0.8825] F1=[0.2951, 0.3190]
  MCC=0.2167  tiles TP/TN/FP/FN=3442/844/4146/109

--- Buffer R = 125 m ---
  build_extended_gt: dropped 1 phantom(s) within 5.0 m of a same-map student-GT point (channel-duplicated rescue de-duplication)
R=125m  TP=4782  FP=20654  FN=692  n_ref_student=4746  n_reviewer_promoted=728  n_ref_ext_scoped=5474
  P=0.1880  R=0.8736  F1=0.3094
  95% CIs — P=[0.1793, 0.1968] R=[0.8639, 0.8832] F1=[0.2973, 0.3214]
  MCC=0.2163  tiles TP/TN/FP/FN=3446/843/4142/110

--- Buffer R = 150 m ---
  build_extended_gt: dropped 1 phantom(s) within 5.0 m of a same-map student-GT point (channel-duplicated rescue de-duplication)
R=150m  TP=4823  FP=20613  FN=685  n_ref_student=4746  n_reviewer_promoted=762  n_ref_ext_scoped=5508
  P=0.1896  R=0.8756  F1=0.3117
  95% CIs — P=[0.1809, 0.1985] R=[0.8660, 0.8852] F1=[0.2996, 0.3237]
  MCC=0.2163  tiles TP/TN/FP/FN=3446/843/4142/110

Wrote results/uplift-supplement/k1-gapfill/55maps-text-high-generalisation__verified-k3-canonical-gt/corrected-f1.csv
Wrote results/uplift-supplement/k1-gapfill/55maps-text-high-generalisation__verified-k3-canonical-gt/summary.json
Wrote results/uplift-supplement/k1-gapfill/55maps-text-high-generalisation__verified-k3-canonical-gt/report_autogen.md
Loading inputs...
  detections: 25,436
  student GT: 4,731
  bounds tiles: 8,541
  standardised extension layer: 279 (included whole at every R)
  pre-computing buffer-invariant MCC block (extension mode)...

--- Buffer R = 5 m ---
R=5m  TP=587  FP=24849  FN=4423  n_ref_student=4731  n_reviewer_promoted=279  n_ref_ext_scoped=5010
  P=0.0231  R=0.1172  F1=0.0386
  95% CIs — P=[0.0209, 0.0253] R=[0.1074, 0.1267] F1=[0.0350, 0.0421]
  MCC=0.2169  tiles TP/TN/FP/FN=3418/847/4170/106

--- Buffer R = 10 m ---
R=10m  TP=1641  FP=23795  FN=3369  n_ref_student=4731  n_reviewer_promoted=279  n_ref_ext_scoped=5010
  P=0.0645  R=0.3275  F1=0.1078
  95% CIs — P=[0.0603, 0.0687] R=[0.3129, 0.3420] F1=[0.1014, 0.1142]
  MCC=0.2169  tiles TP/TN/FP/FN=3418/847/4170/106

--- Buffer R = 15 m ---
R=15m  TP=2620  FP=22816  FN=2390  n_ref_student=4731  n_reviewer_promoted=279  n_ref_ext_scoped=5010
  P=0.1030  R=0.5230  F1=0.1721
  95% CIs — P=[0.0974, 0.1088] R=[0.5069, 0.5392] F1=[0.1637, 0.1807]
  MCC=0.2169  tiles TP/TN/FP/FN=3418/847/4170/106

--- Buffer R = 20 m ---
R=20m  TP=3309  FP=22127  FN=1701  n_ref_student=4731  n_reviewer_promoted=279  n_ref_ext_scoped=5010
  P=0.1301  R=0.6605  F1=0.2174
  95% CIs — P=[0.1235, 0.1368] R=[0.6452, 0.6757] F1=[0.2076, 0.2270]
  MCC=0.2169  tiles TP/TN/FP/FN=3418/847/4170/106

--- Buffer R = 25 m ---
R=25m  TP=3782  FP=21654  FN=1228  n_ref_student=4731  n_reviewer_promoted=279  n_ref_ext_scoped=5010
  P=0.1487  R=0.7549  F1=0.2484
  95% CIs — P=[0.1414, 0.1561] R=[0.7414, 0.7684] F1=[0.2378, 0.2591]
  MCC=0.2169  tiles TP/TN/FP/FN=3418/847/4170/106

--- Buffer R = 30 m ---
R=30m  TP=4065  FP=21371  FN=945  n_ref_student=4731  n_reviewer_promoted=279  n_ref_ext_scoped=5010
  P=0.1598  R=0.8114  F1=0.2670
  95% CIs — P=[0.1521, 0.1676] R=[0.7989, 0.8236] F1=[0.2559, 0.2782]
  MCC=0.2169  tiles TP/TN/FP/FN=3418/847/4170/106

--- Buffer R = 35 m ---
R=35m  TP=4232  FP=21204  FN=778  n_ref_student=4731  n_reviewer_promoted=279  n_ref_ext_scoped=5010
  P=0.1664  R=0.8447  F1=0.2780
  95% CIs — P=[0.1584, 0.1743] R=[0.8336, 0.8559] F1=[0.2667, 0.2893]
  MCC=0.2169  tiles TP/TN/FP/FN=3418/847/4170/106

--- Buffer R = 40 m ---
R=40m  TP=4318  FP=21118  FN=692  n_ref_student=4731  n_reviewer_promoted=279  n_ref_ext_scoped=5010
  P=0.1698  R=0.8619  F1=0.2836
  95% CIs — P=[0.1617, 0.1779] R=[0.8513, 0.8725] F1=[0.2722, 0.2951]
  MCC=0.2169  tiles TP/TN/FP/FN=3418/847/4170/106

--- Buffer R = 45 m ---
R=45m  TP=4364  FP=21072  FN=646  n_ref_student=4731  n_reviewer_promoted=279  n_ref_ext_scoped=5010
  P=0.1716  R=0.8711  F1=0.2867
  95% CIs — P=[0.1635, 0.1798] R=[0.8607, 0.8813] F1=[0.2752, 0.2982]
  MCC=0.2169  tiles TP/TN/FP/FN=3418/847/4170/106

--- Buffer R = 50 m ---
R=50m  TP=4398  FP=21038  FN=612  n_ref_student=4731  n_reviewer_promoted=279  n_ref_ext_scoped=5010
  P=0.1729  R=0.8778  F1=0.2889
  95% CIs — P=[0.1648, 0.1811] R=[0.8678, 0.8877] F1=[0.2774, 0.3004]
  MCC=0.2169  tiles TP/TN/FP/FN=3418/847/4170/106

--- Buffer R = 75 m ---
R=75m  TP=4459  FP=20977  FN=551  n_ref_student=4731  n_reviewer_promoted=279  n_ref_ext_scoped=5010
  P=0.1753  R=0.8900  F1=0.2929
  95% CIs — P=[0.1671, 0.1836] R=[0.8805, 0.8994] F1=[0.2812, 0.3045]
  MCC=0.2169  tiles TP/TN/FP/FN=3418/847/4170/106

--- Buffer R = 100 m ---
R=100m  TP=4497  FP=20939  FN=513  n_ref_student=4731  n_reviewer_promoted=279  n_ref_ext_scoped=5010
  P=0.1768  R=0.8976  F1=0.2954
  95% CIs — P=[0.1685, 0.1852] R=[0.8884, 0.9068] F1=[0.2836, 0.3072]
  MCC=0.2169  tiles TP/TN/FP/FN=3418/847/4170/106

--- Buffer R = 125 m ---
R=125m  TP=4519  FP=20917  FN=491  n_ref_student=4731  n_reviewer_promoted=279  n_ref_ext_scoped=5010
  P=0.1777  R=0.9020  F1=0.2969
  95% CIs — P=[0.1694, 0.1862] R=[0.8929, 0.9110] F1=[0.2850, 0.3087]
  MCC=0.2169  tiles TP/TN/FP/FN=3418/847/4170/106

--- Buffer R = 150 m ---
R=150m  TP=4534  FP=20902  FN=476  n_ref_student=4731  n_reviewer_promoted=279  n_ref_ext_scoped=5010
  P=0.1783  R=0.9050  F1=0.2978
  95% CIs — P=[0.1699, 0.1867] R=[0.8960, 0.9138] F1=[0.2860, 0.3097]
  MCC=0.2169  tiles TP/TN/FP/FN=3418/847/4170/106

Wrote results/uplift-supplement/k1-gapfill/55maps-text-high-generalisation__verified-k4-standardised-gt/corrected-f1.csv
Wrote results/uplift-supplement/k1-gapfill/55maps-text-high-generalisation__verified-k4-standardised-gt/summary.json
Wrote results/uplift-supplement/k1-gapfill/55maps-text-high-generalisation__verified-k4-standardised-gt/report_autogen.md
Loading inputs...
  detections: 25,436
  student GT: 4,731
  bounds tiles: 8,541
  standardised extension layer: 279 (included whole at every R)
  pre-computing buffer-invariant MCC block (extension mode)...

--- Buffer R = 5 m ---
R=5m  TP=587  FP=24849  FN=4423  n_ref_student=4731  n_reviewer_promoted=279  n_ref_ext_scoped=5010
  P=0.0231  R=0.1172  F1=0.0386
  95% CIs — P=[0.0209, 0.0253] R=[0.1074, 0.1267] F1=[0.0350, 0.0421]
  MCC=0.2169  tiles TP/TN/FP/FN=3418/847/4170/106

--- Buffer R = 10 m ---
R=10m  TP=1641  FP=23795  FN=3369  n_ref_student=4731  n_reviewer_promoted=279  n_ref_ext_scoped=5010
  P=0.0645  R=0.3275  F1=0.1078
  95% CIs — P=[0.0603, 0.0687] R=[0.3129, 0.3420] F1=[0.1014, 0.1142]
  MCC=0.2169  tiles TP/TN/FP/FN=3418/847/4170/106

--- Buffer R = 15 m ---
R=15m  TP=2620  FP=22816  FN=2390  n_ref_student=4731  n_reviewer_promoted=279  n_ref_ext_scoped=5010
  P=0.1030  R=0.5230  F1=0.1721
  95% CIs — P=[0.0974, 0.1088] R=[0.5069, 0.5392] F1=[0.1637, 0.1807]
  MCC=0.2169  tiles TP/TN/FP/FN=3418/847/4170/106

--- Buffer R = 20 m ---
R=20m  TP=3309  FP=22127  FN=1701  n_ref_student=4731  n_reviewer_promoted=279  n_ref_ext_scoped=5010
  P=0.1301  R=0.6605  F1=0.2174
  95% CIs — P=[0.1235, 0.1368] R=[0.6452, 0.6757] F1=[0.2076, 0.2270]
  MCC=0.2169  tiles TP/TN/FP/FN=3418/847/4170/106

--- Buffer R = 25 m ---
R=25m  TP=3782  FP=21654  FN=1228  n_ref_student=4731  n_reviewer_promoted=279  n_ref_ext_scoped=5010
  P=0.1487  R=0.7549  F1=0.2484
  95% CIs — P=[0.1414, 0.1561] R=[0.7414, 0.7684] F1=[0.2378, 0.2591]
  MCC=0.2169  tiles TP/TN/FP/FN=3418/847/4170/106

--- Buffer R = 30 m ---
R=30m  TP=4065  FP=21371  FN=945  n_ref_student=4731  n_reviewer_promoted=279  n_ref_ext_scoped=5010
  P=0.1598  R=0.8114  F1=0.2670
  95% CIs — P=[0.1521, 0.1676] R=[0.7989, 0.8236] F1=[0.2559, 0.2782]
  MCC=0.2169  tiles TP/TN/FP/FN=3418/847/4170/106

--- Buffer R = 35 m ---
R=35m  TP=4232  FP=21204  FN=778  n_ref_student=4731  n_reviewer_promoted=279  n_ref_ext_scoped=5010
  P=0.1664  R=0.8447  F1=0.2780
  95% CIs — P=[0.1584, 0.1743] R=[0.8336, 0.8559] F1=[0.2667, 0.2893]
  MCC=0.2169  tiles TP/TN/FP/FN=3418/847/4170/106

--- Buffer R = 40 m ---
R=40m  TP=4318  FP=21118  FN=692  n_ref_student=4731  n_reviewer_promoted=279  n_ref_ext_scoped=5010
  P=0.1698  R=0.8619  F1=0.2836
  95% CIs — P=[0.1617, 0.1779] R=[0.8513, 0.8725] F1=[0.2722, 0.2951]
  MCC=0.2169  tiles TP/TN/FP/FN=3418/847/4170/106

--- Buffer R = 45 m ---
R=45m  TP=4364  FP=21072  FN=646  n_ref_student=4731  n_reviewer_promoted=279  n_ref_ext_scoped=5010
  P=0.1716  R=0.8711  F1=0.2867
  95% CIs — P=[0.1635, 0.1798] R=[0.8607, 0.8813] F1=[0.2752, 0.2982]
  MCC=0.2169  tiles TP/TN/FP/FN=3418/847/4170/106

--- Buffer R = 50 m ---
R=50m  TP=4398  FP=21038  FN=612  n_ref_student=4731  n_reviewer_promoted=279  n_ref_ext_scoped=5010
  P=0.1729  R=0.8778  F1=0.2889
  95% CIs — P=[0.1648, 0.1811] R=[0.8678, 0.8877] F1=[0.2774, 0.3004]
  MCC=0.2169  tiles TP/TN/FP/FN=3418/847/4170/106

--- Buffer R = 75 m ---
R=75m  TP=4459  FP=20977  FN=551  n_ref_student=4731  n_reviewer_promoted=279  n_ref_ext_scoped=5010
  P=0.1753  R=0.8900  F1=0.2929
  95% CIs — P=[0.1671, 0.1836] R=[0.8805, 0.8994] F1=[0.2812, 0.3045]
  MCC=0.2169  tiles TP/TN/FP/FN=3418/847/4170/106

--- Buffer R = 100 m ---
R=100m  TP=4497  FP=20939  FN=513  n_ref_student=4731  n_reviewer_promoted=279  n_ref_ext_scoped=5010
  P=0.1768  R=0.8976  F1=0.2954
  95% CIs — P=[0.1685, 0.1852] R=[0.8884, 0.9068] F1=[0.2836, 0.3072]
  MCC=0.2169  tiles TP/TN/FP/FN=3418/847/4170/106

--- Buffer R = 125 m ---
R=125m  TP=4519  FP=20917  FN=491  n_ref_student=4731  n_reviewer_promoted=279  n_ref_ext_scoped=5010
  P=0.1777  R=0.9020  F1=0.2969
  95% CIs — P=[0.1694, 0.1862] R=[0.8929, 0.9110] F1=[0.2850, 0.3087]
  MCC=0.2169  tiles TP/TN/FP/FN=3418/847/4170/106

--- Buffer R = 150 m ---
R=150m  TP=4534  FP=20902  FN=476  n_ref_student=4731  n_reviewer_promoted=279  n_ref_ext_scoped=5010
  P=0.1783  R=0.9050  F1=0.2978
  95% CIs — P=[0.1699, 0.1867] R=[0.8960, 0.9138] F1=[0.2860, 0.3097]
  MCC=0.2169  tiles TP/TN/FP/FN=3418/847/4170/106

Wrote results/uplift-supplement/k1-gapfill/55maps-text-high-generalisation__verified-k3-standardised-gt/corrected-f1.csv
Wrote results/uplift-supplement/k1-gapfill/55maps-text-high-generalisation__verified-k3-standardised-gt/summary.json
Wrote results/uplift-supplement/k1-gapfill/55maps-text-high-generalisation__verified-k3-standardised-gt/report_autogen.md
INFO: Detection files: 1
INFO: Loading ground truth: inputs/vectors/references/student-mounds-55maps-reviewed.geojson
INFO: Loading bounds: inputs/vectors/bounds/384/55maps_evaluation_bounds.geojson
INFO: Reference: 4746 mounds, 8541 evaluation tiles
INFO: Evaluating: detections-detect_brief-text-3-flash-2026-04-26.geojson
INFO:   5m: F1=0.033 [0.030, 0.037], P=0.020 [0.018, 0.023], R=0.094 [0.085, 0.103]
INFO:   10m: F1=0.107 [0.101, 0.113], P=0.065 [0.061, 0.069], R=0.301 [0.286, 0.315]
INFO:   15m: F1=0.176 [0.168, 0.185], P=0.107 [0.102, 0.113], R=0.496 [0.480, 0.513]
INFO:   20m: F1=0.233 [0.223, 0.244], P=0.142 [0.135, 0.149], R=0.655 [0.639, 0.671]
INFO:   25m: F1=0.270 [0.258, 0.281], P=0.164 [0.156, 0.172], R=0.758 [0.744, 0.772]
INFO:   30m: F1=0.290 [0.278, 0.302], P=0.176 [0.168, 0.185], R=0.816 [0.803, 0.828]
INFO:   35m: F1=0.301 [0.289, 0.313], P=0.183 [0.175, 0.192], R=0.847 [0.835, 0.858]
INFO:   40m: F1=0.307 [0.295, 0.319], P=0.187 [0.178, 0.196], R=0.864 [0.852, 0.874]
INFO:   45m: F1=0.312 [0.299, 0.324], P=0.190 [0.181, 0.198], R=0.876 [0.865, 0.886]
INFO:   50m: F1=0.314 [0.301, 0.326], P=0.191 [0.182, 0.200], R=0.882 [0.871, 0.892]
INFO:   75m: F1=0.319 [0.306, 0.331], P=0.194 [0.185, 0.203], R=0.896 [0.886, 0.905]
INFO:   100m: F1=0.321 [0.308, 0.333], P=0.195 [0.186, 0.204], R=0.902 [0.892, 0.911]
INFO:   125m: F1=0.322 [0.310, 0.335], P=0.196 [0.187, 0.205], R=0.906 [0.897, 0.915]
INFO:   150m: F1=0.323 [0.310, 0.335], P=0.197 [0.187, 0.205], R=0.909 [0.899, 0.918]
INFO:   MCC=0.228 [0.211, 0.242], Sens=0.965, Spec=0.191
INFO: JSON written: results/uplift-supplement/k1-gapfill/55maps-text-high-t0-3-generalisation__verified/evaluation.json
INFO: CSV written: results/uplift-supplement/k1-gapfill/55maps-text-high-t0-3-generalisation__verified/evaluation.csv
INFO: Markdown written: results/uplift-supplement/k1-gapfill/55maps-text-high-t0-3-generalisation__verified/evaluation.md
Loading inputs...
  detections: 21,939
  student GT: 4,746
  bounds tiles: 8,541
  review (yesterday): 0
  review (today):     773
  excluded sentinels (>150 m shell, buffer_metres=200): 10

--- Buffer R = 5 m ---
R=5m  TP=445  FP=21494  FN=4301  n_ref_student=4746  n_reviewer_promoted=0  n_ref_ext_scoped=4746
  P=0.0203  R=0.0938  F1=0.0334
  95% CIs — P=[0.0183, 0.0224] R=[0.0852, 0.1026] F1=[0.0301, 0.0368]
  MCC=0.2275  tiles TP/TN/FP/FN=3262/988/4172/119

--- Buffer R = 10 m ---
R=10m  TP=1427  FP=20512  FN=3319  n_ref_student=4746  n_reviewer_promoted=0  n_ref_ext_scoped=4746
  P=0.0650  R=0.3007  F1=0.1070
  95% CIs — P=[0.0608, 0.0694] R=[0.2858, 0.3151] F1=[0.1005, 0.1134]
  MCC=0.2275  tiles TP/TN/FP/FN=3262/988/4172/119

--- Buffer R = 15 m ---
R=15m  TP=2354  FP=19585  FN=2392  n_ref_student=4746  n_reviewer_promoted=0  n_ref_ext_scoped=4746
  P=0.1073  R=0.4960  F1=0.1764
  95% CIs — P=[0.1014, 0.1134] R=[0.4796, 0.5126] F1=[0.1678, 0.1853]
  MCC=0.2275  tiles TP/TN/FP/FN=3262/988/4172/119

--- Buffer R = 20 m ---
R=20m  TP=3111  FP=18828  FN=1635  n_ref_student=4746  n_reviewer_promoted=0  n_ref_ext_scoped=4746
  P=0.1418  R=0.6555  F1=0.2332
  95% CIs — P=[0.1347, 0.1492] R=[0.6395, 0.6715] F1=[0.2230, 0.2436]
  MCC=0.2275  tiles TP/TN/FP/FN=3262/988/4172/119

--- Buffer R = 25 m ---
R=25m  TP=3597  FP=18342  FN=1149  n_ref_student=4746  n_reviewer_promoted=0  n_ref_ext_scoped=4746
  P=0.1640  R=0.7579  F1=0.2696
  95% CIs — P=[0.1559, 0.1722] R=[0.7437, 0.7720] F1=[0.2582, 0.2810]
  MCC=0.2275  tiles TP/TN/FP/FN=3262/988/4172/119

--- Buffer R = 30 m ---
R=30m  TP=3872  FP=18067  FN=874  n_ref_student=4746  n_reviewer_promoted=0  n_ref_ext_scoped=4746
  P=0.1765  R=0.8158  F1=0.2902
  95% CIs — P=[0.1681, 0.1850] R=[0.8032, 0.8282] F1=[0.2786, 0.3018]
  MCC=0.2275  tiles TP/TN/FP/FN=3262/988/4172/119

--- Buffer R = 35 m ---
R=35m  TP=4021  FP=17918  FN=725  n_ref_student=4746  n_reviewer_promoted=0  n_ref_ext_scoped=4746
  P=0.1833  R=0.8472  F1=0.3014
  95% CIs — P=[0.1747, 0.1920] R=[0.8354, 0.8587] F1=[0.2895, 0.3134]
  MCC=0.2275  tiles TP/TN/FP/FN=3262/988/4172/119

--- Buffer R = 40 m ---
R=40m  TP=4099  FP=17840  FN=647  n_ref_student=4746  n_reviewer_promoted=0  n_ref_ext_scoped=4746
  P=0.1868  R=0.8637  F1=0.3072
  95% CIs — P=[0.1781, 0.1957] R=[0.8525, 0.8746] F1=[0.2952, 0.3193]
  MCC=0.2275  tiles TP/TN/FP/FN=3262/988/4172/119

--- Buffer R = 45 m ---
R=45m  TP=4159  FP=17780  FN=587  n_ref_student=4746  n_reviewer_promoted=0  n_ref_ext_scoped=4746
  P=0.1896  R=0.8763  F1=0.3117
  95% CIs — P=[0.1808, 0.1985] R=[0.8656, 0.8868] F1=[0.2995, 0.3239]
  MCC=0.2275  tiles TP/TN/FP/FN=3262/988/4172/119

--- Buffer R = 50 m ---
  build_extended_gt: dropped 1 phantom(s) within 5.0 m of a same-map student-GT point (channel-duplicated rescue de-duplication)
R=50m  TP=4570  FP=17369  FN=590  n_ref_student=4746  n_reviewer_promoted=414  n_ref_ext_scoped=5160
  P=0.2083  R=0.8857  F1=0.3373
  95% CIs — P=[0.1990, 0.2176] R=[0.8756, 0.8953] F1=[0.3248, 0.3497]
  MCC=0.2370  tiles TP/TN/FP/FN=3402/985/4032/122

--- Buffer R = 75 m ---
  build_extended_gt: dropped 1 phantom(s) within 5.0 m of a same-map student-GT point (channel-duplicated rescue de-duplication)
R=75m  TP=4721  FP=17218  FN=618  n_ref_student=4746  n_reviewer_promoted=593  n_ref_ext_scoped=5339
  P=0.2152  R=0.8842  F1=0.3461
  95% CIs — P=[0.2056, 0.2248] R=[0.8747, 0.8935] F1=[0.3335, 0.3588]
  MCC=0.2363  tiles TP/TN/FP/FN=3416/982/4018/125

--- Buffer R = 100 m ---
  build_extended_gt: dropped 1 phantom(s) within 5.0 m of a same-map student-GT point (channel-duplicated rescue de-duplication)
R=100m  TP=4788  FP=17151  FN=642  n_ref_student=4746  n_reviewer_promoted=684  n_ref_ext_scoped=5430
  P=0.2182  R=0.8818  F1=0.3499
  95% CIs — P=[0.2086, 0.2280] R=[0.8722, 0.8910] F1=[0.3372, 0.3624]
  MCC=0.2364  tiles TP/TN/FP/FN=3425/981/4009/126

--- Buffer R = 125 m ---
  build_extended_gt: dropped 1 phantom(s) within 5.0 m of a same-map student-GT point (channel-duplicated rescue de-duplication)
R=125m  TP=4833  FP=17106  FN=641  n_ref_student=4746  n_reviewer_promoted=728  n_ref_ext_scoped=5474
  P=0.2203  R=0.8829  F1=0.3526
  95% CIs — P=[0.2106, 0.2300] R=[0.8735, 0.8920] F1=[0.3399, 0.3652]
  MCC=0.2361  tiles TP/TN/FP/FN=3429/980/4005/127

--- Buffer R = 150 m ---
  build_extended_gt: dropped 1 phantom(s) within 5.0 m of a same-map student-GT point (channel-duplicated rescue de-duplication)
R=150m  TP=4869  FP=17070  FN=639  n_ref_student=4746  n_reviewer_promoted=762  n_ref_ext_scoped=5508
  P=0.2219  R=0.8840  F1=0.3548
  95% CIs — P=[0.2122, 0.2317] R=[0.8746, 0.8931] F1=[0.3421, 0.3673]
  MCC=0.2361  tiles TP/TN/FP/FN=3429/980/4005/127

Wrote results/uplift-supplement/k1-gapfill/55maps-text-high-t0-3-generalisation__verified-k4-canonical-gt/corrected-f1.csv
Wrote results/uplift-supplement/k1-gapfill/55maps-text-high-t0-3-generalisation__verified-k4-canonical-gt/summary.json
Wrote results/uplift-supplement/k1-gapfill/55maps-text-high-t0-3-generalisation__verified-k4-canonical-gt/report_autogen.md
Loading inputs...
  detections: 21,939
  student GT: 4,746
  bounds tiles: 8,541
  review (yesterday): 0
  review (today):     773
  excluded sentinels (>150 m shell, buffer_metres=200): 10

--- Buffer R = 5 m ---
R=5m  TP=445  FP=21494  FN=4301  n_ref_student=4746  n_reviewer_promoted=0  n_ref_ext_scoped=4746
  P=0.0203  R=0.0938  F1=0.0334
  95% CIs — P=[0.0183, 0.0224] R=[0.0852, 0.1026] F1=[0.0301, 0.0368]
  MCC=0.2275  tiles TP/TN/FP/FN=3262/988/4172/119

--- Buffer R = 10 m ---
R=10m  TP=1427  FP=20512  FN=3319  n_ref_student=4746  n_reviewer_promoted=0  n_ref_ext_scoped=4746
  P=0.0650  R=0.3007  F1=0.1070
  95% CIs — P=[0.0608, 0.0694] R=[0.2858, 0.3151] F1=[0.1005, 0.1134]
  MCC=0.2275  tiles TP/TN/FP/FN=3262/988/4172/119

--- Buffer R = 15 m ---
R=15m  TP=2354  FP=19585  FN=2392  n_ref_student=4746  n_reviewer_promoted=0  n_ref_ext_scoped=4746
  P=0.1073  R=0.4960  F1=0.1764
  95% CIs — P=[0.1014, 0.1134] R=[0.4796, 0.5126] F1=[0.1678, 0.1853]
  MCC=0.2275  tiles TP/TN/FP/FN=3262/988/4172/119

--- Buffer R = 20 m ---
R=20m  TP=3111  FP=18828  FN=1635  n_ref_student=4746  n_reviewer_promoted=0  n_ref_ext_scoped=4746
  P=0.1418  R=0.6555  F1=0.2332
  95% CIs — P=[0.1347, 0.1492] R=[0.6395, 0.6715] F1=[0.2230, 0.2436]
  MCC=0.2275  tiles TP/TN/FP/FN=3262/988/4172/119

--- Buffer R = 25 m ---
R=25m  TP=3597  FP=18342  FN=1149  n_ref_student=4746  n_reviewer_promoted=0  n_ref_ext_scoped=4746
  P=0.1640  R=0.7579  F1=0.2696
  95% CIs — P=[0.1559, 0.1722] R=[0.7437, 0.7720] F1=[0.2582, 0.2810]
  MCC=0.2275  tiles TP/TN/FP/FN=3262/988/4172/119

--- Buffer R = 30 m ---
R=30m  TP=3872  FP=18067  FN=874  n_ref_student=4746  n_reviewer_promoted=0  n_ref_ext_scoped=4746
  P=0.1765  R=0.8158  F1=0.2902
  95% CIs — P=[0.1681, 0.1850] R=[0.8032, 0.8282] F1=[0.2786, 0.3018]
  MCC=0.2275  tiles TP/TN/FP/FN=3262/988/4172/119

--- Buffer R = 35 m ---
R=35m  TP=4021  FP=17918  FN=725  n_ref_student=4746  n_reviewer_promoted=0  n_ref_ext_scoped=4746
  P=0.1833  R=0.8472  F1=0.3014
  95% CIs — P=[0.1747, 0.1920] R=[0.8354, 0.8587] F1=[0.2895, 0.3134]
  MCC=0.2275  tiles TP/TN/FP/FN=3262/988/4172/119

--- Buffer R = 40 m ---
R=40m  TP=4099  FP=17840  FN=647  n_ref_student=4746  n_reviewer_promoted=0  n_ref_ext_scoped=4746
  P=0.1868  R=0.8637  F1=0.3072
  95% CIs — P=[0.1781, 0.1957] R=[0.8525, 0.8746] F1=[0.2952, 0.3193]
  MCC=0.2275  tiles TP/TN/FP/FN=3262/988/4172/119

--- Buffer R = 45 m ---
R=45m  TP=4159  FP=17780  FN=587  n_ref_student=4746  n_reviewer_promoted=0  n_ref_ext_scoped=4746
  P=0.1896  R=0.8763  F1=0.3117
  95% CIs — P=[0.1808, 0.1985] R=[0.8656, 0.8868] F1=[0.2995, 0.3239]
  MCC=0.2275  tiles TP/TN/FP/FN=3262/988/4172/119

--- Buffer R = 50 m ---
  build_extended_gt: dropped 1 phantom(s) within 5.0 m of a same-map student-GT point (channel-duplicated rescue de-duplication)
R=50m  TP=4570  FP=17369  FN=590  n_ref_student=4746  n_reviewer_promoted=414  n_ref_ext_scoped=5160
  P=0.2083  R=0.8857  F1=0.3373
  95% CIs — P=[0.1990, 0.2176] R=[0.8756, 0.8953] F1=[0.3248, 0.3497]
  MCC=0.2370  tiles TP/TN/FP/FN=3402/985/4032/122

--- Buffer R = 75 m ---
  build_extended_gt: dropped 1 phantom(s) within 5.0 m of a same-map student-GT point (channel-duplicated rescue de-duplication)
R=75m  TP=4721  FP=17218  FN=618  n_ref_student=4746  n_reviewer_promoted=593  n_ref_ext_scoped=5339
  P=0.2152  R=0.8842  F1=0.3461
  95% CIs — P=[0.2056, 0.2248] R=[0.8747, 0.8935] F1=[0.3335, 0.3588]
  MCC=0.2363  tiles TP/TN/FP/FN=3416/982/4018/125

--- Buffer R = 100 m ---
  build_extended_gt: dropped 1 phantom(s) within 5.0 m of a same-map student-GT point (channel-duplicated rescue de-duplication)
R=100m  TP=4788  FP=17151  FN=642  n_ref_student=4746  n_reviewer_promoted=684  n_ref_ext_scoped=5430
  P=0.2182  R=0.8818  F1=0.3499
  95% CIs — P=[0.2086, 0.2280] R=[0.8722, 0.8910] F1=[0.3372, 0.3624]
  MCC=0.2364  tiles TP/TN/FP/FN=3425/981/4009/126

--- Buffer R = 125 m ---
  build_extended_gt: dropped 1 phantom(s) within 5.0 m of a same-map student-GT point (channel-duplicated rescue de-duplication)
R=125m  TP=4833  FP=17106  FN=641  n_ref_student=4746  n_reviewer_promoted=728  n_ref_ext_scoped=5474
  P=0.2203  R=0.8829  F1=0.3526
  95% CIs — P=[0.2106, 0.2300] R=[0.8735, 0.8920] F1=[0.3399, 0.3652]
  MCC=0.2361  tiles TP/TN/FP/FN=3429/980/4005/127

--- Buffer R = 150 m ---
  build_extended_gt: dropped 1 phantom(s) within 5.0 m of a same-map student-GT point (channel-duplicated rescue de-duplication)
R=150m  TP=4869  FP=17070  FN=639  n_ref_student=4746  n_reviewer_promoted=762  n_ref_ext_scoped=5508
  P=0.2219  R=0.8840  F1=0.3548
  95% CIs — P=[0.2122, 0.2317] R=[0.8746, 0.8931] F1=[0.3421, 0.3673]
  MCC=0.2361  tiles TP/TN/FP/FN=3429/980/4005/127

Wrote results/uplift-supplement/k1-gapfill/55maps-text-high-t0-3-generalisation__verified-k3-canonical-gt/corrected-f1.csv
Wrote results/uplift-supplement/k1-gapfill/55maps-text-high-t0-3-generalisation__verified-k3-canonical-gt/summary.json
Wrote results/uplift-supplement/k1-gapfill/55maps-text-high-t0-3-generalisation__verified-k3-canonical-gt/report_autogen.md
Loading inputs...
  detections: 21,939
  student GT: 4,731
  bounds tiles: 8,541
  standardised extension layer: 279 (included whole at every R)
  pre-computing buffer-invariant MCC block (extension mode)...

--- Buffer R = 5 m ---
R=5m  TP=638  FP=21301  FN=4372  n_ref_student=4731  n_reviewer_promoted=279  n_ref_ext_scoped=5010
  P=0.0291  R=0.1273  F1=0.0473
  95% CIs — P=[0.0266, 0.0317] R=[0.1177, 0.1372] F1=[0.0434, 0.0514]
  MCC=0.2377  tiles TP/TN/FP/FN=3403/986/4031/121

--- Buffer R = 10 m ---
R=10m  TP=1734  FP=20205  FN=3276  n_ref_student=4731  n_reviewer_promoted=279  n_ref_ext_scoped=5010
  P=0.0790  R=0.3461  F1=0.1287
  95% CIs — P=[0.0743, 0.0838] R=[0.3311, 0.3607] F1=[0.1216, 0.1358]
  MCC=0.2377  tiles TP/TN/FP/FN=3403/986/4031/121

--- Buffer R = 15 m ---
R=15m  TP=2688  FP=19251  FN=2322  n_ref_student=4731  n_reviewer_promoted=279  n_ref_ext_scoped=5010
  P=0.1225  R=0.5365  F1=0.1995
  95% CIs — P=[0.1162, 0.1291] R=[0.5207, 0.5524] F1=[0.1904, 0.2087]
  MCC=0.2377  tiles TP/TN/FP/FN=3403/986/4031/121

--- Buffer R = 20 m ---
R=20m  TP=3390  FP=18549  FN=1620  n_ref_student=4731  n_reviewer_promoted=279  n_ref_ext_scoped=5010
  P=0.1545  R=0.6766  F1=0.2516
  95% CIs — P=[0.1471, 0.1622] R=[0.6619, 0.6917] F1=[0.2411, 0.2622]
  MCC=0.2377  tiles TP/TN/FP/FN=3403/986/4031/121

--- Buffer R = 25 m ---
R=25m  TP=3863  FP=18076  FN=1147  n_ref_student=4731  n_reviewer_promoted=279  n_ref_ext_scoped=5010
  P=0.1761  R=0.7711  F1=0.2867
  95% CIs — P=[0.1678, 0.1845] R=[0.7579, 0.7844] F1=[0.2751, 0.2982]
  MCC=0.2377  tiles TP/TN/FP/FN=3403/986/4031/121

--- Buffer R = 30 m ---
R=30m  TP=4136  FP=17803  FN=874  n_ref_student=4731  n_reviewer_promoted=279  n_ref_ext_scoped=5010
  P=0.1885  R=0.8255  F1=0.3070
  95% CIs — P=[0.1798, 0.1974] R=[0.8136, 0.8375] F1=[0.2950, 0.3189]
  MCC=0.2377  tiles TP/TN/FP/FN=3403/986/4031/121

--- Buffer R = 35 m ---
R=35m  TP=4282  FP=17657  FN=728  n_ref_student=4731  n_reviewer_promoted=279  n_ref_ext_scoped=5010
  P=0.1952  R=0.8547  F1=0.3178
  95% CIs — P=[0.1863, 0.2042] R=[0.8435, 0.8657] F1=[0.3056, 0.3300]
  MCC=0.2377  tiles TP/TN/FP/FN=3403/986/4031/121

--- Buffer R = 40 m ---
R=40m  TP=4358  FP=17581  FN=652  n_ref_student=4731  n_reviewer_promoted=279  n_ref_ext_scoped=5010
  P=0.1986  R=0.8699  F1=0.3234
  95% CIs — P=[0.1896, 0.2078] R=[0.8592, 0.8802] F1=[0.3112, 0.3357]
  MCC=0.2377  tiles TP/TN/FP/FN=3403/986/4031/121

--- Buffer R = 45 m ---
R=45m  TP=4415  FP=17524  FN=595  n_ref_student=4731  n_reviewer_promoted=279  n_ref_ext_scoped=5010
  P=0.2012  R=0.8812  F1=0.3277
  95% CIs — P=[0.1921, 0.2105] R=[0.8709, 0.8912] F1=[0.3152, 0.3400]
  MCC=0.2377  tiles TP/TN/FP/FN=3403/986/4031/121

--- Buffer R = 50 m ---
R=50m  TP=4443  FP=17496  FN=567  n_ref_student=4731  n_reviewer_promoted=279  n_ref_ext_scoped=5010
  P=0.2025  R=0.8868  F1=0.3297
  95% CIs — P=[0.1933, 0.2118] R=[0.8767, 0.8966] F1=[0.3173, 0.3421]
  MCC=0.2377  tiles TP/TN/FP/FN=3403/986/4031/121

--- Buffer R = 75 m ---
R=75m  TP=4513  FP=17426  FN=497  n_ref_student=4731  n_reviewer_promoted=279  n_ref_ext_scoped=5010
  P=0.2057  R=0.9008  F1=0.3349
  95% CIs — P=[0.1964, 0.2151] R=[0.8913, 0.9099] F1=[0.3223, 0.3475]
  MCC=0.2377  tiles TP/TN/FP/FN=3403/986/4031/121

--- Buffer R = 100 m ---
R=100m  TP=4542  FP=17397  FN=468  n_ref_student=4731  n_reviewer_promoted=279  n_ref_ext_scoped=5010
  P=0.2070  R=0.9066  F1=0.3371
  95% CIs — P=[0.1977, 0.2165] R=[0.8974, 0.9154] F1=[0.3245, 0.3497]
  MCC=0.2377  tiles TP/TN/FP/FN=3403/986/4031/121

--- Buffer R = 125 m ---
R=125m  TP=4559  FP=17380  FN=451  n_ref_student=4731  n_reviewer_promoted=279  n_ref_ext_scoped=5010
  P=0.2078  R=0.9100  F1=0.3383
  95% CIs — P=[0.1985, 0.2173] R=[0.9010, 0.9188] F1=[0.3258, 0.3510]
  MCC=0.2377  tiles TP/TN/FP/FN=3403/986/4031/121

--- Buffer R = 150 m ---
R=150m  TP=4574  FP=17365  FN=436  n_ref_student=4731  n_reviewer_promoted=279  n_ref_ext_scoped=5010
  P=0.2085  R=0.9130  F1=0.3395
  95% CIs — P=[0.1992, 0.2180] R=[0.9041, 0.9216] F1=[0.3268, 0.3521]
  MCC=0.2377  tiles TP/TN/FP/FN=3403/986/4031/121

Wrote results/uplift-supplement/k1-gapfill/55maps-text-high-t0-3-generalisation__verified-k4-standardised-gt/corrected-f1.csv
Wrote results/uplift-supplement/k1-gapfill/55maps-text-high-t0-3-generalisation__verified-k4-standardised-gt/summary.json
Wrote results/uplift-supplement/k1-gapfill/55maps-text-high-t0-3-generalisation__verified-k4-standardised-gt/report_autogen.md
Loading inputs...
  detections: 21,939
  student GT: 4,731
  bounds tiles: 8,541
  standardised extension layer: 279 (included whole at every R)
  pre-computing buffer-invariant MCC block (extension mode)...

--- Buffer R = 5 m ---
R=5m  TP=638  FP=21301  FN=4372  n_ref_student=4731  n_reviewer_promoted=279  n_ref_ext_scoped=5010
  P=0.0291  R=0.1273  F1=0.0473
  95% CIs — P=[0.0266, 0.0317] R=[0.1177, 0.1372] F1=[0.0434, 0.0514]
  MCC=0.2377  tiles TP/TN/FP/FN=3403/986/4031/121

--- Buffer R = 10 m ---
R=10m  TP=1734  FP=20205  FN=3276  n_ref_student=4731  n_reviewer_promoted=279  n_ref_ext_scoped=5010
  P=0.0790  R=0.3461  F1=0.1287
  95% CIs — P=[0.0743, 0.0838] R=[0.3311, 0.3607] F1=[0.1216, 0.1358]
  MCC=0.2377  tiles TP/TN/FP/FN=3403/986/4031/121

--- Buffer R = 15 m ---
R=15m  TP=2688  FP=19251  FN=2322  n_ref_student=4731  n_reviewer_promoted=279  n_ref_ext_scoped=5010
  P=0.1225  R=0.5365  F1=0.1995
  95% CIs — P=[0.1162, 0.1291] R=[0.5207, 0.5524] F1=[0.1904, 0.2087]
  MCC=0.2377  tiles TP/TN/FP/FN=3403/986/4031/121

--- Buffer R = 20 m ---
R=20m  TP=3390  FP=18549  FN=1620  n_ref_student=4731  n_reviewer_promoted=279  n_ref_ext_scoped=5010
  P=0.1545  R=0.6766  F1=0.2516
  95% CIs — P=[0.1471, 0.1622] R=[0.6619, 0.6917] F1=[0.2411, 0.2622]
  MCC=0.2377  tiles TP/TN/FP/FN=3403/986/4031/121

--- Buffer R = 25 m ---
R=25m  TP=3863  FP=18076  FN=1147  n_ref_student=4731  n_reviewer_promoted=279  n_ref_ext_scoped=5010
  P=0.1761  R=0.7711  F1=0.2867
  95% CIs — P=[0.1678, 0.1845] R=[0.7579, 0.7844] F1=[0.2751, 0.2982]
  MCC=0.2377  tiles TP/TN/FP/FN=3403/986/4031/121

--- Buffer R = 30 m ---
R=30m  TP=4136  FP=17803  FN=874  n_ref_student=4731  n_reviewer_promoted=279  n_ref_ext_scoped=5010
  P=0.1885  R=0.8255  F1=0.3070
  95% CIs — P=[0.1798, 0.1974] R=[0.8136, 0.8375] F1=[0.2950, 0.3189]
  MCC=0.2377  tiles TP/TN/FP/FN=3403/986/4031/121

--- Buffer R = 35 m ---
R=35m  TP=4282  FP=17657  FN=728  n_ref_student=4731  n_reviewer_promoted=279  n_ref_ext_scoped=5010
  P=0.1952  R=0.8547  F1=0.3178
  95% CIs — P=[0.1863, 0.2042] R=[0.8435, 0.8657] F1=[0.3056, 0.3300]
  MCC=0.2377  tiles TP/TN/FP/FN=3403/986/4031/121

--- Buffer R = 40 m ---
R=40m  TP=4358  FP=17581  FN=652  n_ref_student=4731  n_reviewer_promoted=279  n_ref_ext_scoped=5010
  P=0.1986  R=0.8699  F1=0.3234
  95% CIs — P=[0.1896, 0.2078] R=[0.8592, 0.8802] F1=[0.3112, 0.3357]
  MCC=0.2377  tiles TP/TN/FP/FN=3403/986/4031/121

--- Buffer R = 45 m ---
R=45m  TP=4415  FP=17524  FN=595  n_ref_student=4731  n_reviewer_promoted=279  n_ref_ext_scoped=5010
  P=0.2012  R=0.8812  F1=0.3277
  95% CIs — P=[0.1921, 0.2105] R=[0.8709, 0.8912] F1=[0.3152, 0.3400]
  MCC=0.2377  tiles TP/TN/FP/FN=3403/986/4031/121

--- Buffer R = 50 m ---
R=50m  TP=4443  FP=17496  FN=567  n_ref_student=4731  n_reviewer_promoted=279  n_ref_ext_scoped=5010
  P=0.2025  R=0.8868  F1=0.3297
  95% CIs — P=[0.1933, 0.2118] R=[0.8767, 0.8966] F1=[0.3173, 0.3421]
  MCC=0.2377  tiles TP/TN/FP/FN=3403/986/4031/121

--- Buffer R = 75 m ---
R=75m  TP=4513  FP=17426  FN=497  n_ref_student=4731  n_reviewer_promoted=279  n_ref_ext_scoped=5010
  P=0.2057  R=0.9008  F1=0.3349
  95% CIs — P=[0.1964, 0.2151] R=[0.8913, 0.9099] F1=[0.3223, 0.3475]
  MCC=0.2377  tiles TP/TN/FP/FN=3403/986/4031/121

--- Buffer R = 100 m ---
R=100m  TP=4542  FP=17397  FN=468  n_ref_student=4731  n_reviewer_promoted=279  n_ref_ext_scoped=5010
  P=0.2070  R=0.9066  F1=0.3371
  95% CIs — P=[0.1977, 0.2165] R=[0.8974, 0.9154] F1=[0.3245, 0.3497]
  MCC=0.2377  tiles TP/TN/FP/FN=3403/986/4031/121

--- Buffer R = 125 m ---
R=125m  TP=4559  FP=17380  FN=451  n_ref_student=4731  n_reviewer_promoted=279  n_ref_ext_scoped=5010
  P=0.2078  R=0.9100  F1=0.3383
  95% CIs — P=[0.1985, 0.2173] R=[0.9010, 0.9188] F1=[0.3258, 0.3510]
  MCC=0.2377  tiles TP/TN/FP/FN=3403/986/4031/121

--- Buffer R = 150 m ---
R=150m  TP=4574  FP=17365  FN=436  n_ref_student=4731  n_reviewer_promoted=279  n_ref_ext_scoped=5010
  P=0.2085  R=0.9130  F1=0.3395
  95% CIs — P=[0.1992, 0.2180] R=[0.9041, 0.9216] F1=[0.3268, 0.3521]
  MCC=0.2377  tiles TP/TN/FP/FN=3403/986/4031/121

Wrote results/uplift-supplement/k1-gapfill/55maps-text-high-t0-3-generalisation__verified-k3-standardised-gt/corrected-f1.csv
Wrote results/uplift-supplement/k1-gapfill/55maps-text-high-t0-3-generalisation__verified-k3-standardised-gt/summary.json
Wrote results/uplift-supplement/k1-gapfill/55maps-text-high-t0-3-generalisation__verified-k3-standardised-gt/report_autogen.md
INFO: Detection files: 1
INFO: Loading ground truth: inputs/vectors/references/best-available-gt-55maps.geojson
INFO: Loading bounds: inputs/vectors/bounds/384/55maps_evaluation_bounds.geojson
INFO: Reference: 5010 mounds, 8541 evaluation tiles
INFO: Evaluating: detections-detect_brief-text-3-flash-2026-04-26.geojson
INFO:   5m: F1=0.047 [0.043, 0.052], P=0.029 [0.027, 0.032], R=0.127 [0.118, 0.137]
INFO:   10m: F1=0.129 [0.122, 0.136], P=0.079 [0.074, 0.084], R=0.346 [0.331, 0.361]
INFO:   15m: F1=0.199 [0.190, 0.209], P=0.123 [0.116, 0.129], R=0.537 [0.521, 0.552]
INFO:   20m: F1=0.252 [0.241, 0.262], P=0.155 [0.147, 0.162], R=0.677 [0.662, 0.691]
INFO:   25m: F1=0.287 [0.275, 0.298], P=0.176 [0.168, 0.184], R=0.771 [0.758, 0.784]
INFO:   30m: F1=0.307 [0.295, 0.319], P=0.189 [0.180, 0.197], R=0.826 [0.813, 0.837]
INFO:   35m: F1=0.318 [0.305, 0.330], P=0.195 [0.186, 0.204], R=0.855 [0.843, 0.865]
INFO:   40m: F1=0.323 [0.311, 0.336], P=0.199 [0.190, 0.208], R=0.870 [0.859, 0.880]
INFO:   45m: F1=0.328 [0.315, 0.340], P=0.201 [0.192, 0.210], R=0.881 [0.871, 0.891]
INFO:   50m: F1=0.330 [0.317, 0.342], P=0.203 [0.193, 0.212], R=0.887 [0.876, 0.896]
INFO:   75m: F1=0.335 [0.322, 0.347], P=0.206 [0.196, 0.215], R=0.901 [0.891, 0.910]
INFO:   100m: F1=0.337 [0.324, 0.349], P=0.207 [0.198, 0.216], R=0.907 [0.897, 0.915]
INFO:   125m: F1=0.338 [0.326, 0.351], P=0.208 [0.198, 0.217], R=0.910 [0.901, 0.918]
INFO:   150m: F1=0.339 [0.327, 0.352], P=0.208 [0.199, 0.218], R=0.913 [0.904, 0.921]
INFO:   MCC=0.238 [0.222, 0.253], Sens=0.966, Spec=0.197
INFO: JSON written: results/uplift-supplement/k1-gapfill/55maps-text-high-t0-3-generalisation__verified-oracle-p0_20-k3-standardised-gt/evaluation.json
INFO: CSV written: results/uplift-supplement/k1-gapfill/55maps-text-high-t0-3-generalisation__verified-oracle-p0_20-k3-standardised-gt/evaluation.csv
INFO: Markdown written: results/uplift-supplement/k1-gapfill/55maps-text-high-t0-3-generalisation__verified-oracle-p0_20-k3-standardised-gt/evaluation.md
INFO: Detection files: 1
INFO: Loading ground truth: inputs/vectors/references/student-mounds-55maps-reviewed.geojson
INFO: Loading bounds: inputs/vectors/bounds/384/55maps_evaluation_bounds.geojson
INFO: Reference: 4746 mounds, 8541 evaluation tiles
INFO: Evaluating: detections-detect_brief-text-3-flash-2026-04-18.geojson
INFO:   5m: F1=0.047 [0.042, 0.051], P=0.031 [0.028, 0.034], R=0.095 [0.086, 0.104] [partial: 22/8541 tiles unprocessed]
INFO:   10m: F1=0.145 [0.137, 0.154], P=0.096 [0.090, 0.103], R=0.296 [0.282, 0.312] [partial: 22/8541 tiles unprocessed]
INFO:   15m: F1=0.238 [0.227, 0.249], P=0.158 [0.149, 0.166], R=0.485 [0.469, 0.502] [partial: 22/8541 tiles unprocessed]
INFO:   20m: F1=0.304 [0.292, 0.316], P=0.201 [0.192, 0.211], R=0.620 [0.604, 0.637] [partial: 22/8541 tiles unprocessed]
INFO:   25m: F1=0.345 [0.332, 0.358], P=0.228 [0.218, 0.239], R=0.703 [0.687, 0.718] [partial: 22/8541 tiles unprocessed]
INFO:   30m: F1=0.366 [0.353, 0.380], P=0.243 [0.232, 0.254], R=0.747 [0.732, 0.762] [partial: 22/8541 tiles unprocessed]
INFO:   35m: F1=0.378 [0.365, 0.392], P=0.250 [0.240, 0.262], R=0.771 [0.757, 0.785] [partial: 22/8541 tiles unprocessed]
INFO:   40m: F1=0.383 [0.370, 0.396], P=0.254 [0.243, 0.265], R=0.781 [0.767, 0.795] [partial: 22/8541 tiles unprocessed]
INFO:   45m: F1=0.386 [0.373, 0.400], P=0.256 [0.245, 0.267], R=0.788 [0.774, 0.802] [partial: 22/8541 tiles unprocessed]
INFO:   50m: F1=0.388 [0.375, 0.402], P=0.257 [0.246, 0.268], R=0.792 [0.778, 0.805] [partial: 22/8541 tiles unprocessed]
INFO:   75m: F1=0.391 [0.377, 0.404], P=0.259 [0.248, 0.270], R=0.797 [0.783, 0.810] [partial: 22/8541 tiles unprocessed]
INFO:   100m: F1=0.393 [0.380, 0.406], P=0.260 [0.249, 0.271], R=0.802 [0.788, 0.815] [partial: 22/8541 tiles unprocessed]
INFO:   125m: F1=0.394 [0.381, 0.408], P=0.261 [0.250, 0.272], R=0.804 [0.790, 0.817] [partial: 22/8541 tiles unprocessed]
INFO:   150m: F1=0.395 [0.382, 0.409], P=0.262 [0.251, 0.273], R=0.806 [0.792, 0.819] [partial: 22/8541 tiles unprocessed]
INFO:   MCC=0.070 [0.052, 0.086], Sens=0.990, Spec=0.032
INFO: JSON written: results/uplift-supplement/k1-gapfill/55maps-text-min-generalisation__verified/evaluation.json
INFO: CSV written: results/uplift-supplement/k1-gapfill/55maps-text-min-generalisation__verified/evaluation.csv
INFO: Markdown written: results/uplift-supplement/k1-gapfill/55maps-text-min-generalisation__verified/evaluation.md
Loading inputs...
  detections: 14,614
  student GT: 4,746
  bounds tiles: 8,541
  review (yesterday): 0
  review (today):     773
  excluded sentinels (>150 m shell, buffer_metres=200): 10

--- Buffer R = 5 m ---
R=5m  TP=451  FP=14163  FN=4295  n_ref_student=4746  n_reviewer_promoted=0  n_ref_ext_scoped=4746
  P=0.0309  R=0.0950  F1=0.0466
  95% CIs — P=[0.0278, 0.0340] R=[0.0863, 0.1038] F1=[0.0421, 0.0512]
  MCC=0.0704  tiles TP/TN/FP/FN=3346/166/4994/35

--- Buffer R = 10 m ---
R=10m  TP=1407  FP=13207  FN=3339  n_ref_student=4746  n_reviewer_promoted=0  n_ref_ext_scoped=4746
  P=0.0963  R=0.2965  F1=0.1454
  95% CIs — P=[0.0901, 0.1027] R=[0.2817, 0.3116] F1=[0.1368, 0.1542]
  MCC=0.0704  tiles TP/TN/FP/FN=3346/166/4994/35

--- Buffer R = 15 m ---
R=15m  TP=2303  FP=12311  FN=2443  n_ref_student=4746  n_reviewer_promoted=0  n_ref_ext_scoped=4746
  P=0.1576  R=0.4853  F1=0.2379
  95% CIs — P=[0.1494, 0.1661] R=[0.4686, 0.5020] F1=[0.2271, 0.2490]
  MCC=0.0704  tiles TP/TN/FP/FN=3346/166/4994/35

--- Buffer R = 20 m ---
R=20m  TP=2944  FP=11670  FN=1802  n_ref_student=4746  n_reviewer_promoted=0  n_ref_ext_scoped=4746
  P=0.2015  R=0.6203  F1=0.3041
  95% CIs — P=[0.1917, 0.2112] R=[0.6039, 0.6365] F1=[0.2918, 0.3163]
  MCC=0.0704  tiles TP/TN/FP/FN=3346/166/4994/35

--- Buffer R = 25 m ---
R=25m  TP=3336  FP=11278  FN=1410  n_ref_student=4746  n_reviewer_promoted=0  n_ref_ext_scoped=4746
  P=0.2283  R=0.7029  F1=0.3446
  95% CIs — P=[0.2178, 0.2388] R=[0.6875, 0.7182] F1=[0.3315, 0.3575]
  MCC=0.0704  tiles TP/TN/FP/FN=3346/166/4994/35

--- Buffer R = 30 m ---
R=30m  TP=3546  FP=11068  FN=1200  n_ref_student=4746  n_reviewer_promoted=0  n_ref_ext_scoped=4746
  P=0.2426  R=0.7472  F1=0.3663
  95% CIs — P=[0.2319, 0.2536] R=[0.7325, 0.7616] F1=[0.3532, 0.3795]
  MCC=0.0704  tiles TP/TN/FP/FN=3346/166/4994/35

--- Buffer R = 35 m ---
R=35m  TP=3660  FP=10954  FN=1086  n_ref_student=4746  n_reviewer_promoted=0  n_ref_ext_scoped=4746
  P=0.2504  R=0.7712  F1=0.3781
  95% CIs — P=[0.2395, 0.2615] R=[0.7569, 0.7851] F1=[0.3648, 0.3915]
  MCC=0.0704  tiles TP/TN/FP/FN=3346/166/4994/35

--- Buffer R = 40 m ---
R=40m  TP=3707  FP=10907  FN=1039  n_ref_student=4746  n_reviewer_promoted=0  n_ref_ext_scoped=4746
  P=0.2537  R=0.7811  F1=0.3830
  95% CIs — P=[0.2427, 0.2647] R=[0.7670, 0.7947] F1=[0.3697, 0.3964]
  MCC=0.0704  tiles TP/TN/FP/FN=3346/166/4994/35

--- Buffer R = 45 m ---
R=45m  TP=3741  FP=10873  FN=1005  n_ref_student=4746  n_reviewer_promoted=0  n_ref_ext_scoped=4746
  P=0.2560  R=0.7882  F1=0.3865
  95% CIs — P=[0.2450, 0.2671] R=[0.7744, 0.8017] F1=[0.3732, 0.3999]
  MCC=0.0704  tiles TP/TN/FP/FN=3346/166/4994/35

--- Buffer R = 50 m ---
  build_extended_gt: dropped 1 phantom(s) within 5.0 m of a same-map student-GT point (channel-duplicated rescue de-duplication)
R=50m  TP=4084  FP=10530  FN=1076  n_ref_student=4746  n_reviewer_promoted=414  n_ref_ext_scoped=5160
  P=0.2795  R=0.7915  F1=0.4131
  95% CIs — P=[0.2680, 0.2911] R=[0.7786, 0.8043] F1=[0.3996, 0.4264]
  MCC=0.0736  tiles TP/TN/FP/FN=3488/165/4852/36

--- Buffer R = 75 m ---
  build_extended_gt: dropped 1 phantom(s) within 5.0 m of a same-map student-GT point (channel-duplicated rescue de-duplication)
R=75m  TP=4151  FP=10463  FN=1188  n_ref_student=4746  n_reviewer_promoted=593  n_ref_ext_scoped=5339
  P=0.2840  R=0.7775  F1=0.4161
  95% CIs — P=[0.2724, 0.2959] R=[0.7645, 0.7903] F1=[0.4026, 0.4293]
  MCC=0.0742  tiles TP/TN/FP/FN=3505/165/4835/36

--- Buffer R = 100 m ---
  build_extended_gt: dropped 1 phantom(s) within 5.0 m of a same-map student-GT point (channel-duplicated rescue de-duplication)
R=100m  TP=4197  FP=10417  FN=1233  n_ref_student=4746  n_reviewer_promoted=684  n_ref_ext_scoped=5430
  P=0.2872  R=0.7729  F1=0.4188
  95% CIs — P=[0.2754, 0.2992] R=[0.7599, 0.7857] F1=[0.4054, 0.4320]
  MCC=0.0745  tiles TP/TN/FP/FN=3515/165/4825/36

--- Buffer R = 125 m ---
  build_extended_gt: dropped 1 phantom(s) within 5.0 m of a same-map student-GT point (channel-duplicated rescue de-duplication)
R=125m  TP=4218  FP=10396  FN=1256  n_ref_student=4746  n_reviewer_promoted=728  n_ref_ext_scoped=5474
  P=0.2886  R=0.7706  F1=0.4200
  95% CIs — P=[0.2768, 0.3006] R=[0.7576, 0.7834] F1=[0.4065, 0.4332]
  MCC=0.0747  tiles TP/TN/FP/FN=3520/165/4820/36

--- Buffer R = 150 m ---
  build_extended_gt: dropped 1 phantom(s) within 5.0 m of a same-map student-GT point (channel-duplicated rescue de-duplication)
R=150m  TP=4238  FP=10376  FN=1270  n_ref_student=4746  n_reviewer_promoted=762  n_ref_ext_scoped=5508
  P=0.2900  R=0.7694  F1=0.4212
  95% CIs — P=[0.2782, 0.3019] R=[0.7564, 0.7823] F1=[0.4078, 0.4345]
  MCC=0.0747  tiles TP/TN/FP/FN=3520/165/4820/36

Wrote results/uplift-supplement/k1-gapfill/55maps-text-min-generalisation__verified-k4-canonical-gt/corrected-f1.csv
Wrote results/uplift-supplement/k1-gapfill/55maps-text-min-generalisation__verified-k4-canonical-gt/summary.json
Wrote results/uplift-supplement/k1-gapfill/55maps-text-min-generalisation__verified-k4-canonical-gt/report_autogen.md
Loading inputs...
  detections: 14,614
  student GT: 4,746
  bounds tiles: 8,541
  review (yesterday): 0
  review (today):     773
  excluded sentinels (>150 m shell, buffer_metres=200): 10

--- Buffer R = 5 m ---
R=5m  TP=451  FP=14163  FN=4295  n_ref_student=4746  n_reviewer_promoted=0  n_ref_ext_scoped=4746
  P=0.0309  R=0.0950  F1=0.0466
  95% CIs — P=[0.0278, 0.0340] R=[0.0863, 0.1038] F1=[0.0421, 0.0512]
  MCC=0.0704  tiles TP/TN/FP/FN=3346/166/4994/35

--- Buffer R = 10 m ---
R=10m  TP=1407  FP=13207  FN=3339  n_ref_student=4746  n_reviewer_promoted=0  n_ref_ext_scoped=4746
  P=0.0963  R=0.2965  F1=0.1454
  95% CIs — P=[0.0901, 0.1027] R=[0.2817, 0.3116] F1=[0.1368, 0.1542]
  MCC=0.0704  tiles TP/TN/FP/FN=3346/166/4994/35

--- Buffer R = 15 m ---
R=15m  TP=2303  FP=12311  FN=2443  n_ref_student=4746  n_reviewer_promoted=0  n_ref_ext_scoped=4746
  P=0.1576  R=0.4853  F1=0.2379
  95% CIs — P=[0.1494, 0.1661] R=[0.4686, 0.5020] F1=[0.2271, 0.2490]
  MCC=0.0704  tiles TP/TN/FP/FN=3346/166/4994/35

--- Buffer R = 20 m ---
R=20m  TP=2944  FP=11670  FN=1802  n_ref_student=4746  n_reviewer_promoted=0  n_ref_ext_scoped=4746
  P=0.2015  R=0.6203  F1=0.3041
  95% CIs — P=[0.1917, 0.2112] R=[0.6039, 0.6365] F1=[0.2918, 0.3163]
  MCC=0.0704  tiles TP/TN/FP/FN=3346/166/4994/35

--- Buffer R = 25 m ---
R=25m  TP=3336  FP=11278  FN=1410  n_ref_student=4746  n_reviewer_promoted=0  n_ref_ext_scoped=4746
  P=0.2283  R=0.7029  F1=0.3446
  95% CIs — P=[0.2178, 0.2388] R=[0.6875, 0.7182] F1=[0.3315, 0.3575]
  MCC=0.0704  tiles TP/TN/FP/FN=3346/166/4994/35

--- Buffer R = 30 m ---
R=30m  TP=3546  FP=11068  FN=1200  n_ref_student=4746  n_reviewer_promoted=0  n_ref_ext_scoped=4746
  P=0.2426  R=0.7472  F1=0.3663
  95% CIs — P=[0.2319, 0.2536] R=[0.7325, 0.7616] F1=[0.3532, 0.3795]
  MCC=0.0704  tiles TP/TN/FP/FN=3346/166/4994/35

--- Buffer R = 35 m ---
R=35m  TP=3660  FP=10954  FN=1086  n_ref_student=4746  n_reviewer_promoted=0  n_ref_ext_scoped=4746
  P=0.2504  R=0.7712  F1=0.3781
  95% CIs — P=[0.2395, 0.2615] R=[0.7569, 0.7851] F1=[0.3648, 0.3915]
  MCC=0.0704  tiles TP/TN/FP/FN=3346/166/4994/35

--- Buffer R = 40 m ---
R=40m  TP=3707  FP=10907  FN=1039  n_ref_student=4746  n_reviewer_promoted=0  n_ref_ext_scoped=4746
  P=0.2537  R=0.7811  F1=0.3830
  95% CIs — P=[0.2427, 0.2647] R=[0.7670, 0.7947] F1=[0.3697, 0.3964]
  MCC=0.0704  tiles TP/TN/FP/FN=3346/166/4994/35

--- Buffer R = 45 m ---
R=45m  TP=3741  FP=10873  FN=1005  n_ref_student=4746  n_reviewer_promoted=0  n_ref_ext_scoped=4746
  P=0.2560  R=0.7882  F1=0.3865
  95% CIs — P=[0.2450, 0.2671] R=[0.7744, 0.8017] F1=[0.3732, 0.3999]
  MCC=0.0704  tiles TP/TN/FP/FN=3346/166/4994/35

--- Buffer R = 50 m ---
  build_extended_gt: dropped 1 phantom(s) within 5.0 m of a same-map student-GT point (channel-duplicated rescue de-duplication)
R=50m  TP=4084  FP=10530  FN=1076  n_ref_student=4746  n_reviewer_promoted=414  n_ref_ext_scoped=5160
  P=0.2795  R=0.7915  F1=0.4131
  95% CIs — P=[0.2680, 0.2911] R=[0.7786, 0.8043] F1=[0.3996, 0.4264]
  MCC=0.0736  tiles TP/TN/FP/FN=3488/165/4852/36

--- Buffer R = 75 m ---
  build_extended_gt: dropped 1 phantom(s) within 5.0 m of a same-map student-GT point (channel-duplicated rescue de-duplication)
R=75m  TP=4151  FP=10463  FN=1188  n_ref_student=4746  n_reviewer_promoted=593  n_ref_ext_scoped=5339
  P=0.2840  R=0.7775  F1=0.4161
  95% CIs — P=[0.2724, 0.2959] R=[0.7645, 0.7903] F1=[0.4026, 0.4293]
  MCC=0.0742  tiles TP/TN/FP/FN=3505/165/4835/36

--- Buffer R = 100 m ---
  build_extended_gt: dropped 1 phantom(s) within 5.0 m of a same-map student-GT point (channel-duplicated rescue de-duplication)
R=100m  TP=4197  FP=10417  FN=1233  n_ref_student=4746  n_reviewer_promoted=684  n_ref_ext_scoped=5430
  P=0.2872  R=0.7729  F1=0.4188
  95% CIs — P=[0.2754, 0.2992] R=[0.7599, 0.7857] F1=[0.4054, 0.4320]
  MCC=0.0745  tiles TP/TN/FP/FN=3515/165/4825/36

--- Buffer R = 125 m ---
  build_extended_gt: dropped 1 phantom(s) within 5.0 m of a same-map student-GT point (channel-duplicated rescue de-duplication)
R=125m  TP=4218  FP=10396  FN=1256  n_ref_student=4746  n_reviewer_promoted=728  n_ref_ext_scoped=5474
  P=0.2886  R=0.7706  F1=0.4200
  95% CIs — P=[0.2768, 0.3006] R=[0.7576, 0.7834] F1=[0.4065, 0.4332]
  MCC=0.0747  tiles TP/TN/FP/FN=3520/165/4820/36

--- Buffer R = 150 m ---
  build_extended_gt: dropped 1 phantom(s) within 5.0 m of a same-map student-GT point (channel-duplicated rescue de-duplication)
R=150m  TP=4238  FP=10376  FN=1270  n_ref_student=4746  n_reviewer_promoted=762  n_ref_ext_scoped=5508
  P=0.2900  R=0.7694  F1=0.4212
  95% CIs — P=[0.2782, 0.3019] R=[0.7564, 0.7823] F1=[0.4078, 0.4345]
  MCC=0.0747  tiles TP/TN/FP/FN=3520/165/4820/36

Wrote results/uplift-supplement/k1-gapfill/55maps-text-min-generalisation__verified-k3-canonical-gt/corrected-f1.csv
Wrote results/uplift-supplement/k1-gapfill/55maps-text-min-generalisation__verified-k3-canonical-gt/summary.json
Wrote results/uplift-supplement/k1-gapfill/55maps-text-min-generalisation__verified-k3-canonical-gt/report_autogen.md
Loading inputs...
  detections: 14,614
  student GT: 4,731
  bounds tiles: 8,541
  standardised extension layer: 279 (included whole at every R)
  pre-computing buffer-invariant MCC block (extension mode)...

--- Buffer R = 5 m ---
R=5m  TP=652  FP=13962  FN=4358  n_ref_student=4731  n_reviewer_promoted=279  n_ref_ext_scoped=5010
  P=0.0446  R=0.1301  F1=0.0664
  95% CIs — P=[0.0408, 0.0485] R=[0.1200, 0.1401] F1=[0.0610, 0.0720]
  MCC=0.0736  tiles TP/TN/FP/FN=3488/165/4852/36

--- Buffer R = 10 m ---
R=10m  TP=1713  FP=12901  FN=3297  n_ref_student=4731  n_reviewer_promoted=279  n_ref_ext_scoped=5010
  P=0.1172  R=0.3419  F1=0.1746
  95% CIs — P=[0.1103, 0.1242] R=[0.3267, 0.3571] F1=[0.1652, 0.1840]
  MCC=0.0736  tiles TP/TN/FP/FN=3488/165/4852/36

--- Buffer R = 15 m ---
R=15m  TP=2588  FP=12026  FN=2422  n_ref_student=4731  n_reviewer_promoted=279  n_ref_ext_scoped=5010
  P=0.1771  R=0.5166  F1=0.2638
  95% CIs — P=[0.1685, 0.1860] R=[0.5004, 0.5327] F1=[0.2527, 0.2752]
  MCC=0.0736  tiles TP/TN/FP/FN=3488/165/4852/36

--- Buffer R = 20 m ---
R=20m  TP=3202  FP=11412  FN=1808  n_ref_student=4731  n_reviewer_promoted=279  n_ref_ext_scoped=5010
  P=0.2191  R=0.6391  F1=0.3263
  95% CIs — P=[0.2091, 0.2294] R=[0.6232, 0.6549] F1=[0.3140, 0.3387]
  MCC=0.0736  tiles TP/TN/FP/FN=3488/165/4852/36

--- Buffer R = 25 m ---
R=25m  TP=3582  FP=11032  FN=1428  n_ref_student=4731  n_reviewer_promoted=279  n_ref_ext_scoped=5010
  P=0.2451  R=0.7150  F1=0.3651
  95% CIs — P=[0.2344, 0.2561] R=[0.7000, 0.7295] F1=[0.3520, 0.3783]
  MCC=0.0736  tiles TP/TN/FP/FN=3488/165/4852/36

--- Buffer R = 30 m ---
R=30m  TP=3781  FP=10833  FN=1229  n_ref_student=4731  n_reviewer_promoted=279  n_ref_ext_scoped=5010
  P=0.2587  R=0.7547  F1=0.3853
  95% CIs — P=[0.2476, 0.2700] R=[0.7406, 0.7685] F1=[0.3721, 0.3987]
  MCC=0.0736  tiles TP/TN/FP/FN=3488/165/4852/36

--- Buffer R = 35 m ---
R=35m  TP=3897  FP=10717  FN=1113  n_ref_student=4731  n_reviewer_promoted=279  n_ref_ext_scoped=5010
  P=0.2667  R=0.7778  F1=0.3972
  95% CIs — P=[0.2554, 0.2783] R=[0.7639, 0.7914] F1=[0.3837, 0.4106]
  MCC=0.0736  tiles TP/TN/FP/FN=3488/165/4852/36

--- Buffer R = 40 m ---
R=40m  TP=3944  FP=10670  FN=1066  n_ref_student=4731  n_reviewer_promoted=279  n_ref_ext_scoped=5010
  P=0.2699  R=0.7872  F1=0.4020
  95% CIs — P=[0.2585, 0.2815] R=[0.7736, 0.8004] F1=[0.3886, 0.4155]
  MCC=0.0736  tiles TP/TN/FP/FN=3488/165/4852/36

--- Buffer R = 45 m ---
R=45m  TP=3976  FP=10638  FN=1034  n_ref_student=4731  n_reviewer_promoted=279  n_ref_ext_scoped=5010
  P=0.2721  R=0.7936  F1=0.4052
  95% CIs — P=[0.2607, 0.2837] R=[0.7802, 0.8066] F1=[0.3918, 0.4188]
  MCC=0.0736  tiles TP/TN/FP/FN=3488/165/4852/36

--- Buffer R = 50 m ---
R=50m  TP=3996  FP=10618  FN=1014  n_ref_student=4731  n_reviewer_promoted=279  n_ref_ext_scoped=5010
  P=0.2734  R=0.7976  F1=0.4073
  95% CIs — P=[0.2620, 0.2850] R=[0.7842, 0.8104] F1=[0.3938, 0.4208]
  MCC=0.0736  tiles TP/TN/FP/FN=3488/165/4852/36

--- Buffer R = 75 m ---
R=75m  TP=4016  FP=10598  FN=994  n_ref_student=4731  n_reviewer_promoted=279  n_ref_ext_scoped=5010
  P=0.2748  R=0.8016  F1=0.4093
  95% CIs — P=[0.2633, 0.2864] R=[0.7883, 0.8144] F1=[0.3958, 0.4228]
  MCC=0.0736  tiles TP/TN/FP/FN=3488/165/4852/36

--- Buffer R = 100 m ---
R=100m  TP=4042  FP=10572  FN=968  n_ref_student=4731  n_reviewer_promoted=279  n_ref_ext_scoped=5010
  P=0.2766  R=0.8068  F1=0.4119
  95% CIs — P=[0.2651, 0.2881] R=[0.7937, 0.8193] F1=[0.3984, 0.4253]
  MCC=0.0736  tiles TP/TN/FP/FN=3488/165/4852/36

--- Buffer R = 125 m ---
R=125m  TP=4050  FP=10564  FN=960  n_ref_student=4731  n_reviewer_promoted=279  n_ref_ext_scoped=5010
  P=0.2771  R=0.8084  F1=0.4128
  95% CIs — P=[0.2656, 0.2887] R=[0.7952, 0.8209] F1=[0.3991, 0.4261]
  MCC=0.0736  tiles TP/TN/FP/FN=3488/165/4852/36

--- Buffer R = 150 m ---
R=150m  TP=4062  FP=10552  FN=948  n_ref_student=4731  n_reviewer_promoted=279  n_ref_ext_scoped=5010
  P=0.2780  R=0.8108  F1=0.4140
  95% CIs — P=[0.2664, 0.2896] R=[0.7979, 0.8232] F1=[0.4003, 0.4274]
  MCC=0.0736  tiles TP/TN/FP/FN=3488/165/4852/36

Wrote results/uplift-supplement/k1-gapfill/55maps-text-min-generalisation__verified-k4-standardised-gt/corrected-f1.csv
Wrote results/uplift-supplement/k1-gapfill/55maps-text-min-generalisation__verified-k4-standardised-gt/summary.json
Wrote results/uplift-supplement/k1-gapfill/55maps-text-min-generalisation__verified-k4-standardised-gt/report_autogen.md
Loading inputs...
  detections: 14,614
  student GT: 4,731
  bounds tiles: 8,541
  standardised extension layer: 279 (included whole at every R)
  pre-computing buffer-invariant MCC block (extension mode)...

--- Buffer R = 5 m ---
R=5m  TP=652  FP=13962  FN=4358  n_ref_student=4731  n_reviewer_promoted=279  n_ref_ext_scoped=5010
  P=0.0446  R=0.1301  F1=0.0664
  95% CIs — P=[0.0408, 0.0485] R=[0.1200, 0.1401] F1=[0.0610, 0.0720]
  MCC=0.0736  tiles TP/TN/FP/FN=3488/165/4852/36

--- Buffer R = 10 m ---
R=10m  TP=1713  FP=12901  FN=3297  n_ref_student=4731  n_reviewer_promoted=279  n_ref_ext_scoped=5010
  P=0.1172  R=0.3419  F1=0.1746
  95% CIs — P=[0.1103, 0.1242] R=[0.3267, 0.3571] F1=[0.1652, 0.1840]
  MCC=0.0736  tiles TP/TN/FP/FN=3488/165/4852/36

--- Buffer R = 15 m ---
R=15m  TP=2588  FP=12026  FN=2422  n_ref_student=4731  n_reviewer_promoted=279  n_ref_ext_scoped=5010
  P=0.1771  R=0.5166  F1=0.2638
  95% CIs — P=[0.1685, 0.1860] R=[0.5004, 0.5327] F1=[0.2527, 0.2752]
  MCC=0.0736  tiles TP/TN/FP/FN=3488/165/4852/36

--- Buffer R = 20 m ---
R=20m  TP=3202  FP=11412  FN=1808  n_ref_student=4731  n_reviewer_promoted=279  n_ref_ext_scoped=5010
  P=0.2191  R=0.6391  F1=0.3263
  95% CIs — P=[0.2091, 0.2294] R=[0.6232, 0.6549] F1=[0.3140, 0.3387]
  MCC=0.0736  tiles TP/TN/FP/FN=3488/165/4852/36

--- Buffer R = 25 m ---
R=25m  TP=3582  FP=11032  FN=1428  n_ref_student=4731  n_reviewer_promoted=279  n_ref_ext_scoped=5010
  P=0.2451  R=0.7150  F1=0.3651
  95% CIs — P=[0.2344, 0.2561] R=[0.7000, 0.7295] F1=[0.3520, 0.3783]
  MCC=0.0736  tiles TP/TN/FP/FN=3488/165/4852/36

--- Buffer R = 30 m ---
R=30m  TP=3781  FP=10833  FN=1229  n_ref_student=4731  n_reviewer_promoted=279  n_ref_ext_scoped=5010
  P=0.2587  R=0.7547  F1=0.3853
  95% CIs — P=[0.2476, 0.2700] R=[0.7406, 0.7685] F1=[0.3721, 0.3987]
  MCC=0.0736  tiles TP/TN/FP/FN=3488/165/4852/36

--- Buffer R = 35 m ---
R=35m  TP=3897  FP=10717  FN=1113  n_ref_student=4731  n_reviewer_promoted=279  n_ref_ext_scoped=5010
  P=0.2667  R=0.7778  F1=0.3972
  95% CIs — P=[0.2554, 0.2783] R=[0.7639, 0.7914] F1=[0.3837, 0.4106]
  MCC=0.0736  tiles TP/TN/FP/FN=3488/165/4852/36

--- Buffer R = 40 m ---
R=40m  TP=3944  FP=10670  FN=1066  n_ref_student=4731  n_reviewer_promoted=279  n_ref_ext_scoped=5010
  P=0.2699  R=0.7872  F1=0.4020
  95% CIs — P=[0.2585, 0.2815] R=[0.7736, 0.8004] F1=[0.3886, 0.4155]
  MCC=0.0736  tiles TP/TN/FP/FN=3488/165/4852/36

--- Buffer R = 45 m ---
R=45m  TP=3976  FP=10638  FN=1034  n_ref_student=4731  n_reviewer_promoted=279  n_ref_ext_scoped=5010
  P=0.2721  R=0.7936  F1=0.4052
  95% CIs — P=[0.2607, 0.2837] R=[0.7802, 0.8066] F1=[0.3918, 0.4188]
  MCC=0.0736  tiles TP/TN/FP/FN=3488/165/4852/36

--- Buffer R = 50 m ---
R=50m  TP=3996  FP=10618  FN=1014  n_ref_student=4731  n_reviewer_promoted=279  n_ref_ext_scoped=5010
  P=0.2734  R=0.7976  F1=0.4073
  95% CIs — P=[0.2620, 0.2850] R=[0.7842, 0.8104] F1=[0.3938, 0.4208]
  MCC=0.0736  tiles TP/TN/FP/FN=3488/165/4852/36

--- Buffer R = 75 m ---
R=75m  TP=4016  FP=10598  FN=994  n_ref_student=4731  n_reviewer_promoted=279  n_ref_ext_scoped=5010
  P=0.2748  R=0.8016  F1=0.4093
  95% CIs — P=[0.2633, 0.2864] R=[0.7883, 0.8144] F1=[0.3958, 0.4228]
  MCC=0.0736  tiles TP/TN/FP/FN=3488/165/4852/36

--- Buffer R = 100 m ---
R=100m  TP=4042  FP=10572  FN=968  n_ref_student=4731  n_reviewer_promoted=279  n_ref_ext_scoped=5010
  P=0.2766  R=0.8068  F1=0.4119
  95% CIs — P=[0.2651, 0.2881] R=[0.7937, 0.8193] F1=[0.3984, 0.4253]
  MCC=0.0736  tiles TP/TN/FP/FN=3488/165/4852/36

--- Buffer R = 125 m ---
R=125m  TP=4050  FP=10564  FN=960  n_ref_student=4731  n_reviewer_promoted=279  n_ref_ext_scoped=5010
  P=0.2771  R=0.8084  F1=0.4128
  95% CIs — P=[0.2656, 0.2887] R=[0.7952, 0.8209] F1=[0.3991, 0.4261]
  MCC=0.0736  tiles TP/TN/FP/FN=3488/165/4852/36

--- Buffer R = 150 m ---
R=150m  TP=4062  FP=10552  FN=948  n_ref_student=4731  n_reviewer_promoted=279  n_ref_ext_scoped=5010
  P=0.2780  R=0.8108  F1=0.4140
  95% CIs — P=[0.2664, 0.2896] R=[0.7979, 0.8232] F1=[0.4003, 0.4274]
  MCC=0.0736  tiles TP/TN/FP/FN=3488/165/4852/36

Wrote results/uplift-supplement/k1-gapfill/55maps-text-min-generalisation__verified-k3-standardised-gt/corrected-f1.csv
Wrote results/uplift-supplement/k1-gapfill/55maps-text-min-generalisation__verified-k3-standardised-gt/summary.json
Wrote results/uplift-supplement/k1-gapfill/55maps-text-min-generalisation__verified-k3-standardised-gt/report_autogen.md
INFO: Detection files: 1
INFO: Loading ground truth: inputs/vectors/references/best-available-gt-55maps.geojson
INFO: Loading bounds: inputs/vectors/bounds/384/55maps_evaluation_bounds.geojson
INFO: Reference: 5010 mounds, 8541 evaluation tiles
INFO: Evaluating: detections-detect_brief-text-3-flash-2026-04-18.geojson
INFO:   5m: F1=0.066 [0.061, 0.072], P=0.045 [0.041, 0.049], R=0.130 [0.120, 0.140] [partial: 22/8541 tiles unprocessed]
INFO:   10m: F1=0.175 [0.165, 0.184], P=0.117 [0.110, 0.124], R=0.342 [0.327, 0.358] [partial: 22/8541 tiles unprocessed]
INFO:   15m: F1=0.264 [0.253, 0.275], P=0.177 [0.169, 0.186], R=0.517 [0.501, 0.533] [partial: 22/8541 tiles unprocessed]
INFO:   20m: F1=0.326 [0.314, 0.339], P=0.219 [0.209, 0.229], R=0.639 [0.623, 0.655] [partial: 22/8541 tiles unprocessed]
INFO:   25m: F1=0.365 [0.352, 0.378], P=0.245 [0.234, 0.256], R=0.715 [0.700, 0.729] [partial: 22/8541 tiles unprocessed]
INFO:   30m: F1=0.385 [0.372, 0.399], P=0.259 [0.248, 0.270], R=0.755 [0.741, 0.768] [partial: 22/8541 tiles unprocessed]
INFO:   35m: F1=0.397 [0.384, 0.411], P=0.267 [0.255, 0.278], R=0.778 [0.764, 0.791] [partial: 22/8541 tiles unprocessed]
INFO:   40m: F1=0.402 [0.389, 0.416], P=0.270 [0.258, 0.281], R=0.787 [0.773, 0.800] [partial: 22/8541 tiles unprocessed]
INFO:   45m: F1=0.405 [0.392, 0.419], P=0.272 [0.261, 0.284], R=0.794 [0.780, 0.806] [partial: 22/8541 tiles unprocessed]
INFO:   50m: F1=0.407 [0.394, 0.421], P=0.273 [0.262, 0.285], R=0.798 [0.784, 0.810] [partial: 22/8541 tiles unprocessed]
INFO:   75m: F1=0.409 [0.396, 0.423], P=0.275 [0.263, 0.286], R=0.802 [0.788, 0.814] [partial: 22/8541 tiles unprocessed]
INFO:   100m: F1=0.412 [0.398, 0.425], P=0.277 [0.265, 0.288], R=0.807 [0.793, 0.819] [partial: 22/8541 tiles unprocessed]
INFO:   125m: F1=0.413 [0.399, 0.426], P=0.277 [0.265, 0.289], R=0.808 [0.795, 0.821] [partial: 22/8541 tiles unprocessed]
INFO:   150m: F1=0.414 [0.400, 0.427], P=0.278 [0.266, 0.289], R=0.811 [0.798, 0.823] [partial: 22/8541 tiles unprocessed]
INFO:   MCC=0.074 [0.055, 0.090], Sens=0.990, Spec=0.033
INFO: JSON written: results/uplift-supplement/k1-gapfill/55maps-text-min-generalisation__verified-oracle-p0_20-k3-standardised-gt/evaluation.json
INFO: CSV written: results/uplift-supplement/k1-gapfill/55maps-text-min-generalisation__verified-oracle-p0_20-k3-standardised-gt/evaluation.csv
INFO: Markdown written: results/uplift-supplement/k1-gapfill/55maps-text-min-generalisation__verified-oracle-p0_20-k3-standardised-gt/evaluation.md
INFO: Detection files: 1
INFO: Loading ground truth: inputs/vectors/references/mounds-reference.geojson
INFO: Loading bounds: inputs/vectors/bounds/384/h10_test_bounds.geojson
INFO: Reference: 569 mounds, 327 evaluation tiles
INFO: Evaluating: detections-detect_pool_160_hp4hn4_v2-3-flash-2026-04-15.geojson
INFO:   5m: F1=0.078 [0.057, 0.104], P=0.060 [0.042, 0.081], R=0.113 [0.083, 0.148]
INFO:   10m: F1=0.253 [0.210, 0.297], P=0.194 [0.153, 0.232], R=0.364 [0.310, 0.420]
INFO:   15m: F1=0.401 [0.342, 0.453], P=0.307 [0.247, 0.358], R=0.577 [0.520, 0.634]
INFO:   20m: F1=0.501 [0.431, 0.557], P=0.384 [0.311, 0.443], R=0.721 [0.667, 0.774]
INFO:   25m: F1=0.545 [0.470, 0.602], P=0.417 [0.337, 0.478], R=0.784 [0.730, 0.831]
INFO:   30m: F1=0.580 [0.503, 0.636], P=0.444 [0.361, 0.506], R=0.834 [0.786, 0.874]
INFO:   35m: F1=0.586 [0.509, 0.642], P=0.449 [0.365, 0.512], R=0.843 [0.795, 0.884]
INFO:   40m: F1=0.610 [0.530, 0.665], P=0.467 [0.379, 0.531], R=0.878 [0.834, 0.912]
INFO:   45m: F1=0.614 [0.534, 0.670], P=0.471 [0.381, 0.534], R=0.884 [0.842, 0.919]
INFO:   50m: F1=0.625 [0.542, 0.682], P=0.479 [0.388, 0.544], R=0.900 [0.857, 0.933]
INFO:   75m: F1=0.643 [0.558, 0.699], P=0.492 [0.400, 0.560], R=0.925 [0.890, 0.951]
INFO:   100m: F1=0.649 [0.564, 0.707], P=0.497 [0.404, 0.566], R=0.934 [0.898, 0.960]
INFO:   125m: F1=0.654 [0.567, 0.710], P=0.501 [0.407, 0.569], R=0.940 [0.909, 0.964]
INFO:   150m: F1=0.654 [0.567, 0.710], P=0.501 [0.407, 0.569], R=0.940 [0.909, 0.964]
INFO:   MCC=0.607 [0.546, 0.670], Sens=1.000, Spec=0.552
INFO: JSON written: results/uplift-supplement/k1-gapfill/h10__verified-pool-160/evaluation.json
INFO: CSV written: results/uplift-supplement/k1-gapfill/h10__verified-pool-160/evaluation.csv
INFO: Markdown written: results/uplift-supplement/k1-gapfill/h10__verified-pool-160/evaluation.md
INFO: Detection files: 1
INFO: Loading ground truth: inputs/vectors/references/mounds-reference.geojson
INFO: Loading bounds: inputs/vectors/bounds/384/full_evaluation_bounds.geojson
INFO: Reference: 569 mounds, 487 evaluation tiles
INFO: Evaluating: detections-library_plus-hp-3-flash-2026-04-16.geojson
INFO:   5m: F1=0.105 [0.084, 0.130], P=0.078 [0.061, 0.098], R=0.159 [0.127, 0.194] [partial: 3/487 tiles unprocessed]
INFO:   10m: F1=0.278 [0.240, 0.319], P=0.207 [0.175, 0.243], R=0.421 [0.367, 0.475] [partial: 3/487 tiles unprocessed]
INFO:   15m: F1=0.392 [0.349, 0.435], P=0.293 [0.253, 0.334], R=0.593 [0.536, 0.643] [partial: 3/487 tiles unprocessed]
INFO:   20m: F1=0.486 [0.437, 0.532], P=0.363 [0.316, 0.410], R=0.736 [0.674, 0.783] [partial: 3/487 tiles unprocessed]
INFO:   25m: F1=0.533 [0.483, 0.580], P=0.398 [0.349, 0.446], R=0.807 [0.745, 0.852] [partial: 3/487 tiles unprocessed]
INFO:   30m: F1=0.545 [0.495, 0.592], P=0.407 [0.358, 0.457], R=0.825 [0.762, 0.867] [partial: 3/487 tiles unprocessed]
INFO:   35m: F1=0.560 [0.510, 0.608], P=0.418 [0.367, 0.468], R=0.848 [0.785, 0.889] [partial: 3/487 tiles unprocessed]
INFO:   40m: F1=0.576 [0.524, 0.623], P=0.430 [0.377, 0.480], R=0.871 [0.807, 0.910] [partial: 3/487 tiles unprocessed]
INFO:   45m: F1=0.585 [0.533, 0.631], P=0.437 [0.384, 0.487], R=0.885 [0.820, 0.923] [partial: 3/487 tiles unprocessed]
INFO:   50m: F1=0.589 [0.537, 0.636], P=0.440 [0.387, 0.491], R=0.892 [0.827, 0.930] [partial: 3/487 tiles unprocessed]
INFO:   75m: F1=0.594 [0.542, 0.641], P=0.443 [0.390, 0.495], R=0.899 [0.834, 0.937] [partial: 3/487 tiles unprocessed]
INFO:   100m: F1=0.595 [0.543, 0.643], P=0.444 [0.391, 0.496], R=0.901 [0.836, 0.939] [partial: 3/487 tiles unprocessed]
INFO:   125m: F1=0.601 [0.549, 0.648], P=0.449 [0.396, 0.501], R=0.910 [0.843, 0.947] [partial: 3/487 tiles unprocessed]
INFO:   150m: F1=0.601 [0.549, 0.648], P=0.449 [0.396, 0.501], R=0.910 [0.843, 0.947] [partial: 3/487 tiles unprocessed]
INFO:   MCC=0.541 [0.483, 0.595], Sens=0.987, Spec=0.492
INFO: JSON written: results/uplift-supplement/k1-gapfill/pv-diag-384__flash-high-image-n5-image-t0_0-consensus-1of3/evaluation.json
INFO: CSV written: results/uplift-supplement/k1-gapfill/pv-diag-384__flash-high-image-n5-image-t0_0-consensus-1of3/evaluation.csv
INFO: Markdown written: results/uplift-supplement/k1-gapfill/pv-diag-384__flash-high-image-n5-image-t0_0-consensus-1of3/evaluation.md
INFO: Detection files: 1
INFO: Loading ground truth: inputs/vectors/references/mounds-reference.geojson
INFO: Loading bounds: inputs/vectors/bounds/384/full_evaluation_bounds.geojson
INFO: Reference: 569 mounds, 487 evaluation tiles
INFO: Evaluating: detections-library_plus-hp-3-flash-2026-04-16.geojson
INFO:   5m: F1=0.113 [0.087, 0.147], P=0.082 [0.062, 0.109], R=0.179 [0.140, 0.228]
INFO:   10m: F1=0.281 [0.241, 0.324], P=0.205 [0.171, 0.242], R=0.446 [0.392, 0.502]
INFO:   15m: F1=0.403 [0.357, 0.451], P=0.294 [0.252, 0.339], R=0.641 [0.589, 0.690]
INFO:   20m: F1=0.474 [0.424, 0.525], P=0.346 [0.299, 0.396], R=0.754 [0.704, 0.799]
INFO:   25m: F1=0.523 [0.472, 0.573], P=0.382 [0.332, 0.433], R=0.832 [0.790, 0.869]
INFO:   30m: F1=0.551 [0.499, 0.600], P=0.402 [0.351, 0.454], R=0.876 [0.839, 0.907]
INFO:   35m: F1=0.558 [0.506, 0.607], P=0.407 [0.356, 0.459], R=0.887 [0.854, 0.916]
INFO:   40m: F1=0.570 [0.517, 0.619], P=0.416 [0.364, 0.468], R=0.906 [0.874, 0.932]
INFO:   45m: F1=0.574 [0.521, 0.623], P=0.419 [0.366, 0.471], R=0.913 [0.882, 0.938]
INFO:   50m: F1=0.580 [0.527, 0.628], P=0.423 [0.371, 0.475], R=0.922 [0.892, 0.946]
INFO:   75m: F1=0.591 [0.537, 0.640], P=0.431 [0.377, 0.484], R=0.940 [0.914, 0.961]
INFO:   100m: F1=0.594 [0.540, 0.643], P=0.434 [0.379, 0.487], R=0.945 [0.920, 0.964]
INFO:   125m: F1=0.597 [0.543, 0.646], P=0.436 [0.381, 0.489], R=0.949 [0.925, 0.968]
INFO:   150m: F1=0.597 [0.543, 0.646], P=0.436 [0.381, 0.489], R=0.949 [0.925, 0.968]
INFO:   MCC=0.580 [0.531, 0.632], Sens=1.000, Spec=0.519
INFO: JSON written: results/uplift-supplement/k1-gapfill/pv-diag-384__flash-high-image-n5-image-t0_3-consensus-9of10/evaluation.json
INFO: CSV written: results/uplift-supplement/k1-gapfill/pv-diag-384__flash-high-image-n5-image-t0_3-consensus-9of10/evaluation.csv
INFO: Markdown written: results/uplift-supplement/k1-gapfill/pv-diag-384__flash-high-image-n5-image-t0_3-consensus-9of10/evaluation.md
INFO: Detection files: 1
INFO: Loading ground truth: inputs/vectors/references/mounds-reference.geojson
INFO: Loading bounds: inputs/vectors/bounds/384/full_evaluation_bounds.geojson
INFO: Reference: 569 mounds, 487 evaluation tiles
INFO: Evaluating: detections-library_plus-hp-3-flash-2026-04-16.geojson
INFO:   5m: F1=0.113 [0.087, 0.147], P=0.082 [0.062, 0.109], R=0.179 [0.140, 0.228]
INFO:   10m: F1=0.281 [0.241, 0.324], P=0.205 [0.171, 0.242], R=0.446 [0.392, 0.502]
INFO:   15m: F1=0.403 [0.357, 0.451], P=0.294 [0.252, 0.339], R=0.641 [0.589, 0.690]
INFO:   20m: F1=0.474 [0.424, 0.525], P=0.346 [0.299, 0.396], R=0.754 [0.704, 0.799]
INFO:   25m: F1=0.523 [0.472, 0.573], P=0.382 [0.332, 0.433], R=0.832 [0.790, 0.869]
INFO:   30m: F1=0.551 [0.499, 0.600], P=0.402 [0.351, 0.454], R=0.876 [0.839, 0.907]
INFO:   35m: F1=0.558 [0.506, 0.607], P=0.407 [0.356, 0.459], R=0.887 [0.854, 0.916]
INFO:   40m: F1=0.570 [0.517, 0.619], P=0.416 [0.364, 0.468], R=0.906 [0.874, 0.932]
INFO:   45m: F1=0.574 [0.521, 0.623], P=0.419 [0.366, 0.471], R=0.913 [0.882, 0.938]
INFO:   50m: F1=0.580 [0.527, 0.628], P=0.423 [0.371, 0.475], R=0.922 [0.892, 0.946]
INFO:   75m: F1=0.591 [0.537, 0.640], P=0.431 [0.377, 0.484], R=0.940 [0.914, 0.961]
INFO:   100m: F1=0.594 [0.540, 0.643], P=0.434 [0.379, 0.487], R=0.945 [0.920, 0.964]
INFO:   125m: F1=0.597 [0.543, 0.646], P=0.436 [0.381, 0.489], R=0.949 [0.925, 0.968]
INFO:   150m: F1=0.597 [0.543, 0.646], P=0.436 [0.381, 0.489], R=0.949 [0.925, 0.968]
INFO:   MCC=0.580 [0.531, 0.632], Sens=1.000, Spec=0.519
INFO: JSON written: results/uplift-supplement/k1-gapfill/pv-diag-384__flash-high-image-n5-image-t0_3-consensus-n5-5of5/evaluation.json
INFO: CSV written: results/uplift-supplement/k1-gapfill/pv-diag-384__flash-high-image-n5-image-t0_3-consensus-n5-5of5/evaluation.csv
INFO: Markdown written: results/uplift-supplement/k1-gapfill/pv-diag-384__flash-high-image-n5-image-t0_3-consensus-n5-5of5/evaluation.md
INFO: Detection files: 1
INFO: Loading ground truth: inputs/vectors/references/mounds-reference.geojson
INFO: Loading bounds: inputs/vectors/bounds/384/full_evaluation_bounds.geojson
INFO: Reference: 569 mounds, 487 evaluation tiles
INFO: Evaluating: detections_image-t0.7_run01.geojson
INFO:   5m: F1=0.112 [0.088, 0.141], P=0.085 [0.066, 0.109], R=0.163 [0.129, 0.203]
INFO:   10m: F1=0.292 [0.254, 0.334], P=0.223 [0.189, 0.259], R=0.425 [0.374, 0.478]
INFO:   15m: F1=0.415 [0.371, 0.461], P=0.316 [0.275, 0.359], R=0.605 [0.549, 0.656]
INFO:   20m: F1=0.515 [0.465, 0.563], P=0.392 [0.343, 0.440], R=0.749 [0.694, 0.796]
INFO:   25m: F1=0.562 [0.511, 0.610], P=0.428 [0.376, 0.478], R=0.818 [0.769, 0.860]
INFO:   30m: F1=0.591 [0.540, 0.637], P=0.450 [0.397, 0.500], R=0.860 [0.815, 0.896]
INFO:   35m: F1=0.611 [0.561, 0.657], P=0.466 [0.412, 0.517], R=0.890 [0.849, 0.920]
INFO:   40m: F1=0.627 [0.577, 0.673], P=0.478 [0.424, 0.530], R=0.913 [0.878, 0.938]
INFO:   45m: F1=0.630 [0.580, 0.675], P=0.480 [0.426, 0.532], R=0.917 [0.884, 0.941]
INFO:   50m: F1=0.635 [0.585, 0.679], P=0.484 [0.430, 0.535], R=0.924 [0.895, 0.946]
INFO:   75m: F1=0.643 [0.592, 0.687], P=0.490 [0.434, 0.542], R=0.936 [0.908, 0.957]
INFO:   100m: F1=0.646 [0.595, 0.691], P=0.492 [0.436, 0.545], R=0.940 [0.912, 0.960]
INFO:   125m: F1=0.649 [0.599, 0.694], P=0.495 [0.439, 0.547], R=0.945 [0.917, 0.964]
INFO:   150m: F1=0.649 [0.599, 0.694], P=0.495 [0.439, 0.547], R=0.945 [0.917, 0.964]
INFO:   MCC=0.615 [0.558, 0.669], Sens=0.983, Spec=0.593
INFO: JSON written: results/uplift-supplement/k1-gapfill/pv-diag-384__flash-high-image-n5-image-t0_7-consensus-7of10/evaluation.json
INFO: CSV written: results/uplift-supplement/k1-gapfill/pv-diag-384__flash-high-image-n5-image-t0_7-consensus-7of10/evaluation.csv
INFO: Markdown written: results/uplift-supplement/k1-gapfill/pv-diag-384__flash-high-image-n5-image-t0_7-consensus-7of10/evaluation.md
INFO: Detection files: 1
INFO: Loading ground truth: inputs/vectors/references/mounds-reference.geojson
INFO: Loading bounds: inputs/vectors/bounds/384/full_evaluation_bounds.geojson
INFO: Reference: 569 mounds, 487 evaluation tiles
INFO: Evaluating: detections_image-t0.7_run01.geojson
INFO:   5m: F1=0.112 [0.088, 0.141], P=0.085 [0.066, 0.109], R=0.163 [0.129, 0.203]
INFO:   10m: F1=0.292 [0.254, 0.334], P=0.223 [0.189, 0.259], R=0.425 [0.374, 0.478]
INFO:   15m: F1=0.415 [0.371, 0.461], P=0.316 [0.275, 0.359], R=0.605 [0.549, 0.656]
INFO:   20m: F1=0.515 [0.465, 0.563], P=0.392 [0.343, 0.440], R=0.749 [0.694, 0.796]
INFO:   25m: F1=0.562 [0.511, 0.610], P=0.428 [0.376, 0.478], R=0.818 [0.769, 0.860]
INFO:   30m: F1=0.591 [0.540, 0.637], P=0.450 [0.397, 0.500], R=0.860 [0.815, 0.896]
INFO:   35m: F1=0.611 [0.561, 0.657], P=0.466 [0.412, 0.517], R=0.890 [0.849, 0.920]
INFO:   40m: F1=0.627 [0.577, 0.673], P=0.478 [0.424, 0.530], R=0.913 [0.878, 0.938]
INFO:   45m: F1=0.630 [0.580, 0.675], P=0.480 [0.426, 0.532], R=0.917 [0.884, 0.941]
INFO:   50m: F1=0.635 [0.585, 0.679], P=0.484 [0.430, 0.535], R=0.924 [0.895, 0.946]
INFO:   75m: F1=0.643 [0.592, 0.687], P=0.490 [0.434, 0.542], R=0.936 [0.908, 0.957]
INFO:   100m: F1=0.646 [0.595, 0.691], P=0.492 [0.436, 0.545], R=0.940 [0.912, 0.960]
INFO:   125m: F1=0.649 [0.599, 0.694], P=0.495 [0.439, 0.547], R=0.945 [0.917, 0.964]
INFO:   150m: F1=0.649 [0.599, 0.694], P=0.495 [0.439, 0.547], R=0.945 [0.917, 0.964]
INFO:   MCC=0.615 [0.558, 0.669], Sens=0.983, Spec=0.593
INFO: JSON written: results/uplift-supplement/k1-gapfill/pv-diag-384__flash-high-image-n5-image-t0_7-consensus-n5-3of5/evaluation.json
INFO: CSV written: results/uplift-supplement/k1-gapfill/pv-diag-384__flash-high-image-n5-image-t0_7-consensus-n5-3of5/evaluation.csv
INFO: Markdown written: results/uplift-supplement/k1-gapfill/pv-diag-384__flash-high-image-n5-image-t0_7-consensus-n5-3of5/evaluation.md
INFO: Detection files: 1
INFO: Loading ground truth: inputs/vectors/references/mounds-reference.geojson
INFO: Loading bounds: inputs/vectors/bounds/384/full_evaluation_bounds.geojson
INFO: Reference: 569 mounds, 487 evaluation tiles
INFO: Evaluating: detections-library_plus-hp-3-flash-2026-04-16.geojson
INFO:   5m: F1=0.086 [0.065, 0.112], P=0.061 [0.045, 0.081], R=0.145 [0.112, 0.184]
INFO:   10m: F1=0.230 [0.195, 0.270], P=0.163 [0.134, 0.198], R=0.389 [0.340, 0.441]
INFO:   15m: F1=0.361 [0.312, 0.408], P=0.256 [0.213, 0.301], R=0.609 [0.553, 0.661]
INFO:   20m: F1=0.416 [0.364, 0.467], P=0.296 [0.248, 0.344], R=0.703 [0.653, 0.752]
INFO:   25m: F1=0.459 [0.403, 0.510], P=0.326 [0.275, 0.376], R=0.775 [0.728, 0.818]
INFO:   30m: F1=0.483 [0.426, 0.536], P=0.343 [0.290, 0.395], R=0.816 [0.770, 0.856]
INFO:   35m: F1=0.501 [0.442, 0.554], P=0.356 [0.300, 0.409], R=0.846 [0.803, 0.883]
INFO:   40m: F1=0.513 [0.453, 0.567], P=0.364 [0.308, 0.419], R=0.867 [0.827, 0.900]
INFO:   45m: F1=0.524 [0.464, 0.578], P=0.372 [0.315, 0.427], R=0.885 [0.848, 0.916]
INFO:   50m: F1=0.536 [0.474, 0.591], P=0.381 [0.322, 0.437], R=0.906 [0.872, 0.933]
INFO:   75m: F1=0.548 [0.485, 0.604], P=0.389 [0.330, 0.447], R=0.926 [0.897, 0.949]
INFO:   100m: F1=0.552 [0.490, 0.608], P=0.392 [0.332, 0.450], R=0.933 [0.906, 0.954]
INFO:   125m: F1=0.554 [0.491, 0.610], P=0.393 [0.333, 0.451], R=0.936 [0.909, 0.956]
INFO:   150m: F1=0.555 [0.492, 0.611], P=0.394 [0.333, 0.452], R=0.938 [0.912, 0.958]
INFO:   MCC=0.536 [0.486, 0.586], Sens=1.000, Spec=0.461
INFO: JSON written: results/uplift-supplement/k1-gapfill/pv-diag-384__flash-high-image-n5-image-t1_0-consensus-6of10/evaluation.json
INFO: CSV written: results/uplift-supplement/k1-gapfill/pv-diag-384__flash-high-image-n5-image-t1_0-consensus-6of10/evaluation.csv
INFO: Markdown written: results/uplift-supplement/k1-gapfill/pv-diag-384__flash-high-image-n5-image-t1_0-consensus-6of10/evaluation.md
INFO: Detection files: 1
INFO: Loading ground truth: inputs/vectors/references/mounds-reference.geojson
INFO: Loading bounds: inputs/vectors/bounds/384/full_evaluation_bounds.geojson
INFO: Reference: 569 mounds, 487 evaluation tiles
INFO: Evaluating: detections-library_plus-hp-3-flash-2026-04-16.geojson
INFO:   5m: F1=0.086 [0.065, 0.112], P=0.061 [0.045, 0.081], R=0.145 [0.112, 0.184]
INFO:   10m: F1=0.230 [0.195, 0.270], P=0.163 [0.134, 0.198], R=0.389 [0.340, 0.441]
INFO:   15m: F1=0.361 [0.312, 0.408], P=0.256 [0.213, 0.301], R=0.609 [0.553, 0.661]
INFO:   20m: F1=0.416 [0.364, 0.467], P=0.296 [0.248, 0.344], R=0.703 [0.653, 0.752]
INFO:   25m: F1=0.459 [0.403, 0.510], P=0.326 [0.275, 0.376], R=0.775 [0.728, 0.818]
INFO:   30m: F1=0.483 [0.426, 0.536], P=0.343 [0.290, 0.395], R=0.816 [0.770, 0.856]
INFO:   35m: F1=0.501 [0.442, 0.554], P=0.356 [0.300, 0.409], R=0.846 [0.803, 0.883]
INFO:   40m: F1=0.513 [0.453, 0.567], P=0.364 [0.308, 0.419], R=0.867 [0.827, 0.900]
INFO:   45m: F1=0.524 [0.464, 0.578], P=0.372 [0.315, 0.427], R=0.885 [0.848, 0.916]
INFO:   50m: F1=0.536 [0.474, 0.591], P=0.381 [0.322, 0.437], R=0.906 [0.872, 0.933]
INFO:   75m: F1=0.548 [0.485, 0.604], P=0.389 [0.330, 0.447], R=0.926 [0.897, 0.949]
INFO:   100m: F1=0.552 [0.490, 0.608], P=0.392 [0.332, 0.450], R=0.933 [0.906, 0.954]
INFO:   125m: F1=0.554 [0.491, 0.610], P=0.393 [0.333, 0.451], R=0.936 [0.909, 0.956]
INFO:   150m: F1=0.555 [0.492, 0.611], P=0.394 [0.333, 0.452], R=0.938 [0.912, 0.958]
INFO:   MCC=0.536 [0.486, 0.586], Sens=1.000, Spec=0.461
INFO: JSON written: results/uplift-supplement/k1-gapfill/pv-diag-384__flash-high-image-n5-image-t1_0-consensus-n5-4of5/evaluation.json
INFO: CSV written: results/uplift-supplement/k1-gapfill/pv-diag-384__flash-high-image-n5-image-t1_0-consensus-n5-4of5/evaluation.csv
INFO: Markdown written: results/uplift-supplement/k1-gapfill/pv-diag-384__flash-high-image-n5-image-t1_0-consensus-n5-4of5/evaluation.md
INFO: Detection files: 1
INFO: Loading ground truth: inputs/vectors/references/mounds-reference.geojson
INFO: Loading bounds: inputs/vectors/bounds/384/full_evaluation_bounds.geojson
INFO: Reference: 569 mounds, 487 evaluation tiles
INFO: Evaluating: detections-detect_brief-text-3-flash-2026-04-17.geojson
INFO:   5m: F1=0.169 [0.141, 0.201], P=0.117 [0.095, 0.143], R=0.306 [0.264, 0.352] [partial: 2/487 tiles unprocessed]
INFO:   10m: F1=0.375 [0.329, 0.425], P=0.259 [0.219, 0.304], R=0.678 [0.628, 0.726] [partial: 2/487 tiles unprocessed]
INFO:   15m: F1=0.459 [0.405, 0.513], P=0.317 [0.269, 0.368], R=0.830 [0.782, 0.867] [partial: 2/487 tiles unprocessed]
INFO:   20m: F1=0.489 [0.434, 0.544], P=0.338 [0.288, 0.390], R=0.885 [0.841, 0.916] [partial: 2/487 tiles unprocessed]
INFO:   25m: F1=0.502 [0.445, 0.557], P=0.347 [0.295, 0.400], R=0.908 [0.864, 0.937] [partial: 2/487 tiles unprocessed]
INFO:   30m: F1=0.508 [0.451, 0.565], P=0.351 [0.299, 0.405], R=0.920 [0.876, 0.946] [partial: 2/487 tiles unprocessed]
INFO:   35m: F1=0.512 [0.454, 0.568], P=0.354 [0.301, 0.408], R=0.926 [0.884, 0.951] [partial: 2/487 tiles unprocessed]
INFO:   40m: F1=0.516 [0.458, 0.573], P=0.356 [0.304, 0.412], R=0.933 [0.891, 0.957] [partial: 2/487 tiles unprocessed]
INFO:   45m: F1=0.516 [0.458, 0.573], P=0.356 [0.304, 0.412], R=0.933 [0.891, 0.957] [partial: 2/487 tiles unprocessed]
INFO:   50m: F1=0.516 [0.458, 0.573], P=0.356 [0.304, 0.412], R=0.933 [0.891, 0.957] [partial: 2/487 tiles unprocessed]
INFO:   75m: F1=0.521 [0.462, 0.578], P=0.360 [0.307, 0.415], R=0.943 [0.900, 0.965] [partial: 2/487 tiles unprocessed]
INFO:   100m: F1=0.524 [0.465, 0.581], P=0.362 [0.308, 0.417], R=0.947 [0.905, 0.969] [partial: 2/487 tiles unprocessed]
INFO:   125m: F1=0.524 [0.465, 0.581], P=0.362 [0.308, 0.417], R=0.947 [0.905, 0.969] [partial: 2/487 tiles unprocessed]
INFO:   150m: F1=0.524 [0.465, 0.581], P=0.362 [0.308, 0.417], R=0.947 [0.905, 0.969] [partial: 2/487 tiles unprocessed]
INFO:   MCC=0.383 [0.322, 0.439], Sens=0.983, Spec=0.306
INFO: JSON written: results/uplift-supplement/k1-gapfill/pv-diag-384__flash-high-text-n5-text-t0_0-consensus-3of3/evaluation.json
INFO: CSV written: results/uplift-supplement/k1-gapfill/pv-diag-384__flash-high-text-n5-text-t0_0-consensus-3of3/evaluation.csv
INFO: Markdown written: results/uplift-supplement/k1-gapfill/pv-diag-384__flash-high-text-n5-text-t0_0-consensus-3of3/evaluation.md
INFO: Detection files: 1
INFO: Loading ground truth: inputs/vectors/references/mounds-reference.geojson
INFO: Loading bounds: inputs/vectors/bounds/384/full_evaluation_bounds.geojson
INFO: Reference: 569 mounds, 487 evaluation tiles
INFO: Evaluating: detections-detect_brief-text-3-flash-2026-04-17.geojson
INFO:   5m: F1=0.157 [0.129, 0.187], P=0.102 [0.082, 0.125], R=0.333 [0.289, 0.380]
INFO:   10m: F1=0.316 [0.273, 0.361], P=0.206 [0.173, 0.244], R=0.671 [0.621, 0.718]
INFO:   15m: F1=0.396 [0.345, 0.448], P=0.259 [0.218, 0.303], R=0.841 [0.799, 0.877]
INFO:   20m: F1=0.418 [0.365, 0.473], P=0.273 [0.230, 0.321], R=0.890 [0.849, 0.921]
INFO:   25m: F1=0.427 [0.373, 0.482], P=0.279 [0.235, 0.327], R=0.908 [0.871, 0.936]
INFO:   30m: F1=0.436 [0.381, 0.492], P=0.285 [0.240, 0.334], R=0.926 [0.892, 0.951]
INFO:   35m: F1=0.442 [0.387, 0.499], P=0.289 [0.244, 0.338], R=0.940 [0.910, 0.961]
INFO:   40m: F1=0.443 [0.388, 0.499], P=0.290 [0.244, 0.339], R=0.943 [0.912, 0.963]
INFO:   45m: F1=0.445 [0.390, 0.501], P=0.291 [0.246, 0.341], R=0.947 [0.917, 0.966]
INFO:   50m: F1=0.445 [0.390, 0.501], P=0.291 [0.246, 0.341], R=0.947 [0.917, 0.966]
INFO:   75m: F1=0.448 [0.392, 0.504], P=0.293 [0.247, 0.342], R=0.952 [0.922, 0.970]
INFO:   100m: F1=0.452 [0.396, 0.508], P=0.295 [0.250, 0.345], R=0.961 [0.934, 0.977]
INFO:   125m: F1=0.452 [0.396, 0.508], P=0.295 [0.250, 0.345], R=0.961 [0.934, 0.977]
INFO:   150m: F1=0.452 [0.396, 0.508], P=0.295 [0.250, 0.345], R=0.961 [0.934, 0.977]
INFO:   MCC=0.339 [0.282, 0.391], Sens=0.991, Spec=0.236
INFO: JSON written: results/uplift-supplement/k1-gapfill/pv-diag-384__flash-high-text-n5-text-t0_3-consensus-10of10/evaluation.json
INFO: CSV written: results/uplift-supplement/k1-gapfill/pv-diag-384__flash-high-text-n5-text-t0_3-consensus-10of10/evaluation.csv
INFO: Markdown written: results/uplift-supplement/k1-gapfill/pv-diag-384__flash-high-text-n5-text-t0_3-consensus-10of10/evaluation.md
INFO: Detection files: 1
INFO: Loading ground truth: inputs/vectors/references/mounds-reference.geojson
INFO: Loading bounds: inputs/vectors/bounds/384/full_evaluation_bounds.geojson
INFO: Reference: 569 mounds, 487 evaluation tiles
INFO: Evaluating: detections-detect_brief-text-3-flash-2026-04-17.geojson
INFO:   5m: F1=0.157 [0.129, 0.187], P=0.102 [0.082, 0.125], R=0.333 [0.289, 0.380]
INFO:   10m: F1=0.316 [0.273, 0.361], P=0.206 [0.173, 0.244], R=0.671 [0.621, 0.718]
INFO:   15m: F1=0.396 [0.345, 0.448], P=0.259 [0.218, 0.303], R=0.841 [0.799, 0.877]
INFO:   20m: F1=0.418 [0.365, 0.473], P=0.273 [0.230, 0.321], R=0.890 [0.849, 0.921]
INFO:   25m: F1=0.427 [0.373, 0.482], P=0.279 [0.235, 0.327], R=0.908 [0.871, 0.936]
INFO:   30m: F1=0.436 [0.381, 0.492], P=0.285 [0.240, 0.334], R=0.926 [0.892, 0.951]
INFO:   35m: F1=0.442 [0.387, 0.499], P=0.289 [0.244, 0.338], R=0.940 [0.910, 0.961]
INFO:   40m: F1=0.443 [0.388, 0.499], P=0.290 [0.244, 0.339], R=0.943 [0.912, 0.963]
INFO:   45m: F1=0.445 [0.390, 0.501], P=0.291 [0.246, 0.341], R=0.947 [0.917, 0.966]
INFO:   50m: F1=0.445 [0.390, 0.501], P=0.291 [0.246, 0.341], R=0.947 [0.917, 0.966]
INFO:   75m: F1=0.448 [0.392, 0.504], P=0.293 [0.247, 0.342], R=0.952 [0.922, 0.970]
INFO:   100m: F1=0.452 [0.396, 0.508], P=0.295 [0.250, 0.345], R=0.961 [0.934, 0.977]
INFO:   125m: F1=0.452 [0.396, 0.508], P=0.295 [0.250, 0.345], R=0.961 [0.934, 0.977]
INFO:   150m: F1=0.452 [0.396, 0.508], P=0.295 [0.250, 0.345], R=0.961 [0.934, 0.977]
INFO:   MCC=0.339 [0.282, 0.391], Sens=0.991, Spec=0.236
INFO: JSON written: results/uplift-supplement/k1-gapfill/pv-diag-384__flash-high-text-n5-text-t0_3-consensus-n5-5of5/evaluation.json
INFO: CSV written: results/uplift-supplement/k1-gapfill/pv-diag-384__flash-high-text-n5-text-t0_3-consensus-n5-5of5/evaluation.csv
INFO: Markdown written: results/uplift-supplement/k1-gapfill/pv-diag-384__flash-high-text-n5-text-t0_3-consensus-n5-5of5/evaluation.md
INFO: Detection files: 1
INFO: Loading ground truth: inputs/vectors/references/mounds-reference.geojson
INFO: Loading bounds: inputs/vectors/bounds/384/full_evaluation_bounds.geojson
INFO: Reference: 569 mounds, 487 evaluation tiles
INFO: Evaluating: detections_text-t0.7_run01.geojson
INFO:   5m: F1=0.154 [0.126, 0.186], P=0.100 [0.079, 0.124], R=0.336 [0.291, 0.385]
INFO:   10m: F1=0.298 [0.253, 0.346], P=0.193 [0.159, 0.232], R=0.648 [0.596, 0.699]
INFO:   15m: F1=0.373 [0.321, 0.426], P=0.242 [0.201, 0.287], R=0.811 [0.768, 0.851]
INFO:   20m: F1=0.392 [0.338, 0.448], P=0.254 [0.211, 0.301], R=0.853 [0.812, 0.888]
INFO:   25m: F1=0.407 [0.353, 0.463], P=0.264 [0.221, 0.312], R=0.885 [0.848, 0.915]
INFO:   30m: F1=0.417 [0.361, 0.474], P=0.271 [0.226, 0.320], R=0.908 [0.873, 0.935]
INFO:   35m: F1=0.423 [0.367, 0.481], P=0.275 [0.229, 0.325], R=0.922 [0.887, 0.947]
INFO:   40m: F1=0.427 [0.369, 0.485], P=0.277 [0.231, 0.327], R=0.929 [0.895, 0.953]
INFO:   45m: F1=0.427 [0.369, 0.485], P=0.277 [0.231, 0.327], R=0.929 [0.895, 0.953]
INFO:   50m: F1=0.427 [0.369, 0.485], P=0.277 [0.231, 0.327], R=0.929 [0.895, 0.953]
INFO:   75m: F1=0.429 [0.371, 0.487], P=0.278 [0.232, 0.329], R=0.933 [0.900, 0.958]
INFO:   100m: F1=0.430 [0.372, 0.488], P=0.279 [0.233, 0.330], R=0.936 [0.903, 0.959]
INFO:   125m: F1=0.430 [0.372, 0.488], P=0.279 [0.233, 0.330], R=0.936 [0.903, 0.959]
INFO:   150m: F1=0.430 [0.372, 0.488], P=0.279 [0.233, 0.330], R=0.936 [0.903, 0.959]
INFO:   MCC=0.342 [0.286, 0.395], Sens=0.991, Spec=0.240
INFO: JSON written: results/uplift-supplement/k1-gapfill/pv-diag-384__flash-high-text-n5-text-t0_7-consensus-26of30/evaluation.json
INFO: CSV written: results/uplift-supplement/k1-gapfill/pv-diag-384__flash-high-text-n5-text-t0_7-consensus-26of30/evaluation.csv
INFO: Markdown written: results/uplift-supplement/k1-gapfill/pv-diag-384__flash-high-text-n5-text-t0_7-consensus-26of30/evaluation.md
INFO: Detection files: 1
INFO: Loading ground truth: inputs/vectors/references/mounds-reference.geojson
INFO: Loading bounds: inputs/vectors/bounds/384/full_evaluation_bounds.geojson
INFO: Reference: 569 mounds, 487 evaluation tiles
INFO: Evaluating: detections_text-t0.7_run01.geojson
INFO:   5m: F1=0.154 [0.126, 0.186], P=0.100 [0.079, 0.124], R=0.336 [0.291, 0.385]
INFO:   10m: F1=0.298 [0.253, 0.346], P=0.193 [0.159, 0.232], R=0.648 [0.596, 0.699]
INFO:   15m: F1=0.373 [0.321, 0.426], P=0.242 [0.201, 0.287], R=0.811 [0.768, 0.851]
INFO:   20m: F1=0.392 [0.338, 0.448], P=0.254 [0.211, 0.301], R=0.853 [0.812, 0.888]
INFO:   25m: F1=0.407 [0.353, 0.463], P=0.264 [0.221, 0.312], R=0.885 [0.848, 0.915]
INFO:   30m: F1=0.417 [0.361, 0.474], P=0.271 [0.226, 0.320], R=0.908 [0.873, 0.935]
INFO:   35m: F1=0.423 [0.367, 0.481], P=0.275 [0.229, 0.325], R=0.922 [0.887, 0.947]
INFO:   40m: F1=0.427 [0.369, 0.485], P=0.277 [0.231, 0.327], R=0.929 [0.895, 0.953]
INFO:   45m: F1=0.427 [0.369, 0.485], P=0.277 [0.231, 0.327], R=0.929 [0.895, 0.953]
INFO:   50m: F1=0.427 [0.369, 0.485], P=0.277 [0.231, 0.327], R=0.929 [0.895, 0.953]
INFO:   75m: F1=0.429 [0.371, 0.487], P=0.278 [0.232, 0.329], R=0.933 [0.900, 0.958]
INFO:   100m: F1=0.430 [0.372, 0.488], P=0.279 [0.233, 0.330], R=0.936 [0.903, 0.959]
INFO:   125m: F1=0.430 [0.372, 0.488], P=0.279 [0.233, 0.330], R=0.936 [0.903, 0.959]
INFO:   150m: F1=0.430 [0.372, 0.488], P=0.279 [0.233, 0.330], R=0.936 [0.903, 0.959]
INFO:   MCC=0.342 [0.286, 0.395], Sens=0.991, Spec=0.240
INFO: JSON written: results/uplift-supplement/k1-gapfill/pv-diag-384__flash-high-text-n5-text-t0_7-consensus-n10-9of10/evaluation.json
INFO: CSV written: results/uplift-supplement/k1-gapfill/pv-diag-384__flash-high-text-n5-text-t0_7-consensus-n10-9of10/evaluation.csv
INFO: Markdown written: results/uplift-supplement/k1-gapfill/pv-diag-384__flash-high-text-n5-text-t0_7-consensus-n10-9of10/evaluation.md
INFO: Detection files: 1
INFO: Loading ground truth: inputs/vectors/references/mounds-reference.geojson
INFO: Loading bounds: inputs/vectors/bounds/384/full_evaluation_bounds.geojson
INFO: Reference: 569 mounds, 487 evaluation tiles
INFO: Evaluating: detections_text-t0.7_run01.geojson
INFO:   5m: F1=0.154 [0.126, 0.186], P=0.100 [0.079, 0.124], R=0.336 [0.291, 0.385]
INFO:   10m: F1=0.298 [0.253, 0.346], P=0.193 [0.159, 0.232], R=0.648 [0.596, 0.699]
INFO:   15m: F1=0.373 [0.321, 0.426], P=0.242 [0.201, 0.287], R=0.811 [0.768, 0.851]
INFO:   20m: F1=0.392 [0.338, 0.448], P=0.254 [0.211, 0.301], R=0.853 [0.812, 0.888]
INFO:   25m: F1=0.407 [0.353, 0.463], P=0.264 [0.221, 0.312], R=0.885 [0.848, 0.915]
INFO:   30m: F1=0.417 [0.361, 0.474], P=0.271 [0.226, 0.320], R=0.908 [0.873, 0.935]
INFO:   35m: F1=0.423 [0.367, 0.481], P=0.275 [0.229, 0.325], R=0.922 [0.887, 0.947]
INFO:   40m: F1=0.427 [0.369, 0.485], P=0.277 [0.231, 0.327], R=0.929 [0.895, 0.953]
INFO:   45m: F1=0.427 [0.369, 0.485], P=0.277 [0.231, 0.327], R=0.929 [0.895, 0.953]
INFO:   50m: F1=0.427 [0.369, 0.485], P=0.277 [0.231, 0.327], R=0.929 [0.895, 0.953]
INFO:   75m: F1=0.429 [0.371, 0.487], P=0.278 [0.232, 0.329], R=0.933 [0.900, 0.958]
INFO:   100m: F1=0.430 [0.372, 0.488], P=0.279 [0.233, 0.330], R=0.936 [0.903, 0.959]
INFO:   125m: F1=0.430 [0.372, 0.488], P=0.279 [0.233, 0.330], R=0.936 [0.903, 0.959]
INFO:   150m: F1=0.430 [0.372, 0.488], P=0.279 [0.233, 0.330], R=0.936 [0.903, 0.959]
INFO:   MCC=0.342 [0.286, 0.395], Sens=0.991, Spec=0.240
INFO: JSON written: results/uplift-supplement/k1-gapfill/pv-diag-384__flash-high-text-n5-text-t0_7-consensus-n5-5of5/evaluation.json
INFO: CSV written: results/uplift-supplement/k1-gapfill/pv-diag-384__flash-high-text-n5-text-t0_7-consensus-n5-5of5/evaluation.csv
INFO: Markdown written: results/uplift-supplement/k1-gapfill/pv-diag-384__flash-high-text-n5-text-t0_7-consensus-n5-5of5/evaluation.md
INFO: Detection files: 1
INFO: Loading ground truth: inputs/vectors/references/mounds-reference.geojson
INFO: Loading bounds: inputs/vectors/bounds/384/full_evaluation_bounds.geojson
INFO: Reference: 569 mounds, 487 evaluation tiles
INFO: Evaluating: detections-detect_brief-text-3-flash-2026-04-17.geojson
INFO:   5m: F1=0.132 [0.108, 0.160], P=0.084 [0.067, 0.104], R=0.306 [0.263, 0.351] [partial: 3/487 tiles unprocessed]
INFO:   10m: F1=0.286 [0.243, 0.335], P=0.182 [0.149, 0.221], R=0.664 [0.612, 0.715] [partial: 3/487 tiles unprocessed]
INFO:   15m: F1=0.341 [0.292, 0.395], P=0.217 [0.179, 0.261], R=0.793 [0.743, 0.837] [partial: 3/487 tiles unprocessed]
INFO:   20m: F1=0.363 [0.310, 0.418], P=0.231 [0.190, 0.276], R=0.844 [0.794, 0.884] [partial: 3/487 tiles unprocessed]
INFO:   25m: F1=0.377 [0.323, 0.432], P=0.240 [0.198, 0.286], R=0.876 [0.830, 0.911] [partial: 3/487 tiles unprocessed]
INFO:   30m: F1=0.390 [0.335, 0.446], P=0.248 [0.206, 0.295], R=0.906 [0.868, 0.935] [partial: 3/487 tiles unprocessed]
INFO:   35m: F1=0.392 [0.336, 0.449], P=0.250 [0.207, 0.297], R=0.910 [0.872, 0.939] [partial: 3/487 tiles unprocessed]
INFO:   40m: F1=0.395 [0.340, 0.451], P=0.251 [0.209, 0.298], R=0.917 [0.881, 0.944] [partial: 3/487 tiles unprocessed]
INFO:   45m: F1=0.396 [0.341, 0.452], P=0.252 [0.209, 0.299], R=0.920 [0.884, 0.945] [partial: 3/487 tiles unprocessed]
INFO:   50m: F1=0.398 [0.343, 0.455], P=0.253 [0.211, 0.301], R=0.924 [0.889, 0.948] [partial: 3/487 tiles unprocessed]
INFO:   75m: F1=0.404 [0.348, 0.460], P=0.257 [0.214, 0.304], R=0.938 [0.906, 0.960] [partial: 3/487 tiles unprocessed]
INFO:   100m: F1=0.408 [0.351, 0.464], P=0.260 [0.216, 0.307], R=0.947 [0.917, 0.967] [partial: 3/487 tiles unprocessed]
INFO:   125m: F1=0.409 [0.352, 0.465], P=0.260 [0.216, 0.307], R=0.949 [0.919, 0.969] [partial: 3/487 tiles unprocessed]
INFO:   150m: F1=0.409 [0.352, 0.465], P=0.260 [0.216, 0.307], R=0.949 [0.919, 0.969] [partial: 3/487 tiles unprocessed]
INFO:   MCC=0.301 [0.239, 0.357], Sens=0.987, Spec=0.205
INFO: JSON written: results/uplift-supplement/k1-gapfill/pv-diag-384__flash-high-text-n5-text-t1_0-consensus-9of10/evaluation.json
INFO: CSV written: results/uplift-supplement/k1-gapfill/pv-diag-384__flash-high-text-n5-text-t1_0-consensus-9of10/evaluation.csv
INFO: Markdown written: results/uplift-supplement/k1-gapfill/pv-diag-384__flash-high-text-n5-text-t1_0-consensus-9of10/evaluation.md
INFO: Detection files: 1
INFO: Loading ground truth: inputs/vectors/references/mounds-reference.geojson
INFO: Loading bounds: inputs/vectors/bounds/384/full_evaluation_bounds.geojson
INFO: Reference: 569 mounds, 487 evaluation tiles
INFO: Evaluating: detections-detect_brief-text-3-flash-2026-04-17.geojson
INFO:   5m: F1=0.132 [0.108, 0.160], P=0.084 [0.067, 0.104], R=0.306 [0.263, 0.351] [partial: 3/487 tiles unprocessed]
INFO:   10m: F1=0.286 [0.243, 0.335], P=0.182 [0.149, 0.221], R=0.664 [0.612, 0.715] [partial: 3/487 tiles unprocessed]
INFO:   15m: F1=0.341 [0.292, 0.395], P=0.217 [0.179, 0.261], R=0.793 [0.743, 0.837] [partial: 3/487 tiles unprocessed]
INFO:   20m: F1=0.363 [0.310, 0.418], P=0.231 [0.190, 0.276], R=0.844 [0.794, 0.884] [partial: 3/487 tiles unprocessed]
INFO:   25m: F1=0.377 [0.323, 0.432], P=0.240 [0.198, 0.286], R=0.876 [0.830, 0.911] [partial: 3/487 tiles unprocessed]
INFO:   30m: F1=0.390 [0.335, 0.446], P=0.248 [0.206, 0.295], R=0.906 [0.868, 0.935] [partial: 3/487 tiles unprocessed]
INFO:   35m: F1=0.392 [0.336, 0.449], P=0.250 [0.207, 0.297], R=0.910 [0.872, 0.939] [partial: 3/487 tiles unprocessed]
INFO:   40m: F1=0.395 [0.340, 0.451], P=0.251 [0.209, 0.298], R=0.917 [0.881, 0.944] [partial: 3/487 tiles unprocessed]
INFO:   45m: F1=0.396 [0.341, 0.452], P=0.252 [0.209, 0.299], R=0.920 [0.884, 0.945] [partial: 3/487 tiles unprocessed]
INFO:   50m: F1=0.398 [0.343, 0.455], P=0.253 [0.211, 0.301], R=0.924 [0.889, 0.948] [partial: 3/487 tiles unprocessed]
INFO:   75m: F1=0.404 [0.348, 0.460], P=0.257 [0.214, 0.304], R=0.938 [0.906, 0.960] [partial: 3/487 tiles unprocessed]
INFO:   100m: F1=0.408 [0.351, 0.464], P=0.260 [0.216, 0.307], R=0.947 [0.917, 0.967] [partial: 3/487 tiles unprocessed]
INFO:   125m: F1=0.409 [0.352, 0.465], P=0.260 [0.216, 0.307], R=0.949 [0.919, 0.969] [partial: 3/487 tiles unprocessed]
INFO:   150m: F1=0.409 [0.352, 0.465], P=0.260 [0.216, 0.307], R=0.949 [0.919, 0.969] [partial: 3/487 tiles unprocessed]
INFO:   MCC=0.301 [0.239, 0.357], Sens=0.987, Spec=0.205
INFO: JSON written: results/uplift-supplement/k1-gapfill/pv-diag-384__flash-high-text-n5-text-t1_0-consensus-n5-5of5/evaluation.json
INFO: CSV written: results/uplift-supplement/k1-gapfill/pv-diag-384__flash-high-text-n5-text-t1_0-consensus-n5-5of5/evaluation.csv
INFO: Markdown written: results/uplift-supplement/k1-gapfill/pv-diag-384__flash-high-text-n5-text-t1_0-consensus-n5-5of5/evaluation.md
INFO: Detection files: 1
INFO: Loading ground truth: inputs/vectors/references/mounds-reference.geojson
INFO: Loading bounds: inputs/vectors/bounds/384/full_evaluation_bounds.geojson
INFO: Reference: 569 mounds, 487 evaluation tiles
INFO: Evaluating: detections-detect_brief-text-3-flash-2026-04-17.geojson
INFO:   5m: F1=0.256 [0.216, 0.304], P=0.184 [0.150, 0.224], R=0.425 [0.370, 0.485] [partial: 1/487 tiles unprocessed]
INFO:   10m: F1=0.439 [0.389, 0.492], P=0.314 [0.268, 0.365], R=0.729 [0.676, 0.776] [partial: 1/487 tiles unprocessed]
INFO:   15m: F1=0.503 [0.450, 0.558], P=0.360 [0.310, 0.414], R=0.834 [0.786, 0.873] [partial: 1/487 tiles unprocessed]
INFO:   20m: F1=0.514 [0.460, 0.570], P=0.368 [0.317, 0.424], R=0.853 [0.805, 0.890] [partial: 1/487 tiles unprocessed]
INFO:   25m: F1=0.520 [0.466, 0.574], P=0.372 [0.321, 0.428], R=0.862 [0.817, 0.899] [partial: 1/487 tiles unprocessed]
INFO:   30m: F1=0.524 [0.470, 0.579], P=0.375 [0.324, 0.431], R=0.869 [0.825, 0.904] [partial: 1/487 tiles unprocessed]
INFO:   35m: F1=0.534 [0.479, 0.589], P=0.382 [0.330, 0.438], R=0.885 [0.842, 0.916] [partial: 1/487 tiles unprocessed]
INFO:   40m: F1=0.536 [0.481, 0.592], P=0.384 [0.331, 0.440], R=0.890 [0.847, 0.920] [partial: 1/487 tiles unprocessed]
INFO:   45m: F1=0.536 [0.481, 0.592], P=0.384 [0.331, 0.440], R=0.890 [0.847, 0.920] [partial: 1/487 tiles unprocessed]
INFO:   50m: F1=0.536 [0.481, 0.592], P=0.384 [0.331, 0.440], R=0.890 [0.847, 0.920] [partial: 1/487 tiles unprocessed]
INFO:   75m: F1=0.538 [0.483, 0.593], P=0.385 [0.332, 0.441], R=0.892 [0.850, 0.922] [partial: 1/487 tiles unprocessed]
INFO:   100m: F1=0.541 [0.485, 0.595], P=0.387 [0.334, 0.443], R=0.897 [0.855, 0.926] [partial: 1/487 tiles unprocessed]
INFO:   125m: F1=0.541 [0.485, 0.595], P=0.387 [0.334, 0.443], R=0.897 [0.855, 0.926] [partial: 1/487 tiles unprocessed]
INFO:   150m: F1=0.541 [0.485, 0.595], P=0.387 [0.334, 0.443], R=0.897 [0.855, 0.926] [partial: 1/487 tiles unprocessed]
INFO:   MCC=-0.004 [-0.082, 0.073], Sens=0.996, Spec=0.004
INFO: JSON written: results/uplift-supplement/k1-gapfill/pv-diag-384__flash-minimal-text-n30-t07-text-t0_0-consensus-3of3/evaluation.json
INFO: CSV written: results/uplift-supplement/k1-gapfill/pv-diag-384__flash-minimal-text-n30-t07-text-t0_0-consensus-3of3/evaluation.csv
INFO: Markdown written: results/uplift-supplement/k1-gapfill/pv-diag-384__flash-minimal-text-n30-t07-text-t0_0-consensus-3of3/evaluation.md
INFO: Detection files: 1
INFO: Loading ground truth: inputs/vectors/references/mounds-reference.geojson
INFO: Loading bounds: inputs/vectors/bounds/384/full_evaluation_bounds.geojson
INFO: Reference: 569 mounds, 487 evaluation tiles
INFO: Evaluating: detections-detect_brief-text-3-flash-2026-04-17.geojson
INFO:   5m: F1=0.254 [0.213, 0.301], P=0.182 [0.148, 0.222], R=0.421 [0.366, 0.478] [partial: 1/487 tiles unprocessed]
INFO:   10m: F1=0.449 [0.397, 0.505], P=0.322 [0.274, 0.375], R=0.745 [0.692, 0.792] [partial: 1/487 tiles unprocessed]
INFO:   15m: F1=0.503 [0.450, 0.560], P=0.360 [0.310, 0.417], R=0.834 [0.784, 0.874] [partial: 1/487 tiles unprocessed]
INFO:   20m: F1=0.516 [0.461, 0.572], P=0.369 [0.318, 0.426], R=0.855 [0.808, 0.891] [partial: 1/487 tiles unprocessed]
INFO:   25m: F1=0.527 [0.472, 0.582], P=0.377 [0.325, 0.434], R=0.874 [0.830, 0.907] [partial: 1/487 tiles unprocessed]
INFO:   30m: F1=0.531 [0.476, 0.587], P=0.380 [0.327, 0.438], R=0.880 [0.837, 0.913] [partial: 1/487 tiles unprocessed]
INFO:   35m: F1=0.541 [0.485, 0.597], P=0.387 [0.334, 0.445], R=0.897 [0.855, 0.925] [partial: 1/487 tiles unprocessed]
INFO:   40m: F1=0.542 [0.487, 0.598], P=0.388 [0.335, 0.445], R=0.899 [0.858, 0.927] [partial: 1/487 tiles unprocessed]
INFO:   45m: F1=0.544 [0.488, 0.600], P=0.389 [0.336, 0.447], R=0.901 [0.860, 0.929] [partial: 1/487 tiles unprocessed]
INFO:   50m: F1=0.544 [0.488, 0.600], P=0.389 [0.336, 0.447], R=0.901 [0.860, 0.929] [partial: 1/487 tiles unprocessed]
INFO:   75m: F1=0.544 [0.488, 0.600], P=0.389 [0.336, 0.447], R=0.901 [0.860, 0.929] [partial: 1/487 tiles unprocessed]
INFO:   100m: F1=0.544 [0.488, 0.600], P=0.389 [0.336, 0.447], R=0.901 [0.860, 0.929] [partial: 1/487 tiles unprocessed]
INFO:   125m: F1=0.544 [0.488, 0.600], P=0.389 [0.336, 0.447], R=0.901 [0.860, 0.929] [partial: 1/487 tiles unprocessed]
INFO:   150m: F1=0.545 [0.489, 0.601], P=0.390 [0.337, 0.448], R=0.903 [0.863, 0.931] [partial: 1/487 tiles unprocessed]
INFO:   MCC=-0.004 [-0.082, 0.072], Sens=0.996, Spec=0.004
INFO: JSON written: results/uplift-supplement/k1-gapfill/pv-diag-384__flash-minimal-text-n30-t07-text-t0_3-consensus-10of10/evaluation.json
INFO: CSV written: results/uplift-supplement/k1-gapfill/pv-diag-384__flash-minimal-text-n30-t07-text-t0_3-consensus-10of10/evaluation.csv
INFO: Markdown written: results/uplift-supplement/k1-gapfill/pv-diag-384__flash-minimal-text-n30-t07-text-t0_3-consensus-10of10/evaluation.md
INFO: Detection files: 1
INFO: Loading ground truth: inputs/vectors/references/mounds-reference.geojson
INFO: Loading bounds: inputs/vectors/bounds/384/full_evaluation_bounds.geojson
INFO: Reference: 569 mounds, 487 evaluation tiles
INFO: Evaluating: detections-detect_brief-text-3-flash-2026-04-17.geojson
INFO:   5m: F1=0.254 [0.213, 0.301], P=0.182 [0.148, 0.222], R=0.421 [0.366, 0.478] [partial: 1/487 tiles unprocessed]
INFO:   10m: F1=0.449 [0.397, 0.505], P=0.322 [0.274, 0.375], R=0.745 [0.692, 0.792] [partial: 1/487 tiles unprocessed]
INFO:   15m: F1=0.503 [0.450, 0.560], P=0.360 [0.310, 0.417], R=0.834 [0.784, 0.874] [partial: 1/487 tiles unprocessed]
INFO:   20m: F1=0.516 [0.461, 0.572], P=0.369 [0.318, 0.426], R=0.855 [0.808, 0.891] [partial: 1/487 tiles unprocessed]
INFO:   25m: F1=0.527 [0.472, 0.582], P=0.377 [0.325, 0.434], R=0.874 [0.830, 0.907] [partial: 1/487 tiles unprocessed]
INFO:   30m: F1=0.531 [0.476, 0.587], P=0.380 [0.327, 0.438], R=0.880 [0.837, 0.913] [partial: 1/487 tiles unprocessed]
INFO:   35m: F1=0.541 [0.485, 0.597], P=0.387 [0.334, 0.445], R=0.897 [0.855, 0.925] [partial: 1/487 tiles unprocessed]
INFO:   40m: F1=0.542 [0.487, 0.598], P=0.388 [0.335, 0.445], R=0.899 [0.858, 0.927] [partial: 1/487 tiles unprocessed]
INFO:   45m: F1=0.544 [0.488, 0.600], P=0.389 [0.336, 0.447], R=0.901 [0.860, 0.929] [partial: 1/487 tiles unprocessed]
INFO:   50m: F1=0.544 [0.488, 0.600], P=0.389 [0.336, 0.447], R=0.901 [0.860, 0.929] [partial: 1/487 tiles unprocessed]
INFO:   75m: F1=0.544 [0.488, 0.600], P=0.389 [0.336, 0.447], R=0.901 [0.860, 0.929] [partial: 1/487 tiles unprocessed]
INFO:   100m: F1=0.544 [0.488, 0.600], P=0.389 [0.336, 0.447], R=0.901 [0.860, 0.929] [partial: 1/487 tiles unprocessed]
INFO:   125m: F1=0.544 [0.488, 0.600], P=0.389 [0.336, 0.447], R=0.901 [0.860, 0.929] [partial: 1/487 tiles unprocessed]
INFO:   150m: F1=0.545 [0.489, 0.601], P=0.390 [0.337, 0.448], R=0.903 [0.863, 0.931] [partial: 1/487 tiles unprocessed]
INFO:   MCC=-0.004 [-0.082, 0.072], Sens=0.996, Spec=0.004
INFO: JSON written: results/uplift-supplement/k1-gapfill/pv-diag-384__flash-minimal-text-n30-t07-text-t0_3-consensus-n5-5of5/evaluation.json
INFO: CSV written: results/uplift-supplement/k1-gapfill/pv-diag-384__flash-minimal-text-n30-t07-text-t0_3-consensus-n5-5of5/evaluation.csv
INFO: Markdown written: results/uplift-supplement/k1-gapfill/pv-diag-384__flash-minimal-text-n30-t07-text-t0_3-consensus-n5-5of5/evaluation.md
INFO: Detection files: 1
INFO: Loading ground truth: inputs/vectors/references/mounds-reference.geojson
INFO: Loading bounds: inputs/vectors/bounds/384/full_evaluation_bounds.geojson
INFO: Reference: 569 mounds, 487 evaluation tiles
INFO: Evaluating: detections_text-t0.7_run01.geojson
INFO:   5m: F1=0.214 [0.179, 0.253], P=0.150 [0.122, 0.183], R=0.375 [0.327, 0.425]
INFO:   10m: F1=0.401 [0.352, 0.455], P=0.281 [0.237, 0.330], R=0.703 [0.655, 0.750]
INFO:   15m: F1=0.468 [0.414, 0.525], P=0.328 [0.279, 0.382], R=0.821 [0.778, 0.857]
INFO:   20m: F1=0.493 [0.439, 0.550], P=0.345 [0.295, 0.400], R=0.864 [0.827, 0.896]
INFO:   25m: F1=0.506 [0.450, 0.562], P=0.354 [0.303, 0.410], R=0.887 [0.852, 0.915]
INFO:   30m: F1=0.513 [0.457, 0.569], P=0.359 [0.308, 0.415], R=0.899 [0.867, 0.925]
INFO:   35m: F1=0.515 [0.460, 0.572], P=0.361 [0.309, 0.417], R=0.903 [0.873, 0.929]
INFO:   40m: F1=0.519 [0.463, 0.576], P=0.363 [0.312, 0.419], R=0.910 [0.882, 0.934]
INFO:   45m: F1=0.521 [0.465, 0.577], P=0.364 [0.313, 0.420], R=0.913 [0.884, 0.936]
INFO:   50m: F1=0.521 [0.465, 0.577], P=0.364 [0.313, 0.420], R=0.913 [0.884, 0.936]
INFO:   75m: F1=0.521 [0.465, 0.577], P=0.364 [0.313, 0.420], R=0.913 [0.884, 0.936]
INFO:   100m: F1=0.523 [0.467, 0.580], P=0.366 [0.314, 0.423], R=0.917 [0.888, 0.941]
INFO:   125m: F1=0.526 [0.469, 0.583], P=0.368 [0.316, 0.425], R=0.922 [0.893, 0.945]
INFO:   150m: F1=0.526 [0.469, 0.583], P=0.368 [0.316, 0.425], R=0.922 [0.893, 0.945]
INFO:   MCC=0.074 [0.041, 0.113], Sens=1.000, Spec=0.012
INFO: JSON written: results/uplift-supplement/k1-gapfill/pv-diag-384__flash-minimal-text-n30-t07-text-t0_7-consensus-29of30/evaluation.json
INFO: CSV written: results/uplift-supplement/k1-gapfill/pv-diag-384__flash-minimal-text-n30-t07-text-t0_7-consensus-29of30/evaluation.csv
INFO: Markdown written: results/uplift-supplement/k1-gapfill/pv-diag-384__flash-minimal-text-n30-t07-text-t0_7-consensus-29of30/evaluation.md
INFO: Detection files: 1
INFO: Loading ground truth: inputs/vectors/references/mounds-reference.geojson
INFO: Loading bounds: inputs/vectors/bounds/384/full_evaluation_bounds.geojson
INFO: Reference: 569 mounds, 487 evaluation tiles
INFO: Evaluating: detections_text-t0.7_run01.geojson
INFO:   5m: F1=0.214 [0.179, 0.253], P=0.150 [0.122, 0.183], R=0.375 [0.327, 0.425]
INFO:   10m: F1=0.401 [0.352, 0.455], P=0.281 [0.237, 0.330], R=0.703 [0.655, 0.750]
INFO:   15m: F1=0.468 [0.414, 0.525], P=0.328 [0.279, 0.382], R=0.821 [0.778, 0.857]
INFO:   20m: F1=0.493 [0.439, 0.550], P=0.345 [0.295, 0.400], R=0.864 [0.827, 0.896]
INFO:   25m: F1=0.506 [0.450, 0.562], P=0.354 [0.303, 0.410], R=0.887 [0.852, 0.915]
INFO:   30m: F1=0.513 [0.457, 0.569], P=0.359 [0.308, 0.415], R=0.899 [0.867, 0.925]
INFO:   35m: F1=0.515 [0.460, 0.572], P=0.361 [0.309, 0.417], R=0.903 [0.873, 0.929]
INFO:   40m: F1=0.519 [0.463, 0.576], P=0.363 [0.312, 0.419], R=0.910 [0.882, 0.934]
INFO:   45m: F1=0.521 [0.465, 0.577], P=0.364 [0.313, 0.420], R=0.913 [0.884, 0.936]
INFO:   50m: F1=0.521 [0.465, 0.577], P=0.364 [0.313, 0.420], R=0.913 [0.884, 0.936]
INFO:   75m: F1=0.521 [0.465, 0.577], P=0.364 [0.313, 0.420], R=0.913 [0.884, 0.936]
INFO:   100m: F1=0.523 [0.467, 0.580], P=0.366 [0.314, 0.423], R=0.917 [0.888, 0.941]
INFO:   125m: F1=0.526 [0.469, 0.583], P=0.368 [0.316, 0.425], R=0.922 [0.893, 0.945]
INFO:   150m: F1=0.526 [0.469, 0.583], P=0.368 [0.316, 0.425], R=0.922 [0.893, 0.945]
INFO:   MCC=0.074 [0.041, 0.113], Sens=1.000, Spec=0.012
INFO: JSON written: results/uplift-supplement/k1-gapfill/pv-diag-384__flash-minimal-text-n30-t07-text-t0_7-consensus-n10-10of10/evaluation.json
INFO: CSV written: results/uplift-supplement/k1-gapfill/pv-diag-384__flash-minimal-text-n30-t07-text-t0_7-consensus-n10-10of10/evaluation.csv
INFO: Markdown written: results/uplift-supplement/k1-gapfill/pv-diag-384__flash-minimal-text-n30-t07-text-t0_7-consensus-n10-10of10/evaluation.md
INFO: Detection files: 1
INFO: Loading ground truth: inputs/vectors/references/mounds-reference.geojson
INFO: Loading bounds: inputs/vectors/bounds/384/full_evaluation_bounds.geojson
INFO: Reference: 569 mounds, 487 evaluation tiles
INFO: Evaluating: detections_text-t0.7_run01.geojson
INFO:   5m: F1=0.214 [0.179, 0.253], P=0.150 [0.122, 0.183], R=0.375 [0.327, 0.425]
INFO:   10m: F1=0.401 [0.352, 0.455], P=0.281 [0.237, 0.330], R=0.703 [0.655, 0.750]
INFO:   15m: F1=0.468 [0.414, 0.525], P=0.328 [0.279, 0.382], R=0.821 [0.778, 0.857]
INFO:   20m: F1=0.493 [0.439, 0.550], P=0.345 [0.295, 0.400], R=0.864 [0.827, 0.896]
INFO:   25m: F1=0.506 [0.450, 0.562], P=0.354 [0.303, 0.410], R=0.887 [0.852, 0.915]
INFO:   30m: F1=0.513 [0.457, 0.569], P=0.359 [0.308, 0.415], R=0.899 [0.867, 0.925]
INFO:   35m: F1=0.515 [0.460, 0.572], P=0.361 [0.309, 0.417], R=0.903 [0.873, 0.929]
INFO:   40m: F1=0.519 [0.463, 0.576], P=0.363 [0.312, 0.419], R=0.910 [0.882, 0.934]
INFO:   45m: F1=0.521 [0.465, 0.577], P=0.364 [0.313, 0.420], R=0.913 [0.884, 0.936]
INFO:   50m: F1=0.521 [0.465, 0.577], P=0.364 [0.313, 0.420], R=0.913 [0.884, 0.936]
INFO:   75m: F1=0.521 [0.465, 0.577], P=0.364 [0.313, 0.420], R=0.913 [0.884, 0.936]
INFO:   100m: F1=0.523 [0.467, 0.580], P=0.366 [0.314, 0.423], R=0.917 [0.888, 0.941]
INFO:   125m: F1=0.526 [0.469, 0.583], P=0.368 [0.316, 0.425], R=0.922 [0.893, 0.945]
INFO:   150m: F1=0.526 [0.469, 0.583], P=0.368 [0.316, 0.425], R=0.922 [0.893, 0.945]
INFO:   MCC=0.074 [0.041, 0.113], Sens=1.000, Spec=0.012
INFO: JSON written: results/uplift-supplement/k1-gapfill/pv-diag-384__flash-minimal-text-n30-t07-text-t0_7-consensus-n5-5of5/evaluation.json
INFO: CSV written: results/uplift-supplement/k1-gapfill/pv-diag-384__flash-minimal-text-n30-t07-text-t0_7-consensus-n5-5of5/evaluation.csv
INFO: Markdown written: results/uplift-supplement/k1-gapfill/pv-diag-384__flash-minimal-text-n30-t07-text-t0_7-consensus-n5-5of5/evaluation.md
INFO: Detection files: 1
INFO: Loading ground truth: inputs/vectors/references/mounds-reference.geojson
INFO: Loading bounds: inputs/vectors/bounds/384/full_evaluation_bounds.geojson
INFO: Reference: 569 mounds, 487 evaluation tiles
INFO: Evaluating: detections-detect_brief-text-3-flash-2026-04-17.geojson
INFO:   5m: F1=0.196 [0.163, 0.237], P=0.137 [0.111, 0.171], R=0.343 [0.296, 0.398] [partial: 1/487 tiles unprocessed]
INFO:   10m: F1=0.366 [0.318, 0.419], P=0.256 [0.215, 0.304], R=0.639 [0.584, 0.696] [partial: 1/487 tiles unprocessed]
INFO:   15m: F1=0.448 [0.395, 0.505], P=0.314 [0.266, 0.367], R=0.782 [0.730, 0.828] [partial: 1/487 tiles unprocessed]
INFO:   20m: F1=0.485 [0.430, 0.540], P=0.339 [0.290, 0.393], R=0.846 [0.803, 0.883] [partial: 1/487 tiles unprocessed]
INFO:   25m: F1=0.495 [0.441, 0.550], P=0.347 [0.297, 0.401], R=0.864 [0.825, 0.899] [partial: 1/487 tiles unprocessed]
INFO:   30m: F1=0.504 [0.449, 0.559], P=0.353 [0.303, 0.408], R=0.880 [0.847, 0.911] [partial: 1/487 tiles unprocessed]
INFO:   35m: F1=0.512 [0.457, 0.567], P=0.359 [0.307, 0.414], R=0.894 [0.863, 0.922] [partial: 1/487 tiles unprocessed]
INFO:   40m: F1=0.517 [0.462, 0.573], P=0.363 [0.311, 0.418], R=0.903 [0.873, 0.930] [partial: 1/487 tiles unprocessed]
INFO:   45m: F1=0.519 [0.463, 0.574], P=0.363 [0.311, 0.419], R=0.906 [0.876, 0.932] [partial: 1/487 tiles unprocessed]
INFO:   50m: F1=0.519 [0.463, 0.574], P=0.363 [0.311, 0.419], R=0.906 [0.876, 0.932] [partial: 1/487 tiles unprocessed]
INFO:   75m: F1=0.520 [0.464, 0.576], P=0.364 [0.312, 0.420], R=0.908 [0.879, 0.934] [partial: 1/487 tiles unprocessed]
INFO:   100m: F1=0.521 [0.465, 0.577], P=0.365 [0.313, 0.421], R=0.910 [0.881, 0.936] [partial: 1/487 tiles unprocessed]
INFO:   125m: F1=0.521 [0.465, 0.577], P=0.365 [0.313, 0.421], R=0.910 [0.881, 0.936] [partial: 1/487 tiles unprocessed]
INFO:   150m: F1=0.523 [0.467, 0.578], P=0.366 [0.314, 0.422], R=0.913 [0.883, 0.938] [partial: 1/487 tiles unprocessed]
INFO:   MCC=0.074 [0.041, 0.113], Sens=1.000, Spec=0.012
INFO: JSON written: results/uplift-supplement/k1-gapfill/pv-diag-384__flash-minimal-text-n30-t07-text-t1_0-consensus-9of10/evaluation.json
INFO: CSV written: results/uplift-supplement/k1-gapfill/pv-diag-384__flash-minimal-text-n30-t07-text-t1_0-consensus-9of10/evaluation.csv
INFO: Markdown written: results/uplift-supplement/k1-gapfill/pv-diag-384__flash-minimal-text-n30-t07-text-t1_0-consensus-9of10/evaluation.md
INFO: Detection files: 1
INFO: Loading ground truth: inputs/vectors/references/mounds-reference.geojson
INFO: Loading bounds: inputs/vectors/bounds/384/full_evaluation_bounds.geojson
INFO: Reference: 569 mounds, 487 evaluation tiles
INFO: Evaluating: detections-detect_brief-text-3-flash-2026-04-17.geojson
INFO:   5m: F1=0.196 [0.163, 0.237], P=0.137 [0.111, 0.171], R=0.343 [0.296, 0.398] [partial: 1/487 tiles unprocessed]
INFO:   10m: F1=0.366 [0.318, 0.419], P=0.256 [0.215, 0.304], R=0.639 [0.584, 0.696] [partial: 1/487 tiles unprocessed]
INFO:   15m: F1=0.448 [0.395, 0.505], P=0.314 [0.266, 0.367], R=0.782 [0.730, 0.828] [partial: 1/487 tiles unprocessed]
INFO:   20m: F1=0.485 [0.430, 0.540], P=0.339 [0.290, 0.393], R=0.846 [0.803, 0.883] [partial: 1/487 tiles unprocessed]
INFO:   25m: F1=0.495 [0.441, 0.550], P=0.347 [0.297, 0.401], R=0.864 [0.825, 0.899] [partial: 1/487 tiles unprocessed]
INFO:   30m: F1=0.504 [0.449, 0.559], P=0.353 [0.303, 0.408], R=0.880 [0.847, 0.911] [partial: 1/487 tiles unprocessed]
INFO:   35m: F1=0.512 [0.457, 0.567], P=0.359 [0.307, 0.414], R=0.894 [0.863, 0.922] [partial: 1/487 tiles unprocessed]
INFO:   40m: F1=0.517 [0.462, 0.573], P=0.363 [0.311, 0.418], R=0.903 [0.873, 0.930] [partial: 1/487 tiles unprocessed]
INFO:   45m: F1=0.519 [0.463, 0.574], P=0.363 [0.311, 0.419], R=0.906 [0.876, 0.932] [partial: 1/487 tiles unprocessed]
INFO:   50m: F1=0.519 [0.463, 0.574], P=0.363 [0.311, 0.419], R=0.906 [0.876, 0.932] [partial: 1/487 tiles unprocessed]
INFO:   75m: F1=0.520 [0.464, 0.576], P=0.364 [0.312, 0.420], R=0.908 [0.879, 0.934] [partial: 1/487 tiles unprocessed]
INFO:   100m: F1=0.521 [0.465, 0.577], P=0.365 [0.313, 0.421], R=0.910 [0.881, 0.936] [partial: 1/487 tiles unprocessed]
INFO:   125m: F1=0.521 [0.465, 0.577], P=0.365 [0.313, 0.421], R=0.910 [0.881, 0.936] [partial: 1/487 tiles unprocessed]
INFO:   150m: F1=0.523 [0.467, 0.578], P=0.366 [0.314, 0.422], R=0.913 [0.883, 0.938] [partial: 1/487 tiles unprocessed]
INFO:   MCC=0.074 [0.041, 0.113], Sens=1.000, Spec=0.012
INFO: JSON written: results/uplift-supplement/k1-gapfill/pv-diag-384__flash-minimal-text-n30-t07-text-t1_0-consensus-n5-5of5/evaluation.json
INFO: CSV written: results/uplift-supplement/k1-gapfill/pv-diag-384__flash-minimal-text-n30-t07-text-t1_0-consensus-n5-5of5/evaluation.csv
INFO: Markdown written: results/uplift-supplement/k1-gapfill/pv-diag-384__flash-minimal-text-n30-t07-text-t1_0-consensus-n5-5of5/evaluation.md
INFO: Detection files: 1
INFO: Loading ground truth: inputs/vectors/references/mounds-reference.geojson
INFO: Loading bounds: inputs/vectors/bounds/384/full_evaluation_bounds.geojson
INFO: Reference: 569 mounds, 487 evaluation tiles
INFO: Evaluating: detections-library_plus-hp-3-flash-2026-04-16.geojson
INFO:   5m: F1=0.139 [0.111, 0.171], P=0.107 [0.085, 0.134], R=0.198 [0.158, 0.240] [partial: 1/487 tiles unprocessed]
INFO:   10m: F1=0.349 [0.308, 0.394], P=0.269 [0.233, 0.311], R=0.497 [0.444, 0.549] [partial: 1/487 tiles unprocessed]
INFO:   15m: F1=0.512 [0.466, 0.558], P=0.395 [0.350, 0.441], R=0.729 [0.675, 0.774] [partial: 1/487 tiles unprocessed]
INFO:   20m: F1=0.565 [0.519, 0.611], P=0.436 [0.389, 0.483], R=0.805 [0.754, 0.844] [partial: 1/487 tiles unprocessed]
INFO:   25m: F1=0.601 [0.557, 0.644], P=0.463 [0.416, 0.510], R=0.855 [0.815, 0.888] [partial: 1/487 tiles unprocessed]
INFO:   30m: F1=0.620 [0.577, 0.663], P=0.478 [0.431, 0.526], R=0.883 [0.845, 0.913] [partial: 1/487 tiles unprocessed]
INFO:   35m: F1=0.635 [0.592, 0.676], P=0.489 [0.443, 0.537], R=0.903 [0.866, 0.931] [partial: 1/487 tiles unprocessed]
INFO:   40m: F1=0.641 [0.599, 0.682], P=0.494 [0.447, 0.542], R=0.913 [0.880, 0.939] [partial: 1/487 tiles unprocessed]
INFO:   45m: F1=0.643 [0.601, 0.684], P=0.496 [0.449, 0.543], R=0.915 [0.884, 0.940] [partial: 1/487 tiles unprocessed]
INFO:   50m: F1=0.645 [0.602, 0.685], P=0.497 [0.449, 0.545], R=0.917 [0.887, 0.942] [partial: 1/487 tiles unprocessed]
INFO:   75m: F1=0.653 [0.609, 0.694], P=0.503 [0.455, 0.551], R=0.929 [0.898, 0.952] [partial: 1/487 tiles unprocessed]
INFO:   100m: F1=0.658 [0.614, 0.698], P=0.507 [0.459, 0.555], R=0.936 [0.907, 0.957] [partial: 1/487 tiles unprocessed]
INFO:   125m: F1=0.659 [0.616, 0.699], P=0.508 [0.460, 0.556], R=0.938 [0.910, 0.959] [partial: 1/487 tiles unprocessed]
INFO:   150m: F1=0.659 [0.616, 0.699], P=0.508 [0.460, 0.556], R=0.938 [0.910, 0.959] [partial: 1/487 tiles unprocessed]
INFO:   MCC=0.210 [0.167, 0.257], Sens=1.000, Spec=0.089
INFO: JSON written: results/uplift-supplement/k1-gapfill/pv-diag-384__image-n5-image-t0_3-consensus-10of10/evaluation.json
INFO: CSV written: results/uplift-supplement/k1-gapfill/pv-diag-384__image-n5-image-t0_3-consensus-10of10/evaluation.csv
INFO: Markdown written: results/uplift-supplement/k1-gapfill/pv-diag-384__image-n5-image-t0_3-consensus-10of10/evaluation.md
INFO: Detection files: 1
INFO: Loading ground truth: inputs/vectors/references/mounds-reference.geojson
INFO: Loading bounds: inputs/vectors/bounds/384/full_evaluation_bounds.geojson
INFO: Reference: 569 mounds, 487 evaluation tiles
INFO: Evaluating: detections-library_plus-hp-3-flash-2026-04-16.geojson
INFO:   5m: F1=0.139 [0.111, 0.171], P=0.107 [0.085, 0.134], R=0.198 [0.158, 0.240] [partial: 1/487 tiles unprocessed]
INFO:   10m: F1=0.349 [0.308, 0.394], P=0.269 [0.233, 0.311], R=0.497 [0.444, 0.549] [partial: 1/487 tiles unprocessed]
INFO:   15m: F1=0.512 [0.466, 0.558], P=0.395 [0.350, 0.441], R=0.729 [0.675, 0.774] [partial: 1/487 tiles unprocessed]
INFO:   20m: F1=0.565 [0.519, 0.611], P=0.436 [0.389, 0.483], R=0.805 [0.754, 0.844] [partial: 1/487 tiles unprocessed]
INFO:   25m: F1=0.601 [0.557, 0.644], P=0.463 [0.416, 0.510], R=0.855 [0.815, 0.888] [partial: 1/487 tiles unprocessed]
INFO:   30m: F1=0.620 [0.577, 0.663], P=0.478 [0.431, 0.526], R=0.883 [0.845, 0.913] [partial: 1/487 tiles unprocessed]
INFO:   35m: F1=0.635 [0.592, 0.676], P=0.489 [0.443, 0.537], R=0.903 [0.866, 0.931] [partial: 1/487 tiles unprocessed]
INFO:   40m: F1=0.641 [0.599, 0.682], P=0.494 [0.447, 0.542], R=0.913 [0.880, 0.939] [partial: 1/487 tiles unprocessed]
INFO:   45m: F1=0.643 [0.601, 0.684], P=0.496 [0.449, 0.543], R=0.915 [0.884, 0.940] [partial: 1/487 tiles unprocessed]
INFO:   50m: F1=0.645 [0.602, 0.685], P=0.497 [0.449, 0.545], R=0.917 [0.887, 0.942] [partial: 1/487 tiles unprocessed]
INFO:   75m: F1=0.653 [0.609, 0.694], P=0.503 [0.455, 0.551], R=0.929 [0.898, 0.952] [partial: 1/487 tiles unprocessed]
INFO:   100m: F1=0.658 [0.614, 0.698], P=0.507 [0.459, 0.555], R=0.936 [0.907, 0.957] [partial: 1/487 tiles unprocessed]
INFO:   125m: F1=0.659 [0.616, 0.699], P=0.508 [0.460, 0.556], R=0.938 [0.910, 0.959] [partial: 1/487 tiles unprocessed]
INFO:   150m: F1=0.659 [0.616, 0.699], P=0.508 [0.460, 0.556], R=0.938 [0.910, 0.959] [partial: 1/487 tiles unprocessed]
INFO:   MCC=0.210 [0.167, 0.257], Sens=1.000, Spec=0.089
INFO: JSON written: results/uplift-supplement/k1-gapfill/pv-diag-384__image-n5-image-t0_3-consensus-n5-5of5/evaluation.json
INFO: CSV written: results/uplift-supplement/k1-gapfill/pv-diag-384__image-n5-image-t0_3-consensus-n5-5of5/evaluation.csv
INFO: Markdown written: results/uplift-supplement/k1-gapfill/pv-diag-384__image-n5-image-t0_3-consensus-n5-5of5/evaluation.md
INFO: Detection files: 1
INFO: Loading ground truth: inputs/vectors/references/mounds-reference.geojson
INFO: Loading bounds: inputs/vectors/bounds/384/full_evaluation_bounds.geojson
INFO: Reference: 569 mounds, 487 evaluation tiles
INFO: Evaluating: detections_image-t0.7_run01.geojson
INFO:   5m: F1=0.136 [0.109, 0.168], P=0.107 [0.085, 0.133], R=0.186 [0.150, 0.228] [partial: 1/487 tiles unprocessed]
INFO:   10m: F1=0.345 [0.302, 0.395], P=0.272 [0.233, 0.317], R=0.474 [0.418, 0.533] [partial: 1/487 tiles unprocessed]
INFO:   15m: F1=0.488 [0.444, 0.535], P=0.384 [0.342, 0.430], R=0.669 [0.618, 0.719] [partial: 1/487 tiles unprocessed]
INFO:   20m: F1=0.560 [0.518, 0.604], P=0.441 [0.397, 0.488], R=0.768 [0.722, 0.809] [partial: 1/487 tiles unprocessed]
INFO:   25m: F1=0.600 [0.559, 0.643], P=0.472 [0.429, 0.518], R=0.823 [0.782, 0.860] [partial: 1/487 tiles unprocessed]
INFO:   30m: F1=0.622 [0.583, 0.662], P=0.489 [0.446, 0.534], R=0.853 [0.816, 0.885] [partial: 1/487 tiles unprocessed]
INFO:   35m: F1=0.632 [0.593, 0.671], P=0.497 [0.454, 0.543], R=0.867 [0.832, 0.897] [partial: 1/487 tiles unprocessed]
INFO:   40m: F1=0.650 [0.611, 0.689], P=0.512 [0.467, 0.557], R=0.892 [0.860, 0.918] [partial: 1/487 tiles unprocessed]
INFO:   45m: F1=0.654 [0.615, 0.693], P=0.515 [0.470, 0.560], R=0.897 [0.865, 0.922] [partial: 1/487 tiles unprocessed]
INFO:   50m: F1=0.661 [0.621, 0.699], P=0.520 [0.474, 0.566], R=0.906 [0.875, 0.931] [partial: 1/487 tiles unprocessed]
INFO:   75m: F1=0.672 [0.632, 0.710], P=0.529 [0.482, 0.576], R=0.922 [0.892, 0.945] [partial: 1/487 tiles unprocessed]
INFO:   100m: F1=0.676 [0.635, 0.715], P=0.532 [0.485, 0.579], R=0.926 [0.897, 0.950] [partial: 1/487 tiles unprocessed]
INFO:   125m: F1=0.677 [0.637, 0.716], P=0.533 [0.486, 0.580], R=0.929 [0.899, 0.952] [partial: 1/487 tiles unprocessed]
INFO:   150m: F1=0.677 [0.637, 0.716], P=0.533 [0.486, 0.580], R=0.929 [0.899, 0.952] [partial: 1/487 tiles unprocessed]
INFO:   MCC=0.323 [0.272, 0.374], Sens=0.996, Spec=0.209
INFO: JSON written: results/uplift-supplement/k1-gapfill/pv-diag-384__image-n5-image-t0_7-consensus-8of10/evaluation.json
INFO: CSV written: results/uplift-supplement/k1-gapfill/pv-diag-384__image-n5-image-t0_7-consensus-8of10/evaluation.csv
INFO: Markdown written: results/uplift-supplement/k1-gapfill/pv-diag-384__image-n5-image-t0_7-consensus-8of10/evaluation.md
INFO: Detection files: 1
INFO: Loading ground truth: inputs/vectors/references/mounds-reference.geojson
INFO: Loading bounds: inputs/vectors/bounds/384/full_evaluation_bounds.geojson
INFO: Reference: 569 mounds, 487 evaluation tiles
INFO: Evaluating: detections_image-t0.7_run01.geojson
INFO:   5m: F1=0.136 [0.109, 0.168], P=0.107 [0.085, 0.133], R=0.186 [0.150, 0.228] [partial: 1/487 tiles unprocessed]
INFO:   10m: F1=0.345 [0.302, 0.395], P=0.272 [0.233, 0.317], R=0.474 [0.418, 0.533] [partial: 1/487 tiles unprocessed]
INFO:   15m: F1=0.488 [0.444, 0.535], P=0.384 [0.342, 0.430], R=0.669 [0.618, 0.719] [partial: 1/487 tiles unprocessed]
INFO:   20m: F1=0.560 [0.518, 0.604], P=0.441 [0.397, 0.488], R=0.768 [0.722, 0.809] [partial: 1/487 tiles unprocessed]
INFO:   25m: F1=0.600 [0.559, 0.643], P=0.472 [0.429, 0.518], R=0.823 [0.782, 0.860] [partial: 1/487 tiles unprocessed]
INFO:   30m: F1=0.622 [0.583, 0.662], P=0.489 [0.446, 0.534], R=0.853 [0.816, 0.885] [partial: 1/487 tiles unprocessed]
INFO:   35m: F1=0.632 [0.593, 0.671], P=0.497 [0.454, 0.543], R=0.867 [0.832, 0.897] [partial: 1/487 tiles unprocessed]
INFO:   40m: F1=0.650 [0.611, 0.689], P=0.512 [0.467, 0.557], R=0.892 [0.860, 0.918] [partial: 1/487 tiles unprocessed]
INFO:   45m: F1=0.654 [0.615, 0.693], P=0.515 [0.470, 0.560], R=0.897 [0.865, 0.922] [partial: 1/487 tiles unprocessed]
INFO:   50m: F1=0.661 [0.621, 0.699], P=0.520 [0.474, 0.566], R=0.906 [0.875, 0.931] [partial: 1/487 tiles unprocessed]
INFO:   75m: F1=0.672 [0.632, 0.710], P=0.529 [0.482, 0.576], R=0.922 [0.892, 0.945] [partial: 1/487 tiles unprocessed]
INFO:   100m: F1=0.676 [0.635, 0.715], P=0.532 [0.485, 0.579], R=0.926 [0.897, 0.950] [partial: 1/487 tiles unprocessed]
INFO:   125m: F1=0.677 [0.637, 0.716], P=0.533 [0.486, 0.580], R=0.929 [0.899, 0.952] [partial: 1/487 tiles unprocessed]
INFO:   150m: F1=0.677 [0.637, 0.716], P=0.533 [0.486, 0.580], R=0.929 [0.899, 0.952] [partial: 1/487 tiles unprocessed]
INFO:   MCC=0.323 [0.272, 0.374], Sens=0.996, Spec=0.209
INFO: JSON written: results/uplift-supplement/k1-gapfill/pv-diag-384__image-n5-image-t0_7-consensus-n5-4of5/evaluation.json
INFO: CSV written: results/uplift-supplement/k1-gapfill/pv-diag-384__image-n5-image-t0_7-consensus-n5-4of5/evaluation.csv
INFO: Markdown written: results/uplift-supplement/k1-gapfill/pv-diag-384__image-n5-image-t0_7-consensus-n5-4of5/evaluation.md
INFO: Detection files: 1
INFO: Loading ground truth: inputs/vectors/references/mounds-reference.geojson
INFO: Loading bounds: inputs/vectors/bounds/384/full_evaluation_bounds.geojson
INFO: Reference: 569 mounds, 487 evaluation tiles
INFO: Evaluating: detections-library_plus-hp-3-flash-2026-04-16.geojson
INFO:   5m: F1=0.109 [0.084, 0.143], P=0.083 [0.063, 0.109], R=0.161 [0.124, 0.209] [partial: 1/487 tiles unprocessed]
INFO:   10m: F1=0.287 [0.249, 0.330], P=0.217 [0.185, 0.255], R=0.423 [0.370, 0.479] [partial: 1/487 tiles unprocessed]
INFO:   15m: F1=0.436 [0.390, 0.483], P=0.330 [0.287, 0.374], R=0.644 [0.588, 0.694] [partial: 1/487 tiles unprocessed]
INFO:   20m: F1=0.510 [0.462, 0.555], P=0.386 [0.339, 0.431], R=0.752 [0.701, 0.796] [partial: 1/487 tiles unprocessed]
INFO:   25m: F1=0.552 [0.505, 0.596], P=0.417 [0.369, 0.465], R=0.814 [0.768, 0.852] [partial: 1/487 tiles unprocessed]
INFO:   30m: F1=0.577 [0.530, 0.621], P=0.436 [0.388, 0.484], R=0.851 [0.809, 0.885] [partial: 1/487 tiles unprocessed]
INFO:   35m: F1=0.591 [0.544, 0.634], P=0.447 [0.398, 0.494], R=0.871 [0.836, 0.901] [partial: 1/487 tiles unprocessed]
INFO:   40m: F1=0.599 [0.553, 0.642], P=0.453 [0.403, 0.500], R=0.883 [0.849, 0.911] [partial: 1/487 tiles unprocessed]
INFO:   45m: F1=0.608 [0.563, 0.650], P=0.460 [0.410, 0.507], R=0.897 [0.864, 0.924] [partial: 1/487 tiles unprocessed]
INFO:   50m: F1=0.616 [0.568, 0.659], P=0.466 [0.415, 0.514], R=0.908 [0.877, 0.934] [partial: 1/487 tiles unprocessed]
INFO:   75m: F1=0.620 [0.573, 0.664], P=0.469 [0.417, 0.518], R=0.915 [0.883, 0.940] [partial: 1/487 tiles unprocessed]
INFO:   100m: F1=0.628 [0.580, 0.672], P=0.475 [0.423, 0.525], R=0.926 [0.896, 0.949] [partial: 1/487 tiles unprocessed]
INFO:   125m: F1=0.631 [0.583, 0.675], P=0.478 [0.425, 0.528], R=0.931 [0.901, 0.954] [partial: 1/487 tiles unprocessed]
INFO:   150m: F1=0.633 [0.585, 0.677], P=0.479 [0.426, 0.529], R=0.933 [0.905, 0.955] [partial: 1/487 tiles unprocessed]
INFO:   MCC=0.197 [0.132, 0.251], Sens=0.991, Spec=0.101
INFO: JSON written: results/uplift-supplement/k1-gapfill/pv-diag-384__image-n5-image-t1_0-consensus-8of10/evaluation.json
INFO: CSV written: results/uplift-supplement/k1-gapfill/pv-diag-384__image-n5-image-t1_0-consensus-8of10/evaluation.csv
INFO: Markdown written: results/uplift-supplement/k1-gapfill/pv-diag-384__image-n5-image-t1_0-consensus-8of10/evaluation.md
INFO: Detection files: 1
INFO: Loading ground truth: inputs/vectors/references/mounds-reference.geojson
INFO: Loading bounds: inputs/vectors/bounds/384/full_evaluation_bounds.geojson
INFO: Reference: 569 mounds, 487 evaluation tiles
INFO: Evaluating: detections-library_plus-hp-3-flash-2026-04-16.geojson
INFO:   5m: F1=0.109 [0.084, 0.143], P=0.083 [0.063, 0.109], R=0.161 [0.124, 0.209] [partial: 1/487 tiles unprocessed]
INFO:   10m: F1=0.287 [0.249, 0.330], P=0.217 [0.185, 0.255], R=0.423 [0.370, 0.479] [partial: 1/487 tiles unprocessed]
INFO:   15m: F1=0.436 [0.390, 0.483], P=0.330 [0.287, 0.374], R=0.644 [0.588, 0.694] [partial: 1/487 tiles unprocessed]
INFO:   20m: F1=0.510 [0.462, 0.555], P=0.386 [0.339, 0.431], R=0.752 [0.701, 0.796] [partial: 1/487 tiles unprocessed]
INFO:   25m: F1=0.552 [0.505, 0.596], P=0.417 [0.369, 0.465], R=0.814 [0.768, 0.852] [partial: 1/487 tiles unprocessed]
INFO:   30m: F1=0.577 [0.530, 0.621], P=0.436 [0.388, 0.484], R=0.851 [0.809, 0.885] [partial: 1/487 tiles unprocessed]
INFO:   35m: F1=0.591 [0.544, 0.634], P=0.447 [0.398, 0.494], R=0.871 [0.836, 0.901] [partial: 1/487 tiles unprocessed]
INFO:   40m: F1=0.599 [0.553, 0.642], P=0.453 [0.403, 0.500], R=0.883 [0.849, 0.911] [partial: 1/487 tiles unprocessed]
INFO:   45m: F1=0.608 [0.563, 0.650], P=0.460 [0.410, 0.507], R=0.897 [0.864, 0.924] [partial: 1/487 tiles unprocessed]
INFO:   50m: F1=0.616 [0.568, 0.659], P=0.466 [0.415, 0.514], R=0.908 [0.877, 0.934] [partial: 1/487 tiles unprocessed]
INFO:   75m: F1=0.620 [0.573, 0.664], P=0.469 [0.417, 0.518], R=0.915 [0.883, 0.940] [partial: 1/487 tiles unprocessed]
INFO:   100m: F1=0.628 [0.580, 0.672], P=0.475 [0.423, 0.525], R=0.926 [0.896, 0.949] [partial: 1/487 tiles unprocessed]
INFO:   125m: F1=0.631 [0.583, 0.675], P=0.478 [0.425, 0.528], R=0.931 [0.901, 0.954] [partial: 1/487 tiles unprocessed]
INFO:   150m: F1=0.633 [0.585, 0.677], P=0.479 [0.426, 0.529], R=0.933 [0.905, 0.955] [partial: 1/487 tiles unprocessed]
INFO:   MCC=0.197 [0.132, 0.251], Sens=0.991, Spec=0.101
INFO: JSON written: results/uplift-supplement/k1-gapfill/pv-diag-384__image-n5-image-t1_0-consensus-n5-4of5/evaluation.json
INFO: CSV written: results/uplift-supplement/k1-gapfill/pv-diag-384__image-n5-image-t1_0-consensus-n5-4of5/evaluation.csv
INFO: Markdown written: results/uplift-supplement/k1-gapfill/pv-diag-384__image-n5-image-t1_0-consensus-n5-4of5/evaluation.md
INFO: Detection files: 1
INFO: Loading ground truth: inputs/vectors/references/mounds-reference.geojson
INFO: Loading bounds: inputs/vectors/bounds/384/h10_test_bounds.geojson
INFO: Reference: 569 mounds, 327 evaluation tiles
INFO: Evaluating: detections-detect_h8_scale-4_v2-3-flash-2026-04-15.geojson
INFO:   5m: F1=0.098 [0.073, 0.129], P=0.075 [0.054, 0.101], R=0.141 [0.106, 0.182]
INFO:   10m: F1=0.270 [0.224, 0.322], P=0.207 [0.166, 0.254], R=0.389 [0.332, 0.449]
INFO:   15m: F1=0.424 [0.366, 0.484], P=0.325 [0.268, 0.383], R=0.611 [0.551, 0.672]
INFO:   20m: F1=0.505 [0.440, 0.565], P=0.387 [0.321, 0.449], R=0.727 [0.669, 0.780]
INFO:   25m: F1=0.540 [0.473, 0.600], P=0.413 [0.345, 0.477], R=0.777 [0.720, 0.827]
INFO:   30m: F1=0.575 [0.506, 0.634], P=0.440 [0.368, 0.506], R=0.828 [0.772, 0.871]
INFO:   35m: F1=0.592 [0.522, 0.652], P=0.453 [0.379, 0.521], R=0.853 [0.798, 0.893]
INFO:   40m: F1=0.596 [0.526, 0.656], P=0.457 [0.382, 0.524], R=0.859 [0.806, 0.897]
INFO:   45m: F1=0.612 [0.541, 0.671], P=0.468 [0.392, 0.536], R=0.881 [0.834, 0.915]
INFO:   50m: F1=0.620 [0.549, 0.679], P=0.475 [0.397, 0.544], R=0.893 [0.852, 0.927]
INFO:   75m: F1=0.631 [0.558, 0.691], P=0.483 [0.405, 0.554], R=0.909 [0.868, 0.941]
INFO:   100m: F1=0.638 [0.565, 0.698], P=0.488 [0.410, 0.560], R=0.918 [0.880, 0.947]
INFO:   125m: F1=0.642 [0.570, 0.703], P=0.492 [0.413, 0.563], R=0.925 [0.889, 0.952]
INFO:   150m: F1=0.644 [0.572, 0.704], P=0.493 [0.414, 0.564], R=0.928 [0.892, 0.955]
INFO:   MCC=0.612 [0.547, 0.675], Sens=0.994, Spec=0.570
INFO: JSON written: results/uplift-supplement/k1-gapfill/h8-v2__verified-scale-4/evaluation.json
INFO: CSV written: results/uplift-supplement/k1-gapfill/h8-v2__verified-scale-4/evaluation.csv
INFO: Markdown written: results/uplift-supplement/k1-gapfill/h8-v2__verified-scale-4/evaluation.md
INFO: Detection files: 1
INFO: Loading ground truth: inputs/vectors/references/mounds-reference.geojson
INFO: Loading bounds: inputs/vectors/bounds/384/h10_test_bounds.geojson
INFO: Reference: 569 mounds, 327 evaluation tiles
INFO: Evaluating: detections-detect_h8_scale-4_v2-3-flash-2026-04-15.geojson
INFO:   5m: F1=0.098 [0.073, 0.129], P=0.075 [0.054, 0.101], R=0.141 [0.106, 0.182]
INFO:   10m: F1=0.270 [0.224, 0.322], P=0.207 [0.166, 0.254], R=0.389 [0.332, 0.449]
INFO:   15m: F1=0.424 [0.366, 0.484], P=0.325 [0.268, 0.383], R=0.611 [0.551, 0.672]
INFO:   20m: F1=0.505 [0.440, 0.565], P=0.387 [0.321, 0.449], R=0.727 [0.669, 0.780]
INFO:   25m: F1=0.540 [0.473, 0.600], P=0.413 [0.345, 0.477], R=0.777 [0.720, 0.827]
INFO:   30m: F1=0.575 [0.506, 0.634], P=0.440 [0.368, 0.506], R=0.828 [0.772, 0.871]
INFO:   35m: F1=0.592 [0.522, 0.652], P=0.453 [0.379, 0.521], R=0.853 [0.798, 0.893]
INFO:   40m: F1=0.596 [0.526, 0.656], P=0.457 [0.382, 0.524], R=0.859 [0.806, 0.897]
INFO:   45m: F1=0.612 [0.541, 0.671], P=0.468 [0.392, 0.536], R=0.881 [0.834, 0.915]
INFO:   50m: F1=0.620 [0.549, 0.679], P=0.475 [0.397, 0.544], R=0.893 [0.852, 0.927]
INFO:   75m: F1=0.631 [0.558, 0.691], P=0.483 [0.405, 0.554], R=0.909 [0.868, 0.941]
INFO:   100m: F1=0.638 [0.565, 0.698], P=0.488 [0.410, 0.560], R=0.918 [0.880, 0.947]
INFO:   125m: F1=0.642 [0.570, 0.703], P=0.492 [0.413, 0.563], R=0.925 [0.889, 0.952]
INFO:   150m: F1=0.644 [0.572, 0.704], P=0.493 [0.414, 0.564], R=0.928 [0.892, 0.955]
INFO:   MCC=0.612 [0.547, 0.675], Sens=0.994, Spec=0.570
INFO: JSON written: results/uplift-supplement/k1-gapfill/h8-v2__verified-wbf-scale-4/evaluation.json
INFO: CSV written: results/uplift-supplement/k1-gapfill/h8-v2__verified-wbf-scale-4/evaluation.csv
INFO: Markdown written: results/uplift-supplement/k1-gapfill/h8-v2__verified-wbf-scale-4/evaluation.md
INFO: Detection files: 1
INFO: Loading ground truth: inputs/vectors/references/mounds-reference.geojson
INFO: Loading bounds: inputs/vectors/bounds/384/h10_test_bounds.geojson
INFO: Reference: 569 mounds, 327 evaluation tiles
INFO: Evaluating: detections-detect_h8_scale-8_v2-3-flash-2026-04-15.geojson
INFO:   5m: F1=0.079 [0.054, 0.116], P=0.063 [0.043, 0.093], R=0.107 [0.074, 0.155]
INFO:   10m: F1=0.261 [0.213, 0.312], P=0.208 [0.166, 0.254], R=0.351 [0.289, 0.416]
INFO:   15m: F1=0.406 [0.347, 0.465], P=0.323 [0.269, 0.379], R=0.545 [0.474, 0.614]
INFO:   20m: F1=0.501 [0.442, 0.558], P=0.399 [0.341, 0.458], R=0.674 [0.607, 0.736]
INFO:   25m: F1=0.557 [0.499, 0.612], P=0.443 [0.383, 0.502], R=0.749 [0.686, 0.806]
INFO:   30m: F1=0.592 [0.532, 0.646], P=0.471 [0.409, 0.531], R=0.796 [0.735, 0.846]
INFO:   35m: F1=0.611 [0.551, 0.664], P=0.486 [0.423, 0.545], R=0.821 [0.762, 0.867]
INFO:   40m: F1=0.629 [0.570, 0.681], P=0.501 [0.436, 0.559], R=0.846 [0.788, 0.892]
INFO:   45m: F1=0.639 [0.580, 0.690], P=0.508 [0.444, 0.567], R=0.859 [0.807, 0.901]
INFO:   50m: F1=0.655 [0.597, 0.707], P=0.521 [0.456, 0.581], R=0.881 [0.833, 0.919]
INFO:   75m: F1=0.681 [0.622, 0.730], P=0.542 [0.474, 0.602], R=0.915 [0.870, 0.945]
INFO:   100m: F1=0.688 [0.630, 0.738], P=0.547 [0.479, 0.608], R=0.925 [0.880, 0.954]
INFO:   125m: F1=0.690 [0.632, 0.739], P=0.549 [0.481, 0.610], R=0.928 [0.884, 0.956]
INFO:   150m: F1=0.692 [0.634, 0.742], P=0.551 [0.482, 0.611], R=0.931 [0.887, 0.959]
INFO:   MCC=0.641 [0.571, 0.704], Sens=0.987, Spec=0.616
INFO: JSON written: results/uplift-supplement/k1-gapfill/h8-v2__verified-wbf-scale-8/evaluation.json
INFO: CSV written: results/uplift-supplement/k1-gapfill/h8-v2__verified-wbf-scale-8/evaluation.csv
INFO: Markdown written: results/uplift-supplement/k1-gapfill/h8-v2__verified-wbf-scale-8/evaluation.md
INFO: Detection files: 1
INFO: Loading ground truth: inputs/vectors/references/mounds-reference.geojson
INFO: Loading bounds: inputs/vectors/bounds/full_evaluation_bounds.geojson
INFO: Reference: 569 mounds, 340 evaluation tiles
INFO: Evaluating: detections_T0.3_run01.geojson
INFO:   5m: F1=0.140 [0.112, 0.175], P=0.120 [0.095, 0.151], R=0.169 [0.135, 0.209]
INFO:   10m: F1=0.343 [0.300, 0.391], P=0.293 [0.253, 0.338], R=0.414 [0.362, 0.468]
INFO:   15m: F1=0.473 [0.428, 0.519], P=0.404 [0.360, 0.450], R=0.570 [0.516, 0.622]
INFO:   20m: F1=0.580 [0.534, 0.626], P=0.496 [0.448, 0.544], R=0.699 [0.646, 0.748]
INFO:   25m: F1=0.636 [0.592, 0.679], P=0.543 [0.496, 0.591], R=0.766 [0.717, 0.809]
INFO:   30m: F1=0.668 [0.627, 0.708], P=0.571 [0.524, 0.618], R=0.805 [0.761, 0.843]
INFO:   35m: F1=0.691 [0.651, 0.729], P=0.591 [0.542, 0.636], R=0.833 [0.793, 0.868]
INFO:   40m: F1=0.701 [0.660, 0.737], P=0.599 [0.549, 0.643], R=0.844 [0.804, 0.878]
INFO:   45m: F1=0.716 [0.676, 0.751], P=0.612 [0.562, 0.657], R=0.863 [0.823, 0.894]
INFO:   50m: F1=0.727 [0.687, 0.762], P=0.621 [0.571, 0.666], R=0.876 [0.838, 0.906]
INFO:   75m: F1=0.744 [0.705, 0.778], P=0.636 [0.585, 0.680], R=0.896 [0.859, 0.924]
INFO:   100m: F1=0.748 [0.710, 0.782], P=0.639 [0.589, 0.684], R=0.902 [0.864, 0.929]
INFO:   125m: F1=0.750 [0.712, 0.784], P=0.641 [0.590, 0.686], R=0.904 [0.869, 0.930]
INFO:   150m: F1=0.756 [0.718, 0.789], P=0.646 [0.595, 0.690], R=0.911 [0.879, 0.935]
INFO:   MCC=0.178 [0.076, 0.252], Sens=0.995, Spec=0.066
INFO: JSON written: results/uplift-supplement/k1-gapfill/retest-phase3a__image-t0_3-n5-4of5/evaluation.json
INFO: CSV written: results/uplift-supplement/k1-gapfill/retest-phase3a__image-t0_3-n5-4of5/evaluation.csv
INFO: Markdown written: results/uplift-supplement/k1-gapfill/retest-phase3a__image-t0_3-n5-4of5/evaluation.md
INFO: Detection files: 1
INFO: Loading ground truth: inputs/vectors/references/mounds-reference.geojson
INFO: Loading bounds: inputs/vectors/bounds/full_evaluation_bounds.geojson
INFO: Reference: 569 mounds, 340 evaluation tiles
INFO: Evaluating: detections_T0.3_run01.geojson
INFO:   5m: F1=0.140 [0.112, 0.175], P=0.120 [0.095, 0.151], R=0.169 [0.135, 0.209]
INFO:   10m: F1=0.343 [0.300, 0.391], P=0.293 [0.253, 0.338], R=0.414 [0.362, 0.468]
INFO:   15m: F1=0.473 [0.428, 0.519], P=0.404 [0.360, 0.450], R=0.570 [0.516, 0.622]
INFO:   20m: F1=0.580 [0.534, 0.626], P=0.496 [0.448, 0.544], R=0.699 [0.646, 0.748]
INFO:   25m: F1=0.636 [0.592, 0.679], P=0.543 [0.496, 0.591], R=0.766 [0.717, 0.809]
INFO:   30m: F1=0.668 [0.627, 0.708], P=0.571 [0.524, 0.618], R=0.805 [0.761, 0.843]
INFO:   35m: F1=0.691 [0.651, 0.729], P=0.591 [0.542, 0.636], R=0.833 [0.793, 0.868]
INFO:   40m: F1=0.701 [0.660, 0.737], P=0.599 [0.549, 0.643], R=0.844 [0.804, 0.878]
INFO:   45m: F1=0.716 [0.676, 0.751], P=0.612 [0.562, 0.657], R=0.863 [0.823, 0.894]
INFO:   50m: F1=0.727 [0.687, 0.762], P=0.621 [0.571, 0.666], R=0.876 [0.838, 0.906]
INFO:   75m: F1=0.744 [0.705, 0.778], P=0.636 [0.585, 0.680], R=0.896 [0.859, 0.924]
INFO:   100m: F1=0.748 [0.710, 0.782], P=0.639 [0.589, 0.684], R=0.902 [0.864, 0.929]
INFO:   125m: F1=0.750 [0.712, 0.784], P=0.641 [0.590, 0.686], R=0.904 [0.869, 0.930]
INFO:   150m: F1=0.756 [0.718, 0.789], P=0.646 [0.595, 0.690], R=0.911 [0.879, 0.935]
INFO:   MCC=0.178 [0.076, 0.252], Sens=0.995, Spec=0.066
INFO: JSON written: results/uplift-supplement/k1-gapfill/retest-phase3a__image-t0_3-n10-8of10/evaluation.json
INFO: CSV written: results/uplift-supplement/k1-gapfill/retest-phase3a__image-t0_3-n10-8of10/evaluation.csv
INFO: Markdown written: results/uplift-supplement/k1-gapfill/retest-phase3a__image-t0_3-n10-8of10/evaluation.md
INFO: Detection files: 1
INFO: Loading ground truth: inputs/vectors/references/mounds-reference.geojson
INFO: Loading bounds: inputs/vectors/bounds/full_evaluation_bounds.geojson
INFO: Reference: 569 mounds, 340 evaluation tiles
INFO: Evaluating: detections_T0.3_run01.geojson
INFO:   5m: F1=0.140 [0.112, 0.175], P=0.120 [0.095, 0.151], R=0.169 [0.135, 0.209]
INFO:   10m: F1=0.343 [0.300, 0.391], P=0.293 [0.253, 0.338], R=0.414 [0.362, 0.468]
INFO:   15m: F1=0.473 [0.428, 0.519], P=0.404 [0.360, 0.450], R=0.570 [0.516, 0.622]
INFO:   20m: F1=0.580 [0.534, 0.626], P=0.496 [0.448, 0.544], R=0.699 [0.646, 0.748]
INFO:   25m: F1=0.636 [0.592, 0.679], P=0.543 [0.496, 0.591], R=0.766 [0.717, 0.809]
INFO:   30m: F1=0.668 [0.627, 0.708], P=0.571 [0.524, 0.618], R=0.805 [0.761, 0.843]
INFO:   35m: F1=0.691 [0.651, 0.729], P=0.591 [0.542, 0.636], R=0.833 [0.793, 0.868]
INFO:   40m: F1=0.701 [0.660, 0.737], P=0.599 [0.549, 0.643], R=0.844 [0.804, 0.878]
INFO:   45m: F1=0.716 [0.676, 0.751], P=0.612 [0.562, 0.657], R=0.863 [0.823, 0.894]
INFO:   50m: F1=0.727 [0.687, 0.762], P=0.621 [0.571, 0.666], R=0.876 [0.838, 0.906]
INFO:   75m: F1=0.744 [0.705, 0.778], P=0.636 [0.585, 0.680], R=0.896 [0.859, 0.924]
INFO:   100m: F1=0.748 [0.710, 0.782], P=0.639 [0.589, 0.684], R=0.902 [0.864, 0.929]
INFO:   125m: F1=0.750 [0.712, 0.784], P=0.641 [0.590, 0.686], R=0.904 [0.869, 0.930]
INFO:   150m: F1=0.756 [0.718, 0.789], P=0.646 [0.595, 0.690], R=0.911 [0.879, 0.935]
INFO:   MCC=0.178 [0.076, 0.252], Sens=0.995, Spec=0.066
INFO: JSON written: results/uplift-supplement/k1-gapfill/retest-phase3a__image-t0_3-n30-22of30/evaluation.json
INFO: CSV written: results/uplift-supplement/k1-gapfill/retest-phase3a__image-t0_3-n30-22of30/evaluation.csv
INFO: Markdown written: results/uplift-supplement/k1-gapfill/retest-phase3a__image-t0_3-n30-22of30/evaluation.md
INFO: Detection files: 1
INFO: Loading ground truth: inputs/vectors/references/mounds-reference.geojson
INFO: Loading bounds: inputs/vectors/bounds/full_evaluation_bounds.geojson
INFO: Reference: 569 mounds, 340 evaluation tiles
INFO: Evaluating: detections_T0.7_run01.geojson
INFO:   5m: F1=0.099 [0.075, 0.131], P=0.084 [0.064, 0.112], R=0.121 [0.092, 0.159] [partial: 2/340 tiles unprocessed]
INFO:   10m: F1=0.306 [0.267, 0.354], P=0.259 [0.224, 0.304], R=0.373 [0.324, 0.429] [partial: 2/340 tiles unprocessed]
INFO:   15m: F1=0.460 [0.416, 0.510], P=0.390 [0.348, 0.439], R=0.560 [0.507, 0.615] [partial: 2/340 tiles unprocessed]
INFO:   20m: F1=0.560 [0.515, 0.607], P=0.475 [0.430, 0.525], R=0.683 [0.629, 0.733] [partial: 2/340 tiles unprocessed]
INFO:   25m: F1=0.615 [0.573, 0.660], P=0.521 [0.477, 0.570], R=0.750 [0.698, 0.793] [partial: 2/340 tiles unprocessed]
INFO:   30m: F1=0.651 [0.611, 0.693], P=0.552 [0.508, 0.599], R=0.794 [0.748, 0.834] [partial: 2/340 tiles unprocessed]
INFO:   35m: F1=0.670 [0.631, 0.710], P=0.568 [0.524, 0.615], R=0.816 [0.771, 0.855] [partial: 2/340 tiles unprocessed]
INFO:   40m: F1=0.693 [0.655, 0.729], P=0.587 [0.542, 0.632], R=0.844 [0.803, 0.878] [partial: 2/340 tiles unprocessed]
INFO:   45m: F1=0.700 [0.663, 0.737], P=0.594 [0.548, 0.639], R=0.853 [0.818, 0.885] [partial: 2/340 tiles unprocessed]
INFO:   50m: F1=0.706 [0.669, 0.742], P=0.599 [0.553, 0.644], R=0.861 [0.826, 0.891] [partial: 2/340 tiles unprocessed]
INFO:   75m: F1=0.731 [0.693, 0.765], P=0.619 [0.573, 0.665], R=0.891 [0.857, 0.919] [partial: 2/340 tiles unprocessed]
INFO:   100m: F1=0.738 [0.700, 0.773], P=0.626 [0.578, 0.671], R=0.900 [0.867, 0.926] [partial: 2/340 tiles unprocessed]
INFO:   125m: F1=0.741 [0.704, 0.776], P=0.628 [0.581, 0.673], R=0.904 [0.871, 0.929] [partial: 2/340 tiles unprocessed]
INFO:   150m: F1=0.746 [0.709, 0.779], P=0.632 [0.585, 0.677], R=0.909 [0.880, 0.933] [partial: 2/340 tiles unprocessed]
INFO:   MCC=0.213 [0.149, 0.288], Sens=1.000, Spec=0.074
INFO: JSON written: results/uplift-supplement/k1-gapfill/retest-phase3a__image-t0_7-n5-4of5/evaluation.json
INFO: CSV written: results/uplift-supplement/k1-gapfill/retest-phase3a__image-t0_7-n5-4of5/evaluation.csv
INFO: Markdown written: results/uplift-supplement/k1-gapfill/retest-phase3a__image-t0_7-n5-4of5/evaluation.md
INFO: Detection files: 1
INFO: Loading ground truth: inputs/vectors/references/mounds-reference.geojson
INFO: Loading bounds: inputs/vectors/bounds/full_evaluation_bounds.geojson
INFO: Reference: 569 mounds, 340 evaluation tiles
INFO: Evaluating: detections_T0.7_run01.geojson
INFO:   5m: F1=0.099 [0.075, 0.131], P=0.084 [0.064, 0.112], R=0.121 [0.092, 0.159] [partial: 2/340 tiles unprocessed]
INFO:   10m: F1=0.306 [0.267, 0.354], P=0.259 [0.224, 0.304], R=0.373 [0.324, 0.429] [partial: 2/340 tiles unprocessed]
INFO:   15m: F1=0.460 [0.416, 0.510], P=0.390 [0.348, 0.439], R=0.560 [0.507, 0.615] [partial: 2/340 tiles unprocessed]
INFO:   20m: F1=0.560 [0.515, 0.607], P=0.475 [0.430, 0.525], R=0.683 [0.629, 0.733] [partial: 2/340 tiles unprocessed]
INFO:   25m: F1=0.615 [0.573, 0.660], P=0.521 [0.477, 0.570], R=0.750 [0.698, 0.793] [partial: 2/340 tiles unprocessed]
INFO:   30m: F1=0.651 [0.611, 0.693], P=0.552 [0.508, 0.599], R=0.794 [0.748, 0.834] [partial: 2/340 tiles unprocessed]
INFO:   35m: F1=0.670 [0.631, 0.710], P=0.568 [0.524, 0.615], R=0.816 [0.771, 0.855] [partial: 2/340 tiles unprocessed]
INFO:   40m: F1=0.693 [0.655, 0.729], P=0.587 [0.542, 0.632], R=0.844 [0.803, 0.878] [partial: 2/340 tiles unprocessed]
INFO:   45m: F1=0.700 [0.663, 0.737], P=0.594 [0.548, 0.639], R=0.853 [0.818, 0.885] [partial: 2/340 tiles unprocessed]
INFO:   50m: F1=0.706 [0.669, 0.742], P=0.599 [0.553, 0.644], R=0.861 [0.826, 0.891] [partial: 2/340 tiles unprocessed]
INFO:   75m: F1=0.731 [0.693, 0.765], P=0.619 [0.573, 0.665], R=0.891 [0.857, 0.919] [partial: 2/340 tiles unprocessed]
INFO:   100m: F1=0.738 [0.700, 0.773], P=0.626 [0.578, 0.671], R=0.900 [0.867, 0.926] [partial: 2/340 tiles unprocessed]
INFO:   125m: F1=0.741 [0.704, 0.776], P=0.628 [0.581, 0.673], R=0.904 [0.871, 0.929] [partial: 2/340 tiles unprocessed]
INFO:   150m: F1=0.746 [0.709, 0.779], P=0.632 [0.585, 0.677], R=0.909 [0.880, 0.933] [partial: 2/340 tiles unprocessed]
INFO:   MCC=0.213 [0.149, 0.288], Sens=1.000, Spec=0.074
INFO: JSON written: results/uplift-supplement/k1-gapfill/retest-phase3a__image-t0_7-n10-7of10/evaluation.json
INFO: CSV written: results/uplift-supplement/k1-gapfill/retest-phase3a__image-t0_7-n10-7of10/evaluation.csv
INFO: Markdown written: results/uplift-supplement/k1-gapfill/retest-phase3a__image-t0_7-n10-7of10/evaluation.md
INFO: Detection files: 1
INFO: Loading ground truth: inputs/vectors/references/mounds-reference.geojson
INFO: Loading bounds: inputs/vectors/bounds/full_evaluation_bounds.geojson
INFO: Reference: 569 mounds, 340 evaluation tiles
INFO: Evaluating: detections_T0.7_run01.geojson
INFO:   5m: F1=0.099 [0.075, 0.131], P=0.084 [0.064, 0.112], R=0.121 [0.092, 0.159] [partial: 2/340 tiles unprocessed]
INFO:   10m: F1=0.306 [0.267, 0.354], P=0.259 [0.224, 0.304], R=0.373 [0.324, 0.429] [partial: 2/340 tiles unprocessed]
INFO:   15m: F1=0.460 [0.416, 0.510], P=0.390 [0.348, 0.439], R=0.560 [0.507, 0.615] [partial: 2/340 tiles unprocessed]
INFO:   20m: F1=0.560 [0.515, 0.607], P=0.475 [0.430, 0.525], R=0.683 [0.629, 0.733] [partial: 2/340 tiles unprocessed]
INFO:   25m: F1=0.615 [0.573, 0.660], P=0.521 [0.477, 0.570], R=0.750 [0.698, 0.793] [partial: 2/340 tiles unprocessed]
INFO:   30m: F1=0.651 [0.611, 0.693], P=0.552 [0.508, 0.599], R=0.794 [0.748, 0.834] [partial: 2/340 tiles unprocessed]
INFO:   35m: F1=0.670 [0.631, 0.710], P=0.568 [0.524, 0.615], R=0.816 [0.771, 0.855] [partial: 2/340 tiles unprocessed]
INFO:   40m: F1=0.693 [0.655, 0.729], P=0.587 [0.542, 0.632], R=0.844 [0.803, 0.878] [partial: 2/340 tiles unprocessed]
INFO:   45m: F1=0.700 [0.663, 0.737], P=0.594 [0.548, 0.639], R=0.853 [0.818, 0.885] [partial: 2/340 tiles unprocessed]
INFO:   50m: F1=0.706 [0.669, 0.742], P=0.599 [0.553, 0.644], R=0.861 [0.826, 0.891] [partial: 2/340 tiles unprocessed]
INFO:   75m: F1=0.731 [0.693, 0.765], P=0.619 [0.573, 0.665], R=0.891 [0.857, 0.919] [partial: 2/340 tiles unprocessed]
INFO:   100m: F1=0.738 [0.700, 0.773], P=0.626 [0.578, 0.671], R=0.900 [0.867, 0.926] [partial: 2/340 tiles unprocessed]
INFO:   125m: F1=0.741 [0.704, 0.776], P=0.628 [0.581, 0.673], R=0.904 [0.871, 0.929] [partial: 2/340 tiles unprocessed]
INFO:   150m: F1=0.746 [0.709, 0.779], P=0.632 [0.585, 0.677], R=0.909 [0.880, 0.933] [partial: 2/340 tiles unprocessed]
INFO:   MCC=0.213 [0.149, 0.288], Sens=1.000, Spec=0.074
INFO: JSON written: results/uplift-supplement/k1-gapfill/retest-phase3a__image-t0_7-n30-18of30/evaluation.json
INFO: CSV written: results/uplift-supplement/k1-gapfill/retest-phase3a__image-t0_7-n30-18of30/evaluation.csv
INFO: Markdown written: results/uplift-supplement/k1-gapfill/retest-phase3a__image-t0_7-n30-18of30/evaluation.md
INFO: Detection files: 1
INFO: Loading ground truth: inputs/vectors/references/mounds-reference.geojson
INFO: Loading bounds: inputs/vectors/bounds/full_evaluation_bounds.geojson
INFO: Reference: 569 mounds, 340 evaluation tiles
INFO: Evaluating: detections_T1.0_run01.geojson
INFO:   5m: F1=0.093 [0.068, 0.125], P=0.078 [0.057, 0.106], R=0.115 [0.085, 0.153] [partial: 1/340 tiles unprocessed]
INFO:   10m: F1=0.271 [0.229, 0.317], P=0.227 [0.190, 0.269], R=0.336 [0.284, 0.389] [partial: 1/340 tiles unprocessed]
INFO:   15m: F1=0.414 [0.366, 0.464], P=0.347 [0.303, 0.395], R=0.514 [0.454, 0.572] [partial: 1/340 tiles unprocessed]
INFO:   20m: F1=0.506 [0.457, 0.556], P=0.424 [0.375, 0.474], R=0.627 [0.567, 0.684] [partial: 1/340 tiles unprocessed]
INFO:   25m: F1=0.568 [0.520, 0.617], P=0.476 [0.427, 0.527], R=0.705 [0.646, 0.758] [partial: 1/340 tiles unprocessed]
INFO:   30m: F1=0.607 [0.561, 0.653], P=0.509 [0.460, 0.558], R=0.753 [0.698, 0.802] [partial: 1/340 tiles unprocessed]
INFO:   35m: F1=0.642 [0.596, 0.686], P=0.538 [0.487, 0.588], R=0.796 [0.746, 0.838] [partial: 1/340 tiles unprocessed]
INFO:   40m: F1=0.661 [0.616, 0.707], P=0.554 [0.502, 0.605], R=0.820 [0.770, 0.862] [partial: 1/340 tiles unprocessed]
INFO:   45m: F1=0.679 [0.636, 0.722], P=0.569 [0.519, 0.619], R=0.842 [0.795, 0.881] [partial: 1/340 tiles unprocessed]
INFO:   50m: F1=0.693 [0.650, 0.734], P=0.580 [0.529, 0.629], R=0.859 [0.815, 0.896] [partial: 1/340 tiles unprocessed]
INFO:   75m: F1=0.712 [0.670, 0.751], P=0.596 [0.545, 0.645], R=0.883 [0.841, 0.916] [partial: 1/340 tiles unprocessed]
INFO:   100m: F1=0.720 [0.677, 0.758], P=0.603 [0.551, 0.651], R=0.892 [0.852, 0.923] [partial: 1/340 tiles unprocessed]
INFO:   125m: F1=0.726 [0.683, 0.763], P=0.608 [0.556, 0.656], R=0.900 [0.861, 0.929] [partial: 1/340 tiles unprocessed]
INFO:   150m: F1=0.730 [0.689, 0.768], P=0.612 [0.559, 0.660], R=0.905 [0.871, 0.933] [partial: 1/340 tiles unprocessed]
INFO:   MCC=0.281 [0.216, 0.353], Sens=1.000, Spec=0.125
INFO: JSON written: results/uplift-supplement/k1-gapfill/retest-phase3a__image-t1_0-n5-4of5/evaluation.json
INFO: CSV written: results/uplift-supplement/k1-gapfill/retest-phase3a__image-t1_0-n5-4of5/evaluation.csv
INFO: Markdown written: results/uplift-supplement/k1-gapfill/retest-phase3a__image-t1_0-n5-4of5/evaluation.md
INFO: Detection files: 1
INFO: Loading ground truth: inputs/vectors/references/mounds-reference.geojson
INFO: Loading bounds: inputs/vectors/bounds/full_evaluation_bounds.geojson
INFO: Reference: 569 mounds, 340 evaluation tiles
INFO: Evaluating: detections_T1.0_run01.geojson
INFO:   5m: F1=0.093 [0.068, 0.125], P=0.078 [0.057, 0.106], R=0.115 [0.085, 0.153] [partial: 1/340 tiles unprocessed]
INFO:   10m: F1=0.271 [0.229, 0.317], P=0.227 [0.190, 0.269], R=0.336 [0.284, 0.389] [partial: 1/340 tiles unprocessed]
INFO:   15m: F1=0.414 [0.366, 0.464], P=0.347 [0.303, 0.395], R=0.514 [0.454, 0.572] [partial: 1/340 tiles unprocessed]
INFO:   20m: F1=0.506 [0.457, 0.556], P=0.424 [0.375, 0.474], R=0.627 [0.567, 0.684] [partial: 1/340 tiles unprocessed]
INFO:   25m: F1=0.568 [0.520, 0.617], P=0.476 [0.427, 0.527], R=0.705 [0.646, 0.758] [partial: 1/340 tiles unprocessed]
INFO:   30m: F1=0.607 [0.561, 0.653], P=0.509 [0.460, 0.558], R=0.753 [0.698, 0.802] [partial: 1/340 tiles unprocessed]
INFO:   35m: F1=0.642 [0.596, 0.686], P=0.538 [0.487, 0.588], R=0.796 [0.746, 0.838] [partial: 1/340 tiles unprocessed]
INFO:   40m: F1=0.661 [0.616, 0.707], P=0.554 [0.502, 0.605], R=0.820 [0.770, 0.862] [partial: 1/340 tiles unprocessed]
INFO:   45m: F1=0.679 [0.636, 0.722], P=0.569 [0.519, 0.619], R=0.842 [0.795, 0.881] [partial: 1/340 tiles unprocessed]
INFO:   50m: F1=0.693 [0.650, 0.734], P=0.580 [0.529, 0.629], R=0.859 [0.815, 0.896] [partial: 1/340 tiles unprocessed]
INFO:   75m: F1=0.712 [0.670, 0.751], P=0.596 [0.545, 0.645], R=0.883 [0.841, 0.916] [partial: 1/340 tiles unprocessed]
INFO:   100m: F1=0.720 [0.677, 0.758], P=0.603 [0.551, 0.651], R=0.892 [0.852, 0.923] [partial: 1/340 tiles unprocessed]
INFO:   125m: F1=0.726 [0.683, 0.763], P=0.608 [0.556, 0.656], R=0.900 [0.861, 0.929] [partial: 1/340 tiles unprocessed]
INFO:   150m: F1=0.730 [0.689, 0.768], P=0.612 [0.559, 0.660], R=0.905 [0.871, 0.933] [partial: 1/340 tiles unprocessed]
INFO:   MCC=0.281 [0.216, 0.353], Sens=1.000, Spec=0.125
INFO: JSON written: results/uplift-supplement/k1-gapfill/retest-phase3a__image-t1_0-n10-7of10/evaluation.json
INFO: CSV written: results/uplift-supplement/k1-gapfill/retest-phase3a__image-t1_0-n10-7of10/evaluation.csv
INFO: Markdown written: results/uplift-supplement/k1-gapfill/retest-phase3a__image-t1_0-n10-7of10/evaluation.md
INFO: Detection files: 1
INFO: Loading ground truth: inputs/vectors/references/mounds-reference.geojson
INFO: Loading bounds: inputs/vectors/bounds/full_evaluation_bounds.geojson
INFO: Reference: 569 mounds, 340 evaluation tiles
INFO: Evaluating: detections_T1.0_run01.geojson
INFO:   5m: F1=0.093 [0.068, 0.125], P=0.078 [0.057, 0.106], R=0.115 [0.085, 0.153] [partial: 1/340 tiles unprocessed]
INFO:   10m: F1=0.271 [0.229, 0.317], P=0.227 [0.190, 0.269], R=0.336 [0.284, 0.389] [partial: 1/340 tiles unprocessed]
INFO:   15m: F1=0.414 [0.366, 0.464], P=0.347 [0.303, 0.395], R=0.514 [0.454, 0.572] [partial: 1/340 tiles unprocessed]
INFO:   20m: F1=0.506 [0.457, 0.556], P=0.424 [0.375, 0.474], R=0.627 [0.567, 0.684] [partial: 1/340 tiles unprocessed]
INFO:   25m: F1=0.568 [0.520, 0.617], P=0.476 [0.427, 0.527], R=0.705 [0.646, 0.758] [partial: 1/340 tiles unprocessed]
INFO:   30m: F1=0.607 [0.561, 0.653], P=0.509 [0.460, 0.558], R=0.753 [0.698, 0.802] [partial: 1/340 tiles unprocessed]
INFO:   35m: F1=0.642 [0.596, 0.686], P=0.538 [0.487, 0.588], R=0.796 [0.746, 0.838] [partial: 1/340 tiles unprocessed]
INFO:   40m: F1=0.661 [0.616, 0.707], P=0.554 [0.502, 0.605], R=0.820 [0.770, 0.862] [partial: 1/340 tiles unprocessed]
INFO:   45m: F1=0.679 [0.636, 0.722], P=0.569 [0.519, 0.619], R=0.842 [0.795, 0.881] [partial: 1/340 tiles unprocessed]
INFO:   50m: F1=0.693 [0.650, 0.734], P=0.580 [0.529, 0.629], R=0.859 [0.815, 0.896] [partial: 1/340 tiles unprocessed]
INFO:   75m: F1=0.712 [0.670, 0.751], P=0.596 [0.545, 0.645], R=0.883 [0.841, 0.916] [partial: 1/340 tiles unprocessed]
INFO:   100m: F1=0.720 [0.677, 0.758], P=0.603 [0.551, 0.651], R=0.892 [0.852, 0.923] [partial: 1/340 tiles unprocessed]
INFO:   125m: F1=0.726 [0.683, 0.763], P=0.608 [0.556, 0.656], R=0.900 [0.861, 0.929] [partial: 1/340 tiles unprocessed]
INFO:   150m: F1=0.730 [0.689, 0.768], P=0.612 [0.559, 0.660], R=0.905 [0.871, 0.933] [partial: 1/340 tiles unprocessed]
INFO:   MCC=0.281 [0.216, 0.353], Sens=1.000, Spec=0.125
INFO: JSON written: results/uplift-supplement/k1-gapfill/retest-phase3a__image-t1_0-n30-19of30/evaluation.json
INFO: CSV written: results/uplift-supplement/k1-gapfill/retest-phase3a__image-t1_0-n30-19of30/evaluation.csv
INFO: Markdown written: results/uplift-supplement/k1-gapfill/retest-phase3a__image-t1_0-n30-19of30/evaluation.md
INFO: Detection files: 1
INFO: Loading ground truth: inputs/vectors/references/mounds-reference.geojson
INFO: Loading bounds: inputs/vectors/bounds/full_evaluation_bounds.geojson
INFO: Reference: 569 mounds, 340 evaluation tiles
INFO: Evaluating: detections_T0.3_run01.geojson
INFO:   5m: F1=0.265 [0.220, 0.316], P=0.215 [0.174, 0.260], R=0.347 [0.288, 0.406]
INFO:   10m: F1=0.481 [0.425, 0.539], P=0.389 [0.333, 0.449], R=0.629 [0.564, 0.689]
INFO:   15m: F1=0.582 [0.525, 0.635], P=0.471 [0.409, 0.531], R=0.761 [0.704, 0.807]
INFO:   20m: F1=0.606 [0.550, 0.659], P=0.490 [0.427, 0.551], R=0.792 [0.735, 0.837]
INFO:   25m: F1=0.627 [0.571, 0.677], P=0.507 [0.443, 0.567], R=0.820 [0.771, 0.859]
INFO:   30m: F1=0.638 [0.582, 0.688], P=0.517 [0.450, 0.577], R=0.835 [0.787, 0.871]
INFO:   35m: F1=0.647 [0.591, 0.696], P=0.524 [0.458, 0.583], R=0.846 [0.802, 0.881]
INFO:   40m: F1=0.651 [0.595, 0.700], P=0.527 [0.461, 0.587], R=0.852 [0.809, 0.886]
INFO:   45m: F1=0.655 [0.599, 0.704], P=0.530 [0.465, 0.591], R=0.857 [0.817, 0.890]
INFO:   50m: F1=0.658 [0.602, 0.706], P=0.533 [0.468, 0.593], R=0.861 [0.821, 0.894]
INFO:   75m: F1=0.664 [0.608, 0.712], P=0.537 [0.472, 0.598], R=0.868 [0.830, 0.900]
INFO:   100m: F1=0.664 [0.608, 0.712], P=0.537 [0.472, 0.598], R=0.868 [0.830, 0.900]
INFO:   125m: F1=0.665 [0.609, 0.714], P=0.538 [0.473, 0.599], R=0.870 [0.832, 0.901]
INFO:   150m: F1=0.665 [0.609, 0.714], P=0.538 [0.473, 0.599], R=0.870 [0.832, 0.901]
INFO:   MCC=undefined [undefined, undefined], Sens=1.000, Spec=0.000
INFO: JSON written: results/uplift-supplement/k1-gapfill/retest-phase3a__text-t0_3-n5-5of5/evaluation.json
INFO: CSV written: results/uplift-supplement/k1-gapfill/retest-phase3a__text-t0_3-n5-5of5/evaluation.csv
INFO: Markdown written: results/uplift-supplement/k1-gapfill/retest-phase3a__text-t0_3-n5-5of5/evaluation.md
INFO: Detection files: 1
INFO: Loading ground truth: inputs/vectors/references/mounds-reference.geojson
INFO: Loading bounds: inputs/vectors/bounds/full_evaluation_bounds.geojson
INFO: Reference: 569 mounds, 340 evaluation tiles
INFO: Evaluating: detections_T0.3_run01.geojson
INFO:   5m: F1=0.265 [0.220, 0.316], P=0.215 [0.174, 0.260], R=0.347 [0.288, 0.406]
INFO:   10m: F1=0.481 [0.425, 0.539], P=0.389 [0.333, 0.449], R=0.629 [0.564, 0.689]
INFO:   15m: F1=0.582 [0.525, 0.635], P=0.471 [0.409, 0.531], R=0.761 [0.704, 0.807]
INFO:   20m: F1=0.606 [0.550, 0.659], P=0.490 [0.427, 0.551], R=0.792 [0.735, 0.837]
INFO:   25m: F1=0.627 [0.571, 0.677], P=0.507 [0.443, 0.567], R=0.820 [0.771, 0.859]
INFO:   30m: F1=0.638 [0.582, 0.688], P=0.517 [0.450, 0.577], R=0.835 [0.787, 0.871]
INFO:   35m: F1=0.647 [0.591, 0.696], P=0.524 [0.458, 0.583], R=0.846 [0.802, 0.881]
INFO:   40m: F1=0.651 [0.595, 0.700], P=0.527 [0.461, 0.587], R=0.852 [0.809, 0.886]
INFO:   45m: F1=0.655 [0.599, 0.704], P=0.530 [0.465, 0.591], R=0.857 [0.817, 0.890]
INFO:   50m: F1=0.658 [0.602, 0.706], P=0.533 [0.468, 0.593], R=0.861 [0.821, 0.894]
INFO:   75m: F1=0.664 [0.608, 0.712], P=0.537 [0.472, 0.598], R=0.868 [0.830, 0.900]
INFO:   100m: F1=0.664 [0.608, 0.712], P=0.537 [0.472, 0.598], R=0.868 [0.830, 0.900]
INFO:   125m: F1=0.665 [0.609, 0.714], P=0.538 [0.473, 0.599], R=0.870 [0.832, 0.901]
INFO:   150m: F1=0.665 [0.609, 0.714], P=0.538 [0.473, 0.599], R=0.870 [0.832, 0.901]
INFO:   MCC=undefined [undefined, undefined], Sens=1.000, Spec=0.000
INFO: JSON written: results/uplift-supplement/k1-gapfill/retest-phase3a__text-t0_3-n10-8of10/evaluation.json
INFO: CSV written: results/uplift-supplement/k1-gapfill/retest-phase3a__text-t0_3-n10-8of10/evaluation.csv
INFO: Markdown written: results/uplift-supplement/k1-gapfill/retest-phase3a__text-t0_3-n10-8of10/evaluation.md
INFO: Detection files: 1
INFO: Loading ground truth: inputs/vectors/references/mounds-reference.geojson
INFO: Loading bounds: inputs/vectors/bounds/full_evaluation_bounds.geojson
INFO: Reference: 569 mounds, 340 evaluation tiles
INFO: Evaluating: detections_T0.3_run01.geojson
INFO:   5m: F1=0.265 [0.220, 0.316], P=0.215 [0.174, 0.260], R=0.347 [0.288, 0.406]
INFO:   10m: F1=0.481 [0.425, 0.539], P=0.389 [0.333, 0.449], R=0.629 [0.564, 0.689]
INFO:   15m: F1=0.582 [0.525, 0.635], P=0.471 [0.409, 0.531], R=0.761 [0.704, 0.807]
INFO:   20m: F1=0.606 [0.550, 0.659], P=0.490 [0.427, 0.551], R=0.792 [0.735, 0.837]
INFO:   25m: F1=0.627 [0.571, 0.677], P=0.507 [0.443, 0.567], R=0.820 [0.771, 0.859]
INFO:   30m: F1=0.638 [0.582, 0.688], P=0.517 [0.450, 0.577], R=0.835 [0.787, 0.871]
INFO:   35m: F1=0.647 [0.591, 0.696], P=0.524 [0.458, 0.583], R=0.846 [0.802, 0.881]
INFO:   40m: F1=0.651 [0.595, 0.700], P=0.527 [0.461, 0.587], R=0.852 [0.809, 0.886]
INFO:   45m: F1=0.655 [0.599, 0.704], P=0.530 [0.465, 0.591], R=0.857 [0.817, 0.890]
INFO:   50m: F1=0.658 [0.602, 0.706], P=0.533 [0.468, 0.593], R=0.861 [0.821, 0.894]
INFO:   75m: F1=0.664 [0.608, 0.712], P=0.537 [0.472, 0.598], R=0.868 [0.830, 0.900]
INFO:   100m: F1=0.664 [0.608, 0.712], P=0.537 [0.472, 0.598], R=0.868 [0.830, 0.900]
INFO:   125m: F1=0.665 [0.609, 0.714], P=0.538 [0.473, 0.599], R=0.870 [0.832, 0.901]
INFO:   150m: F1=0.665 [0.609, 0.714], P=0.538 [0.473, 0.599], R=0.870 [0.832, 0.901]
INFO:   MCC=undefined [undefined, undefined], Sens=1.000, Spec=0.000
INFO: JSON written: results/uplift-supplement/k1-gapfill/retest-phase3a__text-t0_3-n30-23of30/evaluation.json
INFO: CSV written: results/uplift-supplement/k1-gapfill/retest-phase3a__text-t0_3-n30-23of30/evaluation.csv
INFO: Markdown written: results/uplift-supplement/k1-gapfill/retest-phase3a__text-t0_3-n30-23of30/evaluation.md
INFO: Detection files: 1
INFO: Loading ground truth: inputs/vectors/references/mounds-reference.geojson
INFO: Loading bounds: inputs/vectors/bounds/full_evaluation_bounds.geojson
INFO: Reference: 569 mounds, 340 evaluation tiles
INFO: Evaluating: detections_T0.7_run01.geojson
INFO:   5m: F1=0.226 [0.187, 0.268], P=0.179 [0.145, 0.217], R=0.308 [0.258, 0.359]
INFO:   10m: F1=0.449 [0.393, 0.504], P=0.355 [0.300, 0.410], R=0.610 [0.550, 0.668]
INFO:   15m: F1=0.532 [0.473, 0.587], P=0.420 [0.360, 0.480], R=0.724 [0.668, 0.774]
INFO:   20m: F1=0.569 [0.509, 0.624], P=0.449 [0.386, 0.511], R=0.774 [0.717, 0.822]
INFO:   25m: F1=0.588 [0.528, 0.643], P=0.464 [0.400, 0.527], R=0.800 [0.745, 0.844]
INFO:   30m: F1=0.599 [0.539, 0.653], P=0.473 [0.409, 0.535], R=0.814 [0.762, 0.857]
INFO:   35m: F1=0.609 [0.550, 0.664], P=0.482 [0.417, 0.544], R=0.829 [0.778, 0.870]
INFO:   40m: F1=0.622 [0.564, 0.676], P=0.491 [0.426, 0.554], R=0.846 [0.800, 0.884]
INFO:   45m: F1=0.627 [0.569, 0.681], P=0.496 [0.431, 0.559], R=0.853 [0.808, 0.889]
INFO:   50m: F1=0.628 [0.570, 0.682], P=0.497 [0.432, 0.560], R=0.855 [0.811, 0.890]
INFO:   75m: F1=0.634 [0.575, 0.687], P=0.501 [0.435, 0.564], R=0.863 [0.820, 0.896]
INFO:   100m: F1=0.635 [0.576, 0.689], P=0.502 [0.436, 0.566], R=0.865 [0.822, 0.899]
INFO:   125m: F1=0.635 [0.576, 0.689], P=0.502 [0.436, 0.566], R=0.865 [0.822, 0.899]
INFO:   150m: F1=0.637 [0.578, 0.690], P=0.503 [0.437, 0.567], R=0.866 [0.824, 0.901]
INFO:   MCC=0.067 [0.061, 0.128], Sens=1.000, Spec=0.007
INFO: JSON written: results/uplift-supplement/k1-gapfill/retest-phase3a__text-t0_7-n5-4of5/evaluation.json
INFO: CSV written: results/uplift-supplement/k1-gapfill/retest-phase3a__text-t0_7-n5-4of5/evaluation.csv
INFO: Markdown written: results/uplift-supplement/k1-gapfill/retest-phase3a__text-t0_7-n5-4of5/evaluation.md
INFO: Detection files: 1
INFO: Loading ground truth: inputs/vectors/references/mounds-reference.geojson
INFO: Loading bounds: inputs/vectors/bounds/full_evaluation_bounds.geojson
INFO: Reference: 569 mounds, 340 evaluation tiles
INFO: Evaluating: detections_T0.7_run01.geojson
INFO:   5m: F1=0.226 [0.187, 0.268], P=0.179 [0.145, 0.217], R=0.308 [0.258, 0.359]
INFO:   10m: F1=0.449 [0.393, 0.504], P=0.355 [0.300, 0.410], R=0.610 [0.550, 0.668]
INFO:   15m: F1=0.532 [0.473, 0.587], P=0.420 [0.360, 0.480], R=0.724 [0.668, 0.774]
INFO:   20m: F1=0.569 [0.509, 0.624], P=0.449 [0.386, 0.511], R=0.774 [0.717, 0.822]
INFO:   25m: F1=0.588 [0.528, 0.643], P=0.464 [0.400, 0.527], R=0.800 [0.745, 0.844]
INFO:   30m: F1=0.599 [0.539, 0.653], P=0.473 [0.409, 0.535], R=0.814 [0.762, 0.857]
INFO:   35m: F1=0.609 [0.550, 0.664], P=0.482 [0.417, 0.544], R=0.829 [0.778, 0.870]
INFO:   40m: F1=0.622 [0.564, 0.676], P=0.491 [0.426, 0.554], R=0.846 [0.800, 0.884]
INFO:   45m: F1=0.627 [0.569, 0.681], P=0.496 [0.431, 0.559], R=0.853 [0.808, 0.889]
INFO:   50m: F1=0.628 [0.570, 0.682], P=0.497 [0.432, 0.560], R=0.855 [0.811, 0.890]
INFO:   75m: F1=0.634 [0.575, 0.687], P=0.501 [0.435, 0.564], R=0.863 [0.820, 0.896]
INFO:   100m: F1=0.635 [0.576, 0.689], P=0.502 [0.436, 0.566], R=0.865 [0.822, 0.899]
INFO:   125m: F1=0.635 [0.576, 0.689], P=0.502 [0.436, 0.566], R=0.865 [0.822, 0.899]
INFO:   150m: F1=0.637 [0.578, 0.690], P=0.503 [0.437, 0.567], R=0.866 [0.824, 0.901]
INFO:   MCC=0.067 [0.061, 0.128], Sens=1.000, Spec=0.007
INFO: JSON written: results/uplift-supplement/k1-gapfill/retest-phase3a__text-t0_7-n10-8of10/evaluation.json
INFO: CSV written: results/uplift-supplement/k1-gapfill/retest-phase3a__text-t0_7-n10-8of10/evaluation.csv
INFO: Markdown written: results/uplift-supplement/k1-gapfill/retest-phase3a__text-t0_7-n10-8of10/evaluation.md
INFO: Detection files: 1
INFO: Loading ground truth: inputs/vectors/references/mounds-reference.geojson
INFO: Loading bounds: inputs/vectors/bounds/full_evaluation_bounds.geojson
INFO: Reference: 569 mounds, 340 evaluation tiles
INFO: Evaluating: detections_T0.7_run01.geojson
INFO:   5m: F1=0.226 [0.187, 0.268], P=0.179 [0.145, 0.217], R=0.308 [0.258, 0.359]
INFO:   10m: F1=0.449 [0.393, 0.504], P=0.355 [0.300, 0.410], R=0.610 [0.550, 0.668]
INFO:   15m: F1=0.532 [0.473, 0.587], P=0.420 [0.360, 0.480], R=0.724 [0.668, 0.774]
INFO:   20m: F1=0.569 [0.509, 0.624], P=0.449 [0.386, 0.511], R=0.774 [0.717, 0.822]
INFO:   25m: F1=0.588 [0.528, 0.643], P=0.464 [0.400, 0.527], R=0.800 [0.745, 0.844]
INFO:   30m: F1=0.599 [0.539, 0.653], P=0.473 [0.409, 0.535], R=0.814 [0.762, 0.857]
INFO:   35m: F1=0.609 [0.550, 0.664], P=0.482 [0.417, 0.544], R=0.829 [0.778, 0.870]
INFO:   40m: F1=0.622 [0.564, 0.676], P=0.491 [0.426, 0.554], R=0.846 [0.800, 0.884]
INFO:   45m: F1=0.627 [0.569, 0.681], P=0.496 [0.431, 0.559], R=0.853 [0.808, 0.889]
INFO:   50m: F1=0.628 [0.570, 0.682], P=0.497 [0.432, 0.560], R=0.855 [0.811, 0.890]
INFO:   75m: F1=0.634 [0.575, 0.687], P=0.501 [0.435, 0.564], R=0.863 [0.820, 0.896]
INFO:   100m: F1=0.635 [0.576, 0.689], P=0.502 [0.436, 0.566], R=0.865 [0.822, 0.899]
INFO:   125m: F1=0.635 [0.576, 0.689], P=0.502 [0.436, 0.566], R=0.865 [0.822, 0.899]
INFO:   150m: F1=0.637 [0.578, 0.690], P=0.503 [0.437, 0.567], R=0.866 [0.824, 0.901]
INFO:   MCC=0.067 [0.061, 0.128], Sens=1.000, Spec=0.007
INFO: JSON written: results/uplift-supplement/k1-gapfill/retest-phase3a__text-t0_7-n30-24of30/evaluation.json
INFO: CSV written: results/uplift-supplement/k1-gapfill/retest-phase3a__text-t0_7-n30-24of30/evaluation.csv
INFO: Markdown written: results/uplift-supplement/k1-gapfill/retest-phase3a__text-t0_7-n30-24of30/evaluation.md
INFO: Detection files: 1
INFO: Loading ground truth: inputs/vectors/references/mounds-reference.geojson
INFO: Loading bounds: inputs/vectors/bounds/full_evaluation_bounds.geojson
INFO: Reference: 569 mounds, 340 evaluation tiles
INFO: Evaluating: detections_T1.0_run01.geojson
INFO:   5m: F1=0.207 [0.171, 0.248], P=0.162 [0.131, 0.198], R=0.288 [0.240, 0.338]
INFO:   10m: F1=0.416 [0.361, 0.474], P=0.325 [0.272, 0.382], R=0.577 [0.511, 0.638]
INFO:   15m: F1=0.494 [0.435, 0.554], P=0.386 [0.328, 0.449], R=0.685 [0.617, 0.742]
INFO:   20m: F1=0.534 [0.474, 0.594], P=0.417 [0.356, 0.481], R=0.740 [0.674, 0.794]
INFO:   25m: F1=0.551 [0.492, 0.610], P=0.431 [0.368, 0.494], R=0.764 [0.705, 0.812]
INFO:   30m: F1=0.577 [0.517, 0.636], P=0.451 [0.386, 0.515], R=0.800 [0.742, 0.846]
INFO:   35m: F1=0.590 [0.530, 0.649], P=0.461 [0.397, 0.526], R=0.818 [0.762, 0.862]
INFO:   40m: F1=0.597 [0.537, 0.655], P=0.467 [0.401, 0.532], R=0.827 [0.770, 0.871]
INFO:   45m: F1=0.605 [0.545, 0.662], P=0.473 [0.408, 0.538], R=0.839 [0.785, 0.879]
INFO:   50m: F1=0.609 [0.549, 0.666], P=0.476 [0.410, 0.542], R=0.844 [0.791, 0.885]
INFO:   75m: F1=0.611 [0.552, 0.669], P=0.478 [0.412, 0.544], R=0.848 [0.796, 0.887]
INFO:   100m: F1=0.613 [0.553, 0.671], P=0.479 [0.413, 0.545], R=0.850 [0.797, 0.889]
INFO:   125m: F1=0.613 [0.553, 0.671], P=0.479 [0.413, 0.545], R=0.850 [0.797, 0.889]
INFO:   150m: F1=0.614 [0.554, 0.672], P=0.480 [0.414, 0.547], R=0.852 [0.800, 0.891]
INFO:   MCC=0.067 [0.061, 0.128], Sens=1.000, Spec=0.007
INFO: JSON written: results/uplift-supplement/k1-gapfill/retest-phase3a__text-t1_0-n5-4of5/evaluation.json
INFO: CSV written: results/uplift-supplement/k1-gapfill/retest-phase3a__text-t1_0-n5-4of5/evaluation.csv
INFO: Markdown written: results/uplift-supplement/k1-gapfill/retest-phase3a__text-t1_0-n5-4of5/evaluation.md
INFO: Detection files: 1
INFO: Loading ground truth: inputs/vectors/references/mounds-reference.geojson
INFO: Loading bounds: inputs/vectors/bounds/full_evaluation_bounds.geojson
INFO: Reference: 569 mounds, 340 evaluation tiles
INFO: Evaluating: detections_T1.0_run01.geojson
INFO:   5m: F1=0.207 [0.171, 0.248], P=0.162 [0.131, 0.198], R=0.288 [0.240, 0.338]
INFO:   10m: F1=0.416 [0.361, 0.474], P=0.325 [0.272, 0.382], R=0.577 [0.511, 0.638]
INFO:   15m: F1=0.494 [0.435, 0.554], P=0.386 [0.328, 0.449], R=0.685 [0.617, 0.742]
INFO:   20m: F1=0.534 [0.474, 0.594], P=0.417 [0.356, 0.481], R=0.740 [0.674, 0.794]
INFO:   25m: F1=0.551 [0.492, 0.610], P=0.431 [0.368, 0.494], R=0.764 [0.705, 0.812]
INFO:   30m: F1=0.577 [0.517, 0.636], P=0.451 [0.386, 0.515], R=0.800 [0.742, 0.846]
INFO:   35m: F1=0.590 [0.530, 0.649], P=0.461 [0.397, 0.526], R=0.818 [0.762, 0.862]
INFO:   40m: F1=0.597 [0.537, 0.655], P=0.467 [0.401, 0.532], R=0.827 [0.770, 0.871]
INFO:   45m: F1=0.605 [0.545, 0.662], P=0.473 [0.408, 0.538], R=0.839 [0.785, 0.879]
INFO:   50m: F1=0.609 [0.549, 0.666], P=0.476 [0.410, 0.542], R=0.844 [0.791, 0.885]
INFO:   75m: F1=0.611 [0.552, 0.669], P=0.478 [0.412, 0.544], R=0.848 [0.796, 0.887]
INFO:   100m: F1=0.613 [0.553, 0.671], P=0.479 [0.413, 0.545], R=0.850 [0.797, 0.889]
INFO:   125m: F1=0.613 [0.553, 0.671], P=0.479 [0.413, 0.545], R=0.850 [0.797, 0.889]
INFO:   150m: F1=0.614 [0.554, 0.672], P=0.480 [0.414, 0.547], R=0.852 [0.800, 0.891]
INFO:   MCC=0.067 [0.061, 0.128], Sens=1.000, Spec=0.007
INFO: JSON written: results/uplift-supplement/k1-gapfill/retest-phase3a__text-t1_0-n10-7of10/evaluation.json
INFO: CSV written: results/uplift-supplement/k1-gapfill/retest-phase3a__text-t1_0-n10-7of10/evaluation.csv
INFO: Markdown written: results/uplift-supplement/k1-gapfill/retest-phase3a__text-t1_0-n10-7of10/evaluation.md
INFO: Detection files: 1
INFO: Loading ground truth: inputs/vectors/references/mounds-reference.geojson
INFO: Loading bounds: inputs/vectors/bounds/full_evaluation_bounds.geojson
INFO: Reference: 569 mounds, 340 evaluation tiles
INFO: Evaluating: detections_T1.0_run01.geojson
INFO:   5m: F1=0.207 [0.171, 0.248], P=0.162 [0.131, 0.198], R=0.288 [0.240, 0.338]
INFO:   10m: F1=0.416 [0.361, 0.474], P=0.325 [0.272, 0.382], R=0.577 [0.511, 0.638]
INFO:   15m: F1=0.494 [0.435, 0.554], P=0.386 [0.328, 0.449], R=0.685 [0.617, 0.742]
INFO:   20m: F1=0.534 [0.474, 0.594], P=0.417 [0.356, 0.481], R=0.740 [0.674, 0.794]
INFO:   25m: F1=0.551 [0.492, 0.610], P=0.431 [0.368, 0.494], R=0.764 [0.705, 0.812]
INFO:   30m: F1=0.577 [0.517, 0.636], P=0.451 [0.386, 0.515], R=0.800 [0.742, 0.846]
INFO:   35m: F1=0.590 [0.530, 0.649], P=0.461 [0.397, 0.526], R=0.818 [0.762, 0.862]
INFO:   40m: F1=0.597 [0.537, 0.655], P=0.467 [0.401, 0.532], R=0.827 [0.770, 0.871]
INFO:   45m: F1=0.605 [0.545, 0.662], P=0.473 [0.408, 0.538], R=0.839 [0.785, 0.879]
INFO:   50m: F1=0.609 [0.549, 0.666], P=0.476 [0.410, 0.542], R=0.844 [0.791, 0.885]
INFO:   75m: F1=0.611 [0.552, 0.669], P=0.478 [0.412, 0.544], R=0.848 [0.796, 0.887]
INFO:   100m: F1=0.613 [0.553, 0.671], P=0.479 [0.413, 0.545], R=0.850 [0.797, 0.889]
INFO:   125m: F1=0.613 [0.553, 0.671], P=0.479 [0.413, 0.545], R=0.850 [0.797, 0.889]
INFO:   150m: F1=0.614 [0.554, 0.672], P=0.480 [0.414, 0.547], R=0.852 [0.800, 0.891]
INFO:   MCC=0.067 [0.061, 0.128], Sens=1.000, Spec=0.007
INFO: JSON written: results/uplift-supplement/k1-gapfill/retest-phase3a__text-t1_0-n30-22of30/evaluation.json
INFO: CSV written: results/uplift-supplement/k1-gapfill/retest-phase3a__text-t1_0-n30-22of30/evaluation.csv
INFO: Markdown written: results/uplift-supplement/k1-gapfill/retest-phase3a__text-t1_0-n30-22of30/evaluation.md
INFO: Detection files: 1
INFO: Loading ground truth: inputs/vectors/references/mounds-reference.geojson
INFO: Loading bounds: inputs/vectors/bounds/full_evaluation_bounds.geojson
INFO: Reference: 569 mounds, 340 evaluation tiles
INFO: Evaluating: detections_T0.3_run01.geojson
INFO:   5m: F1=0.127 [0.103, 0.154], P=0.093 [0.074, 0.115], R=0.202 [0.167, 0.242]
INFO:   10m: F1=0.310 [0.267, 0.357], P=0.226 [0.189, 0.268], R=0.492 [0.435, 0.548]
INFO:   15m: F1=0.432 [0.379, 0.486], P=0.315 [0.267, 0.367], R=0.686 [0.622, 0.741]
INFO:   20m: F1=0.499 [0.442, 0.555], P=0.364 [0.311, 0.420], R=0.792 [0.733, 0.838]
INFO:   25m: F1=0.527 [0.470, 0.583], P=0.384 [0.329, 0.441], R=0.837 [0.785, 0.878]
INFO:   30m: F1=0.542 [0.485, 0.597], P=0.396 [0.339, 0.452], R=0.861 [0.817, 0.896]
INFO:   35m: F1=0.561 [0.502, 0.615], P=0.409 [0.352, 0.467], R=0.891 [0.850, 0.922]
INFO:   40m: F1=0.569 [0.510, 0.624], P=0.415 [0.356, 0.473], R=0.904 [0.869, 0.931]
INFO:   45m: F1=0.571 [0.512, 0.627], P=0.417 [0.358, 0.475], R=0.907 [0.872, 0.934]
INFO:   50m: F1=0.575 [0.515, 0.630], P=0.419 [0.360, 0.478], R=0.913 [0.880, 0.939]
INFO:   75m: F1=0.584 [0.525, 0.639], P=0.426 [0.367, 0.485], R=0.928 [0.899, 0.950]
INFO:   100m: F1=0.585 [0.526, 0.640], P=0.427 [0.367, 0.486], R=0.929 [0.901, 0.952]
INFO:   125m: F1=0.586 [0.527, 0.641], P=0.428 [0.368, 0.486], R=0.931 [0.903, 0.953]
INFO:   150m: F1=0.588 [0.528, 0.642], P=0.429 [0.369, 0.487], R=0.933 [0.905, 0.955]
INFO:   MCC=0.352 [0.273, 0.426], Sens=0.995, Spec=0.206
INFO: JSON written: results/uplift-supplement/k1-gapfill/retest-phase3a-high__text-high-t0_3-n5-4of5/evaluation.json
INFO: CSV written: results/uplift-supplement/k1-gapfill/retest-phase3a-high__text-high-t0_3-n5-4of5/evaluation.csv
INFO: Markdown written: results/uplift-supplement/k1-gapfill/retest-phase3a-high__text-high-t0_3-n5-4of5/evaluation.md
INFO: Detection files: 1
INFO: Loading ground truth: inputs/vectors/references/mounds-reference.geojson
INFO: Loading bounds: inputs/vectors/bounds/full_evaluation_bounds.geojson
INFO: Reference: 569 mounds, 340 evaluation tiles
INFO: Evaluating: detections_T0.3_run01.geojson
INFO:   5m: F1=0.127 [0.103, 0.154], P=0.093 [0.074, 0.115], R=0.202 [0.167, 0.242]
INFO:   10m: F1=0.310 [0.267, 0.357], P=0.226 [0.189, 0.268], R=0.492 [0.435, 0.548]
INFO:   15m: F1=0.432 [0.379, 0.486], P=0.315 [0.267, 0.367], R=0.686 [0.622, 0.741]
INFO:   20m: F1=0.499 [0.442, 0.555], P=0.364 [0.311, 0.420], R=0.792 [0.733, 0.838]
INFO:   25m: F1=0.527 [0.470, 0.583], P=0.384 [0.329, 0.441], R=0.837 [0.785, 0.878]
INFO:   30m: F1=0.542 [0.485, 0.597], P=0.396 [0.339, 0.452], R=0.861 [0.817, 0.896]
INFO:   35m: F1=0.561 [0.502, 0.615], P=0.409 [0.352, 0.467], R=0.891 [0.850, 0.922]
INFO:   40m: F1=0.569 [0.510, 0.624], P=0.415 [0.356, 0.473], R=0.904 [0.869, 0.931]
INFO:   45m: F1=0.571 [0.512, 0.627], P=0.417 [0.358, 0.475], R=0.907 [0.872, 0.934]
INFO:   50m: F1=0.575 [0.515, 0.630], P=0.419 [0.360, 0.478], R=0.913 [0.880, 0.939]
INFO:   75m: F1=0.584 [0.525, 0.639], P=0.426 [0.367, 0.485], R=0.928 [0.899, 0.950]
INFO:   100m: F1=0.585 [0.526, 0.640], P=0.427 [0.367, 0.486], R=0.929 [0.901, 0.952]
INFO:   125m: F1=0.586 [0.527, 0.641], P=0.428 [0.368, 0.486], R=0.931 [0.903, 0.953]
INFO:   150m: F1=0.588 [0.528, 0.642], P=0.429 [0.369, 0.487], R=0.933 [0.905, 0.955]
INFO:   MCC=0.352 [0.273, 0.426], Sens=0.995, Spec=0.206
INFO: JSON written: results/uplift-supplement/k1-gapfill/retest-phase3a-high__text-high-t0_3-n10-8of10/evaluation.json
INFO: CSV written: results/uplift-supplement/k1-gapfill/retest-phase3a-high__text-high-t0_3-n10-8of10/evaluation.csv
INFO: Markdown written: results/uplift-supplement/k1-gapfill/retest-phase3a-high__text-high-t0_3-n10-8of10/evaluation.md
INFO: Detection files: 1
INFO: Loading ground truth: inputs/vectors/references/mounds-reference.geojson
INFO: Loading bounds: inputs/vectors/bounds/full_evaluation_bounds.geojson
INFO: Reference: 569 mounds, 340 evaluation tiles
INFO: Evaluating: detections_T0.3_run01.geojson
INFO:   5m: F1=0.127 [0.103, 0.154], P=0.093 [0.074, 0.115], R=0.202 [0.167, 0.242]
INFO:   10m: F1=0.310 [0.267, 0.357], P=0.226 [0.189, 0.268], R=0.492 [0.435, 0.548]
INFO:   15m: F1=0.432 [0.379, 0.486], P=0.315 [0.267, 0.367], R=0.686 [0.622, 0.741]
INFO:   20m: F1=0.499 [0.442, 0.555], P=0.364 [0.311, 0.420], R=0.792 [0.733, 0.838]
INFO:   25m: F1=0.527 [0.470, 0.583], P=0.384 [0.329, 0.441], R=0.837 [0.785, 0.878]
INFO:   30m: F1=0.542 [0.485, 0.597], P=0.396 [0.339, 0.452], R=0.861 [0.817, 0.896]
INFO:   35m: F1=0.561 [0.502, 0.615], P=0.409 [0.352, 0.467], R=0.891 [0.850, 0.922]
INFO:   40m: F1=0.569 [0.510, 0.624], P=0.415 [0.356, 0.473], R=0.904 [0.869, 0.931]
INFO:   45m: F1=0.571 [0.512, 0.627], P=0.417 [0.358, 0.475], R=0.907 [0.872, 0.934]
INFO:   50m: F1=0.575 [0.515, 0.630], P=0.419 [0.360, 0.478], R=0.913 [0.880, 0.939]
INFO:   75m: F1=0.584 [0.525, 0.639], P=0.426 [0.367, 0.485], R=0.928 [0.899, 0.950]
INFO:   100m: F1=0.585 [0.526, 0.640], P=0.427 [0.367, 0.486], R=0.929 [0.901, 0.952]
INFO:   125m: F1=0.586 [0.527, 0.641], P=0.428 [0.368, 0.486], R=0.931 [0.903, 0.953]
INFO:   150m: F1=0.588 [0.528, 0.642], P=0.429 [0.369, 0.487], R=0.933 [0.905, 0.955]
INFO:   MCC=0.352 [0.273, 0.426], Sens=0.995, Spec=0.206
INFO: JSON written: results/uplift-supplement/k1-gapfill/retest-phase3a-high__text-high-t0_3-n30-23of30/evaluation.json
INFO: CSV written: results/uplift-supplement/k1-gapfill/retest-phase3a-high__text-high-t0_3-n30-23of30/evaluation.csv
INFO: Markdown written: results/uplift-supplement/k1-gapfill/retest-phase3a-high__text-high-t0_3-n30-23of30/evaluation.md
INFO: Detection files: 1
INFO: Loading ground truth: inputs/vectors/references/mounds-reference.geojson
INFO: Loading bounds: inputs/vectors/bounds/full_evaluation_bounds.geojson
INFO: Reference: 569 mounds, 340 evaluation tiles
INFO: Evaluating: detections_T0.7_run01.geojson
INFO:   5m: F1=0.124 [0.097, 0.160], P=0.087 [0.066, 0.115], R=0.215 [0.172, 0.265]
INFO:   10m: F1=0.296 [0.250, 0.348], P=0.207 [0.169, 0.252], R=0.514 [0.455, 0.578]
INFO:   15m: F1=0.382 [0.330, 0.439], P=0.268 [0.223, 0.319], R=0.664 [0.606, 0.722]
INFO:   20m: F1=0.434 [0.378, 0.492], P=0.305 [0.255, 0.359], R=0.755 [0.703, 0.803]
INFO:   25m: F1=0.470 [0.411, 0.528], P=0.330 [0.276, 0.386], R=0.816 [0.765, 0.859]
INFO:   30m: F1=0.489 [0.428, 0.547], P=0.343 [0.288, 0.401], R=0.850 [0.802, 0.888]
INFO:   35m: F1=0.504 [0.442, 0.565], P=0.354 [0.297, 0.413], R=0.876 [0.829, 0.911]
INFO:   40m: F1=0.510 [0.448, 0.571], P=0.358 [0.301, 0.418], R=0.887 [0.846, 0.919]
INFO:   45m: F1=0.513 [0.451, 0.574], P=0.360 [0.303, 0.421], R=0.892 [0.852, 0.924]
INFO:   50m: F1=0.515 [0.452, 0.576], P=0.362 [0.304, 0.422], R=0.896 [0.858, 0.927]
INFO:   75m: F1=0.525 [0.461, 0.587], P=0.369 [0.309, 0.430], R=0.913 [0.879, 0.939]
INFO:   100m: F1=0.528 [0.464, 0.590], P=0.371 [0.311, 0.432], R=0.918 [0.884, 0.945]
INFO:   125m: F1=0.528 [0.464, 0.590], P=0.371 [0.311, 0.432], R=0.918 [0.884, 0.945]
INFO:   150m: F1=0.530 [0.466, 0.592], P=0.372 [0.313, 0.434], R=0.922 [0.888, 0.947]
INFO:   MCC=0.296 [0.200, 0.379], Sens=0.980, Spec=0.191
INFO: JSON written: results/uplift-supplement/k1-gapfill/retest-phase3a-high__text-high-t0_7-n5-4of5/evaluation.json
INFO: CSV written: results/uplift-supplement/k1-gapfill/retest-phase3a-high__text-high-t0_7-n5-4of5/evaluation.csv
INFO: Markdown written: results/uplift-supplement/k1-gapfill/retest-phase3a-high__text-high-t0_7-n5-4of5/evaluation.md
INFO: Detection files: 1
INFO: Loading ground truth: inputs/vectors/references/mounds-reference.geojson
INFO: Loading bounds: inputs/vectors/bounds/full_evaluation_bounds.geojson
INFO: Reference: 569 mounds, 340 evaluation tiles
INFO: Evaluating: detections_T0.7_run01.geojson
INFO:   5m: F1=0.124 [0.097, 0.160], P=0.087 [0.066, 0.115], R=0.215 [0.172, 0.265]
INFO:   10m: F1=0.296 [0.250, 0.348], P=0.207 [0.169, 0.252], R=0.514 [0.455, 0.578]
INFO:   15m: F1=0.382 [0.330, 0.439], P=0.268 [0.223, 0.319], R=0.664 [0.606, 0.722]
INFO:   20m: F1=0.434 [0.378, 0.492], P=0.305 [0.255, 0.359], R=0.755 [0.703, 0.803]
INFO:   25m: F1=0.470 [0.411, 0.528], P=0.330 [0.276, 0.386], R=0.816 [0.765, 0.859]
INFO:   30m: F1=0.489 [0.428, 0.547], P=0.343 [0.288, 0.401], R=0.850 [0.802, 0.888]
INFO:   35m: F1=0.504 [0.442, 0.565], P=0.354 [0.297, 0.413], R=0.876 [0.829, 0.911]
INFO:   40m: F1=0.510 [0.448, 0.571], P=0.358 [0.301, 0.418], R=0.887 [0.846, 0.919]
INFO:   45m: F1=0.513 [0.451, 0.574], P=0.360 [0.303, 0.421], R=0.892 [0.852, 0.924]
INFO:   50m: F1=0.515 [0.452, 0.576], P=0.362 [0.304, 0.422], R=0.896 [0.858, 0.927]
INFO:   75m: F1=0.525 [0.461, 0.587], P=0.369 [0.309, 0.430], R=0.913 [0.879, 0.939]
INFO:   100m: F1=0.528 [0.464, 0.590], P=0.371 [0.311, 0.432], R=0.918 [0.884, 0.945]
INFO:   125m: F1=0.528 [0.464, 0.590], P=0.371 [0.311, 0.432], R=0.918 [0.884, 0.945]
INFO:   150m: F1=0.530 [0.466, 0.592], P=0.372 [0.313, 0.434], R=0.922 [0.888, 0.947]
INFO:   MCC=0.296 [0.200, 0.379], Sens=0.980, Spec=0.191
INFO: JSON written: results/uplift-supplement/k1-gapfill/retest-phase3a-high__text-high-t0_7-n10-7of10/evaluation.json
INFO: CSV written: results/uplift-supplement/k1-gapfill/retest-phase3a-high__text-high-t0_7-n10-7of10/evaluation.csv
INFO: Markdown written: results/uplift-supplement/k1-gapfill/retest-phase3a-high__text-high-t0_7-n10-7of10/evaluation.md
INFO: Detection files: 1
INFO: Loading ground truth: inputs/vectors/references/mounds-reference.geojson
INFO: Loading bounds: inputs/vectors/bounds/full_evaluation_bounds.geojson
INFO: Reference: 569 mounds, 340 evaluation tiles
INFO: Evaluating: detections_T0.7_run01.geojson
INFO:   5m: F1=0.124 [0.097, 0.160], P=0.087 [0.066, 0.115], R=0.215 [0.172, 0.265]
INFO:   10m: F1=0.296 [0.250, 0.348], P=0.207 [0.169, 0.252], R=0.514 [0.455, 0.578]
INFO:   15m: F1=0.382 [0.330, 0.439], P=0.268 [0.223, 0.319], R=0.664 [0.606, 0.722]
INFO:   20m: F1=0.434 [0.378, 0.492], P=0.305 [0.255, 0.359], R=0.755 [0.703, 0.803]
INFO:   25m: F1=0.470 [0.411, 0.528], P=0.330 [0.276, 0.386], R=0.816 [0.765, 0.859]
INFO:   30m: F1=0.489 [0.428, 0.547], P=0.343 [0.288, 0.401], R=0.850 [0.802, 0.888]
INFO:   35m: F1=0.504 [0.442, 0.565], P=0.354 [0.297, 0.413], R=0.876 [0.829, 0.911]
INFO:   40m: F1=0.510 [0.448, 0.571], P=0.358 [0.301, 0.418], R=0.887 [0.846, 0.919]
INFO:   45m: F1=0.513 [0.451, 0.574], P=0.360 [0.303, 0.421], R=0.892 [0.852, 0.924]
INFO:   50m: F1=0.515 [0.452, 0.576], P=0.362 [0.304, 0.422], R=0.896 [0.858, 0.927]
INFO:   75m: F1=0.525 [0.461, 0.587], P=0.369 [0.309, 0.430], R=0.913 [0.879, 0.939]
INFO:   100m: F1=0.528 [0.464, 0.590], P=0.371 [0.311, 0.432], R=0.918 [0.884, 0.945]
INFO:   125m: F1=0.528 [0.464, 0.590], P=0.371 [0.311, 0.432], R=0.918 [0.884, 0.945]
INFO:   150m: F1=0.530 [0.466, 0.592], P=0.372 [0.313, 0.434], R=0.922 [0.888, 0.947]
INFO:   MCC=0.296 [0.200, 0.379], Sens=0.980, Spec=0.191
INFO: JSON written: results/uplift-supplement/k1-gapfill/retest-phase3a-high__text-high-t0_7-n30-22of30/evaluation.json
INFO: CSV written: results/uplift-supplement/k1-gapfill/retest-phase3a-high__text-high-t0_7-n30-22of30/evaluation.csv
INFO: Markdown written: results/uplift-supplement/k1-gapfill/retest-phase3a-high__text-high-t0_7-n30-22of30/evaluation.md
INFO: Detection files: 1
INFO: Loading ground truth: inputs/vectors/references/mounds-reference.geojson
INFO: Loading bounds: inputs/vectors/bounds/full_evaluation_bounds.geojson
INFO: Reference: 569 mounds, 340 evaluation tiles
INFO: Evaluating: detections_T1.0_run01.geojson
INFO:   5m: F1=0.132 [0.104, 0.169], P=0.090 [0.069, 0.118], R=0.249 [0.205, 0.307]
INFO:   10m: F1=0.277 [0.231, 0.333], P=0.189 [0.151, 0.234], R=0.523 [0.458, 0.588]
INFO:   15m: F1=0.361 [0.306, 0.421], P=0.246 [0.200, 0.298], R=0.681 [0.616, 0.738]
INFO:   20m: F1=0.406 [0.347, 0.467], P=0.276 [0.227, 0.331], R=0.766 [0.709, 0.816]
INFO:   25m: F1=0.433 [0.371, 0.494], P=0.295 [0.242, 0.351], R=0.816 [0.765, 0.858]
INFO:   30m: F1=0.450 [0.387, 0.512], P=0.306 [0.252, 0.364], R=0.848 [0.799, 0.885]
INFO:   35m: F1=0.463 [0.400, 0.527], P=0.315 [0.261, 0.375], R=0.874 [0.834, 0.906]
INFO:   40m: F1=0.472 [0.408, 0.537], P=0.321 [0.266, 0.382], R=0.891 [0.854, 0.920]
INFO:   45m: F1=0.477 [0.414, 0.541], P=0.325 [0.269, 0.385], R=0.900 [0.867, 0.927]
INFO:   50m: F1=0.480 [0.416, 0.544], P=0.327 [0.271, 0.387], R=0.905 [0.874, 0.931]
INFO:   75m: F1=0.492 [0.426, 0.556], P=0.335 [0.277, 0.396], R=0.928 [0.900, 0.949]
INFO:   100m: F1=0.495 [0.429, 0.559], P=0.337 [0.279, 0.399], R=0.933 [0.907, 0.953]
INFO:   125m: F1=0.497 [0.431, 0.562], P=0.338 [0.280, 0.400], R=0.937 [0.912, 0.956]
INFO:   150m: F1=0.499 [0.432, 0.563], P=0.339 [0.281, 0.401], R=0.941 [0.916, 0.959]
INFO:   MCC=0.338 [0.273, 0.406], Sens=1.000, Spec=0.176
INFO: JSON written: results/uplift-supplement/k1-gapfill/retest-phase3a-high__text-high-t1_0-n5-4of5/evaluation.json
INFO: CSV written: results/uplift-supplement/k1-gapfill/retest-phase3a-high__text-high-t1_0-n5-4of5/evaluation.csv
INFO: Markdown written: results/uplift-supplement/k1-gapfill/retest-phase3a-high__text-high-t1_0-n5-4of5/evaluation.md
INFO: Detection files: 1
INFO: Loading ground truth: inputs/vectors/references/mounds-reference.geojson
INFO: Loading bounds: inputs/vectors/bounds/full_evaluation_bounds.geojson
INFO: Reference: 569 mounds, 340 evaluation tiles
INFO: Evaluating: detections_T1.0_run01.geojson
INFO:   5m: F1=0.132 [0.104, 0.169], P=0.090 [0.069, 0.118], R=0.249 [0.205, 0.307]
INFO:   10m: F1=0.277 [0.231, 0.333], P=0.189 [0.151, 0.234], R=0.523 [0.458, 0.588]
INFO:   15m: F1=0.361 [0.306, 0.421], P=0.246 [0.200, 0.298], R=0.681 [0.616, 0.738]
INFO:   20m: F1=0.406 [0.347, 0.467], P=0.276 [0.227, 0.331], R=0.766 [0.709, 0.816]
INFO:   25m: F1=0.433 [0.371, 0.494], P=0.295 [0.242, 0.351], R=0.816 [0.765, 0.858]
INFO:   30m: F1=0.450 [0.387, 0.512], P=0.306 [0.252, 0.364], R=0.848 [0.799, 0.885]
INFO:   35m: F1=0.463 [0.400, 0.527], P=0.315 [0.261, 0.375], R=0.874 [0.834, 0.906]
INFO:   40m: F1=0.472 [0.408, 0.537], P=0.321 [0.266, 0.382], R=0.891 [0.854, 0.920]
INFO:   45m: F1=0.477 [0.414, 0.541], P=0.325 [0.269, 0.385], R=0.900 [0.867, 0.927]
INFO:   50m: F1=0.480 [0.416, 0.544], P=0.327 [0.271, 0.387], R=0.905 [0.874, 0.931]
INFO:   75m: F1=0.492 [0.426, 0.556], P=0.335 [0.277, 0.396], R=0.928 [0.900, 0.949]
INFO:   100m: F1=0.495 [0.429, 0.559], P=0.337 [0.279, 0.399], R=0.933 [0.907, 0.953]
INFO:   125m: F1=0.497 [0.431, 0.562], P=0.338 [0.280, 0.400], R=0.937 [0.912, 0.956]
INFO:   150m: F1=0.499 [0.432, 0.563], P=0.339 [0.281, 0.401], R=0.941 [0.916, 0.959]
INFO:   MCC=0.338 [0.273, 0.406], Sens=1.000, Spec=0.176
INFO: JSON written: results/uplift-supplement/k1-gapfill/retest-phase3a-high__text-high-t1_0-n10-8of10/evaluation.json
INFO: CSV written: results/uplift-supplement/k1-gapfill/retest-phase3a-high__text-high-t1_0-n10-8of10/evaluation.csv
INFO: Markdown written: results/uplift-supplement/k1-gapfill/retest-phase3a-high__text-high-t1_0-n10-8of10/evaluation.md
INFO: Detection files: 1
INFO: Loading ground truth: inputs/vectors/references/mounds-reference.geojson
INFO: Loading bounds: inputs/vectors/bounds/full_evaluation_bounds.geojson
INFO: Reference: 569 mounds, 340 evaluation tiles
INFO: Evaluating: detections_T1.0_run01.geojson
INFO:   5m: F1=0.132 [0.104, 0.169], P=0.090 [0.069, 0.118], R=0.249 [0.205, 0.307]
INFO:   10m: F1=0.277 [0.231, 0.333], P=0.189 [0.151, 0.234], R=0.523 [0.458, 0.588]
INFO:   15m: F1=0.361 [0.306, 0.421], P=0.246 [0.200, 0.298], R=0.681 [0.616, 0.738]
INFO:   20m: F1=0.406 [0.347, 0.467], P=0.276 [0.227, 0.331], R=0.766 [0.709, 0.816]
INFO:   25m: F1=0.433 [0.371, 0.494], P=0.295 [0.242, 0.351], R=0.816 [0.765, 0.858]
INFO:   30m: F1=0.450 [0.387, 0.512], P=0.306 [0.252, 0.364], R=0.848 [0.799, 0.885]
INFO:   35m: F1=0.463 [0.400, 0.527], P=0.315 [0.261, 0.375], R=0.874 [0.834, 0.906]
INFO:   40m: F1=0.472 [0.408, 0.537], P=0.321 [0.266, 0.382], R=0.891 [0.854, 0.920]
INFO:   45m: F1=0.477 [0.414, 0.541], P=0.325 [0.269, 0.385], R=0.900 [0.867, 0.927]
INFO:   50m: F1=0.480 [0.416, 0.544], P=0.327 [0.271, 0.387], R=0.905 [0.874, 0.931]
INFO:   75m: F1=0.492 [0.426, 0.556], P=0.335 [0.277, 0.396], R=0.928 [0.900, 0.949]
INFO:   100m: F1=0.495 [0.429, 0.559], P=0.337 [0.279, 0.399], R=0.933 [0.907, 0.953]
INFO:   125m: F1=0.497 [0.431, 0.562], P=0.338 [0.280, 0.400], R=0.937 [0.912, 0.956]
INFO:   150m: F1=0.499 [0.432, 0.563], P=0.339 [0.281, 0.401], R=0.941 [0.916, 0.959]
INFO:   MCC=0.338 [0.273, 0.406], Sens=1.000, Spec=0.176
INFO: JSON written: results/uplift-supplement/k1-gapfill/retest-phase3a-high__text-high-t1_0-n30-23of30/evaluation.json
INFO: CSV written: results/uplift-supplement/k1-gapfill/retest-phase3a-high__text-high-t1_0-n30-23of30/evaluation.csv
INFO: Markdown written: results/uplift-supplement/k1-gapfill/retest-phase3a-high__text-high-t1_0-n30-23of30/evaluation.md
INFO: Detection files: 1
INFO: Loading ground truth: inputs/vectors/references/mounds-reference.geojson
INFO: Loading bounds: inputs/vectors/bounds/full_evaluation_bounds.geojson
INFO: Reference: 569 mounds, 340 evaluation tiles
INFO: Evaluating: detections_high_run01.geojson
INFO:   5m: F1=0.126 [0.103, 0.153], P=0.089 [0.070, 0.111], R=0.219 [0.184, 0.259] [partial: 4/340 tiles unprocessed]
INFO:   10m: F1=0.303 [0.257, 0.350], P=0.213 [0.173, 0.255], R=0.525 [0.470, 0.577] [partial: 4/340 tiles unprocessed]
INFO:   15m: F1=0.397 [0.340, 0.453], P=0.279 [0.229, 0.332], R=0.688 [0.631, 0.739] [partial: 4/340 tiles unprocessed]
INFO:   20m: F1=0.442 [0.381, 0.502], P=0.311 [0.256, 0.367], R=0.766 [0.709, 0.811] [partial: 4/340 tiles unprocessed]
INFO:   25m: F1=0.470 [0.407, 0.531], P=0.331 [0.273, 0.390], R=0.814 [0.761, 0.856] [partial: 4/340 tiles unprocessed]
INFO:   30m: F1=0.486 [0.421, 0.548], P=0.342 [0.282, 0.402], R=0.842 [0.790, 0.881] [partial: 4/340 tiles unprocessed]
INFO:   35m: F1=0.497 [0.432, 0.559], P=0.349 [0.289, 0.411], R=0.861 [0.816, 0.895] [partial: 4/340 tiles unprocessed]
INFO:   40m: F1=0.508 [0.441, 0.570], P=0.357 [0.296, 0.419], R=0.879 [0.839, 0.910] [partial: 4/340 tiles unprocessed]
INFO:   45m: F1=0.512 [0.446, 0.575], P=0.360 [0.299, 0.424], R=0.887 [0.849, 0.916] [partial: 4/340 tiles unprocessed]
INFO:   50m: F1=0.514 [0.448, 0.577], P=0.361 [0.300, 0.425], R=0.891 [0.853, 0.919] [partial: 4/340 tiles unprocessed]
INFO:   75m: F1=0.526 [0.459, 0.589], P=0.370 [0.307, 0.433], R=0.911 [0.879, 0.936] [partial: 4/340 tiles unprocessed]
INFO:   100m: F1=0.530 [0.463, 0.594], P=0.373 [0.309, 0.437], R=0.918 [0.888, 0.942] [partial: 4/340 tiles unprocessed]
INFO:   125m: F1=0.532 [0.464, 0.595], P=0.374 [0.311, 0.438], R=0.922 [0.892, 0.945] [partial: 4/340 tiles unprocessed]
INFO:   150m: F1=0.533 [0.465, 0.596], P=0.375 [0.311, 0.439], R=0.924 [0.894, 0.946] [partial: 4/340 tiles unprocessed]
INFO:   MCC=0.307 [0.221, 0.384], Sens=0.990, Spec=0.176
INFO: JSON written: results/uplift-supplement/k1-gapfill/retest-phase3a-replication__text-high-t0_7-n5-4of5/evaluation.json
INFO: CSV written: results/uplift-supplement/k1-gapfill/retest-phase3a-replication__text-high-t0_7-n5-4of5/evaluation.csv
INFO: Markdown written: results/uplift-supplement/k1-gapfill/retest-phase3a-replication__text-high-t0_7-n5-4of5/evaluation.md
INFO: Detection files: 1
INFO: Loading ground truth: inputs/vectors/references/mounds-reference.geojson
INFO: Loading bounds: inputs/vectors/bounds/full_evaluation_bounds.geojson
INFO: Reference: 569 mounds, 340 evaluation tiles
INFO: Evaluating: detections_high_run01.geojson
INFO:   5m: F1=0.126 [0.103, 0.153], P=0.089 [0.070, 0.111], R=0.219 [0.184, 0.259] [partial: 4/340 tiles unprocessed]
INFO:   10m: F1=0.303 [0.257, 0.350], P=0.213 [0.173, 0.255], R=0.525 [0.470, 0.577] [partial: 4/340 tiles unprocessed]
INFO:   15m: F1=0.397 [0.340, 0.453], P=0.279 [0.229, 0.332], R=0.688 [0.631, 0.739] [partial: 4/340 tiles unprocessed]
INFO:   20m: F1=0.442 [0.381, 0.502], P=0.311 [0.256, 0.367], R=0.766 [0.709, 0.811] [partial: 4/340 tiles unprocessed]
INFO:   25m: F1=0.470 [0.407, 0.531], P=0.331 [0.273, 0.390], R=0.814 [0.761, 0.856] [partial: 4/340 tiles unprocessed]
INFO:   30m: F1=0.486 [0.421, 0.548], P=0.342 [0.282, 0.402], R=0.842 [0.790, 0.881] [partial: 4/340 tiles unprocessed]
INFO:   35m: F1=0.497 [0.432, 0.559], P=0.349 [0.289, 0.411], R=0.861 [0.816, 0.895] [partial: 4/340 tiles unprocessed]
INFO:   40m: F1=0.508 [0.441, 0.570], P=0.357 [0.296, 0.419], R=0.879 [0.839, 0.910] [partial: 4/340 tiles unprocessed]
INFO:   45m: F1=0.512 [0.446, 0.575], P=0.360 [0.299, 0.424], R=0.887 [0.849, 0.916] [partial: 4/340 tiles unprocessed]
INFO:   50m: F1=0.514 [0.448, 0.577], P=0.361 [0.300, 0.425], R=0.891 [0.853, 0.919] [partial: 4/340 tiles unprocessed]
INFO:   75m: F1=0.526 [0.459, 0.589], P=0.370 [0.307, 0.433], R=0.911 [0.879, 0.936] [partial: 4/340 tiles unprocessed]
INFO:   100m: F1=0.530 [0.463, 0.594], P=0.373 [0.309, 0.437], R=0.918 [0.888, 0.942] [partial: 4/340 tiles unprocessed]
INFO:   125m: F1=0.532 [0.464, 0.595], P=0.374 [0.311, 0.438], R=0.922 [0.892, 0.945] [partial: 4/340 tiles unprocessed]
INFO:   150m: F1=0.533 [0.465, 0.596], P=0.375 [0.311, 0.439], R=0.924 [0.894, 0.946] [partial: 4/340 tiles unprocessed]
INFO:   MCC=0.307 [0.221, 0.384], Sens=0.990, Spec=0.176
INFO: JSON written: results/uplift-supplement/k1-gapfill/retest-phase3a-replication__text-high-t0_7-n10-8of10/evaluation.json
INFO: CSV written: results/uplift-supplement/k1-gapfill/retest-phase3a-replication__text-high-t0_7-n10-8of10/evaluation.csv
INFO: Markdown written: results/uplift-supplement/k1-gapfill/retest-phase3a-replication__text-high-t0_7-n10-8of10/evaluation.md
INFO: Detection files: 1
INFO: Loading ground truth: inputs/vectors/references/mounds-reference.geojson
INFO: Loading bounds: inputs/vectors/bounds/full_evaluation_bounds.geojson
INFO: Reference: 569 mounds, 340 evaluation tiles
INFO: Evaluating: detections_high_run01.geojson
INFO:   5m: F1=0.126 [0.103, 0.153], P=0.089 [0.070, 0.111], R=0.219 [0.184, 0.259] [partial: 4/340 tiles unprocessed]
INFO:   10m: F1=0.303 [0.257, 0.350], P=0.213 [0.173, 0.255], R=0.525 [0.470, 0.577] [partial: 4/340 tiles unprocessed]
INFO:   15m: F1=0.397 [0.340, 0.453], P=0.279 [0.229, 0.332], R=0.688 [0.631, 0.739] [partial: 4/340 tiles unprocessed]
INFO:   20m: F1=0.442 [0.381, 0.502], P=0.311 [0.256, 0.367], R=0.766 [0.709, 0.811] [partial: 4/340 tiles unprocessed]
INFO:   25m: F1=0.470 [0.407, 0.531], P=0.331 [0.273, 0.390], R=0.814 [0.761, 0.856] [partial: 4/340 tiles unprocessed]
INFO:   30m: F1=0.486 [0.421, 0.548], P=0.342 [0.282, 0.402], R=0.842 [0.790, 0.881] [partial: 4/340 tiles unprocessed]
INFO:   35m: F1=0.497 [0.432, 0.559], P=0.349 [0.289, 0.411], R=0.861 [0.816, 0.895] [partial: 4/340 tiles unprocessed]
INFO:   40m: F1=0.508 [0.441, 0.570], P=0.357 [0.296, 0.419], R=0.879 [0.839, 0.910] [partial: 4/340 tiles unprocessed]
INFO:   45m: F1=0.512 [0.446, 0.575], P=0.360 [0.299, 0.424], R=0.887 [0.849, 0.916] [partial: 4/340 tiles unprocessed]
INFO:   50m: F1=0.514 [0.448, 0.577], P=0.361 [0.300, 0.425], R=0.891 [0.853, 0.919] [partial: 4/340 tiles unprocessed]
INFO:   75m: F1=0.526 [0.459, 0.589], P=0.370 [0.307, 0.433], R=0.911 [0.879, 0.936] [partial: 4/340 tiles unprocessed]
INFO:   100m: F1=0.530 [0.463, 0.594], P=0.373 [0.309, 0.437], R=0.918 [0.888, 0.942] [partial: 4/340 tiles unprocessed]
INFO:   125m: F1=0.532 [0.464, 0.595], P=0.374 [0.311, 0.438], R=0.922 [0.892, 0.945] [partial: 4/340 tiles unprocessed]
INFO:   150m: F1=0.533 [0.465, 0.596], P=0.375 [0.311, 0.439], R=0.924 [0.894, 0.946] [partial: 4/340 tiles unprocessed]
INFO:   MCC=0.307 [0.221, 0.384], Sens=0.990, Spec=0.176
INFO: JSON written: results/uplift-supplement/k1-gapfill/retest-phase3a-replication__text-high-t0_7-n30-21of30/evaluation.json
INFO: CSV written: results/uplift-supplement/k1-gapfill/retest-phase3a-replication__text-high-t0_7-n30-21of30/evaluation.csv
INFO: Markdown written: results/uplift-supplement/k1-gapfill/retest-phase3a-replication__text-high-t0_7-n30-21of30/evaluation.md
INFO: Detection files: 1
INFO: Loading ground truth: inputs/vectors/references/mounds-reference.geojson
INFO: Loading bounds: inputs/vectors/bounds/full_evaluation_bounds.geojson
INFO: Reference: 569 mounds, 340 evaluation tiles
INFO: Evaluating: detections_minimal_run01.geojson
INFO:   5m: F1=0.222 [0.186, 0.263], P=0.177 [0.145, 0.214], R=0.297 [0.251, 0.347]
INFO:   10m: F1=0.457 [0.401, 0.512], P=0.365 [0.310, 0.421], R=0.610 [0.549, 0.667]
INFO:   15m: F1=0.541 [0.484, 0.596], P=0.432 [0.372, 0.493], R=0.724 [0.663, 0.773]
INFO:   20m: F1=0.582 [0.522, 0.638], P=0.465 [0.400, 0.527], R=0.777 [0.717, 0.824]
INFO:   25m: F1=0.609 [0.551, 0.664], P=0.487 [0.422, 0.550], R=0.814 [0.763, 0.857]
INFO:   30m: F1=0.623 [0.564, 0.678], P=0.498 [0.431, 0.561], R=0.833 [0.783, 0.874]
INFO:   35m: F1=0.626 [0.567, 0.681], P=0.500 [0.434, 0.563], R=0.837 [0.787, 0.877]
INFO:   40m: F1=0.634 [0.575, 0.688], P=0.507 [0.440, 0.570], R=0.848 [0.800, 0.886]
INFO:   45m: F1=0.634 [0.575, 0.688], P=0.507 [0.440, 0.570], R=0.848 [0.800, 0.886]
INFO:   50m: F1=0.638 [0.580, 0.691], P=0.510 [0.443, 0.572], R=0.853 [0.806, 0.890]
INFO:   75m: F1=0.643 [0.583, 0.696], P=0.513 [0.445, 0.576], R=0.859 [0.812, 0.896]
INFO:   100m: F1=0.645 [0.586, 0.698], P=0.516 [0.447, 0.578], R=0.863 [0.818, 0.898]
INFO:   125m: F1=0.645 [0.586, 0.698], P=0.516 [0.447, 0.578], R=0.863 [0.818, 0.898]
INFO:   150m: F1=0.647 [0.588, 0.699], P=0.517 [0.448, 0.579], R=0.865 [0.820, 0.900]
INFO:   MCC=undefined [undefined, undefined], Sens=1.000, Spec=0.000
INFO: JSON written: results/uplift-supplement/k1-gapfill/retest-phase3a-replication__text-minimal-t0_7-n5-4of5/evaluation.json
INFO: CSV written: results/uplift-supplement/k1-gapfill/retest-phase3a-replication__text-minimal-t0_7-n5-4of5/evaluation.csv
INFO: Markdown written: results/uplift-supplement/k1-gapfill/retest-phase3a-replication__text-minimal-t0_7-n5-4of5/evaluation.md
INFO: Detection files: 1
INFO: Loading ground truth: inputs/vectors/references/mounds-reference.geojson
INFO: Loading bounds: inputs/vectors/bounds/full_evaluation_bounds.geojson
INFO: Reference: 569 mounds, 340 evaluation tiles
INFO: Evaluating: detections_minimal_run01.geojson
INFO:   5m: F1=0.222 [0.186, 0.263], P=0.177 [0.145, 0.214], R=0.297 [0.251, 0.347]
INFO:   10m: F1=0.457 [0.401, 0.512], P=0.365 [0.310, 0.421], R=0.610 [0.549, 0.667]
INFO:   15m: F1=0.541 [0.484, 0.596], P=0.432 [0.372, 0.493], R=0.724 [0.663, 0.773]
INFO:   20m: F1=0.582 [0.522, 0.638], P=0.465 [0.400, 0.527], R=0.777 [0.717, 0.824]
INFO:   25m: F1=0.609 [0.551, 0.664], P=0.487 [0.422, 0.550], R=0.814 [0.763, 0.857]
INFO:   30m: F1=0.623 [0.564, 0.678], P=0.498 [0.431, 0.561], R=0.833 [0.783, 0.874]
INFO:   35m: F1=0.626 [0.567, 0.681], P=0.500 [0.434, 0.563], R=0.837 [0.787, 0.877]
INFO:   40m: F1=0.634 [0.575, 0.688], P=0.507 [0.440, 0.570], R=0.848 [0.800, 0.886]
INFO:   45m: F1=0.634 [0.575, 0.688], P=0.507 [0.440, 0.570], R=0.848 [0.800, 0.886]
INFO:   50m: F1=0.638 [0.580, 0.691], P=0.510 [0.443, 0.572], R=0.853 [0.806, 0.890]
INFO:   75m: F1=0.643 [0.583, 0.696], P=0.513 [0.445, 0.576], R=0.859 [0.812, 0.896]
INFO:   100m: F1=0.645 [0.586, 0.698], P=0.516 [0.447, 0.578], R=0.863 [0.818, 0.898]
INFO:   125m: F1=0.645 [0.586, 0.698], P=0.516 [0.447, 0.578], R=0.863 [0.818, 0.898]
INFO:   150m: F1=0.647 [0.588, 0.699], P=0.517 [0.448, 0.579], R=0.865 [0.820, 0.900]
INFO:   MCC=undefined [undefined, undefined], Sens=1.000, Spec=0.000
INFO: JSON written: results/uplift-supplement/k1-gapfill/retest-phase3a-replication__text-minimal-t0_7-n10-8of10/evaluation.json
INFO: CSV written: results/uplift-supplement/k1-gapfill/retest-phase3a-replication__text-minimal-t0_7-n10-8of10/evaluation.csv
INFO: Markdown written: results/uplift-supplement/k1-gapfill/retest-phase3a-replication__text-minimal-t0_7-n10-8of10/evaluation.md
INFO: Detection files: 1
INFO: Loading ground truth: inputs/vectors/references/mounds-reference.geojson
INFO: Loading bounds: inputs/vectors/bounds/full_evaluation_bounds.geojson
INFO: Reference: 569 mounds, 340 evaluation tiles
INFO: Evaluating: detections_minimal_run01.geojson
INFO:   5m: F1=0.222 [0.186, 0.263], P=0.177 [0.145, 0.214], R=0.297 [0.251, 0.347]
INFO:   10m: F1=0.457 [0.401, 0.512], P=0.365 [0.310, 0.421], R=0.610 [0.549, 0.667]
INFO:   15m: F1=0.541 [0.484, 0.596], P=0.432 [0.372, 0.493], R=0.724 [0.663, 0.773]
INFO:   20m: F1=0.582 [0.522, 0.638], P=0.465 [0.400, 0.527], R=0.777 [0.717, 0.824]
INFO:   25m: F1=0.609 [0.551, 0.664], P=0.487 [0.422, 0.550], R=0.814 [0.763, 0.857]
INFO:   30m: F1=0.623 [0.564, 0.678], P=0.498 [0.431, 0.561], R=0.833 [0.783, 0.874]
INFO:   35m: F1=0.626 [0.567, 0.681], P=0.500 [0.434, 0.563], R=0.837 [0.787, 0.877]
INFO:   40m: F1=0.634 [0.575, 0.688], P=0.507 [0.440, 0.570], R=0.848 [0.800, 0.886]
INFO:   45m: F1=0.634 [0.575, 0.688], P=0.507 [0.440, 0.570], R=0.848 [0.800, 0.886]
INFO:   50m: F1=0.638 [0.580, 0.691], P=0.510 [0.443, 0.572], R=0.853 [0.806, 0.890]
INFO:   75m: F1=0.643 [0.583, 0.696], P=0.513 [0.445, 0.576], R=0.859 [0.812, 0.896]
INFO:   100m: F1=0.645 [0.586, 0.698], P=0.516 [0.447, 0.578], R=0.863 [0.818, 0.898]
INFO:   125m: F1=0.645 [0.586, 0.698], P=0.516 [0.447, 0.578], R=0.863 [0.818, 0.898]
INFO:   150m: F1=0.647 [0.588, 0.699], P=0.517 [0.448, 0.579], R=0.865 [0.820, 0.900]
INFO:   MCC=undefined [undefined, undefined], Sens=1.000, Spec=0.000
INFO: JSON written: results/uplift-supplement/k1-gapfill/retest-phase3a-replication__text-minimal-t0_7-n30-25of30/evaluation.json
INFO: CSV written: results/uplift-supplement/k1-gapfill/retest-phase3a-replication__text-minimal-t0_7-n30-25of30/evaluation.csv
INFO: Markdown written: results/uplift-supplement/k1-gapfill/retest-phase3a-replication__text-minimal-t0_7-n30-25of30/evaluation.md
Loading inputs...
  detections: 14,460
  student GT: 4,746
  bounds tiles: 8,541
  review (yesterday): 0
  review (today):     773
  excluded sentinels (>150 m shell, buffer_metres=200): 10

--- Buffer R = 5 m ---
R=5m  TP=456  FP=14004  FN=4290  n_ref_student=4746  n_reviewer_promoted=0  n_ref_ext_scoped=4746
  P=0.0315  R=0.0961  F1=0.0475
  95% CIs — P=[0.0283, 0.0349] R=[0.0870, 0.1055] F1=[0.0428, 0.0524]
  MCC=0.0571  tiles TP/TN/FP/FN=3357/112/5048/24

--- Buffer R = 10 m ---
R=10m  TP=1427  FP=13033  FN=3319  n_ref_student=4746  n_reviewer_promoted=0  n_ref_ext_scoped=4746
  P=0.0987  R=0.3007  F1=0.1486
  95% CIs — P=[0.0923, 0.1052] R=[0.2858, 0.3154] F1=[0.1399, 0.1575]
  MCC=0.0571  tiles TP/TN/FP/FN=3357/112/5048/24

--- Buffer R = 15 m ---
R=15m  TP=2297  FP=12163  FN=2449  n_ref_student=4746  n_reviewer_promoted=0  n_ref_ext_scoped=4746
  P=0.1589  R=0.4840  F1=0.2392
  95% CIs — P=[0.1502, 0.1675] R=[0.4673, 0.5013] F1=[0.2279, 0.2505]
  MCC=0.0571  tiles TP/TN/FP/FN=3357/112/5048/24

--- Buffer R = 20 m ---
R=20m  TP=2924  FP=11536  FN=1822  n_ref_student=4746  n_reviewer_promoted=0  n_ref_ext_scoped=4746
  P=0.2022  R=0.6161  F1=0.3045
  95% CIs — P=[0.1924, 0.2123] R=[0.5995, 0.6332] F1=[0.2921, 0.3173]
  MCC=0.0571  tiles TP/TN/FP/FN=3357/112/5048/24

--- Buffer R = 25 m ---
R=25m  TP=3357  FP=11103  FN=1389  n_ref_student=4746  n_reviewer_promoted=0  n_ref_ext_scoped=4746
  P=0.2322  R=0.7073  F1=0.3496
  95% CIs — P=[0.2214, 0.2431] R=[0.6920, 0.7231] F1=[0.3361, 0.3630]
  MCC=0.0571  tiles TP/TN/FP/FN=3357/112/5048/24

--- Buffer R = 30 m ---
R=30m  TP=3577  FP=10883  FN=1169  n_ref_student=4746  n_reviewer_promoted=0  n_ref_ext_scoped=4746
  P=0.2474  R=0.7537  F1=0.3725
  95% CIs — P=[0.2362, 0.2588] R=[0.7392, 0.7683] F1=[0.3589, 0.3862]
  MCC=0.0571  tiles TP/TN/FP/FN=3357/112/5048/24

--- Buffer R = 35 m ---
R=35m  TP=3676  FP=10784  FN=1070  n_ref_student=4746  n_reviewer_promoted=0  n_ref_ext_scoped=4746
  P=0.2542  R=0.7745  F1=0.3828
  95% CIs — P=[0.2428, 0.2658] R=[0.7608, 0.7884] F1=[0.3690, 0.3966]
  MCC=0.0571  tiles TP/TN/FP/FN=3357/112/5048/24

--- Buffer R = 40 m ---
R=40m  TP=3734  FP=10726  FN=1012  n_ref_student=4746  n_reviewer_promoted=0  n_ref_ext_scoped=4746
  P=0.2582  R=0.7868  F1=0.3888
  95% CIs — P=[0.2468, 0.2699] R=[0.7732, 0.8001] F1=[0.3750, 0.4027]
  MCC=0.0571  tiles TP/TN/FP/FN=3357/112/5048/24

--- Buffer R = 45 m ---
R=45m  TP=3768  FP=10692  FN=978  n_ref_student=4746  n_reviewer_promoted=0  n_ref_ext_scoped=4746
  P=0.2606  R=0.7939  F1=0.3924
  95% CIs — P=[0.2489, 0.2723] R=[0.7806, 0.8071] F1=[0.3784, 0.4062]
  MCC=0.0571  tiles TP/TN/FP/FN=3357/112/5048/24

--- Buffer R = 50 m ---
  build_extended_gt: dropped 1 phantom(s) within 5.0 m of a same-map student-GT point (channel-duplicated rescue de-duplication)
R=50m  TP=4110  FP=10350  FN=1050  n_ref_student=4746  n_reviewer_promoted=414  n_ref_ext_scoped=5160
  P=0.2842  R=0.7965  F1=0.4190
  95% CIs — P=[0.2723, 0.2962] R=[0.7840, 0.8093] F1=[0.4050, 0.4327]
  MCC=0.0610  tiles TP/TN/FP/FN=3500/112/4905/24

--- Buffer R = 75 m ---
  build_extended_gt: dropped 1 phantom(s) within 5.0 m of a same-map student-GT point (channel-duplicated rescue de-duplication)
R=75m  TP=4185  FP=10275  FN=1154  n_ref_student=4746  n_reviewer_promoted=593  n_ref_ext_scoped=5339
  P=0.2894  R=0.7839  F1=0.4227
  95% CIs — P=[0.2773, 0.3016] R=[0.7710, 0.7967] F1=[0.4088, 0.4364]
  MCC=0.0615  tiles TP/TN/FP/FN=3517/112/4888/24

--- Buffer R = 100 m ---
  build_extended_gt: dropped 1 phantom(s) within 5.0 m of a same-map student-GT point (channel-duplicated rescue de-duplication)
R=100m  TP=4212  FP=10248  FN=1218  n_ref_student=4746  n_reviewer_promoted=684  n_ref_ext_scoped=5430
  P=0.2913  R=0.7757  F1=0.4235
  95% CIs — P=[0.2791, 0.3034] R=[0.7628, 0.7887] F1=[0.4096, 0.4372]
  MCC=0.0618  tiles TP/TN/FP/FN=3527/112/4878/24

--- Buffer R = 125 m ---
  build_extended_gt: dropped 1 phantom(s) within 5.0 m of a same-map student-GT point (channel-duplicated rescue de-duplication)
R=125m  TP=4234  FP=10226  FN=1240  n_ref_student=4746  n_reviewer_promoted=728  n_ref_ext_scoped=5474
  P=0.2928  R=0.7735  F1=0.4248
  95% CIs — P=[0.2805, 0.3050] R=[0.7606, 0.7865] F1=[0.4110, 0.4384]
  MCC=0.0619  tiles TP/TN/FP/FN=3532/112/4873/24

--- Buffer R = 150 m ---
  build_extended_gt: dropped 1 phantom(s) within 5.0 m of a same-map student-GT point (channel-duplicated rescue de-duplication)
R=150m  TP=4252  FP=10208  FN=1256  n_ref_student=4746  n_reviewer_promoted=762  n_ref_ext_scoped=5508
  P=0.2941  R=0.7720  F1=0.4259
  95% CIs — P=[0.2817, 0.3063] R=[0.7590, 0.7849] F1=[0.4120, 0.4394]
  MCC=0.0619  tiles TP/TN/FP/FN=3532/112/4873/24

Wrote results/uplift-supplement/k1-gapfill/55maps-text-min-n10-uplift__verified-5of10-canonical-gt/corrected-f1.csv
Wrote results/uplift-supplement/k1-gapfill/55maps-text-min-n10-uplift__verified-5of10-canonical-gt/summary.json
Wrote results/uplift-supplement/k1-gapfill/55maps-text-min-n10-uplift__verified-5of10-canonical-gt/report_autogen.md
Loading inputs...
  detections: 14,460
  student GT: 4,731
  bounds tiles: 8,541
  standardised extension layer: 279 (included whole at every R)
  pre-computing buffer-invariant MCC block (extension mode)...

--- Buffer R = 5 m ---
R=5m  TP=652  FP=13808  FN=4358  n_ref_student=4731  n_reviewer_promoted=279  n_ref_ext_scoped=5010
  P=0.0451  R=0.1301  F1=0.0670
  95% CIs — P=[0.0412, 0.0492] R=[0.1198, 0.1406] F1=[0.0614, 0.0727]
  MCC=0.0610  tiles TP/TN/FP/FN=3500/112/4905/24

--- Buffer R = 10 m ---
R=10m  TP=1734  FP=12726  FN=3276  n_ref_student=4731  n_reviewer_promoted=279  n_ref_ext_scoped=5010
  P=0.1199  R=0.3461  F1=0.1781
  95% CIs — P=[0.1128, 0.1273] R=[0.3307, 0.3613] F1=[0.1685, 0.1877]
  MCC=0.0610  tiles TP/TN/FP/FN=3500/112/4905/24

--- Buffer R = 15 m ---
R=15m  TP=2585  FP=11875  FN=2425  n_ref_student=4731  n_reviewer_promoted=279  n_ref_ext_scoped=5010
  P=0.1788  R=0.5160  F1=0.2655
  95% CIs — P=[0.1695, 0.1881] R=[0.4994, 0.5328] F1=[0.2537, 0.2773]
  MCC=0.0610  tiles TP/TN/FP/FN=3500/112/4905/24

--- Buffer R = 20 m ---
R=20m  TP=3186  FP=11274  FN=1824  n_ref_student=4731  n_reviewer_promoted=279  n_ref_ext_scoped=5010
  P=0.2203  R=0.6359  F1=0.3273
  95% CIs — P=[0.2099, 0.2309] R=[0.6198, 0.6522] F1=[0.3144, 0.3402]
  MCC=0.0610  tiles TP/TN/FP/FN=3500/112/4905/24

--- Buffer R = 25 m ---
R=25m  TP=3592  FP=10868  FN=1418  n_ref_student=4731  n_reviewer_promoted=279  n_ref_ext_scoped=5010
  P=0.2484  R=0.7170  F1=0.3690
  95% CIs — P=[0.2372, 0.2596] R=[0.7019, 0.7321] F1=[0.3556, 0.3823]
  MCC=0.0610  tiles TP/TN/FP/FN=3500/112/4905/24

--- Buffer R = 30 m ---
R=30m  TP=3807  FP=10653  FN=1203  n_ref_student=4731  n_reviewer_promoted=279  n_ref_ext_scoped=5010
  P=0.2633  R=0.7599  F1=0.3911
  95% CIs — P=[0.2517, 0.2748] R=[0.7459, 0.7741] F1=[0.3772, 0.4048]
  MCC=0.0610  tiles TP/TN/FP/FN=3500/112/4905/24

--- Buffer R = 35 m ---
R=35m  TP=3910  FP=10550  FN=1100  n_ref_student=4731  n_reviewer_promoted=279  n_ref_ext_scoped=5010
  P=0.2704  R=0.7804  F1=0.4016
  95% CIs — P=[0.2586, 0.2822] R=[0.7670, 0.7939] F1=[0.3878, 0.4154]
  MCC=0.0610  tiles TP/TN/FP/FN=3500/112/4905/24

--- Buffer R = 40 m ---
R=40m  TP=3967  FP=10493  FN=1043  n_ref_student=4731  n_reviewer_promoted=279  n_ref_ext_scoped=5010
  P=0.2743  R=0.7918  F1=0.4075
  95% CIs — P=[0.2624, 0.2862] R=[0.7787, 0.8049] F1=[0.3936, 0.4213]
  MCC=0.0610  tiles TP/TN/FP/FN=3500/112/4905/24

--- Buffer R = 45 m ---
R=45m  TP=3997  FP=10463  FN=1013  n_ref_student=4731  n_reviewer_promoted=279  n_ref_ext_scoped=5010
  P=0.2764  R=0.7978  F1=0.4106
  95% CIs — P=[0.2645, 0.2884] R=[0.7849, 0.8107] F1=[0.3966, 0.4243]
  MCC=0.0610  tiles TP/TN/FP/FN=3500/112/4905/24

--- Buffer R = 50 m ---
R=50m  TP=4018  FP=10442  FN=992  n_ref_student=4731  n_reviewer_promoted=279  n_ref_ext_scoped=5010
  P=0.2779  R=0.8020  F1=0.4127
  95% CIs — P=[0.2658, 0.2898] R=[0.7893, 0.8146] F1=[0.3987, 0.4265]
  MCC=0.0610  tiles TP/TN/FP/FN=3500/112/4905/24

--- Buffer R = 75 m ---
R=75m  TP=4049  FP=10411  FN=961  n_ref_student=4731  n_reviewer_promoted=279  n_ref_ext_scoped=5010
  P=0.2800  R=0.8082  F1=0.4159
  95% CIs — P=[0.2680, 0.2919] R=[0.7956, 0.8208] F1=[0.4018, 0.4298]
  MCC=0.0610  tiles TP/TN/FP/FN=3500/112/4905/24

--- Buffer R = 100 m ---
R=100m  TP=4064  FP=10396  FN=946  n_ref_student=4731  n_reviewer_promoted=279  n_ref_ext_scoped=5010
  P=0.2811  R=0.8112  F1=0.4175
  95% CIs — P=[0.2689, 0.2930] R=[0.7986, 0.8238] F1=[0.4033, 0.4314]
  MCC=0.0610  tiles TP/TN/FP/FN=3500/112/4905/24

--- Buffer R = 125 m ---
R=125m  TP=4070  FP=10390  FN=940  n_ref_student=4731  n_reviewer_promoted=279  n_ref_ext_scoped=5010
  P=0.2815  R=0.8124  F1=0.4181
  95% CIs — P=[0.2694, 0.2935] R=[0.7998, 0.8249] F1=[0.4039, 0.4320]
  MCC=0.0610  tiles TP/TN/FP/FN=3500/112/4905/24

--- Buffer R = 150 m ---
R=150m  TP=4082  FP=10378  FN=928  n_ref_student=4731  n_reviewer_promoted=279  n_ref_ext_scoped=5010
  P=0.2823  R=0.8148  F1=0.4193
  95% CIs — P=[0.2702, 0.2944] R=[0.8022, 0.8272] F1=[0.4051, 0.4331]
  MCC=0.0610  tiles TP/TN/FP/FN=3500/112/4905/24

Wrote results/uplift-supplement/k1-gapfill/55maps-text-min-n10-uplift__verified-5of10-standardised-gt/corrected-f1.csv
Wrote results/uplift-supplement/k1-gapfill/55maps-text-min-n10-uplift__verified-5of10-standardised-gt/summary.json
Wrote results/uplift-supplement/k1-gapfill/55maps-text-min-n10-uplift__verified-5of10-standardised-gt/report_autogen.md
INFO: Detection files: 1
INFO: Loading ground truth: inputs/vectors/references/mounds-reference.geojson
INFO: Loading bounds: outputs/grid-2026-08-18/scoring/bounds/grid_common_bounds.geojson
INFO: Reference: 569 mounds, 487 evaluation tiles
INFO: Evaluating: detections-detect_brief-text-3-flash-2026-08-24.geojson
INFO:   20m: F1=0.412 [0.369, 0.464], P=0.269 [0.234, 0.314], R=0.883 [0.839, 0.918]
INFO:   MCC=0.084 [0.042, 0.123], Sens=1.000, Spec=0.015
INFO: JSON written: results/uplift-supplement/k1-gapfill/stride-phaseb-2026-08-25__g512-ov176-k10-verified-p0_15-k6/evaluation.json
INFO: CSV written: results/uplift-supplement/k1-gapfill/stride-phaseb-2026-08-25__g512-ov176-k10-verified-p0_15-k6/evaluation.csv
INFO: Markdown written: results/uplift-supplement/k1-gapfill/stride-phaseb-2026-08-25__g512-ov176-k10-verified-p0_15-k6/evaluation.md
INFO: Detection files: 1
INFO: Loading ground truth: inputs/vectors/references/mounds-reference.geojson
INFO: Loading bounds: outputs/grid-2026-08-18/scoring/bounds/grid_common_bounds.geojson
INFO: Reference: 569 mounds, 487 evaluation tiles
INFO: Evaluating: detections-detect_brief-text-3-flash-2026-08-24.geojson
INFO:   20m: F1=0.340 [0.000, 0.200], P=0.208 [0.000, 0.667], R=0.921 [0.000, 0.162] [partial: 483/487 tiles unprocessed]
INFO:   MCC=0.007 [-0.078, 0.092], Sens=0.009, Spec=0.992
INFO: JSON written: results/uplift-supplement/k1-gapfill/stride-phaseb-2026-08-25__g384-ov128-k10-verified-p0_15-k8/evaluation.json
INFO: CSV written: results/uplift-supplement/k1-gapfill/stride-phaseb-2026-08-25__g384-ov128-k10-verified-p0_15-k8/evaluation.csv
INFO: Markdown written: results/uplift-supplement/k1-gapfill/stride-phaseb-2026-08-25__g384-ov128-k10-verified-p0_15-k8/evaluation.md
INFO: Detection files: 1
INFO: Loading ground truth: inputs/vectors/references/mounds-reference.geojson
INFO: Loading bounds: outputs/grid-2026-08-18/scoring/bounds/grid_common_bounds.geojson
INFO: Reference: 569 mounds, 487 evaluation tiles
INFO: Evaluating: detections-detect_brief-text-3-flash-2026-08-24.geojson
INFO:   20m: F1=0.265 [0.041, 0.259], P=0.155 [0.027, 0.205], R=0.937 [0.067, 0.390] [partial: 447/487 tiles unprocessed]
INFO:   MCC=-0.082 [-0.159, 0.010], Sens=0.058, Spec=0.897
INFO: JSON written: results/uplift-supplement/k1-gapfill/stride-phaseb-2026-08-25__g256-ov064-k10-verified-p0_15-k8/evaluation.json
INFO: CSV written: results/uplift-supplement/k1-gapfill/stride-phaseb-2026-08-25__g256-ov064-k10-verified-p0_15-k8/evaluation.csv
INFO: Markdown written: results/uplift-supplement/k1-gapfill/stride-phaseb-2026-08-25__g256-ov064-k10-verified-p0_15-k8/evaluation.md
INFO: Detection files: 1
INFO: Loading ground truth: inputs/vectors/references/mounds-reference.geojson
INFO: Loading bounds: outputs/grid-2026-08-18/scoring/bounds/grid_common_bounds.geojson
INFO: Reference: 569 mounds, 487 evaluation tiles
INFO: Evaluating: detections-detect_brief-text-3-flash-2026-08-24.geojson
INFO:   20m: F1=0.187 [0.053, 0.242], P=0.104 [0.029, 0.156], R=0.953 [0.154, 0.618] [partial: 447/487 tiles unprocessed]
INFO:   MCC=-0.082 [-0.159, 0.010], Sens=0.058, Spec=0.897
INFO: JSON written: results/uplift-supplement/k1-gapfill/stride-phaseb-2026-08-25__g512-ov320-k10-verified-p0_15-k10/evaluation.json
INFO: CSV written: results/uplift-supplement/k1-gapfill/stride-phaseb-2026-08-25__g512-ov320-k10-verified-p0_15-k10/evaluation.csv
INFO: Markdown written: results/uplift-supplement/k1-gapfill/stride-phaseb-2026-08-25__g512-ov320-k10-verified-p0_15-k10/evaluation.md
INFO: Detection files: 1
INFO: Loading ground truth: inputs/vectors/references/mounds-reference.geojson
INFO: Loading bounds: outputs/grid-2026-08-18/scoring/bounds/grid_common_bounds.geojson
INFO: Reference: 569 mounds, 487 evaluation tiles
INFO: Evaluating: detections-detect_brief-text-3-flash-2026-08-24.geojson
INFO:   20m: F1=0.340 [0.000, 0.200], P=0.208 [0.000, 0.667], R=0.921 [0.000, 0.162] [partial: 483/487 tiles unprocessed]
INFO:   MCC=0.007 [-0.078, 0.092], Sens=0.009, Spec=0.992
INFO: JSON written: results/uplift-supplement/k1-gapfill/stride-phaseb-2026-08-25__g384-ov128-ladder-n3-verified-p0_15-k3/evaluation.json
INFO: CSV written: results/uplift-supplement/k1-gapfill/stride-phaseb-2026-08-25__g384-ov128-ladder-n3-verified-p0_15-k3/evaluation.csv
INFO: Markdown written: results/uplift-supplement/k1-gapfill/stride-phaseb-2026-08-25__g384-ov128-ladder-n3-verified-p0_15-k3/evaluation.md
INFO: Detection files: 1
INFO: Loading ground truth: inputs/vectors/references/mounds-reference.geojson
INFO: Loading bounds: outputs/grid-2026-08-18/scoring/bounds/grid_common_bounds.geojson
INFO: Reference: 569 mounds, 487 evaluation tiles
INFO: Evaluating: detections-detect_brief-text-3-flash-2026-08-24.geojson
INFO:   20m: F1=0.340 [0.000, 0.200], P=0.208 [0.000, 0.667], R=0.921 [0.000, 0.162] [partial: 483/487 tiles unprocessed]
INFO:   MCC=0.007 [-0.078, 0.092], Sens=0.009, Spec=0.992
INFO: JSON written: results/uplift-supplement/k1-gapfill/stride-phaseb-2026-08-25__g384-ov128-ladder-n5-verified-p0_15-k4/evaluation.json
INFO: CSV written: results/uplift-supplement/k1-gapfill/stride-phaseb-2026-08-25__g384-ov128-ladder-n5-verified-p0_15-k4/evaluation.csv
INFO: Markdown written: results/uplift-supplement/k1-gapfill/stride-phaseb-2026-08-25__g384-ov128-ladder-n5-verified-p0_15-k4/evaluation.md
INFO: Detection files: 1
INFO: Loading ground truth: inputs/vectors/references/mounds-reference.geojson
INFO: Loading bounds: outputs/grid-2026-08-18/scoring/bounds/grid_common_bounds.geojson
INFO: Reference: 569 mounds, 487 evaluation tiles
INFO: Evaluating: detections-detect_brief-text-3-flash-2026-08-24.geojson
INFO:   20m: F1=0.135 [0.127, 0.366], P=0.073 [0.074, 0.248], R=0.970 [0.333, 0.771] [partial: 422/487 tiles unprocessed]
INFO:   MCC=0.060 [-0.026, 0.152], Sens=0.156, Spec=0.885
INFO: JSON written: results/uplift-supplement/k1-gapfill/stride-phasec-2026-08-25__g384-ov240-k10-verified-p0_15-k10/evaluation.json
INFO: CSV written: results/uplift-supplement/k1-gapfill/stride-phasec-2026-08-25__g384-ov240-k10-verified-p0_15-k10/evaluation.csv
INFO: Markdown written: results/uplift-supplement/k1-gapfill/stride-phasec-2026-08-25__g384-ov240-k10-verified-p0_15-k10/evaluation.md
Loading inputs...
  detections: 23,743
  student GT: 4,746
  bounds tiles: 8,541
  review (yesterday): 0
  review (today):     773
  excluded sentinels (>150 m shell, buffer_metres=200): 10

--- Buffer R = 20 m ---
R=20m  TP=3429  FP=20314  FN=1317  n_ref_student=4746  n_reviewer_promoted=0  n_ref_ext_scoped=4746
  P=0.1444  R=0.7225  F1=0.2407
  95% CIs — P=[0.0476, 0.1912] R=[0.0023, 0.0121] F1=[0.0044, 0.0227]
  MCC=0.0067  tiles TP/TN/FP/FN=24/5129/31/3357

--- Buffer R = 30 m ---
R=30m  TP=4005  FP=19738  FN=741  n_ref_student=4746  n_reviewer_promoted=0  n_ref_ext_scoped=4746
  P=0.1687  R=0.8439  F1=0.2812
  95% CIs — P=[0.0735, 0.2418] R=[0.0067, 0.0270] F1=[0.0123, 0.0481]
  MCC=0.0067  tiles TP/TN/FP/FN=24/5129/31/3357

--- Buffer R = 50 m ---
  build_extended_gt: dropped 1 phantom(s) within 5.0 m of a same-map student-GT point (channel-duplicated rescue de-duplication)
R=50m  TP=4509  FP=19234  FN=651  n_ref_student=4746  n_reviewer_promoted=414  n_ref_ext_scoped=5160
  P=0.1899  R=0.8738  F1=0.3120
  95% CIs — P=[0.0877, 0.3131] R=[0.0091, 0.0396] F1=[0.0165, 0.0697]
  MCC=0.0098  tiles TP/TN/FP/FN=26/4988/29/3498

Wrote results/uplift-supplement/k1-gapfill/stride-55map-2026-08-25__g384-ov128-55map-verified-carried-p0_15-k8-canonical-gt/corrected-f1.csv
Wrote results/uplift-supplement/k1-gapfill/stride-55map-2026-08-25__g384-ov128-55map-verified-carried-p0_15-k8-canonical-gt/summary.json
Wrote results/uplift-supplement/k1-gapfill/stride-55map-2026-08-25__g384-ov128-55map-verified-carried-p0_15-k8-canonical-gt/report_autogen.md
Loading inputs...
  detections: 23,743
  student GT: 4,746
  bounds tiles: 8,541
  review (yesterday): 0
  review (today):     773
  excluded sentinels (>150 m shell, buffer_metres=200): 10

--- Buffer R = 20 m ---
R=20m  TP=3429  FP=20314  FN=1317  n_ref_student=4746  n_reviewer_promoted=0  n_ref_ext_scoped=4746
  P=0.1444  R=0.7225  F1=0.2407
  95% CIs — P=[0.0476, 0.1912] R=[0.0023, 0.0121] F1=[0.0044, 0.0227]
  MCC=0.0067  tiles TP/TN/FP/FN=24/5129/31/3357

--- Buffer R = 30 m ---
R=30m  TP=4005  FP=19738  FN=741  n_ref_student=4746  n_reviewer_promoted=0  n_ref_ext_scoped=4746
  P=0.1687  R=0.8439  F1=0.2812
  95% CIs — P=[0.0735, 0.2418] R=[0.0067, 0.0270] F1=[0.0123, 0.0481]
  MCC=0.0067  tiles TP/TN/FP/FN=24/5129/31/3357

--- Buffer R = 50 m ---
  build_extended_gt: dropped 1 phantom(s) within 5.0 m of a same-map student-GT point (channel-duplicated rescue de-duplication)
R=50m  TP=4509  FP=19234  FN=651  n_ref_student=4746  n_reviewer_promoted=414  n_ref_ext_scoped=5160
  P=0.1899  R=0.8738  F1=0.3120
  95% CIs — P=[0.0877, 0.3131] R=[0.0091, 0.0396] F1=[0.0165, 0.0697]
  MCC=0.0098  tiles TP/TN/FP/FN=26/4988/29/3498

Wrote results/uplift-supplement/k1-gapfill/stride-55map-2026-08-25__g384-ov128-55map-verified-oracle-p0_15-k7-canonical-gt/corrected-f1.csv
Wrote results/uplift-supplement/k1-gapfill/stride-55map-2026-08-25__g384-ov128-55map-verified-oracle-p0_15-k7-canonical-gt/summary.json
Wrote results/uplift-supplement/k1-gapfill/stride-55map-2026-08-25__g384-ov128-55map-verified-oracle-p0_15-k7-canonical-gt/report_autogen.md
Loading inputs...
  detections: 40,746
  student GT: 4,746
  bounds tiles: 8,541
  review (yesterday): 0
  review (today):     773
  excluded sentinels (>150 m shell, buffer_metres=200): 10

--- Buffer R = 20 m ---
R=20m  TP=3816  FP=36930  FN=930  n_ref_student=4746  n_reviewer_promoted=0  n_ref_ext_scoped=4746
  P=0.0937  R=0.8040  F1=0.1678
  95% CIs — P=[0.0754, 0.1152] R=[0.0787, 0.1215] F1=[0.0776, 0.1172]
  MCC=-0.0098  tiles TP/TN/FP/FN=248/4754/406/3133

--- Buffer R = 30 m ---
R=30m  TP=4275  FP=36471  FN=471  n_ref_student=4746  n_reviewer_promoted=0  n_ref_ext_scoped=4746
  P=0.1049  R=0.9008  F1=0.1879
  95% CIs — P=[0.0923, 0.1371] R=[0.1692, 0.2492] F1=[0.1201, 0.1752]
  MCC=-0.0098  tiles TP/TN/FP/FN=248/4754/406/3133

--- Buffer R = 50 m ---
  build_extended_gt: dropped 1 phantom(s) within 5.0 m of a same-map student-GT point (channel-duplicated rescue de-duplication)
R=50m  TP=4792  FP=35954  FN=368  n_ref_student=4746  n_reviewer_promoted=414  n_ref_ext_scoped=5160
  P=0.1176  R=0.9287  F1=0.2088
  95% CIs — P=[0.1087, 0.1572] R=[0.2347, 0.3287] F1=[0.1497, 0.2105]
  MCC=-0.0106  tiles TP/TN/FP/FN=258/4621/396/3266

Wrote results/uplift-supplement/k1-gapfill/stride-55map-2026-08-25__g384-ov192-55map-verified-carried-p0_15-k10-canonical-gt/corrected-f1.csv
Wrote results/uplift-supplement/k1-gapfill/stride-55map-2026-08-25__g384-ov192-55map-verified-carried-p0_15-k10-canonical-gt/summary.json
Wrote results/uplift-supplement/k1-gapfill/stride-55map-2026-08-25__g384-ov192-55map-verified-carried-p0_15-k10-canonical-gt/report_autogen.md
Loading inputs...
  detections: 40,746
  student GT: 4,746
  bounds tiles: 8,541
  review (yesterday): 0
  review (today):     773
  excluded sentinels (>150 m shell, buffer_metres=200): 10

--- Buffer R = 20 m ---
R=20m  TP=3816  FP=36930  FN=930  n_ref_student=4746  n_reviewer_promoted=0  n_ref_ext_scoped=4746
  P=0.0937  R=0.8040  F1=0.1678
  95% CIs — P=[0.0754, 0.1152] R=[0.0787, 0.1215] F1=[0.0776, 0.1172]
  MCC=-0.0098  tiles TP/TN/FP/FN=248/4754/406/3133

--- Buffer R = 30 m ---
R=30m  TP=4275  FP=36471  FN=471  n_ref_student=4746  n_reviewer_promoted=0  n_ref_ext_scoped=4746
  P=0.1049  R=0.9008  F1=0.1879
  95% CIs — P=[0.0923, 0.1371] R=[0.1692, 0.2492] F1=[0.1201, 0.1752]
  MCC=-0.0098  tiles TP/TN/FP/FN=248/4754/406/3133

--- Buffer R = 50 m ---
  build_extended_gt: dropped 1 phantom(s) within 5.0 m of a same-map student-GT point (channel-duplicated rescue de-duplication)
R=50m  TP=4792  FP=35954  FN=368  n_ref_student=4746  n_reviewer_promoted=414  n_ref_ext_scoped=5160
  P=0.1176  R=0.9287  F1=0.2088
  95% CIs — P=[0.1087, 0.1572] R=[0.2347, 0.3287] F1=[0.1497, 0.2105]
  MCC=-0.0106  tiles TP/TN/FP/FN=258/4621/396/3266

Wrote results/uplift-supplement/k1-gapfill/stride-55map-2026-08-25__g384-ov192-55map-verified-oracle-p0_20-k9-canonical-gt/corrected-f1.csv
Wrote results/uplift-supplement/k1-gapfill/stride-55map-2026-08-25__g384-ov192-55map-verified-oracle-p0_20-k9-canonical-gt/summary.json
Wrote results/uplift-supplement/k1-gapfill/stride-55map-2026-08-25__g384-ov192-55map-verified-oracle-p0_20-k9-canonical-gt/report_autogen.md
INFO: Detection files: 1
INFO: Loading ground truth: inputs/vectors/references/best-available-gt-55maps.geojson
INFO: Loading bounds: inputs/vectors/bounds/384/55maps_evaluation_bounds.geojson
INFO: Reference: 5010 mounds, 8541 evaluation tiles
INFO: Evaluating: detections-detect_brief-text-3-flash-2026-08-25.geojson
INFO:   5m: F1=0.061 [0.000, 0.002], P=0.037 [0.000, 0.059], R=0.176 [0.000, 0.001] [partial: 8486/8541 tiles unprocessed]
INFO:   10m: F1=0.147 [0.001, 0.009], P=0.089 [0.016, 0.158], R=0.422 [0.000, 0.005] [partial: 8486/8541 tiles unprocessed]
INFO:   15m: F1=0.216 [0.004, 0.019], P=0.131 [0.051, 0.215], R=0.621 [0.002, 0.010] [partial: 8486/8541 tiles unprocessed]
INFO:   20m: F1=0.258 [0.008, 0.035], P=0.156 [0.076, 0.275], R=0.740 [0.004, 0.018] [partial: 8486/8541 tiles unprocessed]
INFO:   25m: F1=0.283 [0.013, 0.057], P=0.172 [0.092, 0.329], R=0.813 [0.007, 0.031] [partial: 8486/8541 tiles unprocessed]
INFO:   30m: F1=0.296 [0.018, 0.070], P=0.179 [0.103, 0.341], R=0.849 [0.010, 0.039] [partial: 8486/8541 tiles unprocessed]
INFO:   35m: F1=0.302 [0.020, 0.078], P=0.183 [0.103, 0.341], R=0.867 [0.011, 0.045] [partial: 8486/8541 tiles unprocessed]
INFO:   40m: F1=0.305 [0.021, 0.083], P=0.185 [0.103, 0.341], R=0.875 [0.012, 0.047] [partial: 8486/8541 tiles unprocessed]
INFO:   45m: F1=0.307 [0.022, 0.085], P=0.186 [0.103, 0.341], R=0.880 [0.012, 0.049] [partial: 8486/8541 tiles unprocessed]
INFO:   50m: F1=0.308 [0.022, 0.087], P=0.186 [0.103, 0.341], R=0.882 [0.012, 0.050] [partial: 8486/8541 tiles unprocessed]
INFO:   75m: F1=0.310 [0.023, 0.091], P=0.188 [0.103, 0.341], R=0.889 [0.013, 0.053] [partial: 8486/8541 tiles unprocessed]
INFO:   100m: F1=0.311 [0.024, 0.092], P=0.188 [0.103, 0.341], R=0.891 [0.013, 0.054] [partial: 8486/8541 tiles unprocessed]
INFO:   125m: F1=0.312 [0.025, 0.095], P=0.189 [0.103, 0.341], R=0.895 [0.014, 0.056] [partial: 8486/8541 tiles unprocessed]
INFO:   150m: F1=0.313 [0.025, 0.097], P=0.189 [0.103, 0.341], R=0.897 [0.014, 0.057] [partial: 8486/8541 tiles unprocessed]
INFO:   MCC=0.007 [-0.014, 0.029], Sens=0.007, Spec=0.994
INFO: JSON written: results/uplift-supplement/k1-gapfill/stride-55map-2026-08-25__g384-ov128-55map-n10-oracle-p0_15-k7-standardised-gt/evaluation.json
INFO: CSV written: results/uplift-supplement/k1-gapfill/stride-55map-2026-08-25__g384-ov128-55map-n10-oracle-p0_15-k7-standardised-gt/evaluation.csv
INFO: Markdown written: results/uplift-supplement/k1-gapfill/stride-55map-2026-08-25__g384-ov128-55map-n10-oracle-p0_15-k7-standardised-gt/evaluation.md
INFO: Detection files: 1
INFO: Loading ground truth: inputs/vectors/references/best-available-gt-55maps.geojson
INFO: Loading bounds: inputs/vectors/bounds/384/55maps_evaluation_bounds.geojson
INFO: Reference: 5010 mounds, 8541 evaluation tiles
INFO: Evaluating: detections-detect_brief-text-3-flash-2026-08-25.geojson
INFO:   5m: F1=0.061 [0.000, 0.002], P=0.037 [0.000, 0.059], R=0.176 [0.000, 0.001] [partial: 8486/8541 tiles unprocessed]
INFO:   10m: F1=0.147 [0.001, 0.009], P=0.089 [0.016, 0.158], R=0.422 [0.000, 0.005] [partial: 8486/8541 tiles unprocessed]
INFO:   15m: F1=0.216 [0.004, 0.019], P=0.131 [0.051, 0.215], R=0.621 [0.002, 0.010] [partial: 8486/8541 tiles unprocessed]
INFO:   20m: F1=0.258 [0.008, 0.035], P=0.156 [0.076, 0.275], R=0.740 [0.004, 0.018] [partial: 8486/8541 tiles unprocessed]
INFO:   25m: F1=0.283 [0.013, 0.057], P=0.172 [0.092, 0.329], R=0.813 [0.007, 0.031] [partial: 8486/8541 tiles unprocessed]
INFO:   30m: F1=0.296 [0.018, 0.070], P=0.179 [0.103, 0.341], R=0.849 [0.010, 0.039] [partial: 8486/8541 tiles unprocessed]
INFO:   35m: F1=0.302 [0.020, 0.078], P=0.183 [0.103, 0.341], R=0.867 [0.011, 0.045] [partial: 8486/8541 tiles unprocessed]
INFO:   40m: F1=0.305 [0.021, 0.083], P=0.185 [0.103, 0.341], R=0.875 [0.012, 0.047] [partial: 8486/8541 tiles unprocessed]
INFO:   45m: F1=0.307 [0.022, 0.085], P=0.186 [0.103, 0.341], R=0.880 [0.012, 0.049] [partial: 8486/8541 tiles unprocessed]
INFO:   50m: F1=0.308 [0.022, 0.087], P=0.186 [0.103, 0.341], R=0.882 [0.012, 0.050] [partial: 8486/8541 tiles unprocessed]
INFO:   75m: F1=0.310 [0.023, 0.091], P=0.188 [0.103, 0.341], R=0.889 [0.013, 0.053] [partial: 8486/8541 tiles unprocessed]
INFO:   100m: F1=0.311 [0.024, 0.092], P=0.188 [0.103, 0.341], R=0.891 [0.013, 0.054] [partial: 8486/8541 tiles unprocessed]
INFO:   125m: F1=0.312 [0.025, 0.095], P=0.189 [0.103, 0.341], R=0.895 [0.014, 0.056] [partial: 8486/8541 tiles unprocessed]
INFO:   150m: F1=0.313 [0.025, 0.097], P=0.189 [0.103, 0.341], R=0.897 [0.014, 0.057] [partial: 8486/8541 tiles unprocessed]
INFO:   MCC=0.007 [-0.014, 0.029], Sens=0.007, Spec=0.994
INFO: JSON written: results/uplift-supplement/k1-gapfill/stride-55map-2026-08-25__g384-ov128-55map-n10-carried-p0_15-k8-standardised-gt/evaluation.json
INFO: CSV written: results/uplift-supplement/k1-gapfill/stride-55map-2026-08-25__g384-ov128-55map-n10-carried-p0_15-k8-standardised-gt/evaluation.csv
INFO: Markdown written: results/uplift-supplement/k1-gapfill/stride-55map-2026-08-25__g384-ov128-55map-n10-carried-p0_15-k8-standardised-gt/evaluation.md
INFO: Detection files: 1
INFO: Loading ground truth: inputs/vectors/references/best-available-gt-55maps.geojson
INFO: Loading bounds: inputs/vectors/bounds/384/55maps_evaluation_bounds.geojson
INFO: Reference: 5010 mounds, 8541 evaluation tiles
INFO: Evaluating: detections-detect_brief-text-3-flash-2026-08-25.geojson
INFO:   5m: F1=0.061 [0.000, 0.002], P=0.037 [0.000, 0.059], R=0.176 [0.000, 0.001] [partial: 8486/8541 tiles unprocessed]
INFO:   10m: F1=0.147 [0.001, 0.009], P=0.089 [0.016, 0.158], R=0.422 [0.000, 0.005] [partial: 8486/8541 tiles unprocessed]
INFO:   15m: F1=0.216 [0.004, 0.019], P=0.131 [0.051, 0.215], R=0.621 [0.002, 0.010] [partial: 8486/8541 tiles unprocessed]
INFO:   20m: F1=0.258 [0.008, 0.035], P=0.156 [0.076, 0.275], R=0.740 [0.004, 0.018] [partial: 8486/8541 tiles unprocessed]
INFO:   25m: F1=0.283 [0.013, 0.057], P=0.172 [0.092, 0.329], R=0.813 [0.007, 0.031] [partial: 8486/8541 tiles unprocessed]
INFO:   30m: F1=0.296 [0.018, 0.070], P=0.179 [0.103, 0.341], R=0.849 [0.010, 0.039] [partial: 8486/8541 tiles unprocessed]
INFO:   35m: F1=0.302 [0.020, 0.078], P=0.183 [0.103, 0.341], R=0.867 [0.011, 0.045] [partial: 8486/8541 tiles unprocessed]
INFO:   40m: F1=0.305 [0.021, 0.083], P=0.185 [0.103, 0.341], R=0.875 [0.012, 0.047] [partial: 8486/8541 tiles unprocessed]
INFO:   45m: F1=0.307 [0.022, 0.085], P=0.186 [0.103, 0.341], R=0.880 [0.012, 0.049] [partial: 8486/8541 tiles unprocessed]
INFO:   50m: F1=0.308 [0.022, 0.087], P=0.186 [0.103, 0.341], R=0.882 [0.012, 0.050] [partial: 8486/8541 tiles unprocessed]
INFO:   75m: F1=0.310 [0.023, 0.091], P=0.188 [0.103, 0.341], R=0.889 [0.013, 0.053] [partial: 8486/8541 tiles unprocessed]
INFO:   100m: F1=0.311 [0.024, 0.092], P=0.188 [0.103, 0.341], R=0.891 [0.013, 0.054] [partial: 8486/8541 tiles unprocessed]
INFO:   125m: F1=0.312 [0.025, 0.095], P=0.189 [0.103, 0.341], R=0.895 [0.014, 0.056] [partial: 8486/8541 tiles unprocessed]
INFO:   150m: F1=0.313 [0.025, 0.097], P=0.189 [0.103, 0.341], R=0.897 [0.014, 0.057] [partial: 8486/8541 tiles unprocessed]
INFO:   MCC=0.007 [-0.014, 0.029], Sens=0.007, Spec=0.994
INFO: JSON written: results/uplift-supplement/k1-gapfill/stride-55map-2026-08-25__g384-ov128-55map-n3-oracle-p0_20-k2-standardised-gt/evaluation.json
INFO: CSV written: results/uplift-supplement/k1-gapfill/stride-55map-2026-08-25__g384-ov128-55map-n3-oracle-p0_20-k2-standardised-gt/evaluation.csv
INFO: Markdown written: results/uplift-supplement/k1-gapfill/stride-55map-2026-08-25__g384-ov128-55map-n3-oracle-p0_20-k2-standardised-gt/evaluation.md
INFO: Detection files: 1
INFO: Loading ground truth: inputs/vectors/references/best-available-gt-55maps.geojson
INFO: Loading bounds: inputs/vectors/bounds/384/55maps_evaluation_bounds.geojson
INFO: Reference: 5010 mounds, 8541 evaluation tiles
INFO: Evaluating: detections-detect_brief-text-3-flash-2026-08-25.geojson
INFO:   5m: F1=0.061 [0.000, 0.002], P=0.037 [0.000, 0.059], R=0.176 [0.000, 0.001] [partial: 8486/8541 tiles unprocessed]
INFO:   10m: F1=0.147 [0.001, 0.009], P=0.089 [0.016, 0.158], R=0.422 [0.000, 0.005] [partial: 8486/8541 tiles unprocessed]
INFO:   15m: F1=0.216 [0.004, 0.019], P=0.131 [0.051, 0.215], R=0.621 [0.002, 0.010] [partial: 8486/8541 tiles unprocessed]
INFO:   20m: F1=0.258 [0.008, 0.035], P=0.156 [0.076, 0.275], R=0.740 [0.004, 0.018] [partial: 8486/8541 tiles unprocessed]
INFO:   25m: F1=0.283 [0.013, 0.057], P=0.172 [0.092, 0.329], R=0.813 [0.007, 0.031] [partial: 8486/8541 tiles unprocessed]
INFO:   30m: F1=0.296 [0.018, 0.070], P=0.179 [0.103, 0.341], R=0.849 [0.010, 0.039] [partial: 8486/8541 tiles unprocessed]
INFO:   35m: F1=0.302 [0.020, 0.078], P=0.183 [0.103, 0.341], R=0.867 [0.011, 0.045] [partial: 8486/8541 tiles unprocessed]
INFO:   40m: F1=0.305 [0.021, 0.083], P=0.185 [0.103, 0.341], R=0.875 [0.012, 0.047] [partial: 8486/8541 tiles unprocessed]
INFO:   45m: F1=0.307 [0.022, 0.085], P=0.186 [0.103, 0.341], R=0.880 [0.012, 0.049] [partial: 8486/8541 tiles unprocessed]
INFO:   50m: F1=0.308 [0.022, 0.087], P=0.186 [0.103, 0.341], R=0.882 [0.012, 0.050] [partial: 8486/8541 tiles unprocessed]
INFO:   75m: F1=0.310 [0.023, 0.091], P=0.188 [0.103, 0.341], R=0.889 [0.013, 0.053] [partial: 8486/8541 tiles unprocessed]
INFO:   100m: F1=0.311 [0.024, 0.092], P=0.188 [0.103, 0.341], R=0.891 [0.013, 0.054] [partial: 8486/8541 tiles unprocessed]
INFO:   125m: F1=0.312 [0.025, 0.095], P=0.189 [0.103, 0.341], R=0.895 [0.014, 0.056] [partial: 8486/8541 tiles unprocessed]
INFO:   150m: F1=0.313 [0.025, 0.097], P=0.189 [0.103, 0.341], R=0.897 [0.014, 0.057] [partial: 8486/8541 tiles unprocessed]
INFO:   MCC=0.007 [-0.014, 0.029], Sens=0.007, Spec=0.994
INFO: JSON written: results/uplift-supplement/k1-gapfill/stride-55map-2026-08-25__g384-ov128-55map-n5-oracle-p0_15-k4-standardised-gt/evaluation.json
INFO: CSV written: results/uplift-supplement/k1-gapfill/stride-55map-2026-08-25__g384-ov128-55map-n5-oracle-p0_15-k4-standardised-gt/evaluation.csv
INFO: Markdown written: results/uplift-supplement/k1-gapfill/stride-55map-2026-08-25__g384-ov128-55map-n5-oracle-p0_15-k4-standardised-gt/evaluation.md
INFO: Detection files: 1
INFO: Loading ground truth: inputs/vectors/references/best-available-gt-55maps.geojson
INFO: Loading bounds: inputs/vectors/bounds/384/55maps_evaluation_bounds.geojson
INFO: Reference: 5010 mounds, 8541 evaluation tiles
INFO: Evaluating: detections-detect_brief-text-3-flash-2026-08-25.geojson
INFO:   5m: F1=0.061 [0.000, 0.002], P=0.037 [0.000, 0.059], R=0.176 [0.000, 0.001] [partial: 8486/8541 tiles unprocessed]
INFO:   10m: F1=0.147 [0.001, 0.009], P=0.089 [0.016, 0.158], R=0.422 [0.000, 0.005] [partial: 8486/8541 tiles unprocessed]
INFO:   15m: F1=0.216 [0.004, 0.019], P=0.131 [0.051, 0.215], R=0.621 [0.002, 0.010] [partial: 8486/8541 tiles unprocessed]
INFO:   20m: F1=0.258 [0.008, 0.035], P=0.156 [0.076, 0.275], R=0.740 [0.004, 0.018] [partial: 8486/8541 tiles unprocessed]
INFO:   25m: F1=0.283 [0.013, 0.057], P=0.172 [0.092, 0.329], R=0.813 [0.007, 0.031] [partial: 8486/8541 tiles unprocessed]
INFO:   30m: F1=0.296 [0.018, 0.070], P=0.179 [0.103, 0.341], R=0.849 [0.010, 0.039] [partial: 8486/8541 tiles unprocessed]
INFO:   35m: F1=0.302 [0.020, 0.078], P=0.183 [0.103, 0.341], R=0.867 [0.011, 0.045] [partial: 8486/8541 tiles unprocessed]
INFO:   40m: F1=0.305 [0.021, 0.083], P=0.185 [0.103, 0.341], R=0.875 [0.012, 0.047] [partial: 8486/8541 tiles unprocessed]
INFO:   45m: F1=0.307 [0.022, 0.085], P=0.186 [0.103, 0.341], R=0.880 [0.012, 0.049] [partial: 8486/8541 tiles unprocessed]
INFO:   50m: F1=0.308 [0.022, 0.087], P=0.186 [0.103, 0.341], R=0.882 [0.012, 0.050] [partial: 8486/8541 tiles unprocessed]
INFO:   75m: F1=0.310 [0.023, 0.091], P=0.188 [0.103, 0.341], R=0.889 [0.013, 0.053] [partial: 8486/8541 tiles unprocessed]
INFO:   100m: F1=0.311 [0.024, 0.092], P=0.188 [0.103, 0.341], R=0.891 [0.013, 0.054] [partial: 8486/8541 tiles unprocessed]
INFO:   125m: F1=0.312 [0.025, 0.095], P=0.189 [0.103, 0.341], R=0.895 [0.014, 0.056] [partial: 8486/8541 tiles unprocessed]
INFO:   150m: F1=0.313 [0.025, 0.097], P=0.189 [0.103, 0.341], R=0.897 [0.014, 0.057] [partial: 8486/8541 tiles unprocessed]
INFO:   MCC=0.007 [-0.014, 0.029], Sens=0.007, Spec=0.994
INFO: JSON written: results/uplift-supplement/k1-gapfill/stride-55map-2026-08-25__g384-ov128-55map-n5-carried-p0_15-k4-standardised-gt/evaluation.json
INFO: CSV written: results/uplift-supplement/k1-gapfill/stride-55map-2026-08-25__g384-ov128-55map-n5-carried-p0_15-k4-standardised-gt/evaluation.csv
INFO: Markdown written: results/uplift-supplement/k1-gapfill/stride-55map-2026-08-25__g384-ov128-55map-n5-carried-p0_15-k4-standardised-gt/evaluation.md
INFO: Detection files: 1
INFO: Loading ground truth: inputs/vectors/references/best-available-gt-55maps.geojson
INFO: Loading bounds: inputs/vectors/bounds/384/55maps_evaluation_bounds.geojson
INFO: Reference: 5010 mounds, 8541 evaluation tiles
INFO: Evaluating: detections-detect_brief-text-3-flash-2026-08-25.geojson
INFO:   5m: F1=0.055 [0.006, 0.014], P=0.031 [0.013, 0.032], R=0.252 [0.004, 0.009] [partial: 7881/8541 tiles unprocessed]
INFO:   10m: F1=0.114 [0.024, 0.042], P=0.064 [0.039, 0.068], R=0.521 [0.017, 0.031] [partial: 7881/8541 tiles unprocessed]
INFO:   15m: F1=0.155 [0.049, 0.079], P=0.087 [0.060, 0.095], R=0.706 [0.041, 0.067] [partial: 7881/8541 tiles unprocessed]
INFO:   20m: F1=0.180 [0.086, 0.128], P=0.101 [0.082, 0.124], R=0.820 [0.088, 0.134] [partial: 7881/8541 tiles unprocessed]
INFO:   25m: F1=0.193 [0.109, 0.163], P=0.108 [0.091, 0.138], R=0.880 [0.136, 0.205] [partial: 7881/8541 tiles unprocessed]
INFO:   30m: F1=0.198 [0.124, 0.182], P=0.111 [0.096, 0.143], R=0.905 [0.173, 0.256] [partial: 7881/8541 tiles unprocessed]
INFO:   35m: F1=0.201 [0.131, 0.191], P=0.113 [0.096, 0.145], R=0.919 [0.198, 0.289] [partial: 7881/8541 tiles unprocessed]
INFO:   40m: F1=0.203 [0.136, 0.198], P=0.114 [0.099, 0.147], R=0.925 [0.214, 0.310] [partial: 7881/8541 tiles unprocessed]
INFO:   45m: F1=0.203 [0.137, 0.199], P=0.114 [0.099, 0.147], R=0.927 [0.220, 0.316] [partial: 7881/8541 tiles unprocessed]
INFO:   50m: F1=0.204 [0.139, 0.201], P=0.114 [0.099, 0.147], R=0.930 [0.226, 0.325] [partial: 7881/8541 tiles unprocessed]
INFO:   75m: F1=0.205 [0.141, 0.205], P=0.115 [0.099, 0.147], R=0.935 [0.241, 0.343] [partial: 7881/8541 tiles unprocessed]
INFO:   100m: F1=0.205 [0.143, 0.206], P=0.115 [0.099, 0.147], R=0.938 [0.249, 0.354] [partial: 7881/8541 tiles unprocessed]
INFO:   125m: F1=0.206 [0.145, 0.209], P=0.116 [0.100, 0.148], R=0.941 [0.258, 0.366] [partial: 7881/8541 tiles unprocessed]
INFO:   150m: F1=0.207 [0.147, 0.211], P=0.116 [0.100, 0.148], R=0.944 [0.268, 0.379] [partial: 7881/8541 tiles unprocessed]
INFO:   MCC=-0.011 [-0.032, 0.010], Sens=0.073, Spec=0.921
INFO: JSON written: results/uplift-supplement/k1-gapfill/stride-55map-2026-08-25__g384-ov192-55map-n10-oracle-p0_20-k9-standardised-gt/evaluation.json
INFO: CSV written: results/uplift-supplement/k1-gapfill/stride-55map-2026-08-25__g384-ov192-55map-n10-oracle-p0_20-k9-standardised-gt/evaluation.csv
INFO: Markdown written: results/uplift-supplement/k1-gapfill/stride-55map-2026-08-25__g384-ov192-55map-n10-oracle-p0_20-k9-standardised-gt/evaluation.md
INFO: Detection files: 1
INFO: Loading ground truth: inputs/vectors/references/best-available-gt-55maps.geojson
INFO: Loading bounds: inputs/vectors/bounds/384/55maps_evaluation_bounds.geojson
INFO: Reference: 5010 mounds, 8541 evaluation tiles
INFO: Evaluating: detections-detect_brief-text-3-flash-2026-08-25.geojson
INFO:   5m: F1=0.055 [0.006, 0.014], P=0.031 [0.013, 0.032], R=0.252 [0.004, 0.009] [partial: 7881/8541 tiles unprocessed]
INFO:   10m: F1=0.114 [0.024, 0.042], P=0.064 [0.039, 0.068], R=0.521 [0.017, 0.031] [partial: 7881/8541 tiles unprocessed]
INFO:   15m: F1=0.155 [0.049, 0.079], P=0.087 [0.060, 0.095], R=0.706 [0.041, 0.067] [partial: 7881/8541 tiles unprocessed]
INFO:   20m: F1=0.180 [0.086, 0.128], P=0.101 [0.082, 0.124], R=0.820 [0.088, 0.134] [partial: 7881/8541 tiles unprocessed]
INFO:   25m: F1=0.193 [0.109, 0.163], P=0.108 [0.091, 0.138], R=0.880 [0.136, 0.205] [partial: 7881/8541 tiles unprocessed]
INFO:   30m: F1=0.198 [0.124, 0.182], P=0.111 [0.096, 0.143], R=0.905 [0.173, 0.256] [partial: 7881/8541 tiles unprocessed]
INFO:   35m: F1=0.201 [0.131, 0.191], P=0.113 [0.096, 0.145], R=0.919 [0.198, 0.289] [partial: 7881/8541 tiles unprocessed]
INFO:   40m: F1=0.203 [0.136, 0.198], P=0.114 [0.099, 0.147], R=0.925 [0.214, 0.310] [partial: 7881/8541 tiles unprocessed]
INFO:   45m: F1=0.203 [0.137, 0.199], P=0.114 [0.099, 0.147], R=0.927 [0.220, 0.316] [partial: 7881/8541 tiles unprocessed]
INFO:   50m: F1=0.204 [0.139, 0.201], P=0.114 [0.099, 0.147], R=0.930 [0.226, 0.325] [partial: 7881/8541 tiles unprocessed]
INFO:   75m: F1=0.205 [0.141, 0.205], P=0.115 [0.099, 0.147], R=0.935 [0.241, 0.343] [partial: 7881/8541 tiles unprocessed]
INFO:   100m: F1=0.205 [0.143, 0.206], P=0.115 [0.099, 0.147], R=0.938 [0.249, 0.354] [partial: 7881/8541 tiles unprocessed]
INFO:   125m: F1=0.206 [0.145, 0.209], P=0.116 [0.100, 0.148], R=0.941 [0.258, 0.366] [partial: 7881/8541 tiles unprocessed]
INFO:   150m: F1=0.207 [0.147, 0.211], P=0.116 [0.100, 0.148], R=0.944 [0.268, 0.379] [partial: 7881/8541 tiles unprocessed]
INFO:   MCC=-0.011 [-0.032, 0.010], Sens=0.073, Spec=0.921
INFO: JSON written: results/uplift-supplement/k1-gapfill/stride-55map-2026-08-25__g384-ov192-55map-n10-carried-p0_15-k10-standardised-gt/evaluation.json
INFO: CSV written: results/uplift-supplement/k1-gapfill/stride-55map-2026-08-25__g384-ov192-55map-n10-carried-p0_15-k10-standardised-gt/evaluation.csv
INFO: Markdown written: results/uplift-supplement/k1-gapfill/stride-55map-2026-08-25__g384-ov192-55map-n10-carried-p0_15-k10-standardised-gt/evaluation.md
INFO: Detection files: 1
INFO: Loading ground truth: inputs/vectors/references/best-available-gt-55maps.geojson
INFO: Loading bounds: inputs/vectors/bounds/384/55maps_evaluation_bounds.geojson
INFO: Reference: 5010 mounds, 8541 evaluation tiles
INFO: Evaluating: detections-detect_brief-text-3-flash-2026-08-25.geojson
INFO:   5m: F1=0.055 [0.006, 0.014], P=0.031 [0.013, 0.032], R=0.252 [0.004, 0.009] [partial: 7881/8541 tiles unprocessed]
INFO:   10m: F1=0.114 [0.024, 0.042], P=0.064 [0.039, 0.068], R=0.521 [0.017, 0.031] [partial: 7881/8541 tiles unprocessed]
INFO:   15m: F1=0.155 [0.049, 0.079], P=0.087 [0.060, 0.095], R=0.706 [0.041, 0.067] [partial: 7881/8541 tiles unprocessed]
INFO:   20m: F1=0.180 [0.086, 0.128], P=0.101 [0.082, 0.124], R=0.820 [0.088, 0.134] [partial: 7881/8541 tiles unprocessed]
INFO:   25m: F1=0.193 [0.109, 0.163], P=0.108 [0.091, 0.138], R=0.880 [0.136, 0.205] [partial: 7881/8541 tiles unprocessed]
INFO:   30m: F1=0.198 [0.124, 0.182], P=0.111 [0.096, 0.143], R=0.905 [0.173, 0.256] [partial: 7881/8541 tiles unprocessed]
INFO:   35m: F1=0.201 [0.131, 0.191], P=0.113 [0.096, 0.145], R=0.919 [0.198, 0.289] [partial: 7881/8541 tiles unprocessed]
INFO:   40m: F1=0.203 [0.136, 0.198], P=0.114 [0.099, 0.147], R=0.925 [0.214, 0.310] [partial: 7881/8541 tiles unprocessed]
INFO:   45m: F1=0.203 [0.137, 0.199], P=0.114 [0.099, 0.147], R=0.927 [0.220, 0.316] [partial: 7881/8541 tiles unprocessed]
INFO:   50m: F1=0.204 [0.139, 0.201], P=0.114 [0.099, 0.147], R=0.930 [0.226, 0.325] [partial: 7881/8541 tiles unprocessed]
INFO:   75m: F1=0.205 [0.141, 0.205], P=0.115 [0.099, 0.147], R=0.935 [0.241, 0.343] [partial: 7881/8541 tiles unprocessed]
INFO:   100m: F1=0.205 [0.143, 0.206], P=0.115 [0.099, 0.147], R=0.938 [0.249, 0.354] [partial: 7881/8541 tiles unprocessed]
INFO:   125m: F1=0.206 [0.145, 0.209], P=0.116 [0.100, 0.148], R=0.941 [0.258, 0.366] [partial: 7881/8541 tiles unprocessed]
INFO:   150m: F1=0.207 [0.147, 0.211], P=0.116 [0.100, 0.148], R=0.944 [0.268, 0.379] [partial: 7881/8541 tiles unprocessed]
INFO:   MCC=-0.011 [-0.032, 0.010], Sens=0.073, Spec=0.921
INFO: JSON written: results/uplift-supplement/k1-gapfill/stride-55map-2026-08-25__g384-ov192-55map-n3-oracle-p0_20-k3-standardised-gt/evaluation.json
INFO: CSV written: results/uplift-supplement/k1-gapfill/stride-55map-2026-08-25__g384-ov192-55map-n3-oracle-p0_20-k3-standardised-gt/evaluation.csv
INFO: Markdown written: results/uplift-supplement/k1-gapfill/stride-55map-2026-08-25__g384-ov192-55map-n3-oracle-p0_20-k3-standardised-gt/evaluation.md
INFO: Detection files: 1
INFO: Loading ground truth: inputs/vectors/references/best-available-gt-55maps.geojson
INFO: Loading bounds: inputs/vectors/bounds/384/55maps_evaluation_bounds.geojson
INFO: Reference: 5010 mounds, 8541 evaluation tiles
INFO: Evaluating: detections-detect_brief-text-3-flash-2026-08-25.geojson
INFO:   5m: F1=0.055 [0.006, 0.014], P=0.031 [0.013, 0.032], R=0.252 [0.004, 0.009] [partial: 7881/8541 tiles unprocessed]
INFO:   10m: F1=0.114 [0.024, 0.042], P=0.064 [0.039, 0.068], R=0.521 [0.017, 0.031] [partial: 7881/8541 tiles unprocessed]
INFO:   15m: F1=0.155 [0.049, 0.079], P=0.087 [0.060, 0.095], R=0.706 [0.041, 0.067] [partial: 7881/8541 tiles unprocessed]
INFO:   20m: F1=0.180 [0.086, 0.128], P=0.101 [0.082, 0.124], R=0.820 [0.088, 0.134] [partial: 7881/8541 tiles unprocessed]
INFO:   25m: F1=0.193 [0.109, 0.163], P=0.108 [0.091, 0.138], R=0.880 [0.136, 0.205] [partial: 7881/8541 tiles unprocessed]
INFO:   30m: F1=0.198 [0.124, 0.182], P=0.111 [0.096, 0.143], R=0.905 [0.173, 0.256] [partial: 7881/8541 tiles unprocessed]
INFO:   35m: F1=0.201 [0.131, 0.191], P=0.113 [0.096, 0.145], R=0.919 [0.198, 0.289] [partial: 7881/8541 tiles unprocessed]
INFO:   40m: F1=0.203 [0.136, 0.198], P=0.114 [0.099, 0.147], R=0.925 [0.214, 0.310] [partial: 7881/8541 tiles unprocessed]
INFO:   45m: F1=0.203 [0.137, 0.199], P=0.114 [0.099, 0.147], R=0.927 [0.220, 0.316] [partial: 7881/8541 tiles unprocessed]
INFO:   50m: F1=0.204 [0.139, 0.201], P=0.114 [0.099, 0.147], R=0.930 [0.226, 0.325] [partial: 7881/8541 tiles unprocessed]
INFO:   75m: F1=0.205 [0.141, 0.205], P=0.115 [0.099, 0.147], R=0.935 [0.241, 0.343] [partial: 7881/8541 tiles unprocessed]
INFO:   100m: F1=0.205 [0.143, 0.206], P=0.115 [0.099, 0.147], R=0.938 [0.249, 0.354] [partial: 7881/8541 tiles unprocessed]
INFO:   125m: F1=0.206 [0.145, 0.209], P=0.116 [0.100, 0.148], R=0.941 [0.258, 0.366] [partial: 7881/8541 tiles unprocessed]
INFO:   150m: F1=0.207 [0.147, 0.211], P=0.116 [0.100, 0.148], R=0.944 [0.268, 0.379] [partial: 7881/8541 tiles unprocessed]
INFO:   MCC=-0.011 [-0.032, 0.010], Sens=0.073, Spec=0.921
INFO: JSON written: results/uplift-supplement/k1-gapfill/stride-55map-2026-08-25__g384-ov192-55map-n5-oracle-p0_20-k5-standardised-gt/evaluation.json
INFO: CSV written: results/uplift-supplement/k1-gapfill/stride-55map-2026-08-25__g384-ov192-55map-n5-oracle-p0_20-k5-standardised-gt/evaluation.csv
INFO: Markdown written: results/uplift-supplement/k1-gapfill/stride-55map-2026-08-25__g384-ov192-55map-n5-oracle-p0_20-k5-standardised-gt/evaluation.md
INFO: Detection files: 1
INFO: Loading ground truth: inputs/vectors/references/best-available-gt-55maps.geojson
INFO: Loading bounds: inputs/vectors/bounds/384/55maps_evaluation_bounds.geojson
INFO: Reference: 5010 mounds, 8541 evaluation tiles
INFO: Evaluating: detections-detect_brief-text-3-flash-2026-08-25.geojson
INFO:   5m: F1=0.055 [0.006, 0.014], P=0.031 [0.013, 0.032], R=0.252 [0.004, 0.009] [partial: 7881/8541 tiles unprocessed]
INFO:   10m: F1=0.114 [0.024, 0.042], P=0.064 [0.039, 0.068], R=0.521 [0.017, 0.031] [partial: 7881/8541 tiles unprocessed]
INFO:   15m: F1=0.155 [0.049, 0.079], P=0.087 [0.060, 0.095], R=0.706 [0.041, 0.067] [partial: 7881/8541 tiles unprocessed]
INFO:   20m: F1=0.180 [0.086, 0.128], P=0.101 [0.082, 0.124], R=0.820 [0.088, 0.134] [partial: 7881/8541 tiles unprocessed]
INFO:   25m: F1=0.193 [0.109, 0.163], P=0.108 [0.091, 0.138], R=0.880 [0.136, 0.205] [partial: 7881/8541 tiles unprocessed]
INFO:   30m: F1=0.198 [0.124, 0.182], P=0.111 [0.096, 0.143], R=0.905 [0.173, 0.256] [partial: 7881/8541 tiles unprocessed]
INFO:   35m: F1=0.201 [0.131, 0.191], P=0.113 [0.096, 0.145], R=0.919 [0.198, 0.289] [partial: 7881/8541 tiles unprocessed]
INFO:   40m: F1=0.203 [0.136, 0.198], P=0.114 [0.099, 0.147], R=0.925 [0.214, 0.310] [partial: 7881/8541 tiles unprocessed]
INFO:   45m: F1=0.203 [0.137, 0.199], P=0.114 [0.099, 0.147], R=0.927 [0.220, 0.316] [partial: 7881/8541 tiles unprocessed]
INFO:   50m: F1=0.204 [0.139, 0.201], P=0.114 [0.099, 0.147], R=0.930 [0.226, 0.325] [partial: 7881/8541 tiles unprocessed]
INFO:   75m: F1=0.205 [0.141, 0.205], P=0.115 [0.099, 0.147], R=0.935 [0.241, 0.343] [partial: 7881/8541 tiles unprocessed]
INFO:   100m: F1=0.205 [0.143, 0.206], P=0.115 [0.099, 0.147], R=0.938 [0.249, 0.354] [partial: 7881/8541 tiles unprocessed]
INFO:   125m: F1=0.206 [0.145, 0.209], P=0.116 [0.100, 0.148], R=0.941 [0.258, 0.366] [partial: 7881/8541 tiles unprocessed]
INFO:   150m: F1=0.207 [0.147, 0.211], P=0.116 [0.100, 0.148], R=0.944 [0.268, 0.379] [partial: 7881/8541 tiles unprocessed]
INFO:   MCC=-0.011 [-0.032, 0.010], Sens=0.073, Spec=0.921
INFO: JSON written: results/uplift-supplement/k1-gapfill/stride-55map-2026-08-25__g384-ov192-55map-n5-carried-p0_15-k5-standardised-gt/evaluation.json
INFO: CSV written: results/uplift-supplement/k1-gapfill/stride-55map-2026-08-25__g384-ov192-55map-n5-carried-p0_15-k5-standardised-gt/evaluation.csv
INFO: Markdown written: results/uplift-supplement/k1-gapfill/stride-55map-2026-08-25__g384-ov192-55map-n5-carried-p0_15-k5-standardised-gt/evaluation.md
INFO: Detection files: 1
INFO: Loading ground truth: inputs/vectors/references/best-available-gt-55maps.geojson
INFO: Loading bounds: inputs/vectors/bounds/384/55maps_evaluation_bounds.geojson
INFO: Reference: 5010 mounds, 8541 evaluation tiles
INFO: Evaluating: detections-detect_brief-text-3-flash-2026-08-25.geojson
INFO:   5m: F1=0.061 [0.000, 0.002], P=0.037 [0.000, 0.059], R=0.176 [0.000, 0.001] [partial: 8486/8541 tiles unprocessed]
INFO:   10m: F1=0.147 [0.001, 0.009], P=0.089 [0.016, 0.158], R=0.422 [0.000, 0.005] [partial: 8486/8541 tiles unprocessed]
INFO:   15m: F1=0.216 [0.004, 0.019], P=0.131 [0.051, 0.215], R=0.621 [0.002, 0.010] [partial: 8486/8541 tiles unprocessed]
INFO:   20m: F1=0.258 [0.008, 0.035], P=0.156 [0.076, 0.275], R=0.740 [0.004, 0.018] [partial: 8486/8541 tiles unprocessed]
INFO:   25m: F1=0.283 [0.013, 0.057], P=0.172 [0.092, 0.329], R=0.813 [0.007, 0.031] [partial: 8486/8541 tiles unprocessed]
INFO:   30m: F1=0.296 [0.018, 0.070], P=0.179 [0.103, 0.341], R=0.849 [0.010, 0.039] [partial: 8486/8541 tiles unprocessed]
INFO:   35m: F1=0.302 [0.020, 0.078], P=0.183 [0.103, 0.341], R=0.867 [0.011, 0.045] [partial: 8486/8541 tiles unprocessed]
INFO:   40m: F1=0.305 [0.021, 0.083], P=0.185 [0.103, 0.341], R=0.875 [0.012, 0.047] [partial: 8486/8541 tiles unprocessed]
INFO:   45m: F1=0.307 [0.022, 0.085], P=0.186 [0.103, 0.341], R=0.880 [0.012, 0.049] [partial: 8486/8541 tiles unprocessed]
INFO:   50m: F1=0.308 [0.022, 0.087], P=0.186 [0.103, 0.341], R=0.882 [0.012, 0.050] [partial: 8486/8541 tiles unprocessed]
INFO:   75m: F1=0.310 [0.023, 0.091], P=0.188 [0.103, 0.341], R=0.889 [0.013, 0.053] [partial: 8486/8541 tiles unprocessed]
INFO:   100m: F1=0.311 [0.024, 0.092], P=0.188 [0.103, 0.341], R=0.891 [0.013, 0.054] [partial: 8486/8541 tiles unprocessed]
INFO:   125m: F1=0.312 [0.025, 0.095], P=0.189 [0.103, 0.341], R=0.895 [0.014, 0.056] [partial: 8486/8541 tiles unprocessed]
INFO:   150m: F1=0.313 [0.025, 0.097], P=0.189 [0.103, 0.341], R=0.897 [0.014, 0.057] [partial: 8486/8541 tiles unprocessed]
INFO:   MCC=0.007 [-0.014, 0.029], Sens=0.007, Spec=0.994
INFO: JSON written: results/uplift-supplement/k1-gapfill/stride-55map-2026-08-25__g384-ov128-55map-n3-carried-posthoc-p0_15-k3-standardised-gt/evaluation.json
INFO: CSV written: results/uplift-supplement/k1-gapfill/stride-55map-2026-08-25__g384-ov128-55map-n3-carried-posthoc-p0_15-k3-standardised-gt/evaluation.csv
INFO: Markdown written: results/uplift-supplement/k1-gapfill/stride-55map-2026-08-25__g384-ov128-55map-n3-carried-posthoc-p0_15-k3-standardised-gt/evaluation.md
INFO: Detection files: 1
INFO: Loading ground truth: inputs/vectors/references/best-available-gt-55maps.geojson
INFO: Loading bounds: inputs/vectors/bounds/384/55maps_evaluation_bounds.geojson
INFO: Reference: 5010 mounds, 8541 evaluation tiles
INFO: Evaluating: detections-detect_brief-text-3-flash-2026-08-25.geojson
INFO:   5m: F1=0.055 [0.006, 0.014], P=0.031 [0.013, 0.032], R=0.252 [0.004, 0.009] [partial: 7881/8541 tiles unprocessed]
INFO:   10m: F1=0.114 [0.024, 0.042], P=0.064 [0.039, 0.068], R=0.521 [0.017, 0.031] [partial: 7881/8541 tiles unprocessed]
INFO:   15m: F1=0.155 [0.049, 0.079], P=0.087 [0.060, 0.095], R=0.706 [0.041, 0.067] [partial: 7881/8541 tiles unprocessed]
INFO:   20m: F1=0.180 [0.086, 0.128], P=0.101 [0.082, 0.124], R=0.820 [0.088, 0.134] [partial: 7881/8541 tiles unprocessed]
INFO:   25m: F1=0.193 [0.109, 0.163], P=0.108 [0.091, 0.138], R=0.880 [0.136, 0.205] [partial: 7881/8541 tiles unprocessed]
INFO:   30m: F1=0.198 [0.124, 0.182], P=0.111 [0.096, 0.143], R=0.905 [0.173, 0.256] [partial: 7881/8541 tiles unprocessed]
INFO:   35m: F1=0.201 [0.131, 0.191], P=0.113 [0.096, 0.145], R=0.919 [0.198, 0.289] [partial: 7881/8541 tiles unprocessed]
INFO:   40m: F1=0.203 [0.136, 0.198], P=0.114 [0.099, 0.147], R=0.925 [0.214, 0.310] [partial: 7881/8541 tiles unprocessed]
INFO:   45m: F1=0.203 [0.137, 0.199], P=0.114 [0.099, 0.147], R=0.927 [0.220, 0.316] [partial: 7881/8541 tiles unprocessed]
INFO:   50m: F1=0.204 [0.139, 0.201], P=0.114 [0.099, 0.147], R=0.930 [0.226, 0.325] [partial: 7881/8541 tiles unprocessed]
INFO:   75m: F1=0.205 [0.141, 0.205], P=0.115 [0.099, 0.147], R=0.935 [0.241, 0.343] [partial: 7881/8541 tiles unprocessed]
INFO:   100m: F1=0.205 [0.143, 0.206], P=0.115 [0.099, 0.147], R=0.938 [0.249, 0.354] [partial: 7881/8541 tiles unprocessed]
INFO:   125m: F1=0.206 [0.145, 0.209], P=0.116 [0.100, 0.148], R=0.941 [0.258, 0.366] [partial: 7881/8541 tiles unprocessed]
INFO:   150m: F1=0.207 [0.147, 0.211], P=0.116 [0.100, 0.148], R=0.944 [0.268, 0.379] [partial: 7881/8541 tiles unprocessed]
INFO:   MCC=-0.011 [-0.032, 0.010], Sens=0.073, Spec=0.921
INFO: JSON written: results/uplift-supplement/k1-gapfill/stride-55map-2026-08-25__g384-ov192-55map-n3-carried-posthoc-p0_15-k3-standardised-gt/evaluation.json
INFO: CSV written: results/uplift-supplement/k1-gapfill/stride-55map-2026-08-25__g384-ov192-55map-n3-carried-posthoc-p0_15-k3-standardised-gt/evaluation.csv
INFO: Markdown written: results/uplift-supplement/k1-gapfill/stride-55map-2026-08-25__g384-ov192-55map-n3-carried-posthoc-p0_15-k3-standardised-gt/evaluation.md
INFO: Detection files: 1
INFO: Loading ground truth: inputs/vectors/references/mounds-reference.geojson
INFO: Loading bounds: outputs/grid-2026-08-18/scoring/bounds/grid_common_bounds.geojson
INFO: Reference: 569 mounds, 487 evaluation tiles
INFO: Evaluating: detections-detect_brief-text-image-3-flash-2026-08-28.geojson
INFO:   5m: F1=0.124 [0.000, 0.072], P=0.073 [0.000, 0.182], R=0.414 [0.000, 0.047] [partial: 447/487 tiles unprocessed]
INFO:   10m: F1=0.221 [0.027, 0.191], P=0.130 [0.042, 0.278], R=0.736 [0.019, 0.151] [partial: 447/487 tiles unprocessed]
INFO:   15m: F1=0.265 [0.065, 0.300], P=0.156 [0.065, 0.297], R=0.883 [0.057, 0.326] [partial: 447/487 tiles unprocessed]
INFO:   20m: F1=0.274 [0.073, 0.330], P=0.161 [0.065, 0.297], R=0.914 [0.073, 0.405] [partial: 447/487 tiles unprocessed]
INFO:   25m: F1=0.284 [0.087, 0.371], P=0.167 [0.065, 0.297], R=0.949 [0.111, 0.556] [partial: 447/487 tiles unprocessed]
INFO:   30m: F1=0.286 [0.091, 0.380], P=0.168 [0.065, 0.297], R=0.956 [0.129, 0.591] [partial: 447/487 tiles unprocessed]
INFO:   35m: F1=0.288 [0.094, 0.387], P=0.169 [0.065, 0.297], R=0.960 [0.143, 0.619] [partial: 447/487 tiles unprocessed]
INFO:   40m: F1=0.289 [0.095, 0.390], P=0.170 [0.065, 0.297], R=0.963 [0.150, 0.636] [partial: 447/487 tiles unprocessed]
INFO:   45m: F1=0.291 [0.099, 0.403], P=0.171 [0.065, 0.297], R=0.970 [0.176, 0.692] [partial: 447/487 tiles unprocessed]
INFO:   50m: F1=0.291 [0.101, 0.409], P=0.171 [0.065, 0.297], R=0.972 [0.188, 0.710] [partial: 447/487 tiles unprocessed]
INFO:   75m: F1=0.295 [0.109, 0.429], P=0.173 [0.065, 0.297], R=0.984 [0.250, 0.846] [partial: 447/487 tiles unprocessed]
INFO:   100m: F1=0.296 [0.111, 0.434], P=0.174 [0.065, 0.297], R=0.986 [0.286, 0.875] [partial: 447/487 tiles unprocessed]
INFO:   125m: F1=0.296 [0.111, 0.434], P=0.174 [0.065, 0.297], R=0.986 [0.286, 0.875] [partial: 447/487 tiles unprocessed]
INFO:   150m: F1=0.296 [0.111, 0.434], P=0.174 [0.065, 0.297], R=0.986 [0.286, 0.875] [partial: 447/487 tiles unprocessed]
INFO:   MCC=-0.076 [-0.153, 0.016], Sens=0.058, Spec=0.901
INFO: JSON written: results/uplift-supplement/k1-gapfill/image-b-gs-2026-08-28__g384-ov192-image-min-k10-verified-p0_15-k9/evaluation.json
INFO: CSV written: results/uplift-supplement/k1-gapfill/image-b-gs-2026-08-28__g384-ov192-image-min-k10-verified-p0_15-k9/evaluation.csv
INFO: Markdown written: results/uplift-supplement/k1-gapfill/image-b-gs-2026-08-28__g384-ov192-image-min-k10-verified-p0_15-k9/evaluation.md
INFO: Detection files: 1
INFO: Loading ground truth: inputs/vectors/references/mounds-reference.geojson
INFO: Loading bounds: outputs/grid-2026-08-18/scoring/bounds/grid_common_bounds.geojson
INFO: Reference: 569 mounds, 487 evaluation tiles
INFO: Evaluating: detections-detect_brief-text-image-3-flash-2026-08-28.geojson
INFO:   5m: F1=0.099 [0.012, 0.082], P=0.057 [0.038, 0.212], R=0.371 [0.007, 0.053] [partial: 447/487 tiles unprocessed]
INFO:   10m: F1=0.189 [0.034, 0.167], P=0.109 [0.054, 0.246], R=0.710 [0.023, 0.130] [partial: 447/487 tiles unprocessed]
INFO:   15m: F1=0.237 [0.093, 0.350], P=0.137 [0.088, 0.339], R=0.893 [0.089, 0.390] [partial: 447/487 tiles unprocessed]
INFO:   20m: F1=0.247 [0.118, 0.408], P=0.143 [0.094, 0.357], R=0.930 [0.133, 0.521] [partial: 447/487 tiles unprocessed]
INFO:   25m: F1=0.250 [0.125, 0.422], P=0.144 [0.094, 0.357], R=0.942 [0.150, 0.578] [partial: 447/487 tiles unprocessed]
INFO:   30m: F1=0.253 [0.131, 0.435], P=0.146 [0.094, 0.357], R=0.951 [0.174, 0.622] [partial: 447/487 tiles unprocessed]
INFO:   35m: F1=0.257 [0.140, 0.458], P=0.148 [0.094, 0.357], R=0.965 [0.222, 0.707] [partial: 447/487 tiles unprocessed]
INFO:   40m: F1=0.259 [0.148, 0.475], P=0.149 [0.094, 0.357], R=0.974 [0.286, 0.783] [partial: 447/487 tiles unprocessed]
INFO:   45m: F1=0.261 [0.156, 0.489], P=0.150 [0.094, 0.357], R=0.981 [0.333, 0.852] [partial: 447/487 tiles unprocessed]
INFO:   50m: F1=0.261 [0.157, 0.494], P=0.151 [0.094, 0.357], R=0.984 [0.364, 0.875] [partial: 447/487 tiles unprocessed]
INFO:   75m: F1=0.263 [0.167, 0.509], P=0.152 [0.094, 0.357], R=0.991 [0.462, 0.952] [partial: 447/487 tiles unprocessed]
INFO:   100m: F1=0.264 [0.167, 0.514], P=0.152 [0.094, 0.357], R=0.993 [0.462, 1.000] [partial: 447/487 tiles unprocessed]
INFO:   125m: F1=0.264 [0.167, 0.514], P=0.152 [0.094, 0.357], R=0.993 [0.462, 1.000] [partial: 447/487 tiles unprocessed]
INFO:   150m: F1=0.264 [0.167, 0.514], P=0.152 [0.094, 0.357], R=0.993 [0.462, 1.000] [partial: 447/487 tiles unprocessed]
INFO:   MCC=0.001 [-0.084, 0.092], Sens=0.058, Spec=0.943
INFO: JSON written: results/uplift-supplement/k1-gapfill/image-b-gs-2026-08-28__g384-ov192-image-high-k10-verified-p0_20-k8/evaluation.json
INFO: CSV written: results/uplift-supplement/k1-gapfill/image-b-gs-2026-08-28__g384-ov192-image-high-k10-verified-p0_20-k8/evaluation.csv
INFO: Markdown written: results/uplift-supplement/k1-gapfill/image-b-gs-2026-08-28__g384-ov192-image-high-k10-verified-p0_20-k8/evaluation.md
K1 SCRIPT DONE rc=0
=== PAIRING START 2026-08-29T09:26:39+00:00
INFO: Detection files: 1
INFO: Loading ground truth: inputs/vectors/references/student-mounds-55maps-reviewed.geojson
INFO: Loading bounds: inputs/vectors/bounds/384/55maps_evaluation_bounds.geojson
INFO: Reference: 4746 mounds, 8541 evaluation tiles
INFO: Evaluating: consensus-4of5.geojson
INFO:   5m: F1=0.000 [0.000, 0.000], P=0.000 [0.000, 0.000], R=0.000 [0.000, 0.000] [sparse coverage: 69.2% zero-tiles]
INFO:   10m: F1=0.000 [0.000, 0.000], P=0.000 [0.000, 0.000], R=0.000 [0.000, 0.000] [sparse coverage: 69.2% zero-tiles]
INFO:   15m: F1=0.000 [0.000, 0.000], P=0.000 [0.000, 0.000], R=0.000 [0.000, 0.000] [sparse coverage: 69.2% zero-tiles]
INFO:   20m: F1=0.000 [0.000, 0.000], P=0.000 [0.000, 0.000], R=0.000 [0.000, 0.000] [sparse coverage: 69.2% zero-tiles]
INFO:   25m: F1=0.000 [0.000, 0.000], P=0.000 [0.000, 0.000], R=0.000 [0.000, 0.000] [sparse coverage: 69.2% zero-tiles]
INFO:   30m: F1=0.000 [0.000, 0.000], P=0.000 [0.000, 0.000], R=0.000 [0.000, 0.000] [sparse coverage: 69.2% zero-tiles]
INFO:   35m: F1=0.000 [0.000, 0.000], P=0.000 [0.000, 0.000], R=0.000 [0.000, 0.000] [sparse coverage: 69.2% zero-tiles]
INFO:   40m: F1=0.000 [0.000, 0.000], P=0.000 [0.000, 0.000], R=0.000 [0.000, 0.000] [sparse coverage: 69.2% zero-tiles]
INFO:   45m: F1=0.000 [0.000, 0.000], P=0.000 [0.000, 0.000], R=0.000 [0.000, 0.000] [sparse coverage: 69.2% zero-tiles]
INFO:   50m: F1=0.000 [0.000, 0.000], P=0.000 [0.000, 0.000], R=0.000 [0.000, 0.000] [sparse coverage: 69.2% zero-tiles]
INFO:   75m: F1=0.000 [0.000, 0.000], P=0.000 [0.000, 0.000], R=0.000 [0.000, 0.000] [sparse coverage: 69.2% zero-tiles]
INFO:   100m: F1=0.000 [0.000, 0.000], P=0.000 [0.000, 0.000], R=0.000 [0.000, 0.000] [sparse coverage: 69.2% zero-tiles]
INFO:   125m: F1=0.000 [0.000, 0.000], P=0.000 [0.000, 0.000], R=0.000 [0.000, 0.000] [sparse coverage: 69.2% zero-tiles]
INFO:   150m: F1=0.000 [0.000, 0.000], P=0.000 [0.000, 0.000], R=0.000 [0.000, 0.000] [sparse coverage: 69.2% zero-tiles]
INFO:   MCC=undefined [undefined, undefined], Sens=0.000, Spec=1.000
INFO: JSON written: results/uplift-supplement/verifier-pairing/55maps-generalisation__verified-paired/evaluation.json
INFO: CSV written: results/uplift-supplement/verifier-pairing/55maps-generalisation__verified-paired/evaluation.csv
INFO: Markdown written: results/uplift-supplement/verifier-pairing/55maps-generalisation__verified-paired/evaluation.md
INFO: Detection files: 1
INFO: Loading ground truth: inputs/vectors/references/student-mounds-55maps-reviewed.geojson
INFO: Loading bounds: inputs/vectors/bounds/384/55maps_evaluation_bounds.geojson
INFO: Reference: 4746 mounds, 8541 evaluation tiles
INFO: Evaluating: consensus-3of5.geojson
INFO:   5m: F1=0.041 [0.037, 0.047], P=0.033 [0.029, 0.038], R=0.055 [0.049, 0.062]
INFO:   10m: F1=0.146 [0.137, 0.156], P=0.117 [0.110, 0.125], R=0.195 [0.183, 0.207]
INFO:   15m: F1=0.269 [0.257, 0.280], P=0.215 [0.205, 0.226], R=0.357 [0.343, 0.372]
INFO:   20m: F1=0.382 [0.369, 0.395], P=0.306 [0.294, 0.318], R=0.508 [0.492, 0.524]
INFO:   25m: F1=0.463 [0.450, 0.477], P=0.371 [0.358, 0.385], R=0.616 [0.601, 0.632]
INFO:   30m: F1=0.513 [0.500, 0.526], P=0.411 [0.398, 0.425], R=0.683 [0.667, 0.697]
INFO:   35m: F1=0.544 [0.531, 0.557], P=0.436 [0.422, 0.449], R=0.723 [0.708, 0.737]
INFO:   40m: F1=0.561 [0.548, 0.573], P=0.449 [0.435, 0.463], R=0.746 [0.731, 0.759]
INFO:   45m: F1=0.571 [0.557, 0.583], P=0.457 [0.443, 0.471], R=0.759 [0.744, 0.772]
INFO:   50m: F1=0.577 [0.564, 0.589], P=0.462 [0.448, 0.476], R=0.767 [0.753, 0.780]
INFO:   75m: F1=0.591 [0.577, 0.603], P=0.473 [0.459, 0.487], R=0.786 [0.772, 0.799]
INFO:   100m: F1=0.595 [0.582, 0.608], P=0.477 [0.462, 0.491], R=0.791 [0.777, 0.804]
INFO:   125m: F1=0.597 [0.584, 0.610], P=0.479 [0.464, 0.493], R=0.794 [0.780, 0.807]
INFO:   150m: F1=0.599 [0.586, 0.612], P=0.480 [0.466, 0.494], R=0.797 [0.783, 0.810]
INFO:   MCC=0.410 [0.391, 0.429], Sens=0.770, Spec=0.648
INFO: JSON written: results/uplift-supplement/verifier-pairing/55maps-image-generalisation__verified/evaluation.json
INFO: CSV written: results/uplift-supplement/verifier-pairing/55maps-image-generalisation__verified/evaluation.csv
INFO: Markdown written: results/uplift-supplement/verifier-pairing/55maps-image-generalisation__verified/evaluation.md
Loading inputs...
  Reprojecting detections from EPSG:4326 to EPSG:32635
  detections: 7,878
  student GT: 4,746
  bounds tiles: 8,541
  review (yesterday): 0
  review (today):     773
  excluded sentinels (>150 m shell, buffer_metres=200): 10

--- Buffer R = 5 m ---
Traceback (most recent call last):
  File "/home/shawn/Code/map-reader-llm/.venv/lib/python3.13/site-packages/pandas/core/indexes/base.py", line 3641, in get_loc
    return self._engine.get_loc(casted_key)
           ~~~~~~~~~~~~~~~~~~~~^^^^^^^^^^^^
  File "pandas/_libs/index.pyx", line 168, in pandas._libs.index.IndexEngine.get_loc
  File "pandas/_libs/index.pyx", line 197, in pandas._libs.index.IndexEngine.get_loc
  File "pandas/_libs/hashtable_class_helper.pxi", line 7668, in pandas._libs.hashtable.PyObjectHashTable.get_item
  File "pandas/_libs/hashtable_class_helper.pxi", line 7676, in pandas._libs.hashtable.PyObjectHashTable.get_item
KeyError: 'source_tile'

The above exception was the direct cause of the following exception:

Traceback (most recent call last):
  File "/home/shawn/Code/map-reader-llm/scripts/compute_corrected_f1_multi_buffer.py", line 1450, in <module>
    main()
    ~~~~^^
  File "/home/shawn/Code/map-reader-llm/scripts/compute_corrected_f1_multi_buffer.py", line 1433, in main
    run(
    ~~~^
        verified_detections=args.verified_detections,
        ^^^^^^^^^^^^^^^^^^^^^^^^^^^^^^^^^^^^^^^^^^^^^
    ...<10 lines>...
        dedup_tolerance_m=args.dedup_tolerance_m,
        ^^^^^^^^^^^^^^^^^^^^^^^^^^^^^^^^^^^^^^^^^
    )
    ^
  File "/home/shawn/Code/map-reader-llm/scripts/compute_corrected_f1_multi_buffer.py", line 1312, in run
    compute_at_buffer(
    ~~~~~~~~~~~~~~~~~^
        gdf_det=gdf_det,
        ^^^^^^^^^^^^^^^^
    ...<10 lines>...
        precomputed_mcc=precomputed_mcc,
        ^^^^^^^^^^^^^^^^^^^^^^^^^^^^^^^^
    )
    ^
  File "/home/shawn/Code/map-reader-llm/scripts/compute_corrected_f1_multi_buffer.py", line 731, in compute_at_buffer
    tp, fp, fn, n_ref_extended_scoped = compute_counts_at_r(
                                        ~~~~~~~~~~~~~~~~~~~^
        gdf_det, gdf_ext_gt, gdf_bounds, buffer_r,
        ^^^^^^^^^^^^^^^^^^^^^^^^^^^^^^^^^^^^^^^^^^
    )
    ^
  File "/home/shawn/Code/map-reader-llm/scripts/compute_corrected_f1_multi_buffer.py", line 505, in compute_counts_at_r
    det_scope = gdf_det[gdf_det["source_tile"].str.startswith(map_name)]
                        ~~~~~~~^^^^^^^^^^^^^^^
  File "/home/shawn/Code/map-reader-llm/.venv/lib/python3.13/site-packages/geopandas/geodataframe.py", line 1891, in __getitem__
    result = super().__getitem__(key)
  File "/home/shawn/Code/map-reader-llm/.venv/lib/python3.13/site-packages/pandas/core/frame.py", line 4378, in __getitem__
    indexer = self.columns.get_loc(key)
  File "/home/shawn/Code/map-reader-llm/.venv/lib/python3.13/site-packages/pandas/core/indexes/base.py", line 3648, in get_loc
    raise KeyError(key) from err
KeyError: 'source_tile'
PAIRING SCRIPT DONE rc=1
=== UPLIFT COMPUTE START 2026-08-29T09:31:23+00:00
verifier-uplift.csv    118 rows (metric F1)
  computed        8
  pending       110
UPLIFT F1 rc=0
verifier-uplift-mcc.csv    118 rows (metric MCC)
  computed        7
  pending       111
UPLIFT MCC rc=0
ALL SCORING DONE 2026-08-29T09:31:23+00:00
