job_id,verified_condition_id,run_id,proposer_pool,verified_stratum_id,unverified_stratum_id,unverified_stratum_basis,corpus,reference,buffer_m,frame_id,N,min_votes,prob_t,status,pairing_basis,blocked_reason,unverified_condition_id,unverified_detections_path,unverified_eval_path,union_path,crop_manifest_path,materialise_filter,reference_path,bounds_path,engine,output_dir,materialise_command,command,notes
pair::55maps-generalisation::verified-paired,55maps-generalisation::verified-paired,55maps-generalisation,detect_brief-text,55-map|student|50m|55maps-8541,55-map|student|50m|55maps-8541,"same-recipe-by-construction: the twin is scored with the verified cell's own recorded recipe, so its reference, buffer, and frame are that cell's by construction",55-map,student,50,55maps-8541,5,4,,ready,consensus-file,,,outputs/55maps-generalisation/consensus/consensus-4of5.geojson,,,,,inputs/vectors/references/student-mounds-55maps-reviewed.geojson,inputs/vectors/bounds/384/55maps_evaluation_bounds.geojson,evaluate_detections,results/uplift-supplement/verifier-pairing/55maps-generalisation__verified-paired,python scripts/materialise_pairing_twin.py --consensus outputs/55maps-generalisation/consensus/consensus-4of5.geojson --declare-crs EPSG:32635 --output results/uplift-supplement/verifier-pairing/55maps-generalisation__verified-paired/twin-4of5-crs32635.geojson,python scripts/evaluate_detections.py --detections results/uplift-supplement/verifier-pairing/55maps-generalisation__verified-paired/twin-4of5-crs32635.geojson --ground-truth inputs/vectors/references/student-mounds-55maps-reviewed.geojson --bounds inputs/vectors/bounds/384/55maps_evaluation_bounds.geojson --buffers 5 10 15 20 25 30 35 40 45 50 75 100 125 150 --bootstrap 10000 --seed 42 --mcc --output-dir results/uplift-supplement/verifier-pairing/55maps-generalisation__verified-paired --label 55maps-generalisation__verified-paired-unverified,committed consensus file carries projected coordinates and no crs member; twin copied with EPSG:32635 declared
pair::55maps-image-generalisation::verified,55maps-image-generalisation::verified,55maps-image-generalisation,library_plus-hp,55-map|student|50m|55maps-8541,55-map|student|50m|55maps-8541,"same-recipe-by-construction: the twin is scored with the verified cell's own recorded recipe, so its reference, buffer, and frame are that cell's by construction",55-map,student,50,55maps-8541,5,3,,ready,consensus-file,,,outputs/55maps-image-generalisation/consensus/consensus-3of5.geojson,,,,,inputs/vectors/references/student-mounds-55maps-reviewed.geojson,inputs/vectors/bounds/384/55maps_evaluation_bounds.geojson,evaluate_detections,results/uplift-supplement/verifier-pairing/55maps-image-generalisation__verified,,python scripts/evaluate_detections.py --detections outputs/55maps-image-generalisation/consensus/consensus-3of5.geojson --ground-truth inputs/vectors/references/student-mounds-55maps-reviewed.geojson --bounds inputs/vectors/bounds/384/55maps_evaluation_bounds.geojson --buffers 5 10 15 20 25 30 35 40 45 50 75 100 125 150 --bootstrap 10000 --seed 42 --mcc --output-dir results/uplift-supplement/verifier-pairing/55maps-image-generalisation__verified --label 55maps-image-generalisation__verified-unverified,
pair::55maps-image-generalisation::verified-k3-canonical-gt,55maps-image-generalisation::verified-k3-canonical-gt,55maps-image-generalisation,library_plus-hp,55-map|canonical|50m|55maps-8541,55-map|canonical|50m|55maps-8541,"same-recipe-by-construction: the twin is scored with the verified cell's own recorded recipe, so its reference, buffer, and frame are that cell's by construction",55-map,canonical,50,55maps-8541,5,3,,ready,consensus-file,,,outputs/55maps-image-generalisation/consensus/consensus-3of5.geojson,,,,,inputs/vectors/references/canonical-gt-55maps-r50.geojson,inputs/vectors/bounds/384/55maps_evaluation_bounds.geojson,corrected_f1_multi_buffer,results/uplift-supplement/verifier-pairing/55maps-image-generalisation__verified-k3-canonical-gt,python scripts/materialise_pairing_twin.py --crop-manifest outputs/55maps-image-generalisation/crops/candidate_manifest.json --min-votes 3 --expect-consensus outputs/55maps-image-generalisation/consensus/consensus-3of5.geojson --output results/uplift-supplement/verifier-pairing/55maps-image-generalisation__verified-k3-canonical-gt/twin-3of5.geojson,python scripts/compute_corrected_f1_multi_buffer.py --verified-detections results/uplift-supplement/verifier-pairing/55maps-image-generalisation__verified-k3-canonical-gt/twin-3of5.geojson --student-gt inputs/vectors/references/student-mounds-55maps-reviewed.geojson --bounds inputs/vectors/bounds/384/55maps_evaluation_bounds.geojson --buffers 5 10 15 20 25 30 35 40 45 50 75 100 125 150 --n-bootstrap 10000 --seed 42 --compute-mcc --output-dir results/uplift-supplement/verifier-pairing/55maps-image-generalisation__verified-k3-canonical-gt --review-yesterday results/55maps-extended-gt-2026-06-07/empty-yesterday-review.csv --review-today results/deployment-oracle-2026-06-06/canonical-gt/canonical-review.csv,twin materialised from the verifier stage's own crop manifest (outputs/55maps-image-generalisation/crops/candidate_manifest.json) to carry source_tile
pair::55maps-image-generalisation::verified-k3-standardised-gt,55maps-image-generalisation::verified-k3-standardised-gt,55maps-image-generalisation,library_plus-hp,55-map|standardised|50m|55maps-8541,55-map|standardised|50m|55maps-8541,"same-recipe-by-construction: the twin is scored with the verified cell's own recorded recipe, so its reference, buffer, and frame are that cell's by construction",55-map,standardised,50,55maps-8541,5,3,,ready,consensus-file,,,outputs/55maps-image-generalisation/consensus/consensus-3of5.geojson,,,,,inputs/vectors/references/best-available-gt-55maps.geojson,inputs/vectors/bounds/384/55maps_evaluation_bounds.geojson,corrected_f1_multi_buffer,results/uplift-supplement/verifier-pairing/55maps-image-generalisation__verified-k3-standardised-gt,python scripts/materialise_pairing_twin.py --crop-manifest outputs/55maps-image-generalisation/crops/candidate_manifest.json --min-votes 3 --expect-consensus outputs/55maps-image-generalisation/consensus/consensus-3of5.geojson --output results/uplift-supplement/verifier-pairing/55maps-image-generalisation__verified-k3-standardised-gt/twin-3of5.geojson,python scripts/compute_corrected_f1_multi_buffer.py --verified-detections results/uplift-supplement/verifier-pairing/55maps-image-generalisation__verified-k3-standardised-gt/twin-3of5.geojson --student-gt results/deployment-oracle-2026-06-06/canonical-gt/standardised/student-mounds-55maps-standardised.geojson --bounds inputs/vectors/bounds/384/55maps_evaluation_bounds.geojson --buffers 5 10 15 20 25 30 35 40 45 50 75 100 125 150 --n-bootstrap 10000 --seed 42 --compute-mcc --output-dir results/uplift-supplement/verifier-pairing/55maps-image-generalisation__verified-k3-standardised-gt --extension-csv results/deployment-oracle-2026-06-06/canonical-gt/standardised/extension-mounds-standardised.csv,twin materialised from the verifier stage's own crop manifest (outputs/55maps-image-generalisation/crops/candidate_manifest.json) to carry source_tile
pair::55maps-image-generalisation::verified-k4-standardised-gt,55maps-image-generalisation::verified-k4-standardised-gt,55maps-image-generalisation,library_plus-hp,55-map|standardised|50m|55maps-8541,55-map|standardised|50m|55maps-8541,"same-recipe-by-construction: the twin is scored with the verified cell's own recorded recipe, so its reference, buffer, and frame are that cell's by construction",55-map,standardised,50,55maps-8541,5,4,,ready-after-materialise,stage-manifest,,,,,,outputs/55maps-image-generalisation/crops/candidate_manifest.json,vote_count >= 4,inputs/vectors/references/best-available-gt-55maps.geojson,inputs/vectors/bounds/384/55maps_evaluation_bounds.geojson,evaluate_detections,results/uplift-supplement/verifier-pairing/55maps-image-generalisation__verified-k4-standardised-gt,python scripts/materialise_pairing_twin.py --crop-manifest outputs/55maps-image-generalisation/crops/candidate_manifest.json --min-votes 4 --output results/uplift-supplement/verifier-pairing/55maps-image-generalisation__verified-k4-standardised-gt/twin-4of5.geojson,python scripts/evaluate_detections.py --detections results/uplift-supplement/verifier-pairing/55maps-image-generalisation__verified-k4-standardised-gt/twin-4of5.geojson --ground-truth inputs/vectors/references/best-available-gt-55maps.geojson --bounds inputs/vectors/bounds/384/55maps_evaluation_bounds.geojson --buffers 5 10 15 20 25 30 35 40 45 50 75 100 125 150 --bootstrap 10000 --seed 42 --mcc --output-dir results/uplift-supplement/verifier-pairing/55maps-image-generalisation__verified-k4-standardised-gt --label 55maps-image-generalisation__verified-k4-standardised-gt-unverified,"no committed consensus set names this cell's shell, so the twin is the vote >= 4 shell of the candidate universe its own verifier stage cropped (outputs/55maps-image-generalisation/crops/candidate_manifest.json: 7878 candidates over 5 pass(es), votes 3-5, 4982 at vote >= 4; matched sole-manifest). Vote shells nest, so this subset IS the shell, not an approximation of it"
pair::55maps-image-generalisation::verified-k3-r2-gt,55maps-image-generalisation::verified-k3-r2-gt,55maps-image-generalisation,library_plus-hp,55-map|r2|50m|55maps-8541,55-map|r2|50m|55maps-8541,"same-recipe-by-construction: the twin is scored with the verified cell's own recorded recipe, so its reference, buffer, and frame are that cell's by construction",55-map,r2,50,55maps-8541,5,3,,ready,consensus-file,,,outputs/55maps-image-generalisation/consensus/consensus-3of5.geojson,,,,,inputs/vectors/references/best-available-gt-55maps-r2.geojson,inputs/vectors/bounds/384/55maps_evaluation_bounds.geojson,evaluate_detections,results/uplift-supplement/verifier-pairing/55maps-image-generalisation__verified-k3-r2-gt,,python scripts/evaluate_detections.py --detections outputs/55maps-image-generalisation/consensus/consensus-3of5.geojson --ground-truth inputs/vectors/references/best-available-gt-55maps-r2.geojson --bounds inputs/vectors/bounds/384/55maps_evaluation_bounds.geojson --buffers 5 10 15 20 25 30 35 40 45 50 75 100 125 150 --bootstrap 10000 --seed 42 --mcc --output-dir results/uplift-supplement/verifier-pairing/55maps-image-generalisation__verified-k3-r2-gt --label 55maps-image-generalisation__verified-k3-r2-gt-unverified,
pair::55maps-image-generalisation::verified-k4-r2-gt,55maps-image-generalisation::verified-k4-r2-gt,55maps-image-generalisation,library_plus-hp,55-map|r2|50m|55maps-8541,55-map|r2|50m|55maps-8541,"same-recipe-by-construction: the twin is scored with the verified cell's own recorded recipe, so its reference, buffer, and frame are that cell's by construction",55-map,r2,50,55maps-8541,5,4,,ready-after-materialise,stage-manifest,,,,,,outputs/55maps-image-generalisation/crops/candidate_manifest.json,vote_count >= 4,inputs/vectors/references/best-available-gt-55maps-r2.geojson,inputs/vectors/bounds/384/55maps_evaluation_bounds.geojson,evaluate_detections,results/uplift-supplement/verifier-pairing/55maps-image-generalisation__verified-k4-r2-gt,python scripts/materialise_pairing_twin.py --crop-manifest outputs/55maps-image-generalisation/crops/candidate_manifest.json --min-votes 4 --output results/uplift-supplement/verifier-pairing/55maps-image-generalisation__verified-k4-r2-gt/twin-4of5.geojson,python scripts/evaluate_detections.py --detections results/uplift-supplement/verifier-pairing/55maps-image-generalisation__verified-k4-r2-gt/twin-4of5.geojson --ground-truth inputs/vectors/references/best-available-gt-55maps-r2.geojson --bounds inputs/vectors/bounds/384/55maps_evaluation_bounds.geojson --buffers 5 10 15 20 25 30 35 40 45 50 75 100 125 150 --bootstrap 10000 --seed 42 --mcc --output-dir results/uplift-supplement/verifier-pairing/55maps-image-generalisation__verified-k4-r2-gt --label 55maps-image-generalisation__verified-k4-r2-gt-unverified,"no committed consensus set names this cell's shell, so the twin is the vote >= 4 shell of the candidate universe its own verifier stage cropped (outputs/55maps-image-generalisation/crops/candidate_manifest.json: 7878 candidates over 5 pass(es), votes 3-5, 4982 at vote >= 4; matched sole-manifest). Vote shells nest, so this subset IS the shell, not an approximation of it"
pair::55maps-text-high-generalisation::verified,55maps-text-high-generalisation::verified,55maps-text-high-generalisation,detect_brief-text,55-map|student|50m|55maps-8541,55-map|student|50m|55maps-8541,"same-recipe-by-construction: the twin is scored with the verified cell's own recorded recipe, so its reference, buffer, and frame are that cell's by construction",55-map,student,50,55maps-8541,5,4,,ready,consensus-file,,,outputs/55maps-text-high-generalisation/consensus/consensus-4of5.geojson,,,,,inputs/vectors/references/student-mounds-55maps-reviewed.geojson,inputs/vectors/bounds/384/55maps_evaluation_bounds.geojson,evaluate_detections,results/uplift-supplement/verifier-pairing/55maps-text-high-generalisation__verified,,python scripts/evaluate_detections.py --detections outputs/55maps-text-high-generalisation/consensus/consensus-4of5.geojson --ground-truth inputs/vectors/references/student-mounds-55maps-reviewed.geojson --bounds inputs/vectors/bounds/384/55maps_evaluation_bounds.geojson --buffers 5 10 15 20 25 30 35 40 45 50 75 100 125 150 --bootstrap 10000 --seed 42 --mcc --output-dir results/uplift-supplement/verifier-pairing/55maps-text-high-generalisation__verified --label 55maps-text-high-generalisation__verified-unverified,
pair::55maps-text-high-generalisation::verified-k4-canonical-gt,55maps-text-high-generalisation::verified-k4-canonical-gt,55maps-text-high-generalisation,detect_brief-text,55-map|canonical|50m|55maps-8541,55-map|canonical|50m|55maps-8541,"same-recipe-by-construction: the twin is scored with the verified cell's own recorded recipe, so its reference, buffer, and frame are that cell's by construction",55-map,canonical,50,55maps-8541,5,4,,ready,consensus-file,,,outputs/55maps-text-high-generalisation/consensus/consensus-4of5.geojson,,,,,inputs/vectors/references/canonical-gt-55maps-r50.geojson,inputs/vectors/bounds/384/55maps_evaluation_bounds.geojson,corrected_f1_multi_buffer,results/uplift-supplement/verifier-pairing/55maps-text-high-generalisation__verified-k4-canonical-gt,python scripts/materialise_pairing_twin.py --crop-manifest outputs/55maps-text-high-generalisation/crops/candidate_manifest.json --min-votes 4 --expect-consensus outputs/55maps-text-high-generalisation/consensus/consensus-4of5.geojson --output results/uplift-supplement/verifier-pairing/55maps-text-high-generalisation__verified-k4-canonical-gt/twin-4of5.geojson,python scripts/compute_corrected_f1_multi_buffer.py --verified-detections results/uplift-supplement/verifier-pairing/55maps-text-high-generalisation__verified-k4-canonical-gt/twin-4of5.geojson --student-gt inputs/vectors/references/student-mounds-55maps-reviewed.geojson --bounds inputs/vectors/bounds/384/55maps_evaluation_bounds.geojson --buffers 5 10 15 20 25 30 35 40 45 50 75 100 125 150 --n-bootstrap 10000 --seed 42 --compute-mcc --output-dir results/uplift-supplement/verifier-pairing/55maps-text-high-generalisation__verified-k4-canonical-gt --review-yesterday results/55maps-extended-gt-2026-06-07/empty-yesterday-review.csv --review-today results/deployment-oracle-2026-06-06/canonical-gt/canonical-review.csv,twin materialised from the verifier stage's own crop manifest (outputs/55maps-text-high-generalisation/crops/candidate_manifest.json) to carry source_tile
pair::55maps-text-high-generalisation::verified-k3-canonical-gt,55maps-text-high-generalisation::verified-k3-canonical-gt,55maps-text-high-generalisation,detect_brief-text,55-map|canonical|50m|55maps-8541,55-map|canonical|50m|55maps-8541,"same-recipe-by-construction: the twin is scored with the verified cell's own recorded recipe, so its reference, buffer, and frame are that cell's by construction",55-map,canonical,50,55maps-8541,5,3,0.15,ready-after-materialise,shell-manifests,,,,,,outputs/55maps-text-high-generalisation/crops/candidate_manifest.json,vote_count >= 3,inputs/vectors/references/canonical-gt-55maps-r50.geojson,inputs/vectors/bounds/384/55maps_evaluation_bounds.geojson,corrected_f1_multi_buffer,results/uplift-supplement/verifier-pairing/55maps-text-high-generalisation__verified-k3-canonical-gt,python scripts/materialise_pairing_twin.py --crop-manifest outputs/55maps-text-high-generalisation/crops/candidate_manifest.json --crop-manifest results/deployment-oracle-2026-06-06/vote3-verify/55maps-text-high-generalisation/crops/candidate_manifest.json --min-votes 3 --output results/uplift-supplement/verifier-pairing/55maps-text-high-generalisation__verified-k3-canonical-gt/twin-3of5.geojson,python scripts/compute_corrected_f1_multi_buffer.py --verified-detections results/uplift-supplement/verifier-pairing/55maps-text-high-generalisation__verified-k3-canonical-gt/twin-3of5.geojson --student-gt inputs/vectors/references/student-mounds-55maps-reviewed.geojson --bounds inputs/vectors/bounds/384/55maps_evaluation_bounds.geojson --buffers 5 10 15 20 25 30 35 40 45 50 75 100 125 150 --n-bootstrap 10000 --seed 42 --compute-mcc --output-dir results/uplift-supplement/verifier-pairing/55maps-text-high-generalisation__verified-k3-canonical-gt --review-yesterday results/55maps-extended-gt-2026-06-07/empty-yesterday-review.csv --review-today results/deployment-oracle-2026-06-06/canonical-gt/canonical-review.csv,"the run's candidate universe is recorded in two files: the base manifest at votes 4-5 (9205) and the committed increment at votes 3-3 (4367). The shells are disjoint and join into an unbroken range reaching k = 3, so the twin is their union at vote >= 3 (13572 candidates); the same join scripts/final_board_sweeps.py makes and gates for this run's sweep space"
pair::55maps-text-high-generalisation::verified-k4-standardised-gt,55maps-text-high-generalisation::verified-k4-standardised-gt,55maps-text-high-generalisation,detect_brief-text,55-map|standardised|50m|55maps-8541,55-map|standardised|50m|55maps-8541,"same-recipe-by-construction: the twin is scored with the verified cell's own recorded recipe, so its reference, buffer, and frame are that cell's by construction",55-map,standardised,50,55maps-8541,5,4,,ready,consensus-file,,,outputs/55maps-text-high-generalisation/consensus/consensus-4of5.geojson,,,,,inputs/vectors/references/best-available-gt-55maps.geojson,inputs/vectors/bounds/384/55maps_evaluation_bounds.geojson,corrected_f1_multi_buffer,results/uplift-supplement/verifier-pairing/55maps-text-high-generalisation__verified-k4-standardised-gt,python scripts/materialise_pairing_twin.py --crop-manifest outputs/55maps-text-high-generalisation/crops/candidate_manifest.json --min-votes 4 --expect-consensus outputs/55maps-text-high-generalisation/consensus/consensus-4of5.geojson --output results/uplift-supplement/verifier-pairing/55maps-text-high-generalisation__verified-k4-standardised-gt/twin-4of5.geojson,python scripts/compute_corrected_f1_multi_buffer.py --verified-detections results/uplift-supplement/verifier-pairing/55maps-text-high-generalisation__verified-k4-standardised-gt/twin-4of5.geojson --student-gt results/deployment-oracle-2026-06-06/canonical-gt/standardised/student-mounds-55maps-standardised.geojson --bounds inputs/vectors/bounds/384/55maps_evaluation_bounds.geojson --buffers 5 10 15 20 25 30 35 40 45 50 75 100 125 150 --n-bootstrap 10000 --seed 42 --compute-mcc --output-dir results/uplift-supplement/verifier-pairing/55maps-text-high-generalisation__verified-k4-standardised-gt --extension-csv results/deployment-oracle-2026-06-06/canonical-gt/standardised/extension-mounds-standardised.csv,twin materialised from the verifier stage's own crop manifest (outputs/55maps-text-high-generalisation/crops/candidate_manifest.json) to carry source_tile
pair::55maps-text-high-generalisation::verified-k3-standardised-gt,55maps-text-high-generalisation::verified-k3-standardised-gt,55maps-text-high-generalisation,detect_brief-text,55-map|standardised|50m|55maps-8541,55-map|standardised|50m|55maps-8541,"same-recipe-by-construction: the twin is scored with the verified cell's own recorded recipe, so its reference, buffer, and frame are that cell's by construction",55-map,standardised,50,55maps-8541,5,3,0.15,ready-after-materialise,shell-manifests,,,,,,outputs/55maps-text-high-generalisation/crops/candidate_manifest.json,vote_count >= 3,inputs/vectors/references/best-available-gt-55maps.geojson,inputs/vectors/bounds/384/55maps_evaluation_bounds.geojson,corrected_f1_multi_buffer,results/uplift-supplement/verifier-pairing/55maps-text-high-generalisation__verified-k3-standardised-gt,python scripts/materialise_pairing_twin.py --crop-manifest outputs/55maps-text-high-generalisation/crops/candidate_manifest.json --crop-manifest results/deployment-oracle-2026-06-06/vote3-verify/55maps-text-high-generalisation/crops/candidate_manifest.json --min-votes 3 --output results/uplift-supplement/verifier-pairing/55maps-text-high-generalisation__verified-k3-standardised-gt/twin-3of5.geojson,python scripts/compute_corrected_f1_multi_buffer.py --verified-detections results/uplift-supplement/verifier-pairing/55maps-text-high-generalisation__verified-k3-standardised-gt/twin-3of5.geojson --student-gt results/deployment-oracle-2026-06-06/canonical-gt/standardised/student-mounds-55maps-standardised.geojson --bounds inputs/vectors/bounds/384/55maps_evaluation_bounds.geojson --buffers 5 10 15 20 25 30 35 40 45 50 75 100 125 150 --n-bootstrap 10000 --seed 42 --compute-mcc --output-dir results/uplift-supplement/verifier-pairing/55maps-text-high-generalisation__verified-k3-standardised-gt --extension-csv results/deployment-oracle-2026-06-06/canonical-gt/standardised/extension-mounds-standardised.csv,"the run's candidate universe is recorded in two files: the base manifest at votes 4-5 (9205) and the committed increment at votes 3-3 (4367). The shells are disjoint and join into an unbroken range reaching k = 3, so the twin is their union at vote >= 3 (13572 candidates); the same join scripts/final_board_sweeps.py makes and gates for this run's sweep space"
pair::55maps-text-high-generalisation::verified-k4-r2-gt,55maps-text-high-generalisation::verified-k4-r2-gt,55maps-text-high-generalisation,detect_brief-text,55-map|r2|50m|55maps-8541,55-map|r2|50m|55maps-8541,"same-recipe-by-construction: the twin is scored with the verified cell's own recorded recipe, so its reference, buffer, and frame are that cell's by construction",55-map,r2,50,55maps-8541,5,4,,ready,consensus-file,,,outputs/55maps-text-high-generalisation/consensus/consensus-4of5.geojson,,,,,inputs/vectors/references/best-available-gt-55maps-r2.geojson,inputs/vectors/bounds/384/55maps_evaluation_bounds.geojson,evaluate_detections,results/uplift-supplement/verifier-pairing/55maps-text-high-generalisation__verified-k4-r2-gt,,python scripts/evaluate_detections.py --detections outputs/55maps-text-high-generalisation/consensus/consensus-4of5.geojson --ground-truth inputs/vectors/references/best-available-gt-55maps-r2.geojson --bounds inputs/vectors/bounds/384/55maps_evaluation_bounds.geojson --buffers 5 10 15 20 25 30 35 40 45 50 75 100 125 150 --bootstrap 10000 --seed 42 --mcc --output-dir results/uplift-supplement/verifier-pairing/55maps-text-high-generalisation__verified-k4-r2-gt --label 55maps-text-high-generalisation__verified-k4-r2-gt-unverified,
pair::55maps-text-high-generalisation::verified-k3-r2-gt,55maps-text-high-generalisation::verified-k3-r2-gt,55maps-text-high-generalisation,detect_brief-text,55-map|r2|50m|55maps-8541,55-map|r2|50m|55maps-8541,"same-recipe-by-construction: the twin is scored with the verified cell's own recorded recipe, so its reference, buffer, and frame are that cell's by construction",55-map,r2,50,55maps-8541,5,3,0.15,ready-after-materialise,shell-manifests,,,,,,outputs/55maps-text-high-generalisation/crops/candidate_manifest.json,vote_count >= 3,inputs/vectors/references/best-available-gt-55maps-r2.geojson,inputs/vectors/bounds/384/55maps_evaluation_bounds.geojson,evaluate_detections,results/uplift-supplement/verifier-pairing/55maps-text-high-generalisation__verified-k3-r2-gt,python scripts/materialise_pairing_twin.py --crop-manifest outputs/55maps-text-high-generalisation/crops/candidate_manifest.json --crop-manifest results/deployment-oracle-2026-06-06/vote3-verify/55maps-text-high-generalisation/crops/candidate_manifest.json --min-votes 3 --output results/uplift-supplement/verifier-pairing/55maps-text-high-generalisation__verified-k3-r2-gt/twin-3of5.geojson,python scripts/evaluate_detections.py --detections results/uplift-supplement/verifier-pairing/55maps-text-high-generalisation__verified-k3-r2-gt/twin-3of5.geojson --ground-truth inputs/vectors/references/best-available-gt-55maps-r2.geojson --bounds inputs/vectors/bounds/384/55maps_evaluation_bounds.geojson --buffers 5 10 15 20 25 30 35 40 45 50 75 100 125 150 --bootstrap 10000 --seed 42 --mcc --output-dir results/uplift-supplement/verifier-pairing/55maps-text-high-generalisation__verified-k3-r2-gt --label 55maps-text-high-generalisation__verified-k3-r2-gt-unverified,"the run's candidate universe is recorded in two files: the base manifest at votes 4-5 (9205) and the committed increment at votes 3-3 (4367). The shells are disjoint and join into an unbroken range reaching k = 3, so the twin is their union at vote >= 3 (13572 candidates); the same join scripts/final_board_sweeps.py makes and gates for this run's sweep space"
pair::55maps-text-high-t0-3-generalisation::verified,55maps-text-high-t0-3-generalisation::verified,55maps-text-high-t0-3-generalisation,detect_brief-text,55-map|student|50m|55maps-8541,55-map|student|50m|55maps-8541,"same-recipe-by-construction: the twin is scored with the verified cell's own recorded recipe, so its reference, buffer, and frame are that cell's by construction",55-map,student,50,55maps-8541,5,4,,ready,consensus-file,,,outputs/55maps-text-high-t0.3-generalisation/consensus/consensus-4of5.geojson,,,,,inputs/vectors/references/student-mounds-55maps-reviewed.geojson,inputs/vectors/bounds/384/55maps_evaluation_bounds.geojson,evaluate_detections,results/uplift-supplement/verifier-pairing/55maps-text-high-t0-3-generalisation__verified,,python scripts/evaluate_detections.py --detections outputs/55maps-text-high-t0.3-generalisation/consensus/consensus-4of5.geojson --ground-truth inputs/vectors/references/student-mounds-55maps-reviewed.geojson --bounds inputs/vectors/bounds/384/55maps_evaluation_bounds.geojson --buffers 5 10 15 20 25 30 35 40 45 50 75 100 125 150 --bootstrap 10000 --seed 42 --mcc --output-dir results/uplift-supplement/verifier-pairing/55maps-text-high-t0-3-generalisation__verified --label 55maps-text-high-t0-3-generalisation__verified-unverified,
pair::55maps-text-high-t0-3-generalisation::verified-k4-canonical-gt,55maps-text-high-t0-3-generalisation::verified-k4-canonical-gt,55maps-text-high-t0-3-generalisation,detect_brief-text,55-map|canonical|50m|55maps-8541,55-map|canonical|50m|55maps-8541,"same-recipe-by-construction: the twin is scored with the verified cell's own recorded recipe, so its reference, buffer, and frame are that cell's by construction",55-map,canonical,50,55maps-8541,5,4,,ready,consensus-file,,,outputs/55maps-text-high-t0.3-generalisation/consensus/consensus-4of5.geojson,,,,,inputs/vectors/references/canonical-gt-55maps-r50.geojson,inputs/vectors/bounds/384/55maps_evaluation_bounds.geojson,corrected_f1_multi_buffer,results/uplift-supplement/verifier-pairing/55maps-text-high-t0-3-generalisation__verified-k4-canonical-gt,python scripts/materialise_pairing_twin.py --crop-manifest outputs/55maps-text-high-t0.3-generalisation/crops/candidate_manifest.json --min-votes 4 --expect-consensus outputs/55maps-text-high-t0.3-generalisation/consensus/consensus-4of5.geojson --output results/uplift-supplement/verifier-pairing/55maps-text-high-t0-3-generalisation__verified-k4-canonical-gt/twin-4of5.geojson,python scripts/compute_corrected_f1_multi_buffer.py --verified-detections results/uplift-supplement/verifier-pairing/55maps-text-high-t0-3-generalisation__verified-k4-canonical-gt/twin-4of5.geojson --student-gt inputs/vectors/references/student-mounds-55maps-reviewed.geojson --bounds inputs/vectors/bounds/384/55maps_evaluation_bounds.geojson --buffers 5 10 15 20 25 30 35 40 45 50 75 100 125 150 --n-bootstrap 10000 --seed 42 --compute-mcc --output-dir results/uplift-supplement/verifier-pairing/55maps-text-high-t0-3-generalisation__verified-k4-canonical-gt --review-yesterday results/55maps-extended-gt-2026-06-07/empty-yesterday-review.csv --review-today results/deployment-oracle-2026-06-06/canonical-gt/canonical-review.csv,twin materialised from the verifier stage's own crop manifest (outputs/55maps-text-high-t0.3-generalisation/crops/candidate_manifest.json) to carry source_tile
pair::55maps-text-high-t0-3-generalisation::verified-k3-canonical-gt,55maps-text-high-t0-3-generalisation::verified-k3-canonical-gt,55maps-text-high-t0-3-generalisation,detect_brief-text,55-map|canonical|50m|55maps-8541,55-map|canonical|50m|55maps-8541,"same-recipe-by-construction: the twin is scored with the verified cell's own recorded recipe, so its reference, buffer, and frame are that cell's by construction",55-map,canonical,50,55maps-8541,5,3,0.15,ready-after-materialise,shell-manifests,,,,,,outputs/55maps-text-high-t0.3-generalisation/crops/candidate_manifest.json,vote_count >= 3,inputs/vectors/references/canonical-gt-55maps-r50.geojson,inputs/vectors/bounds/384/55maps_evaluation_bounds.geojson,corrected_f1_multi_buffer,results/uplift-supplement/verifier-pairing/55maps-text-high-t0-3-generalisation__verified-k3-canonical-gt,python scripts/materialise_pairing_twin.py --crop-manifest outputs/55maps-text-high-t0.3-generalisation/crops/candidate_manifest.json --crop-manifest results/deployment-oracle-2026-06-06/vote3-verify/55maps-text-high-t0.3-generalisation/crops/candidate_manifest.json --min-votes 3 --output results/uplift-supplement/verifier-pairing/55maps-text-high-t0-3-generalisation__verified-k3-canonical-gt/twin-3of5.geojson,python scripts/compute_corrected_f1_multi_buffer.py --verified-detections results/uplift-supplement/verifier-pairing/55maps-text-high-t0-3-generalisation__verified-k3-canonical-gt/twin-3of5.geojson --student-gt inputs/vectors/references/student-mounds-55maps-reviewed.geojson --bounds inputs/vectors/bounds/384/55maps_evaluation_bounds.geojson --buffers 5 10 15 20 25 30 35 40 45 50 75 100 125 150 --n-bootstrap 10000 --seed 42 --compute-mcc --output-dir results/uplift-supplement/verifier-pairing/55maps-text-high-t0-3-generalisation__verified-k3-canonical-gt --review-yesterday results/55maps-extended-gt-2026-06-07/empty-yesterday-review.csv --review-today results/deployment-oracle-2026-06-06/canonical-gt/canonical-review.csv,"the run's candidate universe is recorded in two files: the base manifest at votes 4-5 (9910) and the committed increment at votes 3-3 (4035). The shells are disjoint and join into an unbroken range reaching k = 3, so the twin is their union at vote >= 3 (13945 candidates); the same join scripts/final_board_sweeps.py makes and gates for this run's sweep space"
pair::55maps-text-high-t0-3-generalisation::verified-k4-standardised-gt,55maps-text-high-t0-3-generalisation::verified-k4-standardised-gt,55maps-text-high-t0-3-generalisation,detect_brief-text,55-map|standardised|50m|55maps-8541,55-map|standardised|50m|55maps-8541,"same-recipe-by-construction: the twin is scored with the verified cell's own recorded recipe, so its reference, buffer, and frame are that cell's by construction",55-map,standardised,50,55maps-8541,5,4,,ready,consensus-file,,,outputs/55maps-text-high-t0.3-generalisation/consensus/consensus-4of5.geojson,,,,,inputs/vectors/references/best-available-gt-55maps.geojson,inputs/vectors/bounds/384/55maps_evaluation_bounds.geojson,corrected_f1_multi_buffer,results/uplift-supplement/verifier-pairing/55maps-text-high-t0-3-generalisation__verified-k4-standardised-gt,python scripts/materialise_pairing_twin.py --crop-manifest outputs/55maps-text-high-t0.3-generalisation/crops/candidate_manifest.json --min-votes 4 --expect-consensus outputs/55maps-text-high-t0.3-generalisation/consensus/consensus-4of5.geojson --output results/uplift-supplement/verifier-pairing/55maps-text-high-t0-3-generalisation__verified-k4-standardised-gt/twin-4of5.geojson,python scripts/compute_corrected_f1_multi_buffer.py --verified-detections results/uplift-supplement/verifier-pairing/55maps-text-high-t0-3-generalisation__verified-k4-standardised-gt/twin-4of5.geojson --student-gt results/deployment-oracle-2026-06-06/canonical-gt/standardised/student-mounds-55maps-standardised.geojson --bounds inputs/vectors/bounds/384/55maps_evaluation_bounds.geojson --buffers 5 10 15 20 25 30 35 40 45 50 75 100 125 150 --n-bootstrap 10000 --seed 42 --compute-mcc --output-dir results/uplift-supplement/verifier-pairing/55maps-text-high-t0-3-generalisation__verified-k4-standardised-gt --extension-csv results/deployment-oracle-2026-06-06/canonical-gt/standardised/extension-mounds-standardised.csv,twin materialised from the verifier stage's own crop manifest (outputs/55maps-text-high-t0.3-generalisation/crops/candidate_manifest.json) to carry source_tile
pair::55maps-text-high-t0-3-generalisation::verified-k3-standardised-gt,55maps-text-high-t0-3-generalisation::verified-k3-standardised-gt,55maps-text-high-t0-3-generalisation,detect_brief-text,55-map|standardised|50m|55maps-8541,55-map|standardised|50m|55maps-8541,"same-recipe-by-construction: the twin is scored with the verified cell's own recorded recipe, so its reference, buffer, and frame are that cell's by construction",55-map,standardised,50,55maps-8541,5,3,0.15,ready-after-materialise,shell-manifests,,,,,,outputs/55maps-text-high-t0.3-generalisation/crops/candidate_manifest.json,vote_count >= 3,inputs/vectors/references/best-available-gt-55maps.geojson,inputs/vectors/bounds/384/55maps_evaluation_bounds.geojson,corrected_f1_multi_buffer,results/uplift-supplement/verifier-pairing/55maps-text-high-t0-3-generalisation__verified-k3-standardised-gt,python scripts/materialise_pairing_twin.py --crop-manifest outputs/55maps-text-high-t0.3-generalisation/crops/candidate_manifest.json --crop-manifest results/deployment-oracle-2026-06-06/vote3-verify/55maps-text-high-t0.3-generalisation/crops/candidate_manifest.json --min-votes 3 --output results/uplift-supplement/verifier-pairing/55maps-text-high-t0-3-generalisation__verified-k3-standardised-gt/twin-3of5.geojson,python scripts/compute_corrected_f1_multi_buffer.py --verified-detections results/uplift-supplement/verifier-pairing/55maps-text-high-t0-3-generalisation__verified-k3-standardised-gt/twin-3of5.geojson --student-gt results/deployment-oracle-2026-06-06/canonical-gt/standardised/student-mounds-55maps-standardised.geojson --bounds inputs/vectors/bounds/384/55maps_evaluation_bounds.geojson --buffers 5 10 15 20 25 30 35 40 45 50 75 100 125 150 --n-bootstrap 10000 --seed 42 --compute-mcc --output-dir results/uplift-supplement/verifier-pairing/55maps-text-high-t0-3-generalisation__verified-k3-standardised-gt --extension-csv results/deployment-oracle-2026-06-06/canonical-gt/standardised/extension-mounds-standardised.csv,"the run's candidate universe is recorded in two files: the base manifest at votes 4-5 (9910) and the committed increment at votes 3-3 (4035). The shells are disjoint and join into an unbroken range reaching k = 3, so the twin is their union at vote >= 3 (13945 candidates); the same join scripts/final_board_sweeps.py makes and gates for this run's sweep space"
pair::55maps-text-high-t0-3-generalisation::verified-oracle-p0.20-k3-standardised-gt,55maps-text-high-t0-3-generalisation::verified-oracle-p0.20-k3-standardised-gt,55maps-text-high-t0-3-generalisation,detect_brief-text,55-map|standardised|50m|55maps-8541,55-map|standardised|50m|55maps-8541,"same-recipe-by-construction: the twin is scored with the verified cell's own recorded recipe, so its reference, buffer, and frame are that cell's by construction",55-map,standardised,50,55maps-8541,5,3,0.2,ready-after-materialise,shell-manifests,,,,,,outputs/55maps-text-high-t0.3-generalisation/crops/candidate_manifest.json,vote_count >= 3,inputs/vectors/references/best-available-gt-55maps.geojson,inputs/vectors/bounds/384/55maps_evaluation_bounds.geojson,evaluate_detections,results/uplift-supplement/verifier-pairing/55maps-text-high-t0-3-generalisation__verified-oracle-p0_20-k3-standardised-gt,python scripts/materialise_pairing_twin.py --crop-manifest outputs/55maps-text-high-t0.3-generalisation/crops/candidate_manifest.json --crop-manifest results/deployment-oracle-2026-06-06/vote3-verify/55maps-text-high-t0.3-generalisation/crops/candidate_manifest.json --min-votes 3 --output results/uplift-supplement/verifier-pairing/55maps-text-high-t0-3-generalisation__verified-oracle-p0_20-k3-standardised-gt/twin-3of5.geojson,python scripts/evaluate_detections.py --detections results/uplift-supplement/verifier-pairing/55maps-text-high-t0-3-generalisation__verified-oracle-p0_20-k3-standardised-gt/twin-3of5.geojson --ground-truth inputs/vectors/references/best-available-gt-55maps.geojson --bounds inputs/vectors/bounds/384/55maps_evaluation_bounds.geojson --buffers 5 10 15 20 25 30 35 40 45 50 75 100 125 150 --bootstrap 10000 --seed 42 --mcc --output-dir results/uplift-supplement/verifier-pairing/55maps-text-high-t0-3-generalisation__verified-oracle-p0_20-k3-standardised-gt --label 55maps-text-high-t0-3-generalisation__verified-oracle-p0_20-k3-standardised-gt-unverified,"the run's candidate universe is recorded in two files: the base manifest at votes 4-5 (9910) and the committed increment at votes 3-3 (4035). The shells are disjoint and join into an unbroken range reaching k = 3, so the twin is their union at vote >= 3 (13945 candidates); the same join scripts/final_board_sweeps.py makes and gates for this run's sweep space"
pair::55maps-text-high-t0-3-generalisation::verified-k4-r2-gt,55maps-text-high-t0-3-generalisation::verified-k4-r2-gt,55maps-text-high-t0-3-generalisation,detect_brief-text,55-map|r2|50m|55maps-8541,55-map|r2|50m|55maps-8541,"same-recipe-by-construction: the twin is scored with the verified cell's own recorded recipe, so its reference, buffer, and frame are that cell's by construction",55-map,r2,50,55maps-8541,5,4,,ready,consensus-file,,,outputs/55maps-text-high-t0.3-generalisation/consensus/consensus-4of5.geojson,,,,,inputs/vectors/references/best-available-gt-55maps-r2.geojson,inputs/vectors/bounds/384/55maps_evaluation_bounds.geojson,evaluate_detections,results/uplift-supplement/verifier-pairing/55maps-text-high-t0-3-generalisation__verified-k4-r2-gt,,python scripts/evaluate_detections.py --detections outputs/55maps-text-high-t0.3-generalisation/consensus/consensus-4of5.geojson --ground-truth inputs/vectors/references/best-available-gt-55maps-r2.geojson --bounds inputs/vectors/bounds/384/55maps_evaluation_bounds.geojson --buffers 5 10 15 20 25 30 35 40 45 50 75 100 125 150 --bootstrap 10000 --seed 42 --mcc --output-dir results/uplift-supplement/verifier-pairing/55maps-text-high-t0-3-generalisation__verified-k4-r2-gt --label 55maps-text-high-t0-3-generalisation__verified-k4-r2-gt-unverified,
pair::55maps-text-high-t0-3-generalisation::verified-k3-r2-gt,55maps-text-high-t0-3-generalisation::verified-k3-r2-gt,55maps-text-high-t0-3-generalisation,detect_brief-text,55-map|r2|50m|55maps-8541,55-map|r2|50m|55maps-8541,"same-recipe-by-construction: the twin is scored with the verified cell's own recorded recipe, so its reference, buffer, and frame are that cell's by construction",55-map,r2,50,55maps-8541,5,3,0.15,ready-after-materialise,shell-manifests,,,,,,outputs/55maps-text-high-t0.3-generalisation/crops/candidate_manifest.json,vote_count >= 3,inputs/vectors/references/best-available-gt-55maps-r2.geojson,inputs/vectors/bounds/384/55maps_evaluation_bounds.geojson,evaluate_detections,results/uplift-supplement/verifier-pairing/55maps-text-high-t0-3-generalisation__verified-k3-r2-gt,python scripts/materialise_pairing_twin.py --crop-manifest outputs/55maps-text-high-t0.3-generalisation/crops/candidate_manifest.json --crop-manifest results/deployment-oracle-2026-06-06/vote3-verify/55maps-text-high-t0.3-generalisation/crops/candidate_manifest.json --min-votes 3 --output results/uplift-supplement/verifier-pairing/55maps-text-high-t0-3-generalisation__verified-k3-r2-gt/twin-3of5.geojson,python scripts/evaluate_detections.py --detections results/uplift-supplement/verifier-pairing/55maps-text-high-t0-3-generalisation__verified-k3-r2-gt/twin-3of5.geojson --ground-truth inputs/vectors/references/best-available-gt-55maps-r2.geojson --bounds inputs/vectors/bounds/384/55maps_evaluation_bounds.geojson --buffers 5 10 15 20 25 30 35 40 45 50 75 100 125 150 --bootstrap 10000 --seed 42 --mcc --output-dir results/uplift-supplement/verifier-pairing/55maps-text-high-t0-3-generalisation__verified-k3-r2-gt --label 55maps-text-high-t0-3-generalisation__verified-k3-r2-gt-unverified,"the run's candidate universe is recorded in two files: the base manifest at votes 4-5 (9910) and the committed increment at votes 3-3 (4035). The shells are disjoint and join into an unbroken range reaching k = 3, so the twin is their union at vote >= 3 (13945 candidates); the same join scripts/final_board_sweeps.py makes and gates for this run's sweep space"
pair::55maps-text-high-t0-3-generalisation::verified-oracle-p0.20-k3-r2-gt,55maps-text-high-t0-3-generalisation::verified-oracle-p0.20-k3-r2-gt,55maps-text-high-t0-3-generalisation,detect_brief-text,55-map|r2|50m|55maps-8541,55-map|r2|50m|55maps-8541,"same-recipe-by-construction: the twin is scored with the verified cell's own recorded recipe, so its reference, buffer, and frame are that cell's by construction",55-map,r2,50,55maps-8541,5,3,0.2,ready-after-materialise,shell-manifests,,,,,,outputs/55maps-text-high-t0.3-generalisation/crops/candidate_manifest.json,vote_count >= 3,inputs/vectors/references/best-available-gt-55maps-r2.geojson,inputs/vectors/bounds/384/55maps_evaluation_bounds.geojson,evaluate_detections,results/uplift-supplement/verifier-pairing/55maps-text-high-t0-3-generalisation__verified-oracle-p0_20-k3-r2-gt,python scripts/materialise_pairing_twin.py --crop-manifest outputs/55maps-text-high-t0.3-generalisation/crops/candidate_manifest.json --crop-manifest results/deployment-oracle-2026-06-06/vote3-verify/55maps-text-high-t0.3-generalisation/crops/candidate_manifest.json --min-votes 3 --output results/uplift-supplement/verifier-pairing/55maps-text-high-t0-3-generalisation__verified-oracle-p0_20-k3-r2-gt/twin-3of5.geojson,python scripts/evaluate_detections.py --detections results/uplift-supplement/verifier-pairing/55maps-text-high-t0-3-generalisation__verified-oracle-p0_20-k3-r2-gt/twin-3of5.geojson --ground-truth inputs/vectors/references/best-available-gt-55maps-r2.geojson --bounds inputs/vectors/bounds/384/55maps_evaluation_bounds.geojson --buffers 5 10 15 20 25 30 35 40 45 50 75 100 125 150 --bootstrap 10000 --seed 42 --mcc --output-dir results/uplift-supplement/verifier-pairing/55maps-text-high-t0-3-generalisation__verified-oracle-p0_20-k3-r2-gt --label 55maps-text-high-t0-3-generalisation__verified-oracle-p0_20-k3-r2-gt-unverified,"the run's candidate universe is recorded in two files: the base manifest at votes 4-5 (9910) and the committed increment at votes 3-3 (4035). The shells are disjoint and join into an unbroken range reaching k = 3, so the twin is their union at vote >= 3 (13945 candidates); the same join scripts/final_board_sweeps.py makes and gates for this run's sweep space"
pair::55maps-text-min-generalisation::verified,55maps-text-min-generalisation::verified,55maps-text-min-generalisation,detect_brief-text,55-map|student|50m|55maps-8541,55-map|student|50m|55maps-8541,"same-recipe-by-construction: the twin is scored with the verified cell's own recorded recipe, so its reference, buffer, and frame are that cell's by construction",55-map,student,50,55maps-8541,5,4,,ready,consensus-file,,,outputs/55maps-text-min-generalisation/consensus/consensus-4of5.geojson,,,,,inputs/vectors/references/student-mounds-55maps-reviewed.geojson,inputs/vectors/bounds/384/55maps_evaluation_bounds.geojson,evaluate_detections,results/uplift-supplement/verifier-pairing/55maps-text-min-generalisation__verified,,python scripts/evaluate_detections.py --detections outputs/55maps-text-min-generalisation/consensus/consensus-4of5.geojson --ground-truth inputs/vectors/references/student-mounds-55maps-reviewed.geojson --bounds inputs/vectors/bounds/384/55maps_evaluation_bounds.geojson --buffers 5 10 15 20 25 30 35 40 45 50 75 100 125 150 --bootstrap 10000 --seed 42 --mcc --output-dir results/uplift-supplement/verifier-pairing/55maps-text-min-generalisation__verified --label 55maps-text-min-generalisation__verified-unverified,
pair::55maps-text-min-generalisation::verified-k4-canonical-gt,55maps-text-min-generalisation::verified-k4-canonical-gt,55maps-text-min-generalisation,detect_brief-text,55-map|canonical|50m|55maps-8541,55-map|canonical|50m|55maps-8541,"same-recipe-by-construction: the twin is scored with the verified cell's own recorded recipe, so its reference, buffer, and frame are that cell's by construction",55-map,canonical,50,55maps-8541,5,4,,ready,consensus-file,,,outputs/55maps-text-min-generalisation/consensus/consensus-4of5.geojson,,,,,inputs/vectors/references/canonical-gt-55maps-r50.geojson,inputs/vectors/bounds/384/55maps_evaluation_bounds.geojson,corrected_f1_multi_buffer,results/uplift-supplement/verifier-pairing/55maps-text-min-generalisation__verified-k4-canonical-gt,python scripts/materialise_pairing_twin.py --crop-manifest outputs/55maps-text-min-generalisation/crops/candidate_manifest.json --min-votes 4 --expect-consensus outputs/55maps-text-min-generalisation/consensus/consensus-4of5.geojson --output results/uplift-supplement/verifier-pairing/55maps-text-min-generalisation__verified-k4-canonical-gt/twin-4of5.geojson,python scripts/compute_corrected_f1_multi_buffer.py --verified-detections results/uplift-supplement/verifier-pairing/55maps-text-min-generalisation__verified-k4-canonical-gt/twin-4of5.geojson --student-gt inputs/vectors/references/student-mounds-55maps-reviewed.geojson --bounds inputs/vectors/bounds/384/55maps_evaluation_bounds.geojson --buffers 5 10 15 20 25 30 35 40 45 50 75 100 125 150 --n-bootstrap 10000 --seed 42 --compute-mcc --output-dir results/uplift-supplement/verifier-pairing/55maps-text-min-generalisation__verified-k4-canonical-gt --review-yesterday results/55maps-extended-gt-2026-06-07/empty-yesterday-review.csv --review-today results/deployment-oracle-2026-06-06/canonical-gt/canonical-review.csv,twin materialised from the verifier stage's own crop manifest (outputs/55maps-text-min-generalisation/crops/candidate_manifest.json) to carry source_tile
pair::55maps-text-min-generalisation::verified-k3-canonical-gt,55maps-text-min-generalisation::verified-k3-canonical-gt,55maps-text-min-generalisation,detect_brief-text,55-map|canonical|50m|55maps-8541,55-map|canonical|50m|55maps-8541,"same-recipe-by-construction: the twin is scored with the verified cell's own recorded recipe, so its reference, buffer, and frame are that cell's by construction",55-map,canonical,50,55maps-8541,5,3,0.15,ready-after-materialise,shell-manifests,,,,,,outputs/55maps-text-min-generalisation/crops/candidate_manifest.json,vote_count >= 3,inputs/vectors/references/canonical-gt-55maps-r50.geojson,inputs/vectors/bounds/384/55maps_evaluation_bounds.geojson,corrected_f1_multi_buffer,results/uplift-supplement/verifier-pairing/55maps-text-min-generalisation__verified-k3-canonical-gt,python scripts/materialise_pairing_twin.py --crop-manifest outputs/55maps-text-min-generalisation/crops/candidate_manifest.json --crop-manifest results/deployment-oracle-2026-06-06/vote3-verify/55maps-text-min-generalisation/crops/candidate_manifest.json --min-votes 3 --output results/uplift-supplement/verifier-pairing/55maps-text-min-generalisation__verified-k3-canonical-gt/twin-3of5.geojson,python scripts/compute_corrected_f1_multi_buffer.py --verified-detections results/uplift-supplement/verifier-pairing/55maps-text-min-generalisation__verified-k3-canonical-gt/twin-3of5.geojson --student-gt inputs/vectors/references/student-mounds-55maps-reviewed.geojson --bounds inputs/vectors/bounds/384/55maps_evaluation_bounds.geojson --buffers 5 10 15 20 25 30 35 40 45 50 75 100 125 150 --n-bootstrap 10000 --seed 42 --compute-mcc --output-dir results/uplift-supplement/verifier-pairing/55maps-text-min-generalisation__verified-k3-canonical-gt --review-yesterday results/55maps-extended-gt-2026-06-07/empty-yesterday-review.csv --review-today results/deployment-oracle-2026-06-06/canonical-gt/canonical-review.csv,"the run's candidate universe is recorded in two files: the base manifest at votes 4-5 (10170) and the committed increment at votes 3-3 (2220). The shells are disjoint and join into an unbroken range reaching k = 3, so the twin is their union at vote >= 3 (12390 candidates); the same join scripts/final_board_sweeps.py makes and gates for this run's sweep space"
pair::55maps-text-min-generalisation::verified-k4-standardised-gt,55maps-text-min-generalisation::verified-k4-standardised-gt,55maps-text-min-generalisation,detect_brief-text,55-map|standardised|50m|55maps-8541,55-map|standardised|50m|55maps-8541,"same-recipe-by-construction: the twin is scored with the verified cell's own recorded recipe, so its reference, buffer, and frame are that cell's by construction",55-map,standardised,50,55maps-8541,5,4,,ready,consensus-file,,,outputs/55maps-text-min-generalisation/consensus/consensus-4of5.geojson,,,,,inputs/vectors/references/best-available-gt-55maps.geojson,inputs/vectors/bounds/384/55maps_evaluation_bounds.geojson,corrected_f1_multi_buffer,results/uplift-supplement/verifier-pairing/55maps-text-min-generalisation__verified-k4-standardised-gt,python scripts/materialise_pairing_twin.py --crop-manifest outputs/55maps-text-min-generalisation/crops/candidate_manifest.json --min-votes 4 --expect-consensus outputs/55maps-text-min-generalisation/consensus/consensus-4of5.geojson --output results/uplift-supplement/verifier-pairing/55maps-text-min-generalisation__verified-k4-standardised-gt/twin-4of5.geojson,python scripts/compute_corrected_f1_multi_buffer.py --verified-detections results/uplift-supplement/verifier-pairing/55maps-text-min-generalisation__verified-k4-standardised-gt/twin-4of5.geojson --student-gt results/deployment-oracle-2026-06-06/canonical-gt/standardised/student-mounds-55maps-standardised.geojson --bounds inputs/vectors/bounds/384/55maps_evaluation_bounds.geojson --buffers 5 10 15 20 25 30 35 40 45 50 75 100 125 150 --n-bootstrap 10000 --seed 42 --compute-mcc --output-dir results/uplift-supplement/verifier-pairing/55maps-text-min-generalisation__verified-k4-standardised-gt --extension-csv results/deployment-oracle-2026-06-06/canonical-gt/standardised/extension-mounds-standardised.csv,twin materialised from the verifier stage's own crop manifest (outputs/55maps-text-min-generalisation/crops/candidate_manifest.json) to carry source_tile
pair::55maps-text-min-generalisation::verified-k3-standardised-gt,55maps-text-min-generalisation::verified-k3-standardised-gt,55maps-text-min-generalisation,detect_brief-text,55-map|standardised|50m|55maps-8541,55-map|standardised|50m|55maps-8541,"same-recipe-by-construction: the twin is scored with the verified cell's own recorded recipe, so its reference, buffer, and frame are that cell's by construction",55-map,standardised,50,55maps-8541,5,3,0.15,ready-after-materialise,shell-manifests,,,,,,outputs/55maps-text-min-generalisation/crops/candidate_manifest.json,vote_count >= 3,inputs/vectors/references/best-available-gt-55maps.geojson,inputs/vectors/bounds/384/55maps_evaluation_bounds.geojson,corrected_f1_multi_buffer,results/uplift-supplement/verifier-pairing/55maps-text-min-generalisation__verified-k3-standardised-gt,python scripts/materialise_pairing_twin.py --crop-manifest outputs/55maps-text-min-generalisation/crops/candidate_manifest.json --crop-manifest results/deployment-oracle-2026-06-06/vote3-verify/55maps-text-min-generalisation/crops/candidate_manifest.json --min-votes 3 --output results/uplift-supplement/verifier-pairing/55maps-text-min-generalisation__verified-k3-standardised-gt/twin-3of5.geojson,python scripts/compute_corrected_f1_multi_buffer.py --verified-detections results/uplift-supplement/verifier-pairing/55maps-text-min-generalisation__verified-k3-standardised-gt/twin-3of5.geojson --student-gt results/deployment-oracle-2026-06-06/canonical-gt/standardised/student-mounds-55maps-standardised.geojson --bounds inputs/vectors/bounds/384/55maps_evaluation_bounds.geojson --buffers 5 10 15 20 25 30 35 40 45 50 75 100 125 150 --n-bootstrap 10000 --seed 42 --compute-mcc --output-dir results/uplift-supplement/verifier-pairing/55maps-text-min-generalisation__verified-k3-standardised-gt --extension-csv results/deployment-oracle-2026-06-06/canonical-gt/standardised/extension-mounds-standardised.csv,"the run's candidate universe is recorded in two files: the base manifest at votes 4-5 (10170) and the committed increment at votes 3-3 (2220). The shells are disjoint and join into an unbroken range reaching k = 3, so the twin is their union at vote >= 3 (12390 candidates); the same join scripts/final_board_sweeps.py makes and gates for this run's sweep space"
pair::55maps-text-min-generalisation::verified-oracle-p0.20-k3-standardised-gt,55maps-text-min-generalisation::verified-oracle-p0.20-k3-standardised-gt,55maps-text-min-generalisation,detect_brief-text,55-map|standardised|50m|55maps-8541,55-map|standardised|50m|55maps-8541,"same-recipe-by-construction: the twin is scored with the verified cell's own recorded recipe, so its reference, buffer, and frame are that cell's by construction",55-map,standardised,50,55maps-8541,5,3,0.2,ready-after-materialise,shell-manifests,,,,,,outputs/55maps-text-min-generalisation/crops/candidate_manifest.json,vote_count >= 3,inputs/vectors/references/best-available-gt-55maps.geojson,inputs/vectors/bounds/384/55maps_evaluation_bounds.geojson,evaluate_detections,results/uplift-supplement/verifier-pairing/55maps-text-min-generalisation__verified-oracle-p0_20-k3-standardised-gt,python scripts/materialise_pairing_twin.py --crop-manifest outputs/55maps-text-min-generalisation/crops/candidate_manifest.json --crop-manifest results/deployment-oracle-2026-06-06/vote3-verify/55maps-text-min-generalisation/crops/candidate_manifest.json --min-votes 3 --output results/uplift-supplement/verifier-pairing/55maps-text-min-generalisation__verified-oracle-p0_20-k3-standardised-gt/twin-3of5.geojson,python scripts/evaluate_detections.py --detections results/uplift-supplement/verifier-pairing/55maps-text-min-generalisation__verified-oracle-p0_20-k3-standardised-gt/twin-3of5.geojson --ground-truth inputs/vectors/references/best-available-gt-55maps.geojson --bounds inputs/vectors/bounds/384/55maps_evaluation_bounds.geojson --buffers 5 10 15 20 25 30 35 40 45 50 75 100 125 150 --bootstrap 10000 --seed 42 --mcc --output-dir results/uplift-supplement/verifier-pairing/55maps-text-min-generalisation__verified-oracle-p0_20-k3-standardised-gt --label 55maps-text-min-generalisation__verified-oracle-p0_20-k3-standardised-gt-unverified,"the run's candidate universe is recorded in two files: the base manifest at votes 4-5 (10170) and the committed increment at votes 3-3 (2220). The shells are disjoint and join into an unbroken range reaching k = 3, so the twin is their union at vote >= 3 (12390 candidates); the same join scripts/final_board_sweeps.py makes and gates for this run's sweep space"
pair::55maps-text-min-generalisation::verified-k4-r2-gt,55maps-text-min-generalisation::verified-k4-r2-gt,55maps-text-min-generalisation,detect_brief-text,55-map|r2|50m|55maps-8541,55-map|r2|50m|55maps-8541,"same-recipe-by-construction: the twin is scored with the verified cell's own recorded recipe, so its reference, buffer, and frame are that cell's by construction",55-map,r2,50,55maps-8541,5,4,,ready,consensus-file,,,outputs/55maps-text-min-generalisation/consensus/consensus-4of5.geojson,,,,,inputs/vectors/references/best-available-gt-55maps-r2.geojson,inputs/vectors/bounds/384/55maps_evaluation_bounds.geojson,evaluate_detections,results/uplift-supplement/verifier-pairing/55maps-text-min-generalisation__verified-k4-r2-gt,,python scripts/evaluate_detections.py --detections outputs/55maps-text-min-generalisation/consensus/consensus-4of5.geojson --ground-truth inputs/vectors/references/best-available-gt-55maps-r2.geojson --bounds inputs/vectors/bounds/384/55maps_evaluation_bounds.geojson --buffers 5 10 15 20 25 30 35 40 45 50 75 100 125 150 --bootstrap 10000 --seed 42 --mcc --output-dir results/uplift-supplement/verifier-pairing/55maps-text-min-generalisation__verified-k4-r2-gt --label 55maps-text-min-generalisation__verified-k4-r2-gt-unverified,
pair::55maps-text-min-generalisation::verified-k3-r2-gt,55maps-text-min-generalisation::verified-k3-r2-gt,55maps-text-min-generalisation,detect_brief-text,55-map|r2|50m|55maps-8541,55-map|r2|50m|55maps-8541,"same-recipe-by-construction: the twin is scored with the verified cell's own recorded recipe, so its reference, buffer, and frame are that cell's by construction",55-map,r2,50,55maps-8541,5,3,0.15,ready-after-materialise,shell-manifests,,,,,,outputs/55maps-text-min-generalisation/crops/candidate_manifest.json,vote_count >= 3,inputs/vectors/references/best-available-gt-55maps-r2.geojson,inputs/vectors/bounds/384/55maps_evaluation_bounds.geojson,evaluate_detections,results/uplift-supplement/verifier-pairing/55maps-text-min-generalisation__verified-k3-r2-gt,python scripts/materialise_pairing_twin.py --crop-manifest outputs/55maps-text-min-generalisation/crops/candidate_manifest.json --crop-manifest results/deployment-oracle-2026-06-06/vote3-verify/55maps-text-min-generalisation/crops/candidate_manifest.json --min-votes 3 --output results/uplift-supplement/verifier-pairing/55maps-text-min-generalisation__verified-k3-r2-gt/twin-3of5.geojson,python scripts/evaluate_detections.py --detections results/uplift-supplement/verifier-pairing/55maps-text-min-generalisation__verified-k3-r2-gt/twin-3of5.geojson --ground-truth inputs/vectors/references/best-available-gt-55maps-r2.geojson --bounds inputs/vectors/bounds/384/55maps_evaluation_bounds.geojson --buffers 5 10 15 20 25 30 35 40 45 50 75 100 125 150 --bootstrap 10000 --seed 42 --mcc --output-dir results/uplift-supplement/verifier-pairing/55maps-text-min-generalisation__verified-k3-r2-gt --label 55maps-text-min-generalisation__verified-k3-r2-gt-unverified,"the run's candidate universe is recorded in two files: the base manifest at votes 4-5 (10170) and the committed increment at votes 3-3 (2220). The shells are disjoint and join into an unbroken range reaching k = 3, so the twin is their union at vote >= 3 (12390 candidates); the same join scripts/final_board_sweeps.py makes and gates for this run's sweep space"
pair::55maps-text-min-generalisation::verified-oracle-p0.20-k3-r2-gt,55maps-text-min-generalisation::verified-oracle-p0.20-k3-r2-gt,55maps-text-min-generalisation,detect_brief-text,55-map|r2|50m|55maps-8541,55-map|r2|50m|55maps-8541,"same-recipe-by-construction: the twin is scored with the verified cell's own recorded recipe, so its reference, buffer, and frame are that cell's by construction",55-map,r2,50,55maps-8541,5,3,0.2,ready-after-materialise,shell-manifests,,,,,,outputs/55maps-text-min-generalisation/crops/candidate_manifest.json,vote_count >= 3,inputs/vectors/references/best-available-gt-55maps-r2.geojson,inputs/vectors/bounds/384/55maps_evaluation_bounds.geojson,evaluate_detections,results/uplift-supplement/verifier-pairing/55maps-text-min-generalisation__verified-oracle-p0_20-k3-r2-gt,python scripts/materialise_pairing_twin.py --crop-manifest outputs/55maps-text-min-generalisation/crops/candidate_manifest.json --crop-manifest results/deployment-oracle-2026-06-06/vote3-verify/55maps-text-min-generalisation/crops/candidate_manifest.json --min-votes 3 --output results/uplift-supplement/verifier-pairing/55maps-text-min-generalisation__verified-oracle-p0_20-k3-r2-gt/twin-3of5.geojson,python scripts/evaluate_detections.py --detections results/uplift-supplement/verifier-pairing/55maps-text-min-generalisation__verified-oracle-p0_20-k3-r2-gt/twin-3of5.geojson --ground-truth inputs/vectors/references/best-available-gt-55maps-r2.geojson --bounds inputs/vectors/bounds/384/55maps_evaluation_bounds.geojson --buffers 5 10 15 20 25 30 35 40 45 50 75 100 125 150 --bootstrap 10000 --seed 42 --mcc --output-dir results/uplift-supplement/verifier-pairing/55maps-text-min-generalisation__verified-oracle-p0_20-k3-r2-gt --label 55maps-text-min-generalisation__verified-oracle-p0_20-k3-r2-gt-unverified,"the run's candidate universe is recorded in two files: the base manifest at votes 4-5 (10170) and the committed increment at votes 3-3 (2220). The shells are disjoint and join into an unbroken range reaching k = 3, so the twin is their union at vote >= 3 (12390 candidates); the same join scripts/final_board_sweeps.py makes and gates for this run's sweep space"
pair::gold-standard-v2::verified-v1,gold-standard-v2::verified-v1,gold-standard-v2,detect_brief-text,4-map-gs|curator|20m|era-2-487,4-map-gs|curator|20m|era-2-487,derived-from-twin-cell,4-map-gs,curator,20,era-2-487,5,4,,already-registered,registered,,gold-standard-v2::consensus-4of5,outputs/gs/gold-standard-v2/consensus/consensus-4of5.geojson,,,,,inputs/vectors/references/mounds-reference.geojson,,,,,,the pre-verifier twin is already scored and registered
pair::h10::verified-pool-160,h10::verified-pool-160,h10,pool_160_hp4hn4,4-map-gs|curator|20m|era-3-327,4-map-gs|curator|20m|era-3-327,derived-from-twin-cell,4-map-gs,curator,20,era-3-327,5,4,0.05,already-registered,registered,,h10::greedy-pool-160,outputs/h10/evaluation-v2/pool_160_hp4hn4/consensus/consensus_t4.geojson,results/h10/with-mcc/pool_160/evaluation.json,,,,inputs/vectors/references/mounds-reference.geojson,inputs/vectors/bounds/384/h10_test_bounds.geojson,evaluate_detections,,,,the pre-verifier twin is already scored and registered
pair::proposer-verifier-384::verified-adversarial-text,proposer-verifier-384::verified-adversarial-text,proposer-verifier-384,detect_brief-text,4-map-gs|curator|20m|era-2-487,4-map-gs|curator|20m|era-2-487,"same-recipe-by-construction: the twin is scored with the verified cell's own recorded recipe, so its reference, buffer, and frame are that cell's by construction",4-map-gs,curator,20,era-2-487,1,1,,ready-after-materialise,single-pass-manifest,,,,,,outputs/h11/proposer-verifier-384/candidates/candidate_manifest.json,none (N = 1: every candidate has the one vote),inputs/vectors/references/mounds-reference.geojson,inputs/vectors/bounds/384/full_evaluation_bounds.geojson,evaluate_detections,results/uplift-supplement/verifier-pairing/proposer-verifier-384__verified-adversarial-text,python scripts/materialise_pairing_twin.py --crop-manifest outputs/h11/proposer-verifier-384/candidates/candidate_manifest.json --single-pass --min-votes 1 --output results/uplift-supplement/verifier-pairing/proposer-verifier-384__verified-adversarial-text/twin-1of1.geojson,python scripts/evaluate_detections.py --detections results/uplift-supplement/verifier-pairing/proposer-verifier-384__verified-adversarial-text/twin-1of1.geojson --ground-truth inputs/vectors/references/mounds-reference.geojson --bounds inputs/vectors/bounds/384/full_evaluation_bounds.geojson --buffers 5 10 15 20 25 30 35 40 45 50 75 100 125 150 --bootstrap 10000 --seed 42 --mcc --output-dir results/uplift-supplement/verifier-pairing/proposer-verifier-384__verified-adversarial-text --label proposer-verifier-384__verified-adversarial-text-unverified,"the registry records no vote_threshold because the pool ran a single proposer pass and had no votes to record; the shell at k = 1 is the whole pass; no pool-named condition: no registered condition is labelled 'detect_brief-text' in proposer-verifier-384; the pool ran a single proposer pass, so its manifest records no vote_count and the shell at k = 1 is the whole universe (outputs/h11/proposer-verifier-384/candidates/candidate_manifest.json: 572 candidates). The twin differs from its verified pair in the probability filter alone"
pair::proposer-verifier-384::verified-adversarial-image,proposer-verifier-384::verified-adversarial-image,proposer-verifier-384,detect_brief-text,4-map-gs|curator|20m|era-2-487,4-map-gs|curator|20m|era-2-487,"same-recipe-by-construction: the twin is scored with the verified cell's own recorded recipe, so its reference, buffer, and frame are that cell's by construction",4-map-gs,curator,20,era-2-487,1,1,,ready-after-materialise,single-pass-manifest,,,,,,outputs/h11/proposer-verifier-384/candidates/candidate_manifest.json,none (N = 1: every candidate has the one vote),inputs/vectors/references/mounds-reference.geojson,inputs/vectors/bounds/384/full_evaluation_bounds.geojson,evaluate_detections,results/uplift-supplement/verifier-pairing/proposer-verifier-384__verified-adversarial-image,python scripts/materialise_pairing_twin.py --crop-manifest outputs/h11/proposer-verifier-384/candidates/candidate_manifest.json --single-pass --min-votes 1 --output results/uplift-supplement/verifier-pairing/proposer-verifier-384__verified-adversarial-image/twin-1of1.geojson,python scripts/evaluate_detections.py --detections results/uplift-supplement/verifier-pairing/proposer-verifier-384__verified-adversarial-image/twin-1of1.geojson --ground-truth inputs/vectors/references/mounds-reference.geojson --bounds inputs/vectors/bounds/384/full_evaluation_bounds.geojson --buffers 5 10 15 20 25 30 35 40 45 50 75 100 125 150 --bootstrap 10000 --seed 42 --mcc --output-dir results/uplift-supplement/verifier-pairing/proposer-verifier-384__verified-adversarial-image --label proposer-verifier-384__verified-adversarial-image-unverified,"the registry records no vote_threshold because the pool ran a single proposer pass and had no votes to record; the shell at k = 1 is the whole pass; no pool-named condition: no registered condition is labelled 'detect_brief-text' in proposer-verifier-384; the pool ran a single proposer pass, so its manifest records no vote_count and the shell at k = 1 is the whole universe (outputs/h11/proposer-verifier-384/candidates/candidate_manifest.json: 572 candidates). The twin differs from its verified pair in the probability filter alone"
pair::proposer-verifier-384::verified-brief-text,proposer-verifier-384::verified-brief-text,proposer-verifier-384,detect_brief-text,4-map-gs|curator|20m|era-2-487,4-map-gs|curator|20m|era-2-487,"same-recipe-by-construction: the twin is scored with the verified cell's own recorded recipe, so its reference, buffer, and frame are that cell's by construction",4-map-gs,curator,20,era-2-487,1,1,,ready-after-materialise,single-pass-manifest,,,,,,outputs/h11/proposer-verifier-384/candidates/candidate_manifest.json,none (N = 1: every candidate has the one vote),inputs/vectors/references/mounds-reference.geojson,inputs/vectors/bounds/384/full_evaluation_bounds.geojson,evaluate_detections,results/uplift-supplement/verifier-pairing/proposer-verifier-384__verified-brief-text,python scripts/materialise_pairing_twin.py --crop-manifest outputs/h11/proposer-verifier-384/candidates/candidate_manifest.json --single-pass --min-votes 1 --output results/uplift-supplement/verifier-pairing/proposer-verifier-384__verified-brief-text/twin-1of1.geojson,python scripts/evaluate_detections.py --detections results/uplift-supplement/verifier-pairing/proposer-verifier-384__verified-brief-text/twin-1of1.geojson --ground-truth inputs/vectors/references/mounds-reference.geojson --bounds inputs/vectors/bounds/384/full_evaluation_bounds.geojson --buffers 5 10 15 20 25 30 35 40 45 50 75 100 125 150 --bootstrap 10000 --seed 42 --mcc --output-dir results/uplift-supplement/verifier-pairing/proposer-verifier-384__verified-brief-text --label proposer-verifier-384__verified-brief-text-unverified,"the registry records no vote_threshold because the pool ran a single proposer pass and had no votes to record; the shell at k = 1 is the whole pass; no pool-named condition: no registered condition is labelled 'detect_brief-text' in proposer-verifier-384; the pool ran a single proposer pass, so its manifest records no vote_count and the shell at k = 1 is the whole universe (outputs/h11/proposer-verifier-384/candidates/candidate_manifest.json: 572 candidates). The twin differs from its verified pair in the probability filter alone"
pair::proposer-verifier-384::verified-brief-image,proposer-verifier-384::verified-brief-image,proposer-verifier-384,detect_brief-text,4-map-gs|curator|20m|era-2-487,4-map-gs|curator|20m|era-2-487,"same-recipe-by-construction: the twin is scored with the verified cell's own recorded recipe, so its reference, buffer, and frame are that cell's by construction",4-map-gs,curator,20,era-2-487,1,1,,ready-after-materialise,single-pass-manifest,,,,,,outputs/h11/proposer-verifier-384/candidates/candidate_manifest.json,none (N = 1: every candidate has the one vote),inputs/vectors/references/mounds-reference.geojson,inputs/vectors/bounds/384/full_evaluation_bounds.geojson,evaluate_detections,results/uplift-supplement/verifier-pairing/proposer-verifier-384__verified-brief-image,python scripts/materialise_pairing_twin.py --crop-manifest outputs/h11/proposer-verifier-384/candidates/candidate_manifest.json --single-pass --min-votes 1 --output results/uplift-supplement/verifier-pairing/proposer-verifier-384__verified-brief-image/twin-1of1.geojson,python scripts/evaluate_detections.py --detections results/uplift-supplement/verifier-pairing/proposer-verifier-384__verified-brief-image/twin-1of1.geojson --ground-truth inputs/vectors/references/mounds-reference.geojson --bounds inputs/vectors/bounds/384/full_evaluation_bounds.geojson --buffers 5 10 15 20 25 30 35 40 45 50 75 100 125 150 --bootstrap 10000 --seed 42 --mcc --output-dir results/uplift-supplement/verifier-pairing/proposer-verifier-384__verified-brief-image --label proposer-verifier-384__verified-brief-image-unverified,"the registry records no vote_threshold because the pool ran a single proposer pass and had no votes to record; the shell at k = 1 is the whole pass; no pool-named condition: no registered condition is labelled 'detect_brief-text' in proposer-verifier-384; the pool ran a single proposer pass, so its manifest records no vote_count and the shell at k = 1 is the whole universe (outputs/h11/proposer-verifier-384/candidates/candidate_manifest.json: 572 candidates). The twin differs from its verified pair in the probability filter alone"
pair::proposer-verifier-384::verified-checklist-text,proposer-verifier-384::verified-checklist-text,proposer-verifier-384,detect_brief-text,4-map-gs|curator|20m|era-2-487,4-map-gs|curator|20m|era-2-487,"same-recipe-by-construction: the twin is scored with the verified cell's own recorded recipe, so its reference, buffer, and frame are that cell's by construction",4-map-gs,curator,20,era-2-487,1,1,,ready-after-materialise,single-pass-manifest,,,,,,outputs/h11/proposer-verifier-384/candidates/candidate_manifest.json,none (N = 1: every candidate has the one vote),inputs/vectors/references/mounds-reference.geojson,inputs/vectors/bounds/384/full_evaluation_bounds.geojson,evaluate_detections,results/uplift-supplement/verifier-pairing/proposer-verifier-384__verified-checklist-text,python scripts/materialise_pairing_twin.py --crop-manifest outputs/h11/proposer-verifier-384/candidates/candidate_manifest.json --single-pass --min-votes 1 --output results/uplift-supplement/verifier-pairing/proposer-verifier-384__verified-checklist-text/twin-1of1.geojson,python scripts/evaluate_detections.py --detections results/uplift-supplement/verifier-pairing/proposer-verifier-384__verified-checklist-text/twin-1of1.geojson --ground-truth inputs/vectors/references/mounds-reference.geojson --bounds inputs/vectors/bounds/384/full_evaluation_bounds.geojson --buffers 5 10 15 20 25 30 35 40 45 50 75 100 125 150 --bootstrap 10000 --seed 42 --mcc --output-dir results/uplift-supplement/verifier-pairing/proposer-verifier-384__verified-checklist-text --label proposer-verifier-384__verified-checklist-text-unverified,"the registry records no vote_threshold because the pool ran a single proposer pass and had no votes to record; the shell at k = 1 is the whole pass; no pool-named condition: no registered condition is labelled 'detect_brief-text' in proposer-verifier-384; the pool ran a single proposer pass, so its manifest records no vote_count and the shell at k = 1 is the whole universe (outputs/h11/proposer-verifier-384/candidates/candidate_manifest.json: 572 candidates). The twin differs from its verified pair in the probability filter alone"
pair::proposer-verifier-384::verified-checklist-image,proposer-verifier-384::verified-checklist-image,proposer-verifier-384,detect_brief-text,4-map-gs|curator|20m|era-2-487,4-map-gs|curator|20m|era-2-487,"same-recipe-by-construction: the twin is scored with the verified cell's own recorded recipe, so its reference, buffer, and frame are that cell's by construction",4-map-gs,curator,20,era-2-487,1,1,,ready-after-materialise,single-pass-manifest,,,,,,outputs/h11/proposer-verifier-384/candidates/candidate_manifest.json,none (N = 1: every candidate has the one vote),inputs/vectors/references/mounds-reference.geojson,inputs/vectors/bounds/384/full_evaluation_bounds.geojson,evaluate_detections,results/uplift-supplement/verifier-pairing/proposer-verifier-384__verified-checklist-image,python scripts/materialise_pairing_twin.py --crop-manifest outputs/h11/proposer-verifier-384/candidates/candidate_manifest.json --single-pass --min-votes 1 --output results/uplift-supplement/verifier-pairing/proposer-verifier-384__verified-checklist-image/twin-1of1.geojson,python scripts/evaluate_detections.py --detections results/uplift-supplement/verifier-pairing/proposer-verifier-384__verified-checklist-image/twin-1of1.geojson --ground-truth inputs/vectors/references/mounds-reference.geojson --bounds inputs/vectors/bounds/384/full_evaluation_bounds.geojson --buffers 5 10 15 20 25 30 35 40 45 50 75 100 125 150 --bootstrap 10000 --seed 42 --mcc --output-dir results/uplift-supplement/verifier-pairing/proposer-verifier-384__verified-checklist-image --label proposer-verifier-384__verified-checklist-image-unverified,"the registry records no vote_threshold because the pool ran a single proposer pass and had no votes to record; the shell at k = 1 is the whole pass; no pool-named condition: no registered condition is labelled 'detect_brief-text' in proposer-verifier-384; the pool ran a single proposer pass, so its manifest records no vote_count and the shell at k = 1 is the whole universe (outputs/h11/proposer-verifier-384/candidates/candidate_manifest.json: 572 candidates). The twin differs from its verified pair in the probability filter alone"
pair::proposer-verifier-384::verified-cascade-adversarial-checklist,proposer-verifier-384::verified-cascade-adversarial-checklist,proposer-verifier-384,detect_brief-text,4-map-gs|curator|20m|era-2-487,4-map-gs|curator|20m|era-2-487,"same-recipe-by-construction: the twin is scored with the verified cell's own recorded recipe, so its reference, buffer, and frame are that cell's by construction",4-map-gs,curator,20,era-2-487,1,1,,ready-after-materialise,single-pass-manifest,,,,,,outputs/h11/proposer-verifier-384/candidates/candidate_manifest.json,none (N = 1: every candidate has the one vote),inputs/vectors/references/mounds-reference.geojson,inputs/vectors/bounds/384/full_evaluation_bounds.geojson,evaluate_detections,results/uplift-supplement/verifier-pairing/proposer-verifier-384__verified-cascade-adversarial-checklist,python scripts/materialise_pairing_twin.py --crop-manifest outputs/h11/proposer-verifier-384/candidates/candidate_manifest.json --single-pass --min-votes 1 --output results/uplift-supplement/verifier-pairing/proposer-verifier-384__verified-cascade-adversarial-checklist/twin-1of1.geojson,python scripts/evaluate_detections.py --detections results/uplift-supplement/verifier-pairing/proposer-verifier-384__verified-cascade-adversarial-checklist/twin-1of1.geojson --ground-truth inputs/vectors/references/mounds-reference.geojson --bounds inputs/vectors/bounds/384/full_evaluation_bounds.geojson --buffers 5 10 15 20 25 30 35 40 45 50 75 100 125 150 --bootstrap 10000 --seed 42 --mcc --output-dir results/uplift-supplement/verifier-pairing/proposer-verifier-384__verified-cascade-adversarial-checklist --label proposer-verifier-384__verified-cascade-adversarial-checklist-unverified,"the registry records no vote_threshold because the pool ran a single proposer pass and had no votes to record; the shell at k = 1 is the whole pass; no pool-named condition: no registered condition is labelled 'detect_brief-text' in proposer-verifier-384; the pool ran a single proposer pass, so its manifest records no vote_count and the shell at k = 1 is the whole universe (outputs/h11/proposer-verifier-384/candidates/candidate_manifest.json: 572 candidates). The twin differs from its verified pair in the probability filter alone"
pair::proposer-verifier-384::verified-cascade-checklist-adversarial,proposer-verifier-384::verified-cascade-checklist-adversarial,proposer-verifier-384,detect_brief-text,4-map-gs|curator|20m|era-2-487,4-map-gs|curator|20m|era-2-487,"same-recipe-by-construction: the twin is scored with the verified cell's own recorded recipe, so its reference, buffer, and frame are that cell's by construction",4-map-gs,curator,20,era-2-487,1,1,,ready-after-materialise,single-pass-manifest,,,,,,outputs/h11/proposer-verifier-384/candidates/candidate_manifest.json,none (N = 1: every candidate has the one vote),inputs/vectors/references/mounds-reference.geojson,inputs/vectors/bounds/384/full_evaluation_bounds.geojson,evaluate_detections,results/uplift-supplement/verifier-pairing/proposer-verifier-384__verified-cascade-checklist-adversarial,python scripts/materialise_pairing_twin.py --crop-manifest outputs/h11/proposer-verifier-384/candidates/candidate_manifest.json --single-pass --min-votes 1 --output results/uplift-supplement/verifier-pairing/proposer-verifier-384__verified-cascade-checklist-adversarial/twin-1of1.geojson,python scripts/evaluate_detections.py --detections results/uplift-supplement/verifier-pairing/proposer-verifier-384__verified-cascade-checklist-adversarial/twin-1of1.geojson --ground-truth inputs/vectors/references/mounds-reference.geojson --bounds inputs/vectors/bounds/384/full_evaluation_bounds.geojson --buffers 5 10 15 20 25 30 35 40 45 50 75 100 125 150 --bootstrap 10000 --seed 42 --mcc --output-dir results/uplift-supplement/verifier-pairing/proposer-verifier-384__verified-cascade-checklist-adversarial --label proposer-verifier-384__verified-cascade-checklist-adversarial-unverified,"the registry records no vote_threshold because the pool ran a single proposer pass and had no votes to record; the shell at k = 1 is the whole pass; no pool-named condition: no registered condition is labelled 'detect_brief-text' in proposer-verifier-384; the pool ran a single proposer pass, so its manifest records no vote_count and the shell at k = 1 is the whole universe (outputs/h11/proposer-verifier-384/candidates/candidate_manifest.json: 572 candidates). The twin differs from its verified pair in the probability filter alone"
pair::proposer-verifier-512::verified-adversarial-text,proposer-verifier-512::verified-adversarial-text,proposer-verifier-512,detect_brief-text,4-map-gs|curator|20m|era-1-340,4-map-gs|curator|20m|era-1-340,"same-recipe-by-construction: the twin is scored with the verified cell's own recorded recipe, so its reference, buffer, and frame are that cell's by construction",4-map-gs,curator,20,era-1-340,1,1,,ready-after-materialise,single-pass-manifest,,,,,,outputs/h11/proposer-verifier-512/candidates/candidate_manifest.json,none (N = 1: every candidate has the one vote),inputs/vectors/references/mounds-reference.geojson,inputs/vectors/bounds/full_evaluation_bounds.geojson,evaluate_detections,results/uplift-supplement/verifier-pairing/proposer-verifier-512__verified-adversarial-text,python scripts/materialise_pairing_twin.py --crop-manifest outputs/h11/proposer-verifier-512/candidates/candidate_manifest.json --single-pass --min-votes 1 --output results/uplift-supplement/verifier-pairing/proposer-verifier-512__verified-adversarial-text/twin-1of1.geojson,python scripts/evaluate_detections.py --detections results/uplift-supplement/verifier-pairing/proposer-verifier-512__verified-adversarial-text/twin-1of1.geojson --ground-truth inputs/vectors/references/mounds-reference.geojson --bounds inputs/vectors/bounds/full_evaluation_bounds.geojson --buffers 5 10 15 20 25 30 35 40 45 50 75 100 125 150 --bootstrap 10000 --seed 42 --mcc --output-dir results/uplift-supplement/verifier-pairing/proposer-verifier-512__verified-adversarial-text --label proposer-verifier-512__verified-adversarial-text-unverified,"the registry records no vote_threshold because the pool ran a single proposer pass and had no votes to record; the shell at k = 1 is the whole pass; no pool-named condition: no registered condition is labelled 'detect_brief-text' in proposer-verifier-512; the pool ran a single proposer pass, so its manifest records no vote_count and the shell at k = 1 is the whole universe (outputs/h11/proposer-verifier-512/candidates/candidate_manifest.json: 140 candidates). The twin differs from its verified pair in the probability filter alone"
pair::pv-diag-256::verified-adv-text-consensus-5of5,pv-diag-256::verified-adv-text-consensus-5of5,pv-diag-256,text-consensus-5of5,4-map-gs|curator|20m|px256-1032,4-map-gs|curator|20m|px256-1032,derived-from-twin-cell,4-map-gs,curator,20,px256-1032,5,5,0.2,already-registered,registered,,pv-diag-256::text-consensus-5of5,outputs/h11/pv-diag-256/consensus/text-5of5.geojson,results/rescore-2026-06-08/pv-diag-256/text-5of5/evaluation.json,,,,inputs/vectors/references/mounds-reference.geojson,inputs/vectors/bounds/256/full_evaluation_bounds.geojson,evaluate_detections,,,,"the registry records no vote_threshold, but the pool 'text-consensus-5of5' names its own shell: k = 5 of N = 5. The verifier consumed that shell, so that is the shell the twin must be; the pool 'text-consensus-5of5' names a registered condition in pv-diag-256, which IS the pre-verifier set this cell's verifier consumed; the pre-verifier twin is already scored and registered"
pair::pv-diag-384::verified-adv-text-consensus-16of30,pv-diag-384::verified-adv-text-consensus-16of30,pv-diag-384,flash-high-text-consensus-16of30,4-map-gs|curator|20m|era-2-487,4-map-gs|curator|20m|era-2-487,"same-recipe-by-construction: the twin is scored with the verified cell's own recorded recipe, so its reference, buffer, and frame are that cell's by construction",4-map-gs,curator,20,era-2-487,30,16,0.2,ready,consensus-file,,,outputs/h11/pv-diag-384/consensus/flash-high-text-16of30.geojson,,,,,inputs/vectors/references/mounds-reference.geojson,inputs/vectors/bounds/384/full_evaluation_bounds.geojson,evaluate_detections,results/uplift-supplement/verifier-pairing/pv-diag-384__verified-adv-text-consensus-16of30,python scripts/materialise_pairing_twin.py --consensus outputs/h11/pv-diag-384/consensus/flash-high-text-16of30.geojson --declare-crs EPSG:32635 --output results/uplift-supplement/verifier-pairing/pv-diag-384__verified-adv-text-consensus-16of30/twin-16of30-crs32635.geojson,python scripts/evaluate_detections.py --detections results/uplift-supplement/verifier-pairing/pv-diag-384__verified-adv-text-consensus-16of30/twin-16of30-crs32635.geojson --ground-truth inputs/vectors/references/mounds-reference.geojson --bounds inputs/vectors/bounds/384/full_evaluation_bounds.geojson --buffers 5 10 15 20 25 30 35 40 45 50 75 100 125 150 --bootstrap 10000 --seed 42 --mcc --output-dir results/uplift-supplement/verifier-pairing/pv-diag-384__verified-adv-text-consensus-16of30 --label pv-diag-384__verified-adv-text-consensus-16of30-unverified,"the registry records no vote_threshold, but the pool 'flash-high-text-consensus-16of30' names its own shell: k = 16 of N = 30. The verifier consumed that shell, so that is the shell the twin must be; no pool-named condition: no registered condition is labelled 'flash-high-text-consensus-16of30' in pv-diag-384; committed consensus file carries projected coordinates and no crs member; twin copied with EPSG:32635 declared"
pair::pv-diag-384::verified-adv-text-4of5,pv-diag-384::verified-adv-text-4of5,pv-diag-384,flash-high-text-1of5,4-map-gs|curator|20m|era-2-487,4-map-gs|curator|20m|era-2-487,"same-recipe-by-construction: the twin is scored with the verified cell's own recorded recipe, so its reference, buffer, and frame are that cell's by construction",4-map-gs,curator,20,era-2-487,5,4,0.15,ready-after-materialise,crop-manifest,,,,,,outputs/h11/pv-diag-384/crops/flash-high-text-1of5/candidate_manifest.json,vote_count >= 4,inputs/vectors/references/mounds-reference.geojson,inputs/vectors/bounds/384/full_evaluation_bounds.geojson,evaluate_detections,results/uplift-supplement/verifier-pairing/pv-diag-384__verified-adv-text-4of5,python scripts/materialise_pairing_twin.py --crop-manifest outputs/h11/pv-diag-384/crops/flash-high-text-1of5/candidate_manifest.json --min-votes 4 --output results/uplift-supplement/verifier-pairing/pv-diag-384__verified-adv-text-4of5/twin-4of5.geojson,python scripts/evaluate_detections.py --detections results/uplift-supplement/verifier-pairing/pv-diag-384__verified-adv-text-4of5/twin-4of5.geojson --ground-truth inputs/vectors/references/mounds-reference.geojson --bounds inputs/vectors/bounds/384/full_evaluation_bounds.geojson --buffers 5 10 15 20 25 30 35 40 45 50 75 100 125 150 --bootstrap 10000 --seed 42 --mcc --output-dir results/uplift-supplement/verifier-pairing/pv-diag-384__verified-adv-text-4of5 --label pv-diag-384__verified-adv-text-4of5-unverified,"consensus-file route ambiguous, so the twin is the vote shell of the candidate universe this cell's own pool cropped (outputs/h11/pv-diag-384/crops/flash-high-text-1of5/candidate_manifest.json: 3736 candidates, votes 1-5, 584 at vote >= 4); consensus-file route refused because: 2 committed 4-of-5 consensus set(s) sit under the run tree, which serves 41 distinct pool/geometry lineages, and none carries this cell's tokens (flash-high-text-1of5). None can be shown to be the set its verifier consumed; refused rather than guessed"
pair::pv-diag-384::verified-adv-text-6of10,pv-diag-384::verified-adv-text-6of10,pv-diag-384,flash-high-text-1of10,4-map-gs|curator|20m|era-2-487,4-map-gs|curator|20m|era-2-487,"same-recipe-by-construction: the twin is scored with the verified cell's own recorded recipe, so its reference, buffer, and frame are that cell's by construction",4-map-gs,curator,20,era-2-487,10,6,0.2,ready-after-materialise,crop-manifest,,,,,,outputs/h11/pv-diag-384/crops/flash-high-text-1of10/candidate_manifest.json,vote_count >= 6,inputs/vectors/references/mounds-reference.geojson,inputs/vectors/bounds/384/full_evaluation_bounds.geojson,evaluate_detections,results/uplift-supplement/verifier-pairing/pv-diag-384__verified-adv-text-6of10,python scripts/materialise_pairing_twin.py --crop-manifest outputs/h11/pv-diag-384/crops/flash-high-text-1of10/candidate_manifest.json --min-votes 6 --output results/uplift-supplement/verifier-pairing/pv-diag-384__verified-adv-text-6of10/twin-6of10.geojson,python scripts/evaluate_detections.py --detections results/uplift-supplement/verifier-pairing/pv-diag-384__verified-adv-text-6of10/twin-6of10.geojson --ground-truth inputs/vectors/references/mounds-reference.geojson --bounds inputs/vectors/bounds/384/full_evaluation_bounds.geojson --buffers 5 10 15 20 25 30 35 40 45 50 75 100 125 150 --bootstrap 10000 --seed 42 --mcc --output-dir results/uplift-supplement/verifier-pairing/pv-diag-384__verified-adv-text-6of10 --label pv-diag-384__verified-adv-text-6of10-unverified,"consensus-file route ambiguous, so the twin is the vote shell of the candidate universe this cell's own pool cropped (outputs/h11/pv-diag-384/crops/flash-high-text-1of10/candidate_manifest.json: 5866 candidates, votes 1-10, 727 at vote >= 6); consensus-file route refused because: 1 committed 6-of-10 consensus set(s) sit under the run tree, which serves 41 distinct pool/geometry lineages, and none carries this cell's tokens (flash-high-text-1of10). None can be shown to be the set its verifier consumed; refused rather than guessed"
pair::pv-diag-384::verified-adv-text-high-vf-4of5,pv-diag-384::verified-adv-text-high-vf-4of5,pv-diag-384,flash-high-text-1of5,4-map-gs|curator|20m|era-2-487,4-map-gs|curator|20m|era-2-487,"same-recipe-by-construction: the twin is scored with the verified cell's own recorded recipe, so its reference, buffer, and frame are that cell's by construction",4-map-gs,curator,20,era-2-487,5,4,0.5,ready-after-materialise,crop-manifest,,,,,,outputs/h11/pv-diag-384/crops/flash-high-text-1of5/candidate_manifest.json,vote_count >= 4,inputs/vectors/references/mounds-reference.geojson,inputs/vectors/bounds/384/full_evaluation_bounds.geojson,evaluate_detections,results/uplift-supplement/verifier-pairing/pv-diag-384__verified-adv-text-high-vf-4of5,python scripts/materialise_pairing_twin.py --crop-manifest outputs/h11/pv-diag-384/crops/flash-high-text-1of5/candidate_manifest.json --min-votes 4 --output results/uplift-supplement/verifier-pairing/pv-diag-384__verified-adv-text-high-vf-4of5/twin-4of5.geojson,python scripts/evaluate_detections.py --detections results/uplift-supplement/verifier-pairing/pv-diag-384__verified-adv-text-high-vf-4of5/twin-4of5.geojson --ground-truth inputs/vectors/references/mounds-reference.geojson --bounds inputs/vectors/bounds/384/full_evaluation_bounds.geojson --buffers 5 10 15 20 25 30 35 40 45 50 75 100 125 150 --bootstrap 10000 --seed 42 --mcc --output-dir results/uplift-supplement/verifier-pairing/pv-diag-384__verified-adv-text-high-vf-4of5 --label pv-diag-384__verified-adv-text-high-vf-4of5-unverified,"consensus-file route ambiguous, so the twin is the vote shell of the candidate universe this cell's own pool cropped (outputs/h11/pv-diag-384/crops/flash-high-text-1of5/candidate_manifest.json: 3736 candidates, votes 1-5, 584 at vote >= 4); consensus-file route refused because: 2 committed 4-of-5 consensus set(s) sit under the run tree, which serves 41 distinct pool/geometry lineages, and none carries this cell's tokens (flash-high-text-1of5). None can be shown to be the set its verifier consumed; refused rather than guessed"
pair::pv-diag-384::verified-adv-text-medium-vf-4of5,pv-diag-384::verified-adv-text-medium-vf-4of5,pv-diag-384,flash-high-text-1of5,4-map-gs|curator|20m|era-2-487,4-map-gs|curator|20m|era-2-487,"same-recipe-by-construction: the twin is scored with the verified cell's own recorded recipe, so its reference, buffer, and frame are that cell's by construction",4-map-gs,curator,20,era-2-487,5,4,0.25,ready-after-materialise,crop-manifest,,,,,,outputs/h11/pv-diag-384/crops/flash-high-text-1of5/candidate_manifest.json,vote_count >= 4,inputs/vectors/references/mounds-reference.geojson,inputs/vectors/bounds/384/full_evaluation_bounds.geojson,evaluate_detections,results/uplift-supplement/verifier-pairing/pv-diag-384__verified-adv-text-medium-vf-4of5,python scripts/materialise_pairing_twin.py --crop-manifest outputs/h11/pv-diag-384/crops/flash-high-text-1of5/candidate_manifest.json --min-votes 4 --output results/uplift-supplement/verifier-pairing/pv-diag-384__verified-adv-text-medium-vf-4of5/twin-4of5.geojson,python scripts/evaluate_detections.py --detections results/uplift-supplement/verifier-pairing/pv-diag-384__verified-adv-text-medium-vf-4of5/twin-4of5.geojson --ground-truth inputs/vectors/references/mounds-reference.geojson --bounds inputs/vectors/bounds/384/full_evaluation_bounds.geojson --buffers 5 10 15 20 25 30 35 40 45 50 75 100 125 150 --bootstrap 10000 --seed 42 --mcc --output-dir results/uplift-supplement/verifier-pairing/pv-diag-384__verified-adv-text-medium-vf-4of5 --label pv-diag-384__verified-adv-text-medium-vf-4of5-unverified,"consensus-file route ambiguous, so the twin is the vote shell of the candidate universe this cell's own pool cropped (outputs/h11/pv-diag-384/crops/flash-high-text-1of5/candidate_manifest.json: 3736 candidates, votes 1-5, 584 at vote >= 4); consensus-file route refused because: 2 committed 4-of-5 consensus set(s) sit under the run tree, which serves 41 distinct pool/geometry lineages, and none carries this cell's tokens (flash-high-text-1of5). None can be shown to be the set its verifier consumed; refused rather than guessed"
pair::pv-diag-384::verified-adv-pro-text-flash-vf-3of5,pv-diag-384::verified-adv-pro-text-flash-vf-3of5,pv-diag-384,pro-high-text-1of5,4-map-gs|curator|20m|era-2-487,4-map-gs|curator|20m|era-2-487,"same-recipe-by-construction: the twin is scored with the verified cell's own recorded recipe, so its reference, buffer, and frame are that cell's by construction",4-map-gs,curator,20,era-2-487,5,3,0.15,ready-after-materialise,crop-manifest,,,,,,outputs/h11/pv-diag-384/crops/pro-high-text-1of5/candidate_manifest.json,vote_count >= 3,inputs/vectors/references/mounds-reference.geojson,inputs/vectors/bounds/384/full_evaluation_bounds.geojson,evaluate_detections,results/uplift-supplement/verifier-pairing/pv-diag-384__verified-adv-pro-text-flash-vf-3of5,python scripts/materialise_pairing_twin.py --crop-manifest outputs/h11/pv-diag-384/crops/pro-high-text-1of5/candidate_manifest.json --min-votes 3 --output results/uplift-supplement/verifier-pairing/pv-diag-384__verified-adv-pro-text-flash-vf-3of5/twin-3of5.geojson,python scripts/evaluate_detections.py --detections results/uplift-supplement/verifier-pairing/pv-diag-384__verified-adv-pro-text-flash-vf-3of5/twin-3of5.geojson --ground-truth inputs/vectors/references/mounds-reference.geojson --bounds inputs/vectors/bounds/384/full_evaluation_bounds.geojson --buffers 5 10 15 20 25 30 35 40 45 50 75 100 125 150 --bootstrap 10000 --seed 42 --mcc --output-dir results/uplift-supplement/verifier-pairing/pv-diag-384__verified-adv-pro-text-flash-vf-3of5 --label pv-diag-384__verified-adv-pro-text-flash-vf-3of5-unverified,"consensus-file route ambiguous, so the twin is the vote shell of the candidate universe this cell's own pool cropped (outputs/h11/pv-diag-384/crops/pro-high-text-1of5/candidate_manifest.json: 504 candidates, votes 1-5, 367 at vote >= 3); consensus-file route refused because: 2 committed 3-of-5 consensus set(s) sit under the run tree, which serves 41 distinct pool/geometry lineages, and none carries this cell's tokens (pro-high-text-1of5). None can be shown to be the set its verifier consumed; refused rather than guessed"
pair::pv-diag-384::verified-adv-pro-text-pro-vf-3of5,pv-diag-384::verified-adv-pro-text-pro-vf-3of5,pv-diag-384,pro-high-text-1of5,4-map-gs|curator|20m|era-2-487,4-map-gs|curator|20m|era-2-487,"same-recipe-by-construction: the twin is scored with the verified cell's own recorded recipe, so its reference, buffer, and frame are that cell's by construction",4-map-gs,curator,20,era-2-487,5,3,0.15,ready-after-materialise,crop-manifest,,,,,,outputs/h11/pv-diag-384/crops/pro-high-text-1of5/candidate_manifest.json,vote_count >= 3,inputs/vectors/references/mounds-reference.geojson,inputs/vectors/bounds/384/full_evaluation_bounds.geojson,evaluate_detections,results/uplift-supplement/verifier-pairing/pv-diag-384__verified-adv-pro-text-pro-vf-3of5,python scripts/materialise_pairing_twin.py --crop-manifest outputs/h11/pv-diag-384/crops/pro-high-text-1of5/candidate_manifest.json --min-votes 3 --output results/uplift-supplement/verifier-pairing/pv-diag-384__verified-adv-pro-text-pro-vf-3of5/twin-3of5.geojson,python scripts/evaluate_detections.py --detections results/uplift-supplement/verifier-pairing/pv-diag-384__verified-adv-pro-text-pro-vf-3of5/twin-3of5.geojson --ground-truth inputs/vectors/references/mounds-reference.geojson --bounds inputs/vectors/bounds/384/full_evaluation_bounds.geojson --buffers 5 10 15 20 25 30 35 40 45 50 75 100 125 150 --bootstrap 10000 --seed 42 --mcc --output-dir results/uplift-supplement/verifier-pairing/pv-diag-384__verified-adv-pro-text-pro-vf-3of5 --label pv-diag-384__verified-adv-pro-text-pro-vf-3of5-unverified,"consensus-file route ambiguous, so the twin is the vote shell of the candidate universe this cell's own pool cropped (outputs/h11/pv-diag-384/crops/pro-high-text-1of5/candidate_manifest.json: 504 candidates, votes 1-5, 367 at vote >= 3); consensus-file route refused because: 2 committed 3-of-5 consensus set(s) sit under the run tree, which serves 41 distinct pool/geometry lineages, and none carries this cell's tokens (pro-high-text-1of5). None can be shown to be the set its verifier consumed; refused rather than guessed"
pair::pv-diag-384::verified-adv-text-min-true-3of5,pv-diag-384::verified-adv-text-min-true-3of5,pv-diag-384,text-min-t07-true-1of5,4-map-gs|curator|20m|era-2-487,4-map-gs|curator|20m|era-2-487,"same-recipe-by-construction: the twin is scored with the verified cell's own recorded recipe, so its reference, buffer, and frame are that cell's by construction",4-map-gs,curator,20,era-2-487,5,3,0.15,ready-after-materialise,crop-manifest,,,,,,outputs/h11/pv-diag-384/crops/text-min-t07-true-1of5/candidate_manifest.json,vote_count >= 3,inputs/vectors/references/mounds-reference.geojson,inputs/vectors/bounds/384/full_evaluation_bounds.geojson,evaluate_detections,results/uplift-supplement/verifier-pairing/pv-diag-384__verified-adv-text-min-true-3of5,python scripts/materialise_pairing_twin.py --crop-manifest outputs/h11/pv-diag-384/crops/text-min-t07-true-1of5/candidate_manifest.json --min-votes 3 --output results/uplift-supplement/verifier-pairing/pv-diag-384__verified-adv-text-min-true-3of5/twin-3of5.geojson,python scripts/evaluate_detections.py --detections results/uplift-supplement/verifier-pairing/pv-diag-384__verified-adv-text-min-true-3of5/twin-3of5.geojson --ground-truth inputs/vectors/references/mounds-reference.geojson --bounds inputs/vectors/bounds/384/full_evaluation_bounds.geojson --buffers 5 10 15 20 25 30 35 40 45 50 75 100 125 150 --bootstrap 10000 --seed 42 --mcc --output-dir results/uplift-supplement/verifier-pairing/pv-diag-384__verified-adv-text-min-true-3of5 --label pv-diag-384__verified-adv-text-min-true-3of5-unverified,"consensus-file route ambiguous, so the twin is the vote shell of the candidate universe this cell's own pool cropped (outputs/h11/pv-diag-384/crops/text-min-t07-true-1of5/candidate_manifest.json: 1586 candidates, votes 1-5, 985 at vote >= 3); consensus-file route refused because: 2 committed 3-of-5 consensus set(s) sit under the run tree, which serves 41 distinct pool/geometry lineages, and none carries this cell's tokens (text-min-t07-true-1of5). None can be shown to be the set its verifier consumed; refused rather than guessed"
pair::pv-diag-384::verified-adv-text-min-n30lineage-4of5,pv-diag-384::verified-adv-text-min-n30lineage-4of5,pv-diag-384,flash-minimal-text-t07-1of5,4-map-gs|curator|20m|era-2-487,4-map-gs|curator|20m|era-2-487,"same-recipe-by-construction: the twin is scored with the verified cell's own recorded recipe, so its reference, buffer, and frame are that cell's by construction",4-map-gs,curator,20,era-2-487,5,4,0.15,ready-after-materialise,crop-manifest,,,,,,outputs/h11/pv-diag-384/crops/flash-minimal-text-t07-1of5/candidate_manifest.json,vote_count >= 4,inputs/vectors/references/mounds-reference.geojson,inputs/vectors/bounds/384/full_evaluation_bounds.geojson,evaluate_detections,results/uplift-supplement/verifier-pairing/pv-diag-384__verified-adv-text-min-n30lineage-4of5,python scripts/materialise_pairing_twin.py --crop-manifest outputs/h11/pv-diag-384/crops/flash-minimal-text-t07-1of5/candidate_manifest.json --min-votes 4 --output results/uplift-supplement/verifier-pairing/pv-diag-384__verified-adv-text-min-n30lineage-4of5/twin-4of5.geojson,python scripts/evaluate_detections.py --detections results/uplift-supplement/verifier-pairing/pv-diag-384__verified-adv-text-min-n30lineage-4of5/twin-4of5.geojson --ground-truth inputs/vectors/references/mounds-reference.geojson --bounds inputs/vectors/bounds/384/full_evaluation_bounds.geojson --buffers 5 10 15 20 25 30 35 40 45 50 75 100 125 150 --bootstrap 10000 --seed 42 --mcc --output-dir results/uplift-supplement/verifier-pairing/pv-diag-384__verified-adv-text-min-n30lineage-4of5 --label pv-diag-384__verified-adv-text-min-n30lineage-4of5-unverified,"consensus-file route ambiguous, so the twin is the vote shell of the candidate universe this cell's own pool cropped (outputs/h11/pv-diag-384/crops/flash-minimal-text-t07-1of5/candidate_manifest.json: 1593 candidates, votes 1-5, 807 at vote >= 4); consensus-file route refused because: 2 committed 4-of-5 consensus set(s) sit under the run tree, which serves 41 distinct pool/geometry lineages, and none carries this cell's tokens (flash-minimal-text-t07-1of5). None can be shown to be the set its verifier consumed; refused rather than guessed"
pair::pv-diag-384::verified-adv-text-min-6of10,pv-diag-384::verified-adv-text-min-6of10,pv-diag-384,text-1of10,4-map-gs|curator|20m|era-2-487,4-map-gs|curator|20m|era-2-487,"same-recipe-by-construction: the twin is scored with the verified cell's own recorded recipe, so its reference, buffer, and frame are that cell's by construction",4-map-gs,curator,20,era-2-487,10,6,0.2,ready,consensus-file,,,outputs/h11/pv-diag-384/consensus/text-6of10.geojson,,,,,inputs/vectors/references/mounds-reference.geojson,inputs/vectors/bounds/384/full_evaluation_bounds.geojson,evaluate_detections,results/uplift-supplement/verifier-pairing/pv-diag-384__verified-adv-text-min-6of10,,python scripts/evaluate_detections.py --detections outputs/h11/pv-diag-384/consensus/text-6of10.geojson --ground-truth inputs/vectors/references/mounds-reference.geojson --bounds inputs/vectors/bounds/384/full_evaluation_bounds.geojson --buffers 5 10 15 20 25 30 35 40 45 50 75 100 125 150 --bootstrap 10000 --seed 42 --mcc --output-dir results/uplift-supplement/verifier-pairing/pv-diag-384__verified-adv-text-min-6of10 --label pv-diag-384__verified-adv-text-min-6of10-unverified,
pair::pv-diag-384::verified-adv-text-t03-4of5,pv-diag-384::verified-adv-text-t03-4of5,pv-diag-384,flash-high-text-t03-1of5,4-map-gs|curator|20m|era-2-487,4-map-gs|curator|20m|era-2-487,"same-recipe-by-construction: the twin is scored with the verified cell's own recorded recipe, so its reference, buffer, and frame are that cell's by construction",4-map-gs,curator,20,era-2-487,5,4,0.2,ready-after-materialise,crop-manifest,,,,,,outputs/h11/pv-diag-384/crops/flash-high-text-t03-1of5/candidate_manifest.json,vote_count >= 4,inputs/vectors/references/mounds-reference.geojson,inputs/vectors/bounds/384/full_evaluation_bounds.geojson,evaluate_detections,results/uplift-supplement/verifier-pairing/pv-diag-384__verified-adv-text-t03-4of5,python scripts/materialise_pairing_twin.py --crop-manifest outputs/h11/pv-diag-384/crops/flash-high-text-t03-1of5/candidate_manifest.json --min-votes 4 --output results/uplift-supplement/verifier-pairing/pv-diag-384__verified-adv-text-t03-4of5/twin-4of5.geojson,python scripts/evaluate_detections.py --detections results/uplift-supplement/verifier-pairing/pv-diag-384__verified-adv-text-t03-4of5/twin-4of5.geojson --ground-truth inputs/vectors/references/mounds-reference.geojson --bounds inputs/vectors/bounds/384/full_evaluation_bounds.geojson --buffers 5 10 15 20 25 30 35 40 45 50 75 100 125 150 --bootstrap 10000 --seed 42 --mcc --output-dir results/uplift-supplement/verifier-pairing/pv-diag-384__verified-adv-text-t03-4of5 --label pv-diag-384__verified-adv-text-t03-4of5-unverified,"consensus-file route ambiguous, so the twin is the vote shell of the candidate universe this cell's own pool cropped (outputs/h11/pv-diag-384/crops/flash-high-text-t03-1of5/candidate_manifest.json: 2954 candidates, votes 1-5, 659 at vote >= 4); consensus-file route refused because: 2 committed 4-of-5 consensus set(s) sit under the run tree, which serves 41 distinct pool/geometry lineages, and none carries this cell's tokens (flash-high-text-t03-1of5). None can be shown to be the set its verifier consumed; refused rather than guessed"
pair::pv-diag-384::verified-adv-image-3of5,pv-diag-384::verified-adv-image-3of5,pv-diag-384,flash-high-image-1of5,4-map-gs|curator|20m|era-2-487,4-map-gs|curator|20m|era-2-487,"same-recipe-by-construction: the twin is scored with the verified cell's own recorded recipe, so its reference, buffer, and frame are that cell's by construction",4-map-gs,curator,20,era-2-487,5,3,0.15,ready-after-materialise,crop-manifest,,,,,,outputs/h11/pv-diag-384/crops/flash-high-image-1of5/candidate_manifest.json,vote_count >= 3,inputs/vectors/references/mounds-reference.geojson,inputs/vectors/bounds/384/full_evaluation_bounds.geojson,evaluate_detections,results/uplift-supplement/verifier-pairing/pv-diag-384__verified-adv-image-3of5,python scripts/materialise_pairing_twin.py --crop-manifest outputs/h11/pv-diag-384/crops/flash-high-image-1of5/candidate_manifest.json --min-votes 3 --output results/uplift-supplement/verifier-pairing/pv-diag-384__verified-adv-image-3of5/twin-3of5.geojson,python scripts/evaluate_detections.py --detections results/uplift-supplement/verifier-pairing/pv-diag-384__verified-adv-image-3of5/twin-3of5.geojson --ground-truth inputs/vectors/references/mounds-reference.geojson --bounds inputs/vectors/bounds/384/full_evaluation_bounds.geojson --buffers 5 10 15 20 25 30 35 40 45 50 75 100 125 150 --bootstrap 10000 --seed 42 --mcc --output-dir results/uplift-supplement/verifier-pairing/pv-diag-384__verified-adv-image-3of5 --label pv-diag-384__verified-adv-image-3of5-unverified,"consensus-file route ambiguous, so the twin is the vote shell of the candidate universe this cell's own pool cropped (outputs/h11/pv-diag-384/crops/flash-high-image-1of5/candidate_manifest.json: 2017 candidates, votes 1-5, 506 at vote >= 3); consensus-file route refused because: 2 committed 3-of-5 consensus set(s) sit under the run tree, which serves 41 distinct pool/geometry lineages, and none carries this cell's tokens (flash-high-image-1of5). None can be shown to be the set its verifier consumed; refused rather than guessed"
pair::pv-diag-384::verified-adv-text-pro-vf-4of5,pv-diag-384::verified-adv-text-pro-vf-4of5,pv-diag-384,flash-high-text-1of5,4-map-gs|curator|20m|era-2-487,4-map-gs|curator|20m|era-2-487,"same-recipe-by-construction: the twin is scored with the verified cell's own recorded recipe, so its reference, buffer, and frame are that cell's by construction",4-map-gs,curator,20,era-2-487,5,4,0.25,ready-after-materialise,crop-manifest,,,,,,outputs/h11/pv-diag-384/crops/flash-high-text-1of5/candidate_manifest.json,vote_count >= 4,inputs/vectors/references/mounds-reference.geojson,inputs/vectors/bounds/384/full_evaluation_bounds.geojson,evaluate_detections,results/uplift-supplement/verifier-pairing/pv-diag-384__verified-adv-text-pro-vf-4of5,python scripts/materialise_pairing_twin.py --crop-manifest outputs/h11/pv-diag-384/crops/flash-high-text-1of5/candidate_manifest.json --min-votes 4 --output results/uplift-supplement/verifier-pairing/pv-diag-384__verified-adv-text-pro-vf-4of5/twin-4of5.geojson,python scripts/evaluate_detections.py --detections results/uplift-supplement/verifier-pairing/pv-diag-384__verified-adv-text-pro-vf-4of5/twin-4of5.geojson --ground-truth inputs/vectors/references/mounds-reference.geojson --bounds inputs/vectors/bounds/384/full_evaluation_bounds.geojson --buffers 5 10 15 20 25 30 35 40 45 50 75 100 125 150 --bootstrap 10000 --seed 42 --mcc --output-dir results/uplift-supplement/verifier-pairing/pv-diag-384__verified-adv-text-pro-vf-4of5 --label pv-diag-384__verified-adv-text-pro-vf-4of5-unverified,"consensus-file route ambiguous, so the twin is the vote shell of the candidate universe this cell's own pool cropped (outputs/h11/pv-diag-384/crops/flash-high-text-1of5/candidate_manifest.json: 3736 candidates, votes 1-5, 584 at vote >= 4); consensus-file route refused because: 2 committed 4-of-5 consensus set(s) sit under the run tree, which serves 41 distinct pool/geometry lineages, and none carries this cell's tokens (flash-high-text-1of5). None can be shown to be the set its verifier consumed; refused rather than guessed"
pair::pv-diag-384::verified-adv-image-min-3of5,pv-diag-384::verified-adv-image-min-3of5,pv-diag-384,image-1of5,4-map-gs|curator|20m|era-2-487,4-map-gs|curator|20m|era-2-487,"same-recipe-by-construction: the twin is scored with the verified cell's own recorded recipe, so its reference, buffer, and frame are that cell's by construction",4-map-gs,curator,20,era-2-487,5,3,0.15,ready,consensus-file,,,outputs/h11/pv-diag-384/consensus/image-3of5.geojson,,,,,inputs/vectors/references/mounds-reference.geojson,inputs/vectors/bounds/384/full_evaluation_bounds.geojson,evaluate_detections,results/uplift-supplement/verifier-pairing/pv-diag-384__verified-adv-image-min-3of5,,python scripts/evaluate_detections.py --detections outputs/h11/pv-diag-384/consensus/image-3of5.geojson --ground-truth inputs/vectors/references/mounds-reference.geojson --bounds inputs/vectors/bounds/384/full_evaluation_bounds.geojson --buffers 5 10 15 20 25 30 35 40 45 50 75 100 125 150 --bootstrap 10000 --seed 42 --mcc --output-dir results/uplift-supplement/verifier-pairing/pv-diag-384__verified-adv-image-min-3of5 --label pv-diag-384__verified-adv-image-min-3of5-unverified,
pair::pv-diag-384::verified-adv-image-min-6of10,pv-diag-384::verified-adv-image-min-6of10,pv-diag-384,image-1of10,4-map-gs|curator|20m|era-2-487,4-map-gs|curator|20m|era-2-487,"same-recipe-by-construction: the twin is scored with the verified cell's own recorded recipe, so its reference, buffer, and frame are that cell's by construction",4-map-gs,curator,20,era-2-487,10,6,0.15,ready-after-materialise,crop-manifest,,,,,,outputs/h11/pv-diag-384/crops/image-1of10/candidate_manifest.json,vote_count >= 6,inputs/vectors/references/mounds-reference.geojson,inputs/vectors/bounds/384/full_evaluation_bounds.geojson,evaluate_detections,results/uplift-supplement/verifier-pairing/pv-diag-384__verified-adv-image-min-6of10,python scripts/materialise_pairing_twin.py --crop-manifest outputs/h11/pv-diag-384/crops/image-1of10/candidate_manifest.json --min-votes 6 --output results/uplift-supplement/verifier-pairing/pv-diag-384__verified-adv-image-min-6of10/twin-6of10.geojson,python scripts/evaluate_detections.py --detections results/uplift-supplement/verifier-pairing/pv-diag-384__verified-adv-image-min-6of10/twin-6of10.geojson --ground-truth inputs/vectors/references/mounds-reference.geojson --bounds inputs/vectors/bounds/384/full_evaluation_bounds.geojson --buffers 5 10 15 20 25 30 35 40 45 50 75 100 125 150 --bootstrap 10000 --seed 42 --mcc --output-dir results/uplift-supplement/verifier-pairing/pv-diag-384__verified-adv-image-min-6of10 --label pv-diag-384__verified-adv-image-min-6of10-unverified,"consensus-file route ambiguous, so the twin is the vote shell of the candidate universe this cell's own pool cropped (outputs/h11/pv-diag-384/crops/image-1of10/candidate_manifest.json: 1444 candidates, votes 1-10, 577 at vote >= 6); consensus-file route refused because: 1 committed 6-of-10 consensus set(s) sit under the run tree, which serves 41 distinct pool/geometry lineages, and none carries this cell's tokens (image-1of10). None can be shown to be the set its verifier consumed; refused rather than guessed"
pair::pv-diag-384::verified-adv-image-baseline,pv-diag-384::verified-adv-image-baseline,pv-diag-384,image-baseline,4-map-gs|curator|20m|era-2-487,4-map-gs|curator|20m|era-2-487,"same-recipe-by-construction: the twin is scored with the verified cell's own recorded recipe, so its reference, buffer, and frame are that cell's by construction",4-map-gs,curator,20,era-2-487,1,1,0.2,ready-after-materialise,single-pass-manifest,,,,,,outputs/h11/pv-diag-384/crops/image-baseline/candidate_manifest.json,none (N = 1: every candidate has the one vote),inputs/vectors/references/mounds-reference.geojson,inputs/vectors/bounds/384/full_evaluation_bounds.geojson,evaluate_detections,results/uplift-supplement/verifier-pairing/pv-diag-384__verified-adv-image-baseline,python scripts/materialise_pairing_twin.py --crop-manifest outputs/h11/pv-diag-384/crops/image-baseline/candidate_manifest.json --single-pass --min-votes 1 --output results/uplift-supplement/verifier-pairing/pv-diag-384__verified-adv-image-baseline/twin-1of1.geojson,python scripts/evaluate_detections.py --detections results/uplift-supplement/verifier-pairing/pv-diag-384__verified-adv-image-baseline/twin-1of1.geojson --ground-truth inputs/vectors/references/mounds-reference.geojson --bounds inputs/vectors/bounds/384/full_evaluation_bounds.geojson --buffers 5 10 15 20 25 30 35 40 45 50 75 100 125 150 --bootstrap 10000 --seed 42 --mcc --output-dir results/uplift-supplement/verifier-pairing/pv-diag-384__verified-adv-image-baseline --label pv-diag-384__verified-adv-image-baseline-unverified,"the pool ran a single proposer pass, so its manifest records no vote_count and the shell at k = 1 is the whole universe (outputs/h11/pv-diag-384/crops/image-baseline/candidate_manifest.json: 746 candidates). The twin differs from its verified pair in the probability filter alone"
pair::pv-diag-384::verified-adv-image-baseline-medium-vf,pv-diag-384::verified-adv-image-baseline-medium-vf,pv-diag-384,image-baseline,4-map-gs|curator|20m|era-2-487,4-map-gs|curator|20m|era-2-487,"same-recipe-by-construction: the twin is scored with the verified cell's own recorded recipe, so its reference, buffer, and frame are that cell's by construction",4-map-gs,curator,20,era-2-487,1,1,0.25,ready-after-materialise,single-pass-manifest,,,,,,outputs/h11/pv-diag-384/crops/image-baseline/candidate_manifest.json,none (N = 1: every candidate has the one vote),inputs/vectors/references/mounds-reference.geojson,inputs/vectors/bounds/384/full_evaluation_bounds.geojson,evaluate_detections,results/uplift-supplement/verifier-pairing/pv-diag-384__verified-adv-image-baseline-medium-vf,python scripts/materialise_pairing_twin.py --crop-manifest outputs/h11/pv-diag-384/crops/image-baseline/candidate_manifest.json --single-pass --min-votes 1 --output results/uplift-supplement/verifier-pairing/pv-diag-384__verified-adv-image-baseline-medium-vf/twin-1of1.geojson,python scripts/evaluate_detections.py --detections results/uplift-supplement/verifier-pairing/pv-diag-384__verified-adv-image-baseline-medium-vf/twin-1of1.geojson --ground-truth inputs/vectors/references/mounds-reference.geojson --bounds inputs/vectors/bounds/384/full_evaluation_bounds.geojson --buffers 5 10 15 20 25 30 35 40 45 50 75 100 125 150 --bootstrap 10000 --seed 42 --mcc --output-dir results/uplift-supplement/verifier-pairing/pv-diag-384__verified-adv-image-baseline-medium-vf --label pv-diag-384__verified-adv-image-baseline-medium-vf-unverified,"the pool ran a single proposer pass, so its manifest records no vote_count and the shell at k = 1 is the whole universe (outputs/h11/pv-diag-384/crops/image-baseline/candidate_manifest.json: 746 candidates). The twin differs from its verified pair in the probability filter alone"
pair::pv-diag-384::verified-adv-image-baseline-pro-vf,pv-diag-384::verified-adv-image-baseline-pro-vf,pv-diag-384,image-baseline,4-map-gs|curator|20m|era-2-487,4-map-gs|curator|20m|era-2-487,"same-recipe-by-construction: the twin is scored with the verified cell's own recorded recipe, so its reference, buffer, and frame are that cell's by construction",4-map-gs,curator,20,era-2-487,1,1,0.15,ready-after-materialise,single-pass-manifest,,,,,,outputs/h11/pv-diag-384/crops/image-baseline/candidate_manifest.json,none (N = 1: every candidate has the one vote),inputs/vectors/references/mounds-reference.geojson,inputs/vectors/bounds/384/full_evaluation_bounds.geojson,evaluate_detections,results/uplift-supplement/verifier-pairing/pv-diag-384__verified-adv-image-baseline-pro-vf,python scripts/materialise_pairing_twin.py --crop-manifest outputs/h11/pv-diag-384/crops/image-baseline/candidate_manifest.json --single-pass --min-votes 1 --output results/uplift-supplement/verifier-pairing/pv-diag-384__verified-adv-image-baseline-pro-vf/twin-1of1.geojson,python scripts/evaluate_detections.py --detections results/uplift-supplement/verifier-pairing/pv-diag-384__verified-adv-image-baseline-pro-vf/twin-1of1.geojson --ground-truth inputs/vectors/references/mounds-reference.geojson --bounds inputs/vectors/bounds/384/full_evaluation_bounds.geojson --buffers 5 10 15 20 25 30 35 40 45 50 75 100 125 150 --bootstrap 10000 --seed 42 --mcc --output-dir results/uplift-supplement/verifier-pairing/pv-diag-384__verified-adv-image-baseline-pro-vf --label pv-diag-384__verified-adv-image-baseline-pro-vf-unverified,"the pool ran a single proposer pass, so its manifest records no vote_count and the shell at k = 1 is the whole universe (outputs/h11/pv-diag-384/crops/image-baseline/candidate_manifest.json: 746 candidates). The twin differs from its verified pair in the probability filter alone"
pair::pv-diag-384::verified-adv-text-baseline,pv-diag-384::verified-adv-text-baseline,pv-diag-384,text-baseline,4-map-gs|curator|20m|era-2-487,4-map-gs|curator|20m|era-2-487,"same-recipe-by-construction: the twin is scored with the verified cell's own recorded recipe, so its reference, buffer, and frame are that cell's by construction",4-map-gs,curator,20,era-2-487,1,1,0.15,ready-after-materialise,single-pass-manifest,,,,,,outputs/h11/pv-diag-384/crops/text-baseline/candidate_manifest.json,none (N = 1: every candidate has the one vote),inputs/vectors/references/mounds-reference.geojson,inputs/vectors/bounds/384/full_evaluation_bounds.geojson,evaluate_detections,results/uplift-supplement/verifier-pairing/pv-diag-384__verified-adv-text-baseline,python scripts/materialise_pairing_twin.py --crop-manifest outputs/h11/pv-diag-384/crops/text-baseline/candidate_manifest.json --single-pass --min-votes 1 --output results/uplift-supplement/verifier-pairing/pv-diag-384__verified-adv-text-baseline/twin-1of1.geojson,python scripts/evaluate_detections.py --detections results/uplift-supplement/verifier-pairing/pv-diag-384__verified-adv-text-baseline/twin-1of1.geojson --ground-truth inputs/vectors/references/mounds-reference.geojson --bounds inputs/vectors/bounds/384/full_evaluation_bounds.geojson --buffers 5 10 15 20 25 30 35 40 45 50 75 100 125 150 --bootstrap 10000 --seed 42 --mcc --output-dir results/uplift-supplement/verifier-pairing/pv-diag-384__verified-adv-text-baseline --label pv-diag-384__verified-adv-text-baseline-unverified,"the pool ran a single proposer pass, so its manifest records no vote_count and the shell at k = 1 is the whole universe (outputs/h11/pv-diag-384/crops/text-baseline/candidate_manifest.json: 1047 candidates). The twin differs from its verified pair in the probability filter alone"
pair::pv-diag-384::verified-adv-text-baseline-medium-vf,pv-diag-384::verified-adv-text-baseline-medium-vf,pv-diag-384,text-baseline,4-map-gs|curator|20m|era-2-487,4-map-gs|curator|20m|era-2-487,"same-recipe-by-construction: the twin is scored with the verified cell's own recorded recipe, so its reference, buffer, and frame are that cell's by construction",4-map-gs,curator,20,era-2-487,1,1,0.15,ready-after-materialise,single-pass-manifest,,,,,,outputs/h11/pv-diag-384/crops/text-baseline/candidate_manifest.json,none (N = 1: every candidate has the one vote),inputs/vectors/references/mounds-reference.geojson,inputs/vectors/bounds/384/full_evaluation_bounds.geojson,evaluate_detections,results/uplift-supplement/verifier-pairing/pv-diag-384__verified-adv-text-baseline-medium-vf,python scripts/materialise_pairing_twin.py --crop-manifest outputs/h11/pv-diag-384/crops/text-baseline/candidate_manifest.json --single-pass --min-votes 1 --output results/uplift-supplement/verifier-pairing/pv-diag-384__verified-adv-text-baseline-medium-vf/twin-1of1.geojson,python scripts/evaluate_detections.py --detections results/uplift-supplement/verifier-pairing/pv-diag-384__verified-adv-text-baseline-medium-vf/twin-1of1.geojson --ground-truth inputs/vectors/references/mounds-reference.geojson --bounds inputs/vectors/bounds/384/full_evaluation_bounds.geojson --buffers 5 10 15 20 25 30 35 40 45 50 75 100 125 150 --bootstrap 10000 --seed 42 --mcc --output-dir results/uplift-supplement/verifier-pairing/pv-diag-384__verified-adv-text-baseline-medium-vf --label pv-diag-384__verified-adv-text-baseline-medium-vf-unverified,"the pool ran a single proposer pass, so its manifest records no vote_count and the shell at k = 1 is the whole universe (outputs/h11/pv-diag-384/crops/text-baseline/candidate_manifest.json: 1047 candidates). The twin differs from its verified pair in the probability filter alone"
pair::pv-diag-384::verified-adv-text-baseline-pro-vf,pv-diag-384::verified-adv-text-baseline-pro-vf,pv-diag-384,text-baseline,4-map-gs|curator|20m|era-2-487,4-map-gs|curator|20m|era-2-487,"same-recipe-by-construction: the twin is scored with the verified cell's own recorded recipe, so its reference, buffer, and frame are that cell's by construction",4-map-gs,curator,20,era-2-487,1,1,0.15,ready-after-materialise,single-pass-manifest,,,,,,outputs/h11/pv-diag-384/crops/text-baseline/candidate_manifest.json,none (N = 1: every candidate has the one vote),inputs/vectors/references/mounds-reference.geojson,inputs/vectors/bounds/384/full_evaluation_bounds.geojson,evaluate_detections,results/uplift-supplement/verifier-pairing/pv-diag-384__verified-adv-text-baseline-pro-vf,python scripts/materialise_pairing_twin.py --crop-manifest outputs/h11/pv-diag-384/crops/text-baseline/candidate_manifest.json --single-pass --min-votes 1 --output results/uplift-supplement/verifier-pairing/pv-diag-384__verified-adv-text-baseline-pro-vf/twin-1of1.geojson,python scripts/evaluate_detections.py --detections results/uplift-supplement/verifier-pairing/pv-diag-384__verified-adv-text-baseline-pro-vf/twin-1of1.geojson --ground-truth inputs/vectors/references/mounds-reference.geojson --bounds inputs/vectors/bounds/384/full_evaluation_bounds.geojson --buffers 5 10 15 20 25 30 35 40 45 50 75 100 125 150 --bootstrap 10000 --seed 42 --mcc --output-dir results/uplift-supplement/verifier-pairing/pv-diag-384__verified-adv-text-baseline-pro-vf --label pv-diag-384__verified-adv-text-baseline-pro-vf-unverified,"the pool ran a single proposer pass, so its manifest records no vote_count and the shell at k = 1 is the whole universe (outputs/h11/pv-diag-384/crops/text-baseline/candidate_manifest.json: 1047 candidates). The twin differs from its verified pair in the probability filter alone"
pair::pv-diag-384::verified-adv-pro-text-medium-vf-3of5,pv-diag-384::verified-adv-pro-text-medium-vf-3of5,pv-diag-384,pro-high-text-1of5,4-map-gs|curator|20m|era-2-487,4-map-gs|curator|20m|era-2-487,"same-recipe-by-construction: the twin is scored with the verified cell's own recorded recipe, so its reference, buffer, and frame are that cell's by construction",4-map-gs,curator,20,era-2-487,5,3,0.05,ready-after-materialise,crop-manifest,,,,,,outputs/h11/pv-diag-384/crops/pro-high-text-1of5/candidate_manifest.json,vote_count >= 3,inputs/vectors/references/mounds-reference.geojson,inputs/vectors/bounds/384/full_evaluation_bounds.geojson,evaluate_detections,results/uplift-supplement/verifier-pairing/pv-diag-384__verified-adv-pro-text-medium-vf-3of5,python scripts/materialise_pairing_twin.py --crop-manifest outputs/h11/pv-diag-384/crops/pro-high-text-1of5/candidate_manifest.json --min-votes 3 --output results/uplift-supplement/verifier-pairing/pv-diag-384__verified-adv-pro-text-medium-vf-3of5/twin-3of5.geojson,python scripts/evaluate_detections.py --detections results/uplift-supplement/verifier-pairing/pv-diag-384__verified-adv-pro-text-medium-vf-3of5/twin-3of5.geojson --ground-truth inputs/vectors/references/mounds-reference.geojson --bounds inputs/vectors/bounds/384/full_evaluation_bounds.geojson --buffers 5 10 15 20 25 30 35 40 45 50 75 100 125 150 --bootstrap 10000 --seed 42 --mcc --output-dir results/uplift-supplement/verifier-pairing/pv-diag-384__verified-adv-pro-text-medium-vf-3of5 --label pv-diag-384__verified-adv-pro-text-medium-vf-3of5-unverified,"consensus-file route ambiguous, so the twin is the vote shell of the candidate universe this cell's own pool cropped (outputs/h11/pv-diag-384/crops/pro-high-text-1of5/candidate_manifest.json: 504 candidates, votes 1-5, 367 at vote >= 3); consensus-file route refused because: 2 committed 3-of-5 consensus set(s) sit under the run tree, which serves 41 distinct pool/geometry lineages, and none carries this cell's tokens (pro-high-text-1of5). None can be shown to be the set its verifier consumed; refused rather than guessed"
pair::pv-diag-384::verified-adv-pro-image-pro-vf-3of5,pv-diag-384::verified-adv-pro-image-pro-vf-3of5,pv-diag-384,pro-high-image-1of5,4-map-gs|curator|20m|era-2-487,4-map-gs|curator|20m|era-2-487,"same-recipe-by-construction: the twin is scored with the verified cell's own recorded recipe, so its reference, buffer, and frame are that cell's by construction",4-map-gs,curator,20,era-2-487,5,3,0.05,ready-after-materialise,crop-manifest,,,,,,outputs/h11/pv-diag-384/crops/pro-high-image-1of5/candidate_manifest.json,vote_count >= 3,inputs/vectors/references/mounds-reference.geojson,inputs/vectors/bounds/384/full_evaluation_bounds.geojson,evaluate_detections,results/uplift-supplement/verifier-pairing/pv-diag-384__verified-adv-pro-image-pro-vf-3of5,python scripts/materialise_pairing_twin.py --crop-manifest outputs/h11/pv-diag-384/crops/pro-high-image-1of5/candidate_manifest.json --min-votes 3 --output results/uplift-supplement/verifier-pairing/pv-diag-384__verified-adv-pro-image-pro-vf-3of5/twin-3of5.geojson,python scripts/evaluate_detections.py --detections results/uplift-supplement/verifier-pairing/pv-diag-384__verified-adv-pro-image-pro-vf-3of5/twin-3of5.geojson --ground-truth inputs/vectors/references/mounds-reference.geojson --bounds inputs/vectors/bounds/384/full_evaluation_bounds.geojson --buffers 5 10 15 20 25 30 35 40 45 50 75 100 125 150 --bootstrap 10000 --seed 42 --mcc --output-dir results/uplift-supplement/verifier-pairing/pv-diag-384__verified-adv-pro-image-pro-vf-3of5 --label pv-diag-384__verified-adv-pro-image-pro-vf-3of5-unverified,"consensus-file route ambiguous, so the twin is the vote shell of the candidate universe this cell's own pool cropped (outputs/h11/pv-diag-384/crops/pro-high-image-1of5/candidate_manifest.json: 841 candidates, votes 1-5, 471 at vote >= 3); consensus-file route refused because: 2 committed 3-of-5 consensus set(s) sit under the run tree, which serves 41 distinct pool/geometry lineages, and none carries this cell's tokens (pro-high-image-1of5). None can be shown to be the set its verifier consumed; refused rather than guessed"
pair::pv-diag-384::verified-adv-pro-text-baseline,pv-diag-384::verified-adv-pro-text-baseline,pv-diag-384,pro-medium-text-baseline,4-map-gs|curator|20m|era-2-487,4-map-gs|curator|20m|era-2-487,"same-recipe-by-construction: the twin is scored with the verified cell's own recorded recipe, so its reference, buffer, and frame are that cell's by construction",4-map-gs,curator,20,era-2-487,1,1,0.15,ready-after-materialise,single-pass-manifest,,,,,,outputs/h11/pv-diag-384/crops/pro-medium-text-baseline/candidate_manifest.json,none (N = 1: every candidate has the one vote),inputs/vectors/references/mounds-reference.geojson,inputs/vectors/bounds/384/full_evaluation_bounds.geojson,evaluate_detections,results/uplift-supplement/verifier-pairing/pv-diag-384__verified-adv-pro-text-baseline,python scripts/materialise_pairing_twin.py --crop-manifest outputs/h11/pv-diag-384/crops/pro-medium-text-baseline/candidate_manifest.json --single-pass --min-votes 1 --output results/uplift-supplement/verifier-pairing/pv-diag-384__verified-adv-pro-text-baseline/twin-1of1.geojson,python scripts/evaluate_detections.py --detections results/uplift-supplement/verifier-pairing/pv-diag-384__verified-adv-pro-text-baseline/twin-1of1.geojson --ground-truth inputs/vectors/references/mounds-reference.geojson --bounds inputs/vectors/bounds/384/full_evaluation_bounds.geojson --buffers 5 10 15 20 25 30 35 40 45 50 75 100 125 150 --bootstrap 10000 --seed 42 --mcc --output-dir results/uplift-supplement/verifier-pairing/pv-diag-384__verified-adv-pro-text-baseline --label pv-diag-384__verified-adv-pro-text-baseline-unverified,"the pool ran a single proposer pass, so its manifest records no vote_count and the shell at k = 1 is the whole universe (outputs/h11/pv-diag-384/crops/pro-medium-text-baseline/candidate_manifest.json: 430 candidates). The twin differs from its verified pair in the probability filter alone"
pair::pv-diag-384::verified-adv-pro-text-baseline-medium-vf,pv-diag-384::verified-adv-pro-text-baseline-medium-vf,pv-diag-384,pro-medium-text-baseline,4-map-gs|curator|20m|era-2-487,4-map-gs|curator|20m|era-2-487,"same-recipe-by-construction: the twin is scored with the verified cell's own recorded recipe, so its reference, buffer, and frame are that cell's by construction",4-map-gs,curator,20,era-2-487,1,1,0.15,ready-after-materialise,single-pass-manifest,,,,,,outputs/h11/pv-diag-384/crops/pro-medium-text-baseline/candidate_manifest.json,none (N = 1: every candidate has the one vote),inputs/vectors/references/mounds-reference.geojson,inputs/vectors/bounds/384/full_evaluation_bounds.geojson,evaluate_detections,results/uplift-supplement/verifier-pairing/pv-diag-384__verified-adv-pro-text-baseline-medium-vf,python scripts/materialise_pairing_twin.py --crop-manifest outputs/h11/pv-diag-384/crops/pro-medium-text-baseline/candidate_manifest.json --single-pass --min-votes 1 --output results/uplift-supplement/verifier-pairing/pv-diag-384__verified-adv-pro-text-baseline-medium-vf/twin-1of1.geojson,python scripts/evaluate_detections.py --detections results/uplift-supplement/verifier-pairing/pv-diag-384__verified-adv-pro-text-baseline-medium-vf/twin-1of1.geojson --ground-truth inputs/vectors/references/mounds-reference.geojson --bounds inputs/vectors/bounds/384/full_evaluation_bounds.geojson --buffers 5 10 15 20 25 30 35 40 45 50 75 100 125 150 --bootstrap 10000 --seed 42 --mcc --output-dir results/uplift-supplement/verifier-pairing/pv-diag-384__verified-adv-pro-text-baseline-medium-vf --label pv-diag-384__verified-adv-pro-text-baseline-medium-vf-unverified,"the pool ran a single proposer pass, so its manifest records no vote_count and the shell at k = 1 is the whole universe (outputs/h11/pv-diag-384/crops/pro-medium-text-baseline/candidate_manifest.json: 430 candidates). The twin differs from its verified pair in the probability filter alone"
pair::pv-diag-384::verified-adv-pro-text-baseline-pro-vf,pv-diag-384::verified-adv-pro-text-baseline-pro-vf,pv-diag-384,pro-medium-text-baseline,4-map-gs|curator|20m|era-2-487,4-map-gs|curator|20m|era-2-487,"same-recipe-by-construction: the twin is scored with the verified cell's own recorded recipe, so its reference, buffer, and frame are that cell's by construction",4-map-gs,curator,20,era-2-487,1,1,0.15,ready-after-materialise,single-pass-manifest,,,,,,outputs/h11/pv-diag-384/crops/pro-medium-text-baseline/candidate_manifest.json,none (N = 1: every candidate has the one vote),inputs/vectors/references/mounds-reference.geojson,inputs/vectors/bounds/384/full_evaluation_bounds.geojson,evaluate_detections,results/uplift-supplement/verifier-pairing/pv-diag-384__verified-adv-pro-text-baseline-pro-vf,python scripts/materialise_pairing_twin.py --crop-manifest outputs/h11/pv-diag-384/crops/pro-medium-text-baseline/candidate_manifest.json --single-pass --min-votes 1 --output results/uplift-supplement/verifier-pairing/pv-diag-384__verified-adv-pro-text-baseline-pro-vf/twin-1of1.geojson,python scripts/evaluate_detections.py --detections results/uplift-supplement/verifier-pairing/pv-diag-384__verified-adv-pro-text-baseline-pro-vf/twin-1of1.geojson --ground-truth inputs/vectors/references/mounds-reference.geojson --bounds inputs/vectors/bounds/384/full_evaluation_bounds.geojson --buffers 5 10 15 20 25 30 35 40 45 50 75 100 125 150 --bootstrap 10000 --seed 42 --mcc --output-dir results/uplift-supplement/verifier-pairing/pv-diag-384__verified-adv-pro-text-baseline-pro-vf --label pv-diag-384__verified-adv-pro-text-baseline-pro-vf-unverified,"the pool ran a single proposer pass, so its manifest records no vote_count and the shell at k = 1 is the whole universe (outputs/h11/pv-diag-384/crops/pro-medium-text-baseline/candidate_manifest.json: 430 candidates). The twin differs from its verified pair in the probability filter alone"
pair::pv-diag-384::verified-adv-pro-image-baseline,pv-diag-384::verified-adv-pro-image-baseline,pv-diag-384,pro-medium-image-baseline,4-map-gs|curator|20m|era-2-487,4-map-gs|curator|20m|era-2-487,"same-recipe-by-construction: the twin is scored with the verified cell's own recorded recipe, so its reference, buffer, and frame are that cell's by construction",4-map-gs,curator,20,era-2-487,1,1,0.1,ready-after-materialise,single-pass-manifest,,,,,,outputs/h11/pv-diag-384/crops/pro-medium-image-baseline/candidate_manifest.json,none (N = 1: every candidate has the one vote),inputs/vectors/references/mounds-reference.geojson,inputs/vectors/bounds/384/full_evaluation_bounds.geojson,evaluate_detections,results/uplift-supplement/verifier-pairing/pv-diag-384__verified-adv-pro-image-baseline,python scripts/materialise_pairing_twin.py --crop-manifest outputs/h11/pv-diag-384/crops/pro-medium-image-baseline/candidate_manifest.json --single-pass --min-votes 1 --output results/uplift-supplement/verifier-pairing/pv-diag-384__verified-adv-pro-image-baseline/twin-1of1.geojson,python scripts/evaluate_detections.py --detections results/uplift-supplement/verifier-pairing/pv-diag-384__verified-adv-pro-image-baseline/twin-1of1.geojson --ground-truth inputs/vectors/references/mounds-reference.geojson --bounds inputs/vectors/bounds/384/full_evaluation_bounds.geojson --buffers 5 10 15 20 25 30 35 40 45 50 75 100 125 150 --bootstrap 10000 --seed 42 --mcc --output-dir results/uplift-supplement/verifier-pairing/pv-diag-384__verified-adv-pro-image-baseline --label pv-diag-384__verified-adv-pro-image-baseline-unverified,"the pool ran a single proposer pass, so its manifest records no vote_count and the shell at k = 1 is the whole universe (outputs/h11/pv-diag-384/crops/pro-medium-image-baseline/candidate_manifest.json: 519 candidates). The twin differs from its verified pair in the probability filter alone"
pair::pv-diag-384::verified-adv-pro-image-baseline-medium-vf,pv-diag-384::verified-adv-pro-image-baseline-medium-vf,pv-diag-384,pro-medium-image-baseline,4-map-gs|curator|20m|era-2-487,4-map-gs|curator|20m|era-2-487,"same-recipe-by-construction: the twin is scored with the verified cell's own recorded recipe, so its reference, buffer, and frame are that cell's by construction",4-map-gs,curator,20,era-2-487,1,1,0.05,ready-after-materialise,single-pass-manifest,,,,,,outputs/h11/pv-diag-384/crops/pro-medium-image-baseline/candidate_manifest.json,none (N = 1: every candidate has the one vote),inputs/vectors/references/mounds-reference.geojson,inputs/vectors/bounds/384/full_evaluation_bounds.geojson,evaluate_detections,results/uplift-supplement/verifier-pairing/pv-diag-384__verified-adv-pro-image-baseline-medium-vf,python scripts/materialise_pairing_twin.py --crop-manifest outputs/h11/pv-diag-384/crops/pro-medium-image-baseline/candidate_manifest.json --single-pass --min-votes 1 --output results/uplift-supplement/verifier-pairing/pv-diag-384__verified-adv-pro-image-baseline-medium-vf/twin-1of1.geojson,python scripts/evaluate_detections.py --detections results/uplift-supplement/verifier-pairing/pv-diag-384__verified-adv-pro-image-baseline-medium-vf/twin-1of1.geojson --ground-truth inputs/vectors/references/mounds-reference.geojson --bounds inputs/vectors/bounds/384/full_evaluation_bounds.geojson --buffers 5 10 15 20 25 30 35 40 45 50 75 100 125 150 --bootstrap 10000 --seed 42 --mcc --output-dir results/uplift-supplement/verifier-pairing/pv-diag-384__verified-adv-pro-image-baseline-medium-vf --label pv-diag-384__verified-adv-pro-image-baseline-medium-vf-unverified,"the pool ran a single proposer pass, so its manifest records no vote_count and the shell at k = 1 is the whole universe (outputs/h11/pv-diag-384/crops/pro-medium-image-baseline/candidate_manifest.json: 519 candidates). The twin differs from its verified pair in the probability filter alone"
pair::pv-diag-384::verified-adv-pro-image-baseline-pro-vf,pv-diag-384::verified-adv-pro-image-baseline-pro-vf,pv-diag-384,pro-medium-image-baseline,4-map-gs|curator|20m|era-2-487,4-map-gs|curator|20m|era-2-487,"same-recipe-by-construction: the twin is scored with the verified cell's own recorded recipe, so its reference, buffer, and frame are that cell's by construction",4-map-gs,curator,20,era-2-487,1,1,0.05,ready-after-materialise,single-pass-manifest,,,,,,outputs/h11/pv-diag-384/crops/pro-medium-image-baseline/candidate_manifest.json,none (N = 1: every candidate has the one vote),inputs/vectors/references/mounds-reference.geojson,inputs/vectors/bounds/384/full_evaluation_bounds.geojson,evaluate_detections,results/uplift-supplement/verifier-pairing/pv-diag-384__verified-adv-pro-image-baseline-pro-vf,python scripts/materialise_pairing_twin.py --crop-manifest outputs/h11/pv-diag-384/crops/pro-medium-image-baseline/candidate_manifest.json --single-pass --min-votes 1 --output results/uplift-supplement/verifier-pairing/pv-diag-384__verified-adv-pro-image-baseline-pro-vf/twin-1of1.geojson,python scripts/evaluate_detections.py --detections results/uplift-supplement/verifier-pairing/pv-diag-384__verified-adv-pro-image-baseline-pro-vf/twin-1of1.geojson --ground-truth inputs/vectors/references/mounds-reference.geojson --bounds inputs/vectors/bounds/384/full_evaluation_bounds.geojson --buffers 5 10 15 20 25 30 35 40 45 50 75 100 125 150 --bootstrap 10000 --seed 42 --mcc --output-dir results/uplift-supplement/verifier-pairing/pv-diag-384__verified-adv-pro-image-baseline-pro-vf --label pv-diag-384__verified-adv-pro-image-baseline-pro-vf-unverified,"the pool ran a single proposer pass, so its manifest records no vote_count and the shell at k = 1 is the whole universe (outputs/h11/pv-diag-384/crops/pro-medium-image-baseline/candidate_manifest.json: 519 candidates). The twin differs from its verified pair in the probability filter alone"
pair::pv-diag-384::pv-high-text-t0.0-n3-recovery-2026-09-08-opmax,pv-diag-384::pv-high-text-t0.0-n3-recovery-2026-09-08-opmax,pv-diag-384,flash-high-text-n5-text-t0.0,4-map-gs|curator|20m|era-2-487,4-map-gs|curator|20m|era-2-487,derived-from-twin-cell,4-map-gs,curator,20,era-2-487,3,3,0.15,already-registered,registered,,pv-diag-384::flash-high-text-n5-text-t0.0-consensus-3of3,outputs/h11/pv-diag-384/flash-high-text-n5/text-t0.0/consensus/consensus_t3.geojson,results/recovery-reeval-2026-07-30/pv-diag-384/consensus-sweep/flash-high-text-n5__text-t0.0__consensus__t3/evaluation.json,,,,inputs/vectors/references/mounds-reference.geojson,inputs/vectors/bounds/384/full_evaluation_bounds.geojson,evaluate_detections,,,,the pre-verifier twin is already scored and registered
pair::h8-v2::verified-scale-4,h8-v2::verified-scale-4,h8-v2,scale-4,4-map-gs|curator|20m|era-3-327,4-map-gs|curator|20m|era-3-327,derived-from-twin-cell,4-map-gs,curator,20,era-3-327,5,4,0.1,already-registered,registered,,h8-v2::greedy-scale-4,outputs/h8-v2/greedy/scale-4/consensus_t4.geojson,results/h8-v2/with-mcc/scale-4/evaluation.json,,,,inputs/vectors/references/mounds-reference.geojson,inputs/vectors/bounds/384/h10_test_bounds.geojson,evaluate_detections,,,,the pre-verifier twin is already scored and registered
pair::h8-v2::verified-wbf-scale-4,h8-v2::verified-wbf-scale-4,h8-v2,scale-4,4-map-gs|curator|20m|era-3-327,4-map-gs|curator|20m|era-3-327,derived-from-twin-cell,4-map-gs,curator,20,era-3-327,5,4,0.1,already-registered,registered,,h8-v2::wbf-scale-4,outputs/h8-v2/wbf/scale-4/wbf_vote4.geojson,results/h8-v2/wbf-mcc/scale-4/evaluation.json,,,,inputs/vectors/references/mounds-reference.geojson,inputs/vectors/bounds/384/h10_test_bounds.geojson,evaluate_detections,,,,the pre-verifier twin is already scored and registered
pair::h8-v2::verified-wbf-scale-8,h8-v2::verified-wbf-scale-8,h8-v2,scale-8,4-map-gs|curator|20m|era-3-327,4-map-gs|curator|20m|era-3-327,derived-from-twin-cell,4-map-gs,curator,20,era-3-327,5,4,0.15,already-registered,registered,,h8-v2::wbf-scale-8,outputs/h8-v2/wbf/scale-8/wbf_vote4.geojson,results/h8-v2/wbf-mcc/scale-8/evaluation.json,,,,inputs/vectors/references/mounds-reference.geojson,inputs/vectors/bounds/384/h10_test_bounds.geojson,evaluate_detections,,,,the pre-verifier twin is already scored and registered
pair::retest-phase2b::verified-adv-text-t0.0,retest-phase2b::verified-adv-text-t0.0,retest-phase2b,text-t0.0,4-map-gs|curator|20m|era-1-340,4-map-gs|curator|20m|era-1-340,derived-from-twin-cell,4-map-gs,curator,20,era-1-340,1,1,0.2,already-registered,registered,,retest-phase2b::text-t0.0,outputs/retest/phase2b/track2-text/T0.0,results/paper-eval/phase2/512px-14buf-mcc/p2b-text-t-0-0/evaluation.json,,,,inputs/vectors/references/mounds-reference.geojson,inputs/vectors/bounds/full_evaluation_bounds.geojson,evaluate_detections,,,,"the registry records no vote_threshold because the pool ran a single proposer pass and had no votes to record; the shell at k = 1 is the whole pass; the pool 'text-t0.0' names a registered condition in retest-phase2b, which IS the pre-verifier set this cell's verifier consumed; the pre-verifier twin is already scored and registered"
pair::retest-phase2b::verified-adv-image-t0.0,retest-phase2b::verified-adv-image-t0.0,retest-phase2b,image-t0.0,4-map-gs|curator|20m|era-1-340,4-map-gs|curator|20m|era-1-340,derived-from-twin-cell,4-map-gs,curator,20,era-1-340,1,1,0.15,already-registered,registered,,retest-phase2b::image-t0.0,outputs/retest/phase2b/track1-image/T0.0,results/paper-eval/phase2/512px-14buf-mcc/p2b-image-t-0-0/evaluation.json,,,,inputs/vectors/references/mounds-reference.geojson,inputs/vectors/bounds/full_evaluation_bounds.geojson,evaluate_detections,,,,"the registry records no vote_threshold because the pool ran a single proposer pass and had no votes to record; the shell at k = 1 is the whole pass; the pool 'image-t0.0' names a registered condition in retest-phase2b, which IS the pre-verifier set this cell's verifier consumed; the pre-verifier twin is already scored and registered"
pair::retest-phase3a::verified-adv-image-t0.7-n30-18of30,retest-phase3a::verified-adv-image-t0.7-n30-18of30,retest-phase3a,image-t0.7-n30-18of30,4-map-gs|curator|20m|era-1-340,4-map-gs|curator|20m|era-1-340,derived-from-twin-cell,4-map-gs,curator,20,era-1-340,30,18,0.15,already-registered,registered,,retest-phase3a::image-t0.7-n30-18of30,outputs/retest/phase3a/track1-image/T0.7/consensus/consensus_t18.geojson,results/rescore-2026-06-07/phase3/phase3a__track1-image__T0.7__n30__t18/evaluation.json,,,,inputs/vectors/references/mounds-reference.geojson,inputs/vectors/bounds/full_evaluation_bounds.geojson,evaluate_detections,,,,"the registry records no vote_threshold, but the pool 'image-t0.7-n30-18of30' names its own shell: k = 18 of N = 30. The verifier consumed that shell, so that is the shell the twin must be; the pool 'image-t0.7-n30-18of30' names a registered condition in retest-phase3a, which IS the pre-verifier set this cell's verifier consumed; the pre-verifier twin is already scored and registered"
pair::retest-phase3a-high::verified-adv-text-high-t1.0-n30-23of30,retest-phase3a-high::verified-adv-text-high-t1.0-n30-23of30,retest-phase3a-high,text-high-t1.0-n30-23of30,4-map-gs|curator|20m|era-1-340,4-map-gs|curator|20m|era-1-340,derived-from-twin-cell,4-map-gs,curator,20,era-1-340,30,23,0.1,already-registered,registered,,retest-phase3a-high::text-high-t1.0-n30-23of30,outputs/retest/phase3a-high/track2-text/T1.0/consensus/consensus_t23.geojson,results/rescore-2026-06-07/phase3/phase3a-high__track2-text__T1.0__n30__t23/evaluation.json,,,,inputs/vectors/references/mounds-reference.geojson,inputs/vectors/bounds/full_evaluation_bounds.geojson,evaluate_detections,,,,"the registry records no vote_threshold, but the pool 'text-high-t1.0-n30-23of30' names its own shell: k = 23 of N = 30. The verifier consumed that shell, so that is the shell the twin must be; the pool 'text-high-t1.0-n30-23of30' names a registered condition in retest-phase3a-high, which IS the pre-verifier set this cell's verifier consumed; the pre-verifier twin is already scored and registered"
pair::verifier-t-pilot::verified-t0-0,verifier-t-pilot::verified-t0-0,verifier-t-pilot,detect_brief-text,4-map-gs|curator|20m|era-2-487,4-map-gs|curator|20m|era-2-487,"same-recipe-by-construction: the twin is scored with the verified cell's own recorded recipe, so its reference, buffer, and frame are that cell's by construction",4-map-gs,curator,20,era-2-487,5,4,0.2,ready,source-run-consensus,,,outputs/gs/gold-standard-v2/consensus/consensus-4of5.geojson,,,,,inputs/vectors/references/mounds-reference.geojson,inputs/vectors/bounds/384/full_evaluation_bounds.geojson,evaluate_detections,results/uplift-supplement/verifier-pairing/verifier-t-pilot__verified-t0-0,,python scripts/evaluate_detections.py --detections outputs/gs/gold-standard-v2/consensus/consensus-4of5.geojson --ground-truth inputs/vectors/references/mounds-reference.geojson --bounds inputs/vectors/bounds/384/full_evaluation_bounds.geojson --buffers 5 10 15 20 25 30 35 40 45 50 75 100 125 150 --bootstrap 10000 --seed 42 --mcc --output-dir results/uplift-supplement/verifier-pairing/verifier-t-pilot__verified-t0-0 --label verifier-t-pilot__verified-t0-0-unverified,"the row records source_run 'gold-standard-v2', so the pre-verifier set was looked for under THAT run — the attribution is the register's, not this script's; twin is the committed 4-of-5 consensus set outputs/gs/gold-standard-v2/consensus/consensus-4of5.geojson"
pair::verifier-t-pilot::verified-t0-5,verifier-t-pilot::verified-t0-5,verifier-t-pilot,detect_brief-text,4-map-gs|curator|20m|era-2-487,4-map-gs|curator|20m|era-2-487,"same-recipe-by-construction: the twin is scored with the verified cell's own recorded recipe, so its reference, buffer, and frame are that cell's by construction",4-map-gs,curator,20,era-2-487,5,4,0.2,ready,source-run-consensus,,,outputs/gs/gold-standard-v2/consensus/consensus-4of5.geojson,,,,,inputs/vectors/references/mounds-reference.geojson,inputs/vectors/bounds/384/full_evaluation_bounds.geojson,evaluate_detections,results/uplift-supplement/verifier-pairing/verifier-t-pilot__verified-t0-5,,python scripts/evaluate_detections.py --detections outputs/gs/gold-standard-v2/consensus/consensus-4of5.geojson --ground-truth inputs/vectors/references/mounds-reference.geojson --bounds inputs/vectors/bounds/384/full_evaluation_bounds.geojson --buffers 5 10 15 20 25 30 35 40 45 50 75 100 125 150 --bootstrap 10000 --seed 42 --mcc --output-dir results/uplift-supplement/verifier-pairing/verifier-t-pilot__verified-t0-5 --label verifier-t-pilot__verified-t0-5-unverified,"the row records source_run 'gold-standard-v2', so the pre-verifier set was looked for under THAT run — the attribution is the register's, not this script's; twin is the committed 4-of-5 consensus set outputs/gs/gold-standard-v2/consensus/consensus-4of5.geojson"
pair::verifier-t-pilot::verified-t1-0,verifier-t-pilot::verified-t1-0,verifier-t-pilot,detect_brief-text,4-map-gs|curator|20m|era-2-487,4-map-gs|curator|20m|era-2-487,"same-recipe-by-construction: the twin is scored with the verified cell's own recorded recipe, so its reference, buffer, and frame are that cell's by construction",4-map-gs,curator,20,era-2-487,5,4,0.2,ready,source-run-consensus,,,outputs/gs/gold-standard-v2/consensus/consensus-4of5.geojson,,,,,inputs/vectors/references/mounds-reference.geojson,inputs/vectors/bounds/384/full_evaluation_bounds.geojson,evaluate_detections,results/uplift-supplement/verifier-pairing/verifier-t-pilot__verified-t1-0,,python scripts/evaluate_detections.py --detections outputs/gs/gold-standard-v2/consensus/consensus-4of5.geojson --ground-truth inputs/vectors/references/mounds-reference.geojson --bounds inputs/vectors/bounds/384/full_evaluation_bounds.geojson --buffers 5 10 15 20 25 30 35 40 45 50 75 100 125 150 --bootstrap 10000 --seed 42 --mcc --output-dir results/uplift-supplement/verifier-pairing/verifier-t-pilot__verified-t1-0 --label verifier-t-pilot__verified-t1-0-unverified,"the row records source_run 'gold-standard-v2', so the pre-verifier set was looked for under THAT run — the attribution is the register's, not this script's; twin is the committed 4-of-5 consensus set outputs/gs/gold-standard-v2/consensus/consensus-4of5.geojson"
pair::verifier-robustness::verified-384-union-t0-0-n5,verifier-robustness::verified-384-union-t0-0-n5,verifier-robustness,flash-high-text-1of5,4-map-gs|curator|20m|era-2-487,4-map-gs|curator|20m|era-2-487,"same-recipe-by-construction: the twin is scored with the verified cell's own recorded recipe, so its reference, buffer, and frame are that cell's by construction",4-map-gs,curator,20,era-2-487,5,4,0.15,ready-after-materialise,stage-manifest,,,,,,outputs/verifier-robustness/384-flash-high-text-1of5-union/crops/candidate_manifest.json,vote_count >= 4,inputs/vectors/references/mounds-reference.geojson,inputs/vectors/bounds/384/full_evaluation_bounds.geojson,evaluate_detections,results/uplift-supplement/verifier-pairing/verifier-robustness__verified-384-union-t0-0-n5,python scripts/materialise_pairing_twin.py --crop-manifest outputs/verifier-robustness/384-flash-high-text-1of5-union/crops/candidate_manifest.json --min-votes 4 --output results/uplift-supplement/verifier-pairing/verifier-robustness__verified-384-union-t0-0-n5/twin-4of5.geojson,python scripts/evaluate_detections.py --detections results/uplift-supplement/verifier-pairing/verifier-robustness__verified-384-union-t0-0-n5/twin-4of5.geojson --ground-truth inputs/vectors/references/mounds-reference.geojson --bounds inputs/vectors/bounds/384/full_evaluation_bounds.geojson --buffers 5 10 15 20 25 30 35 40 45 50 75 100 125 150 --bootstrap 10000 --seed 42 --mcc --output-dir results/uplift-supplement/verifier-pairing/verifier-robustness__verified-384-union-t0-0-n5 --label verifier-robustness__verified-384-union-t0-0-n5-unverified,"no committed consensus set names this cell's shell, so the twin is the vote >= 4 shell of the candidate universe its own verifier stage cropped (outputs/verifier-robustness/384-flash-high-text-1of5-union/crops/candidate_manifest.json: 3736 candidates over 5 pass(es), votes 1-5, 584 at vote >= 4; matched matched-lineage). Vote shells nest, so this subset IS the shell, not an approximation of it"
pair::verifier-robustness::verified-256-union-t0-0-n5,verifier-robustness::verified-256-union-t0-0-n5,verifier-robustness,text-1of5,4-map-gs|curator|20m|px256-1032,4-map-gs|curator|20m|px256-1032,"same-recipe-by-construction: the twin is scored with the verified cell's own recorded recipe, so its reference, buffer, and frame are that cell's by construction",4-map-gs,curator,20,px256-1032,5,5,0.15,ready,source-run-consensus,,,outputs/h11/pv-diag-256/consensus/text-5of5.geojson,,,,,inputs/vectors/references/mounds-reference.geojson,inputs/vectors/bounds/256/full_evaluation_bounds.geojson,evaluate_detections,results/uplift-supplement/verifier-pairing/verifier-robustness__verified-256-union-t0-0-n5,,python scripts/evaluate_detections.py --detections outputs/h11/pv-diag-256/consensus/text-5of5.geojson --ground-truth inputs/vectors/references/mounds-reference.geojson --bounds inputs/vectors/bounds/256/full_evaluation_bounds.geojson --buffers 5 10 15 20 25 30 35 40 45 50 75 100 125 150 --bootstrap 10000 --seed 42 --mcc --output-dir results/uplift-supplement/verifier-pairing/verifier-robustness__verified-256-union-t0-0-n5 --label verifier-robustness__verified-256-union-t0-0-n5-unverified,"the row records source_run 'pv-diag-256', so the pre-verifier set was looked for under THAT run — the attribution is the register's, not this script's; twin is the committed 5-of-5 consensus set outputs/h11/pv-diag-256/consensus/text-5of5.geojson"
pair::verifier-robustness::verified-256-ge3of5-t0-3-n5,verifier-robustness::verified-256-ge3of5-t0-3-n5,verifier-robustness,text-1of5,4-map-gs|curator|20m|px256-1032,4-map-gs|curator|20m|px256-1032,"same-recipe-by-construction: the twin is scored with the verified cell's own recorded recipe, so its reference, buffer, and frame are that cell's by construction",4-map-gs,curator,20,px256-1032,5,5,0.2,ready,source-run-consensus,,,outputs/h11/pv-diag-256/consensus/text-5of5.geojson,,,,,inputs/vectors/references/mounds-reference.geojson,inputs/vectors/bounds/256/full_evaluation_bounds.geojson,evaluate_detections,results/uplift-supplement/verifier-pairing/verifier-robustness__verified-256-ge3of5-t0-3-n5,,python scripts/evaluate_detections.py --detections outputs/h11/pv-diag-256/consensus/text-5of5.geojson --ground-truth inputs/vectors/references/mounds-reference.geojson --bounds inputs/vectors/bounds/256/full_evaluation_bounds.geojson --buffers 5 10 15 20 25 30 35 40 45 50 75 100 125 150 --bootstrap 10000 --seed 42 --mcc --output-dir results/uplift-supplement/verifier-pairing/verifier-robustness__verified-256-ge3of5-t0-3-n5 --label verifier-robustness__verified-256-ge3of5-t0-3-n5-unverified,"the row records source_run 'pv-diag-256', so the pre-verifier set was looked for under THAT run — the attribution is the register's, not this script's; twin is the committed 5-of-5 consensus set outputs/h11/pv-diag-256/consensus/text-5of5.geojson"
pair::verifier-robustness::verified-384-ge3of5-t0-3-n5,verifier-robustness::verified-384-ge3of5-t0-3-n5,verifier-robustness,flash-high-text-1of5,4-map-gs|curator|20m|era-2-487,4-map-gs|curator|20m|era-2-487,"same-recipe-by-construction: the twin is scored with the verified cell's own recorded recipe, so its reference, buffer, and frame are that cell's by construction",4-map-gs,curator,20,era-2-487,5,4,0.15,ready-after-materialise,stage-manifest,,,,,,outputs/verifier-robustness/384-flash-high-text-ge3of5/crops/candidate_manifest.json,vote_count >= 4,inputs/vectors/references/mounds-reference.geojson,inputs/vectors/bounds/384/full_evaluation_bounds.geojson,evaluate_detections,results/uplift-supplement/verifier-pairing/verifier-robustness__verified-384-ge3of5-t0-3-n5,python scripts/materialise_pairing_twin.py --crop-manifest outputs/verifier-robustness/384-flash-high-text-ge3of5/crops/candidate_manifest.json --min-votes 4 --output results/uplift-supplement/verifier-pairing/verifier-robustness__verified-384-ge3of5-t0-3-n5/twin-4of5.geojson,python scripts/evaluate_detections.py --detections results/uplift-supplement/verifier-pairing/verifier-robustness__verified-384-ge3of5-t0-3-n5/twin-4of5.geojson --ground-truth inputs/vectors/references/mounds-reference.geojson --bounds inputs/vectors/bounds/384/full_evaluation_bounds.geojson --buffers 5 10 15 20 25 30 35 40 45 50 75 100 125 150 --bootstrap 10000 --seed 42 --mcc --output-dir results/uplift-supplement/verifier-pairing/verifier-robustness__verified-384-ge3of5-t0-3-n5 --label verifier-robustness__verified-384-ge3of5-t0-3-n5-unverified,"no committed consensus set names this cell's shell, so the twin is the vote >= 4 shell of the candidate universe its own verifier stage cropped (outputs/verifier-robustness/384-flash-high-text-ge3of5/crops/candidate_manifest.json: 855 candidates over 5 pass(es), votes 3-5, 584 at vote >= 4; matched matched-lineage). Vote shells nest, so this subset IS the shell, not an approximation of it"
pair::verifier-robustness::verified-384-ge3of5-t0-7-n5,verifier-robustness::verified-384-ge3of5-t0-7-n5,verifier-robustness,flash-high-text-1of5,4-map-gs|curator|20m|era-2-487,4-map-gs|curator|20m|era-2-487,"same-recipe-by-construction: the twin is scored with the verified cell's own recorded recipe, so its reference, buffer, and frame are that cell's by construction",4-map-gs,curator,20,era-2-487,5,4,0.2,ready-after-materialise,stage-manifest,,,,,,outputs/verifier-robustness/384-flash-high-text-ge3of5/crops/candidate_manifest.json,vote_count >= 4,inputs/vectors/references/mounds-reference.geojson,inputs/vectors/bounds/384/full_evaluation_bounds.geojson,evaluate_detections,results/uplift-supplement/verifier-pairing/verifier-robustness__verified-384-ge3of5-t0-7-n5,python scripts/materialise_pairing_twin.py --crop-manifest outputs/verifier-robustness/384-flash-high-text-ge3of5/crops/candidate_manifest.json --min-votes 4 --output results/uplift-supplement/verifier-pairing/verifier-robustness__verified-384-ge3of5-t0-7-n5/twin-4of5.geojson,python scripts/evaluate_detections.py --detections results/uplift-supplement/verifier-pairing/verifier-robustness__verified-384-ge3of5-t0-7-n5/twin-4of5.geojson --ground-truth inputs/vectors/references/mounds-reference.geojson --bounds inputs/vectors/bounds/384/full_evaluation_bounds.geojson --buffers 5 10 15 20 25 30 35 40 45 50 75 100 125 150 --bootstrap 10000 --seed 42 --mcc --output-dir results/uplift-supplement/verifier-pairing/verifier-robustness__verified-384-ge3of5-t0-7-n5 --label verifier-robustness__verified-384-ge3of5-t0-7-n5-unverified,"no committed consensus set names this cell's shell, so the twin is the vote >= 4 shell of the candidate universe its own verifier stage cropped (outputs/verifier-robustness/384-flash-high-text-ge3of5/crops/candidate_manifest.json: 855 candidates over 5 pass(es), votes 3-5, 584 at vote >= 4; matched matched-lineage). Vote shells nest, so this subset IS the shell, not an approximation of it"
pair::verifier-robustness::verified-384-ge3of5-t0-3-high-n5,verifier-robustness::verified-384-ge3of5-t0-3-high-n5,verifier-robustness,flash-high-text-1of5,4-map-gs|curator|20m|era-2-487,4-map-gs|curator|20m|era-2-487,"same-recipe-by-construction: the twin is scored with the verified cell's own recorded recipe, so its reference, buffer, and frame are that cell's by construction",4-map-gs,curator,20,era-2-487,5,4,0.3,ready-after-materialise,stage-manifest,,,,,,outputs/verifier-robustness/384-flash-high-text-ge3of5/crops/candidate_manifest.json,vote_count >= 4,inputs/vectors/references/mounds-reference.geojson,inputs/vectors/bounds/384/full_evaluation_bounds.geojson,evaluate_detections,results/uplift-supplement/verifier-pairing/verifier-robustness__verified-384-ge3of5-t0-3-high-n5,python scripts/materialise_pairing_twin.py --crop-manifest outputs/verifier-robustness/384-flash-high-text-ge3of5/crops/candidate_manifest.json --min-votes 4 --output results/uplift-supplement/verifier-pairing/verifier-robustness__verified-384-ge3of5-t0-3-high-n5/twin-4of5.geojson,python scripts/evaluate_detections.py --detections results/uplift-supplement/verifier-pairing/verifier-robustness__verified-384-ge3of5-t0-3-high-n5/twin-4of5.geojson --ground-truth inputs/vectors/references/mounds-reference.geojson --bounds inputs/vectors/bounds/384/full_evaluation_bounds.geojson --buffers 5 10 15 20 25 30 35 40 45 50 75 100 125 150 --bootstrap 10000 --seed 42 --mcc --output-dir results/uplift-supplement/verifier-pairing/verifier-robustness__verified-384-ge3of5-t0-3-high-n5 --label verifier-robustness__verified-384-ge3of5-t0-3-high-n5-unverified,"no committed consensus set names this cell's shell, so the twin is the vote >= 4 shell of the candidate universe its own verifier stage cropped (outputs/verifier-robustness/384-flash-high-text-ge3of5/crops/candidate_manifest.json: 855 candidates over 5 pass(es), votes 3-5, 584 at vote >= 4; matched matched-lineage). Vote shells nest, so this subset IS the shell, not an approximation of it"
pair::verifier-robustness::verified-384-ge3of5-t0-7-high-n5,verifier-robustness::verified-384-ge3of5-t0-7-high-n5,verifier-robustness,flash-high-text-1of5,4-map-gs|curator|20m|era-2-487,4-map-gs|curator|20m|era-2-487,"same-recipe-by-construction: the twin is scored with the verified cell's own recorded recipe, so its reference, buffer, and frame are that cell's by construction",4-map-gs,curator,20,era-2-487,5,4,0.4,ready-after-materialise,stage-manifest,,,,,,outputs/verifier-robustness/384-flash-high-text-ge3of5/crops/candidate_manifest.json,vote_count >= 4,inputs/vectors/references/mounds-reference.geojson,inputs/vectors/bounds/384/full_evaluation_bounds.geojson,evaluate_detections,results/uplift-supplement/verifier-pairing/verifier-robustness__verified-384-ge3of5-t0-7-high-n5,python scripts/materialise_pairing_twin.py --crop-manifest outputs/verifier-robustness/384-flash-high-text-ge3of5/crops/candidate_manifest.json --min-votes 4 --output results/uplift-supplement/verifier-pairing/verifier-robustness__verified-384-ge3of5-t0-7-high-n5/twin-4of5.geojson,python scripts/evaluate_detections.py --detections results/uplift-supplement/verifier-pairing/verifier-robustness__verified-384-ge3of5-t0-7-high-n5/twin-4of5.geojson --ground-truth inputs/vectors/references/mounds-reference.geojson --bounds inputs/vectors/bounds/384/full_evaluation_bounds.geojson --buffers 5 10 15 20 25 30 35 40 45 50 75 100 125 150 --bootstrap 10000 --seed 42 --mcc --output-dir results/uplift-supplement/verifier-pairing/verifier-robustness__verified-384-ge3of5-t0-7-high-n5 --label verifier-robustness__verified-384-ge3of5-t0-7-high-n5-unverified,"no committed consensus set names this cell's shell, so the twin is the vote >= 4 shell of the candidate universe its own verifier stage cropped (outputs/verifier-robustness/384-flash-high-text-ge3of5/crops/candidate_manifest.json: 855 candidates over 5 pass(es), votes 3-5, 584 at vote >= 4; matched matched-lineage). Vote shells nest, so this subset IS the shell, not an approximation of it"
pair::verifier-robustness::verified-384-16of30-t0-3-n5-opmax,verifier-robustness::verified-384-16of30-t0-3-n5-opmax,verifier-robustness,flash-high-text-consensus-16of30,4-map-gs|curator|20m|era-2-487,4-map-gs|curator|20m|era-2-487,"same-recipe-by-construction: the twin is scored with the verified cell's own recorded recipe, so its reference, buffer, and frame are that cell's by construction",4-map-gs,curator,20,era-2-487,30,16,0.15,ready,source-run-consensus,,,outputs/h11/pv-diag-384/consensus/flash-high-text-16of30.geojson,,,,,inputs/vectors/references/mounds-reference.geojson,inputs/vectors/bounds/384/full_evaluation_bounds.geojson,evaluate_detections,results/uplift-supplement/verifier-pairing/verifier-robustness__verified-384-16of30-t0-3-n5-opmax,python scripts/materialise_pairing_twin.py --consensus outputs/h11/pv-diag-384/consensus/flash-high-text-16of30.geojson --declare-crs EPSG:32635 --output results/uplift-supplement/verifier-pairing/verifier-robustness__verified-384-16of30-t0-3-n5-opmax/twin-16of30-crs32635.geojson,python scripts/evaluate_detections.py --detections results/uplift-supplement/verifier-pairing/verifier-robustness__verified-384-16of30-t0-3-n5-opmax/twin-16of30-crs32635.geojson --ground-truth inputs/vectors/references/mounds-reference.geojson --bounds inputs/vectors/bounds/384/full_evaluation_bounds.geojson --buffers 5 10 15 20 25 30 35 40 45 50 75 100 125 150 --bootstrap 10000 --seed 42 --mcc --output-dir results/uplift-supplement/verifier-pairing/verifier-robustness__verified-384-16of30-t0-3-n5-opmax --label verifier-robustness__verified-384-16of30-t0-3-n5-opmax-unverified,"the registry records no vote_threshold, but the pool 'flash-high-text-consensus-16of30' names its own shell: k = 16 of N = 30. The verifier consumed that shell, so that is the shell the twin must be; no pool-named condition: no registered condition is labelled 'flash-high-text-consensus-16of30' in pv-diag-384, verifier-robustness; the row records source_run 'pv-diag-384', so the pre-verifier set was looked for under THAT run — the attribution is the register's, not this script's; twin is the committed 16-of-30 consensus set outputs/h11/pv-diag-384/consensus/flash-high-text-16of30.geojson; committed consensus file carries projected coordinates and no crs member; twin copied with EPSG:32635 declared"
pair::flash35-pv-2x2::f35prop-f3vf-4of10,flash35-pv-2x2::f35prop-f3vf-4of10,flash35-pv-2x2,flash35-min-text-1of10,4-map-gs|curator|20m|era-2-487,4-map-gs|curator|20m|era-2-487,"same-recipe-by-construction: the twin is scored with the verified cell's own recorded recipe, so its reference, buffer, and frame are that cell's by construction",4-map-gs,curator,20,era-2-487,10,4,0.15,ready-after-materialise,stage-manifest,,,,,,outputs/flash35-pv-2x2/crops/candidate_manifest.json,vote_count >= 4,inputs/vectors/references/mounds-reference.geojson,inputs/vectors/bounds/384/full_evaluation_bounds.geojson,evaluate_detections,results/uplift-supplement/verifier-pairing/flash35-pv-2x2__f35prop-f3vf-4of10,python scripts/materialise_pairing_twin.py --crop-manifest outputs/flash35-pv-2x2/crops/candidate_manifest.json --min-votes 4 --output results/uplift-supplement/verifier-pairing/flash35-pv-2x2__f35prop-f3vf-4of10/twin-4of10.geojson,python scripts/evaluate_detections.py --detections results/uplift-supplement/verifier-pairing/flash35-pv-2x2__f35prop-f3vf-4of10/twin-4of10.geojson --ground-truth inputs/vectors/references/mounds-reference.geojson --bounds inputs/vectors/bounds/384/full_evaluation_bounds.geojson --buffers 5 10 15 20 25 30 35 40 45 50 75 100 125 150 --bootstrap 10000 --seed 42 --mcc --output-dir results/uplift-supplement/verifier-pairing/flash35-pv-2x2__f35prop-f3vf-4of10 --label flash35-pv-2x2__f35prop-f3vf-4of10-unverified,"no committed consensus set names this cell's shell, so the twin is the vote >= 4 shell of the candidate universe its own verifier stage cropped (outputs/flash35-pv-2x2/crops/candidate_manifest.json: 1132 candidates over 10 pass(es), votes 1-10, 859 at vote >= 4; matched matched-lineage). Vote shells nest, so this subset IS the shell, not an approximation of it"
pair::flash35-pv-2x2::f35prop-f35vf-4of10,flash35-pv-2x2::f35prop-f35vf-4of10,flash35-pv-2x2,flash35-min-text-1of10,4-map-gs|curator|20m|era-2-487,4-map-gs|curator|20m|era-2-487,"same-recipe-by-construction: the twin is scored with the verified cell's own recorded recipe, so its reference, buffer, and frame are that cell's by construction",4-map-gs,curator,20,era-2-487,10,4,0.25,ready-after-materialise,stage-manifest,,,,,,outputs/flash35-pv-2x2/crops/candidate_manifest.json,vote_count >= 4,inputs/vectors/references/mounds-reference.geojson,inputs/vectors/bounds/384/full_evaluation_bounds.geojson,evaluate_detections,results/uplift-supplement/verifier-pairing/flash35-pv-2x2__f35prop-f35vf-4of10,python scripts/materialise_pairing_twin.py --crop-manifest outputs/flash35-pv-2x2/crops/candidate_manifest.json --min-votes 4 --output results/uplift-supplement/verifier-pairing/flash35-pv-2x2__f35prop-f35vf-4of10/twin-4of10.geojson,python scripts/evaluate_detections.py --detections results/uplift-supplement/verifier-pairing/flash35-pv-2x2__f35prop-f35vf-4of10/twin-4of10.geojson --ground-truth inputs/vectors/references/mounds-reference.geojson --bounds inputs/vectors/bounds/384/full_evaluation_bounds.geojson --buffers 5 10 15 20 25 30 35 40 45 50 75 100 125 150 --bootstrap 10000 --seed 42 --mcc --output-dir results/uplift-supplement/verifier-pairing/flash35-pv-2x2__f35prop-f35vf-4of10 --label flash35-pv-2x2__f35prop-f35vf-4of10-unverified,"no committed consensus set names this cell's shell, so the twin is the vote >= 4 shell of the candidate universe its own verifier stage cropped (outputs/flash35-pv-2x2/crops/candidate_manifest.json: 1132 candidates over 10 pass(es), votes 1-10, 859 at vote >= 4; matched matched-lineage). Vote shells nest, so this subset IS the shell, not an approximation of it"
pair::flash35-pv-2x2::f3prop-f35vf-6of10,flash35-pv-2x2::f3prop-f35vf-6of10,flash35-pv-2x2,f3-min-text-1of10,4-map-gs|curator|20m|era-2-487,4-map-gs|curator|20m|era-2-487,"same-recipe-by-construction: the twin is scored with the verified cell's own recorded recipe, so its reference, buffer, and frame are that cell's by construction",4-map-gs,curator,20,era-2-487,10,6,0.25,ready-after-materialise,stage-manifest,,,,,,outputs/flash35-pv-2x2/min-f3-crops/candidate_manifest.json,vote_count >= 6,inputs/vectors/references/mounds-reference.geojson,inputs/vectors/bounds/384/full_evaluation_bounds.geojson,evaluate_detections,results/uplift-supplement/verifier-pairing/flash35-pv-2x2__f3prop-f35vf-6of10,python scripts/materialise_pairing_twin.py --crop-manifest outputs/flash35-pv-2x2/min-f3-crops/candidate_manifest.json --min-votes 6 --output results/uplift-supplement/verifier-pairing/flash35-pv-2x2__f3prop-f35vf-6of10/twin-6of10.geojson,python scripts/evaluate_detections.py --detections results/uplift-supplement/verifier-pairing/flash35-pv-2x2__f3prop-f35vf-6of10/twin-6of10.geojson --ground-truth inputs/vectors/references/mounds-reference.geojson --bounds inputs/vectors/bounds/384/full_evaluation_bounds.geojson --buffers 5 10 15 20 25 30 35 40 45 50 75 100 125 150 --bootstrap 10000 --seed 42 --mcc --output-dir results/uplift-supplement/verifier-pairing/flash35-pv-2x2__f3prop-f35vf-6of10 --label flash35-pv-2x2__f3prop-f35vf-6of10-unverified,"no committed consensus set names this cell's shell, so the twin is the vote >= 6 shell of the candidate universe its own verifier stage cropped (outputs/flash35-pv-2x2/min-f3-crops/candidate_manifest.json: 1939 candidates over 10 pass(es), votes 1-10, 929 at vote >= 6; matched matched-manifest-source-geojson). Vote shells nest, so this subset IS the shell, not an approximation of it"
pair::55maps-text-min-n10-uplift::verified-5of10-canonical-gt,55maps-text-min-n10-uplift::verified-5of10-canonical-gt,55maps-text-min-n10-uplift,detect_brief-text-min-n10,55-map|canonical|50m|55maps-8541,55-map|canonical|50m|55maps-8541,"same-recipe-by-construction: the twin is scored with the verified cell's own recorded recipe, so its reference, buffer, and frame are that cell's by construction",55-map,canonical,50,55maps-8541,10,5,0.15,ready-after-materialise,stage-manifest,,,,,,outputs/55maps-text-min-n10-uplift/crops-3of10/candidate_manifest.json,vote_count >= 5,inputs/vectors/references/canonical-gt-55maps-r50.geojson,inputs/vectors/bounds/384/55maps_evaluation_bounds.geojson,corrected_f1_multi_buffer,results/uplift-supplement/verifier-pairing/55maps-text-min-n10-uplift__verified-5of10-canonical-gt,python scripts/materialise_pairing_twin.py --crop-manifest outputs/55maps-text-min-n10-uplift/crops-3of10/candidate_manifest.json --min-votes 5 --output results/uplift-supplement/verifier-pairing/55maps-text-min-n10-uplift__verified-5of10-canonical-gt/twin-5of10.geojson,python scripts/compute_corrected_f1_multi_buffer.py --verified-detections results/uplift-supplement/verifier-pairing/55maps-text-min-n10-uplift__verified-5of10-canonical-gt/twin-5of10.geojson --student-gt inputs/vectors/references/student-mounds-55maps-reviewed.geojson --bounds inputs/vectors/bounds/384/55maps_evaluation_bounds.geojson --buffers 5 10 15 20 25 30 35 40 45 50 75 100 125 150 --n-bootstrap 10000 --seed 42 --compute-mcc --output-dir results/uplift-supplement/verifier-pairing/55maps-text-min-n10-uplift__verified-5of10-canonical-gt --review-yesterday results/55maps-extended-gt-2026-06-07/empty-yesterday-review.csv --review-today results/deployment-oracle-2026-06-06/canonical-gt/canonical-review.csv,"no committed consensus set names this cell's shell, so the twin is the vote >= 5 shell of the candidate universe its own verifier stage cropped (outputs/55maps-text-min-n10-uplift/crops-3of10/candidate_manifest.json: 16482 candidates over 10 pass(es), votes 3-10, 12276 at vote >= 5; matched sole-manifest). Vote shells nest, so this subset IS the shell, not an approximation of it"
pair::55maps-text-min-n10-uplift::verified-5of10-standardised-gt,55maps-text-min-n10-uplift::verified-5of10-standardised-gt,55maps-text-min-n10-uplift,detect_brief-text-min-n10,55-map|standardised|50m|55maps-8541,55-map|standardised|50m|55maps-8541,"same-recipe-by-construction: the twin is scored with the verified cell's own recorded recipe, so its reference, buffer, and frame are that cell's by construction",55-map,standardised,50,55maps-8541,10,5,0.15,ready-after-materialise,stage-manifest,,,,,,outputs/55maps-text-min-n10-uplift/crops-3of10/candidate_manifest.json,vote_count >= 5,inputs/vectors/references/best-available-gt-55maps.geojson,inputs/vectors/bounds/384/55maps_evaluation_bounds.geojson,corrected_f1_multi_buffer,results/uplift-supplement/verifier-pairing/55maps-text-min-n10-uplift__verified-5of10-standardised-gt,python scripts/materialise_pairing_twin.py --crop-manifest outputs/55maps-text-min-n10-uplift/crops-3of10/candidate_manifest.json --min-votes 5 --output results/uplift-supplement/verifier-pairing/55maps-text-min-n10-uplift__verified-5of10-standardised-gt/twin-5of10.geojson,python scripts/compute_corrected_f1_multi_buffer.py --verified-detections results/uplift-supplement/verifier-pairing/55maps-text-min-n10-uplift__verified-5of10-standardised-gt/twin-5of10.geojson --student-gt results/deployment-oracle-2026-06-06/canonical-gt/standardised/student-mounds-55maps-standardised.geojson --bounds inputs/vectors/bounds/384/55maps_evaluation_bounds.geojson --buffers 5 10 15 20 25 30 35 40 45 50 75 100 125 150 --n-bootstrap 10000 --seed 42 --compute-mcc --output-dir results/uplift-supplement/verifier-pairing/55maps-text-min-n10-uplift__verified-5of10-standardised-gt --extension-csv results/deployment-oracle-2026-06-06/canonical-gt/standardised/extension-mounds-standardised.csv,"no committed consensus set names this cell's shell, so the twin is the vote >= 5 shell of the candidate universe its own verifier stage cropped (outputs/55maps-text-min-n10-uplift/crops-3of10/candidate_manifest.json: 16482 candidates over 10 pass(es), votes 3-10, 12276 at vote >= 5; matched sole-manifest). Vote shells nest, so this subset IS the shell, not an approximation of it"
pair::55maps-text-min-n10-uplift::verified-5of10-r2-gt,55maps-text-min-n10-uplift::verified-5of10-r2-gt,55maps-text-min-n10-uplift,detect_brief-text-min-n10,55-map|r2|50m|55maps-8541,55-map|r2|50m|55maps-8541,"same-recipe-by-construction: the twin is scored with the verified cell's own recorded recipe, so its reference, buffer, and frame are that cell's by construction",55-map,r2,50,55maps-8541,10,5,0.15,ready-after-materialise,stage-manifest,,,,,,outputs/55maps-text-min-n10-uplift/crops-3of10/candidate_manifest.json,vote_count >= 5,inputs/vectors/references/best-available-gt-55maps-r2.geojson,inputs/vectors/bounds/384/55maps_evaluation_bounds.geojson,evaluate_detections,results/uplift-supplement/verifier-pairing/55maps-text-min-n10-uplift__verified-5of10-r2-gt,python scripts/materialise_pairing_twin.py --crop-manifest outputs/55maps-text-min-n10-uplift/crops-3of10/candidate_manifest.json --min-votes 5 --output results/uplift-supplement/verifier-pairing/55maps-text-min-n10-uplift__verified-5of10-r2-gt/twin-5of10.geojson,python scripts/evaluate_detections.py --detections results/uplift-supplement/verifier-pairing/55maps-text-min-n10-uplift__verified-5of10-r2-gt/twin-5of10.geojson --ground-truth inputs/vectors/references/best-available-gt-55maps-r2.geojson --bounds inputs/vectors/bounds/384/55maps_evaluation_bounds.geojson --buffers 5 10 15 20 25 30 35 40 45 50 75 100 125 150 --bootstrap 10000 --seed 42 --mcc --output-dir results/uplift-supplement/verifier-pairing/55maps-text-min-n10-uplift__verified-5of10-r2-gt --label 55maps-text-min-n10-uplift__verified-5of10-r2-gt-unverified,"no committed consensus set names this cell's shell, so the twin is the vote >= 5 shell of the candidate universe its own verifier stage cropped (outputs/55maps-text-min-n10-uplift/crops-3of10/candidate_manifest.json: 16482 candidates over 10 pass(es), votes 3-10, 12276 at vote >= 5; matched sole-manifest). Vote shells nest, so this subset IS the shell, not an approximation of it"
pair::grid-2026-08-18::g512-ov064-k10-verified-p0.15-k5,grid-2026-08-18::g512-ov064-k10-verified-p0.15-k5,grid-2026-08-18,brief-text,4-map-gs|curator|20m|grid-common-487,4-map-gs|curator|20m|grid-common-487,"same-recipe-by-construction: the twin is scored with the verified cell's own recorded recipe, so its reference, buffer, and frame are that cell's by construction",4-map-gs,curator,20,grid-common-487,10,5,0.15,ready-after-materialise,union,,,,,outputs/grid-2026-08-18/verifier/g512_ov064/union_k10.geojson,,vote_count >= 5,inputs/vectors/references/mounds-reference.geojson,outputs/grid-2026-08-18/scoring/bounds/grid_common_bounds.geojson,evaluate_detections,results/uplift-supplement/verifier-pairing/grid-2026-08-18__g512-ov064-k10-verified-p0_15-k5,python scripts/materialise_pairing_twin.py --union outputs/grid-2026-08-18/verifier/g512_ov064/union_k10.geojson --min-votes 5 --expect-manifest outputs/grid-2026-08-18/verifier/g512_ov064/crops/candidate_manifest.json --output results/uplift-supplement/verifier-pairing/grid-2026-08-18__g512-ov064-k10-verified-p0_15-k5/twin-5of10.geojson,python scripts/evaluate_detections.py --detections results/uplift-supplement/verifier-pairing/grid-2026-08-18__g512-ov064-k10-verified-p0_15-k5/twin-5of10.geojson --ground-truth inputs/vectors/references/mounds-reference.geojson --bounds outputs/grid-2026-08-18/scoring/bounds/grid_common_bounds.geojson --buffers 20 --bootstrap 10000 --seed 42 --mcc --output-dir results/uplift-supplement/verifier-pairing/grid-2026-08-18__g512-ov064-k10-verified-p0_15-k5 --label grid-2026-08-18__g512-ov064-k10-verified-p0_15-k5-unverified,"the paired shell must be filtered out of the union before scoring; no API spend, no re-aggregation; union cross-checked against outputs/grid-2026-08-18/verifier/g512_ov064/crops/candidate_manifest.json"
pair::grid-2026-08-18::g512-ov256-k10-verified-p0.15-k9,grid-2026-08-18::g512-ov256-k10-verified-p0.15-k9,grid-2026-08-18,brief-text,4-map-gs|curator|20m|grid-common-487,4-map-gs|curator|20m|grid-common-487,"same-recipe-by-construction: the twin is scored with the verified cell's own recorded recipe, so its reference, buffer, and frame are that cell's by construction",4-map-gs,curator,20,grid-common-487,10,9,0.15,ready-after-materialise,union,,,,,outputs/grid-2026-08-18/verifier/g512_ov256/union_k10.geojson,,vote_count >= 9,inputs/vectors/references/mounds-reference.geojson,outputs/grid-2026-08-18/scoring/bounds/grid_common_bounds.geojson,evaluate_detections,results/uplift-supplement/verifier-pairing/grid-2026-08-18__g512-ov256-k10-verified-p0_15-k9,python scripts/materialise_pairing_twin.py --union outputs/grid-2026-08-18/verifier/g512_ov256/union_k10.geojson --min-votes 9 --expect-manifest outputs/grid-2026-08-18/verifier/g512_ov256/crops/candidate_manifest.json --output results/uplift-supplement/verifier-pairing/grid-2026-08-18__g512-ov256-k10-verified-p0_15-k9/twin-9of10.geojson,python scripts/evaluate_detections.py --detections results/uplift-supplement/verifier-pairing/grid-2026-08-18__g512-ov256-k10-verified-p0_15-k9/twin-9of10.geojson --ground-truth inputs/vectors/references/mounds-reference.geojson --bounds outputs/grid-2026-08-18/scoring/bounds/grid_common_bounds.geojson --buffers 20 --bootstrap 10000 --seed 42 --mcc --output-dir results/uplift-supplement/verifier-pairing/grid-2026-08-18__g512-ov256-k10-verified-p0_15-k9 --label grid-2026-08-18__g512-ov256-k10-verified-p0_15-k9-unverified,"the paired shell must be filtered out of the union before scoring; no API spend, no re-aggregation; union cross-checked against outputs/grid-2026-08-18/verifier/g512_ov256/crops/candidate_manifest.json"
pair::grid-2026-08-18::g384-ov048-k10-verified-p0.20-k7,grid-2026-08-18::g384-ov048-k10-verified-p0.20-k7,grid-2026-08-18,brief-text,4-map-gs|curator|20m|grid-common-487,4-map-gs|curator|20m|grid-common-487,"same-recipe-by-construction: the twin is scored with the verified cell's own recorded recipe, so its reference, buffer, and frame are that cell's by construction",4-map-gs,curator,20,grid-common-487,10,7,0.2,ready-after-materialise,union,,,,,outputs/grid-2026-08-18/verifier/g384_ov048/union_k10.geojson,,vote_count >= 7,inputs/vectors/references/mounds-reference.geojson,outputs/grid-2026-08-18/scoring/bounds/grid_common_bounds.geojson,evaluate_detections,results/uplift-supplement/verifier-pairing/grid-2026-08-18__g384-ov048-k10-verified-p0_20-k7,python scripts/materialise_pairing_twin.py --union outputs/grid-2026-08-18/verifier/g384_ov048/union_k10.geojson --min-votes 7 --expect-manifest outputs/grid-2026-08-18/verifier/g384_ov048/crops/candidate_manifest.json --output results/uplift-supplement/verifier-pairing/grid-2026-08-18__g384-ov048-k10-verified-p0_20-k7/twin-7of10.geojson,python scripts/evaluate_detections.py --detections results/uplift-supplement/verifier-pairing/grid-2026-08-18__g384-ov048-k10-verified-p0_20-k7/twin-7of10.geojson --ground-truth inputs/vectors/references/mounds-reference.geojson --bounds outputs/grid-2026-08-18/scoring/bounds/grid_common_bounds.geojson --buffers 20 --bootstrap 10000 --seed 42 --mcc --output-dir results/uplift-supplement/verifier-pairing/grid-2026-08-18__g384-ov048-k10-verified-p0_20-k7 --label grid-2026-08-18__g384-ov048-k10-verified-p0_20-k7-unverified,"the paired shell must be filtered out of the union before scoring; no API spend, no re-aggregation; union cross-checked against outputs/grid-2026-08-18/verifier/g384_ov048/crops/candidate_manifest.json"
pair::grid-2026-08-18::g384-ov192-k10-verified-p0.15-k10,grid-2026-08-18::g384-ov192-k10-verified-p0.15-k10,grid-2026-08-18,brief-text,4-map-gs|curator|20m|grid-common-487,4-map-gs|curator|20m|grid-common-487,derived-from-twin-cell,4-map-gs,curator,20,grid-common-487,10,10,0.15,already-registered,registered,,grid-2026-08-18::g384-ov192-k10-c2-k10,results/grid-2026-08-18/conditions/g384_ov192/detections.geojson,results/grid-2026-08-18/conditions/g384_ov192/eval/evaluation.json,,,,inputs/vectors/references/mounds-reference.geojson,outputs/grid-2026-08-18/scoring/bounds/grid_common_bounds.geojson,evaluate_detections,,,,the pre-verifier twin is already scored and registered
pair::grid-2026-08-18::g384-ov192-k10-verified37-p0.98-k10,grid-2026-08-18::g384-ov192-k10-verified37-p0.98-k10,grid-2026-08-18,brief-text,4-map-gs|curator|20m|grid-common-487,4-map-gs|curator|20m|grid-common-487,derived-from-twin-cell,4-map-gs,curator,20,grid-common-487,10,10,0.98,already-registered,registered,,grid-2026-08-18::g384-ov192-k10-c2-k10,results/grid-2026-08-18/conditions/g384_ov192/detections.geojson,results/grid-2026-08-18/conditions/g384_ov192/eval/evaluation.json,,,,inputs/vectors/references/mounds-reference.geojson,outputs/grid-2026-08-18/scoring/bounds/grid_common_bounds.geojson,evaluate_detections,,,,the pre-verifier twin is already scored and registered
pair::stride-phaseb-2026-08-25::g512-ov176-k10-verified-p0.15-k6,stride-phaseb-2026-08-25::g512-ov176-k10-verified-p0.15-k6,stride-phaseb-2026-08-25,g512_ov176,4-map-gs|curator|20m|grid-common-487,4-map-gs|curator|20m|grid-common-487,"same-recipe-by-construction: the twin is scored with the verified cell's own recorded recipe, so its reference, buffer, and frame are that cell's by construction",4-map-gs,curator,20,grid-common-487,10,6,0.15,ready-after-materialise,union,,,,,outputs/stride-phaseb-2026-08-25/verifier/g512_ov176/union_k10.geojson,,vote_count >= 6,inputs/vectors/references/mounds-reference.geojson,outputs/grid-2026-08-18/scoring/bounds/grid_common_bounds.geojson,evaluate_detections,results/uplift-supplement/verifier-pairing/stride-phaseb-2026-08-25__g512-ov176-k10-verified-p0_15-k6,python scripts/materialise_pairing_twin.py --union outputs/stride-phaseb-2026-08-25/verifier/g512_ov176/union_k10.geojson --min-votes 6 --expect-manifest outputs/stride-phaseb-2026-08-25/verifier/g512_ov176/crops/candidate_manifest.json --output results/uplift-supplement/verifier-pairing/stride-phaseb-2026-08-25__g512-ov176-k10-verified-p0_15-k6/twin-6of10.geojson,python scripts/evaluate_detections.py --detections results/uplift-supplement/verifier-pairing/stride-phaseb-2026-08-25__g512-ov176-k10-verified-p0_15-k6/twin-6of10.geojson --ground-truth inputs/vectors/references/mounds-reference.geojson --bounds outputs/grid-2026-08-18/scoring/bounds/grid_common_bounds.geojson --buffers 20 --bootstrap 10000 --seed 42 --mcc --output-dir results/uplift-supplement/verifier-pairing/stride-phaseb-2026-08-25__g512-ov176-k10-verified-p0_15-k6 --label stride-phaseb-2026-08-25__g512-ov176-k10-verified-p0_15-k6-unverified,"the paired shell must be filtered out of the union before scoring; no API spend, no re-aggregation; union cross-checked against outputs/stride-phaseb-2026-08-25/verifier/g512_ov176/crops/candidate_manifest.json"
pair::stride-phaseb-2026-08-25::g384-ov128-k10-verified-p0.15-k8,stride-phaseb-2026-08-25::g384-ov128-k10-verified-p0.15-k8,stride-phaseb-2026-08-25,g384_ov128,4-map-gs|curator|20m|grid-common-487,4-map-gs|curator|20m|grid-common-487,"same-recipe-by-construction: the twin is scored with the verified cell's own recorded recipe, so its reference, buffer, and frame are that cell's by construction",4-map-gs,curator,20,grid-common-487,10,8,0.15,ready-after-materialise,union,,,,,outputs/stride-phaseb-2026-08-25/verifier/g384_ov128/union_k10.geojson,,vote_count >= 8,inputs/vectors/references/mounds-reference.geojson,outputs/grid-2026-08-18/scoring/bounds/grid_common_bounds.geojson,evaluate_detections,results/uplift-supplement/verifier-pairing/stride-phaseb-2026-08-25__g384-ov128-k10-verified-p0_15-k8,python scripts/materialise_pairing_twin.py --union outputs/stride-phaseb-2026-08-25/verifier/g384_ov128/union_k10.geojson --min-votes 8 --expect-manifest outputs/stride-phaseb-2026-08-25/verifier/g384_ov128/crops/candidate_manifest.json --output results/uplift-supplement/verifier-pairing/stride-phaseb-2026-08-25__g384-ov128-k10-verified-p0_15-k8/twin-8of10.geojson,python scripts/evaluate_detections.py --detections results/uplift-supplement/verifier-pairing/stride-phaseb-2026-08-25__g384-ov128-k10-verified-p0_15-k8/twin-8of10.geojson --ground-truth inputs/vectors/references/mounds-reference.geojson --bounds outputs/grid-2026-08-18/scoring/bounds/grid_common_bounds.geojson --buffers 20 --bootstrap 10000 --seed 42 --mcc --output-dir results/uplift-supplement/verifier-pairing/stride-phaseb-2026-08-25__g384-ov128-k10-verified-p0_15-k8 --label stride-phaseb-2026-08-25__g384-ov128-k10-verified-p0_15-k8-unverified,"the paired shell must be filtered out of the union before scoring; no API spend, no re-aggregation; union cross-checked against outputs/stride-phaseb-2026-08-25/verifier/g384_ov128/crops/candidate_manifest.json"
pair::stride-phaseb-2026-08-25::g256-ov064-k10-verified-p0.15-k8,stride-phaseb-2026-08-25::g256-ov064-k10-verified-p0.15-k8,stride-phaseb-2026-08-25,g256_ov064,4-map-gs|curator|20m|grid-common-487,4-map-gs|curator|20m|grid-common-487,"same-recipe-by-construction: the twin is scored with the verified cell's own recorded recipe, so its reference, buffer, and frame are that cell's by construction",4-map-gs,curator,20,grid-common-487,10,8,0.15,ready-after-materialise,union,,,,,outputs/stride-phaseb-2026-08-25/verifier/g256_ov064/union_k10.geojson,,vote_count >= 8,inputs/vectors/references/mounds-reference.geojson,outputs/grid-2026-08-18/scoring/bounds/grid_common_bounds.geojson,evaluate_detections,results/uplift-supplement/verifier-pairing/stride-phaseb-2026-08-25__g256-ov064-k10-verified-p0_15-k8,python scripts/materialise_pairing_twin.py --union outputs/stride-phaseb-2026-08-25/verifier/g256_ov064/union_k10.geojson --min-votes 8 --expect-manifest outputs/stride-phaseb-2026-08-25/verifier/g256_ov064/crops/candidate_manifest.json --output results/uplift-supplement/verifier-pairing/stride-phaseb-2026-08-25__g256-ov064-k10-verified-p0_15-k8/twin-8of10.geojson,python scripts/evaluate_detections.py --detections results/uplift-supplement/verifier-pairing/stride-phaseb-2026-08-25__g256-ov064-k10-verified-p0_15-k8/twin-8of10.geojson --ground-truth inputs/vectors/references/mounds-reference.geojson --bounds outputs/grid-2026-08-18/scoring/bounds/grid_common_bounds.geojson --buffers 20 --bootstrap 10000 --seed 42 --mcc --output-dir results/uplift-supplement/verifier-pairing/stride-phaseb-2026-08-25__g256-ov064-k10-verified-p0_15-k8 --label stride-phaseb-2026-08-25__g256-ov064-k10-verified-p0_15-k8-unverified,"the paired shell must be filtered out of the union before scoring; no API spend, no re-aggregation; union cross-checked against outputs/stride-phaseb-2026-08-25/verifier/g256_ov064/crops/candidate_manifest.json"
pair::stride-phaseb-2026-08-25::g512-ov320-k10-verified-p0.15-k10,stride-phaseb-2026-08-25::g512-ov320-k10-verified-p0.15-k10,stride-phaseb-2026-08-25,g512_ov320,4-map-gs|curator|20m|grid-common-487,4-map-gs|curator|20m|grid-common-487,"same-recipe-by-construction: the twin is scored with the verified cell's own recorded recipe, so its reference, buffer, and frame are that cell's by construction",4-map-gs,curator,20,grid-common-487,10,10,0.15,ready-after-materialise,union,,,,,outputs/stride-phaseb-2026-08-25/verifier/g512_ov320/union_k10.geojson,,vote_count >= 10,inputs/vectors/references/mounds-reference.geojson,outputs/grid-2026-08-18/scoring/bounds/grid_common_bounds.geojson,evaluate_detections,results/uplift-supplement/verifier-pairing/stride-phaseb-2026-08-25__g512-ov320-k10-verified-p0_15-k10,python scripts/materialise_pairing_twin.py --union outputs/stride-phaseb-2026-08-25/verifier/g512_ov320/union_k10.geojson --min-votes 10 --expect-manifest outputs/stride-phaseb-2026-08-25/verifier/g512_ov320/crops/candidate_manifest.json --output results/uplift-supplement/verifier-pairing/stride-phaseb-2026-08-25__g512-ov320-k10-verified-p0_15-k10/twin-10of10.geojson,python scripts/evaluate_detections.py --detections results/uplift-supplement/verifier-pairing/stride-phaseb-2026-08-25__g512-ov320-k10-verified-p0_15-k10/twin-10of10.geojson --ground-truth inputs/vectors/references/mounds-reference.geojson --bounds outputs/grid-2026-08-18/scoring/bounds/grid_common_bounds.geojson --buffers 20 --bootstrap 10000 --seed 42 --mcc --output-dir results/uplift-supplement/verifier-pairing/stride-phaseb-2026-08-25__g512-ov320-k10-verified-p0_15-k10 --label stride-phaseb-2026-08-25__g512-ov320-k10-verified-p0_15-k10-unverified,"the paired shell must be filtered out of the union before scoring; no API spend, no re-aggregation; union cross-checked against outputs/stride-phaseb-2026-08-25/verifier/g512_ov320/crops/candidate_manifest.json"
pair::stride-phaseb-2026-08-25::g384-ov128-ladder-n1-verified-p0.15-k1,stride-phaseb-2026-08-25::g384-ov128-ladder-n1-verified-p0.15-k1,stride-phaseb-2026-08-25,g384_ov128,4-map-gs|curator|20m|grid-common-487,4-map-gs|curator|20m|grid-common-487,"same-recipe-by-construction: the twin is scored with the verified cell's own recorded recipe, so its reference, buffer, and frame are that cell's by construction",4-map-gs,curator,20,grid-common-487,1,1,0.15,ready-after-materialise,union,,,,,outputs/stride-phaseb-2026-08-25/verifier/g384_ov128/union_k1.geojson,,vote_count >= 1,inputs/vectors/references/mounds-reference.geojson,outputs/grid-2026-08-18/scoring/bounds/grid_common_bounds.geojson,evaluate_detections,results/uplift-supplement/verifier-pairing/stride-phaseb-2026-08-25__g384-ov128-ladder-n1-verified-p0_15-k1,python scripts/materialise_pairing_twin.py --union outputs/stride-phaseb-2026-08-25/verifier/g384_ov128/union_k1.geojson --min-votes 1 --expect-manifest outputs/stride-phaseb-2026-08-25/verifier/g384_ov128/crops_k1/candidate_manifest.json --output results/uplift-supplement/verifier-pairing/stride-phaseb-2026-08-25__g384-ov128-ladder-n1-verified-p0_15-k1/twin-1of1.geojson,python scripts/evaluate_detections.py --detections results/uplift-supplement/verifier-pairing/stride-phaseb-2026-08-25__g384-ov128-ladder-n1-verified-p0_15-k1/twin-1of1.geojson --ground-truth inputs/vectors/references/mounds-reference.geojson --bounds outputs/grid-2026-08-18/scoring/bounds/grid_common_bounds.geojson --buffers 20 --bootstrap 10000 --seed 42 --mcc --output-dir results/uplift-supplement/verifier-pairing/stride-phaseb-2026-08-25__g384-ov128-ladder-n1-verified-p0_15-k1 --label stride-phaseb-2026-08-25__g384-ov128-ladder-n1-verified-p0_15-k1-unverified,"the paired shell must be filtered out of the union before scoring; no API spend, no re-aggregation; union cross-checked against outputs/stride-phaseb-2026-08-25/verifier/g384_ov128/crops_k1/candidate_manifest.json"
pair::stride-phaseb-2026-08-25::g384-ov128-ladder-n3-verified-p0.15-k3,stride-phaseb-2026-08-25::g384-ov128-ladder-n3-verified-p0.15-k3,stride-phaseb-2026-08-25,g384_ov128,4-map-gs|curator|20m|grid-common-487,4-map-gs|curator|20m|grid-common-487,"same-recipe-by-construction: the twin is scored with the verified cell's own recorded recipe, so its reference, buffer, and frame are that cell's by construction",4-map-gs,curator,20,grid-common-487,3,3,0.15,ready-after-materialise,union,,,,,outputs/stride-phaseb-2026-08-25/verifier/g384_ov128/union_k3.geojson,,vote_count >= 3,inputs/vectors/references/mounds-reference.geojson,outputs/grid-2026-08-18/scoring/bounds/grid_common_bounds.geojson,evaluate_detections,results/uplift-supplement/verifier-pairing/stride-phaseb-2026-08-25__g384-ov128-ladder-n3-verified-p0_15-k3,python scripts/materialise_pairing_twin.py --union outputs/stride-phaseb-2026-08-25/verifier/g384_ov128/union_k3.geojson --min-votes 3 --expect-manifest outputs/stride-phaseb-2026-08-25/verifier/g384_ov128/crops_k3/candidate_manifest.json --output results/uplift-supplement/verifier-pairing/stride-phaseb-2026-08-25__g384-ov128-ladder-n3-verified-p0_15-k3/twin-3of3.geojson,python scripts/evaluate_detections.py --detections results/uplift-supplement/verifier-pairing/stride-phaseb-2026-08-25__g384-ov128-ladder-n3-verified-p0_15-k3/twin-3of3.geojson --ground-truth inputs/vectors/references/mounds-reference.geojson --bounds outputs/grid-2026-08-18/scoring/bounds/grid_common_bounds.geojson --buffers 20 --bootstrap 10000 --seed 42 --mcc --output-dir results/uplift-supplement/verifier-pairing/stride-phaseb-2026-08-25__g384-ov128-ladder-n3-verified-p0_15-k3 --label stride-phaseb-2026-08-25__g384-ov128-ladder-n3-verified-p0_15-k3-unverified,"the paired shell must be filtered out of the union before scoring; no API spend, no re-aggregation; union cross-checked against outputs/stride-phaseb-2026-08-25/verifier/g384_ov128/crops_k3/candidate_manifest.json"
pair::stride-phaseb-2026-08-25::g384-ov128-ladder-n5-verified-p0.15-k4,stride-phaseb-2026-08-25::g384-ov128-ladder-n5-verified-p0.15-k4,stride-phaseb-2026-08-25,g384_ov128,4-map-gs|curator|20m|grid-common-487,4-map-gs|curator|20m|grid-common-487,"same-recipe-by-construction: the twin is scored with the verified cell's own recorded recipe, so its reference, buffer, and frame are that cell's by construction",4-map-gs,curator,20,grid-common-487,5,4,0.15,ready-after-materialise,union,,,,,outputs/stride-phaseb-2026-08-25/verifier/g384_ov128/union_k5.geojson,,vote_count >= 4,inputs/vectors/references/mounds-reference.geojson,outputs/grid-2026-08-18/scoring/bounds/grid_common_bounds.geojson,evaluate_detections,results/uplift-supplement/verifier-pairing/stride-phaseb-2026-08-25__g384-ov128-ladder-n5-verified-p0_15-k4,python scripts/materialise_pairing_twin.py --union outputs/stride-phaseb-2026-08-25/verifier/g384_ov128/union_k5.geojson --min-votes 4 --expect-manifest outputs/stride-phaseb-2026-08-25/verifier/g384_ov128/crops_k5/candidate_manifest.json --output results/uplift-supplement/verifier-pairing/stride-phaseb-2026-08-25__g384-ov128-ladder-n5-verified-p0_15-k4/twin-4of5.geojson,python scripts/evaluate_detections.py --detections results/uplift-supplement/verifier-pairing/stride-phaseb-2026-08-25__g384-ov128-ladder-n5-verified-p0_15-k4/twin-4of5.geojson --ground-truth inputs/vectors/references/mounds-reference.geojson --bounds outputs/grid-2026-08-18/scoring/bounds/grid_common_bounds.geojson --buffers 20 --bootstrap 10000 --seed 42 --mcc --output-dir results/uplift-supplement/verifier-pairing/stride-phaseb-2026-08-25__g384-ov128-ladder-n5-verified-p0_15-k4 --label stride-phaseb-2026-08-25__g384-ov128-ladder-n5-verified-p0_15-k4-unverified,"the paired shell must be filtered out of the union before scoring; no API spend, no re-aggregation; union cross-checked against outputs/stride-phaseb-2026-08-25/verifier/g384_ov128/crops_k5/candidate_manifest.json"
pair::stride-phasec-2026-08-25::g384-ov240-k10-verified-p0.15-k10,stride-phasec-2026-08-25::g384-ov240-k10-verified-p0.15-k10,stride-phasec-2026-08-25,g384_ov240,4-map-gs|curator|20m|grid-common-487,4-map-gs|curator|20m|grid-common-487,"same-recipe-by-construction: the twin is scored with the verified cell's own recorded recipe, so its reference, buffer, and frame are that cell's by construction",4-map-gs,curator,20,grid-common-487,10,10,0.15,ready-after-materialise,union,,,,,outputs/stride-phasec-2026-08-25/verifier/g384_ov240/union_k10.geojson,,vote_count >= 10,inputs/vectors/references/mounds-reference.geojson,outputs/grid-2026-08-18/scoring/bounds/grid_common_bounds.geojson,evaluate_detections,results/uplift-supplement/verifier-pairing/stride-phasec-2026-08-25__g384-ov240-k10-verified-p0_15-k10,python scripts/materialise_pairing_twin.py --union outputs/stride-phasec-2026-08-25/verifier/g384_ov240/union_k10.geojson --min-votes 10 --expect-manifest outputs/stride-phasec-2026-08-25/verifier/g384_ov240/crops/candidate_manifest.json --output results/uplift-supplement/verifier-pairing/stride-phasec-2026-08-25__g384-ov240-k10-verified-p0_15-k10/twin-10of10.geojson,python scripts/evaluate_detections.py --detections results/uplift-supplement/verifier-pairing/stride-phasec-2026-08-25__g384-ov240-k10-verified-p0_15-k10/twin-10of10.geojson --ground-truth inputs/vectors/references/mounds-reference.geojson --bounds outputs/grid-2026-08-18/scoring/bounds/grid_common_bounds.geojson --buffers 20 --bootstrap 10000 --seed 42 --mcc --output-dir results/uplift-supplement/verifier-pairing/stride-phasec-2026-08-25__g384-ov240-k10-verified-p0_15-k10 --label stride-phasec-2026-08-25__g384-ov240-k10-verified-p0_15-k10-unverified,"the paired shell must be filtered out of the union before scoring; no API spend, no re-aggregation; union cross-checked against outputs/stride-phasec-2026-08-25/verifier/g384_ov240/crops/candidate_manifest.json"
pair::stride-55map-2026-08-25::g384-ov128-55map-verified-carried-p0.15-k8-canonical-gt,stride-55map-2026-08-25::g384-ov128-55map-verified-carried-p0.15-k8-canonical-gt,stride-55map-2026-08-25,g384_ov128_55map,55-map|canonical|50m|55maps-8541,55-map|canonical|50m|55maps-8541,"same-recipe-by-construction: the twin is scored with the verified cell's own recorded recipe, so its reference, buffer, and frame are that cell's by construction",55-map,canonical,50,55maps-8541,10,8,0.15,ready-after-materialise,union,,,,,outputs/stride-55map-2026-08-25/verifier/g384_ov128_55map/union_k10.geojson,,vote_count >= 8,inputs/vectors/references/canonical-gt-55maps-r50.geojson,inputs/vectors/bounds/384/55maps_evaluation_bounds.geojson,corrected_f1_multi_buffer,results/uplift-supplement/verifier-pairing/stride-55map-2026-08-25__g384-ov128-55map-verified-carried-p0_15-k8-canonical-gt,python scripts/materialise_pairing_twin.py --union outputs/stride-55map-2026-08-25/verifier/g384_ov128_55map/union_k10.geojson --min-votes 8 --expect-manifest outputs/stride-55map-2026-08-25/verifier/g384_ov128_55map/crops/candidate_manifest.json --output results/uplift-supplement/verifier-pairing/stride-55map-2026-08-25__g384-ov128-55map-verified-carried-p0_15-k8-canonical-gt/twin-8of10.geojson,python scripts/compute_corrected_f1_multi_buffer.py --verified-detections results/uplift-supplement/verifier-pairing/stride-55map-2026-08-25__g384-ov128-55map-verified-carried-p0_15-k8-canonical-gt/twin-8of10.geojson --student-gt inputs/vectors/references/student-mounds-55maps-reviewed.geojson --bounds inputs/vectors/bounds/384/55maps_evaluation_bounds.geojson --buffers 20 30 50 --n-bootstrap 10000 --seed 42 --compute-mcc --output-dir results/uplift-supplement/verifier-pairing/stride-55map-2026-08-25__g384-ov128-55map-verified-carried-p0_15-k8-canonical-gt --review-yesterday results/stride55-2026-08-27/empty-yesterday-review.csv --review-today results/deployment-oracle-2026-06-06/canonical-gt/canonical-review.csv,"the paired shell must be filtered out of the union before scoring; no API spend, no re-aggregation; union cross-checked against outputs/stride-55map-2026-08-25/verifier/g384_ov128_55map/crops/candidate_manifest.json"
pair::stride-55map-2026-08-25::g384-ov128-55map-verified-oracle-p0.15-k7-canonical-gt,stride-55map-2026-08-25::g384-ov128-55map-verified-oracle-p0.15-k7-canonical-gt,stride-55map-2026-08-25,g384_ov128_55map,55-map|canonical|50m|55maps-8541,55-map|canonical|50m|55maps-8541,"same-recipe-by-construction: the twin is scored with the verified cell's own recorded recipe, so its reference, buffer, and frame are that cell's by construction",55-map,canonical,50,55maps-8541,10,7,0.15,ready-after-materialise,union,,,,,outputs/stride-55map-2026-08-25/verifier/g384_ov128_55map/union_k10.geojson,,vote_count >= 7,inputs/vectors/references/canonical-gt-55maps-r50.geojson,inputs/vectors/bounds/384/55maps_evaluation_bounds.geojson,corrected_f1_multi_buffer,results/uplift-supplement/verifier-pairing/stride-55map-2026-08-25__g384-ov128-55map-verified-oracle-p0_15-k7-canonical-gt,python scripts/materialise_pairing_twin.py --union outputs/stride-55map-2026-08-25/verifier/g384_ov128_55map/union_k10.geojson --min-votes 7 --expect-manifest outputs/stride-55map-2026-08-25/verifier/g384_ov128_55map/crops/candidate_manifest.json --output results/uplift-supplement/verifier-pairing/stride-55map-2026-08-25__g384-ov128-55map-verified-oracle-p0_15-k7-canonical-gt/twin-7of10.geojson,python scripts/compute_corrected_f1_multi_buffer.py --verified-detections results/uplift-supplement/verifier-pairing/stride-55map-2026-08-25__g384-ov128-55map-verified-oracle-p0_15-k7-canonical-gt/twin-7of10.geojson --student-gt inputs/vectors/references/student-mounds-55maps-reviewed.geojson --bounds inputs/vectors/bounds/384/55maps_evaluation_bounds.geojson --buffers 20 30 50 --n-bootstrap 10000 --seed 42 --compute-mcc --output-dir results/uplift-supplement/verifier-pairing/stride-55map-2026-08-25__g384-ov128-55map-verified-oracle-p0_15-k7-canonical-gt --review-yesterday results/stride55-2026-08-27/empty-yesterday-review.csv --review-today results/deployment-oracle-2026-06-06/canonical-gt/canonical-review.csv,"the paired shell must be filtered out of the union before scoring; no API spend, no re-aggregation; union cross-checked against outputs/stride-55map-2026-08-25/verifier/g384_ov128_55map/crops/candidate_manifest.json"
pair::stride-55map-2026-08-25::g384-ov192-55map-verified-carried-p0.15-k10-canonical-gt,stride-55map-2026-08-25::g384-ov192-55map-verified-carried-p0.15-k10-canonical-gt,stride-55map-2026-08-25,g384_ov192_55map,55-map|canonical|50m|55maps-8541,55-map|canonical|50m|55maps-8541,"same-recipe-by-construction: the twin is scored with the verified cell's own recorded recipe, so its reference, buffer, and frame are that cell's by construction",55-map,canonical,50,55maps-8541,10,10,0.15,ready-after-materialise,union,,,,,outputs/stride-55map-2026-08-25/verifier/g384_ov192_55map/union_k10.geojson,,vote_count >= 10,inputs/vectors/references/canonical-gt-55maps-r50.geojson,inputs/vectors/bounds/384/55maps_evaluation_bounds.geojson,corrected_f1_multi_buffer,results/uplift-supplement/verifier-pairing/stride-55map-2026-08-25__g384-ov192-55map-verified-carried-p0_15-k10-canonical-gt,python scripts/materialise_pairing_twin.py --union outputs/stride-55map-2026-08-25/verifier/g384_ov192_55map/union_k10.geojson --min-votes 10 --expect-manifest outputs/stride-55map-2026-08-25/verifier/g384_ov192_55map/crops/candidate_manifest.json --output results/uplift-supplement/verifier-pairing/stride-55map-2026-08-25__g384-ov192-55map-verified-carried-p0_15-k10-canonical-gt/twin-10of10.geojson,python scripts/compute_corrected_f1_multi_buffer.py --verified-detections results/uplift-supplement/verifier-pairing/stride-55map-2026-08-25__g384-ov192-55map-verified-carried-p0_15-k10-canonical-gt/twin-10of10.geojson --student-gt inputs/vectors/references/student-mounds-55maps-reviewed.geojson --bounds inputs/vectors/bounds/384/55maps_evaluation_bounds.geojson --buffers 20 30 50 --n-bootstrap 10000 --seed 42 --compute-mcc --output-dir results/uplift-supplement/verifier-pairing/stride-55map-2026-08-25__g384-ov192-55map-verified-carried-p0_15-k10-canonical-gt --review-yesterday results/stride55-2026-08-27/empty-yesterday-review.csv --review-today results/deployment-oracle-2026-06-06/canonical-gt/canonical-review.csv,"the paired shell must be filtered out of the union before scoring; no API spend, no re-aggregation; union cross-checked against outputs/stride-55map-2026-08-25/verifier/g384_ov192_55map/crops/candidate_manifest.json"
pair::stride-55map-2026-08-25::g384-ov192-55map-verified-oracle-p0.20-k9-canonical-gt,stride-55map-2026-08-25::g384-ov192-55map-verified-oracle-p0.20-k9-canonical-gt,stride-55map-2026-08-25,g384_ov192_55map,55-map|canonical|50m|55maps-8541,55-map|canonical|50m|55maps-8541,"same-recipe-by-construction: the twin is scored with the verified cell's own recorded recipe, so its reference, buffer, and frame are that cell's by construction",55-map,canonical,50,55maps-8541,10,9,0.2,ready-after-materialise,union,,,,,outputs/stride-55map-2026-08-25/verifier/g384_ov192_55map/union_k10.geojson,,vote_count >= 9,inputs/vectors/references/canonical-gt-55maps-r50.geojson,inputs/vectors/bounds/384/55maps_evaluation_bounds.geojson,corrected_f1_multi_buffer,results/uplift-supplement/verifier-pairing/stride-55map-2026-08-25__g384-ov192-55map-verified-oracle-p0_20-k9-canonical-gt,python scripts/materialise_pairing_twin.py --union outputs/stride-55map-2026-08-25/verifier/g384_ov192_55map/union_k10.geojson --min-votes 9 --expect-manifest outputs/stride-55map-2026-08-25/verifier/g384_ov192_55map/crops/candidate_manifest.json --output results/uplift-supplement/verifier-pairing/stride-55map-2026-08-25__g384-ov192-55map-verified-oracle-p0_20-k9-canonical-gt/twin-9of10.geojson,python scripts/compute_corrected_f1_multi_buffer.py --verified-detections results/uplift-supplement/verifier-pairing/stride-55map-2026-08-25__g384-ov192-55map-verified-oracle-p0_20-k9-canonical-gt/twin-9of10.geojson --student-gt inputs/vectors/references/student-mounds-55maps-reviewed.geojson --bounds inputs/vectors/bounds/384/55maps_evaluation_bounds.geojson --buffers 20 30 50 --n-bootstrap 10000 --seed 42 --compute-mcc --output-dir results/uplift-supplement/verifier-pairing/stride-55map-2026-08-25__g384-ov192-55map-verified-oracle-p0_20-k9-canonical-gt --review-yesterday results/stride55-2026-08-27/empty-yesterday-review.csv --review-today results/deployment-oracle-2026-06-06/canonical-gt/canonical-review.csv,"the paired shell must be filtered out of the union before scoring; no API spend, no re-aggregation; union cross-checked against outputs/stride-55map-2026-08-25/verifier/g384_ov192_55map/crops/candidate_manifest.json"
pair::stride-55map-2026-08-25::g384-ov128-55map-n10-oracle-p0.15-k7-standardised-gt,stride-55map-2026-08-25::g384-ov128-55map-n10-oracle-p0.15-k7-standardised-gt,stride-55map-2026-08-25,g384_ov128_55map,55-map|standardised|50m|55maps-8541,55-map|standardised|50m|55maps-8541,"same-recipe-by-construction: the twin is scored with the verified cell's own recorded recipe, so its reference, buffer, and frame are that cell's by construction",55-map,standardised,50,55maps-8541,10,7,0.15,ready-after-materialise,union,,,,,outputs/stride-55map-2026-08-25/verifier/g384_ov128_55map/union_k10.geojson,,vote_count >= 7,inputs/vectors/references/best-available-gt-55maps.geojson,inputs/vectors/bounds/384/55maps_evaluation_bounds.geojson,evaluate_detections,results/uplift-supplement/verifier-pairing/stride-55map-2026-08-25__g384-ov128-55map-n10-oracle-p0_15-k7-standardised-gt,python scripts/materialise_pairing_twin.py --union outputs/stride-55map-2026-08-25/verifier/g384_ov128_55map/union_k10.geojson --min-votes 7 --expect-manifest outputs/stride-55map-2026-08-25/verifier/g384_ov128_55map/crops/candidate_manifest.json --output results/uplift-supplement/verifier-pairing/stride-55map-2026-08-25__g384-ov128-55map-n10-oracle-p0_15-k7-standardised-gt/twin-7of10.geojson,python scripts/evaluate_detections.py --detections results/uplift-supplement/verifier-pairing/stride-55map-2026-08-25__g384-ov128-55map-n10-oracle-p0_15-k7-standardised-gt/twin-7of10.geojson --ground-truth inputs/vectors/references/best-available-gt-55maps.geojson --bounds inputs/vectors/bounds/384/55maps_evaluation_bounds.geojson --buffers 5 10 15 20 25 30 35 40 45 50 75 100 125 150 --bootstrap 10000 --seed 42 --mcc --output-dir results/uplift-supplement/verifier-pairing/stride-55map-2026-08-25__g384-ov128-55map-n10-oracle-p0_15-k7-standardised-gt --label stride-55map-2026-08-25__g384-ov128-55map-n10-oracle-p0_15-k7-standardised-gt-unverified,"the paired shell must be filtered out of the union before scoring; no API spend, no re-aggregation; union cross-checked against outputs/stride-55map-2026-08-25/verifier/g384_ov128_55map/crops/candidate_manifest.json"
pair::stride-55map-2026-08-25::g384-ov128-55map-n10-carried-p0.15-k8-standardised-gt,stride-55map-2026-08-25::g384-ov128-55map-n10-carried-p0.15-k8-standardised-gt,stride-55map-2026-08-25,g384_ov128_55map,55-map|standardised|50m|55maps-8541,55-map|standardised|50m|55maps-8541,"same-recipe-by-construction: the twin is scored with the verified cell's own recorded recipe, so its reference, buffer, and frame are that cell's by construction",55-map,standardised,50,55maps-8541,10,8,0.15,ready-after-materialise,union,,,,,outputs/stride-55map-2026-08-25/verifier/g384_ov128_55map/union_k10.geojson,,vote_count >= 8,inputs/vectors/references/best-available-gt-55maps.geojson,inputs/vectors/bounds/384/55maps_evaluation_bounds.geojson,evaluate_detections,results/uplift-supplement/verifier-pairing/stride-55map-2026-08-25__g384-ov128-55map-n10-carried-p0_15-k8-standardised-gt,python scripts/materialise_pairing_twin.py --union outputs/stride-55map-2026-08-25/verifier/g384_ov128_55map/union_k10.geojson --min-votes 8 --expect-manifest outputs/stride-55map-2026-08-25/verifier/g384_ov128_55map/crops/candidate_manifest.json --output results/uplift-supplement/verifier-pairing/stride-55map-2026-08-25__g384-ov128-55map-n10-carried-p0_15-k8-standardised-gt/twin-8of10.geojson,python scripts/evaluate_detections.py --detections results/uplift-supplement/verifier-pairing/stride-55map-2026-08-25__g384-ov128-55map-n10-carried-p0_15-k8-standardised-gt/twin-8of10.geojson --ground-truth inputs/vectors/references/best-available-gt-55maps.geojson --bounds inputs/vectors/bounds/384/55maps_evaluation_bounds.geojson --buffers 5 10 15 20 25 30 35 40 45 50 75 100 125 150 --bootstrap 10000 --seed 42 --mcc --output-dir results/uplift-supplement/verifier-pairing/stride-55map-2026-08-25__g384-ov128-55map-n10-carried-p0_15-k8-standardised-gt --label stride-55map-2026-08-25__g384-ov128-55map-n10-carried-p0_15-k8-standardised-gt-unverified,"the paired shell must be filtered out of the union before scoring; no API spend, no re-aggregation; union cross-checked against outputs/stride-55map-2026-08-25/verifier/g384_ov128_55map/crops/candidate_manifest.json"
pair::stride-55map-2026-08-25::g384-ov128-55map-n1-oracle-p0.20-k1-standardised-gt,stride-55map-2026-08-25::g384-ov128-55map-n1-oracle-p0.20-k1-standardised-gt,stride-55map-2026-08-25,g384_ov128_55map,55-map|standardised|50m|55maps-8541,55-map|standardised|50m|55maps-8541,"same-recipe-by-construction: the twin is scored with the verified cell's own recorded recipe, so its reference, buffer, and frame are that cell's by construction",55-map,standardised,50,55maps-8541,1,1,0.2,ready,first-n-recluster,,,results/uplift-supplement/verifier-pairing/first-n/g384_ov128_55map-n1-k1/twin.geojson,,,,"vote_count >= 1 at prob_t = 0.0, over clusters re-built from passes[:1]",inputs/vectors/references/best-available-gt-55maps.geojson,inputs/vectors/bounds/384/55maps_evaluation_bounds.geojson,evaluate_detections,results/uplift-supplement/verifier-pairing/stride-55map-2026-08-25__g384-ov128-55map-n1-oracle-p0_20-k1-standardised-gt,,python scripts/evaluate_detections.py --detections results/uplift-supplement/verifier-pairing/first-n/g384_ov128_55map-n1-k1/twin.geojson --ground-truth inputs/vectors/references/best-available-gt-55maps.geojson --bounds inputs/vectors/bounds/384/55maps_evaluation_bounds.geojson --buffers 5 10 15 20 25 30 35 40 45 50 75 100 125 150 --bootstrap 10000 --seed 42 --mcc --output-dir results/uplift-supplement/verifier-pairing/stride-55map-2026-08-25__g384-ov128-55map-n1-oracle-p0_20-k1-standardised-gt --label stride-55map-2026-08-25__g384-ov128-55map-n1-oracle-p0_20-k1-standardised-gt-unverified,"twin derived by re-clustering passes[:1] exactly as scripts/stride55_ladder.py builds the rung, then taking the shell vote_count >= 1 at prob_t = 0.0; 18162 features, gated against the rung's recorded pre-verifier count (results/55map-final-board-2026-08-27/sweep_A-N1.csv + results/55map-final-board-r2-2026-09-06/sweep_A-N1.csv) and against a full-K rebuild of the committed union (38713 features, max centroid drift 0.069 m)"
pair::stride-55map-2026-08-25::g384-ov128-55map-n3-oracle-p0.20-k2-standardised-gt,stride-55map-2026-08-25::g384-ov128-55map-n3-oracle-p0.20-k2-standardised-gt,stride-55map-2026-08-25,g384_ov128_55map,55-map|standardised|50m|55maps-8541,55-map|standardised|50m|55maps-8541,"same-recipe-by-construction: the twin is scored with the verified cell's own recorded recipe, so its reference, buffer, and frame are that cell's by construction",55-map,standardised,50,55maps-8541,3,2,0.2,ready,first-n-recluster,,,results/uplift-supplement/verifier-pairing/first-n/g384_ov128_55map-n3-k2/twin.geojson,,,,"vote_count >= 2 at prob_t = 0.0, over clusters re-built from passes[:3]",inputs/vectors/references/best-available-gt-55maps.geojson,inputs/vectors/bounds/384/55maps_evaluation_bounds.geojson,evaluate_detections,results/uplift-supplement/verifier-pairing/stride-55map-2026-08-25__g384-ov128-55map-n3-oracle-p0_20-k2-standardised-gt,,python scripts/evaluate_detections.py --detections results/uplift-supplement/verifier-pairing/first-n/g384_ov128_55map-n3-k2/twin.geojson --ground-truth inputs/vectors/references/best-available-gt-55maps.geojson --bounds inputs/vectors/bounds/384/55maps_evaluation_bounds.geojson --buffers 5 10 15 20 25 30 35 40 45 50 75 100 125 150 --bootstrap 10000 --seed 42 --mcc --output-dir results/uplift-supplement/verifier-pairing/stride-55map-2026-08-25__g384-ov128-55map-n3-oracle-p0_20-k2-standardised-gt --label stride-55map-2026-08-25__g384-ov128-55map-n3-oracle-p0_20-k2-standardised-gt-unverified,"twin derived by re-clustering passes[:3] exactly as scripts/stride55_ladder.py builds the rung, then taking the shell vote_count >= 2 at prob_t = 0.0; 16808 features, gated against the rung's recorded pre-verifier count (results/55map-final-board-2026-08-27/sweep_A-N3.csv + results/55map-final-board-r2-2026-09-06/sweep_A-N3.csv) and against a full-K rebuild of the committed union (38713 features, max centroid drift 0.069 m)"
pair::stride-55map-2026-08-25::g384-ov128-55map-n5-oracle-p0.15-k4-standardised-gt,stride-55map-2026-08-25::g384-ov128-55map-n5-oracle-p0.15-k4-standardised-gt,stride-55map-2026-08-25,g384_ov128_55map,55-map|standardised|50m|55maps-8541,55-map|standardised|50m|55maps-8541,"same-recipe-by-construction: the twin is scored with the verified cell's own recorded recipe, so its reference, buffer, and frame are that cell's by construction",55-map,standardised,50,55maps-8541,5,4,0.15,ready,first-n-recluster,,,results/uplift-supplement/verifier-pairing/first-n/g384_ov128_55map-n5-k4/twin.geojson,,,,"vote_count >= 4 at prob_t = 0.0, over clusters re-built from passes[:5]",inputs/vectors/references/best-available-gt-55maps.geojson,inputs/vectors/bounds/384/55maps_evaluation_bounds.geojson,evaluate_detections,results/uplift-supplement/verifier-pairing/stride-55map-2026-08-25__g384-ov128-55map-n5-oracle-p0_15-k4-standardised-gt,,python scripts/evaluate_detections.py --detections results/uplift-supplement/verifier-pairing/first-n/g384_ov128_55map-n5-k4/twin.geojson --ground-truth inputs/vectors/references/best-available-gt-55maps.geojson --bounds inputs/vectors/bounds/384/55maps_evaluation_bounds.geojson --buffers 5 10 15 20 25 30 35 40 45 50 75 100 125 150 --bootstrap 10000 --seed 42 --mcc --output-dir results/uplift-supplement/verifier-pairing/stride-55map-2026-08-25__g384-ov128-55map-n5-oracle-p0_15-k4-standardised-gt --label stride-55map-2026-08-25__g384-ov128-55map-n5-oracle-p0_15-k4-standardised-gt-unverified,"twin derived by re-clustering passes[:5] exactly as scripts/stride55_ladder.py builds the rung, then taking the shell vote_count >= 4 at prob_t = 0.0; 13862 features, gated against the rung's recorded pre-verifier count (results/55map-final-board-2026-08-27/sweep_A-N5.csv + results/55map-final-board-r2-2026-09-06/sweep_A-N5.csv) and against a full-K rebuild of the committed union (38713 features, max centroid drift 0.069 m)"
pair::stride-55map-2026-08-25::g384-ov128-55map-n5-carried-p0.15-k4-standardised-gt,stride-55map-2026-08-25::g384-ov128-55map-n5-carried-p0.15-k4-standardised-gt,stride-55map-2026-08-25,g384_ov128_55map,55-map|standardised|50m|55maps-8541,55-map|standardised|50m|55maps-8541,"same-recipe-by-construction: the twin is scored with the verified cell's own recorded recipe, so its reference, buffer, and frame are that cell's by construction",55-map,standardised,50,55maps-8541,5,4,0.15,ready,first-n-recluster,,,results/uplift-supplement/verifier-pairing/first-n/g384_ov128_55map-n5-k4/twin.geojson,,,,"vote_count >= 4 at prob_t = 0.0, over clusters re-built from passes[:5]",inputs/vectors/references/best-available-gt-55maps.geojson,inputs/vectors/bounds/384/55maps_evaluation_bounds.geojson,evaluate_detections,results/uplift-supplement/verifier-pairing/stride-55map-2026-08-25__g384-ov128-55map-n5-carried-p0_15-k4-standardised-gt,,python scripts/evaluate_detections.py --detections results/uplift-supplement/verifier-pairing/first-n/g384_ov128_55map-n5-k4/twin.geojson --ground-truth inputs/vectors/references/best-available-gt-55maps.geojson --bounds inputs/vectors/bounds/384/55maps_evaluation_bounds.geojson --buffers 5 10 15 20 25 30 35 40 45 50 75 100 125 150 --bootstrap 10000 --seed 42 --mcc --output-dir results/uplift-supplement/verifier-pairing/stride-55map-2026-08-25__g384-ov128-55map-n5-carried-p0_15-k4-standardised-gt --label stride-55map-2026-08-25__g384-ov128-55map-n5-carried-p0_15-k4-standardised-gt-unverified,"twin derived by re-clustering passes[:5] exactly as scripts/stride55_ladder.py builds the rung, then taking the shell vote_count >= 4 at prob_t = 0.0; 13862 features, gated against the rung's recorded pre-verifier count (results/55map-final-board-2026-08-27/sweep_A-N5.csv + results/55map-final-board-r2-2026-09-06/sweep_A-N5.csv) and against a full-K rebuild of the committed union (38713 features, max centroid drift 0.069 m)"
pair::stride-55map-2026-08-25::g384-ov192-55map-n10-oracle-p0.20-k9-standardised-gt,stride-55map-2026-08-25::g384-ov192-55map-n10-oracle-p0.20-k9-standardised-gt,stride-55map-2026-08-25,g384_ov192_55map,55-map|standardised|50m|55maps-8541,55-map|standardised|50m|55maps-8541,"same-recipe-by-construction: the twin is scored with the verified cell's own recorded recipe, so its reference, buffer, and frame are that cell's by construction",55-map,standardised,50,55maps-8541,10,9,0.2,ready-after-materialise,union,,,,,outputs/stride-55map-2026-08-25/verifier/g384_ov192_55map/union_k10.geojson,,vote_count >= 9,inputs/vectors/references/best-available-gt-55maps.geojson,inputs/vectors/bounds/384/55maps_evaluation_bounds.geojson,evaluate_detections,results/uplift-supplement/verifier-pairing/stride-55map-2026-08-25__g384-ov192-55map-n10-oracle-p0_20-k9-standardised-gt,python scripts/materialise_pairing_twin.py --union outputs/stride-55map-2026-08-25/verifier/g384_ov192_55map/union_k10.geojson --min-votes 9 --expect-manifest outputs/stride-55map-2026-08-25/verifier/g384_ov192_55map/crops/candidate_manifest.json --output results/uplift-supplement/verifier-pairing/stride-55map-2026-08-25__g384-ov192-55map-n10-oracle-p0_20-k9-standardised-gt/twin-9of10.geojson,python scripts/evaluate_detections.py --detections results/uplift-supplement/verifier-pairing/stride-55map-2026-08-25__g384-ov192-55map-n10-oracle-p0_20-k9-standardised-gt/twin-9of10.geojson --ground-truth inputs/vectors/references/best-available-gt-55maps.geojson --bounds inputs/vectors/bounds/384/55maps_evaluation_bounds.geojson --buffers 5 10 15 20 25 30 35 40 45 50 75 100 125 150 --bootstrap 10000 --seed 42 --mcc --output-dir results/uplift-supplement/verifier-pairing/stride-55map-2026-08-25__g384-ov192-55map-n10-oracle-p0_20-k9-standardised-gt --label stride-55map-2026-08-25__g384-ov192-55map-n10-oracle-p0_20-k9-standardised-gt-unverified,"the paired shell must be filtered out of the union before scoring; no API spend, no re-aggregation; union cross-checked against outputs/stride-55map-2026-08-25/verifier/g384_ov192_55map/crops/candidate_manifest.json"
pair::stride-55map-2026-08-25::g384-ov192-55map-n10-carried-p0.15-k10-standardised-gt,stride-55map-2026-08-25::g384-ov192-55map-n10-carried-p0.15-k10-standardised-gt,stride-55map-2026-08-25,g384_ov192_55map,55-map|standardised|50m|55maps-8541,55-map|standardised|50m|55maps-8541,"same-recipe-by-construction: the twin is scored with the verified cell's own recorded recipe, so its reference, buffer, and frame are that cell's by construction",55-map,standardised,50,55maps-8541,10,10,0.15,ready-after-materialise,union,,,,,outputs/stride-55map-2026-08-25/verifier/g384_ov192_55map/union_k10.geojson,,vote_count >= 10,inputs/vectors/references/best-available-gt-55maps.geojson,inputs/vectors/bounds/384/55maps_evaluation_bounds.geojson,evaluate_detections,results/uplift-supplement/verifier-pairing/stride-55map-2026-08-25__g384-ov192-55map-n10-carried-p0_15-k10-standardised-gt,python scripts/materialise_pairing_twin.py --union outputs/stride-55map-2026-08-25/verifier/g384_ov192_55map/union_k10.geojson --min-votes 10 --expect-manifest outputs/stride-55map-2026-08-25/verifier/g384_ov192_55map/crops/candidate_manifest.json --output results/uplift-supplement/verifier-pairing/stride-55map-2026-08-25__g384-ov192-55map-n10-carried-p0_15-k10-standardised-gt/twin-10of10.geojson,python scripts/evaluate_detections.py --detections results/uplift-supplement/verifier-pairing/stride-55map-2026-08-25__g384-ov192-55map-n10-carried-p0_15-k10-standardised-gt/twin-10of10.geojson --ground-truth inputs/vectors/references/best-available-gt-55maps.geojson --bounds inputs/vectors/bounds/384/55maps_evaluation_bounds.geojson --buffers 5 10 15 20 25 30 35 40 45 50 75 100 125 150 --bootstrap 10000 --seed 42 --mcc --output-dir results/uplift-supplement/verifier-pairing/stride-55map-2026-08-25__g384-ov192-55map-n10-carried-p0_15-k10-standardised-gt --label stride-55map-2026-08-25__g384-ov192-55map-n10-carried-p0_15-k10-standardised-gt-unverified,"the paired shell must be filtered out of the union before scoring; no API spend, no re-aggregation; union cross-checked against outputs/stride-55map-2026-08-25/verifier/g384_ov192_55map/crops/candidate_manifest.json"
pair::stride-55map-2026-08-25::g384-ov192-55map-n1-oracle-p0.20-k1-standardised-gt,stride-55map-2026-08-25::g384-ov192-55map-n1-oracle-p0.20-k1-standardised-gt,stride-55map-2026-08-25,g384_ov192_55map,55-map|standardised|50m|55maps-8541,55-map|standardised|50m|55maps-8541,"same-recipe-by-construction: the twin is scored with the verified cell's own recorded recipe, so its reference, buffer, and frame are that cell's by construction",55-map,standardised,50,55maps-8541,1,1,0.2,ready,first-n-recluster,,,results/uplift-supplement/verifier-pairing/first-n/g384_ov192_55map-n1-k1/twin.geojson,,,,"vote_count >= 1 at prob_t = 0.0, over clusters re-built from passes[:1]",inputs/vectors/references/best-available-gt-55maps.geojson,inputs/vectors/bounds/384/55maps_evaluation_bounds.geojson,evaluate_detections,results/uplift-supplement/verifier-pairing/stride-55map-2026-08-25__g384-ov192-55map-n1-oracle-p0_20-k1-standardised-gt,,python scripts/evaluate_detections.py --detections results/uplift-supplement/verifier-pairing/first-n/g384_ov192_55map-n1-k1/twin.geojson --ground-truth inputs/vectors/references/best-available-gt-55maps.geojson --bounds inputs/vectors/bounds/384/55maps_evaluation_bounds.geojson --buffers 5 10 15 20 25 30 35 40 45 50 75 100 125 150 --bootstrap 10000 --seed 42 --mcc --output-dir results/uplift-supplement/verifier-pairing/stride-55map-2026-08-25__g384-ov192-55map-n1-oracle-p0_20-k1-standardised-gt --label stride-55map-2026-08-25__g384-ov192-55map-n1-oracle-p0_20-k1-standardised-gt-unverified,"twin derived by re-clustering passes[:1] exactly as scripts/stride55_ladder.py builds the rung, then taking the shell vote_count >= 1 at prob_t = 0.0; 24923 features, gated against the rung's recorded pre-verifier count (results/55map-final-board-2026-08-27/sweep_B-N1.csv + results/55map-final-board-r2-2026-09-06/sweep_B-N1.csv) and against a full-K rebuild of the committed union (57482 features, max centroid drift 0.069 m)"
pair::stride-55map-2026-08-25::g384-ov192-55map-n3-oracle-p0.20-k3-standardised-gt,stride-55map-2026-08-25::g384-ov192-55map-n3-oracle-p0.20-k3-standardised-gt,stride-55map-2026-08-25,g384_ov192_55map,55-map|standardised|50m|55maps-8541,55-map|standardised|50m|55maps-8541,"same-recipe-by-construction: the twin is scored with the verified cell's own recorded recipe, so its reference, buffer, and frame are that cell's by construction",55-map,standardised,50,55maps-8541,3,3,0.2,ready,first-n-recluster,,,results/uplift-supplement/verifier-pairing/first-n/g384_ov192_55map-n3-k3/twin.geojson,,,,"vote_count >= 3 at prob_t = 0.0, over clusters re-built from passes[:3]",inputs/vectors/references/best-available-gt-55maps.geojson,inputs/vectors/bounds/384/55maps_evaluation_bounds.geojson,evaluate_detections,results/uplift-supplement/verifier-pairing/stride-55map-2026-08-25__g384-ov192-55map-n3-oracle-p0_20-k3-standardised-gt,,python scripts/evaluate_detections.py --detections results/uplift-supplement/verifier-pairing/first-n/g384_ov192_55map-n3-k3/twin.geojson --ground-truth inputs/vectors/references/best-available-gt-55maps.geojson --bounds inputs/vectors/bounds/384/55maps_evaluation_bounds.geojson --buffers 5 10 15 20 25 30 35 40 45 50 75 100 125 150 --bootstrap 10000 --seed 42 --mcc --output-dir results/uplift-supplement/verifier-pairing/stride-55map-2026-08-25__g384-ov192-55map-n3-oracle-p0_20-k3-standardised-gt --label stride-55map-2026-08-25__g384-ov192-55map-n3-oracle-p0_20-k3-standardised-gt-unverified,"twin derived by re-clustering passes[:3] exactly as scripts/stride55_ladder.py builds the rung, then taking the shell vote_count >= 3 at prob_t = 0.0; 16706 features, gated against the rung's recorded pre-verifier count (results/55map-final-board-2026-08-27/sweep_B-N3.csv + results/55map-final-board-r2-2026-09-06/sweep_B-N3.csv) and against a full-K rebuild of the committed union (57482 features, max centroid drift 0.069 m)"
pair::stride-55map-2026-08-25::g384-ov192-55map-n5-oracle-p0.20-k5-standardised-gt,stride-55map-2026-08-25::g384-ov192-55map-n5-oracle-p0.20-k5-standardised-gt,stride-55map-2026-08-25,g384_ov192_55map,55-map|standardised|50m|55maps-8541,55-map|standardised|50m|55maps-8541,"same-recipe-by-construction: the twin is scored with the verified cell's own recorded recipe, so its reference, buffer, and frame are that cell's by construction",55-map,standardised,50,55maps-8541,5,5,0.2,ready,first-n-recluster,,,results/uplift-supplement/verifier-pairing/first-n/g384_ov192_55map-n5-k5/twin.geojson,,,,"vote_count >= 5 at prob_t = 0.0, over clusters re-built from passes[:5]",inputs/vectors/references/best-available-gt-55maps.geojson,inputs/vectors/bounds/384/55maps_evaluation_bounds.geojson,evaluate_detections,results/uplift-supplement/verifier-pairing/stride-55map-2026-08-25__g384-ov192-55map-n5-oracle-p0_20-k5-standardised-gt,,python scripts/evaluate_detections.py --detections results/uplift-supplement/verifier-pairing/first-n/g384_ov192_55map-n5-k5/twin.geojson --ground-truth inputs/vectors/references/best-available-gt-55maps.geojson --bounds inputs/vectors/bounds/384/55maps_evaluation_bounds.geojson --buffers 5 10 15 20 25 30 35 40 45 50 75 100 125 150 --bootstrap 10000 --seed 42 --mcc --output-dir results/uplift-supplement/verifier-pairing/stride-55map-2026-08-25__g384-ov192-55map-n5-oracle-p0_20-k5-standardised-gt --label stride-55map-2026-08-25__g384-ov192-55map-n5-oracle-p0_20-k5-standardised-gt-unverified,"twin derived by re-clustering passes[:5] exactly as scripts/stride55_ladder.py builds the rung, then taking the shell vote_count >= 5 at prob_t = 0.0; 14889 features, gated against the rung's recorded pre-verifier count (results/55map-final-board-2026-08-27/sweep_B-N5.csv + results/55map-final-board-r2-2026-09-06/sweep_B-N5.csv) and against a full-K rebuild of the committed union (57482 features, max centroid drift 0.069 m)"
pair::stride-55map-2026-08-25::g384-ov192-55map-n5-carried-p0.15-k5-standardised-gt,stride-55map-2026-08-25::g384-ov192-55map-n5-carried-p0.15-k5-standardised-gt,stride-55map-2026-08-25,g384_ov192_55map,55-map|standardised|50m|55maps-8541,55-map|standardised|50m|55maps-8541,"same-recipe-by-construction: the twin is scored with the verified cell's own recorded recipe, so its reference, buffer, and frame are that cell's by construction",55-map,standardised,50,55maps-8541,5,5,0.15,ready,first-n-recluster,,,results/uplift-supplement/verifier-pairing/first-n/g384_ov192_55map-n5-k5/twin.geojson,,,,"vote_count >= 5 at prob_t = 0.0, over clusters re-built from passes[:5]",inputs/vectors/references/best-available-gt-55maps.geojson,inputs/vectors/bounds/384/55maps_evaluation_bounds.geojson,evaluate_detections,results/uplift-supplement/verifier-pairing/stride-55map-2026-08-25__g384-ov192-55map-n5-carried-p0_15-k5-standardised-gt,,python scripts/evaluate_detections.py --detections results/uplift-supplement/verifier-pairing/first-n/g384_ov192_55map-n5-k5/twin.geojson --ground-truth inputs/vectors/references/best-available-gt-55maps.geojson --bounds inputs/vectors/bounds/384/55maps_evaluation_bounds.geojson --buffers 5 10 15 20 25 30 35 40 45 50 75 100 125 150 --bootstrap 10000 --seed 42 --mcc --output-dir results/uplift-supplement/verifier-pairing/stride-55map-2026-08-25__g384-ov192-55map-n5-carried-p0_15-k5-standardised-gt --label stride-55map-2026-08-25__g384-ov192-55map-n5-carried-p0_15-k5-standardised-gt-unverified,"twin derived by re-clustering passes[:5] exactly as scripts/stride55_ladder.py builds the rung, then taking the shell vote_count >= 5 at prob_t = 0.0; 14889 features, gated against the rung's recorded pre-verifier count (results/55map-final-board-2026-08-27/sweep_B-N5.csv + results/55map-final-board-r2-2026-09-06/sweep_B-N5.csv) and against a full-K rebuild of the committed union (57482 features, max centroid drift 0.069 m)"
pair::stride-55map-2026-08-25::g384-ov128-55map-n3-carried-posthoc-p0.15-k3-standardised-gt,stride-55map-2026-08-25::g384-ov128-55map-n3-carried-posthoc-p0.15-k3-standardised-gt,stride-55map-2026-08-25,g384_ov128_55map,55-map|standardised|50m|55maps-8541,55-map|standardised|50m|55maps-8541,"same-recipe-by-construction: the twin is scored with the verified cell's own recorded recipe, so its reference, buffer, and frame are that cell's by construction",55-map,standardised,50,55maps-8541,3,3,0.15,ready,first-n-recluster,,,results/uplift-supplement/verifier-pairing/first-n/g384_ov128_55map-n3-k3/twin.geojson,,,,"vote_count >= 3 at prob_t = 0.0, over clusters re-built from passes[:3]",inputs/vectors/references/best-available-gt-55maps.geojson,inputs/vectors/bounds/384/55maps_evaluation_bounds.geojson,evaluate_detections,results/uplift-supplement/verifier-pairing/stride-55map-2026-08-25__g384-ov128-55map-n3-carried-posthoc-p0_15-k3-standardised-gt,,python scripts/evaluate_detections.py --detections results/uplift-supplement/verifier-pairing/first-n/g384_ov128_55map-n3-k3/twin.geojson --ground-truth inputs/vectors/references/best-available-gt-55maps.geojson --bounds inputs/vectors/bounds/384/55maps_evaluation_bounds.geojson --buffers 5 10 15 20 25 30 35 40 45 50 75 100 125 150 --bootstrap 10000 --seed 42 --mcc --output-dir results/uplift-supplement/verifier-pairing/stride-55map-2026-08-25__g384-ov128-55map-n3-carried-posthoc-p0_15-k3-standardised-gt --label stride-55map-2026-08-25__g384-ov128-55map-n3-carried-posthoc-p0_15-k3-standardised-gt-unverified,"twin derived by re-clustering passes[:3] exactly as scripts/stride55_ladder.py builds the rung, then taking the shell vote_count >= 3 at prob_t = 0.0; 12682 features, gated against the rung's recorded pre-verifier count (results/55map-final-board-2026-08-27/sweep_A-N3.csv + results/55map-final-board-r2-2026-09-06/sweep_A-N3.csv) and against a full-K rebuild of the committed union (38713 features, max centroid drift 0.069 m)"
pair::stride-55map-2026-08-25::g384-ov192-55map-n3-carried-posthoc-p0.15-k3-standardised-gt,stride-55map-2026-08-25::g384-ov192-55map-n3-carried-posthoc-p0.15-k3-standardised-gt,stride-55map-2026-08-25,g384_ov192_55map,55-map|standardised|50m|55maps-8541,55-map|standardised|50m|55maps-8541,"same-recipe-by-construction: the twin is scored with the verified cell's own recorded recipe, so its reference, buffer, and frame are that cell's by construction",55-map,standardised,50,55maps-8541,3,3,0.15,ready,first-n-recluster,,,results/uplift-supplement/verifier-pairing/first-n/g384_ov192_55map-n3-k3/twin.geojson,,,,"vote_count >= 3 at prob_t = 0.0, over clusters re-built from passes[:3]",inputs/vectors/references/best-available-gt-55maps.geojson,inputs/vectors/bounds/384/55maps_evaluation_bounds.geojson,evaluate_detections,results/uplift-supplement/verifier-pairing/stride-55map-2026-08-25__g384-ov192-55map-n3-carried-posthoc-p0_15-k3-standardised-gt,,python scripts/evaluate_detections.py --detections results/uplift-supplement/verifier-pairing/first-n/g384_ov192_55map-n3-k3/twin.geojson --ground-truth inputs/vectors/references/best-available-gt-55maps.geojson --bounds inputs/vectors/bounds/384/55maps_evaluation_bounds.geojson --buffers 5 10 15 20 25 30 35 40 45 50 75 100 125 150 --bootstrap 10000 --seed 42 --mcc --output-dir results/uplift-supplement/verifier-pairing/stride-55map-2026-08-25__g384-ov192-55map-n3-carried-posthoc-p0_15-k3-standardised-gt --label stride-55map-2026-08-25__g384-ov192-55map-n3-carried-posthoc-p0_15-k3-standardised-gt-unverified,"twin derived by re-clustering passes[:3] exactly as scripts/stride55_ladder.py builds the rung, then taking the shell vote_count >= 3 at prob_t = 0.0; 16706 features, gated against the rung's recorded pre-verifier count (results/55map-final-board-2026-08-27/sweep_B-N3.csv + results/55map-final-board-r2-2026-09-06/sweep_B-N3.csv) and against a full-K rebuild of the committed union (57482 features, max centroid drift 0.069 m)"
pair::stride-55map-2026-08-25::g384-ov192-55map-k10-verified37-p0.98-k10-canonical-gt,stride-55map-2026-08-25::g384-ov192-55map-k10-verified37-p0.98-k10-canonical-gt,stride-55map-2026-08-25,g384_ov192_55map,55-map|canonical|50m|55maps-8541,55-map|canonical|50m|55maps-8541,"same-recipe-by-construction: the twin is scored with the verified cell's own recorded recipe, so its reference, buffer, and frame are that cell's by construction",55-map,canonical,50,55maps-8541,10,10,0.98,ready-after-materialise,union,,,,,outputs/stride-55map-2026-08-25/verifier/g384_ov192_55map/union_k10.geojson,,vote_count >= 10,inputs/vectors/references/canonical-gt-55maps-r50.geojson,inputs/vectors/bounds/384/55maps_evaluation_bounds.geojson,corrected_f1_multi_buffer,results/uplift-supplement/verifier-pairing/stride-55map-2026-08-25__g384-ov192-55map-k10-verified37-p0_98-k10-canonical-gt,python scripts/materialise_pairing_twin.py --union outputs/stride-55map-2026-08-25/verifier/g384_ov192_55map/union_k10.geojson --min-votes 10 --expect-manifest outputs/stride-55map-2026-08-25/verifier/g384_ov192_55map/crops/candidate_manifest.json --output results/uplift-supplement/verifier-pairing/stride-55map-2026-08-25__g384-ov192-55map-k10-verified37-p0_98-k10-canonical-gt/twin-10of10.geojson,python scripts/compute_corrected_f1_multi_buffer.py --verified-detections results/uplift-supplement/verifier-pairing/stride-55map-2026-08-25__g384-ov192-55map-k10-verified37-p0_98-k10-canonical-gt/twin-10of10.geojson --student-gt inputs/vectors/references/student-mounds-55maps-reviewed.geojson --bounds inputs/vectors/bounds/384/55maps_evaluation_bounds.geojson --buffers 20 30 50 --n-bootstrap 10000 --seed 42 --compute-mcc --output-dir results/uplift-supplement/verifier-pairing/stride-55map-2026-08-25__g384-ov192-55map-k10-verified37-p0_98-k10-canonical-gt --review-yesterday results/gemini37-fourth-cell/55map/empty-yesterday-review.csv --review-today results/deployment-oracle-2026-06-06/canonical-gt/canonical-review.csv,"the paired shell must be filtered out of the union before scoring; no API spend, no re-aggregation; union cross-checked against outputs/stride-55map-2026-08-25/verifier/g384_ov192_55map/crops/candidate_manifest.json"
pair::stride-55map-2026-08-25::g384-ov192-55map-k10-verified37-p0.98-k10-standardised-gt,stride-55map-2026-08-25::g384-ov192-55map-k10-verified37-p0.98-k10-standardised-gt,stride-55map-2026-08-25,g384_ov192_55map,55-map|standardised|50m|55maps-8541,55-map|standardised|50m|55maps-8541,"same-recipe-by-construction: the twin is scored with the verified cell's own recorded recipe, so its reference, buffer, and frame are that cell's by construction",55-map,standardised,50,55maps-8541,10,10,0.98,ready-after-materialise,union,,,,,outputs/stride-55map-2026-08-25/verifier/g384_ov192_55map/union_k10.geojson,,vote_count >= 10,inputs/vectors/references/best-available-gt-55maps.geojson,inputs/vectors/bounds/384/55maps_evaluation_bounds.geojson,evaluate_detections,results/uplift-supplement/verifier-pairing/stride-55map-2026-08-25__g384-ov192-55map-k10-verified37-p0_98-k10-standardised-gt,python scripts/materialise_pairing_twin.py --union outputs/stride-55map-2026-08-25/verifier/g384_ov192_55map/union_k10.geojson --min-votes 10 --expect-manifest outputs/stride-55map-2026-08-25/verifier/g384_ov192_55map/crops/candidate_manifest.json --output results/uplift-supplement/verifier-pairing/stride-55map-2026-08-25__g384-ov192-55map-k10-verified37-p0_98-k10-standardised-gt/twin-10of10.geojson,python scripts/evaluate_detections.py --detections results/uplift-supplement/verifier-pairing/stride-55map-2026-08-25__g384-ov192-55map-k10-verified37-p0_98-k10-standardised-gt/twin-10of10.geojson --ground-truth inputs/vectors/references/best-available-gt-55maps.geojson --bounds inputs/vectors/bounds/384/55maps_evaluation_bounds.geojson --buffers 5 10 15 20 25 30 35 40 45 50 75 100 125 150 --bootstrap 10000 --seed 42 --mcc --output-dir results/uplift-supplement/verifier-pairing/stride-55map-2026-08-25__g384-ov192-55map-k10-verified37-p0_98-k10-standardised-gt --label stride-55map-2026-08-25__g384-ov192-55map-k10-verified37-p0_98-k10-standardised-gt-unverified,"the paired shell must be filtered out of the union before scoring; no API spend, no re-aggregation; union cross-checked against outputs/stride-55map-2026-08-25/verifier/g384_ov192_55map/crops/candidate_manifest.json"
pair::stride-55map-2026-08-25::g384-ov128-55map-n10-oracle-p0.15-k7-r2-gt,stride-55map-2026-08-25::g384-ov128-55map-n10-oracle-p0.15-k7-r2-gt,stride-55map-2026-08-25,g384_ov128_55map,55-map|r2|50m|55maps-8541,55-map|r2|50m|55maps-8541,"same-recipe-by-construction: the twin is scored with the verified cell's own recorded recipe, so its reference, buffer, and frame are that cell's by construction",55-map,r2,50,55maps-8541,10,7,0.15,ready-after-materialise,union,,,,,outputs/stride-55map-2026-08-25/verifier/g384_ov128_55map/union_k10.geojson,,vote_count >= 7,inputs/vectors/references/best-available-gt-55maps-r2.geojson,inputs/vectors/bounds/384/55maps_evaluation_bounds.geojson,evaluate_detections,results/uplift-supplement/verifier-pairing/stride-55map-2026-08-25__g384-ov128-55map-n10-oracle-p0_15-k7-r2-gt,python scripts/materialise_pairing_twin.py --union outputs/stride-55map-2026-08-25/verifier/g384_ov128_55map/union_k10.geojson --min-votes 7 --expect-manifest outputs/stride-55map-2026-08-25/verifier/g384_ov128_55map/crops/candidate_manifest.json --output results/uplift-supplement/verifier-pairing/stride-55map-2026-08-25__g384-ov128-55map-n10-oracle-p0_15-k7-r2-gt/twin-7of10.geojson,python scripts/evaluate_detections.py --detections results/uplift-supplement/verifier-pairing/stride-55map-2026-08-25__g384-ov128-55map-n10-oracle-p0_15-k7-r2-gt/twin-7of10.geojson --ground-truth inputs/vectors/references/best-available-gt-55maps-r2.geojson --bounds inputs/vectors/bounds/384/55maps_evaluation_bounds.geojson --buffers 5 10 15 20 25 30 35 40 45 50 75 100 125 150 --bootstrap 10000 --seed 42 --mcc --output-dir results/uplift-supplement/verifier-pairing/stride-55map-2026-08-25__g384-ov128-55map-n10-oracle-p0_15-k7-r2-gt --label stride-55map-2026-08-25__g384-ov128-55map-n10-oracle-p0_15-k7-r2-gt-unverified,"the paired shell must be filtered out of the union before scoring; no API spend, no re-aggregation; union cross-checked against outputs/stride-55map-2026-08-25/verifier/g384_ov128_55map/crops/candidate_manifest.json"
pair::stride-55map-2026-08-25::g384-ov128-55map-n10-carried-p0.15-k8-r2-gt,stride-55map-2026-08-25::g384-ov128-55map-n10-carried-p0.15-k8-r2-gt,stride-55map-2026-08-25,g384_ov128_55map,55-map|r2|50m|55maps-8541,55-map|r2|50m|55maps-8541,"same-recipe-by-construction: the twin is scored with the verified cell's own recorded recipe, so its reference, buffer, and frame are that cell's by construction",55-map,r2,50,55maps-8541,10,8,0.15,ready-after-materialise,union,,,,,outputs/stride-55map-2026-08-25/verifier/g384_ov128_55map/union_k10.geojson,,vote_count >= 8,inputs/vectors/references/best-available-gt-55maps-r2.geojson,inputs/vectors/bounds/384/55maps_evaluation_bounds.geojson,evaluate_detections,results/uplift-supplement/verifier-pairing/stride-55map-2026-08-25__g384-ov128-55map-n10-carried-p0_15-k8-r2-gt,python scripts/materialise_pairing_twin.py --union outputs/stride-55map-2026-08-25/verifier/g384_ov128_55map/union_k10.geojson --min-votes 8 --expect-manifest outputs/stride-55map-2026-08-25/verifier/g384_ov128_55map/crops/candidate_manifest.json --output results/uplift-supplement/verifier-pairing/stride-55map-2026-08-25__g384-ov128-55map-n10-carried-p0_15-k8-r2-gt/twin-8of10.geojson,python scripts/evaluate_detections.py --detections results/uplift-supplement/verifier-pairing/stride-55map-2026-08-25__g384-ov128-55map-n10-carried-p0_15-k8-r2-gt/twin-8of10.geojson --ground-truth inputs/vectors/references/best-available-gt-55maps-r2.geojson --bounds inputs/vectors/bounds/384/55maps_evaluation_bounds.geojson --buffers 5 10 15 20 25 30 35 40 45 50 75 100 125 150 --bootstrap 10000 --seed 42 --mcc --output-dir results/uplift-supplement/verifier-pairing/stride-55map-2026-08-25__g384-ov128-55map-n10-carried-p0_15-k8-r2-gt --label stride-55map-2026-08-25__g384-ov128-55map-n10-carried-p0_15-k8-r2-gt-unverified,"the paired shell must be filtered out of the union before scoring; no API spend, no re-aggregation; union cross-checked against outputs/stride-55map-2026-08-25/verifier/g384_ov128_55map/crops/candidate_manifest.json"
pair::stride-55map-2026-08-25::g384-ov128-55map-n1-oracle-p0.20-k1-r2-gt,stride-55map-2026-08-25::g384-ov128-55map-n1-oracle-p0.20-k1-r2-gt,stride-55map-2026-08-25,g384_ov128_55map,55-map|r2|50m|55maps-8541,55-map|r2|50m|55maps-8541,"same-recipe-by-construction: the twin is scored with the verified cell's own recorded recipe, so its reference, buffer, and frame are that cell's by construction",55-map,r2,50,55maps-8541,1,1,0.2,ready,first-n-recluster,,,results/uplift-supplement/verifier-pairing/first-n/g384_ov128_55map-n1-k1/twin.geojson,,,,"vote_count >= 1 at prob_t = 0.0, over clusters re-built from passes[:1]",inputs/vectors/references/best-available-gt-55maps-r2.geojson,inputs/vectors/bounds/384/55maps_evaluation_bounds.geojson,evaluate_detections,results/uplift-supplement/verifier-pairing/stride-55map-2026-08-25__g384-ov128-55map-n1-oracle-p0_20-k1-r2-gt,,python scripts/evaluate_detections.py --detections results/uplift-supplement/verifier-pairing/first-n/g384_ov128_55map-n1-k1/twin.geojson --ground-truth inputs/vectors/references/best-available-gt-55maps-r2.geojson --bounds inputs/vectors/bounds/384/55maps_evaluation_bounds.geojson --buffers 5 10 15 20 25 30 35 40 45 50 75 100 125 150 --bootstrap 10000 --seed 42 --mcc --output-dir results/uplift-supplement/verifier-pairing/stride-55map-2026-08-25__g384-ov128-55map-n1-oracle-p0_20-k1-r2-gt --label stride-55map-2026-08-25__g384-ov128-55map-n1-oracle-p0_20-k1-r2-gt-unverified,"twin derived by re-clustering passes[:1] exactly as scripts/stride55_ladder.py builds the rung, then taking the shell vote_count >= 1 at prob_t = 0.0; 18162 features, gated against the rung's recorded pre-verifier count (results/55map-final-board-2026-08-27/sweep_A-N1.csv + results/55map-final-board-r2-2026-09-06/sweep_A-N1.csv) and against a full-K rebuild of the committed union (38713 features, max centroid drift 0.069 m)"
pair::stride-55map-2026-08-25::g384-ov128-55map-n3-oracle-p0.20-k2-r2-gt,stride-55map-2026-08-25::g384-ov128-55map-n3-oracle-p0.20-k2-r2-gt,stride-55map-2026-08-25,g384_ov128_55map,55-map|r2|50m|55maps-8541,55-map|r2|50m|55maps-8541,"same-recipe-by-construction: the twin is scored with the verified cell's own recorded recipe, so its reference, buffer, and frame are that cell's by construction",55-map,r2,50,55maps-8541,3,2,0.2,ready,first-n-recluster,,,results/uplift-supplement/verifier-pairing/first-n/g384_ov128_55map-n3-k2/twin.geojson,,,,"vote_count >= 2 at prob_t = 0.0, over clusters re-built from passes[:3]",inputs/vectors/references/best-available-gt-55maps-r2.geojson,inputs/vectors/bounds/384/55maps_evaluation_bounds.geojson,evaluate_detections,results/uplift-supplement/verifier-pairing/stride-55map-2026-08-25__g384-ov128-55map-n3-oracle-p0_20-k2-r2-gt,,python scripts/evaluate_detections.py --detections results/uplift-supplement/verifier-pairing/first-n/g384_ov128_55map-n3-k2/twin.geojson --ground-truth inputs/vectors/references/best-available-gt-55maps-r2.geojson --bounds inputs/vectors/bounds/384/55maps_evaluation_bounds.geojson --buffers 5 10 15 20 25 30 35 40 45 50 75 100 125 150 --bootstrap 10000 --seed 42 --mcc --output-dir results/uplift-supplement/verifier-pairing/stride-55map-2026-08-25__g384-ov128-55map-n3-oracle-p0_20-k2-r2-gt --label stride-55map-2026-08-25__g384-ov128-55map-n3-oracle-p0_20-k2-r2-gt-unverified,"twin derived by re-clustering passes[:3] exactly as scripts/stride55_ladder.py builds the rung, then taking the shell vote_count >= 2 at prob_t = 0.0; 16808 features, gated against the rung's recorded pre-verifier count (results/55map-final-board-2026-08-27/sweep_A-N3.csv + results/55map-final-board-r2-2026-09-06/sweep_A-N3.csv) and against a full-K rebuild of the committed union (38713 features, max centroid drift 0.069 m)"
pair::stride-55map-2026-08-25::g384-ov128-55map-n5-oracle-p0.15-k4-r2-gt,stride-55map-2026-08-25::g384-ov128-55map-n5-oracle-p0.15-k4-r2-gt,stride-55map-2026-08-25,g384_ov128_55map,55-map|r2|50m|55maps-8541,55-map|r2|50m|55maps-8541,"same-recipe-by-construction: the twin is scored with the verified cell's own recorded recipe, so its reference, buffer, and frame are that cell's by construction",55-map,r2,50,55maps-8541,5,4,0.15,ready,first-n-recluster,,,results/uplift-supplement/verifier-pairing/first-n/g384_ov128_55map-n5-k4/twin.geojson,,,,"vote_count >= 4 at prob_t = 0.0, over clusters re-built from passes[:5]",inputs/vectors/references/best-available-gt-55maps-r2.geojson,inputs/vectors/bounds/384/55maps_evaluation_bounds.geojson,evaluate_detections,results/uplift-supplement/verifier-pairing/stride-55map-2026-08-25__g384-ov128-55map-n5-oracle-p0_15-k4-r2-gt,,python scripts/evaluate_detections.py --detections results/uplift-supplement/verifier-pairing/first-n/g384_ov128_55map-n5-k4/twin.geojson --ground-truth inputs/vectors/references/best-available-gt-55maps-r2.geojson --bounds inputs/vectors/bounds/384/55maps_evaluation_bounds.geojson --buffers 5 10 15 20 25 30 35 40 45 50 75 100 125 150 --bootstrap 10000 --seed 42 --mcc --output-dir results/uplift-supplement/verifier-pairing/stride-55map-2026-08-25__g384-ov128-55map-n5-oracle-p0_15-k4-r2-gt --label stride-55map-2026-08-25__g384-ov128-55map-n5-oracle-p0_15-k4-r2-gt-unverified,"twin derived by re-clustering passes[:5] exactly as scripts/stride55_ladder.py builds the rung, then taking the shell vote_count >= 4 at prob_t = 0.0; 13862 features, gated against the rung's recorded pre-verifier count (results/55map-final-board-2026-08-27/sweep_A-N5.csv + results/55map-final-board-r2-2026-09-06/sweep_A-N5.csv) and against a full-K rebuild of the committed union (38713 features, max centroid drift 0.069 m)"
pair::stride-55map-2026-08-25::g384-ov128-55map-n5-carried-p0.15-k4-r2-gt,stride-55map-2026-08-25::g384-ov128-55map-n5-carried-p0.15-k4-r2-gt,stride-55map-2026-08-25,g384_ov128_55map,55-map|r2|50m|55maps-8541,55-map|r2|50m|55maps-8541,"same-recipe-by-construction: the twin is scored with the verified cell's own recorded recipe, so its reference, buffer, and frame are that cell's by construction",55-map,r2,50,55maps-8541,5,4,0.15,ready,first-n-recluster,,,results/uplift-supplement/verifier-pairing/first-n/g384_ov128_55map-n5-k4/twin.geojson,,,,"vote_count >= 4 at prob_t = 0.0, over clusters re-built from passes[:5]",inputs/vectors/references/best-available-gt-55maps-r2.geojson,inputs/vectors/bounds/384/55maps_evaluation_bounds.geojson,evaluate_detections,results/uplift-supplement/verifier-pairing/stride-55map-2026-08-25__g384-ov128-55map-n5-carried-p0_15-k4-r2-gt,,python scripts/evaluate_detections.py --detections results/uplift-supplement/verifier-pairing/first-n/g384_ov128_55map-n5-k4/twin.geojson --ground-truth inputs/vectors/references/best-available-gt-55maps-r2.geojson --bounds inputs/vectors/bounds/384/55maps_evaluation_bounds.geojson --buffers 5 10 15 20 25 30 35 40 45 50 75 100 125 150 --bootstrap 10000 --seed 42 --mcc --output-dir results/uplift-supplement/verifier-pairing/stride-55map-2026-08-25__g384-ov128-55map-n5-carried-p0_15-k4-r2-gt --label stride-55map-2026-08-25__g384-ov128-55map-n5-carried-p0_15-k4-r2-gt-unverified,"twin derived by re-clustering passes[:5] exactly as scripts/stride55_ladder.py builds the rung, then taking the shell vote_count >= 4 at prob_t = 0.0; 13862 features, gated against the rung's recorded pre-verifier count (results/55map-final-board-2026-08-27/sweep_A-N5.csv + results/55map-final-board-r2-2026-09-06/sweep_A-N5.csv) and against a full-K rebuild of the committed union (38713 features, max centroid drift 0.069 m)"
pair::stride-55map-2026-08-25::g384-ov192-55map-n10-oracle-p0.20-k9-r2-gt,stride-55map-2026-08-25::g384-ov192-55map-n10-oracle-p0.20-k9-r2-gt,stride-55map-2026-08-25,g384_ov192_55map,55-map|r2|50m|55maps-8541,55-map|r2|50m|55maps-8541,"same-recipe-by-construction: the twin is scored with the verified cell's own recorded recipe, so its reference, buffer, and frame are that cell's by construction",55-map,r2,50,55maps-8541,10,9,0.2,ready-after-materialise,union,,,,,outputs/stride-55map-2026-08-25/verifier/g384_ov192_55map/union_k10.geojson,,vote_count >= 9,inputs/vectors/references/best-available-gt-55maps-r2.geojson,inputs/vectors/bounds/384/55maps_evaluation_bounds.geojson,evaluate_detections,results/uplift-supplement/verifier-pairing/stride-55map-2026-08-25__g384-ov192-55map-n10-oracle-p0_20-k9-r2-gt,python scripts/materialise_pairing_twin.py --union outputs/stride-55map-2026-08-25/verifier/g384_ov192_55map/union_k10.geojson --min-votes 9 --expect-manifest outputs/stride-55map-2026-08-25/verifier/g384_ov192_55map/crops/candidate_manifest.json --output results/uplift-supplement/verifier-pairing/stride-55map-2026-08-25__g384-ov192-55map-n10-oracle-p0_20-k9-r2-gt/twin-9of10.geojson,python scripts/evaluate_detections.py --detections results/uplift-supplement/verifier-pairing/stride-55map-2026-08-25__g384-ov192-55map-n10-oracle-p0_20-k9-r2-gt/twin-9of10.geojson --ground-truth inputs/vectors/references/best-available-gt-55maps-r2.geojson --bounds inputs/vectors/bounds/384/55maps_evaluation_bounds.geojson --buffers 5 10 15 20 25 30 35 40 45 50 75 100 125 150 --bootstrap 10000 --seed 42 --mcc --output-dir results/uplift-supplement/verifier-pairing/stride-55map-2026-08-25__g384-ov192-55map-n10-oracle-p0_20-k9-r2-gt --label stride-55map-2026-08-25__g384-ov192-55map-n10-oracle-p0_20-k9-r2-gt-unverified,"the paired shell must be filtered out of the union before scoring; no API spend, no re-aggregation; union cross-checked against outputs/stride-55map-2026-08-25/verifier/g384_ov192_55map/crops/candidate_manifest.json"
pair::stride-55map-2026-08-25::g384-ov192-55map-n10-carried-p0.15-k10-r2-gt,stride-55map-2026-08-25::g384-ov192-55map-n10-carried-p0.15-k10-r2-gt,stride-55map-2026-08-25,g384_ov192_55map,55-map|r2|50m|55maps-8541,55-map|r2|50m|55maps-8541,"same-recipe-by-construction: the twin is scored with the verified cell's own recorded recipe, so its reference, buffer, and frame are that cell's by construction",55-map,r2,50,55maps-8541,10,10,0.15,ready-after-materialise,union,,,,,outputs/stride-55map-2026-08-25/verifier/g384_ov192_55map/union_k10.geojson,,vote_count >= 10,inputs/vectors/references/best-available-gt-55maps-r2.geojson,inputs/vectors/bounds/384/55maps_evaluation_bounds.geojson,evaluate_detections,results/uplift-supplement/verifier-pairing/stride-55map-2026-08-25__g384-ov192-55map-n10-carried-p0_15-k10-r2-gt,python scripts/materialise_pairing_twin.py --union outputs/stride-55map-2026-08-25/verifier/g384_ov192_55map/union_k10.geojson --min-votes 10 --expect-manifest outputs/stride-55map-2026-08-25/verifier/g384_ov192_55map/crops/candidate_manifest.json --output results/uplift-supplement/verifier-pairing/stride-55map-2026-08-25__g384-ov192-55map-n10-carried-p0_15-k10-r2-gt/twin-10of10.geojson,python scripts/evaluate_detections.py --detections results/uplift-supplement/verifier-pairing/stride-55map-2026-08-25__g384-ov192-55map-n10-carried-p0_15-k10-r2-gt/twin-10of10.geojson --ground-truth inputs/vectors/references/best-available-gt-55maps-r2.geojson --bounds inputs/vectors/bounds/384/55maps_evaluation_bounds.geojson --buffers 5 10 15 20 25 30 35 40 45 50 75 100 125 150 --bootstrap 10000 --seed 42 --mcc --output-dir results/uplift-supplement/verifier-pairing/stride-55map-2026-08-25__g384-ov192-55map-n10-carried-p0_15-k10-r2-gt --label stride-55map-2026-08-25__g384-ov192-55map-n10-carried-p0_15-k10-r2-gt-unverified,"the paired shell must be filtered out of the union before scoring; no API spend, no re-aggregation; union cross-checked against outputs/stride-55map-2026-08-25/verifier/g384_ov192_55map/crops/candidate_manifest.json"
pair::stride-55map-2026-08-25::g384-ov192-55map-n1-oracle-p0.20-k1-r2-gt,stride-55map-2026-08-25::g384-ov192-55map-n1-oracle-p0.20-k1-r2-gt,stride-55map-2026-08-25,g384_ov192_55map,55-map|r2|50m|55maps-8541,55-map|r2|50m|55maps-8541,"same-recipe-by-construction: the twin is scored with the verified cell's own recorded recipe, so its reference, buffer, and frame are that cell's by construction",55-map,r2,50,55maps-8541,1,1,0.2,ready,first-n-recluster,,,results/uplift-supplement/verifier-pairing/first-n/g384_ov192_55map-n1-k1/twin.geojson,,,,"vote_count >= 1 at prob_t = 0.0, over clusters re-built from passes[:1]",inputs/vectors/references/best-available-gt-55maps-r2.geojson,inputs/vectors/bounds/384/55maps_evaluation_bounds.geojson,evaluate_detections,results/uplift-supplement/verifier-pairing/stride-55map-2026-08-25__g384-ov192-55map-n1-oracle-p0_20-k1-r2-gt,,python scripts/evaluate_detections.py --detections results/uplift-supplement/verifier-pairing/first-n/g384_ov192_55map-n1-k1/twin.geojson --ground-truth inputs/vectors/references/best-available-gt-55maps-r2.geojson --bounds inputs/vectors/bounds/384/55maps_evaluation_bounds.geojson --buffers 5 10 15 20 25 30 35 40 45 50 75 100 125 150 --bootstrap 10000 --seed 42 --mcc --output-dir results/uplift-supplement/verifier-pairing/stride-55map-2026-08-25__g384-ov192-55map-n1-oracle-p0_20-k1-r2-gt --label stride-55map-2026-08-25__g384-ov192-55map-n1-oracle-p0_20-k1-r2-gt-unverified,"twin derived by re-clustering passes[:1] exactly as scripts/stride55_ladder.py builds the rung, then taking the shell vote_count >= 1 at prob_t = 0.0; 24923 features, gated against the rung's recorded pre-verifier count (results/55map-final-board-2026-08-27/sweep_B-N1.csv + results/55map-final-board-r2-2026-09-06/sweep_B-N1.csv) and against a full-K rebuild of the committed union (57482 features, max centroid drift 0.069 m)"
pair::stride-55map-2026-08-25::g384-ov192-55map-n3-oracle-p0.20-k3-r2-gt,stride-55map-2026-08-25::g384-ov192-55map-n3-oracle-p0.20-k3-r2-gt,stride-55map-2026-08-25,g384_ov192_55map,55-map|r2|50m|55maps-8541,55-map|r2|50m|55maps-8541,"same-recipe-by-construction: the twin is scored with the verified cell's own recorded recipe, so its reference, buffer, and frame are that cell's by construction",55-map,r2,50,55maps-8541,3,3,0.2,ready,first-n-recluster,,,results/uplift-supplement/verifier-pairing/first-n/g384_ov192_55map-n3-k3/twin.geojson,,,,"vote_count >= 3 at prob_t = 0.0, over clusters re-built from passes[:3]",inputs/vectors/references/best-available-gt-55maps-r2.geojson,inputs/vectors/bounds/384/55maps_evaluation_bounds.geojson,evaluate_detections,results/uplift-supplement/verifier-pairing/stride-55map-2026-08-25__g384-ov192-55map-n3-oracle-p0_20-k3-r2-gt,,python scripts/evaluate_detections.py --detections results/uplift-supplement/verifier-pairing/first-n/g384_ov192_55map-n3-k3/twin.geojson --ground-truth inputs/vectors/references/best-available-gt-55maps-r2.geojson --bounds inputs/vectors/bounds/384/55maps_evaluation_bounds.geojson --buffers 5 10 15 20 25 30 35 40 45 50 75 100 125 150 --bootstrap 10000 --seed 42 --mcc --output-dir results/uplift-supplement/verifier-pairing/stride-55map-2026-08-25__g384-ov192-55map-n3-oracle-p0_20-k3-r2-gt --label stride-55map-2026-08-25__g384-ov192-55map-n3-oracle-p0_20-k3-r2-gt-unverified,"twin derived by re-clustering passes[:3] exactly as scripts/stride55_ladder.py builds the rung, then taking the shell vote_count >= 3 at prob_t = 0.0; 16706 features, gated against the rung's recorded pre-verifier count (results/55map-final-board-2026-08-27/sweep_B-N3.csv + results/55map-final-board-r2-2026-09-06/sweep_B-N3.csv) and against a full-K rebuild of the committed union (57482 features, max centroid drift 0.069 m)"
pair::stride-55map-2026-08-25::g384-ov192-55map-n5-oracle-p0.20-k5-r2-gt,stride-55map-2026-08-25::g384-ov192-55map-n5-oracle-p0.20-k5-r2-gt,stride-55map-2026-08-25,g384_ov192_55map,55-map|r2|50m|55maps-8541,55-map|r2|50m|55maps-8541,"same-recipe-by-construction: the twin is scored with the verified cell's own recorded recipe, so its reference, buffer, and frame are that cell's by construction",55-map,r2,50,55maps-8541,5,5,0.2,ready,first-n-recluster,,,results/uplift-supplement/verifier-pairing/first-n/g384_ov192_55map-n5-k5/twin.geojson,,,,"vote_count >= 5 at prob_t = 0.0, over clusters re-built from passes[:5]",inputs/vectors/references/best-available-gt-55maps-r2.geojson,inputs/vectors/bounds/384/55maps_evaluation_bounds.geojson,evaluate_detections,results/uplift-supplement/verifier-pairing/stride-55map-2026-08-25__g384-ov192-55map-n5-oracle-p0_20-k5-r2-gt,,python scripts/evaluate_detections.py --detections results/uplift-supplement/verifier-pairing/first-n/g384_ov192_55map-n5-k5/twin.geojson --ground-truth inputs/vectors/references/best-available-gt-55maps-r2.geojson --bounds inputs/vectors/bounds/384/55maps_evaluation_bounds.geojson --buffers 5 10 15 20 25 30 35 40 45 50 75 100 125 150 --bootstrap 10000 --seed 42 --mcc --output-dir results/uplift-supplement/verifier-pairing/stride-55map-2026-08-25__g384-ov192-55map-n5-oracle-p0_20-k5-r2-gt --label stride-55map-2026-08-25__g384-ov192-55map-n5-oracle-p0_20-k5-r2-gt-unverified,"twin derived by re-clustering passes[:5] exactly as scripts/stride55_ladder.py builds the rung, then taking the shell vote_count >= 5 at prob_t = 0.0; 14889 features, gated against the rung's recorded pre-verifier count (results/55map-final-board-2026-08-27/sweep_B-N5.csv + results/55map-final-board-r2-2026-09-06/sweep_B-N5.csv) and against a full-K rebuild of the committed union (57482 features, max centroid drift 0.069 m)"
pair::stride-55map-2026-08-25::g384-ov192-55map-n5-carried-p0.15-k5-r2-gt,stride-55map-2026-08-25::g384-ov192-55map-n5-carried-p0.15-k5-r2-gt,stride-55map-2026-08-25,g384_ov192_55map,55-map|r2|50m|55maps-8541,55-map|r2|50m|55maps-8541,"same-recipe-by-construction: the twin is scored with the verified cell's own recorded recipe, so its reference, buffer, and frame are that cell's by construction",55-map,r2,50,55maps-8541,5,5,0.15,ready,first-n-recluster,,,results/uplift-supplement/verifier-pairing/first-n/g384_ov192_55map-n5-k5/twin.geojson,,,,"vote_count >= 5 at prob_t = 0.0, over clusters re-built from passes[:5]",inputs/vectors/references/best-available-gt-55maps-r2.geojson,inputs/vectors/bounds/384/55maps_evaluation_bounds.geojson,evaluate_detections,results/uplift-supplement/verifier-pairing/stride-55map-2026-08-25__g384-ov192-55map-n5-carried-p0_15-k5-r2-gt,,python scripts/evaluate_detections.py --detections results/uplift-supplement/verifier-pairing/first-n/g384_ov192_55map-n5-k5/twin.geojson --ground-truth inputs/vectors/references/best-available-gt-55maps-r2.geojson --bounds inputs/vectors/bounds/384/55maps_evaluation_bounds.geojson --buffers 5 10 15 20 25 30 35 40 45 50 75 100 125 150 --bootstrap 10000 --seed 42 --mcc --output-dir results/uplift-supplement/verifier-pairing/stride-55map-2026-08-25__g384-ov192-55map-n5-carried-p0_15-k5-r2-gt --label stride-55map-2026-08-25__g384-ov192-55map-n5-carried-p0_15-k5-r2-gt-unverified,"twin derived by re-clustering passes[:5] exactly as scripts/stride55_ladder.py builds the rung, then taking the shell vote_count >= 5 at prob_t = 0.0; 14889 features, gated against the rung's recorded pre-verifier count (results/55map-final-board-2026-08-27/sweep_B-N5.csv + results/55map-final-board-r2-2026-09-06/sweep_B-N5.csv) and against a full-K rebuild of the committed union (57482 features, max centroid drift 0.069 m)"
pair::stride-55map-2026-08-25::g384-ov192-55map-n10-verified37-oracle-p0.96-k9-r2-gt,stride-55map-2026-08-25::g384-ov192-55map-n10-verified37-oracle-p0.96-k9-r2-gt,stride-55map-2026-08-25,g384_ov192_55map,55-map|r2|50m|55maps-8541,55-map|r2|50m|55maps-8541,"same-recipe-by-construction: the twin is scored with the verified cell's own recorded recipe, so its reference, buffer, and frame are that cell's by construction",55-map,r2,50,55maps-8541,10,9,0.96,ready-after-materialise,union,,,,,outputs/stride-55map-2026-08-25/verifier/g384_ov192_55map/union_k10.geojson,,vote_count >= 9,inputs/vectors/references/best-available-gt-55maps-r2.geojson,inputs/vectors/bounds/384/55maps_evaluation_bounds.geojson,evaluate_detections,results/uplift-supplement/verifier-pairing/stride-55map-2026-08-25__g384-ov192-55map-n10-verified37-oracle-p0_96-k9-r2-gt,python scripts/materialise_pairing_twin.py --union outputs/stride-55map-2026-08-25/verifier/g384_ov192_55map/union_k10.geojson --min-votes 9 --expect-manifest outputs/stride-55map-2026-08-25/verifier/g384_ov192_55map/crops/candidate_manifest.json --output results/uplift-supplement/verifier-pairing/stride-55map-2026-08-25__g384-ov192-55map-n10-verified37-oracle-p0_96-k9-r2-gt/twin-9of10.geojson,python scripts/evaluate_detections.py --detections results/uplift-supplement/verifier-pairing/stride-55map-2026-08-25__g384-ov192-55map-n10-verified37-oracle-p0_96-k9-r2-gt/twin-9of10.geojson --ground-truth inputs/vectors/references/best-available-gt-55maps-r2.geojson --bounds inputs/vectors/bounds/384/55maps_evaluation_bounds.geojson --buffers 5 10 15 20 25 30 35 40 45 50 75 100 125 150 --bootstrap 10000 --seed 42 --mcc --output-dir results/uplift-supplement/verifier-pairing/stride-55map-2026-08-25__g384-ov192-55map-n10-verified37-oracle-p0_96-k9-r2-gt --label stride-55map-2026-08-25__g384-ov192-55map-n10-verified37-oracle-p0_96-k9-r2-gt-unverified,"the paired shell must be filtered out of the union before scoring; no API spend, no re-aggregation; union cross-checked against outputs/stride-55map-2026-08-25/verifier/g384_ov192_55map/crops/candidate_manifest.json"
pair::stride-55map-2026-08-25::g384-ov192-55map-n10-verified37-carried-p0.98-k10-r2-gt,stride-55map-2026-08-25::g384-ov192-55map-n10-verified37-carried-p0.98-k10-r2-gt,stride-55map-2026-08-25,g384_ov192_55map,55-map|r2|50m|55maps-8541,55-map|r2|50m|55maps-8541,"same-recipe-by-construction: the twin is scored with the verified cell's own recorded recipe, so its reference, buffer, and frame are that cell's by construction",55-map,r2,50,55maps-8541,10,10,0.98,ready-after-materialise,union,,,,,outputs/stride-55map-2026-08-25/verifier/g384_ov192_55map/union_k10.geojson,,vote_count >= 10,inputs/vectors/references/best-available-gt-55maps-r2.geojson,inputs/vectors/bounds/384/55maps_evaluation_bounds.geojson,evaluate_detections,results/uplift-supplement/verifier-pairing/stride-55map-2026-08-25__g384-ov192-55map-n10-verified37-carried-p0_98-k10-r2-gt,python scripts/materialise_pairing_twin.py --union outputs/stride-55map-2026-08-25/verifier/g384_ov192_55map/union_k10.geojson --min-votes 10 --expect-manifest outputs/stride-55map-2026-08-25/verifier/g384_ov192_55map/crops/candidate_manifest.json --output results/uplift-supplement/verifier-pairing/stride-55map-2026-08-25__g384-ov192-55map-n10-verified37-carried-p0_98-k10-r2-gt/twin-10of10.geojson,python scripts/evaluate_detections.py --detections results/uplift-supplement/verifier-pairing/stride-55map-2026-08-25__g384-ov192-55map-n10-verified37-carried-p0_98-k10-r2-gt/twin-10of10.geojson --ground-truth inputs/vectors/references/best-available-gt-55maps-r2.geojson --bounds inputs/vectors/bounds/384/55maps_evaluation_bounds.geojson --buffers 5 10 15 20 25 30 35 40 45 50 75 100 125 150 --bootstrap 10000 --seed 42 --mcc --output-dir results/uplift-supplement/verifier-pairing/stride-55map-2026-08-25__g384-ov192-55map-n10-verified37-carried-p0_98-k10-r2-gt --label stride-55map-2026-08-25__g384-ov192-55map-n10-verified37-carried-p0_98-k10-r2-gt-unverified,"the paired shell must be filtered out of the union before scoring; no API spend, no re-aggregation; union cross-checked against outputs/stride-55map-2026-08-25/verifier/g384_ov192_55map/crops/candidate_manifest.json"
pair::stride-55map-2026-08-25::g384-ov192-55map-n1-verified37-oracle-p0.96-k1-r2-gt,stride-55map-2026-08-25::g384-ov192-55map-n1-verified37-oracle-p0.96-k1-r2-gt,stride-55map-2026-08-25,g384_ov192_55map,55-map|r2|50m|55maps-8541,55-map|r2|50m|55maps-8541,"same-recipe-by-construction: the twin is scored with the verified cell's own recorded recipe, so its reference, buffer, and frame are that cell's by construction",55-map,r2,50,55maps-8541,1,1,0.96,ready,first-n-recluster,,,results/uplift-supplement/verifier-pairing/first-n/g384_ov192_55map-n1-k1/twin.geojson,,,,"vote_count >= 1 at prob_t = 0.0, over clusters re-built from passes[:1]",inputs/vectors/references/best-available-gt-55maps-r2.geojson,inputs/vectors/bounds/384/55maps_evaluation_bounds.geojson,evaluate_detections,results/uplift-supplement/verifier-pairing/stride-55map-2026-08-25__g384-ov192-55map-n1-verified37-oracle-p0_96-k1-r2-gt,,python scripts/evaluate_detections.py --detections results/uplift-supplement/verifier-pairing/first-n/g384_ov192_55map-n1-k1/twin.geojson --ground-truth inputs/vectors/references/best-available-gt-55maps-r2.geojson --bounds inputs/vectors/bounds/384/55maps_evaluation_bounds.geojson --buffers 5 10 15 20 25 30 35 40 45 50 75 100 125 150 --bootstrap 10000 --seed 42 --mcc --output-dir results/uplift-supplement/verifier-pairing/stride-55map-2026-08-25__g384-ov192-55map-n1-verified37-oracle-p0_96-k1-r2-gt --label stride-55map-2026-08-25__g384-ov192-55map-n1-verified37-oracle-p0_96-k1-r2-gt-unverified,"twin derived by re-clustering passes[:1] exactly as scripts/stride55_ladder.py builds the rung, then taking the shell vote_count >= 1 at prob_t = 0.0; 24923 features, gated against the rung's recorded pre-verifier count (results/55map-final-board-2026-08-27/sweep_B-N1.csv + results/55map-final-board-r2-2026-09-06/sweep_B-N1.csv) and against a full-K rebuild of the committed union (57482 features, max centroid drift 0.069 m)"
pair::stride-55map-2026-08-25::g384-ov192-55map-n3-verified37-oracle-p0.96-k3-r2-gt,stride-55map-2026-08-25::g384-ov192-55map-n3-verified37-oracle-p0.96-k3-r2-gt,stride-55map-2026-08-25,g384_ov192_55map,55-map|r2|50m|55maps-8541,55-map|r2|50m|55maps-8541,"same-recipe-by-construction: the twin is scored with the verified cell's own recorded recipe, so its reference, buffer, and frame are that cell's by construction",55-map,r2,50,55maps-8541,3,3,0.96,ready,first-n-recluster,,,results/uplift-supplement/verifier-pairing/first-n/g384_ov192_55map-n3-k3/twin.geojson,,,,"vote_count >= 3 at prob_t = 0.0, over clusters re-built from passes[:3]",inputs/vectors/references/best-available-gt-55maps-r2.geojson,inputs/vectors/bounds/384/55maps_evaluation_bounds.geojson,evaluate_detections,results/uplift-supplement/verifier-pairing/stride-55map-2026-08-25__g384-ov192-55map-n3-verified37-oracle-p0_96-k3-r2-gt,,python scripts/evaluate_detections.py --detections results/uplift-supplement/verifier-pairing/first-n/g384_ov192_55map-n3-k3/twin.geojson --ground-truth inputs/vectors/references/best-available-gt-55maps-r2.geojson --bounds inputs/vectors/bounds/384/55maps_evaluation_bounds.geojson --buffers 5 10 15 20 25 30 35 40 45 50 75 100 125 150 --bootstrap 10000 --seed 42 --mcc --output-dir results/uplift-supplement/verifier-pairing/stride-55map-2026-08-25__g384-ov192-55map-n3-verified37-oracle-p0_96-k3-r2-gt --label stride-55map-2026-08-25__g384-ov192-55map-n3-verified37-oracle-p0_96-k3-r2-gt-unverified,"twin derived by re-clustering passes[:3] exactly as scripts/stride55_ladder.py builds the rung, then taking the shell vote_count >= 3 at prob_t = 0.0; 16706 features, gated against the rung's recorded pre-verifier count (results/55map-final-board-2026-08-27/sweep_B-N3.csv + results/55map-final-board-r2-2026-09-06/sweep_B-N3.csv) and against a full-K rebuild of the committed union (57482 features, max centroid drift 0.069 m)"
pair::stride-55map-2026-08-25::g384-ov128-55map-n3-carried-posthoc-p0.15-k3-r2-gt,stride-55map-2026-08-25::g384-ov128-55map-n3-carried-posthoc-p0.15-k3-r2-gt,stride-55map-2026-08-25,g384_ov128_55map,55-map|r2|50m|55maps-8541,55-map|r2|50m|55maps-8541,"same-recipe-by-construction: the twin is scored with the verified cell's own recorded recipe, so its reference, buffer, and frame are that cell's by construction",55-map,r2,50,55maps-8541,3,3,0.15,ready,first-n-recluster,,,results/uplift-supplement/verifier-pairing/first-n/g384_ov128_55map-n3-k3/twin.geojson,,,,"vote_count >= 3 at prob_t = 0.0, over clusters re-built from passes[:3]",inputs/vectors/references/best-available-gt-55maps-r2.geojson,inputs/vectors/bounds/384/55maps_evaluation_bounds.geojson,evaluate_detections,results/uplift-supplement/verifier-pairing/stride-55map-2026-08-25__g384-ov128-55map-n3-carried-posthoc-p0_15-k3-r2-gt,,python scripts/evaluate_detections.py --detections results/uplift-supplement/verifier-pairing/first-n/g384_ov128_55map-n3-k3/twin.geojson --ground-truth inputs/vectors/references/best-available-gt-55maps-r2.geojson --bounds inputs/vectors/bounds/384/55maps_evaluation_bounds.geojson --buffers 5 10 15 20 25 30 35 40 45 50 75 100 125 150 --bootstrap 10000 --seed 42 --mcc --output-dir results/uplift-supplement/verifier-pairing/stride-55map-2026-08-25__g384-ov128-55map-n3-carried-posthoc-p0_15-k3-r2-gt --label stride-55map-2026-08-25__g384-ov128-55map-n3-carried-posthoc-p0_15-k3-r2-gt-unverified,"twin derived by re-clustering passes[:3] exactly as scripts/stride55_ladder.py builds the rung, then taking the shell vote_count >= 3 at prob_t = 0.0; 12682 features, gated against the rung's recorded pre-verifier count (results/55map-final-board-2026-08-27/sweep_A-N3.csv + results/55map-final-board-r2-2026-09-06/sweep_A-N3.csv) and against a full-K rebuild of the committed union (38713 features, max centroid drift 0.069 m)"
pair::stride-55map-2026-08-25::g384-ov192-55map-n3-carried-posthoc-p0.15-k3-r2-gt,stride-55map-2026-08-25::g384-ov192-55map-n3-carried-posthoc-p0.15-k3-r2-gt,stride-55map-2026-08-25,g384_ov192_55map,55-map|r2|50m|55maps-8541,55-map|r2|50m|55maps-8541,"same-recipe-by-construction: the twin is scored with the verified cell's own recorded recipe, so its reference, buffer, and frame are that cell's by construction",55-map,r2,50,55maps-8541,3,3,0.15,ready,first-n-recluster,,,results/uplift-supplement/verifier-pairing/first-n/g384_ov192_55map-n3-k3/twin.geojson,,,,"vote_count >= 3 at prob_t = 0.0, over clusters re-built from passes[:3]",inputs/vectors/references/best-available-gt-55maps-r2.geojson,inputs/vectors/bounds/384/55maps_evaluation_bounds.geojson,evaluate_detections,results/uplift-supplement/verifier-pairing/stride-55map-2026-08-25__g384-ov192-55map-n3-carried-posthoc-p0_15-k3-r2-gt,,python scripts/evaluate_detections.py --detections results/uplift-supplement/verifier-pairing/first-n/g384_ov192_55map-n3-k3/twin.geojson --ground-truth inputs/vectors/references/best-available-gt-55maps-r2.geojson --bounds inputs/vectors/bounds/384/55maps_evaluation_bounds.geojson --buffers 5 10 15 20 25 30 35 40 45 50 75 100 125 150 --bootstrap 10000 --seed 42 --mcc --output-dir results/uplift-supplement/verifier-pairing/stride-55map-2026-08-25__g384-ov192-55map-n3-carried-posthoc-p0_15-k3-r2-gt --label stride-55map-2026-08-25__g384-ov192-55map-n3-carried-posthoc-p0_15-k3-r2-gt-unverified,"twin derived by re-clustering passes[:3] exactly as scripts/stride55_ladder.py builds the rung, then taking the shell vote_count >= 3 at prob_t = 0.0; 16706 features, gated against the rung's recorded pre-verifier count (results/55map-final-board-2026-08-27/sweep_B-N3.csv + results/55map-final-board-r2-2026-09-06/sweep_B-N3.csv) and against a full-K rebuild of the committed union (57482 features, max centroid drift 0.069 m)"
pair::stride-55map-2026-08-25::g384-ov192-55map-n5-carried-p0.15-k5-canonical-gt,stride-55map-2026-08-25::g384-ov192-55map-n5-carried-p0.15-k5-canonical-gt,stride-55map-2026-08-25,g384_ov192_55map,55-map|canonical|50m|55maps-8541,55-map|canonical|50m|55maps-8541,"same-recipe-by-construction: the twin is scored with the verified cell's own recorded recipe, so its reference, buffer, and frame are that cell's by construction",55-map,canonical,50,55maps-8541,5,5,0.15,ready,first-n-recluster,,,results/uplift-supplement/verifier-pairing/first-n/g384_ov192_55map-n5-k5/twin.geojson,,,,"vote_count >= 5 at prob_t = 0.0, over clusters re-built from passes[:5]",inputs/vectors/references/canonical-gt-55maps-r50.geojson,inputs/vectors/bounds/384/55maps_evaluation_bounds.geojson,corrected_f1_multi_buffer,results/uplift-supplement/verifier-pairing/stride-55map-2026-08-25__g384-ov192-55map-n5-carried-p0_15-k5-canonical-gt,,python scripts/compute_corrected_f1_multi_buffer.py --verified-detections results/uplift-supplement/verifier-pairing/first-n/g384_ov192_55map-n5-k5/twin.geojson --student-gt inputs/vectors/references/student-mounds-55maps-reviewed.geojson --bounds inputs/vectors/bounds/384/55maps_evaluation_bounds.geojson --buffers 20 30 50 --n-bootstrap 10000 --seed 42 --compute-mcc --output-dir results/uplift-supplement/verifier-pairing/stride-55map-2026-08-25__g384-ov192-55map-n5-carried-p0_15-k5-canonical-gt --review-yesterday results/stride55-2026-08-27/empty-yesterday-review.csv --review-today results/deployment-oracle-2026-06-06/canonical-gt/canonical-review.csv,"twin derived by re-clustering passes[:5] exactly as scripts/stride55_ladder.py builds the rung, then taking the shell vote_count >= 5 at prob_t = 0.0; 14889 features, gated against the rung's recorded pre-verifier count (results/55map-final-board-2026-08-27/sweep_B-N5.csv + results/55map-final-board-r2-2026-09-06/sweep_B-N5.csv) and against a full-K rebuild of the committed union (57482 features, max centroid drift 0.069 m)"
pair::image-b-gs-2026-08-28::g384-ov192-image-min-k10-verified-p0.15-k9,image-b-gs-2026-08-28::g384-ov192-image-min-k10-verified-p0.15-k9,image-b-gs-2026-08-28,g384_ov192_image,4-map-gs|curator|20m|grid-common-487,4-map-gs|curator|20m|grid-common-487,"same-recipe-by-construction: the twin is scored with the verified cell's own recorded recipe, so its reference, buffer, and frame are that cell's by construction",4-map-gs,curator,20,grid-common-487,10,9,0.15,ready-after-materialise,union,,,,,outputs/image-b-gs-2026-08-28/verifier/g384_ov192_image/union_k10.geojson,,vote_count >= 9,inputs/vectors/references/mounds-reference.geojson,outputs/grid-2026-08-18/scoring/bounds/grid_common_bounds.geojson,evaluate_detections,results/uplift-supplement/verifier-pairing/image-b-gs-2026-08-28__g384-ov192-image-min-k10-verified-p0_15-k9,python scripts/materialise_pairing_twin.py --union outputs/image-b-gs-2026-08-28/verifier/g384_ov192_image/union_k10.geojson --min-votes 9 --expect-manifest outputs/image-b-gs-2026-08-28/verifier/g384_ov192_image/crops/candidate_manifest.json --output results/uplift-supplement/verifier-pairing/image-b-gs-2026-08-28__g384-ov192-image-min-k10-verified-p0_15-k9/twin-9of10.geojson,python scripts/evaluate_detections.py --detections results/uplift-supplement/verifier-pairing/image-b-gs-2026-08-28__g384-ov192-image-min-k10-verified-p0_15-k9/twin-9of10.geojson --ground-truth inputs/vectors/references/mounds-reference.geojson --bounds outputs/grid-2026-08-18/scoring/bounds/grid_common_bounds.geojson --buffers 5 10 15 20 25 30 35 40 45 50 75 100 125 150 --bootstrap 10000 --seed 42 --mcc --output-dir results/uplift-supplement/verifier-pairing/image-b-gs-2026-08-28__g384-ov192-image-min-k10-verified-p0_15-k9 --label image-b-gs-2026-08-28__g384-ov192-image-min-k10-verified-p0_15-k9-unverified,"the paired shell must be filtered out of the union before scoring; no API spend, no re-aggregation; union cross-checked against outputs/image-b-gs-2026-08-28/verifier/g384_ov192_image/crops/candidate_manifest.json"
pair::image-b-gs-2026-08-28::g384-ov192-image-high-k10-verified-p0.20-k8,image-b-gs-2026-08-28::g384-ov192-image-high-k10-verified-p0.20-k8,image-b-gs-2026-08-28,g384_ov192_image_high,4-map-gs|curator|20m|grid-common-487,4-map-gs|curator|20m|grid-common-487,"same-recipe-by-construction: the twin is scored with the verified cell's own recorded recipe, so its reference, buffer, and frame are that cell's by construction",4-map-gs,curator,20,grid-common-487,10,8,0.2,ready-after-materialise,union,,,,,outputs/image-b-gs-2026-08-28/verifier/g384_ov192_image_high/union_k10.geojson,,vote_count >= 8,inputs/vectors/references/mounds-reference.geojson,outputs/grid-2026-08-18/scoring/bounds/grid_common_bounds.geojson,evaluate_detections,results/uplift-supplement/verifier-pairing/image-b-gs-2026-08-28__g384-ov192-image-high-k10-verified-p0_20-k8,python scripts/materialise_pairing_twin.py --union outputs/image-b-gs-2026-08-28/verifier/g384_ov192_image_high/union_k10.geojson --min-votes 8 --expect-manifest outputs/image-b-gs-2026-08-28/verifier/g384_ov192_image_high/crops/candidate_manifest.json --output results/uplift-supplement/verifier-pairing/image-b-gs-2026-08-28__g384-ov192-image-high-k10-verified-p0_20-k8/twin-8of10.geojson,python scripts/evaluate_detections.py --detections results/uplift-supplement/verifier-pairing/image-b-gs-2026-08-28__g384-ov192-image-high-k10-verified-p0_20-k8/twin-8of10.geojson --ground-truth inputs/vectors/references/mounds-reference.geojson --bounds outputs/grid-2026-08-18/scoring/bounds/grid_common_bounds.geojson --buffers 5 10 15 20 25 30 35 40 45 50 75 100 125 150 --bootstrap 10000 --seed 42 --mcc --output-dir results/uplift-supplement/verifier-pairing/image-b-gs-2026-08-28__g384-ov192-image-high-k10-verified-p0_20-k8 --label image-b-gs-2026-08-28__g384-ov192-image-high-k10-verified-p0_20-k8-unverified,"the paired shell must be filtered out of the union before scoring; no API spend, no re-aggregation; union cross-checked against outputs/image-b-gs-2026-08-28/verifier/g384_ov192_image_high/crops/candidate_manifest.json"
pair::gemini37-screen-2026-08-28::g37-text-k5-verified-carried-p0.10-k5,gemini37-screen-2026-08-28::g37-text-k5-verified-carried-p0.10-k5,gemini37-screen-2026-08-28,g384_ov192_g37,4-map-gs|curator|20m|grid-common-487,4-map-gs|curator|20m|grid-common-487,"same-recipe-by-construction: the twin is scored with the verified cell's own recorded recipe, so its reference, buffer, and frame are that cell's by construction",4-map-gs,curator,20,grid-common-487,5,5,0.1,ready-after-materialise,union,,,,,outputs/gemini37-screen-2026-08-28/verifier/g384_ov192_g37/union_k5.geojson,,vote_count >= 5,inputs/vectors/references/mounds-reference.geojson,outputs/grid-2026-08-18/scoring/bounds/grid_common_bounds.geojson,evaluate_detections,results/uplift-supplement/verifier-pairing/gemini37-screen-2026-08-28__g37-text-k5-verified-carried-p0_10-k5,python scripts/materialise_pairing_twin.py --union outputs/gemini37-screen-2026-08-28/verifier/g384_ov192_g37/union_k5.geojson --min-votes 5 --expect-manifest outputs/gemini37-screen-2026-08-28/verifier/g384_ov192_g37/crops/candidate_manifest.json --output results/uplift-supplement/verifier-pairing/gemini37-screen-2026-08-28__g37-text-k5-verified-carried-p0_10-k5/twin-5of5.geojson,python scripts/evaluate_detections.py --detections results/uplift-supplement/verifier-pairing/gemini37-screen-2026-08-28__g37-text-k5-verified-carried-p0_10-k5/twin-5of5.geojson --ground-truth inputs/vectors/references/mounds-reference.geojson --bounds outputs/grid-2026-08-18/scoring/bounds/grid_common_bounds.geojson --buffers 5 10 15 20 25 30 35 40 45 50 75 100 125 150 --bootstrap 10000 --seed 42 --mcc --output-dir results/uplift-supplement/verifier-pairing/gemini37-screen-2026-08-28__g37-text-k5-verified-carried-p0_10-k5 --label gemini37-screen-2026-08-28__g37-text-k5-verified-carried-p0_10-k5-unverified,"the paired shell must be filtered out of the union before scoring; no API spend, no re-aggregation; union cross-checked against outputs/gemini37-screen-2026-08-28/verifier/g384_ov192_g37/crops/candidate_manifest.json"
pair::gemini37-screen-2026-08-28::g37-text-k10-verified-carried-p0.10-k10,gemini37-screen-2026-08-28::g37-text-k10-verified-carried-p0.10-k10,gemini37-screen-2026-08-28,g384_ov192_g37,4-map-gs|curator|20m|grid-common-487,4-map-gs|curator|20m|grid-common-487,"same-recipe-by-construction: the twin is scored with the verified cell's own recorded recipe, so its reference, buffer, and frame are that cell's by construction",4-map-gs,curator,20,grid-common-487,10,10,0.1,ready-after-materialise,union,,,,,outputs/gemini37-screen-2026-08-28/verifier/g384_ov192_g37/union_k10.geojson,,vote_count >= 10,inputs/vectors/references/mounds-reference.geojson,outputs/grid-2026-08-18/scoring/bounds/grid_common_bounds.geojson,evaluate_detections,results/uplift-supplement/verifier-pairing/gemini37-screen-2026-08-28__g37-text-k10-verified-carried-p0_10-k10,python scripts/materialise_pairing_twin.py --union outputs/gemini37-screen-2026-08-28/verifier/g384_ov192_g37/union_k10.geojson --min-votes 10 --expect-manifest outputs/gemini37-screen-2026-08-28/verifier/g384_ov192_g37/crops_k10/candidate_manifest.json --output results/uplift-supplement/verifier-pairing/gemini37-screen-2026-08-28__g37-text-k10-verified-carried-p0_10-k10/twin-10of10.geojson,python scripts/evaluate_detections.py --detections results/uplift-supplement/verifier-pairing/gemini37-screen-2026-08-28__g37-text-k10-verified-carried-p0_10-k10/twin-10of10.geojson --ground-truth inputs/vectors/references/mounds-reference.geojson --bounds outputs/grid-2026-08-18/scoring/bounds/grid_common_bounds.geojson --buffers 5 10 15 20 25 30 35 40 45 50 75 100 125 150 --bootstrap 10000 --seed 42 --mcc --output-dir results/uplift-supplement/verifier-pairing/gemini37-screen-2026-08-28__g37-text-k10-verified-carried-p0_10-k10 --label gemini37-screen-2026-08-28__g37-text-k10-verified-carried-p0_10-k10-unverified,"the paired shell must be filtered out of the union before scoring; no API spend, no re-aggregation; union cross-checked against outputs/gemini37-screen-2026-08-28/verifier/g384_ov192_g37/crops_k10/candidate_manifest.json"
pair::gemini37-screen-2026-08-28::g37-text-k5-verified-swap37-p0.80-k5,gemini37-screen-2026-08-28::g37-text-k5-verified-swap37-p0.80-k5,gemini37-screen-2026-08-28,g384_ov192_g37,4-map-gs|curator|20m|grid-common-487,4-map-gs|curator|20m|grid-common-487,"same-recipe-by-construction: the twin is scored with the verified cell's own recorded recipe, so its reference, buffer, and frame are that cell's by construction",4-map-gs,curator,20,grid-common-487,5,5,0.8,ready-after-materialise,union,,,,,outputs/gemini37-screen-2026-08-28/verifier/g384_ov192_g37/union_k5.geojson,,vote_count >= 5,inputs/vectors/references/mounds-reference.geojson,outputs/grid-2026-08-18/scoring/bounds/grid_common_bounds.geojson,evaluate_detections,results/uplift-supplement/verifier-pairing/gemini37-screen-2026-08-28__g37-text-k5-verified-swap37-p0_80-k5,python scripts/materialise_pairing_twin.py --union outputs/gemini37-screen-2026-08-28/verifier/g384_ov192_g37/union_k5.geojson --min-votes 5 --expect-manifest outputs/gemini37-screen-2026-08-28/verifier/g384_ov192_g37/crops/candidate_manifest.json --output results/uplift-supplement/verifier-pairing/gemini37-screen-2026-08-28__g37-text-k5-verified-swap37-p0_80-k5/twin-5of5.geojson,python scripts/evaluate_detections.py --detections results/uplift-supplement/verifier-pairing/gemini37-screen-2026-08-28__g37-text-k5-verified-swap37-p0_80-k5/twin-5of5.geojson --ground-truth inputs/vectors/references/mounds-reference.geojson --bounds outputs/grid-2026-08-18/scoring/bounds/grid_common_bounds.geojson --buffers 5 10 15 20 25 30 35 40 45 50 75 100 125 150 --bootstrap 10000 --seed 42 --mcc --output-dir results/uplift-supplement/verifier-pairing/gemini37-screen-2026-08-28__g37-text-k5-verified-swap37-p0_80-k5 --label gemini37-screen-2026-08-28__g37-text-k5-verified-swap37-p0_80-k5-unverified,"the paired shell must be filtered out of the union before scoring; no API spend, no re-aggregation; union cross-checked against outputs/gemini37-screen-2026-08-28/verifier/g384_ov192_g37/crops/candidate_manifest.json"
pair::gemini37-screen-2026-08-28::g37-text-k5-verified-swap38-p0.88-k5,gemini37-screen-2026-08-28::g37-text-k5-verified-swap38-p0.88-k5,gemini37-screen-2026-08-28,g384_ov192_g37,4-map-gs|curator|20m|grid-common-487,4-map-gs|curator|20m|grid-common-487,"same-recipe-by-construction: the twin is scored with the verified cell's own recorded recipe, so its reference, buffer, and frame are that cell's by construction",4-map-gs,curator,20,grid-common-487,5,5,0.88,ready-after-materialise,union,,,,,outputs/gemini37-screen-2026-08-28/verifier/g384_ov192_g37/union_k5.geojson,,vote_count >= 5,inputs/vectors/references/mounds-reference.geojson,outputs/grid-2026-08-18/scoring/bounds/grid_common_bounds.geojson,evaluate_detections,results/uplift-supplement/verifier-pairing/gemini37-screen-2026-08-28__g37-text-k5-verified-swap38-p0_88-k5,python scripts/materialise_pairing_twin.py --union outputs/gemini37-screen-2026-08-28/verifier/g384_ov192_g37/union_k5.geojson --min-votes 5 --expect-manifest outputs/gemini37-screen-2026-08-28/verifier/g384_ov192_g37/crops/candidate_manifest.json --output results/uplift-supplement/verifier-pairing/gemini37-screen-2026-08-28__g37-text-k5-verified-swap38-p0_88-k5/twin-5of5.geojson,python scripts/evaluate_detections.py --detections results/uplift-supplement/verifier-pairing/gemini37-screen-2026-08-28__g37-text-k5-verified-swap38-p0_88-k5/twin-5of5.geojson --ground-truth inputs/vectors/references/mounds-reference.geojson --bounds outputs/grid-2026-08-18/scoring/bounds/grid_common_bounds.geojson --buffers 5 10 15 20 25 30 35 40 45 50 75 100 125 150 --bootstrap 10000 --seed 42 --mcc --output-dir results/uplift-supplement/verifier-pairing/gemini37-screen-2026-08-28__g37-text-k5-verified-swap38-p0_88-k5 --label gemini37-screen-2026-08-28__g37-text-k5-verified-swap38-p0_88-k5-unverified,"the paired shell must be filtered out of the union before scoring; no API spend, no re-aggregation; union cross-checked against outputs/gemini37-screen-2026-08-28/verifier/g384_ov192_g37/crops/candidate_manifest.json"
pair::gemini37-55map-2026-08-29::arm1-n5-carried-p0.10-k5-canonical-gt,gemini37-55map-2026-08-29::arm1-n5-carried-p0.10-k5-canonical-gt,gemini37-55map-2026-08-29,g384_ov192_55map_g37,55-map|canonical|50m|55maps-8541,55-map|canonical|50m|55maps-8541,"same-recipe-by-construction: the twin is scored with the verified cell's own recorded recipe, so its reference, buffer, and frame are that cell's by construction",55-map,canonical,50,55maps-8541,5,5,0.1,ready-after-materialise,union,,,,,outputs/gemini37-55map-2026-08-29/verifier/g384_ov192_55map_g37/union_k5.geojson,,vote_count >= 5,inputs/vectors/references/canonical-gt-55maps-r50.geojson,inputs/vectors/bounds/384/55maps_evaluation_bounds.geojson,corrected_f1_multi_buffer,results/uplift-supplement/verifier-pairing/gemini37-55map-2026-08-29__arm1-n5-carried-p0_10-k5-canonical-gt,python scripts/materialise_pairing_twin.py --union outputs/gemini37-55map-2026-08-29/verifier/g384_ov192_55map_g37/union_k5.geojson --min-votes 5 --expect-manifest outputs/gemini37-55map-2026-08-29/verifier/g384_ov192_55map_g37/crops/candidate_manifest.json --output results/uplift-supplement/verifier-pairing/gemini37-55map-2026-08-29__arm1-n5-carried-p0_10-k5-canonical-gt/twin-5of5.geojson,python scripts/compute_corrected_f1_multi_buffer.py --verified-detections results/uplift-supplement/verifier-pairing/gemini37-55map-2026-08-29__arm1-n5-carried-p0_10-k5-canonical-gt/twin-5of5.geojson --student-gt inputs/vectors/references/student-mounds-55maps-reviewed.geojson --bounds inputs/vectors/bounds/384/55maps_evaluation_bounds.geojson --buffers 20 30 50 --n-bootstrap 10000 --seed 42 --compute-mcc --output-dir results/uplift-supplement/verifier-pairing/gemini37-55map-2026-08-29__arm1-n5-carried-p0_10-k5-canonical-gt --review-yesterday results/gemini37-55map-2026-08-31/arm1/empty-yesterday-review.csv --review-today results/deployment-oracle-2026-06-06/canonical-gt/canonical-review.csv,"the paired shell must be filtered out of the union before scoring; no API spend, no re-aggregation; union cross-checked against outputs/gemini37-55map-2026-08-29/verifier/g384_ov192_55map_g37/crops/candidate_manifest.json"
pair::gemini37-55map-2026-08-29::arm1-n5-carried-p0.10-k5-standardised-gt,gemini37-55map-2026-08-29::arm1-n5-carried-p0.10-k5-standardised-gt,gemini37-55map-2026-08-29,g384_ov192_55map_g37,55-map|standardised|50m|55maps-8541,55-map|standardised|50m|55maps-8541,"same-recipe-by-construction: the twin is scored with the verified cell's own recorded recipe, so its reference, buffer, and frame are that cell's by construction",55-map,standardised,50,55maps-8541,5,5,0.1,ready-after-materialise,union,,,,,outputs/gemini37-55map-2026-08-29/verifier/g384_ov192_55map_g37/union_k5.geojson,,vote_count >= 5,inputs/vectors/references/best-available-gt-55maps.geojson,inputs/vectors/bounds/384/55maps_evaluation_bounds.geojson,evaluate_detections,results/uplift-supplement/verifier-pairing/gemini37-55map-2026-08-29__arm1-n5-carried-p0_10-k5-standardised-gt,python scripts/materialise_pairing_twin.py --union outputs/gemini37-55map-2026-08-29/verifier/g384_ov192_55map_g37/union_k5.geojson --min-votes 5 --expect-manifest outputs/gemini37-55map-2026-08-29/verifier/g384_ov192_55map_g37/crops/candidate_manifest.json --output results/uplift-supplement/verifier-pairing/gemini37-55map-2026-08-29__arm1-n5-carried-p0_10-k5-standardised-gt/twin-5of5.geojson,python scripts/evaluate_detections.py --detections results/uplift-supplement/verifier-pairing/gemini37-55map-2026-08-29__arm1-n5-carried-p0_10-k5-standardised-gt/twin-5of5.geojson --ground-truth inputs/vectors/references/best-available-gt-55maps.geojson --bounds inputs/vectors/bounds/384/55maps_evaluation_bounds.geojson --buffers 5 10 15 20 25 30 35 40 45 50 75 100 125 150 --bootstrap 10000 --seed 42 --mcc --output-dir results/uplift-supplement/verifier-pairing/gemini37-55map-2026-08-29__arm1-n5-carried-p0_10-k5-standardised-gt --label gemini37-55map-2026-08-29__arm1-n5-carried-p0_10-k5-standardised-gt-unverified,"the paired shell must be filtered out of the union before scoring; no API spend, no re-aggregation; union cross-checked against outputs/gemini37-55map-2026-08-29/verifier/g384_ov192_55map_g37/crops/candidate_manifest.json"
pair::gemini37-55map-2026-08-29::arm2-n5-carried-p0.80-k5-canonical-gt,gemini37-55map-2026-08-29::arm2-n5-carried-p0.80-k5-canonical-gt,gemini37-55map-2026-08-29,g384_ov192_55map_g37,55-map|canonical|50m|55maps-8541,55-map|canonical|50m|55maps-8541,"same-recipe-by-construction: the twin is scored with the verified cell's own recorded recipe, so its reference, buffer, and frame are that cell's by construction",55-map,canonical,50,55maps-8541,5,5,0.8,ready-after-materialise,union,,,,,outputs/gemini37-55map-2026-08-29/verifier/g384_ov192_55map_g37/union_k5.geojson,,vote_count >= 5,inputs/vectors/references/canonical-gt-55maps-r50.geojson,inputs/vectors/bounds/384/55maps_evaluation_bounds.geojson,corrected_f1_multi_buffer,results/uplift-supplement/verifier-pairing/gemini37-55map-2026-08-29__arm2-n5-carried-p0_80-k5-canonical-gt,python scripts/materialise_pairing_twin.py --union outputs/gemini37-55map-2026-08-29/verifier/g384_ov192_55map_g37/union_k5.geojson --min-votes 5 --expect-manifest outputs/gemini37-55map-2026-08-29/verifier/g384_ov192_55map_g37/crops/candidate_manifest.json --output results/uplift-supplement/verifier-pairing/gemini37-55map-2026-08-29__arm2-n5-carried-p0_80-k5-canonical-gt/twin-5of5.geojson,python scripts/compute_corrected_f1_multi_buffer.py --verified-detections results/uplift-supplement/verifier-pairing/gemini37-55map-2026-08-29__arm2-n5-carried-p0_80-k5-canonical-gt/twin-5of5.geojson --student-gt inputs/vectors/references/student-mounds-55maps-reviewed.geojson --bounds inputs/vectors/bounds/384/55maps_evaluation_bounds.geojson --buffers 20 30 50 --n-bootstrap 10000 --seed 42 --compute-mcc --output-dir results/uplift-supplement/verifier-pairing/gemini37-55map-2026-08-29__arm2-n5-carried-p0_80-k5-canonical-gt --review-yesterday results/gemini37-55map-2026-08-31/arm2/empty-yesterday-review.csv --review-today results/deployment-oracle-2026-06-06/canonical-gt/canonical-review.csv,"the paired shell must be filtered out of the union before scoring; no API spend, no re-aggregation; union cross-checked against outputs/gemini37-55map-2026-08-29/verifier/g384_ov192_55map_g37/crops/candidate_manifest.json"
pair::gemini37-55map-2026-08-29::arm2-n5-carried-p0.80-k5-standardised-gt,gemini37-55map-2026-08-29::arm2-n5-carried-p0.80-k5-standardised-gt,gemini37-55map-2026-08-29,g384_ov192_55map_g37,55-map|standardised|50m|55maps-8541,55-map|standardised|50m|55maps-8541,"same-recipe-by-construction: the twin is scored with the verified cell's own recorded recipe, so its reference, buffer, and frame are that cell's by construction",55-map,standardised,50,55maps-8541,5,5,0.8,ready-after-materialise,union,,,,,outputs/gemini37-55map-2026-08-29/verifier/g384_ov192_55map_g37/union_k5.geojson,,vote_count >= 5,inputs/vectors/references/best-available-gt-55maps.geojson,inputs/vectors/bounds/384/55maps_evaluation_bounds.geojson,evaluate_detections,results/uplift-supplement/verifier-pairing/gemini37-55map-2026-08-29__arm2-n5-carried-p0_80-k5-standardised-gt,python scripts/materialise_pairing_twin.py --union outputs/gemini37-55map-2026-08-29/verifier/g384_ov192_55map_g37/union_k5.geojson --min-votes 5 --expect-manifest outputs/gemini37-55map-2026-08-29/verifier/g384_ov192_55map_g37/crops/candidate_manifest.json --output results/uplift-supplement/verifier-pairing/gemini37-55map-2026-08-29__arm2-n5-carried-p0_80-k5-standardised-gt/twin-5of5.geojson,python scripts/evaluate_detections.py --detections results/uplift-supplement/verifier-pairing/gemini37-55map-2026-08-29__arm2-n5-carried-p0_80-k5-standardised-gt/twin-5of5.geojson --ground-truth inputs/vectors/references/best-available-gt-55maps.geojson --bounds inputs/vectors/bounds/384/55maps_evaluation_bounds.geojson --buffers 5 10 15 20 25 30 35 40 45 50 75 100 125 150 --bootstrap 10000 --seed 42 --mcc --output-dir results/uplift-supplement/verifier-pairing/gemini37-55map-2026-08-29__arm2-n5-carried-p0_80-k5-standardised-gt --label gemini37-55map-2026-08-29__arm2-n5-carried-p0_80-k5-standardised-gt-unverified,"the paired shell must be filtered out of the union before scoring; no API spend, no re-aggregation; union cross-checked against outputs/gemini37-55map-2026-08-29/verifier/g384_ov192_55map_g37/crops/candidate_manifest.json"
pair::gemini37-55map-2026-08-29::arm1-n5-oracle-p0.15-k5-r2-gt,gemini37-55map-2026-08-29::arm1-n5-oracle-p0.15-k5-r2-gt,gemini37-55map-2026-08-29,g384_ov192_55map_g37,55-map|r2|50m|55maps-8541,55-map|r2|50m|55maps-8541,"same-recipe-by-construction: the twin is scored with the verified cell's own recorded recipe, so its reference, buffer, and frame are that cell's by construction",55-map,r2,50,55maps-8541,5,5,0.15,ready-after-materialise,union,,,,,outputs/gemini37-55map-2026-08-29/verifier/g384_ov192_55map_g37/union_k5.geojson,,vote_count >= 5,inputs/vectors/references/best-available-gt-55maps-r2.geojson,inputs/vectors/bounds/384/55maps_evaluation_bounds.geojson,evaluate_detections,results/uplift-supplement/verifier-pairing/gemini37-55map-2026-08-29__arm1-n5-oracle-p0_15-k5-r2-gt,python scripts/materialise_pairing_twin.py --union outputs/gemini37-55map-2026-08-29/verifier/g384_ov192_55map_g37/union_k5.geojson --min-votes 5 --expect-manifest outputs/gemini37-55map-2026-08-29/verifier/g384_ov192_55map_g37/crops/candidate_manifest.json --output results/uplift-supplement/verifier-pairing/gemini37-55map-2026-08-29__arm1-n5-oracle-p0_15-k5-r2-gt/twin-5of5.geojson,python scripts/evaluate_detections.py --detections results/uplift-supplement/verifier-pairing/gemini37-55map-2026-08-29__arm1-n5-oracle-p0_15-k5-r2-gt/twin-5of5.geojson --ground-truth inputs/vectors/references/best-available-gt-55maps-r2.geojson --bounds inputs/vectors/bounds/384/55maps_evaluation_bounds.geojson --buffers 5 10 15 20 25 30 35 40 45 50 75 100 125 150 --bootstrap 10000 --seed 42 --mcc --output-dir results/uplift-supplement/verifier-pairing/gemini37-55map-2026-08-29__arm1-n5-oracle-p0_15-k5-r2-gt --label gemini37-55map-2026-08-29__arm1-n5-oracle-p0_15-k5-r2-gt-unverified,"the paired shell must be filtered out of the union before scoring; no API spend, no re-aggregation; union cross-checked against outputs/gemini37-55map-2026-08-29/verifier/g384_ov192_55map_g37/crops/candidate_manifest.json"
pair::gemini37-55map-2026-08-29::arm1-n5-carried-p0.10-k5-r2-gt,gemini37-55map-2026-08-29::arm1-n5-carried-p0.10-k5-r2-gt,gemini37-55map-2026-08-29,g384_ov192_55map_g37,55-map|r2|50m|55maps-8541,55-map|r2|50m|55maps-8541,"same-recipe-by-construction: the twin is scored with the verified cell's own recorded recipe, so its reference, buffer, and frame are that cell's by construction",55-map,r2,50,55maps-8541,5,5,0.1,ready-after-materialise,union,,,,,outputs/gemini37-55map-2026-08-29/verifier/g384_ov192_55map_g37/union_k5.geojson,,vote_count >= 5,inputs/vectors/references/best-available-gt-55maps-r2.geojson,inputs/vectors/bounds/384/55maps_evaluation_bounds.geojson,evaluate_detections,results/uplift-supplement/verifier-pairing/gemini37-55map-2026-08-29__arm1-n5-carried-p0_10-k5-r2-gt,python scripts/materialise_pairing_twin.py --union outputs/gemini37-55map-2026-08-29/verifier/g384_ov192_55map_g37/union_k5.geojson --min-votes 5 --expect-manifest outputs/gemini37-55map-2026-08-29/verifier/g384_ov192_55map_g37/crops/candidate_manifest.json --output results/uplift-supplement/verifier-pairing/gemini37-55map-2026-08-29__arm1-n5-carried-p0_10-k5-r2-gt/twin-5of5.geojson,python scripts/evaluate_detections.py --detections results/uplift-supplement/verifier-pairing/gemini37-55map-2026-08-29__arm1-n5-carried-p0_10-k5-r2-gt/twin-5of5.geojson --ground-truth inputs/vectors/references/best-available-gt-55maps-r2.geojson --bounds inputs/vectors/bounds/384/55maps_evaluation_bounds.geojson --buffers 5 10 15 20 25 30 35 40 45 50 75 100 125 150 --bootstrap 10000 --seed 42 --mcc --output-dir results/uplift-supplement/verifier-pairing/gemini37-55map-2026-08-29__arm1-n5-carried-p0_10-k5-r2-gt --label gemini37-55map-2026-08-29__arm1-n5-carried-p0_10-k5-r2-gt-unverified,"the paired shell must be filtered out of the union before scoring; no API spend, no re-aggregation; union cross-checked against outputs/gemini37-55map-2026-08-29/verifier/g384_ov192_55map_g37/crops/candidate_manifest.json"
pair::gemini37-55map-2026-08-29::arm1-n1-oracle-p0.20-k1-r2-gt,gemini37-55map-2026-08-29::arm1-n1-oracle-p0.20-k1-r2-gt,gemini37-55map-2026-08-29,g384_ov192_55map_g37,55-map|r2|50m|55maps-8541,55-map|r2|50m|55maps-8541,"same-recipe-by-construction: the twin is scored with the verified cell's own recorded recipe, so its reference, buffer, and frame are that cell's by construction",55-map,r2,50,55maps-8541,1,1,0.2,ready,first-n-recluster,,,results/uplift-supplement/verifier-pairing/first-n/g384_ov192_55map_g37-n1-k1/twin.geojson,,,,"vote_count >= 1 at prob_t = 0.0, over clusters re-built from passes[:1]",inputs/vectors/references/best-available-gt-55maps-r2.geojson,inputs/vectors/bounds/384/55maps_evaluation_bounds.geojson,evaluate_detections,results/uplift-supplement/verifier-pairing/gemini37-55map-2026-08-29__arm1-n1-oracle-p0_20-k1-r2-gt,,python scripts/evaluate_detections.py --detections results/uplift-supplement/verifier-pairing/first-n/g384_ov192_55map_g37-n1-k1/twin.geojson --ground-truth inputs/vectors/references/best-available-gt-55maps-r2.geojson --bounds inputs/vectors/bounds/384/55maps_evaluation_bounds.geojson --buffers 5 10 15 20 25 30 35 40 45 50 75 100 125 150 --bootstrap 10000 --seed 42 --mcc --output-dir results/uplift-supplement/verifier-pairing/gemini37-55map-2026-08-29__arm1-n1-oracle-p0_20-k1-r2-gt --label gemini37-55map-2026-08-29__arm1-n1-oracle-p0_20-k1-r2-gt-unverified,"twin derived by re-clustering passes[:1] exactly as scripts/stride55_ladder.py builds the rung, then taking the shell vote_count >= 1 at prob_t = 0.0; 8372 features, gated against the rung's recorded pre-verifier count (results/55map-final-board-r2-2026-09-06/sweep_ARM1-N1.csv) and against a full-K rebuild of the committed union (12715 features, max centroid drift 0.069 m)"
pair::gemini37-55map-2026-08-29::arm1-n3-oracle-p0.15-k3-r2-gt,gemini37-55map-2026-08-29::arm1-n3-oracle-p0.15-k3-r2-gt,gemini37-55map-2026-08-29,g384_ov192_55map_g37,55-map|r2|50m|55maps-8541,55-map|r2|50m|55maps-8541,"same-recipe-by-construction: the twin is scored with the verified cell's own recorded recipe, so its reference, buffer, and frame are that cell's by construction",55-map,r2,50,55maps-8541,3,3,0.15,ready,first-n-recluster,,,results/uplift-supplement/verifier-pairing/first-n/g384_ov192_55map_g37-n3-k3/twin.geojson,,,,"vote_count >= 3 at prob_t = 0.0, over clusters re-built from passes[:3]",inputs/vectors/references/best-available-gt-55maps-r2.geojson,inputs/vectors/bounds/384/55maps_evaluation_bounds.geojson,evaluate_detections,results/uplift-supplement/verifier-pairing/gemini37-55map-2026-08-29__arm1-n3-oracle-p0_15-k3-r2-gt,,python scripts/evaluate_detections.py --detections results/uplift-supplement/verifier-pairing/first-n/g384_ov192_55map_g37-n3-k3/twin.geojson --ground-truth inputs/vectors/references/best-available-gt-55maps-r2.geojson --bounds inputs/vectors/bounds/384/55maps_evaluation_bounds.geojson --buffers 5 10 15 20 25 30 35 40 45 50 75 100 125 150 --bootstrap 10000 --seed 42 --mcc --output-dir results/uplift-supplement/verifier-pairing/gemini37-55map-2026-08-29__arm1-n3-oracle-p0_15-k3-r2-gt --label gemini37-55map-2026-08-29__arm1-n3-oracle-p0_15-k3-r2-gt-unverified,"twin derived by re-clustering passes[:3] exactly as scripts/stride55_ladder.py builds the rung, then taking the shell vote_count >= 3 at prob_t = 0.0; 6261 features, gated against the rung's recorded pre-verifier count (results/55map-final-board-r2-2026-09-06/sweep_ARM1-N3.csv) and against a full-K rebuild of the committed union (12715 features, max centroid drift 0.069 m)"
pair::gemini37-55map-2026-08-29::arm2-n5-oracle-p0.95-k5-r2-gt,gemini37-55map-2026-08-29::arm2-n5-oracle-p0.95-k5-r2-gt,gemini37-55map-2026-08-29,g384_ov192_55map_g37,55-map|r2|50m|55maps-8541,55-map|r2|50m|55maps-8541,"same-recipe-by-construction: the twin is scored with the verified cell's own recorded recipe, so its reference, buffer, and frame are that cell's by construction",55-map,r2,50,55maps-8541,5,5,0.95,ready-after-materialise,union,,,,,outputs/gemini37-55map-2026-08-29/verifier/g384_ov192_55map_g37/union_k5.geojson,,vote_count >= 5,inputs/vectors/references/best-available-gt-55maps-r2.geojson,inputs/vectors/bounds/384/55maps_evaluation_bounds.geojson,evaluate_detections,results/uplift-supplement/verifier-pairing/gemini37-55map-2026-08-29__arm2-n5-oracle-p0_95-k5-r2-gt,python scripts/materialise_pairing_twin.py --union outputs/gemini37-55map-2026-08-29/verifier/g384_ov192_55map_g37/union_k5.geojson --min-votes 5 --expect-manifest outputs/gemini37-55map-2026-08-29/verifier/g384_ov192_55map_g37/crops/candidate_manifest.json --output results/uplift-supplement/verifier-pairing/gemini37-55map-2026-08-29__arm2-n5-oracle-p0_95-k5-r2-gt/twin-5of5.geojson,python scripts/evaluate_detections.py --detections results/uplift-supplement/verifier-pairing/gemini37-55map-2026-08-29__arm2-n5-oracle-p0_95-k5-r2-gt/twin-5of5.geojson --ground-truth inputs/vectors/references/best-available-gt-55maps-r2.geojson --bounds inputs/vectors/bounds/384/55maps_evaluation_bounds.geojson --buffers 5 10 15 20 25 30 35 40 45 50 75 100 125 150 --bootstrap 10000 --seed 42 --mcc --output-dir results/uplift-supplement/verifier-pairing/gemini37-55map-2026-08-29__arm2-n5-oracle-p0_95-k5-r2-gt --label gemini37-55map-2026-08-29__arm2-n5-oracle-p0_95-k5-r2-gt-unverified,"the paired shell must be filtered out of the union before scoring; no API spend, no re-aggregation; union cross-checked against outputs/gemini37-55map-2026-08-29/verifier/g384_ov192_55map_g37/crops/candidate_manifest.json"
pair::gemini37-55map-2026-08-29::arm2-n5-carried-p0.80-k5-r2-gt,gemini37-55map-2026-08-29::arm2-n5-carried-p0.80-k5-r2-gt,gemini37-55map-2026-08-29,g384_ov192_55map_g37,55-map|r2|50m|55maps-8541,55-map|r2|50m|55maps-8541,"same-recipe-by-construction: the twin is scored with the verified cell's own recorded recipe, so its reference, buffer, and frame are that cell's by construction",55-map,r2,50,55maps-8541,5,5,0.8,ready-after-materialise,union,,,,,outputs/gemini37-55map-2026-08-29/verifier/g384_ov192_55map_g37/union_k5.geojson,,vote_count >= 5,inputs/vectors/references/best-available-gt-55maps-r2.geojson,inputs/vectors/bounds/384/55maps_evaluation_bounds.geojson,evaluate_detections,results/uplift-supplement/verifier-pairing/gemini37-55map-2026-08-29__arm2-n5-carried-p0_80-k5-r2-gt,python scripts/materialise_pairing_twin.py --union outputs/gemini37-55map-2026-08-29/verifier/g384_ov192_55map_g37/union_k5.geojson --min-votes 5 --expect-manifest outputs/gemini37-55map-2026-08-29/verifier/g384_ov192_55map_g37/crops/candidate_manifest.json --output results/uplift-supplement/verifier-pairing/gemini37-55map-2026-08-29__arm2-n5-carried-p0_80-k5-r2-gt/twin-5of5.geojson,python scripts/evaluate_detections.py --detections results/uplift-supplement/verifier-pairing/gemini37-55map-2026-08-29__arm2-n5-carried-p0_80-k5-r2-gt/twin-5of5.geojson --ground-truth inputs/vectors/references/best-available-gt-55maps-r2.geojson --bounds inputs/vectors/bounds/384/55maps_evaluation_bounds.geojson --buffers 5 10 15 20 25 30 35 40 45 50 75 100 125 150 --bootstrap 10000 --seed 42 --mcc --output-dir results/uplift-supplement/verifier-pairing/gemini37-55map-2026-08-29__arm2-n5-carried-p0_80-k5-r2-gt --label gemini37-55map-2026-08-29__arm2-n5-carried-p0_80-k5-r2-gt-unverified,"the paired shell must be filtered out of the union before scoring; no API spend, no re-aggregation; union cross-checked against outputs/gemini37-55map-2026-08-29/verifier/g384_ov192_55map_g37/crops/candidate_manifest.json"
pair::gemini37-55map-2026-08-29::arm2-n1-oracle-p0.98-k1-r2-gt,gemini37-55map-2026-08-29::arm2-n1-oracle-p0.98-k1-r2-gt,gemini37-55map-2026-08-29,g384_ov192_55map_g37,55-map|r2|50m|55maps-8541,55-map|r2|50m|55maps-8541,"same-recipe-by-construction: the twin is scored with the verified cell's own recorded recipe, so its reference, buffer, and frame are that cell's by construction",55-map,r2,50,55maps-8541,1,1,0.98,ready,first-n-recluster,,,results/uplift-supplement/verifier-pairing/first-n/g384_ov192_55map_g37-n1-k1/twin.geojson,,,,"vote_count >= 1 at prob_t = 0.0, over clusters re-built from passes[:1]",inputs/vectors/references/best-available-gt-55maps-r2.geojson,inputs/vectors/bounds/384/55maps_evaluation_bounds.geojson,evaluate_detections,results/uplift-supplement/verifier-pairing/gemini37-55map-2026-08-29__arm2-n1-oracle-p0_98-k1-r2-gt,,python scripts/evaluate_detections.py --detections results/uplift-supplement/verifier-pairing/first-n/g384_ov192_55map_g37-n1-k1/twin.geojson --ground-truth inputs/vectors/references/best-available-gt-55maps-r2.geojson --bounds inputs/vectors/bounds/384/55maps_evaluation_bounds.geojson --buffers 5 10 15 20 25 30 35 40 45 50 75 100 125 150 --bootstrap 10000 --seed 42 --mcc --output-dir results/uplift-supplement/verifier-pairing/gemini37-55map-2026-08-29__arm2-n1-oracle-p0_98-k1-r2-gt --label gemini37-55map-2026-08-29__arm2-n1-oracle-p0_98-k1-r2-gt-unverified,"twin derived by re-clustering passes[:1] exactly as scripts/stride55_ladder.py builds the rung, then taking the shell vote_count >= 1 at prob_t = 0.0; 8372 features, gated against the rung's recorded pre-verifier count (results/55map-final-board-r2-2026-09-06/sweep_ARM1-N1.csv) and against a full-K rebuild of the committed union (12715 features, max centroid drift 0.069 m)"
pair::gemini37-55map-2026-08-29::arm2-n3-oracle-p0.95-k3-r2-gt,gemini37-55map-2026-08-29::arm2-n3-oracle-p0.95-k3-r2-gt,gemini37-55map-2026-08-29,g384_ov192_55map_g37,55-map|r2|50m|55maps-8541,55-map|r2|50m|55maps-8541,"same-recipe-by-construction: the twin is scored with the verified cell's own recorded recipe, so its reference, buffer, and frame are that cell's by construction",55-map,r2,50,55maps-8541,3,3,0.95,ready,first-n-recluster,,,results/uplift-supplement/verifier-pairing/first-n/g384_ov192_55map_g37-n3-k3/twin.geojson,,,,"vote_count >= 3 at prob_t = 0.0, over clusters re-built from passes[:3]",inputs/vectors/references/best-available-gt-55maps-r2.geojson,inputs/vectors/bounds/384/55maps_evaluation_bounds.geojson,evaluate_detections,results/uplift-supplement/verifier-pairing/gemini37-55map-2026-08-29__arm2-n3-oracle-p0_95-k3-r2-gt,,python scripts/evaluate_detections.py --detections results/uplift-supplement/verifier-pairing/first-n/g384_ov192_55map_g37-n3-k3/twin.geojson --ground-truth inputs/vectors/references/best-available-gt-55maps-r2.geojson --bounds inputs/vectors/bounds/384/55maps_evaluation_bounds.geojson --buffers 5 10 15 20 25 30 35 40 45 50 75 100 125 150 --bootstrap 10000 --seed 42 --mcc --output-dir results/uplift-supplement/verifier-pairing/gemini37-55map-2026-08-29__arm2-n3-oracle-p0_95-k3-r2-gt --label gemini37-55map-2026-08-29__arm2-n3-oracle-p0_95-k3-r2-gt-unverified,"twin derived by re-clustering passes[:3] exactly as scripts/stride55_ladder.py builds the rung, then taking the shell vote_count >= 3 at prob_t = 0.0; 6261 features, gated against the rung's recorded pre-verifier count (results/55map-final-board-r2-2026-09-06/sweep_ARM1-N3.csv) and against a full-K rebuild of the committed union (12715 features, max centroid drift 0.069 m)"
pair::gemini37-image-gs-2026-09-01::g37-image-k5-verified-carried-p0.10-k5,gemini37-image-gs-2026-09-01::g37-image-k5-verified-carried-p0.10-k5,gemini37-image-gs-2026-09-01,g384_ov192_g37img,4-map-gs|curator|20m|grid-common-487,4-map-gs|curator|20m|grid-common-487,"same-recipe-by-construction: the twin is scored with the verified cell's own recorded recipe, so its reference, buffer, and frame are that cell's by construction",4-map-gs,curator,20,grid-common-487,5,5,0.1,ready-after-materialise,union,,,,,outputs/gemini37-image-gs-2026-09-01/verifier/g384_ov192_g37img/union_k5.geojson,,vote_count >= 5,inputs/vectors/references/mounds-reference.geojson,outputs/grid-2026-08-18/scoring/bounds/grid_common_bounds.geojson,evaluate_detections,results/uplift-supplement/verifier-pairing/gemini37-image-gs-2026-09-01__g37-image-k5-verified-carried-p0_10-k5,python scripts/materialise_pairing_twin.py --union outputs/gemini37-image-gs-2026-09-01/verifier/g384_ov192_g37img/union_k5.geojson --min-votes 5 --expect-manifest outputs/gemini37-image-gs-2026-09-01/verifier/g384_ov192_g37img/crops/candidate_manifest.json --output results/uplift-supplement/verifier-pairing/gemini37-image-gs-2026-09-01__g37-image-k5-verified-carried-p0_10-k5/twin-5of5.geojson,python scripts/evaluate_detections.py --detections results/uplift-supplement/verifier-pairing/gemini37-image-gs-2026-09-01__g37-image-k5-verified-carried-p0_10-k5/twin-5of5.geojson --ground-truth inputs/vectors/references/mounds-reference.geojson --bounds outputs/grid-2026-08-18/scoring/bounds/grid_common_bounds.geojson --buffers 5 10 15 20 25 30 35 40 45 50 75 100 125 150 --bootstrap 10000 --seed 42 --mcc --output-dir results/uplift-supplement/verifier-pairing/gemini37-image-gs-2026-09-01__g37-image-k5-verified-carried-p0_10-k5 --label gemini37-image-gs-2026-09-01__g37-image-k5-verified-carried-p0_10-k5-unverified,"the paired shell must be filtered out of the union before scoring; no API spend, no re-aggregation; union cross-checked against outputs/gemini37-image-gs-2026-09-01/verifier/g384_ov192_g37img/crops/candidate_manifest.json"
pair::gemini37-image-gs-2026-09-01::g37-image-k5-verified-swap37-p0.90-k5,gemini37-image-gs-2026-09-01::g37-image-k5-verified-swap37-p0.90-k5,gemini37-image-gs-2026-09-01,g384_ov192_g37img,4-map-gs|curator|20m|grid-common-487,4-map-gs|curator|20m|grid-common-487,"same-recipe-by-construction: the twin is scored with the verified cell's own recorded recipe, so its reference, buffer, and frame are that cell's by construction",4-map-gs,curator,20,grid-common-487,5,5,0.9,ready-after-materialise,union,,,,,outputs/gemini37-image-gs-2026-09-01/verifier/g384_ov192_g37img/union_k5.geojson,,vote_count >= 5,inputs/vectors/references/mounds-reference.geojson,outputs/grid-2026-08-18/scoring/bounds/grid_common_bounds.geojson,evaluate_detections,results/uplift-supplement/verifier-pairing/gemini37-image-gs-2026-09-01__g37-image-k5-verified-swap37-p0_90-k5,python scripts/materialise_pairing_twin.py --union outputs/gemini37-image-gs-2026-09-01/verifier/g384_ov192_g37img/union_k5.geojson --min-votes 5 --expect-manifest outputs/gemini37-image-gs-2026-09-01/verifier/g384_ov192_g37img/crops/candidate_manifest.json --output results/uplift-supplement/verifier-pairing/gemini37-image-gs-2026-09-01__g37-image-k5-verified-swap37-p0_90-k5/twin-5of5.geojson,python scripts/evaluate_detections.py --detections results/uplift-supplement/verifier-pairing/gemini37-image-gs-2026-09-01__g37-image-k5-verified-swap37-p0_90-k5/twin-5of5.geojson --ground-truth inputs/vectors/references/mounds-reference.geojson --bounds outputs/grid-2026-08-18/scoring/bounds/grid_common_bounds.geojson --buffers 5 10 15 20 25 30 35 40 45 50 75 100 125 150 --bootstrap 10000 --seed 42 --mcc --output-dir results/uplift-supplement/verifier-pairing/gemini37-image-gs-2026-09-01__g37-image-k5-verified-swap37-p0_90-k5 --label gemini37-image-gs-2026-09-01__g37-image-k5-verified-swap37-p0_90-k5-unverified,"the paired shell must be filtered out of the union before scoring; no API spend, no re-aggregation; union cross-checked against outputs/gemini37-image-gs-2026-09-01/verifier/g384_ov192_g37img/crops/candidate_manifest.json"
