order_index,tile_name,map_name,tier,minx,miny,maxx,maxy,px_m
0,K-35-056-3_x3696_y672.png,K-35-056-3,10pct,559449.5364674543,4700257.670391749,561373.3111847979,4702181.445109093,5.009829993082349
1,K-35-065-2_GManastir_4326_x1680_y2016.png,K-35-065-2_GManastir_4326,10pct,446201.9479802478,4675100.173323161,448132.83454892744,4677031.05989184,5.028350439269919
2,K-35-077-1_x672_y336.png,K-35-077-1,10pct,420217.54695685406,4646592.2818849785,422149.73482314724,4648524.469751271,5.031739235138502
3,K-35-067-3_x2688_y3024.png,K-35-067-3,10pct,513375.97979003383,4651171.468231371,515305.23860831774,4653100.727049654,5.024111505947682
4,K-35-066-3_x2688_y3696.png,K-35-066-3,10pct,471966.9156669226,4647858.914699165,473896.2247552208,4649788.223787463,5.024242417443323
5,K-35-066-2_x3696_y672.png,K-35-066-2,10pct,497763.22023600026,4681475.0942390505,499689.7270016516,4683401.601004702,5.016944702217036
6,K-35-051-4_x3360_y672.png,K-35-051-4,10pct,372531.35333020217,4701441.576366309,374455.494305443,4703365.71734155,5.010783789689715
7,K-35-074-1_x1680_y0.png,K-35-074-1,10pct,300734.3866275344,4650822.124447172,302667.3729272266,4652755.110746863,5.033818488781738
8,K-35-064-1_Sredets_4326_x3024_y672.png,K-35-064-1_Sredets_4326,10pct,390882.45443498803,4682846.253918387,392818.8219054406,4684782.62138884,5.042623620970214
9,K-35-074-4_x672_y1344.png,K-35-074-4,10pct,315941.29644279496,4624964.001100763,317876.87371545756,4626899.578373426,5.040565814225526
10,K-35-074-1_x2688_y3360.png,K-35-074-1,10pct,305808.47566422634,4633908.494324865,307741.4619639185,4635841.480624557,5.033818488781738
11,K-35-054-4_Voynika_x1008_y1344.png,K-35-054-4_Voynika,10pct,484324.64856051543,4696622.684615674,486248.36778333614,4698546.403838495,5.0096854760956075
12,K-35-074-4_x2688_y2688.png,K-35-074-4,10pct,326103.07712427375,4618189.480646444,328038.65439693636,4620125.057919106,5.040565814225526
13,K-35-074-2_x2688_y3024.png,K-35-074-2,10pct,326567.80578385625,4635026.834785709,328500.60787634953,4636959.636878203,5.033338782534581
14,K-35-077-2_x3024_y2352.png,K-35-077-2,10pct,452810.6007408054,4636237.141511653,454742.7271081577,4638169.267879005,5.031579081646669
15,K-35-076-2_x672_y2352.png,K-35-076-2,10pct,399458.6147081362,4636719.775806562,401390.8845197882,4638652.045618214,5.031952634510465
16,K-35-055-3_x3024_y3024.png,K-35-055-3,10pct,515020.3350921124,4688233.070558215,516944.0389693615,4690156.774435463,5.009645513669511
17,K-35-075-3_x0_y3024.png,K-35-075-3,10pct,333368.1146586888,4615983.531045472,335303.5270890075,4617918.943475791,5.040136537288315
18,K-35-064-4_Galabovo_4326_x2688_y3024.png,K-35-064-4_Galabovo_4326,10pct,409632.1479857636,4652076.278663728,411569.4189654608,4654013.549643425,5.044976509628062
19,K-35-074-4_x1344_y2016.png,K-35-074-4,10pct,319328.55666995456,4621576.740873603,321264.13394261716,4623512.318146266,5.040565814225526
20,K-35-074-3_x1008_y1008.png,K-35-074-3,10pct,296820.9214469528,4627231.251323594,298756.68415825506,4629167.014034896,5.041048727349637
21,K-35-074-3_x3360_y3696.png,K-35-074-3,10pct,308677.46805367916,4613680.912344478,310613.2307649814,4615616.67505578,5.041048727349637
22,K-35-074-4_x336_y3024.png,K-35-074-4,10pct,314247.66632921516,4616495.850532863,316183.24360187777,4618431.427805526,5.040565814225526
23,K-35-063-2_Chirpan_4326_x2016_y1680.png,K-35-063-2_Chirpan_4326,10pct,365100.87880967895,4678209.854317801,367039.02862274606,4680148.004130868,5.047265138195598
24,K-35-051-4_x4032_y672.png,K-35-051-4,10pct,375898.6000368736,4701441.576366309,377822.74101211445,4703365.71734155,5.010783789689715
25,K-35-052-3_x0_y1008.png,K-35-052-3,10pct,376292.1801051769,4699364.669541355,378216.2006922355,4701288.690128414,5.0104702787983415
26,K-35-067-4_x4032_y1344.png,K-35-067-4,10pct,540757.7177067689,4659702.451175217,542687.022215157,4661631.755683605,5.024230490594164
27,K-35-056-3_x1344_y0.png,K-35-056-3,10pct,547666.4163237244,4703624.2761471,549590.191041068,4705548.050864444,5.009829993082349
28,K-35-077-3_x2688_y1344.png,K-35-077-3,10pct,430165.85129950393,4623002.708387855,432100.8102447287,4624937.66733308,5.038955586522813
29,K-35-076-3_x3360_y336.png,K-35-076-3,10pct,391927.69830444024,4628685.852164434,393862.8428189193,4630620.996678913,5.039438839789152
30,K-35-053-4_Boyadzhik_x2688_y1344.png,K-35-053-4_Boyadzhik,10pct,451548.632128015,4696864.637916022,453472.4117852431,4698788.41757325,5.009842857364826
31,K-35-065-3_Glavan_4326_x3024_y1008.png,K-35-065-3_Glavan_4326,10pct,432073.8766227535,4661919.357959282,434009.3340900294,4663854.815426557,5.040253821031001
32,K-35-074-4_x3024_y3696.png,K-35-074-4,10pct,327796.70723785355,4613108.590305704,329732.28451051615,4615044.167578367,5.040565814225526
33,K-35-075-4_x2016_y3696.png,K-35-075-4,10pct,364341.96758280665,4612144.818993022,366277.2357607859,4614080.087171001,5.039760880154215
34,K-35-076-4_x3696_y1680.png,K-35-076-4,10pct,414433.0490340469,4621581.0654807,416368.0904715983,4623516.106918251,5.039170410290201
35,K-35-077-3_x672_y3024.png,K-35-077-3,10pct,420007.316837074,4614537.263002498,421942.27578229876,4616472.221947723,5.038955586522813
36,K-35-054-2_Atolov_4326_x1008_y336.png,K-35-054-2_Atolov_4326,10pct,484318.89908270136,4720213.81577677,486240.7197327827,4722135.636426851,5.00474127625345
37,K-35-055-3_x336_y0.png,K-35-055-3,10pct,501554.4079513688,4703382.238591551,503478.11182861787,4705305.9424688,5.009645513669511
38,K-35-054-3_Yambol_x3024_y0.png,K-35-054-3_Yambol,10pct,473828.0123473304,4703446.5148551995,475751.7517694843,4705370.254277353,5.009738078525818
39,K-35-055-3_x2688_y672.png,K-35-055-3,10pct,513337.0941995195,4700015.756806365,515260.7980767686,4701939.460683614,5.009645513669511
40,K-35-075-4_x1680_y1008.png,K-35-075-4,10pct,362648.60792707483,4625691.696238876,364583.87610505405,4627626.964416856,5.039760880154215
41,K-35-065-1_Radetski_4326_x4032_y2016.png,K-35-065-1_Radetski_4326,10pct,437341.300511568,4675362.317684294,439274.0042733062,4677295.0214460315,5.0330827128597475
42,K-35-055-2_x3696_y3024.png,K-35-055-2,10pct,538825.846869085,4706855.369556067,540746.7883936401,4708776.311080622,5.002451886862218
43,K-35-055-4_x336_y336.png,K-35-055-4,10pct,522074.6391333584,4701789.718750373,523998.3739650494,4703713.453582064,5.0097261241953674
44,K-35-077-4_x2016_y3696.png,K-35-077-4,10pct,447592.02200013463,4610940.286390973,449526.919036122,4612875.18342696,5.038794364550388
45,K-35-052-3_x0_y672.png,K-35-052-3,10pct,376292.1801051769,4701048.187555032,378216.2006922355,4702972.208142091,5.0104702787983415
46,K-35-074-1_x1344_y1344.png,K-35-074-1,10pct,299043.02361530374,4644056.672398249,300976.0099149959,4645989.65869794,5.033818488781738
47,K-35-074-2_x2352_y2688.png,K-35-074-2,10pct,324876.6039529246,4636718.036616641,326809.4060454179,4638650.838709135,5.033338782534581
48,K-35-053-1_x1680_y1008.png,K-35-053-1,10pct,426108.13502105867,4717277.016217809,428029.1809676869,4719198.062164437,5.002723819344283
49,K-35-064-3_Dimitrovgrad_4326_x1680_y3696.png,K-35-064-3_Dimitrovgrad_4326,10pct,383793.08843844215,4649062.524755382,385732.105049089,4651001.541366029,5.049522423559513
50,K-35-064-2_Radnevo_4326_x336_y2688.png,K-35-064-2_Radnevo_4326,10pct,398033.7565832768,4672299.885719641,399968.2733729914,4674234.402509356,5.037804139881852
51,K-35-076-3_x2352_y3024.png,K-35-076-3,10pct,386847.9439539327,4615139.84056308,388783.08846841176,4617074.985077559,5.039438839789152
52,K-35-054-4_Voynika_x336_y0.png,K-35-054-4_Voynika,10pct,480958.1399205792,4703355.701895547,482881.8591433999,4705279.421118367,5.0096854760956075
53,K-35-054-3_Yambol_x4032_y2688.png,K-35-054-3_Yambol,10pct,478877.82833048445,4689980.338900122,480801.56775263837,4691904.078322276,5.009738078525818
54,K-35-076-4_x2688_y2688.png,K-35-076-4,10pct,409353.5652604744,4616501.581707127,411288.60669802583,4618436.623144679,5.039170410290201
55,K-35-065-4_x2352_y0.png,K-35-065-4,10pct,449574.20738676545,4666579.69636952,451503.5572555062,4668509.046238261,5.024348616512422
56,K-35-055-1_x336_y672.png,K-35-055-1,10pct,501551.9658854404,4718530.377716388,503472.88386066415,4720451.295691611,5.002390560478489
57,K-35-055-4_x4032_y2352.png,K-35-055-4,10pct,540590.5868883845,4691690.110883995,542514.3217200756,4693613.845715686,5.0097261241953674
58,K-35-074-1_x2016_y1344.png,K-35-074-1,10pct,302425.749639765,4644056.672398249,304358.7359394572,4645989.65869794,5.033818488781738
59,K-35-065-3_Glavan_4326_x3360_y336.png,K-35-065-3_Glavan_4326,10pct,433767.4019066199,4665306.408527014,435702.8593738958,4667241.8659942895,5.040253821031001
60,K-35-064-2_Radnevo_4326_x2688_y2688.png,K-35-064-2_Radnevo_4326,10pct,409882.6719202789,4672299.885719641,411817.18870999356,4674234.402509356,5.037804139881852
61,K-35-067-1_x0_y2016.png,K-35-067-1,10pct,499871.16612347285,4674758.9957952,501797.65030491434,4676685.479976641,5.016885889170529
62,K-35-063-4_Skobelevo_4326_x1008_y3696.png,K-35-063-4_Skobelevo_4326,10pct,359642.5854038524,4649498.753004755,361583.44363805646,4651439.611238959,5.0543183182397415
63,K-35-062-4_Asenovgrad_4326_x1344_y3360.png,K-35-062-4_Asenovgrad_4326,10pct,319827.86930796667,4652254.951985447,321772.45441185863,4654199.5370893385,5.064023708051991
64,K-35-053-2_x2352_y0.png,K-35-053-2,10pct,450011.6212026037,4722107.756621526,451932.6072857106,4724028.742704633,5.002567924757538
65,K-35-063-4_Skobelevo_4326_x2016_y672.png,K-35-063-4_Skobelevo_4326,10pct,364737.3382686381,4664783.011599112,366678.1965028422,4666723.869833317,5.0543183182397415
66,K-35-077-3_x3360_y1344.png,K-35-077-3,10pct,433552.0294536472,4623002.708387855,435486.98839887197,4624937.66733308,5.038955586522813
67,K-35-054-3_Yambol_x3360_y336.png,K-35-054-3_Yambol,10pct,475511.2843417151,4701763.242860815,477435.023763869,4703686.982282968,5.009738078525818
68,K-35-076-4_x3024_y2688.png,K-35-076-4,10pct,411046.7265183319,4616501.581707127,412981.76795588335,4618436.623144679,5.039170410290201
69,K-35-055-1_x2016_y336.png,K-35-055-1,10pct,509955.98202704417,4720211.180944708,511876.9000022679,4722132.098919932,5.002390560478489
70,K-35-077-1_x1344_y336.png,K-35-077-1,10pct,423598.8757228671,4646592.2818849785,425531.0635891603,4648524.469751271,5.031739235138502
71,K-35-056-3_x2688_y3696.png,K-35-056-3,10pct,554399.6278344272,4685107.944492668,556323.4025517708,4687031.719210012,5.009829993082349
72,K-35-066-4_x1344_y1344.png,K-35-066-4,10pct,485918.98833770165,4659585.294627661,487848.27695362055,4661514.58324358,5.02418910395545
73,K-35-075-1_x4032_y672.png,K-35-075-1,10pct,354091.12184535793,4646351.599315729,356023.7601882102,4648284.237658581,5.032912351177704
74,K-35-076-1_x0_y1344.png,K-35-076-1,10pct,375317.85103313136,4642124.071074352,377250.2232380006,4644056.443279221,5.032219283513617
75,K-35-074-4_x1008_y1344.png,K-35-074-4,10pct,317634.92655637476,4624964.001100763,319570.50382903736,4626899.578373426,5.040565814225526
76,K-35-055-4_x4032_y0.png,K-35-055-4,10pct,540590.5868883845,4703472.986728103,542514.3217200756,4705396.721559794,5.0097261241953674
77,K-35-076-2_x336_y2352.png,K-35-076-2,10pct,397767.8786229406,4636719.775806562,399700.14843459264,4638652.045618214,5.031952634510465
78,K-35-074-2_x3360_y2016.png,K-35-074-2,10pct,329950.2094457195,4640100.440278504,331883.01153821277,4642033.242370998,5.033338782534581
79,K-35-074-1_x0_y0.png,K-35-074-1,10pct,292277.57156638114,4650822.124447172,294210.55786607333,4652755.110746863,5.033818488781738
80,K-35-064-4_Galabovo_4326_x1008_y2016.png,K-35-064-4_Galabovo_4326,10pct,401156.5874495886,4657161.614985433,403093.85842928576,4659098.88596513,5.044976509628062
81,K-35-052-2_x4032_y336.png,K-35-052-2,10pct,417333.2146976479,4720911.356023992,419254.34041099827,4722832.481737343,5.002931545183249
82,K-35-067-2_x2688_y1008.png,K-35-067-2,10pct,533931.4435651704,4679906.609516322,535857.9660813428,4681833.132032494,5.016985719198904
83,K-35-067-1_x2016_y3696.png,K-35-067-1,10pct,509985.20807604055,4666330.627501394,511911.69225748203,4668257.111682835,5.016885889170529
84,K-35-067-4_x2016_y0.png,K-35-067-4,10pct,530628.8690377313,4666455.016954575,532558.1735461195,4668384.321462963,5.024230490594164
85,K-35-077-3_x3360_y3024.png,K-35-077-3,10pct,433552.0294536472,4614537.263002498,435486.98839887197,4616472.221947723,5.038955586522813
86,K-35-077-3_x1008_y1680.png,K-35-077-3,10pct,421700.4059141457,4621309.619310784,423635.36485937046,4623244.578256009,5.038955586522813
87,K-35-067-2_x336_y3024.png,K-35-067-2,10pct,522131.49315361475,4669792.366306417,524058.0156697871,4671718.888822589,5.016985719198904
88,K-35-075-3_x1344_y336.png,K-35-075-3,10pct,340142.05816480424,4629531.418057703,342077.47059512296,4631466.830488022,5.040136537288315
89,K-35-074-2_x672_y2016.png,K-35-074-2,10pct,316420.5947982665,4640100.440278504,318353.39689075976,4642033.242370998,5.033338782534581
90,K-35-074-2_x2688_y2352.png,K-35-074-2,10pct,326567.80578385625,4638409.238447572,328500.60787634953,4640342.040540066,5.033338782534581
91,K-35-064-1_Sredets_4326_x3696_y2688.png,K-35-064-1_Sredets_4326,10pct,394271.09750828,4672680.3246985115,396207.4649787326,4674616.692168964,5.042623620970214
92,K-35-076-3_x2016_y3024.png,K-35-076-3,10pct,385154.69250376354,4615139.84056308,387089.8370182426,4617074.985077559,5.039438839789152
93,K-35-064-3_Dimitrovgrad_4326_x4032_y3024.png,K-35-064-3_Dimitrovgrad_4326,10pct,395669.56517865404,4652455.803824013,397608.5817893009,4654394.82043466,5.049522423559513
94,K-35-063-3_Tatarevo_4326_x1680_y2016.png,K-35-063-3_Tatarevo_4326,10pct,342284.51541102625,4658495.095200437,344227.23851912044,4660437.818308531,5.059174760661942
95,K-35-052-2_x0_y336.png,K-35-052-2,10pct,397161.39470746904,4720911.356023992,399082.5204208194,4722832.481737343,5.002931545183249
96,K-35-053-1_x672_y2352.png,K-35-053-1,10pct,421065.3894111596,4710553.355404611,422986.4353577878,4712474.401351239,5.002723819344283
97,K-35-051-4_x336_y0.png,K-35-051-4,10pct,357378.7431501806,4704808.82307298,359302.88412542146,4706732.964048221,5.010783789689715
98,K-35-065-3_Glavan_4326_x1680_y1344.png,K-35-065-3_Glavan_4326,10pct,425299.7754872879,4660225.832675415,427235.2329545638,4662161.290142691,5.040253821031001
99,K-35-065-2_GManastir_4326_x2352_y336.png,K-35-065-2_GManastir_4326,10pct,449580.99947543716,4683547.802061135,451511.8860441168,4685478.688629814,5.028350439269919
100,K-35-074-3_x3360_y1680.png,K-35-074-3,10pct,308677.46805367916,4623843.666578814,310613.2307649814,4625779.429290117,5.041048727349637
101,K-35-066-1_x2688_y2688.png,K-35-066-1,10pct,472055.67494520475,4671451.554311553,473982.2020466114,4673378.08141296,5.016997659913159
102,K-35-077-4_x0_y3024.png,K-35-077-4,10pct,437433.8125612012,4614326.356203951,439368.7095971886,4616261.253239938,5.038794364550388
103,K-35-065-4_x3360_y336.png,K-35-065-4,10pct,454638.75079221,4664891.515234373,456568.10066095076,4666820.865103113,5.024348616512422
104,K-35-075-4_x1344_y2352.png,K-35-075-4,10pct,360955.24827134307,4618918.257615949,362890.5164493223,4620853.525793929,5.039760880154215
105,K-35-074-3_x0_y3024.png,K-35-074-3,10pct,291739.54432978434,4617068.4970892565,293675.3070410866,4619004.259800559,5.041048727349637
106,K-35-063-2_Chirpan_4326_x1008_y2016.png,K-35-063-2_Chirpan_4326,10pct,360013.2355503778,4676513.973231367,361951.3853634449,4678452.123044434,5.047265138195598
107,K-35-075-2_x1008_y672.png,K-35-075-2,10pct,359631.0907647415,4645898.430974185,361563.5858125935,4647830.926022037,5.032539187114708
108,K-35-062-4_Asenovgrad_4326_x2016_y1008.png,K-35-062-4_Asenovgrad_4326,10pct,323230.8932397776,4664165.535746785,325175.47834366956,4666110.120850677,5.064023708051991
109,K-35-067-1_x336_y1344.png,K-35-067-1,10pct,501556.8397822341,4678130.343112723,503483.3239636756,4680056.827294164,5.016885889170529
110,K-35-066-4_x2352_y3024.png,K-35-066-4,10pct,490983.37095448875,4651144.656933015,492912.65957040765,4653073.945548934,5.02418910395545
111,K-35-077-4_x2016_y1680.png,K-35-077-4,10pct,447592.02200013463,4621098.495829907,449526.919036122,4623033.392865894,5.038794364550388
112,K-35-055-4_x4032_y3360.png,K-35-055-4,10pct,540590.5868883845,4686640.306950807,542514.3217200756,4688564.041782497,5.0097261241953674
113,K-35-077-3_x0_y2016.png,K-35-077-3,10pct,416621.13868293073,4619616.530233713,418556.0976281555,4621551.489178938,5.038955586522813
114,K-35-076-4_x0_y672.png,K-35-076-4,10pct,395808.2751976145,4626660.549254272,397743.31663516595,4628595.5906918235,5.039170410290201
115,K-35-077-2_x2352_y1008.png,K-35-077-2,10pct,449429.3795979388,4642999.583797386,451361.5059652911,4644931.710164738,5.031579081646669
116,K-35-077-4_x4032_y1680.png,K-35-077-4,10pct,457750.2314390681,4621098.495829907,459685.12847505545,4623033.392865894,5.038794364550388
117,K-35-067-3_x4032_y2352.png,K-35-067-3,10pct,520128.38565402746,4654547.671163368,522057.64447231137,4656476.929981652,5.024111505947682
118,K-35-067-2_x2688_y336.png,K-35-067-2,10pct,533931.4435651704,4683278.023919623,535857.9660813428,4685204.546435796,5.016985719198904
119,K-35-053-4_Boyadzhik_x3024_y2352.png,K-35-053-4_Boyadzhik,10pct,453231.9393280896,4691814.716315798,455155.7189853177,4693738.495973026,5.009842857364826
120,K-35-075-3_x1680_y3360.png,K-35-075-3,10pct,341835.5440413331,4614290.045168944,343770.9564716518,4616225.457599263,5.040136537288315
121,K-35-065-1_Radetski_4326_x3024_y1680.png,K-35-065-1_Radetski_4326,10pct,432267.95313700545,4677053.433475815,434200.6568987436,4678986.137237553,5.0330827128597475
122,K-35-063-4_Skobelevo_4326_x336_y3360.png,K-35-063-4_Skobelevo_4326,10pct,356246.0834939953,4651197.003959684,358186.94172819937,4653137.862193888,5.0543183182397415
123,K-35-076-2_x3696_y1344.png,K-35-076-2,10pct,414675.2394748958,4641791.984062148,416607.50928654784,4643724.2538738,5.031952634510465
124,K-35-066-4_x1344_y2688.png,K-35-066-4,10pct,485918.98833770165,4652832.784471945,487848.27695362055,4654762.073087864,5.02418910395545
125,K-35-062-4_Asenovgrad_4326_x2688_y336.png,K-35-062-4_Asenovgrad_4326,10pct,326633.9171715886,4667568.559678596,328578.50227548054,4669513.144782488,5.064023708051991
126,K-35-066-3_x2688_y2352.png,K-35-066-3,10pct,471966.9156669226,4654611.496508209,473896.2247552208,4656540.805596507,5.024242417443323
127,K-35-074-1_x336_y3696.png,K-35-074-1,10pct,293968.9345786118,4632217.131312635,295901.920878304,4634150.1176123265,5.033818488781738
128,K-35-066-1_x1008_y2352.png,K-35-066-1,10pct,463627.1188765506,4673137.265525284,465553.64597795723,4675063.792626691,5.016997659913159
129,K-35-051-4_x2688_y672.png,K-35-051-4,10pct,369164.10662353074,4701441.576366309,371088.2475987716,4703365.71734155,5.010783789689715
130,K-35-066-4_x4032_y672.png,K-35-066-4,10pct,499424.0086491339,4662961.549705518,501353.2972650528,4664890.838321437,5.02418910395545
131,K-35-064-1_Sredets_4326_x3696_y336.png,K-35-064-1_Sredets_4326,10pct,394271.09750828,4684540.575455033,396207.4649787326,4686476.942925486,5.042623620970214
132,K-35-074-2_x1680_y3696.png,K-35-074-2,10pct,321494.20029106137,4631644.431123846,323427.00238355465,4633577.23321634,5.033338782534581
133,K-35-066-3_x4032_y2016.png,K-35-066-3,10pct,478719.4974759664,4656299.64196047,480648.80656426464,4658228.951048768,5.024242417443323
134,K-35-064-4_Galabovo_4326_x336_y3696.png,K-35-064-4_Galabovo_4326,10pct,397766.36323511857,4648686.054449258,399703.63421481574,4650623.325428955,5.044976509628062
135,K-35-064-4_Galabovo_4326_x2352_y2016.png,K-35-064-4_Galabovo_4326,10pct,407937.0358785286,4657161.614985433,409874.3068582258,4659098.88596513,5.044976509628062
136,K-35-054-2_Atolov_4326_x4032_y1344.png,K-35-054-2_Atolov_4326,10pct,499453.23670209193,4715169.036570307,501375.05735217326,4717090.857220388,5.00474127625345
137,K-35-042-3_x4032_y3024.png,K-35-042-3,10pct,479037.3282162948,4725361.272056455,480955.47548163554,4727279.419321796,4.995175170158139
138,K-35-076-3_x0_y1680.png,K-35-076-3,10pct,374995.18380274845,4621912.846363757,376930.3283172275,4623847.990878236,5.039438839789152
139,K-35-076-3_x3360_y1680.png,K-35-076-3,10pct,391927.69830444024,4621912.846363757,393862.8428189193,4623847.990878236,5.039438839789152
140,K-35-076-2_x2352_y3696.png,K-35-076-2,10pct,407912.29513411375,4629956.83146578,409844.5649457658,4631889.1012774315,5.031952634510465
141,K-35-066-2_x2352_y2352.png,K-35-066-2,10pct,491020.44655622053,4673046.627139326,492946.9533218719,4674973.133904978,5.016944702217036
142,K-35-077-4_x4032_y3024.png,K-35-077-4,10pct,457750.2314390681,4614326.356203951,459685.12847505545,4616261.253239938,5.038794364550388
143,K-35-074-3_x3696_y2016.png,K-35-074-3,10pct,310371.2604260686,4622149.874206425,312307.0231373709,4624085.636917727,5.041048727349637
144,K-35-077-2_x1680_y1008.png,K-35-077-2,10pct,446048.1584550722,4642999.583797386,447980.2848224245,4644931.710164738,5.031579081646669
145,K-35-064-1_Sredets_4326_x1344_y336.png,K-35-064-1_Sredets_4326,10pct,382410.84675175796,4684540.575455033,384347.2142222105,4686476.942925486,5.042623620970214
146,K-35-051-3_x1008_y1344.png,K-35-051-3,10pct,340149.0359769222,4698528.0246107625,342073.317384524,4700452.306018365,5.011149498962975
147,K-35-063-3_Tatarevo_4326_x2016_y1680.png,K-35-063-3_Tatarevo_4326,10pct,343984.39813060866,4660194.97792002,345927.12123870285,4662137.701028114,5.059174760661942
148,K-35-055-1_x672_y336.png,K-35-055-1,10pct,503232.76911376114,4720211.180944708,505153.6870889849,4722132.098919932,5.002390560478489
149,K-35-065-2_GManastir_4326_x3696_y1344.png,K-35-065-2_GManastir_4326,10pct,456339.102465816,4678479.224818351,458269.98903449567,4680410.11138703,5.028350439269919
150,K-35-063-1_Granit_4326_x3360_y1680.png,K-35-063-1_Granit_4326,10pct,351192.1377872677,4678716.717980119,353132.16612966463,4680656.746322516,5.052157141658729
151,K-35-075-3_x2688_y2016.png,K-35-075-3,10pct,346916.00167091965,4621063.988675059,348851.41410123836,4622999.401105378,5.040136537288315
152,K-35-074-4_x4032_y336.png,K-35-074-4,10pct,332877.59757859295,4630044.891441502,334813.17485125555,4631980.468714165,5.040565814225526
153,K-35-042-3_x3360_y1344.png,K-35-042-3,10pct,475680.5705019486,4733753.166342321,477598.7177672893,4735671.313607662,4.995175170158139
154,K-35-054-4_Voynika_x2016_y3360.png,K-35-054-4_Voynika,10pct,489374.41152041976,4686523.158695866,491298.1307432405,4688446.877918687,5.0096854760956075
155,K-35-052-2_x0_y672.png,K-35-052-2,10pct,397161.39470746904,4719230.371024811,399082.5204208194,4721151.496738161,5.002931545183249
156,K-35-055-3_x672_y672.png,K-35-055-3,10pct,503237.64884396177,4700015.756806365,505161.35272121086,4701939.460683614,5.009645513669511
157,K-35-075-1_x3696_y3024.png,K-35-075-1,10pct,352400.0632953622,4634514.189465758,354332.70163821446,4636446.82780861,5.032912351177704
158,K-35-065-1_Radetski_4326_x0_y3360.png,K-35-065-1_Radetski_4326,10pct,417047.9110133175,4668597.8545182105,418980.61477505567,4670530.558279948,5.0330827128597475
159,K-35-066-2_x4032_y2688.png,K-35-066-2,10pct,499448.91365594516,4671360.933719381,501375.4204215965,4673287.440485032,5.016944702217036
160,K-35-067-1_x2016_y1008.png,K-35-067-1,10pct,509985.20807604055,4679816.016771484,511911.69225748203,4681742.5009529255,5.016885889170529
161,K-35-075-2_x3696_y1344.png,K-35-075-2,10pct,373158.55609970586,4642516.564640443,375091.0511475579,4644449.059688295,5.032539187114708
162,K-35-055-4_x4032_y672.png,K-35-055-4,10pct,540590.5868883845,4700106.450772644,542514.3217200756,4702030.185604335,5.0097261241953674
163,K-35-075-4_x2016_y1344.png,K-35-075-4,10pct,364341.96758280665,4623998.336583144,366277.2357607859,4625933.604761124,5.039760880154215
164,K-35-067-2_x4032_y3360.png,K-35-067-2,10pct,540674.2723717736,4668106.659104765,542600.794887946,4670033.181620938,5.016985719198904
165,K-35-062-4_Asenovgrad_4326_x0_y3696.png,K-35-062-4_Asenovgrad_4326,10pct,313021.8214443447,4650553.440019541,314966.4065482367,4652498.025123433,5.064023708051991
166,K-35-067-1_x336_y2352.png,K-35-067-1,10pct,501556.8397822341,4673073.322136438,503483.3239636756,4674999.80631788,5.016885889170529
167,K-35-056-3_x2688_y1680.png,K-35-056-3,10pct,554399.6278344272,4695207.761758721,556323.4025517708,4697131.536476065,5.009829993082349
168,K-35-054-2_Atolov_4326_x3024_y3024.png,K-35-054-2_Atolov_4326,10pct,494408.4574956284,4706761.071226201,496330.2781457097,4708682.891876282,5.00474127625345
169,K-35-054-1_Straldzha_4326_x3696_y3696.png,K-35-054-1_Straldzha_4326,10pct,477191.30551548564,4703531.386805289,479114.86359464907,4705454.944884453,5.009265831154759
170,K-35-065-4_x2352_y336.png,K-35-065-4,10pct,449574.20738676545,4664891.515234373,451503.5572555062,4666820.865103113,5.024348616512422
171,K-35-075-3_x1008_y0.png,K-35-075-3,10pct,338448.57228827535,4631224.903934232,340383.98471859406,4633160.316364551,5.040136537288315
172,K-35-066-1_x2352_y2688.png,K-35-066-1,10pct,470369.96373147395,4671451.554311553,472296.4908328806,4673378.08141296,5.016997659913159
173,K-35-056-3_x1008_y3696.png,K-35-056-3,10pct,545983.1134460488,4685107.944492668,547906.8881633924,4687031.719210012,5.009829993082349
174,K-35-054-1_Straldzha_4326_x3696_y3024.png,K-35-054-1_Straldzha_4326,10pct,477191.30551548564,4706897.613443825,479114.86359464907,4708821.171522989,5.009265831154759
175,K-35-067-3_x336_y3360.png,K-35-067-3,10pct,501559.26952804497,4649483.366765372,503488.5283463289,4651412.625583656,5.024111505947682
176,K-35-074-2_x3360_y0.png,K-35-074-2,10pct,329950.2094457195,4650247.651264094,331883.01153821277,4652180.453356587,5.033338782534581
177,K-35-051-4_x3360_y1680.png,K-35-051-4,10pct,372531.35333020217,4696390.706306301,374455.494305443,4698314.847281542,5.010783789689715
178,K-35-075-2_x1680_y2352.png,K-35-075-2,10pct,363012.9570984825,4637443.765139831,364945.4521463346,4639376.260187684,5.032539187114708
179,K-35-075-1_x1680_y672.png,K-35-075-1,10pct,342253.71199538803,4646351.599315729,344186.35033824027,4648284.237658581,5.032912351177704
180,K-35-067-1_x672_y3696.png,K-35-067-1,10pct,503242.5134409954,4666330.627501394,505168.9976224369,4668257.111682835,5.016885889170529
181,K-35-055-2_x2016_y3696.png,K-35-055-2,10pct,530421.7276991566,4703493.721888095,532342.6692237117,4705414.66341265,5.002451886862218
182,K-35-065-2_GManastir_4326_x0_y672.png,K-35-065-2_GManastir_4326,10pct,437754.3192422743,4681858.27631354,439685.2058109539,4683789.162882219,5.028350439269919
183,K-35-074-2_x3696_y2016.png,K-35-074-2,10pct,331641.41127665114,4640100.440278504,333574.2133691444,4642033.242370998,5.033338782534581
184,K-35-066-2_x3360_y1008.png,K-35-066-2,10pct,496077.5268160553,4679789.400819106,498004.03358170664,4681715.907584758,5.016944702217036
185,K-35-063-1_Granit_4326_x3696_y2688.png,K-35-063-1_Granit_4326,10pct,352889.66258686496,4673624.143581327,354829.69092926185,4675564.171923724,5.052157141658578
186,K-35-064-2_Radnevo_4326_x2688_y1344.png,K-35-064-2_Radnevo_4326,10pct,409882.6719202789,4679070.6944836425,411817.18870999356,4681005.211273357,5.037804139881852
187,K-35-066-2_x1344_y2352.png,K-35-066-2,10pct,485963.3662963857,4673046.627139326,487889.87306203705,4674973.133904978,5.016944702217036
188,K-35-065-3_Glavan_4326_x1344_y2016.png,K-35-065-3_Glavan_4326,10pct,423606.2502034215,4656838.782107682,425541.7076706974,4658774.239574958,5.040253821031001
189,K-35-077-2_x672_y0.png,K-35-077-2,10pct,440976.3267407723,4648071.415511685,442908.4531081246,4650003.541879037,5.031579081646669
190,K-35-067-4_x2352_y2688.png,K-35-067-4,10pct,532317.010482571,4652949.885395858,534246.3149909591,4654879.1899042465,5.024230490594164
191,K-35-054-4_Voynika_x3696_y3360.png,K-35-054-4_Voynika,10pct,497790.68312026025,4686523.158695866,499714.40234308096,4688446.877918687,5.0096854760956075
192,K-35-076-2_x3024_y2016.png,K-35-076-2,10pct,411293.7673045048,4638410.511891757,413226.03711615683,4640342.781703409,5.031952634510465
193,K-35-076-3_x3360_y2688.png,K-35-076-3,10pct,391927.69830444024,4616833.09201325,393862.8428189193,4618768.236527729,5.039438839789152
194,K-35-074-4_x336_y1680.png,K-35-074-4,10pct,314247.66632921516,4623270.3709871825,316183.24360187777,4625205.948259845,5.040565814225526
195,K-35-052-3_x3024_y1680.png,K-35-052-3,10pct,391443.8422282629,4695997.633514003,393367.8628153215,4697921.654101062,5.0104702787983415
196,K-35-065-4_x2688_y2352.png,K-35-065-4,10pct,451262.3885219136,4654762.428423483,453191.7383906544,4656691.778292224,5.024348616512422
197,K-35-074-4_x4032_y1008.png,K-35-074-4,10pct,332877.59757859295,4626657.631214342,334813.17485125555,4628593.208487005,5.040565814225526
198,K-35-050-4_x2688_y3024.png,K-35-050-4,10pct,327971.26958049485,4690622.845085422,329895.7114636442,4692547.286968571,5.0115674040348495
199,K-35-075-3_x336_y336.png,K-35-075-3,10pct,335061.6005352176,4629531.418057703,336997.0129655363,4631466.830488022,5.040136537288315
200,K-35-064-1_Sredets_4326_x1344_y0.png,K-35-064-1_Sredets_4326,10pct,382410.84675175796,4686234.896991679,384347.2142222105,4688171.264462132,5.042623620970214
201,K-35-075-2_x672_y3696.png,K-35-075-2,10pct,357940.1575978709,4630680.03247235,359872.65264572296,4632612.527520202,5.032539187114708
202,K-35-077-2_x3696_y1344.png,K-35-077-2,10pct,456191.82188367203,4641308.973225952,458123.94825102435,4643241.099593304,5.031579081646669
203,K-35-063-2_Chirpan_4326_x2352_y336.png,K-35-063-2_Chirpan_4326,10pct,366796.75989611266,4684993.378663536,368734.9097091798,4686931.528476603,5.047265138195598
204,K-35-075-4_x672_y2688.png,K-35-075-4,10pct,357568.5289598795,4617224.897960217,359503.7971378587,4619160.166138196,5.039760880154215
205,K-35-054-3_Yambol_x3360_y1008.png,K-35-054-3_Yambol,10pct,475511.2843417151,4698396.698872046,477435.023763869,4700320.438294199,5.009738078525818
206,K-35-042-3_x672_y3360.png,K-35-042-3,10pct,462253.53964456345,4723682.893199282,464171.6869099042,4725601.040464623,4.995175170158139
207,K-35-042-3_x0_y3696.png,K-35-042-3,10pct,458896.78193021717,4722004.514342109,460814.9291955579,4723922.66160745,4.995175170158139
208,K-35-053-1_x2016_y1344.png,K-35-053-1,10pct,427789.05022435833,4715596.10101451,429710.09617098654,4717517.146961138,5.002723819344283
209,K-35-076-4_x1680_y336.png,K-35-076-4,10pct,404274.08148690197,4628353.71051213,406209.1229244534,4630288.751949681,5.039170410290201
210,K-35-067-4_x0_y2688.png,K-35-067-4,10pct,520500.0203686938,4652949.885395858,522429.3248770819,4654879.1899042465,5.024230490594012
211,K-35-074-2_x1008_y2016.png,K-35-074-2,10pct,318111.7966291981,4640100.440278504,320044.5987216914,4642033.242370998,5.033338782534581
212,K-35-056-3_x1680_y2688.png,K-35-056-3,10pct,549349.7192014002,4690157.853125694,551273.4939187438,4692081.627843038,5.009829993082349
213,K-35-063-3_Tatarevo_4326_x672_y1008.png,K-35-063-3_Tatarevo_4326,10pct,337184.867252279,4663594.743359185,339127.5903603732,4665537.466467279,5.059174760661942
214,K-35-074-1_x2688_y3696.png,K-35-074-1,10pct,305808.47566422634,4632217.131312635,307741.4619639185,4634150.1176123265,5.033818488781738
215,K-35-075-1_x1680_y3696.png,K-35-075-1,10pct,342253.71199538803,4631132.072365767,344186.35033824027,4633064.710708619,5.032912351177704
216,K-35-075-3_x2688_y3360.png,K-35-075-3,10pct,346916.00167091965,4614290.045168944,348851.41410123836,4616225.457599263,5.040136537288315
217,K-35-063-2_Chirpan_4326_x1680_y2688.png,K-35-063-2_Chirpan_4326,10pct,363404.99772324524,4673122.211058499,365343.14753631235,4675060.360871566,5.047265138195598
218,K-35-054-3_Yambol_x672_y2352.png,K-35-054-3_Yambol,10pct,462045.10838663764,4691663.610894507,463968.84780879156,4693587.3503166605,5.009738078525818
219,K-35-051-4_x672_y0.png,K-35-051-4,10pct,359062.3665035163,4704808.82307298,360986.5074787572,4706732.964048221,5.010783789689715
220,K-35-075-1_x4032_y1344.png,K-35-075-1,10pct,354091.12184535793,4642969.482215737,356023.7601882102,4644902.120558589,5.032912351177704
221,K-35-076-4_x1344_y2688.png,K-35-076-4,10pct,402580.92022904445,4616501.581707127,404515.9616665959,4618436.623144679,5.039170410290201
222,K-35-054-3_Yambol_x2016_y1344.png,K-35-054-3_Yambol,10pct,468778.1963641764,4696713.426877661,470701.9357863303,4698637.166299814,5.009738078525818
223,K-35-051-4_x3024_y2352.png,K-35-051-4,10pct,370847.72997686645,4693023.45959963,372771.8709521073,4694947.600574871,5.010783789689715
224,K-35-067-3_x1680_y3360.png,K-35-067-3,10pct,508311.6753920386,4649483.366765372,510240.9342103225,4651412.625583656,5.024111505947682
225,K-35-074-3_x4032_y3696.png,K-35-074-3,10pct,312065.05279845814,4613680.912344478,314000.8155097604,4615616.67505578,5.041048727349637
226,K-35-064-1_Sredets_4326_x336_y2688.png,K-35-064-1_Sredets_4326,10pct,377327.88214181986,4672680.3246985115,379264.2496122724,4674616.692168964,5.042623620970214
227,K-35-067-3_x2352_y0.png,K-35-067-3,10pct,511687.87832403544,4666364.3814253565,513617.13714231935,4668293.64024364,5.024111505947682
228,K-35-063-3_Tatarevo_4326_x672_y3360.png,K-35-063-3_Tatarevo_4326,10pct,337184.867252279,4651695.5643221075,339127.5903603732,4653638.287430202,5.059174760661942
229,K-35-066-4_x3024_y1008.png,K-35-066-4,10pct,494359.6260323468,4661273.42216659,496288.9146482657,4663202.710782508,5.02418910395545
230,K-35-074-3_x3696_y1344.png,K-35-074-3,10pct,310371.2604260686,4625537.458951204,312307.0231373709,4627473.221662506,5.041048727349637
231,K-35-056-3_x3696_y3696.png,K-35-056-3,10pct,559449.5364674543,4685107.944492668,561373.3111847979,4687031.719210012,5.009829993082349
232,K-35-054-1_Straldzha_4326_x3696_y1008.png,K-35-054-1_Straldzha_4326,10pct,477191.30551548564,4716996.293359433,479114.86359464907,4718919.851438597,5.009265831154759
233,K-35-052-2_x672_y1680.png,K-35-052-2,10pct,400523.3647058322,4714187.4160272665,402444.4904191826,4716108.541740617,5.002931545183249
234,K-35-053-1_x672_y672.png,K-35-053-1,10pct,421065.3894111596,4718957.931421109,422986.4353577878,4720878.977367736,5.002723819344283
235,K-35-065-3_Glavan_4326_x3696_y336.png,K-35-065-3_Glavan_4326,10pct,435460.9271904863,4665306.408527014,437396.3846577622,4667241.8659942895,5.040253821031001
236,K-35-077-4_x2016_y1344.png,K-35-077-4,10pct,447592.02200013463,4622791.530736396,449526.919036122,4624726.427772383,5.038794364550388
237,K-35-076-1_x0_y336.png,K-35-076-1,10pct,375317.85103313136,4647196.5481121335,377250.2232380006,4649128.920317003,5.032219283513617
238,K-35-055-3_x0_y2016.png,K-35-055-3,10pct,499871.16705877584,4693282.793235993,501794.87093602493,4695206.497113242,5.009645513669511
239,K-35-076-1_x672_y336.png,K-35-076-1,10pct,378699.5023916525,4647196.5481121335,380631.8745965217,4649128.920317003,5.032219283513617
240,K-35-074-3_x1344_y336.png,K-35-074-3,10pct,298514.71381934226,4630618.836068372,300450.4765306445,4632554.598779675,5.041048727349637
241,K-35-076-3_x336_y3696.png,K-35-076-3,10pct,376688.43525291764,4611753.3376627425,378623.5797673967,4613688.482177221,5.039438839789152
242,K-35-054-2_Atolov_4326_x3360_y1344.png,K-35-054-2_Atolov_4326,10pct,496090.0505644496,4715169.036570307,498011.8712145309,4717090.857220388,5.00474127625345
243,K-35-066-3_x2688_y3024.png,K-35-066-3,10pct,471966.9156669226,4651235.205603687,473896.2247552208,4653164.514691985,5.024242417443323
244,K-35-052-2_x1344_y2016.png,K-35-052-2,10pct,403885.3347041953,4712506.431028085,405806.4604175457,4714427.556741435,5.002931545183249
245,K-35-067-2_x672_y336.png,K-35-067-2,10pct,523817.2003552655,4683278.023919623,525743.7228714379,4685204.546435796,5.016985719198904
246,K-35-067-3_x1008_y1344.png,K-35-067-3,10pct,504935.4724600418,4659611.975561363,506864.7312783257,4661541.234379646,5.024111505947682
247,K-35-074-4_x1344_y1008.png,K-35-074-4,10pct,319328.55666995456,4626657.631214342,321264.13394261716,4628593.208487005,5.040565814225526
248,K-35-050-4_x0_y672.png,K-35-050-4,10pct,314500.1763984493,4702410.051619711,316424.61828159867,4704334.493502861,5.0115674040348495
249,K-35-042-3_x2688_y2016.png,K-35-042-3,10pct,472323.8127876023,4730396.408627974,474241.96005294303,4732314.555893315,4.995175170158139
250,K-35-076-3_x0_y3696.png,K-35-076-3,10pct,374995.18380274845,4611753.3376627425,376930.3283172275,4613688.482177221,5.039438839789152
251,K-35-063-4_Skobelevo_4326_x4032_y336.png,K-35-063-4_Skobelevo_4326,10pct,374926.84399820946,4666481.26255404,376867.7022324135,4668422.1207882445,5.0543183182397415
252,K-35-052-3_x1008_y672.png,K-35-052-3,10pct,381342.7341462056,4701048.187555032,383266.75473326416,4702972.208142091,5.0104702787983415
253,K-35-051-3_x4032_y336.png,K-35-051-3,10pct,355302.7520617864,4703579.263305717,357227.0334693882,4705503.544713319,5.011149498962975
254,K-35-053-1_x336_y1680.png,K-35-053-1,10pct,419384.47420785995,4713915.1858112095,421305.52015448816,4715836.231757837,5.002723819344283
255,K-35-053-4_Boyadzhik_x2688_y3360.png,K-35-053-4_Boyadzhik,10pct,451548.632128015,4686764.794715575,453472.4117852431,4688688.574372803,5.009842857364826
256,K-35-076-1_x1008_y1344.png,K-35-076-1,10pct,380390.3280709131,4642124.071074352,382322.7002757823,4644056.443279221,5.032219283513617
257,K-35-067-1_x2352_y3696.png,K-35-067-1,10pct,511670.8817348018,4666330.627501394,513597.3659162433,4668257.111682835,5.016885889170529
258,K-35-065-3_Glavan_4326_x4032_y0.png,K-35-065-3_Glavan_4326,10pct,437154.4524743527,4666999.93381088,439089.90994162863,4668935.391278156,5.040253821031001
259,K-35-075-3_x0_y2352.png,K-35-075-3,10pct,333368.1146586888,4619370.50279853,335303.5270890075,4621305.915228849,5.040136537288315
260,K-35-055-4_x3024_y1008.png,K-35-055-4,10pct,535540.7829551955,4698423.182794914,537464.5177868865,4700346.917626604,5.0097261241953674
261,K-35-052-2_x2688_y3696.png,K-35-052-2,10pct,410609.2747009216,4704101.506032177,412530.400414272,4706022.6317455275,5.002931545183249
262,K-35-074-4_x2352_y1008.png,K-35-074-4,10pct,324409.44701069396,4626657.631214342,326345.02428335656,4628593.208487005,5.040565814225526
263,K-35-077-3_x1344_y3360.png,K-35-077-3,10pct,423393.49499121733,4612844.173925426,425328.4539364421,4614779.132870651,5.038955586522813
264,K-35-065-4_x0_y1680.png,K-35-065-4,10pct,437756.9394407283,4658138.7906937795,439686.28930946905,4660068.14056252,5.024348616512422
265,K-35-076-4_x4032_y1008.png,K-35-076-4,10pct,416126.2102919044,4624967.387996415,418061.25172945583,4626902.429433966,5.039170410290201
266,K-35-065-4_x0_y1008.png,K-35-065-4,10pct,437756.9394407283,4661515.152964076,439686.28930946905,4663444.502832817,5.024348616512422
267,K-35-065-4_x1008_y1344.png,K-35-065-4,10pct,442821.4828461728,4659826.971828927,444750.8327149136,4661756.321697668,5.024348616512422
268,K-35-064-1_Sredets_4326_x2352_y3696.png,K-35-064-1_Sredets_4326,10pct,387493.811361696,4667597.360088573,389430.17883214855,4669533.727559025,5.042623620970214
269,K-35-063-2_Chirpan_4326_x1008_y2352.png,K-35-063-2_Chirpan_4326,10pct,360013.2355503778,4674818.0921449335,361951.3853634449,4676756.241958001,5.047265138195598
270,K-35-077-2_x3360_y2352.png,K-35-077-2,10pct,454501.2113122387,4636237.141511653,456433.33767959103,4638169.267879005,5.031579081646669
271,K-35-067-3_x2352_y2688.png,K-35-067-3,10pct,511687.87832403544,4652859.569697369,513617.13714231935,4654788.828515653,5.024111505947682
272,K-35-076-3_x2688_y2016.png,K-35-076-3,10pct,388541.19540410186,4620219.594913588,390476.3399185809,4622154.739428067,5.039438839789152
273,K-35-054-2_Atolov_4326_x3360_y2688.png,K-35-054-2_Atolov_4326,10pct,496090.0505644496,4708442.664295022,498011.8712145309,4710364.4849451035,5.00474127625345
274,K-35-062-4_Asenovgrad_4326_x2016_y1680.png,K-35-062-4_Asenovgrad_4326,10pct,323230.8932397776,4660762.511814974,325175.47834366956,4662707.096918866,5.064023708051991
275,K-35-055-4_x336_y1680.png,K-35-055-4,10pct,522074.6391333584,4695056.646839455,523998.3739650494,4696980.381671146,5.0097261241953674
276,K-35-067-3_x0_y3024.png,K-35-067-3,10pct,499871.1680620466,4651171.468231371,501800.4268803305,4653100.727049654,5.024111505947682
277,K-35-074-3_x0_y0.png,K-35-074-3,10pct,291739.54432978434,4632312.628440762,293675.3070410866,4634248.391152064,5.041048727349637
278,K-35-042-3_x3024_y2352.png,K-35-042-3,10pct,474002.19164477545,4728718.029770801,475920.3389101162,4730636.177036142,4.995175170158139
279,K-35-052-3_x4032_y0.png,K-35-052-3,10pct,396494.3962692916,4704415.223582384,398418.41685635014,4706339.244169443,5.0104702787983415
280,K-35-062-4_Asenovgrad_4326_x4032_y1344.png,K-35-062-4_Asenovgrad_4326,10pct,333439.9650352105,4662464.02378088,335384.55013910244,4664408.608884771,5.064023708051991
281,K-35-067-2_x1008_y2352.png,K-35-067-2,10pct,525502.9075569164,4673163.780709718,527429.4300730887,4675090.303225891,5.016985719198904
282,K-35-077-4_x1680_y1344.png,K-35-077-4,10pct,445898.98709364573,4622791.530736396,447833.8841296331,4624726.427772383,5.038794364550388
283,K-35-051-3_x1344_y672.png,K-35-051-3,10pct,341832.7822085738,4701895.517074066,343757.06361617555,4703819.798481668,5.011149498962975
284,K-35-053-4_Boyadzhik_x0_y336.png,K-35-053-4_Boyadzhik,10pct,438082.17452741816,4701914.559516246,440005.95418464625,4703838.339173474,5.009842857364826
285,K-35-075-3_x3696_y672.png,K-35-075-3,10pct,351996.4593005063,4627837.932181174,353931.871730825,4629773.344611493,5.040136537288315
286,K-35-076-1_x1008_y2688.png,K-35-076-1,10pct,380390.3280709131,4635360.7683573095,382322.7002757823,4637293.140562179,5.032219283513617
287,K-35-064-2_Radnevo_4326_x2688_y2352.png,K-35-064-2_Radnevo_4326,10pct,409882.6719202789,4673992.587910642,411817.18870999356,4675927.104700357,5.037804139881852
288,K-35-065-4_x1008_y672.png,K-35-065-4,10pct,442821.4828461728,4663203.334099224,444750.8327149136,4665132.683967965,5.024348616512422
289,K-35-066-4_x3360_y1008.png,K-35-066-4,10pct,496047.75357127585,4661273.42216659,497977.04218719475,4663202.710782508,5.02418910395545
290,K-35-076-4_x2352_y3696.png,K-35-076-4,10pct,407660.40400261694,4611422.097933555,409595.4454401684,4613357.139371106,5.039170410290201
291,K-35-067-4_x3360_y336.png,K-35-067-4,10pct,537381.4348170897,4664766.875509735,539310.7393254779,4666696.180018123,5.024230490594164
292,K-35-054-1_Straldzha_4326_x2688_y3360.png,K-35-054-1_Straldzha_4326,10pct,472141.9655576817,4705214.500124558,474065.5236368451,4707138.058203721,5.009265831154759
293,K-35-077-1_x672_y1344.png,K-35-077-1,10pct,420217.54695685406,4641520.288735959,422149.73482314724,4643452.476602252,5.031739235138502
294,K-35-050-4_x2016_y0.png,K-35-050-4,10pct,324603.49628498347,4705777.824915223,326527.93816813285,4707702.266798372,5.0115674040348495
295,K-35-064-4_Galabovo_4326_x672_y1008.png,K-35-064-4_Galabovo_4326,10pct,399461.4753423536,4662246.951307138,401398.74632205075,4664184.222286835,5.044976509628062
296,K-35-064-3_Dimitrovgrad_4326_x3024_y3360.png,K-35-064-3_Dimitrovgrad_4326,10pct,390579.6465757061,4650759.164289697,392518.66318635293,4652698.180900344,5.049522423559513
297,K-35-075-1_x672_y2688.png,K-35-075-1,10pct,337180.53634540096,4636205.248015755,339113.1746882532,4638137.886358607,5.032912351177704
298,K-35-064-2_Radnevo_4326_x1008_y336.png,K-35-064-2_Radnevo_4326,10pct,401419.1609652774,4684148.801056644,403353.67775499204,4686083.317846359,5.037804139881852
299,K-35-064-2_Radnevo_4326_x3696_y1680.png,K-35-064-2_Radnevo_4326,10pct,414960.7784932799,4677377.992292643,416895.2952829945,4679312.509082357,5.037804139881852
300,K-35-077-4_x4032_y2016.png,K-35-077-4,10pct,457750.2314390681,4619405.460923418,459685.12847505545,4621340.3579594055,5.038794364550388
301,K-35-056-3_x1008_y0.png,K-35-056-3,10pct,545983.1134460488,4703624.2761471,547906.8881633924,4705548.050864444,5.009829993082349
302,K-35-077-3_x3696_y2352.png,K-35-077-3,10pct,435245.11853071884,4617923.441156641,437180.0774759436,4619858.400101866,5.038955586522813
303,K-35-053-4_Boyadzhik_x2688_y3696.png,K-35-053-4_Boyadzhik,10pct,451548.632128015,4685081.4875155,453472.4117852431,4687005.267172728,5.009842857364826
304,K-35-042-3_x2352_y1344.png,K-35-042-3,10pct,470645.43393042916,4733753.166342321,472563.5811957699,4735671.313607662,4.995175170158139
305,K-35-065-2_GManastir_4326_x4032_y1680.png,K-35-065-2_GManastir_4326,10pct,458028.6282134107,4676789.699070756,459959.5147820903,4678720.585639436,5.028350439269919
306,K-35-052-3_x3360_y2016.png,K-35-052-3,10pct,393127.36024193914,4694314.115500327,395051.3808289977,4696238.136087386,5.0104702787983415
307,K-35-051-4_x1680_y672.png,K-35-051-4,10pct,364113.23656352353,4701441.576366309,366037.3775387644,4703365.71734155,5.010783789689715
308,K-35-065-2_GManastir_4326_x1344_y2688.png,K-35-065-2_GManastir_4326,10pct,444512.4222326531,4671721.121827972,446443.3088013327,4673652.008396652,5.028350439269919
309,K-35-075-1_x4032_y2016.png,K-35-075-1,10pct,354091.12184535793,4639587.365115746,356023.7601882102,4641520.003458598,5.032912351177704
310,K-35-056-3_x4032_y1008.png,K-35-056-3,10pct,561132.83934513,4698574.367514073,563056.6140624736,4700498.142231417,5.009829993082349
311,K-35-075-3_x1680_y0.png,K-35-075-3,10pct,341835.5440413331,4631224.903934232,343770.9564716518,4633160.316364551,5.040136537288315
312,K-35-056-3_x1680_y3696.png,K-35-056-3,10pct,549349.7192014002,4685107.944492668,551273.4939187438,4687031.719210012,5.009829993082349
313,K-35-065-4_x1344_y1008.png,K-35-065-4,10pct,444509.663981321,4661515.152964076,446439.01385006175,4663444.502832817,5.024348616512422
314,K-35-062-4_Asenovgrad_4326_x672_y3360.png,K-35-062-4_Asenovgrad_4326,10pct,316424.8453761557,4652254.951985447,318369.43048004765,4654199.5370893385,5.064023708051991
315,K-35-076-2_x1008_y3360.png,K-35-076-2,10pct,401149.3507933317,4631647.567550975,403081.6206049837,4633579.837362627,5.031952634510465
316,K-35-051-4_x336_y672.png,K-35-051-4,10pct,357378.7431501806,4701441.576366309,359302.88412542146,4703365.71734155,5.010783789689715
317,K-35-067-4_x1680_y3696.png,K-35-067-4,10pct,528940.7275928918,4647885.461061339,530870.0321012799,4649814.765569727,5.024230490594164
318,K-35-053-2_x3360_y3360.png,K-35-053-2,10pct,455054.2096707593,4705299.12839434,456975.19575386617,4707220.114477447,5.002567924757538
319,K-35-077-4_x3024_y3360.png,K-35-077-4,10pct,452671.1267196014,4612633.321297462,454606.02375558874,4614568.218333449,5.038794364550388
320,K-35-052-2_x2352_y2352.png,K-35-052-2,10pct,408928.28970174,4710825.446028903,410849.4154150904,4712746.571742253,5.002931545183249
321,K-35-074-1_x2352_y0.png,K-35-074-1,10pct,304117.1126519957,4650822.124447172,306050.09895168786,4652755.110746863,5.033818488781738
322,K-35-064-4_Galabovo_4326_x3360_y336.png,K-35-064-4_Galabovo_4326,10pct,413022.3722002336,4665637.175521608,414959.6431799308,4667574.446501305,5.044976509628062
323,K-35-042-3_x4032_y1344.png,K-35-042-3,10pct,479037.3282162948,4733753.166342321,480955.47548163554,4735671.313607662,4.995175170158139
324,K-35-077-1_x1008_y336.png,K-35-077-1,10pct,421908.2113398606,4646592.2818849785,423840.39920615376,4648524.469751271,5.031739235138502
325,K-35-075-3_x1008_y2016.png,K-35-075-3,10pct,338448.57228827535,4621063.988675059,340383.98471859406,4622999.401105378,5.040136537288315
326,K-35-077-4_x2016_y672.png,K-35-077-4,10pct,447592.02200013463,4626177.600549374,449526.919036122,4628112.497585361,5.038794364550388
327,K-35-042-3_x336_y1008.png,K-35-042-3,10pct,460575.1607873903,4735431.545199494,462493.30805273104,4737349.692464835,4.995175170158139
328,K-35-075-4_x336_y3024.png,K-35-075-4,10pct,355875.16930414765,4615531.538304485,357810.4374821269,4617466.806482465,5.039760880154215
329,K-35-065-3_Glavan_4326_x0_y1680.png,K-35-065-3_Glavan_4326,10pct,416832.1490679559,4658532.3073915485,418767.6065352318,4660467.764858824,5.040253821031001
330,K-35-053-2_x2688_y1680.png,K-35-053-2,10pct,451692.4840253222,4713703.442507933,453613.4701084291,4715624.42859104,5.002567924757538
331,K-35-054-1_Straldzha_4326_x2016_y1008.png,K-35-054-1_Straldzha_4326,10pct,468775.7389191457,4716996.293359433,470699.29699830915,4718919.851438597,5.009265831154759
332,K-35-074-3_x4032_y1008.png,K-35-074-3,10pct,312065.05279845814,4627231.251323594,314000.8155097604,4629167.014034896,5.041048727349637
333,K-35-066-4_x4032_y3360.png,K-35-066-4,10pct,499424.0086491339,4649456.529394086,501353.2972650528,4651385.818010005,5.02418910395545
334,K-35-067-3_x1680_y1680.png,K-35-067-3,10pct,508311.6753920386,4657923.8740953645,510240.9342103225,4659853.132913648,5.024111505947682
335,K-35-065-3_Glavan_4326_x0_y1344.png,K-35-065-3_Glavan_4326,10pct,416832.1490679559,4660225.832675415,418767.6065352318,4662161.290142691,5.040253821031001
336,K-35-077-1_x672_y672.png,K-35-077-1,10pct,420217.54695685406,4644901.617501971,422149.73482314724,4646833.805368264,5.031739235138502
337,K-35-055-2_x3696_y2352.png,K-35-055-2,10pct,538825.846869085,4710217.017224038,540746.7883936401,4712137.958748593,5.002451886862218
338,K-35-063-4_Skobelevo_4326_x336_y2352.png,K-35-063-4_Skobelevo_4326,10pct,356246.0834939953,4656291.756824469,358186.94172819937,4658232.615058674,5.0543183182397415
339,K-35-075-4_x672_y336.png,K-35-075-4,10pct,357568.5289598795,4629078.41555034,359503.7971378587,4631013.68372832,5.039760880154215
340,K-35-062-4_Asenovgrad_4326_x2352_y672.png,K-35-062-4_Asenovgrad_4326,10pct,324932.4052056831,4665867.047712691,326876.99030957505,4667811.632816583,5.064023708051991
341,K-35-054-4_Voynika_x336_y2688.png,K-35-054-4_Voynika,10pct,480958.1399205792,4689889.667335803,482881.8591433999,4691813.386558623,5.0096854760956075
342,K-35-055-4_x3024_y672.png,K-35-055-4,10pct,535540.7829551955,4700106.450772644,537464.5177868865,4702030.185604335,5.0097261241953674
343,K-35-064-3_Dimitrovgrad_4326_x1008_y336.png,K-35-064-3_Dimitrovgrad_4326,10pct,380399.8093698102,4666028.920098541,382338.82598045707,4667967.936709188,5.049522423559513
344,K-35-065-4_x3360_y3360.png,K-35-065-4,10pct,454638.75079221,4649697.885018039,456568.10066095076,4651627.234886779,5.024348616512422
345,K-35-077-3_x2352_y1680.png,K-35-077-3,10pct,428472.7622224323,4621309.619310784,430407.72116765706,4623244.578256009,5.038955586522813
346,K-35-051-3_x2352_y0.png,K-35-051-3,10pct,346884.02090352855,4705263.009537369,348808.30231113033,4707187.290944971,5.011149498962975
347,K-35-076-3_x1680_y2352.png,K-35-076-3,10pct,383461.44105359435,4618526.343463419,385396.5855680734,4620461.487977898,5.039438839789152
348,K-35-053-1_x0_y336.png,K-35-053-1,10pct,417703.5590045603,4720638.846624409,419624.6049511885,4722559.892571037,5.002723819344283
349,K-35-051-3_x1008_y3360.png,K-35-051-3,10pct,340149.0359769222,4688425.547220853,342073.317384524,4690349.828628455,5.011149498962975
350,K-35-067-1_x0_y2352.png,K-35-067-1,10pct,499871.16612347285,4673073.322136438,501797.65030491434,4674999.80631788,5.016885889170529
351,K-35-055-2_x3696_y0.png,K-35-055-2,10pct,538825.846869085,4721982.784061938,540746.7883936401,4723903.725586493,5.002451886862218
352,K-35-056-3_x1344_y1344.png,K-35-056-3,10pct,547666.4163237244,4696891.064636397,549590.191041068,4698814.839353741,5.009829993082349
353,K-35-062-4_Asenovgrad_4326_x1344_y2688.png,K-35-062-4_Asenovgrad_4326,10pct,319827.86930796667,4655657.975917258,321772.45441185863,4657602.56102115,5.064023708051991
354,K-35-067-4_x336_y1680.png,K-35-067-4,10pct,522188.1618135334,4658014.309730377,524117.4663219215,4659943.614238765,5.024230490594012
355,K-35-050-4_x3360_y3696.png,K-35-050-4,10pct,331339.0428760063,4687255.07178991,333263.48475915566,4689179.51367306,5.0115674040348495
356,K-35-076-2_x4032_y672.png,K-35-076-2,10pct,416365.9755600914,4645173.456232539,418298.2453717434,4647105.726044191,5.031952634510465
357,K-35-055-4_x1344_y336.png,K-35-055-4,10pct,527124.4430665473,4701789.718750373,529048.1778982383,4703713.453582064,5.0097261241953674
358,K-35-050-4_x336_y1008.png,K-35-050-4,10pct,316184.063046205,4700726.164971956,318108.50492935436,4702650.606855106,5.0115674040348495
359,K-35-075-1_x1680_y2016.png,K-35-075-1,10pct,342253.71199538803,4639587.365115746,344186.35033824027,4641520.003458598,5.032912351177704
360,K-35-052-2_x3696_y3696.png,K-35-052-2,10pct,415652.2296984663,4704101.506032177,417573.3554118167,4706022.6317455275,5.002931545183249
361,K-35-052-2_x2688_y672.png,K-35-052-2,10pct,410609.2747009216,4719230.371024811,412530.400414272,4721151.496738161,5.002931545183249
362,K-35-042-3_x4032_y2016.png,K-35-042-3,10pct,479037.3282162948,4730396.408627974,480955.47548163554,4732314.555893315,4.995175170158139
363,K-35-065-2_GManastir_4326_x0_y2688.png,K-35-065-2_GManastir_4326,10pct,437754.3192422743,4671721.121827972,439685.2058109539,4673652.008396652,5.028350439269919
364,K-35-076-4_x0_y0.png,K-35-076-4,10pct,395808.2751976145,4630046.871769987,397743.31663516595,4631981.913207538,5.039170410290201
365,K-35-053-2_x336_y2352.png,K-35-053-2,10pct,439926.4442662925,4710341.716862496,441847.4303493994,4712262.702945603,5.002567924757538
366,K-35-055-1_x2688_y3696.png,K-35-055-1,10pct,513317.5884836857,4703403.148661501,515238.5064589094,4705324.066636724,5.002390560478489
367,K-35-063-1_Granit_4326_x3024_y336.png,K-35-063-1_Granit_4326,10pct,349494.61298767035,4685506.817178508,351434.6413300673,4687446.845520905,5.052157141658729
368,K-35-053-1_x2352_y1008.png,K-35-053-1,10pct,429469.965427658,4717277.016217809,431391.0113742862,4719198.062164437,5.002723819344283
369,K-35-066-3_x1680_y3696.png,K-35-066-3,10pct,466902.4793101398,4647858.914699165,468831.788398438,4649788.223787463,5.024242417443323
370,K-35-066-1_x3024_y2352.png,K-35-066-1,10pct,473741.3861589356,4673137.265525284,475667.91326034226,4675063.792626691,5.016997659913159
371,K-35-077-4_x0_y3360.png,K-35-077-4,10pct,437433.8125612012,4612633.321297462,439368.7095971886,4614568.218333449,5.038794364550388
372,K-35-077-4_x2016_y2016.png,K-35-077-4,10pct,447592.02200013463,4619405.460923418,449526.919036122,4621340.3579594055,5.038794364550388
373,K-35-067-4_x2688_y3360.png,K-35-067-4,10pct,534005.1519274105,4649573.602506178,535934.4564357987,4651502.9070145665,5.024230490594164
374,K-35-051-3_x3696_y672.png,K-35-051-3,10pct,353619.00583013485,4701895.517074066,355543.28723773663,4703819.798481668,5.011149498962975
375,K-35-053-4_Boyadzhik_x336_y3696.png,K-35-053-4_Boyadzhik,10pct,439765.48172749276,4685081.4875155,441689.26138472086,4687005.267172728,5.009842857364826
376,K-35-076-4_x0_y3696.png,K-35-076-4,10pct,395808.2751976145,4611422.097933555,397743.31663516595,4613357.139371106,5.039170410290201
377,K-35-055-2_x336_y336.png,K-35-055-2,10pct,522017.6085292283,4720301.960227952,523938.55005378334,4722222.901752507,5.002451886862066
378,K-35-064-3_Dimitrovgrad_4326_x336_y2352.png,K-35-064-3_Dimitrovgrad_4326,10pct,377006.5303011782,4655849.082892645,378945.5469118251,4657788.099503292,5.049522423559513
379,K-35-067-1_x1344_y2016.png,K-35-067-1,10pct,506613.860758518,4674758.9957952,508540.34493995947,4676685.479976641,5.016885889170529
380,K-35-075-3_x336_y672.png,K-35-075-3,10pct,335061.6005352176,4627837.932181174,336997.0129655363,4629773.344611493,5.040136537288315
381,K-35-055-2_x2688_y0.png,K-35-055-2,10pct,533783.375367128,4721982.784061938,535704.3168916831,4723903.725586493,5.002451886862218
382,K-35-075-3_x4032_y3024.png,K-35-075-3,10pct,353689.9451770351,4615983.531045472,355625.3576073538,4617918.943475791,5.040136537288315
383,K-35-067-2_x336_y2016.png,K-35-067-2,10pct,522131.49315361475,4674849.487911369,524058.0156697871,4676776.010427541,5.016985719198904
384,K-35-066-3_x1680_y672.png,K-35-066-3,10pct,466902.4793101398,4663052.223769514,468831.788398438,4664981.532857812,5.024242417443323
385,K-35-064-3_Dimitrovgrad_4326_x3360_y336.png,K-35-064-3_Dimitrovgrad_4326,10pct,392276.28611002205,4666028.920098541,394215.3027206689,4667967.936709188,5.049522423559513
386,K-35-067-4_x672_y3360.png,K-35-067-4,10pct,523876.303258373,4649573.602506178,525805.6077667611,4651502.9070145665,5.024230490594012
387,K-35-074-3_x4032_y2016.png,K-35-074-3,10pct,312065.05279845814,4622149.874206425,314000.8155097604,4624085.636917727,5.041048727349637
388,K-35-067-1_x336_y3024.png,K-35-067-1,10pct,501556.8397822341,4669701.974818916,503483.3239636756,4671628.459000357,5.016885889170529
389,K-35-054-4_Voynika_x0_y2688.png,K-35-054-4_Voynika,10pct,479274.8856006111,4689889.667335803,481198.6048234318,4691813.386558623,5.0096854760956075
390,K-35-053-4_Boyadzhik_x2016_y2688.png,K-35-053-4_Boyadzhik,10pct,448182.0177278658,4690131.409115723,450105.7973850939,4692055.188772951,5.009842857364826
391,K-35-077-4_x0_y2016.png,K-35-077-4,10pct,437433.8125612012,4619405.460923418,439368.7095971886,4621340.3579594055,5.038794364550388
392,K-35-074-2_x1008_y3696.png,K-35-074-2,10pct,318111.7966291981,4631644.431123846,320044.5987216914,4633577.23321634,5.033338782534581
393,K-35-055-1_x1344_y2352.png,K-35-055-1,10pct,506594.37557040266,4710126.361574783,508515.2935456264,4712047.279550007,5.002390560478489
394,K-35-065-1_Radetski_4326_x0_y3024.png,K-35-065-1_Radetski_4326,10pct,417047.9110133175,4670288.970309732,418980.61477505567,4672221.674071469,5.0330827128597475
395,K-35-066-1_x336_y672.png,K-35-066-1,10pct,460255.6964490889,4681565.821593938,462182.2235504956,4683492.348695345,5.016997659913159
396,K-35-075-1_x2016_y3024.png,K-35-075-1,10pct,343944.77054538374,4634514.189465758,345877.408888236,4636446.82780861,5.032912351177704
397,K-35-042-3_x336_y2688.png,K-35-042-3,10pct,460575.1607873903,4727039.650913628,462493.30805273104,4728957.798178969,4.995175170158139
398,K-35-055-2_x1008_y336.png,K-35-055-2,10pct,525379.2561971997,4720301.960227952,527300.1977217548,4722222.901752507,5.002451886862218
399,K-35-074-3_x4032_y1680.png,K-35-074-3,10pct,312065.05279845814,4623843.666578814,314000.8155097604,4625779.429290117,5.041048727349637
400,K-35-055-2_x1008_y3696.png,K-35-055-2,10pct,525379.2561971997,4703493.721888095,527300.1977217548,4705414.66341265,5.002451886862218
401,K-35-077-2_x672_y2352.png,K-35-077-2,10pct,440976.3267407723,4636237.141511653,442908.4531081246,4638169.267879005,5.031579081646669
402,K-35-055-3_x1344_y1344.png,K-35-055-3,10pct,506604.13062914764,4696649.275021179,508527.8345063967,4698572.978898427,5.009645513669511
403,K-35-064-4_Galabovo_4326_x3360_y2352.png,K-35-064-4_Galabovo_4326,10pct,413022.3722002336,4655466.502878198,414959.6431799308,4657403.773857895,5.044976509628062
404,K-35-067-2_x336_y0.png,K-35-067-2,10pct,522131.49315361475,4684963.731121274,524058.0156697871,4686890.253637446,5.016985719198904
405,K-35-063-3_Tatarevo_4326_x3024_y1344.png,K-35-063-3_Tatarevo_4326,10pct,349084.0462893559,4661894.860639602,351026.7693974501,4663837.583747696,5.059174760661942
406,K-35-052-3_x4032_y672.png,K-35-052-3,10pct,396494.3962692916,4701048.187555032,398418.41685635014,4702972.208142091,5.0104702787983415
407,K-35-056-3_x672_y336.png,K-35-056-3,10pct,544299.8105683731,4701940.973269424,546223.5852857167,4703864.747986768,5.009829993082349
408,K-35-077-2_x4032_y1680.png,K-35-077-2,10pct,457882.4324551053,4639618.362654519,459814.5588224576,4641550.489021871,5.031579081646669
409,K-35-074-2_x3024_y1008.png,K-35-074-2,10pct,328259.00761478784,4645174.045771299,330191.8097072811,4647106.847863792,5.033338782534581
410,K-35-074-2_x3024_y3696.png,K-35-074-2,10pct,328259.00761478784,4631644.431123846,330191.8097072811,4633577.23321634,5.033338782534581
411,K-35-075-1_x3696_y2688.png,K-35-075-1,10pct,352400.0632953622,4636205.248015755,354332.70163821446,4638137.886358607,5.032912351177704
412,K-35-076-1_x336_y2016.png,K-35-076-1,10pct,377008.67671239196,4638742.41971583,378941.0489172612,4640674.791920699,5.032219283513617
413,K-35-050-4_x1344_y672.png,K-35-050-4,10pct,321235.7229894721,4702410.051619711,323160.1648726215,4704334.493502861,5.0115674040348495
414,K-35-075-2_x2352_y3696.png,K-35-075-2,10pct,366394.82343222364,4630680.03247235,368327.3184800757,4632612.527520202,5.032539187114708
415,K-35-075-4_x672_y3696.png,K-35-075-4,10pct,357568.5289598795,4612144.818993022,359503.7971378587,4614080.087171001,5.039760880154215
416,K-35-074-4_x1008_y2688.png,K-35-074-4,10pct,317634.92655637476,4618189.480646444,319570.50382903736,4620125.057919106,5.040565814225526
417,K-35-063-4_Skobelevo_4326_x1344_y1680.png,K-35-063-4_Skobelevo_4326,10pct,361340.836358781,4659688.258734326,363281.69459298503,4661629.11696853,5.0543183182397415
418,K-35-065-1_Radetski_4326_x4032_y3696.png,K-35-065-1_Radetski_4326,10pct,437341.300511568,4666906.7387266895,439274.0042733062,4668839.442488427,5.0330827128597475
419,K-35-064-4_Galabovo_4326_x4032_y2688.png,K-35-064-4_Galabovo_4326,10pct,416412.59641470364,4653771.390770963,418349.8673944008,4655708.66175066,5.044976509628062
420,K-35-074-3_x0_y2688.png,K-35-074-3,10pct,291739.54432978434,4618762.289461646,293675.3070410866,4620698.052172949,5.041048727349637
421,K-35-074-1_x1008_y3360.png,K-35-074-1,10pct,297351.6606030731,4633908.494324865,299284.64690276526,4635841.480624557,5.033818488781738
422,K-35-065-4_x2352_y2688.png,K-35-065-4,10pct,449574.20738676545,4653074.247288335,451503.5572555062,4655003.597157076,5.024348616512422
423,K-35-065-4_x1344_y2016.png,K-35-065-4,10pct,444509.663981321,4656450.609558632,446439.01385006175,4658379.959427373,5.024348616512422
424,K-35-067-3_x2016_y2016.png,K-35-067-3,10pct,509999.776858037,4656235.772629366,511929.0356763209,4658165.03144765,5.024111505947682
425,K-35-077-2_x2016_y1344.png,K-35-077-2,10pct,447738.7690265055,4641308.973225952,449670.89539385785,4643241.099593304,5.031579081646669
426,K-35-054-3_Yambol_x1008_y336.png,K-35-054-3_Yambol,10pct,463728.38038102235,4701763.242860815,465652.11980317626,4703686.982282968,5.009738078525818
427,K-35-074-1_x3696_y2688.png,K-35-074-1,10pct,310882.5647009183,4637291.220349327,312815.55100061046,4639224.206649018,5.033818488781738
428,K-35-056-3_x3024_y0.png,K-35-056-3,10pct,556082.9307121029,4703624.2761471,558006.7054294465,4705548.050864444,5.009829993082349
429,K-35-075-4_x4032_y3696.png,K-35-075-4,10pct,374502.1255171974,4612144.818993022,376437.39369517664,4614080.087171001,5.039760880154215
430,K-35-074-3_x1008_y1344.png,K-35-074-3,10pct,296820.9214469528,4625537.458951204,298756.68415825506,4627473.221662506,5.041048727349637
431,K-35-054-4_Voynika_x1680_y2688.png,K-35-054-4_Voynika,10pct,487691.15720045165,4689889.667335803,489614.87642327236,4691813.386558623,5.0096854760956075
432,K-35-077-1_x2016_y672.png,K-35-077-1,10pct,426980.2044888802,4644901.617501971,428912.39235517336,4646833.805368264,5.031739235138502
433,K-35-074-1_x2016_y1008.png,K-35-074-1,10pct,302425.749639765,4645748.03541048,304358.7359394572,4647681.021710171,5.033818488781738
434,K-35-066-4_x2352_y3360.png,K-35-066-4,10pct,490983.37095448875,4649456.529394086,492912.65957040765,4651385.818010005,5.02418910395545
435,K-35-074-1_x672_y3696.png,K-35-074-1,10pct,295660.29759084247,4632217.131312635,297593.28389053466,4634150.1176123265,5.033818488781738
436,K-35-063-1_Granit_4326_x3696_y336.png,K-35-063-1_Granit_4326,10pct,352889.66258686496,4685506.817178508,354829.69092926185,4687446.845520905,5.052157141658578
437,K-35-054-3_Yambol_x2352_y3696.png,K-35-054-3_Yambol,10pct,470461.46835856105,4684930.522916968,472385.20778071496,4686854.262339122,5.009738078525818
438,K-35-075-3_x3360_y1344.png,K-35-075-3,10pct,350302.9734239774,4624450.960428117,352238.3858542961,4626386.372858436,5.040136537288315
439,K-35-074-2_x4032_y2352.png,K-35-074-2,10pct,333332.6131075827,4638409.238447572,335265.415200076,4640342.040540066,5.033338782534581
440,K-35-055-3_x1680_y1008.png,K-35-055-3,10pct,508287.3715217406,4698332.515913772,510211.0753989897,4700256.219791021,5.009645513669511
441,K-35-074-4_x3024_y2688.png,K-35-074-4,10pct,327796.70723785355,4618189.480646444,329732.28451051615,4620125.057919106,5.040565814225526
442,K-35-064-2_Radnevo_4326_x0_y0.png,K-35-064-2_Radnevo_4326,10pct,396341.05439227645,4685841.503247644,398275.5711819911,4687776.020037359,5.037804139881852
443,K-35-077-3_x672_y3696.png,K-35-077-3,10pct,420007.316837074,4611151.084848355,421942.27578229876,4613086.04379358,5.038955586522813
444,K-35-076-4_x1344_y2016.png,K-35-076-4,10pct,402580.92022904445,4619887.904222842,404515.9616665959,4621822.945660394,5.039170410290201
445,K-35-067-4_x3024_y1008.png,K-35-067-4,10pct,535693.2933722502,4661390.592620056,537622.5978806383,4663319.897128444,5.024230490594164
446,K-35-053-2_x0_y2016.png,K-35-053-2,10pct,438245.581443574,4712022.579685215,440166.5675266809,4713943.565768322,5.002567924757538
447,K-35-066-3_x2352_y0.png,K-35-066-3,10pct,470278.77021466166,4666428.514674036,472208.0793029599,4668357.823762334,5.024242417443323
448,K-35-075-2_x1008_y1344.png,K-35-075-2,10pct,359631.0907647415,4642516.564640443,361563.5858125935,4644449.059688295,5.032539187114708
449,K-35-074-1_x4032_y0.png,K-35-074-1,10pct,312573.92771314894,4650822.124447172,314506.9140128411,4652755.110746863,5.033818488781738
450,K-35-063-4_Skobelevo_4326_x2688_y2352.png,K-35-063-4_Skobelevo_4326,10pct,368133.8401784952,4656291.756824469,370074.6984126993,4658232.615058674,5.0543183182397415
451,K-35-066-2_x4032_y3024.png,K-35-066-2,10pct,499448.91365594516,4669675.240299436,501375.4204215965,4671601.747065088,5.016944702217036
452,K-35-066-2_x2688_y336.png,K-35-066-2,10pct,492706.13997616543,4683160.787658996,494632.6467418168,4685087.294424647,5.016944702217036
453,K-35-076-2_x2352_y2016.png,K-35-076-2,10pct,407912.29513411375,4638410.511891757,409844.5649457658,4640342.781703409,5.031952634510465
454,K-35-077-1_x2016_y2016.png,K-35-077-1,10pct,426980.2044888802,4638138.959969945,428912.39235517336,4640071.147836238,5.031739235138502
455,K-35-054-1_Straldzha_4326_x2352_y1008.png,K-35-054-1_Straldzha_4326,10pct,470458.8522384137,4716996.293359433,472382.41031757713,4718919.851438597,5.009265831154759
456,K-35-077-1_x1680_y2016.png,K-35-077-1,10pct,425289.5401058736,4638138.959969945,427221.7279721668,4640071.147836238,5.031739235138502
457,K-35-042-3_x336_y2352.png,K-35-042-3,10pct,460575.1607873903,4728718.029770801,462493.30805273104,4730636.177036142,4.995175170158139
458,K-35-074-4_x1008_y0.png,K-35-074-4,10pct,317634.92655637476,4631738.521555082,319570.50382903736,4633674.098827745,5.040565814225526
459,K-35-053-1_x672_y1008.png,K-35-053-1,10pct,421065.3894111596,4717277.016217809,422986.4353577878,4719198.062164437,5.002723819344283
460,K-35-053-2_x0_y2688.png,K-35-053-2,10pct,438245.581443574,4708660.854039777,440166.5675266809,4710581.840122884,5.002567924757538
461,K-35-052-2_x672_y0.png,K-35-052-2,10pct,400523.3647058322,4722592.341023174,402444.4904191826,4724513.466736524,5.002931545183249
462,K-35-053-1_x0_y3696.png,K-35-053-1,10pct,417703.5590045603,4703829.694591411,419624.6049511885,4705750.740538039,5.002723819344283
463,K-35-055-2_x1344_y336.png,K-35-055-2,10pct,527060.0800311853,4720301.960227952,528981.0215557404,4722222.901752507,5.002451886862218
464,K-35-077-3_x2688_y1680.png,K-35-077-3,10pct,430165.85129950393,4621309.619310784,432100.8102447287,4623244.578256009,5.038955586522813
465,K-35-055-1_x672_y2352.png,K-35-055-1,10pct,503232.76911376114,4710126.361574783,505153.6870889849,4712047.279550007,5.002390560478489
466,K-35-067-4_x672_y1344.png,K-35-067-4,10pct,523876.303258373,4659702.451175217,525805.6077667611,4661631.755683605,5.024230490594012
467,K-35-053-1_x1344_y1680.png,K-35-053-1,10pct,424427.219817759,4713915.1858112095,426348.2657643872,4715836.231757837,5.002723819344283
468,K-35-067-2_x2352_y3696.png,K-35-067-2,10pct,532245.7363635196,4666420.951903115,534172.258879692,4668347.474419287,5.016985719198904
469,K-35-052-3_x2016_y672.png,K-35-052-3,10pct,386393.28818723426,4701048.187555032,388317.3087742928,4702972.208142091,5.0104702787983415
470,K-35-054-2_Atolov_4326_x672_y1680.png,K-35-054-2_Atolov_4326,20pct,482637.3060138802,4713487.4435014855,484559.1266639615,4715409.264151567,5.00474127625345
471,K-35-056-3_x1008_y2688.png,K-35-056-3,20pct,545983.1134460488,4690157.853125694,547906.8881633924,4692081.627843038,5.009829993082349
472,K-35-077-4_x2016_y2688.png,K-35-077-4,20pct,447592.02200013463,4616019.39111044,449526.919036122,4617954.288146427,5.038794364550388
473,K-35-066-4_x2016_y2352.png,K-35-066-4,20pct,489295.2434155597,4654520.912010874,491224.5320314786,4656450.200626792,5.02418910395545
474,K-35-054-1_Straldzha_4326_x2016_y1344.png,K-35-054-1_Straldzha_4326,20pct,468775.7389191457,4715313.180040166,470699.29699830915,4717236.738119329,5.009265831154759
475,K-35-067-4_x2688_y1680.png,K-35-067-4,20pct,534005.1519274105,4658014.309730377,535934.4564357987,4659943.614238765,5.024230490594164
476,K-35-055-2_x3024_y3024.png,K-35-055-2,20pct,535464.1992011137,4706855.369556067,537385.1407256688,4708776.311080622,5.002451886862218
477,K-35-064-1_Sredets_4326_x2352_y1344.png,K-35-064-1_Sredets_4326,20pct,387493.811361696,4679457.6108450955,389430.17883214855,4681393.978315548,5.042623620970214
478,K-35-042-3_x2688_y3024.png,K-35-042-3,20pct,472323.8127876023,4725361.272056455,474241.96005294303,4727279.419321796,4.995175170158139
479,K-35-065-3_Glavan_4326_x3024_y1344.png,K-35-065-3_Glavan_4326,20pct,432073.8766227535,4660225.832675415,434009.3340900294,4662161.290142691,5.040253821031001
480,K-35-077-4_x3360_y672.png,K-35-077-4,20pct,454364.1616260903,4626177.600549374,456299.05866207764,4628112.497585361,5.038794364550388
481,K-35-075-4_x3024_y336.png,K-35-075-4,20pct,369422.046550002,4629078.41555034,371357.3147279812,4631013.68372832,5.039760880154215
482,K-35-050-4_x2352_y3696.png,K-35-050-4,20pct,326287.38293273916,4687255.07178991,328211.82481588854,4689179.51367306,5.0115674040348495
483,K-35-074-4_x1008_y336.png,K-35-074-4,20pct,317634.92655637476,4630044.891441502,319570.50382903736,4631980.468714165,5.040565814225526
484,K-35-054-1_Straldzha_4326_x2688_y3696.png,K-35-054-1_Straldzha_4326,20pct,472141.9655576817,4703531.386805289,474065.5236368451,4705454.944884453,5.009265831154759
485,K-35-054-4_Voynika_x3024_y1344.png,K-35-054-4_Voynika,20pct,494424.174480324,4696622.684615674,496347.89370314474,4698546.403838495,5.0096854760956075
486,K-35-067-4_x2016_y1344.png,K-35-067-4,20pct,530628.8690377313,4659702.451175217,532558.1735461195,4661631.755683605,5.024230490594164
487,K-35-066-1_x3696_y2352.png,K-35-066-1,20pct,477112.80858639727,4673137.265525284,479039.3356878039,4675063.792626691,5.016997659913159
488,K-35-067-1_x2016_y3360.png,K-35-067-1,20pct,509985.20807604055,4668016.301160155,511911.69225748203,4669942.785341596,5.016885889170529
489,K-35-052-3_x1680_y672.png,K-35-052-3,20pct,384709.77017355803,4701048.187555032,386633.7907606166,4702972.208142091,5.0104702787983415
490,K-35-054-3_Yambol_x672_y0.png,K-35-054-3_Yambol,20pct,462045.10838663764,4703446.5148551995,463968.84780879156,4705370.254277353,5.009738078525818
491,K-35-074-2_x0_y2352.png,K-35-074-2,20pct,313038.19113640324,4638409.238447572,314970.9932288965,4640342.040540066,5.033338782534581
492,K-35-065-4_x3360_y3024.png,K-35-065-4,20pct,454638.75079221,4651386.066153187,456568.10066095076,4653315.416021928,5.024348616512422
493,K-35-075-3_x2016_y336.png,K-35-075-3,20pct,343529.029917862,4629531.418057703,345464.4423481807,4631466.830488022,5.040136537288315
494,K-35-051-4_x1344_y2688.png,K-35-051-4,20pct,362429.6132101878,4691339.836246294,364353.75418542867,4693263.977221535,5.010783789689715
495,K-35-075-4_x336_y0.png,K-35-075-4,20pct,355875.16930414765,4630771.775206071,357810.4374821269,4632707.043384051,5.039760880154215
496,K-35-076-1_x0_y1008.png,K-35-076-1,20pct,375317.85103313136,4643814.896753612,377250.2232380006,4645747.268958481,5.032219283513617
497,K-35-077-4_x1680_y336.png,K-35-077-4,20pct,445898.98709364573,4627870.635455863,447833.8841296331,4629805.53249185,5.038794364550388
498,K-35-064-2_Radnevo_4326_x1008_y3696.png,K-35-064-2_Radnevo_4326,20pct,401419.1609652774,4667221.779146641,403353.67775499204,4669156.295936355,5.037804139881852
499,K-35-074-4_x2688_y0.png,K-35-074-4,20pct,326103.07712427375,4631738.521555082,328038.65439693636,4633674.098827745,5.040565814225526
500,K-35-077-4_x3360_y336.png,K-35-077-4,20pct,454364.1616260903,4627870.635455863,456299.05866207764,4629805.53249185,5.038794364550388
501,K-35-076-1_x336_y672.png,K-35-076-1,20pct,377008.67671239196,4645505.722432872,378941.0489172612,4647438.094637741,5.032219283513617
502,K-35-067-4_x4032_y3696.png,K-35-067-4,20pct,540757.7177067689,4647885.461061339,542687.022215157,4649814.765569727,5.024230490594164
503,K-35-066-1_x2352_y2352.png,K-35-066-1,20pct,470369.96373147395,4673137.265525284,472296.4908328806,4675063.792626691,5.016997659913159
504,K-35-054-1_Straldzha_4326_x0_y1008.png,K-35-054-1_Straldzha_4326,20pct,458677.05900353775,4716996.293359433,460600.6170827012,4718919.851438597,5.009265831154759
505,K-35-064-4_Galabovo_4326_x2352_y0.png,K-35-064-4_Galabovo_4326,20pct,407937.0358785286,4667332.287628843,409874.3068582258,4669269.55860854,5.044976509628062
506,K-35-074-2_x1680_y2352.png,K-35-074-2,20pct,321494.20029106137,4638409.238447572,323427.00238355465,4640342.040540066,5.033338782534581
507,K-35-052-3_x672_y0.png,K-35-052-3,20pct,379659.2161325294,4704415.223582384,381583.23671958793,4706339.244169443,5.0104702787983415
508,K-35-074-1_x672_y1680.png,K-35-074-1,20pct,295660.29759084247,4642365.309386019,297593.28389053466,4644298.29568571,5.033818488781738
509,K-35-052-3_x0_y336.png,K-35-052-3,20pct,376292.1801051769,4702731.705568708,378216.2006922355,4704655.726155766,5.0104702787983415
510,K-35-065-1_Radetski_4326_x3360_y1008.png,K-35-065-1_Radetski_4326,20pct,433959.0689285263,4680435.665058857,435891.77269026445,4682368.368820595,5.0330827128597475
511,K-35-066-3_x0_y1680.png,K-35-066-3,20pct,458461.75204883504,4657987.787412731,460391.0611371333,4659917.096501029,5.024242417443323
512,K-35-077-2_x3360_y0.png,K-35-077-2,20pct,454501.2113122387,4648071.415511685,456433.33767959103,4650003.541879037,5.031579081646669
513,K-35-076-1_x3696_y2016.png,K-35-076-1,20pct,393916.93350499764,4638742.41971583,395849.30570986687,4640674.791920699,5.032219283513617
514,K-35-055-4_x2016_y0.png,K-35-055-4,20pct,530490.9790220066,4703472.986728103,532414.7138536976,4705396.721559794,5.0097261241953674
515,K-35-062-4_Asenovgrad_4326_x0_y2352.png,K-35-062-4_Asenovgrad_4326,20pct,313021.8214443447,4657359.487883164,314966.4065482367,4659304.072987055,5.064023708051991
516,K-35-053-1_x4032_y2352.png,K-35-053-1,20pct,437874.54144415644,4710553.355404611,439795.58739078464,4712474.401351239,5.002723819344283
517,K-35-065-3_Glavan_4326_x0_y3024.png,K-35-065-3_Glavan_4326,20pct,416832.1490679559,4651758.206256083,418767.6065352318,4653693.663723359,5.040253821031001
518,K-35-066-2_x672_y3024.png,K-35-066-2,20pct,482591.97945649584,4669675.240299436,484518.4862221472,4671601.747065088,5.016944702217036
519,K-35-075-2_x2688_y0.png,K-35-075-2,20pct,368085.7565990942,4649280.297307925,370018.25164694624,4651212.792355778,5.032539187114708
520,K-35-055-4_x2352_y2352.png,K-35-055-4,20pct,532174.2469997363,4691690.110883995,534097.9818314273,4693613.845715686,5.0097261241953674
521,K-35-042-3_x2688_y1344.png,K-35-042-3,20pct,472323.8127876023,4733753.166342321,474241.96005294303,4735671.313607662,4.995175170158139
522,K-35-065-3_Glavan_4326_x3360_y3024.png,K-35-065-3_Glavan_4326,20pct,433767.4019066199,4651758.206256083,435702.8593738958,4653693.663723359,5.040253821031001
523,K-35-074-4_x1680_y3024.png,K-35-074-4,20pct,321022.18678353436,4616495.850532863,322957.76405619696,4618431.427805526,5.040565814225526
524,K-35-066-4_x4032_y1680.png,K-35-066-4,20pct,499424.0086491339,4657897.167088732,501353.2972650528,4659826.455704651,5.02418910395545
525,K-35-067-2_x336_y672.png,K-35-067-2,20pct,522131.49315361475,4681592.316717972,524058.0156697871,4683518.839234144,5.016985719198904
526,K-35-055-2_x0_y336.png,K-35-055-2,20pct,520336.78469524265,4720301.960227952,522257.7262197977,4722222.901752507,5.002451886862066
527,K-35-051-4_x2688_y3024.png,K-35-051-4,20pct,369164.10662353074,4689656.212892959,371088.2475987716,4691580.3538681995,5.010783789689715
528,K-35-075-1_x3024_y1344.png,K-35-075-1,20pct,349017.94619537087,4642969.482215737,350950.5845382231,4644902.120558589,5.032912351177704
529,K-35-064-4_Galabovo_4326_x336_y0.png,K-35-064-4_Galabovo_4326,20pct,397766.36323511857,4667332.287628843,399703.63421481574,4669269.55860854,5.044976509628062
530,K-35-067-4_x2688_y3024.png,K-35-067-4,20pct,534005.1519274105,4651261.743951018,535934.4564357987,4653191.048459406,5.024230490594164
531,K-35-075-2_x2016_y1680.png,K-35-075-2,20pct,364703.8902653531,4640825.631473573,366636.38531320513,4642758.126521425,5.032539187114708
532,K-35-065-1_Radetski_4326_x0_y1008.png,K-35-065-1_Radetski_4326,20pct,417047.9110133175,4680435.665058857,418980.61477505567,4682368.368820595,5.0330827128597475
533,K-35-074-1_x0_y2016.png,K-35-074-1,20pct,292277.57156638114,4640673.946373788,294210.55786607333,4642606.932673479,5.033818488781738
534,K-35-077-4_x3360_y1680.png,K-35-077-4,20pct,454364.1616260903,4621098.495829907,456299.05866207764,4623033.392865894,5.038794364550388
535,K-35-042-3_x3360_y2352.png,K-35-042-3,20pct,475680.5705019486,4728718.029770801,477598.7177672893,4730636.177036142,4.995175170158139
536,K-35-077-3_x4032_y2016.png,K-35-077-3,20pct,436938.20760779054,4619616.530233713,438873.1665530153,4621551.489178938,5.038955586522813
537,K-35-054-4_Voynika_x2352_y1008.png,K-35-054-4_Voynika,20pct,491057.6658403878,4698305.938935643,492981.3850632085,4700229.658158463,5.0096854760956075
538,K-35-076-4_x1680_y1008.png,K-35-076-4,20pct,404274.08148690197,4624967.387996415,406209.1229244534,4626902.429433966,5.039170410290201
539,K-35-052-3_x2352_y1680.png,K-35-052-3,20pct,388076.8062009105,4695997.633514003,390000.82678796904,4697921.654101062,5.0104702787983415
540,K-35-076-4_x3696_y336.png,K-35-076-4,20pct,414433.0490340469,4628353.71051213,416368.0904715983,4630288.751949681,5.039170410290201
541,K-35-063-4_Skobelevo_4326_x3360_y1680.png,K-35-063-4_Skobelevo_4326,20pct,371530.34208835236,4659688.258734326,373471.2003225564,4661629.11696853,5.0543183182397415
542,K-35-064-4_Galabovo_4326_x1344_y1008.png,K-35-064-4_Galabovo_4326,20pct,402851.6995568236,4662246.951307138,404788.97053652076,4664184.222286835,5.044976509628062
543,K-35-077-4_x1344_y3024.png,K-35-077-4,20pct,444205.9521871568,4614326.356203951,446140.8492231442,4616261.253239938,5.038794364550388
544,K-35-063-1_Granit_4326_x672_y2688.png,K-35-063-1_Granit_4326,20pct,337611.9393904892,4673624.143581327,339551.9677328861,4675564.171923724,5.052157141658578
545,K-35-065-2_GManastir_4326_x3360_y672.png,K-35-065-2_GManastir_4326,20pct,454649.5767182213,4681858.27631354,456580.46328690095,4683789.162882219,5.028350439269919
546,K-35-074-1_x3024_y1008.png,K-35-074-1,20pct,307499.838676457,4645748.03541048,309432.8249761492,4647681.021710171,5.033818488781738
547,K-35-063-3_Tatarevo_4326_x1008_y3024.png,K-35-063-3_Tatarevo_4326,20pct,338884.7499718614,4653395.44704169,340827.4730799556,4655338.170149785,5.059174760661942
548,K-35-065-3_Glavan_4326_x3024_y3024.png,K-35-065-3_Glavan_4326,20pct,432073.8766227535,4651758.206256083,434009.3340900294,4653693.663723359,5.040253821031001
549,K-35-074-2_x336_y1008.png,K-35-074-2,20pct,314729.3929673349,4645174.045771299,316662.19505982817,4647106.847863792,5.033338782534581
550,K-35-067-3_x3696_y2352.png,K-35-067-3,20pct,518440.284188029,4654547.671163368,520369.5430063129,4656476.929981652,5.024111505947682
551,K-35-065-1_Radetski_4326_x336_y1344.png,K-35-065-1_Radetski_4326,20pct,418739.0268048384,4678744.549267336,420671.73056657653,4680677.253029074,5.0330827128597475
552,K-35-074-1_x1008_y3024.png,K-35-074-1,20pct,297351.6606030731,4635599.857337096,299284.64690276526,4637532.8436367875,5.033818488781738
553,K-35-066-4_x4032_y3024.png,K-35-066-4,20pct,499424.0086491339,4651144.656933015,501353.2972650528,4653073.945548934,5.02418910395545
554,K-35-056-3_x3360_y3024.png,K-35-056-3,20pct,557766.2335897787,4688474.550248019,559690.0083071223,4690398.324965363,5.009829993082349
555,K-35-063-2_Chirpan_4326_x1344_y1680.png,K-35-063-2_Chirpan_4326,20pct,361709.1166368115,4678209.854317801,363647.26644987863,4680148.004130868,5.047265138195598
556,K-35-053-4_Boyadzhik_x1344_y672.png,K-35-053-4_Boyadzhik,20pct,444815.4033277166,4700231.252316171,446739.18298494467,4702155.031973399,5.009842857364826
557,K-35-077-4_x2016_y3024.png,K-35-077-4,20pct,447592.02200013463,4614326.356203951,449526.919036122,4616261.253239938,5.038794364550388
558,K-35-054-1_Straldzha_4326_x1344_y2688.png,K-35-054-1_Straldzha_4326,20pct,465409.5122806097,4708580.726763094,467333.0703597731,4710504.284842257,5.009265831154759
559,K-35-055-4_x1008_y2688.png,K-35-055-4,20pct,525441.1750888176,4690006.8429062655,527364.9099205086,4691930.577737956,5.0097261241953674
560,K-35-063-3_Tatarevo_4326_x3024_y3360.png,K-35-063-3_Tatarevo_4326,20pct,349084.0462893559,4651695.5643221075,351026.7693974501,4653638.287430202,5.059174760661942
561,K-35-066-2_x2688_y1344.png,K-35-066-2,20pct,492706.13997616543,4678103.707399161,494632.6467418168,4680030.214164812,5.016944702217036
562,K-35-064-1_Sredets_4326_x3696_y1008.png,K-35-064-1_Sredets_4326,20pct,394271.09750828,4681151.932381742,396207.4649787326,4683088.299852194,5.042623620970214
563,K-35-052-2_x1344_y672.png,K-35-052-2,20pct,403885.3347041953,4719230.371024811,405806.4604175457,4721151.496738161,5.002931545183249
564,K-35-076-4_x0_y1344.png,K-35-076-4,20pct,395808.2751976145,4623274.226738557,397743.31663516595,4625209.268176109,5.039170410290201
565,K-35-064-2_Radnevo_4326_x3360_y3360.png,K-35-064-2_Radnevo_4326,20pct,413268.07630227954,4668914.48133764,415202.5930919942,4670848.998127355,5.037804139881852
566,K-35-067-3_x2016_y0.png,K-35-067-3,20pct,509999.776858037,4666364.3814253565,511929.0356763209,4668293.64024364,5.024111505947682
567,K-35-066-1_x2016_y336.png,K-35-066-1,20pct,468684.2525177431,4683251.532807669,470610.77961914975,4685178.0599090755,5.016997659913159
568,K-35-074-3_x2352_y1008.png,K-35-074-3,20pct,303596.0909365107,4627231.251323594,305531.85364781297,4629167.014034896,5.041048727349637
569,K-35-064-3_Dimitrovgrad_4326_x2016_y1680.png,K-35-064-3_Dimitrovgrad_4326,20pct,385489.7279727581,4659242.361961277,387428.744583405,4661181.378571924,5.049522423559513
570,K-35-065-4_x1008_y1008.png,K-35-065-4,20pct,442821.4828461728,4661515.152964076,444750.8327149136,4663444.502832817,5.024348616512422
571,K-35-063-4_Skobelevo_4326_x3024_y672.png,K-35-063-4_Skobelevo_4326,20pct,369832.0911334238,4664783.011599112,371772.94936762785,4666723.869833317,5.0543183182397415
572,K-35-053-1_x2016_y1008.png,K-35-053-1,20pct,427789.05022435833,4717277.016217809,429710.09617098654,4719198.062164437,5.002723819344283
573,K-35-067-4_x672_y672.png,K-35-067-4,20pct,523876.303258373,4663078.734064896,525805.6077667611,4665008.038573284,5.024230490594012
574,K-35-056-3_x1344_y1008.png,K-35-056-3,20pct,547666.4163237244,4698574.367514073,549590.191041068,4700498.142231417,5.009829993082349
575,K-35-066-3_x336_y2352.png,K-35-066-3,20pct,460149.897501096,4654611.496508209,462079.20658939425,4656540.805596507,5.024242417443323
576,K-35-077-3_x2352_y672.png,K-35-077-3,20pct,428472.7622224323,4626388.886541999,430407.72116765706,4628323.845487224,5.038955586522813
577,K-35-077-4_x1344_y3696.png,K-35-077-4,20pct,444205.9521871568,4610940.286390973,446140.8492231442,4612875.18342696,5.038794364550388
578,K-35-053-1_x3024_y3360.png,K-35-053-1,20pct,432831.7958342574,4705510.609794712,434752.8417808856,4707431.65574134,5.002723819344283
579,K-35-052-2_x2016_y1680.png,K-35-052-2,20pct,407247.3047025585,4714187.4160272665,409168.43041590886,4716108.541740617,5.002931545183249
580,K-35-065-4_x0_y3024.png,K-35-065-4,20pct,437756.9394407283,4651386.066153187,439686.28930946905,4653315.416021928,5.024348616512422
581,K-35-050-4_x0_y1680.png,K-35-050-4,20pct,314500.1763984493,4697358.391676445,316424.61828159867,4699282.833559594,5.0115674040348495
582,K-35-052-3_x2688_y3360.png,K-35-052-3,20pct,389760.3242145867,4687580.043445622,391684.34480164526,4689504.06403268,5.0104702787983415
583,K-35-067-4_x336_y0.png,K-35-067-4,20pct,522188.1618135334,4666455.016954575,524117.4663219215,4668384.321462963,5.024230490594012
584,K-35-066-4_x2016_y1344.png,K-35-066-4,20pct,489295.2434155597,4659585.294627661,491224.5320314786,4661514.58324358,5.02418910395545
585,K-35-055-3_x672_y1344.png,K-35-055-3,20pct,503237.64884396177,4696649.275021179,505161.35272121086,4698572.978898427,5.009645513669511
586,K-35-077-1_x2016_y2352.png,K-35-077-1,20pct,426980.2044888802,4636448.295586939,428912.39235517336,4638380.483453232,5.031739235138502
587,K-35-074-1_x2352_y1680.png,K-35-074-1,20pct,304117.1126519957,4642365.309386019,306050.09895168786,4644298.29568571,5.033818488781738
588,K-35-042-3_x672_y1344.png,K-35-042-3,20pct,462253.53964456345,4733753.166342321,464171.6869099042,4735671.313607662,4.995175170158139
589,K-35-076-2_x672_y2688.png,K-35-076-2,20pct,399458.6147081362,4635029.039721366,401390.8845197882,4636961.309533018,5.031952634510465
590,K-35-077-3_x0_y1008.png,K-35-077-3,20pct,416621.13868293073,4624695.797464928,418556.0976281555,4626630.756410153,5.038955586522813
591,K-35-077-2_x2352_y1344.png,K-35-077-2,20pct,449429.3795979388,4641308.973225952,451361.5059652911,4643241.099593304,5.031579081646669
592,K-35-076-4_x2688_y1680.png,K-35-076-4,20pct,409353.5652604744,4621581.0654807,411288.60669802583,4623516.106918251,5.039170410290201
593,K-35-074-4_x1344_y672.png,K-35-074-4,20pct,319328.55666995456,4628351.261327922,321264.13394261716,4630286.838600585,5.040565814225526
594,K-35-075-2_x672_y3024.png,K-35-075-2,20pct,357940.1575978709,4634061.8988060905,359872.65264572296,4635994.393853943,5.032539187114708
595,K-35-076-3_x0_y1344.png,K-35-076-3,20pct,374995.18380274845,4623606.097813927,376930.3283172275,4625541.242328405,5.039438839789152
596,K-35-053-2_x0_y3360.png,K-35-053-2,20pct,438245.581443574,4705299.12839434,440166.5675266809,4707220.114477447,5.002567924757538
597,K-35-062-4_Asenovgrad_4326_x3696_y3696.png,K-35-062-4_Asenovgrad_4326,20pct,331738.45306930505,4650553.440019541,333683.038173197,4652498.025123433,5.064023708051991
598,K-35-077-4_x2688_y2352.png,K-35-077-4,20pct,450978.0918131125,4617712.42601693,452912.98884909984,4619647.323052917,5.038794364550388
599,K-35-054-2_Atolov_4326_x3024_y2352.png,K-35-054-2_Atolov_4326,20pct,494408.4574956284,4710124.257363843,496330.2781457097,4712046.078013924,5.00474127625345
600,K-35-063-2_Chirpan_4326_x2016_y3696.png,K-35-063-2_Chirpan_4326,20pct,365100.87880967895,4668034.567799198,367039.02862274606,4669972.717612266,5.047265138195598
601,K-35-055-3_x3696_y1344.png,K-35-055-3,20pct,518386.81687729835,4696649.275021179,520310.52075454744,4698572.978898427,5.009645513669511
602,K-35-074-2_x3360_y3696.png,K-35-074-2,20pct,329950.2094457195,4631644.431123846,331883.01153821277,4633577.23321634,5.033338782534581
603,K-35-042-3_x3360_y3696.png,K-35-042-3,20pct,475680.5705019486,4722004.514342109,477598.7177672893,4723922.66160745,4.995175170158139
604,K-35-074-3_x4032_y3024.png,K-35-074-3,20pct,312065.05279845814,4617068.4970892565,314000.8155097604,4619004.259800559,5.041048727349637
605,K-35-076-4_x2016_y672.png,K-35-076-4,20pct,405967.2427447594,4626660.549254272,407902.28418231086,4628595.5906918235,5.039170410290201
606,K-35-074-1_x1680_y2688.png,K-35-074-1,20pct,300734.3866275344,4637291.220349327,302667.3729272266,4639224.206649018,5.033818488781738
607,K-35-067-3_x3360_y3360.png,K-35-067-3,20pct,516752.1827220306,4649483.366765372,518681.4415403145,4651412.625583656,5.024111505947682
608,K-35-056-3_x336_y2016.png,K-35-056-3,20pct,542616.5076906974,4693524.458881046,544540.2824080411,4695448.23359839,5.009829993082349
609,K-35-064-1_Sredets_4326_x3024_y1680.png,K-35-064-1_Sredets_4326,20pct,390882.45443498803,4677763.289308449,392818.8219054406,4679699.656778902,5.042623620970214
610,K-35-052-3_x3024_y336.png,K-35-052-3,20pct,391443.8422282629,4702731.705568708,393367.8628153215,4704655.726155766,5.0104702787983415
611,K-35-062-4_Asenovgrad_4326_x336_y2016.png,K-35-062-4_Asenovgrad_4326,20pct,314723.3334102502,4659060.999849069,316667.91851414216,4661005.584952961,5.064023708051991
612,K-35-052-2_x3024_y3024.png,K-35-052-2,20pct,412290.2597001032,4707463.47603054,414211.38541345356,4709384.60174389,5.002931545183249
613,K-35-054-1_Straldzha_4326_x2352_y3696.png,K-35-054-1_Straldzha_4326,20pct,470458.8522384137,4703531.386805289,472382.41031757713,4705454.944884453,5.009265831154759
614,K-35-076-3_x1344_y1008.png,K-35-076-3,20pct,381768.18960342515,4625299.349264096,383703.3341179042,4627234.493778574,5.039438839789152
615,K-35-051-3_x2352_y672.png,K-35-051-3,20pct,346884.02090352855,4701895.517074066,348808.30231113033,4703819.798481668,5.011149498962975
616,K-35-064-2_Radnevo_4326_x4032_y3696.png,K-35-064-2_Radnevo_4326,20pct,416653.48068428016,4667221.779146641,418587.9974739948,4669156.295936355,5.037804139881852
617,K-35-055-4_x2016_y1680.png,K-35-055-4,20pct,530490.9790220066,4695056.646839455,532414.7138536976,4696980.381671146,5.0097261241953674
618,K-35-076-3_x1344_y2016.png,K-35-076-3,20pct,381768.18960342515,4620219.594913588,383703.3341179042,4622154.739428067,5.039438839789152
619,K-35-075-1_x672_y3024.png,K-35-075-1,20pct,337180.53634540096,4634514.189465758,339113.1746882532,4636446.82780861,5.032912351177704
620,K-35-067-2_x3696_y672.png,K-35-067-2,20pct,538988.5651701228,4681592.316717972,540915.0876862952,4683518.839234144,5.016985719198904
621,K-35-062-4_Asenovgrad_4326_x3696_y2352.png,K-35-062-4_Asenovgrad_4326,20pct,331738.45306930505,4657359.487883164,333683.038173197,4659304.072987055,5.064023708051991
622,K-35-076-2_x4032_y336.png,K-35-076-2,20pct,416365.9755600914,4646864.192317735,418298.2453717434,4648796.462129387,5.031952634510465
623,K-35-042-3_x3360_y3360.png,K-35-042-3,20pct,475680.5705019486,4723682.893199282,477598.7177672893,4725601.040464623,4.995175170158139
624,K-35-062-4_Asenovgrad_4326_x1344_y336.png,K-35-062-4_Asenovgrad_4326,20pct,319827.86930796667,4667568.559678596,321772.45441185863,4669513.144782488,5.064023708051991
625,K-35-051-4_x4032_y336.png,K-35-051-4,20pct,375898.6000368736,4703125.199719644,377822.74101211445,4705049.340694885,5.010783789689715
626,K-35-064-2_Radnevo_4326_x672_y336.png,K-35-064-2_Radnevo_4326,20pct,399726.45877427707,4684148.801056644,401660.9755639917,4686083.317846359,5.037804139881852
627,K-35-075-3_x2352_y3024.png,K-35-075-3,20pct,345222.5157943908,4615983.531045472,347157.9282247095,4617918.943475791,5.040136537288315
628,K-35-067-3_x2016_y336.png,K-35-067-3,20pct,509999.776858037,4664676.279959358,511929.0356763209,4666605.538777642,5.024111505947682
629,K-35-064-3_Dimitrovgrad_4326_x3696_y2016.png,K-35-064-3_Dimitrovgrad_4326,20pct,393972.9256443381,4657545.722426961,395911.9422549849,4659484.739037608,5.049522423559513
630,K-35-053-4_Boyadzhik_x4032_y1008.png,K-35-053-4_Boyadzhik,20pct,458281.8609283134,4698547.945116097,460205.6405855415,4700471.724773325,5.009842857364826
631,K-35-056-3_x1008_y3360.png,K-35-056-3,20pct,545983.1134460488,4686791.247370344,547906.8881633924,4688715.022087688,5.009829993082349
632,K-35-055-2_x1680_y2352.png,K-35-055-2,20pct,528740.903865171,4710217.017224038,530661.8453897261,4712137.958748593,5.002451886862218
633,K-35-063-1_Granit_4326_x1008_y0.png,K-35-063-1_Granit_4326,20pct,339309.4641900865,4687204.341978106,341249.4925324834,4689144.370320503,5.052157141658578
634,K-35-075-3_x4032_y0.png,K-35-075-3,20pct,353689.9451770351,4631224.903934232,355625.3576073538,4633160.316364551,5.040136537288315
635,K-35-063-1_Granit_4326_x4032_y2352.png,K-35-063-1_Granit_4326,20pct,354587.1873864623,4675321.6683809245,356527.2157288592,4677261.696723321,5.052157141658578
636,K-35-065-2_GManastir_4326_x4032_y3696.png,K-35-065-2_GManastir_4326,20pct,458028.6282134107,4666652.544585188,459959.5147820903,4668583.431153867,5.028350439269919
637,K-35-042-3_x672_y336.png,K-35-042-3,20pct,462253.53964456345,4738788.30291384,464171.6869099042,4740706.450179181,4.995175170158139
638,K-35-077-1_x3024_y1680.png,K-35-077-1,20pct,432052.1976378997,4639829.624352952,433984.3855041929,4641761.812219245,5.031739235138502
639,K-35-065-2_GManastir_4326_x0_y2352.png,K-35-065-2_GManastir_4326,20pct,437754.3192422743,4673410.647575567,439685.2058109539,4675341.534144246,5.028350439269919
640,K-35-051-4_x2352_y3696.png,K-35-051-4,20pct,367480.48327019496,4686288.966186287,369404.6242454358,4688213.1071615275,5.010783789689715
641,K-35-065-3_Glavan_4326_x1344_y1344.png,K-35-065-3_Glavan_4326,20pct,423606.2502034215,4660225.832675415,425541.7076706974,4662161.290142691,5.040253821031001
642,K-35-075-2_x672_y1008.png,K-35-075-2,20pct,357940.1575978709,4644207.497807314,359872.65264572296,4646139.992855166,5.032539187114708
643,K-35-076-2_x3696_y1680.png,K-35-076-2,20pct,414675.2394748958,4640101.247976953,416607.50928654784,4642033.517788605,5.031952634510465
644,K-35-075-3_x672_y1008.png,K-35-075-3,20pct,336755.0864117465,4626144.446304645,338690.4988420652,4628079.858734964,5.040136537288315
645,K-35-042-3_x1008_y3696.png,K-35-042-3,20pct,463931.9185017366,4722004.514342109,465850.0657670773,4723922.66160745,4.995175170158139
646,K-35-055-4_x2688_y1008.png,K-35-055-4,20pct,533857.5149774658,4698423.182794914,535781.2498091569,4700346.917626604,5.0097261241953674
647,K-35-063-3_Tatarevo_4326_x1344_y1344.png,K-35-063-3_Tatarevo_4326,20pct,340584.63269144384,4661894.860639602,342527.355799538,4663837.583747696,5.059174760661942
648,K-35-064-4_Galabovo_4326_x336_y3360.png,K-35-064-4_Galabovo_4326,20pct,397766.36323511857,4650381.166556493,399703.63421481574,4652318.43753619,5.044976509628062
649,K-35-053-1_x1680_y672.png,K-35-053-1,20pct,426108.13502105867,4718957.931421109,428029.1809676869,4720878.977367736,5.002723819344283
650,K-35-055-4_x1680_y1680.png,K-35-055-4,20pct,528807.711044277,4695056.646839455,530731.445875968,4696980.381671146,5.0097261241953674
651,K-35-055-3_x3696_y3360.png,K-35-055-3,20pct,518386.81687729835,4686549.829665622,520310.52075454744,4688473.533542871,5.009645513669511
652,K-35-074-4_x2688_y672.png,K-35-074-4,20pct,326103.07712427375,4628351.261327922,328038.65439693636,4630286.838600585,5.040565814225526
653,K-35-042-3_x3696_y3360.png,K-35-042-3,20pct,477358.9493591217,4723682.893199282,479277.0966244624,4725601.040464623,4.995175170158139
654,K-35-077-2_x3360_y3024.png,K-35-077-2,20pct,454501.2113122387,4632855.920368786,456433.33767959103,4634788.046736138,5.031579081646669
655,K-35-066-4_x1680_y1344.png,K-35-066-4,20pct,487607.11587663065,4659585.294627661,489536.40449254954,4661514.58324358,5.02418910395545
656,K-35-074-3_x3024_y672.png,K-35-074-3,20pct,306983.6756812897,4628925.043695983,308919.43839259195,4630860.806407285,5.041048727349637
657,K-35-065-2_GManastir_4326_x3360_y0.png,K-35-065-2_GManastir_4326,20pct,454649.5767182213,4685237.327808729,456580.46328690095,4687168.214377409,5.028350439269919
658,K-35-054-4_Voynika_x2016_y3024.png,K-35-054-4_Voynika,20pct,489374.41152041976,4688206.413015834,491298.1307432405,4690130.132238654,5.0096854760956075
659,K-35-065-2_GManastir_4326_x4032_y1344.png,K-35-065-2_GManastir_4326,20pct,458028.6282134107,4678479.224818351,459959.5147820903,4680410.11138703,5.028350439269919
660,K-35-063-2_Chirpan_4326_x1344_y0.png,K-35-063-2_Chirpan_4326,20pct,361709.1166368115,4686689.2597499695,363647.26644987863,4688627.409563037,5.047265138195598
661,K-35-054-4_Voynika_x2016_y2016.png,K-35-054-4_Voynika,20pct,489374.41152041976,4693256.175975738,491298.1307432405,4695179.895198558,5.0096854760956075
662,K-35-074-4_x1680_y672.png,K-35-074-4,20pct,321022.18678353436,4628351.261327922,322957.76405619696,4630286.838600585,5.040565814225526
663,K-35-066-2_x672_y1344.png,K-35-066-2,20pct,482591.97945649584,4678103.707399161,484518.4862221472,4680030.214164812,5.016944702217036
664,K-35-054-4_Voynika_x672_y672.png,K-35-054-4_Voynika,20pct,482641.3942405473,4699989.193255611,484565.11346336803,4701912.912478431,5.0096854760956075
665,K-35-077-3_x1344_y3024.png,K-35-077-3,20pct,423393.49499121733,4614537.263002498,425328.4539364421,4616472.221947723,5.038955586522813
666,K-35-051-3_x3024_y0.png,K-35-051-3,20pct,350251.5133668317,4705263.009537369,352175.7947744335,4707187.290944971,5.011149498962975
667,K-35-065-4_x2688_y1008.png,K-35-065-4,20pct,451262.3885219136,4661515.152964076,453191.7383906544,4663444.502832817,5.024348616512422
668,K-35-063-2_Chirpan_4326_x0_y2016.png,K-35-063-2_Chirpan_4326,20pct,354925.59229107667,4676513.973231367,356863.7421041438,4678452.123044434,5.047265138195598
669,K-35-074-4_x672_y1680.png,K-35-074-4,20pct,315941.29644279496,4623270.3709871825,317876.87371545756,4625205.948259845,5.040565814225526
670,K-35-074-3_x2688_y1008.png,K-35-074-3,20pct,305289.8833089002,4627231.251323594,307225.64602020243,4629167.014034896,5.041048727349637
671,K-35-055-3_x1344_y3696.png,K-35-055-3,20pct,506604.13062914764,4684866.588773028,508527.8345063967,4686790.292650277,5.009645513669511
672,K-35-051-3_x1344_y1344.png,K-35-051-3,20pct,341832.7822085738,4698528.0246107625,343757.06361617555,4700452.306018365,5.011149498962975
673,K-35-076-1_x0_y3696.png,K-35-076-1,20pct,375317.85103313136,4630288.291319528,377250.2232380006,4632220.663524397,5.032219283513617
674,K-35-074-3_x3360_y2352.png,K-35-074-3,20pct,308677.46805367916,4620456.081834036,310613.2307649814,4622391.844545338,5.041048727349637
675,K-35-051-4_x1008_y3024.png,K-35-051-4,20pct,360745.9898568521,4689656.212892959,362670.13083209295,4691580.3538681995,5.010783789689715
676,K-35-066-2_x3024_y2016.png,K-35-066-2,20pct,494391.8333961104,4674732.320559271,496318.34016176173,4676658.827324922,5.016944702217036
677,K-35-055-4_x336_y672.png,K-35-055-4,20pct,522074.6391333584,4700106.450772644,523998.3739650494,4702030.185604335,5.0097261241953674
678,K-35-077-3_x2352_y3024.png,K-35-077-3,20pct,428472.7622224323,4614537.263002498,430407.72116765706,4616472.221947723,5.038955586522813
679,K-35-067-1_x4032_y3024.png,K-35-067-1,20pct,520099.2500286082,4669701.974818916,522025.7342100497,4671628.459000357,5.016885889170529
680,K-35-067-3_x2352_y1344.png,K-35-067-3,20pct,511687.87832403544,4659611.975561363,513617.13714231935,4661541.234379646,5.024111505947682
681,K-35-065-3_Glavan_4326_x4032_y672.png,K-35-065-3_Glavan_4326,20pct,437154.4524743527,4663612.883243147,439089.90994162863,4665548.340710423,5.040253821031001
682,K-35-055-3_x2016_y672.png,K-35-055-3,20pct,509970.61241433356,4700015.756806365,511894.31629158265,4701939.460683614,5.009645513669511
683,K-35-075-3_x0_y2688.png,K-35-075-3,20pct,333368.1146586888,4617677.016922001,335303.5270890075,4619612.42935232,5.040136537288315
684,K-35-075-4_x0_y1680.png,K-35-075-4,20pct,354181.8096484159,4622304.976927413,356117.0778263951,4624240.245105392,5.039760880154215
685,K-35-055-2_x4032_y0.png,K-35-055-2,20pct,540506.6707030707,4721982.784061938,542427.6122276258,4723903.725586493,5.002451886862218
686,K-35-077-1_x3360_y672.png,K-35-077-1,20pct,433742.8620209063,4644901.617501971,435675.0498871995,4646833.805368264,5.031739235138502
687,K-35-053-4_Boyadzhik_x2016_y1008.png,K-35-053-4_Boyadzhik,20pct,448182.0177278658,4698547.945116097,450105.7973850939,4700471.724773325,5.009842857364826
688,K-35-076-4_x2688_y2352.png,K-35-076-4,20pct,409353.5652604744,4618194.742964985,411288.60669802583,4620129.784402536,5.039170410290201
689,K-35-051-3_x2688_y336.png,K-35-051-3,20pct,348567.7671351801,4703579.263305717,350492.0485427819,4705503.544713319,5.011149498962975
690,K-35-050-4_x672_y3360.png,K-35-050-4,20pct,317867.94969396066,4688938.958437666,319792.39157711004,4690863.400320816,5.0115674040348495
691,K-35-042-3_x1008_y1680.png,K-35-042-3,20pct,463931.9185017366,4732074.787485147,465850.0657670773,4733992.934750488,4.995175170158139
692,K-35-076-3_x3696_y3360.png,K-35-076-3,20pct,393620.94975460944,4613446.589112911,395556.09426908847,4615381.73362739,5.039438839789152
693,K-35-065-2_GManastir_4326_x1008_y0.png,K-35-065-2_GManastir_4326,20pct,442822.89648505836,4685237.327808729,444753.783053738,4687168.214377409,5.028350439269919
694,K-35-077-4_x1008_y3360.png,K-35-077-4,20pct,442512.9172806679,4612633.321297462,444447.8143166553,4614568.218333449,5.038794364550388
695,K-35-075-2_x2352_y0.png,K-35-075-2,20pct,366394.82343222364,4649280.297307925,368327.3184800757,4651212.792355778,5.032539187114708
696,K-35-077-3_x3696_y1680.png,K-35-077-3,20pct,435245.11853071884,4621309.619310784,437180.0774759436,4623244.578256009,5.038955586522813
697,K-35-074-4_x672_y3360.png,K-35-074-4,20pct,315941.29644279496,4614802.220419284,317876.87371545756,4616737.797691947,5.040565814225526
698,K-35-053-2_x3024_y0.png,K-35-053-2,20pct,453373.34684804076,4722107.756621526,455294.33293114766,4724028.742704633,5.002567924757538
699,K-35-067-2_x2688_y1680.png,K-35-067-2,20pct,533931.4435651704,4676535.19511302,535857.9660813428,4678461.717629192,5.016985719198904
700,K-35-074-4_x336_y2688.png,K-35-074-4,20pct,314247.66632921516,4618189.480646444,316183.24360187777,4620125.057919106,5.040565814225526
701,K-35-053-4_Boyadzhik_x4032_y3696.png,K-35-053-4_Boyadzhik,20pct,458281.8609283134,4685081.4875155,460205.6405855415,4687005.267172728,5.009842857364826
702,K-35-064-1_Sredets_4326_x672_y3360.png,K-35-064-1_Sredets_4326,20pct,379022.2036784659,4669291.681625219,380958.5711489185,4671228.049095672,5.042623620970214
703,K-35-054-3_Yambol_x3696_y3360.png,K-35-054-3_Yambol,20pct,477194.55633609975,4686613.794911353,479118.29575825366,4688537.534333507,5.009738078525818
704,K-35-055-4_x3024_y336.png,K-35-055-4,20pct,535540.7829551955,4701789.718750373,537464.5177868865,4703713.453582064,5.0097261241953674
705,K-35-074-4_x2352_y1680.png,K-35-074-4,20pct,324409.44701069396,4623270.3709871825,326345.02428335656,4625205.948259845,5.040565814225526
706,K-35-074-2_x336_y3696.png,K-35-074-2,20pct,314729.3929673349,4631644.431123846,316662.19505982817,4633577.23321634,5.033338782534581
707,K-35-075-3_x3696_y0.png,K-35-075-3,20pct,351996.4593005063,4631224.903934232,353931.871730825,4633160.316364551,5.040136537288315
708,K-35-075-4_x4032_y3360.png,K-35-075-4,20pct,374502.1255171974,4613838.178648753,376437.39369517664,4615773.446826733,5.039760880154215
709,K-35-067-1_x4032_y336.png,K-35-067-1,20pct,520099.2500286082,4683187.364089007,522025.7342100497,4685113.848270448,5.016885889170529
710,K-35-055-3_x3696_y3696.png,K-35-055-3,20pct,518386.81687729835,4684866.588773028,520310.52075454744,4686790.292650277,5.009645513669511
711,K-35-055-2_x3024_y2352.png,K-35-055-2,20pct,535464.1992011137,4710217.017224038,537385.1407256688,4712137.958748593,5.002451886862218
712,K-35-053-1_x336_y336.png,K-35-053-1,20pct,419384.47420785995,4720638.846624409,421305.52015448816,4722559.892571037,5.002723819344283
713,K-35-077-2_x2688_y1008.png,K-35-077-2,20pct,451119.9901693721,4642999.583797386,453052.11653672444,4644931.710164738,5.031579081646669
714,K-35-076-3_x672_y3360.png,K-35-076-3,20pct,378381.68670308683,4613446.589112911,380316.83121756586,4615381.73362739,5.039438839789152
715,K-35-076-2_x2016_y1344.png,K-35-076-2,20pct,406221.55904891825,4641791.984062148,408153.82886057027,4643724.2538738,5.031952634510465
716,K-35-064-3_Dimitrovgrad_4326_x336_y336.png,K-35-064-3_Dimitrovgrad_4326,20pct,377006.5303011782,4666028.920098541,378945.5469118251,4667967.936709188,5.049522423559513
717,K-35-052-2_x2688_y2688.png,K-35-052-2,20pct,410609.2747009216,4709144.461029721,412530.400414272,4711065.586743072,5.002931545183249
718,K-35-067-1_x0_y3024.png,K-35-067-1,20pct,499871.16612347285,4669701.974818916,501797.65030491434,4671628.459000357,5.016885889170529
719,K-35-053-4_Boyadzhik_x2016_y336.png,K-35-053-4_Boyadzhik,20pct,448182.0177278658,4701914.559516246,450105.7973850939,4703838.339173474,5.009842857364826
720,K-35-067-2_x336_y3360.png,K-35-067-2,20pct,522131.49315361475,4668106.659104765,524058.0156697871,4670033.181620938,5.016985719198904
721,K-35-055-4_x2352_y2688.png,K-35-055-4,20pct,532174.2469997363,4690006.8429062655,534097.9818314273,4691930.577737956,5.0097261241953674
722,K-35-064-4_Galabovo_4326_x2016_y336.png,K-35-064-4_Galabovo_4326,20pct,406241.9237712936,4665637.175521608,408179.1947509908,4667574.446501305,5.044976509628062
723,K-35-075-2_x3360_y1344.png,K-35-075-2,20pct,371467.6229328353,4642516.564640443,373400.11798068736,4644449.059688295,5.032539187114708
724,K-35-052-3_x4032_y2688.png,K-35-052-3,20pct,396494.3962692916,4690947.079472974,398418.41685635014,4692871.100060033,5.0104702787983415
725,K-35-076-2_x1680_y2016.png,K-35-076-2,20pct,404530.82296372275,4638410.511891757,406463.09277537477,4640342.781703409,5.031952634510465
726,K-35-074-1_x3360_y1008.png,K-35-074-1,20pct,309191.20168868767,4645748.03541048,311124.18798837985,4647681.021710171,5.033818488781738
727,K-35-055-3_x3360_y1008.png,K-35-055-3,20pct,516703.57598470536,4698332.515913772,518627.27986195445,4700256.219791021,5.009645513669511
728,K-35-075-3_x0_y336.png,K-35-075-3,20pct,333368.1146586888,4629531.418057703,335303.5270890075,4631466.830488022,5.040136537288315
729,K-35-054-3_Yambol_x336_y2016.png,K-35-054-3_Yambol,20pct,460361.836392253,4693346.882888892,462285.5758144069,4695270.622311045,5.009738078525818
730,K-35-050-4_x3360_y0.png,K-35-050-4,20pct,331339.0428760063,4705777.824915223,333263.48475915566,4707702.266798372,5.0115674040348495
731,K-35-076-3_x2688_y3696.png,K-35-076-3,20pct,388541.19540410186,4611753.3376627425,390476.3399185809,4613688.482177221,5.039438839789152
732,K-35-065-4_x2016_y3360.png,K-35-065-4,20pct,447886.0262516173,4649697.885018039,449815.37612035807,4651627.234886779,5.024348616512422
733,K-35-055-1_x2016_y672.png,K-35-055-1,20pct,509955.98202704417,4718530.377716388,511876.9000022679,4720451.295691611,5.002390560478489
734,K-35-063-3_Tatarevo_4326_x2016_y2352.png,K-35-063-3_Tatarevo_4326,20pct,343984.39813060866,4656795.212480855,345927.12123870285,4658737.935588949,5.059174760661942
735,K-35-051-3_x2016_y2016.png,K-35-051-3,20pct,345200.274671877,4695160.53214746,347124.55607947876,4697084.813555062,5.011149498962975
736,K-35-065-2_GManastir_4326_x336_y2352.png,K-35-065-2_GManastir_4326,20pct,439443.844989869,4673410.647575567,441374.73155854864,4675341.534144246,5.028350439269919
737,K-35-077-2_x4032_y3696.png,K-35-077-2,20pct,457882.4324551053,4629474.699225919,459814.5588224576,4631406.825593271,5.031579081646669
738,K-35-074-4_x4032_y3696.png,K-35-074-4,20pct,332877.59757859295,4613108.590305704,334813.17485125555,4615044.167578367,5.040565814225526
739,K-35-063-4_Skobelevo_4326_x0_y1344.png,K-35-063-4_Skobelevo_4326,20pct,354547.83253906673,4661386.509689255,356488.6907732708,4663327.367923459,5.0543183182397415
740,K-35-063-4_Skobelevo_4326_x672_y2016.png,K-35-063-4_Skobelevo_4326,20pct,357944.3344489239,4657990.007779398,359885.19268312794,4659930.866013602,5.0543183182397415
741,K-35-054-4_Voynika_x1008_y2016.png,K-35-054-4_Voynika,20pct,484324.64856051543,4693256.175975738,486248.36778333614,4695179.895198558,5.0096854760956075
742,K-35-052-2_x336_y2016.png,K-35-052-2,20pct,398842.3797066506,4712506.431028085,400763.505420001,4714427.556741435,5.002931545183249
743,K-35-055-3_x3024_y2352.png,K-35-055-3,20pct,515020.3350921124,4691599.5523434,516944.0389693615,4693523.256220649,5.009645513669511
744,K-35-063-4_Skobelevo_4326_x4032_y672.png,K-35-063-4_Skobelevo_4326,20pct,374926.84399820946,4664783.011599112,376867.7022324135,4666723.869833317,5.0543183182397415
745,K-35-065-2_GManastir_4326_x336_y1008.png,K-35-065-2_GManastir_4326,20pct,439443.844989869,4680168.750565945,441374.73155854864,4682099.637134625,5.028350439269919
746,K-35-066-3_x3696_y1344.png,K-35-066-3,20pct,477031.35202370543,4659675.932864992,478960.66111200367,4661605.24195329,5.024242417443323
747,K-35-067-2_x0_y3024.png,K-35-067-2,20pct,520445.7859519639,4669792.366306417,522372.3084681363,4671718.888822589,5.016985719198904
748,K-35-066-2_x2352_y336.png,K-35-066-2,20pct,491020.44655622053,4683160.787658996,492946.9533218719,4685087.294424647,5.016944702217036
749,K-35-076-2_x2688_y3696.png,K-35-076-2,20pct,409603.03121930925,4629956.83146578,411535.3010309613,4631889.1012774315,5.031952634510465
750,K-35-075-4_x2688_y336.png,K-35-075-4,20pct,367728.68689427024,4629078.41555034,369663.95507224946,4631013.68372832,5.039760880154215
751,K-35-067-1_x1008_y1008.png,K-35-067-1,20pct,504928.1870997567,4679816.016771484,506854.67128119816,4681742.5009529255,5.016885889170529
752,K-35-067-3_x1344_y2352.png,K-35-067-3,20pct,506623.5739260402,4654547.671163368,508552.8327443241,4656476.929981652,5.024111505947682
753,K-35-076-4_x2016_y2688.png,K-35-076-4,20pct,405967.2427447594,4616501.581707127,407902.28418231086,4618436.623144679,5.039170410290201
754,K-35-054-3_Yambol_x2016_y2352.png,K-35-054-3_Yambol,20pct,468778.1963641764,4691663.610894507,470701.9357863303,4693587.3503166605,5.009738078525818
755,K-35-066-4_x3696_y1008.png,K-35-066-4,20pct,497735.88111020485,4661273.42216659,499665.16972612374,4663202.710782508,5.02418910395545
756,K-35-064-4_Galabovo_4326_x2688_y2688.png,K-35-064-4_Galabovo_4326,20pct,409632.1479857636,4653771.390770963,411569.4189654608,4655708.66175066,5.044976509628062
757,K-35-064-1_Sredets_4326_x1008_y0.png,K-35-064-1_Sredets_4326,20pct,380716.5252151119,4686234.896991679,382652.89268556447,4688171.264462132,5.042623620970214
758,K-35-067-3_x672_y1344.png,K-35-067-3,20pct,503247.37099404336,4659611.975561363,505176.6298123273,4661541.234379646,5.024111505947682
759,K-35-077-4_x1008_y672.png,K-35-077-4,20pct,442512.9172806679,4626177.600549374,444447.8143166553,4628112.497585361,5.038794364550388
760,K-35-077-2_x4032_y336.png,K-35-077-2,20pct,457882.4324551053,4646380.804940253,459814.5588224576,4648312.931307605,5.031579081646669
761,K-35-052-2_x2352_y3696.png,K-35-052-2,20pct,408928.28970174,4704101.506032177,410849.4154150904,4706022.6317455275,5.002931545183249
762,K-35-065-1_Radetski_4326_x3024_y2688.png,K-35-065-1_Radetski_4326,20pct,432267.95313700545,4671980.086101252,434200.6568987436,4673912.789862989,5.0330827128597475
763,K-35-074-3_x336_y1344.png,K-35-074-3,20pct,293433.3367021738,4625537.458951204,295369.09941347607,4627473.221662506,5.041048727349637
764,K-35-077-3_x1008_y1344.png,K-35-077-3,20pct,421700.4059141457,4623002.708387855,423635.36485937046,4624937.66733308,5.038955586522813
765,K-35-076-4_x672_y2016.png,K-35-076-4,20pct,399194.5977133295,4619887.904222842,401129.6391508809,4621822.945660394,5.039170410290201
766,K-35-056-3_x4032_y2688.png,K-35-056-3,20pct,561132.83934513,4690157.853125694,563056.6140624736,4692081.627843038,5.009829993082349
767,K-35-050-4_x3696_y3024.png,K-35-050-4,20pct,333022.92952376197,4690622.845085422,334947.37140691135,4692547.286968571,5.0115674040348495
768,K-35-064-3_Dimitrovgrad_4326_x3360_y672.png,K-35-064-3_Dimitrovgrad_4326,20pct,392276.28611002205,4664332.280564225,394215.3027206689,4666271.297174872,5.049522423559513
769,K-35-075-4_x2352_y0.png,K-35-075-4,20pct,366035.3272385384,4630771.775206071,367970.59541651764,4632707.043384051,5.039760880154215
770,K-35-067-3_x336_y2688.png,K-35-067-3,20pct,501559.26952804497,4652859.569697369,503488.5283463289,4654788.828515653,5.024111505947682
771,K-35-065-4_x3696_y2352.png,K-35-065-4,20pct,456326.93192735815,4654762.428423483,458256.2817960989,4656691.778292224,5.024348616512422
772,K-35-074-3_x336_y3696.png,K-35-074-3,20pct,293433.3367021738,4613680.912344478,295369.09941347607,4615616.67505578,5.041048727349637
773,K-35-052-2_x3696_y672.png,K-35-052-2,20pct,415652.2296984663,4719230.371024811,417573.3554118167,4721151.496738161,5.002931545183249
774,K-35-055-1_x672_y3696.png,K-35-055-1,20pct,503232.76911376114,4703403.148661501,505153.6870889849,4705324.066636724,5.002390560478489
775,K-35-074-1_x2352_y1344.png,K-35-074-1,20pct,304117.1126519957,4644056.672398249,306050.09895168786,4645989.65869794,5.033818488781738
776,K-35-053-2_x1344_y1680.png,K-35-053-2,20pct,444969.0327344481,4713703.442507933,446890.018817555,4715624.42859104,5.002567924757538
777,K-35-054-4_Voynika_x1344_y2016.png,K-35-054-4_Voynika,20pct,486007.90288048354,4693256.175975738,487931.62210330425,4695179.895198558,5.0096854760956075
778,K-35-054-3_Yambol_x3696_y672.png,K-35-054-3_Yambol,20pct,477194.55633609975,4700079.970866431,479118.29575825366,4702003.710288584,5.009738078525818
779,K-35-075-4_x2352_y2688.png,K-35-075-4,20pct,366035.3272385384,4617224.897960217,367970.59541651764,4619160.166138196,5.039760880154215
780,K-35-055-2_x0_y3024.png,K-35-055-2,20pct,520336.78469524265,4706855.369556067,522257.7262197977,4708776.311080622,5.002451886862066
781,K-35-075-3_x3360_y1008.png,K-35-075-3,20pct,350302.9734239774,4626144.446304645,352238.3858542961,4628079.858734964,5.040136537288315
782,K-35-051-3_x3696_y0.png,K-35-051-3,20pct,353619.00583013485,4705263.009537369,355543.28723773663,4707187.290944971,5.011149498962975
783,K-35-074-3_x672_y672.png,K-35-074-3,20pct,295127.12907456333,4628925.043695983,297062.8917858656,4630860.806407285,5.041048727349637
784,K-35-076-2_x1680_y2688.png,K-35-076-2,20pct,404530.82296372275,4635029.039721366,406463.09277537477,4636961.309533018,5.031952634510465
785,K-35-050-4_x1008_y1680.png,K-35-050-4,20pct,319551.8363417164,4697358.391676445,321476.2782248658,4699282.833559594,5.0115674040348495
786,K-35-066-3_x2016_y1680.png,K-35-066-3,20pct,468590.6247624007,4657987.787412731,470519.93385069893,4659917.096501029,5.024242417443323
787,K-35-077-2_x1680_y1680.png,K-35-077-2,20pct,446048.1584550722,4639618.362654519,447980.2848224245,4641550.489021871,5.031579081646669
788,K-35-077-4_x336_y3024.png,K-35-077-4,20pct,439126.8474676901,4614326.356203951,441061.7445036775,4616261.253239938,5.038794364550388
789,K-35-052-3_x2352_y2016.png,K-35-052-3,20pct,388076.8062009105,4694314.115500327,390000.82678796904,4696238.136087386,5.0104702787983415
790,K-35-067-4_x4032_y3360.png,K-35-067-4,20pct,540757.7177067689,4649573.602506178,542687.022215157,4651502.9070145665,5.024230490594164
791,K-35-065-4_x0_y3696.png,K-35-065-4,20pct,437756.9394407283,4648009.703882891,439686.28930946905,4649939.053751632,5.024348616512422
792,K-35-064-3_Dimitrovgrad_4326_x3696_y2352.png,K-35-064-3_Dimitrovgrad_4326,20pct,393972.9256443381,4655849.082892645,395911.9422549849,4657788.099503292,5.049522423559513
793,K-35-075-4_x2016_y2352.png,K-35-075-4,20pct,364341.96758280665,4618918.257615949,366277.2357607859,4620853.525793929,5.039760880154215
794,K-35-075-1_x672_y3360.png,K-35-075-1,20pct,337180.53634540096,4632823.130915763,339113.1746882532,4634755.769258615,5.032912351177704
795,K-35-067-1_x3360_y336.png,K-35-067-1,20pct,516727.9027110856,4683187.364089007,518654.3868925271,4685113.848270448,5.016885889170529
796,K-35-051-4_x0_y0.png,K-35-051-4,20pct,355695.1197968449,4704808.82307298,357619.26077208575,4706732.964048221,5.010783789689715
797,K-35-077-3_x336_y2016.png,K-35-077-3,20pct,418314.22776000237,4619616.530233713,420249.1867052271,4621551.489178938,5.038955586522813
798,K-35-055-2_x672_y0.png,K-35-055-2,20pct,523698.432363214,4721982.784061938,525619.3738877691,4723903.725586493,5.002451886862218
799,K-35-062-4_Asenovgrad_4326_x1680_y1344.png,K-35-062-4_Asenovgrad_4326,20pct,321529.3812738721,4662464.02378088,323473.96637776407,4664408.608884771,5.064023708051991
800,K-35-051-4_x1344_y1344.png,K-35-051-4,20pct,362429.6132101878,4698074.329659637,364353.75418542867,4699998.470634878,5.010783789689715
801,K-35-074-2_x0_y0.png,K-35-074-2,20pct,313038.19113640324,4650247.651264094,314970.9932288965,4652180.453356587,5.033338782534581
802,K-35-056-3_x3024_y1008.png,K-35-056-3,20pct,556082.9307121029,4698574.367514073,558006.7054294465,4700498.142231417,5.009829993082349
803,K-35-067-4_x2352_y3696.png,K-35-067-4,20pct,532317.010482571,4647885.461061339,534246.3149909591,4649814.765569727,5.024230490594164
804,K-35-063-4_Skobelevo_4326_x1680_y0.png,K-35-063-4_Skobelevo_4326,20pct,363039.08731370955,4668179.513508969,364979.9455479136,4670120.371743173,5.0543183182397415
805,K-35-053-2_x2688_y0.png,K-35-053-2,20pct,451692.4840253222,4722107.756621526,453613.4701084291,4724028.742704633,5.002567924757538
806,K-35-052-2_x0_y1344.png,K-35-052-2,20pct,397161.39470746904,4715868.401026448,399082.5204208194,4717789.5267397985,5.002931545183249
807,K-35-055-2_x3696_y3696.png,K-35-055-2,20pct,538825.846869085,4703493.721888095,540746.7883936401,4705414.66341265,5.002451886862218
808,K-35-054-3_Yambol_x3696_y336.png,K-35-054-3_Yambol,20pct,477194.55633609975,4701763.242860815,479118.29575825366,4703686.982282968,5.009738078525818
809,K-35-075-3_x672_y1680.png,K-35-075-3,20pct,336755.0864117465,4622757.474551587,338690.4988420652,4624692.886981906,5.040136537288315
810,K-35-065-3_Glavan_4326_x3696_y1680.png,K-35-065-3_Glavan_4326,20pct,435460.9271904863,4658532.3073915485,437396.3846577622,4660467.764858824,5.040253821031001
811,K-35-066-3_x2016_y2016.png,K-35-066-3,20pct,468590.6247624007,4656299.64196047,470519.93385069893,4658228.951048768,5.024242417443323
812,K-35-055-1_x2016_y3696.png,K-35-055-1,20pct,509955.98202704417,4703403.148661501,511876.9000022679,4705324.066636724,5.002390560478489
813,K-35-053-1_x3360_y672.png,K-35-053-1,20pct,434512.71103755705,4718957.931421109,436433.75698418525,4720878.977367736,5.002723819344283
814,K-35-042-3_x0_y3360.png,K-35-042-3,20pct,458896.78193021717,4723682.893199282,460814.9291955579,4725601.040464623,4.995175170158139
815,K-35-074-2_x3696_y3360.png,K-35-074-2,20pct,331641.41127665114,4633335.632954777,333574.2133691444,4635268.435047271,5.033338782534581
816,K-35-052-2_x1680_y1344.png,K-35-052-2,20pct,405566.3197033769,4715868.401026448,407487.4454167273,4717789.5267397985,5.002931545183249
817,K-35-075-3_x672_y3360.png,K-35-075-3,20pct,336755.0864117465,4614290.045168944,338690.4988420652,4616225.457599263,5.040136537288315
818,K-35-075-1_x3696_y1344.png,K-35-075-1,20pct,352400.0632953622,4642969.482215737,354332.70163821446,4644902.120558589,5.032912351177704
819,K-35-075-1_x2688_y0.png,K-35-075-1,20pct,347326.88764537516,4649733.71641572,349259.5259882274,4651666.354758572,5.032912351177704
820,K-35-074-3_x2016_y1008.png,K-35-074-3,20pct,301902.29856412124,4627231.251323594,303838.0612754235,4629167.014034896,5.041048727349637
821,K-35-074-2_x3696_y2688.png,K-35-074-2,20pct,331641.41127665114,4636718.036616641,333574.2133691444,4638650.838709135,5.033338782534581
822,K-35-066-2_x1680_y2352.png,K-35-066-2,20pct,487649.05971633067,4673046.627139326,489575.566481982,4674973.133904978,5.016944702217036
823,K-35-056-3_x0_y336.png,K-35-056-3,20pct,540933.2048130217,4701940.973269424,542856.9795303653,4703864.747986768,5.009829993082349
824,K-35-056-3_x1680_y2352.png,K-35-056-3,20pct,549349.7192014002,4691841.15600337,551273.4939187438,4693764.930720714,5.009829993082349
825,K-35-077-1_x2352_y0.png,K-35-077-1,20pct,428670.8688718867,4648282.946267985,430603.0567381799,4650215.134134278,5.031739235138502
826,K-35-067-4_x4032_y1008.png,K-35-067-4,20pct,540757.7177067689,4661390.592620056,542687.022215157,4663319.897128444,5.024230490594164
827,K-35-066-3_x4032_y1344.png,K-35-066-3,20pct,478719.4974759664,4659675.932864992,480648.80656426464,4661605.24195329,5.024242417443323
828,K-35-076-3_x1344_y672.png,K-35-076-3,20pct,381768.18960342515,4626992.600714264,383703.3341179042,4628927.745228743,5.039438839789152
829,K-35-075-3_x1680_y1344.png,K-35-075-3,20pct,341835.5440413331,4624450.960428117,343770.9564716518,4626386.372858436,5.040136537288315
830,K-35-062-4_Asenovgrad_4326_x672_y3696.png,K-35-062-4_Asenovgrad_4326,20pct,316424.8453761557,4650553.440019541,318369.43048004765,4652498.025123433,5.064023708051991
831,K-35-053-1_x672_y1344.png,K-35-053-1,20pct,421065.3894111596,4715596.10101451,422986.4353577878,4717517.146961138,5.002723819344283
832,K-35-076-3_x336_y2016.png,K-35-076-3,20pct,376688.43525291764,4620219.594913588,378623.5797673967,4622154.739428067,5.039438839789152
833,K-35-075-4_x4032_y1680.png,K-35-075-4,20pct,374502.1255171974,4622304.976927413,376437.39369517664,4624240.245105392,5.039760880154215
834,K-35-065-4_x3024_y3360.png,K-35-065-4,20pct,452950.56965706183,4649697.885018039,454879.9195258026,4651627.234886779,5.024348616512422
835,K-35-064-2_Radnevo_4326_x336_y1680.png,K-35-064-2_Radnevo_4326,20pct,398033.7565832768,4677377.992292643,399968.2733729914,4679312.509082357,5.037804139881852
836,K-35-075-3_x0_y2016.png,K-35-075-3,20pct,333368.1146586888,4621063.988675059,335303.5270890075,4622999.401105378,5.040136537288315
837,K-35-075-2_x3360_y2016.png,K-35-075-2,20pct,371467.6229328353,4639134.698306702,373400.11798068736,4641067.1933545545,5.032539187114708
838,K-35-067-4_x3360_y3696.png,K-35-067-4,20pct,537381.4348170897,4647885.461061339,539310.7393254779,4649814.765569727,5.024230490594164
839,K-35-077-1_x2352_y3696.png,K-35-077-1,20pct,428670.8688718867,4629685.638054913,430603.0567381799,4631617.825921206,5.031739235138502
840,K-35-074-2_x1680_y1008.png,K-35-074-2,20pct,321494.20029106137,4645174.045771299,323427.00238355465,4647106.847863792,5.033338782534581
841,K-35-063-4_Skobelevo_4326_x0_y2352.png,K-35-063-4_Skobelevo_4326,20pct,354547.83253906673,4656291.756824469,356488.6907732708,4658232.615058674,5.0543183182397415
842,K-35-053-4_Boyadzhik_x2352_y2688.png,K-35-053-4_Boyadzhik,20pct,449865.3249279404,4690131.409115723,451789.1045851685,4692055.188772951,5.009842857364826
843,K-35-065-4_x3696_y2016.png,K-35-065-4,20pct,456326.93192735815,4656450.609558632,458256.2817960989,4658379.959427373,5.024348616512422
844,K-35-076-4_x1008_y2016.png,K-35-076-4,20pct,400887.758971187,4619887.904222842,402822.80040873843,4621822.945660394,5.039170410290201
845,K-35-054-1_Straldzha_4326_x3360_y672.png,K-35-054-1_Straldzha_4326,20pct,475508.19219621766,4718679.406678702,477431.7502753811,4720602.964757865,5.009265831154759
846,K-35-053-2_x1008_y2016.png,K-35-053-2,20pct,443288.1699117296,4712022.579685215,445209.1559948365,4713943.565768322,5.002567924757538
847,K-35-055-1_x1680_y1680.png,K-35-055-1,20pct,508275.17879872344,4713487.968031425,510196.0967739472,4715408.886006649,5.002390560478489
848,K-35-074-3_x672_y336.png,K-35-074-3,20pct,295127.12907456333,4630618.836068372,297062.8917858656,4632554.598779675,5.041048727349637
849,K-35-074-1_x3024_y2016.png,K-35-074-1,20pct,307499.838676457,4640673.946373788,309432.8249761492,4642606.932673479,5.033818488781738
850,K-35-063-3_Tatarevo_4326_x3360_y672.png,K-35-063-3_Tatarevo_4326,20pct,350783.9290089383,4665294.626078767,352726.6521170325,4667237.349186861,5.059174760661942
851,K-35-067-1_x3024_y2352.png,K-35-067-1,20pct,515042.2290523244,4673073.322136438,516968.71323376585,4674999.80631788,5.016885889170529
852,K-35-064-1_Sredets_4326_x3696_y1344.png,K-35-064-1_Sredets_4326,20pct,394271.09750828,4679457.6108450955,396207.4649787326,4681393.978315548,5.042623620970214
853,K-35-065-1_Radetski_4326_x0_y1344.png,K-35-065-1_Radetski_4326,20pct,417047.9110133175,4678744.549267336,418980.61477505567,4680677.253029074,5.0330827128597475
854,K-35-067-1_x2688_y2016.png,K-35-067-1,20pct,513356.55539356306,4674758.9957952,515283.03957500454,4676685.479976641,5.016885889170529
855,K-35-042-3_x2016_y1008.png,K-35-042-3,20pct,468967.055073256,4735431.545199494,470885.20233859675,4737349.692464835,4.995175170158139
856,K-35-077-2_x1344_y672.png,K-35-077-2,20pct,444357.5478836389,4644690.194368819,446289.6742509912,4646622.320736171,5.031579081646669
857,K-35-077-1_x3360_y2688.png,K-35-077-1,20pct,433742.8620209063,4634757.631203933,435675.0498871995,4636689.819070226,5.031739235138502
858,K-35-055-1_x0_y1344.png,K-35-055-1,20pct,499871.1626571196,4715168.771259746,501792.08063234336,4717089.689234969,5.002390560478489
859,K-35-077-3_x3696_y2016.png,K-35-077-3,20pct,435245.11853071884,4619616.530233713,437180.0774759436,4621551.489178938,5.038955586522813
860,K-35-066-3_x1344_y336.png,K-35-066-3,20pct,465214.3338578788,4664740.369221775,467143.64294617705,4666669.678310073,5.024242417443323
861,K-35-075-3_x3696_y3024.png,K-35-075-3,20pct,351996.4593005063,4615983.531045472,353931.871730825,4617918.943475791,5.040136537288315
862,K-35-054-3_Yambol_x4032_y3360.png,K-35-054-3_Yambol,20pct,478877.82833048445,4686613.794911353,480801.56775263837,4688537.534333507,5.009738078525818
863,K-35-076-4_x3696_y2688.png,K-35-076-4,20pct,414433.0490340469,4616501.581707127,416368.0904715983,4618436.623144679,5.039170410290201
864,K-35-052-2_x0_y2352.png,K-35-052-2,20pct,397161.39470746904,4710825.446028903,399082.5204208194,4712746.571742253,5.002931545183249
865,K-35-055-2_x3360_y2688.png,K-35-055-2,20pct,537145.0230350994,4708536.193390052,539065.9645596545,4710457.134914607,5.002451886862218
866,K-35-074-1_x672_y672.png,K-35-074-1,20pct,295660.29759084247,4647439.398422711,297593.28389053466,4649372.384722402,5.033818488781738
867,K-35-075-3_x2352_y2688.png,K-35-075-3,20pct,345222.5157943908,4617677.016922001,347157.9282247095,4619612.42935232,5.040136537288315
868,K-35-054-2_Atolov_4326_x1680_y2016.png,K-35-054-2_Atolov_4326,20pct,487682.0852203437,4711805.850432664,489603.90587042505,4713727.671082745,5.00474127625345
869,K-35-066-3_x1008_y3024.png,K-35-066-3,20pct,463526.1884056179,4651235.205603687,465455.49749391613,4653164.514691985,5.024242417443323
870,K-35-065-4_x336_y1344.png,K-35-065-4,20pct,439445.12057587644,4659826.971828927,441374.4704446172,4661756.321697668,5.024348616512422
871,K-35-074-2_x1008_y336.png,K-35-074-2,20pct,318111.7966291981,4648556.449433162,320044.5987216914,4650489.251525655,5.033338782534581
872,K-35-065-3_Glavan_4326_x0_y2352.png,K-35-065-3_Glavan_4326,20pct,416832.1490679559,4655145.256823815,418767.6065352318,4657080.714291091,5.040253821031001
873,K-35-051-4_x1680_y1344.png,K-35-051-4,20pct,364113.23656352353,4698074.329659637,366037.3775387644,4699998.470634878,5.010783789689715
874,K-35-067-2_x2352_y1344.png,K-35-067-2,20pct,532245.7363635196,4678220.90231467,534172.258879692,4680147.424830843,5.016985719198904
875,K-35-064-2_Radnevo_4326_x1008_y1680.png,K-35-064-2_Radnevo_4326,20pct,401419.1609652774,4677377.992292643,403353.67775499204,4679312.509082357,5.037804139881852
876,K-35-054-1_Straldzha_4326_x2352_y672.png,K-35-054-1_Straldzha_4326,20pct,470458.8522384137,4718679.406678702,472382.41031757713,4720602.964757865,5.009265831154759
877,K-35-065-3_Glavan_4326_x1008_y2688.png,K-35-065-3_Glavan_4326,20pct,421912.7249195551,4653451.731539949,423848.18238683103,4655387.1890072245,5.040253821031001
878,K-35-051-4_x2688_y3360.png,K-35-051-4,20pct,369164.10662353074,4687972.589539623,371088.2475987716,4689896.7305148635,5.010783789689715
879,K-35-076-4_x672_y1344.png,K-35-076-4,20pct,399194.5977133295,4623274.226738557,401129.6391508809,4625209.268176109,5.039170410290201
880,K-35-053-2_x4032_y2688.png,K-35-053-2,20pct,458415.93531619635,4708660.854039777,460336.92139930325,4710581.840122884,5.002567924757538
881,K-35-056-3_x2352_y336.png,K-35-056-3,20pct,552716.3249567515,4701940.973269424,554640.0996740952,4703864.747986768,5.009829993082349
882,K-35-074-3_x336_y0.png,K-35-074-3,20pct,293433.3367021738,4632312.628440762,295369.09941347607,4634248.391152064,5.041048727349637
883,K-35-074-2_x2016_y1344.png,K-35-074-2,20pct,323185.402121993,4643482.843940367,325118.2042144863,4645415.6460328605,5.033338782534581
884,K-35-056-3_x3696_y1344.png,K-35-056-3,20pct,559449.5364674543,4696891.064636397,561373.3111847979,4698814.839353741,5.009829993082349
885,K-35-062-4_Asenovgrad_4326_x672_y2016.png,K-35-062-4_Asenovgrad_4326,20pct,316424.8453761557,4659060.999849069,318369.43048004765,4661005.584952961,5.064023708051991
886,K-35-076-1_x3696_y3696.png,K-35-076-1,20pct,393916.93350499764,4630288.291319528,395849.30570986687,4632220.663524397,5.032219283513617
887,K-35-074-1_x672_y336.png,K-35-074-1,20pct,295660.29759084247,4649130.761434941,297593.28389053466,4651063.747734632,5.033818488781738
888,K-35-076-1_x336_y3360.png,K-35-076-1,20pct,377008.67671239196,4631979.116998788,378941.0489172612,4633911.489203657,5.032219283513617
889,K-35-077-1_x336_y1680.png,K-35-077-1,20pct,418526.8825738475,4639829.624352952,420459.07044014067,4641761.812219245,5.031739235138502
890,K-35-076-3_x2016_y336.png,K-35-076-3,20pct,385154.69250376354,4628685.852164434,387089.8370182426,4630620.996678913,5.039438839789152
891,K-35-075-1_x3360_y2352.png,K-35-075-1,20pct,350709.0047453665,4637896.30656575,352641.64308821876,4639828.944908602,5.032912351177704
892,K-35-067-3_x1344_y0.png,K-35-067-3,20pct,506623.5739260402,4666364.3814253565,508552.8327443241,4668293.64024364,5.024111505947682
893,K-35-077-2_x1344_y336.png,K-35-077-2,20pct,444357.5478836389,4646380.804940253,446289.6742509912,4648312.931307605,5.031579081646669
894,K-35-074-1_x3024_y0.png,K-35-074-1,20pct,307499.838676457,4650822.124447172,309432.8249761492,4652755.110746863,5.033818488781738
895,K-35-065-4_x3024_y1680.png,K-35-065-4,20pct,452950.56965706183,4658138.7906937795,454879.9195258026,4660068.14056252,5.024348616512422
896,K-35-074-4_x3360_y2352.png,K-35-074-4,20pct,329490.33735143335,4619883.110760023,331425.91462409595,4621818.688032686,5.040565814225526
897,K-35-066-1_x1344_y2352.png,K-35-066-1,20pct,465312.83009028144,4673137.265525284,467239.3571916881,4675063.792626691,5.016997659913159
898,K-35-076-3_x2016_y1008.png,K-35-076-3,20pct,385154.69250376354,4625299.349264096,387089.8370182426,4627234.493778574,5.039438839789152
899,K-35-055-1_x3360_y0.png,K-35-055-1,20pct,516679.1949403272,4721891.984173029,518600.11291555094,4723812.902148252,5.002390560478489
900,K-35-067-3_x1008_y2688.png,K-35-067-3,20pct,504935.4724600418,4652859.569697369,506864.7312783257,4654788.828515653,5.024111505947682
901,K-35-067-2_x0_y0.png,K-35-067-2,20pct,520445.7859519639,4684963.731121274,522372.3084681363,4686890.253637446,5.016985719198904
902,K-35-074-3_x1680_y672.png,K-35-074-3,20pct,300208.5061917318,4628925.043695983,302144.26890303404,4630860.806407285,5.041048727349637
903,K-35-066-4_x2352_y0.png,K-35-066-4,20pct,490983.37095448875,4666337.804783377,492912.65957040765,4668267.093399296,5.02418910395545
904,K-35-067-2_x4032_y2016.png,K-35-067-2,20pct,540674.2723717736,4674849.487911369,542600.794887946,4676776.010427541,5.016985719198904
905,K-35-074-1_x1680_y336.png,K-35-074-1,20pct,300734.3866275344,4649130.761434941,302667.3729272266,4651063.747734632,5.033818488781738
906,K-35-074-4_x3024_y672.png,K-35-074-4,20pct,327796.70723785355,4628351.261327922,329732.28451051615,4630286.838600585,5.040565814225526
907,K-35-053-4_Boyadzhik_x3024_y2688.png,K-35-053-4_Boyadzhik,20pct,453231.9393280896,4690131.409115723,455155.7189853177,4692055.188772951,5.009842857364826
908,K-35-053-1_x1344_y336.png,K-35-053-1,20pct,424427.219817759,4720638.846624409,426348.2657643872,4722559.892571037,5.002723819344283
909,K-35-053-1_x336_y3696.png,K-35-053-1,20pct,419384.47420785995,4703829.694591411,421305.52015448816,4705750.740538039,5.002723819344283
910,K-35-074-4_x3024_y336.png,K-35-074-4,20pct,327796.70723785355,4630044.891441502,329732.28451051615,4631980.468714165,5.040565814225526
911,K-35-064-2_Radnevo_4326_x2352_y3360.png,K-35-064-2_Radnevo_4326,20pct,408189.96972927864,4668914.48133764,410124.4865189933,4670848.998127355,5.037804139881852
912,K-35-075-1_x2352_y336.png,K-35-075-1,20pct,345635.82909537945,4648042.6578657245,347568.4674382317,4649975.296208576,5.032912351177704
913,K-35-062-4_Asenovgrad_4326_x0_y0.png,K-35-062-4_Asenovgrad_4326,20pct,313021.8214443447,4669270.071644502,314966.4065482367,4671214.656748394,5.064023708051991
914,K-35-064-4_Galabovo_4326_x0_y3696.png,K-35-064-4_Galabovo_4326,20pct,396071.25112788356,4648686.054449258,398008.52210758073,4650623.325428955,5.044976509628062
915,K-35-075-1_x1344_y3360.png,K-35-075-1,20pct,340562.6534453923,4632823.130915763,342495.29178824456,4634755.769258615,5.032912351177704
916,K-35-075-1_x336_y3696.png,K-35-075-1,20pct,335489.47779540526,4631132.072365767,337422.1161382575,4633064.710708619,5.032912351177704
917,K-35-050-4_x1680_y3696.png,K-35-050-4,20pct,322919.6096372278,4687255.07178991,324844.05152037716,4689179.51367306,5.0115674040348495
918,K-35-066-2_x672_y2688.png,K-35-066-2,20pct,482591.97945649584,4671360.933719381,484518.4862221472,4673287.440485032,5.016944702217036
919,K-35-054-4_Voynika_x1680_y2016.png,K-35-054-4_Voynika,20pct,487691.15720045165,4693256.175975738,489614.87642327236,4695179.895198558,5.0096854760956075
920,K-35-066-1_x1680_y3360.png,K-35-066-1,20pct,466998.54130401224,4668080.1318840915,468925.0684054189,4670006.658985498,5.016997659913159
921,K-35-067-2_x2688_y1344.png,K-35-067-2,20pct,533931.4435651704,4678220.90231467,535857.9660813428,4680147.424830843,5.016985719198904
922,K-35-056-3_x2016_y672.png,K-35-056-3,20pct,551033.0220790758,4700257.670391749,552956.7967964194,4702181.445109093,5.009829993082349
923,K-35-074-2_x2688_y0.png,K-35-074-2,20pct,326567.80578385625,4650247.651264094,328500.60787634953,4652180.453356587,5.033338782534581
924,K-35-067-1_x336_y2016.png,K-35-067-1,20pct,501556.8397822341,4674758.9957952,503483.3239636756,4676685.479976641,5.016885889170529
925,K-35-053-1_x1344_y2016.png,K-35-053-1,20pct,424427.219817759,4712234.27060791,426348.2657643872,4714155.316554538,5.002723819344283
926,K-35-054-2_Atolov_4326_x3024_y3360.png,K-35-054-2_Atolov_4326,20pct,494408.4574956284,4705079.47815738,496330.2781457097,4707001.298807461,5.00474127625345
927,K-35-054-2_Atolov_4326_x2016_y0.png,K-35-054-2_Atolov_4326,20pct,489363.6782891649,4721895.408845591,491285.49893924623,4723817.2294956725,5.00474127625345
928,K-35-064-3_Dimitrovgrad_4326_x672_y0.png,K-35-064-3_Dimitrovgrad_4326,20pct,378703.1698354942,4667725.559632857,380642.18644614104,4669664.576243504,5.049522423559513
929,K-35-064-4_Galabovo_4326_x3024_y0.png,K-35-064-4_Galabovo_4326,20pct,411327.2600929986,4667332.287628843,413264.5310726958,4669269.55860854,5.044976509628062
930,K-35-074-3_x672_y1344.png,K-35-074-3,20pct,295127.12907456333,4625537.458951204,297062.8917858656,4627473.221662506,5.041048727349637
931,K-35-056-3_x336_y336.png,K-35-056-3,20pct,542616.5076906974,4701940.973269424,544540.2824080411,4703864.747986768,5.009829993082349
932,K-35-077-3_x3024_y672.png,K-35-077-3,20pct,431858.94037657557,4626388.886541999,433793.89932180033,4628323.845487224,5.038955586522813
933,K-35-065-1_Radetski_4326_x3696_y2688.png,K-35-065-1_Radetski_4326,20pct,435650.18472004717,4671980.086101252,437582.8884817853,4673912.789862989,5.0330827128597475
934,K-35-063-1_Granit_4326_x2016_y336.png,K-35-063-1_Granit_4326,20pct,344402.0385888784,4685506.817178508,346342.0669312753,4687446.845520905,5.052157141658578
935,K-35-077-3_x336_y336.png,K-35-077-3,20pct,418314.22776000237,4628081.975619071,420249.1867052271,4630016.934564296,5.038955586522813
