candidate_id,verifier_probability,human_label,symbol_type,source_tile,map_name,x,y,buffer_metres,timestamp
0,0.95,mound,bench_mark_on_mound,K-35-050-4_x1344_y3024.png,K-35-050-4,322769.7859799291,4690845.787454296,50.0,2026-04-24T07:12:14.714412+00:00
1,0.2,not_mound,not_mound,K-35-042-3_x2688_y1344.png,K-35-042-3,473668.05023527273,4734482.034556808,50.0,2026-04-24T07:21:12.186071+00:00
2,0.2,not_mound,not_mound,K-35-050-4_x1680_y1008.png,K-35-050-4,324068.5055910902,4701530.542461296,50.0,2026-04-24T07:21:16.067938+00:00
3,0.15,not_mound,not_mound,K-35-042-3_x3696_y2352.png,K-35-042-3,477815.2788940846,4729652.13046579,50.0,2026-04-24T07:33:03.888739+00:00
4,0.4,mound,burial_mound,K-35-042-3_x1344_y2016.png,K-35-042-3,466275.8986206138,4731605.769193749,200.0,2026-04-24T07:19:00.146668+00:00
5,0.95,mound,burial_mound,K-35-042-3_x3696_y2688.png,K-35-042-3,477833.4153284696,4727160.248246107,50.0,2026-04-24T07:12:15.838002+00:00
6,1.0,mound,burial_mound,K-35-050-4_x3696_y3696.png,K-35-050-4,334910.0336445628,4688978.250500925,50.0,2026-04-24T07:05:27.130114+00:00
7,0.15,mound,burial_mound,K-35-051-3_x0_y3024.png,K-35-051-3,335903.1472525997,4691123.2018748,75.0,2026-04-24T07:33:06.887161+00:00
8,1.0,mound,burial_mound,K-35-050-4_x3360_y3024.png,K-35-050-4,332021.2557902749,4690710.398726586,200.0,2026-04-24T07:05:35.267510+00:00
9,0.85,mound,burial_mound,K-35-051-3_x336_y1680.png,K-35-051-3,338635.42459083704,4698657.264279136,50.0,2026-04-24T07:16:18.133163+00:00
10,0.2,not_mound,not_mound,K-35-051-3_x2016_y3360.png,K-35-051-3,345675.124166516,4689710.0438632965,50.0,2026-04-24T07:21:18.028150+00:00
11,0.95,mound,burial_mound,K-35-051-4_x1344_y672.png,K-35-051-4,363183.5038824232,4701467.592736447,50.0,2026-04-24T07:12:17.106967+00:00
12,0.4,not_mound,not_mound,K-35-051-4_x1008_y2016.png,K-35-051-4,361223.74371445033,4695174.428619889,50.0,2026-04-24T07:19:01.712819+00:00
13,0.75,not_mound,not_mound,K-35-051-4_x0_y2016.png,K-35-051-4,356787.9980737567,4696429.192989312,50.0,2026-04-24T07:18:17.889204+00:00
14,0.15,not_mound,not_mound,K-35-051-4_x3696_y2352.png,K-35-051-4,375559.38308450487,4693220.2464174405,50.0,2026-04-24T07:33:09.252632+00:00
15,1.0,mound,bench_mark_on_mound,K-35-051-4_x3696_y3360.png,K-35-051-4,376117.9747674132,4688365.165090363,50.0,2026-04-24T07:05:42.017112+00:00
16,0.85,not_mound,not_mound,K-35-052-2_x0_y2688.png,K-35-052-2,398001.4721296636,4710403.9313706,50.0,2026-04-24T07:16:20.572178+00:00
17,0.95,not_mound,not_mound,K-35-051-4_x336_y2352.png,K-35-051-4,358372.91589152894,4694457.543153116,50.0,2026-04-24T07:12:19.876896+00:00
18,0.2,mound,settlement_mound,K-35-052-2_x2688_y3024.png,K-35-052-2,410767.9918788021,4708204.107468214,50.0,2026-04-24T07:21:21.531495+00:00
19,0.2,not_mound,not_mound,K-35-052-2_x3360_y2352.png,K-35-052-2,415162.5293382136,4712242.639163425,50.0,2026-04-24T07:21:22.805770+00:00
20,0.4,mound,burial_mound,K-35-052-2_x2016_y3024.png,K-35-052-2,407931.4257976249,4708878.636726735,50.0,2026-04-24T07:19:02.924410+00:00
21,0.2,not_mound,not_mound,K-35-052-2_x4032_y672.png,K-35-052-2,417552.4536303903,4720038.225181744,50.0,2026-04-24T07:21:24.220778+00:00
22,1.0,not_mound,not_mound,K-35-052-2_x336_y1680.png,K-35-052-2,399590.1064652229,4715304.78516088,50.0,2026-04-24T07:05:46.403440+00:00
23,0.2,not_mound,not_mound,K-35-052-3_x2016_y2352.png,K-35-052-3,386740.9958870939,4693675.152420306,50.0,2026-04-24T07:21:26.408358+00:00
24,0.15,not_mound,not_mound,K-35-052-3_x2016_y3360.png,K-35-052-3,387687.3599247545,4688745.601197546,50.0,2026-04-24T07:33:10.922513+00:00
25,0.2,not_mound,not_mound,K-35-052-3_x0_y3024.png,K-35-052-3,376459.1570870027,4690860.522211443,50.0,2026-04-24T07:21:27.674285+00:00
26,0.2,not_mound,not_mound,K-35-052-3_x2016_y2688.png,K-35-052-3,387486.1140868486,4692577.326831111,50.0,2026-04-24T07:21:28.754353+00:00
27,1.0,mound,burial_mound,K-35-052-3_x3696_y2352.png,K-35-052-3,396173.4809001427,4693955.820712791,50.0,2026-04-24T07:05:49.984877+00:00
28,0.2,not_mound,not_mound,K-35-052-3_x3360_y2016.png,K-35-052-3,394686.9469559919,4694732.173019153,50.0,2026-04-24T07:21:30.002393+00:00
29,0.85,mound,burial_mound,K-35-052-3_x2352_y0.png,K-35-052-3,388308.62996134494,4704559.878551948,200.0,2026-04-24T07:16:24.542693+00:00
30,0.95,mound,settlement_mound,K-35-053-1_x2688_y672.png,K-35-053-1,432984.3651879688,4720482.868592125,50.0,2026-04-24T07:12:24.889928+00:00
31,0.15,not_mound,not_mound,K-35-053-1_x2016_y2352.png,K-35-053-1,428507.3317065057,4710651.727036116,50.0,2026-04-24T07:33:12.158006+00:00
32,0.15,not_mound,not_mound,K-35-053-1_x3024_y1344.png,K-35-053-1,433574.0734231068,4715929.176271362,50.0,2026-04-24T07:33:13.949108+00:00
33,0.15,mound,burial_mound,K-35-053-1_x336_y2352.png,K-35-053-1,420814.7020304645,4711550.401824077,50.0,2026-04-24T07:33:15.688838+00:00
34,0.4,not_mound,not_mound,K-35-053-1_x672_y336.png,K-35-053-1,422658.1883020003,4721692.016616052,50.0,2026-04-24T07:19:04.672872+00:00
35,0.2,not_mound,not_mound,K-35-053-2_x1008_y2016.png,K-35-053-2,443755.0557200325,4712110.3858919935,50.0,2026-04-24T07:21:31.012087+00:00
36,0.2,mound,burial_mound,K-35-053-2_x1680_y3360.png,K-35-053-2,448082.1563962679,4705496.040000921,50.0,2026-04-24T07:21:32.448872+00:00
37,0.95,not_mound,not_mound,K-35-053-2_x3024_y3024.png,K-35-053-2,454642.1837866675,4707157.661485359,50.0,2026-04-24T07:12:26.494611+00:00
38,0.2,not_mound,not_mound,K-35-053-2_x3360_y2688.png,K-35-053-2,456374.6975887929,4709867.612928429,50.0,2026-04-24T07:21:43.841121+00:00
39,0.2,not_mound,not_mound,K-35-053-2_x3360_y3024.png,K-35-053-2,456066.1498164462,4707754.387869661,50.0,2026-04-24T07:21:45.006886+00:00
40,0.75,not_mound,not_mound,K-35-053-2_x1344_y3024.png,K-35-053-2,445854.1968271136,4707899.599946565,50.0,2026-04-24T07:18:19.571804+00:00
41,0.2,not_mound,not_mound,K-35-053-2_x4032_y1680.png,K-35-053-2,458612.8319788423,4715278.668946245,50.0,2026-04-24T07:21:46.247198+00:00
42,0.2,not_mound,not_mound,K-35-053-2_x4032_y1008.png,K-35-053-2,458653.37365354336,4718462.08423321,50.0,2026-04-24T07:21:47.402965+00:00
43,0.85,mound,burial_mound,K-35-053-2_x0_y672.png,K-35-053-2,440068.9123583579,4719299.311466019,50.0,2026-04-24T07:16:25.814302+00:00
44,1.0,mound,trig_point_on_mound,K-35-053-4_Boyadzhik_x2352_y1344.png,K-35-053-4_Boyadzhik,450645.57021099096,4697001.539553759,50.0,2026-04-24T07:05:53.142990+00:00
45,0.95,mound,burial_mound,K-35-053-4_Boyadzhik_x2016_y1680.png,K-35-053-4_Boyadzhik,450046.17334175785,4695750.566807106,50.0,2026-04-24T07:12:27.660045+00:00
46,1.0,mound,trig_point_on_mound,K-35-053-4_Boyadzhik_x3360_y1344.png,K-35-053-4_Boyadzhik,455342.1366678446,4697353.814227664,50.0,2026-04-24T07:05:54.175024+00:00
47,1.0,mound,bench_mark_on_mound,K-35-053-4_Boyadzhik_x3024_y1680.png,K-35-053-4_Boyadzhik,455131.8651518127,4695572.381645889,50.0,2026-04-24T07:05:55.604562+00:00
48,0.15,not_mound,not_mound,K-35-053-4_Boyadzhik_x1680_y2016.png,K-35-053-4_Boyadzhik,447398.4454438968,4693691.033142468,50.0,2026-04-24T07:33:17.281420+00:00
49,1.0,mound,trig_point_on_mound,K-35-053-4_Boyadzhik_x3696_y3024.png,K-35-053-4_Boyadzhik,457441.6467380968,4690325.466850588,50.0,2026-04-24T07:05:56.970223+00:00
50,1.0,mound,burial_mound,K-35-053-4_Boyadzhik_x672_y1680.png,K-35-053-4_Boyadzhik,442086.1100623554,4695908.93274178,50.0,2026-04-24T07:05:58.233300+00:00
51,1.0,mound,burial_mound,K-35-053-4_Boyadzhik_x672_y1680.png,K-35-053-4_Boyadzhik,442573.2776751084,4695442.632219618,50.0,2026-04-24T07:05:59.092732+00:00
52,1.0,mound,burial_mound,K-35-054-1_Straldzha_4326_x0_y1344.png,K-35-054-1_Straldzha_4326,460425.6095815824,4716529.013719223,50.0,2026-04-24T07:05:59.915909+00:00
53,1.0,mound,burial_mound,K-35-054-1_Straldzha_4326_x1344_y3360.png,K-35-054-1_Straldzha_4326,467203.4176247132,4707091.733792641,200.0,2026-04-24T07:06:05.818450+00:00
54,1.0,mound,burial_mound,K-35-054-1_Straldzha_4326_x1344_y3024.png,K-35-054-1_Straldzha_4326,467198.5551794627,4706931.412682464,50.0,2026-04-24T07:06:10.024273+00:00
55,0.95,mound,burial_mound,K-35-053-4_Boyadzhik_x2688_y672.png,K-35-053-4_Boyadzhik,453153.2371100608,4701327.387895301,50.0,2026-04-24T07:12:28.536105+00:00
56,1.0,mound,burial_mound,K-35-054-1_Straldzha_4326_x1680_y2352.png,K-35-054-1_Straldzha_4326,468688.6329180612,4711596.856689087,50.0,2026-04-24T07:06:11.086585+00:00
57,0.85,mound,burial_mound,K-35-054-1_Straldzha_4326_x1680_y2352.png,K-35-054-1_Straldzha_4326,468105.7617191319,4711256.607065739,50.0,2026-04-24T07:16:27.061233+00:00
58,0.4,mound,burial_mound,K-35-054-1_Straldzha_4326_x1680_y2352.png,K-35-054-1_Straldzha_4326,468176.00571383146,4711303.367184343,50.0,2026-04-24T07:19:05.822269+00:00
59,0.95,mound,burial_mound,K-35-054-1_Straldzha_4326_x1344_y2352.png,K-35-054-1_Straldzha_4326,465648.4128784611,4711429.099151462,50.0,2026-04-24T07:12:29.340648+00:00
60,1.0,mound,settlement_mound,K-35-054-1_Straldzha_4326_x0_y672.png,K-35-054-1_Straldzha_4326,460041.0350360825,4719068.366840977,50.0,2026-04-24T07:06:19.098295+00:00
61,0.95,not_mound,not_mound,K-35-054-1_Straldzha_4326_x2016_y3360.png,K-35-054-1_Straldzha_4326,468808.66477772,4705586.969176707,50.0,2026-04-24T07:12:31.088488+00:00
62,0.2,mound,bench_mark_on_mound,K-35-054-1_Straldzha_4326_x1344_y3024.png,K-35-054-1_Straldzha_4326,465755.78190532885,4708489.723673472,50.0,2026-04-24T07:21:48.956165+00:00
63,0.95,mound,burial_mound,K-35-054-1_Straldzha_4326_x1008_y2352.png,K-35-054-1_Straldzha_4326,465610.7285580111,4711428.730168093,50.0,2026-04-24T07:12:32.011912+00:00
64,0.2,mound,trig_point_on_mound,K-35-054-1_Straldzha_4326_x2016_y1680.png,K-35-054-1_Straldzha_4326,470672.5930743069,4713676.130261468,75.0,2026-04-24T07:21:55.471208+00:00
65,0.3,not_mound,not_mound,K-35-054-1_Straldzha_4326_x2688_y2688.png,K-35-054-1_Straldzha_4326,472603.2436602681,4708665.6110554,50.0,2026-04-24T07:20:45.467306+00:00
66,1.0,not_mound,not_mound,K-35-054-1_Straldzha_4326_x2352_y2016.png,K-35-054-1_Straldzha_4326,471858.20683631,4712185.265867708,50.0,2026-04-24T07:06:20.633058+00:00
67,1.0,mound,bench_mark_on_mound,K-35-054-1_Straldzha_4326_x2352_y2352.png,K-35-054-1_Straldzha_4326,471687.0205426703,4711874.266603651,50.0,2026-04-24T07:06:22.787280+00:00
68,1.0,mound,burial_mound,K-35-054-1_Straldzha_4326_x2352_y0.png,K-35-054-1_Straldzha_4326,471886.83361096337,4722146.118035068,100.0,2026-04-24T07:06:36.802955+00:00
69,1.0,mound,burial_mound,K-35-054-1_Straldzha_4326_x3360_y1680.png,K-35-054-1_Straldzha_4326,476551.1353858781,4715066.369873197,50.0,2026-04-24T07:06:39.575172+00:00
70,1.0,mound,burial_mound,K-35-053-4_Boyadzhik_x336_y3024.png,K-35-053-4_Boyadzhik,440528.4310665369,4689186.68169576,125.0,2026-04-24T07:06:46.643344+00:00
71,1.0,mound,burial_mound,K-35-054-1_Straldzha_4326_x3696_y2352.png,K-35-054-1_Straldzha_4326,478811.3043600402,4711068.293123964,50.0,2026-04-24T07:06:48.140202+00:00
72,0.95,mound,bench_mark_on_mound,K-35-054-1_Straldzha_4326_x3696_y1344.png,K-35-054-1_Straldzha_4326,478448.5469262163,4715713.03745604,50.0,2026-04-24T07:12:33.273976+00:00
73,0.4,mound,bench_mark_on_mound,K-35-054-1_Straldzha_4326_x3024_y1680.png,K-35-054-1_Straldzha_4326,475076.66585910425,4713834.276332249,50.0,2026-04-24T07:19:07.102230+00:00
74,1.0,mound,bench_mark_on_mound,K-35-054-1_Straldzha_4326_x672_y1680.png,K-35-054-1_Straldzha_4326,462781.15148360416,4714354.298632849,50.0,2026-04-24T07:06:50.285749+00:00
75,0.95,mound,burial_mound,K-35-054-2_Atolov_4326_x0_y3360.png,K-35-054-2_Atolov_4326,480281.8842098864,4705740.040965556,125.0,2026-04-24T07:12:40.931671+00:00
76,1.0,mound,burial_mound,K-35-054-2_Atolov_4326_x1680_y1008.png,K-35-054-2_Atolov_4326,488911.39720894047,4716918.007783792,50.0,2026-04-24T07:06:51.241643+00:00
77,0.85,mound,burial_mound,K-35-054-2_Atolov_4326_x2352_y336.png,K-35-054-2_Atolov_4326,492464.8924713859,4721591.738863255,50.0,2026-04-24T07:16:28.246739+00:00
78,0.4,mound,burial_mound,K-35-054-2_Atolov_4326_x2352_y0.png,K-35-054-2_Atolov_4326,492768.247715696,4721955.965314681,50.0,2026-04-24T07:19:08.253863+00:00
79,1.0,mound,burial_mound,K-35-054-2_Atolov_4326_x2352_y0.png,K-35-054-2_Atolov_4326,492902.3910931714,4722076.306829237,75.0,2026-04-24T07:07:01.059861+00:00
80,1.0,mound,burial_mound,K-35-054-2_Atolov_4326_x2352_y336.png,K-35-054-2_Atolov_4326,492420.9114671663,4720277.278090681,50.0,2026-04-24T07:07:02.540123+00:00
81,0.95,mound,trig_point_on_mound,K-35-054-2_Atolov_4326_x2352_y336.png,K-35-054-2_Atolov_4326,492067.0780522623,4720377.611003914,50.0,2026-04-24T07:12:42.779053+00:00
82,0.2,not_mound,not_mound,K-35-054-1_Straldzha_4326_x3360_y3024.png,K-35-054-1_Straldzha_4326,476422.81001790194,4708505.94100864,50.0,2026-04-24T07:21:56.911313+00:00
83,0.95,mound,burial_mound,K-35-054-2_Atolov_4326_x2352_y2688.png,K-35-054-2_Atolov_4326,492754.3801433827,4708490.438837015,50.0,2026-04-24T07:12:44.029202+00:00
84,1.0,mound,burial_mound,K-35-054-2_Atolov_4326_x2352_y3024.png,K-35-054-2_Atolov_4326,491781.3274142784,4707730.789856646,50.0,2026-04-24T07:07:03.779577+00:00
85,0.85,mound,burial_mound,K-35-054-2_Atolov_4326_x4032_y1008.png,K-35-054-2_Atolov_4326,499751.3035022728,4717342.215893938,50.0,2026-04-24T07:16:29.518276+00:00
86,0.95,mound,burial_mound,K-35-054-3_Yambol_x672_y336.png,K-35-054-3_Yambol,462957.96175723645,4702941.729339448,125.0,2026-04-24T07:12:47.477233+00:00
87,0.2,not_mound,not_mound,K-35-054-2_Atolov_4326_x4032_y3360.png,K-35-054-2_Atolov_4326,499479.45100381743,4706037.502236423,50.0,2026-04-24T07:21:58.401559+00:00
88,1.0,not_mound,not_mound,K-35-054-3_Yambol_x1008_y0.png,K-35-054-3_Yambol,464564.4769033255,4704083.436695139,50.0,2026-04-24T07:07:06.731887+00:00
89,1.0,mound,bench_mark_on_mound,K-35-054-3_Yambol_x1008_y2016.png,K-35-054-3_Yambol,464385.8193830866,4693991.863796154,200.0,2026-04-24T07:07:18.665249+00:00
90,0.95,mound,trig_point_on_mound,K-35-054-3_Yambol_x1344_y1008.png,K-35-054-3_Yambol,467053.3662229784,4698764.932451435,50.0,2026-04-24T07:12:49.121217+00:00
91,0.65,mound,settlement_mound,K-35-054-3_Yambol_x1680_y0.png,K-35-054-3_Yambol,468489.6588530987,4703669.506172289,50.0,2026-04-24T07:18:53.350101+00:00
92,0.2,not_mound,not_mound,K-35-054-3_Yambol_x1008_y1008.png,K-35-054-3_Yambol,464271.79640127695,4699198.56637835,50.0,2026-04-24T07:21:59.592709+00:00
93,0.95,mound,bench_mark_on_mound,K-35-054-3_Yambol_x1008_y1008.png,K-35-054-3_Yambol,464102.37209271296,4698941.265820933,50.0,2026-04-24T07:12:50.211363+00:00
94,0.95,mound,trig_point_on_mound,K-35-054-3_Yambol_x2352_y3360.png,K-35-054-3_Yambol,471459.8673893528,4688262.6061308,50.0,2026-04-24T07:12:51.497318+00:00
95,0.2,not_mound,not_mound,K-35-054-3_Yambol_x2352_y3696.png,K-35-054-3_Yambol,471582.8141764649,4686833.276218714,50.0,2026-04-24T07:22:00.563135+00:00
96,0.2,not_mound,not_mound,K-35-054-4_Voynika_x1680_y672.png,K-35-054-4_Voynika,487727.7476332447,4701287.953478461,50.0,2026-04-24T07:22:01.922077+00:00
97,1.0,mound,burial_mound,K-35-054-4_Voynika_x1344_y336.png,K-35-054-4_Voynika,486243.7868987007,4703079.440581981,50.0,2026-04-24T07:07:19.901731+00:00
98,0.95,mound,burial_mound,K-35-054-1_Straldzha_4326_x3360_y2352.png,K-35-054-1_Straldzha_4326,475830.55124447687,4711761.913976256,50.0,2026-04-24T07:12:52.794517+00:00
99,0.95,not_mound,not_mound,K-35-054-3_Yambol_x2688_y0.png,K-35-054-3_Yambol,473380.2942063988,4703923.164949127,50.0,2026-04-24T07:12:54.231365+00:00
100,0.4,mound,burial_mound,K-35-054-4_Voynika_x1008_y336.png,K-35-054-4_Voynika,485717.4248940089,4703360.538445924,125.0,2026-04-24T07:19:14.250817+00:00
101,1.0,mound,burial_mound,K-35-054-4_Voynika_x1008_y336.png,K-35-054-4_Voynika,485605.6804914863,4703297.031997899,100.0,2026-04-24T07:07:28.380751+00:00
102,1.0,mound,trig_point_on_mound,K-35-054-4_Voynika_x2688_y3360.png,K-35-054-4_Voynika,494605.0420946528,4688339.683280111,200.0,2026-04-24T07:07:34.016775+00:00
103,0.4,not_mound,not_mound,K-35-054-4_Voynika_x3024_y1680.png,K-35-054-4_Voynika,495537.2604080062,4695700.622680989,50.0,2026-04-24T07:19:16.110196+00:00
104,0.4,not_mound,not_mound,K-35-054-4_Voynika_x3360_y1680.png,K-35-054-4_Voynika,497855.0487790181,4695112.031122923,50.0,2026-04-24T07:19:17.387106+00:00
105,0.95,mound,trig_point_on_mound,K-35-054-4_Voynika_x3024_y3360.png,K-35-054-4_Voynika,494609.8337758343,4688144.367873904,50.0,2026-04-24T07:12:55.777698+00:00
106,0.2,mound,burial_mound,K-35-054-4_Voynika_x2688_y0.png,K-35-054-4_Voynika,494400.1189227072,4703950.098071618,125.0,2026-04-24T07:22:10.064854+00:00
107,1.0,mound,burial_mound,K-35-055-1_x1344_y672.png,K-35-055-1,507751.7075601554,4718634.725360539,200.0,2026-04-24T07:07:38.690551+00:00
108,0.15,not_mound,not_mound,K-35-055-1_x2352_y2688.png,K-35-055-1,512897.2707413802,4709351.843878507,50.0,2026-04-24T07:33:18.554768+00:00
109,0.4,not_mound,not_mound,K-35-055-1_x2016_y0.png,K-35-055-1,511448.8817194924,4723718.553705118,50.0,2026-04-24T07:19:18.634489+00:00
110,1.0,mound,burial_mound,K-35-055-1_x3696_y0.png,K-35-055-1,520090.52395233983,4723346.020792664,50.0,2026-04-24T07:07:40.963427+00:00
111,1.0,mound,burial_mound,K-35-055-1_x336_y2688.png,K-35-055-1,502955.6959490068,4709707.394925845,100.0,2026-04-24T07:07:48.475082+00:00
112,0.3,not_mound,not_mound,K-35-055-2_x0_y1008.png,K-35-055-2,521609.6379983706,4717632.241451458,50.0,2026-04-24T07:20:46.788666+00:00
113,0.95,mound,settlement_mound,K-35-055-2_x1008_y1344.png,K-35-055-2,526434.0368249285,4715384.340775714,50.0,2026-04-24T07:13:02.817732+00:00
114,1.0,mound,burial_mound,K-35-055-1_x336_y2016.png,K-35-055-1,502571.70796790975,4712432.931407031,200.0,2026-04-24T07:07:54.763386+00:00
115,0.95,mound,settlement_mound,K-35-055-2_x2352_y1008.png,K-35-055-2,532892.289556894,4718194.331700631,50.0,2026-04-24T07:13:04.974398+00:00
116,0.2,not_mound,not_mound,K-35-055-2_x2352_y672.png,K-35-055-2,532982.8196327073,4718939.753001817,50.0,2026-04-24T07:22:11.383974+00:00
117,0.95,mound,burial_mound,K-35-055-1_x672_y3360.png,K-35-055-1,504636.7442097524,4706981.967580318,75.0,2026-04-24T07:13:10.328081+00:00
118,0.4,mound,burial_mound,K-35-055-3_x1008_y336.png,K-35-055-3,506804.5527178891,4702470.251770305,75.0,2026-04-24T07:19:21.650924+00:00
119,0.2,not_mound,not_mound,K-35-055-2_x2016_y1008.png,K-35-055-2,531373.6265372669,4718766.169278318,50.0,2026-04-24T07:22:12.997063+00:00
120,0.2,not_mound,not_mound,K-35-055-3_x2352_y2352.png,K-35-055-3,513525.487233631,4692124.678191814,50.0,2026-04-24T07:22:16.626025+00:00
121,0.2,not_mound,not_mound,K-35-055-3_x2352_y2352.png,K-35-055-3,513531.426428792,4692246.163856029,50.0,2026-04-24T07:22:18.918693+00:00
122,0.15,not_mound,not_mound,K-35-055-3_x2352_y336.png,K-35-055-3,513341.9431873098,4703303.933063523,50.0,2026-04-24T07:33:19.708164+00:00
123,0.95,mound,burial_mound,K-35-055-3_x336_y1680.png,K-35-055-3,501950.8773968914,4696740.664074888,50.0,2026-04-24T07:13:11.523574+00:00
124,0.4,not_mound,not_mound,K-35-055-3_x3024_y1344.png,K-35-055-3,515273.68624790845,4697805.94811344,50.0,2026-04-24T07:19:22.875526+00:00
125,0.2,mound,burial_mound,K-35-055-3_x1680_y1680.png,K-35-055-3,509168.636967668,4696315.249685689,100.0,2026-04-24T07:22:22.407731+00:00
126,0.2,not_mound,not_mound,K-35-055-4_x4032_y1344.png,K-35-055-4,540675.0789528785,4697570.227138142,50.0,2026-04-24T07:22:24.466969+00:00
127,0.2,not_mound,not_mound,K-35-055-4_x2688_y3024.png,K-35-055-4,535683.5617400848,4688985.898730955,50.0,2026-04-24T07:22:26.142972+00:00
128,1.0,mound,bench_mark_on_mound,K-35-055-1_x1008_y672.png,K-35-055-1,505713.84150713554,4719069.916623656,200.0,2026-04-24T07:08:00.855823+00:00
129,0.15,not_mound,not_mound,K-35-056-3_x0_y2688.png,K-35-056-3,541722.9037003181,4691119.262652033,50.0,2026-04-24T07:33:20.923291+00:00
130,0.85,mound,burial_mound,K-35-055-4_x3696_y1680.png,K-35-055-4,540007.483146313,4695882.323096599,125.0,2026-04-24T07:16:38.557535+00:00
131,0.2,not_mound,not_mound,K-35-062-4_Asenovgrad_4326_x1344_y2352.png,K-35-062-4_Asenovgrad_4326,321050.0499208991,4657929.247999412,50.0,2026-04-24T07:22:27.366250+00:00
132,0.2,not_mound,not_mound,K-35-062-4_Asenovgrad_4326_x2016_y2016.png,K-35-062-4_Asenovgrad_4326,324800.9501932856,4660457.032010413,50.0,2026-04-24T07:22:28.389911+00:00
133,1.0,not_mound,not_mound,K-35-062-4_Asenovgrad_4326_x2688_y1680.png,K-35-062-4_Asenovgrad_4326,327138.9937398075,4662602.790725309,50.0,2026-04-24T07:08:05.578458+00:00
134,1.0,not_mound,not_mound,K-35-055-3_x1344_y1680.png,K-35-055-3,508491.78598582017,4696855.36776796,50.0,2026-04-24T07:08:08.082719+00:00
135,0.2,not_mound,not_mound,K-35-062-4_Asenovgrad_4326_x0_y3024.png,K-35-062-4_Asenovgrad_4326,314844.2228401865,4654034.261989236,50.0,2026-04-24T07:22:29.896877+00:00
136,0.2,mound,bench_mark_on_mound,K-35-062-4_Asenovgrad_4326_x2688_y2688.png,K-35-062-4_Asenovgrad_4326,328450.4183522858,4656602.808760341,50.0,2026-04-24T07:22:31.640797+00:00
137,0.85,mound,bench_mark_on_mound,K-35-062-4_Asenovgrad_4326_x2688_y2352.png,K-35-062-4_Asenovgrad_4326,328401.3905506558,4658828.830531499,50.0,2026-04-24T07:16:40.353227+00:00
138,0.85,mound,burial_mound,K-35-062-4_Asenovgrad_4326_x2688_y2352.png,K-35-062-4_Asenovgrad_4326,327689.662533319,4658401.608513513,50.0,2026-04-24T07:16:41.349864+00:00
139,1.0,mound,trig_point_on_mound,K-35-062-4_Asenovgrad_4326_x2688_y2352.png,K-35-062-4_Asenovgrad_4326,326975.3753286229,4658046.067248885,50.0,2026-04-24T07:08:10.087606+00:00
140,1.0,mound,burial_mound,K-35-062-4_Asenovgrad_4326_x3024_y3696.png,K-35-062-4_Asenovgrad_4326,328674.3472035619,4652071.426942017,50.0,2026-04-24T07:08:12.450957+00:00
141,0.95,mound,bench_mark_on_mound,K-35-062-4_Asenovgrad_4326_x672_y2352.png,K-35-062-4_Asenovgrad_4326,317282.73766214703,4657433.420262521,50.0,2026-04-24T07:13:13.096596+00:00
142,0.95,mound,burial_mound,K-35-063-1_Granit_4326_x1344_y2016.png,K-35-063-1_Granit_4326,342853.1490826044,4677229.048414968,50.0,2026-04-24T07:13:14.523983+00:00
143,0.2,mound,burial_mound,K-35-063-1_Granit_4326_x1680_y3024.png,K-35-063-1_Granit_4326,344447.1630580929,4673239.131698203,50.0,2026-04-24T07:22:32.783177+00:00
144,0.2,mound,bench_mark_on_mound,K-35-062-4_Asenovgrad_4326_x1344_y2016.png,K-35-062-4_Asenovgrad_4326,321302.83193645714,4659871.379956078,200.0,2026-04-24T07:22:39.636591+00:00
145,0.2,not_mound,not_mound,K-35-062-4_Asenovgrad_4326_x3696_y3696.png,K-35-062-4_Asenovgrad_4326,332708.33205488045,4652110.275816293,50.0,2026-04-24T07:22:40.981629+00:00
146,1.0,mound,burial_mound,K-35-063-1_Granit_4326_x1680_y1008.png,K-35-063-1_Granit_4326,344521.6899763964,4683305.355826339,75.0,2026-04-24T07:08:21.892795+00:00
147,0.95,mound,burial_mound,K-35-063-1_Granit_4326_x1680_y1008.png,K-35-063-1_Granit_4326,344523.77560229145,4683220.766557053,50.0,2026-04-24T07:13:15.544561+00:00
148,1.0,mound,bench_mark_on_mound,K-35-063-1_Granit_4326_x1680_y2688.png,K-35-063-1_Granit_4326,344182.7872006025,4674484.110826989,50.0,2026-04-24T07:08:27.864937+00:00
149,1.0,mound,burial_mound,K-35-063-1_Granit_4326_x1344_y672.png,K-35-063-1_Granit_4326,342720.4485614913,4684697.421175068,50.0,2026-04-24T07:08:29.114588+00:00
150,0.2,mound,burial_mound,K-35-063-1_Granit_4326_x2016_y3024.png,K-35-063-1_Granit_4326,346187.3768677948,4672653.440171613,50.0,2026-04-24T07:22:48.093518+00:00
151,1.0,mound,burial_mound,K-35-063-1_Granit_4326_x2016_y3024.png,K-35-063-1_Granit_4326,346085.2374768129,4672372.388752244,50.0,2026-04-24T07:08:30.215514+00:00
152,1.0,mound,bench_mark_on_mound,K-35-063-1_Granit_4326_x2688_y672.png,K-35-063-1_Granit_4326,349161.13812297926,4684613.41439484,50.0,2026-04-24T07:08:31.838829+00:00
153,1.0,mound,burial_mound,K-35-063-1_Granit_4326_x2688_y672.png,K-35-063-1_Granit_4326,349362.45572832145,4684494.664631204,50.0,2026-04-24T07:08:32.797242+00:00
154,1.0,mound,burial_mound,K-35-063-1_Granit_4326_x2688_y672.png,K-35-063-1_Granit_4326,349448.8536570223,4684493.143293053,50.0,2026-04-24T07:08:33.868948+00:00
155,0.85,mound,burial_mound,K-35-063-1_Granit_4326_x2688_y1008.png,K-35-063-1_Granit_4326,348985.93287558755,4683898.977257317,50.0,2026-04-24T07:16:42.516743+00:00
156,0.85,mound,bench_mark_on_mound,K-35-063-1_Granit_4326_x3360_y336.png,K-35-063-1_Granit_4326,352383.5277845104,4686653.342111857,50.0,2026-04-24T07:16:44.961318+00:00
157,1.0,mound,burial_mound,K-35-063-1_Granit_4326_x336_y336.png,K-35-063-1_Granit_4326,337400.69813191984,4686651.871213236,50.0,2026-04-24T07:08:34.778986+00:00
158,1.0,mound,burial_mound,K-35-063-1_Granit_4326_x336_y336.png,K-35-063-1_Granit_4326,337361.634362886,4686585.227887235,50.0,2026-04-24T07:08:35.723317+00:00
159,1.0,mound,burial_mound,K-35-063-1_Granit_4326_x336_y336.png,K-35-063-1_Granit_4326,337271.85424430866,4686511.317990727,50.0,2026-04-24T07:08:36.632245+00:00
160,0.4,not_mound,not_mound,K-35-063-1_Granit_4326_x2352_y1344.png,K-35-063-1_Granit_4326,347850.69352291984,4680519.0883271815,50.0,2026-04-24T07:19:25.388747+00:00
161,0.95,mound,burial_mound,K-35-063-1_Granit_4326_x3360_y2352.png,K-35-063-1_Granit_4326,351894.0041848201,4676319.854310399,100.0,2026-04-24T07:13:20.962631+00:00
162,0.4,mound,burial_mound,K-35-063-1_Granit_4326_x1344_y336.png,K-35-063-1_Granit_4326,342260.4668149748,4686570.1777046425,100.0,2026-04-24T07:19:29.413892+00:00
163,1.0,mound,burial_mound,K-35-063-1_Granit_4326_x3696_y1008.png,K-35-063-1_Granit_4326,354819.8846779729,4683808.729258216,50.0,2026-04-24T07:08:37.553900+00:00
164,0.2,not_mound,not_mound,K-35-063-1_Granit_4326_x2016_y2688.png,K-35-063-1_Granit_4326,345884.94910206675,4674605.047883844,50.0,2026-04-24T07:22:49.970965+00:00
165,0.2,mound,burial_mound,K-35-063-1_Granit_4326_x336_y2352.png,K-35-063-1_Granit_4326,337095.5270091103,4676589.495425799,100.0,2026-04-24T07:22:53.854859+00:00
166,0.15,not_mound,not_mound,K-35-063-1_Granit_4326_x336_y1680.png,K-35-063-1_Granit_4326,336406.2335457579,4679011.255588658,50.0,2026-04-24T07:33:22.139030+00:00
167,0.95,mound,bench_mark_on_mound,K-35-063-1_Granit_4326_x3024_y672.png,K-35-063-1_Granit_4326,351077.67184057133,4684120.665007941,50.0,2026-04-24T07:13:22.409832+00:00
168,1.0,mound,trig_point_on_mound,K-35-063-1_Granit_4326_x672_y0.png,K-35-063-1_Granit_4326,338405.76688184484,4688132.820642332,50.0,2026-04-24T07:08:38.777097+00:00
169,0.2,mound,bench_mark_on_mound,K-35-063-1_Granit_4326_x3360_y2016.png,K-35-063-1_Granit_4326,351643.19515867403,4677354.260302226,50.0,2026-04-24T07:22:55.391407+00:00
170,0.95,mound,bench_mark_on_mound,K-35-063-1_Granit_4326_x336_y3024.png,K-35-063-1_Granit_4326,336704.0266980097,4673068.72892163,50.0,2026-04-24T07:13:23.514650+00:00
171,0.2,mound,burial_mound,K-35-063-2_Chirpan_4326_x0_y672.png,K-35-063-2_Chirpan_4326,355761.10804224014,4683829.531824601,50.0,2026-04-24T07:22:56.551393+00:00
172,1.0,mound,burial_mound,K-35-063-2_Chirpan_4326_x0_y672.png,K-35-063-2_Chirpan_4326,355903.5486627104,4683612.986253973,50.0,2026-04-24T07:08:39.718791+00:00
173,0.85,not_mound,not_mound,K-35-063-2_Chirpan_4326_x0_y2688.png,K-35-063-2_Chirpan_4326,356024.12380352826,4673907.21050092,50.0,2026-04-24T07:16:46.790769+00:00
174,0.4,mound,burial_mound,K-35-063-1_Granit_4326_x3696_y672.png,K-35-063-1_Granit_4326,353317.6317673023,4684410.854359456,50.0,2026-04-24T07:19:30.563797+00:00
175,1.0,mound,burial_mound,K-35-063-2_Chirpan_4326_x2688_y1680.png,K-35-063-2_Chirpan_4326,369468.9869342208,4678479.062647489,50.0,2026-04-24T07:08:41.050422+00:00
176,0.95,mound,burial_mound,K-35-063-2_Chirpan_4326_x3696_y2016.png,K-35-063-2_Chirpan_4326,373650.8200217686,4676655.794461827,200.0,2026-04-24T07:13:27.184670+00:00
177,0.95,mound,burial_mound,K-35-063-1_Granit_4326_x4032_y672.png,K-35-063-1_Granit_4326,355197.149411159,4684473.120709176,50.0,2026-04-24T07:13:28.458309+00:00
178,0.85,mound,burial_mound,K-35-063-1_Granit_4326_x4032_y672.png,K-35-063-1_Granit_4326,355204.51992168254,4684322.779017376,50.0,2026-04-24T07:16:48.023785+00:00
179,0.85,mound,burial_mound,K-35-063-1_Granit_4326_x4032_y672.png,K-35-063-1_Granit_4326,354946.893680018,4684223.45671096,50.0,2026-04-24T07:16:48.948116+00:00
180,0.85,mound,burial_mound,K-35-063-1_Granit_4326_x4032_y672.png,K-35-063-1_Granit_4326,354880.1138798158,4684439.791360853,50.0,2026-04-24T07:16:49.909053+00:00
181,0.85,mound,burial_mound,K-35-063-1_Granit_4326_x3696_y1008.png,K-35-063-1_Granit_4326,354816.6940893624,4683833.9009625055,50.0,2026-04-24T07:16:51.046758+00:00
182,0.2,not_mound,not_mound,K-35-063-1_Granit_4326_x336_y2016.png,K-35-063-1_Granit_4326,337639.4614466173,4677130.190264493,50.0,2026-04-24T07:22:58.362290+00:00
183,0.75,not_mound,not_mound,K-35-063-2_Chirpan_4326_x3024_y2688.png,K-35-063-2_Chirpan_4326,371858.9834685751,4674362.214925767,50.0,2026-04-24T07:18:21.170916+00:00
184,0.85,not_mound,not_mound,K-35-063-2_Chirpan_4326_x3360_y1344.png,K-35-063-2_Chirpan_4326,373514.1792509994,4681376.325061695,50.0,2026-04-24T07:16:52.904615+00:00
185,0.15,not_mound,not_mound,K-35-063-3_Tatarevo_4326_x0_y1008.png,K-35-063-3_Tatarevo_4326,335606.12383231905,4665088.703421587,50.0,2026-04-24T07:33:23.898933+00:00
186,0.95,not_mound,not_mound,K-35-063-3_Tatarevo_4326_x0_y2688.png,K-35-063-3_Tatarevo_4326,335422.1152840493,4655240.980732566,50.0,2026-04-24T07:13:30.127780+00:00
187,0.2,not_mound,not_mound,K-35-063-3_Tatarevo_4326_x2016_y0.png,K-35-063-3_Tatarevo_4326,345127.70621359686,4669338.577258552,50.0,2026-04-24T07:22:59.985795+00:00
188,0.95,not_mound,not_mound,K-35-063-2_Chirpan_4326_x336_y3024.png,K-35-063-2_Chirpan_4326,357179.1640783944,4673012.229758484,50.0,2026-04-24T07:13:31.586553+00:00
189,1.0,mound,burial_mound,K-35-063-3_Tatarevo_4326_x2352_y0.png,K-35-063-3_Tatarevo_4326,347507.9864834915,4669765.703245373,50.0,2026-04-24T07:08:43.177467+00:00
190,1.0,mound,bench_mark_on_mound,K-35-063-2_Chirpan_4326_x672_y3360.png,K-35-063-2_Chirpan_4326,360210.92483379616,4669787.576622604,50.0,2026-04-24T07:08:44.916241+00:00
191,0.75,mound,bench_mark_on_mound,K-35-063-3_Tatarevo_4326_x2688_y0.png,K-35-063-3_Tatarevo_4326,349039.00597404124,4669619.656825498,50.0,2026-04-24T07:18:22.509448+00:00
192,0.85,not_mound,not_mound,K-35-063-3_Tatarevo_4326_x3360_y2352.png,K-35-063-3_Tatarevo_4326,352103.4401476873,4657693.896106356,50.0,2026-04-24T07:16:55.680032+00:00
193,1.0,mound,burial_mound,K-35-063-3_Tatarevo_4326_x336_y2352.png,K-35-063-3_Tatarevo_4326,336227.72605298815,4657948.600204409,125.0,2026-04-24T07:09:00.125080+00:00
194,0.85,mound,burial_mound,K-35-063-3_Tatarevo_4326_x3360_y3360.png,K-35-063-3_Tatarevo_4326,351072.1827149489,4651718.86425655,75.0,2026-04-24T07:17:00.506246+00:00
195,0.95,mound,burial_mound,K-35-063-3_Tatarevo_4326_x3360_y0.png,K-35-063-3_Tatarevo_4326,351902.91163635114,4669737.417435629,50.0,2026-04-24T07:13:32.683386+00:00
196,1.0,not_mound,not_mound,K-35-063-3_Tatarevo_4326_x2688_y2016.png,K-35-063-3_Tatarevo_4326,349124.3266651489,4660350.448824345,50.0,2026-04-24T07:09:04.329730+00:00
197,0.2,not_mound,not_mound,K-35-063-3_Tatarevo_4326_x4032_y1344.png,K-35-063-3_Tatarevo_4326,355046.5952695339,4661992.413654551,50.0,2026-04-24T07:23:01.146341+00:00
198,1.0,mound,burial_mound,K-35-063-3_Tatarevo_4326_x3696_y0.png,K-35-063-3_Tatarevo_4326,353142.4298021697,4669430.323889439,50.0,2026-04-24T07:09:05.685761+00:00
199,1.0,mound,burial_mound,K-35-063-3_Tatarevo_4326_x3360_y2016.png,K-35-063-3_Tatarevo_4326,351537.72996881313,4658527.770585188,50.0,2026-04-24T07:09:07.655237+00:00
200,0.2,not_mound,not_mound,K-35-063-2_Chirpan_4326_x4032_y3360.png,K-35-063-2_Chirpan_4326,375955.2834524429,4671073.540579713,50.0,2026-04-24T07:23:03.552664+00:00
201,0.4,not_mound,not_mound,K-35-063-4_Skobelevo_4326_x2016_y1008.png,K-35-063-4_Skobelevo_4326,365782.8933518967,4663581.065937327,50.0,2026-04-24T07:19:32.157805+00:00
202,0.95,mound,burial_mound,K-35-063-4_Skobelevo_4326_x1680_y2352.png,K-35-063-4_Skobelevo_4326,364803.82349879696,4657701.838374439,50.0,2026-04-24T07:13:33.944398+00:00
203,0.3,not_mound,not_mound,K-35-063-4_Skobelevo_4326_x2016_y3360.png,K-35-063-4_Skobelevo_4326,365292.4556362008,4652044.161544428,50.0,2026-04-24T07:20:48.342496+00:00
204,0.2,not_mound,not_mound,K-35-063-4_Skobelevo_4326_x1008_y2016.png,K-35-063-4_Skobelevo_4326,361328.98867708375,4659262.868686944,50.0,2026-04-24T07:23:04.852362+00:00
205,0.95,mound,bench_mark_on_mound,K-35-063-4_Skobelevo_4326_x1680_y1680.png,K-35-063-4_Skobelevo_4326,364532.7597470013,4660666.414176813,50.0,2026-04-24T07:13:35.194535+00:00
206,0.9,not_mound,not_mound,K-35-063-4_Skobelevo_4326_x1680_y2016.png,K-35-063-4_Skobelevo_4326,364863.47064308287,4658527.654467198,50.0,2026-04-24T07:16:10.533572+00:00
207,0.75,mound,trig_point_on_mound,K-35-063-4_Skobelevo_4326_x0_y2016.png,K-35-063-4_Skobelevo_4326,355727.5253552442,4658650.126085935,50.0,2026-04-24T07:18:23.836055+00:00
208,0.95,mound,burial_mound,K-35-063-4_Skobelevo_4326_x2352_y2016.png,K-35-063-4_Skobelevo_4326,367371.7883224383,4658929.912862474,50.0,2026-04-24T07:13:36.624551+00:00
209,0.95,mound,burial_mound,K-35-063-4_Skobelevo_4326_x2352_y2016.png,K-35-063-4_Skobelevo_4326,367470.8022789026,4658839.086589057,50.0,2026-04-24T07:13:37.547289+00:00
210,1.0,mound,burial_mound,K-35-063-4_Skobelevo_4326_x2352_y2016.png,K-35-063-4_Skobelevo_4326,367017.82227643975,4658775.280516761,50.0,2026-04-24T07:09:08.681665+00:00
211,0.4,not_mound,not_mound,K-35-063-4_Skobelevo_4326_x3360_y1008.png,K-35-063-4_Skobelevo_4326,371781.4237272837,4663611.220638708,50.0,2026-04-24T07:19:33.982129+00:00
212,0.2,not_mound,not_mound,K-35-063-1_Granit_4326_x2016_y672.png,K-35-063-1_Granit_4326,345528.23824414884,4684755.792471355,50.0,2026-04-24T07:23:05.992174+00:00
213,1.0,mound,burial_mound,K-35-063-4_Skobelevo_4326_x3360_y1344.png,K-35-063-4_Skobelevo_4326,373359.9284358333,4662828.45393409,75.0,2026-04-24T07:09:14.698526+00:00
214,0.2,mound,burial_mound,K-35-063-4_Skobelevo_4326_x672_y3360.png,K-35-063-4_Skobelevo_4326,358317.477777848,4651894.6939960895,150.0,2026-04-24T07:23:09.270768+00:00
215,0.95,mound,burial_mound,K-35-064-1_Sredets_4326_x0_y1344.png,K-35-064-1_Sredets_4326,376308.1749780679,4680729.429162501,50.0,2026-04-24T07:13:38.476274+00:00
216,0.95,mound,burial_mound,K-35-064-1_Sredets_4326_x0_y1008.png,K-35-064-1_Sredets_4326,376286.80753131525,4681249.179442548,50.0,2026-04-24T07:13:39.517357+00:00
217,0.15,not_mound,not_mound,K-35-064-1_Sredets_4326_x0_y3024.png,K-35-064-1_Sredets_4326,376063.3827635066,4671099.627791531,50.0,2026-04-24T07:33:26.284495+00:00
218,0.2,mound,trig_point_on_mound,K-35-064-1_Sredets_4326_x0_y0.png,K-35-064-1_Sredets_4326,376352.44325514935,4686329.490694784,50.0,2026-04-24T07:23:10.981082+00:00
219,1.0,mound,burial_mound,K-35-063-4_Skobelevo_4326_x336_y2688.png,K-35-063-4_Skobelevo_4326,357958.1876562806,4656050.361606848,200.0,2026-04-24T07:09:17.368651+00:00
220,0.2,not_mound,not_mound,K-35-064-1_Sredets_4326_x1344_y1680.png,K-35-064-1_Sredets_4326,382747.2806943171,4678743.594706086,50.0,2026-04-24T07:23:12.355896+00:00
221,0.95,mound,trig_point_on_mound,K-35-064-1_Sredets_4326_x1680_y3696.png,K-35-064-1_Sredets_4326,384959.8483687041,4669242.552195946,50.0,2026-04-24T07:13:40.927492+00:00
222,0.2,not_mound,not_mound,K-35-064-1_Sredets_4326_x2016_y1680.png,K-35-064-1_Sredets_4326,386240.0063022072,4677977.477620276,50.0,2026-04-24T07:23:13.691051+00:00
223,0.3,not_mound,not_mound,K-35-064-1_Sredets_4326_x1008_y336.png,K-35-064-1_Sredets_4326,381413.6253471667,4685279.63627887,50.0,2026-04-24T07:20:49.845707+00:00
224,1.0,mound,burial_mound,K-35-064-1_Sredets_4326_x1680_y2016.png,K-35-064-1_Sredets_4326,385952.66371219343,4677728.236845197,50.0,2026-04-24T07:09:18.676913+00:00
225,0.3,mound,burial_mound,K-35-064-1_Sredets_4326_x3024_y1344.png,K-35-064-1_Sredets_4326,390968.6371137159,4680222.991308107,100.0,2026-04-24T07:20:54.205081+00:00
226,1.0,mound,bench_mark_on_mound,K-35-064-1_Sredets_4326_x672_y2352.png,K-35-064-1_Sredets_4326,380591.7283379172,4674578.486884225,50.0,2026-04-24T07:09:20.267266+00:00
227,0.95,mound,bench_mark_on_mound,K-35-064-1_Sredets_4326_x3696_y3360.png,K-35-064-1_Sredets_4326,394904.3015284143,4670673.313529437,50.0,2026-04-24T07:13:42.955299+00:00
228,0.95,mound,burial_mound,K-35-064-1_Sredets_4326_x3696_y3360.png,K-35-064-1_Sredets_4326,395017.1638492156,4670575.342086999,50.0,2026-04-24T07:13:44.202906+00:00
229,0.95,mound,bench_mark_on_mound,K-35-064-1_Sredets_4326_x672_y1344.png,K-35-064-1_Sredets_4326,379834.9231416182,4680377.422836166,50.0,2026-04-24T07:13:46.007536+00:00
230,0.95,not_mound,not_mound,K-35-064-2_Radnevo_4326_x0_y336.png,K-35-064-2_Radnevo_4326,397445.8579263491,4685066.196564898,50.0,2026-04-24T07:13:47.870511+00:00
231,0.15,not_mound,not_mound,K-35-064-2_Radnevo_4326_x1344_y1680.png,K-35-064-2_Radnevo_4326,404177.9886473903,4678378.411165338,50.0,2026-04-24T07:33:27.530828+00:00
232,0.75,not_mound,not_mound,K-35-064-1_Sredets_4326_x2352_y3360.png,K-35-064-1_Sredets_4326,388196.95770795,4670094.741115759,50.0,2026-04-24T07:18:25.748645+00:00
233,0.95,mound,bench_mark_on_mound,K-35-064-2_Radnevo_4326_x1008_y3360.png,K-35-064-2_Radnevo_4326,401566.4132910119,4670331.763471307,50.0,2026-04-24T07:13:50.026978+00:00
234,0.15,not_mound,not_mound,K-35-064-1_Sredets_4326_x3696_y336.png,K-35-064-1_Sredets_4326,395024.10470611975,4685311.934364426,50.0,2026-04-24T07:33:28.542010+00:00
235,0.4,mound,burial_mound,K-35-064-1_Sredets_4326_x1680_y672.png,K-35-064-1_Sredets_4326,385663.7202425817,4683888.246978293,200.0,2026-04-24T07:19:36.558024+00:00
236,0.2,not_mound,not_mound,K-35-064-1_Sredets_4326_x1680_y672.png,K-35-064-1_Sredets_4326,385192.4492443162,4683411.466148703,50.0,2026-04-24T07:23:14.861218+00:00
237,0.3,not_mound,not_mound,K-35-064-2_Radnevo_4326_x1680_y672.png,K-35-064-2_Radnevo_4326,405322.2176882825,4682754.743191684,50.0,2026-04-24T07:20:55.444361+00:00
238,0.2,not_mound,not_mound,K-35-064-2_Radnevo_4326_x2016_y1008.png,K-35-064-2_Radnevo_4326,407108.20920896594,4681808.780630651,50.0,2026-04-24T07:23:15.866975+00:00
239,0.2,not_mound,not_mound,K-35-064-1_Sredets_4326_x672_y336.png,K-35-064-1_Sredets_4326,379228.05972143577,4685179.537179826,50.0,2026-04-24T07:23:16.879267+00:00
240,1.0,mound,burial_mound,K-35-064-2_Radnevo_4326_x1344_y3360.png,K-35-064-2_Radnevo_4326,404715.1688837147,4670426.298780142,75.0,2026-04-24T07:09:23.707816+00:00
241,1.0,mound,burial_mound,K-35-064-2_Radnevo_4326_x1008_y2352.png,K-35-064-2_Radnevo_4326,402020.0045664273,4674943.841434854,50.0,2026-04-24T07:09:25.126077+00:00
242,0.75,mound,trig_point_on_mound,K-35-064-2_Radnevo_4326_x1008_y1344.png,K-35-064-2_Radnevo_4326,402577.7380647367,4679936.558518786,50.0,2026-04-24T07:18:27.099200+00:00
243,0.65,mound,burial_mound,K-35-064-2_Radnevo_4326_x2016_y1344.png,K-35-064-2_Radnevo_4326,406718.96914066834,4679740.861895351,50.0,2026-04-24T07:18:54.634878+00:00
244,0.4,mound,bench_mark_on_mound,K-35-064-2_Radnevo_4326_x1680_y1344.png,K-35-064-2_Radnevo_4326,405263.4086908242,4680033.316239296,50.0,2026-04-24T07:19:38.222096+00:00
245,0.15,not_mound,not_mound,K-35-064-2_Radnevo_4326_x2016_y672.png,K-35-064-2_Radnevo_4326,407510.1428801473,4683829.46611782,50.0,2026-04-24T07:33:30.593178+00:00
246,1.0,mound,settlement_mound,K-35-064-2_Radnevo_4326_x2688_y336.png,K-35-064-2_Radnevo_4326,410542.51199122175,4684923.794782166,50.0,2026-04-24T07:09:29.053422+00:00
247,0.95,mound,trig_point_on_mound,K-35-064-2_Radnevo_4326_x3024_y336.png,K-35-064-2_Radnevo_4326,412490.8523863407,4685076.901505082,50.0,2026-04-24T07:13:51.056308+00:00
248,0.85,not_mound,not_mound,K-35-063-1_Granit_4326_x0_y2016.png,K-35-063-1_Granit_4326,335784.6927601653,4677740.871807858,50.0,2026-04-24T07:17:03.267251+00:00
249,0.85,mound,burial_mound,K-35-063-1_Granit_4326_x0_y2016.png,K-35-063-1_Granit_4326,335648.5005298831,4677216.104008463,100.0,2026-04-24T07:17:08.577792+00:00
250,0.2,mound,burial_mound,K-35-064-2_Radnevo_4326_x1680_y3360.png,K-35-064-2_Radnevo_4326,405161.4733661217,4669770.718734568,50.0,2026-04-24T07:23:18.095389+00:00
251,1.0,mound,burial_mound,K-35-064-2_Radnevo_4326_x3360_y672.png,K-35-064-2_Radnevo_4326,413664.2577753663,4683570.800312139,50.0,2026-04-24T07:09:30.384080+00:00
252,0.2,not_mound,not_mound,K-35-064-3_Dimitrovgrad_4326_x1008_y2688.png,K-35-064-3_Dimitrovgrad_4326,381042.9560563113,4655279.603902673,50.0,2026-04-24T07:23:21.174311+00:00
253,0.4,not_mound,not_mound,K-35-064-2_Radnevo_4326_x3360_y1344.png,K-35-064-2_Radnevo_4326,413918.76090077264,4680087.499455154,50.0,2026-04-24T07:19:39.764341+00:00
254,0.85,not_mound,not_mound,K-35-064-2_Radnevo_4326_x3360_y1344.png,K-35-064-2_Radnevo_4326,414003.5832166002,4679476.782619643,50.0,2026-04-24T07:17:10.209169+00:00
255,0.2,not_mound,not_mound,K-35-064-2_Radnevo_4326_x672_y1008.png,K-35-064-2_Radnevo_4326,400082.98236632417,4681971.884457546,50.0,2026-04-24T07:23:22.443065+00:00
256,0.4,not_mound,not_mound,K-35-064-2_Radnevo_4326_x672_y1008.png,K-35-064-2_Radnevo_4326,400591.5993882477,4681590.395299943,50.0,2026-04-24T07:19:40.803738+00:00
257,0.85,mound,bench_mark_on_mound,K-35-064-2_Radnevo_4326_x3360_y2688.png,K-35-064-2_Radnevo_4326,414987.31029263546,4673288.131219803,50.0,2026-04-24T07:17:11.446334+00:00
258,0.2,not_mound,not_mound,K-35-064-2_Radnevo_4326_x4032_y672.png,K-35-064-2_Radnevo_4326,417244.47114332335,4683672.695254949,50.0,2026-04-24T07:23:24.048126+00:00
259,0.2,mound,bench_mark_on_mound,K-35-064-3_Dimitrovgrad_4326_x0_y1680.png,K-35-064-3_Dimitrovgrad_4326,375868.833897092,4659323.567049792,50.0,2026-04-24T07:23:25.597931+00:00
260,1.0,mound,burial_mound,K-35-064-3_Dimitrovgrad_4326_x0_y2016.png,K-35-064-3_Dimitrovgrad_4326,375860.9591228114,4659186.091430183,50.0,2026-04-24T07:09:31.449351+00:00
261,0.3,not_mound,not_mound,K-35-064-2_Radnevo_4326_x336_y1344.png,K-35-064-2_Radnevo_4326,399435.713540248,4679715.293277113,50.0,2026-04-24T07:20:56.688480+00:00
262,0.4,not_mound,not_mound,K-35-064-2_Radnevo_4326_x336_y1344.png,K-35-064-2_Radnevo_4326,399276.4714819235,4679368.071208625,50.0,2026-04-24T07:19:41.967368+00:00
263,0.95,mound,bench_mark_on_mound,K-35-063-4_Skobelevo_4326_x2016_y2016.png,K-35-063-4_Skobelevo_4326,364871.47552186507,4658132.184380439,200.0,2026-04-24T07:13:55.201581+00:00
264,1.0,not_mound,not_mound,K-35-064-3_Dimitrovgrad_4326_x2352_y1008.png,K-35-064-3_Dimitrovgrad_4326,387810.507345555,4664203.327422328,50.0,2026-04-24T07:09:32.890755+00:00
265,0.15,not_mound,not_mound,K-35-064-3_Dimitrovgrad_4326_x672_y1680.png,K-35-064-3_Dimitrovgrad_4326,380119.77796217497,4659677.490959671,50.0,2026-04-24T07:33:33.689120+00:00
266,0.85,mound,burial_mound,K-35-064-3_Dimitrovgrad_4326_x4032_y1008.png,K-35-064-3_Dimitrovgrad_4326,396492.2142937911,4662802.316746469,50.0,2026-05-03T00:22:56.952891+00:00
267,0.2,not_mound,not_mound,K-35-064-3_Dimitrovgrad_4326_x2016_y672.png,K-35-064-3_Dimitrovgrad_4326,387361.6061393038,4665544.117472541,50.0,2026-04-24T07:23:27.116915+00:00
268,0.85,mound,burial_mound,K-35-064-4_Galabovo_4326_x0_y3360.png,K-35-064-4_Galabovo_4326,396602.6471274871,4651160.095470954,50.0,2026-04-24T07:17:12.591570+00:00
269,1.0,mound,bench_mark_on_mound,K-35-064-4_Galabovo_4326_x1008_y1344.png,K-35-064-4_Galabovo_4326,402442.7488019815,4660693.430250245,50.0,2026-04-24T07:09:34.365689+00:00
270,0.2,not_mound,not_mound,K-35-064-4_Galabovo_4326_x1680_y3360.png,K-35-064-4_Galabovo_4326,405549.9479889354,4651640.025036705,50.0,2026-04-24T07:23:29.029853+00:00
271,1.0,mound,burial_mound,K-35-064-4_Galabovo_4326_x0_y1008.png,K-35-064-4_Galabovo_4326,396586.40710913134,4662689.657356893,50.0,2026-04-24T07:09:35.535075+00:00
272,1.0,mound,burial_mound,K-35-064-4_Galabovo_4326_x2352_y3360.png,K-35-064-4_Galabovo_4326,409828.2127801005,4650528.339834765,50.0,2026-04-24T07:09:36.630884+00:00
273,0.85,mound,trig_point_on_mound,K-35-064-4_Galabovo_4326_x3024_y1344.png,K-35-064-4_Galabovo_4326,412181.9860138438,4661135.170673768,50.0,2026-04-24T07:17:13.864804+00:00
274,0.15,not_mound,not_mound,K-35-064-4_Galabovo_4326_x3024_y2688.png,K-35-064-4_Galabovo_4326,412247.974839073,4654210.210782511,50.0,2026-04-24T07:33:35.884101+00:00
275,0.3,not_mound,not_mound,K-35-064-4_Galabovo_4326_x3696_y1008.png,K-35-064-4_Galabovo_4326,414963.7846639825,4663321.459004155,50.0,2026-04-24T07:20:58.426066+00:00
276,0.2,not_mound,not_mound,K-35-064-3_Dimitrovgrad_4326_x672_y2688.png,K-35-064-3_Dimitrovgrad_4326,379909.41742334526,4655374.82010262,50.0,2026-04-24T07:23:30.304924+00:00
277,0.4,mound,trig_point_on_mound,K-35-064-4_Galabovo_4326_x672_y672.png,K-35-064-4_Galabovo_4326,400305.89080441126,4665621.473029998,200.0,2026-04-24T07:19:45.259190+00:00
278,0.85,not_mound,not_mound,K-35-065-1_Radetski_4326_x1008_y0.png,K-35-065-1_Radetski_4326,423967.2233799341,4685890.126327308,50.0,2026-04-24T07:17:15.144841+00:00
279,0.75,not_mound,not_mound,K-35-065-1_Radetski_4326_x1008_y336.png,K-35-065-1_Radetski_4326,423206.8970535683,4685497.967081982,50.0,2026-04-24T07:18:28.459874+00:00
280,0.4,not_mound,not_mound,K-35-065-1_Radetski_4326_x1344_y0.png,K-35-065-1_Radetski_4326,423946.90952284855,4685886.34885856,50.0,2026-04-24T07:19:46.621288+00:00
281,0.95,mound,settlement_mound,K-35-065-1_Radetski_4326_x1680_y1680.png,K-35-065-1_Radetski_4326,426758.7663616908,4678382.894379477,50.0,2026-04-24T07:13:58.179575+00:00
282,0.2,not_mound,not_mound,K-35-064-4_Galabovo_4326_x1680_y0.png,K-35-064-4_Galabovo_4326,405272.764194577,4667632.314318312,50.0,2026-04-24T07:23:31.539098+00:00
283,0.85,not_mound,not_mound,K-35-065-1_Radetski_4326_x1680_y0.png,K-35-065-1_Radetski_4326,426498.8183036123,4685722.432073592,50.0,2026-04-24T07:17:16.277699+00:00
284,0.3,not_mound,not_mound,K-35-065-1_Radetski_4326_x2016_y2352.png,K-35-065-1_Radetski_4326,428385.9188730425,4674094.512218593,50.0,2026-04-24T07:21:00.153473+00:00
285,0.2,not_mound,not_mound,K-35-065-1_Radetski_4326_x2688_y1680.png,K-35-065-1_Radetski_4326,431739.8073578583,4677262.052128627,50.0,2026-04-24T07:23:32.638007+00:00
286,0.35,not_mound,not_mound,K-35-065-1_Radetski_4326_x3024_y1344.png,K-35-065-1_Radetski_4326,432827.67630937207,4680066.678059234,50.0,2026-04-24T07:20:40.048615+00:00
287,0.85,not_mound,not_mound,K-35-065-1_Radetski_4326_x336_y1008.png,K-35-065-1_Radetski_4326,420049.8070462223,4682055.033648212,50.0,2026-04-24T07:17:17.459235+00:00
288,0.15,not_mound,not_mound,K-35-065-1_Radetski_4326_x336_y336.png,K-35-065-1_Radetski_4326,420419.159443158,4684180.45038922,50.0,2026-04-24T07:33:37.406095+00:00
289,1.0,not_mound,not_mound,K-35-065-1_Radetski_4326_x336_y1680.png,K-35-065-1_Radetski_4326,420239.0060748042,4678143.701715489,50.0,2026-04-24T07:09:39.420867+00:00
290,0.4,not_mound,not_mound,K-35-065-1_Radetski_4326_x2016_y672.png,K-35-065-1_Radetski_4326,428778.6442119071,4682549.709749467,50.0,2026-04-24T07:19:47.792975+00:00
291,0.95,mound,bench_mark_on_mound,K-35-065-2_GManastir_4326_x0_y1008.png,K-35-065-2_GManastir_4326,438111.9427891661,4680944.570820261,50.0,2026-04-24T07:13:59.656738+00:00
292,1.0,mound,burial_mound,K-35-065-1_Radetski_4326_x3696_y1344.png,K-35-065-1_Radetski_4326,436760.34271751647,4680126.224516988,50.0,2026-04-24T07:09:40.639829+00:00
293,0.75,not_mound,not_mound,K-35-065-1_Radetski_4326_x672_y1344.png,K-35-065-1_Radetski_4326,421236.6625542153,4679067.152827581,50.0,2026-04-24T07:18:29.805657+00:00
294,0.2,not_mound,not_mound,K-35-065-1_Radetski_4326_x3696_y3024.png,K-35-065-1_Radetski_4326,437373.8541753061,4671747.630614892,50.0,2026-04-24T07:23:33.726079+00:00
295,1.0,not_mound,not_mound,K-35-065-1_Radetski_4326_x2688_y672.png,K-35-065-1_Radetski_4326,431344.0809902721,4682703.264264451,50.0,2026-04-24T07:09:48.905600+00:00
296,0.2,not_mound,not_mound,K-35-065-1_Radetski_4326_x3360_y336.png,K-35-065-1_Radetski_4326,435788.068895794,4684038.378907438,50.0,2026-04-24T07:23:35.013350+00:00
297,0.4,not_mound,not_mound,K-35-065-1_Radetski_4326_x2688_y2352.png,K-35-065-1_Radetski_4326,431267.8182332832,4674707.615386704,50.0,2026-04-24T07:19:48.922090+00:00
298,0.4,mound,burial_mound,K-35-065-2_GManastir_4326_x1680_y2688.png,K-35-065-2_GManastir_4326,447636.83960636857,4673137.89754256,125.0,2026-04-24T07:19:52.848794+00:00
299,0.15,not_mound,not_mound,K-35-065-1_Radetski_4326_x336_y3360.png,K-35-065-1_Radetski_4326,419404.8294421242,4669847.294907447,50.0,2026-04-24T07:33:38.991504+00:00
300,0.95,mound,burial_mound,K-35-065-2_GManastir_4326_x2688_y1680.png,K-35-065-2_GManastir_4326,451567.4909682188,4677749.972065454,50.0,2026-04-24T07:14:01.024433+00:00
301,0.15,not_mound,not_mound,K-35-065-2_GManastir_4326_x2352_y2688.png,K-35-065-2_GManastir_4326,450971.9735445005,4672590.55338012,50.0,2026-04-24T07:33:40.339187+00:00
302,0.2,not_mound,not_mound,K-35-064-1_Sredets_4326_x2688_y0.png,K-35-064-1_Sredets_4326,389524.3074227216,4686307.264357909,50.0,2026-04-24T07:23:36.438084+00:00
303,0.2,mound,burial_mound,K-35-065-3_Glavan_4326_x0_y2016.png,K-35-065-3_Glavan_4326,418501.2724968621,4658038.54397042,100.0,2026-04-24T07:23:39.992701+00:00
304,0.2,not_mound,not_mound,K-35-065-2_GManastir_4326_x3024_y1008.png,K-35-065-2_GManastir_4326,454200.2927960191,4681282.91605135,50.0,2026-04-24T07:23:41.418153+00:00
305,1.0,not_mound,not_mound,K-35-065-3_Glavan_4326_x2016_y336.png,K-35-065-3_Glavan_4326,428830.9808724509,4667003.104719859,50.0,2026-04-24T07:09:52.949308+00:00
306,0.95,mound,burial_mound,K-35-065-3_Glavan_4326_x2352_y1008.png,K-35-065-3_Glavan_4326,428981.4883383527,4663286.277721455,50.0,2026-04-24T07:14:02.131013+00:00
307,0.85,mound,burial_mound,K-35-065-3_Glavan_4326_x3024_y336.png,K-35-065-3_Glavan_4326,433208.5245736612,4665522.511577818,75.0,2026-04-24T07:17:21.978363+00:00
308,0.15,not_mound,not_mound,K-35-065-3_Glavan_4326_x1344_y1008.png,K-35-065-3_Glavan_4326,425251.9909596043,4662130.371463489,50.0,2026-04-24T07:33:41.476145+00:00
309,0.2,not_mound,not_mound,K-35-065-3_Glavan_4326_x336_y2352.png,K-35-065-3_Glavan_4326,418854.88450338616,4655850.974600659,50.0,2026-04-24T07:23:42.900818+00:00
310,0.4,not_mound,not_mound,K-35-065-3_Glavan_4326_x3360_y1680.png,K-35-065-3_Glavan_4326,434884.5110560564,4659570.343965232,50.0,2026-04-24T07:19:54.888253+00:00
311,1.0,mound,burial_mound,K-35-065-3_Glavan_4326_x3360_y2352.png,K-35-065-3_Glavan_4326,435099.2198010619,4655871.05012432,50.0,2026-04-24T07:09:54.903072+00:00
312,0.35,mound,burial_mound,K-35-065-3_Glavan_4326_x3360_y2688.png,K-35-065-3_Glavan_4326,434292.3769345687,4655091.328310406,50.0,2026-04-24T07:20:41.265167+00:00
313,0.95,mound,trig_point_on_mound,K-35-065-3_Glavan_4326_x3360_y2688.png,K-35-065-3_Glavan_4326,434783.5353729999,4655174.286637764,50.0,2026-04-24T07:14:03.481159+00:00
314,0.65,not_mound,not_mound,K-35-065-3_Glavan_4326_x2688_y2688.png,K-35-065-3_Glavan_4326,431379.5693765373,4653702.185959713,50.0,2026-04-24T07:18:56.126126+00:00
315,0.85,mound,bench_mark_on_mound,K-35-065-3_Glavan_4326_x672_y2016.png,K-35-065-3_Glavan_4326,420561.3754796316,4656903.761861352,50.0,2026-04-24T07:17:23.543706+00:00
316,0.95,mound,burial_mound,K-35-065-4_x336_y3024.png,K-35-065-4,440984.5030239015,4653204.693385618,200.0,2026-04-24T07:14:08.100112+00:00
317,0.15,not_mound,not_mound,K-35-065-4_x672_y2688.png,K-35-065-4,441935.9361471509,4653392.368545839,50.0,2026-04-24T07:33:42.786649+00:00
318,0.2,not_mound,not_mound,K-35-065-4_x4032_y1008.png,K-35-065-4,458413.2536961063,4662391.293164186,50.0,2026-04-24T07:23:44.245079+00:00
319,0.2,mound,bench_mark_on_mound,K-35-066-1_x0_y3360.png,K-35-066-1,460223.6753734264,4668697.565592001,100.0,2026-04-24T07:23:53.727515+00:00
320,0.3,not_mound,not_mound,K-35-065-4_x336_y2688.png,K-35-065-4,441313.24431467615,4653224.058868949,50.0,2026-04-24T07:21:01.235569+00:00
321,0.15,not_mound,not_mound,K-35-065-4_x672_y2352.png,K-35-065-4,442290.9396487019,4655375.934732614,50.0,2026-04-24T07:33:44.105698+00:00
322,0.2,mound,burial_mound,K-35-066-1_x1008_y336.png,K-35-066-1,463951.577220375,4684099.629549613,100.0,2026-04-24T07:23:57.510384+00:00
323,0.95,mound,bench_mark_on_mound,K-35-066-1_x1008_y1680.png,K-35-066-1,464758.0223368401,4678016.011820737,50.0,2026-04-24T07:14:09.343543+00:00
324,0.15,not_mound,not_mound,K-35-066-1_x1008_y0.png,K-35-066-1,463990.8071896469,4685993.18531289,50.0,2026-04-24T07:33:45.135283+00:00
325,0.85,mound,burial_mound,K-35-066-1_x2352_y1344.png,K-35-066-1,472048.5506763278,4678888.512730005,50.0,2026-04-24T07:17:25.209085+00:00
326,1.0,mound,burial_mound,K-35-066-1_x2688_y1344.png,K-35-066-1,472830.5969812005,4679673.022582992,75.0,2026-04-24T07:09:57.788870+00:00
327,0.95,not_mound,not_mound,K-35-066-1_x3024_y2352.png,K-35-066-1,474535.621129884,4673946.43540257,50.0,2026-04-24T07:14:11.403865+00:00
328,1.0,mound,burial_mound,K-35-066-1_x1680_y672.png,K-35-066-1,468883.0658312381,4681732.029616856,200.0,2026-04-24T07:10:01.103370+00:00
329,0.95,mound,bench_mark_on_mound,K-35-065-4_x1680_y2352.png,K-35-065-4,448001.5990013415,4655459.932047014,200.0,2026-04-24T07:14:14.062408+00:00
330,1.0,mound,burial_mound,K-35-066-1_x3360_y2016.png,K-35-066-1,476002.66837481176,4674951.91693765,50.0,2026-04-24T07:10:02.413860+00:00
331,0.95,mound,bench_mark_on_mound,K-35-066-1_x3360_y1680.png,K-35-066-1,477268.2642779895,4677249.79710649,50.0,2026-04-24T07:14:15.764181+00:00
332,0.4,not_mound,not_mound,K-35-066-1_x1680_y0.png,K-35-066-1,468818.4757220879,4686693.240316002,50.0,2026-04-24T07:19:56.150996+00:00
333,0.2,not_mound,not_mound,K-35-066-1_x1008_y1008.png,K-35-066-1,463701.6852375631,4680704.715030784,50.0,2026-04-24T07:23:58.865415+00:00
334,0.2,not_mound,not_mound,K-35-066-2_x1008_y3024.png,K-35-066-2,485259.9617352889,4670457.114889549,50.0,2026-04-24T07:24:01.092665+00:00
335,1.0,mound,bench_mark_on_mound,K-35-066-1_x3696_y2688.png,K-35-066-1,478228.48959598,4671660.953159256,200.0,2026-04-24T07:10:06.155481+00:00
336,0.2,mound,burial_mound,K-35-066-2_x1680_y336.png,K-35-066-2,488609.0220775832,4684368.461945772,150.0,2026-04-24T07:24:04.491007+00:00
337,0.2,not_mound,not_mound,K-35-066-1_x672_y1680.png,K-35-066-1,463010.2628100753,4677523.770857617,50.0,2026-04-24T07:24:06.823364+00:00
338,0.15,not_mound,not_mound,K-35-066-1_x672_y1680.png,K-35-066-1,462998.3117213226,4677416.127775809,50.0,2026-04-24T07:33:47.209545+00:00
339,0.95,mound,burial_mound,K-35-066-2_x2016_y1344.png,K-35-066-2,490149.63060012745,4678187.053548494,100.0,2026-04-24T07:14:22.274063+00:00
340,0.15,mound,burial_mound,K-35-066-1_x3696_y672.png,K-35-066-1,478807.1799281787,4682092.009023982,75.0,2026-04-24T07:33:55.697047+00:00
341,0.85,mound,bench_mark_on_mound,K-35-066-2_x3360_y1344.png,K-35-066-2,497914.2418022484,4679156.004143384,50.0,2026-04-24T07:17:26.443001+00:00
342,0.4,not_mound,not_mound,K-35-066-3_x0_y0.png,K-35-066-3,460373.0563130751,4667646.3241803255,50.0,2026-04-24T07:19:57.169127+00:00
343,0.75,mound,burial_mound,K-35-066-3_x2352_y672.png,K-35-066-3,471013.0567938497,4663667.631000503,75.0,2026-04-24T07:18:34.038248+00:00
344,0.85,mound,bench_mark_on_mound,K-35-066-3_x0_y2688.png,K-35-066-3,458802.0555012611,4653952.391023156,50.0,2026-04-24T07:17:27.558183+00:00
345,0.95,mound,bench_mark_on_mound,K-35-066-2_x672_y2016.png,K-35-066-2,484178.2310907504,4674946.8793274,200.0,2026-04-24T07:14:26.033479+00:00
346,0.2,not_mound,not_mound,K-35-066-3_x1680_y2016.png,K-35-066-3,467983.8459318578,4656479.993340618,50.0,2026-04-24T07:24:08.346130+00:00
347,1.0,mound,burial_mound,K-35-066-4_x1680_y0.png,K-35-066-4,488511.695400468,4667447.854158009,75.0,2026-04-24T07:10:10.164532+00:00
348,0.2,not_mound,not_mound,K-35-066-4_x1680_y2016.png,K-35-066-4,489180.6866739389,4656384.973103474,50.0,2026-04-24T07:24:09.462478+00:00
349,0.95,mound,bench_mark_on_mound,K-35-066-3_x2352_y1008.png,K-35-066-3,471765.2877252961,4662232.477529847,50.0,2026-04-24T07:14:27.538753+00:00
350,1.0,mound,burial_mound,K-35-066-3_x3024_y672.png,K-35-066-3,475138.909735809,4664354.513716782,200.0,2026-04-24T07:10:14.003835+00:00
351,1.0,not_mound,not_mound,K-35-066-3_x3024_y672.png,K-35-066-3,475397.71137517545,4664030.612362674,50.0,2026-04-24T07:10:15.767044+00:00
352,0.15,not_mound,not_mound,K-35-066-4_x2688_y1008.png,K-35-066-4,493473.377486477,4662325.846667882,50.0,2026-04-24T07:33:57.045822+00:00
353,1.0,not_mound,not_mound,K-35-066-4_x2688_y0.png,K-35-066-4,494344.960891259,4667564.675626693,50.0,2026-04-24T07:10:17.670613+00:00
354,0.95,mound,burial_mound,K-35-066-2_x1008_y1680.png,K-35-066-2,486076.8062507189,4676591.163768969,200.0,2026-04-24T07:14:30.461766+00:00
355,0.15,not_mound,not_mound,K-35-066-4_x336_y3024.png,K-35-066-4,481404.9944832083,4652088.708927815,50.0,2026-04-24T07:33:58.402911+00:00
356,1.0,mound,burial_mound,K-35-066-3_x672_y672.png,K-35-066-3,463737.8940983589,4664388.995932738,50.0,2026-04-24T07:10:19.218922+00:00
357,0.95,mound,bench_mark_on_mound,K-35-066-1_x3360_y3696.png,K-35-066-1,476953.8682063625,4668298.022882192,50.0,2026-04-24T07:14:36.196410+00:00
358,0.85,mound,bench_mark_on_mound,K-35-066-2_x3360_y2016.png,K-35-066-2,496663.9833479584,4674898.013031779,200.0,2026-04-24T07:17:30.782737+00:00
359,1.0,mound,burial_mound,K-35-067-1_x0_y0.png,K-35-067-1,500424.2483717755,4685908.2756033335,50.0,2026-04-24T07:10:20.098181+00:00
360,0.15,mound,burial_mound,K-35-067-1_x2352_y672.png,K-35-067-1,512153.2551182226,4682726.75444922,50.0,2026-04-24T07:34:01.739914+00:00
361,1.0,mound,burial_mound,K-35-067-1_x336_y0.png,K-35-067-1,502337.4697837158,4685585.873209022,50.0,2026-04-24T07:10:21.044103+00:00
362,0.2,not_mound,not_mound,K-35-067-1_x672_y3024.png,K-35-067-1,504508.4276884169,4671034.719622457,50.0,2026-04-24T07:24:10.824720+00:00
363,0.2,not_mound,not_mound,K-35-067-1_x3696_y2016.png,K-35-067-1,519358.8825891405,4675375.321403862,50.0,2026-04-24T07:24:12.244159+00:00
364,0.95,mound,burial_mound,K-35-067-1_x336_y672.png,K-35-067-1,502663.0891545942,4681942.159727911,50.0,2026-04-24T07:14:37.435160+00:00
365,0.85,mound,burial_mound,K-35-067-2_x3024_y1680.png,K-35-067-2,537024.4722273634,4678024.176067274,50.0,2026-04-24T07:17:32.622586+00:00
366,1.0,mound,burial_mound,K-35-067-2_x1344_y3360.png,K-35-067-2,528165.7286629648,4669568.305292585,50.0,2026-04-24T07:10:22.920512+00:00
367,0.95,mound,burial_mound,K-35-067-2_x2352_y3024.png,K-35-067-2,532851.4243788247,4670110.454781097,50.0,2026-04-24T07:14:38.490637+00:00
368,0.2,mound,burial_mound,K-35-067-2_x2352_y1680.png,K-35-067-2,533428.5907884849,4677201.805647407,50.0,2026-04-24T07:24:16.070396+00:00
369,1.0,not_mound,not_mound,K-35-067-3_x1008_y1680.png,K-35-067-3,506524.7205320041,4659639.895953834,50.0,2026-04-24T07:10:26.617444+00:00
370,0.4,mound,burial_mound,K-35-067-3_x0_y2352.png,K-35-067-3,501266.599456892,4656332.181735454,50.0,2026-04-24T07:19:59.441492+00:00
371,1.0,mound,burial_mound,K-35-067-3_x1680_y672.png,K-35-067-3,510032.87831832346,4664529.6015602825,50.0,2026-04-24T07:10:27.717551+00:00
372,0.4,not_mound,not_mound,K-35-066-4_x2688_y2352.png,K-35-066-4,493687.4481347521,4655880.659840032,50.0,2026-04-24T07:20:00.779780+00:00
373,0.15,not_mound,not_mound,K-35-066-4_x2352_y3360.png,K-35-066-4,491609.896531247,4650747.918601782,50.0,2026-04-24T07:34:03.679756+00:00
374,1.0,not_mound,not_mound,K-35-066-4_x3024_y336.png,K-35-066-4,495573.3630244167,4664926.348558785,50.0,2026-04-24T07:10:29.020041+00:00
375,0.95,mound,burial_mound,K-35-067-3_x3360_y0.png,K-35-067-3,516787.37647375104,4666770.74189507,75.0,2026-04-24T07:14:50.811166+00:00
376,0.15,not_mound,not_mound,K-35-067-3_x2352_y2016.png,K-35-067-3,512786.9906550533,4657747.712817986,50.0,2026-04-24T07:34:05.439746+00:00
377,1.0,mound,burial_mound,K-35-067-3_x336_y1008.png,K-35-067-3,502327.5937977503,4661840.785082137,50.0,2026-04-24T07:10:30.087109+00:00
378,1.0,not_mound,not_mound,K-35-067-3_x336_y336.png,K-35-067-3,503461.9361799026,4664835.873882236,50.0,2026-04-24T07:10:32.038450+00:00
379,0.4,not_mound,not_mound,K-35-067-1_x336_y2352.png,K-35-067-1,502906.09179934114,4674042.533616149,50.0,2026-04-24T07:20:02.253835+00:00
380,0.15,not_mound,not_mound,K-35-067-3_x2016_y3024.png,K-35-067-3,511690.0393141893,4651493.602475652,50.0,2026-04-24T07:34:06.966455+00:00
381,1.0,not_mound,not_mound,K-35-067-4_x1008_y3360.png,K-35-067-4,526902.1389948106,4649963.820854079,50.0,2026-04-24T07:10:33.963846+00:00
382,0.15,not_mound,not_mound,K-35-067-3_x3696_y336.png,K-35-067-3,519237.2232809626,4665131.827970232,50.0,2026-04-24T07:34:08.246912+00:00
383,1.0,mound,burial_mound,K-35-067-4_x1680_y2016.png,K-35-067-4,530792.5703265485,4657524.708227453,50.0,2026-04-24T07:10:35.224206+00:00
384,0.2,mound,bench_mark_on_mound,K-35-067-4_x3360_y1344.png,K-35-067-4,538148.1005075115,4660655.291316852,50.0,2026-04-24T07:24:17.515966+00:00
385,1.0,mound,burial_mound,K-35-067-4_x2016_y2016.png,K-35-067-4,530973.9755533587,4657453.884171,50.0,2026-04-24T07:10:36.616897+00:00
386,0.2,mound,burial_mound,K-35-067-4_x3024_y0.png,K-35-067-4,536786.7229324138,4667694.336684181,200.0,2026-04-24T07:24:20.858523+00:00
387,1.0,not_mound,not_mound,K-35-067-4_x2688_y2352.png,K-35-067-4,534523.3723945109,4654841.833185059,50.0,2026-04-24T07:10:38.290851+00:00
388,0.2,not_mound,not_mound,K-35-074-1_x2352_y1680.png,K-35-074-1,305095.7582708697,4643567.387263443,50.0,2026-04-24T07:24:22.112012+00:00
389,0.75,mound,burial_mound,K-35-074-1_x2352_y3024.png,K-35-074-1,305373.51264923153,4635748.711786588,200.0,2026-04-24T07:18:36.730748+00:00
390,0.4,not_mound,not_mound,K-35-074-1_x1344_y672.png,K-35-074-1,299855.0922221486,4647689.471003083,50.0,2026-04-24T07:20:03.592760+00:00
391,0.15,not_mound,not_mound,K-35-074-1_x1344_y1008.png,K-35-074-1,300439.08915658965,4647233.524458845,50.0,2026-04-24T07:34:09.597586+00:00
392,0.2,not_mound,not_mound,K-35-074-1_x1344_y1008.png,K-35-074-1,299846.4244283672,4646384.420349565,50.0,2026-04-24T07:24:23.148098+00:00
393,0.2,not_mound,not_mound,K-35-067-4_x336_y3360.png,K-35-067-4,523342.47499020654,4650422.311064674,50.0,2026-04-24T07:24:24.534757+00:00
394,0.2,not_mound,not_mound,K-35-074-1_x2688_y336.png,K-35-074-1,306098.6188333996,4650316.431077309,50.0,2026-04-24T07:24:26.336642+00:00
395,0.15,not_mound,not_mound,K-35-074-1_x2352_y2016.png,K-35-074-1,305461.2928036189,4641600.20875268,50.0,2026-04-24T07:34:10.816244+00:00
396,0.4,not_mound,not_mound,K-35-074-1_x672_y2688.png,K-35-074-1,296576.9050437178,4637939.505088117,50.0,2026-04-24T07:20:05.287993+00:00
397,0.75,not_mound,not_mound,K-35-074-1_x0_y2688.png,K-35-074-1,293393.5897975819,4638211.305986725,50.0,2026-04-24T07:18:38.399625+00:00
398,0.85,not_mound,not_mound,K-35-074-2_x0_y3360.png,K-35-074-2,314522.78939880827,4633506.687281493,50.0,2026-04-24T07:17:34.658722+00:00
399,0.65,not_mound,not_mound,K-35-074-2_x1680_y1680.png,K-35-074-2,322505.9948618846,4642697.550833932,50.0,2026-04-24T07:18:57.778436+00:00
400,0.2,not_mound,not_mound,K-35-067-3_x3024_y1344.png,K-35-067-3,515388.89514481806,4660542.328544445,50.0,2026-04-24T07:24:27.615725+00:00
401,0.85,not_mound,not_mound,K-35-074-2_x2016_y336.png,K-35-074-2,323767.4400172351,4648925.568840511,50.0,2026-04-24T07:17:36.628306+00:00
402,0.2,not_mound,not_mound,K-35-074-2_x2352_y3360.png,K-35-074-2,325852.6596790181,4634259.307382614,50.0,2026-04-24T07:24:29.055607+00:00
403,0.2,not_mound,not_mound,K-35-074-2_x336_y1344.png,K-35-074-2,315573.6118853407,4644752.462457381,50.0,2026-04-24T07:24:30.203465+00:00
404,0.15,not_mound,not_mound,K-35-074-2_x336_y1008.png,K-35-074-2,315053.5879394817,4645606.987441229,50.0,2026-04-24T07:34:12.254381+00:00
405,0.2,not_mound,not_mound,K-35-074-2_x3696_y672.png,K-35-074-2,332515.0546843835,4647678.703944648,50.0,2026-04-24T07:24:31.258443+00:00
406,0.95,mound,burial_mound,K-35-074-3_x2016_y1344.png,K-35-074-3,302474.3197147476,4625869.281071663,50.0,2026-04-24T07:14:52.054890+00:00
407,1.0,mound,burial_mound,K-35-067-1_x2352_y2016.png,K-35-067-1,512392.1360134609,4675482.846088789,150.0,2026-04-24T07:10:45.685291+00:00
408,0.2,not_mound,not_mound,K-35-074-3_x4032_y672.png,K-35-074-3,312454.8351131419,4629891.984950014,50.0,2026-04-24T07:24:32.893747+00:00
409,0.95,mound,bench_mark_on_mound,K-35-074-4_x336_y336.png,K-35-074-4,315076.1217072619,4630203.366448792,200.0,2026-04-24T07:14:55.633300+00:00
410,1.0,mound,bench_mark_on_mound,K-35-075-1_x0_y0.png,K-35-075-1,335593.6353135117,4649843.737994328,50.0,2026-04-24T07:10:47.208012+00:00
411,0.85,not_mound,not_mound,K-35-075-1_x1344_y0.png,K-35-075-1,342397.4774855649,4651595.379841796,50.0,2026-04-24T07:17:38.488563+00:00
412,0.2,not_mound,not_mound,K-35-074-4_x4032_y1008.png,K-35-074-4,333607.53687012964,4626770.691655499,50.0,2026-04-24T07:24:34.155927+00:00
413,1.0,not_mound,not_mound,K-35-075-1_x1344_y336.png,K-35-075-1,341583.2649219464,4649061.332080756,50.0,2026-04-24T07:10:48.779702+00:00
414,0.95,mound,bench_mark_on_mound,K-35-075-1_x1344_y0.png,K-35-075-1,342401.8562198295,4651408.428711348,50.0,2026-04-24T07:14:57.339607+00:00
415,0.2,mound,burial_mound,K-35-075-1_x2688_y1008.png,K-35-075-1,347874.5506342827,4645355.02869791,50.0,2026-04-24T07:24:35.535845+00:00
416,0.85,mound,burial_mound,K-35-075-1_x1680_y1344.png,K-35-075-1,343225.42301674385,4643219.809326308,200.0,2026-04-24T07:17:41.860851+00:00
417,1.0,mound,burial_mound,K-35-075-1_x0_y336.png,K-35-075-1,335484.8840453812,4649675.728183168,100.0,2026-04-24T07:10:53.954754+00:00
418,0.2,not_mound,not_mound,K-35-075-1_x3024_y3360.png,K-35-075-1,350010.62067924463,4633690.179551805,50.0,2026-04-24T07:24:37.127531+00:00
419,0.95,mound,bench_mark_on_mound,K-35-075-1_x3024_y0.png,K-35-075-1,350144.24830333295,4651156.116783231,50.0,2026-04-24T07:14:58.323367+00:00
420,1.0,mound,burial_mound,K-35-075-1_x2352_y0.png,K-35-075-1,345834.73588296736,4651130.988073503,50.0,2026-04-24T07:10:55.322003+00:00
421,0.4,not_mound,not_mound,K-35-075-1_x3024_y1008.png,K-35-075-1,349344.5733524005,4644936.680104667,50.0,2026-04-24T07:20:07.002908+00:00
422,1.0,mound,burial_mound,K-35-075-1_x672_y1008.png,K-35-075-1,338316.0298181664,4644686.67250203,50.0,2026-04-24T07:10:56.393457+00:00
423,0.2,not_mound,not_mound,K-35-075-1_x3696_y2352.png,K-35-075-1,353507.4512697825,4639064.560085551,50.0,2026-04-24T07:24:38.824697+00:00
424,0.95,mound,bench_mark_on_mound,K-35-075-2_x3024_y0.png,K-35-075-2,370792.9967120653,4650578.364256436,50.0,2026-04-24T07:14:59.348430+00:00
425,0.4,not_mound,not_mound,K-35-075-2_x2688_y2352.png,K-35-075-2,369065.1602650408,4637698.511763325,50.0,2026-04-24T07:20:08.364755+00:00
426,0.2,mound,burial_mound,K-35-075-2_x2352_y672.png,K-35-075-2,367623.11982325953,4646310.815436282,50.0,2026-04-24T07:24:40.125946+00:00
427,0.4,mound,burial_mound,K-35-075-2_x1344_y1680.png,K-35-075-2,362140.60460726905,4641977.833464925,50.0,2026-04-24T07:20:09.847077+00:00
428,0.9,not_mound,not_mound,K-35-075-2_x1680_y1008.png,K-35-075-2,364841.3109767234,4645509.850721525,50.0,2026-04-24T07:16:12.227245+00:00
429,0.95,mound,bench_mark_on_mound,K-35-075-2_x4032_y2016.png,K-35-075-2,374879.654745811,4639432.860371365,50.0,2026-04-24T07:15:00.459929+00:00
430,1.0,mound,burial_mound,K-35-075-2_x3024_y672.png,K-35-075-2,369941.21484464407,4647388.670450493,50.0,2026-04-24T07:10:57.724764+00:00
431,0.95,not_mound,not_mound,K-35-075-2_x4032_y1008.png,K-35-075-2,375425.3758891112,4644789.529832052,50.0,2026-04-24T07:15:05.761177+00:00
432,0.85,mound,burial_mound,K-35-075-2_x2016_y0.png,K-35-075-2,366330.4950500841,4649722.853699111,100.0,2026-04-24T07:17:50.617378+00:00
433,0.35,not_mound,not_mound,K-35-075-2_x3696_y3024.png,K-35-075-2,374257.1399232036,4634779.31059083,50.0,2026-04-24T07:20:42.705520+00:00
434,0.2,not_mound,not_mound,K-35-075-3_x2016_y1008.png,K-35-075-3,345403.893805318,4626876.176534734,50.0,2026-04-24T07:24:41.590949+00:00
435,0.2,not_mound,not_mound,K-35-075-3_x2352_y0.png,K-35-075-3,346977.86809408537,4631498.42384596,50.0,2026-04-24T07:24:42.782741+00:00
436,0.2,not_mound,not_mound,K-35-075-3_x2352_y3024.png,K-35-075-3,346777.852148496,4616314.970612796,50.0,2026-04-24T07:24:43.828491+00:00
437,0.15,not_mound,not_mound,K-35-075-3_x1680_y1008.png,K-35-075-3,342478.579864978,4626881.646098151,50.0,2026-04-24T07:34:13.517620+00:00
438,0.75,not_mound,not_mound,K-35-075-3_x0_y3024.png,K-35-075-3,333506.7303924754,4617339.250667607,50.0,2026-04-24T07:18:40.120537+00:00
439,0.15,not_mound,not_mound,K-35-075-3_x1008_y3360.png,K-35-075-3,339497.14452589804,4615539.401866845,50.0,2026-04-24T07:34:15.108388+00:00
440,0.2,not_mound,not_mound,K-35-075-3_x1008_y3360.png,K-35-075-3,339603.0458663182,4615366.515793196,50.0,2026-04-24T07:24:45.003933+00:00
441,0.15,not_mound,not_mound,K-35-075-3_x1008_y3360.png,K-35-075-3,339276.9210037614,4614694.973875825,50.0,2026-04-24T07:34:16.382815+00:00
442,0.2,not_mound,not_mound,K-35-075-3_x2016_y3360.png,K-35-075-3,344762.6694925886,4614647.340558526,50.0,2026-04-24T07:24:46.025801+00:00
443,0.15,not_mound,not_mound,K-35-075-3_x3024_y3696.png,K-35-075-3,349454.5384931695,4614364.819631167,50.0,2026-04-24T07:34:17.411819+00:00
444,0.3,not_mound,not_mound,K-35-075-3_x1344_y2688.png,K-35-075-3,341787.4148161167,4618355.913003225,50.0,2026-04-24T07:21:02.470951+00:00
445,1.0,mound,burial_mound,K-35-075-1_x0_y672.png,K-35-075-1,334395.2237067289,4647094.328166242,50.0,2026-04-24T07:10:58.644025+00:00
446,0.2,not_mound,not_mound,K-35-075-3_x1680_y672.png,K-35-075-3,342382.70866131235,4628313.433085957,50.0,2026-04-24T07:24:47.019109+00:00
447,0.7,not_mound,not_mound,K-35-075-3_x1680_y2016.png,K-35-075-3,343395.1181308349,4621708.075902153,50.0,2026-04-24T07:18:48.425069+00:00
448,0.85,mound,burial_mound,K-35-075-3_x3696_y1008.png,K-35-075-3,353866.6764627766,4627754.185704854,50.0,2026-04-24T07:17:51.893206+00:00
449,0.35,not_mound,not_mound,K-35-075-3_x4032_y1008.png,K-35-075-3,354252.93164245423,4627364.521942928,50.0,2026-04-24T07:20:43.904126+00:00
450,0.2,not_mound,not_mound,K-35-075-3_x336_y2016.png,K-35-075-3,336374.09200973355,4622571.701970314,50.0,2026-04-24T07:24:48.006710+00:00
451,0.2,not_mound,not_mound,K-35-075-4_x1008_y1680.png,K-35-075-4,360379.1196507211,4622849.915282974,50.0,2026-04-24T07:24:49.105655+00:00
452,0.2,mound,burial_mound,K-35-075-4_x0_y672.png,K-35-075-4,356020.784323497,4628984.697399781,200.0,2026-04-24T07:24:52.069520+00:00
453,0.2,not_mound,not_mound,K-35-075-4_x1680_y3024.png,K-35-075-4,364048.97200981225,4616883.36733393,50.0,2026-04-24T07:24:53.811977+00:00
454,0.15,not_mound,not_mound,K-35-075-3_x3696_y2352.png,K-35-075-3,353167.8090668577,4620172.188132794,50.0,2026-04-24T07:34:18.677744+00:00
455,0.2,not_mound,not_mound,K-35-075-3_x3696_y2352.png,K-35-075-3,353156.1943788493,4620076.567556972,50.0,2026-04-24T07:24:54.949986+00:00
456,0.2,not_mound,not_mound,K-35-075-3_x672_y1008.png,K-35-075-3,338195.0264275897,4627613.249611656,50.0,2026-04-24T07:24:56.148672+00:00
457,1.0,not_mound,not_mound,K-35-075-4_x1008_y336.png,K-35-075-4,359658.1621732046,4629229.606151807,50.0,2026-04-24T07:11:00.706783+00:00
458,0.2,not_mound,not_mound,K-35-075-4_x3024_y0.png,K-35-075-4,370094.5770048373,4631129.227997467,50.0,2026-04-24T07:24:57.311224+00:00
459,0.2,not_mound,not_mound,K-35-075-4_x3024_y1008.png,K-35-075-4,370688.4594415155,4626822.625004561,50.0,2026-04-24T07:24:59.095335+00:00
460,0.4,not_mound,not_mound,K-35-075-4_x1680_y672.png,K-35-075-4,364256.11514061294,4627783.5293948455,50.0,2026-04-24T07:20:12.534240+00:00
461,0.15,not_mound,not_mound,K-35-075-4_x3360_y1344.png,K-35-075-4,372266.3692557368,4625141.153490701,50.0,2026-04-24T07:34:19.965692+00:00
462,0.15,not_mound,not_mound,K-35-075-3_x3696_y672.png,K-35-075-3,353035.0395228326,4628239.331920764,50.0,2026-04-24T07:34:21.194199+00:00
463,0.2,not_mound,not_mound,K-35-075-4_x1344_y2688.png,K-35-075-4,361787.9145063926,4618015.211438585,50.0,2026-04-24T07:25:02.645537+00:00
464,0.2,not_mound,not_mound,K-35-075-4_x3696_y336.png,K-35-075-4,373215.1729915572,4630011.198637606,50.0,2026-04-24T07:25:05.122337+00:00
465,0.95,mound,bench_mark_on_mound,K-35-076-1_x1680_y2352.png,K-35-076-1,385512.8678253532,4637587.392951504,50.0,2026-04-24T07:15:07.364593+00:00
466,1.0,mound,burial_mound,K-35-076-1_x2016_y0.png,K-35-076-1,386891.01625862665,4650407.811130104,50.0,2026-04-24T07:11:01.720678+00:00
467,1.0,mound,burial_mound,K-35-076-1_x2352_y3024.png,K-35-076-1,387873.4395277759,4633835.850714583,100.0,2026-04-24T07:11:05.281530+00:00
468,0.3,mound,settlement_mound,K-35-076-1_x1680_y336.png,K-35-076-1,384992.0680035679,4648528.768493742,50.0,2026-04-24T07:21:06.618413+00:00
469,0.4,not_mound,not_mound,K-35-076-1_x1680_y336.png,K-35-076-1,384666.6499384957,4648370.901832165,50.0,2026-04-24T07:20:14.391175+00:00
470,0.15,mound,burial_mound,K-35-076-1_x3360_y0.png,K-35-076-1,393262.5902239322,4649311.969497568,200.0,2026-04-24T07:34:28.123575+00:00
471,0.15,not_mound,not_mound,K-35-075-4_x4032_y336.png,K-35-075-4,374841.5236013551,4630197.511200789,50.0,2026-04-24T07:34:30.618057+00:00
472,0.15,not_mound,not_mound,K-35-076-1_x3360_y2688.png,K-35-076-1,393615.7053318986,4637230.046747269,50.0,2026-04-24T07:34:32.584996+00:00
473,0.95,mound,burial_mound,K-35-076-1_x4032_y336.png,K-35-076-1,395621.0538497139,4648285.479551218,125.0,2026-04-24T07:15:11.579517+00:00
474,1.0,mound,burial_mound,K-35-076-2_x0_y1008.png,K-35-076-2,396965.9551117,4643963.135339244,50.0,2026-04-24T07:11:06.638798+00:00
475,0.2,mound,burial_mound,K-35-076-2_x0_y1008.png,K-35-076-2,397254.46220018825,4643811.811228146,50.0,2026-04-24T07:25:06.452855+00:00
476,1.0,mound,burial_mound,K-35-076-2_x0_y336.png,K-35-076-2,396405.07846997294,4647533.91945438,50.0,2026-04-24T07:11:07.573825+00:00
477,1.0,mound,burial_mound,K-35-076-2_x0_y336.png,K-35-076-2,396362.34035789815,4647359.632062309,50.0,2026-04-24T07:11:08.461318+00:00
478,0.85,mound,burial_mound,K-35-076-2_x0_y336.png,K-35-076-2,397626.2822172043,4647321.409798507,50.0,2026-04-24T07:17:53.212297+00:00
479,0.95,mound,burial_mound,K-35-076-2_x0_y336.png,K-35-076-2,397324.6237339357,4647018.035828148,50.0,2026-04-24T07:15:12.849636+00:00
480,1.0,mound,burial_mound,K-35-076-2_x0_y336.png,K-35-076-2,397615.72880399285,4646968.965120778,50.0,2026-04-24T07:11:09.401891+00:00
481,0.2,mound,trig_point_on_mound,K-35-076-2_x1344_y1008.png,K-35-076-2,404615.50657518406,4643866.985467679,50.0,2026-04-24T07:25:08.229844+00:00
482,1.0,mound,burial_mound,K-35-076-2_x1008_y336.png,K-35-076-2,402702.8929418688,4647562.168038288,50.0,2026-04-24T07:11:10.304311+00:00
483,1.0,mound,burial_mound,K-35-076-2_x1344_y336.png,K-35-076-2,404639.8433788263,4648128.666860239,50.0,2026-04-24T07:11:11.447573+00:00
484,1.0,mound,burial_mound,K-35-076-2_x1344_y336.png,K-35-076-2,404565.3197081419,4647731.995487245,50.0,2026-04-24T07:11:12.574487+00:00
485,0.15,not_mound,not_mound,K-35-076-2_x1680_y2352.png,K-35-076-2,406279.9608457571,4638166.907653568,50.0,2026-04-24T07:34:34.527552+00:00
486,0.95,mound,bench_mark_on_mound,K-35-076-2_x1680_y336.png,K-35-076-2,405935.9509464805,4647134.568880631,50.0,2026-04-24T07:15:14.077852+00:00
487,1.0,mound,burial_mound,K-35-076-2_x1680_y1344.png,K-35-076-2,406156.8619585605,4643619.697734331,200.0,2026-04-24T07:11:15.907206+00:00
488,1.0,mound,burial_mound,K-35-076-2_x2352_y0.png,K-35-076-2,409723.788672084,4649762.542461862,50.0,2026-04-24T07:11:17.150996+00:00
489,1.0,mound,burial_mound,K-35-076-2_x2016_y0.png,K-35-076-2,407989.6792743055,4649422.47374778,50.0,2026-04-24T07:11:18.095865+00:00
490,0.2,mound,burial_mound,K-35-076-2_x2016_y0.png,K-35-076-2,408042.2584460754,4649075.317274856,50.0,2026-04-24T07:25:09.564844+00:00
491,0.95,mound,burial_mound,K-35-076-2_x2016_y0.png,K-35-076-2,407332.4443170554,4649451.9075670745,50.0,2026-04-24T07:15:15.113342+00:00
492,0.15,mound,burial_mound,K-35-076-2_x3024_y1008.png,K-35-076-2,412661.2518653747,4644812.921621911,50.0,2026-04-24T07:34:35.933158+00:00
493,0.95,mound,burial_mound,K-35-076-2_x3024_y1008.png,K-35-076-2,412593.8344384503,4644123.817892321,50.0,2026-04-24T07:15:16.412545+00:00
494,0.3,mound,burial_mound,K-35-076-1_x336_y0.png,K-35-076-1,377520.7433394854,4650638.111852852,50.0,2026-04-24T07:21:07.931438+00:00
495,0.95,mound,burial_mound,K-35-076-2_x2688_y0.png,K-35-076-2,409867.7491635264,4648803.027097865,50.0,2026-04-24T07:15:17.534947+00:00
496,0.95,mound,bench_mark_on_mound,K-35-076-2_x2688_y0.png,K-35-076-2,410334.192870308,4648619.105520303,50.0,2026-04-24T07:15:18.771114+00:00
497,0.95,mound,burial_mound,K-35-076-2_x0_y672.png,K-35-076-2,397554.539578995,4645944.81908584,50.0,2026-04-24T07:15:19.705315+00:00
498,1.0,mound,burial_mound,K-35-076-2_x3024_y336.png,K-35-076-2,411992.4932561708,4648560.140069131,50.0,2026-04-24T07:11:19.019341+00:00
499,0.95,mound,burial_mound,K-35-076-2_x3024_y336.png,K-35-076-2,411888.33144642017,4648098.4751722,50.0,2026-04-24T07:15:20.622912+00:00
500,0.95,mound,burial_mound,K-35-076-1_x3696_y1680.png,K-35-076-1,394953.6319324472,4641157.709559419,50.0,2026-04-24T07:15:21.558466+00:00
501,1.0,mound,burial_mound,K-35-076-2_x2688_y336.png,K-35-076-2,410341.965406926,4646906.088005613,50.0,2026-04-24T07:11:19.949704+00:00
502,0.75,mound,burial_mound,K-35-076-2_x3360_y336.png,K-35-076-2,413728.968815696,4648095.068560981,50.0,2026-04-24T07:18:41.292377+00:00
503,0.85,mound,burial_mound,K-35-076-2_x3360_y336.png,K-35-076-2,414536.12477008137,4648098.959535115,50.0,2026-04-24T07:17:57.534070+00:00
504,1.0,mound,trig_point_on_mound,K-35-076-2_x336_y1008.png,K-35-076-2,398103.4559119165,4643524.506428902,50.0,2026-04-24T07:11:21.811491+00:00
505,0.85,mound,bench_mark_on_mound,K-35-076-2_x336_y1344.png,K-35-076-2,399388.4638544621,4643473.880088038,50.0,2026-04-24T07:17:58.785498+00:00
506,1.0,mound,burial_mound,K-35-076-2_x3696_y1008.png,K-35-076-2,415398.8519861551,4644394.015533435,50.0,2026-04-24T07:11:23.018469+00:00
507,1.0,mound,bench_mark_on_mound,K-35-076-2_x3696_y1008.png,K-35-076-2,416480.533410989,4643915.493365218,50.0,2026-04-24T07:11:24.195862+00:00
508,0.95,mound,burial_mound,K-35-076-2_x3360_y0.png,K-35-076-2,413283.79770236975,4649973.972484571,50.0,2026-04-24T07:15:22.515658+00:00
509,1.0,mound,bench_mark_on_mound,K-35-076-2_x3360_y0.png,K-35-076-2,413693.46945482463,4649746.769322088,50.0,2026-04-24T07:11:25.234624+00:00
510,0.7,mound,burial_mound,K-35-076-2_x3360_y0.png,K-35-076-2,413913.9463714943,4649586.735946156,50.0,2026-04-24T07:18:49.618757+00:00
511,1.0,mound,burial_mound,K-35-076-2_x336_y672.png,K-35-076-2,398238.0261610669,4646793.1027365625,50.0,2026-04-24T07:11:26.332203+00:00
512,0.95,mound,trig_point_on_mound,K-35-076-2_x336_y672.png,K-35-076-2,398933.0574486366,4646327.41025531,50.0,2026-04-24T07:15:23.736755+00:00
513,1.0,mound,burial_mound,K-35-076-2_x336_y672.png,K-35-076-2,398142.5393752096,4646180.122808327,50.0,2026-04-24T07:11:27.267925+00:00
514,0.15,not_mound,not_mound,K-35-076-2_x3360_y2688.png,K-35-076-2,413602.6086901256,4636092.219574119,50.0,2026-04-24T07:34:37.155463+00:00
515,0.2,mound,bench_mark_on_mound,K-35-076-2_x672_y1008.png,K-35-076-2,399888.92089055193,4644012.745624119,50.0,2026-04-24T07:25:10.875111+00:00
516,0.95,mound,bench_mark_on_mound,K-35-076-2_x3696_y336.png,K-35-076-2,414916.0202752031,4648140.256161086,50.0,2026-04-24T07:15:24.986843+00:00
517,0.95,mound,burial_mound,K-35-076-2_x3696_y336.png,K-35-076-2,415321.15950322384,4648193.597819392,50.0,2026-04-24T07:15:26.191718+00:00
518,0.2,not_mound,not_mound,K-35-076-2_x4032_y1680.png,K-35-076-2,416655.5932951615,4640135.258329811,50.0,2026-04-24T07:25:12.716720+00:00
519,1.0,mound,burial_mound,K-35-076-2_x672_y1344.png,K-35-076-2,400606.7572537781,4643152.453109257,50.0,2026-04-24T07:11:28.238635+00:00
520,1.0,mound,burial_mound,K-35-076-2_x672_y1344.png,K-35-076-2,400677.854733806,4643101.485774373,50.0,2026-04-24T07:11:29.222246+00:00
521,1.0,mound,burial_mound,K-35-076-2_x672_y336.png,K-35-076-2,400503.80929159455,4648402.677259799,50.0,2026-04-24T07:11:30.140164+00:00
522,0.4,not_mound,not_mound,K-35-076-3_x3024_y1680.png,K-35-076-3,391222.110449948,4622921.100816908,50.0,2026-04-24T07:20:15.503729+00:00
523,0.2,not_mound,not_mound,K-35-076-3_x0_y672.png,K-35-076-3,376795.1655350125,4627641.84572791,50.0,2026-04-24T07:25:13.873819+00:00
524,0.2,not_mound,not_mound,K-35-076-3_x336_y1680.png,K-35-076-3,377858.4593989949,4623053.866300495,50.0,2026-04-24T07:25:15.351427+00:00
525,0.2,not_mound,not_mound,K-35-076-3_x3696_y1344.png,K-35-076-3,394981.1542586052,4624541.016066961,50.0,2026-04-24T07:25:16.632039+00:00
526,1.0,mound,burial_mound,K-35-076-1_x3360_y3024.png,K-35-076-1,393995.4554785328,4634567.306335055,150.0,2026-04-24T07:11:35.757166+00:00
527,0.95,mound,burial_mound,K-35-076-4_x1008_y3024.png,K-35-076-4,401640.64277239307,4615085.898268277,50.0,2026-04-24T07:15:27.401159+00:00
528,0.2,not_mound,not_mound,K-35-076-3_x2688_y336.png,K-35-076-3,389689.9853830472,4629971.983515199,50.0,2026-04-24T07:25:17.760544+00:00
529,0.95,mound,burial_mound,K-35-076-3_x336_y336.png,K-35-076-3,377934.6343451894,4629845.955239891,75.0,2026-04-24T07:15:31.379562+00:00
530,0.15,not_mound,not_mound,K-35-076-4_x1344_y3360.png,K-35-076-4,403431.8943154052,4614371.291389264,50.0,2026-04-24T07:34:38.563727+00:00
531,0.4,not_mound,not_mound,K-35-076-3_x4032_y336.png,K-35-076-3,395994.18664757366,4630308.428833857,50.0,2026-04-24T07:20:16.624874+00:00
532,1.0,mound,burial_mound,K-35-076-4_x1008_y336.png,K-35-076-4,401076.9124130074,4630120.55522359,100.0,2026-04-24T07:11:42.179621+00:00
533,1.0,mound,trig_point_on_mound,K-35-077-1_x0_y3024.png,K-35-077-1,418397.1958147748,4633967.951144432,50.0,2026-04-24T07:11:43.732429+00:00
534,0.4,mound,burial_mound,K-35-076-4_x336_y2688.png,K-35-076-4,399370.1086165564,4618124.133113501,50.0,2026-04-24T07:20:17.859616+00:00
535,0.2,not_mound,not_mound,K-35-076-4_x336_y2352.png,K-35-076-4,399297.7487651052,4618351.576973379,50.0,2026-04-24T07:25:19.010397+00:00
536,0.2,not_mound,not_mound,K-35-076-4_x336_y1344.png,K-35-076-4,398421.92783587833,4624150.819994329,50.0,2026-04-24T07:25:20.061707+00:00
537,0.95,mound,bench_mark_on_mound,K-35-077-1_x0_y2688.png,K-35-077-1,417280.64917649794,4636354.8117402615,50.0,2026-04-24T07:15:34.190851+00:00
538,0.95,mound,burial_mound,K-35-077-1_x2016_y1344.png,K-35-077-1,428431.2714012706,4642671.441085101,50.0,2026-04-24T07:15:35.164607+00:00
539,0.95,mound,bench_mark_on_mound,K-35-077-1_x3024_y1008.png,K-35-077-1,433116.2488818838,4644851.361370789,50.0,2026-04-24T07:15:36.292124+00:00
540,0.2,not_mound,not_mound,K-35-077-1_x1008_y672.png,K-35-077-1,422819.714548597,4645638.252693649,50.0,2026-04-24T07:25:21.167988+00:00
541,0.15,not_mound,not_mound,K-35-077-1_x1008_y672.png,K-35-077-1,423231.5327489445,4645206.941036254,50.0,2026-04-24T07:34:40.139713+00:00
542,0.4,not_mound,not_mound,K-35-077-1_x1008_y672.png,K-35-077-1,423392.6249831285,4645210.975762818,50.0,2026-04-24T07:20:19.341911+00:00
543,0.95,mound,burial_mound,K-35-077-1_x3696_y2688.png,K-35-077-1,436542.8427408616,4635114.842124288,50.0,2026-04-24T07:15:37.254268+00:00
544,0.85,mound,burial_mound,K-35-077-1_x4032_y1008.png,K-35-077-1,437257.47460632544,4644295.1378365625,50.0,2026-04-24T07:17:59.867862+00:00
545,0.85,not_mound,not_mound,K-35-077-1_x2688_y1680.png,K-35-077-1,430755.5469002755,4640768.07959408,50.0,2026-04-24T07:18:01.299581+00:00
546,0.15,not_mound,not_mound,K-35-077-1_x672_y3024.png,K-35-077-1,421129.18359231343,4633787.51177098,50.0,2026-04-24T07:34:41.155651+00:00
547,0.95,mound,bench_mark_on_mound,K-35-077-2_x0_y1344.png,K-35-077-2,438301.2901159984,4642772.226649015,50.0,2026-04-24T07:15:38.269907+00:00
548,1.0,mound,bench_mark_on_mound,K-35-077-2_x0_y3024.png,K-35-077-2,438710.7090759439,4634528.139046696,50.0,2026-04-24T07:11:44.966800+00:00
549,1.0,mound,burial_mound,K-35-077-2_x0_y1680.png,K-35-077-2,439193.4542495844,4640384.248590788,50.0,2026-04-24T07:11:46.031074+00:00
550,0.95,mound,bench_mark_on_mound,K-35-077-2_x1344_y2688.png,K-35-077-2,444872.27014002006,4634621.2633583,50.0,2026-04-24T07:15:39.414984+00:00
551,0.2,mound,burial_mound,K-35-077-2_x0_y2688.png,K-35-077-2,438527.7514744506,4634901.79487172,50.0,2026-04-24T07:25:22.770909+00:00
552,0.2,mound,burial_mound,K-35-077-2_x1008_y1008.png,K-35-077-2,443758.08412861393,4643253.703463515,50.0,2026-04-24T07:25:24.029157+00:00
553,0.2,mound,burial_mound,K-35-077-2_x0_y1008.png,K-35-077-2,438168.2040752768,4643980.356673457,50.0,2026-04-24T07:25:25.102599+00:00
554,0.95,mound,burial_mound,K-35-077-2_x0_y1008.png,K-35-077-2,437965.8596315032,4643268.59536738,50.0,2026-04-24T07:15:40.513490+00:00
555,0.85,mound,burial_mound,K-35-077-2_x0_y1008.png,K-35-077-2,437877.4775683254,4643191.974536302,50.0,2026-04-24T07:18:02.639212+00:00
556,0.2,mound,burial_mound,K-35-077-2_x1008_y2688.png,K-35-077-2,443928.09437287424,4635346.243101751,50.0,2026-04-24T07:25:26.516051+00:00
557,1.0,mound,burial_mound,K-35-077-2_x1008_y3024.png,K-35-077-2,443940.9633553176,4634524.046431148,50.0,2026-04-24T07:11:47.253004+00:00
558,1.0,mound,burial_mound,K-35-077-2_x1008_y3024.png,K-35-077-2,442751.5507764906,4634466.438149408,50.0,2026-04-24T07:11:48.436766+00:00
559,0.75,mound,burial_mound,K-35-076-3_x1680_y336.png,K-35-076-3,383886.9469358603,4629856.139367402,200.0,2026-04-24T07:18:44.057193+00:00
560,0.3,mound,burial_mound,K-35-077-2_x1680_y672.png,K-35-077-2,447061.5787363887,4645659.877171041,200.0,2026-04-24T07:21:10.988498+00:00
561,1.0,mound,burial_mound,K-35-077-2_x2352_y3360.png,K-35-077-2,449660.72120548936,4632057.956717782,75.0,2026-04-24T07:11:52.749044+00:00
562,1.0,mound,burial_mound,K-35-077-2_x2016_y3360.png,K-35-077-2,449474.8173677581,4632222.377441664,50.0,2026-04-24T07:11:53.936393+00:00
563,0.85,mound,burial_mound,K-35-077-2_x1344_y3360.png,K-35-077-2,446000.2109166514,4631961.15566541,50.0,2026-04-24T07:18:03.599419+00:00
564,0.4,mound,burial_mound,K-35-077-2_x3024_y3360.png,K-35-077-2,453568.7515710082,4633058.035086238,100.0,2026-04-24T07:20:23.728445+00:00
565,0.4,mound,burial_mound,K-35-077-2_x3024_y3024.png,K-35-077-2,453589.4295779028,4632982.510259891,50.0,2026-04-24T07:20:24.770621+00:00
566,1.0,mound,burial_mound,K-35-077-2_x1680_y2688.png,K-35-077-2,446643.4066698708,4634847.723742662,50.0,2026-04-24T07:11:55.116854+00:00
567,0.95,not_mound,not_mound,K-35-077-2_x2688_y1680.png,K-35-077-2,451332.2428350163,4640101.855061024,50.0,2026-04-24T07:15:43.055612+00:00
568,1.0,mound,burial_mound,K-35-077-2_x2016_y3360.png,K-35-077-2,449614.8880504916,4632057.947298768,50.0,2026-04-24T07:11:56.126653+00:00
569,0.85,not_mound,not_mound,K-35-077-2_x3360_y3024.png,K-35-077-2,455343.3487408038,4634224.403047774,50.0,2026-04-24T07:18:05.707438+00:00
570,0.75,not_mound,not_mound,K-35-077-2_x2016_y3024.png,K-35-077-2,448562.84932151006,4633273.045554906,50.0,2026-04-24T07:18:46.104865+00:00
571,0.95,mound,burial_mound,K-35-077-2_x2688_y3360.png,K-35-077-2,452140.36627803295,4631677.145768169,50.0,2026-04-24T07:15:44.837124+00:00
572,0.9,mound,trig_point_on_mound,K-35-077-3_x1680_y1344.png,K-35-077-3,425754.7065954405,4624698.943457396,50.0,2026-04-24T07:16:13.648421+00:00
573,0.2,mound,burial_mound,K-35-077-3_x1680_y1344.png,K-35-077-3,425664.716648148,4624630.257922215,50.0,2026-04-24T07:25:27.678039+00:00
574,1.0,mound,burial_mound,K-35-077-3_x1680_y336.png,K-35-077-3,425902.0132253814,4628673.693928701,50.0,2026-04-24T07:11:57.138919+00:00
575,0.85,mound,burial_mound,K-35-077-3_x1680_y336.png,K-35-077-3,426625.27155058354,4628534.421337282,50.0,2026-04-24T07:18:06.974414+00:00
576,0.85,mound,burial_mound,K-35-077-2_x336_y3024.png,K-35-077-2,440720.6009559982,4634119.738046183,50.0,2026-04-24T07:18:08.053525+00:00
577,0.85,mound,burial_mound,K-35-077-2_x336_y3024.png,K-35-077-2,439873.68184254586,4633936.18589819,50.0,2026-04-24T07:18:09.072241+00:00
578,1.0,mound,bench_mark_on_mound,K-35-077-3_x1344_y1344.png,K-35-077-3,424088.35894343024,4624531.899485068,50.0,2026-04-24T07:11:58.874911+00:00
579,0.85,mound,burial_mound,K-35-077-3_x1344_y2016.png,K-35-077-3,425266.2443584707,4620733.76778171,50.0,2026-04-24T07:18:11.413095+00:00
580,1.0,mound,burial_mound,K-35-077-3_x1344_y2016.png,K-35-077-3,424403.33096696326,4620661.439631352,50.0,2026-04-24T07:11:59.899057+00:00
581,0.95,mound,burial_mound,K-35-077-3_x1344_y2016.png,K-35-077-3,425215.9935499447,4620851.659232455,50.0,2026-04-24T07:15:45.997407+00:00
582,0.85,not_mound,not_mound,K-35-077-3_x336_y2352.png,K-35-077-3,419202.74812921113,4618698.339288604,50.0,2026-04-24T07:18:13.834967+00:00
583,0.95,mound,burial_mound,K-35-077-2_x336_y3360.png,K-35-077-2,440076.7088802591,4632531.32989342,50.0,2026-04-24T07:15:46.921149+00:00
584,1.0,mound,bench_mark_on_mound,K-35-077-4_x1680_y0.png,K-35-077-4,446584.49781470944,4630517.328922329,50.0,2026-04-24T07:12:01.151947+00:00
585,0.4,not_mound,not_mound,K-35-077-4_x1680_y2016.png,K-35-077-4,447259.0478925656,4620193.387616188,50.0,2026-04-24T07:20:25.907716+00:00
586,0.15,not_mound,not_mound,K-35-077-4_x1344_y1680.png,K-35-077-4,445404.3465891847,4622186.201081345,50.0,2026-04-24T07:34:42.637042+00:00
587,1.0,mound,burial_mound,K-35-077-3_x672_y2688.png,K-35-077-3,420522.0392552445,4616684.659369865,50.0,2026-04-24T07:12:02.384787+00:00
588,0.2,not_mound,not_mound,K-35-077-4_x0_y1680.png,K-35-077-4,438023.9638231277,4621543.715486252,50.0,2026-04-24T07:25:28.935294+00:00
589,0.95,mound,trig_point_on_mound,K-35-077-4_x1008_y1344.png,K-35-077-4,442553.1828965673,4622988.640883221,50.0,2026-04-24T07:15:52.180937+00:00
590,0.2,mound,burial_mound,K-35-077-4_x2352_y0.png,K-35-077-4,450950.0517569359,4630504.301786587,150.0,2026-04-24T07:25:32.191845+00:00
591,0.4,not_mound,not_mound,K-35-077-4_x3024_y0.png,K-35-077-4,453918.20216434007,4630453.425505887,50.0,2026-04-24T07:20:27.421340+00:00
592,0.15,not_mound,not_mound,K-35-077-4_x0_y3024.png,K-35-077-4,438635.4023469197,4615065.471046664,50.0,2026-04-24T07:34:43.757715+00:00
593,0.4,not_mound,not_mound,K-35-076-4_x2352_y2352.png,K-35-076-4,409199.2859996334,4619208.501939467,50.0,2026-04-24T07:20:28.916040+00:00
594,0.15,not_mound,not_mound,K-35-077-4_x1680_y2352.png,K-35-077-4,446465.4030769136,4618263.351314088,50.0,2026-04-24T07:34:45.071645+00:00
595,0.4,not_mound,not_mound,K-35-077-2_x336_y2688.png,K-35-077-2,440575.1846705186,4635266.273683769,50.0,2026-04-24T07:20:31.014948+00:00
596,0.2,not_mound,not_mound,K-35-051-4_x1344_y336.png,K-35-051-4,363921.75500565534,4704133.732970735,50.0,2026-04-24T07:32:40.165976+00:00
597,1.0,not_mound,not_mound,K-35-052-2_x336_y1680.png,K-35-052-2,399559.4341814782,4715113.418313649,50.0,2026-04-24T07:12:04.915317+00:00
598,0.2,not_mound,not_mound,K-35-052-3_x0_y2016.png,K-35-052-3,376845.6678660168,4694477.282760623,50.0,2026-04-24T07:32:41.887103+00:00
599,1.0,mound,burial_mound,K-35-053-1_x3696_y672.png,K-35-053-1,437344.3583040162,4719373.576736579,50.0,2026-04-24T07:12:05.977681+00:00
600,0.2,not_mound,not_mound,K-35-053-4_Boyadzhik_x2016_y0.png,K-35-053-4_Boyadzhik,449468.9854520013,4704401.047568653,50.0,2026-04-24T07:32:43.480481+00:00
601,1.0,not_mound,not_mound,K-35-054-2_Atolov_4326_x1344_y672.png,K-35-054-2_Atolov_4326,487385.3715232289,4720147.250431079,50.0,2026-04-24T07:12:07.796720+00:00
602,0.15,not_mound,not_mound,K-35-054-3_Yambol_x336_y3360.png,K-35-054-3_Yambol,461796.2593478959,4687537.692982089,50.0,2026-04-24T07:34:47.156689+00:00
603,0.95,mound,trig_point_on_mound,K-35-055-1_x2352_y2352.png,K-35-055-1,512888.7104963129,4710293.556371094,50.0,2026-04-24T07:15:53.591103+00:00
604,0.2,not_mound,not_mound,K-35-056-3_x3024_y3024.png,K-35-056-3,557633.253643009,4689418.16463705,50.0,2026-04-24T07:32:44.572996+00:00
605,0.85,mound,burial_mound,K-35-062-4_Asenovgrad_4326_x2352_y2352.png,K-35-062-4_Asenovgrad_4326,325226.5079618135,4658390.81821966,50.0,2026-04-24T07:18:15.034592+00:00
606,0.2,not_mound,not_mound,K-35-062-4_Asenovgrad_4326_x3696_y3696.png,K-35-062-4_Asenovgrad_4326,331984.22980703315,4651993.862940078,50.0,2026-04-24T07:32:46.536496+00:00
607,0.2,not_mound,not_mound,K-35-062-4_Asenovgrad_4326_x1680_y3696.png,K-35-062-4_Asenovgrad_4326,323216.5598567154,4652067.013156607,50.0,2026-04-24T07:32:48.811704+00:00
608,0.4,not_mound,not_mound,K-35-063-2_Chirpan_4326_x3360_y1008.png,K-35-063-2_Chirpan_4326,372824.8622845948,4682504.297633566,50.0,2026-04-24T07:20:32.147221+00:00
609,0.95,mound,burial_mound,K-35-064-1_Sredets_4326_x1008_y2352.png,K-35-064-1_Sredets_4326,380744.695751895,4674440.500533583,50.0,2026-04-24T07:15:55.022451+00:00
610,0.2,not_mound,not_mound,K-35-064-1_Sredets_4326_x3360_y3360.png,K-35-064-1_Sredets_4326,394463.9767331184,4670311.398373937,50.0,2026-04-24T07:32:50.595506+00:00
611,0.15,not_mound,not_mound,K-35-064-1_Sredets_4326_x3696_y672.png,K-35-064-1_Sredets_4326,395425.1446862239,4683399.340574192,50.0,2026-04-24T07:34:48.485544+00:00
612,1.0,not_mound,not_mound,K-35-064-2_Radnevo_4326_x3360_y672.png,K-35-064-2_Radnevo_4326,414933.2245600493,4682729.624813286,50.0,2026-04-24T07:12:09.952830+00:00
613,0.4,mound,bench_mark_on_mound,K-35-064-2_Radnevo_4326_x3360_y2016.png,K-35-064-2_Radnevo_4326,414540.4669371967,4676725.139511772,125.0,2026-04-24T07:20:37.075154+00:00
614,0.9,not_mound,not_mound,K-35-064-2_Radnevo_4326_x3024_y1680.png,K-35-064-2_Radnevo_4326,412915.9893730629,4678441.285894514,50.0,2026-04-24T07:16:15.679643+00:00
615,0.75,not_mound,not_mound,K-35-064-3_Dimitrovgrad_4326_x3360_y1680.png,K-35-064-3_Dimitrovgrad_4326,392732.6589738721,4659647.913458928,50.0,2026-04-24T07:18:47.327858+00:00
616,0.95,not_mound,not_mound,K-35-066-2_x3696_y1344.png,K-35-066-2,498189.9349997773,4679093.193502012,50.0,2026-04-24T07:15:58.233671+00:00
617,0.2,not_mound,not_mound,K-35-066-4_x3024_y2688.png,K-35-066-4,495323.79700209264,4653433.959074646,50.0,2026-04-24T07:32:51.679427+00:00
618,0.95,mound,burial_mound,K-35-067-3_x3360_y0.png,K-35-067-3,516891.3170325409,4667182.587764757,75.0,2026-04-24T07:16:01.188106+00:00
619,1.0,not_mound,not_mound,K-35-074-2_x0_y672.png,K-35-074-2,314842.1884977997,4647981.969925593,50.0,2026-04-24T07:12:11.789819+00:00
620,0.15,not_mound,not_mound,K-35-074-1_x1008_y336.png,K-35-074-1,298185.0102918553,4650320.501723395,50.0,2026-04-24T07:34:49.786502+00:00
621,0.2,not_mound,not_mound,K-35-074-2_x3360_y3024.png,K-35-074-2,330869.4631624422,4635958.486580309,50.0,2026-04-24T07:32:53.246883+00:00
622,0.2,not_mound,not_mound,K-35-074-3_x2688_y3360.png,K-35-074-3,306393.7901575793,4616806.703192382,50.0,2026-04-24T07:32:54.387407+00:00
623,0.4,not_mound,not_mound,K-35-075-1_x2688_y2352.png,K-35-075-1,347727.1884624835,4639149.567366545,50.0,2026-04-24T07:20:38.648276+00:00
624,1.0,mound,burial_mound,K-35-075-1_x672_y1008.png,K-35-075-1,338794.75219952245,4644958.855520837,50.0,2026-04-24T07:12:12.879192+00:00
625,0.2,not_mound,not_mound,K-35-075-3_x1344_y2352.png,K-35-075-3,340343.1268630465,4619439.937092457,50.0,2026-04-24T07:32:55.576244+00:00
626,0.2,not_mound,not_mound,K-35-075-4_x3696_y3024.png,K-35-075-4,374014.9155277736,4616062.750686303,50.0,2026-04-24T07:32:56.788594+00:00
627,0.95,mound,burial_mound,K-35-076-2_x336_y336.png,K-35-076-2,398250.0106643595,4646900.653103916,125.0,2026-04-24T07:16:08.226446+00:00
628,0.2,not_mound,not_mound,K-35-076-2_x2688_y672.png,K-35-076-2,410957.75375197374,4645561.655559736,50.0,2026-04-24T07:32:58.398589+00:00
629,0.7,mound,bench_mark_on_mound,K-35-077-1_x0_y3360.png,K-35-077-1,416930.3977855031,4632100.832532223,50.0,2026-04-24T07:18:51.346731+00:00
630,0.85,mound,burial_mound,K-35-077-1_x3360_y0.png,K-35-077-1,435348.0189601904,4649877.294134155,50.0,2026-04-24T07:18:16.157996+00:00
631,1.0,mound,burial_mound,K-35-052-3_x672_y3360.png,K-35-052-3,381118.5531506948,4688524.779226997,50.0,2026-05-03T00:22:48.072698+00:00
632,0.2,mound,burial_mound,K-35-063-4_Skobelevo_4326_x4032_y1344.png,K-35-063-4_Skobelevo_4326,375317.2265575996,4662300.705672138,75.0,2026-05-03T00:23:10.444589+00:00
633,1.0,mound,burial_mound,K-35-065-4_x4032_y1680.png,K-35-065-4,458056.85337343975,4659829.820403496,100.0,2026-05-03T00:22:55.177295+00:00
634,0.2,not_mound,not_mound,K-35-051-3_x2016_y2016.png,K-35-051-3,346153.5051605189,4696204.9275751095,,2026-05-03T00:23:12.992491+00:00
635,0.2,not_mound,not_mound,K-35-077-1_x2688_y0.png,K-35-077-1,431318.4800965129,4648702.726188127,,2026-05-03T00:23:14.713342+00:00
636,0.75,not_mound,not_mound,K-35-077-1_x2688_y0.png,K-35-077-1,431990.883878503,4648673.707071333,,2026-05-03T00:23:01.008422+00:00
637,0.2,not_mound,not_mound,K-35-042-3_x3696_y2352.png,K-35-042-3,477820.0335633693,4729653.891919007,,2026-04-27T10:12:36.988220+00:00
638,0.95,mound,burial_mound,K-35-042-3_x3696_y2688.png,K-35-042-3,477830.7127101921,4727160.367946734,50.0,2026-04-27T10:03:15.427964+00:00
639,1.0,mound,burial_mound,K-35-050-4_x3696_y3696.png,K-35-050-4,334911.50874025025,4688977.882430727,50.0,2026-04-27T09:56:44.434599+00:00
640,1.0,mound,bench_mark_on_mound,K-35-050-4_x1344_y3024.png,K-35-050-4,322768.459658162,4690845.487683116,50.0,2026-04-27T09:56:46.816959+00:00
641,0.2,not_mound,not_mound,K-35-050-4_x2352_y672.png,K-35-050-4,327456.46521611256,4702863.856345445,,2026-04-27T10:12:38.655609+00:00
642,0.95,not_mound,not_mound,K-35-050-4_x1680_y1008.png,K-35-050-4,324075.02864303114,4701511.82178904,,2026-04-27T10:03:18.512588+00:00
643,0.2,not_mound,not_mound,K-35-051-3_x0_y1680.png,K-35-051-3,336503.2262787047,4697170.17305746,,2026-04-27T10:12:41.113957+00:00
644,0.2,not_mound,not_mound,K-35-051-3_x2016_y3360.png,K-35-051-3,346432.4216640101,4688585.899090359,,2026-04-27T10:12:42.302448+00:00
645,0.2,not_mound,not_mound,K-35-051-3_x336_y2016.png,K-35-051-3,337388.6309512083,4695265.430915835,,2026-04-27T10:12:43.376911+00:00
646,0.4,not_mound,not_mound,K-35-051-3_x672_y1344.png,K-35-051-3,339295.1134309372,4698829.92753146,,2026-04-27T10:10:04.816978+00:00
647,0.95,mound,burial_mound,K-35-051-3_x336_y1344.png,K-35-051-3,338633.93619679805,4698653.410085464,50.0,2026-04-27T10:03:21.289791+00:00
648,0.2,not_mound,not_mound,K-35-051-4_x1680_y1008.png,K-35-051-4,365594.3185175402,4700634.384265759,,2026-04-27T10:12:44.671072+00:00
649,0.15,mound,burial_mound,K-35-051-3_x0_y2016.png,K-35-051-3,336295.8823728304,4696958.152680844,75.0,2026-04-27T10:17:17.617624+00:00
650,1.0,mound,bench_mark_on_mound,K-35-051-4_x3696_y3360.png,K-35-051-4,376116.4781662819,4688364.414035606,50.0,2026-04-27T09:56:48.808121+00:00
651,0.15,not_mound,not_mound,K-35-051-4_x3696_y2352.png,K-35-051-4,375560.1773297389,4693223.231314398,,2026-04-27T10:17:26.227722+00:00
652,0.2,not_mound,not_mound,K-35-051-4_x3696_y2016.png,K-35-051-4,374877.3883266639,4696056.399031933,,2026-04-27T10:12:46.972788+00:00
653,0.95,not_mound,not_mound,K-35-051-4_x336_y2352.png,K-35-051-4,358372.0171828123,4694457.894613335,,2026-04-27T10:03:22.789225+00:00
654,0.95,mound,burial_mound,K-35-051-3_x1008_y2016.png,K-35-051-3,341721.9153214452,4696087.341843923,75.0,2026-04-27T10:03:29.566395+00:00
655,0.85,not_mound,not_mound,K-35-052-2_x0_y2688.png,K-35-052-2,398001.6826664893,4710401.484843567,,2026-04-27T10:07:03.683098+00:00
656,0.2,not_mound,not_mound,K-35-052-2_x2688_y2016.png,K-35-052-2,411914.891285933,4712605.647918207,,2026-04-27T10:12:49.006993+00:00
657,0.2,not_mound,not_mound,K-35-052-2_x2688_y2688.png,K-35-052-2,411786.8850878407,4709839.900805458,,2026-04-27T10:12:50.613546+00:00
658,1.0,mound,burial_mound,K-35-051-4_x1008_y1008.png,K-35-051-4,360793.8489945543,4701050.738545369,50.0,2026-04-27T09:56:50.180799+00:00
659,0.2,not_mound,not_mound,K-35-052-2_x3024_y1008.png,K-35-052-2,413806.9735901525,4718491.493497884,,2026-04-27T10:12:52.690847+00:00
660,0.2,not_mound,not_mound,K-35-052-3_x0_y3024.png,K-35-052-3,376466.7491667768,4690856.611728957,,2026-04-27T10:12:54.054121+00:00
661,0.2,not_mound,not_mound,K-35-051-3_x3024_y672.png,K-35-051-3,351110.91765841376,4703240.731487218,,2026-04-27T10:12:55.655756+00:00
662,1.0,not_mound,not_mound,K-35-052-2_x672_y672.png,K-35-052-2,401607.43115406384,4720167.667669156,,2026-04-27T09:56:52.660347+00:00
663,0.2,not_mound,not_mound,K-35-052-3_x2016_y2352.png,K-35-052-3,386740.1817172005,4693675.720945858,,2026-04-27T10:12:57.914668+00:00
664,0.95,mound,burial_mound,K-35-042-3_x672_y0.png,K-35-042-3,462561.872002988,4742064.034365583,200.0,2026-04-27T10:03:33.088816+00:00
665,1.0,not_mound,not_mound,K-35-052-2_x336_y1680.png,K-35-052-2,399589.65745068144,4715307.790421306,,2026-04-27T09:56:54.094197+00:00
666,1.0,not_mound,not_mound,K-35-052-2_x336_y1680.png,K-35-052-2,399562.0264034396,4715111.048461207,,2026-04-27T09:56:55.134951+00:00
667,0.2,not_mound,not_mound,K-35-052-3_x2016_y2688.png,K-35-052-3,387486.7352209562,4692574.98441856,,2026-04-27T10:12:59.127209+00:00
668,0.2,not_mound,not_mound,K-35-052-2_x3360_y2352.png,K-35-052-2,415164.253257838,4712242.618130801,,2026-04-27T10:13:00.394369+00:00
669,0.95,not_mound,not_mound,K-35-052-2_x3360_y2352.png,K-35-052-2,414395.362695297,4712043.474254381,,2026-04-27T10:03:37.334524+00:00
670,0.2,not_mound,not_mound,K-35-052-3_x4032_y0.png,K-35-052-3,397072.3595464116,4704665.868128734,,2026-04-27T10:13:01.603120+00:00
671,0.85,mound,burial_mound,K-35-052-3_x3696_y2352.png,K-35-052-3,395286.1512784786,4694105.102890314,50.0,2026-04-27T10:07:04.999587+00:00
672,0.95,mound,burial_mound,K-35-052-3_x3696_y2352.png,K-35-052-3,396168.8418339091,4693953.890440726,50.0,2026-04-27T10:03:38.613273+00:00
673,0.15,not_mound,not_mound,K-35-052-3_x2016_y3360.png,K-35-052-3,387686.2338801939,4688742.176172599,,2026-04-27T10:17:27.660030+00:00
674,0.2,not_mound,not_mound,K-35-052-3_x336_y2352.png,K-35-052-3,379779.2356272792,4694344.707974994,,2026-04-27T10:13:03.003931+00:00
675,1.0,mound,burial_mound,K-35-052-3_x672_y3360.png,K-35-052-3,381119.5211706614,4688542.978405965,50.0,2026-04-27T09:56:56.756971+00:00
676,0.65,mound,burial_mound,K-35-052-2_x2016_y3024.png,K-35-052-2,407932.5361097769,4708881.842792691,50.0,2026-04-27T10:09:54.770359+00:00
677,0.2,not_mound,not_mound,K-35-051-3_x2016_y2016.png,K-35-051-3,346154.9449607287,4696203.007253866,,2026-04-27T10:13:04.227944+00:00
678,0.95,mound,settlement_mound,K-35-053-1_x2688_y672.png,K-35-053-1,432983.6294120473,4720483.097806857,50.0,2026-04-27T10:03:40.824328+00:00
679,0.95,mound,settlement_mound,K-35-052-2_x2688_y3024.png,K-35-052-2,410767.3813216889,4708201.338818747,50.0,2026-04-27T10:03:42.756720+00:00
680,0.95,mound,burial_mound,K-35-053-1_x336_y2352.png,K-35-053-1,420815.30445779226,4711545.619585143,50.0,2026-04-27T10:03:44.094643+00:00
681,0.2,not_mound,not_mound,K-35-053-1_x0_y336.png,K-35-053-1,418041.0664647742,4721689.089075887,,2026-04-27T10:13:05.646844+00:00
682,0.2,not_mound,not_mound,K-35-052-3_x0_y2016.png,K-35-052-3,376845.5640463244,4694476.062770213,,2026-04-27T10:13:06.884907+00:00
683,0.2,not_mound,not_mound,K-35-053-2_x1008_y2016.png,K-35-053-2,443752.7671110964,4712111.625928463,,2026-04-27T10:13:07.917682+00:00
684,0.2,not_mound,not_mound,K-35-052-3_x1344_y1008.png,K-35-052-3,383797.29488585313,4699756.909074871,,2026-04-27T10:13:09.509985+00:00
685,0.2,mound,burial_mound,K-35-052-3_x1008_y2016.png,K-35-052-3,381704.81043554127,4696040.3677733205,150.0,2026-04-27T10:13:12.734953+00:00
686,1.0,mound,burial_mound,K-35-053-1_x3696_y672.png,K-35-053-1,437345.2663634386,4719374.234841144,50.0,2026-04-27T09:56:57.685629+00:00
687,0.75,not_mound,not_mound,K-35-053-2_x1344_y3024.png,K-35-053-2,445849.8365858305,4707898.745484107,,2026-04-27T10:09:04.032161+00:00
688,0.95,not_mound,not_mound,K-35-053-2_x3024_y3024.png,K-35-053-2,454641.93951754185,4707157.996208347,,2026-04-27T10:03:45.231086+00:00
689,0.2,mound,burial_mound,K-35-053-2_x3360_y2688.png,K-35-053-2,456374.5347529122,4709867.836037571,50.0,2026-04-27T10:13:14.142484+00:00
690,1.0,not_mound,not_mound,K-35-052-3_x4032_y3360.png,K-35-052-3,396764.8847841769,4689050.202286387,,2026-04-27T09:56:59.053387+00:00
691,0.15,mound,burial_mound,K-35-053-2_x0_y672.png,K-35-053-2,440069.1032247297,4719302.419218075,50.0,2026-04-27T10:17:29.055591+00:00
692,0.85,not_mound,not_mound,K-35-053-2_x3360_y3024.png,K-35-053-2,455840.3174720201,4708048.6391907325,,2026-04-27T10:07:07.271298+00:00
693,0.85,mound,bench_mark_on_mound,K-35-053-2_x3696_y2016.png,K-35-053-2,457770.7204287829,4712063.668776312,50.0,2026-04-27T10:07:08.549964+00:00
694,0.2,not_mound,not_mound,K-35-053-2_x4032_y1008.png,K-35-053-2,458592.70607580873,4718685.9799322905,,2026-04-27T10:13:15.729633+00:00
695,0.15,not_mound,not_mound,K-35-053-4_Boyadzhik_x0_y2688.png,K-35-053-4_Boyadzhik,439381.89367530006,4691325.800131378,,2026-04-27T10:17:30.291931+00:00
696,0.4,not_mound,not_mound,K-35-053-4_Boyadzhik_x1680_y2016.png,K-35-053-4_Boyadzhik,447399.41974980856,4693689.249120108,,2026-04-27T10:10:06.005445+00:00
697,1.0,mound,trig_point_on_mound,K-35-053-4_Boyadzhik_x2352_y1344.png,K-35-053-4_Boyadzhik,450646.0598869606,4697000.980878778,50.0,2026-04-27T09:57:00.396376+00:00
698,1.0,mound,burial_mound,K-35-053-4_Boyadzhik_x2016_y1680.png,K-35-053-4_Boyadzhik,450045.010296166,4695749.020515876,50.0,2026-04-27T09:57:01.629576+00:00
699,1.0,mound,trig_point_on_mound,K-35-053-4_Boyadzhik_x3360_y1344.png,K-35-053-4_Boyadzhik,455342.1359580341,4697353.703190054,50.0,2026-04-27T09:57:02.828826+00:00
700,1.0,mound,burial_mound,K-35-053-4_Boyadzhik_x3696_y2016.png,K-35-053-4_Boyadzhik,456661.2942823143,4693737.100194244,50.0,2026-04-27T09:57:03.850436+00:00
701,0.85,not_mound,not_mound,K-35-053-2_x4032_y1680.png,K-35-053-2,458610.1296211407,4715279.573404026,,2026-04-27T10:07:09.865752+00:00
702,1.0,mound,bench_mark_on_mound,K-35-053-4_Boyadzhik_x3024_y1680.png,K-35-053-4_Boyadzhik,455129.7186739034,4695571.285005694,50.0,2026-04-27T09:57:05.148938+00:00
703,1.0,mound,settlement_mound,K-35-054-1_Straldzha_4326_x0_y672.png,K-35-054-1_Straldzha_4326,460038.3231110442,4719067.3830551095,50.0,2026-04-27T09:57:09.635241+00:00
704,0.95,mound,burial_mound,K-35-053-4_Boyadzhik_x2688_y672.png,K-35-053-4_Boyadzhik,453151.1271037148,4701331.510666653,50.0,2026-04-27T10:03:46.553510+00:00
705,1.0,mound,burial_mound,K-35-053-4_Boyadzhik_x672_y1680.png,K-35-053-4_Boyadzhik,442569.41755364137,4695443.552293119,50.0,2026-04-27T09:57:10.774605+00:00
706,0.95,mound,burial_mound,K-35-054-1_Straldzha_4326_x0_y1344.png,K-35-054-1_Straldzha_4326,460423.82695992966,4716532.910435107,50.0,2026-04-27T10:03:47.567834+00:00
707,0.95,mound,burial_mound,K-35-054-1_Straldzha_4326_x1008_y2352.png,K-35-054-1_Straldzha_4326,465611.4619221934,4711427.616115964,50.0,2026-04-27T10:03:48.873410+00:00
708,1.0,mound,burial_mound,K-35-054-1_Straldzha_4326_x1344_y2352.png,K-35-054-1_Straldzha_4326,465647.4354176198,4711430.658575674,50.0,2026-04-27T09:57:11.756690+00:00
709,1.0,mound,burial_mound,K-35-054-1_Straldzha_4326_x1344_y3024.png,K-35-054-1_Straldzha_4326,467198.7895954902,4706928.857622968,50.0,2026-04-27T09:57:12.998164+00:00
710,0.95,mound,burial_mound,K-35-054-1_Straldzha_4326_x1680_y2352.png,K-35-054-1_Straldzha_4326,468688.633917918,4711597.078768836,50.0,2026-04-27T10:03:49.801479+00:00
711,0.85,mound,burial_mound,K-35-054-1_Straldzha_4326_x1680_y2352.png,K-35-054-1_Straldzha_4326,468105.3420697473,4711254.61023124,50.0,2026-04-27T10:07:11.045649+00:00
712,0.85,mound,burial_mound,K-35-054-1_Straldzha_4326_x1680_y2352.png,K-35-054-1_Straldzha_4326,468175.76196543046,4711303.923510401,50.0,2026-04-27T10:07:12.362202+00:00
713,0.3,mound,burial_mound,K-35-053-4_Boyadzhik_x2352_y336.png,K-35-053-4_Boyadzhik,450822.76592343085,4703814.822595004,50.0,2026-04-27T10:11:53.954227+00:00
714,1.0,mound,burial_mound,K-35-054-1_Straldzha_4326_x1344_y3360.png,K-35-054-1_Straldzha_4326,467197.99651116505,4707091.870364936,200.0,2026-04-27T09:57:17.874111+00:00
715,0.2,mound,burial_mound,K-35-054-1_Straldzha_4326_x3696_y336.png,K-35-054-1_Straldzha_4326,477826.636037533,4720996.378871002,100.0,2026-04-27T10:13:19.218380+00:00
716,0.2,mound,burial_mound,K-35-054-1_Straldzha_4326_x3696_y336.png,K-35-054-1_Straldzha_4326,478794.39221046754,4721277.73152398,75.0,2026-04-27T10:13:22.429726+00:00
717,1.0,mound,burial_mound,K-35-054-1_Straldzha_4326_x1344_y1344.png,K-35-054-1_Straldzha_4326,465588.8969569319,4715822.698315332,50.0,2026-04-27T09:57:18.995425+00:00
718,1.0,not_mound,not_mound,K-35-054-1_Straldzha_4326_x2016_y3360.png,K-35-054-1_Straldzha_4326,468814.39784524415,4705582.834996185,,2026-04-27T09:57:21.809080+00:00
719,1.0,mound,burial_mound,K-35-054-1_Straldzha_4326_x3360_y1680.png,K-35-054-1_Straldzha_4326,476551.7187404469,4715069.032903952,50.0,2026-04-27T09:57:22.970607+00:00
720,0.4,mound,bench_mark_on_mound,K-35-054-1_Straldzha_4326_x1344_y3024.png,K-35-054-1_Straldzha_4326,465755.5382475902,4708490.280082358,50.0,2026-04-27T10:10:07.377671+00:00
721,1.0,mound,bench_mark_on_mound,K-35-054-1_Straldzha_4326_x3696_y1344.png,K-35-054-1_Straldzha_4326,478448.95955614,4715713.813466602,50.0,2026-04-27T09:57:24.956107+00:00
722,0.95,not_mound,not_mound,K-35-054-1_Straldzha_4326_x3024_y2352.png,K-35-054-1_Straldzha_4326,475116.0298549924,4711624.9662083015,,2026-04-27T10:03:51.309267+00:00
723,1.0,mound,bench_mark_on_mound,K-35-054-1_Straldzha_4326_x2352_y2352.png,K-35-054-1_Straldzha_4326,471688.99385026295,4711875.03586176,50.0,2026-04-27T09:57:25.941043+00:00
724,1.0,mound,burial_mound,K-35-054-1_Straldzha_4326_x3360_y2352.png,K-35-054-1_Straldzha_4326,475832.3410259868,4711757.24402727,50.0,2026-04-27T09:57:26.977489+00:00
725,0.95,not_mound,not_mound,K-35-054-1_Straldzha_4326_x336_y1680.png,K-35-054-1_Straldzha_4326,461397.43363005744,4714433.58238683,,2026-04-27T10:03:53.451675+00:00
726,0.95,mound,burial_mound,K-35-054-2_Atolov_4326_x1008_y2016.png,K-35-054-2_Atolov_4326,486088.4017627256,4711857.971239441,200.0,2026-04-27T10:03:56.754167+00:00
727,0.85,mound,bench_mark_on_mound,K-35-054-1_Straldzha_4326_x672_y1680.png,K-35-054-1_Straldzha_4326,462779.0167182734,4714354.087980387,50.0,2026-04-27T10:07:13.564384+00:00
728,0.4,mound,bench_mark_on_mound,K-35-054-1_Straldzha_4326_x3024_y1680.png,K-35-054-1_Straldzha_4326,475073.62742672494,4713833.732021383,50.0,2026-04-27T10:10:09.395440+00:00
729,1.0,mound,burial_mound,K-35-054-2_Atolov_4326_x1680_y1008.png,K-35-054-2_Atolov_4326,488908.2007370332,4716919.678503339,50.0,2026-04-27T09:57:28.158945+00:00
730,0.2,mound,bench_mark_on_mound,K-35-054-2_Atolov_4326_x1008_y2352.png,K-35-054-2_Atolov_4326,484717.6647861839,4710582.77591911,50.0,2026-04-27T10:13:23.957189+00:00
731,1.0,mound,burial_mound,K-35-054-1_Straldzha_4326_x3696_y2352.png,K-35-054-1_Straldzha_4326,478811.8861522997,4711070.623206492,50.0,2026-04-27T09:57:29.086059+00:00
732,1.0,mound,burial_mound,K-35-054-2_Atolov_4326_x0_y0.png,K-35-054-2_Atolov_4326,481139.9886502434,4722071.458522251,50.0,2026-04-27T09:57:31.347344+00:00
733,0.95,mound,burial_mound,K-35-054-2_Atolov_4326_x2352_y3024.png,K-35-054-2_Atolov_4326,491781.1637947023,4707731.345245596,50.0,2026-04-27T10:03:57.953532+00:00
734,1.0,mound,burial_mound,K-35-054-2_Atolov_4326_x2352_y336.png,K-35-054-2_Atolov_4326,492898.29656107,4722080.086438612,75.0,2026-04-27T09:57:35.069747+00:00
735,0.4,mound,burial_mound,K-35-054-2_Atolov_4326_x2352_y0.png,K-35-054-2_Atolov_4326,492767.0996802555,4721955.522345995,50.0,2026-04-27T10:10:10.491817+00:00
736,0.75,mound,burial_mound,K-35-054-2_Atolov_4326_x2352_y336.png,K-35-054-2_Atolov_4326,492458.17086637457,4721591.968255308,50.0,2026-04-27T10:09:05.183689+00:00
737,0.85,mound,trig_point_on_mound,K-35-054-2_Atolov_4326_x2352_y336.png,K-35-054-2_Atolov_4326,492066.83424725215,4720379.498986064,50.0,2026-04-27T10:07:15.683578+00:00
738,0.85,mound,burial_mound,K-35-054-2_Atolov_4326_x2352_y336.png,K-35-054-2_Atolov_4326,492416.6431680898,4720272.841102839,50.0,2026-04-27T10:07:16.837947+00:00
739,1.0,mound,burial_mound,K-35-054-2_Atolov_4326_x1680_y3696.png,K-35-054-2_Atolov_4326,488666.3187709911,4705294.5238681855,150.0,2026-04-27T09:57:41.860712+00:00
740,1.0,not_mound,not_mound,K-35-054-1_Straldzha_4326_x3696_y0.png,K-35-054-1_Straldzha_4326,477566.17395410506,4722261.437717267,,2026-04-27T09:57:45.226345+00:00
741,1.0,mound,burial_mound,K-35-054-2_Atolov_4326_x1344_y1680.png,K-35-054-2_Atolov_4326,486287.0590181213,4713523.181681564,50.0,2026-04-27T09:57:47.636086+00:00
742,0.85,mound,burial_mound,K-35-054-2_Atolov_4326_x2352_y2688.png,K-35-054-2_Atolov_4326,492750.5993427451,4708487.66679173,50.0,2026-04-27T10:07:17.806795+00:00
743,1.0,mound,burial_mound,K-35-054-2_Atolov_4326_x2352_y1008.png,K-35-054-2_Atolov_4326,491794.5764478376,4718736.849628665,50.0,2026-04-27T09:57:48.880352+00:00
744,0.2,not_mound,not_mound,K-35-053-4_Boyadzhik_x2016_y0.png,K-35-053-4_Boyadzhik,449468.5044510122,4704402.716727397,,2026-04-27T10:13:25.583719+00:00
745,0.5,not_mound,not_mound,K-35-054-2_Atolov_4326_x2688_y0.png,K-35-054-2_Atolov_4326,493154.5100123514,4722393.188222266,,2026-04-27T10:10:03.461063+00:00
746,0.4,mound,burial_mound,K-35-054-2_Atolov_4326_x2352_y0.png,K-35-054-2_Atolov_4326,492758.4632182687,4722162.512974222,50.0,2026-04-27T10:10:11.540411+00:00
747,1.0,mound,burial_mound,K-35-053-4_Boyadzhik_x336_y3024.png,K-35-053-4_Boyadzhik,440529.3929806026,4689183.564281049,125.0,2026-04-27T09:57:56.789775+00:00
748,0.15,not_mound,not_mound,K-35-054-2_Atolov_4326_x2688_y2352.png,K-35-054-2_Atolov_4326,493842.0627075157,4711057.067911121,,2026-04-27T10:17:31.705195+00:00
749,1.0,mound,burial_mound,K-35-054-2_Atolov_4326_x672_y1008.png,K-35-054-2_Atolov_4326,482805.27138793765,4716878.477690535,50.0,2026-04-27T09:57:58.227448+00:00
750,0.2,not_mound,not_mound,K-35-054-3_Yambol_x1008_y1008.png,K-35-054-3_Yambol,464271.4708535932,4699199.234288385,,2026-04-27T10:13:26.569867+00:00
751,0.95,mound,bench_mark_on_mound,K-35-054-3_Yambol_x1008_y1008.png,K-35-054-3_Yambol,464102.778737335,4698940.375404977,50.0,2026-04-27T10:04:00.114924+00:00
752,1.0,not_mound,not_mound,K-35-054-3_Yambol_x1008_y0.png,K-35-054-3_Yambol,464563.49467448407,4704084.21897851,,2026-04-27T09:58:01.695433+00:00
753,0.95,mound,trig_point_on_mound,K-35-054-3_Yambol_x1344_y1008.png,K-35-054-3_Yambol,467053.2022585595,4698765.044265195,50.0,2026-04-27T10:04:01.198710+00:00
754,0.3,not_mound,not_mound,K-35-054-3_Yambol_x1008_y2016.png,K-35-054-3_Yambol,463942.30047074455,4693914.076816664,,2026-04-27T10:11:55.709147+00:00
755,0.4,mound,bench_mark_on_mound,K-35-054-3_Yambol_x1008_y2016.png,K-35-054-3_Yambol,464384.5701722929,4693988.983124575,200.0,2026-04-27T10:10:15.277137+00:00
756,0.2,mound,burial_mound,K-35-054-3_Yambol_x2016_y1008.png,K-35-054-3_Yambol,469119.28919852007,4698595.371138368,150.0,2026-04-27T10:13:30.506484+00:00
757,0.65,mound,settlement_mound,K-35-054-3_Yambol_x1680_y0.png,K-35-054-3_Yambol,468491.21487236704,4703668.277691566,50.0,2026-04-27T10:09:56.876277+00:00
758,0.85,mound,trig_point_on_mound,K-35-054-3_Yambol_x2352_y3360.png,K-35-054-3_Yambol,471461.4174453949,4688258.935575341,50.0,2026-04-27T10:07:18.946011+00:00
759,0.85,mound,burial_mound,K-35-054-3_Yambol_x672_y336.png,K-35-054-3_Yambol,462958.13853360055,4702944.060273671,125.0,2026-04-27T10:07:25.068410+00:00
760,1.0,mound,burial_mound,K-35-054-1_Straldzha_4326_x2352_y0.png,K-35-054-1_Straldzha_4326,471892.8866297785,4722142.98426959,100.0,2026-04-27T09:58:06.608838+00:00
761,0.2,not_mound,not_mound,K-35-054-4_Voynika_x2352_y1344.png,K-35-054-4_Voynika,492601.059327196,4697347.352568479,,2026-04-27T10:13:32.270476+00:00
762,1.0,mound,burial_mound,K-35-054-4_Voynika_x1008_y336.png,K-35-054-4_Voynika,486218.7166743732,4703078.712812742,50.0,2026-04-27T09:58:07.893237+00:00
763,0.4,mound,burial_mound,K-35-054-3_Yambol_x3360_y1680.png,K-35-054-3_Yambol,476329.5738079207,4696511.217674119,50.0,2026-04-27T10:10:17.494974+00:00
764,1.0,mound,trig_point_on_mound,K-35-054-4_Voynika_x2688_y3360.png,K-35-054-4_Voynika,494608.1065245037,4688147.589236495,50.0,2026-04-27T09:58:09.344346+00:00
765,1.0,mound,burial_mound,K-35-054-1_Straldzha_4326_x1008_y3024.png,K-35-054-1_Straldzha_4326,465555.49984767445,4707202.069579521,75.0,2026-04-27T09:58:12.099684+00:00
766,1.0,mound,burial_mound,K-35-054-4_Voynika_x3024_y2352.png,K-35-054-4_Voynika,495974.4174418115,4691710.25773082,50.0,2026-04-27T09:58:13.689827+00:00
767,0.15,not_mound,not_mound,K-35-055-1_x1008_y2352.png,K-35-055-1,506527.8991495918,4711115.590075415,,2026-04-27T10:17:32.741163+00:00
768,0.15,not_mound,not_mound,K-35-054-4_Voynika_x2688_y0.png,K-35-054-4_Voynika,494404.228200842,4703950.316848784,,2026-04-27T10:17:34.641040+00:00
769,0.4,not_mound,not_mound,K-35-055-1_x2016_y0.png,K-35-055-1,511446.8335533565,4723718.217194377,,2026-04-27T10:10:19.371667+00:00
770,1.0,not_mound,not_mound,K-35-055-1_x1008_y0.png,K-35-055-1,504938.0493679408,4722577.56152151,,2026-04-27T09:58:15.263160+00:00
771,1.0,mound,burial_mound,K-35-055-1_x1344_y672.png,K-35-055-1,507749.98711371765,4718633.168864069,200.0,2026-04-27T09:58:18.912994+00:00
772,1.0,mound,trig_point_on_mound,K-35-055-1_x2352_y2352.png,K-35-055-1,512892.1657934273,4710289.898457559,50.0,2026-04-27T09:58:20.636748+00:00
773,0.2,not_mound,not_mound,K-35-055-1_x2352_y2688.png,K-35-055-1,512896.3641464939,4709353.618833599,,2026-04-27T10:13:33.356616+00:00
774,1.0,mound,burial_mound,K-35-055-1_x3360_y3024.png,K-35-055-1,517733.6164794413,4706951.811744794,50.0,2026-04-27T09:58:21.928172+00:00
775,0.3,not_mound,not_mound,K-35-055-2_x0_y1008.png,K-35-055-2,521610.541957391,4717631.689056186,,2026-04-27T10:11:57.452545+00:00
776,1.0,mound,settlement_mound,K-35-055-2_x1008_y1344.png,K-35-055-2,526435.2049320732,4715379.237285067,50.0,2026-04-27T09:58:25.297085+00:00
777,1.0,not_mound,not_mound,K-35-055-1_x336_y2352.png,K-35-055-1,502272.0566691365,4711085.582178286,,2026-04-27T09:58:26.723915+00:00
778,0.15,not_mound,not_mound,K-35-055-2_x2016_y1008.png,K-35-055-2,531371.5612745004,4718769.49124265,,2026-04-27T10:17:36.283564+00:00
779,0.2,not_mound,not_mound,K-35-055-2_x0_y336.png,K-35-055-2,521583.7425224264,4720471.730656864,,2026-04-27T10:13:34.750784+00:00
780,0.95,mound,settlement_mound,K-35-055-2_x1008_y1680.png,K-35-055-2,525854.6753656721,4714087.18959509,50.0,2026-04-27T10:04:03.285137+00:00
781,0.4,mound,settlement_mound,K-35-055-2_x2352_y1008.png,K-35-055-2,532890.3064638705,4718197.43152138,50.0,2026-04-27T10:10:21.383310+00:00
782,0.2,mound,burial_mound,K-35-055-3_x1008_y2352.png,K-35-055-3,506164.98308997264,4691721.364500054,200.0,2026-04-27T10:13:38.512696+00:00
783,1.0,mound,burial_mound,K-35-055-2_x0_y1008.png,K-35-055-2,522178.2261594094,4716960.565699046,50.0,2026-04-27T09:58:28.238430+00:00
784,0.2,not_mound,not_mound,K-35-055-2_x2688_y0.png,K-35-055-2,534883.8055476755,4722062.065367525,,2026-04-27T10:13:40.314892+00:00
785,0.7,not_mound,not_mound,K-35-055-3_x2352_y2352.png,K-35-055-3,513529.6115245139,4692248.1590078045,,2026-04-27T10:09:52.060511+00:00
786,0.3,not_mound,not_mound,K-35-055-3_x2352_y2352.png,K-35-055-3,513524.8288769328,4692124.565882564,,2026-04-27T10:12:00.361699+00:00
787,1.0,not_mound,not_mound,K-35-055-3_x1344_y1344.png,K-35-055-3,508484.7107375897,4696855.692284238,,2026-04-27T09:58:30.128116+00:00
788,0.4,not_mound,not_mound,K-35-055-3_x3024_y1344.png,K-35-055-3,515274.5126789215,4697804.173315213,,2026-04-27T10:10:27.245439+00:00
789,0.95,mound,burial_mound,K-35-054-2_Atolov_4326_x336_y0.png,K-35-054-2_Atolov_4326,482829.98100861936,4723113.085162655,50.0,2026-04-27T10:04:04.963244+00:00
790,0.15,not_mound,not_mound,K-35-056-3_x0_y2688.png,K-35-056-3,541715.6657942043,4691131.767079908,,2026-04-27T10:17:37.625403+00:00
791,1.0,mound,burial_mound,K-35-055-4_x3024_y2352.png,K-35-055-4,535578.7513207744,4692429.800396535,50.0,2026-04-27T09:58:31.547063+00:00
792,0.2,not_mound,not_mound,K-35-055-2_x3024_y672.png,K-35-055-2,536940.8221202994,4719087.508618835,,2026-04-27T10:13:41.874564+00:00
793,0.4,mound,burial_mound,K-35-055-3_x2016_y1008.png,K-35-055-3,511586.4964320069,4698470.969489248,200.0,2026-04-27T10:10:30.044455+00:00
794,1.0,mound,burial_mound,K-35-062-4_Asenovgrad_4326_x1680_y2352.png,K-35-062-4_Asenovgrad_4326,321988.2875318617,4658697.115794099,50.0,2026-04-27T09:58:32.588453+00:00
795,0.2,mound,bench_mark_on_mound,K-35-062-4_Asenovgrad_4326_x1344_y2016.png,K-35-062-4_Asenovgrad_4326,321301.9008888416,4659873.847891759,200.0,2026-04-27T10:13:45.665635+00:00
796,0.85,not_mound,not_mound,K-35-062-4_Asenovgrad_4326_x1008_y1008.png,K-35-062-4_Asenovgrad_4326,319885.224302406,4665360.683683496,,2026-04-27T10:07:27.123522+00:00
797,1.0,mound,settlement_mound,K-35-062-4_Asenovgrad_4326_x1008_y672.png,K-35-062-4_Asenovgrad_4326,319163.79136037955,4667319.376345948,75.0,2026-04-27T09:58:37.938621+00:00
798,0.85,mound,bench_mark_on_mound,K-35-056-3_x672_y1344.png,K-35-056-3,544914.7360286573,4698767.253198382,50.0,2026-04-27T10:07:29.040847+00:00
799,0.85,mound,burial_mound,K-35-062-4_Asenovgrad_4326_x2352_y2352.png,K-35-062-4_Asenovgrad_4326,325226.61310379376,4658388.371298159,50.0,2026-04-27T10:07:30.132264+00:00
800,0.2,not_mound,not_mound,K-35-062-4_Asenovgrad_4326_x1008_y3024.png,K-35-062-4_Asenovgrad_4326,319424.4066107621,4654798.2419201005,,2026-04-27T10:13:47.328476+00:00
801,1.0,mound,trig_point_on_mound,K-35-062-4_Asenovgrad_4326_x2688_y2352.png,K-35-062-4_Asenovgrad_4326,326977.5377289063,4658046.458779912,50.0,2026-04-27T09:58:39.325281+00:00
802,0.85,mound,burial_mound,K-35-062-4_Asenovgrad_4326_x2688_y2352.png,K-35-062-4_Asenovgrad_4326,327688.0984537089,4658401.979923186,50.0,2026-04-27T10:07:31.101823+00:00
803,0.85,mound,bench_mark_on_mound,K-35-062-4_Asenovgrad_4326_x2688_y2352.png,K-35-062-4_Asenovgrad_4326,328403.798913337,4658832.549603742,50.0,2026-04-27T10:07:32.206332+00:00
804,1.0,mound,burial_mound,K-35-062-4_Asenovgrad_4326_x3024_y3696.png,K-35-062-4_Asenovgrad_4326,328665.77717656665,4652076.855863928,50.0,2026-04-27T09:58:40.532109+00:00
805,0.95,not_mound,not_mound,K-35-062-4_Asenovgrad_4326_x336_y2352.png,K-35-062-4_Asenovgrad_4326,316395.458975604,4657527.16567958,,2026-04-27T10:04:06.918088+00:00
806,0.95,mound,bench_mark_on_mound,K-35-062-4_Asenovgrad_4326_x2688_y2688.png,K-35-062-4_Asenovgrad_4326,328452.2789525547,4656600.986024004,50.0,2026-04-27T10:04:08.419194+00:00
807,0.2,not_mound,not_mound,K-35-055-3_x2688_y2352.png,K-35-055-3,514540.5979010684,4691727.980985376,,2026-04-27T10:13:48.392599+00:00
808,1.0,not_mound,not_mound,K-35-063-1_Granit_4326_x1008_y672.png,K-35-063-1_Granit_4326,339339.8135931328,4684970.89743114,,2026-04-27T09:58:43.199764+00:00
809,1.0,not_mound,not_mound,K-35-063-1_Granit_4326_x0_y336.png,K-35-063-1_Granit_4326,335958.09939364233,4686648.035349327,,2026-04-27T09:58:46.723641+00:00
810,0.6,not_mound,not_mound,K-35-063-1_Granit_4326_x1344_y2016.png,K-35-063-1_Granit_4326,342396.8418408928,4677612.874179648,,2026-04-27T10:10:01.811175+00:00
811,0.95,mound,burial_mound,K-35-063-1_Granit_4326_x1344_y2016.png,K-35-063-1_Granit_4326,342852.2388664972,4677228.957661994,50.0,2026-04-27T10:04:09.565410+00:00
812,1.0,mound,burial_mound,K-35-063-1_Granit_4326_x1344_y672.png,K-35-063-1_Granit_4326,342717.9279723541,4684699.033036175,50.0,2026-04-27T09:58:47.981905+00:00
813,1.0,not_mound,not_mound,K-35-062-4_Asenovgrad_4326_x672_y1680.png,K-35-062-4_Asenovgrad_4326,317418.5575698416,4662085.761942946,,2026-04-27T09:58:49.456888+00:00
814,1.0,mound,burial_mound,K-35-063-1_Granit_4326_x2352_y672.png,K-35-063-1_Granit_4326,347229.2426172651,4684889.847627892,50.0,2026-04-27T09:58:50.646706+00:00
815,1.0,mound,burial_mound,K-35-063-1_Granit_4326_x2016_y3024.png,K-35-063-1_Granit_4326,346085.57998672826,4672369.159615638,50.0,2026-04-27T09:58:51.659863+00:00
816,1.0,mound,burial_mound,K-35-063-1_Granit_4326_x3360_y2352.png,K-35-063-1_Granit_4326,351896.8616154868,4676322.238074066,100.0,2026-04-27T09:58:55.953009+00:00
817,0.4,mound,bench_mark_on_mound,K-35-063-1_Granit_4326_x2688_y3360.png,K-35-063-1_Granit_4326,347827.67674681783,4670470.656353968,50.0,2026-04-27T10:10:34.244716+00:00
818,0.95,mound,bench_mark_on_mound,K-35-062-4_Asenovgrad_4326_x672_y2352.png,K-35-062-4_Asenovgrad_4326,317282.92899069993,4657434.415334103,50.0,2026-04-27T10:04:14.799977+00:00
819,0.95,mound,burial_mound,K-35-063-1_Granit_4326_x1680_y3024.png,K-35-063-1_Granit_4326,344446.874493361,4673241.026651893,50.0,2026-04-27T10:04:15.803311+00:00
820,1.0,mound,burial_mound,K-35-063-1_Granit_4326_x336_y336.png,K-35-063-1_Granit_4326,337399.4773978494,4686652.566130714,50.0,2026-04-27T09:58:57.331570+00:00
821,1.0,mound,burial_mound,K-35-063-1_Granit_4326_x336_y336.png,K-35-063-1_Granit_4326,337361.4978567354,4686582.897932896,50.0,2026-04-27T09:58:58.314644+00:00
822,1.0,mound,burial_mound,K-35-063-1_Granit_4326_x336_y336.png,K-35-063-1_Granit_4326,337270.07458080235,4686509.248376066,50.0,2026-04-27T09:58:59.242609+00:00
823,0.15,not_mound,not_mound,K-35-063-1_Granit_4326_x336_y1344.png,K-35-063-1_Granit_4326,336807.58625019167,4681179.043662423,,2026-04-27T10:17:38.774430+00:00
824,1.0,mound,burial_mound,K-35-063-1_Granit_4326_x3696_y672.png,K-35-063-1_Granit_4326,353318.0114335049,4684409.2911848985,50.0,2026-04-27T09:59:00.137238+00:00
825,0.4,mound,burial_mound,K-35-063-1_Granit_4326_x1344_y336.png,K-35-063-1_Granit_4326,342263.5334788974,4686563.553980854,100.0,2026-04-27T10:10:38.836460+00:00
826,1.0,mound,trig_point_on_mound,K-35-063-1_Granit_4326_x672_y0.png,K-35-063-1_Granit_4326,338403.6911968334,4688135.757119099,50.0,2026-04-27T09:59:01.459973+00:00
827,0.95,mound,burial_mound,K-35-063-1_Granit_4326_x4032_y672.png,K-35-063-1_Granit_4326,355198.49354136863,4684474.314922433,50.0,2026-04-27T10:04:17.015763+00:00
828,1.0,mound,burial_mound,K-35-063-1_Granit_4326_x4032_y672.png,K-35-063-1_Granit_4326,355206.06561280834,4684325.74646416,50.0,2026-04-27T09:59:02.486650+00:00
829,0.85,mound,burial_mound,K-35-063-1_Granit_4326_x4032_y672.png,K-35-063-1_Granit_4326,354877.82183608087,4684440.616383718,50.0,2026-04-27T10:07:33.293639+00:00
830,1.0,mound,burial_mound,K-35-063-1_Granit_4326_x4032_y672.png,K-35-063-1_Granit_4326,354820.802308943,4683833.149439447,50.0,2026-04-27T09:59:03.680614+00:00
831,0.95,mound,bench_mark_on_mound,K-35-063-1_Granit_4326_x3360_y2016.png,K-35-063-1_Granit_4326,351645.312489931,4677352.882569355,50.0,2026-04-27T10:04:18.233301+00:00
832,0.95,mound,burial_mound,K-35-063-1_Granit_4326_x3696_y1008.png,K-35-063-1_Granit_4326,354808.5035837207,4683812.741704439,50.0,2026-04-27T10:04:19.377393+00:00
833,1.0,mound,bench_mark_on_mound,K-35-063-1_Granit_4326_x2688_y672.png,K-35-063-1_Granit_4326,349162.3960999218,4684614.387169338,50.0,2026-04-27T09:59:04.867069+00:00
834,1.0,mound,burial_mound,K-35-063-1_Granit_4326_x2688_y672.png,K-35-063-1_Granit_4326,349361.75095552776,4684492.569030266,50.0,2026-04-27T09:59:05.944381+00:00
835,1.0,mound,burial_mound,K-35-063-1_Granit_4326_x2688_y672.png,K-35-063-1_Granit_4326,349446.8585618848,4684492.408469252,50.0,2026-04-27T09:59:06.853064+00:00
836,0.95,mound,burial_mound,K-35-063-1_Granit_4326_x2688_y1008.png,K-35-063-1_Granit_4326,348985.93646628933,4683902.976471409,50.0,2026-04-27T10:04:20.588839+00:00
837,0.2,mound,burial_mound,K-35-063-1_Granit_4326_x2352_y3024.png,K-35-063-1_Granit_4326,346109.76802295423,4672360.7435319135,50.0,2026-04-27T10:13:49.652130+00:00
838,0.95,mound,bench_mark_on_mound,K-35-063-1_Granit_4326_x3024_y672.png,K-35-063-1_Granit_4326,351077.1277197675,4684118.343668878,50.0,2026-04-27T10:04:21.812169+00:00
839,0.4,mound,burial_mound,K-35-063-1_Granit_4326_x2352_y1344.png,K-35-063-1_Granit_4326,347848.91742110683,4680520.904264531,200.0,2026-04-27T10:10:41.521053+00:00
840,0.85,not_mound,not_mound,K-35-063-2_Chirpan_4326_x0_y2688.png,K-35-063-2_Chirpan_4326,356024.3161706973,4673908.539578706,,2026-04-27T10:07:34.729359+00:00
841,0.75,mound,bench_mark_on_mound,K-35-063-1_Granit_4326_x336_y3024.png,K-35-063-1_Granit_4326,336703.40748937347,4673066.965699797,50.0,2026-04-27T10:09:06.486773+00:00
842,0.95,mound,bench_mark_on_mound,K-35-063-1_Granit_4326_x1680_y2688.png,K-35-063-1_Granit_4326,344183.80630632624,4674481.644211892,50.0,2026-04-27T10:04:22.936105+00:00
843,0.95,mound,burial_mound,K-35-063-1_Granit_4326_x2352_y3360.png,K-35-063-1_Granit_4326,346368.540232367,4670952.235758554,100.0,2026-04-27T10:04:26.765682+00:00
844,0.2,not_mound,not_mound,K-35-063-3_Tatarevo_4326_x2016_y0.png,K-35-063-3_Tatarevo_4326,345127.7159717198,4669339.021410411,,2026-04-27T10:13:51.637578+00:00
845,1.0,mound,burial_mound,K-35-063-2_Chirpan_4326_x2688_y1680.png,K-35-063-2_Chirpan_4326,369428.7790401231,4678478.143348718,50.0,2026-04-27T09:59:07.998629+00:00
846,1.0,mound,burial_mound,K-35-063-2_Chirpan_4326_x3024_y1344.png,K-35-063-2_Chirpan_4326,371028.46432790393,4680059.864957204,50.0,2026-04-27T09:59:08.849164+00:00
847,0.2,mound,burial_mound,K-35-063-1_Granit_4326_x336_y2352.png,K-35-063-1_Granit_4326,337093.9201180757,4676591.421332653,100.0,2026-04-27T10:13:56.307001+00:00
848,0.15,mound,burial_mound,K-35-063-2_Chirpan_4326_x672_y2016.png,K-35-063-2_Chirpan_4326,359924.65340682573,4676706.751571729,125.0,2026-04-27T10:17:42.594080+00:00
849,0.95,not_mound,not_mound,K-35-063-2_Chirpan_4326_x336_y3024.png,K-35-063-2_Chirpan_4326,357184.7643145721,4673007.33957606,,2026-04-27T10:04:28.183368+00:00
850,1.0,mound,burial_mound,K-35-063-2_Chirpan_4326_x3696_y2016.png,K-35-063-2_Chirpan_4326,373644.6231027544,4676655.461509225,200.0,2026-04-27T09:59:16.837552+00:00
851,0.95,not_mound,not_mound,K-35-063-3_Tatarevo_4326_x1008_y1008.png,K-35-063-3_Tatarevo_4326,340780.5941848278,4665333.036871795,,2026-04-27T10:04:30.297617+00:00
852,0.2,not_mound,not_mound,K-35-063-3_Tatarevo_4326_x0_y1008.png,K-35-063-3_Tatarevo_4326,335602.7708160874,4665093.892031019,,2026-04-27T10:13:58.405919+00:00
853,1.0,mound,bench_mark_on_mound,K-35-063-2_Chirpan_4326_x672_y3360.png,K-35-063-2_Chirpan_4326,360213.8555927395,4669789.517946254,50.0,2026-04-27T09:59:19.085221+00:00
854,1.0,mound,burial_mound,K-35-063-3_Tatarevo_4326_x2352_y0.png,K-35-063-3_Tatarevo_4326,347507.4993233548,4669800.484904986,50.0,2026-04-27T09:59:20.150683+00:00
855,1.0,mound,burial_mound,K-35-063-3_Tatarevo_4326_x2352_y0.png,K-35-063-3_Tatarevo_4326,347506.5581336525,4669764.623250384,50.0,2026-04-27T09:59:21.695661+00:00
856,1.0,mound,bench_mark_on_mound,K-35-063-3_Tatarevo_4326_x2688_y0.png,K-35-063-3_Tatarevo_4326,349038.2298290031,4669622.00631047,50.0,2026-04-27T09:59:23.280920+00:00
857,0.2,not_mound,not_mound,K-35-063-3_Tatarevo_4326_x1344_y2688.png,K-35-063-3_Tatarevo_4326,341531.70947143703,4656130.767419825,,2026-04-27T10:13:59.647937+00:00
858,1.0,mound,burial_mound,K-35-063-3_Tatarevo_4326_x3360_y2016.png,K-35-063-3_Tatarevo_4326,351537.54934272205,4658530.995832719,75.0,2026-04-27T09:59:30.192306+00:00
859,0.2,not_mound,not_mound,K-35-063-2_Chirpan_4326_x3024_y2688.png,K-35-063-2_Chirpan_4326,371857.0367217951,4674364.138627168,,2026-04-27T10:14:02.156748+00:00
860,0.2,not_mound,not_mound,K-35-063-2_Chirpan_4326_x3024_y2688.png,K-35-063-2_Chirpan_4326,371086.5423890577,4673250.696171143,,2026-04-27T10:14:03.271458+00:00
861,0.85,mound,burial_mound,K-35-063-3_Tatarevo_4326_x3696_y0.png,K-35-063-3_Tatarevo_4326,353144.7342891699,4669433.830616714,50.0,2026-04-27T10:07:35.901246+00:00
862,0.85,not_mound,not_mound,K-35-063-3_Tatarevo_4326_x3360_y2352.png,K-35-063-3_Tatarevo_4326,352102.45878487785,4657694.472041559,,2026-04-27T10:07:37.403362+00:00
863,1.0,mound,burial_mound,K-35-063-2_Chirpan_4326_x0_y672.png,K-35-063-2_Chirpan_4326,355760.3135850733,4683826.993167198,50.0,2026-04-27T09:59:31.390088+00:00
864,1.0,mound,burial_mound,K-35-063-2_Chirpan_4326_x0_y672.png,K-35-063-2_Chirpan_4326,355903.1869715143,4683611.438472787,50.0,2026-04-27T09:59:32.434678+00:00
865,0.2,mound,burial_mound,K-35-063-2_Chirpan_4326_x1008_y3360.png,K-35-063-2_Chirpan_4326,361033.84986320086,4671490.491834101,50.0,2026-04-27T10:14:04.429104+00:00
866,0.95,mound,burial_mound,K-35-063-3_Tatarevo_4326_x336_y2352.png,K-35-063-3_Tatarevo_4326,336224.9829656616,4657944.553138905,125.0,2026-04-27T10:04:35.662788+00:00
867,0.95,mound,burial_mound,K-35-063-3_Tatarevo_4326_x3360_y3360.png,K-35-063-3_Tatarevo_4326,351077.4993666358,4651719.530141081,75.0,2026-04-27T10:04:39.384488+00:00
868,0.95,mound,burial_mound,K-35-063-3_Tatarevo_4326_x672_y1680.png,K-35-063-3_Tatarevo_4326,338225.15621010296,4660281.298713207,50.0,2026-04-27T10:04:40.752123+00:00
869,1.0,mound,burial_mound,K-35-063-3_Tatarevo_4326_x336_y0.png,K-35-063-3_Tatarevo_4326,337063.7229049583,4668740.342605582,50.0,2026-04-27T09:59:33.508959+00:00
870,0.4,mound,bench_mark_on_mound,K-35-063-1_Granit_4326_x3360_y336.png,K-35-063-1_Granit_4326,352363.9480622671,4686651.421530268,50.0,2026-04-27T10:10:43.240711+00:00
871,0.2,not_mound,not_mound,K-35-063-3_Tatarevo_4326_x672_y3696.png,K-35-063-3_Tatarevo_4326,338949.4297062848,4651752.642833105,,2026-04-27T10:14:05.953817+00:00
872,0.85,mound,bench_mark_on_mound,K-35-063-4_Skobelevo_4326_x1680_y2016.png,K-35-063-4_Skobelevo_4326,364863.3051752157,4658527.657628652,200.0,2026-04-27T10:07:44.351311+00:00
873,0.15,not_mound,not_mound,K-35-063-4_Skobelevo_4326_x2352_y3024.png,K-35-063-4_Skobelevo_4326,367543.24018619646,4653810.556159689,,2026-04-27T10:17:44.823806+00:00
874,0.4,not_mound,not_mound,K-35-063-4_Skobelevo_4326_x1008_y2016.png,K-35-063-4_Skobelevo_4326,361326.49166281073,4659266.361069729,,2026-04-27T10:10:44.715444+00:00
875,1.0,mound,burial_mound,K-35-063-4_Skobelevo_4326_x2352_y2016.png,K-35-063-4_Skobelevo_4326,367373.2456372395,4658923.7764728805,50.0,2026-04-27T09:59:34.469252+00:00
876,1.0,mound,burial_mound,K-35-063-4_Skobelevo_4326_x2352_y2016.png,K-35-063-4_Skobelevo_4326,367470.8413131817,4658836.753309357,50.0,2026-04-27T09:59:35.408077+00:00
877,0.2,mound,burial_mound,K-35-063-4_Skobelevo_4326_x2352_y2016.png,K-35-063-4_Skobelevo_4326,367023.6786589307,4658769.838848754,50.0,2026-04-27T10:14:07.114486+00:00
878,0.15,not_mound,not_mound,K-35-063-4_Skobelevo_4326_x1680_y3696.png,K-35-063-4_Skobelevo_4326,364207.7108665977,4651298.33649643,,2026-04-27T10:17:47.167047+00:00
879,0.3,not_mound,not_mound,K-35-063-4_Skobelevo_4326_x2016_y3360.png,K-35-063-4_Skobelevo_4326,365292.2072073306,4652044.166266216,,2026-04-27T10:12:02.130229+00:00
880,0.95,mound,bench_mark_on_mound,K-35-063-4_Skobelevo_4326_x2016_y2016.png,K-35-063-4_Skobelevo_4326,364866.1420736497,4658130.286909737,200.0,2026-04-27T10:04:44.051853+00:00
881,0.95,mound,trig_point_on_mound,K-35-063-4_Skobelevo_4326_x0_y2016.png,K-35-063-4_Skobelevo_4326,355724.5695413336,4658651.297196802,50.0,2026-04-27T10:04:45.581486+00:00
882,0.3,not_mound,not_mound,K-35-063-4_Skobelevo_4326_x2016_y1008.png,K-35-063-4_Skobelevo_4326,365781.5132097923,4663582.425077779,,2026-04-27T10:12:03.472583+00:00
883,1.0,mound,burial_mound,K-35-063-4_Skobelevo_4326_x3360_y1344.png,K-35-063-4_Skobelevo_4326,373362.30920859135,4662832.076581652,75.0,2026-04-27T09:59:38.843478+00:00
884,0.4,mound,burial_mound,K-35-063-4_Skobelevo_4326_x2688_y3360.png,K-35-063-4_Skobelevo_4326,369986.0033296488,4651328.069792835,75.0,2026-04-27T10:10:49.434839+00:00
885,0.2,mound,burial_mound,K-35-063-4_Skobelevo_4326_x672_y3360.png,K-35-063-4_Skobelevo_4326,358320.244744109,4651904.63576028,150.0,2026-04-27T10:14:10.878930+00:00
886,0.2,mound,trig_point_on_mound,K-35-064-1_Sredets_4326_x0_y0.png,K-35-064-1_Sredets_4326,376354.5679997986,4686333.118639093,50.0,2026-04-27T10:14:12.547274+00:00
887,0.4,mound,burial_mound,K-35-064-1_Sredets_4326_x0_y0.png,K-35-064-1_Sredets_4326,376962.59978999046,4686635.2030640105,75.0,2026-04-27T10:10:52.556425+00:00
888,0.75,mound,burial_mound,K-35-064-1_Sredets_4326_x0_y1008.png,K-35-064-1_Sredets_4326,376286.2853570925,4681247.63362939,50.0,2026-04-27T10:09:07.444998+00:00
889,0.95,mound,burial_mound,K-35-064-1_Sredets_4326_x0_y1344.png,K-35-064-1_Sredets_4326,376311.8900698821,4680729.585880105,50.0,2026-04-27T10:04:46.696745+00:00
890,0.85,not_mound,not_mound,K-35-063-3_Tatarevo_4326_x1344_y1680.png,K-35-063-3_Tatarevo_4326,341266.543047716,4660417.433004112,,2026-04-27T10:07:46.322058+00:00
891,0.85,mound,burial_mound,K-35-063-3_Tatarevo_4326_x3360_y0.png,K-35-063-3_Tatarevo_4326,351902.54060087947,4669739.424790039,50.0,2026-04-27T10:07:47.497383+00:00
892,0.2,not_mound,not_mound,K-35-064-1_Sredets_4326_x1344_y1680.png,K-35-064-1_Sredets_4326,382745.8217670173,4678745.173999379,,2026-04-27T10:14:14.000327+00:00
893,0.2,not_mound,not_mound,K-35-064-1_Sredets_4326_x0_y3024.png,K-35-064-1_Sredets_4326,376060.5118671949,4671100.789004648,,2026-04-27T10:14:15.849605+00:00
894,1.0,mound,burial_mound,K-35-063-4_Skobelevo_4326_x336_y2688.png,K-35-063-4_Skobelevo_4326,357961.79778966354,4656052.843996807,200.0,2026-04-27T09:59:42.267664+00:00
895,0.3,not_mound,not_mound,K-35-063-1_Granit_4326_x336_y2016.png,K-35-063-1_Granit_4326,337100.00161932124,4677395.750858552,,2026-04-27T10:12:04.801497+00:00
896,0.2,mound,bench_mark_on_mound,K-35-064-1_Sredets_4326_x2352_y3024.png,K-35-064-1_Sredets_4326,388258.20656706527,4672096.465976533,50.0,2026-04-27T10:14:18.585417+00:00
897,1.0,mound,burial_mound,K-35-064-1_Sredets_4326_x0_y1680.png,K-35-064-1_Sredets_4326,377172.7585254385,4678569.354586951,50.0,2026-04-27T09:59:45.725234+00:00
898,0.15,not_mound,not_mound,K-35-064-1_Sredets_4326_x2352_y1680.png,K-35-064-1_Sredets_4326,388437.10566832847,4677839.9738136055,,2026-04-27T10:17:48.982592+00:00
899,1.0,mound,burial_mound,K-35-064-1_Sredets_4326_x2352_y1680.png,K-35-064-1_Sredets_4326,389194.1477872622,4678608.337539292,50.0,2026-04-27T09:59:46.887081+00:00
900,1.0,mound,bench_mark_on_mound,K-35-063-4_Skobelevo_4326_x1680_y1680.png,K-35-063-4_Skobelevo_4326,364532.7408804693,4660669.746818664,50.0,2026-04-27T09:59:48.296595+00:00
901,0.2,not_mound,not_mound,K-35-064-1_Sredets_4326_x1008_y336.png,K-35-064-1_Sredets_4326,381413.0165172213,4685277.758383781,,2026-04-27T10:14:19.779536+00:00
902,0.95,mound,burial_mound,K-35-064-1_Sredets_4326_x1008_y2352.png,K-35-064-1_Sredets_4326,380759.6436341001,4674440.691513279,50.0,2026-04-27T10:04:48.636358+00:00
903,1.0,mound,burial_mound,K-35-064-1_Sredets_4326_x1680_y2016.png,K-35-064-1_Sredets_4326,385956.1540814381,4677729.735144998,50.0,2026-04-27T09:59:49.540688+00:00
904,0.4,not_mound,not_mound,K-35-063-4_Skobelevo_4326_x672_y2016.png,K-35-063-4_Skobelevo_4326,359014.2578159204,4659206.669224804,,2026-04-27T10:10:54.339202+00:00
905,0.95,mound,trig_point_on_mound,K-35-064-1_Sredets_4326_x1680_y3696.png,K-35-064-1_Sredets_4326,384958.544836902,4669243.684120164,50.0,2026-04-27T10:04:50.161332+00:00
906,0.4,mound,burial_mound,K-35-064-1_Sredets_4326_x3024_y1344.png,K-35-064-1_Sredets_4326,390969.4310771425,4680226.310893975,100.0,2026-04-27T10:10:57.720052+00:00
907,1.0,mound,bench_mark_on_mound,K-35-064-1_Sredets_4326_x672_y2352.png,K-35-064-1_Sredets_4326,380592.0528528111,4674578.148172183,50.0,2026-04-27T09:59:50.825997+00:00
908,0.2,not_mound,not_mound,K-35-064-1_Sredets_4326_x336_y0.png,K-35-064-1_Sredets_4326,378566.9298448621,4687405.3927688645,,2026-04-27T10:14:21.007414+00:00
909,0.95,not_mound,not_mound,K-35-064-2_Radnevo_4326_x0_y336.png,K-35-064-2_Radnevo_4326,397443.3647640562,4685070.453344539,,2026-04-27T10:04:51.776352+00:00
910,0.2,not_mound,not_mound,K-35-064-2_Radnevo_4326_x1680_y672.png,K-35-064-2_Radnevo_4326,405316.0735995594,4682757.713554333,,2026-04-27T10:14:22.078452+00:00
911,0.2,not_mound,not_mound,K-35-064-1_Sredets_4326_x2688_y0.png,K-35-064-1_Sredets_4326,389524.6653585743,4686298.595604121,,2026-04-27T10:14:23.290918+00:00
912,0.85,mound,bench_mark_on_mound,K-35-064-1_Sredets_4326_x672_y1344.png,K-35-064-1_Sredets_4326,379835.496660133,4680377.190884737,50.0,2026-04-27T10:07:48.692784+00:00
913,0.85,mound,bench_mark_on_mound,K-35-064-1_Sredets_4326_x3696_y3360.png,K-35-064-1_Sredets_4326,394916.8891282498,4670675.458030556,50.0,2026-04-27T10:07:49.821069+00:00
914,0.4,mound,burial_mound,K-35-064-1_Sredets_4326_x3696_y3360.png,K-35-064-1_Sredets_4326,395022.6292473287,4670570.707203726,50.0,2026-04-27T10:10:58.869390+00:00
915,1.0,mound,settlement_mound,K-35-064-2_Radnevo_4326_x2688_y336.png,K-35-064-2_Radnevo_4326,410542.7592332492,4684923.791628685,50.0,2026-04-27T09:59:54.239054+00:00
916,0.3,not_mound,not_mound,K-35-064-2_Radnevo_4326_x1008_y0.png,K-35-064-2_Radnevo_4326,401597.0724095599,4687307.206841117,,2026-04-27T10:12:05.834557+00:00
917,1.0,mound,bench_mark_on_mound,K-35-064-2_Radnevo_4326_x1008_y3360.png,K-35-064-2_Radnevo_4326,401566.5458911826,4670329.429434382,50.0,2026-04-27T09:59:56.323734+00:00
918,0.95,mound,trig_point_on_mound,K-35-064-2_Radnevo_4326_x1008_y1344.png,K-35-064-2_Radnevo_4326,402576.2172539815,4679939.911339816,50.0,2026-04-27T10:04:53.106692+00:00
919,1.0,mound,bench_mark_on_mound,K-35-064-1_Sredets_4326_x1680_y2016.png,K-35-064-1_Sredets_4326,385790.5915698285,4677545.831995339,50.0,2026-04-27T09:59:57.423788+00:00
920,0.75,mound,burial_mound,K-35-063-1_Granit_4326_x1680_y1008.png,K-35-063-1_Granit_4326,344435.6717820718,4683220.60804195,50.0,2026-04-27T10:09:08.503497+00:00
921,1.0,mound,burial_mound,K-35-064-2_Radnevo_4326_x1344_y3360.png,K-35-064-2_Radnevo_4326,404713.9946711453,4670424.98200062,75.0,2026-04-27T10:00:02.857173+00:00
922,0.95,mound,trig_point_on_mound,K-35-064-2_Radnevo_4326_x3024_y336.png,K-35-064-2_Radnevo_4326,412491.3440865965,4685076.673261825,50.0,2026-04-27T10:04:54.231553+00:00
923,0.3,not_mound,not_mound,K-35-064-2_Radnevo_4326_x2016_y1008.png,K-35-064-2_Radnevo_4326,407108.3638274204,4681808.001193821,,2026-04-27T10:12:06.839883+00:00
924,0.85,mound,burial_mound,K-35-064-2_Radnevo_4326_x1008_y2352.png,K-35-064-2_Radnevo_4326,402018.30906837946,4674940.644392343,50.0,2026-04-27T10:07:51.215379+00:00
925,0.4,mound,bench_mark_on_mound,K-35-064-2_Radnevo_4326_x1680_y1344.png,K-35-064-2_Radnevo_4326,405264.55881261,4680032.967559174,50.0,2026-04-27T10:11:00.421072+00:00
926,0.2,not_mound,not_mound,K-35-064-2_Radnevo_4326_x672_y1008.png,K-35-064-2_Radnevo_4326,400081.09074132016,4681972.244558046,,2026-04-27T10:14:24.466511+00:00
927,0.4,not_mound,not_mound,K-35-064-2_Radnevo_4326_x672_y1008.png,K-35-064-2_Radnevo_4326,400590.9696176096,4681592.514336174,,2026-04-27T10:11:01.561390+00:00
928,0.75,not_mound,not_mound,K-35-064-2_Radnevo_4326_x3360_y1008.png,K-35-064-2_Radnevo_4326,414489.50470889534,4680999.153575682,,2026-04-27T10:09:09.763606+00:00
929,0.85,not_mound,not_mound,K-35-064-2_Radnevo_4326_x4032_y672.png,K-35-064-2_Radnevo_4326,417243.8967698201,4683672.924133017,,2026-04-27T10:07:52.689289+00:00
930,0.2,mound,burial_mound,K-35-064-2_Radnevo_4326_x3360_y1344.png,K-35-064-2_Radnevo_4326,414000.1042162966,4679475.603627941,50.0,2026-04-27T10:14:26.359251+00:00
931,0.85,not_mound,not_mound,K-35-064-2_Radnevo_4326_x3360_y1344.png,K-35-064-2_Radnevo_4326,413915.1580657213,4680089.653605571,,2026-04-27T10:07:53.917471+00:00
932,1.0,mound,burial_mound,K-35-064-2_Radnevo_4326_x2016_y1344.png,K-35-064-2_Radnevo_4326,406717.83798371535,4679736.43468824,50.0,2026-04-27T10:00:04.016665+00:00
933,0.15,not_mound,not_mound,K-35-064-2_Radnevo_4326_x336_y336.png,K-35-064-2_Radnevo_4326,398896.9011242653,4685242.816680398,,2026-04-27T10:17:50.717628+00:00
934,1.0,mound,burial_mound,K-35-064-1_Sredets_4326_x1680_y672.png,K-35-064-1_Sredets_4326,385664.1595408617,4683889.905828618,200.0,2026-04-27T10:00:07.297319+00:00
935,0.2,not_mound,not_mound,K-35-064-1_Sredets_4326_x1680_y672.png,K-35-064-1_Sredets_4326,385190.51072219166,4683413.941348099,,2026-04-27T10:14:27.547856+00:00
936,0.85,mound,bench_mark_on_mound,K-35-064-2_Radnevo_4326_x3360_y2688.png,K-35-064-2_Radnevo_4326,414985.9962002828,4673288.702343964,50.0,2026-04-27T10:07:55.449829+00:00
937,0.2,not_mound,not_mound,K-35-064-3_Dimitrovgrad_4326_x1008_y2688.png,K-35-064-3_Dimitrovgrad_4326,381047.6066590616,4655275.527437473,,2026-04-27T10:14:29.527599+00:00
938,0.3,not_mound,not_mound,K-35-064-2_Radnevo_4326_x336_y1344.png,K-35-064-2_Radnevo_4326,399436.2543249724,4679712.731175351,,2026-04-27T10:12:08.008371+00:00
939,0.2,mound,bench_mark_on_mound,K-35-064-2_Radnevo_4326_x3360_y2016.png,K-35-064-2_Radnevo_4326,414545.0330602219,4676924.310724363,150.0,2026-04-27T10:14:32.439053+00:00
940,0.2,mound,bench_mark_on_mound,K-35-064-3_Dimitrovgrad_4326_x0_y1680.png,K-35-064-3_Dimitrovgrad_4326,375869.28454043606,4659325.669440329,50.0,2026-04-27T10:14:37.991443+00:00
941,0.2,mound,burial_mound,K-35-064-2_Radnevo_4326_x1680_y3360.png,K-35-064-2_Radnevo_4326,405164.2064011083,4669771.237228742,50.0,2026-04-27T10:14:39.270229+00:00
942,0.2,not_mound,not_mound,K-35-064-3_Dimitrovgrad_4326_x2352_y2352.png,K-35-064-3_Dimitrovgrad_4326,388842.8957257714,4657551.308966503,,2026-04-27T10:14:41.321027+00:00
943,0.85,mound,burial_mound,K-35-064-3_Dimitrovgrad_4326_x0_y2016.png,K-35-064-3_Dimitrovgrad_4326,375861.6977850616,4659185.745257318,50.0,2026-04-27T10:07:56.588543+00:00
944,0.65,not_mound,not_mound,K-35-064-3_Dimitrovgrad_4326_x3360_y1680.png,K-35-064-3_Dimitrovgrad_4326,392736.8083190962,4659643.297089337,,2026-04-27T10:09:58.066167+00:00
945,0.85,not_mound,not_mound,K-35-064-3_Dimitrovgrad_4326_x1344_y3024.png,K-35-064-3_Dimitrovgrad_4326,383143.0659993655,4652758.035534746,,2026-04-27T10:07:57.875463+00:00
946,1.0,mound,burial_mound,K-35-063-1_Granit_4326_x1680_y1008.png,K-35-063-1_Granit_4326,344520.7467731772,4682659.472443899,75.0,2026-04-27T10:00:14.349976+00:00
947,0.4,not_mound,not_mound,K-35-064-3_Dimitrovgrad_4326_x2016_y672.png,K-35-064-3_Dimitrovgrad_4326,387367.17226545577,4665535.476786221,,2026-04-27T10:11:02.838985+00:00
948,0.2,not_mound,not_mound,K-35-064-3_Dimitrovgrad_4326_x2016_y2016.png,K-35-064-3_Dimitrovgrad_4326,386020.99977217126,4659255.702953251,,2026-04-27T10:14:43.297703+00:00
949,1.0,not_mound,not_mound,K-35-064-3_Dimitrovgrad_4326_x2352_y1008.png,K-35-064-3_Dimitrovgrad_4326,387810.30496874754,4664200.998326976,,2026-04-27T10:00:15.826392+00:00
950,0.15,not_mound,not_mound,K-35-064-2_Radnevo_4326_x3024_y1680.png,K-35-064-2_Radnevo_4326,412923.1922250617,4678456.632967961,,2026-04-27T10:17:52.146378+00:00
951,0.8,not_mound,not_mound,K-35-064-1_Sredets_4326_x672_y336.png,K-35-064-1_Sredets_4326,379216.9849649445,4685182.726818618,,2026-04-27T10:09:02.724145+00:00
952,0.85,mound,burial_mound,K-35-064-4_Galabovo_4326_x0_y3360.png,K-35-064-4_Galabovo_4326,396605.76484731946,4651158.051000624,50.0,2026-04-27T10:07:59.003068+00:00
953,0.95,mound,bench_mark_on_mound,K-35-064-4_Galabovo_4326_x1008_y1344.png,K-35-064-4_Galabovo_4326,402441.762536315,4660693.888081103,50.0,2026-04-27T10:04:55.525019+00:00
954,0.3,mound,bench_mark_on_mound,K-35-064-4_Galabovo_4326_x1344_y672.png,K-35-064-4_Galabovo_4326,404724.3047277498,4665292.794546254,150.0,2026-04-27T10:12:13.346229+00:00
955,0.2,not_mound,not_mound,K-35-064-3_Dimitrovgrad_4326_x672_y2688.png,K-35-064-3_Dimitrovgrad_4326,379909.6563070166,4655374.260723848,,2026-04-27T10:14:44.645259+00:00
956,0.15,not_mound,not_mound,K-35-064-3_Dimitrovgrad_4326_x672_y1680.png,K-35-064-3_Dimitrovgrad_4326,380120.4265156773,4659676.702500857,,2026-04-27T10:17:53.253103+00:00
957,0.85,mound,burial_mound,K-35-064-3_Dimitrovgrad_4326_x4032_y1344.png,K-35-064-3_Dimitrovgrad_4326,396492.2696185558,4662806.091892948,50.0,2026-04-27T10:08:00.123284+00:00
958,1.0,mound,burial_mound,K-35-064-4_Galabovo_4326_x0_y1008.png,K-35-064-4_Galabovo_4326,396586.546453668,4662687.878396774,50.0,2026-04-27T10:00:17.160084+00:00
959,0.85,mound,burial_mound,K-35-064-3_Dimitrovgrad_4326_x3696_y0.png,K-35-064-3_Dimitrovgrad_4326,395414.6036830152,4668840.681027133,50.0,2026-04-27T10:08:01.019576+00:00
960,0.85,mound,trig_point_on_mound,K-35-064-4_Galabovo_4326_x3024_y1344.png,K-35-064-4_Galabovo_4326,412182.1541588894,4661135.390683891,50.0,2026-04-27T10:08:02.743744+00:00
961,0.95,mound,bench_mark_on_mound,K-35-064-4_Galabovo_4326_x672_y2688.png,K-35-064-4_Galabovo_4326,399883.2347537681,4654814.992705429,50.0,2026-04-27T10:04:59.145776+00:00
962,0.95,mound,burial_mound,K-35-064-4_Galabovo_4326_x2352_y3360.png,K-35-064-4_Galabovo_4326,409794.2732970227,4650529.993089026,75.0,2026-04-27T10:05:02.265494+00:00
963,0.2,not_mound,not_mound,K-35-064-4_Galabovo_4326_x3696_y1008.png,K-35-064-4_Galabovo_4326,414963.885818314,4663316.127430861,,2026-04-27T10:14:46.325525+00:00
964,0.4,not_mound,not_mound,K-35-064-4_Galabovo_4326_x3696_y1008.png,K-35-064-4_Galabovo_4326,415301.97102321126,4663227.5560775455,,2026-04-27T10:11:04.586078+00:00
965,0.15,not_mound,not_mound,K-35-064-4_Galabovo_4326_x3696_y1008.png,K-35-064-4_Galabovo_4326,415156.4795054652,4663147.0152913,,2026-04-27T10:17:54.336556+00:00
966,0.85,mound,trig_point_on_mound,K-35-064-4_Galabovo_4326_x672_y672.png,K-35-064-4_Galabovo_4326,400305.9656035756,4665620.9166924255,200.0,2026-04-27T10:08:06.252241+00:00
967,0.95,not_mound,not_mound,K-35-065-1_Radetski_4326_x1008_y0.png,K-35-065-1_Radetski_4326,423961.3223759685,4685885.526240465,,2026-04-27T10:05:03.654876+00:00
968,0.95,mound,settlement_mound,K-35-065-1_Radetski_4326_x1680_y1680.png,K-35-065-1_Radetski_4326,426759.7527481585,4678382.550958678,50.0,2026-04-27T10:05:05.340921+00:00
969,0.3,not_mound,not_mound,K-35-065-1_Radetski_4326_x3024_y1344.png,K-35-065-1_Radetski_4326,432824.78782247344,4680066.483591449,,2026-04-27T10:12:15.773212+00:00
970,0.2,not_mound,not_mound,K-35-065-1_Radetski_4326_x1008_y1344.png,K-35-065-1_Radetski_4326,423699.3455019044,4680457.069685891,,2026-04-27T10:14:47.850535+00:00
971,0.2,not_mound,not_mound,K-35-065-1_Radetski_4326_x2688_y1680.png,K-35-065-1_Radetski_4326,431739.16999252304,4677264.390266264,,2026-04-27T10:14:48.919025+00:00
972,0.2,not_mound,not_mound,K-35-065-1_Radetski_4326_x2688_y3360.png,K-35-065-1_Radetski_4326,431487.6848728978,4669367.67976732,,2026-04-27T10:14:50.036692+00:00
973,0.85,not_mound,not_mound,K-35-065-1_Radetski_4326_x1680_y0.png,K-35-065-1_Radetski_4326,426497.253829832,4685722.559521914,,2026-04-27T10:08:07.518838+00:00
974,0.85,not_mound,not_mound,K-35-065-1_Radetski_4326_x336_y1008.png,K-35-065-1_Radetski_4326,420050.5212403267,4682052.582406452,,2026-04-27T10:08:08.609333+00:00
975,0.95,mound,burial_mound,K-35-065-1_Radetski_4326_x3696_y1344.png,K-35-065-1_Radetski_4326,436761.33031379135,4680125.993537339,50.0,2026-04-27T10:05:07.538025+00:00
976,0.75,not_mound,not_mound,K-35-065-1_Radetski_4326_x1008_y336.png,K-35-065-1_Radetski_4326,423206.6474062269,4685497.74771642,,2026-04-27T10:09:11.653822+00:00
977,0.15,not_mound,not_mound,K-35-065-1_Radetski_4326_x1344_y2016.png,K-35-065-1_Radetski_4326,424242.233499333,4676382.05786237,,2026-04-27T10:17:55.650033+00:00
978,0.95,mound,bench_mark_on_mound,K-35-065-1_Radetski_4326_x3360_y336.png,K-35-065-1_Radetski_4326,435785.6003468331,4684038.845682655,200.0,2026-04-27T10:05:11.663729+00:00
979,0.85,not_mound,not_mound,K-35-065-1_Radetski_4326_x1680_y1344.png,K-35-065-1_Radetski_4326,425652.1240508449,4679121.431897509,,2026-04-27T10:08:10.006292+00:00
980,0.15,not_mound,not_mound,K-35-065-1_Radetski_4326_x336_y336.png,K-35-065-1_Radetski_4326,420419.78984121926,4684177.889074407,,2026-04-27T10:17:57.821358+00:00
981,0.4,not_mound,not_mound,K-35-065-1_Radetski_4326_x2688_y2352.png,K-35-065-1_Radetski_4326,431266.58135855634,4674707.738514043,,2026-04-27T10:11:05.958495+00:00
982,0.95,mound,bench_mark_on_mound,K-35-065-2_GManastir_4326_x0_y1008.png,K-35-065-2_GManastir_4326,438108.09767016,4680948.047066726,50.0,2026-04-27T10:05:13.373164+00:00
983,0.2,not_mound,not_mound,K-35-065-2_GManastir_4326_x4032_y672.png,K-35-065-2_GManastir_4326,458373.3180606909,4682040.314425188,,2026-04-27T10:14:51.308690+00:00
984,0.2,mound,burial_mound,K-35-065-3_Glavan_4326_x0_y2016.png,K-35-065-3_Glavan_4326,418505.13639898045,4658036.389565276,100.0,2026-04-27T10:14:54.824158+00:00
985,0.2,not_mound,not_mound,K-35-065-3_Glavan_4326_x1344_y1008.png,K-35-065-3_Glavan_4326,425251.7938804453,4662127.375339314,,2026-04-27T10:14:56.340804+00:00
986,0.3,not_mound,not_mound,K-35-064-3_Dimitrovgrad_4326_x3024_y3024.png,K-35-064-3_Dimitrovgrad_4326,391658.438895856,4653055.954723437,,2026-04-27T10:12:17.244257+00:00
987,0.2,not_mound,not_mound,K-35-065-3_Glavan_4326_x3360_y1680.png,K-35-065-3_Glavan_4326,434884.35075436113,4659570.900646765,,2026-04-27T10:14:57.782769+00:00
988,0.75,mound,burial_mound,K-35-065-3_Glavan_4326_x3360_y2352.png,K-35-065-3_Glavan_4326,435093.5364753886,4655873.989286329,50.0,2026-04-27T10:09:31.002766+00:00
989,0.75,mound,burial_mound,K-35-065-3_Glavan_4326_x3360_y2688.png,K-35-065-3_Glavan_4326,434288.8536136051,4655086.253152167,50.0,2026-04-27T10:09:32.057799+00:00
990,1.0,mound,trig_point_on_mound,K-35-065-3_Glavan_4326_x3360_y2352.png,K-35-065-3_Glavan_4326,434782.804862436,4655175.8479309445,50.0,2026-04-27T10:00:18.664697+00:00
991,1.0,mound,burial_mound,K-35-065-3_Glavan_4326_x2016_y336.png,K-35-065-3_Glavan_4326,428830.2750880095,4666998.670066243,200.0,2026-04-27T10:00:26.817011+00:00
992,0.95,not_mound,not_mound,K-35-065-1_Radetski_4326_x2016_y672.png,K-35-065-1_Radetski_4326,427612.4482475963,4683519.315460545,,2026-04-27T10:05:14.701441+00:00
993,0.85,not_mound,not_mound,K-35-065-1_Radetski_4326_x2016_y672.png,K-35-065-1_Radetski_4326,428782.1688061634,4682547.675136409,,2026-04-27T10:08:12.452558+00:00
994,1.0,mound,bench_mark_on_mound,K-35-065-3_Glavan_4326_x672_y2016.png,K-35-065-3_Glavan_4326,420561.49312286143,4656906.86981866,50.0,2026-04-27T10:00:28.351271+00:00
995,0.95,mound,bench_mark_on_mound,K-35-065-4_x2016_y2352.png,K-35-065-4,448005.028998405,4655453.68880837,200.0,2026-04-27T10:05:18.611690+00:00
996,0.15,not_mound,not_mound,K-35-066-1_x1008_y0.png,K-35-066-1,463991.3868035433,4685993.737527996,,2026-04-27T10:17:58.831102+00:00
997,0.2,not_mound,not_mound,K-35-065-4_x3360_y2016.png,K-35-065-4,456377.70530954335,4657364.233434577,,2026-04-27T10:14:59.277933+00:00
998,0.2,not_mound,not_mound,K-35-065-4_x336_y2688.png,K-35-065-4,441309.8484687503,4653233.858340802,,2026-04-27T10:15:00.238742+00:00
999,0.75,mound,burial_mound,K-35-066-1_x2352_y1344.png,K-35-066-1,472047.7620002428,4678876.857099744,50.0,2026-04-27T10:09:33.343652+00:00
1000,0.95,mound,bench_mark_on_mound,K-35-066-1_x1008_y1680.png,K-35-066-1,464757.6149061349,4678017.013195478,50.0,2026-04-27T10:05:20.034067+00:00
1001,0.85,mound,burial_mound,K-35-066-1_x2688_y1008.png,K-35-066-1,473667.9453029656,4679946.535260757,50.0,2026-04-27T10:08:13.681300+00:00
1002,0.2,not_mound,not_mound,K-35-066-1_x2688_y0.png,K-35-066-1,473687.9889345416,4685861.81156444,,2026-04-27T10:15:01.613021+00:00
1003,0.85,mound,burial_mound,K-35-066-1_x1680_y672.png,K-35-066-1,468884.8050368749,4681733.798497789,200.0,2026-04-27T10:08:16.252720+00:00
1004,0.95,mound,burial_mound,K-35-065-2_GManastir_4326_x2688_y1680.png,K-35-065-2_GManastir_4326,451565.9128995594,4677748.428384875,50.0,2026-04-27T10:05:21.336328+00:00
1005,1.0,mound,burial_mound,K-35-066-1_x3360_y2016.png,K-35-066-1,476002.0891950372,4674951.474774495,50.0,2026-04-27T10:00:29.869668+00:00
1006,1.0,mound,bench_mark_on_mound,K-35-066-1_x3360_y1680.png,K-35-066-1,477267.4414669056,4677250.465976657,50.0,2026-04-27T10:00:31.281853+00:00
1007,0.2,not_mound,not_mound,K-35-065-4_x1680_y3360.png,K-35-065-4,447567.6453000463,4650161.71204401,,2026-04-27T10:15:03.077505+00:00
1008,0.2,not_mound,not_mound,K-35-066-2_x3024_y3024.png,K-35-066-2,494888.4961822853,4670589.890710928,,2026-04-27T10:15:04.320343+00:00
1009,0.15,not_mound,not_mound,K-35-066-1_x672_y1680.png,K-35-066-1,462998.129197778,4677412.797624096,,2026-04-27T10:18:00.898964+00:00
1010,0.95,not_mound,not_mound,K-35-065-3_Glavan_4326_x2688_y1680.png,K-35-065-3_Glavan_4326,431302.2374859185,4659429.243216966,,2026-04-27T10:05:22.564111+00:00
1011,1.0,mound,burial_mound,K-35-066-2_x2352_y1680.png,K-35-066-2,492438.3334100723,4676563.235683434,200.0,2026-04-27T10:00:34.268762+00:00
1012,0.95,mound,burial_mound,K-35-066-2_x1008_y336.png,K-35-066-2,485483.9146354536,4684920.416536843,50.0,2026-04-27T10:05:23.961278+00:00
1013,0.4,not_mound,not_mound,K-35-066-2_x0_y1008.png,K-35-066-2,480805.55056582193,4679987.472142946,,2026-04-27T10:11:08.923364+00:00
1014,1.0,mound,trig_point_on_mound,K-35-066-2_x336_y2016.png,K-35-066-2,482672.83431872126,4675215.575107551,50.0,2026-04-27T10:00:35.847804+00:00
1015,0.4,not_mound,not_mound,K-35-066-1_x1680_y0.png,K-35-066-1,468817.4145822317,4686695.465791146,,2026-04-27T10:11:10.603940+00:00
1016,0.85,mound,bench_mark_on_mound,K-35-066-2_x3360_y1344.png,K-35-066-2,497913.499572513,4679156.115397766,50.0,2026-04-27T10:08:17.758575+00:00
1017,0.15,not_mound,not_mound,K-35-066-1_x672_y1008.png,K-35-066-1,463701.07762246137,4680698.833182263,,2026-04-27T10:18:01.892947+00:00
1018,1.0,mound,bench_mark_on_mound,K-35-066-1_x3696_y2688.png,K-35-066-1,478227.08260875207,4671659.847170373,200.0,2026-04-27T10:00:43.356785+00:00
1019,1.0,mound,burial_mound,K-35-066-1_x2688_y1344.png,K-35-066-1,472833.9944983464,4679677.228808375,75.0,2026-04-27T10:00:50.286631+00:00
1020,0.95,mound,bench_mark_on_mound,K-35-066-3_x0_y2688.png,K-35-066-3,458802.2391267863,4653955.498900322,50.0,2026-04-27T10:05:25.313264+00:00
1021,1.0,mound,bench_mark_on_mound,K-35-066-2_x336_y336.png,K-35-066-2,482534.75386577577,4683201.980531297,150.0,2026-04-27T10:00:56.101547+00:00
1022,0.95,not_mound,not_mound,K-35-066-2_x672_y2016.png,K-35-066-2,483093.628684817,4675533.552039724,,2026-04-27T10:05:27.179610+00:00
1023,0.2,not_mound,not_mound,K-35-066-2_x672_y2016.png,K-35-066-2,483967.76525870606,4675368.063350042,,2026-04-27T10:15:05.492659+00:00
1024,0.95,mound,bench_mark_on_mound,K-35-066-2_x672_y2016.png,K-35-066-2,484179.63099025714,4674945.5437728055,200.0,2026-04-27T10:05:30.062922+00:00
1025,0.35,mound,burial_mound,K-35-066-1_x3696_y672.png,K-35-066-1,478812.94265786064,4682089.326773123,75.0,2026-04-27T10:11:50.014641+00:00
1026,0.2,not_mound,not_mound,K-35-066-1_x1344_y1008.png,K-35-066-1,466814.03781204304,4680833.55487562,,2026-04-27T10:15:07.117490+00:00
1027,0.85,not_mound,not_mound,K-35-066-2_x672_y672.png,K-35-066-2,482842.1677551212,4681668.712951232,,2026-04-27T10:08:19.752879+00:00
1028,0.2,not_mound,not_mound,K-35-066-2_x4032_y672.png,K-35-066-2,499728.6087436381,4682051.917081141,,2026-04-27T10:15:08.703257+00:00
1029,0.95,mound,burial_mound,K-35-066-3_x3360_y672.png,K-35-066-3,477236.9954353077,4663626.390382584,75.0,2026-04-27T10:05:34.567125+00:00
1030,0.2,mound,burial_mound,K-35-066-3_x2352_y672.png,K-35-066-3,471011.4945345393,4663669.636015002,75.0,2026-04-27T10:15:12.221313+00:00
1031,1.0,mound,burial_mound,K-35-066-3_x1008_y672.png,K-35-066-3,463747.15121876897,4664372.959394309,50.0,2026-04-27T10:00:57.469437+00:00
1032,1.0,mound,burial_mound,K-35-066-4_x1680_y0.png,K-35-066-4,488511.3622429561,4667446.1892166985,100.0,2026-04-27T10:01:01.802170+00:00
1033,0.2,not_mound,not_mound,K-35-066-4_x1680_y2016.png,K-35-066-4,489184.49697992206,4656387.743036492,,2026-04-27T10:15:13.351344+00:00
1034,0.95,mound,burial_mound,K-35-066-2_x2688_y3360.png,K-35-066-2,494272.8900901294,4668233.258092477,200.0,2026-04-27T10:05:37.652573+00:00
1035,0.2,not_mound,not_mound,K-35-066-4_x336_y0.png,K-35-066-4,482705.482460472,4666424.87941594,,2026-04-27T10:15:14.481653+00:00
1036,0.2,not_mound,not_mound,K-35-066-4_x1680_y2688.png,K-35-066-4,488047.0304222996,4654360.607279458,,2026-04-27T10:15:15.460202+00:00
1037,0.75,not_mound,not_mound,K-35-066-4_x336_y3024.png,K-35-066-4,482477.3063652705,4652187.790756038,,2026-04-27T10:09:34.692101+00:00
1038,0.15,not_mound,not_mound,K-35-066-4_x2688_y0.png,K-35-066-4,494345.95113802544,4667563.342448124,,2026-04-27T10:18:02.879454+00:00
1039,0.15,not_mound,not_mound,K-35-066-4_x3024_y2688.png,K-35-066-4,495325.452060713,4653433.291804925,,2026-04-27T10:18:03.885045+00:00
1040,1.0,not_mound,not_mound,K-35-066-4_x3024_y336.png,K-35-066-4,495574.8544515449,4664932.565390436,,2026-04-27T10:01:04.204631+00:00
1041,0.2,not_mound,not_mound,K-35-066-4_x3696_y2352.png,K-35-066-4,498934.1466301856,4655341.983855678,,2026-04-27T10:15:16.384609+00:00
1042,0.4,not_mound,not_mound,K-35-066-3_x0_y0.png,K-35-066-3,460376.7725241235,4667646.081226272,,2026-04-27T10:11:11.729554+00:00
1043,0.4,not_mound,not_mound,K-35-067-1_x3696_y2016.png,K-35-067-1,519684.8126648616,4675117.071938371,,2026-04-27T10:11:13.797099+00:00
1044,0.95,mound,bench_mark_on_mound,K-35-066-3_x2352_y1008.png,K-35-066-3,471766.1051335759,4662230.142569599,50.0,2026-04-27T10:05:39.048598+00:00
1045,0.2,not_mound,not_mound,K-35-067-1_x0_y672.png,K-35-067-1,500454.8692214633,4682555.690300518,,2026-04-27T10:15:17.338394+00:00
1046,0.15,not_mound,not_mound,K-35-066-4_x672_y2688.png,K-35-066-4,484390.5676543,4653381.10928143,,2026-04-27T10:18:05.354324+00:00
1047,0.4,mound,burial_mound,K-35-066-4_x336_y2352.png,K-35-066-4,482652.7437668337,4655602.76261982,200.0,2026-04-27T10:11:17.585146+00:00
1048,1.0,mound,burial_mound,K-35-067-1_x0_y0.png,K-35-067-1,500424.9900014546,4685906.94322615,50.0,2026-04-27T10:01:05.460816+00:00
1049,1.0,mound,burial_mound,K-35-067-1_x336_y672.png,K-35-067-1,502664.98672904505,4681938.385275113,50.0,2026-04-27T10:01:06.760428+00:00
1050,1.0,mound,burial_mound,K-35-067-2_x1680_y672.png,K-35-067-2,528917.1281469904,4683489.550466642,50.0,2026-04-27T10:01:08.144322+00:00
1051,1.0,mound,burial_mound,K-35-067-1_x336_y0.png,K-35-067-1,502336.8934039558,4685584.651630453,50.0,2026-04-27T10:01:09.065727+00:00
1052,1.0,mound,burial_mound,K-35-067-2_x3024_y1680.png,K-35-067-2,537022.7288605006,4678026.276590633,50.0,2026-04-27T10:01:10.991941+00:00
1053,0.15,not_mound,not_mound,K-35-067-1_x672_y2688.png,K-35-067-1,503968.1073165301,4671748.334611748,,2026-04-27T10:18:06.399814+00:00
1054,0.15,not_mound,not_mound,K-35-066-4_x2688_y1008.png,K-35-066-4,493472.717863192,4662327.734807025,,2026-04-27T10:18:07.453906+00:00
1055,0.95,mound,burial_mound,K-35-066-1_x672_y336.png,K-35-066-1,462645.77899146825,4685053.285614514,50.0,2026-04-27T10:05:40.462694+00:00
1056,0.2,mound,burial_mound,K-35-067-2_x2352_y1680.png,K-35-067-2,533429.0926381297,4677200.364560192,50.0,2026-04-27T10:15:21.431764+00:00
1057,1.0,mound,burial_mound,K-35-067-2_x2352_y3024.png,K-35-067-2,532852.5924171694,4670107.906420154,50.0,2026-04-27T10:01:11.966114+00:00
1058,0.95,mound,burial_mound,K-35-067-2_x2688_y3024.png,K-35-067-2,534629.2906124118,4671516.571895584,50.0,2026-04-27T10:05:41.850302+00:00
1059,0.4,not_mound,not_mound,K-35-067-1_x336_y2352.png,K-35-067-1,502905.34849238687,4674043.75467355,,2026-04-27T10:11:20.107780+00:00
1060,1.0,mound,burial_mound,K-35-067-3_x1680_y672.png,K-35-067-3,510034.6922509375,4664532.601994257,50.0,2026-04-27T10:01:12.969090+00:00
1061,0.85,mound,trig_point_on_mound,K-35-067-3_x3024_y672.png,K-35-067-3,516470.95486444863,4664323.177514089,150.0,2026-04-27T10:08:23.525597+00:00
1062,0.2,not_mound,not_mound,K-35-067-3_x3024_y672.png,K-35-067-3,515233.2927553305,4663636.219505638,,2026-04-27T10:15:22.636086+00:00
1063,0.3,not_mound,not_mound,K-35-066-4_x2688_y2352.png,K-35-066-4,493689.0201170785,4655880.436378145,,2026-04-27T10:12:18.652729+00:00
1064,0.3,not_mound,not_mound,K-35-066-4_x2688_y2352.png,K-35-066-4,493715.2567258369,4655607.612335084,,2026-04-27T10:12:19.689467+00:00
1065,0.85,mound,burial_mound,K-35-067-3_x2352_y672.png,K-35-067-3,513134.6538571044,4664880.22314974,50.0,2026-04-27T10:08:24.992403+00:00
1066,0.95,mound,burial_mound,K-35-067-3_x672_y672.png,K-35-067-3,503503.5446340675,4664589.293460652,50.0,2026-04-27T10:05:42.856171+00:00
1067,0.3,not_mound,not_mound,K-35-067-3_x2016_y0.png,K-35-067-3,510826.7145259636,4667311.90325883,,2026-04-27T10:12:21.796540+00:00
1068,1.0,not_mound,not_mound,K-35-067-3_x336_y336.png,K-35-067-3,503456.8923275642,4664841.422985862,,2026-04-27T10:01:14.180397+00:00
1069,0.95,mound,burial_mound,K-35-067-3_x2688_y672.png,K-35-067-3,513627.1649955639,4664554.389955234,50.0,2026-04-27T10:05:43.778797+00:00
1070,0.2,mound,burial_mound,K-35-067-4_x1344_y1680.png,K-35-067-4,528636.890789273,4658913.661736282,50.0,2026-04-27T10:15:25.863873+00:00
1071,0.95,mound,burial_mound,K-35-067-3_x336_y1008.png,K-35-067-3,502325.1974924708,4661836.787177848,50.0,2026-04-27T10:05:44.693035+00:00
1072,0.95,mound,burial_mound,K-35-067-4_x1344_y1008.png,K-35-067-4,528605.0549204119,4663099.026655542,75.0,2026-04-27T10:05:47.671610+00:00
1073,0.85,not_mound,not_mound,K-35-066-3_x3024_y672.png,K-35-066-3,475394.1658719135,4664033.067441854,,2026-04-27T10:08:26.585718+00:00
1074,0.15,not_mound,not_mound,K-35-067-3_x3696_y336.png,K-35-067-3,519238.3808242951,4665131.609060773,,2026-04-27T10:18:08.825856+00:00
1075,0.2,not_mound,not_mound,K-35-067-4_x336_y3360.png,K-35-067-4,523341.7304255864,4650422.086552771,,2026-04-27T10:15:27.201992+00:00
1076,0.4,mound,burial_mound,K-35-067-4_x3360_y1680.png,K-35-067-4,537795.8750585984,4658882.071456123,50.0,2026-04-27T10:11:21.455937+00:00
1077,1.0,not_mound,not_mound,K-35-067-4_x2688_y2352.png,K-35-067-4,534524.5418577532,4654839.618234044,,2026-04-27T10:01:15.620099+00:00
1078,0.2,not_mound,not_mound,K-35-074-1_x1344_y672.png,K-35-074-1,299855.1139708507,4647684.358552733,,2026-04-27T10:15:28.784552+00:00
1079,0.85,mound,burial_mound,K-35-067-2_x1344_y3360.png,K-35-067-2,528161.1166641826,4669565.066867577,50.0,2026-04-27T10:08:27.723256+00:00
1080,0.85,not_mound,not_mound,K-35-067-3_x336_y1344.png,K-35-067-3,501925.1351056896,4660283.123366524,,2026-04-27T10:08:29.313589+00:00
1081,0.15,not_mound,not_mound,K-35-074-1_x2016_y672.png,K-35-074-1,302749.72664933174,4647768.019871396,,2026-04-27T10:18:09.807924+00:00
1082,0.2,not_mound,not_mound,K-35-074-1_x2352_y336.png,K-35-074-1,305978.06849504175,4650301.392819129,,2026-04-27T10:15:30.726546+00:00
1083,0.2,not_mound,not_mound,K-35-074-1_x2352_y1680.png,K-35-074-1,305093.0558286613,4643565.683434981,,2026-04-27T10:15:31.812334+00:00
1084,1.0,mound,burial_mound,K-35-074-2_x1008_y0.png,K-35-074-2,319598.37043893803,4650415.764339657,200.0,2026-04-27T10:01:19.205898+00:00
1085,0.85,not_mound,not_mound,K-35-074-1_x2352_y3024.png,K-35-074-1,305372.40644406807,4635738.630161135,,2026-04-27T10:08:30.501588+00:00
1086,0.2,not_mound,not_mound,K-35-074-1_x672_y1008.png,K-35-074-1,296971.1332646365,4646304.683965977,,2026-04-27T10:15:33.138644+00:00
1087,0.4,not_mound,not_mound,K-35-074-1_x672_y2688.png,K-35-074-1,296578.67337890784,4637940.343593854,,2026-04-27T10:11:24.241487+00:00
1088,0.75,not_mound,not_mound,K-35-074-2_x1680_y1680.png,K-35-074-2,322504.4771285444,4642696.588783305,,2026-04-27T10:09:36.151592+00:00
1089,0.15,not_mound,not_mound,K-35-074-2_x1680_y2016.png,K-35-074-2,323283.2150722813,4640302.451837026,,2026-04-27T10:18:11.355698+00:00
1090,0.85,not_mound,not_mound,K-35-074-2_x0_y3360.png,K-35-074-2,314524.98244364135,4633504.741359271,,2026-04-27T10:08:32.345854+00:00
1091,0.2,not_mound,not_mound,K-35-067-3_x3024_y1344.png,K-35-067-3,515391.12807093945,4660542.222375554,,2026-04-27T10:15:34.180413+00:00
1092,0.2,mound,bench_mark_on_mound,K-35-067-4_x3360_y1344.png,K-35-067-4,538147.7613491877,4660656.8439669525,50.0,2026-04-27T10:15:35.733692+00:00
1093,0.2,not_mound,not_mound,K-35-074-2_x2352_y3360.png,K-35-074-2,325855.17391710944,4634256.8017488215,,2026-04-27T10:15:38.268820+00:00
1094,0.2,not_mound,not_mound,K-35-074-1_x1008_y336.png,K-35-074-1,298187.91750166984,4650329.420456211,,2026-04-27T10:15:39.759633+00:00
1095,0.4,not_mound,not_mound,K-35-074-2_x3696_y672.png,K-35-074-2,332514.0795493537,4647683.059753487,,2026-04-27T10:11:25.778738+00:00
1096,0.2,not_mound,not_mound,K-35-074-2_x672_y1344.png,K-35-074-2,316807.718529071,4643577.098795881,,2026-04-27T10:15:41.336017+00:00
1097,0.95,mound,burial_mound,K-35-067-4_x2016_y2016.png,K-35-067-4,530972.5565236601,4657456.764804688,50.0,2026-04-27T10:05:49.109200+00:00
1098,0.15,not_mound,not_mound,K-35-074-3_x4032_y672.png,K-35-074-3,312455.66877071874,4629885.740811033,,2026-04-27T10:18:12.555617+00:00
1099,0.15,not_mound,not_mound,K-35-074-4_x1008_y3360.png,K-35-074-4,318584.51961898775,4615733.19149242,,2026-04-27T10:18:13.736786+00:00
1100,0.15,not_mound,not_mound,K-35-074-4_x2016_y3360.png,K-35-074-4,324185.9263986179,4615821.850336405,,2026-04-27T10:18:14.912739+00:00
1101,1.0,mound,bench_mark_on_mound,K-35-075-1_x0_y0.png,K-35-075-1,335593.5833537066,4649845.072342419,50.0,2026-04-27T10:01:20.673703+00:00
1102,1.0,mound,burial_mound,K-35-075-1_x0_y336.png,K-35-075-1,335472.4978635297,4649681.348047922,100.0,2026-04-27T10:01:23.641666+00:00
1103,0.95,not_mound,not_mound,K-35-075-1_x1344_y0.png,K-35-075-1,342397.2068030241,4651594.386047437,,2026-04-27T10:05:50.842507+00:00
1104,0.2,not_mound,not_mound,K-35-074-2_x4032_y3024.png,K-35-074-2,333478.90432152007,4635783.476723531,,2026-04-27T10:15:42.423881+00:00
1105,0.95,mound,bench_mark_on_mound,K-35-075-1_x1344_y0.png,K-35-075-1,342401.7585856125,4651407.7643405,50.0,2026-04-27T10:05:52.066693+00:00
1106,0.2,not_mound,not_mound,K-35-074-4_x3696_y336.png,K-35-074-4,332662.14396071376,4630196.455677017,,2026-04-27T10:15:44.417554+00:00
1107,0.2,not_mound,not_mound,K-35-075-1_x2688_y3360.png,K-35-075-1,348311.07443352346,4634122.371229738,,2026-04-27T10:15:45.994157+00:00
1108,0.85,not_mound,not_mound,K-35-075-1_x1680_y1344.png,K-35-075-1,343223.31120173703,4643221.8554921625,,2026-04-27T10:08:34.651538+00:00
1109,1.0,mound,burial_mound,K-35-075-1_x2016_y0.png,K-35-075-1,345834.3997500144,4651130.773207553,50.0,2026-04-27T10:01:24.773508+00:00
1110,0.15,not_mound,not_mound,K-35-075-1_x3696_y2688.png,K-35-075-1,353163.45225188986,4636961.358702404,,2026-04-27T10:18:16.074346+00:00
1111,1.0,mound,burial_mound,K-35-075-1_x2688_y1008.png,K-35-075-1,347876.15651364543,4645356.438406969,50.0,2026-04-27T10:01:26.155615+00:00
1112,1.0,mound,burial_mound,K-35-075-1_x0_y672.png,K-35-075-1,334395.6018284132,4647092.764005044,50.0,2026-04-27T10:01:27.046644+00:00
1113,1.0,mound,burial_mound,K-35-075-1_x672_y1008.png,K-35-075-1,338316.33159566286,4644688.99856882,50.0,2026-04-27T10:01:27.885618+00:00
1114,1.0,mound,burial_mound,K-35-075-1_x672_y1008.png,K-35-075-1,338797.4123216636,4644955.462401039,50.0,2026-04-27T10:01:28.764660+00:00
1115,0.75,mound,burial_mound,K-35-075-2_x1344_y1680.png,K-35-075-2,362144.5743887329,4641977.201123609,50.0,2026-04-27T10:09:37.310218+00:00
1116,1.0,mound,bench_mark_on_mound,K-35-075-1_x3024_y0.png,K-35-075-1,350145.5999913134,4651153.422188762,50.0,2026-04-27T10:01:29.902293+00:00
1117,0.2,not_mound,not_mound,K-35-075-2_x1680_y3360.png,K-35-075-2,363049.6359048571,4633630.701397528,,2026-04-27T10:15:50.241579+00:00
1118,0.95,mound,bench_mark_on_mound,K-35-075-2_x3024_y0.png,K-35-075-2,370793.01087500073,4650579.141488648,50.0,2026-04-27T10:05:53.598175+00:00
1119,0.2,not_mound,not_mound,K-35-075-2_x0_y1344.png,K-35-075-2,356333.09339573374,4642894.906864665,,2026-04-27T10:15:53.007595+00:00
1120,0.4,not_mound,not_mound,K-35-075-2_x1680_y1008.png,K-35-075-2,364845.5128100363,4645508.437882478,,2026-04-27T10:11:27.056688+00:00
1121,1.0,mound,burial_mound,K-35-075-2_x2352_y672.png,K-35-075-2,367620.81585765176,4646311.746962219,50.0,2026-04-27T10:01:30.847921+00:00
1122,0.95,mound,bench_mark_on_mound,K-35-075-2_x3360_y3696.png,K-35-075-2,373036.0274979846,4632569.101552576,50.0,2026-04-27T10:05:54.635661+00:00
1123,0.2,not_mound,not_mound,K-35-075-2_x2016_y672.png,K-35-075-2,365994.0115557614,4647302.374414118,,2026-04-27T10:15:54.855041+00:00
1124,0.2,not_mound,not_mound,K-35-075-2_x2688_y1008.png,K-35-075-2,368901.27807518095,4645589.023092927,,2026-04-27T10:15:56.646337+00:00
1125,0.95,mound,bench_mark_on_mound,K-35-075-2_x4032_y2016.png,K-35-075-2,374880.5809095848,4639433.62154359,50.0,2026-04-27T10:05:55.782479+00:00
1126,0.15,not_mound,not_mound,K-35-075-1_x3360_y2352.png,K-35-075-1,351379.4049979711,4638814.317947698,,2026-04-27T10:18:23.661864+00:00
1127,0.85,mound,burial_mound,K-35-075-2_x672_y2688.png,K-35-075-2,359360.76810039976,4637056.536506633,100.0,2026-04-27T10:08:40.224259+00:00
1128,0.95,mound,burial_mound,K-35-075-2_x672_y2688.png,K-35-075-2,359427.5961035388,4637056.438819569,50.0,2026-04-27T10:05:56.929748+00:00
1129,0.75,not_mound,not_mound,K-35-075-2_x4032_y1008.png,K-35-075-2,375428.444827858,4644789.587078644,,2026-04-27T10:09:38.820153+00:00
1130,0.65,not_mound,not_mound,K-35-075-2_x2688_y2352.png,K-35-075-2,369060.900646469,4637701.588959206,,2026-04-27T10:09:59.197621+00:00
1131,0.2,not_mound,not_mound,K-35-075-2_x672_y2352.png,K-35-075-2,358474.859833712,4638588.384854103,,2026-04-27T10:15:57.846316+00:00
1132,0.2,not_mound,not_mound,K-35-074-2_x2352_y672.png,K-35-074-2,325247.22867919574,4648020.581352823,,2026-04-27T10:15:58.911862+00:00
1133,0.15,not_mound,not_mound,K-35-075-3_x1008_y3360.png,K-35-075-3,339669.27086351486,4615449.015281854,,2026-04-27T10:18:25.029684+00:00
1134,0.15,not_mound,not_mound,K-35-075-3_x1344_y2688.png,K-35-075-3,341788.1489858928,4618355.230282569,,2026-04-27T10:18:26.207878+00:00
1135,0.2,not_mound,not_mound,K-35-075-3_x2016_y1008.png,K-35-075-3,345403.9913299879,4626876.840923735,,2026-04-27T10:16:00.370630+00:00
1136,0.3,not_mound,not_mound,K-35-075-3_x1680_y2016.png,K-35-075-3,343391.2674718449,4621710.826182999,,2026-04-27T10:12:24.188056+00:00
1137,0.15,not_mound,not_mound,K-35-075-3_x2688_y0.png,K-35-075-3,348403.8445260135,4631316.019048186,,2026-04-27T10:18:27.228534+00:00
1138,0.15,not_mound,not_mound,K-35-075-3_x1008_y1680.png,K-35-075-3,339096.96624974697,4623356.430047343,,2026-04-27T10:18:28.598798+00:00
1139,0.15,not_mound,not_mound,K-35-075-1_x3696_y2352.png,K-35-075-1,353504.58247930964,4639062.286467137,,2026-04-27T10:18:30.174030+00:00
1140,0.2,not_mound,not_mound,K-35-075-3_x1680_y672.png,K-35-075-3,342383.7594651533,4628312.076863218,,2026-04-27T10:16:01.451284+00:00
1141,0.85,not_mound,not_mound,K-35-075-3_x2016_y3360.png,K-35-075-3,344765.9267665438,4614651.602228906,,2026-04-27T10:08:41.739997+00:00
1142,0.15,not_mound,not_mound,K-35-075-3_x3696_y2352.png,K-35-075-3,353167.0227645701,4620174.425784157,,2026-04-27T10:18:31.188477+00:00
1143,0.2,not_mound,not_mound,K-35-075-3_x3696_y2352.png,K-35-075-3,353154.2093097507,4620077.163652765,,2026-04-27T10:16:02.580990+00:00
1144,0.2,not_mound,not_mound,K-35-075-1_x3360_y1344.png,K-35-075-1,351421.43105095706,4644077.594485761,,2026-04-27T10:16:03.750135+00:00
1145,1.0,not_mound,not_mound,K-35-075-4_x1008_y336.png,K-35-075-4,359652.6071672222,4629221.829149301,,2026-04-27T10:01:33.038563+00:00
1146,0.4,mound,burial_mound,K-35-075-4_x1680_y0.png,K-35-075-4,363588.6493298628,4632144.893996078,50.0,2026-04-27T10:11:28.649790+00:00
1147,0.15,not_mound,not_mound,K-35-075-4_x1008_y2352.png,K-35-075-4,360332.304787685,4619644.75214211,,2026-04-27T10:18:32.549879+00:00
1148,0.2,not_mound,not_mound,K-35-075-4_x2016_y1680.png,K-35-075-4,365153.13173817546,4622421.455268167,,2026-04-27T10:16:04.874077+00:00
1149,0.2,not_mound,not_mound,K-35-075-4_x2352_y2016.png,K-35-075-4,367061.38601265376,4622359.751279561,,2026-04-27T10:16:06.088240+00:00
1150,0.2,not_mound,not_mound,K-35-075-4_x3696_y336.png,K-35-075-4,373215.1966609012,4630012.530993459,,2026-04-27T10:16:07.158853+00:00
1151,0.2,mound,burial_mound,K-35-075-4_x0_y672.png,K-35-075-4,356017.0322345955,4628984.10661382,200.0,2026-04-27T10:16:09.817336+00:00
1152,0.15,not_mound,not_mound,K-35-075-4_x4032_y336.png,K-35-075-4,374840.0460128197,4630198.536688799,,2026-04-27T10:18:33.716478+00:00
1153,0.15,not_mound,not_mound,K-35-074-1_x1344_y1008.png,K-35-074-1,300436.90250897047,4647238.364352503,,2026-04-27T10:18:34.840474+00:00
1154,0.15,not_mound,not_mound,K-35-074-1_x1344_y1008.png,K-35-074-1,299989.5941340864,4646651.535237652,,2026-04-27T10:18:35.937583+00:00
1155,0.2,not_mound,not_mound,K-35-074-1_x1344_y1008.png,K-35-074-1,299849.8702664506,4646391.879839777,,2026-04-27T10:16:11.182348+00:00
1156,0.85,mound,burial_mound,K-35-076-1_x1344_y0.png,K-35-076-1,383390.1197896393,4650371.67238646,50.0,2026-04-27T10:08:42.804874+00:00
1157,0.15,not_mound,not_mound,K-35-076-1_x2016_y3024.png,K-35-076-1,386165.9604773805,4633816.270626829,,2026-04-27T10:18:39.616088+00:00
1158,1.0,mound,burial_mound,K-35-076-1_x2016_y0.png,K-35-076-1,386891.384745598,4650410.137520975,50.0,2026-04-27T10:01:34.058168+00:00
1159,0.95,mound,bench_mark_on_mound,K-35-076-1_x1680_y2352.png,K-35-076-1,385511.0584841146,4637588.421576715,50.0,2026-04-27T10:05:58.010670+00:00
1160,0.75,mound,burial_mound,K-35-075-3_x4032_y1008.png,K-35-075-3,353864.7321345948,4627756.669185256,50.0,2026-04-27T10:09:39.962500+00:00
1161,0.2,not_mound,not_mound,K-35-075-3_x336_y3024.png,K-35-075-3,336021.56323837803,4616563.409213063,,2026-04-27T10:16:12.387438+00:00
1162,0.3,mound,settlement_mound,K-35-076-1_x1680_y336.png,K-35-076-1,384992.63712456427,4648528.0929016415,50.0,2026-04-27T10:12:26.282968+00:00
1163,0.2,not_mound,not_mound,K-35-076-1_x1680_y336.png,K-35-076-1,384668.3951523007,4648371.206648215,,2026-04-27T10:16:14.680599+00:00
1164,0.15,not_mound,not_mound,K-35-075-4_x2352_y2352.png,K-35-075-4,367372.0721617016,4619005.102957975,,2026-04-27T10:18:41.350763+00:00
1165,0.15,mound,burial_mound,K-35-076-2_x3024_y1008.png,K-35-076-2,412660.6147381711,4644815.039343617,50.0,2026-04-27T10:18:42.826148+00:00
1166,0.95,mound,burial_mound,K-35-076-2_x3024_y1008.png,K-35-076-2,412594.61187835946,4644126.362399822,50.0,2026-04-27T10:05:59.314338+00:00
1167,0.95,mound,burial_mound,K-35-076-2_x1008_y336.png,K-35-076-2,402702.66264895455,4647563.503816232,50.0,2026-04-27T10:06:00.389163+00:00
1168,1.0,mound,burial_mound,K-35-076-2_x1344_y1008.png,K-35-076-2,403555.76571942825,4643667.518640457,50.0,2026-04-27T10:01:34.988007+00:00
1169,1.0,mound,burial_mound,K-35-076-2_x0_y336.png,K-35-076-2,397613.5824232465,4646969.551350433,50.0,2026-04-27T10:01:36.051255+00:00
1170,0.95,mound,burial_mound,K-35-076-2_x0_y672.png,K-35-076-2,397551.2486862358,4645946.5323758535,50.0,2026-04-27T10:06:01.388959+00:00
1171,0.2,not_mound,not_mound,K-35-076-1_x336_y1680.png,K-35-076-1,377996.8432700525,4641498.492581157,,2026-04-27T10:16:16.021238+00:00
1172,0.2,not_mound,not_mound,K-35-076-1_x336_y1680.png,K-35-076-1,378063.5409313768,4641309.983819397,,2026-04-27T10:16:18.294873+00:00
1173,1.0,mound,burial_mound,K-35-076-2_x0_y336.png,K-35-076-2,396406.8265230473,4647534.449212687,50.0,2026-04-27T10:01:37.067790+00:00
1174,0.85,mound,burial_mound,K-35-076-2_x0_y336.png,K-35-076-2,396357.89041146,4647361.362864343,50.0,2026-04-27T10:08:43.823426+00:00
1175,0.95,mound,burial_mound,K-35-076-2_x0_y336.png,K-35-076-2,397321.6471775828,4647018.5231015375,50.0,2026-04-27T10:06:02.307950+00:00
1176,1.0,mound,burial_mound,K-35-076-2_x0_y336.png,K-35-076-2,397625.248317339,4647324.423173997,50.0,2026-04-27T10:01:38.151857+00:00
1177,0.95,mound,burial_mound,K-35-076-1_x3696_y1680.png,K-35-076-1,394956.7668515599,4641156.552708434,50.0,2026-04-27T10:06:03.234647+00:00
1178,1.0,mound,burial_mound,K-35-076-2_x0_y1008.png,K-35-076-2,396964.6368214221,4643963.709725969,50.0,2026-04-27T10:01:39.146758+00:00
1179,1.0,mound,burial_mound,K-35-076-2_x0_y1008.png,K-35-076-2,397256.0709778346,4643814.120093202,50.0,2026-04-27T10:01:40.066120+00:00
1180,0.15,not_mound,not_mound,K-35-076-2_x1680_y2352.png,K-35-076-2,406282.7800930336,4638166.759485733,,2026-04-27T10:18:45.438863+00:00
1181,0.2,mound,burial_mound,K-35-076-2_x1344_y336.png,K-35-076-2,404641.7607769863,4648129.529499412,50.0,2026-04-27T10:16:19.543648+00:00
1182,0.95,mound,burial_mound,K-35-076-2_x1344_y336.png,K-35-076-2,404564.9569488249,4647729.668297327,50.0,2026-04-27T10:06:04.185903+00:00
1183,1.0,mound,burial_mound,K-35-076-2_x1344_y336.png,K-35-076-2,404620.603644665,4647147.125064442,50.0,2026-04-27T10:01:40.960587+00:00
1184,0.95,mound,bench_mark_on_mound,K-35-076-2_x1680_y336.png,K-35-076-2,405937.4869823208,4647131.661221303,50.0,2026-04-27T10:06:05.401781+00:00
1185,0.2,mound,burial_mound,K-35-076-2_x1344_y336.png,K-35-076-2,404516.4872308392,4647896.452450509,200.0,2026-04-27T10:16:22.587679+00:00
1186,1.0,mound,burial_mound,K-35-076-2_x2352_y0.png,K-35-076-2,409720.4897625967,4649763.694944663,50.0,2026-04-27T10:01:41.905687+00:00
1187,0.95,mound,burial_mound,K-35-076-2_x2688_y0.png,K-35-076-2,409867.57643560367,4648802.474049176,50.0,2026-04-27T10:06:06.427579+00:00
1188,0.95,mound,bench_mark_on_mound,K-35-076-2_x2688_y0.png,K-35-076-2,410332.2299861959,4648621.129200438,50.0,2026-04-27T10:06:07.521297+00:00
1189,0.2,not_mound,not_mound,K-35-076-2_x1680_y2352.png,K-35-076-2,406268.88293787104,4638088.098148273,,2026-04-27T10:16:25.520219+00:00
1190,1.0,mound,burial_mound,K-35-076-2_x2016_y0.png,K-35-076-2,407990.35776109295,4649423.686491758,50.0,2026-04-27T10:01:42.788485+00:00
1191,0.2,mound,burial_mound,K-35-076-2_x2016_y0.png,K-35-076-2,408042.7583313619,4649075.532893558,50.0,2026-04-27T10:16:26.795078+00:00
1192,0.85,mound,burial_mound,K-35-076-2_x3360_y336.png,K-35-076-2,413729.02736157126,4648093.069005909,50.0,2026-04-27T10:08:44.724628+00:00
1193,0.2,mound,burial_mound,K-35-076-2_x3360_y336.png,K-35-076-2,414533.0554339584,4648091.778481656,50.0,2026-04-27T10:16:27.809690+00:00
1194,1.0,mound,bench_mark_on_mound,K-35-076-2_x3696_y1008.png,K-35-076-2,416479.1320585663,4643916.176108048,50.0,2026-04-27T10:01:43.990779+00:00
1195,0.95,mound,bench_mark_on_mound,K-35-076-2_x3696_y336.png,K-35-076-2,414915.7943765868,4648142.1466579465,50.0,2026-04-27T10:06:09.301908+00:00
1196,1.0,mound,burial_mound,K-35-076-2_x3696_y336.png,K-35-076-2,415320.6412414482,4648191.827265372,50.0,2026-04-27T10:01:45.061889+00:00
1197,0.95,mound,burial_mound,K-35-076-2_x3360_y0.png,K-35-076-2,413282.8133307745,4649974.761853465,50.0,2026-04-27T10:06:10.335178+00:00
1198,0.95,mound,bench_mark_on_mound,K-35-076-2_x3360_y0.png,K-35-076-2,413693.2889404014,4649745.550000131,50.0,2026-04-27T10:06:11.475133+00:00
1199,1.0,mound,burial_mound,K-35-076-2_x3360_y0.png,K-35-076-2,413911.63933410327,4649587.763372637,50.0,2026-04-27T10:01:45.974872+00:00
1200,1.0,mound,trig_point_on_mound,K-35-076-2_x336_y1344.png,K-35-076-2,398102.5105642486,4643522.187866645,50.0,2026-04-27T10:01:47.151600+00:00
1201,0.95,mound,bench_mark_on_mound,K-35-076-2_x336_y1344.png,K-35-076-2,399389.2787216117,4643472.869077559,50.0,2026-04-27T10:06:12.598951+00:00
1202,1.0,mound,burial_mound,K-35-076-2_x672_y1344.png,K-35-076-2,400606.558834519,4643150.123793608,50.0,2026-04-27T10:01:48.112146+00:00
1203,1.0,mound,burial_mound,K-35-076-2_x672_y1344.png,K-35-076-2,400680.2077917461,4643097.788177634,50.0,2026-04-27T10:01:49.037252+00:00
1204,0.15,mound,burial_mound,K-35-076-1_x336_y0.png,K-35-076-1,377514.4104415719,4650635.999932346,50.0,2026-04-27T10:18:46.736181+00:00
1205,1.0,mound,burial_mound,K-35-076-2_x3360_y3024.png,K-35-076-2,414891.0835525195,4633440.079030659,100.0,2026-04-27T10:01:52.659286+00:00
1206,1.0,mound,burial_mound,K-35-076-2_x2016_y0.png,K-35-076-2,407334.5484353392,4649454.434224315,50.0,2026-04-27T10:01:53.900536+00:00
1207,0.95,mound,burial_mound,K-35-076-2_x336_y336.png,K-35-076-2,398248.9892671381,4646898.779830471,125.0,2026-04-27T10:06:18.370997+00:00
1208,1.0,mound,burial_mound,K-35-076-2_x672_y336.png,K-35-076-2,400503.3981868688,4648402.905130715,50.0,2026-04-27T10:01:54.861716+00:00
1209,0.95,mound,burial_mound,K-35-076-2_x3696_y1008.png,K-35-076-2,415398.0848400044,4644392.247941787,50.0,2026-04-27T10:06:19.570768+00:00
1210,1.0,mound,burial_mound,K-35-076-2_x336_y672.png,K-35-076-2,398237.7807553526,4646793.328362057,50.0,2026-04-27T10:01:56.229825+00:00
1211,1.0,mound,burial_mound,K-35-076-2_x336_y672.png,K-35-076-2,398141.3935283159,4646181.138729999,50.0,2026-04-27T10:01:57.320567+00:00
1212,0.85,mound,trig_point_on_mound,K-35-076-2_x336_y672.png,K-35-076-2,398931.5129818496,4646329.542254796,50.0,2026-04-27T10:08:46.113590+00:00
1213,0.4,not_mound,not_mound,K-35-076-2_x4032_y1680.png,K-35-076-2,416642.8678030976,4640139.405030035,,2026-04-27T10:11:32.205690+00:00
1214,0.2,mound,bench_mark_on_mound,K-35-076-2_x672_y1008.png,K-35-076-2,399890.67263913545,4644013.49830866,50.0,2026-04-27T10:16:29.067000+00:00
1215,1.0,mound,burial_mound,K-35-076-2_x2688_y336.png,K-35-076-2,410345.7109049936,4646907.373274894,50.0,2026-04-27T10:01:58.270513+00:00
1216,0.2,not_mound,not_mound,K-35-076-3_x2688_y336.png,K-35-076-3,389697.82743264793,4629974.083408542,,2026-04-27T10:16:30.950707+00:00
1217,1.0,mound,burial_mound,K-35-076-1_x3360_y1680.png,K-35-076-1,393221.7951183193,4642270.1796166655,200.0,2026-04-27T10:02:01.332433+00:00
1218,0.2,not_mound,not_mound,K-35-076-3_x3024_y1680.png,K-35-076-3,391220.4408432238,4622920.681996918,,2026-04-27T10:16:32.140856+00:00
1219,0.95,mound,bench_mark_on_mound,K-35-076-3_x2688_y1344.png,K-35-076-3,388875.9978818048,4624600.327771242,50.0,2026-04-27T10:06:20.832159+00:00
1220,0.2,not_mound,not_mound,K-35-075-3_x1344_y2352.png,K-35-075-3,340343.11297717644,4619443.047801104,,2026-04-27T10:16:33.336846+00:00
1221,1.0,mound,burial_mound,K-35-076-2_x3024_y336.png,K-35-076-2,411994.2232492495,4648559.341275336,50.0,2026-04-27T10:02:02.445957+00:00
1222,0.95,mound,burial_mound,K-35-076-2_x3024_y336.png,K-35-076-2,411887.57894648006,4648097.929278379,50.0,2026-04-27T10:06:21.937038+00:00
1223,1.0,mound,burial_mound,K-35-076-4_x1008_y3024.png,K-35-076-4,401633.3361418404,4615081.223511019,50.0,2026-04-27T10:02:03.627958+00:00
1224,0.2,not_mound,not_mound,K-35-076-4_x336_y1344.png,K-35-076-4,398421.96364044136,4624147.487998887,,2026-04-27T10:16:35.649877+00:00
1225,0.15,not_mound,not_mound,K-35-076-4_x2352_y2016.png,K-35-076-4,408867.0915050223,4620359.138813462,,2026-04-27T10:18:48.239871+00:00
1226,1.0,mound,trig_point_on_mound,K-35-077-1_x0_y3024.png,K-35-077-1,418395.8435211114,4633965.856822019,50.0,2026-04-27T10:02:04.787613+00:00
1227,1.0,not_mound,not_mound,K-35-076-4_x336_y2352.png,K-35-076-4,399294.8084157298,4618355.504995444,,2026-04-27T10:02:06.331957+00:00
1228,1.0,mound,burial_mound,K-35-076-4_x3696_y1344.png,K-35-076-4,414657.4943150114,4623992.11536431,75.0,2026-04-27T10:02:10.155688+00:00
1229,0.95,mound,burial_mound,K-35-077-1_x2016_y1344.png,K-35-077-1,428431.8202625028,4642676.543406734,50.0,2026-04-27T10:06:23.095666+00:00
1230,0.2,not_mound,not_mound,K-35-077-1_x1680_y2016.png,K-35-077-1,425963.0645225747,4638280.74624884,,2026-04-27T10:16:36.957611+00:00
1231,0.4,mound,bench_mark_on_mound,K-35-077-1_x0_y3360.png,K-35-077-1,416933.5467534328,4632093.133910701,50.0,2026-04-27T10:11:33.676780+00:00
1232,0.95,mound,burial_mound,K-35-077-1_x2688_y3360.png,K-35-077-1,431048.6691439428,4632191.419096767,50.0,2026-04-27T10:06:24.560947+00:00
1233,0.75,mound,bench_mark_on_mound,K-35-077-1_x0_y2688.png,K-35-077-1,417286.4565688453,4636354.633248183,50.0,2026-04-27T10:09:41.248029+00:00
1234,0.95,not_mound,not_mound,K-35-076-3_x336_y672.png,K-35-076-3,376795.0786132296,4627641.625103228,,2026-04-27T10:06:25.929620+00:00
1235,1.0,mound,burial_mound,K-35-077-1_x3360_y1680.png,K-35-077-1,434304.6320107276,4640944.493591484,50.0,2026-04-27T10:02:11.207115+00:00
1236,1.0,mound,bench_mark_on_mound,K-35-077-1_x3024_y1008.png,K-35-077-1,433117.8110497776,4644850.014192919,50.0,2026-04-27T10:02:12.492381+00:00
1237,0.15,not_mound,not_mound,K-35-077-1_x4032_y2016.png,K-35-077-1,437343.2690984103,4639346.234644093,,2026-04-27T10:18:49.570132+00:00
1238,0.3,not_mound,not_mound,K-35-077-1_x336_y1344.png,K-35-077-1,420072.5960514916,4642308.90940219,,2026-04-27T10:12:28.525048+00:00
1239,1.0,mound,burial_mound,K-35-077-1_x3696_y2688.png,K-35-077-1,436542.4366773121,4635115.845066379,50.0,2026-04-27T10:02:13.416187+00:00
1240,1.0,mound,burial_mound,K-35-077-2_x0_y1344.png,K-35-077-2,437887.1316307752,4643196.220599095,50.0,2026-04-27T10:02:14.551290+00:00
1241,1.0,mound,bench_mark_on_mound,K-35-077-2_x0_y1344.png,K-35-077-2,438292.4416393954,4642774.857318208,50.0,2026-04-27T10:02:15.751504+00:00
1242,0.95,mound,burial_mound,K-35-077-2_x1008_y3024.png,K-35-077-2,443938.02608091646,4634519.961285672,50.0,2026-04-27T10:06:27.124609+00:00
1243,0.2,not_mound,not_mound,K-35-077-1_x2688_y1680.png,K-35-077-1,430756.69167215726,4640766.402862666,,2026-04-27T10:16:38.087952+00:00
1244,0.2,not_mound,not_mound,K-35-077-2_x1008_y336.png,K-35-077-2,443392.0795024534,4647226.699252912,,2026-04-27T10:16:39.292903+00:00
1245,0.95,mound,bench_mark_on_mound,K-35-077-2_x1344_y2688.png,K-35-077-2,444873.8445153088,4634620.918077314,50.0,2026-04-27T10:06:28.301409+00:00
1246,0.85,mound,burial_mound,K-35-077-2_x1008_y2688.png,K-35-077-2,443927.2251564027,4635341.253411938,50.0,2026-04-27T10:08:50.565102+00:00
1247,0.95,mound,burial_mound,K-35-077-2_x1680_y2688.png,K-35-077-2,446641.3301408119,4634847.517226694,50.0,2026-04-27T10:06:29.455289+00:00
1248,0.2,not_mound,not_mound,K-35-077-2_x1008_y1008.png,K-35-077-2,443479.9840989518,4643779.442763617,,2026-04-27T10:16:40.930927+00:00
1249,0.95,mound,burial_mound,K-35-077-2_x1008_y1008.png,K-35-077-2,443759.3258258808,4643253.471565332,50.0,2026-04-27T10:06:30.980618+00:00
1250,0.85,mound,burial_mound,K-35-077-2_x2016_y3360.png,K-35-077-2,449471.48693052016,4632221.068655176,50.0,2026-04-27T10:08:51.663274+00:00
1251,1.0,mound,burial_mound,K-35-077-2_x2016_y3360.png,K-35-077-2,449611.9084987608,4632059.300734383,50.0,2026-04-27T10:02:16.760118+00:00
1252,1.0,mound,bench_mark_on_mound,K-35-077-2_x0_y3024.png,K-35-077-2,438710.86743504816,4634527.249401589,50.0,2026-04-27T10:02:17.912594+00:00
1253,0.75,not_mound,not_mound,K-35-077-2_x3360_y3024.png,K-35-077-2,455351.332143405,4634226.795708048,,2026-04-27T10:09:42.508251+00:00
1254,0.95,not_mound,not_mound,K-35-077-2_x3360_y3360.png,K-35-077-2,454934.3762999397,4631359.494676167,,2026-04-27T10:06:32.686562+00:00
1255,0.85,mound,burial_mound,K-35-077-2_x1344_y3360.png,K-35-077-2,445997.8844419318,4631960.951215869,50.0,2026-04-27T10:08:52.665427+00:00
1256,0.2,mound,burial_mound,K-35-077-2_x2688_y3360.png,K-35-077-2,452140.89798983786,4631682.138608431,50.0,2026-04-27T10:16:42.174648+00:00
1257,0.85,mound,burial_mound,K-35-077-2_x336_y3360.png,K-35-077-2,440076.4999350874,4632536.106138279,50.0,2026-04-27T10:08:53.629774+00:00
1258,1.0,mound,burial_mound,K-35-077-2_x336_y3024.png,K-35-077-2,439874.3218928922,4633943.175699475,50.0,2026-04-27T10:02:18.851826+00:00
1259,0.95,mound,bench_mark_on_mound,K-35-077-3_x1344_y1344.png,K-35-077-3,424086.0505129955,4624533.700615287,50.0,2026-04-27T10:06:33.900949+00:00
1260,0.2,not_mound,not_mound,K-35-077-1_x1008_y2352.png,K-35-077-1,422718.9658859087,4637194.712316066,,2026-04-27T10:16:43.331681+00:00
1261,0.2,not_mound,not_mound,K-35-077-1_x1008_y672.png,K-35-077-1,423278.8938974097,4645631.944279505,,2026-04-27T10:16:44.993186+00:00
1262,0.2,not_mound,not_mound,K-35-077-2_x1680_y2352.png,K-35-077-2,446855.0277276676,4636868.392329851,,2026-04-27T10:16:46.107969+00:00
1263,0.9,mound,trig_point_on_mound,K-35-077-3_x1680_y1344.png,K-35-077-3,425755.8759780882,4624699.48650114,50.0,2026-04-27T10:07:01.508283+00:00
1264,0.95,mound,burial_mound,K-35-077-3_x1680_y1344.png,K-35-077-3,425673.0467487999,4624631.947909225,50.0,2026-04-27T10:06:34.987942+00:00
1265,0.4,mound,burial_mound,K-35-077-2_x3024_y3024.png,K-35-077-2,453585.363979027,4632982.869821142,50.0,2026-04-27T10:11:34.786908+00:00
1266,0.2,not_mound,not_mound,K-35-077-2_x2016_y3024.png,K-35-077-2,448559.9302544004,4633271.179066669,,2026-04-27T10:16:48.108463+00:00
1267,0.75,mound,burial_mound,K-35-077-3_x1344_y336.png,K-35-077-3,424922.1115294632,4628990.399228298,50.0,2026-04-27T10:09:43.916280+00:00
1268,1.0,mound,trig_point_on_mound,K-35-077-3_x1680_y1008.png,K-35-077-3,425779.7158337968,4624729.885394438,75.0,2026-04-27T10:02:31.431656+00:00
1269,1.0,mound,burial_mound,K-35-077-3_x1344_y2016.png,K-35-077-3,424404.334781746,4620661.98421741,50.0,2026-04-27T10:02:32.697001+00:00
1270,1.0,mound,burial_mound,K-35-077-3_x1344_y2016.png,K-35-077-3,425217.8222839919,4620859.523781707,50.0,2026-04-27T10:02:33.726415+00:00
1271,1.0,mound,burial_mound,K-35-077-3_x1344_y2016.png,K-35-077-3,425267.6882481852,4620736.639677228,50.0,2026-04-27T10:02:34.933331+00:00
1272,1.0,mound,burial_mound,K-35-077-3_x1680_y336.png,K-35-077-3,426624.7094535356,4628536.31476524,50.0,2026-04-27T10:02:36.068770+00:00
1273,1.0,mound,burial_mound,K-35-077-3_x1680_y336.png,K-35-077-3,425901.9924830006,4628671.695449484,50.0,2026-04-27T10:02:36.963127+00:00
1274,1.0,mound,burial_mound,K-35-077-2_x0_y1680.png,K-35-077-2,439191.6297677989,4640384.264188515,50.0,2026-04-27T10:02:37.790621+00:00
1275,0.15,not_mound,not_mound,K-35-077-4_x0_y2352.png,K-35-077-4,438587.97288451646,4619260.790084731,,2026-04-27T10:18:50.592638+00:00
1276,0.4,not_mound,not_mound,K-35-077-4_x1680_y2016.png,K-35-077-4,447258.8082137071,4620194.721747738,,2026-04-27T10:11:35.910153+00:00
1277,1.0,mound,burial_mound,K-35-077-3_x672_y2688.png,K-35-077-3,420522.19459224056,4616683.658300987,50.0,2026-04-27T10:02:38.686120+00:00
1278,1.0,mound,bench_mark_on_mound,K-35-077-4_x1680_y0.png,K-35-077-4,446586.4917276861,4630517.425027525,50.0,2026-04-27T10:02:39.847578+00:00
1279,0.15,mound,burial_mound,K-35-077-3_x2688_y336.png,K-35-077-3,431134.0952220201,4628549.466430195,50.0,2026-04-27T10:18:51.847428+00:00
1280,0.2,not_mound,not_mound,K-35-077-4_x3024_y0.png,K-35-077-4,453908.0206129943,4630458.598682586,,2026-04-27T10:16:49.225224+00:00
1281,0.95,mound,trig_point_on_mound,K-35-077-4_x1008_y1680.png,K-35-077-4,442569.9554986817,4622975.626440839,75.0,2026-04-27T10:06:39.789877+00:00
1282,0.4,not_mound,not_mound,K-35-077-3_x1008_y1344.png,K-35-077-3,422999.9334449954,4623447.476386774,,2026-04-27T10:11:37.650408+00:00
1283,0.15,not_mound,not_mound,K-35-074-4_x672_y0.png,K-35-074-4,316792.1761168862,4632772.143078545,,2026-04-27T10:18:53.213453+00:00
1284,0.2,not_mound,not_mound,K-35-077-4_x2352_y3024.png,K-35-077-4,450335.7111385816,4615379.356762966,,2026-04-27T10:16:50.391173+00:00
1285,0.2,mound,burial_mound,K-35-077-4_x2352_y0.png,K-35-077-4,450946.9220085612,4630508.098369898,150.0,2026-04-27T10:16:53.272617+00:00
1286,0.15,not_mound,not_mound,K-35-077-4_x1344_y1680.png,K-35-077-4,445395.51488180936,4622183.825800294,,2026-04-27T10:18:54.986221+00:00
1287,0.2,not_mound,not_mound,K-35-077-4_x0_y1680.png,K-35-077-4,437747.2513662312,4621987.142356287,,2026-04-27T10:16:54.899640+00:00
1288,1.0,not_mound,not_mound,K-35-051-3_x2688_y3696.png,K-35-051-3,349031.5530088822,4688402.991180486,,2026-04-27T10:02:41.590796+00:00
1289,0.85,mound,burial_mound,K-35-052-3_x3024_y1008.png,K-35-052-3,391741.0664676517,4700901.034852027,200.0,2026-04-27T10:08:56.982849+00:00
1290,0.95,mound,burial_mound,K-35-053-4_Boyadzhik_x672_y1680.png,K-35-053-4_Boyadzhik,442085.773581323,4695908.047167698,50.0,2026-04-27T10:06:40.892710+00:00
1291,0.2,not_mound,not_mound,K-35-053-4_Boyadzhik_x1680_y1008.png,K-35-053-4_Boyadzhik,446989.0561696884,4699452.868132858,,2026-04-27T10:16:56.235664+00:00
1292,1.0,not_mound,not_mound,K-35-054-1_Straldzha_4326_x2352_y2016.png,K-35-054-1_Straldzha_4326,471857.30389452673,4712185.269522195,,2026-04-27T10:02:42.722130+00:00
1293,0.95,mound,trig_point_on_mound,K-35-053-4_Boyadzhik_x0_y0.png,K-35-053-4_Boyadzhik,439975.6562626526,4704584.270666193,50.0,2026-04-27T10:06:47.295483+00:00
1294,0.3,not_mound,not_mound,K-35-054-1_Straldzha_4326_x2688_y2688.png,K-35-054-1_Straldzha_4326,472596.8997649601,4708660.528138521,,2026-04-27T10:12:31.382876+00:00
1295,0.95,mound,burial_mound,K-35-054-2_Atolov_4326_x0_y3360.png,K-35-054-2_Atolov_4326,480279.4902193319,4705736.050314821,125.0,2026-04-27T10:06:51.080488+00:00
1296,0.2,mound,burial_mound,K-35-054-2_Atolov_4326_x4032_y1008.png,K-35-054-2_Atolov_4326,499747.77634096897,4717338.551678793,50.0,2026-04-27T10:16:58.222012+00:00
1297,0.7,mound,burial_mound,K-35-054-3_Yambol_x1008_y2688.png,K-35-054-3_Yambol,465519.85703444143,4691217.193400881,50.0,2026-04-27T10:09:53.633774+00:00
1298,0.95,not_mound,not_mound,K-35-054-3_Yambol_x2688_y0.png,K-35-054-3_Yambol,473384.8049452296,4703920.70484466,,2026-04-27T10:06:52.606534+00:00
1299,0.95,mound,trig_point_on_mound,K-35-054-4_Voynika_x2688_y3360.png,K-35-054-4_Voynika,494603.5590830912,4688339.129243943,200.0,2026-04-27T10:06:56.045869+00:00
1300,1.0,mound,trig_point_on_mound,K-35-055-3_x1680_y2016.png,K-35-055-3,510144.20003698696,4695081.975735063,200.0,2026-04-27T10:02:48.288530+00:00
1301,0.2,not_mound,not_mound,K-35-055-4_x2016_y2688.png,K-35-055-4,531007.7743697116,4690209.043297255,,2026-04-27T10:16:59.796475+00:00
1302,1.0,mound,bench_mark_on_mound,K-35-062-4_Asenovgrad_4326_x2016_y0.png,K-35-062-4_Asenovgrad_4326,325079.18809407344,4670158.236894839,100.0,2026-04-27T10:02:53.363286+00:00
1303,0.2,not_mound,not_mound,K-35-062-4_Asenovgrad_4326_x3696_y3696.png,K-35-062-4_Asenovgrad_4326,332706.36379340914,4652114.655098779,,2026-04-27T10:17:01.245202+00:00
1304,0.15,not_mound,not_mound,K-35-063-2_Chirpan_4326_x1680_y2352.png,K-35-063-2_Chirpan_4326,363725.73401202966,4675013.864502532,,2026-04-27T10:18:56.678118+00:00
1305,1.0,not_mound,not_mound,K-35-063-2_Chirpan_4326_x3360_y1344.png,K-35-063-2_Chirpan_4326,373515.6235978716,4681374.077563966,,2026-04-27T10:02:55.358829+00:00
1306,1.0,not_mound,not_mound,K-35-064-3_Dimitrovgrad_4326_x3696_y672.png,K-35-064-3_Dimitrovgrad_4326,394623.7489019304,4665157.84870879,,2026-04-27T10:02:56.705122+00:00
1307,0.85,mound,burial_mound,K-35-064-4_Galabovo_4326_x1008_y336.png,K-35-064-4_Galabovo_4326,402120.1501468011,4665668.372019105,50.0,2026-04-27T10:08:58.675976+00:00
1308,0.2,mound,burial_mound,K-35-064-4_Galabovo_4326_x2352_y3360.png,K-35-064-4_Galabovo_4326,409667.6171138881,4651712.280239452,150.0,2026-04-27T10:17:04.663550+00:00
1309,0.2,not_mound,not_mound,K-35-065-1_Radetski_4326_x4032_y1344.png,K-35-065-1_Radetski_4326,437382.6444930297,4678955.911145847,,2026-04-27T10:17:07.581516+00:00
1310,1.0,mound,bench_mark_on_mound,K-35-066-1_x3360_y3696.png,K-35-066-1,476975.5054491801,4668296.619784918,50.0,2026-04-27T10:02:58.866317+00:00
1311,0.4,mound,bench_mark_on_mound,K-35-066-1_x3360_y3360.png,K-35-066-1,476963.04652539885,4668326.195370747,75.0,2026-04-27T10:11:42.641012+00:00
1312,0.2,not_mound,not_mound,K-35-067-2_x1680_y1344.png,K-35-067-2,529217.2305956285,4678378.34375135,,2026-04-27T10:17:08.872967+00:00
1313,0.85,not_mound,not_mound,K-35-067-3_x1008_y1680.png,K-35-067-3,506526.1246273696,4659641.895802199,,2026-04-27T10:09:01.512162+00:00
1314,0.75,mound,burial_mound,K-35-067-3_x0_y2352.png,K-35-067-3,501266.5172722588,4656329.0728806285,50.0,2026-04-27T10:09:45.780583+00:00
1315,0.2,not_mound,not_mound,K-35-067-3_x1680_y2016.png,K-35-067-3,509913.8959634283,4656611.258816283,,2026-04-27T10:17:10.951204+00:00
1316,1.0,mound,burial_mound,K-35-067-1_x3696_y3360.png,K-35-067-1,520282.22498508834,4668482.949476917,75.0,2026-04-27T10:03:01.693709+00:00
1317,0.2,not_mound,not_mound,K-35-075-1_x0_y3024.png,K-35-075-1,335155.85468291724,4634717.647452109,,2026-04-27T10:17:11.967784+00:00
1318,1.0,mound,burial_mound,K-35-074-4_x2352_y2016.png,K-35-074-4,326311.61153053574,4622034.020724869,125.0,2026-04-27T10:03:07.839207+00:00
1319,0.2,not_mound,not_mound,K-35-075-1_x3696_y1680.png,K-35-075-1,353574.6050363344,4642438.78354454,,2026-04-27T10:17:13.265277+00:00
1320,0.75,not_mound,not_mound,K-35-075-4_x1680_y672.png,K-35-075-4,364257.0523747642,4627784.733351537,,2026-04-27T10:09:48.244646+00:00
1321,0.2,not_mound,not_mound,K-35-076-1_x2352_y2688.png,K-35-076-1,388317.11930507416,4635722.625151544,,2026-04-27T10:17:14.479942+00:00
1322,0.15,not_mound,not_mound,K-35-076-1_x2016_y1008.png,K-35-076-1,386675.8818700364,4644740.74366691,,2026-04-27T10:18:57.910131+00:00
1323,0.95,mound,burial_mound,K-35-077-1_x3024_y3024.png,K-35-077-1,433173.3267633992,4633427.351853733,50.0,2026-04-27T10:06:57.929024+00:00
1324,0.75,mound,burial_mound,K-35-076-4_x336_y2688.png,K-35-076-4,399375.7644269926,4618123.942614657,50.0,2026-04-27T10:09:49.419101+00:00
1325,0.15,not_mound,not_mound,K-35-077-1_x3696_y1008.png,K-35-077-1,436760.69870329567,4644099.23076323,,2026-04-27T10:19:00.167038+00:00
1326,1.0,mound,burial_mound,K-35-076-4_x1008_y336.png,K-35-076-4,401076.67099298886,4630127.110481455,100.0,2026-04-27T10:03:12.113229+00:00
1327,1.0,not_mound,not_mound,K-35-077-2_x2688_y1680.png,K-35-077-2,451335.4125162289,4640104.49816658,,2026-04-27T10:03:14.180942+00:00
1328,0.3,mound,burial_mound,K-35-077-2_x1680_y672.png,K-35-077-2,447059.5898915348,4645659.89199866,200.0,2026-04-27T10:12:35.096320+00:00
1329,0.15,not_mound,not_mound,K-35-042-3_x1008_y1344.png,K-35-042-3,465820.1713851963,4734479.334108326,,2026-04-28T00:47:22.800960+00:00
1330,0.2,not_mound,not_mound,K-35-050-4_x2352_y1344.png,K-35-050-4,327806.22721803724,4699949.416343376,,2026-04-28T00:43:39.166297+00:00
1331,0.95,mound,burial_mound,K-35-042-3_x3696_y2688.png,K-35-042-3,477832.82632055087,4727155.364212833,50.0,2026-04-28T00:28:31.080695+00:00
1332,0.95,mound,burial_mound,K-35-050-4_x2016_y2016.png,K-35-050-4,325203.12837739143,4695719.236286511,50.0,2026-04-28T00:28:32.125711+00:00
1333,0.3,not_mound,not_mound,K-35-042-3_x336_y3360.png,K-35-042-3,460883.4376806355,4724084.36680598,,2026-04-28T00:43:21.911734+00:00
1334,0.2,not_mound,not_mound,K-35-050-4_x1008_y3024.png,K-35-050-4,321427.78829530487,4691019.88947034,,2026-04-28T00:43:40.621218+00:00
1335,0.2,not_mound,not_mound,K-35-042-3_x3696_y2352.png,K-35-042-3,477815.8491958707,4729651.240283622,,2026-04-28T00:43:41.941832+00:00
1336,0.85,mound,burial_mound,K-35-051-3_x0_y3024.png,K-35-051-3,335899.1037896697,4691122.963340342,75.0,2026-04-28T00:31:25.659300+00:00
1337,0.15,mound,burial_mound,K-35-051-3_x0_y2016.png,K-35-051-3,336292.2605973195,4696954.682200305,75.0,2026-04-28T00:47:26.088846+00:00
1338,0.4,not_mound,not_mound,K-35-051-3_x2016_y3360.png,K-35-051-3,346434.1458370141,4688574.307498121,,2026-04-28T00:33:43.712754+00:00
1339,0.75,mound,burial_mound,K-35-050-4_x3360_y3024.png,K-35-050-4,332020.2620649174,4690710.200353565,200.0,2026-04-28T00:32:56.330686+00:00
1340,0.2,not_mound,not_mound,K-35-051-3_x2016_y2016.png,K-35-051-3,346153.52226910135,4696205.704870058,,2026-04-28T00:43:43.321516+00:00
1341,0.95,mound,burial_mound,K-35-051-3_x336_y1680.png,K-35-051-3,338643.0660428531,4698645.977509719,50.0,2026-04-28T00:28:33.092551+00:00
1342,1.0,not_mound,not_mound,K-35-051-3_x2688_y3696.png,K-35-051-3,349028.88309450983,4688401.493414773,,2026-04-27T21:32:22.915665+00:00
1343,0.4,not_mound,not_mound,K-35-051-3_x3024_y3360.png,K-35-051-3,350540.18981165363,4688712.032074004,,2026-04-28T00:33:45.655035+00:00
1344,0.8,not_mound,not_mound,K-35-051-3_x672_y2016.png,K-35-051-3,340192.7798064472,4696075.249506976,,2026-04-28T00:32:41.394755+00:00
1345,0.2,not_mound,not_mound,K-35-051-3_x672_y2016.png,K-35-051-3,340202.4400451055,4695878.269614179,,2026-04-28T00:43:44.801228+00:00
1346,0.15,not_mound,not_mound,K-35-051-4_x3360_y2352.png,K-35-051-4,373435.2883762966,4693715.209186809,,2026-04-28T00:47:28.055159+00:00
1347,0.15,not_mound,not_mound,K-35-051-4_x3696_y2352.png,K-35-051-4,375558.11527957686,4693223.045843927,,2026-04-28T00:47:38.573795+00:00
1348,0.85,not_mound,not_mound,K-35-051-4_x336_y2352.png,K-35-051-4,358367.93567359913,4694451.53424897,,2026-04-28T00:31:27.921344+00:00
1349,0.85,not_mound,not_mound,K-35-052-2_x0_y2688.png,K-35-052-2,397997.2418701039,4710401.105683466,,2026-04-28T00:31:29.803929+00:00
1350,0.2,not_mound,not_mound,K-35-051-4_x672_y2016.png,K-35-051-4,359786.0592763623,4694957.613093762,,2026-04-28T00:43:46.491472+00:00
1351,0.15,not_mound,not_mound,K-35-052-2_x2016_y336.png,K-35-052-2,407599.8388094046,4721420.672087832,,2026-04-28T00:47:39.951204+00:00
1352,0.2,not_mound,not_mound,K-35-052-2_x3024_y1008.png,K-35-052-2,413808.6821734498,4718490.36168257,,2026-04-28T00:43:48.245149+00:00
1353,0.85,mound,settlement_mound,K-35-052-2_x2688_y3024.png,K-35-052-2,410767.1967166581,4708193.344938189,50.0,2026-04-28T00:31:32.493946+00:00
1354,0.2,not_mound,not_mound,K-35-052-2_x3360_y2352.png,K-35-052-2,415163.6935202229,4712243.84659557,,2026-04-28T00:43:49.572720+00:00
1355,0.4,not_mound,not_mound,K-35-052-2_x3360_y2352.png,K-35-052-2,414414.2703529973,4712038.688143069,,2026-04-28T00:33:48.009470+00:00
1356,1.0,not_mound,not_mound,K-35-052-2_x336_y1680.png,K-35-052-2,399565.5293188103,4715109.220772212,,2026-04-27T21:32:25.655679+00:00
1357,0.2,not_mound,not_mound,K-35-052-2_x3024_y336.png,K-35-052-2,413568.23079321376,4721799.272426876,,2026-04-28T00:43:50.796652+00:00
1358,0.8,mound,burial_mound,K-35-052-2_x336_y0.png,K-35-052-2,400369.1786298957,4722807.063193461,200.0,2026-04-28T00:32:49.038987+00:00
1359,0.2,not_mound,not_mound,K-35-052-3_x0_y2016.png,K-35-052-3,376845.8559501018,4694478.612341492,,2026-04-28T00:43:52.301812+00:00
1360,0.85,not_mound,not_mound,K-35-052-3_x0_y3024.png,K-35-052-3,376468.7237089133,4690851.800706727,,2026-04-28T00:31:33.857637+00:00
1361,0.15,mound,burial_mound,K-35-052-3_x1008_y2016.png,K-35-052-3,381701.32461716497,4696043.536780948,150.0,2026-04-28T00:47:42.828200+00:00
1362,0.15,not_mound,not_mound,K-35-052-3_x2016_y2688.png,K-35-052-3,387489.7581739711,4692573.491928175,,2026-04-28T00:47:44.363604+00:00
1363,0.95,not_mound,not_mound,K-35-052-3_x2016_y2352.png,K-35-052-3,386734.2301895976,4693679.371508271,,2026-04-28T00:28:35.357203+00:00
1364,0.75,not_mound,not_mound,K-35-052-2_x672_y672.png,K-35-052-2,401605.5640496237,4720169.026939835,,2026-04-28T00:32:58.005184+00:00
1365,0.4,mound,burial_mound,K-35-052-3_x2352_y0.png,K-35-052-3,388315.2124180537,4704555.108162019,200.0,2026-04-28T00:33:51.457133+00:00
1366,0.15,not_mound,not_mound,K-35-052-3_x3024_y3360.png,K-35-052-3,392992.86027823295,4688051.478729756,,2026-04-28T00:47:45.595369+00:00
1367,0.4,mound,burial_mound,K-35-052-3_x3024_y1008.png,K-35-052-3,391744.7181281119,4700892.537111437,200.0,2026-04-28T00:33:54.358578+00:00
1368,0.2,not_mound,not_mound,K-35-052-3_x3360_y2016.png,K-35-052-3,394693.53372537845,4694743.18024932,,2026-04-28T00:43:55.365608+00:00
1369,1.0,mound,burial_mound,K-35-052-3_x3696_y2352.png,K-35-052-3,396171.1431236468,4693948.080978717,50.0,2026-04-27T21:32:27.641434+00:00
1370,0.2,not_mound,not_mound,K-35-053-1_x0_y336.png,K-35-053-1,418047.068018406,4721690.4618872,,2026-04-28T00:43:56.654364+00:00
1371,1.0,not_mound,not_mound,K-35-052-3_x4032_y1344.png,K-35-052-3,396794.7842888847,4697788.864870404,,2026-04-27T21:32:29.000518+00:00
1372,0.85,not_mound,not_mound,K-35-053-1_x2688_y2016.png,K-35-053-1,431593.5065618864,4713205.974099048,,2026-04-28T00:31:35.749408+00:00
1373,0.95,mound,settlement_mound,K-35-053-1_x2688_y672.png,K-35-053-1,432985.77620788285,4720484.631797682,50.0,2026-04-28T00:28:37.407083+00:00
1374,1.0,mound,burial_mound,K-35-053-1_x3696_y672.png,K-35-053-1,437344.5574106822,4719377.461719206,50.0,2026-04-27T21:32:30.313044+00:00
1375,0.15,not_mound,not_mound,K-35-053-1_x672_y2016.png,K-35-053-1,422244.7483540764,4713315.588654882,,2026-04-28T00:47:47.292837+00:00
1376,0.4,not_mound,not_mound,K-35-053-2_x1008_y2016.png,K-35-053-2,443754.5685756628,4712111.056118393,,2026-04-28T00:33:56.198896+00:00
1377,0.85,mound,burial_mound,K-35-053-2_x1680_y3024.png,K-35-053-2,448144.1496566479,4708413.967224633,75.0,2026-04-28T00:31:39.849854+00:00
1378,0.2,mound,burial_mound,K-35-053-2_x1680_y3360.png,K-35-053-2,448068.810432499,4705502.469036168,50.0,2026-04-28T00:43:58.107992+00:00
1379,0.95,not_mound,not_mound,K-35-053-2_x0_y3024.png,K-35-053-2,439263.4732827743,4707358.420130951,,2026-04-28T00:28:38.708757+00:00
1380,0.75,not_mound,not_mound,K-35-053-2_x1344_y3024.png,K-35-053-2,445850.6077823624,4707902.848201616,,2026-04-28T00:32:59.387032+00:00
1381,0.2,not_mound,not_mound,K-35-053-2_x3360_y2688.png,K-35-053-2,456370.8577203134,4709870.746238774,,2026-04-28T00:44:17.308570+00:00
1382,0.8,not_mound,not_mound,K-35-053-2_x3024_y2352.png,K-35-053-2,454675.0018514628,4711526.934483638,,2026-04-28T00:32:50.472548+00:00
1383,0.2,not_mound,not_mound,K-35-053-2_x4032_y1008.png,K-35-053-2,458654.5906082283,4718459.856079443,,2026-04-28T00:44:18.440264+00:00
1384,0.2,not_mound,not_mound,K-35-053-2_x4032_y1680.png,K-35-053-2,458611.83679325663,4715276.898161813,,2026-04-28T00:44:20.207199+00:00
1385,0.95,not_mound,not_mound,K-35-053-2_x3024_y3024.png,K-35-053-2,454641.5128763233,4707155.556018215,,2026-04-28T00:28:39.932915+00:00
1386,1.0,mound,burial_mound,K-35-053-4_Boyadzhik_x2016_y1680.png,K-35-053-4_Boyadzhik,450041.8986935536,4695751.152574769,50.0,2026-04-27T21:32:31.214542+00:00
1387,0.85,not_mound,not_mound,K-35-050-4_x1680_y1008.png,K-35-050-4,324077.125327167,4701500.324076411,,2026-04-28T00:31:41.781352+00:00
1388,1.0,mound,trig_point_on_mound,K-35-053-4_Boyadzhik_x2352_y1344.png,K-35-053-4_Boyadzhik,450645.74023415777,4697002.315655016,50.0,2026-04-27T21:32:32.614277+00:00
1389,1.0,mound,bench_mark_on_mound,K-35-053-4_Boyadzhik_x3024_y1680.png,K-35-053-4_Boyadzhik,455124.5519721065,4695573.983179494,50.0,2026-04-27T21:32:34.469428+00:00
1390,0.95,mound,burial_mound,K-35-053-4_Boyadzhik_x2688_y672.png,K-35-053-4_Boyadzhik,453153.9979206912,4701330.492000843,50.0,2026-04-28T00:28:41.120355+00:00
1391,1.0,mound,trig_point_on_mound,K-35-053-4_Boyadzhik_x3360_y1344.png,K-35-053-4_Boyadzhik,455340.1687755822,4697354.826187073,50.0,2026-04-27T21:32:35.650603+00:00
1392,1.0,not_mound,not_mound,K-35-053-4_Boyadzhik_x3024_y0.png,K-35-053-4_Boyadzhik,454840.01235715207,4704484.774174471,,2026-04-27T21:32:37.776974+00:00
1393,0.95,mound,burial_mound,K-35-053-4_Boyadzhik_x672_y1680.png,K-35-053-4_Boyadzhik,442086.6814226439,4695908.372781011,50.0,2026-04-28T00:28:42.069247+00:00
1394,1.0,mound,burial_mound,K-35-053-4_Boyadzhik_x672_y1680.png,K-35-053-4_Boyadzhik,442574.0228057813,4695443.1813234845,50.0,2026-04-27T21:32:38.846164+00:00
1395,1.0,mound,settlement_mound,K-35-054-1_Straldzha_4326_x0_y672.png,K-35-054-1_Straldzha_4326,460045.2935475685,4719067.342911886,50.0,2026-04-27T21:32:40.531497+00:00
1396,1.0,mound,burial_mound,K-35-054-1_Straldzha_4326_x1344_y2352.png,K-35-054-1_Straldzha_4326,465647.2635493715,4711429.104828238,50.0,2026-04-27T21:32:43.455933+00:00
1397,1.0,mound,burial_mound,K-35-054-1_Straldzha_4326_x1344_y3360.png,K-35-054-1_Straldzha_4326,467203.0121236918,4707092.846117914,200.0,2026-04-27T21:32:46.290270+00:00
1398,0.2,mound,bench_mark_on_mound,K-35-054-1_Straldzha_4326_x1344_y3024.png,K-35-054-1_Straldzha_4326,465755.94616455847,4708489.72286546,50.0,2026-04-28T00:44:21.774733+00:00
1399,1.0,not_mound,not_mound,K-35-054-1_Straldzha_4326_x2352_y2016.png,K-35-054-1_Straldzha_4326,471858.4445545206,4712183.15511222,,2026-04-27T21:32:47.465837+00:00
1400,1.0,mound,burial_mound,K-35-054-1_Straldzha_4326_x1008_y2352.png,K-35-054-1_Straldzha_4326,465611.6983246003,4711425.616180268,50.0,2026-04-27T21:32:48.934267+00:00
1401,0.95,not_mound,not_mound,K-35-054-1_Straldzha_4326_x2016_y3360.png,K-35-054-1_Straldzha_4326,468811.8860585845,4705590.730153081,,2026-04-28T00:28:44.052065+00:00
1402,0.85,mound,burial_mound,K-35-054-1_Straldzha_4326_x1680_y2352.png,K-35-054-1_Straldzha_4326,468175.7812720918,4711308.143023967,50.0,2026-04-28T00:31:42.910373+00:00
1403,0.85,mound,burial_mound,K-35-054-1_Straldzha_4326_x1680_y2352.png,K-35-054-1_Straldzha_4326,468103.8051444816,4711259.6141762845,50.0,2026-04-28T00:31:43.887784+00:00
1404,0.95,mound,burial_mound,K-35-054-1_Straldzha_4326_x1680_y2352.png,K-35-054-1_Straldzha_4326,468686.83037719503,4711597.642099678,50.0,2026-04-28T00:28:45.190994+00:00
1405,0.2,not_mound,not_mound,K-35-054-1_Straldzha_4326_x2016_y336.png,K-35-054-1_Straldzha_4326,469536.6973989063,4720749.124183565,,2026-04-28T00:44:23.124832+00:00
1406,1.0,mound,bench_mark_on_mound,K-35-054-1_Straldzha_4326_x2352_y2352.png,K-35-054-1_Straldzha_4326,471688.1729573775,4711875.039203815,50.0,2026-04-27T21:32:50.231705+00:00
1407,1.0,not_mound,not_mound,K-35-054-1_Straldzha_4326_x2352_y2352.png,K-35-054-1_Straldzha_4326,471897.6880444448,4711798.681011144,,2026-04-27T21:32:51.981087+00:00
1408,1.0,mound,burial_mound,K-35-054-1_Straldzha_4326_x3360_y1680.png,K-35-054-1_Straldzha_4326,476552.8573399239,4715066.030936162,50.0,2026-04-27T21:32:53.084255+00:00
1409,1.0,mound,bench_mark_on_mound,K-35-054-1_Straldzha_4326_x3024_y1680.png,K-35-054-1_Straldzha_4326,475071.7570359113,4713838.513519823,50.0,2026-04-27T21:32:54.424453+00:00
1410,1.0,mound,burial_mound,K-35-054-1_Straldzha_4326_x3360_y2352.png,K-35-054-1_Straldzha_4326,475831.3474505509,4711754.80457469,50.0,2026-04-27T21:32:55.446101+00:00
1411,0.75,mound,burial_mound,K-35-054-1_Straldzha_4326_x3696_y2352.png,K-35-054-1_Straldzha_4326,478814.0017717965,4711064.398483002,50.0,2026-04-28T00:33:00.549617+00:00
1412,0.95,mound,burial_mound,K-35-054-1_Straldzha_4326_x336_y1344.png,K-35-054-1_Straldzha_4326,460426.3807576069,4716333.237970904,200.0,2026-04-28T00:28:48.525615+00:00
1413,0.4,mound,burial_mound,K-35-053-2_x3696_y0.png,K-35-053-2,457094.494150462,4722621.664052695,100.0,2026-04-28T00:34:00.215885+00:00
1414,1.0,mound,trig_point_on_mound,K-35-054-1_Straldzha_4326_x2016_y2016.png,K-35-054-1_Straldzha_4326,470668.29975942586,4713670.041058992,75.0,2026-04-27T21:32:58.463165+00:00
1415,0.95,mound,bench_mark_on_mound,K-35-054-1_Straldzha_4326_x672_y1680.png,K-35-054-1_Straldzha_4326,462786.3254645029,4714355.048226707,50.0,2026-04-28T00:28:50.034549+00:00
1416,0.95,mound,burial_mound,K-35-054-2_Atolov_4326_x1680_y1008.png,K-35-054-2_Atolov_4326,488914.4273194104,4716914.893799491,50.0,2026-04-28T00:28:51.104731+00:00
1417,1.0,mound,burial_mound,K-35-054-2_Atolov_4326_x2352_y0.png,K-35-054-2_Atolov_4326,492754.1165303913,4722160.185641963,50.0,2026-04-27T21:32:59.654344+00:00
1418,1.0,mound,burial_mound,K-35-054-2_Atolov_4326_x2352_y0.png,K-35-054-2_Atolov_4326,492762.755764036,4721955.971046363,50.0,2026-04-27T21:33:00.508090+00:00
1419,0.75,mound,burial_mound,K-35-054-2_Atolov_4326_x2352_y2688.png,K-35-054-2_Atolov_4326,492761.2024644802,4708495.872663206,50.0,2026-04-28T00:33:01.527776+00:00
1420,0.75,mound,trig_point_on_mound,K-35-054-2_Atolov_4326_x2352_y336.png,K-35-054-2_Atolov_4326,492065.84670637,4720376.27991606,50.0,2026-04-28T00:33:03.558471+00:00
1421,0.85,mound,burial_mound,K-35-054-2_Atolov_4326_x2352_y336.png,K-35-054-2_Atolov_4326,492420.4150414636,4720273.170103717,50.0,2026-04-28T00:31:44.884374+00:00
1422,0.95,mound,burial_mound,K-35-054-2_Atolov_4326_x2352_y336.png,K-35-054-2_Atolov_4326,492475.29711008526,4721586.1754840845,50.0,2026-04-28T00:28:51.943937+00:00
1423,0.4,mound,bench_mark_on_mound,K-35-054-2_Atolov_4326_x3360_y0.png,K-35-054-2_Atolov_4326,497942.1407280011,4723275.448271099,50.0,2026-04-28T00:34:01.967166+00:00
1424,0.4,mound,burial_mound,K-35-054-2_Atolov_4326_x4032_y3360.png,K-35-054-2_Atolov_4326,499485.5302544395,4706032.171927283,150.0,2026-04-28T00:34:08.013191+00:00
1425,1.0,mound,burial_mound,K-35-054-2_Atolov_4326_x2352_y3024.png,K-35-054-2_Atolov_4326,491781.1640568325,4707731.567323615,50.0,2026-04-27T21:33:01.373695+00:00
1426,0.85,mound,burial_mound,K-35-054-2_Atolov_4326_x4032_y1008.png,K-35-054-2_Atolov_4326,499752.0415191599,4717336.663833604,50.0,2026-04-28T00:31:46.152692+00:00
1427,0.95,not_mound,not_mound,K-35-054-3_Yambol_x1008_y3696.png,K-35-054-3_Yambol,465324.38613440056,4686840.346867432,,2026-04-28T00:28:53.388515+00:00
1428,0.95,not_mound,not_mound,K-35-054-3_Yambol_x1008_y0.png,K-35-054-3_Yambol,464561.11366443033,4704084.675248365,,2026-04-28T00:28:54.689225+00:00
1429,0.95,mound,bench_mark_on_mound,K-35-054-3_Yambol_x1008_y1008.png,K-35-054-3_Yambol,464102.3663841016,4698940.155443596,50.0,2026-04-28T00:28:56.314145+00:00
1430,0.2,not_mound,not_mound,K-35-054-3_Yambol_x2016_y3360.png,K-35-054-3_Yambol,470654.6021101331,4686761.151335623,,2026-04-28T00:44:25.250156+00:00
1431,0.95,not_mound,not_mound,K-35-054-3_Yambol_x2688_y0.png,K-35-054-3_Yambol,473381.45451973006,4703925.714440934,,2026-04-28T00:28:57.467087+00:00
1432,0.15,not_mound,not_mound,K-35-054-3_Yambol_x2688_y3024.png,K-35-054-3_Yambol,473138.1704117621,4689347.024461834,,2026-04-28T00:47:48.288017+00:00
1433,1.0,mound,trig_point_on_mound,K-35-054-3_Yambol_x1344_y1008.png,K-35-054-3_Yambol,467054.9361963922,4698766.479605905,50.0,2026-04-27T21:33:02.629251+00:00
1434,0.35,mound,burial_mound,K-35-054-3_Yambol_x2016_y1008.png,K-35-054-3_Yambol,469115.4619401959,4698604.04916658,125.0,2026-04-28T00:43:06.442553+00:00
1435,0.2,not_mound,not_mound,K-35-054-4_Voynika_x0_y3360.png,K-35-054-4_Voynika,480008.0296828058,4687593.428068578,,2026-04-28T00:44:27.451294+00:00
1436,0.2,mound,trig_point_on_mound,K-35-054-3_Yambol_x2352_y3360.png,K-35-054-3_Yambol,471461.833353652,4688259.933219649,50.0,2026-04-28T00:44:28.896432+00:00
1437,1.0,mound,burial_mound,K-35-054-4_Voynika_x1008_y336.png,K-35-054-4_Voynika,485606.5838924721,4703296.697016807,100.0,2026-04-27T21:33:06.970725+00:00
1438,0.85,mound,burial_mound,K-35-054-3_Yambol_x672_y336.png,K-35-054-3_Yambol,462959.27983000624,4702942.277546229,125.0,2026-04-28T00:31:50.563945+00:00
1439,0.2,not_mound,not_mound,K-35-054-4_Voynika_x2352_y1344.png,K-35-054-4_Voynika,492603.362954687,4697347.683240956,,2026-04-28T00:44:30.210705+00:00
1440,1.0,mound,trig_point_on_mound,K-35-054-4_Voynika_x2688_y3360.png,K-35-054-4_Voynika,494606.7060115477,4688147.257207548,50.0,2026-04-27T21:33:08.329616+00:00
1441,0.4,not_mound,not_mound,K-35-054-4_Voynika_x3360_y2016.png,K-35-054-4_Voynika,497853.9792304141,4695112.586635157,,2026-04-28T00:34:10.412987+00:00
1442,0.2,mound,bench_mark_on_mound,K-35-054-4_Voynika_x672_y3360.png,K-35-054-4_Voynika,483033.0745634234,4686662.962667061,200.0,2026-04-28T00:44:33.045538+00:00
1443,1.0,mound,burial_mound,K-35-054-4_Voynika_x3696_y1680.png,K-35-054-4_Voynika,499576.8604890091,4696066.2988352,50.0,2026-04-27T21:33:09.704030+00:00
1444,1.0,mound,burial_mound,K-35-054-4_Voynika_x2688_y2352.png,K-35-054-4_Voynika,493776.2249857233,4693467.020434671,75.0,2026-04-27T21:33:12.337853+00:00
1445,1.0,mound,burial_mound,K-35-055-1_x1680_y2688.png,K-35-055-1,509680.3410000832,4710248.378309158,75.0,2026-04-27T21:33:15.906181+00:00
1446,0.15,not_mound,not_mound,K-35-055-1_x2352_y2688.png,K-35-055-1,512896.198469363,4709354.395804459,,2026-04-28T00:47:49.372978+00:00
1447,0.4,not_mound,not_mound,K-35-055-1_x2016_y0.png,K-35-055-1,511450.8451837923,4723720.555708349,,2026-04-28T00:34:11.865561+00:00
1448,1.0,mound,burial_mound,K-35-055-1_x4032_y0.png,K-35-055-1,520091.2956623223,4723334.252499517,50.0,2026-04-27T21:33:17.305498+00:00
1449,0.95,mound,trig_point_on_mound,K-35-055-1_x2352_y2352.png,K-35-055-1,512883.1947077452,4710301.4299852885,50.0,2026-04-28T00:28:59.269107+00:00
1450,1.0,not_mound,not_mound,K-35-055-1_x336_y2352.png,K-35-055-1,502270.9059585595,4711089.69026757,,2026-04-27T21:33:18.816774+00:00
1451,0.95,mound,settlement_mound,K-35-055-2_x1008_y1344.png,K-35-055-2,526434.9925947327,4715370.353110216,50.0,2026-04-28T00:29:01.040863+00:00
1452,0.4,mound,settlement_mound,K-35-055-2_x1008_y1680.png,K-35-055-2,525868.1332901445,4714087.350720847,50.0,2026-04-28T00:34:14.730957+00:00
1453,0.15,not_mound,not_mound,K-35-055-2_x1680_y2352.png,K-35-055-2,529643.4693070161,4710823.581063476,,2026-04-28T00:47:50.610383+00:00
1454,0.95,mound,settlement_mound,K-35-055-2_x2352_y1008.png,K-35-055-2,532887.8507527291,4718196.420492057,50.0,2026-04-28T00:29:02.628385+00:00
1455,0.2,not_mound,not_mound,K-35-055-2_x2688_y0.png,K-35-055-2,534883.9048403017,4722058.62348587,,2026-04-28T00:44:35.183412+00:00
1456,0.3,not_mound,not_mound,K-35-055-2_x3360_y2688.png,K-35-055-2,537897.2504298737,4709053.871920589,,2026-04-28T00:43:23.127681+00:00
1457,0.2,not_mound,not_mound,K-35-055-2_x336_y672.png,K-35-055-2,523038.62070956087,4720201.358793197,,2026-04-28T00:44:36.557832+00:00
1458,0.7,not_mound,not_mound,K-35-055-3_x2352_y2352.png,K-35-055-3,513528.54157969536,4692248.0459023,,2026-04-28T00:33:39.472094+00:00
1459,0.2,not_mound,not_mound,K-35-055-3_x2352_y2352.png,K-35-055-3,513524.9157053093,4692122.234279318,,2026-04-28T00:44:39.089920+00:00
1460,0.2,mound,bench_mark_on_mound,K-35-055-3_x3360_y1344.png,K-35-055-3,517219.8147326608,4696681.9966426175,200.0,2026-04-28T00:44:42.099788+00:00
1461,0.85,mound,burial_mound,K-35-055-3_x1680_y2016.png,K-35-055-3,508434.3061810126,4694312.549799583,50.0,2026-04-28T00:31:52.260914+00:00
1462,0.4,mound,burial_mound,K-35-055-3_x1680_y2016.png,K-35-055-3,509313.22692039295,4694990.102103629,50.0,2026-04-28T00:34:16.624050+00:00
1463,1.0,mound,burial_mound,K-35-055-3_x1680_y2016.png,K-35-055-3,509979.279012122,4694864.327904055,50.0,2026-04-27T21:33:19.966978+00:00
1464,0.4,not_mound,not_mound,K-35-055-3_x336_y2688.png,K-35-055-3,502304.3052532272,4690967.757884605,,2026-04-28T00:34:18.504818+00:00
1465,0.15,not_mound,not_mound,K-35-055-4_x4032_y2016.png,K-35-055-4,540658.3871258216,4693976.176347714,,2026-04-28T00:47:51.970624+00:00
1466,0.15,not_mound,not_mound,K-35-055-4_x4032_y2688.png,K-35-055-4,540734.1340634952,4690987.963314032,,2026-04-28T00:47:53.233888+00:00
1467,0.15,not_mound,not_mound,K-35-056-3_x2352_y2016.png,K-35-056-3,554121.8697540323,4694823.620979015,,2026-04-28T00:47:54.603250+00:00
1468,1.0,mound,burial_mound,K-35-062-4_Asenovgrad_4326_x1344_y3024.png,K-35-062-4_Asenovgrad_4326,320855.00281268405,4655267.45484468,50.0,2026-04-27T21:33:21.241736+00:00
1469,0.2,not_mound,not_mound,K-35-062-4_Asenovgrad_4326_x0_y2016.png,K-35-062-4_Asenovgrad_4326,314166.3821536569,4660116.901084672,,2026-04-28T00:44:43.424236+00:00
1470,1.0,mound,burial_mound,K-35-062-4_Asenovgrad_4326_x1680_y2352.png,K-35-062-4_Asenovgrad_4326,321988.718026655,4658697.771611034,50.0,2026-04-27T21:33:22.088228+00:00
1471,1.0,not_mound,not_mound,K-35-062-4_Asenovgrad_4326_x2016_y3360.png,K-35-062-4_Asenovgrad_4326,325127.593831351,4653298.422080012,,2026-04-27T21:33:23.709829+00:00
1472,0.85,mound,burial_mound,K-35-062-4_Asenovgrad_4326_x3024_y3696.png,K-35-062-4_Asenovgrad_4326,328654.53694459464,4652071.239199135,50.0,2026-04-28T00:31:53.371854+00:00
1473,0.95,not_mound,not_mound,K-35-062-4_Asenovgrad_4326_x336_y2688.png,K-35-062-4_Asenovgrad_4326,316360.9052164164,4657427.5048261965,,2026-04-28T00:29:05.015557+00:00
1474,0.2,mound,burial_mound,K-35-062-4_Asenovgrad_4326_x3696_y3024.png,K-35-062-4_Asenovgrad_4326,333195.7196130952,4655827.906451772,200.0,2026-04-28T00:44:46.113807+00:00
1475,0.2,not_mound,not_mound,K-35-062-4_Asenovgrad_4326_x3696_y3696.png,K-35-062-4_Asenovgrad_4326,332710.04504414246,4652109.124404419,,2026-04-28T00:44:47.414050+00:00
1476,0.95,mound,bench_mark_on_mound,K-35-062-4_Asenovgrad_4326_x2688_y2688.png,K-35-062-4_Asenovgrad_4326,328447.66279240174,4656601.875625817,50.0,2026-04-28T00:29:06.369747+00:00
1477,1.0,mound,burial_mound,K-35-062-4_Asenovgrad_4326_x2688_y2352.png,K-35-062-4_Asenovgrad_4326,327686.88319486927,4658399.676351639,50.0,2026-04-27T21:33:24.724800+00:00
1478,0.85,mound,bench_mark_on_mound,K-35-062-4_Asenovgrad_4326_x2688_y2352.png,K-35-062-4_Asenovgrad_4326,328403.6676814909,4658830.552933531,50.0,2026-04-28T00:31:54.557572+00:00
1479,1.0,mound,trig_point_on_mound,K-35-062-4_Asenovgrad_4326_x4032_y1008.png,K-35-062-4_Asenovgrad_4326,333830.7942178308,4665805.09280383,150.0,2026-04-27T21:33:33.225235+00:00
1480,0.95,mound,bench_mark_on_mound,K-35-062-4_Asenovgrad_4326_x672_y2352.png,K-35-062-4_Asenovgrad_4326,317283.0117528244,4657434.413197088,50.0,2026-04-28T00:29:07.533274+00:00
1481,1.0,mound,burial_mound,K-35-063-1_Granit_4326_x1344_y672.png,K-35-063-1_Granit_4326,342722.9666622892,4684695.698274345,50.0,2026-04-27T21:33:34.855511+00:00
1482,1.0,mound,burial_mound,K-35-063-1_Granit_4326_x1344_y2352.png,K-35-063-1_Granit_4326,342850.2813179534,4677226.335134389,50.0,2026-04-27T21:33:35.974028+00:00
1483,0.95,mound,bench_mark_on_mound,K-35-063-1_Granit_4326_x1680_y2688.png,K-35-063-1_Granit_4326,344184.59742037044,4674480.071390869,50.0,2026-04-28T00:29:08.460169+00:00
1484,0.85,mound,burial_mound,K-35-063-1_Granit_4326_x2352_y672.png,K-35-063-1_Granit_4326,347226.5296835144,4684890.239991576,50.0,2026-04-28T00:31:55.630466+00:00
1485,0.85,mound,burial_mound,K-35-063-1_Granit_4326_x1680_y1008.png,K-35-063-1_Granit_4326,344439.8767552733,4683220.514839205,50.0,2026-04-28T00:31:56.966919+00:00
1486,1.0,mound,burial_mound,K-35-063-1_Granit_4326_x2016_y3024.png,K-35-063-1_Granit_4326,346194.16722019913,4672657.957692724,50.0,2026-04-27T21:33:38.125855+00:00
1487,1.0,mound,burial_mound,K-35-063-1_Granit_4326_x2016_y3024.png,K-35-063-1_Granit_4326,346087.5522035898,4672364.895038989,50.0,2026-04-27T21:33:39.092287+00:00
1488,1.0,mound,burial_mound,K-35-063-1_Granit_4326_x2688_y1008.png,K-35-063-1_Granit_4326,348987.4753584438,4683897.833146384,50.0,2026-04-27T21:33:40.037480+00:00
1489,0.15,not_mound,not_mound,K-35-063-1_Granit_4326_x336_y0.png,K-35-063-1_Granit_4326,336545.93279648595,4687379.687541884,,2026-04-28T00:47:55.963371+00:00
1490,1.0,mound,bench_mark_on_mound,K-35-063-1_Granit_4326_x3024_y672.png,K-35-063-1_Granit_4326,351076.1008081286,4684120.476173749,50.0,2026-04-27T21:33:41.352337+00:00
1491,0.4,mound,bench_mark_on_mound,K-35-063-1_Granit_4326_x3360_y336.png,K-35-063-1_Granit_4326,352363.326779328,4686649.323914222,50.0,2026-04-28T00:34:20.017597+00:00
1492,0.2,not_mound,not_mound,K-35-063-1_Granit_4326_x336_y2016.png,K-35-063-1_Granit_4326,337092.5052474418,4677392.92484903,,2026-04-28T00:44:49.034941+00:00
1493,1.0,mound,burial_mound,K-35-063-1_Granit_4326_x3696_y672.png,K-35-063-1_Granit_4326,353318.7672669518,4684409.941911985,50.0,2026-04-28T00:24:44.544374+00:00
1494,1.0,mound,burial_mound,K-35-063-1_Granit_4326_x4032_y1008.png,K-35-063-1_Granit_4326,354821.18075013,4683807.591571434,50.0,2026-04-28T00:24:45.633484+00:00
1495,0.2,mound,burial_mound,K-35-063-1_Granit_4326_x336_y2352.png,K-35-063-1_Granit_4326,337094.90277044615,4676591.065274358,100.0,2026-04-28T00:44:52.933972+00:00
1496,0.95,mound,bench_mark_on_mound,K-35-063-1_Granit_4326_x336_y3024.png,K-35-063-1_Granit_4326,336706.9009389723,4673075.10599945,50.0,2026-04-28T00:29:09.622499+00:00
1497,0.2,not_mound,not_mound,K-35-063-2_Chirpan_4326_x0_y2688.png,K-35-063-2_Chirpan_4326,356024.5464623772,4673903.647155564,,2026-04-28T00:44:54.386975+00:00
1498,0.95,mound,burial_mound,K-35-063-1_Granit_4326_x4032_y672.png,K-35-063-1_Granit_4326,355198.1156816008,4684471.989895141,50.0,2026-04-28T00:29:15.140632+00:00
1499,0.85,mound,burial_mound,K-35-063-1_Granit_4326_x4032_y672.png,K-35-063-1_Granit_4326,355205.8365775576,4684322.640756723,50.0,2026-04-28T00:31:58.001714+00:00
1500,0.15,mound,burial_mound,K-35-063-1_Granit_4326_x4032_y672.png,K-35-063-1_Granit_4326,354884.4759352113,4684439.367869278,50.0,2026-04-28T00:47:57.190425+00:00
1501,1.0,mound,trig_point_on_mound,K-35-063-1_Granit_4326_x672_y0.png,K-35-063-1_Granit_4326,338401.1749198982,4688141.0368664265,50.0,2026-04-28T00:24:46.930995+00:00
1502,0.95,mound,burial_mound,K-35-063-1_Granit_4326_x1680_y3024.png,K-35-063-1_Granit_4326,344445.2942871101,4673244.28325729,50.0,2026-04-28T00:29:16.140231+00:00
1503,0.2,not_mound,not_mound,K-35-063-2_Chirpan_4326_x1680_y2352.png,K-35-063-2_Chirpan_4326,363724.60291355255,4675010.887269421,,2026-04-28T00:44:57.107234+00:00
1504,1.0,mound,burial_mound,K-35-063-2_Chirpan_4326_x0_y672.png,K-35-063-2_Chirpan_4326,355760.1441402148,4683826.774477432,50.0,2026-04-28T00:24:47.941404+00:00
1505,1.0,mound,burial_mound,K-35-063-2_Chirpan_4326_x0_y672.png,K-35-063-2_Chirpan_4326,355901.2562377947,4683613.810931903,50.0,2026-04-28T00:24:48.928113+00:00
1506,1.0,mound,bench_mark_on_mound,K-35-063-1_Granit_4326_x2688_y672.png,K-35-063-1_Granit_4326,349165.7411535236,4684616.537075352,50.0,2026-04-28T00:24:50.102794+00:00
1507,1.0,mound,burial_mound,K-35-063-1_Granit_4326_x2688_y672.png,K-35-063-1_Granit_4326,349361.9233299453,4684485.233306001,50.0,2026-04-28T00:24:51.135652+00:00
1508,1.0,mound,burial_mound,K-35-063-1_Granit_4326_x2688_y672.png,K-35-063-1_Granit_4326,349450.3703120478,4684483.112538915,50.0,2026-04-28T00:24:52.000503+00:00
1509,1.0,not_mound,not_mound,K-35-063-2_Chirpan_4326_x2016_y2688.png,K-35-063-2_Chirpan_4326,366415.14570985234,4673899.614923896,,2026-04-28T00:24:53.182747+00:00
1510,1.0,mound,burial_mound,K-35-063-1_Granit_4326_x336_y336.png,K-35-063-1_Granit_4326,337401.6149658837,4686655.849585068,50.0,2026-04-28T00:24:54.291925+00:00
1511,1.0,mound,burial_mound,K-35-063-1_Granit_4326_x336_y336.png,K-35-063-1_Granit_4326,337360.5192015865,4686583.365039086,50.0,2026-04-28T00:24:55.303229+00:00
1512,1.0,mound,burial_mound,K-35-063-1_Granit_4326_x336_y336.png,K-35-063-1_Granit_4326,337271.2773456762,4686511.331380299,50.0,2026-04-28T00:24:56.159374+00:00
1513,0.35,mound,settlement_mound,K-35-063-2_Chirpan_4326_x3024_y1008.png,K-35-063-2_Chirpan_4326,371883.18344480544,4682227.183104832,50.0,2026-04-28T00:43:20.415069+00:00
1514,0.95,mound,settlement_mound,K-35-063-2_Chirpan_4326_x336_y2688.png,K-35-063-2_Chirpan_4326,356785.0412240947,4673538.329924531,50.0,2026-04-28T00:29:18.034564+00:00
1515,1.0,mound,burial_mound,K-35-063-2_Chirpan_4326_x3360_y672.png,K-35-063-2_Chirpan_4326,373610.3361111373,4684960.40647848,100.0,2026-04-28T00:25:05.545433+00:00
1516,0.95,not_mound,not_mound,K-35-063-2_Chirpan_4326_x3024_y2688.png,K-35-063-2_Chirpan_4326,371859.0198604364,4674364.21359154,,2026-04-28T00:29:20.011823+00:00
1517,0.15,not_mound,not_mound,K-35-063-2_Chirpan_4326_x3024_y2688.png,K-35-063-2_Chirpan_4326,371091.131173936,4673248.723886262,,2026-04-28T00:47:58.249922+00:00
1518,0.4,not_mound,not_mound,K-35-063-2_Chirpan_4326_x3360_y1008.png,K-35-063-2_Chirpan_4326,372658.1421961376,4682679.819344319,,2026-04-28T00:34:22.018658+00:00
1519,0.95,not_mound,not_mound,K-35-063-2_Chirpan_4326_x3360_y1008.png,K-35-063-2_Chirpan_4326,372824.4460374661,4682508.63708846,,2026-04-28T00:29:22.074974+00:00
1520,0.95,not_mound,not_mound,K-35-063-3_Tatarevo_4326_x0_y2688.png,K-35-063-3_Tatarevo_4326,335404.72880344966,4655237.7186812805,,2026-04-28T00:29:23.343232+00:00
1521,1.0,mound,burial_mound,K-35-063-2_Chirpan_4326_x3696_y2016.png,K-35-063-2_Chirpan_4326,373660.7123498386,4676655.061372609,200.0,2026-04-28T00:25:10.305762+00:00
1522,0.95,not_mound,not_mound,K-35-063-3_Tatarevo_4326_x1344_y1680.png,K-35-063-3_Tatarevo_4326,341380.5782120669,4660667.831564456,,2026-04-28T00:29:24.373679+00:00
1523,0.2,not_mound,not_mound,K-35-063-3_Tatarevo_4326_x2016_y0.png,K-35-063-3_Tatarevo_4326,345130.4035033646,4669340.962013286,,2026-04-28T00:45:00.464419+00:00
1524,0.95,mound,burial_mound,K-35-063-3_Tatarevo_4326_x0_y3360.png,K-35-063-3_Tatarevo_4326,335186.77189119346,4651749.475035313,50.0,2026-04-28T00:29:25.831549+00:00
1525,1.0,mound,burial_mound,K-35-063-3_Tatarevo_4326_x2352_y0.png,K-35-063-3_Tatarevo_4326,347505.79692447244,4669767.6391454,50.0,2026-04-28T00:25:12.505680+00:00
1526,0.75,mound,bench_mark_on_mound,K-35-063-3_Tatarevo_4326_x2688_y0.png,K-35-063-3_Tatarevo_4326,349041.8544707688,4669617.59622261,50.0,2026-04-28T00:33:04.542913+00:00
1527,0.85,mound,burial_mound,K-35-063-3_Tatarevo_4326_x3360_y0.png,K-35-063-3_Tatarevo_4326,351904.0657927558,4669737.28209791,50.0,2026-04-28T00:31:59.098451+00:00
1528,0.2,not_mound,not_mound,K-35-063-3_Tatarevo_4326_x2352_y2688.png,K-35-063-3_Tatarevo_4326,347396.9541461222,4655759.947497517,,2026-04-28T00:45:01.717731+00:00
1529,1.0,not_mound,not_mound,K-35-063-3_Tatarevo_4326_x3360_y2352.png,K-35-063-3_Tatarevo_4326,352104.614046891,4657690.650127509,,2026-04-28T00:25:15.078406+00:00
1530,0.85,mound,burial_mound,K-35-063-3_Tatarevo_4326_x0_y1344.png,K-35-063-3_Tatarevo_4326,335606.14002425445,4662242.817303014,50.0,2026-04-28T00:32:00.391192+00:00
1531,0.85,mound,burial_mound,K-35-063-3_Tatarevo_4326_x3360_y3696.png,K-35-063-3_Tatarevo_4326,351067.99051390414,4651716.5084941285,75.0,2026-04-28T00:32:02.758661+00:00
1532,1.0,not_mound,not_mound,K-35-063-3_Tatarevo_4326_x2688_y2016.png,K-35-063-3_Tatarevo_4326,349123.9040507769,4660152.27897911,,2026-04-28T00:25:17.303206+00:00
1533,1.0,mound,burial_mound,K-35-063-3_Tatarevo_4326_x3696_y0.png,K-35-063-3_Tatarevo_4326,353146.05768556416,4669429.915049234,50.0,2026-04-28T00:25:18.468786+00:00
1534,0.2,not_mound,not_mound,K-35-063-3_Tatarevo_4326_x336_y3360.png,K-35-063-3_Tatarevo_4326,336919.4373066004,4652272.318272468,,2026-04-28T00:45:02.954821+00:00
1535,0.4,not_mound,not_mound,K-35-063-4_Skobelevo_4326_x1008_y2016.png,K-35-063-4_Skobelevo_4326,361328.78186936,4659264.983222786,,2026-04-28T00:34:23.402176+00:00
1536,0.95,mound,trig_point_on_mound,K-35-063-4_Skobelevo_4326_x0_y2016.png,K-35-063-4_Skobelevo_4326,355725.77992644743,4658653.827385864,50.0,2026-04-28T00:29:28.589846+00:00
1537,1.0,mound,burial_mound,K-35-063-3_Tatarevo_4326_x336_y2352.png,K-35-063-3_Tatarevo_4326,336227.0655485109,4657937.950243392,150.0,2026-04-28T00:25:23.125686+00:00
1538,1.0,mound,burial_mound,K-35-063-4_Skobelevo_4326_x1008_y672.png,K-35-063-4_Skobelevo_4326,361122.9442709768,4666646.984172669,200.0,2026-04-28T00:25:25.485783+00:00
1539,0.95,mound,burial_mound,K-35-063-4_Skobelevo_4326_x1680_y2352.png,K-35-063-4_Skobelevo_4326,364804.6636657957,4657702.488770863,50.0,2026-04-28T00:29:29.737495+00:00
1540,0.75,mound,bench_mark_on_mound,K-35-063-4_Skobelevo_4326_x1680_y1680.png,K-35-063-4_Skobelevo_4326,364527.7464204731,4660668.176403248,50.0,2026-04-28T00:33:05.756391+00:00
1541,0.4,not_mound,not_mound,K-35-063-4_Skobelevo_4326_x2016_y1008.png,K-35-063-4_Skobelevo_4326,365782.29141571024,4663579.855545071,,2026-04-28T00:34:24.749961+00:00
1542,0.95,mound,bench_mark_on_mound,K-35-063-4_Skobelevo_4326_x2688_y3360.png,K-35-063-4_Skobelevo_4326,370016.3104002952,4651426.7001365535,50.0,2026-04-28T00:29:31.573089+00:00
1543,1.0,mound,burial_mound,K-35-063-4_Skobelevo_4326_x2352_y2016.png,K-35-063-4_Skobelevo_4326,367502.09279539005,4658896.925062479,50.0,2026-04-28T00:25:26.994969+00:00
1544,1.0,mound,burial_mound,K-35-063-4_Skobelevo_4326_x2352_y2016.png,K-35-063-4_Skobelevo_4326,367372.6686192611,4658923.898367958,50.0,2026-04-28T00:25:30.717064+00:00
1545,0.95,mound,burial_mound,K-35-063-4_Skobelevo_4326_x2352_y2016.png,K-35-063-4_Skobelevo_4326,367469.4781052491,4658834.668454457,50.0,2026-04-28T00:29:32.887507+00:00
1546,1.0,mound,burial_mound,K-35-063-4_Skobelevo_4326_x1680_y1680.png,K-35-063-4_Skobelevo_4326,363627.5446288693,4659866.409087226,75.0,2026-04-28T00:25:34.573534+00:00
1547,0.2,mound,trig_point_on_mound,K-35-064-1_Sredets_4326_x0_y0.png,K-35-064-1_Sredets_4326,376353.2751370576,4686329.920316521,50.0,2026-04-28T00:45:04.611430+00:00
1548,0.85,not_mound,not_mound,K-35-063-4_Skobelevo_4326_x672_y3024.png,K-35-063-4_Skobelevo_4326,358678.5582006444,4653271.41213852,,2026-04-28T00:32:04.827047+00:00
1549,0.15,not_mound,not_mound,K-35-064-1_Sredets_4326_x1008_y2352.png,K-35-064-1_Sredets_4326,381304.00079990673,4675311.481692074,,2026-04-28T00:47:59.426526+00:00
1550,0.85,mound,burial_mound,K-35-064-1_Sredets_4326_x1008_y2352.png,K-35-064-1_Sredets_4326,380739.70739474223,4674438.474769857,50.0,2026-04-28T00:32:06.943318+00:00
1551,0.95,mound,trig_point_on_mound,K-35-064-1_Sredets_4326_x1680_y3696.png,K-35-064-1_Sredets_4326,384961.0483070639,4669245.198171652,50.0,2026-04-28T00:29:34.583259+00:00
1552,1.0,mound,trig_point_on_mound,K-35-064-1_Sredets_4326_x0_y1008.png,K-35-064-1_Sredets_4326,376217.41560032335,4681575.733318926,50.0,2026-04-28T00:25:36.422479+00:00
1553,0.95,mound,burial_mound,K-35-064-1_Sredets_4326_x0_y1008.png,K-35-064-1_Sredets_4326,376284.5848998896,4681249.440744262,50.0,2026-04-28T00:29:38.666564+00:00
1554,1.0,mound,bench_mark_on_mound,K-35-064-1_Sredets_4326_x1680_y2016.png,K-35-064-1_Sredets_4326,385792.2272549612,4677544.916895237,50.0,2026-04-28T00:25:37.651116+00:00
1555,0.4,not_mound,not_mound,K-35-064-1_Sredets_4326_x2016_y1680.png,K-35-064-1_Sredets_4326,386241.50373300514,4677973.121818469,,2026-04-28T00:34:25.798015+00:00
1556,0.95,mound,burial_mound,K-35-064-1_Sredets_4326_x0_y1344.png,K-35-064-1_Sredets_4326,376309.9717336978,4680728.397869561,50.0,2026-04-28T00:29:39.758076+00:00
1557,0.2,not_mound,not_mound,K-35-064-1_Sredets_4326_x3360_y3360.png,K-35-064-1_Sredets_4326,394464.964471393,4670311.161460149,,2026-04-28T00:45:06.142181+00:00
1558,1.0,mound,burial_mound,K-35-064-1_Sredets_4326_x2352_y1680.png,K-35-064-1_Sredets_4326,389194.2038083355,4678611.890714496,50.0,2026-04-28T00:25:38.911458+00:00
1559,0.2,not_mound,not_mound,K-35-064-1_Sredets_4326_x336_y0.png,K-35-064-1_Sredets_4326,378565.6067221611,4687390.865252073,,2026-04-28T00:45:07.649753+00:00
1560,0.2,not_mound,not_mound,K-35-064-1_Sredets_4326_x1680_y672.png,K-35-064-1_Sredets_4326,385194.5465021526,4683413.653185773,,2026-04-28T00:45:09.309408+00:00
1561,1.0,mound,burial_mound,K-35-064-1_Sredets_4326_x3696_y3696.png,K-35-064-1_Sredets_4326,396182.2804091424,4669464.701631376,150.0,2026-04-28T00:25:43.259810+00:00
1562,0.95,mound,bench_mark_on_mound,K-35-064-1_Sredets_4326_x672_y1344.png,K-35-064-1_Sredets_4326,379837.2552065019,4680378.715781034,50.0,2026-04-28T00:29:41.069082+00:00
1563,0.95,mound,bench_mark_on_mound,K-35-064-1_Sredets_4326_x3696_y3360.png,K-35-064-1_Sredets_4326,394906.982321384,4670675.827917055,50.0,2026-04-28T00:29:42.225849+00:00
1564,0.85,mound,burial_mound,K-35-064-1_Sredets_4326_x3696_y3360.png,K-35-064-1_Sredets_4326,394782.3044571715,4670812.071240944,50.0,2026-04-28T00:32:08.007440+00:00
1565,0.2,mound,burial_mound,K-35-064-1_Sredets_4326_x3696_y3360.png,K-35-064-1_Sredets_4326,395016.833232692,4670564.2410389045,50.0,2026-04-28T00:45:10.672738+00:00
1566,0.2,not_mound,not_mound,K-35-064-1_Sredets_4326_x2688_y336.png,K-35-064-1_Sredets_4326,389526.5047860667,4686289.792440472,,2026-04-28T00:45:12.001732+00:00
1567,0.8,mound,trig_point_on_mound,K-35-064-2_Radnevo_4326_x1008_y1344.png,K-35-064-2_Radnevo_4326,402579.0792083817,4679938.094726839,50.0,2026-04-28T00:32:51.843248+00:00
1568,1.0,mound,burial_mound,K-35-064-1_Sredets_4326_x1680_y2016.png,K-35-064-1_Sredets_4326,385946.9727656356,4677728.440238309,50.0,2026-04-28T00:25:44.502522+00:00
1569,0.85,mound,bench_mark_on_mound,K-35-064-2_Radnevo_4326_x1008_y3360.png,K-35-064-2_Radnevo_4326,401564.794501248,4670328.232280688,50.0,2026-04-28T00:32:09.334068+00:00
1570,1.0,mound,burial_mound,K-35-064-2_Radnevo_4326_x1344_y3360.png,K-35-064-2_Radnevo_4326,404714.5742682821,4670418.97719702,50.0,2026-04-28T00:25:46.679536+00:00
1571,1.0,not_mound,not_mound,K-35-064-2_Radnevo_4326_x0_y336.png,K-35-064-2_Radnevo_4326,397449.55036060896,4685065.031962606,,2026-04-28T00:25:48.750980+00:00
1572,0.3,mound,burial_mound,K-35-064-2_Radnevo_4326_x2016_y1344.png,K-35-064-2_Radnevo_4326,406722.2783161001,4679729.157112016,50.0,2026-04-28T00:43:24.404738+00:00
1573,0.4,mound,bench_mark_on_mound,K-35-064-2_Radnevo_4326_x1680_y1344.png,K-35-064-2_Radnevo_4326,405265.1510942533,4680034.070135525,50.0,2026-04-28T00:34:27.174151+00:00
1574,0.2,not_mound,not_mound,K-35-064-2_Radnevo_4326_x1008_y3024.png,K-35-064-2_Radnevo_4326,401815.3845272511,4670681.893098968,,2026-04-28T00:45:14.223608+00:00
1575,0.2,not_mound,not_mound,K-35-064-2_Radnevo_4326_x2016_y3024.png,K-35-064-2_Radnevo_4326,407268.2071418336,4670931.845899993,,2026-04-28T00:45:15.720018+00:00
1576,1.0,mound,bench_mark_on_mound,K-35-064-1_Sredets_4326_x672_y2352.png,K-35-064-1_Sredets_4326,380596.4351060113,4674578.51808674,50.0,2026-04-28T00:25:50.315613+00:00
1577,0.95,mound,burial_mound,K-35-064-2_Radnevo_4326_x1680_y3360.png,K-35-064-2_Radnevo_4326,405161.9072494343,4669772.267659891,50.0,2026-04-28T00:29:43.395971+00:00
1578,0.95,mound,trig_point_on_mound,K-35-064-2_Radnevo_4326_x3024_y336.png,K-35-064-2_Radnevo_4326,412493.2755804416,4685079.536567133,50.0,2026-04-28T00:29:44.552463+00:00
1579,0.85,mound,bench_mark_on_mound,K-35-064-2_Radnevo_4326_x3360_y2688.png,K-35-064-2_Radnevo_4326,414982.6197040399,4673289.409427158,50.0,2026-04-28T00:32:10.246439+00:00
1580,0.75,not_mound,not_mound,K-35-064-2_Radnevo_4326_x3360_y1008.png,K-35-064-2_Radnevo_4326,414489.0126565856,4680999.381672266,,2026-04-28T00:33:07.166754+00:00
1581,0.2,not_mound,not_mound,K-35-064-2_Radnevo_4326_x1344_y1680.png,K-35-064-2_Radnevo_4326,404200.4991544407,4678371.329845159,,2026-04-28T00:45:16.831647+00:00
1582,1.0,mound,settlement_mound,K-35-064-2_Radnevo_4326_x2688_y336.png,K-35-064-2_Radnevo_4326,410539.4284125773,4684927.609978511,50.0,2026-04-28T00:25:52.426018+00:00
1583,0.15,not_mound,not_mound,K-35-064-2_Radnevo_4326_x3696_y2016.png,K-35-064-2_Radnevo_4326,416625.9780039861,4676526.086561868,,2026-04-28T00:48:00.756622+00:00
1584,0.3,not_mound,not_mound,K-35-064-2_Radnevo_4326_x3024_y1680.png,K-35-064-2_Radnevo_4326,412911.6559433199,4678444.44906571,,2026-04-28T00:43:25.923622+00:00
1585,0.4,not_mound,not_mound,K-35-064-2_Radnevo_4326_x336_y1344.png,K-35-064-2_Radnevo_4326,399435.7055931169,4679714.738095057,,2026-04-28T00:34:28.375985+00:00
1586,0.2,not_mound,not_mound,K-35-064-2_Radnevo_4326_x2016_y1008.png,K-35-064-2_Radnevo_4326,407102.1843914633,4681808.416125559,,2026-04-28T00:45:17.818996+00:00
1587,1.0,mound,burial_mound,K-35-064-2_Radnevo_4326_x3360_y672.png,K-35-064-2_Radnevo_4326,413665.96966484,4683569.224502933,50.0,2026-04-28T00:25:53.730928+00:00
1588,0.4,not_mound,not_mound,K-35-064-2_Radnevo_4326_x4032_y2016.png,K-35-064-2_Radnevo_4326,416831.8266795617,4676710.547341288,,2026-04-28T00:34:29.710110+00:00
1589,0.85,mound,burial_mound,K-35-064-2_Radnevo_4326_x3360_y1344.png,K-35-064-2_Radnevo_4326,414000.3004315622,4679478.155430965,50.0,2026-04-28T00:32:11.612838+00:00
1590,0.15,not_mound,not_mound,K-35-064-2_Radnevo_4326_x4032_y672.png,K-35-064-2_Radnevo_4326,417241.9643472387,4683676.833737907,,2026-04-28T00:48:01.840004+00:00
1591,0.15,not_mound,not_mound,K-35-064-2_Radnevo_4326_x672_y1008.png,K-35-064-2_Radnevo_4326,400592.1545646098,4681588.832614564,,2026-04-28T00:48:02.721354+00:00
1592,0.2,mound,bench_mark_on_mound,K-35-064-3_Dimitrovgrad_4326_x0_y1680.png,K-35-064-3_Dimitrovgrad_4326,375870.1039606136,4659325.210781507,50.0,2026-04-28T00:45:19.648195+00:00
1593,0.15,mound,trig_point_on_mound,K-35-064-3_Dimitrovgrad_4326_x0_y1344.png,K-35-064-3_Dimitrovgrad_4326,376649.9634499434,4662489.783476883,50.0,2026-04-28T00:48:04.290342+00:00
1594,1.0,not_mound,not_mound,K-35-064-2_Radnevo_4326_x672_y3024.png,K-35-064-2_Radnevo_4326,401275.2398699216,4671369.330249424,,2026-04-28T00:25:55.066396+00:00
1595,1.0,mound,burial_mound,K-35-064-3_Dimitrovgrad_4326_x0_y2016.png,K-35-064-3_Dimitrovgrad_4326,375860.3742117666,4659185.768493064,50.0,2026-04-28T00:25:56.274263+00:00
1596,1.0,mound,bench_mark_on_mound,K-35-064-3_Dimitrovgrad_4326_x1344_y1344.png,K-35-064-3_Dimitrovgrad_4326,383787.88655050937,4661118.720894216,200.0,2026-04-28T00:26:00.063952+00:00
1597,0.4,not_mound,not_mound,K-35-064-3_Dimitrovgrad_4326_x1008_y2688.png,K-35-064-3_Dimitrovgrad_4326,381060.0267278305,4655280.538813687,,2026-04-28T00:34:31.997205+00:00
1598,1.0,not_mound,not_mound,K-35-064-3_Dimitrovgrad_4326_x2352_y1008.png,K-35-064-3_Dimitrovgrad_4326,387809.2744775032,4664203.79126367,,2026-04-28T00:26:02.308730+00:00
1599,0.2,not_mound,not_mound,K-35-064-3_Dimitrovgrad_4326_x2016_y1680.png,K-35-064-3_Dimitrovgrad_4326,386029.5281140809,4659312.540567732,,2026-04-28T00:45:21.537423+00:00
1600,0.2,not_mound,not_mound,K-35-064-2_Radnevo_4326_x3696_y2688.png,K-35-064-2_Radnevo_4326,416419.9622873798,4673257.094174339,,2026-04-28T00:45:23.208347+00:00
1601,0.4,mound,bench_mark_on_mound,K-35-064-4_Galabovo_4326_x1008_y1344.png,K-35-064-4_Galabovo_4326,402443.0642744076,4660692.315353332,50.0,2026-04-28T00:34:33.325008+00:00
1602,0.95,mound,burial_mound,K-35-064-4_Galabovo_4326_x0_y3360.png,K-35-064-4_Galabovo_4326,396606.099557773,4651152.604404951,50.0,2026-04-28T00:29:45.636893+00:00
1603,1.0,mound,burial_mound,K-35-064-4_Galabovo_4326_x0_y1008.png,K-35-064-4_Galabovo_4326,396584.0772743503,4662683.028018822,50.0,2026-04-28T00:26:03.726364+00:00
1604,0.15,not_mound,not_mound,K-35-064-3_Dimitrovgrad_4326_x3696_y2352.png,K-35-064-3_Dimitrovgrad_4326,394651.7341125028,4655964.596262744,,2026-04-28T00:48:05.410272+00:00
1605,1.0,mound,burial_mound,K-35-064-3_Dimitrovgrad_4326_x4032_y1344.png,K-35-064-3_Dimitrovgrad_4326,396498.4790801017,4662817.884055433,75.0,2026-04-28T00:26:07.185080+00:00
1606,0.95,not_mound,not_mound,K-35-064-3_Dimitrovgrad_4326_x3696_y0.png,K-35-064-3_Dimitrovgrad_4326,395412.2561288936,4668838.38361161,,2026-04-28T00:29:52.629381+00:00
1607,0.2,not_mound,not_mound,K-35-064-4_Galabovo_4326_x3024_y2688.png,K-35-064-4_Galabovo_4326,412258.8915706372,4654202.63526804,,2026-04-28T00:45:25.066969+00:00
1608,0.15,not_mound,not_mound,K-35-064-4_Galabovo_4326_x2688_y336.png,K-35-064-4_Galabovo_4326,411048.5709518411,4666954.087465603,,2026-04-28T00:48:06.410003+00:00
1609,0.95,mound,trig_point_on_mound,K-35-064-4_Galabovo_4326_x3024_y1344.png,K-35-064-4_Galabovo_4326,412181.2018625301,4661138.622964393,50.0,2026-04-28T00:29:53.889344+00:00
1610,0.75,mound,bench_mark_on_mound,K-35-064-4_Galabovo_4326_x3360_y1680.png,K-35-064-4_Galabovo_4326,414808.53433479805,4659811.411418317,75.0,2026-04-28T00:33:10.962241+00:00
1611,0.4,not_mound,not_mound,K-35-065-1_Radetski_4326_x1008_y0.png,K-35-065-1_Radetski_4326,422449.98284613993,4686450.445177956,,2026-04-28T00:34:34.760146+00:00
1612,0.75,not_mound,not_mound,K-35-065-1_Radetski_4326_x1008_y1008.png,K-35-065-1_Radetski_4326,423422.3817122021,4680606.890470142,,2026-04-28T00:33:12.715889+00:00
1613,0.3,not_mound,not_mound,K-35-065-1_Radetski_4326_x1008_y336.png,K-35-065-1_Radetski_4326,423209.33394515,4685494.719952982,,2026-04-28T00:43:27.094895+00:00
1614,0.2,not_mound,not_mound,K-35-065-1_Radetski_4326_x1344_y2688.png,K-35-065-1_Radetski_4326,424716.48178303626,4673736.14896769,,2026-04-28T00:45:26.170388+00:00
1615,0.2,not_mound,not_mound,K-35-065-1_Radetski_4326_x1344_y2688.png,K-35-065-1_Radetski_4326,425620.6276395605,4673161.197485478,,2026-04-28T00:45:27.570518+00:00
1616,0.85,not_mound,not_mound,K-35-065-1_Radetski_4326_x1680_y1344.png,K-35-065-1_Radetski_4326,425654.26029770746,4679120.631959977,,2026-04-28T00:32:12.961905+00:00
1617,0.15,mound,burial_mound,K-35-065-1_Radetski_4326_x2016_y1344.png,K-35-065-1_Radetski_4326,427822.9347422016,4680073.12374765,50.0,2026-04-28T00:48:07.821923+00:00
1618,0.75,not_mound,not_mound,K-35-065-1_Radetski_4326_x0_y672.png,K-35-065-1_Radetski_4326,418352.9083622836,4683613.067745437,,2026-04-28T00:33:15.340981+00:00
1619,1.0,not_mound,not_mound,K-35-065-1_Radetski_4326_x2016_y672.png,K-35-065-1_Radetski_4326,427613.2301892306,4683523.194065333,,2026-04-28T00:26:08.572015+00:00
1620,1.0,not_mound,not_mound,K-35-065-1_Radetski_4326_x2016_y672.png,K-35-065-1_Radetski_4326,428789.47976063855,4682553.153316481,,2026-04-28T00:26:09.675597+00:00
1621,0.85,not_mound,not_mound,K-35-065-1_Radetski_4326_x1680_y0.png,K-35-065-1_Radetski_4326,426498.24847339024,4685723.104338214,,2026-04-28T00:32:14.165996+00:00
1622,0.4,not_mound,not_mound,K-35-065-1_Radetski_4326_x2688_y2352.png,K-35-065-1_Radetski_4326,431260.6575942855,4674709.684146958,,2026-04-28T00:34:35.951648+00:00
1623,0.8,not_mound,not_mound,K-35-065-1_Radetski_4326_x2688_y2016.png,K-35-065-1_Radetski_4326,431738.6232416348,4677259.065404965,,2026-04-28T00:32:53.636096+00:00
1624,0.4,not_mound,not_mound,K-35-065-1_Radetski_4326_x3024_y1344.png,K-35-065-1_Radetski_4326,432826.4711517237,4680070.020944358,,2026-04-28T00:34:37.316073+00:00
1625,0.85,not_mound,not_mound,K-35-065-1_Radetski_4326_x2688_y672.png,K-35-065-1_Radetski_4326,431342.3985828177,4682699.838286719,,2026-04-28T00:32:15.536046+00:00
1626,0.2,mound,burial_mound,K-35-065-1_Radetski_4326_x3696_y1344.png,K-35-065-1_Radetski_4326,436758.9507873976,4680127.347489797,50.0,2026-04-28T00:45:28.866932+00:00
1627,0.2,mound,burial_mound,K-35-065-1_Radetski_4326_x1344_y1680.png,K-35-065-1_Radetski_4326,424068.06045590405,4678287.076224696,200.0,2026-04-28T00:45:31.526742+00:00
1628,1.0,not_mound,not_mound,K-35-065-1_Radetski_4326_x336_y1680.png,K-35-065-1_Radetski_4326,420239.9676671709,4678148.46593538,,2026-04-28T00:26:11.536828+00:00
1629,0.95,mound,bench_mark_on_mound,K-35-065-1_Radetski_4326_x3696_y336.png,K-35-065-1_Radetski_4326,435788.094403438,4684032.160149393,200.0,2026-04-28T00:29:57.397000+00:00
1630,0.75,not_mound,not_mound,K-35-065-1_Radetski_4326_x2688_y3360.png,K-35-065-1_Radetski_4326,431487.6924282304,4669368.457001061,,2026-04-28T00:33:16.773147+00:00
1631,0.2,not_mound,not_mound,K-35-065-1_Radetski_4326_x336_y3360.png,K-35-065-1_Radetski_4326,419407.0161821149,4669843.494252304,,2026-04-28T00:45:33.179794+00:00
1632,0.15,not_mound,not_mound,K-35-065-2_GManastir_4326_x1008_y1344.png,K-35-065-2_GManastir_4326,443650.43478797737,4679969.63200199,,2026-04-28T00:48:10.518736+00:00
1633,0.4,not_mound,not_mound,K-35-065-1_Radetski_4326_x336_y1008.png,K-35-065-1_Radetski_4326,420050.7260824033,4682034.367815217,,2026-04-28T00:34:38.659648+00:00
1634,0.4,mound,burial_mound,K-35-065-2_GManastir_4326_x1680_y2688.png,K-35-065-2_GManastir_4326,447642.661459549,4673077.115513544,75.0,2026-04-28T00:34:41.316238+00:00
1635,0.75,not_mound,not_mound,K-35-065-1_Radetski_4326_x672_y1344.png,K-35-065-1_Radetski_4326,421237.8558709215,4679070.581981373,,2026-04-28T00:33:17.885443+00:00
1636,0.95,mound,bench_mark_on_mound,K-35-065-2_GManastir_4326_x0_y1008.png,K-35-065-2_GManastir_4326,438112.8742746205,4680947.338706174,50.0,2026-04-28T00:29:59.139560+00:00
1637,0.15,not_mound,not_mound,K-35-065-2_GManastir_4326_x2352_y2688.png,K-35-065-2_GManastir_4326,450972.211152494,4672589.108221254,,2026-04-28T00:48:11.973645+00:00
1638,0.15,not_mound,not_mound,K-35-065-2_GManastir_4326_x4032_y2352.png,K-35-065-2_GManastir_4326,458519.2755737052,4674246.464870598,,2026-04-28T00:48:13.166084+00:00
1639,0.95,mound,burial_mound,K-35-065-2_GManastir_4326_x2688_y1680.png,K-35-065-2_GManastir_4326,451567.7131996072,4677746.306228815,50.0,2026-04-28T00:30:00.955560+00:00
1640,0.4,not_mound,not_mound,K-35-063-4_Skobelevo_4326_x2016_y3360.png,K-35-063-4_Skobelevo_4326,365292.2456990792,4652041.832983023,,2026-04-28T00:40:07.782387+00:00
1641,0.85,not_mound,not_mound,K-35-065-3_Glavan_4326_x3360_y1680.png,K-35-065-3_Glavan_4326,434882.84156685846,4659568.69372675,,2026-04-28T00:32:16.909566+00:00
1642,0.2,not_mound,not_mound,K-35-065-3_Glavan_4326_x336_y2352.png,K-35-065-3_Glavan_4326,418864.1898135387,4655846.870269911,,2026-04-28T00:45:35.033827+00:00
1643,1.0,mound,burial_mound,K-35-065-3_Glavan_4326_x2352_y1008.png,K-35-065-3_Glavan_4326,428987.4246104667,4663276.446180521,50.0,2026-04-28T00:26:12.765549+00:00
1644,0.75,mound,burial_mound,K-35-065-3_Glavan_4326_x3360_y2352.png,K-35-065-3_Glavan_4326,435093.784727373,4655873.987009836,50.0,2026-04-28T00:33:19.315720+00:00
1645,0.95,mound,trig_point_on_mound,K-35-065-3_Glavan_4326_x3360_y2688.png,K-35-065-3_Glavan_4326,434787.0010186071,4655173.144310874,50.0,2026-04-28T00:30:02.380559+00:00
1646,1.0,mound,bench_mark_on_mound,K-35-065-3_Glavan_4326_x4032_y3024.png,K-35-065-3_Glavan_4326,437203.6322023399,4651947.259690307,200.0,2026-04-28T00:26:16.083619+00:00
1647,1.0,mound,bench_mark_on_mound,K-35-065-3_Glavan_4326_x672_y2016.png,K-35-065-3_Glavan_4326,420562.7180292025,4656905.412473755,50.0,2026-04-28T00:26:23.275663+00:00
1648,0.15,not_mound,not_mound,K-35-065-3_Glavan_4326_x672_y3696.png,K-35-065-3_Glavan_4326,422005.02594234806,4650232.694655152,,2026-04-28T00:48:14.369760+00:00
1649,0.2,not_mound,not_mound,K-35-065-4_x2688_y0.png,K-35-065-4,452638.2386282248,4667961.743980611,,2026-04-28T00:45:36.277348+00:00
1650,0.2,not_mound,not_mound,K-35-065-4_x1680_y3360.png,K-35-065-4,447606.7709262012,4650267.239840928,,2026-04-28T00:45:37.601648+00:00
1651,0.15,not_mound,not_mound,K-35-065-4_x3360_y2016.png,K-35-065-4,456379.0051485559,4657373.774418597,,2026-04-28T00:48:15.908924+00:00
1652,0.95,mound,bench_mark_on_mound,K-35-065-4_x2016_y2352.png,K-35-065-4,448002.3621111492,4655451.154557731,200.0,2026-04-28T00:30:05.403920+00:00
1653,0.15,not_mound,not_mound,K-35-066-1_x1008_y1008.png,K-35-066-1,463701.982926154,4680698.495390386,,2026-04-28T00:48:16.873900+00:00
1654,0.15,not_mound,not_mound,K-35-066-1_x1008_y0.png,K-35-066-1,463991.6391199545,4685994.735577785,,2026-04-28T00:48:17.991271+00:00
1655,1.0,mound,bench_mark_on_mound,K-35-066-1_x1008_y1680.png,K-35-066-1,464755.4852442606,4678020.021869743,50.0,2026-04-28T00:26:24.444159+00:00
1656,0.2,not_mound,not_mound,K-35-065-4_x672_y3024.png,K-35-065-4,442412.66567822045,4652340.171278257,,2026-04-28T00:45:39.014761+00:00
1657,0.15,not_mound,not_mound,K-35-066-1_x336_y2688.png,K-35-066-1,460410.988165432,4671911.789859952,,2026-04-28T00:48:19.277786+00:00
1658,1.0,mound,burial_mound,K-35-066-1_x3360_y2016.png,K-35-066-1,476003.3160654497,4674948.250583907,50.0,2026-04-28T00:26:26.018448+00:00
1659,1.0,mound,burial_mound,K-35-066-1_x2688_y1344.png,K-35-066-1,472823.5845975863,4679672.383491919,75.0,2026-04-28T00:26:28.760838+00:00
1660,0.85,not_mound,not_mound,K-35-066-1_x3024_y2352.png,K-35-066-1,474515.24493486015,4673949.285027033,,2026-04-28T00:32:18.498044+00:00
1661,0.85,mound,bench_mark_on_mound,K-35-066-1_x3360_y1680.png,K-35-066-1,477266.3625493138,4677248.470836527,50.0,2026-04-28T00:32:19.781348+00:00
1662,0.2,mound,burial_mound,K-35-066-1_x1008_y336.png,K-35-066-1,463950.75704552606,4684100.411030841,100.0,2026-04-28T00:45:42.919809+00:00
1663,0.95,mound,bench_mark_on_mound,K-35-066-1_x3696_y2688.png,K-35-066-1,478226.3419532712,4671660.626697177,200.0,2026-04-28T00:30:08.713602+00:00
1664,0.2,not_mound,not_mound,K-35-066-1_x672_y1680.png,K-35-066-1,462902.9117347734,4677472.482217222,,2026-04-28T00:45:44.465174+00:00
1665,0.4,not_mound,not_mound,K-35-066-1_x672_y1680.png,K-35-066-1,463129.0994425132,4677500.272917466,,2026-04-28T00:40:09.891945+00:00
1666,0.2,not_mound,not_mound,K-35-066-1_x4032_y2688.png,K-35-066-1,479183.045988669,4672040.356290697,,2026-04-28T00:45:48.464296+00:00
1667,0.4,mound,burial_mound,K-35-066-2_x1344_y1680.png,K-35-066-2,486077.978452794,4676599.822101996,200.0,2026-04-28T00:40:12.390227+00:00
1668,0.85,mound,burial_mound,K-35-066-2_x2352_y1680.png,K-35-066-2,492437.42550655326,4676562.903558771,200.0,2026-04-28T00:32:22.339743+00:00
1669,1.0,not_mound,not_mound,K-35-066-2_x1344_y2016.png,K-35-066-2,487748.4334637583,4676075.853305269,,2026-04-28T00:26:30.195156+00:00
1670,1.0,not_mound,not_mound,K-35-066-2_x2016_y1344.png,K-35-066-2,490151.63240618026,4678497.168959208,,2026-04-28T00:26:31.530672+00:00
1671,0.95,mound,burial_mound,K-35-066-2_x2016_y1344.png,K-35-066-2,490148.7218633055,4678186.055515621,100.0,2026-04-28T00:30:12.753094+00:00
1672,0.2,not_mound,not_mound,K-35-066-2_x3024_y3024.png,K-35-066-2,494882.3041708071,4670591.338629517,,2026-04-28T00:45:49.786995+00:00
1673,1.0,mound,trig_point_on_mound,K-35-066-2_x336_y2016.png,K-35-066-2,482672.3372832457,4675214.799093476,50.0,2026-04-28T00:26:33.023952+00:00
1674,0.85,mound,bench_mark_on_mound,K-35-066-2_x3360_y1344.png,K-35-066-2,497914.0765912648,4679155.1159204,50.0,2026-04-28T00:32:23.804079+00:00
1675,0.15,not_mound,not_mound,K-35-066-2_x672_y2688.png,K-35-066-2,483132.40578995255,4672259.628032205,,2026-04-28T00:48:20.503129+00:00
1676,0.95,not_mound,not_mound,K-35-066-2_x672_y3360.png,K-35-066-2,484220.6176121904,4668115.683966978,,2026-04-28T00:30:14.274087+00:00
1677,0.2,not_mound,not_mound,K-35-066-2_x672_y3360.png,K-35-066-2,484294.2985670119,4668114.964287831,,2026-04-28T00:45:51.555224+00:00
1678,0.15,not_mound,not_mound,K-35-066-2_x336_y336.png,K-35-066-2,482084.7188524649,4684499.344809205,,2026-04-28T00:48:21.624942+00:00
1679,0.75,not_mound,not_mound,K-35-066-2_x672_y2016.png,K-35-066-2,483960.7468959208,4675366.191771709,,2026-04-28T00:33:24.587834+00:00
1680,0.2,not_mound,not_mound,K-35-066-2_x672_y2016.png,K-35-066-2,483092.7071262003,4675527.780483289,,2026-04-28T00:45:52.513732+00:00
1681,1.0,mound,bench_mark_on_mound,K-35-066-2_x672_y2016.png,K-35-066-2,484183.8329384843,4674942.53641055,200.0,2026-04-28T00:26:38.538821+00:00
1682,0.95,mound,burial_mound,K-35-066-3_x1344_y1344.png,K-35-066-3,465743.5128066475,4659758.302156273,200.0,2026-04-28T00:30:21.852772+00:00
1683,0.85,mound,bench_mark_on_mound,K-35-066-3_x0_y2688.png,K-35-066-3,458801.87445910496,4653949.727266024,50.0,2026-04-28T00:32:24.783291+00:00
1684,0.2,not_mound,not_mound,K-35-066-2_x336_y1008.png,K-35-066-2,482307.8379263235,4681405.331287286,,2026-04-28T00:45:53.829246+00:00
1685,0.85,not_mound,not_mound,K-35-066-3_x2016_y1344.png,K-35-066-3,468995.0131607407,4660229.840233686,,2026-04-28T00:32:26.316975+00:00
1686,0.95,mound,bench_mark_on_mound,K-35-066-3_x2352_y1008.png,K-35-066-3,471765.2815119422,4662230.923092699,50.0,2026-04-28T00:30:23.419811+00:00
1687,1.0,mound,burial_mound,K-35-066-2_x336_y1680.png,K-35-066-2,481247.056758996,4677727.498364047,50.0,2026-04-28T00:26:39.705683+00:00
1688,1.0,mound,burial_mound,K-35-066-3_x3360_y2352.png,K-35-066-3,476399.718254953,4656256.614246891,200.0,2026-04-28T00:26:42.913193+00:00
1689,0.95,mound,burial_mound,K-35-066-3_x3360_y2352.png,K-35-066-3,476391.2161957812,4655890.683347655,200.0,2026-04-28T00:30:25.543358+00:00
1690,0.2,not_mound,not_mound,K-35-066-3_x336_y0.png,K-35-066-3,460377.3420611863,4667644.523524056,,2026-04-28T00:45:54.754457+00:00
1691,0.2,not_mound,not_mound,K-35-066-3_x3696_y2016.png,K-35-066-3,477340.8224046069,4657671.742194549,,2026-04-28T00:45:55.903696+00:00
1692,1.0,mound,burial_mound,K-35-066-3_x3024_y672.png,K-35-066-3,475141.80514512886,4664355.28075044,200.0,2026-04-28T00:26:46.266325+00:00
1693,0.2,not_mound,not_mound,K-35-066-3_x4032_y0.png,K-35-066-3,478728.99124004034,4667366.982555451,,2026-04-28T00:45:56.943134+00:00
1694,0.15,not_mound,not_mound,K-35-066-4_x1008_y2688.png,K-35-066-4,484374.78467092826,4653393.468419032,,2026-04-28T00:48:23.075062+00:00
1695,0.4,mound,burial_mound,K-35-066-4_x0_y336.png,K-35-066-4,480949.500946252,4665239.467049332,50.0,2026-04-28T00:40:13.770968+00:00
1696,0.2,not_mound,not_mound,K-35-066-4_x2688_y1008.png,K-35-066-4,493471.9731065976,4662326.958277212,,2026-04-28T00:45:58.037618+00:00
1697,0.4,not_mound,not_mound,K-35-066-4_x2688_y2352.png,K-35-066-4,493688.4387145115,4655877.994236155,,2026-04-28T00:40:15.266609+00:00
1698,1.0,not_mound,not_mound,K-35-066-4_x3024_y336.png,K-35-066-4,495573.6950486623,4664928.68001314,,2026-04-28T00:26:47.913946+00:00
1699,0.15,not_mound,not_mound,K-35-066-4_x2688_y0.png,K-35-066-4,494347.1077614891,4667563.452552891,,2026-04-28T00:48:24.169515+00:00
1700,0.3,not_mound,not_mound,K-35-066-4_x3696_y2352.png,K-35-066-4,498052.4664019765,4655518.931037204,,2026-04-28T00:43:28.182102+00:00
1701,1.0,mound,burial_mound,K-35-066-4_x0_y3024.png,K-35-066-4,480318.4962847953,4651334.639749895,50.0,2026-04-28T00:26:49.330546+00:00
1702,1.0,mound,burial_mound,K-35-066-4_x0_y3024.png,K-35-066-4,480843.0222659204,4651298.561315089,50.0,2026-04-28T00:26:50.341246+00:00
1703,0.15,not_mound,not_mound,K-35-066-4_x336_y3024.png,K-35-066-4,481404.4924929947,4652086.711703135,,2026-04-28T00:48:25.287721+00:00
1704,0.15,not_mound,not_mound,K-35-066-4_x336_y3024.png,K-35-066-4,482476.13934586686,4652184.573771087,,2026-04-28T00:48:26.341972+00:00
1705,1.0,mound,burial_mound,K-35-067-1_x0_y0.png,K-35-067-1,500423.25972033147,4685906.94312148,50.0,2026-04-28T00:26:51.269433+00:00
1706,0.2,not_mound,not_mound,K-35-067-1_x2688_y1008.png,K-35-067-1,514247.8110345512,4680839.990899008,,2026-04-28T00:45:59.299227+00:00
1707,1.0,mound,burial_mound,K-35-067-1_x2352_y2016.png,K-35-067-1,512493.28898533457,4675768.936954489,200.0,2026-04-28T00:26:59.313374+00:00
1708,0.4,mound,burial_mound,K-35-067-1_x2352_y2016.png,K-35-067-1,512389.8402084288,4675474.514514907,150.0,2026-04-28T00:40:19.435883+00:00
1709,1.0,mound,burial_mound,K-35-067-1_x336_y0.png,K-35-067-1,502336.0696075995,4685584.096180289,50.0,2026-04-28T00:27:00.687508+00:00
1710,1.0,mound,burial_mound,K-35-067-1_x3696_y3360.png,K-35-067-1,520273.38303734607,4668484.256441704,75.0,2026-04-28T00:27:03.437014+00:00
1711,1.0,mound,bench_mark_on_mound,K-35-067-2_x1344_y3024.png,K-35-067-2,528896.1947954056,4670923.995864489,50.0,2026-04-28T00:27:04.958052+00:00
1712,0.95,mound,burial_mound,K-35-067-2_x1344_y3024.png,K-35-067-2,527692.6602078996,4670535.759888824,75.0,2026-04-28T00:30:31.617248+00:00
1713,0.2,mound,burial_mound,K-35-067-2_x3024_y1680.png,K-35-067-2,537029.2664935708,4678022.313691298,50.0,2026-04-28T00:46:01.193180+00:00
1714,1.0,mound,bench_mark_on_mound,K-35-067-2_x1344_y3360.png,K-35-067-2,528162.256020415,4669569.290723007,75.0,2026-04-28T00:27:08.087632+00:00
1715,0.15,mound,burial_mound,K-35-067-2_x1344_y336.png,K-35-067-2,528943.4017850264,4683694.188672785,50.0,2026-04-28T00:48:27.774251+00:00
1716,0.4,mound,burial_mound,K-35-067-3_x0_y2352.png,K-35-067-3,501267.01294330304,4656333.403139523,50.0,2026-04-28T00:42:25.288454+00:00
1717,0.2,not_mound,not_mound,K-35-067-3_x3024_y1344.png,K-35-067-3,515393.7841308099,4660537.675876172,,2026-04-28T00:46:02.400300+00:00
1718,1.0,mound,burial_mound,K-35-067-3_x1680_y672.png,K-35-067-3,510029.0744303081,4664531.150598069,50.0,2026-04-28T00:27:09.666392+00:00
1719,1.0,not_mound,not_mound,K-35-067-3_x3360_y2016.png,K-35-067-3,517027.5020322559,4656878.062031372,,2026-04-28T00:27:11.186420+00:00
1720,0.75,not_mound,not_mound,K-35-067-3_x3360_y2016.png,K-35-067-3,517061.41284628713,4656676.622825913,,2026-04-28T00:33:26.979314+00:00
1721,0.25,not_mound,not_mound,K-35-067-3_x3360_y3360.png,K-35-067-3,517429.75002058194,4651030.962834051,,2026-04-28T00:43:37.054059+00:00
1722,1.0,mound,burial_mound,K-35-067-3_x3360_y0.png,K-35-067-3,516894.7196465476,4667176.15602402,75.0,2026-04-28T00:27:14.032305+00:00
1723,1.0,mound,burial_mound,K-35-067-4_x0_y0.png,K-35-067-4,521424.7441739701,4667070.323519147,50.0,2026-04-28T00:27:15.793925+00:00
1724,0.15,not_mound,not_mound,K-35-067-4_x1008_y3360.png,K-35-067-4,526895.149732892,4649950.581692556,,2026-04-28T00:48:28.736508+00:00
1725,1.0,mound,burial_mound,K-35-067-4_x1680_y1680.png,K-35-067-4,528985.1192997448,4659577.834065871,75.0,2026-04-28T00:27:18.225973+00:00
1726,1.0,mound,burial_mound,K-35-067-4_x2016_y2016.png,K-35-067-4,530974.2198509029,4657454.773501108,50.0,2026-04-28T00:27:19.423177+00:00
1727,0.4,mound,burial_mound,K-35-067-4_x2016_y2016.png,K-35-067-4,531025.7967020503,4657352.294395485,50.0,2026-04-28T00:42:26.516350+00:00
1728,1.0,mound,burial_mound,K-35-067-2_x2352_y3024.png,K-35-067-2,532847.8089390347,4670106.551697969,50.0,2026-04-28T00:27:20.383207+00:00
1729,0.2,mound,bench_mark_on_mound,K-35-067-4_x3360_y1344.png,K-35-067-4,538146.772042807,4660656.283455173,50.0,2026-04-28T00:46:03.878251+00:00
1730,0.75,mound,burial_mound,K-35-067-4_x3360_y1680.png,K-35-067-4,537811.6826738714,4658880.379422954,50.0,2026-04-28T00:33:28.991348+00:00
1731,0.2,not_mound,not_mound,K-35-067-4_x336_y3360.png,K-35-067-4,523338.99950211233,4650421.522411039,,2026-04-28T00:46:05.685094+00:00
1732,0.2,mound,burial_mound,K-35-067-4_x1008_y336.png,K-35-067-4,526448.2660826691,4665218.34670273,100.0,2026-04-28T00:46:11.325404+00:00
1733,0.2,not_mound,not_mound,K-35-074-1_x1344_y672.png,K-35-074-1,300139.28648231056,4648888.633385663,,2026-04-28T00:46:12.820446+00:00
1734,0.2,mound,burial_mound,K-35-074-1_x2352_y3024.png,K-35-074-1,305369.8673133383,4635736.921613245,200.0,2026-04-28T00:46:15.931779+00:00
1735,0.2,not_mound,not_mound,K-35-074-1_x2352_y336.png,K-35-074-1,305983.7426107357,4650299.68189857,,2026-04-28T00:46:18.002583+00:00
1736,0.4,not_mound,not_mound,K-35-074-1_x672_y2688.png,K-35-074-1,296579.0756798858,4637939.887587943,,2026-04-28T00:42:28.739494+00:00
1737,0.15,not_mound,not_mound,K-35-074-2_x2352_y2016.png,K-35-074-2,326077.83628286,4640574.444599144,,2026-04-28T00:48:29.725430+00:00
1738,0.65,not_mound,not_mound,K-35-074-2_x1680_y1680.png,K-35-074-2,322509.1405152157,4642693.916940138,,2026-04-28T00:33:41.059547+00:00
1739,0.15,not_mound,not_mound,K-35-074-2_x3024_y2352.png,K-35-074-2,329359.7319486578,4639813.153051222,,2026-04-28T00:48:32.014528+00:00
1740,0.2,not_mound,not_mound,K-35-074-2_x3696_y672.png,K-35-074-2,332513.710412075,4647677.957983604,,2026-04-28T00:46:19.453704+00:00
1741,0.15,not_mound,not_mound,K-35-074-2_x672_y336.png,K-35-074-2,317751.570319772,4650209.206816858,,2026-04-28T00:48:33.208118+00:00
1742,0.2,not_mound,not_mound,K-35-074-2_x672_y672.png,K-35-074-2,316537.0292886927,4647398.735000295,,2026-04-28T00:46:20.725553+00:00
1743,0.95,mound,burial_mound,K-35-074-3_x2016_y1344.png,K-35-074-3,302475.30795763043,4625679.238701475,200.0,2026-04-28T00:30:34.483534+00:00
1744,0.15,not_mound,not_mound,K-35-074-3_x2688_y1680.png,K-35-074-3,306514.8612792728,4624318.698292758,,2026-04-28T00:48:34.411168+00:00
1745,0.3,not_mound,not_mound,K-35-074-3_x1680_y672.png,K-35-074-3,302121.0227176767,4629387.465262375,,2026-04-28T00:43:29.238884+00:00
1746,0.2,not_mound,not_mound,K-35-074-3_x4032_y672.png,K-35-074-3,312456.4340435015,4629886.387372796,,2026-04-28T00:46:21.967184+00:00
1747,0.85,not_mound,not_mound,K-35-074-3_x3696_y3360.png,K-35-074-3,310820.1690879173,4616531.514398338,,2026-04-28T00:32:27.773087+00:00
1748,0.15,not_mound,not_mound,K-35-074-4_x1008_y3360.png,K-35-074-4,318585.88426283683,4615731.157109723,,2026-04-28T00:48:35.455855+00:00
1749,0.15,not_mound,not_mound,K-35-074-4_x3360_y1344.png,K-35-074-4,330816.3819968173,4626501.955860702,,2026-04-28T00:48:36.617473+00:00
1750,0.15,not_mound,not_mound,K-35-074-4_x2016_y3360.png,K-35-074-4,324183.7468613945,4615824.681237618,,2026-04-28T00:48:37.707227+00:00
1751,0.15,not_mound,not_mound,K-35-075-1_x1008_y0.png,K-35-075-1,340569.92739492864,4650434.569180364,,2026-04-28T00:48:38.709045+00:00
1752,1.0,mound,burial_mound,K-35-075-1_x0_y672.png,K-35-075-1,334395.62254052144,4647090.097223949,50.0,2026-04-28T00:27:21.255800+00:00
1753,0.2,not_mound,not_mound,K-35-074-4_x672_y0.png,K-35-074-4,316793.1163302213,4632763.45250139,,2026-04-28T00:46:30.491308+00:00
1754,1.0,mound,bench_mark_on_mound,K-35-075-1_x0_y0.png,K-35-075-1,335593.43359271006,4649842.187335729,50.0,2026-04-28T00:27:22.438691+00:00
1755,0.95,mound,bench_mark_on_mound,K-35-075-1_x1344_y0.png,K-35-075-1,342398.23938439204,4651402.288064455,50.0,2026-04-28T00:30:36.158828+00:00
1756,1.0,mound,burial_mound,K-35-075-1_x2352_y0.png,K-35-075-1,345832.3812718594,4651125.595984925,50.0,2026-04-28T00:27:23.373964+00:00
1757,0.4,mound,burial_mound,K-35-075-1_x2688_y1008.png,K-35-075-1,347874.3828122875,4645358.809178846,50.0,2026-04-28T00:42:29.857121+00:00
1758,0.95,mound,bench_mark_on_mound,K-35-075-1_x3360_y0.png,K-35-075-1,352378.7957957249,4651222.096955161,50.0,2026-04-28T00:30:37.297391+00:00
1759,0.95,mound,bench_mark_on_mound,K-35-075-1_x3024_y0.png,K-35-075-1,350145.83672987897,4651152.861763227,50.0,2026-04-28T00:30:38.242390+00:00
1760,1.0,mound,burial_mound,K-35-075-1_x672_y1008.png,K-35-075-1,338321.4585055296,4644684.660389522,50.0,2026-04-28T00:27:24.284899+00:00
1761,1.0,mound,burial_mound,K-35-075-1_x3696_y0.png,K-35-075-1,354094.24683831766,4650072.216377975,200.0,2026-04-28T00:27:26.926698+00:00
1762,0.2,not_mound,not_mound,K-35-075-2_x1680_y3024.png,K-35-075-2,363660.53451517154,4634799.905188338,,2026-04-28T00:46:31.751540+00:00
1763,0.4,not_mound,not_mound,K-35-075-2_x1680_y2016.png,K-35-075-2,364229.0199325185,4639296.788532987,,2026-04-28T00:42:31.277403+00:00
1764,0.2,not_mound,not_mound,K-35-075-2_x2016_y0.png,K-35-075-2,365976.2731423868,4649886.706656242,,2026-04-28T00:46:33.002017+00:00
1765,0.4,mound,burial_mound,K-35-075-2_x2016_y0.png,K-35-075-2,366334.6841369359,4649720.8865143685,125.0,2026-04-28T00:42:38.165493+00:00
1766,0.4,not_mound,not_mound,K-35-075-2_x2688_y2352.png,K-35-075-2,369064.7813955037,4637695.964150017,,2026-04-28T00:42:39.471075+00:00
1767,0.95,mound,bench_mark_on_mound,K-35-075-2_x3024_y0.png,K-35-075-2,370790.28788890905,4650584.300330192,50.0,2026-04-28T00:30:39.313405+00:00
1768,0.4,not_mound,not_mound,K-35-075-2_x1008_y336.png,K-35-075-2,359884.247847198,4647888.319941773,,2026-04-28T00:42:40.749860+00:00
1769,0.2,not_mound,not_mound,K-35-075-2_x672_y1680.png,K-35-075-2,359579.51651007595,4642005.960064988,,2026-04-28T00:46:34.297098+00:00
1770,1.0,mound,burial_mound,K-35-075-2_x2352_y672.png,K-35-075-2,367621.3959892562,4646311.736146038,50.0,2026-04-28T00:27:28.043404+00:00
1771,0.95,mound,bench_mark_on_mound,K-35-075-2_x4032_y2016.png,K-35-075-2,374879.0516356524,4639436.314004507,50.0,2026-04-28T00:30:40.319931+00:00
1772,0.4,not_mound,not_mound,K-35-075-2_x4032_y1008.png,K-35-075-2,375428.86818741215,4644785.359143521,,2026-04-28T00:42:42.076781+00:00
1773,0.2,not_mound,not_mound,K-35-075-3_x1008_y3360.png,K-35-075-3,339280.5929229384,4614699.001756368,,2026-04-28T00:46:35.562337+00:00
1774,0.85,not_mound,not_mound,K-35-075-3_x2016_y3360.png,K-35-075-3,344767.729456255,4614650.230234152,,2026-04-28T00:32:28.996223+00:00
1775,0.2,not_mound,not_mound,K-35-075-3_x1680_y2016.png,K-35-075-3,343395.7119126185,4621712.395174333,,2026-04-28T00:46:37.015648+00:00
1776,1.0,mound,burial_mound,K-35-075-3_x4032_y1008.png,K-35-075-3,353867.24844525417,4627741.51120391,50.0,2026-04-28T00:27:29.043347+00:00
1777,0.2,mound,burial_mound,K-35-075-3_x4032_y1008.png,K-35-075-3,353985.6809232016,4627520.489330885,50.0,2026-04-28T00:46:38.266027+00:00
1778,0.85,not_mound,not_mound,K-35-075-4_x1008_y1008.png,K-35-075-4,360144.735376409,4627500.759630482,,2026-04-28T00:32:30.079738+00:00
1779,1.0,not_mound,not_mound,K-35-075-4_x1008_y336.png,K-35-075-4,359655.75319347467,4629221.211932343,,2026-04-28T00:27:30.848313+00:00
1780,0.15,not_mound,not_mound,K-35-075-3_x3696_y2352.png,K-35-075-3,353166.05187651486,4620175.778611473,,2026-04-28T00:48:39.838524+00:00
1781,0.2,not_mound,not_mound,K-35-075-4_x1344_y2016.png,K-35-075-4,361841.7933146948,4622358.57263488,,2026-04-28T00:46:39.761575+00:00
1782,0.2,not_mound,not_mound,K-35-075-4_x3696_y336.png,K-35-075-4,373216.7492443101,4630011.059570908,,2026-04-28T00:46:41.710515+00:00
1783,0.2,not_mound,not_mound,K-35-075-4_x3024_y1008.png,K-35-075-4,370691.3619912955,4626822.239269814,,2026-04-28T00:46:43.594583+00:00
1784,0.4,not_mound,not_mound,K-35-075-4_x3696_y3024.png,K-35-075-4,373823.30492969335,4616088.444286841,,2026-04-28T00:42:43.562479+00:00
1785,0.3,not_mound,not_mound,K-35-075-4_x3696_y3024.png,K-35-075-4,374009.62943458185,4616074.616124873,,2026-04-28T00:43:30.539157+00:00
1786,0.95,mound,settlement_mound,K-35-076-1_x1680_y336.png,K-35-076-1,384997.3557879856,4648522.68548089,50.0,2026-04-28T00:30:42.111126+00:00
1787,0.95,mound,bench_mark_on_mound,K-35-076-1_x1680_y2352.png,K-35-076-1,385511.49299017794,4637589.636236642,50.0,2026-04-28T00:30:43.382426+00:00
1788,1.0,mound,burial_mound,K-35-076-1_x2016_y0.png,K-35-076-1,386890.03300612007,4650408.493177134,50.0,2026-04-28T00:27:31.930381+00:00
1789,0.95,mound,burial_mound,K-35-076-1_x3696_y1680.png,K-35-076-1,394953.0629069028,4641158.495345688,50.0,2026-04-28T00:30:44.905711+00:00
1790,0.4,mound,trig_point_on_mound,K-35-076-1_x672_y2016.png,K-35-076-1,380501.89628451713,4640552.795114472,75.0,2026-04-28T00:42:47.848307+00:00
1791,0.95,mound,burial_mound,K-35-076-1_x4032_y336.png,K-35-076-1,395620.85875697,4648283.483424624,125.0,2026-04-28T00:30:50.260688+00:00
1792,1.0,mound,burial_mound,K-35-076-2_x0_y1008.png,K-35-076-2,396964.30279566033,4643957.828713609,50.0,2026-04-28T00:27:33.109650+00:00
1793,1.0,mound,burial_mound,K-35-076-2_x0_y1008.png,K-35-076-2,397256.0105568229,4643815.675718945,50.0,2026-04-28T00:27:33.986688+00:00
1794,0.95,mound,burial_mound,K-35-076-2_x1344_y1008.png,K-35-076-2,403558.2225327064,4643665.264282666,50.0,2026-04-28T00:30:52.150241+00:00
1795,0.95,mound,burial_mound,K-35-076-2_x0_y336.png,K-35-076-2,397615.3465282603,4646971.191716861,50.0,2026-04-28T00:30:53.236109+00:00
1796,0.95,mound,burial_mound,K-35-076-2_x0_y672.png,K-35-076-2,397553.3937736036,4645945.835102834,50.0,2026-04-28T00:30:54.247841+00:00
1797,1.0,mound,burial_mound,K-35-076-2_x1344_y336.png,K-35-076-2,404640.83753241313,4648128.653499647,50.0,2026-04-28T00:27:34.813387+00:00
1798,1.0,mound,burial_mound,K-35-076-2_x1344_y336.png,K-35-076-2,404565.6272209793,4647730.214537841,50.0,2026-04-28T00:27:35.703868+00:00
1799,0.85,mound,burial_mound,K-35-076-2_x0_y336.png,K-35-076-2,396403.859761888,4647541.266862433,50.0,2026-04-28T00:32:31.354832+00:00
1800,0.2,mound,burial_mound,K-35-076-2_x0_y336.png,K-35-076-2,397626.4371413213,4647326.405001596,50.0,2026-04-28T00:46:44.843693+00:00
1801,0.95,mound,burial_mound,K-35-076-2_x0_y336.png,K-35-076-2,397322.0839658015,4647020.071543015,50.0,2026-04-28T00:30:55.164372+00:00
1802,0.95,mound,burial_mound,K-35-076-2_x2016_y0.png,K-35-076-2,407332.3963025161,4649454.573392128,50.0,2026-04-28T00:30:56.058068+00:00
1803,1.0,mound,burial_mound,K-35-076-2_x2016_y0.png,K-35-076-2,407990.1791372876,4649422.689362529,50.0,2026-04-28T00:27:36.569539+00:00
1804,0.2,mound,burial_mound,K-35-076-2_x2016_y0.png,K-35-076-2,408042.2685216444,4649076.094490847,50.0,2026-04-28T00:46:45.905840+00:00
1805,0.2,not_mound,not_mound,K-35-076-2_x1680_y2352.png,K-35-076-2,406279.0760394208,4638169.029222155,,2026-04-28T00:46:47.999731+00:00
1806,1.0,mound,burial_mound,K-35-076-2_x2352_y0.png,K-35-076-2,409720.0233358419,4649759.592073395,50.0,2026-04-28T00:27:37.443848+00:00
1807,0.95,mound,bench_mark_on_mound,K-35-076-2_x2688_y0.png,K-35-076-2,410333.5217358399,4648618.4477122,50.0,2026-04-28T00:30:57.284259+00:00
1808,1.0,mound,burial_mound,K-35-076-2_x2688_y0.png,K-35-076-2,409868.5041818589,4648797.242975499,50.0,2026-04-28T00:27:38.330213+00:00
1809,0.95,mound,burial_mound,K-35-076-2_x1008_y336.png,K-35-076-2,402700.9303447741,4647564.082824537,50.0,2026-04-28T00:30:58.374871+00:00
1810,1.0,mound,burial_mound,K-35-076-2_x2688_y336.png,K-35-076-2,410342.98484404245,4646914.625832835,50.0,2026-04-28T00:27:39.201959+00:00
1811,0.95,mound,burial_mound,K-35-076-2_x3024_y336.png,K-35-076-2,411989.4199223694,4648559.511907951,50.0,2026-04-28T00:30:59.337636+00:00
1812,1.0,mound,burial_mound,K-35-076-2_x3024_y336.png,K-35-076-2,411889.8793081877,4648096.346046385,50.0,2026-04-28T00:27:40.071909+00:00
1813,0.95,mound,burial_mound,K-35-076-2_x3024_y1008.png,K-35-076-2,412597.0412501497,4644121.668554428,50.0,2026-04-28T00:31:01.252950+00:00
1814,0.85,mound,burial_mound,K-35-076-2_x3360_y336.png,K-35-076-2,413730.01070053154,4648092.168675465,50.0,2026-04-28T00:32:32.373065+00:00
1815,0.85,mound,burial_mound,K-35-076-2_x3360_y336.png,K-35-076-2,414535.5754773027,4648087.750453941,50.0,2026-04-28T00:32:33.339039+00:00
1816,0.95,mound,bench_mark_on_mound,K-35-076-2_x336_y1344.png,K-35-076-2,399392.50087740616,4643472.046090036,50.0,2026-04-28T00:31:02.853073+00:00
1817,1.0,mound,burial_mound,K-35-076-2_x3360_y0.png,K-35-076-2,413284.37339008594,4649973.632302784,50.0,2026-04-28T00:27:40.938838+00:00
1818,1.0,mound,burial_mound,K-35-076-2_x3360_y0.png,K-35-076-2,413911.2157631028,4649586.991184808,50.0,2026-04-28T00:27:41.809413+00:00
1819,0.95,mound,bench_mark_on_mound,K-35-076-2_x3360_y0.png,K-35-076-2,413696.7635610138,4649745.174574451,50.0,2026-04-28T00:31:03.970630+00:00
1820,0.15,not_mound,not_mound,K-35-076-2_x4032_y1680.png,K-35-076-2,416648.8991236009,4640144.442389406,,2026-04-28T00:48:41.181252+00:00
1821,1.0,mound,burial_mound,K-35-076-2_x3696_y336.png,K-35-076-2,415322.7699948384,4648189.691982586,50.0,2026-04-28T00:27:42.801903+00:00
1822,1.0,mound,bench_mark_on_mound,K-35-076-2_x3696_y336.png,K-35-076-2,414913.0658475594,4648142.623562406,50.0,2026-04-28T00:27:44.026781+00:00
1823,0.95,mound,bench_mark_on_mound,K-35-076-2_x3696_y1008.png,K-35-076-2,416478.2006560678,4643914.521382746,50.0,2026-04-28T00:31:04.926242+00:00
1824,0.3,mound,bench_mark_on_mound,K-35-076-2_x672_y1008.png,K-35-076-2,399884.9137633189,4644010.803143105,50.0,2026-04-28T00:43:32.069955+00:00
1825,1.0,mound,burial_mound,K-35-076-2_x672_y1344.png,K-35-076-2,400606.1604428906,4643145.354132126,50.0,2026-04-28T00:27:45.042222+00:00
1826,1.0,mound,burial_mound,K-35-076-2_x672_y1344.png,K-35-076-2,400676.4903381633,4643104.7253472665,50.0,2026-04-28T00:27:45.931959+00:00
1827,1.0,mound,burial_mound,K-35-076-3_x0_y1008.png,K-35-076-3,376874.9238745488,4625922.89860427,50.0,2026-04-28T00:27:47.287312+00:00
1828,0.85,mound,burial_mound,K-35-076-2_x672_y336.png,K-35-076-2,400504.1733638665,4648405.004266072,50.0,2026-04-28T00:32:34.298327+00:00
1829,0.15,not_mound,not_mound,K-35-076-3_x1008_y3024.png,K-35-076-3,380393.4918934598,4616519.101416093,,2026-04-28T00:48:42.589014+00:00
1830,1.0,mound,burial_mound,K-35-076-2_x336_y672.png,K-35-076-2,398143.72827211,4646176.3299266985,50.0,2026-04-28T00:27:48.408843+00:00
1831,1.0,mound,burial_mound,K-35-076-2_x336_y672.png,K-35-076-2,398237.0621427872,4646789.451781746,50.0,2026-04-28T00:27:49.353688+00:00
1832,0.75,mound,burial_mound,K-35-076-3_x1680_y336.png,K-35-076-3,383898.5938461376,4629841.734425164,200.0,2026-04-28T00:33:32.057017+00:00
1833,0.85,mound,burial_mound,K-35-076-3_x2352_y336.png,K-35-076-3,387448.0611445147,4629188.726189534,50.0,2026-04-28T00:32:35.562779+00:00
1834,0.2,not_mound,not_mound,K-35-076-3_x2016_y3024.png,K-35-076-3,385679.8304295646,4616719.353990896,,2026-04-28T00:46:49.382480+00:00
1835,0.65,not_mound,not_mound,K-35-076-3_x3024_y1680.png,K-35-076-3,391222.9317450063,4622920.422008247,,2026-04-28T00:33:42.529554+00:00
1836,0.4,not_mound,not_mound,K-35-076-3_x336_y672.png,K-35-076-3,376793.4903047527,4627641.097192372,,2026-04-28T00:42:49.058820+00:00
1837,0.2,not_mound,not_mound,K-35-076-3_x2688_y336.png,K-35-076-3,389685.01717240165,4629973.059806282,,2026-04-28T00:46:50.873415+00:00
1838,0.4,mound,burial_mound,K-35-076-3_x336_y1008.png,K-35-076-3,377500.450713612,4626190.467854746,200.0,2026-04-28T00:42:54.271909+00:00
1839,0.2,mound,burial_mound,K-35-076-4_x1008_y3024.png,K-35-076-4,401637.585517186,4615081.498354349,50.0,2026-04-28T00:46:52.345314+00:00
1840,0.2,not_mound,not_mound,K-35-076-4_x2352_y2016.png,K-35-076-4,408861.0793208261,4620357.327612297,,2026-04-28T00:46:53.647564+00:00
1841,0.2,mound,burial_mound,K-35-076-4_x4032_y336.png,K-35-076-4,416370.7803492302,4629288.000906146,125.0,2026-04-28T00:46:57.240389+00:00
1842,0.75,mound,burial_mound,K-35-076-4_x672_y2688.png,K-35-076-4,399373.3064952117,4618120.756750426,50.0,2026-04-28T00:33:33.389962+00:00
1843,0.95,mound,bench_mark_on_mound,K-35-077-1_x0_y2688.png,K-35-077-1,417281.7588807731,4636357.463889823,50.0,2026-04-28T00:31:05.899541+00:00
1844,1.0,mound,trig_point_on_mound,K-35-077-1_x0_y3024.png,K-35-077-1,418396.4487356858,4633967.95969802,50.0,2026-04-28T00:27:50.798205+00:00
1845,1.0,mound,burial_mound,K-35-077-1_x2016_y1344.png,K-35-077-1,428433.6128857751,4642673.416231715,50.0,2026-04-28T00:27:52.977885+00:00
1846,0.15,not_mound,not_mound,K-35-077-1_x1008_y0.png,K-35-077-1,423582.2680380313,4648859.128934284,,2026-04-28T00:48:45.536273+00:00
1847,0.15,not_mound,not_mound,K-35-077-1_x0_y336.png,K-35-077-1,418708.3298203147,4646949.147840285,,2026-04-28T00:48:47.078490+00:00
1848,0.2,not_mound,not_mound,K-35-077-1_x1680_y672.png,K-35-077-1,426375.2491667257,4645464.250574784,,2026-04-28T00:46:58.762513+00:00
1849,0.2,mound,bench_mark_on_mound,K-35-077-1_x2688_y2016.png,K-35-077-1,430580.11653894687,4639882.032873507,50.0,2026-04-28T00:47:02.095215+00:00
1850,1.0,not_mound,not_mound,K-35-077-1_x3024_y672.png,K-35-077-1,433027.6855458737,4645102.033700251,,2026-04-28T00:27:54.944425+00:00
1851,0.95,mound,bench_mark_on_mound,K-35-077-1_x3024_y1008.png,K-35-077-1,433117.2068453597,4644847.46598597,50.0,2026-04-28T00:31:06.813371+00:00
1852,0.85,not_mound,not_mound,K-35-077-1_x2688_y1680.png,K-35-077-1,430760.3083657001,4640771.586485246,,2026-04-28T00:32:36.826286+00:00
1853,1.0,mound,burial_mound,K-35-077-1_x4032_y1008.png,K-35-077-1,437255.9669749987,4644293.374551279,50.0,2026-04-28T00:27:55.958544+00:00
1854,1.0,not_mound,not_mound,K-35-077-1_x3696_y1344.png,K-35-077-1,437175.1156210621,4641710.694024942,,2026-04-28T00:28:00.146887+00:00
1855,0.95,mound,bench_mark_on_mound,K-35-077-2_x0_y1344.png,K-35-077-2,438304.1917298285,4642772.201460798,50.0,2026-04-28T00:31:07.732618+00:00
1856,1.0,mound,burial_mound,K-35-077-2_x0_y1008.png,K-35-077-2,437881.6312234772,4643192.937561845,50.0,2026-04-28T00:28:01.338778+00:00
1857,0.95,mound,bench_mark_on_mound,K-35-077-2_x0_y3024.png,K-35-077-2,438709.7531924804,4634532.810754418,50.0,2026-04-28T00:31:08.650399+00:00
1858,1.0,mound,burial_mound,K-35-077-2_x1008_y1008.png,K-35-077-2,443753.5491025469,4643235.862645623,50.0,2026-04-28T00:28:02.400407+00:00
1859,1.0,not_mound,not_mound,K-35-077-2_x1680_y2352.png,K-35-077-2,446857.9227102263,4636856.046003372,,2026-04-28T00:28:03.925929+00:00
1860,0.3,not_mound,not_mound,K-35-077-1_x1008_y672.png,K-35-077-1,423235.1335927229,4645218.006366641,,2026-04-28T00:43:33.659355+00:00
1861,1.0,mound,bench_mark_on_mound,K-35-077-2_x1344_y2688.png,K-35-077-2,444865.3753357004,4634620.539468085,50.0,2026-04-28T00:28:05.328197+00:00
1862,1.0,mound,burial_mound,K-35-077-2_x1680_y2688.png,K-35-077-2,446642.6497407699,4634846.397012419,50.0,2026-04-28T00:28:07.629819+00:00
1863,0.85,mound,burial_mound,K-35-077-2_x2016_y3360.png,K-35-077-2,449473.9768918904,4632220.939980325,50.0,2026-04-28T00:32:38.077647+00:00
1864,0.95,mound,burial_mound,K-35-077-2_x2688_y3360.png,K-35-077-2,452138.6300775838,4631678.267731836,50.0,2026-04-28T00:31:09.823830+00:00
1865,0.15,mound,burial_mound,K-35-077-2_x1680_y672.png,K-35-077-2,447062.7364126967,4645659.535435321,200.0,2026-04-28T00:48:49.785479+00:00
1866,1.0,mound,burial_mound,K-35-077-2_x0_y3024.png,K-35-077-2,439442.43795582,4632969.169240602,200.0,2026-04-28T00:28:10.119137+00:00
1867,0.75,not_mound,not_mound,K-35-077-2_x3360_y3024.png,K-35-077-2,455347.2574417679,4634225.599896863,,2026-04-28T00:33:34.653506+00:00
1868,1.0,mound,burial_mound,K-35-077-2_x1008_y3024.png,K-35-077-2,443942.5508595577,4634504.269912027,50.0,2026-04-28T00:28:11.244741+00:00
1869,1.0,mound,burial_mound,K-35-077-3_x1008_y1008.png,K-35-077-3,422780.4911185084,4625760.453429079,200.0,2026-04-28T00:28:13.591948+00:00
1870,0.2,mound,burial_mound,K-35-077-2_x336_y3360.png,K-35-077-2,440071.7462001544,4632533.592293856,50.0,2026-04-28T00:47:03.310602+00:00
1871,0.2,not_mound,not_mound,K-35-077-3_x1008_y0.png,K-35-077-3,423459.86176179466,4630303.093339112,,2026-04-28T00:47:04.495638+00:00
1872,0.2,not_mound,not_mound,K-35-077-3_x1008_y1344.png,K-35-077-3,422135.16200254014,4623956.294179074,,2026-04-28T00:47:05.865755+00:00
1873,0.15,not_mound,not_mound,K-35-077-3_x1008_y1344.png,K-35-077-3,423000.3287739291,4623445.584471725,,2026-04-28T00:48:51.163354+00:00
1874,0.95,mound,burial_mound,K-35-077-3_x1344_y2016.png,K-35-077-3,424403.1540876256,4620660.442160282,50.0,2026-04-28T00:31:10.733845+00:00
1875,0.95,mound,burial_mound,K-35-077-3_x1344_y2016.png,K-35-077-3,425271.1430849332,4620740.934062118,50.0,2026-04-28T00:31:11.728841+00:00
1876,1.0,mound,burial_mound,K-35-077-2_x2016_y3360.png,K-35-077-2,449612.1505188897,4632058.29973663,50.0,2026-04-28T00:28:14.861990+00:00
1877,0.95,mound,bench_mark_on_mound,K-35-077-3_x1344_y1344.png,K-35-077-3,424086.8127203504,4624535.024983158,50.0,2026-04-28T00:31:12.926234+00:00
1878,0.85,mound,trig_point_on_mound,K-35-077-3_x1680_y1344.png,K-35-077-3,425758.2239679282,4624701.460796798,50.0,2026-04-28T00:32:39.528558+00:00
1879,1.0,mound,burial_mound,K-35-077-3_x1680_y1344.png,K-35-077-3,425670.3362310882,4624627.090423727,50.0,2026-04-28T00:28:16.405150+00:00
1880,1.0,mound,burial_mound,K-35-077-3_x1680_y336.png,K-35-077-3,425903.3100676792,4628670.571388461,50.0,2026-04-28T00:28:17.374698+00:00
1881,0.4,mound,burial_mound,K-35-077-3_x1680_y336.png,K-35-077-3,426625.0554291412,4628537.643669096,50.0,2026-04-28T00:42:55.667448+00:00
1882,0.2,not_mound,not_mound,K-35-077-3_x336_y672.png,K-35-077-3,419989.9016272197,4627359.600596146,,2026-04-28T00:47:06.836277+00:00
1883,0.15,not_mound,not_mound,K-35-077-3_x3360_y2352.png,K-35-077-3,434631.1440974552,4619348.56119136,,2026-04-28T00:48:52.549281+00:00
1884,0.2,not_mound,not_mound,K-35-077-3_x3360_y2352.png,K-35-077-3,434651.4343596066,4618591.235958446,,2026-04-28T00:47:07.867128+00:00
1885,0.95,mound,burial_mound,K-35-077-3_x672_y2688.png,K-35-077-3,420521.22686226113,4616686.444995087,50.0,2026-04-28T00:31:13.979052+00:00
1886,0.15,not_mound,not_mound,K-35-077-4_x2352_y3024.png,K-35-077-4,450334.1376378518,4615380.477952245,,2026-04-28T00:48:53.631636+00:00
1887,0.15,not_mound,not_mound,K-35-077-4_x1344_y1680.png,K-35-077-4,445398.8532783266,4622185.46578842,,2026-04-28T00:48:54.740083+00:00
1888,0.2,mound,burial_mound,K-35-077-4_x2352_y0.png,K-35-077-4,450950.6231479276,4630502.854450684,150.0,2026-04-28T00:47:11.465076+00:00
1889,0.95,mound,bench_mark_on_mound,K-35-077-4_x1680_y0.png,K-35-077-4,446582.0180998589,4630518.901941801,50.0,2026-04-28T00:31:15.049682+00:00
1890,0.4,not_mound,not_mound,K-35-077-4_x3024_y0.png,K-35-077-4,453916.7860955331,4630452.768467826,,2026-04-28T00:42:57.085684+00:00
1891,0.2,not_mound,not_mound,K-35-077-4_x0_y336.png,K-35-077-4,438853.0754887769,4628989.49696855,,2026-04-28T00:47:12.890177+00:00
1892,0.2,mound,burial_mound,K-35-051-3_x336_y1008.png,K-35-051-3,338294.03088980087,4700351.033075757,200.0,2026-04-28T00:47:15.410032+00:00
1893,0.15,not_mound,not_mound,K-35-051-4_x0_y2016.png,K-35-051-4,356376.04806219006,4695463.957353228,,2026-04-28T00:48:55.783642+00:00
1894,0.15,not_mound,not_mound,K-35-052-2_x2352_y3360.png,K-35-052-2,410378.0056063689,4707373.95224738,,2026-04-28T00:48:57.456706+00:00
1895,0.2,not_mound,not_mound,K-35-053-2_x672_y336.png,K-35-053-2,442695.754471329,4721489.666829052,,2026-04-28T00:47:17.315340+00:00
1896,1.0,mound,burial_mound,K-35-054-2_Atolov_4326_x1344_y1680.png,K-35-054-2_Atolov_4326,486295.75704076194,4713522.49828306,50.0,2026-04-28T00:28:18.368048+00:00
1897,1.0,mound,burial_mound,K-35-055-1_x1008_y1344.png,K-35-055-1,506811.1790198031,4716430.577360165,75.0,2026-04-28T00:28:20.872252+00:00
1898,1.0,not_mound,not_mound,K-35-055-2_x0_y1008.png,K-35-055-2,521611.1192155284,4717630.691476281,,2026-04-28T00:28:22.770580+00:00
1899,1.0,mound,burial_mound,K-35-055-2_x0_y2016.png,K-35-055-2,521672.8305526686,4713703.010703007,200.0,2026-04-28T00:28:25.387996+00:00
1900,0.15,not_mound,not_mound,K-35-055-2_x2688_y1008.png,K-35-055-2,534166.1408374847,4718368.050945006,,2026-04-28T00:48:58.520917+00:00
1901,0.95,mound,bench_mark_on_mound,K-35-063-1_Granit_4326_x2688_y3360.png,K-35-063-1_Granit_4326,347832.26020675467,4670464.780709587,50.0,2026-04-28T00:31:16.419406+00:00
1902,1.0,mound,burial_mound,K-35-063-1_Granit_4326_x3696_y3024.png,K-35-063-1_Granit_4326,354018.14709756814,4671963.316246928,50.0,2026-04-28T00:28:26.834867+00:00
1903,0.2,not_mound,not_mound,K-35-063-3_Tatarevo_4326_x1008_y1344.png,K-35-063-3_Tatarevo_4326,339513.6870290032,4662692.341180063,,2026-04-28T00:47:18.672811+00:00
1904,0.15,not_mound,not_mound,K-35-064-1_Sredets_4326_x1008_y336.png,K-35-064-1_Sredets_4326,381414.1234032263,4685274.962918056,,2026-04-28T00:48:59.617472+00:00
1905,0.2,not_mound,not_mound,K-35-064-2_Radnevo_4326_x3024_y672.png,K-35-064-2_Radnevo_4326,411886.8034356714,4683439.530326254,,2026-04-28T00:47:20.100616+00:00
1906,0.2,not_mound,not_mound,K-35-065-4_x2016_y3024.png,K-35-065-4,447925.6006108784,4652247.768104602,,2026-04-28T00:47:21.495363+00:00
1907,1.0,not_mound,not_mound,K-35-066-3_x3024_y672.png,K-35-066-3,475400.3647367497,4664033.045838931,,2026-04-28T00:28:29.032898+00:00
1908,0.95,mound,burial_mound,K-35-066-3_x3360_y672.png,K-35-066-3,477235.8429022032,4663627.8375216285,75.0,2026-04-28T00:31:22.333565+00:00
1909,0.4,not_mound,not_mound,K-35-066-4_x1680_y2016.png,K-35-066-4,489177.536081959,4656380.758769702,,2026-04-28T00:42:58.408588+00:00
1910,0.75,not_mound,not_mound,K-35-074-2_x2016_y336.png,K-35-074-2,323770.10542316665,4648922.725010663,,2026-04-28T00:33:37.216258+00:00
1911,1.0,mound,burial_mound,K-35-076-2_x1680_y1344.png,K-35-076-2,406157.1028102368,4643424.469758668,50.0,2026-04-28T00:28:30.075406+00:00
1912,0.4,not_mound,not_mound,K-35-077-1_x1008_y1008.png,K-35-077-1,422762.9550584634,4643886.284127513,,2026-04-28T00:43:00.161519+00:00
1913,0.4,not_mound,not_mound,K-35-077-2_x3360_y3360.png,K-35-077-2,454937.8997863069,4631352.033365436,,2026-04-28T00:43:01.318485+00:00
1914,0.2,not_mound,not_mound,K-35-042-3_x2016_y1344.png,K-35-042-3,470511.92283369775,4735142.634226302,50.0,2026-04-21T06:58:30.157503+00:00
1915,0.2,mound,burial_mound,K-35-042-3_x2688_y1680.png,K-35-042-3,474113.70731988654,4733534.687699565,200.0,2026-04-21T06:58:37.044619+00:00
1916,0.2,not_mound,not_mound,K-35-042-3_x3360_y3024.png,K-35-042-3,476598.8137364808,4726704.702767618,50.0,2026-04-21T06:58:38.371783+00:00
1917,0.85,mound,burial_mound,K-35-042-3_x3696_y1344.png,K-35-042-3,477904.6902218792,4733927.055105984,200.0,2026-04-21T06:52:28.001624+00:00
1918,0.15,not_mound,not_mound,K-35-042-3_x3696_y2352.png,K-35-042-3,477819.6298681792,4729655.669919029,50.0,2026-04-21T07:03:21.282784+00:00
1919,0.2,not_mound,not_mound,K-35-042-3_x672_y1344.png,K-35-042-3,463205.5823490792,4734178.3977256855,50.0,2026-04-21T06:58:40.323625+00:00
1920,1.0,mound,burial_mound,K-35-050-4_x1680_y1008.png,K-35-050-4,323106.53237131215,4700775.938550783,75.0,2026-04-21T06:26:37.407045+00:00
1921,0.15,not_mound,not_mound,K-35-042-3_x672_y1680.png,K-35-042-3,464094.62254302186,4732536.444813102,50.0,2026-04-21T07:03:22.615418+00:00
1922,0.2,not_mound,not_mound,K-35-050-4_x1344_y3024.png,K-35-050-4,321382.2932051864,4691026.383484833,50.0,2026-04-21T06:58:42.432055+00:00
1923,0.85,mound,burial_mound,K-35-050-4_x2352_y2016.png,K-35-050-4,328113.37756634067,4697543.18215676,125.0,2026-04-21T06:52:33.579099+00:00
1924,1.0,mound,burial_mound,K-35-050-4_x3024_y1008.png,K-35-050-4,331061.56367937755,4702423.729949675,200.0,2026-04-21T06:27:06.045289+00:00
1925,1.0,mound,burial_mound,K-35-050-4_x672_y336.png,K-35-050-4,319478.0367622047,4704163.861462545,125.0,2026-04-21T06:27:20.220502+00:00
1926,0.75,not_mound,not_mound,K-35-050-4_x336_y2352.png,K-35-050-4,317659.4703848901,4694638.156196182,50.0,2026-04-21T06:55:34.491939+00:00
1927,0.15,not_mound,not_mound,K-35-050-4_x3696_y1680.png,K-35-050-4,334296.72992582835,4698235.76534946,50.0,2026-04-21T07:03:24.209151+00:00
1928,0.2,not_mound,not_mound,K-35-050-4_x3696_y1680.png,K-35-050-4,334387.3473249859,4698214.061786123,50.0,2026-04-21T06:58:43.825023+00:00
1929,0.2,not_mound,not_mound,K-35-051-3_x2016_y3360.png,K-35-051-3,346401.3399477879,4688585.5805546,50.0,2026-04-21T06:58:45.264535+00:00
1930,1.0,mound,burial_mound,K-35-051-3_x1680_y672.png,K-35-051-3,345243.28310748265,4703553.001679169,75.0,2026-04-21T06:27:28.860671+00:00
1931,0.85,mound,bench_mark_on_mound,K-35-051-3_x3024_y2352.png,K-35-051-3,350339.5257091993,4694943.7960007135,100.0,2026-04-21T06:52:37.228531+00:00
1932,1.0,mound,burial_mound,K-35-051-3_x3024_y1344.png,K-35-051-3,352126.74271345965,4698656.55637447,200.0,2026-04-21T06:27:40.534967+00:00
1933,1.0,mound,burial_mound,K-35-051-3_x4032_y2016.png,K-35-051-3,355333.2840596961,4695696.970738536,75.0,2026-04-21T06:27:47.820134+00:00
1934,0.95,mound,burial_mound,K-35-051-3_x3696_y3360.png,K-35-051-3,354743.2328771641,4688618.743797737,100.0,2026-04-21T06:45:05.590131+00:00
1935,0.95,mound,burial_mound,K-35-051-3_x672_y1344.png,K-35-051-3,338721.53371947235,4700364.47477346,75.0,2026-04-21T06:45:09.441654+00:00
1936,0.7,mound,burial_mound,K-35-051-3_x336_y1344.png,K-35-051-3,338625.15665970766,4698647.502302496,75.0,2026-04-21T06:56:15.189325+00:00
1937,0.2,not_mound,not_mound,K-35-051-3_x672_y672.png,K-35-051-3,339349.4982247567,4702382.943993197,50.0,2026-04-21T06:58:51.254167+00:00
1938,0.85,mound,burial_mound,K-35-051-4_x1344_y3024.png,K-35-051-4,363211.5728662389,4689788.281373125,75.0,2026-04-21T06:52:40.291337+00:00
1939,0.85,mound,burial_mound,K-35-051-4_x1344_y3360.png,K-35-051-4,363970.502650429,4689722.290963051,75.0,2026-04-21T06:52:42.764045+00:00
1940,0.2,not_mound,not_mound,K-35-051-4_x1680_y1008.png,K-35-051-4,365568.8713784992,4700637.318164798,50.0,2026-04-21T06:58:52.610608+00:00
1941,0.4,mound,burial_mound,K-35-051-4_x1008_y1008.png,K-35-051-4,361517.5515439061,4701431.583304216,75.0,2026-04-21T06:56:34.584802+00:00
1942,1.0,mound,burial_mound,K-35-051-4_x0_y2016.png,K-35-051-4,357582.7392247167,4696080.246132693,100.0,2026-04-21T06:27:59.742993+00:00
1943,0.2,not_mound,not_mound,K-35-051-4_x1008_y336.png,K-35-051-4,361023.790101401,4703660.126180516,50.0,2026-04-21T06:58:53.919802+00:00
1944,1.0,mound,burial_mound,K-35-051-4_x3024_y3360.png,K-35-051-4,372414.0174179429,4689452.979362906,200.0,2026-04-21T06:28:05.003043+00:00
1945,0.2,not_mound,not_mound,K-35-051-4_x3360_y1344.png,K-35-051-4,373383.5853511119,4698478.011150975,50.0,2026-04-21T06:58:55.317244+00:00
1946,0.95,mound,bench_mark_on_mound,K-35-051-4_x3696_y3360.png,K-35-051-4,376102.9774114376,4688360.543028507,75.0,2026-04-21T06:45:12.810902+00:00
1947,0.15,not_mound,not_mound,K-35-051-4_x3360_y336.png,K-35-051-4,373134.23071976006,4703527.030690003,50.0,2026-04-21T07:03:26.614870+00:00
1948,0.2,mound,burial_mound,K-35-051-4_x672_y2016.png,K-35-051-4,359768.7256440571,4694955.516817383,200.0,2026-04-21T06:58:59.264320+00:00
1949,0.4,not_mound,not_mound,K-35-052-2_x0_y2688.png,K-35-052-2,398005.75845782825,4710404.979190581,50.0,2026-04-21T06:56:36.831244+00:00
1950,0.2,mound,burial_mound,K-35-052-2_x2016_y3024.png,K-35-052-2,408491.5341982503,4707831.062790283,75.0,2026-04-21T06:59:06.657970+00:00
1951,0.4,not_mound,not_mound,K-35-052-2_x1344_y3360.png,K-35-052-2,405135.7549643987,4706693.389929329,50.0,2026-04-21T06:56:38.728694+00:00
1952,1.0,mound,burial_mound,K-35-052-2_x3024_y2352.png,K-35-052-2,412370.793470577,4711047.949604375,200.0,2026-04-21T06:28:09.579350+00:00
1953,0.95,not_mound,not_mound,K-35-052-2_x3360_y2352.png,K-35-052-2,415167.1278119056,4712242.694118643,50.0,2026-04-21T06:45:15.445897+00:00
1954,1.0,not_mound,not_mound,K-35-052-2_x336_y1680.png,K-35-052-2,399578.4349443732,4715303.6210801145,50.0,2026-04-21T06:28:16.826771+00:00
1955,0.15,not_mound,not_mound,K-35-052-2_x3696_y672.png,K-35-052-2,416418.1242793112,4719456.415408933,50.0,2026-04-21T07:03:28.048166+00:00
1956,1.0,not_mound,not_mound,K-35-052-2_x672_y1344.png,K-35-052-2,402416.6156360575,4716982.894059232,50.0,2026-04-21T06:28:18.837355+00:00
1957,1.0,mound,burial_mound,K-35-052-3_x0_y3360.png,K-35-052-3,378064.514906411,4688167.74232396,200.0,2026-04-21T06:28:24.637747+00:00
1958,1.0,mound,burial_mound,K-35-052-3_x1344_y0.png,K-35-052-3,383399.9047075744,4705515.177849539,200.0,2026-04-21T06:28:29.616886+00:00
1959,0.2,mound,burial_mound,K-35-052-2_x672_y3024.png,K-35-052-2,402174.9424690045,4708560.992708212,200.0,2026-04-21T06:59:10.970312+00:00
1960,0.2,not_mound,not_mound,K-35-052-3_x2016_y2352.png,K-35-052-3,386736.3092703242,4693675.561513828,50.0,2026-04-21T06:59:26.656718+00:00
1961,0.85,mound,burial_mound,K-35-052-3_x2352_y0.png,K-35-052-3,388305.53640514007,4704572.034706,200.0,2026-04-21T06:52:46.831365+00:00
1962,1.0,mound,burial_mound,K-35-052-3_x2352_y3024.png,K-35-052-3,389508.9009740544,4691093.008204438,75.0,2026-04-21T06:28:57.257597+00:00
1963,0.2,not_mound,not_mound,K-35-052-3_x3024_y3360.png,K-35-052-3,392996.7521029502,4688101.287036433,50.0,2026-04-21T06:59:28.616834+00:00
1964,0.2,not_mound,not_mound,K-35-052-3_x4032_y3360.png,K-35-052-3,396773.0500617488,4689224.116464448,50.0,2026-04-21T06:59:30.096250+00:00
1965,1.0,mound,burial_mound,K-35-052-3_x672_y2352.png,K-35-052-3,380800.5072677459,4694016.4465884585,100.0,2026-04-21T06:29:04.848070+00:00
1966,0.85,mound,burial_mound,K-35-052-3_x672_y3024.png,K-35-052-3,380148.8473689882,4690306.337782244,75.0,2026-04-21T06:52:49.715440+00:00
1967,0.15,not_mound,not_mound,K-35-053-1_x3024_y1344.png,K-35-053-1,433581.9303552182,4715935.653168676,50.0,2026-04-21T07:03:29.706950+00:00
1968,0.15,not_mound,not_mound,K-35-053-1_x3360_y1344.png,K-35-053-1,435577.33040820295,4716269.000092338,50.0,2026-04-21T07:03:30.732029+00:00
1969,1.0,mound,bench_mark_on_mound,K-35-053-1_x3360_y2688.png,K-35-053-1,436231.0559158191,4709034.053435314,75.0,2026-04-21T06:29:19.898735+00:00
1970,0.15,not_mound,not_mound,K-35-053-1_x3360_y0.png,K-35-053-1,434948.08536752855,4724013.62051721,50.0,2026-04-21T07:03:32.808695+00:00
1971,1.0,mound,bench_mark_on_mound,K-35-053-1_x2688_y672.png,K-35-053-1,432918.239607864,4719097.018740962,200.0,2026-04-21T06:29:25.867918+00:00
1972,1.0,mound,settlement_mound,K-35-053-1_x3024_y672.png,K-35-053-1,432966.6049313386,4720579.655912819,125.0,2026-04-21T06:29:41.063671+00:00
1973,0.2,not_mound,not_mound,K-35-053-1_x3696_y672.png,K-35-053-1,437077.86169490486,4720543.912685311,50.0,2026-04-21T06:59:32.235054+00:00
1974,0.15,mound,burial_mound,K-35-053-1_x4032_y3024.png,K-35-053-1,437895.915167496,4708208.676647189,75.0,2026-04-21T07:03:35.170463+00:00
1975,0.85,mound,trig_point_on_mound,K-35-053-1_x3024_y2352.png,K-35-053-1,434571.7754413721,4712427.823112616,75.0,2026-04-21T06:52:53.152472+00:00
1976,0.5,not_mound,not_mound,K-35-053-2_x1008_y2352.png,K-35-053-2,443722.35229564033,4712096.547437289,50.0,2026-04-21T06:56:31.054020+00:00
1977,0.75,not_mound,not_mound,K-35-053-2_x1008_y2016.png,K-35-053-2,443757.2442783736,4712106.925711977,50.0,2026-04-21T06:55:35.737460+00:00
1978,0.2,mound,trig_point_on_mound,K-35-053-2_x2352_y2352.png,K-35-053-2,450647.89210824674,4711456.625110131,200.0,2026-04-21T06:59:36.220165+00:00
1979,0.15,not_mound,not_mound,K-35-053-2_x1008_y3696.png,K-35-053-2,444172.4863299818,4705513.05255396,50.0,2026-04-21T07:03:36.469109+00:00
1980,0.95,not_mound,not_mound,K-35-053-2_x3024_y3024.png,K-35-053-2,454630.596829053,4707157.07069432,50.0,2026-04-21T06:45:17.674253+00:00
1981,0.2,mound,burial_mound,K-35-053-2_x3360_y3024.png,K-35-053-2,455448.0220426585,4708074.346595725,75.0,2026-04-21T06:59:39.478236+00:00
1982,1.0,not_mound,not_mound,K-35-053-2_x3360_y3024.png,K-35-053-2,455860.9856005954,4708056.725382948,50.0,2026-04-21T06:29:44.256985+00:00
1983,0.4,not_mound,not_mound,K-35-053-2_x3360_y3024.png,K-35-053-2,456070.65047532273,4707764.686549651,50.0,2026-04-21T06:56:40.452397+00:00
1984,1.0,mound,trig_point_on_mound,K-35-053-2_x3696_y1008.png,K-35-053-2,457709.73337463336,4717457.258676877,100.0,2026-04-21T06:29:54.704157+00:00
1985,0.95,not_mound,not_mound,K-35-053-2_x672_y3024.png,K-35-053-2,443318.158851739,4708714.880535719,50.0,2026-04-21T06:45:20.755007+00:00
1986,0.3,not_mound,not_mound,K-35-053-2_x4032_y1680.png,K-35-053-2,458605.887502946,4715283.707331672,50.0,2026-04-21T06:58:11.313348+00:00
1987,1.0,not_mound,not_mound,K-35-053-4_Boyadzhik_x0_y3360.png,K-35-053-4_Boyadzhik,439683.0996002007,4686974.462093553,50.0,2026-04-21T06:30:01.210567+00:00
1988,0.95,mound,burial_mound,K-35-053-4_Boyadzhik_x1008_y3024.png,K-35-053-4_Boyadzhik,445020.5769202781,4688544.016665232,75.0,2026-04-21T06:45:23.538057+00:00
1989,0.2,not_mound,not_mound,K-35-053-1_x672_y336.png,K-35-053-1,422655.61351940176,4721689.046816333,50.0,2026-04-21T06:59:42.072813+00:00
1990,0.2,not_mound,not_mound,K-35-053-4_Boyadzhik_x2016_y0.png,K-35-053-4_Boyadzhik,449471.354966192,4704399.14263041,50.0,2026-04-21T06:59:43.755636+00:00
1991,0.75,not_mound,not_mound,K-35-053-4_Boyadzhik_x1680_y1680.png,K-35-053-4_Boyadzhik,446877.37126354367,4696478.617688641,50.0,2026-04-21T06:55:37.256343+00:00
1992,0.65,not_mound,not_mound,K-35-053-2_x336_y2688.png,K-35-053-2,441491.3029263477,4709875.676286015,50.0,2026-04-21T06:56:27.787767+00:00
1993,0.95,mound,trig_point_on_mound,K-35-053-4_Boyadzhik_x3696_y1344.png,K-35-053-4_Boyadzhik,458251.4161721463,4697007.583759136,200.0,2026-04-21T06:45:27.618654+00:00
1994,1.0,mound,burial_mound,K-35-054-1_Straldzha_4326_x1680_y672.png,K-35-054-1_Straldzha_4326,467142.63620086137,4720511.649083688,75.0,2026-04-21T06:30:10.884050+00:00
1995,1.0,mound,burial_mound,K-35-054-1_Straldzha_4326_x2352_y3024.png,K-35-054-1_Straldzha_4326,470639.8553818625,4706984.790216643,100.0,2026-04-21T06:30:16.207428+00:00
1996,0.7,not_mound,not_mound,K-35-054-1_Straldzha_4326_x2688_y2688.png,K-35-054-1_Straldzha_4326,472603.0025232319,4708666.944496884,50.0,2026-04-21T06:56:18.210697+00:00
1997,1.0,mound,burial_mound,K-35-054-1_Straldzha_4326_x3024_y3024.png,K-35-054-1_Straldzha_4326,474950.7065427907,4708800.343565166,100.0,2026-04-21T06:30:21.590221+00:00
1998,1.0,mound,burial_mound,K-35-054-1_Straldzha_4326_x2352_y0.png,K-35-054-1_Straldzha_4326,471890.7234787089,4722155.318870368,100.0,2026-04-21T06:30:27.638912+00:00
1999,1.0,mound,burial_mound,K-35-054-1_Straldzha_4326_x336_y336.png,K-35-054-1_Straldzha_4326,460924.27767725073,4721749.40492071,100.0,2026-04-21T06:30:38.200852+00:00
2000,1.0,mound,burial_mound,K-35-054-1_Straldzha_4326_x3696_y336.png,K-35-054-1_Straldzha_4326,477666.1146515155,4722115.871012534,100.0,2026-04-21T06:30:44.676930+00:00
2001,0.2,not_mound,not_mound,K-35-054-2_Atolov_4326_x1008_y1680.png,K-35-054-2_Atolov_4326,485904.8918861248,4714752.055402092,50.0,2026-04-21T06:59:45.085830+00:00
2002,1.0,mound,burial_mound,K-35-054-2_Atolov_4326_x1680_y3696.png,K-35-054-2_Atolov_4326,488681.1915827885,4705294.943849845,150.0,2026-04-21T06:30:53.083944+00:00
2003,0.15,not_mound,not_mound,K-35-054-2_Atolov_4326_x2352_y336.png,K-35-054-2_Atolov_4326,491511.0015071424,4720552.049159957,50.0,2026-04-21T07:03:38.316033+00:00
2004,0.95,mound,burial_mound,K-35-054-2_Atolov_4326_x2016_y2016.png,K-35-054-2_Atolov_4326,491244.1710460642,4712382.11593724,75.0,2026-04-21T06:45:30.828667+00:00
2005,1.0,mound,burial_mound,K-35-054-2_Atolov_4326_x3696_y3360.png,K-35-054-2_Atolov_4326,499367.73478926026,4706233.494815134,200.0,2026-04-21T06:30:58.706049+00:00
2006,0.15,not_mound,not_mound,K-35-054-1_Straldzha_4326_x3360_y2688.png,K-35-054-1_Straldzha_4326,476141.39657649776,4710124.096506292,50.0,2026-04-21T07:03:40.417469+00:00
2007,0.75,mound,burial_mound,K-35-054-2_Atolov_4326_x0_y0.png,K-35-054-2_Atolov_4326,481124.5386588373,4722086.93547051,75.0,2026-04-21T06:55:41.204892+00:00
2008,0.95,not_mound,not_mound,K-35-054-3_Yambol_x1008_y3360.png,K-35-054-3_Yambol,464970.6515940888,4686781.14572986,50.0,2026-04-21T06:45:32.297180+00:00
2009,0.2,not_mound,not_mound,K-35-054-3_Yambol_x1008_y1008.png,K-35-054-3_Yambol,464270.8912013127,4699198.4599699015,50.0,2026-04-21T06:59:46.145833+00:00
2010,0.85,mound,trig_point_on_mound,K-35-054-3_Yambol_x1680_y2688.png,K-35-054-3_Yambol,467983.12193898513,4690400.462763704,125.0,2026-04-21T06:53:01.661833+00:00
2011,1.0,mound,burial_mound,K-35-054-3_Yambol_x2352_y2352.png,K-35-054-3_Yambol,472141.2214866418,4693145.533166313,200.0,2026-04-21T06:31:01.858944+00:00
2012,1.0,mound,burial_mound,K-35-054-3_Yambol_x2352_y2352.png,K-35-054-3_Yambol,472293.7947581162,4693012.79156951,200.0,2026-04-21T06:31:06.152665+00:00
2013,0.75,not_mound,not_mound,K-35-054-3_Yambol_x2352_y2352.png,K-35-054-3_Yambol,471925.0868193368,4692759.539600754,50.0,2026-04-21T06:55:43.221077+00:00
2014,1.0,mound,burial_mound,K-35-054-3_Yambol_x3024_y2016.png,K-35-054-3_Yambol,474905.7695040648,4693548.686132953,200.0,2026-04-21T06:31:09.550928+00:00
2015,0.4,not_mound,not_mound,K-35-054-3_Yambol_x2688_y0.png,K-35-054-3_Yambol,473383.8365540603,4703925.372225882,50.0,2026-04-21T06:56:42.222793+00:00
2016,0.4,not_mound,not_mound,K-35-054-3_Yambol_x336_y1008.png,K-35-054-3_Yambol,460559.9974360025,4699041.7696007015,50.0,2026-04-21T06:56:43.467982+00:00
2017,0.95,not_mound,not_mound,K-35-054-4_Voynika_x2688_y3024.png,K-35-054-4_Voynika,493925.6519362431,4688297.268595798,50.0,2026-04-21T06:45:34.007654+00:00
2018,1.0,mound,burial_mound,K-35-054-4_Voynika_x1008_y336.png,K-35-054-4_Voynika,485576.7694087131,4703306.641072246,100.0,2026-04-21T06:31:16.811632+00:00
2019,0.75,mound,burial_mound,K-35-054-4_Voynika_x3024_y3024.png,K-35-054-4_Voynika,496308.7620929237,4688777.169349739,75.0,2026-04-21T06:55:45.595233+00:00
2020,0.4,mound,burial_mound,K-35-055-1_x0_y2688.png,K-35-055-1,499962.38603163,4708647.452880801,75.0,2026-04-21T06:56:45.926507+00:00
2021,0.7,not_mound,not_mound,K-35-054-4_Voynika_x3024_y0.png,K-35-054-4_Voynika,494477.7428365316,4705250.297259143,50.0,2026-04-21T06:56:19.578315+00:00
2022,0.4,not_mound,not_mound,K-35-055-1_x2016_y0.png,K-35-055-1,511447.0733447869,4723721.881980714,50.0,2026-04-21T06:56:47.398933+00:00
2023,0.15,not_mound,not_mound,K-35-054-4_Voynika_x3360_y2016.png,K-35-054-4_Voynika,497884.179899509,4695118.129269298,50.0,2026-04-21T07:03:41.465726+00:00
2024,0.4,not_mound,not_mound,K-35-055-1_x1008_y1008.png,K-35-055-1,505198.8372119441,4717128.294961941,50.0,2026-04-21T06:56:49.943222+00:00
2025,1.0,mound,burial_mound,K-35-055-1_x2688_y672.png,K-35-055-1,515180.0834528341,4719159.456276573,150.0,2026-04-21T06:31:24.432871+00:00
2026,1.0,mound,bench_mark_on_mound,K-35-055-1_x336_y336.png,K-35-055-1,503123.6275058777,4721911.145205288,200.0,2026-04-21T06:31:33.532390+00:00
2027,1.0,mound,burial_mound,K-35-055-1_x4032_y2352.png,K-35-055-1,520279.98858633055,4711980.67068011,200.0,2026-04-21T06:31:38.207050+00:00
2028,0.95,mound,burial_mound,K-35-055-1_x3696_y2352.png,K-35-055-1,520248.7225695661,4711977.359383583,200.0,2026-04-21T06:45:38.978949+00:00
2029,0.95,mound,burial_mound,K-35-055-1_x3360_y2688.png,K-35-055-1,518496.7287586069,4708882.892475861,100.0,2026-04-21T06:45:42.978516+00:00
2030,1.0,mound,burial_mound,K-35-055-1_x4032_y0.png,K-35-055-1,520086.6465808877,4723580.976040743,75.0,2026-04-21T06:31:43.411777+00:00
2031,0.4,not_mound,not_mound,K-35-055-2_x0_y1008.png,K-35-055-2,521592.6762406173,4717626.85865639,50.0,2026-04-21T06:56:51.149620+00:00
2032,1.0,mound,burial_mound,K-35-055-2_x0_y1008.png,K-35-055-2,522213.5813330992,4716960.456643864,75.0,2026-04-21T06:31:54.449084+00:00
2033,1.0,mound,burial_mound,K-35-055-1_x672_y3360.png,K-35-055-1,504395.9017460252,4706965.48868344,75.0,2026-04-21T06:31:58.239061+00:00
2034,1.0,mound,burial_mound,K-35-055-1_x672_y3360.png,K-35-055-1,504526.1787665636,4706976.676019851,75.0,2026-04-21T06:32:03.681185+00:00
2035,1.0,mound,burial_mound,K-35-055-2_x0_y1008.png,K-35-055-2,522193.150452996,4716962.167975069,75.0,2026-04-21T06:32:07.905196+00:00
2036,0.4,not_mound,not_mound,K-35-055-2_x2352_y1008.png,K-35-055-2,532325.4160203615,4718171.125177031,50.0,2026-04-21T06:56:52.625444+00:00
2037,0.15,not_mound,not_mound,K-35-055-2_x2352_y672.png,K-35-055-2,532975.3223532845,4718912.511664837,50.0,2026-04-21T07:03:42.593683+00:00
2038,0.85,mound,burial_mound,K-35-055-3_x1008_y3024.png,K-35-055-3,505212.4914055012,4688817.664908328,75.0,2026-04-21T06:53:04.207578+00:00
2039,0.15,mound,burial_mound,K-35-055-3_x0_y0.png,K-35-055-3,501275.8711367986,4703522.355907068,75.0,2026-04-21T07:03:45.002317+00:00
2040,0.3,not_mound,not_mound,K-35-055-2_x336_y672.png,K-35-055-2,523028.0232690314,4720207.5419802535,50.0,2026-04-21T06:58:12.526962+00:00
2041,0.15,not_mound,not_mound,K-35-055-3_x1344_y1344.png,K-35-055-3,508381.9559314715,4698436.40778668,50.0,2026-04-21T07:03:46.087655+00:00
2042,0.95,mound,burial_mound,K-35-055-3_x1680_y1680.png,K-35-055-3,509293.0511086042,4695001.623101219,75.0,2026-04-21T06:45:45.538710+00:00
2043,1.0,mound,burial_mound,K-35-055-3_x1344_y2016.png,K-35-055-3,506733.35999677365,4694545.65884524,125.0,2026-04-21T06:32:14.251968+00:00
2044,1.0,mound,burial_mound,K-35-055-2_x1680_y672.png,K-35-055-2,530541.1729472717,4718648.30289745,125.0,2026-04-21T06:32:17.113146+00:00
2045,0.4,not_mound,not_mound,K-35-055-3_x2016_y2688.png,K-35-055-3,511314.529680632,4691032.263179742,50.0,2026-04-21T06:56:53.781082+00:00
2046,0.4,not_mound,not_mound,K-35-055-3_x3024_y1344.png,K-35-055-3,515288.4103064037,4697805.75825017,50.0,2026-04-21T06:56:55.128615+00:00
2047,0.2,not_mound,not_mound,K-35-055-3_x336_y2688.png,K-35-055-3,502310.3977751201,4690968.5371453725,50.0,2026-04-21T06:59:48.171884+00:00
2048,0.4,mound,bench_mark_on_mound,K-35-055-3_x3360_y1344.png,K-35-055-3,517220.700797076,4696689.660434535,200.0,2026-04-21T06:56:59.978165+00:00
2049,1.0,mound,burial_mound,K-35-055-4_x1344_y3024.png,K-35-055-4,527451.7986479203,4689564.392086108,200.0,2026-04-21T06:32:22.800008+00:00
2050,0.15,not_mound,not_mound,K-35-055-4_x2688_y1680.png,K-35-055-4,534025.1815157476,4695172.408753533,50.0,2026-04-21T07:03:47.663047+00:00
2051,0.2,not_mound,not_mound,K-35-055-4_x2688_y3024.png,K-35-055-4,535682.8174497746,4689002.661810098,50.0,2026-04-21T06:59:49.153700+00:00
2052,1.0,mound,burial_mound,K-35-055-4_x1008_y1680.png,K-35-055-4,526636.4783380012,4695084.498837912,75.0,2026-04-21T06:32:27.412374+00:00
2053,1.0,mound,burial_mound,K-35-055-4_x336_y2688.png,K-35-055-4,523900.4572863845,4690320.415733784,75.0,2026-04-21T06:32:33.807697+00:00
2054,0.95,mound,burial_mound,K-35-055-4_x336_y3024.png,K-35-055-4,522336.8803719302,4690201.106556923,75.0,2026-04-21T06:45:47.728738+00:00
2055,0.2,not_mound,not_mound,K-35-055-4_x336_y3024.png,K-35-055-4,523733.35000510793,4690038.145588701,50.0,2026-04-21T06:59:50.298114+00:00
2056,0.15,not_mound,not_mound,K-35-055-4_x336_y672.png,K-35-055-4,522848.4649731756,4701283.8141563935,50.0,2026-04-21T07:03:48.810046+00:00
2057,0.85,mound,burial_mound,K-35-055-4_x3696_y1680.png,K-35-055-4,540007.395782888,4695883.210923771,125.0,2026-04-21T06:53:09.855344+00:00
2058,0.2,not_mound,not_mound,K-35-055-4_x672_y3360.png,K-35-055-4,525542.7459314526,4687130.672430821,50.0,2026-04-21T06:59:51.294418+00:00
2059,0.15,not_mound,not_mound,K-35-056-3_x2688_y1680.png,K-35-056-3,555740.1549070508,4695764.667931967,50.0,2026-04-21T07:03:49.877176+00:00
2060,0.3,not_mound,not_mound,K-35-056-3_x3024_y3360.png,K-35-056-3,557262.2095248189,4688229.617092008,50.0,2026-04-21T06:58:13.668938+00:00
2061,0.75,mound,burial_mound,K-35-056-3_x3024_y2352.png,K-35-056-3,557325.9699322693,4693297.640470584,75.0,2026-04-21T06:55:47.643416+00:00
2062,0.15,mound,burial_mound,K-35-056-3_x2352_y2016.png,K-35-056-3,553520.4880383692,4694968.012430081,100.0,2026-04-21T07:03:56.433682+00:00
2063,0.95,mound,bench_mark_on_mound,K-35-056-3_x672_y1344.png,K-35-056-3,544880.2724860023,4698767.475778305,75.0,2026-04-21T06:45:54.546922+00:00
2064,1.0,mound,burial_mound,K-35-062-4_Asenovgrad_4326_x2352_y2016.png,K-35-062-4_Asenovgrad_4326,324987.2083757988,4659270.360411408,75.0,2026-04-21T06:32:36.206933+00:00
2065,1.0,mound,trig_point_on_mound,K-35-062-4_Asenovgrad_4326_x2688_y2352.png,K-35-062-4_Asenovgrad_4326,326977.3139149848,4658047.464190174,50.0,2026-05-03T04:10:32.710423+00:00
2066,0.2,not_mound,not_mound,K-35-062-4_Asenovgrad_4326_x2688_y2688.png,K-35-062-4_Asenovgrad_4326,328452.08533927257,4656787.754092519,50.0,2026-04-21T06:59:52.731112+00:00
2067,0.85,not_mound,not_mound,K-35-062-4_Asenovgrad_4326_x672_y1680.png,K-35-062-4_Asenovgrad_4326,317417.5899001191,4662080.342399025,50.0,2026-04-21T06:53:12.165494+00:00
2068,0.2,not_mound,not_mound,K-35-062-4_Asenovgrad_4326_x3696_y3696.png,K-35-062-4_Asenovgrad_4326,332703.26228000474,4652120.172111586,50.0,2026-04-21T06:59:53.841630+00:00
2069,0.95,mound,burial_mound,K-35-063-1_Granit_4326_x0_y3024.png,K-35-063-1_Granit_4326,335502.0032931067,4672805.849478495,75.0,2026-04-21T06:45:56.989101+00:00
2070,1.0,mound,burial_mound,K-35-063-1_Granit_4326_x0_y2016.png,K-35-063-1_Granit_4326,335783.260061159,4677767.902708281,75.0,2026-04-21T06:32:39.082151+00:00
2071,0.2,not_mound,not_mound,K-35-063-1_Granit_4326_x1344_y2016.png,K-35-063-1_Granit_4326,342398.49753745366,4677609.393112812,50.0,2026-04-21T06:59:55.507630+00:00
2072,0.15,not_mound,not_mound,K-35-063-1_Granit_4326_x1008_y2016.png,K-35-063-1_Granit_4326,340188.908737959,4677650.715439836,50.0,2026-04-21T07:03:58.350391+00:00
2073,0.2,not_mound,not_mound,K-35-063-1_Granit_4326_x1008_y2016.png,K-35-063-1_Granit_4326,340301.4856198989,4677420.186632323,50.0,2026-04-21T06:59:59.115152+00:00
2074,0.75,mound,burial_mound,K-35-063-1_Granit_4326_x1680_y1008.png,K-35-063-1_Granit_4326,344511.4231635488,4682648.236217225,75.0,2026-04-21T06:55:50.737443+00:00
2075,1.0,not_mound,not_mound,K-35-063-1_Granit_4326_x1680_y672.png,K-35-063-1_Granit_4326,342745.0471347719,4684908.063929802,50.0,2026-04-21T06:32:43.994370+00:00
2076,1.0,mound,burial_mound,K-35-063-1_Granit_4326_x2352_y2016.png,K-35-063-1_Granit_4326,347111.8973845965,4678505.256726076,200.0,2026-04-21T06:32:47.247027+00:00
2077,0.15,mound,burial_mound,K-35-063-1_Granit_4326_x2352_y3360.png,K-35-063-1_Granit_4326,346338.3544738488,4670954.893672148,75.0,2026-04-21T07:04:00.828220+00:00
2078,1.0,mound,burial_mound,K-35-063-1_Granit_4326_x3024_y1344.png,K-35-063-1_Granit_4326,350482.7458838409,4682307.106182336,75.0,2026-04-21T06:32:50.559547+00:00
2079,0.2,mound,burial_mound,K-35-063-1_Granit_4326_x336_y2352.png,K-35-063-1_Granit_4326,337099.0164452733,4676590.414497408,100.0,2026-04-21T07:00:04.666514+00:00
2080,1.0,mound,burial_mound,K-35-063-1_Granit_4326_x336_y2688.png,K-35-063-1_Granit_4326,336687.19070323696,4674725.16232578,200.0,2026-04-21T06:32:54.347331+00:00
2081,1.0,not_mound,not_mound,K-35-063-1_Granit_4326_x3360_y3024.png,K-35-063-1_Granit_4326,353042.9416863716,4673324.408020286,50.0,2026-04-21T06:32:58.868908+00:00
2082,0.2,mound,burial_mound,K-35-063-1_Granit_4326_x2016_y1008.png,K-35-063-1_Granit_4326,346317.8307100364,4682424.708037992,75.0,2026-04-21T07:00:08.311917+00:00
2083,0.2,not_mound,not_mound,K-35-063-1_Granit_4326_x3360_y672.png,K-35-063-1_Granit_4326,351734.5989923523,4685424.6077123545,50.0,2026-04-21T07:00:10.819265+00:00
2084,0.95,mound,burial_mound,K-35-063-1_Granit_4326_x3360_y1344.png,K-35-063-1_Granit_4326,353041.01330333704,4682129.446158886,200.0,2026-04-21T06:46:01.258366+00:00
2085,0.4,mound,bench_mark_on_mound,K-35-063-1_Granit_4326_x3360_y1344.png,K-35-063-1_Granit_4326,351962.7492022485,4682038.233482184,200.0,2026-04-21T06:57:05.759663+00:00
2086,0.95,not_mound,not_mound,K-35-062-4_Asenovgrad_4326_x3696_y2352.png,K-35-062-4_Asenovgrad_4326,333654.854968998,4658271.708863627,50.0,2026-04-21T06:46:02.993346+00:00
2087,1.0,not_mound,not_mound,K-35-063-1_Granit_4326_x2352_y2688.png,K-35-063-1_Granit_4326,347729.9320792755,4675189.215669441,50.0,2026-04-21T06:33:00.864838+00:00
2088,0.15,mound,burial_mound,K-35-063-1_Granit_4326_x2352_y2688.png,K-35-063-1_Granit_4326,347777.0878416864,4675139.648703517,200.0,2026-04-21T07:04:04.617829+00:00
2089,0.75,mound,burial_mound,K-35-063-1_Granit_4326_x2352_y2688.png,K-35-063-1_Granit_4326,347622.01988642185,4675125.452823586,200.0,2026-04-21T06:55:53.650988+00:00
2090,1.0,mound,burial_mound,K-35-063-1_Granit_4326_x3360_y2352.png,K-35-063-1_Granit_4326,351892.48800596595,4676306.666785747,100.0,2026-04-21T06:33:10.965079+00:00
2091,1.0,mound,burial_mound,K-35-063-2_Chirpan_4326_x0_y1680.png,K-35-063-2_Chirpan_4326,356812.8436649563,4679501.881153216,75.0,2026-04-21T06:33:19.069316+00:00
2092,1.0,mound,burial_mound,K-35-063-2_Chirpan_4326_x0_y672.png,K-35-063-2_Chirpan_4326,356690.4791530438,4685188.398891853,75.0,2026-04-21T06:33:21.718547+00:00
2093,0.85,mound,burial_mound,K-35-063-2_Chirpan_4326_x0_y672.png,K-35-063-2_Chirpan_4326,356386.00474566326,4683337.267297275,100.0,2026-04-21T06:53:21.277520+00:00
2094,0.2,not_mound,not_mound,K-35-063-1_Granit_4326_x672_y2688.png,K-35-063-1_Granit_4326,339519.00132001715,4675388.257144564,50.0,2026-04-21T07:00:12.061984+00:00
2095,0.95,not_mound,not_mound,K-35-063-2_Chirpan_4326_x3024_y2688.png,K-35-063-2_Chirpan_4326,371856.3018902218,4674364.5963024935,50.0,2026-04-21T06:46:04.765743+00:00
2096,0.2,not_mound,not_mound,K-35-063-2_Chirpan_4326_x3024_y2688.png,K-35-063-2_Chirpan_4326,371073.9139957091,4673246.595536269,50.0,2026-04-21T07:00:13.192620+00:00
2097,0.95,mound,bench_mark_on_mound,K-35-063-2_Chirpan_4326_x2016_y2016.png,K-35-063-2_Chirpan_4326,366951.4751292274,4676791.79158221,100.0,2026-04-21T06:46:09.493128+00:00
2098,0.15,not_mound,not_mound,K-35-063-2_Chirpan_4326_x3024_y0.png,K-35-063-2_Chirpan_4326,371219.3325044808,4686900.860889662,50.0,2026-04-21T07:04:08.316804+00:00
2099,0.2,mound,trig_point_on_mound,K-35-063-2_Chirpan_4326_x336_y3360.png,K-35-063-2_Chirpan_4326,357354.8692890016,4669936.66816899,125.0,2026-04-21T07:00:16.218649+00:00
2100,0.95,mound,burial_mound,K-35-063-2_Chirpan_4326_x3360_y672.png,K-35-063-2_Chirpan_4326,373583.2117837211,4684759.183696143,75.0,2026-04-21T06:46:12.857362+00:00
2101,1.0,mound,burial_mound,K-35-063-2_Chirpan_4326_x3024_y672.png,K-35-063-2_Chirpan_4326,371341.1024013948,4684624.116345534,200.0,2026-04-21T06:33:28.285732+00:00
2102,1.0,not_mound,not_mound,K-35-063-2_Chirpan_4326_x3696_y2016.png,K-35-063-2_Chirpan_4326,373643.28084993607,4676654.263822014,50.0,2026-04-21T06:33:41.100116+00:00
2103,1.0,mound,burial_mound,K-35-063-2_Chirpan_4326_x336_y1008.png,K-35-063-2_Chirpan_4326,357239.0491255885,4681639.699879655,75.0,2026-04-21T06:33:44.585472+00:00
2104,0.15,not_mound,not_mound,K-35-063-2_Chirpan_4326_x4032_y3360.png,K-35-063-2_Chirpan_4326,375955.1393214911,4671079.429861082,50.0,2026-04-21T07:04:10.294253+00:00
2105,1.0,mound,burial_mound,K-35-063-2_Chirpan_4326_x3696_y672.png,K-35-063-2_Chirpan_4326,375317.8355163294,4685044.141050306,75.0,2026-04-21T06:33:53.538118+00:00
2106,0.15,not_mound,not_mound,K-35-063-2_Chirpan_4326_x3696_y336.png,K-35-063-2_Chirpan_4326,373897.1828999968,4685680.782550298,50.0,2026-04-21T07:04:12.301550+00:00
2107,0.95,mound,bench_mark_on_mound,K-35-063-2_Chirpan_4326_x672_y3696.png,K-35-063-2_Chirpan_4326,360198.3327886752,4669781.828029007,75.0,2026-04-21T06:47:59.759608+00:00
2108,0.95,mound,burial_mound,K-35-063-3_Tatarevo_4326_x0_y3696.png,K-35-063-3_Tatarevo_4326,335283.69947213866,4651751.888114558,75.0,2026-04-21T06:48:05.023732+00:00
2109,1.0,mound,burial_mound,K-35-063-1_Granit_4326_x672_y0.png,K-35-063-1_Granit_4326,338378.942880876,4688528.179373617,200.0,2026-04-21T06:33:56.864790+00:00
2110,0.2,not_mound,not_mound,K-35-063-3_Tatarevo_4326_x2352_y2688.png,K-35-063-3_Tatarevo_4326,347400.7161567872,4655757.755747414,50.0,2026-04-21T07:00:17.921151+00:00
2111,0.2,mound,burial_mound,K-35-063-1_Granit_4326_x1344_y336.png,K-35-063-1_Granit_4326,342264.3400519689,4686555.425746877,100.0,2026-04-21T07:00:22.665069+00:00
2112,0.95,not_mound,not_mound,K-35-063-3_Tatarevo_4326_x1344_y2016.png,K-35-063-3_Tatarevo_4326,341241.90415967663,4660385.325001802,50.0,2026-04-21T06:49:01.763072+00:00
2113,1.0,not_mound,not_mound,K-35-063-3_Tatarevo_4326_x2688_y2016.png,K-35-063-3_Tatarevo_4326,349122.1525022093,4660147.761801828,50.0,2026-04-21T06:35:35.860936+00:00
2114,0.4,not_mound,not_mound,K-35-063-3_Tatarevo_4326_x1344_y1680.png,K-35-063-3_Tatarevo_4326,341271.3611317059,4660414.547497334,50.0,2026-04-21T06:57:07.457487+00:00
2115,0.85,not_mound,not_mound,K-35-063-3_Tatarevo_4326_x1344_y2688.png,K-35-063-3_Tatarevo_4326,340830.3941327223,4656208.491855099,50.0,2026-04-21T06:53:23.873359+00:00
2116,1.0,not_mound,not_mound,K-35-063-3_Tatarevo_4326_x3360_y2352.png,K-35-063-3_Tatarevo_4326,352108.056943477,4657689.022980649,50.0,2026-04-21T06:35:42.555356+00:00
2117,0.85,mound,burial_mound,K-35-063-3_Tatarevo_4326_x336_y1344.png,K-35-063-3_Tatarevo_4326,335570.13478980726,4662238.76687383,75.0,2026-04-21T06:53:26.873102+00:00
2118,0.2,mound,burial_mound,K-35-063-3_Tatarevo_4326_x3360_y3360.png,K-35-063-3_Tatarevo_4326,351074.99500448734,4651730.468963518,75.0,2026-04-21T07:00:25.715993+00:00
2119,1.0,mound,burial_mound,K-35-063-3_Tatarevo_4326_x336_y2352.png,K-35-063-3_Tatarevo_4326,336224.9958177861,4657945.108323221,125.0,2026-04-21T06:35:50.568478+00:00
2120,0.2,not_mound,not_mound,K-35-063-3_Tatarevo_4326_x4032_y1680.png,K-35-063-3_Tatarevo_4326,354589.6453566905,4660330.337510772,50.0,2026-04-21T07:00:27.390632+00:00
2121,1.0,mound,burial_mound,K-35-063-3_Tatarevo_4326_x3360_y2016.png,K-35-063-3_Tatarevo_4326,351599.1586028792,4658536.145858078,100.0,2026-04-21T06:37:19.896966+00:00
2122,0.2,not_mound,not_mound,K-35-063-3_Tatarevo_4326_x4032_y2016.png,K-35-063-3_Tatarevo_4326,354378.5857691047,4659070.448078595,50.0,2026-04-21T07:00:29.227644+00:00
2123,0.2,not_mound,not_mound,K-35-063-3_Tatarevo_4326_x4032_y2016.png,K-35-063-3_Tatarevo_4326,354298.98629316664,4659011.214233514,50.0,2026-04-21T07:00:30.989165+00:00
2124,0.2,not_mound,not_mound,K-35-063-4_Skobelevo_4326_x1008_y2016.png,K-35-063-4_Skobelevo_4326,361326.7071623259,4659260.469714361,50.0,2026-04-21T07:00:32.356412+00:00
2125,1.0,mound,bench_mark_on_mound,K-35-063-3_Tatarevo_4326_x1008_y1008.png,K-35-063-3_Tatarevo_4326,340785.21572455054,4665325.267122848,200.0,2026-04-21T06:37:27.893690+00:00
2126,0.4,not_mound,not_mound,K-35-063-4_Skobelevo_4326_x2016_y1008.png,K-35-063-4_Skobelevo_4326,365784.055016148,4663581.266009739,50.0,2026-04-21T06:57:08.780841+00:00
2127,0.95,not_mound,not_mound,K-35-063-4_Skobelevo_4326_x1680_y2352.png,K-35-063-4_Skobelevo_4326,364786.6596052969,4658081.377526656,50.0,2026-04-21T06:49:04.690210+00:00
2128,0.4,not_mound,not_mound,K-35-063-4_Skobelevo_4326_x1008_y3024.png,K-35-063-4_Skobelevo_4326,361092.398294484,4654586.478700226,50.0,2026-04-21T06:57:10.975733+00:00
2129,0.95,not_mound,not_mound,K-35-063-4_Skobelevo_4326_x2016_y672.png,K-35-063-4_Skobelevo_4326,366356.377285343,4664927.309419676,50.0,2026-04-21T06:49:08.922995+00:00
2130,1.0,not_mound,not_mound,K-35-063-4_Skobelevo_4326_x2016_y672.png,K-35-063-4_Skobelevo_4326,366555.8849872317,4664926.311784781,50.0,2026-04-21T06:37:30.260349+00:00
2131,1.0,mound,burial_mound,K-35-063-4_Skobelevo_4326_x1680_y1680.png,K-35-063-4_Skobelevo_4326,363633.9452808828,4659863.619793069,100.0,2026-04-21T06:37:38.982644+00:00
2132,0.4,mound,bench_mark_on_mound,K-35-063-4_Skobelevo_4326_x1680_y2016.png,K-35-063-4_Skobelevo_4326,364883.9223601491,4658133.834904169,200.0,2026-04-21T06:57:14.186065+00:00
2133,0.2,not_mound,not_mound,K-35-063-4_Skobelevo_4326_x3024_y1680.png,K-35-063-4_Skobelevo_4326,370347.7324291052,4659743.200101765,50.0,2026-04-21T07:00:33.875925+00:00
2134,0.95,mound,burial_mound,K-35-063-4_Skobelevo_4326_x3360_y1344.png,K-35-063-4_Skobelevo_4326,373364.1101495148,4662840.263524612,75.0,2026-04-21T06:49:13.914362+00:00
2135,1.0,mound,burial_mound,K-35-063-4_Skobelevo_4326_x3696_y3024.png,K-35-063-4_Skobelevo_4326,374229.38671182864,4652993.952628811,125.0,2026-04-21T06:37:59.624682+00:00
2136,1.0,mound,burial_mound,K-35-064-1_Sredets_4326_x0_y1680.png,K-35-064-1_Sredets_4326,377145.2524756288,4678567.836063552,125.0,2026-04-21T06:38:05.109935+00:00
2137,0.4,not_mound,not_mound,K-35-064-1_Sredets_4326_x1680_y336.png,K-35-064-1_Sredets_4326,385038.47650498187,4685709.201947833,50.0,2026-04-21T06:57:16.027442+00:00
2138,1.0,mound,burial_mound,K-35-064-1_Sredets_4326_x3696_y3696.png,K-35-064-1_Sredets_4326,396178.7769355444,4669462.42099989,150.0,2026-04-21T06:38:10.034870+00:00
2139,0.2,not_mound,not_mound,K-35-064-1_Sredets_4326_x3696_y336.png,K-35-064-1_Sredets_4326,394976.2772754785,4685261.228525137,50.0,2026-04-21T07:00:35.037359+00:00
2140,1.0,mound,burial_mound,K-35-063-4_Skobelevo_4326_x336_y2688.png,K-35-063-4_Skobelevo_4326,357958.86759967083,4656051.236599915,200.0,2026-04-21T06:38:13.457733+00:00
2141,1.0,not_mound,not_mound,K-35-064-2_Radnevo_4326_x0_y336.png,K-35-064-2_Radnevo_4326,397438.3305680799,4685064.418596739,50.0,2026-04-21T06:38:17.053530+00:00
2142,0.4,not_mound,not_mound,K-35-064-2_Radnevo_4326_x1008_y3360.png,K-35-064-2_Radnevo_4326,403132.572814204,4670236.539767223,50.0,2026-04-21T06:57:17.776642+00:00
2143,0.2,not_mound,not_mound,K-35-064-2_Radnevo_4326_x1680_y672.png,K-35-064-2_Radnevo_4326,405304.4061404549,4682742.4340586,50.0,2026-04-21T07:00:36.307279+00:00
2144,0.2,not_mound,not_mound,K-35-064-2_Radnevo_4326_x2016_y672.png,K-35-064-2_Radnevo_4326,407355.9730160943,4682730.046581041,50.0,2026-04-21T07:00:37.753604+00:00
2145,0.3,not_mound,not_mound,K-35-064-2_Radnevo_4326_x2016_y1008.png,K-35-064-2_Radnevo_4326,407099.3691238228,4681813.784059629,50.0,2026-04-21T06:58:14.778653+00:00
2146,1.0,not_mound,not_mound,K-35-064-2_Radnevo_4326_x2016_y1680.png,K-35-064-2_Radnevo_4326,406548.5567739409,4678736.962457146,50.0,2026-04-21T06:38:19.494768+00:00
2147,1.0,not_mound,not_mound,K-35-064-2_Radnevo_4326_x1344_y3360.png,K-35-064-2_Radnevo_4326,404715.5519070285,4670613.421160817,50.0,2026-04-21T06:38:22.542032+00:00
2148,0.95,not_mound,not_mound,K-35-064-2_Radnevo_4326_x3360_y1008.png,K-35-064-2_Radnevo_4326,414477.14661523415,4681000.19248933,50.0,2026-04-21T06:49:15.626028+00:00
2149,0.2,not_mound,not_mound,K-35-064-2_Radnevo_4326_x336_y336.png,K-35-064-2_Radnevo_4326,398897.5268090075,4685240.475391176,50.0,2026-04-21T07:00:39.122569+00:00
2150,0.2,not_mound,not_mound,K-35-064-2_Radnevo_4326_x3360_y2352.png,K-35-064-2_Radnevo_4326,414275.6123492501,4674059.795049211,50.0,2026-04-21T07:00:40.409443+00:00
2151,0.2,not_mound,not_mound,K-35-064-2_Radnevo_4326_x3696_y2688.png,K-35-064-2_Radnevo_4326,416423.2455123997,4673269.381770858,50.0,2026-04-21T07:00:42.175630+00:00
2152,0.15,not_mound,not_mound,K-35-064-2_Radnevo_4326_x3696_y2016.png,K-35-064-2_Radnevo_4326,416625.9951175434,4676527.530018731,50.0,2026-04-21T07:04:13.815600+00:00
2153,0.2,not_mound,not_mound,K-35-064-3_Dimitrovgrad_4326_x0_y1344.png,K-35-064-3_Dimitrovgrad_4326,376658.1967179753,4662686.564388617,50.0,2026-04-21T07:00:43.582080+00:00
2154,0.85,not_mound,not_mound,K-35-064-2_Radnevo_4326_x4032_y672.png,K-35-064-2_Radnevo_4326,417243.5055863836,4683674.705575406,50.0,2026-04-21T06:53:28.277312+00:00
2155,1.0,not_mound,not_mound,K-35-064-2_Radnevo_4326_x672_y1008.png,K-35-064-2_Radnevo_4326,400604.3877845371,4681590.769543959,50.0,2026-04-21T06:38:23.673213+00:00
2156,0.2,not_mound,not_mound,K-35-064-2_Radnevo_4326_x3024_y672.png,K-35-064-2_Radnevo_4326,413043.9942016725,4683553.25052955,50.0,2026-04-21T07:00:45.196056+00:00
2157,0.85,not_mound,not_mound,K-35-064-3_Dimitrovgrad_4326_x2016_y2016.png,K-35-064-3_Dimitrovgrad_4326,386035.1959968283,4659268.912701337,50.0,2026-04-21T06:53:30.665083+00:00
2158,0.4,not_mound,not_mound,K-35-064-3_Dimitrovgrad_4326_x3360_y1680.png,K-35-064-3_Dimitrovgrad_4326,392741.3205309009,4659640.785337234,50.0,2026-04-21T06:57:19.175270+00:00
2159,1.0,mound,burial_mound,K-35-064-3_Dimitrovgrad_4326_x2688_y1680.png,K-35-064-3_Dimitrovgrad_4326,390090.30583571526,4661094.856444285,75.0,2026-04-21T06:38:32.226047+00:00
2160,0.85,mound,burial_mound,K-35-064-3_Dimitrovgrad_4326_x2688_y1680.png,K-35-064-3_Dimitrovgrad_4326,390322.280440738,4660729.306333592,200.0,2026-04-21T06:53:34.324518+00:00
2161,0.95,mound,burial_mound,K-35-064-3_Dimitrovgrad_4326_x2688_y1680.png,K-35-064-3_Dimitrovgrad_4326,390405.35670854046,4660677.485151215,200.0,2026-04-21T06:49:20.011132+00:00
2162,0.2,mound,burial_mound,K-35-064-3_Dimitrovgrad_4326_x3696_y0.png,K-35-064-3_Dimitrovgrad_4326,395403.6564530901,4668888.043619779,75.0,2026-04-21T07:00:48.143382+00:00
2163,1.0,mound,burial_mound,K-35-064-3_Dimitrovgrad_4326_x4032_y1344.png,K-35-064-3_Dimitrovgrad_4326,396320.42024744826,4662117.945271304,75.0,2026-04-21T06:38:35.851402+00:00
2164,0.4,mound,burial_mound,K-35-064-3_Dimitrovgrad_4326_x2016_y672.png,K-35-064-3_Dimitrovgrad_4326,386951.7730650352,4665706.048230623,200.0,2026-04-21T06:57:22.427621+00:00
2165,0.85,not_mound,not_mound,K-35-064-3_Dimitrovgrad_4326_x2016_y672.png,K-35-064-3_Dimitrovgrad_4326,387150.5212061235,4664724.957372953,50.0,2026-04-21T06:53:36.761161+00:00
2166,0.95,mound,bench_mark_on_mound,K-35-064-3_Dimitrovgrad_4326_x2016_y672.png,K-35-064-3_Dimitrovgrad_4326,387286.8681876018,4664710.228804197,200.0,2026-04-21T06:49:26.856942+00:00
2167,0.95,mound,burial_mound,K-35-064-4_Galabovo_4326_x0_y1008.png,K-35-064-4_Galabovo_4326,396582.9200954688,4662491.026577601,200.0,2026-04-21T06:49:45.592794+00:00
2168,0.95,not_mound,not_mound,K-35-064-3_Dimitrovgrad_4326_x3696_y672.png,K-35-064-3_Dimitrovgrad_4326,395363.90994582896,4665684.6934087295,50.0,2026-04-21T06:49:48.729988+00:00
2169,0.2,not_mound,not_mound,K-35-064-3_Dimitrovgrad_4326_x336_y3360.png,K-35-064-3_Dimitrovgrad_4326,377540.1204942505,4651179.556755609,50.0,2026-04-21T07:00:50.044415+00:00
2170,0.85,mound,burial_mound,K-35-064-3_Dimitrovgrad_4326_x672_y1680.png,K-35-064-3_Dimitrovgrad_4326,379065.1406171602,4659327.71036703,75.0,2026-04-21T06:53:39.608634+00:00
2171,0.2,not_mound,not_mound,K-35-064-3_Dimitrovgrad_4326_x3696_y1344.png,K-35-064-3_Dimitrovgrad_4326,394138.389035312,4661267.612551981,50.0,2026-04-21T07:00:52.035194+00:00
2172,0.2,mound,burial_mound,K-35-064-4_Galabovo_4326_x1008_y3024.png,K-35-064-4_Galabovo_4326,402724.4633052464,4652208.29368099,75.0,2026-04-21T07:00:54.682200+00:00
2173,0.85,mound,trig_point_on_mound,K-35-064-4_Galabovo_4326_x2688_y2016.png,K-35-064-4_Galabovo_4326,410160.01819824567,4658305.590607926,100.0,2026-04-21T06:53:56.029210+00:00
2174,0.4,not_mound,not_mound,K-35-064-4_Galabovo_4326_x4032_y672.png,K-35-064-4_Galabovo_4326,417039.66615034617,4665783.140588327,50.0,2026-04-21T06:57:24.082554+00:00
2175,0.15,not_mound,not_mound,K-35-065-1_Radetski_4326_x0_y1680.png,K-35-065-1_Radetski_4326,418257.0115273715,4678020.996939185,50.0,2026-04-21T07:04:14.934563+00:00
2176,0.3,not_mound,not_mound,K-35-065-1_Radetski_4326_x0_y672.png,K-35-065-1_Radetski_4326,418348.8363285578,4683624.442365084,50.0,2026-04-21T06:58:16.893068+00:00
2177,0.2,not_mound,not_mound,K-35-065-1_Radetski_4326_x1344_y1680.png,K-35-065-1_Radetski_4326,423995.21599799744,4678706.848435204,50.0,2026-04-21T07:00:56.090843+00:00
2178,0.2,not_mound,not_mound,K-35-064-4_Galabovo_4326_x4032_y3360.png,K-35-064-4_Galabovo_4326,416785.4894441652,4651747.287530068,50.0,2026-04-21T07:00:57.732396+00:00
2179,0.35,not_mound,not_mound,K-35-065-1_Radetski_4326_x1344_y1008.png,K-35-065-1_Radetski_4326,424296.4888549442,4681668.699347011,50.0,2026-04-21T06:58:07.045184+00:00
2180,0.2,not_mound,not_mound,K-35-065-1_Radetski_4326_x1008_y336.png,K-35-065-1_Radetski_4326,423204.3738271009,4685493.330625277,50.0,2026-04-21T07:00:59.235578+00:00
2181,1.0,mound,burial_mound,K-35-065-1_Radetski_4326_x1344_y672.png,K-35-065-1_Radetski_4326,424058.7532664897,4683809.402925492,75.0,2026-04-21T06:38:39.178606+00:00
2182,0.75,not_mound,not_mound,K-35-065-1_Radetski_4326_x1008_y1344.png,K-35-065-1_Radetski_4326,423646.7908171024,4680591.8986840695,50.0,2026-04-21T06:55:56.306686+00:00
2183,0.2,not_mound,not_mound,K-35-065-1_Radetski_4326_x1344_y0.png,K-35-065-1_Radetski_4326,423935.5792171708,4685890.24745154,50.0,2026-04-21T07:01:00.398875+00:00
2184,0.95,not_mound,not_mound,K-35-065-1_Radetski_4326_x2016_y672.png,K-35-065-1_Radetski_4326,428777.4675324487,4682547.5007461365,50.0,2026-04-21T06:49:50.364308+00:00
2185,0.2,not_mound,not_mound,K-35-065-1_Radetski_4326_x2688_y2352.png,K-35-065-1_Radetski_4326,431268.5870397692,4674710.272954556,50.0,2026-04-21T07:01:01.519405+00:00
2186,0.7,not_mound,not_mound,K-35-065-1_Radetski_4326_x1680_y2352.png,K-35-065-1_Radetski_4326,426027.2749425478,4675168.078810026,50.0,2026-04-21T06:56:21.587772+00:00
2187,0.4,not_mound,not_mound,K-35-065-1_Radetski_4326_x2688_y1680.png,K-35-065-1_Radetski_4326,431748.55457615375,4677262.189296251,50.0,2026-04-21T06:57:25.474789+00:00
2188,0.2,not_mound,not_mound,K-35-065-1_Radetski_4326_x3024_y1344.png,K-35-065-1_Radetski_4326,432828.2599528604,4680067.338749975,50.0,2026-04-21T07:01:02.774265+00:00
2189,0.4,not_mound,not_mound,K-35-065-1_Radetski_4326_x336_y1008.png,K-35-065-1_Radetski_4326,420045.5377990762,4682049.418703494,50.0,2026-04-21T06:57:26.974776+00:00
2190,0.2,not_mound,not_mound,K-35-065-1_Radetski_4326_x336_y336.png,K-35-065-1_Radetski_4326,420375.6103750528,4684149.184069196,50.0,2026-04-21T07:01:04.351027+00:00
2191,0.2,not_mound,not_mound,K-35-065-1_Radetski_4326_x3696_y3024.png,K-35-065-1_Radetski_4326,437376.8380974909,4671767.480670832,50.0,2026-04-21T07:01:05.530111+00:00
2192,0.85,mound,burial_mound,K-35-065-1_Radetski_4326_x3696_y0.png,K-35-065-1_Radetski_4326,435667.8071586567,4686230.51581177,75.0,2026-04-21T06:53:59.216871+00:00
2193,1.0,mound,burial_mound,K-35-065-2_GManastir_4326_x1008_y0.png,K-35-065-2_GManastir_4326,442872.7467249288,4686231.397768117,100.0,2026-04-21T06:38:44.811455+00:00
2194,0.2,not_mound,not_mound,K-35-065-2_GManastir_4326_x1008_y336.png,K-35-065-2_GManastir_4326,443214.3855740594,4683718.716835948,50.0,2026-04-21T07:01:06.772656+00:00
2195,0.2,not_mound,not_mound,K-35-065-1_Radetski_4326_x3024_y672.png,K-35-065-1_Radetski_4326,433111.5589582546,4683623.867692154,50.0,2026-04-21T07:01:07.833019+00:00
2196,0.2,not_mound,not_mound,K-35-065-2_GManastir_4326_x1344_y3360.png,K-35-065-2_GManastir_4326,444839.00595583394,4670030.15239608,50.0,2026-04-21T07:01:08.887257+00:00
2197,0.15,not_mound,not_mound,K-35-065-2_GManastir_4326_x1344_y3360.png,K-35-065-2_GManastir_4326,445828.9399379884,4669388.880612429,50.0,2026-04-21T07:04:15.961466+00:00
2198,0.75,not_mound,not_mound,K-35-065-1_Radetski_4326_x336_y1680.png,K-35-065-1_Radetski_4326,420240.7094261388,4678141.128245699,50.0,2026-04-21T06:55:58.601356+00:00
2199,0.15,not_mound,not_mound,K-35-065-2_GManastir_4326_x4032_y3024.png,K-35-065-2_GManastir_4326,458153.8072082269,4670454.1566659855,50.0,2026-04-21T07:04:17.305910+00:00
2200,1.0,mound,burial_mound,K-35-065-3_Glavan_4326_x0_y1008.png,K-35-065-3_Glavan_4326,417923.7206606116,4663007.039505737,200.0,2026-04-21T06:38:49.596874+00:00
2201,0.2,not_mound,not_mound,K-35-065-2_GManastir_4326_x3024_y1008.png,K-35-065-2_GManastir_4326,454210.62231566745,4681286.401947228,50.0,2026-04-21T07:01:10.383234+00:00
2202,0.2,not_mound,not_mound,K-35-065-2_GManastir_4326_x3696_y3360.png,K-35-065-2_GManastir_4326,457823.947906786,4668654.552950812,50.0,2026-04-21T07:01:11.685669+00:00
2203,0.4,not_mound,not_mound,K-35-065-3_Glavan_4326_x0_y1344.png,K-35-065-3_Glavan_4326,418448.86028414784,4660323.271556526,50.0,2026-04-21T06:57:29.628483+00:00
2204,0.65,not_mound,not_mound,K-35-065-3_Glavan_4326_x3360_y1680.png,K-35-065-3_Glavan_4326,434884.5693466793,4659576.672766456,50.0,2026-04-21T06:56:29.532085+00:00
2205,0.4,not_mound,not_mound,K-35-065-3_Glavan_4326_x4032_y2688.png,K-35-065-3_Glavan_4326,437289.9445125492,4653709.3515718,50.0,2026-04-21T06:57:31.705000+00:00
2206,1.0,mound,burial_mound,K-35-065-3_Glavan_4326_x336_y336.png,K-35-065-3_Glavan_4326,418951.7684993962,4665404.455125188,100.0,2026-04-21T06:38:58.899507+00:00
2207,0.85,not_mound,not_mound,K-35-065-4_x2688_y0.png,K-35-065-4,452768.0067450397,4666652.07531699,50.0,2026-04-21T06:54:00.919409+00:00
2208,0.2,not_mound,not_mound,K-35-065-4_x336_y2688.png,K-35-065-4,441318.1118265231,4653232.0132768,50.0,2026-04-21T07:01:12.761476+00:00
2209,0.95,mound,burial_mound,K-35-065-4_x4032_y1680.png,K-35-065-4,458079.4220338332,4659842.122446263,100.0,2026-04-21T06:49:54.306726+00:00
2210,0.15,not_mound,not_mound,K-35-066-1_x1008_y3360.png,K-35-066-1,465473.0762706349,4668985.572953682,50.0,2026-04-21T07:04:18.928168+00:00
2211,0.3,mound,burial_mound,K-35-066-1_x1680_y0.png,K-35-066-1,467029.82160834136,4685148.449658866,150.0,2026-04-21T06:58:20.465343+00:00
2212,0.95,mound,bench_mark_on_mound,K-35-066-1_x1008_y1008.png,K-35-066-1,463729.9073476634,4680054.111720311,200.0,2026-04-21T06:49:59.290682+00:00
2213,0.15,not_mound,not_mound,K-35-066-1_x1344_y3360.png,K-35-066-1,465477.2078748946,4669053.395202817,50.0,2026-04-21T07:04:22.621106+00:00
2214,0.15,not_mound,not_mound,K-35-066-1_x1344_y1008.png,K-35-066-1,465984.4350909417,4681037.169214007,50.0,2026-04-21T07:04:24.183429+00:00
2215,0.85,mound,bench_mark_on_mound,K-35-066-1_x2016_y2016.png,K-35-066-1,470199.498845269,4676719.917656451,100.0,2026-04-21T06:54:06.165129+00:00
2216,0.95,mound,bench_mark_on_mound,K-35-066-2_x0_y2352.png,K-35-066-2,479399.77054800425,4673256.650539423,200.0,2026-04-21T06:50:02.320258+00:00
2217,0.2,not_mound,not_mound,K-35-066-2_x0_y1008.png,K-35-066-2,480778.66661486455,4679987.323587799,50.0,2026-04-21T07:01:13.994396+00:00
2218,0.95,mound,burial_mound,K-35-066-2_x1344_y1680.png,K-35-066-2,486138.958485023,4676813.886296285,75.0,2026-04-21T06:50:05.518040+00:00
2219,1.0,mound,burial_mound,K-35-066-2_x1008_y336.png,K-35-066-2,486136.1006109855,4683555.0275769485,100.0,2026-04-21T06:39:03.078487+00:00
2220,1.0,not_mound,not_mound,K-35-066-2_x0_y3360.png,K-35-066-2,479386.5218734087,4668106.286562448,50.0,2026-04-21T06:39:05.082731+00:00
2221,0.85,not_mound,not_mound,K-35-066-1_x3360_y3696.png,K-35-066-1,476624.7140901892,4668302.992703203,50.0,2026-04-21T06:54:09.002263+00:00
2222,0.2,not_mound,not_mound,K-35-066-1_x672_y1680.png,K-35-066-1,463041.7423113597,4677517.2761716535,50.0,2026-04-21T07:01:15.977527+00:00
2223,0.15,not_mound,not_mound,K-35-066-1_x672_y1680.png,K-35-066-1,463139.0220641955,4677504.662363471,50.0,2026-04-21T07:04:25.792858+00:00
2224,0.2,not_mound,not_mound,K-35-066-1_x672_y1680.png,K-35-066-1,463009.2976367774,4677418.734850691,50.0,2026-04-21T07:01:17.401675+00:00
2225,0.95,mound,burial_mound,K-35-066-2_x2016_y1680.png,K-35-066-2,490962.68090460665,4676513.346685619,75.0,2026-04-21T06:50:09.238174+00:00
2226,1.0,mound,bench_mark_on_mound,K-35-066-2_x2688_y3360.png,K-35-066-2,494271.73682297126,4668237.145155121,200.0,2026-04-21T06:39:10.912644+00:00
2227,1.0,mound,burial_mound,K-35-066-1_x672_y336.png,K-35-066-1,463836.1599535423,4684301.5357038975,200.0,2026-04-21T06:39:15.086935+00:00
2228,1.0,mound,bench_mark_on_mound,K-35-066-2_x3360_y2016.png,K-35-066-2,496515.1247086796,4674759.626708495,75.0,2026-04-21T06:39:20.586278+00:00
2229,1.0,mound,burial_mound,K-35-066-2_x3360_y3024.png,K-35-066-2,496372.32312957954,4670851.007203042,200.0,2026-04-21T06:39:24.302105+00:00
2230,1.0,mound,bench_mark_on_mound,K-35-066-2_x4032_y2016.png,K-35-066-2,499724.0766103596,4675803.148437654,100.0,2026-04-21T06:39:28.525183+00:00
2231,0.2,not_mound,not_mound,K-35-066-2_x672_y1008.png,K-35-066-2,483689.3647984101,4680814.055645155,50.0,2026-04-21T07:01:18.628618+00:00
2232,0.4,mound,burial_mound,K-35-066-2_x672_y3360.png,K-35-066-2,484271.23694372,4668404.366908203,125.0,2026-04-21T06:57:39.255095+00:00
2233,0.4,not_mound,not_mound,K-35-066-1_x336_y0.png,K-35-066-1,462091.0675097304,4686771.255574939,50.0,2026-04-21T06:57:41.863344+00:00
2234,0.2,not_mound,not_mound,K-35-066-3_x1680_y2016.png,K-35-066-3,468049.6876984467,4657098.369378763,50.0,2026-04-21T07:01:19.641259+00:00
2235,1.0,mound,burial_mound,K-35-066-2_x3696_y336.png,K-35-066-2,499175.9575352402,4685063.889239432,75.0,2026-04-21T06:39:31.617241+00:00
2236,0.2,not_mound,not_mound,K-35-066-3_x2016_y2016.png,K-35-066-3,470265.2462937133,4657041.411370956,50.0,2026-04-21T07:01:20.745468+00:00
2237,0.95,mound,burial_mound,K-35-066-3_x3360_y672.png,K-35-066-3,477235.8665289201,4663635.165594147,75.0,2026-04-21T06:50:12.070295+00:00
2238,0.2,not_mound,not_mound,K-35-066-3_x4032_y3360.png,K-35-066-3,478922.3152844996,4650388.236127992,50.0,2026-04-21T07:01:21.806935+00:00
2239,0.85,mound,burial_mound,K-35-066-4_x1344_y1680.png,K-35-066-4,487779.60744861735,4658091.794520266,100.0,2026-04-21T06:54:12.479862+00:00
2240,0.95,mound,burial_mound,K-35-066-4_x1680_y0.png,K-35-066-4,488512.672987492,4667439.414112999,75.0,2026-04-21T06:50:14.489639+00:00
2241,0.2,mound,burial_mound,K-35-066-4_x2016_y336.png,K-35-066-4,489370.51160820393,4666454.213167174,75.0,2026-04-21T07:01:27.730743+00:00
2242,1.0,not_mound,not_mound,K-35-066-4_x3024_y336.png,K-35-066-4,495574.69181628857,4664936.784691439,50.0,2026-04-21T06:39:33.684948+00:00
2243,0.2,mound,burial_mound,K-35-066-4_x336_y336.png,K-35-066-4,480924.0926471218,4665041.786911064,200.0,2026-04-21T07:01:31.310089+00:00
2244,0.75,not_mound,not_mound,K-35-066-4_x3696_y2352.png,K-35-066-4,498937.5392697826,4655340.539957885,50.0,2026-04-21T06:55:59.666187+00:00
2245,0.2,not_mound,not_mound,K-35-066-4_x2688_y1008.png,K-35-066-4,493475.394511578,4662361.485805776,50.0,2026-04-21T07:01:32.965079+00:00
2246,1.0,mound,burial_mound,K-35-066-4_x336_y3024.png,K-35-066-4,481695.7606833288,4653018.9398246985,75.0,2026-04-21T06:39:38.375118+00:00
2247,0.15,not_mound,not_mound,K-35-066-4_x336_y3024.png,K-35-066-4,482490.4567689892,4652182.428807991,50.0,2026-04-21T07:04:27.032537+00:00
2248,1.0,mound,burial_mound,K-35-067-1_x1344_y2352.png,K-35-067-1,508155.0204495964,4673231.341940555,150.0,2026-04-21T06:39:44.717702+00:00
2249,0.2,not_mound,not_mound,K-35-067-1_x0_y336.png,K-35-067-1,500121.906159705,4683321.260565321,50.0,2026-04-21T07:01:34.583364+00:00
2250,0.2,not_mound,not_mound,K-35-067-1_x2688_y1008.png,K-35-067-1,514230.9728538941,4680848.617469277,50.0,2026-04-21T07:01:36.426164+00:00
2251,1.0,mound,burial_mound,K-35-067-1_x3696_y3360.png,K-35-067-1,520256.47795740544,4668474.547963808,100.0,2026-04-21T06:39:49.854534+00:00
2252,0.7,not_mound,not_mound,K-35-067-1_x336_y2352.png,K-35-067-1,502884.79397951305,4674052.628867301,50.0,2026-04-21T06:56:23.104109+00:00
2253,0.2,not_mound,not_mound,K-35-067-2_x0_y3360.png,K-35-067-2,520531.4793118483,4668295.469801902,50.0,2026-04-21T07:01:37.731481+00:00
2254,0.4,not_mound,not_mound,K-35-067-2_x0_y3360.png,K-35-067-2,520594.7883286037,4668283.218743238,50.0,2026-04-21T06:57:42.887161+00:00
2255,1.0,mound,burial_mound,K-35-067-2_x2016_y1680.png,K-35-067-2,530978.8284586142,4676608.644669289,100.0,2026-04-21T06:39:53.224748+00:00
2256,1.0,mound,burial_mound,K-35-067-2_x3024_y3024.png,K-35-067-2,537488.0165062916,4669992.471019706,100.0,2026-04-21T06:39:58.504507+00:00
2257,1.0,mound,burial_mound,K-35-067-2_x3360_y3360.png,K-35-067-2,538760.5205952199,4668544.45141064,75.0,2026-04-21T06:40:01.549548+00:00
2258,0.4,not_mound,not_mound,K-35-067-2_x336_y2016.png,K-35-067-2,522199.6777968387,4676084.119302334,50.0,2026-04-21T06:57:44.217179+00:00
2259,1.0,mound,burial_mound,K-35-067-3_x1008_y1008.png,K-35-067-3,505157.9949610821,4661772.446124581,200.0,2026-04-21T06:40:04.504943+00:00
2260,0.2,not_mound,not_mound,K-35-067-3_x1344_y2352.png,K-35-067-3,507994.1114233692,4655159.776001377,50.0,2026-04-21T07:01:45.342502+00:00
2261,0.75,mound,trig_point_on_mound,K-35-067-3_x3024_y672.png,K-35-067-3,516479.4709569931,4664321.753973217,150.0,2026-04-21T06:56:02.661782+00:00
2262,1.0,mound,burial_mound,K-35-067-2_x3024_y3360.png,K-35-067-2,536802.618474667,4669744.57936656,75.0,2026-04-21T06:40:08.745905+00:00
2263,0.95,mound,burial_mound,K-35-067-3_x336_y672.png,K-35-067-3,503448.98288086144,4664622.909126374,75.0,2026-04-21T06:50:17.154014+00:00
2264,0.85,mound,burial_mound,K-35-067-4_x2016_y2016.png,K-35-067-4,530743.6392399891,4657514.391447981,75.0,2026-04-21T06:54:15.672123+00:00
2265,0.2,mound,burial_mound,K-35-067-4_x2016_y672.png,K-35-067-4,531159.4325180636,4664285.793449432,100.0,2026-04-21T07:01:50.425095+00:00
2266,0.95,mound,bench_mark_on_mound,K-35-067-3_x672_y1008.png,K-35-067-3,505126.4942955764,4662912.268636895,75.0,2026-04-21T06:50:20.287223+00:00
2267,1.0,mound,burial_mound,K-35-067-3_x672_y1008.png,K-35-067-3,504848.9873830419,4662194.922467347,150.0,2026-04-21T06:40:15.515269+00:00
2268,0.15,not_mound,not_mound,K-35-067-4_x2688_y2352.png,K-35-067-4,534519.5881864039,4654837.15136179,50.0,2026-04-21T07:04:28.553271+00:00
2269,0.4,not_mound,not_mound,K-35-074-1_x0_y2688.png,K-35-074-1,293378.44661749026,4638213.301273154,50.0,2026-04-21T06:57:45.336770+00:00
2270,0.4,not_mound,not_mound,K-35-074-1_x1344_y672.png,K-35-074-1,299854.35401981394,4647686.824771745,50.0,2026-04-21T06:57:46.457024+00:00
2271,1.0,mound,bench_mark_on_mound,K-35-074-1_x2352_y2688.png,K-35-074-1,304781.7239755118,4637455.479330671,200.0,2026-04-21T06:40:24.185404+00:00
2272,0.2,not_mound,not_mound,K-35-074-1_x336_y2352.png,K-35-074-1,294471.92193275434,4639145.486249694,50.0,2026-04-21T07:01:52.442891+00:00
2273,0.2,not_mound,not_mound,K-35-074-1_x672_y2688.png,K-35-074-1,296575.5258008132,4637940.655773624,50.0,2026-04-21T07:01:53.801442+00:00
2274,0.4,not_mound,not_mound,K-35-074-1_x672_y1008.png,K-35-074-1,296967.230606192,4646304.573281903,50.0,2026-04-21T06:57:47.635213+00:00
2275,0.2,not_mound,not_mound,K-35-074-2_x0_y2688.png,K-35-074-2,314237.7055467011,4637624.766273282,50.0,2026-04-21T07:01:55.505933+00:00
2276,0.2,not_mound,not_mound,K-35-074-1_x672_y3360.png,K-35-074-1,296817.22336348414,4635481.611534346,50.0,2026-04-21T07:01:56.854116+00:00
2277,0.85,not_mound,not_mound,K-35-074-2_x0_y3360.png,K-35-074-2,314521.8896507665,4633504.044042934,50.0,2026-04-21T06:54:17.762405+00:00
2278,0.15,not_mound,not_mound,K-35-074-2_x2352_y2016.png,K-35-074-2,326065.30963868165,4640581.528054284,50.0,2026-04-21T07:04:30.116718+00:00
2279,0.2,not_mound,not_mound,K-35-074-2_x3696_y672.png,K-35-074-2,332813.99754976603,4647275.039429843,50.0,2026-04-21T07:01:58.072405+00:00
2280,1.0,mound,burial_mound,K-35-074-3_x1344_y3360.png,K-35-074-3,299011.46015996294,4615577.4428529125,200.0,2026-04-21T06:40:27.639748+00:00
2281,0.95,not_mound,not_mound,K-35-074-3_x2016_y0.png,K-35-074-3,302240.78417037777,4632897.688974124,50.0,2026-04-21T06:50:23.646845+00:00
2282,0.2,not_mound,not_mound,K-35-074-4_x0_y1008.png,K-35-074-4,313978.5936335434,4626866.04092833,50.0,2026-04-21T07:01:59.388949+00:00
2283,0.4,not_mound,not_mound,K-35-075-2_x1008_y0.png,K-35-075-2,361307.0345910237,4649637.031592815,50.0,2026-04-21T06:57:50.137012+00:00
2284,1.0,mound,burial_mound,K-35-075-1_x3360_y0.png,K-35-075-1,350748.11591115315,4650249.487176471,75.0,2026-04-21T06:40:31.830586+00:00
2285,0.15,not_mound,not_mound,K-35-075-1_x3360_y1008.png,K-35-075-1,352169.4993671496,4646468.687966143,50.0,2026-04-21T07:04:32.146716+00:00
2286,0.3,mound,burial_mound,K-35-075-2_x2352_y1344.png,K-35-075-2,366686.9919473754,4644249.734575272,75.0,2026-04-21T06:58:23.987060+00:00
2287,0.85,not_mound,not_mound,K-35-075-2_x2688_y1008.png,K-35-075-2,368900.4676817721,4645590.037685644,50.0,2026-04-21T06:54:21.043104+00:00
2288,1.0,mound,burial_mound,K-35-075-2_x2688_y1008.png,K-35-075-2,368895.6944099852,4644235.18045422,75.0,2026-04-21T06:40:35.562603+00:00
2289,0.15,not_mound,not_mound,K-35-075-2_x1344_y336.png,K-35-075-2,361969.2022921357,4647921.993614917,50.0,2026-04-21T07:04:33.460043+00:00
2290,0.2,not_mound,not_mound,K-35-075-2_x2016_y0.png,K-35-075-2,365972.8045787848,4649887.327568593,50.0,2026-04-21T07:02:00.597513+00:00
2291,1.0,mound,burial_mound,K-35-075-2_x3360_y3024.png,K-35-075-2,373165.6087617253,4635066.434224948,75.0,2026-04-21T06:40:40.953541+00:00
2292,0.85,mound,burial_mound,K-35-075-2_x3360_y1008.png,K-35-075-2,373140.71862475696,4644811.637418344,125.0,2026-04-21T06:54:25.159074+00:00
2293,0.4,not_mound,not_mound,K-35-075-2_x4032_y1008.png,K-35-075-2,375425.3653165782,4644784.19884578,50.0,2026-04-21T06:57:51.213680+00:00
2294,0.2,not_mound,not_mound,K-35-075-2_x672_y1680.png,K-35-075-2,359580.3743014168,4642007.387110068,50.0,2026-04-21T07:02:01.839710+00:00
2295,0.85,mound,burial_mound,K-35-075-2_x3696_y3024.png,K-35-075-2,373469.68821755983,4634693.2903154,75.0,2026-04-21T06:54:31.213893+00:00
2296,1.0,mound,burial_mound,K-35-075-1_x672_y2016.png,K-35-075-1,339041.3353331181,4640873.217006785,200.0,2026-04-21T06:40:44.552942+00:00
2297,0.15,not_mound,not_mound,K-35-075-2_x672_y2352.png,K-35-075-2,358475.4772207516,4638586.039982716,50.0,2026-04-21T07:04:34.573522+00:00
2298,1.0,mound,burial_mound,K-35-075-2_x3024_y3360.png,K-35-075-2,370087.5082157301,4634074.190865738,75.0,2026-04-21T06:40:48.307023+00:00
2299,1.0,mound,bench_mark_on_mound,K-35-075-2_x3360_y3696.png,K-35-075-2,373107.3444114628,4632571.941561027,75.0,2026-04-21T06:40:51.593674+00:00
2300,1.0,not_mound,not_mound,K-35-075-3_x1680_y2016.png,K-35-075-3,343385.1626148559,4621705.627769302,50.0,2026-04-21T06:40:54.306324+00:00
2301,0.4,not_mound,not_mound,K-35-075-3_x2016_y3360.png,K-35-075-3,344753.1563461907,4614642.65889661,50.0,2026-04-21T06:57:52.434477+00:00
2302,0.2,not_mound,not_mound,K-35-075-3_x2016_y1008.png,K-35-075-3,345404.2118255256,4626875.503153718,50.0,2026-04-21T07:02:03.063707+00:00
2303,0.2,not_mound,not_mound,K-35-075-3_x2352_y0.png,K-35-075-3,346987.0862689495,4631486.562414251,50.0,2026-04-21T07:02:04.343892+00:00
2304,0.2,not_mound,not_mound,K-35-075-3_x3360_y3024.png,K-35-075-3,350809.4629407163,4616104.743671764,50.0,2026-04-21T07:02:05.881346+00:00
2305,0.2,not_mound,not_mound,K-35-075-4_x0_y3360.png,K-35-075-4,355088.9738843676,4615466.696629991,50.0,2026-04-21T07:02:07.309496+00:00
2306,0.95,mound,burial_mound,K-35-075-4_x1680_y0.png,K-35-075-4,363589.48165411066,4632149.320928301,50.0,2026-04-21T06:50:30.514908+00:00
2307,0.2,not_mound,not_mound,K-35-075-3_x3696_y2352.png,K-35-075-3,353163.15542056144,4620164.39716411,50.0,2026-04-21T07:02:08.462523+00:00
2308,0.2,not_mound,not_mound,K-35-075-3_x1008_y3360.png,K-35-075-3,339667.1426005652,4615446.95224803,50.0,2026-04-21T07:02:09.687009+00:00
2309,0.4,not_mound,not_mound,K-35-075-4_x4032_y1680.png,K-35-075-4,374723.192778072,4622344.762758551,50.0,2026-04-21T06:57:53.467095+00:00
2310,0.85,mound,burial_mound,K-35-075-4_x3696_y1008.png,K-35-075-4,374362.4067389063,4627565.277764421,75.0,2026-04-21T06:54:34.030121+00:00
2311,0.95,mound,burial_mound,K-35-076-1_x1344_y1008.png,K-35-076-1,383979.9272385008,4644780.933156745,100.0,2026-04-21T06:50:34.371300+00:00
2312,1.0,mound,burial_mound,K-35-076-1_x3024_y1008.png,K-35-076-1,392406.7723883907,4644257.601373409,50.0,2026-04-21T06:41:10.593132+00:00
2313,0.4,not_mound,not_mound,K-35-076-1_x1680_y336.png,K-35-076-1,384671.4729766141,4648366.825229967,50.0,2026-04-21T06:57:55.455915+00:00
2314,1.0,mound,burial_mound,K-35-076-1_x3360_y3024.png,K-35-076-1,394117.56440482,4634727.962470473,75.0,2026-04-21T06:41:13.453987+00:00
2315,0.85,mound,burial_mound,K-35-076-1_x3360_y3024.png,K-35-076-1,393998.43704157625,4634589.139563297,150.0,2026-04-21T06:54:51.605972+00:00
2316,0.85,mound,trig_point_on_mound,K-35-076-1_x2688_y3024.png,K-35-076-1,390583.2949400061,4633698.786140626,75.0,2026-04-21T06:55:02.367854+00:00
2317,1.0,mound,burial_mound,K-35-076-2_x1344_y336.png,K-35-076-2,404626.4427096287,4648327.628139977,200.0,2026-04-21T06:41:17.210979+00:00
2318,1.0,mound,burial_mound,K-35-076-2_x1680_y3024.png,K-35-076-2,406087.2851247274,4635038.666594695,200.0,2026-04-21T06:41:20.279725+00:00
2319,1.0,mound,trig_point_on_mound,K-35-076-2_x336_y1008.png,K-35-076-2,398048.5545501846,4643529.624971608,75.0,2026-04-21T06:41:23.938621+00:00
2320,0.2,not_mound,not_mound,K-35-076-2_x3024_y1344.png,K-35-076-2,412342.27527872974,4642790.693440999,50.0,2026-04-21T07:02:10.931546+00:00
2321,1.0,mound,bench_mark_on_mound,K-35-076-2_x3696_y1008.png,K-35-076-2,416458.2037402859,4643729.7556100935,200.0,2026-04-21T06:41:27.928607+00:00
2322,1.0,mound,burial_mound,K-35-076-3_x1680_y336.png,K-35-076-3,383996.09525975486,4629951.65149107,75.0,2026-04-21T06:41:31.199683+00:00
2323,0.15,not_mound,not_mound,K-35-076-3_x0_y2688.png,K-35-076-3,375885.3191541045,4618503.44347993,50.0,2026-04-21T07:04:36.072174+00:00
2324,0.3,not_mound,not_mound,K-35-076-3_x0_y672.png,K-35-076-3,376776.6982296536,4627640.942641289,50.0,2026-04-21T06:58:25.297353+00:00
2325,0.2,not_mound,not_mound,K-35-076-3_x1008_y1680.png,K-35-076-3,381454.37725310575,4623215.146875252,50.0,2026-04-21T07:02:12.159708+00:00
2326,0.15,not_mound,not_mound,K-35-076-3_x2688_y336.png,K-35-076-3,389690.4683033828,4629970.97655452,50.0,2026-04-21T07:04:37.183200+00:00
2327,0.4,not_mound,not_mound,K-35-076-3_x3024_y1680.png,K-35-076-3,391216.1275583672,4622921.413915301,50.0,2026-04-21T06:57:56.545367+00:00
2328,0.85,mound,burial_mound,K-35-076-3_x336_y336.png,K-35-076-3,377106.9048947558,4630261.539181814,75.0,2026-04-21T06:55:05.779485+00:00
2329,1.0,mound,burial_mound,K-35-076-4_x1008_y0.png,K-35-076-4,401125.49743890425,4630065.689826393,75.0,2026-04-21T06:41:35.254556+00:00
2330,1.0,mound,burial_mound,K-35-076-3_x336_y1008.png,K-35-076-3,376744.8087888848,4625647.709418707,75.0,2026-04-21T06:41:37.963400+00:00
2331,1.0,mound,burial_mound,K-35-076-4_x1680_y1344.png,K-35-076-4,406103.8221866675,4625033.00672893,200.0,2026-04-21T06:41:41.101922+00:00
2332,0.95,mound,burial_mound,K-35-076-4_x2352_y1008.png,K-35-076-4,409566.74518057966,4625942.671159708,100.0,2026-04-21T06:50:37.568910+00:00
2333,0.15,not_mound,not_mound,K-35-076-4_x2352_y2016.png,K-35-076-4,408868.250214057,4620358.679885683,50.0,2026-04-21T07:04:38.296135+00:00
2334,0.15,not_mound,not_mound,K-35-077-1_x1008_y672.png,K-35-077-1,422836.6236808032,4645630.740109448,50.0,2026-04-21T07:04:39.409786+00:00
2335,0.15,not_mound,not_mound,K-35-077-1_x1008_y672.png,K-35-077-1,423230.60790028994,4645205.729565593,50.0,2026-04-21T07:04:40.812107+00:00
2336,1.0,mound,burial_mound,K-35-076-4_x1008_y336.png,K-35-076-4,400955.8026714785,4630037.504417173,150.0,2026-04-21T06:41:46.853783+00:00
2337,0.85,not_mound,not_mound,K-35-077-1_x2688_y1680.png,K-35-077-1,430757.0479367984,4640760.403286088,50.0,2026-04-21T06:55:07.566652+00:00
2338,0.95,mound,burial_mound,K-35-077-1_x2016_y3360.png,K-35-077-1,428094.48473117774,4632560.150639024,125.0,2026-04-21T06:50:49.759997+00:00
2339,1.0,not_mound,not_mound,K-35-077-1_x1008_y1008.png,K-35-077-1,422344.58779083926,4644860.6914918125,50.0,2026-04-21T06:41:49.672104+00:00
2340,0.95,not_mound,not_mound,K-35-077-1_x336_y3024.png,K-35-077-1,418681.1372635488,4633947.383270202,50.0,2026-04-21T06:50:53.206542+00:00
2341,1.0,not_mound,not_mound,K-35-077-1_x3024_y1008.png,K-35-077-1,433509.5777215158,4644624.369354495,50.0,2026-04-21T06:41:52.260728+00:00
2342,0.75,not_mound,not_mound,K-35-077-1_x3360_y336.png,K-35-077-1,433795.0347378998,4647902.017306352,50.0,2026-04-21T06:56:04.308603+00:00
2343,0.2,not_mound,not_mound,K-35-077-1_x2688_y1008.png,K-35-077-1,431280.2969510886,4643900.511647644,50.0,2026-04-21T07:02:13.404304+00:00
2344,0.2,not_mound,not_mound,K-35-077-1_x2352_y3360.png,K-35-077-1,429672.9647401928,4632665.771877694,50.0,2026-04-21T07:02:14.615175+00:00
2345,1.0,not_mound,not_mound,K-35-077-2_x0_y1344.png,K-35-077-2,437697.4947293281,4643173.452442784,50.0,2026-04-21T06:41:54.116995+00:00
2346,0.2,not_mound,not_mound,K-35-077-1_x336_y1344.png,K-35-077-1,420022.08978675737,4642182.999228789,50.0,2026-04-21T07:02:16.014980+00:00
2347,1.0,mound,burial_mound,K-35-077-1_x4032_y672.png,K-35-077-1,437336.4788608311,4644925.578167199,75.0,2026-04-21T06:41:56.688583+00:00
2348,0.95,not_mound,not_mound,K-35-077-2_x1680_y2352.png,K-35-077-2,446857.7542819264,4636855.714159841,50.0,2026-04-21T06:50:55.162975+00:00
2349,0.95,mound,burial_mound,K-35-077-2_x0_y1008.png,K-35-077-2,437876.5712531045,4643268.487076018,75.0,2026-04-21T06:51:08.288892+00:00
2350,0.95,not_mound,not_mound,K-35-077-2_x2688_y1680.png,K-35-077-2,451325.54350170266,4640104.565691198,50.0,2026-04-21T06:51:11.558235+00:00
2351,0.85,not_mound,not_mound,K-35-077-2_x3360_y3360.png,K-35-077-2,454935.7577233755,4631354.711632615,50.0,2026-04-21T06:55:08.782927+00:00
2352,1.0,mound,burial_mound,K-35-077-1_x2352_y3024.png,K-35-077-1,430546.6715881071,4634921.491884337,200.0,2026-04-21T06:42:00.346795+00:00
2353,0.2,mound,burial_mound,K-35-077-2_x2688_y3360.png,K-35-077-2,452200.0744949378,4631678.077730341,75.0,2026-04-21T07:02:18.492432+00:00
2354,0.2,not_mound,not_mound,K-35-077-2_x336_y2688.png,K-35-077-2,440605.3452905917,4635061.162711639,50.0,2026-04-21T07:02:19.886425+00:00
2355,0.7,mound,burial_mound,K-35-077-3_x1344_y2016.png,K-35-077-3,425208.32379377633,4620913.587237415,100.0,2026-04-21T06:56:26.084119+00:00
2356,0.15,not_mound,not_mound,K-35-077-3_x336_y2352.png,K-35-077-3,419202.7812131409,4618693.897342069,50.0,2026-04-21T07:04:42.127756+00:00
2357,0.75,mound,burial_mound,K-35-077-3_x3360_y336.png,K-35-077-3,435081.278606835,4629904.758490558,200.0,2026-04-21T06:56:08.657553+00:00
2358,1.0,mound,burial_mound,K-35-077-3_x1344_y336.png,K-35-077-3,424927.1840318813,4629180.444670171,200.0,2026-04-21T06:42:03.543692+00:00
2359,0.2,not_mound,not_mound,K-35-077-4_x0_y1680.png,K-35-077-4,438016.2121203643,4621551.221864079,50.0,2026-04-21T07:02:21.123129+00:00
2360,1.0,mound,burial_mound,K-35-077-4_x1008_y1008.png,K-35-077-4,444364.00004711567,4625347.188338951,75.0,2026-04-21T06:42:06.607251+00:00
2361,1.0,mound,burial_mound,K-35-077-4_x1344_y336.png,K-35-077-4,444704.8372582824,4628084.708970612,200.0,2026-04-21T06:42:10.141312+00:00
2362,1.0,mound,burial_mound,K-35-077-4_x1344_y0.png,K-35-077-4,446058.3319865517,4631346.03821541,200.0,2026-04-21T06:42:12.795019+00:00
2363,0.2,not_mound,not_mound,K-35-077-4_x2352_y3024.png,K-35-077-4,450333.552785943,4615380.148917474,50.0,2026-04-21T07:02:22.356109+00:00
2364,1.0,mound,burial_mound,K-35-077-4_x2016_y0.png,K-35-077-4,448803.9041425325,4631268.622378406,200.0,2026-04-21T06:42:15.363663+00:00
2365,0.15,not_mound,not_mound,K-35-077-3_x336_y336.png,K-35-077-3,418366.44574957946,4629437.456778035,50.0,2026-04-21T07:04:43.371241+00:00
2366,1.0,mound,burial_mound,K-35-050-4_x1008_y672.png,K-35-050-4,321204.64148453594,4702915.187763522,75.0,2026-04-21T06:42:22.986179+00:00
2367,1.0,mound,burial_mound,K-35-051-3_x336_y1008.png,K-35-051-3,338213.66272605094,4701960.446450869,200.0,2026-04-21T06:42:26.320831+00:00
2368,0.2,not_mound,not_mound,K-35-051-3_x672_y2016.png,K-35-051-3,340194.5980354758,4696075.541240698,50.0,2026-04-21T07:02:23.642519+00:00
2369,0.15,not_mound,not_mound,K-35-052-2_x2016_y0.png,K-35-052-2,408624.7652000391,4724438.210044804,50.0,2026-04-21T07:04:44.409545+00:00
2370,0.95,mound,burial_mound,K-35-052-3_x672_y3360.png,K-35-052-3,381227.0028856082,4688535.046569807,75.0,2026-04-21T06:51:15.770728+00:00
2371,0.85,mound,burial_mound,K-35-053-1_x2352_y336.png,K-35-053-1,429586.8221344025,4720671.450803272,100.0,2026-04-21T06:55:11.900664+00:00
2372,0.75,not_mound,not_mound,K-35-053-1_x2688_y2016.png,K-35-053-1,431593.6518956055,4713220.74254081,50.0,2026-04-21T06:56:10.670957+00:00
2373,1.0,mound,burial_mound,K-35-053-4_Boyadzhik_x1008_y2016.png,K-35-053-4_Boyadzhik,444467.8668796229,4693682.040109903,75.0,2026-04-21T06:42:29.211252+00:00
2374,0.4,mound,burial_mound,K-35-053-4_Boyadzhik_x2352_y0.png,K-35-053-4_Boyadzhik,450832.2942163153,4703872.27636427,75.0,2026-04-21T06:57:59.149017+00:00
2375,0.2,mound,burial_mound,K-35-053-4_Boyadzhik_x336_y3024.png,K-35-053-4_Boyadzhik,439823.5178238684,4688559.969938845,200.0,2026-04-21T07:02:27.064925+00:00
2376,0.95,not_mound,not_mound,K-35-053-4_Boyadzhik_x4032_y1680.png,K-35-053-4_Boyadzhik,458384.1728141587,4696354.201580374,50.0,2026-04-21T06:51:17.163474+00:00
2377,1.0,mound,burial_mound,K-35-054-1_Straldzha_4326_x3024_y0.png,K-35-054-1_Straldzha_4326,473864.2140426533,4722460.849794511,75.0,2026-04-21T06:42:32.249508+00:00
2378,0.95,mound,trig_point_on_mound,K-35-054-2_Atolov_4326_x1008_y1008.png,K-35-054-2_Atolov_4326,484394.49301229336,4718215.103621384,100.0,2026-04-21T06:51:23.493082+00:00
2379,1.0,mound,burial_mound,K-35-054-2_Atolov_4326_x1344_y1680.png,K-35-054-2_Atolov_4326,486250.6152364822,4713520.699749023,100.0,2026-04-21T06:42:36.104777+00:00
2380,0.85,mound,burial_mound,K-35-054-2_Atolov_4326_x2352_y0.png,K-35-054-2_Atolov_4326,492681.6898755804,4721957.832822955,100.0,2026-04-21T06:55:14.781715+00:00
2381,1.0,not_mound,not_mound,K-35-054-3_Yambol_x1008_y0.png,K-35-054-3_Yambol,464565.4461508413,4704080.100523596,50.0,2026-04-21T06:42:38.721414+00:00
2382,0.3,mound,burial_mound,K-35-054-2_Atolov_4326_x3696_y672.png,K-35-054-2_Atolov_4326,497986.84906057175,4719755.422112599,75.0,2026-04-21T06:58:28.160266+00:00
2383,0.15,mound,burial_mound,K-35-054-3_Yambol_x1680_y3360.png,K-35-054-3_Yambol,468140.76191043033,4686894.379435134,75.0,2026-04-21T07:04:48.737227+00:00
2384,1.0,mound,burial_mound,K-35-054-3_Yambol_x2688_y3024.png,K-35-054-3_Yambol,472322.030854914,4690015.651471976,125.0,2026-04-21T06:42:47.860245+00:00
2385,1.0,mound,burial_mound,K-35-054-4_Voynika_x2016_y1680.png,K-35-054-4_Voynika,490696.0111881465,4696489.979103765,75.0,2026-04-21T06:42:51.068132+00:00
2386,0.15,not_mound,not_mound,K-35-054-4_Voynika_x2016_y1008.png,K-35-054-4_Voynika,490336.6043549892,4699603.848259769,50.0,2026-04-21T07:04:50.040387+00:00
2387,1.0,mound,burial_mound,K-35-055-1_x3360_y2688.png,K-35-055-1,518468.2204877648,4708887.036299009,75.0,2026-04-21T06:42:53.272970+00:00
2388,0.2,not_mound,not_mound,K-35-055-2_x2688_y336.png,K-35-055-2,534885.9719581527,4722055.08046301,50.0,2026-04-21T07:02:28.635698+00:00
2389,1.0,mound,burial_mound,K-35-055-3_x2352_y1008.png,K-35-055-3,511764.7501115077,4698798.051605332,125.0,2026-04-21T06:42:59.402882+00:00
2390,0.85,mound,burial_mound,K-35-055-3_x3360_y2352.png,K-35-055-3,518363.38912957127,4692686.446281442,200.0,2026-04-21T06:55:18.360764+00:00
2391,0.95,not_mound,not_mound,K-35-055-2_x2352_y336.png,K-35-055-2,533559.6186831864,4720559.318378628,50.0,2026-04-21T06:51:25.923322+00:00
2392,0.2,mound,burial_mound,K-35-055-4_x3024_y2352.png,K-35-055-4,535580.8752376324,4692433.031341579,75.0,2026-04-21T07:02:31.173928+00:00
2393,0.15,not_mound,not_mound,K-35-055-4_x3024_y3360.png,K-35-055-4,536939.0478266239,4687133.393322336,50.0,2026-04-21T07:04:51.280147+00:00
2394,0.95,mound,burial_mound,K-35-056-3_x336_y3024.png,K-35-056-3,543767.2517148177,4690372.00587038,75.0,2026-04-21T06:51:34.309520+00:00
2395,1.0,mound,trig_point_on_mound,K-35-063-1_Granit_4326_x2016_y3024.png,K-35-063-1_Granit_4326,345351.4679580959,4671960.093300865,75.0,2026-04-21T06:43:03.647258+00:00
2396,0.95,mound,trig_point_on_mound,K-35-063-1_Granit_4326_x2016_y3024.png,K-35-063-1_Granit_4326,345407.6486070417,4671963.748027421,125.0,2026-04-21T06:51:39.382035+00:00
2397,1.0,mound,burial_mound,K-35-063-1_Granit_4326_x3696_y3024.png,K-35-063-1_Granit_4326,353968.92701471294,4671960.226422976,100.0,2026-04-21T06:43:07.354974+00:00
2398,0.2,mound,burial_mound,K-35-063-1_Granit_4326_x2352_y1344.png,K-35-063-1_Granit_4326,347801.94638388575,4680714.332648912,75.0,2026-04-21T07:02:33.552869+00:00
2399,1.0,mound,burial_mound,K-35-063-1_Granit_4326_x2352_y2688.png,K-35-063-1_Granit_4326,347444.7274063945,4674912.778365928,100.0,2026-04-21T06:43:13.288653+00:00
2400,1.0,mound,burial_mound,K-35-063-1_Granit_4326_x3696_y672.png,K-35-063-1_Granit_4326,354135.17724446923,4685518.46204053,75.0,2026-04-21T06:43:15.849382+00:00
2401,0.95,mound,bench_mark_on_mound,K-35-063-2_Chirpan_4326_x2352_y3696.png,K-35-063-2_Chirpan_4326,367738.4047464533,4669951.421517754,150.0,2026-04-21T06:51:42.987772+00:00
2402,0.85,mound,burial_mound,K-35-063-2_Chirpan_4326_x3024_y1680.png,K-35-063-2_Chirpan_4326,370862.01848530094,4679016.81457833,75.0,2026-04-21T06:55:21.184222+00:00
2403,0.85,not_mound,not_mound,K-35-063-2_Chirpan_4326_x3360_y1344.png,K-35-063-2_Chirpan_4326,373506.99799002765,4681385.22927093,50.0,2026-04-21T06:55:23.608288+00:00
2404,0.2,mound,settlement_mound,K-35-063-3_Tatarevo_4326_x3360_y1008.png,K-35-063-3_Tatarevo_4326,351626.54426770564,4664056.837057067,125.0,2026-04-21T07:02:49.804195+00:00
2405,1.0,mound,burial_mound,K-35-063-4_Skobelevo_4326_x1008_y672.png,K-35-063-4_Skobelevo_4326,361566.2486898417,4665847.277580902,75.0,2026-04-21T06:43:18.406963+00:00
2406,0.2,not_mound,not_mound,K-35-063-3_Tatarevo_4326_x336_y3360.png,K-35-063-3_Tatarevo_4326,336897.3398347626,4652277.048368462,50.0,2026-04-21T07:02:51.992655+00:00
2407,0.15,not_mound,not_mound,K-35-064-1_Sredets_4326_x0_y0.png,K-35-064-1_Sredets_4326,376548.7636450901,4687680.346970238,50.0,2026-04-21T07:04:56.815910+00:00
2408,0.95,not_mound,not_mound,K-35-064-2_Radnevo_4326_x1344_y336.png,K-35-064-2_Radnevo_4326,404356.763088728,4684238.122892489,50.0,2026-04-21T06:51:45.077602+00:00
2409,0.85,not_mound,not_mound,K-35-064-2_Radnevo_4326_x2352_y336.png,K-35-064-2_Radnevo_4326,410079.053035955,4684643.310370981,50.0,2026-04-21T06:55:25.515932+00:00
2410,0.95,not_mound,not_mound,K-35-064-3_Dimitrovgrad_4326_x2352_y1008.png,K-35-064-3_Dimitrovgrad_4326,387797.46824535145,4664210.087322823,50.0,2026-04-21T06:51:46.652030+00:00
2411,0.35,not_mound,not_mound,K-35-064-4_Galabovo_4326_x1344_y2688.png,K-35-064-4_Galabovo_4326,404633.9653025475,4654672.900022582,50.0,2026-04-21T06:58:08.935058+00:00
2412,0.2,not_mound,not_mound,K-35-065-1_Radetski_4326_x1344_y2352.png,K-35-065-1_Radetski_4326,424717.6367879213,4673743.798861645,50.0,2026-04-21T07:02:53.145541+00:00
2413,0.4,mound,burial_mound,K-35-065-1_Radetski_4326_x1344_y1680.png,K-35-065-1_Radetski_4326,424080.5319901832,4678288.385121744,200.0,2026-04-21T06:58:02.079415+00:00
2414,0.95,not_mound,not_mound,K-35-065-1_Radetski_4326_x3360_y336.png,K-35-065-1_Radetski_4326,435802.2636255863,4684031.253158608,50.0,2026-04-21T06:51:48.623883+00:00
2415,1.0,mound,burial_mound,K-35-065-2_GManastir_4326_x0_y1008.png,K-35-065-2_GManastir_4326,439266.2154339988,4681997.9570250455,200.0,2026-04-21T06:43:20.978921+00:00
2416,0.75,mound,burial_mound,K-35-065-2_GManastir_4326_x2352_y1680.png,K-35-065-2_GManastir_4326,451409.8809679042,4677875.202065829,75.0,2026-04-21T06:56:13.030341+00:00
2417,0.95,mound,burial_mound,K-35-065-2_GManastir_4326_x3024_y3024.png,K-35-065-2_GManastir_4326,453833.1041626808,4671929.966505506,75.0,2026-04-21T06:51:51.333246+00:00
2418,1.0,not_mound,not_mound,K-35-065-2_GManastir_4326_x3024_y3024.png,K-35-065-2_GManastir_4326,454789.2757168136,4670334.370145367,50.0,2026-04-21T06:43:37.295083+00:00
2419,0.15,not_mound,not_mound,K-35-066-1_x1008_y0.png,K-35-066-1,463987.6274489011,4685999.752911408,50.0,2026-04-21T07:04:59.129152+00:00
2420,1.0,mound,burial_mound,K-35-066-1_x3360_y0.png,K-35-066-1,476444.3407860721,4685034.55873188,75.0,2026-04-21T06:43:39.971490+00:00
2421,0.2,not_mound,not_mound,K-35-066-2_x1344_y2016.png,K-35-066-2,487288.4490476813,4675076.810591641,50.0,2026-04-21T07:02:54.184721+00:00
2422,0.4,not_mound,not_mound,K-35-066-3_x0_y0.png,K-35-066-3,460376.1097708329,4667645.751842731,50.0,2026-04-21T06:58:03.296907+00:00
2423,0.95,mound,burial_mound,K-35-066-4_x1680_y3360.png,K-35-066-4,488432.50213625806,4651088.032904485,200.0,2026-04-21T06:51:57.602580+00:00
2424,0.95,mound,burial_mound,K-35-066-4_x3360_y2352.png,K-35-066-4,496069.3120191914,4655302.24693408,100.0,2026-04-21T06:52:02.486397+00:00
2425,1.0,mound,burial_mound,K-35-067-1_x672_y2688.png,K-35-067-1,505079.1177586209,4673131.740729312,200.0,2026-04-21T06:43:43.697946+00:00
2426,0.95,mound,burial_mound,K-35-067-3_x0_y672.png,K-35-067-3,501750.2534465038,4663881.370986992,75.0,2026-04-21T06:52:05.540365+00:00
2427,0.15,not_mound,not_mound,K-35-067-3_x3360_y3360.png,K-35-067-3,517442.8433199989,4651026.775907055,50.0,2026-04-21T07:05:00.335620+00:00
2428,1.0,mound,burial_mound,K-35-067-4_x0_y672.png,K-35-067-4,521876.3015532986,4663426.282712001,75.0,2026-04-21T06:43:47.064519+00:00
2429,0.4,not_mound,not_mound,K-35-074-1_x2688_y336.png,K-35-074-1,306102.74702442624,4650312.762332636,50.0,2026-04-21T06:58:04.700780+00:00
2430,1.0,mound,burial_mound,K-35-074-1_x2352_y3024.png,K-35-074-1,305317.4858948735,4635936.144860275,75.0,2026-04-21T06:43:49.965915+00:00
2431,0.2,not_mound,not_mound,K-35-074-2_x2352_y3360.png,K-35-074-2,325856.5008540418,4634243.103986336,50.0,2026-04-21T07:02:55.979440+00:00
2432,1.0,mound,burial_mound,K-35-074-2_x2352_y2016.png,K-35-074-2,325684.96549234045,4640130.432310141,75.0,2026-04-21T06:43:52.333926+00:00
2433,0.15,not_mound,not_mound,K-35-074-4_x2688_y2352.png,K-35-074-4,326410.10054019594,4621208.732166162,50.0,2026-04-21T07:05:01.717221+00:00
2434,0.2,not_mound,not_mound,K-35-075-1_x3360_y2352.png,K-35-075-1,351504.2863324074,4638923.792037485,50.0,2026-04-21T07:02:57.424231+00:00
2435,0.2,not_mound,not_mound,K-35-075-1_x3696_y2352.png,K-35-075-1,353453.3365194006,4639072.672222925,50.0,2026-04-21T07:02:58.967334+00:00
2436,1.0,mound,burial_mound,K-35-075-2_x1344_y1008.png,K-35-075-2,363093.4602184531,4644909.3183244085,75.0,2026-04-21T06:43:55.439247+00:00
2437,1.0,mound,burial_mound,K-35-075-2_x2352_y672.png,K-35-075-2,367637.456946048,4646114.840597312,200.0,2026-04-21T06:43:58.316049+00:00
2438,0.2,not_mound,not_mound,K-35-075-3_x1344_y2688.png,K-35-075-3,341784.2917702098,4618350.205591715,50.0,2026-04-21T07:03:00.143148+00:00
2439,0.95,mound,burial_mound,K-35-075-4_x1008_y672.png,K-35-075-4,361170.3620339453,4627876.278827735,100.0,2026-04-21T06:52:09.828001+00:00
2440,0.15,not_mound,not_mound,K-35-075-4_x3024_y1008.png,K-35-075-4,370691.8801044997,4626814.122097159,50.0,2026-04-21T07:05:12.228301+00:00
2441,0.85,mound,trig_point_on_mound,K-35-076-1_x2016_y0.png,K-35-076-1,386673.73888155527,4648926.291705396,75.0,2026-04-21T06:55:28.744965+00:00
2442,0.2,not_mound,not_mound,K-35-075-4_x1344_y3360.png,K-35-075-4,361740.951867194,4615571.807876215,50.0,2026-04-21T07:03:01.284312+00:00
2443,0.2,mound,burial_mound,K-35-076-1_x3360_y0.png,K-35-076-1,393263.1590760601,4649316.736378872,150.0,2026-04-21T07:03:05.722976+00:00
2444,0.15,not_mound,not_mound,K-35-076-2_x2016_y2016.png,K-35-076-2,407418.9352412918,4638476.48414836,50.0,2026-04-21T07:05:13.921213+00:00
2445,0.95,mound,burial_mound,K-35-076-2_x2352_y2688.png,K-35-076-2,408189.8945709837,4636705.619127995,100.0,2026-04-21T06:52:16.956889+00:00
2446,0.2,mound,burial_mound,K-35-076-2_x2016_y0.png,K-35-076-2,408036.9400322957,4649118.806585856,75.0,2026-04-21T07:03:08.362656+00:00
2447,0.2,not_mound,not_mound,K-35-076-2_x4032_y2016.png,K-35-076-2,416658.0101816933,4640136.229410687,50.0,2026-04-21T07:03:10.234629+00:00
2448,1.0,mound,burial_mound,K-35-076-3_x1008_y1344.png,K-35-076-3,380298.2123317621,4625052.3344540335,75.0,2026-04-21T06:44:01.197652+00:00
2449,0.15,not_mound,not_mound,K-35-076-4_x0_y3024.png,K-35-076-4,396446.5348979776,4615945.592599908,50.0,2026-04-21T07:05:15.037456+00:00
2450,0.15,not_mound,not_mound,K-35-077-4_x1680_y2016.png,K-35-077-4,447259.4514476215,4620191.719185831,50.0,2026-04-21T07:05:16.082830+00:00
2451,1.0,mound,bench_mark_on_mound,K-35-052-2_x336_y1680.png,K-35-052-2,399433.1287966963,4715108.58154969,200.0,2026-04-21T06:44:05.627166+00:00
2452,0.4,not_mound,not_mound,K-35-052-3_x4032_y2016.png,K-35-052-3,396659.5691881075,4694720.399950584,50.0,2026-04-21T06:58:05.794045+00:00
2453,1.0,mound,trig_point_on_mound,K-35-053-2_x3360_y2016.png,K-35-053-2,455373.0782738781,4713789.844757815,100.0,2026-04-21T06:44:11.455122+00:00
2454,0.9,not_mound,not_mound,K-35-053-2_x672_y3360.png,K-35-053-2,443431.913099937,4706975.514210653,50.0,2026-04-21T06:52:25.220261+00:00
2455,1.0,mound,burial_mound,K-35-054-1_Straldzha_4326_x1344_y3024.png,K-35-054-1_Straldzha_4326,467009.8962645831,4706922.30999823,200.0,2026-04-21T06:44:19.435487+00:00
2456,1.0,not_mound,not_mound,K-35-054-1_Straldzha_4326_x2352_y2016.png,K-35-054-1_Straldzha_4326,471863.0458437317,4712184.246908922,50.0,2026-04-21T06:44:21.497223+00:00
2457,0.2,not_mound,not_mound,K-35-054-4_Voynika_x2688_y2688.png,K-35-054-4_Voynika,493353.9087313687,4690773.33347671,50.0,2026-04-21T07:03:11.495846+00:00
2458,0.95,not_mound,not_mound,K-35-062-4_Asenovgrad_4326_x3024_y2016.png,K-35-062-4_Asenovgrad_4326,329996.72027546307,4660156.746548308,50.0,2026-04-21T06:52:19.120456+00:00
2459,1.0,mound,burial_mound,K-35-063-1_Granit_4326_x1344_y0.png,K-35-063-1_Granit_4326,341580.2918425085,4688283.97689468,200.0,2026-04-21T06:44:32.030221+00:00
2460,1.0,mound,burial_mound,K-35-063-1_Granit_4326_x3696_y1008.png,K-35-063-1_Granit_4326,354799.947323157,4683997.101252973,200.0,2026-04-21T06:44:37.128928+00:00
2461,0.95,mound,bench_mark_on_mound,K-35-063-2_Chirpan_4326_x0_y2016.png,K-35-063-2_Chirpan_4326,356659.9411394126,4676539.481394726,75.0,2026-04-21T06:52:23.515275+00:00
2462,1.0,mound,burial_mound,K-35-063-1_Granit_4326_x2016_y1008.png,K-35-063-1_Granit_4326,344485.4675617877,4682653.366071184,100.0,2026-04-21T06:44:44.019209+00:00
2463,0.15,not_mound,not_mound,K-35-064-2_Radnevo_4326_x1344_y3360.png,K-35-064-2_Radnevo_4326,403280.8112146861,4670246.053246207,50.0,2026-04-21T07:05:21.558846+00:00
2464,0.85,mound,burial_mound,K-35-064-3_Dimitrovgrad_4326_x0_y2016.png,K-35-064-3_Dimitrovgrad_4326,376595.1075768584,4657843.980608235,75.0,2026-04-21T06:55:31.451338+00:00
2465,1.0,mound,burial_mound,K-35-063-4_Skobelevo_4326_x2688_y1008.png,K-35-063-4_Skobelevo_4326,368902.3848416728,4664663.636777323,125.0,2026-04-21T06:44:49.367630+00:00
2466,1.0,mound,burial_mound,K-35-066-2_x2016_y1680.png,K-35-066-2,490511.198527404,4677724.210490856,75.0,2026-04-21T06:44:52.445525+00:00
2467,0.2,mound,burial_mound,K-35-066-4_x2688_y0.png,K-35-066-4,494314.31099108496,4667767.4448188525,200.0,2026-04-21T07:03:18.436287+00:00
2468,1.0,mound,burial_mound,K-35-067-1_x1008_y336.png,K-35-067-1,506661.0686777986,4684889.681158431,200.0,2026-04-21T06:44:58.328760+00:00
2469,0.2,not_mound,not_mound,K-35-075-3_x0_y2688.png,K-35-075-3,334505.8301730514,4618029.860752688,50.0,2026-04-21T07:03:19.828404+00:00
2470,0.35,not_mound,not_mound,K-35-077-2_x3360_y3024.png,K-35-077-2,455377.0791400544,4634229.299188656,50.0,2026-04-21T06:58:10.128566+00:00
2471,1.0,mound,burial_mound,K-35-077-1_x2352_y3024.png,K-35-077-1,429526.7894295018,4634970.480942514,100.0,2026-04-21T06:45:01.791791+00:00
