{
  "K-35-053-3_Elenovo_x0_y0.png": [
    417485.6705757135,
    4703168.48411092,
    5.009999814400148,
    5.009999814400148
  ],
  "K-35-053-3_Elenovo_x448_y0.png": [
    419730.1504925648,
    4703168.48411092,
    5.009999814400148,
    5.009999814400148
  ],
  "K-35-053-3_Elenovo_x896_y0.png": [
    421974.63040941604,
    4703168.48411092,
    5.009999814400148,
    5.009999814400148
  ],
  "K-35-053-3_Elenovo_x1344_y0.png": [
    424219.1103262673,
    4703168.48411092,
    5.009999814400148,
    5.009999814400148
  ],
  "K-35-053-3_Elenovo_x1792_y0.png": [
    426463.5902431186,
    4703168.48411092,
    5.009999814400148,
    5.009999814400148
  ],
  "K-35-053-3_Elenovo_x2240_y0.png": [
    428708.07015996985,
    4703168.48411092,
    5.009999814400148,
    5.009999814400148
  ],
  "K-35-053-3_Elenovo_x2688_y0.png": [
    430952.5500768211,
    4703168.48411092,
    5.009999814400148,
    5.009999814400148
  ],
  "K-35-053-3_Elenovo_x3136_y0.png": [
    433197.0299936724,
    4703168.48411092,
    5.009999814400148,
    5.009999814400148
  ],
  "K-35-053-3_Elenovo_x3584_y0.png": [
    435441.50991052366,
    4703168.48411092,
    5.009999814400148,
    5.009999814400148
  ],
  "K-35-053-3_Elenovo_x4032_y0.png": [
    437685.9898273749,
    4703168.48411092,
    5.009999814400148,
    5.009999814400148
  ],
  "K-35-053-3_Elenovo_x0_y448.png": [
    417485.6705757135,
    4700924.004194068,
    5.009999814400148,
    5.009999814400148
  ],
  "K-35-053-3_Elenovo_x448_y448.png": [
    419730.1504925648,
    4700924.004194068,
    5.009999814400148,
    5.009999814400148
  ],
  "K-35-053-3_Elenovo_x896_y448.png": [
    421974.63040941604,
    4700924.004194068,
    5.009999814400148,
    5.009999814400148
  ],
  "K-35-053-3_Elenovo_x1344_y448.png": [
    424219.1103262673,
    4700924.004194068,
    5.009999814400148,
    5.009999814400148
  ],
  "K-35-053-3_Elenovo_x1792_y448.png": [
    426463.5902431186,
    4700924.004194068,
    5.009999814400148,
    5.009999814400148
  ],
  "K-35-053-3_Elenovo_x2240_y448.png": [
    428708.07015996985,
    4700924.004194068,
    5.009999814400148,
    5.009999814400148
  ],
  "K-35-053-3_Elenovo_x2688_y448.png": [
    430952.5500768211,
    4700924.004194068,
    5.009999814400148,
    5.009999814400148
  ],
  "K-35-053-3_Elenovo_x3136_y448.png": [
    433197.0299936724,
    4700924.004194068,
    5.009999814400148,
    5.009999814400148
  ],
  "K-35-053-3_Elenovo_x3584_y448.png": [
    435441.50991052366,
    4700924.004194068,
    5.009999814400148,
    5.009999814400148
  ],
  "K-35-053-3_Elenovo_x4032_y448.png": [
    437685.9898273749,
    4700924.004194068,
    5.009999814400148,
    5.009999814400148
  ],
  "K-35-053-3_Elenovo_x0_y896.png": [
    417485.6705757135,
    4698679.524277217,
    5.009999814400148,
    5.009999814400148
  ],
  "K-35-053-3_Elenovo_x448_y896.png": [
    419730.1504925648,
    4698679.524277217,
    5.009999814400148,
    5.009999814400148
  ],
  "K-35-053-3_Elenovo_x896_y896.png": [
    421974.63040941604,
    4698679.524277217,
    5.009999814400148,
    5.009999814400148
  ],
  "K-35-053-3_Elenovo_x1344_y896.png": [
    424219.1103262673,
    4698679.524277217,
    5.009999814400148,
    5.009999814400148
  ],
  "K-35-053-3_Elenovo_x1792_y896.png": [
    426463.5902431186,
    4698679.524277217,
    5.009999814400148,
    5.009999814400148
  ],
  "K-35-053-3_Elenovo_x2240_y896.png": [
    428708.07015996985,
    4698679.524277217,
    5.009999814400148,
    5.009999814400148
  ],
  "K-35-053-3_Elenovo_x2688_y896.png": [
    430952.5500768211,
    4698679.524277217,
    5.009999814400148,
    5.009999814400148
  ],
  "K-35-053-3_Elenovo_x3136_y896.png": [
    433197.0299936724,
    4698679.524277217,
    5.009999814400148,
    5.009999814400148
  ],
  "K-35-053-3_Elenovo_x3584_y896.png": [
    435441.50991052366,
    4698679.524277217,
    5.009999814400148,
    5.009999814400148
  ],
  "K-35-053-3_Elenovo_x4032_y896.png": [
    437685.9898273749,
    4698679.524277217,
    5.009999814400148,
    5.009999814400148
  ],
  "K-35-053-3_Elenovo_x0_y1344.png": [
    417485.6705757135,
    4696435.044360366,
    5.009999814400148,
    5.009999814400148
  ],
  "K-35-053-3_Elenovo_x448_y1344.png": [
    419730.1504925648,
    4696435.044360366,
    5.009999814400148,
    5.009999814400148
  ],
  "K-35-053-3_Elenovo_x896_y1344.png": [
    421974.63040941604,
    4696435.044360366,
    5.009999814400148,
    5.009999814400148
  ],
  "K-35-053-3_Elenovo_x1344_y1344.png": [
    424219.1103262673,
    4696435.044360366,
    5.009999814400148,
    5.009999814400148
  ],
  "K-35-053-3_Elenovo_x1792_y1344.png": [
    426463.5902431186,
    4696435.044360366,
    5.009999814400148,
    5.009999814400148
  ],
  "K-35-053-3_Elenovo_x2240_y1344.png": [
    428708.07015996985,
    4696435.044360366,
    5.009999814400148,
    5.009999814400148
  ],
  "K-35-053-3_Elenovo_x2688_y1344.png": [
    430952.5500768211,
    4696435.044360366,
    5.009999814400148,
    5.009999814400148
  ],
  "K-35-053-3_Elenovo_x3136_y1344.png": [
    433197.0299936724,
    4696435.044360366,
    5.009999814400148,
    5.009999814400148
  ],
  "K-35-053-3_Elenovo_x3584_y1344.png": [
    435441.50991052366,
    4696435.044360366,
    5.009999814400148,
    5.009999814400148
  ],
  "K-35-053-3_Elenovo_x4032_y1344.png": [
    437685.9898273749,
    4696435.044360366,
    5.009999814400148,
    5.009999814400148
  ],
  "K-35-053-3_Elenovo_x0_y1792.png": [
    417485.6705757135,
    4694190.564443515,
    5.009999814400148,
    5.009999814400148
  ],
  "K-35-053-3_Elenovo_x448_y1792.png": [
    419730.1504925648,
    4694190.564443515,
    5.009999814400148,
    5.009999814400148
  ],
  "K-35-053-3_Elenovo_x896_y1792.png": [
    421974.63040941604,
    4694190.564443515,
    5.009999814400148,
    5.009999814400148
  ],
  "K-35-053-3_Elenovo_x1344_y1792.png": [
    424219.1103262673,
    4694190.564443515,
    5.009999814400148,
    5.009999814400148
  ],
  "K-35-053-3_Elenovo_x1792_y1792.png": [
    426463.5902431186,
    4694190.564443515,
    5.009999814400148,
    5.009999814400148
  ],
  "K-35-053-3_Elenovo_x2240_y1792.png": [
    428708.07015996985,
    4694190.564443515,
    5.009999814400148,
    5.009999814400148
  ],
  "K-35-053-3_Elenovo_x2688_y1792.png": [
    430952.5500768211,
    4694190.564443515,
    5.009999814400148,
    5.009999814400148
  ],
  "K-35-053-3_Elenovo_x3136_y1792.png": [
    433197.0299936724,
    4694190.564443515,
    5.009999814400148,
    5.009999814400148
  ],
  "K-35-053-3_Elenovo_x3584_y1792.png": [
    435441.50991052366,
    4694190.564443515,
    5.009999814400148,
    5.009999814400148
  ],
  "K-35-053-3_Elenovo_x4032_y1792.png": [
    437685.9898273749,
    4694190.564443515,
    5.009999814400148,
    5.009999814400148
  ],
  "K-35-053-3_Elenovo_x0_y2240.png": [
    417485.6705757135,
    4691946.084526663,
    5.009999814400148,
    5.009999814400148
  ],
  "K-35-053-3_Elenovo_x448_y2240.png": [
    419730.1504925648,
    4691946.084526663,
    5.009999814400148,
    5.009999814400148
  ],
  "K-35-053-3_Elenovo_x896_y2240.png": [
    421974.63040941604,
    4691946.084526663,
    5.009999814400148,
    5.009999814400148
  ],
  "K-35-053-3_Elenovo_x1344_y2240.png": [
    424219.1103262673,
    4691946.084526663,
    5.009999814400148,
    5.009999814400148
  ],
  "K-35-053-3_Elenovo_x1792_y2240.png": [
    426463.5902431186,
    4691946.084526663,
    5.009999814400148,
    5.009999814400148
  ],
  "K-35-053-3_Elenovo_x2240_y2240.png": [
    428708.07015996985,
    4691946.084526663,
    5.009999814400148,
    5.009999814400148
  ],
  "K-35-053-3_Elenovo_x2688_y2240.png": [
    430952.5500768211,
    4691946.084526663,
    5.009999814400148,
    5.009999814400148
  ],
  "K-35-053-3_Elenovo_x3136_y2240.png": [
    433197.0299936724,
    4691946.084526663,
    5.009999814400148,
    5.009999814400148
  ],