{"type": "FeatureCollection", "crs": {"type": "name", "properties": {"name": "urn:ogc:def:crs:EPSG::32635"}}, "processed_tiles": ["K-35-052-4_32635_x0_y0.png", "K-35-052-4_32635_x0_y1008.png", "K-35-052-4_32635_x0_y1344.png", "K-35-052-4_32635_x0_y1680.png", "K-35-052-4_32635_x0_y2016.png", "K-35-052-4_32635_x0_y2352.png", "K-35-052-4_32635_x0_y2688.png", "K-35-052-4_32635_x0_y3024.png", "K-35-052-4_32635_x0_y336.png", "K-35-052-4_32635_x0_y3360.png", "K-35-052-4_32635_x0_y3696.png", "K-35-052-4_32635_x0_y672.png", "K-35-052-4_32635_x1008_y0.png", "K-35-052-4_32635_x1008_y3024.png", "K-35-052-4_32635_x1008_y336.png", "K-35-052-4_32635_x1008_y3360.png", "K-35-052-4_32635_x1008_y3696.png", "K-35-052-4_32635_x1008_y672.png", "K-35-052-4_32635_x1344_y0.png", "K-35-052-4_32635_x1344_y3024.png", "K-35-052-4_32635_x1344_y336.png", "K-35-052-4_32635_x1344_y3360.png", "K-35-052-4_32635_x1344_y3696.png", "K-35-052-4_32635_x1344_y672.png", "K-35-052-4_32635_x1680_y0.png", "K-35-052-4_32635_x1680_y3024.png", "K-35-052-4_32635_x1680_y336.png", "K-35-052-4_32635_x1680_y3360.png", "K-35-052-4_32635_x1680_y3696.png", "K-35-052-4_32635_x1680_y672.png", "K-35-052-4_32635_x2016_y0.png", "K-35-052-4_32635_x2016_y1008.png", "K-35-052-4_32635_x2016_y1344.png", "K-35-052-4_32635_x2016_y1680.png", "K-35-052-4_32635_x2016_y3024.png", "K-35-052-4_32635_x2016_y336.png", "K-35-052-4_32635_x2016_y672.png", "K-35-052-4_32635_x2352_y0.png", "K-35-052-4_32635_x2352_y1008.png", "K-35-052-4_32635_x2352_y1344.png", "K-35-052-4_32635_x2352_y1680.png", "K-35-052-4_32635_x2352_y3024.png", "K-35-052-4_32635_x2352_y336.png", "K-35-052-4_32635_x2352_y672.png", "K-35-052-4_32635_x2688_y0.png", "K-35-052-4_32635_x2688_y1008.png", "K-35-052-4_32635_x2688_y1344.png", "K-35-052-4_32635_x2688_y1680.png", "K-35-052-4_32635_x2688_y3024.png", "K-35-052-4_32635_x2688_y336.png", "K-35-052-4_32635_x2688_y672.png", "K-35-052-4_32635_x3024_y0.png", "K-35-052-4_32635_x3024_y1680.png", "K-35-052-4_32635_x3024_y2016.png", "K-35-052-4_32635_x3024_y2352.png", "K-35-052-4_32635_x3024_y2688.png", "K-35-052-4_32635_x3024_y3024.png", "K-35-052-4_32635_x3024_y336.png", "K-35-052-4_32635_x3024_y3360.png", "K-35-052-4_32635_x3024_y3696.png", "K-35-052-4_32635_x3360_y0.png", "K-35-052-4_32635_x3360_y1680.png", "K-35-052-4_32635_x3360_y2016.png", "K-35-052-4_32635_x3360_y2352.png", "K-35-052-4_32635_x3360_y2688.png", "K-35-052-4_32635_x3360_y3024.png", "K-35-052-4_32635_x3360_y336.png", "K-35-052-4_32635_x3360_y3360.png", "K-35-052-4_32635_x3360_y3696.png", "K-35-052-4_32635_x336_y0.png", "K-35-052-4_32635_x336_y1008.png", "K-35-052-4_32635_x336_y1344.png", "K-35-052-4_32635_x336_y1680.png", "K-35-052-4_32635_x336_y2016.png", "K-35-052-4_32635_x336_y2352.png", "K-35-052-4_32635_x336_y2688.png", "K-35-052-4_32635_x336_y3024.png", "K-35-052-4_32635_x336_y336.png", "K-35-052-4_32635_x336_y3360.png", "K-35-052-4_32635_x336_y3696.png", "K-35-052-4_32635_x336_y672.png", "K-35-052-4_32635_x3696_y0.png", "K-35-052-4_32635_x3696_y1008.png", "K-35-052-4_32635_x3696_y1344.png", "K-35-052-4_32635_x3696_y1680.png", "K-35-052-4_32635_x3696_y2016.png", "K-35-052-4_32635_x3696_y2352.png", "K-35-052-4_32635_x3696_y2688.png", "K-35-052-4_32635_x3696_y3024.png", "K-35-052-4_32635_x3696_y336.png", "K-35-052-4_32635_x3696_y3360.png", "K-35-052-4_32635_x3696_y3696.png", "K-35-052-4_32635_x3696_y672.png", "K-35-052-4_32635_x4032_y0.png", "K-35-052-4_32635_x4032_y1008.png", "K-35-052-4_32635_x4032_y1344.png", "K-35-052-4_32635_x4032_y1680.png", "K-35-052-4_32635_x4032_y2016.png", "K-35-052-4_32635_x4032_y2352.png", "K-35-052-4_32635_x4032_y2688.png", "K-35-052-4_32635_x4032_y3024.png", "K-35-052-4_32635_x4032_y336.png", "K-35-052-4_32635_x4032_y3360.png", "K-35-052-4_32635_x4032_y3696.png", "K-35-052-4_32635_x4032_y672.png", "K-35-052-4_32635_x672_y0.png", "K-35-052-4_32635_x672_y1008.png", "K-35-052-4_32635_x672_y1344.png", "K-35-052-4_32635_x672_y1680.png", "K-35-052-4_32635_x672_y2016.png", "K-35-052-4_32635_x672_y2352.png", "K-35-052-4_32635_x672_y2688.png", "K-35-052-4_32635_x672_y3024.png", "K-35-052-4_32635_x672_y336.png", "K-35-052-4_32635_x672_y3360.png", "K-35-052-4_32635_x672_y3696.png", "K-35-052-4_32635_x672_y672.png", "K-35-053-3_Elenovo_x0_y0.png", "K-35-053-3_Elenovo_x0_y1008.png", "K-35-053-3_Elenovo_x0_y1344.png", "K-35-053-3_Elenovo_x0_y1680.png", "K-35-053-3_Elenovo_x0_y2016.png", "K-35-053-3_Elenovo_x0_y2352.png", "K-35-053-3_Elenovo_x0_y2688.png", "K-35-053-3_Elenovo_x0_y3024.png", "K-35-053-3_Elenovo_x0_y336.png", "K-35-053-3_Elenovo_x0_y3360.png", "K-35-053-3_Elenovo_x0_y3696.png", "K-35-053-3_Elenovo_x0_y672.png", "K-35-053-3_Elenovo_x1008_y0.png", "K-35-053-3_Elenovo_x1008_y2016.png", "K-35-053-3_Elenovo_x1008_y2352.png", "K-35-053-3_Elenovo_x1008_y2688.png", "K-35-053-3_Elenovo_x1008_y3024.png", "K-35-053-3_Elenovo_x1008_y336.png", "K-35-053-3_Elenovo_x1008_y3360.png", "K-35-053-3_Elenovo_x1008_y3696.png", "K-35-053-3_Elenovo_x1008_y672.png", "K-35-053-3_Elenovo_x1344_y0.png", "K-35-053-3_Elenovo_x1344_y2016.png", "K-35-053-3_Elenovo_x1344_y2352.png", "K-35-053-3_Elenovo_x1344_y2688.png", "K-35-053-3_Elenovo_x1344_y3024.png", "K-35-053-3_Elenovo_x1344_y336.png", "K-35-053-3_Elenovo_x1344_y3360.png", "K-35-053-3_Elenovo_x1344_y3696.png", "K-35-053-3_Elenovo_x1344_y672.png", "K-35-053-3_Elenovo_x1680_y0.png", "K-35-053-3_Elenovo_x1680_y1008.png", "K-35-053-3_Elenovo_x1680_y1344.png", "K-35-053-3_Elenovo_x1680_y1680.png", "K-35-053-3_Elenovo_x1680_y3024.png", "K-35-053-3_Elenovo_x1680_y336.png", "K-35-053-3_Elenovo_x1680_y3360.png", "K-35-053-3_Elenovo_x1680_y3696.png", "K-35-053-3_Elenovo_x1680_y672.png", "K-35-053-3_Elenovo_x2016_y0.png", "K-35-053-3_Elenovo_x2016_y1008.png", "K-35-053-3_Elenovo_x2016_y1344.png", "K-35-053-3_Elenovo_x2016_y1680.png", "K-35-053-3_Elenovo_x2016_y3024.png", "K-35-053-3_Elenovo_x2016_y336.png", "K-35-053-3_Elenovo_x2016_y672.png", "K-35-053-3_Elenovo_x2352_y0.png", "K-35-053-3_Elenovo_x2352_y1008.png", "K-35-053-3_Elenovo_x2352_y1344.png", "K-35-053-3_Elenovo_x2352_y1680.png", "K-35-053-3_Elenovo_x2352_y3024.png", "K-35-053-3_Elenovo_x2352_y336.png", "K-35-053-3_Elenovo_x2352_y672.png", "K-35-053-3_Elenovo_x2688_y0.png", "K-35-053-3_Elenovo_x2688_y1008.png", "K-35-053-3_Elenovo_x2688_y1344.png", "K-35-053-3_Elenovo_x2688_y1680.png", "K-35-053-3_Elenovo_x2688_y3024.png", "K-35-053-3_Elenovo_x2688_y336.png", "K-35-053-3_Elenovo_x2688_y672.png", "K-35-053-3_Elenovo_x3024_y0.png", "K-35-053-3_Elenovo_x3024_y1008.png", "K-35-053-3_Elenovo_x3024_y1344.png", "K-35-053-3_Elenovo_x3024_y1680.png", "K-35-053-3_Elenovo_x3024_y2016.png", "K-35-053-3_Elenovo_x3024_y2352.png", "K-35-053-3_Elenovo_x3024_y2688.png", "K-35-053-3_Elenovo_x3024_y336.png", "K-35-053-3_Elenovo_x3024_y3696.png", "K-35-053-3_Elenovo_x3024_y672.png", "K-35-053-3_Elenovo_x3360_y0.png", "K-35-053-3_Elenovo_x3360_y1008.png", "K-35-053-3_Elenovo_x3360_y1344.png", "K-35-053-3_Elenovo_x3360_y1680.png", "K-35-053-3_Elenovo_x3360_y2016.png", "K-35-053-3_Elenovo_x3360_y2352.png", "K-35-053-3_Elenovo_x3360_y2688.png", "K-35-053-3_Elenovo_x3360_y336.png", "K-35-053-3_Elenovo_x3360_y3696.png", "K-35-053-3_Elenovo_x3360_y672.png", "K-35-053-3_Elenovo_x336_y0.png", "K-35-053-3_Elenovo_x336_y1008.png", "K-35-053-3_Elenovo_x336_y1344.png", "K-35-053-3_Elenovo_x336_y1680.png", "K-35-053-3_Elenovo_x336_y2016.png", "K-35-053-3_Elenovo_x336_y2352.png", "K-35-053-3_Elenovo_x336_y2688.png", "K-35-053-3_Elenovo_x336_y3024.png", "K-35-053-3_Elenovo_x336_y336.png", "K-35-053-3_Elenovo_x336_y3360.png", "K-35-053-3_Elenovo_x336_y3696.png", "K-35-053-3_Elenovo_x336_y672.png", "K-35-053-3_Elenovo_x3696_y0.png", "K-35-053-3_Elenovo_x3696_y1008.png", "K-35-053-3_Elenovo_x3696_y1344.png", "K-35-053-3_Elenovo_x3696_y1680.png", "K-35-053-3_Elenovo_x3696_y2016.png", "K-35-053-3_Elenovo_x3696_y2352.png", "K-35-053-3_Elenovo_x3696_y2688.png", "K-35-053-3_Elenovo_x3696_y3024.png", "K-35-053-3_Elenovo_x3696_y336.png", "K-35-053-3_Elenovo_x3696_y3360.png", "K-35-053-3_Elenovo_x3696_y3696.png", "K-35-053-3_Elenovo_x3696_y672.png", "K-35-053-3_Elenovo_x4032_y0.png", "K-35-053-3_Elenovo_x4032_y1008.png", "K-35-053-3_Elenovo_x4032_y1344.png", "K-35-053-3_Elenovo_x4032_y1680.png", "K-35-053-3_Elenovo_x4032_y2016.png", "K-35-053-3_Elenovo_x4032_y2352.png", "K-35-053-3_Elenovo_x4032_y2688.png", "K-35-053-3_Elenovo_x4032_y3024.png", "K-35-053-3_Elenovo_x4032_y336.png", "K-35-053-3_Elenovo_x4032_y3360.png", "K-35-053-3_Elenovo_x4032_y3696.png", "K-35-053-3_Elenovo_x4032_y672.png", "K-35-053-3_Elenovo_x672_y0.png", "K-35-053-3_Elenovo_x672_y2016.png", "K-35-053-3_Elenovo_x672_y2352.png", "K-35-053-3_Elenovo_x672_y2688.png", "K-35-053-3_Elenovo_x672_y3024.png", "K-35-053-3_Elenovo_x672_y336.png", "K-35-053-3_Elenovo_x672_y3360.png", "K-35-053-3_Elenovo_x672_y3696.png", "K-35-053-3_Elenovo_x672_y672.png", "K-35-062-2_Rakovski_x0_y0.png", "K-35-062-2_Rakovski_x0_y1008.png", "K-35-062-2_Rakovski_x0_y1344.png", "K-35-062-2_Rakovski_x0_y2352.png", "K-35-062-2_Rakovski_x0_y2688.png", "K-35-062-2_Rakovski_x0_y336.png", "K-35-062-2_Rakovski_x0_y3696.png", "K-35-062-2_Rakovski_x0_y672.png", "K-35-062-2_Rakovski_x1008_y0.png", "K-35-062-2_Rakovski_x1008_y1008.png", "K-35-062-2_Rakovski_x1008_y1344.png", "K-35-062-2_Rakovski_x1008_y1680.png", "K-35-062-2_Rakovski_x1008_y2016.png", "K-35-062-2_Rakovski_x1008_y336.png", "K-35-062-2_Rakovski_x1008_y3696.png", "K-35-062-2_Rakovski_x1008_y672.png", "K-35-062-2_Rakovski_x1344_y0.png", "K-35-062-2_Rakovski_x1344_y1008.png", "K-35-062-2_Rakovski_x1344_y1344.png", "K-35-062-2_Rakovski_x1344_y1680.png", "K-35-062-2_Rakovski_x1344_y2016.png", "K-35-062-2_Rakovski_x1344_y336.png", "K-35-062-2_Rakovski_x1344_y3696.png", "K-35-062-2_Rakovski_x1344_y672.png", "K-35-062-2_Rakovski_x1680_y0.png", "K-35-062-2_Rakovski_x1680_y1008.png", "K-35-062-2_Rakovski_x1680_y1344.png", "K-35-062-2_Rakovski_x1680_y1680.png", "K-35-062-2_Rakovski_x1680_y2016.png", "K-35-062-2_Rakovski_x1680_y2352.png", "K-35-062-2_Rakovski_x1680_y2688.png", "K-35-062-2_Rakovski_x1680_y3024.png", "K-35-062-2_Rakovski_x1680_y336.png", "K-35-062-2_Rakovski_x1680_y3360.png", "K-35-062-2_Rakovski_x1680_y3696.png", "K-35-062-2_Rakovski_x1680_y672.png", "K-35-062-2_Rakovski_x2016_y0.png", "K-35-062-2_Rakovski_x2016_y1008.png", "K-35-062-2_Rakovski_x2016_y1344.png", "K-35-062-2_Rakovski_x2016_y1680.png", "K-35-062-2_Rakovski_x2016_y2016.png", "K-35-062-2_Rakovski_x2016_y2352.png", "K-35-062-2_Rakovski_x2016_y2688.png", "K-35-062-2_Rakovski_x2016_y3024.png", "K-35-062-2_Rakovski_x2016_y336.png", "K-35-062-2_Rakovski_x2016_y3360.png", "K-35-062-2_Rakovski_x2016_y3696.png", "K-35-062-2_Rakovski_x2016_y672.png", "K-35-062-2_Rakovski_x2352_y0.png", "K-35-062-2_Rakovski_x2352_y1008.png", "K-35-062-2_Rakovski_x2352_y1344.png", "K-35-062-2_Rakovski_x2352_y1680.png", "K-35-062-2_Rakovski_x2352_y2016.png", "K-35-062-2_Rakovski_x2352_y2352.png", "K-35-062-2_Rakovski_x2352_y2688.png", "K-35-062-2_Rakovski_x2352_y3024.png", "K-35-062-2_Rakovski_x2352_y336.png", "K-35-062-2_Rakovski_x2352_y3360.png", "K-35-062-2_Rakovski_x2352_y3696.png", "K-35-062-2_Rakovski_x2352_y672.png", "K-35-062-2_Rakovski_x2688_y0.png", "K-35-062-2_Rakovski_x2688_y1008.png", "K-35-062-2_Rakovski_x2688_y1344.png", "K-35-062-2_Rakovski_x2688_y1680.png", "K-35-062-2_Rakovski_x2688_y2016.png", "K-35-062-2_Rakovski_x2688_y2352.png", "K-35-062-2_Rakovski_x2688_y2688.png", "K-35-062-2_Rakovski_x2688_y3024.png", "K-35-062-2_Rakovski_x2688_y336.png", "K-35-062-2_Rakovski_x2688_y3360.png", "K-35-062-2_Rakovski_x2688_y3696.png", "K-35-062-2_Rakovski_x2688_y672.png", "K-35-062-2_Rakovski_x3024_y0.png", "K-35-062-2_Rakovski_x3024_y1008.png", "K-35-062-2_Rakovski_x3024_y1344.png", "K-35-062-2_Rakovski_x3024_y1680.png", "K-35-062-2_Rakovski_x3024_y2016.png", "K-35-062-2_Rakovski_x3024_y2352.png", "K-35-062-2_Rakovski_x3024_y2688.png", "K-35-062-2_Rakovski_x3024_y3024.png", "K-35-062-2_Rakovski_x3024_y336.png", "K-35-062-2_Rakovski_x3024_y3360.png", "K-35-062-2_Rakovski_x3024_y3696.png", "K-35-062-2_Rakovski_x3024_y672.png", "K-35-062-2_Rakovski_x3360_y0.png", "K-35-062-2_Rakovski_x3360_y1008.png", "K-35-062-2_Rakovski_x3360_y1344.png", "K-35-062-2_Rakovski_x3360_y1680.png", "K-35-062-2_Rakovski_x3360_y2016.png", "K-35-062-2_Rakovski_x3360_y2352.png", "K-35-062-2_Rakovski_x3360_y2688.png", "K-35-062-2_Rakovski_x3360_y3024.png", "K-35-062-2_Rakovski_x3360_y336.png", "K-35-062-2_Rakovski_x3360_y3360.png", "K-35-062-2_Rakovski_x3360_y3696.png", "K-35-062-2_Rakovski_x3360_y672.png", "K-35-062-2_Rakovski_x336_y0.png", "K-35-062-2_Rakovski_x336_y1008.png", "K-35-062-2_Rakovski_x336_y1344.png", "K-35-062-2_Rakovski_x336_y336.png", "K-35-062-2_Rakovski_x336_y3696.png", "K-35-062-2_Rakovski_x336_y672.png", "K-35-062-2_Rakovski_x3696_y0.png", "K-35-062-2_Rakovski_x3696_y1008.png", "K-35-062-2_Rakovski_x3696_y1344.png", "K-35-062-2_Rakovski_x3696_y1680.png", "K-35-062-2_Rakovski_x3696_y2016.png", "K-35-062-2_Rakovski_x3696_y2352.png", "K-35-062-2_Rakovski_x3696_y2688.png", "K-35-062-2_Rakovski_x3696_y3024.png", "K-35-062-2_Rakovski_x3696_y336.png", "K-35-062-2_Rakovski_x3696_y3360.png", "K-35-062-2_Rakovski_x3696_y3696.png", "K-35-062-2_Rakovski_x3696_y672.png", "K-35-062-2_Rakovski_x4032_y0.png", "K-35-062-2_Rakovski_x4032_y1008.png", "K-35-062-2_Rakovski_x4032_y1344.png", "K-35-062-2_Rakovski_x4032_y1680.png", "K-35-062-2_Rakovski_x4032_y2016.png", "K-35-062-2_Rakovski_x4032_y2352.png", "K-35-062-2_Rakovski_x4032_y2688.png", "K-35-062-2_Rakovski_x4032_y3024.png", "K-35-062-2_Rakovski_x4032_y336.png", "K-35-062-2_Rakovski_x4032_y3360.png", "K-35-062-2_Rakovski_x4032_y3696.png", "K-35-062-2_Rakovski_x4032_y672.png", "K-35-062-2_Rakovski_x672_y0.png", "K-35-062-2_Rakovski_x672_y1008.png", "K-35-062-2_Rakovski_x672_y1344.png", "K-35-062-2_Rakovski_x672_y1680.png", "K-35-062-2_Rakovski_x672_y2016.png", "K-35-062-2_Rakovski_x672_y336.png", "K-35-062-2_Rakovski_x672_y3696.png", "K-35-062-2_Rakovski_x672_y672.png", "K-35-078-1_Lesovo_x0_y0.png", "K-35-078-1_Lesovo_x0_y1008.png", "K-35-078-1_Lesovo_x0_y1344.png", "K-35-078-1_Lesovo_x0_y1680.png", "K-35-078-1_Lesovo_x0_y2016.png", "K-35-078-1_Lesovo_x0_y2352.png", "K-35-078-1_Lesovo_x0_y2688.png", "K-35-078-1_Lesovo_x0_y3024.png", "K-35-078-1_Lesovo_x0_y336.png", "K-35-078-1_Lesovo_x0_y3360.png", "K-35-078-1_Lesovo_x0_y672.png", "K-35-078-1_Lesovo_x1008_y1680.png", "K-35-078-1_Lesovo_x1008_y2016.png", "K-35-078-1_Lesovo_x1008_y2352.png", "K-35-078-1_Lesovo_x1008_y2688.png", "K-35-078-1_Lesovo_x1344_y1680.png", "K-35-078-1_Lesovo_x1344_y2016.png", "K-35-078-1_Lesovo_x1344_y2352.png", "K-35-078-1_Lesovo_x1344_y2688.png", "K-35-078-1_Lesovo_x1680_y1680.png", "K-35-078-1_Lesovo_x1680_y2016.png", "K-35-078-1_Lesovo_x1680_y2352.png", "K-35-078-1_Lesovo_x1680_y2688.png", "K-35-078-1_Lesovo_x1680_y3024.png", "K-35-078-1_Lesovo_x1680_y3360.png", "K-35-078-1_Lesovo_x2016_y0.png", "K-35-078-1_Lesovo_x2016_y1008.png", "K-35-078-1_Lesovo_x2016_y1344.png", "K-35-078-1_Lesovo_x2016_y1680.png", "K-35-078-1_Lesovo_x2016_y2016.png", "K-35-078-1_Lesovo_x2016_y2352.png", "K-35-078-1_Lesovo_x2016_y2688.png", "K-35-078-1_Lesovo_x2016_y3024.png", "K-35-078-1_Lesovo_x2016_y336.png", "K-35-078-1_Lesovo_x2016_y3360.png", "K-35-078-1_Lesovo_x2016_y672.png", "K-35-078-1_Lesovo_x2352_y0.png", "K-35-078-1_Lesovo_x2352_y1008.png", "K-35-078-1_Lesovo_x2352_y1344.png", "K-35-078-1_Lesovo_x2352_y1680.png", "K-35-078-1_Lesovo_x2352_y2016.png", "K-35-078-1_Lesovo_x2352_y2352.png", "K-35-078-1_Lesovo_x2352_y2688.png", "K-35-078-1_Lesovo_x2352_y3024.png", "K-35-078-1_Lesovo_x2352_y336.png", "K-35-078-1_Lesovo_x2352_y3360.png", "K-35-078-1_Lesovo_x2352_y672.png", "K-35-078-1_Lesovo_x2688_y0.png", "K-35-078-1_Lesovo_x2688_y1008.png", "K-35-078-1_Lesovo_x2688_y1344.png", "K-35-078-1_Lesovo_x2688_y1680.png", "K-35-078-1_Lesovo_x2688_y2016.png", "K-35-078-1_Lesovo_x2688_y2352.png", "K-35-078-1_Lesovo_x2688_y2688.png", "K-35-078-1_Lesovo_x2688_y3024.png", "K-35-078-1_Lesovo_x2688_y336.png", "K-35-078-1_Lesovo_x2688_y3360.png", "K-35-078-1_Lesovo_x2688_y672.png", "K-35-078-1_Lesovo_x3024_y0.png", "K-35-078-1_Lesovo_x3024_y1008.png", "K-35-078-1_Lesovo_x3024_y1344.png", "K-35-078-1_Lesovo_x3024_y1680.png", "K-35-078-1_Lesovo_x3024_y2016.png", "K-35-078-1_Lesovo_x3024_y336.png", "K-35-078-1_Lesovo_x3024_y3360.png", "K-35-078-1_Lesovo_x3024_y672.png", "K-35-078-1_Lesovo_x3360_y0.png", "K-35-078-1_Lesovo_x3360_y1008.png", "K-35-078-1_Lesovo_x3360_y1344.png", "K-35-078-1_Lesovo_x3360_y1680.png", "K-35-078-1_Lesovo_x3360_y2016.png", "K-35-078-1_Lesovo_x3360_y336.png", "K-35-078-1_Lesovo_x3360_y672.png", "K-35-078-1_Lesovo_x336_y0.png", "K-35-078-1_Lesovo_x336_y1008.png", "K-35-078-1_Lesovo_x336_y1344.png", "K-35-078-1_Lesovo_x336_y1680.png", "K-35-078-1_Lesovo_x336_y2016.png", "K-35-078-1_Lesovo_x336_y2352.png", "K-35-078-1_Lesovo_x336_y2688.png", "K-35-078-1_Lesovo_x336_y3024.png", "K-35-078-1_Lesovo_x336_y336.png", "K-35-078-1_Lesovo_x336_y3360.png", "K-35-078-1_Lesovo_x336_y672.png", "K-35-078-1_Lesovo_x3696_y0.png", "K-35-078-1_Lesovo_x3696_y1008.png", "K-35-078-1_Lesovo_x3696_y1344.png", "K-35-078-1_Lesovo_x3696_y1680.png", "K-35-078-1_Lesovo_x3696_y2016.png", "K-35-078-1_Lesovo_x3696_y2352.png", "K-35-078-1_Lesovo_x3696_y2688.png", "K-35-078-1_Lesovo_x3696_y336.png", "K-35-078-1_Lesovo_x3696_y672.png", "K-35-078-1_Lesovo_x4032_y0.png", "K-35-078-1_Lesovo_x4032_y1008.png", "K-35-078-1_Lesovo_x4032_y1344.png", "K-35-078-1_Lesovo_x4032_y1680.png", "K-35-078-1_Lesovo_x4032_y2016.png", "K-35-078-1_Lesovo_x4032_y2352.png", "K-35-078-1_Lesovo_x4032_y2688.png", "K-35-078-1_Lesovo_x4032_y336.png", "K-35-078-1_Lesovo_x4032_y672.png", "K-35-078-1_Lesovo_x672_y0.png", "K-35-078-1_Lesovo_x672_y1008.png", "K-35-078-1_Lesovo_x672_y1344.png", "K-35-078-1_Lesovo_x672_y1680.png", "K-35-078-1_Lesovo_x672_y2016.png", "K-35-078-1_Lesovo_x672_y2352.png", "K-35-078-1_Lesovo_x672_y2688.png", "K-35-078-1_Lesovo_x672_y336.png", "K-35-078-1_Lesovo_x672_y672.png"], "features": [{"type": "Feature", "geometry": {"type": "Point", "coordinates": [405487.9767765, 4687621.143506]}, "properties": {"source_tile": "K-35-052-4_32635_x1680_y3360.png", "label": "burial_mound", "subtype": "burial_mound", "cluster_size": 1, "origin_tiles": "K-35-052-4_32635_x1344_y3648.png"}}, {"type": "Feature", "geometry": {"type": "Point", "coordinates": [404314.14494075, 4702915.828429]}, "properties": {"source_tile": "K-35-052-4_32635_x1344_y336.png", "label": "burial_mound", "subtype": "burial_mound", "cluster_size": 4, "origin_tiles": "K-35-052-4_32635_x1152_y384.png;K-35-052-4_32635_x1152_y576.png;K-35-052-4_32635_x1344_y384.png;K-35-052-4_32635_x1344_y576.png"}}, {"type": "Feature", "geometry": {"type": "Point", "coordinates": [405684.21664112504, 4702477.89608475]}, "properties": {"source_tile": "K-35-052-4_32635_x1680_y672.png", "label": "benchmark_mound", "subtype": "benchmark_mound", "cluster_size": 4, "origin_tiles": "K-35-052-4_32635_x1536_y384.png;K-35-052-4_32635_x1536_y576.png;K-35-052-4_32635_x1728_y384.png;K-35-052-4_32635_x1728_y576.png"}}, {"type": "Feature", "geometry": {"type": "Point", "coordinates": [405787.627354, 4704254.39593575]}, "properties": {"source_tile": "K-35-052-4_32635_x1680_y0.png", "label": "burial_mound", "subtype": "burial_mound", "cluster_size": 2, "origin_tiles": "K-35-052-4_32635_x1536_y0.png;K-35-052-4_32635_x1536_y192.png"}}, {"type": "Feature", "geometry": {"type": "Point", "coordinates": [403348.57747049996, 4687862.595496501]}, "properties": {"source_tile": "K-35-052-4_32635_x1008_y3360.png", "label": "burial_mound", "subtype": "burial_mound", "cluster_size": 1, "origin_tiles": "K-35-052-4_32635_x1152_y3456.png"}}, {"type": "Feature", "geometry": {"type": "Point", "coordinates": [398438.2520395, 4704234.194773251]}, "properties": {"source_tile": "K-35-052-4_32635_x0_y0.png", "label": "burial_mound", "subtype": "burial_mound", "cluster_size": 2, "origin_tiles": "K-35-052-4_32635_x0_y192.png;K-35-052-4_32635_x192_y192.png"}}, {"type": "Feature", "geometry": {"type": "Point", "coordinates": [406098.82145249995, 4701788.8921489995]}, "properties": {"source_tile": "K-35-052-4_32635_x1680_y672.png", "label": "burial_mound", "subtype": "burial_mound", "cluster_size": 1, "origin_tiles": "K-35-052-4_32635_x1728_y768.png"}}, {"type": "Feature", "geometry": {"type": "Point", "coordinates": [406017.05484249996, 4701147.264749001]}, "properties": {"source_tile": "K-35-052-4_32635_x1680_y672.png", "label": "burial_mound", "subtype": "burial_mound", "cluster_size": 1, "origin_tiles": "K-35-052-4_32635_x1728_y768.png"}}, {"type": "Feature", "geometry": {"type": "Point", "coordinates": [405888.1521865001, 4700891.383357501]}, "properties": {"source_tile": "K-35-052-4_32635_x1680_y672.png", "label": "burial_mound", "subtype": "burial_mound", "cluster_size": 1, "origin_tiles": "K-35-052-4_32635_x1728_y768.png"}}, {"type": "Feature", "geometry": {"type": "Point", "coordinates": [406426.8498535, 4701706.1635785]}, "properties": {"source_tile": "K-35-052-4_32635_x1680_y672.png", "label": "burial_mound", "subtype": "burial_mound", "cluster_size": 1, "origin_tiles": "K-35-052-4_32635_x1536_y768.png"}}, {"type": "Feature", "geometry": {"type": "Point", "coordinates": [404151.81417062506, 4701849.736126625]}, "properties": {"source_tile": "K-35-052-4_32635_x1344_y672.png", "label": "burial_mound", "subtype": "burial_mound", "cluster_size": 4, "origin_tiles": "K-35-052-4_32635_x1152_y576.png;K-35-052-4_32635_x1152_y768.png;K-35-052-4_32635_x1344_y576.png;K-35-052-4_32635_x1344_y768.png"}}, {"type": "Feature", "geometry": {"type": "Point", "coordinates": [403158.43002, 4688007.530821]}, "properties": {"source_tile": "K-35-052-4_32635_x1008_y3360.png", "label": "burial_mound", "subtype": "burial_mound", "cluster_size": 3, "origin_tiles": "K-35-052-4_32635_x1152_y3264.png;K-35-052-4_32635_x960_y3264.png;K-35-052-4_32635_x960_y3456.png"}}, {"type": "Feature", "geometry": {"type": "Point", "coordinates": [397220.891508, 4691082.756997]}, "properties": {"source_tile": "K-35-052-4_32635_x0_y2688.png", "label": "burial_mound", "subtype": "burial_mound", "cluster_size": 2, "origin_tiles": "K-35-052-4_32635_x0_y2688.png;K-35-052-4_32635_x0_y2880.png"}}, {"type": "Feature", "geometry": {"type": "Point", "coordinates": [398664.793648, 4691241.96139675]}, "properties": {"source_tile": "K-35-052-4_32635_x0_y2688.png", "label": "burial_mound", "subtype": "burial_mound", "cluster_size": 2, "origin_tiles": "K-35-052-4_32635_x0_y2688.png;K-35-052-4_32635_x192_y2688.png"}}, {"type": "Feature", "geometry": {"type": "Point", "coordinates": [398280.250089875, 4700107.385859875]}, "properties": {"source_tile": "K-35-052-4_32635_x0_y1008.png", "label": "burial_mound", "subtype": "burial_mound", "cluster_size": 4, "origin_tiles": "K-35-052-4_32635_x0_y1152.png;K-35-052-4_32635_x0_y960.png;K-35-052-4_32635_x192_y1152.png;K-35-052-4_32635_x192_y960.png"}}, {"type": "Feature", "geometry": {"type": "Point", "coordinates": [398033.74780949997, 4688318.083613001]}, "properties": {"source_tile": "K-35-052-4_32635_x0_y3360.png", "label": "settlement_mound", "subtype": "settlement_mound", "cluster_size": 2, "origin_tiles": "K-35-052-4_32635_x0_y3456.png;K-35-052-4_32635_x192_y3456.png"}}, {"type": "Feature", "geometry": {"type": "Point", "coordinates": [398417.56989700004, 4702692.653681626]}, "properties": {"source_tile": "K-35-052-4_32635_x0_y336.png", "label": "burial_mound", "subtype": "burial_mound", "cluster_size": 4, "origin_tiles": "K-35-052-4_32635_x0_y384.png;K-35-052-4_32635_x0_y576.png;K-35-052-4_32635_x192_y384.png;K-35-052-4_32635_x192_y576.png"}}, {"type": "Feature", "geometry": {"type": "Point", "coordinates": [398246.821975625, 4702352.360289]}, "properties": {"source_tile": "K-35-052-4_32635_x0_y672.png", "label": "burial_mound", "subtype": "burial_mound", "cluster_size": 4, "origin_tiles": "K-35-052-4_32635_x0_y384.png;K-35-052-4_32635_x0_y576.png;K-35-052-4_32635_x192_y384.png;K-35-052-4_32635_x192_y576.png"}}, {"type": "Feature", "geometry": {"type": "Point", "coordinates": [406707.5017185, 4704340.972346375]}, "properties": {"source_tile": "K-35-052-4_32635_x1680_y0.png", "label": "triangulation_mound", "subtype": "triangulation_mound", "cluster_size": 4, "origin_tiles": "K-35-052-4_32635_x1728_y0.png;K-35-052-4_32635_x1728_y192.png;K-35-052-4_32635_x1920_y0.png;K-35-052-4_32635_x1920_y192.png"}}, {"type": "Feature", "geometry": {"type": "Point", "coordinates": [407187.27932825, 4704092.7866355]}, "properties": {"source_tile": "K-35-052-4_32635_x2016_y336.png", "label": "burial_mound", "subtype": "burial_mound", "cluster_size": 2, "origin_tiles": "K-35-052-4_32635_x1728_y192.png;K-35-052-4_32635_x1920_y192.png"}}, {"type": "Feature", "geometry": {"type": "Point", "coordinates": [406450.89885650005, 4687469.1538075]}, "properties": {"source_tile": "K-35-052-4_32635_x1680_y3360.png", "label": "burial_mound", "subtype": "burial_mound", "cluster_size": 1, "origin_tiles": "K-35-052-4_32635_x1728_y3648.png"}}, {"type": "Feature", "geometry": {"type": "Point", "coordinates": [403582.81475975, 4703645.475180001]}, "properties": {"source_tile": "K-35-052-4_32635_x1008_y336.png", "label": "burial_mound", "subtype": "burial_mound", "cluster_size": 2, "origin_tiles": "K-35-052-4_32635_x1152_y192.png;K-35-052-4_32635_x1152_y384.png"}}, {"type": "Feature", "geometry": {"type": "Point", "coordinates": [407827.46378800005, 4699433.051815999]}, "properties": {"source_tile": "K-35-052-4_32635_x2016_y1008.png", "label": "benchmark_mound", "subtype": "benchmark_mound", "cluster_size": 1, "origin_tiles": "K-35-052-4_32635_x1920_y1152.png"}}, {"type": "Feature", "geometry": {"type": "Point", "coordinates": [398368.990911, 4698516.784801751]}, "properties": {"source_tile": "K-35-052-4_32635_x0_y1344.png", "label": "burial_mound", "subtype": "burial_mound", "cluster_size": 2, "origin_tiles": "K-35-052-4_32635_x0_y1344.png;K-35-052-4_32635_x192_y1344.png"}}, {"type": "Feature", "geometry": {"type": "Point", "coordinates": [398519.53767, 4698528.8093035]}, "properties": {"source_tile": "K-35-052-4_32635_x0_y1344.png", "label": "burial_mound", "subtype": "burial_mound", "cluster_size": 2, "origin_tiles": "K-35-052-4_32635_x0_y1344.png;K-35-052-4_32635_x192_y1344.png"}}, {"type": "Feature", "geometry": {"type": "Point", "coordinates": [398414.6840165, 4698452.333474]}, "properties": {"source_tile": "K-35-052-4_32635_x0_y1344.png", "label": "burial_mound", "subtype": "burial_mound", "cluster_size": 2, "origin_tiles": "K-35-052-4_32635_x0_y1344.png;K-35-052-4_32635_x192_y1344.png"}}, {"type": "Feature", "geometry": {"type": "Point", "coordinates": [404982.6270606667, 4688905.680919667]}, "properties": {"source_tile": "K-35-052-4_32635_x1344_y3360.png", "label": "triangulation_mound", "subtype": "triangulation_mound", "cluster_size": 3, "origin_tiles": "K-35-052-4_32635_x1344_y3072.png;K-35-052-4_32635_x1344_y3264.png;K-35-052-4_32635_x1536_y3264.png"}}, {"type": "Feature", "geometry": {"type": "Point", "coordinates": [403475.07522625, 4702247.74712625]}, "properties": {"source_tile": "K-35-052-4_32635_x1008_y672.png", "label": "triangulation_mound", "subtype": "triangulation_mound", "cluster_size": 2, "origin_tiles": "K-35-052-4_32635_x1152_y576.png;K-35-052-4_32635_x960_y576.png"}}, {"type": "Feature", "geometry": {"type": "Point", "coordinates": [405202.274621, 4687728.883039999]}, "properties": {"source_tile": "K-35-052-4_32635_x1344_y3360.png", "label": "burial_mound", "subtype": "burial_mound", "cluster_size": 1, "origin_tiles": "K-35-052-4_32635_x1536_y3456.png"}}, {"type": "Feature", "geometry": {"type": "Point", "coordinates": [398675.6958626667, 4693347.371445667]}, "properties": {"source_tile": "K-35-052-4_32635_x0_y2352.png", "label": "triangulation_mound", "subtype": "triangulation_mound", "cluster_size": 3, "origin_tiles": "K-35-052-4_32635_x0_y2304.png;K-35-052-4_32635_x0_y2496.png;K-35-052-4_32635_x192_y2304.png"}}, {"type": "Feature", "geometry": {"type": "Point", "coordinates": [398700.14568225003, 4693230.813944249]}, "properties": {"source_tile": "K-35-052-4_32635_x336_y2352.png", "label": "burial_mound", "subtype": "burial_mound", "cluster_size": 4, "origin_tiles": "K-35-052-4_32635_x0_y2304.png;K-35-052-4_32635_x0_y2496.png;K-35-052-4_32635_x192_y2304.png;K-35-052-4_32635_x192_y2496.png"}}, {"type": "Feature", "geometry": {"type": "Point", "coordinates": [398734.77624649997, 4693111.5308895]}, "properties": {"source_tile": "K-35-052-4_32635_x336_y2352.png", "label": "burial_mound", "subtype": "burial_mound", "cluster_size": 4, "origin_tiles": "K-35-052-4_32635_x0_y2304.png;K-35-052-4_32635_x0_y2496.png;K-35-052-4_32635_x192_y2304.png;K-35-052-4_32635_x192_y2496.png"}}, {"type": "Feature", "geometry": {"type": "Point", "coordinates": [397145.858619, 4691906.6758395005]}, "properties": {"source_tile": "K-35-052-4_32635_x0_y2688.png", "label": "burial_mound", "subtype": "burial_mound", "cluster_size": 1, "origin_tiles": "K-35-052-4_32635_x0_y2496.png"}}, {"type": "Feature", "geometry": {"type": "Point", "coordinates": [406741.89179275, 4687837.58453325]}, "properties": {"source_tile": "K-35-052-4_32635_x1680_y3360.png", "label": "burial_mound", "subtype": "burial_mound", "cluster_size": 2, "origin_tiles": "K-35-052-4_32635_x1728_y3264.png;K-35-052-4_32635_x1728_y3456.png"}}, {"type": "Feature", "geometry": {"type": "Point", "coordinates": [406993.44436400005, 4698238.2973475]}, "properties": {"source_tile": "K-35-052-4_32635_x2016_y1344.png", "label": "burial_mound", "subtype": "burial_mound", "cluster_size": 1, "origin_tiles": "K-35-052-4_32635_x1920_y1344.png"}}, {"type": "Feature", "geometry": {"type": "Point", "coordinates": [397638.38220000005, 4689934.1766139995]}, "properties": {"source_tile": "K-35-052-4_32635_x0_y3024.png", "label": "burial_mound", "subtype": "burial_mound", "cluster_size": 2, "origin_tiles": "K-35-052-4_32635_x0_y2880.png;K-35-052-4_32635_x0_y3072.png"}}, {"type": "Feature", "geometry": {"type": "Point", "coordinates": [408398.86809899996, 4703859.99228675]}, "properties": {"source_tile": "K-35-052-4_32635_x2016_y336.png", "label": "burial_mound", "subtype": "burial_mound", "cluster_size": 2, "origin_tiles": "K-35-052-4_32635_x1920_y192.png;K-35-052-4_32635_x1920_y384.png"}}, {"type": "Feature", "geometry": {"type": "Point", "coordinates": [407896.48442625, 4700382.746944]}, "properties": {"source_tile": "K-35-052-4_32635_x2016_y1008.png", "label": "burial_mound", "subtype": "burial_mound", "cluster_size": 4, "origin_tiles": "K-35-052-4_32635_x1920_y768.png;K-35-052-4_32635_x1920_y960.png;K-35-052-4_32635_x2112_y768.png;K-35-052-4_32635_x2112_y960.png"}}, {"type": "Feature", "geometry": {"type": "Point", "coordinates": [407330.61138575, 4700515.256950751]}, "properties": {"source_tile": "K-35-052-4_32635_x2016_y1008.png", "label": "burial_mound", "subtype": "burial_mound", "cluster_size": 2, "origin_tiles": "K-35-052-4_32635_x1920_y768.png;K-35-052-4_32635_x1920_y960.png"}}, {"type": "Feature", "geometry": {"type": "Point", "coordinates": [397341.136523, 4701009.704452001]}, "properties": {"source_tile": "K-35-052-4_32635_x0_y672.png", "label": "benchmark_mound", "subtype": "benchmark_mound", "cluster_size": 1, "origin_tiles": "K-35-052-4_32635_x0_y768.png"}}, {"type": "Feature", "geometry": {"type": "Point", "coordinates": [398382.698842875, 4697181.8246456245]}, "properties": {"source_tile": "K-35-052-4_32635_x0_y1680.png", "label": "burial_mound", "subtype": "burial_mound", "cluster_size": 4, "origin_tiles": "K-35-052-4_32635_x0_y1536.png;K-35-052-4_32635_x0_y1728.png;K-35-052-4_32635_x192_y1536.png;K-35-052-4_32635_x192_y1728.png"}}, {"type": "Feature", "geometry": {"type": "Point", "coordinates": [398458.212712375, 4697240.263723125]}, "properties": {"source_tile": "K-35-052-4_32635_x0_y1680.png", "label": "burial_mound", "subtype": "burial_mound", "cluster_size": 4, "origin_tiles": "K-35-052-4_32635_x0_y1536.png;K-35-052-4_32635_x0_y1728.png;K-35-052-4_32635_x192_y1536.png;K-35-052-4_32635_x192_y1728.png"}}, {"type": "Feature", "geometry": {"type": "Point", "coordinates": [399741.22702199995, 4703518.496444]}, "properties": {"source_tile": "K-35-052-4_32635_x336_y336.png", "label": "burial_mound", "subtype": "burial_mound", "cluster_size": 1, "origin_tiles": "K-35-052-4_32635_x192_y192.png"}}, {"type": "Feature", "geometry": {"type": "Point", "coordinates": [404067.16167975, 4687591.803722749]}, "properties": {"source_tile": "K-35-052-4_32635_x1344_y3360.png", "label": "burial_mound", "subtype": "burial_mound", "cluster_size": 2, "origin_tiles": "K-35-052-4_32635_x1152_y3648.png;K-35-052-4_32635_x1344_y3456.png"}}, {"type": "Feature", "geometry": {"type": "Point", "coordinates": [399294.39654625, 4705154.30962775]}, "properties": {"source_tile": "K-35-052-4_32635_x336_y0.png", "label": "benchmark_mound", "subtype": "benchmark_mound", "cluster_size": 2, "origin_tiles": "K-35-052-4_32635_x192_y0.png;K-35-052-4_32635_x384_y0.png"}}, {"type": "Feature", "geometry": {"type": "Point", "coordinates": [404755.9251260001, 4703714.736308998]}, "properties": {"source_tile": "K-35-052-4_32635_x1344_y336.png", "label": "burial_mound", "subtype": "burial_mound", "cluster_size": 1, "origin_tiles": "K-35-052-4_32635_x1344_y192.png"}}, {"type": "Feature", "geometry": {"type": "Point", "coordinates": [403724.70387699996, 4703811.894281]}, "properties": {"source_tile": "K-35-052-4_32635_x1008_y336.png", "label": "burial_mound", "subtype": "burial_mound", "cluster_size": 1, "origin_tiles": "K-35-052-4_32635_x1344_y192.png"}}, {"type": "Feature", "geometry": {"type": "Point", "coordinates": [404379.79871899995, 4703313.598939001]}, "properties": {"source_tile": "K-35-052-4_32635_x1344_y336.png", "label": "burial_mound", "subtype": "burial_mound", "cluster_size": 1, "origin_tiles": "K-35-052-4_32635_x1344_y192.png"}}, {"type": "Feature", "geometry": {"type": "Point", "coordinates": [404407.695562, 4703246.26173]}, "properties": {"source_tile": "K-35-052-4_32635_x1344_y336.png", "label": "burial_mound", "subtype": "burial_mound", "cluster_size": 1, "origin_tiles": "K-35-052-4_32635_x1344_y192.png"}}, {"type": "Feature", "geometry": {"type": "Point", "coordinates": [405161.872296, 4704047.574510001]}, "properties": {"source_tile": "K-35-052-4_32635_x1344_y336.png", "label": "burial_mound", "subtype": "burial_mound", "cluster_size": 1, "origin_tiles": "K-35-052-4_32635_x1344_y192.png"}}, {"type": "Feature", "geometry": {"type": "Point", "coordinates": [405013.73043799994, 4704080.281154]}, "properties": {"source_tile": "K-35-052-4_32635_x1344_y336.png", "label": "burial_mound", "subtype": "burial_mound", "cluster_size": 1, "origin_tiles": "K-35-052-4_32635_x1344_y192.png"}}, {"type": "Feature", "geometry": {"type": "Point", "coordinates": [399235.23599875, 4697301.34819075]}, "properties": {"source_tile": "K-35-052-4_32635_x336_y1680.png", "label": "triangulation_mound", "subtype": "triangulation_mound", "cluster_size": 4, "origin_tiles": "K-35-052-4_32635_x192_y1536.png;K-35-052-4_32635_x192_y1728.png;K-35-052-4_32635_x384_y1536.png;K-35-052-4_32635_x384_y1728.png"}}, {"type": "Feature", "geometry": {"type": "Point", "coordinates": [398018.3564475, 4688764.914088501]}, "properties": {"source_tile": "K-35-052-4_32635_x0_y3360.png", "label": "burial_mound", "subtype": "burial_mound", "cluster_size": 1, "origin_tiles": "K-35-052-4_32635_x0_y3264.png"}}, {"type": "Feature", "geometry": {"type": "Point", "coordinates": [409191.04225724994, 4704743.07167675]}, "properties": {"source_tile": "K-35-052-4_32635_x2352_y0.png", "label": "burial_mound", "subtype": "burial_mound", "cluster_size": 2, "origin_tiles": "K-35-052-4_32635_x2112_y0.png;K-35-052-4_32635_x2304_y0.png"}}, {"type": "Feature", "geometry": {"type": "Point", "coordinates": [403517.88245150005, 4703955.226338499]}, "properties": {"source_tile": "K-35-052-4_32635_x1008_y336.png", "label": "burial_mound", "subtype": "burial_mound", "cluster_size": 1, "origin_tiles": "K-35-052-4_32635_x1152_y384.png"}}, {"type": "Feature", "geometry": {"type": "Point", "coordinates": [398888.9303555, 4698137.2915345]}, "properties": {"source_tile": "K-35-052-4_32635_x336_y1344.png", "label": "burial_mound", "subtype": "burial_mound", "cluster_size": 1, "origin_tiles": "K-35-052-4_32635_x192_y1344.png"}}, {"type": "Feature", "geometry": {"type": "Point", "coordinates": [398990.8981284999, 4697951.6332315]}, "properties": {"source_tile": "K-35-052-4_32635_x336_y1344.png", "label": "burial_mound", "subtype": "burial_mound", "cluster_size": 1, "origin_tiles": "K-35-052-4_32635_x192_y1344.png"}}, {"type": "Feature", "geometry": {"type": "Point", "coordinates": [407836.121429, 4699457.100819]}, "properties": {"source_tile": "K-35-052-4_32635_x2016_y1008.png", "label": "triangulation_mound", "subtype": "triangulation_mound", "cluster_size": 1, "origin_tiles": "K-35-052-4_32635_x2112_y1152.png"}}, {"type": "Feature", "geometry": {"type": "Point", "coordinates": [408420.9931815, 4703860.473267]}, "properties": {"source_tile": "K-35-052-4_32635_x2016_y336.png", "label": "burial_mound", "subtype": "burial_mound", "cluster_size": 2, "origin_tiles": "K-35-052-4_32635_x2112_y192.png;K-35-052-4_32635_x2112_y384.png"}}, {"type": "Feature", "geometry": {"type": "Point", "coordinates": [408478.71078900003, 4696946.384906501]}, "properties": {"source_tile": "K-35-052-4_32635_x2016_y1680.png", "label": "burial_mound", "subtype": "burial_mound", "cluster_size": 1, "origin_tiles": "K-35-052-4_32635_x2112_y1728.png"}}, {"type": "Feature", "geometry": {"type": "Point", "coordinates": [406626.9375585, 4705478.971167999]}, "properties": {"source_tile": "K-35-052-4_32635_x1680_y0.png", "label": "triangulation_mound", "subtype": "triangulation_mound", "cluster_size": 1, "origin_tiles": "K-35-052-4_32635_x1920_y0.png"}}, {"type": "Feature", "geometry": {"type": "Point", "coordinates": [406636.5571595001, 4705353.9163525]}, "properties": {"source_tile": "K-35-052-4_32635_x1680_y0.png", "label": "burial_mound", "subtype": "burial_mound", "cluster_size": 2, "origin_tiles": "K-35-052-4_32635_x1728_y0.png;K-35-052-4_32635_x1920_y0.png"}}, {"type": "Feature", "geometry": {"type": "Point", "coordinates": [406710.6280885, 4705377.965355501]}, "properties": {"source_tile": "K-35-052-4_32635_x1680_y0.png", "label": "burial_mound", "subtype": "burial_mound", "cluster_size": 1, "origin_tiles": "K-35-052-4_32635_x1920_y0.png"}}, {"type": "Feature", "geometry": {"type": "Point", "coordinates": [407215.1761715, 4705553.52307725]}, "properties": {"source_tile": "K-35-052-4_32635_x2016_y0.png", "label": "burial_mound", "subtype": "burial_mound", "cluster_size": 2, "origin_tiles": "K-35-052-4_32635_x1728_y0.png;K-35-052-4_32635_x1920_y0.png"}}, {"type": "Feature", "geometry": {"type": "Point", "coordinates": [407231.0485135, 4705479.452148]}, "properties": {"source_tile": "K-35-052-4_32635_x2016_y0.png", "label": "burial_mound", "subtype": "burial_mound", "cluster_size": 2, "origin_tiles": "K-35-052-4_32635_x1728_y0.png;K-35-052-4_32635_x1920_y0.png"}}, {"type": "Feature", "geometry": {"type": "Point", "coordinates": [407105.51271775004, 4705315.437948]}, "properties": {"source_tile": "K-35-052-4_32635_x1680_y0.png", "label": "burial_mound", "subtype": "burial_mound", "cluster_size": 2, "origin_tiles": "K-35-052-4_32635_x1728_y0.png;K-35-052-4_32635_x1920_y0.png"}}, {"type": "Feature", "geometry": {"type": "Point", "coordinates": [407100.22193699994, 4705230.785456999]}, "properties": {"source_tile": "K-35-052-4_32635_x1680_y0.png", "label": "burial_mound", "subtype": "burial_mound", "cluster_size": 1, "origin_tiles": "K-35-052-4_32635_x1920_y0.png"}}, {"type": "Feature", "geometry": {"type": "Point", "coordinates": [407178.140707, 4705180.763530999]}, "properties": {"source_tile": "K-35-052-4_32635_x2016_y0.png", "label": "burial_mound", "subtype": "burial_mound", "cluster_size": 2, "origin_tiles": "K-35-052-4_32635_x1728_y0.png;K-35-052-4_32635_x1920_y0.png"}}, {"type": "Feature", "geometry": {"type": "Point", "coordinates": [398994.2649886251, 4695508.254527626]}, "properties": {"source_tile": "K-35-052-4_32635_x336_y2016.png", "label": "burial_mound", "subtype": "burial_mound", "cluster_size": 4, "origin_tiles": "K-35-052-4_32635_x192_y1728.png;K-35-052-4_32635_x192_y1920.png;K-35-052-4_32635_x384_y1728.png;K-35-052-4_32635_x384_y1920.png"}}, {"type": "Feature", "geometry": {"type": "Point", "coordinates": [407949.151743, 4702848.010241]}, "properties": {"source_tile": "K-35-052-4_32635_x2016_y336.png", "label": "benchmark_mound", "subtype": "benchmark_mound", "cluster_size": 2, "origin_tiles": "K-35-052-4_32635_x1920_y576.png;K-35-052-4_32635_x2112_y576.png"}}, {"type": "Feature", "geometry": {"type": "Point", "coordinates": [399032.74339375005, 4700114.600560499]}, "properties": {"source_tile": "K-35-052-4_32635_x336_y1008.png", "label": "burial_mound", "subtype": "burial_mound", "cluster_size": 2, "origin_tiles": "K-35-052-4_32635_x192_y1152.png;K-35-052-4_32635_x192_y960.png"}}, {"type": "Feature", "geometry": {"type": "Point", "coordinates": [399228.50227824994, 4700028.024150001]}, "properties": {"source_tile": "K-35-052-4_32635_x336_y1008.png", "label": "burial_mound", "subtype": "burial_mound", "cluster_size": 2, "origin_tiles": "K-35-052-4_32635_x192_y960.png;K-35-052-4_32635_x384_y1152.png"}}, {"type": "Feature", "geometry": {"type": "Point", "coordinates": [404020.987594, 4688864.957941]}, "properties": {"source_tile": "K-35-052-4_32635_x1344_y3360.png", "label": "benchmark_mound", "subtype": "benchmark_mound", "cluster_size": 1, "origin_tiles": "K-35-052-4_32635_x1152_y3072.png"}}, {"type": "Feature", "geometry": {"type": "Point", "coordinates": [403208.13129299995, 4689570.074709]}, "properties": {"source_tile": "K-35-052-4_32635_x1008_y3024.png", "label": "benchmark_mound", "subtype": "benchmark_mound", "cluster_size": 1, "origin_tiles": "K-35-052-4_32635_x1152_y3072.png"}}, {"type": "Feature", "geometry": {"type": "Point", "coordinates": [408888.5058, 4696811.710489499]}, "properties": {"source_tile": "K-35-052-4_32635_x2016_y1680.png", "label": "burial_mound", "subtype": "burial_mound", "cluster_size": 1, "origin_tiles": "K-35-052-4_32635_x2304_y1728.png"}}, {"type": "Feature", "geometry": {"type": "Point", "coordinates": [409321.3878535, 4695869.9515325]}, "properties": {"source_tile": "K-35-052-4_32635_x2352_y1680.png", "label": "burial_mound", "subtype": "burial_mound", "cluster_size": 1, "origin_tiles": "K-35-052-4_32635_x2304_y1728.png"}}, {"type": "Feature", "geometry": {"type": "Point", "coordinates": [399004.36556999997, 4701634.978529999]}, "properties": {"source_tile": "K-35-052-4_32635_x336_y672.png", "label": "benchmark_mound", "subtype": "benchmark_mound", "cluster_size": 1, "origin_tiles": "K-35-052-4_32635_x192_y768.png"}}, {"type": "Feature", "geometry": {"type": "Point", "coordinates": [398686.4377505, 4689142.9644155]}, "properties": {"source_tile": "K-35-052-4_32635_x0_y3024.png", "label": "benchmark_mound", "subtype": "benchmark_mound", "cluster_size": 2, "origin_tiles": "K-35-052-4_32635_x192_y3072.png;K-35-052-4_32635_x192_y3264.png"}}, {"type": "Feature", "geometry": {"type": "Point", "coordinates": [398713.372634, 4702809.531835999]}, "properties": {"source_tile": "K-35-052-4_32635_x336_y336.png", "label": "burial_mound", "subtype": "burial_mound", "cluster_size": 2, "origin_tiles": "K-35-052-4_32635_x192_y384.png;K-35-052-4_32635_x192_y576.png"}}, {"type": "Feature", "geometry": {"type": "Point", "coordinates": [399707.5584175, 4702660.1875272505]}, "properties": {"source_tile": "K-35-052-4_32635_x336_y336.png", "label": "burial_mound", "subtype": "burial_mound", "cluster_size": 4, "origin_tiles": "K-35-052-4_32635_x192_y384.png;K-35-052-4_32635_x192_y576.png;K-35-052-4_32635_x384_y384.png;K-35-052-4_32635_x384_y576.png"}}, {"type": "Feature", "geometry": {"type": "Point", "coordinates": [409194.4091175, 4704930.653899999]}, "properties": {"source_tile": "K-35-052-4_32635_x2352_y0.png", "label": "burial_mound", "subtype": "burial_mound", "cluster_size": 1, "origin_tiles": "K-35-052-4_32635_x2304_y192.png"}}, {"type": "Feature", "geometry": {"type": "Point", "coordinates": [409632.1009725, 4704490.076165]}, "properties": {"source_tile": "K-35-052-4_32635_x2352_y0.png", "label": "burial_mound", "subtype": "burial_mound", "cluster_size": 1, "origin_tiles": "K-35-052-4_32635_x2304_y192.png"}}, {"type": "Feature", "geometry": {"type": "Point", "coordinates": [409580.15512600006, 4704159.161884]}, "properties": {"source_tile": "K-35-052-4_32635_x2352_y336.png", "label": "burial_mound", "subtype": "burial_mound", "cluster_size": 1, "origin_tiles": "K-35-052-4_32635_x2304_y192.png"}}, {"type": "Feature", "geometry": {"type": "Point", "coordinates": [409614.78569050005, 4703474.2462785]}, "properties": {"source_tile": "K-35-052-4_32635_x2352_y336.png", "label": "burial_mound", "subtype": "burial_mound", "cluster_size": 1, "origin_tiles": "K-35-052-4_32635_x2304_y192.png"}}, {"type": "Feature", "geometry": {"type": "Point", "coordinates": [409856.8789868333, 4703529.3986588335]}, "properties": {"source_tile": "K-35-052-4_32635_x2352_y336.png", "label": "burial_mound", "subtype": "burial_mound", "cluster_size": 3, "origin_tiles": "K-35-052-4_32635_x2304_y192.png;K-35-052-4_32635_x2304_y384.png;K-35-052-4_32635_x2496_y192.png"}}, {"type": "Feature", "geometry": {"type": "Point", "coordinates": [409158.8165935, 4703337.647941999]}, "properties": {"source_tile": "K-35-052-4_32635_x2352_y336.png", "label": "burial_mound", "subtype": "burial_mound", "cluster_size": 1, "origin_tiles": "K-35-052-4_32635_x2304_y192.png"}}, {"type": "Feature", "geometry": {"type": "Point", "coordinates": [408587.41228249995, 4703295.321696499]}, "properties": {"source_tile": "K-35-052-4_32635_x2016_y336.png", "label": "burial_mound", "subtype": "burial_mound", "cluster_size": 1, "origin_tiles": "K-35-052-4_32635_x2304_y192.png"}}, {"type": "Feature", "geometry": {"type": "Point", "coordinates": [399653.688651, 4703248.1856505]}, "properties": {"source_tile": "K-35-052-4_32635_x336_y336.png", "label": "burial_mound", "subtype": "burial_mound", "cluster_size": 1, "origin_tiles": "K-35-052-4_32635_x192_y384.png"}}, {"type": "Feature", "geometry": {"type": "Point", "coordinates": [411034.879317, 4699163.9434725]}, "properties": {"source_tile": "K-35-052-4_32635_x2688_y1008.png", "label": "triangulation_mound", "subtype": "triangulation_mound", "cluster_size": 4, "origin_tiles": "K-35-052-4_32635_x2496_y1152.png;K-35-052-4_32635_x2496_y1344.png;K-35-052-4_32635_x2688_y1152.png;K-35-052-4_32635_x2688_y1344.png"}}, {"type": "Feature", "geometry": {"type": "Point", "coordinates": [408033.3232535, 4697815.99685475]}, "properties": {"source_tile": "K-35-052-4_32635_x2016_y1344.png", "label": "burial_mound", "subtype": "burial_mound", "cluster_size": 2, "origin_tiles": "K-35-052-4_32635_x2112_y1344.png;K-35-052-4_32635_x2112_y1536.png"}}, {"type": "Feature", "geometry": {"type": "Point", "coordinates": [408982.29691150005, 4697336.4597350005]}, "properties": {"source_tile": "K-35-052-4_32635_x2352_y1680.png", "label": "burial_mound", "subtype": "burial_mound", "cluster_size": 2, "origin_tiles": "K-35-052-4_32635_x2112_y1536.png;K-35-052-4_32635_x2304_y1536.png"}}, {"type": "Feature", "geometry": {"type": "Point", "coordinates": [410320.864418, 4699204.1053075]}, "properties": {"source_tile": "K-35-052-4_32635_x2352_y1008.png", "label": "burial_mound", "subtype": "burial_mound", "cluster_size": 1, "origin_tiles": "K-35-052-4_32635_x2304_y1344.png"}}, {"type": "Feature", "geometry": {"type": "Point", "coordinates": [410878.56079712504, 4702419.937987625]}, "properties": {"source_tile": "K-35-052-4_32635_x2688_y672.png", "label": "burial_mound", "subtype": "burial_mound", "cluster_size": 4, "origin_tiles": "K-35-052-4_32635_x2496_y384.png;K-35-052-4_32635_x2496_y576.png;K-35-052-4_32635_x2688_y384.png;K-35-052-4_32635_x2688_y576.png"}}, {"type": "Feature", "geometry": {"type": "Point", "coordinates": [410247.755449, 4697367.7234384995]}, "properties": {"source_tile": "K-35-052-4_32635_x2352_y1680.png", "label": "benchmark_mound", "subtype": "benchmark_mound", "cluster_size": 1, "origin_tiles": "K-35-052-4_32635_x2496_y1536.png"}}, {"type": "Feature", "geometry": {"type": "Point", "coordinates": [409577.2692455, 4702090.4666465]}, "properties": {"source_tile": "K-35-052-4_32635_x2352_y672.png", "label": "benchmark_mound", "subtype": "benchmark_mound", "cluster_size": 2, "origin_tiles": "K-35-052-4_32635_x2304_y576.png;K-35-052-4_32635_x2304_y768.png"}}, {"type": "Feature", "geometry": {"type": "Point", "coordinates": [404323.04307149997, 4704929.69194]}, "properties": {"source_tile": "K-35-052-4_32635_x1344_y0.png", "label": "burial_mound", "subtype": "burial_mound", "cluster_size": 1, "origin_tiles": "K-35-052-4_32635_x1344_y0.png"}}, {"type": "Feature", "geometry": {"type": "Point", "coordinates": [410997.12238200003, 4705052.341855]}, "properties": {"source_tile": "K-35-052-4_32635_x2688_y0.png", "label": "benchmark_mound", "subtype": "benchmark_mound", "cluster_size": 2, "origin_tiles": "K-35-052-4_32635_x2496_y0.png;K-35-052-4_32635_x2688_y0.png"}}, {"type": "Feature", "geometry": {"type": "Point", "coordinates": [410180.4182405, 4705021.0781515]}, "properties": {"source_tile": "K-35-052-4_32635_x2352_y0.png", "label": "benchmark_mound", "subtype": "benchmark_mound", "cluster_size": 1, "origin_tiles": "K-35-052-4_32635_x2496_y0.png"}}, {"type": "Feature", "geometry": {"type": "Point", "coordinates": [411621.91547975, 4704136.074841001]}, "properties": {"source_tile": "K-35-052-4_32635_x2688_y336.png", "label": "benchmark_mound", "subtype": "benchmark_mound", "cluster_size": 2, "origin_tiles": "K-35-052-4_32635_x2688_y192.png;K-35-052-4_32635_x2880_y0.png"}}, {"type": "Feature", "geometry": {"type": "Point", "coordinates": [411227.03085075004, 4696331.21141]}, "properties": {"source_tile": "K-35-052-4_32635_x2688_y1680.png", "label": "triangulation_mound", "subtype": "triangulation_mound", "cluster_size": 2, "origin_tiles": "K-35-052-4_32635_x2496_y1728.png;K-35-052-4_32635_x2688_y1728.png"}}, {"type": "Feature", "geometry": {"type": "Point", "coordinates": [409915.8792076667, 4700732.980590833]}, "properties": {"source_tile": "K-35-052-4_32635_x2352_y1008.png", "label": "burial_mound", "subtype": "burial_mound", "cluster_size": 3, "origin_tiles": "K-35-052-4_32635_x2304_y960.png;K-35-052-4_32635_x2496_y768.png;K-35-052-4_32635_x2496_y960.png"}}, {"type": "Feature", "geometry": {"type": "Point", "coordinates": [409608.5329495, 4689356.0385825]}, "properties": {"source_tile": "K-35-052-4_32635_x2352_y3024.png", "label": "benchmark_mound", "subtype": "benchmark_mound", "cluster_size": 2, "origin_tiles": "K-35-052-4_32635_x2304_y3072.png;K-35-052-4_32635_x2496_y3072.png"}}, {"type": "Feature", "geometry": {"type": "Point", "coordinates": [409951.95271225006, 4689523.419643]}, "properties": {"source_tile": "K-35-052-4_32635_x2352_y3024.png", "label": "benchmark_mound", "subtype": "benchmark_mound", "cluster_size": 2, "origin_tiles": "K-35-052-4_32635_x2304_y3072.png;K-35-052-4_32635_x2496_y3072.png"}}, {"type": "Feature", "geometry": {"type": "Point", "coordinates": [405462.00385349995, 4687570.159620001]}, "properties": {"source_tile": "K-35-052-4_32635_x1680_y3360.png", "label": "burial_mound", "subtype": "burial_mound", "cluster_size": 1, "origin_tiles": "K-35-052-4_32635_x1536_y3648.png"}}, {"type": "Feature", "geometry": {"type": "Point", "coordinates": [411550.249451, 4700999.6038707495]}, "properties": {"source_tile": "K-35-052-4_32635_x2688_y672.png", "label": "burial_mound", "subtype": "burial_mound", "cluster_size": 2, "origin_tiles": "K-35-052-4_32635_x2688_y768.png;K-35-052-4_32635_x2688_y960.png"}}, {"type": "Feature", "geometry": {"type": "Point", "coordinates": [410486.3215585, 4700408.960357251]}, "properties": {"source_tile": "K-35-052-4_32635_x2688_y1008.png", "label": "burial_mound", "subtype": "burial_mound", "cluster_size": 2, "origin_tiles": "K-35-052-4_32635_x2688_y768.png;K-35-052-4_32635_x2688_y960.png"}}, {"type": "Feature", "geometry": {"type": "Point", "coordinates": [398636.896804, 4704820.990445999]}, "properties": {"source_tile": "K-35-052-4_32635_x0_y0.png", "label": "burial_mound", "subtype": "burial_mound", "cluster_size": 1, "origin_tiles": "K-35-052-4_32635_x0_y0.png"}}, {"type": "Feature", "geometry": {"type": "Point", "coordinates": [410601.75677299994, 4689435.400292]}, "properties": {"source_tile": "K-35-052-4_32635_x2688_y3024.png", "label": "benchmark_mound", "subtype": "benchmark_mound", "cluster_size": 1, "origin_tiles": "K-35-052-4_32635_x2688_y3072.png"}}, {"type": "Feature", "geometry": {"type": "Point", "coordinates": [412445.35334225, 4690834.09030625]}, "properties": {"source_tile": "K-35-052-4_32635_x3024_y2688.png", "label": "burial_mound", "subtype": "burial_mound", "cluster_size": 2, "origin_tiles": "K-35-052-4_32635_x2880_y2688.png;K-35-052-4_32635_x2880_y2880.png"}}, {"type": "Feature", "geometry": {"type": "Point", "coordinates": [411715.7065915, 4697512.257947001]}, "properties": {"source_tile": "K-35-052-4_32635_x2688_y1344.png", "label": "burial_mound", "subtype": "burial_mound", "cluster_size": 4, "origin_tiles": "K-35-052-4_32635_x2688_y1344.png;K-35-052-4_32635_x2688_y1536.png;K-35-052-4_32635_x2880_y1344.png;K-35-052-4_32635_x2880_y1536.png"}}, {"type": "Feature", "geometry": {"type": "Point", "coordinates": [412734.42235812504, 4692733.961542625]}, "properties": {"source_tile": "K-35-052-4_32635_x3024_y2352.png", "label": "triangulation_mound", "subtype": "triangulation_mound", "cluster_size": 4, "origin_tiles": "K-35-052-4_32635_x2880_y2304.png;K-35-052-4_32635_x2880_y2496.png;K-35-052-4_32635_x3072_y2304.png;K-35-052-4_32635_x3072_y2496.png"}}, {"type": "Feature", "geometry": {"type": "Point", "coordinates": [412757.509401, 4703804.1986]}, "properties": {"source_tile": "K-35-052-4_32635_x3024_y336.png", "label": "burial_mound", "subtype": "burial_mound", "cluster_size": 1, "origin_tiles": "K-35-052-4_32635_x2880_y192.png"}}, {"type": "Feature", "geometry": {"type": "Point", "coordinates": [413111.99170525, 4695636.195223751]}, "properties": {"source_tile": "K-35-052-4_32635_x3024_y2016.png", "label": "triangulation_mound", "subtype": "triangulation_mound", "cluster_size": 4, "origin_tiles": "K-35-052-4_32635_x2880_y1728.png;K-35-052-4_32635_x2880_y1920.png;K-35-052-4_32635_x3072_y1728.png;K-35-052-4_32635_x3072_y1920.png"}}, {"type": "Feature", "geometry": {"type": "Point", "coordinates": [412561.26953650004, 4697458.14769]}, "properties": {"source_tile": "K-35-052-4_32635_x3024_y1680.png", "label": "burial_mound", "subtype": "burial_mound", "cluster_size": 1, "origin_tiles": "K-35-052-4_32635_x3072_y1536.png"}}, {"type": "Feature", "geometry": {"type": "Point", "coordinates": [413479.94145100005, 4694114.133824125]}, "properties": {"source_tile": "K-35-052-4_32635_x3024_y2352.png", "label": "burial_mound", "subtype": "burial_mound", "cluster_size": 4, "origin_tiles": "K-35-052-4_32635_x3072_y2112.png;K-35-052-4_32635_x3072_y2304.png;K-35-052-4_32635_x3264_y2112.png;K-35-052-4_32635_x3264_y2304.png"}}, {"type": "Feature", "geometry": {"type": "Point", "coordinates": [413181.73381375003, 4689651.8413189985]}, "properties": {"source_tile": "K-35-052-4_32635_x3024_y3024.png", "label": "triangulation_mound", "subtype": "triangulation_mound", "cluster_size": 2, "origin_tiles": "K-35-052-4_32635_x2880_y3072.png;K-35-052-4_32635_x3072_y3072.png"}}, {"type": "Feature", "geometry": {"type": "Point", "coordinates": [399269.86656325, 4700094.880378]}, "properties": {"source_tile": "K-35-052-4_32635_x336_y1008.png", "label": "triangulation_mound", "subtype": "triangulation_mound", "cluster_size": 2, "origin_tiles": "K-35-052-4_32635_x192_y1152.png;K-35-052-4_32635_x384_y960.png"}}, {"type": "Feature", "geometry": {"type": "Point", "coordinates": [398664.7936475, 4690310.784000999]}, "properties": {"source_tile": "K-35-052-4_32635_x0_y3024.png", "label": "benchmark_mound", "subtype": "benchmark_mound", "cluster_size": 1, "origin_tiles": "K-35-052-4_32635_x192_y2880.png"}}, {"type": "Feature", "geometry": {"type": "Point", "coordinates": [413225.9839794999, 4688765.876049001]}, "properties": {"source_tile": "K-35-052-4_32635_x3024_y3360.png", "label": "settlement_mound", "subtype": "settlement_mound", "cluster_size": 1, "origin_tiles": "K-35-052-4_32635_x3072_y3264.png"}}, {"type": "Feature", "geometry": {"type": "Point", "coordinates": [413204.50020333333, 4689262.568124]}, "properties": {"source_tile": "K-35-052-4_32635_x3024_y3024.png", "label": "burial_mound", "subtype": "burial_mound", "cluster_size": 3, "origin_tiles": "K-35-052-4_32635_x2880_y3264.png;K-35-052-4_32635_x3072_y3072.png;K-35-052-4_32635_x3072_y3264.png"}}, {"type": "Feature", "geometry": {"type": "Point", "coordinates": [413214.440458, 4689370.628310833]}, "properties": {"source_tile": "K-35-052-4_32635_x3024_y3024.png", "label": "burial_mound", "subtype": "burial_mound", "cluster_size": 3, "origin_tiles": "K-35-052-4_32635_x2880_y3264.png;K-35-052-4_32635_x3072_y3072.png;K-35-052-4_32635_x3072_y3264.png"}}, {"type": "Feature", "geometry": {"type": "Point", "coordinates": [413109.58680449997, 4689620.096635001]}, "properties": {"source_tile": "K-35-052-4_32635_x3024_y3024.png", "label": "burial_mound", "subtype": "burial_mound", "cluster_size": 1, "origin_tiles": "K-35-052-4_32635_x3072_y3264.png"}}, {"type": "Feature", "geometry": {"type": "Point", "coordinates": [413148.3858631667, 4687350.512059666]}, "properties": {"source_tile": "K-35-052-4_32635_x3024_y3696.png", "label": "burial_mound", "subtype": "burial_mound", "cluster_size": 3, "origin_tiles": "K-35-052-4_32635_x2880_y3648.png;K-35-052-4_32635_x3072_y3456.png;K-35-052-4_32635_x3072_y3648.png"}}, {"type": "Feature", "geometry": {"type": "Point", "coordinates": [413263.50042399997, 4704597.815698501]}, "properties": {"source_tile": "K-35-052-4_32635_x3024_y0.png", "label": "triangulation_mound", "subtype": "triangulation_mound", "cluster_size": 1, "origin_tiles": "K-35-052-4_32635_x3072_y0.png"}}, {"type": "Feature", "geometry": {"type": "Point", "coordinates": [413852.70099725004, 4695990.6775275]}, "properties": {"source_tile": "K-35-052-4_32635_x3360_y1680.png", "label": "burial_mound", "subtype": "burial_mound", "cluster_size": 2, "origin_tiles": "K-35-052-4_32635_x3264_y1728.png;K-35-052-4_32635_x3264_y1920.png"}}, {"type": "Feature", "geometry": {"type": "Point", "coordinates": [397238.20678999997, 4697718.8388825]}, "properties": {"source_tile": "K-35-052-4_32635_x0_y1344.png", "label": "burial_mound", "subtype": "burial_mound", "cluster_size": 1, "origin_tiles": "K-35-052-4_32635_x0_y1536.png"}}, {"type": "Feature", "geometry": {"type": "Point", "coordinates": [397302.65811849997, 4697714.029082]}, "properties": {"source_tile": "K-35-052-4_32635_x0_y1344.png", "label": "burial_mound", "subtype": "burial_mound", "cluster_size": 1, "origin_tiles": "K-35-052-4_32635_x0_y1536.png"}}, {"type": "Feature", "geometry": {"type": "Point", "coordinates": [414577.5379474999, 4690157.832341999]}, "properties": {"source_tile": "K-35-052-4_32635_x3360_y3024.png", "label": "burial_mound", "subtype": "burial_mound", "cluster_size": 2, "origin_tiles": "K-35-052-4_32635_x3264_y2880.png;K-35-052-4_32635_x3264_y3072.png"}}, {"type": "Feature", "geometry": {"type": "Point", "coordinates": [413205.78281650005, 4689988.527361]}, "properties": {"source_tile": "K-35-052-4_32635_x3024_y3024.png", "label": "burial_mound", "subtype": "burial_mound", "cluster_size": 2, "origin_tiles": "K-35-052-4_32635_x3072_y2880.png;K-35-052-4_32635_x3072_y3072.png"}}, {"type": "Feature", "geometry": {"type": "Point", "coordinates": [414845.92482099996, 4704066.813712001]}, "properties": {"source_tile": "K-35-052-4_32635_x3360_y336.png", "label": "burial_mound", "subtype": "burial_mound", "cluster_size": 1, "origin_tiles": "K-35-052-4_32635_x3264_y192.png"}}, {"type": "Feature", "geometry": {"type": "Point", "coordinates": [398674.413249, 4693363.083461]}, "properties": {"source_tile": "K-35-052-4_32635_x0_y2352.png", "label": "triangulation_mound", "subtype": "triangulation_mound", "cluster_size": 1, "origin_tiles": "K-35-052-4_32635_x192_y2496.png"}}, {"type": "Feature", "geometry": {"type": "Point", "coordinates": [414249.9905269999, 4687353.23761325]}, "properties": {"source_tile": "K-35-052-4_32635_x3360_y3696.png", "label": "burial_mound", "subtype": "burial_mound", "cluster_size": 2, "origin_tiles": "K-35-052-4_32635_x3264_y3456.png;K-35-052-4_32635_x3264_y3648.png"}}, {"type": "Feature", "geometry": {"type": "Point", "coordinates": [413970.06013175, 4703074.551849]}, "properties": {"source_tile": "K-35-052-4_32635_x3360_y336.png", "label": "benchmark_mound", "subtype": "benchmark_mound", "cluster_size": 2, "origin_tiles": "K-35-052-4_32635_x3072_y384.png;K-35-052-4_32635_x3264_y384.png"}}, {"type": "Feature", "geometry": {"type": "Point", "coordinates": [414624.6739935, 4694805.06168]}, "properties": {"source_tile": "K-35-052-4_32635_x3360_y2016.png", "label": "burial_mound", "subtype": "burial_mound", "cluster_size": 1, "origin_tiles": "K-35-052-4_32635_x3264_y1920.png"}}, {"type": "Feature", "geometry": {"type": "Point", "coordinates": [414834.38129975, 4705323.61460875]}, "properties": {"source_tile": "K-35-052-4_32635_x3360_y0.png", "label": "triangulation_mound", "subtype": "triangulation_mound", "cluster_size": 2, "origin_tiles": "K-35-052-4_32635_x3264_y0.png;K-35-052-4_32635_x3456_y0.png"}}, {"type": "Feature", "geometry": {"type": "Point", "coordinates": [402979.1847845, 4705760.8254832495]}, "properties": {"source_tile": "K-35-052-4_32635_x1008_y0.png", "label": "triangulation_mound", "subtype": "triangulation_mound", "cluster_size": 2, "origin_tiles": "K-35-052-4_32635_x1152_y0.png;K-35-052-4_32635_x960_y0.png"}}, {"type": "Feature", "geometry": {"type": "Point", "coordinates": [414334.1620375, 4691600.7725215]}, "properties": {"source_tile": "K-35-052-4_32635_x3360_y2688.png", "label": "benchmark_mound", "subtype": "benchmark_mound", "cluster_size": 1, "origin_tiles": "K-35-052-4_32635_x3456_y2688.png"}}, {"type": "Feature", "geometry": {"type": "Point", "coordinates": [414295.6836325, 4691467.060064999]}, "properties": {"source_tile": "K-35-052-4_32635_x3360_y2688.png", "label": "burial_mound", "subtype": "burial_mound", "cluster_size": 1, "origin_tiles": "K-35-052-4_32635_x3264_y2688.png"}}, {"type": "Feature", "geometry": {"type": "Point", "coordinates": [415025.17005666666, 4694666.218769499]}, "properties": {"source_tile": "K-35-052-4_32635_x3360_y2016.png", "label": "burial_mound", "subtype": "burial_mound", "cluster_size": 3, "origin_tiles": "K-35-052-4_32635_x3264_y2112.png;K-35-052-4_32635_x3456_y1920.png;K-35-052-4_32635_x3456_y2112.png"}}, {"type": "Feature", "geometry": {"type": "Point", "coordinates": [408899.08736099995, 4699748.574735002]}, "properties": {"source_tile": "K-35-052-4_32635_x2352_y1008.png", "label": "burial_mound", "subtype": "burial_mound", "cluster_size": 1, "origin_tiles": "K-35-052-4_32635_x2304_y1152.png"}}, {"type": "Feature", "geometry": {"type": "Point", "coordinates": [415380.7746475, 4687562.46393875]}, "properties": {"source_tile": "K-35-052-4_32635_x3360_y3360.png", "label": "benchmark_mound", "subtype": "benchmark_mound", "cluster_size": 2, "origin_tiles": "K-35-052-4_32635_x3456_y3456.png;K-35-052-4_32635_x3456_y3648.png"}}, {"type": "Feature", "geometry": {"type": "Point", "coordinates": [403449.58328300004, 4690310.784001]}, "properties": {"source_tile": "K-35-052-4_32635_x1008_y3024.png", "label": "burial_mound", "subtype": "burial_mound", "cluster_size": 1, "origin_tiles": "K-35-052-4_32635_x1152_y2880.png"}}, {"type": "Feature", "geometry": {"type": "Point", "coordinates": [415969.17358733335, 4690520.811960501]}, "properties": {"source_tile": "K-35-052-4_32635_x3696_y3024.png", "label": "burial_mound", "subtype": "burial_mound", "cluster_size": 3, "origin_tiles": "K-35-052-4_32635_x3456_y2880.png;K-35-052-4_32635_x3456_y3072.png;K-35-052-4_32635_x3648_y2880.png"}}, {"type": "Feature", "geometry": {"type": "Point", "coordinates": [415644.35172025, 4689042.920563251]}, "properties": {"source_tile": "K-35-052-4_32635_x3696_y3360.png", "label": "benchmark_mound", "subtype": "benchmark_mound", "cluster_size": 2, "origin_tiles": "K-35-052-4_32635_x3456_y3264.png;K-35-052-4_32635_x3648_y3264.png"}}, {"type": "Feature", "geometry": {"type": "Point", "coordinates": [415704.47422800004, 4703493.485481]}, "properties": {"source_tile": "K-35-052-4_32635_x3696_y336.png", "label": "benchmark_mound", "subtype": "benchmark_mound", "cluster_size": 2, "origin_tiles": "K-35-052-4_32635_x3456_y192.png;K-35-052-4_32635_x3456_y384.png"}}, {"type": "Feature", "geometry": {"type": "Point", "coordinates": [415916.58643399994, 4697742.8878855]}, "properties": {"source_tile": "K-35-052-4_32635_x3696_y1344.png", "label": "burial_mound", "subtype": "burial_mound", "cluster_size": 1, "origin_tiles": "K-35-052-4_32635_x3456_y1536.png"}}, {"type": "Feature", "geometry": {"type": "Point", "coordinates": [416449.27185025, 4697688.77762875]}, "properties": {"source_tile": "K-35-052-4_32635_x3696_y1344.png", "label": "triangulation_mound", "subtype": "triangulation_mound", "cluster_size": 4, "origin_tiles": "K-35-052-4_32635_x3648_y1344.png;K-35-052-4_32635_x3648_y1536.png;K-35-052-4_32635_x3840_y1344.png;K-35-052-4_32635_x3840_y1536.png"}}, {"type": "Feature", "geometry": {"type": "Point", "coordinates": [413351.03879450005, 4704501.6196865]}, "properties": {"source_tile": "K-35-052-4_32635_x3024_y0.png", "label": "burial_mound", "subtype": "burial_mound", "cluster_size": 1, "origin_tiles": "K-35-052-4_32635_x3072_y192.png"}}, {"type": "Feature", "geometry": {"type": "Point", "coordinates": [416717.8992140001, 4704289.0265]}, "properties": {"source_tile": "K-35-052-4_32635_x3696_y0.png", "label": "burial_mound", "subtype": "burial_mound", "cluster_size": 1, "origin_tiles": "K-35-052-4_32635_x3648_y0.png"}}, {"type": "Feature", "geometry": {"type": "Point", "coordinates": [416997.108138625, 4696287.201734625]}, "properties": {"source_tile": "K-35-052-4_32635_x3696_y1680.png", "label": "benchmark_mound", "subtype": "benchmark_mound", "cluster_size": 4, "origin_tiles": "K-35-052-4_32635_x3648_y1728.png;K-35-052-4_32635_x3648_y1920.png;K-35-052-4_32635_x3840_y1728.png;K-35-052-4_32635_x3840_y1920.png"}}, {"type": "Feature", "geometry": {"type": "Point", "coordinates": [415615.492917, 4704855.6210105]}, "properties": {"source_tile": "K-35-052-4_32635_x3696_y0.png", "label": "burial_mound", "subtype": "burial_mound", "cluster_size": 1, "origin_tiles": "K-35-052-4_32635_x3648_y192.png"}}, {"type": "Feature", "geometry": {"type": "Point", "coordinates": [414528.47798150004, 4687928.008785]}, "properties": {"source_tile": "K-35-052-4_32635_x3360_y3360.png", "label": "benchmark_mound", "subtype": "benchmark_mound", "cluster_size": 1, "origin_tiles": "K-35-052-4_32635_x3264_y3264.png"}}, {"type": "Feature", "geometry": {"type": "Point", "coordinates": [415419.7340325, 4696731.3868195005]}, "properties": {"source_tile": "K-35-052-4_32635_x3360_y1680.png", "label": "benchmark_mound", "subtype": "benchmark_mound", "cluster_size": 2, "origin_tiles": "K-35-052-4_32635_x3456_y1728.png;K-35-052-4_32635_x3648_y1728.png"}}, {"type": "Feature", "geometry": {"type": "Point", "coordinates": [416678.45884900005, 4687425.38462225]}, "properties": {"source_tile": "K-35-052-4_32635_x3696_y3696.png", "label": "triangulation_mound", "subtype": "triangulation_mound", "cluster_size": 2, "origin_tiles": "K-35-052-4_32635_x3648_y3648.png;K-35-052-4_32635_x3840_y3648.png"}}, {"type": "Feature", "geometry": {"type": "Point", "coordinates": [415479.8565397499, 4698409.0452685]}, "properties": {"source_tile": "K-35-052-4_32635_x3696_y1344.png", "label": "burial_mound", "subtype": "burial_mound", "cluster_size": 2, "origin_tiles": "K-35-052-4_32635_x3648_y1152.png;K-35-052-4_32635_x3648_y1344.png"}}, {"type": "Feature", "geometry": {"type": "Point", "coordinates": [415716.4987295, 4702015.9147375]}, "properties": {"source_tile": "K-35-052-4_32635_x3696_y672.png", "label": "benchmark_mound", "subtype": "benchmark_mound", "cluster_size": 1, "origin_tiles": "K-35-052-4_32635_x3648_y576.png"}}, {"type": "Feature", "geometry": {"type": "Point", "coordinates": [415767.4826155, 4701779.272547999]}, "properties": {"source_tile": "K-35-052-4_32635_x3696_y672.png", "label": "burial_mound", "subtype": "burial_mound", "cluster_size": 1, "origin_tiles": "K-35-052-4_32635_x3648_y768.png"}}, {"type": "Feature", "geometry": {"type": "Point", "coordinates": [415232.392299, 4693050.205931749]}, "properties": {"source_tile": "K-35-052-4_32635_x3360_y2352.png", "label": "burial_mound", "subtype": "burial_mound", "cluster_size": 4, "origin_tiles": "K-35-052-4_32635_x3456_y2304.png;K-35-052-4_32635_x3456_y2496.png;K-35-052-4_32635_x3648_y2304.png;K-35-052-4_32635_x3648_y2496.png"}}, {"type": "Feature", "geometry": {"type": "Point", "coordinates": [417213.9499821667, 4703286.022748667]}, "properties": {"source_tile": "K-35-052-4_32635_x4032_y336.png", "label": "burial_mound", "subtype": "burial_mound", "cluster_size": 3, "origin_tiles": "K-35-052-4_32635_x3840_y192.png;K-35-052-4_32635_x3840_y384.png;K-35-052-4_32635_x4032_y384.png"}}, {"type": "Feature", "geometry": {"type": "Point", "coordinates": [416804.23513474996, 4692985.5141136255]}, "properties": {"source_tile": "K-35-052-4_32635_x3696_y2352.png", "label": "burial_mound", "subtype": "burial_mound", "cluster_size": 4, "origin_tiles": "K-35-052-4_32635_x3648_y2304.png;K-35-052-4_32635_x3648_y2496.png;K-35-052-4_32635_x3840_y2304.png;K-35-052-4_32635_x3840_y2496.png"}}, {"type": "Feature", "geometry": {"type": "Point", "coordinates": [416631.32280300005, 4694373.8630564995]}, "properties": {"source_tile": "K-35-052-4_32635_x3696_y2016.png", "label": "triangulation_mound", "subtype": "triangulation_mound", "cluster_size": 4, "origin_tiles": "K-35-052-4_32635_x3648_y2112.png;K-35-052-4_32635_x3648_y2304.png;K-35-052-4_32635_x3840_y2112.png;K-35-052-4_32635_x3840_y2304.png"}}, {"type": "Feature", "geometry": {"type": "Point", "coordinates": [417340.287411, 4691424.733820001]}, "properties": {"source_tile": "K-35-052-4_32635_x4032_y2688.png", "label": "burial_mound", "subtype": "burial_mound", "cluster_size": 1, "origin_tiles": "K-35-052-4_32635_x3840_y2880.png"}}, {"type": "Feature", "geometry": {"type": "Point", "coordinates": [413307.75058950006, 4691193.863391001]}, "properties": {"source_tile": "K-35-052-4_32635_x3024_y2688.png", "label": "burial_mound", "subtype": "burial_mound", "cluster_size": 1, "origin_tiles": "K-35-052-4_32635_x3072_y2688.png"}}, {"type": "Feature", "geometry": {"type": "Point", "coordinates": [398340.853577375, 4694224.518748125]}, "properties": {"source_tile": "K-35-052-4_32635_x0_y2016.png", "label": "burial_mound", "subtype": "burial_mound", "cluster_size": 4, "origin_tiles": "K-35-052-4_32635_x0_y2112.png;K-35-052-4_32635_x0_y2304.png;K-35-052-4_32635_x192_y2112.png;K-35-052-4_32635_x192_y2304.png"}}, {"type": "Feature", "geometry": {"type": "Point", "coordinates": [398336.765246875, 4694108.843043625]}, "properties": {"source_tile": "K-35-052-4_32635_x0_y2016.png", "label": "burial_mound", "subtype": "burial_mound", "cluster_size": 4, "origin_tiles": "K-35-052-4_32635_x0_y2112.png;K-35-052-4_32635_x0_y2304.png;K-35-052-4_32635_x192_y2112.png;K-35-052-4_32635_x192_y2304.png"}}, {"type": "Feature", "geometry": {"type": "Point", "coordinates": [398655.17404666665, 4694218.586660667]}, "properties": {"source_tile": "K-35-052-4_32635_x0_y2016.png", "label": "burial_mound", "subtype": "burial_mound", "cluster_size": 3, "origin_tiles": "K-35-052-4_32635_x0_y2112.png;K-35-052-4_32635_x0_y2304.png;K-35-052-4_32635_x192_y2112.png"}}, {"type": "Feature", "geometry": {"type": "Point", "coordinates": [399080.1199295, 4694164.877220625]}, "properties": {"source_tile": "K-35-052-4_32635_x336_y2016.png", "label": "burial_mound", "subtype": "burial_mound", "cluster_size": 4, "origin_tiles": "K-35-052-4_32635_x192_y2112.png;K-35-052-4_32635_x192_y2304.png;K-35-052-4_32635_x384_y2112.png;K-35-052-4_32635_x384_y2304.png"}}, {"type": "Feature", "geometry": {"type": "Point", "coordinates": [399256.880101625, 4694110.285983501]}, "properties": {"source_tile": "K-35-052-4_32635_x336_y2016.png", "label": "burial_mound", "subtype": "burial_mound", "cluster_size": 4, "origin_tiles": "K-35-052-4_32635_x192_y2112.png;K-35-052-4_32635_x192_y2304.png;K-35-052-4_32635_x384_y2112.png;K-35-052-4_32635_x384_y2304.png"}}, {"type": "Feature", "geometry": {"type": "Point", "coordinates": [398522.90453012503, 4693881.339475125]}, "properties": {"source_tile": "K-35-052-4_32635_x0_y2352.png", "label": "burial_mound", "subtype": "burial_mound", "cluster_size": 4, "origin_tiles": "K-35-052-4_32635_x0_y2112.png;K-35-052-4_32635_x0_y2304.png;K-35-052-4_32635_x192_y2112.png;K-35-052-4_32635_x192_y2304.png"}}, {"type": "Feature", "geometry": {"type": "Point", "coordinates": [398464.7059430001, 4693903.705048]}, "properties": {"source_tile": "K-35-052-4_32635_x0_y2352.png", "label": "burial_mound", "subtype": "burial_mound", "cluster_size": 1, "origin_tiles": "K-35-052-4_32635_x192_y2112.png"}}, {"type": "Feature", "geometry": {"type": "Point", "coordinates": [398257.40353725, 4693763.25887025]}, "properties": {"source_tile": "K-35-052-4_32635_x0_y2352.png", "label": "burial_mound", "subtype": "burial_mound", "cluster_size": 4, "origin_tiles": "K-35-052-4_32635_x0_y2112.png;K-35-052-4_32635_x0_y2304.png;K-35-052-4_32635_x192_y2112.png;K-35-052-4_32635_x192_y2304.png"}}, {"type": "Feature", "geometry": {"type": "Point", "coordinates": [398955.30560375, 4693542.970002875]}, "properties": {"source_tile": "K-35-052-4_32635_x336_y2352.png", "label": "burial_mound", "subtype": "burial_mound", "cluster_size": 4, "origin_tiles": "K-35-052-4_32635_x192_y2112.png;K-35-052-4_32635_x192_y2304.png;K-35-052-4_32635_x384_y2112.png;K-35-052-4_32635_x384_y2304.png"}}, {"type": "Feature", "geometry": {"type": "Point", "coordinates": [417179.15909125004, 4689365.177203501]}, "properties": {"source_tile": "K-35-052-4_32635_x3696_y3024.png", "label": "benchmark_mound", "subtype": "benchmark_mound", "cluster_size": 2, "origin_tiles": "K-35-052-4_32635_x3840_y3072.png;K-35-052-4_32635_x4032_y3264.png"}}, {"type": "Feature", "geometry": {"type": "Point", "coordinates": [416362.93593, 4702651.770376001]}, "properties": {"source_tile": "K-35-052-4_32635_x3696_y336.png", "label": "burial_mound", "subtype": "burial_mound", "cluster_size": 1, "origin_tiles": "K-35-052-4_32635_x3840_y576.png"}}, {"type": "Feature", "geometry": {"type": "Point", "coordinates": [416424.02039724996, 4692028.84477475]}, "properties": {"source_tile": "K-35-052-4_32635_x3696_y2688.png", "label": "burial_mound", "subtype": "burial_mound", "cluster_size": 4, "origin_tiles": "K-35-052-4_32635_x3648_y2496.png;K-35-052-4_32635_x3648_y2688.png;K-35-052-4_32635_x3840_y2496.png;K-35-052-4_32635_x3840_y2688.png"}}, {"type": "Feature", "geometry": {"type": "Point", "coordinates": [417029.574293, 4700642.2356865]}, "properties": {"source_tile": "K-35-052-4_32635_x3696_y1008.png", "label": "burial_mound", "subtype": "burial_mound", "cluster_size": 1, "origin_tiles": "K-35-052-4_32635_x3840_y960.png"}}, {"type": "Feature", "geometry": {"type": "Point", "coordinates": [416509.634848, 4700800.959106]}, "properties": {"source_tile": "K-35-052-4_32635_x3696_y1008.png", "label": "burial_mound", "subtype": "burial_mound", "cluster_size": 2, "origin_tiles": "K-35-052-4_32635_x3648_y960.png;K-35-052-4_32635_x3840_y768.png"}}, {"type": "Feature", "geometry": {"type": "Point", "coordinates": [417284.49372399994, 4701197.286675501]}, "properties": {"source_tile": "K-35-052-4_32635_x4032_y672.png", "label": "burial_mound", "subtype": "burial_mound", "cluster_size": 1, "origin_tiles": "K-35-052-4_32635_x3840_y768.png"}}, {"type": "Feature", "geometry": {"type": "Point", "coordinates": [412237.0889764999, 4703147.179838]}, "properties": {"source_tile": "K-35-052-4_32635_x3024_y336.png", "label": "triangulation_mound", "subtype": "triangulation_mound", "cluster_size": 1, "origin_tiles": "K-35-052-4_32635_x2880_y384.png"}}, {"type": "Feature", "geometry": {"type": "Point", "coordinates": [398436.1677926667, 4693869.395137001]}, "properties": {"source_tile": "K-35-052-4_32635_x0_y2352.png", "label": "burial_mound", "subtype": "burial_mound", "cluster_size": 3, "origin_tiles": "K-35-052-4_32635_x0_y2112.png;K-35-052-4_32635_x0_y2304.png;K-35-052-4_32635_x192_y2304.png"}}, {"type": "Feature", "geometry": {"type": "Point", "coordinates": [399204.93425525003, 4693484.771416]}, "properties": {"source_tile": "K-35-052-4_32635_x336_y2352.png", "label": "burial_mound", "subtype": "burial_mound", "cluster_size": 2, "origin_tiles": "K-35-052-4_32635_x192_y2304.png;K-35-052-4_32635_x384_y2304.png"}}, {"type": "Feature", "geometry": {"type": "Point", "coordinates": [417178.678111, 4689558.531187501]}, "properties": {"source_tile": "K-35-052-4_32635_x3696_y3024.png", "label": "benchmark_mound", "subtype": "benchmark_mound", "cluster_size": 1, "origin_tiles": "K-35-052-4_32635_x3840_y3264.png"}}, {"type": "Feature", "geometry": {"type": "Point", "coordinates": [416921.35377900006, 4687999.193833499]}, "properties": {"source_tile": "K-35-052-4_32635_x3696_y3360.png", "label": "benchmark_mound", "subtype": "benchmark_mound", "cluster_size": 2, "origin_tiles": "K-35-052-4_32635_x3840_y3264.png;K-35-052-4_32635_x3840_y3456.png"}}, {"type": "Feature", "geometry": {"type": "Point", "coordinates": [399671.003933, 4703233.27526875]}, "properties": {"source_tile": "K-35-052-4_32635_x336_y336.png", "label": "triangulation_mound", "subtype": "triangulation_mound", "cluster_size": 2, "origin_tiles": "K-35-052-4_32635_x384_y192.png;K-35-052-4_32635_x384_y384.png"}}, {"type": "Feature", "geometry": {"type": "Point", "coordinates": [397287.74773675, 4695072.48659325]}, "properties": {"source_tile": "K-35-052-4_32635_x0_y2016.png", "label": "burial_mound", "subtype": "burial_mound", "cluster_size": 2, "origin_tiles": "K-35-052-4_32635_x0_y1920.png;K-35-052-4_32635_x0_y2112.png"}}, {"type": "Feature", "geometry": {"type": "Point", "coordinates": [416214.7940715, 4705477.0472475]}, "properties": {"source_tile": "K-35-052-4_32635_x3696_y0.png", "label": "burial_mound", "subtype": "burial_mound", "cluster_size": 1, "origin_tiles": "K-35-052-4_32635_x3840_y0.png"}}, {"type": "Feature", "geometry": {"type": "Point", "coordinates": [400048.092299875, 4693230.332964125]}, "properties": {"source_tile": "K-35-052-4_32635_x336_y2352.png", "label": "burial_mound", "subtype": "burial_mound", "cluster_size": 4, "origin_tiles": "K-35-052-4_32635_x384_y2304.png;K-35-052-4_32635_x384_y2496.png;K-35-052-4_32635_x576_y2304.png;K-35-052-4_32635_x576_y2496.png"}}, {"type": "Feature", "geometry": {"type": "Point", "coordinates": [400524.26255900005, 4687670.2034725]}, "properties": {"source_tile": "K-35-052-4_32635_x672_y3360.png", "label": "burial_mound", "subtype": "burial_mound", "cluster_size": 2, "origin_tiles": "K-35-052-4_32635_x384_y3648.png;K-35-052-4_32635_x576_y3648.png"}}, {"type": "Feature", "geometry": {"type": "Point", "coordinates": [400131.782830375, 4696425.48350175]}, "properties": {"source_tile": "K-35-052-4_32635_x336_y1680.png", "label": "burial_mound", "subtype": "burial_mound", "cluster_size": 4, "origin_tiles": "K-35-052-4_32635_x384_y1536.png;K-35-052-4_32635_x384_y1728.png;K-35-052-4_32635_x576_y1536.png;K-35-052-4_32635_x576_y1728.png"}}, {"type": "Feature", "geometry": {"type": "Point", "coordinates": [400296.27801074996, 4696432.2172225]}, "properties": {"source_tile": "K-35-052-4_32635_x672_y1680.png", "label": "burial_mound", "subtype": "burial_mound", "cluster_size": 4, "origin_tiles": "K-35-052-4_32635_x384_y1536.png;K-35-052-4_32635_x384_y1728.png;K-35-052-4_32635_x576_y1536.png;K-35-052-4_32635_x576_y1728.png"}}, {"type": "Feature", "geometry": {"type": "Point", "coordinates": [400697.09472733334, 4696083.186025833]}, "properties": {"source_tile": "K-35-052-4_32635_x672_y1680.png", "label": "burial_mound", "subtype": "burial_mound", "cluster_size": 3, "origin_tiles": "K-35-052-4_32635_x384_y1728.png;K-35-052-4_32635_x576_y1728.png;K-35-052-4_32635_x576_y1920.png"}}, {"type": "Feature", "geometry": {"type": "Point", "coordinates": [400158.71771349997, 4699059.8112895]}, "properties": {"source_tile": "K-35-052-4_32635_x336_y1344.png", "label": "burial_mound", "subtype": "burial_mound", "cluster_size": 1, "origin_tiles": "K-35-052-4_32635_x384_y1152.png"}}, {"type": "Feature", "geometry": {"type": "Point", "coordinates": [415711.6889285, 4699814.9499835]}, "properties": {"source_tile": "K-35-052-4_32635_x3696_y1008.png", "label": "burial_mound", "subtype": "burial_mound", "cluster_size": 1, "origin_tiles": "K-35-052-4_32635_x3648_y960.png"}}, {"type": "Feature", "geometry": {"type": "Point", "coordinates": [416693.85021075, 4699894.792673249]}, "properties": {"source_tile": "K-35-052-4_32635_x3696_y1008.png", "label": "burial_mound", "subtype": "burial_mound", "cluster_size": 2, "origin_tiles": "K-35-052-4_32635_x3648_y960.png;K-35-052-4_32635_x3840_y1152.png"}}, {"type": "Feature", "geometry": {"type": "Point", "coordinates": [400259.723526125, 4688375.07975]}, "properties": {"source_tile": "K-35-052-4_32635_x336_y3360.png", "label": "triangulation_mound", "subtype": "triangulation_mound", "cluster_size": 4, "origin_tiles": "K-35-052-4_32635_x384_y3264.png;K-35-052-4_32635_x384_y3456.png;K-35-052-4_32635_x576_y3264.png;K-35-052-4_32635_x576_y3456.png"}}, {"type": "Feature", "geometry": {"type": "Point", "coordinates": [400311.028066, 4689927.2825665]}, "properties": {"source_tile": "K-35-052-4_32635_x336_y3024.png", "label": "benchmark_mound", "subtype": "benchmark_mound", "cluster_size": 3, "origin_tiles": "K-35-052-4_32635_x384_y2880.png;K-35-052-4_32635_x384_y3072.png;K-35-052-4_32635_x576_y3072.png"}}, {"type": "Feature", "geometry": {"type": "Point", "coordinates": [400147.174192, 4691491.1090675]}, "properties": {"source_tile": "K-35-052-4_32635_x336_y2688.png", "label": "burial_mound", "subtype": "burial_mound", "cluster_size": 1, "origin_tiles": "K-35-052-4_32635_x384_y2688.png"}}, {"type": "Feature", "geometry": {"type": "Point", "coordinates": [417228.700037, 4705478.9711685]}, "properties": {"source_tile": "K-35-052-4_32635_x4032_y0.png", "label": "burial_mound", "subtype": "burial_mound", "cluster_size": 1, "origin_tiles": "K-35-052-4_32635_x4032_y0.png"}}, {"type": "Feature", "geometry": {"type": "Point", "coordinates": [416066.652213, 4687763.513604]}, "properties": {"source_tile": "K-35-052-4_32635_x3696_y3360.png", "label": "burial_mound", "subtype": "burial_mound", "cluster_size": 1, "origin_tiles": "K-35-052-4_32635_x3648_y3456.png"}}, {"type": "Feature", "geometry": {"type": "Point", "coordinates": [399755.65642350004, 4703493.485481]}, "properties": {"source_tile": "K-35-052-4_32635_x336_y336.png", "label": "burial_mound", "subtype": "burial_mound", "cluster_size": 1, "origin_tiles": "K-35-052-4_32635_x384_y384.png"}}, {"type": "Feature", "geometry": {"type": "Point", "coordinates": [417445.14106449997, 4692472.78937]}, "properties": {"source_tile": "K-35-052-4_32635_x4032_y2352.png", "label": "benchmark_mound", "subtype": "benchmark_mound", "cluster_size": 2, "origin_tiles": "K-35-052-4_32635_x4032_y2496.png;K-35-052-4_32635_x4032_y2688.png"}}, {"type": "Feature", "geometry": {"type": "Point", "coordinates": [399045.7298555, 4701361.781856]}, "properties": {"source_tile": "K-35-052-4_32635_x336_y672.png", "label": "burial_mound", "subtype": "burial_mound", "cluster_size": 1, "origin_tiles": "K-35-052-4_32635_x384_y768.png"}}, {"type": "Feature", "geometry": {"type": "Point", "coordinates": [399099.599622, 4701220.373717999]}, "properties": {"source_tile": "K-35-052-4_32635_x336_y672.png", "label": "burial_mound", "subtype": "burial_mound", "cluster_size": 1, "origin_tiles": "K-35-052-4_32635_x384_y768.png"}}, {"type": "Feature", "geometry": {"type": "Point", "coordinates": [399195.79563400004, 4700987.5793695]}, "properties": {"source_tile": "K-35-052-4_32635_x336_y672.png", "label": "burial_mound", "subtype": "burial_mound", "cluster_size": 1, "origin_tiles": "K-35-052-4_32635_x384_y768.png"}}, {"type": "Feature", "geometry": {"type": "Point", "coordinates": [399469.9542679999, 4700422.908779001]}, "properties": {"source_tile": "K-35-052-4_32635_x336_y1008.png", "label": "burial_mound", "subtype": "burial_mound", "cluster_size": 1, "origin_tiles": "K-35-052-4_32635_x384_y768.png"}}, {"type": "Feature", "geometry": {"type": "Point", "coordinates": [400071.17934299994, 4701176.123553]}, "properties": {"source_tile": "K-35-052-4_32635_x336_y672.png", "label": "burial_mound", "subtype": "burial_mound", "cluster_size": 1, "origin_tiles": "K-35-052-4_32635_x384_y768.png"}}, {"type": "Feature", "geometry": {"type": "Point", "coordinates": [400468.4688725, 4705728.59981925]}, "properties": {"source_tile": "K-35-052-4_32635_x672_y0.png", "label": "triangulation_mound", "subtype": "triangulation_mound", "cluster_size": 2, "origin_tiles": "K-35-052-4_32635_x384_y0.png;K-35-052-4_32635_x576_y0.png"}}, {"type": "Feature", "geometry": {"type": "Point", "coordinates": [417501.4157315, 4695592.426038]}, "properties": {"source_tile": "K-35-052-4_32635_x4032_y2016.png", "label": "burial_mound", "subtype": "burial_mound", "cluster_size": 2, "origin_tiles": "K-35-052-4_32635_x4032_y1728.png;K-35-052-4_32635_x4032_y1920.png"}}, {"type": "Feature", "geometry": {"type": "Point", "coordinates": [417565.38607899996, 4695501.5208065]}, "properties": {"source_tile": "K-35-052-4_32635_x4032_y2016.png", "label": "burial_mound", "subtype": "burial_mound", "cluster_size": 1, "origin_tiles": "K-35-052-4_32635_x4032_y1920.png"}}, {"type": "Feature", "geometry": {"type": "Point", "coordinates": [417572.1198, 4695422.6400770005]}, "properties": {"source_tile": "K-35-052-4_32635_x4032_y2016.png", "label": "burial_mound", "subtype": "burial_mound", "cluster_size": 1, "origin_tiles": "K-35-052-4_32635_x4032_y1920.png"}}, {"type": "Feature", "geometry": {"type": "Point", "coordinates": [417355.6787735, 4695035.932108999]}, "properties": {"source_tile": "K-35-052-4_32635_x4032_y2016.png", "label": "burial_mound", "subtype": "burial_mound", "cluster_size": 1, "origin_tiles": "K-35-052-4_32635_x4032_y1920.png"}}, {"type": "Feature", "geometry": {"type": "Point", "coordinates": [417317.2003685, 4694958.975299001]}, "properties": {"source_tile": "K-35-052-4_32635_x4032_y2016.png", "label": "burial_mound", "subtype": "burial_mound", "cluster_size": 1, "origin_tiles": "K-35-052-4_32635_x4032_y1920.png"}}, {"type": "Feature", "geometry": {"type": "Point", "coordinates": [417276.7980435, 4694884.90437]}, "properties": {"source_tile": "K-35-052-4_32635_x4032_y2016.png", "label": "burial_mound", "subtype": "burial_mound", "cluster_size": 1, "origin_tiles": "K-35-052-4_32635_x4032_y1920.png"}}, {"type": "Feature", "geometry": {"type": "Point", "coordinates": [417511.51631249994, 4702185.219718501]}, "properties": {"source_tile": "K-35-052-4_32635_x4032_y672.png", "label": "burial_mound", "subtype": "burial_mound", "cluster_size": 1, "origin_tiles": "K-35-052-4_32635_x4032_y576.png"}}, {"type": "Feature", "geometry": {"type": "Point", "coordinates": [417448.0269445001, 4701788.8921489995]}, "properties": {"source_tile": "K-35-052-4_32635_x4032_y672.png", "label": "burial_mound", "subtype": "burial_mound", "cluster_size": 1, "origin_tiles": "K-35-052-4_32635_x4032_y576.png"}}, {"type": "Feature", "geometry": {"type": "Point", "coordinates": [400900.86994575, 4697425.4410459995]}, "properties": {"source_tile": "K-35-052-4_32635_x672_y1680.png", "label": "burial_mound", "subtype": "burial_mound", "cluster_size": 2, "origin_tiles": "K-35-052-4_32635_x576_y1344.png;K-35-052-4_32635_x576_y1536.png"}}, {"type": "Feature", "geometry": {"type": "Point", "coordinates": [415670.3246435, 4689051.5782045005]}, "properties": {"source_tile": "K-35-052-4_32635_x3696_y3024.png", "label": "benchmark_mound", "subtype": "benchmark_mound", "cluster_size": 1, "origin_tiles": "K-35-052-4_32635_x3648_y3072.png"}}, {"type": "Feature", "geometry": {"type": "Point", "coordinates": [417427.825782, 4687630.763107499]}, "properties": {"source_tile": "K-35-052-4_32635_x4032_y3360.png", "label": "burial_mound", "subtype": "burial_mound", "cluster_size": 1, "origin_tiles": "K-35-052-4_32635_x4032_y3648.png"}}, {"type": "Feature", "geometry": {"type": "Point", "coordinates": [401124.5256738334, 4704857.865584]}, "properties": {"source_tile": "K-35-052-4_32635_x672_y0.png", "label": "benchmark_mound", "subtype": "benchmark_mound", "cluster_size": 3, "origin_tiles": "K-35-052-4_32635_x576_y0.png;K-35-052-4_32635_x576_y192.png;K-35-052-4_32635_x768_y0.png"}}, {"type": "Feature", "geometry": {"type": "Point", "coordinates": [400184.36998366675, 4699054.360182167]}, "properties": {"source_tile": "K-35-052-4_32635_x336_y1344.png", "label": "burial_mound", "subtype": "burial_mound", "cluster_size": 3, "origin_tiles": "K-35-052-4_32635_x384_y1344.png;K-35-052-4_32635_x576_y1152.png;K-35-052-4_32635_x576_y1344.png"}}, {"type": "Feature", "geometry": {"type": "Point", "coordinates": [417416.28226049995, 4695381.275792]}, "properties": {"source_tile": "K-35-052-4_32635_x4032_y2016.png", "label": "triangulation_mound", "subtype": "triangulation_mound", "cluster_size": 1, "origin_tiles": "K-35-052-4_32635_x4032_y2112.png"}}, {"type": "Feature", "geometry": {"type": "Point", "coordinates": [400738.29868599994, 4695956.527943499]}, "properties": {"source_tile": "K-35-052-4_32635_x672_y1680.png", "label": "burial_mound", "subtype": "burial_mound", "cluster_size": 2, "origin_tiles": "K-35-052-4_32635_x576_y1728.png;K-35-052-4_32635_x576_y1920.png"}}, {"type": "Feature", "geometry": {"type": "Point", "coordinates": [401445.33937375003, 4693262.077648125]}, "properties": {"source_tile": "K-35-052-4_32635_x672_y2352.png", "label": "burial_mound", "subtype": "burial_mound", "cluster_size": 4, "origin_tiles": "K-35-052-4_32635_x576_y2304.png;K-35-052-4_32635_x576_y2496.png;K-35-052-4_32635_x768_y2304.png;K-35-052-4_32635_x768_y2496.png"}}, {"type": "Feature", "geometry": {"type": "Point", "coordinates": [400175.071036, 4691500.728669]}, "properties": {"source_tile": "K-35-052-4_32635_x336_y2688.png", "label": "triangulation_mound", "subtype": "triangulation_mound", "cluster_size": 1, "origin_tiles": "K-35-052-4_32635_x576_y2688.png"}}, {"type": "Feature", "geometry": {"type": "Point", "coordinates": [417350.8689724999, 4691244.8472775]}, "properties": {"source_tile": "K-35-052-4_32635_x4032_y2688.png", "label": "benchmark_mound", "subtype": "benchmark_mound", "cluster_size": 1, "origin_tiles": "K-35-052-4_32635_x4032_y2880.png"}}, {"type": "Feature", "geometry": {"type": "Point", "coordinates": [417408.5865795, 4701659.027533]}, "properties": {"source_tile": "K-35-052-4_32635_x4032_y672.png", "label": "burial_mound", "subtype": "burial_mound", "cluster_size": 1, "origin_tiles": "K-35-052-4_32635_x4032_y768.png"}}, {"type": "Feature", "geometry": {"type": "Point", "coordinates": [417448.026945, 4701466.635509]}, "properties": {"source_tile": "K-35-052-4_32635_x4032_y672.png", "label": "burial_mound", "subtype": "burial_mound", "cluster_size": 1, "origin_tiles": "K-35-052-4_32635_x4032_y768.png"}}, {"type": "Feature", "geometry": {"type": "Point", "coordinates": [417455.722626, 4701256.928203]}, "properties": {"source_tile": "K-35-052-4_32635_x4032_y672.png", "label": "burial_mound", "subtype": "burial_mound", "cluster_size": 1, "origin_tiles": "K-35-052-4_32635_x4032_y768.png"}}, {"type": "Feature", "geometry": {"type": "Point", "coordinates": [417389.3473775, 4700562.3929965]}, "properties": {"source_tile": "K-35-052-4_32635_x4032_y1008.png", "label": "burial_mound", "subtype": "burial_mound", "cluster_size": 1, "origin_tiles": "K-35-052-4_32635_x4032_y768.png"}}, {"type": "Feature", "geometry": {"type": "Point", "coordinates": [417381.6516965, 4700364.229211999]}, "properties": {"source_tile": "K-35-052-4_32635_x4032_y1008.png", "label": "burial_mound", "subtype": "burial_mound", "cluster_size": 1, "origin_tiles": "K-35-052-4_32635_x4032_y768.png"}}, {"type": "Feature", "geometry": {"type": "Point", "coordinates": [400772.9292499999, 4693397.71402525]}, "properties": {"source_tile": "K-35-052-4_32635_x672_y2352.png", "label": "burial_mound", "subtype": "burial_mound", "cluster_size": 2, "origin_tiles": "K-35-052-4_32635_x576_y2304.png;K-35-052-4_32635_x768_y2304.png"}}, {"type": "Feature", "geometry": {"type": "Point", "coordinates": [401269.78165200003, 4693504.4915985]}, "properties": {"source_tile": "K-35-052-4_32635_x672_y2352.png", "label": "burial_mound", "subtype": "burial_mound", "cluster_size": 2, "origin_tiles": "K-35-052-4_32635_x576_y2304.png;K-35-052-4_32635_x768_y2304.png"}}, {"type": "Feature", "geometry": {"type": "Point", "coordinates": [417368.18425449997, 4700555.6592755]}, "properties": {"source_tile": "K-35-052-4_32635_x4032_y1008.png", "label": "burial_mound", "subtype": "burial_mound", "cluster_size": 1, "origin_tiles": "K-35-052-4_32635_x4032_y960.png"}}, {"type": "Feature", "geometry": {"type": "Point", "coordinates": [417361.450534, 4700177.6089485]}, "properties": {"source_tile": "K-35-052-4_32635_x4032_y1008.png", "label": "burial_mound", "subtype": "burial_mound", "cluster_size": 1, "origin_tiles": "K-35-052-4_32635_x4032_y960.png"}}, {"type": "Feature", "geometry": {"type": "Point", "coordinates": [417450.9128255, 4700078.5270565]}, "properties": {"source_tile": "K-35-052-4_32635_x4032_y1008.png", "label": "burial_mound", "subtype": "burial_mound", "cluster_size": 1, "origin_tiles": "K-35-052-4_32635_x4032_y960.png"}}, {"type": "Feature", "geometry": {"type": "Point", "coordinates": [417466.30418649997, 4699634.101481]}, "properties": {"source_tile": "K-35-052-4_32635_x4032_y1008.png", "label": "burial_mound", "subtype": "burial_mound", "cluster_size": 1, "origin_tiles": "K-35-052-4_32635_x4032_y960.png"}}, {"type": "Feature", "geometry": {"type": "Point", "coordinates": [417468.22810749995, 4699494.6172635]}, "properties": {"source_tile": "K-35-052-4_32635_x4032_y1008.png", "label": "burial_mound", "subtype": "burial_mound", "cluster_size": 1, "origin_tiles": "K-35-052-4_32635_x4032_y960.png"}}, {"type": "Feature", "geometry": {"type": "Point", "coordinates": [417473.9998675, 4699351.285205499]}, "properties": {"source_tile": "K-35-052-4_32635_x4032_y1008.png", "label": "burial_mound", "subtype": "burial_mound", "cluster_size": 1, "origin_tiles": "K-35-052-4_32635_x4032_y960.png"}}, {"type": "Feature", "geometry": {"type": "Point", "coordinates": [417433.597543, 4699178.132383999]}, "properties": {"source_tile": "K-35-052-4_32635_x4032_y1008.png", "label": "benchmark_mound", "subtype": "benchmark_mound", "cluster_size": 1, "origin_tiles": "K-35-052-4_32635_x4032_y1152.png"}}, {"type": "Feature", "geometry": {"type": "Point", "coordinates": [401067.7700265, 4695849.75037]}, "properties": {"source_tile": "K-35-052-4_32635_x672_y1680.png", "label": "burial_mound", "subtype": "burial_mound", "cluster_size": 1, "origin_tiles": "K-35-052-4_32635_x768_y1920.png"}}, {"type": "Feature", "geometry": {"type": "Point", "coordinates": [417308.542727, 4689894.255269]}, "properties": {"source_tile": "K-35-052-4_32635_x4032_y3024.png", "label": "burial_mound", "subtype": "burial_mound", "cluster_size": 1, "origin_tiles": "K-35-052-4_32635_x4032_y3072.png"}}, {"type": "Feature", "geometry": {"type": "Point", "coordinates": [400257.799606, 4703226.060567999]}, "properties": {"source_tile": "K-35-052-4_32635_x336_y336.png", "label": "burial_mound", "subtype": "burial_mound", "cluster_size": 1, "origin_tiles": "K-35-052-4_32635_x576_y384.png"}}, {"type": "Feature", "geometry": {"type": "Point", "coordinates": [400612.76289, 4694558.799889498]}, "properties": {"source_tile": "K-35-052-4_32635_x672_y2016.png", "label": "triangulation_mound", "subtype": "triangulation_mound", "cluster_size": 1, "origin_tiles": "K-35-052-4_32635_x576_y2112.png"}}, {"type": "Feature", "geometry": {"type": "Point", "coordinates": [401345.2955215, 4699376.777148751]}, "properties": {"source_tile": "K-35-052-4_32635_x672_y1008.png", "label": "triangulation_mound", "subtype": "triangulation_mound", "cluster_size": 4, "origin_tiles": "K-35-052-4_32635_x576_y1152.png;K-35-052-4_32635_x576_y960.png;K-35-052-4_32635_x768_y1152.png;K-35-052-4_32635_x768_y960.png"}}, {"type": "Feature", "geometry": {"type": "Point", "coordinates": [401219.7597255, 4691301.602924]}, "properties": {"source_tile": "K-35-052-4_32635_x672_y2688.png", "label": "triangulation_mound", "subtype": "triangulation_mound", "cluster_size": 1, "origin_tiles": "K-35-052-4_32635_x768_y2688.png"}}, {"type": "Feature", "geometry": {"type": "Point", "coordinates": [401258.2381305, 4688451.31509]}, "properties": {"source_tile": "K-35-052-4_32635_x672_y3360.png", "label": "burial_mound", "subtype": "burial_mound", "cluster_size": 1, "origin_tiles": "K-35-052-4_32635_x768_y3264.png"}}, {"type": "Feature", "geometry": {"type": "Point", "coordinates": [401807.03637875, 4703561.3036695]}, "properties": {"source_tile": "K-35-052-4_32635_x672_y336.png", "label": "burial_mound", "subtype": "burial_mound", "cluster_size": 2, "origin_tiles": "K-35-052-4_32635_x768_y192.png;K-35-052-4_32635_x768_y384.png"}}, {"type": "Feature", "geometry": {"type": "Point", "coordinates": [402133.6218394999, 4690545.502270499]}, "properties": {"source_tile": "K-35-052-4_32635_x1008_y3024.png", "label": "burial_mound", "subtype": "burial_mound", "cluster_size": 1, "origin_tiles": "K-35-052-4_32635_x768_y3072.png"}}, {"type": "Feature", "geometry": {"type": "Point", "coordinates": [402551.11253150005, 4690199.19662725]}, "properties": {"source_tile": "K-35-052-4_32635_x1008_y3024.png", "label": "burial_mound", "subtype": "burial_mound", "cluster_size": 2, "origin_tiles": "K-35-052-4_32635_x768_y2880.png;K-35-052-4_32635_x768_y3072.png"}}, {"type": "Feature", "geometry": {"type": "Point", "coordinates": [402103.80107549997, 4689036.1868425]}, "properties": {"source_tile": "K-35-052-4_32635_x1008_y3360.png", "label": "burial_mound", "subtype": "burial_mound", "cluster_size": 1, "origin_tiles": "K-35-052-4_32635_x768_y3072.png"}}, {"type": "Feature", "geometry": {"type": "Point", "coordinates": [402306.774661, 4689134.306774501]}, "properties": {"source_tile": "K-35-052-4_32635_x1008_y3024.png", "label": "burial_mound", "subtype": "burial_mound", "cluster_size": 1, "origin_tiles": "K-35-052-4_32635_x768_y3072.png"}}, {"type": "Feature", "geometry": {"type": "Point", "coordinates": [402068.2085515, 4688859.1861805]}, "properties": {"source_tile": "K-35-052-4_32635_x1008_y3360.png", "label": "burial_mound", "subtype": "burial_mound", "cluster_size": 1, "origin_tiles": "K-35-052-4_32635_x768_y3072.png"}}, {"type": "Feature", "geometry": {"type": "Point", "coordinates": [402235.5896119999, 4688773.571729499]}, "properties": {"source_tile": "K-35-052-4_32635_x1008_y3360.png", "label": "burial_mound", "subtype": "burial_mound", "cluster_size": 1, "origin_tiles": "K-35-052-4_32635_x768_y3072.png"}}, {"type": "Feature", "geometry": {"type": "Point", "coordinates": [400663.74677649996, 4702320.856095]}, "properties": {"source_tile": "K-35-052-4_32635_x672_y672.png", "label": "burial_mound", "subtype": "burial_mound", "cluster_size": 1, "origin_tiles": "K-35-052-4_32635_x576_y576.png"}}, {"type": "Feature", "geometry": {"type": "Point", "coordinates": [400774.3721905, 4702316.0462945]}, "properties": {"source_tile": "K-35-052-4_32635_x672_y672.png", "label": "burial_mound", "subtype": "burial_mound", "cluster_size": 1, "origin_tiles": "K-35-052-4_32635_x576_y576.png"}}, {"type": "Feature", "geometry": {"type": "Point", "coordinates": [400647.39345450007, 4702209.2687215]}, "properties": {"source_tile": "K-35-052-4_32635_x672_y672.png", "label": "burial_mound", "subtype": "burial_mound", "cluster_size": 1, "origin_tiles": "K-35-052-4_32635_x576_y576.png"}}, {"type": "Feature", "geometry": {"type": "Point", "coordinates": [400756.094948, 4702202.5350005]}, "properties": {"source_tile": "K-35-052-4_32635_x672_y672.png", "label": "burial_mound", "subtype": "burial_mound", "cluster_size": 1, "origin_tiles": "K-35-052-4_32635_x576_y576.png"}}, {"type": "Feature", "geometry": {"type": "Point", "coordinates": [400864.79644149996, 4702180.4099175]}, "properties": {"source_tile": "K-35-052-4_32635_x672_y672.png", "label": "burial_mound", "subtype": "burial_mound", "cluster_size": 1, "origin_tiles": "K-35-052-4_32635_x576_y576.png"}}, {"type": "Feature", "geometry": {"type": "Point", "coordinates": [400852.29095999995, 4702071.7084245]}, "properties": {"source_tile": "K-35-052-4_32635_x672_y672.png", "label": "burial_mound", "subtype": "burial_mound", "cluster_size": 1, "origin_tiles": "K-35-052-4_32635_x576_y576.png"}}, {"type": "Feature", "geometry": {"type": "Point", "coordinates": [413177.8859735, 4689627.792316]}, "properties": {"source_tile": "K-35-052-4_32635_x3024_y3024.png", "label": "burial_mound", "subtype": "burial_mound", "cluster_size": 1, "origin_tiles": "K-35-052-4_32635_x2880_y3264.png"}}, {"type": "Feature", "geometry": {"type": "Point", "coordinates": [401836.37616249995, 4687676.937193]}, "properties": {"source_tile": "K-35-052-4_32635_x672_y3360.png", "label": "triangulation_mound", "subtype": "triangulation_mound", "cluster_size": 1, "origin_tiles": "K-35-052-4_32635_x960_y3648.png"}}, {"type": "Feature", "geometry": {"type": "Point", "coordinates": [401083.161389, 4693575.676646999]}, "properties": {"source_tile": "K-35-052-4_32635_x672_y2352.png", "label": "burial_mound", "subtype": "burial_mound", "cluster_size": 1, "origin_tiles": "K-35-052-4_32635_x768_y2112.png"}}, {"type": "Feature", "geometry": {"type": "Point", "coordinates": [401160.11819799995, 4691043.797612]}, "properties": {"source_tile": "K-35-052-4_32635_x672_y2688.png", "label": "burial_mound", "subtype": "burial_mound", "cluster_size": 1, "origin_tiles": "K-35-052-4_32635_x768_y2880.png"}}, {"type": "Feature", "geometry": {"type": "Point", "coordinates": [401377.5211855, 4690938.943958999]}, "properties": {"source_tile": "K-35-052-4_32635_x672_y2688.png", "label": "burial_mound", "subtype": "burial_mound", "cluster_size": 1, "origin_tiles": "K-35-052-4_32635_x768_y2880.png"}}, {"type": "Feature", "geometry": {"type": "Point", "coordinates": [401586.2665315, 4690829.280505502]}, "properties": {"source_tile": "K-35-052-4_32635_x672_y2688.png", "label": "burial_mound", "subtype": "burial_mound", "cluster_size": 1, "origin_tiles": "K-35-052-4_32635_x768_y2880.png"}}, {"type": "Feature", "geometry": {"type": "Point", "coordinates": [401788.27815649996, 4690730.198613]}, "properties": {"source_tile": "K-35-052-4_32635_x672_y3024.png", "label": "burial_mound", "subtype": "burial_mound", "cluster_size": 1, "origin_tiles": "K-35-052-4_32635_x768_y2880.png"}}, {"type": "Feature", "geometry": {"type": "Point", "coordinates": [402082.63795299997, 4690567.627352501]}, "properties": {"source_tile": "K-35-052-4_32635_x1008_y3024.png", "label": "burial_mound", "subtype": "burial_mound", "cluster_size": 1, "origin_tiles": "K-35-052-4_32635_x768_y2880.png"}}, {"type": "Feature", "geometry": {"type": "Point", "coordinates": [402293.30721949995, 4690462.7737]}, "properties": {"source_tile": "K-35-052-4_32635_x1008_y3024.png", "label": "burial_mound", "subtype": "burial_mound", "cluster_size": 1, "origin_tiles": "K-35-052-4_32635_x768_y2880.png"}}, {"type": "Feature", "geometry": {"type": "Point", "coordinates": [403483.25188700005, 4690397.360411501]}, "properties": {"source_tile": "K-35-052-4_32635_x1008_y3024.png", "label": "triangulation_mound", "subtype": "triangulation_mound", "cluster_size": 1, "origin_tiles": "K-35-052-4_32635_x960_y3072.png"}}, {"type": "Feature", "geometry": {"type": "Point", "coordinates": [401966.2407785, 4701743.680023501]}, "properties": {"source_tile": "K-35-052-4_32635_x672_y672.png", "label": "burial_mound", "subtype": "burial_mound", "cluster_size": 1, "origin_tiles": "K-35-052-4_32635_x960_y768.png"}}, {"type": "Feature", "geometry": {"type": "Point", "coordinates": [418009.91695600003, 4698908.300909]}, "properties": {"source_tile": "K-35-052-4_32635_x4032_y1344.png", "label": "burial_mound", "subtype": "burial_mound", "cluster_size": 2, "origin_tiles": "K-35-053-3_Elenovo_x0_y1152.png;K-35-053-3_Elenovo_x0_y1344.png"}}, {"type": "Feature", "geometry": {"type": "Point", "coordinates": [418941.29596175, 4697869.908307125]}, "properties": {"source_tile": "K-35-053-3_Elenovo_x0_y1344.png", "label": "benchmark_mound", "subtype": "benchmark_mound", "cluster_size": 4, "origin_tiles": "K-35-053-3_Elenovo_x0_y1344.png;K-35-053-3_Elenovo_x0_y1536.png;K-35-053-3_Elenovo_x192_y1344.png;K-35-053-3_Elenovo_x192_y1536.png"}}, {"type": "Feature", "geometry": {"type": "Point", "coordinates": [418454.32398, 4704980.420684]}, "properties": {"source_tile": "K-35-053-3_Elenovo_x0_y0.png", "label": "triangulation_mound", "subtype": "triangulation_mound", "cluster_size": 1, "origin_tiles": "K-35-053-3_Elenovo_x0_y0.png"}}, {"type": "Feature", "geometry": {"type": "Point", "coordinates": [401620.89709549997, 4700303.6257245]}, "properties": {"source_tile": "K-35-052-4_32635_x672_y1008.png", "label": "burial_mound", "subtype": "burial_mound", "cluster_size": 2, "origin_tiles": "K-35-052-4_32635_x768_y768.png;K-35-052-4_32635_x768_y960.png"}}, {"type": "Feature", "geometry": {"type": "Point", "coordinates": [418240.29678775, 4690263.526189]}, "properties": {"source_tile": "K-35-052-4_32635_x4032_y3024.png", "label": "burial_mound", "subtype": "burial_mound", "cluster_size": 2, "origin_tiles": "K-35-053-3_Elenovo_x0_y2880.png;K-35-053-3_Elenovo_x0_y3072.png"}}, {"type": "Feature", "geometry": {"type": "Point", "coordinates": [401600.695933, 4702125.578190999]}, "properties": {"source_tile": "K-35-052-4_32635_x672_y672.png", "label": "benchmark_mound", "subtype": "benchmark_mound", "cluster_size": 1, "origin_tiles": "K-35-052-4_32635_x768_y576.png"}}, {"type": "Feature", "geometry": {"type": "Point", "coordinates": [418426.909261, 4688277.161462501]}, "properties": {"source_tile": "K-35-053-3_Elenovo_x0_y3360.png", "label": "burial_mound", "subtype": "burial_mound", "cluster_size": 2, "origin_tiles": "K-35-053-3_Elenovo_x0_y3264.png;K-35-053-3_Elenovo_x0_y3456.png"}}, {"type": "Feature", "geometry": {"type": "Point", "coordinates": [418169.5956704999, 4690552.583138499]}, "properties": {"source_tile": "K-35-052-4_32635_x4032_y3024.png", "label": "burial_mound", "subtype": "burial_mound", "cluster_size": 1, "origin_tiles": "K-35-053-3_Elenovo_x0_y2688.png"}}, {"type": "Feature", "geometry": {"type": "Point", "coordinates": [418037.331675, 4703464.915779999]}, "properties": {"source_tile": "K-35-052-4_32635_x4032_y336.png", "label": "triangulation_mound", "subtype": "triangulation_mound", "cluster_size": 2, "origin_tiles": "K-35-053-3_Elenovo_x0_y192.png;K-35-053-3_Elenovo_x0_y384.png"}}, {"type": "Feature", "geometry": {"type": "Point", "coordinates": [417831.9617625, 4702123.518389501]}, "properties": {"source_tile": "K-35-052-4_32635_x4032_y672.png", "label": "benchmark_mound", "subtype": "benchmark_mound", "cluster_size": 1, "origin_tiles": "K-35-053-3_Elenovo_x0_y384.png"}}, {"type": "Feature", "geometry": {"type": "Point", "coordinates": [417878.6148815, 4695263.105203751]}, "properties": {"source_tile": "K-35-052-4_32635_x4032_y2016.png", "label": "burial_mound", "subtype": "burial_mound", "cluster_size": 2, "origin_tiles": "K-35-053-3_Elenovo_x0_y1728.png;K-35-053-3_Elenovo_x0_y1920.png"}}, {"type": "Feature", "geometry": {"type": "Point", "coordinates": [418165.2670305, 4695827.752222749]}, "properties": {"source_tile": "K-35-053-3_Elenovo_x0_y1680.png", "label": "burial_mound", "subtype": "burial_mound", "cluster_size": 2, "origin_tiles": "K-35-053-3_Elenovo_x0_y1728.png;K-35-053-3_Elenovo_x0_y1920.png"}}, {"type": "Feature", "geometry": {"type": "Point", "coordinates": [417936.81103900005, 4694280.0230005]}, "properties": {"source_tile": "K-35-053-3_Elenovo_x0_y2016.png", "label": "burial_mound", "subtype": "burial_mound", "cluster_size": 1, "origin_tiles": "K-35-053-3_Elenovo_x0_y1920.png"}}, {"type": "Feature", "geometry": {"type": "Point", "coordinates": [417212.34671549994, 4694153.8146795]}, "properties": {"source_tile": "K-35-052-4_32635_x4032_y2016.png", "label": "burial_mound", "subtype": "burial_mound", "cluster_size": 1, "origin_tiles": "K-35-052-4_32635_x4032_y2304.png"}}, {"type": "Feature", "geometry": {"type": "Point", "coordinates": [418309.0740655, 4687285.9029395]}, "properties": {"source_tile": "K-35-053-3_Elenovo_x0_y3360.png", "label": "burial_mound", "subtype": "burial_mound", "cluster_size": 1, "origin_tiles": "K-35-053-3_Elenovo_x0_y3648.png"}}, {"type": "Feature", "geometry": {"type": "Point", "coordinates": [419133.43947449996, 4692910.248970999]}, "properties": {"source_tile": "K-35-053-3_Elenovo_x0_y2352.png", "label": "benchmark_mound", "subtype": "benchmark_mound", "cluster_size": 1, "origin_tiles": "K-35-053-3_Elenovo_x0_y2496.png"}}, {"type": "Feature", "geometry": {"type": "Point", "coordinates": [417762.70352549996, 4701348.2108985]}, "properties": {"source_tile": "K-35-052-4_32635_x4032_y672.png", "label": "burial_mound", "subtype": "burial_mound", "cluster_size": 2, "origin_tiles": "K-35-053-3_Elenovo_x0_y576.png;K-35-053-3_Elenovo_x0_y768.png"}}, {"type": "Feature", "geometry": {"type": "Point", "coordinates": [418078.6942335, 4701537.228171499]}, "properties": {"source_tile": "K-35-052-4_32635_x4032_y672.png", "label": "burial_mound", "subtype": "burial_mound", "cluster_size": 2, "origin_tiles": "K-35-053-3_Elenovo_x0_y576.png;K-35-053-3_Elenovo_x0_y768.png"}}, {"type": "Feature", "geometry": {"type": "Point", "coordinates": [418111.88047250005, 4700498.35461]}, "properties": {"source_tile": "K-35-052-4_32635_x4032_y1008.png", "label": "burial_mound", "subtype": "burial_mound", "cluster_size": 2, "origin_tiles": "K-35-053-3_Elenovo_x0_y768.png;K-35-053-3_Elenovo_x0_y960.png"}}, {"type": "Feature", "geometry": {"type": "Point", "coordinates": [424687.565349, 4690757.4720910005]}, "properties": {"source_tile": "K-35-053-3_Elenovo_x1344_y2688.png", "label": "burial_mound", "subtype": "burial_mound", "cluster_size": 1, "origin_tiles": "K-35-053-3_Elenovo_x1152_y2880.png"}}, {"type": "Feature", "geometry": {"type": "Point", "coordinates": [424604.35927200003, 4691503.441023]}, "properties": {"source_tile": "K-35-053-3_Elenovo_x1344_y2688.png", "label": "burial_mound", "subtype": "burial_mound", "cluster_size": 2, "origin_tiles": "K-35-053-3_Elenovo_x1152_y2496.png;K-35-053-3_Elenovo_x1152_y2688.png"}}, {"type": "Feature", "geometry": {"type": "Point", "coordinates": [423854.78313987504, 4688710.265926375]}, "properties": {"source_tile": "K-35-053-3_Elenovo_x1008_y3360.png", "label": "burial_mound", "subtype": "burial_mound", "cluster_size": 4, "origin_tiles": "K-35-053-3_Elenovo_x1152_y3072.png;K-35-053-3_Elenovo_x1152_y3264.png;K-35-053-3_Elenovo_x960_y3072.png;K-35-053-3_Elenovo_x960_y3264.png"}}, {"type": "Feature", "geometry": {"type": "Point", "coordinates": [424225.36280600005, 4688706.1777665]}, "properties": {"source_tile": "K-35-053-3_Elenovo_x1008_y3360.png", "label": "burial_mound", "subtype": "burial_mound", "cluster_size": 2, "origin_tiles": "K-35-053-3_Elenovo_x1152_y3072.png;K-35-053-3_Elenovo_x1152_y3264.png"}}, {"type": "Feature", "geometry": {"type": "Point", "coordinates": [424187.84792724997, 4705433.48498725]}, "properties": {"source_tile": "K-35-053-3_Elenovo_x1008_y0.png", "label": "burial_mound", "subtype": "burial_mound", "cluster_size": 2, "origin_tiles": "K-35-053-3_Elenovo_x1152_y0.png;K-35-053-3_Elenovo_x960_y0.png"}}, {"type": "Feature", "geometry": {"type": "Point", "coordinates": [423661.67770675, 4704888.557327501]}, "properties": {"source_tile": "K-35-053-3_Elenovo_x1008_y0.png", "label": "burial_mound", "subtype": "burial_mound", "cluster_size": 2, "origin_tiles": "K-35-053-3_Elenovo_x1152_y0.png;K-35-053-3_Elenovo_x960_y0.png"}}, {"type": "Feature", "geometry": {"type": "Point", "coordinates": [424108.008570125, 4703921.346803]}, "properties": {"source_tile": "K-35-053-3_Elenovo_x1008_y336.png", "label": "triangulation_mound", "subtype": "triangulation_mound", "cluster_size": 4, "origin_tiles": "K-35-053-3_Elenovo_x1152_y0.png;K-35-053-3_Elenovo_x1152_y192.png;K-35-053-3_Elenovo_x960_y0.png;K-35-053-3_Elenovo_x960_y192.png"}}, {"type": "Feature", "geometry": {"type": "Point", "coordinates": [424701.9941485, 4691494.3027834995]}, "properties": {"source_tile": "K-35-053-3_Elenovo_x1344_y2688.png", "label": "burial_mound", "subtype": "burial_mound", "cluster_size": 1, "origin_tiles": "K-35-053-3_Elenovo_x1152_y2688.png"}}, {"type": "Feature", "geometry": {"type": "Point", "coordinates": [416132.06550100003, 4703274.158573999]}, "properties": {"source_tile": "K-35-052-4_32635_x3696_y336.png", "label": "burial_mound", "subtype": "burial_mound", "cluster_size": 1, "origin_tiles": "K-35-052-4_32635_x3648_y384.png"}}, {"type": "Feature", "geometry": {"type": "Point", "coordinates": [417138.2757860001, 4688558.092662499]}, "properties": {"source_tile": "K-35-052-4_32635_x3696_y3360.png", "label": "triangulation_mound", "subtype": "triangulation_mound", "cluster_size": 1, "origin_tiles": "K-35-052-4_32635_x4032_y3456.png"}}, {"type": "Feature", "geometry": {"type": "Point", "coordinates": [400232.78864274995, 4691491.10906775]}, "properties": {"source_tile": "K-35-052-4_32635_x336_y2688.png", "label": "triangulation_mound", "subtype": "triangulation_mound", "cluster_size": 2, "origin_tiles": "K-35-052-4_32635_x384_y2880.png;K-35-052-4_32635_x576_y2880.png"}}, {"type": "Feature", "geometry": {"type": "Point", "coordinates": [400061.559742, 4696487.5299295]}, "properties": {"source_tile": "K-35-052-4_32635_x336_y1680.png", "label": "burial_mound", "subtype": "burial_mound", "cluster_size": 1, "origin_tiles": "K-35-052-4_32635_x384_y1536.png"}}, {"type": "Feature", "geometry": {"type": "Point", "coordinates": [423912.25785750005, 4695235.2095245]}, "properties": {"source_tile": "K-35-053-3_Elenovo_x1008_y2016.png", "label": "burial_mound", "subtype": "burial_mound", "cluster_size": 1, "origin_tiles": "K-35-053-3_Elenovo_x1152_y1920.png"}}, {"type": "Feature", "geometry": {"type": "Point", "coordinates": [424539.9106345, 4695100.30024975]}, "properties": {"source_tile": "K-35-053-3_Elenovo_x1344_y2016.png", "label": "burial_mound", "subtype": "burial_mound", "cluster_size": 4, "origin_tiles": "K-35-053-3_Elenovo_x1152_y1920.png;K-35-053-3_Elenovo_x1152_y2112.png;K-35-053-3_Elenovo_x1344_y1920.png;K-35-053-3_Elenovo_x1344_y2112.png"}}, {"type": "Feature", "geometry": {"type": "Point", "coordinates": [425049.72821549996, 4694843.9485794995]}, "properties": {"source_tile": "K-35-053-3_Elenovo_x1344_y2016.png", "label": "burial_mound", "subtype": "burial_mound", "cluster_size": 4, "origin_tiles": "K-35-053-3_Elenovo_x1152_y1920.png;K-35-053-3_Elenovo_x1152_y2112.png;K-35-053-3_Elenovo_x1344_y1920.png;K-35-053-3_Elenovo_x1344_y2112.png"}}, {"type": "Feature", "geometry": {"type": "Point", "coordinates": [423877.869218875, 4694324.752278499]}, "properties": {"source_tile": "K-35-053-3_Elenovo_x1008_y2016.png", "label": "burial_mound", "subtype": "burial_mound", "cluster_size": 4, "origin_tiles": "K-35-053-3_Elenovo_x1152_y1920.png;K-35-053-3_Elenovo_x1152_y2112.png;K-35-053-3_Elenovo_x960_y1920.png;K-35-053-3_Elenovo_x960_y2112.png"}}, {"type": "Feature", "geometry": {"type": "Point", "coordinates": [417940.65871849994, 4692513.9379455]}, "properties": {"source_tile": "K-35-053-3_Elenovo_x0_y2352.png", "label": "burial_mound", "subtype": "burial_mound", "cluster_size": 1, "origin_tiles": "K-35-053-3_Elenovo_x0_y2304.png"}}, {"type": "Feature", "geometry": {"type": "Point", "coordinates": [425845.476506125, 4704619.460217125]}, "properties": {"source_tile": "K-35-053-3_Elenovo_x1344_y0.png", "label": "burial_mound", "subtype": "burial_mound", "cluster_size": 4, "origin_tiles": "K-35-053-3_Elenovo_x1344_y0.png;K-35-053-3_Elenovo_x1344_y192.png;K-35-053-3_Elenovo_x1536_y0.png;K-35-053-3_Elenovo_x1536_y192.png"}}, {"type": "Feature", "geometry": {"type": "Point", "coordinates": [425984.2334605, 4703872.2888845]}, "properties": {"source_tile": "K-35-053-3_Elenovo_x1344_y336.png", "label": "burial_mound", "subtype": "burial_mound", "cluster_size": 1, "origin_tiles": "K-35-053-3_Elenovo_x1344_y192.png"}}, {"type": "Feature", "geometry": {"type": "Point", "coordinates": [425926.9992227501, 4693269.045117501]}, "properties": {"source_tile": "K-35-053-3_Elenovo_x1344_y2352.png", "label": "burial_mound", "subtype": "burial_mound", "cluster_size": 2, "origin_tiles": "K-35-053-3_Elenovo_x1344_y2112.png;K-35-053-3_Elenovo_x1344_y2304.png"}}, {"type": "Feature", "geometry": {"type": "Point", "coordinates": [425649.4853135, 4694147.27804525]}, "properties": {"source_tile": "K-35-053-3_Elenovo_x1344_y2016.png", "label": "burial_mound", "subtype": "burial_mound", "cluster_size": 2, "origin_tiles": "K-35-053-3_Elenovo_x1344_y2112.png;K-35-053-3_Elenovo_x1344_y2304.png"}}, {"type": "Feature", "geometry": {"type": "Point", "coordinates": [425301.270286, 4705043.907401251]}, "properties": {"source_tile": "K-35-053-3_Elenovo_x1344_y0.png", "label": "triangulation_mound", "subtype": "triangulation_mound", "cluster_size": 2, "origin_tiles": "K-35-053-3_Elenovo_x1344_y0.png;K-35-053-3_Elenovo_x1536_y0.png"}}, {"type": "Feature", "geometry": {"type": "Point", "coordinates": [425579.74611574993, 4704909.7195665]}, "properties": {"source_tile": "K-35-053-3_Elenovo_x1344_y0.png", "label": "burial_mound", "subtype": "burial_mound", "cluster_size": 2, "origin_tiles": "K-35-053-3_Elenovo_x1344_y0.png;K-35-053-3_Elenovo_x1536_y0.png"}}, {"type": "Feature", "geometry": {"type": "Point", "coordinates": [425138.705812, 4687287.826779]}, "properties": {"source_tile": "K-35-053-3_Elenovo_x1344_y3360.png", "label": "settlement_mound", "subtype": "settlement_mound", "cluster_size": 1, "origin_tiles": "K-35-053-3_Elenovo_x1344_y3648.png"}}, {"type": "Feature", "geometry": {"type": "Point", "coordinates": [425878.90322449995, 4690079.799475499]}, "properties": {"source_tile": "K-35-053-3_Elenovo_x1344_y3024.png", "label": "burial_mound", "subtype": "burial_mound", "cluster_size": 2, "origin_tiles": "K-35-053-3_Elenovo_x1344_y2880.png;K-35-053-3_Elenovo_x1536_y2880.png"}}, {"type": "Feature", "geometry": {"type": "Point", "coordinates": [425866.2379451667, 4691848.930610166]}, "properties": {"source_tile": "K-35-053-3_Elenovo_x1344_y2688.png", "label": "burial_mound", "subtype": "burial_mound", "cluster_size": 3, "origin_tiles": "K-35-053-3_Elenovo_x1344_y2496.png;K-35-053-3_Elenovo_x1344_y2688.png;K-35-053-3_Elenovo_x1536_y2688.png"}}, {"type": "Feature", "geometry": {"type": "Point", "coordinates": [425832.8913864999, 4692100.633000833]}, "properties": {"source_tile": "K-35-053-3_Elenovo_x1344_y2688.png", "label": "burial_mound", "subtype": "burial_mound", "cluster_size": 3, "origin_tiles": "K-35-053-3_Elenovo_x1344_y2496.png;K-35-053-3_Elenovo_x1344_y2688.png;K-35-053-3_Elenovo_x1536_y2688.png"}}, {"type": "Feature", "geometry": {"type": "Point", "coordinates": [401249.820979625, 4698547.567525625]}, "properties": {"source_tile": "K-35-052-4_32635_x672_y1344.png", "label": "burial_mound", "subtype": "burial_mound", "cluster_size": 4, "origin_tiles": "K-35-052-4_32635_x576_y1152.png;K-35-052-4_32635_x576_y1344.png;K-35-052-4_32635_x768_y1152.png;K-35-052-4_32635_x768_y1344.png"}}, {"type": "Feature", "geometry": {"type": "Point", "coordinates": [425231.2906085, 4701994.1401545]}, "properties": {"source_tile": "K-35-053-3_Elenovo_x1344_y672.png", "label": "burial_mound", "subtype": "burial_mound", "cluster_size": 4, "origin_tiles": "K-35-053-3_Elenovo_x1344_y384.png;K-35-053-3_Elenovo_x1344_y576.png;K-35-053-3_Elenovo_x1536_y384.png;K-35-053-3_Elenovo_x1536_y576.png"}}, {"type": "Feature", "geometry": {"type": "Point", "coordinates": [425282.03188699996, 4701881.5955185]}, "properties": {"source_tile": "K-35-053-3_Elenovo_x1344_y672.png", "label": "burial_mound", "subtype": "burial_mound", "cluster_size": 2, "origin_tiles": "K-35-053-3_Elenovo_x1344_y576.png;K-35-053-3_Elenovo_x1536_y576.png"}}, {"type": "Feature", "geometry": {"type": "Point", "coordinates": [427048.11694150005, 4696536.6872365]}, "properties": {"source_tile": "K-35-053-3_Elenovo_x1680_y1680.png", "label": "triangulation_mound", "subtype": "triangulation_mound", "cluster_size": 1, "origin_tiles": "K-35-053-3_Elenovo_x1536_y1536.png"}}, {"type": "Feature", "geometry": {"type": "Point", "coordinates": [423604.44346900005, 4701202.480023501]}, "properties": {"source_tile": "K-35-053-3_Elenovo_x1008_y672.png", "label": "triangulation_mound", "subtype": "triangulation_mound", "cluster_size": 2, "origin_tiles": "K-35-053-3_Elenovo_x1152_y576.png;K-35-053-3_Elenovo_x960_y576.png"}}, {"type": "Feature", "geometry": {"type": "Point", "coordinates": [417408.58657950006, 4696704.932916501]}, "properties": {"source_tile": "K-35-052-4_32635_x4032_y1680.png", "label": "burial_mound", "subtype": "burial_mound", "cluster_size": 1, "origin_tiles": "K-35-052-4_32635_x4032_y1536.png"}}, {"type": "Feature", "geometry": {"type": "Point", "coordinates": [426724.9118335, 4696095.165973]}, "properties": {"source_tile": "K-35-053-3_Elenovo_x1680_y1680.png", "label": "burial_mound", "subtype": "burial_mound", "cluster_size": 1, "origin_tiles": "K-35-053-3_Elenovo_x1536_y1728.png"}}, {"type": "Feature", "geometry": {"type": "Point", "coordinates": [425852.93138575007, 4691976.7056455]}, "properties": {"source_tile": "K-35-053-3_Elenovo_x1344_y2688.png", "label": "burial_mound", "subtype": "burial_mound", "cluster_size": 2, "origin_tiles": "K-35-053-3_Elenovo_x1344_y2496.png;K-35-053-3_Elenovo_x1536_y2688.png"}}, {"type": "Feature", "geometry": {"type": "Point", "coordinates": [427082.74606, 4704823.6277295]}, "properties": {"source_tile": "K-35-053-3_Elenovo_x1680_y0.png", "label": "burial_mound", "subtype": "burial_mound", "cluster_size": 2, "origin_tiles": "K-35-053-3_Elenovo_x1536_y0.png;K-35-053-3_Elenovo_x1728_y0.png"}}, {"type": "Feature", "geometry": {"type": "Point", "coordinates": [425025.19925625, 4688324.29554075]}, "properties": {"source_tile": "K-35-053-3_Elenovo_x1344_y3360.png", "label": "burial_mound", "subtype": "burial_mound", "cluster_size": 2, "origin_tiles": "K-35-053-3_Elenovo_x1344_y3264.png;K-35-053-3_Elenovo_x1344_y3456.png"}}, {"type": "Feature", "geometry": {"type": "Point", "coordinates": [425934.69458250003, 4688081.41074975]}, "properties": {"source_tile": "K-35-053-3_Elenovo_x1344_y3360.png", "label": "burial_mound", "subtype": "burial_mound", "cluster_size": 2, "origin_tiles": "K-35-053-3_Elenovo_x1344_y3264.png;K-35-053-3_Elenovo_x1344_y3456.png"}}, {"type": "Feature", "geometry": {"type": "Point", "coordinates": [424960.26965875004, 4687940.008514999]}, "properties": {"source_tile": "K-35-053-3_Elenovo_x1344_y3360.png", "label": "burial_mound", "subtype": "burial_mound", "cluster_size": 2, "origin_tiles": "K-35-053-3_Elenovo_x1344_y3264.png;K-35-053-3_Elenovo_x1344_y3456.png"}}, {"type": "Feature", "geometry": {"type": "Point", "coordinates": [425982.309621, 4687550.4309295]}, "properties": {"source_tile": "K-35-053-3_Elenovo_x1344_y3360.png", "label": "burial_mound", "subtype": "burial_mound", "cluster_size": 1, "origin_tiles": "K-35-053-3_Elenovo_x1344_y3456.png"}}, {"type": "Feature", "geometry": {"type": "Point", "coordinates": [424333.578802, 4687403.257175]}, "properties": {"source_tile": "K-35-053-3_Elenovo_x1008_y3360.png", "label": "settlement_mound", "subtype": "settlement_mound", "cluster_size": 1, "origin_tiles": "K-35-053-3_Elenovo_x1344_y3456.png"}}, {"type": "Feature", "geometry": {"type": "Point", "coordinates": [425080.9906145001, 4687227.225821502]}, "properties": {"source_tile": "K-35-053-3_Elenovo_x1344_y3360.png", "label": "burial_mound", "subtype": "burial_mound", "cluster_size": 1, "origin_tiles": "K-35-053-3_Elenovo_x1344_y3456.png"}}, {"type": "Feature", "geometry": {"type": "Point", "coordinates": [426758.5790325, 4697589.9895975]}, "properties": {"source_tile": "K-35-053-3_Elenovo_x1680_y1344.png", "label": "benchmark_mound", "subtype": "benchmark_mound", "cluster_size": 1, "origin_tiles": "K-35-053-3_Elenovo_x1728_y1536.png"}}, {"type": "Feature", "geometry": {"type": "Point", "coordinates": [427397.6145283333, 4696467.428999]}, "properties": {"source_tile": "K-35-053-3_Elenovo_x1680_y1680.png", "label": "triangulation_mound", "subtype": "triangulation_mound", "cluster_size": 3, "origin_tiles": "K-35-053-3_Elenovo_x1728_y1536.png;K-35-053-3_Elenovo_x1920_y1536.png;K-35-053-3_Elenovo_x1920_y1728.png"}}, {"type": "Feature", "geometry": {"type": "Point", "coordinates": [424297.9877635, 4687394.5998955]}, "properties": {"source_tile": "K-35-053-3_Elenovo_x1008_y3360.png", "label": "burial_mound", "subtype": "burial_mound", "cluster_size": 1, "origin_tiles": "K-35-053-3_Elenovo_x1152_y3456.png"}}, {"type": "Feature", "geometry": {"type": "Point", "coordinates": [425477.30163999996, 4687207.987422001]}, "properties": {"source_tile": "K-35-053-3_Elenovo_x1344_y3360.png", "label": "triangulation_mound", "subtype": "triangulation_mound", "cluster_size": 1, "origin_tiles": "K-35-053-3_Elenovo_x1536_y3648.png"}}, {"type": "Feature", "geometry": {"type": "Point", "coordinates": [414823.799738, 4693062.9519030005]}, "properties": {"source_tile": "K-35-052-4_32635_x3360_y2352.png", "label": "burial_mound", "subtype": "burial_mound", "cluster_size": 1, "origin_tiles": "K-35-052-4_32635_x3264_y2496.png"}}, {"type": "Feature", "geometry": {"type": "Point", "coordinates": [414616.016352, 4691773.925343]}, "properties": {"source_tile": "K-35-052-4_32635_x3360_y2688.png", "label": "burial_mound", "subtype": "burial_mound", "cluster_size": 1, "origin_tiles": "K-35-052-4_32635_x3264_y2496.png"}}, {"type": "Feature", "geometry": {"type": "Point", "coordinates": [426966.0331045, 4688128.865468167]}, "properties": {"source_tile": "K-35-053-3_Elenovo_x1680_y3360.png", "label": "burial_mound", "subtype": "burial_mound", "cluster_size": 3, "origin_tiles": "K-35-053-3_Elenovo_x1536_y3264.png;K-35-053-3_Elenovo_x1728_y3264.png;K-35-053-3_Elenovo_x1728_y3456.png"}}, {"type": "Feature", "geometry": {"type": "Point", "coordinates": [426977.25550416665, 4688048.384831167]}, "properties": {"source_tile": "K-35-053-3_Elenovo_x1680_y3360.png", "label": "burial_mound", "subtype": "burial_mound", "cluster_size": 3, "origin_tiles": "K-35-053-3_Elenovo_x1536_y3264.png;K-35-053-3_Elenovo_x1728_y3264.png;K-35-053-3_Elenovo_x1728_y3456.png"}}, {"type": "Feature", "geometry": {"type": "Point", "coordinates": [426747.99791250005, 4687967.904194]}, "properties": {"source_tile": "K-35-053-3_Elenovo_x1680_y3360.png", "label": "burial_mound", "subtype": "burial_mound", "cluster_size": 1, "origin_tiles": "K-35-053-3_Elenovo_x1536_y3264.png"}}, {"type": "Feature", "geometry": {"type": "Point", "coordinates": [426783.58895149996, 4687965.659713834]}, "properties": {"source_tile": "K-35-053-3_Elenovo_x1680_y3360.png", "label": "burial_mound", "subtype": "burial_mound", "cluster_size": 3, "origin_tiles": "K-35-053-3_Elenovo_x1536_y3264.png;K-35-053-3_Elenovo_x1728_y3264.png;K-35-053-3_Elenovo_x1728_y3456.png"}}, {"type": "Feature", "geometry": {"type": "Point", "coordinates": [427041.7041415, 4688129.827388166]}, "properties": {"source_tile": "K-35-053-3_Elenovo_x1680_y3360.png", "label": "burial_mound", "subtype": "burial_mound", "cluster_size": 3, "origin_tiles": "K-35-053-3_Elenovo_x1536_y3264.png;K-35-053-3_Elenovo_x1728_y3264.png;K-35-053-3_Elenovo_x1728_y3456.png"}}, {"type": "Feature", "geometry": {"type": "Point", "coordinates": [426204.5131325, 4690362.122985501]}, "properties": {"source_tile": "K-35-053-3_Elenovo_x1680_y3024.png", "label": "triangulation_mound", "subtype": "triangulation_mound", "cluster_size": 1, "origin_tiles": "K-35-053-3_Elenovo_x1728_y2880.png"}}, {"type": "Feature", "geometry": {"type": "Point", "coordinates": [427488.67628500005, 4697908.385106]}, "properties": {"source_tile": "K-35-053-3_Elenovo_x1680_y1344.png", "label": "burial_mound", "subtype": "burial_mound", "cluster_size": 1, "origin_tiles": "K-35-053-3_Elenovo_x1728_y1344.png"}}, {"type": "Feature", "geometry": {"type": "Point", "coordinates": [427925.387949, 4697937.242705001]}, "properties": {"source_tile": "K-35-053-3_Elenovo_x2016_y1344.png", "label": "burial_mound", "subtype": "burial_mound", "cluster_size": 1, "origin_tiles": "K-35-053-3_Elenovo_x1728_y1344.png"}}, {"type": "Feature", "geometry": {"type": "Point", "coordinates": [426849.961429, 4687216.644702001]}, "properties": {"source_tile": "K-35-053-3_Elenovo_x1680_y3360.png", "label": "burial_mound", "subtype": "burial_mound", "cluster_size": 1, "origin_tiles": "K-35-053-3_Elenovo_x1728_y3648.png"}}, {"type": "Feature", "geometry": {"type": "Point", "coordinates": [427516.812444125, 4703543.071777125]}, "properties": {"source_tile": "K-35-053-3_Elenovo_x1680_y336.png", "label": "burial_mound", "subtype": "burial_mound", "cluster_size": 4, "origin_tiles": "K-35-053-3_Elenovo_x1728_y192.png;K-35-053-3_Elenovo_x1728_y384.png;K-35-053-3_Elenovo_x1920_y192.png;K-35-053-3_Elenovo_x1920_y384.png"}}, {"type": "Feature", "geometry": {"type": "Point", "coordinates": [427863.18379150005, 4704723.908693167]}, "properties": {"source_tile": "K-35-053-3_Elenovo_x2016_y0.png", "label": "burial_mound", "subtype": "burial_mound", "cluster_size": 3, "origin_tiles": "K-35-053-3_Elenovo_x1728_y0.png;K-35-053-3_Elenovo_x1728_y192.png;K-35-053-3_Elenovo_x1920_y0.png"}}, {"type": "Feature", "geometry": {"type": "Point", "coordinates": [425463.83476049994, 4687544.6594095]}, "properties": {"source_tile": "K-35-053-3_Elenovo_x1344_y3360.png", "label": "benchmark_mound", "subtype": "benchmark_mound", "cluster_size": 1, "origin_tiles": "K-35-053-3_Elenovo_x1536_y3456.png"}}, {"type": "Feature", "geometry": {"type": "Point", "coordinates": [426277.61905, 4699160.804899501]}, "properties": {"source_tile": "K-35-053-3_Elenovo_x1680_y1008.png", "label": "burial_mound", "subtype": "burial_mound", "cluster_size": 1, "origin_tiles": "K-35-053-3_Elenovo_x1536_y1152.png"}}, {"type": "Feature", "geometry": {"type": "Point", "coordinates": [427758.49483524996, 4705249.758273749]}, "properties": {"source_tile": "K-35-053-3_Elenovo_x2016_y0.png", "label": "burial_mound", "subtype": "burial_mound", "cluster_size": 2, "origin_tiles": "K-35-053-3_Elenovo_x1728_y0.png;K-35-053-3_Elenovo_x1920_y0.png"}}, {"type": "Feature", "geometry": {"type": "Point", "coordinates": [426641.2247965, 4701809.4515215]}, "properties": {"source_tile": "K-35-053-3_Elenovo_x1680_y672.png", "label": "burial_mound", "subtype": "burial_mound", "cluster_size": 4, "origin_tiles": "K-35-053-3_Elenovo_x1536_y576.png;K-35-053-3_Elenovo_x1536_y768.png;K-35-053-3_Elenovo_x1728_y576.png;K-35-053-3_Elenovo_x1728_y768.png"}}, {"type": "Feature", "geometry": {"type": "Point", "coordinates": [401775.77267474995, 4699204.105307501]}, "properties": {"source_tile": "K-35-052-4_32635_x672_y1008.png", "label": "burial_mound", "subtype": "burial_mound", "cluster_size": 2, "origin_tiles": "K-35-052-4_32635_x768_y1152.png;K-35-052-4_32635_x768_y1344.png"}}, {"type": "Feature", "geometry": {"type": "Point", "coordinates": [400844.595279, 4697421.593205499]}, "properties": {"source_tile": "K-35-052-4_32635_x672_y1680.png", "label": "burial_mound", "subtype": "burial_mound", "cluster_size": 1, "origin_tiles": "K-35-052-4_32635_x768_y1344.png"}}, {"type": "Feature", "geometry": {"type": "Point", "coordinates": [424283.558964, 4703739.5439295005]}, "properties": {"source_tile": "K-35-053-3_Elenovo_x1008_y336.png", "label": "settlement_mound", "subtype": "settlement_mound", "cluster_size": 1, "origin_tiles": "K-35-053-3_Elenovo_x1152_y384.png"}}, {"type": "Feature", "geometry": {"type": "Point", "coordinates": [428473.6823290001, 4698935.715628001]}, "properties": {"source_tile": "K-35-053-3_Elenovo_x2016_y1008.png", "label": "burial_mound", "subtype": "burial_mound", "cluster_size": 1, "origin_tiles": "K-35-053-3_Elenovo_x1920_y1152.png"}}, {"type": "Feature", "geometry": {"type": "Point", "coordinates": [428351.51849300007, 4698948.220587]}, "properties": {"source_tile": "K-35-053-3_Elenovo_x2016_y1008.png", "label": "burial_mound", "subtype": "burial_mound", "cluster_size": 1, "origin_tiles": "K-35-053-3_Elenovo_x1920_y1152.png"}}, {"type": "Feature", "geometry": {"type": "Point", "coordinates": [428409.23369100003, 4698947.258667001]}, "properties": {"source_tile": "K-35-053-3_Elenovo_x2016_y1008.png", "label": "burial_mound", "subtype": "burial_mound", "cluster_size": 1, "origin_tiles": "K-35-053-3_Elenovo_x1920_y1152.png"}}, {"type": "Feature", "geometry": {"type": "Point", "coordinates": [428647.78984200006, 4698900.124589]}, "properties": {"source_tile": "K-35-053-3_Elenovo_x2016_y1008.png", "label": "burial_mound", "subtype": "burial_mound", "cluster_size": 1, "origin_tiles": "K-35-053-3_Elenovo_x1920_y1152.png"}}, {"type": "Feature", "geometry": {"type": "Point", "coordinates": [427428.07532725, 4699051.146023499]}, "properties": {"source_tile": "K-35-053-3_Elenovo_x1680_y1008.png", "label": "burial_mound", "subtype": "burial_mound", "cluster_size": 2, "origin_tiles": "K-35-053-3_Elenovo_x1728_y1152.png;K-35-053-3_Elenovo_x1920_y1152.png"}}, {"type": "Feature", "geometry": {"type": "Point", "coordinates": [428488.1111285, 4698788.5418735]}, "properties": {"source_tile": "K-35-053-3_Elenovo_x2016_y1344.png", "label": "benchmark_mound", "subtype": "benchmark_mound", "cluster_size": 1, "origin_tiles": "K-35-053-3_Elenovo_x1920_y1344.png"}}, {"type": "Feature", "geometry": {"type": "Point", "coordinates": [424898.22582149995, 4688518.1224135]}, "properties": {"source_tile": "K-35-053-3_Elenovo_x1344_y3360.png", "label": "burial_mound", "subtype": "burial_mound", "cluster_size": 1, "origin_tiles": "K-35-053-3_Elenovo_x1344_y3264.png"}}, {"type": "Feature", "geometry": {"type": "Point", "coordinates": [425018.4658165, 4688531.5892935]}, "properties": {"source_tile": "K-35-053-3_Elenovo_x1344_y3360.png", "label": "burial_mound", "subtype": "burial_mound", "cluster_size": 1, "origin_tiles": "K-35-053-3_Elenovo_x1344_y3264.png"}}, {"type": "Feature", "geometry": {"type": "Point", "coordinates": [425132.9342925001, 4687555.240529501]}, "properties": {"source_tile": "K-35-053-3_Elenovo_x1344_y3360.png", "label": "burial_mound", "subtype": "burial_mound", "cluster_size": 1, "origin_tiles": "K-35-053-3_Elenovo_x1344_y3264.png"}}, {"type": "Feature", "geometry": {"type": "Point", "coordinates": [425632.1707535001, 4688497.9220945]}, "properties": {"source_tile": "K-35-053-3_Elenovo_x1344_y3360.png", "label": "burial_mound", "subtype": "burial_mound", "cluster_size": 1, "origin_tiles": "K-35-053-3_Elenovo_x1344_y3264.png"}}, {"type": "Feature", "geometry": {"type": "Point", "coordinates": [401812.32715950004, 4687638.4587885]}, "properties": {"source_tile": "K-35-052-4_32635_x672_y3360.png", "label": "burial_mound", "subtype": "burial_mound", "cluster_size": 1, "origin_tiles": "K-35-052-4_32635_x768_y3648.png"}}, {"type": "Feature", "geometry": {"type": "Point", "coordinates": [427126.9943786667, 4688898.401439667]}, "properties": {"source_tile": "K-35-053-3_Elenovo_x1680_y3024.png", "label": "triangulation_mound", "subtype": "triangulation_mound", "cluster_size": 3, "origin_tiles": "K-35-053-3_Elenovo_x1728_y3072.png;K-35-053-3_Elenovo_x1728_y3264.png;K-35-053-3_Elenovo_x1920_y3072.png"}}, {"type": "Feature", "geometry": {"type": "Point", "coordinates": [427063.02670075, 4688725.41616575]}, "properties": {"source_tile": "K-35-053-3_Elenovo_x1680_y3360.png", "label": "burial_mound", "subtype": "burial_mound", "cluster_size": 2, "origin_tiles": "K-35-053-3_Elenovo_x1728_y3072.png;K-35-053-3_Elenovo_x1728_y3264.png"}}, {"type": "Feature", "geometry": {"type": "Point", "coordinates": [427338.2961306667, 4687742.1736425]}, "properties": {"source_tile": "K-35-053-3_Elenovo_x1680_y3360.png", "label": "burial_mound", "subtype": "burial_mound", "cluster_size": 3, "origin_tiles": "K-35-053-3_Elenovo_x1728_y3264.png;K-35-053-3_Elenovo_x1728_y3456.png;K-35-053-3_Elenovo_x1920_y3264.png"}}, {"type": "Feature", "geometry": {"type": "Point", "coordinates": [401690.1582240001, 4688439.7715684995]}, "properties": {"source_tile": "K-35-052-4_32635_x672_y3360.png", "label": "benchmark_mound", "subtype": "benchmark_mound", "cluster_size": 1, "origin_tiles": "K-35-052-4_32635_x768_y3456.png"}}, {"type": "Feature", "geometry": {"type": "Point", "coordinates": [426267.3585705, 4701020.1961905]}, "properties": {"source_tile": "K-35-053-3_Elenovo_x1680_y672.png", "label": "burial_mound", "subtype": "burial_mound", "cluster_size": 3, "origin_tiles": "K-35-053-3_Elenovo_x1536_y576.png;K-35-053-3_Elenovo_x1536_y768.png;K-35-053-3_Elenovo_x1728_y768.png"}}, {"type": "Feature", "geometry": {"type": "Point", "coordinates": [417291.22744499997, 4703956.188298501]}, "properties": {"source_tile": "K-35-052-4_32635_x4032_y336.png", "label": "burial_mound", "subtype": "burial_mound", "cluster_size": 1, "origin_tiles": "K-35-052-4_32635_x4032_y192.png"}}, {"type": "Feature", "geometry": {"type": "Point", "coordinates": [428434.72456999996, 4703362.952263875]}, "properties": {"source_tile": "K-35-053-3_Elenovo_x2016_y336.png", "label": "triangulation_mound", "subtype": "triangulation_mound", "cluster_size": 4, "origin_tiles": "K-35-053-3_Elenovo_x1920_y192.png;K-35-053-3_Elenovo_x1920_y384.png;K-35-053-3_Elenovo_x2112_y192.png;K-35-053-3_Elenovo_x2112_y384.png"}}, {"type": "Feature", "geometry": {"type": "Point", "coordinates": [427992.7223465, 4701964.8015955]}, "properties": {"source_tile": "K-35-053-3_Elenovo_x2016_y672.png", "label": "burial_mound", "subtype": "burial_mound", "cluster_size": 1, "origin_tiles": "K-35-053-3_Elenovo_x1920_y576.png"}}, {"type": "Feature", "geometry": {"type": "Point", "coordinates": [402189.4155265, 4704907.566857]}, "properties": {"source_tile": "K-35-052-4_32635_x1008_y0.png", "label": "benchmark_mound", "subtype": "benchmark_mound", "cluster_size": 1, "origin_tiles": "K-35-052-4_32635_x768_y0.png"}}, {"type": "Feature", "geometry": {"type": "Point", "coordinates": [427568.5156425001, 4701773.379522501]}, "properties": {"source_tile": "K-35-053-3_Elenovo_x1680_y672.png", "label": "burial_mound", "subtype": "burial_mound", "cluster_size": 1, "origin_tiles": "K-35-053-3_Elenovo_x1920_y768.png"}}, {"type": "Feature", "geometry": {"type": "Point", "coordinates": [428454.4439295, 4700225.6503]}, "properties": {"source_tile": "K-35-053-3_Elenovo_x2016_y1008.png", "label": "burial_mound", "subtype": "burial_mound", "cluster_size": 1, "origin_tiles": "K-35-053-3_Elenovo_x1920_y768.png"}}, {"type": "Feature", "geometry": {"type": "Point", "coordinates": [402188.45356600004, 4704927.7680195]}, "properties": {"source_tile": "K-35-052-4_32635_x1008_y0.png", "label": "benchmark_mound", "subtype": "benchmark_mound", "cluster_size": 1, "origin_tiles": "K-35-052-4_32635_x960_y192.png"}}, {"type": "Feature", "geometry": {"type": "Point", "coordinates": [419836.84344862495, 4692483.637466625]}, "properties": {"source_tile": "K-35-053-3_Elenovo_x336_y2352.png", "label": "burial_mound", "subtype": "burial_mound", "cluster_size": 4, "origin_tiles": "K-35-053-3_Elenovo_x192_y2304.png;K-35-053-3_Elenovo_x192_y2496.png;K-35-053-3_Elenovo_x384_y2304.png;K-35-053-3_Elenovo_x384_y2496.png"}}, {"type": "Feature", "geometry": {"type": "Point", "coordinates": [419193.07851250004, 4695644.9874295]}, "properties": {"source_tile": "K-35-053-3_Elenovo_x0_y1680.png", "label": "burial_mound", "subtype": "burial_mound", "cluster_size": 2, "origin_tiles": "K-35-053-3_Elenovo_x192_y1728.png;K-35-053-3_Elenovo_x192_y1920.png"}}, {"type": "Feature", "geometry": {"type": "Point", "coordinates": [418953.56044150004, 4702349.569581499]}, "properties": {"source_tile": "K-35-053-3_Elenovo_x0_y336.png", "label": "burial_mound", "subtype": "burial_mound", "cluster_size": 1, "origin_tiles": "K-35-053-3_Elenovo_x192_y576.png"}}, {"type": "Feature", "geometry": {"type": "Point", "coordinates": [419880.5306468333, 4703522.150017667]}, "properties": {"source_tile": "K-35-053-3_Elenovo_x336_y336.png", "label": "burial_mound", "subtype": "burial_mound", "cluster_size": 3, "origin_tiles": "K-35-053-3_Elenovo_x192_y192.png;K-35-053-3_Elenovo_x384_y192.png;K-35-053-3_Elenovo_x384_y384.png"}}, {"type": "Feature", "geometry": {"type": "Point", "coordinates": [420080.6901595, 4702920.469079875]}, "properties": {"source_tile": "K-35-053-3_Elenovo_x336_y336.png", "label": "burial_mound", "subtype": "burial_mound", "cluster_size": 4, "origin_tiles": "K-35-053-3_Elenovo_x192_y192.png;K-35-053-3_Elenovo_x192_y384.png;K-35-053-3_Elenovo_x384_y192.png;K-35-053-3_Elenovo_x384_y384.png"}}, {"type": "Feature", "geometry": {"type": "Point", "coordinates": [427055.8123015, 4700416.110452499]}, "properties": {"source_tile": "K-35-053-3_Elenovo_x1680_y1008.png", "label": "burial_mound", "subtype": "burial_mound", "cluster_size": 1, "origin_tiles": "K-35-053-3_Elenovo_x1728_y960.png"}}, {"type": "Feature", "geometry": {"type": "Point", "coordinates": [429748.7072414999, 4705488.795385001]}, "properties": {"source_tile": "K-35-053-3_Elenovo_x2352_y0.png", "label": "burial_mound", "subtype": "burial_mound", "cluster_size": 2, "origin_tiles": "K-35-053-3_Elenovo_x2112_y0.png;K-35-053-3_Elenovo_x2304_y0.png"}}, {"type": "Feature", "geometry": {"type": "Point", "coordinates": [429534.03876950004, 4704638.2978165]}, "properties": {"source_tile": "K-35-053-3_Elenovo_x2352_y0.png", "label": "burial_mound", "subtype": "burial_mound", "cluster_size": 3, "origin_tiles": "K-35-053-3_Elenovo_x2112_y0.png;K-35-053-3_Elenovo_x2112_y192.png;K-35-053-3_Elenovo_x2304_y0.png"}}, {"type": "Feature", "geometry": {"type": "Point", "coordinates": [418589.71421475004, 4696634.081633125]}, "properties": {"source_tile": "K-35-053-3_Elenovo_x0_y1680.png", "label": "burial_mound", "subtype": "burial_mound", "cluster_size": 4, "origin_tiles": "K-35-053-3_Elenovo_x0_y1536.png;K-35-053-3_Elenovo_x0_y1728.png;K-35-053-3_Elenovo_x192_y1536.png;K-35-053-3_Elenovo_x192_y1728.png"}}, {"type": "Feature", "geometry": {"type": "Point", "coordinates": [428670.875921, 4698141.169737]}, "properties": {"source_tile": "K-35-053-3_Elenovo_x2016_y1344.png", "label": "burial_mound", "subtype": "burial_mound", "cluster_size": 1, "origin_tiles": "K-35-053-3_Elenovo_x2112_y1344.png"}}, {"type": "Feature", "geometry": {"type": "Point", "coordinates": [418472.600459, 4688272.832822499]}, "properties": {"source_tile": "K-35-053-3_Elenovo_x0_y3360.png", "label": "burial_mound", "subtype": "burial_mound", "cluster_size": 1, "origin_tiles": "K-35-053-3_Elenovo_x192_y3264.png"}}, {"type": "Feature", "geometry": {"type": "Point", "coordinates": [418564.94477550004, 4688281.490102]}, "properties": {"source_tile": "K-35-053-3_Elenovo_x0_y3360.png", "label": "burial_mound", "subtype": "burial_mound", "cluster_size": 1, "origin_tiles": "K-35-053-3_Elenovo_x192_y3456.png"}}, {"type": "Feature", "geometry": {"type": "Point", "coordinates": [420022.2535215001, 4700206.4119005]}, "properties": {"source_tile": "K-35-053-3_Elenovo_x336_y1008.png", "label": "benchmark_mound", "subtype": "benchmark_mound", "cluster_size": 1, "origin_tiles": "K-35-053-3_Elenovo_x192_y768.png"}}, {"type": "Feature", "geometry": {"type": "Point", "coordinates": [429575.0806880001, 4689186.175829001]}, "properties": {"source_tile": "K-35-053-3_Elenovo_x2352_y3024.png", "label": "settlement_mound", "subtype": "settlement_mound", "cluster_size": 2, "origin_tiles": "K-35-053-3_Elenovo_x2112_y3072.png;K-35-053-3_Elenovo_x2304_y3072.png"}}, {"type": "Feature", "geometry": {"type": "Point", "coordinates": [400391.51206300006, 4701247.3086015005]}, "properties": {"source_tile": "K-35-052-4_32635_x672_y672.png", "label": "burial_mound", "subtype": "burial_mound", "cluster_size": 1, "origin_tiles": "K-35-052-4_32635_x576_y768.png"}}, {"type": "Feature", "geometry": {"type": "Point", "coordinates": [400810.92667499994, 4701389.6786995]}, "properties": {"source_tile": "K-35-052-4_32635_x672_y672.png", "label": "burial_mound", "subtype": "burial_mound", "cluster_size": 1, "origin_tiles": "K-35-052-4_32635_x576_y768.png"}}, {"type": "Feature", "geometry": {"type": "Point", "coordinates": [400601.219369, 4701336.7708925]}, "properties": {"source_tile": "K-35-052-4_32635_x672_y672.png", "label": "burial_mound", "subtype": "burial_mound", "cluster_size": 1, "origin_tiles": "K-35-052-4_32635_x576_y768.png"}}, {"type": "Feature", "geometry": {"type": "Point", "coordinates": [428715.12424000003, 4700229.4979799995]}, "properties": {"source_tile": "K-35-053-3_Elenovo_x2016_y1008.png", "label": "burial_mound", "subtype": "burial_mound", "cluster_size": 1, "origin_tiles": "K-35-053-3_Elenovo_x1920_y960.png"}}, {"type": "Feature", "geometry": {"type": "Point", "coordinates": [428961.375751, 4696658.851072]}, "properties": {"source_tile": "K-35-053-3_Elenovo_x2016_y1680.png", "label": "burial_mound", "subtype": "burial_mound", "cluster_size": 1, "origin_tiles": "K-35-053-3_Elenovo_x2112_y1536.png"}}, {"type": "Feature", "geometry": {"type": "Point", "coordinates": [419800.05001, 4690539.59721875]}, "properties": {"source_tile": "K-35-053-3_Elenovo_x336_y2688.png", "label": "burial_mound", "subtype": "burial_mound", "cluster_size": 2, "origin_tiles": "K-35-053-3_Elenovo_x192_y2688.png;K-35-053-3_Elenovo_x192_y2880.png"}}, {"type": "Feature", "geometry": {"type": "Point", "coordinates": [425893.33202424995, 4689521.8858965]}, "properties": {"source_tile": "K-35-053-3_Elenovo_x1344_y3024.png", "label": "benchmark_mound", "subtype": "benchmark_mound", "cluster_size": 2, "origin_tiles": "K-35-053-3_Elenovo_x1344_y3072.png;K-35-053-3_Elenovo_x1536_y3072.png"}}, {"type": "Feature", "geometry": {"type": "Point", "coordinates": [430540.2070519999, 4696494.362758]}, "properties": {"source_tile": "K-35-053-3_Elenovo_x2352_y1680.png", "label": "triangulation_mound", "subtype": "triangulation_mound", "cluster_size": 3, "origin_tiles": "K-35-053-3_Elenovo_x2304_y1536.png;K-35-053-3_Elenovo_x2304_y1728.png;K-35-053-3_Elenovo_x2496_y1536.png"}}, {"type": "Feature", "geometry": {"type": "Point", "coordinates": [429044.1008677499, 4700168.897022]}, "properties": {"source_tile": "K-35-053-3_Elenovo_x2016_y1008.png", "label": "burial_mound", "subtype": "burial_mound", "cluster_size": 2, "origin_tiles": "K-35-053-3_Elenovo_x2112_y768.png;K-35-053-3_Elenovo_x2112_y960.png"}}, {"type": "Feature", "geometry": {"type": "Point", "coordinates": [429936.76259450003, 4698352.7921295]}, "properties": {"source_tile": "K-35-053-3_Elenovo_x2352_y1344.png", "label": "benchmark_mound", "subtype": "benchmark_mound", "cluster_size": 1, "origin_tiles": "K-35-053-3_Elenovo_x2304_y1344.png"}}, {"type": "Feature", "geometry": {"type": "Point", "coordinates": [419744.25865199993, 4693499.905909001]}, "properties": {"source_tile": "K-35-053-3_Elenovo_x336_y2352.png", "label": "burial_mound", "subtype": "burial_mound", "cluster_size": 1, "origin_tiles": "K-35-053-3_Elenovo_x192_y2112.png"}}, {"type": "Feature", "geometry": {"type": "Point", "coordinates": [428955.60423099995, 4696098.051733]}, "properties": {"source_tile": "K-35-053-3_Elenovo_x2016_y1680.png", "label": "burial_mound", "subtype": "burial_mound", "cluster_size": 1, "origin_tiles": "K-35-053-3_Elenovo_x2112_y1728.png"}}, {"type": "Feature", "geometry": {"type": "Point", "coordinates": [428986.3856695001, 4696606.907394]}, "properties": {"source_tile": "K-35-053-3_Elenovo_x2016_y1680.png", "label": "burial_mound", "subtype": "burial_mound", "cluster_size": 1, "origin_tiles": "K-35-053-3_Elenovo_x2112_y1728.png"}}, {"type": "Feature", "geometry": {"type": "Point", "coordinates": [429330.27205675, 4701563.68097025]}, "properties": {"source_tile": "K-35-053-3_Elenovo_x2016_y672.png", "label": "burial_mound", "subtype": "burial_mound", "cluster_size": 2, "origin_tiles": "K-35-053-3_Elenovo_x2112_y576.png;K-35-053-3_Elenovo_x2304_y576.png"}}, {"type": "Feature", "geometry": {"type": "Point", "coordinates": [430097.4032285, 4703408.162502251]}, "properties": {"source_tile": "K-35-053-3_Elenovo_x2352_y336.png", "label": "benchmark_mound", "subtype": "benchmark_mound", "cluster_size": 2, "origin_tiles": "K-35-053-3_Elenovo_x2304_y192.png;K-35-053-3_Elenovo_x2496_y384.png"}}, {"type": "Feature", "geometry": {"type": "Point", "coordinates": [429323.0576570001, 4701367.4492975]}, "properties": {"source_tile": "K-35-053-3_Elenovo_x2016_y672.png", "label": "burial_mound", "subtype": "burial_mound", "cluster_size": 1, "origin_tiles": "K-35-053-3_Elenovo_x2304_y576.png"}}, {"type": "Feature", "geometry": {"type": "Point", "coordinates": [430609.1446495, 4705343.0645105]}, "properties": {"source_tile": "K-35-053-3_Elenovo_x2352_y0.png", "label": "burial_mound", "subtype": "burial_mound", "cluster_size": 1, "origin_tiles": "K-35-053-3_Elenovo_x2496_y0.png"}}, {"type": "Feature", "geometry": {"type": "Point", "coordinates": [430716.8796855, 4705424.8277075]}, "properties": {"source_tile": "K-35-053-3_Elenovo_x2352_y0.png", "label": "burial_mound", "subtype": "burial_mound", "cluster_size": 1, "origin_tiles": "K-35-053-3_Elenovo_x2496_y0.png"}}, {"type": "Feature", "geometry": {"type": "Point", "coordinates": [431191.106228, 4699060.765223]}, "properties": {"source_tile": "K-35-053-3_Elenovo_x2688_y1008.png", "label": "burial_mound", "subtype": "burial_mound", "cluster_size": 1, "origin_tiles": "K-35-053-3_Elenovo_x2496_y1152.png"}}, {"type": "Feature", "geometry": {"type": "Point", "coordinates": [430541.8102525, 4696532.8395565]}, "properties": {"source_tile": "K-35-053-3_Elenovo_x2352_y1680.png", "label": "triangulation_mound", "subtype": "triangulation_mound", "cluster_size": 1, "origin_tiles": "K-35-053-3_Elenovo_x2496_y1728.png"}}, {"type": "Feature", "geometry": {"type": "Point", "coordinates": [424332.61688200006, 4687370.5518964995]}, "properties": {"source_tile": "K-35-053-3_Elenovo_x1008_y3360.png", "label": "burial_mound", "subtype": "burial_mound", "cluster_size": 1, "origin_tiles": "K-35-053-3_Elenovo_x1152_y3648.png"}}, {"type": "Feature", "geometry": {"type": "Point", "coordinates": [418331.19822450005, 4696358.7320432495]}, "properties": {"source_tile": "K-35-053-3_Elenovo_x0_y1680.png", "label": "burial_mound", "subtype": "burial_mound", "cluster_size": 2, "origin_tiles": "K-35-053-3_Elenovo_x0_y1536.png;K-35-053-3_Elenovo_x0_y1728.png"}}, {"type": "Feature", "geometry": {"type": "Point", "coordinates": [417975.2878375, 4696311.597965]}, "properties": {"source_tile": "K-35-052-4_32635_x4032_y1680.png", "label": "burial_mound", "subtype": "burial_mound", "cluster_size": 1, "origin_tiles": "K-35-053-3_Elenovo_x0_y1728.png"}}, {"type": "Feature", "geometry": {"type": "Point", "coordinates": [417996.45007649995, 4696210.5963685]}, "properties": {"source_tile": "K-35-052-4_32635_x4032_y1680.png", "label": "burial_mound", "subtype": "burial_mound", "cluster_size": 1, "origin_tiles": "K-35-053-3_Elenovo_x0_y1728.png"}}, {"type": "Feature", "geometry": {"type": "Point", "coordinates": [417966.63055800006, 4696154.805010499]}, "properties": {"source_tile": "K-35-052-4_32635_x4032_y1680.png", "label": "burial_mound", "subtype": "burial_mound", "cluster_size": 1, "origin_tiles": "K-35-053-3_Elenovo_x0_y1728.png"}}, {"type": "Feature", "geometry": {"type": "Point", "coordinates": [418030.11727550003, 4696099.0136525]}, "properties": {"source_tile": "K-35-053-3_Elenovo_x0_y1680.png", "label": "burial_mound", "subtype": "burial_mound", "cluster_size": 1, "origin_tiles": "K-35-053-3_Elenovo_x0_y1728.png"}}, {"type": "Feature", "geometry": {"type": "Point", "coordinates": [418114.76623249997, 4696128.8331715]}, "properties": {"source_tile": "K-35-053-3_Elenovo_x0_y1680.png", "label": "burial_mound", "subtype": "burial_mound", "cluster_size": 1, "origin_tiles": "K-35-053-3_Elenovo_x0_y1728.png"}}, {"type": "Feature", "geometry": {"type": "Point", "coordinates": [430069.5075495, 4700028.9376675]}, "properties": {"source_tile": "K-35-053-3_Elenovo_x2352_y1008.png", "label": "benchmark_mound", "subtype": "benchmark_mound", "cluster_size": 2, "origin_tiles": "K-35-053-3_Elenovo_x2304_y768.png;K-35-053-3_Elenovo_x2304_y960.png"}}, {"type": "Feature", "geometry": {"type": "Point", "coordinates": [432747.0117705, 4699534.02984575]}, "properties": {"source_tile": "K-35-053-3_Elenovo_x2688_y1008.png", "label": "burial_mound", "subtype": "burial_mound", "cluster_size": 2, "origin_tiles": "K-35-053-3_Elenovo_x2688_y1152.png;K-35-053-3_Elenovo_x2688_y960.png"}}, {"type": "Feature", "geometry": {"type": "Point", "coordinates": [430742.851525, 4697991.110223]}, "properties": {"source_tile": "K-35-053-3_Elenovo_x2352_y1344.png", "label": "triangulation_mound", "subtype": "triangulation_mound", "cluster_size": 1, "origin_tiles": "K-35-053-3_Elenovo_x2496_y1344.png"}}, {"type": "Feature", "geometry": {"type": "Point", "coordinates": [431768.25820650003, 4700455.789651375]}, "properties": {"source_tile": "K-35-053-3_Elenovo_x2688_y1008.png", "label": "burial_mound", "subtype": "burial_mound", "cluster_size": 4, "origin_tiles": "K-35-053-3_Elenovo_x2496_y768.png;K-35-053-3_Elenovo_x2496_y960.png;K-35-053-3_Elenovo_x2688_y768.png;K-35-053-3_Elenovo_x2688_y960.png"}}, {"type": "Feature", "geometry": {"type": "Point", "coordinates": [431987.8164385, 4696537.8896365]}, "properties": {"source_tile": "K-35-053-3_Elenovo_x2688_y1680.png", "label": "triangulation_mound", "subtype": "triangulation_mound", "cluster_size": 4, "origin_tiles": "K-35-053-3_Elenovo_x2688_y1536.png;K-35-053-3_Elenovo_x2688_y1728.png;K-35-053-3_Elenovo_x2880_y1536.png;K-35-053-3_Elenovo_x2880_y1728.png"}}, {"type": "Feature", "geometry": {"type": "Point", "coordinates": [431415.23357950005, 4695721.9410264995]}, "properties": {"source_tile": "K-35-053-3_Elenovo_x2688_y1680.png", "label": "burial_mound", "subtype": "burial_mound", "cluster_size": 1, "origin_tiles": "K-35-053-3_Elenovo_x2688_y1728.png"}}, {"type": "Feature", "geometry": {"type": "Point", "coordinates": [429829.02755850006, 4703263.3935475]}, "properties": {"source_tile": "K-35-053-3_Elenovo_x2352_y336.png", "label": "burial_mound", "subtype": "burial_mound", "cluster_size": 1, "origin_tiles": "K-35-053-3_Elenovo_x2304_y384.png"}}, {"type": "Feature", "geometry": {"type": "Point", "coordinates": [429873.27587649995, 4703062.3522745]}, "properties": {"source_tile": "K-35-053-3_Elenovo_x2352_y336.png", "label": "burial_mound", "subtype": "burial_mound", "cluster_size": 1, "origin_tiles": "K-35-053-3_Elenovo_x2304_y384.png"}}, {"type": "Feature", "geometry": {"type": "Point", "coordinates": [429965.62019349996, 4702950.769559]}, "properties": {"source_tile": "K-35-053-3_Elenovo_x2352_y336.png", "label": "burial_mound", "subtype": "burial_mound", "cluster_size": 1, "origin_tiles": "K-35-053-3_Elenovo_x2304_y384.png"}}, {"type": "Feature", "geometry": {"type": "Point", "coordinates": [429933.87683449994, 4702817.062684]}, "properties": {"source_tile": "K-35-053-3_Elenovo_x2352_y336.png", "label": "burial_mound", "subtype": "burial_mound", "cluster_size": 1, "origin_tiles": "K-35-053-3_Elenovo_x2304_y384.png"}}, {"type": "Feature", "geometry": {"type": "Point", "coordinates": [429992.55395250005, 4702757.423646499]}, "properties": {"source_tile": "K-35-053-3_Elenovo_x2352_y336.png", "label": "burial_mound", "subtype": "burial_mound", "cluster_size": 1, "origin_tiles": "K-35-053-3_Elenovo_x2304_y384.png"}}, {"type": "Feature", "geometry": {"type": "Point", "coordinates": [429965.6201935, 4702645.8409305]}, "properties": {"source_tile": "K-35-053-3_Elenovo_x2352_y336.png", "label": "burial_mound", "subtype": "burial_mound", "cluster_size": 1, "origin_tiles": "K-35-053-3_Elenovo_x2304_y384.png"}}, {"type": "Feature", "geometry": {"type": "Point", "coordinates": [430612.99232950003, 4705528.7150635]}, "properties": {"source_tile": "K-35-053-3_Elenovo_x2352_y0.png", "label": "burial_mound", "subtype": "burial_mound", "cluster_size": 1, "origin_tiles": "K-35-053-3_Elenovo_x2304_y0.png"}}, {"type": "Feature", "geometry": {"type": "Point", "coordinates": [430714.95584550005, 4705612.402100499]}, "properties": {"source_tile": "K-35-053-3_Elenovo_x2352_y0.png", "label": "burial_mound", "subtype": "burial_mound", "cluster_size": 1, "origin_tiles": "K-35-053-3_Elenovo_x2304_y0.png"}}, {"type": "Feature", "geometry": {"type": "Point", "coordinates": [429981.010913, 4689873.4676435]}, "properties": {"source_tile": "K-35-053-3_Elenovo_x2352_y3024.png", "label": "burial_mound", "subtype": "burial_mound", "cluster_size": 1, "origin_tiles": "K-35-053-3_Elenovo_x2304_y2880.png"}}, {"type": "Feature", "geometry": {"type": "Point", "coordinates": [430116.64162799995, 4689617.596933]}, "properties": {"source_tile": "K-35-053-3_Elenovo_x2352_y3024.png", "label": "burial_mound", "subtype": "burial_mound", "cluster_size": 1, "origin_tiles": "K-35-053-3_Elenovo_x2304_y2880.png"}}, {"type": "Feature", "geometry": {"type": "Point", "coordinates": [432016.4335575, 4698072.8734195]}, "properties": {"source_tile": "K-35-053-3_Elenovo_x2688_y1344.png", "label": "burial_mound", "subtype": "burial_mound", "cluster_size": 1, "origin_tiles": "K-35-053-3_Elenovo_x2688_y1344.png"}}, {"type": "Feature", "geometry": {"type": "Point", "coordinates": [398470.4777035001, 4687586.5129425]}, "properties": {"source_tile": "K-35-052-4_32635_x0_y3360.png", "label": "burial_mound", "subtype": "burial_mound", "cluster_size": 1, "origin_tiles": "K-35-052-4_32635_x192_y3648.png"}}, {"type": "Feature", "geometry": {"type": "Point", "coordinates": [432794.6268085, 4689914.830202]}, "properties": {"source_tile": "K-35-053-3_Elenovo_x2688_y3024.png", "label": "benchmark_mound", "subtype": "benchmark_mound", "cluster_size": 1, "origin_tiles": "K-35-053-3_Elenovo_x2688_y3072.png"}}, {"type": "Feature", "geometry": {"type": "Point", "coordinates": [432761.9215295001, 4699462.8477684995]}, "properties": {"source_tile": "K-35-053-3_Elenovo_x3024_y1008.png", "label": "burial_mound", "subtype": "burial_mound", "cluster_size": 1, "origin_tiles": "K-35-053-3_Elenovo_x2880_y1152.png"}}, {"type": "Feature", "geometry": {"type": "Point", "coordinates": [430280.168022, 4704286.8763895]}, "properties": {"source_tile": "K-35-053-3_Elenovo_x2352_y0.png", "label": "burial_mound", "subtype": "burial_mound", "cluster_size": 1, "origin_tiles": "K-35-053-3_Elenovo_x2496_y192.png"}}, {"type": "Feature", "geometry": {"type": "Point", "coordinates": [428960.4138305, 4698761.608114]}, "properties": {"source_tile": "K-35-053-3_Elenovo_x2016_y1344.png", "label": "burial_mound", "subtype": "burial_mound", "cluster_size": 1, "origin_tiles": "K-35-053-3_Elenovo_x2112_y1152.png"}}, {"type": "Feature", "geometry": {"type": "Point", "coordinates": [430330.18786, 4701013.462751001]}, "properties": {"source_tile": "K-35-053-3_Elenovo_x2352_y672.png", "label": "benchmark_mound", "subtype": "benchmark_mound", "cluster_size": 1, "origin_tiles": "K-35-053-3_Elenovo_x2304_y768.png"}}, {"type": "Feature", "geometry": {"type": "Point", "coordinates": [431391.1855805, 4704066.5967175]}, "properties": {"source_tile": "K-35-053-3_Elenovo_x2688_y0.png", "label": "triangulation_mound", "subtype": "triangulation_mound", "cluster_size": 1, "origin_tiles": "K-35-053-3_Elenovo_x2688_y192.png"}}, {"type": "Feature", "geometry": {"type": "Point", "coordinates": [433047.1307994999, 4703361.9903435]}, "properties": {"source_tile": "K-35-053-3_Elenovo_x3024_y336.png", "label": "burial_mound", "subtype": "burial_mound", "cluster_size": 2, "origin_tiles": "K-35-053-3_Elenovo_x2880_y192.png;K-35-053-3_Elenovo_x3072_y192.png"}}, {"type": "Feature", "geometry": {"type": "Point", "coordinates": [433332.34006849997, 4691066.248399499]}, "properties": {"source_tile": "K-35-053-3_Elenovo_x3024_y2688.png", "label": "burial_mound", "subtype": "burial_mound", "cluster_size": 1, "origin_tiles": "K-35-053-3_Elenovo_x2880_y2880.png"}}, {"type": "Feature", "geometry": {"type": "Point", "coordinates": [433055.7880785, 4696653.079552376]}, "properties": {"source_tile": "K-35-053-3_Elenovo_x3024_y1680.png", "label": "burial_mound", "subtype": "burial_mound", "cluster_size": 4, "origin_tiles": "K-35-053-3_Elenovo_x2880_y1536.png;K-35-053-3_Elenovo_x2880_y1728.png;K-35-053-3_Elenovo_x3072_y1536.png;K-35-053-3_Elenovo_x3072_y1728.png"}}, {"type": "Feature", "geometry": {"type": "Point", "coordinates": [433030.778159625, 4694333.890518375]}, "properties": {"source_tile": "K-35-053-3_Elenovo_x3024_y2016.png", "label": "burial_mound", "subtype": "burial_mound", "cluster_size": 4, "origin_tiles": "K-35-053-3_Elenovo_x2880_y1920.png;K-35-053-3_Elenovo_x2880_y2112.png;K-35-053-3_Elenovo_x3072_y1920.png;K-35-053-3_Elenovo_x3072_y2112.png"}}, {"type": "Feature", "geometry": {"type": "Point", "coordinates": [432250.18010875, 4702706.44188825]}, "properties": {"source_tile": "K-35-053-3_Elenovo_x2688_y336.png", "label": "burial_mound", "subtype": "burial_mound", "cluster_size": 2, "origin_tiles": "K-35-053-3_Elenovo_x2688_y384.png;K-35-053-3_Elenovo_x2688_y576.png"}}, {"type": "Feature", "geometry": {"type": "Point", "coordinates": [431099.72383150004, 4700811.459558]}, "properties": {"source_tile": "K-35-053-3_Elenovo_x2688_y672.png", "label": "burial_mound", "subtype": "burial_mound", "cluster_size": 1, "origin_tiles": "K-35-053-3_Elenovo_x2496_y960.png"}}, {"type": "Feature", "geometry": {"type": "Point", "coordinates": [430446.5801755, 4699958.2365495]}, "properties": {"source_tile": "K-35-053-3_Elenovo_x2352_y1008.png", "label": "burial_mound", "subtype": "burial_mound", "cluster_size": 1, "origin_tiles": "K-35-053-3_Elenovo_x2496_y960.png"}}, {"type": "Feature", "geometry": {"type": "Point", "coordinates": [433610.3349384999, 4702055.2220725]}, "properties": {"source_tile": "K-35-053-3_Elenovo_x3024_y672.png", "label": "benchmark_mound", "subtype": "benchmark_mound", "cluster_size": 1, "origin_tiles": "K-35-053-3_Elenovo_x2880_y384.png"}}, {"type": "Feature", "geometry": {"type": "Point", "coordinates": [432252.10394849995, 4702692.0130885]}, "properties": {"source_tile": "K-35-053-3_Elenovo_x2688_y336.png", "label": "burial_mound", "subtype": "burial_mound", "cluster_size": 1, "origin_tiles": "K-35-053-3_Elenovo_x2880_y576.png"}}, {"type": "Feature", "geometry": {"type": "Point", "coordinates": [430862.61056024994, 4702108.60863025]}, "properties": {"source_tile": "K-35-053-3_Elenovo_x2352_y672.png", "label": "benchmark_mound", "subtype": "benchmark_mound", "cluster_size": 2, "origin_tiles": "K-35-053-3_Elenovo_x2496_y384.png;K-35-053-3_Elenovo_x2496_y576.png"}}, {"type": "Feature", "geometry": {"type": "Point", "coordinates": [434581.3931425001, 4704804.389330501]}, "properties": {"source_tile": "K-35-053-3_Elenovo_x3360_y0.png", "label": "burial_mound", "subtype": "burial_mound", "cluster_size": 2, "origin_tiles": "K-35-053-3_Elenovo_x3072_y0.png;K-35-053-3_Elenovo_x3264_y0.png"}}, {"type": "Feature", "geometry": {"type": "Point", "coordinates": [433344.845028125, 4700395.4291735]}, "properties": {"source_tile": "K-35-053-3_Elenovo_x3024_y1008.png", "label": "burial_mound", "subtype": "burial_mound", "cluster_size": 4, "origin_tiles": "K-35-053-3_Elenovo_x2880_y768.png;K-35-053-3_Elenovo_x2880_y960.png;K-35-053-3_Elenovo_x3072_y768.png;K-35-053-3_Elenovo_x3072_y960.png"}}, {"type": "Feature", "geometry": {"type": "Point", "coordinates": [419742.334812, 4689154.91343]}, "properties": {"source_tile": "K-35-053-3_Elenovo_x336_y3024.png", "label": "burial_mound", "subtype": "burial_mound", "cluster_size": 1, "origin_tiles": "K-35-053-3_Elenovo_x192_y3072.png"}}, {"type": "Feature", "geometry": {"type": "Point", "coordinates": [434225.001796, 4687169.510623999]}, "properties": {"source_tile": "K-35-053-3_Elenovo_x3024_y3696.png", "label": "burial_mound", "subtype": "burial_mound", "cluster_size": 1, "origin_tiles": "K-35-053-3_Elenovo_x3072_y3648.png"}}, {"type": "Feature", "geometry": {"type": "Point", "coordinates": [433709.41269449994, 4691151.859276]}, "properties": {"source_tile": "K-35-053-3_Elenovo_x3024_y2688.png", "label": "benchmark_mound", "subtype": "benchmark_mound", "cluster_size": 1, "origin_tiles": "K-35-053-3_Elenovo_x3072_y2688.png"}}, {"type": "Feature", "geometry": {"type": "Point", "coordinates": [433259.474631375, 4693143.033602375]}, "properties": {"source_tile": "K-35-053-3_Elenovo_x3024_y2352.png", "label": "burial_mound", "subtype": "burial_mound", "cluster_size": 4, "origin_tiles": "K-35-053-3_Elenovo_x2880_y2304.png;K-35-053-3_Elenovo_x2880_y2496.png;K-35-053-3_Elenovo_x3072_y2304.png;K-35-053-3_Elenovo_x3072_y2496.png"}}, {"type": "Feature", "geometry": {"type": "Point", "coordinates": [433470.61606349994, 4692411.4934695]}, "properties": {"source_tile": "K-35-053-3_Elenovo_x3024_y2352.png", "label": "burial_mound", "subtype": "burial_mound", "cluster_size": 4, "origin_tiles": "K-35-053-3_Elenovo_x2880_y2304.png;K-35-053-3_Elenovo_x2880_y2496.png;K-35-053-3_Elenovo_x3072_y2304.png;K-35-053-3_Elenovo_x3072_y2496.png"}}, {"type": "Feature", "geometry": {"type": "Point", "coordinates": [434667.004019, 4692645.720980875]}, "properties": {"source_tile": "K-35-053-3_Elenovo_x3360_y2352.png", "label": "burial_mound", "subtype": "burial_mound", "cluster_size": 4, "origin_tiles": "K-35-053-3_Elenovo_x3072_y2304.png;K-35-053-3_Elenovo_x3072_y2496.png;K-35-053-3_Elenovo_x3264_y2304.png;K-35-053-3_Elenovo_x3264_y2496.png"}}, {"type": "Feature", "geometry": {"type": "Point", "coordinates": [434198.5489965, 4696325.78628425]}, "properties": {"source_tile": "K-35-053-3_Elenovo_x3024_y1680.png", "label": "triangulation_mound", "subtype": "triangulation_mound", "cluster_size": 4, "origin_tiles": "K-35-053-3_Elenovo_x3072_y1536.png;K-35-053-3_Elenovo_x3072_y1728.png;K-35-053-3_Elenovo_x3264_y1536.png;K-35-053-3_Elenovo_x3264_y1728.png"}}, {"type": "Feature", "geometry": {"type": "Point", "coordinates": [433879.03124850005, 4695776.4498245]}, "properties": {"source_tile": "K-35-053-3_Elenovo_x3024_y1680.png", "label": "burial_mound", "subtype": "burial_mound", "cluster_size": 3, "origin_tiles": "K-35-053-3_Elenovo_x3072_y1728.png;K-35-053-3_Elenovo_x3072_y1920.png;K-35-053-3_Elenovo_x3264_y1728.png"}}, {"type": "Feature", "geometry": {"type": "Point", "coordinates": [433917.42788699997, 4695313.8464815]}, "properties": {"source_tile": "K-35-053-3_Elenovo_x3024_y2016.png", "label": "burial_mound", "subtype": "burial_mound", "cluster_size": 4, "origin_tiles": "K-35-053-3_Elenovo_x3072_y1728.png;K-35-053-3_Elenovo_x3072_y1920.png;K-35-053-3_Elenovo_x3264_y1728.png;K-35-053-3_Elenovo_x3264_y1920.png"}}, {"type": "Feature", "geometry": {"type": "Point", "coordinates": [434056.90628162504, 4695318.6560814995]}, "properties": {"source_tile": "K-35-053-3_Elenovo_x3024_y2016.png", "label": "burial_mound", "subtype": "burial_mound", "cluster_size": 4, "origin_tiles": "K-35-053-3_Elenovo_x3072_y1728.png;K-35-053-3_Elenovo_x3072_y1920.png;K-35-053-3_Elenovo_x3264_y1728.png;K-35-053-3_Elenovo_x3264_y1920.png"}}, {"type": "Feature", "geometry": {"type": "Point", "coordinates": [419860.6509676667, 4699084.492582167]}, "properties": {"source_tile": "K-35-053-3_Elenovo_x336_y1008.png", "label": "burial_mound", "subtype": "burial_mound", "cluster_size": 3, "origin_tiles": "K-35-053-3_Elenovo_x192_y1152.png;K-35-053-3_Elenovo_x192_y960.png;K-35-053-3_Elenovo_x384_y1152.png"}}, {"type": "Feature", "geometry": {"type": "Point", "coordinates": [434539.06866374996, 4697054.6811375]}, "properties": {"source_tile": "K-35-053-3_Elenovo_x3360_y1680.png", "label": "burial_mound", "subtype": "burial_mound", "cluster_size": 2, "origin_tiles": "K-35-053-3_Elenovo_x3072_y1536.png;K-35-053-3_Elenovo_x3264_y1536.png"}}, {"type": "Feature", "geometry": {"type": "Point", "coordinates": [434159.11027825007, 4699117.5185010005]}, "properties": {"source_tile": "K-35-053-3_Elenovo_x3024_y1008.png", "label": "burial_mound", "subtype": "burial_mound", "cluster_size": 2, "origin_tiles": "K-35-053-3_Elenovo_x3072_y1152.png;K-35-053-3_Elenovo_x3264_y1152.png"}}, {"type": "Feature", "geometry": {"type": "Point", "coordinates": [435529.36526725, 4704829.39924925]}, "properties": {"source_tile": "K-35-053-3_Elenovo_x3360_y0.png", "label": "burial_mound", "subtype": "burial_mound", "cluster_size": 2, "origin_tiles": "K-35-053-3_Elenovo_x3264_y0.png;K-35-053-3_Elenovo_x3456_y0.png"}}, {"type": "Feature", "geometry": {"type": "Point", "coordinates": [434351.0133110001, 4697530.35056]}, "properties": {"source_tile": "K-35-053-3_Elenovo_x3024_y1344.png", "label": "burial_mound", "subtype": "burial_mound", "cluster_size": 1, "origin_tiles": "K-35-053-3_Elenovo_x3072_y1344.png"}}, {"type": "Feature", "geometry": {"type": "Point", "coordinates": [434477.98674599995, 4697444.739682999]}, "properties": {"source_tile": "K-35-053-3_Elenovo_x3360_y1344.png", "label": "burial_mound", "subtype": "burial_mound", "cluster_size": 1, "origin_tiles": "K-35-053-3_Elenovo_x3072_y1344.png"}}, {"type": "Feature", "geometry": {"type": "Point", "coordinates": [433688.25045550003, 4695846.990622249]}, "properties": {"source_tile": "K-35-053-3_Elenovo_x3024_y1680.png", "label": "burial_mound", "subtype": "burial_mound", "cluster_size": 2, "origin_tiles": "K-35-053-3_Elenovo_x2880_y1728.png;K-35-053-3_Elenovo_x3072_y1920.png"}}, {"type": "Feature", "geometry": {"type": "Point", "coordinates": [434113.6595596251, 4695068.797371]}, "properties": {"source_tile": "K-35-053-3_Elenovo_x3024_y2016.png", "label": "burial_mound", "subtype": "burial_mound", "cluster_size": 4, "origin_tiles": "K-35-053-3_Elenovo_x3072_y1920.png;K-35-053-3_Elenovo_x3072_y2112.png;K-35-053-3_Elenovo_x3264_y1920.png;K-35-053-3_Elenovo_x3264_y2112.png"}}, {"type": "Feature", "geometry": {"type": "Point", "coordinates": [434622.515220625, 4694696.774824625]}, "properties": {"source_tile": "K-35-053-3_Elenovo_x3360_y2016.png", "label": "burial_mound", "subtype": "burial_mound", "cluster_size": 4, "origin_tiles": "K-35-053-3_Elenovo_x3072_y1920.png;K-35-053-3_Elenovo_x3072_y2112.png;K-35-053-3_Elenovo_x3264_y1920.png;K-35-053-3_Elenovo_x3264_y2112.png"}}, {"type": "Feature", "geometry": {"type": "Point", "coordinates": [435047.20288500004, 4703552.690976875]}, "properties": {"source_tile": "K-35-053-3_Elenovo_x3360_y336.png", "label": "burial_mound", "subtype": "burial_mound", "cluster_size": 4, "origin_tiles": "K-35-053-3_Elenovo_x3264_y192.png;K-35-053-3_Elenovo_x3264_y384.png;K-35-053-3_Elenovo_x3456_y192.png;K-35-053-3_Elenovo_x3456_y384.png"}}, {"type": "Feature", "geometry": {"type": "Point", "coordinates": [435593.49326499994, 4703498.422658834]}, "properties": {"source_tile": "K-35-053-3_Elenovo_x3360_y336.png", "label": "burial_mound", "subtype": "burial_mound", "cluster_size": 3, "origin_tiles": "K-35-053-3_Elenovo_x3264_y192.png;K-35-053-3_Elenovo_x3264_y384.png;K-35-053-3_Elenovo_x3456_y384.png"}}, {"type": "Feature", "geometry": {"type": "Point", "coordinates": [436673.569065, 4699739.880717999]}, "properties": {"source_tile": "K-35-053-3_Elenovo_x3696_y1008.png", "label": "benchmark_mound", "subtype": "benchmark_mound", "cluster_size": 2, "origin_tiles": "K-35-053-3_Elenovo_x3456_y1152.png;K-35-053-3_Elenovo_x3648_y960.png"}}, {"type": "Feature", "geometry": {"type": "Point", "coordinates": [434470.0509065001, 4702131.935189375]}, "properties": {"source_tile": "K-35-053-3_Elenovo_x3360_y672.png", "label": "burial_mound", "subtype": "burial_mound", "cluster_size": 4, "origin_tiles": "K-35-053-3_Elenovo_x3072_y384.png;K-35-053-3_Elenovo_x3072_y576.png;K-35-053-3_Elenovo_x3264_y384.png;K-35-053-3_Elenovo_x3264_y576.png"}}, {"type": "Feature", "geometry": {"type": "Point", "coordinates": [435218.985759, 4696406.186761499]}, "properties": {"source_tile": "K-35-053-3_Elenovo_x3360_y1680.png", "label": "burial_mound", "subtype": "burial_mound", "cluster_size": 3, "origin_tiles": "K-35-053-3_Elenovo_x3264_y1536.png;K-35-053-3_Elenovo_x3264_y1728.png;K-35-053-3_Elenovo_x3456_y1536.png"}}, {"type": "Feature", "geometry": {"type": "Point", "coordinates": [435006.0808065, 4695699.816867501]}, "properties": {"source_tile": "K-35-053-3_Elenovo_x3360_y1680.png", "label": "burial_mound", "subtype": "burial_mound", "cluster_size": 3, "origin_tiles": "K-35-053-3_Elenovo_x3264_y1728.png;K-35-053-3_Elenovo_x3264_y1920.png;K-35-053-3_Elenovo_x3456_y1920.png"}}, {"type": "Feature", "geometry": {"type": "Point", "coordinates": [435403.35375212494, 4695461.5011965]}, "properties": {"source_tile": "K-35-053-3_Elenovo_x3360_y2016.png", "label": "burial_mound", "subtype": "burial_mound", "cluster_size": 4, "origin_tiles": "K-35-053-3_Elenovo_x3264_y1728.png;K-35-053-3_Elenovo_x3264_y1920.png;K-35-053-3_Elenovo_x3456_y1728.png;K-35-053-3_Elenovo_x3456_y1920.png"}}, {"type": "Feature", "geometry": {"type": "Point", "coordinates": [436033.4113285, 4704421.5451845]}, "properties": {"source_tile": "K-35-053-3_Elenovo_x3360_y0.png", "label": "burial_mound", "subtype": "burial_mound", "cluster_size": 4, "origin_tiles": "K-35-053-3_Elenovo_x3456_y0.png;K-35-053-3_Elenovo_x3456_y192.png;K-35-053-3_Elenovo_x3648_y0.png;K-35-053-3_Elenovo_x3648_y192.png"}}, {"type": "Feature", "geometry": {"type": "Point", "coordinates": [436503.790191, 4697808.345429501]}, "properties": {"source_tile": "K-35-053-3_Elenovo_x3696_y1344.png", "label": "burial_mound", "subtype": "burial_mound", "cluster_size": 1, "origin_tiles": "K-35-053-3_Elenovo_x3456_y1344.png"}}, {"type": "Feature", "geometry": {"type": "Point", "coordinates": [435921.58813287504, 4694585.192108875]}, "properties": {"source_tile": "K-35-053-3_Elenovo_x3360_y2016.png", "label": "burial_mound", "subtype": "burial_mound", "cluster_size": 4, "origin_tiles": "K-35-053-3_Elenovo_x3456_y1920.png;K-35-053-3_Elenovo_x3456_y2112.png;K-35-053-3_Elenovo_x3648_y1920.png;K-35-053-3_Elenovo_x3648_y2112.png"}}, {"type": "Feature", "geometry": {"type": "Point", "coordinates": [436429.24139375, 4693656.69886325]}, "properties": {"source_tile": "K-35-053-3_Elenovo_x3696_y2352.png", "label": "burial_mound", "subtype": "burial_mound", "cluster_size": 2, "origin_tiles": "K-35-053-3_Elenovo_x3456_y2112.png;K-35-053-3_Elenovo_x3648_y2112.png"}}, {"type": "Feature", "geometry": {"type": "Point", "coordinates": [435594.7758250001, 4692728.125457666]}, "properties": {"source_tile": "K-35-053-3_Elenovo_x3360_y2352.png", "label": "burial_mound", "subtype": "burial_mound", "cluster_size": 3, "origin_tiles": "K-35-053-3_Elenovo_x3264_y2496.png;K-35-053-3_Elenovo_x3456_y2304.png;K-35-053-3_Elenovo_x3456_y2496.png"}}, {"type": "Feature", "geometry": {"type": "Point", "coordinates": [436404.71243475005, 4693649.0035035005]}, "properties": {"source_tile": "K-35-053-3_Elenovo_x3696_y2352.png", "label": "burial_mound", "subtype": "burial_mound", "cluster_size": 2, "origin_tiles": "K-35-053-3_Elenovo_x3456_y2304.png;K-35-053-3_Elenovo_x3648_y2304.png"}}, {"type": "Feature", "geometry": {"type": "Point", "coordinates": [435157.1022409999, 4698387.421248]}, "properties": {"source_tile": "K-35-053-3_Elenovo_x3360_y1344.png", "label": "benchmark_mound", "subtype": "benchmark_mound", "cluster_size": 1, "origin_tiles": "K-35-053-3_Elenovo_x3264_y1344.png"}}, {"type": "Feature", "geometry": {"type": "Point", "coordinates": [436507.878351, 4691426.006465876]}, "properties": {"source_tile": "K-35-053-3_Elenovo_x3696_y2688.png", "label": "burial_mound", "subtype": "burial_mound", "cluster_size": 4, "origin_tiles": "K-35-053-3_Elenovo_x3456_y2496.png;K-35-053-3_Elenovo_x3456_y2688.png;K-35-053-3_Elenovo_x3648_y2496.png;K-35-053-3_Elenovo_x3648_y2688.png"}}, {"type": "Feature", "geometry": {"type": "Point", "coordinates": [402402.97067300003, 4703252.0334910005]}, "properties": {"source_tile": "K-35-052-4_32635_x1008_y336.png", "label": "benchmark_mound", "subtype": "benchmark_mound", "cluster_size": 1, "origin_tiles": "K-35-052-4_32635_x960_y384.png"}}, {"type": "Feature", "geometry": {"type": "Point", "coordinates": [434266.364354, 4703955.9759215005]}, "properties": {"source_tile": "K-35-053-3_Elenovo_x3024_y0.png", "label": "burial_mound", "subtype": "burial_mound", "cluster_size": 1, "origin_tiles": "K-35-053-3_Elenovo_x3072_y192.png"}}, {"type": "Feature", "geometry": {"type": "Point", "coordinates": [436356.85691649996, 4690456.39114175]}, "properties": {"source_tile": "K-35-053-3_Elenovo_x3696_y3024.png", "label": "burial_mound", "subtype": "burial_mound", "cluster_size": 4, "origin_tiles": "K-35-053-3_Elenovo_x3456_y2688.png;K-35-053-3_Elenovo_x3456_y2880.png;K-35-053-3_Elenovo_x3648_y2688.png;K-35-053-3_Elenovo_x3648_y2880.png"}}, {"type": "Feature", "geometry": {"type": "Point", "coordinates": [426700.863834, 4696089.394452999]}, "properties": {"source_tile": "K-35-053-3_Elenovo_x1680_y1680.png", "label": "burial_mound", "subtype": "burial_mound", "cluster_size": 1, "origin_tiles": "K-35-053-3_Elenovo_x1728_y1728.png"}}, {"type": "Feature", "geometry": {"type": "Point", "coordinates": [435769.84525849996, 4696406.8280414995]}, "properties": {"source_tile": "K-35-053-3_Elenovo_x3360_y1680.png", "label": "burial_mound", "subtype": "burial_mound", "cluster_size": 2, "origin_tiles": "K-35-053-3_Elenovo_x3456_y1536.png;K-35-053-3_Elenovo_x3456_y1728.png"}}, {"type": "Feature", "geometry": {"type": "Point", "coordinates": [435164.79760049994, 4696409.713801]}, "properties": {"source_tile": "K-35-053-3_Elenovo_x3360_y1680.png", "label": "burial_mound", "subtype": "burial_mound", "cluster_size": 1, "origin_tiles": "K-35-053-3_Elenovo_x3456_y1728.png"}}, {"type": "Feature", "geometry": {"type": "Point", "coordinates": [434978.1851275, 4695706.550307]}, "properties": {"source_tile": "K-35-053-3_Elenovo_x3360_y1680.png", "label": "burial_mound", "subtype": "burial_mound", "cluster_size": 1, "origin_tiles": "K-35-053-3_Elenovo_x3456_y1728.png"}}, {"type": "Feature", "geometry": {"type": "Point", "coordinates": [436655.77354550007, 4695389.116719]}, "properties": {"source_tile": "K-35-053-3_Elenovo_x3696_y2016.png", "label": "burial_mound", "subtype": "burial_mound", "cluster_size": 3, "origin_tiles": "K-35-053-3_Elenovo_x3456_y1728.png;K-35-053-3_Elenovo_x3456_y1920.png;K-35-053-3_Elenovo_x3648_y1728.png"}}, {"type": "Feature", "geometry": {"type": "Point", "coordinates": [435213.855519, 4700781.6400395]}, "properties": {"source_tile": "K-35-053-3_Elenovo_x3360_y672.png", "label": "burial_mound", "subtype": "burial_mound", "cluster_size": 1, "origin_tiles": "K-35-053-3_Elenovo_x3264_y960.png"}}, {"type": "Feature", "geometry": {"type": "Point", "coordinates": [417952.2017585001, 4694256.9369210005]}, "properties": {"source_tile": "K-35-053-3_Elenovo_x0_y2016.png", "label": "burial_mound", "subtype": "burial_mound", "cluster_size": 1, "origin_tiles": "K-35-053-3_Elenovo_x0_y2112.png"}}, {"type": "Feature", "geometry": {"type": "Point", "coordinates": [437622.50310950004, 4699486.895767501]}, "properties": {"source_tile": "K-35-053-3_Elenovo_x3696_y1008.png", "label": "burial_mound", "subtype": "burial_mound", "cluster_size": 1, "origin_tiles": "K-35-053-3_Elenovo_x3648_y1152.png"}}, {"type": "Feature", "geometry": {"type": "Point", "coordinates": [419864.4986475, 4703529.8453775]}, "properties": {"source_tile": "K-35-053-3_Elenovo_x336_y336.png", "label": "burial_mound", "subtype": "burial_mound", "cluster_size": 1, "origin_tiles": "K-35-053-3_Elenovo_x192_y384.png"}}, {"type": "Feature", "geometry": {"type": "Point", "coordinates": [436044.232928375, 4703454.5751405]}, "properties": {"source_tile": "K-35-053-3_Elenovo_x3360_y336.png", "label": "burial_mound", "subtype": "burial_mound", "cluster_size": 4, "origin_tiles": "K-35-053-3_Elenovo_x3456_y192.png;K-35-053-3_Elenovo_x3456_y384.png;K-35-053-3_Elenovo_x3648_y192.png;K-35-053-3_Elenovo_x3648_y384.png"}}, {"type": "Feature", "geometry": {"type": "Point", "coordinates": [436355.89499675, 4703560.8672965]}, "properties": {"source_tile": "K-35-053-3_Elenovo_x3696_y336.png", "label": "triangulation_mound", "subtype": "triangulation_mound", "cluster_size": 4, "origin_tiles": "K-35-053-3_Elenovo_x3456_y192.png;K-35-053-3_Elenovo_x3456_y384.png;K-35-053-3_Elenovo_x3648_y192.png;K-35-053-3_Elenovo_x3648_y384.png"}}, {"type": "Feature", "geometry": {"type": "Point", "coordinates": [435983.63197075, 4700366.331094875]}, "properties": {"source_tile": "K-35-053-3_Elenovo_x3360_y1008.png", "label": "burial_mound", "subtype": "burial_mound", "cluster_size": 4, "origin_tiles": "K-35-053-3_Elenovo_x3456_y768.png;K-35-053-3_Elenovo_x3456_y960.png;K-35-053-3_Elenovo_x3648_y768.png;K-35-053-3_Elenovo_x3648_y960.png"}}, {"type": "Feature", "geometry": {"type": "Point", "coordinates": [431292.10782400006, 4704067.5586375]}, "properties": {"source_tile": "K-35-053-3_Elenovo_x2688_y0.png", "label": "triangulation_mound", "subtype": "triangulation_mound", "cluster_size": 1, "origin_tiles": "K-35-053-3_Elenovo_x2688_y0.png"}}, {"type": "Feature", "geometry": {"type": "Point", "coordinates": [436663.4689055001, 4687820.730439501]}, "properties": {"source_tile": "K-35-053-3_Elenovo_x3696_y3360.png", "label": "burial_mound", "subtype": "burial_mound", "cluster_size": 1, "origin_tiles": "K-35-053-3_Elenovo_x3648_y3456.png"}}, {"type": "Feature", "geometry": {"type": "Point", "coordinates": [437227.63496450003, 4687266.66454]}, "properties": {"source_tile": "K-35-053-3_Elenovo_x3696_y3360.png", "label": "burial_mound", "subtype": "burial_mound", "cluster_size": 2, "origin_tiles": "K-35-053-3_Elenovo_x3648_y3648.png;K-35-053-3_Elenovo_x3840_y3648.png"}}, {"type": "Feature", "geometry": {"type": "Point", "coordinates": [417494.20103050006, 4698764.4895325005]}, "properties": {"source_tile": "K-35-052-4_32635_x4032_y1344.png", "label": "burial_mound", "subtype": "burial_mound", "cluster_size": 1, "origin_tiles": "K-35-052-4_32635_x4032_y1344.png"}}, {"type": "Feature", "geometry": {"type": "Point", "coordinates": [437224.0277645, 4691443.80198525]}, "properties": {"source_tile": "K-35-053-3_Elenovo_x3696_y2688.png", "label": "burial_mound", "subtype": "burial_mound", "cluster_size": 4, "origin_tiles": "K-35-053-3_Elenovo_x3648_y2496.png;K-35-053-3_Elenovo_x3648_y2688.png;K-35-053-3_Elenovo_x3840_y2496.png;K-35-053-3_Elenovo_x3840_y2688.png"}}, {"type": "Feature", "geometry": {"type": "Point", "coordinates": [436843.34793850005, 4691153.783116]}, "properties": {"source_tile": "K-35-053-3_Elenovo_x3696_y2688.png", "label": "burial_mound", "subtype": "burial_mound", "cluster_size": 1, "origin_tiles": "K-35-053-3_Elenovo_x3648_y2688.png"}}, {"type": "Feature", "geometry": {"type": "Point", "coordinates": [436872.2055375, 4691005.1664815005]}, "properties": {"source_tile": "K-35-053-3_Elenovo_x3696_y2688.png", "label": "burial_mound", "subtype": "burial_mound", "cluster_size": 2, "origin_tiles": "K-35-053-3_Elenovo_x3648_y2688.png;K-35-053-3_Elenovo_x3840_y2688.png"}}, {"type": "Feature", "geometry": {"type": "Point", "coordinates": [436760.6228215, 4690409.257063501]}, "properties": {"source_tile": "K-35-053-3_Elenovo_x3696_y3024.png", "label": "burial_mound", "subtype": "burial_mound", "cluster_size": 1, "origin_tiles": "K-35-053-3_Elenovo_x3648_y2880.png"}}, {"type": "Feature", "geometry": {"type": "Point", "coordinates": [437381.78263850004, 4689928.0566015]}, "properties": {"source_tile": "K-35-053-3_Elenovo_x3696_y3024.png", "label": "burial_mound", "subtype": "burial_mound", "cluster_size": 4, "origin_tiles": "K-35-053-3_Elenovo_x3648_y2880.png;K-35-053-3_Elenovo_x3648_y3072.png;K-35-053-3_Elenovo_x3840_y2880.png;K-35-053-3_Elenovo_x3840_y3072.png"}}, {"type": "Feature", "geometry": {"type": "Point", "coordinates": [432417.55418249994, 4704927.5150855]}, "properties": {"source_tile": "K-35-053-3_Elenovo_x2688_y0.png", "label": "benchmark_mound", "subtype": "benchmark_mound", "cluster_size": 1, "origin_tiles": "K-35-053-3_Elenovo_x2880_y0.png"}}, {"type": "Feature", "geometry": {"type": "Point", "coordinates": [437607.7536701667, 4697902.613586]}, "properties": {"source_tile": "K-35-053-3_Elenovo_x3696_y1344.png", "label": "triangulation_mound", "subtype": "triangulation_mound", "cluster_size": 3, "origin_tiles": "K-35-053-3_Elenovo_x3648_y1344.png;K-35-053-3_Elenovo_x3648_y1536.png;K-35-053-3_Elenovo_x3840_y1536.png"}}, {"type": "Feature", "geometry": {"type": "Point", "coordinates": [434468.3675465, 4701056.749149499]}, "properties": {"source_tile": "K-35-053-3_Elenovo_x3360_y672.png", "label": "burial_mound", "subtype": "burial_mound", "cluster_size": 1, "origin_tiles": "K-35-053-3_Elenovo_x3264_y768.png"}}, {"type": "Feature", "geometry": {"type": "Point", "coordinates": [437584.026311, 4697886.260946501]}, "properties": {"source_tile": "K-35-053-3_Elenovo_x3696_y1344.png", "label": "triangulation_mound", "subtype": "triangulation_mound", "cluster_size": 1, "origin_tiles": "K-35-053-3_Elenovo_x3840_y1344.png"}}, {"type": "Feature", "geometry": {"type": "Point", "coordinates": [435796.7790175, 4696394.323082]}, "properties": {"source_tile": "K-35-053-3_Elenovo_x3360_y1680.png", "label": "burial_mound", "subtype": "burial_mound", "cluster_size": 1, "origin_tiles": "K-35-053-3_Elenovo_x3648_y1728.png"}}, {"type": "Feature", "geometry": {"type": "Point", "coordinates": [438031.8000545, 4694806.193220375]}, "properties": {"source_tile": "K-35-053-3_Elenovo_x4032_y2016.png", "label": "burial_mound", "subtype": "burial_mound", "cluster_size": 4, "origin_tiles": "K-35-053-3_Elenovo_x3840_y1920.png;K-35-053-3_Elenovo_x3840_y2112.png;K-35-053-3_Elenovo_x4032_y1920.png;K-35-053-3_Elenovo_x4032_y2112.png"}}, {"type": "Feature", "geometry": {"type": "Point", "coordinates": [438064.26485350006, 4694731.163463499]}, "properties": {"source_tile": "K-35-053-3_Elenovo_x4032_y2016.png", "label": "burial_mound", "subtype": "burial_mound", "cluster_size": 4, "origin_tiles": "K-35-053-3_Elenovo_x3840_y1920.png;K-35-053-3_Elenovo_x3840_y2112.png;K-35-053-3_Elenovo_x4032_y1920.png;K-35-053-3_Elenovo_x4032_y2112.png"}}, {"type": "Feature", "geometry": {"type": "Point", "coordinates": [438104.745652, 4695548.474792999]}, "properties": {"source_tile": "K-35-053-3_Elenovo_x4032_y1680.png", "label": "burial_mound", "subtype": "burial_mound", "cluster_size": 3, "origin_tiles": "K-35-053-3_Elenovo_x3840_y1920.png;K-35-053-3_Elenovo_x4032_y1728.png;K-35-053-3_Elenovo_x4032_y1920.png"}}, {"type": "Feature", "geometry": {"type": "Point", "coordinates": [437595.80983062496, 4689013.270715375]}, "properties": {"source_tile": "K-35-053-3_Elenovo_x3696_y3024.png", "label": "burial_mound", "subtype": "burial_mound", "cluster_size": 4, "origin_tiles": "K-35-053-3_Elenovo_x3648_y3072.png;K-35-053-3_Elenovo_x3648_y3264.png;K-35-053-3_Elenovo_x3840_y3072.png;K-35-053-3_Elenovo_x3840_y3264.png"}}, {"type": "Feature", "geometry": {"type": "Point", "coordinates": [437640.05814925005, 4688935.83615825]}, "properties": {"source_tile": "K-35-053-3_Elenovo_x3696_y3024.png", "label": "burial_mound", "subtype": "burial_mound", "cluster_size": 4, "origin_tiles": "K-35-053-3_Elenovo_x3648_y3072.png;K-35-053-3_Elenovo_x3648_y3264.png;K-35-053-3_Elenovo_x3840_y3072.png;K-35-053-3_Elenovo_x3840_y3264.png"}}, {"type": "Feature", "geometry": {"type": "Point", "coordinates": [437439.2573565, 4688603.4928105]}, "properties": {"source_tile": "K-35-053-3_Elenovo_x3696_y3360.png", "label": "burial_mound", "subtype": "burial_mound", "cluster_size": 4, "origin_tiles": "K-35-053-3_Elenovo_x3648_y3072.png;K-35-053-3_Elenovo_x3648_y3264.png;K-35-053-3_Elenovo_x3840_y3072.png;K-35-053-3_Elenovo_x3840_y3264.png"}}, {"type": "Feature", "geometry": {"type": "Point", "coordinates": [436870.28169750003, 4702057.14591225]}, "properties": {"source_tile": "K-35-053-3_Elenovo_x3696_y672.png", "label": "burial_mound", "subtype": "burial_mound", "cluster_size": 2, "origin_tiles": "K-35-053-3_Elenovo_x3648_y384.png;K-35-053-3_Elenovo_x3648_y576.png"}}, {"type": "Feature", "geometry": {"type": "Point", "coordinates": [437638.85574900004, 4688313.233460999]}, "properties": {"source_tile": "K-35-053-3_Elenovo_x3696_y3360.png", "label": "benchmark_mound", "subtype": "benchmark_mound", "cluster_size": 1, "origin_tiles": "K-35-053-3_Elenovo_x3840_y3456.png"}}, {"type": "Feature", "geometry": {"type": "Point", "coordinates": [438047.67173349997, 4696670.3941115]}, "properties": {"source_tile": "K-35-053-3_Elenovo_x4032_y1680.png", "label": "burial_mound", "subtype": "burial_mound", "cluster_size": 1, "origin_tiles": "K-35-053-3_Elenovo_x3840_y1728.png"}}, {"type": "Feature", "geometry": {"type": "Point", "coordinates": [437016.49353200005, 4701687.448005834]}, "properties": {"source_tile": "K-35-053-3_Elenovo_x3696_y672.png", "label": "triangulation_mound", "subtype": "triangulation_mound", "cluster_size": 3, "origin_tiles": "K-35-053-3_Elenovo_x3648_y576.png;K-35-053-3_Elenovo_x3840_y576.png;K-35-053-3_Elenovo_x3840_y768.png"}}, {"type": "Feature", "geometry": {"type": "Point", "coordinates": [437933.203258, 4703239.586028125]}, "properties": {"source_tile": "K-35-053-3_Elenovo_x4032_y336.png", "label": "burial_mound", "subtype": "burial_mound", "cluster_size": 4, "origin_tiles": "K-35-053-3_Elenovo_x3840_y192.png;K-35-053-3_Elenovo_x3840_y384.png;K-35-053-3_Elenovo_x4032_y192.png;K-35-053-3_Elenovo_x4032_y384.png"}}, {"type": "Feature", "geometry": {"type": "Point", "coordinates": [429376.92517550004, 4698779.884593499]}, "properties": {"source_tile": "K-35-053-3_Elenovo_x2016_y1344.png", "label": "burial_mound", "subtype": "burial_mound", "cluster_size": 1, "origin_tiles": "K-35-053-3_Elenovo_x2304_y1152.png"}}, {"type": "Feature", "geometry": {"type": "Point", "coordinates": [437015.5316119999, 4701635.824967999]}, "properties": {"source_tile": "K-35-053-3_Elenovo_x3696_y672.png", "label": "triangulation_mound", "subtype": "triangulation_mound", "cluster_size": 1, "origin_tiles": "K-35-053-3_Elenovo_x3648_y768.png"}}, {"type": "Feature", "geometry": {"type": "Point", "coordinates": [437593.64551075, 4693570.8475065]}, "properties": {"source_tile": "K-35-053-3_Elenovo_x3696_y2352.png", "label": "burial_mound", "subtype": "burial_mound", "cluster_size": 4, "origin_tiles": "K-35-053-3_Elenovo_x3648_y2112.png;K-35-053-3_Elenovo_x3648_y2304.png;K-35-053-3_Elenovo_x3840_y2112.png;K-35-053-3_Elenovo_x3840_y2304.png"}}, {"type": "Feature", "geometry": {"type": "Point", "coordinates": [437870.918940375, 4693417.421272375]}, "properties": {"source_tile": "K-35-053-3_Elenovo_x4032_y2352.png", "label": "burial_mound", "subtype": "burial_mound", "cluster_size": 4, "origin_tiles": "K-35-053-3_Elenovo_x3840_y2112.png;K-35-053-3_Elenovo_x3840_y2304.png;K-35-053-3_Elenovo_x4032_y2112.png;K-35-053-3_Elenovo_x4032_y2304.png"}}, {"type": "Feature", "geometry": {"type": "Point", "coordinates": [437683.58502750006, 4689076.997912999]}, "properties": {"source_tile": "K-35-053-3_Elenovo_x3696_y3024.png", "label": "burial_mound", "subtype": "burial_mound", "cluster_size": 2, "origin_tiles": "K-35-053-3_Elenovo_x3840_y3072.png;K-35-053-3_Elenovo_x3840_y3264.png"}}, {"type": "Feature", "geometry": {"type": "Point", "coordinates": [437683.1040675, 4689003.8919955]}, "properties": {"source_tile": "K-35-053-3_Elenovo_x3696_y3024.png", "label": "burial_mound", "subtype": "burial_mound", "cluster_size": 1, "origin_tiles": "K-35-053-3_Elenovo_x3840_y3264.png"}}, {"type": "Feature", "geometry": {"type": "Point", "coordinates": [437940.89861800004, 4689113.5508715]}, "properties": {"source_tile": "K-35-053-3_Elenovo_x4032_y3024.png", "label": "burial_mound", "subtype": "burial_mound", "cluster_size": 3, "origin_tiles": "K-35-053-3_Elenovo_x3840_y3072.png;K-35-053-3_Elenovo_x3840_y3264.png;K-35-053-3_Elenovo_x4032_y3264.png"}}, {"type": "Feature", "geometry": {"type": "Point", "coordinates": [437988.67397633335, 4689055.194393833]}, "properties": {"source_tile": "K-35-053-3_Elenovo_x4032_y3024.png", "label": "burial_mound", "subtype": "burial_mound", "cluster_size": 3, "origin_tiles": "K-35-053-3_Elenovo_x3840_y3072.png;K-35-053-3_Elenovo_x3840_y3264.png;K-35-053-3_Elenovo_x4032_y3264.png"}}, {"type": "Feature", "geometry": {"type": "Point", "coordinates": [438066.42917325, 4689083.25039275]}, "properties": {"source_tile": "K-35-053-3_Elenovo_x4032_y3024.png", "label": "burial_mound", "subtype": "burial_mound", "cluster_size": 2, "origin_tiles": "K-35-053-3_Elenovo_x3840_y3072.png;K-35-053-3_Elenovo_x3840_y3264.png"}}, {"type": "Feature", "geometry": {"type": "Point", "coordinates": [438051.75989362504, 4689329.261423625]}, "properties": {"source_tile": "K-35-053-3_Elenovo_x4032_y3024.png", "label": "burial_mound", "subtype": "burial_mound", "cluster_size": 4, "origin_tiles": "K-35-053-3_Elenovo_x3840_y3072.png;K-35-053-3_Elenovo_x3840_y3264.png;K-35-053-3_Elenovo_x4032_y3072.png;K-35-053-3_Elenovo_x4032_y3264.png"}}, {"type": "Feature", "geometry": {"type": "Point", "coordinates": [420618.0026195, 4696389.192842]}, "properties": {"source_tile": "K-35-053-3_Elenovo_x336_y1680.png", "label": "burial_mound", "subtype": "burial_mound", "cluster_size": 3, "origin_tiles": "K-35-053-3_Elenovo_x384_y1536.png;K-35-053-3_Elenovo_x384_y1728.png;K-35-053-3_Elenovo_x576_y1728.png"}}, {"type": "Feature", "geometry": {"type": "Point", "coordinates": [436772.887301, 4692763.315696125]}, "properties": {"source_tile": "K-35-053-3_Elenovo_x3696_y2352.png", "label": "triangulation_mound", "subtype": "triangulation_mound", "cluster_size": 4, "origin_tiles": "K-35-053-3_Elenovo_x3648_y2304.png;K-35-053-3_Elenovo_x3648_y2496.png;K-35-053-3_Elenovo_x3840_y2304.png;K-35-053-3_Elenovo_x3840_y2496.png"}}, {"type": "Feature", "geometry": {"type": "Point", "coordinates": [436720.7031432501, 4693383.5135935005]}, "properties": {"source_tile": "K-35-053-3_Elenovo_x3696_y2352.png", "label": "burial_mound", "subtype": "burial_mound", "cluster_size": 2, "origin_tiles": "K-35-053-3_Elenovo_x3648_y2112.png;K-35-053-3_Elenovo_x3648_y2304.png"}}, {"type": "Feature", "geometry": {"type": "Point", "coordinates": [437123.50712850003, 4692449.970268]}, "properties": {"source_tile": "K-35-053-3_Elenovo_x3696_y2352.png", "label": "burial_mound", "subtype": "burial_mound", "cluster_size": 4, "origin_tiles": "K-35-053-3_Elenovo_x3648_y2304.png;K-35-053-3_Elenovo_x3648_y2496.png;K-35-053-3_Elenovo_x3840_y2304.png;K-35-053-3_Elenovo_x3840_y2496.png"}}, {"type": "Feature", "geometry": {"type": "Point", "coordinates": [436638.45898650005, 4695387.192879001]}, "properties": {"source_tile": "K-35-053-3_Elenovo_x3696_y2016.png", "label": "burial_mound", "subtype": "burial_mound", "cluster_size": 1, "origin_tiles": "K-35-053-3_Elenovo_x3648_y1920.png"}}, {"type": "Feature", "geometry": {"type": "Point", "coordinates": [437672.5229475, 4690354.4276255]}, "properties": {"source_tile": "K-35-053-3_Elenovo_x3696_y3024.png", "label": "burial_mound", "subtype": "burial_mound", "cluster_size": 1, "origin_tiles": "K-35-053-3_Elenovo_x3840_y2880.png"}}, {"type": "Feature", "geometry": {"type": "Point", "coordinates": [437872.36182037496, 4689883.567802999]}, "properties": {"source_tile": "K-35-053-3_Elenovo_x4032_y3024.png", "label": "burial_mound", "subtype": "burial_mound", "cluster_size": 4, "origin_tiles": "K-35-053-3_Elenovo_x3840_y2880.png;K-35-053-3_Elenovo_x3840_y3072.png;K-35-053-3_Elenovo_x4032_y2880.png;K-35-053-3_Elenovo_x4032_y3072.png"}}, {"type": "Feature", "geometry": {"type": "Point", "coordinates": [435644.795663, 4701906.1244775]}, "properties": {"source_tile": "K-35-053-3_Elenovo_x3360_y672.png", "label": "burial_mound", "subtype": "burial_mound", "cluster_size": 1, "origin_tiles": "K-35-053-3_Elenovo_x3456_y576.png"}}, {"type": "Feature", "geometry": {"type": "Point", "coordinates": [421078.4416425, 4692897.7440115]}, "properties": {"source_tile": "K-35-053-3_Elenovo_x672_y2352.png", "label": "burial_mound", "subtype": "burial_mound", "cluster_size": 2, "origin_tiles": "K-35-053-3_Elenovo_x384_y2304.png;K-35-053-3_Elenovo_x384_y2496.png"}}, {"type": "Feature", "geometry": {"type": "Point", "coordinates": [420999.32372549997, 4691472.41910425]}, "properties": {"source_tile": "K-35-053-3_Elenovo_x672_y2688.png", "label": "burial_mound", "subtype": "burial_mound", "cluster_size": 4, "origin_tiles": "K-35-053-3_Elenovo_x384_y2496.png;K-35-053-3_Elenovo_x384_y2688.png;K-35-053-3_Elenovo_x576_y2496.png;K-35-053-3_Elenovo_x576_y2688.png"}}, {"type": "Feature", "geometry": {"type": "Point", "coordinates": [421004.854765375, 4695053.8876115]}, "properties": {"source_tile": "K-35-053-3_Elenovo_x672_y2016.png", "label": "triangulation_mound", "subtype": "triangulation_mound", "cluster_size": 4, "origin_tiles": "K-35-053-3_Elenovo_x384_y1920.png;K-35-053-3_Elenovo_x384_y2112.png;K-35-053-3_Elenovo_x576_y1920.png;K-35-053-3_Elenovo_x576_y2112.png"}}, {"type": "Feature", "geometry": {"type": "Point", "coordinates": [421025.29556450003, 4694568.1180295]}, "properties": {"source_tile": "K-35-053-3_Elenovo_x672_y2016.png", "label": "burial_mound", "subtype": "burial_mound", "cluster_size": 4, "origin_tiles": "K-35-053-3_Elenovo_x384_y1920.png;K-35-053-3_Elenovo_x384_y2112.png;K-35-053-3_Elenovo_x576_y1920.png;K-35-053-3_Elenovo_x576_y2112.png"}}, {"type": "Feature", "geometry": {"type": "Point", "coordinates": [420501.28966400004, 4693562.190226626]}, "properties": {"source_tile": "K-35-053-3_Elenovo_x336_y2352.png", "label": "burial_mound", "subtype": "burial_mound", "cluster_size": 4, "origin_tiles": "K-35-053-3_Elenovo_x384_y2112.png;K-35-053-3_Elenovo_x384_y2304.png;K-35-053-3_Elenovo_x576_y2112.png;K-35-053-3_Elenovo_x576_y2304.png"}}, {"type": "Feature", "geometry": {"type": "Point", "coordinates": [420951.2277275, 4693523.23246825]}, "properties": {"source_tile": "K-35-053-3_Elenovo_x336_y2352.png", "label": "burial_mound", "subtype": "burial_mound", "cluster_size": 4, "origin_tiles": "K-35-053-3_Elenovo_x384_y2112.png;K-35-053-3_Elenovo_x384_y2304.png;K-35-053-3_Elenovo_x576_y2112.png;K-35-053-3_Elenovo_x576_y2304.png"}}, {"type": "Feature", "geometry": {"type": "Point", "coordinates": [420458.003265625, 4688016.2406725]}, "properties": {"source_tile": "K-35-053-3_Elenovo_x336_y3360.png", "label": "triangulation_mound", "subtype": "triangulation_mound", "cluster_size": 4, "origin_tiles": "K-35-053-3_Elenovo_x384_y3264.png;K-35-053-3_Elenovo_x384_y3456.png;K-35-053-3_Elenovo_x576_y3264.png;K-35-053-3_Elenovo_x576_y3456.png"}}, {"type": "Feature", "geometry": {"type": "Point", "coordinates": [421261.206436, 4705310.84019175]}, "properties": {"source_tile": "K-35-053-3_Elenovo_x672_y0.png", "label": "burial_mound", "subtype": "burial_mound", "cluster_size": 2, "origin_tiles": "K-35-053-3_Elenovo_x384_y0.png;K-35-053-3_Elenovo_x576_y0.png"}}, {"type": "Feature", "geometry": {"type": "Point", "coordinates": [420845.657011, 4704071.646797375]}, "properties": {"source_tile": "K-35-053-3_Elenovo_x336_y0.png", "label": "burial_mound", "subtype": "burial_mound", "cluster_size": 4, "origin_tiles": "K-35-053-3_Elenovo_x384_y0.png;K-35-053-3_Elenovo_x384_y192.png;K-35-053-3_Elenovo_x576_y0.png;K-35-053-3_Elenovo_x576_y192.png"}}, {"type": "Feature", "geometry": {"type": "Point", "coordinates": [420664.09461775, 4690831.299448]}, "properties": {"source_tile": "K-35-053-3_Elenovo_x336_y2688.png", "label": "burial_mound", "subtype": "burial_mound", "cluster_size": 4, "origin_tiles": "K-35-053-3_Elenovo_x384_y2688.png;K-35-053-3_Elenovo_x384_y2880.png;K-35-053-3_Elenovo_x576_y2688.png;K-35-053-3_Elenovo_x576_y2880.png"}}, {"type": "Feature", "geometry": {"type": "Point", "coordinates": [420864.8954105, 4687299.369819]}, "properties": {"source_tile": "K-35-053-3_Elenovo_x336_y3360.png", "label": "burial_mound", "subtype": "burial_mound", "cluster_size": 1, "origin_tiles": "K-35-053-3_Elenovo_x384_y3648.png"}}, {"type": "Feature", "geometry": {"type": "Point", "coordinates": [437837.011262, 4705096.8129995]}, "properties": {"source_tile": "K-35-053-3_Elenovo_x4032_y0.png", "label": "benchmark_mound", "subtype": "benchmark_mound", "cluster_size": 2, "origin_tiles": "K-35-053-3_Elenovo_x3840_y0.png;K-35-053-3_Elenovo_x4032_y0.png"}}, {"type": "Feature", "geometry": {"type": "Point", "coordinates": [437807.1917425, 4693036.260486499]}, "properties": {"source_tile": "K-35-053-3_Elenovo_x4032_y2352.png", "label": "benchmark_mound", "subtype": "benchmark_mound", "cluster_size": 1, "origin_tiles": "K-35-053-3_Elenovo_x4032_y2496.png"}}, {"type": "Feature", "geometry": {"type": "Point", "coordinates": [420592.6720607501, 4702564.0777335]}, "properties": {"source_tile": "K-35-053-3_Elenovo_x336_y336.png", "label": "benchmark_mound", "subtype": "benchmark_mound", "cluster_size": 2, "origin_tiles": "K-35-053-3_Elenovo_x384_y384.png;K-35-053-3_Elenovo_x384_y576.png"}}, {"type": "Feature", "geometry": {"type": "Point", "coordinates": [437870.1975005, 4698204.175494749]}, "properties": {"source_tile": "K-35-053-3_Elenovo_x4032_y1344.png", "label": "burial_mound", "subtype": "burial_mound", "cluster_size": 2, "origin_tiles": "K-35-053-3_Elenovo_x4032_y1152.png;K-35-053-3_Elenovo_x4032_y1344.png"}}, {"type": "Feature", "geometry": {"type": "Point", "coordinates": [436867.395938, 4691149.935436]}, "properties": {"source_tile": "K-35-053-3_Elenovo_x3696_y2688.png", "label": "burial_mound", "subtype": "burial_mound", "cluster_size": 1, "origin_tiles": "K-35-053-3_Elenovo_x3840_y2688.png"}}, {"type": "Feature", "geometry": {"type": "Point", "coordinates": [437512.84423399996, 4690942.160723999]}, "properties": {"source_tile": "K-35-053-3_Elenovo_x3696_y2688.png", "label": "burial_mound", "subtype": "burial_mound", "cluster_size": 1, "origin_tiles": "K-35-053-3_Elenovo_x3840_y2688.png"}}, {"type": "Feature", "geometry": {"type": "Point", "coordinates": [420830.5067715, 4689863.12700375]}, "properties": {"source_tile": "K-35-053-3_Elenovo_x336_y3024.png", "label": "burial_mound", "subtype": "burial_mound", "cluster_size": 4, "origin_tiles": "K-35-053-3_Elenovo_x384_y2880.png;K-35-053-3_Elenovo_x384_y3072.png;K-35-053-3_Elenovo_x576_y2880.png;K-35-053-3_Elenovo_x576_y3072.png"}}, {"type": "Feature", "geometry": {"type": "Point", "coordinates": [421117.639881125, 4690005.2506785]}, "properties": {"source_tile": "K-35-053-3_Elenovo_x672_y3024.png", "label": "burial_mound", "subtype": "burial_mound", "cluster_size": 4, "origin_tiles": "K-35-053-3_Elenovo_x384_y2880.png;K-35-053-3_Elenovo_x384_y3072.png;K-35-053-3_Elenovo_x576_y2880.png;K-35-053-3_Elenovo_x576_y3072.png"}}, {"type": "Feature", "geometry": {"type": "Point", "coordinates": [437037.6557715, 4700381.4813345]}, "properties": {"source_tile": "K-35-053-3_Elenovo_x3696_y1008.png", "label": "burial_mound", "subtype": "burial_mound", "cluster_size": 1, "origin_tiles": "K-35-053-3_Elenovo_x3840_y960.png"}}, {"type": "Feature", "geometry": {"type": "Point", "coordinates": [438013.04261500004, 4700027.494787]}, "properties": {"source_tile": "K-35-053-3_Elenovo_x4032_y1008.png", "label": "burial_mound", "subtype": "burial_mound", "cluster_size": 1, "origin_tiles": "K-35-053-3_Elenovo_x4032_y768.png"}}, {"type": "Feature", "geometry": {"type": "Point", "coordinates": [420710.9882165001, 4701318.3913795]}, "properties": {"source_tile": "K-35-053-3_Elenovo_x336_y672.png", "label": "triangulation_mound", "subtype": "triangulation_mound", "cluster_size": 1, "origin_tiles": "K-35-053-3_Elenovo_x384_y768.png"}}, {"type": "Feature", "geometry": {"type": "Point", "coordinates": [438065.9482135001, 4689386.736141499]}, "properties": {"source_tile": "K-35-053-3_Elenovo_x4032_y3024.png", "label": "burial_mound", "subtype": "burial_mound", "cluster_size": 1, "origin_tiles": "K-35-053-3_Elenovo_x4032_y3072.png"}}, {"type": "Feature", "geometry": {"type": "Point", "coordinates": [437947.63205749996, 4689134.713111]}, "properties": {"source_tile": "K-35-053-3_Elenovo_x4032_y3024.png", "label": "burial_mound", "subtype": "burial_mound", "cluster_size": 1, "origin_tiles": "K-35-053-3_Elenovo_x4032_y3072.png"}}, {"type": "Feature", "geometry": {"type": "Point", "coordinates": [438009.1949355, 4689064.492953499]}, "properties": {"source_tile": "K-35-053-3_Elenovo_x4032_y3024.png", "label": "burial_mound", "subtype": "burial_mound", "cluster_size": 1, "origin_tiles": "K-35-053-3_Elenovo_x4032_y3072.png"}}, {"type": "Feature", "geometry": {"type": "Point", "coordinates": [437805.267903, 4688315.157301]}, "properties": {"source_tile": "K-35-053-3_Elenovo_x3696_y3360.png", "label": "triangulation_mound", "subtype": "triangulation_mound", "cluster_size": 1, "origin_tiles": "K-35-053-3_Elenovo_x4032_y3456.png"}}, {"type": "Feature", "geometry": {"type": "Point", "coordinates": [438131.35877099994, 4695130.3602485005]}, "properties": {"source_tile": "K-35-053-3_Elenovo_x4032_y2016.png", "label": "burial_mound", "subtype": "burial_mound", "cluster_size": 1, "origin_tiles": "K-35-053-3_Elenovo_x4032_y1920.png"}}, {"type": "Feature", "geometry": {"type": "Point", "coordinates": [438181.378609, 4699731.223437999]}, "properties": {"source_tile": "K-35-053-3_Elenovo_x4032_y1008.png", "label": "burial_mound", "subtype": "burial_mound", "cluster_size": 1, "origin_tiles": "K-35-053-3_Elenovo_x4032_y960.png"}}, {"type": "Feature", "geometry": {"type": "Point", "coordinates": [437786.029504, 4697433.1966430005]}, "properties": {"source_tile": "K-35-053-3_Elenovo_x3696_y1344.png", "label": "burial_mound", "subtype": "burial_mound", "cluster_size": 1, "origin_tiles": "K-35-053-3_Elenovo_x4032_y1536.png"}}, {"type": "Feature", "geometry": {"type": "Point", "coordinates": [438030.35717450007, 4688977.9201565]}, "properties": {"source_tile": "K-35-053-3_Elenovo_x4032_y3024.png", "label": "burial_mound", "subtype": "burial_mound", "cluster_size": 1, "origin_tiles": "K-35-053-3_Elenovo_x4032_y3264.png"}}, {"type": "Feature", "geometry": {"type": "Point", "coordinates": [419882.77512699994, 4699090.584742]}, "properties": {"source_tile": "K-35-053-3_Elenovo_x336_y1008.png", "label": "burial_mound", "subtype": "burial_mound", "cluster_size": 1, "origin_tiles": "K-35-053-3_Elenovo_x384_y960.png"}}, {"type": "Feature", "geometry": {"type": "Point", "coordinates": [437839.89702199993, 4691411.577666501]}, "properties": {"source_tile": "K-35-053-3_Elenovo_x4032_y2688.png", "label": "burial_mound", "subtype": "burial_mound", "cluster_size": 1, "origin_tiles": "K-35-053-3_Elenovo_x4032_y2688.png"}}, {"type": "Feature", "geometry": {"type": "Point", "coordinates": [437819.6967025, 4691638.590778]}, "properties": {"source_tile": "K-35-053-3_Elenovo_x4032_y2688.png", "label": "burial_mound", "subtype": "burial_mound", "cluster_size": 1, "origin_tiles": "K-35-053-3_Elenovo_x4032_y2688.png"}}, {"type": "Feature", "geometry": {"type": "Point", "coordinates": [421764.531057125, 4702794.93852475]}, "properties": {"source_tile": "K-35-053-3_Elenovo_x672_y336.png", "label": "burial_mound", "subtype": "burial_mound", "cluster_size": 4, "origin_tiles": "K-35-053-3_Elenovo_x576_y384.png;K-35-053-3_Elenovo_x576_y576.png;K-35-053-3_Elenovo_x768_y384.png;K-35-053-3_Elenovo_x768_y576.png"}}, {"type": "Feature", "geometry": {"type": "Point", "coordinates": [422142.9664033333, 4703215.938829167]}, "properties": {"source_tile": "K-35-053-3_Elenovo_x672_y336.png", "label": "burial_mound", "subtype": "burial_mound", "cluster_size": 3, "origin_tiles": "K-35-053-3_Elenovo_x576_y192.png;K-35-053-3_Elenovo_x768_y192.png;K-35-053-3_Elenovo_x768_y384.png"}}, {"type": "Feature", "geometry": {"type": "Point", "coordinates": [421887.09569266665, 4704202.868712666]}, "properties": {"source_tile": "K-35-053-3_Elenovo_x672_y0.png", "label": "burial_mound", "subtype": "burial_mound", "cluster_size": 3, "origin_tiles": "K-35-053-3_Elenovo_x576_y192.png;K-35-053-3_Elenovo_x768_y0.png;K-35-053-3_Elenovo_x768_y192.png"}}, {"type": "Feature", "geometry": {"type": "Point", "coordinates": [421263.61123549996, 4695249.6383245]}, "properties": {"source_tile": "K-35-053-3_Elenovo_x672_y2016.png", "label": "burial_mound", "subtype": "burial_mound", "cluster_size": 2, "origin_tiles": "K-35-053-3_Elenovo_x576_y1728.png;K-35-053-3_Elenovo_x576_y1920.png"}}, {"type": "Feature", "geometry": {"type": "Point", "coordinates": [421874.189933125, 4694738.137383374]}, "properties": {"source_tile": "K-35-053-3_Elenovo_x672_y2016.png", "label": "burial_mound", "subtype": "burial_mound", "cluster_size": 4, "origin_tiles": "K-35-053-3_Elenovo_x576_y1920.png;K-35-053-3_Elenovo_x576_y2112.png;K-35-053-3_Elenovo_x768_y1920.png;K-35-053-3_Elenovo_x768_y2112.png"}}, {"type": "Feature", "geometry": {"type": "Point", "coordinates": [426204.5131325, 4700207.3738205]}, "properties": {"source_tile": "K-35-053-3_Elenovo_x1680_y1008.png", "label": "benchmark_mound", "subtype": "benchmark_mound", "cluster_size": 1, "origin_tiles": "K-35-053-3_Elenovo_x1536_y960.png"}}, {"type": "Feature", "geometry": {"type": "Point", "coordinates": [421540.64418550004, 4687565.8216487495]}, "properties": {"source_tile": "K-35-053-3_Elenovo_x672_y3360.png", "label": "benchmark_mound", "subtype": "benchmark_mound", "cluster_size": 2, "origin_tiles": "K-35-053-3_Elenovo_x768_y3264.png;K-35-053-3_Elenovo_x768_y3456.png"}}, {"type": "Feature", "geometry": {"type": "Point", "coordinates": [421379.84323150007, 4700674.225643501]}, "properties": {"source_tile": "K-35-053-3_Elenovo_x672_y672.png", "label": "burial_mound", "subtype": "burial_mound", "cluster_size": 3, "origin_tiles": "K-35-053-3_Elenovo_x576_y768.png;K-35-053-3_Elenovo_x576_y960.png;K-35-053-3_Elenovo_x768_y768.png"}}, {"type": "Feature", "geometry": {"type": "Point", "coordinates": [421394.43235075, 4693810.3655775]}, "properties": {"source_tile": "K-35-053-3_Elenovo_x672_y2352.png", "label": "burial_mound", "subtype": "burial_mound", "cluster_size": 4, "origin_tiles": "K-35-053-3_Elenovo_x576_y2112.png;K-35-053-3_Elenovo_x576_y2304.png;K-35-053-3_Elenovo_x768_y2112.png;K-35-053-3_Elenovo_x768_y2304.png"}}, {"type": "Feature", "geometry": {"type": "Point", "coordinates": [421971.103369625, 4693630.486544374]}, "properties": {"source_tile": "K-35-053-3_Elenovo_x672_y2352.png", "label": "burial_mound", "subtype": "burial_mound", "cluster_size": 4, "origin_tiles": "K-35-053-3_Elenovo_x576_y2112.png;K-35-053-3_Elenovo_x576_y2304.png;K-35-053-3_Elenovo_x768_y2112.png;K-35-053-3_Elenovo_x768_y2304.png"}}, {"type": "Feature", "geometry": {"type": "Point", "coordinates": [421847.496654125, 4693587.681105751]}, "properties": {"source_tile": "K-35-053-3_Elenovo_x672_y2352.png", "label": "burial_mound", "subtype": "burial_mound", "cluster_size": 4, "origin_tiles": "K-35-053-3_Elenovo_x576_y2112.png;K-35-053-3_Elenovo_x576_y2304.png;K-35-053-3_Elenovo_x768_y2112.png;K-35-053-3_Elenovo_x768_y2304.png"}}, {"type": "Feature", "geometry": {"type": "Point", "coordinates": [421584.411543875, 4693362.591834376]}, "properties": {"source_tile": "K-35-053-3_Elenovo_x672_y2352.png", "label": "burial_mound", "subtype": "burial_mound", "cluster_size": 4, "origin_tiles": "K-35-053-3_Elenovo_x576_y2112.png;K-35-053-3_Elenovo_x576_y2304.png;K-35-053-3_Elenovo_x768_y2112.png;K-35-053-3_Elenovo_x768_y2304.png"}}, {"type": "Feature", "geometry": {"type": "Point", "coordinates": [421581.044824, 4693266.880797749]}, "properties": {"source_tile": "K-35-053-3_Elenovo_x672_y2352.png", "label": "burial_mound", "subtype": "burial_mound", "cluster_size": 4, "origin_tiles": "K-35-053-3_Elenovo_x576_y2112.png;K-35-053-3_Elenovo_x576_y2304.png;K-35-053-3_Elenovo_x768_y2112.png;K-35-053-3_Elenovo_x768_y2304.png"}}, {"type": "Feature", "geometry": {"type": "Point", "coordinates": [421655.5936213333, 4693355.9385545]}, "properties": {"source_tile": "K-35-053-3_Elenovo_x672_y2352.png", "label": "burial_mound", "subtype": "burial_mound", "cluster_size": 3, "origin_tiles": "K-35-053-3_Elenovo_x576_y2304.png;K-35-053-3_Elenovo_x768_y2112.png;K-35-053-3_Elenovo_x768_y2304.png"}}, {"type": "Feature", "geometry": {"type": "Point", "coordinates": [422091.3433649999, 4692200.352037]}, "properties": {"source_tile": "K-35-053-3_Elenovo_x672_y2352.png", "label": "burial_mound", "subtype": "burial_mound", "cluster_size": 1, "origin_tiles": "K-35-053-3_Elenovo_x768_y2496.png"}}, {"type": "Feature", "geometry": {"type": "Point", "coordinates": [422512.9849493333, 4691607.8093395]}, "properties": {"source_tile": "K-35-053-3_Elenovo_x672_y2688.png", "label": "burial_mound", "subtype": "burial_mound", "cluster_size": 3, "origin_tiles": "K-35-053-3_Elenovo_x768_y2688.png;K-35-053-3_Elenovo_x960_y2496.png;K-35-053-3_Elenovo_x960_y2688.png"}}, {"type": "Feature", "geometry": {"type": "Point", "coordinates": [422675.22878350003, 4705614.3259405]}, "properties": {"source_tile": "K-35-053-3_Elenovo_x1008_y0.png", "label": "burial_mound", "subtype": "burial_mound", "cluster_size": 2, "origin_tiles": "K-35-053-3_Elenovo_x768_y0.png;K-35-053-3_Elenovo_x960_y0.png"}}, {"type": "Feature", "geometry": {"type": "Point", "coordinates": [422273.6271985, 4703974.733361]}, "properties": {"source_tile": "K-35-053-3_Elenovo_x672_y0.png", "label": "burial_mound", "subtype": "burial_mound", "cluster_size": 2, "origin_tiles": "K-35-053-3_Elenovo_x768_y0.png;K-35-053-3_Elenovo_x768_y192.png"}}, {"type": "Feature", "geometry": {"type": "Point", "coordinates": [437747.552705, 4687217.606621999]}, "properties": {"source_tile": "K-35-053-3_Elenovo_x3696_y3360.png", "label": "burial_mound", "subtype": "burial_mound", "cluster_size": 1, "origin_tiles": "K-35-053-3_Elenovo_x4032_y3648.png"}}, {"type": "Feature", "geometry": {"type": "Point", "coordinates": [422338.55679599993, 4687242.616541]}, "properties": {"source_tile": "K-35-053-3_Elenovo_x672_y3360.png", "label": "burial_mound", "subtype": "burial_mound", "cluster_size": 1, "origin_tiles": "K-35-053-3_Elenovo_x768_y3648.png"}}, {"type": "Feature", "geometry": {"type": "Point", "coordinates": [421459.3619485, 4693202.352000167]}, "properties": {"source_tile": "K-35-053-3_Elenovo_x672_y2352.png", "label": "burial_mound", "subtype": "burial_mound", "cluster_size": 3, "origin_tiles": "K-35-053-3_Elenovo_x576_y2304.png;K-35-053-3_Elenovo_x576_y2496.png;K-35-053-3_Elenovo_x768_y2304.png"}}, {"type": "Feature", "geometry": {"type": "Point", "coordinates": [421539.84258550004, 4693187.2819205]}, "properties": {"source_tile": "K-35-053-3_Elenovo_x672_y2352.png", "label": "burial_mound", "subtype": "burial_mound", "cluster_size": 3, "origin_tiles": "K-35-053-3_Elenovo_x576_y2304.png;K-35-053-3_Elenovo_x576_y2496.png;K-35-053-3_Elenovo_x768_y2304.png"}}, {"type": "Feature", "geometry": {"type": "Point", "coordinates": [421067.860523, 4692898.7059315]}, "properties": {"source_tile": "K-35-053-3_Elenovo_x672_y2352.png", "label": "burial_mound", "subtype": "burial_mound", "cluster_size": 2, "origin_tiles": "K-35-053-3_Elenovo_x576_y2304.png;K-35-053-3_Elenovo_x576_y2496.png"}}, {"type": "Feature", "geometry": {"type": "Point", "coordinates": [422855.829256625, 4690224.568430499]}, "properties": {"source_tile": "K-35-053-3_Elenovo_x1008_y3024.png", "label": "burial_mound", "subtype": "burial_mound", "cluster_size": 4, "origin_tiles": "K-35-053-3_Elenovo_x768_y2880.png;K-35-053-3_Elenovo_x768_y3072.png;K-35-053-3_Elenovo_x960_y2880.png;K-35-053-3_Elenovo_x960_y3072.png"}}, {"type": "Feature", "geometry": {"type": "Point", "coordinates": [314515.2412955001, 4688052.174350499]}, "properties": {"source_tile": "K-35-062-2_Rakovski_x0_y0.png", "label": "burial_mound", "subtype": "burial_mound", "cluster_size": 2, "origin_tiles": "K-35-062-2_Rakovski_x0_y0.png;K-35-062-2_Rakovski_x0_y192.png"}}, {"type": "Feature", "geometry": {"type": "Point", "coordinates": [422577.11294749996, 4701792.6179215]}, "properties": {"source_tile": "K-35-053-3_Elenovo_x672_y672.png", "label": "burial_mound", "subtype": "burial_mound", "cluster_size": 1, "origin_tiles": "K-35-053-3_Elenovo_x768_y768.png"}}, {"type": "Feature", "geometry": {"type": "Point", "coordinates": [422276.9939185, 4687278.207579499]}, "properties": {"source_tile": "K-35-053-3_Elenovo_x672_y3360.png", "label": "burial_mound", "subtype": "burial_mound", "cluster_size": 1, "origin_tiles": "K-35-053-3_Elenovo_x576_y3648.png"}}, {"type": "Feature", "geometry": {"type": "Point", "coordinates": [423578.47163, 4687335.922777501]}, "properties": {"source_tile": "K-35-053-3_Elenovo_x1008_y3360.png", "label": "burial_mound", "subtype": "burial_mound", "cluster_size": 1, "origin_tiles": "K-35-053-3_Elenovo_x960_y3456.png"}}, {"type": "Feature", "geometry": {"type": "Point", "coordinates": [320431.12796899996, 4679942.613204]}, "properties": {"source_tile": "K-35-062-2_Rakovski_x1008_y1680.png", "label": "burial_mound", "subtype": "burial_mound", "cluster_size": 4, "origin_tiles": "K-35-062-2_Rakovski_x1152_y1536.png;K-35-062-2_Rakovski_x1152_y1728.png;K-35-062-2_Rakovski_x960_y1536.png;K-35-062-2_Rakovski_x960_y1728.png"}}, {"type": "Feature", "geometry": {"type": "Point", "coordinates": [319854.40309649997, 4687714.908343375]}, "properties": {"source_tile": "K-35-062-2_Rakovski_x1008_y0.png", "label": "burial_mound", "subtype": "burial_mound", "cluster_size": 4, "origin_tiles": "K-35-062-2_Rakovski_x1152_y0.png;K-35-062-2_Rakovski_x1152_y192.png;K-35-062-2_Rakovski_x960_y0.png;K-35-062-2_Rakovski_x960_y192.png"}}, {"type": "Feature", "geometry": {"type": "Point", "coordinates": [321101.08280237496, 4687378.8468575]}, "properties": {"source_tile": "K-35-062-2_Rakovski_x1344_y336.png", "label": "burial_mound", "subtype": "burial_mound", "cluster_size": 4, "origin_tiles": "K-35-062-2_Rakovski_x1152_y0.png;K-35-062-2_Rakovski_x1152_y192.png;K-35-062-2_Rakovski_x1344_y0.png;K-35-062-2_Rakovski_x1344_y192.png"}}, {"type": "Feature", "geometry": {"type": "Point", "coordinates": [315491.38548275, 4684389.9473195]}, "properties": {"source_tile": "K-35-062-2_Rakovski_x0_y672.png", "label": "burial_mound", "subtype": "burial_mound", "cluster_size": 2, "origin_tiles": "K-35-062-2_Rakovski_x0_y768.png;K-35-062-2_Rakovski_x192_y768.png"}}, {"type": "Feature", "geometry": {"type": "Point", "coordinates": [315473.31766087504, 4683635.916888751]}, "properties": {"source_tile": "K-35-062-2_Rakovski_x0_y1008.png", "label": "burial_mound", "subtype": "burial_mound", "cluster_size": 4, "origin_tiles": "K-35-062-2_Rakovski_x0_y768.png;K-35-062-2_Rakovski_x0_y960.png;K-35-062-2_Rakovski_x192_y768.png;K-35-062-2_Rakovski_x192_y960.png"}}, {"type": "Feature", "geometry": {"type": "Point", "coordinates": [315254.817469, 4682387.3099485]}, "properties": {"source_tile": "K-35-062-2_Rakovski_x0_y1008.png", "label": "burial_mound", "subtype": "burial_mound", "cluster_size": 4, "origin_tiles": "K-35-062-2_Rakovski_x0_y1152.png;K-35-062-2_Rakovski_x0_y1344.png;K-35-062-2_Rakovski_x192_y1152.png;K-35-062-2_Rakovski_x192_y1344.png"}}, {"type": "Feature", "geometry": {"type": "Point", "coordinates": [315748.189457, 4682175.31417275]}, "properties": {"source_tile": "K-35-062-2_Rakovski_x0_y1344.png", "label": "burial_mound", "subtype": "burial_mound", "cluster_size": 4, "origin_tiles": "K-35-062-2_Rakovski_x0_y1152.png;K-35-062-2_Rakovski_x0_y1344.png;K-35-062-2_Rakovski_x192_y1152.png;K-35-062-2_Rakovski_x192_y1344.png"}}, {"type": "Feature", "geometry": {"type": "Point", "coordinates": [315545.3480439999, 4677362.287343501]}, "properties": {"source_tile": "K-35-062-2_Rakovski_x0_y2352.png", "label": "burial_mound", "subtype": "burial_mound", "cluster_size": 1, "origin_tiles": "K-35-062-2_Rakovski_x0_y2304.png"}}, {"type": "Feature", "geometry": {"type": "Point", "coordinates": [315236.9905515, 4677282.307119001]}, "properties": {"source_tile": "K-35-062-2_Rakovski_x0_y2352.png", "label": "burial_mound", "subtype": "burial_mound", "cluster_size": 1, "origin_tiles": "K-35-062-2_Rakovski_x0_y2304.png"}}, {"type": "Feature", "geometry": {"type": "Point", "coordinates": [315766.0163745, 4677036.584742]}, "properties": {"source_tile": "K-35-062-2_Rakovski_x0_y2352.png", "label": "burial_mound", "subtype": "burial_mound", "cluster_size": 1, "origin_tiles": "K-35-062-2_Rakovski_x0_y2304.png"}}, {"type": "Feature", "geometry": {"type": "Point", "coordinates": [315829.61510750005, 4676703.1732035]}, "properties": {"source_tile": "K-35-062-2_Rakovski_x0_y2352.png", "label": "burial_mound", "subtype": "burial_mound", "cluster_size": 1, "origin_tiles": "K-35-062-2_Rakovski_x0_y2304.png"}}, {"type": "Feature", "geometry": {"type": "Point", "coordinates": [314342.272015, 4676209.31940675]}, "properties": {"source_tile": "K-35-062-2_Rakovski_x0_y2352.png", "label": "burial_mound", "subtype": "burial_mound", "cluster_size": 2, "origin_tiles": "K-35-062-2_Rakovski_x0_y2304.png;K-35-062-2_Rakovski_x0_y2496.png"}}, {"type": "Feature", "geometry": {"type": "Point", "coordinates": [314180.86614, 4675910.1162775]}, "properties": {"source_tile": "K-35-062-2_Rakovski_x0_y2352.png", "label": "settlement_mound", "subtype": "settlement_mound", "cluster_size": 1, "origin_tiles": "K-35-062-2_Rakovski_x0_y2304.png"}}, {"type": "Feature", "geometry": {"type": "Point", "coordinates": [315015.358604, 4674751.8484465]}, "properties": {"source_tile": "K-35-062-2_Rakovski_x0_y2688.png", "label": "burial_mound", "subtype": "burial_mound", "cluster_size": 1, "origin_tiles": "K-35-062-2_Rakovski_x0_y2688.png"}}, {"type": "Feature", "geometry": {"type": "Point", "coordinates": [315323.71609600005, 4674318.2207225]}, "properties": {"source_tile": "K-35-062-2_Rakovski_x0_y2688.png", "label": "burial_mound", "subtype": "burial_mound", "cluster_size": 1, "origin_tiles": "K-35-062-2_Rakovski_x0_y2688.png"}}, {"type": "Feature", "geometry": {"type": "Point", "coordinates": [321116.018868375, 4678901.18395425]}, "properties": {"source_tile": "K-35-062-2_Rakovski_x1344_y2016.png", "label": "burial_mound", "subtype": "burial_mound", "cluster_size": 4, "origin_tiles": "K-35-062-2_Rakovski_x1152_y1728.png;K-35-062-2_Rakovski_x1152_y1920.png;K-35-062-2_Rakovski_x1344_y1728.png;K-35-062-2_Rakovski_x1344_y1920.png"}}, {"type": "Feature", "geometry": {"type": "Point", "coordinates": [321990.983253, 4682207.3544435]}, "properties": {"source_tile": "K-35-062-2_Rakovski_x1344_y1344.png", "label": "burial_mound", "subtype": "burial_mound", "cluster_size": 1, "origin_tiles": "K-35-062-2_Rakovski_x1344_y1344.png"}}, {"type": "Feature", "geometry": {"type": "Point", "coordinates": [321403.17678287503, 4681569.1989765]}, "properties": {"source_tile": "K-35-062-2_Rakovski_x1344_y1344.png", "label": "burial_mound", "subtype": "burial_mound", "cluster_size": 4, "origin_tiles": "K-35-062-2_Rakovski_x1152_y1152.png;K-35-062-2_Rakovski_x1152_y1344.png;K-35-062-2_Rakovski_x1344_y1152.png;K-35-062-2_Rakovski_x1344_y1344.png"}}, {"type": "Feature", "geometry": {"type": "Point", "coordinates": [321083.25588450005, 4670597.6948534995]}, "properties": {"source_tile": "K-35-062-2_Rakovski_x1344_y3696.png", "label": "burial_mound", "subtype": "burial_mound", "cluster_size": 1, "origin_tiles": "K-35-062-2_Rakovski_x1152_y3648.png"}}, {"type": "Feature", "geometry": {"type": "Point", "coordinates": [314915.14241900004, 4682757.5798435]}, "properties": {"source_tile": "K-35-062-2_Rakovski_x0_y1008.png", "label": "burial_mound", "subtype": "burial_mound", "cluster_size": 1, "origin_tiles": "K-35-062-2_Rakovski_x0_y960.png"}}, {"type": "Feature", "geometry": {"type": "Point", "coordinates": [321465.570994375, 4687051.217021875]}, "properties": {"source_tile": "K-35-062-2_Rakovski_x1344_y336.png", "label": "burial_mound", "subtype": "burial_mound", "cluster_size": 4, "origin_tiles": "K-35-062-2_Rakovski_x1152_y192.png;K-35-062-2_Rakovski_x1152_y384.png;K-35-062-2_Rakovski_x1344_y192.png;K-35-062-2_Rakovski_x1344_y384.png"}}, {"type": "Feature", "geometry": {"type": "Point", "coordinates": [321459.0665785, 4686698.774044]}, "properties": {"source_tile": "K-35-062-2_Rakovski_x1344_y336.png", "label": "burial_mound", "subtype": "burial_mound", "cluster_size": 4, "origin_tiles": "K-35-062-2_Rakovski_x1152_y192.png;K-35-062-2_Rakovski_x1152_y384.png;K-35-062-2_Rakovski_x1344_y192.png;K-35-062-2_Rakovski_x1344_y384.png"}}, {"type": "Feature", "geometry": {"type": "Point", "coordinates": [320717.56317075, 4686382.2258055]}, "properties": {"source_tile": "K-35-062-2_Rakovski_x1008_y336.png", "label": "triangulation_mound", "subtype": "triangulation_mound", "cluster_size": 2, "origin_tiles": "K-35-062-2_Rakovski_x1152_y192.png;K-35-062-2_Rakovski_x1152_y384.png"}}, {"type": "Feature", "geometry": {"type": "Point", "coordinates": [320028.09509025, 4686881.620400875]}, "properties": {"source_tile": "K-35-062-2_Rakovski_x1008_y336.png", "label": "burial_mound", "subtype": "burial_mound", "cluster_size": 4, "origin_tiles": "K-35-062-2_Rakovski_x1152_y192.png;K-35-062-2_Rakovski_x1152_y384.png;K-35-062-2_Rakovski_x960_y192.png;K-35-062-2_Rakovski_x960_y384.png"}}, {"type": "Feature", "geometry": {"type": "Point", "coordinates": [315367.40007433336, 4685718.7753885]}, "properties": {"source_tile": "K-35-062-2_Rakovski_x0_y336.png", "label": "burial_mound", "subtype": "burial_mound", "cluster_size": 3, "origin_tiles": "K-35-062-2_Rakovski_x0_y384.png;K-35-062-2_Rakovski_x0_y576.png;K-35-062-2_Rakovski_x192_y384.png"}}, {"type": "Feature", "geometry": {"type": "Point", "coordinates": [320571.093362125, 4682357.67872075]}, "properties": {"source_tile": "K-35-062-2_Rakovski_x1008_y1008.png", "label": "burial_mound", "subtype": "burial_mound", "cluster_size": 4, "origin_tiles": "K-35-062-2_Rakovski_x1152_y1152.png;K-35-062-2_Rakovski_x1152_y1344.png;K-35-062-2_Rakovski_x960_y1152.png;K-35-062-2_Rakovski_x960_y1344.png"}}, {"type": "Feature", "geometry": {"type": "Point", "coordinates": [320697.327210625, 4682217.713327875]}, "properties": {"source_tile": "K-35-062-2_Rakovski_x1008_y1344.png", "label": "burial_mound", "subtype": "burial_mound", "cluster_size": 4, "origin_tiles": "K-35-062-2_Rakovski_x1152_y1152.png;K-35-062-2_Rakovski_x1152_y1344.png;K-35-062-2_Rakovski_x960_y1152.png;K-35-062-2_Rakovski_x960_y1344.png"}}, {"type": "Feature", "geometry": {"type": "Point", "coordinates": [321084.70131050004, 4678160.644164]}, "properties": {"source_tile": "K-35-062-2_Rakovski_x1344_y2016.png", "label": "burial_mound", "subtype": "burial_mound", "cluster_size": 2, "origin_tiles": "K-35-062-2_Rakovski_x1152_y2112.png;K-35-062-2_Rakovski_x1344_y2112.png"}}, {"type": "Feature", "geometry": {"type": "Point", "coordinates": [321195.51728425, 4684430.901048999]}, "properties": {"source_tile": "K-35-062-2_Rakovski_x1344_y672.png", "label": "benchmark_mound", "subtype": "benchmark_mound", "cluster_size": 2, "origin_tiles": "K-35-062-2_Rakovski_x1152_y768.png;K-35-062-2_Rakovski_x1344_y768.png"}}, {"type": "Feature", "geometry": {"type": "Point", "coordinates": [321529.41063150007, 4679647.987255999]}, "properties": {"source_tile": "K-35-062-2_Rakovski_x1344_y1680.png", "label": "burial_mound", "subtype": "burial_mound", "cluster_size": 1, "origin_tiles": "K-35-062-2_Rakovski_x1344_y1536.png"}}, {"type": "Feature", "geometry": {"type": "Point", "coordinates": [321369.4501825, 4680177.013079001]}, "properties": {"source_tile": "K-35-062-2_Rakovski_x1344_y1680.png", "label": "burial_mound", "subtype": "burial_mound", "cluster_size": 1, "origin_tiles": "K-35-062-2_Rakovski_x1344_y1536.png"}}, {"type": "Feature", "geometry": {"type": "Point", "coordinates": [321240.32548249996, 4680606.7863340005]}, "properties": {"source_tile": "K-35-062-2_Rakovski_x1344_y1680.png", "label": "burial_mound", "subtype": "burial_mound", "cluster_size": 1, "origin_tiles": "K-35-062-2_Rakovski_x1344_y1536.png"}}, {"type": "Feature", "geometry": {"type": "Point", "coordinates": [315528.00293500006, 4681206.63801875]}, "properties": {"source_tile": "K-35-062-2_Rakovski_x0_y1344.png", "label": "burial_mound", "subtype": "burial_mound", "cluster_size": 2, "origin_tiles": "K-35-062-2_Rakovski_x0_y1344.png;K-35-062-2_Rakovski_x192_y1344.png"}}, {"type": "Feature", "geometry": {"type": "Point", "coordinates": [315602.2014565, 4681276.018454251]}, "properties": {"source_tile": "K-35-062-2_Rakovski_x0_y1344.png", "label": "burial_mound", "subtype": "burial_mound", "cluster_size": 2, "origin_tiles": "K-35-062-2_Rakovski_x0_y1344.png;K-35-062-2_Rakovski_x192_y1344.png"}}, {"type": "Feature", "geometry": {"type": "Point", "coordinates": [314514.27767900005, 4680898.762335001]}, "properties": {"source_tile": "K-35-062-2_Rakovski_x0_y1344.png", "label": "burial_mound", "subtype": "burial_mound", "cluster_size": 1, "origin_tiles": "K-35-062-2_Rakovski_x0_y1344.png"}}, {"type": "Feature", "geometry": {"type": "Point", "coordinates": [319912.7822363333, 4684175.060691999]}, "properties": {"source_tile": "K-35-062-2_Rakovski_x1008_y672.png", "label": "burial_mound", "subtype": "burial_mound", "cluster_size": 3, "origin_tiles": "K-35-062-2_Rakovski_x1152_y960.png;K-35-062-2_Rakovski_x960_y768.png;K-35-062-2_Rakovski_x960_y960.png"}}, {"type": "Feature", "geometry": {"type": "Point", "coordinates": [320531.103249875, 4682486.080707875]}, "properties": {"source_tile": "K-35-062-2_Rakovski_x1008_y1008.png", "label": "burial_mound", "subtype": "burial_mound", "cluster_size": 4, "origin_tiles": "K-35-062-2_Rakovski_x1152_y1152.png;K-35-062-2_Rakovski_x1152_y960.png;K-35-062-2_Rakovski_x960_y1152.png;K-35-062-2_Rakovski_x960_y960.png"}}, {"type": "Feature", "geometry": {"type": "Point", "coordinates": [322542.17227075, 4688389.9221665]}, "properties": {"source_tile": "K-35-062-2_Rakovski_x1344_y0.png", "label": "burial_mound", "subtype": "burial_mound", "cluster_size": 2, "origin_tiles": "K-35-062-2_Rakovski_x1344_y0.png;K-35-062-2_Rakovski_x1536_y0.png"}}, {"type": "Feature", "geometry": {"type": "Point", "coordinates": [322377.63464012503, 4687604.092369625]}, "properties": {"source_tile": "K-35-062-2_Rakovski_x1344_y0.png", "label": "burial_mound", "subtype": "burial_mound", "cluster_size": 4, "origin_tiles": "K-35-062-2_Rakovski_x1344_y0.png;K-35-062-2_Rakovski_x1344_y192.png;K-35-062-2_Rakovski_x1536_y0.png;K-35-062-2_Rakovski_x1536_y192.png"}}, {"type": "Feature", "geometry": {"type": "Point", "coordinates": [320304.010805, 4686128.312683]}, "properties": {"source_tile": "K-35-062-2_Rakovski_x1008_y336.png", "label": "burial_mound", "subtype": "burial_mound", "cluster_size": 3, "origin_tiles": "K-35-062-2_Rakovski_x1152_y576.png;K-35-062-2_Rakovski_x960_y384.png;K-35-062-2_Rakovski_x960_y576.png"}}, {"type": "Feature", "geometry": {"type": "Point", "coordinates": [320631.80124349997, 4686249.246637]}, "properties": {"source_tile": "K-35-062-2_Rakovski_x1008_y336.png", "label": "burial_mound", "subtype": "burial_mound", "cluster_size": 2, "origin_tiles": "K-35-062-2_Rakovski_x1152_y384.png;K-35-062-2_Rakovski_x1152_y576.png"}}, {"type": "Feature", "geometry": {"type": "Point", "coordinates": [322477.60992075, 4679745.31258975]}, "properties": {"source_tile": "K-35-062-2_Rakovski_x1344_y1680.png", "label": "burial_mound", "subtype": "burial_mound", "cluster_size": 2, "origin_tiles": "K-35-062-2_Rakovski_x1536_y1536.png;K-35-062-2_Rakovski_x1536_y1728.png"}}, {"type": "Feature", "geometry": {"type": "Point", "coordinates": [323035.06244999997, 4688228.034483001]}, "properties": {"source_tile": "K-35-062-2_Rakovski_x1680_y0.png", "label": "burial_mound", "subtype": "burial_mound", "cluster_size": 2, "origin_tiles": "K-35-062-2_Rakovski_x1536_y0.png;K-35-062-2_Rakovski_x1728_y0.png"}}, {"type": "Feature", "geometry": {"type": "Point", "coordinates": [322778.25847575004, 4688280.551618501]}, "properties": {"source_tile": "K-35-062-2_Rakovski_x1680_y0.png", "label": "burial_mound", "subtype": "burial_mound", "cluster_size": 2, "origin_tiles": "K-35-062-2_Rakovski_x1536_y0.png;K-35-062-2_Rakovski_x1728_y0.png"}}, {"type": "Feature", "geometry": {"type": "Point", "coordinates": [322712.973413, 4687706.47669325]}, "properties": {"source_tile": "K-35-062-2_Rakovski_x1680_y0.png", "label": "burial_mound", "subtype": "burial_mound", "cluster_size": 4, "origin_tiles": "K-35-062-2_Rakovski_x1536_y0.png;K-35-062-2_Rakovski_x1536_y192.png;K-35-062-2_Rakovski_x1728_y0.png;K-35-062-2_Rakovski_x1728_y192.png"}}, {"type": "Feature", "geometry": {"type": "Point", "coordinates": [322083.490500625, 4686702.146704125]}, "properties": {"source_tile": "K-35-062-2_Rakovski_x1344_y336.png", "label": "burial_mound", "subtype": "burial_mound", "cluster_size": 4, "origin_tiles": "K-35-062-2_Rakovski_x1344_y192.png;K-35-062-2_Rakovski_x1344_y384.png;K-35-062-2_Rakovski_x1536_y192.png;K-35-062-2_Rakovski_x1536_y384.png"}}, {"type": "Feature", "geometry": {"type": "Point", "coordinates": [322139.862105, 4686753.2184138745]}, "properties": {"source_tile": "K-35-062-2_Rakovski_x1344_y336.png", "label": "burial_mound", "subtype": "burial_mound", "cluster_size": 4, "origin_tiles": "K-35-062-2_Rakovski_x1344_y192.png;K-35-062-2_Rakovski_x1344_y384.png;K-35-062-2_Rakovski_x1536_y192.png;K-35-062-2_Rakovski_x1536_y384.png"}}, {"type": "Feature", "geometry": {"type": "Point", "coordinates": [322619.7434525, 4686294.054835251]}, "properties": {"source_tile": "K-35-062-2_Rakovski_x1680_y336.png", "label": "burial_mound", "subtype": "burial_mound", "cluster_size": 2, "origin_tiles": "K-35-062-2_Rakovski_x1344_y384.png;K-35-062-2_Rakovski_x1536_y384.png"}}, {"type": "Feature", "geometry": {"type": "Point", "coordinates": [322220.80594650004, 4685999.910696]}, "properties": {"source_tile": "K-35-062-2_Rakovski_x1344_y336.png", "label": "burial_mound", "subtype": "burial_mound", "cluster_size": 4, "origin_tiles": "K-35-062-2_Rakovski_x1344_y384.png;K-35-062-2_Rakovski_x1344_y576.png;K-35-062-2_Rakovski_x1536_y384.png;K-35-062-2_Rakovski_x1536_y576.png"}}, {"type": "Feature", "geometry": {"type": "Point", "coordinates": [323244.6491835, 4672915.194132499]}, "properties": {"source_tile": "K-35-062-2_Rakovski_x1680_y3024.png", "label": "burial_mound", "subtype": "burial_mound", "cluster_size": 1, "origin_tiles": "K-35-062-2_Rakovski_x1536_y3072.png"}}, {"type": "Feature", "geometry": {"type": "Point", "coordinates": [322485.80066662503, 4683195.784749124]}, "properties": {"source_tile": "K-35-062-2_Rakovski_x1344_y1008.png", "label": "burial_mound", "subtype": "burial_mound", "cluster_size": 4, "origin_tiles": "K-35-062-2_Rakovski_x1344_y1152.png;K-35-062-2_Rakovski_x1344_y960.png;K-35-062-2_Rakovski_x1536_y1152.png;K-35-062-2_Rakovski_x1536_y960.png"}}, {"type": "Feature", "geometry": {"type": "Point", "coordinates": [322563.612752625, 4683116.76814175]}, "properties": {"source_tile": "K-35-062-2_Rakovski_x1680_y1008.png", "label": "burial_mound", "subtype": "burial_mound", "cluster_size": 4, "origin_tiles": "K-35-062-2_Rakovski_x1344_y1152.png;K-35-062-2_Rakovski_x1344_y960.png;K-35-062-2_Rakovski_x1536_y1152.png;K-35-062-2_Rakovski_x1536_y960.png"}}, {"type": "Feature", "geometry": {"type": "Point", "coordinates": [323346.7926025, 4673249.08747975]}, "properties": {"source_tile": "K-35-062-2_Rakovski_x1680_y3024.png", "label": "burial_mound", "subtype": "burial_mound", "cluster_size": 2, "origin_tiles": "K-35-062-2_Rakovski_x1536_y2880.png;K-35-062-2_Rakovski_x1728_y2880.png"}}, {"type": "Feature", "geometry": {"type": "Point", "coordinates": [321849.33152949996, 4670515.787394499]}, "properties": {"source_tile": "K-35-062-2_Rakovski_x1344_y3696.png", "label": "burial_mound", "subtype": "burial_mound", "cluster_size": 1, "origin_tiles": "K-35-062-2_Rakovski_x1344_y3648.png"}}, {"type": "Feature", "geometry": {"type": "Point", "coordinates": [323559.7519955, 4676800.498537]}, "properties": {"source_tile": "K-35-062-2_Rakovski_x1680_y2352.png", "label": "triangulation_mound", "subtype": "triangulation_mound", "cluster_size": 1, "origin_tiles": "K-35-062-2_Rakovski_x1536_y2304.png"}}, {"type": "Feature", "geometry": {"type": "Point", "coordinates": [324412.071377375, 4688136.972661]}, "properties": {"source_tile": "K-35-062-2_Rakovski_x2016_y0.png", "label": "burial_mound", "subtype": "burial_mound", "cluster_size": 4, "origin_tiles": "K-35-062-2_Rakovski_x1728_y0.png;K-35-062-2_Rakovski_x1728_y192.png;K-35-062-2_Rakovski_x1920_y0.png;K-35-062-2_Rakovski_x1920_y192.png"}}, {"type": "Feature", "geometry": {"type": "Point", "coordinates": [423964.201536, 4687288.788699]}, "properties": {"source_tile": "K-35-053-3_Elenovo_x1008_y3360.png", "label": "burial_mound", "subtype": "burial_mound", "cluster_size": 1, "origin_tiles": "K-35-053-3_Elenovo_x960_y3648.png"}}, {"type": "Feature", "geometry": {"type": "Point", "coordinates": [323964.953013, 4679363.72019275]}, "properties": {"source_tile": "K-35-062-2_Rakovski_x1680_y1680.png", "label": "burial_mound", "subtype": "burial_mound", "cluster_size": 4, "origin_tiles": "K-35-062-2_Rakovski_x1728_y1728.png;K-35-062-2_Rakovski_x1728_y1920.png;K-35-062-2_Rakovski_x1920_y1728.png;K-35-062-2_Rakovski_x1920_y1920.png"}}, {"type": "Feature", "geometry": {"type": "Point", "coordinates": [323428.940965625, 4678346.863180624]}, "properties": {"source_tile": "K-35-062-2_Rakovski_x1680_y2016.png", "label": "triangulation_mound", "subtype": "triangulation_mound", "cluster_size": 4, "origin_tiles": "K-35-062-2_Rakovski_x1536_y1920.png;K-35-062-2_Rakovski_x1536_y2112.png;K-35-062-2_Rakovski_x1728_y1920.png;K-35-062-2_Rakovski_x1728_y2112.png"}}, {"type": "Feature", "geometry": {"type": "Point", "coordinates": [324350.39987850003, 4678587.52656725]}, "properties": {"source_tile": "K-35-062-2_Rakovski_x2016_y2016.png", "label": "burial_mound", "subtype": "burial_mound", "cluster_size": 2, "origin_tiles": "K-35-062-2_Rakovski_x1728_y1920.png;K-35-062-2_Rakovski_x1920_y1920.png"}}, {"type": "Feature", "geometry": {"type": "Point", "coordinates": [323519.03917049995, 4683157.4809667505]}, "properties": {"source_tile": "K-35-062-2_Rakovski_x1680_y1008.png", "label": "triangulation_mound", "subtype": "triangulation_mound", "cluster_size": 4, "origin_tiles": "K-35-062-2_Rakovski_x1536_y1152.png;K-35-062-2_Rakovski_x1536_y960.png;K-35-062-2_Rakovski_x1728_y1152.png;K-35-062-2_Rakovski_x1728_y960.png"}}, {"type": "Feature", "geometry": {"type": "Point", "coordinates": [323556.86114449997, 4672523.001947001]}, "properties": {"source_tile": "K-35-062-2_Rakovski_x1680_y3024.png", "label": "burial_mound", "subtype": "burial_mound", "cluster_size": 1, "origin_tiles": "K-35-062-2_Rakovski_x1728_y3072.png"}}, {"type": "Feature", "geometry": {"type": "Point", "coordinates": [322810.70025383326, 4686972.441318333]}, "properties": {"source_tile": "K-35-062-2_Rakovski_x1680_y336.png", "label": "burial_mound", "subtype": "burial_mound", "cluster_size": 3, "origin_tiles": "K-35-062-2_Rakovski_x1536_y192.png;K-35-062-2_Rakovski_x1728_y192.png;K-35-062-2_Rakovski_x1728_y384.png"}}, {"type": "Feature", "geometry": {"type": "Point", "coordinates": [323301.02078725, 4686567.4812055]}, "properties": {"source_tile": "K-35-062-2_Rakovski_x1680_y336.png", "label": "burial_mound", "subtype": "burial_mound", "cluster_size": 4, "origin_tiles": "K-35-062-2_Rakovski_x1536_y192.png;K-35-062-2_Rakovski_x1536_y384.png;K-35-062-2_Rakovski_x1728_y192.png;K-35-062-2_Rakovski_x1728_y384.png"}}, {"type": "Feature", "geometry": {"type": "Point", "coordinates": [323005.6721265, 4685156.0229645]}, "properties": {"source_tile": "K-35-062-2_Rakovski_x1680_y672.png", "label": "triangulation_mound", "subtype": "triangulation_mound", "cluster_size": 1, "origin_tiles": "K-35-062-2_Rakovski_x1536_y768.png"}}, {"type": "Feature", "geometry": {"type": "Point", "coordinates": [323749.58457700006, 4674688.249714]}, "properties": {"source_tile": "K-35-062-2_Rakovski_x1680_y2688.png", "label": "burial_mound", "subtype": "burial_mound", "cluster_size": 1, "origin_tiles": "K-35-062-2_Rakovski_x1728_y2688.png"}}, {"type": "Feature", "geometry": {"type": "Point", "coordinates": [323178.40050324996, 4685691.071394876]}, "properties": {"source_tile": "K-35-062-2_Rakovski_x1680_y672.png", "label": "burial_mound", "subtype": "burial_mound", "cluster_size": 4, "origin_tiles": "K-35-062-2_Rakovski_x1536_y384.png;K-35-062-2_Rakovski_x1536_y576.png;K-35-062-2_Rakovski_x1728_y384.png;K-35-062-2_Rakovski_x1728_y576.png"}}, {"type": "Feature", "geometry": {"type": "Point", "coordinates": [323243.68556599994, 4685324.6559685]}, "properties": {"source_tile": "K-35-062-2_Rakovski_x1680_y672.png", "label": "burial_mound", "subtype": "burial_mound", "cluster_size": 2, "origin_tiles": "K-35-062-2_Rakovski_x1536_y576.png;K-35-062-2_Rakovski_x1728_y576.png"}}, {"type": "Feature", "geometry": {"type": "Point", "coordinates": [324434.71638075006, 4670738.382959249]}, "properties": {"source_tile": "K-35-062-2_Rakovski_x2016_y3360.png", "label": "burial_mound", "subtype": "burial_mound", "cluster_size": 2, "origin_tiles": "K-35-062-2_Rakovski_x1728_y3456.png;K-35-062-2_Rakovski_x1920_y3456.png"}}, {"type": "Feature", "geometry": {"type": "Point", "coordinates": [324520.799514, 4676440.748129167]}, "properties": {"source_tile": "K-35-062-2_Rakovski_x2016_y2352.png", "label": "benchmark_mound", "subtype": "benchmark_mound", "cluster_size": 3, "origin_tiles": "K-35-062-2_Rakovski_x1728_y2496.png;K-35-062-2_Rakovski_x1920_y2304.png;K-35-062-2_Rakovski_x1920_y2496.png"}}, {"type": "Feature", "geometry": {"type": "Point", "coordinates": [323581.91519050003, 4676794.716833999]}, "properties": {"source_tile": "K-35-062-2_Rakovski_x1680_y2352.png", "label": "burial_mound", "subtype": "burial_mound", "cluster_size": 1, "origin_tiles": "K-35-062-2_Rakovski_x1728_y2304.png"}}, {"type": "Feature", "geometry": {"type": "Point", "coordinates": [324012.3308571666, 4681034.953560834]}, "properties": {"source_tile": "K-35-062-2_Rakovski_x1680_y1344.png", "label": "burial_mound", "subtype": "burial_mound", "cluster_size": 3, "origin_tiles": "K-35-062-2_Rakovski_x1728_y1344.png;K-35-062-2_Rakovski_x1920_y1344.png;K-35-062-2_Rakovski_x1920_y1536.png"}}, {"type": "Feature", "geometry": {"type": "Point", "coordinates": [324032.88802325, 4680852.026902501]}, "properties": {"source_tile": "K-35-062-2_Rakovski_x1680_y1344.png", "label": "burial_mound", "subtype": "burial_mound", "cluster_size": 2, "origin_tiles": "K-35-062-2_Rakovski_x1728_y1344.png;K-35-062-2_Rakovski_x1920_y1344.png"}}, {"type": "Feature", "geometry": {"type": "Point", "coordinates": [324060.110208125, 4685278.643248876]}, "properties": {"source_tile": "K-35-062-2_Rakovski_x1680_y672.png", "label": "burial_mound", "subtype": "burial_mound", "cluster_size": 4, "origin_tiles": "K-35-062-2_Rakovski_x1728_y576.png;K-35-062-2_Rakovski_x1728_y768.png;K-35-062-2_Rakovski_x1920_y576.png;K-35-062-2_Rakovski_x1920_y768.png"}}, {"type": "Feature", "geometry": {"type": "Point", "coordinates": [324169.72166050004, 4685155.300251875]}, "properties": {"source_tile": "K-35-062-2_Rakovski_x1680_y672.png", "label": "burial_mound", "subtype": "burial_mound", "cluster_size": 4, "origin_tiles": "K-35-062-2_Rakovski_x1728_y576.png;K-35-062-2_Rakovski_x1728_y768.png;K-35-062-2_Rakovski_x1920_y576.png;K-35-062-2_Rakovski_x1920_y768.png"}}, {"type": "Feature", "geometry": {"type": "Point", "coordinates": [324784.83061683335, 4682883.813692334]}, "properties": {"source_tile": "K-35-062-2_Rakovski_x2016_y1008.png", "label": "burial_mound", "subtype": "burial_mound", "cluster_size": 3, "origin_tiles": "K-35-062-2_Rakovski_x1920_y1152.png;K-35-062-2_Rakovski_x1920_y960.png;K-35-062-2_Rakovski_x2112_y960.png"}}, {"type": "Feature", "geometry": {"type": "Point", "coordinates": [432151.1023525, 4697305.261288499]}, "properties": {"source_tile": "K-35-053-3_Elenovo_x2688_y1344.png", "label": "burial_mound", "subtype": "burial_mound", "cluster_size": 1, "origin_tiles": "K-35-053-3_Elenovo_x2880_y1344.png"}}, {"type": "Feature", "geometry": {"type": "Point", "coordinates": [316823.58621175, 4688714.17934225]}, "properties": {"source_tile": "K-35-062-2_Rakovski_x336_y0.png", "label": "triangulation_mound", "subtype": "triangulation_mound", "cluster_size": 2, "origin_tiles": "K-35-062-2_Rakovski_x192_y0.png;K-35-062-2_Rakovski_x384_y0.png"}}, {"type": "Feature", "geometry": {"type": "Point", "coordinates": [325290.4084218333, 4677118.492201167]}, "properties": {"source_tile": "K-35-062-2_Rakovski_x2016_y2352.png", "label": "burial_mound", "subtype": "burial_mound", "cluster_size": 3, "origin_tiles": "K-35-062-2_Rakovski_x1920_y2112.png;K-35-062-2_Rakovski_x2112_y2112.png;K-35-062-2_Rakovski_x2112_y2304.png"}}, {"type": "Feature", "geometry": {"type": "Point", "coordinates": [324749.819193125, 4687863.305386625]}, "properties": {"source_tile": "K-35-062-2_Rakovski_x2016_y0.png", "label": "burial_mound", "subtype": "burial_mound", "cluster_size": 4, "origin_tiles": "K-35-062-2_Rakovski_x1920_y0.png;K-35-062-2_Rakovski_x1920_y192.png;K-35-062-2_Rakovski_x2112_y0.png;K-35-062-2_Rakovski_x2112_y192.png"}}, {"type": "Feature", "geometry": {"type": "Point", "coordinates": [324696.097536125, 4687658.77764325]}, "properties": {"source_tile": "K-35-062-2_Rakovski_x2016_y0.png", "label": "burial_mound", "subtype": "burial_mound", "cluster_size": 4, "origin_tiles": "K-35-062-2_Rakovski_x1920_y0.png;K-35-062-2_Rakovski_x1920_y192.png;K-35-062-2_Rakovski_x2112_y0.png;K-35-062-2_Rakovski_x2112_y192.png"}}, {"type": "Feature", "geometry": {"type": "Point", "coordinates": [325382.433861, 4687366.319834376]}, "properties": {"source_tile": "K-35-062-2_Rakovski_x2016_y336.png", "label": "burial_mound", "subtype": "burial_mound", "cluster_size": 4, "origin_tiles": "K-35-062-2_Rakovski_x1920_y0.png;K-35-062-2_Rakovski_x1920_y192.png;K-35-062-2_Rakovski_x2112_y0.png;K-35-062-2_Rakovski_x2112_y192.png"}}, {"type": "Feature", "geometry": {"type": "Point", "coordinates": [316525.34669950005, 4687167.0919854995]}, "properties": {"source_tile": "K-35-062-2_Rakovski_x336_y336.png", "label": "burial_mound", "subtype": "burial_mound", "cluster_size": 1, "origin_tiles": "K-35-062-2_Rakovski_x192_y192.png"}}, {"type": "Feature", "geometry": {"type": "Point", "coordinates": [324901.10708766663, 4672989.713859666]}, "properties": {"source_tile": "K-35-062-2_Rakovski_x2016_y3024.png", "label": "benchmark_mound", "subtype": "benchmark_mound", "cluster_size": 3, "origin_tiles": "K-35-062-2_Rakovski_x1920_y2880.png;K-35-062-2_Rakovski_x1920_y3072.png;K-35-062-2_Rakovski_x2112_y3072.png"}}, {"type": "Feature", "geometry": {"type": "Point", "coordinates": [324528.66905400006, 4686001.115217499]}, "properties": {"source_tile": "K-35-062-2_Rakovski_x2016_y336.png", "label": "burial_mound", "subtype": "burial_mound", "cluster_size": 4, "origin_tiles": "K-35-062-2_Rakovski_x1728_y384.png;K-35-062-2_Rakovski_x1728_y576.png;K-35-062-2_Rakovski_x1920_y384.png;K-35-062-2_Rakovski_x1920_y576.png"}}, {"type": "Feature", "geometry": {"type": "Point", "coordinates": [324345.581793, 4685805.50093325]}, "properties": {"source_tile": "K-35-062-2_Rakovski_x2016_y336.png", "label": "burial_mound", "subtype": "burial_mound", "cluster_size": 4, "origin_tiles": "K-35-062-2_Rakovski_x1728_y384.png;K-35-062-2_Rakovski_x1728_y576.png;K-35-062-2_Rakovski_x1920_y384.png;K-35-062-2_Rakovski_x1920_y576.png"}}, {"type": "Feature", "geometry": {"type": "Point", "coordinates": [324136.958676875, 4685601.21409425]}, "properties": {"source_tile": "K-35-062-2_Rakovski_x1680_y672.png", "label": "burial_mound", "subtype": "burial_mound", "cluster_size": 4, "origin_tiles": "K-35-062-2_Rakovski_x1728_y384.png;K-35-062-2_Rakovski_x1728_y576.png;K-35-062-2_Rakovski_x1920_y384.png;K-35-062-2_Rakovski_x1920_y576.png"}}, {"type": "Feature", "geometry": {"type": "Point", "coordinates": [324902.070705, 4674679.5771595]}, "properties": {"source_tile": "K-35-062-2_Rakovski_x2016_y2688.png", "label": "burial_mound", "subtype": "burial_mound", "cluster_size": 1, "origin_tiles": "K-35-062-2_Rakovski_x1920_y2688.png"}}, {"type": "Feature", "geometry": {"type": "Point", "coordinates": [325406.04248149996, 4682140.864859]}, "properties": {"source_tile": "K-35-062-2_Rakovski_x2016_y1344.png", "label": "burial_mound", "subtype": "burial_mound", "cluster_size": 2, "origin_tiles": "K-35-062-2_Rakovski_x2112_y1152.png;K-35-062-2_Rakovski_x2112_y1344.png"}}, {"type": "Feature", "geometry": {"type": "Point", "coordinates": [326318.58793549996, 4681036.559589501]}, "properties": {"source_tile": "K-35-062-2_Rakovski_x2352_y1344.png", "label": "burial_mound", "subtype": "burial_mound", "cluster_size": 1, "origin_tiles": "K-35-062-2_Rakovski_x2112_y1536.png"}}, {"type": "Feature", "geometry": {"type": "Point", "coordinates": [316247.34314775, 4685703.35751375]}, "properties": {"source_tile": "K-35-062-2_Rakovski_x336_y336.png", "label": "burial_mound", "subtype": "burial_mound", "cluster_size": 4, "origin_tiles": "K-35-062-2_Rakovski_x192_y384.png;K-35-062-2_Rakovski_x192_y576.png;K-35-062-2_Rakovski_x384_y384.png;K-35-062-2_Rakovski_x384_y576.png"}}, {"type": "Feature", "geometry": {"type": "Point", "coordinates": [316213.375642875, 4685568.9329195]}, "properties": {"source_tile": "K-35-062-2_Rakovski_x336_y672.png", "label": "burial_mound", "subtype": "burial_mound", "cluster_size": 4, "origin_tiles": "K-35-062-2_Rakovski_x192_y384.png;K-35-062-2_Rakovski_x192_y576.png;K-35-062-2_Rakovski_x384_y384.png;K-35-062-2_Rakovski_x384_y576.png"}}, {"type": "Feature", "geometry": {"type": "Point", "coordinates": [316734.933432625, 4685529.665520125]}, "properties": {"source_tile": "K-35-062-2_Rakovski_x336_y672.png", "label": "burial_mound", "subtype": "burial_mound", "cluster_size": 4, "origin_tiles": "K-35-062-2_Rakovski_x192_y384.png;K-35-062-2_Rakovski_x192_y576.png;K-35-062-2_Rakovski_x384_y384.png;K-35-062-2_Rakovski_x384_y576.png"}}, {"type": "Feature", "geometry": {"type": "Point", "coordinates": [316613.03586149996, 4686143.730557626]}, "properties": {"source_tile": "K-35-062-2_Rakovski_x336_y336.png", "label": "burial_mound", "subtype": "burial_mound", "cluster_size": 4, "origin_tiles": "K-35-062-2_Rakovski_x192_y384.png;K-35-062-2_Rakovski_x192_y576.png;K-35-062-2_Rakovski_x384_y384.png;K-35-062-2_Rakovski_x384_y576.png"}}, {"type": "Feature", "geometry": {"type": "Point", "coordinates": [316229.757134625, 4683079.909785001]}, "properties": {"source_tile": "K-35-062-2_Rakovski_x336_y1008.png", "label": "burial_mound", "subtype": "burial_mound", "cluster_size": 4, "origin_tiles": "K-35-062-2_Rakovski_x192_y1152.png;K-35-062-2_Rakovski_x192_y960.png;K-35-062-2_Rakovski_x384_y1152.png;K-35-062-2_Rakovski_x384_y960.png"}}, {"type": "Feature", "geometry": {"type": "Point", "coordinates": [316779.259822375, 4683229.752254]}, "properties": {"source_tile": "K-35-062-2_Rakovski_x336_y1008.png", "label": "burial_mound", "subtype": "burial_mound", "cluster_size": 4, "origin_tiles": "K-35-062-2_Rakovski_x192_y1152.png;K-35-062-2_Rakovski_x192_y960.png;K-35-062-2_Rakovski_x384_y1152.png;K-35-062-2_Rakovski_x384_y960.png"}}, {"type": "Feature", "geometry": {"type": "Point", "coordinates": [316033.420137375, 4682715.903401751]}, "properties": {"source_tile": "K-35-062-2_Rakovski_x336_y1008.png", "label": "burial_mound", "subtype": "burial_mound", "cluster_size": 4, "origin_tiles": "K-35-062-2_Rakovski_x192_y1152.png;K-35-062-2_Rakovski_x192_y960.png;K-35-062-2_Rakovski_x384_y1152.png;K-35-062-2_Rakovski_x384_y960.png"}}, {"type": "Feature", "geometry": {"type": "Point", "coordinates": [435205.1982395, 4690677.6327335]}, "properties": {"source_tile": "K-35-053-3_Elenovo_x3360_y2688.png", "label": "benchmark_mound", "subtype": "benchmark_mound", "cluster_size": 1, "origin_tiles": "K-35-053-3_Elenovo_x3264_y2688.png"}}, {"type": "Feature", "geometry": {"type": "Point", "coordinates": [325197.4193655, 4672378.459372]}, "properties": {"source_tile": "K-35-062-2_Rakovski_x2016_y3024.png", "label": "benchmark_mound", "subtype": "benchmark_mound", "cluster_size": 2, "origin_tiles": "K-35-062-2_Rakovski_x1920_y3072.png;K-35-062-2_Rakovski_x1920_y3264.png"}}, {"type": "Feature", "geometry": {"type": "Point", "coordinates": [316497.4018015, 4681976.086324]}, "properties": {"source_tile": "K-35-062-2_Rakovski_x336_y1344.png", "label": "burial_mound", "subtype": "burial_mound", "cluster_size": 1, "origin_tiles": "K-35-062-2_Rakovski_x192_y1344.png"}}, {"type": "Feature", "geometry": {"type": "Point", "coordinates": [316591.35447525, 4681968.377386499]}, "properties": {"source_tile": "K-35-062-2_Rakovski_x336_y1344.png", "label": "burial_mound", "subtype": "burial_mound", "cluster_size": 2, "origin_tiles": "K-35-062-2_Rakovski_x192_y1152.png;K-35-062-2_Rakovski_x192_y1344.png"}}, {"type": "Feature", "geometry": {"type": "Point", "coordinates": [316844.303981, 4681931.7599345]}, "properties": {"source_tile": "K-35-062-2_Rakovski_x336_y1344.png", "label": "burial_mound", "subtype": "burial_mound", "cluster_size": 1, "origin_tiles": "K-35-062-2_Rakovski_x192_y1344.png"}}, {"type": "Feature", "geometry": {"type": "Point", "coordinates": [316772.03269383335, 4681849.531269833]}, "properties": {"source_tile": "K-35-062-2_Rakovski_x336_y1344.png", "label": "burial_mound", "subtype": "burial_mound", "cluster_size": 3, "origin_tiles": "K-35-062-2_Rakovski_x192_y1152.png;K-35-062-2_Rakovski_x192_y1344.png;K-35-062-2_Rakovski_x384_y1152.png"}}, {"type": "Feature", "geometry": {"type": "Point", "coordinates": [316371.16795337497, 4681787.4582641255]}, "properties": {"source_tile": "K-35-062-2_Rakovski_x336_y1344.png", "label": "burial_mound", "subtype": "burial_mound", "cluster_size": 4, "origin_tiles": "K-35-062-2_Rakovski_x192_y1152.png;K-35-062-2_Rakovski_x192_y1344.png;K-35-062-2_Rakovski_x384_y1152.png;K-35-062-2_Rakovski_x384_y1344.png"}}, {"type": "Feature", "geometry": {"type": "Point", "coordinates": [316723.5306295, 4681396.9524085]}, "properties": {"source_tile": "K-35-062-2_Rakovski_x336_y1344.png", "label": "burial_mound", "subtype": "burial_mound", "cluster_size": 3, "origin_tiles": "K-35-062-2_Rakovski_x192_y1344.png;K-35-062-2_Rakovski_x384_y1344.png;K-35-062-2_Rakovski_x384_y1536.png"}}, {"type": "Feature", "geometry": {"type": "Point", "coordinates": [316472.9901671667, 4680682.269678666]}, "properties": {"source_tile": "K-35-062-2_Rakovski_x336_y1344.png", "label": "burial_mound", "subtype": "burial_mound", "cluster_size": 3, "origin_tiles": "K-35-062-2_Rakovski_x192_y1344.png;K-35-062-2_Rakovski_x384_y1344.png;K-35-062-2_Rakovski_x384_y1536.png"}}, {"type": "Feature", "geometry": {"type": "Point", "coordinates": [316141.34526000003, 4680593.77750225]}, "properties": {"source_tile": "K-35-062-2_Rakovski_x336_y1344.png", "label": "triangulation_mound", "subtype": "triangulation_mound", "cluster_size": 2, "origin_tiles": "K-35-062-2_Rakovski_x192_y1344.png;K-35-062-2_Rakovski_x384_y1536.png"}}, {"type": "Feature", "geometry": {"type": "Point", "coordinates": [419721.17257299996, 4705253.6059535]}, "properties": {"source_tile": "K-35-053-3_Elenovo_x336_y0.png", "label": "triangulation_mound", "subtype": "triangulation_mound", "cluster_size": 1, "origin_tiles": "K-35-053-3_Elenovo_x192_y0.png"}}, {"type": "Feature", "geometry": {"type": "Point", "coordinates": [325972.89027850004, 4677180.404603875]}, "properties": {"source_tile": "K-35-062-2_Rakovski_x2352_y2352.png", "label": "burial_mound", "subtype": "burial_mound", "cluster_size": 4, "origin_tiles": "K-35-062-2_Rakovski_x2112_y2112.png;K-35-062-2_Rakovski_x2112_y2304.png;K-35-062-2_Rakovski_x2304_y2112.png;K-35-062-2_Rakovski_x2304_y2304.png"}}, {"type": "Feature", "geometry": {"type": "Point", "coordinates": [326084.428965125, 4677193.654339749]}, "properties": {"source_tile": "K-35-062-2_Rakovski_x2352_y2352.png", "label": "burial_mound", "subtype": "burial_mound", "cluster_size": 4, "origin_tiles": "K-35-062-2_Rakovski_x2112_y2112.png;K-35-062-2_Rakovski_x2112_y2304.png;K-35-062-2_Rakovski_x2304_y2112.png;K-35-062-2_Rakovski_x2304_y2304.png"}}, {"type": "Feature", "geometry": {"type": "Point", "coordinates": [326477.102959375, 4677967.1980179995]}, "properties": {"source_tile": "K-35-062-2_Rakovski_x2352_y2016.png", "label": "burial_mound", "subtype": "burial_mound", "cluster_size": 4, "origin_tiles": "K-35-062-2_Rakovski_x2112_y1920.png;K-35-062-2_Rakovski_x2112_y2112.png;K-35-062-2_Rakovski_x2304_y1920.png;K-35-062-2_Rakovski_x2304_y2112.png"}}, {"type": "Feature", "geometry": {"type": "Point", "coordinates": [324858.7079325, 4677592.591846]}, "properties": {"source_tile": "K-35-062-2_Rakovski_x2016_y2016.png", "label": "burial_mound", "subtype": "burial_mound", "cluster_size": 1, "origin_tiles": "K-35-062-2_Rakovski_x2112_y2112.png"}}, {"type": "Feature", "geometry": {"type": "Point", "coordinates": [326492.279929625, 4674484.444683625]}, "properties": {"source_tile": "K-35-062-2_Rakovski_x2352_y2688.png", "label": "burial_mound", "subtype": "burial_mound", "cluster_size": 4, "origin_tiles": "K-35-062-2_Rakovski_x2112_y2688.png;K-35-062-2_Rakovski_x2112_y2880.png;K-35-062-2_Rakovski_x2304_y2688.png;K-35-062-2_Rakovski_x2304_y2880.png"}}, {"type": "Feature", "geometry": {"type": "Point", "coordinates": [423574.62395000004, 4693495.09630925]}, "properties": {"source_tile": "K-35-053-3_Elenovo_x1008_y2352.png", "label": "burial_mound", "subtype": "burial_mound", "cluster_size": 2, "origin_tiles": "K-35-053-3_Elenovo_x1152_y2304.png;K-35-053-3_Elenovo_x960_y2304.png"}}, {"type": "Feature", "geometry": {"type": "Point", "coordinates": [423176.389085, 4692810.209295]}, "properties": {"source_tile": "K-35-053-3_Elenovo_x1008_y2352.png", "label": "burial_mound", "subtype": "burial_mound", "cluster_size": 1, "origin_tiles": "K-35-053-3_Elenovo_x960_y2304.png"}}, {"type": "Feature", "geometry": {"type": "Point", "coordinates": [326460.72146725, 4670460.379407249]}, "properties": {"source_tile": "K-35-062-2_Rakovski_x2352_y3696.png", "label": "burial_mound", "subtype": "burial_mound", "cluster_size": 2, "origin_tiles": "K-35-062-2_Rakovski_x2112_y3456.png;K-35-062-2_Rakovski_x2112_y3648.png"}}, {"type": "Feature", "geometry": {"type": "Point", "coordinates": [437510.920394, 4698822.209072]}, "properties": {"source_tile": "K-35-053-3_Elenovo_x3696_y1344.png", "label": "burial_mound", "subtype": "burial_mound", "cluster_size": 1, "origin_tiles": "K-35-053-3_Elenovo_x3840_y1152.png"}}, {"type": "Feature", "geometry": {"type": "Point", "coordinates": [437344.50823999994, 4698805.8564325]}, "properties": {"source_tile": "K-35-053-3_Elenovo_x3696_y1344.png", "label": "burial_mound", "subtype": "burial_mound", "cluster_size": 1, "origin_tiles": "K-35-053-3_Elenovo_x3840_y1152.png"}}, {"type": "Feature", "geometry": {"type": "Point", "coordinates": [437423.385677, 4698825.094832]}, "properties": {"source_tile": "K-35-053-3_Elenovo_x3696_y1344.png", "label": "burial_mound", "subtype": "burial_mound", "cluster_size": 1, "origin_tiles": "K-35-053-3_Elenovo_x3840_y1152.png"}}, {"type": "Feature", "geometry": {"type": "Point", "coordinates": [437328.1556005, 4698733.712435501]}, "properties": {"source_tile": "K-35-053-3_Elenovo_x3696_y1344.png", "label": "burial_mound", "subtype": "burial_mound", "cluster_size": 1, "origin_tiles": "K-35-053-3_Elenovo_x3840_y1152.png"}}, {"type": "Feature", "geometry": {"type": "Point", "coordinates": [437260.8212035001, 4698675.9972375]}, "properties": {"source_tile": "K-35-053-3_Elenovo_x3696_y1344.png", "label": "burial_mound", "subtype": "burial_mound", "cluster_size": 1, "origin_tiles": "K-35-053-3_Elenovo_x3840_y1152.png"}}, {"type": "Feature", "geometry": {"type": "Point", "coordinates": [437299.2980015, 4698623.091639501]}, "properties": {"source_tile": "K-35-053-3_Elenovo_x3696_y1344.png", "label": "burial_mound", "subtype": "burial_mound", "cluster_size": 1, "origin_tiles": "K-35-053-3_Elenovo_x3840_y1152.png"}}, {"type": "Feature", "geometry": {"type": "Point", "coordinates": [437379.1373584999, 4698621.167799501]}, "properties": {"source_tile": "K-35-053-3_Elenovo_x3696_y1344.png", "label": "burial_mound", "subtype": "burial_mound", "cluster_size": 1, "origin_tiles": "K-35-053-3_Elenovo_x3840_y1152.png"}}, {"type": "Feature", "geometry": {"type": "Point", "coordinates": [437460.9005555, 4698625.9773995]}, "properties": {"source_tile": "K-35-053-3_Elenovo_x3696_y1344.png", "label": "burial_mound", "subtype": "burial_mound", "cluster_size": 1, "origin_tiles": "K-35-053-3_Elenovo_x3840_y1152.png"}}, {"type": "Feature", "geometry": {"type": "Point", "coordinates": [437319.498321, 4698449.946045499]}, "properties": {"source_tile": "K-35-053-3_Elenovo_x3696_y1344.png", "label": "burial_mound", "subtype": "burial_mound", "cluster_size": 1, "origin_tiles": "K-35-053-3_Elenovo_x3840_y1152.png"}}, {"type": "Feature", "geometry": {"type": "Point", "coordinates": [326095.992371, 4679437.436905749]}, "properties": {"source_tile": "K-35-062-2_Rakovski_x2352_y1680.png", "label": "benchmark_mound", "subtype": "benchmark_mound", "cluster_size": 2, "origin_tiles": "K-35-062-2_Rakovski_x2112_y1728.png;K-35-062-2_Rakovski_x2304_y1728.png"}}, {"type": "Feature", "geometry": {"type": "Point", "coordinates": [316873.212496, 4681930.7963175]}, "properties": {"source_tile": "K-35-062-2_Rakovski_x336_y1344.png", "label": "burial_mound", "subtype": "burial_mound", "cluster_size": 1, "origin_tiles": "K-35-062-2_Rakovski_x192_y1152.png"}}, {"type": "Feature", "geometry": {"type": "Point", "coordinates": [322811.9850764999, 4687149.7468765]}, "properties": {"source_tile": "K-35-062-2_Rakovski_x1680_y336.png", "label": "burial_mound", "subtype": "burial_mound", "cluster_size": 1, "origin_tiles": "K-35-062-2_Rakovski_x1536_y384.png"}}, {"type": "Feature", "geometry": {"type": "Point", "coordinates": [326056.72497137496, 4676465.1597638745]}, "properties": {"source_tile": "K-35-062-2_Rakovski_x2352_y2352.png", "label": "triangulation_mound", "subtype": "triangulation_mound", "cluster_size": 4, "origin_tiles": "K-35-062-2_Rakovski_x2112_y2304.png;K-35-062-2_Rakovski_x2112_y2496.png;K-35-062-2_Rakovski_x2304_y2304.png;K-35-062-2_Rakovski_x2304_y2496.png"}}, {"type": "Feature", "geometry": {"type": "Point", "coordinates": [326823.52333, 4672162.609127501]}, "properties": {"source_tile": "K-35-062-2_Rakovski_x2352_y3360.png", "label": "burial_mound", "subtype": "burial_mound", "cluster_size": 1, "origin_tiles": "K-35-062-2_Rakovski_x2304_y3072.png"}}, {"type": "Feature", "geometry": {"type": "Point", "coordinates": [325148.75669899996, 4672407.367887]}, "properties": {"source_tile": "K-35-062-2_Rakovski_x2016_y3024.png", "label": "benchmark_mound", "subtype": "benchmark_mound", "cluster_size": 1, "origin_tiles": "K-35-062-2_Rakovski_x2112_y3264.png"}}, {"type": "Feature", "geometry": {"type": "Point", "coordinates": [326571.296537125, 4671331.007514751]}, "properties": {"source_tile": "K-35-062-2_Rakovski_x2352_y3360.png", "label": "burial_mound", "subtype": "burial_mound", "cluster_size": 4, "origin_tiles": "K-35-062-2_Rakovski_x2304_y3264.png;K-35-062-2_Rakovski_x2304_y3456.png;K-35-062-2_Rakovski_x2496_y3264.png;K-35-062-2_Rakovski_x2496_y3456.png"}}, {"type": "Feature", "geometry": {"type": "Point", "coordinates": [326822.07790375, 4672201.153814001]}, "properties": {"source_tile": "K-35-062-2_Rakovski_x2352_y3360.png", "label": "burial_mound", "subtype": "burial_mound", "cluster_size": 2, "origin_tiles": "K-35-062-2_Rakovski_x2304_y3264.png;K-35-062-2_Rakovski_x2496_y3264.png"}}, {"type": "Feature", "geometry": {"type": "Point", "coordinates": [325575.15729400003, 4684843.8110035]}, "properties": {"source_tile": "K-35-062-2_Rakovski_x2016_y672.png", "label": "burial_mound", "subtype": "burial_mound", "cluster_size": 2, "origin_tiles": "K-35-062-2_Rakovski_x2112_y576.png;K-35-062-2_Rakovski_x2112_y768.png"}}, {"type": "Feature", "geometry": {"type": "Point", "coordinates": [325655.94053283334, 4684938.566691333]}, "properties": {"source_tile": "K-35-062-2_Rakovski_x2016_y672.png", "label": "burial_mound", "subtype": "burial_mound", "cluster_size": 3, "origin_tiles": "K-35-062-2_Rakovski_x2112_y576.png;K-35-062-2_Rakovski_x2112_y768.png;K-35-062-2_Rakovski_x2304_y576.png"}}, {"type": "Feature", "geometry": {"type": "Point", "coordinates": [322070.3210661667, 4682210.5665005]}, "properties": {"source_tile": "K-35-062-2_Rakovski_x1344_y1344.png", "label": "burial_mound", "subtype": "burial_mound", "cluster_size": 3, "origin_tiles": "K-35-062-2_Rakovski_x1344_y1152.png;K-35-062-2_Rakovski_x1536_y1152.png;K-35-062-2_Rakovski_x1536_y1344.png"}}, {"type": "Feature", "geometry": {"type": "Point", "coordinates": [326774.3788545, 4674764.3754695]}, "properties": {"source_tile": "K-35-062-2_Rakovski_x2352_y2688.png", "label": "triangulation_mound", "subtype": "triangulation_mound", "cluster_size": 1, "origin_tiles": "K-35-062-2_Rakovski_x2304_y2688.png"}}, {"type": "Feature", "geometry": {"type": "Point", "coordinates": [327228.965251375, 4674425.182228]}, "properties": {"source_tile": "K-35-062-2_Rakovski_x2352_y2688.png", "label": "burial_mound", "subtype": "burial_mound", "cluster_size": 4, "origin_tiles": "K-35-062-2_Rakovski_x2304_y2688.png;K-35-062-2_Rakovski_x2304_y2880.png;K-35-062-2_Rakovski_x2496_y2688.png;K-35-062-2_Rakovski_x2496_y2880.png"}}, {"type": "Feature", "geometry": {"type": "Point", "coordinates": [327113.572096, 4682092.684000749]}, "properties": {"source_tile": "K-35-062-2_Rakovski_x2352_y1344.png", "label": "triangulation_mound", "subtype": "triangulation_mound", "cluster_size": 2, "origin_tiles": "K-35-062-2_Rakovski_x2304_y1152.png;K-35-062-2_Rakovski_x2496_y1152.png"}}, {"type": "Feature", "geometry": {"type": "Point", "coordinates": [327002.03340924997, 4680753.978856124]}, "properties": {"source_tile": "K-35-062-2_Rakovski_x2352_y1344.png", "label": "triangulation_mound", "subtype": "triangulation_mound", "cluster_size": 4, "origin_tiles": "K-35-062-2_Rakovski_x2304_y1344.png;K-35-062-2_Rakovski_x2304_y1536.png;K-35-062-2_Rakovski_x2496_y1344.png;K-35-062-2_Rakovski_x2496_y1536.png"}}, {"type": "Feature", "geometry": {"type": "Point", "coordinates": [327136.69890787505, 4680555.47372025]}, "properties": {"source_tile": "K-35-062-2_Rakovski_x2352_y1680.png", "label": "burial_mound", "subtype": "burial_mound", "cluster_size": 4, "origin_tiles": "K-35-062-2_Rakovski_x2304_y1344.png;K-35-062-2_Rakovski_x2304_y1536.png;K-35-062-2_Rakovski_x2496_y1344.png;K-35-062-2_Rakovski_x2496_y1536.png"}}, {"type": "Feature", "geometry": {"type": "Point", "coordinates": [326458.3124245, 4685880.663071999]}, "properties": {"source_tile": "K-35-062-2_Rakovski_x2352_y336.png", "label": "burial_mound", "subtype": "burial_mound", "cluster_size": 1, "origin_tiles": "K-35-062-2_Rakovski_x2304_y384.png"}}, {"type": "Feature", "geometry": {"type": "Point", "coordinates": [326607.67308499996, 4683033.1743525]}, "properties": {"source_tile": "K-35-062-2_Rakovski_x2352_y1008.png", "label": "burial_mound", "subtype": "burial_mound", "cluster_size": 1, "origin_tiles": "K-35-062-2_Rakovski_x2304_y960.png"}}, {"type": "Feature", "geometry": {"type": "Point", "coordinates": [325724.99976300006, 4686799.953846]}, "properties": {"source_tile": "K-35-062-2_Rakovski_x2016_y336.png", "label": "benchmark_mound", "subtype": "benchmark_mound", "cluster_size": 1, "origin_tiles": "K-35-062-2_Rakovski_x2112_y384.png"}}, {"type": "Feature", "geometry": {"type": "Point", "coordinates": [327437.02625716664, 4680414.062901501]}, "properties": {"source_tile": "K-35-062-2_Rakovski_x2352_y1680.png", "label": "burial_mound", "subtype": "burial_mound", "cluster_size": 3, "origin_tiles": "K-35-062-2_Rakovski_x2304_y1536.png;K-35-062-2_Rakovski_x2496_y1536.png;K-35-062-2_Rakovski_x2496_y1728.png"}}, {"type": "Feature", "geometry": {"type": "Point", "coordinates": [325945.6680935, 4684371.638592999]}, "properties": {"source_tile": "K-35-062-2_Rakovski_x2352_y672.png", "label": "burial_mound", "subtype": "burial_mound", "cluster_size": 1, "origin_tiles": "K-35-062-2_Rakovski_x2304_y768.png"}}, {"type": "Feature", "geometry": {"type": "Point", "coordinates": [327593.7746493334, 4676146.523688333]}, "properties": {"source_tile": "K-35-062-2_Rakovski_x2352_y2352.png", "label": "benchmark_mound", "subtype": "benchmark_mound", "cluster_size": 3, "origin_tiles": "K-35-062-2_Rakovski_x2496_y2304.png;K-35-062-2_Rakovski_x2496_y2496.png;K-35-062-2_Rakovski_x2688_y2304.png"}}, {"type": "Feature", "geometry": {"type": "Point", "coordinates": [327440.2383145, 4687663.354824999]}, "properties": {"source_tile": "K-35-062-2_Rakovski_x2352_y0.png", "label": "burial_mound", "subtype": "burial_mound", "cluster_size": 1, "origin_tiles": "K-35-062-2_Rakovski_x2496_y0.png"}}, {"type": "Feature", "geometry": {"type": "Point", "coordinates": [327896.9928505, 4688004.475301]}, "properties": {"source_tile": "K-35-062-2_Rakovski_x2688_y0.png", "label": "burial_mound", "subtype": "burial_mound", "cluster_size": 1, "origin_tiles": "K-35-062-2_Rakovski_x2496_y0.png"}}, {"type": "Feature", "geometry": {"type": "Point", "coordinates": [328119.5884155, 4688252.1249125]}, "properties": {"source_tile": "K-35-062-2_Rakovski_x2688_y0.png", "label": "burial_mound", "subtype": "burial_mound", "cluster_size": 1, "origin_tiles": "K-35-062-2_Rakovski_x2496_y0.png"}}, {"type": "Feature", "geometry": {"type": "Point", "coordinates": [327950.955411375, 4687625.291947249]}, "properties": {"source_tile": "K-35-062-2_Rakovski_x2688_y0.png", "label": "burial_mound", "subtype": "burial_mound", "cluster_size": 4, "origin_tiles": "K-35-062-2_Rakovski_x2496_y0.png;K-35-062-2_Rakovski_x2496_y192.png;K-35-062-2_Rakovski_x2688_y0.png;K-35-062-2_Rakovski_x2688_y192.png"}}, {"type": "Feature", "geometry": {"type": "Point", "coordinates": [327995.281801, 4678601.499015999]}, "properties": {"source_tile": "K-35-062-2_Rakovski_x2688_y2016.png", "label": "benchmark_mound", "subtype": "benchmark_mound", "cluster_size": 1, "origin_tiles": "K-35-062-2_Rakovski_x2496_y1920.png"}}, {"type": "Feature", "geometry": {"type": "Point", "coordinates": [327811.230923, 4670826.072121]}, "properties": {"source_tile": "K-35-062-2_Rakovski_x2688_y3360.png", "label": "burial_mound", "subtype": "burial_mound", "cluster_size": 1, "origin_tiles": "K-35-062-2_Rakovski_x2496_y3648.png"}}, {"type": "Feature", "geometry": {"type": "Point", "coordinates": [326872.18599649996, 4677621.5003605]}, "properties": {"source_tile": "K-35-062-2_Rakovski_x2352_y2016.png", "label": "burial_mound", "subtype": "burial_mound", "cluster_size": 2, "origin_tiles": "K-35-062-2_Rakovski_x2304_y2112.png;K-35-062-2_Rakovski_x2496_y2112.png"}}, {"type": "Feature", "geometry": {"type": "Point", "coordinates": [327470.11044699996, 4683278.8967295]}, "properties": {"source_tile": "K-35-062-2_Rakovski_x2352_y1008.png", "label": "burial_mound", "subtype": "burial_mound", "cluster_size": 1, "origin_tiles": "K-35-062-2_Rakovski_x2496_y960.png"}}, {"type": "Feature", "geometry": {"type": "Point", "coordinates": [326588.400742, 4688432.321322]}, "properties": {"source_tile": "K-35-062-2_Rakovski_x2352_y0.png", "label": "burial_mound", "subtype": "burial_mound", "cluster_size": 1, "origin_tiles": "K-35-062-2_Rakovski_x2304_y0.png"}}, {"type": "Feature", "geometry": {"type": "Point", "coordinates": [328490.581023, 4681675.1165631665]}, "properties": {"source_tile": "K-35-062-2_Rakovski_x2688_y1344.png", "label": "burial_mound", "subtype": "burial_mound", "cluster_size": 3, "origin_tiles": "K-35-062-2_Rakovski_x2688_y1152.png;K-35-062-2_Rakovski_x2688_y1344.png;K-35-062-2_Rakovski_x2880_y1152.png"}}, {"type": "Feature", "geometry": {"type": "Point", "coordinates": [328092.12532575004, 4681595.45754425]}, "properties": {"source_tile": "K-35-062-2_Rakovski_x2688_y1344.png", "label": "burial_mound", "subtype": "burial_mound", "cluster_size": 2, "origin_tiles": "K-35-062-2_Rakovski_x2496_y1344.png;K-35-062-2_Rakovski_x2688_y1152.png"}}, {"type": "Feature", "geometry": {"type": "Point", "coordinates": [328013.590527, 4681641.71116825]}, "properties": {"source_tile": "K-35-062-2_Rakovski_x2688_y1344.png", "label": "triangulation_mound", "subtype": "triangulation_mound", "cluster_size": 2, "origin_tiles": "K-35-062-2_Rakovski_x2496_y1344.png;K-35-062-2_Rakovski_x2688_y1344.png"}}, {"type": "Feature", "geometry": {"type": "Point", "coordinates": [328275.69439566665, 4681149.945208666]}, "properties": {"source_tile": "K-35-062-2_Rakovski_x2688_y1344.png", "label": "burial_mound", "subtype": "burial_mound", "cluster_size": 3, "origin_tiles": "K-35-062-2_Rakovski_x2496_y1344.png;K-35-062-2_Rakovski_x2688_y1344.png;K-35-062-2_Rakovski_x2688_y1536.png"}}, {"type": "Feature", "geometry": {"type": "Point", "coordinates": [329302.42848400003, 4688709.3612565]}, "properties": {"source_tile": "K-35-062-2_Rakovski_x2688_y0.png", "label": "burial_mound", "subtype": "burial_mound", "cluster_size": 2, "origin_tiles": "K-35-062-2_Rakovski_x2688_y0.png;K-35-062-2_Rakovski_x2880_y0.png"}}, {"type": "Feature", "geometry": {"type": "Point", "coordinates": [329176.676444, 4688331.1415195]}, "properties": {"source_tile": "K-35-062-2_Rakovski_x2688_y0.png", "label": "burial_mound", "subtype": "burial_mound", "cluster_size": 2, "origin_tiles": "K-35-062-2_Rakovski_x2688_y0.png;K-35-062-2_Rakovski_x2880_y0.png"}}, {"type": "Feature", "geometry": {"type": "Point", "coordinates": [328520.45315533335, 4688196.235116833]}, "properties": {"source_tile": "K-35-062-2_Rakovski_x2688_y0.png", "label": "burial_mound", "subtype": "burial_mound", "cluster_size": 3, "origin_tiles": "K-35-062-2_Rakovski_x2688_y0.png;K-35-062-2_Rakovski_x2688_y192.png;K-35-062-2_Rakovski_x2880_y0.png"}}, {"type": "Feature", "geometry": {"type": "Point", "coordinates": [329306.523856875, 4687349.21562975]}, "properties": {"source_tile": "K-35-062-2_Rakovski_x2688_y336.png", "label": "burial_mound", "subtype": "burial_mound", "cluster_size": 4, "origin_tiles": "K-35-062-2_Rakovski_x2688_y0.png;K-35-062-2_Rakovski_x2688_y192.png;K-35-062-2_Rakovski_x2880_y0.png;K-35-062-2_Rakovski_x2880_y192.png"}}, {"type": "Feature", "geometry": {"type": "Point", "coordinates": [328444.3273995, 4670518.678245499]}, "properties": {"source_tile": "K-35-062-2_Rakovski_x2688_y3696.png", "label": "triangulation_mound", "subtype": "triangulation_mound", "cluster_size": 1, "origin_tiles": "K-35-062-2_Rakovski_x2688_y3648.png"}}, {"type": "Feature", "geometry": {"type": "Point", "coordinates": [328746.90318875003, 4684060.872058]}, "properties": {"source_tile": "K-35-062-2_Rakovski_x2688_y672.png", "label": "benchmark_mound", "subtype": "benchmark_mound", "cluster_size": 2, "origin_tiles": "K-35-062-2_Rakovski_x2688_y768.png;K-35-062-2_Rakovski_x2688_y960.png"}}, {"type": "Feature", "geometry": {"type": "Point", "coordinates": [329350.12753349997, 4671356.0615610005]}, "properties": {"source_tile": "K-35-062-2_Rakovski_x3024_y3360.png", "label": "burial_mound", "subtype": "burial_mound", "cluster_size": 1, "origin_tiles": "K-35-062-2_Rakovski_x2688_y3264.png"}}, {"type": "Feature", "geometry": {"type": "Point", "coordinates": [326859.1771645, 4685890.2992435]}, "properties": {"source_tile": "K-35-062-2_Rakovski_x2352_y336.png", "label": "benchmark_mound", "subtype": "benchmark_mound", "cluster_size": 1, "origin_tiles": "K-35-062-2_Rakovski_x2496_y384.png"}}, {"type": "Feature", "geometry": {"type": "Point", "coordinates": [329113.077711, 4678251.7059855]}, "properties": {"source_tile": "K-35-062-2_Rakovski_x2688_y2016.png", "label": "burial_mound", "subtype": "burial_mound", "cluster_size": 1, "origin_tiles": "K-35-062-2_Rakovski_x2688_y2112.png"}}, {"type": "Feature", "geometry": {"type": "Point", "coordinates": [329148.24973775004, 4677914.439978249]}, "properties": {"source_tile": "K-35-062-2_Rakovski_x2688_y2016.png", "label": "burial_mound", "subtype": "burial_mound", "cluster_size": 2, "origin_tiles": "K-35-062-2_Rakovski_x2688_y2112.png;K-35-062-2_Rakovski_x2880_y2112.png"}}, {"type": "Feature", "geometry": {"type": "Point", "coordinates": [328347.644477, 4687019.016148166]}, "properties": {"source_tile": "K-35-062-2_Rakovski_x2688_y336.png", "label": "burial_mound", "subtype": "burial_mound", "cluster_size": 3, "origin_tiles": "K-35-062-2_Rakovski_x2496_y192.png;K-35-062-2_Rakovski_x2688_y192.png;K-35-062-2_Rakovski_x2688_y384.png"}}, {"type": "Feature", "geometry": {"type": "Point", "coordinates": [328295.60915033333, 4686583.461190167]}, "properties": {"source_tile": "K-35-062-2_Rakovski_x2688_y336.png", "label": "burial_mound", "subtype": "burial_mound", "cluster_size": 3, "origin_tiles": "K-35-062-2_Rakovski_x2496_y192.png;K-35-062-2_Rakovski_x2688_y192.png;K-35-062-2_Rakovski_x2688_y384.png"}}, {"type": "Feature", "geometry": {"type": "Point", "coordinates": [328501.180812, 4681677.365003001]}, "properties": {"source_tile": "K-35-062-2_Rakovski_x2688_y1344.png", "label": "burial_mound", "subtype": "burial_mound", "cluster_size": 1, "origin_tiles": "K-35-062-2_Rakovski_x2880_y1344.png"}}, {"type": "Feature", "geometry": {"type": "Point", "coordinates": [329163.828215, 4680903.901626167]}, "properties": {"source_tile": "K-35-062-2_Rakovski_x2688_y1344.png", "label": "triangulation_mound", "subtype": "triangulation_mound", "cluster_size": 3, "origin_tiles": "K-35-062-2_Rakovski_x2688_y1344.png;K-35-062-2_Rakovski_x2688_y1536.png;K-35-062-2_Rakovski_x2880_y1536.png"}}, {"type": "Feature", "geometry": {"type": "Point", "coordinates": [327817.976243, 4672430.49469875]}, "properties": {"source_tile": "K-35-062-2_Rakovski_x2688_y3024.png", "label": "burial_mound", "subtype": "burial_mound", "cluster_size": 2, "origin_tiles": "K-35-062-2_Rakovski_x2496_y3072.png;K-35-062-2_Rakovski_x2496_y3264.png"}}, {"type": "Feature", "geometry": {"type": "Point", "coordinates": [328817.72905037494, 4674584.4199645]}, "properties": {"source_tile": "K-35-062-2_Rakovski_x2688_y2688.png", "label": "burial_mound", "subtype": "burial_mound", "cluster_size": 4, "origin_tiles": "K-35-062-2_Rakovski_x2688_y2688.png;K-35-062-2_Rakovski_x2688_y2880.png;K-35-062-2_Rakovski_x2880_y2688.png;K-35-062-2_Rakovski_x2880_y2880.png"}}, {"type": "Feature", "geometry": {"type": "Point", "coordinates": [329194.98516999994, 4674153.442188]}, "properties": {"source_tile": "K-35-062-2_Rakovski_x2688_y2688.png", "label": "burial_mound", "subtype": "burial_mound", "cluster_size": 4, "origin_tiles": "K-35-062-2_Rakovski_x2688_y2688.png;K-35-062-2_Rakovski_x2688_y2880.png;K-35-062-2_Rakovski_x2880_y2688.png;K-35-062-2_Rakovski_x2880_y2880.png"}}, {"type": "Feature", "geometry": {"type": "Point", "coordinates": [329376.145197, 4682535.947896]}, "properties": {"source_tile": "K-35-062-2_Rakovski_x3024_y1008.png", "label": "burial_mound", "subtype": "burial_mound", "cluster_size": 1, "origin_tiles": "K-35-062-2_Rakovski_x2880_y1152.png"}}, {"type": "Feature", "geometry": {"type": "Point", "coordinates": [329341.2140745, 4679369.501896]}, "properties": {"source_tile": "K-35-062-2_Rakovski_x3024_y1680.png", "label": "burial_mound", "subtype": "burial_mound", "cluster_size": 4, "origin_tiles": "K-35-062-2_Rakovski_x2688_y1728.png;K-35-062-2_Rakovski_x2688_y1920.png;K-35-062-2_Rakovski_x2880_y1728.png;K-35-062-2_Rakovski_x2880_y1920.png"}}, {"type": "Feature", "geometry": {"type": "Point", "coordinates": [328893.372998, 4673729.4506355]}, "properties": {"source_tile": "K-35-062-2_Rakovski_x2688_y3024.png", "label": "triangulation_mound", "subtype": "triangulation_mound", "cluster_size": 1, "origin_tiles": "K-35-062-2_Rakovski_x2880_y3072.png"}}, {"type": "Feature", "geometry": {"type": "Point", "coordinates": [328346.0384485, 4672787.0330495]}, "properties": {"source_tile": "K-35-062-2_Rakovski_x2688_y3024.png", "label": "triangulation_mound", "subtype": "triangulation_mound", "cluster_size": 1, "origin_tiles": "K-35-062-2_Rakovski_x2688_y3072.png"}}, {"type": "Feature", "geometry": {"type": "Point", "coordinates": [328706.4312675, 4671266.445165]}, "properties": {"source_tile": "K-35-062-2_Rakovski_x2688_y3360.png", "label": "triangulation_mound", "subtype": "triangulation_mound", "cluster_size": 1, "origin_tiles": "K-35-062-2_Rakovski_x2688_y3456.png"}}, {"type": "Feature", "geometry": {"type": "Point", "coordinates": [328893.372998, 4673751.613830499]}, "properties": {"source_tile": "K-35-062-2_Rakovski_x2688_y3024.png", "label": "burial_mound", "subtype": "burial_mound", "cluster_size": 1, "origin_tiles": "K-35-062-2_Rakovski_x2880_y2880.png"}}, {"type": "Feature", "geometry": {"type": "Point", "coordinates": [329375.181579625, 4686461.001509125]}, "properties": {"source_tile": "K-35-062-2_Rakovski_x3024_y336.png", "label": "burial_mound", "subtype": "burial_mound", "cluster_size": 4, "origin_tiles": "K-35-062-2_Rakovski_x2688_y192.png;K-35-062-2_Rakovski_x2688_y384.png;K-35-062-2_Rakovski_x2880_y192.png;K-35-062-2_Rakovski_x2880_y384.png"}}, {"type": "Feature", "geometry": {"type": "Point", "coordinates": [329506.956227, 4687723.09908925]}, "properties": {"source_tile": "K-35-062-2_Rakovski_x3024_y0.png", "label": "burial_mound", "subtype": "burial_mound", "cluster_size": 4, "origin_tiles": "K-35-062-2_Rakovski_x2880_y0.png;K-35-062-2_Rakovski_x2880_y192.png;K-35-062-2_Rakovski_x3072_y0.png;K-35-062-2_Rakovski_x3072_y192.png"}}, {"type": "Feature", "geometry": {"type": "Point", "coordinates": [330043.931891375, 4688085.419142875]}, "properties": {"source_tile": "K-35-062-2_Rakovski_x3024_y0.png", "label": "burial_mound", "subtype": "burial_mound", "cluster_size": 4, "origin_tiles": "K-35-062-2_Rakovski_x2880_y0.png;K-35-062-2_Rakovski_x2880_y192.png;K-35-062-2_Rakovski_x3072_y0.png;K-35-062-2_Rakovski_x3072_y192.png"}}, {"type": "Feature", "geometry": {"type": "Point", "coordinates": [328734.1352615, 4687076.27106775]}, "properties": {"source_tile": "K-35-062-2_Rakovski_x2688_y336.png", "label": "burial_mound", "subtype": "burial_mound", "cluster_size": 4, "origin_tiles": "K-35-062-2_Rakovski_x2688_y192.png;K-35-062-2_Rakovski_x2688_y384.png;K-35-062-2_Rakovski_x2880_y192.png;K-35-062-2_Rakovski_x2880_y384.png"}}, {"type": "Feature", "geometry": {"type": "Point", "coordinates": [328707.71609083336, 4686442.451878499]}, "properties": {"source_tile": "K-35-062-2_Rakovski_x2688_y336.png", "label": "burial_mound", "subtype": "burial_mound", "cluster_size": 3, "origin_tiles": "K-35-062-2_Rakovski_x2688_y192.png;K-35-062-2_Rakovski_x2688_y384.png;K-35-062-2_Rakovski_x2880_y192.png"}}, {"type": "Feature", "geometry": {"type": "Point", "coordinates": [327105.8631585, 4684848.14728075]}, "properties": {"source_tile": "K-35-062-2_Rakovski_x2352_y672.png", "label": "burial_mound", "subtype": "burial_mound", "cluster_size": 2, "origin_tiles": "K-35-062-2_Rakovski_x2496_y576.png;K-35-062-2_Rakovski_x2496_y768.png"}}, {"type": "Feature", "geometry": {"type": "Point", "coordinates": [327299.5502085, 4685264.91170425]}, "properties": {"source_tile": "K-35-062-2_Rakovski_x2352_y672.png", "label": "burial_mound", "subtype": "burial_mound", "cluster_size": 2, "origin_tiles": "K-35-062-2_Rakovski_x2496_y576.png;K-35-062-2_Rakovski_x2496_y768.png"}}, {"type": "Feature", "geometry": {"type": "Point", "coordinates": [327423.856823, 4684732.0314125]}, "properties": {"source_tile": "K-35-062-2_Rakovski_x2352_y672.png", "label": "burial_mound", "subtype": "burial_mound", "cluster_size": 1, "origin_tiles": "K-35-062-2_Rakovski_x2496_y768.png"}}, {"type": "Feature", "geometry": {"type": "Point", "coordinates": [328021.299464, 4683918.738526]}, "properties": {"source_tile": "K-35-062-2_Rakovski_x2688_y1008.png", "label": "burial_mound", "subtype": "burial_mound", "cluster_size": 1, "origin_tiles": "K-35-062-2_Rakovski_x2496_y768.png"}}, {"type": "Feature", "geometry": {"type": "Point", "coordinates": [328385.546752, 4683848.394473]}, "properties": {"source_tile": "K-35-062-2_Rakovski_x2688_y1008.png", "label": "burial_mound", "subtype": "burial_mound", "cluster_size": 1, "origin_tiles": "K-35-062-2_Rakovski_x2496_y768.png"}}, {"type": "Feature", "geometry": {"type": "Point", "coordinates": [324442.425318, 4670775.9640285]}, "properties": {"source_tile": "K-35-062-2_Rakovski_x2016_y3360.png", "label": "burial_mound", "subtype": "burial_mound", "cluster_size": 1, "origin_tiles": "K-35-062-2_Rakovski_x1728_y3648.png"}}, {"type": "Feature", "geometry": {"type": "Point", "coordinates": [329945.6429405, 4676443.960186001]}, "properties": {"source_tile": "K-35-062-2_Rakovski_x3024_y2352.png", "label": "triangulation_mound", "subtype": "triangulation_mound", "cluster_size": 1, "origin_tiles": "K-35-062-2_Rakovski_x2880_y2496.png"}}, {"type": "Feature", "geometry": {"type": "Point", "coordinates": [330178.838294125, 4683624.35348275]}, "properties": {"source_tile": "K-35-062-2_Rakovski_x3024_y1008.png", "label": "triangulation_mound", "subtype": "triangulation_mound", "cluster_size": 4, "origin_tiles": "K-35-062-2_Rakovski_x2880_y768.png;K-35-062-2_Rakovski_x2880_y960.png;K-35-062-2_Rakovski_x3072_y768.png;K-35-062-2_Rakovski_x3072_y960.png"}}, {"type": "Feature", "geometry": {"type": "Point", "coordinates": [329924.12215716665, 4676275.005977]}, "properties": {"source_tile": "K-35-062-2_Rakovski_x3024_y2352.png", "label": "triangulation_mound", "subtype": "triangulation_mound", "cluster_size": 3, "origin_tiles": "K-35-062-2_Rakovski_x2880_y2304.png;K-35-062-2_Rakovski_x3072_y2304.png;K-35-062-2_Rakovski_x3072_y2496.png"}}, {"type": "Feature", "geometry": {"type": "Point", "coordinates": [329997.91917175, 4684774.912376125]}, "properties": {"source_tile": "K-35-062-2_Rakovski_x3024_y672.png", "label": "burial_mound", "subtype": "burial_mound", "cluster_size": 4, "origin_tiles": "K-35-062-2_Rakovski_x2880_y576.png;K-35-062-2_Rakovski_x2880_y768.png;K-35-062-2_Rakovski_x3072_y576.png;K-35-062-2_Rakovski_x3072_y768.png"}}, {"type": "Feature", "geometry": {"type": "Point", "coordinates": [328869.2825685, 4673753.541065]}, "properties": {"source_tile": "K-35-062-2_Rakovski_x2688_y3024.png", "label": "burial_mound", "subtype": "burial_mound", "cluster_size": 1, "origin_tiles": "K-35-062-2_Rakovski_x2688_y2880.png"}}, {"type": "Feature", "geometry": {"type": "Point", "coordinates": [330342.6532125, 4679558.37086]}, "properties": {"source_tile": "K-35-062-2_Rakovski_x3024_y1680.png", "label": "burial_mound", "subtype": "burial_mound", "cluster_size": 1, "origin_tiles": "K-35-062-2_Rakovski_x3072_y1728.png"}}, {"type": "Feature", "geometry": {"type": "Point", "coordinates": [330912.6327645, 4678953.701089625]}, "properties": {"source_tile": "K-35-062-2_Rakovski_x3024_y2016.png", "label": "burial_mound", "subtype": "burial_mound", "cluster_size": 4, "origin_tiles": "K-35-062-2_Rakovski_x3072_y1728.png;K-35-062-2_Rakovski_x3072_y1920.png;K-35-062-2_Rakovski_x3264_y1728.png;K-35-062-2_Rakovski_x3264_y1920.png"}}, {"type": "Feature", "geometry": {"type": "Point", "coordinates": [330123.91211599996, 4674785.5750475]}, "properties": {"source_tile": "K-35-062-2_Rakovski_x3024_y2688.png", "label": "burial_mound", "subtype": "burial_mound", "cluster_size": 1, "origin_tiles": "K-35-062-2_Rakovski_x3072_y2688.png"}}, {"type": "Feature", "geometry": {"type": "Point", "coordinates": [330184.619997, 4674789.429516]}, "properties": {"source_tile": "K-35-062-2_Rakovski_x3024_y2688.png", "label": "burial_mound", "subtype": "burial_mound", "cluster_size": 1, "origin_tiles": "K-35-062-2_Rakovski_x3072_y2688.png"}}, {"type": "Feature", "geometry": {"type": "Point", "coordinates": [330313.7446975, 4674655.48673]}, "properties": {"source_tile": "K-35-062-2_Rakovski_x3024_y2688.png", "label": "burial_mound", "subtype": "burial_mound", "cluster_size": 1, "origin_tiles": "K-35-062-2_Rakovski_x3072_y2688.png"}}, {"type": "Feature", "geometry": {"type": "Point", "coordinates": [330364.816407, 4674569.7248025]}, "properties": {"source_tile": "K-35-062-2_Rakovski_x3024_y2688.png", "label": "burial_mound", "subtype": "burial_mound", "cluster_size": 1, "origin_tiles": "K-35-062-2_Rakovski_x3072_y2688.png"}}, {"type": "Feature", "geometry": {"type": "Point", "coordinates": [330677.34957366664, 4672678.7867215]}, "properties": {"source_tile": "K-35-062-2_Rakovski_x3024_y3024.png", "label": "burial_mound", "subtype": "burial_mound", "cluster_size": 3, "origin_tiles": "K-35-062-2_Rakovski_x3072_y3072.png;K-35-062-2_Rakovski_x3072_y3264.png;K-35-062-2_Rakovski_x3264_y3072.png"}}, {"type": "Feature", "geometry": {"type": "Point", "coordinates": [327817.01262550004, 4686234.310571001]}, "properties": {"source_tile": "K-35-062-2_Rakovski_x2688_y336.png", "label": "burial_mound", "subtype": "burial_mound", "cluster_size": 1, "origin_tiles": "K-35-062-2_Rakovski_x2496_y576.png"}}, {"type": "Feature", "geometry": {"type": "Point", "coordinates": [327718.723675, 4686021.351178]}, "properties": {"source_tile": "K-35-062-2_Rakovski_x2688_y336.png", "label": "burial_mound", "subtype": "burial_mound", "cluster_size": 1, "origin_tiles": "K-35-062-2_Rakovski_x2496_y576.png"}}, {"type": "Feature", "geometry": {"type": "Point", "coordinates": [326784.978643, 4684879.464838499]}, "properties": {"source_tile": "K-35-062-2_Rakovski_x2352_y672.png", "label": "burial_mound", "subtype": "burial_mound", "cluster_size": 1, "origin_tiles": "K-35-062-2_Rakovski_x2496_y576.png"}}, {"type": "Feature", "geometry": {"type": "Point", "coordinates": [327385.31213649997, 4684534.489894]}, "properties": {"source_tile": "K-35-062-2_Rakovski_x2352_y672.png", "label": "burial_mound", "subtype": "burial_mound", "cluster_size": 1, "origin_tiles": "K-35-062-2_Rakovski_x2496_y576.png"}}, {"type": "Feature", "geometry": {"type": "Point", "coordinates": [330508.3953645, 4678130.290223]}, "properties": {"source_tile": "K-35-062-2_Rakovski_x3024_y2016.png", "label": "burial_mound", "subtype": "burial_mound", "cluster_size": 1, "origin_tiles": "K-35-062-2_Rakovski_x3072_y2112.png"}}, {"type": "Feature", "geometry": {"type": "Point", "coordinates": [329747.86051787494, 4671224.52781825]}, "properties": {"source_tile": "K-35-062-2_Rakovski_x3024_y3360.png", "label": "triangulation_mound", "subtype": "triangulation_mound", "cluster_size": 4, "origin_tiles": "K-35-062-2_Rakovski_x2880_y3264.png;K-35-062-2_Rakovski_x2880_y3456.png;K-35-062-2_Rakovski_x3072_y3264.png;K-35-062-2_Rakovski_x3072_y3456.png"}}, {"type": "Feature", "geometry": {"type": "Point", "coordinates": [330707.864117, 4687195.0368834995]}, "properties": {"source_tile": "K-35-062-2_Rakovski_x3024_y336.png", "label": "burial_mound", "subtype": "burial_mound", "cluster_size": 1, "origin_tiles": "K-35-062-2_Rakovski_x3072_y384.png"}}, {"type": "Feature", "geometry": {"type": "Point", "coordinates": [330533.44941049995, 4687184.4370945]}, "properties": {"source_tile": "K-35-062-2_Rakovski_x3024_y336.png", "label": "burial_mound", "subtype": "burial_mound", "cluster_size": 1, "origin_tiles": "K-35-062-2_Rakovski_x3072_y384.png"}}, {"type": "Feature", "geometry": {"type": "Point", "coordinates": [330685.7009225, 4687109.2749555]}, "properties": {"source_tile": "K-35-062-2_Rakovski_x3024_y336.png", "label": "burial_mound", "subtype": "burial_mound", "cluster_size": 1, "origin_tiles": "K-35-062-2_Rakovski_x3072_y384.png"}}, {"type": "Feature", "geometry": {"type": "Point", "coordinates": [330475.6323805, 4680003.56199]}, "properties": {"source_tile": "K-35-062-2_Rakovski_x3024_y1680.png", "label": "burial_mound", "subtype": "burial_mound", "cluster_size": 1, "origin_tiles": "K-35-062-2_Rakovski_x3072_y1536.png"}}, {"type": "Feature", "geometry": {"type": "Point", "coordinates": [330055.495297, 4670827.035738001]}, "properties": {"source_tile": "K-35-062-2_Rakovski_x3024_y3360.png", "label": "burial_mound", "subtype": "burial_mound", "cluster_size": 1, "origin_tiles": "K-35-062-2_Rakovski_x2880_y3648.png"}}, {"type": "Feature", "geometry": {"type": "Point", "coordinates": [329815.07281499996, 4688509.410695]}, "properties": {"source_tile": "K-35-062-2_Rakovski_x3024_y0.png", "label": "burial_mound", "subtype": "burial_mound", "cluster_size": 2, "origin_tiles": "K-35-062-2_Rakovski_x2880_y0.png;K-35-062-2_Rakovski_x3072_y0.png"}}, {"type": "Feature", "geometry": {"type": "Point", "coordinates": [330017.43241925, 4688725.260939499]}, "properties": {"source_tile": "K-35-062-2_Rakovski_x3024_y0.png", "label": "burial_mound", "subtype": "burial_mound", "cluster_size": 2, "origin_tiles": "K-35-062-2_Rakovski_x2880_y0.png;K-35-062-2_Rakovski_x3072_y0.png"}}, {"type": "Feature", "geometry": {"type": "Point", "coordinates": [330518.03153599997, 4678527.3004945]}, "properties": {"source_tile": "K-35-062-2_Rakovski_x3024_y2016.png", "label": "burial_mound", "subtype": "burial_mound", "cluster_size": 1, "origin_tiles": "K-35-062-2_Rakovski_x3264_y2112.png"}}, {"type": "Feature", "geometry": {"type": "Point", "coordinates": [331377.8992518333, 4679502.481064499]}, "properties": {"source_tile": "K-35-062-2_Rakovski_x3360_y1680.png", "label": "triangulation_mound", "subtype": "triangulation_mound", "cluster_size": 3, "origin_tiles": "K-35-062-2_Rakovski_x3264_y1728.png;K-35-062-2_Rakovski_x3264_y1920.png;K-35-062-2_Rakovski_x3456_y1920.png"}}, {"type": "Feature", "geometry": {"type": "Point", "coordinates": [331590.5374395, 4676547.067222999]}, "properties": {"source_tile": "K-35-062-2_Rakovski_x3360_y2352.png", "label": "benchmark_mound", "subtype": "benchmark_mound", "cluster_size": 2, "origin_tiles": "K-35-062-2_Rakovski_x3264_y2304.png;K-35-062-2_Rakovski_x3264_y2496.png"}}, {"type": "Feature", "geometry": {"type": "Point", "coordinates": [331828.06906999997, 4675176.803615499]}, "properties": {"source_tile": "K-35-062-2_Rakovski_x3360_y2688.png", "label": "benchmark_mound", "subtype": "benchmark_mound", "cluster_size": 2, "origin_tiles": "K-35-062-2_Rakovski_x3264_y2496.png;K-35-062-2_Rakovski_x3264_y2688.png"}}, {"type": "Feature", "geometry": {"type": "Point", "coordinates": [330050.67721100006, 4670888.707237]}, "properties": {"source_tile": "K-35-062-2_Rakovski_x3024_y3360.png", "label": "burial_mound", "subtype": "burial_mound", "cluster_size": 1, "origin_tiles": "K-35-062-2_Rakovski_x3072_y3456.png"}}, {"type": "Feature", "geometry": {"type": "Point", "coordinates": [330998.8765005, 4687429.1958545]}, "properties": {"source_tile": "K-35-062-2_Rakovski_x3360_y0.png", "label": "burial_mound", "subtype": "burial_mound", "cluster_size": 1, "origin_tiles": "K-35-062-2_Rakovski_x3264_y192.png"}}, {"type": "Feature", "geometry": {"type": "Point", "coordinates": [330453.4691855, 4681236.028342]}, "properties": {"source_tile": "K-35-062-2_Rakovski_x3024_y1344.png", "label": "burial_mound", "subtype": "burial_mound", "cluster_size": 1, "origin_tiles": "K-35-062-2_Rakovski_x3072_y1344.png"}}, {"type": "Feature", "geometry": {"type": "Point", "coordinates": [330893.84223000007, 4687994.8391295]}, "properties": {"source_tile": "K-35-062-2_Rakovski_x3024_y0.png", "label": "benchmark_mound", "subtype": "benchmark_mound", "cluster_size": 1, "origin_tiles": "K-35-062-2_Rakovski_x3264_y0.png"}}, {"type": "Feature", "geometry": {"type": "Point", "coordinates": [331520.1933865, 4682208.3180605]}, "properties": {"source_tile": "K-35-062-2_Rakovski_x3360_y1344.png", "label": "burial_mound", "subtype": "burial_mound", "cluster_size": 1, "origin_tiles": "K-35-062-2_Rakovski_x3264_y1152.png"}}, {"type": "Feature", "geometry": {"type": "Point", "coordinates": [332166.057790625, 4680797.582532625]}, "properties": {"source_tile": "K-35-062-2_Rakovski_x3360_y1344.png", "label": "burial_mound", "subtype": "burial_mound", "cluster_size": 4, "origin_tiles": "K-35-062-2_Rakovski_x3264_y1344.png;K-35-062-2_Rakovski_x3264_y1536.png;K-35-062-2_Rakovski_x3456_y1344.png;K-35-062-2_Rakovski_x3456_y1536.png"}}, {"type": "Feature", "geometry": {"type": "Point", "coordinates": [331778.442786, 4670709.4744445]}, "properties": {"source_tile": "K-35-062-2_Rakovski_x3360_y3360.png", "label": "burial_mound", "subtype": "burial_mound", "cluster_size": 1, "origin_tiles": "K-35-062-2_Rakovski_x3264_y3456.png"}}, {"type": "Feature", "geometry": {"type": "Point", "coordinates": [330779.171787, 4685553.9968535]}, "properties": {"source_tile": "K-35-062-2_Rakovski_x3024_y672.png", "label": "benchmark_mound", "subtype": "benchmark_mound", "cluster_size": 1, "origin_tiles": "K-35-062-2_Rakovski_x3264_y384.png"}}, {"type": "Feature", "geometry": {"type": "Point", "coordinates": [323382.4464375, 4670845.3444644995]}, "properties": {"source_tile": "K-35-062-2_Rakovski_x1680_y3360.png", "label": "benchmark_mound", "subtype": "benchmark_mound", "cluster_size": 1, "origin_tiles": "K-35-062-2_Rakovski_x1536_y3648.png"}}, {"type": "Feature", "geometry": {"type": "Point", "coordinates": [332048.255592, 4684325.3849695]}, "properties": {"source_tile": "K-35-062-2_Rakovski_x3360_y672.png", "label": "benchmark_mound", "subtype": "benchmark_mound", "cluster_size": 1, "origin_tiles": "K-35-062-2_Rakovski_x3264_y960.png"}}, {"type": "Feature", "geometry": {"type": "Point", "coordinates": [332778.195593625, 4681794.444488626]}, "properties": {"source_tile": "K-35-062-2_Rakovski_x3696_y1344.png", "label": "burial_mound", "subtype": "burial_mound", "cluster_size": 4, "origin_tiles": "K-35-062-2_Rakovski_x3456_y1152.png;K-35-062-2_Rakovski_x3456_y1344.png;K-35-062-2_Rakovski_x3648_y1152.png;K-35-062-2_Rakovski_x3648_y1344.png"}}, {"type": "Feature", "geometry": {"type": "Point", "coordinates": [331263.87122075004, 4670508.5602655]}, "properties": {"source_tile": "K-35-062-2_Rakovski_x3360_y3696.png", "label": "burial_mound", "subtype": "burial_mound", "cluster_size": 2, "origin_tiles": "K-35-062-2_Rakovski_x3072_y3648.png;K-35-062-2_Rakovski_x3264_y3648.png"}}, {"type": "Feature", "geometry": {"type": "Point", "coordinates": [332971.40083525004, 4676418.183427375]}, "properties": {"source_tile": "K-35-062-2_Rakovski_x3696_y2352.png", "label": "burial_mound", "subtype": "burial_mound", "cluster_size": 4, "origin_tiles": "K-35-062-2_Rakovski_x3456_y2304.png;K-35-062-2_Rakovski_x3456_y2496.png;K-35-062-2_Rakovski_x3648_y2304.png;K-35-062-2_Rakovski_x3648_y2496.png"}}, {"type": "Feature", "geometry": {"type": "Point", "coordinates": [332425.9935202501, 4675775.69168325]}, "properties": {"source_tile": "K-35-062-2_Rakovski_x3360_y2352.png", "label": "burial_mound", "subtype": "burial_mound", "cluster_size": 2, "origin_tiles": "K-35-062-2_Rakovski_x3456_y2496.png;K-35-062-2_Rakovski_x3648_y2496.png"}}, {"type": "Feature", "geometry": {"type": "Point", "coordinates": [332531.50959975, 4675736.1833795]}, "properties": {"source_tile": "K-35-062-2_Rakovski_x3360_y2352.png", "label": "burial_mound", "subtype": "burial_mound", "cluster_size": 2, "origin_tiles": "K-35-062-2_Rakovski_x3456_y2496.png;K-35-062-2_Rakovski_x3648_y2496.png"}}, {"type": "Feature", "geometry": {"type": "Point", "coordinates": [332248.20615349995, 4687745.2622839995]}, "properties": {"source_tile": "K-35-062-2_Rakovski_x3360_y0.png", "label": "benchmark_mound", "subtype": "benchmark_mound", "cluster_size": 2, "origin_tiles": "K-35-062-2_Rakovski_x3456_y0.png;K-35-062-2_Rakovski_x3456_y192.png"}}, {"type": "Feature", "geometry": {"type": "Point", "coordinates": [332886.602525, 4673862.4298045]}, "properties": {"source_tile": "K-35-062-2_Rakovski_x3696_y3024.png", "label": "settlement_mound", "subtype": "settlement_mound", "cluster_size": 1, "origin_tiles": "K-35-062-2_Rakovski_x3456_y2880.png"}}, {"type": "Feature", "geometry": {"type": "Point", "coordinates": [320335.48896550003, 4686128.312682999]}, "properties": {"source_tile": "K-35-062-2_Rakovski_x1008_y336.png", "label": "burial_mound", "subtype": "burial_mound", "cluster_size": 1, "origin_tiles": "K-35-062-2_Rakovski_x1152_y384.png"}}, {"type": "Feature", "geometry": {"type": "Point", "coordinates": [331787.115341, 4674668.013753499]}, "properties": {"source_tile": "K-35-062-2_Rakovski_x3360_y2688.png", "label": "burial_mound", "subtype": "burial_mound", "cluster_size": 1, "origin_tiles": "K-35-062-2_Rakovski_x3456_y2688.png"}}, {"type": "Feature", "geometry": {"type": "Point", "coordinates": [332599.685514, 4679899.2504315]}, "properties": {"source_tile": "K-35-062-2_Rakovski_x3360_y1680.png", "label": "burial_mound", "subtype": "burial_mound", "cluster_size": 4, "origin_tiles": "K-35-062-2_Rakovski_x3456_y1536.png;K-35-062-2_Rakovski_x3456_y1728.png;K-35-062-2_Rakovski_x3648_y1536.png;K-35-062-2_Rakovski_x3648_y1728.png"}}, {"type": "Feature", "geometry": {"type": "Point", "coordinates": [333017.17265025, 4672658.390158249]}, "properties": {"source_tile": "K-35-062-2_Rakovski_x3696_y3024.png", "label": "benchmark_mound", "subtype": "benchmark_mound", "cluster_size": 2, "origin_tiles": "K-35-062-2_Rakovski_x3456_y3072.png;K-35-062-2_Rakovski_x3648_y3072.png"}}, {"type": "Feature", "geometry": {"type": "Point", "coordinates": [331541.3929635, 4670334.6273675]}, "properties": {"source_tile": "K-35-062-2_Rakovski_x3360_y3696.png", "label": "burial_mound", "subtype": "burial_mound", "cluster_size": 1, "origin_tiles": "K-35-062-2_Rakovski_x3456_y3648.png"}}, {"type": "Feature", "geometry": {"type": "Point", "coordinates": [333919.118315625, 4688164.43575025]}, "properties": {"source_tile": "K-35-062-2_Rakovski_x3696_y0.png", "label": "burial_mound", "subtype": "burial_mound", "cluster_size": 4, "origin_tiles": "K-35-062-2_Rakovski_x3648_y0.png;K-35-062-2_Rakovski_x3648_y192.png;K-35-062-2_Rakovski_x3840_y0.png;K-35-062-2_Rakovski_x3840_y192.png"}}, {"type": "Feature", "geometry": {"type": "Point", "coordinates": [333673.39593899995, 4682272.880410625]}, "properties": {"source_tile": "K-35-062-2_Rakovski_x3696_y1344.png", "label": "burial_mound", "subtype": "burial_mound", "cluster_size": 4, "origin_tiles": "K-35-062-2_Rakovski_x3648_y1152.png;K-35-062-2_Rakovski_x3648_y1344.png;K-35-062-2_Rakovski_x3840_y1152.png;K-35-062-2_Rakovski_x3840_y1344.png"}}, {"type": "Feature", "geometry": {"type": "Point", "coordinates": [333853.59234850004, 4683079.668880875]}, "properties": {"source_tile": "K-35-062-2_Rakovski_x3696_y1008.png", "label": "burial_mound", "subtype": "burial_mound", "cluster_size": 4, "origin_tiles": "K-35-062-2_Rakovski_x3648_y1152.png;K-35-062-2_Rakovski_x3648_y960.png;K-35-062-2_Rakovski_x3840_y1152.png;K-35-062-2_Rakovski_x3840_y960.png"}}, {"type": "Feature", "geometry": {"type": "Point", "coordinates": [332824.4492175, 4671637.196868875]}, "properties": {"source_tile": "K-35-062-2_Rakovski_x3696_y3360.png", "label": "triangulation_mound", "subtype": "triangulation_mound", "cluster_size": 4, "origin_tiles": "K-35-062-2_Rakovski_x3456_y3264.png;K-35-062-2_Rakovski_x3456_y3456.png;K-35-062-2_Rakovski_x3648_y3264.png;K-35-062-2_Rakovski_x3648_y3456.png"}}, {"type": "Feature", "geometry": {"type": "Point", "coordinates": [333138.829317, 4684024.254605874]}, "properties": {"source_tile": "K-35-062-2_Rakovski_x3696_y672.png", "label": "burial_mound", "subtype": "burial_mound", "cluster_size": 4, "origin_tiles": "K-35-062-2_Rakovski_x3456_y768.png;K-35-062-2_Rakovski_x3456_y960.png;K-35-062-2_Rakovski_x3648_y768.png;K-35-062-2_Rakovski_x3648_y960.png"}}, {"type": "Feature", "geometry": {"type": "Point", "coordinates": [332153.289863, 4684482.4545675]}, "properties": {"source_tile": "K-35-062-2_Rakovski_x3360_y672.png", "label": "burial_mound", "subtype": "burial_mound", "cluster_size": 1, "origin_tiles": "K-35-062-2_Rakovski_x3456_y576.png"}}, {"type": "Feature", "geometry": {"type": "Point", "coordinates": [333410.81026199996, 4687054.58968175]}, "properties": {"source_tile": "K-35-062-2_Rakovski_x3696_y336.png", "label": "burial_mound", "subtype": "burial_mound", "cluster_size": 4, "origin_tiles": "K-35-062-2_Rakovski_x3648_y192.png;K-35-062-2_Rakovski_x3648_y384.png;K-35-062-2_Rakovski_x3840_y192.png;K-35-062-2_Rakovski_x3840_y384.png"}}, {"type": "Feature", "geometry": {"type": "Point", "coordinates": [333865.63756324997, 4686919.2014701255]}, "properties": {"source_tile": "K-35-062-2_Rakovski_x3696_y336.png", "label": "burial_mound", "subtype": "burial_mound", "cluster_size": 4, "origin_tiles": "K-35-062-2_Rakovski_x3648_y192.png;K-35-062-2_Rakovski_x3648_y384.png;K-35-062-2_Rakovski_x3840_y192.png;K-35-062-2_Rakovski_x3840_y384.png"}}, {"type": "Feature", "geometry": {"type": "Point", "coordinates": [332681.3520685, 4680659.785278]}, "properties": {"source_tile": "K-35-062-2_Rakovski_x3360_y1344.png", "label": "burial_mound", "subtype": "burial_mound", "cluster_size": 1, "origin_tiles": "K-35-062-2_Rakovski_x3648_y1536.png"}}, {"type": "Feature", "geometry": {"type": "Point", "coordinates": [333567.8798595, 4679789.960184834]}, "properties": {"source_tile": "K-35-062-2_Rakovski_x3696_y1680.png", "label": "burial_mound", "subtype": "burial_mound", "cluster_size": 3, "origin_tiles": "K-35-062-2_Rakovski_x3648_y1536.png;K-35-062-2_Rakovski_x3648_y1728.png;K-35-062-2_Rakovski_x3840_y1728.png"}}, {"type": "Feature", "geometry": {"type": "Point", "coordinates": [333113.05255824997, 4674191.98687425]}, "properties": {"source_tile": "K-35-062-2_Rakovski_x3696_y2688.png", "label": "benchmark_mound", "subtype": "benchmark_mound", "cluster_size": 2, "origin_tiles": "K-35-062-2_Rakovski_x3648_y2688.png;K-35-062-2_Rakovski_x3648_y2880.png"}}, {"type": "Feature", "geometry": {"type": "Point", "coordinates": [325986.140014, 4687414.741596499]}, "properties": {"source_tile": "K-35-062-2_Rakovski_x2352_y0.png", "label": "burial_mound", "subtype": "burial_mound", "cluster_size": 1, "origin_tiles": "K-35-062-2_Rakovski_x2304_y192.png"}}, {"type": "Feature", "geometry": {"type": "Point", "coordinates": [331531.75679200003, 4684263.713471]}, "properties": {"source_tile": "K-35-062-2_Rakovski_x3360_y672.png", "label": "burial_mound", "subtype": "burial_mound", "cluster_size": 1, "origin_tiles": "K-35-062-2_Rakovski_x3264_y768.png"}}, {"type": "Feature", "geometry": {"type": "Point", "coordinates": [333769.275846875, 4683652.539284625]}, "properties": {"source_tile": "K-35-062-2_Rakovski_x3696_y1008.png", "label": "triangulation_mound", "subtype": "triangulation_mound", "cluster_size": 4, "origin_tiles": "K-35-062-2_Rakovski_x3648_y768.png;K-35-062-2_Rakovski_x3648_y960.png;K-35-062-2_Rakovski_x3840_y768.png;K-35-062-2_Rakovski_x3840_y960.png"}}, {"type": "Feature", "geometry": {"type": "Point", "coordinates": [334875.02654224995, 4681425.379115]}, "properties": {"source_tile": "K-35-062-2_Rakovski_x4032_y1344.png", "label": "burial_mound", "subtype": "burial_mound", "cluster_size": 2, "origin_tiles": "K-35-062-2_Rakovski_x3840_y1536.png;K-35-062-2_Rakovski_x4032_y1536.png"}}, {"type": "Feature", "geometry": {"type": "Point", "coordinates": [334709.76619875, 4680948.388618999]}, "properties": {"source_tile": "K-35-062-2_Rakovski_x4032_y1344.png", "label": "burial_mound", "subtype": "burial_mound", "cluster_size": 2, "origin_tiles": "K-35-062-2_Rakovski_x3840_y1536.png;K-35-062-2_Rakovski_x4032_y1536.png"}}, {"type": "Feature", "geometry": {"type": "Point", "coordinates": [333862.74671150005, 4681381.534534]}, "properties": {"source_tile": "K-35-062-2_Rakovski_x3696_y1344.png", "label": "burial_mound", "subtype": "burial_mound", "cluster_size": 1, "origin_tiles": "K-35-062-2_Rakovski_x3840_y1536.png"}}, {"type": "Feature", "geometry": {"type": "Point", "coordinates": [334499.697657, 4681055.8319325]}, "properties": {"source_tile": "K-35-062-2_Rakovski_x4032_y1344.png", "label": "burial_mound", "subtype": "burial_mound", "cluster_size": 1, "origin_tiles": "K-35-062-2_Rakovski_x3840_y1536.png"}}, {"type": "Feature", "geometry": {"type": "Point", "coordinates": [323814.146927, 4680495.0067435]}, "properties": {"source_tile": "K-35-062-2_Rakovski_x1680_y1680.png", "label": "burial_mound", "subtype": "burial_mound", "cluster_size": 1, "origin_tiles": "K-35-062-2_Rakovski_x1728_y1536.png"}}, {"type": "Feature", "geometry": {"type": "Point", "coordinates": [333088.96212900005, 4670655.511883]}, "properties": {"source_tile": "K-35-062-2_Rakovski_x3696_y3360.png", "label": "triangulation_mound", "subtype": "triangulation_mound", "cluster_size": 1, "origin_tiles": "K-35-062-2_Rakovski_x3648_y3648.png"}}, {"type": "Feature", "geometry": {"type": "Point", "coordinates": [334261.36301183334, 4682479.094483334]}, "properties": {"source_tile": "K-35-062-2_Rakovski_x3696_y1008.png", "label": "burial_mound", "subtype": "burial_mound", "cluster_size": 3, "origin_tiles": "K-35-062-2_Rakovski_x3840_y1152.png;K-35-062-2_Rakovski_x3840_y960.png;K-35-062-2_Rakovski_x4032_y1152.png"}}, {"type": "Feature", "geometry": {"type": "Point", "coordinates": [333654.9266098333, 4678623.983416833]}, "properties": {"source_tile": "K-35-062-2_Rakovski_x3696_y2016.png", "label": "burial_mound", "subtype": "burial_mound", "cluster_size": 3, "origin_tiles": "K-35-062-2_Rakovski_x3648_y1920.png;K-35-062-2_Rakovski_x3840_y1728.png;K-35-062-2_Rakovski_x3840_y1920.png"}}, {"type": "Feature", "geometry": {"type": "Point", "coordinates": [333912.85480425, 4678589.93561025]}, "properties": {"source_tile": "K-35-062-2_Rakovski_x3696_y2016.png", "label": "burial_mound", "subtype": "burial_mound", "cluster_size": 2, "origin_tiles": "K-35-062-2_Rakovski_x3648_y1920.png;K-35-062-2_Rakovski_x3840_y1920.png"}}, {"type": "Feature", "geometry": {"type": "Point", "coordinates": [334625.20879249997, 4670673.09789625]}, "properties": {"source_tile": "K-35-062-2_Rakovski_x4032_y3360.png", "label": "burial_mound", "subtype": "burial_mound", "cluster_size": 4, "origin_tiles": "K-35-062-2_Rakovski_x3840_y3456.png;K-35-062-2_Rakovski_x3840_y3648.png;K-35-062-2_Rakovski_x4032_y3456.png;K-35-062-2_Rakovski_x4032_y3648.png"}}, {"type": "Feature", "geometry": {"type": "Point", "coordinates": [334130.63228325, 4674955.171668125]}, "properties": {"source_tile": "K-35-062-2_Rakovski_x3696_y2688.png", "label": "triangulation_mound", "subtype": "triangulation_mound", "cluster_size": 4, "origin_tiles": "K-35-062-2_Rakovski_x3648_y2496.png;K-35-062-2_Rakovski_x3648_y2688.png;K-35-062-2_Rakovski_x3840_y2496.png;K-35-062-2_Rakovski_x3840_y2688.png"}}, {"type": "Feature", "geometry": {"type": "Point", "coordinates": [334623.281558125, 4672555.524025875]}, "properties": {"source_tile": "K-35-062-2_Rakovski_x4032_y3024.png", "label": "burial_mound", "subtype": "burial_mound", "cluster_size": 4, "origin_tiles": "K-35-062-2_Rakovski_x3840_y3072.png;K-35-062-2_Rakovski_x3840_y3264.png;K-35-062-2_Rakovski_x4032_y3072.png;K-35-062-2_Rakovski_x4032_y3264.png"}}, {"type": "Feature", "geometry": {"type": "Point", "coordinates": [333921.5273585, 4678618.844125001]}, "properties": {"source_tile": "K-35-062-2_Rakovski_x3696_y2016.png", "label": "burial_mound", "subtype": "burial_mound", "cluster_size": 1, "origin_tiles": "K-35-062-2_Rakovski_x3840_y1728.png"}}, {"type": "Feature", "geometry": {"type": "Point", "coordinates": [334734.820244875, 4685374.764060875]}, "properties": {"source_tile": "K-35-062-2_Rakovski_x4032_y672.png", "label": "burial_mound", "subtype": "burial_mound", "cluster_size": 4, "origin_tiles": "K-35-062-2_Rakovski_x3840_y384.png;K-35-062-2_Rakovski_x3840_y576.png;K-35-062-2_Rakovski_x4032_y384.png;K-35-062-2_Rakovski_x4032_y576.png"}}, {"type": "Feature", "geometry": {"type": "Point", "coordinates": [334384.063597, 4670695.983804001]}, "properties": {"source_tile": "K-35-062-2_Rakovski_x4032_y3360.png", "label": "triangulation_mound", "subtype": "triangulation_mound", "cluster_size": 1, "origin_tiles": "K-35-062-2_Rakovski_x3840_y3648.png"}}, {"type": "Feature", "geometry": {"type": "Point", "coordinates": [333061.01723149995, 4686808.626400501]}, "properties": {"source_tile": "K-35-062-2_Rakovski_x3696_y336.png", "label": "burial_mound", "subtype": "burial_mound", "cluster_size": 1, "origin_tiles": "K-35-062-2_Rakovski_x3456_y384.png"}}, {"type": "Feature", "geometry": {"type": "Point", "coordinates": [334399.9632805, 4673102.13586225]}, "properties": {"source_tile": "K-35-062-2_Rakovski_x4032_y3024.png", "label": "burial_mound", "subtype": "burial_mound", "cluster_size": 2, "origin_tiles": "K-35-062-2_Rakovski_x3840_y2880.png;K-35-062-2_Rakovski_x4032_y2880.png"}}, {"type": "Feature", "geometry": {"type": "Point", "coordinates": [329749.06503899995, 4682533.0570445005]}, "properties": {"source_tile": "K-35-062-2_Rakovski_x3024_y1008.png", "label": "burial_mound", "subtype": "burial_mound", "cluster_size": 1, "origin_tiles": "K-35-062-2_Rakovski_x3072_y1152.png"}}, {"type": "Feature", "geometry": {"type": "Point", "coordinates": [334770.47407975, 4677525.62045275]}, "properties": {"source_tile": "K-35-062-2_Rakovski_x4032_y2016.png", "label": "triangulation_mound", "subtype": "triangulation_mound", "cluster_size": 2, "origin_tiles": "K-35-062-2_Rakovski_x3840_y2112.png;K-35-062-2_Rakovski_x3840_y2304.png"}}, {"type": "Feature", "geometry": {"type": "Point", "coordinates": [316886.7031365, 4687333.797755001]}, "properties": {"source_tile": "K-35-062-2_Rakovski_x336_y336.png", "label": "burial_mound", "subtype": "burial_mound", "cluster_size": 1, "origin_tiles": "K-35-062-2_Rakovski_x384_y192.png"}}, {"type": "Feature", "geometry": {"type": "Point", "coordinates": [334556.55106975004, 4679304.45773725]}, "properties": {"source_tile": "K-35-062-2_Rakovski_x4032_y1680.png", "label": "benchmark_mound", "subtype": "benchmark_mound", "cluster_size": 2, "origin_tiles": "K-35-062-2_Rakovski_x4032_y1728.png;K-35-062-2_Rakovski_x4032_y1920.png"}}, {"type": "Feature", "geometry": {"type": "Point", "coordinates": [334529.569789, 4687814.160910999]}, "properties": {"source_tile": "K-35-062-2_Rakovski_x4032_y0.png", "label": "burial_mound", "subtype": "burial_mound", "cluster_size": 2, "origin_tiles": "K-35-062-2_Rakovski_x4032_y0.png;K-35-062-2_Rakovski_x4032_y192.png"}}, {"type": "Feature", "geometry": {"type": "Point", "coordinates": [317642.90170537494, 4681064.745391375]}, "properties": {"source_tile": "K-35-062-2_Rakovski_x672_y1344.png", "label": "burial_mound", "subtype": "burial_mound", "cluster_size": 4, "origin_tiles": "K-35-062-2_Rakovski_x384_y1344.png;K-35-062-2_Rakovski_x384_y1536.png;K-35-062-2_Rakovski_x576_y1344.png;K-35-062-2_Rakovski_x576_y1536.png"}}, {"type": "Feature", "geometry": {"type": "Point", "coordinates": [317788.3275958333, 4679912.018358999]}, "properties": {"source_tile": "K-35-062-2_Rakovski_x672_y1680.png", "label": "burial_mound", "subtype": "burial_mound", "cluster_size": 3, "origin_tiles": "K-35-062-2_Rakovski_x384_y1536.png;K-35-062-2_Rakovski_x576_y1536.png;K-35-062-2_Rakovski_x576_y1728.png"}}, {"type": "Feature", "geometry": {"type": "Point", "coordinates": [334541.13319499994, 4680606.7863340005]}, "properties": {"source_tile": "K-35-062-2_Rakovski_x4032_y1680.png", "label": "burial_mound", "subtype": "burial_mound", "cluster_size": 1, "origin_tiles": "K-35-062-2_Rakovski_x4032_y1344.png"}}, {"type": "Feature", "geometry": {"type": "Point", "coordinates": [334434.17169, 4677005.748993001]}, "properties": {"source_tile": "K-35-062-2_Rakovski_x4032_y2352.png", "label": "triangulation_mound", "subtype": "triangulation_mound", "cluster_size": 1, "origin_tiles": "K-35-062-2_Rakovski_x4032_y2304.png"}}, {"type": "Feature", "geometry": {"type": "Point", "coordinates": [317149.7706215, 4689080.835673001]}, "properties": {"source_tile": "K-35-062-2_Rakovski_x336_y0.png", "label": "burial_mound", "subtype": "burial_mound", "cluster_size": 1, "origin_tiles": "K-35-062-2_Rakovski_x384_y0.png"}}, {"type": "Feature", "geometry": {"type": "Point", "coordinates": [334769.51046300004, 4677499.120981]}, "properties": {"source_tile": "K-35-062-2_Rakovski_x4032_y2016.png", "label": "triangulation_mound", "subtype": "triangulation_mound", "cluster_size": 1, "origin_tiles": "K-35-062-2_Rakovski_x4032_y2112.png"}}, {"type": "Feature", "geometry": {"type": "Point", "coordinates": [318202.7632775, 4682396.705216]}, "properties": {"source_tile": "K-35-062-2_Rakovski_x672_y1008.png", "label": "triangulation_mound", "subtype": "triangulation_mound", "cluster_size": 4, "origin_tiles": "K-35-062-2_Rakovski_x576_y1152.png;K-35-062-2_Rakovski_x576_y1344.png;K-35-062-2_Rakovski_x768_y1152.png;K-35-062-2_Rakovski_x768_y1344.png"}}, {"type": "Feature", "geometry": {"type": "Point", "coordinates": [316898.7483505, 4681925.0146142505]}, "properties": {"source_tile": "K-35-062-2_Rakovski_x336_y1344.png", "label": "burial_mound", "subtype": "burial_mound", "cluster_size": 2, "origin_tiles": "K-35-062-2_Rakovski_x384_y1152.png;K-35-062-2_Rakovski_x384_y1344.png"}}, {"type": "Feature", "geometry": {"type": "Point", "coordinates": [334493.915954, 4675428.307695999]}, "properties": {"source_tile": "K-35-062-2_Rakovski_x4032_y2688.png", "label": "burial_mound", "subtype": "burial_mound", "cluster_size": 1, "origin_tiles": "K-35-062-2_Rakovski_x4032_y2496.png"}}, {"type": "Feature", "geometry": {"type": "Point", "coordinates": [317669.160273125, 4683827.91760875]}, "properties": {"source_tile": "K-35-062-2_Rakovski_x672_y1008.png", "label": "burial_mound", "subtype": "burial_mound", "cluster_size": 4, "origin_tiles": "K-35-062-2_Rakovski_x384_y768.png;K-35-062-2_Rakovski_x384_y960.png;K-35-062-2_Rakovski_x576_y768.png;K-35-062-2_Rakovski_x576_y960.png"}}, {"type": "Feature", "geometry": {"type": "Point", "coordinates": [423531.337552, 4702292.816303]}, "properties": {"source_tile": "K-35-053-3_Elenovo_x1008_y672.png", "label": "burial_mound", "subtype": "burial_mound", "cluster_size": 1, "origin_tiles": "K-35-053-3_Elenovo_x960_y384.png"}}, {"type": "Feature", "geometry": {"type": "Point", "coordinates": [329357.8364705, 4671375.3339045]}, "properties": {"source_tile": "K-35-062-2_Rakovski_x3024_y3360.png", "label": "burial_mound", "subtype": "burial_mound", "cluster_size": 1, "origin_tiles": "K-35-062-2_Rakovski_x2880_y3264.png"}}, {"type": "Feature", "geometry": {"type": "Point", "coordinates": [318549.9063605, 4688043.9836045]}, "properties": {"source_tile": "K-35-062-2_Rakovski_x672_y0.png", "label": "benchmark_mound", "subtype": "benchmark_mound", "cluster_size": 1, "origin_tiles": "K-35-062-2_Rakovski_x768_y0.png"}}, {"type": "Feature", "geometry": {"type": "Point", "coordinates": [318714.68489549996, 4686232.3833365]}, "properties": {"source_tile": "K-35-062-2_Rakovski_x672_y336.png", "label": "burial_mound", "subtype": "burial_mound", "cluster_size": 1, "origin_tiles": "K-35-062-2_Rakovski_x576_y384.png"}}, {"type": "Feature", "geometry": {"type": "Point", "coordinates": [319051.9509035, 4679572.8251175005]}, "properties": {"source_tile": "K-35-062-2_Rakovski_x672_y1680.png", "label": "benchmark_mound", "subtype": "benchmark_mound", "cluster_size": 1, "origin_tiles": "K-35-062-2_Rakovski_x768_y1728.png"}}, {"type": "Feature", "geometry": {"type": "Point", "coordinates": [317865.7381745, 4684489.19988725]}, "properties": {"source_tile": "K-35-062-2_Rakovski_x672_y672.png", "label": "burial_mound", "subtype": "burial_mound", "cluster_size": 2, "origin_tiles": "K-35-062-2_Rakovski_x576_y576.png;K-35-062-2_Rakovski_x576_y768.png"}}, {"type": "Feature", "geometry": {"type": "Point", "coordinates": [317922.591587, 4678947.437578]}, "properties": {"source_tile": "K-35-062-2_Rakovski_x672_y2016.png", "label": "triangulation_mound", "subtype": "triangulation_mound", "cluster_size": 1, "origin_tiles": "K-35-062-2_Rakovski_x576_y1920.png"}}, {"type": "Feature", "geometry": {"type": "Point", "coordinates": [317379.1115065, 4687778.9888845]}, "properties": {"source_tile": "K-35-062-2_Rakovski_x336_y0.png", "label": "burial_mound", "subtype": "burial_mound", "cluster_size": 1, "origin_tiles": "K-35-062-2_Rakovski_x576_y192.png"}}, {"type": "Feature", "geometry": {"type": "Point", "coordinates": [334486.2070165, 4675616.2130425]}, "properties": {"source_tile": "K-35-062-2_Rakovski_x4032_y2352.png", "label": "burial_mound", "subtype": "burial_mound", "cluster_size": 1, "origin_tiles": "K-35-062-2_Rakovski_x4032_y2688.png"}}, {"type": "Feature", "geometry": {"type": "Point", "coordinates": [319357.417544, 4679887.927930001]}, "properties": {"source_tile": "K-35-062-2_Rakovski_x1008_y1680.png", "label": "burial_mound", "subtype": "burial_mound", "cluster_size": 1, "origin_tiles": "K-35-062-2_Rakovski_x768_y1536.png"}}, {"type": "Feature", "geometry": {"type": "Point", "coordinates": [330447.68748300005, 4686988.82281]}, "properties": {"source_tile": "K-35-062-2_Rakovski_x3024_y336.png", "label": "burial_mound", "subtype": "burial_mound", "cluster_size": 1, "origin_tiles": "K-35-062-2_Rakovski_x3072_y192.png"}}, {"type": "Feature", "geometry": {"type": "Point", "coordinates": [330535.376645, 4687000.386216]}, "properties": {"source_tile": "K-35-062-2_Rakovski_x3024_y336.png", "label": "burial_mound", "subtype": "burial_mound", "cluster_size": 1, "origin_tiles": "K-35-062-2_Rakovski_x3072_y192.png"}}, {"type": "Feature", "geometry": {"type": "Point", "coordinates": [330705.936883, 4687005.204302]}, "properties": {"source_tile": "K-35-062-2_Rakovski_x3024_y336.png", "label": "burial_mound", "subtype": "burial_mound", "cluster_size": 1, "origin_tiles": "K-35-062-2_Rakovski_x3072_y192.png"}}, {"type": "Feature", "geometry": {"type": "Point", "coordinates": [330684.7373055, 4686914.6242885]}, "properties": {"source_tile": "K-35-062-2_Rakovski_x3024_y336.png", "label": "burial_mound", "subtype": "burial_mound", "cluster_size": 1, "origin_tiles": "K-35-062-2_Rakovski_x3072_y192.png"}}, {"type": "Feature", "geometry": {"type": "Point", "coordinates": [319582.1812475, 4685920.653184]}, "properties": {"source_tile": "K-35-062-2_Rakovski_x1008_y336.png", "label": "burial_mound", "subtype": "burial_mound", "cluster_size": 4, "origin_tiles": "K-35-062-2_Rakovski_x768_y384.png;K-35-062-2_Rakovski_x768_y576.png;K-35-062-2_Rakovski_x960_y384.png;K-35-062-2_Rakovski_x960_y576.png"}}, {"type": "Feature", "geometry": {"type": "Point", "coordinates": [318502.20731125, 4683696.624770249]}, "properties": {"source_tile": "K-35-062-2_Rakovski_x672_y1008.png", "label": "burial_mound", "subtype": "burial_mound", "cluster_size": 4, "origin_tiles": "K-35-062-2_Rakovski_x576_y768.png;K-35-062-2_Rakovski_x576_y960.png;K-35-062-2_Rakovski_x768_y768.png;K-35-062-2_Rakovski_x768_y960.png"}}, {"type": "Feature", "geometry": {"type": "Point", "coordinates": [319237.2866043334, 4687328.979669333]}, "properties": {"source_tile": "K-35-062-2_Rakovski_x1008_y336.png", "label": "burial_mound", "subtype": "burial_mound", "cluster_size": 3, "origin_tiles": "K-35-062-2_Rakovski_x768_y192.png;K-35-062-2_Rakovski_x960_y0.png;K-35-062-2_Rakovski_x960_y192.png"}}, {"type": "Feature", "geometry": {"type": "Point", "coordinates": [318448.7265585, 4677776.642724]}, "properties": {"source_tile": "K-35-062-2_Rakovski_x672_y2016.png", "label": "benchmark_mound", "subtype": "benchmark_mound", "cluster_size": 1, "origin_tiles": "K-35-062-2_Rakovski_x768_y1920.png"}}, {"type": "Feature", "geometry": {"type": "Point", "coordinates": [334961.27027850004, 4683648.9257205]}, "properties": {"source_tile": "K-35-062-2_Rakovski_x4032_y1008.png", "label": "burial_mound", "subtype": "burial_mound", "cluster_size": 1, "origin_tiles": "K-35-062-2_Rakovski_x4032_y960.png"}}, {"type": "Feature", "geometry": {"type": "Point", "coordinates": [316752.7603505, 4681861.415881501]}, "properties": {"source_tile": "K-35-062-2_Rakovski_x336_y1344.png", "label": "burial_mound", "subtype": "burial_mound", "cluster_size": 1, "origin_tiles": "K-35-062-2_Rakovski_x384_y1344.png"}}, {"type": "Feature", "geometry": {"type": "Point", "coordinates": [332898.1659305, 4678074.400427499]}, "properties": {"source_tile": "K-35-062-2_Rakovski_x3696_y2016.png", "label": "burial_mound", "subtype": "burial_mound", "cluster_size": 1, "origin_tiles": "K-35-062-2_Rakovski_x3648_y2112.png"}}, {"type": "Feature", "geometry": {"type": "Point", "coordinates": [458792.4573305, 4648101.9425275]}, "properties": {"source_tile": "K-35-078-1_Lesovo_x0_y0.png", "label": "triangulation_mound", "subtype": "triangulation_mound", "cluster_size": 1, "origin_tiles": "K-35-078-1_Lesovo_x0_y0.png"}}, {"type": "Feature", "geometry": {"type": "Point", "coordinates": [459481.56775933335, 4636361.948132999]}, "properties": {"source_tile": "K-35-078-1_Lesovo_x0_y2352.png", "label": "burial_mound", "subtype": "burial_mound", "cluster_size": 3, "origin_tiles": "K-35-078-1_Lesovo_x0_y2304.png;K-35-078-1_Lesovo_x0_y2496.png;K-35-078-1_Lesovo_x192_y2304.png"}}, {"type": "Feature", "geometry": {"type": "Point", "coordinates": [319436.434152, 4678424.193458]}, "properties": {"source_tile": "K-35-062-2_Rakovski_x1008_y2016.png", "label": "burial_mound", "subtype": "burial_mound", "cluster_size": 1, "origin_tiles": "K-35-062-2_Rakovski_x960_y1920.png"}}, {"type": "Feature", "geometry": {"type": "Point", "coordinates": [459760.43207299995, 4636191.602611001]}, "properties": {"source_tile": "K-35-078-1_Lesovo_x0_y2688.png", "label": "burial_mound", "subtype": "burial_mound", "cluster_size": 1, "origin_tiles": "K-35-078-1_Lesovo_x0_y2496.png"}}, {"type": "Feature", "geometry": {"type": "Point", "coordinates": [459004.02067249996, 4635853.487681501]}, "properties": {"source_tile": "K-35-078-1_Lesovo_x0_y2688.png", "label": "burial_mound", "subtype": "burial_mound", "cluster_size": 1, "origin_tiles": "K-35-078-1_Lesovo_x0_y2496.png"}}, {"type": "Feature", "geometry": {"type": "Point", "coordinates": [334915.98027199996, 4683482.219951]}, "properties": {"source_tile": "K-35-062-2_Rakovski_x4032_y1008.png", "label": "burial_mound", "subtype": "burial_mound", "cluster_size": 1, "origin_tiles": "K-35-062-2_Rakovski_x4032_y768.png"}}, {"type": "Feature", "geometry": {"type": "Point", "coordinates": [458508.44079, 4641379.2516785]}, "properties": {"source_tile": "K-35-078-1_Lesovo_x0_y1344.png", "label": "burial_mound", "subtype": "burial_mound", "cluster_size": 1, "origin_tiles": "K-35-078-1_Lesovo_x0_y1536.png"}}, {"type": "Feature", "geometry": {"type": "Point", "coordinates": [458993.39420299995, 4641035.340492501]}, "properties": {"source_tile": "K-35-078-1_Lesovo_x0_y1680.png", "label": "burial_mound", "subtype": "burial_mound", "cluster_size": 1, "origin_tiles": "K-35-078-1_Lesovo_x0_y1536.png"}}, {"type": "Feature", "geometry": {"type": "Point", "coordinates": [459233.93882499996, 4640806.388383]}, "properties": {"source_tile": "K-35-078-1_Lesovo_x0_y1680.png", "label": "burial_mound", "subtype": "burial_mound", "cluster_size": 1, "origin_tiles": "K-35-078-1_Lesovo_x0_y1536.png"}}, {"type": "Feature", "geometry": {"type": "Point", "coordinates": [459464.3399985001, 4640654.71968575]}, "properties": {"source_tile": "K-35-078-1_Lesovo_x0_y1680.png", "label": "burial_mound", "subtype": "burial_mound", "cluster_size": 2, "origin_tiles": "K-35-078-1_Lesovo_x0_y1536.png;K-35-078-1_Lesovo_x0_y1728.png"}}, {"type": "Feature", "geometry": {"type": "Point", "coordinates": [459405.89441800007, 4640804.456298]}, "properties": {"source_tile": "K-35-078-1_Lesovo_x0_y1680.png", "label": "burial_mound", "subtype": "burial_mound", "cluster_size": 1, "origin_tiles": "K-35-078-1_Lesovo_x0_y1536.png"}}, {"type": "Feature", "geometry": {"type": "Point", "coordinates": [460256.97799849993, 4640281.8272205]}, "properties": {"source_tile": "K-35-078-1_Lesovo_x336_y1680.png", "label": "burial_mound", "subtype": "burial_mound", "cluster_size": 1, "origin_tiles": "K-35-078-1_Lesovo_x0_y1536.png"}}, {"type": "Feature", "geometry": {"type": "Point", "coordinates": [460202.39658825, 4633567.34773375]}, "properties": {"source_tile": "K-35-078-1_Lesovo_x336_y3024.png", "label": "burial_mound", "subtype": "burial_mound", "cluster_size": 2, "origin_tiles": "K-35-078-1_Lesovo_x0_y2880.png;K-35-078-1_Lesovo_x192_y3072.png"}}, {"type": "Feature", "geometry": {"type": "Point", "coordinates": [320572.53878799995, 4686261.2918515]}, "properties": {"source_tile": "K-35-062-2_Rakovski_x1008_y336.png", "label": "burial_mound", "subtype": "burial_mound", "cluster_size": 1, "origin_tiles": "K-35-062-2_Rakovski_x960_y576.png"}}, {"type": "Feature", "geometry": {"type": "Point", "coordinates": [458555.77688, 4643520.9682485005]}, "properties": {"source_tile": "K-35-078-1_Lesovo_x0_y1008.png", "label": "burial_mound", "subtype": "burial_mound", "cluster_size": 1, "origin_tiles": "K-35-078-1_Lesovo_x0_y1152.png"}}, {"type": "Feature", "geometry": {"type": "Point", "coordinates": [464614.7964235, 4638503.020674833]}, "properties": {"source_tile": "K-35-078-1_Lesovo_x1008_y2016.png", "label": "triangulation_mound", "subtype": "triangulation_mound", "cluster_size": 3, "origin_tiles": "K-35-078-1_Lesovo_x1152_y1920.png;K-35-078-1_Lesovo_x960_y1920.png;K-35-078-1_Lesovo_x960_y2112.png"}}, {"type": "Feature", "geometry": {"type": "Point", "coordinates": [458679.43034, 4639697.371413]}, "properties": {"source_tile": "K-35-078-1_Lesovo_x0_y1680.png", "label": "benchmark_mound", "subtype": "benchmark_mound", "cluster_size": 1, "origin_tiles": "K-35-078-1_Lesovo_x0_y1920.png"}}, {"type": "Feature", "geometry": {"type": "Point", "coordinates": [459060.534168, 4632373.8020315]}, "properties": {"source_tile": "K-35-078-1_Lesovo_x0_y3360.png", "label": "burial_mound", "subtype": "burial_mound", "cluster_size": 2, "origin_tiles": "K-35-078-1_Lesovo_x0_y3264.png;K-35-078-1_Lesovo_x0_y3456.png"}}, {"type": "Feature", "geometry": {"type": "Point", "coordinates": [459274.99563775, 4631923.143132]}, "properties": {"source_tile": "K-35-078-1_Lesovo_x0_y3360.png", "label": "burial_mound", "subtype": "burial_mound", "cluster_size": 2, "origin_tiles": "K-35-078-1_Lesovo_x0_y3264.png;K-35-078-1_Lesovo_x0_y3456.png"}}, {"type": "Feature", "geometry": {"type": "Point", "coordinates": [464347.20260749996, 4636405.0980385]}, "properties": {"source_tile": "K-35-078-1_Lesovo_x1008_y2352.png", "label": "burial_mound", "subtype": "burial_mound", "cluster_size": 1, "origin_tiles": "K-35-078-1_Lesovo_x1152_y2496.png"}}, {"type": "Feature", "geometry": {"type": "Point", "coordinates": [460168.102074, 4633531.121134499]}, "properties": {"source_tile": "K-35-078-1_Lesovo_x336_y3024.png", "label": "burial_mound", "subtype": "burial_mound", "cluster_size": 1, "origin_tiles": "K-35-078-1_Lesovo_x0_y3072.png"}}, {"type": "Feature", "geometry": {"type": "Point", "coordinates": [459676.38636174996, 4647732.9142325]}, "properties": {"source_tile": "K-35-078-1_Lesovo_x0_y336.png", "label": "burial_mound", "subtype": "burial_mound", "cluster_size": 2, "origin_tiles": "K-35-078-1_Lesovo_x0_y192.png;K-35-078-1_Lesovo_x192_y192.png"}}, {"type": "Feature", "geometry": {"type": "Point", "coordinates": [459212.68588650005, 4648201.444921]}, "properties": {"source_tile": "K-35-078-1_Lesovo_x0_y0.png", "label": "burial_mound", "subtype": "burial_mound", "cluster_size": 1, "origin_tiles": "K-35-078-1_Lesovo_x0_y192.png"}}, {"type": "Feature", "geometry": {"type": "Point", "coordinates": [459848.824976, 4647408.806921]}, "properties": {"source_tile": "K-35-078-1_Lesovo_x0_y336.png", "label": "burial_mound", "subtype": "burial_mound", "cluster_size": 2, "origin_tiles": "K-35-078-1_Lesovo_x0_y192.png;K-35-078-1_Lesovo_x192_y384.png"}}, {"type": "Feature", "geometry": {"type": "Point", "coordinates": [459156.65541249997, 4647115.6129745]}, "properties": {"source_tile": "K-35-078-1_Lesovo_x0_y336.png", "label": "burial_mound", "subtype": "burial_mound", "cluster_size": 1, "origin_tiles": "K-35-078-1_Lesovo_x0_y192.png"}}, {"type": "Feature", "geometry": {"type": "Point", "coordinates": [458862.9784449999, 4647285.636482]}, "properties": {"source_tile": "K-35-078-1_Lesovo_x0_y336.png", "label": "burial_mound", "subtype": "burial_mound", "cluster_size": 1, "origin_tiles": "K-35-078-1_Lesovo_x0_y192.png"}}, {"type": "Feature", "geometry": {"type": "Point", "coordinates": [458928.6693455, 4647955.1040435]}, "properties": {"source_tile": "K-35-078-1_Lesovo_x0_y336.png", "label": "burial_mound", "subtype": "burial_mound", "cluster_size": 1, "origin_tiles": "K-35-078-1_Lesovo_x0_y192.png"}}, {"type": "Feature", "geometry": {"type": "Point", "coordinates": [330619.69314650004, 4673024.08287175]}, "properties": {"source_tile": "K-35-062-2_Rakovski_x3024_y3024.png", "label": "settlement_mound", "subtype": "settlement_mound", "cluster_size": 2, "origin_tiles": "K-35-062-2_Rakovski_x3072_y2880.png;K-35-062-2_Rakovski_x3264_y2880.png"}}, {"type": "Feature", "geometry": {"type": "Point", "coordinates": [326246.3166485, 4670640.0940085]}, "properties": {"source_tile": "K-35-062-2_Rakovski_x2352_y3360.png", "label": "burial_mound", "subtype": "burial_mound", "cluster_size": 1, "origin_tiles": "K-35-062-2_Rakovski_x2304_y3648.png"}}, {"type": "Feature", "geometry": {"type": "Point", "coordinates": [319593.7446535, 4687206.11848075]}, "properties": {"source_tile": "K-35-062-2_Rakovski_x1008_y336.png", "label": "burial_mound", "subtype": "burial_mound", "cluster_size": 4, "origin_tiles": "K-35-062-2_Rakovski_x768_y192.png;K-35-062-2_Rakovski_x768_y384.png;K-35-062-2_Rakovski_x960_y192.png;K-35-062-2_Rakovski_x960_y384.png"}}, {"type": "Feature", "geometry": {"type": "Point", "coordinates": [319181.557412, 4686815.37172075]}, "properties": {"source_tile": "K-35-062-2_Rakovski_x672_y336.png", "label": "burial_mound", "subtype": "burial_mound", "cluster_size": 4, "origin_tiles": "K-35-062-2_Rakovski_x768_y192.png;K-35-062-2_Rakovski_x768_y384.png;K-35-062-2_Rakovski_x960_y192.png;K-35-062-2_Rakovski_x960_y384.png"}}, {"type": "Feature", "geometry": {"type": "Point", "coordinates": [319557.36810562504, 4686643.847865751]}, "properties": {"source_tile": "K-35-062-2_Rakovski_x1008_y336.png", "label": "burial_mound", "subtype": "burial_mound", "cluster_size": 4, "origin_tiles": "K-35-062-2_Rakovski_x768_y192.png;K-35-062-2_Rakovski_x768_y384.png;K-35-062-2_Rakovski_x960_y192.png;K-35-062-2_Rakovski_x960_y384.png"}}, {"type": "Feature", "geometry": {"type": "Point", "coordinates": [327566.472163, 4676150.0569515005]}, "properties": {"source_tile": "K-35-062-2_Rakovski_x2352_y2352.png", "label": "benchmark_mound", "subtype": "benchmark_mound", "cluster_size": 1, "origin_tiles": "K-35-062-2_Rakovski_x2688_y2496.png"}}, {"type": "Feature", "geometry": {"type": "Point", "coordinates": [459413.62275899993, 4645598.44298225]}, "properties": {"source_tile": "K-35-078-1_Lesovo_x0_y672.png", "label": "triangulation_mound", "subtype": "triangulation_mound", "cluster_size": 2, "origin_tiles": "K-35-078-1_Lesovo_x0_y576.png;K-35-078-1_Lesovo_x192_y576.png"}}, {"type": "Feature", "geometry": {"type": "Point", "coordinates": [458760.5779230001, 4644369.153701]}, "properties": {"source_tile": "K-35-078-1_Lesovo_x0_y1008.png", "label": "triangulation_mound", "subtype": "triangulation_mound", "cluster_size": 1, "origin_tiles": "K-35-078-1_Lesovo_x0_y960.png"}}, {"type": "Feature", "geometry": {"type": "Point", "coordinates": [423952.658496, 4692587.043862999]}, "properties": {"source_tile": "K-35-053-3_Elenovo_x1008_y2352.png", "label": "burial_mound", "subtype": "burial_mound", "cluster_size": 1, "origin_tiles": "K-35-053-3_Elenovo_x1152_y2304.png"}}, {"type": "Feature", "geometry": {"type": "Point", "coordinates": [464669.3778335, 4638310.617179]}, "properties": {"source_tile": "K-35-078-1_Lesovo_x1008_y2016.png", "label": "burial_mound", "subtype": "burial_mound", "cluster_size": 2, "origin_tiles": "K-35-078-1_Lesovo_x1152_y2112.png;K-35-078-1_Lesovo_x960_y2112.png"}}, {"type": "Feature", "geometry": {"type": "Point", "coordinates": [465151.9161405, 4638276.322664499]}, "properties": {"source_tile": "K-35-078-1_Lesovo_x1008_y2016.png", "label": "burial_mound", "subtype": "burial_mound", "cluster_size": 1, "origin_tiles": "K-35-078-1_Lesovo_x1152_y2112.png"}}, {"type": "Feature", "geometry": {"type": "Point", "coordinates": [465794.3345075, 4637923.717095001]}, "properties": {"source_tile": "K-35-078-1_Lesovo_x1344_y2016.png", "label": "burial_mound", "subtype": "burial_mound", "cluster_size": 1, "origin_tiles": "K-35-078-1_Lesovo_x1152_y2112.png"}}, {"type": "Feature", "geometry": {"type": "Point", "coordinates": [465316.14339250006, 4637833.8751275]}, "properties": {"source_tile": "K-35-078-1_Lesovo_x1344_y2352.png", "label": "burial_mound", "subtype": "burial_mound", "cluster_size": 1, "origin_tiles": "K-35-078-1_Lesovo_x1152_y2112.png"}}, {"type": "Feature", "geometry": {"type": "Point", "coordinates": [465177.03324950003, 4637640.666596501]}, "properties": {"source_tile": "K-35-078-1_Lesovo_x1008_y2352.png", "label": "burial_mound", "subtype": "burial_mound", "cluster_size": 1, "origin_tiles": "K-35-078-1_Lesovo_x1152_y2112.png"}}, {"type": "Feature", "geometry": {"type": "Point", "coordinates": [465122.93486050004, 4637682.206431]}, "properties": {"source_tile": "K-35-078-1_Lesovo_x1008_y2352.png", "label": "burial_mound", "subtype": "burial_mound", "cluster_size": 1, "origin_tiles": "K-35-078-1_Lesovo_x1152_y2112.png"}}, {"type": "Feature", "geometry": {"type": "Point", "coordinates": [464381.980143, 4637653.225151001]}, "properties": {"source_tile": "K-35-078-1_Lesovo_x1008_y2352.png", "label": "burial_mound", "subtype": "burial_mound", "cluster_size": 1, "origin_tiles": "K-35-078-1_Lesovo_x1152_y2112.png"}}, {"type": "Feature", "geometry": {"type": "Point", "coordinates": [465477.4725159999, 4638505.274774499]}, "properties": {"source_tile": "K-35-078-1_Lesovo_x1344_y2016.png", "label": "burial_mound", "subtype": "burial_mound", "cluster_size": 1, "origin_tiles": "K-35-078-1_Lesovo_x1152_y2112.png"}}, {"type": "Feature", "geometry": {"type": "Point", "coordinates": [465206.980572, 4638942.892097499]}, "properties": {"source_tile": "K-35-078-1_Lesovo_x1008_y2016.png", "label": "burial_mound", "subtype": "burial_mound", "cluster_size": 1, "origin_tiles": "K-35-078-1_Lesovo_x1152_y2112.png"}}, {"type": "Feature", "geometry": {"type": "Point", "coordinates": [464550.0715655, 4638415.4328075]}, "properties": {"source_tile": "K-35-078-1_Lesovo_x1008_y2016.png", "label": "burial_mound", "subtype": "burial_mound", "cluster_size": 1, "origin_tiles": "K-35-078-1_Lesovo_x1152_y2112.png"}}, {"type": "Feature", "geometry": {"type": "Point", "coordinates": [465718.50015875, 4635703.751069499]}, "properties": {"source_tile": "K-35-078-1_Lesovo_x1344_y2688.png", "label": "settlement_mound", "subtype": "settlement_mound", "cluster_size": 2, "origin_tiles": "K-35-078-1_Lesovo_x1152_y2688.png;K-35-078-1_Lesovo_x1344_y2496.png"}}, {"type": "Feature", "geometry": {"type": "Point", "coordinates": [466531.4250545, 4636777.990504]}, "properties": {"source_tile": "K-35-078-1_Lesovo_x1344_y2352.png", "label": "burial_mound", "subtype": "burial_mound", "cluster_size": 1, "origin_tiles": "K-35-078-1_Lesovo_x1536_y2304.png"}}, {"type": "Feature", "geometry": {"type": "Point", "coordinates": [466202.0045085, 4638714.9060309995]}, "properties": {"source_tile": "K-35-078-1_Lesovo_x1344_y2016.png", "label": "burial_mound", "subtype": "burial_mound", "cluster_size": 1, "origin_tiles": "K-35-078-1_Lesovo_x1344_y2112.png"}}, {"type": "Feature", "geometry": {"type": "Point", "coordinates": [466820.271809, 4638501.4106035]}, "properties": {"source_tile": "K-35-078-1_Lesovo_x1344_y2016.png", "label": "burial_mound", "subtype": "burial_mound", "cluster_size": 1, "origin_tiles": "K-35-078-1_Lesovo_x1344_y2112.png"}}, {"type": "Feature", "geometry": {"type": "Point", "coordinates": [466072.5547924999, 4638273.424536999]}, "properties": {"source_tile": "K-35-078-1_Lesovo_x1344_y2016.png", "label": "burial_mound", "subtype": "burial_mound", "cluster_size": 1, "origin_tiles": "K-35-078-1_Lesovo_x1344_y2112.png"}}, {"type": "Feature", "geometry": {"type": "Point", "coordinates": [465999.1355505, 4637992.3061235]}, "properties": {"source_tile": "K-35-078-1_Lesovo_x1344_y2016.png", "label": "burial_mound", "subtype": "burial_mound", "cluster_size": 1, "origin_tiles": "K-35-078-1_Lesovo_x1344_y2112.png"}}, {"type": "Feature", "geometry": {"type": "Point", "coordinates": [466455.10768450005, 4637995.2042515]}, "properties": {"source_tile": "K-35-078-1_Lesovo_x1344_y2016.png", "label": "burial_mound", "subtype": "burial_mound", "cluster_size": 1, "origin_tiles": "K-35-078-1_Lesovo_x1344_y2112.png"}}, {"type": "Feature", "geometry": {"type": "Point", "coordinates": [466287.0162625, 4637562.417141501]}, "properties": {"source_tile": "K-35-078-1_Lesovo_x1344_y2352.png", "label": "burial_mound", "subtype": "burial_mound", "cluster_size": 1, "origin_tiles": "K-35-078-1_Lesovo_x1344_y2112.png"}}, {"type": "Feature", "geometry": {"type": "Point", "coordinates": [317891.755838, 4688696.352425]}, "properties": {"source_tile": "K-35-062-2_Rakovski_x672_y0.png", "label": "burial_mound", "subtype": "burial_mound", "cluster_size": 1, "origin_tiles": "K-35-062-2_Rakovski_x576_y0.png"}}, {"type": "Feature", "geometry": {"type": "Point", "coordinates": [459381.7433515001, 4645805.659131999]}, "properties": {"source_tile": "K-35-078-1_Lesovo_x0_y672.png", "label": "burial_mound", "subtype": "burial_mound", "cluster_size": 1, "origin_tiles": "K-35-078-1_Lesovo_x0_y768.png"}}, {"type": "Feature", "geometry": {"type": "Point", "coordinates": [460195.1512685, 4644793.246427501]}, "properties": {"source_tile": "K-35-078-1_Lesovo_x336_y672.png", "label": "burial_mound", "subtype": "burial_mound", "cluster_size": 1, "origin_tiles": "K-35-078-1_Lesovo_x0_y768.png"}}, {"type": "Feature", "geometry": {"type": "Point", "coordinates": [460222.2004629999, 4644771.9934895]}, "properties": {"source_tile": "K-35-078-1_Lesovo_x336_y672.png", "label": "burial_mound", "subtype": "burial_mound", "cluster_size": 1, "origin_tiles": "K-35-078-1_Lesovo_x0_y768.png"}}, {"type": "Feature", "geometry": {"type": "Point", "coordinates": [460212.540036, 4644731.4196975]}, "properties": {"source_tile": "K-35-078-1_Lesovo_x336_y672.png", "label": "burial_mound", "subtype": "burial_mound", "cluster_size": 1, "origin_tiles": "K-35-078-1_Lesovo_x0_y768.png"}}, {"type": "Feature", "geometry": {"type": "Point", "coordinates": [460255.045913, 4644771.9934895]}, "properties": {"source_tile": "K-35-078-1_Lesovo_x336_y672.png", "label": "burial_mound", "subtype": "burial_mound", "cluster_size": 1, "origin_tiles": "K-35-078-1_Lesovo_x0_y768.png"}}, {"type": "Feature", "geometry": {"type": "Point", "coordinates": [459229.10861200007, 4645881.010459499]}, "properties": {"source_tile": "K-35-078-1_Lesovo_x0_y672.png", "label": "burial_mound", "subtype": "burial_mound", "cluster_size": 1, "origin_tiles": "K-35-078-1_Lesovo_x0_y768.png"}}, {"type": "Feature", "geometry": {"type": "Point", "coordinates": [459258.089891, 4645857.825435501]}, "properties": {"source_tile": "K-35-078-1_Lesovo_x0_y672.png", "label": "burial_mound", "subtype": "burial_mound", "cluster_size": 1, "origin_tiles": "K-35-078-1_Lesovo_x0_y768.png"}}, {"type": "Feature", "geometry": {"type": "Point", "coordinates": [459285.139086, 4645828.8441555]}, "properties": {"source_tile": "K-35-078-1_Lesovo_x0_y672.png", "label": "burial_mound", "subtype": "burial_mound", "cluster_size": 1, "origin_tiles": "K-35-078-1_Lesovo_x0_y768.png"}}, {"type": "Feature", "geometry": {"type": "Point", "coordinates": [465661.0206204999, 4639384.373592]}, "properties": {"source_tile": "K-35-078-1_Lesovo_x1344_y2016.png", "label": "triangulation_mound", "subtype": "triangulation_mound", "cluster_size": 1, "origin_tiles": "K-35-078-1_Lesovo_x1344_y1920.png"}}, {"type": "Feature", "geometry": {"type": "Point", "coordinates": [467149.69235499995, 4636379.0148869995]}, "properties": {"source_tile": "K-35-078-1_Lesovo_x1680_y2352.png", "label": "burial_mound", "subtype": "burial_mound", "cluster_size": 1, "origin_tiles": "K-35-078-1_Lesovo_x1728_y2496.png"}}, {"type": "Feature", "geometry": {"type": "Point", "coordinates": [320596.629217, 4686258.4010005]}, "properties": {"source_tile": "K-35-062-2_Rakovski_x1008_y336.png", "label": "burial_mound", "subtype": "burial_mound", "cluster_size": 1, "origin_tiles": "K-35-062-2_Rakovski_x960_y384.png"}}, {"type": "Feature", "geometry": {"type": "Point", "coordinates": [465408.400466, 4640191.502231751]}, "properties": {"source_tile": "K-35-078-1_Lesovo_x1344_y1680.png", "label": "burial_mound", "subtype": "burial_mound", "cluster_size": 2, "origin_tiles": "K-35-078-1_Lesovo_x1152_y1728.png;K-35-078-1_Lesovo_x1344_y1728.png"}}, {"type": "Feature", "geometry": {"type": "Point", "coordinates": [465693.866071, 4640707.852032]}, "properties": {"source_tile": "K-35-078-1_Lesovo_x1344_y1680.png", "label": "burial_mound", "subtype": "burial_mound", "cluster_size": 1, "origin_tiles": "K-35-078-1_Lesovo_x1152_y1728.png"}}, {"type": "Feature", "geometry": {"type": "Point", "coordinates": [465174.135122, 4640475.0357515]}, "properties": {"source_tile": "K-35-078-1_Lesovo_x1008_y1680.png", "label": "burial_mound", "subtype": "burial_mound", "cluster_size": 1, "origin_tiles": "K-35-078-1_Lesovo_x1152_y1728.png"}}, {"type": "Feature", "geometry": {"type": "Point", "coordinates": [465640.73372450005, 4640254.7780255005]}, "properties": {"source_tile": "K-35-078-1_Lesovo_x1344_y1680.png", "label": "burial_mound", "subtype": "burial_mound", "cluster_size": 1, "origin_tiles": "K-35-078-1_Lesovo_x1152_y1728.png"}}, {"type": "Feature", "geometry": {"type": "Point", "coordinates": [467464.622261, 4634456.589999501]}, "properties": {"source_tile": "K-35-078-1_Lesovo_x1680_y3024.png", "label": "burial_mound", "subtype": "burial_mound", "cluster_size": 1, "origin_tiles": "K-35-078-1_Lesovo_x1536_y2688.png"}}, {"type": "Feature", "geometry": {"type": "Point", "coordinates": [468834.47074799996, 4641385.0479345005]}, "properties": {"source_tile": "K-35-078-1_Lesovo_x2016_y1344.png", "label": "burial_mound", "subtype": "burial_mound", "cluster_size": 1, "origin_tiles": "K-35-078-1_Lesovo_x1728_y1536.png"}}, {"type": "Feature", "geometry": {"type": "Point", "coordinates": [467433.70889600005, 4632199.914353501]}, "properties": {"source_tile": "K-35-078-1_Lesovo_x1680_y3360.png", "label": "benchmark_mound", "subtype": "benchmark_mound", "cluster_size": 1, "origin_tiles": "K-35-078-1_Lesovo_x1536_y3264.png"}}, {"type": "Feature", "geometry": {"type": "Point", "coordinates": [467412.45595750003, 4631915.897812]}, "properties": {"source_tile": "K-35-078-1_Lesovo_x1680_y3360.png", "label": "benchmark_mound", "subtype": "benchmark_mound", "cluster_size": 1, "origin_tiles": "K-35-078-1_Lesovo_x1536_y3264.png"}}, {"type": "Feature", "geometry": {"type": "Point", "coordinates": [468283.82643399993, 4635495.085856]}, "properties": {"source_tile": "K-35-078-1_Lesovo_x1680_y2688.png", "label": "burial_mound", "subtype": "burial_mound", "cluster_size": 1, "origin_tiles": "K-35-078-1_Lesovo_x1728_y2688.png"}}, {"type": "Feature", "geometry": {"type": "Point", "coordinates": [468226.8299175001, 4635667.0414485]}, "properties": {"source_tile": "K-35-078-1_Lesovo_x1680_y2688.png", "label": "burial_mound", "subtype": "burial_mound", "cluster_size": 1, "origin_tiles": "K-35-078-1_Lesovo_x1728_y2688.png"}}, {"type": "Feature", "geometry": {"type": "Point", "coordinates": [468363.04193175, 4635799.389292501]}, "properties": {"source_tile": "K-35-078-1_Lesovo_x1680_y2688.png", "label": "burial_mound", "subtype": "burial_mound", "cluster_size": 2, "origin_tiles": "K-35-078-1_Lesovo_x1728_y2688.png;K-35-078-1_Lesovo_x1920_y2496.png"}}, {"type": "Feature", "geometry": {"type": "Point", "coordinates": [468674.10766750004, 4635776.204268999]}, "properties": {"source_tile": "K-35-078-1_Lesovo_x2016_y2688.png", "label": "burial_mound", "subtype": "burial_mound", "cluster_size": 1, "origin_tiles": "K-35-078-1_Lesovo_x1728_y2688.png"}}, {"type": "Feature", "geometry": {"type": "Point", "coordinates": [467772.78986849985, 4634626.613507001]}, "properties": {"source_tile": "K-35-078-1_Lesovo_x1680_y2688.png", "label": "burial_mound", "subtype": "burial_mound", "cluster_size": 1, "origin_tiles": "K-35-078-1_Lesovo_x1728_y2688.png"}}, {"type": "Feature", "geometry": {"type": "Point", "coordinates": [469265.3257735, 4649235.110563501]}, "properties": {"source_tile": "K-35-078-1_Lesovo_x2016_y0.png", "label": "benchmark_mound", "subtype": "benchmark_mound", "cluster_size": 1, "origin_tiles": "K-35-078-1_Lesovo_x1920_y0.png"}}, {"type": "Feature", "geometry": {"type": "Point", "coordinates": [468165.00318700005, 4640069.780857]}, "properties": {"source_tile": "K-35-078-1_Lesovo_x1680_y1680.png", "label": "burial_mound", "subtype": "burial_mound", "cluster_size": 2, "origin_tiles": "K-35-078-1_Lesovo_x1728_y1728.png;K-35-078-1_Lesovo_x1728_y1920.png"}}, {"type": "Feature", "geometry": {"type": "Point", "coordinates": [467908.0358405, 4639961.10105825]}, "properties": {"source_tile": "K-35-078-1_Lesovo_x1680_y1680.png", "label": "burial_mound", "subtype": "burial_mound", "cluster_size": 2, "origin_tiles": "K-35-078-1_Lesovo_x1536_y1728.png;K-35-078-1_Lesovo_x1728_y1920.png"}}, {"type": "Feature", "geometry": {"type": "Point", "coordinates": [466454.14164200006, 4636799.2434425]}, "properties": {"source_tile": "K-35-078-1_Lesovo_x1344_y2352.png", "label": "burial_mound", "subtype": "burial_mound", "cluster_size": 1, "origin_tiles": "K-35-078-1_Lesovo_x1344_y2304.png"}}, {"type": "Feature", "geometry": {"type": "Point", "coordinates": [468977.4450614999, 4639269.414516]}, "properties": {"source_tile": "K-35-078-1_Lesovo_x2016_y2016.png", "label": "burial_mound", "subtype": "burial_mound", "cluster_size": 1, "origin_tiles": "K-35-078-1_Lesovo_x1920_y1920.png"}}, {"type": "Feature", "geometry": {"type": "Point", "coordinates": [333529.335173, 4685484.6164175]}, "properties": {"source_tile": "K-35-062-2_Rakovski_x3696_y672.png", "label": "benchmark_mound", "subtype": "benchmark_mound", "cluster_size": 1, "origin_tiles": "K-35-062-2_Rakovski_x3648_y576.png"}}, {"type": "Feature", "geometry": {"type": "Point", "coordinates": [468761.05150649993, 4647655.630820001]}, "properties": {"source_tile": "K-35-078-1_Lesovo_x2016_y336.png", "label": "burial_mound", "subtype": "burial_mound", "cluster_size": 1, "origin_tiles": "K-35-078-1_Lesovo_x1920_y192.png"}}, {"type": "Feature", "geometry": {"type": "Point", "coordinates": [468827.70845000003, 4647578.347407499]}, "properties": {"source_tile": "K-35-078-1_Lesovo_x2016_y336.png", "label": "burial_mound", "subtype": "burial_mound", "cluster_size": 1, "origin_tiles": "K-35-078-1_Lesovo_x1920_y192.png"}}, {"type": "Feature", "geometry": {"type": "Point", "coordinates": [469022.84906649997, 4647564.82281]}, "properties": {"source_tile": "K-35-078-1_Lesovo_x2016_y336.png", "label": "burial_mound", "subtype": "burial_mound", "cluster_size": 1, "origin_tiles": "K-35-078-1_Lesovo_x1920_y192.png"}}, {"type": "Feature", "geometry": {"type": "Point", "coordinates": [468705.987075, 4647239.266435]}, "properties": {"source_tile": "K-35-078-1_Lesovo_x2016_y336.png", "label": "burial_mound", "subtype": "burial_mound", "cluster_size": 1, "origin_tiles": "K-35-078-1_Lesovo_x1920_y192.png"}}, {"type": "Feature", "geometry": {"type": "Point", "coordinates": [469520.36103475, 4647167.2962569995]}, "properties": {"source_tile": "K-35-078-1_Lesovo_x2016_y336.png", "label": "burial_mound", "subtype": "burial_mound", "cluster_size": 2, "origin_tiles": "K-35-078-1_Lesovo_x1920_y192.png;K-35-078-1_Lesovo_x2112_y192.png"}}, {"type": "Feature", "geometry": {"type": "Point", "coordinates": [469643.53147375, 4647203.03983525]}, "properties": {"source_tile": "K-35-078-1_Lesovo_x2016_y336.png", "label": "burial_mound", "subtype": "burial_mound", "cluster_size": 2, "origin_tiles": "K-35-078-1_Lesovo_x1920_y192.png;K-35-078-1_Lesovo_x2112_y192.png"}}, {"type": "Feature", "geometry": {"type": "Point", "coordinates": [468596.8242545, 4646987.129301001]}, "properties": {"source_tile": "K-35-078-1_Lesovo_x2016_y336.png", "label": "burial_mound", "subtype": "burial_mound", "cluster_size": 1, "origin_tiles": "K-35-078-1_Lesovo_x1920_y192.png"}}, {"type": "Feature", "geometry": {"type": "Point", "coordinates": [469597.644447, 4640907.822862]}, "properties": {"source_tile": "K-35-078-1_Lesovo_x2016_y1680.png", "label": "burial_mound", "subtype": "burial_mound", "cluster_size": 1, "origin_tiles": "K-35-078-1_Lesovo_x1920_y1728.png"}}, {"type": "Feature", "geometry": {"type": "Point", "coordinates": [469423.7567690001, 4640736.833312]}, "properties": {"source_tile": "K-35-078-1_Lesovo_x2016_y1680.png", "label": "burial_mound", "subtype": "burial_mound", "cluster_size": 1, "origin_tiles": "K-35-078-1_Lesovo_x1920_y1728.png"}}, {"type": "Feature", "geometry": {"type": "Point", "coordinates": [469782.15859450004, 4639665.4920055]}, "properties": {"source_tile": "K-35-078-1_Lesovo_x2016_y1680.png", "label": "burial_mound", "subtype": "burial_mound", "cluster_size": 1, "origin_tiles": "K-35-078-1_Lesovo_x1920_y1728.png"}}, {"type": "Feature", "geometry": {"type": "Point", "coordinates": [469144.5704415, 4639961.101058499]}, "properties": {"source_tile": "K-35-078-1_Lesovo_x2016_y1680.png", "label": "burial_mound", "subtype": "burial_mound", "cluster_size": 1, "origin_tiles": "K-35-078-1_Lesovo_x1920_y1728.png"}}, {"type": "Feature", "geometry": {"type": "Point", "coordinates": [469512.63269349997, 4640130.1585235]}, "properties": {"source_tile": "K-35-078-1_Lesovo_x2016_y1680.png", "label": "burial_mound", "subtype": "burial_mound", "cluster_size": 1, "origin_tiles": "K-35-078-1_Lesovo_x1920_y1728.png"}}, {"type": "Feature", "geometry": {"type": "Point", "coordinates": [468799.69321299996, 4639812.330489]}, "properties": {"source_tile": "K-35-078-1_Lesovo_x2016_y1680.png", "label": "burial_mound", "subtype": "burial_mound", "cluster_size": 1, "origin_tiles": "K-35-078-1_Lesovo_x1920_y1728.png"}}, {"type": "Feature", "geometry": {"type": "Point", "coordinates": [468807.421554, 4640293.419732]}, "properties": {"source_tile": "K-35-078-1_Lesovo_x2016_y1680.png", "label": "burial_mound", "subtype": "burial_mound", "cluster_size": 1, "origin_tiles": "K-35-078-1_Lesovo_x1920_y1728.png"}}, {"type": "Feature", "geometry": {"type": "Point", "coordinates": [469133.943972, 4640803.490255001]}, "properties": {"source_tile": "K-35-078-1_Lesovo_x2016_y1680.png", "label": "burial_mound", "subtype": "burial_mound", "cluster_size": 1, "origin_tiles": "K-35-078-1_Lesovo_x1920_y1728.png"}}, {"type": "Feature", "geometry": {"type": "Point", "coordinates": [422579.99870700005, 4701400.1545765]}, "properties": {"source_tile": "K-35-053-3_Elenovo_x672_y672.png", "label": "burial_mound", "subtype": "burial_mound", "cluster_size": 1, "origin_tiles": "K-35-053-3_Elenovo_x768_y576.png"}}, {"type": "Feature", "geometry": {"type": "Point", "coordinates": [468767.813805, 4633460.6000205]}, "properties": {"source_tile": "K-35-078-1_Lesovo_x2016_y3024.png", "label": "burial_mound", "subtype": "burial_mound", "cluster_size": 1, "origin_tiles": "K-35-078-1_Lesovo_x1728_y3072.png"}}, {"type": "Feature", "geometry": {"type": "Point", "coordinates": [468058.73849500006, 4634131.0336245]}, "properties": {"source_tile": "K-35-078-1_Lesovo_x1680_y3024.png", "label": "burial_mound", "subtype": "burial_mound", "cluster_size": 1, "origin_tiles": "K-35-078-1_Lesovo_x1728_y3072.png"}}, {"type": "Feature", "geometry": {"type": "Point", "coordinates": [467803.70323349995, 4633881.794619]}, "properties": {"source_tile": "K-35-078-1_Lesovo_x1680_y3024.png", "label": "burial_mound", "subtype": "burial_mound", "cluster_size": 1, "origin_tiles": "K-35-078-1_Lesovo_x1728_y3072.png"}}, {"type": "Feature", "geometry": {"type": "Point", "coordinates": [468302.1812445, 4633838.3226995]}, "properties": {"source_tile": "K-35-078-1_Lesovo_x1680_y3024.png", "label": "burial_mound", "subtype": "burial_mound", "cluster_size": 1, "origin_tiles": "K-35-078-1_Lesovo_x1728_y3072.png"}}, {"type": "Feature", "geometry": {"type": "Point", "coordinates": [467537.0754605, 4633330.184262]}, "properties": {"source_tile": "K-35-078-1_Lesovo_x1680_y3024.png", "label": "burial_mound", "subtype": "burial_mound", "cluster_size": 1, "origin_tiles": "K-35-078-1_Lesovo_x1728_y3072.png"}}, {"type": "Feature", "geometry": {"type": "Point", "coordinates": [467633.679726, 4632985.3070335]}, "properties": {"source_tile": "K-35-078-1_Lesovo_x1680_y3024.png", "label": "burial_mound", "subtype": "burial_mound", "cluster_size": 1, "origin_tiles": "K-35-078-1_Lesovo_x1728_y3072.png"}}, {"type": "Feature", "geometry": {"type": "Point", "coordinates": [467788.246551, 4632683.901724499]}, "properties": {"source_tile": "K-35-078-1_Lesovo_x1680_y3360.png", "label": "burial_mound", "subtype": "burial_mound", "cluster_size": 1, "origin_tiles": "K-35-078-1_Lesovo_x1728_y3072.png"}}, {"type": "Feature", "geometry": {"type": "Point", "coordinates": [468314.7397990001, 4633206.530802]}, "properties": {"source_tile": "K-35-078-1_Lesovo_x1680_y3024.png", "label": "burial_mound", "subtype": "burial_mound", "cluster_size": 1, "origin_tiles": "K-35-078-1_Lesovo_x1728_y3072.png"}}, {"type": "Feature", "geometry": {"type": "Point", "coordinates": [467361.255697, 4633840.2547845]}, "properties": {"source_tile": "K-35-078-1_Lesovo_x1680_y3024.png", "label": "burial_mound", "subtype": "burial_mound", "cluster_size": 1, "origin_tiles": "K-35-078-1_Lesovo_x1728_y3072.png"}}, {"type": "Feature", "geometry": {"type": "Point", "coordinates": [468548.522122, 4634127.1694535]}, "properties": {"source_tile": "K-35-078-1_Lesovo_x1680_y3024.png", "label": "burial_mound", "subtype": "burial_mound", "cluster_size": 1, "origin_tiles": "K-35-078-1_Lesovo_x1728_y3072.png"}}, {"type": "Feature", "geometry": {"type": "Point", "coordinates": [469210.261342, 4633213.29310025]}, "properties": {"source_tile": "K-35-078-1_Lesovo_x2016_y3024.png", "label": "burial_mound", "subtype": "burial_mound", "cluster_size": 2, "origin_tiles": "K-35-078-1_Lesovo_x1920_y3072.png;K-35-078-1_Lesovo_x1920_y3264.png"}}, {"type": "Feature", "geometry": {"type": "Point", "coordinates": [330703.0460315, 4672668.5081385]}, "properties": {"source_tile": "K-35-062-2_Rakovski_x3024_y3024.png", "label": "triangulation_mound", "subtype": "triangulation_mound", "cluster_size": 1, "origin_tiles": "K-35-062-2_Rakovski_x3264_y3264.png"}}, {"type": "Feature", "geometry": {"type": "Point", "coordinates": [468657.6849425, 4643560.575997501]}, "properties": {"source_tile": "K-35-078-1_Lesovo_x2016_y1008.png", "label": "burial_mound", "subtype": "burial_mound", "cluster_size": 1, "origin_tiles": "K-35-078-1_Lesovo_x1920_y1152.png"}}, {"type": "Feature", "geometry": {"type": "Point", "coordinates": [469128.147716, 4643159.668295]}, "properties": {"source_tile": "K-35-078-1_Lesovo_x2016_y1008.png", "label": "burial_mound", "subtype": "burial_mound", "cluster_size": 1, "origin_tiles": "K-35-078-1_Lesovo_x1920_y1152.png"}}, {"type": "Feature", "geometry": {"type": "Point", "coordinates": [469269.67296525, 4642901.25188425]}, "properties": {"source_tile": "K-35-078-1_Lesovo_x2016_y1344.png", "label": "burial_mound", "subtype": "burial_mound", "cluster_size": 2, "origin_tiles": "K-35-078-1_Lesovo_x1920_y1152.png;K-35-078-1_Lesovo_x1920_y1344.png"}}, {"type": "Feature", "geometry": {"type": "Point", "coordinates": [468600.68842524994, 4642502.276267251]}, "properties": {"source_tile": "K-35-078-1_Lesovo_x2016_y1344.png", "label": "burial_mound", "subtype": "burial_mound", "cluster_size": 2, "origin_tiles": "K-35-078-1_Lesovo_x1920_y1152.png;K-35-078-1_Lesovo_x1920_y1344.png"}}, {"type": "Feature", "geometry": {"type": "Point", "coordinates": [469338.745015, 4642365.098209751]}, "properties": {"source_tile": "K-35-078-1_Lesovo_x2016_y1344.png", "label": "burial_mound", "subtype": "burial_mound", "cluster_size": 2, "origin_tiles": "K-35-078-1_Lesovo_x1920_y1152.png;K-35-078-1_Lesovo_x1920_y1344.png"}}, {"type": "Feature", "geometry": {"type": "Point", "coordinates": [469081.7776685, 4643751.8524434995]}, "properties": {"source_tile": "K-35-078-1_Lesovo_x2016_y1008.png", "label": "burial_mound", "subtype": "burial_mound", "cluster_size": 1, "origin_tiles": "K-35-078-1_Lesovo_x1920_y1152.png"}}, {"type": "Feature", "geometry": {"type": "Point", "coordinates": [469110.75894800003, 4643786.6299789995]}, "properties": {"source_tile": "K-35-078-1_Lesovo_x2016_y1008.png", "label": "burial_mound", "subtype": "burial_mound", "cluster_size": 1, "origin_tiles": "K-35-078-1_Lesovo_x1920_y1152.png"}}, {"type": "Feature", "geometry": {"type": "Point", "coordinates": [469560.93482600007, 4643635.927325]}, "properties": {"source_tile": "K-35-078-1_Lesovo_x2016_y1008.png", "label": "burial_mound", "subtype": "burial_mound", "cluster_size": 1, "origin_tiles": "K-35-078-1_Lesovo_x1920_y1152.png"}}, {"type": "Feature", "geometry": {"type": "Point", "coordinates": [469821.766344, 4643394.4166605]}, "properties": {"source_tile": "K-35-078-1_Lesovo_x2016_y1008.png", "label": "burial_mound", "subtype": "burial_mound", "cluster_size": 1, "origin_tiles": "K-35-078-1_Lesovo_x1920_y1152.png"}}, {"type": "Feature", "geometry": {"type": "Point", "coordinates": [469539.681888, 4643075.622584]}, "properties": {"source_tile": "K-35-078-1_Lesovo_x2016_y1008.png", "label": "burial_mound", "subtype": "burial_mound", "cluster_size": 1, "origin_tiles": "K-35-078-1_Lesovo_x1920_y1152.png"}}, {"type": "Feature", "geometry": {"type": "Point", "coordinates": [469122.8344815, 4635508.851963625]}, "properties": {"source_tile": "K-35-078-1_Lesovo_x2016_y2688.png", "label": "burial_mound", "subtype": "burial_mound", "cluster_size": 4, "origin_tiles": "K-35-078-1_Lesovo_x1920_y2496.png;K-35-078-1_Lesovo_x1920_y2688.png;K-35-078-1_Lesovo_x2112_y2496.png;K-35-078-1_Lesovo_x2112_y2688.png"}}, {"type": "Feature", "geometry": {"type": "Point", "coordinates": [466468.6322818333, 4640114.057812166]}, "properties": {"source_tile": "K-35-078-1_Lesovo_x1344_y1680.png", "label": "burial_mound", "subtype": "burial_mound", "cluster_size": 3, "origin_tiles": "K-35-078-1_Lesovo_x1344_y1728.png;K-35-078-1_Lesovo_x1536_y1728.png;K-35-078-1_Lesovo_x1536_y1920.png"}}, {"type": "Feature", "geometry": {"type": "Point", "coordinates": [466211.0209066667, 4640144.327148833]}, "properties": {"source_tile": "K-35-078-1_Lesovo_x1344_y1680.png", "label": "burial_mound", "subtype": "burial_mound", "cluster_size": 3, "origin_tiles": "K-35-078-1_Lesovo_x1344_y1728.png;K-35-078-1_Lesovo_x1536_y1728.png;K-35-078-1_Lesovo_x1536_y1920.png"}}, {"type": "Feature", "geometry": {"type": "Point", "coordinates": [466970.008421, 4640114.701840499]}, "properties": {"source_tile": "K-35-078-1_Lesovo_x1680_y1680.png", "label": "burial_mound", "subtype": "burial_mound", "cluster_size": 1, "origin_tiles": "K-35-078-1_Lesovo_x1536_y1920.png"}}, {"type": "Feature", "geometry": {"type": "Point", "coordinates": [466983.53301775, 4640076.54315575]}, "properties": {"source_tile": "K-35-078-1_Lesovo_x1680_y1680.png", "label": "burial_mound", "subtype": "burial_mound", "cluster_size": 2, "origin_tiles": "K-35-078-1_Lesovo_x1536_y1728.png;K-35-078-1_Lesovo_x1536_y1920.png"}}, {"type": "Feature", "geometry": {"type": "Point", "coordinates": [466708.21086050005, 4639567.921697]}, "properties": {"source_tile": "K-35-078-1_Lesovo_x1344_y1680.png", "label": "burial_mound", "subtype": "burial_mound", "cluster_size": 1, "origin_tiles": "K-35-078-1_Lesovo_x1536_y1920.png"}}, {"type": "Feature", "geometry": {"type": "Point", "coordinates": [466466.70019650005, 4638903.284349]}, "properties": {"source_tile": "K-35-078-1_Lesovo_x1344_y2016.png", "label": "burial_mound", "subtype": "burial_mound", "cluster_size": 1, "origin_tiles": "K-35-078-1_Lesovo_x1536_y1920.png"}}, {"type": "Feature", "geometry": {"type": "Point", "coordinates": [466819.3057665001, 4638468.565153501]}, "properties": {"source_tile": "K-35-078-1_Lesovo_x1344_y2016.png", "label": "burial_mound", "subtype": "burial_mound", "cluster_size": 1, "origin_tiles": "K-35-078-1_Lesovo_x1536_y1920.png"}}, {"type": "Feature", "geometry": {"type": "Point", "coordinates": [467234.7041084999, 4639393.067976001]}, "properties": {"source_tile": "K-35-078-1_Lesovo_x1680_y2016.png", "label": "burial_mound", "subtype": "burial_mound", "cluster_size": 1, "origin_tiles": "K-35-078-1_Lesovo_x1536_y1920.png"}}, {"type": "Feature", "geometry": {"type": "Point", "coordinates": [467088.83166749997, 4639123.5420745]}, "properties": {"source_tile": "K-35-078-1_Lesovo_x1680_y2016.png", "label": "burial_mound", "subtype": "burial_mound", "cluster_size": 1, "origin_tiles": "K-35-078-1_Lesovo_x1536_y1920.png"}}, {"type": "Feature", "geometry": {"type": "Point", "coordinates": [467407.625744, 4638649.2151305]}, "properties": {"source_tile": "K-35-078-1_Lesovo_x1680_y2016.png", "label": "burial_mound", "subtype": "burial_mound", "cluster_size": 1, "origin_tiles": "K-35-078-1_Lesovo_x1536_y1920.png"}}, {"type": "Feature", "geometry": {"type": "Point", "coordinates": [467823.9901295, 4638706.211647]}, "properties": {"source_tile": "K-35-078-1_Lesovo_x1680_y2016.png", "label": "burial_mound", "subtype": "burial_mound", "cluster_size": 2, "origin_tiles": "K-35-078-1_Lesovo_x1536_y1920.png;K-35-078-1_Lesovo_x1728_y2112.png"}}, {"type": "Feature", "geometry": {"type": "Point", "coordinates": [467827.85429974995, 4639736.013119251]}, "properties": {"source_tile": "K-35-078-1_Lesovo_x1680_y1680.png", "label": "burial_mound", "subtype": "burial_mound", "cluster_size": 2, "origin_tiles": "K-35-078-1_Lesovo_x1536_y1728.png;K-35-078-1_Lesovo_x1536_y1920.png"}}, {"type": "Feature", "geometry": {"type": "Point", "coordinates": [469345.50731400005, 4638720.702287]}, "properties": {"source_tile": "K-35-078-1_Lesovo_x2016_y2016.png", "label": "burial_mound", "subtype": "burial_mound", "cluster_size": 1, "origin_tiles": "K-35-078-1_Lesovo_x1920_y2112.png"}}, {"type": "Feature", "geometry": {"type": "Point", "coordinates": [468620.97532100003, 4647451.7958195]}, "properties": {"source_tile": "K-35-078-1_Lesovo_x2016_y336.png", "label": "triangulation_mound", "subtype": "triangulation_mound", "cluster_size": 1, "origin_tiles": "K-35-078-1_Lesovo_x1920_y384.png"}}, {"type": "Feature", "geometry": {"type": "Point", "coordinates": [468169.189372, 4632256.266841666]}, "properties": {"source_tile": "K-35-078-1_Lesovo_x1680_y3360.png", "label": "burial_mound", "subtype": "burial_mound", "cluster_size": 3, "origin_tiles": "K-35-078-1_Lesovo_x1728_y3264.png;K-35-078-1_Lesovo_x1728_y3456.png;K-35-078-1_Lesovo_x1920_y3456.png"}}, {"type": "Feature", "geometry": {"type": "Point", "coordinates": [468055.1963388333, 4632150.646178]}, "properties": {"source_tile": "K-35-078-1_Lesovo_x1680_y3360.png", "label": "burial_mound", "subtype": "burial_mound", "cluster_size": 3, "origin_tiles": "K-35-078-1_Lesovo_x1728_y3264.png;K-35-078-1_Lesovo_x1728_y3456.png;K-35-078-1_Lesovo_x1920_y3456.png"}}, {"type": "Feature", "geometry": {"type": "Point", "coordinates": [467795.00884975004, 4632061.2872325]}, "properties": {"source_tile": "K-35-078-1_Lesovo_x1680_y3360.png", "label": "burial_mound", "subtype": "burial_mound", "cluster_size": 2, "origin_tiles": "K-35-078-1_Lesovo_x1728_y3264.png;K-35-078-1_Lesovo_x1728_y3456.png"}}, {"type": "Feature", "geometry": {"type": "Point", "coordinates": [468018.16470325, 4632004.773736751]}, "properties": {"source_tile": "K-35-078-1_Lesovo_x1680_y3360.png", "label": "burial_mound", "subtype": "burial_mound", "cluster_size": 2, "origin_tiles": "K-35-078-1_Lesovo_x1728_y3264.png;K-35-078-1_Lesovo_x1728_y3456.png"}}, {"type": "Feature", "geometry": {"type": "Point", "coordinates": [468260.31939600006, 4632017.332291166]}, "properties": {"source_tile": "K-35-078-1_Lesovo_x1680_y3360.png", "label": "burial_mound", "subtype": "burial_mound", "cluster_size": 3, "origin_tiles": "K-35-078-1_Lesovo_x1728_y3264.png;K-35-078-1_Lesovo_x1728_y3456.png;K-35-078-1_Lesovo_x1920_y3456.png"}}, {"type": "Feature", "geometry": {"type": "Point", "coordinates": [467391.203019, 4631614.4925035]}, "properties": {"source_tile": "K-35-078-1_Lesovo_x1680_y3360.png", "label": "burial_mound", "subtype": "burial_mound", "cluster_size": 1, "origin_tiles": "K-35-078-1_Lesovo_x1728_y3264.png"}}, {"type": "Feature", "geometry": {"type": "Point", "coordinates": [468126.03946650005, 4631599.679849166]}, "properties": {"source_tile": "K-35-078-1_Lesovo_x1680_y3360.png", "label": "burial_mound", "subtype": "burial_mound", "cluster_size": 3, "origin_tiles": "K-35-078-1_Lesovo_x1728_y3264.png;K-35-078-1_Lesovo_x1728_y3456.png;K-35-078-1_Lesovo_x1920_y3456.png"}}, {"type": "Feature", "geometry": {"type": "Point", "coordinates": [469069.219114, 4637676.410174999]}, "properties": {"source_tile": "K-35-078-1_Lesovo_x2016_y2352.png", "label": "triangulation_mound", "subtype": "triangulation_mound", "cluster_size": 2, "origin_tiles": "K-35-078-1_Lesovo_x1920_y2304.png;K-35-078-1_Lesovo_x2112_y2304.png"}}, {"type": "Feature", "geometry": {"type": "Point", "coordinates": [460493.65844975004, 4638576.278909499]}, "properties": {"source_tile": "K-35-078-1_Lesovo_x336_y2016.png", "label": "burial_mound", "subtype": "burial_mound", "cluster_size": 2, "origin_tiles": "K-35-078-1_Lesovo_x192_y1920.png;K-35-078-1_Lesovo_x192_y2112.png"}}, {"type": "Feature", "geometry": {"type": "Point", "coordinates": [460397.05418399995, 4640370.703144999]}, "properties": {"source_tile": "K-35-078-1_Lesovo_x336_y1680.png", "label": "burial_mound", "subtype": "burial_mound", "cluster_size": 1, "origin_tiles": "K-35-078-1_Lesovo_x192_y1728.png"}}, {"type": "Feature", "geometry": {"type": "Point", "coordinates": [460512.9793025, 4640264.4384525]}, "properties": {"source_tile": "K-35-078-1_Lesovo_x336_y1680.png", "label": "burial_mound", "subtype": "burial_mound", "cluster_size": 1, "origin_tiles": "K-35-078-1_Lesovo_x192_y1728.png"}}, {"type": "Feature", "geometry": {"type": "Point", "coordinates": [460914.853048, 4639990.082338]}, "properties": {"source_tile": "K-35-078-1_Lesovo_x336_y1680.png", "label": "burial_mound", "subtype": "burial_mound", "cluster_size": 1, "origin_tiles": "K-35-078-1_Lesovo_x192_y1728.png"}}, {"type": "Feature", "geometry": {"type": "Point", "coordinates": [460924.5134745, 4639891.545987001]}, "properties": {"source_tile": "K-35-078-1_Lesovo_x336_y1680.png", "label": "burial_mound", "subtype": "burial_mound", "cluster_size": 1, "origin_tiles": "K-35-078-1_Lesovo_x192_y1728.png"}}, {"type": "Feature", "geometry": {"type": "Point", "coordinates": [459567.5455558333, 4634728.047986166]}, "properties": {"source_tile": "K-35-078-1_Lesovo_x0_y2688.png", "label": "benchmark_mound", "subtype": "benchmark_mound", "cluster_size": 3, "origin_tiles": "K-35-078-1_Lesovo_x0_y2688.png;K-35-078-1_Lesovo_x192_y2688.png;K-35-078-1_Lesovo_x192_y2880.png"}}, {"type": "Feature", "geometry": {"type": "Point", "coordinates": [460578.67020299996, 4634334.868625]}, "properties": {"source_tile": "K-35-078-1_Lesovo_x336_y3024.png", "label": "burial_mound", "subtype": "burial_mound", "cluster_size": 1, "origin_tiles": "K-35-078-1_Lesovo_x192_y2880.png"}}, {"type": "Feature", "geometry": {"type": "Point", "coordinates": [466416.4659785, 4640784.65242325]}, "properties": {"source_tile": "K-35-078-1_Lesovo_x1344_y1680.png", "label": "burial_mound", "subtype": "burial_mound", "cluster_size": 2, "origin_tiles": "K-35-078-1_Lesovo_x1344_y1728.png;K-35-078-1_Lesovo_x1536_y1728.png"}}, {"type": "Feature", "geometry": {"type": "Point", "coordinates": [466524.17973475007, 4640734.9012262495]}, "properties": {"source_tile": "K-35-078-1_Lesovo_x1344_y1680.png", "label": "burial_mound", "subtype": "burial_mound", "cluster_size": 2, "origin_tiles": "K-35-078-1_Lesovo_x1344_y1728.png;K-35-078-1_Lesovo_x1536_y1728.png"}}, {"type": "Feature", "geometry": {"type": "Point", "coordinates": [466126.65318150003, 4640665.3461555]}, "properties": {"source_tile": "K-35-078-1_Lesovo_x1344_y1680.png", "label": "burial_mound", "subtype": "burial_mound", "cluster_size": 1, "origin_tiles": "K-35-078-1_Lesovo_x1344_y1728.png"}}, {"type": "Feature", "geometry": {"type": "Point", "coordinates": [465495.8273265, 4640653.7536435]}, "properties": {"source_tile": "K-35-078-1_Lesovo_x1344_y1680.png", "label": "burial_mound", "subtype": "burial_mound", "cluster_size": 1, "origin_tiles": "K-35-078-1_Lesovo_x1344_y1728.png"}}, {"type": "Feature", "geometry": {"type": "Point", "coordinates": [465865.821664, 4640594.825041001]}, "properties": {"source_tile": "K-35-078-1_Lesovo_x1344_y1680.png", "label": "burial_mound", "subtype": "burial_mound", "cluster_size": 1, "origin_tiles": "K-35-078-1_Lesovo_x1344_y1728.png"}}, {"type": "Feature", "geometry": {"type": "Point", "coordinates": [466413.08482925, 4640508.847244751]}, "properties": {"source_tile": "K-35-078-1_Lesovo_x1344_y1680.png", "label": "burial_mound", "subtype": "burial_mound", "cluster_size": 2, "origin_tiles": "K-35-078-1_Lesovo_x1344_y1728.png;K-35-078-1_Lesovo_x1536_y1728.png"}}, {"type": "Feature", "geometry": {"type": "Point", "coordinates": [465691.9339855001, 4640330.129353001]}, "properties": {"source_tile": "K-35-078-1_Lesovo_x1344_y1680.png", "label": "burial_mound", "subtype": "burial_mound", "cluster_size": 1, "origin_tiles": "K-35-078-1_Lesovo_x1344_y1728.png"}}, {"type": "Feature", "geometry": {"type": "Point", "coordinates": [466498.5796042499, 4640283.2762842495]}, "properties": {"source_tile": "K-35-078-1_Lesovo_x1344_y1680.png", "label": "burial_mound", "subtype": "burial_mound", "cluster_size": 2, "origin_tiles": "K-35-078-1_Lesovo_x1344_y1728.png;K-35-078-1_Lesovo_x1536_y1728.png"}}, {"type": "Feature", "geometry": {"type": "Point", "coordinates": [466236.7820445, 4640242.219471499]}, "properties": {"source_tile": "K-35-078-1_Lesovo_x1344_y1680.png", "label": "burial_mound", "subtype": "burial_mound", "cluster_size": 1, "origin_tiles": "K-35-078-1_Lesovo_x1344_y1728.png"}}, {"type": "Feature", "geometry": {"type": "Point", "coordinates": [466091.87564549997, 4639837.447598]}, "properties": {"source_tile": "K-35-078-1_Lesovo_x1344_y1680.png", "label": "burial_mound", "subtype": "burial_mound", "cluster_size": 1, "origin_tiles": "K-35-078-1_Lesovo_x1344_y1728.png"}}, {"type": "Feature", "geometry": {"type": "Point", "coordinates": [465792.40242249996, 4639432.675725]}, "properties": {"source_tile": "K-35-078-1_Lesovo_x1344_y2016.png", "label": "burial_mound", "subtype": "burial_mound", "cluster_size": 1, "origin_tiles": "K-35-078-1_Lesovo_x1344_y1728.png"}}, {"type": "Feature", "geometry": {"type": "Point", "coordinates": [461012.7453703334, 4637765.930127667]}, "properties": {"source_tile": "K-35-078-1_Lesovo_x336_y2352.png", "label": "burial_mound", "subtype": "burial_mound", "cluster_size": 3, "origin_tiles": "K-35-078-1_Lesovo_x192_y2112.png;K-35-078-1_Lesovo_x192_y2304.png;K-35-078-1_Lesovo_x384_y2304.png"}}, {"type": "Feature", "geometry": {"type": "Point", "coordinates": [468273.199965, 4631555.563901501]}, "properties": {"source_tile": "K-35-078-1_Lesovo_x1680_y3360.png", "label": "burial_mound", "subtype": "burial_mound", "cluster_size": 1, "origin_tiles": "K-35-078-1_Lesovo_x1728_y3456.png"}}, {"type": "Feature", "geometry": {"type": "Point", "coordinates": [468504.08415999997, 4631537.209090999]}, "properties": {"source_tile": "K-35-078-1_Lesovo_x1680_y3360.png", "label": "burial_mound", "subtype": "burial_mound", "cluster_size": 2, "origin_tiles": "K-35-078-1_Lesovo_x1728_y3456.png;K-35-078-1_Lesovo_x1920_y3456.png"}}, {"type": "Feature", "geometry": {"type": "Point", "coordinates": [468623.39042775, 4631596.62071425]}, "properties": {"source_tile": "K-35-078-1_Lesovo_x1680_y3360.png", "label": "burial_mound", "subtype": "burial_mound", "cluster_size": 2, "origin_tiles": "K-35-078-1_Lesovo_x1728_y3456.png;K-35-078-1_Lesovo_x1920_y3456.png"}}, {"type": "Feature", "geometry": {"type": "Point", "coordinates": [468764.915677, 4631550.733688]}, "properties": {"source_tile": "K-35-078-1_Lesovo_x2016_y3360.png", "label": "burial_mound", "subtype": "burial_mound", "cluster_size": 2, "origin_tiles": "K-35-078-1_Lesovo_x1728_y3456.png;K-35-078-1_Lesovo_x1920_y3456.png"}}, {"type": "Feature", "geometry": {"type": "Point", "coordinates": [468015.2665755001, 4631512.0919815]}, "properties": {"source_tile": "K-35-078-1_Lesovo_x1680_y3360.png", "label": "burial_mound", "subtype": "burial_mound", "cluster_size": 1, "origin_tiles": "K-35-078-1_Lesovo_x1728_y3456.png"}}, {"type": "Feature", "geometry": {"type": "Point", "coordinates": [467911.90001099993, 4631572.952669]}, "properties": {"source_tile": "K-35-078-1_Lesovo_x1680_y3360.png", "label": "burial_mound", "subtype": "burial_mound", "cluster_size": 1, "origin_tiles": "K-35-078-1_Lesovo_x1728_y3456.png"}}, {"type": "Feature", "geometry": {"type": "Point", "coordinates": [467775.6879965001, 4631566.190370499]}, "properties": {"source_tile": "K-35-078-1_Lesovo_x1680_y3360.png", "label": "burial_mound", "subtype": "burial_mound", "cluster_size": 1, "origin_tiles": "K-35-078-1_Lesovo_x1728_y3456.png"}}, {"type": "Feature", "geometry": {"type": "Point", "coordinates": [467627.88346999994, 4631555.5639015]}, "properties": {"source_tile": "K-35-078-1_Lesovo_x1680_y3360.png", "label": "burial_mound", "subtype": "burial_mound", "cluster_size": 1, "origin_tiles": "K-35-078-1_Lesovo_x1728_y3456.png"}}, {"type": "Feature", "geometry": {"type": "Point", "coordinates": [467485.87519949995, 4631562.3262]}, "properties": {"source_tile": "K-35-078-1_Lesovo_x1680_y3360.png", "label": "burial_mound", "subtype": "burial_mound", "cluster_size": 1, "origin_tiles": "K-35-078-1_Lesovo_x1728_y3456.png"}}, {"type": "Feature", "geometry": {"type": "Point", "coordinates": [460105.30930100003, 4648763.681747501]}, "properties": {"source_tile": "K-35-078-1_Lesovo_x0_y0.png", "label": "burial_mound", "subtype": "burial_mound", "cluster_size": 1, "origin_tiles": "K-35-078-1_Lesovo_x192_y0.png"}}, {"type": "Feature", "geometry": {"type": "Point", "coordinates": [460723.8986161667, 4641689.995399666]}, "properties": {"source_tile": "K-35-078-1_Lesovo_x336_y1344.png", "label": "triangulation_mound", "subtype": "triangulation_mound", "cluster_size": 3, "origin_tiles": "K-35-078-1_Lesovo_x192_y1344.png;K-35-078-1_Lesovo_x192_y1536.png;K-35-078-1_Lesovo_x384_y1344.png"}}, {"type": "Feature", "geometry": {"type": "Point", "coordinates": [470338.59916499996, 4649173.283834001]}, "properties": {"source_tile": "K-35-078-1_Lesovo_x2352_y0.png", "label": "burial_mound", "subtype": "burial_mound", "cluster_size": 1, "origin_tiles": "K-35-078-1_Lesovo_x2112_y0.png"}}, {"type": "Feature", "geometry": {"type": "Point", "coordinates": [460950.596626, 4634125.2373685]}, "properties": {"source_tile": "K-35-078-1_Lesovo_x336_y3024.png", "label": "burial_mound", "subtype": "burial_mound", "cluster_size": 1, "origin_tiles": "K-35-078-1_Lesovo_x192_y3072.png"}}, {"type": "Feature", "geometry": {"type": "Point", "coordinates": [468397.81946749997, 4631593.239565]}, "properties": {"source_tile": "K-35-078-1_Lesovo_x1680_y3360.png", "label": "burial_mound", "subtype": "burial_mound", "cluster_size": 1, "origin_tiles": "K-35-078-1_Lesovo_x1920_y3456.png"}}, {"type": "Feature", "geometry": {"type": "Point", "coordinates": [468945.5656540001, 4631688.877788]}, "properties": {"source_tile": "K-35-078-1_Lesovo_x2016_y3360.png", "label": "burial_mound", "subtype": "burial_mound", "cluster_size": 1, "origin_tiles": "K-35-078-1_Lesovo_x1920_y3456.png"}}, {"type": "Feature", "geometry": {"type": "Point", "coordinates": [468860.5539, 4631662.794636]}, "properties": {"source_tile": "K-35-078-1_Lesovo_x2016_y3360.png", "label": "burial_mound", "subtype": "burial_mound", "cluster_size": 1, "origin_tiles": "K-35-078-1_Lesovo_x1920_y3456.png"}}, {"type": "Feature", "geometry": {"type": "Point", "coordinates": [468513.74458649993, 4632023.128547]}, "properties": {"source_tile": "K-35-078-1_Lesovo_x1680_y3360.png", "label": "burial_mound", "subtype": "burial_mound", "cluster_size": 1, "origin_tiles": "K-35-078-1_Lesovo_x1920_y3456.png"}}, {"type": "Feature", "geometry": {"type": "Point", "coordinates": [460299.483875, 4632514.8442595]}, "properties": {"source_tile": "K-35-078-1_Lesovo_x336_y3360.png", "label": "burial_mound", "subtype": "burial_mound", "cluster_size": 1, "origin_tiles": "K-35-078-1_Lesovo_x192_y3264.png"}}, {"type": "Feature", "geometry": {"type": "Point", "coordinates": [461091.6388540001, 4632428.866463]}, "properties": {"source_tile": "K-35-078-1_Lesovo_x336_y3360.png", "label": "burial_mound", "subtype": "burial_mound", "cluster_size": 1, "origin_tiles": "K-35-078-1_Lesovo_x192_y3264.png"}}, {"type": "Feature", "geometry": {"type": "Point", "coordinates": [460846.74704050005, 4635895.02751575]}, "properties": {"source_tile": "K-35-078-1_Lesovo_x336_y2688.png", "label": "benchmark_mound", "subtype": "benchmark_mound", "cluster_size": 2, "origin_tiles": "K-35-078-1_Lesovo_x192_y2688.png;K-35-078-1_Lesovo_x384_y2688.png"}}, {"type": "Feature", "geometry": {"type": "Point", "coordinates": [467451.0976635, 4639967.863357]}, "properties": {"source_tile": "K-35-078-1_Lesovo_x1680_y1680.png", "label": "burial_mound", "subtype": "burial_mound", "cluster_size": 1, "origin_tiles": "K-35-078-1_Lesovo_x1536_y1728.png"}}, {"type": "Feature", "geometry": {"type": "Point", "coordinates": [466934.2648424999, 4639574.6839955]}, "properties": {"source_tile": "K-35-078-1_Lesovo_x1344_y1680.png", "label": "burial_mound", "subtype": "burial_mound", "cluster_size": 1, "origin_tiles": "K-35-078-1_Lesovo_x1536_y1728.png"}}, {"type": "Feature", "geometry": {"type": "Point", "coordinates": [467231.80598049995, 4639423.0152985]}, "properties": {"source_tile": "K-35-078-1_Lesovo_x1680_y2016.png", "label": "burial_mound", "subtype": "burial_mound", "cluster_size": 1, "origin_tiles": "K-35-078-1_Lesovo_x1536_y1728.png"}}, {"type": "Feature", "geometry": {"type": "Point", "coordinates": [467483.9431145001, 4639615.2577875]}, "properties": {"source_tile": "K-35-078-1_Lesovo_x1680_y1680.png", "label": "burial_mound", "subtype": "burial_mound", "cluster_size": 1, "origin_tiles": "K-35-078-1_Lesovo_x1536_y1728.png"}}, {"type": "Feature", "geometry": {"type": "Point", "coordinates": [467358.35756850004, 4640291.4876465]}, "properties": {"source_tile": "K-35-078-1_Lesovo_x1680_y1680.png", "label": "burial_mound", "subtype": "burial_mound", "cluster_size": 1, "origin_tiles": "K-35-078-1_Lesovo_x1536_y1728.png"}}, {"type": "Feature", "geometry": {"type": "Point", "coordinates": [467401.82948849996, 4640721.376629]}, "properties": {"source_tile": "K-35-078-1_Lesovo_x1680_y1680.png", "label": "burial_mound", "subtype": "burial_mound", "cluster_size": 1, "origin_tiles": "K-35-078-1_Lesovo_x1536_y1728.png"}}, {"type": "Feature", "geometry": {"type": "Point", "coordinates": [467811.4315745, 4640665.346155]}, "properties": {"source_tile": "K-35-078-1_Lesovo_x1680_y1680.png", "label": "burial_mound", "subtype": "burial_mound", "cluster_size": 1, "origin_tiles": "K-35-078-1_Lesovo_x1536_y1728.png"}}, {"type": "Feature", "geometry": {"type": "Point", "coordinates": [459637.74465549993, 4636558.698821001]}, "properties": {"source_tile": "K-35-078-1_Lesovo_x0_y2352.png", "label": "triangulation_mound", "subtype": "triangulation_mound", "cluster_size": 1, "origin_tiles": "K-35-078-1_Lesovo_x192_y2496.png"}}, {"type": "Feature", "geometry": {"type": "Point", "coordinates": [470841.26336100005, 4639261.042146]}, "properties": {"source_tile": "K-35-078-1_Lesovo_x2352_y2016.png", "label": "burial_mound", "subtype": "burial_mound", "cluster_size": 3, "origin_tiles": "K-35-078-1_Lesovo_x2112_y1920.png;K-35-078-1_Lesovo_x2304_y1728.png;K-35-078-1_Lesovo_x2304_y1920.png"}}, {"type": "Feature", "geometry": {"type": "Point", "coordinates": [460097.09793900006, 4645416.82696275]}, "properties": {"source_tile": "K-35-078-1_Lesovo_x0_y672.png", "label": "burial_mound", "subtype": "burial_mound", "cluster_size": 2, "origin_tiles": "K-35-078-1_Lesovo_x192_y576.png;K-35-078-1_Lesovo_x192_y768.png"}}, {"type": "Feature", "geometry": {"type": "Point", "coordinates": [460768.497585, 4645109.142376501]}, "properties": {"source_tile": "K-35-078-1_Lesovo_x336_y672.png", "label": "burial_mound", "subtype": "burial_mound", "cluster_size": 2, "origin_tiles": "K-35-078-1_Lesovo_x192_y576.png;K-35-078-1_Lesovo_x192_y768.png"}}, {"type": "Feature", "geometry": {"type": "Point", "coordinates": [460796.02980099997, 4645077.2629685]}, "properties": {"source_tile": "K-35-078-1_Lesovo_x336_y672.png", "label": "burial_mound", "subtype": "burial_mound", "cluster_size": 1, "origin_tiles": "K-35-078-1_Lesovo_x192_y768.png"}}, {"type": "Feature", "geometry": {"type": "Point", "coordinates": [460645.32714699995, 4645172.901192]}, "properties": {"source_tile": "K-35-078-1_Lesovo_x336_y672.png", "label": "burial_mound", "subtype": "burial_mound", "cluster_size": 1, "origin_tiles": "K-35-078-1_Lesovo_x192_y768.png"}}, {"type": "Feature", "geometry": {"type": "Point", "coordinates": [469710.67143849994, 4640529.134140501]}, "properties": {"source_tile": "K-35-078-1_Lesovo_x2016_y1680.png", "label": "burial_mound", "subtype": "burial_mound", "cluster_size": 1, "origin_tiles": "K-35-078-1_Lesovo_x2112_y1536.png"}}, {"type": "Feature", "geometry": {"type": "Point", "coordinates": [460759.32018, 4631838.6144]}, "properties": {"source_tile": "K-35-078-1_Lesovo_x336_y3360.png", "label": "triangulation_mound", "subtype": "triangulation_mound", "cluster_size": 1, "origin_tiles": "K-35-078-1_Lesovo_x192_y3456.png"}}, {"type": "Feature", "geometry": {"type": "Point", "coordinates": [460178.24552199995, 4643500.1983314995]}, "properties": {"source_tile": "K-35-078-1_Lesovo_x336_y1008.png", "label": "benchmark_mound", "subtype": "benchmark_mound", "cluster_size": 2, "origin_tiles": "K-35-078-1_Lesovo_x192_y1152.png;K-35-078-1_Lesovo_x192_y960.png"}}, {"type": "Feature", "geometry": {"type": "Point", "coordinates": [469575.4254665, 4642641.869431001]}, "properties": {"source_tile": "K-35-078-1_Lesovo_x2016_y1344.png", "label": "triangulation_mound", "subtype": "triangulation_mound", "cluster_size": 1, "origin_tiles": "K-35-078-1_Lesovo_x2112_y1152.png"}}, {"type": "Feature", "geometry": {"type": "Point", "coordinates": [469015.6037465, 4645511.499142749]}, "properties": {"source_tile": "K-35-078-1_Lesovo_x2016_y672.png", "label": "burial_mound", "subtype": "burial_mound", "cluster_size": 2, "origin_tiles": "K-35-078-1_Lesovo_x1920_y768.png;K-35-078-1_Lesovo_x2112_y576.png"}}, {"type": "Feature", "geometry": {"type": "Point", "coordinates": [468561.0806764999, 4645392.1928745005]}, "properties": {"source_tile": "K-35-078-1_Lesovo_x2016_y672.png", "label": "burial_mound", "subtype": "burial_mound", "cluster_size": 1, "origin_tiles": "K-35-078-1_Lesovo_x1920_y768.png"}}, {"type": "Feature", "geometry": {"type": "Point", "coordinates": [468997.7319575, 4644754.6047215]}, "properties": {"source_tile": "K-35-078-1_Lesovo_x2016_y672.png", "label": "burial_mound", "subtype": "burial_mound", "cluster_size": 1, "origin_tiles": "K-35-078-1_Lesovo_x1920_y768.png"}}, {"type": "Feature", "geometry": {"type": "Point", "coordinates": [469349.37148449995, 4644633.849388999]}, "properties": {"source_tile": "K-35-078-1_Lesovo_x2016_y1008.png", "label": "burial_mound", "subtype": "burial_mound", "cluster_size": 1, "origin_tiles": "K-35-078-1_Lesovo_x1920_y768.png"}}, {"type": "Feature", "geometry": {"type": "Point", "coordinates": [468940.7354405, 4644612.596450999]}, "properties": {"source_tile": "K-35-078-1_Lesovo_x2016_y1008.png", "label": "burial_mound", "subtype": "burial_mound", "cluster_size": 1, "origin_tiles": "K-35-078-1_Lesovo_x1920_y768.png"}}, {"type": "Feature", "geometry": {"type": "Point", "coordinates": [468515.67667149997, 4644635.7814745]}, "properties": {"source_tile": "K-35-078-1_Lesovo_x2016_y1008.png", "label": "burial_mound", "subtype": "burial_mound", "cluster_size": 1, "origin_tiles": "K-35-078-1_Lesovo_x1920_y768.png"}}, {"type": "Feature", "geometry": {"type": "Point", "coordinates": [469404.43591599993, 4638787.3592305]}, "properties": {"source_tile": "K-35-078-1_Lesovo_x2016_y2016.png", "label": "burial_mound", "subtype": "burial_mound", "cluster_size": 1, "origin_tiles": "K-35-078-1_Lesovo_x2112_y2112.png"}}, {"type": "Feature", "geometry": {"type": "Point", "coordinates": [470577.2117015, 4634670.085427]}, "properties": {"source_tile": "K-35-078-1_Lesovo_x2352_y2688.png", "label": "burial_mound", "subtype": "burial_mound", "cluster_size": 1, "origin_tiles": "K-35-078-1_Lesovo_x2112_y2880.png"}}, {"type": "Feature", "geometry": {"type": "Point", "coordinates": [469364.8281669999, 4633352.403243001]}, "properties": {"source_tile": "K-35-078-1_Lesovo_x2016_y3024.png", "label": "benchmark_mound", "subtype": "benchmark_mound", "cluster_size": 1, "origin_tiles": "K-35-078-1_Lesovo_x2112_y3072.png"}}, {"type": "Feature", "geometry": {"type": "Point", "coordinates": [469962.80857150006, 4640225.796746]}, "properties": {"source_tile": "K-35-078-1_Lesovo_x2016_y1680.png", "label": "burial_mound", "subtype": "burial_mound", "cluster_size": 1, "origin_tiles": "K-35-078-1_Lesovo_x2112_y1728.png"}}, {"type": "Feature", "geometry": {"type": "Point", "coordinates": [470783.46180824994, 4631580.197989]}, "properties": {"source_tile": "K-35-078-1_Lesovo_x2352_y3360.png", "label": "burial_mound", "subtype": "burial_mound", "cluster_size": 2, "origin_tiles": "K-35-078-1_Lesovo_x2112_y3264.png;K-35-078-1_Lesovo_x2112_y3456.png"}}, {"type": "Feature", "geometry": {"type": "Point", "coordinates": [470546.29833650007, 4632204.7445665]}, "properties": {"source_tile": "K-35-078-1_Lesovo_x2352_y3360.png", "label": "burial_mound", "subtype": "burial_mound", "cluster_size": 1, "origin_tiles": "K-35-078-1_Lesovo_x2112_y3456.png"}}, {"type": "Feature", "geometry": {"type": "Point", "coordinates": [330544.04919949995, 4685346.819163]}, "properties": {"source_tile": "K-35-062-2_Rakovski_x3024_y672.png", "label": "burial_mound", "subtype": "burial_mound", "cluster_size": 1, "origin_tiles": "K-35-062-2_Rakovski_x3264_y576.png"}}, {"type": "Feature", "geometry": {"type": "Point", "coordinates": [471133.652272, 4638396.11195425]}, "properties": {"source_tile": "K-35-078-1_Lesovo_x2352_y2016.png", "label": "burial_mound", "subtype": "burial_mound", "cluster_size": 2, "origin_tiles": "K-35-078-1_Lesovo_x2304_y2112.png;K-35-078-1_Lesovo_x2496_y1920.png"}}, {"type": "Feature", "geometry": {"type": "Point", "coordinates": [471211.5797128333, 4643340.962300333]}, "properties": {"source_tile": "K-35-078-1_Lesovo_x2352_y1008.png", "label": "burial_mound", "subtype": "burial_mound", "cluster_size": 3, "origin_tiles": "K-35-078-1_Lesovo_x2304_y1152.png;K-35-078-1_Lesovo_x2304_y960.png;K-35-078-1_Lesovo_x2496_y960.png"}}, {"type": "Feature", "geometry": {"type": "Point", "coordinates": [470802.29964, 4642545.265165]}, "properties": {"source_tile": "K-35-078-1_Lesovo_x2352_y1344.png", "label": "burial_mound", "subtype": "burial_mound", "cluster_size": 1, "origin_tiles": "K-35-078-1_Lesovo_x2304_y1152.png"}}, {"type": "Feature", "geometry": {"type": "Point", "coordinates": [471031.25175, 4635120.261304999]}, "properties": {"source_tile": "K-35-078-1_Lesovo_x2352_y2688.png", "label": "burial_mound", "subtype": "burial_mound", "cluster_size": 1, "origin_tiles": "K-35-078-1_Lesovo_x2304_y2880.png"}}, {"type": "Feature", "geometry": {"type": "Point", "coordinates": [470671.8838815, 4642083.496775]}, "properties": {"source_tile": "K-35-078-1_Lesovo_x2352_y1344.png", "label": "burial_mound", "subtype": "burial_mound", "cluster_size": 1, "origin_tiles": "K-35-078-1_Lesovo_x2304_y1344.png"}}, {"type": "Feature", "geometry": {"type": "Point", "coordinates": [471789.27322133334, 4648074.893332833]}, "properties": {"source_tile": "K-35-078-1_Lesovo_x2352_y0.png", "label": "triangulation_mound", "subtype": "triangulation_mound", "cluster_size": 3, "origin_tiles": "K-35-078-1_Lesovo_x2304_y192.png;K-35-078-1_Lesovo_x2496_y0.png;K-35-078-1_Lesovo_x2496_y192.png"}}, {"type": "Feature", "geometry": {"type": "Point", "coordinates": [471283.3888835, 4647141.213105251]}, "properties": {"source_tile": "K-35-078-1_Lesovo_x2352_y336.png", "label": "burial_mound", "subtype": "burial_mound", "cluster_size": 2, "origin_tiles": "K-35-078-1_Lesovo_x2304_y192.png;K-35-078-1_Lesovo_x2496_y192.png"}}, {"type": "Feature", "geometry": {"type": "Point", "coordinates": [471815.67838749994, 4647123.341316]}, "properties": {"source_tile": "K-35-078-1_Lesovo_x2352_y336.png", "label": "burial_mound", "subtype": "burial_mound", "cluster_size": 1, "origin_tiles": "K-35-078-1_Lesovo_x2304_y192.png"}}, {"type": "Feature", "geometry": {"type": "Point", "coordinates": [471012.89693975, 4648256.026331]}, "properties": {"source_tile": "K-35-078-1_Lesovo_x2352_y0.png", "label": "burial_mound", "subtype": "burial_mound", "cluster_size": 2, "origin_tiles": "K-35-078-1_Lesovo_x2304_y0.png;K-35-078-1_Lesovo_x2304_y192.png"}}, {"type": "Feature", "geometry": {"type": "Point", "coordinates": [471724.87037775, 4637752.727544749]}, "properties": {"source_tile": "K-35-078-1_Lesovo_x2352_y2352.png", "label": "burial_mound", "subtype": "burial_mound", "cluster_size": 2, "origin_tiles": "K-35-078-1_Lesovo_x2304_y2304.png;K-35-078-1_Lesovo_x2496_y2112.png"}}, {"type": "Feature", "geometry": {"type": "Point", "coordinates": [471387.23846925003, 4637545.994416]}, "properties": {"source_tile": "K-35-078-1_Lesovo_x2352_y2352.png", "label": "burial_mound", "subtype": "burial_mound", "cluster_size": 2, "origin_tiles": "K-35-078-1_Lesovo_x2304_y2304.png;K-35-078-1_Lesovo_x2496_y2112.png"}}, {"type": "Feature", "geometry": {"type": "Point", "coordinates": [471440.20980799996, 4636987.299746334]}, "properties": {"source_tile": "K-35-078-1_Lesovo_x2352_y2352.png", "label": "burial_mound", "subtype": "burial_mound", "cluster_size": 3, "origin_tiles": "K-35-078-1_Lesovo_x2304_y2304.png;K-35-078-1_Lesovo_x2304_y2496.png;K-35-078-1_Lesovo_x2496_y2496.png"}}, {"type": "Feature", "geometry": {"type": "Point", "coordinates": [459304.4599385, 4647562.890725]}, "properties": {"source_tile": "K-35-078-1_Lesovo_x0_y336.png", "label": "triangulation_mound", "subtype": "triangulation_mound", "cluster_size": 1, "origin_tiles": "K-35-078-1_Lesovo_x0_y384.png"}}, {"type": "Feature", "geometry": {"type": "Point", "coordinates": [460510.0811745, 4647247.9608185]}, "properties": {"source_tile": "K-35-078-1_Lesovo_x336_y336.png", "label": "burial_mound", "subtype": "burial_mound", "cluster_size": 1, "origin_tiles": "K-35-078-1_Lesovo_x192_y384.png"}}, {"type": "Feature", "geometry": {"type": "Point", "coordinates": [460741.9314120001, 4646824.834135]}, "properties": {"source_tile": "K-35-078-1_Lesovo_x336_y336.png", "label": "burial_mound", "subtype": "burial_mound", "cluster_size": 1, "origin_tiles": "K-35-078-1_Lesovo_x192_y384.png"}}, {"type": "Feature", "geometry": {"type": "Point", "coordinates": [460235.72506025, 4646612.78777175]}, "properties": {"source_tile": "K-35-078-1_Lesovo_x336_y336.png", "label": "burial_mound", "subtype": "burial_mound", "cluster_size": 2, "origin_tiles": "K-35-078-1_Lesovo_x192_y384.png;K-35-078-1_Lesovo_x192_y576.png"}}, {"type": "Feature", "geometry": {"type": "Point", "coordinates": [460553.07007275, 4646400.741408249]}, "properties": {"source_tile": "K-35-078-1_Lesovo_x336_y336.png", "label": "burial_mound", "subtype": "burial_mound", "cluster_size": 2, "origin_tiles": "K-35-078-1_Lesovo_x192_y384.png;K-35-078-1_Lesovo_x192_y576.png"}}, {"type": "Feature", "geometry": {"type": "Point", "coordinates": [459862.83259450004, 4646165.993043]}, "properties": {"source_tile": "K-35-078-1_Lesovo_x0_y672.png", "label": "burial_mound", "subtype": "burial_mound", "cluster_size": 1, "origin_tiles": "K-35-078-1_Lesovo_x192_y384.png"}}, {"type": "Feature", "geometry": {"type": "Point", "coordinates": [460140.5698585, 4646108.030483499]}, "properties": {"source_tile": "K-35-078-1_Lesovo_x0_y672.png", "label": "burial_mound", "subtype": "burial_mound", "cluster_size": 2, "origin_tiles": "K-35-078-1_Lesovo_x192_y384.png;K-35-078-1_Lesovo_x192_y576.png"}}, {"type": "Feature", "geometry": {"type": "Point", "coordinates": [459737.24704899994, 4646549.5119779995]}, "properties": {"source_tile": "K-35-078-1_Lesovo_x0_y336.png", "label": "burial_mound", "subtype": "burial_mound", "cluster_size": 1, "origin_tiles": "K-35-078-1_Lesovo_x192_y384.png"}}, {"type": "Feature", "geometry": {"type": "Point", "coordinates": [459831.91922949994, 4646837.392689501]}, "properties": {"source_tile": "K-35-078-1_Lesovo_x0_y336.png", "label": "burial_mound", "subtype": "burial_mound", "cluster_size": 1, "origin_tiles": "K-35-078-1_Lesovo_x192_y384.png"}}, {"type": "Feature", "geometry": {"type": "Point", "coordinates": [460171.966245, 4647563.8567675]}, "properties": {"source_tile": "K-35-078-1_Lesovo_x336_y336.png", "label": "burial_mound", "subtype": "burial_mound", "cluster_size": 1, "origin_tiles": "K-35-078-1_Lesovo_x192_y384.png"}}, {"type": "Feature", "geometry": {"type": "Point", "coordinates": [470966.52689200005, 4641567.6299965]}, "properties": {"source_tile": "K-35-078-1_Lesovo_x2352_y1344.png", "label": "burial_mound", "subtype": "burial_mound", "cluster_size": 1, "origin_tiles": "K-35-078-1_Lesovo_x2304_y1536.png"}}, {"type": "Feature", "geometry": {"type": "Point", "coordinates": [469643.04845200013, 4633365.92784]}, "properties": {"source_tile": "K-35-078-1_Lesovo_x2016_y3024.png", "label": "burial_mound", "subtype": "burial_mound", "cluster_size": 1, "origin_tiles": "K-35-078-1_Lesovo_x2112_y3264.png"}}, {"type": "Feature", "geometry": {"type": "Point", "coordinates": [470764.62397650006, 4633253.866892]}, "properties": {"source_tile": "K-35-078-1_Lesovo_x2352_y3024.png", "label": "burial_mound", "subtype": "burial_mound", "cluster_size": 1, "origin_tiles": "K-35-078-1_Lesovo_x2112_y3264.png"}}, {"type": "Feature", "geometry": {"type": "Point", "coordinates": [470807.1298535, 4632148.7140925005]}, "properties": {"source_tile": "K-35-078-1_Lesovo_x2352_y3360.png", "label": "burial_mound", "subtype": "burial_mound", "cluster_size": 1, "origin_tiles": "K-35-078-1_Lesovo_x2112_y3264.png"}}, {"type": "Feature", "geometry": {"type": "Point", "coordinates": [470366.6144020001, 4645511.01612175]}, "properties": {"source_tile": "K-35-078-1_Lesovo_x2352_y672.png", "label": "benchmark_mound", "subtype": "benchmark_mound", "cluster_size": 2, "origin_tiles": "K-35-078-1_Lesovo_x2112_y768.png;K-35-078-1_Lesovo_x2304_y768.png"}}, {"type": "Feature", "geometry": {"type": "Point", "coordinates": [470829.348835, 4645555.93710525]}, "properties": {"source_tile": "K-35-078-1_Lesovo_x2352_y672.png", "label": "benchmark_mound", "subtype": "benchmark_mound", "cluster_size": 2, "origin_tiles": "K-35-078-1_Lesovo_x2112_y768.png;K-35-078-1_Lesovo_x2304_y768.png"}}, {"type": "Feature", "geometry": {"type": "Point", "coordinates": [471032.2177925, 4648253.6112245]}, "properties": {"source_tile": "K-35-078-1_Lesovo_x2352_y0.png", "label": "burial_mound", "subtype": "burial_mound", "cluster_size": 1, "origin_tiles": "K-35-078-1_Lesovo_x2496_y0.png"}}, {"type": "Feature", "geometry": {"type": "Point", "coordinates": [469616.9653005, 4635523.101093]}, "properties": {"source_tile": "K-35-078-1_Lesovo_x2016_y2688.png", "label": "burial_mound", "subtype": "burial_mound", "cluster_size": 1, "origin_tiles": "K-35-078-1_Lesovo_x2112_y2688.png"}}, {"type": "Feature", "geometry": {"type": "Point", "coordinates": [470213.9796625, 4635249.7110204995]}, "properties": {"source_tile": "K-35-078-1_Lesovo_x2016_y2688.png", "label": "burial_mound", "subtype": "burial_mound", "cluster_size": 1, "origin_tiles": "K-35-078-1_Lesovo_x2112_y2688.png"}}, {"type": "Feature", "geometry": {"type": "Point", "coordinates": [470450.177092, 4635445.817680251]}, "properties": {"source_tile": "K-35-078-1_Lesovo_x2352_y2688.png", "label": "burial_mound", "subtype": "burial_mound", "cluster_size": 2, "origin_tiles": "K-35-078-1_Lesovo_x2112_y2496.png;K-35-078-1_Lesovo_x2112_y2688.png"}}, {"type": "Feature", "geometry": {"type": "Point", "coordinates": [470639.0384315001, 4635229.424125001]}, "properties": {"source_tile": "K-35-078-1_Lesovo_x2352_y2688.png", "label": "burial_mound", "subtype": "burial_mound", "cluster_size": 1, "origin_tiles": "K-35-078-1_Lesovo_x2112_y2688.png"}}, {"type": "Feature", "geometry": {"type": "Point", "coordinates": [469776.36233900004, 4634728.0479865]}, "properties": {"source_tile": "K-35-078-1_Lesovo_x2016_y2688.png", "label": "burial_mound", "subtype": "burial_mound", "cluster_size": 1, "origin_tiles": "K-35-078-1_Lesovo_x2112_y2688.png"}}, {"type": "Feature", "geometry": {"type": "Point", "coordinates": [469600.5425755, 4635886.333132001]}, "properties": {"source_tile": "K-35-078-1_Lesovo_x2016_y2688.png", "label": "burial_mound", "subtype": "burial_mound", "cluster_size": 2, "origin_tiles": "K-35-078-1_Lesovo_x2112_y2496.png;K-35-078-1_Lesovo_x2112_y2688.png"}}, {"type": "Feature", "geometry": {"type": "Point", "coordinates": [469332.94875950005, 4635962.650501501]}, "properties": {"source_tile": "K-35-078-1_Lesovo_x2016_y2688.png", "label": "burial_mound", "subtype": "burial_mound", "cluster_size": 1, "origin_tiles": "K-35-078-1_Lesovo_x2112_y2688.png"}}, {"type": "Feature", "geometry": {"type": "Point", "coordinates": [472316.0884835, 4637080.3618560005]}, "properties": {"source_tile": "K-35-078-1_Lesovo_x2688_y2352.png", "label": "burial_mound", "subtype": "burial_mound", "cluster_size": 1, "origin_tiles": "K-35-078-1_Lesovo_x2496_y2304.png"}}, {"type": "Feature", "geometry": {"type": "Point", "coordinates": [471173.018509625, 4646649.014371375]}, "properties": {"source_tile": "K-35-078-1_Lesovo_x2352_y336.png", "label": "burial_mound", "subtype": "burial_mound", "cluster_size": 4, "origin_tiles": "K-35-078-1_Lesovo_x2304_y384.png;K-35-078-1_Lesovo_x2304_y576.png;K-35-078-1_Lesovo_x2496_y384.png;K-35-078-1_Lesovo_x2496_y576.png"}}, {"type": "Feature", "geometry": {"type": "Point", "coordinates": [469767.6679549999, 4646359.201574501]}, "properties": {"source_tile": "K-35-078-1_Lesovo_x2016_y336.png", "label": "burial_mound", "subtype": "burial_mound", "cluster_size": 1, "origin_tiles": "K-35-078-1_Lesovo_x2112_y576.png"}}, {"type": "Feature", "geometry": {"type": "Point", "coordinates": [469547.410229, 4646476.092735999]}, "properties": {"source_tile": "K-35-078-1_Lesovo_x2016_y336.png", "label": "burial_mound", "subtype": "burial_mound", "cluster_size": 1, "origin_tiles": "K-35-078-1_Lesovo_x2112_y576.png"}}, {"type": "Feature", "geometry": {"type": "Point", "coordinates": [469230.548238, 4646244.242497998]}, "properties": {"source_tile": "K-35-078-1_Lesovo_x2016_y672.png", "label": "burial_mound", "subtype": "burial_mound", "cluster_size": 1, "origin_tiles": "K-35-078-1_Lesovo_x2112_y576.png"}}, {"type": "Feature", "geometry": {"type": "Point", "coordinates": [470457.422412, 4646400.741408501]}, "properties": {"source_tile": "K-35-078-1_Lesovo_x2352_y336.png", "label": "burial_mound", "subtype": "burial_mound", "cluster_size": 1, "origin_tiles": "K-35-078-1_Lesovo_x2112_y576.png"}}, {"type": "Feature", "geometry": {"type": "Point", "coordinates": [470564.653147, 4646295.442759]}, "properties": {"source_tile": "K-35-078-1_Lesovo_x2352_y672.png", "label": "burial_mound", "subtype": "burial_mound", "cluster_size": 1, "origin_tiles": "K-35-078-1_Lesovo_x2112_y576.png"}}, {"type": "Feature", "geometry": {"type": "Point", "coordinates": [469122.3514605, 4645751.5607435]}, "properties": {"source_tile": "K-35-078-1_Lesovo_x2016_y672.png", "label": "burial_mound", "subtype": "burial_mound", "cluster_size": 1, "origin_tiles": "K-35-078-1_Lesovo_x2112_y576.png"}}, {"type": "Feature", "geometry": {"type": "Point", "coordinates": [469892.28745750006, 4645349.686998]}, "properties": {"source_tile": "K-35-078-1_Lesovo_x2016_y672.png", "label": "burial_mound", "subtype": "burial_mound", "cluster_size": 1, "origin_tiles": "K-35-078-1_Lesovo_x2112_y576.png"}}, {"type": "Feature", "geometry": {"type": "Point", "coordinates": [472166.35187150014, 4636220.583891001]}, "properties": {"source_tile": "K-35-078-1_Lesovo_x2688_y2352.png", "label": "burial_mound", "subtype": "burial_mound", "cluster_size": 1, "origin_tiles": "K-35-078-1_Lesovo_x2496_y2496.png"}}, {"type": "Feature", "geometry": {"type": "Point", "coordinates": [472617.4937925, 4636750.94130975]}, "properties": {"source_tile": "K-35-078-1_Lesovo_x2688_y2352.png", "label": "burial_mound", "subtype": "burial_mound", "cluster_size": 2, "origin_tiles": "K-35-078-1_Lesovo_x2496_y2496.png;K-35-078-1_Lesovo_x2688_y2304.png"}}, {"type": "Feature", "geometry": {"type": "Point", "coordinates": [472501.2466595, 4634545.465923999]}, "properties": {"source_tile": "K-35-078-1_Lesovo_x2688_y2688.png", "label": "burial_mound", "subtype": "burial_mound", "cluster_size": 3, "origin_tiles": "K-35-078-1_Lesovo_x2496_y2688.png;K-35-078-1_Lesovo_x2496_y2880.png;K-35-078-1_Lesovo_x2688_y2880.png"}}, {"type": "Feature", "geometry": {"type": "Point", "coordinates": [471351.0118695001, 4639607.529446]}, "properties": {"source_tile": "K-35-078-1_Lesovo_x2352_y1680.png", "label": "burial_mound", "subtype": "burial_mound", "cluster_size": 1, "origin_tiles": "K-35-078-1_Lesovo_x2496_y1920.png"}}, {"type": "Feature", "geometry": {"type": "Point", "coordinates": [471790.56127800007, 4647127.205486501]}, "properties": {"source_tile": "K-35-078-1_Lesovo_x2352_y336.png", "label": "burial_mound", "subtype": "burial_mound", "cluster_size": 1, "origin_tiles": "K-35-078-1_Lesovo_x2496_y192.png"}}, {"type": "Feature", "geometry": {"type": "Point", "coordinates": [471499.7824384999, 4638938.0618845]}, "properties": {"source_tile": "K-35-078-1_Lesovo_x2352_y2016.png", "label": "burial_mound", "subtype": "burial_mound", "cluster_size": 1, "origin_tiles": "K-35-078-1_Lesovo_x2496_y2112.png"}}, {"type": "Feature", "geometry": {"type": "Point", "coordinates": [471963.965935, 4638783.978080751]}, "properties": {"source_tile": "K-35-078-1_Lesovo_x2352_y2016.png", "label": "burial_mound", "subtype": "burial_mound", "cluster_size": 2, "origin_tiles": "K-35-078-1_Lesovo_x2496_y2112.png;K-35-078-1_Lesovo_x2688_y2112.png"}}, {"type": "Feature", "geometry": {"type": "Point", "coordinates": [472246.53341233335, 4638469.853210333]}, "properties": {"source_tile": "K-35-078-1_Lesovo_x2688_y2016.png", "label": "burial_mound", "subtype": "burial_mound", "cluster_size": 3, "origin_tiles": "K-35-078-1_Lesovo_x2496_y2112.png;K-35-078-1_Lesovo_x2688_y1920.png;K-35-078-1_Lesovo_x2688_y2112.png"}}, {"type": "Feature", "geometry": {"type": "Point", "coordinates": [472829.0571345, 4638171.024015]}, "properties": {"source_tile": "K-35-078-1_Lesovo_x2688_y2016.png", "label": "burial_mound", "subtype": "burial_mound", "cluster_size": 1, "origin_tiles": "K-35-078-1_Lesovo_x2496_y2112.png"}}, {"type": "Feature", "geometry": {"type": "Point", "coordinates": [472517.0253565, 4638046.4045125]}, "properties": {"source_tile": "K-35-078-1_Lesovo_x2688_y2016.png", "label": "burial_mound", "subtype": "burial_mound", "cluster_size": 2, "origin_tiles": "K-35-078-1_Lesovo_x2496_y2112.png;K-35-078-1_Lesovo_x2688_y2112.png"}}, {"type": "Feature", "geometry": {"type": "Point", "coordinates": [472002.44663450005, 4638003.254607]}, "properties": {"source_tile": "K-35-078-1_Lesovo_x2688_y2016.png", "label": "burial_mound", "subtype": "burial_mound", "cluster_size": 3, "origin_tiles": "K-35-078-1_Lesovo_x2496_y2112.png;K-35-078-1_Lesovo_x2688_y2112.png;K-35-078-1_Lesovo_x2688_y2304.png"}}, {"type": "Feature", "geometry": {"type": "Point", "coordinates": [472161.8436728334, 4637709.5776395]}, "properties": {"source_tile": "K-35-078-1_Lesovo_x2688_y2352.png", "label": "burial_mound", "subtype": "burial_mound", "cluster_size": 3, "origin_tiles": "K-35-078-1_Lesovo_x2496_y2112.png;K-35-078-1_Lesovo_x2688_y2112.png;K-35-078-1_Lesovo_x2688_y2304.png"}}, {"type": "Feature", "geometry": {"type": "Point", "coordinates": [472405.93045050005, 4637687.036644001]}, "properties": {"source_tile": "K-35-078-1_Lesovo_x2688_y2352.png", "label": "burial_mound", "subtype": "burial_mound", "cluster_size": 1, "origin_tiles": "K-35-078-1_Lesovo_x2496_y2112.png"}}, {"type": "Feature", "geometry": {"type": "Point", "coordinates": [472650.6612571667, 4637685.748587334]}, "properties": {"source_tile": "K-35-078-1_Lesovo_x2688_y2352.png", "label": "burial_mound", "subtype": "burial_mound", "cluster_size": 3, "origin_tiles": "K-35-078-1_Lesovo_x2496_y2112.png;K-35-078-1_Lesovo_x2688_y2112.png;K-35-078-1_Lesovo_x2688_y2304.png"}}, {"type": "Feature", "geometry": {"type": "Point", "coordinates": [472181.1645258334, 4637548.248515833]}, "properties": {"source_tile": "K-35-078-1_Lesovo_x2688_y2352.png", "label": "burial_mound", "subtype": "burial_mound", "cluster_size": 3, "origin_tiles": "K-35-078-1_Lesovo_x2496_y2112.png;K-35-078-1_Lesovo_x2688_y2112.png;K-35-078-1_Lesovo_x2688_y2304.png"}}, {"type": "Feature", "geometry": {"type": "Point", "coordinates": [472438.1318725, 4637315.110221334]}, "properties": {"source_tile": "K-35-078-1_Lesovo_x2688_y2352.png", "label": "burial_mound", "subtype": "burial_mound", "cluster_size": 3, "origin_tiles": "K-35-078-1_Lesovo_x2496_y2112.png;K-35-078-1_Lesovo_x2688_y2112.png;K-35-078-1_Lesovo_x2688_y2304.png"}}, {"type": "Feature", "geometry": {"type": "Point", "coordinates": [472232.284282875, 4632961.63898825]}, "properties": {"source_tile": "K-35-078-1_Lesovo_x2688_y3024.png", "label": "burial_mound", "subtype": "burial_mound", "cluster_size": 4, "origin_tiles": "K-35-078-1_Lesovo_x2496_y3072.png;K-35-078-1_Lesovo_x2496_y3264.png;K-35-078-1_Lesovo_x2688_y3072.png;K-35-078-1_Lesovo_x2688_y3264.png"}}, {"type": "Feature", "geometry": {"type": "Point", "coordinates": [472351.10752987507, 4632522.331090125]}, "properties": {"source_tile": "K-35-078-1_Lesovo_x2688_y3360.png", "label": "burial_mound", "subtype": "burial_mound", "cluster_size": 4, "origin_tiles": "K-35-078-1_Lesovo_x2496_y3072.png;K-35-078-1_Lesovo_x2496_y3264.png;K-35-078-1_Lesovo_x2688_y3072.png;K-35-078-1_Lesovo_x2688_y3264.png"}}, {"type": "Feature", "geometry": {"type": "Point", "coordinates": [472563.395404, 4632285.892149501]}, "properties": {"source_tile": "K-35-078-1_Lesovo_x2688_y3360.png", "label": "burial_mound", "subtype": "burial_mound", "cluster_size": 1, "origin_tiles": "K-35-078-1_Lesovo_x2496_y3264.png"}}, {"type": "Feature", "geometry": {"type": "Point", "coordinates": [472752.41775016667, 4633363.029712]}, "properties": {"source_tile": "K-35-078-1_Lesovo_x2688_y3024.png", "label": "burial_mound", "subtype": "burial_mound", "cluster_size": 3, "origin_tiles": "K-35-078-1_Lesovo_x2496_y3264.png;K-35-078-1_Lesovo_x2688_y3072.png;K-35-078-1_Lesovo_x2688_y3264.png"}}, {"type": "Feature", "geometry": {"type": "Point", "coordinates": [472296.28460949997, 4631712.0628115]}, "properties": {"source_tile": "K-35-078-1_Lesovo_x2688_y3360.png", "label": "burial_mound", "subtype": "burial_mound", "cluster_size": 2, "origin_tiles": "K-35-078-1_Lesovo_x2496_y3264.png;K-35-078-1_Lesovo_x2688_y3264.png"}}, {"type": "Feature", "geometry": {"type": "Point", "coordinates": [471921.94308, 4640957.091037]}, "properties": {"source_tile": "K-35-078-1_Lesovo_x2352_y1680.png", "label": "burial_mound", "subtype": "burial_mound", "cluster_size": 1, "origin_tiles": "K-35-078-1_Lesovo_x2496_y1536.png"}}, {"type": "Feature", "geometry": {"type": "Point", "coordinates": [470501.8603744999, 4633956.179903499]}, "properties": {"source_tile": "K-35-078-1_Lesovo_x2352_y3024.png", "label": "burial_mound", "subtype": "burial_mound", "cluster_size": 1, "origin_tiles": "K-35-078-1_Lesovo_x2304_y3072.png"}}, {"type": "Feature", "geometry": {"type": "Point", "coordinates": [470077.767648, 4633909.8098555]}, "properties": {"source_tile": "K-35-078-1_Lesovo_x2016_y3024.png", "label": "burial_mound", "subtype": "burial_mound", "cluster_size": 1, "origin_tiles": "K-35-078-1_Lesovo_x2304_y3072.png"}}, {"type": "Feature", "geometry": {"type": "Point", "coordinates": [470640.9705165, 4633805.477249]}, "properties": {"source_tile": "K-35-078-1_Lesovo_x2352_y3024.png", "label": "burial_mound", "subtype": "burial_mound", "cluster_size": 1, "origin_tiles": "K-35-078-1_Lesovo_x2304_y3072.png"}}, {"type": "Feature", "geometry": {"type": "Point", "coordinates": [471279.52471299993, 4633993.372545751]}, "properties": {"source_tile": "K-35-078-1_Lesovo_x2352_y3024.png", "label": "burial_mound", "subtype": "burial_mound", "cluster_size": 2, "origin_tiles": "K-35-078-1_Lesovo_x2304_y3072.png;K-35-078-1_Lesovo_x2496_y3072.png"}}, {"type": "Feature", "geometry": {"type": "Point", "coordinates": [470570.4494025, 4634280.7702365]}, "properties": {"source_tile": "K-35-078-1_Lesovo_x2352_y3024.png", "label": "burial_mound", "subtype": "burial_mound", "cluster_size": 1, "origin_tiles": "K-35-078-1_Lesovo_x2304_y3072.png"}}, {"type": "Feature", "geometry": {"type": "Point", "coordinates": [470544.366251, 4634109.780685999]}, "properties": {"source_tile": "K-35-078-1_Lesovo_x2352_y3024.png", "label": "burial_mound", "subtype": "burial_mound", "cluster_size": 1, "origin_tiles": "K-35-078-1_Lesovo_x2304_y3072.png"}}, {"type": "Feature", "geometry": {"type": "Point", "coordinates": [470216.8777905, 4633964.874287499]}, "properties": {"source_tile": "K-35-078-1_Lesovo_x2016_y3024.png", "label": "burial_mound", "subtype": "burial_mound", "cluster_size": 1, "origin_tiles": "K-35-078-1_Lesovo_x2304_y3072.png"}}, {"type": "Feature", "geometry": {"type": "Point", "coordinates": [471356.8081255, 4634227.154868751]}, "properties": {"source_tile": "K-35-078-1_Lesovo_x2352_y3024.png", "label": "burial_mound", "subtype": "burial_mound", "cluster_size": 2, "origin_tiles": "K-35-078-1_Lesovo_x2304_y3072.png;K-35-078-1_Lesovo_x2496_y3072.png"}}, {"type": "Feature", "geometry": {"type": "Point", "coordinates": [471525.382569, 4634003.999015]}, "properties": {"source_tile": "K-35-078-1_Lesovo_x2352_y3024.png", "label": "burial_mound", "subtype": "burial_mound", "cluster_size": 2, "origin_tiles": "K-35-078-1_Lesovo_x2304_y3072.png;K-35-078-1_Lesovo_x2496_y3072.png"}}, {"type": "Feature", "geometry": {"type": "Point", "coordinates": [471799.255662, 4633800.6470355]}, "properties": {"source_tile": "K-35-078-1_Lesovo_x2352_y3024.png", "label": "burial_mound", "subtype": "burial_mound", "cluster_size": 1, "origin_tiles": "K-35-078-1_Lesovo_x2304_y3072.png"}}, {"type": "Feature", "geometry": {"type": "Point", "coordinates": [471255.37364650005, 4633396.35818375]}, "properties": {"source_tile": "K-35-078-1_Lesovo_x2352_y3024.png", "label": "burial_mound", "subtype": "burial_mound", "cluster_size": 2, "origin_tiles": "K-35-078-1_Lesovo_x2304_y3072.png;K-35-078-1_Lesovo_x2496_y3072.png"}}, {"type": "Feature", "geometry": {"type": "Point", "coordinates": [470995.50817175, 4632965.98618]}, "properties": {"source_tile": "K-35-078-1_Lesovo_x2352_y3024.png", "label": "burial_mound", "subtype": "burial_mound", "cluster_size": 2, "origin_tiles": "K-35-078-1_Lesovo_x2304_y3072.png;K-35-078-1_Lesovo_x2496_y3072.png"}}, {"type": "Feature", "geometry": {"type": "Point", "coordinates": [470758.82772049995, 4632687.765895]}, "properties": {"source_tile": "K-35-078-1_Lesovo_x2352_y3360.png", "label": "burial_mound", "subtype": "burial_mound", "cluster_size": 1, "origin_tiles": "K-35-078-1_Lesovo_x2304_y3072.png"}}, {"type": "Feature", "geometry": {"type": "Point", "coordinates": [473332.3653585001, 4640540.7266525]}, "properties": {"source_tile": "K-35-078-1_Lesovo_x2688_y1680.png", "label": "burial_mound", "subtype": "burial_mound", "cluster_size": 1, "origin_tiles": "K-35-078-1_Lesovo_x2688_y1728.png"}}, {"type": "Feature", "geometry": {"type": "Point", "coordinates": [472310.2922275, 4649059.290800001]}, "properties": {"source_tile": "K-35-078-1_Lesovo_x2688_y0.png", "label": "burial_mound", "subtype": "burial_mound", "cluster_size": 1, "origin_tiles": "K-35-078-1_Lesovo_x2688_y0.png"}}, {"type": "Feature", "geometry": {"type": "Point", "coordinates": [471800.22170449997, 4633835.424571499]}, "properties": {"source_tile": "K-35-078-1_Lesovo_x2352_y3024.png", "label": "burial_mound", "subtype": "burial_mound", "cluster_size": 1, "origin_tiles": "K-35-078-1_Lesovo_x2496_y3072.png"}}, {"type": "Feature", "geometry": {"type": "Point", "coordinates": [472487.07803374995, 4633213.776121501]}, "properties": {"source_tile": "K-35-078-1_Lesovo_x2688_y3024.png", "label": "burial_mound", "subtype": "burial_mound", "cluster_size": 2, "origin_tiles": "K-35-078-1_Lesovo_x2496_y3072.png;K-35-078-1_Lesovo_x2688_y3072.png"}}, {"type": "Feature", "geometry": {"type": "Point", "coordinates": [472751.77372199995, 4633559.136371501]}, "properties": {"source_tile": "K-35-078-1_Lesovo_x2688_y3024.png", "label": "burial_mound", "subtype": "burial_mound", "cluster_size": 1, "origin_tiles": "K-35-078-1_Lesovo_x2496_y3072.png"}}, {"type": "Feature", "geometry": {"type": "Point", "coordinates": [471523.933505, 4642508.5555445]}, "properties": {"source_tile": "K-35-078-1_Lesovo_x2352_y1344.png", "label": "burial_mound", "subtype": "burial_mound", "cluster_size": 1, "origin_tiles": "K-35-078-1_Lesovo_x2496_y1344.png"}}, {"type": "Feature", "geometry": {"type": "Point", "coordinates": [471942.2299755, 4642462.1854965]}, "properties": {"source_tile": "K-35-078-1_Lesovo_x2352_y1344.png", "label": "burial_mound", "subtype": "burial_mound", "cluster_size": 1, "origin_tiles": "K-35-078-1_Lesovo_x2496_y1344.png"}}, {"type": "Feature", "geometry": {"type": "Point", "coordinates": [471795.39149149996, 4642404.222936999]}, "properties": {"source_tile": "K-35-078-1_Lesovo_x2352_y1344.png", "label": "burial_mound", "subtype": "burial_mound", "cluster_size": 1, "origin_tiles": "K-35-078-1_Lesovo_x2496_y1344.png"}}, {"type": "Feature", "geometry": {"type": "Point", "coordinates": [472109.83837599994, 4642295.543138251]}, "properties": {"source_tile": "K-35-078-1_Lesovo_x2688_y1344.png", "label": "burial_mound", "subtype": "burial_mound", "cluster_size": 2, "origin_tiles": "K-35-078-1_Lesovo_x2496_y1344.png;K-35-078-1_Lesovo_x2688_y1344.png"}}, {"type": "Feature", "geometry": {"type": "Point", "coordinates": [471818.5765149999, 4641980.130210999]}, "properties": {"source_tile": "K-35-078-1_Lesovo_x2352_y1344.png", "label": "burial_mound", "subtype": "burial_mound", "cluster_size": 1, "origin_tiles": "K-35-078-1_Lesovo_x2496_y1344.png"}}, {"type": "Feature", "geometry": {"type": "Point", "coordinates": [472134.47246416664, 4641918.3034810005]}, "properties": {"source_tile": "K-35-078-1_Lesovo_x2688_y1344.png", "label": "burial_mound", "subtype": "burial_mound", "cluster_size": 3, "origin_tiles": "K-35-078-1_Lesovo_x2496_y1344.png;K-35-078-1_Lesovo_x2688_y1344.png;K-35-078-1_Lesovo_x2688_y1536.png"}}, {"type": "Feature", "geometry": {"type": "Point", "coordinates": [472548.26073549996, 4641746.991916333]}, "properties": {"source_tile": "K-35-078-1_Lesovo_x2688_y1344.png", "label": "burial_mound", "subtype": "burial_mound", "cluster_size": 3, "origin_tiles": "K-35-078-1_Lesovo_x2496_y1344.png;K-35-078-1_Lesovo_x2688_y1344.png;K-35-078-1_Lesovo_x2688_y1536.png"}}, {"type": "Feature", "geometry": {"type": "Point", "coordinates": [471833.0671555, 4641474.889901]}, "properties": {"source_tile": "K-35-078-1_Lesovo_x2352_y1344.png", "label": "burial_mound", "subtype": "burial_mound", "cluster_size": 1, "origin_tiles": "K-35-078-1_Lesovo_x2496_y1344.png"}}, {"type": "Feature", "geometry": {"type": "Point", "coordinates": [472288.717275, 4641361.862910499]}, "properties": {"source_tile": "K-35-078-1_Lesovo_x2688_y1344.png", "label": "burial_mound", "subtype": "burial_mound", "cluster_size": 3, "origin_tiles": "K-35-078-1_Lesovo_x2496_y1344.png;K-35-078-1_Lesovo_x2688_y1344.png;K-35-078-1_Lesovo_x2688_y1536.png"}}, {"type": "Feature", "geometry": {"type": "Point", "coordinates": [471249.5773905, 4641353.1685265]}, "properties": {"source_tile": "K-35-078-1_Lesovo_x2352_y1344.png", "label": "burial_mound", "subtype": "burial_mound", "cluster_size": 1, "origin_tiles": "K-35-078-1_Lesovo_x2496_y1344.png"}}, {"type": "Feature", "geometry": {"type": "Point", "coordinates": [472506.39888700005, 4642422.2557335]}, "properties": {"source_tile": "K-35-078-1_Lesovo_x2688_y1344.png", "label": "burial_mound", "subtype": "burial_mound", "cluster_size": 3, "origin_tiles": "K-35-078-1_Lesovo_x2496_y1344.png;K-35-078-1_Lesovo_x2688_y1152.png;K-35-078-1_Lesovo_x2688_y1344.png"}}, {"type": "Feature", "geometry": {"type": "Point", "coordinates": [472422.03116149997, 4642985.136588333]}, "properties": {"source_tile": "K-35-078-1_Lesovo_x2688_y1008.png", "label": "burial_mound", "subtype": "burial_mound", "cluster_size": 3, "origin_tiles": "K-35-078-1_Lesovo_x2496_y1152.png;K-35-078-1_Lesovo_x2496_y1344.png;K-35-078-1_Lesovo_x2688_y1344.png"}}, {"type": "Feature", "geometry": {"type": "Point", "coordinates": [334562.33277249994, 4681417.188369001]}, "properties": {"source_tile": "K-35-062-2_Rakovski_x4032_y1344.png", "label": "burial_mound", "subtype": "burial_mound", "cluster_size": 1, "origin_tiles": "K-35-062-2_Rakovski_x4032_y1536.png"}}, {"type": "Feature", "geometry": {"type": "Point", "coordinates": [334496.80680549995, 4681249.5189825]}, "properties": {"source_tile": "K-35-062-2_Rakovski_x4032_y1344.png", "label": "burial_mound", "subtype": "burial_mound", "cluster_size": 1, "origin_tiles": "K-35-062-2_Rakovski_x4032_y1536.png"}}, {"type": "Feature", "geometry": {"type": "Point", "coordinates": [472428.1494319999, 4642971.2899765]}, "properties": {"source_tile": "K-35-078-1_Lesovo_x2688_y1008.png", "label": "burial_mound", "subtype": "burial_mound", "cluster_size": 1, "origin_tiles": "K-35-078-1_Lesovo_x2688_y1152.png"}}, {"type": "Feature", "geometry": {"type": "Point", "coordinates": [473025.1637935, 4643173.192892001]}, "properties": {"source_tile": "K-35-078-1_Lesovo_x2688_y1008.png", "label": "burial_mound", "subtype": "burial_mound", "cluster_size": 1, "origin_tiles": "K-35-078-1_Lesovo_x2688_y1152.png"}}, {"type": "Feature", "geometry": {"type": "Point", "coordinates": [473287.92739624996, 4642987.7127020005]}, "properties": {"source_tile": "K-35-078-1_Lesovo_x2688_y1008.png", "label": "burial_mound", "subtype": "burial_mound", "cluster_size": 2, "origin_tiles": "K-35-078-1_Lesovo_x2688_y1152.png;K-35-078-1_Lesovo_x2688_y1344.png"}}, {"type": "Feature", "geometry": {"type": "Point", "coordinates": [472972.0314475, 4642566.518103667]}, "properties": {"source_tile": "K-35-078-1_Lesovo_x2688_y1344.png", "label": "burial_mound", "subtype": "burial_mound", "cluster_size": 3, "origin_tiles": "K-35-078-1_Lesovo_x2688_y1152.png;K-35-078-1_Lesovo_x2688_y1344.png;K-35-078-1_Lesovo_x2880_y1344.png"}}, {"type": "Feature", "geometry": {"type": "Point", "coordinates": [473556.4872549999, 4642401.80783075]}, "properties": {"source_tile": "K-35-078-1_Lesovo_x2688_y1344.png", "label": "burial_mound", "subtype": "burial_mound", "cluster_size": 2, "origin_tiles": "K-35-078-1_Lesovo_x2688_y1152.png;K-35-078-1_Lesovo_x2688_y1344.png"}}, {"type": "Feature", "geometry": {"type": "Point", "coordinates": [473721.6805495, 4642862.127156501]}, "properties": {"source_tile": "K-35-078-1_Lesovo_x3024_y1344.png", "label": "burial_mound", "subtype": "burial_mound", "cluster_size": 1, "origin_tiles": "K-35-078-1_Lesovo_x2688_y1152.png"}}, {"type": "Feature", "geometry": {"type": "Point", "coordinates": [473033.85817749996, 4642154.0178890005]}, "properties": {"source_tile": "K-35-078-1_Lesovo_x2688_y1344.png", "label": "burial_mound", "subtype": "burial_mound", "cluster_size": 1, "origin_tiles": "K-35-078-1_Lesovo_x2688_y1152.png"}}, {"type": "Feature", "geometry": {"type": "Point", "coordinates": [471284.35492650006, 4632200.880396]}, "properties": {"source_tile": "K-35-078-1_Lesovo_x2352_y3360.png", "label": "burial_mound", "subtype": "burial_mound", "cluster_size": 1, "origin_tiles": "K-35-078-1_Lesovo_x2304_y3264.png"}}, {"type": "Feature", "geometry": {"type": "Point", "coordinates": [471598.31878950004, 4635890.197302501]}, "properties": {"source_tile": "K-35-078-1_Lesovo_x2352_y2688.png", "label": "burial_mound", "subtype": "burial_mound", "cluster_size": 1, "origin_tiles": "K-35-078-1_Lesovo_x2304_y2688.png"}}, {"type": "Feature", "geometry": {"type": "Point", "coordinates": [471349.07978399994, 4635598.45242]}, "properties": {"source_tile": "K-35-078-1_Lesovo_x2352_y2688.png", "label": "burial_mound", "subtype": "burial_mound", "cluster_size": 1, "origin_tiles": "K-35-078-1_Lesovo_x2304_y2688.png"}}, {"type": "Feature", "geometry": {"type": "Point", "coordinates": [470460.32054, 4635420.7005710015]}, "properties": {"source_tile": "K-35-078-1_Lesovo_x2352_y2688.png", "label": "burial_mound", "subtype": "burial_mound", "cluster_size": 1, "origin_tiles": "K-35-078-1_Lesovo_x2304_y2688.png"}}, {"type": "Feature", "geometry": {"type": "Point", "coordinates": [470460.3205399999, 4634558.0244785]}, "properties": {"source_tile": "K-35-078-1_Lesovo_x2352_y2688.png", "label": "burial_mound", "subtype": "burial_mound", "cluster_size": 1, "origin_tiles": "K-35-078-1_Lesovo_x2304_y2688.png"}}, {"type": "Feature", "geometry": {"type": "Point", "coordinates": [470578.1777439999, 4634444.9974879995]}, "properties": {"source_tile": "K-35-078-1_Lesovo_x2352_y3024.png", "label": "burial_mound", "subtype": "burial_mound", "cluster_size": 1, "origin_tiles": "K-35-078-1_Lesovo_x2304_y2688.png"}}, {"type": "Feature", "geometry": {"type": "Point", "coordinates": [470610.05715199996, 4634963.7623945]}, "properties": {"source_tile": "K-35-078-1_Lesovo_x2352_y2688.png", "label": "burial_mound", "subtype": "burial_mound", "cluster_size": 1, "origin_tiles": "K-35-078-1_Lesovo_x2304_y2688.png"}}, {"type": "Feature", "geometry": {"type": "Point", "coordinates": [470668.01971100003, 4635235.220381]}, "properties": {"source_tile": "K-35-078-1_Lesovo_x2352_y2688.png", "label": "burial_mound", "subtype": "burial_mound", "cluster_size": 1, "origin_tiles": "K-35-078-1_Lesovo_x2304_y2688.png"}}, {"type": "Feature", "geometry": {"type": "Point", "coordinates": [465354.7850989999, 4638098.570816001]}, "properties": {"source_tile": "K-35-078-1_Lesovo_x1344_y2016.png", "label": "triangulation_mound", "subtype": "triangulation_mound", "cluster_size": 1, "origin_tiles": "K-35-078-1_Lesovo_x1152_y2304.png"}}, {"type": "Feature", "geometry": {"type": "Point", "coordinates": [468204.610936, 4638660.807641999]}, "properties": {"source_tile": "K-35-078-1_Lesovo_x1680_y2016.png", "label": "burial_mound", "subtype": "burial_mound", "cluster_size": 1, "origin_tiles": "K-35-078-1_Lesovo_x1728_y2112.png"}}, {"type": "Feature", "geometry": {"type": "Point", "coordinates": [468787.13465849997, 4639069.443686]}, "properties": {"source_tile": "K-35-078-1_Lesovo_x2016_y2016.png", "label": "burial_mound", "subtype": "burial_mound", "cluster_size": 1, "origin_tiles": "K-35-078-1_Lesovo_x1728_y2112.png"}}, {"type": "Feature", "geometry": {"type": "Point", "coordinates": [468082.889561, 4638410.602594]}, "properties": {"source_tile": "K-35-078-1_Lesovo_x1680_y2016.png", "label": "burial_mound", "subtype": "burial_mound", "cluster_size": 1, "origin_tiles": "K-35-078-1_Lesovo_x1728_y2112.png"}}, {"type": "Feature", "geometry": {"type": "Point", "coordinates": [468544.65795150003, 4638412.534679]}, "properties": {"source_tile": "K-35-078-1_Lesovo_x1680_y2016.png", "label": "burial_mound", "subtype": "burial_mound", "cluster_size": 1, "origin_tiles": "K-35-078-1_Lesovo_x1728_y2112.png"}}, {"type": "Feature", "geometry": {"type": "Point", "coordinates": [467143.896099, 4638209.6657215]}, "properties": {"source_tile": "K-35-078-1_Lesovo_x1680_y2016.png", "label": "burial_mound", "subtype": "burial_mound", "cluster_size": 1, "origin_tiles": "K-35-078-1_Lesovo_x1728_y2112.png"}}, {"type": "Feature", "geometry": {"type": "Point", "coordinates": [467828.8203425, 4637969.121100001]}, "properties": {"source_tile": "K-35-078-1_Lesovo_x1680_y2016.png", "label": "burial_mound", "subtype": "burial_mound", "cluster_size": 1, "origin_tiles": "K-35-078-1_Lesovo_x1728_y2112.png"}}, {"type": "Feature", "geometry": {"type": "Point", "coordinates": [467391.2030195, 4637968.1550575]}, "properties": {"source_tile": "K-35-078-1_Lesovo_x1680_y2016.png", "label": "burial_mound", "subtype": "burial_mound", "cluster_size": 1, "origin_tiles": "K-35-078-1_Lesovo_x1728_y2112.png"}}, {"type": "Feature", "geometry": {"type": "Point", "coordinates": [467392.169062, 4637525.707519999]}, "properties": {"source_tile": "K-35-078-1_Lesovo_x1680_y2352.png", "label": "burial_mound", "subtype": "burial_mound", "cluster_size": 1, "origin_tiles": "K-35-078-1_Lesovo_x1728_y2112.png"}}, {"type": "Feature", "geometry": {"type": "Point", "coordinates": [467283.0062415, 4637376.936951499]}, "properties": {"source_tile": "K-35-078-1_Lesovo_x1680_y2352.png", "label": "burial_mound", "subtype": "burial_mound", "cluster_size": 1, "origin_tiles": "K-35-078-1_Lesovo_x1728_y2112.png"}}, {"type": "Feature", "geometry": {"type": "Point", "coordinates": [472005.264258875, 4645091.27058725]}, "properties": {"source_tile": "K-35-078-1_Lesovo_x2688_y672.png", "label": "burial_mound", "subtype": "burial_mound", "cluster_size": 4, "origin_tiles": "K-35-078-1_Lesovo_x2496_y576.png;K-35-078-1_Lesovo_x2496_y768.png;K-35-078-1_Lesovo_x2688_y576.png;K-35-078-1_Lesovo_x2688_y768.png"}}, {"type": "Feature", "geometry": {"type": "Point", "coordinates": [471818.57651549997, 4645899.365269501]}, "properties": {"source_tile": "K-35-078-1_Lesovo_x2352_y672.png", "label": "burial_mound", "subtype": "burial_mound", "cluster_size": 1, "origin_tiles": "K-35-078-1_Lesovo_x2496_y768.png"}}, {"type": "Feature", "geometry": {"type": "Point", "coordinates": [471720.04016425, 4645741.417295251]}, "properties": {"source_tile": "K-35-078-1_Lesovo_x2352_y672.png", "label": "burial_mound", "subtype": "burial_mound", "cluster_size": 2, "origin_tiles": "K-35-078-1_Lesovo_x2496_y576.png;K-35-078-1_Lesovo_x2496_y768.png"}}, {"type": "Feature", "geometry": {"type": "Point", "coordinates": [472235.18241087504, 4645673.06977725]}, "properties": {"source_tile": "K-35-078-1_Lesovo_x2688_y672.png", "label": "burial_mound", "subtype": "burial_mound", "cluster_size": 4, "origin_tiles": "K-35-078-1_Lesovo_x2496_y576.png;K-35-078-1_Lesovo_x2496_y768.png;K-35-078-1_Lesovo_x2688_y576.png;K-35-078-1_Lesovo_x2688_y768.png"}}, {"type": "Feature", "geometry": {"type": "Point", "coordinates": [472668.45254262496, 4645086.19886325]}, "properties": {"source_tile": "K-35-078-1_Lesovo_x2688_y672.png", "label": "burial_mound", "subtype": "burial_mound", "cluster_size": 4, "origin_tiles": "K-35-078-1_Lesovo_x2496_y576.png;K-35-078-1_Lesovo_x2496_y768.png;K-35-078-1_Lesovo_x2688_y576.png;K-35-078-1_Lesovo_x2688_y768.png"}}, {"type": "Feature", "geometry": {"type": "Point", "coordinates": [472658.067584, 4639304.1920515]}, "properties": {"source_tile": "K-35-078-1_Lesovo_x2688_y2016.png", "label": "burial_mound", "subtype": "burial_mound", "cluster_size": 1, "origin_tiles": "K-35-078-1_Lesovo_x2688_y1920.png"}}, {"type": "Feature", "geometry": {"type": "Point", "coordinates": [472916.9670161666, 4639159.285653334]}, "properties": {"source_tile": "K-35-078-1_Lesovo_x2688_y2016.png", "label": "burial_mound", "subtype": "burial_mound", "cluster_size": 3, "origin_tiles": "K-35-078-1_Lesovo_x2688_y1920.png;K-35-078-1_Lesovo_x2688_y2112.png;K-35-078-1_Lesovo_x2880_y1920.png"}}, {"type": "Feature", "geometry": {"type": "Point", "coordinates": [473230.286851, 4639073.307856333]}, "properties": {"source_tile": "K-35-078-1_Lesovo_x2688_y2016.png", "label": "burial_mound", "subtype": "burial_mound", "cluster_size": 3, "origin_tiles": "K-35-078-1_Lesovo_x2688_y1920.png;K-35-078-1_Lesovo_x2688_y2112.png;K-35-078-1_Lesovo_x2880_y1920.png"}}, {"type": "Feature", "geometry": {"type": "Point", "coordinates": [473386.4637475, 4638684.31468]}, "properties": {"source_tile": "K-35-078-1_Lesovo_x2688_y2016.png", "label": "burial_mound", "subtype": "burial_mound", "cluster_size": 3, "origin_tiles": "K-35-078-1_Lesovo_x2688_y1920.png;K-35-078-1_Lesovo_x2688_y2112.png;K-35-078-1_Lesovo_x2880_y1920.png"}}, {"type": "Feature", "geometry": {"type": "Point", "coordinates": [472299.66575850005, 4639224.9765535]}, "properties": {"source_tile": "K-35-078-1_Lesovo_x2688_y2016.png", "label": "burial_mound", "subtype": "burial_mound", "cluster_size": 1, "origin_tiles": "K-35-078-1_Lesovo_x2688_y1920.png"}}, {"type": "Feature", "geometry": {"type": "Point", "coordinates": [472714.09805800003, 4639706.065796998]}, "properties": {"source_tile": "K-35-078-1_Lesovo_x2688_y1680.png", "label": "burial_mound", "subtype": "burial_mound", "cluster_size": 1, "origin_tiles": "K-35-078-1_Lesovo_x2688_y1920.png"}}, {"type": "Feature", "geometry": {"type": "Point", "coordinates": [472716.03014349996, 4639549.566886499]}, "properties": {"source_tile": "K-35-078-1_Lesovo_x2688_y2016.png", "label": "burial_mound", "subtype": "burial_mound", "cluster_size": 1, "origin_tiles": "K-35-078-1_Lesovo_x2688_y1920.png"}}, {"type": "Feature", "geometry": {"type": "Point", "coordinates": [473105.8283555, 4640048.0448974995]}, "properties": {"source_tile": "K-35-078-1_Lesovo_x2688_y1680.png", "label": "burial_mound", "subtype": "burial_mound", "cluster_size": 2, "origin_tiles": "K-35-078-1_Lesovo_x2688_y1920.png;K-35-078-1_Lesovo_x2880_y1920.png"}}, {"type": "Feature", "geometry": {"type": "Point", "coordinates": [469361.930039, 4644166.2847435]}, "properties": {"source_tile": "K-35-078-1_Lesovo_x2016_y1008.png", "label": "burial_mound", "subtype": "burial_mound", "cluster_size": 1, "origin_tiles": "K-35-078-1_Lesovo_x2112_y960.png"}}, {"type": "Feature", "geometry": {"type": "Point", "coordinates": [469755.1094, 4644133.439293]}, "properties": {"source_tile": "K-35-078-1_Lesovo_x2016_y1008.png", "label": "burial_mound", "subtype": "burial_mound", "cluster_size": 1, "origin_tiles": "K-35-078-1_Lesovo_x2112_y960.png"}}, {"type": "Feature", "geometry": {"type": "Point", "coordinates": [469706.8072675, 4643490.054884]}, "properties": {"source_tile": "K-35-078-1_Lesovo_x2016_y1008.png", "label": "burial_mound", "subtype": "burial_mound", "cluster_size": 1, "origin_tiles": "K-35-078-1_Lesovo_x2112_y960.png"}}, {"type": "Feature", "geometry": {"type": "Point", "coordinates": [469802.4454905001, 4643227.291281]}, "properties": {"source_tile": "K-35-078-1_Lesovo_x2016_y1008.png", "label": "burial_mound", "subtype": "burial_mound", "cluster_size": 1, "origin_tiles": "K-35-078-1_Lesovo_x2112_y960.png"}}, {"type": "Feature", "geometry": {"type": "Point", "coordinates": [470094.19037250004, 4643518.0701205]}, "properties": {"source_tile": "K-35-078-1_Lesovo_x2016_y1008.png", "label": "burial_mound", "subtype": "burial_mound", "cluster_size": 1, "origin_tiles": "K-35-078-1_Lesovo_x2112_y960.png"}}, {"type": "Feature", "geometry": {"type": "Point", "coordinates": [470291.2630745, 4644110.254269499]}, "properties": {"source_tile": "K-35-078-1_Lesovo_x2016_y1008.png", "label": "burial_mound", "subtype": "burial_mound", "cluster_size": 1, "origin_tiles": "K-35-078-1_Lesovo_x2112_y960.png"}}, {"type": "Feature", "geometry": {"type": "Point", "coordinates": [470376.2748285, 4643175.124977499]}, "properties": {"source_tile": "K-35-078-1_Lesovo_x2352_y1008.png", "label": "burial_mound", "subtype": "burial_mound", "cluster_size": 1, "origin_tiles": "K-35-078-1_Lesovo_x2112_y960.png"}}, {"type": "Feature", "geometry": {"type": "Point", "coordinates": [472944.01621050003, 4635774.272183499]}, "properties": {"source_tile": "K-35-078-1_Lesovo_x2688_y2688.png", "label": "burial_mound", "subtype": "burial_mound", "cluster_size": 1, "origin_tiles": "K-35-078-1_Lesovo_x2688_y2688.png"}}, {"type": "Feature", "geometry": {"type": "Point", "coordinates": [473501.42282349995, 4643476.5302865]}, "properties": {"source_tile": "K-35-078-1_Lesovo_x2688_y1008.png", "label": "burial_mound", "subtype": "burial_mound", "cluster_size": 1, "origin_tiles": "K-35-078-1_Lesovo_x2688_y960.png"}}, {"type": "Feature", "geometry": {"type": "Point", "coordinates": [472918.41607975, 4645072.4327552505]}, "properties": {"source_tile": "K-35-078-1_Lesovo_x2688_y672.png", "label": "burial_mound", "subtype": "burial_mound", "cluster_size": 2, "origin_tiles": "K-35-078-1_Lesovo_x2688_y576.png;K-35-078-1_Lesovo_x2688_y768.png"}}, {"type": "Feature", "geometry": {"type": "Point", "coordinates": [471360.67229600006, 4646071.803884]}, "properties": {"source_tile": "K-35-078-1_Lesovo_x2352_y672.png", "label": "burial_mound", "subtype": "burial_mound", "cluster_size": 2, "origin_tiles": "K-35-078-1_Lesovo_x2496_y384.png;K-35-078-1_Lesovo_x2496_y576.png"}}, {"type": "Feature", "geometry": {"type": "Point", "coordinates": [472001.15857749997, 4634439.201231999]}, "properties": {"source_tile": "K-35-078-1_Lesovo_x2688_y3024.png", "label": "burial_mound", "subtype": "burial_mound", "cluster_size": 1, "origin_tiles": "K-35-078-1_Lesovo_x2496_y2880.png"}}, {"type": "Feature", "geometry": {"type": "Point", "coordinates": [473674.344459, 4633052.446998]}, "properties": {"source_tile": "K-35-078-1_Lesovo_x2688_y3024.png", "label": "burial_mound", "subtype": "burial_mound", "cluster_size": 2, "origin_tiles": "K-35-078-1_Lesovo_x2688_y3264.png;K-35-078-1_Lesovo_x2880_y3072.png"}}, {"type": "Feature", "geometry": {"type": "Point", "coordinates": [473665.65007549996, 4632462.677956]}, "properties": {"source_tile": "K-35-078-1_Lesovo_x3024_y3360.png", "label": "burial_mound", "subtype": "burial_mound", "cluster_size": 1, "origin_tiles": "K-35-078-1_Lesovo_x2688_y3264.png"}}, {"type": "Feature", "geometry": {"type": "Point", "coordinates": [472634.8825605, 4632085.921319501]}, "properties": {"source_tile": "K-35-078-1_Lesovo_x2688_y3360.png", "label": "burial_mound", "subtype": "burial_mound", "cluster_size": 1, "origin_tiles": "K-35-078-1_Lesovo_x2688_y3264.png"}}, {"type": "Feature", "geometry": {"type": "Point", "coordinates": [474613.3379215, 4640890.434094001]}, "properties": {"source_tile": "K-35-078-1_Lesovo_x3024_y1680.png", "label": "burial_mound", "subtype": "burial_mound", "cluster_size": 1, "origin_tiles": "K-35-078-1_Lesovo_x2880_y1728.png"}}, {"type": "Feature", "geometry": {"type": "Point", "coordinates": [473065.25456374994, 4636856.239959]}, "properties": {"source_tile": "K-35-078-1_Lesovo_x2688_y2352.png", "label": "burial_mound", "subtype": "burial_mound", "cluster_size": 2, "origin_tiles": "K-35-078-1_Lesovo_x2688_y2496.png;K-35-078-1_Lesovo_x2880_y2304.png"}}, {"type": "Feature", "geometry": {"type": "Point", "coordinates": [473571.94393750007, 4648187.9203235]}, "properties": {"source_tile": "K-35-078-1_Lesovo_x2688_y0.png", "label": "triangulation_mound", "subtype": "triangulation_mound", "cluster_size": 1, "origin_tiles": "K-35-078-1_Lesovo_x2880_y192.png"}}, {"type": "Feature", "geometry": {"type": "Point", "coordinates": [473475.3396715001, 4643483.292585]}, "properties": {"source_tile": "K-35-078-1_Lesovo_x2688_y1008.png", "label": "triangulation_mound", "subtype": "triangulation_mound", "cluster_size": 1, "origin_tiles": "K-35-078-1_Lesovo_x2880_y1152.png"}}, {"type": "Feature", "geometry": {"type": "Point", "coordinates": [474645.2173295, 4640880.773667501]}, "properties": {"source_tile": "K-35-078-1_Lesovo_x3024_y1680.png", "label": "burial_mound", "subtype": "burial_mound", "cluster_size": 1, "origin_tiles": "K-35-078-1_Lesovo_x2880_y1536.png"}}, {"type": "Feature", "geometry": {"type": "Point", "coordinates": [472830.02317700005, 4638361.3344185]}, "properties": {"source_tile": "K-35-078-1_Lesovo_x2688_y2016.png", "label": "burial_mound", "subtype": "burial_mound", "cluster_size": 1, "origin_tiles": "K-35-078-1_Lesovo_x2688_y2112.png"}}, {"type": "Feature", "geometry": {"type": "Point", "coordinates": [473651.1594353333, 4638129.1621665]}, "properties": {"source_tile": "K-35-078-1_Lesovo_x2688_y2016.png", "label": "burial_mound", "subtype": "burial_mound", "cluster_size": 3, "origin_tiles": "K-35-078-1_Lesovo_x2688_y2112.png;K-35-078-1_Lesovo_x2688_y2304.png;K-35-078-1_Lesovo_x2880_y2112.png"}}, {"type": "Feature", "geometry": {"type": "Point", "coordinates": [472650.33924274996, 4638124.170946]}, "properties": {"source_tile": "K-35-078-1_Lesovo_x2688_y2016.png", "label": "burial_mound", "subtype": "burial_mound", "cluster_size": 2, "origin_tiles": "K-35-078-1_Lesovo_x2688_y2112.png;K-35-078-1_Lesovo_x2688_y2304.png"}}, {"type": "Feature", "geometry": {"type": "Point", "coordinates": [473542.9626576667, 4637616.51553]}, "properties": {"source_tile": "K-35-078-1_Lesovo_x2688_y2352.png", "label": "burial_mound", "subtype": "burial_mound", "cluster_size": 3, "origin_tiles": "K-35-078-1_Lesovo_x2688_y2112.png;K-35-078-1_Lesovo_x2688_y2304.png;K-35-078-1_Lesovo_x2880_y2112.png"}}, {"type": "Feature", "geometry": {"type": "Point", "coordinates": [472145.09893324994, 4642824.451493]}, "properties": {"source_tile": "K-35-078-1_Lesovo_x2688_y1344.png", "label": "burial_mound", "subtype": "burial_mound", "cluster_size": 2, "origin_tiles": "K-35-078-1_Lesovo_x2496_y1152.png;K-35-078-1_Lesovo_x2688_y1344.png"}}, {"type": "Feature", "geometry": {"type": "Point", "coordinates": [473040.62047624995, 4642122.62150275]}, "properties": {"source_tile": "K-35-078-1_Lesovo_x2688_y1344.png", "label": "burial_mound", "subtype": "burial_mound", "cluster_size": 2, "origin_tiles": "K-35-078-1_Lesovo_x2688_y1344.png;K-35-078-1_Lesovo_x2880_y1344.png"}}, {"type": "Feature", "geometry": {"type": "Point", "coordinates": [473468.255359, 4642073.192320333]}, "properties": {"source_tile": "K-35-078-1_Lesovo_x2688_y1344.png", "label": "burial_mound", "subtype": "burial_mound", "cluster_size": 3, "origin_tiles": "K-35-078-1_Lesovo_x2688_y1344.png;K-35-078-1_Lesovo_x2688_y1536.png;K-35-078-1_Lesovo_x2880_y1344.png"}}, {"type": "Feature", "geometry": {"type": "Point", "coordinates": [473061.2293863334, 4641651.675707667]}, "properties": {"source_tile": "K-35-078-1_Lesovo_x2688_y1344.png", "label": "burial_mound", "subtype": "burial_mound", "cluster_size": 3, "origin_tiles": "K-35-078-1_Lesovo_x2688_y1344.png;K-35-078-1_Lesovo_x2688_y1536.png;K-35-078-1_Lesovo_x2880_y1344.png"}}, {"type": "Feature", "geometry": {"type": "Point", "coordinates": [473466.32327349996, 4641490.668598]}, "properties": {"source_tile": "K-35-078-1_Lesovo_x2688_y1344.png", "label": "burial_mound", "subtype": "burial_mound", "cluster_size": 3, "origin_tiles": "K-35-078-1_Lesovo_x2688_y1344.png;K-35-078-1_Lesovo_x2688_y1536.png;K-35-078-1_Lesovo_x2880_y1344.png"}}, {"type": "Feature", "geometry": {"type": "Point", "coordinates": [472780.7550015, 4641318.874012249]}, "properties": {"source_tile": "K-35-078-1_Lesovo_x2688_y1344.png", "label": "burial_mound", "subtype": "burial_mound", "cluster_size": 2, "origin_tiles": "K-35-078-1_Lesovo_x2688_y1344.png;K-35-078-1_Lesovo_x2688_y1536.png"}}, {"type": "Feature", "geometry": {"type": "Point", "coordinates": [468735.93439700006, 4635916.280454]}, "properties": {"source_tile": "K-35-078-1_Lesovo_x2016_y2688.png", "label": "burial_mound", "subtype": "burial_mound", "cluster_size": 1, "origin_tiles": "K-35-078-1_Lesovo_x1920_y2496.png"}}, {"type": "Feature", "geometry": {"type": "Point", "coordinates": [468661.5491130001, 4635588.7919935]}, "properties": {"source_tile": "K-35-078-1_Lesovo_x2016_y2688.png", "label": "burial_mound", "subtype": "burial_mound", "cluster_size": 1, "origin_tiles": "K-35-078-1_Lesovo_x1920_y2496.png"}}, {"type": "Feature", "geometry": {"type": "Point", "coordinates": [469629.0408335, 4635559.327692499]}, "properties": {"source_tile": "K-35-078-1_Lesovo_x2016_y2688.png", "label": "burial_mound", "subtype": "burial_mound", "cluster_size": 2, "origin_tiles": "K-35-078-1_Lesovo_x1920_y2496.png;K-35-078-1_Lesovo_x2112_y2496.png"}}, {"type": "Feature", "geometry": {"type": "Point", "coordinates": [473827.94524150004, 4631988.3510115]}, "properties": {"source_tile": "K-35-078-1_Lesovo_x3024_y3360.png", "label": "burial_mound", "subtype": "burial_mound", "cluster_size": 1, "origin_tiles": "K-35-078-1_Lesovo_x2880_y3456.png"}}, {"type": "Feature", "geometry": {"type": "Point", "coordinates": [474268.46069300006, 4631818.327504]}, "properties": {"source_tile": "K-35-078-1_Lesovo_x3024_y3360.png", "label": "burial_mound", "subtype": "burial_mound", "cluster_size": 1, "origin_tiles": "K-35-078-1_Lesovo_x2880_y3456.png"}}, {"type": "Feature", "geometry": {"type": "Point", "coordinates": [475016.17770949996, 4642969.84091275]}, "properties": {"source_tile": "K-35-078-1_Lesovo_x3024_y1008.png", "label": "triangulation_mound", "subtype": "triangulation_mound", "cluster_size": 2, "origin_tiles": "K-35-078-1_Lesovo_x3072_y1152.png;K-35-078-1_Lesovo_x3072_y1344.png"}}, {"type": "Feature", "geometry": {"type": "Point", "coordinates": [469430.51906749996, 4642574.246444999]}, "properties": {"source_tile": "K-35-078-1_Lesovo_x2016_y1344.png", "label": "burial_mound", "subtype": "burial_mound", "cluster_size": 1, "origin_tiles": "K-35-078-1_Lesovo_x2112_y1344.png"}}, {"type": "Feature", "geometry": {"type": "Point", "coordinates": [473808.624388, 4643305.540736]}, "properties": {"source_tile": "K-35-078-1_Lesovo_x3024_y1008.png", "label": "burial_mound", "subtype": "burial_mound", "cluster_size": 1, "origin_tiles": "K-35-078-1_Lesovo_x2880_y960.png"}}, {"type": "Feature", "geometry": {"type": "Point", "coordinates": [474228.85294425, 4639759.19814275]}, "properties": {"source_tile": "K-35-078-1_Lesovo_x3024_y1680.png", "label": "burial_mound", "subtype": "burial_mound", "cluster_size": 2, "origin_tiles": "K-35-078-1_Lesovo_x2880_y1920.png;K-35-078-1_Lesovo_x3072_y1920.png"}}, {"type": "Feature", "geometry": {"type": "Point", "coordinates": [473048.3488175, 4639604.631317999]}, "properties": {"source_tile": "K-35-078-1_Lesovo_x2688_y1680.png", "label": "burial_mound", "subtype": "burial_mound", "cluster_size": 1, "origin_tiles": "K-35-078-1_Lesovo_x2880_y1920.png"}}, {"type": "Feature", "geometry": {"type": "Point", "coordinates": [473949.6666159999, 4639965.931271499]}, "properties": {"source_tile": "K-35-078-1_Lesovo_x3024_y1680.png", "label": "burial_mound", "subtype": "burial_mound", "cluster_size": 1, "origin_tiles": "K-35-078-1_Lesovo_x2880_y1920.png"}}, {"type": "Feature", "geometry": {"type": "Point", "coordinates": [474428.34075300005, 4639204.2066365]}, "properties": {"source_tile": "K-35-078-1_Lesovo_x3024_y2016.png", "label": "burial_mound", "subtype": "burial_mound", "cluster_size": 2, "origin_tiles": "K-35-078-1_Lesovo_x2880_y1920.png;K-35-078-1_Lesovo_x3072_y1920.png"}}, {"type": "Feature", "geometry": {"type": "Point", "coordinates": [459947.84434849996, 4638881.065368]}, "properties": {"source_tile": "K-35-078-1_Lesovo_x0_y2016.png", "label": "burial_mound", "subtype": "burial_mound", "cluster_size": 1, "origin_tiles": "K-35-078-1_Lesovo_x0_y2112.png"}}, {"type": "Feature", "geometry": {"type": "Point", "coordinates": [473412.54689899995, 4632792.098501999]}, "properties": {"source_tile": "K-35-078-1_Lesovo_x2688_y3360.png", "label": "burial_mound", "subtype": "burial_mound", "cluster_size": 1, "origin_tiles": "K-35-078-1_Lesovo_x2880_y3264.png"}}, {"type": "Feature", "geometry": {"type": "Point", "coordinates": [475079.9365248333, 4639169.912122333]}, "properties": {"source_tile": "K-35-078-1_Lesovo_x3024_y2016.png", "label": "burial_mound", "subtype": "burial_mound", "cluster_size": 3, "origin_tiles": "K-35-078-1_Lesovo_x3072_y1920.png;K-35-078-1_Lesovo_x3072_y2112.png;K-35-078-1_Lesovo_x3264_y1920.png"}}, {"type": "Feature", "geometry": {"type": "Point", "coordinates": [475389.7142035, 4638973.483448833]}, "properties": {"source_tile": "K-35-078-1_Lesovo_x3360_y2016.png", "label": "burial_mound", "subtype": "burial_mound", "cluster_size": 3, "origin_tiles": "K-35-078-1_Lesovo_x3072_y1920.png;K-35-078-1_Lesovo_x3072_y2112.png;K-35-078-1_Lesovo_x3264_y1920.png"}}, {"type": "Feature", "geometry": {"type": "Point", "coordinates": [475028.73626399995, 4638856.914301499]}, "properties": {"source_tile": "K-35-078-1_Lesovo_x3024_y2016.png", "label": "burial_mound", "subtype": "burial_mound", "cluster_size": 1, "origin_tiles": "K-35-078-1_Lesovo_x3072_y1920.png"}}, {"type": "Feature", "geometry": {"type": "Point", "coordinates": [475298.7451865, 4638687.8568365]}, "properties": {"source_tile": "K-35-078-1_Lesovo_x3024_y2016.png", "label": "burial_mound", "subtype": "burial_mound", "cluster_size": 2, "origin_tiles": "K-35-078-1_Lesovo_x3072_y1920.png;K-35-078-1_Lesovo_x3264_y1920.png"}}, {"type": "Feature", "geometry": {"type": "Point", "coordinates": [474286.8155033334, 4638356.182191167]}, "properties": {"source_tile": "K-35-078-1_Lesovo_x3024_y2016.png", "label": "burial_mound", "subtype": "burial_mound", "cluster_size": 3, "origin_tiles": "K-35-078-1_Lesovo_x2880_y2112.png;K-35-078-1_Lesovo_x3072_y1920.png;K-35-078-1_Lesovo_x3072_y2112.png"}}, {"type": "Feature", "geometry": {"type": "Point", "coordinates": [472958.50685049995, 4648409.144091998]}, "properties": {"source_tile": "K-35-078-1_Lesovo_x2688_y0.png", "label": "burial_mound", "subtype": "burial_mound", "cluster_size": 1, "origin_tiles": "K-35-078-1_Lesovo_x2688_y192.png"}}, {"type": "Feature", "geometry": {"type": "Point", "coordinates": [472533.4480815, 4648281.6264615]}, "properties": {"source_tile": "K-35-078-1_Lesovo_x2688_y0.png", "label": "burial_mound", "subtype": "burial_mound", "cluster_size": 1, "origin_tiles": "K-35-078-1_Lesovo_x2688_y192.png"}}, {"type": "Feature", "geometry": {"type": "Point", "coordinates": [472761.43414850003, 4648107.738783]}, "properties": {"source_tile": "K-35-078-1_Lesovo_x2688_y0.png", "label": "burial_mound", "subtype": "burial_mound", "cluster_size": 1, "origin_tiles": "K-35-078-1_Lesovo_x2688_y192.png"}}, {"type": "Feature", "geometry": {"type": "Point", "coordinates": [472765.29831899994, 4647902.93774]}, "properties": {"source_tile": "K-35-078-1_Lesovo_x2688_y336.png", "label": "burial_mound", "subtype": "burial_mound", "cluster_size": 1, "origin_tiles": "K-35-078-1_Lesovo_x2688_y192.png"}}, {"type": "Feature", "geometry": {"type": "Point", "coordinates": [472829.05713449995, 4647628.5816255]}, "properties": {"source_tile": "K-35-078-1_Lesovo_x2688_y336.png", "label": "burial_mound", "subtype": "burial_mound", "cluster_size": 1, "origin_tiles": "K-35-078-1_Lesovo_x2688_y192.png"}}, {"type": "Feature", "geometry": {"type": "Point", "coordinates": [472728.588698, 4647417.984326]}, "properties": {"source_tile": "K-35-078-1_Lesovo_x2688_y336.png", "label": "burial_mound", "subtype": "burial_mound", "cluster_size": 1, "origin_tiles": "K-35-078-1_Lesovo_x2688_y192.png"}}, {"type": "Feature", "geometry": {"type": "Point", "coordinates": [473464.230181, 4648167.15040675]}, "properties": {"source_tile": "K-35-078-1_Lesovo_x2688_y0.png", "label": "burial_mound", "subtype": "burial_mound", "cluster_size": 2, "origin_tiles": "K-35-078-1_Lesovo_x2688_y192.png;K-35-078-1_Lesovo_x2880_y0.png"}}, {"type": "Feature", "geometry": {"type": "Point", "coordinates": [473487.8982262501, 4648437.15932925]}, "properties": {"source_tile": "K-35-078-1_Lesovo_x2688_y0.png", "label": "burial_mound", "subtype": "burial_mound", "cluster_size": 2, "origin_tiles": "K-35-078-1_Lesovo_x2688_y192.png;K-35-078-1_Lesovo_x2880_y0.png"}}, {"type": "Feature", "geometry": {"type": "Point", "coordinates": [471015.7950675, 4643464.9377745]}, "properties": {"source_tile": "K-35-078-1_Lesovo_x2352_y1008.png", "label": "burial_mound", "subtype": "burial_mound", "cluster_size": 1, "origin_tiles": "K-35-078-1_Lesovo_x2496_y1152.png"}}, {"type": "Feature", "geometry": {"type": "Point", "coordinates": [471438.92175149993, 4643198.310001499]}, "properties": {"source_tile": "K-35-078-1_Lesovo_x2352_y1008.png", "label": "burial_mound", "subtype": "burial_mound", "cluster_size": 1, "origin_tiles": "K-35-078-1_Lesovo_x2496_y1152.png"}}, {"type": "Feature", "geometry": {"type": "Point", "coordinates": [471256.33968950005, 4643052.43756]}, "properties": {"source_tile": "K-35-078-1_Lesovo_x2352_y1008.png", "label": "burial_mound", "subtype": "burial_mound", "cluster_size": 1, "origin_tiles": "K-35-078-1_Lesovo_x2496_y1152.png"}}, {"type": "Feature", "geometry": {"type": "Point", "coordinates": [471460.1746895, 4642811.8929385]}, "properties": {"source_tile": "K-35-078-1_Lesovo_x2352_y1344.png", "label": "burial_mound", "subtype": "burial_mound", "cluster_size": 1, "origin_tiles": "K-35-078-1_Lesovo_x2496_y1152.png"}}, {"type": "Feature", "geometry": {"type": "Point", "coordinates": [471502.6805665, 4642517.249927999]}, "properties": {"source_tile": "K-35-078-1_Lesovo_x2352_y1344.png", "label": "burial_mound", "subtype": "burial_mound", "cluster_size": 1, "origin_tiles": "K-35-078-1_Lesovo_x2496_y1152.png"}}, {"type": "Feature", "geometry": {"type": "Point", "coordinates": [471540.35623000003, 4642481.50635]}, "properties": {"source_tile": "K-35-078-1_Lesovo_x2352_y1344.png", "label": "burial_mound", "subtype": "burial_mound", "cluster_size": 1, "origin_tiles": "K-35-078-1_Lesovo_x2496_y1152.png"}}, {"type": "Feature", "geometry": {"type": "Point", "coordinates": [471552.9147845001, 4642523.046184]}, "properties": {"source_tile": "K-35-078-1_Lesovo_x2352_y1344.png", "label": "burial_mound", "subtype": "burial_mound", "cluster_size": 1, "origin_tiles": "K-35-078-1_Lesovo_x2496_y1152.png"}}, {"type": "Feature", "geometry": {"type": "Point", "coordinates": [472046.56258200004, 4642728.813270001]}, "properties": {"source_tile": "K-35-078-1_Lesovo_x2688_y1344.png", "label": "burial_mound", "subtype": "burial_mound", "cluster_size": 1, "origin_tiles": "K-35-078-1_Lesovo_x2496_y1152.png"}}, {"type": "Feature", "geometry": {"type": "Point", "coordinates": [472480.31573499995, 4642440.932558]}, "properties": {"source_tile": "K-35-078-1_Lesovo_x2688_y1344.png", "label": "burial_mound", "subtype": "burial_mound", "cluster_size": 1, "origin_tiles": "K-35-078-1_Lesovo_x2496_y1152.png"}}, {"type": "Feature", "geometry": {"type": "Point", "coordinates": [472122.87995199993, 4642315.347013]}, "properties": {"source_tile": "K-35-078-1_Lesovo_x2688_y1344.png", "label": "burial_mound", "subtype": "burial_mound", "cluster_size": 1, "origin_tiles": "K-35-078-1_Lesovo_x2496_y1152.png"}}, {"type": "Feature", "geometry": {"type": "Point", "coordinates": [471828.236942, 4642402.290852]}, "properties": {"source_tile": "K-35-078-1_Lesovo_x2352_y1344.png", "label": "burial_mound", "subtype": "burial_mound", "cluster_size": 1, "origin_tiles": "K-35-078-1_Lesovo_x2496_y1152.png"}}, {"type": "Feature", "geometry": {"type": "Point", "coordinates": [473607.20449425007, 4645212.991962001]}, "properties": {"source_tile": "K-35-078-1_Lesovo_x2688_y672.png", "label": "burial_mound", "subtype": "burial_mound", "cluster_size": 2, "origin_tiles": "K-35-078-1_Lesovo_x2688_y576.png;K-35-078-1_Lesovo_x2880_y768.png"}}, {"type": "Feature", "geometry": {"type": "Point", "coordinates": [475177.506833, 4647139.764041001]}, "properties": {"source_tile": "K-35-078-1_Lesovo_x3024_y336.png", "label": "burial_mound", "subtype": "burial_mound", "cluster_size": 2, "origin_tiles": "K-35-078-1_Lesovo_x3072_y192.png;K-35-078-1_Lesovo_x3072_y384.png"}}, {"type": "Feature", "geometry": {"type": "Point", "coordinates": [473665.65007549996, 4637419.442828501]}, "properties": {"source_tile": "K-35-078-1_Lesovo_x2688_y2352.png", "label": "burial_mound", "subtype": "burial_mound", "cluster_size": 1, "origin_tiles": "K-35-078-1_Lesovo_x2880_y2112.png"}}, {"type": "Feature", "geometry": {"type": "Point", "coordinates": [474371.344236, 4637824.6977225]}, "properties": {"source_tile": "K-35-078-1_Lesovo_x3024_y2016.png", "label": "burial_mound", "subtype": "burial_mound", "cluster_size": 2, "origin_tiles": "K-35-078-1_Lesovo_x2880_y2112.png;K-35-078-1_Lesovo_x3072_y2112.png"}}, {"type": "Feature", "geometry": {"type": "Point", "coordinates": [473480.16988550004, 4638026.1176165]}, "properties": {"source_tile": "K-35-078-1_Lesovo_x2688_y2016.png", "label": "burial_mound", "subtype": "burial_mound", "cluster_size": 1, "origin_tiles": "K-35-078-1_Lesovo_x2880_y2112.png"}}, {"type": "Feature", "geometry": {"type": "Point", "coordinates": [474026.46700749994, 4637929.030329499]}, "properties": {"source_tile": "K-35-078-1_Lesovo_x3024_y2016.png", "label": "burial_mound", "subtype": "burial_mound", "cluster_size": 2, "origin_tiles": "K-35-078-1_Lesovo_x2880_y2112.png;K-35-078-1_Lesovo_x3072_y2112.png"}}, {"type": "Feature", "geometry": {"type": "Point", "coordinates": [475813.1629015, 4648999.396155501]}, "properties": {"source_tile": "K-35-078-1_Lesovo_x3360_y0.png", "label": "burial_mound", "subtype": "burial_mound", "cluster_size": 1, "origin_tiles": "K-35-078-1_Lesovo_x3264_y0.png"}}, {"type": "Feature", "geometry": {"type": "Point", "coordinates": [474663.57213950006, 4640899.128478]}, "properties": {"source_tile": "K-35-078-1_Lesovo_x3024_y1680.png", "label": "triangulation_mound", "subtype": "triangulation_mound", "cluster_size": 1, "origin_tiles": "K-35-078-1_Lesovo_x3072_y1728.png"}}, {"type": "Feature", "geometry": {"type": "Point", "coordinates": [465172.2030365, 4641213.0923415]}, "properties": {"source_tile": "K-35-078-1_Lesovo_x1008_y1680.png", "label": "burial_mound", "subtype": "burial_mound", "cluster_size": 1, "origin_tiles": "K-35-078-1_Lesovo_x1152_y1536.png"}}, {"type": "Feature", "geometry": {"type": "Point", "coordinates": [464942.2848845, 4640863.3849]}, "properties": {"source_tile": "K-35-078-1_Lesovo_x1008_y1680.png", "label": "burial_mound", "subtype": "burial_mound", "cluster_size": 1, "origin_tiles": "K-35-078-1_Lesovo_x1152_y1536.png"}}, {"type": "Feature", "geometry": {"type": "Point", "coordinates": [464461.195641, 4640965.785421]}, "properties": {"source_tile": "K-35-078-1_Lesovo_x1008_y1680.png", "label": "burial_mound", "subtype": "burial_mound", "cluster_size": 1, "origin_tiles": "K-35-078-1_Lesovo_x1152_y1536.png"}}, {"type": "Feature", "geometry": {"type": "Point", "coordinates": [464410.96142249997, 4640973.513763]}, "properties": {"source_tile": "K-35-078-1_Lesovo_x1008_y1680.png", "label": "burial_mound", "subtype": "burial_mound", "cluster_size": 1, "origin_tiles": "K-35-078-1_Lesovo_x1152_y1536.png"}}, {"type": "Feature", "geometry": {"type": "Point", "coordinates": [464596.441613, 4640486.6282635]}, "properties": {"source_tile": "K-35-078-1_Lesovo_x1008_y1680.png", "label": "burial_mound", "subtype": "burial_mound", "cluster_size": 1, "origin_tiles": "K-35-078-1_Lesovo_x1152_y1536.png"}}, {"type": "Feature", "geometry": {"type": "Point", "coordinates": [465191.5238895, 4640455.7148985]}, "properties": {"source_tile": "K-35-078-1_Lesovo_x1008_y1680.png", "label": "burial_mound", "subtype": "burial_mound", "cluster_size": 1, "origin_tiles": "K-35-078-1_Lesovo_x1152_y1536.png"}}, {"type": "Feature", "geometry": {"type": "Point", "coordinates": [465709.32275349996, 4640314.6726710005]}, "properties": {"source_tile": "K-35-078-1_Lesovo_x1344_y1680.png", "label": "burial_mound", "subtype": "burial_mound", "cluster_size": 1, "origin_tiles": "K-35-078-1_Lesovo_x1152_y1536.png"}}, {"type": "Feature", "geometry": {"type": "Point", "coordinates": [476211.17247600004, 4641658.4380065]}, "properties": {"source_tile": "K-35-078-1_Lesovo_x3360_y1344.png", "label": "burial_mound", "subtype": "burial_mound", "cluster_size": 1, "origin_tiles": "K-35-078-1_Lesovo_x3264_y1536.png"}}, {"type": "Feature", "geometry": {"type": "Point", "coordinates": [475527.69729625, 4640285.6913910005]}, "properties": {"source_tile": "K-35-078-1_Lesovo_x3360_y1680.png", "label": "burial_mound", "subtype": "burial_mound", "cluster_size": 2, "origin_tiles": "K-35-078-1_Lesovo_x3264_y1536.png;K-35-078-1_Lesovo_x3264_y1728.png"}}, {"type": "Feature", "geometry": {"type": "Point", "coordinates": [475111.8159325, 4649182.9442605]}, "properties": {"source_tile": "K-35-078-1_Lesovo_x3024_y0.png", "label": "burial_mound", "subtype": "burial_mound", "cluster_size": 1, "origin_tiles": "K-35-078-1_Lesovo_x3072_y0.png"}}, {"type": "Feature", "geometry": {"type": "Point", "coordinates": [475533.0105305, 4649173.2838335]}, "properties": {"source_tile": "K-35-078-1_Lesovo_x3360_y0.png", "label": "burial_mound", "subtype": "burial_mound", "cluster_size": 1, "origin_tiles": "K-35-078-1_Lesovo_x3072_y0.png"}}, {"type": "Feature", "geometry": {"type": "Point", "coordinates": [474765.97266100004, 4646035.577284001]}, "properties": {"source_tile": "K-35-078-1_Lesovo_x3024_y672.png", "label": "triangulation_mound", "subtype": "triangulation_mound", "cluster_size": 1, "origin_tiles": "K-35-078-1_Lesovo_x3072_y576.png"}}, {"type": "Feature", "geometry": {"type": "Point", "coordinates": [475059.64962900005, 4642970.323933999]}, "properties": {"source_tile": "K-35-078-1_Lesovo_x3024_y1008.png", "label": "triangulation_mound", "subtype": "triangulation_mound", "cluster_size": 1, "origin_tiles": "K-35-078-1_Lesovo_x3264_y1152.png"}}, {"type": "Feature", "geometry": {"type": "Point", "coordinates": [475587.1089195, 4638749.6835665]}, "properties": {"source_tile": "K-35-078-1_Lesovo_x3360_y2016.png", "label": "burial_mound", "subtype": "burial_mound", "cluster_size": 2, "origin_tiles": "K-35-078-1_Lesovo_x3072_y2112.png;K-35-078-1_Lesovo_x3264_y1920.png"}}, {"type": "Feature", "geometry": {"type": "Point", "coordinates": [475351.39451125, 4638434.270639]}, "properties": {"source_tile": "K-35-078-1_Lesovo_x3024_y2016.png", "label": "burial_mound", "subtype": "burial_mound", "cluster_size": 2, "origin_tiles": "K-35-078-1_Lesovo_x3072_y2112.png;K-35-078-1_Lesovo_x3264_y1920.png"}}, {"type": "Feature", "geometry": {"type": "Point", "coordinates": [474203.73583500006, 4638001.96655]}, "properties": {"source_tile": "K-35-078-1_Lesovo_x3024_y2016.png", "label": "burial_mound", "subtype": "burial_mound", "cluster_size": 1, "origin_tiles": "K-35-078-1_Lesovo_x3072_y2112.png"}}, {"type": "Feature", "geometry": {"type": "Point", "coordinates": [475977.87317424995, 4647701.276335375]}, "properties": {"source_tile": "K-35-078-1_Lesovo_x3360_y336.png", "label": "triangulation_mound", "subtype": "triangulation_mound", "cluster_size": 4, "origin_tiles": "K-35-078-1_Lesovo_x3264_y192.png;K-35-078-1_Lesovo_x3264_y384.png;K-35-078-1_Lesovo_x3456_y192.png;K-35-078-1_Lesovo_x3456_y384.png"}}, {"type": "Feature", "geometry": {"type": "Point", "coordinates": [475908.801124, 4646220.091431499]}, "properties": {"source_tile": "K-35-078-1_Lesovo_x3360_y672.png", "label": "benchmark_mound", "subtype": "benchmark_mound", "cluster_size": 1, "origin_tiles": "K-35-078-1_Lesovo_x3264_y576.png"}}, {"type": "Feature", "geometry": {"type": "Point", "coordinates": [471527.7976755, 4639829.719257]}, "properties": {"source_tile": "K-35-078-1_Lesovo_x2352_y1680.png", "label": "burial_mound", "subtype": "burial_mound", "cluster_size": 1, "origin_tiles": "K-35-078-1_Lesovo_x2496_y1728.png"}}, {"type": "Feature", "geometry": {"type": "Point", "coordinates": [471611.843387, 4640039.350513499]}, "properties": {"source_tile": "K-35-078-1_Lesovo_x2352_y1680.png", "label": "burial_mound", "subtype": "burial_mound", "cluster_size": 1, "origin_tiles": "K-35-078-1_Lesovo_x2496_y1728.png"}}, {"type": "Feature", "geometry": {"type": "Point", "coordinates": [476400.5168365, 4638112.095413]}, "properties": {"source_tile": "K-35-078-1_Lesovo_x3360_y2016.png", "label": "benchmark_mound", "subtype": "benchmark_mound", "cluster_size": 2, "origin_tiles": "K-35-078-1_Lesovo_x3264_y2112.png;K-35-078-1_Lesovo_x3456_y2112.png"}}, {"type": "Feature", "geometry": {"type": "Point", "coordinates": [474573.7301725001, 4645214.924047249]}, "properties": {"source_tile": "K-35-078-1_Lesovo_x3024_y672.png", "label": "burial_mound", "subtype": "burial_mound", "cluster_size": 2, "origin_tiles": "K-35-078-1_Lesovo_x2880_y576.png;K-35-078-1_Lesovo_x3072_y768.png"}}, {"type": "Feature", "geometry": {"type": "Point", "coordinates": [475665.358375, 4644079.340904]}, "properties": {"source_tile": "K-35-078-1_Lesovo_x3360_y1008.png", "label": "burial_mound", "subtype": "burial_mound", "cluster_size": 1, "origin_tiles": "K-35-078-1_Lesovo_x3264_y960.png"}}, {"type": "Feature", "geometry": {"type": "Point", "coordinates": [476185.0893245, 4638968.97525]}, "properties": {"source_tile": "K-35-078-1_Lesovo_x3360_y2016.png", "label": "burial_mound", "subtype": "burial_mound", "cluster_size": 1, "origin_tiles": "K-35-078-1_Lesovo_x3456_y1920.png"}}, {"type": "Feature", "geometry": {"type": "Point", "coordinates": [476787.899942, 4644499.56946]}, "properties": {"source_tile": "K-35-078-1_Lesovo_x3360_y1008.png", "label": "burial_mound", "subtype": "burial_mound", "cluster_size": 1, "origin_tiles": "K-35-078-1_Lesovo_x3456_y960.png"}}, {"type": "Feature", "geometry": {"type": "Point", "coordinates": [469430.51906750014, 4634558.9905215]}, "properties": {"source_tile": "K-35-078-1_Lesovo_x2016_y2688.png", "label": "burial_mound", "subtype": "burial_mound", "cluster_size": 1, "origin_tiles": "K-35-078-1_Lesovo_x1920_y2880.png"}}, {"type": "Feature", "geometry": {"type": "Point", "coordinates": [465737.33799050003, 4636258.2595545]}, "properties": {"source_tile": "K-35-078-1_Lesovo_x1344_y2352.png", "label": "burial_mound", "subtype": "burial_mound", "cluster_size": 1, "origin_tiles": "K-35-078-1_Lesovo_x1344_y2688.png"}}, {"type": "Feature", "geometry": {"type": "Point", "coordinates": [466723.6675435, 4636180.9761419995]}, "properties": {"source_tile": "K-35-078-1_Lesovo_x1344_y2688.png", "label": "burial_mound", "subtype": "burial_mound", "cluster_size": 1, "origin_tiles": "K-35-078-1_Lesovo_x1344_y2688.png"}}, {"type": "Feature", "geometry": {"type": "Point", "coordinates": [466834.7624485, 4635879.5708329985]}, "properties": {"source_tile": "K-35-078-1_Lesovo_x1344_y2688.png", "label": "burial_mound", "subtype": "burial_mound", "cluster_size": 1, "origin_tiles": "K-35-078-1_Lesovo_x1344_y2688.png"}}, {"type": "Feature", "geometry": {"type": "Point", "coordinates": [466965.1782075001, 4635604.248675999]}, "properties": {"source_tile": "K-35-078-1_Lesovo_x1680_y2688.png", "label": "burial_mound", "subtype": "burial_mound", "cluster_size": 1, "origin_tiles": "K-35-078-1_Lesovo_x1344_y2688.png"}}, {"type": "Feature", "geometry": {"type": "Point", "coordinates": [466938.129013, 4635574.301353499]}, "properties": {"source_tile": "K-35-078-1_Lesovo_x1680_y2688.png", "label": "burial_mound", "subtype": "burial_mound", "cluster_size": 1, "origin_tiles": "K-35-078-1_Lesovo_x1344_y2688.png"}}, {"type": "Feature", "geometry": {"type": "Point", "coordinates": [466938.12901300006, 4635539.523817999]}, "properties": {"source_tile": "K-35-078-1_Lesovo_x1680_y2688.png", "label": "burial_mound", "subtype": "burial_mound", "cluster_size": 1, "origin_tiles": "K-35-078-1_Lesovo_x1344_y2688.png"}}, {"type": "Feature", "geometry": {"type": "Point", "coordinates": [466695.6523065, 4634886.478982]}, "properties": {"source_tile": "K-35-078-1_Lesovo_x1344_y2688.png", "label": "burial_mound", "subtype": "burial_mound", "cluster_size": 1, "origin_tiles": "K-35-078-1_Lesovo_x1344_y2688.png"}}, {"type": "Feature", "geometry": {"type": "Point", "coordinates": [466770.03759100003, 4634813.0597399995]}, "properties": {"source_tile": "K-35-078-1_Lesovo_x1344_y2688.png", "label": "burial_mound", "subtype": "burial_mound", "cluster_size": 1, "origin_tiles": "K-35-078-1_Lesovo_x1344_y2688.png"}}, {"type": "Feature", "geometry": {"type": "Point", "coordinates": [466750.716738, 4634646.9004035]}, "properties": {"source_tile": "K-35-078-1_Lesovo_x1344_y2688.png", "label": "burial_mound", "subtype": "burial_mound", "cluster_size": 1, "origin_tiles": "K-35-078-1_Lesovo_x1344_y2688.png"}}, {"type": "Feature", "geometry": {"type": "Point", "coordinates": [466331.4542245, 4634569.616990499]}, "properties": {"source_tile": "K-35-078-1_Lesovo_x1344_y2688.png", "label": "burial_mound", "subtype": "burial_mound", "cluster_size": 1, "origin_tiles": "K-35-078-1_Lesovo_x1344_y2688.png"}}, {"type": "Feature", "geometry": {"type": "Point", "coordinates": [466323.72588350007, 4634710.659218499]}, "properties": {"source_tile": "K-35-078-1_Lesovo_x1344_y2688.png", "label": "burial_mound", "subtype": "burial_mound", "cluster_size": 1, "origin_tiles": "K-35-078-1_Lesovo_x1344_y2688.png"}}, {"type": "Feature", "geometry": {"type": "Point", "coordinates": [466057.0981105, 4634990.8115885]}, "properties": {"source_tile": "K-35-078-1_Lesovo_x1344_y2688.png", "label": "burial_mound", "subtype": "burial_mound", "cluster_size": 1, "origin_tiles": "K-35-078-1_Lesovo_x1344_y2688.png"}}, {"type": "Feature", "geometry": {"type": "Point", "coordinates": [466096.705859, 4634990.8115885]}, "properties": {"source_tile": "K-35-078-1_Lesovo_x1344_y2688.png", "label": "burial_mound", "subtype": "burial_mound", "cluster_size": 1, "origin_tiles": "K-35-078-1_Lesovo_x1344_y2688.png"}}, {"type": "Feature", "geometry": {"type": "Point", "coordinates": [465326.7698615, 4635101.9064945]}, "properties": {"source_tile": "K-35-078-1_Lesovo_x1344_y2688.png", "label": "burial_mound", "subtype": "burial_mound", "cluster_size": 1, "origin_tiles": "K-35-078-1_Lesovo_x1344_y2688.png"}}, {"type": "Feature", "geometry": {"type": "Point", "coordinates": [465369.27573849994, 4635079.6875134995]}, "properties": {"source_tile": "K-35-078-1_Lesovo_x1344_y2688.png", "label": "burial_mound", "subtype": "burial_mound", "cluster_size": 1, "origin_tiles": "K-35-078-1_Lesovo_x1344_y2688.png"}}, {"type": "Feature", "geometry": {"type": "Point", "coordinates": [465676.477303, 4635410.074101999]}, "properties": {"source_tile": "K-35-078-1_Lesovo_x1344_y2688.png", "label": "burial_mound", "subtype": "burial_mound", "cluster_size": 1, "origin_tiles": "K-35-078-1_Lesovo_x1344_y2688.png"}}, {"type": "Feature", "geometry": {"type": "Point", "coordinates": [465624.311, 4635369.500310499]}, "properties": {"source_tile": "K-35-078-1_Lesovo_x1344_y2688.png", "label": "burial_mound", "subtype": "burial_mound", "cluster_size": 1, "origin_tiles": "K-35-078-1_Lesovo_x1344_y2688.png"}}, {"type": "Feature", "geometry": {"type": "Point", "coordinates": [465690.00190050004, 4635355.975713]}, "properties": {"source_tile": "K-35-078-1_Lesovo_x1344_y2688.png", "label": "burial_mound", "subtype": "burial_mound", "cluster_size": 1, "origin_tiles": "K-35-078-1_Lesovo_x1344_y2688.png"}}, {"type": "Feature", "geometry": {"type": "Point", "coordinates": [465479.404601, 4635646.7545529995]}, "properties": {"source_tile": "K-35-078-1_Lesovo_x1344_y2688.png", "label": "burial_mound", "subtype": "burial_mound", "cluster_size": 1, "origin_tiles": "K-35-078-1_Lesovo_x1344_y2688.png"}}, {"type": "Feature", "geometry": {"type": "Point", "coordinates": [465458.1516625, 4635636.128084]}, "properties": {"source_tile": "K-35-078-1_Lesovo_x1344_y2688.png", "label": "burial_mound", "subtype": "burial_mound", "cluster_size": 1, "origin_tiles": "K-35-078-1_Lesovo_x1344_y2688.png"}}, {"type": "Feature", "geometry": {"type": "Point", "coordinates": [465473.608345, 4635601.350548]}, "properties": {"source_tile": "K-35-078-1_Lesovo_x1344_y2688.png", "label": "burial_mound", "subtype": "burial_mound", "cluster_size": 1, "origin_tiles": "K-35-078-1_Lesovo_x1344_y2688.png"}}, {"type": "Feature", "geometry": {"type": "Point", "coordinates": [466237.748087, 4635669.939576499]}, "properties": {"source_tile": "K-35-078-1_Lesovo_x1344_y2688.png", "label": "burial_mound", "subtype": "burial_mound", "cluster_size": 1, "origin_tiles": "K-35-078-1_Lesovo_x1344_y2688.png"}}, {"type": "Feature", "geometry": {"type": "Point", "coordinates": [466229.05370299995, 4635707.615239999]}, "properties": {"source_tile": "K-35-078-1_Lesovo_x1344_y2688.png", "label": "burial_mound", "subtype": "burial_mound", "cluster_size": 1, "origin_tiles": "K-35-078-1_Lesovo_x1344_y2688.png"}}, {"type": "Feature", "geometry": {"type": "Point", "coordinates": [466217.46119099995, 4635639.992254]}, "properties": {"source_tile": "K-35-078-1_Lesovo_x1344_y2688.png", "label": "burial_mound", "subtype": "burial_mound", "cluster_size": 1, "origin_tiles": "K-35-078-1_Lesovo_x1344_y2688.png"}}, {"type": "Feature", "geometry": {"type": "Point", "coordinates": [466054.19998200005, 4635359.839884]}, "properties": {"source_tile": "K-35-078-1_Lesovo_x1344_y2688.png", "label": "burial_mound", "subtype": "burial_mound", "cluster_size": 1, "origin_tiles": "K-35-078-1_Lesovo_x1344_y2688.png"}}, {"type": "Feature", "geometry": {"type": "Point", "coordinates": [466096.70585900004, 4635357.907798501]}, "properties": {"source_tile": "K-35-078-1_Lesovo_x1344_y2688.png", "label": "burial_mound", "subtype": "burial_mound", "cluster_size": 1, "origin_tiles": "K-35-078-1_Lesovo_x1344_y2688.png"}}, {"type": "Feature", "geometry": {"type": "Point", "coordinates": [466035.84517150006, 4635326.9944335]}, "properties": {"source_tile": "K-35-078-1_Lesovo_x1344_y2688.png", "label": "burial_mound", "subtype": "burial_mound", "cluster_size": 1, "origin_tiles": "K-35-078-1_Lesovo_x1344_y2688.png"}}, {"type": "Feature", "geometry": {"type": "Point", "coordinates": [466346.9109075001, 4635232.322253]}, "properties": {"source_tile": "K-35-078-1_Lesovo_x1344_y2688.png", "label": "burial_mound", "subtype": "burial_mound", "cluster_size": 1, "origin_tiles": "K-35-078-1_Lesovo_x1344_y2688.png"}}, {"type": "Feature", "geometry": {"type": "Point", "coordinates": [466335.31839499995, 4635184.0201205]}, "properties": {"source_tile": "K-35-078-1_Lesovo_x1344_y2688.png", "label": "burial_mound", "subtype": "burial_mound", "cluster_size": 1, "origin_tiles": "K-35-078-1_Lesovo_x1344_y2688.png"}}, {"type": "Feature", "geometry": {"type": "Point", "coordinates": [477863.74944750004, 4642293.450046]}, "properties": {"source_tile": "K-35-078-1_Lesovo_x3696_y1344.png", "label": "burial_mound", "subtype": "burial_mound", "cluster_size": 3, "origin_tiles": "K-35-078-1_Lesovo_x3648_y1152.png;K-35-078-1_Lesovo_x3648_y1344.png;K-35-078-1_Lesovo_x3840_y1152.png"}}, {"type": "Feature", "geometry": {"type": "Point", "coordinates": [477687.76867699996, 4639193.097146001]}, "properties": {"source_tile": "K-35-078-1_Lesovo_x3696_y2016.png", "label": "burial_mound", "subtype": "burial_mound", "cluster_size": 2, "origin_tiles": "K-35-078-1_Lesovo_x3648_y1920.png;K-35-078-1_Lesovo_x3840_y1920.png"}}, {"type": "Feature", "geometry": {"type": "Point", "coordinates": [477054.52771500003, 4645180.629533]}, "properties": {"source_tile": "K-35-078-1_Lesovo_x3360_y672.png", "label": "triangulation_mound", "subtype": "triangulation_mound", "cluster_size": 2, "origin_tiles": "K-35-078-1_Lesovo_x3456_y576.png;K-35-078-1_Lesovo_x3456_y768.png"}}, {"type": "Feature", "geometry": {"type": "Point", "coordinates": [476675.838994, 4642154.9839315]}, "properties": {"source_tile": "K-35-078-1_Lesovo_x3360_y1344.png", "label": "burial_mound", "subtype": "burial_mound", "cluster_size": 1, "origin_tiles": "K-35-078-1_Lesovo_x3456_y1344.png"}}, {"type": "Feature", "geometry": {"type": "Point", "coordinates": [477019.75017949997, 4642205.2181505]}, "properties": {"source_tile": "K-35-078-1_Lesovo_x3360_y1344.png", "label": "burial_mound", "subtype": "burial_mound", "cluster_size": 1, "origin_tiles": "K-35-078-1_Lesovo_x3456_y1344.png"}}, {"type": "Feature", "geometry": {"type": "Point", "coordinates": [477156.928237, 4641787.8877225]}, "properties": {"source_tile": "K-35-078-1_Lesovo_x3696_y1344.png", "label": "burial_mound", "subtype": "burial_mound", "cluster_size": 1, "origin_tiles": "K-35-078-1_Lesovo_x3456_y1344.png"}}, {"type": "Feature", "geometry": {"type": "Point", "coordinates": [476874.84378100006, 4641602.4075325]}, "properties": {"source_tile": "K-35-078-1_Lesovo_x3360_y1344.png", "label": "burial_mound", "subtype": "burial_mound", "cluster_size": 1, "origin_tiles": "K-35-078-1_Lesovo_x3456_y1344.png"}}, {"type": "Feature", "geometry": {"type": "Point", "coordinates": [476202.478092, 4641425.1387045]}, "properties": {"source_tile": "K-35-078-1_Lesovo_x3360_y1344.png", "label": "burial_mound", "subtype": "burial_mound", "cluster_size": 2, "origin_tiles": "K-35-078-1_Lesovo_x3264_y1344.png;K-35-078-1_Lesovo_x3456_y1344.png"}}, {"type": "Feature", "geometry": {"type": "Point", "coordinates": [476548.321363, 4641272.0209435]}, "properties": {"source_tile": "K-35-078-1_Lesovo_x3360_y1680.png", "label": "burial_mound", "subtype": "burial_mound", "cluster_size": 1, "origin_tiles": "K-35-078-1_Lesovo_x3456_y1344.png"}}, {"type": "Feature", "geometry": {"type": "Point", "coordinates": [477077.712739, 4641335.7797585]}, "properties": {"source_tile": "K-35-078-1_Lesovo_x3696_y1344.png", "label": "burial_mound", "subtype": "burial_mound", "cluster_size": 1, "origin_tiles": "K-35-078-1_Lesovo_x3456_y1344.png"}}, {"type": "Feature", "geometry": {"type": "Point", "coordinates": [477574.2586645, 4641387.946062501]}, "properties": {"source_tile": "K-35-078-1_Lesovo_x3696_y1344.png", "label": "burial_mound", "subtype": "burial_mound", "cluster_size": 1, "origin_tiles": "K-35-078-1_Lesovo_x3456_y1344.png"}}, {"type": "Feature", "geometry": {"type": "Point", "coordinates": [476081.72275975, 4641238.692472]}, "properties": {"source_tile": "K-35-078-1_Lesovo_x3360_y1680.png", "label": "burial_mound", "subtype": "burial_mound", "cluster_size": 2, "origin_tiles": "K-35-078-1_Lesovo_x3264_y1344.png;K-35-078-1_Lesovo_x3456_y1344.png"}}, {"type": "Feature", "geometry": {"type": "Point", "coordinates": [474267.49465, 4631995.11331]}, "properties": {"source_tile": "K-35-078-1_Lesovo_x3024_y3360.png", "label": "burial_mound", "subtype": "burial_mound", "cluster_size": 1, "origin_tiles": "K-35-078-1_Lesovo_x3072_y3456.png"}}, {"type": "Feature", "geometry": {"type": "Point", "coordinates": [474366.031001, 4632192.186012]}, "properties": {"source_tile": "K-35-078-1_Lesovo_x3024_y3360.png", "label": "burial_mound", "subtype": "burial_mound", "cluster_size": 1, "origin_tiles": "K-35-078-1_Lesovo_x3072_y3456.png"}}, {"type": "Feature", "geometry": {"type": "Point", "coordinates": [475311.30374124995, 4644088.51830975]}, "properties": {"source_tile": "K-35-078-1_Lesovo_x3024_y1008.png", "label": "burial_mound", "subtype": "burial_mound", "cluster_size": 2, "origin_tiles": "K-35-078-1_Lesovo_x3072_y960.png;K-35-078-1_Lesovo_x3264_y768.png"}}, {"type": "Feature", "geometry": {"type": "Point", "coordinates": [475571.652237, 4643752.818486499]}, "properties": {"source_tile": "K-35-078-1_Lesovo_x3360_y1008.png", "label": "burial_mound", "subtype": "burial_mound", "cluster_size": 1, "origin_tiles": "K-35-078-1_Lesovo_x3072_y960.png"}}, {"type": "Feature", "geometry": {"type": "Point", "coordinates": [475718.4907205, 4643421.465854999]}, "properties": {"source_tile": "K-35-078-1_Lesovo_x3360_y1008.png", "label": "burial_mound", "subtype": "burial_mound", "cluster_size": 1, "origin_tiles": "K-35-078-1_Lesovo_x3072_y960.png"}}, {"type": "Feature", "geometry": {"type": "Point", "coordinates": [476820.7453925, 4640584.198571499]}, "properties": {"source_tile": "K-35-078-1_Lesovo_x3360_y1680.png", "label": "burial_mound", "subtype": "burial_mound", "cluster_size": 1, "origin_tiles": "K-35-078-1_Lesovo_x3456_y1728.png"}}, {"type": "Feature", "geometry": {"type": "Point", "coordinates": [477102.34682700003, 4640956.12499475]}, "properties": {"source_tile": "K-35-078-1_Lesovo_x3696_y1680.png", "label": "burial_mound", "subtype": "burial_mound", "cluster_size": 2, "origin_tiles": "K-35-078-1_Lesovo_x3456_y1728.png;K-35-078-1_Lesovo_x3648_y1728.png"}}, {"type": "Feature", "geometry": {"type": "Point", "coordinates": [477139.5394694999, 4639950.4745895015]}, "properties": {"source_tile": "K-35-078-1_Lesovo_x3696_y1680.png", "label": "burial_mound", "subtype": "burial_mound", "cluster_size": 1, "origin_tiles": "K-35-078-1_Lesovo_x3456_y1728.png"}}, {"type": "Feature", "geometry": {"type": "Point", "coordinates": [476191.851623, 4639555.363142499]}, "properties": {"source_tile": "K-35-078-1_Lesovo_x3360_y2016.png", "label": "burial_mound", "subtype": "burial_mound", "cluster_size": 1, "origin_tiles": "K-35-078-1_Lesovo_x3456_y1728.png"}}, {"type": "Feature", "geometry": {"type": "Point", "coordinates": [476646.8577144999, 4639248.161577501]}, "properties": {"source_tile": "K-35-078-1_Lesovo_x3360_y2016.png", "label": "burial_mound", "subtype": "burial_mound", "cluster_size": 1, "origin_tiles": "K-35-078-1_Lesovo_x3456_y1728.png"}}, {"type": "Feature", "geometry": {"type": "Point", "coordinates": [475935.8503184999, 4639516.7214359995]}, "properties": {"source_tile": "K-35-078-1_Lesovo_x3360_y2016.png", "label": "burial_mound", "subtype": "burial_mound", "cluster_size": 1, "origin_tiles": "K-35-078-1_Lesovo_x3456_y1728.png"}}, {"type": "Feature", "geometry": {"type": "Point", "coordinates": [475843.1102235, 4640660.515941999]}, "properties": {"source_tile": "K-35-078-1_Lesovo_x3360_y1680.png", "label": "burial_mound", "subtype": "burial_mound", "cluster_size": 1, "origin_tiles": "K-35-078-1_Lesovo_x3456_y1728.png"}}, {"type": "Feature", "geometry": {"type": "Point", "coordinates": [476298.116315, 4641073.982198999]}, "properties": {"source_tile": "K-35-078-1_Lesovo_x3360_y1680.png", "label": "burial_mound", "subtype": "burial_mound", "cluster_size": 1, "origin_tiles": "K-35-078-1_Lesovo_x3456_y1728.png"}}, {"type": "Feature", "geometry": {"type": "Point", "coordinates": [476056.6056510001, 4640963.853336001]}, "properties": {"source_tile": "K-35-078-1_Lesovo_x3360_y1680.png", "label": "burial_mound", "subtype": "burial_mound", "cluster_size": 1, "origin_tiles": "K-35-078-1_Lesovo_x3456_y1728.png"}}, {"type": "Feature", "geometry": {"type": "Point", "coordinates": [475079.936525, 4641616.898172]}, "properties": {"source_tile": "K-35-078-1_Lesovo_x3024_y1344.png", "label": "burial_mound", "subtype": "burial_mound", "cluster_size": 1, "origin_tiles": "K-35-078-1_Lesovo_x3072_y1536.png"}}, {"type": "Feature", "geometry": {"type": "Point", "coordinates": [474909.913017, 4641418.8594275005]}, "properties": {"source_tile": "K-35-078-1_Lesovo_x3024_y1344.png", "label": "burial_mound", "subtype": "burial_mound", "cluster_size": 1, "origin_tiles": "K-35-078-1_Lesovo_x3072_y1536.png"}}, {"type": "Feature", "geometry": {"type": "Point", "coordinates": [475508.85946450004, 4641799.480234]}, "properties": {"source_tile": "K-35-078-1_Lesovo_x3360_y1344.png", "label": "burial_mound", "subtype": "burial_mound", "cluster_size": 1, "origin_tiles": "K-35-078-1_Lesovo_x3072_y1536.png"}}, {"type": "Feature", "geometry": {"type": "Point", "coordinates": [473967.05538399995, 4641521.259949001]}, "properties": {"source_tile": "K-35-078-1_Lesovo_x3024_y1344.png", "label": "burial_mound", "subtype": "burial_mound", "cluster_size": 1, "origin_tiles": "K-35-078-1_Lesovo_x3072_y1536.png"}}, {"type": "Feature", "geometry": {"type": "Point", "coordinates": [475443.1685635, 4641036.306535501]}, "properties": {"source_tile": "K-35-078-1_Lesovo_x3360_y1680.png", "label": "burial_mound", "subtype": "burial_mound", "cluster_size": 1, "origin_tiles": "K-35-078-1_Lesovo_x3072_y1536.png"}}, {"type": "Feature", "geometry": {"type": "Point", "coordinates": [475609.3279005, 4640843.098004]}, "properties": {"source_tile": "K-35-078-1_Lesovo_x3360_y1680.png", "label": "burial_mound", "subtype": "burial_mound", "cluster_size": 1, "origin_tiles": "K-35-078-1_Lesovo_x3072_y1536.png"}}, {"type": "Feature", "geometry": {"type": "Point", "coordinates": [469666.233476, 4647582.211577999]}, "properties": {"source_tile": "K-35-078-1_Lesovo_x2016_y336.png", "label": "burial_mound", "subtype": "burial_mound", "cluster_size": 1, "origin_tiles": "K-35-078-1_Lesovo_x2112_y384.png"}}, {"type": "Feature", "geometry": {"type": "Point", "coordinates": [470137.6622925, 4647309.7875485]}, "properties": {"source_tile": "K-35-078-1_Lesovo_x2016_y336.png", "label": "burial_mound", "subtype": "burial_mound", "cluster_size": 1, "origin_tiles": "K-35-078-1_Lesovo_x2112_y384.png"}}, {"type": "Feature", "geometry": {"type": "Point", "coordinates": [470064.2430505, 4646545.647807]}, "properties": {"source_tile": "K-35-078-1_Lesovo_x2016_y336.png", "label": "burial_mound", "subtype": "burial_mound", "cluster_size": 1, "origin_tiles": "K-35-078-1_Lesovo_x2112_y384.png"}}, {"type": "Feature", "geometry": {"type": "Point", "coordinates": [473613.4837714999, 4641182.1789765]}, "properties": {"source_tile": "K-35-078-1_Lesovo_x2688_y1680.png", "label": "burial_mound", "subtype": "burial_mound", "cluster_size": 1, "origin_tiles": "K-35-078-1_Lesovo_x2688_y1536.png"}}, {"type": "Feature", "geometry": {"type": "Point", "coordinates": [478459.153738, 4643466.86986]}, "properties": {"source_tile": "K-35-078-1_Lesovo_x3696_y1008.png", "label": "burial_mound", "subtype": "burial_mound", "cluster_size": 1, "origin_tiles": "K-35-078-1_Lesovo_x3648_y1152.png"}}, {"type": "Feature", "geometry": {"type": "Point", "coordinates": [478264.49614299997, 4643377.02789275]}, "properties": {"source_tile": "K-35-078-1_Lesovo_x3696_y1008.png", "label": "burial_mound", "subtype": "burial_mound", "cluster_size": 2, "origin_tiles": "K-35-078-1_Lesovo_x3648_y1152.png;K-35-078-1_Lesovo_x3840_y1152.png"}}, {"type": "Feature", "geometry": {"type": "Point", "coordinates": [477736.553831, 4642584.872914249]}, "properties": {"source_tile": "K-35-078-1_Lesovo_x3696_y1344.png", "label": "burial_mound", "subtype": "burial_mound", "cluster_size": 2, "origin_tiles": "K-35-078-1_Lesovo_x3648_y1152.png;K-35-078-1_Lesovo_x3840_y1152.png"}}, {"type": "Feature", "geometry": {"type": "Point", "coordinates": [478533.8610371666, 4642496.963032332]}, "properties": {"source_tile": "K-35-078-1_Lesovo_x3696_y1344.png", "label": "burial_mound", "subtype": "burial_mound", "cluster_size": 3, "origin_tiles": "K-35-078-1_Lesovo_x3648_y1152.png;K-35-078-1_Lesovo_x3840_y1152.png;K-35-078-1_Lesovo_x3840_y1344.png"}}, {"type": "Feature", "geometry": {"type": "Point", "coordinates": [478083.36314500007, 4643797.2564485]}, "properties": {"source_tile": "K-35-078-1_Lesovo_x3696_y1008.png", "label": "burial_mound", "subtype": "burial_mound", "cluster_size": 1, "origin_tiles": "K-35-078-1_Lesovo_x3648_y1152.png"}}, {"type": "Feature", "geometry": {"type": "Point", "coordinates": [477540.4471715, 4636878.458939999]}, "properties": {"source_tile": "K-35-078-1_Lesovo_x3696_y2352.png", "label": "burial_mound", "subtype": "burial_mound", "cluster_size": 1, "origin_tiles": "K-35-078-1_Lesovo_x3456_y2304.png"}}, {"type": "Feature", "geometry": {"type": "Point", "coordinates": [477354.0009385, 4637160.543396001]}, "properties": {"source_tile": "K-35-078-1_Lesovo_x3696_y2352.png", "label": "burial_mound", "subtype": "burial_mound", "cluster_size": 1, "origin_tiles": "K-35-078-1_Lesovo_x3456_y2304.png"}}, {"type": "Feature", "geometry": {"type": "Point", "coordinates": [476765.68096100003, 4637892.32070875]}, "properties": {"source_tile": "K-35-078-1_Lesovo_x3360_y2016.png", "label": "burial_mound", "subtype": "burial_mound", "cluster_size": 2, "origin_tiles": "K-35-078-1_Lesovo_x3456_y2304.png;K-35-078-1_Lesovo_x3648_y2112.png"}}, {"type": "Feature", "geometry": {"type": "Point", "coordinates": [476768.579089, 4638083.1141335005]}, "properties": {"source_tile": "K-35-078-1_Lesovo_x3360_y2016.png", "label": "burial_mound", "subtype": "burial_mound", "cluster_size": 1, "origin_tiles": "K-35-078-1_Lesovo_x3456_y2304.png"}}, {"type": "Feature", "geometry": {"type": "Point", "coordinates": [476689.363591, 4638073.453706499]}, "properties": {"source_tile": "K-35-078-1_Lesovo_x3360_y2016.png", "label": "burial_mound", "subtype": "burial_mound", "cluster_size": 1, "origin_tiles": "K-35-078-1_Lesovo_x3456_y2304.png"}}, {"type": "Feature", "geometry": {"type": "Point", "coordinates": [477206.196412, 4637215.607827499]}, "properties": {"source_tile": "K-35-078-1_Lesovo_x3696_y2352.png", "label": "burial_mound", "subtype": "burial_mound", "cluster_size": 1, "origin_tiles": "K-35-078-1_Lesovo_x3648_y2496.png"}}, {"type": "Feature", "geometry": {"type": "Point", "coordinates": [477787.7540915, 4644095.7636295]}, "properties": {"source_tile": "K-35-078-1_Lesovo_x3696_y1008.png", "label": "triangulation_mound", "subtype": "triangulation_mound", "cluster_size": 1, "origin_tiles": "K-35-078-1_Lesovo_x3648_y960.png"}}, {"type": "Feature", "geometry": {"type": "Point", "coordinates": [477458.816567, 4649356.34891725]}, "properties": {"source_tile": "K-35-078-1_Lesovo_x3696_y0.png", "label": "burial_mound", "subtype": "burial_mound", "cluster_size": 2, "origin_tiles": "K-35-078-1_Lesovo_x3456_y0.png;K-35-078-1_Lesovo_x3648_y0.png"}}, {"type": "Feature", "geometry": {"type": "Point", "coordinates": [477931.6944475, 4648243.950798]}, "properties": {"source_tile": "K-35-078-1_Lesovo_x3696_y0.png", "label": "burial_mound", "subtype": "burial_mound", "cluster_size": 1, "origin_tiles": "K-35-078-1_Lesovo_x3648_y0.png"}}, {"type": "Feature", "geometry": {"type": "Point", "coordinates": [476222.764988, 4638975.7375485]}, "properties": {"source_tile": "K-35-078-1_Lesovo_x3360_y2016.png", "label": "burial_mound", "subtype": "burial_mound", "cluster_size": 1, "origin_tiles": "K-35-078-1_Lesovo_x3264_y1920.png"}}, {"type": "Feature", "geometry": {"type": "Point", "coordinates": [476159.9722155, 4638977.6696335]}, "properties": {"source_tile": "K-35-078-1_Lesovo_x3360_y2016.png", "label": "burial_mound", "subtype": "burial_mound", "cluster_size": 1, "origin_tiles": "K-35-078-1_Lesovo_x3264_y1920.png"}}, {"type": "Feature", "geometry": {"type": "Point", "coordinates": [475523.3501045, 4638913.9108185]}, "properties": {"source_tile": "K-35-078-1_Lesovo_x3360_y2016.png", "label": "burial_mound", "subtype": "burial_mound", "cluster_size": 1, "origin_tiles": "K-35-078-1_Lesovo_x3264_y1920.png"}}, {"type": "Feature", "geometry": {"type": "Point", "coordinates": [475489.53861150006, 4638876.2351545]}, "properties": {"source_tile": "K-35-078-1_Lesovo_x3360_y2016.png", "label": "burial_mound", "subtype": "burial_mound", "cluster_size": 1, "origin_tiles": "K-35-078-1_Lesovo_x3264_y1920.png"}}, {"type": "Feature", "geometry": {"type": "Point", "coordinates": [475206.4881125, 4638921.639159501]}, "properties": {"source_tile": "K-35-078-1_Lesovo_x3024_y2016.png", "label": "burial_mound", "subtype": "burial_mound", "cluster_size": 1, "origin_tiles": "K-35-078-1_Lesovo_x3264_y1920.png"}}, {"type": "Feature", "geometry": {"type": "Point", "coordinates": [475213.25041149993, 4638950.620439]}, "properties": {"source_tile": "K-35-078-1_Lesovo_x3024_y2016.png", "label": "burial_mound", "subtype": "burial_mound", "cluster_size": 1, "origin_tiles": "K-35-078-1_Lesovo_x3264_y1920.png"}}, {"type": "Feature", "geometry": {"type": "Point", "coordinates": [476028.590414, 4639210.485913999]}, "properties": {"source_tile": "K-35-078-1_Lesovo_x3360_y2016.png", "label": "burial_mound", "subtype": "burial_mound", "cluster_size": 1, "origin_tiles": "K-35-078-1_Lesovo_x3264_y1920.png"}}, {"type": "Feature", "geometry": {"type": "Point", "coordinates": [475426.74583850004, 4639723.454564501]}, "properties": {"source_tile": "K-35-078-1_Lesovo_x3360_y1680.png", "label": "burial_mound", "subtype": "burial_mound", "cluster_size": 1, "origin_tiles": "K-35-078-1_Lesovo_x3264_y1920.png"}}, {"type": "Feature", "geometry": {"type": "Point", "coordinates": [475419.01749749994, 4639688.677029]}, "properties": {"source_tile": "K-35-078-1_Lesovo_x3360_y1680.png", "label": "burial_mound", "subtype": "burial_mound", "cluster_size": 1, "origin_tiles": "K-35-078-1_Lesovo_x3264_y1920.png"}}, {"type": "Feature", "geometry": {"type": "Point", "coordinates": [475019.0758375, 4639077.1720275]}, "properties": {"source_tile": "K-35-078-1_Lesovo_x3024_y2016.png", "label": "burial_mound", "subtype": "burial_mound", "cluster_size": 1, "origin_tiles": "K-35-078-1_Lesovo_x3264_y1920.png"}}, {"type": "Feature", "geometry": {"type": "Point", "coordinates": [475343.66617000004, 4638400.9421675]}, "properties": {"source_tile": "K-35-078-1_Lesovo_x3024_y2016.png", "label": "burial_mound", "subtype": "burial_mound", "cluster_size": 1, "origin_tiles": "K-35-078-1_Lesovo_x3264_y1920.png"}}, {"type": "Feature", "geometry": {"type": "Point", "coordinates": [475603.53164500004, 4638705.245604499]}, "properties": {"source_tile": "K-35-078-1_Lesovo_x3360_y2016.png", "label": "burial_mound", "subtype": "burial_mound", "cluster_size": 1, "origin_tiles": "K-35-078-1_Lesovo_x3264_y1920.png"}}, {"type": "Feature", "geometry": {"type": "Point", "coordinates": [478810.79326525005, 4647328.383869875]}, "properties": {"source_tile": "K-35-078-1_Lesovo_x4032_y336.png", "label": "burial_mound", "subtype": "burial_mound", "cluster_size": 4, "origin_tiles": "K-35-078-1_Lesovo_x3840_y192.png;K-35-078-1_Lesovo_x3840_y384.png;K-35-078-1_Lesovo_x4032_y192.png;K-35-078-1_Lesovo_x4032_y384.png"}}, {"type": "Feature", "geometry": {"type": "Point", "coordinates": [475587.1089195, 4645555.454083999]}, "properties": {"source_tile": "K-35-078-1_Lesovo_x3360_y672.png", "label": "burial_mound", "subtype": "burial_mound", "cluster_size": 1, "origin_tiles": "K-35-078-1_Lesovo_x3264_y768.png"}}, {"type": "Feature", "geometry": {"type": "Point", "coordinates": [475603.531645, 4645182.5616185]}, "properties": {"source_tile": "K-35-078-1_Lesovo_x3360_y672.png", "label": "burial_mound", "subtype": "burial_mound", "cluster_size": 1, "origin_tiles": "K-35-078-1_Lesovo_x3264_y768.png"}}, {"type": "Feature", "geometry": {"type": "Point", "coordinates": [476007.33747499995, 4645498.4575675]}, "properties": {"source_tile": "K-35-078-1_Lesovo_x3360_y672.png", "label": "burial_mound", "subtype": "burial_mound", "cluster_size": 1, "origin_tiles": "K-35-078-1_Lesovo_x3264_y768.png"}}, {"type": "Feature", "geometry": {"type": "Point", "coordinates": [476342.55427749996, 4645323.6038460005]}, "properties": {"source_tile": "K-35-078-1_Lesovo_x3360_y672.png", "label": "burial_mound", "subtype": "burial_mound", "cluster_size": 1, "origin_tiles": "K-35-078-1_Lesovo_x3264_y768.png"}}, {"type": "Feature", "geometry": {"type": "Point", "coordinates": [476556.0497045, 4645095.617779]}, "properties": {"source_tile": "K-35-078-1_Lesovo_x3360_y672.png", "label": "burial_mound", "subtype": "burial_mound", "cluster_size": 1, "origin_tiles": "K-35-078-1_Lesovo_x3264_y768.png"}}, {"type": "Feature", "geometry": {"type": "Point", "coordinates": [476583.09889900003, 4644951.6774234995]}, "properties": {"source_tile": "K-35-078-1_Lesovo_x3360_y672.png", "label": "burial_mound", "subtype": "burial_mound", "cluster_size": 1, "origin_tiles": "K-35-078-1_Lesovo_x3264_y768.png"}}, {"type": "Feature", "geometry": {"type": "Point", "coordinates": [475995.74496350007, 4644942.9830395]}, "properties": {"source_tile": "K-35-078-1_Lesovo_x3360_y672.png", "label": "burial_mound", "subtype": "burial_mound", "cluster_size": 1, "origin_tiles": "K-35-078-1_Lesovo_x3264_y768.png"}}, {"type": "Feature", "geometry": {"type": "Point", "coordinates": [475702.067996, 4644939.118868999]}, "properties": {"source_tile": "K-35-078-1_Lesovo_x3360_y672.png", "label": "burial_mound", "subtype": "burial_mound", "cluster_size": 1, "origin_tiles": "K-35-078-1_Lesovo_x3264_y768.png"}}, {"type": "Feature", "geometry": {"type": "Point", "coordinates": [475447.032734, 4644816.431451499]}, "properties": {"source_tile": "K-35-078-1_Lesovo_x3360_y672.png", "label": "burial_mound", "subtype": "burial_mound", "cluster_size": 1, "origin_tiles": "K-35-078-1_Lesovo_x3264_y768.png"}}, {"type": "Feature", "geometry": {"type": "Point", "coordinates": [476269.135035, 4644104.458013]}, "properties": {"source_tile": "K-35-078-1_Lesovo_x3360_y1008.png", "label": "burial_mound", "subtype": "burial_mound", "cluster_size": 1, "origin_tiles": "K-35-078-1_Lesovo_x3264_y768.png"}}, {"type": "Feature", "geometry": {"type": "Point", "coordinates": [475320.4811464999, 4645065.670457001]}, "properties": {"source_tile": "K-35-078-1_Lesovo_x3024_y672.png", "label": "burial_mound", "subtype": "burial_mound", "cluster_size": 1, "origin_tiles": "K-35-078-1_Lesovo_x3264_y768.png"}}, {"type": "Feature", "geometry": {"type": "Point", "coordinates": [475249.960032, 4645323.6038460005]}, "properties": {"source_tile": "K-35-078-1_Lesovo_x3024_y672.png", "label": "burial_mound", "subtype": "burial_mound", "cluster_size": 1, "origin_tiles": "K-35-078-1_Lesovo_x3264_y768.png"}}, {"type": "Feature", "geometry": {"type": "Point", "coordinates": [475281.83944049996, 4645553.5219985]}, "properties": {"source_tile": "K-35-078-1_Lesovo_x3024_y672.png", "label": "burial_mound", "subtype": "burial_mound", "cluster_size": 1, "origin_tiles": "K-35-078-1_Lesovo_x3264_y768.png"}}, {"type": "Feature", "geometry": {"type": "Point", "coordinates": [477956.81155650003, 4647257.6212455]}, "properties": {"source_tile": "K-35-078-1_Lesovo_x3696_y336.png", "label": "burial_mound", "subtype": "burial_mound", "cluster_size": 1, "origin_tiles": "K-35-078-1_Lesovo_x3648_y192.png"}}, {"type": "Feature", "geometry": {"type": "Point", "coordinates": [477452.53729, 4647085.6656525]}, "properties": {"source_tile": "K-35-078-1_Lesovo_x3696_y336.png", "label": "burial_mound", "subtype": "burial_mound", "cluster_size": 1, "origin_tiles": "K-35-078-1_Lesovo_x3648_y192.png"}}, {"type": "Feature", "geometry": {"type": "Point", "coordinates": [477721.09714850003, 4645590.2316195]}, "properties": {"source_tile": "K-35-078-1_Lesovo_x3696_y672.png", "label": "triangulation_mound", "subtype": "triangulation_mound", "cluster_size": 1, "origin_tiles": "K-35-078-1_Lesovo_x3648_y576.png"}}, {"type": "Feature", "geometry": {"type": "Point", "coordinates": [475528.1803175001, 4642188.7954245]}, "properties": {"source_tile": "K-35-078-1_Lesovo_x3360_y1344.png", "label": "burial_mound", "subtype": "burial_mound", "cluster_size": 1, "origin_tiles": "K-35-078-1_Lesovo_x3264_y1344.png"}}, {"type": "Feature", "geometry": {"type": "Point", "coordinates": [475570.68619449995, 4642110.545969499]}, "properties": {"source_tile": "K-35-078-1_Lesovo_x3360_y1344.png", "label": "burial_mound", "subtype": "burial_mound", "cluster_size": 1, "origin_tiles": "K-35-078-1_Lesovo_x3264_y1344.png"}}, {"type": "Feature", "geometry": {"type": "Point", "coordinates": [475198.7597715, 4642081.564689999]}, "properties": {"source_tile": "K-35-078-1_Lesovo_x3024_y1344.png", "label": "burial_mound", "subtype": "burial_mound", "cluster_size": 1, "origin_tiles": "K-35-078-1_Lesovo_x3264_y1344.png"}}, {"type": "Feature", "geometry": {"type": "Point", "coordinates": [475483.7423555, 4641794.650020501]}, "properties": {"source_tile": "K-35-078-1_Lesovo_x3360_y1344.png", "label": "burial_mound", "subtype": "burial_mound", "cluster_size": 1, "origin_tiles": "K-35-078-1_Lesovo_x3264_y1344.png"}}, {"type": "Feature", "geometry": {"type": "Point", "coordinates": [475740.709702, 4641306.798478999]}, "properties": {"source_tile": "K-35-078-1_Lesovo_x3360_y1344.png", "label": "burial_mound", "subtype": "burial_mound", "cluster_size": 1, "origin_tiles": "K-35-078-1_Lesovo_x3264_y1344.png"}}, {"type": "Feature", "geometry": {"type": "Point", "coordinates": [469002.562171, 4644168.216828501]}, "properties": {"source_tile": "K-35-078-1_Lesovo_x2016_y1008.png", "label": "burial_mound", "subtype": "burial_mound", "cluster_size": 1, "origin_tiles": "K-35-078-1_Lesovo_x1920_y960.png"}}, {"type": "Feature", "geometry": {"type": "Point", "coordinates": [477803.2107745, 4649310.461890999]}, "properties": {"source_tile": "K-35-078-1_Lesovo_x3696_y0.png", "label": "burial_mound", "subtype": "burial_mound", "cluster_size": 1, "origin_tiles": "K-35-078-1_Lesovo_x3840_y0.png"}}, {"type": "Feature", "geometry": {"type": "Point", "coordinates": [478039.891225, 4649370.3565355]}, "properties": {"source_tile": "K-35-078-1_Lesovo_x3696_y0.png", "label": "burial_mound", "subtype": "burial_mound", "cluster_size": 1, "origin_tiles": "K-35-078-1_Lesovo_x3840_y0.png"}}, {"type": "Feature", "geometry": {"type": "Point", "coordinates": [478659.1245685, 4648761.749662001]}, "properties": {"source_tile": "K-35-078-1_Lesovo_x3696_y0.png", "label": "burial_mound", "subtype": "burial_mound", "cluster_size": 1, "origin_tiles": "K-35-078-1_Lesovo_x3840_y0.png"}}, {"type": "Feature", "geometry": {"type": "Point", "coordinates": [476966.134812, 4637829.04491475]}, "properties": {"source_tile": "K-35-078-1_Lesovo_x3696_y2352.png", "label": "burial_mound", "subtype": "burial_mound", "cluster_size": 2, "origin_tiles": "K-35-078-1_Lesovo_x3648_y2112.png;K-35-078-1_Lesovo_x3648_y2304.png"}}, {"type": "Feature", "geometry": {"type": "Point", "coordinates": [477140.50551149994, 4637747.8973315]}, "properties": {"source_tile": "K-35-078-1_Lesovo_x3696_y2352.png", "label": "burial_mound", "subtype": "burial_mound", "cluster_size": 1, "origin_tiles": "K-35-078-1_Lesovo_x3648_y2304.png"}}, {"type": "Feature", "geometry": {"type": "Point", "coordinates": [477976.1324100001, 4638119.501740334]}, "properties": {"source_tile": "K-35-078-1_Lesovo_x3696_y2016.png", "label": "burial_mound", "subtype": "burial_mound", "cluster_size": 3, "origin_tiles": "K-35-078-1_Lesovo_x3648_y2112.png;K-35-078-1_Lesovo_x3648_y2304.png;K-35-078-1_Lesovo_x3840_y2304.png"}}, {"type": "Feature", "geometry": {"type": "Point", "coordinates": [478117.174638, 4638025.151574]}, "properties": {"source_tile": "K-35-078-1_Lesovo_x3696_y2016.png", "label": "burial_mound", "subtype": "burial_mound", "cluster_size": 1, "origin_tiles": "K-35-078-1_Lesovo_x3648_y2304.png"}}, {"type": "Feature", "geometry": {"type": "Point", "coordinates": [477006.2255825, 4636936.4214995]}, "properties": {"source_tile": "K-35-078-1_Lesovo_x3696_y2352.png", "label": "burial_mound", "subtype": "burial_mound", "cluster_size": 1, "origin_tiles": "K-35-078-1_Lesovo_x3648_y2304.png"}}, {"type": "Feature", "geometry": {"type": "Point", "coordinates": [477777.1276225, 4636635.49921225]}, "properties": {"source_tile": "K-35-078-1_Lesovo_x3696_y2352.png", "label": "burial_mound", "subtype": "burial_mound", "cluster_size": 2, "origin_tiles": "K-35-078-1_Lesovo_x3648_y2304.png;K-35-078-1_Lesovo_x3840_y2496.png"}}, {"type": "Feature", "geometry": {"type": "Point", "coordinates": [478484.59286183334, 4636822.106451667]}, "properties": {"source_tile": "K-35-078-1_Lesovo_x3696_y2352.png", "label": "burial_mound", "subtype": "burial_mound", "cluster_size": 3, "origin_tiles": "K-35-078-1_Lesovo_x3648_y2304.png;K-35-078-1_Lesovo_x3840_y2304.png;K-35-078-1_Lesovo_x3840_y2496.png"}}, {"type": "Feature", "geometry": {"type": "Point", "coordinates": [477718.843049, 4635800.355335333]}, "properties": {"source_tile": "K-35-078-1_Lesovo_x3696_y2688.png", "label": "burial_mound", "subtype": "burial_mound", "cluster_size": 3, "origin_tiles": "K-35-078-1_Lesovo_x3648_y2688.png;K-35-078-1_Lesovo_x3840_y2496.png;K-35-078-1_Lesovo_x3840_y2688.png"}}, {"type": "Feature", "geometry": {"type": "Point", "coordinates": [477680.5233565, 4635630.331827501]}, "properties": {"source_tile": "K-35-078-1_Lesovo_x3696_y2688.png", "label": "burial_mound", "subtype": "burial_mound", "cluster_size": 1, "origin_tiles": "K-35-078-1_Lesovo_x3648_y2688.png"}}, {"type": "Feature", "geometry": {"type": "Point", "coordinates": [477868.57966083335, 4635140.870215]}, "properties": {"source_tile": "K-35-078-1_Lesovo_x3696_y2688.png", "label": "burial_mound", "subtype": "burial_mound", "cluster_size": 3, "origin_tiles": "K-35-078-1_Lesovo_x3648_y2688.png;K-35-078-1_Lesovo_x3840_y2688.png;K-35-078-1_Lesovo_x3840_y2880.png"}}, {"type": "Feature", "geometry": {"type": "Point", "coordinates": [477768.91626025, 4634971.490735999]}, "properties": {"source_tile": "K-35-078-1_Lesovo_x3696_y2688.png", "label": "burial_mound", "subtype": "burial_mound", "cluster_size": 2, "origin_tiles": "K-35-078-1_Lesovo_x3648_y2688.png;K-35-078-1_Lesovo_x3840_y2688.png"}}, {"type": "Feature", "geometry": {"type": "Point", "coordinates": [477481.51856949995, 4634799.535142499]}, "properties": {"source_tile": "K-35-078-1_Lesovo_x3696_y2688.png", "label": "burial_mound", "subtype": "burial_mound", "cluster_size": 1, "origin_tiles": "K-35-078-1_Lesovo_x3648_y2688.png"}}, {"type": "Feature", "geometry": {"type": "Point", "coordinates": [477082.542952, 4634755.097180501]}, "properties": {"source_tile": "K-35-078-1_Lesovo_x3696_y2688.png", "label": "burial_mound", "subtype": "burial_mound", "cluster_size": 1, "origin_tiles": "K-35-078-1_Lesovo_x3648_y2688.png"}}, {"type": "Feature", "geometry": {"type": "Point", "coordinates": [478435.9687145, 4634508.112274666]}, "properties": {"source_tile": "K-35-078-1_Lesovo_x3696_y2688.png", "label": "burial_mound", "subtype": "burial_mound", "cluster_size": 3, "origin_tiles": "K-35-078-1_Lesovo_x3648_y2688.png;K-35-078-1_Lesovo_x3840_y2688.png;K-35-078-1_Lesovo_x3840_y2880.png"}}, {"type": "Feature", "geometry": {"type": "Point", "coordinates": [461600.743334, 4640173.630442999]}, "properties": {"source_tile": "K-35-078-1_Lesovo_x336_y1680.png", "label": "burial_mound", "subtype": "burial_mound", "cluster_size": 1, "origin_tiles": "K-35-078-1_Lesovo_x384_y1728.png"}}, {"type": "Feature", "geometry": {"type": "Point", "coordinates": [461449.55765850004, 4643638.825452751]}, "properties": {"source_tile": "K-35-078-1_Lesovo_x336_y1008.png", "label": "burial_mound", "subtype": "burial_mound", "cluster_size": 2, "origin_tiles": "K-35-078-1_Lesovo_x384_y1152.png;K-35-078-1_Lesovo_x384_y960.png"}}, {"type": "Feature", "geometry": {"type": "Point", "coordinates": [461300.30406799994, 4643884.68330875]}, "properties": {"source_tile": "K-35-078-1_Lesovo_x336_y1008.png", "label": "burial_mound", "subtype": "burial_mound", "cluster_size": 2, "origin_tiles": "K-35-078-1_Lesovo_x384_y1152.png;K-35-078-1_Lesovo_x384_y960.png"}}, {"type": "Feature", "geometry": {"type": "Point", "coordinates": [460757.38809450006, 4642353.988719501]}, "properties": {"source_tile": "K-35-078-1_Lesovo_x336_y1344.png", "label": "burial_mound", "subtype": "burial_mound", "cluster_size": 1, "origin_tiles": "K-35-078-1_Lesovo_x384_y1152.png"}}, {"type": "Feature", "geometry": {"type": "Point", "coordinates": [478515.18421250005, 4638024.185531]}, "properties": {"source_tile": "K-35-078-1_Lesovo_x3696_y2016.png", "label": "burial_mound", "subtype": "burial_mound", "cluster_size": 1, "origin_tiles": "K-35-078-1_Lesovo_x3840_y2112.png"}}, {"type": "Feature", "geometry": {"type": "Point", "coordinates": [461011.4573135, 4646147.6382325]}, "properties": {"source_tile": "K-35-078-1_Lesovo_x336_y672.png", "label": "benchmark_mound", "subtype": "benchmark_mound", "cluster_size": 2, "origin_tiles": "K-35-078-1_Lesovo_x192_y576.png;K-35-078-1_Lesovo_x384_y384.png"}}, {"type": "Feature", "geometry": {"type": "Point", "coordinates": [460696.527407, 4645767.017425999]}, "properties": {"source_tile": "K-35-078-1_Lesovo_x336_y672.png", "label": "burial_mound", "subtype": "burial_mound", "cluster_size": 1, "origin_tiles": "K-35-078-1_Lesovo_x192_y576.png"}}, {"type": "Feature", "geometry": {"type": "Point", "coordinates": [459821.2927599999, 4646155.366574001]}, "properties": {"source_tile": "K-35-078-1_Lesovo_x0_y672.png", "label": "burial_mound", "subtype": "burial_mound", "cluster_size": 1, "origin_tiles": "K-35-078-1_Lesovo_x192_y576.png"}}, {"type": "Feature", "geometry": {"type": "Point", "coordinates": [461758.20828725, 4638911.012690499]}, "properties": {"source_tile": "K-35-078-1_Lesovo_x336_y2016.png", "label": "burial_mound", "subtype": "burial_mound", "cluster_size": 2, "origin_tiles": "K-35-078-1_Lesovo_x384_y1920.png;K-35-078-1_Lesovo_x576_y1920.png"}}, {"type": "Feature", "geometry": {"type": "Point", "coordinates": [477800.3126465, 4644077.408818999]}, "properties": {"source_tile": "K-35-078-1_Lesovo_x3696_y1008.png", "label": "triangulation_mound", "subtype": "triangulation_mound", "cluster_size": 1, "origin_tiles": "K-35-078-1_Lesovo_x3840_y960.png"}}, {"type": "Feature", "geometry": {"type": "Point", "coordinates": [467651.068494, 4637999.068422]}, "properties": {"source_tile": "K-35-078-1_Lesovo_x1680_y2016.png", "label": "burial_mound", "subtype": "burial_mound", "cluster_size": 1, "origin_tiles": "K-35-078-1_Lesovo_x1536_y2112.png"}}, {"type": "Feature", "geometry": {"type": "Point", "coordinates": [478913.918319, 4636704.812772875]}, "properties": {"source_tile": "K-35-078-1_Lesovo_x4032_y2352.png", "label": "burial_mound", "subtype": "burial_mound", "cluster_size": 4, "origin_tiles": "K-35-078-1_Lesovo_x3840_y2304.png;K-35-078-1_Lesovo_x3840_y2496.png;K-35-078-1_Lesovo_x4032_y2304.png;K-35-078-1_Lesovo_x4032_y2496.png"}}, {"type": "Feature", "geometry": {"type": "Point", "coordinates": [478848.79094316665, 4635383.346921834]}, "properties": {"source_tile": "K-35-078-1_Lesovo_x4032_y2688.png", "label": "burial_mound", "subtype": "burial_mound", "cluster_size": 3, "origin_tiles": "K-35-078-1_Lesovo_x3840_y2496.png;K-35-078-1_Lesovo_x3840_y2688.png;K-35-078-1_Lesovo_x4032_y2688.png"}}, {"type": "Feature", "geometry": {"type": "Point", "coordinates": [479033.949119, 4636299.1553605]}, "properties": {"source_tile": "K-35-078-1_Lesovo_x4032_y2352.png", "label": "burial_mound", "subtype": "burial_mound", "cluster_size": 3, "origin_tiles": "K-35-078-1_Lesovo_x3840_y2496.png;K-35-078-1_Lesovo_x3840_y2688.png;K-35-078-1_Lesovo_x4032_y2496.png"}}, {"type": "Feature", "geometry": {"type": "Point", "coordinates": [462130.617731375, 4637843.77706525]}, "properties": {"source_tile": "K-35-078-1_Lesovo_x672_y2352.png", "label": "triangulation_mound", "subtype": "triangulation_mound", "cluster_size": 4, "origin_tiles": "K-35-078-1_Lesovo_x384_y2112.png;K-35-078-1_Lesovo_x384_y2304.png;K-35-078-1_Lesovo_x576_y2112.png;K-35-078-1_Lesovo_x576_y2304.png"}}, {"type": "Feature", "geometry": {"type": "Point", "coordinates": [478534.50506550004, 4641093.303052001]}, "properties": {"source_tile": "K-35-078-1_Lesovo_x3696_y1680.png", "label": "burial_mound", "subtype": "burial_mound", "cluster_size": 1, "origin_tiles": "K-35-078-1_Lesovo_x3840_y1728.png"}}, {"type": "Feature", "geometry": {"type": "Point", "coordinates": [478319.077553, 4640639.263002999]}, "properties": {"source_tile": "K-35-078-1_Lesovo_x3696_y1680.png", "label": "burial_mound", "subtype": "burial_mound", "cluster_size": 1, "origin_tiles": "K-35-078-1_Lesovo_x3840_y1728.png"}}, {"type": "Feature", "geometry": {"type": "Point", "coordinates": [478390.56470949994, 4640500.152860999]}, "properties": {"source_tile": "K-35-078-1_Lesovo_x3696_y1680.png", "label": "burial_mound", "subtype": "burial_mound", "cluster_size": 1, "origin_tiles": "K-35-078-1_Lesovo_x3840_y1728.png"}}, {"type": "Feature", "geometry": {"type": "Point", "coordinates": [478100.7519125, 4640419.0052775]}, "properties": {"source_tile": "K-35-078-1_Lesovo_x3696_y1680.png", "label": "burial_mound", "subtype": "burial_mound", "cluster_size": 1, "origin_tiles": "K-35-078-1_Lesovo_x3840_y1728.png"}}, {"type": "Feature", "geometry": {"type": "Point", "coordinates": [478999.4935976667, 4640456.358927167]}, "properties": {"source_tile": "K-35-078-1_Lesovo_x4032_y1680.png", "label": "burial_mound", "subtype": "burial_mound", "cluster_size": 3, "origin_tiles": "K-35-078-1_Lesovo_x3840_y1728.png;K-35-078-1_Lesovo_x4032_y1536.png;K-35-078-1_Lesovo_x4032_y1728.png"}}, {"type": "Feature", "geometry": {"type": "Point", "coordinates": [478692.936061, 4640278.446071]}, "properties": {"source_tile": "K-35-078-1_Lesovo_x3696_y1680.png", "label": "burial_mound", "subtype": "burial_mound", "cluster_size": 2, "origin_tiles": "K-35-078-1_Lesovo_x3840_y1728.png;K-35-078-1_Lesovo_x4032_y1728.png"}}, {"type": "Feature", "geometry": {"type": "Point", "coordinates": [478736.407981, 4640297.283903]}, "properties": {"source_tile": "K-35-078-1_Lesovo_x3696_y1680.png", "label": "burial_mound", "subtype": "burial_mound", "cluster_size": 1, "origin_tiles": "K-35-078-1_Lesovo_x3840_y1728.png"}}, {"type": "Feature", "geometry": {"type": "Point", "coordinates": [478497.312423, 4640167.3511655]}, "properties": {"source_tile": "K-35-078-1_Lesovo_x3696_y1680.png", "label": "burial_mound", "subtype": "burial_mound", "cluster_size": 2, "origin_tiles": "K-35-078-1_Lesovo_x3840_y1728.png;K-35-078-1_Lesovo_x3840_y1920.png"}}, {"type": "Feature", "geometry": {"type": "Point", "coordinates": [478178.03532525006, 4640090.067752751]}, "properties": {"source_tile": "K-35-078-1_Lesovo_x3696_y1680.png", "label": "burial_mound", "subtype": "burial_mound", "cluster_size": 2, "origin_tiles": "K-35-078-1_Lesovo_x3840_y1728.png;K-35-078-1_Lesovo_x3840_y1920.png"}}, {"type": "Feature", "geometry": {"type": "Point", "coordinates": [477966.471983, 4640077.026177]}, "properties": {"source_tile": "K-35-078-1_Lesovo_x3696_y1680.png", "label": "burial_mound", "subtype": "burial_mound", "cluster_size": 1, "origin_tiles": "K-35-078-1_Lesovo_x3840_y1728.png"}}, {"type": "Feature", "geometry": {"type": "Point", "coordinates": [478670.71708, 4639941.29718375]}, "properties": {"source_tile": "K-35-078-1_Lesovo_x3696_y1680.png", "label": "burial_mound", "subtype": "burial_mound", "cluster_size": 4, "origin_tiles": "K-35-078-1_Lesovo_x3840_y1728.png;K-35-078-1_Lesovo_x3840_y1920.png;K-35-078-1_Lesovo_x4032_y1728.png;K-35-078-1_Lesovo_x4032_y1920.png"}}, {"type": "Feature", "geometry": {"type": "Point", "coordinates": [478425.8252665, 4639891.0629655]}, "properties": {"source_tile": "K-35-078-1_Lesovo_x3696_y1680.png", "label": "burial_mound", "subtype": "burial_mound", "cluster_size": 2, "origin_tiles": "K-35-078-1_Lesovo_x3840_y1728.png;K-35-078-1_Lesovo_x3840_y1920.png"}}, {"type": "Feature", "geometry": {"type": "Point", "coordinates": [478997.239498, 4639880.43649625]}, "properties": {"source_tile": "K-35-078-1_Lesovo_x4032_y1680.png", "label": "burial_mound", "subtype": "burial_mound", "cluster_size": 2, "origin_tiles": "K-35-078-1_Lesovo_x3840_y1728.png;K-35-078-1_Lesovo_x4032_y1920.png"}}, {"type": "Feature", "geometry": {"type": "Point", "coordinates": [478970.19030399993, 4639850.0061530005]}, "properties": {"source_tile": "K-35-078-1_Lesovo_x4032_y1680.png", "label": "burial_mound", "subtype": "burial_mound", "cluster_size": 1, "origin_tiles": "K-35-078-1_Lesovo_x3840_y1728.png"}}, {"type": "Feature", "geometry": {"type": "Point", "coordinates": [478378.006155, 4639643.273024499]}, "properties": {"source_tile": "K-35-078-1_Lesovo_x3696_y1680.png", "label": "burial_mound", "subtype": "burial_mound", "cluster_size": 1, "origin_tiles": "K-35-078-1_Lesovo_x3840_y1728.png"}}, {"type": "Feature", "geometry": {"type": "Point", "coordinates": [477933.1435115001, 4639450.54751425]}, "properties": {"source_tile": "K-35-078-1_Lesovo_x3696_y2016.png", "label": "burial_mound", "subtype": "burial_mound", "cluster_size": 2, "origin_tiles": "K-35-078-1_Lesovo_x3840_y1728.png;K-35-078-1_Lesovo_x3840_y1920.png"}}, {"type": "Feature", "geometry": {"type": "Point", "coordinates": [461633.10576325003, 4649109.04199725]}, "properties": {"source_tile": "K-35-078-1_Lesovo_x336_y0.png", "label": "triangulation_mound", "subtype": "triangulation_mound", "cluster_size": 2, "origin_tiles": "K-35-078-1_Lesovo_x384_y0.png;K-35-078-1_Lesovo_x576_y0.png"}}, {"type": "Feature", "geometry": {"type": "Point", "coordinates": [461678.99278950004, 4648264.2376935]}, "properties": {"source_tile": "K-35-078-1_Lesovo_x336_y0.png", "label": "triangulation_mound", "subtype": "triangulation_mound", "cluster_size": 2, "origin_tiles": "K-35-078-1_Lesovo_x384_y0.png;K-35-078-1_Lesovo_x576_y0.png"}}, {"type": "Feature", "geometry": {"type": "Point", "coordinates": [473686.41999225, 4646920.4723579995]}, "properties": {"source_tile": "K-35-078-1_Lesovo_x2688_y336.png", "label": "benchmark_mound", "subtype": "benchmark_mound", "cluster_size": 2, "origin_tiles": "K-35-078-1_Lesovo_x2688_y384.png;K-35-078-1_Lesovo_x2880_y384.png"}}, {"type": "Feature", "geometry": {"type": "Point", "coordinates": [478095.92169949994, 4634406.355781499]}, "properties": {"source_tile": "K-35-078-1_Lesovo_x3696_y2688.png", "label": "burial_mound", "subtype": "burial_mound", "cluster_size": 1, "origin_tiles": "K-35-078-1_Lesovo_x3840_y2880.png"}}, {"type": "Feature", "geometry": {"type": "Point", "coordinates": [478818.52160675, 4634427.36720925]}, "properties": {"source_tile": "K-35-078-1_Lesovo_x4032_y2688.png", "label": "burial_mound", "subtype": "burial_mound", "cluster_size": 4, "origin_tiles": "K-35-078-1_Lesovo_x3840_y2688.png;K-35-078-1_Lesovo_x3840_y2880.png;K-35-078-1_Lesovo_x4032_y2688.png;K-35-078-1_Lesovo_x4032_y2880.png"}}, {"type": "Feature", "geometry": {"type": "Point", "coordinates": [477844.75060850004, 4634951.2038394995]}, "properties": {"source_tile": "K-35-078-1_Lesovo_x3696_y2688.png", "label": "burial_mound", "subtype": "burial_mound", "cluster_size": 1, "origin_tiles": "K-35-078-1_Lesovo_x3840_y2880.png"}}, {"type": "Feature", "geometry": {"type": "Point", "coordinates": [478144.22383199993, 4643596.319576]}, "properties": {"source_tile": "K-35-078-1_Lesovo_x3696_y1008.png", "label": "burial_mound", "subtype": "burial_mound", "cluster_size": 1, "origin_tiles": "K-35-078-1_Lesovo_x3840_y1152.png"}}, {"type": "Feature", "geometry": {"type": "Point", "coordinates": [478055.347908, 4643445.616921]}, "properties": {"source_tile": "K-35-078-1_Lesovo_x3696_y1008.png", "label": "burial_mound", "subtype": "burial_mound", "cluster_size": 1, "origin_tiles": "K-35-078-1_Lesovo_x3840_y1152.png"}}, {"type": "Feature", "geometry": {"type": "Point", "coordinates": [478399.2590934999, 4643667.8067325]}, "properties": {"source_tile": "K-35-078-1_Lesovo_x3696_y1008.png", "label": "burial_mound", "subtype": "burial_mound", "cluster_size": 1, "origin_tiles": "K-35-078-1_Lesovo_x3840_y1152.png"}}, {"type": "Feature", "geometry": {"type": "Point", "coordinates": [478577.01094249997, 4643889.996543501]}, "properties": {"source_tile": "K-35-078-1_Lesovo_x3696_y1008.png", "label": "burial_mound", "subtype": "burial_mound", "cluster_size": 1, "origin_tiles": "K-35-078-1_Lesovo_x3840_y1152.png"}}, {"type": "Feature", "geometry": {"type": "Point", "coordinates": [478171.2730265, 4642867.923413]}, "properties": {"source_tile": "K-35-078-1_Lesovo_x3696_y1344.png", "label": "burial_mound", "subtype": "burial_mound", "cluster_size": 1, "origin_tiles": "K-35-078-1_Lesovo_x3840_y1152.png"}}, {"type": "Feature", "geometry": {"type": "Point", "coordinates": [478501.659615, 4642877.583838999]}, "properties": {"source_tile": "K-35-078-1_Lesovo_x3696_y1344.png", "label": "burial_mound", "subtype": "burial_mound", "cluster_size": 1, "origin_tiles": "K-35-078-1_Lesovo_x3840_y1152.png"}}, {"type": "Feature", "geometry": {"type": "Point", "coordinates": [478361.58343, 4642304.72054375]}, "properties": {"source_tile": "K-35-078-1_Lesovo_x3696_y1344.png", "label": "burial_mound", "subtype": "burial_mound", "cluster_size": 2, "origin_tiles": "K-35-078-1_Lesovo_x3840_y1152.png;K-35-078-1_Lesovo_x3840_y1344.png"}}, {"type": "Feature", "geometry": {"type": "Point", "coordinates": [478572.66375049995, 4642465.566646]}, "properties": {"source_tile": "K-35-078-1_Lesovo_x3696_y1344.png", "label": "burial_mound", "subtype": "burial_mound", "cluster_size": 2, "origin_tiles": "K-35-078-1_Lesovo_x3840_y1152.png;K-35-078-1_Lesovo_x3840_y1344.png"}}, {"type": "Feature", "geometry": {"type": "Point", "coordinates": [478047.61956650007, 4643810.781045999]}, "properties": {"source_tile": "K-35-078-1_Lesovo_x3696_y1008.png", "label": "burial_mound", "subtype": "burial_mound", "cluster_size": 1, "origin_tiles": "K-35-078-1_Lesovo_x3840_y1152.png"}}, {"type": "Feature", "geometry": {"type": "Point", "coordinates": [478903.53336049995, 4643213.2836625]}, "properties": {"source_tile": "K-35-078-1_Lesovo_x4032_y1008.png", "label": "burial_mound", "subtype": "burial_mound", "cluster_size": 2, "origin_tiles": "K-35-078-1_Lesovo_x4032_y1152.png;K-35-078-1_Lesovo_x4032_y960.png"}}, {"type": "Feature", "geometry": {"type": "Point", "coordinates": [478871.65395274997, 4641855.9937295]}, "properties": {"source_tile": "K-35-078-1_Lesovo_x4032_y1344.png", "label": "burial_mound", "subtype": "burial_mound", "cluster_size": 2, "origin_tiles": "K-35-078-1_Lesovo_x3840_y1344.png;K-35-078-1_Lesovo_x4032_y1344.png"}}, {"type": "Feature", "geometry": {"type": "Point", "coordinates": [461730.19305025, 4632294.5865335]}, "properties": {"source_tile": "K-35-078-1_Lesovo_x336_y3360.png", "label": "burial_mound", "subtype": "burial_mound", "cluster_size": 2, "origin_tiles": "K-35-078-1_Lesovo_x384_y3264.png;K-35-078-1_Lesovo_x384_y3456.png"}}, {"type": "Feature", "geometry": {"type": "Point", "coordinates": [461552.92422250006, 4631795.14248]}, "properties": {"source_tile": "K-35-078-1_Lesovo_x336_y3360.png", "label": "burial_mound", "subtype": "burial_mound", "cluster_size": 2, "origin_tiles": "K-35-078-1_Lesovo_x384_y3264.png;K-35-078-1_Lesovo_x384_y3456.png"}}, {"type": "Feature", "geometry": {"type": "Point", "coordinates": [461429.7537835, 4633767.801585]}, "properties": {"source_tile": "K-35-078-1_Lesovo_x336_y3024.png", "label": "benchmark_mound", "subtype": "benchmark_mound", "cluster_size": 1, "origin_tiles": "K-35-078-1_Lesovo_x384_y3072.png"}}, {"type": "Feature", "geometry": {"type": "Point", "coordinates": [461404.63667499996, 4632682.9356815005]}, "properties": {"source_tile": "K-35-078-1_Lesovo_x336_y3360.png", "label": "benchmark_mound", "subtype": "benchmark_mound", "cluster_size": 1, "origin_tiles": "K-35-078-1_Lesovo_x384_y3072.png"}}, {"type": "Feature", "geometry": {"type": "Point", "coordinates": [460599.9231415, 4634336.800710499]}, "properties": {"source_tile": "K-35-078-1_Lesovo_x336_y3024.png", "label": "burial_mound", "subtype": "burial_mound", "cluster_size": 1, "origin_tiles": "K-35-078-1_Lesovo_x384_y2880.png"}}, {"type": "Feature", "geometry": {"type": "Point", "coordinates": [461637.4529549999, 4641480.686157501]}, "properties": {"source_tile": "K-35-078-1_Lesovo_x336_y1344.png", "label": "burial_mound", "subtype": "burial_mound", "cluster_size": 1, "origin_tiles": "K-35-078-1_Lesovo_x384_y1536.png"}}, {"type": "Feature", "geometry": {"type": "Point", "coordinates": [460626.006293, 4640867.2490705]}, "properties": {"source_tile": "K-35-078-1_Lesovo_x336_y1680.png", "label": "burial_mound", "subtype": "burial_mound", "cluster_size": 1, "origin_tiles": "K-35-078-1_Lesovo_x384_y1536.png"}}, {"type": "Feature", "geometry": {"type": "Point", "coordinates": [460786.36937450006, 4645101.414035001]}, "properties": {"source_tile": "K-35-078-1_Lesovo_x336_y672.png", "label": "burial_mound", "subtype": "burial_mound", "cluster_size": 1, "origin_tiles": "K-35-078-1_Lesovo_x384_y768.png"}}, {"type": "Feature", "geometry": {"type": "Point", "coordinates": [461832.593572, 4644540.1432515]}, "properties": {"source_tile": "K-35-078-1_Lesovo_x672_y1008.png", "label": "burial_mound", "subtype": "burial_mound", "cluster_size": 1, "origin_tiles": "K-35-078-1_Lesovo_x384_y768.png"}}, {"type": "Feature", "geometry": {"type": "Point", "coordinates": [462126.27053949994, 4644723.691356501]}, "properties": {"source_tile": "K-35-078-1_Lesovo_x672_y672.png", "label": "burial_mound", "subtype": "burial_mound", "cluster_size": 1, "origin_tiles": "K-35-078-1_Lesovo_x384_y768.png"}}, {"type": "Feature", "geometry": {"type": "Point", "coordinates": [461793.95186549996, 4644921.7301010005]}, "properties": {"source_tile": "K-35-078-1_Lesovo_x672_y672.png", "label": "burial_mound", "subtype": "burial_mound", "cluster_size": 1, "origin_tiles": "K-35-078-1_Lesovo_x384_y768.png"}}, {"type": "Feature", "geometry": {"type": "Point", "coordinates": [461394.65423416666, 4636891.661523333]}, "properties": {"source_tile": "K-35-078-1_Lesovo_x336_y2352.png", "label": "burial_mound", "subtype": "burial_mound", "cluster_size": 3, "origin_tiles": "K-35-078-1_Lesovo_x384_y2304.png;K-35-078-1_Lesovo_x384_y2496.png;K-35-078-1_Lesovo_x576_y2496.png"}}, {"type": "Feature", "geometry": {"type": "Point", "coordinates": [461759.17433000007, 4636452.4341285005]}, "properties": {"source_tile": "K-35-078-1_Lesovo_x336_y2352.png", "label": "burial_mound", "subtype": "burial_mound", "cluster_size": 1, "origin_tiles": "K-35-078-1_Lesovo_x384_y2496.png"}}, {"type": "Feature", "geometry": {"type": "Point", "coordinates": [461081.97842749994, 4636123.013582501]}, "properties": {"source_tile": "K-35-078-1_Lesovo_x336_y2688.png", "label": "burial_mound", "subtype": "burial_mound", "cluster_size": 1, "origin_tiles": "K-35-078-1_Lesovo_x384_y2496.png"}}, {"type": "Feature", "geometry": {"type": "Point", "coordinates": [461956.24703183334, 4635890.519316667]}, "properties": {"source_tile": "K-35-078-1_Lesovo_x672_y2688.png", "label": "burial_mound", "subtype": "burial_mound", "cluster_size": 3, "origin_tiles": "K-35-078-1_Lesovo_x384_y2496.png;K-35-078-1_Lesovo_x576_y2496.png;K-35-078-1_Lesovo_x576_y2688.png"}}, {"type": "Feature", "geometry": {"type": "Point", "coordinates": [461300.30406800006, 4635505.712324999]}, "properties": {"source_tile": "K-35-078-1_Lesovo_x336_y2688.png", "label": "burial_mound", "subtype": "burial_mound", "cluster_size": 1, "origin_tiles": "K-35-078-1_Lesovo_x384_y2496.png"}}, {"type": "Feature", "geometry": {"type": "Point", "coordinates": [478987.57907150005, 4639865.4628355]}, "properties": {"source_tile": "K-35-078-1_Lesovo_x4032_y1680.png", "label": "burial_mound", "subtype": "burial_mound", "cluster_size": 1, "origin_tiles": "K-35-078-1_Lesovo_x4032_y1728.png"}}, {"type": "Feature", "geometry": {"type": "Point", "coordinates": [461132.21264549997, 4648778.172386999]}, "properties": {"source_tile": "K-35-078-1_Lesovo_x336_y0.png", "label": "benchmark_mound", "subtype": "benchmark_mound", "cluster_size": 1, "origin_tiles": "K-35-078-1_Lesovo_x384_y192.png"}}, {"type": "Feature", "geometry": {"type": "Point", "coordinates": [461846.7621974999, 4647804.723403167]}, "properties": {"source_tile": "K-35-078-1_Lesovo_x672_y336.png", "label": "benchmark_mound", "subtype": "benchmark_mound", "cluster_size": 3, "origin_tiles": "K-35-078-1_Lesovo_x384_y192.png;K-35-078-1_Lesovo_x384_y384.png;K-35-078-1_Lesovo_x576_y384.png"}}, {"type": "Feature", "geometry": {"type": "Point", "coordinates": [478707.42670099996, 4645607.6203875]}, "properties": {"source_tile": "K-35-078-1_Lesovo_x3696_y672.png", "label": "burial_mound", "subtype": "burial_mound", "cluster_size": 1, "origin_tiles": "K-35-078-1_Lesovo_x3840_y576.png"}}, {"type": "Feature", "geometry": {"type": "Point", "coordinates": [461017.2535695, 4646161.162830002]}, "properties": {"source_tile": "K-35-078-1_Lesovo_x336_y672.png", "label": "benchmark_mound", "subtype": "benchmark_mound", "cluster_size": 1, "origin_tiles": "K-35-078-1_Lesovo_x384_y576.png"}}, {"type": "Feature", "geometry": {"type": "Point", "coordinates": [461594.464057, 4645202.848514]}, "properties": {"source_tile": "K-35-078-1_Lesovo_x336_y672.png", "label": "benchmark_mound", "subtype": "benchmark_mound", "cluster_size": 2, "origin_tiles": "K-35-078-1_Lesovo_x384_y576.png;K-35-078-1_Lesovo_x576_y768.png"}}, {"type": "Feature", "geometry": {"type": "Point", "coordinates": [461540.84868949995, 4647815.027858499]}, "properties": {"source_tile": "K-35-078-1_Lesovo_x336_y336.png", "label": "triangulation_mound", "subtype": "triangulation_mound", "cluster_size": 1, "origin_tiles": "K-35-078-1_Lesovo_x384_y384.png"}}, {"type": "Feature", "geometry": {"type": "Point", "coordinates": [478823.3518200001, 4635383.0249075]}, "properties": {"source_tile": "K-35-078-1_Lesovo_x4032_y2688.png", "label": "burial_mound", "subtype": "burial_mound", "cluster_size": 1, "origin_tiles": "K-35-078-1_Lesovo_x4032_y2496.png"}}, {"type": "Feature", "geometry": {"type": "Point", "coordinates": [479007.8659675, 4649742.2829585]}, "properties": {"source_tile": "K-35-078-1_Lesovo_x4032_y0.png", "label": "burial_mound", "subtype": "burial_mound", "cluster_size": 1, "origin_tiles": "K-35-078-1_Lesovo_x4032_y0.png"}}, {"type": "Feature", "geometry": {"type": "Point", "coordinates": [462813.85140050005, 4648121.26338025]}, "properties": {"source_tile": "K-35-078-1_Lesovo_x672_y0.png", "label": "burial_mound", "subtype": "burial_mound", "cluster_size": 4, "origin_tiles": "K-35-078-1_Lesovo_x576_y0.png;K-35-078-1_Lesovo_x576_y192.png;K-35-078-1_Lesovo_x768_y0.png;K-35-078-1_Lesovo_x768_y192.png"}}, {"type": "Feature", "geometry": {"type": "Point", "coordinates": [461422.991485, 4643640.757538]}, "properties": {"source_tile": "K-35-078-1_Lesovo_x336_y1008.png", "label": "burial_mound", "subtype": "burial_mound", "cluster_size": 1, "origin_tiles": "K-35-078-1_Lesovo_x384_y960.png"}}, {"type": "Feature", "geometry": {"type": "Point", "coordinates": [461201.76771700004, 4644410.693535499]}, "properties": {"source_tile": "K-35-078-1_Lesovo_x336_y1008.png", "label": "burial_mound", "subtype": "burial_mound", "cluster_size": 1, "origin_tiles": "K-35-078-1_Lesovo_x384_y960.png"}}, {"type": "Feature", "geometry": {"type": "Point", "coordinates": [462757.0963945, 4642237.097557499]}, "properties": {"source_tile": "K-35-078-1_Lesovo_x672_y1344.png", "label": "benchmark_mound", "subtype": "benchmark_mound", "cluster_size": 1, "origin_tiles": "K-35-078-1_Lesovo_x576_y1152.png"}}, {"type": "Feature", "geometry": {"type": "Point", "coordinates": [478758.30494766665, 4644244.856212833]}, "properties": {"source_tile": "K-35-078-1_Lesovo_x3696_y1008.png", "label": "burial_mound", "subtype": "burial_mound", "cluster_size": 3, "origin_tiles": "K-35-078-1_Lesovo_x3840_y768.png;K-35-078-1_Lesovo_x4032_y768.png;K-35-078-1_Lesovo_x4032_y960.png"}}, {"type": "Feature", "geometry": {"type": "Point", "coordinates": [478961.97894100007, 4645425.5213465]}, "properties": {"source_tile": "K-35-078-1_Lesovo_x4032_y672.png", "label": "burial_mound", "subtype": "burial_mound", "cluster_size": 2, "origin_tiles": "K-35-078-1_Lesovo_x3840_y768.png;K-35-078-1_Lesovo_x4032_y768.png"}}, {"type": "Feature", "geometry": {"type": "Point", "coordinates": [478997.23949816666, 4645611.162543667]}, "properties": {"source_tile": "K-35-078-1_Lesovo_x4032_y672.png", "label": "burial_mound", "subtype": "burial_mound", "cluster_size": 3, "origin_tiles": "K-35-078-1_Lesovo_x3840_y768.png;K-35-078-1_Lesovo_x4032_y576.png;K-35-078-1_Lesovo_x4032_y768.png"}}, {"type": "Feature", "geometry": {"type": "Point", "coordinates": [479099.15699825, 4645205.746642]}, "properties": {"source_tile": "K-35-078-1_Lesovo_x4032_y672.png", "label": "burial_mound", "subtype": "burial_mound", "cluster_size": 2, "origin_tiles": "K-35-078-1_Lesovo_x3840_y768.png;K-35-078-1_Lesovo_x4032_y768.png"}}, {"type": "Feature", "geometry": {"type": "Point", "coordinates": [479126.68921449996, 4645182.561618499]}, "properties": {"source_tile": "K-35-078-1_Lesovo_x4032_y672.png", "label": "burial_mound", "subtype": "burial_mound", "cluster_size": 1, "origin_tiles": "K-35-078-1_Lesovo_x4032_y768.png"}}, {"type": "Feature", "geometry": {"type": "Point", "coordinates": [478611.7884780001, 4645907.093611]}, "properties": {"source_tile": "K-35-078-1_Lesovo_x3696_y672.png", "label": "burial_mound", "subtype": "burial_mound", "cluster_size": 1, "origin_tiles": "K-35-078-1_Lesovo_x3840_y768.png"}}, {"type": "Feature", "geometry": {"type": "Point", "coordinates": [478995.30741249997, 4645802.761004]}, "properties": {"source_tile": "K-35-078-1_Lesovo_x4032_y672.png", "label": "burial_mound", "subtype": "burial_mound", "cluster_size": 1, "origin_tiles": "K-35-078-1_Lesovo_x3840_y768.png"}}, {"type": "Feature", "geometry": {"type": "Point", "coordinates": [478403.1232645, 4645795.032663001]}, "properties": {"source_tile": "K-35-078-1_Lesovo_x3696_y672.png", "label": "burial_mound", "subtype": "burial_mound", "cluster_size": 1, "origin_tiles": "K-35-078-1_Lesovo_x3840_y768.png"}}, {"type": "Feature", "geometry": {"type": "Point", "coordinates": [477999.3174335001, 4645387.3626614995]}, "properties": {"source_tile": "K-35-078-1_Lesovo_x3696_y672.png", "label": "burial_mound", "subtype": "burial_mound", "cluster_size": 1, "origin_tiles": "K-35-078-1_Lesovo_x3840_y768.png"}}, {"type": "Feature", "geometry": {"type": "Point", "coordinates": [478295.892529, 4645371.905979]}, "properties": {"source_tile": "K-35-078-1_Lesovo_x3696_y672.png", "label": "burial_mound", "subtype": "burial_mound", "cluster_size": 1, "origin_tiles": "K-35-078-1_Lesovo_x3840_y768.png"}}, {"type": "Feature", "geometry": {"type": "Point", "coordinates": [478460.11978049995, 4645234.727921502]}, "properties": {"source_tile": "K-35-078-1_Lesovo_x3696_y672.png", "label": "burial_mound", "subtype": "burial_mound", "cluster_size": 1, "origin_tiles": "K-35-078-1_Lesovo_x3840_y768.png"}}, {"type": "Feature", "geometry": {"type": "Point", "coordinates": [478297.8246145, 4645045.383560999]}, "properties": {"source_tile": "K-35-078-1_Lesovo_x3696_y672.png", "label": "burial_mound", "subtype": "burial_mound", "cluster_size": 1, "origin_tiles": "K-35-078-1_Lesovo_x3840_y768.png"}}, {"type": "Feature", "geometry": {"type": "Point", "coordinates": [478442.73101299995, 4644298.6325875]}, "properties": {"source_tile": "K-35-078-1_Lesovo_x3696_y1008.png", "label": "burial_mound", "subtype": "burial_mound", "cluster_size": 1, "origin_tiles": "K-35-078-1_Lesovo_x3840_y768.png"}}, {"type": "Feature", "geometry": {"type": "Point", "coordinates": [477858.27520599996, 4644665.728796999]}, "properties": {"source_tile": "K-35-078-1_Lesovo_x3696_y672.png", "label": "burial_mound", "subtype": "burial_mound", "cluster_size": 1, "origin_tiles": "K-35-078-1_Lesovo_x3840_y768.png"}}, {"type": "Feature", "geometry": {"type": "Point", "coordinates": [477918.1698505, 4644123.778866501]}, "properties": {"source_tile": "K-35-078-1_Lesovo_x3696_y1008.png", "label": "burial_mound", "subtype": "burial_mound", "cluster_size": 1, "origin_tiles": "K-35-078-1_Lesovo_x3840_y768.png"}}, {"type": "Feature", "geometry": {"type": "Point", "coordinates": [477069.984398, 4643172.2268495]}, "properties": {"source_tile": "K-35-078-1_Lesovo_x3360_y1008.png", "label": "burial_mound", "subtype": "burial_mound", "cluster_size": 1, "origin_tiles": "K-35-078-1_Lesovo_x3456_y1152.png"}}, {"type": "Feature", "geometry": {"type": "Point", "coordinates": [477059.3579285001, 4643374.129765]}, "properties": {"source_tile": "K-35-078-1_Lesovo_x3360_y1008.png", "label": "burial_mound", "subtype": "burial_mound", "cluster_size": 1, "origin_tiles": "K-35-078-1_Lesovo_x3456_y1152.png"}}, {"type": "Feature", "geometry": {"type": "Point", "coordinates": [462281.80340725, 4645919.16914425]}, "properties": {"source_tile": "K-35-078-1_Lesovo_x672_y672.png", "label": "triangulation_mound", "subtype": "triangulation_mound", "cluster_size": 2, "origin_tiles": "K-35-078-1_Lesovo_x576_y576.png;K-35-078-1_Lesovo_x768_y768.png"}}, {"type": "Feature", "geometry": {"type": "Point", "coordinates": [461648.0794245, 4642468.947794999]}, "properties": {"source_tile": "K-35-078-1_Lesovo_x336_y1344.png", "label": "burial_mound", "subtype": "burial_mound", "cluster_size": 1, "origin_tiles": "K-35-078-1_Lesovo_x576_y1344.png"}}, {"type": "Feature", "geometry": {"type": "Point", "coordinates": [462205.48603749997, 4641794.6500205]}, "properties": {"source_tile": "K-35-078-1_Lesovo_x672_y1344.png", "label": "burial_mound", "subtype": "burial_mound", "cluster_size": 1, "origin_tiles": "K-35-078-1_Lesovo_x576_y1344.png"}}, {"type": "Feature", "geometry": {"type": "Point", "coordinates": [462316.580943, 4645556.4201265]}, "properties": {"source_tile": "K-35-078-1_Lesovo_x672_y672.png", "label": "benchmark_mound", "subtype": "benchmark_mound", "cluster_size": 1, "origin_tiles": "K-35-078-1_Lesovo_x576_y768.png"}}, {"type": "Feature", "geometry": {"type": "Point", "coordinates": [462858.53087300004, 4644493.773204]}, "properties": {"source_tile": "K-35-078-1_Lesovo_x672_y1008.png", "label": "benchmark_mound", "subtype": "benchmark_mound", "cluster_size": 1, "origin_tiles": "K-35-078-1_Lesovo_x576_y768.png"}}, {"type": "Feature", "geometry": {"type": "Point", "coordinates": [473005.84294049995, 4637670.613919001]}, "properties": {"source_tile": "K-35-078-1_Lesovo_x2688_y2352.png", "label": "burial_mound", "subtype": "burial_mound", "cluster_size": 1, "origin_tiles": "K-35-078-1_Lesovo_x2688_y2304.png"}}, {"type": "Feature", "geometry": {"type": "Point", "coordinates": [473074.4319690001, 4637249.4193204995]}, "properties": {"source_tile": "K-35-078-1_Lesovo_x2688_y2352.png", "label": "burial_mound", "subtype": "burial_mound", "cluster_size": 1, "origin_tiles": "K-35-078-1_Lesovo_x2688_y2304.png"}}, {"type": "Feature", "geometry": {"type": "Point", "coordinates": [473240.59130599996, 4636953.8102675]}, "properties": {"source_tile": "K-35-078-1_Lesovo_x2688_y2352.png", "label": "burial_mound", "subtype": "burial_mound", "cluster_size": 1, "origin_tiles": "K-35-078-1_Lesovo_x2688_y2304.png"}}, {"type": "Feature", "geometry": {"type": "Point", "coordinates": [473195.1873015, 4636678.488110499]}, "properties": {"source_tile": "K-35-078-1_Lesovo_x2688_y2352.png", "label": "burial_mound", "subtype": "burial_mound", "cluster_size": 1, "origin_tiles": "K-35-078-1_Lesovo_x2688_y2304.png"}}, {"type": "Feature", "geometry": {"type": "Point", "coordinates": [473676.2765445, 4636770.262162999]}, "properties": {"source_tile": "K-35-078-1_Lesovo_x2688_y2352.png", "label": "burial_mound", "subtype": "burial_mound", "cluster_size": 1, "origin_tiles": "K-35-078-1_Lesovo_x2688_y2304.png"}}, {"type": "Feature", "geometry": {"type": "Point", "coordinates": [473653.0915205, 4637268.740174]}, "properties": {"source_tile": "K-35-078-1_Lesovo_x2688_y2352.png", "label": "burial_mound", "subtype": "burial_mound", "cluster_size": 1, "origin_tiles": "K-35-078-1_Lesovo_x2688_y2304.png"}}, {"type": "Feature", "geometry": {"type": "Point", "coordinates": [473666.61611800006, 4637463.8807905]}, "properties": {"source_tile": "K-35-078-1_Lesovo_x2688_y2352.png", "label": "burial_mound", "subtype": "burial_mound", "cluster_size": 1, "origin_tiles": "K-35-078-1_Lesovo_x2688_y2304.png"}}, {"type": "Feature", "geometry": {"type": "Point", "coordinates": [461790.57071625, 4636441.324638249]}, "properties": {"source_tile": "K-35-078-1_Lesovo_x336_y2352.png", "label": "burial_mound", "subtype": "burial_mound", "cluster_size": 2, "origin_tiles": "K-35-078-1_Lesovo_x384_y2304.png;K-35-078-1_Lesovo_x576_y2496.png"}}, {"type": "Feature", "geometry": {"type": "Point", "coordinates": [328589.833591, 4685046.170608001]}, "properties": {"source_tile": "K-35-062-2_Rakovski_x2688_y672.png", "label": "burial_mound", "subtype": "burial_mound", "cluster_size": 1, "origin_tiles": "K-35-062-2_Rakovski_x2688_y576.png"}}, {"type": "Feature", "geometry": {"type": "Point", "coordinates": [462849.8364895, 4640275.708950167]}, "properties": {"source_tile": "K-35-078-1_Lesovo_x672_y1680.png", "label": "benchmark_mound", "subtype": "benchmark_mound", "cluster_size": 3, "origin_tiles": "K-35-078-1_Lesovo_x576_y1728.png;K-35-078-1_Lesovo_x768_y1536.png;K-35-078-1_Lesovo_x768_y1728.png"}}, {"type": "Feature", "geometry": {"type": "Point", "coordinates": [463064.6199733333, 4643570.880452666]}, "properties": {"source_tile": "K-35-078-1_Lesovo_x672_y1008.png", "label": "burial_mound", "subtype": "burial_mound", "cluster_size": 3, "origin_tiles": "K-35-078-1_Lesovo_x576_y960.png;K-35-078-1_Lesovo_x768_y1152.png;K-35-078-1_Lesovo_x768_y960.png"}}, {"type": "Feature", "geometry": {"type": "Point", "coordinates": [463597.5535059999, 4642684.3753075]}, "properties": {"source_tile": "K-35-078-1_Lesovo_x672_y1344.png", "label": "burial_mound", "subtype": "burial_mound", "cluster_size": 1, "origin_tiles": "K-35-078-1_Lesovo_x768_y1152.png"}}, {"type": "Feature", "geometry": {"type": "Point", "coordinates": [463318.367178, 4642239.0296435]}, "properties": {"source_tile": "K-35-078-1_Lesovo_x672_y1344.png", "label": "burial_mound", "subtype": "burial_mound", "cluster_size": 1, "origin_tiles": "K-35-078-1_Lesovo_x768_y1152.png"}}, {"type": "Feature", "geometry": {"type": "Point", "coordinates": [463379.2278655, 4642385.8681270005]}, "properties": {"source_tile": "K-35-078-1_Lesovo_x672_y1344.png", "label": "burial_mound", "subtype": "burial_mound", "cluster_size": 1, "origin_tiles": "K-35-078-1_Lesovo_x768_y1152.png"}}, {"type": "Feature", "geometry": {"type": "Point", "coordinates": [462425.74376300006, 4635845.75934]}, "properties": {"source_tile": "K-35-078-1_Lesovo_x672_y2688.png", "label": "burial_mound", "subtype": "burial_mound", "cluster_size": 1, "origin_tiles": "K-35-078-1_Lesovo_x576_y2688.png"}}, {"type": "Feature", "geometry": {"type": "Point", "coordinates": [462958.03326700005, 4635600.3845055]}, "properties": {"source_tile": "K-35-078-1_Lesovo_x672_y2688.png", "label": "burial_mound", "subtype": "burial_mound", "cluster_size": 1, "origin_tiles": "K-35-078-1_Lesovo_x576_y2688.png"}}, {"type": "Feature", "geometry": {"type": "Point", "coordinates": [462028.700231, 4635318.3000495015]}, "properties": {"source_tile": "K-35-078-1_Lesovo_x672_y2688.png", "label": "burial_mound", "subtype": "burial_mound", "cluster_size": 1, "origin_tiles": "K-35-078-1_Lesovo_x576_y2688.png"}}, {"type": "Feature", "geometry": {"type": "Point", "coordinates": [461955.280989, 4634962.796351999]}, "properties": {"source_tile": "K-35-078-1_Lesovo_x672_y2688.png", "label": "burial_mound", "subtype": "burial_mound", "cluster_size": 1, "origin_tiles": "K-35-078-1_Lesovo_x576_y2688.png"}}, {"type": "Feature", "geometry": {"type": "Point", "coordinates": [462667.2544275, 4634669.60240575]}, "properties": {"source_tile": "K-35-078-1_Lesovo_x672_y2688.png", "label": "burial_mound", "subtype": "burial_mound", "cluster_size": 2, "origin_tiles": "K-35-078-1_Lesovo_x576_y2688.png;K-35-078-1_Lesovo_x768_y2880.png"}}, {"type": "Feature", "geometry": {"type": "Point", "coordinates": [478992.40928475, 4641541.54684475]}, "properties": {"source_tile": "K-35-078-1_Lesovo_x4032_y1344.png", "label": "burial_mound", "subtype": "burial_mound", "cluster_size": 2, "origin_tiles": "K-35-078-1_Lesovo_x3840_y1344.png;K-35-078-1_Lesovo_x4032_y1536.png"}}, {"type": "Feature", "geometry": {"type": "Point", "coordinates": [479063.89644150005, 4641449.7727924995]}, "properties": {"source_tile": "K-35-078-1_Lesovo_x4032_y1344.png", "label": "burial_mound", "subtype": "burial_mound", "cluster_size": 1, "origin_tiles": "K-35-078-1_Lesovo_x4032_y1536.png"}}, {"type": "Feature", "geometry": {"type": "Point", "coordinates": [478902.567318, 4641282.647413]}, "properties": {"source_tile": "K-35-078-1_Lesovo_x4032_y1344.png", "label": "burial_mound", "subtype": "burial_mound", "cluster_size": 1, "origin_tiles": "K-35-078-1_Lesovo_x4032_y1536.png"}}, {"type": "Feature", "geometry": {"type": "Point", "coordinates": [479077.90405975, 4641292.79086075]}, "properties": {"source_tile": "K-35-078-1_Lesovo_x4032_y1344.png", "label": "burial_mound", "subtype": "burial_mound", "cluster_size": 2, "origin_tiles": "K-35-078-1_Lesovo_x3840_y1344.png;K-35-078-1_Lesovo_x4032_y1536.png"}}, {"type": "Feature", "geometry": {"type": "Point", "coordinates": [463382.12599325005, 4636709.4014755]}, "properties": {"source_tile": "K-35-078-1_Lesovo_x672_y2352.png", "label": "triangulation_mound", "subtype": "triangulation_mound", "cluster_size": 2, "origin_tiles": "K-35-078-1_Lesovo_x768_y2304.png;K-35-078-1_Lesovo_x768_y2496.png"}}, {"type": "Feature", "geometry": {"type": "Point", "coordinates": [473292.7576095, 4642970.3239345]}, "properties": {"source_tile": "K-35-078-1_Lesovo_x2688_y1008.png", "label": "burial_mound", "subtype": "burial_mound", "cluster_size": 1, "origin_tiles": "K-35-078-1_Lesovo_x2880_y1344.png"}}, {"type": "Feature", "geometry": {"type": "Point", "coordinates": [473946.76848800003, 4641509.667437]}, "properties": {"source_tile": "K-35-078-1_Lesovo_x3024_y1344.png", "label": "burial_mound", "subtype": "burial_mound", "cluster_size": 1, "origin_tiles": "K-35-078-1_Lesovo_x2880_y1344.png"}}, {"type": "Feature", "geometry": {"type": "Point", "coordinates": [473760.3222555, 4642859.229029]}, "properties": {"source_tile": "K-35-078-1_Lesovo_x3024_y1344.png", "label": "burial_mound", "subtype": "burial_mound", "cluster_size": 1, "origin_tiles": "K-35-078-1_Lesovo_x2880_y1344.png"}}, {"type": "Feature", "geometry": {"type": "Point", "coordinates": [463297.43625366664, 4638485.953921166]}, "properties": {"source_tile": "K-35-078-1_Lesovo_x672_y2016.png", "label": "burial_mound", "subtype": "burial_mound", "cluster_size": 3, "origin_tiles": "K-35-078-1_Lesovo_x768_y1920.png;K-35-078-1_Lesovo_x768_y2112.png;K-35-078-1_Lesovo_x960_y2112.png"}}, {"type": "Feature", "geometry": {"type": "Point", "coordinates": [463573.4024395, 4638126.586053]}, "properties": {"source_tile": "K-35-078-1_Lesovo_x1008_y2016.png", "label": "burial_mound", "subtype": "burial_mound", "cluster_size": 1, "origin_tiles": "K-35-078-1_Lesovo_x960_y2112.png"}}, {"type": "Feature", "geometry": {"type": "Point", "coordinates": [463076.37349249993, 4644113.63541875]}, "properties": {"source_tile": "K-35-078-1_Lesovo_x672_y1008.png", "label": "burial_mound", "subtype": "burial_mound", "cluster_size": 2, "origin_tiles": "K-35-078-1_Lesovo_x576_y960.png;K-35-078-1_Lesovo_x768_y960.png"}}, {"type": "Feature", "geometry": {"type": "Point", "coordinates": [462763.858693, 4642432.238174499]}, "properties": {"source_tile": "K-35-078-1_Lesovo_x672_y1344.png", "label": "benchmark_mound", "subtype": "benchmark_mound", "cluster_size": 1, "origin_tiles": "K-35-078-1_Lesovo_x768_y1344.png"}}, {"type": "Feature", "geometry": {"type": "Point", "coordinates": [464474.7202379999, 4640982.2081464995]}, "properties": {"source_tile": "K-35-078-1_Lesovo_x1008_y1680.png", "label": "burial_mound", "subtype": "burial_mound", "cluster_size": 1, "origin_tiles": "K-35-078-1_Lesovo_x960_y1536.png"}}, {"type": "Feature", "geometry": {"type": "Point", "coordinates": [464540.4111389999, 4640480.8320075]}, "properties": {"source_tile": "K-35-078-1_Lesovo_x1008_y1680.png", "label": "burial_mound", "subtype": "burial_mound", "cluster_size": 1, "origin_tiles": "K-35-078-1_Lesovo_x960_y1536.png"}}, {"type": "Feature", "geometry": {"type": "Point", "coordinates": [463408.20914500003, 4641414.9952569995]}, "properties": {"source_tile": "K-35-078-1_Lesovo_x672_y1344.png", "label": "burial_mound", "subtype": "burial_mound", "cluster_size": 1, "origin_tiles": "K-35-078-1_Lesovo_x960_y1536.png"}}, {"type": "Feature", "geometry": {"type": "Point", "coordinates": [463950.15907575004, 4640415.6241282495]}, "properties": {"source_tile": "K-35-078-1_Lesovo_x1008_y1680.png", "label": "burial_mound", "subtype": "burial_mound", "cluster_size": 2, "origin_tiles": "K-35-078-1_Lesovo_x960_y1536.png;K-35-078-1_Lesovo_x960_y1728.png"}}, {"type": "Feature", "geometry": {"type": "Point", "coordinates": [464917.16777500004, 4640643.127174]}, "properties": {"source_tile": "K-35-078-1_Lesovo_x1008_y1680.png", "label": "burial_mound", "subtype": "burial_mound", "cluster_size": 1, "origin_tiles": "K-35-078-1_Lesovo_x960_y1536.png"}}, {"type": "Feature", "geometry": {"type": "Point", "coordinates": [477718.19902050006, 4645500.3896525]}, "properties": {"source_tile": "K-35-078-1_Lesovo_x3696_y672.png", "label": "benchmark_mound", "subtype": "benchmark_mound", "cluster_size": 1, "origin_tiles": "K-35-078-1_Lesovo_x3648_y768.png"}}, {"type": "Feature", "geometry": {"type": "Point", "coordinates": [464229.3454035001, 4634421.812464001]}, "properties": {"source_tile": "K-35-078-1_Lesovo_x1008_y2688.png", "label": "triangulation_mound", "subtype": "triangulation_mound", "cluster_size": 1, "origin_tiles": "K-35-078-1_Lesovo_x960_y2880.png"}}, {"type": "Feature", "geometry": {"type": "Point", "coordinates": [477988.69096450007, 4637779.776738999]}, "properties": {"source_tile": "K-35-078-1_Lesovo_x3696_y2352.png", "label": "burial_mound", "subtype": "burial_mound", "cluster_size": 1, "origin_tiles": "K-35-078-1_Lesovo_x3840_y2304.png"}}, {"type": "Feature", "geometry": {"type": "Point", "coordinates": [478129.25017074996, 4637643.564724501]}, "properties": {"source_tile": "K-35-078-1_Lesovo_x3696_y2352.png", "label": "burial_mound", "subtype": "burial_mound", "cluster_size": 2, "origin_tiles": "K-35-078-1_Lesovo_x3648_y2112.png;K-35-078-1_Lesovo_x3840_y2304.png"}}, {"type": "Feature", "geometry": {"type": "Point", "coordinates": [479033.3050906667, 4637556.298871334]}, "properties": {"source_tile": "K-35-078-1_Lesovo_x4032_y2352.png", "label": "burial_mound", "subtype": "burial_mound", "cluster_size": 3, "origin_tiles": "K-35-078-1_Lesovo_x3840_y2304.png;K-35-078-1_Lesovo_x4032_y2112.png;K-35-078-1_Lesovo_x4032_y2304.png"}}, {"type": "Feature", "geometry": {"type": "Point", "coordinates": [463377.29578, 4635767.99290625]}, "properties": {"source_tile": "K-35-078-1_Lesovo_x672_y2688.png", "label": "benchmark_mound", "subtype": "benchmark_mound", "cluster_size": 2, "origin_tiles": "K-35-078-1_Lesovo_x768_y2688.png;K-35-078-1_Lesovo_x960_y2688.png"}}, {"type": "Feature", "geometry": {"type": "Point", "coordinates": [463142.54741425, 4637328.6348185]}, "properties": {"source_tile": "K-35-078-1_Lesovo_x672_y2352.png", "label": "burial_mound", "subtype": "burial_mound", "cluster_size": 2, "origin_tiles": "K-35-078-1_Lesovo_x768_y2304.png"}}, {"type": "Feature", "geometry": {"type": "Point", "coordinates": [463334.789903, 4637309.313965499]}, "properties": {"source_tile": "K-35-078-1_Lesovo_x672_y2352.png", "label": "burial_mound", "subtype": "burial_mound", "cluster_size": 1, "origin_tiles": "K-35-078-1_Lesovo_x768_y2304.png"}}, {"type": "Feature", "geometry": {"type": "Point", "coordinates": [463411.107273, 4637391.427591]}, "properties": {"source_tile": "K-35-078-1_Lesovo_x672_y2352.png", "label": "burial_mound", "subtype": "burial_mound", "cluster_size": 1, "origin_tiles": "K-35-078-1_Lesovo_x768_y2304.png"}}, {"type": "Feature", "geometry": {"type": "Point", "coordinates": [463088.4490255, 4637259.079747]}, "properties": {"source_tile": "K-35-078-1_Lesovo_x672_y2352.png", "label": "burial_mound", "subtype": "burial_mound", "cluster_size": 1, "origin_tiles": "K-35-078-1_Lesovo_x768_y2304.png"}}, {"type": "Feature", "geometry": {"type": "Point", "coordinates": [462660.49212899996, 4637381.7671645]}, "properties": {"source_tile": "K-35-078-1_Lesovo_x672_y2352.png", "label": "burial_mound", "subtype": "burial_mound", "cluster_size": 1, "origin_tiles": "K-35-078-1_Lesovo_x768_y2304.png"}}, {"type": "Feature", "geometry": {"type": "Point", "coordinates": [462805.3985274999, 4637487.065814]}, "properties": {"source_tile": "K-35-078-1_Lesovo_x672_y2352.png", "label": "burial_mound", "subtype": "burial_mound", "cluster_size": 1, "origin_tiles": "K-35-078-1_Lesovo_x768_y2304.png"}}, {"type": "Feature", "geometry": {"type": "Point", "coordinates": [469332.94875899993, 4636315.2560715005]}, "properties": {"source_tile": "K-35-078-1_Lesovo_x2016_y2352.png", "label": "burial_mound", "subtype": "burial_mound", "cluster_size": 1, "origin_tiles": "K-35-078-1_Lesovo_x2112_y2496.png"}}, {"type": "Feature", "geometry": {"type": "Point", "coordinates": [469559.968784, 4636508.464602501]}, "properties": {"source_tile": "K-35-078-1_Lesovo_x2016_y2352.png", "label": "burial_mound", "subtype": "burial_mound", "cluster_size": 1, "origin_tiles": "K-35-078-1_Lesovo_x2112_y2496.png"}}, {"type": "Feature", "geometry": {"type": "Point", "coordinates": [469143.60439850006, 4636655.303086501]}, "properties": {"source_tile": "K-35-078-1_Lesovo_x2016_y2352.png", "label": "burial_mound", "subtype": "burial_mound", "cluster_size": 1, "origin_tiles": "K-35-078-1_Lesovo_x2112_y2496.png"}}, {"type": "Feature", "geometry": {"type": "Point", "coordinates": [470054.58262400003, 4635977.1411415]}, "properties": {"source_tile": "K-35-078-1_Lesovo_x2016_y2688.png", "label": "burial_mound", "subtype": "burial_mound", "cluster_size": 1, "origin_tiles": "K-35-078-1_Lesovo_x2112_y2496.png"}}, {"type": "Feature", "geometry": {"type": "Point", "coordinates": [470014.0088325, 4635587.825951]}, "properties": {"source_tile": "K-35-078-1_Lesovo_x2016_y2688.png", "label": "burial_mound", "subtype": "burial_mound", "cluster_size": 1, "origin_tiles": "K-35-078-1_Lesovo_x2112_y2496.png"}}, {"type": "Feature", "geometry": {"type": "Point", "coordinates": [470180.1681695, 4636690.0806225]}, "properties": {"source_tile": "K-35-078-1_Lesovo_x2016_y2352.png", "label": "burial_mound", "subtype": "burial_mound", "cluster_size": 1, "origin_tiles": "K-35-078-1_Lesovo_x2112_y2496.png"}}, {"type": "Feature", "geometry": {"type": "Point", "coordinates": [462848.8704470001, 4645139.089699]}, "properties": {"source_tile": "K-35-078-1_Lesovo_x672_y672.png", "label": "burial_mound", "subtype": "burial_mound", "cluster_size": 1, "origin_tiles": "K-35-078-1_Lesovo_x768_y768.png"}}, {"type": "Feature", "geometry": {"type": "Point", "coordinates": [462566.78599099995, 4644936.220741]}, "properties": {"source_tile": "K-35-078-1_Lesovo_x672_y672.png", "label": "burial_mound", "subtype": "burial_mound", "cluster_size": 1, "origin_tiles": "K-35-078-1_Lesovo_x768_y768.png"}}, {"type": "Feature", "geometry": {"type": "Point", "coordinates": [462409.3210375, 4644854.107115501]}, "properties": {"source_tile": "K-35-078-1_Lesovo_x672_y672.png", "label": "burial_mound", "subtype": "burial_mound", "cluster_size": 1, "origin_tiles": "K-35-078-1_Lesovo_x768_y768.png"}}, {"type": "Feature", "geometry": {"type": "Point", "coordinates": [462512.20458074997, 4644462.37681775]}, "properties": {"source_tile": "K-35-078-1_Lesovo_x672_y1008.png", "label": "burial_mound", "subtype": "burial_mound", "cluster_size": 2, "origin_tiles": "K-35-078-1_Lesovo_x576_y960.png;K-35-078-1_Lesovo_x768_y768.png"}}, {"type": "Feature", "geometry": {"type": "Point", "coordinates": [462525.2461569999, 4644441.6069005]}, "properties": {"source_tile": "K-35-078-1_Lesovo_x672_y1008.png", "label": "burial_mound", "subtype": "burial_mound", "cluster_size": 1, "origin_tiles": "K-35-078-1_Lesovo_x768_y768.png"}}, {"type": "Feature", "geometry": {"type": "Point", "coordinates": [462567.752034, 4644439.6748155]}, "properties": {"source_tile": "K-35-078-1_Lesovo_x672_y1008.png", "label": "burial_mound", "subtype": "burial_mound", "cluster_size": 1, "origin_tiles": "K-35-078-1_Lesovo_x768_y768.png"}}, {"type": "Feature", "geometry": {"type": "Point", "coordinates": [479015.59430850006, 4638160.397546001]}, "properties": {"source_tile": "K-35-078-1_Lesovo_x4032_y2016.png", "label": "burial_mound", "subtype": "burial_mound", "cluster_size": 1, "origin_tiles": "K-35-078-1_Lesovo_x4032_y2304.png"}}, {"type": "Feature", "geometry": {"type": "Point", "coordinates": [464332.71196775, 4636422.9698275]}, "properties": {"source_tile": "K-35-078-1_Lesovo_x1008_y2352.png", "label": "burial_mound", "subtype": "burial_mound", "cluster_size": 2, "origin_tiles": "K-35-078-1_Lesovo_x960_y2304.png;K-35-078-1_Lesovo_x960_y2496.png"}}, {"type": "Feature", "geometry": {"type": "Point", "coordinates": [464190.70369749994, 4636251.4972565]}, "properties": {"source_tile": "K-35-078-1_Lesovo_x1008_y2352.png", "label": "burial_mound", "subtype": "burial_mound", "cluster_size": 1, "origin_tiles": "K-35-078-1_Lesovo_x960_y2496.png"}}, {"type": "Feature", "geometry": {"type": "Point", "coordinates": [464438.0106175, 4636132.674009]}, "properties": {"source_tile": "K-35-078-1_Lesovo_x1008_y2688.png", "label": "burial_mound", "subtype": "burial_mound", "cluster_size": 1, "origin_tiles": "K-35-078-1_Lesovo_x960_y2496.png"}}, {"type": "Feature", "geometry": {"type": "Point", "coordinates": [464034.2047865001, 4635838.030998999]}, "properties": {"source_tile": "K-35-078-1_Lesovo_x1008_y2688.png", "label": "burial_mound", "subtype": "burial_mound", "cluster_size": 1, "origin_tiles": "K-35-078-1_Lesovo_x960_y2496.png"}}, {"type": "Feature", "geometry": {"type": "Point", "coordinates": [464152.061991, 4635661.2451925]}, "properties": {"source_tile": "K-35-078-1_Lesovo_x1008_y2688.png", "label": "burial_mound", "subtype": "burial_mound", "cluster_size": 1, "origin_tiles": "K-35-078-1_Lesovo_x960_y2496.png"}}, {"type": "Feature", "geometry": {"type": "Point", "coordinates": [459373.04896750004, 4642608.057937999]}, "properties": {"source_tile": "K-35-078-1_Lesovo_x0_y1344.png", "label": "burial_mound", "subtype": "burial_mound", "cluster_size": 1, "origin_tiles": "K-35-078-1_Lesovo_x0_y1344.png"}}, {"type": "Feature", "geometry": {"type": "Point", "coordinates": [473550.69099900004, 4648344.4192345]}, "properties": {"source_tile": "K-35-078-1_Lesovo_x2688_y0.png", "label": "burial_mound", "subtype": "burial_mound", "cluster_size": 1, "origin_tiles": "K-35-078-1_Lesovo_x2880_y0.png"}}, {"type": "Feature", "geometry": {"type": "Point", "coordinates": [463627.50082849996, 4640303.0801585]}, "properties": {"source_tile": "K-35-078-1_Lesovo_x1008_y1680.png", "label": "burial_mound", "subtype": "burial_mound", "cluster_size": 1, "origin_tiles": "K-35-078-1_Lesovo_x960_y1728.png"}}, {"type": "Feature", "geometry": {"type": "Point", "coordinates": [463614.9422735001, 4640157.207717501]}, "properties": {"source_tile": "K-35-078-1_Lesovo_x1008_y1680.png", "label": "burial_mound", "subtype": "burial_mound", "cluster_size": 1, "origin_tiles": "K-35-078-1_Lesovo_x960_y1728.png"}}, {"type": "Feature", "geometry": {"type": "Point", "coordinates": [464233.209574, 4640403.548595499]}, "properties": {"source_tile": "K-35-078-1_Lesovo_x1008_y1680.png", "label": "burial_mound", "subtype": "burial_mound", "cluster_size": 1, "origin_tiles": "K-35-078-1_Lesovo_x960_y1728.png"}}, {"type": "Feature", "geometry": {"type": "Point", "coordinates": [464227.413318, 4640202.6117225]}, "properties": {"source_tile": "K-35-078-1_Lesovo_x1008_y1680.png", "label": "burial_mound", "subtype": "burial_mound", "cluster_size": 1, "origin_tiles": "K-35-078-1_Lesovo_x960_y1728.png"}}, {"type": "Feature", "geometry": {"type": "Point", "coordinates": [464913.3036045, 4640169.7662725]}, "properties": {"source_tile": "K-35-078-1_Lesovo_x1008_y1680.png", "label": "burial_mound", "subtype": "burial_mound", "cluster_size": 1, "origin_tiles": "K-35-078-1_Lesovo_x960_y1728.png"}}, {"type": "Feature", "geometry": {"type": "Point", "coordinates": [464580.98493050004, 4640687.5651365]}, "properties": {"source_tile": "K-35-078-1_Lesovo_x1008_y1680.png", "label": "burial_mound", "subtype": "burial_mound", "cluster_size": 1, "origin_tiles": "K-35-078-1_Lesovo_x960_y1728.png"}}, {"type": "Feature", "geometry": {"type": "Point", "coordinates": [464938.42071349995, 4640840.1998755]}, "properties": {"source_tile": "K-35-078-1_Lesovo_x1008_y1680.png", "label": "burial_mound", "subtype": "burial_mound", "cluster_size": 1, "origin_tiles": "K-35-078-1_Lesovo_x960_y1728.png"}}, {"type": "Feature", "geometry": {"type": "Point", "coordinates": [478535.471108, 4641244.971748999]}, "properties": {"source_tile": "K-35-078-1_Lesovo_x3696_y1680.png", "label": "burial_mound", "subtype": "burial_mound", "cluster_size": 1, "origin_tiles": "K-35-078-1_Lesovo_x3840_y1536.png"}}, {"type": "Feature", "geometry": {"type": "Point", "coordinates": [478118.1406805, 4642039.058813]}, "properties": {"source_tile": "K-35-078-1_Lesovo_x3696_y1344.png", "label": "burial_mound", "subtype": "burial_mound", "cluster_size": 1, "origin_tiles": "K-35-078-1_Lesovo_x3840_y1344.png"}}, {"type": "Feature", "geometry": {"type": "Point", "coordinates": [478903.5333605, 4641877.729689499]}, "properties": {"source_tile": "K-35-078-1_Lesovo_x4032_y1344.png", "label": "burial_mound", "subtype": "burial_mound", "cluster_size": 1, "origin_tiles": "K-35-078-1_Lesovo_x3840_y1344.png"}}, {"type": "Feature", "geometry": {"type": "Point", "coordinates": [478964.39404800005, 4641783.057509001]}, "properties": {"source_tile": "K-35-078-1_Lesovo_x4032_y1344.png", "label": "burial_mound", "subtype": "burial_mound", "cluster_size": 1, "origin_tiles": "K-35-078-1_Lesovo_x3840_y1344.png"}}, {"type": "Feature", "geometry": {"type": "Point", "coordinates": [478680.37750650005, 4641249.8019625]}, "properties": {"source_tile": "K-35-078-1_Lesovo_x3696_y1680.png", "label": "burial_mound", "subtype": "burial_mound", "cluster_size": 1, "origin_tiles": "K-35-078-1_Lesovo_x3840_y1344.png"}}, {"type": "Feature", "geometry": {"type": "Point", "coordinates": [478648.498099, 4641218.8885975]}, "properties": {"source_tile": "K-35-078-1_Lesovo_x3696_y1680.png", "label": "burial_mound", "subtype": "burial_mound", "cluster_size": 1, "origin_tiles": "K-35-078-1_Lesovo_x3840_y1344.png"}}, {"type": "Feature", "geometry": {"type": "Point", "coordinates": [462325.27532699995, 4636399.3017825]}, "properties": {"source_tile": "K-35-078-1_Lesovo_x672_y2352.png", "label": "burial_mound", "subtype": "burial_mound", "cluster_size": 1, "origin_tiles": "K-35-078-1_Lesovo_x576_y2496.png"}}, {"type": "Feature", "geometry": {"type": "Point", "coordinates": [462965.76160800003, 4635578.165524501]}, "properties": {"source_tile": "K-35-078-1_Lesovo_x672_y2688.png", "label": "burial_mound", "subtype": "burial_mound", "cluster_size": 1, "origin_tiles": "K-35-078-1_Lesovo_x576_y2496.png"}}, {"type": "Feature", "geometry": {"type": "Point", "coordinates": [462443.132531, 4635814.8459755]}, "properties": {"source_tile": "K-35-078-1_Lesovo_x672_y2688.png", "label": "burial_mound", "subtype": "burial_mound", "cluster_size": 1, "origin_tiles": "K-35-078-1_Lesovo_x576_y2496.png"}}, {"type": "Feature", "geometry": {"type": "Point", "coordinates": [462941.610542, 4636399.3017825]}, "properties": {"source_tile": "K-35-078-1_Lesovo_x672_y2352.png", "label": "benchmark_mound", "subtype": "benchmark_mound", "cluster_size": 1, "origin_tiles": "K-35-078-1_Lesovo_x576_y2496.png"}}, {"type": "Feature", "geometry": {"type": "Point", "coordinates": [461819.0689745, 4635555.9465435]}, "properties": {"source_tile": "K-35-078-1_Lesovo_x336_y2688.png", "label": "burial_mound", "subtype": "burial_mound", "cluster_size": 1, "origin_tiles": "K-35-078-1_Lesovo_x576_y2496.png"}}, {"type": "Feature", "geometry": {"type": "Point", "coordinates": [462469.21568250004, 4649780.924664499]}, "properties": {"source_tile": "K-35-078-1_Lesovo_x672_y0.png", "label": "triangulation_mound", "subtype": "triangulation_mound", "cluster_size": 1, "origin_tiles": "K-35-078-1_Lesovo_x768_y0.png"}}, {"type": "Feature", "geometry": {"type": "Point", "coordinates": [333114.0161755, 4675423.48961]}, "properties": {"source_tile": "K-35-062-2_Rakovski_x3696_y2688.png", "label": "benchmark_mound", "subtype": "benchmark_mound", "cluster_size": 1, "origin_tiles": "K-35-062-2_Rakovski_x3648_y2688.png"}}, {"type": "Feature", "geometry": {"type": "Point", "coordinates": [477362.21230124997, 4640877.87553975]}, "properties": {"source_tile": "K-35-078-1_Lesovo_x3696_y1680.png", "label": "burial_mound", "subtype": "burial_mound", "cluster_size": 2, "origin_tiles": "K-35-078-1_Lesovo_x3456_y1536.png;K-35-078-1_Lesovo_x3648_y1536.png"}}, {"type": "Feature", "geometry": {"type": "Point", "coordinates": [478419.54598950007, 4647731.9481895]}, "properties": {"source_tile": "K-35-078-1_Lesovo_x3696_y336.png", "label": "benchmark_mound", "subtype": "benchmark_mound", "cluster_size": 1, "origin_tiles": "K-35-078-1_Lesovo_x3648_y384.png"}}, {"type": "Feature", "geometry": {"type": "Point", "coordinates": [462930.9840725, 4644508.263844]}, "properties": {"source_tile": "K-35-078-1_Lesovo_x672_y1008.png", "label": "burial_mound", "subtype": "burial_mound", "cluster_size": 1, "origin_tiles": "K-35-078-1_Lesovo_x576_y960.png"}}, {"type": "Feature", "geometry": {"type": "Point", "coordinates": [462099.22134499997, 4644673.457138]}, "properties": {"source_tile": "K-35-078-1_Lesovo_x672_y672.png", "label": "burial_mound", "subtype": "burial_mound", "cluster_size": 1, "origin_tiles": "K-35-078-1_Lesovo_x576_y960.png"}}, {"type": "Feature", "geometry": {"type": "Point", "coordinates": [461817.1368889999, 4644918.831973]}, "properties": {"source_tile": "K-35-078-1_Lesovo_x672_y672.png", "label": "burial_mound", "subtype": "burial_mound", "cluster_size": 1, "origin_tiles": "K-35-078-1_Lesovo_x576_y960.png"}}, {"type": "Feature", "geometry": {"type": "Point", "coordinates": [462045.1229565, 4644165.3187005]}, "properties": {"source_tile": "K-35-078-1_Lesovo_x672_y1008.png", "label": "burial_mound", "subtype": "burial_mound", "cluster_size": 1, "origin_tiles": "K-35-078-1_Lesovo_x576_y960.png"}}, {"type": "Feature", "geometry": {"type": "Point", "coordinates": [462252.8221275, 4643866.811520001]}, "properties": {"source_tile": "K-35-078-1_Lesovo_x672_y1008.png", "label": "burial_mound", "subtype": "burial_mound", "cluster_size": 1, "origin_tiles": "K-35-078-1_Lesovo_x576_y960.png"}}, {"type": "Feature", "geometry": {"type": "Point", "coordinates": [462710.7263465, 4644665.728797]}, "properties": {"source_tile": "K-35-078-1_Lesovo_x672_y672.png", "label": "burial_mound", "subtype": "burial_mound", "cluster_size": 1, "origin_tiles": "K-35-078-1_Lesovo_x576_y960.png"}}, {"type": "Feature", "geometry": {"type": "Point", "coordinates": [461438.44816800003, 4643660.078391001]}, "properties": {"source_tile": "K-35-078-1_Lesovo_x336_y1008.png", "label": "burial_mound", "subtype": "burial_mound", "cluster_size": 1, "origin_tiles": "K-35-078-1_Lesovo_x576_y960.png"}}, {"type": "Feature", "geometry": {"type": "Point", "coordinates": [478466.8820795, 4638046.404512501]}, "properties": {"source_tile": "K-35-078-1_Lesovo_x3696_y2016.png", "label": "burial_mound", "subtype": "burial_mound", "cluster_size": 1, "origin_tiles": "K-35-078-1_Lesovo_x3648_y2112.png"}}, {"type": "Feature", "geometry": {"type": "Point", "coordinates": [478539.33527849993, 4638038.676171501]}, "properties": {"source_tile": "K-35-078-1_Lesovo_x3696_y2016.png", "label": "burial_mound", "subtype": "burial_mound", "cluster_size": 1, "origin_tiles": "K-35-078-1_Lesovo_x3648_y2112.png"}}, {"type": "Feature", "geometry": {"type": "Point", "coordinates": [466455.10768450005, 4636772.194248]}, "properties": {"source_tile": "K-35-078-1_Lesovo_x1344_y2352.png", "label": "triangulation_mound", "subtype": "triangulation_mound", "cluster_size": 1, "origin_tiles": "K-35-078-1_Lesovo_x1536_y2496.png"}}, {"type": "Feature", "geometry": {"type": "Point", "coordinates": [463991.69891, 4637367.276524999]}, "properties": {"source_tile": "K-35-078-1_Lesovo_x1008_y2352.png", "label": "burial_mound", "subtype": "burial_mound", "cluster_size": 1, "origin_tiles": "K-35-078-1_Lesovo_x960_y2304.png"}}, {"type": "Feature", "geometry": {"type": "Point", "coordinates": [478856.19727000006, 4636298.833346]}, "properties": {"source_tile": "K-35-078-1_Lesovo_x4032_y2352.png", "label": "burial_mound", "subtype": "burial_mound", "cluster_size": 1, "origin_tiles": "K-35-078-1_Lesovo_x4032_y2688.png"}}, {"type": "Feature", "geometry": {"type": "Point", "coordinates": [461658.70589349995, 4634121.373198]}, "properties": {"source_tile": "K-35-078-1_Lesovo_x336_y3024.png", "label": "burial_mound", "subtype": "burial_mound", "cluster_size": 1, "origin_tiles": "K-35-078-1_Lesovo_x576_y2880.png"}}, {"type": "Feature", "geometry": {"type": "Point", "coordinates": [462438.30231750006, 4641210.194213499]}, "properties": {"source_tile": "K-35-078-1_Lesovo_x672_y1680.png", "label": "burial_mound", "subtype": "burial_mound", "cluster_size": 1, "origin_tiles": "K-35-078-1_Lesovo_x576_y1536.png"}}, {"type": "Feature", "geometry": {"type": "Point", "coordinates": [462160.0820325, 4641136.7749715]}, "properties": {"source_tile": "K-35-078-1_Lesovo_x672_y1680.png", "label": "burial_mound", "subtype": "burial_mound", "cluster_size": 1, "origin_tiles": "K-35-078-1_Lesovo_x576_y1536.png"}}, {"type": "Feature", "geometry": {"type": "Point", "coordinates": [462944.50866999995, 4641345.4401855]}, "properties": {"source_tile": "K-35-078-1_Lesovo_x672_y1344.png", "label": "burial_mound", "subtype": "burial_mound", "cluster_size": 1, "origin_tiles": "K-35-078-1_Lesovo_x576_y1536.png"}}, {"type": "Feature", "geometry": {"type": "Point", "coordinates": [462925.1878165, 4640980.2760614995]}, "properties": {"source_tile": "K-35-078-1_Lesovo_x672_y1680.png", "label": "burial_mound", "subtype": "burial_mound", "cluster_size": 1, "origin_tiles": "K-35-078-1_Lesovo_x576_y1536.png"}}, {"type": "Feature", "geometry": {"type": "Point", "coordinates": [462687.54132300004, 4640928.1097575]}, "properties": {"source_tile": "K-35-078-1_Lesovo_x672_y1680.png", "label": "burial_mound", "subtype": "burial_mound", "cluster_size": 1, "origin_tiles": "K-35-078-1_Lesovo_x576_y1536.png"}}, {"type": "Feature", "geometry": {"type": "Point", "coordinates": [462726.1830295, 4640922.3135015005]}, "properties": {"source_tile": "K-35-078-1_Lesovo_x672_y1680.png", "label": "burial_mound", "subtype": "burial_mound", "cluster_size": 1, "origin_tiles": "K-35-078-1_Lesovo_x576_y1536.png"}}, {"type": "Feature", "geometry": {"type": "Point", "coordinates": [461671.264448, 4640474.069709]}, "properties": {"source_tile": "K-35-078-1_Lesovo_x336_y1680.png", "label": "burial_mound", "subtype": "burial_mound", "cluster_size": 1, "origin_tiles": "K-35-078-1_Lesovo_x576_y1536.png"}}, {"type": "Feature", "geometry": {"type": "Point", "coordinates": [462393.8643555, 4640267.3365805]}, "properties": {"source_tile": "K-35-078-1_Lesovo_x672_y1680.png", "label": "burial_mound", "subtype": "burial_mound", "cluster_size": 1, "origin_tiles": "K-35-078-1_Lesovo_x576_y1536.png"}}, {"type": "Feature", "geometry": {"type": "Point", "coordinates": [471670.7719885, 4646713.739229001]}, "properties": {"source_tile": "K-35-078-1_Lesovo_x2352_y336.png", "label": "burial_mound", "subtype": "burial_mound", "cluster_size": 1, "origin_tiles": "K-35-078-1_Lesovo_x2496_y576.png"}}, {"type": "Feature", "geometry": {"type": "Point", "coordinates": [471455.34447600006, 4646299.306929499]}, "properties": {"source_tile": "K-35-078-1_Lesovo_x2352_y672.png", "label": "burial_mound", "subtype": "burial_mound", "cluster_size": 1, "origin_tiles": "K-35-078-1_Lesovo_x2496_y576.png"}}, {"type": "Feature", "geometry": {"type": "Point", "coordinates": [470980.051489, 4646263.563351499]}, "properties": {"source_tile": "K-35-078-1_Lesovo_x2352_y672.png", "label": "burial_mound", "subtype": "burial_mound", "cluster_size": 1, "origin_tiles": "K-35-078-1_Lesovo_x2496_y576.png"}}, {"type": "Feature", "geometry": {"type": "Point", "coordinates": [471390.61961850006, 4645858.791478]}, "properties": {"source_tile": "K-35-078-1_Lesovo_x2352_y672.png", "label": "burial_mound", "subtype": "burial_mound", "cluster_size": 1, "origin_tiles": "K-35-078-1_Lesovo_x2496_y576.png"}}, {"type": "Feature", "geometry": {"type": "Point", "coordinates": [471793.45940650004, 4645895.501099001]}, "properties": {"source_tile": "K-35-078-1_Lesovo_x2352_y672.png", "label": "burial_mound", "subtype": "burial_mound", "cluster_size": 1, "origin_tiles": "K-35-078-1_Lesovo_x2496_y576.png"}}, {"type": "Feature", "geometry": {"type": "Point", "coordinates": [471836.9313255, 4645925.4484215]}, "properties": {"source_tile": "K-35-078-1_Lesovo_x2352_y672.png", "label": "burial_mound", "subtype": "burial_mound", "cluster_size": 1, "origin_tiles": "K-35-078-1_Lesovo_x2496_y576.png"}}, {"type": "Feature", "geometry": {"type": "Point", "coordinates": [478801.13283849997, 4646384.3186835]}, "properties": {"source_tile": "K-35-078-1_Lesovo_x4032_y336.png", "label": "burial_mound", "subtype": "burial_mound", "cluster_size": 1, "origin_tiles": "K-35-078-1_Lesovo_x4032_y576.png"}}, {"type": "Feature", "geometry": {"type": "Point", "coordinates": [478957.63174950005, 4646326.356124001]}, "properties": {"source_tile": "K-35-078-1_Lesovo_x4032_y672.png", "label": "burial_mound", "subtype": "burial_mound", "cluster_size": 1, "origin_tiles": "K-35-078-1_Lesovo_x4032_y576.png"}}, {"type": "Feature", "geometry": {"type": "Point", "coordinates": [478982.74885800004, 4646132.18155]}, "properties": {"source_tile": "K-35-078-1_Lesovo_x4032_y672.png", "label": "burial_mound", "subtype": "burial_mound", "cluster_size": 1, "origin_tiles": "K-35-078-1_Lesovo_x4032_y576.png"}}, {"type": "Feature", "geometry": {"type": "Point", "coordinates": [479089.01355050004, 4645196.0862155]}, "properties": {"source_tile": "K-35-078-1_Lesovo_x4032_y672.png", "label": "burial_mound", "subtype": "burial_mound", "cluster_size": 1, "origin_tiles": "K-35-078-1_Lesovo_x4032_y576.png"}}, {"type": "Feature", "geometry": {"type": "Point", "coordinates": [463463.2735765, 4634678.779811]}, "properties": {"source_tile": "K-35-078-1_Lesovo_x672_y2688.png", "label": "burial_mound", "subtype": "burial_mound", "cluster_size": 1, "origin_tiles": "K-35-078-1_Lesovo_x768_y2880.png"}}, {"type": "Feature", "geometry": {"type": "Point", "coordinates": [479017.5263939999, 4637971.053185]}, "properties": {"source_tile": "K-35-078-1_Lesovo_x4032_y2016.png", "label": "burial_mound", "subtype": "burial_mound", "cluster_size": 1, "origin_tiles": "K-35-078-1_Lesovo_x4032_y2112.png"}}, {"type": "Feature", "geometry": {"type": "Point", "coordinates": [474403.706665, 4646771.701788501]}, "properties": {"source_tile": "K-35-078-1_Lesovo_x3024_y336.png", "label": "burial_mound", "subtype": "burial_mound", "cluster_size": 1, "origin_tiles": "K-35-078-1_Lesovo_x2880_y576.png"}}, {"type": "Feature", "geometry": {"type": "Point", "coordinates": [473849.19818, 4646603.610366499]}, "properties": {"source_tile": "K-35-078-1_Lesovo_x3024_y336.png", "label": "burial_mound", "subtype": "burial_mound", "cluster_size": 1, "origin_tiles": "K-35-078-1_Lesovo_x2880_y576.png"}}, {"type": "Feature", "geometry": {"type": "Point", "coordinates": [473595.128961, 4645367.075766001]}, "properties": {"source_tile": "K-35-078-1_Lesovo_x2688_y672.png", "label": "burial_mound", "subtype": "burial_mound", "cluster_size": 1, "origin_tiles": "K-35-078-1_Lesovo_x2880_y576.png"}}, {"type": "Feature", "geometry": {"type": "Point", "coordinates": [473726.5107625, 4645345.8228275]}, "properties": {"source_tile": "K-35-078-1_Lesovo_x3024_y672.png", "label": "burial_mound", "subtype": "burial_mound", "cluster_size": 1, "origin_tiles": "K-35-078-1_Lesovo_x2880_y576.png"}}, {"type": "Feature", "geometry": {"type": "Point", "coordinates": [473769.0166395001, 4645240.524178]}, "properties": {"source_tile": "K-35-078-1_Lesovo_x3024_y672.png", "label": "burial_mound", "subtype": "burial_mound", "cluster_size": 1, "origin_tiles": "K-35-078-1_Lesovo_x2880_y576.png"}}, {"type": "Feature", "geometry": {"type": "Point", "coordinates": [473111.14158999996, 4633893.387131]}, "properties": {"source_tile": "K-35-078-1_Lesovo_x2688_y3024.png", "label": "burial_mound", "subtype": "burial_mound", "cluster_size": 1, "origin_tiles": "K-35-078-1_Lesovo_x2880_y3072.png"}}, {"type": "Feature", "geometry": {"type": "Point", "coordinates": [435582.27086550003, 4703479.8255394995]}, "properties": {"source_tile": "K-35-053-3_Elenovo_x3360_y336.png", "label": "burial_mound", "subtype": "burial_mound", "cluster_size": 1, "origin_tiles": "K-35-053-3_Elenovo_x3456_y192.png"}}, {"type": "Feature", "geometry": {"type": "Point", "coordinates": [468611.31489499996, 4641416.927342]}, "properties": {"source_tile": "K-35-078-1_Lesovo_x2016_y1344.png", "label": "burial_mound", "subtype": "burial_mound", "cluster_size": 1, "origin_tiles": "K-35-078-1_Lesovo_x1920_y1344.png"}}, {"type": "Feature", "geometry": {"type": "Point", "coordinates": [468831.5726205, 4641410.165043499]}, "properties": {"source_tile": "K-35-078-1_Lesovo_x2016_y1344.png", "label": "burial_mound", "subtype": "burial_mound", "cluster_size": 1, "origin_tiles": "K-35-078-1_Lesovo_x1920_y1344.png"}}, {"type": "Feature", "geometry": {"type": "Point", "coordinates": [468802.591341, 4641952.114973999]}, "properties": {"source_tile": "K-35-078-1_Lesovo_x2016_y1344.png", "label": "burial_mound", "subtype": "burial_mound", "cluster_size": 1, "origin_tiles": "K-35-078-1_Lesovo_x1920_y1344.png"}}]}