{
"type": "FeatureCollection",
"name": "union_k3",
"crs": { "type": "name", "properties": { "name": "urn:ogc:def:crs:OGC:1.3:CRS84" } },
"features": [
{ "type": "Feature", "properties": { "vote_count": 3, "source_tile": "K-35-052-4_32635_x1344_y336.png" }, "geometry": { "type": "Point", "coordinates": [ 25.835943240842628, 42.472663349028416 ] } },
{ "type": "Feature", "properties": { "vote_count": 3, "source_tile": "K-35-052-4_32635_x1680_y0.png" }, "geometry": { "type": "Point", "coordinates": [ 25.864852611102013, 42.48578711654325 ] } },
{ "type": "Feature", "properties": { "vote_count": 3, "source_tile": "K-35-052-4_32635_x2016_y336.png" }, "geometry": { "type": "Point", "coordinates": [ 25.870722780881874, 42.483656218217 ] } },
{ "type": "Feature", "properties": { "vote_count": 3, "source_tile": "K-35-052-4_32635_x2016_y336.png" }, "geometry": { "type": "Point", "coordinates": [ 25.885501947657648, 42.481644491052577 ] } },
{ "type": "Feature", "properties": { "vote_count": 3, "source_tile": "K-35-052-4_32635_x0_y1680.png" }, "geometry": { "type": "Point", "coordinates": [ 25.765776661018688, 42.420813416319611 ] } },
{ "type": "Feature", "properties": { "vote_count": 3, "source_tile": "K-35-052-4_32635_x0_y1680.png" }, "geometry": { "type": "Point", "coordinates": [ 25.764858889339827, 42.420262799881243 ] } },
{ "type": "Feature", "properties": { "vote_count": 1, "source_tile": "K-35-052-4_32635_x2016_y336.png" }, "geometry": { "type": "Point", "coordinates": [ 25.870666902779885, 42.483400825952934 ] } },
{ "type": "Feature", "properties": { "vote_count": 3, "source_tile": "K-35-052-4_32635_x2688_y1680.png" }, "geometry": { "type": "Point", "coordinates": [ 25.921088075339835, 42.414141792475675 ] } },
{ "type": "Feature", "properties": { "vote_count": 3, "source_tile": "K-35-052-4_32635_x3024_y3024.png" }, "geometry": { "type": "Point", "coordinates": [ 25.94588189464087, 42.354049671912726 ] } },
{ "type": "Feature", "properties": { "vote_count": 3, "source_tile": "K-35-052-4_32635_x3024_y3024.png" }, "geometry": { "type": "Point", "coordinates": [ 25.946279208762544, 42.351766191389324 ] } },
{ "type": "Feature", "properties": { "vote_count": 3, "source_tile": "K-35-052-4_32635_x3024_y3024.png" }, "geometry": { "type": "Point", "coordinates": [ 25.946186373980748, 42.350797926826729 ] } },
{ "type": "Feature", "properties": { "vote_count": 3, "source_tile": "K-35-053-3_Elenovo_x1344_y0.png" }, "geometry": { "type": "Point", "coordinates": [ 26.097651717882911, 42.490366509770894 ] } },
{ "type": "Feature", "properties": { "vote_count": 3, "source_tile": "K-35-052-4_32635_x3024_y2352.png" }, "geometry": { "type": "Point", "coordinates": [ 25.948768275955157, 42.394480602399426 ] } },
{ "type": "Feature", "properties": { "vote_count": 3, "source_tile": "K-35-052-4_32635_x3024_y2352.png" }, "geometry": { "type": "Point", "coordinates": [ 25.93995507066883, 42.381904756409938 ] } },
{ "type": "Feature", "properties": { "vote_count": 3, "source_tile": "K-35-052-4_32635_x3024_y2016.png" }, "geometry": { "type": "Point", "coordinates": [ 25.944142946338925, 42.408127567853498 ] } },
{ "type": "Feature", "properties": { "vote_count": 3, "source_tile": "K-35-052-4_32635_x3024_y3024.png" }, "geometry": { "type": "Point", "coordinates": [ 25.946099247452135, 42.357293939442826 ] } },
{ "type": "Feature", "properties": { "vote_count": 3, "source_tile": "K-35-052-4_32635_x2016_y1008.png" }, "geometry": { "type": "Point", "coordinates": [ 25.872946152345694, 42.451396296950335 ] } },
{ "type": "Feature", "properties": { "vote_count": 3, "source_tile": "K-35-052-4_32635_x0_y1008.png" }, "geometry": { "type": "Point", "coordinates": [ 25.76304015982495, 42.446554088871558 ] } },
{ "type": "Feature", "properties": { "vote_count": 3, "source_tile": "K-35-052-4_32635_x336_y1008.png" }, "geometry": { "type": "Point", "coordinates": [ 25.772242237034806, 42.446693463811904 ] } },
{ "type": "Feature", "properties": { "vote_count": 3, "source_tile": "K-35-052-4_32635_x336_y1008.png" }, "geometry": { "type": "Point", "coordinates": [ 25.774911217865139, 42.44620367612653 ] } },
{ "type": "Feature", "properties": { "vote_count": 2, "source_tile": "K-35-052-4_32635_x3024_y3024.png" }, "geometry": { "type": "Point", "coordinates": [ 25.945864521881074, 42.35421556030466 ] } },
{ "type": "Feature", "properties": { "vote_count": 3, "source_tile": "K-35-052-4_32635_x3024_y3360.png" }, "geometry": { "type": "Point", "coordinates": [ 25.946461836487167, 42.346367691258109 ] } },
{ "type": "Feature", "properties": { "vote_count": 3, "source_tile": "K-35-052-4_32635_x2016_y336.png" }, "geometry": { "type": "Point", "coordinates": [ 25.885804143267201, 42.481653204965291 ] } },
{ "type": "Feature", "properties": { "vote_count": 3, "source_tile": "K-35-052-4_32635_x0_y2016.png" }, "geometry": { "type": "Point", "coordinates": [ 25.764860146130889, 42.393635584675486 ] } },
{ "type": "Feature", "properties": { "vote_count": 3, "source_tile": "K-35-052-4_32635_x0_y2016.png" }, "geometry": { "type": "Point", "coordinates": [ 25.76480924811165, 42.392605550669678 ] } },
{ "type": "Feature", "properties": { "vote_count": 3, "source_tile": "K-35-052-4_32635_x0_y2016.png" }, "geometry": { "type": "Point", "coordinates": [ 25.768667523879071, 42.393626010876382 ] } },
{ "type": "Feature", "properties": { "vote_count": 3, "source_tile": "K-35-052-4_32635_x336_y2016.png" }, "geometry": { "type": "Point", "coordinates": [ 25.773864213408785, 42.393192962600331 ] } },
{ "type": "Feature", "properties": { "vote_count": 3, "source_tile": "K-35-052-4_32635_x336_y2016.png" }, "geometry": { "type": "Point", "coordinates": [ 25.776019593992274, 42.392740239320638 ] } },
{ "type": "Feature", "properties": { "vote_count": 3, "source_tile": "K-35-052-4_32635_x0_y2352.png" }, "geometry": { "type": "Point", "coordinates": [ 25.763942471487088, 42.389477428240788 ] } },
{ "type": "Feature", "properties": { "vote_count": 3, "source_tile": "K-35-052-4_32635_x0_y2352.png" }, "geometry": { "type": "Point", "coordinates": [ 25.766105525862386, 42.390469575367618 ] } },
{ "type": "Feature", "properties": { "vote_count": 3, "source_tile": "K-35-052-4_32635_x0_y2352.png" }, "geometry": { "type": "Point", "coordinates": [ 25.767131239524815, 42.390609117055064 ] } },
{ "type": "Feature", "properties": { "vote_count": 3, "source_tile": "K-35-052-4_32635_x336_y2352.png" }, "geometry": { "type": "Point", "coordinates": [ 25.772438639649319, 42.387581226815549 ] } },
{ "type": "Feature", "properties": { "vote_count": 3, "source_tile": "K-35-052-4_32635_x336_y2352.png" }, "geometry": { "type": "Point", "coordinates": [ 25.775527039325375, 42.387065583758108 ] } },
{ "type": "Feature", "properties": { "vote_count": 3, "source_tile": "K-35-052-4_32635_x0_y2352.png" }, "geometry": { "type": "Point", "coordinates": [ 25.769075410224865, 42.385761968671076 ] } },
{ "type": "Feature", "properties": { "vote_count": 3, "source_tile": "K-35-052-4_32635_x336_y2352.png" }, "geometry": { "type": "Point", "coordinates": [ 25.769413397619861, 42.38471156447774 ] } },
{ "type": "Feature", "properties": { "vote_count": 3, "source_tile": "K-35-052-4_32635_x336_y2352.png" }, "geometry": { "type": "Point", "coordinates": [ 25.769824308565308, 42.383666273327279 ] } },
{ "type": "Feature", "properties": { "vote_count": 3, "source_tile": "K-35-052-4_32635_x2352_y3024.png" }, "geometry": { "type": "Point", "coordinates": [ 25.902547668398373, 42.351184091962018 ] } },
{ "type": "Feature", "properties": { "vote_count": 3, "source_tile": "K-35-052-4_32635_x2352_y3024.png" }, "geometry": { "type": "Point", "coordinates": [ 25.906672944855142, 42.352732377540981 ] } },
{ "type": "Feature", "properties": { "vote_count": 3, "source_tile": "K-35-052-4_32635_x2352_y1008.png" }, "geometry": { "type": "Point", "coordinates": [ 25.904505420559627, 42.453670869682306 ] } },
{ "type": "Feature", "properties": { "vote_count": 3, "source_tile": "K-35-052-4_32635_x2016_y1008.png" }, "geometry": { "type": "Point", "coordinates": [ 25.879934905104903, 42.450264086805731 ] } },
{ "type": "Feature", "properties": { "vote_count": 3, "source_tile": "K-35-052-4_32635_x0_y1344.png" }, "geometry": { "type": "Point", "coordinates": [ 25.750865968585703, 42.424878096804839 ] } },
{ "type": "Feature", "properties": { "vote_count": 3, "source_tile": "K-35-052-4_32635_x0_y2688.png" }, "geometry": { "type": "Point", "coordinates": [ 25.769349691784797, 42.366831997172163 ] } },
{ "type": "Feature", "properties": { "vote_count": 3, "source_tile": "K-35-052-4_32635_x2688_y672.png" }, "geometry": { "type": "Point", "coordinates": [ 25.915919944140015, 42.468955915183457 ] } },
{ "type": "Feature", "properties": { "vote_count": 3, "source_tile": "K-35-052-4_32635_x0_y0.png" }, "geometry": { "type": "Point", "coordinates": [ 25.764288538834325, 42.483699338538734 ] } },
{ "type": "Feature", "properties": { "vote_count": 3, "source_tile": "K-35-052-4_32635_x336_y336.png" }, "geometry": { "type": "Point", "coordinates": [ 25.780374551085412, 42.47749703147867 ] } },
{ "type": "Feature", "properties": { "vote_count": 3, "source_tile": "K-35-052-4_32635_x336_y336.png" }, "geometry": { "type": "Point", "coordinates": [ 25.779400552703976, 42.47489012100629 ] } },
{ "type": "Feature", "properties": { "vote_count": 3, "source_tile": "K-35-052-4_32635_x1344_y672.png" }, "geometry": { "type": "Point", "coordinates": [ 25.834205597169998, 42.463023294752375 ] } },
{ "type": "Feature", "properties": { "vote_count": 3, "source_tile": "K-35-053-3_Elenovo_x1008_y3360.png" }, "geometry": { "type": "Point", "coordinates": [ 26.081538098026375, 42.335312437852892 ] } },
{ "type": "Feature", "properties": { "vote_count": 3, "source_tile": "K-35-052-4_32635_x0_y1344.png" }, "geometry": { "type": "Point", "coordinates": [ 25.751713718538582, 42.424878669519103 ] } },
{ "type": "Feature", "properties": { "vote_count": 3, "source_tile": "K-35-052-4_32635_x3360_y2016.png" }, "geometry": { "type": "Point", "coordinates": [ 25.967472721001677, 42.399634180374967 ] } },
{ "type": "Feature", "properties": { "vote_count": 1, "source_tile": "K-35-052-4_32635_x336_y1008.png" }, "geometry": { "type": "Point", "coordinates": [ 25.7747541557288, 42.446047503439367 ] } },
{ "type": "Feature", "properties": { "vote_count": 3, "source_tile": "K-35-052-4_32635_x3360_y2352.png" }, "geometry": { "type": "Point", "coordinates": [ 25.970235974437728, 42.385106807195712 ] } },
{ "type": "Feature", "properties": { "vote_count": 3, "source_tile": "K-35-052-4_32635_x1008_y336.png" }, "geometry": { "type": "Point", "coordinates": [ 25.826071319212062, 42.481922964286944 ] } },
{ "type": "Feature", "properties": { "vote_count": 3, "source_tile": "K-35-052-4_32635_x1008_y336.png" }, "geometry": { "type": "Point", "coordinates": [ 25.826921306814846, 42.479147904901993 ] } },
{ "type": "Feature", "properties": { "vote_count": 3, "source_tile": "K-35-052-4_32635_x3696_y672.png" }, "geometry": { "type": "Point", "coordinates": [ 25.975550768966031, 42.463766034779553 ] } },
{ "type": "Feature", "properties": { "vote_count": 3, "source_tile": "K-35-052-4_32635_x3696_y1344.png" }, "geometry": { "type": "Point", "coordinates": [ 25.98435369646705, 42.426926878827722 ] } },
{ "type": "Feature", "properties": { "vote_count": 3, "source_tile": "K-35-052-4_32635_x3360_y3696.png" }, "geometry": { "type": "Point", "coordinates": [ 25.959191496460612, 42.33369460878945 ] } },
{ "type": "Feature", "properties": { "vote_count": 3, "source_tile": "K-35-052-4_32635_x336_y1344.png" }, "geometry": { "type": "Point", "coordinates": [ 25.78643740600338, 42.437360843740834 ] } },
{ "type": "Feature", "properties": { "vote_count": 3, "source_tile": "K-35-052-4_32635_x3696_y2688.png" }, "geometry": { "type": "Point", "coordinates": [ 25.984829049356694, 42.376025657202433 ] } },
{ "type": "Feature", "properties": { "vote_count": 3, "source_tile": "K-35-052-4_32635_x3696_y1344.png" }, "geometry": { "type": "Point", "coordinates": [ 25.972453522168504, 42.433381322012359 ] } },
{ "type": "Feature", "properties": { "vote_count": 2, "source_tile": "K-35-052-4_32635_x3696_y1344.png" }, "geometry": { "type": "Point", "coordinates": [ 25.98435913950399, 42.425281865582285 ] } },
{ "type": "Feature", "properties": { "vote_count": 3, "source_tile": "K-35-052-4_32635_x3696_y2016.png" }, "geometry": { "type": "Point", "coordinates": [ 25.987076166559095, 42.397114062979831 ] } },
{ "type": "Feature", "properties": { "vote_count": 3, "source_tile": "K-35-052-4_32635_x3696_y2352.png" }, "geometry": { "type": "Point", "coordinates": [ 25.98933101499756, 42.384670310313695 ] } },
{ "type": "Feature", "properties": { "vote_count": 3, "source_tile": "K-35-052-4_32635_x1680_y0.png" }, "geometry": { "type": "Point", "coordinates": [ 25.863740297306812, 42.495992123242594 ] } },
{ "type": "Feature", "properties": { "vote_count": 3, "source_tile": "K-35-052-4_32635_x1680_y0.png" }, "geometry": { "type": "Point", "coordinates": [ 25.863811480648291, 42.494862287674771 ] } },
{ "type": "Feature", "properties": { "vote_count": 2, "source_tile": "K-35-052-4_32635_x1680_y0.png" }, "geometry": { "type": "Point", "coordinates": [ 25.864725811069619, 42.495117527294994 ] } },
{ "type": "Feature", "properties": { "vote_count": 3, "source_tile": "K-35-052-4_32635_x2016_y0.png" }, "geometry": { "type": "Point", "coordinates": [ 25.870851326118867, 42.496790115949267 ] } },
{ "type": "Feature", "properties": { "vote_count": 3, "source_tile": "K-35-052-4_32635_x2016_y0.png" }, "geometry": { "type": "Point", "coordinates": [ 25.871044979655512, 42.496111966440161 ] } },
{ "type": "Feature", "properties": { "vote_count": 3, "source_tile": "K-35-052-4_32635_x2016_y0.png" }, "geometry": { "type": "Point", "coordinates": [ 25.869611144709189, 42.494583223798386 ] } },
{ "type": "Feature", "properties": { "vote_count": 2, "source_tile": "K-35-052-4_32635_x1680_y0.png" }, "geometry": { "type": "Point", "coordinates": [ 25.869572165707588, 42.493822647402006 ] } },
{ "type": "Feature", "properties": { "vote_count": 3, "source_tile": "K-35-052-4_32635_x2016_y0.png" }, "geometry": { "type": "Point", "coordinates": [ 25.870455593626406, 42.493410473474739 ] } },
{ "type": "Feature", "properties": { "vote_count": 3, "source_tile": "K-35-053-3_Elenovo_x0_y1680.png" }, "geometry": { "type": "Point", "coordinates": [ 26.003826014272416, 42.412851531615892 ] } },
{ "type": "Feature", "properties": { "vote_count": 3, "source_tile": "K-35-053-3_Elenovo_x0_y1680.png" }, "geometry": { "type": "Point", "coordinates": [ 26.00546847742547, 42.410389634021556 ] } },
{ "type": "Feature", "properties": { "vote_count": 3, "source_tile": "K-35-052-4_32635_x4032_y2016.png" }, "geometry": { "type": "Point", "coordinates": [ 26.002064054011235, 42.405267673057473 ] } },
{ "type": "Feature", "properties": { "vote_count": 3, "source_tile": "K-35-053-3_Elenovo_x0_y2016.png" }, "geometry": { "type": "Point", "coordinates": [ 26.002997239570977, 42.396409249011505 ] } },
{ "type": "Feature", "properties": { "vote_count": 3, "source_tile": "K-35-052-4_32635_x336_y1680.png" }, "geometry": { "type": "Point", "coordinates": [ 25.775197364334197, 42.421441726084396 ] } },
{ "type": "Feature", "properties": { "vote_count": 3, "source_tile": "K-35-052-4_32635_x336_y1680.png" }, "geometry": { "type": "Point", "coordinates": [ 25.78628164517626, 42.413679452793794 ] } },
{ "type": "Feature", "properties": { "vote_count": 3, "source_tile": "K-35-052-4_32635_x672_y1680.png" }, "geometry": { "type": "Point", "coordinates": [ 25.788251100014122, 42.41375660135386 ] } },
{ "type": "Feature", "properties": { "vote_count": 3, "source_tile": "K-35-052-4_32635_x672_y1680.png" }, "geometry": { "type": "Point", "coordinates": [ 25.793200119609196, 42.410670550596329 ] } },
{ "type": "Feature", "properties": { "vote_count": 3, "source_tile": "K-35-052-4_32635_x336_y2016.png" }, "geometry": { "type": "Point", "coordinates": [ 25.772625502132662, 42.405245229130486 ] } },
{ "type": "Feature", "properties": { "vote_count": 3, "source_tile": "K-35-052-4_32635_x2688_y1008.png" }, "geometry": { "type": "Point", "coordinates": [ 25.91827851163222, 42.439630077214673 ] } },
{ "type": "Feature", "properties": { "vote_count": 3, "source_tile": "K-35-052-4_32635_x3024_y336.png" }, "geometry": { "type": "Point", "coordinates": [ 25.932324679297555, 42.475715608916076 ] } },
{ "type": "Feature", "properties": { "vote_count": 3, "source_tile": "K-35-052-4_32635_x3024_y3360.png" }, "geometry": { "type": "Point", "coordinates": [ 25.947162974488858, 42.346576277815636 ] } },
{ "type": "Feature", "properties": { "vote_count": 3, "source_tile": "K-35-052-4_32635_x336_y336.png" }, "geometry": { "type": "Point", "coordinates": [ 25.780489139658727, 42.47722102996228 ] } },
{ "type": "Feature", "properties": { "vote_count": 1, "source_tile": "K-35-052-4_32635_x336_y2688.png" }, "geometry": { "type": "Point", "coordinates": [ 25.787169549356857, 42.369353785865144 ] } },
{ "type": "Feature", "properties": { "vote_count": 3, "source_tile": "K-35-053-3_Elenovo_x1344_y672.png" }, "geometry": { "type": "Point", "coordinates": [ 26.090511518558522, 42.466670057583897 ] } },
{ "type": "Feature", "properties": { "vote_count": 3, "source_tile": "K-35-053-3_Elenovo_x1344_y672.png" }, "geometry": { "type": "Point", "coordinates": [ 26.091139065093532, 42.465888156694973 ] } },
{ "type": "Feature", "properties": { "vote_count": 3, "source_tile": "K-35-052-4_32635_x672_y2352.png" }, "geometry": { "type": "Point", "coordinates": [ 25.798257814299134, 42.388169337648449 ] } },
{ "type": "Feature", "properties": { "vote_count": 3, "source_tile": "K-35-052-4_32635_x672_y2352.png" }, "geometry": { "type": "Point", "coordinates": [ 25.800554975910089, 42.387736649139505 ] } },
{ "type": "Feature", "properties": { "vote_count": 3, "source_tile": "K-35-052-4_32635_x672_y1008.png" }, "geometry": { "type": "Point", "coordinates": [ 25.805773915294068, 42.438928891287489 ] } },
{ "type": "Feature", "properties": { "vote_count": 3, "source_tile": "K-35-052-4_32635_x672_y1344.png" }, "geometry": { "type": "Point", "coordinates": [ 25.799516384221182, 42.432916218383973 ] } },
{ "type": "Feature", "properties": { "vote_count": 3, "source_tile": "K-35-052-4_32635_x672_y1680.png" }, "geometry": { "type": "Point", "coordinates": [ 25.795434850916866, 42.422774955605526 ] } },
{ "type": "Feature", "properties": { "vote_count": 1, "source_tile": "K-35-052-4_32635_x672_y1680.png" }, "geometry": { "type": "Point", "coordinates": [ 25.793649233672014, 42.409247284691027 ] } },
{ "type": "Feature", "properties": { "vote_count": 3, "source_tile": "K-35-052-4_32635_x672_y1680.png" }, "geometry": { "type": "Point", "coordinates": [ 25.793689927199228, 42.409563921864233 ] } },
{ "type": "Feature", "properties": { "vote_count": 3, "source_tile": "K-35-053-3_Elenovo_x2016_y0.png" }, "geometry": { "type": "Point", "coordinates": [ 26.12220459890359, 42.491448271997626 ] } },
{ "type": "Feature", "properties": { "vote_count": 3, "source_tile": "K-35-053-3_Elenovo_x1680_y336.png" }, "geometry": { "type": "Point", "coordinates": [ 26.118145811732109, 42.480822428594173 ] } },
{ "type": "Feature", "properties": { "vote_count": 3, "source_tile": "K-35-053-3_Elenovo_x2016_y336.png" }, "geometry": { "type": "Point", "coordinates": [ 26.129323092303714, 42.479300924767962 ] } },
{ "type": "Feature", "properties": { "vote_count": 3, "source_tile": "K-35-053-3_Elenovo_x2352_y0.png" }, "geometry": { "type": "Point", "coordinates": [ 26.145032633210885, 42.498482552397327 ] } },
{ "type": "Feature", "properties": { "vote_count": 3, "source_tile": "K-35-053-3_Elenovo_x2352_y0.png" }, "geometry": { "type": "Point", "coordinates": [ 26.155582038094682, 42.497337862797359 ] } },
{ "type": "Feature", "properties": { "vote_count": 3, "source_tile": "K-35-053-3_Elenovo_x2352_y0.png" }, "geometry": { "type": "Point", "coordinates": [ 26.15682971155546, 42.497993875735347 ] } },
{ "type": "Feature", "properties": { "vote_count": 3, "source_tile": "K-35-053-3_Elenovo_x2352_y0.png" }, "geometry": { "type": "Point", "coordinates": [ 26.142554222783545, 42.490843970114518 ] } },
{ "type": "Feature", "properties": { "vote_count": 1, "source_tile": "K-35-052-4_32635_x672_y2352.png" }, "geometry": { "type": "Point", "coordinates": [ 25.79857578699179, 42.388160638349191 ] } },
{ "type": "Feature", "properties": { "vote_count": 1, "source_tile": "K-35-052-4_32635_x672_y2352.png" }, "geometry": { "type": "Point", "coordinates": [ 25.801013504610527, 42.387796313549011 ] } },
{ "type": "Feature", "properties": { "vote_count": 3, "source_tile": "K-35-052-4_32635_x336_y2352.png" }, "geometry": { "type": "Point", "coordinates": [ 25.785770934376632, 42.384896826948726 ] } },
{ "type": "Feature", "properties": { "vote_count": 3, "source_tile": "K-35-052-4_32635_x672_y2352.png" }, "geometry": { "type": "Point", "coordinates": [ 25.802788014661481, 42.385329939002162 ] } },
{ "type": "Feature", "properties": { "vote_count": 3, "source_tile": "K-35-052-4_32635_x672_y2352.png" }, "geometry": { "type": "Point", "coordinates": [ 25.794549874333882, 42.38647740138633 ] } },
{ "type": "Feature", "properties": { "vote_count": 3, "source_tile": "K-35-052-4_32635_x672_y2352.png" }, "geometry": { "type": "Point", "coordinates": [ 25.800560852419316, 42.387479158199461 ] } },
{ "type": "Feature", "properties": { "vote_count": 1, "source_tile": "K-35-052-4_32635_x672_y2352.png" }, "geometry": { "type": "Point", "coordinates": [ 25.800787572947364, 42.387386775502137 ] } },
{ "type": "Feature", "properties": { "vote_count": 3, "source_tile": "K-35-052-4_32635_x0_y2016.png" }, "geometry": { "type": "Point", "coordinates": [ 25.751940824817353, 42.401145309194135 ] } },
{ "type": "Feature", "properties": { "vote_count": 3, "source_tile": "K-35-052-4_32635_x1008_y3360.png" }, "geometry": { "type": "Point", "coordinates": [ 25.82443149685459, 42.338330097083279 ] } },
{ "type": "Feature", "properties": { "vote_count": 3, "source_tile": "K-35-053-3_Elenovo_x1680_y1680.png" }, "geometry": { "type": "Point", "coordinates": [ 26.117566531642787, 42.417001849933349 ] } },
{ "type": "Feature", "properties": { "vote_count": 3, "source_tile": "K-35-053-3_Elenovo_x1680_y1680.png" }, "geometry": { "type": "Point", "coordinates": [ 26.109113631181291, 42.413651757637737 ] } },
{ "type": "Feature", "properties": { "vote_count": 3, "source_tile": "K-35-053-3_Elenovo_x1680_y1680.png" }, "geometry": { "type": "Point", "coordinates": [ 26.117603629614965, 42.415328738824421 ] } },
{ "type": "Feature", "properties": { "vote_count": 3, "source_tile": "K-35-052-4_32635_x336_y336.png" }, "geometry": { "type": "Point", "coordinates": [ 25.767960247206009, 42.470998985721153 ] } },
{ "type": "Feature", "properties": { "vote_count": 3, "source_tile": "K-35-052-4_32635_x0_y336.png" }, "geometry": { "type": "Point", "coordinates": [ 25.764309841286497, 42.469879435348027 ] } },
{ "type": "Feature", "properties": { "vote_count": 3, "source_tile": "K-35-052-4_32635_x0_y672.png" }, "geometry": { "type": "Point", "coordinates": [ 25.762252329755079, 42.466826327974999 ] } },
{ "type": "Feature", "properties": { "vote_count": 3, "source_tile": "K-35-052-4_32635_x672_y1008.png" }, "geometry": { "type": "Point", "coordinates": [ 25.80367906698779, 42.448848800639993 ] } },
{ "type": "Feature", "properties": { "vote_count": 2, "source_tile": "K-35-052-4_32635_x672_y1008.png" }, "geometry": { "type": "Point", "coordinates": [ 25.806795967254804, 42.453430917318975 ] } },
{ "type": "Feature", "properties": { "vote_count": 3, "source_tile": "K-35-052-4_32635_x672_y1008.png" }, "geometry": { "type": "Point", "coordinates": [ 25.800439416821078, 42.44036975434117 ] } },
{ "type": "Feature", "properties": { "vote_count": 1, "source_tile": "K-35-053-3_Elenovo_x0_y2016.png" }, "geometry": { "type": "Point", "coordinates": [ 26.00303208662643, 42.396299821113708 ] } },
{ "type": "Feature", "properties": { "vote_count": 3, "source_tile": "K-35-053-3_Elenovo_x1680_y3360.png" }, "geometry": { "type": "Point", "coordinates": [ 26.114493531568858, 42.347371525661757 ] } },
{ "type": "Feature", "properties": { "vote_count": 3, "source_tile": "K-35-053-3_Elenovo_x1680_y3360.png" }, "geometry": { "type": "Point", "coordinates": [ 26.114319807324279, 42.341999078343157 ] } },
{ "type": "Feature", "properties": { "vote_count": 3, "source_tile": "K-35-053-3_Elenovo_x1680_y3360.png" }, "geometry": { "type": "Point", "coordinates": [ 26.113378409456782, 42.341957150126916 ] } },
{ "type": "Feature", "properties": { "vote_count": 3, "source_tile": "K-35-053-3_Elenovo_x1680_y3360.png" }, "geometry": { "type": "Point", "coordinates": [ 26.113528654527627, 42.341306415269024 ] } },
{ "type": "Feature", "properties": { "vote_count": 3, "source_tile": "K-35-053-3_Elenovo_x1680_y3360.png" }, "geometry": { "type": "Point", "coordinates": [ 26.111190211921596, 42.340480479437794 ] } },
{ "type": "Feature", "properties": { "vote_count": 3, "source_tile": "K-35-053-3_Elenovo_x1344_y672.png" }, "geometry": { "type": "Point", "coordinates": [ 26.091129666004093, 42.465594265838384 ] } },
{ "type": "Feature", "properties": { "vote_count": 3, "source_tile": "K-35-053-3_Elenovo_x1680_y672.png" }, "geometry": { "type": "Point", "coordinates": [ 26.107674183826152, 42.46510992632858 ] } },
{ "type": "Feature", "properties": { "vote_count": 3, "source_tile": "K-35-053-3_Elenovo_x1680_y672.png" }, "geometry": { "type": "Point", "coordinates": [ 26.103302395623313, 42.457986667640121 ] } },
{ "type": "Feature", "properties": { "vote_count": 3, "source_tile": "K-35-053-3_Elenovo_x3360_y0.png" }, "geometry": { "type": "Point", "coordinates": [ 26.203899353692737, 42.492793501900742 ] } },
{ "type": "Feature", "properties": { "vote_count": 3, "source_tile": "K-35-053-3_Elenovo_x1344_y2016.png" }, "geometry": { "type": "Point", "coordinates": [ 26.099002913598007, 42.407806561968783 ] } },
{ "type": "Feature", "properties": { "vote_count": 3, "source_tile": "K-35-052-4_32635_x336_y336.png" }, "geometry": { "type": "Point", "coordinates": [ 25.779969351818576, 42.469739911678765 ] } },
{ "type": "Feature", "properties": { "vote_count": 3, "source_tile": "K-35-053-3_Elenovo_x2016_y0.png" }, "geometry": { "type": "Point", "coordinates": [ 26.120884192397298, 42.496229430912877 ] } },
{ "type": "Feature", "properties": { "vote_count": 3, "source_tile": "K-35-053-3_Elenovo_x1680_y0.png" }, "geometry": { "type": "Point", "coordinates": [ 26.112635782789429, 42.49232677297362 ] } },
{ "type": "Feature", "properties": { "vote_count": 3, "source_tile": "K-35-052-4_32635_x2016_y1344.png" }, "geometry": { "type": "Point", "coordinates": [ 25.869493830803233, 42.43087028470697 ] } },
{ "type": "Feature", "properties": { "vote_count": 3, "source_tile": "K-35-052-4_32635_x1008_y672.png" }, "geometry": { "type": "Point", "coordinates": [ 25.825955595939046, 42.466463068936783 ] } },
{ "type": "Feature", "properties": { "vote_count": 2, "source_tile": "K-35-052-4_32635_x1344_y672.png" }, "geometry": { "type": "Point", "coordinates": [ 25.834460954829957, 42.46301121271739 ] } },
{ "type": "Feature", "properties": { "vote_count": 3, "source_tile": "K-35-053-3_Elenovo_x1680_y3024.png" }, "geometry": { "type": "Point", "coordinates": [ 26.115169895893771, 42.348899281731228 ] } },
{ "type": "Feature", "properties": { "vote_count": 3, "source_tile": "K-35-053-3_Elenovo_x1680_y3360.png" }, "geometry": { "type": "Point", "coordinates": [ 26.117968280823046, 42.338548736239694 ] } },
{ "type": "Feature", "properties": { "vote_count": 1, "source_tile": "K-35-052-4_32635_x336_y3024.png" }, "geometry": { "type": "Point", "coordinates": [ 25.770272895102838, 42.347948634234214 ] } },
{ "type": "Feature", "properties": { "vote_count": 3, "source_tile": "K-35-053-3_Elenovo_x1680_y3360.png" }, "geometry": { "type": "Point", "coordinates": [ 26.115208406629201, 42.347263702831356 ] } },
{ "type": "Feature", "properties": { "vote_count": 3, "source_tile": "K-35-052-4_32635_x0_y2688.png" }, "geometry": { "type": "Point", "coordinates": [ 25.75174733290886, 42.365099613121885 ] } },
{ "type": "Feature", "properties": { "vote_count": 3, "source_tile": "K-35-052-4_32635_x0_y2688.png" }, "geometry": { "type": "Point", "coordinates": [ 25.750728698987945, 42.37258371834362 ] } },
{ "type": "Feature", "properties": { "vote_count": 3, "source_tile": "K-35-052-4_32635_x2688_y1344.png" }, "geometry": { "type": "Point", "coordinates": [ 25.926826425299684, 42.424872190714304 ] } },
{ "type": "Feature", "properties": { "vote_count": 3, "source_tile": "K-35-053-3_Elenovo_x0_y1680.png" }, "geometry": { "type": "Point", "coordinates": [ 26.010485485969411, 42.417703430627931 ] } },
{ "type": "Feature", "properties": { "vote_count": 3, "source_tile": "K-35-053-3_Elenovo_x336_y336.png" }, "geometry": { "type": "Point", "coordinates": [ 26.025263572399183, 42.479815982271454 ] } },
{ "type": "Feature", "properties": { "vote_count": 3, "source_tile": "K-35-053-3_Elenovo_x336_y336.png" }, "geometry": { "type": "Point", "coordinates": [ 26.027791027608515, 42.474488135953493 ] } },
{ "type": "Feature", "properties": { "vote_count": 3, "source_tile": "K-35-052-4_32635_x336_y336.png" }, "geometry": { "type": "Point", "coordinates": [ 25.768908135723617, 42.471096525754511 ] } },
{ "type": "Feature", "properties": { "vote_count": 3, "source_tile": "K-35-052-4_32635_x3024_y3024.png" }, "geometry": { "type": "Point", "coordinates": [ 25.945896565438748, 42.354569609612682 ] } },
{ "type": "Feature", "properties": { "vote_count": 3, "source_tile": "K-35-052-4_32635_x4032_y672.png" }, "geometry": { "type": "Point", "coordinates": [ 26.003625802708488, 42.461786576320911 ] } },
{ "type": "Feature", "properties": { "vote_count": 3, "source_tile": "K-35-052-4_32635_x4032_y672.png" }, "geometry": { "type": "Point", "coordinates": [ 25.999808392166965, 42.460033745101356 ] } },
{ "type": "Feature", "properties": { "vote_count": 2, "source_tile": "K-35-052-4_32635_x336_y336.png" }, "geometry": { "type": "Point", "coordinates": [ 25.769174282131779, 42.471149919595561 ] } },
{ "type": "Feature", "properties": { "vote_count": 3, "source_tile": "K-35-053-3_Elenovo_x0_y1344.png" }, "geometry": { "type": "Point", "coordinates": [ 26.014738876270684, 42.428819240464172 ] } },
{ "type": "Feature", "properties": { "vote_count": 3, "source_tile": "K-35-053-3_Elenovo_x1344_y0.png" }, "geometry": { "type": "Point", "coordinates": [ 26.090966233470994, 42.494133510929487 ] } },
{ "type": "Feature", "properties": { "vote_count": 3, "source_tile": "K-35-053-3_Elenovo_x1344_y0.png" }, "geometry": { "type": "Point", "coordinates": [ 26.094330933635895, 42.492966121403335 ] } },
{ "type": "Feature", "properties": { "vote_count": 3, "source_tile": "K-35-053-3_Elenovo_x2016_y1680.png" }, "geometry": { "type": "Point", "coordinates": [ 26.139347558663395, 42.408318222851449 ] } },
{ "type": "Feature", "properties": { "vote_count": 3, "source_tile": "K-35-053-3_Elenovo_x1344_y2688.png" }, "geometry": { "type": "Point", "coordinates": [ 26.099061242106036, 42.377673741507706 ] } },
{ "type": "Feature", "properties": { "vote_count": 3, "source_tile": "K-35-053-3_Elenovo_x1344_y2688.png" }, "geometry": { "type": "Point", "coordinates": [ 26.099390029429287, 42.376560238874177 ] } },
{ "type": "Feature", "properties": { "vote_count": 3, "source_tile": "K-35-053-3_Elenovo_x1344_y2688.png" }, "geometry": { "type": "Point", "coordinates": [ 26.099594189694024, 42.375400516077178 ] } },
{ "type": "Feature", "properties": { "vote_count": 2, "source_tile": "K-35-052-4_32635_x336_y2016.png" }, "geometry": { "type": "Point", "coordinates": [ 25.77260390846623, 42.404887157237631 ] } },
{ "type": "Feature", "properties": { "vote_count": 3, "source_tile": "K-35-053-3_Elenovo_x336_y1008.png" }, "geometry": { "type": "Point", "coordinates": [ 26.025687013601001, 42.439938556768773 ] } },
{ "type": "Feature", "properties": { "vote_count": 2, "source_tile": "K-35-052-4_32635_x2688_y3024.png" }, "geometry": { "type": "Point", "coordinates": [ 25.919597262074756, 42.354295909613924 ] } },
{ "type": "Feature", "properties": { "vote_count": 3, "source_tile": "K-35-053-3_Elenovo_x2016_y1008.png" }, "geometry": { "type": "Point", "coordinates": [ 26.137231292524856, 42.450600624683837 ] } },
{ "type": "Feature", "properties": { "vote_count": 3, "source_tile": "K-35-053-3_Elenovo_x0_y1680.png" }, "geometry": { "type": "Point", "coordinates": [ 26.007516217329499, 42.415208099241461 ] } },
{ "type": "Feature", "properties": { "vote_count": 3, "source_tile": "K-35-052-4_32635_x4032_y1680.png" }, "geometry": { "type": "Point", "coordinates": [ 26.003061668675677, 42.414731964822188 ] } },
{ "type": "Feature", "properties": { "vote_count": 3, "source_tile": "K-35-052-4_32635_x4032_y1680.png" }, "geometry": { "type": "Point", "coordinates": [ 26.003381187510858, 42.413872780288912 ] } },
{ "type": "Feature", "properties": { "vote_count": 3, "source_tile": "K-35-053-3_Elenovo_x0_y1680.png" }, "geometry": { "type": "Point", "coordinates": [ 26.004430210742214, 42.413825586997127 ] } },
{ "type": "Feature", "properties": { "vote_count": 1, "source_tile": "K-35-052-4_32635_x4032_y1680.png" }, "geometry": { "type": "Point", "coordinates": [ 26.003287996642943, 42.413359412375506 ] } },
{ "type": "Feature", "properties": { "vote_count": 1, "source_tile": "K-35-053-3_Elenovo_x1008_y3360.png" }, "geometry": { "type": "Point", "coordinates": [ 26.081483295098511, 42.335066544905729 ] } },
{ "type": "Feature", "properties": { "vote_count": 3, "source_tile": "K-35-052-4_32635_x3360_y2688.png" }, "geometry": { "type": "Point", "coordinates": [ 25.959134319067537, 42.370761352069394 ] } },
{ "type": "Feature", "properties": { "vote_count": 3, "source_tile": "K-35-053-3_Elenovo_x336_y2352.png" }, "geometry": { "type": "Point", "coordinates": [ 26.026251649654032, 42.380483710010438 ] } },
{ "type": "Feature", "properties": { "vote_count": 3, "source_tile": "K-35-053-3_Elenovo_x1344_y2016.png" }, "geometry": { "type": "Point", "coordinates": [ 26.0830407328971, 42.404498029627732 ] } },
{ "type": "Feature", "properties": { "vote_count": 3, "source_tile": "K-35-053-3_Elenovo_x1344_y2016.png" }, "geometry": { "type": "Point", "coordinates": [ 26.089332393794599, 42.402208097027881 ] } },
{ "type": "Feature", "properties": { "vote_count": 3, "source_tile": "K-35-053-3_Elenovo_x1344_y2016.png" }, "geometry": { "type": "Point", "coordinates": [ 26.096710075555567, 42.396016483719286 ] } },
{ "type": "Feature", "properties": { "vote_count": 3, "source_tile": "K-35-053-3_Elenovo_x1344_y2352.png" }, "geometry": { "type": "Point", "coordinates": [ 26.100812955225621, 42.388200061465206 ] } },
{ "type": "Feature", "properties": { "vote_count": 3, "source_tile": "K-35-053-3_Elenovo_x2688_y1680.png" }, "geometry": { "type": "Point", "coordinates": [ 26.166553877056145, 42.410659015586994 ] } },
{ "type": "Feature", "properties": { "vote_count": 2, "source_tile": "K-35-053-3_Elenovo_x2352_y0.png" }, "geometry": { "type": "Point", "coordinates": [ 26.142800508547065, 42.490916198277098 ] } },
{ "type": "Feature", "properties": { "vote_count": 3, "source_tile": "K-35-053-3_Elenovo_x3024_y1680.png" }, "geometry": { "type": "Point", "coordinates": [ 26.186317884954352, 42.419277016301706 ] } },
{ "type": "Feature", "properties": { "vote_count": 3, "source_tile": "K-35-053-3_Elenovo_x3360_y1680.png" }, "geometry": { "type": "Point", "coordinates": [ 26.204313104563774, 42.423017727593475 ] } },
{ "type": "Feature", "properties": { "vote_count": 3, "source_tile": "K-35-053-3_Elenovo_x3024_y1680.png" }, "geometry": { "type": "Point", "coordinates": [ 26.200222782566009, 42.416414300806032 ] } },
{ "type": "Feature", "properties": { "vote_count": 3, "source_tile": "K-35-053-3_Elenovo_x3024_y1680.png" }, "geometry": { "type": "Point", "coordinates": [ 26.196381391548652, 42.411439425267204 ] } },
{ "type": "Feature", "properties": { "vote_count": 3, "source_tile": "K-35-053-3_Elenovo_x3024_y2016.png" }, "geometry": { "type": "Point", "coordinates": [ 26.197013824360418, 42.407301501910709 ] } },
{ "type": "Feature", "properties": { "vote_count": 3, "source_tile": "K-35-053-3_Elenovo_x3024_y2016.png" }, "geometry": { "type": "Point", "coordinates": [ 26.198619988812123, 42.407316351102025 ] } },
{ "type": "Feature", "properties": { "vote_count": 3, "source_tile": "K-35-052-4_32635_x336_y3360.png" }, "geometry": { "type": "Point", "coordinates": [ 25.789154300393488, 42.341236255841302 ] } },
{ "type": "Feature", "properties": { "vote_count": 2, "source_tile": "K-35-053-3_Elenovo_x1680_y1680.png" }, "geometry": { "type": "Point", "coordinates": [ 26.0999984287795, 42.410581721474969 ] } },
{ "type": "Feature", "properties": { "vote_count": 1, "source_tile": "K-35-053-3_Elenovo_x2016_y1008.png" }, "geometry": { "type": "Point", "coordinates": [ 26.137369918759447, 42.450822572578595 ] } },
{ "type": "Feature", "properties": { "vote_count": 3, "source_tile": "K-35-053-3_Elenovo_x336_y0.png" }, "geometry": { "type": "Point", "coordinates": [ 26.036890835849331, 42.484951011035584 ] } },
{ "type": "Feature", "properties": { "vote_count": 3, "source_tile": "K-35-053-3_Elenovo_x672_y0.png" }, "geometry": { "type": "Point", "coordinates": [ 26.049546928154733, 42.486168404200626 ] } },
{ "type": "Feature", "properties": { "vote_count": 3, "source_tile": "K-35-053-3_Elenovo_x672_y336.png" }, "geometry": { "type": "Point", "coordinates": [ 26.05281099064857, 42.477341266123346 ] } },
{ "type": "Feature", "properties": { "vote_count": 3, "source_tile": "K-35-053-3_Elenovo_x672_y0.png" }, "geometry": { "type": "Point", "coordinates": [ 26.054181044342812, 42.484245689914957 ] } },
{ "type": "Feature", "properties": { "vote_count": 2, "source_tile": "K-35-052-4_32635_x336_y336.png" }, "geometry": { "type": "Point", "coordinates": [ 25.785489762418422, 42.483699306071834 ] } },
{ "type": "Feature", "properties": { "vote_count": 2, "source_tile": "K-35-052-4_32635_x672_y0.png" }, "geometry": { "type": "Point", "coordinates": [ 25.798553041907962, 42.484239842958182 ] } },
{ "type": "Feature", "properties": { "vote_count": 3, "source_tile": "K-35-053-3_Elenovo_x3024_y2016.png" }, "geometry": { "type": "Point", "coordinates": [ 26.186285187396845, 42.398367206161126 ] } },
{ "type": "Feature", "properties": { "vote_count": 3, "source_tile": "K-35-053-3_Elenovo_x3024_y2016.png" }, "geometry": { "type": "Point", "coordinates": [ 26.199497501467135, 42.405063171914051 ] } },
{ "type": "Feature", "properties": { "vote_count": 3, "source_tile": "K-35-053-3_Elenovo_x3360_y2016.png" }, "geometry": { "type": "Point", "coordinates": [ 26.205596718624072, 42.4017613922761 ] } },
{ "type": "Feature", "properties": { "vote_count": 3, "source_tile": "K-35-053-3_Elenovo_x3024_y2352.png" }, "geometry": { "type": "Point", "coordinates": [ 26.189186308384169, 42.387656449526546 ] } },
{ "type": "Feature", "properties": { "vote_count": 3, "source_tile": "K-35-053-3_Elenovo_x3024_y2352.png" }, "geometry": { "type": "Point", "coordinates": [ 26.191845457514155, 42.381157739254512 ] } },
{ "type": "Feature", "properties": { "vote_count": 3, "source_tile": "K-35-053-3_Elenovo_x3360_y2352.png" }, "geometry": { "type": "Point", "coordinates": [ 26.20632205023291, 42.383314902746321 ] } },
{ "type": "Feature", "properties": { "vote_count": 3, "source_tile": "K-35-052-4_32635_x0_y3024.png" }, "geometry": { "type": "Point", "coordinates": [ 25.757112352428901, 42.354877434621379 ] } },
{ "type": "Feature", "properties": { "vote_count": 3, "source_tile": "K-35-053-3_Elenovo_x2688_y1008.png" }, "geometry": { "type": "Point", "coordinates": [ 26.170246910821998, 42.453442545676296 ] } },
{ "type": "Feature", "properties": { "vote_count": 3, "source_tile": "K-35-053-3_Elenovo_x2688_y336.png" }, "geometry": { "type": "Point", "coordinates": [ 26.175854342157038, 42.473655310086038 ] } },
{ "type": "Feature", "properties": { "vote_count": 3, "source_tile": "K-35-053-3_Elenovo_x2688_y1680.png" }, "geometry": { "type": "Point", "coordinates": [ 26.17336761268189, 42.418131807162005 ] } },
{ "type": "Feature", "properties": { "vote_count": 2, "source_tile": "K-35-053-3_Elenovo_x3024_y1680.png" }, "geometry": { "type": "Point", "coordinates": [ 26.194436796704487, 42.412055287014041 ] } },
{ "type": "Feature", "properties": { "vote_count": 3, "source_tile": "K-35-053-3_Elenovo_x2016_y672.png" }, "geometry": { "type": "Point", "coordinates": [ 26.1403439307303, 42.463162615865777 ] } },
{ "type": "Feature", "properties": { "vote_count": 3, "source_tile": "K-35-053-3_Elenovo_x3360_y0.png" }, "geometry": { "type": "Point", "coordinates": [ 26.215497438363837, 42.493120373062176 ] } },
{ "type": "Feature", "properties": { "vote_count": 3, "source_tile": "K-35-062-2_Rakovski_x1344_y336.png" }, "geometry": { "type": "Point", "coordinates": [ 24.829066147493169, 42.318117096094149 ] } },
{ "type": "Feature", "properties": { "vote_count": 3, "source_tile": "K-35-062-2_Rakovski_x1008_y0.png" }, "geometry": { "type": "Point", "coordinates": [ 24.813835287314276, 42.320809903978954 ] } },
{ "type": "Feature", "properties": { "vote_count": 3, "source_tile": "K-35-053-3_Elenovo_x3360_y672.png" }, "geometry": { "type": "Point", "coordinates": [ 26.202906855407907, 42.468703770352633 ] } },
{ "type": "Feature", "properties": { "vote_count": 3, "source_tile": "K-35-053-3_Elenovo_x3360_y336.png" }, "geometry": { "type": "Point", "coordinates": [ 26.209695629195373, 42.481553104056353 ] } },
{ "type": "Feature", "properties": { "vote_count": 3, "source_tile": "K-35-053-3_Elenovo_x3360_y336.png" }, "geometry": { "type": "Point", "coordinates": [ 26.216495830675388, 42.481123576046244 ] } },
{ "type": "Feature", "properties": { "vote_count": 3, "source_tile": "K-35-062-2_Rakovski_x1008_y1680.png" }, "geometry": { "type": "Point", "coordinates": [ 24.823247390873863, 42.250934181103197 ] } },
{ "type": "Feature", "properties": { "vote_count": 3, "source_tile": "K-35-062-2_Rakovski_x1344_y2016.png" }, "geometry": { "type": "Point", "coordinates": [ 24.831862597999415, 42.241772927573408 ] } },
{ "type": "Feature", "properties": { "vote_count": 1, "source_tile": "K-35-053-3_Elenovo_x3360_y1680.png" }, "geometry": { "type": "Point", "coordinates": [ 26.203744277217353, 42.423001023872835 ] } },
{ "type": "Feature", "properties": { "vote_count": 3, "source_tile": "K-35-053-3_Elenovo_x3360_y1680.png" }, "geometry": { "type": "Point", "coordinates": [ 26.212500475673664, 42.417206781890378 ] } },
{ "type": "Feature", "properties": { "vote_count": 1, "source_tile": "K-35-053-3_Elenovo_x3360_y1680.png" }, "geometry": { "type": "Point", "coordinates": [ 26.218862843630664, 42.417344163129108 ] } },
{ "type": "Feature", "properties": { "vote_count": 3, "source_tile": "K-35-053-3_Elenovo_x3360_y1680.png" }, "geometry": { "type": "Point", "coordinates": [ 26.210122773918208, 42.41087510284958 ] } },
{ "type": "Feature", "properties": { "vote_count": 3, "source_tile": "K-35-053-3_Elenovo_x3360_y2016.png" }, "geometry": { "type": "Point", "coordinates": [ 26.214925870103787, 42.40874018289847 ] } },
{ "type": "Feature", "properties": { "vote_count": 3, "source_tile": "K-35-053-3_Elenovo_x1008_y3024.png" }, "geometry": { "type": "Point", "coordinates": [ 26.063249187065452, 42.360413677165745 ] } },
{ "type": "Feature", "properties": { "vote_count": 3, "source_tile": "K-35-053-3_Elenovo_x3360_y2352.png" }, "geometry": { "type": "Point", "coordinates": [ 26.2175591295507, 42.384114788826544 ] } },
{ "type": "Feature", "properties": { "vote_count": 3, "source_tile": "K-35-062-2_Rakovski_x1344_y0.png" }, "geometry": { "type": "Point", "coordinates": [ 24.844487519594328, 42.320422870004329 ] } },
{ "type": "Feature", "properties": { "vote_count": 3, "source_tile": "K-35-062-2_Rakovski_x1344_y0.png" }, "geometry": { "type": "Point", "coordinates": [ 24.846222879330448, 42.327538109454075 ] } },
{ "type": "Feature", "properties": { "vote_count": 3, "source_tile": "K-35-062-2_Rakovski_x1680_y1680.png" }, "geometry": { "type": "Point", "coordinates": [ 24.866239709451367, 42.246588406930016 ] } },
{ "type": "Feature", "properties": { "vote_count": 3, "source_tile": "K-35-053-3_Elenovo_x3360_y0.png" }, "geometry": { "type": "Point", "coordinates": [ 26.221738863566166, 42.489471278464777 ] } },
{ "type": "Feature", "properties": { "vote_count": 3, "source_tile": "K-35-062-2_Rakovski_x1680_y2016.png" }, "geometry": { "type": "Point", "coordinates": [ 24.860049138787591, 42.237326388945881 ] } },
{ "type": "Feature", "properties": { "vote_count": 3, "source_tile": "K-35-062-2_Rakovski_x1344_y1008.png" }, "geometry": { "type": "Point", "coordinates": [ 24.847139305926394, 42.280769703030487 ] } },
{ "type": "Feature", "properties": { "vote_count": 3, "source_tile": "K-35-062-2_Rakovski_x1680_y1008.png" }, "geometry": { "type": "Point", "coordinates": [ 24.848134073811984, 42.280040629837501 ] } },
{ "type": "Feature", "properties": { "vote_count": 3, "source_tile": "K-35-062-2_Rakovski_x1680_y1008.png" }, "geometry": { "type": "Point", "coordinates": [ 24.859695673879507, 42.280608536648593 ] } },
{ "type": "Feature", "properties": { "vote_count": 3, "source_tile": "K-35-053-3_Elenovo_x3360_y2016.png" }, "geometry": { "type": "Point", "coordinates": [ 26.221592377079443, 42.400860919571208 ] } },
{ "type": "Feature", "properties": { "vote_count": 3, "source_tile": "K-35-053-3_Elenovo_x3696_y2352.png" }, "geometry": { "type": "Point", "coordinates": [ 26.227351852664345, 42.392526112420271 ] } },
{ "type": "Feature", "properties": { "vote_count": 3, "source_tile": "K-35-062-2_Rakovski_x1680_y0.png" }, "geometry": { "type": "Point", "coordinates": [ 24.849176603161268, 42.32659995596935 ] } },
{ "type": "Feature", "properties": { "vote_count": 3, "source_tile": "K-35-062-2_Rakovski_x1680_y0.png" }, "geometry": { "type": "Point", "coordinates": [ 24.8522467378565, 42.326190366898068 ] } },
{ "type": "Feature", "properties": { "vote_count": 3, "source_tile": "K-35-062-2_Rakovski_x2016_y0.png" }, "geometry": { "type": "Point", "coordinates": [ 24.868958147520576, 42.325645353300573 ] } },
{ "type": "Feature", "properties": { "vote_count": 3, "source_tile": "K-35-062-2_Rakovski_x1680_y0.png" }, "geometry": { "type": "Point", "coordinates": [ 24.848521792006945, 42.321422865378622 ] } },
{ "type": "Feature", "properties": { "vote_count": 3, "source_tile": "K-35-053-3_Elenovo_x3360_y1680.png" }, "geometry": { "type": "Point", "coordinates": [ 26.219653476584828, 42.417226822428979 ] } },
{ "type": "Feature", "properties": { "vote_count": 3, "source_tile": "K-35-053-3_Elenovo_x3696_y336.png" }, "geometry": { "type": "Point", "coordinates": [ 26.225672545407754, 42.481786571041546 ] } },
{ "type": "Feature", "properties": { "vote_count": 2, "source_tile": "K-35-053-3_Elenovo_x3360_y336.png" }, "geometry": { "type": "Point", "coordinates": [ 26.22155070195965, 42.480731855216995 ] } },
{ "type": "Feature", "properties": { "vote_count": 3, "source_tile": "K-35-062-2_Rakovski_x0_y2352.png" }, "geometry": { "type": "Point", "coordinates": [ 24.750706449913686, 42.21595661273691 ] } },
{ "type": "Feature", "properties": { "vote_count": 3, "source_tile": "K-35-062-2_Rakovski_x0_y2352.png" }, "geometry": { "type": "Point", "coordinates": [ 24.748761916253095, 42.2132412866587 ] } },
{ "type": "Feature", "properties": { "vote_count": 3, "source_tile": "K-35-053-3_Elenovo_x3360_y1008.png" }, "geometry": { "type": "Point", "coordinates": [ 26.221518341115509, 42.452968440895667 ] } },
{ "type": "Feature", "properties": { "vote_count": 3, "source_tile": "K-35-053-3_Elenovo_x672_y2688.png" }, "geometry": { "type": "Point", "coordinates": [ 26.058951265941953, 42.372852807226643 ] } },
{ "type": "Feature", "properties": { "vote_count": 3, "source_tile": "K-35-053-3_Elenovo_x3696_y2688.png" }, "geometry": { "type": "Point", "coordinates": [ 26.228920812029227, 42.372495212915325 ] } },
{ "type": "Feature", "properties": { "vote_count": 3, "source_tile": "K-35-053-3_Elenovo_x3696_y3024.png" }, "geometry": { "type": "Point", "coordinates": [ 26.227113428312673, 42.36374345726658 ] } },
{ "type": "Feature", "properties": { "vote_count": 3, "source_tile": "K-35-062-2_Rakovski_x1344_y336.png" }, "geometry": { "type": "Point", "coordinates": [ 24.833572772686907, 42.315251153840926 ] } },
{ "type": "Feature", "properties": { "vote_count": 3, "source_tile": "K-35-062-2_Rakovski_x1344_y336.png" }, "geometry": { "type": "Point", "coordinates": [ 24.8336143946037, 42.312078717308694 ] } },
{ "type": "Feature", "properties": { "vote_count": 3, "source_tile": "K-35-062-2_Rakovski_x1344_y336.png" }, "geometry": { "type": "Point", "coordinates": [ 24.841831261977489, 42.312695101900566 ] } },
{ "type": "Feature", "properties": { "vote_count": 3, "source_tile": "K-35-062-2_Rakovski_x1344_y336.png" }, "geometry": { "type": "Point", "coordinates": [ 24.841153833958689, 42.312189872874413 ] } },
{ "type": "Feature", "properties": { "vote_count": 3, "source_tile": "K-35-062-2_Rakovski_x1680_y336.png" }, "geometry": { "type": "Point", "coordinates": [ 24.847857921500104, 42.308607290796225 ] } },
{ "type": "Feature", "properties": { "vote_count": 3, "source_tile": "K-35-062-2_Rakovski_x1344_y336.png" }, "geometry": { "type": "Point", "coordinates": [ 24.843082389183369, 42.305932516559992 ] } },
{ "type": "Feature", "properties": { "vote_count": 3, "source_tile": "K-35-053-3_Elenovo_x1008_y2016.png" }, "geometry": { "type": "Point", "coordinates": [ 26.075085353588879, 42.397400498435807 ] } },
{ "type": "Feature", "properties": { "vote_count": 3, "source_tile": "K-35-053-3_Elenovo_x3360_y336.png" }, "geometry": { "type": "Point", "coordinates": [ 26.221871669425706, 42.480776146138787 ] } },
{ "type": "Feature", "properties": { "vote_count": 3, "source_tile": "K-35-052-4_32635_x4032_y1008.png" }, "geometry": { "type": "Point", "coordinates": [ 26.004122429225362, 42.452473963023458 ] } },
{ "type": "Feature", "properties": { "vote_count": 3, "source_tile": "K-35-052-4_32635_x4032_y1680.png" }, "geometry": { "type": "Point", "coordinates": [ 26.002969683355843, 42.413281565262764 ] } },
{ "type": "Feature", "properties": { "vote_count": 3, "source_tile": "K-35-053-3_Elenovo_x0_y1680.png" }, "geometry": { "type": "Point", "coordinates": [ 26.004827549858305, 42.413095574502115 ] } },
{ "type": "Feature", "properties": { "vote_count": 1, "source_tile": "K-35-053-3_Elenovo_x0_y1680.png" }, "geometry": { "type": "Point", "coordinates": [ 26.005372902981112, 42.413108970794603 ] } },
{ "type": "Feature", "properties": { "vote_count": 3, "source_tile": "K-35-053-3_Elenovo_x3696_y2016.png" }, "geometry": { "type": "Point", "coordinates": [ 26.230009598277007, 42.408197098533392 ] } },
{ "type": "Feature", "properties": { "vote_count": 3, "source_tile": "K-35-053-3_Elenovo_x1008_y0.png" }, "geometry": { "type": "Point", "coordinates": [ 26.077347173015458, 42.49754178739677 ] } },
{ "type": "Feature", "properties": { "vote_count": 3, "source_tile": "K-35-053-3_Elenovo_x1008_y0.png" }, "geometry": { "type": "Point", "coordinates": [ 26.07100764328667, 42.492567190571265 ] } },
{ "type": "Feature", "properties": { "vote_count": 3, "source_tile": "K-35-053-3_Elenovo_x1008_y336.png" }, "geometry": { "type": "Point", "coordinates": [ 26.076621630046965, 42.483930939301196 ] } },
{ "type": "Feature", "properties": { "vote_count": 3, "source_tile": "K-35-062-2_Rakovski_x2352_y1344.png" }, "geometry": { "type": "Point", "coordinates": [ 24.902592547520154, 42.259793917119389 ] } },
{ "type": "Feature", "properties": { "vote_count": 3, "source_tile": "K-35-062-2_Rakovski_x2352_y1680.png" }, "geometry": { "type": "Point", "coordinates": [ 24.904327955541607, 42.258042319987027 ] } },
{ "type": "Feature", "properties": { "vote_count": 3, "source_tile": "K-35-062-2_Rakovski_x2352_y1680.png" }, "geometry": { "type": "Point", "coordinates": [ 24.908000692507855, 42.256784553051233 ] } },
{ "type": "Feature", "properties": { "vote_count": 2, "source_tile": "K-35-053-3_Elenovo_x1344_y2688.png" }, "geometry": { "type": "Point", "coordinates": [ 26.099470131181892, 42.37763219517354 ] } },
{ "type": "Feature", "properties": { "vote_count": 3, "source_tile": "K-35-053-3_Elenovo_x1008_y3360.png" }, "geometry": { "type": "Point", "coordinates": [ 26.080399838332099, 42.346919048460769 ] } },
{ "type": "Feature", "properties": { "vote_count": 2, "source_tile": "K-35-062-2_Rakovski_x1680_y0.png" }, "geometry": { "type": "Point", "coordinates": [ 24.85253317926912, 42.326020729634884 ] } },
{ "type": "Feature", "properties": { "vote_count": 3, "source_tile": "K-35-062-2_Rakovski_x1680_y336.png" }, "geometry": { "type": "Point", "coordinates": [ 24.849925044694416, 42.314813484646756 ] } },
{ "type": "Feature", "properties": { "vote_count": 3, "source_tile": "K-35-062-2_Rakovski_x1680_y336.png" }, "geometry": { "type": "Point", "coordinates": [ 24.855987145757453, 42.311296773517554 ] } },
{ "type": "Feature", "properties": { "vote_count": 3, "source_tile": "K-35-053-3_Elenovo_x1008_y3360.png" }, "geometry": { "type": "Point", "coordinates": [ 26.075498587569943, 42.346933054211142 ] } },
{ "type": "Feature", "properties": { "vote_count": 3, "source_tile": "K-35-053-3_Elenovo_x1008_y3360.png" }, "geometry": { "type": "Point", "coordinates": [ 26.080071523910174, 42.346875987039191 ] } },
{ "type": "Feature", "properties": { "vote_count": 3, "source_tile": "K-35-053-3_Elenovo_x3696_y2688.png" }, "geometry": { "type": "Point", "coordinates": [ 26.232931654466022, 42.370079136121902 ] } },
{ "type": "Feature", "properties": { "vote_count": 3, "source_tile": "K-35-053-3_Elenovo_x3696_y2688.png" }, "geometry": { "type": "Point", "coordinates": [ 26.233363892170782, 42.368780221874189 ] } },
{ "type": "Feature", "properties": { "vote_count": 3, "source_tile": "K-35-053-3_Elenovo_x3696_y3024.png" }, "geometry": { "type": "Point", "coordinates": [ 26.23962034106842, 42.359075391667261 ] } },
{ "type": "Feature", "properties": { "vote_count": 3, "source_tile": "K-35-053-3_Elenovo_x3696_y2688.png" }, "geometry": { "type": "Point", "coordinates": [ 26.241063129821196, 42.3681963362828 ] } },
{ "type": "Feature", "properties": { "vote_count": 3, "source_tile": "K-35-053-3_Elenovo_x3696_y3024.png" }, "geometry": { "type": "Point", "coordinates": [ 26.243001331355842, 42.362934785308873 ] } },
{ "type": "Feature", "properties": { "vote_count": 3, "source_tile": "K-35-053-3_Elenovo_x3696_y2688.png" }, "geometry": { "type": "Point", "coordinates": [ 26.237580817566347, 42.372702568218727 ] } },
{ "type": "Feature", "properties": { "vote_count": 3, "source_tile": "K-35-053-3_Elenovo_x3696_y2688.png" }, "geometry": { "type": "Point", "coordinates": [ 26.241333929802021, 42.368992242753073 ] } },
{ "type": "Feature", "properties": { "vote_count": 3, "source_tile": "K-35-053-3_Elenovo_x3696_y672.png" }, "geometry": { "type": "Point", "coordinates": [ 26.232077606979157, 42.46822866740505 ] } },
{ "type": "Feature", "properties": { "vote_count": 3, "source_tile": "K-35-053-3_Elenovo_x3696_y672.png" }, "geometry": { "type": "Point", "coordinates": [ 26.233884285818778, 42.464962566206559 ] } },
{ "type": "Feature", "properties": { "vote_count": 2, "source_tile": "K-35-052-4_32635_x672_y1008.png" }, "geometry": { "type": "Point", "coordinates": [ 25.803924907991963, 42.448924281803933 ] } },
{ "type": "Feature", "properties": { "vote_count": 2, "source_tile": "K-35-053-3_Elenovo_x3696_y2352.png" }, "geometry": { "type": "Point", "coordinates": [ 26.227652444335259, 42.392527897317876 ] } },
{ "type": "Feature", "properties": { "vote_count": 3, "source_tile": "K-35-053-3_Elenovo_x3696_y2352.png" }, "geometry": { "type": "Point", "coordinates": [ 26.230910427892763, 42.390114045994501 ] } },
{ "type": "Feature", "properties": { "vote_count": 3, "source_tile": "K-35-053-3_Elenovo_x3696_y2352.png" }, "geometry": { "type": "Point", "coordinates": [ 26.231186121773039, 42.390186643293013 ] } },
{ "type": "Feature", "properties": { "vote_count": 3, "source_tile": "K-35-053-3_Elenovo_x3696_y2352.png" }, "geometry": { "type": "Point", "coordinates": [ 26.241754438247032, 42.391899396715836 ] } },
{ "type": "Feature", "properties": { "vote_count": 3, "source_tile": "K-35-053-3_Elenovo_x3696_y2352.png" }, "geometry": { "type": "Point", "coordinates": [ 26.231914863050175, 42.384518684707643 ] } },
{ "type": "Feature", "properties": { "vote_count": 3, "source_tile": "K-35-053-3_Elenovo_x3696_y2352.png" }, "geometry": { "type": "Point", "coordinates": [ 26.236213223170651, 42.381755015533571 ] } },
{ "type": "Feature", "properties": { "vote_count": 3, "source_tile": "K-35-053-3_Elenovo_x4032_y1680.png" }, "geometry": { "type": "Point", "coordinates": [ 26.247771793006283, 42.409706886110428 ] } },
{ "type": "Feature", "properties": { "vote_count": 3, "source_tile": "K-35-053-3_Elenovo_x4032_y2016.png" }, "geometry": { "type": "Point", "coordinates": [ 26.248207451156421, 42.405964678232962 ] } },
{ "type": "Feature", "properties": { "vote_count": 3, "source_tile": "K-35-053-3_Elenovo_x4032_y2016.png" }, "geometry": { "type": "Point", "coordinates": [ 26.246953982109009, 42.402986963193278 ] } },
{ "type": "Feature", "properties": { "vote_count": 3, "source_tile": "K-35-053-3_Elenovo_x4032_y2016.png" }, "geometry": { "type": "Point", "coordinates": [ 26.247369213209438, 42.402393385967578 ] } },
{ "type": "Feature", "properties": { "vote_count": 3, "source_tile": "K-35-062-2_Rakovski_x1680_y672.png" }, "geometry": { "type": "Point", "coordinates": [ 24.85476259525365, 42.303347293917078 ] } },
{ "type": "Feature", "properties": { "vote_count": 3, "source_tile": "K-35-062-2_Rakovski_x1680_y672.png" }, "geometry": { "type": "Point", "coordinates": [ 24.855679747751754, 42.300101308691758 ] } },
{ "type": "Feature", "properties": { "vote_count": 3, "source_tile": "K-35-062-2_Rakovski_x0_y1008.png" }, "geometry": { "type": "Point", "coordinates": [ 24.759784907048846, 42.271806371940464 ] } },
{ "type": "Feature", "properties": { "vote_count": 3, "source_tile": "K-35-062-2_Rakovski_x0_y1344.png" }, "geometry": { "type": "Point", "coordinates": [ 24.76585580050202, 42.269936161150461 ] } },
{ "type": "Feature", "properties": { "vote_count": 3, "source_tile": "K-35-062-2_Rakovski_x336_y1344.png" }, "geometry": { "type": "Point", "coordinates": [ 24.778137523887377, 42.267419623757675 ] } },
{ "type": "Feature", "properties": { "vote_count": 3, "source_tile": "K-35-062-2_Rakovski_x336_y1344.png" }, "geometry": { "type": "Point", "coordinates": [ 24.776142357049064, 42.268394084948014 ] } },
{ "type": "Feature", "properties": { "vote_count": 3, "source_tile": "K-35-062-2_Rakovski_x336_y1344.png" }, "geometry": { "type": "Point", "coordinates": [ 24.773484719475043, 42.266695134568451 ] } },
{ "type": "Feature", "properties": { "vote_count": 3, "source_tile": "K-35-062-2_Rakovski_x336_y1344.png" }, "geometry": { "type": "Point", "coordinates": [ 24.777878493371471, 42.26323665498429 ] } },
{ "type": "Feature", "properties": { "vote_count": 3, "source_tile": "K-35-062-2_Rakovski_x336_y1344.png" }, "geometry": { "type": "Point", "coordinates": [ 24.775060489790651, 42.256737171724893 ] } },
{ "type": "Feature", "properties": { "vote_count": 3, "source_tile": "K-35-062-2_Rakovski_x336_y1344.png" }, "geometry": { "type": "Point", "coordinates": [ 24.771093408220484, 42.255830881498319 ] } },
{ "type": "Feature", "properties": { "vote_count": 3, "source_tile": "K-35-062-2_Rakovski_x0_y1344.png" }, "geometry": { "type": "Point", "coordinates": [ 24.763431440609246, 42.261234091271803 ] } },
{ "type": "Feature", "properties": { "vote_count": 3, "source_tile": "K-35-062-2_Rakovski_x0_y1344.png" }, "geometry": { "type": "Point", "coordinates": [ 24.764302157217791, 42.261884565603964 ] } },
{ "type": "Feature", "properties": { "vote_count": 3, "source_tile": "K-35-053-3_Elenovo_x4032_y3024.png" }, "geometry": { "type": "Point", "coordinates": [ 26.245594648426561, 42.358700474230957 ] } },
{ "type": "Feature", "properties": { "vote_count": 3, "source_tile": "K-35-053-3_Elenovo_x672_y2016.png" }, "geometry": { "type": "Point", "coordinates": [ 26.040053037648423, 42.403736056679399 ] } },
{ "type": "Feature", "properties": { "vote_count": 3, "source_tile": "K-35-053-3_Elenovo_x672_y2016.png" }, "geometry": { "type": "Point", "coordinates": [ 26.040377690576509, 42.399371192963415 ] } },
{ "type": "Feature", "properties": { "vote_count": 3, "source_tile": "K-35-053-3_Elenovo_x336_y2352.png" }, "geometry": { "type": "Point", "coordinates": [ 26.034135731871999, 42.39025801385862 ] } },
{ "type": "Feature", "properties": { "vote_count": 3, "source_tile": "K-35-053-3_Elenovo_x336_y2352.png" }, "geometry": { "type": "Point", "coordinates": [ 26.0396388591214, 42.389952675191672 ] } },
{ "type": "Feature", "properties": { "vote_count": 3, "source_tile": "K-35-053-3_Elenovo_x672_y2352.png" }, "geometry": { "type": "Point", "coordinates": [ 26.041137205737826, 42.384286625193226 ] } },
{ "type": "Feature", "properties": { "vote_count": 3, "source_tile": "K-35-053-3_Elenovo_x672_y2688.png" }, "geometry": { "type": "Point", "coordinates": [ 26.040528883348706, 42.371476888550866 ] } },
{ "type": "Feature", "properties": { "vote_count": 2, "source_tile": "K-35-062-2_Rakovski_x0_y672.png" }, "geometry": { "type": "Point", "coordinates": [ 24.760114482291108, 42.301387840435027 ] } },
{ "type": "Feature", "properties": { "vote_count": 2, "source_tile": "K-35-062-2_Rakovski_x336_y672.png" }, "geometry": { "type": "Point", "coordinates": [ 24.771126748563752, 42.30187369449834 ] } },
{ "type": "Feature", "properties": { "vote_count": 3, "source_tile": "K-35-062-2_Rakovski_x336_y672.png" }, "geometry": { "type": "Point", "coordinates": [ 24.770438144484498, 42.300655665853149 ] } },
{ "type": "Feature", "properties": { "vote_count": 2, "source_tile": "K-35-062-2_Rakovski_x336_y336.png" }, "geometry": { "type": "Point", "coordinates": [ 24.775386043871212, 42.305904881202856 ] } },
{ "type": "Feature", "properties": { "vote_count": 3, "source_tile": "K-35-062-2_Rakovski_x336_y672.png" }, "geometry": { "type": "Point", "coordinates": [ 24.77663086193801, 42.300426815828502 ] } },
{ "type": "Feature", "properties": { "vote_count": 3, "source_tile": "K-35-053-3_Elenovo_x4032_y2352.png" }, "geometry": { "type": "Point", "coordinates": [ 26.245174763728748, 42.390600134141252 ] } },
{ "type": "Feature", "properties": { "vote_count": 3, "source_tile": "K-35-053-3_Elenovo_x3696_y2352.png" }, "geometry": { "type": "Point", "coordinates": [ 26.231566316983404, 42.390314806298214 ] } },
{ "type": "Feature", "properties": { "vote_count": 3, "source_tile": "K-35-053-3_Elenovo_x1344_y2352.png" }, "geometry": { "type": "Point", "coordinates": [ 26.100135692071767, 42.388162982873936 ] } },
{ "type": "Feature", "properties": { "vote_count": 3, "source_tile": "K-35-053-3_Elenovo_x336_y336.png" }, "geometry": { "type": "Point", "coordinates": [ 26.034016242640618, 42.471337680619826 ] } },
{ "type": "Feature", "properties": { "vote_count": 3, "source_tile": "K-35-052-4_32635_x4032_y336.png" }, "geometry": { "type": "Point", "coordinates": [ 26.002683662243061, 42.479125763331133 ] } },
{ "type": "Feature", "properties": { "vote_count": 2, "source_tile": "K-35-053-3_Elenovo_x4032_y2016.png" }, "geometry": { "type": "Point", "coordinates": [ 26.247672871973606, 42.40591978120878 ] } },
{ "type": "Feature", "properties": { "vote_count": 1, "source_tile": "K-35-053-3_Elenovo_x4032_y3024.png" }, "geometry": { "type": "Point", "coordinates": [ 26.248135427159198, 42.363742470317526 ] } },
{ "type": "Feature", "properties": { "vote_count": 3, "source_tile": "K-35-053-3_Elenovo_x4032_y3024.png" }, "geometry": { "type": "Point", "coordinates": [ 26.247801295931112, 42.354540088705193 ] } },
{ "type": "Feature", "properties": { "vote_count": 3, "source_tile": "K-35-053-3_Elenovo_x672_y672.png" }, "geometry": { "type": "Point", "coordinates": [ 26.043893688758025, 42.45431131399841 ] } },
{ "type": "Feature", "properties": { "vote_count": 3, "source_tile": "K-35-053-3_Elenovo_x1008_y2016.png" }, "geometry": { "type": "Point", "coordinates": [ 26.075383505482137, 42.405618296906361 ] } },
{ "type": "Feature", "properties": { "vote_count": 3, "source_tile": "K-35-053-3_Elenovo_x1008_y0.png" }, "geometry": { "type": "Point", "coordinates": [ 26.058943515728853, 42.499051073368179 ] } },
{ "type": "Feature", "properties": { "vote_count": 3, "source_tile": "K-35-053-3_Elenovo_x672_y336.png" }, "geometry": { "type": "Point", "coordinates": [ 26.048227293666354, 42.473490908887086 ] } },
{ "type": "Feature", "properties": { "vote_count": 3, "source_tile": "K-35-053-3_Elenovo_x336_y2688.png" }, "geometry": { "type": "Point", "coordinates": [ 26.036544680211676, 42.365700614233347 ] } },
{ "type": "Feature", "properties": { "vote_count": 3, "source_tile": "K-35-053-3_Elenovo_x672_y2016.png" }, "geometry": { "type": "Point", "coordinates": [ 26.05062930480009, 42.401002750203418 ] } },
{ "type": "Feature", "properties": { "vote_count": 3, "source_tile": "K-35-062-2_Rakovski_x1344_y1344.png" }, "geometry": { "type": "Point", "coordinates": [ 24.842412992500222, 42.271788820373544 ] } },
{ "type": "Feature", "properties": { "vote_count": 3, "source_tile": "K-35-062-2_Rakovski_x1344_y1344.png" }, "geometry": { "type": "Point", "coordinates": [ 24.834506850443141, 42.265864553825025 ] } },
{ "type": "Feature", "properties": { "vote_count": 3, "source_tile": "K-35-062-2_Rakovski_x0_y0.png" }, "geometry": { "type": "Point", "coordinates": [ 24.748938273165596, 42.322614072090829 ] } },
{ "type": "Feature", "properties": { "vote_count": 3, "source_tile": "K-35-053-3_Elenovo_x4032_y3024.png" }, "geometry": { "type": "Point", "coordinates": [ 26.247891595428779, 42.353742233285381 ] } },
{ "type": "Feature", "properties": { "vote_count": 3, "source_tile": "K-35-053-3_Elenovo_x4032_y3024.png" }, "geometry": { "type": "Point", "coordinates": [ 26.2465019562705, 42.35176586608975 ] } },
{ "type": "Feature", "properties": { "vote_count": 3, "source_tile": "K-35-053-3_Elenovo_x4032_y3024.png" }, "geometry": { "type": "Point", "coordinates": [ 26.248064170852924, 42.351512619860976 ] } },
{ "type": "Feature", "properties": { "vote_count": 3, "source_tile": "K-35-053-3_Elenovo_x4032_y3024.png" }, "geometry": { "type": "Point", "coordinates": [ 26.247098102514855, 42.351234836538595 ] } },
{ "type": "Feature", "properties": { "vote_count": 3, "source_tile": "K-35-053-3_Elenovo_x3696_y3024.png" }, "geometry": { "type": "Point", "coordinates": [ 26.243690597918619, 42.351241286785239 ] } },
{ "type": "Feature", "properties": { "vote_count": 1, "source_tile": "K-35-053-3_Elenovo_x3696_y3024.png" }, "geometry": { "type": "Point", "coordinates": [ 26.243690013030541, 42.350640641988647 ] } },
{ "type": "Feature", "properties": { "vote_count": 3, "source_tile": "K-35-062-2_Rakovski_x2016_y2016.png" }, "geometry": { "type": "Point", "coordinates": [ 24.871122338477285, 42.239716508611451 ] } },
{ "type": "Feature", "properties": { "vote_count": 3, "source_tile": "K-35-062-2_Rakovski_x0_y1344.png" }, "geometry": { "type": "Point", "coordinates": [ 24.751245769175679, 42.258301197691978 ] } },
{ "type": "Feature", "properties": { "vote_count": 3, "source_tile": "K-35-062-2_Rakovski_x1008_y1008.png" }, "geometry": { "type": "Point", "coordinates": [ 24.824194210830388, 42.272744718120641 ] } },
{ "type": "Feature", "properties": { "vote_count": 3, "source_tile": "K-35-062-2_Rakovski_x1008_y1344.png" }, "geometry": { "type": "Point", "coordinates": [ 24.825704767586235, 42.271546170750725 ] } },
{ "type": "Feature", "properties": { "vote_count": 1, "source_tile": "K-35-062-2_Rakovski_x1008_y1680.png" }, "geometry": { "type": "Point", "coordinates": [ 24.823300224019025, 42.249237914194197 ] } },
{ "type": "Feature", "properties": { "vote_count": 3, "source_tile": "K-35-062-2_Rakovski_x2016_y336.png" }, "geometry": { "type": "Point", "coordinates": [ 24.871020479397842, 42.30645266476467 ] } },
{ "type": "Feature", "properties": { "vote_count": 3, "source_tile": "K-35-062-2_Rakovski_x2016_y336.png" }, "geometry": { "type": "Point", "coordinates": [ 24.868873319105653, 42.304660543104873 ] } },
{ "type": "Feature", "properties": { "vote_count": 3, "source_tile": "K-35-062-2_Rakovski_x1680_y672.png" }, "geometry": { "type": "Point", "coordinates": [ 24.866408659602566, 42.302782923978924 ] } },
{ "type": "Feature", "properties": { "vote_count": 3, "source_tile": "K-35-062-2_Rakovski_x1680_y672.png" }, "geometry": { "type": "Point", "coordinates": [ 24.865586149067703, 42.299851098230164 ] } },
{ "type": "Feature", "properties": { "vote_count": 3, "source_tile": "K-35-062-2_Rakovski_x1680_y672.png" }, "geometry": { "type": "Point", "coordinates": [ 24.866946656993477, 42.298765646206128 ] } },
{ "type": "Feature", "properties": { "vote_count": 3, "source_tile": "K-35-062-2_Rakovski_x2016_y0.png" }, "geometry": { "type": "Point", "coordinates": [ 24.873156636882982, 42.323278333872111 ] } },
{ "type": "Feature", "properties": { "vote_count": 3, "source_tile": "K-35-062-2_Rakovski_x2016_y0.png" }, "geometry": { "type": "Point", "coordinates": [ 24.872569197401759, 42.321422409293021 ] } },
{ "type": "Feature", "properties": { "vote_count": 3, "source_tile": "K-35-062-2_Rakovski_x2016_y336.png" }, "geometry": { "type": "Point", "coordinates": [ 24.880966145742114, 42.318957704175524 ] } },
{ "type": "Feature", "properties": { "vote_count": 3, "source_tile": "K-35-062-2_Rakovski_x0_y672.png" }, "geometry": { "type": "Point", "coordinates": [ 24.761880099577084, 42.289950875196602 ] } },
{ "type": "Feature", "properties": { "vote_count": 3, "source_tile": "K-35-062-2_Rakovski_x0_y1008.png" }, "geometry": { "type": "Point", "coordinates": [ 24.762014826232502, 42.283061800800319 ] } },
{ "type": "Feature", "properties": { "vote_count": 3, "source_tile": "K-35-062-2_Rakovski_x2016_y2016.png" }, "geometry": { "type": "Point", "coordinates": [ 24.870750899253416, 42.239591011134763 ] } },
{ "type": "Feature", "properties": { "vote_count": 3, "source_tile": "K-35-062-2_Rakovski_x2016_y2016.png" }, "geometry": { "type": "Point", "coordinates": [ 24.87765467757303, 42.230887186855831 ] } },
{ "type": "Feature", "properties": { "vote_count": 3, "source_tile": "K-35-062-2_Rakovski_x2016_y2352.png" }, "geometry": { "type": "Point", "coordinates": [ 24.882951478723982, 42.226685622538362 ] } },
{ "type": "Feature", "properties": { "vote_count": 3, "source_tile": "K-35-062-2_Rakovski_x1008_y336.png" }, "geometry": { "type": "Point", "coordinates": [ 24.823639795237838, 42.307907078105082 ] } },
{ "type": "Feature", "properties": { "vote_count": 3, "source_tile": "K-35-062-2_Rakovski_x1008_y336.png" }, "geometry": { "type": "Point", "coordinates": [ 24.819746800844239, 42.306660912896326 ] } },
{ "type": "Feature", "properties": { "vote_count": 3, "source_tile": "K-35-062-2_Rakovski_x2352_y2352.png" }, "geometry": { "type": "Point", "coordinates": [ 24.891203222581741, 42.227427798707851 ] } },
{ "type": "Feature", "properties": { "vote_count": 3, "source_tile": "K-35-062-2_Rakovski_x2352_y2352.png" }, "geometry": { "type": "Point", "coordinates": [ 24.892533968662526, 42.227584607294069 ] } },
{ "type": "Feature", "properties": { "vote_count": 3, "source_tile": "K-35-062-2_Rakovski_x2352_y2352.png" }, "geometry": { "type": "Point", "coordinates": [ 24.892397033178845, 42.220997611291246 ] } },
{ "type": "Feature", "properties": { "vote_count": 3, "source_tile": "K-35-062-2_Rakovski_x2352_y2688.png" }, "geometry": { "type": "Point", "coordinates": [ 24.898321409202619, 42.203226620877615 ] } },
{ "type": "Feature", "properties": { "vote_count": 3, "source_tile": "K-35-053-3_Elenovo_x672_y2016.png" }, "geometry": { "type": "Point", "coordinates": [ 26.043264368998212, 42.405544587848027 ] } },
{ "type": "Feature", "properties": { "vote_count": 3, "source_tile": "K-35-062-2_Rakovski_x1008_y1008.png" }, "geometry": { "type": "Point", "coordinates": [ 24.823695709973421, 42.273846757220269 ] } },
{ "type": "Feature", "properties": { "vote_count": 3, "source_tile": "K-35-062-2_Rakovski_x2352_y2016.png" }, "geometry": { "type": "Point", "coordinates": [ 24.897061695320069, 42.234610185910476 ] } },
{ "type": "Feature", "properties": { "vote_count": 3, "source_tile": "K-35-053-3_Elenovo_x672_y3024.png" }, "geometry": { "type": "Point", "coordinates": [ 26.042134251008559, 42.358281362611159 ] } },
{ "type": "Feature", "properties": { "vote_count": 3, "source_tile": "K-35-053-3_Elenovo_x336_y3024.png" }, "geometry": { "type": "Point", "coordinates": [ 26.038649666900067, 42.356997499950872 ] } },
{ "type": "Feature", "properties": { "vote_count": 3, "source_tile": "K-35-053-3_Elenovo_x336_y1680.png" }, "geometry": { "type": "Point", "coordinates": [ 26.035240412185132, 42.415709012583569 ] } },
{ "type": "Feature", "properties": { "vote_count": 3, "source_tile": "K-35-062-2_Rakovski_x2016_y672.png" }, "geometry": { "type": "Point", "coordinates": [ 24.884110294264641, 42.296306082559596 ] } },
{ "type": "Feature", "properties": { "vote_count": 3, "source_tile": "K-35-062-2_Rakovski_x2016_y672.png" }, "geometry": { "type": "Point", "coordinates": [ 24.885015009852069, 42.297098010114595 ] } },
{ "type": "Feature", "properties": { "vote_count": 3, "source_tile": "K-35-062-2_Rakovski_x3024_y2016.png" }, "geometry": { "type": "Point", "coordinates": [ 24.950694951256036, 42.24444963570663 ] } },
{ "type": "Feature", "properties": { "vote_count": 3, "source_tile": "K-35-053-3_Elenovo_x672_y2352.png" }, "geometry": { "type": "Point", "coordinates": [ 26.044981413840581, 42.392591150830405 ] } },
{ "type": "Feature", "properties": { "vote_count": 3, "source_tile": "K-35-053-3_Elenovo_x672_y2352.png" }, "geometry": { "type": "Point", "coordinates": [ 26.050481510278949, 42.390623416479329 ] } },
{ "type": "Feature", "properties": { "vote_count": 3, "source_tile": "K-35-053-3_Elenovo_x672_y2352.png" }, "geometry": { "type": "Point", "coordinates": [ 26.052034582946025, 42.391028992106058 ] } },
{ "type": "Feature", "properties": { "vote_count": 3, "source_tile": "K-35-053-3_Elenovo_x672_y2352.png" }, "geometry": { "type": "Point", "coordinates": [ 26.047332086700941, 42.38857808797956 ] } },
{ "type": "Feature", "properties": { "vote_count": 3, "source_tile": "K-35-053-3_Elenovo_x672_y2352.png" }, "geometry": { "type": "Point", "coordinates": [ 26.048233821763127, 42.388559589129024 ] } },
{ "type": "Feature", "properties": { "vote_count": 3, "source_tile": "K-35-053-3_Elenovo_x672_y2352.png" }, "geometry": { "type": "Point", "coordinates": [ 26.047306722375279, 42.38772240654481 ] } },
{ "type": "Feature", "properties": { "vote_count": 3, "source_tile": "K-35-053-3_Elenovo_x672_y2352.png" }, "geometry": { "type": "Point", "coordinates": [ 26.045851907407695, 42.387137827530694 ] } },
{ "type": "Feature", "properties": { "vote_count": 3, "source_tile": "K-35-053-3_Elenovo_x672_y2352.png" }, "geometry": { "type": "Point", "coordinates": [ 26.046856904095986, 42.387008301869891 ] } },
{ "type": "Feature", "properties": { "vote_count": 3, "source_tile": "K-35-062-2_Rakovski_x2352_y2016.png" }, "geometry": { "type": "Point", "coordinates": [ 24.901620376280722, 42.231863941350987 ] } },
{ "type": "Feature", "properties": { "vote_count": 2, "source_tile": "K-35-053-3_Elenovo_x2352_y672.png" }, "geometry": { "type": "Point", "coordinates": [ 26.160963359399325, 42.456585296486445 ] } },
{ "type": "Feature", "properties": { "vote_count": 3, "source_tile": "K-35-062-2_Rakovski_x2352_y2688.png" }, "geometry": { "type": "Point", "coordinates": [ 24.90724836768263, 42.202835702861073 ] } },
{ "type": "Feature", "properties": { "vote_count": 3, "source_tile": "K-35-062-2_Rakovski_x2352_y2016.png" }, "geometry": { "type": "Point", "coordinates": [ 24.90195472955973, 42.231562471295938 ] } },
{ "type": "Feature", "properties": { "vote_count": 3, "source_tile": "K-35-062-2_Rakovski_x2688_y1344.png" }, "geometry": { "type": "Point", "coordinates": [ 24.914551178298041, 42.268007427731959 ] } },
{ "type": "Feature", "properties": { "vote_count": 3, "source_tile": "K-35-062-2_Rakovski_x2688_y1344.png" }, "geometry": { "type": "Point", "coordinates": [ 24.915601339422373, 42.267576716118541 ] } },
{ "type": "Feature", "properties": { "vote_count": 3, "source_tile": "K-35-062-2_Rakovski_x2352_y2688.png" }, "geometry": { "type": "Point", "coordinates": [ 24.901579751025835, 42.205891894003756 ] } },
{ "type": "Feature", "properties": { "vote_count": 3, "source_tile": "K-35-062-2_Rakovski_x2688_y1344.png" }, "geometry": { "type": "Point", "coordinates": [ 24.917898812674842, 42.26359403378698 ] } },
{ "type": "Feature", "properties": { "vote_count": 3, "source_tile": "K-35-062-2_Rakovski_x2016_y1008.png" }, "geometry": { "type": "Point", "coordinates": [ 24.875068639381901, 42.278468314190086 ] } },
{ "type": "Feature", "properties": { "vote_count": 3, "source_tile": "K-35-062-2_Rakovski_x0_y336.png" }, "geometry": { "type": "Point", "coordinates": [ 24.760080883424344, 42.301804204531621 ] } },
{ "type": "Feature", "properties": { "vote_count": 3, "source_tile": "K-35-062-2_Rakovski_x2688_y0.png" }, "geometry": { "type": "Point", "coordinates": [ 24.912036769221888, 42.321843230374647 ] } },
{ "type": "Feature", "properties": { "vote_count": 3, "source_tile": "K-35-062-2_Rakovski_x2688_y336.png" }, "geometry": { "type": "Point", "coordinates": [ 24.917072671270571, 42.316474978684091 ] } },
{ "type": "Feature", "properties": { "vote_count": 3, "source_tile": "K-35-062-2_Rakovski_x2688_y336.png" }, "geometry": { "type": "Point", "coordinates": [ 24.9165401214801, 42.312534186166985 ] } },
{ "type": "Feature", "properties": { "vote_count": 3, "source_tile": "K-35-062-2_Rakovski_x336_y336.png" }, "geometry": { "type": "Point", "coordinates": [ 24.775032193083518, 42.305919948649226 ] } },
{ "type": "Feature", "properties": { "vote_count": 3, "source_tile": "K-35-062-2_Rakovski_x336_y672.png" }, "geometry": { "type": "Point", "coordinates": [ 24.770730509738449, 42.301866711852568 ] } },
{ "type": "Feature", "properties": { "vote_count": 3, "source_tile": "K-35-062-2_Rakovski_x2688_y1344.png" }, "geometry": { "type": "Point", "coordinates": [ 24.920445290383086, 42.268433414392888 ] } },
{ "type": "Feature", "properties": { "vote_count": 3, "source_tile": "K-35-062-2_Rakovski_x2688_y1344.png" }, "geometry": { "type": "Point", "coordinates": [ 24.928768195616097, 42.2616228638366 ] } },
{ "type": "Feature", "properties": { "vote_count": 3, "source_tile": "K-35-053-3_Elenovo_x672_y672.png" }, "geometry": { "type": "Point", "coordinates": [ 26.058311429190955, 42.461066455676146 ] } },
{ "type": "Feature", "properties": { "vote_count": 3, "source_tile": "K-35-062-2_Rakovski_x2688_y336.png" }, "geometry": { "type": "Point", "coordinates": [ 24.928546449866143, 42.319636062646161 ] } },
{ "type": "Feature", "properties": { "vote_count": 3, "source_tile": "K-35-062-2_Rakovski_x3024_y0.png" }, "geometry": { "type": "Point", "coordinates": [ 24.93090580110281, 42.32306838173389 ] } },
{ "type": "Feature", "properties": { "vote_count": 3, "source_tile": "K-35-062-2_Rakovski_x2688_y336.png" }, "geometry": { "type": "Point", "coordinates": [ 24.92172571100183, 42.31708807139966 ] } },
{ "type": "Feature", "properties": { "vote_count": 3, "source_tile": "K-35-062-2_Rakovski_x3024_y0.png" }, "geometry": { "type": "Point", "coordinates": [ 24.93735749180356, 42.326450647014234 ] } },
{ "type": "Feature", "properties": { "vote_count": 3, "source_tile": "K-35-062-2_Rakovski_x3024_y336.png" }, "geometry": { "type": "Point", "coordinates": [ 24.929685595756869, 42.311681838856245 ] } },
{ "type": "Feature", "properties": { "vote_count": 3, "source_tile": "K-35-062-2_Rakovski_x2688_y336.png" }, "geometry": { "type": "Point", "coordinates": [ 24.921589363803367, 42.311382975256102 ] } },
{ "type": "Feature", "properties": { "vote_count": 3, "source_tile": "K-35-062-2_Rakovski_x2688_y2688.png" }, "geometry": { "type": "Point", "coordinates": [ 24.926406865004022, 42.204657295260532 ] } },
{ "type": "Feature", "properties": { "vote_count": 3, "source_tile": "K-35-062-2_Rakovski_x2688_y2688.png" }, "geometry": { "type": "Point", "coordinates": [ 24.931094986683391, 42.200863406244444 ] } },
{ "type": "Feature", "properties": { "vote_count": 3, "source_tile": "K-35-062-2_Rakovski_x2688_y3024.png" }, "geometry": { "type": "Point", "coordinates": [ 24.927476038346867, 42.19716915517558 ] } },
{ "type": "Feature", "properties": { "vote_count": 3, "source_tile": "K-35-062-2_Rakovski_x2688_y3360.png" }, "geometry": { "type": "Point", "coordinates": [ 24.926058333245624, 42.174767687455919 ] } },
{ "type": "Feature", "properties": { "vote_count": 3, "source_tile": "K-35-062-2_Rakovski_x3024_y3360.png" }, "geometry": { "type": "Point", "coordinates": [ 24.938656453914923, 42.174594916688108 ] } },
{ "type": "Feature", "properties": { "vote_count": 3, "source_tile": "K-35-062-2_Rakovski_x3024_y3360.png" }, "geometry": { "type": "Point", "coordinates": [ 24.942430529399267, 42.171678855304137 ] } },
{ "type": "Feature", "properties": { "vote_count": 3, "source_tile": "K-35-062-2_Rakovski_x3024_y1680.png" }, "geometry": { "type": "Point", "coordinates": [ 24.931317766677111, 42.247812957471226 ] } },
{ "type": "Feature", "properties": { "vote_count": 3, "source_tile": "K-35-062-2_Rakovski_x3024_y0.png" }, "geometry": { "type": "Point", "coordinates": [ 24.93438258968262, 42.330271595887218 ] } },
{ "type": "Feature", "properties": { "vote_count": 3, "source_tile": "K-35-062-2_Rakovski_x3024_y0.png" }, "geometry": { "type": "Point", "coordinates": [ 24.936789804901135, 42.332241456099688 ] } },
{ "type": "Feature", "properties": { "vote_count": 3, "source_tile": "K-35-062-2_Rakovski_x3024_y1008.png" }, "geometry": { "type": "Point", "coordinates": [ 24.940238012115518, 42.286331904439209 ] } },
{ "type": "Feature", "properties": { "vote_count": 3, "source_tile": "K-35-062-2_Rakovski_x3024_y1008.png" }, "geometry": { "type": "Point", "coordinates": [ 24.930877859251506, 42.27635453934554 ] } },
{ "type": "Feature", "properties": { "vote_count": 3, "source_tile": "K-35-062-2_Rakovski_x336_y1008.png" }, "geometry": { "type": "Point", "coordinates": [ 24.771337628055271, 42.278258698149692 ] } },
{ "type": "Feature", "properties": { "vote_count": 3, "source_tile": "K-35-062-2_Rakovski_x336_y1008.png" }, "geometry": { "type": "Point", "coordinates": [ 24.769114459331291, 42.274946768120238 ] } },
{ "type": "Feature", "properties": { "vote_count": 3, "source_tile": "K-35-062-2_Rakovski_x336_y1008.png" }, "geometry": { "type": "Point", "coordinates": [ 24.777980271752281, 42.279735625236036 ] } },
{ "type": "Feature", "properties": { "vote_count": 3, "source_tile": "K-35-062-2_Rakovski_x2352_y3360.png" }, "geometry": { "type": "Point", "coordinates": [ 24.90296527292373, 42.182796597044252 ] } },
{ "type": "Feature", "properties": { "vote_count": 3, "source_tile": "K-35-062-2_Rakovski_x2352_y3360.png" }, "geometry": { "type": "Point", "coordinates": [ 24.91103882365492, 42.18066450110301 ] } },
{ "type": "Feature", "properties": { "vote_count": 3, "source_tile": "K-35-062-2_Rakovski_x2352_y3360.png" }, "geometry": { "type": "Point", "coordinates": [ 24.900186555145584, 42.174887705801751 ] } },
{ "type": "Feature", "properties": { "vote_count": 3, "source_tile": "K-35-062-2_Rakovski_x3024_y336.png" }, "geometry": { "type": "Point", "coordinates": [ 24.943646288585249, 42.316721451501145 ] } },
{ "type": "Feature", "properties": { "vote_count": 3, "source_tile": "K-35-062-2_Rakovski_x3024_y336.png" }, "geometry": { "type": "Point", "coordinates": [ 24.945657922841715, 42.316866961366102 ] } },
{ "type": "Feature", "properties": { "vote_count": 3, "source_tile": "K-35-062-2_Rakovski_x3024_y336.png" }, "geometry": { "type": "Point", "coordinates": [ 24.945450377161659, 42.316078367480131 ] } },
{ "type": "Feature", "properties": { "vote_count": 3, "source_tile": "K-35-062-2_Rakovski_x3360_y1680.png" }, "geometry": { "type": "Point", "coordinates": [ 24.955954027062667, 42.249546060363301 ] } },
{ "type": "Feature", "properties": { "vote_count": 3, "source_tile": "K-35-062-2_Rakovski_x3024_y3024.png" }, "geometry": { "type": "Point", "coordinates": [ 24.949475331223184, 42.187879142501849 ] } },
{ "type": "Feature", "properties": { "vote_count": 1, "source_tile": "K-35-062-2_Rakovski_x3360_y2352.png" }, "geometry": { "type": "Point", "coordinates": [ 24.96803853424548, 42.214804438054131 ] } },
{ "type": "Feature", "properties": { "vote_count": 3, "source_tile": "K-35-062-2_Rakovski_x3696_y1344.png" }, "geometry": { "type": "Point", "coordinates": [ 24.972289516638462, 42.270422836287331 ] } },
{ "type": "Feature", "properties": { "vote_count": 3, "source_tile": "K-35-062-2_Rakovski_x3360_y1344.png" }, "geometry": { "type": "Point", "coordinates": [ 24.965136671456822, 42.261309440445501 ] } },
{ "type": "Feature", "properties": { "vote_count": 2, "source_tile": "K-35-062-2_Rakovski_x3360_y1680.png" }, "geometry": { "type": "Point", "coordinates": [ 24.95614939808139, 42.24950940737088 ] } },
{ "type": "Feature", "properties": { "vote_count": 3, "source_tile": "K-35-062-2_Rakovski_x2688_y3024.png" }, "geometry": { "type": "Point", "coordinates": [ 24.915013791559744, 42.185076871100378 ] } },
{ "type": "Feature", "properties": { "vote_count": 3, "source_tile": "K-35-062-2_Rakovski_x336_y1344.png" }, "geometry": { "type": "Point", "coordinates": [ 24.779737023886042, 42.268023792606577 ] } },
{ "type": "Feature", "properties": { "vote_count": 3, "source_tile": "K-35-062-2_Rakovski_x2688_y0.png" }, "geometry": { "type": "Point", "coordinates": [ 24.918738310828928, 42.327132585787481 ] } },
{ "type": "Feature", "properties": { "vote_count": 3, "source_tile": "K-35-062-2_Rakovski_x2688_y0.png" }, "geometry": { "type": "Point", "coordinates": [ 24.928074650854668, 42.331881759985151 ] } },
{ "type": "Feature", "properties": { "vote_count": 3, "source_tile": "K-35-062-2_Rakovski_x2688_y0.png" }, "geometry": { "type": "Point", "coordinates": [ 24.926754958217352, 42.32856027934676 ] } },
{ "type": "Feature", "properties": { "vote_count": 3, "source_tile": "K-35-062-2_Rakovski_x336_y0.png" }, "geometry": { "type": "Point", "coordinates": [ 24.776788241678009, 42.329110693998629 ] } },
{ "type": "Feature", "properties": { "vote_count": 3, "source_tile": "K-35-062-2_Rakovski_x3696_y1008.png" }, "geometry": { "type": "Point", "coordinates": [ 24.990100552689327, 42.27692483233001 ] } },
{ "type": "Feature", "properties": { "vote_count": 3, "source_tile": "K-35-062-2_Rakovski_x3024_y1680.png" }, "geometry": { "type": "Point", "coordinates": [ 24.943446432310541, 42.249704579523865 ] } },
{ "type": "Feature", "properties": { "vote_count": 3, "source_tile": "K-35-062-2_Rakovski_x3360_y1680.png" }, "geometry": { "type": "Point", "coordinates": [ 24.970676448404358, 42.253318958796775 ] } },
{ "type": "Feature", "properties": { "vote_count": 3, "source_tile": "K-35-062-2_Rakovski_x3696_y2352.png" }, "geometry": { "type": "Point", "coordinates": [ 24.97617786461856, 42.22206516404222 ] } },
{ "type": "Feature", "properties": { "vote_count": 3, "source_tile": "K-35-062-2_Rakovski_x3360_y2352.png" }, "geometry": { "type": "Point", "coordinates": [ 24.969703019706827, 42.21620217198511 ] } },
{ "type": "Feature", "properties": { "vote_count": 3, "source_tile": "K-35-062-2_Rakovski_x3360_y2352.png" }, "geometry": { "type": "Point", "coordinates": [ 24.970996671576504, 42.215906150345489 ] } },
{ "type": "Feature", "properties": { "vote_count": 1, "source_tile": "K-35-062-2_Rakovski_x3696_y2352.png" }, "geometry": { "type": "Point", "coordinates": [ 24.975246057897721, 42.224156770193794 ] } },
{ "type": "Feature", "properties": { "vote_count": 3, "source_tile": "K-35-062-2_Rakovski_x1008_y672.png" }, "geometry": { "type": "Point", "coordinates": [ 24.815625148666186, 42.28895848171647 ] } },
{ "type": "Feature", "properties": { "vote_count": 3, "source_tile": "K-35-062-2_Rakovski_x4032_y672.png" }, "geometry": { "type": "Point", "coordinates": [ 24.994974920564911, 42.303040655746528 ] } },
{ "type": "Feature", "properties": { "vote_count": 3, "source_tile": "K-35-062-2_Rakovski_x1008_y336.png" }, "geometry": { "type": "Point", "coordinates": [ 24.810819039745397, 42.316210178830914 ] } },
{ "type": "Feature", "properties": { "vote_count": 3, "source_tile": "K-35-062-2_Rakovski_x1008_y336.png" }, "geometry": { "type": "Point", "coordinates": [ 24.816183456586309, 42.31338155178949 ] } },
{ "type": "Feature", "properties": { "vote_count": 3, "source_tile": "K-35-062-2_Rakovski_x1008_y336.png" }, "geometry": { "type": "Point", "coordinates": [ 24.810534445433625, 42.311098522008855 ] } },
{ "type": "Feature", "properties": { "vote_count": 3, "source_tile": "K-35-062-2_Rakovski_x672_y336.png" }, "geometry": { "type": "Point", "coordinates": [ 24.805920068583053, 42.312557843706863 ] } },
{ "type": "Feature", "properties": { "vote_count": 3, "source_tile": "K-35-062-2_Rakovski_x1008_y336.png" }, "geometry": { "type": "Point", "coordinates": [ 24.824672788834231, 42.309058672997644 ] } },
{ "type": "Feature", "properties": { "vote_count": 3, "source_tile": "K-35-062-2_Rakovski_x1008_y336.png" }, "geometry": { "type": "Point", "coordinates": [ 24.8110936413619, 42.304607280301255 ] } },
{ "type": "Feature", "properties": { "vote_count": 3, "source_tile": "K-35-062-2_Rakovski_x672_y1344.png" }, "geometry": { "type": "Point", "coordinates": [ 24.789146007502247, 42.260468091750482 ] } },
{ "type": "Feature", "properties": { "vote_count": 3, "source_tile": "K-35-062-2_Rakovski_x672_y1680.png" }, "geometry": { "type": "Point", "coordinates": [ 24.791217312193485, 42.250124594168661 ] } },
{ "type": "Feature", "properties": { "vote_count": 3, "source_tile": "K-35-078-1_Lesovo_x0_y336.png" }, "geometry": { "type": "Point", "coordinates": [ 26.513258165741238, 41.980542944249656 ] } },
{ "type": "Feature", "properties": { "vote_count": 3, "source_tile": "K-35-062-2_Rakovski_x3696_y336.png" }, "geometry": { "type": "Point", "coordinates": [ 24.978461795478715, 42.31787854431758 ] } },
{ "type": "Feature", "properties": { "vote_count": 3, "source_tile": "K-35-062-2_Rakovski_x3696_y336.png" }, "geometry": { "type": "Point", "coordinates": [ 24.983983036929907, 42.316775329494483 ] } },
{ "type": "Feature", "properties": { "vote_count": 3, "source_tile": "K-35-062-2_Rakovski_x3696_y0.png" }, "geometry": { "type": "Point", "coordinates": [ 24.98427039537156, 42.327825281957665 ] } },
{ "type": "Feature", "properties": { "vote_count": 3, "source_tile": "K-35-062-2_Rakovski_x4032_y3024.png" }, "geometry": { "type": "Point", "coordinates": [ 24.997282590753858, 42.187600942428524 ] } },
{ "type": "Feature", "properties": { "vote_count": 2, "source_tile": "K-35-062-2_Rakovski_x3024_y3360.png" }, "geometry": { "type": "Point", "coordinates": [ 24.942909806296328, 42.171469053245865 ] } },
{ "type": "Feature", "properties": { "vote_count": 1, "source_tile": "K-35-053-3_Elenovo_x2352_y672.png" }, "geometry": { "type": "Point", "coordinates": [ 26.161022839961664, 42.456949574405343 ] } },
{ "type": "Feature", "properties": { "vote_count": 2, "source_tile": "K-35-053-3_Elenovo_x3024_y1008.png" }, "geometry": { "type": "Point", "coordinates": [ 26.182332653725616, 42.445235365588196 ] } },
{ "type": "Feature", "properties": { "vote_count": 3, "source_tile": "K-35-062-2_Rakovski_x336_y0.png" }, "geometry": { "type": "Point", "coordinates": [ 24.780594061425379, 42.332461794342805 ] } },
{ "type": "Feature", "properties": { "vote_count": 3, "source_tile": "K-35-062-2_Rakovski_x336_y0.png" }, "geometry": { "type": "Point", "coordinates": [ 24.777349888372825, 42.332312146936211 ] } },
{ "type": "Feature", "properties": { "vote_count": 3, "source_tile": "K-35-062-2_Rakovski_x3696_y672.png" }, "geometry": { "type": "Point", "coordinates": [ 24.976021496586643, 42.290556912059209 ] } },
{ "type": "Feature", "properties": { "vote_count": 3, "source_tile": "K-35-062-2_Rakovski_x3696_y2688.png" }, "geometry": { "type": "Point", "coordinates": [ 24.990638654673639, 42.20915477699031 ] } },
{ "type": "Feature", "properties": { "vote_count": 3, "source_tile": "K-35-062-2_Rakovski_x3696_y1008.png" }, "geometry": { "type": "Point", "coordinates": [ 24.98496295548928, 42.282183207507899 ] } },
{ "type": "Feature", "properties": { "vote_count": 1, "source_tile": "K-35-062-2_Rakovski_x3696_y1008.png" }, "geometry": { "type": "Point", "coordinates": [ 24.989730952578199, 42.27688797869385 ] } },
{ "type": "Feature", "properties": { "vote_count": 3, "source_tile": "K-35-062-2_Rakovski_x3696_y1344.png" }, "geometry": { "type": "Point", "coordinates": [ 24.983025097085751, 42.274913815045934 ] } },
{ "type": "Feature", "properties": { "vote_count": 3, "source_tile": "K-35-053-3_Elenovo_x672_y0.png" }, "geometry": { "type": "Point", "coordinates": [ 26.04180225658936, 42.496158583265171 ] } },
{ "type": "Feature", "properties": { "vote_count": 3, "source_tile": "K-35-062-2_Rakovski_x4032_y3360.png" }, "geometry": { "type": "Point", "coordinates": [ 24.994958599432994, 42.17092354539637 ] } },
{ "type": "Feature", "properties": { "vote_count": 3, "source_tile": "K-35-062-2_Rakovski_x4032_y3360.png" }, "geometry": { "type": "Point", "coordinates": [ 24.997838427216333, 42.17069904988454 ] } },
{ "type": "Feature", "properties": { "vote_count": 3, "source_tile": "K-35-062-2_Rakovski_x672_y1008.png" }, "geometry": { "type": "Point", "coordinates": [ 24.795469424988958, 42.272579906161972 ] } },
{ "type": "Feature", "properties": { "vote_count": 3, "source_tile": "K-35-078-1_Lesovo_x2352_y0.png" }, "geometry": { "type": "Point", "coordinates": [ 26.659528258645345, 41.984215278998967 ] } },
{ "type": "Feature", "properties": { "vote_count": 3, "source_tile": "K-35-078-1_Lesovo_x2352_y0.png" }, "geometry": { "type": "Point", "coordinates": [ 26.650116635888384, 41.985736453462238 ] } },
{ "type": "Feature", "properties": { "vote_count": 3, "source_tile": "K-35-078-1_Lesovo_x2352_y336.png" }, "geometry": { "type": "Point", "coordinates": [ 26.653452906078858, 41.975710157129726 ] } },
{ "type": "Feature", "properties": { "vote_count": 3, "source_tile": "K-35-078-1_Lesovo_x2352_y336.png" }, "geometry": { "type": "Point", "coordinates": [ 26.659753795205905, 41.975621693629876 ] } },
{ "type": "Feature", "properties": { "vote_count": 3, "source_tile": "K-35-062-2_Rakovski_x3696_y3360.png" }, "geometry": { "type": "Point", "coordinates": [ 24.975763684797219, 42.179015737535707 ] } },
{ "type": "Feature", "properties": { "vote_count": 3, "source_tile": "K-35-062-2_Rakovski_x1008_y336.png" }, "geometry": { "type": "Point", "coordinates": [ 24.806403178054865, 42.317217719525075 ] } },
{ "type": "Feature", "properties": { "vote_count": 1, "source_tile": "K-35-062-2_Rakovski_x1008_y0.png" }, "geometry": { "type": "Point", "coordinates": [ 24.809597611344032, 42.32785064810691 ] } },
{ "type": "Feature", "properties": { "vote_count": 3, "source_tile": "K-35-078-1_Lesovo_x2016_y2016.png" }, "geometry": { "type": "Point", "coordinates": [ 26.631197946672494, 41.900442569082983 ] } },
{ "type": "Feature", "properties": { "vote_count": 3, "source_tile": "K-35-062-2_Rakovski_x3024_y672.png" }, "geometry": { "type": "Point", "coordinates": [ 24.937826000707709, 42.296645729255289 ] } },
{ "type": "Feature", "properties": { "vote_count": 3, "source_tile": "K-35-053-3_Elenovo_x3024_y1680.png" }, "geometry": { "type": "Point", "coordinates": [ 26.194113350642787, 42.412055901240464 ] } },
{ "type": "Feature", "properties": { "vote_count": 3, "source_tile": "K-35-053-3_Elenovo_x1008_y3360.png" }, "geometry": { "type": "Point", "coordinates": [ 26.079748332501069, 42.346882056485605 ] } },
{ "type": "Feature", "properties": { "vote_count": 3, "source_tile": "K-35-062-2_Rakovski_x3696_y1008.png" }, "geometry": { "type": "Point", "coordinates": [ 24.983745485546081, 42.287346923840424 ] } },
{ "type": "Feature", "properties": { "vote_count": 2, "source_tile": "K-35-062-2_Rakovski_x3360_y1008.png" }, "geometry": { "type": "Point", "coordinates": [ 24.96746444003394, 42.276699296581661 ] } },
{ "type": "Feature", "properties": { "vote_count": 3, "source_tile": "K-35-053-3_Elenovo_x4032_y3024.png" }, "geometry": { "type": "Point", "coordinates": [ 26.248148647888193, 42.354305576008947 ] } },
{ "type": "Feature", "properties": { "vote_count": 3, "source_tile": "K-35-078-1_Lesovo_x0_y3360.png" }, "geometry": { "type": "Point", "coordinates": [ 26.506911513927552, 41.842194359281123 ] } },
{ "type": "Feature", "properties": { "vote_count": 3, "source_tile": "K-35-078-1_Lesovo_x0_y3360.png" }, "geometry": { "type": "Point", "coordinates": [ 26.509475486927968, 41.838107151466204 ] } },
{ "type": "Feature", "properties": { "vote_count": 3, "source_tile": "K-35-062-2_Rakovski_x672_y672.png" }, "geometry": { "type": "Point", "coordinates": [ 24.790774035822636, 42.291335624818529 ] } },
{ "type": "Feature", "properties": { "vote_count": 3, "source_tile": "K-35-062-2_Rakovski_x672_y1008.png" }, "geometry": { "type": "Point", "coordinates": [ 24.798720396253337, 42.284333009938443 ] } },
{ "type": "Feature", "properties": { "vote_count": 3, "source_tile": "K-35-062-2_Rakovski_x672_y1008.png" }, "geometry": { "type": "Point", "coordinates": [ 24.788560060481082, 42.285325837923779 ] } },
{ "type": "Feature", "properties": { "vote_count": 3, "source_tile": "K-35-078-1_Lesovo_x0_y3360.png" }, "geometry": { "type": "Point", "coordinates": [ 26.510327818691806, 41.837973021877076 ] } },
{ "type": "Feature", "properties": { "vote_count": 3, "source_tile": "K-35-078-1_Lesovo_x336_y3360.png" }, "geometry": { "type": "Point", "coordinates": [ 26.522296410729545, 41.842684276540076 ] } },
{ "type": "Feature", "properties": { "vote_count": 3, "source_tile": "K-35-053-3_Elenovo_x3696_y3024.png" }, "geometry": { "type": "Point", "coordinates": [ 26.242304828595657, 42.350902939859616 ] } },
{ "type": "Feature", "properties": { "vote_count": 3, "source_tile": "K-35-053-3_Elenovo_x3696_y3024.png" }, "geometry": { "type": "Point", "coordinates": [ 26.242873928758307, 42.350194882050133 ] } },
{ "type": "Feature", "properties": { "vote_count": 3, "source_tile": "K-35-053-3_Elenovo_x3696_y3024.png" }, "geometry": { "type": "Point", "coordinates": [ 26.243319332278439, 42.351440975917903 ] } },
{ "type": "Feature", "properties": { "vote_count": 3, "source_tile": "K-35-053-3_Elenovo_x3696_y3360.png" }, "geometry": { "type": "Point", "coordinates": [ 26.240466674415529, 42.347155540849094 ] } },
{ "type": "Feature", "properties": { "vote_count": 3, "source_tile": "K-35-062-2_Rakovski_x2688_y1344.png" }, "geometry": { "type": "Point", "coordinates": [ 24.911394053124148, 42.26436810100428 ] } },
{ "type": "Feature", "properties": { "vote_count": 1, "source_tile": "K-35-053-3_Elenovo_x336_y2352.png" }, "geometry": { "type": "Point", "coordinates": [ 26.034353031831436, 42.390313266262716 ] } },
{ "type": "Feature", "properties": { "vote_count": 1, "source_tile": "K-35-053-3_Elenovo_x672_y2352.png" }, "geometry": { "type": "Point", "coordinates": [ 26.047725167797385, 42.388579910090293 ] } },
{ "type": "Feature", "properties": { "vote_count": 1, "source_tile": "K-35-062-2_Rakovski_x3024_y3360.png" }, "geometry": { "type": "Point", "coordinates": [ 24.942561153582744, 42.171428085964777 ] } },
{ "type": "Feature", "properties": { "vote_count": 1, "source_tile": "K-35-062-2_Rakovski_x672_y1008.png" }, "geometry": { "type": "Point", "coordinates": [ 24.788584421530974, 42.285715127100481 ] } },
{ "type": "Feature", "properties": { "vote_count": 3, "source_tile": "K-35-062-2_Rakovski_x3696_y2016.png" }, "geometry": { "type": "Point", "coordinates": [ 24.983785531225617, 42.242047451295946 ] } },
{ "type": "Feature", "properties": { "vote_count": 3, "source_tile": "K-35-062-2_Rakovski_x3696_y2016.png" }, "geometry": { "type": "Point", "coordinates": [ 24.987023449105287, 42.241775301155577 ] } },
{ "type": "Feature", "properties": { "vote_count": 3, "source_tile": "K-35-062-2_Rakovski_x336_y1344.png" }, "geometry": { "type": "Point", "coordinates": [ 24.77472768275862, 42.268448349116952 ] } },
{ "type": "Feature", "properties": { "vote_count": 2, "source_tile": "K-35-062-2_Rakovski_x672_y672.png" }, "geometry": { "type": "Point", "coordinates": [ 24.790483099588545, 42.291327305264971 ] } },
{ "type": "Feature", "properties": { "vote_count": 3, "source_tile": "K-35-078-1_Lesovo_x2352_y0.png" }, "geometry": { "type": "Point", "coordinates": [ 26.641834307054182, 41.993941165119779 ] } },
{ "type": "Feature", "properties": { "vote_count": 3, "source_tile": "K-35-053-3_Elenovo_x3696_y3024.png" }, "geometry": { "type": "Point", "coordinates": [ 26.243399249440635, 42.350782747503018 ] } },
{ "type": "Feature", "properties": { "vote_count": 1, "source_tile": "K-35-053-3_Elenovo_x3696_y3024.png" }, "geometry": { "type": "Point", "coordinates": [ 26.243185354720318, 42.350845226113542 ] } },
{ "type": "Feature", "properties": { "vote_count": 3, "source_tile": "K-35-078-1_Lesovo_x3696_y0.png" }, "geometry": { "type": "Point", "coordinates": [ 26.727829361355948, 41.99587827061157 ] } },
{ "type": "Feature", "properties": { "vote_count": 2, "source_tile": "K-35-053-3_Elenovo_x336_y2688.png" }, "geometry": { "type": "Point", "coordinates": [ 26.033069738876399, 42.366942657387717 ] } },
{ "type": "Feature", "properties": { "vote_count": 3, "source_tile": "K-35-078-1_Lesovo_x336_y3024.png" }, "geometry": { "type": "Point", "coordinates": [ 26.520449914716643, 41.852910253491004 ] } },
{ "type": "Feature", "properties": { "vote_count": 3, "source_tile": "K-35-062-2_Rakovski_x3696_y1680.png" }, "geometry": { "type": "Point", "coordinates": [ 24.982381327364525, 42.252544196599999 ] } },
{ "type": "Feature", "properties": { "vote_count": 3, "source_tile": "K-35-078-1_Lesovo_x672_y0.png" }, "geometry": { "type": "Point", "coordinates": [ 26.545196876707926, 41.983604644970193 ] } },
{ "type": "Feature", "properties": { "vote_count": 3, "source_tile": "K-35-078-1_Lesovo_x4032_y336.png" }, "geometry": { "type": "Point", "coordinates": [ 26.744240657943777, 41.977631925136848 ] } },
{ "type": "Feature", "properties": { "vote_count": 3, "source_tile": "K-35-062-2_Rakovski_x3696_y2016.png" }, "geometry": { "type": "Point", "coordinates": [ 24.987007347314776, 42.242036807449416 ] } },
{ "type": "Feature", "properties": { "vote_count": 3, "source_tile": "K-35-078-1_Lesovo_x336_y3360.png" }, "geometry": { "type": "Point", "coordinates": [ 26.539075614713909, 41.841598499359606 ] } },
{ "type": "Feature", "properties": { "vote_count": 3, "source_tile": "K-35-078-1_Lesovo_x336_y3360.png" }, "geometry": { "type": "Point", "coordinates": [ 26.53694009842981, 41.837072621067534 ] } },
{ "type": "Feature", "properties": { "vote_count": 3, "source_tile": "K-35-078-1_Lesovo_x2688_y1680.png" }, "geometry": { "type": "Point", "coordinates": [ 26.678397452270435, 41.916308519519937 ] } },
{ "type": "Feature", "properties": { "vote_count": 3, "source_tile": "K-35-078-1_Lesovo_x336_y3024.png" }, "geometry": { "type": "Point", "coordinates": [ 26.529528228230436, 41.857901756920228 ] } },
{ "type": "Feature", "properties": { "vote_count": 1, "source_tile": "K-35-062-2_Rakovski_x0_y2352.png" }, "geometry": { "type": "Point", "coordinates": [ 24.765183704767239, 42.22628594412754 ] } },
{ "type": "Feature", "properties": { "vote_count": 1, "source_tile": "K-35-062-2_Rakovski_x0_y2352.png" }, "geometry": { "type": "Point", "coordinates": [ 24.760764295358069, 42.225791846961805 ] } },
{ "type": "Feature", "properties": { "vote_count": 1, "source_tile": "K-35-062-2_Rakovski_x0_y2352.png" }, "geometry": { "type": "Point", "coordinates": [ 24.76805114908311, 42.223773117633137 ] } },
{ "type": "Feature", "properties": { "vote_count": 1, "source_tile": "K-35-062-2_Rakovski_x0_y2352.png" }, "geometry": { "type": "Point", "coordinates": [ 24.768206295412895, 42.220695450010027 ] } },
{ "type": "Feature", "properties": { "vote_count": 1, "source_tile": "K-35-062-2_Rakovski_x0_y2352.png" }, "geometry": { "type": "Point", "coordinates": [ 24.750406818437035, 42.215956519341766 ] } },
{ "type": "Feature", "properties": { "vote_count": 1, "source_tile": "K-35-062-2_Rakovski_x0_y2352.png" }, "geometry": { "type": "Point", "coordinates": [ 24.750435663476726, 42.213171449406232 ] } },
{ "type": "Feature", "properties": { "vote_count": 2, "source_tile": "K-35-062-2_Rakovski_x3696_y336.png" }, "geometry": { "type": "Point", "coordinates": [ 24.98598710642786, 42.311499628318835 ] } },
{ "type": "Feature", "properties": { "vote_count": 2, "source_tile": "K-35-062-2_Rakovski_x2352_y2688.png" }, "geometry": { "type": "Point", "coordinates": [ 24.899037400203969, 42.203242634773432 ] } },
{ "type": "Feature", "properties": { "vote_count": 1, "source_tile": "K-35-062-2_Rakovski_x0_y672.png" }, "geometry": { "type": "Point", "coordinates": [ 24.762114171679997, 42.289653165065744 ] } },
{ "type": "Feature", "properties": { "vote_count": 1, "source_tile": "K-35-078-1_Lesovo_x3024_y336.png" }, "geometry": { "type": "Point", "coordinates": [ 26.700388606537629, 41.975854568680603 ] } },
{ "type": "Feature", "properties": { "vote_count": 2, "source_tile": "K-35-053-3_Elenovo_x672_y0.png" }, "geometry": { "type": "Point", "coordinates": [ 26.05391769870311, 42.484278528612251 ] } },
{ "type": "Feature", "properties": { "vote_count": 3, "source_tile": "K-35-062-2_Rakovski_x3024_y3360.png" }, "geometry": { "type": "Point", "coordinates": [ 24.938732949183812, 42.172918515431526 ] } },
{ "type": "Feature", "properties": { "vote_count": 3, "source_tile": "K-35-078-1_Lesovo_x672_y0.png" }, "geometry": { "type": "Point", "coordinates": [ 26.545541668104654, 41.98358715863634 ] } },
{ "type": "Feature", "properties": { "vote_count": 1, "source_tile": "K-35-078-1_Lesovo_x672_y336.png" }, "geometry": { "type": "Point", "coordinates": [ 26.545614517929266, 41.983455484552195 ] } },
{ "type": "Feature", "properties": { "vote_count": 2, "source_tile": "K-35-078-1_Lesovo_x336_y2688.png" }, "geometry": { "type": "Point", "coordinates": [ 26.539860779231471, 41.874647357232071 ] } },
{ "type": "Feature", "properties": { "vote_count": 3, "source_tile": "K-35-078-1_Lesovo_x336_y3024.png" }, "geometry": { "type": "Point", "coordinates": [ 26.530082793383148, 41.858328926497038 ] } },
{ "type": "Feature", "properties": { "vote_count": 2, "source_tile": "K-35-053-3_Elenovo_x1344_y3360.png" }, "geometry": { "type": "Point", "coordinates": [ 26.082007950503911, 42.335521226872622 ] } },
{ "type": "Feature", "properties": { "vote_count": 1, "source_tile": "K-35-078-1_Lesovo_x336_y3024.png" }, "geometry": { "type": "Point", "coordinates": [ 26.520680185306777, 41.852918646822637 ] } },
{ "type": "Feature", "properties": { "vote_count": 2, "source_tile": "K-35-052-4_32635_x1344_y336.png" }, "geometry": { "type": "Point", "coordinates": [ 25.836309778839411, 42.472635306499591 ] } },
{ "type": "Feature", "properties": { "vote_count": 1, "source_tile": "K-35-052-4_32635_x2016_y1008.png" }, "geometry": { "type": "Point", "coordinates": [ 25.879614966900167, 42.450256628088461 ] } },
{ "type": "Feature", "properties": { "vote_count": 1, "source_tile": "K-35-052-4_32635_x2688_y1344.png" }, "geometry": { "type": "Point", "coordinates": [ 25.92658298920594, 42.424880980957937 ] } },
{ "type": "Feature", "properties": { "vote_count": 2, "source_tile": "K-35-052-4_32635_x3024_y3696.png" }, "geometry": { "type": "Point", "coordinates": [ 25.94584982983292, 42.333600875926813 ] } },
{ "type": "Feature", "properties": { "vote_count": 1, "source_tile": "K-35-052-4_32635_x2016_y336.png" }, "geometry": { "type": "Point", "coordinates": [ 25.870222066100197, 42.483405104591398 ] } },
{ "type": "Feature", "properties": { "vote_count": 1, "source_tile": "K-35-052-4_32635_x3360_y3024.png" }, "geometry": { "type": "Point", "coordinates": [ 25.962986439017619, 42.359444120489805 ] } },
{ "type": "Feature", "properties": { "vote_count": 1, "source_tile": "K-35-052-4_32635_x336_y1344.png" }, "geometry": { "type": "Point", "coordinates": [ 25.786139377606972, 42.437366832243576 ] } },
{ "type": "Feature", "properties": { "vote_count": 2, "source_tile": "K-35-052-4_32635_x3696_y2016.png" }, "geometry": { "type": "Point", "coordinates": [ 25.988182142341998, 42.401449717219364 ] } },
{ "type": "Feature", "properties": { "vote_count": 1, "source_tile": "K-35-052-4_32635_x672_y0.png" }, "geometry": { "type": "Point", "coordinates": [ 25.798433618421349, 42.484364206534565 ] } },
{ "type": "Feature", "properties": { "vote_count": 1, "source_tile": "K-35-053-3_Elenovo_x1008_y3360.png" }, "geometry": { "type": "Point", "coordinates": [ 26.081191297248282, 42.335072868420454 ] } },
{ "type": "Feature", "properties": { "vote_count": 1, "source_tile": "K-35-053-3_Elenovo_x1680_y3024.png" }, "geometry": { "type": "Point", "coordinates": [ 26.115226335024076, 42.347650791619792 ] } },
{ "type": "Feature", "properties": { "vote_count": 2, "source_tile": "K-35-053-3_Elenovo_x2016_y672.png" }, "geometry": { "type": "Point", "coordinates": [ 26.140316187169667, 42.461413463587235 ] } },
{ "type": "Feature", "properties": { "vote_count": 1, "source_tile": "K-35-053-3_Elenovo_x2016_y1008.png" }, "geometry": { "type": "Point", "coordinates": [ 26.137535690451731, 42.450676550423964 ] } },
{ "type": "Feature", "properties": { "vote_count": 1, "source_tile": "K-35-052-4_32635_x3024_y3360.png" }, "geometry": { "type": "Point", "coordinates": [ 25.94606856700937, 42.346372740150123 ] } },
{ "type": "Feature", "properties": { "vote_count": 1, "source_tile": "K-35-053-3_Elenovo_x1344_y2016.png" }, "geometry": { "type": "Point", "coordinates": [ 26.09715655461272, 42.395988236643873 ] } },
{ "type": "Feature", "properties": { "vote_count": 1, "source_tile": "K-35-053-3_Elenovo_x3696_y2688.png" }, "geometry": { "type": "Point", "coordinates": [ 26.241139981614054, 42.368443742320842 ] } },
{ "type": "Feature", "properties": { "vote_count": 1, "source_tile": "K-35-053-3_Elenovo_x3696_y3024.png" }, "geometry": { "type": "Point", "coordinates": [ 26.243446035633006, 42.363191837476236 ] } },
{ "type": "Feature", "properties": { "vote_count": 1, "source_tile": "K-35-053-3_Elenovo_x3696_y336.png" }, "geometry": { "type": "Point", "coordinates": [ 26.225697451324574, 42.481375011279553 ] } },
{ "type": "Feature", "properties": { "vote_count": 1, "source_tile": "K-35-062-2_Rakovski_x0_y672.png" }, "geometry": { "type": "Point", "coordinates": [ 24.762132314613293, 42.289965923802981 ] } },
{ "type": "Feature", "properties": { "vote_count": 2, "source_tile": "K-35-062-2_Rakovski_x0_y1008.png" }, "geometry": { "type": "Point", "coordinates": [ 24.761700773390043, 42.283093273073881 ] } },
{ "type": "Feature", "properties": { "vote_count": 2, "source_tile": "K-35-062-2_Rakovski_x0_y2352.png" }, "geometry": { "type": "Point", "coordinates": [ 24.764914614169978, 42.226632156942188 ] } },
{ "type": "Feature", "properties": { "vote_count": 2, "source_tile": "K-35-062-2_Rakovski_x0_y2352.png" }, "geometry": { "type": "Point", "coordinates": [ 24.76120107336466, 42.225822071953878 ] } },
{ "type": "Feature", "properties": { "vote_count": 2, "source_tile": "K-35-062-2_Rakovski_x0_y2352.png" }, "geometry": { "type": "Point", "coordinates": [ 24.767678399345524, 42.223748504502808 ] } },
{ "type": "Feature", "properties": { "vote_count": 2, "source_tile": "K-35-062-2_Rakovski_x0_y2352.png" }, "geometry": { "type": "Point", "coordinates": [ 24.768549096325039, 42.220741173457462 ] } },
{ "type": "Feature", "properties": { "vote_count": 1, "source_tile": "K-35-062-2_Rakovski_x1680_y1680.png" }, "geometry": { "type": "Point", "coordinates": [ 24.849586963226802, 42.248371552374564 ] } },
{ "type": "Feature", "properties": { "vote_count": 1, "source_tile": "K-35-062-2_Rakovski_x1008_y336.png" }, "geometry": { "type": "Point", "coordinates": [ 24.823314818384198, 42.307866436571608 ] } },
{ "type": "Feature", "properties": { "vote_count": 1, "source_tile": "K-35-053-3_Elenovo_x3696_y3024.png" }, "geometry": { "type": "Point", "coordinates": [ 26.243199319283043, 42.350654730297691 ] } },
{ "type": "Feature", "properties": { "vote_count": 2, "source_tile": "K-35-062-2_Rakovski_x0_y672.png" }, "geometry": { "type": "Point", "coordinates": [ 24.76172905088097, 42.289636967574062 ] } },
{ "type": "Feature", "properties": { "vote_count": 2, "source_tile": "K-35-062-2_Rakovski_x1680_y336.png" }, "geometry": { "type": "Point", "coordinates": [ 24.847766512168239, 42.308905252182186 ] } },
{ "type": "Feature", "properties": { "vote_count": 1, "source_tile": "K-35-053-3_Elenovo_x672_y672.png" }, "geometry": { "type": "Point", "coordinates": [ 26.059254329905478, 42.456956437601569 ] } },
{ "type": "Feature", "properties": { "vote_count": 2, "source_tile": "K-35-053-3_Elenovo_x1008_y3360.png" }, "geometry": { "type": "Point", "coordinates": [ 26.081191271118563, 42.335475701419533 ] } },
{ "type": "Feature", "properties": { "vote_count": 2, "source_tile": "K-35-062-2_Rakovski_x336_y1008.png" }, "geometry": { "type": "Point", "coordinates": [ 24.768735117861393, 42.274925644870244 ] } },
{ "type": "Feature", "properties": { "vote_count": 2, "source_tile": "K-35-062-2_Rakovski_x336_y1008.png" }, "geometry": { "type": "Point", "coordinates": [ 24.771750238500196, 42.27822983834141 ] } },
{ "type": "Feature", "properties": { "vote_count": 2, "source_tile": "K-35-062-2_Rakovski_x2016_y0.png" }, "geometry": { "type": "Point", "coordinates": [ 24.873546892233051, 42.323284128428831 ] } },
{ "type": "Feature", "properties": { "vote_count": 2, "source_tile": "K-35-062-2_Rakovski_x2016_y0.png" }, "geometry": { "type": "Point", "coordinates": [ 24.87259504354132, 42.320992849709889 ] } },
{ "type": "Feature", "properties": { "vote_count": 2, "source_tile": "K-35-062-2_Rakovski_x2016_y336.png" }, "geometry": { "type": "Point", "coordinates": [ 24.881318470348639, 42.318902507488524 ] } },
{ "type": "Feature", "properties": { "vote_count": 1, "source_tile": "K-35-062-2_Rakovski_x2352_y2688.png" }, "geometry": { "type": "Point", "coordinates": [ 24.898565552293846, 42.203216632042484 ] } },
{ "type": "Feature", "properties": { "vote_count": 2, "source_tile": "K-35-062-2_Rakovski_x336_y0.png" }, "geometry": { "type": "Point", "coordinates": [ 24.776893815579232, 42.332310532881628 ] } },
{ "type": "Feature", "properties": { "vote_count": 1, "source_tile": "K-35-062-2_Rakovski_x2688_y0.png" }, "geometry": { "type": "Point", "coordinates": [ 24.919671120832064, 42.327098416611292 ] } },
{ "type": "Feature", "properties": { "vote_count": 1, "source_tile": "K-35-062-2_Rakovski_x2352_y336.png" }, "geometry": { "type": "Point", "coordinates": [ 24.892482225513707, 42.317949813823297 ] } },
{ "type": "Feature", "properties": { "vote_count": 1, "source_tile": "K-35-062-2_Rakovski_x3024_y2688.png" }, "geometry": { "type": "Point", "coordinates": [ 24.932930654576197, 42.209204354752387 ] } },
{ "type": "Feature", "properties": { "vote_count": 1, "source_tile": "K-35-053-3_Elenovo_x672_y2688.png" }, "geometry": { "type": "Point", "coordinates": [ 26.058699830147489, 42.372843235086776 ] } },
{ "type": "Feature", "properties": { "vote_count": 1, "source_tile": "K-35-062-2_Rakovski_x3360_y1680.png" }, "geometry": { "type": "Point", "coordinates": [ 24.95545102984434, 42.249614109270247 ] } },
{ "type": "Feature", "properties": { "vote_count": 1, "source_tile": "K-35-062-2_Rakovski_x3024_y0.png" }, "geometry": { "type": "Point", "coordinates": [ 24.937553361994301, 42.32635419439935 ] } },
{ "type": "Feature", "properties": { "vote_count": 1, "source_tile": "K-35-062-2_Rakovski_x3024_y0.png" }, "geometry": { "type": "Point", "coordinates": [ 24.931254231309598, 42.323012478946112 ] } },
{ "type": "Feature", "properties": { "vote_count": 1, "source_tile": "K-35-062-2_Rakovski_x3024_y336.png" }, "geometry": { "type": "Point", "coordinates": [ 24.943235714424812, 42.316702273386404 ] } },
{ "type": "Feature", "properties": { "vote_count": 1, "source_tile": "K-35-062-2_Rakovski_x3024_y336.png" }, "geometry": { "type": "Point", "coordinates": [ 24.946060914787608, 42.316839712441528 ] } },
{ "type": "Feature", "properties": { "vote_count": 1, "source_tile": "K-35-062-2_Rakovski_x3024_y336.png" }, "geometry": { "type": "Point", "coordinates": [ 24.945970295221485, 42.316031037572138 ] } },
{ "type": "Feature", "properties": { "vote_count": 1, "source_tile": "K-35-062-2_Rakovski_x2688_y2688.png" }, "geometry": { "type": "Point", "coordinates": [ 24.926204636834143, 42.204639716866367 ] } },
{ "type": "Feature", "properties": { "vote_count": 1, "source_tile": "K-35-062-2_Rakovski_x2688_y336.png" }, "geometry": { "type": "Point", "coordinates": [ 24.921896917013054, 42.311353598581753 ] } },
{ "type": "Feature", "properties": { "vote_count": 1, "source_tile": "K-35-062-2_Rakovski_x2688_y1344.png" }, "geometry": { "type": "Point", "coordinates": [ 24.911668749720146, 42.264245827643933 ] } },
{ "type": "Feature", "properties": { "vote_count": 2, "source_tile": "K-35-062-2_Rakovski_x2352_y1680.png" }, "geometry": { "type": "Point", "coordinates": [ 24.891970639872852, 42.247778905738386 ] } },
{ "type": "Feature", "properties": { "vote_count": 2, "source_tile": "K-35-062-2_Rakovski_x3696_y1008.png" }, "geometry": { "type": "Point", "coordinates": [ 24.98931262433468, 42.276997795960732 ] } },
{ "type": "Feature", "properties": { "vote_count": 1, "source_tile": "K-35-062-2_Rakovski_x2352_y2688.png" }, "geometry": { "type": "Point", "coordinates": [ 24.90714548402369, 42.203182636367615 ] } },
{ "type": "Feature", "properties": { "vote_count": 2, "source_tile": "K-35-062-2_Rakovski_x3696_y336.png" }, "geometry": { "type": "Point", "coordinates": [ 24.985125763500296, 42.311287066891921 ] } },
{ "type": "Feature", "properties": { "vote_count": 1, "source_tile": "K-35-062-2_Rakovski_x3696_y2352.png" }, "geometry": { "type": "Point", "coordinates": [ 24.975493882729705, 42.224074365162281 ] } },
{ "type": "Feature", "properties": { "vote_count": 1, "source_tile": "K-35-062-2_Rakovski_x2688_y672.png" }, "geometry": { "type": "Point", "coordinates": [ 24.922765328419729, 42.289926058382441 ] } },
{ "type": "Feature", "properties": { "vote_count": 1, "source_tile": "K-35-053-3_Elenovo_x2352_y0.png" }, "geometry": { "type": "Point", "coordinates": [ 26.15532130110201, 42.497285407994063 ] } },
{ "type": "Feature", "properties": { "vote_count": 2, "source_tile": "K-35-078-1_Lesovo_x672_y336.png" }, "geometry": { "type": "Point", "coordinates": [ 26.539478415201135, 41.981316733722807 ] } },
{ "type": "Feature", "properties": { "vote_count": 1, "source_tile": "K-35-053-3_Elenovo_x2352_y672.png" }, "geometry": { "type": "Point", "coordinates": [ 26.161445345337643, 42.456848711325271 ] } },
{ "type": "Feature", "properties": { "vote_count": 1, "source_tile": "K-35-053-3_Elenovo_x3024_y1008.png" }, "geometry": { "type": "Point", "coordinates": [ 26.182387874803894, 42.445036511921778 ] } },
{ "type": "Feature", "properties": { "vote_count": 1, "source_tile": "K-35-052-4_32635_x3360_y2688.png" }, "geometry": { "type": "Point", "coordinates": [ 25.959423956296277, 42.3707521896145 ] } },
{ "type": "Feature", "properties": { "vote_count": 1, "source_tile": "K-35-052-4_32635_x672_y1008.png" }, "geometry": { "type": "Point", "coordinates": [ 25.806121071556547, 42.438919513163128 ] } },
{ "type": "Feature", "properties": { "vote_count": 1, "source_tile": "K-35-052-4_32635_x672_y1680.png" }, "geometry": { "type": "Point", "coordinates": [ 25.795003489568327, 42.422776196973409 ] } },
{ "type": "Feature", "properties": { "vote_count": 1, "source_tile": "K-35-052-4_32635_x1008_y336.png" }, "geometry": { "type": "Point", "coordinates": [ 25.826427760733747, 42.482003380267763 ] } },
{ "type": "Feature", "properties": { "vote_count": 1, "source_tile": "K-35-052-4_32635_x2688_y3024.png" }, "geometry": { "type": "Point", "coordinates": [ 25.919364140525211, 42.354267722369627 ] } },
{ "type": "Feature", "properties": { "vote_count": 1, "source_tile": "K-35-053-3_Elenovo_x1680_y1680.png" }, "geometry": { "type": "Point", "coordinates": [ 26.109506022669141, 42.413644699777436 ] } },
{ "type": "Feature", "properties": { "vote_count": 1, "source_tile": "K-35-053-3_Elenovo_x1680_y1680.png" }, "geometry": { "type": "Point", "coordinates": [ 26.099534878443681, 42.411115185330978 ] } },
{ "type": "Feature", "properties": { "vote_count": 1, "source_tile": "K-35-053-3_Elenovo_x1344_y2016.png" }, "geometry": { "type": "Point", "coordinates": [ 26.096909405393387, 42.396107571796847 ] } },
{ "type": "Feature", "properties": { "vote_count": 1, "source_tile": "K-35-052-4_32635_x0_y336.png" }, "geometry": { "type": "Point", "coordinates": [ 25.764279079574273, 42.469559529250063 ] } },
{ "type": "Feature", "properties": { "vote_count": 1, "source_tile": "K-35-052-4_32635_x0_y672.png" }, "geometry": { "type": "Point", "coordinates": [ 25.762656610005891, 42.466977726788265 ] } },
{ "type": "Feature", "properties": { "vote_count": 1, "source_tile": "K-35-053-3_Elenovo_x0_y1344.png" }, "geometry": { "type": "Point", "coordinates": [ 26.014947027470505, 42.428828248588992 ] } },
{ "type": "Feature", "properties": { "vote_count": 1, "source_tile": "K-35-052-4_32635_x672_y1680.png" }, "geometry": { "type": "Point", "coordinates": [ 25.793927754582807, 42.409354174729565 ] } },
{ "type": "Feature", "properties": { "vote_count": 1, "source_tile": "K-35-053-3_Elenovo_x3360_y2016.png" }, "geometry": { "type": "Point", "coordinates": [ 26.22132368362303, 42.40082323952165 ] } },
{ "type": "Feature", "properties": { "vote_count": 1, "source_tile": "K-35-053-3_Elenovo_x1344_y0.png" }, "geometry": { "type": "Point", "coordinates": [ 26.098047702095993, 42.490369145670456 ] } },
{ "type": "Feature", "properties": { "vote_count": 1, "source_tile": "K-35-053-3_Elenovo_x3360_y336.png" }, "geometry": { "type": "Point", "coordinates": [ 26.216210440432246, 42.481015985511057 ] } },
{ "type": "Feature", "properties": { "vote_count": 1, "source_tile": "K-35-053-3_Elenovo_x3696_y2688.png" }, "geometry": { "type": "Point", "coordinates": [ 26.241311396553872, 42.368275947042576 ] } },
{ "type": "Feature", "properties": { "vote_count": 1, "source_tile": "K-35-062-2_Rakovski_x0_y1344.png" }, "geometry": { "type": "Point", "coordinates": [ 24.748983937214707, 42.265835532994124 ] } },
{ "type": "Feature", "properties": { "vote_count": 1, "source_tile": "K-35-062-2_Rakovski_x2352_y2016.png" }, "geometry": { "type": "Point", "coordinates": [ 24.901620681128257, 42.231502361246605 ] } },
{ "type": "Feature", "properties": { "vote_count": 1, "source_tile": "K-35-062-2_Rakovski_x1680_y0.png" }, "geometry": { "type": "Point", "coordinates": [ 24.852767068223656, 42.32602077262684 ] } },
{ "type": "Feature", "properties": { "vote_count": 1, "source_tile": "K-35-062-2_Rakovski_x2688_y3024.png" }, "geometry": { "type": "Point", "coordinates": [ 24.91541044536708, 42.185039727609272 ] } },
{ "type": "Feature", "properties": { "vote_count": 1, "source_tile": "K-35-062-2_Rakovski_x2688_y3024.png" }, "geometry": { "type": "Point", "coordinates": [ 24.927541950765956, 42.197651981893422 ] } },
{ "type": "Feature", "properties": { "vote_count": 1, "source_tile": "K-35-062-2_Rakovski_x3024_y1680.png" }, "geometry": { "type": "Point", "coordinates": [ 24.943164421250049, 42.249576581380857 ] } },
{ "type": "Feature", "properties": { "vote_count": 1, "source_tile": "K-35-062-2_Rakovski_x3696_y3024.png" }, "geometry": { "type": "Point", "coordinates": [ 24.976109742111198, 42.198215751393107 ] } },
{ "type": "Feature", "properties": { "vote_count": 1, "source_tile": "K-35-062-2_Rakovski_x336_y1344.png" }, "geometry": { "type": "Point", "coordinates": [ 24.778839121386696, 42.267042712779386 ] } },
{ "type": "Feature", "properties": { "vote_count": 1, "source_tile": "K-35-078-1_Lesovo_x0_y2016.png" }, "geometry": { "type": "Point", "coordinates": [ 26.517083975668399, 41.900872075299169 ] } },
{ "type": "Feature", "properties": { "vote_count": 1, "source_tile": "K-35-078-1_Lesovo_x3696_y0.png" }, "geometry": { "type": "Point", "coordinates": [ 26.731905327544538, 41.99555288033033 ] } },
{ "type": "Feature", "properties": { "vote_count": 1, "source_tile": "K-35-078-1_Lesovo_x336_y2688.png" }, "geometry": { "type": "Point", "coordinates": [ 26.539587157091113, 41.874652786346253 ] } },
{ "type": "Feature", "properties": { "vote_count": 1, "source_tile": "K-35-078-1_Lesovo_x3024_y1344.png" }, "geometry": { "type": "Point", "coordinates": [ 26.698676655323077, 41.938288399859289 ] } }
]
}
