candidate_id,verifier_probability,human_label,symbol_type,source_tile,map_name,x,y,buffer_metres,timestamp
0,0.95,mound,bench_mark_on_mound,K-35-050-4_x1344_y3024.png,K-35-050-4,322769.7859799291,4690845.787454296,50.0,2026-04-24T07:12:14.714412+00:00
1,0.2,not_mound,not_mound,K-35-042-3_x2688_y1344.png,K-35-042-3,473668.05023527273,4734482.034556808,50.0,2026-04-24T07:21:12.186071+00:00
2,0.2,not_mound,not_mound,K-35-050-4_x1680_y1008.png,K-35-050-4,324068.5055910902,4701530.542461296,50.0,2026-04-24T07:21:16.067938+00:00
3,0.15,not_mound,not_mound,K-35-042-3_x3696_y2352.png,K-35-042-3,477815.2788940846,4729652.13046579,50.0,2026-04-24T07:33:03.888739+00:00
4,0.4,mound,burial_mound,K-35-042-3_x1344_y2016.png,K-35-042-3,466275.8986206138,4731605.769193749,200.0,2026-04-24T07:19:00.146668+00:00
5,0.95,mound,burial_mound,K-35-042-3_x3696_y2688.png,K-35-042-3,477833.4153284696,4727160.248246107,50.0,2026-04-24T07:12:15.838002+00:00
6,1.0,mound,burial_mound,K-35-050-4_x3696_y3696.png,K-35-050-4,334910.0336445628,4688978.250500925,50.0,2026-04-24T07:05:27.130114+00:00
7,0.15,mound,burial_mound,K-35-051-3_x0_y3024.png,K-35-051-3,335903.1472525997,4691123.2018748,75.0,2026-04-24T07:33:06.887161+00:00
8,1.0,mound,burial_mound,K-35-050-4_x3360_y3024.png,K-35-050-4,332021.2557902749,4690710.398726586,200.0,2026-04-24T07:05:35.267510+00:00
9,0.85,mound,burial_mound,K-35-051-3_x336_y1680.png,K-35-051-3,338635.42459083704,4698657.264279136,50.0,2026-04-24T07:16:18.133163+00:00
10,0.2,not_mound,not_mound,K-35-051-3_x2016_y3360.png,K-35-051-3,345675.124166516,4689710.0438632965,50.0,2026-04-24T07:21:18.028150+00:00
11,0.95,mound,burial_mound,K-35-051-4_x1344_y672.png,K-35-051-4,363183.5038824232,4701467.592736447,50.0,2026-04-24T07:12:17.106967+00:00
12,0.4,not_mound,not_mound,K-35-051-4_x1008_y2016.png,K-35-051-4,361223.74371445033,4695174.428619889,50.0,2026-04-24T07:19:01.712819+00:00
13,0.75,not_mound,not_mound,K-35-051-4_x0_y2016.png,K-35-051-4,356787.9980737567,4696429.192989312,50.0,2026-04-24T07:18:17.889204+00:00
14,0.15,not_mound,not_mound,K-35-051-4_x3696_y2352.png,K-35-051-4,375559.38308450487,4693220.2464174405,50.0,2026-04-24T07:33:09.252632+00:00
15,1.0,mound,bench_mark_on_mound,K-35-051-4_x3696_y3360.png,K-35-051-4,376117.9747674132,4688365.165090363,50.0,2026-04-24T07:05:42.017112+00:00
16,0.85,not_mound,not_mound,K-35-052-2_x0_y2688.png,K-35-052-2,398001.4721296636,4710403.9313706,50.0,2026-04-24T07:16:20.572178+00:00
17,0.95,not_mound,not_mound,K-35-051-4_x336_y2352.png,K-35-051-4,358372.91589152894,4694457.543153116,50.0,2026-04-24T07:12:19.876896+00:00
18,0.2,mound,settlement_mound,K-35-052-2_x2688_y3024.png,K-35-052-2,410767.9918788021,4708204.107468214,50.0,2026-04-24T07:21:21.531495+00:00
19,0.2,not_mound,not_mound,K-35-052-2_x3360_y2352.png,K-35-052-2,415162.5293382136,4712242.639163425,50.0,2026-04-24T07:21:22.805770+00:00
20,0.4,mound,burial_mound,K-35-052-2_x2016_y3024.png,K-35-052-2,407931.4257976249,4708878.636726735,50.0,2026-04-24T07:19:02.924410+00:00
21,0.2,not_mound,not_mound,K-35-052-2_x4032_y672.png,K-35-052-2,417552.4536303903,4720038.225181744,50.0,2026-04-24T07:21:24.220778+00:00
22,1.0,not_mound,not_mound,K-35-052-2_x336_y1680.png,K-35-052-2,399590.1064652229,4715304.78516088,50.0,2026-04-24T07:05:46.403440+00:00
23,0.2,not_mound,not_mound,K-35-052-3_x2016_y2352.png,K-35-052-3,386740.9958870939,4693675.152420306,50.0,2026-04-24T07:21:26.408358+00:00
24,0.15,not_mound,not_mound,K-35-052-3_x2016_y3360.png,K-35-052-3,387687.3599247545,4688745.601197546,50.0,2026-04-24T07:33:10.922513+00:00
25,0.2,not_mound,not_mound,K-35-052-3_x0_y3024.png,K-35-052-3,376459.1570870027,4690860.522211443,50.0,2026-04-24T07:21:27.674285+00:00
26,0.2,not_mound,not_mound,K-35-052-3_x2016_y2688.png,K-35-052-3,387486.1140868486,4692577.326831111,50.0,2026-04-24T07:21:28.754353+00:00
27,1.0,mound,burial_mound,K-35-052-3_x3696_y2352.png,K-35-052-3,396173.4809001427,4693955.820712791,50.0,2026-04-24T07:05:49.984877+00:00
28,0.2,not_mound,not_mound,K-35-052-3_x3360_y2016.png,K-35-052-3,394686.9469559919,4694732.173019153,50.0,2026-04-24T07:21:30.002393+00:00
29,0.85,mound,burial_mound,K-35-052-3_x2352_y0.png,K-35-052-3,388308.62996134494,4704559.878551948,200.0,2026-04-24T07:16:24.542693+00:00
30,0.95,mound,settlement_mound,K-35-053-1_x2688_y672.png,K-35-053-1,432984.3651879688,4720482.868592125,50.0,2026-04-24T07:12:24.889928+00:00
31,0.15,not_mound,not_mound,K-35-053-1_x2016_y2352.png,K-35-053-1,428507.3317065057,4710651.727036116,50.0,2026-04-24T07:33:12.158006+00:00
32,0.15,not_mound,not_mound,K-35-053-1_x3024_y1344.png,K-35-053-1,433574.0734231068,4715929.176271362,50.0,2026-04-24T07:33:13.949108+00:00
33,0.15,mound,burial_mound,K-35-053-1_x336_y2352.png,K-35-053-1,420814.7020304645,4711550.401824077,50.0,2026-04-24T07:33:15.688838+00:00
34,0.4,not_mound,not_mound,K-35-053-1_x672_y336.png,K-35-053-1,422658.1883020003,4721692.016616052,50.0,2026-04-24T07:19:04.672872+00:00
35,0.2,not_mound,not_mound,K-35-053-2_x1008_y2016.png,K-35-053-2,443755.0557200325,4712110.3858919935,50.0,2026-04-24T07:21:31.012087+00:00
36,0.2,mound,burial_mound,K-35-053-2_x1680_y3360.png,K-35-053-2,448082.1563962679,4705496.040000921,50.0,2026-04-24T07:21:32.448872+00:00
37,0.95,not_mound,not_mound,K-35-053-2_x3024_y3024.png,K-35-053-2,454642.1837866675,4707157.661485359,50.0,2026-04-24T07:12:26.494611+00:00
38,0.2,not_mound,not_mound,K-35-053-2_x3360_y2688.png,K-35-053-2,456374.6975887929,4709867.612928429,50.0,2026-04-24T07:21:43.841121+00:00
39,0.2,not_mound,not_mound,K-35-053-2_x3360_y3024.png,K-35-053-2,456066.1498164462,4707754.387869661,50.0,2026-04-24T07:21:45.006886+00:00
40,0.75,not_mound,not_mound,K-35-053-2_x1344_y3024.png,K-35-053-2,445854.1968271136,4707899.599946565,50.0,2026-04-24T07:18:19.571804+00:00
41,0.2,not_mound,not_mound,K-35-053-2_x4032_y1680.png,K-35-053-2,458612.8319788423,4715278.668946245,50.0,2026-04-24T07:21:46.247198+00:00
42,0.2,not_mound,not_mound,K-35-053-2_x4032_y1008.png,K-35-053-2,458653.37365354336,4718462.08423321,50.0,2026-04-24T07:21:47.402965+00:00
43,0.85,mound,burial_mound,K-35-053-2_x0_y672.png,K-35-053-2,440068.9123583579,4719299.311466019,50.0,2026-04-24T07:16:25.814302+00:00
44,1.0,mound,trig_point_on_mound,K-35-053-4_Boyadzhik_x2352_y1344.png,K-35-053-4_Boyadzhik,450645.57021099096,4697001.539553759,50.0,2026-04-24T07:05:53.142990+00:00
45,0.95,mound,burial_mound,K-35-053-4_Boyadzhik_x2016_y1680.png,K-35-053-4_Boyadzhik,450046.17334175785,4695750.566807106,50.0,2026-04-24T07:12:27.660045+00:00
46,1.0,mound,trig_point_on_mound,K-35-053-4_Boyadzhik_x3360_y1344.png,K-35-053-4_Boyadzhik,455342.1366678446,4697353.814227664,50.0,2026-04-24T07:05:54.175024+00:00
47,1.0,mound,bench_mark_on_mound,K-35-053-4_Boyadzhik_x3024_y1680.png,K-35-053-4_Boyadzhik,455131.8651518127,4695572.381645889,50.0,2026-04-24T07:05:55.604562+00:00
48,0.15,not_mound,not_mound,K-35-053-4_Boyadzhik_x1680_y2016.png,K-35-053-4_Boyadzhik,447398.4454438968,4693691.033142468,50.0,2026-04-24T07:33:17.281420+00:00
49,1.0,mound,trig_point_on_mound,K-35-053-4_Boyadzhik_x3696_y3024.png,K-35-053-4_Boyadzhik,457441.6467380968,4690325.466850588,50.0,2026-04-24T07:05:56.970223+00:00
50,1.0,mound,burial_mound,K-35-053-4_Boyadzhik_x672_y1680.png,K-35-053-4_Boyadzhik,442086.1100623554,4695908.93274178,50.0,2026-04-24T07:05:58.233300+00:00
51,1.0,mound,burial_mound,K-35-053-4_Boyadzhik_x672_y1680.png,K-35-053-4_Boyadzhik,442573.2776751084,4695442.632219618,50.0,2026-04-24T07:05:59.092732+00:00
52,1.0,mound,burial_mound,K-35-054-1_Straldzha_4326_x0_y1344.png,K-35-054-1_Straldzha_4326,460425.6095815824,4716529.013719223,50.0,2026-04-24T07:05:59.915909+00:00
53,1.0,mound,burial_mound,K-35-054-1_Straldzha_4326_x1344_y3360.png,K-35-054-1_Straldzha_4326,467203.4176247132,4707091.733792641,200.0,2026-04-24T07:06:05.818450+00:00
54,1.0,mound,burial_mound,K-35-054-1_Straldzha_4326_x1344_y3024.png,K-35-054-1_Straldzha_4326,467198.5551794627,4706931.412682464,50.0,2026-04-24T07:06:10.024273+00:00
55,0.95,mound,burial_mound,K-35-053-4_Boyadzhik_x2688_y672.png,K-35-053-4_Boyadzhik,453153.2371100608,4701327.387895301,50.0,2026-04-24T07:12:28.536105+00:00
56,1.0,mound,burial_mound,K-35-054-1_Straldzha_4326_x1680_y2352.png,K-35-054-1_Straldzha_4326,468688.6329180612,4711596.856689087,50.0,2026-04-24T07:06:11.086585+00:00
57,0.85,mound,burial_mound,K-35-054-1_Straldzha_4326_x1680_y2352.png,K-35-054-1_Straldzha_4326,468105.7617191319,4711256.607065739,50.0,2026-04-24T07:16:27.061233+00:00
58,0.4,mound,burial_mound,K-35-054-1_Straldzha_4326_x1680_y2352.png,K-35-054-1_Straldzha_4326,468176.00571383146,4711303.367184343,50.0,2026-04-24T07:19:05.822269+00:00
59,0.95,mound,burial_mound,K-35-054-1_Straldzha_4326_x1344_y2352.png,K-35-054-1_Straldzha_4326,465648.4128784611,4711429.099151462,50.0,2026-04-24T07:12:29.340648+00:00
60,1.0,mound,settlement_mound,K-35-054-1_Straldzha_4326_x0_y672.png,K-35-054-1_Straldzha_4326,460041.0350360825,4719068.366840977,50.0,2026-04-24T07:06:19.098295+00:00
61,0.95,not_mound,not_mound,K-35-054-1_Straldzha_4326_x2016_y3360.png,K-35-054-1_Straldzha_4326,468808.66477772,4705586.969176707,50.0,2026-04-24T07:12:31.088488+00:00
62,0.2,mound,bench_mark_on_mound,K-35-054-1_Straldzha_4326_x1344_y3024.png,K-35-054-1_Straldzha_4326,465755.78190532885,4708489.723673472,50.0,2026-04-24T07:21:48.956165+00:00
63,0.95,mound,burial_mound,K-35-054-1_Straldzha_4326_x1008_y2352.png,K-35-054-1_Straldzha_4326,465610.7285580111,4711428.730168093,50.0,2026-04-24T07:12:32.011912+00:00
64,0.2,mound,trig_point_on_mound,K-35-054-1_Straldzha_4326_x2016_y1680.png,K-35-054-1_Straldzha_4326,470672.5930743069,4713676.130261468,75.0,2026-04-24T07:21:55.471208+00:00
65,0.3,not_mound,not_mound,K-35-054-1_Straldzha_4326_x2688_y2688.png,K-35-054-1_Straldzha_4326,472603.2436602681,4708665.6110554,50.0,2026-04-24T07:20:45.467306+00:00
66,1.0,not_mound,not_mound,K-35-054-1_Straldzha_4326_x2352_y2016.png,K-35-054-1_Straldzha_4326,471858.20683631,4712185.265867708,50.0,2026-04-24T07:06:20.633058+00:00
67,1.0,mound,bench_mark_on_mound,K-35-054-1_Straldzha_4326_x2352_y2352.png,K-35-054-1_Straldzha_4326,471687.0205426703,4711874.266603651,50.0,2026-04-24T07:06:22.787280+00:00
68,1.0,mound,burial_mound,K-35-054-1_Straldzha_4326_x2352_y0.png,K-35-054-1_Straldzha_4326,471886.83361096337,4722146.118035068,100.0,2026-04-24T07:06:36.802955+00:00
69,1.0,mound,burial_mound,K-35-054-1_Straldzha_4326_x3360_y1680.png,K-35-054-1_Straldzha_4326,476551.1353858781,4715066.369873197,50.0,2026-04-24T07:06:39.575172+00:00
70,1.0,mound,burial_mound,K-35-053-4_Boyadzhik_x336_y3024.png,K-35-053-4_Boyadzhik,440528.4310665369,4689186.68169576,125.0,2026-04-24T07:06:46.643344+00:00
71,1.0,mound,burial_mound,K-35-054-1_Straldzha_4326_x3696_y2352.png,K-35-054-1_Straldzha_4326,478811.3043600402,4711068.293123964,50.0,2026-04-24T07:06:48.140202+00:00
72,0.95,mound,bench_mark_on_mound,K-35-054-1_Straldzha_4326_x3696_y1344.png,K-35-054-1_Straldzha_4326,478448.5469262163,4715713.03745604,50.0,2026-04-24T07:12:33.273976+00:00
73,0.4,mound,bench_mark_on_mound,K-35-054-1_Straldzha_4326_x3024_y1680.png,K-35-054-1_Straldzha_4326,475076.66585910425,4713834.276332249,50.0,2026-04-24T07:19:07.102230+00:00
74,1.0,mound,bench_mark_on_mound,K-35-054-1_Straldzha_4326_x672_y1680.png,K-35-054-1_Straldzha_4326,462781.15148360416,4714354.298632849,50.0,2026-04-24T07:06:50.285749+00:00
75,0.95,mound,burial_mound,K-35-054-2_Atolov_4326_x0_y3360.png,K-35-054-2_Atolov_4326,480281.8842098864,4705740.040965556,125.0,2026-04-24T07:12:40.931671+00:00
76,1.0,mound,burial_mound,K-35-054-2_Atolov_4326_x1680_y1008.png,K-35-054-2_Atolov_4326,488911.39720894047,4716918.007783792,50.0,2026-04-24T07:06:51.241643+00:00
77,0.85,mound,burial_mound,K-35-054-2_Atolov_4326_x2352_y336.png,K-35-054-2_Atolov_4326,492464.8924713859,4721591.738863255,50.0,2026-04-24T07:16:28.246739+00:00
78,0.4,mound,burial_mound,K-35-054-2_Atolov_4326_x2352_y0.png,K-35-054-2_Atolov_4326,492768.247715696,4721955.965314681,50.0,2026-04-24T07:19:08.253863+00:00
79,1.0,mound,burial_mound,K-35-054-2_Atolov_4326_x2352_y0.png,K-35-054-2_Atolov_4326,492902.3910931714,4722076.306829237,75.0,2026-04-24T07:07:01.059861+00:00
80,1.0,mound,burial_mound,K-35-054-2_Atolov_4326_x2352_y336.png,K-35-054-2_Atolov_4326,492420.9114671663,4720277.278090681,50.0,2026-04-24T07:07:02.540123+00:00
81,0.95,mound,trig_point_on_mound,K-35-054-2_Atolov_4326_x2352_y336.png,K-35-054-2_Atolov_4326,492067.0780522623,4720377.611003914,50.0,2026-04-24T07:12:42.779053+00:00
82,0.2,not_mound,not_mound,K-35-054-1_Straldzha_4326_x3360_y3024.png,K-35-054-1_Straldzha_4326,476422.81001790194,4708505.94100864,50.0,2026-04-24T07:21:56.911313+00:00
83,0.95,mound,burial_mound,K-35-054-2_Atolov_4326_x2352_y2688.png,K-35-054-2_Atolov_4326,492754.3801433827,4708490.438837015,50.0,2026-04-24T07:12:44.029202+00:00
84,1.0,mound,burial_mound,K-35-054-2_Atolov_4326_x2352_y3024.png,K-35-054-2_Atolov_4326,491781.3274142784,4707730.789856646,50.0,2026-04-24T07:07:03.779577+00:00
85,0.85,mound,burial_mound,K-35-054-2_Atolov_4326_x4032_y1008.png,K-35-054-2_Atolov_4326,499751.3035022728,4717342.215893938,50.0,2026-04-24T07:16:29.518276+00:00
86,0.95,mound,burial_mound,K-35-054-3_Yambol_x672_y336.png,K-35-054-3_Yambol,462957.96175723645,4702941.729339448,125.0,2026-04-24T07:12:47.477233+00:00
87,0.2,not_mound,not_mound,K-35-054-2_Atolov_4326_x4032_y3360.png,K-35-054-2_Atolov_4326,499479.45100381743,4706037.502236423,50.0,2026-04-24T07:21:58.401559+00:00
88,1.0,not_mound,not_mound,K-35-054-3_Yambol_x1008_y0.png,K-35-054-3_Yambol,464564.4769033255,4704083.436695139,50.0,2026-04-24T07:07:06.731887+00:00
89,1.0,mound,bench_mark_on_mound,K-35-054-3_Yambol_x1008_y2016.png,K-35-054-3_Yambol,464385.8193830866,4693991.863796154,200.0,2026-04-24T07:07:18.665249+00:00
90,0.95,mound,trig_point_on_mound,K-35-054-3_Yambol_x1344_y1008.png,K-35-054-3_Yambol,467053.3662229784,4698764.932451435,50.0,2026-04-24T07:12:49.121217+00:00
91,0.65,mound,settlement_mound,K-35-054-3_Yambol_x1680_y0.png,K-35-054-3_Yambol,468489.6588530987,4703669.506172289,50.0,2026-04-24T07:18:53.350101+00:00
92,0.2,not_mound,not_mound,K-35-054-3_Yambol_x1008_y1008.png,K-35-054-3_Yambol,464271.79640127695,4699198.56637835,50.0,2026-04-24T07:21:59.592709+00:00
93,0.95,mound,bench_mark_on_mound,K-35-054-3_Yambol_x1008_y1008.png,K-35-054-3_Yambol,464102.37209271296,4698941.265820933,50.0,2026-04-24T07:12:50.211363+00:00
94,0.95,mound,trig_point_on_mound,K-35-054-3_Yambol_x2352_y3360.png,K-35-054-3_Yambol,471459.8673893528,4688262.6061308,50.0,2026-04-24T07:12:51.497318+00:00
95,0.2,not_mound,not_mound,K-35-054-3_Yambol_x2352_y3696.png,K-35-054-3_Yambol,471582.8141764649,4686833.276218714,50.0,2026-04-24T07:22:00.563135+00:00
96,0.2,not_mound,not_mound,K-35-054-4_Voynika_x1680_y672.png,K-35-054-4_Voynika,487727.7476332447,4701287.953478461,50.0,2026-04-24T07:22:01.922077+00:00
97,1.0,mound,burial_mound,K-35-054-4_Voynika_x1344_y336.png,K-35-054-4_Voynika,486243.7868987007,4703079.440581981,50.0,2026-04-24T07:07:19.901731+00:00
98,0.95,mound,burial_mound,K-35-054-1_Straldzha_4326_x3360_y2352.png,K-35-054-1_Straldzha_4326,475830.55124447687,4711761.913976256,50.0,2026-04-24T07:12:52.794517+00:00
99,0.95,not_mound,not_mound,K-35-054-3_Yambol_x2688_y0.png,K-35-054-3_Yambol,473380.2942063988,4703923.164949127,50.0,2026-04-24T07:12:54.231365+00:00
100,0.4,mound,burial_mound,K-35-054-4_Voynika_x1008_y336.png,K-35-054-4_Voynika,485717.4248940089,4703360.538445924,125.0,2026-04-24T07:19:14.250817+00:00
101,1.0,mound,burial_mound,K-35-054-4_Voynika_x1008_y336.png,K-35-054-4_Voynika,485605.6804914863,4703297.031997899,100.0,2026-04-24T07:07:28.380751+00:00
102,1.0,mound,trig_point_on_mound,K-35-054-4_Voynika_x2688_y3360.png,K-35-054-4_Voynika,494605.0420946528,4688339.683280111,200.0,2026-04-24T07:07:34.016775+00:00
103,0.4,not_mound,not_mound,K-35-054-4_Voynika_x3024_y1680.png,K-35-054-4_Voynika,495537.2604080062,4695700.622680989,50.0,2026-04-24T07:19:16.110196+00:00
104,0.4,not_mound,not_mound,K-35-054-4_Voynika_x3360_y1680.png,K-35-054-4_Voynika,497855.0487790181,4695112.031122923,50.0,2026-04-24T07:19:17.387106+00:00
105,0.95,mound,trig_point_on_mound,K-35-054-4_Voynika_x3024_y3360.png,K-35-054-4_Voynika,494609.8337758343,4688144.367873904,50.0,2026-04-24T07:12:55.777698+00:00
106,0.2,mound,burial_mound,K-35-054-4_Voynika_x2688_y0.png,K-35-054-4_Voynika,494400.1189227072,4703950.098071618,125.0,2026-04-24T07:22:10.064854+00:00
107,1.0,mound,burial_mound,K-35-055-1_x1344_y672.png,K-35-055-1,507751.7075601554,4718634.725360539,200.0,2026-04-24T07:07:38.690551+00:00
108,0.15,not_mound,not_mound,K-35-055-1_x2352_y2688.png,K-35-055-1,512897.2707413802,4709351.843878507,50.0,2026-04-24T07:33:18.554768+00:00
109,0.4,not_mound,not_mound,K-35-055-1_x2016_y0.png,K-35-055-1,511448.8817194924,4723718.553705118,50.0,2026-04-24T07:19:18.634489+00:00
110,1.0,mound,burial_mound,K-35-055-1_x3696_y0.png,K-35-055-1,520090.52395233983,4723346.020792664,50.0,2026-04-24T07:07:40.963427+00:00
111,1.0,mound,burial_mound,K-35-055-1_x336_y2688.png,K-35-055-1,502955.6959490068,4709707.394925845,100.0,2026-04-24T07:07:48.475082+00:00
112,0.3,not_mound,not_mound,K-35-055-2_x0_y1008.png,K-35-055-2,521609.6379983706,4717632.241451458,50.0,2026-04-24T07:20:46.788666+00:00
113,0.95,mound,settlement_mound,K-35-055-2_x1008_y1344.png,K-35-055-2,526434.0368249285,4715384.340775714,50.0,2026-04-24T07:13:02.817732+00:00
114,1.0,mound,burial_mound,K-35-055-1_x336_y2016.png,K-35-055-1,502571.70796790975,4712432.931407031,200.0,2026-04-24T07:07:54.763386+00:00
115,0.95,mound,settlement_mound,K-35-055-2_x2352_y1008.png,K-35-055-2,532892.289556894,4718194.331700631,50.0,2026-04-24T07:13:04.974398+00:00
116,0.2,not_mound,not_mound,K-35-055-2_x2352_y672.png,K-35-055-2,532982.8196327073,4718939.753001817,50.0,2026-04-24T07:22:11.383974+00:00
117,0.95,mound,burial_mound,K-35-055-1_x672_y3360.png,K-35-055-1,504636.7442097524,4706981.967580318,75.0,2026-04-24T07:13:10.328081+00:00
118,0.4,mound,burial_mound,K-35-055-3_x1008_y336.png,K-35-055-3,506804.5527178891,4702470.251770305,75.0,2026-04-24T07:19:21.650924+00:00
119,0.2,not_mound,not_mound,K-35-055-2_x2016_y1008.png,K-35-055-2,531373.6265372669,4718766.169278318,50.0,2026-04-24T07:22:12.997063+00:00
120,0.2,not_mound,not_mound,K-35-055-3_x2352_y2352.png,K-35-055-3,513525.487233631,4692124.678191814,50.0,2026-04-24T07:22:16.626025+00:00
121,0.2,not_mound,not_mound,K-35-055-3_x2352_y2352.png,K-35-055-3,513531.426428792,4692246.163856029,50.0,2026-04-24T07:22:18.918693+00:00
122,0.15,not_mound,not_mound,K-35-055-3_x2352_y336.png,K-35-055-3,513341.9431873098,4703303.933063523,50.0,2026-04-24T07:33:19.708164+00:00
123,0.95,mound,burial_mound,K-35-055-3_x336_y1680.png,K-35-055-3,501950.8773968914,4696740.664074888,50.0,2026-04-24T07:13:11.523574+00:00
124,0.4,not_mound,not_mound,K-35-055-3_x3024_y1344.png,K-35-055-3,515273.68624790845,4697805.94811344,50.0,2026-04-24T07:19:22.875526+00:00
125,0.2,mound,burial_mound,K-35-055-3_x1680_y1680.png,K-35-055-3,509168.636967668,4696315.249685689,100.0,2026-04-24T07:22:22.407731+00:00
126,0.2,not_mound,not_mound,K-35-055-4_x4032_y1344.png,K-35-055-4,540675.0789528785,4697570.227138142,50.0,2026-04-24T07:22:24.466969+00:00
127,0.2,not_mound,not_mound,K-35-055-4_x2688_y3024.png,K-35-055-4,535683.5617400848,4688985.898730955,50.0,2026-04-24T07:22:26.142972+00:00
128,1.0,mound,bench_mark_on_mound,K-35-055-1_x1008_y672.png,K-35-055-1,505713.84150713554,4719069.916623656,200.0,2026-04-24T07:08:00.855823+00:00
129,0.15,not_mound,not_mound,K-35-056-3_x0_y2688.png,K-35-056-3,541722.9037003181,4691119.262652033,50.0,2026-04-24T07:33:20.923291+00:00
130,0.85,mound,burial_mound,K-35-055-4_x3696_y1680.png,K-35-055-4,540007.483146313,4695882.323096599,125.0,2026-04-24T07:16:38.557535+00:00
131,0.2,not_mound,not_mound,K-35-062-4_Asenovgrad_4326_x1344_y2352.png,K-35-062-4_Asenovgrad_4326,321050.0499208991,4657929.247999412,50.0,2026-04-24T07:22:27.366250+00:00
132,0.2,not_mound,not_mound,K-35-062-4_Asenovgrad_4326_x2016_y2016.png,K-35-062-4_Asenovgrad_4326,324800.9501932856,4660457.032010413,50.0,2026-04-24T07:22:28.389911+00:00
133,1.0,not_mound,not_mound,K-35-062-4_Asenovgrad_4326_x2688_y1680.png,K-35-062-4_Asenovgrad_4326,327138.9937398075,4662602.790725309,50.0,2026-04-24T07:08:05.578458+00:00
134,1.0,not_mound,not_mound,K-35-055-3_x1344_y1680.png,K-35-055-3,508491.78598582017,4696855.36776796,50.0,2026-04-24T07:08:08.082719+00:00
135,0.2,not_mound,not_mound,K-35-062-4_Asenovgrad_4326_x0_y3024.png,K-35-062-4_Asenovgrad_4326,314844.2228401865,4654034.261989236,50.0,2026-04-24T07:22:29.896877+00:00
136,0.2,mound,bench_mark_on_mound,K-35-062-4_Asenovgrad_4326_x2688_y2688.png,K-35-062-4_Asenovgrad_4326,328450.4183522858,4656602.808760341,50.0,2026-04-24T07:22:31.640797+00:00
137,0.85,mound,bench_mark_on_mound,K-35-062-4_Asenovgrad_4326_x2688_y2352.png,K-35-062-4_Asenovgrad_4326,328401.3905506558,4658828.830531499,50.0,2026-04-24T07:16:40.353227+00:00
138,0.85,mound,burial_mound,K-35-062-4_Asenovgrad_4326_x2688_y2352.png,K-35-062-4_Asenovgrad_4326,327689.662533319,4658401.608513513,50.0,2026-04-24T07:16:41.349864+00:00
139,1.0,mound,trig_point_on_mound,K-35-062-4_Asenovgrad_4326_x2688_y2352.png,K-35-062-4_Asenovgrad_4326,326975.3753286229,4658046.067248885,50.0,2026-04-24T07:08:10.087606+00:00
140,1.0,mound,burial_mound,K-35-062-4_Asenovgrad_4326_x3024_y3696.png,K-35-062-4_Asenovgrad_4326,328674.3472035619,4652071.426942017,50.0,2026-04-24T07:08:12.450957+00:00
141,0.95,mound,bench_mark_on_mound,K-35-062-4_Asenovgrad_4326_x672_y2352.png,K-35-062-4_Asenovgrad_4326,317282.73766214703,4657433.420262521,50.0,2026-04-24T07:13:13.096596+00:00
142,0.95,mound,burial_mound,K-35-063-1_Granit_4326_x1344_y2016.png,K-35-063-1_Granit_4326,342853.1490826044,4677229.048414968,50.0,2026-04-24T07:13:14.523983+00:00
143,0.2,mound,burial_mound,K-35-063-1_Granit_4326_x1680_y3024.png,K-35-063-1_Granit_4326,344447.1630580929,4673239.131698203,50.0,2026-04-24T07:22:32.783177+00:00
144,0.2,mound,bench_mark_on_mound,K-35-062-4_Asenovgrad_4326_x1344_y2016.png,K-35-062-4_Asenovgrad_4326,321302.83193645714,4659871.379956078,200.0,2026-04-24T07:22:39.636591+00:00
145,0.2,not_mound,not_mound,K-35-062-4_Asenovgrad_4326_x3696_y3696.png,K-35-062-4_Asenovgrad_4326,332708.33205488045,4652110.275816293,50.0,2026-04-24T07:22:40.981629+00:00
146,1.0,mound,burial_mound,K-35-063-1_Granit_4326_x1680_y1008.png,K-35-063-1_Granit_4326,344521.6899763964,4683305.355826339,75.0,2026-04-24T07:08:21.892795+00:00
147,0.95,mound,burial_mound,K-35-063-1_Granit_4326_x1680_y1008.png,K-35-063-1_Granit_4326,344523.77560229145,4683220.766557053,50.0,2026-04-24T07:13:15.544561+00:00
148,1.0,mound,bench_mark_on_mound,K-35-063-1_Granit_4326_x1680_y2688.png,K-35-063-1_Granit_4326,344182.7872006025,4674484.110826989,50.0,2026-04-24T07:08:27.864937+00:00
149,1.0,mound,burial_mound,K-35-063-1_Granit_4326_x1344_y672.png,K-35-063-1_Granit_4326,342720.4485614913,4684697.421175068,50.0,2026-04-24T07:08:29.114588+00:00
150,0.2,mound,burial_mound,K-35-063-1_Granit_4326_x2016_y3024.png,K-35-063-1_Granit_4326,346187.3768677948,4672653.440171613,50.0,2026-04-24T07:22:48.093518+00:00
151,1.0,mound,burial_mound,K-35-063-1_Granit_4326_x2016_y3024.png,K-35-063-1_Granit_4326,346085.2374768129,4672372.388752244,50.0,2026-04-24T07:08:30.215514+00:00
152,1.0,mound,bench_mark_on_mound,K-35-063-1_Granit_4326_x2688_y672.png,K-35-063-1_Granit_4326,349161.13812297926,4684613.41439484,50.0,2026-04-24T07:08:31.838829+00:00
153,1.0,mound,burial_mound,K-35-063-1_Granit_4326_x2688_y672.png,K-35-063-1_Granit_4326,349362.45572832145,4684494.664631204,50.0,2026-04-24T07:08:32.797242+00:00
154,1.0,mound,burial_mound,K-35-063-1_Granit_4326_x2688_y672.png,K-35-063-1_Granit_4326,349448.8536570223,4684493.143293053,50.0,2026-04-24T07:08:33.868948+00:00
155,0.85,mound,burial_mound,K-35-063-1_Granit_4326_x2688_y1008.png,K-35-063-1_Granit_4326,348985.93287558755,4683898.977257317,50.0,2026-04-24T07:16:42.516743+00:00
156,0.85,mound,bench_mark_on_mound,K-35-063-1_Granit_4326_x3360_y336.png,K-35-063-1_Granit_4326,352383.5277845104,4686653.342111857,50.0,2026-04-24T07:16:44.961318+00:00
157,1.0,mound,burial_mound,K-35-063-1_Granit_4326_x336_y336.png,K-35-063-1_Granit_4326,337400.69813191984,4686651.871213236,50.0,2026-04-24T07:08:34.778986+00:00
158,1.0,mound,burial_mound,K-35-063-1_Granit_4326_x336_y336.png,K-35-063-1_Granit_4326,337361.634362886,4686585.227887235,50.0,2026-04-24T07:08:35.723317+00:00
159,1.0,mound,burial_mound,K-35-063-1_Granit_4326_x336_y336.png,K-35-063-1_Granit_4326,337271.85424430866,4686511.317990727,50.0,2026-04-24T07:08:36.632245+00:00
160,0.4,not_mound,not_mound,K-35-063-1_Granit_4326_x2352_y1344.png,K-35-063-1_Granit_4326,347850.69352291984,4680519.0883271815,50.0,2026-04-24T07:19:25.388747+00:00
161,0.95,mound,burial_mound,K-35-063-1_Granit_4326_x3360_y2352.png,K-35-063-1_Granit_4326,351894.0041848201,4676319.854310399,100.0,2026-04-24T07:13:20.962631+00:00
162,0.4,mound,burial_mound,K-35-063-1_Granit_4326_x1344_y336.png,K-35-063-1_Granit_4326,342260.4668149748,4686570.1777046425,100.0,2026-04-24T07:19:29.413892+00:00
163,1.0,mound,burial_mound,K-35-063-1_Granit_4326_x3696_y1008.png,K-35-063-1_Granit_4326,354819.8846779729,4683808.729258216,50.0,2026-04-24T07:08:37.553900+00:00
164,0.2,not_mound,not_mound,K-35-063-1_Granit_4326_x2016_y2688.png,K-35-063-1_Granit_4326,345884.94910206675,4674605.047883844,50.0,2026-04-24T07:22:49.970965+00:00
165,0.2,mound,burial_mound,K-35-063-1_Granit_4326_x336_y2352.png,K-35-063-1_Granit_4326,337095.5270091103,4676589.495425799,100.0,2026-04-24T07:22:53.854859+00:00
166,0.15,not_mound,not_mound,K-35-063-1_Granit_4326_x336_y1680.png,K-35-063-1_Granit_4326,336406.2335457579,4679011.255588658,50.0,2026-04-24T07:33:22.139030+00:00
167,0.95,mound,bench_mark_on_mound,K-35-063-1_Granit_4326_x3024_y672.png,K-35-063-1_Granit_4326,351077.67184057133,4684120.665007941,50.0,2026-04-24T07:13:22.409832+00:00
168,1.0,mound,trig_point_on_mound,K-35-063-1_Granit_4326_x672_y0.png,K-35-063-1_Granit_4326,338405.76688184484,4688132.820642332,50.0,2026-04-24T07:08:38.777097+00:00
169,0.2,mound,bench_mark_on_mound,K-35-063-1_Granit_4326_x3360_y2016.png,K-35-063-1_Granit_4326,351643.19515867403,4677354.260302226,50.0,2026-04-24T07:22:55.391407+00:00
170,0.95,mound,bench_mark_on_mound,K-35-063-1_Granit_4326_x336_y3024.png,K-35-063-1_Granit_4326,336704.0266980097,4673068.72892163,50.0,2026-04-24T07:13:23.514650+00:00
171,0.2,mound,burial_mound,K-35-063-2_Chirpan_4326_x0_y672.png,K-35-063-2_Chirpan_4326,355761.10804224014,4683829.531824601,50.0,2026-04-24T07:22:56.551393+00:00
172,1.0,mound,burial_mound,K-35-063-2_Chirpan_4326_x0_y672.png,K-35-063-2_Chirpan_4326,355903.5486627104,4683612.986253973,50.0,2026-04-24T07:08:39.718791+00:00
173,0.85,not_mound,not_mound,K-35-063-2_Chirpan_4326_x0_y2688.png,K-35-063-2_Chirpan_4326,356024.12380352826,4673907.21050092,50.0,2026-04-24T07:16:46.790769+00:00
174,0.4,mound,burial_mound,K-35-063-1_Granit_4326_x3696_y672.png,K-35-063-1_Granit_4326,353317.6317673023,4684410.854359456,50.0,2026-04-24T07:19:30.563797+00:00
175,1.0,mound,burial_mound,K-35-063-2_Chirpan_4326_x2688_y1680.png,K-35-063-2_Chirpan_4326,369468.9869342208,4678479.062647489,50.0,2026-04-24T07:08:41.050422+00:00
176,0.95,mound,burial_mound,K-35-063-2_Chirpan_4326_x3696_y2016.png,K-35-063-2_Chirpan_4326,373650.8200217686,4676655.794461827,200.0,2026-04-24T07:13:27.184670+00:00
177,0.95,mound,burial_mound,K-35-063-1_Granit_4326_x4032_y672.png,K-35-063-1_Granit_4326,355197.149411159,4684473.120709176,50.0,2026-04-24T07:13:28.458309+00:00
178,0.85,mound,burial_mound,K-35-063-1_Granit_4326_x4032_y672.png,K-35-063-1_Granit_4326,355204.51992168254,4684322.779017376,50.0,2026-04-24T07:16:48.023785+00:00
179,0.85,mound,burial_mound,K-35-063-1_Granit_4326_x4032_y672.png,K-35-063-1_Granit_4326,354946.893680018,4684223.45671096,50.0,2026-04-24T07:16:48.948116+00:00
180,0.85,mound,burial_mound,K-35-063-1_Granit_4326_x4032_y672.png,K-35-063-1_Granit_4326,354880.1138798158,4684439.791360853,50.0,2026-04-24T07:16:49.909053+00:00
181,0.85,mound,burial_mound,K-35-063-1_Granit_4326_x3696_y1008.png,K-35-063-1_Granit_4326,354816.6940893624,4683833.9009625055,50.0,2026-04-24T07:16:51.046758+00:00
182,0.2,not_mound,not_mound,K-35-063-1_Granit_4326_x336_y2016.png,K-35-063-1_Granit_4326,337639.4614466173,4677130.190264493,50.0,2026-04-24T07:22:58.362290+00:00
183,0.75,not_mound,not_mound,K-35-063-2_Chirpan_4326_x3024_y2688.png,K-35-063-2_Chirpan_4326,371858.9834685751,4674362.214925767,50.0,2026-04-24T07:18:21.170916+00:00
184,0.85,not_mound,not_mound,K-35-063-2_Chirpan_4326_x3360_y1344.png,K-35-063-2_Chirpan_4326,373514.1792509994,4681376.325061695,50.0,2026-04-24T07:16:52.904615+00:00
185,0.15,not_mound,not_mound,K-35-063-3_Tatarevo_4326_x0_y1008.png,K-35-063-3_Tatarevo_4326,335606.12383231905,4665088.703421587,50.0,2026-04-24T07:33:23.898933+00:00
186,0.95,not_mound,not_mound,K-35-063-3_Tatarevo_4326_x0_y2688.png,K-35-063-3_Tatarevo_4326,335422.1152840493,4655240.980732566,50.0,2026-04-24T07:13:30.127780+00:00
187,0.2,not_mound,not_mound,K-35-063-3_Tatarevo_4326_x2016_y0.png,K-35-063-3_Tatarevo_4326,345127.70621359686,4669338.577258552,50.0,2026-04-24T07:22:59.985795+00:00
188,0.95,not_mound,not_mound,K-35-063-2_Chirpan_4326_x336_y3024.png,K-35-063-2_Chirpan_4326,357179.1640783944,4673012.229758484,50.0,2026-04-24T07:13:31.586553+00:00
189,1.0,mound,burial_mound,K-35-063-3_Tatarevo_4326_x2352_y0.png,K-35-063-3_Tatarevo_4326,347507.9864834915,4669765.703245373,50.0,2026-04-24T07:08:43.177467+00:00
190,1.0,mound,bench_mark_on_mound,K-35-063-2_Chirpan_4326_x672_y3360.png,K-35-063-2_Chirpan_4326,360210.92483379616,4669787.576622604,50.0,2026-04-24T07:08:44.916241+00:00
191,0.75,mound,bench_mark_on_mound,K-35-063-3_Tatarevo_4326_x2688_y0.png,K-35-063-3_Tatarevo_4326,349039.00597404124,4669619.656825498,50.0,2026-04-24T07:18:22.509448+00:00
192,0.85,not_mound,not_mound,K-35-063-3_Tatarevo_4326_x3360_y2352.png,K-35-063-3_Tatarevo_4326,352103.4401476873,4657693.896106356,50.0,2026-04-24T07:16:55.680032+00:00
193,1.0,mound,burial_mound,K-35-063-3_Tatarevo_4326_x336_y2352.png,K-35-063-3_Tatarevo_4326,336227.72605298815,4657948.600204409,125.0,2026-04-24T07:09:00.125080+00:00
194,0.85,mound,burial_mound,K-35-063-3_Tatarevo_4326_x3360_y3360.png,K-35-063-3_Tatarevo_4326,351072.1827149489,4651718.86425655,75.0,2026-04-24T07:17:00.506246+00:00
195,0.95,mound,burial_mound,K-35-063-3_Tatarevo_4326_x3360_y0.png,K-35-063-3_Tatarevo_4326,351902.91163635114,4669737.417435629,50.0,2026-04-24T07:13:32.683386+00:00
196,1.0,not_mound,not_mound,K-35-063-3_Tatarevo_4326_x2688_y2016.png,K-35-063-3_Tatarevo_4326,349124.3266651489,4660350.448824345,50.0,2026-04-24T07:09:04.329730+00:00
197,0.2,not_mound,not_mound,K-35-063-3_Tatarevo_4326_x4032_y1344.png,K-35-063-3_Tatarevo_4326,355046.5952695339,4661992.413654551,50.0,2026-04-24T07:23:01.146341+00:00
198,1.0,mound,burial_mound,K-35-063-3_Tatarevo_4326_x3696_y0.png,K-35-063-3_Tatarevo_4326,353142.4298021697,4669430.323889439,50.0,2026-04-24T07:09:05.685761+00:00
199,1.0,mound,burial_mound,K-35-063-3_Tatarevo_4326_x3360_y2016.png,K-35-063-3_Tatarevo_4326,351537.72996881313,4658527.770585188,50.0,2026-04-24T07:09:07.655237+00:00
200,0.2,not_mound,not_mound,K-35-063-2_Chirpan_4326_x4032_y3360.png,K-35-063-2_Chirpan_4326,375955.2834524429,4671073.540579713,50.0,2026-04-24T07:23:03.552664+00:00
201,0.4,not_mound,not_mound,K-35-063-4_Skobelevo_4326_x2016_y1008.png,K-35-063-4_Skobelevo_4326,365782.8933518967,4663581.065937327,50.0,2026-04-24T07:19:32.157805+00:00
202,0.95,mound,burial_mound,K-35-063-4_Skobelevo_4326_x1680_y2352.png,K-35-063-4_Skobelevo_4326,364803.82349879696,4657701.838374439,50.0,2026-04-24T07:13:33.944398+00:00
203,0.3,not_mound,not_mound,K-35-063-4_Skobelevo_4326_x2016_y3360.png,K-35-063-4_Skobelevo_4326,365292.4556362008,4652044.161544428,50.0,2026-04-24T07:20:48.342496+00:00
204,0.2,not_mound,not_mound,K-35-063-4_Skobelevo_4326_x1008_y2016.png,K-35-063-4_Skobelevo_4326,361328.98867708375,4659262.868686944,50.0,2026-04-24T07:23:04.852362+00:00
205,0.95,mound,bench_mark_on_mound,K-35-063-4_Skobelevo_4326_x1680_y1680.png,K-35-063-4_Skobelevo_4326,364532.7597470013,4660666.414176813,50.0,2026-04-24T07:13:35.194535+00:00
206,0.9,not_mound,not_mound,K-35-063-4_Skobelevo_4326_x1680_y2016.png,K-35-063-4_Skobelevo_4326,364863.47064308287,4658527.654467198,50.0,2026-04-24T07:16:10.533572+00:00
207,0.75,mound,trig_point_on_mound,K-35-063-4_Skobelevo_4326_x0_y2016.png,K-35-063-4_Skobelevo_4326,355727.5253552442,4658650.126085935,50.0,2026-04-24T07:18:23.836055+00:00
208,0.95,mound,burial_mound,K-35-063-4_Skobelevo_4326_x2352_y2016.png,K-35-063-4_Skobelevo_4326,367371.7883224383,4658929.912862474,50.0,2026-04-24T07:13:36.624551+00:00
209,0.95,mound,burial_mound,K-35-063-4_Skobelevo_4326_x2352_y2016.png,K-35-063-4_Skobelevo_4326,367470.8022789026,4658839.086589057,50.0,2026-04-24T07:13:37.547289+00:00
210,1.0,mound,burial_mound,K-35-063-4_Skobelevo_4326_x2352_y2016.png,K-35-063-4_Skobelevo_4326,367017.82227643975,4658775.280516761,50.0,2026-04-24T07:09:08.681665+00:00
211,0.4,not_mound,not_mound,K-35-063-4_Skobelevo_4326_x3360_y1008.png,K-35-063-4_Skobelevo_4326,371781.4237272837,4663611.220638708,50.0,2026-04-24T07:19:33.982129+00:00
212,0.2,not_mound,not_mound,K-35-063-1_Granit_4326_x2016_y672.png,K-35-063-1_Granit_4326,345528.23824414884,4684755.792471355,50.0,2026-04-24T07:23:05.992174+00:00
213,1.0,mound,burial_mound,K-35-063-4_Skobelevo_4326_x3360_y1344.png,K-35-063-4_Skobelevo_4326,373359.9284358333,4662828.45393409,75.0,2026-04-24T07:09:14.698526+00:00
214,0.2,mound,burial_mound,K-35-063-4_Skobelevo_4326_x672_y3360.png,K-35-063-4_Skobelevo_4326,358317.477777848,4651894.6939960895,150.0,2026-04-24T07:23:09.270768+00:00
215,0.95,mound,burial_mound,K-35-064-1_Sredets_4326_x0_y1344.png,K-35-064-1_Sredets_4326,376308.1749780679,4680729.429162501,50.0,2026-04-24T07:13:38.476274+00:00
216,0.95,mound,burial_mound,K-35-064-1_Sredets_4326_x0_y1008.png,K-35-064-1_Sredets_4326,376286.80753131525,4681249.179442548,50.0,2026-04-24T07:13:39.517357+00:00
217,0.15,not_mound,not_mound,K-35-064-1_Sredets_4326_x0_y3024.png,K-35-064-1_Sredets_4326,376063.3827635066,4671099.627791531,50.0,2026-04-24T07:33:26.284495+00:00
218,0.2,mound,trig_point_on_mound,K-35-064-1_Sredets_4326_x0_y0.png,K-35-064-1_Sredets_4326,376352.44325514935,4686329.490694784,50.0,2026-04-24T07:23:10.981082+00:00
219,1.0,mound,burial_mound,K-35-063-4_Skobelevo_4326_x336_y2688.png,K-35-063-4_Skobelevo_4326,357958.1876562806,4656050.361606848,200.0,2026-04-24T07:09:17.368651+00:00
220,0.2,not_mound,not_mound,K-35-064-1_Sredets_4326_x1344_y1680.png,K-35-064-1_Sredets_4326,382747.2806943171,4678743.594706086,50.0,2026-04-24T07:23:12.355896+00:00
221,0.95,mound,trig_point_on_mound,K-35-064-1_Sredets_4326_x1680_y3696.png,K-35-064-1_Sredets_4326,384959.8483687041,4669242.552195946,50.0,2026-04-24T07:13:40.927492+00:00
222,0.2,not_mound,not_mound,K-35-064-1_Sredets_4326_x2016_y1680.png,K-35-064-1_Sredets_4326,386240.0063022072,4677977.477620276,50.0,2026-04-24T07:23:13.691051+00:00
223,0.3,not_mound,not_mound,K-35-064-1_Sredets_4326_x1008_y336.png,K-35-064-1_Sredets_4326,381413.6253471667,4685279.63627887,50.0,2026-04-24T07:20:49.845707+00:00
224,1.0,mound,burial_mound,K-35-064-1_Sredets_4326_x1680_y2016.png,K-35-064-1_Sredets_4326,385952.66371219343,4677728.236845197,50.0,2026-04-24T07:09:18.676913+00:00
225,0.3,mound,burial_mound,K-35-064-1_Sredets_4326_x3024_y1344.png,K-35-064-1_Sredets_4326,390968.6371137159,4680222.991308107,100.0,2026-04-24T07:20:54.205081+00:00
226,1.0,mound,bench_mark_on_mound,K-35-064-1_Sredets_4326_x672_y2352.png,K-35-064-1_Sredets_4326,380591.7283379172,4674578.486884225,50.0,2026-04-24T07:09:20.267266+00:00
227,0.95,mound,bench_mark_on_mound,K-35-064-1_Sredets_4326_x3696_y3360.png,K-35-064-1_Sredets_4326,394904.3015284143,4670673.313529437,50.0,2026-04-24T07:13:42.955299+00:00
228,0.95,mound,burial_mound,K-35-064-1_Sredets_4326_x3696_y3360.png,K-35-064-1_Sredets_4326,395017.1638492156,4670575.342086999,50.0,2026-04-24T07:13:44.202906+00:00
229,0.95,mound,bench_mark_on_mound,K-35-064-1_Sredets_4326_x672_y1344.png,K-35-064-1_Sredets_4326,379834.9231416182,4680377.422836166,50.0,2026-04-24T07:13:46.007536+00:00
230,0.95,not_mound,not_mound,K-35-064-2_Radnevo_4326_x0_y336.png,K-35-064-2_Radnevo_4326,397445.8579263491,4685066.196564898,50.0,2026-04-24T07:13:47.870511+00:00
231,0.15,not_mound,not_mound,K-35-064-2_Radnevo_4326_x1344_y1680.png,K-35-064-2_Radnevo_4326,404177.9886473903,4678378.411165338,50.0,2026-04-24T07:33:27.530828+00:00
232,0.75,not_mound,not_mound,K-35-064-1_Sredets_4326_x2352_y3360.png,K-35-064-1_Sredets_4326,388196.95770795,4670094.741115759,50.0,2026-04-24T07:18:25.748645+00:00
233,0.95,mound,bench_mark_on_mound,K-35-064-2_Radnevo_4326_x1008_y3360.png,K-35-064-2_Radnevo_4326,401566.4132910119,4670331.763471307,50.0,2026-04-24T07:13:50.026978+00:00
234,0.15,not_mound,not_mound,K-35-064-1_Sredets_4326_x3696_y336.png,K-35-064-1_Sredets_4326,395024.10470611975,4685311.934364426,50.0,2026-04-24T07:33:28.542010+00:00
235,0.4,mound,burial_mound,K-35-064-1_Sredets_4326_x1680_y672.png,K-35-064-1_Sredets_4326,385663.7202425817,4683888.246978293,200.0,2026-04-24T07:19:36.558024+00:00
236,0.2,not_mound,not_mound,K-35-064-1_Sredets_4326_x1680_y672.png,K-35-064-1_Sredets_4326,385192.4492443162,4683411.466148703,50.0,2026-04-24T07:23:14.861218+00:00
237,0.3,not_mound,not_mound,K-35-064-2_Radnevo_4326_x1680_y672.png,K-35-064-2_Radnevo_4326,405322.2176882825,4682754.743191684,50.0,2026-04-24T07:20:55.444361+00:00
238,0.2,not_mound,not_mound,K-35-064-2_Radnevo_4326_x2016_y1008.png,K-35-064-2_Radnevo_4326,407108.20920896594,4681808.780630651,50.0,2026-04-24T07:23:15.866975+00:00
239,0.2,not_mound,not_mound,K-35-064-1_Sredets_4326_x672_y336.png,K-35-064-1_Sredets_4326,379228.05972143577,4685179.537179826,50.0,2026-04-24T07:23:16.879267+00:00
240,1.0,mound,burial_mound,K-35-064-2_Radnevo_4326_x1344_y3360.png,K-35-064-2_Radnevo_4326,404715.1688837147,4670426.298780142,75.0,2026-04-24T07:09:23.707816+00:00
241,1.0,mound,burial_mound,K-35-064-2_Radnevo_4326_x1008_y2352.png,K-35-064-2_Radnevo_4326,402020.0045664273,4674943.841434854,50.0,2026-04-24T07:09:25.126077+00:00
242,0.75,mound,trig_point_on_mound,K-35-064-2_Radnevo_4326_x1008_y1344.png,K-35-064-2_Radnevo_4326,402577.7380647367,4679936.558518786,50.0,2026-04-24T07:18:27.099200+00:00
243,0.65,mound,burial_mound,K-35-064-2_Radnevo_4326_x2016_y1344.png,K-35-064-2_Radnevo_4326,406718.96914066834,4679740.861895351,50.0,2026-04-24T07:18:54.634878+00:00
244,0.4,mound,bench_mark_on_mound,K-35-064-2_Radnevo_4326_x1680_y1344.png,K-35-064-2_Radnevo_4326,405263.4086908242,4680033.316239296,50.0,2026-04-24T07:19:38.222096+00:00
245,0.15,not_mound,not_mound,K-35-064-2_Radnevo_4326_x2016_y672.png,K-35-064-2_Radnevo_4326,407510.1428801473,4683829.46611782,50.0,2026-04-24T07:33:30.593178+00:00
246,1.0,mound,settlement_mound,K-35-064-2_Radnevo_4326_x2688_y336.png,K-35-064-2_Radnevo_4326,410542.51199122175,4684923.794782166,50.0,2026-04-24T07:09:29.053422+00:00
247,0.95,mound,trig_point_on_mound,K-35-064-2_Radnevo_4326_x3024_y336.png,K-35-064-2_Radnevo_4326,412490.8523863407,4685076.901505082,50.0,2026-04-24T07:13:51.056308+00:00
248,0.85,not_mound,not_mound,K-35-063-1_Granit_4326_x0_y2016.png,K-35-063-1_Granit_4326,335784.6927601653,4677740.871807858,50.0,2026-04-24T07:17:03.267251+00:00
249,0.85,mound,burial_mound,K-35-063-1_Granit_4326_x0_y2016.png,K-35-063-1_Granit_4326,335648.5005298831,4677216.104008463,100.0,2026-04-24T07:17:08.577792+00:00
250,0.2,mound,burial_mound,K-35-064-2_Radnevo_4326_x1680_y3360.png,K-35-064-2_Radnevo_4326,405161.4733661217,4669770.718734568,50.0,2026-04-24T07:23:18.095389+00:00
251,1.0,mound,burial_mound,K-35-064-2_Radnevo_4326_x3360_y672.png,K-35-064-2_Radnevo_4326,413664.2577753663,4683570.800312139,50.0,2026-04-24T07:09:30.384080+00:00
252,0.2,not_mound,not_mound,K-35-064-3_Dimitrovgrad_4326_x1008_y2688.png,K-35-064-3_Dimitrovgrad_4326,381042.9560563113,4655279.603902673,50.0,2026-04-24T07:23:21.174311+00:00
253,0.4,not_mound,not_mound,K-35-064-2_Radnevo_4326_x3360_y1344.png,K-35-064-2_Radnevo_4326,413918.76090077264,4680087.499455154,50.0,2026-04-24T07:19:39.764341+00:00
254,0.85,not_mound,not_mound,K-35-064-2_Radnevo_4326_x3360_y1344.png,K-35-064-2_Radnevo_4326,414003.5832166002,4679476.782619643,50.0,2026-04-24T07:17:10.209169+00:00
255,0.2,not_mound,not_mound,K-35-064-2_Radnevo_4326_x672_y1008.png,K-35-064-2_Radnevo_4326,400082.98236632417,4681971.884457546,50.0,2026-04-24T07:23:22.443065+00:00
256,0.4,not_mound,not_mound,K-35-064-2_Radnevo_4326_x672_y1008.png,K-35-064-2_Radnevo_4326,400591.5993882477,4681590.395299943,50.0,2026-04-24T07:19:40.803738+00:00
257,0.85,mound,bench_mark_on_mound,K-35-064-2_Radnevo_4326_x3360_y2688.png,K-35-064-2_Radnevo_4326,414987.31029263546,4673288.131219803,50.0,2026-04-24T07:17:11.446334+00:00
258,0.2,not_mound,not_mound,K-35-064-2_Radnevo_4326_x4032_y672.png,K-35-064-2_Radnevo_4326,417244.47114332335,4683672.695254949,50.0,2026-04-24T07:23:24.048126+00:00
259,0.2,mound,bench_mark_on_mound,K-35-064-3_Dimitrovgrad_4326_x0_y1680.png,K-35-064-3_Dimitrovgrad_4326,375868.833897092,4659323.567049792,50.0,2026-04-24T07:23:25.597931+00:00
260,1.0,mound,burial_mound,K-35-064-3_Dimitrovgrad_4326_x0_y2016.png,K-35-064-3_Dimitrovgrad_4326,375860.9591228114,4659186.091430183,50.0,2026-04-24T07:09:31.449351+00:00
261,0.3,not_mound,not_mound,K-35-064-2_Radnevo_4326_x336_y1344.png,K-35-064-2_Radnevo_4326,399435.713540248,4679715.293277113,50.0,2026-04-24T07:20:56.688480+00:00
262,0.4,not_mound,not_mound,K-35-064-2_Radnevo_4326_x336_y1344.png,K-35-064-2_Radnevo_4326,399276.4714819235,4679368.071208625,50.0,2026-04-24T07:19:41.967368+00:00
263,0.95,mound,bench_mark_on_mound,K-35-063-4_Skobelevo_4326_x2016_y2016.png,K-35-063-4_Skobelevo_4326,364871.47552186507,4658132.184380439,200.0,2026-04-24T07:13:55.201581+00:00
264,1.0,not_mound,not_mound,K-35-064-3_Dimitrovgrad_4326_x2352_y1008.png,K-35-064-3_Dimitrovgrad_4326,387810.507345555,4664203.327422328,50.0,2026-04-24T07:09:32.890755+00:00
265,0.15,not_mound,not_mound,K-35-064-3_Dimitrovgrad_4326_x672_y1680.png,K-35-064-3_Dimitrovgrad_4326,380119.77796217497,4659677.490959671,50.0,2026-04-24T07:33:33.689120+00:00
266,0.85,mound,burial_mound,K-35-064-3_Dimitrovgrad_4326_x4032_y1008.png,K-35-064-3_Dimitrovgrad_4326,396492.2142937911,4662802.316746469,50.0,2026-05-03T00:22:56.952891+00:00
267,0.2,not_mound,not_mound,K-35-064-3_Dimitrovgrad_4326_x2016_y672.png,K-35-064-3_Dimitrovgrad_4326,387361.6061393038,4665544.117472541,50.0,2026-04-24T07:23:27.116915+00:00
268,0.85,mound,burial_mound,K-35-064-4_Galabovo_4326_x0_y3360.png,K-35-064-4_Galabovo_4326,396602.6471274871,4651160.095470954,50.0,2026-04-24T07:17:12.591570+00:00
269,1.0,mound,bench_mark_on_mound,K-35-064-4_Galabovo_4326_x1008_y1344.png,K-35-064-4_Galabovo_4326,402442.7488019815,4660693.430250245,50.0,2026-04-24T07:09:34.365689+00:00
270,0.2,not_mound,not_mound,K-35-064-4_Galabovo_4326_x1680_y3360.png,K-35-064-4_Galabovo_4326,405549.9479889354,4651640.025036705,50.0,2026-04-24T07:23:29.029853+00:00
271,1.0,mound,burial_mound,K-35-064-4_Galabovo_4326_x0_y1008.png,K-35-064-4_Galabovo_4326,396586.40710913134,4662689.657356893,50.0,2026-04-24T07:09:35.535075+00:00
272,1.0,mound,burial_mound,K-35-064-4_Galabovo_4326_x2352_y3360.png,K-35-064-4_Galabovo_4326,409828.2127801005,4650528.339834765,50.0,2026-04-24T07:09:36.630884+00:00
273,0.85,mound,trig_point_on_mound,K-35-064-4_Galabovo_4326_x3024_y1344.png,K-35-064-4_Galabovo_4326,412181.9860138438,4661135.170673768,50.0,2026-04-24T07:17:13.864804+00:00
274,0.15,not_mound,not_mound,K-35-064-4_Galabovo_4326_x3024_y2688.png,K-35-064-4_Galabovo_4326,412247.974839073,4654210.210782511,50.0,2026-04-24T07:33:35.884101+00:00
275,0.3,not_mound,not_mound,K-35-064-4_Galabovo_4326_x3696_y1008.png,K-35-064-4_Galabovo_4326,414963.7846639825,4663321.459004155,50.0,2026-04-24T07:20:58.426066+00:00
276,0.2,not_mound,not_mound,K-35-064-3_Dimitrovgrad_4326_x672_y2688.png,K-35-064-3_Dimitrovgrad_4326,379909.41742334526,4655374.82010262,50.0,2026-04-24T07:23:30.304924+00:00
277,0.4,mound,trig_point_on_mound,K-35-064-4_Galabovo_4326_x672_y672.png,K-35-064-4_Galabovo_4326,400305.89080441126,4665621.473029998,200.0,2026-04-24T07:19:45.259190+00:00
278,0.85,not_mound,not_mound,K-35-065-1_Radetski_4326_x1008_y0.png,K-35-065-1_Radetski_4326,423967.2233799341,4685890.126327308,50.0,2026-04-24T07:17:15.144841+00:00
279,0.75,not_mound,not_mound,K-35-065-1_Radetski_4326_x1008_y336.png,K-35-065-1_Radetski_4326,423206.8970535683,4685497.967081982,50.0,2026-04-24T07:18:28.459874+00:00
280,0.4,not_mound,not_mound,K-35-065-1_Radetski_4326_x1344_y0.png,K-35-065-1_Radetski_4326,423946.90952284855,4685886.34885856,50.0,2026-04-24T07:19:46.621288+00:00
281,0.95,mound,settlement_mound,K-35-065-1_Radetski_4326_x1680_y1680.png,K-35-065-1_Radetski_4326,426758.7663616908,4678382.894379477,50.0,2026-04-24T07:13:58.179575+00:00
282,0.2,not_mound,not_mound,K-35-064-4_Galabovo_4326_x1680_y0.png,K-35-064-4_Galabovo_4326,405272.764194577,4667632.314318312,50.0,2026-04-24T07:23:31.539098+00:00
283,0.85,not_mound,not_mound,K-35-065-1_Radetski_4326_x1680_y0.png,K-35-065-1_Radetski_4326,426498.8183036123,4685722.432073592,50.0,2026-04-24T07:17:16.277699+00:00
284,0.3,not_mound,not_mound,K-35-065-1_Radetski_4326_x2016_y2352.png,K-35-065-1_Radetski_4326,428385.9188730425,4674094.512218593,50.0,2026-04-24T07:21:00.153473+00:00
285,0.2,not_mound,not_mound,K-35-065-1_Radetski_4326_x2688_y1680.png,K-35-065-1_Radetski_4326,431739.8073578583,4677262.052128627,50.0,2026-04-24T07:23:32.638007+00:00
286,0.35,not_mound,not_mound,K-35-065-1_Radetski_4326_x3024_y1344.png,K-35-065-1_Radetski_4326,432827.67630937207,4680066.678059234,50.0,2026-04-24T07:20:40.048615+00:00
287,0.85,not_mound,not_mound,K-35-065-1_Radetski_4326_x336_y1008.png,K-35-065-1_Radetski_4326,420049.8070462223,4682055.033648212,50.0,2026-04-24T07:17:17.459235+00:00
288,0.15,not_mound,not_mound,K-35-065-1_Radetski_4326_x336_y336.png,K-35-065-1_Radetski_4326,420419.159443158,4684180.45038922,50.0,2026-04-24T07:33:37.406095+00:00
289,1.0,not_mound,not_mound,K-35-065-1_Radetski_4326_x336_y1680.png,K-35-065-1_Radetski_4326,420239.0060748042,4678143.701715489,50.0,2026-04-24T07:09:39.420867+00:00
290,0.4,not_mound,not_mound,K-35-065-1_Radetski_4326_x2016_y672.png,K-35-065-1_Radetski_4326,428778.6442119071,4682549.709749467,50.0,2026-04-24T07:19:47.792975+00:00
291,0.95,mound,bench_mark_on_mound,K-35-065-2_GManastir_4326_x0_y1008.png,K-35-065-2_GManastir_4326,438111.9427891661,4680944.570820261,50.0,2026-04-24T07:13:59.656738+00:00
292,1.0,mound,burial_mound,K-35-065-1_Radetski_4326_x3696_y1344.png,K-35-065-1_Radetski_4326,436760.34271751647,4680126.224516988,50.0,2026-04-24T07:09:40.639829+00:00
293,0.75,not_mound,not_mound,K-35-065-1_Radetski_4326_x672_y1344.png,K-35-065-1_Radetski_4326,421236.6625542153,4679067.152827581,50.0,2026-04-24T07:18:29.805657+00:00
294,0.2,not_mound,not_mound,K-35-065-1_Radetski_4326_x3696_y3024.png,K-35-065-1_Radetski_4326,437373.8541753061,4671747.630614892,50.0,2026-04-24T07:23:33.726079+00:00
295,1.0,not_mound,not_mound,K-35-065-1_Radetski_4326_x2688_y672.png,K-35-065-1_Radetski_4326,431344.0809902721,4682703.264264451,50.0,2026-04-24T07:09:48.905600+00:00
296,0.2,not_mound,not_mound,K-35-065-1_Radetski_4326_x3360_y336.png,K-35-065-1_Radetski_4326,435788.068895794,4684038.378907438,50.0,2026-04-24T07:23:35.013350+00:00
297,0.4,not_mound,not_mound,K-35-065-1_Radetski_4326_x2688_y2352.png,K-35-065-1_Radetski_4326,431267.8182332832,4674707.615386704,50.0,2026-04-24T07:19:48.922090+00:00
298,0.4,mound,burial_mound,K-35-065-2_GManastir_4326_x1680_y2688.png,K-35-065-2_GManastir_4326,447636.83960636857,4673137.89754256,125.0,2026-04-24T07:19:52.848794+00:00
299,0.15,not_mound,not_mound,K-35-065-1_Radetski_4326_x336_y3360.png,K-35-065-1_Radetski_4326,419404.8294421242,4669847.294907447,50.0,2026-04-24T07:33:38.991504+00:00
300,0.95,mound,burial_mound,K-35-065-2_GManastir_4326_x2688_y1680.png,K-35-065-2_GManastir_4326,451567.4909682188,4677749.972065454,50.0,2026-04-24T07:14:01.024433+00:00
301,0.15,not_mound,not_mound,K-35-065-2_GManastir_4326_x2352_y2688.png,K-35-065-2_GManastir_4326,450971.9735445005,4672590.55338012,50.0,2026-04-24T07:33:40.339187+00:00
302,0.2,not_mound,not_mound,K-35-064-1_Sredets_4326_x2688_y0.png,K-35-064-1_Sredets_4326,389524.3074227216,4686307.264357909,50.0,2026-04-24T07:23:36.438084+00:00
303,0.2,mound,burial_mound,K-35-065-3_Glavan_4326_x0_y2016.png,K-35-065-3_Glavan_4326,418501.2724968621,4658038.54397042,100.0,2026-04-24T07:23:39.992701+00:00
304,0.2,not_mound,not_mound,K-35-065-2_GManastir_4326_x3024_y1008.png,K-35-065-2_GManastir_4326,454200.2927960191,4681282.91605135,50.0,2026-04-24T07:23:41.418153+00:00
305,1.0,not_mound,not_mound,K-35-065-3_Glavan_4326_x2016_y336.png,K-35-065-3_Glavan_4326,428830.9808724509,4667003.104719859,50.0,2026-04-24T07:09:52.949308+00:00
306,0.95,mound,burial_mound,K-35-065-3_Glavan_4326_x2352_y1008.png,K-35-065-3_Glavan_4326,428981.4883383527,4663286.277721455,50.0,2026-04-24T07:14:02.131013+00:00
307,0.85,mound,burial_mound,K-35-065-3_Glavan_4326_x3024_y336.png,K-35-065-3_Glavan_4326,433208.5245736612,4665522.511577818,75.0,2026-04-24T07:17:21.978363+00:00
308,0.15,not_mound,not_mound,K-35-065-3_Glavan_4326_x1344_y1008.png,K-35-065-3_Glavan_4326,425251.9909596043,4662130.371463489,50.0,2026-04-24T07:33:41.476145+00:00
309,0.2,not_mound,not_mound,K-35-065-3_Glavan_4326_x336_y2352.png,K-35-065-3_Glavan_4326,418854.88450338616,4655850.974600659,50.0,2026-04-24T07:23:42.900818+00:00
310,0.4,not_mound,not_mound,K-35-065-3_Glavan_4326_x3360_y1680.png,K-35-065-3_Glavan_4326,434884.5110560564,4659570.343965232,50.0,2026-04-24T07:19:54.888253+00:00
311,1.0,mound,burial_mound,K-35-065-3_Glavan_4326_x3360_y2352.png,K-35-065-3_Glavan_4326,435099.2198010619,4655871.05012432,50.0,2026-04-24T07:09:54.903072+00:00
312,0.35,mound,burial_mound,K-35-065-3_Glavan_4326_x3360_y2688.png,K-35-065-3_Glavan_4326,434292.3769345687,4655091.328310406,50.0,2026-04-24T07:20:41.265167+00:00
313,0.95,mound,trig_point_on_mound,K-35-065-3_Glavan_4326_x3360_y2688.png,K-35-065-3_Glavan_4326,434783.5353729999,4655174.286637764,50.0,2026-04-24T07:14:03.481159+00:00
314,0.65,not_mound,not_mound,K-35-065-3_Glavan_4326_x2688_y2688.png,K-35-065-3_Glavan_4326,431379.5693765373,4653702.185959713,50.0,2026-04-24T07:18:56.126126+00:00
315,0.85,mound,bench_mark_on_mound,K-35-065-3_Glavan_4326_x672_y2016.png,K-35-065-3_Glavan_4326,420561.3754796316,4656903.761861352,50.0,2026-04-24T07:17:23.543706+00:00
316,0.95,mound,burial_mound,K-35-065-4_x336_y3024.png,K-35-065-4,440984.5030239015,4653204.693385618,200.0,2026-04-24T07:14:08.100112+00:00
317,0.15,not_mound,not_mound,K-35-065-4_x672_y2688.png,K-35-065-4,441935.9361471509,4653392.368545839,50.0,2026-04-24T07:33:42.786649+00:00
318,0.2,not_mound,not_mound,K-35-065-4_x4032_y1008.png,K-35-065-4,458413.2536961063,4662391.293164186,50.0,2026-04-24T07:23:44.245079+00:00
319,0.2,mound,bench_mark_on_mound,K-35-066-1_x0_y3360.png,K-35-066-1,460223.6753734264,4668697.565592001,100.0,2026-04-24T07:23:53.727515+00:00
320,0.3,not_mound,not_mound,K-35-065-4_x336_y2688.png,K-35-065-4,441313.24431467615,4653224.058868949,50.0,2026-04-24T07:21:01.235569+00:00
321,0.15,not_mound,not_mound,K-35-065-4_x672_y2352.png,K-35-065-4,442290.9396487019,4655375.934732614,50.0,2026-04-24T07:33:44.105698+00:00
322,0.2,mound,burial_mound,K-35-066-1_x1008_y336.png,K-35-066-1,463951.577220375,4684099.629549613,100.0,2026-04-24T07:23:57.510384+00:00
323,0.95,mound,bench_mark_on_mound,K-35-066-1_x1008_y1680.png,K-35-066-1,464758.0223368401,4678016.011820737,50.0,2026-04-24T07:14:09.343543+00:00
324,0.15,not_mound,not_mound,K-35-066-1_x1008_y0.png,K-35-066-1,463990.8071896469,4685993.18531289,50.0,2026-04-24T07:33:45.135283+00:00
325,0.85,mound,burial_mound,K-35-066-1_x2352_y1344.png,K-35-066-1,472048.5506763278,4678888.512730005,50.0,2026-04-24T07:17:25.209085+00:00
326,1.0,mound,burial_mound,K-35-066-1_x2688_y1344.png,K-35-066-1,472830.5969812005,4679673.022582992,75.0,2026-04-24T07:09:57.788870+00:00
327,0.95,not_mound,not_mound,K-35-066-1_x3024_y2352.png,K-35-066-1,474535.621129884,4673946.43540257,50.0,2026-04-24T07:14:11.403865+00:00
328,1.0,mound,burial_mound,K-35-066-1_x1680_y672.png,K-35-066-1,468883.0658312381,4681732.029616856,200.0,2026-04-24T07:10:01.103370+00:00
329,0.95,mound,bench_mark_on_mound,K-35-065-4_x1680_y2352.png,K-35-065-4,448001.5990013415,4655459.932047014,200.0,2026-04-24T07:14:14.062408+00:00
330,1.0,mound,burial_mound,K-35-066-1_x3360_y2016.png,K-35-066-1,476002.66837481176,4674951.91693765,50.0,2026-04-24T07:10:02.413860+00:00
331,0.95,mound,bench_mark_on_mound,K-35-066-1_x3360_y1680.png,K-35-066-1,477268.2642779895,4677249.79710649,50.0,2026-04-24T07:14:15.764181+00:00
332,0.4,not_mound,not_mound,K-35-066-1_x1680_y0.png,K-35-066-1,468818.4757220879,4686693.240316002,50.0,2026-04-24T07:19:56.150996+00:00
333,0.2,not_mound,not_mound,K-35-066-1_x1008_y1008.png,K-35-066-1,463701.6852375631,4680704.715030784,50.0,2026-04-24T07:23:58.865415+00:00
334,0.2,not_mound,not_mound,K-35-066-2_x1008_y3024.png,K-35-066-2,485259.9617352889,4670457.114889549,50.0,2026-04-24T07:24:01.092665+00:00
335,1.0,mound,bench_mark_on_mound,K-35-066-1_x3696_y2688.png,K-35-066-1,478228.48959598,4671660.953159256,200.0,2026-04-24T07:10:06.155481+00:00
336,0.2,mound,burial_mound,K-35-066-2_x1680_y336.png,K-35-066-2,488609.0220775832,4684368.461945772,150.0,2026-04-24T07:24:04.491007+00:00
337,0.2,not_mound,not_mound,K-35-066-1_x672_y1680.png,K-35-066-1,463010.2628100753,4677523.770857617,50.0,2026-04-24T07:24:06.823364+00:00
338,0.15,not_mound,not_mound,K-35-066-1_x672_y1680.png,K-35-066-1,462998.3117213226,4677416.127775809,50.0,2026-04-24T07:33:47.209545+00:00
339,0.95,mound,burial_mound,K-35-066-2_x2016_y1344.png,K-35-066-2,490149.63060012745,4678187.053548494,100.0,2026-04-24T07:14:22.274063+00:00
340,0.15,mound,burial_mound,K-35-066-1_x3696_y672.png,K-35-066-1,478807.1799281787,4682092.009023982,75.0,2026-04-24T07:33:55.697047+00:00
341,0.85,mound,bench_mark_on_mound,K-35-066-2_x3360_y1344.png,K-35-066-2,497914.2418022484,4679156.004143384,50.0,2026-04-24T07:17:26.443001+00:00
342,0.4,not_mound,not_mound,K-35-066-3_x0_y0.png,K-35-066-3,460373.0563130751,4667646.3241803255,50.0,2026-04-24T07:19:57.169127+00:00
343,0.75,mound,burial_mound,K-35-066-3_x2352_y672.png,K-35-066-3,471013.0567938497,4663667.631000503,75.0,2026-04-24T07:18:34.038248+00:00
344,0.85,mound,bench_mark_on_mound,K-35-066-3_x0_y2688.png,K-35-066-3,458802.0555012611,4653952.391023156,50.0,2026-04-24T07:17:27.558183+00:00
345,0.95,mound,bench_mark_on_mound,K-35-066-2_x672_y2016.png,K-35-066-2,484178.2310907504,4674946.8793274,200.0,2026-04-24T07:14:26.033479+00:00
346,0.2,not_mound,not_mound,K-35-066-3_x1680_y2016.png,K-35-066-3,467983.8459318578,4656479.993340618,50.0,2026-04-24T07:24:08.346130+00:00
347,1.0,mound,burial_mound,K-35-066-4_x1680_y0.png,K-35-066-4,488511.695400468,4667447.854158009,75.0,2026-04-24T07:10:10.164532+00:00
348,0.2,not_mound,not_mound,K-35-066-4_x1680_y2016.png,K-35-066-4,489180.6866739389,4656384.973103474,50.0,2026-04-24T07:24:09.462478+00:00
349,0.95,mound,bench_mark_on_mound,K-35-066-3_x2352_y1008.png,K-35-066-3,471765.2877252961,4662232.477529847,50.0,2026-04-24T07:14:27.538753+00:00
350,1.0,mound,burial_mound,K-35-066-3_x3024_y672.png,K-35-066-3,475138.909735809,4664354.513716782,200.0,2026-04-24T07:10:14.003835+00:00
351,1.0,not_mound,not_mound,K-35-066-3_x3024_y672.png,K-35-066-3,475397.71137517545,4664030.612362674,50.0,2026-04-24T07:10:15.767044+00:00
352,0.15,not_mound,not_mound,K-35-066-4_x2688_y1008.png,K-35-066-4,493473.377486477,4662325.846667882,50.0,2026-04-24T07:33:57.045822+00:00
353,1.0,not_mound,not_mound,K-35-066-4_x2688_y0.png,K-35-066-4,494344.960891259,4667564.675626693,50.0,2026-04-24T07:10:17.670613+00:00
354,0.95,mound,burial_mound,K-35-066-2_x1008_y1680.png,K-35-066-2,486076.8062507189,4676591.163768969,200.0,2026-04-24T07:14:30.461766+00:00
355,0.15,not_mound,not_mound,K-35-066-4_x336_y3024.png,K-35-066-4,481404.9944832083,4652088.708927815,50.0,2026-04-24T07:33:58.402911+00:00
356,1.0,mound,burial_mound,K-35-066-3_x672_y672.png,K-35-066-3,463737.8940983589,4664388.995932738,50.0,2026-04-24T07:10:19.218922+00:00
357,0.95,mound,bench_mark_on_mound,K-35-066-1_x3360_y3696.png,K-35-066-1,476953.8682063625,4668298.022882192,50.0,2026-04-24T07:14:36.196410+00:00
358,0.85,mound,bench_mark_on_mound,K-35-066-2_x3360_y2016.png,K-35-066-2,496663.9833479584,4674898.013031779,200.0,2026-04-24T07:17:30.782737+00:00
359,1.0,mound,burial_mound,K-35-067-1_x0_y0.png,K-35-067-1,500424.2483717755,4685908.2756033335,50.0,2026-04-24T07:10:20.098181+00:00
360,0.15,mound,burial_mound,K-35-067-1_x2352_y672.png,K-35-067-1,512153.2551182226,4682726.75444922,50.0,2026-04-24T07:34:01.739914+00:00
361,1.0,mound,burial_mound,K-35-067-1_x336_y0.png,K-35-067-1,502337.4697837158,4685585.873209022,50.0,2026-04-24T07:10:21.044103+00:00
362,0.2,not_mound,not_mound,K-35-067-1_x672_y3024.png,K-35-067-1,504508.4276884169,4671034.719622457,50.0,2026-04-24T07:24:10.824720+00:00
363,0.2,not_mound,not_mound,K-35-067-1_x3696_y2016.png,K-35-067-1,519358.8825891405,4675375.321403862,50.0,2026-04-24T07:24:12.244159+00:00
364,0.95,mound,burial_mound,K-35-067-1_x336_y672.png,K-35-067-1,502663.0891545942,4681942.159727911,50.0,2026-04-24T07:14:37.435160+00:00
365,0.85,mound,burial_mound,K-35-067-2_x3024_y1680.png,K-35-067-2,537024.4722273634,4678024.176067274,50.0,2026-04-24T07:17:32.622586+00:00
366,1.0,mound,burial_mound,K-35-067-2_x1344_y3360.png,K-35-067-2,528165.7286629648,4669568.305292585,50.0,2026-04-24T07:10:22.920512+00:00
367,0.95,mound,burial_mound,K-35-067-2_x2352_y3024.png,K-35-067-2,532851.4243788247,4670110.454781097,50.0,2026-04-24T07:14:38.490637+00:00
368,0.2,mound,burial_mound,K-35-067-2_x2352_y1680.png,K-35-067-2,533428.5907884849,4677201.805647407,50.0,2026-04-24T07:24:16.070396+00:00
369,1.0,not_mound,not_mound,K-35-067-3_x1008_y1680.png,K-35-067-3,506524.7205320041,4659639.895953834,50.0,2026-04-24T07:10:26.617444+00:00
370,0.4,mound,burial_mound,K-35-067-3_x0_y2352.png,K-35-067-3,501266.599456892,4656332.181735454,50.0,2026-04-24T07:19:59.441492+00:00
371,1.0,mound,burial_mound,K-35-067-3_x1680_y672.png,K-35-067-3,510032.87831832346,4664529.6015602825,50.0,2026-04-24T07:10:27.717551+00:00
372,0.4,not_mound,not_mound,K-35-066-4_x2688_y2352.png,K-35-066-4,493687.4481347521,4655880.659840032,50.0,2026-04-24T07:20:00.779780+00:00
373,0.15,not_mound,not_mound,K-35-066-4_x2352_y3360.png,K-35-066-4,491609.896531247,4650747.918601782,50.0,2026-04-24T07:34:03.679756+00:00
374,1.0,not_mound,not_mound,K-35-066-4_x3024_y336.png,K-35-066-4,495573.3630244167,4664926.348558785,50.0,2026-04-24T07:10:29.020041+00:00
375,0.95,mound,burial_mound,K-35-067-3_x3360_y0.png,K-35-067-3,516787.37647375104,4666770.74189507,75.0,2026-04-24T07:14:50.811166+00:00
376,0.15,not_mound,not_mound,K-35-067-3_x2352_y2016.png,K-35-067-3,512786.9906550533,4657747.712817986,50.0,2026-04-24T07:34:05.439746+00:00
377,1.0,mound,burial_mound,K-35-067-3_x336_y1008.png,K-35-067-3,502327.5937977503,4661840.785082137,50.0,2026-04-24T07:10:30.087109+00:00
378,1.0,not_mound,not_mound,K-35-067-3_x336_y336.png,K-35-067-3,503461.9361799026,4664835.873882236,50.0,2026-04-24T07:10:32.038450+00:00
379,0.4,not_mound,not_mound,K-35-067-1_x336_y2352.png,K-35-067-1,502906.09179934114,4674042.533616149,50.0,2026-04-24T07:20:02.253835+00:00
380,0.15,not_mound,not_mound,K-35-067-3_x2016_y3024.png,K-35-067-3,511690.0393141893,4651493.602475652,50.0,2026-04-24T07:34:06.966455+00:00
381,1.0,not_mound,not_mound,K-35-067-4_x1008_y3360.png,K-35-067-4,526902.1389948106,4649963.820854079,50.0,2026-04-24T07:10:33.963846+00:00
382,0.15,not_mound,not_mound,K-35-067-3_x3696_y336.png,K-35-067-3,519237.2232809626,4665131.827970232,50.0,2026-04-24T07:34:08.246912+00:00
383,1.0,mound,burial_mound,K-35-067-4_x1680_y2016.png,K-35-067-4,530792.5703265485,4657524.708227453,50.0,2026-04-24T07:10:35.224206+00:00
384,0.2,mound,bench_mark_on_mound,K-35-067-4_x3360_y1344.png,K-35-067-4,538148.1005075115,4660655.291316852,50.0,2026-04-24T07:24:17.515966+00:00
385,1.0,mound,burial_mound,K-35-067-4_x2016_y2016.png,K-35-067-4,530973.9755533587,4657453.884171,50.0,2026-04-24T07:10:36.616897+00:00
386,0.2,mound,burial_mound,K-35-067-4_x3024_y0.png,K-35-067-4,536786.7229324138,4667694.336684181,200.0,2026-04-24T07:24:20.858523+00:00
387,1.0,not_mound,not_mound,K-35-067-4_x2688_y2352.png,K-35-067-4,534523.3723945109,4654841.833185059,50.0,2026-04-24T07:10:38.290851+00:00
388,0.2,not_mound,not_mound,K-35-074-1_x2352_y1680.png,K-35-074-1,305095.7582708697,4643567.387263443,50.0,2026-04-24T07:24:22.112012+00:00
389,0.75,mound,burial_mound,K-35-074-1_x2352_y3024.png,K-35-074-1,305373.51264923153,4635748.711786588,200.0,2026-04-24T07:18:36.730748+00:00
390,0.4,not_mound,not_mound,K-35-074-1_x1344_y672.png,K-35-074-1,299855.0922221486,4647689.471003083,50.0,2026-04-24T07:20:03.592760+00:00
391,0.15,not_mound,not_mound,K-35-074-1_x1344_y1008.png,K-35-074-1,300439.08915658965,4647233.524458845,50.0,2026-04-24T07:34:09.597586+00:00
392,0.2,not_mound,not_mound,K-35-074-1_x1344_y1008.png,K-35-074-1,299846.4244283672,4646384.420349565,50.0,2026-04-24T07:24:23.148098+00:00
393,0.2,not_mound,not_mound,K-35-067-4_x336_y3360.png,K-35-067-4,523342.47499020654,4650422.311064674,50.0,2026-04-24T07:24:24.534757+00:00
394,0.2,not_mound,not_mound,K-35-074-1_x2688_y336.png,K-35-074-1,306098.6188333996,4650316.431077309,50.0,2026-04-24T07:24:26.336642+00:00
395,0.15,not_mound,not_mound,K-35-074-1_x2352_y2016.png,K-35-074-1,305461.2928036189,4641600.20875268,50.0,2026-04-24T07:34:10.816244+00:00
396,0.4,not_mound,not_mound,K-35-074-1_x672_y2688.png,K-35-074-1,296576.9050437178,4637939.505088117,50.0,2026-04-24T07:20:05.287993+00:00
397,0.75,not_mound,not_mound,K-35-074-1_x0_y2688.png,K-35-074-1,293393.5897975819,4638211.305986725,50.0,2026-04-24T07:18:38.399625+00:00
398,0.85,not_mound,not_mound,K-35-074-2_x0_y3360.png,K-35-074-2,314522.78939880827,4633506.687281493,50.0,2026-04-24T07:17:34.658722+00:00
399,0.65,not_mound,not_mound,K-35-074-2_x1680_y1680.png,K-35-074-2,322505.9948618846,4642697.550833932,50.0,2026-04-24T07:18:57.778436+00:00
400,0.2,not_mound,not_mound,K-35-067-3_x3024_y1344.png,K-35-067-3,515388.89514481806,4660542.328544445,50.0,2026-04-24T07:24:27.615725+00:00
401,0.85,not_mound,not_mound,K-35-074-2_x2016_y336.png,K-35-074-2,323767.4400172351,4648925.568840511,50.0,2026-04-24T07:17:36.628306+00:00
402,0.2,not_mound,not_mound,K-35-074-2_x2352_y3360.png,K-35-074-2,325852.6596790181,4634259.307382614,50.0,2026-04-24T07:24:29.055607+00:00
403,0.2,not_mound,not_mound,K-35-074-2_x336_y1344.png,K-35-074-2,315573.6118853407,4644752.462457381,50.0,2026-04-24T07:24:30.203465+00:00
404,0.15,not_mound,not_mound,K-35-074-2_x336_y1008.png,K-35-074-2,315053.5879394817,4645606.987441229,50.0,2026-04-24T07:34:12.254381+00:00
405,0.2,not_mound,not_mound,K-35-074-2_x3696_y672.png,K-35-074-2,332515.0546843835,4647678.703944648,50.0,2026-04-24T07:24:31.258443+00:00
406,0.95,mound,burial_mound,K-35-074-3_x2016_y1344.png,K-35-074-3,302474.3197147476,4625869.281071663,50.0,2026-04-24T07:14:52.054890+00:00
407,1.0,mound,burial_mound,K-35-067-1_x2352_y2016.png,K-35-067-1,512392.1360134609,4675482.846088789,150.0,2026-04-24T07:10:45.685291+00:00
408,0.2,not_mound,not_mound,K-35-074-3_x4032_y672.png,K-35-074-3,312454.8351131419,4629891.984950014,50.0,2026-04-24T07:24:32.893747+00:00
409,0.95,mound,bench_mark_on_mound,K-35-074-4_x336_y336.png,K-35-074-4,315076.1217072619,4630203.366448792,200.0,2026-04-24T07:14:55.633300+00:00
410,1.0,mound,bench_mark_on_mound,K-35-075-1_x0_y0.png,K-35-075-1,335593.6353135117,4649843.737994328,50.0,2026-04-24T07:10:47.208012+00:00
411,0.85,not_mound,not_mound,K-35-075-1_x1344_y0.png,K-35-075-1,342397.4774855649,4651595.379841796,50.0,2026-04-24T07:17:38.488563+00:00
412,0.2,not_mound,not_mound,K-35-074-4_x4032_y1008.png,K-35-074-4,333607.53687012964,4626770.691655499,50.0,2026-04-24T07:24:34.155927+00:00
413,1.0,not_mound,not_mound,K-35-075-1_x1344_y336.png,K-35-075-1,341583.2649219464,4649061.332080756,50.0,2026-04-24T07:10:48.779702+00:00
414,0.95,mound,bench_mark_on_mound,K-35-075-1_x1344_y0.png,K-35-075-1,342401.8562198295,4651408.428711348,50.0,2026-04-24T07:14:57.339607+00:00
415,0.2,mound,burial_mound,K-35-075-1_x2688_y1008.png,K-35-075-1,347874.5506342827,4645355.02869791,50.0,2026-04-24T07:24:35.535845+00:00
416,0.85,mound,burial_mound,K-35-075-1_x1680_y1344.png,K-35-075-1,343225.42301674385,4643219.809326308,200.0,2026-04-24T07:17:41.860851+00:00
417,1.0,mound,burial_mound,K-35-075-1_x0_y336.png,K-35-075-1,335484.8840453812,4649675.728183168,100.0,2026-04-24T07:10:53.954754+00:00
418,0.2,not_mound,not_mound,K-35-075-1_x3024_y3360.png,K-35-075-1,350010.62067924463,4633690.179551805,50.0,2026-04-24T07:24:37.127531+00:00
419,0.95,mound,bench_mark_on_mound,K-35-075-1_x3024_y0.png,K-35-075-1,350144.24830333295,4651156.116783231,50.0,2026-04-24T07:14:58.323367+00:00
420,1.0,mound,burial_mound,K-35-075-1_x2352_y0.png,K-35-075-1,345834.73588296736,4651130.988073503,50.0,2026-04-24T07:10:55.322003+00:00
421,0.4,not_mound,not_mound,K-35-075-1_x3024_y1008.png,K-35-075-1,349344.5733524005,4644936.680104667,50.0,2026-04-24T07:20:07.002908+00:00
422,1.0,mound,burial_mound,K-35-075-1_x672_y1008.png,K-35-075-1,338316.0298181664,4644686.67250203,50.0,2026-04-24T07:10:56.393457+00:00
423,0.2,not_mound,not_mound,K-35-075-1_x3696_y2352.png,K-35-075-1,353507.4512697825,4639064.560085551,50.0,2026-04-24T07:24:38.824697+00:00
424,0.95,mound,bench_mark_on_mound,K-35-075-2_x3024_y0.png,K-35-075-2,370792.9967120653,4650578.364256436,50.0,2026-04-24T07:14:59.348430+00:00
425,0.4,not_mound,not_mound,K-35-075-2_x2688_y2352.png,K-35-075-2,369065.1602650408,4637698.511763325,50.0,2026-04-24T07:20:08.364755+00:00
426,0.2,mound,burial_mound,K-35-075-2_x2352_y672.png,K-35-075-2,367623.11982325953,4646310.815436282,50.0,2026-04-24T07:24:40.125946+00:00
427,0.4,mound,burial_mound,K-35-075-2_x1344_y1680.png,K-35-075-2,362140.60460726905,4641977.833464925,50.0,2026-04-24T07:20:09.847077+00:00
428,0.9,not_mound,not_mound,K-35-075-2_x1680_y1008.png,K-35-075-2,364841.3109767234,4645509.850721525,50.0,2026-04-24T07:16:12.227245+00:00
429,0.95,mound,bench_mark_on_mound,K-35-075-2_x4032_y2016.png,K-35-075-2,374879.654745811,4639432.860371365,50.0,2026-04-24T07:15:00.459929+00:00
430,1.0,mound,burial_mound,K-35-075-2_x3024_y672.png,K-35-075-2,369941.21484464407,4647388.670450493,50.0,2026-04-24T07:10:57.724764+00:00
431,0.95,not_mound,not_mound,K-35-075-2_x4032_y1008.png,K-35-075-2,375425.3758891112,4644789.529832052,50.0,2026-04-24T07:15:05.761177+00:00
432,0.85,mound,burial_mound,K-35-075-2_x2016_y0.png,K-35-075-2,366330.4950500841,4649722.853699111,100.0,2026-04-24T07:17:50.617378+00:00
433,0.35,not_mound,not_mound,K-35-075-2_x3696_y3024.png,K-35-075-2,374257.1399232036,4634779.31059083,50.0,2026-04-24T07:20:42.705520+00:00
434,0.2,not_mound,not_mound,K-35-075-3_x2016_y1008.png,K-35-075-3,345403.893805318,4626876.176534734,50.0,2026-04-24T07:24:41.590949+00:00
435,0.2,not_mound,not_mound,K-35-075-3_x2352_y0.png,K-35-075-3,346977.86809408537,4631498.42384596,50.0,2026-04-24T07:24:42.782741+00:00
436,0.2,not_mound,not_mound,K-35-075-3_x2352_y3024.png,K-35-075-3,346777.852148496,4616314.970612796,50.0,2026-04-24T07:24:43.828491+00:00
437,0.15,not_mound,not_mound,K-35-075-3_x1680_y1008.png,K-35-075-3,342478.579864978,4626881.646098151,50.0,2026-04-24T07:34:13.517620+00:00
438,0.75,not_mound,not_mound,K-35-075-3_x0_y3024.png,K-35-075-3,333506.7303924754,4617339.250667607,50.0,2026-04-24T07:18:40.120537+00:00
439,0.15,not_mound,not_mound,K-35-075-3_x1008_y3360.png,K-35-075-3,339497.14452589804,4615539.401866845,50.0,2026-04-24T07:34:15.108388+00:00
440,0.2,not_mound,not_mound,K-35-075-3_x1008_y3360.png,K-35-075-3,339603.0458663182,4615366.515793196,50.0,2026-04-24T07:24:45.003933+00:00
441,0.15,not_mound,not_mound,K-35-075-3_x1008_y3360.png,K-35-075-3,339276.9210037614,4614694.973875825,50.0,2026-04-24T07:34:16.382815+00:00
442,0.2,not_mound,not_mound,K-35-075-3_x2016_y3360.png,K-35-075-3,344762.6694925886,4614647.340558526,50.0,2026-04-24T07:24:46.025801+00:00
443,0.15,not_mound,not_mound,K-35-075-3_x3024_y3696.png,K-35-075-3,349454.5384931695,4614364.819631167,50.0,2026-04-24T07:34:17.411819+00:00
444,0.3,not_mound,not_mound,K-35-075-3_x1344_y2688.png,K-35-075-3,341787.4148161167,4618355.913003225,50.0,2026-04-24T07:21:02.470951+00:00
445,1.0,mound,burial_mound,K-35-075-1_x0_y672.png,K-35-075-1,334395.2237067289,4647094.328166242,50.0,2026-04-24T07:10:58.644025+00:00
446,0.2,not_mound,not_mound,K-35-075-3_x1680_y672.png,K-35-075-3,342382.70866131235,4628313.433085957,50.0,2026-04-24T07:24:47.019109+00:00
447,0.7,not_mound,not_mound,K-35-075-3_x1680_y2016.png,K-35-075-3,343395.1181308349,4621708.075902153,50.0,2026-04-24T07:18:48.425069+00:00
448,0.85,mound,burial_mound,K-35-075-3_x3696_y1008.png,K-35-075-3,353866.6764627766,4627754.185704854,50.0,2026-04-24T07:17:51.893206+00:00
449,0.35,not_mound,not_mound,K-35-075-3_x4032_y1008.png,K-35-075-3,354252.93164245423,4627364.521942928,50.0,2026-04-24T07:20:43.904126+00:00
450,0.2,not_mound,not_mound,K-35-075-3_x336_y2016.png,K-35-075-3,336374.09200973355,4622571.701970314,50.0,2026-04-24T07:24:48.006710+00:00
451,0.2,not_mound,not_mound,K-35-075-4_x1008_y1680.png,K-35-075-4,360379.1196507211,4622849.915282974,50.0,2026-04-24T07:24:49.105655+00:00
452,0.2,mound,burial_mound,K-35-075-4_x0_y672.png,K-35-075-4,356020.784323497,4628984.697399781,200.0,2026-04-24T07:24:52.069520+00:00
453,0.2,not_mound,not_mound,K-35-075-4_x1680_y3024.png,K-35-075-4,364048.97200981225,4616883.36733393,50.0,2026-04-24T07:24:53.811977+00:00
454,0.15,not_mound,not_mound,K-35-075-3_x3696_y2352.png,K-35-075-3,353167.8090668577,4620172.188132794,50.0,2026-04-24T07:34:18.677744+00:00
455,0.2,not_mound,not_mound,K-35-075-3_x3696_y2352.png,K-35-075-3,353156.1943788493,4620076.567556972,50.0,2026-04-24T07:24:54.949986+00:00
456,0.2,not_mound,not_mound,K-35-075-3_x672_y1008.png,K-35-075-3,338195.0264275897,4627613.249611656,50.0,2026-04-24T07:24:56.148672+00:00
457,1.0,not_mound,not_mound,K-35-075-4_x1008_y336.png,K-35-075-4,359658.1621732046,4629229.606151807,50.0,2026-04-24T07:11:00.706783+00:00
458,0.2,not_mound,not_mound,K-35-075-4_x3024_y0.png,K-35-075-4,370094.5770048373,4631129.227997467,50.0,2026-04-24T07:24:57.311224+00:00
459,0.2,not_mound,not_mound,K-35-075-4_x3024_y1008.png,K-35-075-4,370688.4594415155,4626822.625004561,50.0,2026-04-24T07:24:59.095335+00:00
460,0.4,not_mound,not_mound,K-35-075-4_x1680_y672.png,K-35-075-4,364256.11514061294,4627783.5293948455,50.0,2026-04-24T07:20:12.534240+00:00
461,0.15,not_mound,not_mound,K-35-075-4_x3360_y1344.png,K-35-075-4,372266.3692557368,4625141.153490701,50.0,2026-04-24T07:34:19.965692+00:00
462,0.15,not_mound,not_mound,K-35-075-3_x3696_y672.png,K-35-075-3,353035.0395228326,4628239.331920764,50.0,2026-04-24T07:34:21.194199+00:00
463,0.2,not_mound,not_mound,K-35-075-4_x1344_y2688.png,K-35-075-4,361787.9145063926,4618015.211438585,50.0,2026-04-24T07:25:02.645537+00:00
464,0.2,not_mound,not_mound,K-35-075-4_x3696_y336.png,K-35-075-4,373215.1729915572,4630011.198637606,50.0,2026-04-24T07:25:05.122337+00:00
465,0.95,mound,bench_mark_on_mound,K-35-076-1_x1680_y2352.png,K-35-076-1,385512.8678253532,4637587.392951504,50.0,2026-04-24T07:15:07.364593+00:00
466,1.0,mound,burial_mound,K-35-076-1_x2016_y0.png,K-35-076-1,386891.01625862665,4650407.811130104,50.0,2026-04-24T07:11:01.720678+00:00
467,1.0,mound,burial_mound,K-35-076-1_x2352_y3024.png,K-35-076-1,387873.4395277759,4633835.850714583,100.0,2026-04-24T07:11:05.281530+00:00
468,0.3,mound,settlement_mound,K-35-076-1_x1680_y336.png,K-35-076-1,384992.0680035679,4648528.768493742,50.0,2026-04-24T07:21:06.618413+00:00
469,0.4,not_mound,not_mound,K-35-076-1_x1680_y336.png,K-35-076-1,384666.6499384957,4648370.901832165,50.0,2026-04-24T07:20:14.391175+00:00
470,0.15,mound,burial_mound,K-35-076-1_x3360_y0.png,K-35-076-1,393262.5902239322,4649311.969497568,200.0,2026-04-24T07:34:28.123575+00:00
471,0.15,not_mound,not_mound,K-35-075-4_x4032_y336.png,K-35-075-4,374841.5236013551,4630197.511200789,50.0,2026-04-24T07:34:30.618057+00:00
472,0.15,not_mound,not_mound,K-35-076-1_x3360_y2688.png,K-35-076-1,393615.7053318986,4637230.046747269,50.0,2026-04-24T07:34:32.584996+00:00
473,0.95,mound,burial_mound,K-35-076-1_x4032_y336.png,K-35-076-1,395621.0538497139,4648285.479551218,125.0,2026-04-24T07:15:11.579517+00:00
474,1.0,mound,burial_mound,K-35-076-2_x0_y1008.png,K-35-076-2,396965.9551117,4643963.135339244,50.0,2026-04-24T07:11:06.638798+00:00
475,0.2,mound,burial_mound,K-35-076-2_x0_y1008.png,K-35-076-2,397254.46220018825,4643811.811228146,50.0,2026-04-24T07:25:06.452855+00:00
476,1.0,mound,burial_mound,K-35-076-2_x0_y336.png,K-35-076-2,396405.07846997294,4647533.91945438,50.0,2026-04-24T07:11:07.573825+00:00
477,1.0,mound,burial_mound,K-35-076-2_x0_y336.png,K-35-076-2,396362.34035789815,4647359.632062309,50.0,2026-04-24T07:11:08.461318+00:00
478,0.85,mound,burial_mound,K-35-076-2_x0_y336.png,K-35-076-2,397626.2822172043,4647321.409798507,50.0,2026-04-24T07:17:53.212297+00:00
479,0.95,mound,burial_mound,K-35-076-2_x0_y336.png,K-35-076-2,397324.6237339357,4647018.035828148,50.0,2026-04-24T07:15:12.849636+00:00
480,1.0,mound,burial_mound,K-35-076-2_x0_y336.png,K-35-076-2,397615.72880399285,4646968.965120778,50.0,2026-04-24T07:11:09.401891+00:00
481,0.2,mound,trig_point_on_mound,K-35-076-2_x1344_y1008.png,K-35-076-2,404615.50657518406,4643866.985467679,50.0,2026-04-24T07:25:08.229844+00:00
482,1.0,mound,burial_mound,K-35-076-2_x1008_y336.png,K-35-076-2,402702.8929418688,4647562.168038288,50.0,2026-04-24T07:11:10.304311+00:00
483,1.0,mound,burial_mound,K-35-076-2_x1344_y336.png,K-35-076-2,404639.8433788263,4648128.666860239,50.0,2026-04-24T07:11:11.447573+00:00
484,1.0,mound,burial_mound,K-35-076-2_x1344_y336.png,K-35-076-2,404565.3197081419,4647731.995487245,50.0,2026-04-24T07:11:12.574487+00:00
485,0.15,not_mound,not_mound,K-35-076-2_x1680_y2352.png,K-35-076-2,406279.9608457571,4638166.907653568,50.0,2026-04-24T07:34:34.527552+00:00
486,0.95,mound,bench_mark_on_mound,K-35-076-2_x1680_y336.png,K-35-076-2,405935.9509464805,4647134.568880631,50.0,2026-04-24T07:15:14.077852+00:00
487,1.0,mound,burial_mound,K-35-076-2_x1680_y1344.png,K-35-076-2,406156.8619585605,4643619.697734331,200.0,2026-04-24T07:11:15.907206+00:00
488,1.0,mound,burial_mound,K-35-076-2_x2352_y0.png,K-35-076-2,409723.788672084,4649762.542461862,50.0,2026-04-24T07:11:17.150996+00:00
489,1.0,mound,burial_mound,K-35-076-2_x2016_y0.png,K-35-076-2,407989.6792743055,4649422.47374778,50.0,2026-04-24T07:11:18.095865+00:00
490,0.2,mound,burial_mound,K-35-076-2_x2016_y0.png,K-35-076-2,408042.2584460754,4649075.317274856,50.0,2026-04-24T07:25:09.564844+00:00
491,0.95,mound,burial_mound,K-35-076-2_x2016_y0.png,K-35-076-2,407332.4443170554,4649451.9075670745,50.0,2026-04-24T07:15:15.113342+00:00
492,0.15,mound,burial_mound,K-35-076-2_x3024_y1008.png,K-35-076-2,412661.2518653747,4644812.921621911,50.0,2026-04-24T07:34:35.933158+00:00
493,0.95,mound,burial_mound,K-35-076-2_x3024_y1008.png,K-35-076-2,412593.8344384503,4644123.817892321,50.0,2026-04-24T07:15:16.412545+00:00
494,0.3,mound,burial_mound,K-35-076-1_x336_y0.png,K-35-076-1,377520.7433394854,4650638.111852852,50.0,2026-04-24T07:21:07.931438+00:00
495,0.95,mound,burial_mound,K-35-076-2_x2688_y0.png,K-35-076-2,409867.7491635264,4648803.027097865,50.0,2026-04-24T07:15:17.534947+00:00
496,0.95,mound,bench_mark_on_mound,K-35-076-2_x2688_y0.png,K-35-076-2,410334.192870308,4648619.105520303,50.0,2026-04-24T07:15:18.771114+00:00
497,0.95,mound,burial_mound,K-35-076-2_x0_y672.png,K-35-076-2,397554.539578995,4645944.81908584,50.0,2026-04-24T07:15:19.705315+00:00
498,1.0,mound,burial_mound,K-35-076-2_x3024_y336.png,K-35-076-2,411992.4932561708,4648560.140069131,50.0,2026-04-24T07:11:19.019341+00:00
499,0.95,mound,burial_mound,K-35-076-2_x3024_y336.png,K-35-076-2,411888.33144642017,4648098.4751722,50.0,2026-04-24T07:15:20.622912+00:00
500,0.95,mound,burial_mound,K-35-076-1_x3696_y1680.png,K-35-076-1,394953.6319324472,4641157.709559419,50.0,2026-04-24T07:15:21.558466+00:00
501,1.0,mound,burial_mound,K-35-076-2_x2688_y336.png,K-35-076-2,410341.965406926,4646906.088005613,50.0,2026-04-24T07:11:19.949704+00:00
502,0.75,mound,burial_mound,K-35-076-2_x3360_y336.png,K-35-076-2,413728.968815696,4648095.068560981,50.0,2026-04-24T07:18:41.292377+00:00
503,0.85,mound,burial_mound,K-35-076-2_x3360_y336.png,K-35-076-2,414536.12477008137,4648098.959535115,50.0,2026-04-24T07:17:57.534070+00:00
504,1.0,mound,trig_point_on_mound,K-35-076-2_x336_y1008.png,K-35-076-2,398103.4559119165,4643524.506428902,50.0,2026-04-24T07:11:21.811491+00:00
505,0.85,mound,bench_mark_on_mound,K-35-076-2_x336_y1344.png,K-35-076-2,399388.4638544621,4643473.880088038,50.0,2026-04-24T07:17:58.785498+00:00
506,1.0,mound,burial_mound,K-35-076-2_x3696_y1008.png,K-35-076-2,415398.8519861551,4644394.015533435,50.0,2026-04-24T07:11:23.018469+00:00
507,1.0,mound,bench_mark_on_mound,K-35-076-2_x3696_y1008.png,K-35-076-2,416480.533410989,4643915.493365218,50.0,2026-04-24T07:11:24.195862+00:00
508,0.95,mound,burial_mound,K-35-076-2_x3360_y0.png,K-35-076-2,413283.79770236975,4649973.972484571,50.0,2026-04-24T07:15:22.515658+00:00
509,1.0,mound,bench_mark_on_mound,K-35-076-2_x3360_y0.png,K-35-076-2,413693.46945482463,4649746.769322088,50.0,2026-04-24T07:11:25.234624+00:00
510,0.7,mound,burial_mound,K-35-076-2_x3360_y0.png,K-35-076-2,413913.9463714943,4649586.735946156,50.0,2026-04-24T07:18:49.618757+00:00
511,1.0,mound,burial_mound,K-35-076-2_x336_y672.png,K-35-076-2,398238.0261610669,4646793.1027365625,50.0,2026-04-24T07:11:26.332203+00:00
512,0.95,mound,trig_point_on_mound,K-35-076-2_x336_y672.png,K-35-076-2,398933.0574486366,4646327.41025531,50.0,2026-04-24T07:15:23.736755+00:00
513,1.0,mound,burial_mound,K-35-076-2_x336_y672.png,K-35-076-2,398142.5393752096,4646180.122808327,50.0,2026-04-24T07:11:27.267925+00:00
514,0.15,not_mound,not_mound,K-35-076-2_x3360_y2688.png,K-35-076-2,413602.6086901256,4636092.219574119,50.0,2026-04-24T07:34:37.155463+00:00
515,0.2,mound,bench_mark_on_mound,K-35-076-2_x672_y1008.png,K-35-076-2,399888.92089055193,4644012.745624119,50.0,2026-04-24T07:25:10.875111+00:00
516,0.95,mound,bench_mark_on_mound,K-35-076-2_x3696_y336.png,K-35-076-2,414916.0202752031,4648140.256161086,50.0,2026-04-24T07:15:24.986843+00:00
517,0.95,mound,burial_mound,K-35-076-2_x3696_y336.png,K-35-076-2,415321.15950322384,4648193.597819392,50.0,2026-04-24T07:15:26.191718+00:00
518,0.2,not_mound,not_mound,K-35-076-2_x4032_y1680.png,K-35-076-2,416655.5932951615,4640135.258329811,50.0,2026-04-24T07:25:12.716720+00:00
519,1.0,mound,burial_mound,K-35-076-2_x672_y1344.png,K-35-076-2,400606.7572537781,4643152.453109257,50.0,2026-04-24T07:11:28.238635+00:00
520,1.0,mound,burial_mound,K-35-076-2_x672_y1344.png,K-35-076-2,400677.854733806,4643101.485774373,50.0,2026-04-24T07:11:29.222246+00:00
521,1.0,mound,burial_mound,K-35-076-2_x672_y336.png,K-35-076-2,400503.80929159455,4648402.677259799,50.0,2026-04-24T07:11:30.140164+00:00
522,0.4,not_mound,not_mound,K-35-076-3_x3024_y1680.png,K-35-076-3,391222.110449948,4622921.100816908,50.0,2026-04-24T07:20:15.503729+00:00
523,0.2,not_mound,not_mound,K-35-076-3_x0_y672.png,K-35-076-3,376795.1655350125,4627641.84572791,50.0,2026-04-24T07:25:13.873819+00:00
524,0.2,not_mound,not_mound,K-35-076-3_x336_y1680.png,K-35-076-3,377858.4593989949,4623053.866300495,50.0,2026-04-24T07:25:15.351427+00:00
525,0.2,not_mound,not_mound,K-35-076-3_x3696_y1344.png,K-35-076-3,394981.1542586052,4624541.016066961,50.0,2026-04-24T07:25:16.632039+00:00
526,1.0,mound,burial_mound,K-35-076-1_x3360_y3024.png,K-35-076-1,393995.4554785328,4634567.306335055,150.0,2026-04-24T07:11:35.757166+00:00
527,0.95,mound,burial_mound,K-35-076-4_x1008_y3024.png,K-35-076-4,401640.64277239307,4615085.898268277,50.0,2026-04-24T07:15:27.401159+00:00
528,0.2,not_mound,not_mound,K-35-076-3_x2688_y336.png,K-35-076-3,389689.9853830472,4629971.983515199,50.0,2026-04-24T07:25:17.760544+00:00
529,0.95,mound,burial_mound,K-35-076-3_x336_y336.png,K-35-076-3,377934.6343451894,4629845.955239891,75.0,2026-04-24T07:15:31.379562+00:00
530,0.15,not_mound,not_mound,K-35-076-4_x1344_y3360.png,K-35-076-4,403431.8943154052,4614371.291389264,50.0,2026-04-24T07:34:38.563727+00:00
531,0.4,not_mound,not_mound,K-35-076-3_x4032_y336.png,K-35-076-3,395994.18664757366,4630308.428833857,50.0,2026-04-24T07:20:16.624874+00:00
532,1.0,mound,burial_mound,K-35-076-4_x1008_y336.png,K-35-076-4,401076.9124130074,4630120.55522359,100.0,2026-04-24T07:11:42.179621+00:00
533,1.0,mound,trig_point_on_mound,K-35-077-1_x0_y3024.png,K-35-077-1,418397.1958147748,4633967.951144432,50.0,2026-04-24T07:11:43.732429+00:00
534,0.4,mound,burial_mound,K-35-076-4_x336_y2688.png,K-35-076-4,399370.1086165564,4618124.133113501,50.0,2026-04-24T07:20:17.859616+00:00
535,0.2,not_mound,not_mound,K-35-076-4_x336_y2352.png,K-35-076-4,399297.7487651052,4618351.576973379,50.0,2026-04-24T07:25:19.010397+00:00
536,0.2,not_mound,not_mound,K-35-076-4_x336_y1344.png,K-35-076-4,398421.92783587833,4624150.819994329,50.0,2026-04-24T07:25:20.061707+00:00
537,0.95,mound,bench_mark_on_mound,K-35-077-1_x0_y2688.png,K-35-077-1,417280.64917649794,4636354.8117402615,50.0,2026-04-24T07:15:34.190851+00:00
538,0.95,mound,burial_mound,K-35-077-1_x2016_y1344.png,K-35-077-1,428431.2714012706,4642671.441085101,50.0,2026-04-24T07:15:35.164607+00:00
539,0.95,mound,bench_mark_on_mound,K-35-077-1_x3024_y1008.png,K-35-077-1,433116.2488818838,4644851.361370789,50.0,2026-04-24T07:15:36.292124+00:00
540,0.2,not_mound,not_mound,K-35-077-1_x1008_y672.png,K-35-077-1,422819.714548597,4645638.252693649,50.0,2026-04-24T07:25:21.167988+00:00
541,0.15,not_mound,not_mound,K-35-077-1_x1008_y672.png,K-35-077-1,423231.5327489445,4645206.941036254,50.0,2026-04-24T07:34:40.139713+00:00
542,0.4,not_mound,not_mound,K-35-077-1_x1008_y672.png,K-35-077-1,423392.6249831285,4645210.975762818,50.0,2026-04-24T07:20:19.341911+00:00
543,0.95,mound,burial_mound,K-35-077-1_x3696_y2688.png,K-35-077-1,436542.8427408616,4635114.842124288,50.0,2026-04-24T07:15:37.254268+00:00
544,0.85,mound,burial_mound,K-35-077-1_x4032_y1008.png,K-35-077-1,437257.47460632544,4644295.1378365625,50.0,2026-04-24T07:17:59.867862+00:00
545,0.85,not_mound,not_mound,K-35-077-1_x2688_y1680.png,K-35-077-1,430755.5469002755,4640768.07959408,50.0,2026-04-24T07:18:01.299581+00:00
546,0.15,not_mound,not_mound,K-35-077-1_x672_y3024.png,K-35-077-1,421129.18359231343,4633787.51177098,50.0,2026-04-24T07:34:41.155651+00:00
547,0.95,mound,bench_mark_on_mound,K-35-077-2_x0_y1344.png,K-35-077-2,438301.2901159984,4642772.226649015,50.0,2026-04-24T07:15:38.269907+00:00
548,1.0,mound,bench_mark_on_mound,K-35-077-2_x0_y3024.png,K-35-077-2,438710.7090759439,4634528.139046696,50.0,2026-04-24T07:11:44.966800+00:00
549,1.0,mound,burial_mound,K-35-077-2_x0_y1680.png,K-35-077-2,439193.4542495844,4640384.248590788,50.0,2026-04-24T07:11:46.031074+00:00
550,0.95,mound,bench_mark_on_mound,K-35-077-2_x1344_y2688.png,K-35-077-2,444872.27014002006,4634621.2633583,50.0,2026-04-24T07:15:39.414984+00:00
551,0.2,mound,burial_mound,K-35-077-2_x0_y2688.png,K-35-077-2,438527.7514744506,4634901.79487172,50.0,2026-04-24T07:25:22.770909+00:00
552,0.2,mound,burial_mound,K-35-077-2_x1008_y1008.png,K-35-077-2,443758.08412861393,4643253.703463515,50.0,2026-04-24T07:25:24.029157+00:00
553,0.2,mound,burial_mound,K-35-077-2_x0_y1008.png,K-35-077-2,438168.2040752768,4643980.356673457,50.0,2026-04-24T07:25:25.102599+00:00
554,0.95,mound,burial_mound,K-35-077-2_x0_y1008.png,K-35-077-2,437965.8596315032,4643268.59536738,50.0,2026-04-24T07:15:40.513490+00:00
555,0.85,mound,burial_mound,K-35-077-2_x0_y1008.png,K-35-077-2,437877.4775683254,4643191.974536302,50.0,2026-04-24T07:18:02.639212+00:00
556,0.2,mound,burial_mound,K-35-077-2_x1008_y2688.png,K-35-077-2,443928.09437287424,4635346.243101751,50.0,2026-04-24T07:25:26.516051+00:00
557,1.0,mound,burial_mound,K-35-077-2_x1008_y3024.png,K-35-077-2,443940.9633553176,4634524.046431148,50.0,2026-04-24T07:11:47.253004+00:00
558,1.0,mound,burial_mound,K-35-077-2_x1008_y3024.png,K-35-077-2,442751.5507764906,4634466.438149408,50.0,2026-04-24T07:11:48.436766+00:00
559,0.75,mound,burial_mound,K-35-076-3_x1680_y336.png,K-35-076-3,383886.9469358603,4629856.139367402,200.0,2026-04-24T07:18:44.057193+00:00
560,0.3,mound,burial_mound,K-35-077-2_x1680_y672.png,K-35-077-2,447061.5787363887,4645659.877171041,200.0,2026-04-24T07:21:10.988498+00:00
561,1.0,mound,burial_mound,K-35-077-2_x2352_y3360.png,K-35-077-2,449660.72120548936,4632057.956717782,75.0,2026-04-24T07:11:52.749044+00:00
562,1.0,mound,burial_mound,K-35-077-2_x2016_y3360.png,K-35-077-2,449474.8173677581,4632222.377441664,50.0,2026-04-24T07:11:53.936393+00:00
563,0.85,mound,burial_mound,K-35-077-2_x1344_y3360.png,K-35-077-2,446000.2109166514,4631961.15566541,50.0,2026-04-24T07:18:03.599419+00:00
564,0.4,mound,burial_mound,K-35-077-2_x3024_y3360.png,K-35-077-2,453568.7515710082,4633058.035086238,100.0,2026-04-24T07:20:23.728445+00:00
565,0.4,mound,burial_mound,K-35-077-2_x3024_y3024.png,K-35-077-2,453589.4295779028,4632982.510259891,50.0,2026-04-24T07:20:24.770621+00:00
566,1.0,mound,burial_mound,K-35-077-2_x1680_y2688.png,K-35-077-2,446643.4066698708,4634847.723742662,50.0,2026-04-24T07:11:55.116854+00:00
567,0.95,not_mound,not_mound,K-35-077-2_x2688_y1680.png,K-35-077-2,451332.2428350163,4640101.855061024,50.0,2026-04-24T07:15:43.055612+00:00
568,1.0,mound,burial_mound,K-35-077-2_x2016_y3360.png,K-35-077-2,449614.8880504916,4632057.947298768,50.0,2026-04-24T07:11:56.126653+00:00
569,0.85,not_mound,not_mound,K-35-077-2_x3360_y3024.png,K-35-077-2,455343.3487408038,4634224.403047774,50.0,2026-04-24T07:18:05.707438+00:00
570,0.75,not_mound,not_mound,K-35-077-2_x2016_y3024.png,K-35-077-2,448562.84932151006,4633273.045554906,50.0,2026-04-24T07:18:46.104865+00:00
571,0.95,mound,burial_mound,K-35-077-2_x2688_y3360.png,K-35-077-2,452140.36627803295,4631677.145768169,50.0,2026-04-24T07:15:44.837124+00:00
572,0.9,mound,trig_point_on_mound,K-35-077-3_x1680_y1344.png,K-35-077-3,425754.7065954405,4624698.943457396,50.0,2026-04-24T07:16:13.648421+00:00
573,0.2,mound,burial_mound,K-35-077-3_x1680_y1344.png,K-35-077-3,425664.716648148,4624630.257922215,50.0,2026-04-24T07:25:27.678039+00:00
574,1.0,mound,burial_mound,K-35-077-3_x1680_y336.png,K-35-077-3,425902.0132253814,4628673.693928701,50.0,2026-04-24T07:11:57.138919+00:00
575,0.85,mound,burial_mound,K-35-077-3_x1680_y336.png,K-35-077-3,426625.27155058354,4628534.421337282,50.0,2026-04-24T07:18:06.974414+00:00
576,0.85,mound,burial_mound,K-35-077-2_x336_y3024.png,K-35-077-2,440720.6009559982,4634119.738046183,50.0,2026-04-24T07:18:08.053525+00:00
577,0.85,mound,burial_mound,K-35-077-2_x336_y3024.png,K-35-077-2,439873.68184254586,4633936.18589819,50.0,2026-04-24T07:18:09.072241+00:00
578,1.0,mound,bench_mark_on_mound,K-35-077-3_x1344_y1344.png,K-35-077-3,424088.35894343024,4624531.899485068,50.0,2026-04-24T07:11:58.874911+00:00
579,0.85,mound,burial_mound,K-35-077-3_x1344_y2016.png,K-35-077-3,425266.2443584707,4620733.76778171,50.0,2026-04-24T07:18:11.413095+00:00
580,1.0,mound,burial_mound,K-35-077-3_x1344_y2016.png,K-35-077-3,424403.33096696326,4620661.439631352,50.0,2026-04-24T07:11:59.899057+00:00
581,0.95,mound,burial_mound,K-35-077-3_x1344_y2016.png,K-35-077-3,425215.9935499447,4620851.659232455,50.0,2026-04-24T07:15:45.997407+00:00
582,0.85,not_mound,not_mound,K-35-077-3_x336_y2352.png,K-35-077-3,419202.74812921113,4618698.339288604,50.0,2026-04-24T07:18:13.834967+00:00
583,0.95,mound,burial_mound,K-35-077-2_x336_y3360.png,K-35-077-2,440076.7088802591,4632531.32989342,50.0,2026-04-24T07:15:46.921149+00:00
584,1.0,mound,bench_mark_on_mound,K-35-077-4_x1680_y0.png,K-35-077-4,446584.49781470944,4630517.328922329,50.0,2026-04-24T07:12:01.151947+00:00
585,0.4,not_mound,not_mound,K-35-077-4_x1680_y2016.png,K-35-077-4,447259.0478925656,4620193.387616188,50.0,2026-04-24T07:20:25.907716+00:00
586,0.15,not_mound,not_mound,K-35-077-4_x1344_y1680.png,K-35-077-4,445404.3465891847,4622186.201081345,50.0,2026-04-24T07:34:42.637042+00:00
587,1.0,mound,burial_mound,K-35-077-3_x672_y2688.png,K-35-077-3,420522.0392552445,4616684.659369865,50.0,2026-04-24T07:12:02.384787+00:00
588,0.2,not_mound,not_mound,K-35-077-4_x0_y1680.png,K-35-077-4,438023.9638231277,4621543.715486252,50.0,2026-04-24T07:25:28.935294+00:00
589,0.95,mound,trig_point_on_mound,K-35-077-4_x1008_y1344.png,K-35-077-4,442553.1828965673,4622988.640883221,50.0,2026-04-24T07:15:52.180937+00:00
590,0.2,mound,burial_mound,K-35-077-4_x2352_y0.png,K-35-077-4,450950.0517569359,4630504.301786587,150.0,2026-04-24T07:25:32.191845+00:00
591,0.4,not_mound,not_mound,K-35-077-4_x3024_y0.png,K-35-077-4,453918.20216434007,4630453.425505887,50.0,2026-04-24T07:20:27.421340+00:00
592,0.15,not_mound,not_mound,K-35-077-4_x0_y3024.png,K-35-077-4,438635.4023469197,4615065.471046664,50.0,2026-04-24T07:34:43.757715+00:00
593,0.4,not_mound,not_mound,K-35-076-4_x2352_y2352.png,K-35-076-4,409199.2859996334,4619208.501939467,50.0,2026-04-24T07:20:28.916040+00:00
594,0.15,not_mound,not_mound,K-35-077-4_x1680_y2352.png,K-35-077-4,446465.4030769136,4618263.351314088,50.0,2026-04-24T07:34:45.071645+00:00
595,0.4,not_mound,not_mound,K-35-077-2_x336_y2688.png,K-35-077-2,440575.1846705186,4635266.273683769,50.0,2026-04-24T07:20:31.014948+00:00
596,0.2,not_mound,not_mound,K-35-051-4_x1344_y336.png,K-35-051-4,363921.75500565534,4704133.732970735,50.0,2026-04-24T07:32:40.165976+00:00
597,1.0,not_mound,not_mound,K-35-052-2_x336_y1680.png,K-35-052-2,399559.4341814782,4715113.418313649,50.0,2026-04-24T07:12:04.915317+00:00
598,0.2,not_mound,not_mound,K-35-052-3_x0_y2016.png,K-35-052-3,376845.6678660168,4694477.282760623,50.0,2026-04-24T07:32:41.887103+00:00
599,1.0,mound,burial_mound,K-35-053-1_x3696_y672.png,K-35-053-1,437344.3583040162,4719373.576736579,50.0,2026-04-24T07:12:05.977681+00:00
600,0.2,not_mound,not_mound,K-35-053-4_Boyadzhik_x2016_y0.png,K-35-053-4_Boyadzhik,449468.9854520013,4704401.047568653,50.0,2026-04-24T07:32:43.480481+00:00
601,1.0,not_mound,not_mound,K-35-054-2_Atolov_4326_x1344_y672.png,K-35-054-2_Atolov_4326,487385.3715232289,4720147.250431079,50.0,2026-04-24T07:12:07.796720+00:00
602,0.15,not_mound,not_mound,K-35-054-3_Yambol_x336_y3360.png,K-35-054-3_Yambol,461796.2593478959,4687537.692982089,50.0,2026-04-24T07:34:47.156689+00:00
603,0.95,mound,trig_point_on_mound,K-35-055-1_x2352_y2352.png,K-35-055-1,512888.7104963129,4710293.556371094,50.0,2026-04-24T07:15:53.591103+00:00
604,0.2,not_mound,not_mound,K-35-056-3_x3024_y3024.png,K-35-056-3,557633.253643009,4689418.16463705,50.0,2026-04-24T07:32:44.572996+00:00
605,0.85,mound,burial_mound,K-35-062-4_Asenovgrad_4326_x2352_y2352.png,K-35-062-4_Asenovgrad_4326,325226.5079618135,4658390.81821966,50.0,2026-04-24T07:18:15.034592+00:00
606,0.2,not_mound,not_mound,K-35-062-4_Asenovgrad_4326_x3696_y3696.png,K-35-062-4_Asenovgrad_4326,331984.22980703315,4651993.862940078,50.0,2026-04-24T07:32:46.536496+00:00
607,0.2,not_mound,not_mound,K-35-062-4_Asenovgrad_4326_x1680_y3696.png,K-35-062-4_Asenovgrad_4326,323216.5598567154,4652067.013156607,50.0,2026-04-24T07:32:48.811704+00:00
608,0.4,not_mound,not_mound,K-35-063-2_Chirpan_4326_x3360_y1008.png,K-35-063-2_Chirpan_4326,372824.8622845948,4682504.297633566,50.0,2026-04-24T07:20:32.147221+00:00
609,0.95,mound,burial_mound,K-35-064-1_Sredets_4326_x1008_y2352.png,K-35-064-1_Sredets_4326,380744.695751895,4674440.500533583,50.0,2026-04-24T07:15:55.022451+00:00
610,0.2,not_mound,not_mound,K-35-064-1_Sredets_4326_x3360_y3360.png,K-35-064-1_Sredets_4326,394463.9767331184,4670311.398373937,50.0,2026-04-24T07:32:50.595506+00:00
611,0.15,not_mound,not_mound,K-35-064-1_Sredets_4326_x3696_y672.png,K-35-064-1_Sredets_4326,395425.1446862239,4683399.340574192,50.0,2026-04-24T07:34:48.485544+00:00
612,1.0,not_mound,not_mound,K-35-064-2_Radnevo_4326_x3360_y672.png,K-35-064-2_Radnevo_4326,414933.2245600493,4682729.624813286,50.0,2026-04-24T07:12:09.952830+00:00
613,0.4,mound,bench_mark_on_mound,K-35-064-2_Radnevo_4326_x3360_y2016.png,K-35-064-2_Radnevo_4326,414540.4669371967,4676725.139511772,125.0,2026-04-24T07:20:37.075154+00:00
614,0.9,not_mound,not_mound,K-35-064-2_Radnevo_4326_x3024_y1680.png,K-35-064-2_Radnevo_4326,412915.9893730629,4678441.285894514,50.0,2026-04-24T07:16:15.679643+00:00
615,0.75,not_mound,not_mound,K-35-064-3_Dimitrovgrad_4326_x3360_y1680.png,K-35-064-3_Dimitrovgrad_4326,392732.6589738721,4659647.913458928,50.0,2026-04-24T07:18:47.327858+00:00
616,0.95,not_mound,not_mound,K-35-066-2_x3696_y1344.png,K-35-066-2,498189.9349997773,4679093.193502012,50.0,2026-04-24T07:15:58.233671+00:00
617,0.2,not_mound,not_mound,K-35-066-4_x3024_y2688.png,K-35-066-4,495323.79700209264,4653433.959074646,50.0,2026-04-24T07:32:51.679427+00:00
618,0.95,mound,burial_mound,K-35-067-3_x3360_y0.png,K-35-067-3,516891.3170325409,4667182.587764757,75.0,2026-04-24T07:16:01.188106+00:00
619,1.0,not_mound,not_mound,K-35-074-2_x0_y672.png,K-35-074-2,314842.1884977997,4647981.969925593,50.0,2026-04-24T07:12:11.789819+00:00
620,0.15,not_mound,not_mound,K-35-074-1_x1008_y336.png,K-35-074-1,298185.0102918553,4650320.501723395,50.0,2026-04-24T07:34:49.786502+00:00
621,0.2,not_mound,not_mound,K-35-074-2_x3360_y3024.png,K-35-074-2,330869.4631624422,4635958.486580309,50.0,2026-04-24T07:32:53.246883+00:00
622,0.2,not_mound,not_mound,K-35-074-3_x2688_y3360.png,K-35-074-3,306393.7901575793,4616806.703192382,50.0,2026-04-24T07:32:54.387407+00:00
623,0.4,not_mound,not_mound,K-35-075-1_x2688_y2352.png,K-35-075-1,347727.1884624835,4639149.567366545,50.0,2026-04-24T07:20:38.648276+00:00
624,1.0,mound,burial_mound,K-35-075-1_x672_y1008.png,K-35-075-1,338794.75219952245,4644958.855520837,50.0,2026-04-24T07:12:12.879192+00:00
625,0.2,not_mound,not_mound,K-35-075-3_x1344_y2352.png,K-35-075-3,340343.1268630465,4619439.937092457,50.0,2026-04-24T07:32:55.576244+00:00
626,0.2,not_mound,not_mound,K-35-075-4_x3696_y3024.png,K-35-075-4,374014.9155277736,4616062.750686303,50.0,2026-04-24T07:32:56.788594+00:00
627,0.95,mound,burial_mound,K-35-076-2_x336_y336.png,K-35-076-2,398250.0106643595,4646900.653103916,125.0,2026-04-24T07:16:08.226446+00:00
628,0.2,not_mound,not_mound,K-35-076-2_x2688_y672.png,K-35-076-2,410957.75375197374,4645561.655559736,50.0,2026-04-24T07:32:58.398589+00:00
629,0.7,mound,bench_mark_on_mound,K-35-077-1_x0_y3360.png,K-35-077-1,416930.3977855031,4632100.832532223,50.0,2026-04-24T07:18:51.346731+00:00
630,0.85,mound,burial_mound,K-35-077-1_x3360_y0.png,K-35-077-1,435348.0189601904,4649877.294134155,50.0,2026-04-24T07:18:16.157996+00:00
631,1.0,mound,burial_mound,K-35-052-3_x672_y3360.png,K-35-052-3,381118.5531506948,4688524.779226997,50.0,2026-05-03T00:22:48.072698+00:00
632,0.2,mound,burial_mound,K-35-063-4_Skobelevo_4326_x4032_y1344.png,K-35-063-4_Skobelevo_4326,375317.2265575996,4662300.705672138,75.0,2026-05-03T00:23:10.444589+00:00
633,1.0,mound,burial_mound,K-35-065-4_x4032_y1680.png,K-35-065-4,458056.85337343975,4659829.820403496,100.0,2026-05-03T00:22:55.177295+00:00
634,0.2,not_mound,not_mound,K-35-051-3_x2016_y2016.png,K-35-051-3,346153.5051605189,4696204.9275751095,,2026-05-03T00:23:12.992491+00:00
635,0.2,not_mound,not_mound,K-35-077-1_x2688_y0.png,K-35-077-1,431318.4800965129,4648702.726188127,,2026-05-03T00:23:14.713342+00:00
636,0.75,not_mound,not_mound,K-35-077-1_x2688_y0.png,K-35-077-1,431990.883878503,4648673.707071333,,2026-05-03T00:23:01.008422+00:00
637,0.2,not_mound,not_mound,K-35-042-3_x3696_y2352.png,K-35-042-3,477820.0335633693,4729653.891919007,,2026-04-27T10:12:36.988220+00:00
638,0.95,mound,burial_mound,K-35-042-3_x3696_y2688.png,K-35-042-3,477830.7127101921,4727160.367946734,50.0,2026-04-27T10:03:15.427964+00:00
639,1.0,mound,burial_mound,K-35-050-4_x3696_y3696.png,K-35-050-4,334911.50874025025,4688977.882430727,50.0,2026-04-27T09:56:44.434599+00:00
640,1.0,mound,bench_mark_on_mound,K-35-050-4_x1344_y3024.png,K-35-050-4,322768.459658162,4690845.487683116,50.0,2026-04-27T09:56:46.816959+00:00
641,0.2,not_mound,not_mound,K-35-050-4_x2352_y672.png,K-35-050-4,327456.46521611256,4702863.856345445,,2026-04-27T10:12:38.655609+00:00
642,0.95,not_mound,not_mound,K-35-050-4_x1680_y1008.png,K-35-050-4,324075.02864303114,4701511.82178904,,2026-04-27T10:03:18.512588+00:00
643,0.2,not_mound,not_mound,K-35-051-3_x0_y1680.png,K-35-051-3,336503.2262787047,4697170.17305746,,2026-04-27T10:12:41.113957+00:00
644,0.2,not_mound,not_mound,K-35-051-3_x2016_y3360.png,K-35-051-3,346432.4216640101,4688585.899090359,,2026-04-27T10:12:42.302448+00:00
645,0.2,not_mound,not_mound,K-35-051-3_x336_y2016.png,K-35-051-3,337388.6309512083,4695265.430915835,,2026-04-27T10:12:43.376911+00:00
646,0.4,not_mound,not_mound,K-35-051-3_x672_y1344.png,K-35-051-3,339295.1134309372,4698829.92753146,,2026-04-27T10:10:04.816978+00:00
647,0.95,mound,burial_mound,K-35-051-3_x336_y1344.png,K-35-051-3,338633.93619679805,4698653.410085464,50.0,2026-04-27T10:03:21.289791+00:00
648,0.2,not_mound,not_mound,K-35-051-4_x1680_y1008.png,K-35-051-4,365594.3185175402,4700634.384265759,,2026-04-27T10:12:44.671072+00:00
649,0.15,mound,burial_mound,K-35-051-3_x0_y2016.png,K-35-051-3,336295.8823728304,4696958.152680844,75.0,2026-04-27T10:17:17.617624+00:00
650,1.0,mound,bench_mark_on_mound,K-35-051-4_x3696_y3360.png,K-35-051-4,376116.4781662819,4688364.414035606,50.0,2026-04-27T09:56:48.808121+00:00
651,0.15,not_mound,not_mound,K-35-051-4_x3696_y2352.png,K-35-051-4,375560.1773297389,4693223.231314398,,2026-04-27T10:17:26.227722+00:00
652,0.2,not_mound,not_mound,K-35-051-4_x3696_y2016.png,K-35-051-4,374877.3883266639,4696056.399031933,,2026-04-27T10:12:46.972788+00:00
653,0.95,not_mound,not_mound,K-35-051-4_x336_y2352.png,K-35-051-4,358372.0171828123,4694457.894613335,,2026-04-27T10:03:22.789225+00:00
654,0.95,mound,burial_mound,K-35-051-3_x1008_y2016.png,K-35-051-3,341721.9153214452,4696087.341843923,75.0,2026-04-27T10:03:29.566395+00:00
655,0.85,not_mound,not_mound,K-35-052-2_x0_y2688.png,K-35-052-2,398001.6826664893,4710401.484843567,,2026-04-27T10:07:03.683098+00:00
656,0.2,not_mound,not_mound,K-35-052-2_x2688_y2016.png,K-35-052-2,411914.891285933,4712605.647918207,,2026-04-27T10:12:49.006993+00:00
657,0.2,not_mound,not_mound,K-35-052-2_x2688_y2688.png,K-35-052-2,411786.8850878407,4709839.900805458,,2026-04-27T10:12:50.613546+00:00
658,1.0,mound,burial_mound,K-35-051-4_x1008_y1008.png,K-35-051-4,360793.8489945543,4701050.738545369,50.0,2026-04-27T09:56:50.180799+00:00
659,0.2,not_mound,not_mound,K-35-052-2_x3024_y1008.png,K-35-052-2,413806.9735901525,4718491.493497884,,2026-04-27T10:12:52.690847+00:00
660,0.2,not_mound,not_mound,K-35-052-3_x0_y3024.png,K-35-052-3,376466.7491667768,4690856.611728957,,2026-04-27T10:12:54.054121+00:00
661,0.2,not_mound,not_mound,K-35-051-3_x3024_y672.png,K-35-051-3,351110.91765841376,4703240.731487218,,2026-04-27T10:12:55.655756+00:00
662,1.0,not_mound,not_mound,K-35-052-2_x672_y672.png,K-35-052-2,401607.43115406384,4720167.667669156,,2026-04-27T09:56:52.660347+00:00
663,0.2,not_mound,not_mound,K-35-052-3_x2016_y2352.png,K-35-052-3,386740.1817172005,4693675.720945858,,2026-04-27T10:12:57.914668+00:00
664,0.95,mound,burial_mound,K-35-042-3_x672_y0.png,K-35-042-3,462561.872002988,4742064.034365583,200.0,2026-04-27T10:03:33.088816+00:00
665,1.0,not_mound,not_mound,K-35-052-2_x336_y1680.png,K-35-052-2,399589.65745068144,4715307.790421306,,2026-04-27T09:56:54.094197+00:00
666,1.0,not_mound,not_mound,K-35-052-2_x336_y1680.png,K-35-052-2,399562.0264034396,4715111.048461207,,2026-04-27T09:56:55.134951+00:00
667,0.2,not_mound,not_mound,K-35-052-3_x2016_y2688.png,K-35-052-3,387486.7352209562,4692574.98441856,,2026-04-27T10:12:59.127209+00:00
668,0.2,not_mound,not_mound,K-35-052-2_x3360_y2352.png,K-35-052-2,415164.253257838,4712242.618130801,,2026-04-27T10:13:00.394369+00:00
669,0.95,not_mound,not_mound,K-35-052-2_x3360_y2352.png,K-35-052-2,414395.362695297,4712043.474254381,,2026-04-27T10:03:37.334524+00:00
670,0.2,not_mound,not_mound,K-35-052-3_x4032_y0.png,K-35-052-3,397072.3595464116,4704665.868128734,,2026-04-27T10:13:01.603120+00:00
671,0.85,mound,burial_mound,K-35-052-3_x3696_y2352.png,K-35-052-3,395286.1512784786,4694105.102890314,50.0,2026-04-27T10:07:04.999587+00:00
672,0.95,mound,burial_mound,K-35-052-3_x3696_y2352.png,K-35-052-3,396168.8418339091,4693953.890440726,50.0,2026-04-27T10:03:38.613273+00:00
673,0.15,not_mound,not_mound,K-35-052-3_x2016_y3360.png,K-35-052-3,387686.2338801939,4688742.176172599,,2026-04-27T10:17:27.660030+00:00
674,0.2,not_mound,not_mound,K-35-052-3_x336_y2352.png,K-35-052-3,379779.2356272792,4694344.707974994,,2026-04-27T10:13:03.003931+00:00
675,1.0,mound,burial_mound,K-35-052-3_x672_y3360.png,K-35-052-3,381119.5211706614,4688542.978405965,50.0,2026-04-27T09:56:56.756971+00:00
676,0.65,mound,burial_mound,K-35-052-2_x2016_y3024.png,K-35-052-2,407932.5361097769,4708881.842792691,50.0,2026-04-27T10:09:54.770359+00:00
677,0.2,not_mound,not_mound,K-35-051-3_x2016_y2016.png,K-35-051-3,346154.9449607287,4696203.007253866,,2026-04-27T10:13:04.227944+00:00
678,0.95,mound,settlement_mound,K-35-053-1_x2688_y672.png,K-35-053-1,432983.6294120473,4720483.097806857,50.0,2026-04-27T10:03:40.824328+00:00
679,0.95,mound,settlement_mound,K-35-052-2_x2688_y3024.png,K-35-052-2,410767.3813216889,4708201.338818747,50.0,2026-04-27T10:03:42.756720+00:00
680,0.95,mound,burial_mound,K-35-053-1_x336_y2352.png,K-35-053-1,420815.30445779226,4711545.619585143,50.0,2026-04-27T10:03:44.094643+00:00
681,0.2,not_mound,not_mound,K-35-053-1_x0_y336.png,K-35-053-1,418041.0664647742,4721689.089075887,,2026-04-27T10:13:05.646844+00:00
682,0.2,not_mound,not_mound,K-35-052-3_x0_y2016.png,K-35-052-3,376845.5640463244,4694476.062770213,,2026-04-27T10:13:06.884907+00:00
683,0.2,not_mound,not_mound,K-35-053-2_x1008_y2016.png,K-35-053-2,443752.7671110964,4712111.625928463,,2026-04-27T10:13:07.917682+00:00
684,0.2,not_mound,not_mound,K-35-052-3_x1344_y1008.png,K-35-052-3,383797.29488585313,4699756.909074871,,2026-04-27T10:13:09.509985+00:00
685,0.2,mound,burial_mound,K-35-052-3_x1008_y2016.png,K-35-052-3,381704.81043554127,4696040.3677733205,150.0,2026-04-27T10:13:12.734953+00:00
686,1.0,mound,burial_mound,K-35-053-1_x3696_y672.png,K-35-053-1,437345.2663634386,4719374.234841144,50.0,2026-04-27T09:56:57.685629+00:00
687,0.75,not_mound,not_mound,K-35-053-2_x1344_y3024.png,K-35-053-2,445849.8365858305,4707898.745484107,,2026-04-27T10:09:04.032161+00:00
688,0.95,not_mound,not_mound,K-35-053-2_x3024_y3024.png,K-35-053-2,454641.93951754185,4707157.996208347,,2026-04-27T10:03:45.231086+00:00
689,0.2,mound,burial_mound,K-35-053-2_x3360_y2688.png,K-35-053-2,456374.5347529122,4709867.836037571,50.0,2026-04-27T10:13:14.142484+00:00
690,1.0,not_mound,not_mound,K-35-052-3_x4032_y3360.png,K-35-052-3,396764.8847841769,4689050.202286387,,2026-04-27T09:56:59.053387+00:00
691,0.15,mound,burial_mound,K-35-053-2_x0_y672.png,K-35-053-2,440069.1032247297,4719302.419218075,50.0,2026-04-27T10:17:29.055591+00:00
692,0.85,not_mound,not_mound,K-35-053-2_x3360_y3024.png,K-35-053-2,455840.3174720201,4708048.6391907325,,2026-04-27T10:07:07.271298+00:00
693,0.85,mound,bench_mark_on_mound,K-35-053-2_x3696_y2016.png,K-35-053-2,457770.7204287829,4712063.668776312,50.0,2026-04-27T10:07:08.549964+00:00
694,0.2,not_mound,not_mound,K-35-053-2_x4032_y1008.png,K-35-053-2,458592.70607580873,4718685.9799322905,,2026-04-27T10:13:15.729633+00:00
695,0.15,not_mound,not_mound,K-35-053-4_Boyadzhik_x0_y2688.png,K-35-053-4_Boyadzhik,439381.89367530006,4691325.800131378,,2026-04-27T10:17:30.291931+00:00
696,0.4,not_mound,not_mound,K-35-053-4_Boyadzhik_x1680_y2016.png,K-35-053-4_Boyadzhik,447399.41974980856,4693689.249120108,,2026-04-27T10:10:06.005445+00:00
697,1.0,mound,trig_point_on_mound,K-35-053-4_Boyadzhik_x2352_y1344.png,K-35-053-4_Boyadzhik,450646.0598869606,4697000.980878778,50.0,2026-04-27T09:57:00.396376+00:00
698,1.0,mound,burial_mound,K-35-053-4_Boyadzhik_x2016_y1680.png,K-35-053-4_Boyadzhik,450045.010296166,4695749.020515876,50.0,2026-04-27T09:57:01.629576+00:00
699,1.0,mound,trig_point_on_mound,K-35-053-4_Boyadzhik_x3360_y1344.png,K-35-053-4_Boyadzhik,455342.1359580341,4697353.703190054,50.0,2026-04-27T09:57:02.828826+00:00
700,1.0,mound,burial_mound,K-35-053-4_Boyadzhik_x3696_y2016.png,K-35-053-4_Boyadzhik,456661.2942823143,4693737.100194244,50.0,2026-04-27T09:57:03.850436+00:00
701,0.85,not_mound,not_mound,K-35-053-2_x4032_y1680.png,K-35-053-2,458610.1296211407,4715279.573404026,,2026-04-27T10:07:09.865752+00:00
702,1.0,mound,bench_mark_on_mound,K-35-053-4_Boyadzhik_x3024_y1680.png,K-35-053-4_Boyadzhik,455129.7186739034,4695571.285005694,50.0,2026-04-27T09:57:05.148938+00:00
703,1.0,mound,settlement_mound,K-35-054-1_Straldzha_4326_x0_y672.png,K-35-054-1_Straldzha_4326,460038.3231110442,4719067.3830551095,50.0,2026-04-27T09:57:09.635241+00:00
704,0.95,mound,burial_mound,K-35-053-4_Boyadzhik_x2688_y672.png,K-35-053-4_Boyadzhik,453151.1271037148,4701331.510666653,50.0,2026-04-27T10:03:46.553510+00:00
705,1.0,mound,burial_mound,K-35-053-4_Boyadzhik_x672_y1680.png,K-35-053-4_Boyadzhik,442569.41755364137,4695443.552293119,50.0,2026-04-27T09:57:10.774605+00:00
706,0.95,mound,burial_mound,K-35-054-1_Straldzha_4326_x0_y1344.png,K-35-054-1_Straldzha_4326,460423.82695992966,4716532.910435107,50.0,2026-04-27T10:03:47.567834+00:00
707,0.95,mound,burial_mound,K-35-054-1_Straldzha_4326_x1008_y2352.png,K-35-054-1_Straldzha_4326,465611.4619221934,4711427.616115964,50.0,2026-04-27T10:03:48.873410+00:00
708,1.0,mound,burial_mound,K-35-054-1_Straldzha_4326_x1344_y2352.png,K-35-054-1_Straldzha_4326,465647.4354176198,4711430.658575674,50.0,2026-04-27T09:57:11.756690+00:00
709,1.0,mound,burial_mound,K-35-054-1_Straldzha_4326_x1344_y3024.png,K-35-054-1_Straldzha_4326,467198.7895954902,4706928.857622968,50.0,2026-04-27T09:57:12.998164+00:00
710,0.95,mound,burial_mound,K-35-054-1_Straldzha_4326_x1680_y2352.png,K-35-054-1_Straldzha_4326,468688.633917918,4711597.078768836,50.0,2026-04-27T10:03:49.801479+00:00
711,0.85,mound,burial_mound,K-35-054-1_Straldzha_4326_x1680_y2352.png,K-35-054-1_Straldzha_4326,468105.3420697473,4711254.61023124,50.0,2026-04-27T10:07:11.045649+00:00
712,0.85,mound,burial_mound,K-35-054-1_Straldzha_4326_x1680_y2352.png,K-35-054-1_Straldzha_4326,468175.76196543046,4711303.923510401,50.0,2026-04-27T10:07:12.362202+00:00
713,0.3,mound,burial_mound,K-35-053-4_Boyadzhik_x2352_y336.png,K-35-053-4_Boyadzhik,450822.76592343085,4703814.822595004,50.0,2026-04-27T10:11:53.954227+00:00
714,1.0,mound,burial_mound,K-35-054-1_Straldzha_4326_x1344_y3360.png,K-35-054-1_Straldzha_4326,467197.99651116505,4707091.870364936,200.0,2026-04-27T09:57:17.874111+00:00
715,0.2,mound,burial_mound,K-35-054-1_Straldzha_4326_x3696_y336.png,K-35-054-1_Straldzha_4326,477826.636037533,4720996.378871002,100.0,2026-04-27T10:13:19.218380+00:00
716,0.2,mound,burial_mound,K-35-054-1_Straldzha_4326_x3696_y336.png,K-35-054-1_Straldzha_4326,478794.39221046754,4721277.73152398,75.0,2026-04-27T10:13:22.429726+00:00
717,1.0,mound,burial_mound,K-35-054-1_Straldzha_4326_x1344_y1344.png,K-35-054-1_Straldzha_4326,465588.8969569319,4715822.698315332,50.0,2026-04-27T09:57:18.995425+00:00
718,1.0,not_mound,not_mound,K-35-054-1_Straldzha_4326_x2016_y3360.png,K-35-054-1_Straldzha_4326,468814.39784524415,4705582.834996185,,2026-04-27T09:57:21.809080+00:00
719,1.0,mound,burial_mound,K-35-054-1_Straldzha_4326_x3360_y1680.png,K-35-054-1_Straldzha_4326,476551.7187404469,4715069.032903952,50.0,2026-04-27T09:57:22.970607+00:00
720,0.4,mound,bench_mark_on_mound,K-35-054-1_Straldzha_4326_x1344_y3024.png,K-35-054-1_Straldzha_4326,465755.5382475902,4708490.280082358,50.0,2026-04-27T10:10:07.377671+00:00
721,1.0,mound,bench_mark_on_mound,K-35-054-1_Straldzha_4326_x3696_y1344.png,K-35-054-1_Straldzha_4326,478448.95955614,4715713.813466602,50.0,2026-04-27T09:57:24.956107+00:00
722,0.95,not_mound,not_mound,K-35-054-1_Straldzha_4326_x3024_y2352.png,K-35-054-1_Straldzha_4326,475116.0298549924,4711624.9662083015,,2026-04-27T10:03:51.309267+00:00
723,1.0,mound,bench_mark_on_mound,K-35-054-1_Straldzha_4326_x2352_y2352.png,K-35-054-1_Straldzha_4326,471688.99385026295,4711875.03586176,50.0,2026-04-27T09:57:25.941043+00:00
724,1.0,mound,burial_mound,K-35-054-1_Straldzha_4326_x3360_y2352.png,K-35-054-1_Straldzha_4326,475832.3410259868,4711757.24402727,50.0,2026-04-27T09:57:26.977489+00:00
725,0.95,not_mound,not_mound,K-35-054-1_Straldzha_4326_x336_y1680.png,K-35-054-1_Straldzha_4326,461397.43363005744,4714433.58238683,,2026-04-27T10:03:53.451675+00:00
726,0.95,mound,burial_mound,K-35-054-2_Atolov_4326_x1008_y2016.png,K-35-054-2_Atolov_4326,486088.4017627256,4711857.971239441,200.0,2026-04-27T10:03:56.754167+00:00
727,0.85,mound,bench_mark_on_mound,K-35-054-1_Straldzha_4326_x672_y1680.png,K-35-054-1_Straldzha_4326,462779.0167182734,4714354.087980387,50.0,2026-04-27T10:07:13.564384+00:00
728,0.4,mound,bench_mark_on_mound,K-35-054-1_Straldzha_4326_x3024_y1680.png,K-35-054-1_Straldzha_4326,475073.62742672494,4713833.732021383,50.0,2026-04-27T10:10:09.395440+00:00
729,1.0,mound,burial_mound,K-35-054-2_Atolov_4326_x1680_y1008.png,K-35-054-2_Atolov_4326,488908.2007370332,4716919.678503339,50.0,2026-04-27T09:57:28.158945+00:00
730,0.2,mound,bench_mark_on_mound,K-35-054-2_Atolov_4326_x1008_y2352.png,K-35-054-2_Atolov_4326,484717.6647861839,4710582.77591911,50.0,2026-04-27T10:13:23.957189+00:00
731,1.0,mound,burial_mound,K-35-054-1_Straldzha_4326_x3696_y2352.png,K-35-054-1_Straldzha_4326,478811.8861522997,4711070.623206492,50.0,2026-04-27T09:57:29.086059+00:00
732,1.0,mound,burial_mound,K-35-054-2_Atolov_4326_x0_y0.png,K-35-054-2_Atolov_4326,481139.9886502434,4722071.458522251,50.0,2026-04-27T09:57:31.347344+00:00
733,0.95,mound,burial_mound,K-35-054-2_Atolov_4326_x2352_y3024.png,K-35-054-2_Atolov_4326,491781.1637947023,4707731.345245596,50.0,2026-04-27T10:03:57.953532+00:00
734,1.0,mound,burial_mound,K-35-054-2_Atolov_4326_x2352_y336.png,K-35-054-2_Atolov_4326,492898.29656107,4722080.086438612,75.0,2026-04-27T09:57:35.069747+00:00
735,0.4,mound,burial_mound,K-35-054-2_Atolov_4326_x2352_y0.png,K-35-054-2_Atolov_4326,492767.0996802555,4721955.522345995,50.0,2026-04-27T10:10:10.491817+00:00
736,0.75,mound,burial_mound,K-35-054-2_Atolov_4326_x2352_y336.png,K-35-054-2_Atolov_4326,492458.17086637457,4721591.968255308,50.0,2026-04-27T10:09:05.183689+00:00
737,0.85,mound,trig_point_on_mound,K-35-054-2_Atolov_4326_x2352_y336.png,K-35-054-2_Atolov_4326,492066.83424725215,4720379.498986064,50.0,2026-04-27T10:07:15.683578+00:00
738,0.85,mound,burial_mound,K-35-054-2_Atolov_4326_x2352_y336.png,K-35-054-2_Atolov_4326,492416.6431680898,4720272.841102839,50.0,2026-04-27T10:07:16.837947+00:00
739,1.0,mound,burial_mound,K-35-054-2_Atolov_4326_x1680_y3696.png,K-35-054-2_Atolov_4326,488666.3187709911,4705294.5238681855,150.0,2026-04-27T09:57:41.860712+00:00
740,1.0,not_mound,not_mound,K-35-054-1_Straldzha_4326_x3696_y0.png,K-35-054-1_Straldzha_4326,477566.17395410506,4722261.437717267,,2026-04-27T09:57:45.226345+00:00
741,1.0,mound,burial_mound,K-35-054-2_Atolov_4326_x1344_y1680.png,K-35-054-2_Atolov_4326,486287.0590181213,4713523.181681564,50.0,2026-04-27T09:57:47.636086+00:00
742,0.85,mound,burial_mound,K-35-054-2_Atolov_4326_x2352_y2688.png,K-35-054-2_Atolov_4326,492750.5993427451,4708487.66679173,50.0,2026-04-27T10:07:17.806795+00:00
743,1.0,mound,burial_mound,K-35-054-2_Atolov_4326_x2352_y1008.png,K-35-054-2_Atolov_4326,491794.5764478376,4718736.849628665,50.0,2026-04-27T09:57:48.880352+00:00
744,0.2,not_mound,not_mound,K-35-053-4_Boyadzhik_x2016_y0.png,K-35-053-4_Boyadzhik,449468.5044510122,4704402.716727397,,2026-04-27T10:13:25.583719+00:00
745,0.5,not_mound,not_mound,K-35-054-2_Atolov_4326_x2688_y0.png,K-35-054-2_Atolov_4326,493154.5100123514,4722393.188222266,,2026-04-27T10:10:03.461063+00:00
746,0.4,mound,burial_mound,K-35-054-2_Atolov_4326_x2352_y0.png,K-35-054-2_Atolov_4326,492758.4632182687,4722162.512974222,50.0,2026-04-27T10:10:11.540411+00:00
747,1.0,mound,burial_mound,K-35-053-4_Boyadzhik_x336_y3024.png,K-35-053-4_Boyadzhik,440529.3929806026,4689183.564281049,125.0,2026-04-27T09:57:56.789775+00:00
748,0.15,not_mound,not_mound,K-35-054-2_Atolov_4326_x2688_y2352.png,K-35-054-2_Atolov_4326,493842.0627075157,4711057.067911121,,2026-04-27T10:17:31.705195+00:00
749,1.0,mound,burial_mound,K-35-054-2_Atolov_4326_x672_y1008.png,K-35-054-2_Atolov_4326,482805.27138793765,4716878.477690535,50.0,2026-04-27T09:57:58.227448+00:00
750,0.2,not_mound,not_mound,K-35-054-3_Yambol_x1008_y1008.png,K-35-054-3_Yambol,464271.4708535932,4699199.234288385,,2026-04-27T10:13:26.569867+00:00
751,0.95,mound,bench_mark_on_mound,K-35-054-3_Yambol_x1008_y1008.png,K-35-054-3_Yambol,464102.778737335,4698940.375404977,50.0,2026-04-27T10:04:00.114924+00:00
752,1.0,not_mound,not_mound,K-35-054-3_Yambol_x1008_y0.png,K-35-054-3_Yambol,464563.49467448407,4704084.21897851,,2026-04-27T09:58:01.695433+00:00
753,0.95,mound,trig_point_on_mound,K-35-054-3_Yambol_x1344_y1008.png,K-35-054-3_Yambol,467053.2022585595,4698765.044265195,50.0,2026-04-27T10:04:01.198710+00:00
754,0.3,not_mound,not_mound,K-35-054-3_Yambol_x1008_y2016.png,K-35-054-3_Yambol,463942.30047074455,4693914.076816664,,2026-04-27T10:11:55.709147+00:00
755,0.4,mound,bench_mark_on_mound,K-35-054-3_Yambol_x1008_y2016.png,K-35-054-3_Yambol,464384.5701722929,4693988.983124575,200.0,2026-04-27T10:10:15.277137+00:00
756,0.2,mound,burial_mound,K-35-054-3_Yambol_x2016_y1008.png,K-35-054-3_Yambol,469119.28919852007,4698595.371138368,150.0,2026-04-27T10:13:30.506484+00:00
757,0.65,mound,settlement_mound,K-35-054-3_Yambol_x1680_y0.png,K-35-054-3_Yambol,468491.21487236704,4703668.277691566,50.0,2026-04-27T10:09:56.876277+00:00
758,0.85,mound,trig_point_on_mound,K-35-054-3_Yambol_x2352_y3360.png,K-35-054-3_Yambol,471461.4174453949,4688258.935575341,50.0,2026-04-27T10:07:18.946011+00:00
759,0.85,mound,burial_mound,K-35-054-3_Yambol_x672_y336.png,K-35-054-3_Yambol,462958.13853360055,4702944.060273671,125.0,2026-04-27T10:07:25.068410+00:00
760,1.0,mound,burial_mound,K-35-054-1_Straldzha_4326_x2352_y0.png,K-35-054-1_Straldzha_4326,471892.8866297785,4722142.98426959,100.0,2026-04-27T09:58:06.608838+00:00
761,0.2,not_mound,not_mound,K-35-054-4_Voynika_x2352_y1344.png,K-35-054-4_Voynika,492601.059327196,4697347.352568479,,2026-04-27T10:13:32.270476+00:00
762,1.0,mound,burial_mound,K-35-054-4_Voynika_x1008_y336.png,K-35-054-4_Voynika,486218.7166743732,4703078.712812742,50.0,2026-04-27T09:58:07.893237+00:00
763,0.4,mound,burial_mound,K-35-054-3_Yambol_x3360_y1680.png,K-35-054-3_Yambol,476329.5738079207,4696511.217674119,50.0,2026-04-27T10:10:17.494974+00:00
764,1.0,mound,trig_point_on_mound,K-35-054-4_Voynika_x2688_y3360.png,K-35-054-4_Voynika,494608.1065245037,4688147.589236495,50.0,2026-04-27T09:58:09.344346+00:00
765,1.0,mound,burial_mound,K-35-054-1_Straldzha_4326_x1008_y3024.png,K-35-054-1_Straldzha_4326,465555.49984767445,4707202.069579521,75.0,2026-04-27T09:58:12.099684+00:00
766,1.0,mound,burial_mound,K-35-054-4_Voynika_x3024_y2352.png,K-35-054-4_Voynika,495974.4174418115,4691710.25773082,50.0,2026-04-27T09:58:13.689827+00:00
767,0.15,not_mound,not_mound,K-35-055-1_x1008_y2352.png,K-35-055-1,506527.8991495918,4711115.590075415,,2026-04-27T10:17:32.741163+00:00
768,0.15,not_mound,not_mound,K-35-054-4_Voynika_x2688_y0.png,K-35-054-4_Voynika,494404.228200842,4703950.316848784,,2026-04-27T10:17:34.641040+00:00
769,0.4,not_mound,not_mound,K-35-055-1_x2016_y0.png,K-35-055-1,511446.8335533565,4723718.217194377,,2026-04-27T10:10:19.371667+00:00
770,1.0,not_mound,not_mound,K-35-055-1_x1008_y0.png,K-35-055-1,504938.0493679408,4722577.56152151,,2026-04-27T09:58:15.263160+00:00
771,1.0,mound,burial_mound,K-35-055-1_x1344_y672.png,K-35-055-1,507749.98711371765,4718633.168864069,200.0,2026-04-27T09:58:18.912994+00:00
772,1.0,mound,trig_point_on_mound,K-35-055-1_x2352_y2352.png,K-35-055-1,512892.1657934273,4710289.898457559,50.0,2026-04-27T09:58:20.636748+00:00
773,0.2,not_mound,not_mound,K-35-055-1_x2352_y2688.png,K-35-055-1,512896.3641464939,4709353.618833599,,2026-04-27T10:13:33.356616+00:00
774,1.0,mound,burial_mound,K-35-055-1_x3360_y3024.png,K-35-055-1,517733.6164794413,4706951.811744794,50.0,2026-04-27T09:58:21.928172+00:00
775,0.3,not_mound,not_mound,K-35-055-2_x0_y1008.png,K-35-055-2,521610.541957391,4717631.689056186,,2026-04-27T10:11:57.452545+00:00
776,1.0,mound,settlement_mound,K-35-055-2_x1008_y1344.png,K-35-055-2,526435.2049320732,4715379.237285067,50.0,2026-04-27T09:58:25.297085+00:00
777,1.0,not_mound,not_mound,K-35-055-1_x336_y2352.png,K-35-055-1,502272.0566691365,4711085.582178286,,2026-04-27T09:58:26.723915+00:00
778,0.15,not_mound,not_mound,K-35-055-2_x2016_y1008.png,K-35-055-2,531371.5612745004,4718769.49124265,,2026-04-27T10:17:36.283564+00:00
779,0.2,not_mound,not_mound,K-35-055-2_x0_y336.png,K-35-055-2,521583.7425224264,4720471.730656864,,2026-04-27T10:13:34.750784+00:00
780,0.95,mound,settlement_mound,K-35-055-2_x1008_y1680.png,K-35-055-2,525854.6753656721,4714087.18959509,50.0,2026-04-27T10:04:03.285137+00:00
781,0.4,mound,settlement_mound,K-35-055-2_x2352_y1008.png,K-35-055-2,532890.3064638705,4718197.43152138,50.0,2026-04-27T10:10:21.383310+00:00
782,0.2,mound,burial_mound,K-35-055-3_x1008_y2352.png,K-35-055-3,506164.98308997264,4691721.364500054,200.0,2026-04-27T10:13:38.512696+00:00
783,1.0,mound,burial_mound,K-35-055-2_x0_y1008.png,K-35-055-2,522178.2261594094,4716960.565699046,50.0,2026-04-27T09:58:28.238430+00:00
784,0.2,not_mound,not_mound,K-35-055-2_x2688_y0.png,K-35-055-2,534883.8055476755,4722062.065367525,,2026-04-27T10:13:40.314892+00:00
785,0.7,not_mound,not_mound,K-35-055-3_x2352_y2352.png,K-35-055-3,513529.6115245139,4692248.1590078045,,2026-04-27T10:09:52.060511+00:00
786,0.3,not_mound,not_mound,K-35-055-3_x2352_y2352.png,K-35-055-3,513524.8288769328,4692124.565882564,,2026-04-27T10:12:00.361699+00:00
787,1.0,not_mound,not_mound,K-35-055-3_x1344_y1344.png,K-35-055-3,508484.7107375897,4696855.692284238,,2026-04-27T09:58:30.128116+00:00
788,0.4,not_mound,not_mound,K-35-055-3_x3024_y1344.png,K-35-055-3,515274.5126789215,4697804.173315213,,2026-04-27T10:10:27.245439+00:00
789,0.95,mound,burial_mound,K-35-054-2_Atolov_4326_x336_y0.png,K-35-054-2_Atolov_4326,482829.98100861936,4723113.085162655,50.0,2026-04-27T10:04:04.963244+00:00
790,0.15,not_mound,not_mound,K-35-056-3_x0_y2688.png,K-35-056-3,541715.6657942043,4691131.767079908,,2026-04-27T10:17:37.625403+00:00
791,1.0,mound,burial_mound,K-35-055-4_x3024_y2352.png,K-35-055-4,535578.7513207744,4692429.800396535,50.0,2026-04-27T09:58:31.547063+00:00
792,0.2,not_mound,not_mound,K-35-055-2_x3024_y672.png,K-35-055-2,536940.8221202994,4719087.508618835,,2026-04-27T10:13:41.874564+00:00
793,0.4,mound,burial_mound,K-35-055-3_x2016_y1008.png,K-35-055-3,511586.4964320069,4698470.969489248,200.0,2026-04-27T10:10:30.044455+00:00
794,1.0,mound,burial_mound,K-35-062-4_Asenovgrad_4326_x1680_y2352.png,K-35-062-4_Asenovgrad_4326,321988.2875318617,4658697.115794099,50.0,2026-04-27T09:58:32.588453+00:00
795,0.2,mound,bench_mark_on_mound,K-35-062-4_Asenovgrad_4326_x1344_y2016.png,K-35-062-4_Asenovgrad_4326,321301.9008888416,4659873.847891759,200.0,2026-04-27T10:13:45.665635+00:00
796,0.85,not_mound,not_mound,K-35-062-4_Asenovgrad_4326_x1008_y1008.png,K-35-062-4_Asenovgrad_4326,319885.224302406,4665360.683683496,,2026-04-27T10:07:27.123522+00:00
797,1.0,mound,settlement_mound,K-35-062-4_Asenovgrad_4326_x1008_y672.png,K-35-062-4_Asenovgrad_4326,319163.79136037955,4667319.376345948,75.0,2026-04-27T09:58:37.938621+00:00
798,0.85,mound,bench_mark_on_mound,K-35-056-3_x672_y1344.png,K-35-056-3,544914.7360286573,4698767.253198382,50.0,2026-04-27T10:07:29.040847+00:00
799,0.85,mound,burial_mound,K-35-062-4_Asenovgrad_4326_x2352_y2352.png,K-35-062-4_Asenovgrad_4326,325226.61310379376,4658388.371298159,50.0,2026-04-27T10:07:30.132264+00:00
800,0.2,not_mound,not_mound,K-35-062-4_Asenovgrad_4326_x1008_y3024.png,K-35-062-4_Asenovgrad_4326,319424.4066107621,4654798.2419201005,,2026-04-27T10:13:47.328476+00:00
801,1.0,mound,trig_point_on_mound,K-35-062-4_Asenovgrad_4326_x2688_y2352.png,K-35-062-4_Asenovgrad_4326,326977.5377289063,4658046.458779912,50.0,2026-04-27T09:58:39.325281+00:00
802,0.85,mound,burial_mound,K-35-062-4_Asenovgrad_4326_x2688_y2352.png,K-35-062-4_Asenovgrad_4326,327688.0984537089,4658401.979923186,50.0,2026-04-27T10:07:31.101823+00:00
803,0.85,mound,bench_mark_on_mound,K-35-062-4_Asenovgrad_4326_x2688_y2352.png,K-35-062-4_Asenovgrad_4326,328403.798913337,4658832.549603742,50.0,2026-04-27T10:07:32.206332+00:00
804,1.0,mound,burial_mound,K-35-062-4_Asenovgrad_4326_x3024_y3696.png,K-35-062-4_Asenovgrad_4326,328665.77717656665,4652076.855863928,50.0,2026-04-27T09:58:40.532109+00:00
805,0.95,not_mound,not_mound,K-35-062-4_Asenovgrad_4326_x336_y2352.png,K-35-062-4_Asenovgrad_4326,316395.458975604,4657527.16567958,,2026-04-27T10:04:06.918088+00:00
806,0.95,mound,bench_mark_on_mound,K-35-062-4_Asenovgrad_4326_x2688_y2688.png,K-35-062-4_Asenovgrad_4326,328452.2789525547,4656600.986024004,50.0,2026-04-27T10:04:08.419194+00:00
807,0.2,not_mound,not_mound,K-35-055-3_x2688_y2352.png,K-35-055-3,514540.5979010684,4691727.980985376,,2026-04-27T10:13:48.392599+00:00
808,1.0,not_mound,not_mound,K-35-063-1_Granit_4326_x1008_y672.png,K-35-063-1_Granit_4326,339339.8135931328,4684970.89743114,,2026-04-27T09:58:43.199764+00:00
809,1.0,not_mound,not_mound,K-35-063-1_Granit_4326_x0_y336.png,K-35-063-1_Granit_4326,335958.09939364233,4686648.035349327,,2026-04-27T09:58:46.723641+00:00
810,0.6,not_mound,not_mound,K-35-063-1_Granit_4326_x1344_y2016.png,K-35-063-1_Granit_4326,342396.8418408928,4677612.874179648,,2026-04-27T10:10:01.811175+00:00
811,0.95,mound,burial_mound,K-35-063-1_Granit_4326_x1344_y2016.png,K-35-063-1_Granit_4326,342852.2388664972,4677228.957661994,50.0,2026-04-27T10:04:09.565410+00:00
812,1.0,mound,burial_mound,K-35-063-1_Granit_4326_x1344_y672.png,K-35-063-1_Granit_4326,342717.9279723541,4684699.033036175,50.0,2026-04-27T09:58:47.981905+00:00
813,1.0,not_mound,not_mound,K-35-062-4_Asenovgrad_4326_x672_y1680.png,K-35-062-4_Asenovgrad_4326,317418.5575698416,4662085.761942946,,2026-04-27T09:58:49.456888+00:00
814,1.0,mound,burial_mound,K-35-063-1_Granit_4326_x2352_y672.png,K-35-063-1_Granit_4326,347229.2426172651,4684889.847627892,50.0,2026-04-27T09:58:50.646706+00:00
815,1.0,mound,burial_mound,K-35-063-1_Granit_4326_x2016_y3024.png,K-35-063-1_Granit_4326,346085.57998672826,4672369.159615638,50.0,2026-04-27T09:58:51.659863+00:00
816,1.0,mound,burial_mound,K-35-063-1_Granit_4326_x3360_y2352.png,K-35-063-1_Granit_4326,351896.8616154868,4676322.238074066,100.0,2026-04-27T09:58:55.953009+00:00
817,0.4,mound,bench_mark_on_mound,K-35-063-1_Granit_4326_x2688_y3360.png,K-35-063-1_Granit_4326,347827.67674681783,4670470.656353968,50.0,2026-04-27T10:10:34.244716+00:00
818,0.95,mound,bench_mark_on_mound,K-35-062-4_Asenovgrad_4326_x672_y2352.png,K-35-062-4_Asenovgrad_4326,317282.92899069993,4657434.415334103,50.0,2026-04-27T10:04:14.799977+00:00
819,0.95,mound,burial_mound,K-35-063-1_Granit_4326_x1680_y3024.png,K-35-063-1_Granit_4326,344446.874493361,4673241.026651893,50.0,2026-04-27T10:04:15.803311+00:00
820,1.0,mound,burial_mound,K-35-063-1_Granit_4326_x336_y336.png,K-35-063-1_Granit_4326,337399.4773978494,4686652.566130714,50.0,2026-04-27T09:58:57.331570+00:00
821,1.0,mound,burial_mound,K-35-063-1_Granit_4326_x336_y336.png,K-35-063-1_Granit_4326,337361.4978567354,4686582.897932896,50.0,2026-04-27T09:58:58.314644+00:00
822,1.0,mound,burial_mound,K-35-063-1_Granit_4326_x336_y336.png,K-35-063-1_Granit_4326,337270.07458080235,4686509.248376066,50.0,2026-04-27T09:58:59.242609+00:00
823,0.15,not_mound,not_mound,K-35-063-1_Granit_4326_x336_y1344.png,K-35-063-1_Granit_4326,336807.58625019167,4681179.043662423,,2026-04-27T10:17:38.774430+00:00
824,1.0,mound,burial_mound,K-35-063-1_Granit_4326_x3696_y672.png,K-35-063-1_Granit_4326,353318.0114335049,4684409.2911848985,50.0,2026-04-27T09:59:00.137238+00:00
825,0.4,mound,burial_mound,K-35-063-1_Granit_4326_x1344_y336.png,K-35-063-1_Granit_4326,342263.5334788974,4686563.553980854,100.0,2026-04-27T10:10:38.836460+00:00
826,1.0,mound,trig_point_on_mound,K-35-063-1_Granit_4326_x672_y0.png,K-35-063-1_Granit_4326,338403.6911968334,4688135.757119099,50.0,2026-04-27T09:59:01.459973+00:00
827,0.95,mound,burial_mound,K-35-063-1_Granit_4326_x4032_y672.png,K-35-063-1_Granit_4326,355198.49354136863,4684474.314922433,50.0,2026-04-27T10:04:17.015763+00:00
828,1.0,mound,burial_mound,K-35-063-1_Granit_4326_x4032_y672.png,K-35-063-1_Granit_4326,355206.06561280834,4684325.74646416,50.0,2026-04-27T09:59:02.486650+00:00
829,0.85,mound,burial_mound,K-35-063-1_Granit_4326_x4032_y672.png,K-35-063-1_Granit_4326,354877.82183608087,4684440.616383718,50.0,2026-04-27T10:07:33.293639+00:00
830,1.0,mound,burial_mound,K-35-063-1_Granit_4326_x4032_y672.png,K-35-063-1_Granit_4326,354820.802308943,4683833.149439447,50.0,2026-04-27T09:59:03.680614+00:00
831,0.95,mound,bench_mark_on_mound,K-35-063-1_Granit_4326_x3360_y2016.png,K-35-063-1_Granit_4326,351645.312489931,4677352.882569355,50.0,2026-04-27T10:04:18.233301+00:00
832,0.95,mound,burial_mound,K-35-063-1_Granit_4326_x3696_y1008.png,K-35-063-1_Granit_4326,354808.5035837207,4683812.741704439,50.0,2026-04-27T10:04:19.377393+00:00
833,1.0,mound,bench_mark_on_mound,K-35-063-1_Granit_4326_x2688_y672.png,K-35-063-1_Granit_4326,349162.3960999218,4684614.387169338,50.0,2026-04-27T09:59:04.867069+00:00
834,1.0,mound,burial_mound,K-35-063-1_Granit_4326_x2688_y672.png,K-35-063-1_Granit_4326,349361.75095552776,4684492.569030266,50.0,2026-04-27T09:59:05.944381+00:00
835,1.0,mound,burial_mound,K-35-063-1_Granit_4326_x2688_y672.png,K-35-063-1_Granit_4326,349446.8585618848,4684492.408469252,50.0,2026-04-27T09:59:06.853064+00:00
836,0.95,mound,burial_mound,K-35-063-1_Granit_4326_x2688_y1008.png,K-35-063-1_Granit_4326,348985.93646628933,4683902.976471409,50.0,2026-04-27T10:04:20.588839+00:00
837,0.2,mound,burial_mound,K-35-063-1_Granit_4326_x2352_y3024.png,K-35-063-1_Granit_4326,346109.76802295423,4672360.7435319135,50.0,2026-04-27T10:13:49.652130+00:00
838,0.95,mound,bench_mark_on_mound,K-35-063-1_Granit_4326_x3024_y672.png,K-35-063-1_Granit_4326,351077.1277197675,4684118.343668878,50.0,2026-04-27T10:04:21.812169+00:00
839,0.4,mound,burial_mound,K-35-063-1_Granit_4326_x2352_y1344.png,K-35-063-1_Granit_4326,347848.91742110683,4680520.904264531,200.0,2026-04-27T10:10:41.521053+00:00
840,0.85,not_mound,not_mound,K-35-063-2_Chirpan_4326_x0_y2688.png,K-35-063-2_Chirpan_4326,356024.3161706973,4673908.539578706,,2026-04-27T10:07:34.729359+00:00
841,0.75,mound,bench_mark_on_mound,K-35-063-1_Granit_4326_x336_y3024.png,K-35-063-1_Granit_4326,336703.40748937347,4673066.965699797,50.0,2026-04-27T10:09:06.486773+00:00
842,0.95,mound,bench_mark_on_mound,K-35-063-1_Granit_4326_x1680_y2688.png,K-35-063-1_Granit_4326,344183.80630632624,4674481.644211892,50.0,2026-04-27T10:04:22.936105+00:00
843,0.95,mound,burial_mound,K-35-063-1_Granit_4326_x2352_y3360.png,K-35-063-1_Granit_4326,346368.540232367,4670952.235758554,100.0,2026-04-27T10:04:26.765682+00:00
844,0.2,not_mound,not_mound,K-35-063-3_Tatarevo_4326_x2016_y0.png,K-35-063-3_Tatarevo_4326,345127.7159717198,4669339.021410411,,2026-04-27T10:13:51.637578+00:00
845,1.0,mound,burial_mound,K-35-063-2_Chirpan_4326_x2688_y1680.png,K-35-063-2_Chirpan_4326,369428.7790401231,4678478.143348718,50.0,2026-04-27T09:59:07.998629+00:00
846,1.0,mound,burial_mound,K-35-063-2_Chirpan_4326_x3024_y1344.png,K-35-063-2_Chirpan_4326,371028.46432790393,4680059.864957204,50.0,2026-04-27T09:59:08.849164+00:00
847,0.2,mound,burial_mound,K-35-063-1_Granit_4326_x336_y2352.png,K-35-063-1_Granit_4326,337093.9201180757,4676591.421332653,100.0,2026-04-27T10:13:56.307001+00:00
848,0.15,mound,burial_mound,K-35-063-2_Chirpan_4326_x672_y2016.png,K-35-063-2_Chirpan_4326,359924.65340682573,4676706.751571729,125.0,2026-04-27T10:17:42.594080+00:00
849,0.95,not_mound,not_mound,K-35-063-2_Chirpan_4326_x336_y3024.png,K-35-063-2_Chirpan_4326,357184.7643145721,4673007.33957606,,2026-04-27T10:04:28.183368+00:00
850,1.0,mound,burial_mound,K-35-063-2_Chirpan_4326_x3696_y2016.png,K-35-063-2_Chirpan_4326,373644.6231027544,4676655.461509225,200.0,2026-04-27T09:59:16.837552+00:00
851,0.95,not_mound,not_mound,K-35-063-3_Tatarevo_4326_x1008_y1008.png,K-35-063-3_Tatarevo_4326,340780.5941848278,4665333.036871795,,2026-04-27T10:04:30.297617+00:00
852,0.2,not_mound,not_mound,K-35-063-3_Tatarevo_4326_x0_y1008.png,K-35-063-3_Tatarevo_4326,335602.7708160874,4665093.892031019,,2026-04-27T10:13:58.405919+00:00
853,1.0,mound,bench_mark_on_mound,K-35-063-2_Chirpan_4326_x672_y3360.png,K-35-063-2_Chirpan_4326,360213.8555927395,4669789.517946254,50.0,2026-04-27T09:59:19.085221+00:00
854,1.0,mound,burial_mound,K-35-063-3_Tatarevo_4326_x2352_y0.png,K-35-063-3_Tatarevo_4326,347507.4993233548,4669800.484904986,50.0,2026-04-27T09:59:20.150683+00:00
855,1.0,mound,burial_mound,K-35-063-3_Tatarevo_4326_x2352_y0.png,K-35-063-3_Tatarevo_4326,347506.5581336525,4669764.623250384,50.0,2026-04-27T09:59:21.695661+00:00
856,1.0,mound,bench_mark_on_mound,K-35-063-3_Tatarevo_4326_x2688_y0.png,K-35-063-3_Tatarevo_4326,349038.2298290031,4669622.00631047,50.0,2026-04-27T09:59:23.280920+00:00
857,0.2,not_mound,not_mound,K-35-063-3_Tatarevo_4326_x1344_y2688.png,K-35-063-3_Tatarevo_4326,341531.70947143703,4656130.767419825,,2026-04-27T10:13:59.647937+00:00
858,1.0,mound,burial_mound,K-35-063-3_Tatarevo_4326_x3360_y2016.png,K-35-063-3_Tatarevo_4326,351537.54934272205,4658530.995832719,75.0,2026-04-27T09:59:30.192306+00:00
859,0.2,not_mound,not_mound,K-35-063-2_Chirpan_4326_x3024_y2688.png,K-35-063-2_Chirpan_4326,371857.0367217951,4674364.138627168,,2026-04-27T10:14:02.156748+00:00
860,0.2,not_mound,not_mound,K-35-063-2_Chirpan_4326_x3024_y2688.png,K-35-063-2_Chirpan_4326,371086.5423890577,4673250.696171143,,2026-04-27T10:14:03.271458+00:00
861,0.85,mound,burial_mound,K-35-063-3_Tatarevo_4326_x3696_y0.png,K-35-063-3_Tatarevo_4326,353144.7342891699,4669433.830616714,50.0,2026-04-27T10:07:35.901246+00:00
862,0.85,not_mound,not_mound,K-35-063-3_Tatarevo_4326_x3360_y2352.png,K-35-063-3_Tatarevo_4326,352102.45878487785,4657694.472041559,,2026-04-27T10:07:37.403362+00:00
863,1.0,mound,burial_mound,K-35-063-2_Chirpan_4326_x0_y672.png,K-35-063-2_Chirpan_4326,355760.3135850733,4683826.993167198,50.0,2026-04-27T09:59:31.390088+00:00
864,1.0,mound,burial_mound,K-35-063-2_Chirpan_4326_x0_y672.png,K-35-063-2_Chirpan_4326,355903.1869715143,4683611.438472787,50.0,2026-04-27T09:59:32.434678+00:00
865,0.2,mound,burial_mound,K-35-063-2_Chirpan_4326_x1008_y3360.png,K-35-063-2_Chirpan_4326,361033.84986320086,4671490.491834101,50.0,2026-04-27T10:14:04.429104+00:00
866,0.95,mound,burial_mound,K-35-063-3_Tatarevo_4326_x336_y2352.png,K-35-063-3_Tatarevo_4326,336224.9829656616,4657944.553138905,125.0,2026-04-27T10:04:35.662788+00:00
867,0.95,mound,burial_mound,K-35-063-3_Tatarevo_4326_x3360_y3360.png,K-35-063-3_Tatarevo_4326,351077.4993666358,4651719.530141081,75.0,2026-04-27T10:04:39.384488+00:00
868,0.95,mound,burial_mound,K-35-063-3_Tatarevo_4326_x672_y1680.png,K-35-063-3_Tatarevo_4326,338225.15621010296,4660281.298713207,50.0,2026-04-27T10:04:40.752123+00:00
869,1.0,mound,burial_mound,K-35-063-3_Tatarevo_4326_x336_y0.png,K-35-063-3_Tatarevo_4326,337063.7229049583,4668740.342605582,50.0,2026-04-27T09:59:33.508959+00:00
870,0.4,mound,bench_mark_on_mound,K-35-063-1_Granit_4326_x3360_y336.png,K-35-063-1_Granit_4326,352363.9480622671,4686651.421530268,50.0,2026-04-27T10:10:43.240711+00:00
871,0.2,not_mound,not_mound,K-35-063-3_Tatarevo_4326_x672_y3696.png,K-35-063-3_Tatarevo_4326,338949.4297062848,4651752.642833105,,2026-04-27T10:14:05.953817+00:00
872,0.85,mound,bench_mark_on_mound,K-35-063-4_Skobelevo_4326_x1680_y2016.png,K-35-063-4_Skobelevo_4326,364863.3051752157,4658527.657628652,200.0,2026-04-27T10:07:44.351311+00:00
873,0.15,not_mound,not_mound,K-35-063-4_Skobelevo_4326_x2352_y3024.png,K-35-063-4_Skobelevo_4326,367543.24018619646,4653810.556159689,,2026-04-27T10:17:44.823806+00:00
874,0.4,not_mound,not_mound,K-35-063-4_Skobelevo_4326_x1008_y2016.png,K-35-063-4_Skobelevo_4326,361326.49166281073,4659266.361069729,,2026-04-27T10:10:44.715444+00:00
875,1.0,mound,burial_mound,K-35-063-4_Skobelevo_4326_x2352_y2016.png,K-35-063-4_Skobelevo_4326,367373.2456372395,4658923.7764728805,50.0,2026-04-27T09:59:34.469252+00:00
876,1.0,mound,burial_mound,K-35-063-4_Skobelevo_4326_x2352_y2016.png,K-35-063-4_Skobelevo_4326,367470.8413131817,4658836.753309357,50.0,2026-04-27T09:59:35.408077+00:00
877,0.2,mound,burial_mound,K-35-063-4_Skobelevo_4326_x2352_y2016.png,K-35-063-4_Skobelevo_4326,367023.6786589307,4658769.838848754,50.0,2026-04-27T10:14:07.114486+00:00
878,0.15,not_mound,not_mound,K-35-063-4_Skobelevo_4326_x1680_y3696.png,K-35-063-4_Skobelevo_4326,364207.7108665977,4651298.33649643,,2026-04-27T10:17:47.167047+00:00
879,0.3,not_mound,not_mound,K-35-063-4_Skobelevo_4326_x2016_y3360.png,K-35-063-4_Skobelevo_4326,365292.2072073306,4652044.166266216,,2026-04-27T10:12:02.130229+00:00
880,0.95,mound,bench_mark_on_mound,K-35-063-4_Skobelevo_4326_x2016_y2016.png,K-35-063-4_Skobelevo_4326,364866.1420736497,4658130.286909737,200.0,2026-04-27T10:04:44.051853+00:00
881,0.95,mound,trig_point_on_mound,K-35-063-4_Skobelevo_4326_x0_y2016.png,K-35-063-4_Skobelevo_4326,355724.5695413336,4658651.297196802,50.0,2026-04-27T10:04:45.581486+00:00
882,0.3,not_mound,not_mound,K-35-063-4_Skobelevo_4326_x2016_y1008.png,K-35-063-4_Skobelevo_4326,365781.5132097923,4663582.425077779,,2026-04-27T10:12:03.472583+00:00
883,1.0,mound,burial_mound,K-35-063-4_Skobelevo_4326_x3360_y1344.png,K-35-063-4_Skobelevo_4326,373362.30920859135,4662832.076581652,75.0,2026-04-27T09:59:38.843478+00:00
884,0.4,mound,burial_mound,K-35-063-4_Skobelevo_4326_x2688_y3360.png,K-35-063-4_Skobelevo_4326,369986.0033296488,4651328.069792835,75.0,2026-04-27T10:10:49.434839+00:00
885,0.2,mound,burial_mound,K-35-063-4_Skobelevo_4326_x672_y3360.png,K-35-063-4_Skobelevo_4326,358320.244744109,4651904.63576028,150.0,2026-04-27T10:14:10.878930+00:00
886,0.2,mound,trig_point_on_mound,K-35-064-1_Sredets_4326_x0_y0.png,K-35-064-1_Sredets_4326,376354.5679997986,4686333.118639093,50.0,2026-04-27T10:14:12.547274+00:00
887,0.4,mound,burial_mound,K-35-064-1_Sredets_4326_x0_y0.png,K-35-064-1_Sredets_4326,376962.59978999046,4686635.2030640105,75.0,2026-04-27T10:10:52.556425+00:00
888,0.75,mound,burial_mound,K-35-064-1_Sredets_4326_x0_y1008.png,K-35-064-1_Sredets_4326,376286.2853570925,4681247.63362939,50.0,2026-04-27T10:09:07.444998+00:00
889,0.95,mound,burial_mound,K-35-064-1_Sredets_4326_x0_y1344.png,K-35-064-1_Sredets_4326,376311.8900698821,4680729.585880105,50.0,2026-04-27T10:04:46.696745+00:00
890,0.85,not_mound,not_mound,K-35-063-3_Tatarevo_4326_x1344_y1680.png,K-35-063-3_Tatarevo_4326,341266.543047716,4660417.433004112,,2026-04-27T10:07:46.322058+00:00
891,0.85,mound,burial_mound,K-35-063-3_Tatarevo_4326_x3360_y0.png,K-35-063-3_Tatarevo_4326,351902.54060087947,4669739.424790039,50.0,2026-04-27T10:07:47.497383+00:00
892,0.2,not_mound,not_mound,K-35-064-1_Sredets_4326_x1344_y1680.png,K-35-064-1_Sredets_4326,382745.8217670173,4678745.173999379,,2026-04-27T10:14:14.000327+00:00
893,0.2,not_mound,not_mound,K-35-064-1_Sredets_4326_x0_y3024.png,K-35-064-1_Sredets_4326,376060.5118671949,4671100.789004648,,2026-04-27T10:14:15.849605+00:00
894,1.0,mound,burial_mound,K-35-063-4_Skobelevo_4326_x336_y2688.png,K-35-063-4_Skobelevo_4326,357961.79778966354,4656052.843996807,200.0,2026-04-27T09:59:42.267664+00:00
895,0.3,not_mound,not_mound,K-35-063-1_Granit_4326_x336_y2016.png,K-35-063-1_Granit_4326,337100.00161932124,4677395.750858552,,2026-04-27T10:12:04.801497+00:00
896,0.2,mound,bench_mark_on_mound,K-35-064-1_Sredets_4326_x2352_y3024.png,K-35-064-1_Sredets_4326,388258.20656706527,4672096.465976533,50.0,2026-04-27T10:14:18.585417+00:00
897,1.0,mound,burial_mound,K-35-064-1_Sredets_4326_x0_y1680.png,K-35-064-1_Sredets_4326,377172.7585254385,4678569.354586951,50.0,2026-04-27T09:59:45.725234+00:00
898,0.15,not_mound,not_mound,K-35-064-1_Sredets_4326_x2352_y1680.png,K-35-064-1_Sredets_4326,388437.10566832847,4677839.9738136055,,2026-04-27T10:17:48.982592+00:00
899,1.0,mound,burial_mound,K-35-064-1_Sredets_4326_x2352_y1680.png,K-35-064-1_Sredets_4326,389194.1477872622,4678608.337539292,50.0,2026-04-27T09:59:46.887081+00:00
900,1.0,mound,bench_mark_on_mound,K-35-063-4_Skobelevo_4326_x1680_y1680.png,K-35-063-4_Skobelevo_4326,364532.7408804693,4660669.746818664,50.0,2026-04-27T09:59:48.296595+00:00
901,0.2,not_mound,not_mound,K-35-064-1_Sredets_4326_x1008_y336.png,K-35-064-1_Sredets_4326,381413.0165172213,4685277.758383781,,2026-04-27T10:14:19.779536+00:00
902,0.95,mound,burial_mound,K-35-064-1_Sredets_4326_x1008_y2352.png,K-35-064-1_Sredets_4326,380759.6436341001,4674440.691513279,50.0,2026-04-27T10:04:48.636358+00:00
903,1.0,mound,burial_mound,K-35-064-1_Sredets_4326_x1680_y2016.png,K-35-064-1_Sredets_4326,385956.1540814381,4677729.735144998,50.0,2026-04-27T09:59:49.540688+00:00
904,0.4,not_mound,not_mound,K-35-063-4_Skobelevo_4326_x672_y2016.png,K-35-063-4_Skobelevo_4326,359014.2578159204,4659206.669224804,,2026-04-27T10:10:54.339202+00:00
905,0.95,mound,trig_point_on_mound,K-35-064-1_Sredets_4326_x1680_y3696.png,K-35-064-1_Sredets_4326,384958.544836902,4669243.684120164,50.0,2026-04-27T10:04:50.161332+00:00
906,0.4,mound,burial_mound,K-35-064-1_Sredets_4326_x3024_y1344.png,K-35-064-1_Sredets_4326,390969.4310771425,4680226.310893975,100.0,2026-04-27T10:10:57.720052+00:00
907,1.0,mound,bench_mark_on_mound,K-35-064-1_Sredets_4326_x672_y2352.png,K-35-064-1_Sredets_4326,380592.0528528111,4674578.148172183,50.0,2026-04-27T09:59:50.825997+00:00
908,0.2,not_mound,not_mound,K-35-064-1_Sredets_4326_x336_y0.png,K-35-064-1_Sredets_4326,378566.9298448621,4687405.3927688645,,2026-04-27T10:14:21.007414+00:00
909,0.95,not_mound,not_mound,K-35-064-2_Radnevo_4326_x0_y336.png,K-35-064-2_Radnevo_4326,397443.3647640562,4685070.453344539,,2026-04-27T10:04:51.776352+00:00
910,0.2,not_mound,not_mound,K-35-064-2_Radnevo_4326_x1680_y672.png,K-35-064-2_Radnevo_4326,405316.0735995594,4682757.713554333,,2026-04-27T10:14:22.078452+00:00
911,0.2,not_mound,not_mound,K-35-064-1_Sredets_4326_x2688_y0.png,K-35-064-1_Sredets_4326,389524.6653585743,4686298.595604121,,2026-04-27T10:14:23.290918+00:00
912,0.85,mound,bench_mark_on_mound,K-35-064-1_Sredets_4326_x672_y1344.png,K-35-064-1_Sredets_4326,379835.496660133,4680377.190884737,50.0,2026-04-27T10:07:48.692784+00:00
913,0.85,mound,bench_mark_on_mound,K-35-064-1_Sredets_4326_x3696_y3360.png,K-35-064-1_Sredets_4326,394916.8891282498,4670675.458030556,50.0,2026-04-27T10:07:49.821069+00:00
914,0.4,mound,burial_mound,K-35-064-1_Sredets_4326_x3696_y3360.png,K-35-064-1_Sredets_4326,395022.6292473287,4670570.707203726,50.0,2026-04-27T10:10:58.869390+00:00
915,1.0,mound,settlement_mound,K-35-064-2_Radnevo_4326_x2688_y336.png,K-35-064-2_Radnevo_4326,410542.7592332492,4684923.791628685,50.0,2026-04-27T09:59:54.239054+00:00
916,0.3,not_mound,not_mound,K-35-064-2_Radnevo_4326_x1008_y0.png,K-35-064-2_Radnevo_4326,401597.0724095599,4687307.206841117,,2026-04-27T10:12:05.834557+00:00
917,1.0,mound,bench_mark_on_mound,K-35-064-2_Radnevo_4326_x1008_y3360.png,K-35-064-2_Radnevo_4326,401566.5458911826,4670329.429434382,50.0,2026-04-27T09:59:56.323734+00:00
918,0.95,mound,trig_point_on_mound,K-35-064-2_Radnevo_4326_x1008_y1344.png,K-35-064-2_Radnevo_4326,402576.2172539815,4679939.911339816,50.0,2026-04-27T10:04:53.106692+00:00
919,1.0,mound,bench_mark_on_mound,K-35-064-1_Sredets_4326_x1680_y2016.png,K-35-064-1_Sredets_4326,385790.5915698285,4677545.831995339,50.0,2026-04-27T09:59:57.423788+00:00
920,0.75,mound,burial_mound,K-35-063-1_Granit_4326_x1680_y1008.png,K-35-063-1_Granit_4326,344435.6717820718,4683220.60804195,50.0,2026-04-27T10:09:08.503497+00:00
921,1.0,mound,burial_mound,K-35-064-2_Radnevo_4326_x1344_y3360.png,K-35-064-2_Radnevo_4326,404713.9946711453,4670424.98200062,75.0,2026-04-27T10:00:02.857173+00:00
922,0.95,mound,trig_point_on_mound,K-35-064-2_Radnevo_4326_x3024_y336.png,K-35-064-2_Radnevo_4326,412491.3440865965,4685076.673261825,50.0,2026-04-27T10:04:54.231553+00:00
923,0.3,not_mound,not_mound,K-35-064-2_Radnevo_4326_x2016_y1008.png,K-35-064-2_Radnevo_4326,407108.3638274204,4681808.001193821,,2026-04-27T10:12:06.839883+00:00
924,0.85,mound,burial_mound,K-35-064-2_Radnevo_4326_x1008_y2352.png,K-35-064-2_Radnevo_4326,402018.30906837946,4674940.644392343,50.0,2026-04-27T10:07:51.215379+00:00
925,0.4,mound,bench_mark_on_mound,K-35-064-2_Radnevo_4326_x1680_y1344.png,K-35-064-2_Radnevo_4326,405264.55881261,4680032.967559174,50.0,2026-04-27T10:11:00.421072+00:00
926,0.2,not_mound,not_mound,K-35-064-2_Radnevo_4326_x672_y1008.png,K-35-064-2_Radnevo_4326,400081.09074132016,4681972.244558046,,2026-04-27T10:14:24.466511+00:00
927,0.4,not_mound,not_mound,K-35-064-2_Radnevo_4326_x672_y1008.png,K-35-064-2_Radnevo_4326,400590.9696176096,4681592.514336174,,2026-04-27T10:11:01.561390+00:00
928,0.75,not_mound,not_mound,K-35-064-2_Radnevo_4326_x3360_y1008.png,K-35-064-2_Radnevo_4326,414489.50470889534,4680999.153575682,,2026-04-27T10:09:09.763606+00:00
929,0.85,not_mound,not_mound,K-35-064-2_Radnevo_4326_x4032_y672.png,K-35-064-2_Radnevo_4326,417243.8967698201,4683672.924133017,,2026-04-27T10:07:52.689289+00:00
930,0.2,mound,burial_mound,K-35-064-2_Radnevo_4326_x3360_y1344.png,K-35-064-2_Radnevo_4326,414000.1042162966,4679475.603627941,50.0,2026-04-27T10:14:26.359251+00:00
931,0.85,not_mound,not_mound,K-35-064-2_Radnevo_4326_x3360_y1344.png,K-35-064-2_Radnevo_4326,413915.1580657213,4680089.653605571,,2026-04-27T10:07:53.917471+00:00
932,1.0,mound,burial_mound,K-35-064-2_Radnevo_4326_x2016_y1344.png,K-35-064-2_Radnevo_4326,406717.83798371535,4679736.43468824,50.0,2026-04-27T10:00:04.016665+00:00
933,0.15,not_mound,not_mound,K-35-064-2_Radnevo_4326_x336_y336.png,K-35-064-2_Radnevo_4326,398896.9011242653,4685242.816680398,,2026-04-27T10:17:50.717628+00:00
934,1.0,mound,burial_mound,K-35-064-1_Sredets_4326_x1680_y672.png,K-35-064-1_Sredets_4326,385664.1595408617,4683889.905828618,200.0,2026-04-27T10:00:07.297319+00:00
935,0.2,not_mound,not_mound,K-35-064-1_Sredets_4326_x1680_y672.png,K-35-064-1_Sredets_4326,385190.51072219166,4683413.941348099,,2026-04-27T10:14:27.547856+00:00
936,0.85,mound,bench_mark_on_mound,K-35-064-2_Radnevo_4326_x3360_y2688.png,K-35-064-2_Radnevo_4326,414985.9962002828,4673288.702343964,50.0,2026-04-27T10:07:55.449829+00:00
937,0.2,not_mound,not_mound,K-35-064-3_Dimitrovgrad_4326_x1008_y2688.png,K-35-064-3_Dimitrovgrad_4326,381047.6066590616,4655275.527437473,,2026-04-27T10:14:29.527599+00:00
938,0.3,not_mound,not_mound,K-35-064-2_Radnevo_4326_x336_y1344.png,K-35-064-2_Radnevo_4326,399436.2543249724,4679712.731175351,,2026-04-27T10:12:08.008371+00:00
939,0.2,mound,bench_mark_on_mound,K-35-064-2_Radnevo_4326_x3360_y2016.png,K-35-064-2_Radnevo_4326,414545.0330602219,4676924.310724363,150.0,2026-04-27T10:14:32.439053+00:00
940,0.2,mound,bench_mark_on_mound,K-35-064-3_Dimitrovgrad_4326_x0_y1680.png,K-35-064-3_Dimitrovgrad_4326,375869.28454043606,4659325.669440329,50.0,2026-04-27T10:14:37.991443+00:00
941,0.2,mound,burial_mound,K-35-064-2_Radnevo_4326_x1680_y3360.png,K-35-064-2_Radnevo_4326,405164.2064011083,4669771.237228742,50.0,2026-04-27T10:14:39.270229+00:00
942,0.2,not_mound,not_mound,K-35-064-3_Dimitrovgrad_4326_x2352_y2352.png,K-35-064-3_Dimitrovgrad_4326,388842.8957257714,4657551.308966503,,2026-04-27T10:14:41.321027+00:00
943,0.85,mound,burial_mound,K-35-064-3_Dimitrovgrad_4326_x0_y2016.png,K-35-064-3_Dimitrovgrad_4326,375861.6977850616,4659185.745257318,50.0,2026-04-27T10:07:56.588543+00:00
944,0.65,not_mound,not_mound,K-35-064-3_Dimitrovgrad_4326_x3360_y1680.png,K-35-064-3_Dimitrovgrad_4326,392736.8083190962,4659643.297089337,,2026-04-27T10:09:58.066167+00:00
945,0.85,not_mound,not_mound,K-35-064-3_Dimitrovgrad_4326_x1344_y3024.png,K-35-064-3_Dimitrovgrad_4326,383143.0659993655,4652758.035534746,,2026-04-27T10:07:57.875463+00:00
946,1.0,mound,burial_mound,K-35-063-1_Granit_4326_x1680_y1008.png,K-35-063-1_Granit_4326,344520.7467731772,4682659.472443899,75.0,2026-04-27T10:00:14.349976+00:00
947,0.4,not_mound,not_mound,K-35-064-3_Dimitrovgrad_4326_x2016_y672.png,K-35-064-3_Dimitrovgrad_4326,387367.17226545577,4665535.476786221,,2026-04-27T10:11:02.838985+00:00
948,0.2,not_mound,not_mound,K-35-064-3_Dimitrovgrad_4326_x2016_y2016.png,K-35-064-3_Dimitrovgrad_4326,386020.99977217126,4659255.702953251,,2026-04-27T10:14:43.297703+00:00
949,1.0,not_mound,not_mound,K-35-064-3_Dimitrovgrad_4326_x2352_y1008.png,K-35-064-3_Dimitrovgrad_4326,387810.30496874754,4664200.998326976,,2026-04-27T10:00:15.826392+00:00
950,0.15,not_mound,not_mound,K-35-064-2_Radnevo_4326_x3024_y1680.png,K-35-064-2_Radnevo_4326,412923.1922250617,4678456.632967961,,2026-04-27T10:17:52.146378+00:00
951,0.8,not_mound,not_mound,K-35-064-1_Sredets_4326_x672_y336.png,K-35-064-1_Sredets_4326,379216.9849649445,4685182.726818618,,2026-04-27T10:09:02.724145+00:00
952,0.85,mound,burial_mound,K-35-064-4_Galabovo_4326_x0_y3360.png,K-35-064-4_Galabovo_4326,396605.76484731946,4651158.051000624,50.0,2026-04-27T10:07:59.003068+00:00
953,0.95,mound,bench_mark_on_mound,K-35-064-4_Galabovo_4326_x1008_y1344.png,K-35-064-4_Galabovo_4326,402441.762536315,4660693.888081103,50.0,2026-04-27T10:04:55.525019+00:00
954,0.3,mound,bench_mark_on_mound,K-35-064-4_Galabovo_4326_x1344_y672.png,K-35-064-4_Galabovo_4326,404724.3047277498,4665292.794546254,150.0,2026-04-27T10:12:13.346229+00:00
955,0.2,not_mound,not_mound,K-35-064-3_Dimitrovgrad_4326_x672_y2688.png,K-35-064-3_Dimitrovgrad_4326,379909.6563070166,4655374.260723848,,2026-04-27T10:14:44.645259+00:00
956,0.15,not_mound,not_mound,K-35-064-3_Dimitrovgrad_4326_x672_y1680.png,K-35-064-3_Dimitrovgrad_4326,380120.4265156773,4659676.702500857,,2026-04-27T10:17:53.253103+00:00
957,0.85,mound,burial_mound,K-35-064-3_Dimitrovgrad_4326_x4032_y1344.png,K-35-064-3_Dimitrovgrad_4326,396492.2696185558,4662806.091892948,50.0,2026-04-27T10:08:00.123284+00:00
958,1.0,mound,burial_mound,K-35-064-4_Galabovo_4326_x0_y1008.png,K-35-064-4_Galabovo_4326,396586.546453668,4662687.878396774,50.0,2026-04-27T10:00:17.160084+00:00
959,0.85,mound,burial_mound,K-35-064-3_Dimitrovgrad_4326_x3696_y0.png,K-35-064-3_Dimitrovgrad_4326,395414.6036830152,4668840.681027133,50.0,2026-04-27T10:08:01.019576+00:00
960,0.85,mound,trig_point_on_mound,K-35-064-4_Galabovo_4326_x3024_y1344.png,K-35-064-4_Galabovo_4326,412182.1541588894,4661135.390683891,50.0,2026-04-27T10:08:02.743744+00:00
961,0.95,mound,bench_mark_on_mound,K-35-064-4_Galabovo_4326_x672_y2688.png,K-35-064-4_Galabovo_4326,399883.2347537681,4654814.992705429,50.0,2026-04-27T10:04:59.145776+00:00
962,0.95,mound,burial_mound,K-35-064-4_Galabovo_4326_x2352_y3360.png,K-35-064-4_Galabovo_4326,409794.2732970227,4650529.993089026,75.0,2026-04-27T10:05:02.265494+00:00
963,0.2,not_mound,not_mound,K-35-064-4_Galabovo_4326_x3696_y1008.png,K-35-064-4_Galabovo_4326,414963.885818314,4663316.127430861,,2026-04-27T10:14:46.325525+00:00
964,0.4,not_mound,not_mound,K-35-064-4_Galabovo_4326_x3696_y1008.png,K-35-064-4_Galabovo_4326,415301.97102321126,4663227.5560775455,,2026-04-27T10:11:04.586078+00:00
965,0.15,not_mound,not_mound,K-35-064-4_Galabovo_4326_x3696_y1008.png,K-35-064-4_Galabovo_4326,415156.4795054652,4663147.0152913,,2026-04-27T10:17:54.336556+00:00
966,0.85,mound,trig_point_on_mound,K-35-064-4_Galabovo_4326_x672_y672.png,K-35-064-4_Galabovo_4326,400305.9656035756,4665620.9166924255,200.0,2026-04-27T10:08:06.252241+00:00
967,0.95,not_mound,not_mound,K-35-065-1_Radetski_4326_x1008_y0.png,K-35-065-1_Radetski_4326,423961.3223759685,4685885.526240465,,2026-04-27T10:05:03.654876+00:00
968,0.95,mound,settlement_mound,K-35-065-1_Radetski_4326_x1680_y1680.png,K-35-065-1_Radetski_4326,426759.7527481585,4678382.550958678,50.0,2026-04-27T10:05:05.340921+00:00
969,0.3,not_mound,not_mound,K-35-065-1_Radetski_4326_x3024_y1344.png,K-35-065-1_Radetski_4326,432824.78782247344,4680066.483591449,,2026-04-27T10:12:15.773212+00:00
970,0.2,not_mound,not_mound,K-35-065-1_Radetski_4326_x1008_y1344.png,K-35-065-1_Radetski_4326,423699.3455019044,4680457.069685891,,2026-04-27T10:14:47.850535+00:00
971,0.2,not_mound,not_mound,K-35-065-1_Radetski_4326_x2688_y1680.png,K-35-065-1_Radetski_4326,431739.16999252304,4677264.390266264,,2026-04-27T10:14:48.919025+00:00
972,0.2,not_mound,not_mound,K-35-065-1_Radetski_4326_x2688_y3360.png,K-35-065-1_Radetski_4326,431487.6848728978,4669367.67976732,,2026-04-27T10:14:50.036692+00:00
973,0.85,not_mound,not_mound,K-35-065-1_Radetski_4326_x1680_y0.png,K-35-065-1_Radetski_4326,426497.253829832,4685722.559521914,,2026-04-27T10:08:07.518838+00:00
974,0.85,not_mound,not_mound,K-35-065-1_Radetski_4326_x336_y1008.png,K-35-065-1_Radetski_4326,420050.5212403267,4682052.582406452,,2026-04-27T10:08:08.609333+00:00
975,0.95,mound,burial_mound,K-35-065-1_Radetski_4326_x3696_y1344.png,K-35-065-1_Radetski_4326,436761.33031379135,4680125.993537339,50.0,2026-04-27T10:05:07.538025+00:00
976,0.75,not_mound,not_mound,K-35-065-1_Radetski_4326_x1008_y336.png,K-35-065-1_Radetski_4326,423206.6474062269,4685497.74771642,,2026-04-27T10:09:11.653822+00:00
977,0.15,not_mound,not_mound,K-35-065-1_Radetski_4326_x1344_y2016.png,K-35-065-1_Radetski_4326,424242.233499333,4676382.05786237,,2026-04-27T10:17:55.650033+00:00
978,0.95,mound,bench_mark_on_mound,K-35-065-1_Radetski_4326_x3360_y336.png,K-35-065-1_Radetski_4326,435785.6003468331,4684038.845682655,200.0,2026-04-27T10:05:11.663729+00:00
979,0.85,not_mound,not_mound,K-35-065-1_Radetski_4326_x1680_y1344.png,K-35-065-1_Radetski_4326,425652.1240508449,4679121.431897509,,2026-04-27T10:08:10.006292+00:00
980,0.15,not_mound,not_mound,K-35-065-1_Radetski_4326_x336_y336.png,K-35-065-1_Radetski_4326,420419.78984121926,4684177.889074407,,2026-04-27T10:17:57.821358+00:00
981,0.4,not_mound,not_mound,K-35-065-1_Radetski_4326_x2688_y2352.png,K-35-065-1_Radetski_4326,431266.58135855634,4674707.738514043,,2026-04-27T10:11:05.958495+00:00
982,0.95,mound,bench_mark_on_mound,K-35-065-2_GManastir_4326_x0_y1008.png,K-35-065-2_GManastir_4326,438108.09767016,4680948.047066726,50.0,2026-04-27T10:05:13.373164+00:00
983,0.2,not_mound,not_mound,K-35-065-2_GManastir_4326_x4032_y672.png,K-35-065-2_GManastir_4326,458373.3180606909,4682040.314425188,,2026-04-27T10:14:51.308690+00:00
984,0.2,mound,burial_mound,K-35-065-3_Glavan_4326_x0_y2016.png,K-35-065-3_Glavan_4326,418505.13639898045,4658036.389565276,100.0,2026-04-27T10:14:54.824158+00:00
985,0.2,not_mound,not_mound,K-35-065-3_Glavan_4326_x1344_y1008.png,K-35-065-3_Glavan_4326,425251.7938804453,4662127.375339314,,2026-04-27T10:14:56.340804+00:00
986,0.3,not_mound,not_mound,K-35-064-3_Dimitrovgrad_4326_x3024_y3024.png,K-35-064-3_Dimitrovgrad_4326,391658.438895856,4653055.954723437,,2026-04-27T10:12:17.244257+00:00
987,0.2,not_mound,not_mound,K-35-065-3_Glavan_4326_x3360_y1680.png,K-35-065-3_Glavan_4326,434884.35075436113,4659570.900646765,,2026-04-27T10:14:57.782769+00:00
988,0.75,mound,burial_mound,K-35-065-3_Glavan_4326_x3360_y2352.png,K-35-065-3_Glavan_4326,435093.5364753886,4655873.989286329,50.0,2026-04-27T10:09:31.002766+00:00
989,0.75,mound,burial_mound,K-35-065-3_Glavan_4326_x3360_y2688.png,K-35-065-3_Glavan_4326,434288.8536136051,4655086.253152167,50.0,2026-04-27T10:09:32.057799+00:00
990,1.0,mound,trig_point_on_mound,K-35-065-3_Glavan_4326_x3360_y2352.png,K-35-065-3_Glavan_4326,434782.804862436,4655175.8479309445,50.0,2026-04-27T10:00:18.664697+00:00
991,1.0,mound,burial_mound,K-35-065-3_Glavan_4326_x2016_y336.png,K-35-065-3_Glavan_4326,428830.2750880095,4666998.670066243,200.0,2026-04-27T10:00:26.817011+00:00
992,0.95,not_mound,not_mound,K-35-065-1_Radetski_4326_x2016_y672.png,K-35-065-1_Radetski_4326,427612.4482475963,4683519.315460545,,2026-04-27T10:05:14.701441+00:00
993,0.85,not_mound,not_mound,K-35-065-1_Radetski_4326_x2016_y672.png,K-35-065-1_Radetski_4326,428782.1688061634,4682547.675136409,,2026-04-27T10:08:12.452558+00:00
994,1.0,mound,bench_mark_on_mound,K-35-065-3_Glavan_4326_x672_y2016.png,K-35-065-3_Glavan_4326,420561.49312286143,4656906.86981866,50.0,2026-04-27T10:00:28.351271+00:00
995,0.95,mound,bench_mark_on_mound,K-35-065-4_x2016_y2352.png,K-35-065-4,448005.028998405,4655453.68880837,200.0,2026-04-27T10:05:18.611690+00:00
996,0.15,not_mound,not_mound,K-35-066-1_x1008_y0.png,K-35-066-1,463991.3868035433,4685993.737527996,,2026-04-27T10:17:58.831102+00:00
997,0.2,not_mound,not_mound,K-35-065-4_x3360_y2016.png,K-35-065-4,456377.70530954335,4657364.233434577,,2026-04-27T10:14:59.277933+00:00
998,0.2,not_mound,not_mound,K-35-065-4_x336_y2688.png,K-35-065-4,441309.8484687503,4653233.858340802,,2026-04-27T10:15:00.238742+00:00
999,0.75,mound,burial_mound,K-35-066-1_x2352_y1344.png,K-35-066-1,472047.7620002428,4678876.857099744,50.0,2026-04-27T10:09:33.343652+00:00
1000,0.95,mound,bench_mark_on_mound,K-35-066-1_x1008_y1680.png,K-35-066-1,464757.6149061349,4678017.013195478,50.0,2026-04-27T10:05:20.034067+00:00
1001,0.85,mound,burial_mound,K-35-066-1_x2688_y1008.png,K-35-066-1,473667.9453029656,4679946.535260757,50.0,2026-04-27T10:08:13.681300+00:00
1002,0.2,not_mound,not_mound,K-35-066-1_x2688_y0.png,K-35-066-1,473687.9889345416,4685861.81156444,,2026-04-27T10:15:01.613021+00:00
1003,0.85,mound,burial_mound,K-35-066-1_x1680_y672.png,K-35-066-1,468884.8050368749,4681733.798497789,200.0,2026-04-27T10:08:16.252720+00:00
1004,0.95,mound,burial_mound,K-35-065-2_GManastir_4326_x2688_y1680.png,K-35-065-2_GManastir_4326,451565.9128995594,4677748.428384875,50.0,2026-04-27T10:05:21.336328+00:00
1005,1.0,mound,burial_mound,K-35-066-1_x3360_y2016.png,K-35-066-1,476002.0891950372,4674951.474774495,50.0,2026-04-27T10:00:29.869668+00:00
1006,1.0,mound,bench_mark_on_mound,K-35-066-1_x3360_y1680.png,K-35-066-1,477267.4414669056,4677250.465976657,50.0,2026-04-27T10:00:31.281853+00:00
1007,0.2,not_mound,not_mound,K-35-065-4_x1680_y3360.png,K-35-065-4,447567.6453000463,4650161.71204401,,2026-04-27T10:15:03.077505+00:00
1008,0.2,not_mound,not_mound,K-35-066-2_x3024_y3024.png,K-35-066-2,494888.4961822853,4670589.890710928,,2026-04-27T10:15:04.320343+00:00
1009,0.15,not_mound,not_mound,K-35-066-1_x672_y1680.png,K-35-066-1,462998.129197778,4677412.797624096,,2026-04-27T10:18:00.898964+00:00
1010,0.95,not_mound,not_mound,K-35-065-3_Glavan_4326_x2688_y1680.png,K-35-065-3_Glavan_4326,431302.2374859185,4659429.243216966,,2026-04-27T10:05:22.564111+00:00
1011,1.0,mound,burial_mound,K-35-066-2_x2352_y1680.png,K-35-066-2,492438.3334100723,4676563.235683434,200.0,2026-04-27T10:00:34.268762+00:00
1012,0.95,mound,burial_mound,K-35-066-2_x1008_y336.png,K-35-066-2,485483.9146354536,4684920.416536843,50.0,2026-04-27T10:05:23.961278+00:00
1013,0.4,not_mound,not_mound,K-35-066-2_x0_y1008.png,K-35-066-2,480805.55056582193,4679987.472142946,,2026-04-27T10:11:08.923364+00:00
1014,1.0,mound,trig_point_on_mound,K-35-066-2_x336_y2016.png,K-35-066-2,482672.83431872126,4675215.575107551,50.0,2026-04-27T10:00:35.847804+00:00
1015,0.4,not_mound,not_mound,K-35-066-1_x1680_y0.png,K-35-066-1,468817.4145822317,4686695.465791146,,2026-04-27T10:11:10.603940+00:00
1016,0.85,mound,bench_mark_on_mound,K-35-066-2_x3360_y1344.png,K-35-066-2,497913.499572513,4679156.115397766,50.0,2026-04-27T10:08:17.758575+00:00
1017,0.15,not_mound,not_mound,K-35-066-1_x672_y1008.png,K-35-066-1,463701.07762246137,4680698.833182263,,2026-04-27T10:18:01.892947+00:00
1018,1.0,mound,bench_mark_on_mound,K-35-066-1_x3696_y2688.png,K-35-066-1,478227.08260875207,4671659.847170373,200.0,2026-04-27T10:00:43.356785+00:00
1019,1.0,mound,burial_mound,K-35-066-1_x2688_y1344.png,K-35-066-1,472833.9944983464,4679677.228808375,75.0,2026-04-27T10:00:50.286631+00:00
1020,0.95,mound,bench_mark_on_mound,K-35-066-3_x0_y2688.png,K-35-066-3,458802.2391267863,4653955.498900322,50.0,2026-04-27T10:05:25.313264+00:00
1021,1.0,mound,bench_mark_on_mound,K-35-066-2_x336_y336.png,K-35-066-2,482534.75386577577,4683201.980531297,150.0,2026-04-27T10:00:56.101547+00:00
1022,0.95,not_mound,not_mound,K-35-066-2_x672_y2016.png,K-35-066-2,483093.628684817,4675533.552039724,,2026-04-27T10:05:27.179610+00:00
1023,0.2,not_mound,not_mound,K-35-066-2_x672_y2016.png,K-35-066-2,483967.76525870606,4675368.063350042,,2026-04-27T10:15:05.492659+00:00
1024,0.95,mound,bench_mark_on_mound,K-35-066-2_x672_y2016.png,K-35-066-2,484179.63099025714,4674945.5437728055,200.0,2026-04-27T10:05:30.062922+00:00
1025,0.35,mound,burial_mound,K-35-066-1_x3696_y672.png,K-35-066-1,478812.94265786064,4682089.326773123,75.0,2026-04-27T10:11:50.014641+00:00
1026,0.2,not_mound,not_mound,K-35-066-1_x1344_y1008.png,K-35-066-1,466814.03781204304,4680833.55487562,,2026-04-27T10:15:07.117490+00:00
1027,0.85,not_mound,not_mound,K-35-066-2_x672_y672.png,K-35-066-2,482842.1677551212,4681668.712951232,,2026-04-27T10:08:19.752879+00:00
1028,0.2,not_mound,not_mound,K-35-066-2_x4032_y672.png,K-35-066-2,499728.6087436381,4682051.917081141,,2026-04-27T10:15:08.703257+00:00
1029,0.95,mound,burial_mound,K-35-066-3_x3360_y672.png,K-35-066-3,477236.9954353077,4663626.390382584,75.0,2026-04-27T10:05:34.567125+00:00
1030,0.2,mound,burial_mound,K-35-066-3_x2352_y672.png,K-35-066-3,471011.4945345393,4663669.636015002,75.0,2026-04-27T10:15:12.221313+00:00
1031,1.0,mound,burial_mound,K-35-066-3_x1008_y672.png,K-35-066-3,463747.15121876897,4664372.959394309,50.0,2026-04-27T10:00:57.469437+00:00
1032,1.0,mound,burial_mound,K-35-066-4_x1680_y0.png,K-35-066-4,488511.3622429561,4667446.1892166985,100.0,2026-04-27T10:01:01.802170+00:00
1033,0.2,not_mound,not_mound,K-35-066-4_x1680_y2016.png,K-35-066-4,489184.49697992206,4656387.743036492,,2026-04-27T10:15:13.351344+00:00
1034,0.95,mound,burial_mound,K-35-066-2_x2688_y3360.png,K-35-066-2,494272.8900901294,4668233.258092477,200.0,2026-04-27T10:05:37.652573+00:00
1035,0.2,not_mound,not_mound,K-35-066-4_x336_y0.png,K-35-066-4,482705.482460472,4666424.87941594,,2026-04-27T10:15:14.481653+00:00
1036,0.2,not_mound,not_mound,K-35-066-4_x1680_y2688.png,K-35-066-4,488047.0304222996,4654360.607279458,,2026-04-27T10:15:15.460202+00:00
1037,0.75,not_mound,not_mound,K-35-066-4_x336_y3024.png,K-35-066-4,482477.3063652705,4652187.790756038,,2026-04-27T10:09:34.692101+00:00
1038,0.15,not_mound,not_mound,K-35-066-4_x2688_y0.png,K-35-066-4,494345.95113802544,4667563.342448124,,2026-04-27T10:18:02.879454+00:00
1039,0.15,not_mound,not_mound,K-35-066-4_x3024_y2688.png,K-35-066-4,495325.452060713,4653433.291804925,,2026-04-27T10:18:03.885045+00:00
1040,1.0,not_mound,not_mound,K-35-066-4_x3024_y336.png,K-35-066-4,495574.8544515449,4664932.565390436,,2026-04-27T10:01:04.204631+00:00
1041,0.2,not_mound,not_mound,K-35-066-4_x3696_y2352.png,K-35-066-4,498934.1466301856,4655341.983855678,,2026-04-27T10:15:16.384609+00:00
1042,0.4,not_mound,not_mound,K-35-066-3_x0_y0.png,K-35-066-3,460376.7725241235,4667646.081226272,,2026-04-27T10:11:11.729554+00:00
1043,0.4,not_mound,not_mound,K-35-067-1_x3696_y2016.png,K-35-067-1,519684.8126648616,4675117.071938371,,2026-04-27T10:11:13.797099+00:00
1044,0.95,mound,bench_mark_on_mound,K-35-066-3_x2352_y1008.png,K-35-066-3,471766.1051335759,4662230.142569599,50.0,2026-04-27T10:05:39.048598+00:00
1045,0.2,not_mound,not_mound,K-35-067-1_x0_y672.png,K-35-067-1,500454.8692214633,4682555.690300518,,2026-04-27T10:15:17.338394+00:00
1046,0.15,not_mound,not_mound,K-35-066-4_x672_y2688.png,K-35-066-4,484390.5676543,4653381.10928143,,2026-04-27T10:18:05.354324+00:00
1047,0.4,mound,burial_mound,K-35-066-4_x336_y2352.png,K-35-066-4,482652.7437668337,4655602.76261982,200.0,2026-04-27T10:11:17.585146+00:00
1048,1.0,mound,burial_mound,K-35-067-1_x0_y0.png,K-35-067-1,500424.9900014546,4685906.94322615,50.0,2026-04-27T10:01:05.460816+00:00
1049,1.0,mound,burial_mound,K-35-067-1_x336_y672.png,K-35-067-1,502664.98672904505,4681938.385275113,50.0,2026-04-27T10:01:06.760428+00:00
1050,1.0,mound,burial_mound,K-35-067-2_x1680_y672.png,K-35-067-2,528917.1281469904,4683489.550466642,50.0,2026-04-27T10:01:08.144322+00:00
1051,1.0,mound,burial_mound,K-35-067-1_x336_y0.png,K-35-067-1,502336.8934039558,4685584.651630453,50.0,2026-04-27T10:01:09.065727+00:00
1052,1.0,mound,burial_mound,K-35-067-2_x3024_y1680.png,K-35-067-2,537022.7288605006,4678026.276590633,50.0,2026-04-27T10:01:10.991941+00:00
1053,0.15,not_mound,not_mound,K-35-067-1_x672_y2688.png,K-35-067-1,503968.1073165301,4671748.334611748,,2026-04-27T10:18:06.399814+00:00
1054,0.15,not_mound,not_mound,K-35-066-4_x2688_y1008.png,K-35-066-4,493472.717863192,4662327.734807025,,2026-04-27T10:18:07.453906+00:00
1055,0.95,mound,burial_mound,K-35-066-1_x672_y336.png,K-35-066-1,462645.77899146825,4685053.285614514,50.0,2026-04-27T10:05:40.462694+00:00
1056,0.2,mound,burial_mound,K-35-067-2_x2352_y1680.png,K-35-067-2,533429.0926381297,4677200.364560192,50.0,2026-04-27T10:15:21.431764+00:00
1057,1.0,mound,burial_mound,K-35-067-2_x2352_y3024.png,K-35-067-2,532852.5924171694,4670107.906420154,50.0,2026-04-27T10:01:11.966114+00:00
1058,0.95,mound,burial_mound,K-35-067-2_x2688_y3024.png,K-35-067-2,534629.2906124118,4671516.571895584,50.0,2026-04-27T10:05:41.850302+00:00
1059,0.4,not_mound,not_mound,K-35-067-1_x336_y2352.png,K-35-067-1,502905.34849238687,4674043.75467355,,2026-04-27T10:11:20.107780+00:00
1060,1.0,mound,burial_mound,K-35-067-3_x1680_y672.png,K-35-067-3,510034.6922509375,4664532.601994257,50.0,2026-04-27T10:01:12.969090+00:00
1061,0.85,mound,trig_point_on_mound,K-35-067-3_x3024_y672.png,K-35-067-3,516470.95486444863,4664323.177514089,150.0,2026-04-27T10:08:23.525597+00:00
1062,0.2,not_mound,not_mound,K-35-067-3_x3024_y672.png,K-35-067-3,515233.2927553305,4663636.219505638,,2026-04-27T10:15:22.636086+00:00
1063,0.3,not_mound,not_mound,K-35-066-4_x2688_y2352.png,K-35-066-4,493689.0201170785,4655880.436378145,,2026-04-27T10:12:18.652729+00:00
1064,0.3,not_mound,not_mound,K-35-066-4_x2688_y2352.png,K-35-066-4,493715.2567258369,4655607.612335084,,2026-04-27T10:12:19.689467+00:00
1065,0.85,mound,burial_mound,K-35-067-3_x2352_y672.png,K-35-067-3,513134.6538571044,4664880.22314974,50.0,2026-04-27T10:08:24.992403+00:00
1066,0.95,mound,burial_mound,K-35-067-3_x672_y672.png,K-35-067-3,503503.5446340675,4664589.293460652,50.0,2026-04-27T10:05:42.856171+00:00
1067,0.3,not_mound,not_mound,K-35-067-3_x2016_y0.png,K-35-067-3,510826.7145259636,4667311.90325883,,2026-04-27T10:12:21.796540+00:00
1068,1.0,not_mound,not_mound,K-35-067-3_x336_y336.png,K-35-067-3,503456.8923275642,4664841.422985862,,2026-04-27T10:01:14.180397+00:00
1069,0.95,mound,burial_mound,K-35-067-3_x2688_y672.png,K-35-067-3,513627.1649955639,4664554.389955234,50.0,2026-04-27T10:05:43.778797+00:00
1070,0.2,mound,burial_mound,K-35-067-4_x1344_y1680.png,K-35-067-4,528636.890789273,4658913.661736282,50.0,2026-04-27T10:15:25.863873+00:00
1071,0.95,mound,burial_mound,K-35-067-3_x336_y1008.png,K-35-067-3,502325.1974924708,4661836.787177848,50.0,2026-04-27T10:05:44.693035+00:00
1072,0.95,mound,burial_mound,K-35-067-4_x1344_y1008.png,K-35-067-4,528605.0549204119,4663099.026655542,75.0,2026-04-27T10:05:47.671610+00:00
1073,0.85,not_mound,not_mound,K-35-066-3_x3024_y672.png,K-35-066-3,475394.1658719135,4664033.067441854,,2026-04-27T10:08:26.585718+00:00
1074,0.15,not_mound,not_mound,K-35-067-3_x3696_y336.png,K-35-067-3,519238.3808242951,4665131.609060773,,2026-04-27T10:18:08.825856+00:00
1075,0.2,not_mound,not_mound,K-35-067-4_x336_y3360.png,K-35-067-4,523341.7304255864,4650422.086552771,,2026-04-27T10:15:27.201992+00:00
1076,0.4,mound,burial_mound,K-35-067-4_x3360_y1680.png,K-35-067-4,537795.8750585984,4658882.071456123,50.0,2026-04-27T10:11:21.455937+00:00
1077,1.0,not_mound,not_mound,K-35-067-4_x2688_y2352.png,K-35-067-4,534524.5418577532,4654839.618234044,,2026-04-27T10:01:15.620099+00:00
1078,0.2,not_mound,not_mound,K-35-074-1_x1344_y672.png,K-35-074-1,299855.1139708507,4647684.358552733,,2026-04-27T10:15:28.784552+00:00
1079,0.85,mound,burial_mound,K-35-067-2_x1344_y3360.png,K-35-067-2,528161.1166641826,4669565.066867577,50.0,2026-04-27T10:08:27.723256+00:00
1080,0.85,not_mound,not_mound,K-35-067-3_x336_y1344.png,K-35-067-3,501925.1351056896,4660283.123366524,,2026-04-27T10:08:29.313589+00:00
1081,0.15,not_mound,not_mound,K-35-074-1_x2016_y672.png,K-35-074-1,302749.72664933174,4647768.019871396,,2026-04-27T10:18:09.807924+00:00
1082,0.2,not_mound,not_mound,K-35-074-1_x2352_y336.png,K-35-074-1,305978.06849504175,4650301.392819129,,2026-04-27T10:15:30.726546+00:00
1083,0.2,not_mound,not_mound,K-35-074-1_x2352_y1680.png,K-35-074-1,305093.0558286613,4643565.683434981,,2026-04-27T10:15:31.812334+00:00
1084,1.0,mound,burial_mound,K-35-074-2_x1008_y0.png,K-35-074-2,319598.37043893803,4650415.764339657,200.0,2026-04-27T10:01:19.205898+00:00
1085,0.85,not_mound,not_mound,K-35-074-1_x2352_y3024.png,K-35-074-1,305372.40644406807,4635738.630161135,,2026-04-27T10:08:30.501588+00:00
1086,0.2,not_mound,not_mound,K-35-074-1_x672_y1008.png,K-35-074-1,296971.1332646365,4646304.683965977,,2026-04-27T10:15:33.138644+00:00
1087,0.4,not_mound,not_mound,K-35-074-1_x672_y2688.png,K-35-074-1,296578.67337890784,4637940.343593854,,2026-04-27T10:11:24.241487+00:00
1088,0.75,not_mound,not_mound,K-35-074-2_x1680_y1680.png,K-35-074-2,322504.4771285444,4642696.588783305,,2026-04-27T10:09:36.151592+00:00
1089,0.15,not_mound,not_mound,K-35-074-2_x1680_y2016.png,K-35-074-2,323283.2150722813,4640302.451837026,,2026-04-27T10:18:11.355698+00:00
1090,0.85,not_mound,not_mound,K-35-074-2_x0_y3360.png,K-35-074-2,314524.98244364135,4633504.741359271,,2026-04-27T10:08:32.345854+00:00
1091,0.2,not_mound,not_mound,K-35-067-3_x3024_y1344.png,K-35-067-3,515391.12807093945,4660542.222375554,,2026-04-27T10:15:34.180413+00:00
1092,0.2,mound,bench_mark_on_mound,K-35-067-4_x3360_y1344.png,K-35-067-4,538147.7613491877,4660656.8439669525,50.0,2026-04-27T10:15:35.733692+00:00
1093,0.2,not_mound,not_mound,K-35-074-2_x2352_y3360.png,K-35-074-2,325855.17391710944,4634256.8017488215,,2026-04-27T10:15:38.268820+00:00
1094,0.2,not_mound,not_mound,K-35-074-1_x1008_y336.png,K-35-074-1,298187.91750166984,4650329.420456211,,2026-04-27T10:15:39.759633+00:00
1095,0.4,not_mound,not_mound,K-35-074-2_x3696_y672.png,K-35-074-2,332514.0795493537,4647683.059753487,,2026-04-27T10:11:25.778738+00:00
1096,0.2,not_mound,not_mound,K-35-074-2_x672_y1344.png,K-35-074-2,316807.718529071,4643577.098795881,,2026-04-27T10:15:41.336017+00:00
1097,0.95,mound,burial_mound,K-35-067-4_x2016_y2016.png,K-35-067-4,530972.5565236601,4657456.764804688,50.0,2026-04-27T10:05:49.109200+00:00
1098,0.15,not_mound,not_mound,K-35-074-3_x4032_y672.png,K-35-074-3,312455.66877071874,4629885.740811033,,2026-04-27T10:18:12.555617+00:00
1099,0.15,not_mound,not_mound,K-35-074-4_x1008_y3360.png,K-35-074-4,318584.51961898775,4615733.19149242,,2026-04-27T10:18:13.736786+00:00
1100,0.15,not_mound,not_mound,K-35-074-4_x2016_y3360.png,K-35-074-4,324185.9263986179,4615821.850336405,,2026-04-27T10:18:14.912739+00:00
1101,1.0,mound,bench_mark_on_mound,K-35-075-1_x0_y0.png,K-35-075-1,335593.5833537066,4649845.072342419,50.0,2026-04-27T10:01:20.673703+00:00
1102,1.0,mound,burial_mound,K-35-075-1_x0_y336.png,K-35-075-1,335472.4978635297,4649681.348047922,100.0,2026-04-27T10:01:23.641666+00:00
1103,0.95,not_mound,not_mound,K-35-075-1_x1344_y0.png,K-35-075-1,342397.2068030241,4651594.386047437,,2026-04-27T10:05:50.842507+00:00
1104,0.2,not_mound,not_mound,K-35-074-2_x4032_y3024.png,K-35-074-2,333478.90432152007,4635783.476723531,,2026-04-27T10:15:42.423881+00:00
1105,0.95,mound,bench_mark_on_mound,K-35-075-1_x1344_y0.png,K-35-075-1,342401.7585856125,4651407.7643405,50.0,2026-04-27T10:05:52.066693+00:00
1106,0.2,not_mound,not_mound,K-35-074-4_x3696_y336.png,K-35-074-4,332662.14396071376,4630196.455677017,,2026-04-27T10:15:44.417554+00:00
1107,0.2,not_mound,not_mound,K-35-075-1_x2688_y3360.png,K-35-075-1,348311.07443352346,4634122.371229738,,2026-04-27T10:15:45.994157+00:00
1108,0.85,not_mound,not_mound,K-35-075-1_x1680_y1344.png,K-35-075-1,343223.31120173703,4643221.8554921625,,2026-04-27T10:08:34.651538+00:00
1109,1.0,mound,burial_mound,K-35-075-1_x2016_y0.png,K-35-075-1,345834.3997500144,4651130.773207553,50.0,2026-04-27T10:01:24.773508+00:00
1110,0.15,not_mound,not_mound,K-35-075-1_x3696_y2688.png,K-35-075-1,353163.45225188986,4636961.358702404,,2026-04-27T10:18:16.074346+00:00
1111,1.0,mound,burial_mound,K-35-075-1_x2688_y1008.png,K-35-075-1,347876.15651364543,4645356.438406969,50.0,2026-04-27T10:01:26.155615+00:00
1112,1.0,mound,burial_mound,K-35-075-1_x0_y672.png,K-35-075-1,334395.6018284132,4647092.764005044,50.0,2026-04-27T10:01:27.046644+00:00
1113,1.0,mound,burial_mound,K-35-075-1_x672_y1008.png,K-35-075-1,338316.33159566286,4644688.99856882,50.0,2026-04-27T10:01:27.885618+00:00
1114,1.0,mound,burial_mound,K-35-075-1_x672_y1008.png,K-35-075-1,338797.4123216636,4644955.462401039,50.0,2026-04-27T10:01:28.764660+00:00
1115,0.75,mound,burial_mound,K-35-075-2_x1344_y1680.png,K-35-075-2,362144.5743887329,4641977.201123609,50.0,2026-04-27T10:09:37.310218+00:00
1116,1.0,mound,bench_mark_on_mound,K-35-075-1_x3024_y0.png,K-35-075-1,350145.5999913134,4651153.422188762,50.0,2026-04-27T10:01:29.902293+00:00
1117,0.2,not_mound,not_mound,K-35-075-2_x1680_y3360.png,K-35-075-2,363049.6359048571,4633630.701397528,,2026-04-27T10:15:50.241579+00:00
1118,0.95,mound,bench_mark_on_mound,K-35-075-2_x3024_y0.png,K-35-075-2,370793.01087500073,4650579.141488648,50.0,2026-04-27T10:05:53.598175+00:00
1119,0.2,not_mound,not_mound,K-35-075-2_x0_y1344.png,K-35-075-2,356333.09339573374,4642894.906864665,,2026-04-27T10:15:53.007595+00:00
1120,0.4,not_mound,not_mound,K-35-075-2_x1680_y1008.png,K-35-075-2,364845.5128100363,4645508.437882478,,2026-04-27T10:11:27.056688+00:00
1121,1.0,mound,burial_mound,K-35-075-2_x2352_y672.png,K-35-075-2,367620.81585765176,4646311.746962219,50.0,2026-04-27T10:01:30.847921+00:00
1122,0.95,mound,bench_mark_on_mound,K-35-075-2_x3360_y3696.png,K-35-075-2,373036.0274979846,4632569.101552576,50.0,2026-04-27T10:05:54.635661+00:00
1123,0.2,not_mound,not_mound,K-35-075-2_x2016_y672.png,K-35-075-2,365994.0115557614,4647302.374414118,,2026-04-27T10:15:54.855041+00:00
1124,0.2,not_mound,not_mound,K-35-075-2_x2688_y1008.png,K-35-075-2,368901.27807518095,4645589.023092927,,2026-04-27T10:15:56.646337+00:00
1125,0.95,mound,bench_mark_on_mound,K-35-075-2_x4032_y2016.png,K-35-075-2,374880.5809095848,4639433.62154359,50.0,2026-04-27T10:05:55.782479+00:00
1126,0.15,not_mound,not_mound,K-35-075-1_x3360_y2352.png,K-35-075-1,351379.4049979711,4638814.317947698,,2026-04-27T10:18:23.661864+00:00
1127,0.85,mound,burial_mound,K-35-075-2_x672_y2688.png,K-35-075-2,359360.76810039976,4637056.536506633,100.0,2026-04-27T10:08:40.224259+00:00
1128,0.95,mound,burial_mound,K-35-075-2_x672_y2688.png,K-35-075-2,359427.5961035388,4637056.438819569,50.0,2026-04-27T10:05:56.929748+00:00
1129,0.75,not_mound,not_mound,K-35-075-2_x4032_y1008.png,K-35-075-2,375428.444827858,4644789.587078644,,2026-04-27T10:09:38.820153+00:00
1130,0.65,not_mound,not_mound,K-35-075-2_x2688_y2352.png,K-35-075-2,369060.900646469,4637701.588959206,,2026-04-27T10:09:59.197621+00:00
1131,0.2,not_mound,not_mound,K-35-075-2_x672_y2352.png,K-35-075-2,358474.859833712,4638588.384854103,,2026-04-27T10:15:57.846316+00:00
1132,0.2,not_mound,not_mound,K-35-074-2_x2352_y672.png,K-35-074-2,325247.22867919574,4648020.581352823,,2026-04-27T10:15:58.911862+00:00
1133,0.15,not_mound,not_mound,K-35-075-3_x1008_y3360.png,K-35-075-3,339669.27086351486,4615449.015281854,,2026-04-27T10:18:25.029684+00:00
1134,0.15,not_mound,not_mound,K-35-075-3_x1344_y2688.png,K-35-075-3,341788.1489858928,4618355.230282569,,2026-04-27T10:18:26.207878+00:00
1135,0.2,not_mound,not_mound,K-35-075-3_x2016_y1008.png,K-35-075-3,345403.9913299879,4626876.840923735,,2026-04-27T10:16:00.370630+00:00
1136,0.3,not_mound,not_mound,K-35-075-3_x1680_y2016.png,K-35-075-3,343391.2674718449,4621710.826182999,,2026-04-27T10:12:24.188056+00:00
1137,0.15,not_mound,not_mound,K-35-075-3_x2688_y0.png,K-35-075-3,348403.8445260135,4631316.019048186,,2026-04-27T10:18:27.228534+00:00
1138,0.15,not_mound,not_mound,K-35-075-3_x1008_y1680.png,K-35-075-3,339096.96624974697,4623356.430047343,,2026-04-27T10:18:28.598798+00:00
1139,0.15,not_mound,not_mound,K-35-075-1_x3696_y2352.png,K-35-075-1,353504.58247930964,4639062.286467137,,2026-04-27T10:18:30.174030+00:00
1140,0.2,not_mound,not_mound,K-35-075-3_x1680_y672.png,K-35-075-3,342383.7594651533,4628312.076863218,,2026-04-27T10:16:01.451284+00:00
1141,0.85,not_mound,not_mound,K-35-075-3_x2016_y3360.png,K-35-075-3,344765.9267665438,4614651.602228906,,2026-04-27T10:08:41.739997+00:00
1142,0.15,not_mound,not_mound,K-35-075-3_x3696_y2352.png,K-35-075-3,353167.0227645701,4620174.425784157,,2026-04-27T10:18:31.188477+00:00
1143,0.2,not_mound,not_mound,K-35-075-3_x3696_y2352.png,K-35-075-3,353154.2093097507,4620077.163652765,,2026-04-27T10:16:02.580990+00:00
1144,0.2,not_mound,not_mound,K-35-075-1_x3360_y1344.png,K-35-075-1,351421.43105095706,4644077.594485761,,2026-04-27T10:16:03.750135+00:00
1145,1.0,not_mound,not_mound,K-35-075-4_x1008_y336.png,K-35-075-4,359652.6071672222,4629221.829149301,,2026-04-27T10:01:33.038563+00:00
1146,0.4,mound,burial_mound,K-35-075-4_x1680_y0.png,K-35-075-4,363588.6493298628,4632144.893996078,50.0,2026-04-27T10:11:28.649790+00:00
1147,0.15,not_mound,not_mound,K-35-075-4_x1008_y2352.png,K-35-075-4,360332.304787685,4619644.75214211,,2026-04-27T10:18:32.549879+00:00
1148,0.2,not_mound,not_mound,K-35-075-4_x2016_y1680.png,K-35-075-4,365153.13173817546,4622421.455268167,,2026-04-27T10:16:04.874077+00:00
1149,0.2,not_mound,not_mound,K-35-075-4_x2352_y2016.png,K-35-075-4,367061.38601265376,4622359.751279561,,2026-04-27T10:16:06.088240+00:00
1150,0.2,not_mound,not_mound,K-35-075-4_x3696_y336.png,K-35-075-4,373215.1966609012,4630012.530993459,,2026-04-27T10:16:07.158853+00:00
1151,0.2,mound,burial_mound,K-35-075-4_x0_y672.png,K-35-075-4,356017.0322345955,4628984.10661382,200.0,2026-04-27T10:16:09.817336+00:00
1152,0.15,not_mound,not_mound,K-35-075-4_x4032_y336.png,K-35-075-4,374840.0460128197,4630198.536688799,,2026-04-27T10:18:33.716478+00:00
1153,0.15,not_mound,not_mound,K-35-074-1_x1344_y1008.png,K-35-074-1,300436.90250897047,4647238.364352503,,2026-04-27T10:18:34.840474+00:00
1154,0.15,not_mound,not_mound,K-35-074-1_x1344_y1008.png,K-35-074-1,299989.5941340864,4646651.535237652,,2026-04-27T10:18:35.937583+00:00
1155,0.2,not_mound,not_mound,K-35-074-1_x1344_y1008.png,K-35-074-1,299849.8702664506,4646391.879839777,,2026-04-27T10:16:11.182348+00:00
1156,0.85,mound,burial_mound,K-35-076-1_x1344_y0.png,K-35-076-1,383390.1197896393,4650371.67238646,50.0,2026-04-27T10:08:42.804874+00:00
1157,0.15,not_mound,not_mound,K-35-076-1_x2016_y3024.png,K-35-076-1,386165.9604773805,4633816.270626829,,2026-04-27T10:18:39.616088+00:00
1158,1.0,mound,burial_mound,K-35-076-1_x2016_y0.png,K-35-076-1,386891.384745598,4650410.137520975,50.0,2026-04-27T10:01:34.058168+00:00
1159,0.95,mound,bench_mark_on_mound,K-35-076-1_x1680_y2352.png,K-35-076-1,385511.0584841146,4637588.421576715,50.0,2026-04-27T10:05:58.010670+00:00
1160,0.75,mound,burial_mound,K-35-075-3_x4032_y1008.png,K-35-075-3,353864.7321345948,4627756.669185256,50.0,2026-04-27T10:09:39.962500+00:00
1161,0.2,not_mound,not_mound,K-35-075-3_x336_y3024.png,K-35-075-3,336021.56323837803,4616563.409213063,,2026-04-27T10:16:12.387438+00:00
1162,0.3,mound,settlement_mound,K-35-076-1_x1680_y336.png,K-35-076-1,384992.63712456427,4648528.0929016415,50.0,2026-04-27T10:12:26.282968+00:00
1163,0.2,not_mound,not_mound,K-35-076-1_x1680_y336.png,K-35-076-1,384668.3951523007,4648371.206648215,,2026-04-27T10:16:14.680599+00:00
1164,0.15,not_mound,not_mound,K-35-075-4_x2352_y2352.png,K-35-075-4,367372.0721617016,4619005.102957975,,2026-04-27T10:18:41.350763+00:00
1165,0.15,mound,burial_mound,K-35-076-2_x3024_y1008.png,K-35-076-2,412660.6147381711,4644815.039343617,50.0,2026-04-27T10:18:42.826148+00:00
1166,0.95,mound,burial_mound,K-35-076-2_x3024_y1008.png,K-35-076-2,412594.61187835946,4644126.362399822,50.0,2026-04-27T10:05:59.314338+00:00
1167,0.95,mound,burial_mound,K-35-076-2_x1008_y336.png,K-35-076-2,402702.66264895455,4647563.503816232,50.0,2026-04-27T10:06:00.389163+00:00
1168,1.0,mound,burial_mound,K-35-076-2_x1344_y1008.png,K-35-076-2,403555.76571942825,4643667.518640457,50.0,2026-04-27T10:01:34.988007+00:00
1169,1.0,mound,burial_mound,K-35-076-2_x0_y336.png,K-35-076-2,397613.5824232465,4646969.551350433,50.0,2026-04-27T10:01:36.051255+00:00
1170,0.95,mound,burial_mound,K-35-076-2_x0_y672.png,K-35-076-2,397551.2486862358,4645946.5323758535,50.0,2026-04-27T10:06:01.388959+00:00
1171,0.2,not_mound,not_mound,K-35-076-1_x336_y1680.png,K-35-076-1,377996.8432700525,4641498.492581157,,2026-04-27T10:16:16.021238+00:00
1172,0.2,not_mound,not_mound,K-35-076-1_x336_y1680.png,K-35-076-1,378063.5409313768,4641309.983819397,,2026-04-27T10:16:18.294873+00:00
1173,1.0,mound,burial_mound,K-35-076-2_x0_y336.png,K-35-076-2,396406.8265230473,4647534.449212687,50.0,2026-04-27T10:01:37.067790+00:00
1174,0.85,mound,burial_mound,K-35-076-2_x0_y336.png,K-35-076-2,396357.89041146,4647361.362864343,50.0,2026-04-27T10:08:43.823426+00:00
1175,0.95,mound,burial_mound,K-35-076-2_x0_y336.png,K-35-076-2,397321.6471775828,4647018.5231015375,50.0,2026-04-27T10:06:02.307950+00:00
1176,1.0,mound,burial_mound,K-35-076-2_x0_y336.png,K-35-076-2,397625.248317339,4647324.423173997,50.0,2026-04-27T10:01:38.151857+00:00
1177,0.95,mound,burial_mound,K-35-076-1_x3696_y1680.png,K-35-076-1,394956.7668515599,4641156.552708434,50.0,2026-04-27T10:06:03.234647+00:00
1178,1.0,mound,burial_mound,K-35-076-2_x0_y1008.png,K-35-076-2,396964.6368214221,4643963.709725969,50.0,2026-04-27T10:01:39.146758+00:00
1179,1.0,mound,burial_mound,K-35-076-2_x0_y1008.png,K-35-076-2,397256.0709778346,4643814.120093202,50.0,2026-04-27T10:01:40.066120+00:00
1180,0.15,not_mound,not_mound,K-35-076-2_x1680_y2352.png,K-35-076-2,406282.7800930336,4638166.759485733,,2026-04-27T10:18:45.438863+00:00
1181,0.2,mound,burial_mound,K-35-076-2_x1344_y336.png,K-35-076-2,404641.7607769863,4648129.529499412,50.0,2026-04-27T10:16:19.543648+00:00
1182,0.95,mound,burial_mound,K-35-076-2_x1344_y336.png,K-35-076-2,404564.9569488249,4647729.668297327,50.0,2026-04-27T10:06:04.185903+00:00
1183,1.0,mound,burial_mound,K-35-076-2_x1344_y336.png,K-35-076-2,404620.603644665,4647147.125064442,50.0,2026-04-27T10:01:40.960587+00:00
1184,0.95,mound,bench_mark_on_mound,K-35-076-2_x1680_y336.png,K-35-076-2,405937.4869823208,4647131.661221303,50.0,2026-04-27T10:06:05.401781+00:00
1185,0.2,mound,burial_mound,K-35-076-2_x1344_y336.png,K-35-076-2,404516.4872308392,4647896.452450509,200.0,2026-04-27T10:16:22.587679+00:00
1186,1.0,mound,burial_mound,K-35-076-2_x2352_y0.png,K-35-076-2,409720.4897625967,4649763.694944663,50.0,2026-04-27T10:01:41.905687+00:00
1187,0.95,mound,burial_mound,K-35-076-2_x2688_y0.png,K-35-076-2,409867.57643560367,4648802.474049176,50.0,2026-04-27T10:06:06.427579+00:00
1188,0.95,mound,bench_mark_on_mound,K-35-076-2_x2688_y0.png,K-35-076-2,410332.2299861959,4648621.129200438,50.0,2026-04-27T10:06:07.521297+00:00
1189,0.2,not_mound,not_mound,K-35-076-2_x1680_y2352.png,K-35-076-2,406268.88293787104,4638088.098148273,,2026-04-27T10:16:25.520219+00:00
1190,1.0,mound,burial_mound,K-35-076-2_x2016_y0.png,K-35-076-2,407990.35776109295,4649423.686491758,50.0,2026-04-27T10:01:42.788485+00:00
1191,0.2,mound,burial_mound,K-35-076-2_x2016_y0.png,K-35-076-2,408042.7583313619,4649075.532893558,50.0,2026-04-27T10:16:26.795078+00:00
1192,0.85,mound,burial_mound,K-35-076-2_x3360_y336.png,K-35-076-2,413729.02736157126,4648093.069005909,50.0,2026-04-27T10:08:44.724628+00:00
1193,0.2,mound,burial_mound,K-35-076-2_x3360_y336.png,K-35-076-2,414533.0554339584,4648091.778481656,50.0,2026-04-27T10:16:27.809690+00:00
1194,1.0,mound,bench_mark_on_mound,K-35-076-2_x3696_y1008.png,K-35-076-2,416479.1320585663,4643916.176108048,50.0,2026-04-27T10:01:43.990779+00:00
1195,0.95,mound,bench_mark_on_mound,K-35-076-2_x3696_y336.png,K-35-076-2,414915.7943765868,4648142.1466579465,50.0,2026-04-27T10:06:09.301908+00:00
1196,1.0,mound,burial_mound,K-35-076-2_x3696_y336.png,K-35-076-2,415320.6412414482,4648191.827265372,50.0,2026-04-27T10:01:45.061889+00:00
1197,0.95,mound,burial_mound,K-35-076-2_x3360_y0.png,K-35-076-2,413282.8133307745,4649974.761853465,50.0,2026-04-27T10:06:10.335178+00:00
1198,0.95,mound,bench_mark_on_mound,K-35-076-2_x3360_y0.png,K-35-076-2,413693.2889404014,4649745.550000131,50.0,2026-04-27T10:06:11.475133+00:00
1199,1.0,mound,burial_mound,K-35-076-2_x3360_y0.png,K-35-076-2,413911.63933410327,4649587.763372637,50.0,2026-04-27T10:01:45.974872+00:00
1200,1.0,mound,trig_point_on_mound,K-35-076-2_x336_y1344.png,K-35-076-2,398102.5105642486,4643522.187866645,50.0,2026-04-27T10:01:47.151600+00:00
1201,0.95,mound,bench_mark_on_mound,K-35-076-2_x336_y1344.png,K-35-076-2,399389.2787216117,4643472.869077559,50.0,2026-04-27T10:06:12.598951+00:00
1202,1.0,mound,burial_mound,K-35-076-2_x672_y1344.png,K-35-076-2,400606.558834519,4643150.123793608,50.0,2026-04-27T10:01:48.112146+00:00
1203,1.0,mound,burial_mound,K-35-076-2_x672_y1344.png,K-35-076-2,400680.2077917461,4643097.788177634,50.0,2026-04-27T10:01:49.037252+00:00
1204,0.15,mound,burial_mound,K-35-076-1_x336_y0.png,K-35-076-1,377514.4104415719,4650635.999932346,50.0,2026-04-27T10:18:46.736181+00:00
1205,1.0,mound,burial_mound,K-35-076-2_x3360_y3024.png,K-35-076-2,414891.0835525195,4633440.079030659,100.0,2026-04-27T10:01:52.659286+00:00
1206,1.0,mound,burial_mound,K-35-076-2_x2016_y0.png,K-35-076-2,407334.5484353392,4649454.434224315,50.0,2026-04-27T10:01:53.900536+00:00
1207,0.95,mound,burial_mound,K-35-076-2_x336_y336.png,K-35-076-2,398248.9892671381,4646898.779830471,125.0,2026-04-27T10:06:18.370997+00:00
1208,1.0,mound,burial_mound,K-35-076-2_x672_y336.png,K-35-076-2,400503.3981868688,4648402.905130715,50.0,2026-04-27T10:01:54.861716+00:00
1209,0.95,mound,burial_mound,K-35-076-2_x3696_y1008.png,K-35-076-2,415398.0848400044,4644392.247941787,50.0,2026-04-27T10:06:19.570768+00:00
1210,1.0,mound,burial_mound,K-35-076-2_x336_y672.png,K-35-076-2,398237.7807553526,4646793.328362057,50.0,2026-04-27T10:01:56.229825+00:00
1211,1.0,mound,burial_mound,K-35-076-2_x336_y672.png,K-35-076-2,398141.3935283159,4646181.138729999,50.0,2026-04-27T10:01:57.320567+00:00
1212,0.85,mound,trig_point_on_mound,K-35-076-2_x336_y672.png,K-35-076-2,398931.5129818496,4646329.542254796,50.0,2026-04-27T10:08:46.113590+00:00
1213,0.4,not_mound,not_mound,K-35-076-2_x4032_y1680.png,K-35-076-2,416642.8678030976,4640139.405030035,,2026-04-27T10:11:32.205690+00:00
1214,0.2,mound,bench_mark_on_mound,K-35-076-2_x672_y1008.png,K-35-076-2,399890.67263913545,4644013.49830866,50.0,2026-04-27T10:16:29.067000+00:00
1215,1.0,mound,burial_mound,K-35-076-2_x2688_y336.png,K-35-076-2,410345.7109049936,4646907.373274894,50.0,2026-04-27T10:01:58.270513+00:00
1216,0.2,not_mound,not_mound,K-35-076-3_x2688_y336.png,K-35-076-3,389697.82743264793,4629974.083408542,,2026-04-27T10:16:30.950707+00:00
1217,1.0,mound,burial_mound,K-35-076-1_x3360_y1680.png,K-35-076-1,393221.7951183193,4642270.1796166655,200.0,2026-04-27T10:02:01.332433+00:00
1218,0.2,not_mound,not_mound,K-35-076-3_x3024_y1680.png,K-35-076-3,391220.4408432238,4622920.681996918,,2026-04-27T10:16:32.140856+00:00
1219,0.95,mound,bench_mark_on_mound,K-35-076-3_x2688_y1344.png,K-35-076-3,388875.9978818048,4624600.327771242,50.0,2026-04-27T10:06:20.832159+00:00
1220,0.2,not_mound,not_mound,K-35-075-3_x1344_y2352.png,K-35-075-3,340343.11297717644,4619443.047801104,,2026-04-27T10:16:33.336846+00:00
1221,1.0,mound,burial_mound,K-35-076-2_x3024_y336.png,K-35-076-2,411994.2232492495,4648559.341275336,50.0,2026-04-27T10:02:02.445957+00:00
1222,0.95,mound,burial_mound,K-35-076-2_x3024_y336.png,K-35-076-2,411887.57894648006,4648097.929278379,50.0,2026-04-27T10:06:21.937038+00:00
1223,1.0,mound,burial_mound,K-35-076-4_x1008_y3024.png,K-35-076-4,401633.3361418404,4615081.223511019,50.0,2026-04-27T10:02:03.627958+00:00
1224,0.2,not_mound,not_mound,K-35-076-4_x336_y1344.png,K-35-076-4,398421.96364044136,4624147.487998887,,2026-04-27T10:16:35.649877+00:00
1225,0.15,not_mound,not_mound,K-35-076-4_x2352_y2016.png,K-35-076-4,408867.0915050223,4620359.138813462,,2026-04-27T10:18:48.239871+00:00
1226,1.0,mound,trig_point_on_mound,K-35-077-1_x0_y3024.png,K-35-077-1,418395.8435211114,4633965.856822019,50.0,2026-04-27T10:02:04.787613+00:00
1227,1.0,not_mound,not_mound,K-35-076-4_x336_y2352.png,K-35-076-4,399294.8084157298,4618355.504995444,,2026-04-27T10:02:06.331957+00:00
1228,1.0,mound,burial_mound,K-35-076-4_x3696_y1344.png,K-35-076-4,414657.4943150114,4623992.11536431,75.0,2026-04-27T10:02:10.155688+00:00
1229,0.95,mound,burial_mound,K-35-077-1_x2016_y1344.png,K-35-077-1,428431.8202625028,4642676.543406734,50.0,2026-04-27T10:06:23.095666+00:00
1230,0.2,not_mound,not_mound,K-35-077-1_x1680_y2016.png,K-35-077-1,425963.0645225747,4638280.74624884,,2026-04-27T10:16:36.957611+00:00
1231,0.4,mound,bench_mark_on_mound,K-35-077-1_x0_y3360.png,K-35-077-1,416933.5467534328,4632093.133910701,50.0,2026-04-27T10:11:33.676780+00:00
1232,0.95,mound,burial_mound,K-35-077-1_x2688_y3360.png,K-35-077-1,431048.6691439428,4632191.419096767,50.0,2026-04-27T10:06:24.560947+00:00
1233,0.75,mound,bench_mark_on_mound,K-35-077-1_x0_y2688.png,K-35-077-1,417286.4565688453,4636354.633248183,50.0,2026-04-27T10:09:41.248029+00:00
1234,0.95,not_mound,not_mound,K-35-076-3_x336_y672.png,K-35-076-3,376795.0786132296,4627641.625103228,,2026-04-27T10:06:25.929620+00:00
1235,1.0,mound,burial_mound,K-35-077-1_x3360_y1680.png,K-35-077-1,434304.6320107276,4640944.493591484,50.0,2026-04-27T10:02:11.207115+00:00
1236,1.0,mound,bench_mark_on_mound,K-35-077-1_x3024_y1008.png,K-35-077-1,433117.8110497776,4644850.014192919,50.0,2026-04-27T10:02:12.492381+00:00
1237,0.15,not_mound,not_mound,K-35-077-1_x4032_y2016.png,K-35-077-1,437343.2690984103,4639346.234644093,,2026-04-27T10:18:49.570132+00:00
1238,0.3,not_mound,not_mound,K-35-077-1_x336_y1344.png,K-35-077-1,420072.5960514916,4642308.90940219,,2026-04-27T10:12:28.525048+00:00
1239,1.0,mound,burial_mound,K-35-077-1_x3696_y2688.png,K-35-077-1,436542.4366773121,4635115.845066379,50.0,2026-04-27T10:02:13.416187+00:00
1240,1.0,mound,burial_mound,K-35-077-2_x0_y1344.png,K-35-077-2,437887.1316307752,4643196.220599095,50.0,2026-04-27T10:02:14.551290+00:00
1241,1.0,mound,bench_mark_on_mound,K-35-077-2_x0_y1344.png,K-35-077-2,438292.4416393954,4642774.857318208,50.0,2026-04-27T10:02:15.751504+00:00
1242,0.95,mound,burial_mound,K-35-077-2_x1008_y3024.png,K-35-077-2,443938.02608091646,4634519.961285672,50.0,2026-04-27T10:06:27.124609+00:00
1243,0.2,not_mound,not_mound,K-35-077-1_x2688_y1680.png,K-35-077-1,430756.69167215726,4640766.402862666,,2026-04-27T10:16:38.087952+00:00
1244,0.2,not_mound,not_mound,K-35-077-2_x1008_y336.png,K-35-077-2,443392.0795024534,4647226.699252912,,2026-04-27T10:16:39.292903+00:00
1245,0.95,mound,bench_mark_on_mound,K-35-077-2_x1344_y2688.png,K-35-077-2,444873.8445153088,4634620.918077314,50.0,2026-04-27T10:06:28.301409+00:00
1246,0.85,mound,burial_mound,K-35-077-2_x1008_y2688.png,K-35-077-2,443927.2251564027,4635341.253411938,50.0,2026-04-27T10:08:50.565102+00:00
1247,0.95,mound,burial_mound,K-35-077-2_x1680_y2688.png,K-35-077-2,446641.3301408119,4634847.517226694,50.0,2026-04-27T10:06:29.455289+00:00
1248,0.2,not_mound,not_mound,K-35-077-2_x1008_y1008.png,K-35-077-2,443479.9840989518,4643779.442763617,,2026-04-27T10:16:40.930927+00:00
1249,0.95,mound,burial_mound,K-35-077-2_x1008_y1008.png,K-35-077-2,443759.3258258808,4643253.471565332,50.0,2026-04-27T10:06:30.980618+00:00
1250,0.85,mound,burial_mound,K-35-077-2_x2016_y3360.png,K-35-077-2,449471.48693052016,4632221.068655176,50.0,2026-04-27T10:08:51.663274+00:00
1251,1.0,mound,burial_mound,K-35-077-2_x2016_y3360.png,K-35-077-2,449611.9084987608,4632059.300734383,50.0,2026-04-27T10:02:16.760118+00:00
1252,1.0,mound,bench_mark_on_mound,K-35-077-2_x0_y3024.png,K-35-077-2,438710.86743504816,4634527.249401589,50.0,2026-04-27T10:02:17.912594+00:00
1253,0.75,not_mound,not_mound,K-35-077-2_x3360_y3024.png,K-35-077-2,455351.332143405,4634226.795708048,,2026-04-27T10:09:42.508251+00:00
1254,0.95,not_mound,not_mound,K-35-077-2_x3360_y3360.png,K-35-077-2,454934.3762999397,4631359.494676167,,2026-04-27T10:06:32.686562+00:00
1255,0.85,mound,burial_mound,K-35-077-2_x1344_y3360.png,K-35-077-2,445997.8844419318,4631960.951215869,50.0,2026-04-27T10:08:52.665427+00:00
1256,0.2,mound,burial_mound,K-35-077-2_x2688_y3360.png,K-35-077-2,452140.89798983786,4631682.138608431,50.0,2026-04-27T10:16:42.174648+00:00
1257,0.85,mound,burial_mound,K-35-077-2_x336_y3360.png,K-35-077-2,440076.4999350874,4632536.106138279,50.0,2026-04-27T10:08:53.629774+00:00
1258,1.0,mound,burial_mound,K-35-077-2_x336_y3024.png,K-35-077-2,439874.3218928922,4633943.175699475,50.0,2026-04-27T10:02:18.851826+00:00
1259,0.95,mound,bench_mark_on_mound,K-35-077-3_x1344_y1344.png,K-35-077-3,424086.0505129955,4624533.700615287,50.0,2026-04-27T10:06:33.900949+00:00
1260,0.2,not_mound,not_mound,K-35-077-1_x1008_y2352.png,K-35-077-1,422718.9658859087,4637194.712316066,,2026-04-27T10:16:43.331681+00:00
1261,0.2,not_mound,not_mound,K-35-077-1_x1008_y672.png,K-35-077-1,423278.8938974097,4645631.944279505,,2026-04-27T10:16:44.993186+00:00
1262,0.2,not_mound,not_mound,K-35-077-2_x1680_y2352.png,K-35-077-2,446855.0277276676,4636868.392329851,,2026-04-27T10:16:46.107969+00:00
1263,0.9,mound,trig_point_on_mound,K-35-077-3_x1680_y1344.png,K-35-077-3,425755.8759780882,4624699.48650114,50.0,2026-04-27T10:07:01.508283+00:00
1264,0.95,mound,burial_mound,K-35-077-3_x1680_y1344.png,K-35-077-3,425673.0467487999,4624631.947909225,50.0,2026-04-27T10:06:34.987942+00:00
1265,0.4,mound,burial_mound,K-35-077-2_x3024_y3024.png,K-35-077-2,453585.363979027,4632982.869821142,50.0,2026-04-27T10:11:34.786908+00:00
1266,0.2,not_mound,not_mound,K-35-077-2_x2016_y3024.png,K-35-077-2,448559.9302544004,4633271.179066669,,2026-04-27T10:16:48.108463+00:00
1267,0.75,mound,burial_mound,K-35-077-3_x1344_y336.png,K-35-077-3,424922.1115294632,4628990.399228298,50.0,2026-04-27T10:09:43.916280+00:00
1268,1.0,mound,trig_point_on_mound,K-35-077-3_x1680_y1008.png,K-35-077-3,425779.7158337968,4624729.885394438,75.0,2026-04-27T10:02:31.431656+00:00
1269,1.0,mound,burial_mound,K-35-077-3_x1344_y2016.png,K-35-077-3,424404.334781746,4620661.98421741,50.0,2026-04-27T10:02:32.697001+00:00
1270,1.0,mound,burial_mound,K-35-077-3_x1344_y2016.png,K-35-077-3,425217.8222839919,4620859.523781707,50.0,2026-04-27T10:02:33.726415+00:00
1271,1.0,mound,burial_mound,K-35-077-3_x1344_y2016.png,K-35-077-3,425267.6882481852,4620736.639677228,50.0,2026-04-27T10:02:34.933331+00:00
1272,1.0,mound,burial_mound,K-35-077-3_x1680_y336.png,K-35-077-3,426624.7094535356,4628536.31476524,50.0,2026-04-27T10:02:36.068770+00:00
1273,1.0,mound,burial_mound,K-35-077-3_x1680_y336.png,K-35-077-3,425901.9924830006,4628671.695449484,50.0,2026-04-27T10:02:36.963127+00:00
1274,1.0,mound,burial_mound,K-35-077-2_x0_y1680.png,K-35-077-2,439191.6297677989,4640384.264188515,50.0,2026-04-27T10:02:37.790621+00:00
1275,0.15,not_mound,not_mound,K-35-077-4_x0_y2352.png,K-35-077-4,438587.97288451646,4619260.790084731,,2026-04-27T10:18:50.592638+00:00
1276,0.4,not_mound,not_mound,K-35-077-4_x1680_y2016.png,K-35-077-4,447258.8082137071,4620194.721747738,,2026-04-27T10:11:35.910153+00:00
1277,1.0,mound,burial_mound,K-35-077-3_x672_y2688.png,K-35-077-3,420522.19459224056,4616683.658300987,50.0,2026-04-27T10:02:38.686120+00:00
1278,1.0,mound,bench_mark_on_mound,K-35-077-4_x1680_y0.png,K-35-077-4,446586.4917276861,4630517.425027525,50.0,2026-04-27T10:02:39.847578+00:00
1279,0.15,mound,burial_mound,K-35-077-3_x2688_y336.png,K-35-077-3,431134.0952220201,4628549.466430195,50.0,2026-04-27T10:18:51.847428+00:00
1280,0.2,not_mound,not_mound,K-35-077-4_x3024_y0.png,K-35-077-4,453908.0206129943,4630458.598682586,,2026-04-27T10:16:49.225224+00:00
1281,0.95,mound,trig_point_on_mound,K-35-077-4_x1008_y1680.png,K-35-077-4,442569.9554986817,4622975.626440839,75.0,2026-04-27T10:06:39.789877+00:00
1282,0.4,not_mound,not_mound,K-35-077-3_x1008_y1344.png,K-35-077-3,422999.9334449954,4623447.476386774,,2026-04-27T10:11:37.650408+00:00
1283,0.15,not_mound,not_mound,K-35-074-4_x672_y0.png,K-35-074-4,316792.1761168862,4632772.143078545,,2026-04-27T10:18:53.213453+00:00
1284,0.2,not_mound,not_mound,K-35-077-4_x2352_y3024.png,K-35-077-4,450335.7111385816,4615379.356762966,,2026-04-27T10:16:50.391173+00:00
1285,0.2,mound,burial_mound,K-35-077-4_x2352_y0.png,K-35-077-4,450946.9220085612,4630508.098369898,150.0,2026-04-27T10:16:53.272617+00:00
1286,0.15,not_mound,not_mound,K-35-077-4_x1344_y1680.png,K-35-077-4,445395.51488180936,4622183.825800294,,2026-04-27T10:18:54.986221+00:00
1287,0.2,not_mound,not_mound,K-35-077-4_x0_y1680.png,K-35-077-4,437747.2513662312,4621987.142356287,,2026-04-27T10:16:54.899640+00:00
1288,1.0,not_mound,not_mound,K-35-051-3_x2688_y3696.png,K-35-051-3,349031.5530088822,4688402.991180486,,2026-04-27T10:02:41.590796+00:00
1289,0.85,mound,burial_mound,K-35-052-3_x3024_y1008.png,K-35-052-3,391741.0664676517,4700901.034852027,200.0,2026-04-27T10:08:56.982849+00:00
1290,0.95,mound,burial_mound,K-35-053-4_Boyadzhik_x672_y1680.png,K-35-053-4_Boyadzhik,442085.773581323,4695908.047167698,50.0,2026-04-27T10:06:40.892710+00:00
1291,0.2,not_mound,not_mound,K-35-053-4_Boyadzhik_x1680_y1008.png,K-35-053-4_Boyadzhik,446989.0561696884,4699452.868132858,,2026-04-27T10:16:56.235664+00:00
1292,1.0,not_mound,not_mound,K-35-054-1_Straldzha_4326_x2352_y2016.png,K-35-054-1_Straldzha_4326,471857.30389452673,4712185.269522195,,2026-04-27T10:02:42.722130+00:00
1293,0.95,mound,trig_point_on_mound,K-35-053-4_Boyadzhik_x0_y0.png,K-35-053-4_Boyadzhik,439975.6562626526,4704584.270666193,50.0,2026-04-27T10:06:47.295483+00:00
1294,0.3,not_mound,not_mound,K-35-054-1_Straldzha_4326_x2688_y2688.png,K-35-054-1_Straldzha_4326,472596.8997649601,4708660.528138521,,2026-04-27T10:12:31.382876+00:00
1295,0.95,mound,burial_mound,K-35-054-2_Atolov_4326_x0_y3360.png,K-35-054-2_Atolov_4326,480279.4902193319,4705736.050314821,125.0,2026-04-27T10:06:51.080488+00:00
1296,0.2,mound,burial_mound,K-35-054-2_Atolov_4326_x4032_y1008.png,K-35-054-2_Atolov_4326,499747.77634096897,4717338.551678793,50.0,2026-04-27T10:16:58.222012+00:00
1297,0.7,mound,burial_mound,K-35-054-3_Yambol_x1008_y2688.png,K-35-054-3_Yambol,465519.85703444143,4691217.193400881,50.0,2026-04-27T10:09:53.633774+00:00
1298,0.95,not_mound,not_mound,K-35-054-3_Yambol_x2688_y0.png,K-35-054-3_Yambol,473384.8049452296,4703920.70484466,,2026-04-27T10:06:52.606534+00:00
1299,0.95,mound,trig_point_on_mound,K-35-054-4_Voynika_x2688_y3360.png,K-35-054-4_Voynika,494603.5590830912,4688339.129243943,200.0,2026-04-27T10:06:56.045869+00:00
1300,1.0,mound,trig_point_on_mound,K-35-055-3_x1680_y2016.png,K-35-055-3,510144.20003698696,4695081.975735063,200.0,2026-04-27T10:02:48.288530+00:00
1301,0.2,not_mound,not_mound,K-35-055-4_x2016_y2688.png,K-35-055-4,531007.7743697116,4690209.043297255,,2026-04-27T10:16:59.796475+00:00
1302,1.0,mound,bench_mark_on_mound,K-35-062-4_Asenovgrad_4326_x2016_y0.png,K-35-062-4_Asenovgrad_4326,325079.18809407344,4670158.236894839,100.0,2026-04-27T10:02:53.363286+00:00
1303,0.2,not_mound,not_mound,K-35-062-4_Asenovgrad_4326_x3696_y3696.png,K-35-062-4_Asenovgrad_4326,332706.36379340914,4652114.655098779,,2026-04-27T10:17:01.245202+00:00
1304,0.15,not_mound,not_mound,K-35-063-2_Chirpan_4326_x1680_y2352.png,K-35-063-2_Chirpan_4326,363725.73401202966,4675013.864502532,,2026-04-27T10:18:56.678118+00:00
1305,1.0,not_mound,not_mound,K-35-063-2_Chirpan_4326_x3360_y1344.png,K-35-063-2_Chirpan_4326,373515.6235978716,4681374.077563966,,2026-04-27T10:02:55.358829+00:00
1306,1.0,not_mound,not_mound,K-35-064-3_Dimitrovgrad_4326_x3696_y672.png,K-35-064-3_Dimitrovgrad_4326,394623.7489019304,4665157.84870879,,2026-04-27T10:02:56.705122+00:00
1307,0.85,mound,burial_mound,K-35-064-4_Galabovo_4326_x1008_y336.png,K-35-064-4_Galabovo_4326,402120.1501468011,4665668.372019105,50.0,2026-04-27T10:08:58.675976+00:00
1308,0.2,mound,burial_mound,K-35-064-4_Galabovo_4326_x2352_y3360.png,K-35-064-4_Galabovo_4326,409667.6171138881,4651712.280239452,150.0,2026-04-27T10:17:04.663550+00:00
1309,0.2,not_mound,not_mound,K-35-065-1_Radetski_4326_x4032_y1344.png,K-35-065-1_Radetski_4326,437382.6444930297,4678955.911145847,,2026-04-27T10:17:07.581516+00:00
1310,1.0,mound,bench_mark_on_mound,K-35-066-1_x3360_y3696.png,K-35-066-1,476975.5054491801,4668296.619784918,50.0,2026-04-27T10:02:58.866317+00:00
1311,0.4,mound,bench_mark_on_mound,K-35-066-1_x3360_y3360.png,K-35-066-1,476963.04652539885,4668326.195370747,75.0,2026-04-27T10:11:42.641012+00:00
1312,0.2,not_mound,not_mound,K-35-067-2_x1680_y1344.png,K-35-067-2,529217.2305956285,4678378.34375135,,2026-04-27T10:17:08.872967+00:00
1313,0.85,not_mound,not_mound,K-35-067-3_x1008_y1680.png,K-35-067-3,506526.1246273696,4659641.895802199,,2026-04-27T10:09:01.512162+00:00
1314,0.75,mound,burial_mound,K-35-067-3_x0_y2352.png,K-35-067-3,501266.5172722588,4656329.0728806285,50.0,2026-04-27T10:09:45.780583+00:00
1315,0.2,not_mound,not_mound,K-35-067-3_x1680_y2016.png,K-35-067-3,509913.8959634283,4656611.258816283,,2026-04-27T10:17:10.951204+00:00
1316,1.0,mound,burial_mound,K-35-067-1_x3696_y3360.png,K-35-067-1,520282.22498508834,4668482.949476917,75.0,2026-04-27T10:03:01.693709+00:00
1317,0.2,not_mound,not_mound,K-35-075-1_x0_y3024.png,K-35-075-1,335155.85468291724,4634717.647452109,,2026-04-27T10:17:11.967784+00:00
1318,1.0,mound,burial_mound,K-35-074-4_x2352_y2016.png,K-35-074-4,326311.61153053574,4622034.020724869,125.0,2026-04-27T10:03:07.839207+00:00
1319,0.2,not_mound,not_mound,K-35-075-1_x3696_y1680.png,K-35-075-1,353574.6050363344,4642438.78354454,,2026-04-27T10:17:13.265277+00:00
1320,0.75,not_mound,not_mound,K-35-075-4_x1680_y672.png,K-35-075-4,364257.0523747642,4627784.733351537,,2026-04-27T10:09:48.244646+00:00
1321,0.2,not_mound,not_mound,K-35-076-1_x2352_y2688.png,K-35-076-1,388317.11930507416,4635722.625151544,,2026-04-27T10:17:14.479942+00:00
1322,0.15,not_mound,not_mound,K-35-076-1_x2016_y1008.png,K-35-076-1,386675.8818700364,4644740.74366691,,2026-04-27T10:18:57.910131+00:00
1323,0.95,mound,burial_mound,K-35-077-1_x3024_y3024.png,K-35-077-1,433173.3267633992,4633427.351853733,50.0,2026-04-27T10:06:57.929024+00:00
1324,0.75,mound,burial_mound,K-35-076-4_x336_y2688.png,K-35-076-4,399375.7644269926,4618123.942614657,50.0,2026-04-27T10:09:49.419101+00:00
1325,0.15,not_mound,not_mound,K-35-077-1_x3696_y1008.png,K-35-077-1,436760.69870329567,4644099.23076323,,2026-04-27T10:19:00.167038+00:00
1326,1.0,mound,burial_mound,K-35-076-4_x1008_y336.png,K-35-076-4,401076.67099298886,4630127.110481455,100.0,2026-04-27T10:03:12.113229+00:00
1327,1.0,not_mound,not_mound,K-35-077-2_x2688_y1680.png,K-35-077-2,451335.4125162289,4640104.49816658,,2026-04-27T10:03:14.180942+00:00
1328,0.3,mound,burial_mound,K-35-077-2_x1680_y672.png,K-35-077-2,447059.5898915348,4645659.89199866,200.0,2026-04-27T10:12:35.096320+00:00
1329,1.0,not_mound,not_mound,K-35-050-4_x1344_y2352.png,K-35-050-4,321576.67036361,4694295.003164018,,2026-06-06T07:33:17.007511+00:00
1330,1.0,mound,burial_mound,K-35-051-3_x0_y1344.png,K-35-051-3,336655.8382098699,4699499.118133969,200.0,2026-06-06T07:33:20.830087+00:00
1331,0.2,not_mound,not_mound,K-35-051-3_x2688_y1008.png,K-35-051-3,350277.1684929582,4700915.054219565,,2026-06-06T07:38:05.446892+00:00
1332,1.0,mound,burial_mound,K-35-051-3_x2688_y1008.png,K-35-051-3,349825.6103858596,4700401.947503516,200.0,2026-06-06T07:33:23.981038+00:00
1333,0.15,not_mound,not_mound,K-35-051-4_x3024_y1344.png,K-35-051-4,371835.4387304096,4698275.09488466,,2026-06-06T07:39:55.445342+00:00
1334,1.0,not_mound,not_mound,K-35-051-4_x2016_y3024.png,K-35-051-4,366521.29135015,4690352.468451346,,2026-06-06T07:33:25.124634+00:00
1335,1.0,mound,burial_mound,K-35-051-3_x1008_y2016.png,K-35-051-3,340604.7934384934,4695662.104134508,100.0,2026-06-06T07:33:31.464250+00:00
1336,1.0,mound,burial_mound,K-35-052-2_x2352_y3360.png,K-35-052-2,409540.14134001575,4707478.185934146,125.0,2026-06-06T07:33:35.589149+00:00
1337,0.2,mound,burial_mound,K-35-052-2_x1680_y3696.png,K-35-052-2,406368.087250011,4705927.168112096,100.0,2026-06-06T07:38:09.701923+00:00
1338,0.15,mound,burial_mound,K-35-052-2_x2352_y0.png,K-35-052-2,409732.9590157087,4724298.290847827,75.0,2026-06-06T07:39:58.084504+00:00
1339,1.0,mound,burial_mound,K-35-052-3_x336_y3024.png,K-35-052-3,378367.2677814091,4689894.322690257,125.0,2026-06-06T07:33:39.104733+00:00
1340,1.0,mound,burial_mound,K-35-054-1_Straldzha_4326_x0_y1008.png,K-35-054-1_Straldzha_4326,459146.4452845602,4717039.898714172,75.0,2026-06-06T07:33:41.846401+00:00
1341,0.2,mound,trig_point_on_mound,K-35-054-2_Atolov_4326_x1008_y1344.png,K-35-054-2_Atolov_4326,486196.84470820805,4715661.004281358,100.0,2026-06-06T07:38:12.804099+00:00
1342,0.85,not_mound,not_mound,K-35-054-2_Atolov_4326_x2016_y1008.png,K-35-054-2_Atolov_4326,490689.1249935844,4716911.176601132,,2026-06-06T07:37:15.872837+00:00
1343,1.0,mound,burial_mound,K-35-054-4_Voynika_x1344_y336.png,K-35-054-4_Voynika,486598.1482107844,4701725.30212965,200.0,2026-06-06T07:33:46.539497+00:00
1344,1.0,not_mound,not_mound,K-35-054-3_Yambol_x2016_y3696.png,K-35-054-3_Yambol,470486.1797758048,4686833.699746504,,2026-06-06T07:33:47.883644+00:00
1345,0.2,not_mound,not_mound,K-35-055-1_x3024_y0.png,K-35-055-1,515252.6142102454,4722384.048981816,,2026-06-06T07:38:15.365445+00:00
1346,0.85,mound,burial_mound,K-35-055-2_x2688_y1008.png,K-35-055-2,535194.336655276,4718438.038817292,75.0,2026-06-06T07:37:19.336676+00:00
1347,0.2,not_mound,not_mound,K-35-055-2_x2352_y672.png,K-35-055-2,533636.3880631045,4718947.110221929,,2026-06-06T07:38:17.020053+00:00
1348,0.3,not_mound,not_mound,K-35-055-3_x0_y3360.png,K-35-055-3,501251.3959086948,4686882.264746496,,2026-06-06T07:38:00.844527+00:00
1349,1.0,mound,burial_mound,K-35-055-4_x336_y2016.png,K-35-055-4,522146.7883089984,4693673.198954844,75.0,2026-06-06T07:33:50.754061+00:00
1350,1.0,not_mound,not_mound,K-35-055-4_x672_y2688.png,K-35-055-4,523901.1907120334,4690515.621959881,,2026-06-06T07:33:52.617391+00:00
1351,0.2,mound,burial_mound,K-35-055-4_x672_y1344.png,K-35-055-4,525298.8167788885,4698011.505147391,50.0,2026-06-06T07:38:18.453833+00:00
1352,0.95,mound,bench_mark_on_mound,K-35-056-3_x3696_y1680.png,K-35-056-3,559636.4914383745,4695298.231375138,200.0,2026-06-06T07:36:22.917931+00:00
1353,0.95,not_mound,not_mound,K-35-062-4_Asenovgrad_4326_x3696_y2688.png,K-35-062-4_Asenovgrad_4326,333615.98073028773,4656170.864534715,,2026-06-06T07:36:35.778959+00:00
1354,0.15,not_mound,not_mound,K-35-063-1_Granit_4326_x3696_y3696.png,K-35-063-1_Granit_4326,353492.35117112927,4670308.948534299,,2026-06-06T07:39:59.372241+00:00
1355,1.0,mound,burial_mound,K-35-055-2_x3696_y672.png,K-35-055-2,540717.3470461227,4719715.727634625,75.0,2026-06-06T07:33:55.230387+00:00
1356,0.95,mound,bench_mark_on_mound,K-35-063-2_Chirpan_4326_x1680_y1008.png,K-35-063-2_Chirpan_4326,364129.1846018589,4681717.269741515,200.0,2026-06-06T07:36:40.150616+00:00
1357,0.15,mound,burial_mound,K-35-063-2_Chirpan_4326_x1344_y1344.png,K-35-063-2_Chirpan_4326,362812.611353782,4681313.208509922,200.0,2026-06-06T07:40:02.338244+00:00
1358,1.0,not_mound,not_mound,K-35-062-4_Asenovgrad_4326_x3696_y2688.png,K-35-062-4_Asenovgrad_4326,333383.8865389777,4655750.372796642,,2026-06-06T07:33:56.807708+00:00
1359,0.2,mound,bench_mark_on_mound,K-35-063-3_Tatarevo_4326_x1008_y2688.png,K-35-063-3_Tatarevo_4326,339445.573377176,4656355.526280176,200.0,2026-06-06T07:38:21.023999+00:00
1360,0.15,not_mound,not_mound,K-35-063-2_Chirpan_4326_x1008_y2352.png,K-35-063-2_Chirpan_4326,360226.44192900416,4675304.892810379,,2026-06-06T07:40:03.520643+00:00
1361,0.2,not_mound,not_mound,K-35-063-3_Tatarevo_4326_x672_y336.png,K-35-063-3_Tatarevo_4326,337432.8483008041,4667148.685094246,,2026-06-06T07:38:23.281587+00:00
1362,0.2,not_mound,not_mound,K-35-063-3_Tatarevo_4326_x3696_y2688.png,K-35-063-3_Tatarevo_4326,353681.52402456355,4656864.8415644,,2026-06-06T07:38:24.904615+00:00
1363,0.2,mound,burial_mound,K-35-063-4_Skobelevo_4326_x2688_y1008.png,K-35-063-4_Skobelevo_4326,370020.9750438235,4664082.699156463,100.0,2026-06-06T07:38:33.464959+00:00
1364,1.0,mound,burial_mound,K-35-063-3_Tatarevo_4326_x2352_y1344.png,K-35-063-3_Tatarevo_4326,345760.7047408939,4662242.574662993,75.0,2026-06-06T07:33:59.403537+00:00
1365,1.0,not_mound,not_mound,K-35-064-1_Sredets_4326_x0_y2688.png,K-35-064-1_Sredets_4326,376239.3157616439,4673659.491258673,,2026-06-06T07:34:00.793321+00:00
1366,1.0,mound,burial_mound,K-35-064-1_Sredets_4326_x3360_y1344.png,K-35-064-1_Sredets_4326,393349.3682640992,4679489.525322582,75.0,2026-06-06T07:34:03.427747+00:00
1367,0.2,not_mound,not_mound,K-35-064-2_Radnevo_4326_x4032_y1008.png,K-35-064-2_Radnevo_4326,417369.5474165087,4680781.106647542,,2026-06-06T07:38:35.350866+00:00
1368,1.0,mound,bench_mark_on_mound,K-35-064-2_Radnevo_4326_x3360_y2016.png,K-35-064-2_Radnevo_4326,414633.1737151515,4676728.011293262,100.0,2026-06-06T07:34:08.911686+00:00
1369,0.95,mound,trig_point_on_mound,K-35-064-2_Radnevo_4326_x3696_y1344.png,K-35-064-2_Radnevo_4326,415875.83586713707,4680936.211672986,200.0,2026-06-06T07:36:43.520485+00:00
1370,0.95,mound,bench_mark_on_mound,K-35-064-2_Radnevo_4326_x2016_y3360.png,K-35-064-2_Radnevo_4326,407103.1217178902,4670168.971078804,125.0,2026-06-06T07:36:47.611639+00:00
1371,1.0,not_mound,not_mound,K-35-065-1_Radetski_4326_x1680_y1008.png,K-35-065-1_Radetski_4326,426390.3061012039,4681796.015973976,,2026-06-06T07:34:10.464656+00:00
1372,0.15,not_mound,not_mound,K-35-064-3_Dimitrovgrad_4326_x3024_y0.png,K-35-064-3_Dimitrovgrad_4326,391233.0915451979,4669016.018530541,,2026-06-06T07:40:04.609679+00:00
1373,1.0,mound,burial_mound,K-35-065-1_Radetski_4326_x2016_y2016.png,K-35-065-1_Radetski_4326,429061.9175654565,4675464.076985779,200.0,2026-06-06T07:34:14.027240+00:00
1374,0.2,not_mound,not_mound,K-35-065-1_Radetski_4326_x2688_y2352.png,K-35-065-1_Radetski_4326,432347.1764962828,4674141.487903265,,2026-06-06T07:38:36.616501+00:00
1375,0.2,not_mound,not_mound,K-35-065-1_Radetski_4326_x2016_y3024.png,K-35-065-1_Radetski_4326,428052.4152511144,4671435.038374951,,2026-06-06T07:38:38.038711+00:00
1376,0.4,not_mound,not_mound,K-35-065-3_Glavan_4326_x3360_y3360.png,K-35-065-3_Glavan_4326,434442.2232422021,4650657.556680702,,2026-06-06T07:37:51.367155+00:00
1377,0.15,not_mound,not_mound,K-35-065-3_Glavan_4326_x3696_y2688.png,K-35-065-3_Glavan_4326,436479.6151749565,4653804.626701836,,2026-06-06T07:40:05.821820+00:00
1378,1.0,not_mound,not_mound,K-35-065-2_GManastir_4326_x336_y3696.png,K-35-065-2_GManastir_4326,441353.456860316,4668547.368351408,,2026-06-06T07:34:15.337135+00:00
1379,1.0,mound,burial_mound,K-35-066-1_x2016_y672.png,K-35-066-1,469370.3932802166,4682239.767570433,125.0,2026-06-06T07:34:26.127206+00:00
1380,0.2,not_mound,not_mound,K-35-066-2_x2688_y1680.png,K-35-066-2,492729.587746996,4676577.251856509,,2026-06-06T07:38:39.307153+00:00
1381,0.2,not_mound,not_mound,K-35-066-2_x672_y2016.png,K-35-066-2,483670.4953852181,4675494.215563128,,2026-06-06T07:38:40.768382+00:00
1382,1.0,mound,burial_mound,K-35-066-2_x1344_y1344.png,K-35-066-2,487596.4280186449,4678354.760206726,75.0,2026-06-06T07:34:29.133420+00:00
1383,0.3,not_mound,not_mound,K-35-066-4_x2688_y672.png,K-35-066-4,493798.1979862543,4664121.041162812,,2026-06-06T07:38:02.447245+00:00
1384,0.2,not_mound,not_mound,K-35-067-2_x0_y672.png,K-35-067-2,521882.9648738821,4683243.68017312,,2026-06-06T07:38:42.612476+00:00
1385,0.2,not_mound,not_mound,K-35-066-3_x3696_y1008.png,K-35-066-3,477311.73954821465,4662398.242063495,,2026-06-06T07:38:44.019967+00:00
1386,0.85,mound,burial_mound,K-35-067-1_x1680_y3024.png,K-35-067-1,509394.74858879216,4670005.716336567,100.0,2026-06-06T07:37:25.887954+00:00
1387,0.95,mound,burial_mound,K-35-067-1_x672_y3360.png,K-35-067-1,505034.74511763593,4668459.67940768,75.0,2026-06-06T07:36:51.240058+00:00
1388,0.2,not_mound,not_mound,K-35-067-3_x1680_y3360.png,K-35-067-3,509458.27147498576,4649905.552576733,,2026-06-06T07:38:45.253137+00:00
1389,0.2,not_mound,not_mound,K-35-067-4_x4032_y3024.png,K-35-067-4,541228.7917766225,4652193.242931851,,2026-06-06T07:38:46.463269+00:00
1390,0.95,not_mound,not_mound,K-35-067-3_x336_y1344.png,K-35-067-3,502165.6786260941,4661413.597571472,,2026-06-06T07:36:52.523739+00:00
1391,1.0,mound,burial_mound,K-35-074-1_x2352_y3024.png,K-35-074-1,304151.62403931114,4637498.338139264,125.0,2026-06-06T07:34:32.606160+00:00
1392,0.2,not_mound,not_mound,K-35-074-1_x1680_y672.png,K-35-074-1,300991.1173031975,4648756.121529477,,2026-06-06T07:38:47.594404+00:00
1393,0.75,mound,burial_mound,K-35-067-4_x2352_y672.png,K-35-067-4,532697.4356997297,4663474.207512119,200.0,2026-06-06T07:37:43.866112+00:00
1394,0.2,mound,burial_mound,K-35-067-4_x3360_y1008.png,K-35-067-4,538084.3364029292,4661929.8449116815,50.0,2026-06-06T07:38:49.288880+00:00
1395,0.2,not_mound,not_mound,K-35-074-2_x1680_y2688.png,K-35-074-2,323356.79990734614,4637697.915324721,,2026-06-06T07:38:50.718798+00:00
1396,0.95,mound,burial_mound,K-35-067-4_x2016_y2016.png,K-35-067-4,531195.1119158275,4657210.4731486365,200.0,2026-06-06T07:36:55.573189+00:00
1397,0.15,not_mound,not_mound,K-35-074-2_x2016_y2688.png,K-35-074-2,325042.4961441308,4637909.607835095,,2026-06-06T07:40:07.864207+00:00
1398,0.15,not_mound,not_mound,K-35-074-2_x4032_y1008.png,K-35-074-2,334051.3218058273,4646589.539934493,,2026-06-06T07:40:09.159566+00:00
1399,0.2,not_mound,not_mound,K-35-075-1_x1680_y672.png,K-35-075-1,343201.66191218223,4647290.835428918,,2026-06-06T07:38:52.119097+00:00
1400,0.2,not_mound,not_mound,K-35-067-3_x2352_y1680.png,K-35-067-3,512464.0484430959,4659240.611179495,,2026-06-06T07:38:53.235474+00:00
1401,0.15,not_mound,not_mound,K-35-074-3_x336_y3024.png,K-35-074-3,294265.0940560668,4617206.251771056,,2026-06-06T07:40:10.319014+00:00
1402,0.2,not_mound,not_mound,K-35-075-1_x3696_y1680.png,K-35-075-1,353372.5310914983,4642628.674811733,,2026-06-06T07:38:54.332535+00:00
1403,0.95,mound,burial_mound,K-35-075-2_x2352_y3024.png,K-35-075-2,368305.0730675606,4635493.260848803,75.0,2026-06-06T07:36:58.048681+00:00
1404,1.0,mound,burial_mound,K-35-075-2_x3360_y3360.png,K-35-075-2,373109.8920636178,4634245.540609246,75.0,2026-06-06T07:34:35.027630+00:00
1405,0.15,not_mound,not_mound,K-35-067-3_x672_y3360.png,K-35-067-3,504503.9985261759,4650880.173113089,,2026-06-06T07:40:11.564598+00:00
1406,0.2,not_mound,not_mound,K-35-074-2_x2352_y672.png,K-35-074-2,326021.81349823193,4647152.614364184,,2026-06-06T07:38:55.594631+00:00
1407,0.2,not_mound,not_mound,K-35-075-3_x1344_y1680.png,K-35-075-3,341132.30902905995,4624188.732468559,,2026-06-06T07:38:56.732847+00:00
1408,0.2,not_mound,not_mound,K-35-075-3_x3360_y2352.png,K-35-075-3,351961.9847428141,4620036.958255045,,2026-06-06T07:38:58.031480+00:00
1409,0.4,not_mound,not_mound,K-35-075-4_x1008_y336.png,K-35-075-4,360890.717981394,4629935.784048974,,2026-06-06T07:37:53.911549+00:00
1410,1.0,mound,burial_mound,K-35-075-4_x2016_y0.png,K-35-075-4,364540.6900330104,4630816.560514409,100.0,2026-06-06T07:34:38.361688+00:00
1411,0.2,not_mound,not_mound,K-35-075-3_x1344_y2016.png,K-35-075-3,340624.59349851724,4622237.471214207,,2026-06-06T07:38:59.075055+00:00
1412,1.0,mound,settlement_mound,K-35-075-4_x672_y1344.png,K-35-075-4,358823.52727549046,4624237.314548343,50.0,2026-06-06T07:34:44.522557+00:00
1413,1.0,mound,burial_mound,K-35-076-2_x3024_y0.png,K-35-076-2,411953.3112929587,4648680.890885572,150.0,2026-06-06T07:34:50.429458+00:00
1414,0.4,not_mound,not_mound,K-35-076-1_x3024_y1008.png,K-35-076-1,391171.3480015479,4644283.5262730345,,2026-06-06T07:37:55.195191+00:00
1415,0.75,mound,burial_mound,K-35-076-3_x2352_y336.png,K-35-076-3,387327.1900559186,4629085.129534967,125.0,2026-06-06T07:37:48.667217+00:00
1416,0.85,mound,bench_mark_on_mound,K-35-076-2_x1008_y672.png,K-35-076-2,402801.750853715,4645975.996986629,150.0,2026-06-06T07:37:29.791624+00:00
1417,0.15,not_mound,not_mound,K-35-077-1_x2688_y2688.png,K-35-077-1,430745.7000710151,4635116.424984862,,2026-06-06T07:40:12.823906+00:00
1418,1.0,mound,burial_mound,K-35-077-2_x1008_y3024.png,K-35-077-2,443291.3232725956,4634486.327616658,75.0,2026-06-06T07:34:53.085232+00:00
1419,1.0,mound,bench_mark_on_mound,K-35-077-2_x0_y3024.png,K-35-077-2,438693.52249716007,4634344.301275552,200.0,2026-06-06T07:34:58.829275+00:00
1420,0.85,not_mound,not_mound,K-35-077-2_x2352_y2352.png,K-35-077-2,450919.7343538489,4637747.46168784,,2026-06-06T07:37:32.137703+00:00
1421,0.85,mound,trig_point_on_mound,K-35-077-2_x336_y3024.png,K-35-077-2,440758.3296559808,4633715.369154803,125.0,2026-06-06T07:37:36.353078+00:00
1422,1.0,mound,burial_mound,K-35-077-2_x3360_y3696.png,K-35-077-2,454763.02220643946,4631391.3348353775,200.0,2026-06-06T07:35:01.223631+00:00
1423,1.0,mound,burial_mound,K-35-077-3_x3024_y0.png,K-35-077-3,432460.3853949545,4630669.362999861,75.0,2026-06-06T07:35:06.365061+00:00
1424,0.95,mound,burial_mound,K-35-077-3_x336_y2688.png,K-35-077-3,418709.5913706507,4616662.794696747,50.0,2026-06-06T07:36:59.325961+00:00
1425,0.2,not_mound,not_mound,K-35-077-2_x336_y2688.png,K-35-077-2,440613.7055021888,4635396.973733392,,2026-06-06T07:39:00.246614+00:00
1426,0.2,not_mound,not_mound,K-35-077-4_x672_y1008.png,K-35-077-4,441413.2838976199,4624623.850645165,,2026-06-06T07:39:01.426411+00:00
1427,0.85,not_mound,not_mound,K-35-042-3_x2352_y3024.png,K-35-042-3,471739.13787182746,4726226.69301456,,2026-06-06T07:37:38.313204+00:00
1428,0.15,not_mound,not_mound,K-35-042-3_x2016_y3360.png,K-35-042-3,469072.59024443576,4724720.003002239,,2026-06-06T07:40:14.098022+00:00
1429,0.2,not_mound,not_mound,K-35-051-3_x1680_y3696.png,K-35-051-3,344267.35867171176,4688584.582913648,,2026-06-06T07:39:04.174562+00:00
1430,0.2,not_mound,not_mound,K-35-051-4_x3024_y1344.png,K-35-051-4,371761.9774415296,4698393.075481501,,2026-06-06T07:39:05.928591+00:00
1431,0.95,mound,bench_mark_on_mound,K-35-050-4_x336_y2016.png,K-35-050-4,316433.25023154414,4696788.418788591,150.0,2026-06-06T07:37:03.776266+00:00
1432,1.0,not_mound,not_mound,K-35-051-4_x4032_y3360.png,K-35-051-4,375972.7052023031,4688612.652955992,,2026-06-06T07:35:08.418564+00:00
1433,0.2,mound,burial_mound,K-35-052-3_x1008_y2016.png,K-35-052-3,381927.597480742,4695960.405574197,200.0,2026-06-06T07:39:09.077033+00:00
1434,1.0,mound,burial_mound,K-35-053-4_Boyadzhik_x2016_y1680.png,K-35-053-4_Boyadzhik,450049.7212206688,4695947.64300577,200.0,2026-06-06T07:35:10.842999+00:00
1435,1.0,mound,burial_mound,K-35-053-4_Boyadzhik_x336_y0.png,K-35-053-4_Boyadzhik,440040.591843309,4703715.876774176,200.0,2026-06-06T07:35:12.782444+00:00
1436,0.2,not_mound,not_mound,K-35-054-1_Straldzha_4326_x2352_y1344.png,K-35-054-1_Straldzha_4326,472161.83650547423,4716074.957296073,,2026-06-06T07:39:11.012225+00:00
1437,1.0,mound,burial_mound,K-35-054-2_Atolov_4326_x1344_y1344.png,K-35-054-2_Atolov_4326,487686.20866857073,4716039.629287098,75.0,2026-06-06T07:35:15.809361+00:00
1438,1.0,mound,burial_mound,K-35-054-4_Voynika_x1344_y336.png,K-35-054-4_Voynika,486731.8834884316,4701715.719272183,150.0,2026-06-06T07:35:28.020405+00:00
1439,0.85,not_mound,not_mound,K-35-055-1_x1680_y672.png,K-35-055-1,508319.3297384734,4719627.868606453,,2026-06-06T07:37:40.248870+00:00
1440,0.15,not_mound,not_mound,K-35-055-1_x1344_y0.png,K-35-055-1,507899.97753400553,4722594.740260261,,2026-06-06T07:40:15.226578+00:00
1441,1.0,mound,burial_mound,K-35-055-2_x1680_y672.png,K-35-055-2,530620.8861022557,4718648.654193766,200.0,2026-06-06T07:35:31.318007+00:00
1442,1.0,mound,burial_mound,K-35-055-3_x0_y1008.png,K-35-055-3,500573.00894042826,4698502.798072398,200.0,2026-06-06T07:35:33.863764+00:00
1443,0.15,not_mound,not_mound,K-35-055-4_x1680_y2352.png,K-35-055-4,530185.1421587951,4692364.700861298,,2026-06-06T07:40:16.341467+00:00
1444,0.15,not_mound,not_mound,K-35-055-3_x4032_y2352.png,K-35-055-3,520089.6021233548,4691950.682426004,,2026-06-06T07:40:18.204931+00:00
1445,0.2,not_mound,not_mound,K-35-055-3_x3024_y3360.png,K-35-055-3,516232.9060279538,4687996.433182812,,2026-06-06T07:39:26.891801+00:00
1446,1.0,mound,burial_mound,K-35-062-4_Asenovgrad_4326_x2688_y3696.png,K-35-062-4_Asenovgrad_4326,328491.64771633525,4651980.0757908095,200.0,2026-06-06T07:35:37.694155+00:00
1447,1.0,not_mound,not_mound,K-35-062-4_Asenovgrad_4326_x2352_y1680.png,K-35-062-4_Asenovgrad_4326,325463.30877589784,4662487.665321362,,2026-06-06T07:35:38.897869+00:00
1448,1.0,mound,burial_mound,K-35-063-2_Chirpan_4326_x1344_y1008.png,K-35-063-2_Chirpan_4326,362837.7691824864,4681629.742425767,75.0,2026-06-06T07:35:41.294144+00:00
1449,0.95,mound,burial_mound,K-35-063-1_Granit_4326_x2352_y672.png,K-35-063-1_Granit_4326,347372.5654385564,4684900.836489612,150.0,2026-06-06T07:37:07.183923+00:00
1450,0.2,not_mound,not_mound,K-35-063-1_Granit_4326_x1344_y1008.png,K-35-063-1_Granit_4326,341628.4501836335,4683073.752516866,,2026-06-06T07:39:29.195522+00:00
1451,0.15,not_mound,not_mound,K-35-063-2_Chirpan_4326_x2352_y1008.png,K-35-063-2_Chirpan_4326,367593.309413886,4681745.729057644,,2026-06-06T07:40:19.252925+00:00
1452,0.98,mound,burial_mound,K-35-063-3_Tatarevo_4326_x672_y1344.png,K-35-063-3_Tatarevo_4326,338242.9848551472,4662390.592461358,50.0,2026-06-06T07:36:17.694075+00:00
1453,0.35,mound,burial_mound,K-35-062-4_Asenovgrad_4326_x3024_y1008.png,K-35-062-4_Asenovgrad_4326,329496.05455252726,4664927.114307624,200.0,2026-06-06T07:37:59.316254+00:00
1454,1.0,not_mound,not_mound,K-35-064-1_Sredets_4326_x2688_y0.png,K-35-064-1_Sredets_4326,389857.8253707407,4686750.276837111,,2026-06-06T07:35:43.392481+00:00
1455,0.15,mound,bench_mark_on_mound,K-35-064-1_Sredets_4326_x3024_y1344.png,K-35-064-1_Sredets_4326,391526.5911387649,4680707.252311485,125.0,2026-06-06T07:40:27.898006+00:00
1456,1.0,not_mound,not_mound,K-35-064-2_Radnevo_4326_x3360_y672.png,K-35-064-2_Radnevo_4326,415176.7687552343,4682721.457740093,,2026-06-06T07:35:45.187661+00:00
1457,0.15,not_mound,not_mound,K-35-064-4_Galabovo_4326_x0_y3360.png,K-35-064-4_Galabovo_4326,396727.33255347295,4651525.760122466,,2026-06-06T07:40:30.318903+00:00
1458,0.4,not_mound,not_mound,K-35-064-2_Radnevo_4326_x3024_y1680.png,K-35-064-2_Radnevo_4326,413235.1877659828,4679022.362952992,,2026-06-06T07:37:56.449991+00:00
1459,1.0,not_mound,not_mound,K-35-065-2_GManastir_4326_x672_y336.png,K-35-065-2_GManastir_4326,441192.94599553786,4683606.669539116,,2026-06-06T07:35:46.373545+00:00
1460,0.15,not_mound,not_mound,K-35-065-4_x1344_y0.png,K-35-065-4,445051.20676726295,4667077.172916118,,2026-06-06T07:40:31.388346+00:00
1461,0.15,not_mound,not_mound,K-35-064-2_Radnevo_4326_x3024_y3360.png,K-35-064-2_Radnevo_4326,412826.0292512168,4670549.158882443,,2026-06-06T07:40:32.833213+00:00
1462,0.2,not_mound,not_mound,K-35-066-1_x2688_y0.png,K-35-066-1,473727.22536620055,4686129.818550332,,2026-06-06T07:39:30.260516+00:00
1463,0.2,mound,burial_mound,K-35-065-3_Glavan_4326_x2352_y672.png,K-35-065-3_Glavan_4326,429169.7005487375,4664667.103769869,75.0,2026-06-06T07:39:35.041474+00:00
1464,0.3,mound,burial_mound,K-35-066-3_x1008_y336.png,K-35-066-3,464509.85554288415,4665031.737882149,50.0,2026-06-06T07:38:04.035261+00:00
1465,0.2,mound,burial_mound,K-35-065-3_Glavan_4326_x1008_y3024.png,K-35-065-3_Glavan_4326,423434.01137725136,4651884.327546269,125.0,2026-06-06T07:39:39.969968+00:00
1466,0.15,not_mound,not_mound,K-35-074-1_x1680_y672.png,K-35-074-1,301497.27987656486,4647837.272240211,,2026-06-06T07:40:34.036228+00:00
1467,1.0,mound,burial_mound,K-35-074-1_x0_y1680.png,K-35-074-1,292861.3573342798,4643056.031050554,200.0,2026-06-06T07:35:50.300658+00:00
1468,0.95,mound,burial_mound,K-35-075-1_x4032_y0.png,K-35-075-1,354622.8843818748,4649898.626854904,200.0,2026-06-06T07:37:09.619357+00:00
1469,0.15,not_mound,not_mound,K-35-075-3_x3024_y2688.png,K-35-075-3,349170.1478100741,4618462.479332693,,2026-06-06T07:40:35.099110+00:00
1470,0.2,not_mound,not_mound,K-35-075-3_x3024_y2688.png,K-35-075-3,349734.3072570768,4618189.921618186,,2026-06-06T07:39:41.361660+00:00
1471,0.2,not_mound,not_mound,K-35-075-4_x3024_y3024.png,K-35-075-4,369652.04130171984,4617080.696533461,,2026-06-06T07:39:42.705826+00:00
1472,1.0,not_mound,not_mound,K-35-075-4_x4032_y1680.png,K-35-075-4,374809.8734605172,4622345.244511575,,2026-06-06T07:35:52.945495+00:00
1473,1.0,not_mound,not_mound,K-35-076-1_x4032_y1008.png,K-35-076-1,395860.2611961979,4644073.873985412,,2026-06-06T07:35:54.048511+00:00
1474,1.0,not_mound,not_mound,K-35-076-2_x2016_y3024.png,K-35-076-2,406559.7011022176,4634917.63222949,,2026-06-06T07:35:55.344209+00:00
1475,1.0,not_mound,not_mound,K-35-075-1_x3024_y2016.png,K-35-075-1,349365.84429171984,4639911.04583884,,2026-06-06T07:35:56.740625+00:00
1476,0.2,not_mound,not_mound,K-35-076-1_x3024_y1008.png,K-35-076-1,391526.885689835,4644761.741335066,,2026-06-06T07:39:43.787333+00:00
1477,0.2,not_mound,not_mound,K-35-076-3_x3696_y2016.png,K-35-076-3,393999.2455628385,4621347.450086472,,2026-06-06T07:39:45.296873+00:00
1478,0.15,not_mound,not_mound,K-35-076-4_x2016_y1680.png,K-35-076-4,406753.83980870846,4622835.900258683,,2026-06-06T07:40:36.142477+00:00
1479,1.0,mound,burial_mound,K-35-077-2_x1344_y3024.png,K-35-077-2,446251.004612307,4632978.98721639,75.0,2026-06-06T07:36:01.047173+00:00
1480,0.2,not_mound,not_mound,K-35-076-3_x672_y3360.png,K-35-076-3,379928.8590619312,4614020.070876193,,2026-06-06T07:39:47.130472+00:00
1481,0.2,not_mound,not_mound,K-35-077-2_x336_y2016.png,K-35-077-2,440264.3011164695,4638809.458427406,,2026-06-06T07:39:48.445152+00:00
1482,0.2,not_mound,not_mound,K-35-077-2_x3696_y2352.png,K-35-077-2,456993.639738543,4636960.38021287,,2026-06-06T07:39:50.707216+00:00
1483,0.2,mound,burial_mound,K-35-077-4_x2352_y0.png,K-35-077-4,450852.9473156135,4630477.212163049,50.0,2026-06-06T07:39:52.741464+00:00
1484,0.2,not_mound,not_mound,K-35-052-3_x336_y3024.png,K-35-052-3,378902.1411949755,4690652.674634203,,2026-06-06T07:39:53.953768+00:00
1485,1.0,mound,burial_mound,K-35-053-2_x2352_y336.png,K-35-053-2,450845.64000916935,4721061.194823889,75.0,2026-06-06T07:36:04.737819+00:00
1486,0.95,mound,trig_point_on_mound,K-35-062-4_Asenovgrad_4326_x4032_y672.png,K-35-062-4_Asenovgrad_4326,333687.87552191183,4666113.651060996,200.0,2026-06-06T07:37:12.973014+00:00
1487,1.0,not_mound,not_mound,K-35-063-3_Tatarevo_4326_x672_y672.png,K-35-063-3_Tatarevo_4326,337431.5919532541,4667191.042073216,,2026-06-06T07:36:06.446023+00:00
1488,0.95,not_mound,not_mound,K-35-076-1_x1008_y2352.png,K-35-076-1,381411.25171075313,4638372.098491135,,2026-06-06T07:37:14.683407+00:00
1489,1.0,mound,burial_mound,K-35-076-2_x1008_y1008.png,K-35-076-2,402858.11558564665,4643915.226333012,50.0,2026-06-06T07:36:08.167009+00:00
1490,1.0,mound,burial_mound,K-35-077-2_x1680_y3360.png,K-35-077-2,447772.5559632308,4632166.467721373,100.0,2026-06-06T07:36:14.900608+00:00
1491,1.0,mound,burial_mound,K-35-050-4_x1008_y672.png,K-35-050-4,321206.22244831687,4702903.035386288,100.0,2026-06-06T12:57:27.417701+00:00
1492,0.2,not_mound,not_mound,K-35-050-4_x2352_y1344.png,K-35-050-4,327809.96692054224,4699960.879713807,,2026-06-06T12:59:55.473055+00:00
1493,1.0,mound,burial_mound,K-35-051-4_x0_y2016.png,K-35-051-4,356778.7382095234,4696427.272064628,200.0,2026-06-06T12:57:30.952125+00:00
1494,1.0,not_mound,not_mound,K-35-051-4_x1008_y2016.png,K-35-051-4,361234.1170079666,4695182.665172764,,2026-06-06T12:57:35.150441+00:00
1495,0.2,mound,burial_mound,K-35-051-4_x672_y2016.png,K-35-051-4,359765.3266173606,4694958.473215463,200.0,2026-06-06T12:59:59.014822+00:00
1496,1.0,mound,burial_mound,K-35-051-3_x0_y3024.png,K-35-051-3,335901.8027107137,4691129.121851553,75.0,2026-06-06T12:57:38.609285+00:00
1497,0.95,not_mound,not_mound,K-35-053-1_x2688_y2016.png,K-35-053-1,431594.6556467844,4713205.962791209,,2026-06-06T12:59:01.010595+00:00
1498,1.0,mound,settlement_mound,K-35-052-2_x2352_y3024.png,K-35-052-2,410741.5337575036,4708152.471004526,50.0,2026-06-06T12:57:44.133035+00:00
1499,1.0,mound,burial_mound,K-35-050-4_x3360_y3024.png,K-35-050-4,332020.30468730046,4690711.977030044,200.0,2026-06-06T12:57:46.562077+00:00
1500,1.0,not_mound,not_mound,K-35-054-1_Straldzha_4326_x2352_y2352.png,K-35-054-1_Straldzha_4326,471903.088499465,4711794.328563955,,2026-06-06T12:57:49.785844+00:00
1501,0.95,mound,burial_mound,K-35-054-2_Atolov_4326_x2016_y2016.png,K-35-054-2_Atolov_4326,491250.5846650958,4712390.9910636265,75.0,2026-06-06T12:59:03.307797+00:00
1502,1.0,mound,burial_mound,K-35-054-2_Atolov_4326_x2352_y672.png,K-35-054-2_Atolov_4326,492439.1943504016,4720276.591887515,50.0,2026-06-06T12:57:51.355412+00:00
1503,1.0,not_mound,not_mound,K-35-054-3_Yambol_x1008_y3696.png,K-35-054-3_Yambol,465297.86324466136,4686841.477477502,,2026-06-06T12:57:54.088659+00:00
1504,1.0,mound,burial_mound,K-35-054-2_Atolov_4326_x1680_y1344.png,K-35-054-2_Atolov_4326,488925.1672843082,4716911.212309539,50.0,2026-06-06T12:57:55.406748+00:00
1505,1.0,mound,burial_mound,K-35-055-1_x4032_y1008.png,K-35-055-1,520082.45572764415,4718093.03119008,50.0,2026-06-06T12:57:56.662561+00:00
1506,0.2,not_mound,not_mound,K-35-062-4_Asenovgrad_4326_x3024_y2016.png,K-35-062-4_Asenovgrad_4326,329952.70479310583,4660154.138717846,,2026-06-06T13:00:00.412292+00:00
1507,1.0,mound,burial_mound,K-35-062-4_Asenovgrad_4326_x1344_y3024.png,K-35-062-4_Asenovgrad_4326,320859.5082962848,4655265.452010407,50.0,2026-06-06T12:57:57.619387+00:00
1508,1.0,mound,burial_mound,K-35-063-1_Granit_4326_x2016_y3024.png,K-35-063-1_Granit_4326,346202.6871206633,4672650.883942025,75.0,2026-06-06T12:58:00.022084+00:00
1509,0.2,not_mound,not_mound,K-35-063-3_Tatarevo_4326_x2688_y2016.png,K-35-063-3_Tatarevo_4326,349125.2010069139,4660348.763861032,,2026-06-06T13:00:02.069186+00:00
1510,1.0,not_mound,not_mound,K-35-063-3_Tatarevo_4326_x0_y2688.png,K-35-063-3_Tatarevo_4326,335415.0842220165,4655237.811263326,,2026-06-06T12:58:02.193271+00:00
1511,0.7,mound,settlement_mound,K-35-063-3_Tatarevo_4326_x3360_y1008.png,K-35-063-3_Tatarevo_4326,351672.38374845183,4664061.650406793,75.0,2026-06-06T12:59:39.265964+00:00
1512,0.15,not_mound,not_mound,K-35-063-3_Tatarevo_4326_x4032_y1680.png,K-35-063-3_Tatarevo_4326,354592.66979089903,4660324.498992043,,2026-06-06T13:00:33.558430+00:00
1513,0.3,not_mound,not_mound,K-35-063-3_Tatarevo_4326_x3696_y2016.png,K-35-063-3_Tatarevo_4326,354330.67672206747,4659083.098455174,,2026-06-06T12:59:51.295543+00:00
1514,0.15,not_mound,not_mound,K-35-063-4_Skobelevo_4326_x3360_y1008.png,K-35-063-4_Skobelevo_4326,371773.88841801416,4663615.244979234,,2026-06-06T13:00:34.940951+00:00
1515,1.0,mound,burial_mound,K-35-063-1_Granit_4326_x1680_y1008.png,K-35-063-1_Granit_4326,344442.16934220947,4683290.4537242185,50.0,2026-06-06T12:58:03.386886+00:00
1516,1.0,mound,bench_mark_on_mound,K-35-064-3_Dimitrovgrad_4326_x2016_y672.png,K-35-064-3_Dimitrovgrad_4326,387280.59165756265,4664710.662217023,200.0,2026-06-06T12:58:08.111717+00:00
1517,0.95,mound,trig_point_on_mound,K-35-064-4_Galabovo_4326_x2688_y2016.png,K-35-064-4_Galabovo_4326,410159.4019615511,4658296.159165569,125.0,2026-06-06T12:59:08.178200+00:00
1518,0.85,not_mound,not_mound,K-35-064-3_Dimitrovgrad_4326_x2016_y1680.png,K-35-064-3_Dimitrovgrad_4326,386041.995074193,4659316.004696274,,2026-06-06T12:59:25.956828+00:00
1519,0.2,not_mound,not_mound,K-35-065-1_Radetski_4326_x0_y672.png,K-35-065-1_Radetski_4326,418348.9691494845,4683628.77182102,,2026-06-06T13:00:05.787951+00:00
1520,0.2,not_mound,not_mound,K-35-065-1_Radetski_4326_x336_y3360.png,K-35-065-1_Radetski_4326,419404.8040448496,4669845.074229452,,2026-06-06T13:00:08.368610+00:00
1521,0.15,mound,burial_mound,K-35-065-2_GManastir_4326_x1680_y2688.png,K-35-065-2_GManastir_4326,447636.9559714505,4673131.345333239,125.0,2026-06-06T13:00:38.285753+00:00
1522,0.95,mound,trig_point_on_mound,K-35-065-3_Glavan_4326_x3360_y2352.png,K-35-065-3_Glavan_4326,434826.0744947032,4655183.000202012,50.0,2026-06-06T12:59:11.107021+00:00
1523,0.85,not_mound,not_mound,K-35-066-2_x0_y1344.png,K-35-066-2,480783.32637248485,4679972.432141108,,2026-06-06T12:59:28.805869+00:00
1524,1.0,mound,burial_mound,K-35-066-2_x1008_y1680.png,K-35-066-2,486078.7845863941,4676590.27157984,200.0,2026-06-06T12:58:10.426133+00:00
1525,1.0,mound,burial_mound,K-35-066-2_x336_y1680.png,K-35-066-2,481223.875670996,4677727.116107695,50.0,2026-06-06T12:58:11.606845+00:00
1526,0.2,mound,burial_mound,K-35-067-1_x0_y0.png,K-35-067-1,501325.3692521899,4685173.224545928,50.0,2026-06-06T13:00:09.873697+00:00
1527,1.0,mound,burial_mound,K-35-066-1_x3360_y0.png,K-35-066-1,476421.4895468236,4685027.196083726,50.0,2026-06-06T12:58:12.818634+00:00
1528,0.2,not_mound,not_mound,K-35-074-1_x0_y2688.png,K-35-074-1,293400.0304992013,4638207.11836036,,2026-06-06T13:00:11.706487+00:00
1529,0.2,not_mound,not_mound,K-35-074-2_x3360_y3024.png,K-35-074-2,330867.6054083412,4635964.196605395,,2026-06-06T13:00:14.373388+00:00
1530,0.95,mound,burial_mound,K-35-074-3_x2016_y1344.png,K-35-074-3,302473.67860434024,4625876.188225554,50.0,2026-06-06T12:59:12.645512+00:00
1531,0.15,not_mound,not_mound,K-35-075-1_x3024_y3360.png,K-35-075-1,350011.64339619025,4633711.15236105,,2026-06-06T13:00:40.512314+00:00
1532,0.85,mound,burial_mound,K-35-076-1_x2352_y3024.png,K-35-076-1,387886.03531311103,4633834.20884823,75.0,2026-06-06T12:59:32.451731+00:00
1533,1.0,mound,burial_mound,K-35-076-1_x4032_y336.png,K-35-076-1,395619.0263410923,4648282.84404896,125.0,2026-06-06T12:58:21.829660+00:00
1534,0.95,mound,trig_point_on_mound,K-35-076-2_x1344_y1008.png,K-35-076-2,404615.0211242413,4643867.880385875,50.0,2026-06-06T12:59:14.107231+00:00
1535,1.0,mound,burial_mound,K-35-076-3_x1680_y336.png,K-35-076-3,383894.91562634846,4629855.676552241,200.0,2026-06-06T12:58:24.996324+00:00
1536,1.0,mound,burial_mound,K-35-076-3_x336_y336.png,K-35-076-3,377934.0035161985,4629843.078422361,75.0,2026-06-06T12:58:27.795294+00:00
1537,1.0,mound,bench_mark_on_mound,K-35-076-2_x1008_y672.png,K-35-076-2,402809.80431997793,4646128.360318923,50.0,2026-06-06T12:58:29.673299+00:00
1538,0.15,not_mound,not_mound,K-35-077-1_x0_y336.png,K-35-077-1,418707.5128953202,4646942.938699029,,2026-06-06T13:00:42.884170+00:00
1539,1.0,mound,burial_mound,K-35-077-2_x0_y1008.png,K-35-077-2,438168.9703695882,4643982.68178614,50.0,2026-06-06T12:58:30.701716+00:00
1540,1.0,mound,burial_mound,K-35-077-2_x0_y1008.png,K-35-077-2,437967.3876471606,4643272.690403586,50.0,2026-06-06T12:58:31.579364+00:00
1541,0.4,not_mound,not_mound,K-35-077-1_x2688_y0.png,K-35-077-1,431989.3609120035,4648670.390470737,,2026-06-06T12:59:43.042601+00:00
1542,1.0,mound,burial_mound,K-35-055-1_x4032_y0.png,K-35-055-1,520094.93622922647,4723350.58634013,50.0,2026-06-06T12:58:33.201279+00:00
1543,1.0,mound,burial_mound,K-35-055-1_x672_y3360.png,K-35-055-1,504655.227632594,4706981.20263778,100.0,2026-06-06T12:58:37.104744+00:00
1544,0.4,mound,burial_mound,K-35-055-3_x1680_y2016.png,K-35-055-3,508434.5541391613,4694311.661804087,50.0,2026-06-06T12:59:44.438247+00:00
1545,1.0,mound,burial_mound,K-35-055-4_x3696_y1680.png,K-35-055-4,540003.2364342693,4695876.746743511,150.0,2026-06-06T12:58:41.058687+00:00
1546,0.2,not_mound,not_mound,K-35-063-3_Tatarevo_4326_x2352_y2688.png,K-35-063-3_Tatarevo_4326,347397.78525364376,4655763.92872297,,2026-06-06T13:00:15.747924+00:00
1547,1.0,mound,burial_mound,K-35-063-1_Granit_4326_x1680_y1008.png,K-35-063-1_Granit_4326,344511.4804142289,4683242.924594983,50.0,2026-06-06T12:58:42.166904+00:00
1548,0.95,not_mound,not_mound,K-35-064-1_Sredets_4326_x2352_y3360.png,K-35-064-1_Sredets_4326,388199.2896789868,4670095.925814246,,2026-06-06T12:59:16.583681+00:00
1549,1.0,mound,burial_mound,K-35-063-4_Skobelevo_4326_x2352_y2016.png,K-35-063-4_Skobelevo_4326,367492.0451513242,4658895.113988992,50.0,2026-06-06T12:58:43.137514+00:00
1550,1.0,mound,burial_mound,K-35-064-2_Radnevo_4326_x3360_y672.png,K-35-064-2_Radnevo_4326,413664.9627515562,4683567.793199738,50.0,2026-06-06T12:58:44.019117+00:00
1551,0.4,mound,burial_mound,K-35-065-1_Radetski_4326_x1344_y1680.png,K-35-065-1_Radetski_4326,424081.0470494215,4678282.605055629,200.0,2026-06-06T12:59:46.962014+00:00
1552,0.2,not_mound,not_mound,K-35-065-4_x1680_y3360.png,K-35-065-4,447600.14569322695,4650256.07419461,,2026-06-06T13:00:17.598436+00:00
1553,0.85,mound,burial_mound,K-35-065-3_Glavan_4326_x2352_y1008.png,K-35-065-3_Glavan_4326,428989.11806284136,4663288.643953594,50.0,2026-06-06T12:59:33.694100+00:00
1554,0.95,mound,bench_mark_on_mound,K-35-066-2_x3360_y2016.png,K-35-066-2,496664.4790686354,4674899.234162772,200.0,2026-06-06T12:59:19.402684+00:00
1555,0.15,not_mound,not_mound,K-35-075-1_x2688_y2352.png,K-35-075-1,347726.6362146272,4639150.912188796,,2026-06-06T13:00:44.463346+00:00
1556,0.95,not_mound,not_mound,K-35-074-3_x2688_y1680.png,K-35-074-3,306506.53577734623,4624343.146806197,,2026-06-06T12:59:23.029586+00:00
1557,0.2,not_mound,not_mound,K-35-075-3_x1008_y3360.png,K-35-075-3,339275.6287744101,4614696.780204386,,2026-06-06T13:00:18.915862+00:00
1558,0.3,not_mound,not_mound,K-35-075-4_x3696_y3024.png,K-35-075-4,373823.1853813212,4616091.111872832,,2026-06-06T12:59:53.374215+00:00
1559,1.0,not_mound,not_mound,K-35-076-1_x3360_y2688.png,K-35-076-1,393613.8981182926,4637231.295347527,,2026-06-06T12:58:47.468843+00:00
1560,1.0,mound,burial_mound,K-35-076-2_x1680_y1344.png,K-35-076-2,406157.1179856225,4643620.249600018,200.0,2026-06-06T12:58:50.968918+00:00
1561,0.2,not_mound,not_mound,K-35-056-3_x3024_y3360.png,K-35-056-3,557267.6595827244,4688227.995982265,,2026-06-06T13:00:21.582920+00:00
1562,0.2,not_mound,not_mound,K-35-062-4_Asenovgrad_4326_x1680_y3696.png,K-35-062-4_Asenovgrad_4326,323220.5569894746,4652061.135947712,,2026-06-06T13:00:24.916043+00:00
1563,0.2,not_mound,not_mound,K-35-065-3_Glavan_4326_x4032_y2688.png,K-35-065-3_Glavan_4326,437290.8788394028,4653702.68094641,,2026-06-06T13:00:28.288389+00:00
1564,1.0,mound,burial_mound,K-35-066-4_x1344_y1680.png,K-35-066-4,487799.117824334,4658084.987966298,75.0,2026-06-06T12:58:53.744996+00:00
1565,1.0,mound,burial_mound,K-35-066-3_x3024_y672.png,K-35-066-3,475143.8301344081,4664367.0431102365,200.0,2026-06-06T12:58:56.584320+00:00
1566,1.0,mound,burial_mound,K-35-067-3_x3360_y0.png,K-35-067-3,516890.7485712149,4667178.478196994,75.0,2026-06-06T12:58:58.904670+00:00
1567,0.2,mound,burial_mound,K-35-067-1_x2352_y2016.png,K-35-067-1,512392.3131750889,4675475.96230964,150.0,2026-06-06T13:00:32.014023+00:00
1568,0.4,not_mound,not_mound,K-35-074-2_x2016_y336.png,K-35-074-2,323770.1165761467,4648919.836002946,,2026-06-06T12:59:49.256874+00:00
