2026-04-25 03:33:32,698 - INFO - __main__ - build_tiered_leaderboard.py v1.0.0 — git dcd36515
2026-04-25 03:33:32,703 - INFO - __main__ - Resolved 29 conditions from inventory (era=2, track=None)
2026-04-25 03:33:32,703 - INFO - __main__ - Resolved 29 conditions

Dry run: 29 conditions
Label                                         Era Track    K Thresholds
--------------------------------------------------------------------------------
h11-e47-propose-brief                           2 text     5 t=1..5
h11-n1-brief-text-t03                           2 text     3 t=1..3
h11-n1-image-t0                                 2 image    3 t=1..3
h11-n1-image-t03                                2 image    3 t=1..3
h11-n1-pro-image-high-t0                        2 image    3 t=1..3
h11-n1-pro-text-high-t0                         2 text     3 t=1..3
h11-pvd-flash-high-image-n5                     2 image   10 t=1..10
h11-pvd-flash-high-text-n5                      2 text    30 t=1..30
h11-pvd-flash-minimal-text-n30-t07              2 text    30 t=1..30
h11-pvd-image-n5                                2 image   10 t=1..10
h11-pvd-pro-high-image-n5                       2 image    5 t=1..5
h11-pvd-pro-high-text-n5                        2 text    10 t=1..10
h11-pvd-text-n10                                2 text    10 t=1..10
p3a-high-image-t0.0                             2 image    3 t=1..3
p3a-high-image-t0.3                             2 image   10 t=1..10
p3a-high-image-t1.0                             2 image   10 t=1..10
p3a-high-text-t0.0                              2 text     3 t=1..3
p3a-high-text-t0.3                              2 text    10 t=1..10
p3a-high-text-t0.3-n5                           2 text     5 t=1..10
p3a-high-text-t1.0                              2 text    10 t=1..10
p3a-high-text-t1.0-n5                           2 text     5 t=1..10
p3a-min-image-t0.3                              2 image   10 t=1..10
p3a-min-image-t1.0                              2 image   10 t=1..10
p3a-minimal-text-t0.0                           2 text     3 t=1..3
p3a-minimal-text-t0.3                           2 text    10 t=1..10
p3a-minimal-text-t0.3-n5                        2 text     5 t=1..10
p3a-minimal-text-t1.0                           2 text    10 t=1..10
p3a-minimal-text-t1.0-n5                        2 text     5 t=1..10
scale4-optimal-487                              2 image   10 t=1..10
2026-04-25 03:33:33,093 - INFO - __main__ - build_tiered_leaderboard.py v1.0.0 — git dcd36515
2026-04-25 03:33:33,097 - INFO - __main__ - Resolved 29 conditions from inventory (era=2, track=None)
2026-04-25 03:33:33,098 - INFO - __main__ - Resolved 29 conditions
2026-04-25 03:33:33,100 - INFO - __main__ - Evaluation: 0 cached, 264 to compute (8 workers)
2026-04-25 03:33:38,407 - INFO - evaluate_detections -   20m: F1=0.714 [0.666, 0.760], P=0.694 [0.630, 0.757], R=0.736 [0.684, 0.782]
2026-04-25 03:33:38,581 - INFO - evaluate_detections -   20m: F1=0.639 [0.584, 0.690], P=0.508 [0.444, 0.571], R=0.862 [0.827, 0.898]
2026-04-25 03:33:38,652 - INFO - evaluate_detections -   20m: F1=0.591 [0.535, 0.646], P=0.457 [0.395, 0.522], R=0.834 [0.792, 0.873]
2026-04-25 03:33:38,777 - INFO - evaluate_detections -   20m: F1=0.519 [0.460, 0.574], P=0.364 [0.310, 0.419], R=0.903 [0.873, 0.932]
2026-04-25 03:33:38,785 - INFO - evaluate_detections -   20m: F1=0.554 [0.495, 0.610], P=0.403 [0.345, 0.463], R=0.883 [0.850, 0.913]
2026-04-25 03:33:38,996 - INFO - evaluate_detections -   20m: F1=0.466 [0.406, 0.524], P=0.316 [0.263, 0.370], R=0.892 [0.860, 0.923]
2026-04-25 03:33:39,440 - INFO - evaluate_detections -   20m: F1=0.387 [0.334, 0.437], P=0.244 [0.203, 0.285], R=0.931 [0.905, 0.955]
2026-04-25 03:33:41,656 - INFO - evaluate_detections -   20m: F1=0.167 [0.138, 0.195], P=0.092 [0.074, 0.109], R=0.945 [0.918, 0.967]
2026-04-25 03:33:43,619 - INFO - evaluate_detections -   30m: F1=0.730 [0.683, 0.772], P=0.709 [0.643, 0.771], R=0.752 [0.704, 0.797]
2026-04-25 03:33:43,981 - INFO - evaluate_detections -   30m: F1=0.656 [0.601, 0.709], P=0.522 [0.458, 0.585], R=0.885 [0.853, 0.918]
2026-04-25 03:33:44,161 - INFO - evaluate_detections -   30m: F1=0.600 [0.542, 0.655], P=0.465 [0.400, 0.528], R=0.848 [0.808, 0.886]
2026-04-25 03:33:44,367 - INFO - evaluate_detections -   30m: F1=0.536 [0.475, 0.591], P=0.376 [0.321, 0.432], R=0.933 [0.909, 0.955]
2026-04-25 03:33:44,405 - INFO - evaluate_detections -   30m: F1=0.568 [0.509, 0.624], P=0.414 [0.354, 0.473], R=0.906 [0.876, 0.934]
2026-04-25 03:33:45,015 - INFO - evaluate_detections -   30m: F1=0.475 [0.414, 0.534], P=0.321 [0.267, 0.377], R=0.908 [0.880, 0.937]
2026-04-25 03:33:45,636 - INFO - evaluate_detections -   30m: F1=0.399 [0.344, 0.450], P=0.252 [0.210, 0.294], R=0.961 [0.941, 0.980]
2026-04-25 03:33:48,844 - INFO - evaluate_detections -   40m: F1=0.730 [0.683, 0.772], P=0.709 [0.643, 0.771], R=0.752 [0.704, 0.797]
2026-04-25 03:33:49,391 - INFO - evaluate_detections -   40m: F1=0.656 [0.601, 0.709], P=0.522 [0.458, 0.585], R=0.885 [0.853, 0.918]
2026-04-25 03:33:49,746 - INFO - evaluate_detections -   40m: F1=0.604 [0.544, 0.659], P=0.467 [0.402, 0.531], R=0.853 [0.813, 0.890]
2026-04-25 03:33:49,886 - INFO - evaluate_detections -   30m: F1=0.172 [0.142, 0.201], P=0.094 [0.077, 0.112], R=0.975 [0.957, 0.990]
2026-04-25 03:33:49,981 - INFO - evaluate_detections -   40m: F1=0.537 [0.477, 0.593], P=0.377 [0.321, 0.433], R=0.936 [0.912, 0.958]
2026-04-25 03:33:50,049 - INFO - evaluate_detections -   40m: F1=0.571 [0.511, 0.627], P=0.416 [0.358, 0.476], R=0.910 [0.882, 0.938]
2026-04-25 03:33:51,055 - INFO - evaluate_detections -   40m: F1=0.477 [0.416, 0.535], P=0.323 [0.270, 0.379], R=0.913 [0.885, 0.941]
2026-04-25 03:33:51,663 - INFO - evaluate_detections -   40m: F1=0.400 [0.345, 0.451], P=0.253 [0.210, 0.294], R=0.963 [0.944, 0.981]
2026-04-25 03:33:54,246 - INFO - evaluate_detections -   50m: F1=0.730 [0.683, 0.772], P=0.709 [0.643, 0.771], R=0.752 [0.704, 0.797]
2026-04-25 03:33:55,015 - INFO - evaluate_detections -   50m: F1=0.656 [0.601, 0.709], P=0.522 [0.458, 0.585], R=0.885 [0.853, 0.918]
2026-04-25 03:33:55,348 - INFO - evaluate_detections -   50m: F1=0.605 [0.545, 0.660], P=0.469 [0.404, 0.534], R=0.855 [0.817, 0.893]
2026-04-25 03:33:55,599 - INFO - evaluate_detections -   50m: F1=0.540 [0.479, 0.596], P=0.379 [0.322, 0.435], R=0.940 [0.917, 0.963]
2026-04-25 03:33:55,693 - INFO - evaluate_detections -   50m: F1=0.572 [0.512, 0.627], P=0.417 [0.359, 0.476], R=0.913 [0.885, 0.940]
2026-04-25 03:33:56,839 - INFO - evaluate_detections -   50m: F1=0.481 [0.419, 0.541], P=0.325 [0.272, 0.383], R=0.920 [0.891, 0.947]
2026-04-25 03:33:57,727 - INFO - evaluate_detections -   50m: F1=0.402 [0.346, 0.453], P=0.254 [0.211, 0.296], R=0.968 [0.950, 0.985]
2026-04-25 03:33:58,056 - INFO - evaluate_detections -   40m: F1=0.173 [0.143, 0.202], P=0.095 [0.077, 0.112], R=0.977 [0.960, 0.990]
2026-04-25 03:33:59,557 - INFO - evaluate_detections -   100m: F1=0.732 [0.686, 0.773], P=0.711 [0.646, 0.775], R=0.754 [0.707, 0.800]
2026-04-25 03:34:00,331 - INFO - evaluate_detections -   MCC=0.503 [0.428, 0.579], Sens=0.755, Spec=0.748
2026-04-25 03:34:00,333 - INFO - __main__ - [1/264] h11-e47-propose-brief t=5 done
2026-04-25 03:34:00,633 - INFO - evaluate_detections -   100m: F1=0.658 [0.603, 0.709], P=0.523 [0.460, 0.587], R=0.887 [0.856, 0.920]
2026-04-25 03:34:00,973 - INFO - evaluate_detections -   100m: F1=0.605 [0.545, 0.660], P=0.469 [0.404, 0.534], R=0.855 [0.817, 0.893]
2026-04-25 03:34:01,207 - INFO - evaluate_detections -   100m: F1=0.543 [0.483, 0.598], P=0.381 [0.324, 0.437], R=0.945 [0.923, 0.965]
2026-04-25 03:34:01,350 - INFO - evaluate_detections -   100m: F1=0.572 [0.512, 0.627], P=0.417 [0.359, 0.476], R=0.913 [0.885, 0.940]
2026-04-25 03:34:01,465 - INFO - evaluate_detections -   MCC=0.388 [0.308, 0.463], Sens=0.882, Spec=0.477
2026-04-25 03:34:01,466 - INFO - __main__ - [2/264] h11-e47-propose-brief t=4 done
2026-04-25 03:34:01,786 - INFO - evaluate_detections -   MCC=0.171 [0.089, 0.252], Sens=0.873, Spec=0.264
2026-04-25 03:34:01,788 - INFO - __main__ - [3/264] h11-n1-brief-text-t03 t=3 done
2026-04-25 03:34:02,008 - INFO - evaluate_detections -   MCC=0.308 [0.234, 0.378], Sens=0.934, Spec=0.310
2026-04-25 03:34:02,009 - INFO - __main__ - [4/264] h11-e47-propose-brief t=3 done
2026-04-25 03:34:02,187 - INFO - evaluate_detections -   MCC=0.094 [0.001, 0.175], Sens=0.926, Spec=0.132
2026-04-25 03:34:02,189 - INFO - __main__ - [5/264] h11-n1-brief-text-t03 t=2 done
2026-04-25 03:34:02,636 - INFO - evaluate_detections -   100m: F1=0.482 [0.421, 0.542], P=0.326 [0.272, 0.384], R=0.922 [0.894, 0.948]
2026-04-25 03:34:03,451 - INFO - evaluate_detections -   MCC=0.065 [-0.025, 0.151], Sens=0.926, Spec=0.112
2026-04-25 03:34:03,455 - INFO - __main__ - [6/264] h11-n1-brief-text-t03 t=1 done
2026-04-25 03:34:03,931 - INFO - evaluate_detections -   100m: F1=0.405 [0.350, 0.456], P=0.256 [0.214, 0.297], R=0.975 [0.959, 0.989]
2026-04-25 03:34:04,759 - INFO - evaluate_detections -   MCC=0.173 [0.098, 0.248], Sens=0.961, Spec=0.140
2026-04-25 03:34:04,760 - INFO - __main__ - [7/264] h11-e47-propose-brief t=2 done
2026-04-25 03:34:05,875 - INFO - evaluate_detections -   20m: F1=0.624 [0.578, 0.663], P=0.509 [0.460, 0.554], R=0.807 [0.766, 0.847]
2026-04-25 03:34:06,319 - INFO - evaluate_detections -   50m: F1=0.173 [0.143, 0.202], P=0.095 [0.077, 0.113], R=0.979 [0.962, 0.993]
2026-04-25 03:34:07,033 - INFO - evaluate_detections -   20m: F1=0.629 [0.582, 0.668], P=0.515 [0.466, 0.560], R=0.807 [0.766, 0.847]
2026-04-25 03:34:07,447 - INFO - evaluate_detections -   20m: F1=0.629 [0.583, 0.668], P=0.517 [0.468, 0.560], R=0.802 [0.760, 0.844]
2026-04-25 03:34:07,697 - INFO - evaluate_detections -   20m: F1=0.582 [0.538, 0.626], P=0.447 [0.401, 0.495], R=0.834 [0.794, 0.874]
2026-04-25 03:34:07,976 - INFO - evaluate_detections -   20m: F1=0.642 [0.600, 0.681], P=0.532 [0.481, 0.579], R=0.811 [0.772, 0.849]
2026-04-25 03:34:08,886 - INFO - evaluate_detections -   20m: F1=0.677 [0.633, 0.718], P=0.598 [0.544, 0.647], R=0.779 [0.736, 0.826]
2026-04-25 03:34:10,304 - INFO - evaluate_detections -   20m: F1=0.551 [0.507, 0.594], P=0.456 [0.411, 0.500], R=0.697 [0.635, 0.761]
2026-04-25 03:34:11,436 - INFO - evaluate_detections -   30m: F1=0.686 [0.645, 0.722], P=0.559 [0.509, 0.606], R=0.887 [0.855, 0.919]
2026-04-25 03:34:12,555 - INFO - evaluate_detections -   30m: F1=0.692 [0.650, 0.728], P=0.567 [0.518, 0.613], R=0.887 [0.855, 0.919]
2026-04-25 03:34:13,185 - INFO - evaluate_detections -   30m: F1=0.692 [0.652, 0.728], P=0.569 [0.520, 0.615], R=0.883 [0.850, 0.915]
2026-04-25 03:34:13,430 - INFO - evaluate_detections -   30m: F1=0.640 [0.598, 0.681], P=0.491 [0.445, 0.540], R=0.917 [0.890, 0.943]
2026-04-25 03:34:13,613 - INFO - evaluate_detections -   30m: F1=0.706 [0.665, 0.742], P=0.584 [0.534, 0.630], R=0.892 [0.861, 0.923]
2026-04-25 03:34:14,314 - INFO - evaluate_detections -   30m: F1=0.737 [0.696, 0.774], P=0.651 [0.599, 0.699], R=0.848 [0.808, 0.889]
2026-04-25 03:34:14,504 - INFO - evaluate_detections -   100m: F1=0.174 [0.144, 0.204], P=0.095 [0.078, 0.114], R=0.984 [0.970, 0.995]
2026-04-25 03:34:15,455 - INFO - evaluate_detections -   MCC=0.088 [0.004, 0.159], Sens=0.987, Spec=0.043
2026-04-25 03:34:15,457 - INFO - __main__ - [8/264] h11-e47-propose-brief t=1 done
2026-04-25 03:34:16,027 - INFO - evaluate_detections -   30m: F1=0.613 [0.567, 0.656], P=0.507 [0.459, 0.554], R=0.775 [0.709, 0.836]
2026-04-25 03:34:16,970 - INFO - evaluate_detections -   40m: F1=0.706 [0.665, 0.740], P=0.575 [0.525, 0.621], R=0.913 [0.888, 0.938]
2026-04-25 03:34:18,255 - INFO - evaluate_detections -   40m: F1=0.711 [0.670, 0.746], P=0.583 [0.532, 0.629], R=0.913 [0.888, 0.938]
2026-04-25 03:34:18,774 - INFO - evaluate_detections -   40m: F1=0.712 [0.671, 0.747], P=0.585 [0.534, 0.631], R=0.908 [0.883, 0.934]
2026-04-25 03:34:19,115 - INFO - evaluate_detections -   40m: F1=0.646 [0.605, 0.686], P=0.496 [0.449, 0.544], R=0.926 [0.900, 0.951]
2026-04-25 03:34:19,171 - INFO - evaluate_detections -   40m: F1=0.717 [0.675, 0.752], P=0.593 [0.542, 0.638], R=0.906 [0.878, 0.933]
2026-04-25 03:34:19,834 - INFO - evaluate_detections -   40m: F1=0.745 [0.706, 0.779], P=0.658 [0.606, 0.705], R=0.857 [0.820, 0.897]
2026-04-25 03:34:21,164 - INFO - evaluate_detections -   20m: F1=0.550 [0.503, 0.596], P=0.466 [0.418, 0.512], R=0.671 [0.610, 0.737]
2026-04-25 03:34:21,573 - INFO - evaluate_detections -   40m: F1=0.653 [0.607, 0.693], P=0.540 [0.489, 0.589], R=0.825 [0.762, 0.884]
2026-04-25 03:34:22,541 - INFO - evaluate_detections -   50m: F1=0.713 [0.674, 0.749], P=0.581 [0.533, 0.627], R=0.922 [0.898, 0.945]
2026-04-25 03:34:23,820 - INFO - evaluate_detections -   50m: F1=0.719 [0.678, 0.754], P=0.589 [0.538, 0.636], R=0.922 [0.898, 0.945]
2026-04-25 03:34:24,352 - INFO - evaluate_detections -   50m: F1=0.719 [0.680, 0.754], P=0.591 [0.541, 0.637], R=0.917 [0.892, 0.941]
2026-04-25 03:34:24,730 - INFO - evaluate_detections -   50m: F1=0.726 [0.687, 0.761], P=0.601 [0.551, 0.647], R=0.917 [0.894, 0.943]
2026-04-25 03:34:24,776 - INFO - evaluate_detections -   50m: F1=0.654 [0.613, 0.694], P=0.502 [0.456, 0.550], R=0.938 [0.916, 0.960]
2026-04-25 03:34:25,432 - INFO - evaluate_detections -   50m: F1=0.752 [0.715, 0.788], P=0.665 [0.613, 0.711], R=0.867 [0.830, 0.904]
2026-04-25 03:34:26,760 - INFO - evaluate_detections -   30m: F1=0.614 [0.565, 0.660], P=0.520 [0.470, 0.568], R=0.749 [0.683, 0.817]
2026-04-25 03:34:27,310 - INFO - evaluate_detections -   50m: F1=0.660 [0.614, 0.701], P=0.546 [0.496, 0.595], R=0.834 [0.773, 0.894]
2026-04-25 03:34:28,112 - INFO - evaluate_detections -   100m: F1=0.722 [0.684, 0.759], P=0.588 [0.539, 0.635], R=0.933 [0.911, 0.955]
2026-04-25 03:34:28,907 - INFO - evaluate_detections -   MCC=0.216 [0.135, 0.297], Sens=0.873, Spec=0.306
2026-04-25 03:34:28,908 - INFO - __main__ - [9/264] h11-n1-image-t0 t=1 done
2026-04-25 03:34:29,573 - INFO - evaluate_detections -   100m: F1=0.728 [0.688, 0.764], P=0.596 [0.546, 0.643], R=0.933 [0.911, 0.955]
2026-04-25 03:34:29,964 - INFO - evaluate_detections -   100m: F1=0.728 [0.689, 0.763], P=0.599 [0.548, 0.645], R=0.929 [0.906, 0.951]
2026-04-25 03:34:30,232 - INFO - evaluate_detections -   100m: F1=0.735 [0.696, 0.771], P=0.608 [0.557, 0.654], R=0.929 [0.905, 0.953]
2026-04-25 03:34:30,364 - INFO - evaluate_detections -   MCC=0.216 [0.135, 0.297], Sens=0.873, Spec=0.306
2026-04-25 03:34:30,365 - INFO - __main__ - [10/264] h11-n1-image-t0 t=2 done
2026-04-25 03:34:30,440 - INFO - evaluate_detections -   100m: F1=0.662 [0.621, 0.702], P=0.509 [0.462, 0.556], R=0.949 [0.929, 0.968]
2026-04-25 03:34:30,786 - INFO - evaluate_detections -   MCC=0.220 [0.138, 0.300], Sens=0.873, Spec=0.310
2026-04-25 03:34:30,788 - INFO - __main__ - [11/264] h11-n1-image-t0 t=3 done
2026-04-25 03:34:30,905 - INFO - evaluate_detections -   100m: F1=0.760 [0.722, 0.795], P=0.672 [0.620, 0.718], R=0.876 [0.840, 0.912]
2026-04-25 03:34:31,019 - INFO - evaluate_detections -   MCC=0.222 [0.137, 0.297], Sens=0.869, Spec=0.318
2026-04-25 03:34:31,020 - INFO - __main__ - [12/264] h11-n1-image-t03 t=2 done
2026-04-25 03:34:31,237 - INFO - evaluate_detections -   MCC=0.169 [0.082, 0.248], Sens=0.878, Spec=0.256
2026-04-25 03:34:31,238 - INFO - __main__ - [13/264] h11-n1-image-t03 t=1 done
2026-04-25 03:34:31,724 - INFO - evaluate_detections -   MCC=0.349 [0.270, 0.430], Sens=0.847, Spec=0.481
2026-04-25 03:34:31,726 - INFO - __main__ - [14/264] h11-n1-image-t03 t=3 done
2026-04-25 03:34:32,330 - INFO - evaluate_detections -   40m: F1=0.653 [0.605, 0.696], P=0.553 [0.503, 0.602], R=0.798 [0.733, 0.865]
2026-04-25 03:34:33,028 - INFO - evaluate_detections -   100m: F1=0.669 [0.624, 0.710], P=0.553 [0.502, 0.602], R=0.846 [0.785, 0.905]
2026-04-25 03:34:33,860 - INFO - evaluate_detections -   MCC=0.545 [0.470, 0.611], Sens=0.886, Spec=0.647
2026-04-25 03:34:33,861 - INFO - __main__ - [15/264] h11-n1-pro-image-high-t0 t=1 done
2026-04-25 03:34:34,464 - INFO - evaluate_detections -   20m: F1=0.552 [0.506, 0.599], P=0.475 [0.428, 0.522], R=0.660 [0.596, 0.728]
2026-04-25 03:34:36,365 - INFO - evaluate_detections -   20m: F1=0.473 [0.419, 0.521], P=0.328 [0.279, 0.374], R=0.844 [0.796, 0.894]
2026-04-25 03:34:36,582 - INFO - evaluate_detections -   20m: F1=0.520 [0.464, 0.570], P=0.379 [0.327, 0.431], R=0.825 [0.777, 0.880]
2026-04-25 03:34:36,636 - INFO - evaluate_detections -   20m: F1=0.567 [0.512, 0.617], P=0.441 [0.384, 0.497], R=0.793 [0.737, 0.853]
2026-04-25 03:34:37,900 - INFO - evaluate_detections -   50m: F1=0.661 [0.613, 0.703], P=0.560 [0.508, 0.608], R=0.807 [0.743, 0.872]
2026-04-25 03:34:38,092 - INFO - evaluate_detections -   20m: F1=0.487 [0.446, 0.524], P=0.339 [0.301, 0.374], R=0.867 [0.833, 0.898]
2026-04-25 03:34:39,634 - INFO - evaluate_detections -   20m: F1=0.213 [0.183, 0.242], P=0.121 [0.102, 0.140], R=0.892 [0.860, 0.921]
2026-04-25 03:34:39,681 - INFO - evaluate_detections -   20m: F1=0.622 [0.582, 0.659], P=0.491 [0.446, 0.534], R=0.848 [0.811, 0.882]
2026-04-25 03:34:39,959 - INFO - evaluate_detections -   30m: F1=0.618 [0.569, 0.665], P=0.531 [0.481, 0.582], R=0.738 [0.666, 0.807]
2026-04-25 03:34:42,275 - INFO - evaluate_detections -   30m: F1=0.593 [0.539, 0.644], P=0.461 [0.403, 0.519], R=0.830 [0.777, 0.885]
2026-04-25 03:34:42,366 - INFO - evaluate_detections -   30m: F1=0.543 [0.487, 0.592], P=0.396 [0.341, 0.451], R=0.862 [0.817, 0.911]
2026-04-25 03:34:42,457 - INFO - evaluate_detections -   30m: F1=0.495 [0.440, 0.544], P=0.343 [0.293, 0.391], R=0.883 [0.838, 0.928]
2026-04-25 03:34:43,463 - INFO - evaluate_detections -   100m: F1=0.672 [0.623, 0.715], P=0.569 [0.517, 0.619], R=0.821 [0.755, 0.887]
2026-04-25 03:34:44,268 - INFO - evaluate_detections -   MCC=0.554 [0.482, 0.621], Sens=0.882, Spec=0.663
2026-04-25 03:34:44,269 - INFO - __main__ - [16/264] h11-n1-pro-image-high-t0 t=2 done
2026-04-25 03:34:44,283 - INFO - evaluate_detections -   30m: F1=0.526 [0.484, 0.564], P=0.366 [0.327, 0.403], R=0.936 [0.907, 0.960]
2026-04-25 03:34:45,362 - INFO - evaluate_detections -   30m: F1=0.679 [0.640, 0.716], P=0.536 [0.489, 0.578], R=0.926 [0.896, 0.953]
2026-04-25 03:34:45,513 - INFO - evaluate_detections -   40m: F1=0.653 [0.602, 0.696], P=0.561 [0.510, 0.611], R=0.779 [0.708, 0.849]
2026-04-25 03:34:47,948 - INFO - evaluate_detections -   30m: F1=0.228 [0.197, 0.258], P=0.130 [0.110, 0.149], R=0.956 [0.933, 0.978]
2026-04-25 03:34:47,983 - INFO - evaluate_detections -   40m: F1=0.603 [0.548, 0.655], P=0.469 [0.410, 0.528], R=0.844 [0.792, 0.899]
2026-04-25 03:34:48,128 - INFO - evaluate_detections -   40m: F1=0.552 [0.496, 0.601], P=0.403 [0.347, 0.457], R=0.876 [0.830, 0.924]
2026-04-25 03:34:48,576 - INFO - evaluate_detections -   40m: F1=0.504 [0.448, 0.554], P=0.350 [0.299, 0.399], R=0.899 [0.855, 0.945]
2026-04-25 03:34:49,836 - INFO - evaluate_detections -   20m: F1=0.680 [0.638, 0.719], P=0.583 [0.535, 0.626], R=0.816 [0.774, 0.855]
2026-04-25 03:34:50,456 - INFO - evaluate_detections -   40m: F1=0.535 [0.493, 0.574], P=0.372 [0.333, 0.409], R=0.952 [0.928, 0.972]
2026-04-25 03:34:51,005 - INFO - evaluate_detections -   40m: F1=0.696 [0.656, 0.730], P=0.549 [0.501, 0.593], R=0.949 [0.924, 0.971]
2026-04-25 03:34:51,038 - INFO - evaluate_detections -   50m: F1=0.660 [0.609, 0.703], P=0.568 [0.515, 0.617], R=0.789 [0.718, 0.858]
2026-04-25 03:34:53,622 - INFO - evaluate_detections -   50m: F1=0.603 [0.548, 0.655], P=0.469 [0.410, 0.528], R=0.844 [0.792, 0.899]
2026-04-25 03:34:54,071 - INFO - evaluate_detections -   50m: F1=0.553 [0.497, 0.603], P=0.404 [0.349, 0.459], R=0.878 [0.832, 0.928]
2026-04-25 03:34:54,513 - INFO - evaluate_detections -   50m: F1=0.504 [0.448, 0.554], P=0.350 [0.299, 0.399], R=0.899 [0.855, 0.945]
2026-04-25 03:34:55,353 - INFO - evaluate_detections -   30m: F1=0.751 [0.712, 0.785], P=0.644 [0.596, 0.690], R=0.901 [0.864, 0.934]
2026-04-25 03:34:56,436 - INFO - evaluate_detections -   40m: F1=0.231 [0.201, 0.261], P=0.131 [0.112, 0.151], R=0.970 [0.952, 0.987]
2026-04-25 03:34:56,542 - INFO - evaluate_detections -   100m: F1=0.670 [0.619, 0.713], P=0.576 [0.524, 0.627], R=0.800 [0.729, 0.873]
2026-04-25 03:34:56,665 - INFO - evaluate_detections -   50m: F1=0.699 [0.659, 0.734], P=0.552 [0.504, 0.594], R=0.954 [0.931, 0.975]
2026-04-25 03:34:56,745 - INFO - evaluate_detections -   50m: F1=0.540 [0.498, 0.578], P=0.376 [0.336, 0.413], R=0.961 [0.941, 0.980]
2026-04-25 03:34:57,339 - INFO - evaluate_detections -   MCC=0.566 [0.494, 0.634], Sens=0.878, Spec=0.682
2026-04-25 03:34:57,341 - INFO - __main__ - [17/264] h11-n1-pro-image-high-t0 t=3 done
2026-04-25 03:34:59,227 - INFO - evaluate_detections -   100m: F1=0.608 [0.552, 0.658], P=0.473 [0.411, 0.532], R=0.851 [0.796, 0.905]
2026-04-25 03:34:59,967 - INFO - evaluate_detections -   100m: F1=0.559 [0.502, 0.609], P=0.408 [0.351, 0.464], R=0.887 [0.840, 0.934]
2026-04-25 03:35:00,023 - INFO - evaluate_detections -   MCC=0.394 [0.319, 0.468], Sens=0.895, Spec=0.465
2026-04-25 03:35:00,024 - INFO - __main__ - [18/264] h11-n1-pro-text-high-t0 t=3 done
2026-04-25 03:35:00,371 - INFO - evaluate_detections -   100m: F1=0.511 [0.455, 0.561], P=0.355 [0.303, 0.404], R=0.913 [0.869, 0.956]
2026-04-25 03:35:00,771 - INFO - evaluate_detections -   MCC=0.348 [0.277, 0.420], Sens=0.930, Spec=0.360
2026-04-25 03:35:00,772 - INFO - __main__ - [19/264] h11-n1-pro-text-high-t0 t=2 done
2026-04-25 03:35:00,871 - INFO - evaluate_detections -   40m: F1=0.770 [0.729, 0.804], P=0.660 [0.610, 0.705], R=0.924 [0.892, 0.953]
2026-04-25 03:35:01,195 - INFO - evaluate_detections -   MCC=0.271 [0.199, 0.341], Sens=0.934, Spec=0.271
2026-04-25 03:35:01,196 - INFO - __main__ - [20/264] h11-n1-pro-text-high-t0 t=1 done
2026-04-25 03:35:02,504 - INFO - evaluate_detections -   100m: F1=0.703 [0.663, 0.737], P=0.555 [0.506, 0.598], R=0.959 [0.937, 0.978]
2026-04-25 03:35:02,867 - INFO - evaluate_detections -   20m: F1=0.721 [0.681, 0.757], P=0.663 [0.614, 0.707], R=0.791 [0.743, 0.832]
2026-04-25 03:35:02,904 - INFO - evaluate_detections -   100m: F1=0.544 [0.502, 0.582], P=0.379 [0.338, 0.416], R=0.968 [0.949, 0.985]
2026-04-25 03:35:03,335 - INFO - evaluate_detections -   MCC=0.575 [0.503, 0.637], Sens=0.913, Spec=0.647
2026-04-25 03:35:03,337 - INFO - __main__ - [21/264] h11-pvd-flash-high-image-n5 t=3 done
2026-04-25 03:35:03,714 - INFO - evaluate_detections -   MCC=0.475 [0.403, 0.538], Sens=0.934, Spec=0.500
2026-04-25 03:35:03,716 - INFO - __main__ - [22/264] h11-pvd-flash-high-image-n5 t=2 done
2026-04-25 03:35:04,924 - INFO - evaluate_detections -   50m: F1=0.235 [0.203, 0.264], P=0.133 [0.113, 0.153], R=0.984 [0.971, 0.995]
2026-04-25 03:35:05,445 - INFO - evaluate_detections -   20m: F1=0.740 [0.701, 0.777], P=0.719 [0.670, 0.760], R=0.763 [0.715, 0.811]
2026-04-25 03:35:06,045 - INFO - evaluate_detections -   20m: F1=0.750 [0.707, 0.790], P=0.778 [0.729, 0.820], R=0.724 [0.672, 0.774]
2026-04-25 03:35:06,477 - INFO - evaluate_detections -   50m: F1=0.778 [0.740, 0.810], P=0.667 [0.615, 0.711], R=0.933 [0.904, 0.960]
2026-04-25 03:35:06,488 - INFO - evaluate_detections -   20m: F1=0.729 [0.685, 0.772], P=0.826 [0.777, 0.868], R=0.653 [0.600, 0.708]
2026-04-25 03:35:08,239 - INFO - evaluate_detections -   30m: F1=0.792 [0.756, 0.822], P=0.728 [0.681, 0.769], R=0.869 [0.826, 0.905]
2026-04-25 03:35:08,499 - INFO - evaluate_detections -   20m: F1=0.679 [0.631, 0.724], P=0.865 [0.819, 0.904], R=0.559 [0.504, 0.613]
2026-04-25 03:35:08,735 - INFO - evaluate_detections -   20m: F1=0.574 [0.519, 0.633], P=0.893 [0.840, 0.937], R=0.423 [0.370, 0.484]
2026-04-25 03:35:10,850 - INFO - evaluate_detections -   30m: F1=0.812 [0.777, 0.841], P=0.788 [0.741, 0.827], R=0.837 [0.790, 0.879]
2026-04-25 03:35:11,306 - INFO - evaluate_detections -   30m: F1=0.810 [0.773, 0.843], P=0.840 [0.797, 0.875], R=0.782 [0.730, 0.832]
2026-04-25 03:35:11,819 - INFO - evaluate_detections -   30m: F1=0.778 [0.737, 0.814], P=0.881 [0.837, 0.914], R=0.697 [0.645, 0.749]
2026-04-25 03:35:12,136 - INFO - evaluate_detections -   100m: F1=0.785 [0.749, 0.817], P=0.673 [0.623, 0.718], R=0.943 [0.915, 0.967]
2026-04-25 03:35:12,932 - INFO - evaluate_detections -   MCC=0.632 [0.563, 0.695], Sens=0.895, Spec=0.733
2026-04-25 03:35:12,933 - INFO - __main__ - [23/264] h11-pvd-flash-high-image-n5 t=4 done
2026-04-25 03:35:13,461 - INFO - evaluate_detections -   100m: F1=0.235 [0.203, 0.264], P=0.134 [0.113, 0.153], R=0.986 [0.975, 0.996]
2026-04-25 03:35:13,724 - INFO - evaluate_detections -   30m: F1=0.718 [0.670, 0.761], P=0.915 [0.875, 0.947], R=0.591 [0.535, 0.647]
2026-04-25 03:35:13,761 - INFO - evaluate_detections -   30m: F1=0.602 [0.550, 0.658], P=0.937 [0.898, 0.970], R=0.444 [0.389, 0.505]
2026-04-25 03:35:13,771 - INFO - evaluate_detections -   40m: F1=0.813 [0.778, 0.842], P=0.748 [0.700, 0.789], R=0.892 [0.854, 0.927]
2026-04-25 03:35:14,353 - INFO - evaluate_detections -   MCC=0.228 [0.157, 0.298], Sens=0.965, Spec=0.178
2026-04-25 03:35:14,355 - INFO - __main__ - [24/264] h11-pvd-flash-high-image-n5 t=1 done
2026-04-25 03:35:16,204 - INFO - evaluate_detections -   40m: F1=0.829 [0.795, 0.859], P=0.805 [0.757, 0.842], R=0.855 [0.813, 0.896]
2026-04-25 03:35:16,567 - INFO - evaluate_detections -   40m: F1=0.824 [0.788, 0.857], P=0.854 [0.811, 0.888], R=0.795 [0.748, 0.847]
2026-04-25 03:35:17,105 - INFO - evaluate_detections -   40m: F1=0.788 [0.750, 0.824], P=0.892 [0.846, 0.925], R=0.706 [0.652, 0.758]
2026-04-25 03:35:18,827 - INFO - evaluate_detections -   40m: F1=0.605 [0.552, 0.661], P=0.942 [0.905, 0.975], R=0.446 [0.392, 0.509]
2026-04-25 03:35:18,879 - INFO - evaluate_detections -   40m: F1=0.723 [0.676, 0.767], P=0.922 [0.882, 0.953], R=0.595 [0.540, 0.652]
2026-04-25 03:35:19,196 - INFO - evaluate_detections -   50m: F1=0.822 [0.789, 0.848], P=0.755 [0.708, 0.794], R=0.901 [0.865, 0.936]
2026-04-25 03:35:21,555 - INFO - evaluate_detections -   50m: F1=0.834 [0.800, 0.862], P=0.810 [0.763, 0.844], R=0.860 [0.816, 0.901]
2026-04-25 03:35:21,843 - INFO - evaluate_detections -   50m: F1=0.824 [0.788, 0.857], P=0.854 [0.811, 0.888], R=0.795 [0.748, 0.847]
2026-04-25 03:35:22,380 - INFO - evaluate_detections -   50m: F1=0.788 [0.750, 0.824], P=0.892 [0.846, 0.925], R=0.706 [0.652, 0.758]
2026-04-25 03:35:22,710 - INFO - evaluate_detections -   20m: F1=0.166 [0.139, 0.195], P=0.091 [0.075, 0.109], R=0.952 [0.929, 0.973]
2026-04-25 03:35:23,797 - INFO - evaluate_detections -   50m: F1=0.605 [0.552, 0.661], P=0.942 [0.905, 0.975], R=0.446 [0.392, 0.509]
2026-04-25 03:35:24,199 - INFO - evaluate_detections -   50m: F1=0.723 [0.676, 0.767], P=0.922 [0.882, 0.953], R=0.595 [0.540, 0.652]
2026-04-25 03:35:24,610 - INFO - evaluate_detections -   100m: F1=0.826 [0.796, 0.853], P=0.759 [0.711, 0.799], R=0.906 [0.871, 0.939]
2026-04-25 03:35:25,403 - INFO - evaluate_detections -   MCC=0.655 [0.588, 0.716], Sens=0.865, Spec=0.791
2026-04-25 03:35:25,405 - INFO - __main__ - [25/264] h11-pvd-flash-high-image-n5 t=5 done
2026-04-25 03:35:26,915 - INFO - evaluate_detections -   100m: F1=0.836 [0.802, 0.864], P=0.812 [0.765, 0.846], R=0.862 [0.819, 0.902]
2026-04-25 03:35:27,134 - INFO - evaluate_detections -   100m: F1=0.829 [0.794, 0.858], P=0.859 [0.814, 0.893], R=0.800 [0.751, 0.849]
2026-04-25 03:35:27,441 - INFO - evaluate_detections -   20m: F1=0.068 [0.056, 0.082], P=0.036 [0.029, 0.043], R=0.961 [0.941, 0.978]
2026-04-25 03:35:27,556 - INFO - evaluate_detections -   100m: F1=0.788 [0.750, 0.824], P=0.892 [0.846, 0.925], R=0.706 [0.652, 0.758]
2026-04-25 03:35:27,700 - INFO - evaluate_detections -   MCC=0.675 [0.604, 0.736], Sens=0.838, Spec=0.837
2026-04-25 03:35:27,701 - INFO - __main__ - [26/264] h11-pvd-flash-high-image-n5 t=6 done
2026-04-25 03:35:27,920 - INFO - evaluate_detections -   MCC=0.678 [0.608, 0.740], Sens=0.803, Spec=0.872
2026-04-25 03:35:27,921 - INFO - __main__ - [27/264] h11-pvd-flash-high-image-n5 t=7 done
2026-04-25 03:35:28,347 - INFO - evaluate_detections -   MCC=0.679 [0.612, 0.735], Sens=0.751, Spec=0.915
2026-04-25 03:35:28,349 - INFO - __main__ - [28/264] h11-pvd-flash-high-image-n5 t=8 done
2026-04-25 03:35:28,841 - INFO - evaluate_detections -   100m: F1=0.605 [0.552, 0.661], P=0.942 [0.905, 0.975], R=0.446 [0.392, 0.509]
2026-04-25 03:35:29,402 - INFO - evaluate_detections -   100m: F1=0.723 [0.676, 0.767], P=0.922 [0.882, 0.953], R=0.595 [0.540, 0.652]
2026-04-25 03:35:29,612 - INFO - evaluate_detections -   MCC=0.607 [0.549, 0.666], Sens=0.576, Spec=0.973
2026-04-25 03:35:29,613 - INFO - __main__ - [29/264] h11-pvd-flash-high-image-n5 t=10 done
2026-04-25 03:35:30,178 - INFO - evaluate_detections -   MCC=0.665 [0.604, 0.724], Sens=0.686, Spec=0.950
2026-04-25 03:35:30,179 - INFO - __main__ - [30/264] h11-pvd-flash-high-image-n5 t=9 done
2026-04-25 03:35:30,882 - INFO - evaluate_detections -   30m: F1=0.170 [0.142, 0.199], P=0.093 [0.076, 0.111], R=0.970 [0.953, 0.986]
2026-04-25 03:35:32,784 - INFO - evaluate_detections -   20m: F1=0.235 [0.199, 0.271], P=0.134 [0.111, 0.158], R=0.947 [0.923, 0.968]
2026-04-25 03:35:34,295 - INFO - evaluate_detections -   20m: F1=0.338 [0.292, 0.383], P=0.206 [0.173, 0.240], R=0.943 [0.918, 0.964]
2026-04-25 03:35:34,461 - INFO - evaluate_detections -   20m: F1=0.294 [0.251, 0.336], P=0.174 [0.145, 0.204], R=0.945 [0.921, 0.965]
2026-04-25 03:35:34,666 - INFO - evaluate_detections -   20m: F1=0.380 [0.331, 0.427], P=0.238 [0.201, 0.276], R=0.938 [0.911, 0.960]
2026-04-25 03:35:35,931 - INFO - evaluate_detections -   20m: F1=0.411 [0.359, 0.460], P=0.264 [0.223, 0.305], R=0.931 [0.903, 0.957]
2026-04-25 03:35:36,117 - INFO - evaluate_detections -   20m: F1=0.445 [0.390, 0.495], P=0.292 [0.247, 0.335], R=0.931 [0.903, 0.957]
2026-04-25 03:35:39,157 - INFO - evaluate_detections -   40m: F1=0.170 [0.142, 0.199], P=0.093 [0.077, 0.111], R=0.972 [0.956, 0.987]
2026-04-25 03:35:39,980 - INFO - evaluate_detections -   30m: F1=0.240 [0.204, 0.277], P=0.137 [0.114, 0.162], R=0.968 [0.951, 0.984]
2026-04-25 03:35:40,697 - INFO - evaluate_detections -   30m: F1=0.347 [0.301, 0.392], P=0.211 [0.178, 0.245], R=0.968 [0.951, 0.984]
2026-04-25 03:35:40,873 - INFO - evaluate_detections -   30m: F1=0.391 [0.340, 0.438], P=0.245 [0.207, 0.283], R=0.966 [0.948, 0.982]
2026-04-25 03:35:41,214 - INFO - evaluate_detections -   30m: F1=0.301 [0.258, 0.344], P=0.178 [0.148, 0.209], R=0.968 [0.951, 0.984]
2026-04-25 03:35:41,603 - INFO - evaluate_detections -   30m: F1=0.070 [0.057, 0.083], P=0.036 [0.029, 0.043], R=0.977 [0.962, 0.990]
2026-04-25 03:35:42,030 - INFO - evaluate_detections -   30m: F1=0.459 [0.403, 0.509], P=0.301 [0.255, 0.345], R=0.961 [0.939, 0.981]
2026-04-25 03:35:42,081 - INFO - evaluate_detections -   30m: F1=0.424 [0.371, 0.473], P=0.272 [0.230, 0.313], R=0.961 [0.939, 0.981]
2026-04-25 03:35:47,058 - INFO - evaluate_detections -   40m: F1=0.392 [0.341, 0.438], P=0.246 [0.207, 0.283], R=0.968 [0.951, 0.984]
2026-04-25 03:35:47,083 - INFO - evaluate_detections -   40m: F1=0.348 [0.301, 0.392], P=0.212 [0.179, 0.246], R=0.970 [0.954, 0.985]
2026-04-25 03:35:47,251 - INFO - evaluate_detections -   40m: F1=0.241 [0.205, 0.278], P=0.137 [0.115, 0.162], R=0.970 [0.954, 0.985]
2026-04-25 03:35:47,286 - INFO - evaluate_detections -   50m: F1=0.170 [0.143, 0.200], P=0.093 [0.077, 0.111], R=0.975 [0.960, 0.989]
2026-04-25 03:35:48,001 - INFO - evaluate_detections -   40m: F1=0.460 [0.403, 0.509], P=0.302 [0.256, 0.346], R=0.963 [0.943, 0.982]
2026-04-25 03:35:48,149 - INFO - evaluate_detections -   40m: F1=0.302 [0.258, 0.344], P=0.179 [0.149, 0.209], R=0.970 [0.954, 0.985]
2026-04-25 03:35:48,221 - INFO - evaluate_detections -   40m: F1=0.425 [0.371, 0.474], P=0.273 [0.230, 0.313], R=0.963 [0.943, 0.982]
2026-04-25 03:35:53,212 - INFO - evaluate_detections -   50m: F1=0.394 [0.342, 0.441], P=0.247 [0.208, 0.284], R=0.972 [0.956, 0.987]
2026-04-25 03:35:53,446 - INFO - evaluate_detections -   50m: F1=0.350 [0.303, 0.395], P=0.213 [0.179, 0.248], R=0.975 [0.960, 0.989]
2026-04-25 03:35:53,960 - INFO - evaluate_detections -   50m: F1=0.462 [0.405, 0.513], P=0.304 [0.256, 0.348], R=0.968 [0.948, 0.986]
2026-04-25 03:35:54,371 - INFO - evaluate_detections -   50m: F1=0.242 [0.205, 0.279], P=0.138 [0.115, 0.163], R=0.975 [0.960, 0.989]
2026-04-25 03:35:54,412 - INFO - evaluate_detections -   50m: F1=0.427 [0.373, 0.476], P=0.274 [0.231, 0.315], R=0.968 [0.948, 0.986]
2026-04-25 03:35:54,954 - INFO - evaluate_detections -   50m: F1=0.303 [0.259, 0.346], P=0.179 [0.149, 0.210], R=0.975 [0.960, 0.989]
2026-04-25 03:35:55,552 - INFO - evaluate_detections -   100m: F1=0.172 [0.144, 0.202], P=0.094 [0.078, 0.112], R=0.986 [0.974, 0.996]
2026-04-25 03:35:56,289 - INFO - evaluate_detections -   40m: F1=0.070 [0.057, 0.083], P=0.036 [0.029, 0.044], R=0.979 [0.965, 0.991]
2026-04-25 03:35:56,492 - INFO - evaluate_detections -   MCC=0.045 [-0.040, 0.129], Sens=0.974, Spec=0.043
2026-04-25 03:35:56,495 - INFO - __main__ - [31/264] h11-pvd-flash-high-text-n5 t=2 done
2026-04-25 03:35:59,489 - INFO - evaluate_detections -   100m: F1=0.397 [0.344, 0.444], P=0.249 [0.209, 0.286], R=0.979 [0.965, 0.992]
2026-04-25 03:35:59,876 - INFO - evaluate_detections -   100m: F1=0.352 [0.304, 0.398], P=0.214 [0.180, 0.250], R=0.982 [0.968, 0.993]
2026-04-25 03:35:59,947 - INFO - evaluate_detections -   100m: F1=0.467 [0.409, 0.516], P=0.306 [0.259, 0.351], R=0.977 [0.962, 0.991]
2026-04-25 03:36:00,353 - INFO - evaluate_detections -   MCC=0.165 [0.083, 0.243], Sens=0.952, Spec=0.147
2026-04-25 03:36:00,355 - INFO - __main__ - [32/264] h11-pvd-flash-high-text-n5 t=6 done
2026-04-25 03:36:00,708 - INFO - evaluate_detections -   100m: F1=0.431 [0.376, 0.480], P=0.277 [0.233, 0.318], R=0.977 [0.962, 0.991]
2026-04-25 03:36:00,716 - INFO - evaluate_detections -   MCC=0.121 [0.038, 0.202], Sens=0.956, Spec=0.109
2026-04-25 03:36:00,718 - INFO - __main__ - [33/264] h11-pvd-flash-high-text-n5 t=5 done
2026-04-25 03:36:00,787 - INFO - evaluate_detections -   MCC=0.209 [0.133, 0.285], Sens=0.939, Spec=0.205
2026-04-25 03:36:00,789 - INFO - __main__ - [34/264] h11-pvd-flash-high-text-n5 t=8 done
2026-04-25 03:36:01,508 - INFO - evaluate_detections -   100m: F1=0.245 [0.208, 0.282], P=0.140 [0.116, 0.164], R=0.986 [0.974, 0.996]
2026-04-25 03:36:01,572 - INFO - evaluate_detections -   100m: F1=0.306 [0.262, 0.349], P=0.181 [0.151, 0.212], R=0.984 [0.971, 0.995]
2026-04-25 03:36:01,572 - INFO - evaluate_detections -   MCC=0.172 [0.092, 0.247], Sens=0.943, Spec=0.167
2026-04-25 03:36:01,574 - INFO - __main__ - [35/264] h11-pvd-flash-high-text-n5 t=7 done
2026-04-25 03:36:02,312 - INFO - evaluate_detections -   20m: F1=0.475 [0.420, 0.523], P=0.319 [0.271, 0.363], R=0.931 [0.903, 0.957]
2026-04-25 03:36:02,388 - INFO - evaluate_detections -   MCC=0.078 [-0.010, 0.161], Sens=0.974, Spec=0.058
2026-04-25 03:36:02,390 - INFO - __main__ - [36/264] h11-pvd-flash-high-text-n5 t=3 done
2026-04-25 03:36:02,435 - INFO - evaluate_detections -   MCC=0.098 [0.010, 0.178], Sens=0.965, Spec=0.081
2026-04-25 03:36:02,437 - INFO - __main__ - [37/264] h11-pvd-flash-high-text-n5 t=4 done
2026-04-25 03:36:06,270 - INFO - evaluate_detections -   20m: F1=0.505 [0.448, 0.553], P=0.347 [0.296, 0.393], R=0.926 [0.898, 0.953]
2026-04-25 03:36:06,510 - INFO - evaluate_detections -   20m: F1=0.566 [0.509, 0.613], P=0.409 [0.355, 0.459], R=0.917 [0.888, 0.946]
2026-04-25 03:36:06,566 - INFO - evaluate_detections -   20m: F1=0.536 [0.479, 0.583], P=0.377 [0.325, 0.426], R=0.926 [0.898, 0.953]
2026-04-25 03:36:07,300 - INFO - evaluate_detections -   20m: F1=0.593 [0.538, 0.639], P=0.439 [0.382, 0.489], R=0.915 [0.887, 0.944]
2026-04-25 03:36:08,035 - INFO - evaluate_detections -   20m: F1=0.618 [0.563, 0.665], P=0.467 [0.410, 0.518], R=0.913 [0.884, 0.942]
2026-04-25 03:36:08,047 - INFO - evaluate_detections -   20m: F1=0.647 [0.595, 0.691], P=0.502 [0.444, 0.555], R=0.910 [0.881, 0.941]
2026-04-25 03:36:08,110 - INFO - evaluate_detections -   30m: F1=0.490 [0.433, 0.539], P=0.329 [0.280, 0.374], R=0.961 [0.939, 0.981]
2026-04-25 03:36:11,029 - INFO - evaluate_detections -   50m: F1=0.070 [0.057, 0.083], P=0.036 [0.029, 0.044], R=0.982 [0.968, 0.994]
2026-04-25 03:36:12,190 - INFO - evaluate_detections -   30m: F1=0.582 [0.524, 0.629], P=0.421 [0.365, 0.472], R=0.943 [0.917, 0.967]
2026-04-25 03:36:12,296 - INFO - evaluate_detections -   30m: F1=0.521 [0.466, 0.569], P=0.358 [0.309, 0.405], R=0.956 [0.936, 0.977]
2026-04-25 03:36:12,306 - INFO - evaluate_detections -   30m: F1=0.553 [0.496, 0.603], P=0.389 [0.336, 0.439], R=0.956 [0.936, 0.977]
2026-04-25 03:36:12,950 - INFO - evaluate_detections -   30m: F1=0.610 [0.552, 0.658], P=0.451 [0.392, 0.504], R=0.940 [0.915, 0.966]
2026-04-25 03:36:13,615 - INFO - evaluate_detections -   30m: F1=0.635 [0.579, 0.682], P=0.480 [0.420, 0.532], R=0.938 [0.912, 0.963]
2026-04-25 03:36:13,625 - INFO - evaluate_detections -   30m: F1=0.663 [0.610, 0.708], P=0.515 [0.455, 0.570], R=0.933 [0.907, 0.958]
2026-04-25 03:36:13,908 - INFO - evaluate_detections -   40m: F1=0.491 [0.434, 0.540], P=0.330 [0.280, 0.375], R=0.963 [0.943, 0.982]
2026-04-25 03:36:17,982 - INFO - evaluate_detections -   40m: F1=0.583 [0.526, 0.631], P=0.422 [0.366, 0.473], R=0.945 [0.920, 0.969]
2026-04-25 03:36:18,058 - INFO - evaluate_detections -   40m: F1=0.523 [0.467, 0.571], P=0.359 [0.309, 0.406], R=0.959 [0.939, 0.979]
2026-04-25 03:36:18,075 - INFO - evaluate_detections -   40m: F1=0.554 [0.497, 0.604], P=0.390 [0.337, 0.440], R=0.959 [0.939, 0.979]
2026-04-25 03:36:18,806 - INFO - evaluate_detections -   40m: F1=0.611 [0.554, 0.660], P=0.452 [0.394, 0.505], R=0.943 [0.917, 0.967]
2026-04-25 03:36:19,229 - INFO - evaluate_detections -   40m: F1=0.637 [0.580, 0.682], P=0.481 [0.421, 0.534], R=0.940 [0.914, 0.965]
2026-04-25 03:36:19,300 - INFO - evaluate_detections -   40m: F1=0.665 [0.611, 0.710], P=0.516 [0.456, 0.572], R=0.936 [0.910, 0.961]
2026-04-25 03:36:19,736 - INFO - evaluate_detections -   50m: F1=0.491 [0.434, 0.540], P=0.330 [0.280, 0.375], R=0.963 [0.943, 0.982]
2026-04-25 03:36:23,824 - INFO - evaluate_detections -   50m: F1=0.523 [0.467, 0.571], P=0.359 [0.309, 0.406], R=0.959 [0.939, 0.979]
2026-04-25 03:36:23,938 - INFO - evaluate_detections -   50m: F1=0.583 [0.526, 0.631], P=0.422 [0.366, 0.473], R=0.945 [0.920, 0.969]
2026-04-25 03:36:23,943 - INFO - evaluate_detections -   50m: F1=0.554 [0.497, 0.604], P=0.390 [0.337, 0.440], R=0.959 [0.939, 0.979]
2026-04-25 03:36:24,480 - INFO - evaluate_detections -   50m: F1=0.611 [0.554, 0.660], P=0.452 [0.394, 0.505], R=0.943 [0.917, 0.967]
2026-04-25 03:36:24,823 - INFO - evaluate_detections -   50m: F1=0.637 [0.580, 0.682], P=0.481 [0.421, 0.534], R=0.940 [0.914, 0.965]
2026-04-25 03:36:24,875 - INFO - evaluate_detections -   50m: F1=0.665 [0.611, 0.710], P=0.516 [0.456, 0.572], R=0.936 [0.910, 0.961]
2026-04-25 03:36:25,336 - INFO - evaluate_detections -   100m: F1=0.071 [0.058, 0.085], P=0.037 [0.030, 0.044], R=0.993 [0.985, 1.000]
2026-04-25 03:36:25,549 - INFO - evaluate_detections -   100m: F1=0.495 [0.437, 0.545], P=0.332 [0.282, 0.379], R=0.970 [0.951, 0.987]
2026-04-25 03:36:26,373 - INFO - evaluate_detections -   MCC=0.243 [0.167, 0.314], Sens=0.934, Spec=0.244
2026-04-25 03:36:26,375 - INFO - __main__ - [38/264] h11-pvd-flash-high-text-n5 t=9 done
2026-04-25 03:36:26,527 - INFO - evaluate_detections -   MCC=-0.026 [-0.107, 0.065], Sens=0.987, Spec=0.008
2026-04-25 03:36:26,531 - INFO - __main__ - [39/264] h11-pvd-flash-high-text-n5 t=1 done
2026-04-25 03:36:29,693 - INFO - evaluate_detections -   100m: F1=0.586 [0.529, 0.633], P=0.424 [0.368, 0.475], R=0.949 [0.925, 0.974]
2026-04-25 03:36:29,701 - INFO - evaluate_detections -   100m: F1=0.526 [0.470, 0.575], P=0.362 [0.311, 0.409], R=0.966 [0.947, 0.983]
2026-04-25 03:36:29,782 - INFO - evaluate_detections -   100m: F1=0.558 [0.501, 0.609], P=0.393 [0.339, 0.443], R=0.966 [0.947, 0.983]
2026-04-25 03:36:30,070 - INFO - evaluate_detections -   100m: F1=0.614 [0.557, 0.662], P=0.454 [0.395, 0.507], R=0.947 [0.922, 0.972]
2026-04-25 03:36:30,465 - INFO - evaluate_detections -   100m: F1=0.668 [0.614, 0.713], P=0.518 [0.458, 0.573], R=0.940 [0.915, 0.963]
2026-04-25 03:36:30,496 - INFO - evaluate_detections -   MCC=0.311 [0.238, 0.385], Sens=0.917, Spec=0.341
2026-04-25 03:36:30,497 - INFO - __main__ - [40/264] h11-pvd-flash-high-text-n5 t=12 done
2026-04-25 03:36:30,545 - INFO - evaluate_detections -   MCC=0.279 [0.204, 0.350], Sens=0.930, Spec=0.287
2026-04-25 03:36:30,546 - INFO - __main__ - [41/264] h11-pvd-flash-high-text-n5 t=10 done
2026-04-25 03:36:30,593 - INFO - evaluate_detections -   MCC=0.296 [0.218, 0.368], Sens=0.921, Spec=0.318
2026-04-25 03:36:30,594 - INFO - __main__ - [42/264] h11-pvd-flash-high-text-n5 t=11 done
2026-04-25 03:36:30,595 - INFO - evaluate_detections -   100m: F1=0.640 [0.582, 0.685], P=0.484 [0.423, 0.536], R=0.945 [0.920, 0.968]
2026-04-25 03:36:30,867 - INFO - evaluate_detections -   MCC=0.328 [0.254, 0.401], Sens=0.908, Spec=0.372
2026-04-25 03:36:30,868 - INFO - __main__ - [43/264] h11-pvd-flash-high-text-n5 t=13 done
2026-04-25 03:36:31,282 - INFO - evaluate_detections -   MCC=0.386 [0.309, 0.457], Sens=0.900, Spec=0.450
2026-04-25 03:36:31,284 - INFO - __main__ - [44/264] h11-pvd-flash-high-text-n5 t=15 done
2026-04-25 03:36:31,414 - INFO - evaluate_detections -   MCC=0.350 [0.274, 0.420], Sens=0.904, Spec=0.403
2026-04-25 03:36:31,415 - INFO - __main__ - [45/264] h11-pvd-flash-high-text-n5 t=14 done
2026-04-25 03:36:31,891 - INFO - evaluate_detections -   20m: F1=0.675 [0.626, 0.719], P=0.539 [0.481, 0.594], R=0.903 [0.873, 0.933]
2026-04-25 03:36:32,164 - INFO - evaluate_detections -   20m: F1=0.700 [0.650, 0.740], P=0.573 [0.513, 0.627], R=0.899 [0.867, 0.930]
2026-04-25 03:36:36,010 - INFO - evaluate_detections -   20m: F1=0.742 [0.697, 0.779], P=0.653 [0.593, 0.709], R=0.857 [0.822, 0.893]
2026-04-25 03:36:36,033 - INFO - evaluate_detections -   20m: F1=0.727 [0.681, 0.766], P=0.624 [0.565, 0.679], R=0.871 [0.838, 0.905]
2026-04-25 03:36:36,034 - INFO - evaluate_detections -   20m: F1=0.713 [0.665, 0.752], P=0.600 [0.540, 0.655], R=0.878 [0.845, 0.911]
2026-04-25 03:36:36,287 - INFO - evaluate_detections -   20m: F1=0.758 [0.715, 0.793], P=0.687 [0.626, 0.740], R=0.846 [0.807, 0.884]
2026-04-25 03:36:36,682 - INFO - evaluate_detections -   20m: F1=0.775 [0.734, 0.810], P=0.718 [0.660, 0.769], R=0.841 [0.803, 0.879]
2026-04-25 03:36:36,944 - INFO - evaluate_detections -   20m: F1=0.780 [0.740, 0.814], P=0.735 [0.680, 0.785], R=0.830 [0.789, 0.870]
2026-04-25 03:36:37,432 - INFO - evaluate_detections -   30m: F1=0.691 [0.641, 0.734], P=0.551 [0.492, 0.607], R=0.924 [0.898, 0.951]
2026-04-25 03:36:37,837 - INFO - evaluate_detections -   30m: F1=0.716 [0.667, 0.757], P=0.587 [0.527, 0.643], R=0.920 [0.892, 0.948]
2026-04-25 03:36:41,414 - INFO - evaluate_detections -   30m: F1=0.757 [0.713, 0.793], P=0.667 [0.606, 0.721], R=0.876 [0.844, 0.907]
2026-04-25 03:36:41,429 - INFO - evaluate_detections -   30m: F1=0.743 [0.696, 0.781], P=0.638 [0.576, 0.693], R=0.890 [0.860, 0.919]
2026-04-25 03:36:41,523 - INFO - evaluate_detections -   30m: F1=0.728 [0.680, 0.768], P=0.612 [0.551, 0.669], R=0.897 [0.867, 0.925]
2026-04-25 03:36:41,652 - INFO - evaluate_detections -   30m: F1=0.774 [0.733, 0.809], P=0.701 [0.642, 0.757], R=0.864 [0.829, 0.898]
2026-04-25 03:36:42,084 - INFO - evaluate_detections -   30m: F1=0.792 [0.753, 0.826], P=0.733 [0.674, 0.785], R=0.860 [0.824, 0.894]
2026-04-25 03:36:42,492 - INFO - evaluate_detections -   30m: F1=0.795 [0.758, 0.828], P=0.749 [0.695, 0.800], R=0.846 [0.807, 0.883]
2026-04-25 03:36:43,198 - INFO - evaluate_detections -   40m: F1=0.691 [0.641, 0.734], P=0.551 [0.492, 0.607], R=0.924 [0.898, 0.951]
2026-04-25 03:36:43,401 - INFO - evaluate_detections -   40m: F1=0.716 [0.667, 0.757], P=0.587 [0.527, 0.643], R=0.920 [0.892, 0.948]
2026-04-25 03:36:46,853 - INFO - evaluate_detections -   40m: F1=0.743 [0.696, 0.781], P=0.638 [0.576, 0.693], R=0.890 [0.860, 0.919]
2026-04-25 03:36:46,886 - INFO - evaluate_detections -   40m: F1=0.757 [0.713, 0.793], P=0.667 [0.606, 0.721], R=0.876 [0.844, 0.907]
2026-04-25 03:36:46,972 - INFO - evaluate_detections -   40m: F1=0.728 [0.680, 0.768], P=0.612 [0.551, 0.669], R=0.897 [0.867, 0.925]
2026-04-25 03:36:46,992 - INFO - evaluate_detections -   40m: F1=0.774 [0.733, 0.809], P=0.701 [0.642, 0.757], R=0.864 [0.829, 0.898]
2026-04-25 03:36:47,579 - INFO - evaluate_detections -   40m: F1=0.792 [0.753, 0.826], P=0.733 [0.674, 0.785], R=0.860 [0.824, 0.894]
2026-04-25 03:36:47,826 - INFO - evaluate_detections -   40m: F1=0.795 [0.758, 0.828], P=0.749 [0.695, 0.800], R=0.846 [0.807, 0.883]
2026-04-25 03:36:48,788 - INFO - evaluate_detections -   50m: F1=0.691 [0.641, 0.734], P=0.551 [0.492, 0.607], R=0.924 [0.898, 0.951]
2026-04-25 03:36:49,113 - INFO - evaluate_detections -   50m: F1=0.716 [0.667, 0.757], P=0.587 [0.527, 0.643], R=0.920 [0.892, 0.948]
2026-04-25 03:36:52,278 - INFO - evaluate_detections -   50m: F1=0.757 [0.713, 0.793], P=0.667 [0.606, 0.721], R=0.876 [0.844, 0.907]
2026-04-25 03:36:52,293 - INFO - evaluate_detections -   50m: F1=0.743 [0.696, 0.781], P=0.638 [0.576, 0.693], R=0.890 [0.860, 0.919]
2026-04-25 03:36:52,315 - INFO - evaluate_detections -   50m: F1=0.774 [0.733, 0.809], P=0.701 [0.642, 0.757], R=0.864 [0.829, 0.898]
2026-04-25 03:36:52,636 - INFO - evaluate_detections -   50m: F1=0.728 [0.680, 0.768], P=0.612 [0.551, 0.669], R=0.897 [0.867, 0.925]
2026-04-25 03:36:52,908 - INFO - evaluate_detections -   50m: F1=0.792 [0.753, 0.826], P=0.733 [0.674, 0.785], R=0.860 [0.824, 0.894]
2026-04-25 03:36:53,115 - INFO - evaluate_detections -   50m: F1=0.795 [0.758, 0.828], P=0.749 [0.695, 0.800], R=0.846 [0.807, 0.883]
2026-04-25 03:36:54,516 - INFO - evaluate_detections -   100m: F1=0.694 [0.642, 0.738], P=0.554 [0.494, 0.610], R=0.929 [0.902, 0.955]
2026-04-25 03:36:54,614 - INFO - evaluate_detections -   100m: F1=0.720 [0.669, 0.760], P=0.589 [0.529, 0.645], R=0.924 [0.896, 0.950]
2026-04-25 03:36:55,350 - INFO - evaluate_detections -   MCC=0.389 [0.309, 0.463], Sens=0.878, Spec=0.484
2026-04-25 03:36:55,352 - INFO - __main__ - [46/264] h11-pvd-flash-high-text-n5 t=16 done
2026-04-25 03:36:55,413 - INFO - evaluate_detections -   MCC=0.422 [0.337, 0.497], Sens=0.873, Spec=0.527
2026-04-25 03:36:55,414 - INFO - __main__ - [47/264] h11-pvd-flash-high-text-n5 t=17 done
2026-04-25 03:36:57,637 - INFO - evaluate_detections -   100m: F1=0.761 [0.717, 0.798], P=0.671 [0.609, 0.726], R=0.880 [0.848, 0.911]
2026-04-25 03:36:57,676 - INFO - evaluate_detections -   100m: F1=0.779 [0.737, 0.814], P=0.705 [0.645, 0.759], R=0.869 [0.834, 0.903]
2026-04-25 03:36:57,747 - INFO - evaluate_detections -   100m: F1=0.749 [0.701, 0.787], P=0.643 [0.580, 0.698], R=0.897 [0.867, 0.925]
2026-04-25 03:36:58,199 - INFO - evaluate_detections -   100m: F1=0.733 [0.684, 0.772], P=0.617 [0.555, 0.673], R=0.903 [0.873, 0.932]
2026-04-25 03:36:58,385 - INFO - evaluate_detections -   100m: F1=0.794 [0.754, 0.828], P=0.735 [0.677, 0.787], R=0.862 [0.827, 0.896]
2026-04-25 03:36:58,425 - INFO - evaluate_detections -   MCC=0.488 [0.413, 0.563], Sens=0.852, Spec=0.628
2026-04-25 03:36:58,427 - INFO - __main__ - [48/264] h11-pvd-flash-high-text-n5 t=20 done
2026-04-25 03:36:58,459 - INFO - evaluate_detections -   MCC=0.521 [0.449, 0.596], Sens=0.843, Spec=0.674
2026-04-25 03:36:58,460 - INFO - __main__ - [49/264] h11-pvd-flash-high-text-n5 t=21 done
2026-04-25 03:36:58,473 - INFO - evaluate_detections -   100m: F1=0.795 [0.758, 0.828], P=0.749 [0.695, 0.800], R=0.846 [0.807, 0.883]
2026-04-25 03:36:58,536 - INFO - evaluate_detections -   MCC=0.468 [0.390, 0.539], Sens=0.865, Spec=0.589
2026-04-25 03:36:58,538 - INFO - __main__ - [50/264] h11-pvd-flash-high-text-n5 t=19 done
2026-04-25 03:36:58,988 - INFO - evaluate_detections -   MCC=0.450 [0.369, 0.524], Sens=0.873, Spec=0.558
2026-04-25 03:36:58,989 - INFO - __main__ - [51/264] h11-pvd-flash-high-text-n5 t=18 done
2026-04-25 03:36:59,196 - INFO - evaluate_detections -   MCC=0.541 [0.469, 0.616], Sens=0.834, Spec=0.705
2026-04-25 03:36:59,197 - INFO - __main__ - [52/264] h11-pvd-flash-high-text-n5 t=22 done
2026-04-25 03:36:59,248 - INFO - evaluate_detections -   MCC=0.552 [0.478, 0.624], Sens=0.834, Spec=0.717
2026-04-25 03:36:59,249 - INFO - __main__ - [53/264] h11-pvd-flash-high-text-n5 t=23 done
2026-04-25 03:37:00,678 - INFO - evaluate_detections -   20m: F1=0.788 [0.749, 0.820], P=0.759 [0.704, 0.806], R=0.818 [0.776, 0.860]
2026-04-25 03:37:00,804 - INFO - evaluate_detections -   20m: F1=0.801 [0.766, 0.835], P=0.796 [0.745, 0.838], R=0.807 [0.765, 0.853]
2026-04-25 03:37:03,693 - INFO - evaluate_detections -   20m: F1=0.805 [0.768, 0.838], P=0.851 [0.807, 0.889], R=0.763 [0.717, 0.809]
2026-04-25 03:37:03,711 - INFO - evaluate_detections -   20m: F1=0.814 [0.779, 0.846], P=0.834 [0.788, 0.874], R=0.795 [0.753, 0.840]
2026-04-25 03:37:03,744 - INFO - evaluate_detections -   20m: F1=0.802 [0.765, 0.839], P=0.884 [0.843, 0.919], R=0.733 [0.681, 0.786]
2026-04-25 03:37:04,218 - INFO - evaluate_detections -   20m: F1=0.787 [0.747, 0.827], P=0.917 [0.883, 0.946], R=0.690 [0.635, 0.743]
2026-04-25 03:37:04,484 - INFO - evaluate_detections -   20m: F1=0.695 [0.640, 0.745], P=0.938 [0.904, 0.967], R=0.552 [0.490, 0.614]
2026-04-25 03:37:06,036 - INFO - evaluate_detections -   30m: F1=0.803 [0.766, 0.836], P=0.774 [0.719, 0.822], R=0.834 [0.794, 0.873]
2026-04-25 03:37:06,137 - INFO - evaluate_detections -   30m: F1=0.815 [0.781, 0.848], P=0.810 [0.758, 0.852], R=0.821 [0.779, 0.864]
2026-04-25 03:37:06,228 - INFO - evaluate_detections -   20m: F1=0.252 [0.207, 0.297], P=0.146 [0.116, 0.177], R=0.933 [0.908, 0.956]
2026-04-25 03:37:08,893 - INFO - evaluate_detections -   30m: F1=0.817 [0.782, 0.849], P=0.864 [0.822, 0.903], R=0.775 [0.727, 0.821]
2026-04-25 03:37:09,054 - INFO - evaluate_detections -   30m: F1=0.826 [0.793, 0.857], P=0.846 [0.801, 0.887], R=0.807 [0.763, 0.850]
2026-04-25 03:37:09,068 - INFO - evaluate_detections -   30m: F1=0.814 [0.776, 0.851], P=0.898 [0.858, 0.932], R=0.745 [0.692, 0.795]
2026-04-25 03:37:09,402 - INFO - evaluate_detections -   30m: F1=0.798 [0.758, 0.837], P=0.930 [0.898, 0.957], R=0.699 [0.644, 0.753]
2026-04-25 03:37:09,555 - INFO - evaluate_detections -   30m: F1=0.700 [0.648, 0.748], P=0.945 [0.913, 0.974], R=0.556 [0.496, 0.617]
2026-04-25 03:37:11,316 - INFO - evaluate_detections -   40m: F1=0.803 [0.766, 0.836], P=0.774 [0.719, 0.822], R=0.834 [0.794, 0.873]
2026-04-25 03:37:11,486 - INFO - evaluate_detections -   40m: F1=0.815 [0.781, 0.848], P=0.810 [0.758, 0.852], R=0.821 [0.779, 0.864]
2026-04-25 03:37:13,230 - INFO - evaluate_detections -   30m: F1=0.255 [0.209, 0.301], P=0.147 [0.118, 0.179], R=0.945 [0.921, 0.966]
2026-04-25 03:37:14,123 - INFO - evaluate_detections -   40m: F1=0.817 [0.782, 0.849], P=0.864 [0.822, 0.903], R=0.775 [0.727, 0.821]
2026-04-25 03:37:14,414 - INFO - evaluate_detections -   40m: F1=0.826 [0.793, 0.857], P=0.846 [0.801, 0.887], R=0.807 [0.763, 0.850]
2026-04-25 03:37:14,492 - INFO - evaluate_detections -   40m: F1=0.814 [0.776, 0.851], P=0.898 [0.858, 0.932], R=0.745 [0.692, 0.795]
2026-04-25 03:37:14,580 - INFO - evaluate_detections -   40m: F1=0.798 [0.758, 0.837], P=0.930 [0.898, 0.957], R=0.699 [0.644, 0.753]
2026-04-25 03:37:14,624 - INFO - evaluate_detections -   40m: F1=0.700 [0.648, 0.748], P=0.945 [0.913, 0.974], R=0.556 [0.496, 0.617]
2026-04-25 03:37:16,579 - INFO - evaluate_detections -   50m: F1=0.803 [0.766, 0.836], P=0.774 [0.719, 0.822], R=0.834 [0.794, 0.873]
2026-04-25 03:37:16,822 - INFO - evaluate_detections -   50m: F1=0.815 [0.781, 0.848], P=0.810 [0.758, 0.852], R=0.821 [0.779, 0.864]
2026-04-25 03:37:19,370 - INFO - evaluate_detections -   50m: F1=0.817 [0.782, 0.849], P=0.864 [0.822, 0.903], R=0.775 [0.727, 0.821]
2026-04-25 03:37:19,640 - INFO - evaluate_detections -   50m: F1=0.826 [0.793, 0.857], P=0.846 [0.801, 0.887], R=0.807 [0.763, 0.850]
2026-04-25 03:37:19,697 - INFO - evaluate_detections -   50m: F1=0.700 [0.648, 0.748], P=0.945 [0.913, 0.974], R=0.556 [0.496, 0.617]
2026-04-25 03:37:19,923 - INFO - evaluate_detections -   50m: F1=0.814 [0.776, 0.851], P=0.898 [0.858, 0.932], R=0.745 [0.692, 0.795]
2026-04-25 03:37:19,980 - INFO - evaluate_detections -   50m: F1=0.798 [0.758, 0.837], P=0.930 [0.898, 0.957], R=0.699 [0.644, 0.753]
2026-04-25 03:37:20,042 - INFO - evaluate_detections -   40m: F1=0.257 [0.212, 0.303], P=0.148 [0.119, 0.180], R=0.952 [0.930, 0.972]
2026-04-25 03:37:21,845 - INFO - evaluate_detections -   100m: F1=0.803 [0.766, 0.836], P=0.774 [0.719, 0.822], R=0.834 [0.794, 0.873]
2026-04-25 03:37:22,177 - INFO - evaluate_detections -   100m: F1=0.815 [0.781, 0.848], P=0.810 [0.758, 0.852], R=0.821 [0.779, 0.864]
2026-04-25 03:37:22,624 - INFO - evaluate_detections -   MCC=0.556 [0.480, 0.627], Sens=0.817, Spec=0.740
2026-04-25 03:37:22,625 - INFO - __main__ - [54/264] h11-pvd-flash-high-text-n5 t=24 done
2026-04-25 03:37:22,964 - INFO - evaluate_detections -   MCC=0.593 [0.517, 0.664], Sens=0.803, Spec=0.791
2026-04-25 03:37:22,965 - INFO - __main__ - [55/264] h11-pvd-flash-high-text-n5 t=25 done
2026-04-25 03:37:24,591 - INFO - evaluate_detections -   100m: F1=0.817 [0.782, 0.849], P=0.864 [0.822, 0.903], R=0.775 [0.727, 0.821]
2026-04-25 03:37:24,813 - INFO - evaluate_detections -   100m: F1=0.700 [0.648, 0.748], P=0.945 [0.913, 0.974], R=0.556 [0.496, 0.617]
2026-04-25 03:37:25,066 - INFO - evaluate_detections -   100m: F1=0.826 [0.793, 0.857], P=0.846 [0.801, 0.887], R=0.807 [0.763, 0.850]
2026-04-25 03:37:25,127 - INFO - evaluate_detections -   100m: F1=0.814 [0.776, 0.851], P=0.898 [0.858, 0.932], R=0.745 [0.692, 0.795]
2026-04-25 03:37:25,215 - INFO - evaluate_detections -   100m: F1=0.798 [0.758, 0.837], P=0.930 [0.898, 0.957], R=0.699 [0.644, 0.753]
2026-04-25 03:37:25,364 - INFO - evaluate_detections -   MCC=0.630 [0.559, 0.699], Sens=0.747, Spec=0.876
2026-04-25 03:37:25,365 - INFO - __main__ - [56/264] h11-pvd-flash-high-text-n5 t=27 done
2026-04-25 03:37:25,588 - INFO - evaluate_detections -   MCC=0.583 [0.517, 0.641], Sens=0.568, Spec=0.961
2026-04-25 03:37:25,589 - INFO - __main__ - [57/264] h11-pvd-flash-high-text-n5 t=30 done
2026-04-25 03:37:25,878 - INFO - evaluate_detections -   MCC=0.620 [0.549, 0.691], Sens=0.777, Spec=0.841
2026-04-25 03:37:25,879 - INFO - __main__ - [58/264] h11-pvd-flash-high-text-n5 t=26 done
2026-04-25 03:37:25,899 - INFO - evaluate_detections -   MCC=0.656 [0.588, 0.718], Sens=0.725, Spec=0.915
2026-04-25 03:37:25,900 - INFO - __main__ - [59/264] h11-pvd-flash-high-text-n5 t=28 done
2026-04-25 03:37:26,020 - INFO - evaluate_detections -   MCC=0.668 [0.607, 0.727], Sens=0.694, Spec=0.946
2026-04-25 03:37:26,021 - INFO - __main__ - [60/264] h11-pvd-flash-high-text-n5 t=29 done
2026-04-25 03:37:26,943 - INFO - evaluate_detections -   50m: F1=0.257 [0.212, 0.303], P=0.148 [0.119, 0.180], R=0.952 [0.930, 0.972]
2026-04-25 03:37:28,987 - INFO - evaluate_detections -   20m: F1=0.348 [0.294, 0.400], P=0.214 [0.174, 0.254], R=0.929 [0.904, 0.952]
2026-04-25 03:37:29,134 - INFO - evaluate_detections -   20m: F1=0.396 [0.339, 0.449], P=0.252 [0.208, 0.298], R=0.920 [0.893, 0.945]
2026-04-25 03:37:31,330 - INFO - evaluate_detections -   20m: F1=0.432 [0.373, 0.488], P=0.282 [0.235, 0.332], R=0.920 [0.893, 0.945]
2026-04-25 03:37:31,499 - INFO - evaluate_detections -   20m: F1=0.454 [0.396, 0.509], P=0.301 [0.253, 0.352], R=0.917 [0.890, 0.944]
2026-04-25 03:37:31,700 - INFO - evaluate_detections -   20m: F1=0.486 [0.426, 0.541], P=0.331 [0.278, 0.384], R=0.913 [0.885, 0.940]
2026-04-25 03:37:32,026 - INFO - evaluate_detections -   20m: F1=0.470 [0.411, 0.525], P=0.316 [0.266, 0.368], R=0.913 [0.885, 0.940]
2026-04-25 03:37:32,101 - INFO - evaluate_detections -   20m: F1=0.501 [0.439, 0.556], P=0.346 [0.291, 0.399], R=0.913 [0.885, 0.940]
2026-04-25 03:37:33,690 - INFO - evaluate_detections -   100m: F1=0.257 [0.213, 0.304], P=0.149 [0.120, 0.181], R=0.954 [0.932, 0.975]
2026-04-25 03:37:34,557 - INFO - evaluate_detections -   MCC=0.004 [-0.085, 0.090], Sens=0.948, Spec=0.054
2026-04-25 03:37:34,559 - INFO - __main__ - [61/264] h11-pvd-flash-minimal-text-n30-t07 t=1 done
2026-04-25 03:37:35,174 - INFO - evaluate_detections -   30m: F1=0.351 [0.297, 0.403], P=0.216 [0.177, 0.257], R=0.938 [0.914, 0.961]
2026-04-25 03:37:35,270 - INFO - evaluate_detections -   30m: F1=0.400 [0.342, 0.456], P=0.255 [0.210, 0.301], R=0.929 [0.902, 0.954]
2026-04-25 03:37:37,340 - INFO - evaluate_detections -   30m: F1=0.437 [0.378, 0.493], P=0.285 [0.238, 0.336], R=0.929 [0.902, 0.954]
2026-04-25 03:37:37,435 - INFO - evaluate_detections -   30m: F1=0.458 [0.399, 0.515], P=0.304 [0.255, 0.357], R=0.926 [0.900, 0.951]
2026-04-25 03:37:37,498 - INFO - evaluate_detections -   30m: F1=0.492 [0.432, 0.548], P=0.335 [0.282, 0.390], R=0.924 [0.897, 0.949]
2026-04-25 03:37:37,895 - INFO - evaluate_detections -   30m: F1=0.508 [0.447, 0.564], P=0.350 [0.295, 0.405], R=0.924 [0.897, 0.949]
2026-04-25 03:37:38,062 - INFO - evaluate_detections -   30m: F1=0.475 [0.416, 0.532], P=0.320 [0.270, 0.374], R=0.924 [0.897, 0.949]
2026-04-25 03:37:40,301 - INFO - evaluate_detections -   20m: F1=0.514 [0.455, 0.569], P=0.359 [0.305, 0.412], R=0.908 [0.880, 0.935]
2026-04-25 03:37:41,360 - INFO - evaluate_detections -   40m: F1=0.354 [0.300, 0.406], P=0.217 [0.179, 0.258], R=0.945 [0.923, 0.967]
2026-04-25 03:37:41,431 - INFO - evaluate_detections -   40m: F1=0.404 [0.346, 0.460], P=0.257 [0.212, 0.304], R=0.938 [0.914, 0.962]
2026-04-25 03:37:43,308 - INFO - evaluate_detections -   40m: F1=0.495 [0.436, 0.553], P=0.338 [0.284, 0.392], R=0.931 [0.906, 0.955]
2026-04-25 03:37:43,417 - INFO - evaluate_detections -   40m: F1=0.440 [0.382, 0.496], P=0.287 [0.240, 0.338], R=0.936 [0.912, 0.959]
2026-04-25 03:37:43,478 - INFO - evaluate_detections -   40m: F1=0.462 [0.404, 0.519], P=0.307 [0.257, 0.359], R=0.933 [0.907, 0.957]
2026-04-25 03:37:43,705 - INFO - evaluate_detections -   40m: F1=0.511 [0.451, 0.568], P=0.352 [0.299, 0.408], R=0.931 [0.906, 0.955]
2026-04-25 03:37:44,004 - INFO - evaluate_detections -   40m: F1=0.479 [0.420, 0.535], P=0.322 [0.271, 0.376], R=0.931 [0.906, 0.955]
2026-04-25 03:37:46,021 - INFO - evaluate_detections -   30m: F1=0.521 [0.461, 0.576], P=0.363 [0.308, 0.418], R=0.920 [0.893, 0.945]
2026-04-25 03:37:47,551 - INFO - evaluate_detections -   50m: F1=0.354 [0.300, 0.406], P=0.217 [0.179, 0.258], R=0.945 [0.923, 0.967]
2026-04-25 03:37:47,839 - INFO - evaluate_detections -   50m: F1=0.404 [0.346, 0.460], P=0.257 [0.212, 0.304], R=0.938 [0.914, 0.962]
2026-04-25 03:37:49,100 - INFO - evaluate_detections -   50m: F1=0.495 [0.436, 0.553], P=0.338 [0.284, 0.392], R=0.931 [0.906, 0.955]
2026-04-25 03:37:49,398 - INFO - evaluate_detections -   50m: F1=0.440 [0.382, 0.496], P=0.287 [0.240, 0.338], R=0.936 [0.912, 0.959]
2026-04-25 03:37:49,509 - INFO - evaluate_detections -   50m: F1=0.511 [0.451, 0.568], P=0.352 [0.299, 0.408], R=0.931 [0.906, 0.955]
2026-04-25 03:37:49,583 - INFO - evaluate_detections -   50m: F1=0.462 [0.404, 0.519], P=0.307 [0.257, 0.359], R=0.933 [0.907, 0.957]
2026-04-25 03:37:49,923 - INFO - evaluate_detections -   50m: F1=0.479 [0.420, 0.535], P=0.322 [0.271, 0.376], R=0.931 [0.906, 0.955]
2026-04-25 03:37:51,719 - INFO - evaluate_detections -   40m: F1=0.525 [0.466, 0.579], P=0.366 [0.312, 0.421], R=0.926 [0.902, 0.951]
2026-04-25 03:37:53,754 - INFO - evaluate_detections -   100m: F1=0.354 [0.301, 0.408], P=0.218 [0.179, 0.260], R=0.947 [0.925, 0.970]
2026-04-25 03:37:54,280 - INFO - evaluate_detections -   100m: F1=0.406 [0.348, 0.462], P=0.259 [0.214, 0.306], R=0.943 [0.920, 0.965]
2026-04-25 03:37:54,593 - INFO - evaluate_detections -   MCC=0.001 [-0.085, 0.089], Sens=0.934, Spec=0.066
2026-04-25 03:37:54,595 - INFO - __main__ - [62/264] h11-pvd-flash-minimal-text-n30-t07 t=2 done
2026-04-25 03:37:54,868 - INFO - evaluate_detections -   100m: F1=0.499 [0.439, 0.557], P=0.340 [0.287, 0.396], R=0.938 [0.914, 0.962]
2026-04-25 03:37:55,157 - INFO - evaluate_detections -   MCC=0.023 [-0.070, 0.111], Sens=0.934, Spec=0.078
2026-04-25 03:37:55,159 - INFO - __main__ - [63/264] h11-pvd-flash-minimal-text-n30-t07 t=3 done
2026-04-25 03:37:55,262 - INFO - evaluate_detections -   100m: F1=0.514 [0.454, 0.571], P=0.354 [0.299, 0.410], R=0.936 [0.911, 0.959]
2026-04-25 03:37:55,381 - INFO - evaluate_detections -   100m: F1=0.443 [0.385, 0.500], P=0.290 [0.243, 0.340], R=0.943 [0.920, 0.965]
2026-04-25 03:37:55,618 - INFO - evaluate_detections -   100m: F1=0.465 [0.407, 0.523], P=0.309 [0.260, 0.361], R=0.940 [0.916, 0.963]
2026-04-25 03:37:55,685 - INFO - evaluate_detections -   MCC=0.067 [-0.020, 0.153], Sens=0.930, Spec=0.109
2026-04-25 03:37:55,687 - INFO - __main__ - [64/264] h11-pvd-flash-minimal-text-n30-t07 t=7 done
2026-04-25 03:37:55,801 - INFO - evaluate_detections -   100m: F1=0.483 [0.423, 0.540], P=0.325 [0.273, 0.379], R=0.938 [0.914, 0.962]
2026-04-25 03:37:56,086 - INFO - evaluate_detections -   MCC=0.067 [-0.020, 0.153], Sens=0.930, Spec=0.109
2026-04-25 03:37:56,087 - INFO - __main__ - [65/264] h11-pvd-flash-minimal-text-n30-t07 t=8 done
2026-04-25 03:37:56,201 - INFO - evaluate_detections -   MCC=0.022 [-0.069, 0.109], Sens=0.930, Spec=0.081
2026-04-25 03:37:56,202 - INFO - __main__ - [66/264] h11-pvd-flash-minimal-text-n30-t07 t=4 done
2026-04-25 03:37:56,434 - INFO - evaluate_detections -   MCC=0.042 [-0.047, 0.127], Sens=0.930, Spec=0.093
2026-04-25 03:37:56,436 - INFO - __main__ - [67/264] h11-pvd-flash-minimal-text-n30-t07 t=5 done
2026-04-25 03:37:56,618 - INFO - evaluate_detections -   MCC=0.049 [-0.038, 0.133], Sens=0.930, Spec=0.097
2026-04-25 03:37:56,620 - INFO - __main__ - [68/264] h11-pvd-flash-minimal-text-n30-t07 t=6 done
2026-04-25 03:37:57,417 - INFO - evaluate_detections -   50m: F1=0.525 [0.466, 0.579], P=0.366 [0.312, 0.421], R=0.926 [0.902, 0.951]
2026-04-25 03:38:00,552 - INFO - evaluate_detections -   20m: F1=0.528 [0.470, 0.583], P=0.373 [0.317, 0.429], R=0.908 [0.880, 0.935]
2026-04-25 03:38:01,182 - INFO - evaluate_detections -   20m: F1=0.539 [0.480, 0.594], P=0.383 [0.328, 0.440], R=0.906 [0.878, 0.933]
2026-04-25 03:38:01,373 - INFO - evaluate_detections -   20m: F1=0.543 [0.485, 0.598], P=0.389 [0.333, 0.446], R=0.901 [0.873, 0.929]
2026-04-25 03:38:01,797 - INFO - evaluate_detections -   20m: F1=0.547 [0.489, 0.603], P=0.394 [0.338, 0.452], R=0.894 [0.862, 0.926]
2026-04-25 03:38:01,903 - INFO - evaluate_detections -   20m: F1=0.553 [0.495, 0.609], P=0.402 [0.345, 0.462], R=0.887 [0.854, 0.919]
2026-04-25 03:38:02,107 - INFO - evaluate_detections -   20m: F1=0.561 [0.504, 0.615], P=0.410 [0.354, 0.470], R=0.887 [0.854, 0.919]
2026-04-25 03:38:02,303 - INFO - evaluate_detections -   20m: F1=0.570 [0.512, 0.625], P=0.420 [0.362, 0.482], R=0.885 [0.853, 0.917]
2026-04-25 03:38:03,182 - INFO - evaluate_detections -   100m: F1=0.527 [0.467, 0.582], P=0.368 [0.313, 0.423], R=0.931 [0.907, 0.955]
2026-04-25 03:38:04,002 - INFO - evaluate_detections -   MCC=0.073 [-0.015, 0.160], Sens=0.930, Spec=0.112
2026-04-25 03:38:04,003 - INFO - __main__ - [69/264] h11-pvd-flash-minimal-text-n30-t07 t=9 done
2026-04-25 03:38:06,315 - INFO - evaluate_detections -   30m: F1=0.535 [0.475, 0.590], P=0.377 [0.321, 0.434], R=0.920 [0.893, 0.945]
2026-04-25 03:38:07,070 - INFO - evaluate_detections -   30m: F1=0.551 [0.492, 0.607], P=0.394 [0.338, 0.452], R=0.915 [0.887, 0.943]
2026-04-25 03:38:07,097 - INFO - evaluate_detections -   30m: F1=0.547 [0.486, 0.602], P=0.389 [0.332, 0.446], R=0.920 [0.893, 0.945]
2026-04-25 03:38:07,568 - INFO - evaluate_detections -   30m: F1=0.556 [0.495, 0.611], P=0.400 [0.342, 0.458], R=0.908 [0.876, 0.940]
2026-04-25 03:38:07,613 - INFO - evaluate_detections -   30m: F1=0.563 [0.504, 0.619], P=0.409 [0.351, 0.468], R=0.903 [0.870, 0.935]
2026-04-25 03:38:07,740 - INFO - evaluate_detections -   30m: F1=0.571 [0.512, 0.626], P=0.418 [0.360, 0.477], R=0.903 [0.870, 0.935]
2026-04-25 03:38:08,031 - INFO - evaluate_detections -   30m: F1=0.578 [0.520, 0.634], P=0.426 [0.368, 0.489], R=0.899 [0.867, 0.931]
2026-04-25 03:38:09,600 - INFO - evaluate_detections -   20m: F1=0.574 [0.517, 0.629], P=0.426 [0.368, 0.487], R=0.883 [0.849, 0.914]
2026-04-25 03:38:11,974 - INFO - evaluate_detections -   40m: F1=0.538 [0.478, 0.593], P=0.379 [0.323, 0.435], R=0.924 [0.898, 0.949]
2026-04-25 03:38:12,753 - INFO - evaluate_detections -   40m: F1=0.554 [0.494, 0.610], P=0.396 [0.340, 0.453], R=0.920 [0.893, 0.946]
2026-04-25 03:38:12,987 - INFO - evaluate_detections -   40m: F1=0.550 [0.489, 0.605], P=0.391 [0.334, 0.448], R=0.924 [0.898, 0.949]
2026-04-25 03:38:13,287 - INFO - evaluate_detections -   40m: F1=0.558 [0.499, 0.615], P=0.402 [0.345, 0.460], R=0.913 [0.881, 0.942]
2026-04-25 03:38:13,290 - INFO - evaluate_detections -   40m: F1=0.566 [0.507, 0.622], P=0.411 [0.353, 0.470], R=0.908 [0.878, 0.938]
2026-04-25 03:38:13,396 - INFO - evaluate_detections -   40m: F1=0.574 [0.516, 0.631], P=0.420 [0.361, 0.480], R=0.908 [0.878, 0.938]
2026-04-25 03:38:13,891 - INFO - evaluate_detections -   40m: F1=0.581 [0.523, 0.638], P=0.429 [0.370, 0.490], R=0.903 [0.872, 0.934]
2026-04-25 03:38:15,197 - INFO - evaluate_detections -   30m: F1=0.583 [0.526, 0.639], P=0.432 [0.373, 0.495], R=0.897 [0.865, 0.929]
2026-04-25 03:38:17,858 - INFO - evaluate_detections -   50m: F1=0.538 [0.478, 0.593], P=0.379 [0.323, 0.435], R=0.924 [0.898, 0.949]
2026-04-25 03:38:18,462 - INFO - evaluate_detections -   50m: F1=0.554 [0.494, 0.610], P=0.396 [0.340, 0.453], R=0.920 [0.893, 0.946]
2026-04-25 03:38:18,927 - INFO - evaluate_detections -   50m: F1=0.566 [0.507, 0.622], P=0.411 [0.353, 0.470], R=0.908 [0.878, 0.938]
2026-04-25 03:38:18,974 - INFO - evaluate_detections -   50m: F1=0.558 [0.499, 0.615], P=0.402 [0.345, 0.460], R=0.913 [0.881, 0.942]
2026-04-25 03:38:18,974 - INFO - evaluate_detections -   50m: F1=0.550 [0.489, 0.605], P=0.391 [0.334, 0.448], R=0.924 [0.898, 0.949]
2026-04-25 03:38:19,096 - INFO - evaluate_detections -   50m: F1=0.574 [0.516, 0.631], P=0.420 [0.361, 0.480], R=0.908 [0.878, 0.938]
2026-04-25 03:38:19,525 - INFO - evaluate_detections -   50m: F1=0.581 [0.523, 0.638], P=0.429 [0.370, 0.490], R=0.903 [0.872, 0.934]
2026-04-25 03:38:20,818 - INFO - evaluate_detections -   40m: F1=0.586 [0.528, 0.643], P=0.435 [0.376, 0.496], R=0.901 [0.870, 0.933]
2026-04-25 03:38:23,790 - INFO - evaluate_detections -   100m: F1=0.540 [0.480, 0.597], P=0.381 [0.324, 0.437], R=0.929 [0.904, 0.953]
2026-04-25 03:38:24,149 - INFO - evaluate_detections -   100m: F1=0.557 [0.497, 0.613], P=0.398 [0.341, 0.457], R=0.924 [0.898, 0.951]
2026-04-25 03:38:24,586 - INFO - evaluate_detections -   100m: F1=0.567 [0.508, 0.623], P=0.412 [0.353, 0.471], R=0.910 [0.881, 0.939]
2026-04-25 03:38:24,637 - INFO - evaluate_detections -   MCC=0.091 [0.004, 0.172], Sens=0.930, Spec=0.124
2026-04-25 03:38:24,638 - INFO - __main__ - [70/264] h11-pvd-flash-minimal-text-n30-t07 t=10 done
2026-04-25 03:38:24,705 - INFO - evaluate_detections -   100m: F1=0.561 [0.501, 0.618], P=0.404 [0.346, 0.463], R=0.917 [0.888, 0.946]
2026-04-25 03:38:24,835 - INFO - evaluate_detections -   100m: F1=0.576 [0.518, 0.631], P=0.421 [0.363, 0.481], R=0.910 [0.881, 0.939]
2026-04-25 03:38:24,862 - INFO - evaluate_detections -   100m: F1=0.552 [0.492, 0.609], P=0.393 [0.336, 0.450], R=0.929 [0.904, 0.953]
2026-04-25 03:38:24,956 - INFO - evaluate_detections -   MCC=0.120 [0.035, 0.200], Sens=0.926, Spec=0.151
2026-04-25 03:38:24,957 - INFO - __main__ - [71/264] h11-pvd-flash-minimal-text-n30-t07 t=12 done
2026-04-25 03:38:25,172 - INFO - evaluate_detections -   100m: F1=0.583 [0.524, 0.639], P=0.430 [0.371, 0.492], R=0.906 [0.876, 0.936]
2026-04-25 03:38:25,390 - INFO - evaluate_detections -   MCC=0.150 [0.066, 0.229], Sens=0.926, Spec=0.174
2026-04-25 03:38:25,392 - INFO - __main__ - [72/264] h11-pvd-flash-minimal-text-n30-t07 t=14 done
2026-04-25 03:38:25,544 - INFO - evaluate_detections -   MCC=0.135 [0.052, 0.215], Sens=0.926, Spec=0.163
2026-04-25 03:38:25,546 - INFO - __main__ - [73/264] h11-pvd-flash-minimal-text-n30-t07 t=13 done
2026-04-25 03:38:25,669 - INFO - evaluate_detections -   MCC=0.152 [0.066, 0.232], Sens=0.921, Spec=0.182
2026-04-25 03:38:25,670 - INFO - __main__ - [74/264] h11-pvd-flash-minimal-text-n30-t07 t=15 done
2026-04-25 03:38:25,678 - INFO - evaluate_detections -   MCC=0.102 [0.017, 0.182], Sens=0.930, Spec=0.132
2026-04-25 03:38:25,680 - INFO - __main__ - [75/264] h11-pvd-flash-minimal-text-n30-t07 t=11 done
2026-04-25 03:38:25,974 - INFO - evaluate_detections -   MCC=0.172 [0.089, 0.253], Sens=0.917, Spec=0.205
2026-04-25 03:38:25,975 - INFO - __main__ - [76/264] h11-pvd-flash-minimal-text-n30-t07 t=16 done
2026-04-25 03:38:26,380 - INFO - evaluate_detections -   50m: F1=0.586 [0.528, 0.643], P=0.435 [0.376, 0.496], R=0.901 [0.870, 0.933]
2026-04-25 03:38:30,205 - INFO - evaluate_detections -   20m: F1=0.580 [0.519, 0.635], P=0.434 [0.373, 0.495], R=0.874 [0.838, 0.907]
2026-04-25 03:38:30,540 - INFO - evaluate_detections -   20m: F1=0.584 [0.526, 0.640], P=0.441 [0.381, 0.504], R=0.867 [0.833, 0.900]
2026-04-25 03:38:31,016 - INFO - evaluate_detections -   20m: F1=0.595 [0.536, 0.650], P=0.453 [0.392, 0.517], R=0.867 [0.833, 0.900]
2026-04-25 03:38:31,184 - INFO - evaluate_detections -   20m: F1=0.606 [0.548, 0.661], P=0.467 [0.405, 0.533], R=0.862 [0.825, 0.896]
2026-04-25 03:38:31,377 - INFO - evaluate_detections -   20m: F1=0.610 [0.553, 0.666], P=0.475 [0.413, 0.539], R=0.853 [0.816, 0.888]
2026-04-25 03:38:31,488 - INFO - evaluate_detections -   20m: F1=0.623 [0.569, 0.676], P=0.497 [0.434, 0.563], R=0.834 [0.798, 0.870]
2026-04-25 03:38:31,566 - INFO - evaluate_detections -   20m: F1=0.618 [0.563, 0.672], P=0.487 [0.425, 0.553], R=0.844 [0.807, 0.879]
2026-04-25 03:38:31,928 - INFO - evaluate_detections -   100m: F1=0.588 [0.529, 0.643], P=0.436 [0.377, 0.497], R=0.903 [0.874, 0.934]
2026-04-25 03:38:32,731 - INFO - evaluate_detections -   MCC=0.181 [0.098, 0.261], Sens=0.917, Spec=0.213
2026-04-25 03:38:32,732 - INFO - __main__ - [77/264] h11-pvd-flash-minimal-text-n30-t07 t=17 done
2026-04-25 03:38:35,760 - INFO - evaluate_detections -   30m: F1=0.589 [0.530, 0.645], P=0.441 [0.379, 0.503], R=0.887 [0.853, 0.920]
2026-04-25 03:38:36,109 - INFO - evaluate_detections -   30m: F1=0.594 [0.536, 0.650], P=0.448 [0.387, 0.511], R=0.880 [0.847, 0.912]
2026-04-25 03:38:36,561 - INFO - evaluate_detections -   30m: F1=0.604 [0.547, 0.660], P=0.460 [0.397, 0.523], R=0.880 [0.847, 0.912]
2026-04-25 03:38:36,724 - INFO - evaluate_detections -   30m: F1=0.614 [0.558, 0.669], P=0.473 [0.411, 0.538], R=0.874 [0.839, 0.907]
2026-04-25 03:38:36,971 - INFO - evaluate_detections -   30m: F1=0.632 [0.577, 0.684], P=0.504 [0.440, 0.570], R=0.846 [0.812, 0.881]
2026-04-25 03:38:37,164 - INFO - evaluate_detections -   30m: F1=0.617 [0.561, 0.671], P=0.480 [0.417, 0.545], R=0.862 [0.825, 0.897]
2026-04-25 03:38:37,205 - INFO - evaluate_detections -   30m: F1=0.626 [0.571, 0.679], P=0.494 [0.431, 0.559], R=0.855 [0.819, 0.890]
2026-04-25 03:38:38,438 - INFO - evaluate_detections -   20m: F1=0.630 [0.575, 0.683], P=0.510 [0.446, 0.578], R=0.823 [0.785, 0.861]
2026-04-25 03:38:41,306 - INFO - evaluate_detections -   40m: F1=0.590 [0.531, 0.646], P=0.442 [0.380, 0.504], R=0.890 [0.855, 0.922]
2026-04-25 03:38:41,661 - INFO - evaluate_detections -   40m: F1=0.595 [0.537, 0.651], P=0.449 [0.388, 0.512], R=0.883 [0.849, 0.915]
2026-04-25 03:38:42,100 - INFO - evaluate_detections -   40m: F1=0.606 [0.548, 0.660], P=0.461 [0.399, 0.525], R=0.883 [0.849, 0.915]
2026-04-25 03:38:42,373 - INFO - evaluate_detections -   40m: F1=0.616 [0.559, 0.670], P=0.474 [0.412, 0.539], R=0.876 [0.841, 0.909]
2026-04-25 03:38:42,497 - INFO - evaluate_detections -   40m: F1=0.633 [0.579, 0.685], P=0.505 [0.441, 0.571], R=0.848 [0.814, 0.883]
2026-04-25 03:38:42,783 - INFO - evaluate_detections -   40m: F1=0.628 [0.573, 0.680], P=0.495 [0.431, 0.560], R=0.857 [0.822, 0.891]
2026-04-25 03:38:42,923 - INFO - evaluate_detections -   40m: F1=0.618 [0.563, 0.672], P=0.481 [0.419, 0.547], R=0.864 [0.829, 0.899]
2026-04-25 03:38:44,012 - INFO - evaluate_detections -   30m: F1=0.639 [0.583, 0.691], P=0.517 [0.453, 0.584], R=0.834 [0.797, 0.872]
2026-04-25 03:38:46,836 - INFO - evaluate_detections -   50m: F1=0.590 [0.531, 0.646], P=0.442 [0.380, 0.504], R=0.890 [0.855, 0.922]
2026-04-25 03:38:47,398 - INFO - evaluate_detections -   50m: F1=0.595 [0.537, 0.651], P=0.449 [0.388, 0.512], R=0.883 [0.849, 0.915]
2026-04-25 03:38:47,657 - INFO - evaluate_detections -   50m: F1=0.606 [0.548, 0.660], P=0.461 [0.399, 0.525], R=0.883 [0.849, 0.915]
2026-04-25 03:38:48,005 - INFO - evaluate_detections -   50m: F1=0.616 [0.559, 0.670], P=0.474 [0.412, 0.539], R=0.876 [0.841, 0.909]
2026-04-25 03:38:48,037 - INFO - evaluate_detections -   50m: F1=0.633 [0.579, 0.685], P=0.505 [0.441, 0.571], R=0.848 [0.814, 0.883]
2026-04-25 03:38:48,351 - INFO - evaluate_detections -   50m: F1=0.628 [0.573, 0.680], P=0.495 [0.431, 0.560], R=0.857 [0.822, 0.891]
2026-04-25 03:38:48,701 - INFO - evaluate_detections -   50m: F1=0.618 [0.563, 0.672], P=0.481 [0.419, 0.547], R=0.864 [0.829, 0.899]
2026-04-25 03:38:49,478 - INFO - evaluate_detections -   40m: F1=0.639 [0.583, 0.691], P=0.517 [0.453, 0.584], R=0.834 [0.797, 0.872]
2026-04-25 03:38:52,383 - INFO - evaluate_detections -   100m: F1=0.592 [0.533, 0.648], P=0.443 [0.381, 0.505], R=0.892 [0.858, 0.924]
2026-04-25 03:38:52,975 - INFO - evaluate_detections -   100m: F1=0.597 [0.540, 0.653], P=0.450 [0.390, 0.513], R=0.885 [0.851, 0.916]
2026-04-25 03:38:53,187 - INFO - evaluate_detections -   MCC=0.185 [0.102, 0.265], Sens=0.908, Spec=0.229
2026-04-25 03:38:53,188 - INFO - __main__ - [78/264] h11-pvd-flash-minimal-text-n30-t07 t=18 done
2026-04-25 03:38:53,290 - INFO - evaluate_detections -   100m: F1=0.607 [0.551, 0.661], P=0.462 [0.401, 0.525], R=0.885 [0.851, 0.916]
2026-04-25 03:38:53,589 - INFO - evaluate_detections -   100m: F1=0.635 [0.580, 0.687], P=0.507 [0.443, 0.573], R=0.851 [0.816, 0.885]
2026-04-25 03:38:53,766 - INFO - evaluate_detections -   100m: F1=0.617 [0.562, 0.672], P=0.476 [0.414, 0.541], R=0.878 [0.842, 0.910]
2026-04-25 03:38:53,811 - INFO - evaluate_detections -   MCC=0.186 [0.103, 0.267], Sens=0.904, Spec=0.236
2026-04-25 03:38:53,812 - INFO - __main__ - [79/264] h11-pvd-flash-minimal-text-n30-t07 t=19 done
2026-04-25 03:38:54,002 - INFO - evaluate_detections -   100m: F1=0.630 [0.574, 0.682], P=0.497 [0.432, 0.561], R=0.860 [0.824, 0.894]
2026-04-25 03:38:54,091 - INFO - evaluate_detections -   MCC=0.201 [0.116, 0.283], Sens=0.900, Spec=0.256
2026-04-25 03:38:54,092 - INFO - __main__ - [80/264] h11-pvd-flash-minimal-text-n30-t07 t=20 done
2026-04-25 03:38:54,267 - INFO - evaluate_detections -   100m: F1=0.620 [0.566, 0.673], P=0.483 [0.420, 0.548], R=0.867 [0.831, 0.901]
2026-04-25 03:38:54,388 - INFO - evaluate_detections -   MCC=0.283 [0.205, 0.361], Sens=0.886, Spec=0.357
2026-04-25 03:38:54,390 - INFO - __main__ - [81/264] h11-pvd-flash-minimal-text-n30-t07 t=24 done
2026-04-25 03:38:54,562 - INFO - evaluate_detections -   MCC=0.220 [0.139, 0.304], Sens=0.891, Spec=0.287
2026-04-25 03:38:54,564 - INFO - __main__ - [82/264] h11-pvd-flash-minimal-text-n30-t07 t=21 done
2026-04-25 03:38:54,845 - INFO - evaluate_detections -   MCC=0.253 [0.172, 0.330], Sens=0.886, Spec=0.326
2026-04-25 03:38:54,846 - INFO - __main__ - [83/264] h11-pvd-flash-minimal-text-n30-t07 t=23 done
2026-04-25 03:38:54,930 - INFO - evaluate_detections -   50m: F1=0.639 [0.583, 0.691], P=0.517 [0.453, 0.584], R=0.834 [0.797, 0.872]
2026-04-25 03:38:55,062 - INFO - evaluate_detections -   MCC=0.230 [0.150, 0.309], Sens=0.886, Spec=0.302
2026-04-25 03:38:55,064 - INFO - __main__ - [84/264] h11-pvd-flash-minimal-text-n30-t07 t=22 done
2026-04-25 03:38:58,701 - INFO - evaluate_detections -   20m: F1=0.635 [0.583, 0.687], P=0.522 [0.459, 0.589], R=0.811 [0.773, 0.851]
2026-04-25 03:38:59,266 - INFO - evaluate_detections -   20m: F1=0.645 [0.594, 0.694], P=0.542 [0.478, 0.608], R=0.795 [0.757, 0.834]
2026-04-25 03:38:59,520 - INFO - evaluate_detections -   20m: F1=0.650 [0.600, 0.695], P=0.562 [0.498, 0.625], R=0.770 [0.729, 0.813]
2026-04-25 03:38:59,754 - INFO - evaluate_detections -   20m: F1=0.661 [0.610, 0.706], P=0.602 [0.536, 0.668], R=0.733 [0.687, 0.779]
2026-04-25 03:38:59,858 - INFO - evaluate_detections -   20m: F1=0.658 [0.611, 0.704], P=0.644 [0.576, 0.710], R=0.674 [0.625, 0.720]
2026-04-25 03:39:00,445 - INFO - evaluate_detections -   100m: F1=0.640 [0.585, 0.693], P=0.519 [0.455, 0.585], R=0.837 [0.800, 0.874]
2026-04-25 03:39:00,981 - INFO - evaluate_detections -   20m: F1=0.541 [0.500, 0.581], P=0.394 [0.354, 0.434], R=0.862 [0.827, 0.893]
2026-04-25 03:39:01,247 - INFO - evaluate_detections -   MCC=0.294 [0.217, 0.372], Sens=0.878, Spec=0.380
2026-04-25 03:39:01,249 - INFO - __main__ - [85/264] h11-pvd-flash-minimal-text-n30-t07 t=25 done
2026-04-25 03:39:01,635 - INFO - evaluate_detections -   20m: F1=0.405 [0.366, 0.445], P=0.263 [0.231, 0.296], R=0.878 [0.847, 0.907]
2026-04-25 03:39:04,394 - INFO - evaluate_detections -   30m: F1=0.644 [0.590, 0.696], P=0.530 [0.465, 0.596], R=0.823 [0.784, 0.862]
2026-04-25 03:39:04,719 - INFO - evaluate_detections -   30m: F1=0.654 [0.604, 0.702], P=0.550 [0.488, 0.615], R=0.807 [0.768, 0.844]
2026-04-25 03:39:04,935 - INFO - evaluate_detections -   30m: F1=0.660 [0.609, 0.704], P=0.570 [0.506, 0.634], R=0.782 [0.744, 0.822]
2026-04-25 03:39:05,093 - INFO - evaluate_detections -   30m: F1=0.669 [0.621, 0.715], P=0.609 [0.544, 0.676], R=0.743 [0.697, 0.788]
2026-04-25 03:39:05,186 - INFO - evaluate_detections -   30m: F1=0.665 [0.618, 0.712], P=0.651 [0.580, 0.716], R=0.680 [0.632, 0.729]
2026-04-25 03:39:06,814 - INFO - evaluate_detections -   30m: F1=0.581 [0.538, 0.621], P=0.423 [0.380, 0.465], R=0.926 [0.899, 0.950]
2026-04-25 03:39:06,910 - INFO - evaluate_detections -   20m: F1=0.604 [0.563, 0.643], P=0.471 [0.428, 0.513], R=0.841 [0.803, 0.876]
2026-04-25 03:39:08,172 - INFO - evaluate_detections -   30m: F1=0.431 [0.391, 0.472], P=0.280 [0.247, 0.315], R=0.933 [0.908, 0.955]
2026-04-25 03:39:10,091 - INFO - evaluate_detections -   40m: F1=0.644 [0.590, 0.696], P=0.530 [0.465, 0.596], R=0.823 [0.784, 0.862]
2026-04-25 03:39:10,204 - INFO - evaluate_detections -   40m: F1=0.654 [0.604, 0.702], P=0.550 [0.488, 0.615], R=0.807 [0.768, 0.844]
2026-04-25 03:39:10,332 - INFO - evaluate_detections -   40m: F1=0.660 [0.609, 0.704], P=0.570 [0.506, 0.634], R=0.782 [0.744, 0.822]
2026-04-25 03:39:10,455 - INFO - evaluate_detections -   40m: F1=0.665 [0.618, 0.712], P=0.651 [0.580, 0.716], R=0.680 [0.632, 0.729]
2026-04-25 03:39:10,484 - INFO - evaluate_detections -   40m: F1=0.669 [0.621, 0.715], P=0.609 [0.544, 0.676], R=0.743 [0.697, 0.788]
2026-04-25 03:39:12,700 - INFO - evaluate_detections -   40m: F1=0.588 [0.547, 0.628], P=0.429 [0.385, 0.471], R=0.938 [0.914, 0.960]
2026-04-25 03:39:12,819 - INFO - evaluate_detections -   30m: F1=0.653 [0.613, 0.690], P=0.510 [0.465, 0.553], R=0.910 [0.882, 0.937]
2026-04-25 03:39:14,647 - INFO - evaluate_detections -   40m: F1=0.435 [0.394, 0.475], P=0.283 [0.249, 0.317], R=0.943 [0.920, 0.963]
2026-04-25 03:39:15,576 - INFO - evaluate_detections -   50m: F1=0.644 [0.590, 0.696], P=0.530 [0.465, 0.596], R=0.823 [0.784, 0.862]
2026-04-25 03:39:15,620 - INFO - evaluate_detections -   50m: F1=0.654 [0.604, 0.702], P=0.550 [0.488, 0.615], R=0.807 [0.768, 0.844]
2026-04-25 03:39:15,729 - INFO - evaluate_detections -   50m: F1=0.665 [0.618, 0.712], P=0.651 [0.580, 0.716], R=0.680 [0.632, 0.729]
2026-04-25 03:39:15,764 - INFO - evaluate_detections -   50m: F1=0.669 [0.621, 0.715], P=0.609 [0.544, 0.676], R=0.743 [0.697, 0.788]
2026-04-25 03:39:15,843 - INFO - evaluate_detections -   50m: F1=0.660 [0.609, 0.704], P=0.570 [0.506, 0.634], R=0.782 [0.744, 0.822]
2026-04-25 03:39:18,674 - INFO - evaluate_detections -   50m: F1=0.591 [0.550, 0.631], P=0.431 [0.388, 0.472], R=0.943 [0.920, 0.963]
2026-04-25 03:39:18,745 - INFO - evaluate_detections -   40m: F1=0.670 [0.633, 0.706], P=0.523 [0.478, 0.565], R=0.933 [0.909, 0.956]
2026-04-25 03:39:21,025 - INFO - evaluate_detections -   100m: F1=0.665 [0.618, 0.712], P=0.651 [0.580, 0.716], R=0.680 [0.632, 0.729]
2026-04-25 03:39:21,039 - INFO - evaluate_detections -   100m: F1=0.646 [0.592, 0.696], P=0.531 [0.467, 0.596], R=0.825 [0.788, 0.864]
2026-04-25 03:39:21,081 - INFO - evaluate_detections -   100m: F1=0.654 [0.604, 0.702], P=0.550 [0.488, 0.615], R=0.807 [0.768, 0.844]
2026-04-25 03:39:21,091 - INFO - evaluate_detections -   100m: F1=0.669 [0.621, 0.715], P=0.609 [0.544, 0.676], R=0.743 [0.697, 0.788]
2026-04-25 03:39:21,191 - INFO - evaluate_detections -   100m: F1=0.660 [0.609, 0.704], P=0.570 [0.506, 0.634], R=0.782 [0.744, 0.822]
2026-04-25 03:39:21,254 - INFO - evaluate_detections -   50m: F1=0.439 [0.399, 0.480], P=0.286 [0.251, 0.321], R=0.952 [0.932, 0.971]
2026-04-25 03:39:21,807 - INFO - evaluate_detections -   MCC=0.423 [0.345, 0.504], Sens=0.782, Spec=0.640
2026-04-25 03:39:21,808 - INFO - __main__ - [86/264] h11-pvd-flash-minimal-text-n30-t07 t=30 done
2026-04-25 03:39:21,834 - INFO - evaluate_detections -   MCC=0.299 [0.220, 0.381], Sens=0.873, Spec=0.391
2026-04-25 03:39:21,836 - INFO - __main__ - [87/264] h11-pvd-flash-minimal-text-n30-t07 t=26 done
2026-04-25 03:39:21,873 - INFO - evaluate_detections -   MCC=0.324 [0.247, 0.404], Sens=0.865, Spec=0.430
2026-04-25 03:39:21,874 - INFO - __main__ - [88/264] h11-pvd-flash-minimal-text-n30-t07 t=27 done
2026-04-25 03:39:21,877 - INFO - evaluate_detections -   MCC=0.381 [0.302, 0.460], Sens=0.817, Spec=0.554
2026-04-25 03:39:21,878 - INFO - __main__ - [89/264] h11-pvd-flash-minimal-text-n30-t07 t=29 done
2026-04-25 03:39:21,980 - INFO - evaluate_detections -   MCC=0.337 [0.259, 0.414], Sens=0.843, Spec=0.473
2026-04-25 03:39:21,981 - INFO - __main__ - [90/264] h11-pvd-flash-minimal-text-n30-t07 t=28 done
2026-04-25 03:39:24,528 - INFO - evaluate_detections -   50m: F1=0.672 [0.634, 0.708], P=0.524 [0.479, 0.566], R=0.936 [0.911, 0.958]
2026-04-25 03:39:24,533 - INFO - evaluate_detections -   100m: F1=0.604 [0.561, 0.643], P=0.440 [0.395, 0.482], R=0.963 [0.942, 0.981]
2026-04-25 03:39:25,342 - INFO - evaluate_detections -   MCC=0.177 [0.094, 0.255], Sens=0.886, Spec=0.252
2026-04-25 03:39:25,363 - INFO - __main__ - [91/264] h11-pvd-image-n5 t=2 done
2026-04-25 03:39:27,268 - INFO - evaluate_detections -   20m: F1=0.678 [0.634, 0.720], P=0.615 [0.562, 0.663], R=0.756 [0.713, 0.800]
2026-04-25 03:39:27,337 - INFO - evaluate_detections -   20m: F1=0.660 [0.617, 0.701], P=0.560 [0.510, 0.608], R=0.805 [0.761, 0.846]
2026-04-25 03:39:27,353 - INFO - evaluate_detections -   20m: F1=0.676 [0.633, 0.716], P=0.593 [0.540, 0.641], R=0.786 [0.742, 0.829]
2026-04-25 03:39:27,386 - INFO - evaluate_detections -   20m: F1=0.636 [0.595, 0.676], P=0.516 [0.473, 0.560], R=0.828 [0.787, 0.865]
2026-04-25 03:39:27,432 - INFO - evaluate_detections -   20m: F1=0.680 [0.634, 0.723], P=0.640 [0.583, 0.689], R=0.726 [0.676, 0.773]
2026-04-25 03:39:27,956 - INFO - evaluate_detections -   100m: F1=0.446 [0.404, 0.487], P=0.290 [0.255, 0.326], R=0.966 [0.946, 0.982]
2026-04-25 03:39:28,812 - INFO - evaluate_detections -   MCC=0.109 [0.021, 0.186], Sens=0.895, Spec=0.182
2026-04-25 03:39:28,814 - INFO - __main__ - [92/264] h11-pvd-image-n5 t=1 done
2026-04-25 03:39:30,379 - INFO - evaluate_detections -   100m: F1=0.683 [0.643, 0.720], P=0.533 [0.486, 0.576], R=0.952 [0.929, 0.971]
2026-04-25 03:39:30,672 - INFO - evaluate_detections -   20m: F1=0.670 [0.624, 0.713], P=0.664 [0.606, 0.716], R=0.676 [0.624, 0.729]
2026-04-25 03:39:31,209 - INFO - evaluate_detections -   MCC=0.253 [0.169, 0.330], Sens=0.886, Spec=0.326
2026-04-25 03:39:31,210 - INFO - __main__ - [93/264] h11-pvd-image-n5 t=3 done
2026-04-25 03:39:32,683 - INFO - evaluate_detections -   30m: F1=0.728 [0.687, 0.765], P=0.660 [0.605, 0.708], R=0.811 [0.771, 0.849]
2026-04-25 03:39:32,742 - INFO - evaluate_detections -   30m: F1=0.728 [0.685, 0.765], P=0.684 [0.627, 0.732], R=0.777 [0.729, 0.820]
2026-04-25 03:39:32,795 - INFO - evaluate_detections -   30m: F1=0.733 [0.692, 0.770], P=0.643 [0.588, 0.690], R=0.853 [0.815, 0.891]
2026-04-25 03:39:32,853 - INFO - evaluate_detections -   30m: F1=0.717 [0.676, 0.758], P=0.608 [0.557, 0.657], R=0.874 [0.837, 0.909]
2026-04-25 03:39:33,102 - INFO - evaluate_detections -   30m: F1=0.689 [0.649, 0.725], P=0.560 [0.512, 0.602], R=0.897 [0.864, 0.926]
2026-04-25 03:39:34,038 - INFO - evaluate_detections -   20m: F1=0.631 [0.585, 0.676], P=0.695 [0.637, 0.752], R=0.577 [0.525, 0.633]
2026-04-25 03:39:35,960 - INFO - evaluate_detections -   30m: F1=0.718 [0.675, 0.756], P=0.711 [0.653, 0.764], R=0.724 [0.675, 0.772]
2026-04-25 03:39:37,226 - INFO - evaluate_detections -   20m: F1=0.561 [0.522, 0.599], P=0.426 [0.388, 0.463], R=0.823 [0.784, 0.861]
2026-04-25 03:39:38,057 - INFO - evaluate_detections -   40m: F1=0.744 [0.704, 0.779], P=0.675 [0.619, 0.723], R=0.830 [0.790, 0.867]
2026-04-25 03:39:38,247 - INFO - evaluate_detections -   40m: F1=0.745 [0.704, 0.782], P=0.700 [0.644, 0.750], R=0.795 [0.748, 0.838]
2026-04-25 03:39:38,261 - INFO - evaluate_detections -   40m: F1=0.751 [0.711, 0.786], P=0.659 [0.604, 0.704], R=0.874 [0.836, 0.909]
2026-04-25 03:39:38,383 - INFO - evaluate_detections -   40m: F1=0.736 [0.696, 0.771], P=0.624 [0.573, 0.669], R=0.897 [0.861, 0.930]
2026-04-25 03:39:38,743 - INFO - evaluate_detections -   40m: F1=0.708 [0.670, 0.742], P=0.575 [0.528, 0.619], R=0.922 [0.893, 0.948]
2026-04-25 03:39:39,272 - INFO - evaluate_detections -   30m: F1=0.673 [0.630, 0.714], P=0.742 [0.686, 0.796], R=0.616 [0.564, 0.671]
2026-04-25 03:39:41,244 - INFO - evaluate_detections -   40m: F1=0.727 [0.685, 0.765], P=0.720 [0.663, 0.772], R=0.733 [0.684, 0.781]
2026-04-25 03:39:43,032 - INFO - evaluate_detections -   30m: F1=0.633 [0.599, 0.668], P=0.480 [0.442, 0.519], R=0.929 [0.905, 0.951]
2026-04-25 03:39:43,432 - INFO - evaluate_detections -   50m: F1=0.746 [0.707, 0.781], P=0.677 [0.620, 0.725], R=0.832 [0.793, 0.868]
2026-04-25 03:39:43,770 - INFO - evaluate_detections -   50m: F1=0.747 [0.705, 0.784], P=0.702 [0.645, 0.751], R=0.798 [0.752, 0.840]
2026-04-25 03:39:43,905 - INFO - evaluate_detections -   50m: F1=0.740 [0.700, 0.777], P=0.627 [0.575, 0.672], R=0.901 [0.866, 0.934]
2026-04-25 03:39:43,910 - INFO - evaluate_detections -   50m: F1=0.753 [0.713, 0.787], P=0.660 [0.606, 0.707], R=0.876 [0.837, 0.912]
2026-04-25 03:39:44,314 - INFO - evaluate_detections -   50m: F1=0.710 [0.672, 0.744], P=0.577 [0.529, 0.620], R=0.924 [0.896, 0.950]
2026-04-25 03:39:44,466 - INFO - evaluate_detections -   40m: F1=0.683 [0.639, 0.723], P=0.753 [0.698, 0.807], R=0.625 [0.574, 0.680]
2026-04-25 03:39:46,516 - INFO - evaluate_detections -   50m: F1=0.729 [0.689, 0.767], P=0.722 [0.667, 0.772], R=0.736 [0.687, 0.783]
2026-04-25 03:39:48,835 - INFO - evaluate_detections -   100m: F1=0.753 [0.712, 0.788], P=0.682 [0.626, 0.729], R=0.839 [0.800, 0.876]
2026-04-25 03:39:48,853 - INFO - evaluate_detections -   40m: F1=0.649 [0.614, 0.683], P=0.492 [0.454, 0.531], R=0.952 [0.929, 0.971]
2026-04-25 03:39:49,297 - INFO - evaluate_detections -   100m: F1=0.751 [0.710, 0.788], P=0.706 [0.649, 0.755], R=0.802 [0.757, 0.844]
2026-04-25 03:39:49,426 - INFO - evaluate_detections -   100m: F1=0.749 [0.711, 0.784], P=0.635 [0.583, 0.681], R=0.913 [0.881, 0.942]
2026-04-25 03:39:49,534 - INFO - evaluate_detections -   100m: F1=0.759 [0.719, 0.795], P=0.666 [0.610, 0.712], R=0.883 [0.844, 0.919]
2026-04-25 03:39:49,632 - INFO - evaluate_detections -   MCC=0.384 [0.306, 0.461], Sens=0.847, Spec=0.519
2026-04-25 03:39:49,634 - INFO - __main__ - [94/264] h11-pvd-image-n5 t=7 done
2026-04-25 03:39:49,771 - INFO - evaluate_detections -   50m: F1=0.683 [0.639, 0.723], P=0.753 [0.698, 0.807], R=0.625 [0.574, 0.680]
2026-04-25 03:39:49,902 - INFO - evaluate_detections -   100m: F1=0.723 [0.684, 0.758], P=0.587 [0.538, 0.632], R=0.940 [0.915, 0.963]
2026-04-25 03:39:50,083 - INFO - evaluate_detections -   MCC=0.405 [0.322, 0.485], Sens=0.825, Spec=0.570
2026-04-25 03:39:50,084 - INFO - __main__ - [95/264] h11-pvd-image-n5 t=8 done
2026-04-25 03:39:50,215 - INFO - evaluate_detections -   MCC=0.321 [0.244, 0.398], Sens=0.873, Spec=0.415
2026-04-25 03:39:50,216 - INFO - __main__ - [96/264] h11-pvd-image-n5 t=5 done
2026-04-25 03:39:50,350 - INFO - evaluate_detections -   MCC=0.361 [0.283, 0.433], Sens=0.860, Spec=0.477
2026-04-25 03:39:50,352 - INFO - __main__ - [97/264] h11-pvd-image-n5 t=6 done
2026-04-25 03:39:50,702 - INFO - evaluate_detections -   MCC=0.277 [0.197, 0.353], Sens=0.882, Spec=0.357
2026-04-25 03:39:50,704 - INFO - __main__ - [98/264] h11-pvd-image-n5 t=4 done
2026-04-25 03:39:51,774 - INFO - evaluate_detections -   100m: F1=0.733 [0.694, 0.770], P=0.727 [0.671, 0.776], R=0.740 [0.691, 0.787]
2026-04-25 03:39:52,563 - INFO - evaluate_detections -   MCC=0.423 [0.343, 0.504], Sens=0.795, Spec=0.624
2026-04-25 03:39:52,564 - INFO - __main__ - [99/264] h11-pvd-image-n5 t=9 done
2026-04-25 03:39:54,835 - INFO - evaluate_detections -   50m: F1=0.652 [0.617, 0.687], P=0.495 [0.457, 0.534], R=0.956 [0.936, 0.975]
2026-04-25 03:39:54,973 - INFO - evaluate_detections -   100m: F1=0.688 [0.646, 0.727], P=0.759 [0.703, 0.810], R=0.630 [0.576, 0.685]
2026-04-25 03:39:55,136 - INFO - evaluate_detections -   20m: F1=0.662 [0.620, 0.703], P=0.578 [0.533, 0.620], R=0.775 [0.730, 0.818]
2026-04-25 03:39:55,417 - INFO - evaluate_detections -   20m: F1=0.692 [0.645, 0.734], P=0.731 [0.679, 0.772], R=0.657 [0.600, 0.708]
2026-04-25 03:39:55,501 - INFO - evaluate_detections -   20m: F1=0.700 [0.654, 0.741], P=0.673 [0.622, 0.718], R=0.729 [0.677, 0.775]
2026-04-25 03:39:55,521 - INFO - evaluate_detections -   20m: F1=0.645 [0.594, 0.690], P=0.795 [0.740, 0.839], R=0.543 [0.488, 0.596]
2026-04-25 03:39:55,755 - INFO - evaluate_detections -   MCC=0.437 [0.355, 0.519], Sens=0.725, Spec=0.713
2026-04-25 03:39:55,756 - INFO - __main__ - [100/264] h11-pvd-image-n5 t=10 done
2026-04-25 03:39:56,267 - INFO - evaluate_detections -   20m: F1=0.733 [0.689, 0.782], P=0.648 [0.586, 0.718], R=0.844 [0.797, 0.889]
2026-04-25 03:39:57,881 - INFO - evaluate_detections -   20m: F1=0.799 [0.761, 0.835], P=0.770 [0.719, 0.815], R=0.830 [0.784, 0.874]
2026-04-25 03:40:00,621 - INFO - evaluate_detections -   30m: F1=0.705 [0.660, 0.748], P=0.869 [0.828, 0.906], R=0.593 [0.540, 0.648]
2026-04-25 03:40:00,625 - INFO - evaluate_detections -   30m: F1=0.792 [0.750, 0.827], P=0.836 [0.795, 0.873], R=0.752 [0.699, 0.801]
2026-04-25 03:40:00,640 - INFO - evaluate_detections -   30m: F1=0.770 [0.739, 0.802], P=0.672 [0.629, 0.714], R=0.901 [0.870, 0.930]
2026-04-25 03:40:00,645 - INFO - evaluate_detections -   100m: F1=0.658 [0.624, 0.691], P=0.499 [0.461, 0.538], R=0.966 [0.946, 0.983]
2026-04-25 03:40:00,971 - INFO - evaluate_detections -   30m: F1=0.821 [0.787, 0.851], P=0.790 [0.749, 0.829], R=0.855 [0.815, 0.890]
2026-04-25 03:40:01,380 - INFO - evaluate_detections -   20m: F1=0.823 [0.789, 0.857], P=0.833 [0.794, 0.872], R=0.814 [0.768, 0.860]
2026-04-25 03:40:01,447 - INFO - evaluate_detections -   MCC=0.711 [0.649, 0.774], Sens=0.886, Spec=0.826
2026-04-25 03:40:01,448 - INFO - __main__ - [101/264] h11-pvd-pro-high-image-n5 t=1 done
2026-04-25 03:40:01,770 - INFO - evaluate_detections -   30m: F1=0.747 [0.700, 0.795], P=0.661 [0.596, 0.732], R=0.860 [0.814, 0.903]
2026-04-25 03:40:03,243 - INFO - evaluate_detections -   30m: F1=0.816 [0.781, 0.850], P=0.787 [0.738, 0.833], R=0.848 [0.804, 0.892]
2026-04-25 03:40:05,820 - INFO - evaluate_detections -   40m: F1=0.821 [0.784, 0.852], P=0.867 [0.828, 0.902], R=0.779 [0.729, 0.824]
2026-04-25 03:40:05,873 - INFO - evaluate_detections -   40m: F1=0.724 [0.682, 0.765], P=0.892 [0.854, 0.927], R=0.609 [0.555, 0.664]
2026-04-25 03:40:06,127 - INFO - evaluate_detections -   40m: F1=0.798 [0.768, 0.828], P=0.696 [0.658, 0.738], R=0.933 [0.909, 0.956]
2026-04-25 03:40:06,324 - INFO - evaluate_detections -   40m: F1=0.852 [0.823, 0.881], P=0.820 [0.780, 0.860], R=0.887 [0.853, 0.919]
2026-04-25 03:40:06,747 - INFO - evaluate_detections -   20m: F1=0.833 [0.796, 0.867], P=0.878 [0.842, 0.911], R=0.793 [0.741, 0.842]
2026-04-25 03:40:06,949 - INFO - evaluate_detections -   30m: F1=0.840 [0.807, 0.870], P=0.849 [0.811, 0.888], R=0.830 [0.784, 0.875]
2026-04-25 03:40:07,216 - INFO - evaluate_detections -   40m: F1=0.751 [0.704, 0.799], P=0.664 [0.600, 0.735], R=0.864 [0.817, 0.908]
2026-04-25 03:40:08,583 - INFO - evaluate_detections -   40m: F1=0.823 [0.789, 0.856], P=0.793 [0.745, 0.837], R=0.855 [0.809, 0.898]
2026-04-25 03:40:11,084 - INFO - evaluate_detections -   50m: F1=0.831 [0.796, 0.862], P=0.877 [0.839, 0.911], R=0.789 [0.741, 0.834]
2026-04-25 03:40:11,188 - INFO - evaluate_detections -   50m: F1=0.732 [0.691, 0.773], P=0.902 [0.866, 0.935], R=0.616 [0.563, 0.670]
2026-04-25 03:40:11,616 - INFO - evaluate_detections -   50m: F1=0.809 [0.781, 0.837], P=0.707 [0.666, 0.746], R=0.947 [0.924, 0.968]
2026-04-25 03:40:11,629 - INFO - evaluate_detections -   50m: F1=0.865 [0.839, 0.893], P=0.832 [0.793, 0.870], R=0.901 [0.871, 0.930]
2026-04-25 03:40:12,000 - INFO - evaluate_detections -   30m: F1=0.848 [0.812, 0.879], P=0.893 [0.858, 0.926], R=0.807 [0.755, 0.855]
2026-04-25 03:40:12,399 - INFO - evaluate_detections -   40m: F1=0.842 [0.810, 0.872], P=0.852 [0.814, 0.890], R=0.832 [0.787, 0.876]
2026-04-25 03:40:12,680 - INFO - evaluate_detections -   50m: F1=0.751 [0.704, 0.799], P=0.664 [0.600, 0.735], R=0.864 [0.817, 0.908]
2026-04-25 03:40:13,924 - INFO - evaluate_detections -   50m: F1=0.823 [0.789, 0.856], P=0.793 [0.745, 0.837], R=0.855 [0.809, 0.898]
2026-04-25 03:40:16,484 - INFO - evaluate_detections -   100m: F1=0.743 [0.702, 0.783], P=0.916 [0.881, 0.944], R=0.625 [0.573, 0.677]
2026-04-25 03:40:16,519 - INFO - evaluate_detections -   100m: F1=0.840 [0.806, 0.870], P=0.887 [0.848, 0.920], R=0.798 [0.749, 0.842]
2026-04-25 03:40:16,932 - INFO - evaluate_detections -   100m: F1=0.885 [0.860, 0.909], P=0.851 [0.814, 0.886], R=0.922 [0.893, 0.948]
2026-04-25 03:40:17,138 - INFO - evaluate_detections -   100m: F1=0.823 [0.795, 0.850], P=0.719 [0.679, 0.758], R=0.963 [0.942, 0.981]
2026-04-25 03:40:17,241 - INFO - evaluate_detections -   40m: F1=0.850 [0.814, 0.881], P=0.896 [0.861, 0.928], R=0.809 [0.756, 0.858]
2026-04-25 03:40:17,295 - INFO - evaluate_detections -   MCC=0.709 [0.651, 0.765], Sens=0.721, Spec=0.961
2026-04-25 03:40:17,297 - INFO - __main__ - [102/264] h11-pvd-pro-high-image-n5 t=5 done
2026-04-25 03:40:17,331 - INFO - evaluate_detections -   MCC=0.756 [0.699, 0.811], Sens=0.808, Spec=0.938
2026-04-25 03:40:17,332 - INFO - __main__ - [103/264] h11-pvd-pro-high-image-n5 t=4 done
2026-04-25 03:40:17,729 - INFO - evaluate_detections -   MCC=0.761 [0.705, 0.816], Sens=0.843, Spec=0.915
2026-04-25 03:40:17,730 - INFO - __main__ - [104/264] h11-pvd-pro-high-image-n5 t=3 done
2026-04-25 03:40:17,762 - INFO - evaluate_detections -   50m: F1=0.842 [0.810, 0.872], P=0.852 [0.814, 0.890], R=0.832 [0.787, 0.876]
2026-04-25 03:40:17,929 - INFO - evaluate_detections -   MCC=0.757 [0.696, 0.814], Sens=0.878, Spec=0.880
2026-04-25 03:40:17,931 - INFO - __main__ - [105/264] h11-pvd-pro-high-image-n5 t=2 done
2026-04-25 03:40:18,124 - INFO - evaluate_detections -   100m: F1=0.753 [0.707, 0.800], P=0.666 [0.603, 0.735], R=0.867 [0.821, 0.910]
2026-04-25 03:40:18,918 - INFO - evaluate_detections -   MCC=0.716 [0.657, 0.770], Sens=0.812, Spec=0.899
2026-04-25 03:40:18,919 - INFO - __main__ - [106/264] h11-pvd-pro-high-text-n5 t=1 done
2026-04-25 03:40:19,247 - INFO - evaluate_detections -   100m: F1=0.825 [0.792, 0.858], P=0.795 [0.749, 0.839], R=0.857 [0.813, 0.900]
2026-04-25 03:40:20,038 - INFO - evaluate_detections -   MCC=0.734 [0.676, 0.785], Sens=0.803, Spec=0.922
2026-04-25 03:40:20,039 - INFO - __main__ - [107/264] h11-pvd-pro-high-text-n5 t=2 done
2026-04-25 03:40:22,457 - INFO - evaluate_detections -   50m: F1=0.850 [0.814, 0.881], P=0.896 [0.861, 0.928], R=0.809 [0.756, 0.858]
2026-04-25 03:40:22,506 - INFO - evaluate_detections -   20m: F1=0.833 [0.793, 0.868], P=0.908 [0.875, 0.938], R=0.770 [0.715, 0.824]
2026-04-25 03:40:22,755 - INFO - evaluate_detections -   20m: F1=0.836 [0.797, 0.871], P=0.927 [0.898, 0.953], R=0.761 [0.703, 0.815]
2026-04-25 03:40:23,101 - INFO - evaluate_detections -   100m: F1=0.849 [0.816, 0.878], P=0.859 [0.820, 0.895], R=0.839 [0.794, 0.883]
2026-04-25 03:40:23,127 - INFO - evaluate_detections -   20m: F1=0.827 [0.788, 0.864], P=0.941 [0.914, 0.967], R=0.738 [0.679, 0.792]
2026-04-25 03:40:23,132 - INFO - evaluate_detections -   20m: F1=0.827 [0.786, 0.863], P=0.955 [0.930, 0.978], R=0.729 [0.668, 0.784]
2026-04-25 03:40:23,884 - INFO - evaluate_detections -   MCC=0.745 [0.690, 0.797], Sens=0.790, Spec=0.942
2026-04-25 03:40:23,885 - INFO - __main__ - [108/264] h11-pvd-pro-high-text-n5 t=3 done
2026-04-25 03:40:24,125 - INFO - evaluate_detections -   20m: F1=0.810 [0.765, 0.850], P=0.968 [0.945, 0.988], R=0.697 [0.637, 0.754]
2026-04-25 03:40:25,176 - INFO - evaluate_detections -   20m: F1=0.795 [0.751, 0.835], P=0.983 [0.967, 0.996], R=0.667 [0.609, 0.723]
2026-04-25 03:40:27,678 - INFO - evaluate_detections -   30m: F1=0.851 [0.811, 0.882], P=0.927 [0.897, 0.954], R=0.786 [0.732, 0.837]
2026-04-25 03:40:27,695 - INFO - evaluate_detections -   100m: F1=0.855 [0.819, 0.887], P=0.901 [0.865, 0.932], R=0.814 [0.762, 0.864]
2026-04-25 03:40:28,164 - INFO - evaluate_detections -   30m: F1=0.851 [0.813, 0.883], P=0.944 [0.917, 0.967], R=0.775 [0.722, 0.826]
2026-04-25 03:40:28,317 - INFO - evaluate_detections -   30m: F1=0.834 [0.792, 0.870], P=0.964 [0.939, 0.984], R=0.736 [0.676, 0.790]
2026-04-25 03:40:28,467 - INFO - evaluate_detections -   MCC=0.736 [0.679, 0.786], Sens=0.769, Spec=0.950
2026-04-25 03:40:28,468 - INFO - __main__ - [109/264] h11-pvd-pro-high-text-n5 t=4 done
2026-04-25 03:40:28,530 - INFO - evaluate_detections -   30m: F1=0.838 [0.797, 0.872], P=0.953 [0.928, 0.976], R=0.747 [0.688, 0.800]
2026-04-25 03:40:29,313 - INFO - evaluate_detections -   30m: F1=0.816 [0.773, 0.854], P=0.974 [0.954, 0.991], R=0.701 [0.643, 0.758]
2026-04-25 03:40:30,230 - INFO - evaluate_detections -   20m: F1=0.336 [0.282, 0.392], P=0.206 [0.167, 0.248], R=0.917 [0.890, 0.942]
2026-04-25 03:40:30,324 - INFO - evaluate_detections -   30m: F1=0.800 [0.757, 0.839], P=0.990 [0.977, 1.000], R=0.671 [0.614, 0.728]
2026-04-25 03:40:32,886 - INFO - evaluate_detections -   40m: F1=0.853 [0.815, 0.884], P=0.930 [0.901, 0.955], R=0.789 [0.734, 0.839]
2026-04-25 03:40:33,506 - INFO - evaluate_detections -   40m: F1=0.837 [0.795, 0.873], P=0.967 [0.944, 0.988], R=0.738 [0.678, 0.793]
2026-04-25 03:40:33,577 - INFO - evaluate_detections -   40m: F1=0.854 [0.817, 0.885], P=0.947 [0.920, 0.970], R=0.777 [0.724, 0.828]
2026-04-25 03:40:33,693 - INFO - evaluate_detections -   40m: F1=0.840 [0.800, 0.875], P=0.956 [0.931, 0.979], R=0.749 [0.692, 0.802]
2026-04-25 03:40:34,499 - INFO - evaluate_detections -   40m: F1=0.818 [0.776, 0.857], P=0.978 [0.958, 0.994], R=0.703 [0.645, 0.760]
2026-04-25 03:40:34,593 - INFO - evaluate_detections -   20m: F1=0.441 [0.383, 0.500], P=0.292 [0.243, 0.345], R=0.906 [0.877, 0.933]
2026-04-25 03:40:35,457 - INFO - evaluate_detections -   40m: F1=0.803 [0.760, 0.842], P=0.993 [0.982, 1.000], R=0.674 [0.617, 0.731]
2026-04-25 03:40:36,615 - INFO - evaluate_detections -   30m: F1=0.342 [0.288, 0.400], P=0.209 [0.170, 0.254], R=0.933 [0.908, 0.956]
2026-04-25 03:40:38,111 - INFO - evaluate_detections -   50m: F1=0.853 [0.815, 0.884], P=0.930 [0.901, 0.955], R=0.789 [0.734, 0.839]
2026-04-25 03:40:38,759 - INFO - evaluate_detections -   50m: F1=0.837 [0.795, 0.873], P=0.967 [0.944, 0.988], R=0.738 [0.678, 0.793]
2026-04-25 03:40:38,765 - INFO - evaluate_detections -   50m: F1=0.854 [0.817, 0.885], P=0.947 [0.920, 0.970], R=0.777 [0.724, 0.828]
2026-04-25 03:40:38,884 - INFO - evaluate_detections -   50m: F1=0.840 [0.800, 0.875], P=0.956 [0.931, 0.979], R=0.749 [0.692, 0.802]
2026-04-25 03:40:39,674 - INFO - evaluate_detections -   50m: F1=0.818 [0.776, 0.857], P=0.978 [0.958, 0.994], R=0.703 [0.645, 0.760]
2026-04-25 03:40:40,719 - INFO - evaluate_detections -   30m: F1=0.449 [0.390, 0.508], P=0.297 [0.247, 0.349], R=0.922 [0.895, 0.948]
2026-04-25 03:40:40,812 - INFO - evaluate_detections -   50m: F1=0.803 [0.760, 0.842], P=0.993 [0.982, 1.000], R=0.674 [0.617, 0.731]
2026-04-25 03:40:42,984 - INFO - evaluate_detections -   40m: F1=0.342 [0.288, 0.400], P=0.209 [0.170, 0.254], R=0.933 [0.908, 0.956]
2026-04-25 03:40:43,346 - INFO - evaluate_detections -   100m: F1=0.858 [0.821, 0.888], P=0.935 [0.906, 0.960], R=0.793 [0.740, 0.843]
2026-04-25 03:40:43,922 - INFO - evaluate_detections -   100m: F1=0.840 [0.796, 0.876], P=0.970 [0.947, 0.989], R=0.740 [0.679, 0.795]
2026-04-25 03:40:44,026 - INFO - evaluate_detections -   100m: F1=0.859 [0.823, 0.890], P=0.952 [0.926, 0.975], R=0.782 [0.728, 0.833]
2026-04-25 03:40:44,090 - INFO - evaluate_detections -   100m: F1=0.845 [0.803, 0.881], P=0.962 [0.937, 0.983], R=0.754 [0.694, 0.808]
2026-04-25 03:40:44,161 - INFO - evaluate_detections -   MCC=0.726 [0.671, 0.777], Sens=0.747, Spec=0.957
2026-04-25 03:40:44,163 - INFO - __main__ - [110/264] h11-pvd-pro-high-text-n5 t=5 done
2026-04-25 03:40:44,709 - INFO - evaluate_detections -   MCC=0.722 [0.667, 0.775], Sens=0.699, Spec=0.984
2026-04-25 03:40:44,710 - INFO - __main__ - [111/264] h11-pvd-pro-high-text-n5 t=8 done
2026-04-25 03:40:44,831 - INFO - evaluate_detections -   100m: F1=0.818 [0.776, 0.857], P=0.978 [0.958, 0.994], R=0.703 [0.645, 0.760]
2026-04-25 03:40:44,837 - INFO - evaluate_detections -   MCC=0.726 [0.672, 0.778], Sens=0.729, Spec=0.969
2026-04-25 03:40:44,838 - INFO - __main__ - [112/264] h11-pvd-pro-high-text-n5 t=6 done
2026-04-25 03:40:44,887 - INFO - evaluate_detections -   MCC=0.722 [0.668, 0.775], Sens=0.712, Spec=0.977
2026-04-25 03:40:44,889 - INFO - __main__ - [113/264] h11-pvd-pro-high-text-n5 t=7 done
2026-04-25 03:40:45,604 - INFO - evaluate_detections -   MCC=0.718 [0.665, 0.771], Sens=0.681, Spec=0.992
2026-04-25 03:40:45,605 - INFO - __main__ - [114/264] h11-pvd-pro-high-text-n5 t=9 done
2026-04-25 03:40:45,914 - INFO - evaluate_detections -   100m: F1=0.803 [0.760, 0.842], P=0.993 [0.982, 1.000], R=0.674 [0.617, 0.731]
2026-04-25 03:40:46,696 - INFO - evaluate_detections -   MCC=0.710 [0.662, 0.762], Sens=0.664, Spec=0.996
2026-04-25 03:40:46,697 - INFO - __main__ - [115/264] h11-pvd-pro-high-text-n5 t=10 done
2026-04-25 03:40:46,775 - INFO - evaluate_detections -   40m: F1=0.450 [0.391, 0.509], P=0.298 [0.248, 0.350], R=0.924 [0.897, 0.950]
2026-04-25 03:40:49,341 - INFO - evaluate_detections -   50m: F1=0.344 [0.289, 0.402], P=0.210 [0.171, 0.255], R=0.938 [0.913, 0.962]
2026-04-25 03:40:49,954 - INFO - evaluate_detections -   20m: F1=0.486 [0.429, 0.543], P=0.333 [0.281, 0.386], R=0.901 [0.872, 0.930]
2026-04-25 03:40:50,473 - INFO - evaluate_detections -   20m: F1=0.544 [0.486, 0.599], P=0.390 [0.336, 0.449], R=0.897 [0.865, 0.924]
2026-04-25 03:40:50,656 - INFO - evaluate_detections -   20m: F1=0.569 [0.511, 0.624], P=0.418 [0.360, 0.479], R=0.892 [0.860, 0.921]
2026-04-25 03:40:50,656 - INFO - evaluate_detections -   20m: F1=0.518 [0.460, 0.573], P=0.364 [0.312, 0.419], R=0.899 [0.869, 0.928]
2026-04-25 03:40:51,214 - INFO - evaluate_detections -   20m: F1=0.580 [0.522, 0.635], P=0.438 [0.378, 0.502], R=0.857 [0.821, 0.892]
2026-04-25 03:40:52,249 - INFO - evaluate_detections -   20m: F1=0.605 [0.547, 0.658], P=0.473 [0.411, 0.539], R=0.839 [0.802, 0.878]
2026-04-25 03:40:52,635 - INFO - evaluate_detections -   50m: F1=0.454 [0.395, 0.513], P=0.300 [0.251, 0.353], R=0.931 [0.906, 0.956]
2026-04-25 03:40:55,657 - INFO - evaluate_detections -   30m: F1=0.495 [0.437, 0.551], P=0.339 [0.287, 0.392], R=0.917 [0.889, 0.944]
2026-04-25 03:40:55,786 - INFO - evaluate_detections -   100m: F1=0.345 [0.291, 0.403], P=0.211 [0.172, 0.256], R=0.943 [0.920, 0.965]
2026-04-25 03:40:56,112 - INFO - evaluate_detections -   30m: F1=0.555 [0.497, 0.610], P=0.398 [0.342, 0.458], R=0.915 [0.888, 0.942]
2026-04-25 03:40:56,251 - INFO - evaluate_detections -   30m: F1=0.581 [0.522, 0.638], P=0.426 [0.369, 0.487], R=0.910 [0.881, 0.938]
2026-04-25 03:40:56,577 - INFO - evaluate_detections -   30m: F1=0.527 [0.469, 0.583], P=0.370 [0.317, 0.426], R=0.915 [0.888, 0.942]
2026-04-25 03:40:56,640 - INFO - evaluate_detections -   MCC=0.071 [-0.016, 0.154], Sens=0.948, Spec=0.089
2026-04-25 03:40:56,642 - INFO - __main__ - [116/264] h11-pvd-text-n10 t=1 done
2026-04-25 03:40:56,979 - INFO - evaluate_detections -   30m: F1=0.593 [0.534, 0.651], P=0.448 [0.388, 0.512], R=0.876 [0.839, 0.910]
2026-04-25 03:40:57,788 - INFO - evaluate_detections -   30m: F1=0.619 [0.562, 0.673], P=0.484 [0.420, 0.550], R=0.857 [0.821, 0.895]
2026-04-25 03:40:58,573 - INFO - evaluate_detections -   100m: F1=0.455 [0.396, 0.514], P=0.301 [0.251, 0.354], R=0.933 [0.910, 0.957]
2026-04-25 03:40:59,428 - INFO - evaluate_detections -   MCC=0.066 [-0.021, 0.150], Sens=0.939, Spec=0.097
2026-04-25 03:40:59,430 - INFO - __main__ - [117/264] h11-pvd-text-n10 t=2 done
2026-04-25 03:41:01,504 - INFO - evaluate_detections -   40m: F1=0.496 [0.438, 0.552], P=0.340 [0.289, 0.394], R=0.920 [0.893, 0.947]
2026-04-25 03:41:01,748 - INFO - evaluate_detections -   40m: F1=0.555 [0.497, 0.610], P=0.398 [0.342, 0.458], R=0.915 [0.888, 0.942]
2026-04-25 03:41:01,850 - INFO - evaluate_detections -   40m: F1=0.581 [0.522, 0.638], P=0.426 [0.369, 0.487], R=0.910 [0.881, 0.938]
2026-04-25 03:41:02,221 - INFO - evaluate_detections -   20m: F1=0.616 [0.560, 0.670], P=0.497 [0.433, 0.564], R=0.809 [0.768, 0.851]
2026-04-25 03:41:02,421 - INFO - evaluate_detections -   40m: F1=0.527 [0.469, 0.583], P=0.370 [0.317, 0.426], R=0.915 [0.888, 0.942]
2026-04-25 03:41:02,688 - INFO - evaluate_detections -   40m: F1=0.593 [0.534, 0.651], P=0.448 [0.388, 0.512], R=0.876 [0.839, 0.910]
2026-04-25 03:41:03,299 - INFO - evaluate_detections -   40m: F1=0.619 [0.562, 0.673], P=0.484 [0.420, 0.550], R=0.857 [0.821, 0.895]
2026-04-25 03:41:04,854 - INFO - evaluate_detections -   20m: F1=0.618 [0.561, 0.673], P=0.528 [0.458, 0.598], R=0.747 [0.703, 0.794]
2026-04-25 03:41:07,363 - INFO - evaluate_detections -   50m: F1=0.500 [0.441, 0.558], P=0.342 [0.291, 0.398], R=0.926 [0.901, 0.952]
2026-04-25 03:41:07,406 - INFO - evaluate_detections -   50m: F1=0.584 [0.525, 0.640], P=0.428 [0.370, 0.490], R=0.915 [0.885, 0.942]
2026-04-25 03:41:07,492 - INFO - evaluate_detections -   50m: F1=0.558 [0.500, 0.614], P=0.400 [0.344, 0.460], R=0.920 [0.893, 0.946]
2026-04-25 03:41:07,751 - INFO - evaluate_detections -   30m: F1=0.630 [0.574, 0.683], P=0.508 [0.444, 0.575], R=0.828 [0.787, 0.869]
2026-04-25 03:41:08,231 - INFO - evaluate_detections -   50m: F1=0.531 [0.473, 0.589], P=0.373 [0.319, 0.429], R=0.922 [0.895, 0.948]
2026-04-25 03:41:08,359 - INFO - evaluate_detections -   50m: F1=0.596 [0.538, 0.653], P=0.450 [0.390, 0.514], R=0.880 [0.846, 0.915]
2026-04-25 03:41:08,798 - INFO - evaluate_detections -   50m: F1=0.622 [0.565, 0.677], P=0.486 [0.422, 0.553], R=0.862 [0.825, 0.899]
2026-04-25 03:41:10,271 - INFO - evaluate_detections -   30m: F1=0.628 [0.573, 0.681], P=0.536 [0.466, 0.609], R=0.759 [0.716, 0.804]
2026-04-25 03:41:13,004 - INFO - evaluate_detections -   100m: F1=0.585 [0.527, 0.642], P=0.429 [0.371, 0.491], R=0.917 [0.888, 0.944]
2026-04-25 03:41:13,198 - INFO - evaluate_detections -   100m: F1=0.501 [0.443, 0.560], P=0.343 [0.292, 0.400], R=0.929 [0.904, 0.954]
2026-04-25 03:41:13,245 - INFO - evaluate_detections -   40m: F1=0.630 [0.574, 0.683], P=0.508 [0.444, 0.575], R=0.828 [0.787, 0.869]
2026-04-25 03:41:13,328 - INFO - evaluate_detections -   100m: F1=0.559 [0.501, 0.615], P=0.401 [0.345, 0.460], R=0.922 [0.896, 0.948]
2026-04-25 03:41:13,802 - INFO - evaluate_detections -   MCC=0.147 [0.059, 0.234], Sens=0.913, Spec=0.190
2026-04-25 03:41:13,803 - INFO - __main__ - [118/264] h11-pvd-text-n10 t=6 done
2026-04-25 03:41:13,981 - INFO - evaluate_detections -   100m: F1=0.597 [0.541, 0.654], P=0.451 [0.392, 0.515], R=0.883 [0.849, 0.917]
2026-04-25 03:41:14,046 - INFO - evaluate_detections -   MCC=0.090 [0.003, 0.175], Sens=0.939, Spec=0.112
2026-04-25 03:41:14,049 - INFO - __main__ - [119/264] h11-pvd-text-n10 t=3 done
2026-04-25 03:41:14,100 - INFO - evaluate_detections -   100m: F1=0.534 [0.476, 0.591], P=0.375 [0.320, 0.431], R=0.926 [0.901, 0.952]
2026-04-25 03:41:14,141 - INFO - evaluate_detections -   MCC=0.120 [0.036, 0.204], Sens=0.926, Spec=0.151
2026-04-25 03:41:14,143 - INFO - __main__ - [120/264] h11-pvd-text-n10 t=5 done
2026-04-25 03:41:14,334 - INFO - evaluate_detections -   100m: F1=0.624 [0.567, 0.678], P=0.488 [0.424, 0.553], R=0.864 [0.828, 0.901]
2026-04-25 03:41:14,777 - INFO - evaluate_detections -   MCC=0.182 [0.100, 0.262], Sens=0.895, Spec=0.244
2026-04-25 03:41:14,778 - INFO - __main__ - [121/264] h11-pvd-text-n10 t=7 done
2026-04-25 03:41:14,944 - INFO - evaluate_detections -   MCC=0.091 [0.007, 0.176], Sens=0.930, Spec=0.124
2026-04-25 03:41:14,945 - INFO - __main__ - [122/264] h11-pvd-text-n10 t=4 done
2026-04-25 03:41:15,129 - INFO - evaluate_detections -   MCC=0.236 [0.154, 0.316], Sens=0.882, Spec=0.314
2026-04-25 03:41:15,131 - INFO - __main__ - [123/264] h11-pvd-text-n10 t=8 done
2026-04-25 03:41:15,637 - INFO - evaluate_detections -   40m: F1=0.628 [0.573, 0.681], P=0.536 [0.466, 0.609], R=0.759 [0.716, 0.804]
2026-04-25 03:41:18,745 - INFO - evaluate_detections -   50m: F1=0.630 [0.574, 0.683], P=0.508 [0.444, 0.575], R=0.828 [0.787, 0.869]
2026-04-25 03:41:19,531 - INFO - evaluate_detections -   20m: F1=0.488 [0.437, 0.539], P=0.377 [0.326, 0.426], R=0.694 [0.636, 0.754]
2026-04-25 03:41:19,718 - INFO - evaluate_detections -   20m: F1=0.467 [0.417, 0.512], P=0.375 [0.325, 0.423], R=0.618 [0.554, 0.686]
2026-04-25 03:41:19,820 - INFO - evaluate_detections -   20m: F1=0.459 [0.412, 0.507], P=0.365 [0.317, 0.414], R=0.618 [0.554, 0.686]
2026-04-25 03:41:20,953 - INFO - evaluate_detections -   20m: F1=0.548 [0.503, 0.590], P=0.410 [0.365, 0.452], R=0.828 [0.787, 0.866]
2026-04-25 03:41:21,008 - INFO - evaluate_detections -   50m: F1=0.628 [0.573, 0.681], P=0.536 [0.466, 0.609], R=0.759 [0.716, 0.804]
2026-04-25 03:41:21,446 - INFO - evaluate_detections -   20m: F1=0.434 [0.390, 0.476], P=0.292 [0.254, 0.328], R=0.848 [0.811, 0.882]
2026-04-25 03:41:23,350 - INFO - evaluate_detections -   20m: F1=0.194 [0.165, 0.225], P=0.110 [0.091, 0.129], R=0.860 [0.822, 0.894]
2026-04-25 03:41:24,281 - INFO - evaluate_detections -   100m: F1=0.630 [0.574, 0.683], P=0.508 [0.444, 0.575], R=0.828 [0.787, 0.869]
2026-04-25 03:41:25,105 - INFO - evaluate_detections -   MCC=0.269 [0.192, 0.349], Sens=0.865, Spec=0.372
2026-04-25 03:41:25,106 - INFO - __main__ - [124/264] h11-pvd-text-n10 t=9 done
2026-04-25 03:41:25,218 - INFO - evaluate_detections -   30m: F1=0.550 [0.497, 0.602], P=0.424 [0.372, 0.478], R=0.782 [0.724, 0.842]
2026-04-25 03:41:25,276 - INFO - evaluate_detections -   30m: F1=0.522 [0.469, 0.570], P=0.419 [0.365, 0.474], R=0.692 [0.619, 0.765]
2026-04-25 03:41:25,562 - INFO - evaluate_detections -   30m: F1=0.518 [0.464, 0.565], P=0.412 [0.357, 0.465], R=0.697 [0.625, 0.768]
2026-04-25 03:41:26,382 - INFO - evaluate_detections -   100m: F1=0.628 [0.573, 0.681], P=0.536 [0.466, 0.609], R=0.759 [0.716, 0.804]
2026-04-25 03:41:26,932 - INFO - evaluate_detections -   30m: F1=0.603 [0.559, 0.643], P=0.451 [0.405, 0.494], R=0.910 [0.884, 0.937]
2026-04-25 03:41:27,189 - INFO - evaluate_detections -   MCC=0.316 [0.237, 0.396], Sens=0.825, Spec=0.473
2026-04-25 03:41:27,191 - INFO - __main__ - [125/264] h11-pvd-text-n10 t=10 done
2026-04-25 03:41:27,854 - INFO - evaluate_detections -   30m: F1=0.468 [0.421, 0.511], P=0.315 [0.275, 0.354], R=0.915 [0.889, 0.939]
2026-04-25 03:41:30,802 - INFO - evaluate_detections -   20m: F1=0.622 [0.577, 0.664], P=0.505 [0.456, 0.552], R=0.809 [0.767, 0.851]
2026-04-25 03:41:30,889 - INFO - evaluate_detections -   40m: F1=0.580 [0.529, 0.633], P=0.448 [0.395, 0.505], R=0.825 [0.768, 0.886]
2026-04-25 03:41:30,894 - INFO - evaluate_detections -   40m: F1=0.555 [0.500, 0.606], P=0.446 [0.389, 0.503], R=0.736 [0.661, 0.809]
2026-04-25 03:41:31,181 - INFO - evaluate_detections -   40m: F1=0.550 [0.495, 0.599], P=0.438 [0.382, 0.493], R=0.740 [0.664, 0.814]
2026-04-25 03:41:31,962 - INFO - evaluate_detections -   30m: F1=0.210 [0.178, 0.242], P=0.118 [0.098, 0.139], R=0.926 [0.902, 0.949]
2026-04-25 03:41:32,696 - INFO - evaluate_detections -   40m: F1=0.619 [0.573, 0.661], P=0.463 [0.414, 0.508], R=0.936 [0.909, 0.960]
2026-04-25 03:41:32,931 - INFO - evaluate_detections -   20m: F1=0.681 [0.637, 0.721], P=0.592 [0.541, 0.637], R=0.802 [0.758, 0.847]
2026-04-25 03:41:34,111 - INFO - evaluate_detections -   40m: F1=0.480 [0.434, 0.523], P=0.323 [0.282, 0.362], R=0.938 [0.913, 0.961]
2026-04-25 03:41:36,463 - INFO - evaluate_detections -   30m: F1=0.689 [0.647, 0.727], P=0.560 [0.509, 0.607], R=0.897 [0.868, 0.925]
2026-04-25 03:41:36,603 - INFO - evaluate_detections -   50m: F1=0.593 [0.546, 0.645], P=0.458 [0.405, 0.514], R=0.844 [0.784, 0.904]
2026-04-25 03:41:36,668 - INFO - evaluate_detections -   50m: F1=0.569 [0.513, 0.619], P=0.457 [0.400, 0.511], R=0.754 [0.680, 0.826]
2026-04-25 03:41:36,772 - INFO - evaluate_detections -   50m: F1=0.565 [0.509, 0.615], P=0.450 [0.395, 0.504], R=0.761 [0.687, 0.834]
2026-04-25 03:41:38,412 - INFO - evaluate_detections -   30m: F1=0.749 [0.710, 0.784], P=0.651 [0.602, 0.697], R=0.883 [0.851, 0.914]
2026-04-25 03:41:38,504 - INFO - evaluate_detections -   50m: F1=0.629 [0.583, 0.670], P=0.470 [0.420, 0.516], R=0.949 [0.927, 0.971]
2026-04-25 03:41:40,349 - INFO - evaluate_detections -   50m: F1=0.486 [0.438, 0.528], P=0.326 [0.285, 0.366], R=0.949 [0.927, 0.971]
2026-04-25 03:41:40,596 - INFO - evaluate_detections -   40m: F1=0.215 [0.183, 0.248], P=0.121 [0.101, 0.143], R=0.949 [0.926, 0.970]
2026-04-25 03:41:42,248 - INFO - evaluate_detections -   100m: F1=0.601 [0.552, 0.653], P=0.464 [0.410, 0.519], R=0.855 [0.793, 0.913]
2026-04-25 03:41:42,290 - INFO - evaluate_detections -   40m: F1=0.712 [0.669, 0.749], P=0.578 [0.527, 0.626], R=0.926 [0.899, 0.952]
2026-04-25 03:41:42,341 - INFO - evaluate_detections -   100m: F1=0.574 [0.516, 0.623], P=0.457 [0.399, 0.511], R=0.772 [0.698, 0.847]
2026-04-25 03:41:42,441 - INFO - evaluate_detections -   100m: F1=0.579 [0.523, 0.631], P=0.465 [0.408, 0.520], R=0.768 [0.693, 0.842]
2026-04-25 03:41:43,038 - INFO - evaluate_detections -   MCC=0.485 [0.413, 0.552], Sens=0.921, Spec=0.531
2026-04-25 03:41:43,039 - INFO - __main__ - [126/264] p3a-high-image-t0.0 t=1 done
2026-04-25 03:41:43,138 - INFO - evaluate_detections -   MCC=0.474 [0.401, 0.539], Sens=0.900, Spec=0.550
2026-04-25 03:41:43,140 - INFO - __main__ - [127/264] p3a-high-image-t0.0 t=2 done
2026-04-25 03:41:43,230 - INFO - evaluate_detections -   MCC=0.486 [0.411, 0.553], Sens=0.895, Spec=0.570
2026-04-25 03:41:43,231 - INFO - __main__ - [128/264] p3a-high-image-t0.0 t=3 done
2026-04-25 03:41:43,904 - INFO - evaluate_detections -   40m: F1=0.775 [0.735, 0.810], P=0.673 [0.622, 0.719], R=0.913 [0.882, 0.943]
2026-04-25 03:41:44,315 - INFO - evaluate_detections -   100m: F1=0.638 [0.592, 0.678], P=0.477 [0.427, 0.523], R=0.963 [0.943, 0.982]
2026-04-25 03:41:45,118 - INFO - evaluate_detections -   MCC=0.503 [0.432, 0.569], Sens=0.926, Spec=0.547
2026-04-25 03:41:45,120 - INFO - __main__ - [129/264] p3a-high-image-t0.3 t=3 done
2026-04-25 03:41:46,584 - INFO - evaluate_detections -   100m: F1=0.494 [0.445, 0.536], P=0.332 [0.290, 0.371], R=0.966 [0.946, 0.983]
2026-04-25 03:41:47,402 - INFO - evaluate_detections -   MCC=0.365 [0.289, 0.433], Sens=0.930, Spec=0.380
2026-04-25 03:41:47,423 - INFO - __main__ - [130/264] p3a-high-image-t0.3 t=2 done
2026-04-25 03:41:47,933 - INFO - evaluate_detections -   50m: F1=0.719 [0.676, 0.756], P=0.584 [0.534, 0.632], R=0.936 [0.910, 0.960]
2026-04-25 03:41:48,474 - INFO - evaluate_detections -   20m: F1=0.724 [0.682, 0.766], P=0.701 [0.652, 0.746], R=0.749 [0.700, 0.801]
2026-04-25 03:41:48,511 - INFO - evaluate_detections -   20m: F1=0.730 [0.687, 0.772], P=0.743 [0.695, 0.783], R=0.717 [0.665, 0.772]
2026-04-25 03:41:48,590 - INFO - evaluate_detections -   20m: F1=0.707 [0.664, 0.747], P=0.652 [0.605, 0.698], R=0.772 [0.727, 0.818]
2026-04-25 03:41:49,340 - INFO - evaluate_detections -   50m: F1=0.217 [0.185, 0.250], P=0.122 [0.102, 0.144], R=0.959 [0.938, 0.977]
2026-04-25 03:41:49,459 - INFO - evaluate_detections -   50m: F1=0.782 [0.743, 0.817], P=0.680 [0.627, 0.725], R=0.922 [0.893, 0.950]
2026-04-25 03:41:50,327 - INFO - evaluate_detections -   20m: F1=0.731 [0.690, 0.772], P=0.806 [0.759, 0.846], R=0.669 [0.618, 0.722]
2026-04-25 03:41:52,624 - INFO - evaluate_detections -   20m: F1=0.678 [0.629, 0.727], P=0.867 [0.821, 0.909], R=0.556 [0.502, 0.614]
2026-04-25 03:41:53,696 - INFO - evaluate_detections -   100m: F1=0.730 [0.687, 0.768], P=0.593 [0.542, 0.641], R=0.949 [0.925, 0.972]
2026-04-25 03:41:53,790 - INFO - evaluate_detections -   30m: F1=0.796 [0.758, 0.829], P=0.770 [0.723, 0.811], R=0.823 [0.779, 0.867]
2026-04-25 03:41:53,793 - INFO - evaluate_detections -   30m: F1=0.795 [0.759, 0.830], P=0.810 [0.767, 0.849], R=0.782 [0.736, 0.831]
2026-04-25 03:41:54,150 - INFO - evaluate_detections -   30m: F1=0.781 [0.744, 0.813], P=0.720 [0.672, 0.763], R=0.853 [0.816, 0.893]
2026-04-25 03:41:54,541 - INFO - evaluate_detections -   MCC=0.546 [0.470, 0.616], Sens=0.900, Spec=0.632
2026-04-25 03:41:54,543 - INFO - __main__ - [131/264] p3a-high-image-t0.3 t=4 done
2026-04-25 03:41:54,986 - INFO - evaluate_detections -   100m: F1=0.794 [0.756, 0.826], P=0.690 [0.638, 0.735], R=0.936 [0.907, 0.961]
2026-04-25 03:41:55,548 - INFO - evaluate_detections -   30m: F1=0.784 [0.748, 0.818], P=0.864 [0.824, 0.900], R=0.717 [0.667, 0.769]
2026-04-25 03:41:55,814 - INFO - evaluate_detections -   MCC=0.594 [0.518, 0.665], Sens=0.886, Spec=0.702
2026-04-25 03:41:55,815 - INFO - __main__ - [132/264] p3a-high-image-t0.3 t=5 done
2026-04-25 03:41:57,713 - INFO - evaluate_detections -   30m: F1=0.709 [0.665, 0.756], P=0.907 [0.867, 0.942], R=0.582 [0.529, 0.640]
2026-04-25 03:41:57,878 - INFO - evaluate_detections -   100m: F1=0.220 [0.188, 0.254], P=0.124 [0.104, 0.146], R=0.975 [0.956, 0.991]
2026-04-25 03:41:58,778 - INFO - evaluate_detections -   MCC=0.169 [0.089, 0.244], Sens=0.956, Spec=0.143
2026-04-25 03:41:58,799 - INFO - __main__ - [133/264] p3a-high-image-t0.3 t=1 done
2026-04-25 03:41:59,115 - INFO - evaluate_detections -   40m: F1=0.805 [0.768, 0.840], P=0.819 [0.774, 0.857], R=0.791 [0.744, 0.842]
2026-04-25 03:41:59,139 - INFO - evaluate_detections -   40m: F1=0.818 [0.781, 0.849], P=0.791 [0.746, 0.831], R=0.846 [0.802, 0.890]
2026-04-25 03:41:59,591 - INFO - evaluate_detections -   40m: F1=0.811 [0.775, 0.840], P=0.748 [0.700, 0.789], R=0.885 [0.848, 0.923]
2026-04-25 03:42:00,728 - INFO - evaluate_detections -   40m: F1=0.794 [0.758, 0.829], P=0.875 [0.835, 0.912], R=0.726 [0.676, 0.779]
2026-04-25 03:42:02,069 - INFO - evaluate_detections -   20m: F1=0.428 [0.387, 0.467], P=0.286 [0.253, 0.320], R=0.851 [0.811, 0.890]
2026-04-25 03:42:02,944 - INFO - evaluate_detections -   40m: F1=0.717 [0.673, 0.765], P=0.918 [0.880, 0.951], R=0.589 [0.536, 0.649]
2026-04-25 03:42:04,380 - INFO - evaluate_detections -   50m: F1=0.812 [0.776, 0.846], P=0.826 [0.784, 0.865], R=0.798 [0.751, 0.848]
2026-04-25 03:42:04,457 - INFO - evaluate_detections -   50m: F1=0.824 [0.789, 0.856], P=0.798 [0.753, 0.836], R=0.853 [0.809, 0.895]
2026-04-25 03:42:04,664 - INFO - evaluate_detections -   20m: F1=0.152 [0.129, 0.176], P=0.083 [0.069, 0.097], R=0.885 [0.851, 0.919]
2026-04-25 03:42:04,706 - INFO - evaluate_detections -   20m: F1=0.565 [0.523, 0.607], P=0.429 [0.386, 0.473], R=0.825 [0.780, 0.868]
2026-04-25 03:42:04,967 - INFO - evaluate_detections -   50m: F1=0.817 [0.782, 0.845], P=0.753 [0.706, 0.794], R=0.892 [0.857, 0.928]
2026-04-25 03:42:05,917 - INFO - evaluate_detections -   50m: F1=0.794 [0.758, 0.829], P=0.875 [0.835, 0.912], R=0.726 [0.676, 0.779]
2026-04-25 03:42:08,060 - INFO - evaluate_detections -   50m: F1=0.717 [0.673, 0.765], P=0.918 [0.880, 0.951], R=0.589 [0.536, 0.649]
2026-04-25 03:42:08,332 - INFO - evaluate_detections -   30m: F1=0.465 [0.423, 0.503], P=0.310 [0.275, 0.345], R=0.924 [0.899, 0.948]
2026-04-25 03:42:09,627 - INFO - evaluate_detections -   100m: F1=0.816 [0.781, 0.850], P=0.831 [0.788, 0.869], R=0.802 [0.755, 0.852]
2026-04-25 03:42:09,737 - INFO - evaluate_detections -   100m: F1=0.829 [0.794, 0.858], P=0.802 [0.758, 0.840], R=0.857 [0.813, 0.900]
2026-04-25 03:42:10,347 - INFO - evaluate_detections -   100m: F1=0.823 [0.790, 0.851], P=0.759 [0.711, 0.799], R=0.899 [0.863, 0.934]
2026-04-25 03:42:10,427 - INFO - evaluate_detections -   MCC=0.670 [0.597, 0.734], Sens=0.803, Spec=0.864
2026-04-25 03:42:10,428 - INFO - __main__ - [134/264] p3a-high-image-t0.3 t=8 done
2026-04-25 03:42:10,526 - INFO - evaluate_detections -   MCC=0.667 [0.596, 0.729], Sens=0.838, Spec=0.829
2026-04-25 03:42:10,528 - INFO - __main__ - [135/264] p3a-high-image-t0.3 t=7 done
2026-04-25 03:42:10,558 - INFO - evaluate_detections -   30m: F1=0.614 [0.573, 0.653], P=0.467 [0.422, 0.510], R=0.897 [0.864, 0.926]
2026-04-25 03:42:11,136 - INFO - evaluate_detections -   MCC=0.643 [0.573, 0.705], Sens=0.865, Spec=0.779
2026-04-25 03:42:11,138 - INFO - __main__ - [136/264] p3a-high-image-t0.3 t=6 done
2026-04-25 03:42:11,252 - INFO - evaluate_detections -   100m: F1=0.796 [0.759, 0.833], P=0.878 [0.837, 0.914], R=0.729 [0.679, 0.782]
2026-04-25 03:42:12,062 - INFO - evaluate_detections -   MCC=0.683 [0.614, 0.745], Sens=0.751, Spec=0.919
2026-04-25 03:42:12,064 - INFO - __main__ - [137/264] p3a-high-image-t0.3 t=9 done
2026-04-25 03:42:13,145 - INFO - evaluate_detections -   100m: F1=0.720 [0.674, 0.770], P=0.921 [0.882, 0.953], R=0.591 [0.537, 0.652]
2026-04-25 03:42:13,916 - INFO - evaluate_detections -   MCC=0.658 [0.594, 0.714], Sens=0.659, Spec=0.961
2026-04-25 03:42:13,917 - INFO - __main__ - [138/264] p3a-high-image-t0.3 t=10 done
2026-04-25 03:42:14,719 - INFO - evaluate_detections -   40m: F1=0.472 [0.429, 0.511], P=0.315 [0.278, 0.350], R=0.938 [0.914, 0.959]
2026-04-25 03:42:14,724 - INFO - evaluate_detections -   30m: F1=0.162 [0.138, 0.187], P=0.089 [0.074, 0.104], R=0.947 [0.924, 0.968]
2026-04-25 03:42:15,940 - INFO - evaluate_detections -   20m: F1=0.720 [0.677, 0.759], P=0.668 [0.619, 0.715], R=0.782 [0.734, 0.828]
2026-04-25 03:42:15,970 - INFO - evaluate_detections -   20m: F1=0.654 [0.611, 0.695], P=0.554 [0.505, 0.601], R=0.798 [0.752, 0.843]
2026-04-25 03:42:16,348 - INFO - evaluate_detections -   40m: F1=0.626 [0.584, 0.665], P=0.476 [0.430, 0.519], R=0.915 [0.886, 0.941]
2026-04-25 03:42:16,451 - INFO - evaluate_detections -   20m: F1=0.735 [0.692, 0.776], P=0.737 [0.687, 0.781], R=0.733 [0.684, 0.781]
2026-04-25 03:42:17,330 - INFO - evaluate_detections -   20m: F1=0.717 [0.672, 0.758], P=0.772 [0.724, 0.814], R=0.669 [0.616, 0.722]
2026-04-25 03:42:19,165 - INFO - evaluate_detections -   20m: F1=0.692 [0.646, 0.737], P=0.818 [0.769, 0.861], R=0.600 [0.546, 0.655]
2026-04-25 03:42:21,041 - INFO - evaluate_detections -   50m: F1=0.480 [0.438, 0.519], P=0.320 [0.284, 0.355], R=0.954 [0.936, 0.972]
2026-04-25 03:42:21,320 - INFO - evaluate_detections -   30m: F1=0.786 [0.749, 0.818], P=0.729 [0.679, 0.775], R=0.853 [0.817, 0.887]
2026-04-25 03:42:21,444 - INFO - evaluate_detections -   30m: F1=0.718 [0.676, 0.753], P=0.609 [0.555, 0.655], R=0.876 [0.843, 0.907]
2026-04-25 03:42:21,833 - INFO - evaluate_detections -   30m: F1=0.788 [0.752, 0.822], P=0.790 [0.738, 0.833], R=0.786 [0.746, 0.826]
2026-04-25 03:42:22,118 - INFO - evaluate_detections -   50m: F1=0.640 [0.599, 0.677], P=0.487 [0.441, 0.529], R=0.936 [0.912, 0.957]
2026-04-25 03:42:22,528 - INFO - evaluate_detections -   30m: F1=0.768 [0.728, 0.802], P=0.828 [0.781, 0.866], R=0.717 [0.668, 0.763]
2026-04-25 03:42:24,498 - INFO - evaluate_detections -   30m: F1=0.737 [0.696, 0.773], P=0.871 [0.827, 0.907], R=0.639 [0.589, 0.687]
2026-04-25 03:42:24,619 - INFO - evaluate_detections -   40m: F1=0.165 [0.140, 0.191], P=0.090 [0.075, 0.106], R=0.963 [0.943, 0.980]
2026-04-25 03:42:26,748 - INFO - evaluate_detections -   40m: F1=0.803 [0.766, 0.834], P=0.745 [0.698, 0.790], R=0.871 [0.836, 0.907]
2026-04-25 03:42:26,999 - INFO - evaluate_detections -   40m: F1=0.731 [0.690, 0.767], P=0.620 [0.565, 0.667], R=0.892 [0.859, 0.924]
2026-04-25 03:42:27,086 - INFO - evaluate_detections -   40m: F1=0.804 [0.768, 0.837], P=0.806 [0.757, 0.848], R=0.802 [0.760, 0.843]
2026-04-25 03:42:27,348 - INFO - evaluate_detections -   100m: F1=0.489 [0.444, 0.528], P=0.327 [0.289, 0.362], R=0.972 [0.955, 0.987]
2026-04-25 03:42:27,737 - INFO - evaluate_detections -   40m: F1=0.783 [0.742, 0.817], P=0.844 [0.797, 0.883], R=0.731 [0.680, 0.777]
2026-04-25 03:42:27,892 - INFO - evaluate_detections -   100m: F1=0.655 [0.612, 0.692], P=0.498 [0.451, 0.541], R=0.956 [0.937, 0.975]
2026-04-25 03:42:28,163 - INFO - evaluate_detections -   MCC=0.361 [0.288, 0.433], Sens=0.934, Spec=0.368
2026-04-25 03:42:28,164 - INFO - __main__ - [139/264] p3a-high-image-t1.0 t=2 done
2026-04-25 03:42:28,724 - INFO - evaluate_detections -   MCC=0.499 [0.428, 0.564], Sens=0.917, Spec=0.554
2026-04-25 03:42:28,726 - INFO - __main__ - [140/264] p3a-high-image-t1.0 t=3 done
2026-04-25 03:42:29,690 - INFO - evaluate_detections -   40m: F1=0.748 [0.706, 0.785], P=0.884 [0.841, 0.921], R=0.648 [0.597, 0.700]
2026-04-25 03:42:32,105 - INFO - evaluate_detections -   50m: F1=0.816 [0.782, 0.845], P=0.756 [0.711, 0.798], R=0.885 [0.851, 0.917]
2026-04-25 03:42:32,360 - INFO - evaluate_detections -   50m: F1=0.818 [0.784, 0.849], P=0.820 [0.773, 0.858], R=0.816 [0.776, 0.856]
2026-04-25 03:42:32,698 - INFO - evaluate_detections -   50m: F1=0.746 [0.707, 0.782], P=0.633 [0.579, 0.680], R=0.910 [0.881, 0.939]
2026-04-25 03:42:32,977 - INFO - evaluate_detections -   50m: F1=0.796 [0.758, 0.828], P=0.857 [0.812, 0.892], R=0.743 [0.693, 0.790]
2026-04-25 03:42:33,217 - INFO - evaluate_detections -   20m: F1=0.639 [0.587, 0.688], P=0.866 [0.819, 0.907], R=0.506 [0.449, 0.564]
2026-04-25 03:42:33,909 - INFO - evaluate_detections -   20m: F1=0.507 [0.449, 0.563], P=0.905 [0.854, 0.948], R=0.352 [0.301, 0.405]
2026-04-25 03:42:34,421 - INFO - evaluate_detections -   50m: F1=0.166 [0.141, 0.192], P=0.091 [0.076, 0.106], R=0.970 [0.953, 0.986]
2026-04-25 03:42:34,841 - INFO - evaluate_detections -   50m: F1=0.759 [0.721, 0.795], P=0.897 [0.857, 0.930], R=0.657 [0.608, 0.710]
2026-04-25 03:42:37,485 - INFO - evaluate_detections -   100m: F1=0.828 [0.797, 0.857], P=0.768 [0.720, 0.812], R=0.899 [0.868, 0.930]
2026-04-25 03:42:37,596 - INFO - evaluate_detections -   100m: F1=0.829 [0.797, 0.860], P=0.831 [0.787, 0.871], R=0.828 [0.787, 0.868]
2026-04-25 03:42:38,194 - INFO - evaluate_detections -   100m: F1=0.805 [0.770, 0.838], P=0.867 [0.825, 0.903], R=0.752 [0.704, 0.800]
2026-04-25 03:42:38,262 - INFO - evaluate_detections -   30m: F1=0.668 [0.619, 0.712], P=0.906 [0.862, 0.936], R=0.529 [0.474, 0.582]
2026-04-25 03:42:38,268 - INFO - evaluate_detections -   MCC=0.625 [0.550, 0.693], Sens=0.843, Spec=0.783
2026-04-25 03:42:38,269 - INFO - __main__ - [141/264] p3a-high-image-t1.0 t=5 done
2026-04-25 03:42:38,373 - INFO - evaluate_detections -   MCC=0.646 [0.569, 0.711], Sens=0.812, Spec=0.833
2026-04-25 03:42:38,375 - INFO - __main__ - [142/264] p3a-high-image-t1.0 t=6 done
2026-04-25 03:42:38,409 - INFO - evaluate_detections -   100m: F1=0.758 [0.717, 0.792], P=0.642 [0.587, 0.691], R=0.924 [0.896, 0.952]
2026-04-25 03:42:38,966 - INFO - evaluate_detections -   MCC=0.635 [0.560, 0.699], Sens=0.742, Spec=0.884
2026-04-25 03:42:38,967 - INFO - __main__ - [143/264] p3a-high-image-t1.0 t=7 done
2026-04-25 03:42:39,056 - INFO - evaluate_detections -   30m: F1=0.520 [0.466, 0.572], P=0.929 [0.881, 0.964], R=0.361 [0.311, 0.413]
2026-04-25 03:42:39,219 - INFO - evaluate_detections -   MCC=0.563 [0.490, 0.630], Sens=0.878, Spec=0.678
2026-04-25 03:42:39,220 - INFO - __main__ - [144/264] p3a-high-image-t1.0 t=4 done
2026-04-25 03:42:39,947 - INFO - evaluate_detections -   100m: F1=0.764 [0.727, 0.799], P=0.903 [0.863, 0.934], R=0.662 [0.612, 0.713]
2026-04-25 03:42:40,726 - INFO - evaluate_detections -   MCC=0.675 [0.608, 0.735], Sens=0.721, Spec=0.934
2026-04-25 03:42:40,727 - INFO - __main__ - [145/264] p3a-high-image-t1.0 t=8 done
2026-04-25 03:42:43,266 - INFO - evaluate_detections -   40m: F1=0.673 [0.624, 0.718], P=0.913 [0.872, 0.946], R=0.533 [0.478, 0.588]
2026-04-25 03:42:44,087 - INFO - evaluate_detections -   40m: F1=0.526 [0.472, 0.582], P=0.941 [0.896, 0.974], R=0.366 [0.315, 0.420]
2026-04-25 03:42:44,132 - INFO - evaluate_detections -   100m: F1=0.168 [0.143, 0.194], P=0.092 [0.077, 0.108], R=0.982 [0.969, 0.994]
2026-04-25 03:42:44,249 - INFO - evaluate_detections -   20m: F1=0.510 [0.451, 0.563], P=0.368 [0.311, 0.423], R=0.832 [0.769, 0.885]
2026-04-25 03:42:44,498 - INFO - evaluate_detections -   20m: F1=0.436 [0.383, 0.489], P=0.294 [0.248, 0.341], R=0.848 [0.787, 0.900]
2026-04-25 03:42:44,514 - INFO - evaluate_detections -   20m: F1=0.605 [0.541, 0.662], P=0.479 [0.410, 0.546], R=0.821 [0.756, 0.877]
2026-04-25 03:42:45,085 - INFO - evaluate_detections -   MCC=0.136 [0.056, 0.210], Sens=0.961, Spec=0.112
2026-04-25 03:42:45,089 - INFO - __main__ - [146/264] p3a-high-image-t1.0 t=1 done
2026-04-25 03:42:47,363 - INFO - evaluate_detections -   20m: F1=0.340 [0.293, 0.383], P=0.208 [0.174, 0.240], R=0.926 [0.898, 0.953]
2026-04-25 03:42:47,581 - INFO - evaluate_detections -   20m: F1=0.173 [0.144, 0.201], P=0.095 [0.078, 0.113], R=0.945 [0.921, 0.967]
2026-04-25 03:42:48,315 - INFO - evaluate_detections -   50m: F1=0.676 [0.627, 0.722], P=0.917 [0.878, 0.950], R=0.536 [0.480, 0.591]
2026-04-25 03:42:49,089 - INFO - evaluate_detections -   50m: F1=0.526 [0.472, 0.582], P=0.941 [0.896, 0.974], R=0.366 [0.315, 0.420]
2026-04-25 03:42:50,054 - INFO - evaluate_detections -   30m: F1=0.627 [0.565, 0.683], P=0.497 [0.429, 0.566], R=0.851 [0.786, 0.903]
2026-04-25 03:42:50,197 - INFO - evaluate_detections -   30m: F1=0.531 [0.469, 0.587], P=0.383 [0.324, 0.440], R=0.867 [0.802, 0.920]
2026-04-25 03:42:50,547 - INFO - evaluate_detections -   30m: F1=0.454 [0.401, 0.508], P=0.306 [0.259, 0.355], R=0.883 [0.820, 0.933]
2026-04-25 03:42:51,324 - INFO - evaluate_detections -   20m: F1=0.450 [0.397, 0.499], P=0.297 [0.254, 0.341], R=0.924 [0.895, 0.951]
2026-04-25 03:42:53,369 - INFO - evaluate_detections -   100m: F1=0.676 [0.627, 0.722], P=0.917 [0.878, 0.950], R=0.536 [0.480, 0.591]
2026-04-25 03:42:53,886 - INFO - evaluate_detections -   30m: F1=0.351 [0.303, 0.394], P=0.215 [0.181, 0.248], R=0.959 [0.936, 0.979]
2026-04-25 03:42:54,030 - INFO - evaluate_detections -   100m: F1=0.526 [0.472, 0.582], P=0.941 [0.896, 0.974], R=0.366 [0.315, 0.420]
2026-04-25 03:42:54,155 - INFO - evaluate_detections -   MCC=0.645 [0.581, 0.706], Sens=0.655, Spec=0.953
2026-04-25 03:42:54,156 - INFO - __main__ - [147/264] p3a-high-image-t1.0 t=9 done
2026-04-25 03:42:54,796 - INFO - evaluate_detections -   MCC=0.562 [0.500, 0.618], Sens=0.498, Spec=0.984
2026-04-25 03:42:54,797 - INFO - __main__ - [148/264] p3a-high-image-t1.0 t=10 done
2026-04-25 03:42:55,610 - INFO - evaluate_detections -   40m: F1=0.632 [0.571, 0.688], P=0.501 [0.434, 0.571], R=0.857 [0.793, 0.910]
2026-04-25 03:42:55,852 - INFO - evaluate_detections -   30m: F1=0.178 [0.147, 0.206], P=0.098 [0.080, 0.115], R=0.970 [0.952, 0.986]
2026-04-25 03:42:56,092 - INFO - evaluate_detections -   40m: F1=0.539 [0.479, 0.593], P=0.389 [0.329, 0.446], R=0.880 [0.816, 0.932]
2026-04-25 03:42:56,697 - INFO - evaluate_detections -   40m: F1=0.460 [0.405, 0.514], P=0.310 [0.262, 0.357], R=0.894 [0.831, 0.944]
2026-04-25 03:42:57,299 - INFO - evaluate_detections -   30m: F1=0.466 [0.411, 0.514], P=0.308 [0.263, 0.352], R=0.956 [0.934, 0.975]
2026-04-25 03:42:59,986 - INFO - evaluate_detections -   20m: F1=0.526 [0.473, 0.575], P=0.371 [0.323, 0.421], R=0.901 [0.869, 0.932]
2026-04-25 03:43:00,383 - INFO - evaluate_detections -   40m: F1=0.352 [0.304, 0.395], P=0.216 [0.181, 0.248], R=0.961 [0.940, 0.979]
2026-04-25 03:43:00,475 - INFO - evaluate_detections -   20m: F1=0.593 [0.542, 0.638], P=0.444 [0.390, 0.497], R=0.894 [0.861, 0.927]
2026-04-25 03:43:01,281 - INFO - evaluate_detections -   50m: F1=0.632 [0.571, 0.688], P=0.501 [0.434, 0.571], R=0.857 [0.793, 0.910]
2026-04-25 03:43:01,843 - INFO - evaluate_detections -   50m: F1=0.539 [0.479, 0.593], P=0.389 [0.329, 0.446], R=0.880 [0.816, 0.932]
2026-04-25 03:43:02,722 - INFO - evaluate_detections -   50m: F1=0.460 [0.405, 0.514], P=0.310 [0.262, 0.357], R=0.894 [0.831, 0.944]
2026-04-25 03:43:03,511 - INFO - evaluate_detections -   40m: F1=0.466 [0.411, 0.514], P=0.308 [0.263, 0.352], R=0.956 [0.934, 0.975]
2026-04-25 03:43:04,161 - INFO - evaluate_detections -   40m: F1=0.178 [0.147, 0.206], P=0.098 [0.080, 0.115], R=0.970 [0.952, 0.986]
2026-04-25 03:43:05,747 - INFO - evaluate_detections -   30m: F1=0.546 [0.491, 0.596], P=0.385 [0.335, 0.437], R=0.936 [0.910, 0.962]
2026-04-25 03:43:06,106 - INFO - evaluate_detections -   30m: F1=0.616 [0.564, 0.662], P=0.461 [0.405, 0.516], R=0.929 [0.901, 0.955]
2026-04-25 03:43:06,772 - INFO - evaluate_detections -   50m: F1=0.355 [0.307, 0.399], P=0.217 [0.182, 0.251], R=0.968 [0.948, 0.985]
2026-04-25 03:43:07,089 - INFO - evaluate_detections -   100m: F1=0.636 [0.575, 0.693], P=0.503 [0.436, 0.573], R=0.862 [0.797, 0.915]
2026-04-25 03:43:07,565 - INFO - evaluate_detections -   100m: F1=0.545 [0.482, 0.601], P=0.393 [0.334, 0.450], R=0.890 [0.827, 0.942]
2026-04-25 03:43:07,919 - INFO - evaluate_detections -   MCC=0.450 [0.374, 0.525], Sens=0.882, Spec=0.547
2026-04-25 03:43:07,920 - INFO - __main__ - [149/264] p3a-high-text-t0.0 t=3 done
2026-04-25 03:43:08,366 - INFO - evaluate_detections -   MCC=0.283 [0.200, 0.360], Sens=0.913, Spec=0.318
2026-04-25 03:43:08,367 - INFO - __main__ - [150/264] p3a-high-text-t0.0 t=2 done
2026-04-25 03:43:08,770 - INFO - evaluate_detections -   100m: F1=0.464 [0.407, 0.517], P=0.312 [0.263, 0.359], R=0.901 [0.840, 0.952]
2026-04-25 03:43:09,576 - INFO - evaluate_detections -   50m: F1=0.467 [0.412, 0.516], P=0.308 [0.263, 0.353], R=0.959 [0.939, 0.978]
2026-04-25 03:43:09,593 - INFO - evaluate_detections -   MCC=0.207 [0.131, 0.287], Sens=0.930, Spec=0.217
2026-04-25 03:43:09,595 - INFO - __main__ - [151/264] p3a-high-text-t0.0 t=1 done
2026-04-25 03:43:11,489 - INFO - evaluate_detections -   40m: F1=0.546 [0.491, 0.596], P=0.385 [0.335, 0.437], R=0.936 [0.910, 0.962]
2026-04-25 03:43:11,754 - INFO - evaluate_detections -   40m: F1=0.618 [0.564, 0.665], P=0.462 [0.405, 0.516], R=0.931 [0.905, 0.958]
2026-04-25 03:43:12,704 - INFO - evaluate_detections -   50m: F1=0.179 [0.149, 0.208], P=0.099 [0.081, 0.116], R=0.977 [0.961, 0.991]
2026-04-25 03:43:13,161 - INFO - evaluate_detections -   100m: F1=0.359 [0.311, 0.402], P=0.220 [0.185, 0.253], R=0.979 [0.964, 0.992]
2026-04-25 03:43:13,584 - INFO - evaluate_detections -   20m: F1=0.639 [0.586, 0.686], P=0.500 [0.443, 0.556], R=0.885 [0.849, 0.919]
2026-04-25 03:43:14,004 - INFO - evaluate_detections -   MCC=0.117 [0.039, 0.195], Sens=0.965, Spec=0.093
2026-04-25 03:43:14,006 - INFO - __main__ - [152/264] p3a-high-text-t0.3 t=2 done
2026-04-25 03:43:14,056 - INFO - evaluate_detections -   20m: F1=0.682 [0.631, 0.726], P=0.557 [0.496, 0.614], R=0.880 [0.842, 0.915]
2026-04-25 03:43:15,029 - INFO - evaluate_detections -   20m: F1=0.735 [0.688, 0.776], P=0.638 [0.575, 0.692], R=0.867 [0.826, 0.904]
2026-04-25 03:43:15,665 - INFO - evaluate_detections -   100m: F1=0.472 [0.417, 0.520], P=0.312 [0.266, 0.356], R=0.970 [0.953, 0.985]
2026-04-25 03:43:16,496 - INFO - evaluate_detections -   MCC=0.219 [0.145, 0.294], Sens=0.956, Spec=0.186
2026-04-25 03:43:16,499 - INFO - __main__ - [153/264] p3a-high-text-t0.3 t=3 done
2026-04-25 03:43:17,240 - INFO - evaluate_detections -   50m: F1=0.547 [0.493, 0.598], P=0.386 [0.335, 0.437], R=0.938 [0.913, 0.964]
2026-04-25 03:43:17,456 - INFO - evaluate_detections -   50m: F1=0.619 [0.565, 0.667], P=0.463 [0.406, 0.517], R=0.933 [0.908, 0.958]
2026-04-25 03:43:19,220 - INFO - evaluate_detections -   30m: F1=0.664 [0.612, 0.711], P=0.519 [0.460, 0.577], R=0.920 [0.889, 0.948]
2026-04-25 03:43:19,406 - INFO - evaluate_detections -   20m: F1=0.768 [0.724, 0.806], P=0.710 [0.648, 0.760], R=0.837 [0.796, 0.880]
2026-04-25 03:43:19,624 - INFO - evaluate_detections -   30m: F1=0.709 [0.661, 0.753], P=0.578 [0.519, 0.637], R=0.915 [0.884, 0.944]
2026-04-25 03:43:20,427 - INFO - evaluate_detections -   30m: F1=0.760 [0.713, 0.798], P=0.660 [0.598, 0.714], R=0.897 [0.861, 0.930]
2026-04-25 03:43:21,241 - INFO - evaluate_detections -   100m: F1=0.182 [0.151, 0.211], P=0.100 [0.082, 0.118], R=0.991 [0.981, 0.998]
2026-04-25 03:43:21,965 - INFO - evaluate_detections -   20m: F1=0.789 [0.750, 0.828], P=0.814 [0.764, 0.856], R=0.766 [0.718, 0.816]
2026-04-25 03:43:22,206 - INFO - evaluate_detections -   MCC=0.014 [-0.078, 0.109], Sens=0.974, Spec=0.031
2026-04-25 03:43:22,208 - INFO - __main__ - [154/264] p3a-high-text-t0.3 t=1 done
2026-04-25 03:43:23,048 - INFO - evaluate_detections -   100m: F1=0.554 [0.499, 0.605], P=0.391 [0.338, 0.443], R=0.949 [0.926, 0.971]
2026-04-25 03:43:23,139 - INFO - evaluate_detections -   100m: F1=0.625 [0.571, 0.673], P=0.468 [0.410, 0.523], R=0.943 [0.917, 0.966]
2026-04-25 03:43:23,852 - INFO - evaluate_detections -   MCC=0.271 [0.194, 0.344], Sens=0.930, Spec=0.279
2026-04-25 03:43:23,853 - INFO - __main__ - [155/264] p3a-high-text-t0.3 t=4 done
2026-04-25 03:43:23,938 - INFO - evaluate_detections -   MCC=0.336 [0.258, 0.408], Sens=0.917, Spec=0.368
2026-04-25 03:43:23,939 - INFO - __main__ - [156/264] p3a-high-text-t0.3 t=5 done
2026-04-25 03:43:24,835 - INFO - evaluate_detections -   30m: F1=0.791 [0.749, 0.827], P=0.731 [0.671, 0.781], R=0.862 [0.822, 0.901]
2026-04-25 03:43:24,901 - INFO - evaluate_detections -   40m: F1=0.666 [0.612, 0.712], P=0.521 [0.461, 0.578], R=0.922 [0.892, 0.951]
2026-04-25 03:43:25,102 - INFO - evaluate_detections -   40m: F1=0.709 [0.661, 0.753], P=0.578 [0.519, 0.637], R=0.915 [0.884, 0.944]
2026-04-25 03:43:25,804 - INFO - evaluate_detections -   40m: F1=0.760 [0.713, 0.798], P=0.660 [0.598, 0.714], R=0.897 [0.861, 0.930]
2026-04-25 03:43:27,292 - INFO - evaluate_detections -   30m: F1=0.810 [0.774, 0.846], P=0.836 [0.787, 0.876], R=0.786 [0.739, 0.835]
2026-04-25 03:43:29,946 - INFO - evaluate_detections -   20m: F1=0.450 [0.397, 0.499], P=0.297 [0.254, 0.341], R=0.924 [0.895, 0.951]
2026-04-25 03:43:30,342 - INFO - evaluate_detections -   20m: F1=0.340 [0.293, 0.383], P=0.208 [0.174, 0.240], R=0.926 [0.898, 0.953]
2026-04-25 03:43:30,419 - INFO - evaluate_detections -   40m: F1=0.791 [0.749, 0.827], P=0.731 [0.671, 0.781], R=0.862 [0.822, 0.901]
2026-04-25 03:43:30,548 - INFO - evaluate_detections -   50m: F1=0.711 [0.663, 0.755], P=0.580 [0.521, 0.639], R=0.917 [0.888, 0.945]
2026-04-25 03:43:30,610 - INFO - evaluate_detections -   50m: F1=0.667 [0.614, 0.715], P=0.522 [0.462, 0.581], R=0.924 [0.897, 0.952]
2026-04-25 03:43:30,611 - INFO - evaluate_detections -   20m: F1=0.173 [0.144, 0.201], P=0.095 [0.078, 0.113], R=0.945 [0.921, 0.967]
2026-04-25 03:43:31,223 - INFO - evaluate_detections -   50m: F1=0.762 [0.715, 0.800], P=0.662 [0.600, 0.716], R=0.899 [0.865, 0.930]
2026-04-25 03:43:32,788 - INFO - evaluate_detections -   40m: F1=0.810 [0.774, 0.846], P=0.836 [0.787, 0.876], R=0.786 [0.739, 0.835]
2026-04-25 03:43:35,809 - INFO - evaluate_detections -   50m: F1=0.791 [0.749, 0.827], P=0.731 [0.671, 0.781], R=0.862 [0.822, 0.901]
2026-04-25 03:43:36,002 - INFO - evaluate_detections -   100m: F1=0.712 [0.663, 0.757], P=0.581 [0.522, 0.640], R=0.920 [0.891, 0.947]
2026-04-25 03:43:36,005 - INFO - evaluate_detections -   30m: F1=0.466 [0.411, 0.514], P=0.308 [0.263, 0.352], R=0.956 [0.934, 0.975]
2026-04-25 03:43:36,169 - INFO - evaluate_detections -   100m: F1=0.671 [0.617, 0.717], P=0.525 [0.464, 0.584], R=0.929 [0.901, 0.956]
2026-04-25 03:43:36,800 - INFO - evaluate_detections -   MCC=0.470 [0.394, 0.548], Sens=0.904, Spec=0.539
2026-04-25 03:43:36,801 - INFO - __main__ - [157/264] p3a-high-text-t0.3 t=7 done
2026-04-25 03:43:36,821 - INFO - evaluate_detections -   30m: F1=0.351 [0.303, 0.394], P=0.215 [0.181, 0.248], R=0.959 [0.936, 0.979]
2026-04-25 03:43:36,824 - INFO - evaluate_detections -   100m: F1=0.764 [0.717, 0.802], P=0.663 [0.602, 0.718], R=0.901 [0.868, 0.933]
2026-04-25 03:43:36,967 - INFO - evaluate_detections -   MCC=0.413 [0.337, 0.493], Sens=0.913, Spec=0.461
2026-04-25 03:43:36,971 - INFO - __main__ - [158/264] p3a-high-text-t0.3 t=6 done
2026-04-25 03:43:37,646 - INFO - evaluate_detections -   MCC=0.534 [0.464, 0.608], Sens=0.886, Spec=0.636
2026-04-25 03:43:37,647 - INFO - __main__ - [159/264] p3a-high-text-t0.3 t=8 done
2026-04-25 03:43:38,078 - INFO - evaluate_detections -   50m: F1=0.810 [0.774, 0.846], P=0.836 [0.787, 0.876], R=0.786 [0.739, 0.835]
2026-04-25 03:43:38,896 - INFO - evaluate_detections -   30m: F1=0.178 [0.147, 0.206], P=0.098 [0.080, 0.115], R=0.970 [0.952, 0.986]
2026-04-25 03:43:41,172 - INFO - evaluate_detections -   100m: F1=0.793 [0.752, 0.830], P=0.733 [0.674, 0.783], R=0.864 [0.823, 0.903]
2026-04-25 03:43:41,970 - INFO - evaluate_detections -   MCC=0.569 [0.498, 0.646], Sens=0.843, Spec=0.725
2026-04-25 03:43:41,991 - INFO - __main__ - [160/264] p3a-high-text-t0.3 t=9 done
2026-04-25 03:43:42,189 - INFO - evaluate_detections -   40m: F1=0.466 [0.411, 0.514], P=0.308 [0.263, 0.352], R=0.956 [0.934, 0.975]
2026-04-25 03:43:42,572 - INFO - evaluate_detections -   20m: F1=0.526 [0.473, 0.575], P=0.371 [0.323, 0.421], R=0.901 [0.869, 0.932]
2026-04-25 03:43:42,703 - INFO - evaluate_detections -   20m: F1=0.593 [0.542, 0.638], P=0.444 [0.390, 0.497], R=0.894 [0.861, 0.927]
2026-04-25 03:43:43,269 - INFO - evaluate_detections -   40m: F1=0.352 [0.304, 0.395], P=0.216 [0.181, 0.248], R=0.961 [0.940, 0.979]
2026-04-25 03:43:43,299 - INFO - evaluate_detections -   20m: F1=0.639 [0.586, 0.686], P=0.500 [0.443, 0.556], R=0.885 [0.849, 0.919]
2026-04-25 03:43:43,515 - INFO - evaluate_detections -   100m: F1=0.810 [0.774, 0.846], P=0.836 [0.787, 0.876], R=0.786 [0.739, 0.835]
2026-04-25 03:43:44,336 - INFO - evaluate_detections -   MCC=0.587 [0.512, 0.657], Sens=0.755, Spec=0.829
2026-04-25 03:43:44,337 - INFO - __main__ - [161/264] p3a-high-text-t0.3 t=10 done
2026-04-25 03:43:47,266 - INFO - evaluate_detections -   40m: F1=0.178 [0.147, 0.206], P=0.098 [0.080, 0.115], R=0.970 [0.952, 0.986]
2026-04-25 03:43:47,468 - INFO - evaluate_detections -   20m: F1=0.682 [0.631, 0.726], P=0.557 [0.496, 0.614], R=0.880 [0.842, 0.915]
2026-04-25 03:43:48,213 - INFO - evaluate_detections -   50m: F1=0.467 [0.412, 0.516], P=0.308 [0.263, 0.353], R=0.959 [0.939, 0.978]
2026-04-25 03:43:48,283 - INFO - evaluate_detections -   30m: F1=0.616 [0.564, 0.662], P=0.461 [0.405, 0.516], R=0.929 [0.901, 0.955]
2026-04-25 03:43:48,400 - INFO - evaluate_detections -   30m: F1=0.546 [0.491, 0.596], P=0.385 [0.335, 0.437], R=0.936 [0.910, 0.962]
2026-04-25 03:43:48,883 - INFO - evaluate_detections -   30m: F1=0.664 [0.612, 0.711], P=0.519 [0.460, 0.577], R=0.920 [0.889, 0.948]
2026-04-25 03:43:49,693 - INFO - evaluate_detections -   50m: F1=0.355 [0.307, 0.399], P=0.217 [0.182, 0.251], R=0.968 [0.948, 0.985]
2026-04-25 03:43:50,024 - INFO - evaluate_detections -   20m: F1=0.735 [0.688, 0.776], P=0.638 [0.575, 0.692], R=0.867 [0.826, 0.904]
2026-04-25 03:43:52,960 - INFO - evaluate_detections -   30m: F1=0.709 [0.661, 0.753], P=0.578 [0.519, 0.637], R=0.915 [0.884, 0.944]
2026-04-25 03:43:54,076 - INFO - evaluate_detections -   40m: F1=0.618 [0.564, 0.665], P=0.462 [0.405, 0.516], R=0.931 [0.905, 0.958]
2026-04-25 03:43:54,162 - INFO - evaluate_detections -   40m: F1=0.546 [0.491, 0.596], P=0.385 [0.335, 0.437], R=0.936 [0.910, 0.962]
2026-04-25 03:43:54,219 - INFO - evaluate_detections -   100m: F1=0.472 [0.417, 0.520], P=0.312 [0.266, 0.356], R=0.970 [0.953, 0.985]
2026-04-25 03:43:54,549 - INFO - evaluate_detections -   40m: F1=0.666 [0.612, 0.712], P=0.521 [0.461, 0.578], R=0.922 [0.892, 0.951]
2026-04-25 03:43:55,049 - INFO - evaluate_detections -   MCC=0.219 [0.145, 0.294], Sens=0.956, Spec=0.186
2026-04-25 03:43:55,050 - INFO - __main__ - [162/264] p3a-high-text-t0.3-n5 t=3 done
2026-04-25 03:43:55,554 - INFO - evaluate_detections -   50m: F1=0.179 [0.149, 0.208], P=0.099 [0.081, 0.116], R=0.977 [0.961, 0.991]
2026-04-25 03:43:55,683 - INFO - evaluate_detections -   30m: F1=0.760 [0.713, 0.798], P=0.660 [0.598, 0.714], R=0.897 [0.861, 0.930]
2026-04-25 03:43:56,203 - INFO - evaluate_detections -   100m: F1=0.359 [0.311, 0.402], P=0.220 [0.185, 0.253], R=0.979 [0.964, 0.992]
2026-04-25 03:43:57,074 - INFO - evaluate_detections -   MCC=0.117 [0.039, 0.195], Sens=0.965, Spec=0.093
2026-04-25 03:43:57,076 - INFO - __main__ - [163/264] p3a-high-text-t0.3-n5 t=2 done
2026-04-25 03:43:58,476 - INFO - evaluate_detections -   40m: F1=0.709 [0.661, 0.753], P=0.578 [0.519, 0.637], R=0.915 [0.884, 0.944]
2026-04-25 03:43:59,757 - INFO - evaluate_detections -   50m: F1=0.619 [0.565, 0.667], P=0.463 [0.406, 0.517], R=0.933 [0.908, 0.958]
2026-04-25 03:43:59,940 - INFO - evaluate_detections -   50m: F1=0.547 [0.493, 0.598], P=0.386 [0.335, 0.437], R=0.938 [0.913, 0.964]
2026-04-25 03:44:00,370 - INFO - evaluate_detections -   50m: F1=0.667 [0.614, 0.715], P=0.522 [0.462, 0.581], R=0.924 [0.897, 0.952]
2026-04-25 03:44:00,480 - INFO - evaluate_detections -   20m: F1=0.768 [0.724, 0.806], P=0.710 [0.648, 0.760], R=0.837 [0.796, 0.880]
2026-04-25 03:44:01,143 - INFO - evaluate_detections -   40m: F1=0.760 [0.713, 0.798], P=0.660 [0.598, 0.714], R=0.897 [0.861, 0.930]
2026-04-25 03:44:02,375 - INFO - evaluate_detections -   20m: F1=0.789 [0.750, 0.828], P=0.814 [0.764, 0.856], R=0.766 [0.718, 0.816]
2026-04-25 03:44:03,862 - INFO - evaluate_detections -   100m: F1=0.182 [0.151, 0.211], P=0.100 [0.082, 0.118], R=0.991 [0.981, 0.998]
2026-04-25 03:44:04,041 - INFO - evaluate_detections -   50m: F1=0.711 [0.663, 0.755], P=0.580 [0.521, 0.639], R=0.917 [0.888, 0.945]
2026-04-25 03:44:04,788 - INFO - evaluate_detections -   MCC=0.014 [-0.078, 0.109], Sens=0.974, Spec=0.031
2026-04-25 03:44:04,791 - INFO - __main__ - [164/264] p3a-high-text-t0.3-n5 t=1 done
2026-04-25 03:44:05,502 - INFO - evaluate_detections -   100m: F1=0.625 [0.571, 0.673], P=0.468 [0.410, 0.523], R=0.943 [0.917, 0.966]
2026-04-25 03:44:05,710 - INFO - evaluate_detections -   100m: F1=0.554 [0.499, 0.605], P=0.391 [0.338, 0.443], R=0.949 [0.926, 0.971]
2026-04-25 03:44:06,023 - INFO - evaluate_detections -   30m: F1=0.791 [0.749, 0.827], P=0.731 [0.671, 0.781], R=0.862 [0.822, 0.901]
2026-04-25 03:44:06,072 - INFO - evaluate_detections -   100m: F1=0.671 [0.617, 0.717], P=0.525 [0.464, 0.584], R=0.929 [0.901, 0.956]
2026-04-25 03:44:06,337 - INFO - evaluate_detections -   MCC=0.336 [0.258, 0.408], Sens=0.917, Spec=0.368
2026-04-25 03:44:06,338 - INFO - __main__ - [165/264] p3a-high-text-t0.3-n5 t=5 done
2026-04-25 03:44:06,517 - INFO - evaluate_detections -   MCC=0.271 [0.194, 0.344], Sens=0.930, Spec=0.279
2026-04-25 03:44:06,518 - INFO - __main__ - [166/264] p3a-high-text-t0.3-n5 t=4 done
2026-04-25 03:44:06,696 - INFO - evaluate_detections -   50m: F1=0.762 [0.715, 0.800], P=0.662 [0.600, 0.716], R=0.899 [0.865, 0.930]
2026-04-25 03:44:06,865 - INFO - evaluate_detections -   MCC=0.413 [0.337, 0.493], Sens=0.913, Spec=0.461
2026-04-25 03:44:06,866 - INFO - __main__ - [167/264] p3a-high-text-t0.3-n5 t=6 done
2026-04-25 03:44:07,675 - INFO - evaluate_detections -   30m: F1=0.810 [0.774, 0.846], P=0.836 [0.787, 0.876], R=0.786 [0.739, 0.835]
2026-04-25 03:44:09,557 - INFO - evaluate_detections -   100m: F1=0.712 [0.663, 0.757], P=0.581 [0.522, 0.640], R=0.920 [0.891, 0.947]
2026-04-25 03:44:10,358 - INFO - evaluate_detections -   MCC=0.470 [0.394, 0.548], Sens=0.904, Spec=0.539
2026-04-25 03:44:10,359 - INFO - __main__ - [168/264] p3a-high-text-t0.3-n5 t=7 done
2026-04-25 03:44:11,618 - INFO - evaluate_detections -   40m: F1=0.791 [0.749, 0.827], P=0.731 [0.671, 0.781], R=0.862 [0.822, 0.901]
2026-04-25 03:44:12,407 - INFO - evaluate_detections -   100m: F1=0.764 [0.717, 0.802], P=0.663 [0.602, 0.718], R=0.901 [0.868, 0.933]
2026-04-25 03:44:12,513 - INFO - evaluate_detections -   20m: F1=0.429 [0.377, 0.481], P=0.278 [0.236, 0.324], R=0.931 [0.899, 0.961]
2026-04-25 03:44:12,684 - INFO - evaluate_detections -   20m: F1=0.511 [0.453, 0.564], P=0.353 [0.302, 0.406], R=0.920 [0.885, 0.950]
2026-04-25 03:44:12,865 - INFO - evaluate_detections -   20m: F1=0.317 [0.271, 0.362], P=0.191 [0.159, 0.224], R=0.940 [0.912, 0.965]
2026-04-25 03:44:12,890 - INFO - evaluate_detections -   40m: F1=0.810 [0.774, 0.846], P=0.836 [0.787, 0.876], R=0.786 [0.739, 0.835]
2026-04-25 03:44:13,239 - INFO - evaluate_detections -   MCC=0.534 [0.464, 0.608], Sens=0.886, Spec=0.636
2026-04-25 03:44:13,240 - INFO - __main__ - [169/264] p3a-high-text-t0.3-n5 t=8 done
2026-04-25 03:44:14,133 - INFO - evaluate_detections -   20m: F1=0.131 [0.108, 0.156], P=0.070 [0.057, 0.085], R=0.959 [0.936, 0.978]
2026-04-25 03:44:15,986 - INFO - evaluate_detections -   20m: F1=0.590 [0.531, 0.644], P=0.437 [0.378, 0.494], R=0.910 [0.873, 0.947]
2026-04-25 03:44:17,067 - INFO - evaluate_detections -   50m: F1=0.791 [0.749, 0.827], P=0.731 [0.671, 0.781], R=0.862 [0.822, 0.901]
2026-04-25 03:44:18,134 - INFO - evaluate_detections -   50m: F1=0.810 [0.774, 0.846], P=0.836 [0.787, 0.876], R=0.786 [0.739, 0.835]
2026-04-25 03:44:18,416 - INFO - evaluate_detections -   30m: F1=0.525 [0.467, 0.579], P=0.363 [0.310, 0.417], R=0.945 [0.919, 0.967]
2026-04-25 03:44:18,553 - INFO - evaluate_detections -   30m: F1=0.440 [0.386, 0.492], P=0.286 [0.242, 0.331], R=0.956 [0.935, 0.975]
2026-04-25 03:44:19,040 - INFO - evaluate_detections -   20m: F1=0.653 [0.597, 0.704], P=0.515 [0.451, 0.575], R=0.892 [0.853, 0.927]
2026-04-25 03:44:19,358 - INFO - evaluate_detections -   30m: F1=0.324 [0.276, 0.368], P=0.195 [0.161, 0.228], R=0.961 [0.940, 0.979]
2026-04-25 03:44:21,623 - INFO - evaluate_detections -   30m: F1=0.605 [0.546, 0.657], P=0.448 [0.388, 0.506], R=0.933 [0.901, 0.962]
2026-04-25 03:44:22,434 - INFO - evaluate_detections -   100m: F1=0.793 [0.752, 0.830], P=0.733 [0.674, 0.783], R=0.864 [0.823, 0.903]
2026-04-25 03:44:23,223 - INFO - evaluate_detections -   MCC=0.569 [0.498, 0.646], Sens=0.843, Spec=0.725
2026-04-25 03:44:23,224 - INFO - __main__ - [170/264] p3a-high-text-t0.3-n5 t=9 done
2026-04-25 03:44:23,553 - INFO - evaluate_detections -   30m: F1=0.133 [0.109, 0.158], P=0.071 [0.058, 0.086], R=0.972 [0.955, 0.988]
2026-04-25 03:44:23,616 - INFO - evaluate_detections -   100m: F1=0.810 [0.774, 0.846], P=0.836 [0.787, 0.876], R=0.786 [0.739, 0.835]
2026-04-25 03:44:24,210 - INFO - evaluate_detections -   40m: F1=0.526 [0.468, 0.580], P=0.364 [0.310, 0.418], R=0.947 [0.923, 0.969]
2026-04-25 03:44:24,414 - INFO - evaluate_detections -   MCC=0.587 [0.512, 0.657], Sens=0.755, Spec=0.829
2026-04-25 03:44:24,416 - INFO - __main__ - [171/264] p3a-high-text-t0.3-n5 t=10 done
2026-04-25 03:44:24,628 - INFO - evaluate_detections -   30m: F1=0.668 [0.612, 0.719], P=0.527 [0.462, 0.586], R=0.913 [0.879, 0.943]
2026-04-25 03:44:24,682 - INFO - evaluate_detections -   40m: F1=0.440 [0.386, 0.492], P=0.286 [0.242, 0.331], R=0.956 [0.935, 0.975]
2026-04-25 03:44:25,897 - INFO - evaluate_detections -   40m: F1=0.325 [0.278, 0.370], P=0.195 [0.162, 0.229], R=0.963 [0.943, 0.980]
2026-04-25 03:44:27,281 - INFO - evaluate_detections -   40m: F1=0.607 [0.547, 0.659], P=0.449 [0.389, 0.508], R=0.936 [0.904, 0.964]
2026-04-25 03:44:28,681 - INFO - evaluate_detections -   20m: F1=0.701 [0.649, 0.746], P=0.593 [0.527, 0.654], R=0.855 [0.816, 0.894]
2026-04-25 03:44:29,776 - INFO - evaluate_detections -   20m: F1=0.762 [0.716, 0.801], P=0.706 [0.643, 0.763], R=0.828 [0.783, 0.871]
2026-04-25 03:44:30,240 - INFO - evaluate_detections -   50m: F1=0.526 [0.468, 0.580], P=0.364 [0.310, 0.418], R=0.947 [0.923, 0.969]
2026-04-25 03:44:30,265 - INFO - evaluate_detections -   40m: F1=0.669 [0.613, 0.720], P=0.528 [0.463, 0.589], R=0.915 [0.881, 0.944]
2026-04-25 03:44:30,664 - INFO - evaluate_detections -   50m: F1=0.442 [0.387, 0.495], P=0.287 [0.243, 0.334], R=0.961 [0.941, 0.979]
2026-04-25 03:44:32,417 - INFO - evaluate_detections -   50m: F1=0.326 [0.278, 0.372], P=0.196 [0.163, 0.230], R=0.968 [0.950, 0.983]
2026-04-25 03:44:32,814 - INFO - evaluate_detections -   40m: F1=0.133 [0.110, 0.158], P=0.072 [0.058, 0.086], R=0.975 [0.958, 0.989]
2026-04-25 03:44:32,924 - INFO - evaluate_detections -   50m: F1=0.607 [0.547, 0.659], P=0.449 [0.389, 0.508], R=0.936 [0.904, 0.964]
2026-04-25 03:44:34,113 - INFO - evaluate_detections -   30m: F1=0.716 [0.665, 0.762], P=0.606 [0.540, 0.666], R=0.874 [0.838, 0.908]
2026-04-25 03:44:35,153 - INFO - evaluate_detections -   30m: F1=0.779 [0.734, 0.816], P=0.722 [0.659, 0.777], R=0.846 [0.804, 0.885]
2026-04-25 03:44:35,928 - INFO - evaluate_detections -   50m: F1=0.669 [0.613, 0.720], P=0.528 [0.463, 0.589], R=0.915 [0.881, 0.944]
2026-04-25 03:44:36,146 - INFO - evaluate_detections -   100m: F1=0.530 [0.471, 0.583], P=0.367 [0.313, 0.420], R=0.954 [0.932, 0.974]
2026-04-25 03:44:36,647 - INFO - evaluate_detections -   100m: F1=0.447 [0.390, 0.500], P=0.290 [0.245, 0.337], R=0.970 [0.953, 0.986]
2026-04-25 03:44:36,969 - INFO - evaluate_detections -   MCC=0.248 [0.174, 0.321], Sens=0.930, Spec=0.256
2026-04-25 03:44:36,971 - INFO - __main__ - [172/264] p3a-high-text-t1.0 t=4 done
2026-04-25 03:44:37,477 - INFO - evaluate_detections -   MCC=0.180 [0.101, 0.255], Sens=0.948, Spec=0.167
2026-04-25 03:44:37,479 - INFO - __main__ - [173/264] p3a-high-text-t1.0 t=3 done
2026-04-25 03:44:38,546 - INFO - evaluate_detections -   100m: F1=0.611 [0.551, 0.662], P=0.452 [0.392, 0.511], R=0.943 [0.912, 0.968]
2026-04-25 03:44:38,946 - INFO - evaluate_detections -   100m: F1=0.331 [0.282, 0.377], P=0.199 [0.165, 0.233], R=0.982 [0.968, 0.993]
2026-04-25 03:44:39,357 - INFO - evaluate_detections -   MCC=0.342 [0.264, 0.413], Sens=0.908, Spec=0.388
2026-04-25 03:44:39,359 - INFO - __main__ - [174/264] p3a-high-text-t1.0 t=5 done
2026-04-25 03:44:39,755 - INFO - evaluate_detections -   40m: F1=0.716 [0.665, 0.762], P=0.606 [0.540, 0.666], R=0.874 [0.838, 0.908]
2026-04-25 03:44:39,796 - INFO - evaluate_detections -   MCC=0.151 [0.075, 0.226], Sens=0.969, Spec=0.109
2026-04-25 03:44:39,797 - INFO - __main__ - [175/264] p3a-high-text-t1.0 t=2 done
2026-04-25 03:44:40,581 - INFO - evaluate_detections -   40m: F1=0.779 [0.734, 0.816], P=0.722 [0.659, 0.777], R=0.846 [0.804, 0.885]
2026-04-25 03:44:41,468 - INFO - evaluate_detections -   100m: F1=0.669 [0.613, 0.720], P=0.528 [0.463, 0.589], R=0.915 [0.881, 0.944]
2026-04-25 03:44:42,142 - INFO - evaluate_detections -   50m: F1=0.134 [0.110, 0.159], P=0.072 [0.059, 0.087], R=0.982 [0.965, 0.994]
2026-04-25 03:44:42,224 - INFO - evaluate_detections -   20m: F1=0.773 [0.729, 0.811], P=0.792 [0.730, 0.846], R=0.754 [0.708, 0.802]
2026-04-25 03:44:42,280 - INFO - evaluate_detections -   MCC=0.393 [0.322, 0.466], Sens=0.886, Spec=0.477
2026-04-25 03:44:42,282 - INFO - __main__ - [176/264] p3a-high-text-t1.0 t=6 done
2026-04-25 03:44:42,701 - INFO - evaluate_detections -   20m: F1=0.730 [0.684, 0.777], P=0.896 [0.855, 0.931], R=0.616 [0.563, 0.677]
2026-04-25 03:44:45,186 - INFO - evaluate_detections -   50m: F1=0.716 [0.665, 0.762], P=0.606 [0.540, 0.666], R=0.874 [0.838, 0.908]
2026-04-25 03:44:46,005 - INFO - evaluate_detections -   50m: F1=0.779 [0.734, 0.816], P=0.722 [0.659, 0.777], R=0.846 [0.804, 0.885]
2026-04-25 03:44:46,281 - INFO - evaluate_detections -   20m: F1=0.317 [0.271, 0.362], P=0.191 [0.159, 0.224], R=0.940 [0.912, 0.965]
2026-04-25 03:44:47,475 - INFO - evaluate_detections -   30m: F1=0.789 [0.749, 0.825], P=0.809 [0.749, 0.860], R=0.770 [0.724, 0.817]
2026-04-25 03:44:47,949 - INFO - evaluate_detections -   30m: F1=0.744 [0.698, 0.787], P=0.913 [0.873, 0.947], R=0.628 [0.573, 0.686]
2026-04-25 03:44:48,358 - INFO - evaluate_detections -   20m: F1=0.429 [0.377, 0.481], P=0.278 [0.236, 0.324], R=0.931 [0.899, 0.961]
2026-04-25 03:44:48,723 - INFO - evaluate_detections -   20m: F1=0.131 [0.108, 0.156], P=0.070 [0.057, 0.085], R=0.959 [0.936, 0.978]
2026-04-25 03:44:50,773 - INFO - evaluate_detections -   100m: F1=0.716 [0.665, 0.762], P=0.606 [0.540, 0.666], R=0.874 [0.838, 0.908]
2026-04-25 03:44:51,395 - INFO - evaluate_detections -   100m: F1=0.779 [0.734, 0.816], P=0.722 [0.659, 0.777], R=0.846 [0.804, 0.885]
2026-04-25 03:44:51,490 - INFO - evaluate_detections -   100m: F1=0.135 [0.111, 0.160], P=0.073 [0.059, 0.087], R=0.989 [0.978, 0.998]
2026-04-25 03:44:51,569 - INFO - evaluate_detections -   MCC=0.451 [0.379, 0.535], Sens=0.856, Spec=0.581
2026-04-25 03:44:51,570 - INFO - __main__ - [177/264] p3a-high-text-t1.0 t=7 done
2026-04-25 03:44:52,184 - INFO - evaluate_detections -   MCC=0.528 [0.458, 0.608], Sens=0.825, Spec=0.702
2026-04-25 03:44:52,185 - INFO - __main__ - [178/264] p3a-high-text-t1.0 t=8 done
2026-04-25 03:44:52,502 - INFO - evaluate_detections -   MCC=0.020 [-0.067, 0.105], Sens=0.983, Spec=0.023
2026-04-25 03:44:52,505 - INFO - __main__ - [179/264] p3a-high-text-t1.0 t=1 done
2026-04-25 03:44:52,723 - INFO - evaluate_detections -   40m: F1=0.789 [0.749, 0.825], P=0.809 [0.749, 0.860], R=0.770 [0.724, 0.817]
2026-04-25 03:44:52,744 - INFO - evaluate_detections -   30m: F1=0.324 [0.276, 0.368], P=0.195 [0.161, 0.228], R=0.961 [0.940, 0.979]
2026-04-25 03:44:53,228 - INFO - evaluate_detections -   40m: F1=0.744 [0.698, 0.787], P=0.913 [0.873, 0.947], R=0.628 [0.573, 0.686]
2026-04-25 03:44:54,402 - INFO - evaluate_detections -   30m: F1=0.440 [0.386, 0.492], P=0.286 [0.242, 0.331], R=0.956 [0.935, 0.975]
2026-04-25 03:44:57,408 - INFO - evaluate_detections -   20m: F1=0.511 [0.453, 0.564], P=0.353 [0.302, 0.406], R=0.920 [0.885, 0.950]
2026-04-25 03:44:57,805 - INFO - evaluate_detections -   20m: F1=0.590 [0.531, 0.644], P=0.437 [0.378, 0.494], R=0.910 [0.873, 0.947]
2026-04-25 03:44:57,967 - INFO - evaluate_detections -   50m: F1=0.789 [0.749, 0.825], P=0.809 [0.749, 0.860], R=0.770 [0.724, 0.817]
2026-04-25 03:44:58,151 - INFO - evaluate_detections -   30m: F1=0.133 [0.109, 0.158], P=0.071 [0.058, 0.086], R=0.972 [0.955, 0.988]
2026-04-25 03:44:58,154 - INFO - evaluate_detections -   20m: F1=0.653 [0.597, 0.704], P=0.515 [0.451, 0.575], R=0.892 [0.853, 0.927]
2026-04-25 03:44:58,382 - INFO - evaluate_detections -   50m: F1=0.744 [0.698, 0.787], P=0.913 [0.873, 0.947], R=0.628 [0.573, 0.686]
2026-04-25 03:44:59,203 - INFO - evaluate_detections -   40m: F1=0.325 [0.278, 0.370], P=0.195 [0.162, 0.229], R=0.963 [0.943, 0.980]
2026-04-25 03:45:00,725 - INFO - evaluate_detections -   40m: F1=0.440 [0.386, 0.492], P=0.286 [0.242, 0.331], R=0.956 [0.935, 0.975]
2026-04-25 03:45:03,216 - INFO - evaluate_detections -   100m: F1=0.789 [0.749, 0.825], P=0.809 [0.749, 0.860], R=0.770 [0.724, 0.817]
2026-04-25 03:45:03,340 - INFO - evaluate_detections -   30m: F1=0.525 [0.467, 0.579], P=0.363 [0.310, 0.417], R=0.945 [0.919, 0.967]
2026-04-25 03:45:03,424 - INFO - evaluate_detections -   30m: F1=0.605 [0.546, 0.657], P=0.448 [0.388, 0.506], R=0.933 [0.901, 0.962]
2026-04-25 03:45:03,488 - INFO - evaluate_detections -   100m: F1=0.744 [0.698, 0.787], P=0.913 [0.873, 0.947], R=0.628 [0.573, 0.686]
2026-04-25 03:45:03,822 - INFO - evaluate_detections -   30m: F1=0.668 [0.612, 0.719], P=0.527 [0.462, 0.586], R=0.913 [0.879, 0.943]
2026-04-25 03:45:04,002 - INFO - evaluate_detections -   MCC=0.575 [0.503, 0.647], Sens=0.751, Spec=0.822
2026-04-25 03:45:04,003 - INFO - __main__ - [180/264] p3a-high-text-t1.0 t=9 done
2026-04-25 03:45:04,272 - INFO - evaluate_detections -   MCC=0.610 [0.541, 0.672], Sens=0.638, Spec=0.938
2026-04-25 03:45:04,273 - INFO - __main__ - [181/264] p3a-high-text-t1.0 t=10 done
2026-04-25 03:45:05,801 - INFO - evaluate_detections -   50m: F1=0.326 [0.278, 0.372], P=0.196 [0.163, 0.230], R=0.968 [0.950, 0.983]
2026-04-25 03:45:06,759 - INFO - evaluate_detections -   50m: F1=0.442 [0.387, 0.495], P=0.287 [0.243, 0.334], R=0.961 [0.941, 0.979]
2026-04-25 03:45:07,404 - INFO - evaluate_detections -   40m: F1=0.133 [0.110, 0.158], P=0.072 [0.058, 0.086], R=0.975 [0.958, 0.989]
2026-04-25 03:45:09,156 - INFO - evaluate_detections -   40m: F1=0.526 [0.468, 0.580], P=0.364 [0.310, 0.418], R=0.947 [0.923, 0.969]
2026-04-25 03:45:09,211 - INFO - evaluate_detections -   40m: F1=0.607 [0.547, 0.659], P=0.449 [0.389, 0.508], R=0.936 [0.904, 0.964]
2026-04-25 03:45:09,274 - INFO - evaluate_detections -   40m: F1=0.669 [0.613, 0.720], P=0.528 [0.463, 0.589], R=0.915 [0.881, 0.944]
2026-04-25 03:45:09,425 - INFO - evaluate_detections -   20m: F1=0.701 [0.649, 0.746], P=0.593 [0.527, 0.654], R=0.855 [0.816, 0.894]
2026-04-25 03:45:09,579 - INFO - evaluate_detections -   20m: F1=0.762 [0.716, 0.801], P=0.706 [0.643, 0.763], R=0.828 [0.783, 0.871]
2026-04-25 03:45:12,427 - INFO - evaluate_detections -   100m: F1=0.331 [0.282, 0.377], P=0.199 [0.165, 0.233], R=0.982 [0.968, 0.993]
2026-04-25 03:45:12,785 - INFO - evaluate_detections -   100m: F1=0.447 [0.390, 0.500], P=0.290 [0.245, 0.337], R=0.970 [0.953, 0.986]
2026-04-25 03:45:13,272 - INFO - evaluate_detections -   MCC=0.151 [0.075, 0.226], Sens=0.969, Spec=0.109
2026-04-25 03:45:13,274 - INFO - __main__ - [182/264] p3a-high-text-t1.0-n5 t=2 done
2026-04-25 03:45:13,628 - INFO - evaluate_detections -   MCC=0.180 [0.101, 0.255], Sens=0.948, Spec=0.167
2026-04-25 03:45:13,630 - INFO - __main__ - [183/264] p3a-high-text-t1.0-n5 t=3 done
2026-04-25 03:45:14,747 - INFO - evaluate_detections -   50m: F1=0.669 [0.613, 0.720], P=0.528 [0.463, 0.589], R=0.915 [0.881, 0.944]
2026-04-25 03:45:14,834 - INFO - evaluate_detections -   30m: F1=0.716 [0.665, 0.762], P=0.606 [0.540, 0.666], R=0.874 [0.838, 0.908]
2026-04-25 03:45:14,929 - INFO - evaluate_detections -   30m: F1=0.779 [0.734, 0.816], P=0.722 [0.659, 0.777], R=0.846 [0.804, 0.885]
2026-04-25 03:45:14,981 - INFO - evaluate_detections -   50m: F1=0.607 [0.547, 0.659], P=0.449 [0.389, 0.508], R=0.936 [0.904, 0.964]
2026-04-25 03:45:15,129 - INFO - evaluate_detections -   50m: F1=0.526 [0.468, 0.580], P=0.364 [0.310, 0.418], R=0.947 [0.923, 0.969]
2026-04-25 03:45:16,642 - INFO - evaluate_detections -   50m: F1=0.134 [0.110, 0.159], P=0.072 [0.059, 0.087], R=0.982 [0.965, 0.994]
2026-04-25 03:45:18,510 - INFO - evaluate_detections -   20m: F1=0.773 [0.729, 0.811], P=0.792 [0.730, 0.846], R=0.754 [0.708, 0.802]
2026-04-25 03:45:18,963 - INFO - evaluate_detections -   20m: F1=0.730 [0.684, 0.777], P=0.896 [0.855, 0.931], R=0.616 [0.563, 0.677]
2026-04-25 03:45:20,200 - INFO - evaluate_detections -   100m: F1=0.669 [0.613, 0.720], P=0.528 [0.463, 0.589], R=0.915 [0.881, 0.944]
2026-04-25 03:45:20,224 - INFO - evaluate_detections -   40m: F1=0.779 [0.734, 0.816], P=0.722 [0.659, 0.777], R=0.846 [0.804, 0.885]
2026-04-25 03:45:20,247 - INFO - evaluate_detections -   40m: F1=0.716 [0.665, 0.762], P=0.606 [0.540, 0.666], R=0.874 [0.838, 0.908]
2026-04-25 03:45:20,555 - INFO - evaluate_detections -   100m: F1=0.611 [0.551, 0.662], P=0.452 [0.392, 0.511], R=0.943 [0.912, 0.968]
2026-04-25 03:45:21,001 - INFO - evaluate_detections -   MCC=0.393 [0.322, 0.466], Sens=0.886, Spec=0.477
2026-04-25 03:45:21,002 - INFO - __main__ - [184/264] p3a-high-text-t1.0-n5 t=6 done
2026-04-25 03:45:21,177 - INFO - evaluate_detections -   100m: F1=0.530 [0.471, 0.583], P=0.367 [0.313, 0.420], R=0.954 [0.932, 0.974]
2026-04-25 03:45:21,351 - INFO - evaluate_detections -   MCC=0.342 [0.264, 0.413], Sens=0.908, Spec=0.388
2026-04-25 03:45:21,353 - INFO - __main__ - [185/264] p3a-high-text-t1.0-n5 t=5 done
2026-04-25 03:45:22,034 - INFO - evaluate_detections -   MCC=0.248 [0.174, 0.321], Sens=0.930, Spec=0.256
2026-04-25 03:45:22,035 - INFO - __main__ - [186/264] p3a-high-text-t1.0-n5 t=4 done
2026-04-25 03:45:23,765 - INFO - evaluate_detections -   30m: F1=0.789 [0.749, 0.825], P=0.809 [0.749, 0.860], R=0.770 [0.724, 0.817]
2026-04-25 03:45:24,218 - INFO - evaluate_detections -   30m: F1=0.744 [0.698, 0.787], P=0.913 [0.873, 0.947], R=0.628 [0.573, 0.686]
2026-04-25 03:45:25,534 - INFO - evaluate_detections -   50m: F1=0.779 [0.734, 0.816], P=0.722 [0.659, 0.777], R=0.846 [0.804, 0.885]
2026-04-25 03:45:25,672 - INFO - evaluate_detections -   50m: F1=0.716 [0.665, 0.762], P=0.606 [0.540, 0.666], R=0.874 [0.838, 0.908]
2026-04-25 03:45:25,881 - INFO - evaluate_detections -   100m: F1=0.135 [0.111, 0.160], P=0.073 [0.059, 0.087], R=0.989 [0.978, 0.998]
2026-04-25 03:45:26,883 - INFO - evaluate_detections -   MCC=0.020 [-0.067, 0.105], Sens=0.983, Spec=0.023
2026-04-25 03:45:26,886 - INFO - __main__ - [187/264] p3a-high-text-t1.0-n5 t=1 done
2026-04-25 03:45:27,064 - INFO - evaluate_detections -   20m: F1=0.548 [0.500, 0.593], P=0.408 [0.360, 0.456], R=0.834 [0.799, 0.867]
2026-04-25 03:45:27,099 - INFO - evaluate_detections -   20m: F1=0.474 [0.425, 0.519], P=0.329 [0.285, 0.374], R=0.844 [0.809, 0.877]
2026-04-25 03:45:28,036 - INFO - evaluate_detections -   20m: F1=0.576 [0.529, 0.621], P=0.443 [0.394, 0.493], R=0.823 [0.786, 0.858]
2026-04-25 03:45:28,974 - INFO - evaluate_detections -   40m: F1=0.789 [0.749, 0.825], P=0.809 [0.749, 0.860], R=0.770 [0.724, 0.817]
2026-04-25 03:45:29,357 - INFO - evaluate_detections -   40m: F1=0.744 [0.698, 0.787], P=0.913 [0.873, 0.947], R=0.628 [0.573, 0.686]
2026-04-25 03:45:30,847 - INFO - evaluate_detections -   100m: F1=0.779 [0.734, 0.816], P=0.722 [0.659, 0.777], R=0.846 [0.804, 0.885]
2026-04-25 03:45:31,278 - INFO - evaluate_detections -   100m: F1=0.716 [0.665, 0.762], P=0.606 [0.540, 0.666], R=0.874 [0.838, 0.908]
2026-04-25 03:45:31,644 - INFO - evaluate_detections -   MCC=0.528 [0.458, 0.608], Sens=0.825, Spec=0.702
2026-04-25 03:45:31,646 - INFO - __main__ - [188/264] p3a-high-text-t1.0-n5 t=8 done
2026-04-25 03:45:32,080 - INFO - evaluate_detections -   MCC=0.451 [0.379, 0.535], Sens=0.856, Spec=0.581
2026-04-25 03:45:32,082 - INFO - __main__ - [189/264] p3a-high-text-t1.0-n5 t=7 done
2026-04-25 03:45:32,526 - INFO - evaluate_detections -   20m: F1=0.598 [0.549, 0.643], P=0.470 [0.420, 0.520], R=0.821 [0.782, 0.856]
2026-04-25 03:45:32,798 - INFO - evaluate_detections -   30m: F1=0.597 [0.548, 0.641], P=0.444 [0.394, 0.494], R=0.908 [0.880, 0.934]
2026-04-25 03:45:33,028 - INFO - evaluate_detections -   30m: F1=0.514 [0.463, 0.561], P=0.357 [0.312, 0.403], R=0.915 [0.886, 0.940]
2026-04-25 03:45:33,855 - INFO - evaluate_detections -   30m: F1=0.632 [0.585, 0.674], P=0.486 [0.436, 0.537], R=0.903 [0.873, 0.930]
2026-04-25 03:45:34,385 - INFO - evaluate_detections -   50m: F1=0.789 [0.749, 0.825], P=0.809 [0.749, 0.860], R=0.770 [0.724, 0.817]
2026-04-25 03:45:34,527 - INFO - evaluate_detections -   50m: F1=0.744 [0.698, 0.787], P=0.913 [0.873, 0.947], R=0.628 [0.573, 0.686]
2026-04-25 03:45:37,380 - INFO - evaluate_detections -   20m: F1=0.610 [0.561, 0.654], P=0.488 [0.436, 0.538], R=0.814 [0.773, 0.849]
2026-04-25 03:45:37,616 - INFO - evaluate_detections -   20m: F1=0.624 [0.575, 0.668], P=0.509 [0.455, 0.559], R=0.805 [0.762, 0.844]
2026-04-25 03:45:38,168 - INFO - evaluate_detections -   30m: F1=0.658 [0.613, 0.701], P=0.518 [0.466, 0.570], R=0.903 [0.873, 0.930]
2026-04-25 03:45:38,570 - INFO - evaluate_detections -   40m: F1=0.603 [0.554, 0.648], P=0.449 [0.399, 0.499], R=0.917 [0.889, 0.942]
2026-04-25 03:45:39,084 - INFO - evaluate_detections -   40m: F1=0.518 [0.467, 0.564], P=0.360 [0.314, 0.405], R=0.922 [0.894, 0.945]
2026-04-25 03:45:39,640 - INFO - evaluate_detections -   100m: F1=0.789 [0.749, 0.825], P=0.809 [0.749, 0.860], R=0.770 [0.724, 0.817]
2026-04-25 03:45:39,662 - INFO - evaluate_detections -   100m: F1=0.744 [0.698, 0.787], P=0.913 [0.873, 0.947], R=0.628 [0.573, 0.686]
2026-04-25 03:45:39,697 - INFO - evaluate_detections -   40m: F1=0.639 [0.593, 0.683], P=0.491 [0.441, 0.542], R=0.913 [0.885, 0.939]
2026-04-25 03:45:40,446 - INFO - evaluate_detections -   MCC=0.610 [0.541, 0.672], Sens=0.638, Spec=0.938
2026-04-25 03:45:40,447 - INFO - __main__ - [190/264] p3a-high-text-t1.0-n5 t=10 done
2026-04-25 03:45:40,455 - INFO - evaluate_detections -   MCC=0.575 [0.503, 0.647], Sens=0.751, Spec=0.822
2026-04-25 03:45:40,457 - INFO - __main__ - [191/264] p3a-high-text-t1.0-n5 t=9 done
2026-04-25 03:45:42,900 - INFO - evaluate_detections -   30m: F1=0.674 [0.628, 0.715], P=0.539 [0.486, 0.590], R=0.899 [0.868, 0.927]
2026-04-25 03:45:43,242 - INFO - evaluate_detections -   30m: F1=0.688 [0.643, 0.727], P=0.562 [0.507, 0.613], R=0.887 [0.852, 0.919]
2026-04-25 03:45:43,755 - INFO - evaluate_detections -   40m: F1=0.665 [0.619, 0.707], P=0.523 [0.471, 0.574], R=0.913 [0.885, 0.939]
2026-04-25 03:45:44,311 - INFO - evaluate_detections -   50m: F1=0.606 [0.556, 0.651], P=0.451 [0.402, 0.501], R=0.922 [0.896, 0.946]
2026-04-25 03:45:45,013 - INFO - evaluate_detections -   50m: F1=0.520 [0.470, 0.567], P=0.362 [0.316, 0.408], R=0.926 [0.900, 0.950]
2026-04-25 03:45:45,359 - INFO - evaluate_detections -   50m: F1=0.642 [0.595, 0.685], P=0.494 [0.444, 0.544], R=0.917 [0.890, 0.943]
2026-04-25 03:45:46,035 - INFO - evaluate_detections -   20m: F1=0.635 [0.586, 0.678], P=0.530 [0.476, 0.580], R=0.793 [0.746, 0.835]
2026-04-25 03:45:46,159 - INFO - evaluate_detections -   20m: F1=0.641 [0.594, 0.684], P=0.546 [0.492, 0.596], R=0.777 [0.731, 0.822]
2026-04-25 03:45:48,436 - INFO - evaluate_detections -   40m: F1=0.680 [0.636, 0.720], P=0.544 [0.492, 0.595], R=0.908 [0.878, 0.936]
2026-04-25 03:45:48,819 - INFO - evaluate_detections -   40m: F1=0.695 [0.650, 0.733], P=0.568 [0.513, 0.617], R=0.897 [0.863, 0.928]
2026-04-25 03:45:49,361 - INFO - evaluate_detections -   50m: F1=0.668 [0.624, 0.711], P=0.526 [0.473, 0.576], R=0.917 [0.890, 0.943]
2026-04-25 03:45:50,040 - INFO - evaluate_detections -   100m: F1=0.622 [0.574, 0.668], P=0.463 [0.412, 0.513], R=0.947 [0.925, 0.967]
2026-04-25 03:45:50,852 - INFO - evaluate_detections -   MCC=0.131 [0.047, 0.213], Sens=0.891, Spec=0.205
2026-04-25 03:45:50,853 - INFO - __main__ - [192/264] p3a-min-image-t0.3 t=2 done
2026-04-25 03:45:51,056 - INFO - evaluate_detections -   100m: F1=0.535 [0.484, 0.583], P=0.372 [0.324, 0.420], R=0.952 [0.930, 0.971]
2026-04-25 03:45:51,108 - INFO - evaluate_detections -   100m: F1=0.652 [0.604, 0.694], P=0.501 [0.450, 0.552], R=0.931 [0.908, 0.954]
2026-04-25 03:45:51,624 - INFO - evaluate_detections -   30m: F1=0.698 [0.654, 0.736], P=0.582 [0.528, 0.634], R=0.871 [0.833, 0.906]
2026-04-25 03:45:51,809 - INFO - evaluate_detections -   30m: F1=0.704 [0.662, 0.742], P=0.599 [0.545, 0.650], R=0.853 [0.813, 0.890]
2026-04-25 03:45:51,899 - INFO - evaluate_detections -   MCC=0.105 [0.021, 0.186], Sens=0.895, Spec=0.178
2026-04-25 03:45:51,901 - INFO - __main__ - [193/264] p3a-min-image-t0.3 t=1 done
2026-04-25 03:45:51,907 - INFO - evaluate_detections -   MCC=0.138 [0.056, 0.222], Sens=0.886, Spec=0.217
2026-04-25 03:45:51,909 - INFO - __main__ - [194/264] p3a-min-image-t0.3 t=3 done
2026-04-25 03:45:54,007 - INFO - evaluate_detections -   50m: F1=0.684 [0.639, 0.723], P=0.547 [0.494, 0.598], R=0.913 [0.883, 0.941]
2026-04-25 03:45:54,305 - INFO - evaluate_detections -   50m: F1=0.699 [0.652, 0.737], P=0.571 [0.516, 0.620], R=0.901 [0.866, 0.932]
2026-04-25 03:45:55,042 - INFO - evaluate_detections -   100m: F1=0.675 [0.630, 0.718], P=0.531 [0.478, 0.584], R=0.926 [0.902, 0.951]
2026-04-25 03:45:55,884 - INFO - evaluate_detections -   MCC=0.171 [0.087, 0.251], Sens=0.882, Spec=0.252
2026-04-25 03:45:55,887 - INFO - __main__ - [195/264] p3a-min-image-t0.3 t=4 done
2026-04-25 03:45:56,322 - INFO - evaluate_detections -   20m: F1=0.652 [0.606, 0.696], P=0.572 [0.516, 0.626], R=0.759 [0.711, 0.803]
2026-04-25 03:45:57,296 - INFO - evaluate_detections -   40m: F1=0.712 [0.668, 0.750], P=0.606 [0.551, 0.655], R=0.862 [0.824, 0.899]
2026-04-25 03:45:57,300 - INFO - evaluate_detections -   20m: F1=0.660 [0.612, 0.703], P=0.607 [0.549, 0.661], R=0.722 [0.664, 0.771]
2026-04-25 03:45:57,309 - INFO - evaluate_detections -   40m: F1=0.705 [0.662, 0.743], P=0.588 [0.535, 0.641], R=0.880 [0.845, 0.915]
2026-04-25 03:45:58,791 - INFO - evaluate_detections -   20m: F1=0.309 [0.268, 0.349], P=0.188 [0.160, 0.219], R=0.855 [0.817, 0.888]
2026-04-25 03:45:59,546 - INFO - evaluate_detections -   100m: F1=0.691 [0.646, 0.731], P=0.552 [0.499, 0.603], R=0.922 [0.895, 0.949]
2026-04-25 03:45:59,825 - INFO - evaluate_detections -   100m: F1=0.706 [0.660, 0.745], P=0.576 [0.520, 0.627], R=0.910 [0.879, 0.940]
2026-04-25 03:46:00,342 - INFO - evaluate_detections -   MCC=0.183 [0.098, 0.263], Sens=0.882, Spec=0.264
2026-04-25 03:46:00,343 - INFO - __main__ - [196/264] p3a-min-image-t0.3 t=5 done
2026-04-25 03:46:00,624 - INFO - evaluate_detections -   MCC=0.210 [0.129, 0.288], Sens=0.878, Spec=0.295
2026-04-25 03:46:00,626 - INFO - __main__ - [197/264] p3a-min-image-t0.3 t=6 done
2026-04-25 03:46:01,758 - INFO - evaluate_detections -   30m: F1=0.711 [0.667, 0.751], P=0.624 [0.567, 0.676], R=0.828 [0.785, 0.867]
2026-04-25 03:46:02,054 - INFO - evaluate_detections -   20m: F1=0.447 [0.404, 0.494], P=0.308 [0.271, 0.350], R=0.814 [0.773, 0.852]
2026-04-25 03:46:02,631 - INFO - evaluate_detections -   30m: F1=0.710 [0.667, 0.751], P=0.654 [0.598, 0.706], R=0.777 [0.725, 0.823]
2026-04-25 03:46:02,854 - INFO - evaluate_detections -   50m: F1=0.709 [0.665, 0.746], P=0.591 [0.537, 0.643], R=0.885 [0.847, 0.919]
2026-04-25 03:46:02,874 - INFO - evaluate_detections -   50m: F1=0.715 [0.673, 0.753], P=0.609 [0.555, 0.659], R=0.867 [0.829, 0.903]
2026-04-25 03:46:05,613 - INFO - evaluate_detections -   30m: F1=0.334 [0.293, 0.374], P=0.204 [0.175, 0.235], R=0.924 [0.897, 0.948]
2026-04-25 03:46:06,158 - INFO - evaluate_detections -   20m: F1=0.536 [0.492, 0.581], P=0.404 [0.362, 0.449], R=0.795 [0.751, 0.835]
2026-04-25 03:46:06,232 - INFO - evaluate_detections -   20m: F1=0.588 [0.544, 0.631], P=0.473 [0.428, 0.520], R=0.775 [0.730, 0.816]
2026-04-25 03:46:07,363 - INFO - evaluate_detections -   40m: F1=0.721 [0.677, 0.760], P=0.633 [0.578, 0.685], R=0.839 [0.797, 0.878]
2026-04-25 03:46:07,982 - INFO - evaluate_detections -   40m: F1=0.716 [0.672, 0.757], P=0.660 [0.604, 0.710], R=0.784 [0.732, 0.832]
2026-04-25 03:46:08,300 - INFO - evaluate_detections -   30m: F1=0.493 [0.449, 0.536], P=0.340 [0.301, 0.381], R=0.897 [0.865, 0.926]
2026-04-25 03:46:08,343 - INFO - evaluate_detections -   100m: F1=0.721 [0.678, 0.760], P=0.614 [0.558, 0.665], R=0.874 [0.835, 0.908]
2026-04-25 03:46:08,408 - INFO - evaluate_detections -   100m: F1=0.715 [0.670, 0.753], P=0.596 [0.540, 0.648], R=0.892 [0.856, 0.926]
2026-04-25 03:46:09,136 - INFO - evaluate_detections -   MCC=0.241 [0.156, 0.324], Sens=0.852, Spec=0.360
2026-04-25 03:46:09,137 - INFO - __main__ - [198/264] p3a-min-image-t0.3 t=8 done
2026-04-25 03:46:09,212 - INFO - evaluate_detections -   MCC=0.220 [0.137, 0.300], Sens=0.865, Spec=0.322
2026-04-25 03:46:09,214 - INFO - __main__ - [199/264] p3a-min-image-t0.3 t=7 done
2026-04-25 03:46:11,771 - INFO - evaluate_detections -   30m: F1=0.657 [0.617, 0.694], P=0.529 [0.483, 0.573], R=0.867 [0.831, 0.902]
2026-04-25 03:46:11,862 - INFO - evaluate_detections -   30m: F1=0.596 [0.554, 0.635], P=0.450 [0.405, 0.492], R=0.885 [0.851, 0.916]
2026-04-25 03:46:12,459 - INFO - evaluate_detections -   40m: F1=0.338 [0.297, 0.379], P=0.206 [0.177, 0.237], R=0.936 [0.910, 0.959]
2026-04-25 03:46:12,804 - INFO - evaluate_detections -   50m: F1=0.725 [0.681, 0.763], P=0.636 [0.581, 0.687], R=0.844 [0.801, 0.881]
2026-04-25 03:46:13,371 - INFO - evaluate_detections -   50m: F1=0.718 [0.674, 0.759], P=0.662 [0.606, 0.713], R=0.786 [0.734, 0.833]
2026-04-25 03:46:14,327 - INFO - evaluate_detections -   40m: F1=0.504 [0.461, 0.548], P=0.348 [0.307, 0.390], R=0.917 [0.888, 0.943]
2026-04-25 03:46:14,694 - INFO - evaluate_detections -   20m: F1=0.615 [0.567, 0.657], P=0.519 [0.470, 0.567], R=0.754 [0.704, 0.797]
2026-04-25 03:46:14,960 - INFO - evaluate_detections -   20m: F1=0.635 [0.588, 0.678], P=0.557 [0.505, 0.606], R=0.738 [0.688, 0.782]
2026-04-25 03:46:17,343 - INFO - evaluate_detections -   40m: F1=0.673 [0.634, 0.709], P=0.542 [0.495, 0.586], R=0.887 [0.855, 0.921]
2026-04-25 03:46:17,570 - INFO - evaluate_detections -   40m: F1=0.609 [0.566, 0.648], P=0.459 [0.414, 0.501], R=0.903 [0.873, 0.932]
2026-04-25 03:46:18,213 - INFO - evaluate_detections -   100m: F1=0.729 [0.686, 0.766], P=0.640 [0.584, 0.691], R=0.848 [0.807, 0.885]
2026-04-25 03:46:18,847 - INFO - evaluate_detections -   100m: F1=0.723 [0.680, 0.762], P=0.665 [0.610, 0.718], R=0.791 [0.738, 0.837]
2026-04-25 03:46:19,004 - INFO - evaluate_detections -   MCC=0.295 [0.215, 0.376], Sens=0.847, Spec=0.422
2026-04-25 03:46:19,005 - INFO - __main__ - [200/264] p3a-min-image-t0.3 t=9 done
2026-04-25 03:46:19,315 - INFO - evaluate_detections -   50m: F1=0.341 [0.301, 0.383], P=0.208 [0.179, 0.239], R=0.945 [0.921, 0.967]
2026-04-25 03:46:19,645 - INFO - evaluate_detections -   MCC=0.340 [0.264, 0.422], Sens=0.821, Spec=0.504
2026-04-25 03:46:19,646 - INFO - __main__ - [201/264] p3a-min-image-t0.3 t=10 done
2026-04-25 03:46:20,167 - INFO - evaluate_detections -   30m: F1=0.688 [0.648, 0.725], P=0.581 [0.533, 0.627], R=0.844 [0.805, 0.880]
2026-04-25 03:46:20,336 - INFO - evaluate_detections -   50m: F1=0.507 [0.463, 0.551], P=0.349 [0.309, 0.392], R=0.922 [0.893, 0.948]
2026-04-25 03:46:20,591 - INFO - evaluate_detections -   30m: F1=0.710 [0.670, 0.746], P=0.623 [0.572, 0.669], R=0.825 [0.784, 0.861]
2026-04-25 03:46:23,108 - INFO - evaluate_detections -   50m: F1=0.684 [0.643, 0.718], P=0.551 [0.502, 0.594], R=0.901 [0.869, 0.930]
2026-04-25 03:46:23,241 - INFO - evaluate_detections -   50m: F1=0.613 [0.570, 0.651], P=0.463 [0.416, 0.506], R=0.910 [0.882, 0.938]
2026-04-25 03:46:24,533 - INFO - evaluate_detections -   20m: F1=0.644 [0.597, 0.687], P=0.594 [0.539, 0.645], R=0.703 [0.656, 0.750]
2026-04-25 03:46:24,985 - INFO - evaluate_detections -   20m: F1=0.646 [0.599, 0.688], P=0.624 [0.568, 0.675], R=0.669 [0.616, 0.718]
2026-04-25 03:46:25,644 - INFO - evaluate_detections -   40m: F1=0.710 [0.669, 0.746], P=0.600 [0.548, 0.645], R=0.871 [0.836, 0.906]
2026-04-25 03:46:26,081 - INFO - evaluate_detections -   40m: F1=0.730 [0.691, 0.765], P=0.641 [0.590, 0.687], R=0.848 [0.810, 0.883]
2026-04-25 03:46:26,138 - INFO - evaluate_detections -   100m: F1=0.349 [0.306, 0.392], P=0.213 [0.182, 0.246], R=0.966 [0.946, 0.982]
2026-04-25 03:46:26,379 - INFO - evaluate_detections -   100m: F1=0.518 [0.474, 0.563], P=0.357 [0.317, 0.401], R=0.943 [0.919, 0.965]
2026-04-25 03:46:27,014 - INFO - evaluate_detections -   MCC=0.071 [-0.016, 0.154], Sens=0.913, Spec=0.132
2026-04-25 03:46:27,016 - INFO - __main__ - [202/264] p3a-min-image-t1.0 t=1 done
2026-04-25 03:46:27,202 - INFO - evaluate_detections -   MCC=0.101 [0.018, 0.186], Sens=0.886, Spec=0.186
2026-04-25 03:46:27,204 - INFO - __main__ - [203/264] p3a-min-image-t1.0 t=2 done
2026-04-25 03:46:28,709 - INFO - evaluate_detections -   100m: F1=0.699 [0.659, 0.735], P=0.563 [0.514, 0.609], R=0.922 [0.895, 0.949]
2026-04-25 03:46:28,905 - INFO - evaluate_detections -   100m: F1=0.627 [0.584, 0.666], P=0.473 [0.426, 0.517], R=0.931 [0.907, 0.954]
2026-04-25 03:46:29,503 - INFO - evaluate_detections -   MCC=0.265 [0.186, 0.346], Sens=0.865, Spec=0.368
2026-04-25 03:46:29,504 - INFO - __main__ - [204/264] p3a-min-image-t1.0 t=4 done
2026-04-25 03:46:29,710 - INFO - evaluate_detections -   MCC=0.173 [0.095, 0.259], Sens=0.869, Spec=0.271
2026-04-25 03:46:29,711 - INFO - __main__ - [205/264] p3a-min-image-t1.0 t=3 done
2026-04-25 03:46:30,006 - INFO - evaluate_detections -   30m: F1=0.720 [0.681, 0.755], P=0.664 [0.612, 0.713], R=0.786 [0.746, 0.826]
2026-04-25 03:46:30,294 - INFO - evaluate_detections -   30m: F1=0.715 [0.674, 0.751], P=0.691 [0.637, 0.739], R=0.740 [0.694, 0.787]
2026-04-25 03:46:31,288 - INFO - evaluate_detections -   50m: F1=0.718 [0.677, 0.754], P=0.606 [0.555, 0.652], R=0.880 [0.846, 0.915]
2026-04-25 03:46:31,539 - INFO - evaluate_detections -   50m: F1=0.736 [0.696, 0.771], P=0.646 [0.595, 0.692], R=0.855 [0.817, 0.890]
2026-04-25 03:46:32,280 - INFO - evaluate_detections -   20m: F1=0.624 [0.577, 0.666], P=0.653 [0.592, 0.706], R=0.598 [0.544, 0.652]
2026-04-25 03:46:32,330 - INFO - evaluate_detections -   20m: F1=0.577 [0.527, 0.622], P=0.697 [0.632, 0.753], R=0.492 [0.437, 0.545]
2026-04-25 03:46:35,257 - INFO - evaluate_detections -   20m: F1=0.502 [0.445, 0.562], P=0.351 [0.299, 0.408], R=0.878 [0.838, 0.917]
2026-04-25 03:46:35,352 - INFO - evaluate_detections -   20m: F1=0.543 [0.486, 0.601], P=0.396 [0.341, 0.459], R=0.862 [0.823, 0.901]
2026-04-25 03:46:35,538 - INFO - evaluate_detections -   40m: F1=0.739 [0.702, 0.773], P=0.682 [0.628, 0.730], R=0.807 [0.767, 0.846]
2026-04-25 03:46:35,642 - INFO - evaluate_detections -   40m: F1=0.735 [0.696, 0.770], P=0.710 [0.656, 0.756], R=0.761 [0.718, 0.807]
2026-04-25 03:46:36,862 - INFO - evaluate_detections -   100m: F1=0.727 [0.688, 0.762], P=0.614 [0.560, 0.660], R=0.892 [0.858, 0.926]
2026-04-25 03:46:37,025 - INFO - evaluate_detections -   100m: F1=0.746 [0.706, 0.781], P=0.655 [0.601, 0.701], R=0.867 [0.831, 0.900]
2026-04-25 03:46:37,410 - INFO - evaluate_detections -   30m: F1=0.609 [0.560, 0.653], P=0.736 [0.674, 0.789], R=0.520 [0.465, 0.574]
2026-04-25 03:46:37,476 - INFO - evaluate_detections -   30m: F1=0.684 [0.641, 0.725], P=0.716 [0.659, 0.767], R=0.655 [0.602, 0.712]
2026-04-25 03:46:37,661 - INFO - evaluate_detections -   MCC=0.297 [0.208, 0.376], Sens=0.852, Spec=0.419
2026-04-25 03:46:37,663 - INFO - __main__ - [206/264] p3a-min-image-t1.0 t=5 done
2026-04-25 03:46:37,836 - INFO - evaluate_detections -   MCC=0.356 [0.273, 0.432], Sens=0.847, Spec=0.488
2026-04-25 03:46:37,838 - INFO - __main__ - [207/264] p3a-min-image-t1.0 t=6 done
2026-04-25 03:46:40,921 - INFO - evaluate_detections -   50m: F1=0.741 [0.704, 0.775], P=0.683 [0.629, 0.732], R=0.809 [0.770, 0.849]
2026-04-25 03:46:40,992 - INFO - evaluate_detections -   30m: F1=0.547 [0.490, 0.606], P=0.400 [0.344, 0.461], R=0.869 [0.832, 0.906]
2026-04-25 03:46:40,998 - INFO - evaluate_detections -   30m: F1=0.507 [0.449, 0.565], P=0.355 [0.303, 0.412], R=0.887 [0.850, 0.924]
2026-04-25 03:46:41,070 - INFO - evaluate_detections -   50m: F1=0.735 [0.696, 0.770], P=0.710 [0.656, 0.756], R=0.761 [0.718, 0.807]
2026-04-25 03:46:42,506 - INFO - evaluate_detections -   40m: F1=0.620 [0.571, 0.666], P=0.749 [0.689, 0.802], R=0.529 [0.472, 0.585]
2026-04-25 03:46:42,711 - INFO - evaluate_detections -   40m: F1=0.703 [0.660, 0.743], P=0.736 [0.679, 0.786], R=0.674 [0.620, 0.732]
2026-04-25 03:46:43,221 - INFO - evaluate_detections -   20m: F1=0.593 [0.537, 0.650], P=0.458 [0.400, 0.524], R=0.841 [0.801, 0.880]
2026-04-25 03:46:44,204 - INFO - evaluate_detections -   20m: F1=0.400 [0.339, 0.460], P=0.255 [0.207, 0.305], R=0.924 [0.893, 0.951]
2026-04-25 03:46:46,250 - INFO - evaluate_detections -   100m: F1=0.749 [0.712, 0.783], P=0.691 [0.638, 0.739], R=0.818 [0.781, 0.857]
2026-04-25 03:46:46,560 - INFO - evaluate_detections -   100m: F1=0.739 [0.701, 0.775], P=0.715 [0.660, 0.762], R=0.766 [0.721, 0.812]
2026-04-25 03:46:46,591 - INFO - evaluate_detections -   40m: F1=0.560 [0.501, 0.616], P=0.409 [0.349, 0.470], R=0.890 [0.856, 0.922]
2026-04-25 03:46:46,768 - INFO - evaluate_detections -   40m: F1=0.519 [0.459, 0.574], P=0.363 [0.308, 0.419], R=0.908 [0.874, 0.940]
2026-04-25 03:46:47,041 - INFO - evaluate_detections -   MCC=0.427 [0.343, 0.502], Sens=0.847, Spec=0.566
2026-04-25 03:46:47,042 - INFO - __main__ - [208/264] p3a-min-image-t1.0 t=7 done
2026-04-25 03:46:47,381 - INFO - evaluate_detections -   MCC=0.442 [0.363, 0.520], Sens=0.817, Spec=0.620
2026-04-25 03:46:47,383 - INFO - __main__ - [209/264] p3a-min-image-t1.0 t=8 done
2026-04-25 03:46:47,612 - INFO - evaluate_detections -   50m: F1=0.623 [0.574, 0.669], P=0.752 [0.691, 0.806], R=0.531 [0.474, 0.587]
2026-04-25 03:46:47,944 - INFO - evaluate_detections -   50m: F1=0.703 [0.660, 0.743], P=0.736 [0.679, 0.786], R=0.674 [0.620, 0.732]
2026-04-25 03:46:48,752 - INFO - evaluate_detections -   30m: F1=0.598 [0.542, 0.656], P=0.462 [0.404, 0.526], R=0.848 [0.810, 0.886]
2026-04-25 03:46:50,542 - INFO - evaluate_detections -   30m: F1=0.405 [0.344, 0.464], P=0.258 [0.211, 0.309], R=0.936 [0.904, 0.963]
2026-04-25 03:46:52,202 - INFO - evaluate_detections -   50m: F1=0.560 [0.501, 0.616], P=0.409 [0.349, 0.470], R=0.890 [0.856, 0.922]
2026-04-25 03:46:52,623 - INFO - evaluate_detections -   50m: F1=0.519 [0.459, 0.574], P=0.363 [0.308, 0.419], R=0.908 [0.874, 0.940]
2026-04-25 03:46:52,702 - INFO - evaluate_detections -   100m: F1=0.625 [0.576, 0.672], P=0.756 [0.693, 0.809], R=0.533 [0.476, 0.591]
2026-04-25 03:46:52,999 - INFO - evaluate_detections -   20m: F1=0.473 [0.415, 0.529], P=0.320 [0.267, 0.373], R=0.910 [0.877, 0.941]
2026-04-25 03:46:53,189 - INFO - evaluate_detections -   100m: F1=0.708 [0.663, 0.749], P=0.741 [0.684, 0.791], R=0.678 [0.624, 0.736]
2026-04-25 03:46:53,209 - INFO - evaluate_detections -   20m: F1=0.508 [0.447, 0.564], P=0.353 [0.298, 0.409], R=0.906 [0.872, 0.935]
2026-04-25 03:46:53,479 - INFO - evaluate_detections -   MCC=0.451 [0.372, 0.526], Sens=0.681, Spec=0.767
2026-04-25 03:46:53,480 - INFO - __main__ - [210/264] p3a-min-image-t1.0 t=10 done
2026-04-25 03:46:53,970 - INFO - evaluate_detections -   MCC=0.472 [0.396, 0.550], Sens=0.786, Spec=0.686
2026-04-25 03:46:53,971 - INFO - __main__ - [211/264] p3a-min-image-t1.0 t=9 done
2026-04-25 03:46:54,288 - INFO - evaluate_detections -   40m: F1=0.613 [0.556, 0.669], P=0.473 [0.414, 0.539], R=0.869 [0.835, 0.904]
2026-04-25 03:46:56,646 - INFO - evaluate_detections -   40m: F1=0.409 [0.348, 0.468], P=0.261 [0.213, 0.311], R=0.945 [0.914, 0.971]
2026-04-25 03:46:57,972 - INFO - evaluate_detections -   100m: F1=0.563 [0.502, 0.619], P=0.411 [0.351, 0.472], R=0.894 [0.861, 0.927]
2026-04-25 03:46:58,411 - INFO - evaluate_detections -   100m: F1=0.522 [0.461, 0.578], P=0.365 [0.310, 0.421], R=0.913 [0.878, 0.943]
2026-04-25 03:46:58,814 - INFO - evaluate_detections -   MCC=0.107 [0.021, 0.194], Sens=0.930, Spec=0.136
2026-04-25 03:46:58,816 - INFO - __main__ - [212/264] p3a-minimal-text-t0.0 t=2 done
2026-04-25 03:46:58,834 - INFO - evaluate_detections -   30m: F1=0.479 [0.419, 0.536], P=0.324 [0.272, 0.377], R=0.922 [0.888, 0.952]
2026-04-25 03:46:58,935 - INFO - evaluate_detections -   30m: F1=0.513 [0.452, 0.570], P=0.356 [0.300, 0.413], R=0.915 [0.881, 0.945]
2026-04-25 03:46:59,232 - INFO - evaluate_detections -   MCC=0.085 [-0.004, 0.171], Sens=0.930, Spec=0.120
2026-04-25 03:46:59,233 - INFO - __main__ - [213/264] p3a-minimal-text-t0.0 t=1 done
2026-04-25 03:46:59,400 - INFO - evaluate_detections -   20m: F1=0.527 [0.466, 0.584], P=0.376 [0.319, 0.433], R=0.883 [0.845, 0.914]
2026-04-25 03:46:59,676 - INFO - evaluate_detections -   20m: F1=0.550 [0.488, 0.605], P=0.401 [0.342, 0.460], R=0.871 [0.833, 0.906]
2026-04-25 03:46:59,837 - INFO - evaluate_detections -   50m: F1=0.613 [0.556, 0.669], P=0.473 [0.414, 0.539], R=0.869 [0.835, 0.904]
2026-04-25 03:47:02,824 - INFO - evaluate_detections -   50m: F1=0.409 [0.348, 0.468], P=0.261 [0.213, 0.311], R=0.945 [0.914, 0.971]
2026-04-25 03:47:04,452 - INFO - evaluate_detections -   20m: F1=0.571 [0.510, 0.625], P=0.427 [0.365, 0.486], R=0.862 [0.824, 0.898]
2026-04-25 03:47:04,658 - INFO - evaluate_detections -   40m: F1=0.484 [0.424, 0.541], P=0.327 [0.274, 0.381], R=0.931 [0.899, 0.960]
2026-04-25 03:47:04,790 - INFO - evaluate_detections -   40m: F1=0.518 [0.458, 0.575], P=0.360 [0.305, 0.416], R=0.924 [0.892, 0.953]
2026-04-25 03:47:04,805 - INFO - evaluate_detections -   20m: F1=0.592 [0.531, 0.645], P=0.455 [0.392, 0.517], R=0.848 [0.808, 0.886]
2026-04-25 03:47:05,116 - INFO - evaluate_detections -   30m: F1=0.534 [0.474, 0.591], P=0.381 [0.323, 0.439], R=0.894 [0.859, 0.926]
2026-04-25 03:47:05,409 - INFO - evaluate_detections -   100m: F1=0.616 [0.560, 0.672], P=0.476 [0.416, 0.541], R=0.874 [0.837, 0.908]
2026-04-25 03:47:05,506 - INFO - evaluate_detections -   30m: F1=0.554 [0.493, 0.609], P=0.405 [0.344, 0.462], R=0.878 [0.841, 0.911]
2026-04-25 03:47:06,208 - INFO - evaluate_detections -   MCC=0.223 [0.142, 0.311], Sens=0.904, Spec=0.271
2026-04-25 03:47:06,209 - INFO - __main__ - [214/264] p3a-minimal-text-t0.0 t=3 done
2026-04-25 03:47:09,082 - INFO - evaluate_detections -   100m: F1=0.409 [0.348, 0.468], P=0.261 [0.213, 0.311], R=0.945 [0.914, 0.971]
2026-04-25 03:47:09,938 - INFO - evaluate_detections -   MCC=0.016 [-0.071, 0.106], Sens=0.934, Spec=0.074
2026-04-25 03:47:09,940 - INFO - __main__ - [215/264] p3a-minimal-text-t0.3 t=1 done
2026-04-25 03:47:10,035 - INFO - evaluate_detections -   30m: F1=0.575 [0.513, 0.628], P=0.430 [0.368, 0.490], R=0.869 [0.833, 0.903]
2026-04-25 03:47:10,395 - INFO - evaluate_detections -   30m: F1=0.596 [0.533, 0.649], P=0.457 [0.393, 0.519], R=0.853 [0.813, 0.891]
2026-04-25 03:47:10,476 - INFO - evaluate_detections -   50m: F1=0.484 [0.424, 0.541], P=0.327 [0.274, 0.381], R=0.931 [0.899, 0.960]
2026-04-25 03:47:10,515 - INFO - evaluate_detections -   50m: F1=0.518 [0.458, 0.575], P=0.360 [0.305, 0.416], R=0.924 [0.892, 0.953]
2026-04-25 03:47:10,797 - INFO - evaluate_detections -   40m: F1=0.542 [0.481, 0.599], P=0.386 [0.329, 0.446], R=0.908 [0.872, 0.939]
2026-04-25 03:47:11,337 - INFO - evaluate_detections -   40m: F1=0.564 [0.503, 0.619], P=0.412 [0.351, 0.472], R=0.894 [0.859, 0.927]
2026-04-25 03:47:11,862 - INFO - evaluate_detections -   20m: F1=0.608 [0.551, 0.662], P=0.480 [0.416, 0.546], R=0.830 [0.792, 0.867]
2026-04-25 03:47:15,616 - INFO - evaluate_detections -   40m: F1=0.586 [0.527, 0.641], P=0.438 [0.377, 0.500], R=0.885 [0.851, 0.919]
2026-04-25 03:47:15,642 - INFO - evaluate_detections -   20m: F1=0.624 [0.570, 0.676], P=0.510 [0.446, 0.578], R=0.802 [0.763, 0.843]
2026-04-25 03:47:16,208 - INFO - evaluate_detections -   40m: F1=0.605 [0.545, 0.661], P=0.465 [0.400, 0.528], R=0.867 [0.828, 0.904]
2026-04-25 03:47:16,292 - INFO - evaluate_detections -   100m: F1=0.519 [0.460, 0.576], P=0.361 [0.306, 0.418], R=0.926 [0.895, 0.955]
2026-04-25 03:47:16,313 - INFO - evaluate_detections -   100m: F1=0.484 [0.424, 0.541], P=0.327 [0.274, 0.381], R=0.931 [0.899, 0.960]
2026-04-25 03:47:16,485 - INFO - evaluate_detections -   50m: F1=0.542 [0.481, 0.599], P=0.386 [0.329, 0.446], R=0.908 [0.872, 0.939]
2026-04-25 03:47:17,009 - INFO - evaluate_detections -   50m: F1=0.564 [0.503, 0.619], P=0.412 [0.351, 0.472], R=0.894 [0.859, 0.927]
2026-04-25 03:47:17,124 - INFO - evaluate_detections -   MCC=0.049 [-0.042, 0.136], Sens=0.930, Spec=0.097
2026-04-25 03:47:17,126 - INFO - __main__ - [216/264] p3a-minimal-text-t0.3 t=2 done
2026-04-25 03:47:17,151 - INFO - evaluate_detections -   MCC=0.067 [-0.020, 0.154], Sens=0.930, Spec=0.109
2026-04-25 03:47:17,154 - INFO - __main__ - [217/264] p3a-minimal-text-t0.3 t=3 done
2026-04-25 03:47:17,339 - INFO - evaluate_detections -   30m: F1=0.613 [0.555, 0.668], P=0.484 [0.421, 0.549], R=0.837 [0.798, 0.874]
2026-04-25 03:47:21,161 - INFO - evaluate_detections -   30m: F1=0.629 [0.573, 0.682], P=0.515 [0.450, 0.580], R=0.809 [0.769, 0.849]
2026-04-25 03:47:21,259 - INFO - evaluate_detections -   50m: F1=0.586 [0.527, 0.641], P=0.438 [0.377, 0.500], R=0.885 [0.851, 0.919]
2026-04-25 03:47:21,787 - INFO - evaluate_detections -   50m: F1=0.605 [0.545, 0.661], P=0.465 [0.400, 0.528], R=0.867 [0.828, 0.904]
2026-04-25 03:47:22,180 - INFO - evaluate_detections -   100m: F1=0.544 [0.483, 0.600], P=0.387 [0.330, 0.446], R=0.910 [0.875, 0.941]
2026-04-25 03:47:22,554 - INFO - evaluate_detections -   20m: F1=0.642 [0.591, 0.688], P=0.551 [0.487, 0.614], R=0.770 [0.726, 0.815]
2026-04-25 03:47:22,665 - INFO - evaluate_detections -   100m: F1=0.566 [0.505, 0.620], P=0.413 [0.353, 0.473], R=0.897 [0.861, 0.930]
2026-04-25 03:47:22,923 - INFO - evaluate_detections -   40m: F1=0.618 [0.561, 0.673], P=0.488 [0.425, 0.553], R=0.844 [0.807, 0.881]
2026-04-25 03:47:22,990 - INFO - evaluate_detections -   MCC=0.091 [0.003, 0.174], Sens=0.930, Spec=0.124
2026-04-25 03:47:22,991 - INFO - __main__ - [218/264] p3a-minimal-text-t0.3 t=4 done
2026-04-25 03:47:23,456 - INFO - evaluate_detections -   20m: F1=0.400 [0.339, 0.460], P=0.255 [0.207, 0.305], R=0.924 [0.893, 0.951]
2026-04-25 03:47:23,477 - INFO - evaluate_detections -   MCC=0.100 [0.011, 0.186], Sens=0.917, Spec=0.147
2026-04-25 03:47:23,479 - INFO - __main__ - [219/264] p3a-minimal-text-t0.3 t=5 done
2026-04-25 03:47:26,676 - INFO - evaluate_detections -   40m: F1=0.634 [0.579, 0.686], P=0.519 [0.455, 0.584], R=0.816 [0.777, 0.857]
2026-04-25 03:47:26,993 - INFO - evaluate_detections -   100m: F1=0.586 [0.527, 0.641], P=0.438 [0.377, 0.500], R=0.885 [0.851, 0.919]
2026-04-25 03:47:27,344 - INFO - evaluate_detections -   100m: F1=0.605 [0.545, 0.661], P=0.465 [0.400, 0.528], R=0.867 [0.828, 0.904]
2026-04-25 03:47:27,819 - INFO - evaluate_detections -   MCC=0.133 [0.046, 0.215], Sens=0.913, Spec=0.178
2026-04-25 03:47:27,820 - INFO - __main__ - [220/264] p3a-minimal-text-t0.3 t=6 done
2026-04-25 03:47:28,153 - INFO - evaluate_detections -   30m: F1=0.648 [0.596, 0.694], P=0.556 [0.492, 0.619], R=0.777 [0.733, 0.821]
2026-04-25 03:47:28,170 - INFO - evaluate_detections -   MCC=0.192 [0.105, 0.275], Sens=0.900, Spec=0.248
2026-04-25 03:47:28,172 - INFO - __main__ - [221/264] p3a-minimal-text-t0.3 t=7 done
2026-04-25 03:47:28,448 - INFO - evaluate_detections -   50m: F1=0.618 [0.561, 0.673], P=0.488 [0.425, 0.553], R=0.844 [0.807, 0.881]
2026-04-25 03:47:28,891 - INFO - evaluate_detections -   20m: F1=0.473 [0.415, 0.529], P=0.320 [0.267, 0.373], R=0.910 [0.877, 0.941]
2026-04-25 03:47:29,282 - INFO - evaluate_detections -   20m: F1=0.508 [0.447, 0.564], P=0.353 [0.298, 0.409], R=0.906 [0.872, 0.935]
2026-04-25 03:47:29,522 - INFO - evaluate_detections -   30m: F1=0.405 [0.344, 0.464], P=0.258 [0.211, 0.309], R=0.936 [0.904, 0.963]
2026-04-25 03:47:32,156 - INFO - evaluate_detections -   50m: F1=0.634 [0.579, 0.686], P=0.519 [0.455, 0.584], R=0.816 [0.777, 0.857]
2026-04-25 03:47:33,506 - INFO - evaluate_detections -   20m: F1=0.527 [0.466, 0.584], P=0.376 [0.319, 0.433], R=0.883 [0.845, 0.914]
2026-04-25 03:47:33,716 - INFO - evaluate_detections -   40m: F1=0.654 [0.602, 0.700], P=0.561 [0.496, 0.625], R=0.784 [0.742, 0.827]
2026-04-25 03:47:33,896 - INFO - evaluate_detections -   20m: F1=0.550 [0.488, 0.605], P=0.401 [0.342, 0.460], R=0.871 [0.833, 0.906]
2026-04-25 03:47:33,950 - INFO - evaluate_detections -   100m: F1=0.618 [0.561, 0.673], P=0.488 [0.425, 0.553], R=0.844 [0.807, 0.881]
2026-04-25 03:47:34,747 - INFO - evaluate_detections -   MCC=0.214 [0.131, 0.298], Sens=0.886, Spec=0.287
2026-04-25 03:47:34,749 - INFO - __main__ - [222/264] p3a-minimal-text-t0.3 t=8 done
2026-04-25 03:47:34,753 - INFO - evaluate_detections -   30m: F1=0.479 [0.419, 0.536], P=0.324 [0.272, 0.377], R=0.922 [0.888, 0.952]
2026-04-25 03:47:35,064 - INFO - evaluate_detections -   30m: F1=0.513 [0.452, 0.570], P=0.356 [0.300, 0.413], R=0.915 [0.881, 0.945]
2026-04-25 03:47:35,773 - INFO - evaluate_detections -   40m: F1=0.409 [0.348, 0.468], P=0.261 [0.213, 0.311], R=0.945 [0.914, 0.971]
2026-04-25 03:47:37,675 - INFO - evaluate_detections -   100m: F1=0.634 [0.579, 0.686], P=0.519 [0.455, 0.584], R=0.816 [0.777, 0.857]
2026-04-25 03:47:38,519 - INFO - evaluate_detections -   MCC=0.266 [0.187, 0.344], Sens=0.873, Spec=0.357
2026-04-25 03:47:38,521 - INFO - __main__ - [223/264] p3a-minimal-text-t0.3 t=9 done
2026-04-25 03:47:39,196 - INFO - evaluate_detections -   30m: F1=0.534 [0.474, 0.591], P=0.381 [0.323, 0.439], R=0.894 [0.859, 0.926]
2026-04-25 03:47:39,315 - INFO - evaluate_detections -   50m: F1=0.654 [0.602, 0.700], P=0.561 [0.496, 0.625], R=0.784 [0.742, 0.827]
2026-04-25 03:47:39,528 - INFO - evaluate_detections -   30m: F1=0.554 [0.493, 0.609], P=0.405 [0.344, 0.462], R=0.878 [0.841, 0.911]
2026-04-25 03:47:40,398 - INFO - evaluate_detections -   20m: F1=0.571 [0.510, 0.625], P=0.427 [0.365, 0.486], R=0.862 [0.824, 0.898]
2026-04-25 03:47:40,550 - INFO - evaluate_detections -   40m: F1=0.484 [0.424, 0.541], P=0.327 [0.274, 0.381], R=0.931 [0.899, 0.960]
2026-04-25 03:47:40,828 - INFO - evaluate_detections -   40m: F1=0.518 [0.458, 0.575], P=0.360 [0.305, 0.416], R=0.924 [0.892, 0.953]
2026-04-25 03:47:42,033 - INFO - evaluate_detections -   50m: F1=0.409 [0.348, 0.468], P=0.261 [0.213, 0.311], R=0.945 [0.914, 0.971]
2026-04-25 03:47:44,294 - INFO - evaluate_detections -   20m: F1=0.592 [0.531, 0.645], P=0.455 [0.392, 0.517], R=0.848 [0.808, 0.886]
2026-04-25 03:47:44,753 - INFO - evaluate_detections -   100m: F1=0.654 [0.602, 0.700], P=0.561 [0.496, 0.625], R=0.784 [0.742, 0.827]
2026-04-25 03:47:44,865 - INFO - evaluate_detections -   40m: F1=0.542 [0.481, 0.599], P=0.386 [0.329, 0.446], R=0.908 [0.872, 0.939]
2026-04-25 03:47:45,144 - INFO - evaluate_detections -   40m: F1=0.564 [0.503, 0.619], P=0.412 [0.351, 0.472], R=0.894 [0.859, 0.927]
2026-04-25 03:47:45,549 - INFO - evaluate_detections -   MCC=0.313 [0.236, 0.395], Sens=0.856, Spec=0.430
2026-04-25 03:47:45,551 - INFO - __main__ - [224/264] p3a-minimal-text-t0.3 t=10 done
2026-04-25 03:47:45,979 - INFO - evaluate_detections -   30m: F1=0.575 [0.513, 0.628], P=0.430 [0.368, 0.490], R=0.869 [0.833, 0.903]
2026-04-25 03:47:46,515 - INFO - evaluate_detections -   50m: F1=0.484 [0.424, 0.541], P=0.327 [0.274, 0.381], R=0.931 [0.899, 0.960]
2026-04-25 03:47:46,637 - INFO - evaluate_detections -   50m: F1=0.518 [0.458, 0.575], P=0.360 [0.305, 0.416], R=0.924 [0.892, 0.953]
2026-04-25 03:47:48,342 - INFO - evaluate_detections -   100m: F1=0.409 [0.348, 0.468], P=0.261 [0.213, 0.311], R=0.945 [0.914, 0.971]
2026-04-25 03:47:49,222 - INFO - evaluate_detections -   MCC=0.016 [-0.071, 0.106], Sens=0.934, Spec=0.074
2026-04-25 03:47:49,224 - INFO - __main__ - [225/264] p3a-minimal-text-t0.3-n5 t=1 done
2026-04-25 03:47:49,861 - INFO - evaluate_detections -   30m: F1=0.596 [0.533, 0.649], P=0.457 [0.393, 0.519], R=0.853 [0.813, 0.891]
2026-04-25 03:47:50,551 - INFO - evaluate_detections -   50m: F1=0.542 [0.481, 0.599], P=0.386 [0.329, 0.446], R=0.908 [0.872, 0.939]
2026-04-25 03:47:50,822 - INFO - evaluate_detections -   50m: F1=0.564 [0.503, 0.619], P=0.412 [0.351, 0.472], R=0.894 [0.859, 0.927]
2026-04-25 03:47:51,109 - INFO - evaluate_detections -   20m: F1=0.608 [0.551, 0.662], P=0.480 [0.416, 0.546], R=0.830 [0.792, 0.867]
2026-04-25 03:47:51,592 - INFO - evaluate_detections -   40m: F1=0.586 [0.527, 0.641], P=0.438 [0.377, 0.500], R=0.885 [0.851, 0.919]
2026-04-25 03:47:52,423 - INFO - evaluate_detections -   100m: F1=0.519 [0.460, 0.576], P=0.361 [0.306, 0.418], R=0.926 [0.895, 0.955]
2026-04-25 03:47:52,498 - INFO - evaluate_detections -   100m: F1=0.484 [0.424, 0.541], P=0.327 [0.274, 0.381], R=0.931 [0.899, 0.960]
2026-04-25 03:47:53,239 - INFO - evaluate_detections -   MCC=0.067 [-0.020, 0.154], Sens=0.930, Spec=0.109
2026-04-25 03:47:53,240 - INFO - __main__ - [226/264] p3a-minimal-text-t0.3-n5 t=3 done
2026-04-25 03:47:53,330 - INFO - evaluate_detections -   MCC=0.049 [-0.042, 0.136], Sens=0.930, Spec=0.097
2026-04-25 03:47:53,331 - INFO - __main__ - [227/264] p3a-minimal-text-t0.3-n5 t=2 done
2026-04-25 03:47:54,940 - INFO - evaluate_detections -   20m: F1=0.624 [0.570, 0.676], P=0.510 [0.446, 0.578], R=0.802 [0.763, 0.843]
2026-04-25 03:47:55,435 - INFO - evaluate_detections -   40m: F1=0.605 [0.545, 0.661], P=0.465 [0.400, 0.528], R=0.867 [0.828, 0.904]
2026-04-25 03:47:56,334 - INFO - evaluate_detections -   100m: F1=0.544 [0.483, 0.600], P=0.387 [0.330, 0.446], R=0.910 [0.875, 0.941]
2026-04-25 03:47:56,445 - INFO - evaluate_detections -   100m: F1=0.566 [0.505, 0.620], P=0.413 [0.353, 0.473], R=0.897 [0.861, 0.930]
2026-04-25 03:47:56,619 - INFO - evaluate_detections -   30m: F1=0.613 [0.555, 0.668], P=0.484 [0.421, 0.549], R=0.837 [0.798, 0.874]
2026-04-25 03:47:57,138 - INFO - evaluate_detections -   MCC=0.091 [0.003, 0.174], Sens=0.930, Spec=0.124
2026-04-25 03:47:57,140 - INFO - __main__ - [228/264] p3a-minimal-text-t0.3-n5 t=4 done
2026-04-25 03:47:57,207 - INFO - evaluate_detections -   50m: F1=0.586 [0.527, 0.641], P=0.438 [0.377, 0.500], R=0.885 [0.851, 0.919]
2026-04-25 03:47:57,254 - INFO - evaluate_detections -   MCC=0.100 [0.011, 0.186], Sens=0.917, Spec=0.147
2026-04-25 03:47:57,256 - INFO - __main__ - [229/264] p3a-minimal-text-t0.3-n5 t=5 done
2026-04-25 03:47:58,773 - INFO - evaluate_detections -   20m: F1=0.642 [0.591, 0.688], P=0.551 [0.487, 0.614], R=0.770 [0.726, 0.815]
2026-04-25 03:48:00,193 - INFO - evaluate_detections -   20m: F1=0.283 [0.239, 0.327], P=0.166 [0.137, 0.198], R=0.945 [0.921, 0.966]
2026-04-25 03:48:00,564 - INFO - evaluate_detections -   30m: F1=0.629 [0.573, 0.682], P=0.515 [0.450, 0.580], R=0.809 [0.769, 0.849]
2026-04-25 03:48:01,000 - INFO - evaluate_detections -   50m: F1=0.605 [0.545, 0.661], P=0.465 [0.400, 0.528], R=0.867 [0.828, 0.904]
2026-04-25 03:48:02,112 - INFO - evaluate_detections -   40m: F1=0.618 [0.561, 0.673], P=0.488 [0.425, 0.553], R=0.844 [0.807, 0.881]
2026-04-25 03:48:02,912 - INFO - evaluate_detections -   100m: F1=0.586 [0.527, 0.641], P=0.438 [0.377, 0.500], R=0.885 [0.851, 0.919]
2026-04-25 03:48:03,161 - INFO - evaluate_detections -   20m: F1=0.493 [0.434, 0.548], P=0.336 [0.285, 0.389], R=0.920 [0.891, 0.945]
2026-04-25 03:48:03,377 - INFO - evaluate_detections -   20m: F1=0.416 [0.363, 0.468], P=0.268 [0.226, 0.312], R=0.929 [0.904, 0.952]
2026-04-25 03:48:03,723 - INFO - evaluate_detections -   MCC=0.133 [0.046, 0.215], Sens=0.913, Spec=0.178
2026-04-25 03:48:03,725 - INFO - __main__ - [230/264] p3a-minimal-text-t0.3-n5 t=6 done
2026-04-25 03:48:04,202 - INFO - evaluate_detections -   30m: F1=0.648 [0.596, 0.694], P=0.556 [0.492, 0.619], R=0.777 [0.733, 0.821]
2026-04-25 03:48:06,238 - INFO - evaluate_detections -   40m: F1=0.634 [0.579, 0.686], P=0.519 [0.455, 0.584], R=0.816 [0.777, 0.857]
2026-04-25 03:48:06,613 - INFO - evaluate_detections -   100m: F1=0.605 [0.545, 0.661], P=0.465 [0.400, 0.528], R=0.867 [0.828, 0.904]
2026-04-25 03:48:06,940 - INFO - evaluate_detections -   30m: F1=0.286 [0.243, 0.331], P=0.168 [0.139, 0.200], R=0.956 [0.936, 0.975]
2026-04-25 03:48:07,420 - INFO - evaluate_detections -   MCC=0.192 [0.105, 0.275], Sens=0.900, Spec=0.248
2026-04-25 03:48:07,422 - INFO - __main__ - [231/264] p3a-minimal-text-t0.3-n5 t=7 done
2026-04-25 03:48:07,678 - INFO - evaluate_detections -   50m: F1=0.618 [0.561, 0.673], P=0.488 [0.425, 0.553], R=0.844 [0.807, 0.881]
2026-04-25 03:48:08,935 - INFO - evaluate_detections -   30m: F1=0.499 [0.441, 0.553], P=0.341 [0.290, 0.394], R=0.931 [0.905, 0.955]
2026-04-25 03:48:09,482 - INFO - evaluate_detections -   30m: F1=0.421 [0.367, 0.473], P=0.272 [0.228, 0.316], R=0.940 [0.918, 0.961]
2026-04-25 03:48:09,531 - INFO - evaluate_detections -   20m: F1=0.531 [0.474, 0.583], P=0.377 [0.322, 0.432], R=0.899 [0.863, 0.931]
2026-04-25 03:48:09,696 - INFO - evaluate_detections -   40m: F1=0.654 [0.602, 0.700], P=0.561 [0.496, 0.625], R=0.784 [0.742, 0.827]
2026-04-25 03:48:11,688 - INFO - evaluate_detections -   50m: F1=0.634 [0.579, 0.686], P=0.519 [0.455, 0.584], R=0.816 [0.777, 0.857]
2026-04-25 03:48:13,137 - INFO - evaluate_detections -   100m: F1=0.618 [0.561, 0.673], P=0.488 [0.425, 0.553], R=0.844 [0.807, 0.881]
2026-04-25 03:48:13,381 - INFO - evaluate_detections -   20m: F1=0.571 [0.513, 0.625], P=0.422 [0.362, 0.482], R=0.883 [0.847, 0.916]
2026-04-25 03:48:13,666 - INFO - evaluate_detections -   40m: F1=0.287 [0.243, 0.332], P=0.169 [0.139, 0.200], R=0.959 [0.940, 0.977]
2026-04-25 03:48:13,933 - INFO - evaluate_detections -   MCC=0.214 [0.131, 0.298], Sens=0.886, Spec=0.287
2026-04-25 03:48:13,934 - INFO - __main__ - [232/264] p3a-minimal-text-t0.3-n5 t=8 done
2026-04-25 03:48:14,923 - INFO - evaluate_detections -   40m: F1=0.502 [0.444, 0.557], P=0.343 [0.292, 0.395], R=0.938 [0.914, 0.961]
2026-04-25 03:48:15,085 - INFO - evaluate_detections -   50m: F1=0.654 [0.602, 0.700], P=0.561 [0.496, 0.625], R=0.784 [0.742, 0.827]
2026-04-25 03:48:15,246 - INFO - evaluate_detections -   30m: F1=0.537 [0.478, 0.590], P=0.381 [0.325, 0.436], R=0.908 [0.874, 0.940]
2026-04-25 03:48:15,617 - INFO - evaluate_detections -   40m: F1=0.423 [0.370, 0.475], P=0.273 [0.229, 0.317], R=0.945 [0.922, 0.965]
2026-04-25 03:48:17,224 - INFO - evaluate_detections -   100m: F1=0.634 [0.579, 0.686], P=0.519 [0.455, 0.584], R=0.816 [0.777, 0.857]
2026-04-25 03:48:18,039 - INFO - evaluate_detections -   MCC=0.266 [0.187, 0.344], Sens=0.873, Spec=0.357
2026-04-25 03:48:18,041 - INFO - __main__ - [233/264] p3a-minimal-text-t0.3-n5 t=9 done
2026-04-25 03:48:19,086 - INFO - evaluate_detections -   30m: F1=0.580 [0.520, 0.634], P=0.429 [0.369, 0.488], R=0.897 [0.861, 0.929]
2026-04-25 03:48:19,518 - INFO - evaluate_detections -   20m: F1=0.607 [0.549, 0.663], P=0.467 [0.403, 0.532], R=0.867 [0.827, 0.902]
2026-04-25 03:48:20,488 - INFO - evaluate_detections -   50m: F1=0.288 [0.244, 0.333], P=0.169 [0.139, 0.201], R=0.963 [0.945, 0.983]
2026-04-25 03:48:20,540 - INFO - evaluate_detections -   100m: F1=0.654 [0.602, 0.700], P=0.561 [0.496, 0.625], R=0.784 [0.742, 0.827]
2026-04-25 03:48:21,010 - INFO - evaluate_detections -   40m: F1=0.541 [0.482, 0.594], P=0.384 [0.328, 0.439], R=0.915 [0.882, 0.946]
2026-04-25 03:48:21,012 - INFO - evaluate_detections -   50m: F1=0.502 [0.444, 0.557], P=0.343 [0.292, 0.395], R=0.938 [0.914, 0.961]
2026-04-25 03:48:21,339 - INFO - evaluate_detections -   MCC=0.313 [0.236, 0.395], Sens=0.856, Spec=0.430
2026-04-25 03:48:21,341 - INFO - __main__ - [234/264] p3a-minimal-text-t0.3-n5 t=10 done
2026-04-25 03:48:21,762 - INFO - evaluate_detections -   50m: F1=0.426 [0.371, 0.477], P=0.274 [0.230, 0.318], R=0.949 [0.928, 0.970]
2026-04-25 03:48:23,509 - INFO - evaluate_detections -   20m: F1=0.630 [0.570, 0.688], P=0.505 [0.437, 0.575], R=0.837 [0.794, 0.876]
2026-04-25 03:48:24,776 - INFO - evaluate_detections -   40m: F1=0.585 [0.526, 0.639], P=0.432 [0.372, 0.492], R=0.903 [0.870, 0.934]
2026-04-25 03:48:25,052 - INFO - evaluate_detections -   30m: F1=0.617 [0.557, 0.671], P=0.475 [0.410, 0.539], R=0.880 [0.843, 0.915]
2026-04-25 03:48:26,760 - INFO - evaluate_detections -   20m: F1=0.655 [0.600, 0.707], P=0.550 [0.483, 0.618], R=0.809 [0.764, 0.848]
2026-04-25 03:48:26,971 - INFO - evaluate_detections -   50m: F1=0.541 [0.482, 0.594], P=0.384 [0.328, 0.439], R=0.915 [0.882, 0.946]
2026-04-25 03:48:27,115 - INFO - evaluate_detections -   100m: F1=0.504 [0.444, 0.558], P=0.344 [0.292, 0.396], R=0.940 [0.917, 0.963]
2026-04-25 03:48:27,251 - INFO - evaluate_detections -   100m: F1=0.290 [0.245, 0.334], P=0.170 [0.140, 0.202], R=0.968 [0.951, 0.984]
2026-04-25 03:48:27,793 - INFO - evaluate_detections -   100m: F1=0.429 [0.374, 0.481], P=0.276 [0.232, 0.321], R=0.956 [0.937, 0.974]
2026-04-25 03:48:27,969 - INFO - evaluate_detections -   MCC=0.053 [-0.032, 0.141], Sens=0.926, Spec=0.105
2026-04-25 03:48:27,970 - INFO - __main__ - [235/264] p3a-minimal-text-t1.0 t=3 done
2026-04-25 03:48:28,115 - INFO - evaluate_detections -   MCC=0.018 [-0.068, 0.101], Sens=0.961, Spec=0.047
2026-04-25 03:48:28,116 - INFO - __main__ - [236/264] p3a-minimal-text-t1.0 t=1 done
2026-04-25 03:48:28,655 - INFO - evaluate_detections -   MCC=-0.008 [-0.100, 0.084], Sens=0.930, Spec=0.066
2026-04-25 03:48:28,657 - INFO - __main__ - [237/264] p3a-minimal-text-t1.0 t=2 done
2026-04-25 03:48:28,953 - INFO - evaluate_detections -   30m: F1=0.637 [0.577, 0.693], P=0.510 [0.443, 0.579], R=0.846 [0.807, 0.882]
2026-04-25 03:48:30,469 - INFO - evaluate_detections -   50m: F1=0.585 [0.526, 0.639], P=0.432 [0.372, 0.492], R=0.903 [0.870, 0.934]
2026-04-25 03:48:30,660 - INFO - evaluate_detections -   40m: F1=0.620 [0.560, 0.676], P=0.477 [0.414, 0.541], R=0.885 [0.847, 0.919]
2026-04-25 03:48:32,182 - INFO - evaluate_detections -   30m: F1=0.662 [0.606, 0.714], P=0.556 [0.488, 0.625], R=0.818 [0.777, 0.856]
2026-04-25 03:48:32,727 - INFO - evaluate_detections -   100m: F1=0.542 [0.483, 0.595], P=0.385 [0.329, 0.439], R=0.917 [0.884, 0.948]
2026-04-25 03:48:33,319 - INFO - evaluate_detections -   20m: F1=0.667 [0.613, 0.716], P=0.597 [0.527, 0.665], R=0.754 [0.709, 0.798]
2026-04-25 03:48:33,340 - INFO - evaluate_detections -   20m: F1=0.651 [0.600, 0.699], P=0.671 [0.599, 0.733], R=0.632 [0.573, 0.688]
2026-04-25 03:48:33,536 - INFO - evaluate_detections -   MCC=0.120 [0.036, 0.201], Sens=0.926, Spec=0.151
2026-04-25 03:48:33,537 - INFO - __main__ - [238/264] p3a-minimal-text-t1.0 t=4 done
2026-04-25 03:48:34,368 - INFO - evaluate_detections -   40m: F1=0.640 [0.581, 0.697], P=0.513 [0.446, 0.583], R=0.851 [0.814, 0.887]
2026-04-25 03:48:35,703 - INFO - evaluate_detections -   20m: F1=0.283 [0.239, 0.327], P=0.166 [0.137, 0.198], R=0.945 [0.921, 0.966]
2026-04-25 03:48:36,148 - INFO - evaluate_detections -   100m: F1=0.586 [0.527, 0.639], P=0.433 [0.374, 0.493], R=0.906 [0.873, 0.937]
2026-04-25 03:48:36,418 - INFO - evaluate_detections -   50m: F1=0.620 [0.560, 0.676], P=0.477 [0.414, 0.541], R=0.885 [0.847, 0.919]
2026-04-25 03:48:36,993 - INFO - evaluate_detections -   MCC=0.212 [0.132, 0.288], Sens=0.926, Spec=0.229
2026-04-25 03:48:36,995 - INFO - __main__ - [239/264] p3a-minimal-text-t1.0 t=5 done
2026-04-25 03:48:37,564 - INFO - evaluate_detections -   40m: F1=0.666 [0.611, 0.718], P=0.559 [0.490, 0.628], R=0.823 [0.782, 0.861]
2026-04-25 03:48:38,526 - INFO - evaluate_detections -   30m: F1=0.658 [0.607, 0.704], P=0.678 [0.610, 0.739], R=0.639 [0.578, 0.696]
2026-04-25 03:48:38,643 - INFO - evaluate_detections -   30m: F1=0.673 [0.620, 0.722], P=0.603 [0.533, 0.672], R=0.761 [0.716, 0.804]
2026-04-25 03:48:39,681 - INFO - evaluate_detections -   20m: F1=0.416 [0.363, 0.468], P=0.268 [0.226, 0.312], R=0.929 [0.904, 0.952]
2026-04-25 03:48:39,801 - INFO - evaluate_detections -   50m: F1=0.640 [0.581, 0.697], P=0.513 [0.446, 0.583], R=0.851 [0.814, 0.887]
2026-04-25 03:48:42,024 - INFO - evaluate_detections -   100m: F1=0.622 [0.561, 0.677], P=0.478 [0.415, 0.542], R=0.887 [0.850, 0.920]
2026-04-25 03:48:42,467 - INFO - evaluate_detections -   30m: F1=0.286 [0.243, 0.331], P=0.168 [0.139, 0.200], R=0.956 [0.936, 0.975]
2026-04-25 03:48:42,862 - INFO - evaluate_detections -   MCC=0.284 [0.208, 0.360], Sens=0.921, Spec=0.306
2026-04-25 03:48:42,863 - INFO - __main__ - [240/264] p3a-minimal-text-t1.0 t=6 done
2026-04-25 03:48:42,980 - INFO - evaluate_detections -   50m: F1=0.666 [0.611, 0.718], P=0.559 [0.490, 0.628], R=0.823 [0.782, 0.861]
2026-04-25 03:48:43,105 - INFO - evaluate_detections -   20m: F1=0.493 [0.434, 0.548], P=0.336 [0.285, 0.389], R=0.920 [0.891, 0.945]
2026-04-25 03:48:43,702 - INFO - evaluate_detections -   40m: F1=0.658 [0.607, 0.704], P=0.678 [0.610, 0.739], R=0.639 [0.578, 0.696]
2026-04-25 03:48:43,959 - INFO - evaluate_detections -   40m: F1=0.675 [0.622, 0.724], P=0.605 [0.535, 0.674], R=0.763 [0.718, 0.807]
2026-04-25 03:48:45,323 - INFO - evaluate_detections -   100m: F1=0.642 [0.584, 0.697], P=0.515 [0.447, 0.583], R=0.853 [0.815, 0.889]
2026-04-25 03:48:45,668 - INFO - evaluate_detections -   30m: F1=0.421 [0.367, 0.473], P=0.272 [0.228, 0.316], R=0.940 [0.918, 0.961]
2026-04-25 03:48:46,141 - INFO - evaluate_detections -   MCC=0.292 [0.209, 0.369], Sens=0.873, Spec=0.384
2026-04-25 03:48:46,143 - INFO - __main__ - [241/264] p3a-minimal-text-t1.0 t=7 done
2026-04-25 03:48:48,404 - INFO - evaluate_detections -   100m: F1=0.666 [0.611, 0.718], P=0.559 [0.490, 0.628], R=0.823 [0.782, 0.861]
2026-04-25 03:48:48,653 - INFO - evaluate_detections -   20m: F1=0.531 [0.474, 0.583], P=0.377 [0.322, 0.432], R=0.899 [0.863, 0.931]
2026-04-25 03:48:48,856 - INFO - evaluate_detections -   50m: F1=0.658 [0.607, 0.704], P=0.678 [0.610, 0.739], R=0.639 [0.578, 0.696]
2026-04-25 03:48:49,048 - INFO - evaluate_detections -   30m: F1=0.499 [0.441, 0.553], P=0.341 [0.290, 0.394], R=0.931 [0.905, 0.955]
2026-04-25 03:48:49,157 - INFO - evaluate_detections -   40m: F1=0.287 [0.243, 0.332], P=0.169 [0.139, 0.200], R=0.959 [0.940, 0.977]
2026-04-25 03:48:49,201 - INFO - evaluate_detections -   MCC=0.343 [0.264, 0.425], Sens=0.852, Spec=0.469
2026-04-25 03:48:49,222 - INFO - __main__ - [242/264] p3a-minimal-text-t1.0 t=8 done
2026-04-25 03:48:49,286 - INFO - evaluate_detections -   50m: F1=0.675 [0.622, 0.724], P=0.605 [0.535, 0.674], R=0.763 [0.718, 0.807]
2026-04-25 03:48:51,849 - INFO - evaluate_detections -   20m: F1=0.571 [0.513, 0.625], P=0.422 [0.362, 0.482], R=0.883 [0.847, 0.916]
2026-04-25 03:48:51,941 - INFO - evaluate_detections -   40m: F1=0.423 [0.370, 0.475], P=0.273 [0.229, 0.317], R=0.945 [0.922, 0.965]
2026-04-25 03:48:54,033 - INFO - evaluate_detections -   100m: F1=0.658 [0.607, 0.704], P=0.678 [0.610, 0.739], R=0.639 [0.578, 0.696]
2026-04-25 03:48:54,349 - INFO - evaluate_detections -   30m: F1=0.537 [0.478, 0.590], P=0.381 [0.325, 0.436], R=0.908 [0.874, 0.940]
2026-04-25 03:48:54,583 - INFO - evaluate_detections -   100m: F1=0.675 [0.622, 0.724], P=0.605 [0.535, 0.674], R=0.763 [0.718, 0.807]
2026-04-25 03:48:54,818 - INFO - evaluate_detections -   MCC=0.427 [0.350, 0.509], Sens=0.738, Spec=0.690
2026-04-25 03:48:54,819 - INFO - __main__ - [243/264] p3a-minimal-text-t1.0 t=10 done
2026-04-25 03:48:54,889 - INFO - evaluate_detections -   20m: F1=0.607 [0.549, 0.663], P=0.467 [0.403, 0.532], R=0.867 [0.827, 0.902]
2026-04-25 03:48:54,918 - INFO - evaluate_detections -   40m: F1=0.502 [0.444, 0.557], P=0.343 [0.292, 0.395], R=0.938 [0.914, 0.961]
2026-04-25 03:48:55,377 - INFO - evaluate_detections -   MCC=0.415 [0.337, 0.499], Sens=0.834, Spec=0.570
2026-04-25 03:48:55,379 - INFO - __main__ - [244/264] p3a-minimal-text-t1.0 t=9 done
2026-04-25 03:48:55,929 - INFO - evaluate_detections -   50m: F1=0.288 [0.244, 0.333], P=0.169 [0.139, 0.201], R=0.963 [0.945, 0.983]
2026-04-25 03:48:57,430 - INFO - evaluate_detections -   30m: F1=0.580 [0.520, 0.634], P=0.429 [0.369, 0.488], R=0.897 [0.861, 0.929]
2026-04-25 03:48:58,177 - INFO - evaluate_detections -   50m: F1=0.426 [0.371, 0.477], P=0.274 [0.230, 0.318], R=0.949 [0.928, 0.970]
2026-04-25 03:49:00,072 - INFO - evaluate_detections -   40m: F1=0.541 [0.482, 0.594], P=0.384 [0.328, 0.439], R=0.915 [0.882, 0.946]
2026-04-25 03:49:00,301 - INFO - evaluate_detections -   20m: F1=0.630 [0.570, 0.688], P=0.505 [0.437, 0.575], R=0.837 [0.794, 0.876]
2026-04-25 03:49:00,656 - INFO - evaluate_detections -   30m: F1=0.617 [0.557, 0.671], P=0.475 [0.410, 0.539], R=0.880 [0.843, 0.915]
2026-04-25 03:49:00,800 - INFO - evaluate_detections -   20m: F1=0.655 [0.600, 0.707], P=0.550 [0.483, 0.618], R=0.809 [0.764, 0.848]
2026-04-25 03:49:00,814 - INFO - evaluate_detections -   50m: F1=0.502 [0.444, 0.557], P=0.343 [0.292, 0.395], R=0.938 [0.914, 0.961]
2026-04-25 03:49:02,748 - INFO - evaluate_detections -   100m: F1=0.290 [0.245, 0.334], P=0.170 [0.140, 0.202], R=0.968 [0.951, 0.984]
2026-04-25 03:49:03,111 - INFO - evaluate_detections -   40m: F1=0.585 [0.526, 0.639], P=0.432 [0.372, 0.492], R=0.903 [0.870, 0.934]
2026-04-25 03:49:03,648 - INFO - evaluate_detections -   MCC=0.018 [-0.068, 0.101], Sens=0.961, Spec=0.047
2026-04-25 03:49:03,650 - INFO - __main__ - [245/264] p3a-minimal-text-t1.0-n5 t=1 done
2026-04-25 03:49:04,327 - INFO - evaluate_detections -   100m: F1=0.429 [0.374, 0.481], P=0.276 [0.232, 0.321], R=0.956 [0.937, 0.974]
2026-04-25 03:49:05,184 - INFO - evaluate_detections -   MCC=-0.008 [-0.100, 0.084], Sens=0.930, Spec=0.066
2026-04-25 03:49:05,186 - INFO - __main__ - [246/264] p3a-minimal-text-t1.0-n5 t=2 done
2026-04-25 03:49:05,727 - INFO - evaluate_detections -   30m: F1=0.637 [0.577, 0.693], P=0.510 [0.443, 0.579], R=0.846 [0.807, 0.882]
2026-04-25 03:49:05,759 - INFO - evaluate_detections -   50m: F1=0.541 [0.482, 0.594], P=0.384 [0.328, 0.439], R=0.915 [0.882, 0.946]
2026-04-25 03:49:06,244 - INFO - evaluate_detections -   40m: F1=0.620 [0.560, 0.676], P=0.477 [0.414, 0.541], R=0.885 [0.847, 0.919]
2026-04-25 03:49:06,247 - INFO - evaluate_detections -   30m: F1=0.662 [0.606, 0.714], P=0.556 [0.488, 0.625], R=0.818 [0.777, 0.856]
2026-04-25 03:49:06,746 - INFO - evaluate_detections -   100m: F1=0.504 [0.444, 0.558], P=0.344 [0.292, 0.396], R=0.940 [0.917, 0.963]
2026-04-25 03:49:07,604 - INFO - evaluate_detections -   MCC=0.053 [-0.032, 0.141], Sens=0.926, Spec=0.105
2026-04-25 03:49:07,605 - INFO - __main__ - [247/264] p3a-minimal-text-t1.0-n5 t=3 done
2026-04-25 03:49:08,679 - INFO - evaluate_detections -   50m: F1=0.585 [0.526, 0.639], P=0.432 [0.372, 0.492], R=0.903 [0.870, 0.934]
2026-04-25 03:49:08,998 - INFO - evaluate_detections -   20m: F1=0.667 [0.613, 0.716], P=0.597 [0.527, 0.665], R=0.754 [0.709, 0.798]
2026-04-25 03:49:10,357 - INFO - evaluate_detections -   20m: F1=0.651 [0.600, 0.699], P=0.671 [0.599, 0.733], R=0.632 [0.573, 0.688]
2026-04-25 03:49:11,189 - INFO - evaluate_detections -   40m: F1=0.640 [0.581, 0.697], P=0.513 [0.446, 0.583], R=0.851 [0.814, 0.887]
2026-04-25 03:49:11,465 - INFO - evaluate_detections -   100m: F1=0.542 [0.483, 0.595], P=0.385 [0.329, 0.439], R=0.917 [0.884, 0.948]
2026-04-25 03:49:11,778 - INFO - evaluate_detections -   50m: F1=0.620 [0.560, 0.676], P=0.477 [0.414, 0.541], R=0.885 [0.847, 0.919]
2026-04-25 03:49:11,860 - INFO - evaluate_detections -   40m: F1=0.666 [0.611, 0.718], P=0.559 [0.490, 0.628], R=0.823 [0.782, 0.861]
2026-04-25 03:49:12,271 - INFO - evaluate_detections -   MCC=0.120 [0.036, 0.201], Sens=0.926, Spec=0.151
2026-04-25 03:49:12,273 - INFO - __main__ - [248/264] p3a-minimal-text-t1.0-n5 t=4 done
2026-04-25 03:49:14,284 - INFO - evaluate_detections -   30m: F1=0.673 [0.620, 0.722], P=0.603 [0.533, 0.672], R=0.761 [0.716, 0.804]
2026-04-25 03:49:14,460 - INFO - evaluate_detections -   100m: F1=0.586 [0.527, 0.639], P=0.433 [0.374, 0.493], R=0.906 [0.873, 0.937]
2026-04-25 03:49:15,301 - INFO - evaluate_detections -   MCC=0.212 [0.132, 0.288], Sens=0.926, Spec=0.229
2026-04-25 03:49:15,302 - INFO - __main__ - [249/264] p3a-minimal-text-t1.0-n5 t=5 done
2026-04-25 03:49:15,512 - INFO - evaluate_detections -   30m: F1=0.658 [0.607, 0.704], P=0.678 [0.610, 0.739], R=0.639 [0.578, 0.696]
2026-04-25 03:49:16,355 - INFO - evaluate_detections -   20m: F1=0.192 [0.164, 0.219], P=0.107 [0.090, 0.125], R=0.890 [0.859, 0.919]
2026-04-25 03:49:16,650 - INFO - evaluate_detections -   50m: F1=0.640 [0.581, 0.697], P=0.513 [0.446, 0.583], R=0.851 [0.814, 0.887]
2026-04-25 03:49:17,269 - INFO - evaluate_detections -   50m: F1=0.666 [0.611, 0.718], P=0.559 [0.490, 0.628], R=0.823 [0.782, 0.861]
2026-04-25 03:49:17,316 - INFO - evaluate_detections -   100m: F1=0.622 [0.561, 0.677], P=0.478 [0.415, 0.542], R=0.887 [0.850, 0.920]
2026-04-25 03:49:18,121 - INFO - evaluate_detections -   MCC=0.284 [0.208, 0.360], Sens=0.921, Spec=0.306
2026-04-25 03:49:18,123 - INFO - __main__ - [250/264] p3a-minimal-text-t1.0-n5 t=6 done
2026-04-25 03:49:18,623 - INFO - evaluate_detections -   20m: F1=0.474 [0.434, 0.511], P=0.329 [0.294, 0.362], R=0.851 [0.810, 0.890]
2026-04-25 03:49:19,559 - INFO - evaluate_detections -   40m: F1=0.675 [0.622, 0.724], P=0.605 [0.535, 0.674], R=0.763 [0.718, 0.807]
2026-04-25 03:49:20,720 - INFO - evaluate_detections -   40m: F1=0.658 [0.607, 0.704], P=0.678 [0.610, 0.739], R=0.639 [0.578, 0.696]
2026-04-25 03:49:20,988 - INFO - evaluate_detections -   20m: F1=0.606 [0.563, 0.645], P=0.486 [0.444, 0.529], R=0.805 [0.762, 0.847]
2026-04-25 03:49:22,294 - INFO - evaluate_detections -   100m: F1=0.642 [0.584, 0.697], P=0.515 [0.447, 0.583], R=0.853 [0.815, 0.889]
2026-04-25 03:49:22,674 - INFO - evaluate_detections -   100m: F1=0.666 [0.611, 0.718], P=0.559 [0.490, 0.628], R=0.823 [0.782, 0.861]
2026-04-25 03:49:23,123 - INFO - evaluate_detections -   MCC=0.292 [0.209, 0.369], Sens=0.873, Spec=0.384
2026-04-25 03:49:23,124 - INFO - __main__ - [251/264] p3a-minimal-text-t1.0-n5 t=7 done
2026-04-25 03:49:23,475 - INFO - evaluate_detections -   MCC=0.343 [0.264, 0.425], Sens=0.852, Spec=0.469
2026-04-25 03:49:23,476 - INFO - __main__ - [252/264] p3a-minimal-text-t1.0-n5 t=8 done
2026-04-25 03:49:23,571 - INFO - evaluate_detections -   20m: F1=0.690 [0.650, 0.728], P=0.618 [0.573, 0.662], R=0.782 [0.737, 0.826]
2026-04-25 03:49:24,873 - INFO - evaluate_detections -   50m: F1=0.675 [0.622, 0.724], P=0.605 [0.535, 0.674], R=0.763 [0.718, 0.807]
2026-04-25 03:49:24,927 - INFO - evaluate_detections -   30m: F1=0.510 [0.471, 0.545], P=0.354 [0.318, 0.387], R=0.915 [0.886, 0.941]
2026-04-25 03:49:24,957 - INFO - evaluate_detections -   30m: F1=0.202 [0.173, 0.231], P=0.113 [0.095, 0.132], R=0.938 [0.912, 0.961]
2026-04-25 03:49:25,943 - INFO - evaluate_detections -   50m: F1=0.658 [0.607, 0.704], P=0.678 [0.610, 0.739], R=0.639 [0.578, 0.696]
2026-04-25 03:49:26,624 - INFO - evaluate_detections -   30m: F1=0.665 [0.625, 0.701], P=0.533 [0.490, 0.576], R=0.883 [0.848, 0.914]
2026-04-25 03:49:28,576 - INFO - evaluate_detections -   20m: F1=0.740 [0.702, 0.780], P=0.716 [0.673, 0.756], R=0.766 [0.719, 0.813]
2026-04-25 03:49:28,750 - INFO - evaluate_detections -   20m: F1=0.742 [0.699, 0.783], P=0.772 [0.726, 0.813], R=0.715 [0.666, 0.764]
2026-04-25 03:49:28,988 - INFO - evaluate_detections -   30m: F1=0.753 [0.716, 0.785], P=0.675 [0.630, 0.714], R=0.853 [0.813, 0.889]
2026-04-25 03:49:30,413 - INFO - evaluate_detections -   100m: F1=0.675 [0.622, 0.724], P=0.605 [0.535, 0.674], R=0.763 [0.718, 0.807]
2026-04-25 03:49:31,074 - INFO - evaluate_detections -   40m: F1=0.518 [0.478, 0.554], P=0.359 [0.323, 0.393], R=0.929 [0.904, 0.954]
2026-04-25 03:49:31,241 - INFO - evaluate_detections -   MCC=0.415 [0.337, 0.499], Sens=0.834, Spec=0.570
2026-04-25 03:49:31,243 - INFO - __main__ - [253/264] p3a-minimal-text-t1.0-n5 t=9 done
2026-04-25 03:49:31,246 - INFO - evaluate_detections -   100m: F1=0.658 [0.607, 0.704], P=0.678 [0.610, 0.739], R=0.639 [0.578, 0.696]
2026-04-25 03:49:32,026 - INFO - evaluate_detections -   MCC=0.427 [0.350, 0.509], Sens=0.738, Spec=0.690
2026-04-25 03:49:32,027 - INFO - __main__ - [254/264] p3a-minimal-text-t1.0-n5 t=10 done
2026-04-25 03:49:32,203 - INFO - evaluate_detections -   40m: F1=0.679 [0.641, 0.714], P=0.544 [0.502, 0.587], R=0.901 [0.871, 0.931]
2026-04-25 03:49:33,399 - INFO - evaluate_detections -   40m: F1=0.206 [0.177, 0.234], P=0.115 [0.097, 0.133], R=0.954 [0.933, 0.974]
2026-04-25 03:49:33,955 - INFO - evaluate_detections -   30m: F1=0.807 [0.771, 0.837], P=0.781 [0.739, 0.819], R=0.834 [0.793, 0.873]
2026-04-25 03:49:34,032 - INFO - evaluate_detections -   30m: F1=0.804 [0.766, 0.838], P=0.836 [0.795, 0.876], R=0.775 [0.724, 0.821]
2026-04-25 03:49:34,407 - INFO - evaluate_detections -   40m: F1=0.774 [0.738, 0.803], P=0.693 [0.649, 0.730], R=0.876 [0.841, 0.910]
2026-04-25 03:49:36,457 - INFO - evaluate_detections -   20m: F1=0.738 [0.693, 0.781], P=0.822 [0.778, 0.865], R=0.669 [0.615, 0.720]
2026-04-25 03:49:37,240 - INFO - evaluate_detections -   50m: F1=0.527 [0.486, 0.562], P=0.365 [0.329, 0.399], R=0.945 [0.920, 0.967]
2026-04-25 03:49:37,248 - INFO - evaluate_detections -   20m: F1=0.720 [0.676, 0.768], P=0.857 [0.813, 0.901], R=0.621 [0.568, 0.677]
2026-04-25 03:49:37,805 - INFO - evaluate_detections -   50m: F1=0.684 [0.646, 0.718], P=0.549 [0.505, 0.591], R=0.908 [0.879, 0.935]
2026-04-25 03:49:39,298 - INFO - evaluate_detections -   40m: F1=0.826 [0.790, 0.858], P=0.859 [0.819, 0.896], R=0.795 [0.749, 0.840]
2026-04-25 03:49:39,344 - INFO - evaluate_detections -   40m: F1=0.831 [0.799, 0.859], P=0.804 [0.763, 0.843], R=0.860 [0.823, 0.895]
2026-04-25 03:49:39,851 - INFO - evaluate_detections -   50m: F1=0.780 [0.745, 0.809], P=0.698 [0.653, 0.737], R=0.883 [0.848, 0.916]
2026-04-25 03:49:41,865 - INFO - evaluate_detections -   30m: F1=0.793 [0.751, 0.830], P=0.884 [0.847, 0.919], R=0.720 [0.665, 0.771]
2026-04-25 03:49:41,962 - INFO - evaluate_detections -   50m: F1=0.208 [0.178, 0.236], P=0.116 [0.098, 0.135], R=0.963 [0.944, 0.981]
2026-04-25 03:49:42,407 - INFO - evaluate_detections -   30m: F1=0.771 [0.729, 0.809], P=0.917 [0.883, 0.947], R=0.664 [0.609, 0.718]
2026-04-25 03:49:43,445 - INFO - evaluate_detections -   100m: F1=0.700 [0.662, 0.733], P=0.561 [0.516, 0.603], R=0.929 [0.903, 0.953]
2026-04-25 03:49:43,553 - INFO - evaluate_detections -   100m: F1=0.537 [0.496, 0.573], P=0.372 [0.335, 0.407], R=0.963 [0.941, 0.983]
2026-04-25 03:49:44,242 - INFO - evaluate_detections -   MCC=0.555 [0.473, 0.623], Sens=0.873, Spec=0.674
2026-04-25 03:49:44,243 - INFO - __main__ - [255/264] scale4-optimal-487 t=3 done
2026-04-25 03:49:44,395 - INFO - evaluate_detections -   MCC=0.457 [0.382, 0.525], Sens=0.913, Spec=0.512
2026-04-25 03:49:44,396 - INFO - __main__ - [256/264] scale4-optimal-487 t=2 done
2026-04-25 03:49:44,544 - INFO - evaluate_detections -   50m: F1=0.831 [0.796, 0.861], P=0.864 [0.824, 0.900], R=0.800 [0.755, 0.844]
2026-04-25 03:49:44,676 - INFO - evaluate_detections -   50m: F1=0.833 [0.802, 0.859], P=0.806 [0.765, 0.844], R=0.862 [0.825, 0.898]
2026-04-25 03:49:45,255 - INFO - evaluate_detections -   100m: F1=0.788 [0.754, 0.817], P=0.705 [0.662, 0.744], R=0.892 [0.860, 0.923]
2026-04-25 03:49:46,065 - INFO - evaluate_detections -   MCC=0.646 [0.569, 0.708], Sens=0.856, Spec=0.791
2026-04-25 03:49:46,066 - INFO - __main__ - [257/264] scale4-optimal-487 t=4 done
2026-04-25 03:49:47,022 - INFO - evaluate_detections -   40m: F1=0.809 [0.769, 0.845], P=0.901 [0.866, 0.933], R=0.733 [0.680, 0.785]
2026-04-25 03:49:47,520 - INFO - evaluate_detections -   40m: F1=0.779 [0.736, 0.816], P=0.927 [0.895, 0.956], R=0.671 [0.617, 0.725]
2026-04-25 03:49:49,304 - INFO - evaluate_detections -   20m: F1=0.651 [0.603, 0.701], P=0.879 [0.836, 0.919], R=0.517 [0.464, 0.574]
2026-04-25 03:49:49,348 - INFO - evaluate_detections -   20m: F1=0.531 [0.474, 0.586], P=0.896 [0.849, 0.941], R=0.377 [0.325, 0.431]
2026-04-25 03:49:49,808 - INFO - evaluate_detections -   100m: F1=0.835 [0.801, 0.865], P=0.868 [0.829, 0.903], R=0.805 [0.760, 0.850]
2026-04-25 03:49:49,950 - INFO - evaluate_detections -   100m: F1=0.838 [0.806, 0.864], P=0.811 [0.768, 0.849], R=0.867 [0.829, 0.900]
2026-04-25 03:49:50,399 - INFO - evaluate_detections -   100m: F1=0.210 [0.180, 0.239], P=0.118 [0.099, 0.136], R=0.975 [0.957, 0.990]
2026-04-25 03:49:50,594 - INFO - evaluate_detections -   MCC=0.746 [0.688, 0.802], Sens=0.817, Spec=0.922
2026-04-25 03:49:50,595 - INFO - __main__ - [258/264] scale4-optimal-487 t=6 done
2026-04-25 03:49:50,721 - INFO - evaluate_detections -   MCC=0.707 [0.643, 0.767], Sens=0.838, Spec=0.868
2026-04-25 03:49:50,741 - INFO - __main__ - [259/264] scale4-optimal-487 t=5 done
2026-04-25 03:49:51,278 - INFO - evaluate_detections -   MCC=0.207 [0.127, 0.282], Sens=0.952, Spec=0.182
2026-04-25 03:49:51,280 - INFO - __main__ - [260/264] scale4-optimal-487 t=1 done
2026-04-25 03:49:52,046 - INFO - evaluate_detections -   50m: F1=0.811 [0.772, 0.846], P=0.904 [0.869, 0.935], R=0.736 [0.682, 0.787]
2026-04-25 03:49:52,477 - INFO - evaluate_detections -   50m: F1=0.779 [0.736, 0.816], P=0.927 [0.895, 0.956], R=0.671 [0.617, 0.725]
2026-04-25 03:49:53,998 - INFO - evaluate_detections -   30m: F1=0.560 [0.500, 0.615], P=0.945 [0.905, 0.976], R=0.398 [0.341, 0.454]
2026-04-25 03:49:54,059 - INFO - evaluate_detections -   30m: F1=0.695 [0.648, 0.740], P=0.938 [0.903, 0.966], R=0.552 [0.499, 0.606]
2026-04-25 03:49:56,829 - INFO - evaluate_detections -   100m: F1=0.814 [0.774, 0.847], P=0.907 [0.873, 0.938], R=0.738 [0.684, 0.790]
2026-04-25 03:49:57,241 - INFO - evaluate_detections -   100m: F1=0.781 [0.741, 0.818], P=0.930 [0.900, 0.959], R=0.674 [0.618, 0.727]
2026-04-25 03:49:57,557 - INFO - evaluate_detections -   MCC=0.738 [0.681, 0.793], Sens=0.782, Spec=0.942
2026-04-25 03:49:57,558 - INFO - __main__ - [261/264] scale4-optimal-487 t=7 done
2026-04-25 03:49:57,961 - INFO - evaluate_detections -   MCC=0.709 [0.652, 0.763], Sens=0.721, Spec=0.961
2026-04-25 03:49:57,962 - INFO - __main__ - [262/264] scale4-optimal-487 t=8 done
2026-04-25 03:49:58,542 - INFO - evaluate_detections -   40m: F1=0.576 [0.516, 0.633], P=0.973 [0.939, 0.995], R=0.409 [0.352, 0.467]
2026-04-25 03:49:58,689 - INFO - evaluate_detections -   40m: F1=0.706 [0.658, 0.750], P=0.953 [0.923, 0.978], R=0.561 [0.506, 0.615]
2026-04-25 03:50:02,927 - INFO - evaluate_detections -   50m: F1=0.576 [0.516, 0.633], P=0.973 [0.939, 0.995], R=0.409 [0.352, 0.467]
2026-04-25 03:50:03,188 - INFO - evaluate_detections -   50m: F1=0.706 [0.658, 0.750], P=0.953 [0.923, 0.978], R=0.561 [0.506, 0.615]
2026-04-25 03:50:07,313 - INFO - evaluate_detections -   100m: F1=0.576 [0.516, 0.633], P=0.973 [0.939, 0.995], R=0.409 [0.352, 0.467]
2026-04-25 03:50:07,682 - INFO - evaluate_detections -   100m: F1=0.709 [0.660, 0.752], P=0.957 [0.927, 0.981], R=0.563 [0.508, 0.617]
2026-04-25 03:50:07,990 - INFO - evaluate_detections -   MCC=0.574 [0.517, 0.629], Sens=0.498, Spec=0.992
2026-04-25 03:50:07,991 - INFO - __main__ - [263/264] scale4-optimal-487 t=10 done
2026-04-25 03:50:08,376 - INFO - evaluate_detections -   MCC=0.663 [0.608, 0.719], Sens=0.646, Spec=0.973
2026-04-25 03:50:08,377 - INFO - __main__ - [264/264] scale4-optimal-487 t=9 done
2026-04-25 03:50:08,389 - INFO - __main__ - Stage 2 complete in 995.3s
2026-04-25 03:50:08,390 - INFO - __main__ - Top-20 filter: 29 → 22 conditions (union across 5 buffers)
2026-04-25 03:50:08,390 - INFO - __main__ - Selected 22 conditions (best F1=0.836 at 20m)
2026-04-25 03:50:08,415 - INFO - __main__ - Pairwise tests: 231 pairs at 20m (10000 permutations)
2026-04-25 03:50:08,415 - INFO - __main__ - [1/231] h11-pvd-pro-high-text-n5 vs h11-pvd-flash-high-text-n5...
2026-04-25 03:50:08,421 - WARNING - pairwise_permutation_test - GeoJSON lacks source_tile — will assign via spatial join
2026-04-25 03:50:08,421 - INFO - pairwise_permutation_test - GeoJSON: 357 detections from consensus_t6.geojson
2026-04-25 03:50:08,432 - WARNING - pairwise_permutation_test - GeoJSON lacks source_tile — will assign via spatial join
2026-04-25 03:50:08,432 - INFO - pairwise_permutation_test - GeoJSON: 415 detections from consensus_t26.geojson
2026-04-25 03:50:09,249 - INFO - __main__ - [2/231] h11-pvd-pro-high-text-n5 vs p3a-high-text-t0.3...
2026-04-25 03:50:09,255 - WARNING - pairwise_permutation_test - GeoJSON lacks source_tile — will assign via spatial join
2026-04-25 03:50:09,255 - INFO - pairwise_permutation_test - GeoJSON: 409 detections from consensus_t10.geojson
2026-04-25 03:50:10,070 - INFO - __main__ - [3/231] h11-pvd-pro-high-text-n5 vs p3a-high-text-t0.3-n5...
2026-04-25 03:50:10,076 - WARNING - pairwise_permutation_test - GeoJSON lacks source_tile — will assign via spatial join
2026-04-25 03:50:10,076 - INFO - pairwise_permutation_test - GeoJSON: 409 detections from consensus_t10.geojson
2026-04-25 03:50:10,894 - INFO - __main__ - [4/231] h11-pvd-pro-high-text-n5 vs p3a-high-text-t1.0...
2026-04-25 03:50:10,900 - WARNING - pairwise_permutation_test - GeoJSON lacks source_tile — will assign via spatial join
2026-04-25 03:50:10,900 - INFO - pairwise_permutation_test - GeoJSON: 414 detections from consensus_t9.geojson
2026-04-25 03:50:11,709 - INFO - __main__ - [5/231] h11-pvd-pro-high-text-n5 vs p3a-high-text-t1.0-n5...
2026-04-25 03:50:11,715 - WARNING - pairwise_permutation_test - GeoJSON lacks source_tile — will assign via spatial join
2026-04-25 03:50:11,715 - INFO - pairwise_permutation_test - GeoJSON: 414 detections from consensus_t9.geojson
2026-04-25 03:50:12,520 - INFO - __main__ - [6/231] h11-pvd-pro-high-text-n5 vs h11-pvd-flash-high-image-n5...
2026-04-25 03:50:12,526 - WARNING - pairwise_permutation_test - GeoJSON lacks source_tile — will assign via spatial join
2026-04-25 03:50:12,526 - INFO - pairwise_permutation_test - GeoJSON: 405 detections from consensus_t7.geojson
2026-04-25 03:50:13,339 - INFO - __main__ - [7/231] h11-pvd-pro-high-text-n5 vs scale4-optimal-487...
2026-04-25 03:50:13,345 - WARNING - pairwise_permutation_test - GeoJSON lacks source_tile — will assign via spatial join
2026-04-25 03:50:13,345 - INFO - pairwise_permutation_test - GeoJSON: 403 detections from consensus_t6.geojson
2026-04-25 03:50:14,155 - INFO - __main__ - [8/231] h11-pvd-pro-high-text-n5 vs p3a-high-image-t1.0...
2026-04-25 03:50:14,161 - WARNING - pairwise_permutation_test - GeoJSON lacks source_tile — will assign via spatial join
2026-04-25 03:50:14,161 - INFO - pairwise_permutation_test - GeoJSON: 433 detections from consensus_t6.geojson
2026-04-25 03:50:15,005 - INFO - __main__ - [9/231] h11-pvd-pro-high-text-n5 vs p3a-high-image-t0.3...
2026-04-25 03:50:15,010 - WARNING - pairwise_permutation_test - GeoJSON lacks source_tile — will assign via spatial join
2026-04-25 03:50:15,010 - INFO - pairwise_permutation_test - GeoJSON: 361 detections from consensus_t9.geojson
2026-04-25 03:50:15,802 - INFO - __main__ - [10/231] h11-pvd-pro-high-text-n5 vs h11-e47-propose-brief...
2026-04-25 03:50:15,807 - WARNING - pairwise_permutation_test - GeoJSON lacks source_tile — will assign via spatial join
2026-04-25 03:50:15,808 - INFO - pairwise_permutation_test - GeoJSON: 461 detections from consensus_t5.geojson
2026-04-25 03:50:16,616 - INFO - __main__ - [11/231] h11-pvd-pro-high-text-n5 vs h11-pvd-pro-high-image-n5...
2026-04-25 03:50:16,621 - WARNING - pairwise_permutation_test - GeoJSON lacks source_tile — will assign via spatial join
2026-04-25 03:50:16,621 - INFO - pairwise_permutation_test - GeoJSON: 471 detections from consensus_t3.geojson
2026-04-25 03:50:17,477 - INFO - __main__ - [12/231] h11-pvd-pro-high-text-n5 vs h11-pvd-image-n5...
2026-04-25 03:50:17,484 - WARNING - pairwise_permutation_test - GeoJSON lacks source_tile — will assign via spatial join
2026-04-25 03:50:17,484 - INFO - pairwise_permutation_test - GeoJSON: 494 detections from consensus_t8.geojson
2026-04-25 03:50:18,345 - INFO - __main__ - [13/231] h11-pvd-pro-high-text-n5 vs h11-n1-image-t03...
2026-04-25 03:50:18,352 - WARNING - pairwise_permutation_test - GeoJSON lacks source_tile — will assign via spatial join
2026-04-25 03:50:18,352 - INFO - pairwise_permutation_test - GeoJSON: 567 detections from consensus_t3.geojson
2026-04-25 03:50:19,248 - INFO - __main__ - [14/231] h11-pvd-pro-high-text-n5 vs p3a-minimal-text-t1.0...
2026-04-25 03:50:19,255 - WARNING - pairwise_permutation_test - GeoJSON lacks source_tile — will assign via spatial join
2026-04-25 03:50:19,255 - INFO - pairwise_permutation_test - GeoJSON: 549 detections from consensus_t9.geojson
2026-04-25 03:50:20,109 - INFO - __main__ - [15/231] h11-pvd-pro-high-text-n5 vs p3a-minimal-text-t1.0-n5...
2026-04-25 03:50:20,117 - WARNING - pairwise_permutation_test - GeoJSON lacks source_tile — will assign via spatial join
2026-04-25 03:50:20,117 - INFO - pairwise_permutation_test - GeoJSON: 549 detections from consensus_t9.geojson
2026-04-25 03:50:20,966 - INFO - __main__ - [16/231] h11-pvd-pro-high-text-n5 vs h11-pvd-flash-minimal-text-n30-t07...
2026-04-25 03:50:20,976 - WARNING - pairwise_permutation_test - GeoJSON lacks source_tile — will assign via spatial join
2026-04-25 03:50:20,976 - INFO - pairwise_permutation_test - GeoJSON: 530 detections from consensus_t29.geojson
2026-04-25 03:50:21,826 - INFO - __main__ - [17/231] h11-pvd-pro-high-text-n5 vs p3a-min-image-t0.3...
2026-04-25 03:50:21,833 - WARNING - pairwise_permutation_test - GeoJSON lacks source_tile — will assign via spatial join
2026-04-25 03:50:21,833 - INFO - pairwise_permutation_test - GeoJSON: 517 detections from consensus_t10.geojson
2026-04-25 03:50:22,695 - INFO - __main__ - [18/231] h11-pvd-pro-high-text-n5 vs p3a-min-image-t1.0...
2026-04-25 03:50:22,701 - WARNING - pairwise_permutation_test - GeoJSON lacks source_tile — will assign via spatial join
2026-04-25 03:50:22,701 - INFO - pairwise_permutation_test - GeoJSON: 466 detections from consensus_t8.geojson
2026-04-25 03:50:23,541 - INFO - __main__ - [19/231] h11-pvd-pro-high-text-n5 vs p3a-minimal-text-t0.3...
2026-04-25 03:50:23,549 - WARNING - pairwise_permutation_test - GeoJSON lacks source_tile — will assign via spatial join
2026-04-25 03:50:23,549 - INFO - pairwise_permutation_test - GeoJSON: 608 detections from consensus_t10.geojson
2026-04-25 03:50:24,430 - INFO - __main__ - [20/231] h11-pvd-pro-high-text-n5 vs h11-n1-image-t0...
2026-04-25 03:50:24,437 - WARNING - pairwise_permutation_test - GeoJSON lacks source_tile — will assign via spatial join
2026-04-25 03:50:24,437 - INFO - pairwise_permutation_test - GeoJSON: 681 detections from consensus_t2.geojson
2026-04-25 03:50:25,394 - INFO - __main__ - [21/231] h11-pvd-pro-high-text-n5 vs h11-n1-pro-image-high-t0...
2026-04-25 03:50:25,401 - WARNING - pairwise_permutation_test - GeoJSON lacks source_tile — will assign via spatial join
2026-04-25 03:50:25,401 - INFO - pairwise_permutation_test - GeoJSON: 604 detections from consensus_t3.geojson
2026-04-25 03:50:26,326 - INFO - __main__ - [22/231] h11-pvd-flash-high-text-n5 vs p3a-high-text-t0.3...
2026-04-25 03:50:27,165 - INFO - __main__ - [23/231] h11-pvd-flash-high-text-n5 vs p3a-high-text-t0.3-n5...
2026-04-25 03:50:28,007 - INFO - __main__ - [24/231] h11-pvd-flash-high-text-n5 vs p3a-high-text-t1.0...
2026-04-25 03:50:28,844 - INFO - __main__ - [25/231] h11-pvd-flash-high-text-n5 vs p3a-high-text-t1.0-n5...
2026-04-25 03:50:29,677 - INFO - __main__ - [26/231] h11-pvd-flash-high-text-n5 vs h11-pvd-flash-high-image-n5...
2026-04-25 03:50:30,514 - INFO - __main__ - [27/231] h11-pvd-flash-high-text-n5 vs scale4-optimal-487...
2026-04-25 03:50:31,351 - INFO - __main__ - [28/231] h11-pvd-flash-high-text-n5 vs p3a-high-image-t1.0...
2026-04-25 03:50:32,200 - INFO - __main__ - [29/231] h11-pvd-flash-high-text-n5 vs p3a-high-image-t0.3...
2026-04-25 03:50:33,010 - INFO - __main__ - [30/231] h11-pvd-flash-high-text-n5 vs h11-e47-propose-brief...
2026-04-25 03:50:33,850 - INFO - __main__ - [31/231] h11-pvd-flash-high-text-n5 vs h11-pvd-pro-high-image-n5...
2026-04-25 03:50:34,728 - INFO - __main__ - [32/231] h11-pvd-flash-high-text-n5 vs h11-pvd-image-n5...
2026-04-25 03:50:35,610 - INFO - __main__ - [33/231] h11-pvd-flash-high-text-n5 vs h11-n1-image-t03...
2026-04-25 03:50:36,532 - INFO - __main__ - [34/231] h11-pvd-flash-high-text-n5 vs p3a-minimal-text-t1.0...
2026-04-25 03:50:37,394 - INFO - __main__ - [35/231] h11-pvd-flash-high-text-n5 vs p3a-minimal-text-t1.0-n5...
2026-04-25 03:50:38,264 - INFO - __main__ - [36/231] h11-pvd-flash-high-text-n5 vs h11-pvd-flash-minimal-text-n30-t07...
2026-04-25 03:50:39,157 - INFO - __main__ - [37/231] h11-pvd-flash-high-text-n5 vs p3a-min-image-t0.3...
2026-04-25 03:50:40,045 - INFO - __main__ - [38/231] h11-pvd-flash-high-text-n5 vs p3a-min-image-t1.0...
2026-04-25 03:50:40,910 - INFO - __main__ - [39/231] h11-pvd-flash-high-text-n5 vs p3a-minimal-text-t0.3...
2026-04-25 03:50:41,821 - INFO - __main__ - [40/231] h11-pvd-flash-high-text-n5 vs h11-n1-image-t0...
2026-04-25 03:50:42,797 - INFO - __main__ - [41/231] h11-pvd-flash-high-text-n5 vs h11-n1-pro-image-high-t0...
2026-04-25 03:50:43,749 - INFO - __main__ - [42/231] p3a-high-text-t0.3 vs p3a-high-text-t0.3-n5...
2026-04-25 03:50:44,615 - INFO - __main__ - [43/231] p3a-high-text-t0.3 vs p3a-high-text-t1.0...
2026-04-25 03:50:45,445 - INFO - __main__ - [44/231] p3a-high-text-t0.3 vs p3a-high-text-t1.0-n5...
2026-04-25 03:50:46,275 - INFO - __main__ - [45/231] p3a-high-text-t0.3 vs h11-pvd-flash-high-image-n5...
2026-04-25 03:50:47,113 - INFO - __main__ - [46/231] p3a-high-text-t0.3 vs scale4-optimal-487...
2026-04-25 03:50:47,953 - INFO - __main__ - [47/231] p3a-high-text-t0.3 vs p3a-high-image-t1.0...
2026-04-25 03:50:48,802 - INFO - __main__ - [48/231] p3a-high-text-t0.3 vs p3a-high-image-t0.3...
2026-04-25 03:50:49,614 - INFO - __main__ - [49/231] p3a-high-text-t0.3 vs h11-e47-propose-brief...
2026-04-25 03:50:50,453 - INFO - __main__ - [50/231] p3a-high-text-t0.3 vs h11-pvd-pro-high-image-n5...
2026-04-25 03:50:51,330 - INFO - __main__ - [51/231] p3a-high-text-t0.3 vs h11-pvd-image-n5...
2026-04-25 03:50:52,206 - INFO - __main__ - [52/231] p3a-high-text-t0.3 vs h11-n1-image-t03...
2026-04-25 03:50:53,128 - INFO - __main__ - [53/231] p3a-high-text-t0.3 vs p3a-minimal-text-t1.0...
2026-04-25 03:50:53,999 - INFO - __main__ - [54/231] p3a-high-text-t0.3 vs p3a-minimal-text-t1.0-n5...
2026-04-25 03:50:54,895 - INFO - __main__ - [55/231] p3a-high-text-t0.3 vs h11-pvd-flash-minimal-text-n30-t07...
2026-04-25 03:50:55,768 - INFO - __main__ - [56/231] p3a-high-text-t0.3 vs p3a-min-image-t0.3...
2026-04-25 03:50:56,654 - INFO - __main__ - [57/231] p3a-high-text-t0.3 vs p3a-min-image-t1.0...
2026-04-25 03:50:57,518 - INFO - __main__ - [58/231] p3a-high-text-t0.3 vs p3a-minimal-text-t0.3...
2026-04-25 03:50:58,427 - INFO - __main__ - [59/231] p3a-high-text-t0.3 vs h11-n1-image-t0...
2026-04-25 03:50:59,402 - INFO - __main__ - [60/231] p3a-high-text-t0.3 vs h11-n1-pro-image-high-t0...
2026-04-25 03:51:00,371 - INFO - __main__ - [61/231] p3a-high-text-t0.3-n5 vs p3a-high-text-t1.0...
2026-04-25 03:51:01,204 - INFO - __main__ - [62/231] p3a-high-text-t0.3-n5 vs p3a-high-text-t1.0-n5...
2026-04-25 03:51:02,035 - INFO - __main__ - [63/231] p3a-high-text-t0.3-n5 vs h11-pvd-flash-high-image-n5...
2026-04-25 03:51:02,874 - INFO - __main__ - [64/231] p3a-high-text-t0.3-n5 vs scale4-optimal-487...
2026-04-25 03:51:03,716 - INFO - __main__ - [65/231] p3a-high-text-t0.3-n5 vs p3a-high-image-t1.0...
2026-04-25 03:51:04,564 - INFO - __main__ - [66/231] p3a-high-text-t0.3-n5 vs p3a-high-image-t0.3...
2026-04-25 03:51:05,378 - INFO - __main__ - [67/231] p3a-high-text-t0.3-n5 vs h11-e47-propose-brief...
2026-04-25 03:51:06,222 - INFO - __main__ - [68/231] p3a-high-text-t0.3-n5 vs h11-pvd-pro-high-image-n5...
2026-04-25 03:51:07,103 - INFO - __main__ - [69/231] p3a-high-text-t0.3-n5 vs h11-pvd-image-n5...
2026-04-25 03:51:07,984 - INFO - __main__ - [70/231] p3a-high-text-t0.3-n5 vs h11-n1-image-t03...
2026-04-25 03:51:08,907 - INFO - __main__ - [71/231] p3a-high-text-t0.3-n5 vs p3a-minimal-text-t1.0...
2026-04-25 03:51:09,779 - INFO - __main__ - [72/231] p3a-high-text-t0.3-n5 vs p3a-minimal-text-t1.0-n5...
2026-04-25 03:51:10,653 - INFO - __main__ - [73/231] p3a-high-text-t0.3-n5 vs h11-pvd-flash-minimal-text-n30-t07...
2026-04-25 03:51:11,528 - INFO - __main__ - [74/231] p3a-high-text-t0.3-n5 vs p3a-min-image-t0.3...
2026-04-25 03:51:12,407 - INFO - __main__ - [75/231] p3a-high-text-t0.3-n5 vs p3a-min-image-t1.0...
2026-04-25 03:51:13,266 - INFO - __main__ - [76/231] p3a-high-text-t0.3-n5 vs p3a-minimal-text-t0.3...
2026-04-25 03:51:14,171 - INFO - __main__ - [77/231] p3a-high-text-t0.3-n5 vs h11-n1-image-t0...
2026-04-25 03:51:15,145 - INFO - __main__ - [78/231] p3a-high-text-t0.3-n5 vs h11-n1-pro-image-high-t0...
2026-04-25 03:51:16,092 - INFO - __main__ - [79/231] p3a-high-text-t1.0 vs p3a-high-text-t1.0-n5...
2026-04-25 03:51:16,910 - INFO - __main__ - [80/231] p3a-high-text-t1.0 vs h11-pvd-flash-high-image-n5...
2026-04-25 03:51:17,732 - INFO - __main__ - [81/231] p3a-high-text-t1.0 vs scale4-optimal-487...
2026-04-25 03:51:18,558 - INFO - __main__ - [82/231] p3a-high-text-t1.0 vs p3a-high-image-t1.0...
2026-04-25 03:51:19,395 - INFO - __main__ - [83/231] p3a-high-text-t1.0 vs p3a-high-image-t0.3...
2026-04-25 03:51:20,194 - INFO - __main__ - [84/231] p3a-high-text-t1.0 vs h11-e47-propose-brief...
2026-04-25 03:51:21,020 - INFO - __main__ - [85/231] p3a-high-text-t1.0 vs h11-pvd-pro-high-image-n5...
2026-04-25 03:51:21,888 - INFO - __main__ - [86/231] p3a-high-text-t1.0 vs h11-pvd-image-n5...
2026-04-25 03:51:22,755 - INFO - __main__ - [87/231] p3a-high-text-t1.0 vs h11-n1-image-t03...
2026-04-25 03:51:23,665 - INFO - __main__ - [88/231] p3a-high-text-t1.0 vs p3a-minimal-text-t1.0...
2026-04-25 03:51:24,526 - INFO - __main__ - [89/231] p3a-high-text-t1.0 vs p3a-minimal-text-t1.0-n5...
2026-04-25 03:51:25,386 - INFO - __main__ - [90/231] p3a-high-text-t1.0 vs h11-pvd-flash-minimal-text-n30-t07...
2026-04-25 03:51:26,246 - INFO - __main__ - [91/231] p3a-high-text-t1.0 vs p3a-min-image-t0.3...
2026-04-25 03:51:27,117 - INFO - __main__ - [92/231] p3a-high-text-t1.0 vs p3a-min-image-t1.0...
2026-04-25 03:51:27,968 - INFO - __main__ - [93/231] p3a-high-text-t1.0 vs p3a-minimal-text-t0.3...
2026-04-25 03:51:28,866 - INFO - __main__ - [94/231] p3a-high-text-t1.0 vs h11-n1-image-t0...
2026-04-25 03:51:29,833 - INFO - __main__ - [95/231] p3a-high-text-t1.0 vs h11-n1-pro-image-high-t0...
2026-04-25 03:51:30,768 - INFO - __main__ - [96/231] p3a-high-text-t1.0-n5 vs h11-pvd-flash-high-image-n5...
2026-04-25 03:51:31,596 - INFO - __main__ - [97/231] p3a-high-text-t1.0-n5 vs scale4-optimal-487...
2026-04-25 03:51:32,426 - INFO - __main__ - [98/231] p3a-high-text-t1.0-n5 vs p3a-high-image-t1.0...
2026-04-25 03:51:33,260 - INFO - __main__ - [99/231] p3a-high-text-t1.0-n5 vs p3a-high-image-t0.3...
2026-04-25 03:51:34,062 - INFO - __main__ - [100/231] p3a-high-text-t1.0-n5 vs h11-e47-propose-brief...
2026-04-25 03:51:34,890 - INFO - __main__ - [101/231] p3a-high-text-t1.0-n5 vs h11-pvd-pro-high-image-n5...
2026-04-25 03:51:35,760 - INFO - __main__ - [102/231] p3a-high-text-t1.0-n5 vs h11-pvd-image-n5...
2026-04-25 03:51:36,628 - INFO - __main__ - [103/231] p3a-high-text-t1.0-n5 vs h11-n1-image-t03...
2026-04-25 03:51:37,540 - INFO - __main__ - [104/231] p3a-high-text-t1.0-n5 vs p3a-minimal-text-t1.0...
2026-04-25 03:51:38,403 - INFO - __main__ - [105/231] p3a-high-text-t1.0-n5 vs p3a-minimal-text-t1.0-n5...
2026-04-25 03:51:39,259 - INFO - __main__ - [106/231] p3a-high-text-t1.0-n5 vs h11-pvd-flash-minimal-text-n30-t07...
2026-04-25 03:51:40,119 - INFO - __main__ - [107/231] p3a-high-text-t1.0-n5 vs p3a-min-image-t0.3...
2026-04-25 03:51:40,992 - INFO - __main__ - [108/231] p3a-high-text-t1.0-n5 vs p3a-min-image-t1.0...
2026-04-25 03:51:41,839 - INFO - __main__ - [109/231] p3a-high-text-t1.0-n5 vs p3a-minimal-text-t0.3...
2026-04-25 03:51:42,734 - INFO - __main__ - [110/231] p3a-high-text-t1.0-n5 vs h11-n1-image-t0...
2026-04-25 03:51:43,692 - INFO - __main__ - [111/231] p3a-high-text-t1.0-n5 vs h11-n1-pro-image-high-t0...
2026-04-25 03:51:44,631 - INFO - __main__ - [112/231] h11-pvd-flash-high-image-n5 vs scale4-optimal-487...
2026-04-25 03:51:45,480 - INFO - __main__ - [113/231] h11-pvd-flash-high-image-n5 vs p3a-high-image-t1.0...
2026-04-25 03:51:46,326 - INFO - __main__ - [114/231] h11-pvd-flash-high-image-n5 vs p3a-high-image-t0.3...
2026-04-25 03:51:47,132 - INFO - __main__ - [115/231] h11-pvd-flash-high-image-n5 vs h11-e47-propose-brief...
2026-04-25 03:51:47,967 - INFO - __main__ - [116/231] h11-pvd-flash-high-image-n5 vs h11-pvd-pro-high-image-n5...
2026-04-25 03:51:48,836 - INFO - __main__ - [117/231] h11-pvd-flash-high-image-n5 vs h11-pvd-image-n5...
2026-04-25 03:51:49,708 - INFO - __main__ - [118/231] h11-pvd-flash-high-image-n5 vs h11-n1-image-t03...
2026-04-25 03:51:50,624 - INFO - __main__ - [119/231] h11-pvd-flash-high-image-n5 vs p3a-minimal-text-t1.0...
2026-04-25 03:51:51,493 - INFO - __main__ - [120/231] h11-pvd-flash-high-image-n5 vs p3a-minimal-text-t1.0-n5...
2026-04-25 03:51:52,358 - INFO - __main__ - [121/231] h11-pvd-flash-high-image-n5 vs h11-pvd-flash-minimal-text-n30-t07...
2026-04-25 03:51:53,223 - INFO - __main__ - [122/231] h11-pvd-flash-high-image-n5 vs p3a-min-image-t0.3...
2026-04-25 03:51:54,107 - INFO - __main__ - [123/231] h11-pvd-flash-high-image-n5 vs p3a-min-image-t1.0...
2026-04-25 03:51:54,963 - INFO - __main__ - [124/231] h11-pvd-flash-high-image-n5 vs p3a-minimal-text-t0.3...
2026-04-25 03:51:55,864 - INFO - __main__ - [125/231] h11-pvd-flash-high-image-n5 vs h11-n1-image-t0...
2026-04-25 03:51:56,837 - INFO - __main__ - [126/231] h11-pvd-flash-high-image-n5 vs h11-n1-pro-image-high-t0...
2026-04-25 03:51:57,785 - INFO - __main__ - [127/231] scale4-optimal-487 vs p3a-high-image-t1.0...
2026-04-25 03:51:58,629 - INFO - __main__ - [128/231] scale4-optimal-487 vs p3a-high-image-t0.3...
2026-04-25 03:51:59,436 - INFO - __main__ - [129/231] scale4-optimal-487 vs h11-e47-propose-brief...
2026-04-25 03:52:00,273 - INFO - __main__ - [130/231] scale4-optimal-487 vs h11-pvd-pro-high-image-n5...
2026-04-25 03:52:01,152 - INFO - __main__ - [131/231] scale4-optimal-487 vs h11-pvd-image-n5...
2026-04-25 03:52:02,027 - INFO - __main__ - [132/231] scale4-optimal-487 vs h11-n1-image-t03...
2026-04-25 03:52:02,944 - INFO - __main__ - [133/231] scale4-optimal-487 vs p3a-minimal-text-t1.0...
2026-04-25 03:52:03,813 - INFO - __main__ - [134/231] scale4-optimal-487 vs p3a-minimal-text-t1.0-n5...
2026-04-25 03:52:04,679 - INFO - __main__ - [135/231] scale4-optimal-487 vs h11-pvd-flash-minimal-text-n30-t07...
2026-04-25 03:52:05,544 - INFO - __main__ - [136/231] scale4-optimal-487 vs p3a-min-image-t0.3...
2026-04-25 03:52:06,426 - INFO - __main__ - [137/231] scale4-optimal-487 vs p3a-min-image-t1.0...
2026-04-25 03:52:07,283 - INFO - __main__ - [138/231] scale4-optimal-487 vs p3a-minimal-text-t0.3...
2026-04-25 03:52:08,185 - INFO - __main__ - [139/231] scale4-optimal-487 vs h11-n1-image-t0...
2026-04-25 03:52:09,161 - INFO - __main__ - [140/231] scale4-optimal-487 vs h11-n1-pro-image-high-t0...
2026-04-25 03:52:10,106 - INFO - __main__ - [141/231] p3a-high-image-t1.0 vs p3a-high-image-t0.3...
2026-04-25 03:52:10,923 - INFO - __main__ - [142/231] p3a-high-image-t1.0 vs h11-e47-propose-brief...
2026-04-25 03:52:11,766 - INFO - __main__ - [143/231] p3a-high-image-t1.0 vs h11-pvd-pro-high-image-n5...
2026-04-25 03:52:12,650 - INFO - __main__ - [144/231] p3a-high-image-t1.0 vs h11-pvd-image-n5...
2026-04-25 03:52:13,536 - INFO - __main__ - [145/231] p3a-high-image-t1.0 vs h11-n1-image-t03...
2026-04-25 03:52:14,460 - INFO - __main__ - [146/231] p3a-high-image-t1.0 vs p3a-minimal-text-t1.0...
2026-04-25 03:52:15,341 - INFO - __main__ - [147/231] p3a-high-image-t1.0 vs p3a-minimal-text-t1.0-n5...
2026-04-25 03:52:16,218 - INFO - __main__ - [148/231] p3a-high-image-t1.0 vs h11-pvd-flash-minimal-text-n30-t07...
2026-04-25 03:52:17,098 - INFO - __main__ - [149/231] p3a-high-image-t1.0 vs p3a-min-image-t0.3...
2026-04-25 03:52:17,987 - INFO - __main__ - [150/231] p3a-high-image-t1.0 vs p3a-min-image-t1.0...
2026-04-25 03:52:18,858 - INFO - __main__ - [151/231] p3a-high-image-t1.0 vs p3a-minimal-text-t0.3...
2026-04-25 03:52:19,774 - INFO - __main__ - [152/231] p3a-high-image-t1.0 vs h11-n1-image-t0...
2026-04-25 03:52:20,763 - INFO - __main__ - [153/231] p3a-high-image-t1.0 vs h11-n1-pro-image-high-t0...
2026-04-25 03:52:21,718 - INFO - __main__ - [154/231] p3a-high-image-t0.3 vs h11-e47-propose-brief...
2026-04-25 03:52:22,526 - INFO - __main__ - [155/231] p3a-high-image-t0.3 vs h11-pvd-pro-high-image-n5...
2026-04-25 03:52:23,373 - INFO - __main__ - [156/231] p3a-high-image-t0.3 vs h11-pvd-image-n5...
2026-04-25 03:52:24,216 - INFO - __main__ - [157/231] p3a-high-image-t0.3 vs h11-n1-image-t03...
2026-04-25 03:52:25,104 - INFO - __main__ - [158/231] p3a-high-image-t0.3 vs p3a-minimal-text-t1.0...
2026-04-25 03:52:25,949 - INFO - __main__ - [159/231] p3a-high-image-t0.3 vs p3a-minimal-text-t1.0-n5...
2026-04-25 03:52:26,791 - INFO - __main__ - [160/231] p3a-high-image-t0.3 vs h11-pvd-flash-minimal-text-n30-t07...
2026-04-25 03:52:27,641 - INFO - __main__ - [161/231] p3a-high-image-t0.3 vs p3a-min-image-t0.3...
2026-04-25 03:52:28,496 - INFO - __main__ - [162/231] p3a-high-image-t0.3 vs p3a-min-image-t1.0...
2026-04-25 03:52:29,327 - INFO - __main__ - [163/231] p3a-high-image-t0.3 vs p3a-minimal-text-t0.3...
2026-04-25 03:52:30,203 - INFO - __main__ - [164/231] p3a-high-image-t0.3 vs h11-n1-image-t0...
2026-04-25 03:52:31,146 - INFO - __main__ - [165/231] p3a-high-image-t0.3 vs h11-n1-pro-image-high-t0...
2026-04-25 03:52:32,081 - INFO - __main__ - [166/231] h11-e47-propose-brief vs h11-pvd-pro-high-image-n5...
2026-04-25 03:52:32,959 - INFO - __main__ - [167/231] h11-e47-propose-brief vs h11-pvd-image-n5...
2026-04-25 03:52:33,828 - INFO - __main__ - [168/231] h11-e47-propose-brief vs h11-n1-image-t03...
2026-04-25 03:52:34,745 - INFO - __main__ - [169/231] h11-e47-propose-brief vs p3a-minimal-text-t1.0...
2026-04-25 03:52:35,612 - INFO - __main__ - [170/231] h11-e47-propose-brief vs p3a-minimal-text-t1.0-n5...
2026-04-25 03:52:36,480 - INFO - __main__ - [171/231] h11-e47-propose-brief vs h11-pvd-flash-minimal-text-n30-t07...
2026-04-25 03:52:37,347 - INFO - __main__ - [172/231] h11-e47-propose-brief vs p3a-min-image-t0.3...
2026-04-25 03:52:38,230 - INFO - __main__ - [173/231] h11-e47-propose-brief vs p3a-min-image-t1.0...
2026-04-25 03:52:39,091 - INFO - __main__ - [174/231] h11-e47-propose-brief vs p3a-minimal-text-t0.3...
2026-04-25 03:52:39,997 - INFO - __main__ - [175/231] h11-e47-propose-brief vs h11-n1-image-t0...
2026-04-25 03:52:40,972 - INFO - __main__ - [176/231] h11-e47-propose-brief vs h11-n1-pro-image-high-t0...
2026-04-25 03:52:41,920 - INFO - __main__ - [177/231] h11-pvd-pro-high-image-n5 vs h11-pvd-image-n5...
2026-04-25 03:52:42,836 - INFO - __main__ - [178/231] h11-pvd-pro-high-image-n5 vs h11-n1-image-t03...
2026-04-25 03:52:43,797 - INFO - __main__ - [179/231] h11-pvd-pro-high-image-n5 vs p3a-minimal-text-t1.0...
2026-04-25 03:52:44,704 - INFO - __main__ - [180/231] h11-pvd-pro-high-image-n5 vs p3a-minimal-text-t1.0-n5...
2026-04-25 03:52:45,610 - INFO - __main__ - [181/231] h11-pvd-pro-high-image-n5 vs h11-pvd-flash-minimal-text-n30-t07...
2026-04-25 03:52:46,514 - INFO - __main__ - [182/231] h11-pvd-pro-high-image-n5 vs p3a-min-image-t0.3...
2026-04-25 03:52:47,435 - INFO - __main__ - [183/231] h11-pvd-pro-high-image-n5 vs p3a-min-image-t1.0...
2026-04-25 03:52:48,334 - INFO - __main__ - [184/231] h11-pvd-pro-high-image-n5 vs p3a-minimal-text-t0.3...
2026-04-25 03:52:49,271 - INFO - __main__ - [185/231] h11-pvd-pro-high-image-n5 vs h11-n1-image-t0...
2026-04-25 03:52:50,285 - INFO - __main__ - [186/231] h11-pvd-pro-high-image-n5 vs h11-n1-pro-image-high-t0...
2026-04-25 03:52:51,271 - INFO - __main__ - [187/231] h11-pvd-image-n5 vs h11-n1-image-t03...
2026-04-25 03:52:52,225 - INFO - __main__ - [188/231] h11-pvd-image-n5 vs p3a-minimal-text-t1.0...
2026-04-25 03:52:53,135 - INFO - __main__ - [189/231] h11-pvd-image-n5 vs p3a-minimal-text-t1.0-n5...
2026-04-25 03:52:54,043 - INFO - __main__ - [190/231] h11-pvd-image-n5 vs h11-pvd-flash-minimal-text-n30-t07...
2026-04-25 03:52:54,950 - INFO - __main__ - [191/231] h11-pvd-image-n5 vs p3a-min-image-t0.3...
2026-04-25 03:52:55,874 - INFO - __main__ - [192/231] h11-pvd-image-n5 vs p3a-min-image-t1.0...
2026-04-25 03:52:56,770 - INFO - __main__ - [193/231] h11-pvd-image-n5 vs p3a-minimal-text-t0.3...
2026-04-25 03:52:57,708 - INFO - __main__ - [194/231] h11-pvd-image-n5 vs h11-n1-image-t0...
2026-04-25 03:52:58,712 - INFO - __main__ - [195/231] h11-pvd-image-n5 vs h11-n1-pro-image-high-t0...
2026-04-25 03:52:59,696 - INFO - __main__ - [196/231] h11-n1-image-t03 vs p3a-minimal-text-t1.0...
2026-04-25 03:53:00,652 - INFO - __main__ - [197/231] h11-n1-image-t03 vs p3a-minimal-text-t1.0-n5...
2026-04-25 03:53:01,609 - INFO - __main__ - [198/231] h11-n1-image-t03 vs h11-pvd-flash-minimal-text-n30-t07...
2026-04-25 03:53:02,565 - INFO - __main__ - [199/231] h11-n1-image-t03 vs p3a-min-image-t0.3...
2026-04-25 03:53:03,518 - INFO - __main__ - [200/231] h11-n1-image-t03 vs p3a-min-image-t1.0...
2026-04-25 03:53:04,450 - INFO - __main__ - [201/231] h11-n1-image-t03 vs p3a-minimal-text-t0.3...
2026-04-25 03:53:05,434 - INFO - __main__ - [202/231] h11-n1-image-t03 vs h11-n1-image-t0...
2026-04-25 03:53:06,494 - INFO - __main__ - [203/231] h11-n1-image-t03 vs h11-n1-pro-image-high-t0...
2026-04-25 03:53:07,521 - INFO - __main__ - [204/231] p3a-minimal-text-t1.0 vs p3a-minimal-text-t1.0-n5...
2026-04-25 03:53:08,421 - INFO - __main__ - [205/231] p3a-minimal-text-t1.0 vs h11-pvd-flash-minimal-text-n30-t07...
2026-04-25 03:53:09,329 - INFO - __main__ - [206/231] p3a-minimal-text-t1.0 vs p3a-min-image-t0.3...
2026-04-25 03:53:10,247 - INFO - __main__ - [207/231] p3a-minimal-text-t1.0 vs p3a-min-image-t1.0...
2026-04-25 03:53:11,139 - INFO - __main__ - [208/231] p3a-minimal-text-t1.0 vs p3a-minimal-text-t0.3...
2026-04-25 03:53:12,072 - INFO - __main__ - [209/231] p3a-minimal-text-t1.0 vs h11-n1-image-t0...
2026-04-25 03:53:13,083 - INFO - __main__ - [210/231] p3a-minimal-text-t1.0 vs h11-n1-pro-image-high-t0...
2026-04-25 03:53:14,066 - INFO - __main__ - [211/231] p3a-minimal-text-t1.0-n5 vs h11-pvd-flash-minimal-text-n30-t07...
2026-04-25 03:53:14,972 - INFO - __main__ - [212/231] p3a-minimal-text-t1.0-n5 vs p3a-min-image-t0.3...
2026-04-25 03:53:15,890 - INFO - __main__ - [213/231] p3a-minimal-text-t1.0-n5 vs p3a-min-image-t1.0...
2026-04-25 03:53:16,782 - INFO - __main__ - [214/231] p3a-minimal-text-t1.0-n5 vs p3a-minimal-text-t0.3...
2026-04-25 03:53:17,720 - INFO - __main__ - [215/231] p3a-minimal-text-t1.0-n5 vs h11-n1-image-t0...
2026-04-25 03:53:18,731 - INFO - __main__ - [216/231] p3a-minimal-text-t1.0-n5 vs h11-n1-pro-image-high-t0...
2026-04-25 03:53:19,716 - INFO - __main__ - [217/231] h11-pvd-flash-minimal-text-n30-t07 vs p3a-min-image-t0.3...
2026-04-25 03:53:20,649 - INFO - __main__ - [218/231] h11-pvd-flash-minimal-text-n30-t07 vs p3a-min-image-t1.0...
2026-04-25 03:53:21,543 - INFO - __main__ - [219/231] h11-pvd-flash-minimal-text-n30-t07 vs p3a-minimal-text-t0.3...
2026-04-25 03:53:22,483 - INFO - __main__ - [220/231] h11-pvd-flash-minimal-text-n30-t07 vs h11-n1-image-t0...
2026-04-25 03:53:23,477 - INFO - __main__ - [221/231] h11-pvd-flash-minimal-text-n30-t07 vs h11-n1-pro-image-high-t0...
2026-04-25 03:53:24,449 - INFO - __main__ - [222/231] p3a-min-image-t0.3 vs p3a-min-image-t1.0...
2026-04-25 03:53:25,349 - INFO - __main__ - [223/231] p3a-min-image-t0.3 vs p3a-minimal-text-t0.3...
2026-04-25 03:53:26,286 - INFO - __main__ - [224/231] p3a-min-image-t0.3 vs h11-n1-image-t0...
2026-04-25 03:53:27,304 - INFO - __main__ - [225/231] p3a-min-image-t0.3 vs h11-n1-pro-image-high-t0...
2026-04-25 03:53:28,297 - INFO - __main__ - [226/231] p3a-min-image-t1.0 vs p3a-minimal-text-t0.3...
2026-04-25 03:53:29,222 - INFO - __main__ - [227/231] p3a-min-image-t1.0 vs h11-n1-image-t0...
2026-04-25 03:53:30,214 - INFO - __main__ - [228/231] p3a-min-image-t1.0 vs h11-n1-pro-image-high-t0...
2026-04-25 03:53:31,182 - INFO - __main__ - [229/231] p3a-minimal-text-t0.3 vs h11-n1-image-t0...
2026-04-25 03:53:32,225 - INFO - __main__ - [230/231] p3a-minimal-text-t0.3 vs h11-n1-pro-image-high-t0...
2026-04-25 03:53:33,240 - INFO - __main__ - [231/231] h11-n1-image-t0 vs h11-n1-pro-image-high-t0...
2026-04-25 03:53:34,326 - INFO - __main__ - Pairwise: 0 cached, 231 computed
2026-04-25 03:53:34,329 - INFO - __main__ - Stage 4 complete in 205.9s
2026-04-25 03:53:34,330 - INFO - __main__ - FDR: 152/231 pairs significant at q=0.05 → 6 tiers
2026-04-25 03:53:34,347 - INFO - __main__ - Markdown leaderboard written to /home/shawn/Code/map-reader-llm/results/leaderboard/per-architecture/era2/consensus/leaderboard_tiers_20m.md
2026-04-25 03:53:34,347 - INFO - __main__ - Markdown leaderboard written to /home/shawn/Code/map-reader-llm/results/leaderboard/per-architecture/era2/consensus/leaderboard_tiers_30m.md
2026-04-25 03:53:34,347 - INFO - __main__ - Markdown leaderboard written to /home/shawn/Code/map-reader-llm/results/leaderboard/per-architecture/era2/consensus/leaderboard_tiers_40m.md
2026-04-25 03:53:34,347 - INFO - __main__ - Markdown leaderboard written to /home/shawn/Code/map-reader-llm/results/leaderboard/per-architecture/era2/consensus/leaderboard_tiers_50m.md
2026-04-25 03:53:34,347 - INFO - __main__ - Markdown leaderboard written to /home/shawn/Code/map-reader-llm/results/leaderboard/per-architecture/era2/consensus/leaderboard_tiers_100m.md
2026-04-25 03:53:34,353 - INFO - __main__ - JSON leaderboard written to /home/shawn/Code/map-reader-llm/results/leaderboard/per-architecture/era2/consensus/leaderboard_tiers_20m.json
2026-04-25 03:53:34,366 - INFO - __main__ - All evaluations written to /home/shawn/Code/map-reader-llm/results/leaderboard/per-architecture/era2/consensus/leaderboard_all_evaluations.json

========================================================================
LEADERBOARD TIERS (20m buffer)
========================================================================

Tier 1 (F1: 0.814–0.836, 2 conditions)
    1. h11-pvd-pro-high-text-n5                 F1=0.836  t=6
    2. h11-pvd-flash-high-text-n5               F1=0.814  t=26

Tier 2 (F1: 0.750–0.789, 5 conditions)
    3. p3a-high-text-t0.3                       F1=0.789  t=10
    4. p3a-high-text-t0.3-n5                    F1=0.789  t=10
    5. p3a-high-text-t1.0                       F1=0.773  t=9
    6. p3a-high-text-t1.0-n5                    F1=0.773  t=9
    7. h11-pvd-flash-high-image-n5              F1=0.750  t=7

Tier 3 (F1: 0.700–0.742, 5 conditions)
    8. scale4-optimal-487                       F1=0.742  t=6
    9. p3a-high-image-t1.0                      F1=0.735  t=6
   10. p3a-high-image-t0.3                      F1=0.731  t=9
   11. h11-e47-propose-brief                    F1=0.714  t=5
   12. h11-pvd-pro-high-image-n5                F1=0.700  t=3

Tier 4 (F1: 0.642–0.680, 8 conditions)
   13. h11-pvd-image-n5                         F1=0.680  t=8
   14. h11-n1-image-t03                         F1=0.677  t=3
   15. p3a-minimal-text-t1.0                    F1=0.667  t=9
   16. p3a-minimal-text-t1.0-n5                 F1=0.667  t=9
   17. h11-pvd-flash-minimal-text-n30-t07       F1=0.661  t=29
   18. p3a-min-image-t0.3                       F1=0.660  t=10
   19. p3a-min-image-t1.0                       F1=0.646  t=8
   20. p3a-minimal-text-t0.3                    F1=0.642  t=10

Tier 5 (F1: 0.629–0.629, 1 conditions)
   21. h11-n1-image-t0                          F1=0.629  t=2

Tier 6 (F1: 0.552–0.552, 1 conditions)
   22. h11-n1-pro-image-high-t0                 F1=0.552  t=3

========================================================================
Total: 22 conditions in 6 tiers
========================================================================
