{
 "type": "FeatureCollection",
 "crs": {
  "type": "name",
  "properties": {
   "name": "EPSG:32635"
  }
 },
 "_materialised": {
  "mode": "manifest",
  "filter": "vote_count >= 6",
  "manifests": [
   {
    "path": "outputs/flash35-pv-2x2/min-f3-crops/candidate_manifest.json",
    "n_candidates": 1939,
    "n_kept": 929,
    "source_geojson": "outputs/flash35-pv-2x2/consensus/f3-min-text-1of10-with-passes.geojson"
   }
  ],
  "n_candidates": 1939,
  "n_kept": 929
 },
 "features": [
  {
   "type": "Feature",
   "geometry": {
    "type": "Point",
    "coordinates": [
     398631.3416127229,
     4704820.2802125905
    ]
   },
   "properties": {
    "candidate_id": 0,
    "vote_count": 10,
    "source_tile": "K-35-052-4_32635_x0_y0.png",
    "label": "mound"
   }
  },
  {
   "type": "Feature",
   "geometry": {
    "type": "Point",
    "coordinates": [
     397238.7959869331,
     4697711.349436583
    ]
   },
   "properties": {
    "candidate_id": 1,
    "vote_count": 10,
    "source_tile": "K-35-052-4_32635_x0_y1344.png",
    "label": "mound"
   }
  },
  {
   "type": "Feature",
   "geometry": {
    "type": "Point",
    "coordinates": [
     398384.1332697552,
     4697181.706498262
    ]
   },
   "properties": {
    "candidate_id": 2,
    "vote_count": 10,
    "source_tile": "K-35-052-4_32635_x0_y1680.png",
    "label": "mound"
   }
  },
  {
   "type": "Feature",
   "geometry": {
    "type": "Point",
    "coordinates": [
     398460.730561376,
     4697237.346001802
    ]
   },
   "properties": {
    "candidate_id": 3,
    "vote_count": 9,
    "source_tile": "K-35-052-4_32635_x0_y1680.png",
    "label": "mound"
   }
  },
  {
   "type": "Feature",
   "geometry": {
    "type": "Point",
    "coordinates": [
     397287.2541720186,
     4695073.438951903
    ]
   },
   "properties": {
    "candidate_id": 4,
    "vote_count": 10,
    "source_tile": "K-35-052-4_32635_x0_y2016.png",
    "label": "mound"
   }
  },
  {
   "type": "Feature",
   "geometry": {
    "type": "Point",
    "coordinates": [
     398339.17079779913,
     4694225.318084862
    ]
   },
   "properties": {
    "candidate_id": 5,
    "vote_count": 10,
    "source_tile": "K-35-052-4_32635_x0_y2016.png",
    "label": "mound"
   }
  },
  {
   "type": "Feature",
   "geometry": {
    "type": "Point",
    "coordinates": [
     398336.81587002415,
     4694108.625789096
    ]
   },
   "properties": {
    "candidate_id": 6,
    "vote_count": 10,
    "source_tile": "K-35-052-4_32635_x0_y2016.png",
    "label": "mound"
   }
  },
  {
   "type": "Feature",
   "geometry": {
    "type": "Point",
    "coordinates": [
     398655.1960294256,
     4694212.734736684
    ]
   },
   "properties": {
    "candidate_id": 7,
    "vote_count": 10,
    "source_tile": "K-35-052-4_32635_x0_y2016.png",
    "label": "mound"
   }
  },
  {
   "type": "Feature",
   "geometry": {
    "type": "Point",
    "coordinates": [
     398258.07476084714,
     4693760.812970089
    ]
   },
   "properties": {
    "candidate_id": 8,
    "vote_count": 10,
    "source_tile": "K-35-052-4_32635_x0_y2352.png",
    "label": "mound"
   }
  },
  {
   "type": "Feature",
   "geometry": {
    "type": "Point",
    "coordinates": [
     398437.0348901925,
     4693878.15926327
    ]
   },
   "properties": {
    "candidate_id": 9,
    "vote_count": 10,
    "source_tile": "K-35-052-4_32635_x0_y2352.png",
    "label": "mound"
   }
  },
  {
   "type": "Feature",
   "geometry": {
    "type": "Point",
    "coordinates": [
     398697.51414453203,
     4693229.555332431
    ]
   },
   "properties": {
    "candidate_id": 10,
    "vote_count": 10,
    "source_tile": "K-35-052-4_32635_x0_y2352.png",
    "label": "mound"
   }
  },
  {
   "type": "Feature",
   "geometry": {
    "type": "Point",
    "coordinates": [
     398732.0108958015,
     4693115.661597532
    ]
   },
   "properties": {
    "candidate_id": 11,
    "vote_count": 10,
    "source_tile": "K-35-052-4_32635_x0_y2352.png",
    "label": "mound"
   }
  },
  {
   "type": "Feature",
   "geometry": {
    "type": "Point",
    "coordinates": [
     398672.87386574724,
     4693347.415810308
    ]
   },
   "properties": {
    "candidate_id": 12,
    "vote_count": 9,
    "source_tile": "K-35-052-4_32635_x0_y2352.png",
    "label": "mound"
   }
  },
  {
   "type": "Feature",
   "geometry": {
    "type": "Point",
    "coordinates": [
     397218.9438321442,
     4691083.848256856
    ]
   },
   "properties": {
    "candidate_id": 13,
    "vote_count": 10,
    "source_tile": "K-35-052-4_32635_x0_y2688.png",
    "label": "mound"
   }
  },
  {
   "type": "Feature",
   "geometry": {
    "type": "Point",
    "coordinates": [
     398664.7870661019,
     4691247.908812698
    ]
   },
   "properties": {
    "candidate_id": 14,
    "vote_count": 10,
    "source_tile": "K-35-052-4_32635_x0_y2688.png",
    "label": "mound"
   }
  },
  {
   "type": "Feature",
   "geometry": {
    "type": "Point",
    "coordinates": [
     397144.9197876055,
     4691909.019023011
    ]
   },
   "properties": {
    "candidate_id": 15,
    "vote_count": 10,
    "source_tile": "K-35-052-4_32635_x0_y2688.png",
    "label": "mound"
   }
  },
  {
   "type": "Feature",
   "geometry": {
    "type": "Point",
    "coordinates": [
     397640.8787987897,
     4689934.17121934
    ]
   },
   "properties": {
    "candidate_id": 16,
    "vote_count": 10,
    "source_tile": "K-35-052-4_32635_x0_y3024.png",
    "label": "mound"
   }
  },
  {
   "type": "Feature",
   "geometry": {
    "type": "Point",
    "coordinates": [
     398718.4474551345,
     4702815.0876712
    ]
   },
   "properties": {
    "candidate_id": 17,
    "vote_count": 10,
    "source_tile": "K-35-052-4_32635_x0_y336.png",
    "label": "mound"
   }
  },
  {
   "type": "Feature",
   "geometry": {
    "type": "Point",
    "coordinates": [
     397463.4659523047,
     4688129.12391982
    ]
   },
   "properties": {
    "candidate_id": 18,
    "vote_count": 10,
    "source_tile": "K-35-052-4_32635_x0_y3360.png",
    "label": "mound"
   }
  },
  {
   "type": "Feature",
   "geometry": {
    "type": "Point",
    "coordinates": [
     398247.88192573184,
     4702364.020454756
    ]
   },
   "properties": {
    "candidate_id": 19,
    "vote_count": 10,
    "source_tile": "K-35-052-4_32635_x0_y672.png",
    "label": "mound"
   }
  },
  {
   "type": "Feature",
   "geometry": {
    "type": "Point",
    "coordinates": [
     402967.45796419133,
     4705764.122868497
    ]
   },
   "properties": {
    "candidate_id": 20,
    "vote_count": 10,
    "source_tile": "K-35-052-4_32635_x1008_y0.png",
    "label": "mound"
   }
  },
  {
   "type": "Feature",
   "geometry": {
    "type": "Point",
    "coordinates": [
     403587.54959776136,
     4703642.566910145
    ]
   },
   "properties": {
    "candidate_id": 21,
    "vote_count": 10,
    "source_tile": "K-35-052-4_32635_x1008_y336.png",
    "label": "mound"
   }
  },
  {
   "type": "Feature",
   "geometry": {
    "type": "Point",
    "coordinates": [
     403160.3346944295,
     4688003.760564951
    ]
   },
   "properties": {
    "candidate_id": 22,
    "vote_count": 10,
    "source_tile": "K-35-052-4_32635_x1008_y3360.png",
    "label": "mound"
   }
  },
  {
   "type": "Feature",
   "geometry": {
    "type": "Point",
    "coordinates": [
     403486.5022390655,
     4702239.704480092
    ]
   },
   "properties": {
    "candidate_id": 23,
    "vote_count": 10,
    "source_tile": "K-35-052-4_32635_x1008_y672.png",
    "label": "mound"
   }
  },
  {
   "type": "Feature",
   "geometry": {
    "type": "Point",
    "coordinates": [
     404323.1786323866,
     4704930.961936226
    ]
   },
   "properties": {
    "candidate_id": 24,
    "vote_count": 10,
    "source_tile": "K-35-052-4_32635_x1344_y0.png",
    "label": "mound"
   }
  },
  {
   "type": "Feature",
   "geometry": {
    "type": "Point",
    "coordinates": [
     404311.9091961386,
     4702917.799458868
    ]
   },
   "properties": {
    "candidate_id": 25,
    "vote_count": 7,
    "source_tile": "K-35-052-4_32635_x1344_y336.png",
    "label": "mound"
   }
  },
  {
   "type": "Feature",
   "geometry": {
    "type": "Point",
    "coordinates": [
     404980.80096375896,
     4688912.058332901
    ]
   },
   "properties": {
    "candidate_id": 26,
    "vote_count": 10,
    "source_tile": "K-35-052-4_32635_x1344_y3360.png",
    "label": "mound"
   }
  },
  {
   "type": "Feature",
   "geometry": {
    "type": "Point",
    "coordinates": [
     403930.0944561183,
     4687452.8651966555
    ]
   },
   "properties": {
    "candidate_id": 27,
    "vote_count": 8,
    "source_tile": "K-35-052-4_32635_x1344_y3696.png",
    "label": "mound"
   }
  },
  {
   "type": "Feature",
   "geometry": {
    "type": "Point",
    "coordinates": [
     406631.3496749211,
     4705475.728612869
    ]
   },
   "properties": {
    "candidate_id": 28,
    "vote_count": 10,
    "source_tile": "K-35-052-4_32635_x1680_y0.png",
    "label": "mound"
   }
  },
  {
   "type": "Feature",
   "geometry": {
    "type": "Point",
    "coordinates": [
     406636.7696839344,
     4705352.712175899
    ]
   },
   "properties": {
    "candidate_id": 29,
    "vote_count": 10,
    "source_tile": "K-35-052-4_32635_x1680_y0.png",
    "label": "mound"
   }
  },
  {
   "type": "Feature",
   "geometry": {
    "type": "Point",
    "coordinates": [
     406709.6435568752,
     4704343.53153332
    ]
   },
   "properties": {
    "candidate_id": 30,
    "vote_count": 10,
    "source_tile": "K-35-052-4_32635_x1680_y0.png",
    "label": "mound"
   }
  },
  {
   "type": "Feature",
   "geometry": {
    "type": "Point",
    "coordinates": [
     405794.3606085661,
     4704254.220192877
    ]
   },
   "properties": {
    "candidate_id": 31,
    "vote_count": 10,
    "source_tile": "K-35-052-4_32635_x1680_y336.png",
    "label": "mound"
   }
  },
  {
   "type": "Feature",
   "geometry": {
    "type": "Point",
    "coordinates": [
     405684.229653482,
     4702480.852523877
    ]
   },
   "properties": {
    "candidate_id": 32,
    "vote_count": 10,
    "source_tile": "K-35-052-4_32635_x1680_y336.png",
    "label": "mound"
   }
  },
  {
   "type": "Feature",
   "geometry": {
    "type": "Point",
    "coordinates": [
     405459.53187574935,
     4687562.781132241
    ]
   },
   "properties": {
    "candidate_id": 33,
    "vote_count": 7,
    "source_tile": "K-35-052-4_32635_x1680_y3360.png",
    "label": "mound"
   }
  },
  {
   "type": "Feature",
   "geometry": {
    "type": "Point",
    "coordinates": [
     406654.3564187875,
     4687467.136309903
    ]
   },
   "properties": {
    "candidate_id": 34,
    "vote_count": 10,
    "source_tile": "K-35-052-4_32635_x1680_y3696.png",
    "label": "mound"
   }
  },
  {
   "type": "Feature",
   "geometry": {
    "type": "Point",
    "coordinates": [
     407221.6610165911,
     4705552.916250094
    ]
   },
   "properties": {
    "candidate_id": 35,
    "vote_count": 10,
    "source_tile": "K-35-052-4_32635_x2016_y0.png",
    "label": "mound"
   }
  },
  {
   "type": "Feature",
   "geometry": {
    "type": "Point",
    "coordinates": [
     407231.0434462137,
     4705479.824848738
    ]
   },
   "properties": {
    "candidate_id": 36,
    "vote_count": 10,
    "source_tile": "K-35-052-4_32635_x2016_y0.png",
    "label": "mound"
   }
  },
  {
   "type": "Feature",
   "geometry": {
    "type": "Point",
    "coordinates": [
     407109.4730674707,
     4705312.18868965
    ]
   },
   "properties": {
    "candidate_id": 37,
    "vote_count": 10,
    "source_tile": "K-35-052-4_32635_x2016_y0.png",
    "label": "mound"
   }
  },
  {
   "type": "Feature",
   "geometry": {
    "type": "Point",
    "coordinates": [
     407108.45257312956,
     4705229.462507345
    ]
   },
   "properties": {
    "candidate_id": 38,
    "vote_count": 7,
    "source_tile": "K-35-052-4_32635_x2016_y0.png",
    "label": "mound"
   }
  },
  {
   "type": "Feature",
   "geometry": {
    "type": "Point",
    "coordinates": [
     407181.02983573795,
     4705186.514780771
    ]
   },
   "properties": {
    "candidate_id": 39,
    "vote_count": 10,
    "source_tile": "K-35-052-4_32635_x2016_y0.png",
    "label": "mound"
   }
  },
  {
   "type": "Feature",
   "geometry": {
    "type": "Point",
    "coordinates": [
     407953.21480733086,
     4705025.120882453
    ]
   },
   "properties": {
    "candidate_id": 40,
    "vote_count": 8,
    "source_tile": "K-35-052-4_32635_x2016_y0.png",
    "label": "mound"
   }
  },
  {
   "type": "Feature",
   "geometry": {
    "type": "Point",
    "coordinates": [
     407187.4662515156,
     4704108.147865364
    ]
   },
   "properties": {
    "candidate_id": 41,
    "vote_count": 10,
    "source_tile": "K-35-052-4_32635_x1680_y336.png",
    "label": "mound"
   }
  },
  {
   "type": "Feature",
   "geometry": {
    "type": "Point",
    "coordinates": [
     407331.35817716137,
     4700514.903474996
    ]
   },
   "properties": {
    "candidate_id": 42,
    "vote_count": 10,
    "source_tile": "K-35-052-4_32635_x2016_y1008.png",
    "label": "mound"
   }
  },
  {
   "type": "Feature",
   "geometry": {
    "type": "Point",
    "coordinates": [
     407895.5935854099,
     4700380.161177419
    ]
   },
   "properties": {
    "candidate_id": 43,
    "vote_count": 10,
    "source_tile": "K-35-052-4_32635_x2016_y1008.png",
    "label": "mound"
   }
  },
  {
   "type": "Feature",
   "geometry": {
    "type": "Point",
    "coordinates": [
     407034.5620582716,
     4698249.802412235
    ]
   },
   "properties": {
    "candidate_id": 44,
    "vote_count": 8,
    "source_tile": "K-35-052-4_32635_x2016_y1344.png",
    "label": "mound"
   }
  },
  {
   "type": "Feature",
   "geometry": {
    "type": "Point",
    "coordinates": [
     407721.05862840253,
     4696363.478618396
    ]
   },
   "properties": {
    "candidate_id": 45,
    "vote_count": 10,
    "source_tile": "K-35-052-4_32635_x2016_y1680.png",
    "label": "mound"
   }
  },
  {
   "type": "Feature",
   "geometry": {
    "type": "Point",
    "coordinates": [
     407128.7785271674,
     4695768.388168678
    ]
   },
   "properties": {
    "candidate_id": 46,
    "vote_count": 10,
    "source_tile": "K-35-052-4_32635_x2016_y1680.png",
    "label": "mound"
   }
  },
  {
   "type": "Feature",
   "geometry": {
    "type": "Point",
    "coordinates": [
     408664.74440294754,
     4690305.458805681
    ]
   },
   "properties": {
    "candidate_id": 47,
    "vote_count": 10,
    "source_tile": "K-35-052-4_32635_x2016_y3024.png",
    "label": "mound"
   }
  },
  {
   "type": "Feature",
   "geometry": {
    "type": "Point",
    "coordinates": [
     408090.8801906373,
     4690723.878928912
    ]
   },
   "properties": {
    "candidate_id": 48,
    "vote_count": 10,
    "source_tile": "K-35-052-4_32635_x2016_y3024.png",
    "label": "mound"
   }
  },
  {
   "type": "Feature",
   "geometry": {
    "type": "Point",
    "coordinates": [
     408417.71022420307,
     4703863.540105477
    ]
   },
   "properties": {
    "candidate_id": 49,
    "vote_count": 10,
    "source_tile": "K-35-052-4_32635_x2016_y336.png",
    "label": "mound"
   }
  },
  {
   "type": "Feature",
   "geometry": {
    "type": "Point",
    "coordinates": [
     408846.58705552766,
     4701977.2484630905
    ]
   },
   "properties": {
    "candidate_id": 50,
    "vote_count": 10,
    "source_tile": "K-35-052-4_32635_x2016_y672.png",
    "label": "mound"
   }
  },
  {
   "type": "Feature",
   "geometry": {
    "type": "Point",
    "coordinates": [
     410184.13941016956,
     4705012.117326823
    ]
   },
   "properties": {
    "candidate_id": 51,
    "vote_count": 10,
    "source_tile": "K-35-052-4_32635_x2352_y0.png",
    "label": "mound"
   }
  },
  {
   "type": "Feature",
   "geometry": {
    "type": "Point",
    "coordinates": [
     409909.3992231571,
     4700730.697077493
    ]
   },
   "properties": {
    "candidate_id": 52,
    "vote_count": 10,
    "source_tile": "K-35-052-4_32635_x2352_y1008.png",
    "label": "mound"
   }
  },
  {
   "type": "Feature",
   "geometry": {
    "type": "Point",
    "coordinates": [
     410249.94443419535,
     4697362.931218071
    ]
   },
   "properties": {
    "candidate_id": 53,
    "vote_count": 10,
    "source_tile": "K-35-052-4_32635_x2352_y1680.png",
    "label": "mound"
   }
  },
  {
   "type": "Feature",
   "geometry": {
    "type": "Point",
    "coordinates": [
     409097.0315565205,
     4690707.854891887
    ]
   },
   "properties": {
    "candidate_id": 54,
    "vote_count": 10,
    "source_tile": "K-35-052-4_32635_x2352_y3024.png",
    "label": "mound"
   }
  },
  {
   "type": "Feature",
   "geometry": {
    "type": "Point",
    "coordinates": [
     409609.71858126274,
     4689354.771244973
    ]
   },
   "properties": {
    "candidate_id": 55,
    "vote_count": 10,
    "source_tile": "K-35-052-4_32635_x2352_y3024.png",
    "label": "mound"
   }
  },
  {
   "type": "Feature",
   "geometry": {
    "type": "Point",
    "coordinates": [
     409948.67152027035,
     4689519.543259561
    ]
   },
   "properties": {
    "candidate_id": 56,
    "vote_count": 10,
    "source_tile": "K-35-052-4_32635_x2352_y3024.png",
    "label": "mound"
   }
  },
  {
   "type": "Feature",
   "geometry": {
    "type": "Point",
    "coordinates": [
     409853.73098991474,
     4703531.084384653
    ]
   },
   "properties": {
    "candidate_id": 57,
    "vote_count": 10,
    "source_tile": "K-35-052-4_32635_x2352_y336.png",
    "label": "mound"
   }
  },
  {
   "type": "Feature",
   "geometry": {
    "type": "Point",
    "coordinates": [
     409576.07526277733,
     4702088.808442911
    ]
   },
   "properties": {
    "candidate_id": 58,
    "vote_count": 10,
    "source_tile": "K-35-052-4_32635_x2352_y672.png",
    "label": "mound"
   }
  },
  {
   "type": "Feature",
   "geometry": {
    "type": "Point",
    "coordinates": [
     410998.5949697901,
     4705052.644748214
    ]
   },
   "properties": {
    "candidate_id": 59,
    "vote_count": 10,
    "source_tile": "K-35-052-4_32635_x2688_y0.png",
    "label": "mound"
   }
  },
  {
   "type": "Feature",
   "geometry": {
    "type": "Point",
    "coordinates": [
     411033.03730884154,
     4699160.257672682
    ]
   },
   "properties": {
    "candidate_id": 60,
    "vote_count": 10,
    "source_tile": "K-35-052-4_32635_x2688_y1008.png",
    "label": "mound"
   }
  },
  {
   "type": "Feature",
   "geometry": {
    "type": "Point",
    "coordinates": [
     411716.45797027485,
     4697514.273100917
    ]
   },
   "properties": {
    "candidate_id": 61,
    "vote_count": 10,
    "source_tile": "K-35-052-4_32635_x2688_y1344.png",
    "label": "mound"
   }
  },
  {
   "type": "Feature",
   "geometry": {
    "type": "Point",
    "coordinates": [
     411227.00236515567,
     4696324.2835567575
    ]
   },
   "properties": {
    "candidate_id": 62,
    "vote_count": 10,
    "source_tile": "K-35-052-4_32635_x2688_y1680.png",
    "label": "mound"
   }
  },
  {
   "type": "Feature",
   "geometry": {
    "type": "Point",
    "coordinates": [
     410597.54557858495,
     4689443.486196602
    ]
   },
   "properties": {
    "candidate_id": 63,
    "vote_count": 10,
    "source_tile": "K-35-052-4_32635_x2688_y3024.png",
    "label": "mound"
   }
  },
  {
   "type": "Feature",
   "geometry": {
    "type": "Point",
    "coordinates": [
     410880.9661424598,
     4702427.51224647
    ]
   },
   "properties": {
    "candidate_id": 64,
    "vote_count": 10,
    "source_tile": "K-35-052-4_32635_x2688_y336.png",
    "label": "mound"
   }
  },
  {
   "type": "Feature",
   "geometry": {
    "type": "Point",
    "coordinates": [
     413854.5221381907,
     4695803.867843212
    ]
   },
   "properties": {
    "candidate_id": 65,
    "vote_count": 10,
    "source_tile": "K-35-052-4_32635_x3024_y1680.png",
    "label": "mound"
   }
  },
  {
   "type": "Feature",
   "geometry": {
    "type": "Point",
    "coordinates": [
     413114.7124785773,
     4695635.780031757
    ]
   },
   "properties": {
    "candidate_id": 66,
    "vote_count": 10,
    "source_tile": "K-35-052-4_32635_x3024_y2016.png",
    "label": "mound"
   }
  },
  {
   "type": "Feature",
   "geometry": {
    "type": "Point",
    "coordinates": [
     413471.83263492543,
     4694114.3336264305
    ]
   },
   "properties": {
    "candidate_id": 67,
    "vote_count": 10,
    "source_tile": "K-35-052-4_32635_x3024_y2016.png",
    "label": "mound"
   }
  },
  {
   "type": "Feature",
   "geometry": {
    "type": "Point",
    "coordinates": [
     412735.768413735,
     4692730.511135859
    ]
   },
   "properties": {
    "candidate_id": 68,
    "vote_count": 10,
    "source_tile": "K-35-052-4_32635_x3024_y2352.png",
    "label": "mound"
   }
  },
  {
   "type": "Feature",
   "geometry": {
    "type": "Point",
    "coordinates": [
     412447.60600741877,
     4690835.51026772
    ]
   },
   "properties": {
    "candidate_id": 69,
    "vote_count": 10,
    "source_tile": "K-35-052-4_32635_x3024_y2688.png",
    "label": "mound"
   }
  },
  {
   "type": "Feature",
   "geometry": {
    "type": "Point",
    "coordinates": [
     413216.8836877333,
     4689372.004410193
    ]
   },
   "properties": {
    "candidate_id": 70,
    "vote_count": 10,
    "source_tile": "K-35-052-4_32635_x3024_y3024.png",
    "label": "mound"
   }
  },
  {
   "type": "Feature",
   "geometry": {
    "type": "Point",
    "coordinates": [
     413204.02939489763,
     4689265.329267317
    ]
   },
   "properties": {
    "candidate_id": 71,
    "vote_count": 10,
    "source_tile": "K-35-052-4_32635_x3024_y3024.png",
    "label": "mound"
   }
  },
  {
   "type": "Feature",
   "geometry": {
    "type": "Point",
    "coordinates": [
     413209.3214453389,
     4689984.786138133
    ]
   },
   "properties": {
    "candidate_id": 72,
    "vote_count": 10,
    "source_tile": "K-35-052-4_32635_x3024_y3024.png",
    "label": "mound"
   }
  },
  {
   "type": "Feature",
   "geometry": {
    "type": "Point",
    "coordinates": [
     413182.51554798626,
     4689649.622483405
    ]
   },
   "properties": {
    "candidate_id": 73,
    "vote_count": 10,
    "source_tile": "K-35-052-4_32635_x3024_y3024.png",
    "label": "mound"
   }
  },
  {
   "type": "Feature",
   "geometry": {
    "type": "Point",
    "coordinates": [
     412235.0647749746,
     4703146.208829854
    ]
   },
   "properties": {
    "candidate_id": 74,
    "vote_count": 10,
    "source_tile": "K-35-052-4_32635_x3024_y336.png",
    "label": "mound"
   }
  },
  {
   "type": "Feature",
   "geometry": {
    "type": "Point",
    "coordinates": [
     413225.3829521515,
     4688761.432817089
    ]
   },
   "properties": {
    "candidate_id": 75,
    "vote_count": 10,
    "source_tile": "K-35-052-4_32635_x3024_y3360.png",
    "label": "mound"
   }
  },
  {
   "type": "Feature",
   "geometry": {
    "type": "Point",
    "coordinates": [
     413151.078277003,
     4687352.519355311
    ]
   },
   "properties": {
    "candidate_id": 76,
    "vote_count": 10,
    "source_tile": "K-35-052-4_32635_x3024_y3360.png",
    "label": "mound"
   }
  },
  {
   "type": "Feature",
   "geometry": {
    "type": "Point",
    "coordinates": [
     414836.99371432356,
     4705320.529310442
    ]
   },
   "properties": {
    "candidate_id": 77,
    "vote_count": 7,
    "source_tile": "K-35-052-4_32635_x3360_y0.png",
    "label": "mound"
   }
  },
  {
   "type": "Feature",
   "geometry": {
    "type": "Point",
    "coordinates": [
     415429.92981095065,
     4696727.484293267
    ]
   },
   "properties": {
    "candidate_id": 78,
    "vote_count": 10,
    "source_tile": "K-35-052-4_32635_x3360_y1680.png",
    "label": "mound"
   }
  },
  {
   "type": "Feature",
   "geometry": {
    "type": "Point",
    "coordinates": [
     415026.8811275612,
     4694661.86693662
    ]
   },
   "properties": {
    "candidate_id": 79,
    "vote_count": 9,
    "source_tile": "K-35-052-4_32635_x3360_y2016.png",
    "label": "mound"
   }
  },
  {
   "type": "Feature",
   "geometry": {
    "type": "Point",
    "coordinates": [
     415231.73153300193,
     4693050.42356616
    ]
   },
   "properties": {
    "candidate_id": 80,
    "vote_count": 10,
    "source_tile": "K-35-052-4_32635_x3360_y2352.png",
    "label": "mound"
   }
  },
  {
   "type": "Feature",
   "geometry": {
    "type": "Point",
    "coordinates": [
     414299.74840298505,
     4691469.811498957
    ]
   },
   "properties": {
    "candidate_id": 81,
    "vote_count": 10,
    "source_tile": "K-35-052-4_32635_x3360_y2688.png",
    "label": "mound"
   }
  },
  {
   "type": "Feature",
   "geometry": {
    "type": "Point",
    "coordinates": [
     414498.81561056076,
     4703793.975895241
    ]
   },
   "properties": {
    "candidate_id": 82,
    "vote_count": 10,
    "source_tile": "K-35-052-4_32635_x3360_y336.png",
    "label": "mound"
   }
  },
  {
   "type": "Feature",
   "geometry": {
    "type": "Point",
    "coordinates": [
     414240.4577209186,
     4687359.538053567
    ]
   },
   "properties": {
    "candidate_id": 83,
    "vote_count": 10,
    "source_tile": "K-35-052-4_32635_x3360_y3360.png",
    "label": "mound"
   }
  },
  {
   "type": "Feature",
   "geometry": {
    "type": "Point",
    "coordinates": [
     414257.54260351916,
     4687361.88324407
    ]
   },
   "properties": {
    "candidate_id": 84,
    "vote_count": 6,
    "source_tile": "K-35-052-4_32635_x3360_y3696.png",
    "label": "mound"
   }
  },
  {
   "type": "Feature",
   "geometry": {
    "type": "Point",
    "coordinates": [
     399299.22684328444,
     4705151.342647522
    ]
   },
   "properties": {
    "candidate_id": 85,
    "vote_count": 10,
    "source_tile": "K-35-052-4_32635_x336_y0.png",
    "label": "mound"
   }
  },
  {
   "type": "Feature",
   "geometry": {
    "type": "Point",
    "coordinates": [
     400182.94533456175,
     4699056.715869485
    ]
   },
   "properties": {
    "candidate_id": 86,
    "vote_count": 10,
    "source_tile": "K-35-052-4_32635_x336_y1344.png",
    "label": "mound"
   }
  },
  {
   "type": "Feature",
   "geometry": {
    "type": "Point",
    "coordinates": [
     399234.153802634,
     4697299.560747523
    ]
   },
   "properties": {
    "candidate_id": 87,
    "vote_count": 10,
    "source_tile": "K-35-052-4_32635_x336_y1680.png",
    "label": "mound"
   }
  },
  {
   "type": "Feature",
   "geometry": {
    "type": "Point",
    "coordinates": [
     400137.1317367876,
     4696421.200984638
    ]
   },
   "properties": {
    "candidate_id": 88,
    "vote_count": 10,
    "source_tile": "K-35-052-4_32635_x336_y1680.png",
    "label": "mound"
   }
  },
  {
   "type": "Feature",
   "geometry": {
    "type": "Point",
    "coordinates": [
     400297.06671528856,
     4696429.135078566
    ]
   },
   "properties": {
    "candidate_id": 89,
    "vote_count": 10,
    "source_tile": "K-35-052-4_32635_x336_y1680.png",
    "label": "mound"
   }
  },
  {
   "type": "Feature",
   "geometry": {
    "type": "Point",
    "coordinates": [
     398996.8785113407,
     4695503.109318766
    ]
   },
   "properties": {
    "candidate_id": 90,
    "vote_count": 10,
    "source_tile": "K-35-052-4_32635_x336_y2016.png",
    "label": "mound"
   }
  },
  {
   "type": "Feature",
   "geometry": {
    "type": "Point",
    "coordinates": [
     399081.3482070694,
     4694158.593317661
    ]
   },
   "properties": {
    "candidate_id": 91,
    "vote_count": 10,
    "source_tile": "K-35-052-4_32635_x336_y2016.png",
    "label": "mound"
   }
  },
  {
   "type": "Feature",
   "geometry": {
    "type": "Point",
    "coordinates": [
     399256.4774574097,
     4694108.867019752
    ]
   },
   "properties": {
    "candidate_id": 92,
    "vote_count": 10,
    "source_tile": "K-35-052-4_32635_x336_y2016.png",
    "label": "mound"
   }
  },
  {
   "type": "Feature",
   "geometry": {
    "type": "Point",
    "coordinates": [
     400047.8738010584,
     4693227.789790082
    ]
   },
   "properties": {
    "candidate_id": 93,
    "vote_count": 10,
    "source_tile": "K-35-052-4_32635_x336_y2352.png",
    "label": "mound"
   }
  },
  {
   "type": "Feature",
   "geometry": {
    "type": "Point",
    "coordinates": [
     399204.87064269074,
     4693481.222700249
    ]
   },
   "properties": {
    "candidate_id": 94,
    "vote_count": 9,
    "source_tile": "K-35-052-4_32635_x336_y2352.png",
    "label": "mound"
   }
  },
  {
   "type": "Feature",
   "geometry": {
    "type": "Point",
    "coordinates": [
     398952.8735521064,
     4693539.834094637
    ]
   },
   "properties": {
    "candidate_id": 95,
    "vote_count": 10,
    "source_tile": "K-35-052-4_32635_x336_y2352.png",
    "label": "mound"
   }
  },
  {
   "type": "Feature",
   "geometry": {
    "type": "Point",
    "coordinates": [
     400148.62459693186,
     4691488.910959503
    ]
   },
   "properties": {
    "candidate_id": 96,
    "vote_count": 10,
    "source_tile": "K-35-052-4_32635_x336_y2688.png",
    "label": "mound"
   }
  },
  {
   "type": "Feature",
   "geometry": {
    "type": "Point",
    "coordinates": [
     400311.16371395625,
     4689924.969170555
    ]
   },
   "properties": {
    "candidate_id": 97,
    "vote_count": 10,
    "source_tile": "K-35-052-4_32635_x336_y3024.png",
    "label": "mound"
   }
  },
  {
   "type": "Feature",
   "geometry": {
    "type": "Point",
    "coordinates": [
     399758.23703206755,
     4703518.644886295
    ]
   },
   "properties": {
    "candidate_id": 98,
    "vote_count": 6,
    "source_tile": "K-35-052-4_32635_x336_y336.png",
    "label": "mound"
   }
  },
  {
   "type": "Feature",
   "geometry": {
    "type": "Point",
    "coordinates": [
     399707.2402104509,
     4702659.415172538
    ]
   },
   "properties": {
    "candidate_id": 99,
    "vote_count": 10,
    "source_tile": "K-35-052-4_32635_x336_y336.png",
    "label": "mound"
   }
  },
  {
   "type": "Feature",
   "geometry": {
    "type": "Point",
    "coordinates": [
     400262.15570405417,
     4688368.932392327
    ]
   },
   "properties": {
    "candidate_id": 100,
    "vote_count": 10,
    "source_tile": "K-35-052-4_32635_x336_y3360.png",
    "label": "mound"
   }
  },
  {
   "type": "Feature",
   "geometry": {
    "type": "Point",
    "coordinates": [
     399992.92804293416,
     4687470.404599052
    ]
   },
   "properties": {
    "candidate_id": 101,
    "vote_count": 6,
    "source_tile": "K-35-052-4_32635_x336_y3696.png",
    "label": "mound"
   }
  },
  {
   "type": "Feature",
   "geometry": {
    "type": "Point",
    "coordinates": [
     399050.2861580108,
     4701359.4550115485
    ]
   },
   "properties": {
    "candidate_id": 102,
    "vote_count": 10,
    "source_tile": "K-35-052-4_32635_x336_y672.png",
    "label": "mound"
   }
  },
  {
   "type": "Feature",
   "geometry": {
    "type": "Point",
    "coordinates": [
     416692.41545141157,
     4699897.587964878
    ]
   },
   "properties": {
    "candidate_id": 103,
    "vote_count": 10,
    "source_tile": "K-35-052-4_32635_x3696_y1008.png",
    "label": "mound"
   }
  },
  {
   "type": "Feature",
   "geometry": {
    "type": "Point",
    "coordinates": [
     415710.6480354349,
     4699818.752373759
    ]
   },
   "properties": {
    "candidate_id": 104,
    "vote_count": 10,
    "source_tile": "K-35-052-4_32635_x3696_y1008.png",
    "label": "mound"
   }
  },
  {
   "type": "Feature",
   "geometry": {
    "type": "Point",
    "coordinates": [
     415480.62972250103,
     4698408.132759162
    ]
   },
   "properties": {
    "candidate_id": 105,
    "vote_count": 10,
    "source_tile": "K-35-052-4_32635_x3696_y1344.png",
    "label": "mound"
   }
  },
  {
   "type": "Feature",
   "geometry": {
    "type": "Point",
    "coordinates": [
     416445.8271224798,
     4697683.214339845
    ]
   },
   "properties": {
    "candidate_id": 106,
    "vote_count": 10,
    "source_tile": "K-35-052-4_32635_x3696_y1344.png",
    "label": "mound"
   }
  },
  {
   "type": "Feature",
   "geometry": {
    "type": "Point",
    "coordinates": [
     416998.14060988574,
     4696284.453497363
    ]
   },
   "properties": {
    "candidate_id": 107,
    "vote_count": 10,
    "source_tile": "K-35-052-4_32635_x3696_y1680.png",
    "label": "mound"
   }
  },
  {
   "type": "Feature",
   "geometry": {
    "type": "Point",
    "coordinates": [
     416629.5751699363,
     4694374.156275979
    ]
   },
   "properties": {
    "candidate_id": 108,
    "vote_count": 10,
    "source_tile": "K-35-052-4_32635_x3696_y2016.png",
    "label": "mound"
   }
  },
  {
   "type": "Feature",
   "geometry": {
    "type": "Point",
    "coordinates": [
     416801.3920682401,
     4692978.607300305
    ]
   },
   "properties": {
    "candidate_id": 109,
    "vote_count": 10,
    "source_tile": "K-35-052-4_32635_x3696_y2352.png",
    "label": "mound"
   }
  },
  {
   "type": "Feature",
   "geometry": {
    "type": "Point",
    "coordinates": [
     416417.8768530211,
     4692032.44794495
    ]
   },
   "properties": {
    "candidate_id": 110,
    "vote_count": 10,
    "source_tile": "K-35-052-4_32635_x3696_y2688.png",
    "label": "mound"
   }
  },
  {
   "type": "Feature",
   "geometry": {
    "type": "Point",
    "coordinates": [
     415970.2929942041,
     4690518.371681766
    ]
   },
   "properties": {
    "candidate_id": 111,
    "vote_count": 6,
    "source_tile": "K-35-052-4_32635_x3696_y3024.png",
    "label": "mound"
   }
  },
  {
   "type": "Feature",
   "geometry": {
    "type": "Point",
    "coordinates": [
     416649.6412835265,
     4703558.702598324
    ]
   },
   "properties": {
    "candidate_id": 112,
    "vote_count": 10,
    "source_tile": "K-35-052-4_32635_x3696_y336.png",
    "label": "mound"
   }
  },
  {
   "type": "Feature",
   "geometry": {
    "type": "Point",
    "coordinates": [
     416766.5527767858,
     4703029.681290174
    ]
   },
   "properties": {
    "candidate_id": 113,
    "vote_count": 10,
    "source_tile": "K-35-052-4_32635_x3696_y336.png",
    "label": "mound"
   }
  },
  {
   "type": "Feature",
   "geometry": {
    "type": "Point",
    "coordinates": [
     415848.3742499933,
     4703312.676270037
    ]
   },
   "properties": {
    "candidate_id": 114,
    "vote_count": 10,
    "source_tile": "K-35-052-4_32635_x3696_y336.png",
    "label": "mound"
   }
  },
  {
   "type": "Feature",
   "geometry": {
    "type": "Point",
    "coordinates": [
     415681.8319648651,
     4703626.422266546
    ]
   },
   "properties": {
    "candidate_id": 115,
    "vote_count": 7,
    "source_tile": "K-35-052-4_32635_x3696_y336.png",
    "label": "mound"
   }
  },
  {
   "type": "Feature",
   "geometry": {
    "type": "Point",
    "coordinates": [
     416922.4187614228,
     4688002.210446582
    ]
   },
   "properties": {
    "candidate_id": 116,
    "vote_count": 10,
    "source_tile": "K-35-052-4_32635_x3696_y3360.png",
    "label": "mound"
   }
  },
  {
   "type": "Feature",
   "geometry": {
    "type": "Point",
    "coordinates": [
     416680.8435638579,
     4687432.9351518005
    ]
   },
   "properties": {
    "candidate_id": 117,
    "vote_count": 10,
    "source_tile": "K-35-052-4_32635_x3696_y3360.png",
    "label": "mound"
   }
  },
  {
   "type": "Feature",
   "geometry": {
    "type": "Point",
    "coordinates": [
     416073.322342181,
     4702064.475668471
    ]
   },
   "properties": {
    "candidate_id": 118,
    "vote_count": 10,
    "source_tile": "K-35-052-4_32635_x3696_y672.png",
    "label": "mound"
   }
  },
  {
   "type": "Feature",
   "geometry": {
    "type": "Point",
    "coordinates": [
     417374.20693415793,
     4700359.134975623
    ]
   },
   "properties": {
    "candidate_id": 119,
    "vote_count": 7,
    "source_tile": "K-35-052-4_32635_x4032_y1008.png",
    "label": "mound"
   }
  },
  {
   "type": "Feature",
   "geometry": {
    "type": "Point",
    "coordinates": [
     417373.8203139976,
     4700166.681734738
    ]
   },
   "properties": {
    "candidate_id": 120,
    "vote_count": 10,
    "source_tile": "K-35-052-4_32635_x4032_y1008.png",
    "label": "mound"
   }
  },
  {
   "type": "Feature",
   "geometry": {
    "type": "Point",
    "coordinates": [
     417464.8145675641,
     4699640.650038108
    ]
   },
   "properties": {
    "candidate_id": 121,
    "vote_count": 7,
    "source_tile": "K-35-052-4_32635_x4032_y1008.png",
    "label": "mound"
   }
  },
  {
   "type": "Feature",
   "geometry": {
    "type": "Point",
    "coordinates": [
     417470.46378123475,
     4699492.325431047
    ]
   },
   "properties": {
    "candidate_id": 122,
    "vote_count": 7,
    "source_tile": "K-35-052-4_32635_x4032_y1008.png",
    "label": "mound"
   }
  },
  {
   "type": "Feature",
   "geometry": {
    "type": "Point",
    "coordinates": [
     417475.47640870063,
     4699345.78526685
    ]
   },
   "properties": {
    "candidate_id": 123,
    "vote_count": 7,
    "source_tile": "K-35-052-4_32635_x4032_y1008.png",
    "label": "mound"
   }
  },
  {
   "type": "Feature",
   "geometry": {
    "type": "Point",
    "coordinates": [
     417490.7299162952,
     4698764.123901627
    ]
   },
   "properties": {
    "candidate_id": 124,
    "vote_count": 10,
    "source_tile": "K-35-052-4_32635_x4032_y1344.png",
    "label": "mound"
   }
  },
  {
   "type": "Feature",
   "geometry": {
    "type": "Point",
    "coordinates": [
     417560.9174777933,
     4695718.524903643
    ]
   },
   "properties": {
    "candidate_id": 125,
    "vote_count": 8,
    "source_tile": "K-35-052-4_32635_x4032_y1680.png",
    "label": "mound"
   }
  },
  {
   "type": "Feature",
   "geometry": {
    "type": "Point",
    "coordinates": [
     417462.9151717656,
     4695399.069037998
    ]
   },
   "properties": {
    "candidate_id": 126,
    "vote_count": 9,
    "source_tile": "K-35-052-4_32635_x4032_y2016.png",
    "label": "mound"
   }
  },
  {
   "type": "Feature",
   "geometry": {
    "type": "Point",
    "coordinates": [
     417448.27065153746,
     4692470.426853158
    ]
   },
   "properties": {
    "candidate_id": 127,
    "vote_count": 10,
    "source_tile": "K-35-052-4_32635_x4032_y2352.png",
    "label": "mound"
   }
  },
  {
   "type": "Feature",
   "geometry": {
    "type": "Point",
    "coordinates": [
     417178.0963668546,
     4689363.24407188
    ]
   },
   "properties": {
    "candidate_id": 128,
    "vote_count": 7,
    "source_tile": "K-35-052-4_32635_x3696_y3024.png",
    "label": "mound"
   }
  },
  {
   "type": "Feature",
   "geometry": {
    "type": "Point",
    "coordinates": [
     417453.6929991049,
     4702475.45589652
    ]
   },
   "properties": {
    "candidate_id": 129,
    "vote_count": 9,
    "source_tile": "K-35-052-4_32635_x4032_y336.png",
    "label": "mound"
   }
  },
  {
   "type": "Feature",
   "geometry": {
    "type": "Point",
    "coordinates": [
     417113.27982131625,
     4688584.420262023
    ]
   },
   "properties": {
    "candidate_id": 130,
    "vote_count": 9,
    "source_tile": "K-35-052-4_32635_x4032_y3360.png",
    "label": "mound"
   }
  },
  {
   "type": "Feature",
   "geometry": {
    "type": "Point",
    "coordinates": [
     417287.8772234912,
     4687470.387529643
    ]
   },
   "properties": {
    "candidate_id": 131,
    "vote_count": 8,
    "source_tile": "K-35-052-4_32635_x4032_y3696.png",
    "label": "mound"
   }
  },
  {
   "type": "Feature",
   "geometry": {
    "type": "Point",
    "coordinates": [
     417449.6546208174,
     4701793.736930647
    ]
   },
   "properties": {
    "candidate_id": 132,
    "vote_count": 10,
    "source_tile": "K-35-052-4_32635_x4032_y672.png",
    "label": "mound"
   }
  },
  {
   "type": "Feature",
   "geometry": {
    "type": "Point",
    "coordinates": [
     417291.2199496718,
     4701177.592546391
    ]
   },
   "properties": {
    "candidate_id": 133,
    "vote_count": 10,
    "source_tile": "K-35-052-4_32635_x4032_y672.png",
    "label": "mound"
   }
  },
  {
   "type": "Feature",
   "geometry": {
    "type": "Point",
    "coordinates": [
     400459.989541793,
     4705727.190095425
    ]
   },
   "properties": {
    "candidate_id": 134,
    "vote_count": 10,
    "source_tile": "K-35-052-4_32635_x672_y0.png",
    "label": "mound"
   }
  },
  {
   "type": "Feature",
   "geometry": {
    "type": "Point",
    "coordinates": [
     401622.400133735,
     4700309.0545392865
    ]
   },
   "properties": {
    "candidate_id": 135,
    "vote_count": 10,
    "source_tile": "K-35-052-4_32635_x672_y1008.png",
    "label": "mound"
   }
  },
  {
   "type": "Feature",
   "geometry": {
    "type": "Point",
    "coordinates": [
     401777.95930012513,
     4699205.687450306
    ]
   },
   "properties": {
    "candidate_id": 136,
    "vote_count": 10,
    "source_tile": "K-35-052-4_32635_x672_y1008.png",
    "label": "mound"
   }
  },
  {
   "type": "Feature",
   "geometry": {
    "type": "Point",
    "coordinates": [
     401338.0984496302,
     4699369.0413757535
    ]
   },
   "properties": {
    "candidate_id": 137,
    "vote_count": 10,
    "source_tile": "K-35-052-4_32635_x672_y1008.png",
    "label": "mound"
   }
  },
  {
   "type": "Feature",
   "geometry": {
    "type": "Point",
    "coordinates": [
     401252.76348019624,
     4698546.724761449
    ]
   },
   "properties": {
    "candidate_id": 138,
    "vote_count": 10,
    "source_tile": "K-35-052-4_32635_x672_y1344.png",
    "label": "mound"
   }
  },
  {
   "type": "Feature",
   "geometry": {
    "type": "Point",
    "coordinates": [
     400903.79870440904,
     4697423.9465475
    ]
   },
   "properties": {
    "candidate_id": 139,
    "vote_count": 10,
    "source_tile": "K-35-052-4_32635_x672_y1344.png",
    "label": "mound"
   }
  },
  {
   "type": "Feature",
   "geometry": {
    "type": "Point",
    "coordinates": [
     400700.5742329581,
     4696081.87569813
    ]
   },
   "properties": {
    "candidate_id": 140,
    "vote_count": 10,
    "source_tile": "K-35-052-4_32635_x672_y1680.png",
    "label": "mound"
   }
  },
  {
   "type": "Feature",
   "geometry": {
    "type": "Point",
    "coordinates": [
     400741.4977796091,
     4695961.5701142
    ]
   },
   "properties": {
    "candidate_id": 141,
    "vote_count": 10,
    "source_tile": "K-35-052-4_32635_x672_y1680.png",
    "label": "mound"
   }
  },
  {
   "type": "Feature",
   "geometry": {
    "type": "Point",
    "coordinates": [
     400614.9389728605,
     4694561.995683956
    ]
   },
   "properties": {
    "candidate_id": 142,
    "vote_count": 9,
    "source_tile": "K-35-052-4_32635_x672_y2016.png",
    "label": "mound"
   }
  },
  {
   "type": "Feature",
   "geometry": {
    "type": "Point",
    "coordinates": [
     401446.1890157197,
     4693252.818854575
    ]
   },
   "properties": {
    "candidate_id": 143,
    "vote_count": 10,
    "source_tile": "K-35-052-4_32635_x672_y2352.png",
    "label": "mound"
   }
  },
  {
   "type": "Feature",
   "geometry": {
    "type": "Point",
    "coordinates": [
     401267.5507959135,
     4693505.5577061605
    ]
   },
   "properties": {
    "candidate_id": 144,
    "vote_count": 10,
    "source_tile": "K-35-052-4_32635_x672_y2352.png",
    "label": "mound"
   }
  },
  {
   "type": "Feature",
   "geometry": {
    "type": "Point",
    "coordinates": [
     400772.56187476026,
     4693394.393077696
    ]
   },
   "properties": {
    "candidate_id": 145,
    "vote_count": 10,
    "source_tile": "K-35-052-4_32635_x672_y2352.png",
    "label": "mound"
   }
  },
  {
   "type": "Feature",
   "geometry": {
    "type": "Point",
    "coordinates": [
     400655.8003787183,
     4691885.621948
    ]
   },
   "properties": {
    "candidate_id": 146,
    "vote_count": 10,
    "source_tile": "K-35-052-4_32635_x672_y2688.png",
    "label": "mound"
   }
  },
  {
   "type": "Feature",
   "geometry": {
    "type": "Point",
    "coordinates": [
     401806.28202608,
     4703555.14087266
    ]
   },
   "properties": {
    "candidate_id": 147,
    "vote_count": 10,
    "source_tile": "K-35-052-4_32635_x672_y336.png",
    "label": "mound"
   }
  },
  {
   "type": "Feature",
   "geometry": {
    "type": "Point",
    "coordinates": [
     401252.37785070145,
     4688441.643697242
    ]
   },
   "properties": {
    "candidate_id": 148,
    "vote_count": 10,
    "source_tile": "K-35-052-4_32635_x672_y3360.png",
    "label": "mound"
   }
  },
  {
   "type": "Feature",
   "geometry": {
    "type": "Point",
    "coordinates": [
     400640.87389218534,
     4702207.688081729
    ]
   },
   "properties": {
    "candidate_id": 149,
    "vote_count": 10,
    "source_tile": "K-35-052-4_32635_x672_y672.png",
    "label": "mound"
   }
  },
  {
   "type": "Feature",
   "geometry": {
    "type": "Point",
    "coordinates": [
     418456.0262075273,
     4704986.27754347
    ]
   },
   "properties": {
    "candidate_id": 150,
    "vote_count": 10,
    "source_tile": "K-35-053-3_Elenovo_x0_y0.png",
    "label": "mound"
   }
  },
  {
   "type": "Feature",
   "geometry": {
    "type": "Point",
    "coordinates": [
     418107.62747350754,
     4700504.745786068
    ]
   },
   "properties": {
    "candidate_id": 151,
    "vote_count": 10,
    "source_tile": "K-35-053-3_Elenovo_x0_y1008.png",
    "label": "mound"
   }
  },
  {
   "type": "Feature",
   "geometry": {
    "type": "Point",
    "coordinates": [
     418942.1402054734,
     4697870.57856093
    ]
   },
   "properties": {
    "candidate_id": 152,
    "vote_count": 7,
    "source_tile": "K-35-053-3_Elenovo_x0_y1344.png",
    "label": "mound"
   }
  },
  {
   "type": "Feature",
   "geometry": {
    "type": "Point",
    "coordinates": [
     418588.8249537393,
     4696631.330580044
    ]
   },
   "properties": {
    "candidate_id": 153,
    "vote_count": 10,
    "source_tile": "K-35-053-3_Elenovo_x0_y1680.png",
    "label": "mound"
   }
  },
  {
   "type": "Feature",
   "geometry": {
    "type": "Point",
    "coordinates": [
     418332.0684983313,
     4696354.693557326
    ]
   },
   "properties": {
    "candidate_id": 154,
    "vote_count": 10,
    "source_tile": "K-35-053-3_Elenovo_x0_y1680.png",
    "label": "mound"
   }
  },
  {
   "type": "Feature",
   "geometry": {
    "type": "Point",
    "coordinates": [
     417975.04649647104,
     4696301.349056605
    ]
   },
   "properties": {
    "candidate_id": 155,
    "vote_count": 9,
    "source_tile": "K-35-053-3_Elenovo_x0_y1680.png",
    "label": "mound"
   }
  },
  {
   "type": "Feature",
   "geometry": {
    "type": "Point",
    "coordinates": [
     418000.2290423002,
     4696210.322631176
    ]
   },
   "properties": {
    "candidate_id": 156,
    "vote_count": 9,
    "source_tile": "K-35-053-3_Elenovo_x0_y1680.png",
    "label": "mound"
   }
  },
  {
   "type": "Feature",
   "geometry": {
    "type": "Point",
    "coordinates": [
     418084.0882190688,
     4696203.675465543
    ]
   },
   "properties": {
    "candidate_id": 157,
    "vote_count": 9,
    "source_tile": "K-35-053-3_Elenovo_x0_y1680.png",
    "label": "mound"
   }
  },
  {
   "type": "Feature",
   "geometry": {
    "type": "Point",
    "coordinates": [
     417960.9464805383,
     4696144.706675412
    ]
   },
   "properties": {
    "candidate_id": 158,
    "vote_count": 9,
    "source_tile": "K-35-053-3_Elenovo_x0_y1680.png",
    "label": "mound"
   }
  },
  {
   "type": "Feature",
   "geometry": {
    "type": "Point",
    "coordinates": [
     418114.8751738861,
     4696120.246530005
    ]
   },
   "properties": {
    "candidate_id": 159,
    "vote_count": 10,
    "source_tile": "K-35-053-3_Elenovo_x0_y1680.png",
    "label": "mound"
   }
  },
  {
   "type": "Feature",
   "geometry": {
    "type": "Point",
    "coordinates": [
     418030.56130019895,
     4696102.244711104
    ]
   },
   "properties": {
    "candidate_id": 160,
    "vote_count": 9,
    "source_tile": "K-35-053-3_Elenovo_x0_y1680.png",
    "label": "mound"
   }
  },
  {
   "type": "Feature",
   "geometry": {
    "type": "Point",
    "coordinates": [
     418167.3499246382,
     4695822.674543871
    ]
   },
   "properties": {
    "candidate_id": 161,
    "vote_count": 10,
    "source_tile": "K-35-053-3_Elenovo_x0_y1680.png",
    "label": "mound"
   }
  },
  {
   "type": "Feature",
   "geometry": {
    "type": "Point",
    "coordinates": [
     417879.1811253144,
     4695264.9001771
    ]
   },
   "properties": {
    "candidate_id": 162,
    "vote_count": 10,
    "source_tile": "K-35-053-3_Elenovo_x0_y2016.png",
    "label": "mound"
   }
  },
  {
   "type": "Feature",
   "geometry": {
    "type": "Point",
    "coordinates": [
     417941.0761701699,
     4694276.352561724
    ]
   },
   "properties": {
    "candidate_id": 163,
    "vote_count": 10,
    "source_tile": "K-35-053-3_Elenovo_x0_y2016.png",
    "label": "mound"
   }
  },
  {
   "type": "Feature",
   "geometry": {
    "type": "Point",
    "coordinates": [
     417933.565143666,
     4692513.359342692
    ]
   },
   "properties": {
    "candidate_id": 164,
    "vote_count": 9,
    "source_tile": "K-35-053-3_Elenovo_x0_y2352.png",
    "label": "mound"
   }
  },
  {
   "type": "Feature",
   "geometry": {
    "type": "Point",
    "coordinates": [
     418168.7666006171,
     4690545.858197738
    ]
   },
   "properties": {
    "candidate_id": 165,
    "vote_count": 10,
    "source_tile": "K-35-053-3_Elenovo_x0_y2688.png",
    "label": "mound"
   }
  },
  {
   "type": "Feature",
   "geometry": {
    "type": "Point",
    "coordinates": [
     418238.2416001881,
     4690260.751890678
    ]
   },
   "properties": {
    "candidate_id": 166,
    "vote_count": 10,
    "source_tile": "K-35-053-3_Elenovo_x0_y3024.png",
    "label": "mound"
   }
  },
  {
   "type": "Feature",
   "geometry": {
    "type": "Point",
    "coordinates": [
     418030.20473381947,
     4703461.821142431
    ]
   },
   "properties": {
    "candidate_id": 167,
    "vote_count": 8,
    "source_tile": "K-35-053-3_Elenovo_x0_y336.png",
    "label": "mound"
   }
  },
  {
   "type": "Feature",
   "geometry": {
    "type": "Point",
    "coordinates": [
     418095.54876647115,
     4703279.034180177
    ]
   },
   "properties": {
    "candidate_id": 168,
    "vote_count": 8,
    "source_tile": "K-35-053-3_Elenovo_x0_y336.png",
    "label": "mound"
   }
  },
  {
   "type": "Feature",
   "geometry": {
    "type": "Point",
    "coordinates": [
     419274.9358101371,
     4702664.14369989
    ]
   },
   "properties": {
    "candidate_id": 169,
    "vote_count": 9,
    "source_tile": "K-35-053-3_Elenovo_x0_y336.png",
    "label": "mound"
   }
  },
  {
   "type": "Feature",
   "geometry": {
    "type": "Point",
    "coordinates": [
     418426.69999660074,
     4688274.715397776
    ]
   },
   "properties": {
    "candidate_id": 170,
    "vote_count": 10,
    "source_tile": "K-35-053-3_Elenovo_x0_y3360.png",
    "label": "mound"
   }
  },
  {
   "type": "Feature",
   "geometry": {
    "type": "Point",
    "coordinates": [
     419180.7144658653,
     4687206.099354617
    ]
   },
   "properties": {
    "candidate_id": 171,
    "vote_count": 7,
    "source_tile": "K-35-053-3_Elenovo_x0_y3696.png",
    "label": "mound"
   }
  },
  {
   "type": "Feature",
   "geometry": {
    "type": "Point",
    "coordinates": [
     418084.4482123026,
     4701535.604097365
    ]
   },
   "properties": {
    "candidate_id": 172,
    "vote_count": 10,
    "source_tile": "K-35-053-3_Elenovo_x0_y672.png",
    "label": "mound"
   }
  },
  {
   "type": "Feature",
   "geometry": {
    "type": "Point",
    "coordinates": [
     417763.68637814006,
     4701348.252210183
    ]
   },
   "properties": {
    "candidate_id": 173,
    "vote_count": 10,
    "source_tile": "K-35-053-3_Elenovo_x0_y672.png",
    "label": "mound"
   }
  },
  {
   "type": "Feature",
   "geometry": {
    "type": "Point",
    "coordinates": [
     422678.5081434919,
     4705620.576634776
    ]
   },
   "properties": {
    "candidate_id": 174,
    "vote_count": 10,
    "source_tile": "K-35-053-3_Elenovo_x1008_y0.png",
    "label": "mound"
   }
  },
  {
   "type": "Feature",
   "geometry": {
    "type": "Point",
    "coordinates": [
     424188.73411868326,
     4705435.292429448
    ]
   },
   "properties": {
    "candidate_id": 175,
    "vote_count": 10,
    "source_tile": "K-35-053-3_Elenovo_x1008_y0.png",
    "label": "mound"
   }
  },
  {
   "type": "Feature",
   "geometry": {
    "type": "Point",
    "coordinates": [
     423660.65650779684,
     4704888.679436228
    ]
   },
   "properties": {
    "candidate_id": 176,
    "vote_count": 10,
    "source_tile": "K-35-053-3_Elenovo_x1008_y0.png",
    "label": "mound"
   }
  },
  {
   "type": "Feature",
   "geometry": {
    "type": "Point",
    "coordinates": [
     424111.20378260454,
     4703922.375055422
    ]
   },
   "properties": {
    "candidate_id": 177,
    "vote_count": 10,
    "source_tile": "K-35-053-3_Elenovo_x1008_y0.png",
    "label": "mound"
   }
  },
  {
   "type": "Feature",
   "geometry": {
    "type": "Point",
    "coordinates": [
     423879.579893108,
     4694318.574814478
    ]
   },
   "properties": {
    "candidate_id": 178,
    "vote_count": 10,
    "source_tile": "K-35-053-3_Elenovo_x1008_y2016.png",
    "label": "mound"
   }
  },
  {
   "type": "Feature",
   "geometry": {
    "type": "Point",
    "coordinates": [
     423571.0750366455,
     4693497.274249643
    ]
   },
   "properties": {
    "candidate_id": 179,
    "vote_count": 10,
    "source_tile": "K-35-053-3_Elenovo_x1008_y2352.png",
    "label": "mound"
   }
  },
  {
   "type": "Feature",
   "geometry": {
    "type": "Point",
    "coordinates": [
     424350.71082264837,
     4691385.723372856
    ]
   },
   "properties": {
    "candidate_id": 180,
    "vote_count": 10,
    "source_tile": "K-35-053-3_Elenovo_x1008_y2688.png",
    "label": "mound"
   }
  },
  {
   "type": "Feature",
   "geometry": {
    "type": "Point",
    "coordinates": [
     424242.1959297101,
     4688707.589602702
    ]
   },
   "properties": {
    "candidate_id": 181,
    "vote_count": 10,
    "source_tile": "K-35-053-3_Elenovo_x1008_y3024.png",
    "label": "mound"
   }
  },
  {
   "type": "Feature",
   "geometry": {
    "type": "Point",
    "coordinates": [
     422863.5538663387,
     4690220.262834114
    ]
   },
   "properties": {
    "candidate_id": 182,
    "vote_count": 10,
    "source_tile": "K-35-053-3_Elenovo_x1008_y3024.png",
    "label": "mound"
   }
  },
  {
   "type": "Feature",
   "geometry": {
    "type": "Point",
    "coordinates": [
     423853.57521619706,
     4688710.692609513
    ]
   },
   "properties": {
    "candidate_id": 183,
    "vote_count": 10,
    "source_tile": "K-35-053-3_Elenovo_x1008_y3024.png",
    "label": "mound"
   }
  },
  {
   "type": "Feature",
   "geometry": {
    "type": "Point",
    "coordinates": [
     423366.8507154266,
     4700527.640864518
    ]
   },
   "properties": {
    "candidate_id": 184,
    "vote_count": 10,
    "source_tile": "K-35-053-3_Elenovo_x1008_y672.png",
    "label": "mound"
   }
  },
  {
   "type": "Feature",
   "geometry": {
    "type": "Point",
    "coordinates": [
     425300.318871467,
     4705046.264628272
    ]
   },
   "properties": {
    "candidate_id": 185,
    "vote_count": 10,
    "source_tile": "K-35-053-3_Elenovo_x1344_y0.png",
    "label": "mound"
   }
  },
  {
   "type": "Feature",
   "geometry": {
    "type": "Point",
    "coordinates": [
     425578.39345752855,
     4704912.025769732
    ]
   },
   "properties": {
    "candidate_id": 186,
    "vote_count": 10,
    "source_tile": "K-35-053-3_Elenovo_x1344_y0.png",
    "label": "mound"
   }
  },
  {
   "type": "Feature",
   "geometry": {
    "type": "Point",
    "coordinates": [
     425845.58298275236,
     4704618.887339284
    ]
   },
   "properties": {
    "candidate_id": 187,
    "vote_count": 10,
    "source_tile": "K-35-053-3_Elenovo_x1344_y0.png",
    "label": "mound"
   }
  },
  {
   "type": "Feature",
   "geometry": {
    "type": "Point",
    "coordinates": [
     424545.1431678176,
     4695096.269222231
    ]
   },
   "properties": {
    "candidate_id": 188,
    "vote_count": 10,
    "source_tile": "K-35-053-3_Elenovo_x1344_y2016.png",
    "label": "mound"
   }
  },
  {
   "type": "Feature",
   "geometry": {
    "type": "Point",
    "coordinates": [
     425049.76663743384,
     4694838.311667888
    ]
   },
   "properties": {
    "candidate_id": 189,
    "vote_count": 8,
    "source_tile": "K-35-053-3_Elenovo_x1344_y2016.png",
    "label": "mound"
   }
  },
  {
   "type": "Feature",
   "geometry": {
    "type": "Point",
    "coordinates": [
     425652.1883739955,
     4694145.032766973
    ]
   },
   "properties": {
    "candidate_id": 190,
    "vote_count": 10,
    "source_tile": "K-35-053-3_Elenovo_x1344_y2016.png",
    "label": "mound"
   }
  },
  {
   "type": "Feature",
   "geometry": {
    "type": "Point",
    "coordinates": [
     425828.1927328824,
     4692104.949732576
    ]
   },
   "properties": {
    "candidate_id": 191,
    "vote_count": 10,
    "source_tile": "K-35-053-3_Elenovo_x1344_y2352.png",
    "label": "mound"
   }
  },
  {
   "type": "Feature",
   "geometry": {
    "type": "Point",
    "coordinates": [
     425870.53214024106,
     4691857.970288628
    ]
   },
   "properties": {
    "candidate_id": 192,
    "vote_count": 10,
    "source_tile": "K-35-053-3_Elenovo_x1344_y2688.png",
    "label": "mound"
   }
  },
  {
   "type": "Feature",
   "geometry": {
    "type": "Point",
    "coordinates": [
     425878.7356255704,
     4690081.865142507
    ]
   },
   "properties": {
    "candidate_id": 193,
    "vote_count": 10,
    "source_tile": "K-35-053-3_Elenovo_x1344_y3024.png",
    "label": "mound"
   }
  },
  {
   "type": "Feature",
   "geometry": {
    "type": "Point",
    "coordinates": [
     425982.91201432364,
     4703874.93357953
    ]
   },
   "properties": {
    "candidate_id": 194,
    "vote_count": 10,
    "source_tile": "K-35-053-3_Elenovo_x1344_y336.png",
    "label": "mound"
   }
  },
  {
   "type": "Feature",
   "geometry": {
    "type": "Point",
    "coordinates": [
     425172.3656347634,
     4687185.209689717
    ]
   },
   "properties": {
    "candidate_id": 195,
    "vote_count": 6,
    "source_tile": "K-35-053-3_Elenovo_x1344_y3696.png",
    "label": "mound"
   }
  },
  {
   "type": "Feature",
   "geometry": {
    "type": "Point",
    "coordinates": [
     425231.4511467991,
     4701995.510429763
    ]
   },
   "properties": {
    "candidate_id": 196,
    "vote_count": 10,
    "source_tile": "K-35-053-3_Elenovo_x1344_y672.png",
    "label": "mound"
   }
  },
  {
   "type": "Feature",
   "geometry": {
    "type": "Point",
    "coordinates": [
     425282.23089117685,
     4701885.024963423
    ]
   },
   "properties": {
    "candidate_id": 197,
    "vote_count": 10,
    "source_tile": "K-35-053-3_Elenovo_x1344_y672.png",
    "label": "mound"
   }
  },
  {
   "type": "Feature",
   "geometry": {
    "type": "Point",
    "coordinates": [
     427759.97140955116,
     4705250.322815693
    ]
   },
   "properties": {
    "candidate_id": 198,
    "vote_count": 10,
    "source_tile": "K-35-053-3_Elenovo_x1680_y0.png",
    "label": "mound"
   }
  },
  {
   "type": "Feature",
   "geometry": {
    "type": "Point",
    "coordinates": [
     427083.16659422754,
     4704821.826444873
    ]
   },
   "properties": {
    "candidate_id": 199,
    "vote_count": 9,
    "source_tile": "K-35-053-3_Elenovo_x1680_y0.png",
    "label": "mound"
   }
  },
  {
   "type": "Feature",
   "geometry": {
    "type": "Point",
    "coordinates": [
     426206.5121402318,
     4700200.753674326
    ]
   },
   "properties": {
    "candidate_id": 200,
    "vote_count": 10,
    "source_tile": "K-35-053-3_Elenovo_x1680_y1008.png",
    "label": "mound"
   }
  },
  {
   "type": "Feature",
   "geometry": {
    "type": "Point",
    "coordinates": [
     427592.4610056316,
     4699426.651958438
    ]
   },
   "properties": {
    "candidate_id": 201,
    "vote_count": 10,
    "source_tile": "K-35-053-3_Elenovo_x1680_y1008.png",
    "label": "mound"
   }
  },
  {
   "type": "Feature",
   "geometry": {
    "type": "Point",
    "coordinates": [
     426848.8729151134,
     4698565.875132141
    ]
   },
   "properties": {
    "candidate_id": 202,
    "vote_count": 6,
    "source_tile": "K-35-053-3_Elenovo_x1680_y1344.png",
    "label": "mound"
   }
  },
  {
   "type": "Feature",
   "geometry": {
    "type": "Point",
    "coordinates": [
     426694.8163131755,
     4696097.503908174
    ]
   },
   "properties": {
    "candidate_id": 203,
    "vote_count": 10,
    "source_tile": "K-35-053-3_Elenovo_x1680_y1680.png",
    "label": "mound"
   }
  },
  {
   "type": "Feature",
   "geometry": {
    "type": "Point",
    "coordinates": [
     427120.328254989,
     4688896.377013664
    ]
   },
   "properties": {
    "candidate_id": 204,
    "vote_count": 9,
    "source_tile": "K-35-053-3_Elenovo_x1680_y3024.png",
    "label": "mound"
   }
  },
  {
   "type": "Feature",
   "geometry": {
    "type": "Point",
    "coordinates": [
     427063.5398609807,
     4688727.063259458
    ]
   },
   "properties": {
    "candidate_id": 205,
    "vote_count": 9,
    "source_tile": "K-35-053-3_Elenovo_x1680_y3024.png",
    "label": "mound"
   }
  },
  {
   "type": "Feature",
   "geometry": {
    "type": "Point",
    "coordinates": [
     427156.5296073191,
     4702466.544874981
    ]
   },
   "properties": {
    "candidate_id": 206,
    "vote_count": 10,
    "source_tile": "K-35-053-3_Elenovo_x1680_y336.png",
    "label": "mound"
   }
  },
  {
   "type": "Feature",
   "geometry": {
    "type": "Point",
    "coordinates": [
     426967.1795555306,
     4688120.407783083
    ]
   },
   "properties": {
    "candidate_id": 207,
    "vote_count": 10,
    "source_tile": "K-35-053-3_Elenovo_x1680_y3360.png",
    "label": "mound"
   }
  },
  {
   "type": "Feature",
   "geometry": {
    "type": "Point",
    "coordinates": [
     427043.97614990966,
     4688121.939733142
    ]
   },
   "properties": {
    "candidate_id": 208,
    "vote_count": 10,
    "source_tile": "K-35-053-3_Elenovo_x1680_y3360.png",
    "label": "mound"
   }
  },
  {
   "type": "Feature",
   "geometry": {
    "type": "Point",
    "coordinates": [
     426976.46653335507,
     4688047.129821659
    ]
   },
   "properties": {
    "candidate_id": 209,
    "vote_count": 10,
    "source_tile": "K-35-053-3_Elenovo_x1680_y3360.png",
    "label": "mound"
   }
  },
  {
   "type": "Feature",
   "geometry": {
    "type": "Point",
    "coordinates": [
     426773.5139379904,
     4687964.295552744
    ]
   },
   "properties": {
    "candidate_id": 210,
    "vote_count": 10,
    "source_tile": "K-35-053-3_Elenovo_x1680_y3360.png",
    "label": "mound"
   }
  },
  {
   "type": "Feature",
   "geometry": {
    "type": "Point",
    "coordinates": [
     427337.6261641262,
     4687744.321125773
    ]
   },
   "properties": {
    "candidate_id": 211,
    "vote_count": 10,
    "source_tile": "K-35-053-3_Elenovo_x1680_y3360.png",
    "label": "mound"
   }
  },
  {
   "type": "Feature",
   "geometry": {
    "type": "Point",
    "coordinates": [
     426977.60334203,
     4687175.829697507
    ]
   },
   "properties": {
    "candidate_id": 212,
    "vote_count": 10,
    "source_tile": "K-35-053-3_Elenovo_x1680_y3696.png",
    "label": "mound"
   }
  },
  {
   "type": "Feature",
   "geometry": {
    "type": "Point",
    "coordinates": [
     426640.0774277618,
     4701811.312607278
    ]
   },
   "properties": {
    "candidate_id": 213,
    "vote_count": 10,
    "source_tile": "K-35-053-3_Elenovo_x1680_y672.png",
    "label": "mound"
   }
  },
  {
   "type": "Feature",
   "geometry": {
    "type": "Point",
    "coordinates": [
     426271.2000995853,
     4701022.516047084
    ]
   },
   "properties": {
    "candidate_id": 214,
    "vote_count": 10,
    "source_tile": "K-35-053-3_Elenovo_x1680_y672.png",
    "label": "mound"
   }
  },
  {
   "type": "Feature",
   "geometry": {
    "type": "Point",
    "coordinates": [
     427862.5947806493,
     4704724.319265487
    ]
   },
   "properties": {
    "candidate_id": 215,
    "vote_count": 10,
    "source_tile": "K-35-053-3_Elenovo_x2016_y0.png",
    "label": "mound"
   }
  },
  {
   "type": "Feature",
   "geometry": {
    "type": "Point",
    "coordinates": [
     429050.2844894205,
     4700166.936872806
    ]
   },
   "properties": {
    "candidate_id": 216,
    "vote_count": 9,
    "source_tile": "K-35-053-3_Elenovo_x2016_y1008.png",
    "label": "mound"
   }
  },
  {
   "type": "Feature",
   "geometry": {
    "type": "Point",
    "coordinates": [
     428492.91777573177,
     4698791.381030244
    ]
   },
   "properties": {
    "candidate_id": 217,
    "vote_count": 10,
    "source_tile": "K-35-053-3_Elenovo_x2016_y1344.png",
    "label": "mound"
   }
  },
  {
   "type": "Feature",
   "geometry": {
    "type": "Point",
    "coordinates": [
     428382.0339030623,
     4690071.805130458
    ]
   },
   "properties": {
    "candidate_id": 218,
    "vote_count": 10,
    "source_tile": "K-35-053-3_Elenovo_x2016_y3024.png",
    "label": "mound"
   }
  },
  {
   "type": "Feature",
   "geometry": {
    "type": "Point",
    "coordinates": [
     428436.9345329336,
     4703364.9073979575
    ]
   },
   "properties": {
    "candidate_id": 219,
    "vote_count": 10,
    "source_tile": "K-35-053-3_Elenovo_x2016_y336.png",
    "label": "mound"
   }
  },
  {
   "type": "Feature",
   "geometry": {
    "type": "Point",
    "coordinates": [
     427741.55822450906,
     4700878.427591968
    ]
   },
   "properties": {
    "candidate_id": 220,
    "vote_count": 10,
    "source_tile": "K-35-053-3_Elenovo_x2016_y672.png",
    "label": "mound"
   }
  },
  {
   "type": "Feature",
   "geometry": {
    "type": "Point",
    "coordinates": [
     429749.4512051418,
     4705484.289978243
    ]
   },
   "properties": {
    "candidate_id": 221,
    "vote_count": 10,
    "source_tile": "K-35-053-3_Elenovo_x2352_y0.png",
    "label": "mound"
   }
  },
  {
   "type": "Feature",
   "geometry": {
    "type": "Point",
    "coordinates": [
     430615.68318072986,
     4705344.349062555
    ]
   },
   "properties": {
    "candidate_id": 222,
    "vote_count": 6,
    "source_tile": "K-35-053-3_Elenovo_x2352_y0.png",
    "label": "mound"
   }
  },
  {
   "type": "Feature",
   "geometry": {
    "type": "Point",
    "coordinates": [
     430719.79539698747,
     4705417.939201157
    ]
   },
   "properties": {
    "candidate_id": 223,
    "vote_count": 6,
    "source_tile": "K-35-053-3_Elenovo_x2352_y0.png",
    "label": "mound"
   }
  },
  {
   "type": "Feature",
   "geometry": {
    "type": "Point",
    "coordinates": [
     429534.1383144249,
     4704638.145948242
    ]
   },
   "properties": {
    "candidate_id": 224,
    "vote_count": 10,
    "source_tile": "K-35-053-3_Elenovo_x2352_y0.png",
    "label": "mound"
   }
  },
  {
   "type": "Feature",
   "geometry": {
    "type": "Point",
    "coordinates": [
     430067.5428283923,
     4700030.629188598
    ]
   },
   "properties": {
    "candidate_id": 225,
    "vote_count": 10,
    "source_tile": "K-35-053-3_Elenovo_x2352_y1008.png",
    "label": "mound"
   }
  },
  {
   "type": "Feature",
   "geometry": {
    "type": "Point",
    "coordinates": [
     429938.2352671652,
     4698356.074277048
    ]
   },
   "properties": {
    "candidate_id": 226,
    "vote_count": 10,
    "source_tile": "K-35-053-3_Elenovo_x2352_y1344.png",
    "label": "mound"
   }
  },
  {
   "type": "Feature",
   "geometry": {
    "type": "Point",
    "coordinates": [
     430544.0452661356,
     4696506.495172297
    ]
   },
   "properties": {
    "candidate_id": 227,
    "vote_count": 10,
    "source_tile": "K-35-053-3_Elenovo_x2352_y1680.png",
    "label": "mound"
   }
  },
  {
   "type": "Feature",
   "geometry": {
    "type": "Point",
    "coordinates": [
     429984.38973476243,
     4689872.259308068
    ]
   },
   "properties": {
    "candidate_id": 228,
    "vote_count": 10,
    "source_tile": "K-35-053-3_Elenovo_x2352_y3024.png",
    "label": "mound"
   }
  },
  {
   "type": "Feature",
   "geometry": {
    "type": "Point",
    "coordinates": [
     430117.0599402049,
     4689615.079496604
    ]
   },
   "properties": {
    "candidate_id": 229,
    "vote_count": 10,
    "source_tile": "K-35-053-3_Elenovo_x2352_y3024.png",
    "label": "mound"
   }
  },
  {
   "type": "Feature",
   "geometry": {
    "type": "Point",
    "coordinates": [
     430218.4667643127,
     4689534.113812995
    ]
   },
   "properties": {
    "candidate_id": 230,
    "vote_count": 9,
    "source_tile": "K-35-053-3_Elenovo_x2352_y3024.png",
    "label": "mound"
   }
  },
  {
   "type": "Feature",
   "geometry": {
    "type": "Point",
    "coordinates": [
     430187.6471471934,
     4689400.386135284
    ]
   },
   "properties": {
    "candidate_id": 231,
    "vote_count": 10,
    "source_tile": "K-35-053-3_Elenovo_x2352_y3024.png",
    "label": "mound"
   }
  },
  {
   "type": "Feature",
   "geometry": {
    "type": "Point",
    "coordinates": [
     430096.62538652186,
     4703408.371901267
    ]
   },
   "properties": {
    "candidate_id": 232,
    "vote_count": 10,
    "source_tile": "K-35-053-3_Elenovo_x2352_y336.png",
    "label": "mound"
   }
  },
  {
   "type": "Feature",
   "geometry": {
    "type": "Point",
    "coordinates": [
     430862.0919505495,
     4702107.117939379
    ]
   },
   "properties": {
    "candidate_id": 233,
    "vote_count": 10,
    "source_tile": "K-35-053-3_Elenovo_x2352_y672.png",
    "label": "mound"
   }
  },
  {
   "type": "Feature",
   "geometry": {
    "type": "Point",
    "coordinates": [
     430331.62119299325,
     4701011.112688678
    ]
   },
   "properties": {
    "candidate_id": 234,
    "vote_count": 10,
    "source_tile": "K-35-053-3_Elenovo_x2352_y672.png",
    "label": "mound"
   }
  },
  {
   "type": "Feature",
   "geometry": {
    "type": "Point",
    "coordinates": [
     432418.214502692,
     4704924.189802081
    ]
   },
   "properties": {
    "candidate_id": 235,
    "vote_count": 10,
    "source_tile": "K-35-053-3_Elenovo_x2688_y0.png",
    "label": "mound"
   }
  },
  {
   "type": "Feature",
   "geometry": {
    "type": "Point",
    "coordinates": [
     431242.16564757517,
     4705131.474746115
    ]
   },
   "properties": {
    "candidate_id": 236,
    "vote_count": 10,
    "source_tile": "K-35-053-3_Elenovo_x2688_y0.png",
    "label": "mound"
   }
  },
  {
   "type": "Feature",
   "geometry": {
    "type": "Point",
    "coordinates": [
     431766.42200218164,
     4700453.903827449
    ]
   },
   "properties": {
    "candidate_id": 237,
    "vote_count": 10,
    "source_tile": "K-35-053-3_Elenovo_x2688_y1008.png",
    "label": "mound"
   }
  },
  {
   "type": "Feature",
   "geometry": {
    "type": "Point",
    "coordinates": [
     432757.248629607,
     4699537.350772974
    ]
   },
   "properties": {
    "candidate_id": 238,
    "vote_count": 10,
    "source_tile": "K-35-053-3_Elenovo_x2688_y1008.png",
    "label": "mound"
   }
  },
  {
   "type": "Feature",
   "geometry": {
    "type": "Point",
    "coordinates": [
     431990.1493307064,
     4696530.916385331
    ]
   },
   "properties": {
    "candidate_id": 239,
    "vote_count": 10,
    "source_tile": "K-35-053-3_Elenovo_x2688_y1680.png",
    "label": "mound"
   }
  },
  {
   "type": "Feature",
   "geometry": {
    "type": "Point",
    "coordinates": [
     432794.94123236305,
     4689915.459093415
    ]
   },
   "properties": {
    "candidate_id": 240,
    "vote_count": 10,
    "source_tile": "K-35-053-3_Elenovo_x2688_y3024.png",
    "label": "mound"
   }
  },
  {
   "type": "Feature",
   "geometry": {
    "type": "Point",
    "coordinates": [
     432255.3702519226,
     4702703.776008107
    ]
   },
   "properties": {
    "candidate_id": 241,
    "vote_count": 10,
    "source_tile": "K-35-053-3_Elenovo_x2688_y336.png",
    "label": "mound"
   }
  },
  {
   "type": "Feature",
   "geometry": {
    "type": "Point",
    "coordinates": [
     431098.07022232574,
     4700809.943105245
    ]
   },
   "properties": {
    "candidate_id": 242,
    "vote_count": 7,
    "source_tile": "K-35-053-3_Elenovo_x2688_y672.png",
    "label": "mound"
   }
  },
  {
   "type": "Feature",
   "geometry": {
    "type": "Point",
    "coordinates": [
     431776.19268002815,
     4700544.868766982
    ]
   },
   "properties": {
    "candidate_id": 243,
    "vote_count": 7,
    "source_tile": "K-35-053-3_Elenovo_x2688_y672.png",
    "label": "mound"
   }
  },
  {
   "type": "Feature",
   "geometry": {
    "type": "Point",
    "coordinates": [
     433595.0922117496,
     4705064.570821339
    ]
   },
   "properties": {
    "candidate_id": 244,
    "vote_count": 9,
    "source_tile": "K-35-053-3_Elenovo_x3024_y0.png",
    "label": "mound"
   }
  },
  {
   "type": "Feature",
   "geometry": {
    "type": "Point",
    "coordinates": [
     433354.0656447516,
     4700394.254220451
    ]
   },
   "properties": {
    "candidate_id": 245,
    "vote_count": 9,
    "source_tile": "K-35-053-3_Elenovo_x3024_y1008.png",
    "label": "mound"
   }
  },
  {
   "type": "Feature",
   "geometry": {
    "type": "Point",
    "coordinates": [
     432699.27329623775,
     4697156.58235436
    ]
   },
   "properties": {
    "candidate_id": 246,
    "vote_count": 7,
    "source_tile": "K-35-053-3_Elenovo_x3024_y1344.png",
    "label": "mound"
   }
  },
  {
   "type": "Feature",
   "geometry": {
    "type": "Point",
    "coordinates": [
     433056.2686413232,
     4696659.320931303
    ]
   },
   "properties": {
    "candidate_id": 247,
    "vote_count": 10,
    "source_tile": "K-35-053-3_Elenovo_x3024_y1680.png",
    "label": "mound"
   }
  },
  {
   "type": "Feature",
   "geometry": {
    "type": "Point",
    "coordinates": [
     434198.9917966115,
     4696320.875669121
    ]
   },
   "properties": {
    "candidate_id": 248,
    "vote_count": 10,
    "source_tile": "K-35-053-3_Elenovo_x3024_y1680.png",
    "label": "mound"
   }
  },
  {
   "type": "Feature",
   "geometry": {
    "type": "Point",
    "coordinates": [
     433876.18556543253,
     4695772.125886402
    ]
   },
   "properties": {
    "candidate_id": 249,
    "vote_count": 10,
    "source_tile": "K-35-053-3_Elenovo_x3024_y1680.png",
    "label": "mound"
   }
  },
  {
   "type": "Feature",
   "geometry": {
    "type": "Point",
    "coordinates": [
     433918.81875940587,
     4695320.202592946
    ]
   },
   "properties": {
    "candidate_id": 250,
    "vote_count": 10,
    "source_tile": "K-35-053-3_Elenovo_x3024_y2016.png",
    "label": "mound"
   }
  },
  {
   "type": "Feature",
   "geometry": {
    "type": "Point",
    "coordinates": [
     434116.0106911361,
     4695068.262120801
    ]
   },
   "properties": {
    "candidate_id": 251,
    "vote_count": 10,
    "source_tile": "K-35-053-3_Elenovo_x3024_y2016.png",
    "label": "mound"
   }
  },
  {
   "type": "Feature",
   "geometry": {
    "type": "Point",
    "coordinates": [
     433030.8637891649,
     4694333.552488475
    ]
   },
   "properties": {
    "candidate_id": 252,
    "vote_count": 10,
    "source_tile": "K-35-053-3_Elenovo_x3024_y2016.png",
    "label": "mound"
   }
  },
  {
   "type": "Feature",
   "geometry": {
    "type": "Point",
    "coordinates": [
     433028.8425353691,
     4693366.012979543
    ]
   },
   "properties": {
    "candidate_id": 253,
    "vote_count": 10,
    "source_tile": "K-35-053-3_Elenovo_x3024_y2352.png",
    "label": "mound"
   }
  },
  {
   "type": "Feature",
   "geometry": {
    "type": "Point",
    "coordinates": [
     433260.2098286267,
     4693138.486153081
    ]
   },
   "properties": {
    "candidate_id": 254,
    "vote_count": 10,
    "source_tile": "K-35-053-3_Elenovo_x3024_y2352.png",
    "label": "mound"
   }
  },
  {
   "type": "Feature",
   "geometry": {
    "type": "Point",
    "coordinates": [
     433471.550300188,
     4692413.554526428
    ]
   },
   "properties": {
    "candidate_id": 255,
    "vote_count": 10,
    "source_tile": "K-35-053-3_Elenovo_x3024_y2352.png",
    "label": "mound"
   }
  },
  {
   "type": "Feature",
   "geometry": {
    "type": "Point",
    "coordinates": [
     433709.31934496586,
     4691153.244821569
    ]
   },
   "properties": {
    "candidate_id": 256,
    "vote_count": 10,
    "source_tile": "K-35-053-3_Elenovo_x3024_y2688.png",
    "label": "mound"
   }
  },
  {
   "type": "Feature",
   "geometry": {
    "type": "Point",
    "coordinates": [
     433349.90175517095,
     4692235.703909825
    ]
   },
   "properties": {
    "candidate_id": 257,
    "vote_count": 10,
    "source_tile": "K-35-053-3_Elenovo_x3024_y2688.png",
    "label": "mound"
   }
  },
  {
   "type": "Feature",
   "geometry": {
    "type": "Point",
    "coordinates": [
     434265.6761860951,
     4703956.716265663
    ]
   },
   "properties": {
    "candidate_id": 258,
    "vote_count": 10,
    "source_tile": "K-35-053-3_Elenovo_x3024_y336.png",
    "label": "mound"
   }
  },
  {
   "type": "Feature",
   "geometry": {
    "type": "Point",
    "coordinates": [
     433049.27648910787,
     4703364.626798428
    ]
   },
   "properties": {
    "candidate_id": 259,
    "vote_count": 10,
    "source_tile": "K-35-053-3_Elenovo_x3024_y336.png",
    "label": "mound"
   }
  },
  {
   "type": "Feature",
   "geometry": {
    "type": "Point",
    "coordinates": [
     433003.2943638911,
     4702959.18290094
    ]
   },
   "properties": {
    "candidate_id": 260,
    "vote_count": 10,
    "source_tile": "K-35-053-3_Elenovo_x3024_y336.png",
    "label": "mound"
   }
  },
  {
   "type": "Feature",
   "geometry": {
    "type": "Point",
    "coordinates": [
     434468.76168713777,
     4702135.601385834
    ]
   },
   "properties": {
    "candidate_id": 261,
    "vote_count": 10,
    "source_tile": "K-35-053-3_Elenovo_x3024_y672.png",
    "label": "mound"
   }
  },
  {
   "type": "Feature",
   "geometry": {
    "type": "Point",
    "coordinates": [
     434581.67021080793,
     4704801.936920425
    ]
   },
   "properties": {
    "candidate_id": 262,
    "vote_count": 10,
    "source_tile": "K-35-053-3_Elenovo_x3360_y0.png",
    "label": "mound"
   }
  },
  {
   "type": "Feature",
   "geometry": {
    "type": "Point",
    "coordinates": [
     435529.91210481746,
     4704829.747268854
    ]
   },
   "properties": {
    "candidate_id": 263,
    "vote_count": 10,
    "source_tile": "K-35-053-3_Elenovo_x3360_y0.png",
    "label": "mound"
   }
  },
  {
   "type": "Feature",
   "geometry": {
    "type": "Point",
    "coordinates": [
     436035.46781132487,
     4704423.204020734
    ]
   },
   "properties": {
    "candidate_id": 264,
    "vote_count": 10,
    "source_tile": "K-35-053-3_Elenovo_x3360_y0.png",
    "label": "mound"
   }
  },
  {
   "type": "Feature",
   "geometry": {
    "type": "Point",
    "coordinates": [
     435986.2392707157,
     4700365.507361989
    ]
   },
   "properties": {
    "candidate_id": 265,
    "vote_count": 10,
    "source_tile": "K-35-053-3_Elenovo_x3360_y1008.png",
    "label": "mound"
   }
  },
  {
   "type": "Feature",
   "geometry": {
    "type": "Point",
    "coordinates": [
     435773.364657192,
     4698044.343345676
    ]
   },
   "properties": {
    "candidate_id": 266,
    "vote_count": 10,
    "source_tile": "K-35-053-3_Elenovo_x3360_y1344.png",
    "label": "mound"
   }
  },
  {
   "type": "Feature",
   "geometry": {
    "type": "Point",
    "coordinates": [
     434543.9529595687,
     4697061.766975979
    ]
   },
   "properties": {
    "candidate_id": 267,
    "vote_count": 10,
    "source_tile": "K-35-053-3_Elenovo_x3024_y1680.png",
    "label": "mound"
   }
  },
  {
   "type": "Feature",
   "geometry": {
    "type": "Point",
    "coordinates": [
     435208.6483608671,
     4696405.054896598
    ]
   },
   "properties": {
    "candidate_id": 268,
    "vote_count": 10,
    "source_tile": "K-35-053-3_Elenovo_x3360_y1680.png",
    "label": "mound"
   }
  },
  {
   "type": "Feature",
   "geometry": {
    "type": "Point",
    "coordinates": [
     435796.78646554495,
     4696403.513333161
    ]
   },
   "properties": {
    "candidate_id": 269,
    "vote_count": 10,
    "source_tile": "K-35-053-3_Elenovo_x3360_y1680.png",
    "label": "mound"
   }
  },
  {
   "type": "Feature",
   "geometry": {
    "type": "Point",
    "coordinates": [
     435003.5409383205,
     4695699.587173149
    ]
   },
   "properties": {
    "candidate_id": 270,
    "vote_count": 9,
    "source_tile": "K-35-053-3_Elenovo_x3360_y1680.png",
    "label": "mound"
   }
  },
  {
   "type": "Feature",
   "geometry": {
    "type": "Point",
    "coordinates": [
     435400.5254828891,
     4695460.819892609
    ]
   },
   "properties": {
    "candidate_id": 271,
    "vote_count": 10,
    "source_tile": "K-35-053-3_Elenovo_x3360_y1680.png",
    "label": "mound"
   }
  },
  {
   "type": "Feature",
   "geometry": {
    "type": "Point",
    "coordinates": [
     434622.91982386855,
     4694693.493516074
    ]
   },
   "properties": {
    "candidate_id": 272,
    "vote_count": 10,
    "source_tile": "K-35-053-3_Elenovo_x3360_y2016.png",
    "label": "mound"
   }
  },
  {
   "type": "Feature",
   "geometry": {
    "type": "Point",
    "coordinates": [
     435937.7305400029,
     4694580.159471298
    ]
   },
   "properties": {
    "candidate_id": 273,
    "vote_count": 10,
    "source_tile": "K-35-053-3_Elenovo_x3360_y2016.png",
    "label": "mound"
   }
  },
  {
   "type": "Feature",
   "geometry": {
    "type": "Point",
    "coordinates": [
     434664.9067826471,
     4692650.499608145
    ]
   },
   "properties": {
    "candidate_id": 274,
    "vote_count": 7,
    "source_tile": "K-35-053-3_Elenovo_x3360_y2352.png",
    "label": "mound"
   }
  },
  {
   "type": "Feature",
   "geometry": {
    "type": "Point",
    "coordinates": [
     435588.8170586036,
     4692726.772507056
    ]
   },
   "properties": {
    "candidate_id": 275,
    "vote_count": 10,
    "source_tile": "K-35-053-3_Elenovo_x3360_y2352.png",
    "label": "mound"
   }
  },
  {
   "type": "Feature",
   "geometry": {
    "type": "Point",
    "coordinates": [
     435022.4324590537,
     4691699.830004169
    ]
   },
   "properties": {
    "candidate_id": 276,
    "vote_count": 6,
    "source_tile": "K-35-053-3_Elenovo_x3360_y2688.png",
    "label": "mound"
   }
  },
  {
   "type": "Feature",
   "geometry": {
    "type": "Point",
    "coordinates": [
     435048.03120839654,
     4703554.937962259
    ]
   },
   "properties": {
    "candidate_id": 277,
    "vote_count": 10,
    "source_tile": "K-35-053-3_Elenovo_x3360_y336.png",
    "label": "mound"
   }
  },
  {
   "type": "Feature",
   "geometry": {
    "type": "Point",
    "coordinates": [
     435598.2456828324,
     4703490.645226624
    ]
   },
   "properties": {
    "candidate_id": 278,
    "vote_count": 10,
    "source_tile": "K-35-053-3_Elenovo_x3360_y336.png",
    "label": "mound"
   }
  },
  {
   "type": "Feature",
   "geometry": {
    "type": "Point",
    "coordinates": [
     436045.83563126606,
     4703456.875521281
    ]
   },
   "properties": {
    "candidate_id": 279,
    "vote_count": 10,
    "source_tile": "K-35-053-3_Elenovo_x3360_y336.png",
    "label": "mound"
   }
  },
  {
   "type": "Feature",
   "geometry": {
    "type": "Point",
    "coordinates": [
     420842.13167019986,
     4704078.442431852
    ]
   },
   "properties": {
    "candidate_id": 280,
    "vote_count": 10,
    "source_tile": "K-35-053-3_Elenovo_x336_y0.png",
    "label": "mound"
   }
  },
  {
   "type": "Feature",
   "geometry": {
    "type": "Point",
    "coordinates": [
     419877.7139227446,
     4699088.3679130785
    ]
   },
   "properties": {
    "candidate_id": 281,
    "vote_count": 9,
    "source_tile": "K-35-053-3_Elenovo_x336_y1008.png",
    "label": "mound"
   }
  },
  {
   "type": "Feature",
   "geometry": {
    "type": "Point",
    "coordinates": [
     420221.6508762012,
     4698147.029138189
    ]
   },
   "properties": {
    "candidate_id": 282,
    "vote_count": 9,
    "source_tile": "K-35-053-3_Elenovo_x336_y1344.png",
    "label": "mound"
   }
  },
  {
   "type": "Feature",
   "geometry": {
    "type": "Point",
    "coordinates": [
     420628.52824465773,
     4696385.64833988
    ]
   },
   "properties": {
    "candidate_id": 283,
    "vote_count": 10,
    "source_tile": "K-35-053-3_Elenovo_x336_y1680.png",
    "label": "mound"
   }
  },
  {
   "type": "Feature",
   "geometry": {
    "type": "Point",
    "coordinates": [
     421003.3363340824,
     4695051.881688313
    ]
   },
   "properties": {
    "candidate_id": 284,
    "vote_count": 10,
    "source_tile": "K-35-053-3_Elenovo_x336_y2016.png",
    "label": "mound"
   }
  },
  {
   "type": "Feature",
   "geometry": {
    "type": "Point",
    "coordinates": [
     421025.3269382706,
     4694572.331676895
    ]
   },
   "properties": {
    "candidate_id": 285,
    "vote_count": 10,
    "source_tile": "K-35-053-3_Elenovo_x336_y2016.png",
    "label": "mound"
   }
  },
  {
   "type": "Feature",
   "geometry": {
    "type": "Point",
    "coordinates": [
     420505.2245986563,
     4693559.431195638
    ]
   },
   "properties": {
    "candidate_id": 286,
    "vote_count": 10,
    "source_tile": "K-35-053-3_Elenovo_x336_y2352.png",
    "label": "mound"
   }
  },
  {
   "type": "Feature",
   "geometry": {
    "type": "Point",
    "coordinates": [
     420955.5842948698,
     4693521.233738737
    ]
   },
   "properties": {
    "candidate_id": 287,
    "vote_count": 10,
    "source_tile": "K-35-053-3_Elenovo_x336_y2352.png",
    "label": "mound"
   }
  },
  {
   "type": "Feature",
   "geometry": {
    "type": "Point",
    "coordinates": [
     421064.4095001284,
     4692893.449627643
    ]
   },
   "properties": {
    "candidate_id": 288,
    "vote_count": 10,
    "source_tile": "K-35-053-3_Elenovo_x336_y2352.png",
    "label": "mound"
   }
  },
  {
   "type": "Feature",
   "geometry": {
    "type": "Point",
    "coordinates": [
     419838.63561470184,
     4692478.947375392
    ]
   },
   "properties": {
    "candidate_id": 289,
    "vote_count": 7,
    "source_tile": "K-35-053-3_Elenovo_x336_y2352.png",
    "label": "mound"
   }
  },
  {
   "type": "Feature",
   "geometry": {
    "type": "Point",
    "coordinates": [
     420668.5670099702,
     4690830.141192957
    ]
   },
   "properties": {
    "candidate_id": 290,
    "vote_count": 10,
    "source_tile": "K-35-053-3_Elenovo_x336_y2688.png",
    "label": "mound"
   }
  },
  {
   "type": "Feature",
   "geometry": {
    "type": "Point",
    "coordinates": [
     421004.0985647443,
     4691467.114755888
    ]
   },
   "properties": {
    "candidate_id": 291,
    "vote_count": 10,
    "source_tile": "K-35-053-3_Elenovo_x336_y2688.png",
    "label": "mound"
   }
  },
  {
   "type": "Feature",
   "geometry": {
    "type": "Point",
    "coordinates": [
     420834.4842144784,
     4689866.445605623
    ]
   },
   "properties": {
    "candidate_id": 292,
    "vote_count": 10,
    "source_tile": "K-35-053-3_Elenovo_x336_y3024.png",
    "label": "mound"
   }
  },
  {
   "type": "Feature",
   "geometry": {
    "type": "Point",
    "coordinates": [
     419879.5233703477,
     4703521.173958356
    ]
   },
   "properties": {
    "candidate_id": 293,
    "vote_count": 10,
    "source_tile": "K-35-053-3_Elenovo_x336_y336.png",
    "label": "mound"
   }
  },
  {
   "type": "Feature",
   "geometry": {
    "type": "Point",
    "coordinates": [
     420078.7928082454,
     4702919.194664294
    ]
   },
   "properties": {
    "candidate_id": 294,
    "vote_count": 10,
    "source_tile": "K-35-053-3_Elenovo_x336_y336.png",
    "label": "mound"
   }
  },
  {
   "type": "Feature",
   "geometry": {
    "type": "Point",
    "coordinates": [
     420589.63125215855,
     4702570.64698828
    ]
   },
   "properties": {
    "candidate_id": 295,
    "vote_count": 6,
    "source_tile": "K-35-053-3_Elenovo_x336_y336.png",
    "label": "mound"
   }
  },
  {
   "type": "Feature",
   "geometry": {
    "type": "Point",
    "coordinates": [
     420459.2750948541,
     4688013.251142089
    ]
   },
   "properties": {
    "candidate_id": 296,
    "vote_count": 10,
    "source_tile": "K-35-053-3_Elenovo_x336_y3360.png",
    "label": "mound"
   }
  },
  {
   "type": "Feature",
   "geometry": {
    "type": "Point",
    "coordinates": [
     420720.17568408785,
     4701317.809218986
    ]
   },
   "properties": {
    "candidate_id": 297,
    "vote_count": 9,
    "source_tile": "K-35-053-3_Elenovo_x336_y672.png",
    "label": "mound"
   }
  },
  {
   "type": "Feature",
   "geometry": {
    "type": "Point",
    "coordinates": [
     436674.2134996182,
     4699739.474405387
    ]
   },
   "properties": {
    "candidate_id": 298,
    "vote_count": 10,
    "source_tile": "K-35-053-3_Elenovo_x3696_y1008.png",
    "label": "mound"
   }
  },
  {
   "type": "Feature",
   "geometry": {
    "type": "Point",
    "coordinates": [
     437604.94651958864,
     4697898.1493315175
    ]
   },
   "properties": {
    "candidate_id": 299,
    "vote_count": 8,
    "source_tile": "K-35-053-3_Elenovo_x3696_y1344.png",
    "label": "mound"
   }
  },
  {
   "type": "Feature",
   "geometry": {
    "type": "Point",
    "coordinates": [
     436224.53370747046,
     4695515.77294526
    ]
   },
   "properties": {
    "candidate_id": 300,
    "vote_count": 9,
    "source_tile": "K-35-053-3_Elenovo_x3696_y1680.png",
    "label": "mound"
   }
  },
  {
   "type": "Feature",
   "geometry": {
    "type": "Point",
    "coordinates": [
     436638.90590230987,
     4695392.074045846
    ]
   },
   "properties": {
    "candidate_id": 301,
    "vote_count": 8,
    "source_tile": "K-35-053-3_Elenovo_x3696_y2016.png",
    "label": "mound"
   }
  },
  {
   "type": "Feature",
   "geometry": {
    "type": "Point",
    "coordinates": [
     436408.35500105453,
     4693649.401022333
    ]
   },
   "properties": {
    "candidate_id": 302,
    "vote_count": 10,
    "source_tile": "K-35-053-3_Elenovo_x3696_y2352.png",
    "label": "mound"
   }
  },
  {
   "type": "Feature",
   "geometry": {
    "type": "Point",
    "coordinates": [
     436715.23603448214,
     4693387.101975824
    ]
   },
   "properties": {
    "candidate_id": 303,
    "vote_count": 10,
    "source_tile": "K-35-053-3_Elenovo_x3696_y2352.png",
    "label": "mound"
   }
  },
  {
   "type": "Feature",
   "geometry": {
    "type": "Point",
    "coordinates": [
     437594.77075787896,
     4693569.088768592
    ]
   },
   "properties": {
    "candidate_id": 304,
    "vote_count": 10,
    "source_tile": "K-35-053-3_Elenovo_x3696_y2352.png",
    "label": "mound"
   }
  },
  {
   "type": "Feature",
   "geometry": {
    "type": "Point",
    "coordinates": [
     437869.41659461294,
     4693416.509382297
    ]
   },
   "properties": {
    "candidate_id": 305,
    "vote_count": 10,
    "source_tile": "K-35-053-3_Elenovo_x3696_y2352.png",
    "label": "mound"
   }
  },
  {
   "type": "Feature",
   "geometry": {
    "type": "Point",
    "coordinates": [
     437126.9545607391,
     4692449.268152398
    ]
   },
   "properties": {
    "candidate_id": 306,
    "vote_count": 10,
    "source_tile": "K-35-053-3_Elenovo_x3696_y2352.png",
    "label": "mound"
   }
  },
  {
   "type": "Feature",
   "geometry": {
    "type": "Point",
    "coordinates": [
     436776.09522945713,
     4692761.5826135315
    ]
   },
   "properties": {
    "candidate_id": 307,
    "vote_count": 10,
    "source_tile": "K-35-053-3_Elenovo_x3696_y2352.png",
    "label": "mound"
   }
  },
  {
   "type": "Feature",
   "geometry": {
    "type": "Point",
    "coordinates": [
     436501.1754660782,
     4691423.632683896
    ]
   },
   "properties": {
    "candidate_id": 308,
    "vote_count": 10,
    "source_tile": "K-35-053-3_Elenovo_x3696_y2688.png",
    "label": "mound"
   }
  },
  {
   "type": "Feature",
   "geometry": {
    "type": "Point",
    "coordinates": [
     436842.44922498293,
     4691156.0331758
    ]
   },
   "properties": {
    "candidate_id": 309,
    "vote_count": 10,
    "source_tile": "K-35-053-3_Elenovo_x3696_y2688.png",
    "label": "mound"
   }
  },
  {
   "type": "Feature",
   "geometry": {
    "type": "Point",
    "coordinates": [
     436882.2939639779,
     4691008.870977713
    ]
   },
   "properties": {
    "candidate_id": 310,
    "vote_count": 10,
    "source_tile": "K-35-053-3_Elenovo_x3696_y2688.png",
    "label": "mound"
   }
  },
  {
   "type": "Feature",
   "geometry": {
    "type": "Point",
    "coordinates": [
     437228.4781816811,
     4691441.058032593
    ]
   },
   "properties": {
    "candidate_id": 311,
    "vote_count": 10,
    "source_tile": "K-35-053-3_Elenovo_x3696_y2688.png",
    "label": "mound"
   }
  },
  {
   "type": "Feature",
   "geometry": {
    "type": "Point",
    "coordinates": [
     437491.1717475501,
     4690937.224076052
    ]
   },
   "properties": {
    "candidate_id": 312,
    "vote_count": 8,
    "source_tile": "K-35-053-3_Elenovo_x3696_y2688.png",
    "label": "mound"
   }
  },
  {
   "type": "Feature",
   "geometry": {
    "type": "Point",
    "coordinates": [
     436357.11532726424,
     4690458.395620821
    ]
   },
   "properties": {
    "candidate_id": 313,
    "vote_count": 10,
    "source_tile": "K-35-053-3_Elenovo_x3696_y2688.png",
    "label": "mound"
   }
  },
  {
   "type": "Feature",
   "geometry": {
    "type": "Point",
    "coordinates": [
     437383.10033520125,
     4689929.783782626
    ]
   },
   "properties": {
    "candidate_id": 314,
    "vote_count": 10,
    "source_tile": "K-35-053-3_Elenovo_x3696_y3024.png",
    "label": "mound"
   }
  },
  {
   "type": "Feature",
   "geometry": {
    "type": "Point",
    "coordinates": [
     437674.5498117937,
     4690353.820754653
    ]
   },
   "properties": {
    "candidate_id": 315,
    "vote_count": 10,
    "source_tile": "K-35-053-3_Elenovo_x3696_y3024.png",
    "label": "mound"
   }
  },
  {
   "type": "Feature",
   "geometry": {
    "type": "Point",
    "coordinates": [
     437596.07364441745,
     4689014.311413875
    ]
   },
   "properties": {
    "candidate_id": 316,
    "vote_count": 10,
    "source_tile": "K-35-053-3_Elenovo_x3696_y3024.png",
    "label": "mound"
   }
  },
  {
   "type": "Feature",
   "geometry": {
    "type": "Point",
    "coordinates": [
     437685.17857110285,
     4689077.147128803
    ]
   },
   "properties": {
    "candidate_id": 317,
    "vote_count": 6,
    "source_tile": "K-35-053-3_Elenovo_x3696_y3024.png",
    "label": "mound"
   }
  },
  {
   "type": "Feature",
   "geometry": {
    "type": "Point",
    "coordinates": [
     437642.21754194074,
     4688942.276192343
    ]
   },
   "properties": {
    "candidate_id": 318,
    "vote_count": 10,
    "source_tile": "K-35-053-3_Elenovo_x3696_y3024.png",
    "label": "mound"
   }
  },
  {
   "type": "Feature",
   "geometry": {
    "type": "Point",
    "coordinates": [
     436357.83903300844,
     4703562.403967073
    ]
   },
   "properties": {
    "candidate_id": 319,
    "vote_count": 10,
    "source_tile": "K-35-053-3_Elenovo_x3696_y336.png",
    "label": "mound"
   }
  },
  {
   "type": "Feature",
   "geometry": {
    "type": "Point",
    "coordinates": [
     437439.351647113,
     4688602.0652778195
    ]
   },
   "properties": {
    "candidate_id": 320,
    "vote_count": 10,
    "source_tile": "K-35-053-3_Elenovo_x3696_y3360.png",
    "label": "mound"
   }
  },
  {
   "type": "Feature",
   "geometry": {
    "type": "Point",
    "coordinates": [
     437832.5330971759,
     4687127.328238474
    ]
   },
   "properties": {
    "candidate_id": 321,
    "vote_count": 6,
    "source_tile": "K-35-053-3_Elenovo_x3696_y3696.png",
    "label": "mound"
   }
  },
  {
   "type": "Feature",
   "geometry": {
    "type": "Point",
    "coordinates": [
     437012.4483908867,
     4701695.184052302
    ]
   },
   "properties": {
    "candidate_id": 322,
    "vote_count": 9,
    "source_tile": "K-35-053-3_Elenovo_x3696_y672.png",
    "label": "mound"
   }
  },
  {
   "type": "Feature",
   "geometry": {
    "type": "Point",
    "coordinates": [
     437834.705011247,
     4705095.424054779
    ]
   },
   "properties": {
    "candidate_id": 323,
    "vote_count": 10,
    "source_tile": "K-35-053-3_Elenovo_x4032_y0.png",
    "label": "mound"
   }
  },
  {
   "type": "Feature",
   "geometry": {
    "type": "Point",
    "coordinates": [
     438010.82107283187,
     4700194.097880992
    ]
   },
   "properties": {
    "candidate_id": 324,
    "vote_count": 6,
    "source_tile": "K-35-053-3_Elenovo_x4032_y1008.png",
    "label": "mound"
   }
  },
  {
   "type": "Feature",
   "geometry": {
    "type": "Point",
    "coordinates": [
     437866.14379975223,
     4698204.42036289
    ]
   },
   "properties": {
    "candidate_id": 325,
    "vote_count": 8,
    "source_tile": "K-35-053-3_Elenovo_x4032_y1344.png",
    "label": "mound"
   }
  },
  {
   "type": "Feature",
   "geometry": {
    "type": "Point",
    "coordinates": [
     438023.9154355837,
     4695727.565957849
    ]
   },
   "properties": {
    "candidate_id": 326,
    "vote_count": 10,
    "source_tile": "K-35-053-3_Elenovo_x4032_y1680.png",
    "label": "mound"
   }
  },
  {
   "type": "Feature",
   "geometry": {
    "type": "Point",
    "coordinates": [
     438104.7866014886,
     4695548.841943192
    ]
   },
   "properties": {
    "candidate_id": 327,
    "vote_count": 10,
    "source_tile": "K-35-053-3_Elenovo_x4032_y2016.png",
    "label": "mound"
   }
  },
  {
   "type": "Feature",
   "geometry": {
    "type": "Point",
    "coordinates": [
     438130.8571103548,
     4695128.633817553
    ]
   },
   "properties": {
    "candidate_id": 328,
    "vote_count": 9,
    "source_tile": "K-35-053-3_Elenovo_x4032_y2016.png",
    "label": "mound"
   }
  },
  {
   "type": "Feature",
   "geometry": {
    "type": "Point",
    "coordinates": [
     438030.0613941402,
     4694805.604450375
    ]
   },
   "properties": {
    "candidate_id": 329,
    "vote_count": 10,
    "source_tile": "K-35-053-3_Elenovo_x4032_y2016.png",
    "label": "mound"
   }
  },
  {
   "type": "Feature",
   "geometry": {
    "type": "Point",
    "coordinates": [
     438063.7325592245,
     4694732.4597326415
    ]
   },
   "properties": {
    "candidate_id": 330,
    "vote_count": 10,
    "source_tile": "K-35-053-3_Elenovo_x4032_y2016.png",
    "label": "mound"
   }
  },
  {
   "type": "Feature",
   "geometry": {
    "type": "Point",
    "coordinates": [
     437803.25881562213,
     4693030.434879488
    ]
   },
   "properties": {
    "candidate_id": 331,
    "vote_count": 8,
    "source_tile": "K-35-053-3_Elenovo_x4032_y2352.png",
    "label": "mound"
   }
  },
  {
   "type": "Feature",
   "geometry": {
    "type": "Point",
    "coordinates": [
     437821.25873518025,
     4691637.536948989
    ]
   },
   "properties": {
    "candidate_id": 332,
    "vote_count": 10,
    "source_tile": "K-35-053-3_Elenovo_x4032_y2688.png",
    "label": "mound"
   }
  },
  {
   "type": "Feature",
   "geometry": {
    "type": "Point",
    "coordinates": [
     437870.1019332727,
     4689885.802633144
    ]
   },
   "properties": {
    "candidate_id": 333,
    "vote_count": 10,
    "source_tile": "K-35-053-3_Elenovo_x4032_y3024.png",
    "label": "mound"
   }
  },
  {
   "type": "Feature",
   "geometry": {
    "type": "Point",
    "coordinates": [
     438069.05615069735,
     4689380.338473285
    ]
   },
   "properties": {
    "candidate_id": 334,
    "vote_count": 9,
    "source_tile": "K-35-053-3_Elenovo_x4032_y3024.png",
    "label": "mound"
   }
  },
  {
   "type": "Feature",
   "geometry": {
    "type": "Point",
    "coordinates": [
     438046.04724498844,
     4689330.460532208
    ]
   },
   "properties": {
    "candidate_id": 335,
    "vote_count": 9,
    "source_tile": "K-35-053-3_Elenovo_x4032_y3024.png",
    "label": "mound"
   }
  },
  {
   "type": "Feature",
   "geometry": {
    "type": "Point",
    "coordinates": [
     437943.49751231266,
     4689125.268289813
    ]
   },
   "properties": {
    "candidate_id": 336,
    "vote_count": 9,
    "source_tile": "K-35-053-3_Elenovo_x4032_y3024.png",
    "label": "mound"
   }
  },
  {
   "type": "Feature",
   "geometry": {
    "type": "Point",
    "coordinates": [
     437989.6119465133,
     4689058.898969508
    ]
   },
   "properties": {
    "candidate_id": 337,
    "vote_count": 10,
    "source_tile": "K-35-053-3_Elenovo_x4032_y3024.png",
    "label": "mound"
   }
  },
  {
   "type": "Feature",
   "geometry": {
    "type": "Point",
    "coordinates": [
     438068.7426060581,
     4689074.744606262
    ]
   },
   "properties": {
    "candidate_id": 338,
    "vote_count": 10,
    "source_tile": "K-35-053-3_Elenovo_x4032_y3024.png",
    "label": "mound"
   }
  },
  {
   "type": "Feature",
   "geometry": {
    "type": "Point",
    "coordinates": [
     437928.9988304241,
     4703243.968806212
    ]
   },
   "properties": {
    "candidate_id": 339,
    "vote_count": 10,
    "source_tile": "K-35-053-3_Elenovo_x4032_y336.png",
    "label": "mound"
   }
  },
  {
   "type": "Feature",
   "geometry": {
    "type": "Point",
    "coordinates": [
     437806.0146790894,
     4688307.417732207
    ]
   },
   "properties": {
    "candidate_id": 340,
    "vote_count": 10,
    "source_tile": "K-35-053-3_Elenovo_x4032_y3360.png",
    "label": "mound"
   }
  },
  {
   "type": "Feature",
   "geometry": {
    "type": "Point",
    "coordinates": [
     438172.7008988533,
     4702156.423985079
    ]
   },
   "properties": {
    "candidate_id": 341,
    "vote_count": 6,
    "source_tile": "K-35-053-3_Elenovo_x4032_y672.png",
    "label": "mound"
   }
  },
  {
   "type": "Feature",
   "geometry": {
    "type": "Point",
    "coordinates": [
     421260.15350406547,
     4705312.293121222
    ]
   },
   "properties": {
    "candidate_id": 342,
    "vote_count": 10,
    "source_tile": "K-35-053-3_Elenovo_x672_y0.png",
    "label": "mound"
   }
  },
  {
   "type": "Feature",
   "geometry": {
    "type": "Point",
    "coordinates": [
     421886.8613019505,
     4704203.476225691
    ]
   },
   "properties": {
    "candidate_id": 343,
    "vote_count": 10,
    "source_tile": "K-35-053-3_Elenovo_x672_y0.png",
    "label": "mound"
   }
  },
  {
   "type": "Feature",
   "geometry": {
    "type": "Point",
    "coordinates": [
     422268.843543423,
     4703976.76644466
    ]
   },
   "properties": {
    "candidate_id": 344,
    "vote_count": 10,
    "source_tile": "K-35-053-3_Elenovo_x672_y0.png",
    "label": "mound"
   }
  },
  {
   "type": "Feature",
   "geometry": {
    "type": "Point",
    "coordinates": [
     421876.4616221467,
     4694739.676034841
    ]
   },
   "properties": {
    "candidate_id": 345,
    "vote_count": 10,
    "source_tile": "K-35-053-3_Elenovo_x672_y2016.png",
    "label": "mound"
   }
  },
  {
   "type": "Feature",
   "geometry": {
    "type": "Point",
    "coordinates": [
     421397.09068384673,
     4693815.654288913
    ]
   },
   "properties": {
    "candidate_id": 346,
    "vote_count": 10,
    "source_tile": "K-35-053-3_Elenovo_x672_y2016.png",
    "label": "mound"
   }
  },
  {
   "type": "Feature",
   "geometry": {
    "type": "Point",
    "coordinates": [
     421269.40388498397,
     4695247.441746585
    ]
   },
   "properties": {
    "candidate_id": 347,
    "vote_count": 8,
    "source_tile": "K-35-053-3_Elenovo_x672_y2016.png",
    "label": "mound"
   }
  },
  {
   "type": "Feature",
   "geometry": {
    "type": "Point",
    "coordinates": [
     421979.8770370042,
     4693629.00299683
    ]
   },
   "properties": {
    "candidate_id": 348,
    "vote_count": 10,
    "source_tile": "K-35-053-3_Elenovo_x672_y2352.png",
    "label": "mound"
   }
  },
  {
   "type": "Feature",
   "geometry": {
    "type": "Point",
    "coordinates": [
     421836.1018448999,
     4693588.186479116
    ]
   },
   "properties": {
    "candidate_id": 349,
    "vote_count": 8,
    "source_tile": "K-35-053-3_Elenovo_x672_y2352.png",
    "label": "mound"
   }
  },
  {
   "type": "Feature",
   "geometry": {
    "type": "Point",
    "coordinates": [
     421660.53794623166,
     4693355.276122344
    ]
   },
   "properties": {
    "candidate_id": 350,
    "vote_count": 10,
    "source_tile": "K-35-053-3_Elenovo_x672_y2352.png",
    "label": "mound"
   }
  },
  {
   "type": "Feature",
   "geometry": {
    "type": "Point",
    "coordinates": [
     421587.0868650483,
     4693265.480865933
    ]
   },
   "properties": {
    "candidate_id": 351,
    "vote_count": 10,
    "source_tile": "K-35-053-3_Elenovo_x672_y2352.png",
    "label": "mound"
   }
  },
  {
   "type": "Feature",
   "geometry": {
    "type": "Point",
    "coordinates": [
     421544.2399492992,
     4693188.669255923
    ]
   },
   "properties": {
    "candidate_id": 352,
    "vote_count": 9,
    "source_tile": "K-35-053-3_Elenovo_x672_y2352.png",
    "label": "mound"
   }
  },
  {
   "type": "Feature",
   "geometry": {
    "type": "Point",
    "coordinates": [
     421590.7788677209,
     4693359.833487676
    ]
   },
   "properties": {
    "candidate_id": 353,
    "vote_count": 8,
    "source_tile": "K-35-053-3_Elenovo_x672_y2352.png",
    "label": "mound"
   }
  },
  {
   "type": "Feature",
   "geometry": {
    "type": "Point",
    "coordinates": [
     421464.6300971645,
     4693203.221936285
    ]
   },
   "properties": {
    "candidate_id": 354,
    "vote_count": 10,
    "source_tile": "K-35-053-3_Elenovo_x672_y2352.png",
    "label": "mound"
   }
  },
  {
   "type": "Feature",
   "geometry": {
    "type": "Point",
    "coordinates": [
     422511.0005264091,
     4691606.62933221
    ]
   },
   "properties": {
    "candidate_id": 355,
    "vote_count": 10,
    "source_tile": "K-35-053-3_Elenovo_x672_y2688.png",
    "label": "mound"
   }
  },
  {
   "type": "Feature",
   "geometry": {
    "type": "Point",
    "coordinates": [
     421116.2203096128,
     4690002.413590712
    ]
   },
   "properties": {
    "candidate_id": 356,
    "vote_count": 10,
    "source_tile": "K-35-053-3_Elenovo_x672_y3024.png",
    "label": "mound"
   }
  },
  {
   "type": "Feature",
   "geometry": {
    "type": "Point",
    "coordinates": [
     422141.4821628166,
     4703215.250763561
    ]
   },
   "properties": {
    "candidate_id": 357,
    "vote_count": 10,
    "source_tile": "K-35-053-3_Elenovo_x672_y336.png",
    "label": "mound"
   }
  },
  {
   "type": "Feature",
   "geometry": {
    "type": "Point",
    "coordinates": [
     421760.6496175642,
     4702793.17907535
    ]
   },
   "properties": {
    "candidate_id": 358,
    "vote_count": 10,
    "source_tile": "K-35-053-3_Elenovo_x672_y336.png",
    "label": "mound"
   }
  },
  {
   "type": "Feature",
   "geometry": {
    "type": "Point",
    "coordinates": [
     421538.62176817213,
     4687564.6519621825
    ]
   },
   "properties": {
    "candidate_id": 359,
    "vote_count": 8,
    "source_tile": "K-35-053-3_Elenovo_x672_y3360.png",
    "label": "mound"
   }
  },
  {
   "type": "Feature",
   "geometry": {
    "type": "Point",
    "coordinates": [
     422041.97298056306,
     4687196.343317184
    ]
   },
   "properties": {
    "candidate_id": 360,
    "vote_count": 7,
    "source_tile": "K-35-053-3_Elenovo_x672_y3696.png",
    "label": "mound"
   }
  },
  {
   "type": "Feature",
   "geometry": {
    "type": "Point",
    "coordinates": [
     422573.71438916354,
     4701399.496847053
    ]
   },
   "properties": {
    "candidate_id": 361,
    "vote_count": 9,
    "source_tile": "K-35-053-3_Elenovo_x672_y672.png",
    "label": "mound"
   }
  },
  {
   "type": "Feature",
   "geometry": {
    "type": "Point",
    "coordinates": [
     421385.70645709697,
     4700664.837664074
    ]
   },
   "properties": {
    "candidate_id": 362,
    "vote_count": 7,
    "source_tile": "K-35-053-3_Elenovo_x672_y672.png",
    "label": "mound"
   }
  },
  {
   "type": "Feature",
   "geometry": {
    "type": "Point",
    "coordinates": [
     314519.61609897215,
     4688055.199953459
    ]
   },
   "properties": {
    "candidate_id": 363,
    "vote_count": 8,
    "source_tile": "K-35-062-2_Rakovski_x0_y0.png",
    "label": "mound"
   }
  },
  {
   "type": "Feature",
   "geometry": {
    "type": "Point",
    "coordinates": [
     315473.76416886295,
     4683637.561310934
    ]
   },
   "properties": {
    "candidate_id": 364,
    "vote_count": 10,
    "source_tile": "K-35-062-2_Rakovski_x0_y1008.png",
    "label": "mound"
   }
  },
  {
   "type": "Feature",
   "geometry": {
    "type": "Point",
    "coordinates": [
     315255.80422478984,
     4682384.868822681
    ]
   },
   "properties": {
    "candidate_id": 365,
    "vote_count": 10,
    "source_tile": "K-35-062-2_Rakovski_x0_y1008.png",
    "label": "mound"
   }
  },
  {
   "type": "Feature",
   "geometry": {
    "type": "Point",
    "coordinates": [
     315749.9781281923,
     4682174.202398636
    ]
   },
   "properties": {
    "candidate_id": 366,
    "vote_count": 10,
    "source_tile": "K-35-062-2_Rakovski_x0_y1344.png",
    "label": "mound"
   }
  },
  {
   "type": "Feature",
   "geometry": {
    "type": "Point",
    "coordinates": [
     315526.999829463,
     4681203.989323532
    ]
   },
   "properties": {
    "candidate_id": 367,
    "vote_count": 10,
    "source_tile": "K-35-062-2_Rakovski_x0_y1344.png",
    "label": "mound"
   }
  },
  {
   "type": "Feature",
   "geometry": {
    "type": "Point",
    "coordinates": [
     315603.54879861046,
     4681274.428537905
    ]
   },
   "properties": {
    "candidate_id": 368,
    "vote_count": 10,
    "source_tile": "K-35-062-2_Rakovski_x0_y1344.png",
    "label": "mound"
   }
  },
  {
   "type": "Feature",
   "geometry": {
    "type": "Point",
    "coordinates": [
     314516.87158147135,
     4680898.234546258
    ]
   },
   "properties": {
    "candidate_id": 369,
    "vote_count": 10,
    "source_tile": "K-35-062-2_Rakovski_x0_y1344.png",
    "label": "mound"
   }
  },
  {
   "type": "Feature",
   "geometry": {
    "type": "Point",
    "coordinates": [
     315831.108448762,
     4676702.284479734
    ]
   },
   "properties": {
    "candidate_id": 370,
    "vote_count": 9,
    "source_tile": "K-35-062-2_Rakovski_x0_y2352.png",
    "label": "mound"
   }
  },
  {
   "type": "Feature",
   "geometry": {
    "type": "Point",
    "coordinates": [
     315765.07810684765,
     4677035.033320752
    ]
   },
   "properties": {
    "candidate_id": 371,
    "vote_count": 10,
    "source_tile": "K-35-062-2_Rakovski_x0_y2352.png",
    "label": "mound"
   }
  },
  {
   "type": "Feature",
   "geometry": {
    "type": "Point",
    "coordinates": [
     315547.09784855274,
     4677355.210884481
    ]
   },
   "properties": {
    "candidate_id": 372,
    "vote_count": 9,
    "source_tile": "K-35-062-2_Rakovski_x0_y2352.png",
    "label": "mound"
   }
  },
  {
   "type": "Feature",
   "geometry": {
    "type": "Point",
    "coordinates": [
     315239.04644943925,
     4677282.737301879
    ]
   },
   "properties": {
    "candidate_id": 373,
    "vote_count": 10,
    "source_tile": "K-35-062-2_Rakovski_x0_y2352.png",
    "label": "mound"
   }
  },
  {
   "type": "Feature",
   "geometry": {
    "type": "Point",
    "coordinates": [
     314344.042484383,
     4676209.454358342
    ]
   },
   "properties": {
    "candidate_id": 374,
    "vote_count": 10,
    "source_tile": "K-35-062-2_Rakovski_x0_y2352.png",
    "label": "mound"
   }
  },
  {
   "type": "Feature",
   "geometry": {
    "type": "Point",
    "coordinates": [
     314176.40836421156,
     4675910.97027914
    ]
   },
   "properties": {
    "candidate_id": 375,
    "vote_count": 9,
    "source_tile": "K-35-062-2_Rakovski_x0_y2352.png",
    "label": "mound"
   }
  },
  {
   "type": "Feature",
   "geometry": {
    "type": "Point",
    "coordinates": [
     315013.4063229837,
     4674750.396622936
    ]
   },
   "properties": {
    "candidate_id": 376,
    "vote_count": 10,
    "source_tile": "K-35-062-2_Rakovski_x0_y2688.png",
    "label": "mound"
   }
  },
  {
   "type": "Feature",
   "geometry": {
    "type": "Point",
    "coordinates": [
     315172.222182431,
     4674515.432360618
    ]
   },
   "properties": {
    "candidate_id": 377,
    "vote_count": 10,
    "source_tile": "K-35-062-2_Rakovski_x0_y2688.png",
    "label": "mound"
   }
  },
  {
   "type": "Feature",
   "geometry": {
    "type": "Point",
    "coordinates": [
     315370.2469970547,
     4685723.664946331
    ]
   },
   "properties": {
    "candidate_id": 378,
    "vote_count": 10,
    "source_tile": "K-35-062-2_Rakovski_x0_y336.png",
    "label": "mound"
   }
  },
  {
   "type": "Feature",
   "geometry": {
    "type": "Point",
    "coordinates": [
     315496.30188345007,
     4684391.135692419
    ]
   },
   "properties": {
    "candidate_id": 379,
    "vote_count": 9,
    "source_tile": "K-35-062-2_Rakovski_x0_y672.png",
    "label": "mound"
   }
  },
  {
   "type": "Feature",
   "geometry": {
    "type": "Point",
    "coordinates": [
     319862.18112260045,
     4687713.611627649
    ]
   },
   "properties": {
    "candidate_id": 380,
    "vote_count": 10,
    "source_tile": "K-35-062-2_Rakovski_x1008_y0.png",
    "label": "mound"
   }
  },
  {
   "type": "Feature",
   "geometry": {
    "type": "Point",
    "coordinates": [
     319232.16943538224,
     4687326.256322555
    ]
   },
   "properties": {
    "candidate_id": 381,
    "vote_count": 10,
    "source_tile": "K-35-062-2_Rakovski_x1008_y0.png",
    "label": "mound"
   }
  },
  {
   "type": "Feature",
   "geometry": {
    "type": "Point",
    "coordinates": [
     320537.32576928486,
     4682475.776420605
    ]
   },
   "properties": {
    "candidate_id": 382,
    "vote_count": 10,
    "source_tile": "K-35-062-2_Rakovski_x1008_y1008.png",
    "label": "mound"
   }
  },
  {
   "type": "Feature",
   "geometry": {
    "type": "Point",
    "coordinates": [
     320574.04117595765,
     4682359.278964141
    ]
   },
   "properties": {
    "candidate_id": 383,
    "vote_count": 10,
    "source_tile": "K-35-062-2_Rakovski_x1008_y1008.png",
    "label": "mound"
   }
  },
  {
   "type": "Feature",
   "geometry": {
    "type": "Point",
    "coordinates": [
     320683.11865599314,
     4682235.822036315
    ]
   },
   "properties": {
    "candidate_id": 384,
    "vote_count": 9,
    "source_tile": "K-35-062-2_Rakovski_x1008_y1008.png",
    "label": "mound"
   }
  },
  {
   "type": "Feature",
   "geometry": {
    "type": "Point",
    "coordinates": [
     320693.92929878744,
     4682216.434283947
    ]
   },
   "properties": {
    "candidate_id": 385,
    "vote_count": 7,
    "source_tile": "K-35-062-2_Rakovski_x1008_y1344.png",
    "label": "mound"
   }
  },
  {
   "type": "Feature",
   "geometry": {
    "type": "Point",
    "coordinates": [
     320433.90832125663,
     4679937.680777274
    ]
   },
   "properties": {
    "candidate_id": 386,
    "vote_count": 10,
    "source_tile": "K-35-062-2_Rakovski_x1008_y1680.png",
    "label": "mound"
   }
  },
  {
   "type": "Feature",
   "geometry": {
    "type": "Point",
    "coordinates": [
     319592.5159862299,
     4687206.634587082
    ]
   },
   "properties": {
    "candidate_id": 387,
    "vote_count": 10,
    "source_tile": "K-35-062-2_Rakovski_x1008_y336.png",
    "label": "mound"
   }
  },
  {
   "type": "Feature",
   "geometry": {
    "type": "Point",
    "coordinates": [
     319179.138184922,
     4686811.265233223
    ]
   },
   "properties": {
    "candidate_id": 388,
    "vote_count": 10,
    "source_tile": "K-35-062-2_Rakovski_x1008_y336.png",
    "label": "mound"
   }
  },
  {
   "type": "Feature",
   "geometry": {
    "type": "Point",
    "coordinates": [
     320025.97560204146,
     4686882.812749127
    ]
   },
   "properties": {
    "candidate_id": 389,
    "vote_count": 10,
    "source_tile": "K-35-062-2_Rakovski_x1008_y336.png",
    "label": "mound"
   }
  },
  {
   "type": "Feature",
   "geometry": {
    "type": "Point",
    "coordinates": [
     319554.9702864386,
     4686641.797068975
    ]
   },
   "properties": {
    "candidate_id": 390,
    "vote_count": 10,
    "source_tile": "K-35-062-2_Rakovski_x1008_y336.png",
    "label": "mound"
   }
  },
  {
   "type": "Feature",
   "geometry": {
    "type": "Point",
    "coordinates": [
     320627.9696510471,
     4686256.028941805
    ]
   },
   "properties": {
    "candidate_id": 391,
    "vote_count": 10,
    "source_tile": "K-35-062-2_Rakovski_x1008_y336.png",
    "label": "mound"
   }
  },
  {
   "type": "Feature",
   "geometry": {
    "type": "Point",
    "coordinates": [
     320295.28388831066,
     4686128.319482231
    ]
   },
   "properties": {
    "candidate_id": 392,
    "vote_count": 10,
    "source_tile": "K-35-062-2_Rakovski_x1008_y336.png",
    "label": "mound"
   }
  },
  {
   "type": "Feature",
   "geometry": {
    "type": "Point",
    "coordinates": [
     320720.12613487465,
     4686386.232454589
    ]
   },
   "properties": {
    "candidate_id": 393,
    "vote_count": 10,
    "source_tile": "K-35-062-2_Rakovski_x1008_y336.png",
    "label": "mound"
   }
  },
  {
   "type": "Feature",
   "geometry": {
    "type": "Point",
    "coordinates": [
     319580.70474816347,
     4685920.658108845
    ]
   },
   "properties": {
    "candidate_id": 394,
    "vote_count": 10,
    "source_tile": "K-35-062-2_Rakovski_x1008_y336.png",
    "label": "mound"
   }
  },
  {
   "type": "Feature",
   "geometry": {
    "type": "Point",
    "coordinates": [
     319908.9368254524,
     4684177.374426871
    ]
   },
   "properties": {
    "candidate_id": 395,
    "vote_count": 10,
    "source_tile": "K-35-062-2_Rakovski_x1008_y672.png",
    "label": "mound"
   }
  },
  {
   "type": "Feature",
   "geometry": {
    "type": "Point",
    "coordinates": [
     322542.85471764696,
     4688388.024122386
    ]
   },
   "properties": {
    "candidate_id": 396,
    "vote_count": 10,
    "source_tile": "K-35-062-2_Rakovski_x1344_y0.png",
    "label": "mound"
   }
  },
  {
   "type": "Feature",
   "geometry": {
    "type": "Point",
    "coordinates": [
     322379.5961304488,
     4687606.918238613
    ]
   },
   "properties": {
    "candidate_id": 397,
    "vote_count": 10,
    "source_tile": "K-35-062-2_Rakovski_x1344_y0.png",
    "label": "mound"
   }
  },
  {
   "type": "Feature",
   "geometry": {
    "type": "Point",
    "coordinates": [
     321100.46479192335,
     4687380.218667386
    ]
   },
   "properties": {
    "candidate_id": 398,
    "vote_count": 10,
    "source_tile": "K-35-062-2_Rakovski_x1344_y0.png",
    "label": "mound"
   }
  },
  {
   "type": "Feature",
   "geometry": {
    "type": "Point",
    "coordinates": [
     322486.69373992516,
     4683196.561541514
    ]
   },
   "properties": {
    "candidate_id": 399,
    "vote_count": 10,
    "source_tile": "K-35-062-2_Rakovski_x1344_y1008.png",
    "label": "mound"
   }
  },
  {
   "type": "Feature",
   "geometry": {
    "type": "Point",
    "coordinates": [
     322563.5738724759,
     4683114.171920417
    ]
   },
   "properties": {
    "candidate_id": 400,
    "vote_count": 10,
    "source_tile": "K-35-062-2_Rakovski_x1344_y1008.png",
    "label": "mound"
   }
  },
  {
   "type": "Feature",
   "geometry": {
    "type": "Point",
    "coordinates": [
     322070.99138603144,
     4682206.402167447
    ]
   },
   "properties": {
    "candidate_id": 401,
    "vote_count": 6,
    "source_tile": "K-35-062-2_Rakovski_x1344_y1344.png",
    "label": "mound"
   }
  },
  {
   "type": "Feature",
   "geometry": {
    "type": "Point",
    "coordinates": [
     321403.9729276365,
     4681571.100742586
    ]
   },
   "properties": {
    "candidate_id": 402,
    "vote_count": 6,
    "source_tile": "K-35-062-2_Rakovski_x1344_y1344.png",
    "label": "mound"
   }
  },
  {
   "type": "Feature",
   "geometry": {
    "type": "Point",
    "coordinates": [
     321116.55257813877,
     4678901.136003401
    ]
   },
   "properties": {
    "candidate_id": 403,
    "vote_count": 10,
    "source_tile": "K-35-062-2_Rakovski_x1344_y1680.png",
    "label": "mound"
   }
  },
  {
   "type": "Feature",
   "geometry": {
    "type": "Point",
    "coordinates": [
     321463.6114129344,
     4687052.394371261
    ]
   },
   "properties": {
    "candidate_id": 404,
    "vote_count": 10,
    "source_tile": "K-35-062-2_Rakovski_x1344_y336.png",
    "label": "mound"
   }
  },
  {
   "type": "Feature",
   "geometry": {
    "type": "Point",
    "coordinates": [
     321458.98120697355,
     4686698.945861731
    ]
   },
   "properties": {
    "candidate_id": 405,
    "vote_count": 10,
    "source_tile": "K-35-062-2_Rakovski_x1344_y336.png",
    "label": "mound"
   }
  },
  {
   "type": "Feature",
   "geometry": {
    "type": "Point",
    "coordinates": [
     322081.6695749119,
     4686697.116964156
    ]
   },
   "properties": {
    "candidate_id": 406,
    "vote_count": 10,
    "source_tile": "K-35-062-2_Rakovski_x1344_y336.png",
    "label": "mound"
   }
  },
  {
   "type": "Feature",
   "geometry": {
    "type": "Point",
    "coordinates": [
     322140.1332683738,
     4686752.079463695
    ]
   },
   "properties": {
    "candidate_id": 407,
    "vote_count": 10,
    "source_tile": "K-35-062-2_Rakovski_x1344_y336.png",
    "label": "mound"
   }
  },
  {
   "type": "Feature",
   "geometry": {
    "type": "Point",
    "coordinates": [
     322619.9745002264,
     4686293.802571683
    ]
   },
   "properties": {
    "candidate_id": 408,
    "vote_count": 10,
    "source_tile": "K-35-062-2_Rakovski_x1344_y336.png",
    "label": "mound"
   }
  },
  {
   "type": "Feature",
   "geometry": {
    "type": "Point",
    "coordinates": [
     322222.02043941687,
     4685997.2068939805
    ]
   },
   "properties": {
    "candidate_id": 409,
    "vote_count": 10,
    "source_tile": "K-35-062-2_Rakovski_x1344_y336.png",
    "label": "mound"
   }
  },
  {
   "type": "Feature",
   "geometry": {
    "type": "Point",
    "coordinates": [
     321604.5345459066,
     4670575.999811494
    ]
   },
   "properties": {
    "candidate_id": 410,
    "vote_count": 10,
    "source_tile": "K-35-062-2_Rakovski_x1344_y3696.png",
    "label": "mound"
   }
  },
  {
   "type": "Feature",
   "geometry": {
    "type": "Point",
    "coordinates": [
     321196.0192653335,
     4684432.3555611065
    ]
   },
   "properties": {
    "candidate_id": 411,
    "vote_count": 10,
    "source_tile": "K-35-062-2_Rakovski_x1344_y672.png",
    "label": "mound"
   }
  },
  {
   "type": "Feature",
   "geometry": {
    "type": "Point",
    "coordinates": [
     322779.6768127596,
     4688281.472935415
    ]
   },
   "properties": {
    "candidate_id": 412,
    "vote_count": 10,
    "source_tile": "K-35-062-2_Rakovski_x1680_y0.png",
    "label": "mound"
   }
  },
  {
   "type": "Feature",
   "geometry": {
    "type": "Point",
    "coordinates": [
     323033.59006266715,
     4688227.832972506
    ]
   },
   "properties": {
    "candidate_id": 413,
    "vote_count": 10,
    "source_tile": "K-35-062-2_Rakovski_x1680_y0.png",
    "label": "mound"
   }
  },
  {
   "type": "Feature",
   "geometry": {
    "type": "Point",
    "coordinates": [
     322712.0564702752,
     4687707.392460389
    ]
   },
   "properties": {
    "candidate_id": 414,
    "vote_count": 10,
    "source_tile": "K-35-062-2_Rakovski_x1680_y0.png",
    "label": "mound"
   }
  },
  {
   "type": "Feature",
   "geometry": {
    "type": "Point",
    "coordinates": [
     323518.70648203255,
     4683156.092463076
    ]
   },
   "properties": {
    "candidate_id": 415,
    "vote_count": 10,
    "source_tile": "K-35-062-2_Rakovski_x1680_y1008.png",
    "label": "mound"
   }
  },
  {
   "type": "Feature",
   "geometry": {
    "type": "Point",
    "coordinates": [
     324009.06883258687,
     4681039.331358785
    ]
   },
   "properties": {
    "candidate_id": 416,
    "vote_count": 10,
    "source_tile": "K-35-062-2_Rakovski_x1680_y1344.png",
    "label": "mound"
   }
  },
  {
   "type": "Feature",
   "geometry": {
    "type": "Point",
    "coordinates": [
     323948.0661858683,
     4679362.305956088
    ]
   },
   "properties": {
    "candidate_id": 417,
    "vote_count": 10,
    "source_tile": "K-35-062-2_Rakovski_x1680_y1680.png",
    "label": "mound"
   }
  },
  {
   "type": "Feature",
   "geometry": {
    "type": "Point",
    "coordinates": [
     323425.787656573,
     4678348.630990695
    ]
   },
   "properties": {
    "candidate_id": 418,
    "vote_count": 10,
    "source_tile": "K-35-062-2_Rakovski_x1680_y2016.png",
    "label": "mound"
   }
  },
  {
   "type": "Feature",
   "geometry": {
    "type": "Point",
    "coordinates": [
     323760.549966092,
     4676402.905259698
    ]
   },
   "properties": {
    "candidate_id": 419,
    "vote_count": 10,
    "source_tile": "K-35-062-2_Rakovski_x1680_y2352.png",
    "label": "mound"
   }
  },
  {
   "type": "Feature",
   "geometry": {
    "type": "Point",
    "coordinates": [
     323410.03690440697,
     4675043.702507874
    ]
   },
   "properties": {
    "candidate_id": 420,
    "vote_count": 10,
    "source_tile": "K-35-062-2_Rakovski_x1680_y2688.png",
    "label": "mound"
   }
  },
  {
   "type": "Feature",
   "geometry": {
    "type": "Point",
    "coordinates": [
     323243.5604317951,
     4672920.451078028
    ]
   },
   "properties": {
    "candidate_id": 421,
    "vote_count": 10,
    "source_tile": "K-35-062-2_Rakovski_x1680_y3024.png",
    "label": "mound"
   }
  },
  {
   "type": "Feature",
   "geometry": {
    "type": "Point",
    "coordinates": [
     322812.5334231056,
     4686971.836390011
    ]
   },
   "properties": {
    "candidate_id": 422,
    "vote_count": 10,
    "source_tile": "K-35-062-2_Rakovski_x1680_y336.png",
    "label": "mound"
   }
  },
  {
   "type": "Feature",
   "geometry": {
    "type": "Point",
    "coordinates": [
     323302.49340198643,
     4686567.241570923
    ]
   },
   "properties": {
    "candidate_id": 423,
    "vote_count": 10,
    "source_tile": "K-35-062-2_Rakovski_x1680_y336.png",
    "label": "mound"
   }
  },
  {
   "type": "Feature",
   "geometry": {
    "type": "Point",
    "coordinates": [
     323176.07340446324,
     4685690.970339253
    ]
   },
   "properties": {
    "candidate_id": 424,
    "vote_count": 10,
    "source_tile": "K-35-062-2_Rakovski_x1680_y336.png",
    "label": "mound"
   }
  },
  {
   "type": "Feature",
   "geometry": {
    "type": "Point",
    "coordinates": [
     324341.6092713772,
     4685803.126504655
    ]
   },
   "properties": {
    "candidate_id": 425,
    "vote_count": 10,
    "source_tile": "K-35-062-2_Rakovski_x1680_y336.png",
    "label": "mound"
   }
  },
  {
   "type": "Feature",
   "geometry": {
    "type": "Point",
    "coordinates": [
     322817.4864558488,
     4671358.835499147
    ]
   },
   "properties": {
    "candidate_id": 426,
    "vote_count": 9,
    "source_tile": "K-35-062-2_Rakovski_x1680_y3360.png",
    "label": "mound"
   }
  },
  {
   "type": "Feature",
   "geometry": {
    "type": "Point",
    "coordinates": [
     323317.0133076561,
     4670495.078520026
    ]
   },
   "properties": {
    "candidate_id": 427,
    "vote_count": 9,
    "source_tile": "K-35-062-2_Rakovski_x1680_y3696.png",
    "label": "mound"
   }
  },
  {
   "type": "Feature",
   "geometry": {
    "type": "Point",
    "coordinates": [
     323246.29608771054,
     4685325.639508564
    ]
   },
   "properties": {
    "candidate_id": 428,
    "vote_count": 10,
    "source_tile": "K-35-062-2_Rakovski_x1680_y672.png",
    "label": "mound"
   }
  },
  {
   "type": "Feature",
   "geometry": {
    "type": "Point",
    "coordinates": [
     324060.1408732799,
     4685278.289140119
    ]
   },
   "properties": {
    "candidate_id": 429,
    "vote_count": 10,
    "source_tile": "K-35-062-2_Rakovski_x1680_y672.png",
    "label": "mound"
   }
  },
  {
   "type": "Feature",
   "geometry": {
    "type": "Point",
    "coordinates": [
     324167.66079431854,
     4685154.92558457
    ]
   },
   "properties": {
    "candidate_id": 430,
    "vote_count": 10,
    "source_tile": "K-35-062-2_Rakovski_x1680_y672.png",
    "label": "mound"
   }
  },
  {
   "type": "Feature",
   "geometry": {
    "type": "Point",
    "coordinates": [
     324133.277469347,
     4685599.568400394
    ]
   },
   "properties": {
    "candidate_id": 431,
    "vote_count": 10,
    "source_tile": "K-35-062-2_Rakovski_x1680_y336.png",
    "label": "mound"
   }
  },
  {
   "type": "Feature",
   "geometry": {
    "type": "Point",
    "coordinates": [
     324409.0711900936,
     4688137.232554244
    ]
   },
   "properties": {
    "candidate_id": 432,
    "vote_count": 10,
    "source_tile": "K-35-062-2_Rakovski_x2016_y0.png",
    "label": "mound"
   }
  },
  {
   "type": "Feature",
   "geometry": {
    "type": "Point",
    "coordinates": [
     324746.0317567806,
     4687862.907070638
    ]
   },
   "properties": {
    "candidate_id": 433,
    "vote_count": 10,
    "source_tile": "K-35-062-2_Rakovski_x2016_y0.png",
    "label": "mound"
   }
  },
  {
   "type": "Feature",
   "geometry": {
    "type": "Point",
    "coordinates": [
     324697.48234837234,
     4687662.453237559
    ]
   },
   "properties": {
    "candidate_id": 434,
    "vote_count": 10,
    "source_tile": "K-35-062-2_Rakovski_x2016_y0.png",
    "label": "mound"
   }
  },
  {
   "type": "Feature",
   "geometry": {
    "type": "Point",
    "coordinates": [
     325379.9052374685,
     4687368.529131122
    ]
   },
   "properties": {
    "candidate_id": 435,
    "vote_count": 10,
    "source_tile": "K-35-062-2_Rakovski_x2016_y0.png",
    "label": "mound"
   }
  },
  {
   "type": "Feature",
   "geometry": {
    "type": "Point",
    "coordinates": [
     325593.012538475,
     4687833.778818095
    ]
   },
   "properties": {
    "candidate_id": 436,
    "vote_count": 9,
    "source_tile": "K-35-062-2_Rakovski_x2016_y0.png",
    "label": "mound"
   }
  },
  {
   "type": "Feature",
   "geometry": {
    "type": "Point",
    "coordinates": [
     324782.47478481405,
     4682886.986832616
    ]
   },
   "properties": {
    "candidate_id": 437,
    "vote_count": 10,
    "source_tile": "K-35-062-2_Rakovski_x2016_y1008.png",
    "label": "mound"
   }
  },
  {
   "type": "Feature",
   "geometry": {
    "type": "Point",
    "coordinates": [
     324351.8309909108,
     4678588.98474829
    ]
   },
   "properties": {
    "candidate_id": 438,
    "vote_count": 10,
    "source_tile": "K-35-062-2_Rakovski_x2016_y2016.png",
    "label": "mound"
   }
  },
  {
   "type": "Feature",
   "geometry": {
    "type": "Point",
    "coordinates": [
     324859.7408131133,
     4677597.322445541
    ]
   },
   "properties": {
    "candidate_id": 439,
    "vote_count": 10,
    "source_tile": "K-35-062-2_Rakovski_x2016_y2016.png",
    "label": "mound"
   }
  },
  {
   "type": "Feature",
   "geometry": {
    "type": "Point",
    "coordinates": [
     325965.2613717993,
     4677184.547106657
    ]
   },
   "properties": {
    "candidate_id": 440,
    "vote_count": 10,
    "source_tile": "K-35-062-2_Rakovski_x2016_y2016.png",
    "label": "mound"
   }
  },
  {
   "type": "Feature",
   "geometry": {
    "type": "Point",
    "coordinates": [
     325290.5273312005,
     4677125.279442768
    ]
   },
   "properties": {
    "candidate_id": 441,
    "vote_count": 10,
    "source_tile": "K-35-062-2_Rakovski_x2016_y2352.png",
    "label": "mound"
   }
  },
  {
   "type": "Feature",
   "geometry": {
    "type": "Point",
    "coordinates": [
     325045.5699420589,
     4674679.855536424
    ]
   },
   "properties": {
    "candidate_id": 442,
    "vote_count": 9,
    "source_tile": "K-35-062-2_Rakovski_x2016_y2688.png",
    "label": "mound"
   }
  },
  {
   "type": "Feature",
   "geometry": {
    "type": "Point",
    "coordinates": [
     324902.8047114833,
     4672991.772462052
    ]
   },
   "properties": {
    "candidate_id": 443,
    "vote_count": 8,
    "source_tile": "K-35-062-2_Rakovski_x2016_y3024.png",
    "label": "mound"
   }
  },
  {
   "type": "Feature",
   "geometry": {
    "type": "Point",
    "coordinates": [
     324526.4187170848,
     4685996.6120236665
    ]
   },
   "properties": {
    "candidate_id": 444,
    "vote_count": 10,
    "source_tile": "K-35-062-2_Rakovski_x2016_y336.png",
    "label": "mound"
   }
  },
  {
   "type": "Feature",
   "geometry": {
    "type": "Point",
    "coordinates": [
     324440.9171670282,
     4670737.206098046
    ]
   },
   "properties": {
    "candidate_id": 445,
    "vote_count": 9,
    "source_tile": "K-35-062-2_Rakovski_x2016_y3360.png",
    "label": "mound"
   }
  },
  {
   "type": "Feature",
   "geometry": {
    "type": "Point",
    "coordinates": [
     324294.8125574044,
     4670615.739172732
    ]
   },
   "properties": {
    "candidate_id": 446,
    "vote_count": 10,
    "source_tile": "K-35-062-2_Rakovski_x2016_y3696.png",
    "label": "mound"
   }
  },
  {
   "type": "Feature",
   "geometry": {
    "type": "Point",
    "coordinates": [
     325586.1263963124,
     4684851.402822287
    ]
   },
   "properties": {
    "candidate_id": 447,
    "vote_count": 10,
    "source_tile": "K-35-062-2_Rakovski_x2016_y672.png",
    "label": "mound"
   }
  },
  {
   "type": "Feature",
   "geometry": {
    "type": "Point",
    "coordinates": [
     325655.40731551044,
     4684930.680198026
    ]
   },
   "properties": {
    "candidate_id": 448,
    "vote_count": 10,
    "source_tile": "K-35-062-2_Rakovski_x2016_y672.png",
    "label": "mound"
   }
  },
  {
   "type": "Feature",
   "geometry": {
    "type": "Point",
    "coordinates": [
     326604.4546466706,
     4683049.07407174
    ]
   },
   "properties": {
    "candidate_id": 449,
    "vote_count": 10,
    "source_tile": "K-35-062-2_Rakovski_x2352_y1008.png",
    "label": "mound"
   }
  },
  {
   "type": "Feature",
   "geometry": {
    "type": "Point",
    "coordinates": [
     327439.96308317233,
     4680414.105673739
    ]
   },
   "properties": {
    "candidate_id": 450,
    "vote_count": 10,
    "source_tile": "K-35-062-2_Rakovski_x2352_y1680.png",
    "label": "mound"
   }
  },
  {
   "type": "Feature",
   "geometry": {
    "type": "Point",
    "coordinates": [
     327141.0183378113,
     4680555.451922583
    ]
   },
   "properties": {
    "candidate_id": 451,
    "vote_count": 10,
    "source_tile": "K-35-062-2_Rakovski_x2352_y1344.png",
    "label": "mound"
   }
  },
  {
   "type": "Feature",
   "geometry": {
    "type": "Point",
    "coordinates": [
     326477.9412865635,
     4677965.635529341
    ]
   },
   "properties": {
    "candidate_id": 452,
    "vote_count": 10,
    "source_tile": "K-35-062-2_Rakovski_x2352_y2016.png",
    "label": "mound"
   }
  },
  {
   "type": "Feature",
   "geometry": {
    "type": "Point",
    "coordinates": [
     326873.3021538438,
     4677621.231119739
    ]
   },
   "properties": {
    "candidate_id": 453,
    "vote_count": 10,
    "source_tile": "K-35-062-2_Rakovski_x2352_y2016.png",
    "label": "mound"
   }
  },
  {
   "type": "Feature",
   "geometry": {
    "type": "Point",
    "coordinates": [
     326083.74821919395,
     4677197.393149513
    ]
   },
   "properties": {
    "candidate_id": 454,
    "vote_count": 10,
    "source_tile": "K-35-062-2_Rakovski_x2352_y2016.png",
    "label": "mound"
   }
  },
  {
   "type": "Feature",
   "geometry": {
    "type": "Point",
    "coordinates": [
     326056.12436781754,
     4676464.426758816
    ]
   },
   "properties": {
    "candidate_id": 455,
    "vote_count": 10,
    "source_tile": "K-35-062-2_Rakovski_x2352_y2352.png",
    "label": "mound"
   }
  },
  {
   "type": "Feature",
   "geometry": {
    "type": "Point",
    "coordinates": [
     327591.51173893653,
     4676139.0791742
    ]
   },
   "properties": {
    "candidate_id": 456,
    "vote_count": 10,
    "source_tile": "K-35-062-2_Rakovski_x2352_y2352.png",
    "label": "mound"
   }
  },
  {
   "type": "Feature",
   "geometry": {
    "type": "Point",
    "coordinates": [
     326770.4467129335,
     4674761.7388565
    ]
   },
   "properties": {
    "candidate_id": 457,
    "vote_count": 10,
    "source_tile": "K-35-062-2_Rakovski_x2352_y2688.png",
    "label": "mound"
   }
  },
  {
   "type": "Feature",
   "geometry": {
    "type": "Point",
    "coordinates": [
     326492.02386007365,
     4674478.606663594
    ]
   },
   "properties": {
    "candidate_id": 458,
    "vote_count": 10,
    "source_tile": "K-35-062-2_Rakovski_x2352_y2688.png",
    "label": "mound"
   }
  },
  {
   "type": "Feature",
   "geometry": {
    "type": "Point",
    "coordinates": [
     327228.74684247153,
     4674418.70686065
    ]
   },
   "properties": {
    "candidate_id": 459,
    "vote_count": 10,
    "source_tile": "K-35-062-2_Rakovski_x2352_y2688.png",
    "label": "mound"
   }
  },
  {
   "type": "Feature",
   "geometry": {
    "type": "Point",
    "coordinates": [
     326819.8816482874,
     4672203.833983783
    ]
   },
   "properties": {
    "candidate_id": 460,
    "vote_count": 10,
    "source_tile": "K-35-062-2_Rakovski_x2352_y3024.png",
    "label": "mound"
   }
  },
  {
   "type": "Feature",
   "geometry": {
    "type": "Point",
    "coordinates": [
     326455.0105416489,
     4685879.620070499
    ]
   },
   "properties": {
    "candidate_id": 461,
    "vote_count": 10,
    "source_tile": "K-35-062-2_Rakovski_x2352_y336.png",
    "label": "mound"
   }
  },
  {
   "type": "Feature",
   "geometry": {
    "type": "Point",
    "coordinates": [
     328519.22706191055,
     4688207.228478312
    ]
   },
   "properties": {
    "candidate_id": 462,
    "vote_count": 10,
    "source_tile": "K-35-062-2_Rakovski_x2688_y0.png",
    "label": "mound"
   }
  },
  {
   "type": "Feature",
   "geometry": {
    "type": "Point",
    "coordinates": [
     327950.20620437525,
     4687630.630995725
    ]
   },
   "properties": {
    "candidate_id": 463,
    "vote_count": 10,
    "source_tile": "K-35-062-2_Rakovski_x2688_y0.png",
    "label": "mound"
   }
  },
  {
   "type": "Feature",
   "geometry": {
    "type": "Point",
    "coordinates": [
     329181.1462717226,
     4688340.836058424
    ]
   },
   "properties": {
    "candidate_id": 464,
    "vote_count": 10,
    "source_tile": "K-35-062-2_Rakovski_x2688_y0.png",
    "label": "mound"
   }
  },
  {
   "type": "Feature",
   "geometry": {
    "type": "Point",
    "coordinates": [
     329298.1386020952,
     4688709.863759413
    ]
   },
   "properties": {
    "candidate_id": 465,
    "vote_count": 10,
    "source_tile": "K-35-062-2_Rakovski_x2688_y0.png",
    "label": "mound"
   }
  },
  {
   "type": "Feature",
   "geometry": {
    "type": "Point",
    "coordinates": [
     329304.00494920055,
     4687349.648430499
    ]
   },
   "properties": {
    "candidate_id": 466,
    "vote_count": 10,
    "source_tile": "K-35-062-2_Rakovski_x2688_y0.png",
    "label": "mound"
   }
  },
  {
   "type": "Feature",
   "geometry": {
    "type": "Point",
    "coordinates": [
     328747.02209927805,
     4684060.216462373
    ]
   },
   "properties": {
    "candidate_id": 467,
    "vote_count": 10,
    "source_tile": "K-35-062-2_Rakovski_x2688_y1008.png",
    "label": "mound"
   }
  },
  {
   "type": "Feature",
   "geometry": {
    "type": "Point",
    "coordinates": [
     328492.8595782752,
     4681676.276844439
    ]
   },
   "properties": {
    "candidate_id": 468,
    "vote_count": 10,
    "source_tile": "K-35-062-2_Rakovski_x2688_y1344.png",
    "label": "mound"
   }
  },
  {
   "type": "Feature",
   "geometry": {
    "type": "Point",
    "coordinates": [
     328093.54590153287,
     4681596.043714481
    ]
   },
   "properties": {
    "candidate_id": 469,
    "vote_count": 7,
    "source_tile": "K-35-062-2_Rakovski_x2688_y1344.png",
    "label": "mound"
   }
  },
  {
   "type": "Feature",
   "geometry": {
    "type": "Point",
    "coordinates": [
     328277.73027605435,
     4681156.884677346
    ]
   },
   "properties": {
    "candidate_id": 470,
    "vote_count": 8,
    "source_tile": "K-35-062-2_Rakovski_x2688_y1344.png",
    "label": "mound"
   }
  },
  {
   "type": "Feature",
   "geometry": {
    "type": "Point",
    "coordinates": [
     329337.99158114364,
     4679370.2267116355
    ]
   },
   "properties": {
    "candidate_id": 471,
    "vote_count": 10,
    "source_tile": "K-35-062-2_Rakovski_x2688_y1680.png",
    "label": "mound"
   }
  },
  {
   "type": "Feature",
   "geometry": {
    "type": "Point",
    "coordinates": [
     328723.76964905584,
     4678639.755791021
    ]
   },
   "properties": {
    "candidate_id": 472,
    "vote_count": 10,
    "source_tile": "K-35-062-2_Rakovski_x2688_y2016.png",
    "label": "mound"
   }
  },
  {
   "type": "Feature",
   "geometry": {
    "type": "Point",
    "coordinates": [
     328645.1081579695,
     4678450.791795228
    ]
   },
   "properties": {
    "candidate_id": 473,
    "vote_count": 10,
    "source_tile": "K-35-062-2_Rakovski_x2688_y2016.png",
    "label": "mound"
   }
  },
  {
   "type": "Feature",
   "geometry": {
    "type": "Point",
    "coordinates": [
     328640.61178217555,
     4678344.239044066
    ]
   },
   "properties": {
    "candidate_id": 474,
    "vote_count": 10,
    "source_tile": "K-35-062-2_Rakovski_x2688_y2016.png",
    "label": "mound"
   }
  },
  {
   "type": "Feature",
   "geometry": {
    "type": "Point",
    "coordinates": [
     328825.2126615832,
     4674584.02219292
    ]
   },
   "properties": {
    "candidate_id": 475,
    "vote_count": 10,
    "source_tile": "K-35-062-2_Rakovski_x2688_y2688.png",
    "label": "mound"
   }
  },
  {
   "type": "Feature",
   "geometry": {
    "type": "Point",
    "coordinates": [
     329195.1132007205,
     4674151.390406252
    ]
   },
   "properties": {
    "candidate_id": 476,
    "vote_count": 10,
    "source_tile": "K-35-062-2_Rakovski_x2688_y2688.png",
    "label": "mound"
   }
  },
  {
   "type": "Feature",
   "geometry": {
    "type": "Point",
    "coordinates": [
     328887.50834900653,
     4673762.103621722
    ]
   },
   "properties": {
    "candidate_id": 477,
    "vote_count": 10,
    "source_tile": "K-35-062-2_Rakovski_x2688_y3024.png",
    "label": "mound"
   }
  },
  {
   "type": "Feature",
   "geometry": {
    "type": "Point",
    "coordinates": [
     329375.90013513213,
     4686461.703254216
    ]
   },
   "properties": {
    "candidate_id": 478,
    "vote_count": 10,
    "source_tile": "K-35-062-2_Rakovski_x2688_y336.png",
    "label": "mound"
   }
  },
  {
   "type": "Feature",
   "geometry": {
    "type": "Point",
    "coordinates": [
     328734.2122600287,
     4687078.776621708
    ]
   },
   "properties": {
    "candidate_id": 479,
    "vote_count": 10,
    "source_tile": "K-35-062-2_Rakovski_x2688_y336.png",
    "label": "mound"
   }
  },
  {
   "type": "Feature",
   "geometry": {
    "type": "Point",
    "coordinates": [
     328349.6626106662,
     4687016.517099146
    ]
   },
   "properties": {
    "candidate_id": 480,
    "vote_count": 10,
    "source_tile": "K-35-062-2_Rakovski_x2688_y336.png",
    "label": "mound"
   }
  },
  {
   "type": "Feature",
   "geometry": {
    "type": "Point",
    "coordinates": [
     328294.6603272894,
     4686578.7630113745
    ]
   },
   "properties": {
    "candidate_id": 481,
    "vote_count": 10,
    "source_tile": "K-35-062-2_Rakovski_x2688_y336.png",
    "label": "mound"
   }
  },
  {
   "type": "Feature",
   "geometry": {
    "type": "Point",
    "coordinates": [
     328704.38025006757,
     4686441.633276509
    ]
   },
   "properties": {
    "candidate_id": 482,
    "vote_count": 10,
    "source_tile": "K-35-062-2_Rakovski_x2688_y336.png",
    "label": "mound"
   }
  },
  {
   "type": "Feature",
   "geometry": {
    "type": "Point",
    "coordinates": [
     328704.57387934974,
     4671271.013666337
    ]
   },
   "properties": {
    "candidate_id": 483,
    "vote_count": 10,
    "source_tile": "K-35-062-2_Rakovski_x2688_y3360.png",
    "label": "mound"
   }
  },
  {
   "type": "Feature",
   "geometry": {
    "type": "Point",
    "coordinates": [
     328443.5590222586,
     4670516.515483999
    ]
   },
   "properties": {
    "candidate_id": 484,
    "vote_count": 10,
    "source_tile": "K-35-062-2_Rakovski_x2688_y3696.png",
    "label": "mound"
   }
  },
  {
   "type": "Feature",
   "geometry": {
    "type": "Point",
    "coordinates": [
     328577.5263081002,
     4685067.548348232
    ]
   },
   "properties": {
    "candidate_id": 485,
    "vote_count": 10,
    "source_tile": "K-35-062-2_Rakovski_x2688_y672.png",
    "label": "mound"
   }
  },
  {
   "type": "Feature",
   "geometry": {
    "type": "Point",
    "coordinates": [
     330014.38749262865,
     4688727.4491705885
    ]
   },
   "properties": {
    "candidate_id": 486,
    "vote_count": 10,
    "source_tile": "K-35-062-2_Rakovski_x3024_y0.png",
    "label": "mound"
   }
  },
  {
   "type": "Feature",
   "geometry": {
    "type": "Point",
    "coordinates": [
     329811.9069362922,
     4688516.593474741
    ]
   },
   "properties": {
    "candidate_id": 487,
    "vote_count": 10,
    "source_tile": "K-35-062-2_Rakovski_x3024_y0.png",
    "label": "mound"
   }
  },
  {
   "type": "Feature",
   "geometry": {
    "type": "Point",
    "coordinates": [
     330040.9450322425,
     4688088.937324411
    ]
   },
   "properties": {
    "candidate_id": 488,
    "vote_count": 8,
    "source_tile": "K-35-062-2_Rakovski_x3024_y0.png",
    "label": "mound"
   }
  },
  {
   "type": "Feature",
   "geometry": {
    "type": "Point",
    "coordinates": [
     329507.8810665371,
     4687721.008341373
    ]
   },
   "properties": {
    "candidate_id": 489,
    "vote_count": 10,
    "source_tile": "K-35-062-2_Rakovski_x3024_y0.png",
    "label": "mound"
   }
  },
  {
   "type": "Feature",
   "geometry": {
    "type": "Point",
    "coordinates": [
     330177.6057726034,
     4683612.354070407
    ]
   },
   "properties": {
    "candidate_id": 490,
    "vote_count": 10,
    "source_tile": "K-35-062-2_Rakovski_x3024_y1008.png",
    "label": "mound"
   }
  },
  {
   "type": "Feature",
   "geometry": {
    "type": "Point",
    "coordinates": [
     330452.16938984825,
     4681238.160077856
    ]
   },
   "properties": {
    "candidate_id": 491,
    "vote_count": 6,
    "source_tile": "K-35-062-2_Rakovski_x3024_y1344.png",
    "label": "mound"
   }
  },
  {
   "type": "Feature",
   "geometry": {
    "type": "Point",
    "coordinates": [
     330343.751253857,
     4679554.195615525
    ]
   },
   "properties": {
    "candidate_id": 492,
    "vote_count": 10,
    "source_tile": "K-35-062-2_Rakovski_x3024_y1680.png",
    "label": "mound"
   }
  },
  {
   "type": "Feature",
   "geometry": {
    "type": "Point",
    "coordinates": [
     330928.50612912036,
     4678957.134303797
    ]
   },
   "properties": {
    "candidate_id": 493,
    "vote_count": 10,
    "source_tile": "K-35-062-2_Rakovski_x3024_y1680.png",
    "label": "mound"
   }
  },
  {
   "type": "Feature",
   "geometry": {
    "type": "Point",
    "coordinates": [
     329367.6338421306,
     4675075.935060181
    ]
   },
   "properties": {
    "candidate_id": 494,
    "vote_count": 10,
    "source_tile": "K-35-062-2_Rakovski_x3024_y2688.png",
    "label": "mound"
   }
  },
  {
   "type": "Feature",
   "geometry": {
    "type": "Point",
    "coordinates": [
     330722.2427491724,
     4673357.880567972
    ]
   },
   "properties": {
    "candidate_id": 495,
    "vote_count": 9,
    "source_tile": "K-35-062-2_Rakovski_x3024_y3024.png",
    "label": "mound"
   }
  },
  {
   "type": "Feature",
   "geometry": {
    "type": "Point",
    "coordinates": [
     330111.1001655013,
     4672165.564077729
    ]
   },
   "properties": {
    "candidate_id": 496,
    "vote_count": 9,
    "source_tile": "K-35-062-2_Rakovski_x3024_y3024.png",
    "label": "mound"
   }
  },
  {
   "type": "Feature",
   "geometry": {
    "type": "Point",
    "coordinates": [
     330540.4223327694,
     4686991.55029633
    ]
   },
   "properties": {
    "candidate_id": 497,
    "vote_count": 10,
    "source_tile": "K-35-062-2_Rakovski_x3024_y336.png",
    "label": "mound"
   }
  },
  {
   "type": "Feature",
   "geometry": {
    "type": "Point",
    "coordinates": [
     330704.6563389694,
     4687000.803899999
    ]
   },
   "properties": {
    "candidate_id": 498,
    "vote_count": 10,
    "source_tile": "K-35-062-2_Rakovski_x3024_y336.png",
    "label": "mound"
   }
  },
  {
   "type": "Feature",
   "geometry": {
    "type": "Point",
    "coordinates": [
     330688.62178227,
     4686917.305684079
    ]
   },
   "properties": {
    "candidate_id": 499,
    "vote_count": 10,
    "source_tile": "K-35-062-2_Rakovski_x3024_y336.png",
    "label": "mound"
   }
  },
  {
   "type": "Feature",
   "geometry": {
    "type": "Point",
    "coordinates": [
     329748.6855829648,
     4671219.039763969
    ]
   },
   "properties": {
    "candidate_id": 500,
    "vote_count": 10,
    "source_tile": "K-35-062-2_Rakovski_x3024_y3360.png",
    "label": "mound"
   }
  },
  {
   "type": "Feature",
   "geometry": {
    "type": "Point",
    "coordinates": [
     330039.9282014448,
     4670880.029059519
    ]
   },
   "properties": {
    "candidate_id": 501,
    "vote_count": 6,
    "source_tile": "K-35-062-2_Rakovski_x3024_y3360.png",
    "label": "mound"
   }
  },
  {
   "type": "Feature",
   "geometry": {
    "type": "Point",
    "coordinates": [
     330000.15167456825,
     4684776.825718161
    ]
   },
   "properties": {
    "candidate_id": 502,
    "vote_count": 10,
    "source_tile": "K-35-062-2_Rakovski_x3024_y672.png",
    "label": "mound"
   }
  },
  {
   "type": "Feature",
   "geometry": {
    "type": "Point",
    "coordinates": [
     332248.0213443057,
     4687744.995205957
    ]
   },
   "properties": {
    "candidate_id": 503,
    "vote_count": 9,
    "source_tile": "K-35-062-2_Rakovski_x3360_y0.png",
    "label": "mound"
   }
  },
  {
   "type": "Feature",
   "geometry": {
    "type": "Point",
    "coordinates": [
     332391.30585835525,
     4682560.084019922
    ]
   },
   "properties": {
    "candidate_id": 504,
    "vote_count": 9,
    "source_tile": "K-35-062-2_Rakovski_x3360_y1008.png",
    "label": "mound"
   }
  },
  {
   "type": "Feature",
   "geometry": {
    "type": "Point",
    "coordinates": [
     332164.040577206,
     4680797.844279735
    ]
   },
   "properties": {
    "candidate_id": 505,
    "vote_count": 10,
    "source_tile": "K-35-062-2_Rakovski_x3360_y1344.png",
    "label": "mound"
   }
  },
  {
   "type": "Feature",
   "geometry": {
    "type": "Point",
    "coordinates": [
     332774.36002876016,
     4681792.998076998
    ]
   },
   "properties": {
    "candidate_id": 506,
    "vote_count": 10,
    "source_tile": "K-35-062-2_Rakovski_x3360_y1344.png",
    "label": "mound"
   }
  },
  {
   "type": "Feature",
   "geometry": {
    "type": "Point",
    "coordinates": [
     332605.1860462286,
     4679898.26549473
    ]
   },
   "properties": {
    "candidate_id": 507,
    "vote_count": 10,
    "source_tile": "K-35-062-2_Rakovski_x3360_y1680.png",
    "label": "mound"
   }
  },
  {
   "type": "Feature",
   "geometry": {
    "type": "Point",
    "coordinates": [
     331371.76796566555,
     4679509.118094581
    ]
   },
   "properties": {
    "candidate_id": 508,
    "vote_count": 10,
    "source_tile": "K-35-062-2_Rakovski_x3360_y1680.png",
    "label": "mound"
   }
  },
  {
   "type": "Feature",
   "geometry": {
    "type": "Point",
    "coordinates": [
     332424.54273717734,
     4675781.193220897
    ]
   },
   "properties": {
    "candidate_id": 509,
    "vote_count": 10,
    "source_tile": "K-35-062-2_Rakovski_x3360_y2352.png",
    "label": "mound"
   }
  },
  {
   "type": "Feature",
   "geometry": {
    "type": "Point",
    "coordinates": [
     332529.52070118755,
     4675743.36273757
    ]
   },
   "properties": {
    "candidate_id": 510,
    "vote_count": 10,
    "source_tile": "K-35-062-2_Rakovski_x3360_y2352.png",
    "label": "mound"
   }
  },
  {
   "type": "Feature",
   "geometry": {
    "type": "Point",
    "coordinates": [
     331837.43231733266,
     4675173.579275768
    ]
   },
   "properties": {
    "candidate_id": 511,
    "vote_count": 10,
    "source_tile": "K-35-062-2_Rakovski_x3360_y2688.png",
    "label": "mound"
   }
  },
  {
   "type": "Feature",
   "geometry": {
    "type": "Point",
    "coordinates": [
     332312.2539537068,
     4674389.194145197
    ]
   },
   "properties": {
    "candidate_id": 512,
    "vote_count": 10,
    "source_tile": "K-35-062-2_Rakovski_x3360_y2688.png",
    "label": "mound"
   }
  },
  {
   "type": "Feature",
   "geometry": {
    "type": "Point",
    "coordinates": [
     331214.6065379954,
     4672628.887259296
    ]
   },
   "properties": {
    "candidate_id": 513,
    "vote_count": 6,
    "source_tile": "K-35-062-2_Rakovski_x3360_y3024.png",
    "label": "mound"
   }
  },
  {
   "type": "Feature",
   "geometry": {
    "type": "Point",
    "coordinates": [
     331525.94274673425,
     4670330.935736007
    ]
   },
   "properties": {
    "candidate_id": 514,
    "vote_count": 6,
    "source_tile": "K-35-062-2_Rakovski_x3360_y3696.png",
    "label": "mound"
   }
  },
  {
   "type": "Feature",
   "geometry": {
    "type": "Point",
    "coordinates": [
     332049.52840916265,
     4684320.707620191
    ]
   },
   "properties": {
    "candidate_id": 515,
    "vote_count": 10,
    "source_tile": "K-35-062-2_Rakovski_x3360_y672.png",
    "label": "mound"
   }
  },
  {
   "type": "Feature",
   "geometry": {
    "type": "Point",
    "coordinates": [
     316826.68217239203,
     4688713.906003368
    ]
   },
   "properties": {
    "candidate_id": 516,
    "vote_count": 10,
    "source_tile": "K-35-062-2_Rakovski_x336_y0.png",
    "label": "mound"
   }
  },
  {
   "type": "Feature",
   "geometry": {
    "type": "Point",
    "coordinates": [
     316886.95225686685,
     4689073.467538635
    ]
   },
   "properties": {
    "candidate_id": 517,
    "vote_count": 10,
    "source_tile": "K-35-062-2_Rakovski_x336_y0.png",
    "label": "mound"
   }
  },
  {
   "type": "Feature",
   "geometry": {
    "type": "Point",
    "coordinates": [
     317148.21525749075,
     4689079.311438847
    ]
   },
   "properties": {
    "candidate_id": 518,
    "vote_count": 10,
    "source_tile": "K-35-062-2_Rakovski_x336_y0.png",
    "label": "mound"
   }
  },
  {
   "type": "Feature",
   "geometry": {
    "type": "Point",
    "coordinates": [
     316783.4760912686,
     4683226.668215384
    ]
   },
   "properties": {
    "candidate_id": 519,
    "vote_count": 10,
    "source_tile": "K-35-062-2_Rakovski_x336_y1008.png",
    "label": "mound"
   }
  },
  {
   "type": "Feature",
   "geometry": {
    "type": "Point",
    "coordinates": [
     316231.097319695,
     4683077.986873252
    ]
   },
   "properties": {
    "candidate_id": 520,
    "vote_count": 6,
    "source_tile": "K-35-062-2_Rakovski_x336_y1008.png",
    "label": "mound"
   }
  },
  {
   "type": "Feature",
   "geometry": {
    "type": "Point",
    "coordinates": [
     316034.0778621201,
     4682710.90035034
    ]
   },
   "properties": {
    "candidate_id": 521,
    "vote_count": 7,
    "source_tile": "K-35-062-2_Rakovski_x336_y1008.png",
    "label": "mound"
   }
  },
  {
   "type": "Feature",
   "geometry": {
    "type": "Point",
    "coordinates": [
     316373.2120165021,
     4681788.185386136
    ]
   },
   "properties": {
    "candidate_id": 522,
    "vote_count": 8,
    "source_tile": "K-35-062-2_Rakovski_x336_y1344.png",
    "label": "mound"
   }
  },
  {
   "type": "Feature",
   "geometry": {
    "type": "Point",
    "coordinates": [
     316758.72624548036,
     4681854.67500454
    ]
   },
   "properties": {
    "candidate_id": 523,
    "vote_count": 10,
    "source_tile": "K-35-062-2_Rakovski_x336_y1344.png",
    "label": "mound"
   }
  },
  {
   "type": "Feature",
   "geometry": {
    "type": "Point",
    "coordinates": [
     316901.14305069624,
     4681919.852953701
    ]
   },
   "properties": {
    "candidate_id": 524,
    "vote_count": 10,
    "source_tile": "K-35-062-2_Rakovski_x336_y1344.png",
    "label": "mound"
   }
  },
  {
   "type": "Feature",
   "geometry": {
    "type": "Point",
    "coordinates": [
     316725.2909049442,
     4681395.742388833
    ]
   },
   "properties": {
    "candidate_id": 525,
    "vote_count": 10,
    "source_tile": "K-35-062-2_Rakovski_x336_y1344.png",
    "label": "mound"
   }
  },
  {
   "type": "Feature",
   "geometry": {
    "type": "Point",
    "coordinates": [
     316475.8174852191,
     4680680.102278195
    ]
   },
   "properties": {
    "candidate_id": 526,
    "vote_count": 10,
    "source_tile": "K-35-062-2_Rakovski_x336_y1344.png",
    "label": "mound"
   }
  },
  {
   "type": "Feature",
   "geometry": {
    "type": "Point",
    "coordinates": [
     316141.76127730357,
     4680585.831333552
    ]
   },
   "properties": {
    "candidate_id": 527,
    "vote_count": 10,
    "source_tile": "K-35-062-2_Rakovski_x336_y1344.png",
    "label": "mound"
   }
  },
  {
   "type": "Feature",
   "geometry": {
    "type": "Point",
    "coordinates": [
     316637.7956237138,
     4686148.109013784
    ]
   },
   "properties": {
    "candidate_id": 528,
    "vote_count": 6,
    "source_tile": "K-35-062-2_Rakovski_x336_y336.png",
    "label": "mound"
   }
  },
  {
   "type": "Feature",
   "geometry": {
    "type": "Point",
    "coordinates": [
     316248.35090432654,
     4685705.604114282
    ]
   },
   "properties": {
    "candidate_id": 529,
    "vote_count": 10,
    "source_tile": "K-35-062-2_Rakovski_x336_y336.png",
    "label": "mound"
   }
  },
  {
   "type": "Feature",
   "geometry": {
    "type": "Point",
    "coordinates": [
     316213.585847061,
     4685571.949927002
    ]
   },
   "properties": {
    "candidate_id": 530,
    "vote_count": 9,
    "source_tile": "K-35-062-2_Rakovski_x336_y672.png",
    "label": "mound"
   }
  },
  {
   "type": "Feature",
   "geometry": {
    "type": "Point",
    "coordinates": [
     333917.06174748845,
     4688157.661296959
    ]
   },
   "properties": {
    "candidate_id": 531,
    "vote_count": 10,
    "source_tile": "K-35-062-2_Rakovski_x3696_y0.png",
    "label": "mound"
   }
  },
  {
   "type": "Feature",
   "geometry": {
    "type": "Point",
    "coordinates": [
     333769.31632093387,
     4683651.905692279
    ]
   },
   "properties": {
    "candidate_id": 532,
    "vote_count": 10,
    "source_tile": "K-35-062-2_Rakovski_x3696_y1008.png",
    "label": "mound"
   }
  },
  {
   "type": "Feature",
   "geometry": {
    "type": "Point",
    "coordinates": [
     333138.15384479164,
     4684023.528344746
    ]
   },
   "properties": {
    "candidate_id": 533,
    "vote_count": 10,
    "source_tile": "K-35-062-2_Rakovski_x3696_y1008.png",
    "label": "mound"
   }
  },
  {
   "type": "Feature",
   "geometry": {
    "type": "Point",
    "coordinates": [
     333855.12475215876,
     4683077.469775766
    ]
   },
   "properties": {
    "candidate_id": 534,
    "vote_count": 10,
    "source_tile": "K-35-062-2_Rakovski_x3696_y1008.png",
    "label": "mound"
   }
  },
  {
   "type": "Feature",
   "geometry": {
    "type": "Point",
    "coordinates": [
     334257.71692154126,
     4682674.980949038
    ]
   },
   "properties": {
    "candidate_id": 535,
    "vote_count": 7,
    "source_tile": "K-35-062-2_Rakovski_x3696_y1008.png",
    "label": "mound"
   }
  },
  {
   "type": "Feature",
   "geometry": {
    "type": "Point",
    "coordinates": [
     333675.5963589288,
     4682272.890052508
    ]
   },
   "properties": {
    "candidate_id": 536,
    "vote_count": 10,
    "source_tile": "K-35-062-2_Rakovski_x3696_y1008.png",
    "label": "mound"
   }
  },
  {
   "type": "Feature",
   "geometry": {
    "type": "Point",
    "coordinates": [
     333563.56646130525,
     4679790.725965935
    ]
   },
   "properties": {
    "candidate_id": 537,
    "vote_count": 10,
    "source_tile": "K-35-062-2_Rakovski_x3696_y1680.png",
    "label": "mound"
   }
  },
  {
   "type": "Feature",
   "geometry": {
    "type": "Point",
    "coordinates": [
     333650.0000361691,
     4678616.102305952
    ]
   },
   "properties": {
    "candidate_id": 538,
    "vote_count": 10,
    "source_tile": "K-35-062-2_Rakovski_x3696_y2016.png",
    "label": "mound"
   }
  },
  {
   "type": "Feature",
   "geometry": {
    "type": "Point",
    "coordinates": [
     333916.6378174835,
     4678591.131698521
    ]
   },
   "properties": {
    "candidate_id": 539,
    "vote_count": 10,
    "source_tile": "K-35-062-2_Rakovski_x3696_y2016.png",
    "label": "mound"
   }
  },
  {
   "type": "Feature",
   "geometry": {
    "type": "Point",
    "coordinates": [
     332973.1930282067,
     4676414.873773242
    ]
   },
   "properties": {
    "candidate_id": 540,
    "vote_count": 10,
    "source_tile": "K-35-062-2_Rakovski_x3696_y2352.png",
    "label": "mound"
   }
  },
  {
   "type": "Feature",
   "geometry": {
    "type": "Point",
    "coordinates": [
     334131.05756203394,
     4674954.486464451
    ]
   },
   "properties": {
    "candidate_id": 541,
    "vote_count": 10,
    "source_tile": "K-35-062-2_Rakovski_x3696_y2688.png",
    "label": "mound"
   }
  },
  {
   "type": "Feature",
   "geometry": {
    "type": "Point",
    "coordinates": [
     332882.5870192758,
     4673868.558268666
    ]
   },
   "properties": {
    "candidate_id": 542,
    "vote_count": 10,
    "source_tile": "K-35-062-2_Rakovski_x3696_y3024.png",
    "label": "mound"
   }
  },
  {
   "type": "Feature",
   "geometry": {
    "type": "Point",
    "coordinates": [
     333411.1786535883,
     4687053.847303392
    ]
   },
   "properties": {
    "candidate_id": 543,
    "vote_count": 10,
    "source_tile": "K-35-062-2_Rakovski_x3696_y336.png",
    "label": "mound"
   }
  },
  {
   "type": "Feature",
   "geometry": {
    "type": "Point",
    "coordinates": [
     333867.05484700395,
     4686920.814380641
    ]
   },
   "properties": {
    "candidate_id": 544,
    "vote_count": 10,
    "source_tile": "K-35-062-2_Rakovski_x3696_y336.png",
    "label": "mound"
   }
  },
  {
   "type": "Feature",
   "geometry": {
    "type": "Point",
    "coordinates": [
     332820.1747287925,
     4671636.000771441
    ]
   },
   "properties": {
    "candidate_id": 545,
    "vote_count": 10,
    "source_tile": "K-35-062-2_Rakovski_x3696_y3360.png",
    "label": "mound"
   }
  },
  {
   "type": "Feature",
   "geometry": {
    "type": "Point",
    "coordinates": [
     334389.1037061638,
     4670503.935294871
    ]
   },
   "properties": {
    "candidate_id": 546,
    "vote_count": 10,
    "source_tile": "K-35-062-2_Rakovski_x3696_y3360.png",
    "label": "mound"
   }
  },
  {
   "type": "Feature",
   "geometry": {
    "type": "Point",
    "coordinates": [
     334527.57476225344,
     4687816.796381616
    ]
   },
   "properties": {
    "candidate_id": 547,
    "vote_count": 10,
    "source_tile": "K-35-062-2_Rakovski_x4032_y0.png",
    "label": "mound"
   }
  },
  {
   "type": "Feature",
   "geometry": {
    "type": "Point",
    "coordinates": [
     334268.95124573517,
     4682479.841504371
    ]
   },
   "properties": {
    "candidate_id": 548,
    "vote_count": 6,
    "source_tile": "K-35-062-2_Rakovski_x4032_y1008.png",
    "label": "mound"
   }
  },
  {
   "type": "Feature",
   "geometry": {
    "type": "Point",
    "coordinates": [
     334710.75201274554,
     4680943.10343697
    ]
   },
   "properties": {
    "candidate_id": 549,
    "vote_count": 10,
    "source_tile": "K-35-062-2_Rakovski_x4032_y1344.png",
    "label": "mound"
   }
  },
  {
   "type": "Feature",
   "geometry": {
    "type": "Point",
    "coordinates": [
     334499.83220196184,
     4681052.39525395
    ]
   },
   "properties": {
    "candidate_id": 550,
    "vote_count": 10,
    "source_tile": "K-35-062-2_Rakovski_x4032_y1344.png",
    "label": "mound"
   }
  },
  {
   "type": "Feature",
   "geometry": {
    "type": "Point",
    "coordinates": [
     334396.59566218895,
     4681220.482303418
    ]
   },
   "properties": {
    "candidate_id": 551,
    "vote_count": 10,
    "source_tile": "K-35-062-2_Rakovski_x4032_y1344.png",
    "label": "mound"
   }
  },
  {
   "type": "Feature",
   "geometry": {
    "type": "Point",
    "coordinates": [
     334562.02351796755,
     4681415.345380925
    ]
   },
   "properties": {
    "candidate_id": 552,
    "vote_count": 10,
    "source_tile": "K-35-062-2_Rakovski_x4032_y1344.png",
    "label": "mound"
   }
  },
  {
   "type": "Feature",
   "geometry": {
    "type": "Point",
    "coordinates": [
     334667.4017178822,
     4681555.518897601
    ]
   },
   "properties": {
    "candidate_id": 553,
    "vote_count": 10,
    "source_tile": "K-35-062-2_Rakovski_x4032_y1344.png",
    "label": "mound"
   }
  },
  {
   "type": "Feature",
   "geometry": {
    "type": "Point",
    "coordinates": [
     334869.883026112,
     4681421.320724645
    ]
   },
   "properties": {
    "candidate_id": 554,
    "vote_count": 7,
    "source_tile": "K-35-062-2_Rakovski_x4032_y1344.png",
    "label": "mound"
   }
  },
  {
   "type": "Feature",
   "geometry": {
    "type": "Point",
    "coordinates": [
     334852.40257437713,
     4681544.721751724
    ]
   },
   "properties": {
    "candidate_id": 555,
    "vote_count": 10,
    "source_tile": "K-35-062-2_Rakovski_x4032_y1344.png",
    "label": "mound"
   }
  },
  {
   "type": "Feature",
   "geometry": {
    "type": "Point",
    "coordinates": [
     334344.4796200026,
     4681757.336382078
    ]
   },
   "properties": {
    "candidate_id": 556,
    "vote_count": 9,
    "source_tile": "K-35-062-2_Rakovski_x4032_y1344.png",
    "label": "mound"
   }
  },
  {
   "type": "Feature",
   "geometry": {
    "type": "Point",
    "coordinates": [
     334704.14456037607,
     4681924.513204825
    ]
   },
   "properties": {
    "candidate_id": 557,
    "vote_count": 6,
    "source_tile": "K-35-062-2_Rakovski_x4032_y1344.png",
    "label": "mound"
   }
  },
  {
   "type": "Feature",
   "geometry": {
    "type": "Point",
    "coordinates": [
     334726.2481674212,
     4682078.313913761
    ]
   },
   "properties": {
    "candidate_id": 558,
    "vote_count": 10,
    "source_tile": "K-35-062-2_Rakovski_x4032_y1344.png",
    "label": "mound"
   }
  },
  {
   "type": "Feature",
   "geometry": {
    "type": "Point",
    "coordinates": [
     334883.72401640506,
     4682132.715193906
    ]
   },
   "properties": {
    "candidate_id": 559,
    "vote_count": 8,
    "source_tile": "K-35-062-2_Rakovski_x4032_y1344.png",
    "label": "mound"
   }
  },
  {
   "type": "Feature",
   "geometry": {
    "type": "Point",
    "coordinates": [
     334553.40651044727,
     4679300.720412136
    ]
   },
   "properties": {
    "candidate_id": 560,
    "vote_count": 10,
    "source_tile": "K-35-062-2_Rakovski_x4032_y1680.png",
    "label": "mound"
   }
  },
  {
   "type": "Feature",
   "geometry": {
    "type": "Point",
    "coordinates": [
     334767.9978278952,
     4677494.382572083
    ]
   },
   "properties": {
    "candidate_id": 561,
    "vote_count": 10,
    "source_tile": "K-35-062-2_Rakovski_x4032_y2016.png",
    "label": "mound"
   }
  },
  {
   "type": "Feature",
   "geometry": {
    "type": "Point",
    "coordinates": [
     334437.4089988152,
     4677010.756827711
    ]
   },
   "properties": {
    "candidate_id": 562,
    "vote_count": 9,
    "source_tile": "K-35-062-2_Rakovski_x4032_y2352.png",
    "label": "mound"
   }
  },
  {
   "type": "Feature",
   "geometry": {
    "type": "Point",
    "coordinates": [
     334547.05653582874,
     4675426.982912497
    ]
   },
   "properties": {
    "candidate_id": 563,
    "vote_count": 6,
    "source_tile": "K-35-062-2_Rakovski_x4032_y2688.png",
    "label": "mound"
   }
  },
  {
   "type": "Feature",
   "geometry": {
    "type": "Point",
    "coordinates": [
     334625.1281570704,
     4672555.3032449735
    ]
   },
   "properties": {
    "candidate_id": 564,
    "vote_count": 10,
    "source_tile": "K-35-062-2_Rakovski_x4032_y3024.png",
    "label": "mound"
   }
  },
  {
   "type": "Feature",
   "geometry": {
    "type": "Point",
    "coordinates": [
     334622.0575571099,
     4670675.113550532
    ]
   },
   "properties": {
    "candidate_id": 565,
    "vote_count": 10,
    "source_tile": "K-35-062-2_Rakovski_x4032_y3360.png",
    "label": "mound"
   }
  },
  {
   "type": "Feature",
   "geometry": {
    "type": "Point",
    "coordinates": [
     334735.1068670661,
     4685368.741564651
    ]
   },
   "properties": {
    "candidate_id": 566,
    "vote_count": 10,
    "source_tile": "K-35-062-2_Rakovski_x4032_y672.png",
    "label": "mound"
   }
  },
  {
   "type": "Feature",
   "geometry": {
    "type": "Point",
    "coordinates": [
     318553.44440166897,
     4688048.164546804
    ]
   },
   "properties": {
    "candidate_id": 567,
    "vote_count": 10,
    "source_tile": "K-35-062-2_Rakovski_x672_y0.png",
    "label": "mound"
   }
  },
  {
   "type": "Feature",
   "geometry": {
    "type": "Point",
    "coordinates": [
     317670.3830523011,
     4683828.05218544
    ]
   },
   "properties": {
    "candidate_id": 568,
    "vote_count": 10,
    "source_tile": "K-35-062-2_Rakovski_x672_y1008.png",
    "label": "mound"
   }
  },
  {
   "type": "Feature",
   "geometry": {
    "type": "Point",
    "coordinates": [
     318504.2495331258,
     4683692.541933159
    ]
   },
   "properties": {
    "candidate_id": 569,
    "vote_count": 10,
    "source_tile": "K-35-062-2_Rakovski_x672_y1008.png",
    "label": "mound"
   }
  },
  {
   "type": "Feature",
   "geometry": {
    "type": "Point",
    "coordinates": [
     318200.4649500649,
     4682390.005911721
    ]
   },
   "properties": {
    "candidate_id": 570,
    "vote_count": 10,
    "source_tile": "K-35-062-2_Rakovski_x672_y1008.png",
    "label": "mound"
   }
  },
  {
   "type": "Feature",
   "geometry": {
    "type": "Point",
    "coordinates": [
     317786.99907689774,
     4679910.933098422
    ]
   },
   "properties": {
    "candidate_id": 571,
    "vote_count": 10,
    "source_tile": "K-35-062-2_Rakovski_x672_y1680.png",
    "label": "mound"
   }
  },
  {
   "type": "Feature",
   "geometry": {
    "type": "Point",
    "coordinates": [
     318450.08776379604,
     4677779.571411917
    ]
   },
   "properties": {
    "candidate_id": 572,
    "vote_count": 10,
    "source_tile": "K-35-062-2_Rakovski_x672_y2016.png",
    "label": "mound"
   }
  },
  {
   "type": "Feature",
   "geometry": {
    "type": "Point",
    "coordinates": [
     318711.2119379472,
     4686234.651817821
    ]
   },
   "properties": {
    "candidate_id": 573,
    "vote_count": 10,
    "source_tile": "K-35-062-2_Rakovski_x672_y336.png",
    "label": "mound"
   }
  },
  {
   "type": "Feature",
   "geometry": {
    "type": "Point",
    "coordinates": [
     317602.3519117634,
     4670619.008240402
    ]
   },
   "properties": {
    "candidate_id": 574,
    "vote_count": 6,
    "source_tile": "K-35-062-2_Rakovski_x672_y3696.png",
    "label": "mound"
   }
  },
  {
   "type": "Feature",
   "geometry": {
    "type": "Point",
    "coordinates": [
     317868.70956827584,
     4684491.494330092
    ]
   },
   "properties": {
    "candidate_id": 575,
    "vote_count": 10,
    "source_tile": "K-35-062-2_Rakovski_x672_y672.png",
    "label": "mound"
   }
  },
  {
   "type": "Feature",
   "geometry": {
    "type": "Point",
    "coordinates": [
     459565.31829614856,
     4648118.310567002
    ]
   },
   "properties": {
    "candidate_id": 576,
    "vote_count": 10,
    "source_tile": "K-35-078-1_Lesovo_x0_y0.png",
    "label": "mound"
   }
  },
  {
   "type": "Feature",
   "geometry": {
    "type": "Point",
    "coordinates": [
     458949.06972024427,
     4641193.1133346725
    ]
   },
   "properties": {
    "candidate_id": 577,
    "vote_count": 10,
    "source_tile": "K-35-078-1_Lesovo_x0_y1344.png",
    "label": "mound"
   }
  },
  {
   "type": "Feature",
   "geometry": {
    "type": "Point",
    "coordinates": [
     458682.25428689085,
     4639699.065599572
    ]
   },
   "properties": {
    "candidate_id": 578,
    "vote_count": 10,
    "source_tile": "K-35-078-1_Lesovo_x0_y1680.png",
    "label": "mound"
   }
  },
  {
   "type": "Feature",
   "geometry": {
    "type": "Point",
    "coordinates": [
     459943.97277399834,
     4638881.323670906
    ]
   },
   "properties": {
    "candidate_id": 579,
    "vote_count": 10,
    "source_tile": "K-35-078-1_Lesovo_x0_y2016.png",
    "label": "mound"
   }
  },
  {
   "type": "Feature",
   "geometry": {
    "type": "Point",
    "coordinates": [
     458449.33247618645,
     4637079.977319826
    ]
   },
   "properties": {
    "candidate_id": 580,
    "vote_count": 9,
    "source_tile": "K-35-078-1_Lesovo_x0_y2352.png",
    "label": "mound"
   }
  },
  {
   "type": "Feature",
   "geometry": {
    "type": "Point",
    "coordinates": [
     458678.4894868828,
     4637093.077710617
    ]
   },
   "properties": {
    "candidate_id": 581,
    "vote_count": 9,
    "source_tile": "K-35-078-1_Lesovo_x0_y2352.png",
    "label": "mound"
   }
  },
  {
   "type": "Feature",
   "geometry": {
    "type": "Point",
    "coordinates": [
     458703.11406911333,
     4636718.0949222455
    ]
   },
   "properties": {
    "candidate_id": 582,
    "vote_count": 9,
    "source_tile": "K-35-078-1_Lesovo_x0_y2352.png",
    "label": "mound"
   }
  },
  {
   "type": "Feature",
   "geometry": {
    "type": "Point",
    "coordinates": [
     459488.7920208154,
     4636352.28833155
    ]
   },
   "properties": {
    "candidate_id": 583,
    "vote_count": 9,
    "source_tile": "K-35-078-1_Lesovo_x0_y2352.png",
    "label": "mound"
   }
  },
  {
   "type": "Feature",
   "geometry": {
    "type": "Point",
    "coordinates": [
     459759.09918291005,
     4636184.210142448
    ]
   },
   "properties": {
    "candidate_id": 584,
    "vote_count": 10,
    "source_tile": "K-35-078-1_Lesovo_x0_y2352.png",
    "label": "mound"
   }
  },
  {
   "type": "Feature",
   "geometry": {
    "type": "Point",
    "coordinates": [
     459007.487751232,
     4635857.181354641
    ]
   },
   "properties": {
    "candidate_id": 585,
    "vote_count": 7,
    "source_tile": "K-35-078-1_Lesovo_x0_y2688.png",
    "label": "mound"
   }
  },
  {
   "type": "Feature",
   "geometry": {
    "type": "Point",
    "coordinates": [
     458791.74894475844,
     4634913.88979273
    ]
   },
   "properties": {
    "candidate_id": 586,
    "vote_count": 8,
    "source_tile": "K-35-078-1_Lesovo_x0_y2688.png",
    "label": "mound"
   }
  },
  {
   "type": "Feature",
   "geometry": {
    "type": "Point",
    "coordinates": [
     460207.5202441929,
     4633567.819361076
    ]
   },
   "properties": {
    "candidate_id": 587,
    "vote_count": 10,
    "source_tile": "K-35-078-1_Lesovo_x0_y3024.png",
    "label": "mound"
   }
  },
  {
   "type": "Feature",
   "geometry": {
    "type": "Point",
    "coordinates": [
     459274.9217777895,
     4647563.254022205
    ]
   },
   "properties": {
    "candidate_id": 588,
    "vote_count": 7,
    "source_tile": "K-35-078-1_Lesovo_x0_y336.png",
    "label": "mound"
   }
  },
  {
   "type": "Feature",
   "geometry": {
    "type": "Point",
    "coordinates": [
     459061.6009073208,
     4632376.0727594085
    ]
   },
   "properties": {
    "candidate_id": 589,
    "vote_count": 10,
    "source_tile": "K-35-078-1_Lesovo_x0_y3360.png",
    "label": "mound"
   }
  },
  {
   "type": "Feature",
   "geometry": {
    "type": "Point",
    "coordinates": [
     459274.6385925087,
     4631924.626880361
    ]
   },
   "properties": {
    "candidate_id": 590,
    "vote_count": 10,
    "source_tile": "K-35-078-1_Lesovo_x0_y3360.png",
    "label": "mound"
   }
  },
  {
   "type": "Feature",
   "geometry": {
    "type": "Point",
    "coordinates": [
     459408.0030570276,
     4645582.895937954
    ]
   },
   "properties": {
    "candidate_id": 591,
    "vote_count": 7,
    "source_tile": "K-35-078-1_Lesovo_x0_y672.png",
    "label": "mound"
   }
  },
  {
   "type": "Feature",
   "geometry": {
    "type": "Point",
    "coordinates": [
     464444.73674959765,
     4640983.863077641
    ]
   },
   "properties": {
    "candidate_id": 592,
    "vote_count": 9,
    "source_tile": "K-35-078-1_Lesovo_x1008_y1680.png",
    "label": "mound"
   }
  },
  {
   "type": "Feature",
   "geometry": {
    "type": "Point",
    "coordinates": [
     464930.20697887713,
     4640873.419851348
    ]
   },
   "properties": {
    "candidate_id": 593,
    "vote_count": 6,
    "source_tile": "K-35-078-1_Lesovo_x1008_y1680.png",
    "label": "mound"
   }
  },
  {
   "type": "Feature",
   "geometry": {
    "type": "Point",
    "coordinates": [
     464555.198491191,
     4640469.574196786
    ]
   },
   "properties": {
    "candidate_id": 594,
    "vote_count": 6,
    "source_tile": "K-35-078-1_Lesovo_x1008_y1680.png",
    "label": "mound"
   }
  },
  {
   "type": "Feature",
   "geometry": {
    "type": "Point",
    "coordinates": [
     463965.2630410002,
     4640425.572767276
    ]
   },
   "properties": {
    "candidate_id": 595,
    "vote_count": 6,
    "source_tile": "K-35-078-1_Lesovo_x1008_y1680.png",
    "label": "mound"
   }
  },
  {
   "type": "Feature",
   "geometry": {
    "type": "Point",
    "coordinates": [
     464909.52074232354,
     4640176.584975366
    ]
   },
   "properties": {
    "candidate_id": 596,
    "vote_count": 9,
    "source_tile": "K-35-078-1_Lesovo_x1008_y1680.png",
    "label": "mound"
   }
  },
  {
   "type": "Feature",
   "geometry": {
    "type": "Point",
    "coordinates": [
     465161.20136691065,
     4641221.918897635
    ]
   },
   "properties": {
    "candidate_id": 597,
    "vote_count": 8,
    "source_tile": "K-35-078-1_Lesovo_x1008_y1680.png",
    "label": "mound"
   }
  },
  {
   "type": "Feature",
   "geometry": {
    "type": "Point",
    "coordinates": [
     465178.818175921,
     4640467.492976648
    ]
   },
   "properties": {
    "candidate_id": 598,
    "vote_count": 8,
    "source_tile": "K-35-078-1_Lesovo_x1008_y1680.png",
    "label": "mound"
   }
  },
  {
   "type": "Feature",
   "geometry": {
    "type": "Point",
    "coordinates": [
     465318.820615898,
     4639824.721740496
    ]
   },
   "properties": {
    "candidate_id": 599,
    "vote_count": 8,
    "source_tile": "K-35-078-1_Lesovo_x1008_y1680.png",
    "label": "mound"
   }
  },
  {
   "type": "Feature",
   "geometry": {
    "type": "Point",
    "coordinates": [
     464612.2447617267,
     4638500.059836412
    ]
   },
   "properties": {
    "candidate_id": 600,
    "vote_count": 10,
    "source_tile": "K-35-078-1_Lesovo_x1008_y2016.png",
    "label": "mound"
   }
  },
  {
   "type": "Feature",
   "geometry": {
    "type": "Point",
    "coordinates": [
     464038.1885351409,
     4636360.061051221
    ]
   },
   "properties": {
    "candidate_id": 601,
    "vote_count": 10,
    "source_tile": "K-35-078-1_Lesovo_x1008_y2352.png",
    "label": "mound"
   }
  },
  {
   "type": "Feature",
   "geometry": {
    "type": "Point",
    "coordinates": [
     464264.79692447284,
     4636194.041369706
    ]
   },
   "properties": {
    "candidate_id": 602,
    "vote_count": 7,
    "source_tile": "K-35-078-1_Lesovo_x1008_y2688.png",
    "label": "mound"
   }
  },
  {
   "type": "Feature",
   "geometry": {
    "type": "Point",
    "coordinates": [
     465970.67183456896,
     4640857.928143236
    ]
   },
   "properties": {
    "candidate_id": 603,
    "vote_count": 10,
    "source_tile": "K-35-078-1_Lesovo_x1344_y1680.png",
    "label": "mound"
   }
  },
  {
   "type": "Feature",
   "geometry": {
    "type": "Point",
    "coordinates": [
     466129.7356387457,
     4640512.642451562
    ]
   },
   "properties": {
    "candidate_id": 604,
    "vote_count": 10,
    "source_tile": "K-35-078-1_Lesovo_x1344_y1680.png",
    "label": "mound"
   }
  },
  {
   "type": "Feature",
   "geometry": {
    "type": "Point",
    "coordinates": [
     465466.05220134696,
     4640494.738299997
    ]
   },
   "properties": {
    "candidate_id": 605,
    "vote_count": 10,
    "source_tile": "K-35-078-1_Lesovo_x1344_y1680.png",
    "label": "mound"
   }
  },
  {
   "type": "Feature",
   "geometry": {
    "type": "Point",
    "coordinates": [
     465802.07921765087,
     4640459.916655717
    ]
   },
   "properties": {
    "candidate_id": 606,
    "vote_count": 10,
    "source_tile": "K-35-078-1_Lesovo_x1344_y1680.png",
    "label": "mound"
   }
  },
  {
   "type": "Feature",
   "geometry": {
    "type": "Point",
    "coordinates": [
     466365.18532525195,
     4641059.347384014
    ]
   },
   "properties": {
    "candidate_id": 607,
    "vote_count": 10,
    "source_tile": "K-35-078-1_Lesovo_x1344_y1680.png",
    "label": "mound"
   }
  },
  {
   "type": "Feature",
   "geometry": {
    "type": "Point",
    "coordinates": [
     466516.3700159232,
     4639865.17269453
    ]
   },
   "properties": {
    "candidate_id": 608,
    "vote_count": 10,
    "source_tile": "K-35-078-1_Lesovo_x1344_y1680.png",
    "label": "mound"
   }
  },
  {
   "type": "Feature",
   "geometry": {
    "type": "Point",
    "coordinates": [
     466465.9229207966,
     4638927.874722438
    ]
   },
   "properties": {
    "candidate_id": 609,
    "vote_count": 10,
    "source_tile": "K-35-078-1_Lesovo_x1344_y2016.png",
    "label": "mound"
   }
  },
  {
   "type": "Feature",
   "geometry": {
    "type": "Point",
    "coordinates": [
     465959.295846101,
     4638653.483062754
    ]
   },
   "properties": {
    "candidate_id": 610,
    "vote_count": 9,
    "source_tile": "K-35-078-1_Lesovo_x1344_y2016.png",
    "label": "mound"
   }
  },
  {
   "type": "Feature",
   "geometry": {
    "type": "Point",
    "coordinates": [
     465484.8872708591,
     4638513.649987638
    ]
   },
   "properties": {
    "candidate_id": 611,
    "vote_count": 9,
    "source_tile": "K-35-078-1_Lesovo_x1344_y2016.png",
    "label": "mound"
   }
  },
  {
   "type": "Feature",
   "geometry": {
    "type": "Point",
    "coordinates": [
     466057.3070007078,
     4638280.621296581
    ]
   },
   "properties": {
    "candidate_id": 612,
    "vote_count": 8,
    "source_tile": "K-35-078-1_Lesovo_x1344_y2016.png",
    "label": "mound"
   }
  },
  {
   "type": "Feature",
   "geometry": {
    "type": "Point",
    "coordinates": [
     466809.16562516073,
     4638467.046937578
    ]
   },
   "properties": {
    "candidate_id": 613,
    "vote_count": 10,
    "source_tile": "K-35-078-1_Lesovo_x1344_y2016.png",
    "label": "mound"
   }
  },
  {
   "type": "Feature",
   "geometry": {
    "type": "Point",
    "coordinates": [
     465801.42904904485,
     4637925.885037614
    ]
   },
   "properties": {
    "candidate_id": 614,
    "vote_count": 8,
    "source_tile": "K-35-078-1_Lesovo_x1344_y2016.png",
    "label": "mound"
   }
  },
  {
   "type": "Feature",
   "geometry": {
    "type": "Point",
    "coordinates": [
     465316.1774567665,
     4637869.831315439
    ]
   },
   "properties": {
    "candidate_id": 615,
    "vote_count": 10,
    "source_tile": "K-35-078-1_Lesovo_x1344_y2016.png",
    "label": "mound"
   }
  },
  {
   "type": "Feature",
   "geometry": {
    "type": "Point",
    "coordinates": [
     466448.05872856145,
     4636791.750782813
    ]
   },
   "properties": {
    "candidate_id": 616,
    "vote_count": 10,
    "source_tile": "K-35-078-1_Lesovo_x1344_y2352.png",
    "label": "mound"
   }
  },
  {
   "type": "Feature",
   "geometry": {
    "type": "Point",
    "coordinates": [
     465718.5674756454,
     4635705.694274238
    ]
   },
   "properties": {
    "candidate_id": 617,
    "vote_count": 9,
    "source_tile": "K-35-078-1_Lesovo_x1344_y2688.png",
    "label": "mound"
   }
  },
  {
   "type": "Feature",
   "geometry": {
    "type": "Point",
    "coordinates": [
     468166.56047871,
     4640071.439865556
    ]
   },
   "properties": {
    "candidate_id": 618,
    "vote_count": 10,
    "source_tile": "K-35-078-1_Lesovo_x1680_y1680.png",
    "label": "mound"
   }
  },
  {
   "type": "Feature",
   "geometry": {
    "type": "Point",
    "coordinates": [
     467824.55920025095,
     4638717.973658849
    ]
   },
   "properties": {
    "candidate_id": 619,
    "vote_count": 7,
    "source_tile": "K-35-078-1_Lesovo_x1680_y2016.png",
    "label": "mound"
   }
  },
  {
   "type": "Feature",
   "geometry": {
    "type": "Point",
    "coordinates": [
     467344.74708846357,
     4633842.872625575
    ]
   },
   "properties": {
    "candidate_id": 620,
    "vote_count": 10,
    "source_tile": "K-35-078-1_Lesovo_x1680_y3024.png",
    "label": "mound"
   }
  },
  {
   "type": "Feature",
   "geometry": {
    "type": "Point",
    "coordinates": [
     467387.39854498656,
     4634565.3633767115
    ]
   },
   "properties": {
    "candidate_id": 621,
    "vote_count": 7,
    "source_tile": "K-35-078-1_Lesovo_x1680_y2688.png",
    "label": "mound"
   }
  },
  {
   "type": "Feature",
   "geometry": {
    "type": "Point",
    "coordinates": [
     468276.23703811003,
     4634382.372607464
    ]
   },
   "properties": {
    "candidate_id": 622,
    "vote_count": 6,
    "source_tile": "K-35-078-1_Lesovo_x1680_y3024.png",
    "label": "mound"
   }
  },
  {
   "type": "Feature",
   "geometry": {
    "type": "Point",
    "coordinates": [
     467837.74436918105,
     4633884.82027649
    ]
   },
   "properties": {
    "candidate_id": 623,
    "vote_count": 10,
    "source_tile": "K-35-078-1_Lesovo_x1680_y3024.png",
    "label": "mound"
   }
  },
  {
   "type": "Feature",
   "geometry": {
    "type": "Point",
    "coordinates": [
     467963.1819797548,
     4633334.330966574
    ]
   },
   "properties": {
    "candidate_id": 624,
    "vote_count": 10,
    "source_tile": "K-35-078-1_Lesovo_x1680_y3024.png",
    "label": "mound"
   }
  },
  {
   "type": "Feature",
   "geometry": {
    "type": "Point",
    "coordinates": [
     467642.01958895376,
     4632989.372625695
    ]
   },
   "properties": {
    "candidate_id": 625,
    "vote_count": 10,
    "source_tile": "K-35-078-1_Lesovo_x1680_y3024.png",
    "label": "mound"
   }
  },
  {
   "type": "Feature",
   "geometry": {
    "type": "Point",
    "coordinates": [
     468320.89243666356,
     4633206.159898011
    ]
   },
   "properties": {
    "candidate_id": 626,
    "vote_count": 10,
    "source_tile": "K-35-078-1_Lesovo_x1680_y3024.png",
    "label": "mound"
   }
  },
  {
   "type": "Feature",
   "geometry": {
    "type": "Point",
    "coordinates": [
     467092.017574539,
     4632985.117452114
    ]
   },
   "properties": {
    "candidate_id": 627,
    "vote_count": 9,
    "source_tile": "K-35-078-1_Lesovo_x1680_y3024.png",
    "label": "mound"
   }
  },
  {
   "type": "Feature",
   "geometry": {
    "type": "Point",
    "coordinates": [
     468173.72617244354,
     4632261.408973731
    ]
   },
   "properties": {
    "candidate_id": 628,
    "vote_count": 6,
    "source_tile": "K-35-078-1_Lesovo_x1680_y3360.png",
    "label": "mound"
   }
  },
  {
   "type": "Feature",
   "geometry": {
    "type": "Point",
    "coordinates": [
     468053.7294990988,
     4632144.366604547
    ]
   },
   "properties": {
    "candidate_id": 629,
    "vote_count": 6,
    "source_tile": "K-35-078-1_Lesovo_x1680_y3360.png",
    "label": "mound"
   }
  },
  {
   "type": "Feature",
   "geometry": {
    "type": "Point",
    "coordinates": [
     468131.0147171767,
     4631602.869302556
    ]
   },
   "properties": {
    "candidate_id": 630,
    "vote_count": 6,
    "source_tile": "K-35-078-1_Lesovo_x1680_y3360.png",
    "label": "mound"
   }
  },
  {
   "type": "Feature",
   "geometry": {
    "type": "Point",
    "coordinates": [
     469266.20000145683,
     4649233.041322627
    ]
   },
   "properties": {
    "candidate_id": 631,
    "vote_count": 10,
    "source_tile": "K-35-078-1_Lesovo_x2016_y0.png",
    "label": "mound"
   }
  },
  {
   "type": "Feature",
   "geometry": {
    "type": "Point",
    "coordinates": [
     469346.2409109009,
     4644635.803329443
    ]
   },
   "properties": {
    "candidate_id": 632,
    "vote_count": 7,
    "source_tile": "K-35-078-1_Lesovo_x2016_y1008.png",
    "label": "mound"
   }
  },
  {
   "type": "Feature",
   "geometry": {
    "type": "Point",
    "coordinates": [
     469571.2350298735,
     4642655.614151561
    ]
   },
   "properties": {
    "candidate_id": 633,
    "vote_count": 10,
    "source_tile": "K-35-078-1_Lesovo_x2016_y1344.png",
    "label": "mound"
   }
  },
  {
   "type": "Feature",
   "geometry": {
    "type": "Point",
    "coordinates": [
     469984.20899163414,
     4639068.160235687
    ]
   },
   "properties": {
    "candidate_id": 634,
    "vote_count": 9,
    "source_tile": "K-35-078-1_Lesovo_x2016_y2016.png",
    "label": "mound"
   }
  },
  {
   "type": "Feature",
   "geometry": {
    "type": "Point",
    "coordinates": [
     469072.8245589907,
     4637697.299515752
    ]
   },
   "properties": {
    "candidate_id": 635,
    "vote_count": 10,
    "source_tile": "K-35-078-1_Lesovo_x2016_y2352.png",
    "label": "mound"
   }
  },
  {
   "type": "Feature",
   "geometry": {
    "type": "Point",
    "coordinates": [
     469626.193254385,
     4635542.401258062
    ]
   },
   "properties": {
    "candidate_id": 636,
    "vote_count": 9,
    "source_tile": "K-35-078-1_Lesovo_x2016_y2688.png",
    "label": "mound"
   }
  },
  {
   "type": "Feature",
   "geometry": {
    "type": "Point",
    "coordinates": [
     469615.311445572,
     4635890.078392219
    ]
   },
   "properties": {
    "candidate_id": 637,
    "vote_count": 7,
    "source_tile": "K-35-078-1_Lesovo_x2016_y2688.png",
    "label": "mound"
   }
  },
  {
   "type": "Feature",
   "geometry": {
    "type": "Point",
    "coordinates": [
     469118.91318316164,
     4635507.387713611
    ]
   },
   "properties": {
    "candidate_id": 638,
    "vote_count": 9,
    "source_tile": "K-35-078-1_Lesovo_x2016_y2688.png",
    "label": "mound"
   }
  },
  {
   "type": "Feature",
   "geometry": {
    "type": "Point",
    "coordinates": [
     469787.1206709683,
     4634705.005905537
    ]
   },
   "properties": {
    "candidate_id": 639,
    "vote_count": 8,
    "source_tile": "K-35-078-1_Lesovo_x2016_y2688.png",
    "label": "mound"
   }
  },
  {
   "type": "Feature",
   "geometry": {
    "type": "Point",
    "coordinates": [
     470224.6031586139,
     4635243.983834358
    ]
   },
   "properties": {
    "candidate_id": 640,
    "vote_count": 9,
    "source_tile": "K-35-078-1_Lesovo_x2016_y2688.png",
    "label": "mound"
   }
  },
  {
   "type": "Feature",
   "geometry": {
    "type": "Point",
    "coordinates": [
     470043.6271022369,
     4635604.919122024
    ]
   },
   "properties": {
    "candidate_id": 641,
    "vote_count": 9,
    "source_tile": "K-35-078-1_Lesovo_x2016_y2688.png",
    "label": "mound"
   }
  },
  {
   "type": "Feature",
   "geometry": {
    "type": "Point",
    "coordinates": [
     468743.9092247215,
     4635907.394551765
    ]
   },
   "properties": {
    "candidate_id": 642,
    "vote_count": 9,
    "source_tile": "K-35-078-1_Lesovo_x2016_y2688.png",
    "label": "mound"
   }
  },
  {
   "type": "Feature",
   "geometry": {
    "type": "Point",
    "coordinates": [
     468782.58602281223,
     4635246.270731723
    ]
   },
   "properties": {
    "candidate_id": 643,
    "vote_count": 9,
    "source_tile": "K-35-078-1_Lesovo_x2016_y2688.png",
    "label": "mound"
   }
  },
  {
   "type": "Feature",
   "geometry": {
    "type": "Point",
    "coordinates": [
     469271.3305100433,
     4634711.763806986
    ]
   },
   "properties": {
    "candidate_id": 644,
    "vote_count": 8,
    "source_tile": "K-35-078-1_Lesovo_x2016_y2688.png",
    "label": "mound"
   }
  },
  {
   "type": "Feature",
   "geometry": {
    "type": "Point",
    "coordinates": [
     469643.8208862131,
     4633368.389415937
    ]
   },
   "properties": {
    "candidate_id": 645,
    "vote_count": 10,
    "source_tile": "K-35-078-1_Lesovo_x2016_y3024.png",
    "label": "mound"
   }
  },
  {
   "type": "Feature",
   "geometry": {
    "type": "Point",
    "coordinates": [
     469579.7984627174,
     4633674.767307144
    ]
   },
   "properties": {
    "candidate_id": 646,
    "vote_count": 10,
    "source_tile": "K-35-078-1_Lesovo_x2016_y3024.png",
    "label": "mound"
   }
  },
  {
   "type": "Feature",
   "geometry": {
    "type": "Point",
    "coordinates": [
     469140.1365682738,
     4633260.079000579
    ]
   },
   "properties": {
    "candidate_id": 647,
    "vote_count": 10,
    "source_tile": "K-35-078-1_Lesovo_x2016_y3024.png",
    "label": "mound"
   }
  },
  {
   "type": "Feature",
   "geometry": {
    "type": "Point",
    "coordinates": [
     469359.83125165664,
     4633463.20130216
    ]
   },
   "properties": {
    "candidate_id": 648,
    "vote_count": 10,
    "source_tile": "K-35-078-1_Lesovo_x2016_y3024.png",
    "label": "mound"
   }
  },
  {
   "type": "Feature",
   "geometry": {
    "type": "Point",
    "coordinates": [
     468777.13735513366,
     4633453.183620265
    ]
   },
   "properties": {
    "candidate_id": 649,
    "vote_count": 7,
    "source_tile": "K-35-078-1_Lesovo_x2016_y3024.png",
    "label": "mound"
   }
  },
  {
   "type": "Feature",
   "geometry": {
    "type": "Point",
    "coordinates": [
     468764.1043996092,
     4647652.376545505
    ]
   },
   "properties": {
    "candidate_id": 650,
    "vote_count": 8,
    "source_tile": "K-35-078-1_Lesovo_x2016_y336.png",
    "label": "mound"
   }
  },
  {
   "type": "Feature",
   "geometry": {
    "type": "Point",
    "coordinates": [
     469028.26531569235,
     4647569.166908249
    ]
   },
   "properties": {
    "candidate_id": 651,
    "vote_count": 8,
    "source_tile": "K-35-078-1_Lesovo_x2016_y336.png",
    "label": "mound"
   }
  },
  {
   "type": "Feature",
   "geometry": {
    "type": "Point",
    "coordinates": [
     469650.79349401564,
     4647574.804553555
    ]
   },
   "properties": {
    "candidate_id": 652,
    "vote_count": 7,
    "source_tile": "K-35-078-1_Lesovo_x2016_y336.png",
    "label": "mound"
   }
  },
  {
   "type": "Feature",
   "geometry": {
    "type": "Point",
    "coordinates": [
     469370.7997218151,
     4646543.866286544
    ]
   },
   "properties": {
    "candidate_id": 653,
    "vote_count": 6,
    "source_tile": "K-35-078-1_Lesovo_x2016_y336.png",
    "label": "mound"
   }
  },
  {
   "type": "Feature",
   "geometry": {
    "type": "Point",
    "coordinates": [
     468511.55041998904,
     4631527.456465772
    ]
   },
   "properties": {
    "candidate_id": 654,
    "vote_count": 7,
    "source_tile": "K-35-078-1_Lesovo_x2016_y3360.png",
    "label": "mound"
   }
  },
  {
   "type": "Feature",
   "geometry": {
    "type": "Point",
    "coordinates": [
     469857.72620854893,
     4645971.085407882
    ]
   },
   "properties": {
    "candidate_id": 655,
    "vote_count": 10,
    "source_tile": "K-35-078-1_Lesovo_x2016_y672.png",
    "label": "mound"
   }
  },
  {
   "type": "Feature",
   "geometry": {
    "type": "Point",
    "coordinates": [
     469932.96078779746,
     4645343.333876626
    ]
   },
   "properties": {
    "candidate_id": 656,
    "vote_count": 7,
    "source_tile": "K-35-078-1_Lesovo_x2016_y672.png",
    "label": "mound"
   }
  },
  {
   "type": "Feature",
   "geometry": {
    "type": "Point",
    "coordinates": [
     470387.60362282436,
     4646358.683300071
    ]
   },
   "properties": {
    "candidate_id": 657,
    "vote_count": 9,
    "source_tile": "K-35-078-1_Lesovo_x2016_y336.png",
    "label": "mound"
   }
  },
  {
   "type": "Feature",
   "geometry": {
    "type": "Point",
    "coordinates": [
     469546.7429838574,
     4646281.854447457
    ]
   },
   "properties": {
    "candidate_id": 658,
    "vote_count": 7,
    "source_tile": "K-35-078-1_Lesovo_x2016_y336.png",
    "label": "mound"
   }
  },
  {
   "type": "Feature",
   "geometry": {
    "type": "Point",
    "coordinates": [
     469017.29797122366,
     4645511.594846434
    ]
   },
   "properties": {
    "candidate_id": 659,
    "vote_count": 8,
    "source_tile": "K-35-078-1_Lesovo_x2016_y672.png",
    "label": "mound"
   }
  },
  {
   "type": "Feature",
   "geometry": {
    "type": "Point",
    "coordinates": [
     468994.85458967474,
     4644755.575761761
    ]
   },
   "properties": {
    "candidate_id": 660,
    "vote_count": 8,
    "source_tile": "K-35-078-1_Lesovo_x2016_y672.png",
    "label": "mound"
   }
  },
  {
   "type": "Feature",
   "geometry": {
    "type": "Point",
    "coordinates": [
     471017.1249376024,
     4648254.040438442
    ]
   },
   "properties": {
    "candidate_id": 661,
    "vote_count": 10,
    "source_tile": "K-35-078-1_Lesovo_x2352_y0.png",
    "label": "mound"
   }
  },
  {
   "type": "Feature",
   "geometry": {
    "type": "Point",
    "coordinates": [
     471208.85059507773,
     4643338.619318512
    ]
   },
   "properties": {
    "candidate_id": 662,
    "vote_count": 10,
    "source_tile": "K-35-078-1_Lesovo_x2352_y1008.png",
    "label": "mound"
   }
  },
  {
   "type": "Feature",
   "geometry": {
    "type": "Point",
    "coordinates": [
     470761.25739571895,
     4642562.461416266
    ]
   },
   "properties": {
    "candidate_id": 663,
    "vote_count": 10,
    "source_tile": "K-35-078-1_Lesovo_x2352_y1344.png",
    "label": "mound"
   }
  },
  {
   "type": "Feature",
   "geometry": {
    "type": "Point",
    "coordinates": [
     470343.1797887819,
     4641769.443095717
    ]
   },
   "properties": {
    "candidate_id": 664,
    "vote_count": 7,
    "source_tile": "K-35-078-1_Lesovo_x2352_y1344.png",
    "label": "mound"
   }
  },
  {
   "type": "Feature",
   "geometry": {
    "type": "Point",
    "coordinates": [
     470959.62903755927,
     4642395.769850206
    ]
   },
   "properties": {
    "candidate_id": 665,
    "vote_count": 7,
    "source_tile": "K-35-078-1_Lesovo_x2352_y1344.png",
    "label": "mound"
   }
  },
  {
   "type": "Feature",
   "geometry": {
    "type": "Point",
    "coordinates": [
     471282.87635889923,
     4642005.075907972
    ]
   },
   "properties": {
    "candidate_id": 666,
    "vote_count": 8,
    "source_tile": "K-35-078-1_Lesovo_x2352_y1344.png",
    "label": "mound"
   }
  },
  {
   "type": "Feature",
   "geometry": {
    "type": "Point",
    "coordinates": [
     470952.84368001646,
     4641587.2802968025
    ]
   },
   "properties": {
    "candidate_id": 667,
    "vote_count": 7,
    "source_tile": "K-35-078-1_Lesovo_x2352_y1344.png",
    "label": "mound"
   }
  },
  {
   "type": "Feature",
   "geometry": {
    "type": "Point",
    "coordinates": [
     471243.1531939225,
     4641367.372188387
    ]
   },
   "properties": {
    "candidate_id": 668,
    "vote_count": 8,
    "source_tile": "K-35-078-1_Lesovo_x2352_y1344.png",
    "label": "mound"
   }
  },
  {
   "type": "Feature",
   "geometry": {
    "type": "Point",
    "coordinates": [
     471837.80183969263,
     4641964.661764461
    ]
   },
   "properties": {
    "candidate_id": 669,
    "vote_count": 10,
    "source_tile": "K-35-078-1_Lesovo_x2352_y1344.png",
    "label": "mound"
   }
  },
  {
   "type": "Feature",
   "geometry": {
    "type": "Point",
    "coordinates": [
     470865.7105983404,
     4640982.859388135
    ]
   },
   "properties": {
    "candidate_id": 670,
    "vote_count": 6,
    "source_tile": "K-35-078-1_Lesovo_x2352_y1680.png",
    "label": "mound"
   }
  },
  {
   "type": "Feature",
   "geometry": {
    "type": "Point",
    "coordinates": [
     470750.9730339756,
     4640808.014966448
    ]
   },
   "properties": {
    "candidate_id": 671,
    "vote_count": 6,
    "source_tile": "K-35-078-1_Lesovo_x2352_y1680.png",
    "label": "mound"
   }
  },
  {
   "type": "Feature",
   "geometry": {
    "type": "Point",
    "coordinates": [
     470770.08189398283,
     4640372.923431897
    ]
   },
   "properties": {
    "candidate_id": 672,
    "vote_count": 6,
    "source_tile": "K-35-078-1_Lesovo_x2352_y1680.png",
    "label": "mound"
   }
  },
  {
   "type": "Feature",
   "geometry": {
    "type": "Point",
    "coordinates": [
     470519.25269272743,
     4639740.53658846
    ]
   },
   "properties": {
    "candidate_id": 673,
    "vote_count": 6,
    "source_tile": "K-35-078-1_Lesovo_x2352_y1680.png",
    "label": "mound"
   }
  },
  {
   "type": "Feature",
   "geometry": {
    "type": "Point",
    "coordinates": [
     470681.9343351668,
     4639509.256666398
    ]
   },
   "properties": {
    "candidate_id": 674,
    "vote_count": 7,
    "source_tile": "K-35-078-1_Lesovo_x2352_y1680.png",
    "label": "mound"
   }
  },
  {
   "type": "Feature",
   "geometry": {
    "type": "Point",
    "coordinates": [
     471794.5937923877,
     4639557.275258184
    ]
   },
   "properties": {
    "candidate_id": 675,
    "vote_count": 7,
    "source_tile": "K-35-078-1_Lesovo_x2352_y1680.png",
    "label": "mound"
   }
  },
  {
   "type": "Feature",
   "geometry": {
    "type": "Point",
    "coordinates": [
     470837.58176211466,
     4639259.02349719
    ]
   },
   "properties": {
    "candidate_id": 676,
    "vote_count": 10,
    "source_tile": "K-35-078-1_Lesovo_x2352_y2016.png",
    "label": "mound"
   }
  },
  {
   "type": "Feature",
   "geometry": {
    "type": "Point",
    "coordinates": [
     471789.7895825225,
     4639245.080782383
    ]
   },
   "properties": {
    "candidate_id": 677,
    "vote_count": 6,
    "source_tile": "K-35-078-1_Lesovo_x2352_y2016.png",
    "label": "mound"
   }
  },
  {
   "type": "Feature",
   "geometry": {
    "type": "Point",
    "coordinates": [
     471500.5935745898,
     4638940.681528124
    ]
   },
   "properties": {
    "candidate_id": 678,
    "vote_count": 6,
    "source_tile": "K-35-078-1_Lesovo_x2352_y2016.png",
    "label": "mound"
   }
  },
  {
   "type": "Feature",
   "geometry": {
    "type": "Point",
    "coordinates": [
     470506.23958737403,
     4638581.890517056
    ]
   },
   "properties": {
    "candidate_id": 679,
    "vote_count": 6,
    "source_tile": "K-35-078-1_Lesovo_x2352_y2016.png",
    "label": "mound"
   }
  },
  {
   "type": "Feature",
   "geometry": {
    "type": "Point",
    "coordinates": [
     472000.47986684274,
     4638005.277876387
    ]
   },
   "properties": {
    "candidate_id": 680,
    "vote_count": 10,
    "source_tile": "K-35-078-1_Lesovo_x2352_y2016.png",
    "label": "mound"
   }
  },
  {
   "type": "Feature",
   "geometry": {
    "type": "Point",
    "coordinates": [
     471968.03479879664,
     4638782.27402472
    ]
   },
   "properties": {
    "candidate_id": 681,
    "vote_count": 10,
    "source_tile": "K-35-078-1_Lesovo_x2352_y2016.png",
    "label": "mound"
   }
  },
  {
   "type": "Feature",
   "geometry": {
    "type": "Point",
    "coordinates": [
     470247.95136446255,
     4639320.643195861
    ]
   },
   "properties": {
    "candidate_id": 682,
    "vote_count": 6,
    "source_tile": "K-35-078-1_Lesovo_x2352_y2016.png",
    "label": "mound"
   }
  },
  {
   "type": "Feature",
   "geometry": {
    "type": "Point",
    "coordinates": [
     471386.9108005558,
     4637546.615457755
    ]
   },
   "properties": {
    "candidate_id": 683,
    "vote_count": 10,
    "source_tile": "K-35-078-1_Lesovo_x2352_y2352.png",
    "label": "mound"
   }
  },
  {
   "type": "Feature",
   "geometry": {
    "type": "Point",
    "coordinates": [
     471434.297396973,
     4636992.059019225
    ]
   },
   "properties": {
    "candidate_id": 684,
    "vote_count": 10,
    "source_tile": "K-35-078-1_Lesovo_x2352_y2352.png",
    "label": "mound"
   }
  },
  {
   "type": "Feature",
   "geometry": {
    "type": "Point",
    "coordinates": [
     471722.2308427341,
     4637751.900000951
    ]
   },
   "properties": {
    "candidate_id": 685,
    "vote_count": 10,
    "source_tile": "K-35-078-1_Lesovo_x2352_y2352.png",
    "label": "mound"
   }
  },
  {
   "type": "Feature",
   "geometry": {
    "type": "Point",
    "coordinates": [
     471341.586494678,
     4635601.910517747
    ]
   },
   "properties": {
    "candidate_id": 686,
    "vote_count": 9,
    "source_tile": "K-35-078-1_Lesovo_x2352_y2688.png",
    "label": "mound"
   }
  },
  {
   "type": "Feature",
   "geometry": {
    "type": "Point",
    "coordinates": [
     471602.47840135277,
     4635889.983568058
    ]
   },
   "properties": {
    "candidate_id": 687,
    "vote_count": 9,
    "source_tile": "K-35-078-1_Lesovo_x2352_y2688.png",
    "label": "mound"
   }
  },
  {
   "type": "Feature",
   "geometry": {
    "type": "Point",
    "coordinates": [
     471013.5835054953,
     4635121.596525606
    ]
   },
   "properties": {
    "candidate_id": 688,
    "vote_count": 7,
    "source_tile": "K-35-078-1_Lesovo_x2352_y2688.png",
    "label": "mound"
   }
  },
  {
   "type": "Feature",
   "geometry": {
    "type": "Point",
    "coordinates": [
     470456.70926723944,
     4634559.748801666
    ]
   },
   "properties": {
    "candidate_id": 689,
    "vote_count": 8,
    "source_tile": "K-35-078-1_Lesovo_x2352_y2688.png",
    "label": "mound"
   }
  },
  {
   "type": "Feature",
   "geometry": {
    "type": "Point",
    "coordinates": [
     472000.3205063706,
     4634440.045381082
    ]
   },
   "properties": {
    "candidate_id": 690,
    "vote_count": 8,
    "source_tile": "K-35-078-1_Lesovo_x2352_y3024.png",
    "label": "mound"
   }
  },
  {
   "type": "Feature",
   "geometry": {
    "type": "Point",
    "coordinates": [
     471789.810059212,
     4648081.382455499
    ]
   },
   "properties": {
    "candidate_id": 691,
    "vote_count": 10,
    "source_tile": "K-35-078-1_Lesovo_x2352_y336.png",
    "label": "mound"
   }
  },
  {
   "type": "Feature",
   "geometry": {
    "type": "Point",
    "coordinates": [
     471282.50671622955,
     4647141.2127426565
    ]
   },
   "properties": {
    "candidate_id": 692,
    "vote_count": 10,
    "source_tile": "K-35-078-1_Lesovo_x2352_y336.png",
    "label": "mound"
   }
  },
  {
   "type": "Feature",
   "geometry": {
    "type": "Point",
    "coordinates": [
     471801.74963874865,
     4647125.029919472
    ]
   },
   "properties": {
    "candidate_id": 693,
    "vote_count": 10,
    "source_tile": "K-35-078-1_Lesovo_x2352_y336.png",
    "label": "mound"
   }
  },
  {
   "type": "Feature",
   "geometry": {
    "type": "Point",
    "coordinates": [
     471179.56188025564,
     4646640.549874453
    ]
   },
   "properties": {
    "candidate_id": 694,
    "vote_count": 9,
    "source_tile": "K-35-078-1_Lesovo_x2352_y336.png",
    "label": "mound"
   }
  },
  {
   "type": "Feature",
   "geometry": {
    "type": "Point",
    "coordinates": [
     471032.7910287468,
     4631412.627324036
    ]
   },
   "properties": {
    "candidate_id": 695,
    "vote_count": 10,
    "source_tile": "K-35-078-1_Lesovo_x2352_y3360.png",
    "label": "mound"
   }
  },
  {
   "type": "Feature",
   "geometry": {
    "type": "Point",
    "coordinates": [
     471046.07891794416,
     4646010.44091894
    ]
   },
   "properties": {
    "candidate_id": 696,
    "vote_count": 6,
    "source_tile": "K-35-078-1_Lesovo_x2352_y672.png",
    "label": "mound"
   }
  },
  {
   "type": "Feature",
   "geometry": {
    "type": "Point",
    "coordinates": [
     472310.07598769735,
     4649066.283364885
    ]
   },
   "properties": {
    "candidate_id": 697,
    "vote_count": 10,
    "source_tile": "K-35-078-1_Lesovo_x2688_y0.png",
    "label": "mound"
   }
  },
  {
   "type": "Feature",
   "geometry": {
    "type": "Point",
    "coordinates": [
     472667.01653506537,
     4649440.737500467
    ]
   },
   "properties": {
    "candidate_id": 698,
    "vote_count": 7,
    "source_tile": "K-35-078-1_Lesovo_x2688_y0.png",
    "label": "mound"
   }
  },
  {
   "type": "Feature",
   "geometry": {
    "type": "Point",
    "coordinates": [
     472954.8768513317,
     4648410.714275929
    ]
   },
   "properties": {
    "candidate_id": 699,
    "vote_count": 10,
    "source_tile": "K-35-078-1_Lesovo_x2688_y0.png",
    "label": "mound"
   }
  },
  {
   "type": "Feature",
   "geometry": {
    "type": "Point",
    "coordinates": [
     472291.65681607224,
     4648294.804004937
    ]
   },
   "properties": {
    "candidate_id": 700,
    "vote_count": 10,
    "source_tile": "K-35-078-1_Lesovo_x2688_y0.png",
    "label": "mound"
   }
  },
  {
   "type": "Feature",
   "geometry": {
    "type": "Point",
    "coordinates": [
     472757.96745582303,
     4648106.245043418
    ]
   },
   "properties": {
    "candidate_id": 701,
    "vote_count": 10,
    "source_tile": "K-35-078-1_Lesovo_x2688_y0.png",
    "label": "mound"
   }
  },
  {
   "type": "Feature",
   "geometry": {
    "type": "Point",
    "coordinates": [
     473487.27136577474,
     4648435.796113525
    ]
   },
   "properties": {
    "candidate_id": 702,
    "vote_count": 8,
    "source_tile": "K-35-078-1_Lesovo_x2688_y0.png",
    "label": "mound"
   }
  },
  {
   "type": "Feature",
   "geometry": {
    "type": "Point",
    "coordinates": [
     473549.41401064285,
     4648351.2921311315
    ]
   },
   "properties": {
    "candidate_id": 703,
    "vote_count": 6,
    "source_tile": "K-35-078-1_Lesovo_x2688_y0.png",
    "label": "mound"
   }
  },
  {
   "type": "Feature",
   "geometry": {
    "type": "Point",
    "coordinates": [
     473465.9692687728,
     4648166.405151075
    ]
   },
   "properties": {
    "candidate_id": 704,
    "vote_count": 10,
    "source_tile": "K-35-078-1_Lesovo_x2688_y0.png",
    "label": "mound"
   }
  },
  {
   "type": "Feature",
   "geometry": {
    "type": "Point",
    "coordinates": [
     472040.7697362483,
     4644619.800600785
    ]
   },
   "properties": {
    "candidate_id": 705,
    "vote_count": 7,
    "source_tile": "K-35-078-1_Lesovo_x2688_y1008.png",
    "label": "mound"
   }
  },
  {
   "type": "Feature",
   "geometry": {
    "type": "Point",
    "coordinates": [
     472589.93317551276,
     4644727.579701635
    ]
   },
   "properties": {
    "candidate_id": 706,
    "vote_count": 7,
    "source_tile": "K-35-078-1_Lesovo_x2688_y1008.png",
    "label": "mound"
   }
  },
  {
   "type": "Feature",
   "geometry": {
    "type": "Point",
    "coordinates": [
     472413.9191018845,
     4642982.208274551
    ]
   },
   "properties": {
    "candidate_id": 707,
    "vote_count": 10,
    "source_tile": "K-35-078-1_Lesovo_x2688_y1008.png",
    "label": "mound"
   }
  },
  {
   "type": "Feature",
   "geometry": {
    "type": "Point",
    "coordinates": [
     473277.8147178659,
     4642983.903727255
    ]
   },
   "properties": {
    "candidate_id": 708,
    "vote_count": 7,
    "source_tile": "K-35-078-1_Lesovo_x2688_y1008.png",
    "label": "mound"
   }
  },
  {
   "type": "Feature",
   "geometry": {
    "type": "Point",
    "coordinates": [
     472147.96877184836,
     4642831.468184951
    ]
   },
   "properties": {
    "candidate_id": 709,
    "vote_count": 8,
    "source_tile": "K-35-078-1_Lesovo_x2688_y1344.png",
    "label": "mound"
   }
  },
  {
   "type": "Feature",
   "geometry": {
    "type": "Point",
    "coordinates": [
     472972.5046509082,
     4642571.362662858
    ]
   },
   "properties": {
    "candidate_id": 710,
    "vote_count": 10,
    "source_tile": "K-35-078-1_Lesovo_x2688_y1344.png",
    "label": "mound"
   }
  },
  {
   "type": "Feature",
   "geometry": {
    "type": "Point",
    "coordinates": [
     472505.5113332846,
     4642422.15376157
    ]
   },
   "properties": {
    "candidate_id": 711,
    "vote_count": 10,
    "source_tile": "K-35-078-1_Lesovo_x2688_y1344.png",
    "label": "mound"
   }
  },
  {
   "type": "Feature",
   "geometry": {
    "type": "Point",
    "coordinates": [
     473557.68663015263,
     4642406.05950243
    ]
   },
   "properties": {
    "candidate_id": 712,
    "vote_count": 8,
    "source_tile": "K-35-078-1_Lesovo_x2688_y1344.png",
    "label": "mound"
   }
  },
  {
   "type": "Feature",
   "geometry": {
    "type": "Point",
    "coordinates": [
     472123.66640591965,
     4642299.84318882
    ]
   },
   "properties": {
    "candidate_id": 713,
    "vote_count": 9,
    "source_tile": "K-35-078-1_Lesovo_x2688_y1344.png",
    "label": "mound"
   }
  },
  {
   "type": "Feature",
   "geometry": {
    "type": "Point",
    "coordinates": [
     473040.9663248183,
     4642129.761036734
    ]
   },
   "properties": {
    "candidate_id": 714,
    "vote_count": 10,
    "source_tile": "K-35-078-1_Lesovo_x2688_y1344.png",
    "label": "mound"
   }
  },
  {
   "type": "Feature",
   "geometry": {
    "type": "Point",
    "coordinates": [
     473460.9779019294,
     4642084.212995596
    ]
   },
   "properties": {
    "candidate_id": 715,
    "vote_count": 10,
    "source_tile": "K-35-078-1_Lesovo_x2688_y1344.png",
    "label": "mound"
   }
  },
  {
   "type": "Feature",
   "geometry": {
    "type": "Point",
    "coordinates": [
     472139.114052532,
     4641925.946571557
    ]
   },
   "properties": {
    "candidate_id": 716,
    "vote_count": 10,
    "source_tile": "K-35-078-1_Lesovo_x2688_y1344.png",
    "label": "mound"
   }
  },
  {
   "type": "Feature",
   "geometry": {
    "type": "Point",
    "coordinates": [
     472545.32113427646,
     4641760.597986821
    ]
   },
   "properties": {
    "candidate_id": 717,
    "vote_count": 10,
    "source_tile": "K-35-078-1_Lesovo_x2688_y1344.png",
    "label": "mound"
   }
  },
  {
   "type": "Feature",
   "geometry": {
    "type": "Point",
    "coordinates": [
     473055.33861181635,
     4641656.166763712
    ]
   },
   "properties": {
    "candidate_id": 718,
    "vote_count": 10,
    "source_tile": "K-35-078-1_Lesovo_x2688_y1344.png",
    "label": "mound"
   }
  },
  {
   "type": "Feature",
   "geometry": {
    "type": "Point",
    "coordinates": [
     473465.15525874455,
     4641492.966991145
    ]
   },
   "properties": {
    "candidate_id": 719,
    "vote_count": 10,
    "source_tile": "K-35-078-1_Lesovo_x2688_y1344.png",
    "label": "mound"
   }
  },
  {
   "type": "Feature",
   "geometry": {
    "type": "Point",
    "coordinates": [
     472292.2104330834,
     4641362.318566671
    ]
   },
   "properties": {
    "candidate_id": 720,
    "vote_count": 10,
    "source_tile": "K-35-078-1_Lesovo_x2688_y1344.png",
    "label": "mound"
   }
  },
  {
   "type": "Feature",
   "geometry": {
    "type": "Point",
    "coordinates": [
     472785.98819346435,
     4641319.552800968
    ]
   },
   "properties": {
    "candidate_id": 721,
    "vote_count": 10,
    "source_tile": "K-35-078-1_Lesovo_x2688_y1344.png",
    "label": "mound"
   }
  },
  {
   "type": "Feature",
   "geometry": {
    "type": "Point",
    "coordinates": [
     472922.1982554163,
     4639156.4102222035
    ]
   },
   "properties": {
    "candidate_id": 722,
    "vote_count": 10,
    "source_tile": "K-35-078-1_Lesovo_x2688_y2016.png",
    "label": "mound"
   }
  },
  {
   "type": "Feature",
   "geometry": {
    "type": "Point",
    "coordinates": [
     473233.7337771109,
     4639068.184933199
    ]
   },
   "properties": {
    "candidate_id": 723,
    "vote_count": 10,
    "source_tile": "K-35-078-1_Lesovo_x2688_y2016.png",
    "label": "mound"
   }
  },
  {
   "type": "Feature",
   "geometry": {
    "type": "Point",
    "coordinates": [
     473390.45769573894,
     4638680.10700565
    ]
   },
   "properties": {
    "candidate_id": 724,
    "vote_count": 10,
    "source_tile": "K-35-078-1_Lesovo_x2688_y2016.png",
    "label": "mound"
   }
  },
  {
   "type": "Feature",
   "geometry": {
    "type": "Point",
    "coordinates": [
     472860.95095985977,
     4638364.231493742
    ]
   },
   "properties": {
    "candidate_id": 725,
    "vote_count": 6,
    "source_tile": "K-35-078-1_Lesovo_x2688_y2016.png",
    "label": "mound"
   }
  },
  {
   "type": "Feature",
   "geometry": {
    "type": "Point",
    "coordinates": [
     473651.44729783543,
     4638128.656259199
    ]
   },
   "properties": {
    "candidate_id": 726,
    "vote_count": 10,
    "source_tile": "K-35-078-1_Lesovo_x2688_y2016.png",
    "label": "mound"
   }
  },
  {
   "type": "Feature",
   "geometry": {
    "type": "Point",
    "coordinates": [
     472520.2835380094,
     4638046.997401027
    ]
   },
   "properties": {
    "candidate_id": 727,
    "vote_count": 10,
    "source_tile": "K-35-078-1_Lesovo_x2688_y2016.png",
    "label": "mound"
   }
  },
  {
   "type": "Feature",
   "geometry": {
    "type": "Point",
    "coordinates": [
     472654.3196131458,
     4638127.75415572
    ]
   },
   "properties": {
    "candidate_id": 728,
    "vote_count": 10,
    "source_tile": "K-35-078-1_Lesovo_x2688_y2016.png",
    "label": "mound"
   }
  },
  {
   "type": "Feature",
   "geometry": {
    "type": "Point",
    "coordinates": [
     472251.57606258476,
     4638469.61595441
    ]
   },
   "properties": {
    "candidate_id": 729,
    "vote_count": 10,
    "source_tile": "K-35-078-1_Lesovo_x2688_y2016.png",
    "label": "mound"
   }
  },
  {
   "type": "Feature",
   "geometry": {
    "type": "Point",
    "coordinates": [
     472665.535952255,
     4639298.398228652
    ]
   },
   "properties": {
    "candidate_id": 730,
    "vote_count": 10,
    "source_tile": "K-35-078-1_Lesovo_x2688_y2016.png",
    "label": "mound"
   }
  },
  {
   "type": "Feature",
   "geometry": {
    "type": "Point",
    "coordinates": [
     473049.77935991006,
     4639598.042595075
    ]
   },
   "properties": {
    "candidate_id": 731,
    "vote_count": 9,
    "source_tile": "K-35-078-1_Lesovo_x2688_y1680.png",
    "label": "mound"
   }
  },
  {
   "type": "Feature",
   "geometry": {
    "type": "Point",
    "coordinates": [
     472313.85543829645,
     4637078.739754422
    ]
   },
   "properties": {
    "candidate_id": 732,
    "vote_count": 9,
    "source_tile": "K-35-078-1_Lesovo_x2688_y2352.png",
    "label": "mound"
   }
  },
  {
   "type": "Feature",
   "geometry": {
    "type": "Point",
    "coordinates": [
     472235.43360001646,
     4632964.119366398
    ]
   },
   "properties": {
    "candidate_id": 733,
    "vote_count": 10,
    "source_tile": "K-35-078-1_Lesovo_x2688_y3024.png",
    "label": "mound"
   }
  },
  {
   "type": "Feature",
   "geometry": {
    "type": "Point",
    "coordinates": [
     472490.3521113867,
     4633216.385538957
    ]
   },
   "properties": {
    "candidate_id": 734,
    "vote_count": 10,
    "source_tile": "K-35-078-1_Lesovo_x2688_y3024.png",
    "label": "mound"
   }
  },
  {
   "type": "Feature",
   "geometry": {
    "type": "Point",
    "coordinates": [
     472749.6749309284,
     4633366.054234033
    ]
   },
   "properties": {
    "candidate_id": 735,
    "vote_count": 10,
    "source_tile": "K-35-078-1_Lesovo_x2688_y3024.png",
    "label": "mound"
   }
  },
  {
   "type": "Feature",
   "geometry": {
    "type": "Point",
    "coordinates": [
     473671.6197924249,
     4633058.373644079
    ]
   },
   "properties": {
    "candidate_id": 736,
    "vote_count": 10,
    "source_tile": "K-35-078-1_Lesovo_x2688_y3024.png",
    "label": "mound"
   }
  },
  {
   "type": "Feature",
   "geometry": {
    "type": "Point",
    "coordinates": [
     473687.61390224635,
     4646929.258818379
    ]
   },
   "properties": {
    "candidate_id": 737,
    "vote_count": 10,
    "source_tile": "K-35-078-1_Lesovo_x2688_y336.png",
    "label": "mound"
   }
  },
  {
   "type": "Feature",
   "geometry": {
    "type": "Point",
    "coordinates": [
     473471.490965121,
     4632773.441465147
    ]
   },
   "properties": {
    "candidate_id": 738,
    "vote_count": 7,
    "source_tile": "K-35-078-1_Lesovo_x2688_y3360.png",
    "label": "mound"
   }
  },
  {
   "type": "Feature",
   "geometry": {
    "type": "Point",
    "coordinates": [
     472694.57075765677,
     4631397.078910353
    ]
   },
   "properties": {
    "candidate_id": 739,
    "vote_count": 8,
    "source_tile": "K-35-078-1_Lesovo_x2688_y3360.png",
    "label": "mound"
   }
  },
  {
   "type": "Feature",
   "geometry": {
    "type": "Point",
    "coordinates": [
     472483.4225056249,
     4645344.873569357
    ]
   },
   "properties": {
    "candidate_id": 740,
    "vote_count": 9,
    "source_tile": "K-35-078-1_Lesovo_x2688_y672.png",
    "label": "mound"
   }
  },
  {
   "type": "Feature",
   "geometry": {
    "type": "Point",
    "coordinates": [
     474977.38344457245,
     4648410.176433218
    ]
   },
   "properties": {
    "candidate_id": 741,
    "vote_count": 10,
    "source_tile": "K-35-078-1_Lesovo_x3024_y0.png",
    "label": "mound"
   }
  },
  {
   "type": "Feature",
   "geometry": {
    "type": "Point",
    "coordinates": [
     475015.5393283466,
     4642961.038748875
    ]
   },
   "properties": {
    "candidate_id": 742,
    "vote_count": 10,
    "source_tile": "K-35-078-1_Lesovo_x3024_y1008.png",
    "label": "mound"
   }
  },
  {
   "type": "Feature",
   "geometry": {
    "type": "Point",
    "coordinates": [
     475053.0219964312,
     4642964.571037053
    ]
   },
   "properties": {
    "candidate_id": 743,
    "vote_count": 6,
    "source_tile": "K-35-078-1_Lesovo_x3024_y1344.png",
    "label": "mound"
   }
  },
  {
   "type": "Feature",
   "geometry": {
    "type": "Point",
    "coordinates": [
     474425.460857699,
     4639201.699343854
    ]
   },
   "properties": {
    "candidate_id": 744,
    "vote_count": 10,
    "source_tile": "K-35-078-1_Lesovo_x3024_y2016.png",
    "label": "mound"
   }
  },
  {
   "type": "Feature",
   "geometry": {
    "type": "Point",
    "coordinates": [
     474226.2759072564,
     4639557.154659664
    ]
   },
   "properties": {
    "candidate_id": 745,
    "vote_count": 6,
    "source_tile": "K-35-078-1_Lesovo_x3024_y2016.png",
    "label": "mound"
   }
  },
  {
   "type": "Feature",
   "geometry": {
    "type": "Point",
    "coordinates": [
     474378.28429872665,
     4637824.227512493
    ]
   },
   "properties": {
    "candidate_id": 746,
    "vote_count": 6,
    "source_tile": "K-35-078-1_Lesovo_x3024_y2016.png",
    "label": "mound"
   }
  },
  {
   "type": "Feature",
   "geometry": {
    "type": "Point",
    "coordinates": [
     474021.6086406587,
     4637928.11054256
    ]
   },
   "properties": {
    "candidate_id": 747,
    "vote_count": 6,
    "source_tile": "K-35-078-1_Lesovo_x3024_y2016.png",
    "label": "mound"
   }
  },
  {
   "type": "Feature",
   "geometry": {
    "type": "Point",
    "coordinates": [
     474971.932353588,
     4632531.305999583
    ]
   },
   "properties": {
    "candidate_id": 748,
    "vote_count": 10,
    "source_tile": "K-35-078-1_Lesovo_x3024_y3360.png",
    "label": "mound"
   }
  },
  {
   "type": "Feature",
   "geometry": {
    "type": "Point",
    "coordinates": [
     474958.7778256625,
     4632142.423412818
    ]
   },
   "properties": {
    "candidate_id": 749,
    "vote_count": 10,
    "source_tile": "K-35-078-1_Lesovo_x3024_y3360.png",
    "label": "mound"
   }
  },
  {
   "type": "Feature",
   "geometry": {
    "type": "Point",
    "coordinates": [
     474756.6776938302,
     4631856.019351418
    ]
   },
   "properties": {
    "candidate_id": 750,
    "vote_count": 10,
    "source_tile": "K-35-078-1_Lesovo_x3024_y3360.png",
    "label": "mound"
   }
  },
  {
   "type": "Feature",
   "geometry": {
    "type": "Point",
    "coordinates": [
     474269.2988644679,
     4631809.242179329
    ]
   },
   "properties": {
    "candidate_id": 751,
    "vote_count": 10,
    "source_tile": "K-35-078-1_Lesovo_x3024_y3360.png",
    "label": "mound"
   }
  },
  {
   "type": "Feature",
   "geometry": {
    "type": "Point",
    "coordinates": [
     474156.2314911006,
     4631401.736663522
    ]
   },
   "properties": {
    "candidate_id": 752,
    "vote_count": 10,
    "source_tile": "K-35-078-1_Lesovo_x3024_y3360.png",
    "label": "mound"
   }
  },
  {
   "type": "Feature",
   "geometry": {
    "type": "Point",
    "coordinates": [
     473795.3310694534,
     4631369.301125591
    ]
   },
   "properties": {
    "candidate_id": 753,
    "vote_count": 10,
    "source_tile": "K-35-078-1_Lesovo_x3024_y3360.png",
    "label": "mound"
   }
  },
  {
   "type": "Feature",
   "geometry": {
    "type": "Point",
    "coordinates": [
     475157.2894463279,
     4631188.671616768
    ]
   },
   "properties": {
    "candidate_id": 754,
    "vote_count": 10,
    "source_tile": "K-35-078-1_Lesovo_x3024_y3360.png",
    "label": "mound"
   }
  },
  {
   "type": "Feature",
   "geometry": {
    "type": "Point",
    "coordinates": [
     473824.1856369355,
     4631991.503572331
    ]
   },
   "properties": {
    "candidate_id": 755,
    "vote_count": 9,
    "source_tile": "K-35-078-1_Lesovo_x3024_y3360.png",
    "label": "mound"
   }
  },
  {
   "type": "Feature",
   "geometry": {
    "type": "Point",
    "coordinates": [
     474365.82720916835,
     4632192.383054551
    ]
   },
   "properties": {
    "candidate_id": 756,
    "vote_count": 10,
    "source_tile": "K-35-078-1_Lesovo_x3024_y3360.png",
    "label": "mound"
   }
  },
  {
   "type": "Feature",
   "geometry": {
    "type": "Point",
    "coordinates": [
     474567.7999414218,
     4632883.471746136
    ]
   },
   "properties": {
    "candidate_id": 757,
    "vote_count": 9,
    "source_tile": "K-35-078-1_Lesovo_x3024_y3360.png",
    "label": "mound"
   }
  },
  {
   "type": "Feature",
   "geometry": {
    "type": "Point",
    "coordinates": [
     474569.08765914995,
     4645218.629664536
    ]
   },
   "properties": {
    "candidate_id": 758,
    "vote_count": 10,
    "source_tile": "K-35-078-1_Lesovo_x3024_y672.png",
    "label": "mound"
   }
  },
  {
   "type": "Feature",
   "geometry": {
    "type": "Point",
    "coordinates": [
     476306.94280856266,
     4649542.559787137
    ]
   },
   "properties": {
    "candidate_id": 759,
    "vote_count": 8,
    "source_tile": "K-35-078-1_Lesovo_x3360_y0.png",
    "label": "mound"
   }
  },
  {
   "type": "Feature",
   "geometry": {
    "type": "Point",
    "coordinates": [
     475662.7986355377,
     4644094.288506562
    ]
   },
   "properties": {
    "candidate_id": 760,
    "vote_count": 9,
    "source_tile": "K-35-078-1_Lesovo_x3360_y1008.png",
    "label": "mound"
   }
  },
  {
   "type": "Feature",
   "geometry": {
    "type": "Point",
    "coordinates": [
     476400.1109247398,
     4638111.794934397
    ]
   },
   "properties": {
    "candidate_id": 761,
    "vote_count": 10,
    "source_tile": "K-35-078-1_Lesovo_x3360_y2016.png",
    "label": "mound"
   }
  },
  {
   "type": "Feature",
   "geometry": {
    "type": "Point",
    "coordinates": [
     475976.54259028943,
     4647701.016234307
    ]
   },
   "properties": {
    "candidate_id": 762,
    "vote_count": 10,
    "source_tile": "K-35-078-1_Lesovo_x3360_y336.png",
    "label": "mound"
   }
  },
  {
   "type": "Feature",
   "geometry": {
    "type": "Point",
    "coordinates": [
     475919.00271184504,
     4646222.07244713
    ]
   },
   "properties": {
    "candidate_id": 763,
    "vote_count": 7,
    "source_tile": "K-35-078-1_Lesovo_x3360_y672.png",
    "label": "mound"
   }
  },
  {
   "type": "Feature",
   "geometry": {
    "type": "Point",
    "coordinates": [
     461134.53529924864,
     4648775.735382977
    ]
   },
   "properties": {
    "candidate_id": 764,
    "vote_count": 10,
    "source_tile": "K-35-078-1_Lesovo_x336_y0.png",
    "label": "mound"
   }
  },
  {
   "type": "Feature",
   "geometry": {
    "type": "Point",
    "coordinates": [
     461215.57237700006,
     4644412.844872386
    ]
   },
   "properties": {
    "candidate_id": 765,
    "vote_count": 10,
    "source_tile": "K-35-078-1_Lesovo_x336_y1008.png",
    "label": "mound"
   }
  },
  {
   "type": "Feature",
   "geometry": {
    "type": "Point",
    "coordinates": [
     461435.6381464457,
     4643650.858911891
    ]
   },
   "properties": {
    "candidate_id": 766,
    "vote_count": 10,
    "source_tile": "K-35-078-1_Lesovo_x336_y1008.png",
    "label": "mound"
   }
  },
  {
   "type": "Feature",
   "geometry": {
    "type": "Point",
    "coordinates": [
     460757.85841525655,
     4642351.504866328
    ]
   },
   "properties": {
    "candidate_id": 767,
    "vote_count": 10,
    "source_tile": "K-35-078-1_Lesovo_x336_y1344.png",
    "label": "mound"
   }
  },
  {
   "type": "Feature",
   "geometry": {
    "type": "Point",
    "coordinates": [
     461598.5564098599,
     4640172.704641928
    ]
   },
   "properties": {
    "candidate_id": 768,
    "vote_count": 10,
    "source_tile": "K-35-078-1_Lesovo_x336_y1680.png",
    "label": "mound"
   }
  },
  {
   "type": "Feature",
   "geometry": {
    "type": "Point",
    "coordinates": [
     460503.4295077071,
     4638576.303862845
    ]
   },
   "properties": {
    "candidate_id": 769,
    "vote_count": 10,
    "source_tile": "K-35-078-1_Lesovo_x336_y2016.png",
    "label": "mound"
   }
  },
  {
   "type": "Feature",
   "geometry": {
    "type": "Point",
    "coordinates": [
     461396.23605080793,
     4636891.737001594
    ]
   },
   "properties": {
    "candidate_id": 770,
    "vote_count": 10,
    "source_tile": "K-35-078-1_Lesovo_x336_y2352.png",
    "label": "mound"
   }
  },
  {
   "type": "Feature",
   "geometry": {
    "type": "Point",
    "coordinates": [
     461760.34218353435,
     4636448.427465896
    ]
   },
   "properties": {
    "candidate_id": 771,
    "vote_count": 8,
    "source_tile": "K-35-078-1_Lesovo_x336_y2352.png",
    "label": "mound"
   }
  },
  {
   "type": "Feature",
   "geometry": {
    "type": "Point",
    "coordinates": [
     460946.7906152385,
     4634108.886950079
    ]
   },
   "properties": {
    "candidate_id": 772,
    "vote_count": 10,
    "source_tile": "K-35-078-1_Lesovo_x336_y3024.png",
    "label": "mound"
   }
  },
  {
   "type": "Feature",
   "geometry": {
    "type": "Point",
    "coordinates": [
     460213.1432951907,
     4646612.047887617
    ]
   },
   "properties": {
    "candidate_id": 773,
    "vote_count": 8,
    "source_tile": "K-35-078-1_Lesovo_x336_y336.png",
    "label": "mound"
   }
  },
  {
   "type": "Feature",
   "geometry": {
    "type": "Point",
    "coordinates": [
     460510.7994211459,
     4647257.370361652
    ]
   },
   "properties": {
    "candidate_id": 774,
    "vote_count": 9,
    "source_tile": "K-35-078-1_Lesovo_x336_y336.png",
    "label": "mound"
   }
  },
  {
   "type": "Feature",
   "geometry": {
    "type": "Point",
    "coordinates": [
     460168.465866687,
     4647568.730516902
    ]
   },
   "properties": {
    "candidate_id": 775,
    "vote_count": 10,
    "source_tile": "K-35-078-1_Lesovo_x0_y336.png",
    "label": "mound"
   }
  },
  {
   "type": "Feature",
   "geometry": {
    "type": "Point",
    "coordinates": [
     461005.3225644266,
     4647737.070897845
    ]
   },
   "properties": {
    "candidate_id": 776,
    "vote_count": 8,
    "source_tile": "K-35-078-1_Lesovo_x336_y336.png",
    "label": "mound"
   }
  },
  {
   "type": "Feature",
   "geometry": {
    "type": "Point",
    "coordinates": [
     461376.25962081924,
     4647911.472339488
    ]
   },
   "properties": {
    "candidate_id": 777,
    "vote_count": 6,
    "source_tile": "K-35-078-1_Lesovo_x336_y336.png",
    "label": "mound"
   }
  },
  {
   "type": "Feature",
   "geometry": {
    "type": "Point",
    "coordinates": [
     461296.08007605985,
     4647123.914135453
    ]
   },
   "properties": {
    "candidate_id": 778,
    "vote_count": 8,
    "source_tile": "K-35-078-1_Lesovo_x336_y336.png",
    "label": "mound"
   }
  },
  {
   "type": "Feature",
   "geometry": {
    "type": "Point",
    "coordinates": [
     461265.2779446387,
     4647339.9285656735
    ]
   },
   "properties": {
    "candidate_id": 779,
    "vote_count": 8,
    "source_tile": "K-35-078-1_Lesovo_x336_y336.png",
    "label": "mound"
   }
  },
  {
   "type": "Feature",
   "geometry": {
    "type": "Point",
    "coordinates": [
     460541.00617334654,
     4646401.69953314
    ]
   },
   "properties": {
    "candidate_id": 780,
    "vote_count": 6,
    "source_tile": "K-35-078-1_Lesovo_x336_y336.png",
    "label": "mound"
   }
  },
  {
   "type": "Feature",
   "geometry": {
    "type": "Point",
    "coordinates": [
     460947.5698848074,
     4646681.361699925
    ]
   },
   "properties": {
    "candidate_id": 781,
    "vote_count": 6,
    "source_tile": "K-35-078-1_Lesovo_x336_y336.png",
    "label": "mound"
   }
  },
  {
   "type": "Feature",
   "geometry": {
    "type": "Point",
    "coordinates": [
     461533.2700726683,
     4647472.3756300425
    ]
   },
   "properties": {
    "candidate_id": 782,
    "vote_count": 7,
    "source_tile": "K-35-078-1_Lesovo_x336_y336.png",
    "label": "mound"
   }
  },
  {
   "type": "Feature",
   "geometry": {
    "type": "Point",
    "coordinates": [
     461400.7435484699,
     4632683.569014771
    ]
   },
   "properties": {
    "candidate_id": 783,
    "vote_count": 6,
    "source_tile": "K-35-078-1_Lesovo_x336_y3360.png",
    "label": "mound"
   }
  },
  {
   "type": "Feature",
   "geometry": {
    "type": "Point",
    "coordinates": [
     461727.83794711746,
     4632295.42335236
    ]
   },
   "properties": {
    "candidate_id": 784,
    "vote_count": 9,
    "source_tile": "K-35-078-1_Lesovo_x336_y3360.png",
    "label": "mound"
   }
  },
  {
   "type": "Feature",
   "geometry": {
    "type": "Point",
    "coordinates": [
     461555.43313991005,
     4631794.386980216
    ]
   },
   "properties": {
    "candidate_id": 785,
    "vote_count": 9,
    "source_tile": "K-35-078-1_Lesovo_x336_y3360.png",
    "label": "mound"
   }
  },
  {
   "type": "Feature",
   "geometry": {
    "type": "Point",
    "coordinates": [
     461486.0242635074,
     4631380.178048623
    ]
   },
   "properties": {
    "candidate_id": 786,
    "vote_count": 8,
    "source_tile": "K-35-078-1_Lesovo_x336_y3360.png",
    "label": "mound"
   }
  },
  {
   "type": "Feature",
   "geometry": {
    "type": "Point",
    "coordinates": [
     461011.7183751502,
     4646352.465333725
    ]
   },
   "properties": {
    "candidate_id": 787,
    "vote_count": 7,
    "source_tile": "K-35-078-1_Lesovo_x336_y672.png",
    "label": "mound"
   }
  },
  {
   "type": "Feature",
   "geometry": {
    "type": "Point",
    "coordinates": [
     461594.0709303333,
     4645203.6651059985
    ]
   },
   "properties": {
    "candidate_id": 788,
    "vote_count": 10,
    "source_tile": "K-35-078-1_Lesovo_x336_y672.png",
    "label": "mound"
   }
  },
  {
   "type": "Feature",
   "geometry": {
    "type": "Point",
    "coordinates": [
     477457.24703973,
     4649357.831146511
    ]
   },
   "properties": {
    "candidate_id": 789,
    "vote_count": 10,
    "source_tile": "K-35-078-1_Lesovo_x3696_y0.png",
    "label": "mound"
   }
  },
  {
   "type": "Feature",
   "geometry": {
    "type": "Point",
    "coordinates": [
     477772.00673601177,
     4644048.848920079
    ]
   },
   "properties": {
    "candidate_id": 790,
    "vote_count": 7,
    "source_tile": "K-35-078-1_Lesovo_x3696_y1008.png",
    "label": "mound"
   }
  },
  {
   "type": "Feature",
   "geometry": {
    "type": "Point",
    "coordinates": [
     477866.0057756003,
     4642294.409816436
    ]
   },
   "properties": {
    "candidate_id": 791,
    "vote_count": 10,
    "source_tile": "K-35-078-1_Lesovo_x3696_y1344.png",
    "label": "mound"
   }
  },
  {
   "type": "Feature",
   "geometry": {
    "type": "Point",
    "coordinates": [
     477737.0539490803,
     4642575.160210025
    ]
   },
   "properties": {
    "candidate_id": 792,
    "vote_count": 10,
    "source_tile": "K-35-078-1_Lesovo_x3696_y1344.png",
    "label": "mound"
   }
  },
  {
   "type": "Feature",
   "geometry": {
    "type": "Point",
    "coordinates": [
     478170.79055479914,
     4642868.263215407
    ]
   },
   "properties": {
    "candidate_id": 793,
    "vote_count": 10,
    "source_tile": "K-35-078-1_Lesovo_x3696_y1344.png",
    "label": "mound"
   }
  },
  {
   "type": "Feature",
   "geometry": {
    "type": "Point",
    "coordinates": [
     478502.5919183764,
     4642880.686305322
    ]
   },
   "properties": {
    "candidate_id": 794,
    "vote_count": 10,
    "source_tile": "K-35-078-1_Lesovo_x3696_y1344.png",
    "label": "mound"
   }
  },
  {
   "type": "Feature",
   "geometry": {
    "type": "Point",
    "coordinates": [
     478532.4511088795,
     4642501.543907931
    ]
   },
   "properties": {
    "candidate_id": 795,
    "vote_count": 8,
    "source_tile": "K-35-078-1_Lesovo_x3696_y1344.png",
    "label": "mound"
   }
  },
  {
   "type": "Feature",
   "geometry": {
    "type": "Point",
    "coordinates": [
     478363.29253576335,
     4642299.429427252
    ]
   },
   "properties": {
    "candidate_id": 796,
    "vote_count": 10,
    "source_tile": "K-35-078-1_Lesovo_x3696_y1344.png",
    "label": "mound"
   }
  },
  {
   "type": "Feature",
   "geometry": {
    "type": "Point",
    "coordinates": [
     478118.07412701286,
     4642035.931773447
    ]
   },
   "properties": {
    "candidate_id": 797,
    "vote_count": 10,
    "source_tile": "K-35-078-1_Lesovo_x3696_y1344.png",
    "label": "mound"
   }
  },
  {
   "type": "Feature",
   "geometry": {
    "type": "Point",
    "coordinates": [
     477710.29139725526,
     4641866.1034468375
    ]
   },
   "properties": {
    "candidate_id": 798,
    "vote_count": 10,
    "source_tile": "K-35-078-1_Lesovo_x3696_y1344.png",
    "label": "mound"
   }
  },
  {
   "type": "Feature",
   "geometry": {
    "type": "Point",
    "coordinates": [
     477158.50749724166,
     4641785.804645308
    ]
   },
   "properties": {
    "candidate_id": 799,
    "vote_count": 10,
    "source_tile": "K-35-078-1_Lesovo_x3696_y1344.png",
    "label": "mound"
   }
  },
  {
   "type": "Feature",
   "geometry": {
    "type": "Point",
    "coordinates": [
     477746.0510094833,
     4641662.142783154
    ]
   },
   "properties": {
    "candidate_id": 800,
    "vote_count": 10,
    "source_tile": "K-35-078-1_Lesovo_x3696_y1344.png",
    "label": "mound"
   }
  },
  {
   "type": "Feature",
   "geometry": {
    "type": "Point",
    "coordinates": [
     477574.8607229582,
     4641381.3341013165
    ]
   },
   "properties": {
    "candidate_id": 801,
    "vote_count": 10,
    "source_tile": "K-35-078-1_Lesovo_x3696_y1344.png",
    "label": "mound"
   }
  },
  {
   "type": "Feature",
   "geometry": {
    "type": "Point",
    "coordinates": [
     477767.87378600665,
     4641375.731690018
    ]
   },
   "properties": {
    "candidate_id": 802,
    "vote_count": 10,
    "source_tile": "K-35-078-1_Lesovo_x3696_y1344.png",
    "label": "mound"
   }
  },
  {
   "type": "Feature",
   "geometry": {
    "type": "Point",
    "coordinates": [
     478655.4476131806,
     4641247.993784913
    ]
   },
   "properties": {
    "candidate_id": 803,
    "vote_count": 10,
    "source_tile": "K-35-078-1_Lesovo_x3696_y1344.png",
    "label": "mound"
   }
  },
  {
   "type": "Feature",
   "geometry": {
    "type": "Point",
    "coordinates": [
     478673.23493873747,
     4641234.616995815
    ]
   },
   "properties": {
    "candidate_id": 804,
    "vote_count": 8,
    "source_tile": "K-35-078-1_Lesovo_x3696_y1344.png",
    "label": "mound"
   }
  },
  {
   "type": "Feature",
   "geometry": {
    "type": "Point",
    "coordinates": [
     477101.1890891747,
     4640953.829144807
    ]
   },
   "properties": {
    "candidate_id": 805,
    "vote_count": 10,
    "source_tile": "K-35-078-1_Lesovo_x3696_y1680.png",
    "label": "mound"
   }
  },
  {
   "type": "Feature",
   "geometry": {
    "type": "Point",
    "coordinates": [
     478536.39823329146,
     4640897.946315636
    ]
   },
   "properties": {
    "candidate_id": 806,
    "vote_count": 10,
    "source_tile": "K-35-078-1_Lesovo_x3696_y1680.png",
    "label": "mound"
   }
  },
  {
   "type": "Feature",
   "geometry": {
    "type": "Point",
    "coordinates": [
     478322.56796355866,
     4640634.680332941
    ]
   },
   "properties": {
    "candidate_id": 807,
    "vote_count": 10,
    "source_tile": "K-35-078-1_Lesovo_x3696_y1680.png",
    "label": "mound"
   }
  },
  {
   "type": "Feature",
   "geometry": {
    "type": "Point",
    "coordinates": [
     478393.7188607458,
     4640498.454042509
    ]
   },
   "properties": {
    "candidate_id": 808,
    "vote_count": 10,
    "source_tile": "K-35-078-1_Lesovo_x3696_y1680.png",
    "label": "mound"
   }
  },
  {
   "type": "Feature",
   "geometry": {
    "type": "Point",
    "coordinates": [
     478102.4619206808,
     4640412.187518191
    ]
   },
   "properties": {
    "candidate_id": 809,
    "vote_count": 10,
    "source_tile": "K-35-078-1_Lesovo_x3696_y1680.png",
    "label": "mound"
   }
  },
  {
   "type": "Feature",
   "geometry": {
    "type": "Point",
    "coordinates": [
     477677.93992288323,
     4640355.328288156
    ]
   },
   "properties": {
    "candidate_id": 810,
    "vote_count": 10,
    "source_tile": "K-35-078-1_Lesovo_x3696_y1680.png",
    "label": "mound"
   }
  },
  {
   "type": "Feature",
   "geometry": {
    "type": "Point",
    "coordinates": [
     478692.0161274814,
     4640279.82755537
    ]
   },
   "properties": {
    "candidate_id": 811,
    "vote_count": 10,
    "source_tile": "K-35-078-1_Lesovo_x3696_y1680.png",
    "label": "mound"
   }
  },
  {
   "type": "Feature",
   "geometry": {
    "type": "Point",
    "coordinates": [
     478494.8797697489,
     4640165.950660857
    ]
   },
   "properties": {
    "candidate_id": 812,
    "vote_count": 10,
    "source_tile": "K-35-078-1_Lesovo_x3696_y1680.png",
    "label": "mound"
   }
  },
  {
   "type": "Feature",
   "geometry": {
    "type": "Point",
    "coordinates": [
     478177.42058359244,
     4640085.089652261
    ]
   },
   "properties": {
    "candidate_id": 813,
    "vote_count": 10,
    "source_tile": "K-35-078-1_Lesovo_x3696_y1680.png",
    "label": "mound"
   }
  },
  {
   "type": "Feature",
   "geometry": {
    "type": "Point",
    "coordinates": [
     477969.0427566658,
     4640068.07847962
    ]
   },
   "properties": {
    "candidate_id": 814,
    "vote_count": 10,
    "source_tile": "K-35-078-1_Lesovo_x3696_y1680.png",
    "label": "mound"
   }
  },
  {
   "type": "Feature",
   "geometry": {
    "type": "Point",
    "coordinates": [
     477142.74113445677,
     4639949.997776264
    ]
   },
   "properties": {
    "candidate_id": 815,
    "vote_count": 8,
    "source_tile": "K-35-078-1_Lesovo_x3360_y1680.png",
    "label": "mound"
   }
  },
  {
   "type": "Feature",
   "geometry": {
    "type": "Point",
    "coordinates": [
     478671.01122219645,
     4639940.032946649
    ]
   },
   "properties": {
    "candidate_id": 816,
    "vote_count": 10,
    "source_tile": "K-35-078-1_Lesovo_x3696_y1680.png",
    "label": "mound"
   }
  },
  {
   "type": "Feature",
   "geometry": {
    "type": "Point",
    "coordinates": [
     478425.035580436,
     4639887.148071192
    ]
   },
   "properties": {
    "candidate_id": 817,
    "vote_count": 10,
    "source_tile": "K-35-078-1_Lesovo_x3696_y1680.png",
    "label": "mound"
   }
  },
  {
   "type": "Feature",
   "geometry": {
    "type": "Point",
    "coordinates": [
     478380.9076056752,
     4639639.244933755
    ]
   },
   "properties": {
    "candidate_id": 818,
    "vote_count": 10,
    "source_tile": "K-35-078-1_Lesovo_x3696_y1680.png",
    "label": "mound"
   }
  },
  {
   "type": "Feature",
   "geometry": {
    "type": "Point",
    "coordinates": [
     477932.37415501685,
     4639449.09835901
    ]
   },
   "properties": {
    "candidate_id": 819,
    "vote_count": 7,
    "source_tile": "K-35-078-1_Lesovo_x3696_y2016.png",
    "label": "mound"
   }
  },
  {
   "type": "Feature",
   "geometry": {
    "type": "Point",
    "coordinates": [
     477681.18213414337,
     4639194.739008833
    ]
   },
   "properties": {
    "candidate_id": 820,
    "vote_count": 7,
    "source_tile": "K-35-078-1_Lesovo_x3696_y2016.png",
    "label": "mound"
   }
  },
  {
   "type": "Feature",
   "geometry": {
    "type": "Point",
    "coordinates": [
     477976.5125091116,
     4638113.737405679
    ]
   },
   "properties": {
    "candidate_id": 821,
    "vote_count": 7,
    "source_tile": "K-35-078-1_Lesovo_x3696_y2016.png",
    "label": "mound"
   }
  },
  {
   "type": "Feature",
   "geometry": {
    "type": "Point",
    "coordinates": [
     477342.17569213745,
     4637155.669420235
    ]
   },
   "properties": {
    "candidate_id": 822,
    "vote_count": 10,
    "source_tile": "K-35-078-1_Lesovo_x3696_y2352.png",
    "label": "mound"
   }
  },
  {
   "type": "Feature",
   "geometry": {
    "type": "Point",
    "coordinates": [
     477715.4145569212,
     4635795.067698701
    ]
   },
   "properties": {
    "candidate_id": 823,
    "vote_count": 10,
    "source_tile": "K-35-078-1_Lesovo_x3696_y2688.png",
    "label": "mound"
   }
  },
  {
   "type": "Feature",
   "geometry": {
    "type": "Point",
    "coordinates": [
     477865.6525376066,
     4635140.424904939
    ]
   },
   "properties": {
    "candidate_id": 824,
    "vote_count": 10,
    "source_tile": "K-35-078-1_Lesovo_x3696_y2688.png",
    "label": "mound"
   }
  },
  {
   "type": "Feature",
   "geometry": {
    "type": "Point",
    "coordinates": [
     477765.69659492036,
     4634969.198682385
    ]
   },
   "properties": {
    "candidate_id": 825,
    "vote_count": 10,
    "source_tile": "K-35-078-1_Lesovo_x3696_y2688.png",
    "label": "mound"
   }
  },
  {
   "type": "Feature",
   "geometry": {
    "type": "Point",
    "coordinates": [
     478437.10516789305,
     4634505.150167721
    ]
   },
   "properties": {
    "candidate_id": 826,
    "vote_count": 10,
    "source_tile": "K-35-078-1_Lesovo_x3696_y2688.png",
    "label": "mound"
   }
  },
  {
   "type": "Feature",
   "geometry": {
    "type": "Point",
    "coordinates": [
     477683.6956885531,
     4635629.846885607
    ]
   },
   "properties": {
    "candidate_id": 827,
    "vote_count": 10,
    "source_tile": "K-35-078-1_Lesovo_x3696_y2688.png",
    "label": "mound"
   }
  },
  {
   "type": "Feature",
   "geometry": {
    "type": "Point",
    "coordinates": [
     478850.3722212275,
     4635380.361535075
    ]
   },
   "properties": {
    "candidate_id": 828,
    "vote_count": 10,
    "source_tile": "K-35-078-1_Lesovo_x3696_y2688.png",
    "label": "mound"
   }
  },
  {
   "type": "Feature",
   "geometry": {
    "type": "Point",
    "coordinates": [
     477461.4341442936,
     4635515.300011478
    ]
   },
   "properties": {
    "candidate_id": 829,
    "vote_count": 10,
    "source_tile": "K-35-078-1_Lesovo_x3696_y2688.png",
    "label": "mound"
   }
  },
  {
   "type": "Feature",
   "geometry": {
    "type": "Point",
    "coordinates": [
     477481.0740329304,
     4634797.666903621
    ]
   },
   "properties": {
    "candidate_id": 830,
    "vote_count": 10,
    "source_tile": "K-35-078-1_Lesovo_x3696_y2688.png",
    "label": "mound"
   }
  },
  {
   "type": "Feature",
   "geometry": {
    "type": "Point",
    "coordinates": [
     477723.09601067536,
     4645499.598594418
    ]
   },
   "properties": {
    "candidate_id": 831,
    "vote_count": 10,
    "source_tile": "K-35-078-1_Lesovo_x3696_y672.png",
    "label": "mound"
   }
  },
  {
   "type": "Feature",
   "geometry": {
    "type": "Point",
    "coordinates": [
     479128.6478207116,
     4648631.79923971
    ]
   },
   "properties": {
    "candidate_id": 832,
    "vote_count": 10,
    "source_tile": "K-35-078-1_Lesovo_x4032_y0.png",
    "label": "mound"
   }
  },
  {
   "type": "Feature",
   "geometry": {
    "type": "Point",
    "coordinates": [
     478760.1064751843,
     4644249.23114828
    ]
   },
   "properties": {
    "candidate_id": 833,
    "vote_count": 10,
    "source_tile": "K-35-078-1_Lesovo_x4032_y1008.png",
    "label": "mound"
   }
  },
  {
   "type": "Feature",
   "geometry": {
    "type": "Point",
    "coordinates": [
     478891.8444223803,
     4641861.275758006
    ]
   },
   "properties": {
    "candidate_id": 834,
    "vote_count": 8,
    "source_tile": "K-35-078-1_Lesovo_x4032_y1344.png",
    "label": "mound"
   }
  },
  {
   "type": "Feature",
   "geometry": {
    "type": "Point",
    "coordinates": [
     478963.97983612155,
     4641778.123618552
    ]
   },
   "properties": {
    "candidate_id": 835,
    "vote_count": 10,
    "source_tile": "K-35-078-1_Lesovo_x4032_y1344.png",
    "label": "mound"
   }
  },
  {
   "type": "Feature",
   "geometry": {
    "type": "Point",
    "coordinates": [
     478994.6282201024,
     4641543.762826126
    ]
   },
   "properties": {
    "candidate_id": 836,
    "vote_count": 10,
    "source_tile": "K-35-078-1_Lesovo_x4032_y1344.png",
    "label": "mound"
   }
  },
  {
   "type": "Feature",
   "geometry": {
    "type": "Point",
    "coordinates": [
     479066.65738615487,
     4641451.17469281
    ]
   },
   "properties": {
    "candidate_id": 837,
    "vote_count": 10,
    "source_tile": "K-35-078-1_Lesovo_x4032_y1344.png",
    "label": "mound"
   }
  },
  {
   "type": "Feature",
   "geometry": {
    "type": "Point",
    "coordinates": [
     479080.8718254525,
     4641294.24964545
    ]
   },
   "properties": {
    "candidate_id": 838,
    "vote_count": 10,
    "source_tile": "K-35-078-1_Lesovo_x4032_y1344.png",
    "label": "mound"
   }
  },
  {
   "type": "Feature",
   "geometry": {
    "type": "Point",
    "coordinates": [
     478907.2198043065,
     4641286.768603428
    ]
   },
   "properties": {
    "candidate_id": 839,
    "vote_count": 7,
    "source_tile": "K-35-078-1_Lesovo_x4032_y1344.png",
    "label": "mound"
   }
  },
  {
   "type": "Feature",
   "geometry": {
    "type": "Point",
    "coordinates": [
     479001.6949221087,
     4640454.997448064
    ]
   },
   "properties": {
    "candidate_id": 840,
    "vote_count": 10,
    "source_tile": "K-35-078-1_Lesovo_x4032_y1680.png",
    "label": "mound"
   }
  },
  {
   "type": "Feature",
   "geometry": {
    "type": "Point",
    "coordinates": [
     478735.1368301543,
     4640278.921309451
    ]
   },
   "properties": {
    "candidate_id": 841,
    "vote_count": 7,
    "source_tile": "K-35-078-1_Lesovo_x3696_y1680.png",
    "label": "mound"
   }
  },
  {
   "type": "Feature",
   "geometry": {
    "type": "Point",
    "coordinates": [
     478997.7719275666,
     4639884.656877367
    ]
   },
   "properties": {
    "candidate_id": 842,
    "vote_count": 9,
    "source_tile": "K-35-078-1_Lesovo_x4032_y1680.png",
    "label": "mound"
   }
  },
  {
   "type": "Feature",
   "geometry": {
    "type": "Point",
    "coordinates": [
     478969.91404383344,
     4639859.313719709
    ]
   },
   "properties": {
    "candidate_id": 843,
    "vote_count": 10,
    "source_tile": "K-35-078-1_Lesovo_x4032_y1680.png",
    "label": "mound"
   }
  },
  {
   "type": "Feature",
   "geometry": {
    "type": "Point",
    "coordinates": [
     479015.3758284844,
     4637979.474820786
    ]
   },
   "properties": {
    "candidate_id": 844,
    "vote_count": 10,
    "source_tile": "K-35-078-1_Lesovo_x4032_y2016.png",
    "label": "mound"
   }
  },
  {
   "type": "Feature",
   "geometry": {
    "type": "Point",
    "coordinates": [
     479034.69352883263,
     4637553.1820487315
    ]
   },
   "properties": {
    "candidate_id": 845,
    "vote_count": 10,
    "source_tile": "K-35-078-1_Lesovo_x4032_y2352.png",
    "label": "mound"
   }
  },
  {
   "type": "Feature",
   "geometry": {
    "type": "Point",
    "coordinates": [
     478916.7707552303,
     4636700.948355255
    ]
   },
   "properties": {
    "candidate_id": 846,
    "vote_count": 9,
    "source_tile": "K-35-078-1_Lesovo_x4032_y2352.png",
    "label": "mound"
   }
  },
  {
   "type": "Feature",
   "geometry": {
    "type": "Point",
    "coordinates": [
     479023.86649239954,
     4636299.711366949
    ]
   },
   "properties": {
    "candidate_id": 847,
    "vote_count": 7,
    "source_tile": "K-35-078-1_Lesovo_x4032_y2352.png",
    "label": "mound"
   }
  },
  {
   "type": "Feature",
   "geometry": {
    "type": "Point",
    "coordinates": [
     478815.58743272215,
     4634426.8509526355
    ]
   },
   "properties": {
    "candidate_id": 848,
    "vote_count": 10,
    "source_tile": "K-35-078-1_Lesovo_x4032_y2688.png",
    "label": "mound"
   }
  },
  {
   "type": "Feature",
   "geometry": {
    "type": "Point",
    "coordinates": [
     478810.671733411,
     4647333.584019638
    ]
   },
   "properties": {
    "candidate_id": 849,
    "vote_count": 10,
    "source_tile": "K-35-078-1_Lesovo_x4032_y336.png",
    "label": "mound"
   }
  },
  {
   "type": "Feature",
   "geometry": {
    "type": "Point",
    "coordinates": [
     478979.5701099097,
     4645617.456041033
    ]
   },
   "properties": {
    "candidate_id": 850,
    "vote_count": 10,
    "source_tile": "K-35-078-1_Lesovo_x4032_y672.png",
    "label": "mound"
   }
  },
  {
   "type": "Feature",
   "geometry": {
    "type": "Point",
    "coordinates": [
     462816.1079622765,
     4648123.291116457
    ]
   },
   "properties": {
    "candidate_id": 851,
    "vote_count": 10,
    "source_tile": "K-35-078-1_Lesovo_x672_y0.png",
    "label": "mound"
   }
  },
  {
   "type": "Feature",
   "geometry": {
    "type": "Point",
    "coordinates": [
     463061.19076022017,
     4644117.546489026
    ]
   },
   "properties": {
    "candidate_id": 852,
    "vote_count": 9,
    "source_tile": "K-35-078-1_Lesovo_x672_y1008.png",
    "label": "mound"
   }
  },
  {
   "type": "Feature",
   "geometry": {
    "type": "Point",
    "coordinates": [
     462533.9410330953,
     4644446.961730856
    ]
   },
   "properties": {
    "candidate_id": 853,
    "vote_count": 8,
    "source_tile": "K-35-078-1_Lesovo_x672_y1008.png",
    "label": "mound"
   }
  },
  {
   "type": "Feature",
   "geometry": {
    "type": "Point",
    "coordinates": [
     463062.78516433423,
     4643563.270623061
    ]
   },
   "properties": {
    "candidate_id": 854,
    "vote_count": 10,
    "source_tile": "K-35-078-1_Lesovo_x672_y1008.png",
    "label": "mound"
   }
  },
  {
   "type": "Feature",
   "geometry": {
    "type": "Point",
    "coordinates": [
     462254.77194951393,
     4643866.524244927
    ]
   },
   "properties": {
    "candidate_id": 855,
    "vote_count": 10,
    "source_tile": "K-35-078-1_Lesovo_x672_y1008.png",
    "label": "mound"
   }
  },
  {
   "type": "Feature",
   "geometry": {
    "type": "Point",
    "coordinates": [
     462065.7986538478,
     4644149.106284022
    ]
   },
   "properties": {
    "candidate_id": 856,
    "vote_count": 9,
    "source_tile": "K-35-078-1_Lesovo_x672_y1008.png",
    "label": "mound"
   }
  },
  {
   "type": "Feature",
   "geometry": {
    "type": "Point",
    "coordinates": [
     462766.65314464783,
     4642433.07651179
    ]
   },
   "properties": {
    "candidate_id": 857,
    "vote_count": 10,
    "source_tile": "K-35-078-1_Lesovo_x672_y1344.png",
    "label": "mound"
   }
  },
  {
   "type": "Feature",
   "geometry": {
    "type": "Point",
    "coordinates": [
     462849.57782630296,
     4640278.090579602
    ]
   },
   "properties": {
    "candidate_id": 858,
    "vote_count": 10,
    "source_tile": "K-35-078-1_Lesovo_x672_y1680.png",
    "label": "mound"
   }
  },
  {
   "type": "Feature",
   "geometry": {
    "type": "Point",
    "coordinates": [
     463302.8550086915,
     4638503.471262395
    ]
   },
   "properties": {
    "candidate_id": 859,
    "vote_count": 10,
    "source_tile": "K-35-078-1_Lesovo_x672_y2016.png",
    "label": "mound"
   }
  },
  {
   "type": "Feature",
   "geometry": {
    "type": "Point",
    "coordinates": [
     462132.8993969867,
     4637835.090893566
    ]
   },
   "properties": {
    "candidate_id": 860,
    "vote_count": 9,
    "source_tile": "K-35-078-1_Lesovo_x672_y2352.png",
    "label": "mound"
   }
  },
  {
   "type": "Feature",
   "geometry": {
    "type": "Point",
    "coordinates": [
     462429.92972013605,
     4635828.092241467
    ]
   },
   "properties": {
    "candidate_id": 861,
    "vote_count": 10,
    "source_tile": "K-35-078-1_Lesovo_x672_y2688.png",
    "label": "mound"
   }
  },
  {
   "type": "Feature",
   "geometry": {
    "type": "Point",
    "coordinates": [
     462952.1255581217,
     4635584.422435371
    ]
   },
   "properties": {
    "candidate_id": 862,
    "vote_count": 10,
    "source_tile": "K-35-078-1_Lesovo_x672_y2688.png",
    "label": "mound"
   }
  },
  {
   "type": "Feature",
   "geometry": {
    "type": "Point",
    "coordinates": [
     463248.7968430613,
     4635534.920836278
    ]
   },
   "properties": {
    "candidate_id": 863,
    "vote_count": 7,
    "source_tile": "K-35-078-1_Lesovo_x672_y2688.png",
    "label": "mound"
   }
  },
  {
   "type": "Feature",
   "geometry": {
    "type": "Point",
    "coordinates": [
     462038.811482243,
     4635311.54531378
    ]
   },
   "properties": {
    "candidate_id": 864,
    "vote_count": 10,
    "source_tile": "K-35-078-1_Lesovo_x672_y2688.png",
    "label": "mound"
   }
  },
  {
   "type": "Feature",
   "geometry": {
    "type": "Point",
    "coordinates": [
     461961.8076756955,
     4634956.105427313
    ]
   },
   "properties": {
    "candidate_id": 865,
    "vote_count": 9,
    "source_tile": "K-35-078-1_Lesovo_x672_y2688.png",
    "label": "mound"
   }
  },
  {
   "type": "Feature",
   "geometry": {
    "type": "Point",
    "coordinates": [
     462662.6576026844,
     4634664.054157133
    ]
   },
   "properties": {
    "candidate_id": 866,
    "vote_count": 10,
    "source_tile": "K-35-078-1_Lesovo_x672_y2688.png",
    "label": "mound"
   }
  },
  {
   "type": "Feature",
   "geometry": {
    "type": "Point",
    "coordinates": [
     463462.03026040026,
     4634668.6816063
    ]
   },
   "properties": {
    "candidate_id": 867,
    "vote_count": 10,
    "source_tile": "K-35-078-1_Lesovo_x672_y2688.png",
    "label": "mound"
   }
  },
  {
   "type": "Feature",
   "geometry": {
    "type": "Point",
    "coordinates": [
     463262.75655703223,
     4647365.83705398
    ]
   },
   "properties": {
    "candidate_id": 868,
    "vote_count": 10,
    "source_tile": "K-35-078-1_Lesovo_x672_y336.png",
    "label": "mound"
   }
  },
  {
   "type": "Feature",
   "geometry": {
    "type": "Point",
    "coordinates": [
     463480.9239824646,
     4647241.910003804
    ]
   },
   "properties": {
    "candidate_id": 869,
    "vote_count": 10,
    "source_tile": "K-35-078-1_Lesovo_x672_y336.png",
    "label": "mound"
   }
  },
  {
   "type": "Feature",
   "geometry": {
    "type": "Point",
    "coordinates": [
     399030.35317352135,
     4700157.81745366
    ]
   },
   "properties": {
    "candidate_id": 870,
    "vote_count": 8,
    "source_tile": "K-35-052-4_32635_x336_y1008.png",
    "label": "mound"
   }
  },
  {
   "type": "Feature",
   "geometry": {
    "type": "Point",
    "coordinates": [
     399246.4118845382,
     4700030.8602846395
    ]
   },
   "properties": {
    "candidate_id": 871,
    "vote_count": 8,
    "source_tile": "K-35-052-4_32635_x336_y1008.png",
    "label": "mound"
   }
  },
  {
   "type": "Feature",
   "geometry": {
    "type": "Point",
    "coordinates": [
     327003.7765715737,
     4680757.27017006
    ]
   },
   "properties": {
    "candidate_id": 872,
    "vote_count": 10,
    "source_tile": "K-35-062-2_Rakovski_x2352_y1344.png",
    "label": "mound"
   }
  },
  {
   "type": "Feature",
   "geometry": {
    "type": "Point",
    "coordinates": [
     398414.55266272754,
     4702696.670769232
    ]
   },
   "properties": {
    "candidate_id": 873,
    "vote_count": 6,
    "source_tile": "K-35-052-4_32635_x0_y336.png",
    "label": "mound"
   }
  },
  {
   "type": "Feature",
   "geometry": {
    "type": "Point",
    "coordinates": [
     398653.2128897906,
     4687475.878867525
    ]
   },
   "properties": {
    "candidate_id": 874,
    "vote_count": 6,
    "source_tile": "K-35-052-4_32635_x0_y3696.png",
    "label": "mound"
   }
  },
  {
   "type": "Feature",
   "geometry": {
    "type": "Point",
    "coordinates": [
     398769.80074664456,
     4687474.971268317
    ]
   },
   "properties": {
    "candidate_id": 875,
    "vote_count": 6,
    "source_tile": "K-35-052-4_32635_x0_y3696.png",
    "label": "mound"
   }
  },
  {
   "type": "Feature",
   "geometry": {
    "type": "Point",
    "coordinates": [
     403477.0794976832,
     4690396.374645493
    ]
   },
   "properties": {
    "candidate_id": 876,
    "vote_count": 7,
    "source_tile": "K-35-052-4_32635_x1008_y3024.png",
    "label": "mound"
   }
  },
  {
   "type": "Feature",
   "geometry": {
    "type": "Point",
    "coordinates": [
     405643.35527388187,
     4690467.13183057
    ]
   },
   "properties": {
    "candidate_id": 877,
    "vote_count": 6,
    "source_tile": "K-35-052-4_32635_x1680_y3024.png",
    "label": "mound"
   }
  },
  {
   "type": "Feature",
   "geometry": {
    "type": "Point",
    "coordinates": [
     410501.67882251996,
     4699201.920383628
    ]
   },
   "properties": {
    "candidate_id": 878,
    "vote_count": 7,
    "source_tile": "K-35-052-4_32635_x2352_y1344.png",
    "label": "mound"
   }
  },
  {
   "type": "Feature",
   "geometry": {
    "type": "Point",
    "coordinates": [
     413259.28406922286,
     4704601.568706837
    ]
   },
   "properties": {
    "candidate_id": 879,
    "vote_count": 8,
    "source_tile": "K-35-052-4_32635_x3024_y0.png",
    "label": "mound"
   }
  },
  {
   "type": "Feature",
   "geometry": {
    "type": "Point",
    "coordinates": [
     417371.46135742543,
     4700460.67151157
    ]
   },
   "properties": {
    "candidate_id": 880,
    "vote_count": 7,
    "source_tile": "K-35-052-4_32635_x4032_y1008.png",
    "label": "mound"
   }
  },
  {
   "type": "Feature",
   "geometry": {
    "type": "Point",
    "coordinates": [
     417309.4926945419,
     4689887.526643463
    ]
   },
   "properties": {
    "candidate_id": 881,
    "vote_count": 7,
    "source_tile": "K-35-052-4_32635_x4032_y3024.png",
    "label": "mound"
   }
  },
  {
   "type": "Feature",
   "geometry": {
    "type": "Point",
    "coordinates": [
     417290.42209496396,
     4703765.8532141745
    ]
   },
   "properties": {
    "candidate_id": 882,
    "vote_count": 6,
    "source_tile": "K-35-052-4_32635_x4032_y336.png",
    "label": "mound"
   }
  },
  {
   "type": "Feature",
   "geometry": {
    "type": "Point",
    "coordinates": [
     401122.36505110876,
     4704854.24464506
    ]
   },
   "properties": {
    "candidate_id": 883,
    "vote_count": 7,
    "source_tile": "K-35-052-4_32635_x672_y0.png",
    "label": "mound"
   }
  },
  {
   "type": "Feature",
   "geometry": {
    "type": "Point",
    "coordinates": [
     401078.4625327309,
     4693577.309098837
    ]
   },
   "properties": {
    "candidate_id": 884,
    "vote_count": 8,
    "source_tile": "K-35-052-4_32635_x672_y2352.png",
    "label": "mound"
   }
  },
  {
   "type": "Feature",
   "geometry": {
    "type": "Point",
    "coordinates": [
     402161.73721319577,
     4687463.113805965
    ]
   },
   "properties": {
    "candidate_id": 885,
    "vote_count": 9,
    "source_tile": "K-35-052-4_32635_x672_y3696.png",
    "label": "mound"
   }
  },
  {
   "type": "Feature",
   "geometry": {
    "type": "Point",
    "coordinates": [
     425937.550987281,
     4693265.263510514
    ]
   },
   "properties": {
    "candidate_id": 886,
    "vote_count": 8,
    "source_tile": "K-35-053-3_Elenovo_x1344_y2352.png",
    "label": "mound"
   }
  },
  {
   "type": "Feature",
   "geometry": {
    "type": "Point",
    "coordinates": [
     437839.11359136837,
     4687088.959351865
    ]
   },
   "properties": {
    "candidate_id": 887,
    "vote_count": 7,
    "source_tile": "K-35-053-3_Elenovo_x3696_y3696.png",
    "label": "mound"
   }
  },
  {
   "type": "Feature",
   "geometry": {
    "type": "Point",
    "coordinates": [
     326569.3940988814,
     4671330.362642631
    ]
   },
   "properties": {
    "candidate_id": 888,
    "vote_count": 7,
    "source_tile": "K-35-062-2_Rakovski_x2352_y3360.png",
    "label": "mound"
   }
  },
  {
   "type": "Feature",
   "geometry": {
    "type": "Point",
    "coordinates": [
     326937.113033728,
     4684677.502018149
    ]
   },
   "properties": {
    "candidate_id": 889,
    "vote_count": 8,
    "source_tile": "K-35-062-2_Rakovski_x2352_y672.png",
    "label": "mound"
   }
  },
  {
   "type": "Feature",
   "geometry": {
    "type": "Point",
    "coordinates": [
     329171.3509070588,
     4680898.879335467
    ]
   },
   "properties": {
    "candidate_id": 890,
    "vote_count": 6,
    "source_tile": "K-35-062-2_Rakovski_x2688_y1344.png",
    "label": "mound"
   }
  },
  {
   "type": "Feature",
   "geometry": {
    "type": "Point",
    "coordinates": [
     328011.16540830967,
     4681635.615310225
    ]
   },
   "properties": {
    "candidate_id": 891,
    "vote_count": 6,
    "source_tile": "K-35-062-2_Rakovski_x2688_y1344.png",
    "label": "mound"
   }
  },
  {
   "type": "Feature",
   "geometry": {
    "type": "Point",
    "coordinates": [
     329927.909506773,
     4676278.748976537
    ]
   },
   "properties": {
    "candidate_id": 892,
    "vote_count": 7,
    "source_tile": "K-35-062-2_Rakovski_x3024_y2352.png",
    "label": "mound"
   }
  },
  {
   "type": "Feature",
   "geometry": {
    "type": "Point",
    "coordinates": [
     316593.61589847587,
     4681972.992555516
    ]
   },
   "properties": {
    "candidate_id": 893,
    "vote_count": 6,
    "source_tile": "K-35-062-2_Rakovski_x336_y1344.png",
    "label": "mound"
   }
  },
  {
   "type": "Feature",
   "geometry": {
    "type": "Point",
    "coordinates": [
     316719.6009484757,
     4685535.151598403
    ]
   },
   "properties": {
    "candidate_id": 894,
    "vote_count": 7,
    "source_tile": "K-35-062-2_Rakovski_x336_y672.png",
    "label": "mound"
   }
  },
  {
   "type": "Feature",
   "geometry": {
    "type": "Point",
    "coordinates": [
     334523.1324659296,
     4681659.464679183
    ]
   },
   "properties": {
    "candidate_id": 895,
    "vote_count": 7,
    "source_tile": "K-35-062-2_Rakovski_x4032_y1344.png",
    "label": "mound"
   }
  },
  {
   "type": "Feature",
   "geometry": {
    "type": "Point",
    "coordinates": [
     334551.1386758414,
     4670203.047325651
    ]
   },
   "properties": {
    "candidate_id": 896,
    "vote_count": 8,
    "source_tile": "K-35-062-2_Rakovski_x4032_y3696.png",
    "label": "mound"
   }
  },
  {
   "type": "Feature",
   "geometry": {
    "type": "Point",
    "coordinates": [
     460178.1230409005,
     4643498.465033167
    ]
   },
   "properties": {
    "candidate_id": 897,
    "vote_count": 6,
    "source_tile": "K-35-078-1_Lesovo_x0_y1008.png",
    "label": "mound"
   }
  },
  {
   "type": "Feature",
   "geometry": {
    "type": "Point",
    "coordinates": [
     467144.06957100664,
     4636369.147987227
    ]
   },
   "properties": {
    "candidate_id": 898,
    "vote_count": 9,
    "source_tile": "K-35-078-1_Lesovo_x1680_y2352.png",
    "label": "mound"
   }
  },
  {
   "type": "Feature",
   "geometry": {
    "type": "Point",
    "coordinates": [
     466989.661266561,
     4634168.712375506
    ]
   },
   "properties": {
    "candidate_id": 899,
    "vote_count": 8,
    "source_tile": "K-35-078-1_Lesovo_x1680_y3024.png",
    "label": "mound"
   }
  },
  {
   "type": "Feature",
   "geometry": {
    "type": "Point",
    "coordinates": [
     469944.950686844,
     4633970.218858121
    ]
   },
   "properties": {
    "candidate_id": 900,
    "vote_count": 6,
    "source_tile": "K-35-078-1_Lesovo_x2016_y3024.png",
    "label": "mound"
   }
  },
  {
   "type": "Feature",
   "geometry": {
    "type": "Point",
    "coordinates": [
     469704.872610102,
     4644929.494064876
    ]
   },
   "properties": {
    "candidate_id": 901,
    "vote_count": 7,
    "source_tile": "K-35-078-1_Lesovo_x2016_y672.png",
    "label": "mound"
   }
  },
  {
   "type": "Feature",
   "geometry": {
    "type": "Point",
    "coordinates": [
     472303.1927702133,
     4639220.857967383
    ]
   },
   "properties": {
    "candidate_id": 902,
    "vote_count": 9,
    "source_tile": "K-35-078-1_Lesovo_x2688_y2016.png",
    "label": "mound"
   }
  },
  {
   "type": "Feature",
   "geometry": {
    "type": "Point",
    "coordinates": [
     472720.8768823933,
     4639541.228026156
    ]
   },
   "properties": {
    "candidate_id": 903,
    "vote_count": 6,
    "source_tile": "K-35-078-1_Lesovo_x2688_y2016.png",
    "label": "mound"
   }
  },
  {
   "type": "Feature",
   "geometry": {
    "type": "Point",
    "coordinates": [
     473179.07379427156,
     4634089.548275025
    ]
   },
   "properties": {
    "candidate_id": 904,
    "vote_count": 9,
    "source_tile": "K-35-078-1_Lesovo_x2688_y3024.png",
    "label": "mound"
   }
  },
  {
   "type": "Feature",
   "geometry": {
    "type": "Point",
    "coordinates": [
     475538.4867074548,
     4649172.329105215
    ]
   },
   "properties": {
    "candidate_id": 905,
    "vote_count": 6,
    "source_tile": "K-35-078-1_Lesovo_x3360_y0.png",
    "label": "mound"
   }
  },
  {
   "type": "Feature",
   "geometry": {
    "type": "Point",
    "coordinates": [
     475599.6829698123,
     4640846.572561243
    ]
   },
   "properties": {
    "candidate_id": 906,
    "vote_count": 7,
    "source_tile": "K-35-078-1_Lesovo_x3360_y1680.png",
    "label": "mound"
   }
  },
  {
   "type": "Feature",
   "geometry": {
    "type": "Point",
    "coordinates": [
     476055.23411225964,
     4640960.827049641
    ]
   },
   "properties": {
    "candidate_id": 907,
    "vote_count": 7,
    "source_tile": "K-35-078-1_Lesovo_x3360_y1680.png",
    "label": "mound"
   }
  },
  {
   "type": "Feature",
   "geometry": {
    "type": "Point",
    "coordinates": [
     475741.97270060965,
     4641306.411080699
    ]
   },
   "properties": {
    "candidate_id": 908,
    "vote_count": 7,
    "source_tile": "K-35-078-1_Lesovo_x3360_y1344.png",
    "label": "mound"
   }
  },
  {
   "type": "Feature",
   "geometry": {
    "type": "Point",
    "coordinates": [
     475709.11977817374,
     4640233.097506551
    ]
   },
   "properties": {
    "candidate_id": 909,
    "vote_count": 7,
    "source_tile": "K-35-078-1_Lesovo_x3360_y1680.png",
    "label": "mound"
   }
  },
  {
   "type": "Feature",
   "geometry": {
    "type": "Point",
    "coordinates": [
     475941.31472806376,
     4639518.838921489
    ]
   },
   "properties": {
    "candidate_id": 910,
    "vote_count": 6,
    "source_tile": "K-35-078-1_Lesovo_x3360_y1680.png",
    "label": "mound"
   }
  },
  {
   "type": "Feature",
   "geometry": {
    "type": "Point",
    "coordinates": [
     476188.3025245112,
     4639567.193587211
    ]
   },
   "properties": {
    "candidate_id": 911,
    "vote_count": 7,
    "source_tile": "K-35-078-1_Lesovo_x3360_y1680.png",
    "label": "mound"
   }
  },
  {
   "type": "Feature",
   "geometry": {
    "type": "Point",
    "coordinates": [
     477117.6969448377,
     4641136.196016953
    ]
   },
   "properties": {
    "candidate_id": 912,
    "vote_count": 7,
    "source_tile": "K-35-078-1_Lesovo_x3360_y1680.png",
    "label": "mound"
   }
  },
  {
   "type": "Feature",
   "geometry": {
    "type": "Point",
    "coordinates": [
     461306.0811815413,
     4643864.8547414
    ]
   },
   "properties": {
    "candidate_id": 913,
    "vote_count": 6,
    "source_tile": "K-35-078-1_Lesovo_x336_y1008.png",
    "label": "mound"
   }
  },
  {
   "type": "Feature",
   "geometry": {
    "type": "Point",
    "coordinates": [
     461011.1621649088,
     4637800.509405151
    ]
   },
   "properties": {
    "candidate_id": 914,
    "vote_count": 6,
    "source_tile": "K-35-078-1_Lesovo_x336_y2016.png",
    "label": "mound"
   }
  },
  {
   "type": "Feature",
   "geometry": {
    "type": "Point",
    "coordinates": [
     477641.87494588003,
     4641149.517416886
    ]
   },
   "properties": {
    "candidate_id": 915,
    "vote_count": 6,
    "source_tile": "K-35-078-1_Lesovo_x3696_y1680.png",
    "label": "mound"
   }
  },
  {
   "type": "Feature",
   "geometry": {
    "type": "Point",
    "coordinates": [
     478421.59871255467,
     4647544.380205795
    ]
   },
   "properties": {
    "candidate_id": 916,
    "vote_count": 6,
    "source_tile": "K-35-078-1_Lesovo_x3696_y336.png",
    "label": "mound"
   }
  },
  {
   "type": "Feature",
   "geometry": {
    "type": "Point",
    "coordinates": [
     478862.45021899114,
     4641846.596294791
    ]
   },
   "properties": {
    "candidate_id": 917,
    "vote_count": 7,
    "source_tile": "K-35-078-1_Lesovo_x3696_y1344.png",
    "label": "mound"
   }
  },
  {
   "type": "Feature",
   "geometry": {
    "type": "Point",
    "coordinates": [
     461969.08995527035,
     4635884.831551688
    ]
   },
   "properties": {
    "candidate_id": 918,
    "vote_count": 7,
    "source_tile": "K-35-078-1_Lesovo_x672_y2688.png",
    "label": "mound"
   }
  },
  {
   "type": "Feature",
   "geometry": {
    "type": "Point",
    "coordinates": [
     462282.16087322915,
     4645917.574589567
    ]
   },
   "properties": {
    "candidate_id": 919,
    "vote_count": 6,
    "source_tile": "K-35-078-1_Lesovo_x672_y672.png",
    "label": "mound"
   }
  },
  {
   "type": "Feature",
   "geometry": {
    "type": "Point",
    "coordinates": [
     431192.21792780445,
     4697178.258355115
    ]
   },
   "properties": {
    "candidate_id": 920,
    "vote_count": 6,
    "source_tile": "K-35-053-3_Elenovo_x2688_y1344.png",
    "label": "mound"
   }
  },
  {
   "type": "Feature",
   "geometry": {
    "type": "Point",
    "coordinates": [
     431244.25385145424,
     4700774.075932392
    ]
   },
   "properties": {
    "candidate_id": 921,
    "vote_count": 7,
    "source_tile": "K-35-053-3_Elenovo_x2688_y672.png",
    "label": "mound"
   }
  },
  {
   "type": "Feature",
   "geometry": {
    "type": "Point",
    "coordinates": [
     459532.4811773644,
     4647488.055054839
    ]
   },
   "properties": {
    "candidate_id": 922,
    "vote_count": 6,
    "source_tile": "K-35-078-1_Lesovo_x0_y336.png",
    "label": "mound"
   }
  },
  {
   "type": "Feature",
   "geometry": {
    "type": "Point",
    "coordinates": [
     459157.0008096104,
     4647112.029341546
    ]
   },
   "properties": {
    "candidate_id": 923,
    "vote_count": 6,
    "source_tile": "K-35-078-1_Lesovo_x0_y336.png",
    "label": "mound"
   }
  },
  {
   "type": "Feature",
   "geometry": {
    "type": "Point",
    "coordinates": [
     459322.49112500914,
     4647363.4557631835
    ]
   },
   "properties": {
    "candidate_id": 924,
    "vote_count": 6,
    "source_tile": "K-35-078-1_Lesovo_x0_y336.png",
    "label": "mound"
   }
  },
  {
   "type": "Feature",
   "geometry": {
    "type": "Point",
    "coordinates": [
     464535.5917303192,
     4640479.1095113885
    ]
   },
   "properties": {
    "candidate_id": 925,
    "vote_count": 6,
    "source_tile": "K-35-078-1_Lesovo_x1008_y1680.png",
    "label": "mound"
   }
  },
  {
   "type": "Feature",
   "geometry": {
    "type": "Point",
    "coordinates": [
     469359.0604430966,
     4644187.630044888
    ]
   },
   "properties": {
    "candidate_id": 926,
    "vote_count": 7,
    "source_tile": "K-35-078-1_Lesovo_x2016_y1008.png",
    "label": "mound"
   }
  },
  {
   "type": "Feature",
   "geometry": {
    "type": "Point",
    "coordinates": [
     469227.16708737815,
     4646247.924773859
    ]
   },
   "properties": {
    "candidate_id": 927,
    "vote_count": 6,
    "source_tile": "K-35-078-1_Lesovo_x2016_y672.png",
    "label": "mound"
   }
  },
  {
   "type": "Feature",
   "geometry": {
    "type": "Point",
    "coordinates": [
     330998.4008015315,
     4687426.031121774
    ]
   },
   "properties": {
    "candidate_id": 928,
    "vote_count": 6,
    "source_tile": "K-35-062-2_Rakovski_x3360_y0.png",
    "label": "mound"
   }
  }
 ]
}