gt_id,layer,symbol_code,source_map,symbol_type,confidence_grade,position_source,provenance,x,y
student:00000,student_standardised,1000081538111814e3,K-35-042-3,burial_mound,out_of_scope,as_digitised,student_digitised,462544.645,4742254.581
student:00001,student_standardised,1000081538111851800,K-35-042-3,burial_mound,directly_reviewed,own_mark,student_digitised,462573.231,4742020.466
student:00002,student_standardised,1000081538111899e3,K-35-042-3,burial_mound,out_of_scope,as_digitised,student_digitised,463761.706,4742328.048
student:00003,student_standardised,1000081538112051700,K-35-042-3,burial_mound,out_of_scope,as_digitised,student_digitised,473627.686,4742088.300
student:00004,student_standardised,1000081538112216600,K-35-042-3,burial_mound,out_of_scope,as_digitised,student_digitised,475594.903,4741161.127
student:00005,student_standardised,1000081538112258700,K-35-042-3,burial_mound,out_of_scope,as_digitised,student_digitised,474975.999,4741574.176
student:00006,student_standardised,1000081538113038e3,K-35-042-3,burial_mound,out_of_scope,as_digitised,student_digitised,471913.235,4740670.141
student:00007,student_standardised,1000081538113281e3,K-35-042-3,burial_mound,out_of_scope,as_digitised,student_digitised,467949.434,4739789.243
student:00008,student_standardised,1000081538115701e3,K-35-042-3,burial_mound,out_of_scope,as_digitised,student_digitised,477654.012,4735993.518
student:00009,student_standardised,1000081538116450700,K-35-042-3,burial_mound,out_of_scope,as_digitised,student_digitised,475200.360,4733954.150
student:00010,student_standardised,1000081538116552800,K-35-042-3,burial_mound,out_of_scope,as_digitised,student_digitised,477900.414,4734104.091
student:00011,student_standardised,1000081538116660200,K-35-042-3,burial_mound,out_of_scope,as_digitised,student_digitised,474131.787,4733325.048
student:00012,student_standardised,1000081538117268600,K-35-042-3,burial_mound,out_of_scope,as_digitised,student_digitised,471410.927,4732276.433
student:00013,student_standardised,1000081538117817300,K-35-042-3,burial_mound,out_of_scope,as_digitised,student_digitised,466440.169,4731621.483
student:00014,student_standardised,1000081538119462700,K-35-042-3,burial_mound,out_of_scope,as_digitised,student_digitised,473260.547,4728841.794
student:00015,student_standardised,1000081538120509400,K-35-042-3,burial_mound,out_of_scope,as_digitised,student_digitised,466477.446,4726719.319
student:00016,student_standardised,1000081538120844200,K-35-042-3,burial_mound,out_of_scope,as_digitised,student_digitised,471623.276,4725878.840
student:00017,student_standardised,1000081538120893e3,K-35-042-3,burial_mound,out_of_scope,as_digitised,student_digitised,471525.132,4725567.011
student:00018,student_standardised,merged-K-35-050-4_c03487,K-35-050-4,burial_mound,directly_reviewed,own_mark,student_digitised,331050.377,4702231.783
student:00019,student_standardised,merged-K-35-050-4_c03653,K-35-050-4,burial_mound,directly_reviewed,own_mark,student_digitised,318496.830,4693897.978
student:00020,student_standardised,merged-K-35-050-4_c03655,K-35-050-4,bench_mark_on_mound,directly_reviewed,own_mark,student_digitised,318762.875,4693931.477
student:00021,student_standardised,100005e13,K-35-050-4,burial_mound,out_of_scope,as_digitised,student_digitised,319332.731,4705036.544
student:00022,student_standardised,100005e13,K-35-050-4,burial_mound,out_of_scope,as_digitised,student_digitised,319775.571,4705040.731
student:00023,student_standardised,100005e13,K-35-050-4,burial_mound,out_of_scope,as_digitised,student_digitised,333354.636,4705020.609
student:00024,student_standardised,100005e13,K-35-050-4,burial_mound,out_of_scope,as_digitised,student_digitised,334429.044,4706466.405
student:00025,student_standardised,100005e13,K-35-050-4,burial_mound,out_of_scope,as_digitised,student_digitised,330395.442,4704874.472
student:00026,student_standardised,100005e13,K-35-050-4,burial_mound,out_of_scope,as_digitised,student_digitised,329625.895,4703102.712
student:00027,student_standardised,100005e13,K-35-050-4,burial_mound,out_of_scope,as_digitised,student_digitised,329169.839,4703061.519
student:00028,student_standardised,100005e13,K-35-050-4,burial_mound,out_of_scope,as_digitised,student_digitised,328962.050,4703417.621
student:00029,student_standardised,100005e13,K-35-050-4,burial_mound,directly_reviewed,own_mark,student_digitised,328853.160,4703072.438
student:00030,student_standardised,100005e13,K-35-050-4,burial_mound,directly_reviewed,own_mark,student_digitised,328800.469,4703039.361
student:00031,student_standardised,100005e13,K-35-050-4,burial_mound,out_of_scope,as_digitised,student_digitised,327220.797,4704163.658
student:00032,student_standardised,100005e13,K-35-050-4,burial_mound,out_of_scope,as_digitised,student_digitised,326936.150,4705044.633
student:00033,student_standardised,100005e13,K-35-050-4,burial_mound,out_of_scope,as_digitised,student_digitised,326343.163,4704199.817
student:00034,student_standardised,100005e13,K-35-050-4,burial_mound,out_of_scope,as_digitised,student_digitised,321168.402,4702976.378
student:00035,student_standardised,100005e13,K-35-050-4,burial_mound,proxy_confirmed,claimant_mark,student_digitised,319362.540,4704136.181
student:00036,student_standardised,100005e13,K-35-050-4,burial_mound,out_of_scope,as_digitised,student_digitised,317163.493,4702755.516
student:00037,student_standardised,100005e13,K-35-050-4,burial_mound,out_of_scope,as_digitised,student_digitised,320069.160,4701988.291
student:00038,student_standardised,100005e13,K-35-050-4,burial_mound,directly_reviewed,own_mark,student_digitised,321130.337,4702901.042
student:00039,student_standardised,100005e13,K-35-050-4,burial_mound,out_of_scope,as_digitised,student_digitised,321365.783,4702408.024
student:00040,student_standardised,100005e13,K-35-050-4,burial_mound,out_of_scope,as_digitised,student_digitised,326017.544,4702125.263
student:00041,student_standardised,100005e13,K-35-050-4,burial_mound,out_of_scope,as_digitised,student_digitised,327891.070,4702115.053
student:00042,student_standardised,100005e13,K-35-050-4,burial_mound,out_of_scope,as_digitised,student_digitised,327826.607,4701590.894
student:00043,student_standardised,100005e13,K-35-050-4,burial_mound,out_of_scope,as_digitised,student_digitised,329394.111,4701123.361
student:00044,student_standardised,100005e13,K-35-050-4,burial_mound,out_of_scope,as_digitised,student_digitised,329928.249,4701465.016
student:00045,student_standardised,100005e13,K-35-050-4,burial_mound,out_of_scope,as_digitised,student_digitised,329514.847,4701440.767
student:00046,student_standardised,100005e13,K-35-050-4,burial_mound,out_of_scope,as_digitised,student_digitised,329490.626,4701864.230
student:00047,student_standardised,100005e13,K-35-050-4,burial_mound,out_of_scope,as_digitised,student_digitised,329121.638,4702142.311
student:00048,student_standardised,100005e13,K-35-050-4,burial_mound,directly_reviewed,own_mark,student_digitised,329370.213,4702454.726
student:00049,student_standardised,100005e13,K-35-050-4,burial_mound,directly_reviewed,own_mark,student_digitised,329342.291,4702510.283
student:00050,student_standardised,100005e13,K-35-050-4,burial_mound,out_of_scope,as_digitised,student_digitised,328992.725,4702838.606
student:00051,student_standardised,100005e13,K-35-050-4,burial_mound,out_of_scope,as_digitised,student_digitised,329491.485,4702653.717
student:00052,student_standardised,100005e13,K-35-050-4,burial_mound,out_of_scope,as_digitised,student_digitised,330734.555,4701252.284
student:00053,student_standardised,100005e13,K-35-050-4,burial_mound,out_of_scope,as_digitised,student_digitised,330477.738,4701330.490
student:00054,student_standardised,100005e13,K-35-050-4,burial_mound,out_of_scope,as_digitised,student_digitised,330396.161,4701364.906
student:00055,student_standardised,100005e13,K-35-050-4,burial_mound,out_of_scope,as_digitised,student_digitised,330314.522,4701383.244
student:00056,student_standardised,100005e13,K-35-050-4,burial_mound,out_of_scope,as_digitised,student_digitised,330815.165,4701916.349
student:00057,student_standardised,100005e13,K-35-050-4,burial_mound,out_of_scope,as_digitised,student_digitised,329986.281,4702260.752
student:00058,student_standardised,100005e13,K-35-050-4,burial_mound,out_of_scope,as_digitised,student_digitised,329994.834,4702681.294
student:00059,student_standardised,100005e13,K-35-050-4,burial_mound,out_of_scope,as_digitised,student_digitised,331252.502,4701297.610
student:00060,student_standardised,100005e13,K-35-050-4,burial_mound,out_of_scope,as_digitised,student_digitised,331815.770,4701337.003
student:00061,student_standardised,100005e13,K-35-050-4,burial_mound,out_of_scope,as_digitised,student_digitised,331917.462,4701438.879
student:00062,student_standardised,100005e13,K-35-050-4,burial_mound,out_of_scope,as_digitised,student_digitised,335171.319,4700023.110
student:00063,student_standardised,100005e13,K-35-050-4,burial_mound,out_of_scope,as_digitised,student_digitised,335012.837,4699051.317
student:00064,student_standardised,100005e13,K-35-050-4,burial_mound,out_of_scope,as_digitised,student_digitised,334868.677,4699864.059
student:00065,student_standardised,100005e13,K-35-050-4,burial_mound,out_of_scope,as_digitised,student_digitised,333510.009,4700747.325
student:00066,student_standardised,100005e13,K-35-050-4,burial_mound,out_of_scope,as_digitised,student_digitised,332968.316,4700286.855
student:00067,student_standardised,100005e13,K-35-050-4,burial_mound,out_of_scope,as_digitised,student_digitised,332580.268,4699161.495
student:00068,student_standardised,100005e13,K-35-050-4,burial_mound,out_of_scope,as_digitised,student_digitised,330824.641,4700670.489
student:00069,student_standardised,100005e13,K-35-050-4,burial_mound,out_of_scope,as_digitised,student_digitised,326353.941,4699138.070
student:00070,student_standardised,100005e13,K-35-050-4,burial_mound,out_of_scope,as_digitised,student_digitised,326316.762,4700848.930
student:00071,student_standardised,100005e13,K-35-050-4,burial_mound,out_of_scope,as_digitised,student_digitised,325628.327,4700737.484
student:00072,student_standardised,100005e13,K-35-050-4,burial_mound,out_of_scope,as_digitised,student_digitised,325764.264,4700578.925
student:00073,student_standardised,100005e13,K-35-050-4,burial_mound,out_of_scope,as_digitised,student_digitised,325563.760,4700428.012
student:00074,student_standardised,100005e13,K-35-050-4,burial_mound,out_of_scope,as_digitised,student_digitised,325139.447,4700171.836
student:00075,student_standardised,100005e13,K-35-050-4,burial_mound,out_of_scope,as_digitised,student_digitised,325093.136,4699827.246
student:00076,student_standardised,100005e13,K-35-050-4,burial_mound,directly_reviewed,own_mark,student_digitised,323155.583,4700748.075
student:00077,student_standardised,100005e13,K-35-050-4,burial_mound,directly_reviewed,own_mark,student_digitised,323160.592,4700686.220
student:00078,student_standardised,100005e13,K-35-050-4,burial_mound,directly_reviewed,own_mark,student_digitised,321936.481,4699394.377
student:00079,student_standardised,100005e13,K-35-050-4,burial_mound,out_of_scope,as_digitised,student_digitised,322381.103,4699753.770
student:00080,student_standardised,100005e13,K-35-050-4,burial_mound,out_of_scope,as_digitised,student_digitised,322891.251,4700252.596
student:00081,student_standardised,100005e13,K-35-050-4,burial_mound,out_of_scope,as_digitised,student_digitised,321293.008,4699526.332
student:00082,student_standardised,100005e13,K-35-050-4,burial_mound,out_of_scope,as_digitised,student_digitised,321108.764,4699459.993
student:00083,student_standardised,100005e13,K-35-050-4,burial_mound,out_of_scope,as_digitised,student_digitised,320682.122,4700190.117
student:00084,student_standardised,100005e13,K-35-050-4,burial_mound,out_of_scope,as_digitised,student_digitised,318847.777,4699140.711
student:00085,student_standardised,100005e13,K-35-050-4,burial_mound,out_of_scope,as_digitised,student_digitised,315764.584,4700250.184
student:00086,student_standardised,100005e13,K-35-050-4,burial_mound,out_of_scope,as_digitised,student_digitised,318807.307,4698236.071
student:00087,student_standardised,100005e13,K-35-050-4,burial_mound,out_of_scope,as_digitised,student_digitised,318882.957,4697127.267
student:00088,student_standardised,100005e13,K-35-050-4,burial_mound,out_of_scope,as_digitised,student_digitised,318998.143,4696992.021
student:00089,student_standardised,100005e13,K-35-050-4,burial_mound,out_of_scope,as_digitised,student_digitised,324886.163,4698804.160
student:00090,student_standardised,100005e13,K-35-050-4,burial_mound,proxy_confirmed,claimant_mark,student_digitised,328004.489,4697540.383
student:00091,student_standardised,100005e13,K-35-050-4,burial_mound,out_of_scope,as_digitised,student_digitised,328418.318,4697284.782
student:00092,student_standardised,100005e13,K-35-050-4,burial_mound,out_of_scope,as_digitised,student_digitised,328249.475,4697763.928
student:00093,student_standardised,100005e13,K-35-050-4,burial_mound,out_of_scope,as_digitised,student_digitised,328737.042,4697843.105
student:00094,student_standardised,100005e13,K-35-050-4,burial_mound,out_of_scope,as_digitised,student_digitised,328654.638,4697897.003
student:00095,student_standardised,100005e13,K-35-050-4,burial_mound,out_of_scope,as_digitised,student_digitised,329212.154,4698191.918
student:00096,student_standardised,100005e13,K-35-050-4,burial_mound,out_of_scope,as_digitised,student_digitised,329188.392,4698105.640
student:00097,student_standardised,100005e13,K-35-050-4,burial_mound,out_of_scope,as_digitised,student_digitised,329323.287,4697263.638
student:00098,student_standardised,100005e13,K-35-050-4,burial_mound,out_of_scope,as_digitised,student_digitised,329422.426,4697564.412
student:00099,student_standardised,100005e13,K-35-050-4,burial_mound,out_of_scope,as_digitised,student_digitised,332577.421,4698145.268
student:00100,student_standardised,100005e13,K-35-050-4,burial_mound,out_of_scope,as_digitised,student_digitised,335166.888,4696749.160
student:00101,student_standardised,100005e13,K-35-050-4,burial_mound,out_of_scope,as_digitised,student_digitised,333168.772,4695822.626
student:00102,student_standardised,100005e13,K-35-050-4,burial_mound,out_of_scope,as_digitised,student_digitised,328109.817,4696801.082
student:00103,student_standardised,100005e13,K-35-050-4,burial_mound,out_of_scope,as_digitised,student_digitised,327462.084,4695066.734
student:00104,student_standardised,100005e13,K-35-050-4,burial_mound,out_of_scope,as_digitised,student_digitised,325555.896,4696261.019
student:00105,student_standardised,100005e13,K-35-050-4,burial_mound,directly_reviewed,own_mark,student_digitised,325224.642,4695707.152
student:00106,student_standardised,100005e13,K-35-050-4,burial_mound,out_of_scope,as_digitised,student_digitised,324539.458,4695669.424
student:00107,student_standardised,100005e13,K-35-050-4,burial_mound,out_of_scope,as_digitised,student_digitised,324026.205,4695240.140
student:00108,student_standardised,100005e13,K-35-050-4,burial_mound,out_of_scope,as_digitised,student_digitised,324877.985,4694983.720
student:00109,student_standardised,100005e13,K-35-050-4,burial_mound,out_of_scope,as_digitised,student_digitised,319154.890,4695055.610
student:00110,student_standardised,100005e13,K-35-050-4,burial_mound,out_of_scope,as_digitised,student_digitised,318854.055,4696252.722
student:00111,student_standardised,100005e13,K-35-050-4,burial_mound,out_of_scope,as_digitised,student_digitised,318482.483,4695615.701
student:00112,student_standardised,100005e13,K-35-050-4,burial_mound,out_of_scope,as_digitised,student_digitised,318607.931,4695500.564
student:00113,student_standardised,100005e13,K-35-050-4,burial_mound,out_of_scope,as_digitised,student_digitised,318539.480,4695408.989
student:00114,student_standardised,100005e13,K-35-050-4,burial_mound,out_of_scope,as_digitised,student_digitised,318696.783,4695202.531
student:00115,student_standardised,100005e13,K-35-050-4,burial_mound,out_of_scope,as_digitised,student_digitised,318761.399,4695099.464
student:00116,student_standardised,100005e13,K-35-050-4,burial_mound,out_of_scope,as_digitised,student_digitised,317464.978,4695871.273
student:00117,student_standardised,100005e13,K-35-050-4,burial_mound,out_of_scope,as_digitised,student_digitised,316440.473,4696581.293
student:00118,student_standardised,100005e13,K-35-050-4,burial_mound,proxy_confirmed,claimant_mark,student_digitised,316348.720,4696685.417
student:00119,student_standardised,100005e13,K-35-050-4,burial_mound,out_of_scope,as_digitised,student_digitised,315965.565,4696351.498
student:00120,student_standardised,100005e13,K-35-050-4,burial_mound,out_of_scope,as_digitised,student_digitised,315173.244,4696856.039
student:00121,student_standardised,100005e13,K-35-050-4,burial_mound,out_of_scope,as_digitised,student_digitised,314808.461,4695990.573
student:00122,student_standardised,100005e13,K-35-050-4,burial_mound,out_of_scope,as_digitised,student_digitised,318781.227,4694796.501
student:00123,student_standardised,100005e13,K-35-050-4,burial_mound,out_of_scope,as_digitised,student_digitised,318987.666,4694887.742
student:00124,student_standardised,100005e13,K-35-050-4,burial_mound,out_of_scope,as_digitised,student_digitised,319659.318,4694610.995
student:00125,student_standardised,100005e13,K-35-050-4,burial_mound,out_of_scope,as_digitised,student_digitised,319492.728,4693122.033
student:00126,student_standardised,100005e13,K-35-050-4,burial_mound,out_of_scope,as_digitised,student_digitised,319931.248,4693217.867
student:00127,student_standardised,100005e13,K-35-050-4,burial_mound,out_of_scope,as_digitised,student_digitised,321191.732,4694257.052
student:00128,student_standardised,100005e13,K-35-050-4,burial_mound,out_of_scope,as_digitised,student_digitised,324873.746,4694710.589
student:00129,student_standardised,100005e13,K-35-050-4,burial_mound,out_of_scope,as_digitised,student_digitised,325684.429,4694432.207
student:00130,student_standardised,100005e13,K-35-050-4,burial_mound,out_of_scope,as_digitised,student_digitised,326934.797,4693041.028
student:00131,student_standardised,100005e13,K-35-050-4,burial_mound,out_of_scope,as_digitised,student_digitised,326963.042,4694242.332
student:00132,student_standardised,100005e13,K-35-050-4,burial_mound,out_of_scope,as_digitised,student_digitised,328150.404,4694887.107
student:00133,student_standardised,100005e13,K-35-050-4,burial_mound,out_of_scope,as_digitised,student_digitised,328716.383,4693688.479
student:00134,student_standardised,100005e13,K-35-050-4,burial_mound,out_of_scope,as_digitised,student_digitised,328562.722,4693447.224
student:00135,student_standardised,100005e13,K-35-050-4,burial_mound,directly_reviewed,own_mark,student_digitised,329417.033,4693469.129
student:00136,student_standardised,100005e13,K-35-050-4,burial_mound,directly_reviewed,own_mark,student_digitised,329491.063,4693500.773
student:00137,student_standardised,100005e13,K-35-050-4,burial_mound,out_of_scope,as_digitised,student_digitised,329667.069,4693703.185
student:00138,student_standardised,100005e13,K-35-050-4,burial_mound,out_of_scope,as_digitised,student_digitised,329605.708,4693746.994
student:00139,student_standardised,100005e13,K-35-050-4,burial_mound,out_of_scope,as_digitised,student_digitised,330195.955,4693307.728
student:00140,student_standardised,100005e13,K-35-050-4,burial_mound,out_of_scope,as_digitised,student_digitised,332758.554,4693795.974
student:00141,student_standardised,100005e13,K-35-050-4,burial_mound,out_of_scope,as_digitised,student_digitised,333092.201,4693330.726
student:00142,student_standardised,100005e13,K-35-050-4,burial_mound,out_of_scope,as_digitised,student_digitised,333647.972,4692943.038
student:00143,student_standardised,100005e13,K-35-050-4,burial_mound,out_of_scope,as_digitised,student_digitised,332951.116,4691719.391
student:00144,student_standardised,100005e13,K-35-050-4,burial_mound,directly_reviewed,own_mark,student_digitised,332599.665,4691382.601
student:00145,student_standardised,100005e13,K-35-050-4,burial_mound,out_of_scope,as_digitised,student_digitised,332589.386,4691141.974
student:00146,student_standardised,100005e13,K-35-050-4,burial_mound,out_of_scope,as_digitised,student_digitised,327884.901,4692840.729
student:00147,student_standardised,100005e13,K-35-050-4,burial_mound,out_of_scope,as_digitised,student_digitised,327818.161,4692655.832
student:00148,student_standardised,100005e13,K-35-050-4,burial_mound,out_of_scope,as_digitised,student_digitised,327201.982,4692181.140
student:00149,student_standardised,100005e13,K-35-050-4,burial_mound,out_of_scope,as_digitised,student_digitised,324786.712,4692076.153
student:00150,student_standardised,100005e13,K-35-050-4,burial_mound,out_of_scope,as_digitised,student_digitised,319500.379,4692912.156
student:00151,student_standardised,100005e13,K-35-050-4,burial_mound,out_of_scope,as_digitised,student_digitised,319398.319,4692828.274
student:00152,student_standardised,100005e13,K-35-050-4,burial_mound,out_of_scope,as_digitised,student_digitised,320143.612,4691650.613
student:00153,student_standardised,100005e13,K-35-050-4,burial_mound,out_of_scope,as_digitised,student_digitised,322717.251,4690376.280
student:00154,student_standardised,100005e13,K-35-050-4,burial_mound,out_of_scope,as_digitised,student_digitised,322848.627,4689949.024
student:00155,student_standardised,100005e13,K-35-050-4,burial_mound,out_of_scope,as_digitised,student_digitised,322504.583,4689714.207
student:00156,student_standardised,100005e13,K-35-050-4,burial_mound,out_of_scope,as_digitised,student_digitised,322406.834,4689617.349
student:00157,student_standardised,100005e13,K-35-050-4,burial_mound,out_of_scope,as_digitised,student_digitised,322382.904,4689161.403
student:00158,student_standardised,100005e13,K-35-050-4,burial_mound,out_of_scope,as_digitised,student_digitised,323290.673,4689663.664
student:00159,student_standardised,100005e13,K-35-050-4,burial_mound,out_of_scope,as_digitised,student_digitised,323787.912,4690708.557
student:00160,student_standardised,100005e13,K-35-050-4,burial_mound,out_of_scope,as_digitised,student_digitised,323821.755,4691145.142
student:00161,student_standardised,100005e13,K-35-050-4,burial_mound,out_of_scope,as_digitised,student_digitised,324319.569,4690845.194
student:00162,student_standardised,100005e13,K-35-050-4,burial_mound,out_of_scope,as_digitised,student_digitised,324403.241,4690829.566
student:00163,student_standardised,100005e13,K-35-050-4,burial_mound,out_of_scope,as_digitised,student_digitised,324863.014,4689847.809
student:00164,student_standardised,100005e13,K-35-050-4,burial_mound,out_of_scope,as_digitised,student_digitised,326055.672,4689871.507
student:00165,student_standardised,100005e13,K-35-050-4,burial_mound,out_of_scope,as_digitised,student_digitised,326338.870,4689714.833
student:00166,student_standardised,100005e13,K-35-050-4,burial_mound,out_of_scope,as_digitised,student_digitised,329230.229,4689086.836
student:00167,student_standardised,100005e13,K-35-050-4,burial_mound,out_of_scope,as_digitised,student_digitised,329678.881,4688844.174
student:00168,student_standardised,100005e13,K-35-050-4,burial_mound,out_of_scope,as_digitised,student_digitised,330520.461,4690311.741
student:00169,student_standardised,100005e13,K-35-050-4,burial_mound,out_of_scope,as_digitised,student_digitised,330451.542,4689887.079
student:00170,student_standardised,100005e13,K-35-050-4,burial_mound,out_of_scope,as_digitised,student_digitised,330211.532,4689541.873
student:00171,student_standardised,100005e13,K-35-050-4,burial_mound,out_of_scope,as_digitised,student_digitised,330014.495,4689360.857
student:00172,student_standardised,100005e13,K-35-050-4,burial_mound,out_of_scope,as_digitised,student_digitised,330095.271,4688931.628
student:00173,student_standardised,100005e13,K-35-050-4,burial_mound,out_of_scope,as_digitised,student_digitised,331371.351,4690642.491
student:00174,student_standardised,100005e13,K-35-050-4,burial_mound,out_of_scope,as_digitised,student_digitised,331858.548,4690480.710
student:00175,student_standardised,100005e13,K-35-050-4,burial_mound,out_of_scope,as_digitised,student_digitised,332037.543,4690887.238
student:00176,student_standardised,100005e13,K-35-050-4,burial_mound,out_of_scope,as_digitised,student_digitised,332611.589,4690983.538
student:00177,student_standardised,100005e13,K-35-050-4,burial_mound,out_of_scope,as_digitised,student_digitised,334909.617,4690435.394
student:00178,student_standardised,100005e13,K-35-050-4,burial_mound,out_of_scope,as_digitised,student_digitised,334459.996,4689463.765
student:00179,student_standardised,100005e13,K-35-050-4,burial_mound,directly_reviewed,own_mark,student_digitised,334948.515,4688970.464
student:00180,student_standardised,100005e13,K-35-051-3,burial_mound,out_of_scope,as_digitised,student_digitised,339393.377,4705403.989
student:00181,student_standardised,100005e13,K-35-051-3,burial_mound,out_of_scope,as_digitised,student_digitised,346511.045,4706793.745
student:00182,student_standardised,100005e13,K-35-051-3,burial_mound,out_of_scope,as_digitised,student_digitised,345352.097,4703647.429
student:00183,student_standardised,100005e13,K-35-051-3,burial_mound,directly_reviewed,own_mark,student_digitised,345303.643,4703533.738
student:00184,student_standardised,100005e13,K-35-051-3,burial_mound,out_of_scope,as_digitised,student_digitised,338193.674,4701759.444
student:00185,student_standardised,100005e13,K-35-051-3,burial_mound,out_of_scope,as_digitised,student_digitised,346724.048,4701273.025
student:00186,student_standardised,100005e13,K-35-051-3,burial_mound,out_of_scope,as_digitised,student_digitised,347125.988,4701062.428
student:00187,student_standardised,100005e13,K-35-051-3,burial_mound,out_of_scope,as_digitised,student_digitised,347717.427,4701262.657
student:00188,student_standardised,100005e13,K-35-051-3,burial_mound,out_of_scope,as_digitised,student_digitised,351439.462,4701715.470
student:00189,student_standardised,100005e13,K-35-051-3,burial_mound,out_of_scope,as_digitised,student_digitised,353213.938,4701439.425
student:00190,student_standardised,100005e13,K-35-051-3,burial_mound,out_of_scope,as_digitised,student_digitised,353272.461,4700923.703
student:00191,student_standardised,100005e13,K-35-051-3,burial_mound,out_of_scope,as_digitised,student_digitised,352754.305,4700765.861
student:00192,student_standardised,100005e13,K-35-051-3,burial_mound,out_of_scope,as_digitised,student_digitised,349637.893,4699974.926
student:00193,student_standardised,100005e13,K-35-051-3,burial_mound,out_of_scope,as_digitised,student_digitised,349986.403,4700389.452
student:00194,student_standardised,100005e13,K-35-051-3,burial_mound,out_of_scope,as_digitised,student_digitised,347379.526,4699688.219
student:00195,student_standardised,100005e13,K-35-051-3,burial_mound,out_of_scope,as_digitised,student_digitised,347368.707,4699605.399
student:00196,student_standardised,100005e13,K-35-051-3,burial_mound,out_of_scope,as_digitised,student_digitised,340128.152,4698071.799
student:00197,student_standardised,100005e13,K-35-051-3,burial_mound,out_of_scope,as_digitised,student_digitised,339907.968,4698396.672
student:00198,student_standardised,100005e13,K-35-051-3,burial_mound,out_of_scope,as_digitised,student_digitised,338326.626,4699175.833
student:00199,student_standardised,100005e13,K-35-051-3,burial_mound,out_of_scope,as_digitised,student_digitised,338047.712,4699285.260
student:00200,student_standardised,100005e13,K-35-051-3,burial_mound,out_of_scope,as_digitised,student_digitised,338319.745,4700526.668
student:00201,student_standardised,100005e13,K-35-051-3,burial_mound,directly_reviewed,own_mark,student_digitised,338734.458,4700311.855
student:00202,student_standardised,100005e13,K-35-051-3,burial_mound,directly_reviewed,own_mark,student_digitised,338659.575,4700384.013
student:00203,student_standardised,100005e13,K-35-051-3,burial_mound,directly_reviewed,own_mark,student_digitised,338650.273,4700665.065
student:00204,student_standardised,100005e13,K-35-051-3,burial_mound,directly_reviewed,own_mark,student_digitised,338711.981,4700663.490
student:00205,student_standardised,100005e13,K-35-051-3,burial_mound,directly_reviewed,own_mark,student_digitised,337027.949,4699273.827
student:00206,student_standardised,100005e13,K-35-051-3,burial_mound,out_of_scope,as_digitised,student_digitised,336874.903,4699410.801
student:00207,student_standardised,100005e13,K-35-051-3,burial_mound,out_of_scope,as_digitised,student_digitised,336665.636,4699306.906
student:00208,student_standardised,100005e13,K-35-051-3,burial_mound,out_of_scope,as_digitised,student_digitised,336423.649,4699311.024
student:00209,student_standardised,100005e13,K-35-051-3,burial_mound,out_of_scope,as_digitised,student_digitised,336335.207,4699664.320
student:00210,student_standardised,100005e13,K-35-051-3,burial_mound,out_of_scope,as_digitised,student_digitised,335984.113,4699322.608
student:00211,student_standardised,100005e13,K-35-051-3,burial_mound,out_of_scope,as_digitised,student_digitised,335430.401,4700101.216
student:00212,student_standardised,100005e13,K-35-051-3,burial_mound,out_of_scope,as_digitised,student_digitised,335648.234,4699864.917
student:00213,student_standardised,100005e13,K-35-051-3,burial_mound,out_of_scope,as_digitised,student_digitised,336632.633,4698353.562
student:00214,student_standardised,100005e13,K-35-051-3,burial_mound,out_of_scope,as_digitised,student_digitised,337501.271,4698924.774
student:00215,student_standardised,100005e13,K-35-051-3,burial_mound,out_of_scope,as_digitised,student_digitised,337280.130,4698922.524
student:00216,student_standardised,100005e13,K-35-051-3,burial_mound,out_of_scope,as_digitised,student_digitised,337615.456,4698857.768
student:00217,student_standardised,100005e13,K-35-051-3,burial_mound,out_of_scope,as_digitised,student_digitised,337119.705,4698733.940
student:00218,student_standardised,100005e13,K-35-051-3,burial_mound,out_of_scope,as_digitised,student_digitised,337307.052,4698619.091
student:00219,student_standardised,100005e13,K-35-051-3,burial_mound,directly_reviewed,own_mark,student_digitised,338676.188,4698650.010
student:00220,student_standardised,100005e13,K-35-051-3,burial_mound,out_of_scope,as_digitised,student_digitised,339391.392,4698348.310
student:00221,student_standardised,100005e13,K-35-051-3,burial_mound,out_of_scope,as_digitised,student_digitised,339587.115,4697264.472
student:00222,student_standardised,100005e13,K-35-051-3,burial_mound,out_of_scope,as_digitised,student_digitised,341137.158,4697590.650
student:00223,student_standardised,100005e13,K-35-051-3,burial_mound,out_of_scope,as_digitised,student_digitised,341533.716,4697603.499
student:00224,student_standardised,100005e13,K-35-051-3,burial_mound,out_of_scope,as_digitised,student_digitised,344843.610,4698767.810
student:00225,student_standardised,100005e13,K-35-051-3,burial_mound,out_of_scope,as_digitised,student_digitised,344680.900,4698245.783
student:00226,student_standardised,100005e13,K-35-051-3,burial_mound,out_of_scope,as_digitised,student_digitised,348371.117,4697810.623
student:00227,student_standardised,100005e13,K-35-051-3,burial_mound,out_of_scope,as_digitised,student_digitised,351989.193,4697935.978
student:00228,student_standardised,100005e13,K-35-051-3,burial_mound,out_of_scope,as_digitised,student_digitised,352096.641,4698840.787
student:00229,student_standardised,100005e13,K-35-051-3,burial_mound,out_of_scope,as_digitised,student_digitised,353162.131,4697151.615
student:00230,student_standardised,100005e13,K-35-051-3,burial_mound,out_of_scope,as_digitised,student_digitised,354193.527,4697737.825
student:00231,student_standardised,100005e13,K-35-051-3,burial_mound,directly_reviewed,own_mark,student_digitised,355261.947,4695686.273
student:00232,student_standardised,100005e13,K-35-051-3,burial_mound,out_of_scope,as_digitised,student_digitised,354750.574,4696644.585
student:00233,student_standardised,100005e13,K-35-051-3,burial_mound,out_of_scope,as_digitised,student_digitised,352214.966,4696836.358
student:00234,student_standardised,100005e13,K-35-051-3,bench_mark_on_mound,directly_reviewed,own_mark,student_digitised,341783.816,4696174.502
student:00235,student_standardised,100005e13,K-35-051-3,burial_mound,directly_reviewed,own_mark,student_digitised,341778.805,4696096.188
student:00236,student_standardised,100005e13,K-35-051-3,burial_mound,out_of_scope,as_digitised,student_digitised,340738.734,4695571.812
student:00237,student_standardised,100005e13,K-35-051-3,burial_mound,proxy_confirmed,claimant_mark,student_digitised,340603.903,4695576.889
student:00238,student_standardised,100005e13,K-35-051-3,burial_mound,out_of_scope,as_digitised,student_digitised,340605.753,4695443.505
student:00239,student_standardised,100005e13,K-35-051-3,burial_mound,out_of_scope,as_digitised,student_digitised,340525.944,4695470.670
student:00240,student_standardised,100005e13,K-35-051-3,burial_mound,out_of_scope,as_digitised,student_digitised,339908.921,4695363.702
student:00241,student_standardised,100005e13,K-35-051-3,burial_mound,out_of_scope,as_digitised,student_digitised,340406.380,4696286.214
student:00242,student_standardised,100005e13,K-35-051-3,burial_mound,out_of_scope,as_digitised,student_digitised,337670.172,4696738.102
student:00243,student_standardised,100005e13,K-35-051-3,burial_mound,out_of_scope,as_digitised,student_digitised,336935.117,4696021.321
student:00244,student_standardised,100005e13,K-35-051-3,burial_mound,out_of_scope,as_digitised,student_digitised,337595.033,4695966.029
student:00245,student_standardised,100005e13,K-35-051-3,burial_mound,out_of_scope,as_digitised,student_digitised,336062.711,4695919.374
student:00246,student_standardised,100005e13,K-35-051-3,burial_mound,out_of_scope,as_digitised,student_digitised,336202.592,4695230.573
student:00247,student_standardised,100005e13,K-35-051-3,burial_mound,out_of_scope,as_digitised,student_digitised,336197.758,4695970.617
student:00248,student_standardised,100005e13,K-35-051-3,burial_mound,out_of_scope,as_digitised,student_digitised,336290.709,4696792.610
student:00249,student_standardised,100005e13,K-35-051-3,burial_mound,out_of_scope,as_digitised,student_digitised,336118.604,4694798.830
student:00250,student_standardised,100005e13,K-35-051-3,burial_mound,out_of_scope,as_digitised,student_digitised,337632.701,4693515.653
student:00251,student_standardised,100005e13,K-35-051-3,burial_mound,out_of_scope,as_digitised,student_digitised,338418.002,4694189.581
student:00252,student_standardised,100005e13,K-35-051-3,burial_mound,out_of_scope,as_digitised,student_digitised,338801.173,4694255.944
student:00253,student_standardised,100005e13,K-35-051-3,burial_mound,out_of_scope,as_digitised,student_digitised,339891.952,4694962.430
student:00254,student_standardised,100005e13,K-35-051-3,burial_mound,out_of_scope,as_digitised,student_digitised,339800.312,4694516.490
student:00255,student_standardised,100005e13,K-35-051-3,burial_mound,directly_reviewed,own_mark,student_digitised,339700.323,4693565.555
student:00256,student_standardised,100005e13,K-35-051-3,burial_mound,out_of_scope,as_digitised,student_digitised,341784.715,4694695.201
student:00257,student_standardised,100005e13,K-35-051-3,burial_mound,out_of_scope,as_digitised,student_digitised,341801.044,4694027.602
student:00258,student_standardised,100005e13,K-35-051-3,burial_mound,out_of_scope,as_digitised,student_digitised,341981.754,4693869.000
student:00259,student_standardised,100005e13,K-35-051-3,burial_mound,out_of_scope,as_digitised,student_digitised,342875.475,4693294.554
student:00260,student_standardised,100005e13,K-35-051-3,burial_mound,out_of_scope,as_digitised,student_digitised,342522.213,4694276.715
student:00261,student_standardised,100005e13,K-35-051-3,burial_mound,out_of_scope,as_digitised,student_digitised,342548.469,4694967.570
student:00262,student_standardised,100005e13,K-35-051-3,burial_mound,out_of_scope,as_digitised,student_digitised,344298.888,4693483.447
student:00263,student_standardised,100005e13,K-35-051-3,burial_mound,out_of_scope,as_digitised,student_digitised,344596.202,4693349.991
student:00264,student_standardised,100005e13,K-35-051-3,burial_mound,out_of_scope,as_digitised,student_digitised,344663.322,4693283.824
student:00265,student_standardised,100005e13,K-35-051-3,burial_mound,out_of_scope,as_digitised,student_digitised,345441.625,4694564.679
student:00266,student_standardised,100005e13,K-35-051-3,burial_mound,out_of_scope,as_digitised,student_digitised,345720.739,4694349.349
student:00267,student_standardised,100005e13,K-35-051-3,burial_mound,out_of_scope,as_digitised,student_digitised,345889.601,4694413.505
student:00268,student_standardised,100005e13,K-35-051-3,burial_mound,out_of_scope,as_digitised,student_digitised,345712.597,4693710.519
student:00269,student_standardised,100005e13,K-35-051-3,burial_mound,out_of_scope,as_digitised,student_digitised,346109.259,4693341.355
student:00270,student_standardised,100005e13,K-35-051-3,burial_mound,out_of_scope,as_digitised,student_digitised,346450.402,4694061.689
student:00271,student_standardised,100005e13,K-35-051-3,burial_mound,out_of_scope,as_digitised,student_digitised,347303.011,4694702.462
student:00272,student_standardised,100005e13,K-35-051-3,burial_mound,out_of_scope,as_digitised,student_digitised,348216.056,4694522.667
student:00273,student_standardised,100005e13,K-35-051-3,burial_mound,proxy_confirmed,claimant_mark,student_digitised,350245.352,4694941.617
student:00274,student_standardised,100005e13,K-35-051-3,burial_mound,out_of_scope,as_digitised,student_digitised,355332.110,4693315.414
student:00275,student_standardised,100005e13,K-35-051-3,burial_mound,out_of_scope,as_digitised,student_digitised,355711.892,4693050.382
student:00276,student_standardised,100005e13,K-35-051-3,burial_mound,out_of_scope,as_digitised,student_digitised,355239.493,4692186.645
student:00277,student_standardised,100005e13,K-35-051-3,burial_mound,out_of_scope,as_digitised,student_digitised,355656.941,4691292.262
student:00278,student_standardised,100005e13,K-35-051-3,burial_mound,out_of_scope,as_digitised,student_digitised,353167.562,4691223.417
student:00279,student_standardised,100005e13,K-35-051-3,burial_mound,out_of_scope,as_digitised,student_digitised,353022.308,4691722.292
student:00280,student_standardised,100005e13,K-35-051-3,burial_mound,out_of_scope,as_digitised,student_digitised,353414.976,4691888.527
student:00281,student_standardised,100005e13,K-35-051-3,burial_mound,out_of_scope,as_digitised,student_digitised,352914.780,4691867.458
student:00282,student_standardised,100005e13,K-35-051-3,burial_mound,out_of_scope,as_digitised,student_digitised,352620.571,4691626.805
student:00283,student_standardised,100005e13,K-35-051-3,burial_mound,out_of_scope,as_digitised,student_digitised,352109.062,4691129.043
student:00284,student_standardised,100005e13,K-35-051-3,burial_mound,out_of_scope,as_digitised,student_digitised,351849.299,4691952.942
student:00285,student_standardised,100005e13,K-35-051-3,burial_mound,out_of_scope,as_digitised,student_digitised,351860.210,4691711.905
student:00286,student_standardised,100005e13,K-35-051-3,burial_mound,out_of_scope,as_digitised,student_digitised,350559.139,4691118.310
student:00287,student_standardised,100005e13,K-35-051-3,burial_mound,out_of_scope,as_digitised,student_digitised,349754.315,4692601.790
student:00288,student_standardised,100005e13,K-35-051-3,burial_mound,out_of_scope,as_digitised,student_digitised,348916.913,4691772.315
student:00289,student_standardised,100005e13,K-35-051-3,burial_mound,out_of_scope,as_digitised,student_digitised,347308.083,4691542.044
student:00290,student_standardised,100005e13,K-35-051-3,burial_mound,out_of_scope,as_digitised,student_digitised,345955.234,4692733.404
student:00291,student_standardised,100005e13,K-35-051-3,burial_mound,out_of_scope,as_digitised,student_digitised,345827.564,4692706.567
student:00292,student_standardised,100005e13,K-35-051-3,burial_mound,directly_reviewed,own_mark,student_digitised,344076.059,4692037.156
student:00293,student_standardised,100005e13,K-35-051-3,burial_mound,directly_reviewed,own_mark,student_digitised,344047.138,4691984.038
student:00294,student_standardised,100005e13,K-35-051-3,burial_mound,out_of_scope,as_digitised,student_digitised,342675.146,4692964.088
student:00295,student_standardised,100005e13,K-35-051-3,burial_mound,out_of_scope,as_digitised,student_digitised,336401.735,4692936.033
student:00296,student_standardised,100005e13,K-35-051-3,burial_mound,directly_reviewed,own_mark,student_digitised,336004.099,4691182.252
student:00297,student_standardised,100005e13,K-35-051-3,burial_mound,directly_reviewed,own_mark,student_digitised,335955.133,4691127.850
student:00298,student_standardised,100005e13,K-35-051-3,burial_mound,out_of_scope,as_digitised,student_digitised,335575.453,4691335.174
student:00299,student_standardised,100005e13,K-35-051-3,burial_mound,out_of_scope,as_digitised,student_digitised,335430.221,4689147.839
student:00300,student_standardised,100005e13,K-35-051-3,burial_mound,out_of_scope,as_digitised,student_digitised,335827.074,4689171.540
student:00301,student_standardised,100005e13,K-35-051-3,burial_mound,out_of_scope,as_digitised,student_digitised,337544.102,4689152.265
student:00302,student_standardised,100005e13,K-35-051-3,burial_mound,out_of_scope,as_digitised,student_digitised,337511.954,4688827.607
student:00303,student_standardised,100005e13,K-35-051-3,burial_mound,out_of_scope,as_digitised,student_digitised,337494.330,4688693.798
student:00304,student_standardised,100005e13,K-35-051-3,burial_mound,out_of_scope,as_digitised,student_digitised,338288.429,4690915.611
student:00305,student_standardised,100005e13,K-35-051-3,burial_mound,out_of_scope,as_digitised,student_digitised,338907.522,4690226.389
student:00306,student_standardised,100005e13,K-35-051-3,burial_mound,out_of_scope,as_digitised,student_digitised,338755.866,4690038.020
student:00307,student_standardised,100005e13,K-35-051-3,burial_mound,out_of_scope,as_digitised,student_digitised,338596.515,4689142.104
student:00308,student_standardised,100005e13,K-35-051-3,burial_mound,out_of_scope,as_digitised,student_digitised,338421.764,4688961.731
student:00309,student_standardised,100005e13,K-35-051-3,burial_mound,out_of_scope,as_digitised,student_digitised,339765.054,4689989.545
student:00310,student_standardised,100005e13,K-35-051-3,burial_mound,out_of_scope,as_digitised,student_digitised,341431.347,4690765.572
student:00311,student_standardised,100005e13,K-35-051-3,burial_mound,out_of_scope,as_digitised,student_digitised,342278.240,4690672.610
student:00312,student_standardised,100005e13,K-35-051-3,burial_mound,out_of_scope,as_digitised,student_digitised,344368.229,4688784.024
student:00313,student_standardised,100005e13,K-35-051-3,burial_mound,out_of_scope,as_digitised,student_digitised,344342.544,4688860.784
student:00314,student_standardised,100005e13,K-35-051-3,burial_mound,out_of_scope,as_digitised,student_digitised,345297.102,4689763.424
student:00315,student_standardised,100005e13,K-35-051-3,burial_mound,out_of_scope,as_digitised,student_digitised,346793.046,4690737.883
student:00316,student_standardised,100005e13,K-35-051-3,burial_mound,out_of_scope,as_digitised,student_digitised,349237.901,4688687.489
student:00317,student_standardised,100005e13,K-35-051-3,burial_mound,directly_reviewed,own_mark,student_digitised,349416.799,4688799.954
student:00318,student_standardised,100005e13,K-35-051-3,burial_mound,out_of_scope,as_digitised,student_digitised,350456.696,4689646.297
student:00319,student_standardised,100005e13,K-35-051-3,burial_mound,out_of_scope,as_digitised,student_digitised,350673.362,4689492.356
student:00320,student_standardised,100005e13,K-35-051-3,burial_mound,out_of_scope,as_digitised,student_digitised,349990.106,4689305.174
student:00321,student_standardised,100005e13,K-35-051-3,burial_mound,out_of_scope,as_digitised,student_digitised,350544.682,4688445.825
student:00322,student_standardised,100005e13,K-35-051-3,burial_mound,out_of_scope,as_digitised,student_digitised,351284.510,4689163.971
student:00323,student_standardised,100005e13,K-35-051-3,burial_mound,out_of_scope,as_digitised,student_digitised,351448.914,4690045.755
student:00324,student_standardised,100005e13,K-35-051-3,burial_mound,out_of_scope,as_digitised,student_digitised,352159.964,4690967.202
student:00325,student_standardised,100005e13,K-35-051-3,burial_mound,out_of_scope,as_digitised,student_digitised,352410.185,4690697.566
student:00326,student_standardised,100005e13,K-35-051-3,burial_mound,out_of_scope,as_digitised,student_digitised,352362.986,4690472.861
student:00327,student_standardised,100005e13,K-35-051-3,burial_mound,out_of_scope,as_digitised,student_digitised,352362.053,4690387.981
student:00328,student_standardised,100005e13,K-35-051-3,burial_mound,out_of_scope,as_digitised,student_digitised,352851.388,4690969.684
student:00329,student_standardised,100005e13,K-35-051-3,burial_mound,out_of_scope,as_digitised,student_digitised,353244.442,4688747.846
student:00330,student_standardised,100005e13,K-35-051-3,burial_mound,out_of_scope,as_digitised,student_digitised,354052.156,4689792.599
student:00331,student_standardised,100005e13,K-35-051-3,burial_mound,proxy_confirmed,claimant_mark,student_digitised,354666.907,4688618.837
student:00332,student_standardised,100005e13,K-35-051-3,burial_mound,out_of_scope,as_digitised,student_digitised,355340.913,4688622.585
student:00333,student_standardised,100005e13,K-35-051-3,burial_mound,out_of_scope,as_digitised,student_digitised,355303.057,4689889.831
student:00334,student_standardised,100005e13,K-35-051-3,burial_mound,out_of_scope,as_digitised,student_digitised,355631.071,4690770.207
student:00335,student_standardised,100005e13,K-35-051-3,burial_mound,out_of_scope,as_digitised,student_digitised,355406.843,4690885.822
student:00336,student_standardised,100003e13,K-35-051-4,burial_mound,out_of_scope,as_digitised,student_digitised,363619.871,4704689.051
student:00337,student_standardised,100003e13,K-35-051-4,burial_mound,out_of_scope,as_digitised,student_digitised,364948.721,4704058.810
student:00338,student_standardised,100003e13,K-35-051-4,burial_mound,out_of_scope,as_digitised,student_digitised,364851.401,4703415.963
student:00339,student_standardised,100003e13,K-35-051-4,burial_mound,out_of_scope,as_digitised,student_digitised,363956.992,4702139.287
student:00340,student_standardised,100003e13,K-35-051-4,burial_mound,out_of_scope,as_digitised,student_digitised,364509.378,4700964.757
student:00341,student_standardised,100003e13,K-35-051-4,burial_mound,directly_reviewed,own_mark,student_digitised,363166.342,4701440.574
student:00342,student_standardised,100003e13,K-35-051-4,burial_mound,out_of_scope,as_digitised,student_digitised,363431.240,4701954.498
student:00343,student_standardised,100003e13,K-35-051-4,burial_mound,out_of_scope,as_digitised,student_digitised,362539.089,4701081.679
student:00344,student_standardised,100003e13,K-35-051-4,burial_mound,out_of_scope,as_digitised,student_digitised,361734.081,4701124.275
student:00345,student_standardised,100003e13,K-35-051-4,burial_mound,directly_reviewed,own_mark,student_digitised,361452.649,4701401.488
student:00346,student_standardised,100003e13,K-35-051-4,burial_mound,out_of_scope,as_digitised,student_digitised,361214.180,4701501.278
student:00347,student_standardised,100003e13,K-35-051-4,burial_mound,directly_reviewed,own_mark,student_digitised,360761.018,4701039.570
student:00348,student_standardised,100003e13,K-35-051-4,burial_mound,out_of_scope,as_digitised,student_digitised,358287.227,4700314.627
student:00349,student_standardised,100003e13,K-35-051-4,burial_mound,out_of_scope,as_digitised,student_digitised,360724.952,4700678.620
student:00350,student_standardised,100003e13,K-35-051-4,burial_mound,out_of_scope,as_digitised,student_digitised,360987.313,4700828.008
student:00351,student_standardised,100003e13,K-35-051-4,burial_mound,out_of_scope,as_digitised,student_digitised,358725.013,4698896.885
student:00352,student_standardised,100003e13,K-35-051-4,burial_mound,out_of_scope,as_digitised,student_digitised,358876.901,4698538.031
student:00353,student_standardised,100003e13,K-35-051-4,burial_mound,out_of_scope,as_digitised,student_digitised,358738.063,4698379.949
student:00354,student_standardised,100003e13,K-35-051-4,burial_mound,out_of_scope,as_digitised,student_digitised,367032.198,4697352.010
student:00355,student_standardised,100003e13,K-35-051-4,burial_mound,out_of_scope,as_digitised,student_digitised,359176.477,4697470.810
student:00356,student_standardised,100003e13,K-35-051-4,burial_mound,out_of_scope,as_digitised,student_digitised,356651.607,4697104.402
student:00357,student_standardised,100003e13,K-35-051-4,burial_mound,out_of_scope,as_digitised,student_digitised,356559.433,4697582.467
student:00358,student_standardised,100003e13,K-35-051-4,burial_mound,out_of_scope,as_digitised,student_digitised,357706.532,4696996.454
student:00359,student_standardised,100003e13,K-35-051-4,burial_mound,out_of_scope,as_digitised,student_digitised,356042.052,4696801.365
student:00360,student_standardised,100003e13,K-35-051-4,burial_mound,out_of_scope,as_digitised,student_digitised,356064.619,4696686.085
student:00361,student_standardised,100003e13,K-35-051-4,burial_mound,out_of_scope,as_digitised,student_digitised,356065.154,4696161.178
student:00362,student_standardised,100003e13,K-35-051-4,burial_mound,out_of_scope,as_digitised,student_digitised,356783.796,4696226.027
student:00363,student_standardised,100003e13,K-35-051-4,burial_mound,out_of_scope,as_digitised,student_digitised,357267.645,4696622.021
student:00364,student_standardised,100003e13,K-35-051-4,burial_mound,proxy_confirmed,claimant_mark,student_digitised,357602.654,4695997.431
student:00365,student_standardised,100003e13,K-35-051-4,burial_mound,out_of_scope,as_digitised,student_digitised,358812.530,4696970.713
student:00366,student_standardised,100003e13,K-35-051-4,burial_mound,out_of_scope,as_digitised,student_digitised,361424.737,4696653.479
student:00367,student_standardised,100003e13,K-35-051-4,burial_mound,out_of_scope,as_digitised,student_digitised,362981.587,4696867.996
student:00368,student_standardised,100003e13,K-35-051-4,burial_mound,out_of_scope,as_digitised,student_digitised,365455.891,4696412.940
student:00369,student_standardised,100003e13,K-35-051-4,burial_mound,out_of_scope,as_digitised,student_digitised,365745.031,4695991.624
student:00370,student_standardised,100003e13,K-35-051-4,burial_mound,out_of_scope,as_digitised,student_digitised,367533.952,4696853.659
student:00371,student_standardised,100003e13,K-35-051-4,burial_mound,out_of_scope,as_digitised,student_digitised,368324.470,4696108.256
student:00372,student_standardised,100003e13,K-35-051-4,burial_mound,out_of_scope,as_digitised,student_digitised,368257.053,4696053.776
student:00373,student_standardised,100003e13,K-35-051-4,burial_mound,out_of_scope,as_digitised,student_digitised,368741.893,4696717.118
student:00374,student_standardised,100003e13,K-35-051-4,burial_mound,out_of_scope,as_digitised,student_digitised,368801.157,4696657.903
student:00375,student_standardised,100003e13,K-35-051-4,burial_mound,out_of_scope,as_digitised,student_digitised,369141.902,4695413.059
student:00376,student_standardised,100003e13,K-35-051-4,burial_mound,out_of_scope,as_digitised,student_digitised,368026.626,4695679.713
student:00377,student_standardised,100003e13,K-35-051-4,burial_mound,out_of_scope,as_digitised,student_digitised,368177.940,4695883.863
student:00378,student_standardised,100003e13,K-35-051-4,burial_mound,out_of_scope,as_digitised,student_digitised,356946.464,4695067.954
student:00379,student_standardised,100003e13,K-35-051-4,burial_mound,out_of_scope,as_digitised,student_digitised,356849.683,4695105.590
student:00380,student_standardised,100003e13,K-35-051-4,burial_mound,out_of_scope,as_digitised,student_digitised,356409.123,4694945.170
student:00381,student_standardised,100003e13,K-35-051-4,burial_mound,out_of_scope,as_digitised,student_digitised,356244.154,4694315.816
student:00382,student_standardised,100003e13,K-35-051-4,burial_mound,out_of_scope,as_digitised,student_digitised,356346.654,4694364.424
student:00383,student_standardised,100003e13,K-35-051-4,burial_mound,out_of_scope,as_digitised,student_digitised,359555.260,4694955.852
student:00384,student_standardised,100003e13,K-35-051-4,burial_mound,directly_reviewed,own_mark,student_digitised,361425.023,4694073.724
student:00385,student_standardised,100003e13,K-35-051-4,burial_mound,out_of_scope,as_digitised,student_digitised,361770.043,4694309.246
student:00386,student_standardised,100003e13,K-35-051-4,burial_mound,out_of_scope,as_digitised,student_digitised,361956.821,4694919.952
student:00387,student_standardised,100003e13,K-35-051-4,burial_mound,out_of_scope,as_digitised,student_digitised,362337.406,4694072.500
student:00388,student_standardised,100003e13,K-35-051-4,burial_mound,out_of_scope,as_digitised,student_digitised,363307.383,4694668.370
student:00389,student_standardised,100003e13,K-35-051-4,burial_mound,out_of_scope,as_digitised,student_digitised,367406.423,4694022.401
student:00390,student_standardised,100003e13,K-35-051-4,burial_mound,out_of_scope,as_digitised,student_digitised,373633.303,4693025.748
student:00391,student_standardised,100003e13,K-35-051-4,burial_mound,out_of_scope,as_digitised,student_digitised,367019.166,4692999.274
student:00392,student_standardised,100003e13,K-35-051-4,burial_mound,out_of_scope,as_digitised,student_digitised,366638.806,4693255.856
student:00393,student_standardised,100003e13,K-35-051-4,burial_mound,directly_reviewed,own_mark,student_digitised,366761.792,4693780.949
student:00394,student_standardised,100003e13,K-35-051-4,burial_mound,out_of_scope,as_digitised,student_digitised,362943.368,4693864.548
student:00395,student_standardised,100003e13,K-35-051-4,burial_mound,out_of_scope,as_digitised,student_digitised,362823.595,4693691.822
student:00396,student_standardised,100003e13,K-35-051-4,burial_mound,out_of_scope,as_digitised,student_digitised,361505.743,4693760.027
student:00397,student_standardised,100003e13,K-35-051-4,burial_mound,out_of_scope,as_digitised,student_digitised,357505.673,4693548.195
student:00398,student_standardised,100003e13,K-35-051-4,burial_mound,out_of_scope,as_digitised,student_digitised,357318.799,4693745.459
student:00399,student_standardised,100003e13,K-35-051-4,burial_mound,out_of_scope,as_digitised,student_digitised,357235.301,4693761.167
student:00400,student_standardised,100003e13,K-35-051-4,burial_mound,out_of_scope,as_digitised,student_digitised,356017.974,4692964.180
student:00401,student_standardised,100003e13,K-35-051-4,burial_mound,out_of_scope,as_digitised,student_digitised,356025.812,4692755.690
student:00402,student_standardised,100003e13,K-35-051-4,burial_mound,out_of_scope,as_digitised,student_digitised,356285.969,4692750.056
student:00403,student_standardised,100003e13,K-35-051-4,burial_mound,out_of_scope,as_digitised,student_digitised,356427.230,4692450.803
student:00404,student_standardised,100003e13,K-35-051-4,burial_mound,out_of_scope,as_digitised,student_digitised,356700.464,4692850.698
student:00405,student_standardised,100003e13,K-35-051-4,burial_mound,out_of_scope,as_digitised,student_digitised,356345.243,4692011.617
student:00406,student_standardised,100003e13,K-35-051-4,burial_mound,out_of_scope,as_digitised,student_digitised,358001.647,4692828.110
student:00407,student_standardised,100003e13,K-35-051-4,burial_mound,out_of_scope,as_digitised,student_digitised,366072.826,4692394.993
student:00408,student_standardised,100003e13,K-35-051-4,burial_mound,out_of_scope,as_digitised,student_digitised,366713.314,4692333.215
student:00409,student_standardised,100003e13,K-35-051-4,burial_mound,out_of_scope,as_digitised,student_digitised,366484.147,4692431.552
student:00410,student_standardised,100003e13,K-35-051-4,burial_mound,out_of_scope,as_digitised,student_digitised,371943.949,4692049.424
student:00411,student_standardised,100003e13,K-35-051-4,burial_mound,out_of_scope,as_digitised,student_digitised,374893.721,4692346.482
student:00412,student_standardised,100003e13,K-35-051-4,burial_mound,out_of_scope,as_digitised,student_digitised,373883.496,4691921.276
student:00413,student_standardised,100003e13,K-35-051-4,burial_mound,out_of_scope,as_digitised,student_digitised,373163.587,4691336.285
student:00414,student_standardised,100003e13,K-35-051-4,burial_mound,out_of_scope,as_digitised,student_digitised,372996.852,4691809.102
student:00415,student_standardised,100003e13,K-35-051-4,burial_mound,out_of_scope,as_digitised,student_digitised,372803.778,4691018.468
student:00416,student_standardised,100003e13,K-35-051-4,burial_mound,out_of_scope,as_digitised,student_digitised,370156.855,4691868.223
student:00417,student_standardised,100003e13,K-35-051-4,burial_mound,out_of_scope,as_digitised,student_digitised,365840.462,4691909.405
student:00418,student_standardised,100003e13,K-35-051-4,burial_mound,out_of_scope,as_digitised,student_digitised,365501.123,4691122.095
student:00419,student_standardised,100003e13,K-35-051-4,burial_mound,out_of_scope,as_digitised,student_digitised,364976.485,4691341.571
student:00420,student_standardised,100003e13,K-35-051-4,burial_mound,out_of_scope,as_digitised,student_digitised,360504.138,4691238.494
student:00421,student_standardised,100003e13,K-35-051-4,burial_mound,out_of_scope,as_digitised,student_digitised,360505.511,4691152.718
student:00422,student_standardised,100003e13,K-35-051-4,burial_mound,out_of_scope,as_digitised,student_digitised,357574.917,4691010.414
student:00423,student_standardised,100003e13,K-35-051-4,burial_mound,out_of_scope,as_digitised,student_digitised,356190.364,4690455.915
student:00424,student_standardised,100003e13,K-35-051-4,burial_mound,out_of_scope,as_digitised,student_digitised,360669.363,4690857.390
student:00425,student_standardised,100003e13,K-35-051-4,burial_mound,out_of_scope,as_digitised,student_digitised,366449.598,4690122.441
student:00426,student_standardised,100003e13,K-35-051-4,burial_mound,out_of_scope,as_digitised,student_digitised,371754.307,4690884.851
student:00427,student_standardised,100003e13,K-35-051-4,burial_mound,out_of_scope,as_digitised,student_digitised,375665.976,4690659.437
student:00428,student_standardised,100003e13,K-35-051-4,burial_mound,out_of_scope,as_digitised,student_digitised,375841.347,4689344.001
student:00429,student_standardised,100003e13,K-35-051-4,burial_mound,out_of_scope,as_digitised,student_digitised,372421.520,4689258.947
student:00430,student_standardised,100003e13,K-35-051-4,burial_mound,directly_reviewed,own_mark,student_digitised,363899.491,4689728.368
student:00431,student_standardised,100003e13,K-35-051-4,burial_mound,directly_reviewed,own_mark,student_digitised,363151.025,4689787.786
student:00432,student_standardised,100003e13,K-35-051-4,burial_mound,out_of_scope,as_digitised,student_digitised,372578.785,4688521.247
student:00433,student_standardised,100003e13,K-35-051-4,burial_mound,out_of_scope,as_digitised,student_digitised,374150.177,4688846.808
student:00434,student_standardised,100003e13,K-35-051-4,burial_mound,out_of_scope,as_digitised,student_digitised,375766.927,4688672.559
student:00435,student_standardised,100003e13,K-35-051-4,bench_mark_on_mound,directly_reviewed,own_mark,student_digitised,376155.009,4688361.279
student:00436,student_standardised,100004e13,K-35-052-2,burial_mound,out_of_scope,as_digitised,student_digitised,403097.093,4723992.297
student:00437,student_standardised,100004e13,K-35-052-2,burial_mound,out_of_scope,as_digitised,student_digitised,408638.401,4724251.067
student:00438,student_standardised,100004e13,K-35-052-2,burial_mound,directly_reviewed,own_mark,student_digitised,409795.797,4724309.633
student:00439,student_standardised,100004e13,K-35-052-2,burial_mound,out_of_scope,as_digitised,student_digitised,413697.907,4723078.605
student:00440,student_standardised,100004e13,K-35-052-2,burial_mound,out_of_scope,as_digitised,student_digitised,411970.382,4723709.115
student:00441,student_standardised,100004e13,K-35-052-2,burial_mound,out_of_scope,as_digitised,student_digitised,411479.137,4723427.612
student:00442,student_standardised,100004e13,K-35-052-2,burial_mound,out_of_scope,as_digitised,student_digitised,410301.629,4723062.836
student:00443,student_standardised,100004e13,K-35-052-2,burial_mound,out_of_scope,as_digitised,student_digitised,407929.349,4723503.455
student:00444,student_standardised,100004e13,K-35-052-2,burial_mound,out_of_scope,as_digitised,student_digitised,404050.823,4723887.122
student:00445,student_standardised,100004e13,K-35-052-2,burial_mound,out_of_scope,as_digitised,student_digitised,403675.335,4723570.042
student:00446,student_standardised,100004e13,K-35-052-2,burial_mound,out_of_scope,as_digitised,student_digitised,403596.883,4723017.617
student:00447,student_standardised,100004e13,K-35-052-2,burial_mound,out_of_scope,as_digitised,student_digitised,400299.483,4722650.680
student:00448,student_standardised,100004e13,K-35-052-2,burial_mound,out_of_scope,as_digitised,student_digitised,401716.736,4722513.978
student:00449,student_standardised,100004e13,K-35-052-2,burial_mound,directly_reviewed,own_mark,student_digitised,405121.201,4722698.833
student:00450,student_standardised,100004e13,K-35-052-2,burial_mound,out_of_scope,as_digitised,student_digitised,405143.390,4722518.752
student:00451,student_standardised,100004e13,K-35-052-2,burial_mound,out_of_scope,as_digitised,student_digitised,405170.540,4722427.301
student:00452,student_standardised,100004e13,K-35-052-2,burial_mound,out_of_scope,as_digitised,student_digitised,406300.949,4722563.251
student:00453,student_standardised,100004e13,K-35-052-2,burial_mound,out_of_scope,as_digitised,student_digitised,406848.521,4722019.494
student:00454,student_standardised,100004e13,K-35-052-2,burial_mound,out_of_scope,as_digitised,student_digitised,410425.644,4722824.763
student:00455,student_standardised,100004e13,K-35-052-2,burial_mound,out_of_scope,as_digitised,student_digitised,410989.577,4722676.773
student:00456,student_standardised,100004e13,K-35-052-2,burial_mound,out_of_scope,as_digitised,student_digitised,411160.654,4722781.812
student:00457,student_standardised,100004e13,K-35-052-2,burial_mound,out_of_scope,as_digitised,student_digitised,401863.966,4721062.459
student:00458,student_standardised,100004e13,K-35-052-2,burial_mound,out_of_scope,as_digitised,student_digitised,403109.038,4718388.198
student:00459,student_standardised,100004e13,K-35-052-2,burial_mound,out_of_scope,as_digitised,student_digitised,403034.320,4718092.110
student:00460,student_standardised,100004e13,K-35-052-2,burial_mound,out_of_scope,as_digitised,student_digitised,403197.841,4718327.059
student:00461,student_standardised,100004e13,K-35-052-2,burial_mound,out_of_scope,as_digitised,student_digitised,403189.283,4718015.876
student:00462,student_standardised,100004e13,K-35-052-2,burial_mound,directly_reviewed,own_mark,student_digitised,403299.563,4718147.738
student:00463,student_standardised,100004e13,K-35-052-2,burial_mound,directly_reviewed,own_mark,student_digitised,403352.451,4718212.489
student:00464,student_standardised,100004e13,K-35-052-2,burial_mound,out_of_scope,as_digitised,student_digitised,403794.947,4718321.119
student:00465,student_standardised,100004e13,K-35-052-2,burial_mound,out_of_scope,as_digitised,student_digitised,403886.032,4718281.025
student:00466,student_standardised,100004e13,K-35-052-2,burial_mound,out_of_scope,as_digitised,student_digitised,402429.426,4716774.449
student:00467,student_standardised,100004e13,K-35-052-2,burial_mound,out_of_scope,as_digitised,student_digitised,402675.968,4716708.272
student:00468,student_standardised,100004e13,K-35-052-2,burial_mound,out_of_scope,as_digitised,student_digitised,402780.663,4716450.330
student:00469,student_standardised,100004e13,K-35-052-2,burial_mound,out_of_scope,as_digitised,student_digitised,402934.564,4716351.550
student:00470,student_standardised,100004e13,K-35-052-2,burial_mound,out_of_scope,as_digitised,student_digitised,410056.580,4716609.547
student:00471,student_standardised,100004e13,K-35-052-2,burial_mound,out_of_scope,as_digitised,student_digitised,399276.238,4715214.041
student:00472,student_standardised,100004e13,K-35-052-2,burial_mound,out_of_scope,as_digitised,student_digitised,397538.778,4714189.414
student:00473,student_standardised,100004e13,K-35-052-2,burial_mound,out_of_scope,as_digitised,student_digitised,406749.047,4714676.926
student:00474,student_standardised,100004e13,K-35-052-2,burial_mound,out_of_scope,as_digitised,student_digitised,417460.881,4713640.538
student:00475,student_standardised,100004e13,K-35-052-2,burial_mound,out_of_scope,as_digitised,student_digitised,415892.814,4712054.353
student:00476,student_standardised,100004e13,K-35-052-2,burial_mound,out_of_scope,as_digitised,student_digitised,416779.105,4711038.177
student:00477,student_standardised,100004e13,K-35-052-2,burial_mound,out_of_scope,as_digitised,student_digitised,415533.085,4711843.519
student:00478,student_standardised,100004e13,K-35-052-2,burial_mound,out_of_scope,as_digitised,student_digitised,412364.119,4711223.006
student:00479,student_standardised,100004e13,K-35-052-2,burial_mound,out_of_scope,as_digitised,student_digitised,406967.030,4710152.827
student:00480,student_standardised,100004e13,K-35-052-2,burial_mound,out_of_scope,as_digitised,student_digitised,414841.921,4710185.564
student:00481,student_standardised,100004e13,K-35-052-2,burial_mound,out_of_scope,as_digitised,student_digitised,417538.152,4709654.356
student:00482,student_standardised,100004e13,K-35-052-2,burial_mound,out_of_scope,as_digitised,student_digitised,416351.441,4709722.905
student:00483,student_standardised,100004e13,K-35-052-2,burial_mound,directly_reviewed,own_mark,student_digitised,409609.975,4709757.106
student:00484,student_standardised,100004e13,K-35-052-2,burial_mound,directly_reviewed,own_mark,student_digitised,409591.964,4709695.928
student:00485,student_standardised,100004e13,K-35-052-2,burial_mound,out_of_scope,as_digitised,student_digitised,405721.827,4709319.292
student:00486,student_standardised,100004e13,K-35-052-2,burial_mound,out_of_scope,as_digitised,student_digitised,404892.214,4709334.845
student:00487,student_standardised,100004e13,K-35-052-2,burial_mound,out_of_scope,as_digitised,student_digitised,404831.162,4709263.890
student:00488,student_standardised,100004e13,K-35-052-2,burial_mound,out_of_scope,as_digitised,student_digitised,401849.117,4708360.396
student:00489,student_standardised,100004e13,K-35-052-2,burial_mound,out_of_scope,as_digitised,student_digitised,401976.288,4708776.693
student:00490,student_standardised,100004e13,K-35-052-2,burial_mound,out_of_scope,as_digitised,student_digitised,402164.160,4708373.635
student:00491,student_standardised,100004e13,K-35-052-2,burial_mound,out_of_scope,as_digitised,student_digitised,404348.643,4708654.823
student:00492,student_standardised,100004e13,K-35-052-2,burial_mound,out_of_scope,as_digitised,student_digitised,404415.125,4708365.151
student:00493,student_standardised,100004e13,K-35-052-2,burial_mound,out_of_scope,as_digitised,student_digitised,410346.485,4708150.232
student:00494,student_standardised,100004e13,K-35-052-2,burial_mound,out_of_scope,as_digitised,student_digitised,410534.910,4708135.091
student:00495,student_standardised,100004e13,K-35-052-2,burial_mound,out_of_scope,as_digitised,student_digitised,413464.658,4707117.032
student:00496,student_standardised,100004e13,K-35-052-2,burial_mound,out_of_scope,as_digitised,student_digitised,411238.075,4707868.945
student:00497,student_standardised,100004e13,K-35-052-2,burial_mound,out_of_scope,as_digitised,student_digitised,409998.681,4707867.051
student:00498,student_standardised,100004e13,K-35-052-2,burial_mound,proxy_confirmed,claimant_mark,student_digitised,409547.652,4707376.570
student:00499,student_standardised,100004e13,K-35-052-2,burial_mound,out_of_scope,as_digitised,student_digitised,409440.960,4707282.944
student:00500,student_standardised,100004e13,K-35-052-2,burial_mound,out_of_scope,as_digitised,student_digitised,408705.942,4707229.942
student:00501,student_standardised,100004e13,K-35-052-2,burial_mound,directly_reviewed,own_mark,student_digitised,408557.500,4707838.695
student:00502,student_standardised,100004e13,K-35-052-2,burial_mound,out_of_scope,as_digitised,student_digitised,408428.141,4707775.829
student:00503,student_standardised,100004e13,K-35-052-2,burial_mound,out_of_scope,as_digitised,student_digitised,398396.136,4707103.001
student:00504,student_standardised,100004e13,K-35-052-2,burial_mound,directly_reviewed,own_mark,student_digitised,406288.457,4705900.561
student:00505,student_standardised,100004e13,K-35-052-2,burial_mound,out_of_scope,as_digitised,student_digitised,406193.824,4706019.650
student:00506,student_standardised,100004e13,K-35-052-2,burial_mound,out_of_scope,as_digitised,student_digitised,406428.519,4706296.790
student:00507,student_standardised,100004e13,K-35-052-2,burial_mound,out_of_scope,as_digitised,student_digitised,407161.154,4706030.196
student:00508,student_standardised,100004e13,K-35-052-2,burial_mound,out_of_scope,as_digitised,student_digitised,407196.066,4705909.275
student:00509,student_standardised,100004e13,K-35-052-2,burial_mound,out_of_scope,as_digitised,student_digitised,407846.517,4706318.711
student:00510,student_standardised,100004e13,K-35-052-2,burial_mound,out_of_scope,as_digitised,student_digitised,408775.651,4706658.275
student:00511,student_standardised,100004e13,K-35-052-2,burial_mound,directly_reviewed,own_mark,student_digitised,409042.070,4706608.261
student:00512,student_standardised,100004e13,K-35-052-2,burial_mound,out_of_scope,as_digitised,student_digitised,409481.703,4706878.515
student:00513,student_standardised,100004e13,K-35-052-2,burial_mound,out_of_scope,as_digitised,student_digitised,412072.699,4706776.767
student:00514,student_standardised,100004e13,K-35-052-2,burial_mound,out_of_scope,as_digitised,student_digitised,408275.020,4706161.037
student:00515,student_standardised,100006e13,K-35-052-3,burial_mound,out_of_scope,as_digitised,student_digitised,383399.706,4705308.544
student:00516,student_standardised,100006e13,K-35-052-3,burial_mound,out_of_scope,as_digitised,student_digitised,388569.578,4705775.278
student:00517,student_standardised,100006e13,K-35-052-3,burial_mound,out_of_scope,as_digitised,student_digitised,396941.159,4704140.776
student:00518,student_standardised,100006e13,K-35-052-3,burial_mound,out_of_scope,as_digitised,student_digitised,395141.715,4704533.943
student:00519,student_standardised,100006e13,K-35-052-3,burial_mound,out_of_scope,as_digitised,student_digitised,388335.024,4704741.644
student:00520,student_standardised,100006e13,K-35-052-3,burial_mound,out_of_scope,as_digitised,student_digitised,382219.079,4704611.768
student:00521,student_standardised,100006e13,K-35-052-3,burial_mound,out_of_scope,as_digitised,student_digitised,395487.694,4703476.616
student:00522,student_standardised,100006e13,K-35-052-3,burial_mound,out_of_scope,as_digitised,student_digitised,396659.333,4703763.746
student:00523,student_standardised,100006e13,K-35-052-3,burial_mound,out_of_scope,as_digitised,student_digitised,397077.274,4703680.301
student:00524,student_standardised,100006e13,K-35-052-3,burial_mound,out_of_scope,as_digitised,student_digitised,396170.654,4702797.889
student:00525,student_standardised,100006e13,K-35-052-3,burial_mound,out_of_scope,as_digitised,student_digitised,396174.175,4702600.948
student:00526,student_standardised,100006e13,K-35-052-3,burial_mound,out_of_scope,as_digitised,student_digitised,389877.748,4701461.719
student:00527,student_standardised,100006e13,K-35-052-3,burial_mound,out_of_scope,as_digitised,student_digitised,390292.758,4701132.530
student:00528,student_standardised,100006e13,K-35-052-3,burial_mound,out_of_scope,as_digitised,student_digitised,391568.379,4701077.186
student:00529,student_standardised,100006e13,K-35-052-3,burial_mound,out_of_scope,as_digitised,student_digitised,394759.072,4701966.523
student:00530,student_standardised,100006e13,K-35-052-3,burial_mound,out_of_scope,as_digitised,student_digitised,395312.911,4701152.900
student:00531,student_standardised,100006e13,K-35-052-3,burial_mound,out_of_scope,as_digitised,student_digitised,395545.351,4701270.629
student:00532,student_standardised,100006e13,K-35-052-3,burial_mound,out_of_scope,as_digitised,student_digitised,395584.133,4701607.095
student:00533,student_standardised,100006e13,K-35-052-3,burial_mound,out_of_scope,as_digitised,student_digitised,394356.892,4700379.109
student:00534,student_standardised,100006e13,K-35-052-3,burial_mound,out_of_scope,as_digitised,student_digitised,394373.671,4700485.443
student:00535,student_standardised,100006e13,K-35-052-3,burial_mound,out_of_scope,as_digitised,student_digitised,393208.462,4700357.525
student:00536,student_standardised,100006e13,K-35-052-3,burial_mound,directly_reviewed,own_mark,student_digitised,392316.525,4700853.638
student:00537,student_standardised,100006e13,K-35-052-3,burial_mound,out_of_scope,as_digitised,student_digitised,391722.222,4700208.238
student:00538,student_standardised,100006e13,K-35-052-3,burial_mound,out_of_scope,as_digitised,student_digitised,390440.612,4700727.842
student:00539,student_standardised,100006e13,K-35-052-3,burial_mound,out_of_scope,as_digitised,student_digitised,390309.860,4700806.153
student:00540,student_standardised,100006e13,K-35-052-3,burial_mound,out_of_scope,as_digitised,student_digitised,390110.911,4700742.173
student:00541,student_standardised,100006e13,K-35-052-3,burial_mound,out_of_scope,as_digitised,student_digitised,389938.879,4700682.801
student:00542,student_standardised,100006e13,K-35-052-3,burial_mound,out_of_scope,as_digitised,student_digitised,389777.530,4700739.534
student:00543,student_standardised,100006e13,K-35-052-3,burial_mound,out_of_scope,as_digitised,student_digitised,387053.104,4700083.060
student:00544,student_standardised,100006e13,K-35-052-3,burial_mound,out_of_scope,as_digitised,student_digitised,387258.234,4700753.349
student:00545,student_standardised,100006e13,K-35-052-3,burial_mound,out_of_scope,as_digitised,student_digitised,388734.750,4699098.943
student:00546,student_standardised,100006e13,K-35-052-3,burial_mound,out_of_scope,as_digitised,student_digitised,392932.758,4699382.191
student:00547,student_standardised,100006e13,K-35-052-3,burial_mound,out_of_scope,as_digitised,student_digitised,393768.009,4699501.203
student:00548,student_standardised,100006e13,K-35-052-3,burial_mound,out_of_scope,as_digitised,student_digitised,394967.828,4698118.012
student:00549,student_standardised,100006e13,K-35-052-3,burial_mound,out_of_scope,as_digitised,student_digitised,393735.071,4698719.694
student:00550,student_standardised,100006e13,K-35-052-3,burial_mound,out_of_scope,as_digitised,student_digitised,393280.264,4698171.059
student:00551,student_standardised,100006e13,K-35-052-3,burial_mound,out_of_scope,as_digitised,student_digitised,390488.401,4698553.315
student:00552,student_standardised,100006e13,K-35-052-3,burial_mound,out_of_scope,as_digitised,student_digitised,390369.642,4698553.244
student:00553,student_standardised,100006e13,K-35-052-3,burial_mound,out_of_scope,as_digitised,student_digitised,390453.295,4698466.239
student:00554,student_standardised,100006e13,K-35-052-3,burial_mound,out_of_scope,as_digitised,student_digitised,390334.944,4698418.024
student:00555,student_standardised,100006e13,K-35-052-3,burial_mound,out_of_scope,as_digitised,student_digitised,390240.444,4698421.161
student:00556,student_standardised,100006e13,K-35-052-3,burial_mound,out_of_scope,as_digitised,student_digitised,382037.718,4697128.981
student:00557,student_standardised,100006e13,K-35-052-3,burial_mound,out_of_scope,as_digitised,student_digitised,390696.479,4697395.592
student:00558,student_standardised,100006e13,K-35-052-3,burial_mound,out_of_scope,as_digitised,student_digitised,396637.304,4697564.491
student:00559,student_standardised,100006e13,K-35-052-3,burial_mound,out_of_scope,as_digitised,student_digitised,395339.543,4697409.413
student:00560,student_standardised,100006e13,K-35-052-3,burial_mound,out_of_scope,as_digitised,student_digitised,384492.500,4696312.303
student:00561,student_standardised,100006e13,K-35-052-3,burial_mound,out_of_scope,as_digitised,student_digitised,383818.916,4696284.371
student:00562,student_standardised,100006e13,K-35-052-3,burial_mound,out_of_scope,as_digitised,student_digitised,381814.954,4696114.370
student:00563,student_standardised,100006e13,K-35-052-3,burial_mound,directly_reviewed,own_mark,student_digitised,381016.051,4696126.049
student:00564,student_standardised,100006e13,K-35-052-3,burial_mound,out_of_scope,as_digitised,student_digitised,380837.459,4696165.169
student:00565,student_standardised,100006e13,K-35-052-3,burial_mound,out_of_scope,as_digitised,student_digitised,380648.175,4696134.253
student:00566,student_standardised,100006e13,K-35-052-3,burial_mound,out_of_scope,as_digitised,student_digitised,380380.058,4696471.718
student:00567,student_standardised,100006e13,K-35-052-3,burial_mound,out_of_scope,as_digitised,student_digitised,379020.145,4696910.858
student:00568,student_standardised,100006e13,K-35-052-3,burial_mound,out_of_scope,as_digitised,student_digitised,379531.204,4695467.254
student:00569,student_standardised,100006e13,K-35-052-3,burial_mound,directly_reviewed,own_mark,student_digitised,379610.255,4695273.547
student:00570,student_standardised,100006e13,K-35-052-3,burial_mound,out_of_scope,as_digitised,student_digitised,395208.821,4694897.834
student:00571,student_standardised,100006e13,K-35-052-3,burial_mound,out_of_scope,as_digitised,student_digitised,395172.503,4694815.160
student:00572,student_standardised,100006e13,K-35-052-3,burial_mound,out_of_scope,as_digitised,student_digitised,392224.633,4694946.825
student:00573,student_standardised,100006e13,K-35-052-3,burial_mound,out_of_scope,as_digitised,student_digitised,391190.787,4694740.432
student:00574,student_standardised,100006e13,K-35-052-3,burial_mound,out_of_scope,as_digitised,student_digitised,391129.304,4694867.856
student:00575,student_standardised,100006e13,K-35-052-3,burial_mound,out_of_scope,as_digitised,student_digitised,387644.451,4694337.505
student:00576,student_standardised,100006e13,K-35-052-3,burial_mound,out_of_scope,as_digitised,student_digitised,386829.336,4694953.758
student:00577,student_standardised,100006e13,K-35-052-3,burial_mound,out_of_scope,as_digitised,student_digitised,381277.602,4694445.436
student:00578,student_standardised,100006e13,K-35-052-3,burial_mound,out_of_scope,as_digitised,student_digitised,381358.183,4694559.713
student:00579,student_standardised,100006e13,K-35-052-3,burial_mound,out_of_scope,as_digitised,student_digitised,381030.256,4694786.796
student:00580,student_standardised,100006e13,K-35-052-3,burial_mound,out_of_scope,as_digitised,student_digitised,380740.614,4694072.322
student:00581,student_standardised,100006e13,K-35-052-3,burial_mound,out_of_scope,as_digitised,student_digitised,380675.810,4694160.201
student:00582,student_standardised,100006e13,K-35-052-3,burial_mound,out_of_scope,as_digitised,student_digitised,380565.613,4694043.301
student:00583,student_standardised,100006e13,K-35-052-3,burial_mound,out_of_scope,as_digitised,student_digitised,376605.844,4693199.402
student:00584,student_standardised,100006e13,K-35-052-3,burial_mound,out_of_scope,as_digitised,student_digitised,377726.848,4693715.132
student:00585,student_standardised,100006e13,K-35-052-3,burial_mound,out_of_scope,as_digitised,student_digitised,381764.208,4693811.453
student:00586,student_standardised,100006e13,K-35-052-3,burial_mound,out_of_scope,as_digitised,student_digitised,381440.075,4693008.375
student:00587,student_standardised,100006e13,K-35-052-3,burial_mound,out_of_scope,as_digitised,student_digitised,387359.363,4693274.555
student:00588,student_standardised,100006e13,K-35-052-3,burial_mound,out_of_scope,as_digitised,student_digitised,392307.827,4693202.259
student:00589,student_standardised,100006e13,K-35-052-3,burial_mound,out_of_scope,as_digitised,student_digitised,393548.370,4693733.739
student:00590,student_standardised,100006e13,K-35-052-3,burial_mound,out_of_scope,as_digitised,student_digitised,395717.484,4693460.313
student:00591,student_standardised,100006e13,K-35-052-3,burial_mound,out_of_scope,as_digitised,student_digitised,396087.789,4693921.328
student:00592,student_standardised,100006e13,K-35-052-3,burial_mound,out_of_scope,as_digitised,student_digitised,396219.655,4693877.845
student:00593,student_standardised,100006e13,K-35-052-3,burial_mound,out_of_scope,as_digitised,student_digitised,395569.149,4692738.959
student:00594,student_standardised,100006e13,K-35-052-3,burial_mound,out_of_scope,as_digitised,student_digitised,376574.198,4691178.394
student:00595,student_standardised,100006e13,K-35-052-3,burial_mound,out_of_scope,as_digitised,student_digitised,377225.217,4691449.535
student:00596,student_standardised,100006e13,K-35-052-3,burial_mound,out_of_scope,as_digitised,student_digitised,377970.151,4691678.267
student:00597,student_standardised,100006e13,K-35-052-3,burial_mound,out_of_scope,as_digitised,student_digitised,378022.896,4691604.586
student:00598,student_standardised,100006e13,K-35-052-3,settlement_mound,directly_reviewed,own_mark,student_digitised,379217.147,4691360.515
student:00599,student_standardised,100006e13,K-35-052-3,burial_mound,out_of_scope,as_digitised,student_digitised,380757.437,4691860.630
student:00600,student_standardised,100006e13,K-35-052-3,burial_mound,directly_reviewed,own_mark,student_digitised,389455.551,4691118.301
student:00601,student_standardised,100006e13,K-35-052-3,burial_mound,out_of_scope,as_digitised,student_digitised,389440.471,4691029.378
student:00602,student_standardised,100006e13,K-35-052-3,burial_mound,out_of_scope,as_digitised,student_digitised,396144.567,4691943.133
student:00603,student_standardised,100006e13,K-35-052-3,burial_mound,out_of_scope,as_digitised,student_digitised,396218.060,4691916.133
student:00604,student_standardised,100006e13,K-35-052-3,burial_mound,out_of_scope,as_digitised,student_digitised,392537.884,4690383.199
student:00605,student_standardised,100006e13,K-35-052-3,burial_mound,out_of_scope,as_digitised,student_digitised,392483.204,4690307.261
student:00606,student_standardised,100006e13,K-35-052-3,burial_mound,out_of_scope,as_digitised,student_digitised,391943.632,4690433.148
student:00607,student_standardised,100006e13,K-35-052-3,burial_mound,out_of_scope,as_digitised,student_digitised,391447.384,4690802.552
student:00608,student_standardised,100006e13,K-35-052-3,burial_mound,out_of_scope,as_digitised,student_digitised,389345.672,4690378.064
student:00609,student_standardised,100006e13,K-35-052-3,burial_mound,out_of_scope,as_digitised,student_digitised,388092.591,4690882.274
student:00610,student_standardised,100006e13,K-35-052-3,burial_mound,out_of_scope,as_digitised,student_digitised,382022.012,4690762.198
student:00611,student_standardised,100006e13,K-35-052-3,burial_mound,directly_reviewed,own_mark,student_digitised,380697.815,4690654.327
student:00612,student_standardised,100006e13,K-35-052-3,burial_mound,directly_reviewed,own_mark,student_digitised,380642.268,4690696.701
student:00613,student_standardised,100006e13,K-35-052-3,burial_mound,out_of_scope,as_digitised,student_digitised,380563.018,4690682.034
student:00614,student_standardised,100006e13,K-35-052-3,burial_mound,directly_reviewed,own_mark,student_digitised,380145.089,4690249.769
student:00615,student_standardised,100006e13,K-35-052-3,burial_mound,out_of_scope,as_digitised,student_digitised,377373.081,4689322.153
student:00616,student_standardised,100006e13,K-35-052-3,burial_mound,proxy_confirmed,claimant_mark,student_digitised,378439.381,4689818.004
student:00617,student_standardised,100006e13,K-35-052-3,burial_mound,out_of_scope,as_digitised,student_digitised,379826.192,4689080.252
student:00618,student_standardised,100006e13,K-35-052-3,burial_mound,out_of_scope,as_digitised,student_digitised,381563.437,4689573.505
student:00619,student_standardised,100006e13,K-35-052-3,burial_mound,out_of_scope,as_digitised,student_digitised,392542.273,4689815.373
student:00620,student_standardised,100006e13,K-35-052-3,burial_mound,out_of_scope,as_digitised,student_digitised,393695.519,4689337.302
student:00621,student_standardised,100006e13,K-35-052-3,burial_mound,out_of_scope,as_digitised,student_digitised,393759.539,4689386.418
student:00622,student_standardised,100006e13,K-35-052-3,burial_mound,out_of_scope,as_digitised,student_digitised,393861.086,4689770.984
student:00623,student_standardised,100006e13,K-35-052-3,burial_mound,out_of_scope,as_digitised,student_digitised,395601.924,4689195.146
student:00624,student_standardised,100006e13,K-35-052-3,burial_mound,directly_reviewed,own_mark,student_digitised,381173.664,4688495.526
student:00625,student_standardised,100006e13,K-35-052-3,burial_mound,out_of_scope,as_digitised,student_digitised,380789.304,4688904.985
student:00626,student_standardised,100006e13,K-35-052-3,burial_mound,out_of_scope,as_digitised,student_digitised,380503.043,4688557.767
student:00627,student_standardised,100006e13,K-35-052-3,burial_mound,out_of_scope,as_digitised,student_digitised,379853.471,4687818.096
student:00628,student_standardised,100006e13,K-35-052-3,burial_mound,out_of_scope,as_digitised,student_digitised,379902.495,4687903.480
student:00629,student_standardised,100006e13,K-35-052-3,burial_mound,out_of_scope,as_digitised,student_digitised,379594.891,4688930.870
student:00630,student_standardised,100006e13,K-35-052-3,burial_mound,directly_reviewed,own_mark,student_digitised,378261.004,4688332.618
student:00631,student_standardised,100003e13,K-35-053-1,burial_mound,out_of_scope,as_digitised,student_digitised,437101.291,4721582.018
student:00632,student_standardised,100003e13,K-35-053-1,burial_mound,out_of_scope,as_digitised,student_digitised,437405.631,4720986.689
student:00633,student_standardised,100003e13,K-35-053-1,burial_mound,out_of_scope,as_digitised,student_digitised,437819.385,4721607.057
student:00634,student_standardised,100003e13,K-35-053-1,burial_mound,proxy_confirmed,claimant_mark,student_digitised,429672.789,4720660.287
student:00635,student_standardised,100003e13,K-35-053-1,burial_mound,out_of_scope,as_digitised,student_digitised,432926.722,4719278.646
student:00636,student_standardised,100003e13,K-35-053-1,burial_mound,out_of_scope,as_digitised,student_digitised,434457.579,4717690.428
student:00637,student_standardised,100003e13,K-35-053-1,burial_mound,out_of_scope,as_digitised,student_digitised,434634.470,4717722.612
student:00638,student_standardised,100003e13,K-35-053-1,burial_mound,out_of_scope,as_digitised,student_digitised,434771.382,4717720.178
student:00639,student_standardised,100003e13,K-35-053-1,burial_mound,out_of_scope,as_digitised,student_digitised,435070.576,4717818.227
student:00640,student_standardised,100003e13,K-35-053-1,burial_mound,out_of_scope,as_digitised,student_digitised,437120.558,4717228.651
student:00641,student_standardised,100003e13,K-35-053-1,burial_mound,out_of_scope,as_digitised,student_digitised,428926.225,4715005.654
student:00642,student_standardised,100003e13,K-35-053-1,burial_mound,out_of_scope,as_digitised,student_digitised,430532.994,4715149.127
student:00643,student_standardised,100003e13,K-35-053-1,burial_mound,out_of_scope,as_digitised,student_digitised,430722.971,4714706.346
student:00644,student_standardised,100003e13,K-35-053-1,burial_mound,out_of_scope,as_digitised,student_digitised,429423.394,4714909.570
student:00645,student_standardised,100003e13,K-35-053-1,burial_mound,out_of_scope,as_digitised,student_digitised,429049.701,4714614.612
student:00646,student_standardised,100003e13,K-35-053-1,burial_mound,proxy_confirmed,claimant_mark,student_digitised,428927.384,4714393.017
student:00647,student_standardised,100003e13,K-35-053-1,burial_mound,out_of_scope,as_digitised,student_digitised,428865.742,4714338.322
student:00648,student_standardised,100003e13,K-35-053-1,burial_mound,out_of_scope,as_digitised,student_digitised,423614.510,4713728.920
student:00649,student_standardised,100003e13,K-35-053-1,burial_mound,out_of_scope,as_digitised,student_digitised,426407.764,4713610.736
student:00650,student_standardised,100003e13,K-35-053-1,burial_mound,out_of_scope,as_digitised,student_digitised,427852.157,4713778.164
student:00651,student_standardised,100003e13,K-35-053-1,burial_mound,out_of_scope,as_digitised,student_digitised,428299.791,4713513.802
student:00652,student_standardised,100003e13,K-35-053-1,burial_mound,out_of_scope,as_digitised,student_digitised,428595.140,4713731.621
student:00653,student_standardised,100003e13,K-35-053-1,burial_mound,out_of_scope,as_digitised,student_digitised,428659.058,4713870.001
student:00654,student_standardised,100003e13,K-35-053-1,burial_mound,out_of_scope,as_digitised,student_digitised,428572.346,4713315.805
student:00655,student_standardised,100003e13,K-35-053-1,trig_point_on_mound,directly_reviewed,own_mark,student_digitised,434627.628,4712457.819
student:00656,student_standardised,100003e13,K-35-053-1,bench_mark_on_mound,directly_reviewed,own_mark,student_digitised,424031.719,4711753.864
student:00657,student_standardised,100003e13,K-35-053-1,burial_mound,out_of_scope,as_digitised,student_digitised,423581.014,4711440.530
student:00658,student_standardised,100003e13,K-35-053-1,burial_mound,out_of_scope,as_digitised,student_digitised,423807.587,4711804.274
student:00659,student_standardised,100003e13,K-35-053-1,burial_mound,out_of_scope,as_digitised,student_digitised,436093.948,4711652.042
student:00660,student_standardised,100003e13,K-35-053-1,burial_mound,out_of_scope,as_digitised,student_digitised,436098.308,4711901.269
student:00661,student_standardised,100003e13,K-35-053-1,burial_mound,out_of_scope,as_digitised,student_digitised,437811.435,4710531.867
student:00662,student_standardised,100003e13,K-35-053-1,burial_mound,out_of_scope,as_digitised,student_digitised,437151.608,4710840.017
student:00663,student_standardised,100003e13,K-35-053-1,burial_mound,out_of_scope,as_digitised,student_digitised,433210.712,4710665.672
student:00664,student_standardised,100003e13,K-35-053-1,burial_mound,out_of_scope,as_digitised,student_digitised,428072.203,4710994.078
student:00665,student_standardised,100003e13,K-35-053-1,burial_mound,out_of_scope,as_digitised,student_digitised,425397.438,4710785.437
student:00666,student_standardised,100003e13,K-35-053-1,burial_mound,out_of_scope,as_digitised,student_digitised,424127.234,4710288.148
student:00667,student_standardised,100003e13,K-35-053-1,burial_mound,out_of_scope,as_digitised,student_digitised,423664.369,4710003.807
student:00668,student_standardised,100003e13,K-35-053-1,burial_mound,out_of_scope,as_digitised,student_digitised,418345.656,4710308.126
student:00669,student_standardised,100003e13,K-35-053-1,burial_mound,out_of_scope,as_digitised,student_digitised,419961.012,4709123.579
student:00670,student_standardised,100003e13,K-35-053-1,burial_mound,out_of_scope,as_digitised,student_digitised,420089.467,4709130.877
student:00671,student_standardised,100003e13,K-35-053-1,burial_mound,out_of_scope,as_digitised,student_digitised,420255.740,4709212.247
student:00672,student_standardised,100003e13,K-35-053-1,burial_mound,out_of_scope,as_digitised,student_digitised,430693.077,4709414.881
student:00673,student_standardised,100003e13,K-35-053-1,bench_mark_on_mound,directly_reviewed,own_mark,student_digitised,436178.188,4709003.226
student:00674,student_standardised,100003e13,K-35-053-1,burial_mound,out_of_scope,as_digitised,student_digitised,436143.094,4709070.912
student:00675,student_standardised,100003e13,K-35-053-1,burial_mound,out_of_scope,as_digitised,student_digitised,437953.311,4709802.214
student:00676,student_standardised,100003e13,K-35-053-1,burial_mound,directly_reviewed,own_mark,student_digitised,437846.954,4708171.774
student:00677,student_standardised,100003e13,K-35-053-1,burial_mound,out_of_scope,as_digitised,student_digitised,435155.698,4708344.266
student:00678,student_standardised,100003e13,K-35-053-1,burial_mound,out_of_scope,as_digitised,student_digitised,428141.857,4707759.946
student:00679,student_standardised,100003e13,K-35-053-1,burial_mound,out_of_scope,as_digitised,student_digitised,429418.503,4706979.751
student:00680,student_standardised,100003e13,K-35-053-1,burial_mound,out_of_scope,as_digitised,student_digitised,432746.323,4707436.400
student:00681,student_standardised,100003e13,K-35-053-1,burial_mound,out_of_scope,as_digitised,student_digitised,436861.636,4707633.228
student:00682,student_standardised,100003e13,K-35-053-1,burial_mound,out_of_scope,as_digitised,student_digitised,431402.338,4706058.271
student:00683,student_standardised,100003e13,K-35-053-1,burial_mound,out_of_scope,as_digitised,student_digitised,430597.171,4706461.095
student:00684,student_standardised,100003e13,K-35-053-1,burial_mound,out_of_scope,as_digitised,student_digitised,430687.748,4706769.553
student:00685,student_standardised,100003e13,K-35-053-1,burial_mound,out_of_scope,as_digitised,student_digitised,425298.746,4706055.256
student:00686,student_standardised,100003e13,K-35-053-1,burial_mound,out_of_scope,as_digitised,student_digitised,423896.825,4705924.317
student:00687,student_standardised,100003e13,K-35-053-1,burial_mound,out_of_scope,as_digitised,student_digitised,428528.416,4705703.708
student:00688,student_standardised,100003e13,K-35-053-1,burial_mound,out_of_scope,as_digitised,student_digitised,428859.459,4705788.555
student:00689,student_standardised,100003e13,K-35-053-1,burial_mound,out_of_scope,as_digitised,student_digitised,429181.454,4705758.226
student:00690,student_standardised,100003e13,K-35-053-1,burial_mound,out_of_scope,as_digitised,student_digitised,431693.455,4705917.040
student:00691,student_standardised,100003e13,K-35-053-1,burial_mound,out_of_scope,as_digitised,student_digitised,431532.120,4705818.807
student:00692,student_standardised,100004e13,K-35-053-2,burial_mound,out_of_scope,as_digitised,student_digitised,444459.362,4723874.300
student:00693,student_standardised,100004e13,K-35-053-2,burial_mound,out_of_scope,as_digitised,student_digitised,457072.137,4723451.789
student:00694,student_standardised,100004e13,K-35-053-2,burial_mound,out_of_scope,as_digitised,student_digitised,457224.967,4722703.172
student:00695,student_standardised,100004e13,K-35-053-2,burial_mound,proxy_confirmed,claimant_mark,student_digitised,457097.544,4722717.927
student:00696,student_standardised,100004e13,K-35-053-2,burial_mound,out_of_scope,as_digitised,student_digitised,455834.200,4722711.593
student:00697,student_standardised,100004e13,K-35-053-2,burial_mound,out_of_scope,as_digitised,student_digitised,449100.869,4722273.415
student:00698,student_standardised,100004e13,K-35-053-2,burial_mound,out_of_scope,as_digitised,student_digitised,448463.970,4722383.034
student:00699,student_standardised,100004e13,K-35-053-2,burial_mound,out_of_scope,as_digitised,student_digitised,441972.871,4722319.879
student:00700,student_standardised,100004e13,K-35-053-2,burial_mound,directly_reviewed,own_mark,student_digitised,441684.919,4722380.040
student:00701,student_standardised,100004e13,K-35-053-2,burial_mound,out_of_scope,as_digitised,student_digitised,439440.623,4722235.080
student:00702,student_standardised,100004e13,K-35-053-2,burial_mound,out_of_scope,as_digitised,student_digitised,445879.420,4721395.723
student:00703,student_standardised,100004e13,K-35-053-2,burial_mound,out_of_scope,as_digitised,student_digitised,448723.592,4721629.951
student:00704,student_standardised,100004e13,K-35-053-2,burial_mound,out_of_scope,as_digitised,student_digitised,450604.569,4721067.775
student:00705,student_standardised,100004e13,K-35-053-2,burial_mound,proxy_confirmed,claimant_mark,student_digitised,450917.371,4721057.218
student:00706,student_standardised,100004e13,K-35-053-2,burial_mound,out_of_scope,as_digitised,student_digitised,452850.685,4720260.916
student:00707,student_standardised,100004e13,K-35-053-2,burial_mound,out_of_scope,as_digitised,student_digitised,451068.162,4720690.611
student:00708,student_standardised,100004e13,K-35-053-2,burial_mound,out_of_scope,as_digitised,student_digitised,450721.186,4720105.439
student:00709,student_standardised,100004e13,K-35-053-2,burial_mound,out_of_scope,as_digitised,student_digitised,449204.816,4720537.104
student:00710,student_standardised,100004e13,K-35-053-2,burial_mound,out_of_scope,as_digitised,student_digitised,448614.186,4720834.542
student:00711,student_standardised,100004e13,K-35-053-2,burial_mound,out_of_scope,as_digitised,student_digitised,445216.505,4719872.442
student:00712,student_standardised,100004e13,K-35-053-2,burial_mound,out_of_scope,as_digitised,student_digitised,445164.581,4719306.808
student:00713,student_standardised,100004e13,K-35-053-2,burial_mound,out_of_scope,as_digitised,student_digitised,449826.433,4719791.333
student:00714,student_standardised,100004e13,K-35-053-2,burial_mound,out_of_scope,as_digitised,student_digitised,455042.247,4719344.055
student:00715,student_standardised,100004e13,K-35-053-2,burial_mound,out_of_scope,as_digitised,student_digitised,455048.597,4719071.804
student:00716,student_standardised,100004e13,K-35-053-2,burial_mound,out_of_scope,as_digitised,student_digitised,455248.032,4719068.723
student:00717,student_standardised,100004e13,K-35-053-2,burial_mound,out_of_scope,as_digitised,student_digitised,455426.994,4719050.123
student:00718,student_standardised,100004e13,K-35-053-2,burial_mound,out_of_scope,as_digitised,student_digitised,455424.732,4718487.936
student:00719,student_standardised,100004e13,K-35-053-2,burial_mound,out_of_scope,as_digitised,student_digitised,450294.299,4718248.310
student:00720,student_standardised,100004e13,K-35-053-2,burial_mound,out_of_scope,as_digitised,student_digitised,445845.235,4718327.491
student:00721,student_standardised,100004e13,K-35-053-2,burial_mound,out_of_scope,as_digitised,student_digitised,445056.789,4718641.285
student:00722,student_standardised,100004e13,K-35-053-2,burial_mound,out_of_scope,as_digitised,student_digitised,443384.158,4718440.703
student:00723,student_standardised,100004e13,K-35-053-2,burial_mound,out_of_scope,as_digitised,student_digitised,442199.644,4717988.844
student:00724,student_standardised,100004e13,K-35-053-2,burial_mound,out_of_scope,as_digitised,student_digitised,443193.875,4717097.828
student:00725,student_standardised,100004e13,K-35-053-2,burial_mound,out_of_scope,as_digitised,student_digitised,443520.794,4717276.182
student:00726,student_standardised,100004e13,K-35-053-2,burial_mound,proxy_confirmed,claimant_mark,student_digitised,452887.954,4717353.746
student:00727,student_standardised,100004e13,K-35-053-2,burial_mound,proxy_confirmed,claimant_mark,student_digitised,457747.735,4717542.558
student:00728,student_standardised,100004e13,K-35-053-2,burial_mound,out_of_scope,as_digitised,student_digitised,453164.725,4716262.801
student:00729,student_standardised,100004e13,K-35-053-2,burial_mound,out_of_scope,as_digitised,student_digitised,452907.621,4716117.671
student:00730,student_standardised,100004e13,K-35-053-2,burial_mound,out_of_scope,as_digitised,student_digitised,448382.949,4716333.134
student:00731,student_standardised,100004e13,K-35-053-2,burial_mound,out_of_scope,as_digitised,student_digitised,448461.663,4716559.254
student:00732,student_standardised,100004e13,K-35-053-2,burial_mound,out_of_scope,as_digitised,student_digitised,447928.083,4716498.638
student:00733,student_standardised,100004e13,K-35-053-2,burial_mound,out_of_scope,as_digitised,student_digitised,448488.938,4716993.490
student:00734,student_standardised,100004e13,K-35-053-2,burial_mound,out_of_scope,as_digitised,student_digitised,447547.073,4716186.437
student:00735,student_standardised,100004e13,K-35-053-2,burial_mound,out_of_scope,as_digitised,student_digitised,439571.590,4715064.383
student:00736,student_standardised,100004e13,K-35-053-2,burial_mound,out_of_scope,as_digitised,student_digitised,447706.268,4715159.509
student:00737,student_standardised,100004e13,K-35-053-2,burial_mound,out_of_scope,as_digitised,student_digitised,447842.577,4715159.856
student:00738,student_standardised,100004e13,K-35-053-2,burial_mound,out_of_scope,as_digitised,student_digitised,448219.781,4715374.165
student:00739,student_standardised,100004e13,K-35-053-2,burial_mound,out_of_scope,as_digitised,student_digitised,448123.239,4715904.798
student:00740,student_standardised,100004e13,K-35-053-2,burial_mound,out_of_scope,as_digitised,student_digitised,448366.257,4715823.123
student:00741,student_standardised,100004e13,K-35-053-2,burial_mound,out_of_scope,as_digitised,student_digitised,454362.565,4715056.187
student:00742,student_standardised,100004e13,K-35-053-2,burial_mound,out_of_scope,as_digitised,student_digitised,458325.305,4715199.240
student:00743,student_standardised,100004e13,K-35-053-2,burial_mound,out_of_scope,as_digitised,student_digitised,441074.306,4714288.781
student:00744,student_standardised,100004e13,K-35-053-2,burial_mound,proxy_confirmed,claimant_mark,student_digitised,455465.706,4713781.198
student:00745,student_standardised,100004e13,K-35-053-2,burial_mound,out_of_scope,as_digitised,student_digitised,458086.562,4713178.377
student:00746,student_standardised,100004e13,K-35-053-2,bench_mark_on_mound,directly_reviewed,own_mark,student_digitised,457762.741,4712042.018
student:00747,student_standardised,100004e13,K-35-053-2,burial_mound,out_of_scope,as_digitised,student_digitised,457460.464,4712324.316
student:00748,student_standardised,100004e13,K-35-053-2,burial_mound,out_of_scope,as_digitised,student_digitised,457184.227,4712465.316
student:00749,student_standardised,100004e13,K-35-053-2,burial_mound,out_of_scope,as_digitised,student_digitised,450653.196,4711263.381
student:00750,student_standardised,100004e13,K-35-053-2,burial_mound,out_of_scope,as_digitised,student_digitised,455322.361,4711137.917
student:00751,student_standardised,100004e13,K-35-053-2,burial_mound,proxy_confirmed,claimant_mark,student_digitised,455417.681,4711044.650
student:00752,student_standardised,100004e13,K-35-053-2,burial_mound,out_of_scope,as_digitised,student_digitised,455843.447,4710979.579
student:00753,student_standardised,100004e13,K-35-053-2,burial_mound,out_of_scope,as_digitised,student_digitised,455762.267,4711730.636
student:00754,student_standardised,100004e13,K-35-053-2,burial_mound,out_of_scope,as_digitised,student_digitised,455939.170,4711888.354
student:00755,student_standardised,100004e13,K-35-053-2,burial_mound,out_of_scope,as_digitised,student_digitised,456059.229,4711545.558
student:00756,student_standardised,100004e13,K-35-053-2,burial_mound,out_of_scope,as_digitised,student_digitised,456646.589,4711905.009
student:00757,student_standardised,100004e13,K-35-053-2,burial_mound,out_of_scope,as_digitised,student_digitised,457000.658,4711102.705
student:00758,student_standardised,100004e13,K-35-053-2,burial_mound,out_of_scope,as_digitised,student_digitised,457019.360,4711189.044
student:00759,student_standardised,100004e13,K-35-053-2,burial_mound,out_of_scope,as_digitised,student_digitised,457674.580,4711930.971
student:00760,student_standardised,100004e13,K-35-053-2,burial_mound,out_of_scope,as_digitised,student_digitised,458234.985,4711789.780
student:00761,student_standardised,100004e13,K-35-053-2,burial_mound,out_of_scope,as_digitised,student_digitised,458767.330,4711608.598
student:00762,student_standardised,100004e13,K-35-053-2,burial_mound,out_of_scope,as_digitised,student_digitised,458475.290,4711440.447
student:00763,student_standardised,100004e13,K-35-053-2,burial_mound,out_of_scope,as_digitised,student_digitised,457524.245,4710039.491
student:00764,student_standardised,100004e13,K-35-053-2,burial_mound,out_of_scope,as_digitised,student_digitised,457516.156,4710352.426
student:00765,student_standardised,100004e13,K-35-053-2,burial_mound,out_of_scope,as_digitised,student_digitised,457253.144,4710061.623
student:00766,student_standardised,100004e13,K-35-053-2,burial_mound,out_of_scope,as_digitised,student_digitised,457259.405,4710159.705
student:00767,student_standardised,100004e13,K-35-053-2,burial_mound,out_of_scope,as_digitised,student_digitised,441103.092,4710091.975
student:00768,student_standardised,100004e13,K-35-053-2,burial_mound,out_of_scope,as_digitised,student_digitised,444413.776,4709017.495
student:00769,student_standardised,100004e13,K-35-053-2,burial_mound,out_of_scope,as_digitised,student_digitised,446746.803,4709400.133
student:00770,student_standardised,100004e13,K-35-053-2,burial_mound,out_of_scope,as_digitised,student_digitised,451818.928,4709643.080
student:00771,student_standardised,100004e13,K-35-053-2,burial_mound,out_of_scope,as_digitised,student_digitised,452269.531,4709388.141
student:00772,student_standardised,100004e13,K-35-053-2,burial_mound,out_of_scope,as_digitised,student_digitised,455419.354,4709606.251
student:00773,student_standardised,100004e13,K-35-053-2,burial_mound,out_of_scope,as_digitised,student_digitised,457078.000,4709839.142
student:00774,student_standardised,100004e13,K-35-053-2,burial_mound,out_of_scope,as_digitised,student_digitised,457478.147,4709803.103
student:00775,student_standardised,100004e13,K-35-053-2,burial_mound,out_of_scope,as_digitised,student_digitised,457968.099,4709921.202
student:00776,student_standardised,100004e13,K-35-053-2,burial_mound,out_of_scope,as_digitised,student_digitised,458316.317,4709889.135
student:00777,student_standardised,100004e13,K-35-053-2,burial_mound,out_of_scope,as_digitised,student_digitised,457707.414,4708591.750
student:00778,student_standardised,100004e13,K-35-053-2,burial_mound,out_of_scope,as_digitised,student_digitised,457728.877,4708504.999
student:00779,student_standardised,100004e13,K-35-053-2,burial_mound,out_of_scope,as_digitised,student_digitised,457813.027,4708420.868
student:00780,student_standardised,100004e13,K-35-053-2,burial_mound,out_of_scope,as_digitised,student_digitised,457677.915,4708238.652
student:00781,student_standardised,100004e13,K-35-053-2,burial_mound,out_of_scope,as_digitised,student_digitised,456118.762,4708226.990
student:00782,student_standardised,100004e13,K-35-053-2,burial_mound,out_of_scope,as_digitised,student_digitised,455702.830,4708529.562
student:00783,student_standardised,100004e13,K-35-053-2,burial_mound,out_of_scope,as_digitised,student_digitised,455434.652,4708799.572
student:00784,student_standardised,100004e13,K-35-053-2,burial_mound,out_of_scope,as_digitised,student_digitised,455196.758,4708564.735
student:00785,student_standardised,100004e13,K-35-053-2,burial_mound,out_of_scope,as_digitised,student_digitised,454352.613,4708626.521
student:00786,student_standardised,100004e13,K-35-053-2,burial_mound,directly_reviewed,own_mark,student_digitised,448140.089,4708342.835
student:00787,student_standardised,100004e13,K-35-053-2,burial_mound,directly_reviewed,own_mark,student_digitised,443313.754,4708516.064
student:00788,student_standardised,100004e13,K-35-053-2,burial_mound,out_of_scope,as_digitised,student_digitised,440978.704,4707002.896
student:00789,student_standardised,100004e13,K-35-053-2,burial_mound,out_of_scope,as_digitised,student_digitised,443929.383,4707808.821
student:00790,student_standardised,100004e13,K-35-053-2,burial_mound,out_of_scope,as_digitised,student_digitised,449906.161,4707599.247
student:00791,student_standardised,100004e13,K-35-053-2,burial_mound,out_of_scope,as_digitised,student_digitised,452964.802,4707806.285
student:00792,student_standardised,100004e13,K-35-053-2,burial_mound,out_of_scope,as_digitised,student_digitised,452946.973,4707714.567
student:00793,student_standardised,100004e13,K-35-053-2,burial_mound,out_of_scope,as_digitised,student_digitised,453270.999,4707301.698
student:00794,student_standardised,100004e13,K-35-053-2,burial_mound,out_of_scope,as_digitised,student_digitised,453807.417,4707117.766
student:00795,student_standardised,100004e13,K-35-053-2,burial_mound,out_of_scope,as_digitised,student_digitised,454596.660,4707389.985
student:00796,student_standardised,100004e13,K-35-053-2,burial_mound,directly_reviewed,own_mark,student_digitised,455394.670,4708082.844
student:00797,student_standardised,100004e13,K-35-053-2,burial_mound,out_of_scope,as_digitised,student_digitised,456855.678,4707892.534
student:00798,student_standardised,100004e13,K-35-053-2,burial_mound,out_of_scope,as_digitised,student_digitised,458324.928,4707858.741
student:00799,student_standardised,100004e13,K-35-053-2,burial_mound,out_of_scope,as_digitised,student_digitised,453732.485,4706724.449
student:00800,student_standardised,100004e13,K-35-053-2,burial_mound,out_of_scope,as_digitised,student_digitised,453837.605,4706456.088
student:00801,student_standardised,100004e13,K-35-053-2,burial_mound,out_of_scope,as_digitised,student_digitised,453556.654,4706445.744
student:00802,student_standardised,100004e13,K-35-053-2,burial_mound,directly_reviewed,own_mark,student_digitised,453556.870,4706662.543
student:00803,student_standardised,100004e13,K-35-053-2,burial_mound,out_of_scope,as_digitised,student_digitised,448781.030,4706085.039
student:00804,student_standardised,100004e13,K-35-053-2,burial_mound,out_of_scope,as_digitised,student_digitised,447430.142,4706084.801
student:00805,student_standardised,100004e13,K-35-053-2,burial_mound,out_of_scope,as_digitised,student_digitised,447481.899,4706339.071
student:00806,student_standardised,100004e13,K-35-053-2,burial_mound,out_of_scope,as_digitised,student_digitised,447204.238,4706389.493
student:00807,student_standardised,100004e13,K-35-053-2,burial_mound,out_of_scope,as_digitised,student_digitised,446479.732,4706889.663
student:00808,student_standardised,100004e13,K-35-053-2,burial_mound,out_of_scope,as_digitised,student_digitised,445986.295,4706527.034
student:00809,student_standardised,100004e13,K-35-053-2,burial_mound,out_of_scope,as_digitised,student_digitised,445778.292,4706562.010
student:00810,student_standardised,100004e13,K-35-053-2,burial_mound,out_of_scope,as_digitised,student_digitised,445747.818,4706706.201
student:00811,student_standardised,100004e13,K-35-053-2,burial_mound,out_of_scope,as_digitised,student_digitised,445603.290,4706741.401
student:00812,student_standardised,100004e13,K-35-053-2,bench_mark_on_mound,directly_reviewed,own_mark,student_digitised,443683.374,4706932.252
student:00813,student_standardised,100004e13,K-35-053-2,burial_mound,directly_reviewed,own_mark,student_digitised,453009.589,4705659.886
student:00814,student_standardised,100004e13,K-35-053-2,burial_mound,out_of_scope,as_digitised,student_digitised,452277.675,4707832.474
student:00815,student_standardised,merged-K-35-053-4_Boyadzhik_c00648,K-35-053-4_Boyadzhik,bench_mark_on_mound,directly_reviewed,own_mark,student_digitised,452413.043,4699170.599
student:00816,student_standardised,merged-K-35-053-4_Boyadzhik_c00687,K-35-053-4_Boyadzhik,trig_point_on_mound,directly_reviewed,own_mark,student_digitised,446342.405,4696360.359
student:00817,student_standardised,100005e13,K-35-053-4_Boyadzhik,trig_point_on_mound,directly_reviewed,own_mark,student_digitised,440009.103,4704571.776
student:00818,student_standardised,100005e13,K-35-053-4_Boyadzhik,burial_mound,out_of_scope,as_digitised,student_digitised,443103.905,4705414.253
student:00819,student_standardised,100005e13,K-35-053-4_Boyadzhik,burial_mound,out_of_scope,as_digitised,student_digitised,443771.816,4704851.001
student:00820,student_standardised,100005e13,K-35-053-4_Boyadzhik,burial_mound,out_of_scope,as_digitised,student_digitised,445086.318,4704716.478
student:00821,student_standardised,100005e13,K-35-053-4_Boyadzhik,burial_mound,out_of_scope,as_digitised,student_digitised,445702.635,4704909.497
student:00822,student_standardised,100005e13,K-35-053-4_Boyadzhik,burial_mound,out_of_scope,as_digitised,student_digitised,445679.516,4704640.456
student:00823,student_standardised,100005e13,K-35-053-4_Boyadzhik,burial_mound,out_of_scope,as_digitised,student_digitised,445613.476,4704430.187
student:00824,student_standardised,100005e13,K-35-053-4_Boyadzhik,burial_mound,out_of_scope,as_digitised,student_digitised,449705.560,4704370.699
student:00825,student_standardised,100005e13,K-35-053-4_Boyadzhik,burial_mound,out_of_scope,as_digitised,student_digitised,452326.158,4704655.893
student:00826,student_standardised,100005e13,K-35-053-4_Boyadzhik,burial_mound,out_of_scope,as_digitised,student_digitised,452495.677,4704596.036
student:00827,student_standardised,100005e13,K-35-053-4_Boyadzhik,burial_mound,out_of_scope,as_digitised,student_digitised,454679.891,4704635.012
student:00828,student_standardised,100005e13,K-35-053-4_Boyadzhik,burial_mound,out_of_scope,as_digitised,student_digitised,455472.235,4704417.665
student:00829,student_standardised,100005e13,K-35-053-4_Boyadzhik,burial_mound,out_of_scope,as_digitised,student_digitised,456788.771,4704838.987
student:00830,student_standardised,100005e13,K-35-053-4_Boyadzhik,burial_mound,out_of_scope,as_digitised,student_digitised,451301.094,4702701.889
student:00831,student_standardised,100005e13,K-35-053-4_Boyadzhik,burial_mound,out_of_scope,as_digitised,student_digitised,451388.368,4702867.311
student:00832,student_standardised,100005e13,K-35-053-4_Boyadzhik,burial_mound,out_of_scope,as_digitised,student_digitised,451223.954,4702916.706
student:00833,student_standardised,100005e13,K-35-053-4_Boyadzhik,burial_mound,out_of_scope,as_digitised,student_digitised,450975.203,4703047.636
student:00834,student_standardised,100005e13,K-35-053-4_Boyadzhik,burial_mound,out_of_scope,as_digitised,student_digitised,450840.437,4703686.220
student:00835,student_standardised,100005e13,K-35-053-4_Boyadzhik,burial_mound,directly_reviewed,own_mark,student_digitised,450857.417,4703825.027
student:00836,student_standardised,100005e13,K-35-053-4_Boyadzhik,burial_mound,out_of_scope,as_digitised,student_digitised,440138.643,4703283.287
student:00837,student_standardised,100005e13,K-35-053-4_Boyadzhik,burial_mound,out_of_scope,as_digitised,student_digitised,440050.781,4703905.319
student:00838,student_standardised,100005e13,K-35-053-4_Boyadzhik,burial_mound,out_of_scope,as_digitised,student_digitised,438287.562,4701023.786
student:00839,student_standardised,100005e13,K-35-053-4_Boyadzhik,burial_mound,out_of_scope,as_digitised,student_digitised,440569.526,4700486.016
student:00840,student_standardised,100005e13,K-35-053-4_Boyadzhik,burial_mound,out_of_scope,as_digitised,student_digitised,441328.633,4701065.066
student:00841,student_standardised,100005e13,K-35-053-4_Boyadzhik,burial_mound,out_of_scope,as_digitised,student_digitised,442984.584,4700484.848
student:00842,student_standardised,100005e13,K-35-053-4_Boyadzhik,burial_mound,out_of_scope,as_digitised,student_digitised,444311.632,4700541.775
student:00843,student_standardised,100005e13,K-35-053-4_Boyadzhik,burial_mound,out_of_scope,as_digitised,student_digitised,457611.940,4700139.498
student:00844,student_standardised,100005e13,K-35-053-4_Boyadzhik,burial_mound,out_of_scope,as_digitised,student_digitised,457763.782,4699009.457
student:00845,student_standardised,100005e13,K-35-053-4_Boyadzhik,burial_mound,out_of_scope,as_digitised,student_digitised,450236.242,4698394.874
student:00846,student_standardised,100005e13,K-35-053-4_Boyadzhik,burial_mound,out_of_scope,as_digitised,student_digitised,448104.443,4698035.580
student:00847,student_standardised,100005e13,K-35-053-4_Boyadzhik,burial_mound,out_of_scope,as_digitised,student_digitised,445736.527,4699387.094
student:00848,student_standardised,100005e13,K-35-053-4_Boyadzhik,burial_mound,out_of_scope,as_digitised,student_digitised,441503.507,4698156.777
student:00849,student_standardised,100005e13,K-35-053-4_Boyadzhik,burial_mound,out_of_scope,as_digitised,student_digitised,440754.890,4698797.894
student:00850,student_standardised,100005e13,K-35-053-4_Boyadzhik,burial_mound,out_of_scope,as_digitised,student_digitised,440579.429,4699442.049
student:00851,student_standardised,100005e13,K-35-053-4_Boyadzhik,burial_mound,out_of_scope,as_digitised,student_digitised,439886.133,4698104.158
student:00852,student_standardised,100005e13,K-35-053-4_Boyadzhik,burial_mound,out_of_scope,as_digitised,student_digitised,438349.141,4699570.833
student:00853,student_standardised,100005e13,K-35-053-4_Boyadzhik,burial_mound,out_of_scope,as_digitised,student_digitised,442095.554,4697079.155
student:00854,student_standardised,100005e13,K-35-053-4_Boyadzhik,burial_mound,out_of_scope,as_digitised,student_digitised,445481.874,4697802.763
student:00855,student_standardised,100005e13,K-35-053-4_Boyadzhik,burial_mound,out_of_scope,as_digitised,student_digitised,445713.401,4697156.886
student:00856,student_standardised,100005e13,K-35-053-4_Boyadzhik,burial_mound,out_of_scope,as_digitised,student_digitised,448769.783,4697564.314
student:00857,student_standardised,100005e13,K-35-053-4_Boyadzhik,bench_mark_on_mound,directly_reviewed,own_mark,student_digitised,455168.745,4695567.089
student:00858,student_standardised,100005e13,K-35-053-4_Boyadzhik,burial_mound,out_of_scope,as_digitised,student_digitised,458294.748,4696653.216
student:00859,student_standardised,100005e13,K-35-053-4_Boyadzhik,burial_mound,out_of_scope,as_digitised,student_digitised,458600.035,4696003.935
student:00860,student_standardised,100005e13,K-35-053-4_Boyadzhik,burial_mound,directly_reviewed,own_mark,student_digitised,456661.101,4693702.707
student:00861,student_standardised,100005e13,K-35-053-4_Boyadzhik,burial_mound,out_of_scope,as_digitised,student_digitised,453295.940,4694704.482
student:00862,student_standardised,100005e13,K-35-053-4_Boyadzhik,burial_mound,out_of_scope,as_digitised,student_digitised,447918.687,4694411.176
student:00863,student_standardised,100005e13,K-35-053-4_Boyadzhik,burial_mound,directly_reviewed,own_mark,student_digitised,444517.962,4693687.541
student:00864,student_standardised,100005e13,K-35-053-4_Boyadzhik,burial_mound,out_of_scope,as_digitised,student_digitised,440628.892,4694172.965
student:00865,student_standardised,100005e13,K-35-053-4_Boyadzhik,burial_mound,out_of_scope,as_digitised,student_digitised,439616.827,4693914.250
student:00866,student_standardised,100005e13,K-35-053-4_Boyadzhik,burial_mound,out_of_scope,as_digitised,student_digitised,438454.808,4691396.977
student:00867,student_standardised,100005e13,K-35-053-4_Boyadzhik,burial_mound,out_of_scope,as_digitised,student_digitised,438345.275,4691532.133
student:00868,student_standardised,100005e13,K-35-053-4_Boyadzhik,burial_mound,out_of_scope,as_digitised,student_digitised,439260.653,4692838.743
student:00869,student_standardised,100005e13,K-35-053-4_Boyadzhik,burial_mound,out_of_scope,as_digitised,student_digitised,442825.188,4692875.359
student:00870,student_standardised,100005e13,K-35-053-4_Boyadzhik,burial_mound,out_of_scope,as_digitised,student_digitised,447628.843,4691051.420
student:00871,student_standardised,100005e13,K-35-053-4_Boyadzhik,burial_mound,out_of_scope,as_digitised,student_digitised,447746.046,4691223.264
student:00872,student_standardised,100005e13,K-35-053-4_Boyadzhik,burial_mound,out_of_scope,as_digitised,student_digitised,447915.023,4691157.729
student:00873,student_standardised,100005e13,K-35-053-4_Boyadzhik,burial_mound,out_of_scope,as_digitised,student_digitised,450064.386,4692499.747
student:00874,student_standardised,100005e13,K-35-053-4_Boyadzhik,burial_mound,out_of_scope,as_digitised,student_digitised,452625.792,4692541.882
student:00875,student_standardised,100005e13,K-35-053-4_Boyadzhik,trig_point_on_mound,directly_reviewed,own_mark,student_digitised,457423.746,4690335.385
student:00876,student_standardised,100005e13,K-35-053-4_Boyadzhik,burial_mound,out_of_scope,as_digitised,student_digitised,453946.240,4689708.034
student:00877,student_standardised,100005e13,K-35-053-4_Boyadzhik,burial_mound,out_of_scope,as_digitised,student_digitised,450708.464,4689687.880
student:00878,student_standardised,100005e13,K-35-053-4_Boyadzhik,burial_mound,out_of_scope,as_digitised,student_digitised,450344.540,4689139.359
student:00879,student_standardised,100005e13,K-35-053-4_Boyadzhik,burial_mound,out_of_scope,as_digitised,student_digitised,450221.241,4689219.817
student:00880,student_standardised,100005e13,K-35-053-4_Boyadzhik,burial_mound,out_of_scope,as_digitised,student_digitised,446937.094,4690880.828
student:00881,student_standardised,100005e13,K-35-053-4_Boyadzhik,burial_mound,out_of_scope,as_digitised,student_digitised,446871.184,4690727.166
student:00882,student_standardised,100005e13,K-35-053-4_Boyadzhik,burial_mound,out_of_scope,as_digitised,student_digitised,446658.973,4690844.322
student:00883,student_standardised,100005e13,K-35-053-4_Boyadzhik,burial_mound,proxy_confirmed,claimant_mark,student_digitised,440533.703,4689081.064
student:00884,student_standardised,100005e13,K-35-053-4_Boyadzhik,burial_mound,directly_reviewed,own_mark,student_digitised,438877.453,4689490.296
student:00885,student_standardised,100005e13,K-35-053-4_Boyadzhik,burial_mound,out_of_scope,as_digitised,student_digitised,438404.194,4689584.090
student:00886,student_standardised,100005e13,K-35-053-4_Boyadzhik,burial_mound,out_of_scope,as_digitised,student_digitised,438768.828,4690848.282
student:00887,student_standardised,100005e13,K-35-053-4_Boyadzhik,burial_mound,out_of_scope,as_digitised,student_digitised,438151.614,4690661.597
student:00888,student_standardised,100005e13,K-35-053-4_Boyadzhik,burial_mound,out_of_scope,as_digitised,student_digitised,438649.206,4688952.268
student:00889,student_standardised,100005e13,K-35-053-4_Boyadzhik,burial_mound,out_of_scope,as_digitised,student_digitised,438849.354,4688844.511
student:00890,student_standardised,100005e13,K-35-053-4_Boyadzhik,burial_mound,out_of_scope,as_digitised,student_digitised,439850.384,4688755.767
student:00891,student_standardised,100005e13,K-35-053-4_Boyadzhik,burial_mound,out_of_scope,as_digitised,student_digitised,439672.472,4687166.888
student:00892,student_standardised,100005e13,K-35-053-4_Boyadzhik,burial_mound,out_of_scope,as_digitised,student_digitised,443108.367,4688256.430
student:00893,student_standardised,100005e13,K-35-053-4_Boyadzhik,burial_mound,out_of_scope,as_digitised,student_digitised,444146.789,4687529.549
student:00894,student_standardised,100005e13,K-35-053-4_Boyadzhik,burial_mound,out_of_scope,as_digitised,student_digitised,444754.028,4688398.090
student:00895,student_standardised,100005e13,K-35-053-4_Boyadzhik,burial_mound,directly_reviewed,own_mark,student_digitised,444959.110,4688534.989
student:00896,student_standardised,100005e13,K-35-053-4_Boyadzhik,burial_mound,directly_reviewed,own_mark,student_digitised,445115.708,4688690.580
student:00897,student_standardised,100005e13,K-35-053-4_Boyadzhik,burial_mound,directly_reviewed,own_mark,student_digitised,445090.086,4688761.861
student:00898,student_standardised,100005e13,K-35-053-4_Boyadzhik,burial_mound,out_of_scope,as_digitised,student_digitised,445291.289,4688902.862
student:00899,student_standardised,100005e13,K-35-053-4_Boyadzhik,burial_mound,out_of_scope,as_digitised,student_digitised,445544.449,4688626.274
student:00900,student_standardised,100005e13,K-35-053-4_Boyadzhik,burial_mound,out_of_scope,as_digitised,student_digitised,445696.843,4688519.810
student:00901,student_standardised,100005e13,K-35-053-4_Boyadzhik,burial_mound,out_of_scope,as_digitised,student_digitised,446844.640,4687600.543
student:00902,student_standardised,100005e13,K-35-053-4_Boyadzhik,burial_mound,out_of_scope,as_digitised,student_digitised,446714.375,4687938.379
student:00903,student_standardised,100005e13,K-35-053-4_Boyadzhik,burial_mound,out_of_scope,as_digitised,student_digitised,446347.018,4688205.984
student:00904,student_standardised,100005e13,K-35-053-4_Boyadzhik,burial_mound,out_of_scope,as_digitised,student_digitised,446190.821,4688710.723
student:00905,student_standardised,100005e13,K-35-053-4_Boyadzhik,burial_mound,out_of_scope,as_digitised,student_digitised,447711.133,4688350.965
student:00906,student_standardised,100005e13,K-35-053-4_Boyadzhik,burial_mound,out_of_scope,as_digitised,student_digitised,447856.244,4688268.756
student:00907,student_standardised,100005e13,K-35-053-4_Boyadzhik,burial_mound,out_of_scope,as_digitised,student_digitised,450608.749,4688302.123
student:00908,student_standardised,100005e13,K-35-053-4_Boyadzhik,burial_mound,out_of_scope,as_digitised,student_digitised,450142.171,4687612.467
student:00909,student_standardised,100005e13,K-35-053-4_Boyadzhik,burial_mound,out_of_scope,as_digitised,student_digitised,450173.229,4687470.058
student:00910,student_standardised,100005e13,K-35-053-4_Boyadzhik,burial_mound,out_of_scope,as_digitised,student_digitised,450229.045,4687398.015
student:00911,student_standardised,100005e13,K-35-053-4_Boyadzhik,burial_mound,out_of_scope,as_digitised,student_digitised,450723.406,4687362.071
student:00912,student_standardised,100005e13,K-35-053-4_Boyadzhik,burial_mound,out_of_scope,as_digitised,student_digitised,453975.535,4688930.438
student:00913,student_standardised,100005e13,K-35-053-4_Boyadzhik,burial_mound,out_of_scope,as_digitised,student_digitised,454142.904,4688916.683
student:00914,student_standardised,100004e13,K-35-054-1_Straldzha_4326,burial_mound,proxy_confirmed,claimant_mark,student_digitised,477660.742,4722022.739
student:00915,student_standardised,100004e13,K-35-054-1_Straldzha_4326,burial_mound,out_of_scope,as_digitised,student_digitised,475575.261,4722126.722
student:00916,student_standardised,100004e13,K-35-054-1_Straldzha_4326,burial_mound,out_of_scope,as_digitised,student_digitised,473676.974,4722467.384
student:00917,student_standardised,100004e13,K-35-054-1_Straldzha_4326,burial_mound,proxy_confirmed,claimant_mark,student_digitised,471904.813,4722062.092
student:00918,student_standardised,100004e13,K-35-054-1_Straldzha_4326,burial_mound,out_of_scope,as_digitised,student_digitised,469014.969,4722909.221
student:00919,student_standardised,100004e13,K-35-054-1_Straldzha_4326,burial_mound,out_of_scope,as_digitised,student_digitised,468148.027,4722767.001
student:00920,student_standardised,100004e13,K-35-054-1_Straldzha_4326,burial_mound,out_of_scope,as_digitised,student_digitised,467927.557,4722852.722
student:00921,student_standardised,100004e13,K-35-054-1_Straldzha_4326,burial_mound,out_of_scope,as_digitised,student_digitised,463497.471,4722487.346
student:00922,student_standardised,100004e13,K-35-054-1_Straldzha_4326,burial_mound,out_of_scope,as_digitised,student_digitised,461015.508,4722019.425
student:00923,student_standardised,100004e13,K-35-054-1_Straldzha_4326,burial_mound,out_of_scope,as_digitised,student_digitised,460250.407,4721837.295
student:00924,student_standardised,100004e13,K-35-054-1_Straldzha_4326,burial_mound,out_of_scope,as_digitised,student_digitised,460540.786,4721578.974
student:00925,student_standardised,100004e13,K-35-054-1_Straldzha_4326,burial_mound,directly_reviewed,own_mark,student_digitised,460995.204,4721762.397
student:00926,student_standardised,100004e13,K-35-054-1_Straldzha_4326,burial_mound,proxy_confirmed,claimant_mark,student_digitised,461641.399,4721612.547
student:00927,student_standardised,100004e13,K-35-054-1_Straldzha_4326,burial_mound,out_of_scope,as_digitised,student_digitised,464028.341,4721760.443
student:00928,student_standardised,100004e13,K-35-054-1_Straldzha_4326,burial_mound,out_of_scope,as_digitised,student_digitised,466132.283,4721046.846
student:00929,student_standardised,100004e13,K-35-054-1_Straldzha_4326,burial_mound,out_of_scope,as_digitised,student_digitised,477694.849,4721867.683
student:00930,student_standardised,100004e13,K-35-054-1_Straldzha_4326,burial_mound,out_of_scope,as_digitised,student_digitised,477655.355,4721106.165
student:00931,student_standardised,100004e13,K-35-054-1_Straldzha_4326,burial_mound,out_of_scope,as_digitised,student_digitised,478363.696,4721136.456
student:00932,student_standardised,100004e13,K-35-054-1_Straldzha_4326,burial_mound,out_of_scope,as_digitised,student_digitised,478451.228,4721193.051
student:00933,student_standardised,100004e13,K-35-054-1_Straldzha_4326,burial_mound,out_of_scope,as_digitised,student_digitised,478649.369,4721188.052
student:00934,student_standardised,100004e13,K-35-054-1_Straldzha_4326,burial_mound,out_of_scope,as_digitised,student_digitised,478721.341,4721338.880
student:00935,student_standardised,100004e13,K-35-054-1_Straldzha_4326,burial_mound,directly_reviewed,own_mark,student_digitised,478796.845,4721228.411
student:00936,student_standardised,100004e13,K-35-054-1_Straldzha_4326,burial_mound,out_of_scope,as_digitised,student_digitised,478920.904,4721265.903
student:00937,student_standardised,100004e13,K-35-054-1_Straldzha_4326,burial_mound,proxy_confirmed,claimant_mark,student_digitised,477743.470,4720967.926
student:00938,student_standardised,100004e13,K-35-054-1_Straldzha_4326,burial_mound,out_of_scope,as_digitised,student_digitised,467945.957,4720796.569
student:00939,student_standardised,100004e13,K-35-054-1_Straldzha_4326,burial_mound,out_of_scope,as_digitised,student_digitised,467404.931,4720797.882
student:00940,student_standardised,100004e13,K-35-054-1_Straldzha_4326,burial_mound,out_of_scope,as_digitised,student_digitised,467290.731,4720660.373
student:00941,student_standardised,100004e13,K-35-054-1_Straldzha_4326,burial_mound,out_of_scope,as_digitised,student_digitised,467247.218,4720743.185
student:00942,student_standardised,100004e13,K-35-054-1_Straldzha_4326,burial_mound,out_of_scope,as_digitised,student_digitised,467071.893,4720775.509
student:00943,student_standardised,100004e13,K-35-054-1_Straldzha_4326,burial_mound,directly_reviewed,own_mark,student_digitised,467156.601,4720458.984
student:00944,student_standardised,100004e13,K-35-054-1_Straldzha_4326,burial_mound,out_of_scope,as_digitised,student_digitised,461080.493,4720083.550
student:00945,student_standardised,100004e13,K-35-054-1_Straldzha_4326,burial_mound,out_of_scope,as_digitised,student_digitised,466985.818,4719500.764
student:00946,student_standardised,100004e13,K-35-054-1_Straldzha_4326,burial_mound,out_of_scope,as_digitised,student_digitised,467503.962,4719168.965
student:00947,student_standardised,100004e13,K-35-054-1_Straldzha_4326,burial_mound,out_of_scope,as_digitised,student_digitised,469565.937,4719630.529
student:00948,student_standardised,100004e13,K-35-054-1_Straldzha_4326,burial_mound,out_of_scope,as_digitised,student_digitised,468754.776,4718453.435
student:00949,student_standardised,100004e13,K-35-054-1_Straldzha_4326,burial_mound,out_of_scope,as_digitised,student_digitised,468278.388,4718625.094
student:00950,student_standardised,100004e13,K-35-054-1_Straldzha_4326,burial_mound,out_of_scope,as_digitised,student_digitised,468196.559,4718289.622
student:00951,student_standardised,100004e13,K-35-054-1_Straldzha_4326,burial_mound,directly_reviewed,own_mark,student_digitised,459128.609,4716986.418
student:00952,student_standardised,100004e13,K-35-054-1_Straldzha_4326,burial_mound,out_of_scope,as_digitised,student_digitised,474580.502,4717853.826
student:00953,student_standardised,100004e13,K-35-054-1_Straldzha_4326,burial_mound,out_of_scope,as_digitised,student_digitised,475210.510,4717679.020
student:00954,student_standardised,100004e13,K-35-054-1_Straldzha_4326,burial_mound,out_of_scope,as_digitised,student_digitised,477135.002,4716033.719
student:00955,student_standardised,100004e13,K-35-054-1_Straldzha_4326,burial_mound,out_of_scope,as_digitised,student_digitised,476948.732,4716078.999
student:00956,student_standardised,100004e13,K-35-054-1_Straldzha_4326,burial_mound,out_of_scope,as_digitised,student_digitised,472791.956,4715985.796
student:00957,student_standardised,100004e13,K-35-054-1_Straldzha_4326,burial_mound,out_of_scope,as_digitised,student_digitised,468273.310,4716618.725
student:00958,student_standardised,100004e13,K-35-054-1_Straldzha_4326,burial_mound,out_of_scope,as_digitised,student_digitised,462714.762,4716143.850
student:00959,student_standardised,100004e13,K-35-054-1_Straldzha_4326,burial_mound,out_of_scope,as_digitised,student_digitised,461692.806,4716159.275
student:00960,student_standardised,100004e13,K-35-054-1_Straldzha_4326,burial_mound,out_of_scope,as_digitised,student_digitised,461545.649,4716188.532
student:00961,student_standardised,100004e13,K-35-054-1_Straldzha_4326,burial_mound,out_of_scope,as_digitised,student_digitised,459428.608,4716239.231
student:00962,student_standardised,100004e13,K-35-054-1_Straldzha_4326,burial_mound,out_of_scope,as_digitised,student_digitised,458873.815,4716101.639
student:00963,student_standardised,100004e13,K-35-054-1_Straldzha_4326,burial_mound,out_of_scope,as_digitised,student_digitised,464115.990,4715658.842
student:00964,student_standardised,100004e13,K-35-054-1_Straldzha_4326,burial_mound,out_of_scope,as_digitised,student_digitised,464981.442,4715889.379
student:00965,student_standardised,100004e13,K-35-054-1_Straldzha_4326,burial_mound,directly_reviewed,own_mark,student_digitised,465607.301,4715814.965
student:00966,student_standardised,100004e13,K-35-054-1_Straldzha_4326,burial_mound,out_of_scope,as_digitised,student_digitised,476005.349,4715631.873
student:00967,student_standardised,100004e13,K-35-054-1_Straldzha_4326,burial_mound,out_of_scope,as_digitised,student_digitised,477939.120,4715818.512
student:00968,student_standardised,100004e13,K-35-054-1_Straldzha_4326,burial_mound,out_of_scope,as_digitised,student_digitised,479027.007,4715657.885
student:00969,student_standardised,100004e13,K-35-054-1_Straldzha_4326,burial_mound,out_of_scope,as_digitised,student_digitised,470731.836,4714071.716
student:00970,student_standardised,100004e13,K-35-054-1_Straldzha_4326,burial_mound,out_of_scope,as_digitised,student_digitised,460885.744,4713302.940
student:00971,student_standardised,100004e13,K-35-054-1_Straldzha_4326,trig_point_on_mound,directly_reviewed,own_mark,student_digitised,470715.187,4713666.135
student:00972,student_standardised,100004e13,K-35-054-1_Straldzha_4326,burial_mound,out_of_scope,as_digitised,student_digitised,477803.797,4713143.737
student:00973,student_standardised,100004e13,K-35-054-1_Straldzha_4326,burial_mound,directly_reviewed,own_mark,student_digitised,478136.336,4714026.947
student:00974,student_standardised,100004e13,K-35-054-1_Straldzha_4326,burial_mound,out_of_scope,as_digitised,student_digitised,479243.855,4713976.894
student:00975,student_standardised,100004e13,K-35-054-1_Straldzha_4326,burial_mound,out_of_scope,as_digitised,student_digitised,476658.796,4712940.136
student:00976,student_standardised,100004e13,K-35-054-1_Straldzha_4326,burial_mound,out_of_scope,as_digitised,student_digitised,477919.818,4712489.791
student:00977,student_standardised,100004e13,K-35-054-1_Straldzha_4326,burial_mound,out_of_scope,as_digitised,student_digitised,475920.462,4712592.397
student:00978,student_standardised,100004e13,K-35-054-1_Straldzha_4326,burial_mound,out_of_scope,as_digitised,student_digitised,473230.885,4712040.489
student:00979,student_standardised,100004e13,K-35-054-1_Straldzha_4326,burial_mound,out_of_scope,as_digitised,student_digitised,473048.775,4712114.357
student:00980,student_standardised,100004e13,K-35-054-1_Straldzha_4326,burial_mound,out_of_scope,as_digitised,student_digitised,464871.855,4712966.490
student:00981,student_standardised,100004e13,K-35-054-1_Straldzha_4326,burial_mound,out_of_scope,as_digitised,student_digitised,463177.396,4712436.691
student:00982,student_standardised,100004e13,K-35-054-1_Straldzha_4326,burial_mound,out_of_scope,as_digitised,student_digitised,461045.130,4712560.822
student:00983,student_standardised,100004e13,K-35-054-1_Straldzha_4326,burial_mound,out_of_scope,as_digitised,student_digitised,461184.548,4712717.270
student:00984,student_standardised,100004e13,K-35-054-1_Straldzha_4326,burial_mound,out_of_scope,as_digitised,student_digitised,460068.010,4712270.777
student:00985,student_standardised,100004e13,K-35-054-1_Straldzha_4326,burial_mound,out_of_scope,as_digitised,student_digitised,458969.381,4711117.842
student:00986,student_standardised,100004e13,K-35-054-1_Straldzha_4326,burial_mound,out_of_scope,as_digitised,student_digitised,471524.548,4710483.355
student:00987,student_standardised,100004e13,K-35-054-1_Straldzha_4326,burial_mound,out_of_scope,as_digitised,student_digitised,472401.677,4710674.543
student:00988,student_standardised,100004e13,K-35-054-1_Straldzha_4326,burial_mound,out_of_scope,as_digitised,student_digitised,473234.029,4710048.083
student:00989,student_standardised,100004e13,K-35-054-1_Straldzha_4326,burial_mound,out_of_scope,as_digitised,student_digitised,473265.284,4709951.856
student:00990,student_standardised,100004e13,K-35-054-1_Straldzha_4326,burial_mound,out_of_scope,as_digitised,student_digitised,473615.767,4710945.220
student:00991,student_standardised,100004e13,K-35-054-1_Straldzha_4326,burial_mound,out_of_scope,as_digitised,student_digitised,470003.164,4709954.549
student:00992,student_standardised,100004e13,K-35-054-1_Straldzha_4326,burial_mound,out_of_scope,as_digitised,student_digitised,475367.696,4708488.401
student:00993,student_standardised,100004e13,K-35-054-1_Straldzha_4326,burial_mound,out_of_scope,as_digitised,student_digitised,465308.074,4707972.782
student:00994,student_standardised,100004e13,K-35-054-1_Straldzha_4326,burial_mound,out_of_scope,as_digitised,student_digitised,465504.508,4707405.473
student:00995,student_standardised,100004e13,K-35-054-1_Straldzha_4326,burial_mound,out_of_scope,as_digitised,student_digitised,464041.846,4706331.404
student:00996,student_standardised,100004e13,K-35-054-1_Straldzha_4326,burial_mound,out_of_scope,as_digitised,student_digitised,464194.040,4706947.342
student:00997,student_standardised,100004e13,K-35-054-1_Straldzha_4326,burial_mound,out_of_scope,as_digitised,student_digitised,464377.780,4706991.136
student:00998,student_standardised,100004e13,K-35-054-1_Straldzha_4326,burial_mound,out_of_scope,as_digitised,student_digitised,464382.858,4706889.730
student:00999,student_standardised,100004e13,K-35-054-1_Straldzha_4326,burial_mound,out_of_scope,as_digitised,student_digitised,464762.922,4706950.055
student:01000,student_standardised,100004e13,K-35-054-1_Straldzha_4326,burial_mound,out_of_scope,as_digitised,student_digitised,465157.833,4706373.362
student:01001,student_standardised,100004e13,K-35-054-1_Straldzha_4326,burial_mound,directly_reviewed,own_mark,student_digitised,467203.683,4706904.770
student:01002,student_standardised,100004e13,K-35-054-1_Straldzha_4326,burial_mound,out_of_scope,as_digitised,student_digitised,467406.286,4706307.532
student:01003,student_standardised,100004e13,K-35-054-1_Straldzha_4326,burial_mound,out_of_scope,as_digitised,student_digitised,468701.227,4706240.016
student:01004,student_standardised,100004e13,K-35-054-1_Straldzha_4326,burial_mound,out_of_scope,as_digitised,student_digitised,471205.654,4706753.323
student:01005,student_standardised,100004e13,K-35-054-1_Straldzha_4326,burial_mound,out_of_scope,as_digitised,student_digitised,477829.989,4706557.087
student:01006,student_standardised,100004e13,K-35-054-1_Straldzha_4326,burial_mound,out_of_scope,as_digitised,student_digitised,468704.201,4705819.106
student:01007,student_standardised,100004e13,K-35-054-1_Straldzha_4326,burial_mound,out_of_scope,as_digitised,student_digitised,462107.507,4705813.811
student:01008,student_standardised,100004e13,K-35-054-1_Straldzha_4326,burial_mound,out_of_scope,as_digitised,student_digitised,462141.242,4705883.228
student:01009,student_standardised,100004e13,K-35-054-1_Straldzha_4326,burial_mound,directly_reviewed,own_mark,student_digitised,473859.713,4722511.640
student:01010,student_standardised,100004e13,K-35-054-1_Straldzha_4326,burial_mound,out_of_scope,as_digitised,student_digitised,478980.839,4721380.814
student:01011,student_standardised,100004e13,K-35-054-1_Straldzha_4326,burial_mound,out_of_scope,as_digitised,student_digitised,475401.854,4709438.267
student:01012,student_standardised,100004e13,K-35-054-1_Straldzha_4326,burial_mound,out_of_scope,as_digitised,student_digitised,470048.184,4709302.894
student:01013,student_standardised,100004e13,K-35-054-1_Straldzha_4326,burial_mound,out_of_scope,as_digitised,student_digitised,463101.568,4708992.339
student:01014,student_standardised,100004e13,K-35-054-1_Straldzha_4326,burial_mound,out_of_scope,as_digitised,student_digitised,467967.566,4708675.143
student:01015,student_standardised,100004e13,K-35-054-1_Straldzha_4326,settlement_mound,directly_reviewed,own_mark,student_digitised,473258.457,4708373.633
student:01016,student_standardised,100004e13,K-35-054-1_Straldzha_4326,burial_mound,out_of_scope,as_digitised,student_digitised,474792.613,4708822.852
student:01017,student_standardised,100004e13,K-35-054-1_Straldzha_4326,burial_mound,directly_reviewed,own_mark,student_digitised,475013.992,4708833.051
student:01018,student_standardised,100004e13,K-35-054-1_Straldzha_4326,burial_mound,out_of_scope,as_digitised,student_digitised,475055.943,4708748.695
student:01019,student_standardised,100004e13,K-35-054-1_Straldzha_4326,burial_mound,directly_reviewed,own_mark,student_digitised,475324.422,4708888.582
student:01020,student_standardised,100004e13,K-35-054-1_Straldzha_4326,burial_mound,out_of_scope,as_digitised,student_digitised,465298.856,4707748.860
student:01021,student_standardised,100004e13,K-35-054-1_Straldzha_4326,burial_mound,directly_reviewed,own_mark,student_digitised,465606.591,4707199.459
student:01022,student_standardised,100004e13,K-35-054-1_Straldzha_4326,burial_mound,out_of_scope,as_digitised,student_digitised,458856.314,4706465.629
student:01023,student_standardised,100004e13,K-35-054-1_Straldzha_4326,burial_mound,out_of_scope,as_digitised,student_digitised,461194.754,4706306.758
student:01024,student_standardised,100004e13,K-35-054-1_Straldzha_4326,burial_mound,out_of_scope,as_digitised,student_digitised,461496.434,4706175.797
student:01025,student_standardised,100004e13,K-35-054-1_Straldzha_4326,burial_mound,out_of_scope,as_digitised,student_digitised,463377.083,4706181.646
student:01026,student_standardised,100004e13,K-35-054-1_Straldzha_4326,burial_mound,out_of_scope,as_digitised,student_digitised,463273.136,4706749.941
student:01027,student_standardised,100004e13,K-35-054-1_Straldzha_4326,burial_mound,out_of_scope,as_digitised,student_digitised,468739.782,4706572.448
student:01028,student_standardised,100004e13,K-35-054-1_Straldzha_4326,burial_mound,proxy_confirmed,claimant_mark,student_digitised,470675.108,4706904.632
student:01029,student_standardised,merged-K-35-054-2_Atolov_4326_c01159,K-35-054-2_Atolov_4326,burial_mound,directly_reviewed,own_mark,student_digitised,487881.703,4720963.955
student:01030,student_standardised,100002e13,K-35-054-2_Atolov_4326,burial_mound,out_of_scope,as_digitised,student_digitised,479643.712,4721831.355
student:01031,student_standardised,100002e13,K-35-054-2_Atolov_4326,burial_mound,out_of_scope,as_digitised,student_digitised,479796.476,4721820.985
student:01032,student_standardised,100002e13,K-35-054-2_Atolov_4326,burial_mound,out_of_scope,as_digitised,student_digitised,479761.815,4721186.116
student:01033,student_standardised,100002e13,K-35-054-2_Atolov_4326,burial_mound,out_of_scope,as_digitised,student_digitised,479507.846,4715713.817
student:01034,student_standardised,100002e13,K-35-054-2_Atolov_4326,burial_mound,out_of_scope,as_digitised,student_digitised,480244.628,4705859.261
student:01035,student_standardised,100002e13,K-35-054-2_Atolov_4326,burial_mound,out_of_scope,as_digitised,student_digitised,480761.256,4706038.657
student:01036,student_standardised,100002e13,K-35-054-2_Atolov_4326,burial_mound,out_of_scope,as_digitised,student_digitised,480581.940,4710373.635
student:01037,student_standardised,100002e13,K-35-054-2_Atolov_4326,burial_mound,out_of_scope,as_digitised,student_digitised,480707.926,4711167.043
student:01038,student_standardised,100002e13,K-35-054-2_Atolov_4326,burial_mound,out_of_scope,as_digitised,student_digitised,480507.253,4711240.070
student:01039,student_standardised,100002e13,K-35-054-2_Atolov_4326,burial_mound,out_of_scope,as_digitised,student_digitised,479966.652,4711652.762
student:01040,student_standardised,100002e13,K-35-054-2_Atolov_4326,burial_mound,out_of_scope,as_digitised,student_digitised,480140.369,4712435.432
student:01041,student_standardised,100002e13,K-35-054-2_Atolov_4326,burial_mound,out_of_scope,as_digitised,student_digitised,480787.535,4714932.312
student:01042,student_standardised,100002e13,K-35-054-2_Atolov_4326,burial_mound,out_of_scope,as_digitised,student_digitised,480623.174,4715950.118
student:01043,student_standardised,100002e13,K-35-054-2_Atolov_4326,burial_mound,out_of_scope,as_digitised,student_digitised,480288.890,4715918.767
student:01044,student_standardised,100002e13,K-35-054-2_Atolov_4326,burial_mound,out_of_scope,as_digitised,student_digitised,480786.440,4720450.173
student:01045,student_standardised,100002e13,K-35-054-2_Atolov_4326,burial_mound,directly_reviewed,own_mark,student_digitised,481185.215,4722072.718
student:01046,student_standardised,100002e13,K-35-054-2_Atolov_4326,burial_mound,out_of_scope,as_digitised,student_digitised,481444.371,4716220.800
student:01047,student_standardised,100002e13,K-35-054-2_Atolov_4326,burial_mound,out_of_scope,as_digitised,student_digitised,481494.164,4716113.822
student:01048,student_standardised,100002e13,K-35-054-2_Atolov_4326,burial_mound,out_of_scope,as_digitised,student_digitised,481825.348,4716374.888
student:01049,student_standardised,100002e13,K-35-054-2_Atolov_4326,burial_mound,out_of_scope,as_digitised,student_digitised,481661.086,4716347.832
student:01050,student_standardised,100002e13,K-35-054-2_Atolov_4326,burial_mound,out_of_scope,as_digitised,student_digitised,481572.359,4716277.665
student:01051,student_standardised,100002e13,K-35-054-2_Atolov_4326,burial_mound,out_of_scope,as_digitised,student_digitised,481495.381,4709335.515
student:01052,student_standardised,100002e13,K-35-054-2_Atolov_4326,burial_mound,out_of_scope,as_digitised,student_digitised,481623.108,4706050.453
student:01053,student_standardised,100002e13,K-35-054-2_Atolov_4326,burial_mound,out_of_scope,as_digitised,student_digitised,481564.834,4705310.558
student:01054,student_standardised,100002e13,K-35-054-2_Atolov_4326,burial_mound,directly_reviewed,own_mark,student_digitised,482578.821,4707253.824
student:01055,student_standardised,100002e13,K-35-054-2_Atolov_4326,burial_mound,out_of_scope,as_digitised,student_digitised,482744.908,4712432.762
student:01056,student_standardised,100002e13,K-35-054-2_Atolov_4326,burial_mound,out_of_scope,as_digitised,student_digitised,482839.975,4712454.583
student:01057,student_standardised,100002e13,K-35-054-2_Atolov_4326,burial_mound,out_of_scope,as_digitised,student_digitised,482052.811,4714268.662
student:01058,student_standardised,100002e13,K-35-054-2_Atolov_4326,burial_mound,out_of_scope,as_digitised,student_digitised,481946.080,4716382.898
student:01059,student_standardised,100002e13,K-35-054-2_Atolov_4326,burial_mound,out_of_scope,as_digitised,student_digitised,482677.350,4716806.480
student:01060,student_standardised,100002e13,K-35-054-2_Atolov_4326,burial_mound,directly_reviewed,own_mark,student_digitised,482815.762,4716854.205
student:01061,student_standardised,100002e13,K-35-054-2_Atolov_4326,burial_mound,proxy_confirmed,claimant_mark,student_digitised,482776.151,4722292.212
student:01062,student_standardised,100002e13,K-35-054-2_Atolov_4326,burial_mound,directly_reviewed,own_mark,student_digitised,482871.956,4723110.418
student:01063,student_standardised,100002e13,K-35-054-2_Atolov_4326,burial_mound,out_of_scope,as_digitised,student_digitised,483039.363,4723087.212
student:01064,student_standardised,100002e13,K-35-054-2_Atolov_4326,burial_mound,out_of_scope,as_digitised,student_digitised,483864.246,4722138.229
student:01065,student_standardised,100002e13,K-35-054-2_Atolov_4326,burial_mound,out_of_scope,as_digitised,student_digitised,484347.034,4710111.127
student:01066,student_standardised,100002e13,K-35-054-2_Atolov_4326,burial_mound,out_of_scope,as_digitised,student_digitised,484817.872,4716718.783
student:01067,student_standardised,100002e13,K-35-054-2_Atolov_4326,burial_mound,proxy_confirmed,claimant_mark,student_digitised,484319.758,4718208.060
student:01068,student_standardised,100002e13,K-35-054-2_Atolov_4326,burial_mound,out_of_scope,as_digitised,student_digitised,484587.226,4718985.309
student:01069,student_standardised,100002e13,K-35-054-2_Atolov_4326,burial_mound,out_of_scope,as_digitised,student_digitised,484191.526,4722058.053
student:01070,student_standardised,100002e13,K-35-054-2_Atolov_4326,burial_mound,out_of_scope,as_digitised,student_digitised,486235.660,4706294.275
student:01071,student_standardised,100002e13,K-35-054-2_Atolov_4326,burial_mound,out_of_scope,as_digitised,student_digitised,486663.479,4707455.675
student:01072,student_standardised,100002e13,K-35-054-2_Atolov_4326,burial_mound,out_of_scope,as_digitised,student_digitised,486095.596,4712027.318
student:01073,student_standardised,100002e13,K-35-054-2_Atolov_4326,burial_mound,out_of_scope,as_digitised,student_digitised,486062.798,4712884.128
student:01074,student_standardised,100002e13,K-35-054-2_Atolov_4326,burial_mound,directly_reviewed,own_mark,student_digitised,486323.369,4713504.174
student:01075,student_standardised,100002e13,K-35-054-2_Atolov_4326,burial_mound,out_of_scope,as_digitised,student_digitised,486833.599,4715323.690
student:01076,student_standardised,100002e13,K-35-054-2_Atolov_4326,burial_mound,out_of_scope,as_digitised,student_digitised,486621.165,4715405.464
student:01077,student_standardised,100002e13,K-35-054-2_Atolov_4326,burial_mound,proxy_confirmed,claimant_mark,student_digitised,486278.041,4715636.907
student:01078,student_standardised,100002e13,K-35-054-2_Atolov_4326,burial_mound,out_of_scope,as_digitised,student_digitised,486722.531,4716707.720
student:01079,student_standardised,100002e13,K-35-054-2_Atolov_4326,burial_mound,out_of_scope,as_digitised,student_digitised,486726.250,4722897.664
student:01080,student_standardised,100002e13,K-35-054-2_Atolov_4326,burial_mound,out_of_scope,as_digitised,student_digitised,486352.036,4723513.073
student:01081,student_standardised,100002e13,K-35-054-2_Atolov_4326,burial_mound,proxy_confirmed,claimant_mark,student_digitised,486171.940,4723513.656
student:01082,student_standardised,100002e13,K-35-054-2_Atolov_4326,burial_mound,out_of_scope,as_digitised,student_digitised,485973.492,4723610.736
student:01083,student_standardised,100002e13,K-35-054-2_Atolov_4326,burial_mound,out_of_scope,as_digitised,student_digitised,487622.307,4722269.938
student:01084,student_standardised,100002e13,K-35-054-2_Atolov_4326,burial_mound,out_of_scope,as_digitised,student_digitised,487349.473,4722188.172
student:01085,student_standardised,100002e13,K-35-054-2_Atolov_4326,burial_mound,out_of_scope,as_digitised,student_digitised,487663.717,4721083.122
student:01086,student_standardised,100002e13,K-35-054-2_Atolov_4326,burial_mound,out_of_scope,as_digitised,student_digitised,487509.453,4718481.777
student:01087,student_standardised,100002e13,K-35-054-2_Atolov_4326,burial_mound,out_of_scope,as_digitised,student_digitised,487485.498,4716145.231
student:01088,student_standardised,100002e13,K-35-054-2_Atolov_4326,burial_mound,directly_reviewed,own_mark,student_digitised,487614.879,4716038.433
student:01089,student_standardised,100002e13,K-35-054-2_Atolov_4326,burial_mound,out_of_scope,as_digitised,student_digitised,487725.850,4715929.786
student:01090,student_standardised,100002e13,K-35-054-2_Atolov_4326,burial_mound,out_of_scope,as_digitised,student_digitised,487494.754,4715341.188
student:01091,student_standardised,100002e13,K-35-054-2_Atolov_4326,burial_mound,out_of_scope,as_digitised,student_digitised,486924.301,4715282.028
student:01092,student_standardised,100002e13,K-35-054-2_Atolov_4326,burial_mound,out_of_scope,as_digitised,student_digitised,487019.122,4707672.545
student:01093,student_standardised,100002e13,K-35-054-2_Atolov_4326,burial_mound,out_of_scope,as_digitised,student_digitised,487257.401,4705477.144
student:01094,student_standardised,100002e13,K-35-054-2_Atolov_4326,burial_mound,proxy_confirmed,claimant_mark,student_digitised,488678.172,4705441.678
student:01095,student_standardised,100002e13,K-35-054-2_Atolov_4326,burial_mound,directly_reviewed,own_mark,student_digitised,488872.785,4716988.761
student:01096,student_standardised,100002e13,K-35-054-2_Atolov_4326,burial_mound,out_of_scope,as_digitised,student_digitised,488552.333,4722580.108
student:01097,student_standardised,100002e13,K-35-054-2_Atolov_4326,burial_mound,out_of_scope,as_digitised,student_digitised,489329.281,4721237.497
student:01098,student_standardised,100002e13,K-35-054-2_Atolov_4326,burial_mound,out_of_scope,as_digitised,student_digitised,489331.150,4721126.556
student:01099,student_standardised,100002e13,K-35-054-2_Atolov_4326,burial_mound,out_of_scope,as_digitised,student_digitised,489604.935,4716336.543
student:01100,student_standardised,100002e13,K-35-054-2_Atolov_4326,burial_mound,out_of_scope,as_digitised,student_digitised,489853.473,4715572.135
student:01101,student_standardised,100002e13,K-35-054-2_Atolov_4326,burial_mound,out_of_scope,as_digitised,student_digitised,490490.373,4710794.557
student:01102,student_standardised,100002e13,K-35-054-2_Atolov_4326,burial_mound,out_of_scope,as_digitised,student_digitised,490337.056,4711523.999
student:01103,student_standardised,100002e13,K-35-054-2_Atolov_4326,burial_mound,out_of_scope,as_digitised,student_digitised,490016.643,4714095.718
student:01104,student_standardised,100002e13,K-35-054-2_Atolov_4326,burial_mound,out_of_scope,as_digitised,student_digitised,490748.500,4716203.171
student:01105,student_standardised,100002e13,K-35-054-2_Atolov_4326,burial_mound,out_of_scope,as_digitised,student_digitised,490662.602,4716454.080
student:01106,student_standardised,100002e13,K-35-054-2_Atolov_4326,burial_mound,out_of_scope,as_digitised,student_digitised,490560.367,4716439.655
student:01107,student_standardised,100002e13,K-35-054-2_Atolov_4326,burial_mound,out_of_scope,as_digitised,student_digitised,490509.885,4716584.173
student:01108,student_standardised,100002e13,K-35-054-2_Atolov_4326,burial_mound,out_of_scope,as_digitised,student_digitised,490025.459,4716245.919
student:01109,student_standardised,100002e13,K-35-054-2_Atolov_4326,burial_mound,out_of_scope,as_digitised,student_digitised,490073.383,4716347.273
student:01110,student_standardised,100002e13,K-35-054-2_Atolov_4326,burial_mound,out_of_scope,as_digitised,student_digitised,490210.558,4720898.422
student:01111,student_standardised,100002e13,K-35-054-2_Atolov_4326,burial_mound,directly_reviewed,own_mark,student_digitised,491773.962,4718748.856
student:01112,student_standardised,100002e13,K-35-054-2_Atolov_4326,burial_mound,out_of_scope,as_digitised,student_digitised,491718.462,4716344.815
student:01113,student_standardised,100002e13,K-35-054-2_Atolov_4326,burial_mound,out_of_scope,as_digitised,student_digitised,491528.583,4714109.659
student:01114,student_standardised,100002e13,K-35-054-2_Atolov_4326,burial_mound,directly_reviewed,own_mark,student_digitised,491292.077,4712346.362
student:01115,student_standardised,100002e13,K-35-054-2_Atolov_4326,burial_mound,out_of_scope,as_digitised,student_digitised,491035.700,4710564.001
student:01116,student_standardised,100002e13,K-35-054-2_Atolov_4326,burial_mound,directly_reviewed,own_mark,student_digitised,492786.778,4708478.554
student:01117,student_standardised,100002e13,K-35-054-2_Atolov_4326,burial_mound,out_of_scope,as_digitised,student_digitised,493491.896,4721262.580
student:01118,student_standardised,100002e13,K-35-054-2_Atolov_4326,burial_mound,directly_reviewed,own_mark,student_digitised,492946.501,4722056.849
student:01119,student_standardised,100002e13,K-35-054-2_Atolov_4326,burial_mound,out_of_scope,as_digitised,student_digitised,494549.610,4723497.873
student:01120,student_standardised,100002e13,K-35-054-2_Atolov_4326,burial_mound,out_of_scope,as_digitised,student_digitised,494860.644,4723140.257
student:01121,student_standardised,100002e13,K-35-054-2_Atolov_4326,burial_mound,out_of_scope,as_digitised,student_digitised,494259.873,4719874.943
student:01122,student_standardised,100002e13,K-35-054-2_Atolov_4326,burial_mound,out_of_scope,as_digitised,student_digitised,494443.257,4718919.003
student:01123,student_standardised,100002e13,K-35-054-2_Atolov_4326,burial_mound,out_of_scope,as_digitised,student_digitised,494787.935,4715999.343
student:01124,student_standardised,100002e13,K-35-054-2_Atolov_4326,burial_mound,out_of_scope,as_digitised,student_digitised,495411.355,4712909.802
student:01125,student_standardised,100002e13,K-35-054-2_Atolov_4326,burial_mound,out_of_scope,as_digitised,student_digitised,495436.564,4712984.848
student:01126,student_standardised,100002e13,K-35-054-2_Atolov_4326,burial_mound,out_of_scope,as_digitised,student_digitised,495365.148,4713041.723
student:01127,student_standardised,100002e13,K-35-054-2_Atolov_4326,burial_mound,out_of_scope,as_digitised,student_digitised,495287.066,4713175.607
student:01128,student_standardised,100002e13,K-35-054-2_Atolov_4326,burial_mound,out_of_scope,as_digitised,student_digitised,495472.292,4713764.396
student:01129,student_standardised,100002e13,K-35-054-2_Atolov_4326,burial_mound,out_of_scope,as_digitised,student_digitised,495535.188,4713855.748
student:01130,student_standardised,100002e13,K-35-054-2_Atolov_4326,burial_mound,out_of_scope,as_digitised,student_digitised,495348.885,4713951.251
student:01131,student_standardised,100002e13,K-35-054-2_Atolov_4326,burial_mound,out_of_scope,as_digitised,student_digitised,495420.423,4714001.207
student:01132,student_standardised,100002e13,K-35-054-2_Atolov_4326,burial_mound,out_of_scope,as_digitised,student_digitised,495808.895,4718479.350
student:01133,student_standardised,100002e13,K-35-054-2_Atolov_4326,burial_mound,out_of_scope,as_digitised,student_digitised,495139.130,4720835.259
student:01134,student_standardised,100002e13,K-35-054-2_Atolov_4326,burial_mound,out_of_scope,as_digitised,student_digitised,496994.321,4705985.887
student:01135,student_standardised,100002e13,K-35-054-2_Atolov_4326,burial_mound,out_of_scope,as_digitised,student_digitised,496934.118,4712424.964
student:01136,student_standardised,100002e13,K-35-054-2_Atolov_4326,burial_mound,out_of_scope,as_digitised,student_digitised,497834.961,4717466.916
student:01137,student_standardised,100002e13,K-35-054-2_Atolov_4326,bench_mark_on_mound,directly_reviewed,own_mark,student_digitised,497960.392,4723267.997
student:01138,student_standardised,100002e13,K-35-054-2_Atolov_4326,burial_mound,directly_reviewed,own_mark,student_digitised,497938.373,4719742.512
student:01139,student_standardised,100002e13,K-35-054-2_Atolov_4326,burial_mound,out_of_scope,as_digitised,student_digitised,498102.106,4719227.637
student:01140,student_standardised,100002e13,K-35-054-2_Atolov_4326,burial_mound,out_of_scope,as_digitised,student_digitised,498815.958,4716746.232
student:01141,student_standardised,100002e13,K-35-054-2_Atolov_4326,burial_mound,out_of_scope,as_digitised,student_digitised,498029.176,4715019.783
student:01142,student_standardised,100002e13,K-35-054-2_Atolov_4326,burial_mound,out_of_scope,as_digitised,student_digitised,498435.793,4711934.154
student:01143,student_standardised,100002e13,K-35-054-2_Atolov_4326,burial_mound,out_of_scope,as_digitised,student_digitised,498293.877,4707196.908
student:01144,student_standardised,100002e13,K-35-054-2_Atolov_4326,burial_mound,directly_reviewed,own_mark,student_digitised,499352.713,4706039.531
student:01145,student_standardised,100002e13,K-35-054-2_Atolov_4326,burial_mound,directly_reviewed,own_mark,student_digitised,499784.122,4717335.518
student:01146,student_standardised,100002e13,K-35-054-2_Atolov_4326,burial_mound,out_of_scope,as_digitised,student_digitised,499467.295,4717989.977
student:01147,student_standardised,merged-K-35-054-3_Yambol_c04748,K-35-054-3_Yambol,burial_mound,directly_reviewed,own_mark,student_digitised,476737.811,4691550.677
student:01148,student_standardised,merged-K-35-054-3_Yambol_c04749,K-35-054-3_Yambol,burial_mound,directly_reviewed,own_mark,student_digitised,477007.049,4691402.965
student:01149,student_standardised,100006e13,K-35-054-3_Yambol,burial_mound,directly_reviewed,own_mark,student_digitised,462948.151,4703045.593
student:01150,student_standardised,100006e13,K-35-054-3_Yambol,burial_mound,out_of_scope,as_digitised,student_digitised,469320.249,4704991.404
student:01151,student_standardised,100006e13,K-35-054-3_Yambol,burial_mound,out_of_scope,as_digitised,student_digitised,468181.942,4703295.742
student:01152,student_standardised,100006e13,K-35-054-3_Yambol,burial_mound,out_of_scope,as_digitised,student_digitised,466721.430,4702824.190
student:01153,student_standardised,100006e13,K-35-054-3_Yambol,burial_mound,out_of_scope,as_digitised,student_digitised,469950.989,4701481.632
student:01154,student_standardised,100006e13,K-35-054-3_Yambol,burial_mound,out_of_scope,as_digitised,student_digitised,465876.359,4701214.842
student:01155,student_standardised,100006e13,K-35-054-3_Yambol,burial_mound,directly_reviewed,own_mark,student_digitised,459666.628,4700950.375
student:01156,student_standardised,100006e13,K-35-054-3_Yambol,trig_point_on_mound,directly_reviewed,own_mark,student_digitised,462862.413,4700182.456
student:01157,student_standardised,100006e13,K-35-054-3_Yambol,burial_mound,directly_reviewed,own_mark,student_digitised,462798.859,4700220.100
student:01158,student_standardised,100006e13,K-35-054-3_Yambol,burial_mound,out_of_scope,as_digitised,student_digitised,464904.003,4700242.271
student:01159,student_standardised,100006e13,K-35-054-3_Yambol,burial_mound,out_of_scope,as_digitised,student_digitised,467450.655,4700149.707
student:01160,student_standardised,100006e13,K-35-054-3_Yambol,burial_mound,out_of_scope,as_digitised,student_digitised,471838.515,4699974.604
student:01161,student_standardised,100006e13,K-35-054-3_Yambol,burial_mound,out_of_scope,as_digitised,student_digitised,467275.095,4699526.276
student:01162,student_standardised,100006e13,K-35-054-3_Yambol,burial_mound,out_of_scope,as_digitised,student_digitised,465340.600,4699647.489
student:01163,student_standardised,100006e13,K-35-054-3_Yambol,burial_mound,out_of_scope,as_digitised,student_digitised,465284.357,4698944.555
student:01164,student_standardised,100006e13,K-35-054-3_Yambol,burial_mound,out_of_scope,as_digitised,student_digitised,465373.287,4698931.903
student:01165,student_standardised,100006e13,K-35-054-3_Yambol,burial_mound,out_of_scope,as_digitised,student_digitised,465509.687,4698885.762
student:01166,student_standardised,100006e13,K-35-054-3_Yambol,burial_mound,out_of_scope,as_digitised,student_digitised,466673.948,4698460.905
student:01167,student_standardised,100006e13,K-35-054-3_Yambol,burial_mound,proxy_confirmed,claimant_mark,student_digitised,469108.694,4698714.599
student:01168,student_standardised,100006e13,K-35-054-3_Yambol,burial_mound,out_of_scope,as_digitised,student_digitised,471254.666,4697981.006
student:01169,student_standardised,100006e13,K-35-054-3_Yambol,burial_mound,out_of_scope,as_digitised,student_digitised,477739.344,4698767.055
student:01170,student_standardised,100006e13,K-35-054-3_Yambol,burial_mound,directly_reviewed,own_mark,student_digitised,475585.285,4697033.052
student:01171,student_standardised,100006e13,K-35-054-3_Yambol,burial_mound,directly_reviewed,own_mark,student_digitised,475562.956,4696978.227
student:01172,student_standardised,100006e13,K-35-054-3_Yambol,burial_mound,out_of_scope,as_digitised,student_digitised,471040.632,4697923.489
student:01173,student_standardised,100006e13,K-35-054-3_Yambol,burial_mound,out_of_scope,as_digitised,student_digitised,471803.416,4697205.835
student:01174,student_standardised,100006e13,K-35-054-3_Yambol,burial_mound,out_of_scope,as_digitised,student_digitised,472331.404,4697550.992
student:01175,student_standardised,100006e13,K-35-054-3_Yambol,burial_mound,out_of_scope,as_digitised,student_digitised,474992.408,4695051.949
student:01176,student_standardised,100006e13,K-35-054-3_Yambol,burial_mound,out_of_scope,as_digitised,student_digitised,463036.838,4693611.587
student:01177,student_standardised,100006e13,K-35-054-3_Yambol,burial_mound,out_of_scope,as_digitised,student_digitised,464443.135,4693775.555
student:01178,student_standardised,100006e13,K-35-054-3_Yambol,burial_mound,out_of_scope,as_digitised,student_digitised,474897.903,4693732.743
student:01179,student_standardised,100006e13,K-35-054-3_Yambol,burial_mound,out_of_scope,as_digitised,student_digitised,477158.633,4693433.207
student:01180,student_standardised,100006e13,K-35-054-3_Yambol,burial_mound,out_of_scope,as_digitised,student_digitised,472299.623,4692802.914
student:01181,student_standardised,100006e13,K-35-054-3_Yambol,burial_mound,out_of_scope,as_digitised,student_digitised,473072.723,4690714.997
student:01182,student_standardised,100006e13,K-35-054-3_Yambol,burial_mound,out_of_scope,as_digitised,student_digitised,472563.964,4690117.404
student:01183,student_standardised,100006e13,K-35-054-3_Yambol,burial_mound,out_of_scope,as_digitised,student_digitised,466168.395,4690360.401
student:01184,student_standardised,100006e13,K-35-054-3_Yambol,burial_mound,out_of_scope,as_digitised,student_digitised,460928.653,4689537.508
student:01185,student_standardised,100006e13,K-35-054-3_Yambol,burial_mound,out_of_scope,as_digitised,student_digitised,471786.261,4689936.842
student:01186,student_standardised,100006e13,K-35-054-3_Yambol,burial_mound,out_of_scope,as_digitised,student_digitised,471848.125,4689512.738
student:01187,student_standardised,100006e13,K-35-054-3_Yambol,burial_mound,out_of_scope,as_digitised,student_digitised,475463.940,4689745.077
student:01188,student_standardised,100006e13,K-35-054-3_Yambol,burial_mound,out_of_scope,as_digitised,student_digitised,474950.489,4689053.857
student:01189,student_standardised,100006e13,K-35-054-3_Yambol,burial_mound,out_of_scope,as_digitised,student_digitised,474871.229,4688994.779
student:01190,student_standardised,100006e13,K-35-054-3_Yambol,burial_mound,out_of_scope,as_digitised,student_digitised,474799.449,4688947.167
student:01191,student_standardised,100006e13,K-35-054-3_Yambol,burial_mound,out_of_scope,as_digitised,student_digitised,475951.921,4688932.751
student:01192,student_standardised,100006e13,K-35-054-3_Yambol,burial_mound,out_of_scope,as_digitised,student_digitised,471687.990,4688923.362
student:01193,student_standardised,100006e13,K-35-054-3_Yambol,burial_mound,out_of_scope,as_digitised,student_digitised,470998.229,4688526.291
student:01194,student_standardised,100006e13,K-35-054-3_Yambol,burial_mound,out_of_scope,as_digitised,student_digitised,470922.484,4688490.053
student:01195,student_standardised,100006e13,K-35-054-3_Yambol,burial_mound,out_of_scope,as_digitised,student_digitised,470666.056,4688381.022
student:01196,student_standardised,100006e13,K-35-054-3_Yambol,burial_mound,out_of_scope,as_digitised,student_digitised,462221.246,4687014.105
student:01197,student_standardised,100006e13,K-35-054-3_Yambol,burial_mound,out_of_scope,as_digitised,student_digitised,464973.293,4686969.605
student:01198,student_standardised,100006e13,K-35-054-3_Yambol,burial_mound,out_of_scope,as_digitised,student_digitised,465778.397,4687387.365
student:01199,student_standardised,100006e13,K-35-054-3_Yambol,burial_mound,out_of_scope,as_digitised,student_digitised,467949.860,4687256.716
student:01200,student_standardised,100006e13,K-35-054-3_Yambol,burial_mound,out_of_scope,as_digitised,student_digitised,467865.188,4687178.512
student:01201,student_standardised,100006e13,K-35-054-3_Yambol,burial_mound,out_of_scope,as_digitised,student_digitised,467928.556,4687116.948
student:01202,student_standardised,100006e13,K-35-054-3_Yambol,burial_mound,directly_reviewed,own_mark,student_digitised,468143.964,4686848.251
student:01203,student_standardised,100006e13,K-35-054-3_Yambol,burial_mound,out_of_scope,as_digitised,student_digitised,470656.670,4687141.918
student:01204,student_standardised,100006e13,K-35-054-3_Yambol,burial_mound,out_of_scope,as_digitised,student_digitised,474575.363,4687868.859
student:01205,student_standardised,100006e13,K-35-054-3_Yambol,burial_mound,out_of_scope,as_digitised,student_digitised,465445.225,4704068.527
student:01206,student_standardised,100006e13,K-35-054-3_Yambol,burial_mound,out_of_scope,as_digitised,student_digitised,467989.857,4703990.008
student:01207,student_standardised,100006e13,K-35-054-3_Yambol,burial_mound,out_of_scope,as_digitised,student_digitised,468018.586,4704090.907
student:01208,student_standardised,100006e13,K-35-054-3_Yambol,burial_mound,out_of_scope,as_digitised,student_digitised,469016.310,4704758.792
student:01209,student_standardised,100006e13,K-35-054-3_Yambol,burial_mound,out_of_scope,as_digitised,student_digitised,469164.491,4704714.714
student:01210,student_standardised,100006e13,K-35-054-3_Yambol,burial_mound,out_of_scope,as_digitised,student_digitised,468273.597,4703195.708
student:01211,student_standardised,100006e13,K-35-054-3_Yambol,burial_mound,out_of_scope,as_digitised,student_digitised,467792.272,4703384.680
student:01212,student_standardised,100006e13,K-35-054-3_Yambol,burial_mound,out_of_scope,as_digitised,student_digitised,464373.214,4703811.129
student:01213,student_standardised,100006e13,K-35-054-3_Yambol,bench_mark_on_mound,directly_reviewed,own_mark,student_digitised,463001.825,4703114.441
student:01214,student_standardised,100006e13,K-35-054-3_Yambol,burial_mound,out_of_scope,as_digitised,student_digitised,465529.813,4699024.741
student:01215,student_standardised,100006e13,K-35-054-3_Yambol,burial_mound,out_of_scope,as_digitised,student_digitised,465401.520,4699032.329
student:01216,student_standardised,100006e13,K-35-054-3_Yambol,burial_mound,out_of_scope,as_digitised,student_digitised,465383.602,4698731.845
student:01217,student_standardised,100006e13,K-35-054-3_Yambol,burial_mound,directly_reviewed,own_mark,student_digitised,475545.064,4697096.747
student:01218,student_standardised,100006e13,K-35-054-3_Yambol,burial_mound,out_of_scope,as_digitised,student_digitised,465126.751,4697678.573
student:01219,student_standardised,100006e13,K-35-054-3_Yambol,burial_mound,out_of_scope,as_digitised,student_digitised,467505.862,4696919.994
student:01220,student_standardised,100006e13,K-35-054-3_Yambol,burial_mound,out_of_scope,as_digitised,student_digitised,467843.062,4696837.984
student:01221,student_standardised,100006e13,K-35-054-3_Yambol,burial_mound,out_of_scope,as_digitised,student_digitised,468521.117,4697658.834
student:01222,student_standardised,100006e13,K-35-054-3_Yambol,burial_mound,out_of_scope,as_digitised,student_digitised,472359.414,4697782.045
student:01223,student_standardised,100006e13,K-35-054-3_Yambol,burial_mound,directly_reviewed,own_mark,student_digitised,476293.658,4696501.732
student:01224,student_standardised,100006e13,K-35-054-3_Yambol,burial_mound,out_of_scope,as_digitised,student_digitised,471653.490,4696806.872
student:01225,student_standardised,100006e13,K-35-054-3_Yambol,trig_point_on_mound,directly_reviewed,own_mark,student_digitised,467361.156,4695185.743
student:01226,student_standardised,100006e13,K-35-054-3_Yambol,burial_mound,out_of_scope,as_digitised,student_digitised,470542.484,4695616.308
student:01227,student_standardised,100006e13,K-35-054-3_Yambol,burial_mound,out_of_scope,as_digitised,student_digitised,466141.334,4694377.492
student:01228,student_standardised,100006e13,K-35-054-3_Yambol,burial_mound,out_of_scope,as_digitised,student_digitised,463795.928,4694726.887
student:01229,student_standardised,100006e13,K-35-054-3_Yambol,burial_mound,out_of_scope,as_digitised,student_digitised,467389.980,4693484.509
student:01230,student_standardised,100006e13,K-35-054-3_Yambol,burial_mound,out_of_scope,as_digitised,student_digitised,474451.227,4693423.554
student:01231,student_standardised,100006e13,K-35-054-3_Yambol,burial_mound,out_of_scope,as_digitised,student_digitised,475978.126,4693292.340
student:01232,student_standardised,100006e13,K-35-054-3_Yambol,burial_mound,out_of_scope,as_digitised,student_digitised,476427.125,4693984.283
student:01233,student_standardised,100006e13,K-35-054-3_Yambol,burial_mound,out_of_scope,as_digitised,student_digitised,476494.043,4693922.333
student:01234,student_standardised,100006e13,K-35-054-3_Yambol,burial_mound,out_of_scope,as_digitised,student_digitised,472130.257,4692949.920
student:01235,student_standardised,100006e13,K-35-054-3_Yambol,burial_mound,out_of_scope,as_digitised,student_digitised,471930.751,4692579.005
student:01236,student_standardised,100006e13,K-35-054-3_Yambol,burial_mound,out_of_scope,as_digitised,student_digitised,470874.186,4692129.693
student:01237,student_standardised,100006e13,K-35-054-3_Yambol,burial_mound,out_of_scope,as_digitised,student_digitised,467409.857,4692321.931
student:01238,student_standardised,100006e13,K-35-054-3_Yambol,burial_mound,out_of_scope,as_digitised,student_digitised,465706.607,4692424.697
student:01239,student_standardised,100006e13,K-35-054-3_Yambol,burial_mound,directly_reviewed,own_mark,student_digitised,465549.058,4691212.591
student:01240,student_standardised,100006e13,K-35-054-3_Yambol,burial_mound,out_of_scope,as_digitised,student_digitised,475016.061,4691210.316
student:01241,student_standardised,100006e13,K-35-054-3_Yambol,burial_mound,out_of_scope,as_digitised,student_digitised,478223.064,4690910.897
student:01242,student_standardised,100006e13,K-35-054-3_Yambol,burial_mound,out_of_scope,as_digitised,student_digitised,474334.011,4690982.057
student:01243,student_standardised,100006e13,K-35-054-3_Yambol,burial_mound,out_of_scope,as_digitised,student_digitised,474023.115,4690893.553
student:01244,student_standardised,100006e13,K-35-054-3_Yambol,burial_mound,directly_reviewed,own_mark,student_digitised,472419.847,4690010.540
student:01245,student_standardised,100006e13,K-35-054-3_Yambol,burial_mound,proxy_confirmed,claimant_mark,student_digitised,468103.309,4690384.271
student:01246,student_standardised,100006e13,K-35-054-3_Yambol,burial_mound,out_of_scope,as_digitised,student_digitised,466600.201,4690960.702
student:01247,student_standardised,100006e13,K-35-054-3_Yambol,burial_mound,out_of_scope,as_digitised,student_digitised,466670.308,4690869.802
student:01248,student_standardised,100006e13,K-35-054-3_Yambol,burial_mound,out_of_scope,as_digitised,student_digitised,463356.354,4690799.981
student:01249,student_standardised,100006e13,K-35-054-3_Yambol,burial_mound,out_of_scope,as_digitised,student_digitised,460827.968,4690502.741
student:01250,student_standardised,100004e13,K-35-054-4_Voynika,burial_mound,out_of_scope,as_digitised,student_digitised,479404.661,4705060.327
student:01251,student_standardised,100004e13,K-35-054-4_Voynika,burial_mound,out_of_scope,as_digitised,student_digitised,488586.845,4705017.373
student:01252,student_standardised,100004e13,K-35-054-4_Voynika,burial_mound,out_of_scope,as_digitised,student_digitised,496838.288,4704161.873
student:01253,student_standardised,100004e13,K-35-054-4_Voynika,burial_mound,out_of_scope,as_digitised,student_digitised,496118.258,4704450.045
student:01254,student_standardised,100004e13,K-35-054-4_Voynika,burial_mound,out_of_scope,as_digitised,student_digitised,493149.379,4704139.391
student:01255,student_standardised,100004e13,K-35-054-4_Voynika,burial_mound,out_of_scope,as_digitised,student_digitised,491480.372,4704724.840
student:01256,student_standardised,100004e13,K-35-054-4_Voynika,burial_mound,out_of_scope,as_digitised,student_digitised,488682.494,4704918.425
student:01257,student_standardised,100004e13,K-35-054-4_Voynika,burial_mound,out_of_scope,as_digitised,student_digitised,485138.472,4704423.870
student:01258,student_standardised,100004e13,K-35-054-4_Voynika,burial_mound,out_of_scope,as_digitised,student_digitised,483600.270,4703672.639
student:01259,student_standardised,100004e13,K-35-054-4_Voynika,burial_mound,out_of_scope,as_digitised,student_digitised,483762.030,4703107.679
student:01260,student_standardised,100004e13,K-35-054-4_Voynika,burial_mound,proxy_confirmed,claimant_mark,student_digitised,483835.703,4703167.195
student:01261,student_standardised,100004e13,K-35-054-4_Voynika,burial_mound,out_of_scope,as_digitised,student_digitised,484698.078,4703672.313
student:01262,student_standardised,100004e13,K-35-054-4_Voynika,burial_mound,proxy_confirmed,claimant_mark,student_digitised,485607.559,4703385.903
student:01263,student_standardised,100004e13,K-35-054-4_Voynika,burial_mound,out_of_scope,as_digitised,student_digitised,485666.457,4703204.798
student:01264,student_standardised,100004e13,K-35-054-4_Voynika,burial_mound,directly_reviewed,own_mark,student_digitised,486240.352,4703073.728
student:01265,student_standardised,100004e13,K-35-054-4_Voynika,burial_mound,out_of_scope,as_digitised,student_digitised,489209.358,4703082.838
student:01266,student_standardised,100004e13,K-35-054-4_Voynika,burial_mound,out_of_scope,as_digitised,student_digitised,490414.147,4703892.625
student:01267,student_standardised,100004e13,K-35-054-4_Voynika,burial_mound,out_of_scope,as_digitised,student_digitised,492440.311,4703517.256
student:01268,student_standardised,100004e13,K-35-054-4_Voynika,burial_mound,out_of_scope,as_digitised,student_digitised,494287.870,4703317.076
student:01269,student_standardised,100004e13,K-35-054-4_Voynika,burial_mound,proxy_confirmed,claimant_mark,student_digitised,494324.410,4703859.104
student:01270,student_standardised,100004e13,K-35-054-4_Voynika,burial_mound,out_of_scope,as_digitised,student_digitised,497755.167,4703935.021
student:01271,student_standardised,100004e13,K-35-054-4_Voynika,burial_mound,out_of_scope,as_digitised,student_digitised,497983.014,4703878.131
student:01272,student_standardised,100004e13,K-35-054-4_Voynika,burial_mound,out_of_scope,as_digitised,student_digitised,499062.129,4703517.813
student:01273,student_standardised,100004e13,K-35-054-4_Voynika,burial_mound,out_of_scope,as_digitised,student_digitised,498709.980,4702705.477
student:01274,student_standardised,100004e13,K-35-054-4_Voynika,burial_mound,out_of_scope,as_digitised,student_digitised,491607.763,4702414.055
student:01275,student_standardised,100004e13,K-35-054-4_Voynika,burial_mound,out_of_scope,as_digitised,student_digitised,491140.565,4702295.718
student:01276,student_standardised,100004e13,K-35-054-4_Voynika,burial_mound,out_of_scope,as_digitised,student_digitised,491064.973,4702253.104
student:01277,student_standardised,100004e13,K-35-054-4_Voynika,burial_mound,out_of_scope,as_digitised,student_digitised,487085.374,4702771.180
student:01278,student_standardised,100004e13,K-35-054-4_Voynika,burial_mound,out_of_scope,as_digitised,student_digitised,485988.654,4701639.396
student:01279,student_standardised,100004e13,K-35-054-4_Voynika,burial_mound,directly_reviewed,own_mark,student_digitised,486712.980,4701650.981
student:01280,student_standardised,100004e13,K-35-054-4_Voynika,burial_mound,out_of_scope,as_digitised,student_digitised,486778.224,4701569.679
student:01281,student_standardised,100004e13,K-35-054-4_Voynika,burial_mound,out_of_scope,as_digitised,student_digitised,487693.113,4701278.711
student:01282,student_standardised,100004e13,K-35-054-4_Voynika,burial_mound,out_of_scope,as_digitised,student_digitised,491863.780,4701853.161
student:01283,student_standardised,100004e13,K-35-054-4_Voynika,burial_mound,out_of_scope,as_digitised,student_digitised,491961.799,4701078.367
student:01284,student_standardised,100004e13,K-35-054-4_Voynika,burial_mound,out_of_scope,as_digitised,student_digitised,495920.148,4701779.589
student:01285,student_standardised,100004e13,K-35-054-4_Voynika,burial_mound,out_of_scope,as_digitised,student_digitised,496146.335,4701142.631
student:01286,student_standardised,100004e13,K-35-054-4_Voynika,burial_mound,out_of_scope,as_digitised,student_digitised,499250.568,4700599.560
student:01287,student_standardised,100004e13,K-35-054-4_Voynika,burial_mound,out_of_scope,as_digitised,student_digitised,496107.671,4700979.729
student:01288,student_standardised,100004e13,K-35-054-4_Voynika,burial_mound,out_of_scope,as_digitised,student_digitised,496187.979,4700428.616
student:01289,student_standardised,100004e13,K-35-054-4_Voynika,burial_mound,out_of_scope,as_digitised,student_digitised,495149.645,4700618.289
student:01290,student_standardised,100004e13,K-35-054-4_Voynika,burial_mound,out_of_scope,as_digitised,student_digitised,486088.924,4700085.582
student:01291,student_standardised,100004e13,K-35-054-4_Voynika,burial_mound,out_of_scope,as_digitised,student_digitised,485784.923,4700349.474
student:01292,student_standardised,100004e13,K-35-054-4_Voynika,burial_mound,out_of_scope,as_digitised,student_digitised,480314.910,4699714.197
student:01293,student_standardised,100004e13,K-35-054-4_Voynika,burial_mound,out_of_scope,as_digitised,student_digitised,480294.813,4699079.569
student:01294,student_standardised,100004e13,K-35-054-4_Voynika,burial_mound,out_of_scope,as_digitised,student_digitised,481036.765,4699455.602
student:01295,student_standardised,100004e13,K-35-054-4_Voynika,burial_mound,out_of_scope,as_digitised,student_digitised,481370.371,4699267.507
student:01296,student_standardised,100004e13,K-35-054-4_Voynika,burial_mound,out_of_scope,as_digitised,student_digitised,495207.065,4699727.746
student:01297,student_standardised,100004e13,K-35-054-4_Voynika,burial_mound,out_of_scope,as_digitised,student_digitised,496127.329,4699408.867
student:01298,student_standardised,100004e13,K-35-054-4_Voynika,burial_mound,out_of_scope,as_digitised,student_digitised,496915.696,4698597.408
student:01299,student_standardised,100004e13,K-35-054-4_Voynika,burial_mound,out_of_scope,as_digitised,student_digitised,496548.366,4698070.862
student:01300,student_standardised,100004e13,K-35-054-4_Voynika,burial_mound,out_of_scope,as_digitised,student_digitised,496507.657,4698188.187
student:01301,student_standardised,100004e13,K-35-054-4_Voynika,burial_mound,out_of_scope,as_digitised,student_digitised,496415.333,4698391.803
student:01302,student_standardised,100004e13,K-35-054-4_Voynika,burial_mound,out_of_scope,as_digitised,student_digitised,495181.986,4698720.007
student:01303,student_standardised,100004e13,K-35-054-4_Voynika,burial_mound,out_of_scope,as_digitised,student_digitised,482978.561,4698120.861
student:01304,student_standardised,100004e13,K-35-054-4_Voynika,burial_mound,out_of_scope,as_digitised,student_digitised,482087.504,4698218.423
student:01305,student_standardised,100004e13,K-35-054-4_Voynika,burial_mound,out_of_scope,as_digitised,student_digitised,482144.493,4698324.410
student:01306,student_standardised,100004e13,K-35-054-4_Voynika,burial_mound,out_of_scope,as_digitised,student_digitised,481146.710,4698811.123
student:01307,student_standardised,100004e13,K-35-054-4_Voynika,burial_mound,out_of_scope,as_digitised,student_digitised,481057.196,4698285.093
student:01308,student_standardised,100004e13,K-35-054-4_Voynika,burial_mound,out_of_scope,as_digitised,student_digitised,480841.794,4698196.849
student:01309,student_standardised,100004e13,K-35-054-4_Voynika,burial_mound,out_of_scope,as_digitised,student_digitised,480766.887,4698168.596
student:01310,student_standardised,100004e13,K-35-054-4_Voynika,burial_mound,out_of_scope,as_digitised,student_digitised,480406.673,4697746.610
student:01311,student_standardised,100004e13,K-35-054-4_Voynika,burial_mound,out_of_scope,as_digitised,student_digitised,483678.084,4697089.562
student:01312,student_standardised,100004e13,K-35-054-4_Voynika,burial_mound,out_of_scope,as_digitised,student_digitised,483363.235,4697121.665
student:01313,student_standardised,100004e13,K-35-054-4_Voynika,burial_mound,out_of_scope,as_digitised,student_digitised,487342.180,4697012.841
student:01314,student_standardised,100004e13,K-35-054-4_Voynika,burial_mound,out_of_scope,as_digitised,student_digitised,487475.958,4697000.721
student:01315,student_standardised,100004e13,K-35-054-4_Voynika,burial_mound,out_of_scope,as_digitised,student_digitised,490350.577,4697015.717
student:01316,student_standardised,100004e13,K-35-054-4_Voynika,burial_mound,out_of_scope,as_digitised,student_digitised,490381.596,4697157.128
student:01317,student_standardised,100004e13,K-35-054-4_Voynika,burial_mound,out_of_scope,as_digitised,student_digitised,494158.879,4697453.741
student:01318,student_standardised,100004e13,K-35-054-4_Voynika,burial_mound,out_of_scope,as_digitised,student_digitised,496467.408,4697652.125
student:01319,student_standardised,100004e13,K-35-054-4_Voynika,burial_mound,out_of_scope,as_digitised,student_digitised,497095.063,4697309.184
student:01320,student_standardised,100004e13,K-35-054-4_Voynika,burial_mound,out_of_scope,as_digitised,student_digitised,497113.741,4697382.849
student:01321,student_standardised,100004e13,K-35-054-4_Voynika,burial_mound,directly_reviewed,own_mark,student_digitised,499548.653,4696064.606
student:01322,student_standardised,100004e13,K-35-054-4_Voynika,burial_mound,out_of_scope,as_digitised,student_digitised,498234.994,4696603.549
student:01323,student_standardised,100004e13,K-35-054-4_Voynika,burial_mound,out_of_scope,as_digitised,student_digitised,498260.282,4696483.765
student:01324,student_standardised,100004e13,K-35-054-4_Voynika,burial_mound,directly_reviewed,own_mark,student_digitised,490638.427,4696490.858
student:01325,student_standardised,100004e13,K-35-054-4_Voynika,burial_mound,out_of_scope,as_digitised,student_digitised,487486.824,4696163.710
student:01326,student_standardised,100004e13,K-35-054-4_Voynika,burial_mound,out_of_scope,as_digitised,student_digitised,485662.972,4696096.141
student:01327,student_standardised,100004e13,K-35-054-4_Voynika,burial_mound,out_of_scope,as_digitised,student_digitised,484451.283,4696516.626
student:01328,student_standardised,100004e13,K-35-054-4_Voynika,burial_mound,out_of_scope,as_digitised,student_digitised,482771.270,4696169.099
student:01329,student_standardised,100004e13,K-35-054-4_Voynika,burial_mound,out_of_scope,as_digitised,student_digitised,482751.038,4696069.722
student:01330,student_standardised,100004e13,K-35-054-4_Voynika,burial_mound,out_of_scope,as_digitised,student_digitised,480519.391,4695136.729
student:01331,student_standardised,100004e13,K-35-054-4_Voynika,burial_mound,out_of_scope,as_digitised,student_digitised,481142.887,4695806.620
student:01332,student_standardised,100004e13,K-35-054-4_Voynika,burial_mound,out_of_scope,as_digitised,student_digitised,489353.434,4695295.891
student:01333,student_standardised,100004e13,K-35-054-4_Voynika,burial_mound,out_of_scope,as_digitised,student_digitised,495751.156,4695619.013
student:01334,student_standardised,100004e13,K-35-054-4_Voynika,burial_mound,out_of_scope,as_digitised,student_digitised,494207.657,4694601.326
student:01335,student_standardised,100004e13,K-35-054-4_Voynika,burial_mound,out_of_scope,as_digitised,student_digitised,492995.331,4693778.462
student:01336,student_standardised,100004e13,K-35-054-4_Voynika,burial_mound,directly_reviewed,own_mark,student_digitised,493834.034,4693487.194
student:01337,student_standardised,100004e13,K-35-054-4_Voynika,burial_mound,out_of_scope,as_digitised,student_digitised,498607.473,4692329.871
student:01338,student_standardised,100004e13,K-35-054-4_Voynika,burial_mound,out_of_scope,as_digitised,student_digitised,498551.572,4692268.618
student:01339,student_standardised,100004e13,K-35-054-4_Voynika,burial_mound,out_of_scope,as_digitised,student_digitised,497878.246,4692016.576
student:01340,student_standardised,100004e13,K-35-054-4_Voynika,burial_mound,out_of_scope,as_digitised,student_digitised,496998.145,4692133.812
student:01341,student_standardised,100004e13,K-35-054-4_Voynika,burial_mound,out_of_scope,as_digitised,student_digitised,497049.757,4692311.959
student:01342,student_standardised,100004e13,K-35-054-4_Voynika,burial_mound,out_of_scope,as_digitised,student_digitised,497073.838,4692383.872
student:01343,student_standardised,100004e13,K-35-054-4_Voynika,burial_mound,out_of_scope,as_digitised,student_digitised,495572.291,4692453.185
student:01344,student_standardised,100004e13,K-35-054-4_Voynika,burial_mound,out_of_scope,as_digitised,student_digitised,484204.018,4692658.324
student:01345,student_standardised,100004e13,K-35-054-4_Voynika,burial_mound,out_of_scope,as_digitised,student_digitised,493896.679,4691244.711
student:01346,student_standardised,100004e13,K-35-054-4_Voynika,burial_mound,out_of_scope,as_digitised,student_digitised,495047.634,4691284.455
student:01347,student_standardised,100004e13,K-35-054-4_Voynika,burial_mound,out_of_scope,as_digitised,student_digitised,495711.461,4691515.198
student:01348,student_standardised,100004e13,K-35-054-4_Voynika,burial_mound,directly_reviewed,own_mark,student_digitised,495985.765,4691682.562
student:01349,student_standardised,100004e13,K-35-054-4_Voynika,burial_mound,out_of_scope,as_digitised,student_digitised,497338.186,4691874.664
student:01350,student_standardised,100004e13,K-35-054-4_Voynika,burial_mound,out_of_scope,as_digitised,student_digitised,497351.921,4691766.034
student:01351,student_standardised,100004e13,K-35-054-4_Voynika,burial_mound,out_of_scope,as_digitised,student_digitised,497912.830,4691869.270
student:01352,student_standardised,100004e13,K-35-054-4_Voynika,burial_mound,out_of_scope,as_digitised,student_digitised,498185.687,4691990.528
student:01353,student_standardised,100004e13,K-35-054-4_Voynika,burial_mound,out_of_scope,as_digitised,student_digitised,497319.239,4690344.892
student:01354,student_standardised,100004e13,K-35-054-4_Voynika,burial_mound,out_of_scope,as_digitised,student_digitised,498086.250,4689853.993
student:01355,student_standardised,100004e13,K-35-054-4_Voynika,burial_mound,directly_reviewed,own_mark,student_digitised,496249.561,4688765.065
student:01356,student_standardised,100004e13,K-35-054-4_Voynika,burial_mound,out_of_scope,as_digitised,student_digitised,495810.715,4686806.539
student:01357,student_standardised,100004e13,K-35-054-4_Voynika,burial_mound,out_of_scope,as_digitised,student_digitised,483168.843,4686890.652
student:01358,student_standardised,100004e13,K-35-054-4_Voynika,burial_mound,out_of_scope,as_digitised,student_digitised,483032.785,4686850.807
student:01359,student_standardised,100001e13,K-35-055-1,burial_mound,out_of_scope,as_digitised,student_digitised,503788.252,4723439.114
student:01360,student_standardised,100001e13,K-35-055-1,burial_mound,out_of_scope,as_digitised,student_digitised,504970.340,4723049.387
student:01361,student_standardised,100001e13,K-35-055-1,burial_mound,out_of_scope,as_digitised,student_digitised,509584.835,4723281.271
student:01362,student_standardised,100001e13,K-35-055-1,burial_mound,out_of_scope,as_digitised,student_digitised,509674.627,4723347.406
student:01363,student_standardised,100001e13,K-35-055-1,burial_mound,out_of_scope,as_digitised,student_digitised,513689.865,4723477.978
student:01364,student_standardised,100001e13,K-35-055-1,burial_mound,out_of_scope,as_digitised,student_digitised,514772.934,4723509.714
student:01365,student_standardised,100005e13,K-35-055-1,burial_mound,directly_reviewed,own_mark,student_digitised,520034.941,4723573.359
student:01366,student_standardised,100005e13,K-35-055-1,burial_mound,directly_reviewed,own_mark,student_digitised,520052.235,4723327.813
student:01367,student_standardised,100005e13,K-35-055-1,burial_mound,out_of_scope,as_digitised,student_digitised,519999.081,4723131.941
student:01368,student_standardised,100005e13,K-35-055-1,burial_mound,out_of_scope,as_digitised,student_digitised,519914.780,4723145.138
student:01369,student_standardised,100005e13,K-35-055-1,burial_mound,out_of_scope,as_digitised,student_digitised,519692.054,4722594.350
student:01370,student_standardised,100005e13,K-35-055-1,burial_mound,out_of_scope,as_digitised,student_digitised,504698.147,4722290.534
student:01371,student_standardised,100005e13,K-35-055-1,burial_mound,out_of_scope,as_digitised,student_digitised,503121.493,4721707.815
student:01372,student_standardised,100005e13,K-35-055-1,burial_mound,out_of_scope,as_digitised,student_digitised,502459.982,4721957.008
student:01373,student_standardised,100005e13,K-35-055-1,burial_mound,out_of_scope,as_digitised,student_digitised,500344.607,4721203.233
student:01374,student_standardised,100005e13,K-35-055-1,burial_mound,out_of_scope,as_digitised,student_digitised,500442.179,4720828.905
student:01375,student_standardised,100005e13,K-35-055-1,burial_mound,out_of_scope,as_digitised,student_digitised,500887.881,4719588.002
student:01376,student_standardised,100005e13,K-35-055-1,burial_mound,out_of_scope,as_digitised,student_digitised,505717.606,4719257.023
student:01377,student_standardised,100005e13,K-35-055-1,burial_mound,out_of_scope,as_digitised,student_digitised,508440.087,4719399.800
student:01378,student_standardised,100005e13,K-35-055-1,burial_mound,out_of_scope,as_digitised,student_digitised,508809.407,4719059.110
student:01379,student_standardised,100005e13,K-35-055-1,burial_mound,out_of_scope,as_digitised,student_digitised,514323.709,4719137.228
student:01380,student_standardised,100005e13,K-35-055-1,burial_mound,out_of_scope,as_digitised,student_digitised,514921.409,4720064.159
student:01381,student_standardised,100005e13,K-35-055-1,burial_mound,proxy_confirmed,claimant_mark,student_digitised,515192.342,4719036.191
student:01382,student_standardised,100005e13,K-35-055-1,burial_mound,out_of_scope,as_digitised,student_digitised,517360.004,4719096.601
student:01383,student_standardised,100005e13,K-35-055-1,burial_mound,out_of_scope,as_digitised,student_digitised,518466.599,4720604.552
student:01384,student_standardised,100005e13,K-35-055-1,burial_mound,directly_reviewed,own_mark,student_digitised,520035.799,4718086.165
student:01385,student_standardised,100005e13,K-35-055-1,burial_mound,out_of_scope,as_digitised,student_digitised,512485.513,4717423.103
student:01386,student_standardised,100005e13,K-35-055-1,burial_mound,out_of_scope,as_digitised,student_digitised,512540.943,4718242.072
student:01387,student_standardised,100005e13,K-35-055-1,burial_mound,out_of_scope,as_digitised,student_digitised,510014.813,4717328.742
student:01388,student_standardised,100005e13,K-35-055-1,burial_mound,out_of_scope,as_digitised,student_digitised,507741.409,4718811.481
student:01389,student_standardised,100005e13,K-35-055-1,burial_mound,directly_reviewed,own_mark,student_digitised,506750.593,4716424.371
student:01390,student_standardised,100005e13,K-35-055-1,burial_mound,out_of_scope,as_digitised,student_digitised,509707.541,4716137.005
student:01391,student_standardised,100005e13,K-35-055-1,burial_mound,out_of_scope,as_digitised,student_digitised,509575.213,4716940.272
student:01392,student_standardised,100005e13,K-35-055-1,burial_mound,out_of_scope,as_digitised,student_digitised,511235.954,4715055.697
student:01393,student_standardised,100005e13,K-35-055-1,burial_mound,out_of_scope,as_digitised,student_digitised,514872.309,4715797.808
student:01394,student_standardised,100005e13,K-35-055-1,burial_mound,out_of_scope,as_digitised,student_digitised,518712.841,4713049.478
student:01395,student_standardised,100005e13,K-35-055-1,burial_mound,out_of_scope,as_digitised,student_digitised,518408.212,4713656.548
student:01396,student_standardised,100005e13,K-35-055-1,burial_mound,out_of_scope,as_digitised,student_digitised,517913.099,4714653.942
student:01397,student_standardised,100005e13,K-35-055-1,burial_mound,out_of_scope,as_digitised,student_digitised,515633.071,4713158.805
student:01398,student_standardised,100005e13,K-35-055-1,burial_mound,out_of_scope,as_digitised,student_digitised,515576.758,4713637.679
student:01399,student_standardised,100005e13,K-35-055-1,burial_mound,out_of_scope,as_digitised,student_digitised,515083.617,4713680.254
student:01400,student_standardised,100005e13,K-35-055-1,burial_mound,out_of_scope,as_digitised,student_digitised,511461.556,4713272.332
student:01401,student_standardised,100005e13,K-35-055-1,burial_mound,out_of_scope,as_digitised,student_digitised,510047.822,4713169.003
student:01402,student_standardised,100005e13,K-35-055-1,burial_mound,out_of_scope,as_digitised,student_digitised,509652.401,4713168.483
student:01403,student_standardised,100005e13,K-35-055-1,burial_mound,out_of_scope,as_digitised,student_digitised,507624.755,4713055.413
student:01404,student_standardised,100005e13,K-35-055-1,burial_mound,out_of_scope,as_digitised,student_digitised,507348.690,4713742.111
student:01405,student_standardised,100005e13,K-35-055-1,burial_mound,out_of_scope,as_digitised,student_digitised,507236.759,4713854.137
student:01406,student_standardised,100005e13,K-35-055-1,burial_mound,out_of_scope,as_digitised,student_digitised,506962.756,4714174.663
student:01407,student_standardised,100005e13,K-35-055-1,burial_mound,out_of_scope,as_digitised,student_digitised,506864.747,4714201.704
student:01408,student_standardised,100005e13,K-35-055-1,burial_mound,out_of_scope,as_digitised,student_digitised,507073.868,4713983.735
student:01409,student_standardised,100005e13,K-35-055-1,burial_mound,out_of_scope,as_digitised,student_digitised,504463.226,4713063.140
student:01410,student_standardised,100005e13,K-35-055-1,burial_mound,out_of_scope,as_digitised,student_digitised,504672.791,4713094.051
student:01411,student_standardised,100005e13,K-35-055-1,burial_mound,out_of_scope,as_digitised,student_digitised,504151.873,4713362.602
student:01412,student_standardised,100005e13,K-35-055-1,burial_mound,out_of_scope,as_digitised,student_digitised,504422.827,4713725.413
student:01413,student_standardised,100005e13,K-35-055-1,burial_mound,out_of_scope,as_digitised,student_digitised,500011.165,4713437.952
student:01414,student_standardised,100005e13,K-35-055-1,burial_mound,out_of_scope,as_digitised,student_digitised,502011.398,4711162.767
student:01415,student_standardised,100005e13,K-35-055-1,burial_mound,out_of_scope,as_digitised,student_digitised,502475.796,4712262.627
student:01416,student_standardised,100005e13,K-35-055-1,burial_mound,out_of_scope,as_digitised,student_digitised,505300.771,4712910.174
student:01417,student_standardised,100005e13,K-35-055-1,burial_mound,out_of_scope,as_digitised,student_digitised,506040.446,4711915.299
student:01418,student_standardised,100005e13,K-35-055-1,burial_mound,out_of_scope,as_digitised,student_digitised,509073.538,4712151.177
student:01419,student_standardised,100005e13,K-35-055-1,burial_mound,out_of_scope,as_digitised,student_digitised,510493.698,4712549.304
student:01420,student_standardised,100005e13,K-35-055-1,burial_mound,out_of_scope,as_digitised,student_digitised,510992.244,4712010.214
student:01421,student_standardised,100005e13,K-35-055-1,burial_mound,out_of_scope,as_digitised,student_digitised,511860.496,4712927.159
student:01422,student_standardised,100005e13,K-35-055-1,burial_mound,out_of_scope,as_digitised,student_digitised,511793.097,4712641.737
student:01423,student_standardised,100005e13,K-35-055-1,burial_mound,out_of_scope,as_digitised,student_digitised,515668.061,4712812.123
student:01424,student_standardised,100005e13,K-35-055-1,burial_mound,out_of_scope,as_digitised,student_digitised,518716.334,4712914.680
student:01425,student_standardised,100005e13,K-35-055-1,burial_mound,out_of_scope,as_digitised,student_digitised,518847.951,4711214.418
student:01426,student_standardised,100005e13,K-35-055-1,burial_mound,out_of_scope,as_digitised,student_digitised,519270.842,4712431.286
student:01427,student_standardised,100005e13,K-35-055-1,burial_mound,out_of_scope,as_digitised,student_digitised,519881.221,4712478.843
student:01428,student_standardised,100005e13,K-35-055-1,burial_mound,out_of_scope,as_digitised,student_digitised,520162.948,4712112.249
student:01429,student_standardised,100005e13,K-35-055-1,burial_mound,out_of_scope,as_digitised,student_digitised,520255.171,4711779.236
student:01430,student_standardised,100005e13,K-35-055-1,burial_mound,out_of_scope,as_digitised,student_digitised,519914.634,4711034.409
student:01431,student_standardised,100005e13,K-35-055-1,burial_mound,out_of_scope,as_digitised,student_digitised,515171.138,4709196.245
student:01432,student_standardised,100005e13,K-35-055-1,burial_mound,out_of_scope,as_digitised,student_digitised,514687.168,4710161.002
student:01433,student_standardised,100005e13,K-35-055-1,burial_mound,out_of_scope,as_digitised,student_digitised,512551.141,4709918.828
student:01434,student_standardised,100005e13,K-35-055-1,burial_mound,out_of_scope,as_digitised,student_digitised,512111.325,4710378.700
student:01435,student_standardised,100005e13,K-35-055-1,burial_mound,out_of_scope,as_digitised,student_digitised,510754.010,4709951.809
student:01436,student_standardised,100005e13,K-35-055-1,burial_mound,out_of_scope,as_digitised,student_digitised,510057.045,4709485.728
student:01437,student_standardised,100005e13,K-35-055-1,burial_mound,proxy_confirmed,claimant_mark,student_digitised,509638.116,4710307.306
student:01438,student_standardised,100005e13,K-35-055-1,burial_mound,out_of_scope,as_digitised,student_digitised,509406.975,4710059.147
student:01439,student_standardised,100005e13,K-35-055-1,burial_mound,out_of_scope,as_digitised,student_digitised,509717.220,4709951.481
student:01440,student_standardised,100005e13,K-35-055-1,burial_mound,out_of_scope,as_digitised,student_digitised,509054.717,4709254.875
student:01441,student_standardised,100005e13,K-35-055-1,burial_mound,out_of_scope,as_digitised,student_digitised,508220.687,4709205.319
student:01442,student_standardised,100005e13,K-35-055-1,burial_mound,out_of_scope,as_digitised,student_digitised,503116.481,4709817.233
student:01443,student_standardised,100005e13,K-35-055-1,burial_mound,proxy_confirmed,claimant_mark,student_digitised,503021.668,4709774.622
student:01444,student_standardised,100005e13,K-35-055-1,burial_mound,out_of_scope,as_digitised,student_digitised,500378.541,4709512.409
student:01445,student_standardised,100005e13,K-35-055-1,burial_mound,out_of_scope,as_digitised,student_digitised,499955.277,4709585.354
student:01446,student_standardised,100005e13,K-35-055-1,burial_mound,out_of_scope,as_digitised,student_digitised,500407.713,4708592.071
student:01447,student_standardised,100005e13,K-35-055-1,burial_mound,directly_reviewed,own_mark,student_digitised,499905.179,4708647.369
student:01448,student_standardised,100005e13,K-35-055-1,burial_mound,out_of_scope,as_digitised,student_digitised,501012.416,4706434.840
student:01449,student_standardised,100005e13,K-35-055-1,burial_mound,out_of_scope,as_digitised,student_digitised,501819.941,4707210.132
student:01450,student_standardised,100005e13,K-35-055-1,burial_mound,out_of_scope,as_digitised,student_digitised,503589.805,4706537.215
student:01451,student_standardised,100005e13,K-35-055-1,burial_mound,out_of_scope,as_digitised,student_digitised,503292.616,4705950.837
student:01452,student_standardised,100005e13,K-35-055-1,burial_mound,out_of_scope,as_digitised,student_digitised,504825.414,4706871.879
student:01453,student_standardised,100005e13,K-35-055-1,burial_mound,directly_reviewed,own_mark,student_digitised,504575.697,4706983.574
student:01454,student_standardised,100005e13,K-35-055-1,burial_mound,directly_reviewed,own_mark,student_digitised,504446.778,4706972.712
student:01455,student_standardised,100005e13,K-35-055-1,burial_mound,out_of_scope,as_digitised,student_digitised,504139.699,4708788.745
student:01456,student_standardised,100005e13,K-35-055-1,burial_mound,out_of_scope,as_digitised,student_digitised,504357.628,4708844.530
student:01457,student_standardised,100005e13,K-35-055-1,burial_mound,out_of_scope,as_digitised,student_digitised,505379.266,4708833.798
student:01458,student_standardised,100005e13,K-35-055-1,burial_mound,out_of_scope,as_digitised,student_digitised,505671.240,4706286.506
student:01459,student_standardised,100005e13,K-35-055-1,burial_mound,out_of_scope,as_digitised,student_digitised,508020.402,4706982.411
student:01460,student_standardised,100005e13,K-35-055-1,burial_mound,out_of_scope,as_digitised,student_digitised,507880.886,4707273.886
student:01461,student_standardised,100005e13,K-35-055-1,burial_mound,out_of_scope,as_digitised,student_digitised,509248.958,4707709.421
student:01462,student_standardised,100005e13,K-35-055-1,burial_mound,out_of_scope,as_digitised,student_digitised,509507.077,4707371.336
student:01463,student_standardised,100005e13,K-35-055-1,burial_mound,out_of_scope,as_digitised,student_digitised,510930.734,4708809.937
student:01464,student_standardised,100005e13,K-35-055-1,burial_mound,out_of_scope,as_digitised,student_digitised,513776.133,4708539.976
student:01465,student_standardised,100005e13,K-35-055-1,burial_mound,out_of_scope,as_digitised,student_digitised,515432.794,4708177.351
student:01466,student_standardised,100005e13,K-35-055-1,burial_mound,out_of_scope,as_digitised,student_digitised,515809.121,4706563.515
student:01467,student_standardised,100005e13,K-35-055-1,burial_mound,directly_reviewed,own_mark,student_digitised,517706.972,4706951.130
student:01468,student_standardised,100005e13,K-35-055-1,burial_mound,out_of_scope,as_digitised,student_digitised,517513.124,4707424.166
student:01469,student_standardised,100005e13,K-35-055-1,burial_mound,out_of_scope,as_digitised,student_digitised,517259.921,4707875.944
student:01470,student_standardised,100005e13,K-35-055-1,burial_mound,directly_reviewed,own_mark,student_digitised,518400.446,4708876.336
student:01471,student_standardised,100005e13,K-35-055-1,burial_mound,out_of_scope,as_digitised,student_digitised,518501.203,4708636.887
student:01472,student_standardised,100005e13,K-35-055-1,burial_mound,out_of_scope,as_digitised,student_digitised,518081.145,4706418.498
student:01473,student_standardised,100005e13,K-35-055-1,burial_mound,out_of_scope,as_digitised,student_digitised,518441.776,4705860.011
student:01474,student_standardised,100004e13,K-35-055-2,burial_mound,out_of_scope,as_digitised,student_digitised,520509.067,4723037.862
student:01475,student_standardised,100004e13,K-35-055-2,burial_mound,out_of_scope,as_digitised,student_digitised,522010.953,4723792.984
student:01476,student_standardised,100004e13,K-35-055-2,burial_mound,out_of_scope,as_digitised,student_digitised,522865.195,4722996.093
student:01477,student_standardised,100004e13,K-35-055-2,burial_mound,out_of_scope,as_digitised,student_digitised,531998.020,4722141.605
student:01478,student_standardised,100004e13,K-35-055-2,burial_mound,out_of_scope,as_digitised,student_digitised,522673.278,4722347.341
student:01479,student_standardised,100004e13,K-35-055-2,burial_mound,out_of_scope,as_digitised,student_digitised,522071.544,4723016.333
student:01480,student_standardised,100004e13,K-35-055-2,burial_mound,out_of_scope,as_digitised,student_digitised,524128.438,4721744.004
student:01481,student_standardised,100004e13,K-35-055-2,burial_mound,out_of_scope,as_digitised,student_digitised,533715.228,4721519.245
student:01482,student_standardised,100004e13,K-35-055-2,burial_mound,out_of_scope,as_digitised,student_digitised,536107.300,4720800.294
student:01483,student_standardised,100004e13,K-35-055-2,burial_mound,out_of_scope,as_digitised,student_digitised,524215.388,4720964.879
student:01484,student_standardised,100004e13,K-35-055-2,burial_mound,out_of_scope,as_digitised,student_digitised,531282.423,4719521.168
student:01485,student_standardised,100004e13,K-35-055-2,burial_mound,out_of_scope,as_digitised,student_digitised,540624.225,4719761.768
student:01486,student_standardised,100004e13,K-35-055-2,burial_mound,directly_reviewed,own_mark,student_digitised,540731.781,4719653.071
student:01487,student_standardised,100004e13,K-35-055-2,burial_mound,out_of_scope,as_digitised,student_digitised,537995.171,4718095.426
student:01488,student_standardised,100004e13,K-35-055-2,burial_mound,directly_reviewed,own_mark,student_digitised,535335.564,4718425.327
student:01489,student_standardised,100004e13,K-35-055-2,burial_mound,directly_reviewed,own_mark,student_digitised,535267.388,4718432.330
student:01490,student_standardised,100004e13,K-35-055-2,burial_mound,out_of_scope,as_digitised,student_digitised,535043.004,4718948.109
student:01491,student_standardised,100004e13,K-35-055-2,burial_mound,proxy_confirmed,claimant_mark,student_digitised,530424.729,4718643.434
student:01492,student_standardised,100004e13,K-35-055-2,burial_mound,out_of_scope,as_digitised,student_digitised,530158.308,4718458.364
student:01493,student_standardised,100004e13,K-35-055-2,burial_mound,out_of_scope,as_digitised,student_digitised,520611.342,4717619.775
student:01494,student_standardised,100004e13,K-35-055-2,burial_mound,out_of_scope,as_digitised,student_digitised,523669.355,4717995.099
student:01495,student_standardised,100004e13,K-35-055-2,burial_mound,out_of_scope,as_digitised,student_digitised,524622.556,4717024.940
student:01496,student_standardised,100004e13,K-35-055-2,burial_mound,out_of_scope,as_digitised,student_digitised,525007.506,4717714.517
student:01497,student_standardised,100004e13,K-35-055-2,burial_mound,out_of_scope,as_digitised,student_digitised,529520.187,4717006.137
student:01498,student_standardised,100004e13,K-35-055-2,burial_mound,out_of_scope,as_digitised,student_digitised,529828.297,4717315.671
student:01499,student_standardised,100004e13,K-35-055-2,burial_mound,out_of_scope,as_digitised,student_digitised,530327.515,4717629.424
student:01500,student_standardised,100004e13,K-35-055-2,burial_mound,out_of_scope,as_digitised,student_digitised,530276.300,4717334.235
student:01501,student_standardised,100004e13,K-35-055-2,burial_mound,out_of_scope,as_digitised,student_digitised,530587.107,4717428.305
student:01502,student_standardised,100004e13,K-35-055-2,burial_mound,out_of_scope,as_digitised,student_digitised,531495.710,4717946.731
student:01503,student_standardised,100004e13,K-35-055-2,burial_mound,out_of_scope,as_digitised,student_digitised,535275.249,4717440.888
student:01504,student_standardised,100004e13,K-35-055-2,burial_mound,out_of_scope,as_digitised,student_digitised,535638.827,4717952.399
student:01505,student_standardised,100004e13,K-35-055-2,burial_mound,out_of_scope,as_digitised,student_digitised,537438.844,4717927.760
student:01506,student_standardised,100004e13,K-35-055-2,burial_mound,out_of_scope,as_digitised,student_digitised,539201.261,4717326.618
student:01507,student_standardised,100004e13,K-35-055-2,burial_mound,out_of_scope,as_digitised,student_digitised,537542.866,4716379.313
student:01508,student_standardised,100004e13,K-35-055-2,burial_mound,out_of_scope,as_digitised,student_digitised,535113.854,4716943.242
student:01509,student_standardised,100004e13,K-35-055-2,burial_mound,out_of_scope,as_digitised,student_digitised,523229.094,4716100.108
student:01510,student_standardised,100004e13,K-35-055-2,burial_mound,out_of_scope,as_digitised,student_digitised,522901.349,4716011.415
student:01511,student_standardised,100004e13,K-35-055-2,burial_mound,directly_reviewed,own_mark,student_digitised,522147.243,4716933.023
student:01512,student_standardised,100004e13,K-35-055-2,burial_mound,out_of_scope,as_digitised,student_digitised,522001.256,4716058.909
student:01513,student_standardised,100004e13,K-35-055-2,burial_mound,out_of_scope,as_digitised,student_digitised,521378.035,4715522.555
student:01514,student_standardised,100004e13,K-35-055-2,burial_mound,out_of_scope,as_digitised,student_digitised,521136.050,4715915.353
student:01515,student_standardised,100004e13,K-35-055-2,burial_mound,out_of_scope,as_digitised,student_digitised,521753.787,4715562.800
student:01516,student_standardised,100004e13,K-35-055-2,burial_mound,out_of_scope,as_digitised,student_digitised,521871.067,4715710.886
student:01517,student_standardised,100004e13,K-35-055-2,burial_mound,out_of_scope,as_digitised,student_digitised,522456.035,4715762.371
student:01518,student_standardised,100004e13,K-35-055-2,burial_mound,out_of_scope,as_digitised,student_digitised,522668.245,4715858.453
student:01519,student_standardised,100004e13,K-35-055-2,burial_mound,out_of_scope,as_digitised,student_digitised,522826.166,4715959.014
student:01520,student_standardised,100004e13,K-35-055-2,burial_mound,out_of_scope,as_digitised,student_digitised,526133.550,4715920.642
student:01521,student_standardised,100004e13,K-35-055-2,burial_mound,out_of_scope,as_digitised,student_digitised,533958.279,4715419.788
student:01522,student_standardised,100004e13,K-35-055-2,burial_mound,out_of_scope,as_digitised,student_digitised,534429.153,4715029.527
student:01523,student_standardised,100004e13,K-35-055-2,burial_mound,out_of_scope,as_digitised,student_digitised,534781.658,4715347.314
student:01524,student_standardised,100004e13,K-35-055-2,burial_mound,out_of_scope,as_digitised,student_digitised,535120.492,4714693.803
student:01525,student_standardised,100004e13,K-35-055-2,burial_mound,out_of_scope,as_digitised,student_digitised,527816.766,4714130.753
student:01526,student_standardised,100004e13,K-35-055-2,burial_mound,out_of_scope,as_digitised,student_digitised,526447.039,4714001.390
student:01527,student_standardised,100004e13,K-35-055-2,burial_mound,out_of_scope,as_digitised,student_digitised,525239.252,4714153.472
student:01528,student_standardised,100004e13,K-35-055-2,burial_mound,out_of_scope,as_digitised,student_digitised,521665.668,4713504.210
student:01529,student_standardised,100004e13,K-35-055-2,burial_mound,out_of_scope,as_digitised,student_digitised,530799.943,4713451.209
student:01530,student_standardised,100004e13,K-35-055-2,burial_mound,directly_reviewed,own_mark,student_digitised,531979.062,4713142.023
student:01531,student_standardised,100004e13,K-35-055-2,burial_mound,directly_reviewed,own_mark,student_digitised,532049.811,4713135.162
student:01532,student_standardised,100004e13,K-35-055-2,burial_mound,out_of_scope,as_digitised,student_digitised,532148.616,4713137.821
student:01533,student_standardised,100004e13,K-35-055-2,burial_mound,out_of_scope,as_digitised,student_digitised,537604.078,4712955.947
student:01534,student_standardised,100004e13,K-35-055-2,burial_mound,out_of_scope,as_digitised,student_digitised,536546.324,4712842.911
student:01535,student_standardised,100004e13,K-35-055-2,burial_mound,directly_reviewed,own_mark,student_digitised,529887.609,4712279.028
student:01536,student_standardised,100004e13,K-35-055-2,bench_mark_on_mound,directly_reviewed,own_mark,student_digitised,529874.317,4712210.994
student:01537,student_standardised,100004e13,K-35-055-2,burial_mound,out_of_scope,as_digitised,student_digitised,529789.355,4712346.494
student:01538,student_standardised,100004e13,K-35-055-2,burial_mound,out_of_scope,as_digitised,student_digitised,527908.790,4712938.189
student:01539,student_standardised,100004e13,K-35-055-2,burial_mound,out_of_scope,as_digitised,student_digitised,522690.110,4712240.252
student:01540,student_standardised,100004e13,K-35-055-2,burial_mound,out_of_scope,as_digitised,student_digitised,520466.354,4711823.312
student:01541,student_standardised,100004e13,K-35-055-2,burial_mound,out_of_scope,as_digitised,student_digitised,520559.926,4711873.899
student:01542,student_standardised,100004e13,K-35-055-2,burial_mound,out_of_scope,as_digitised,student_digitised,520594.021,4711702.729
student:01543,student_standardised,100004e13,K-35-055-2,burial_mound,out_of_scope,as_digitised,student_digitised,520630.384,4711093.235
student:01544,student_standardised,100004e13,K-35-055-2,burial_mound,out_of_scope,as_digitised,student_digitised,520849.825,4711507.906
student:01545,student_standardised,100004e13,K-35-055-2,burial_mound,out_of_scope,as_digitised,student_digitised,522985.288,4711477.201
student:01546,student_standardised,100004e13,K-35-055-2,burial_mound,out_of_scope,as_digitised,student_digitised,523563.287,4711151.174
student:01547,student_standardised,100004e13,K-35-055-2,burial_mound,out_of_scope,as_digitised,student_digitised,526012.706,4711941.963
student:01548,student_standardised,100004e13,K-35-055-2,burial_mound,out_of_scope,as_digitised,student_digitised,534683.248,4711192.678
student:01549,student_standardised,100004e13,K-35-055-2,burial_mound,out_of_scope,as_digitised,student_digitised,532534.085,4710757.845
student:01550,student_standardised,100004e13,K-35-055-2,burial_mound,out_of_scope,as_digitised,student_digitised,530938.752,4710903.809
student:01551,student_standardised,100004e13,K-35-055-2,burial_mound,out_of_scope,as_digitised,student_digitised,528640.514,4710804.282
student:01552,student_standardised,100004e13,K-35-055-2,burial_mound,out_of_scope,as_digitised,student_digitised,524398.086,4710733.122
student:01553,student_standardised,100004e13,K-35-055-2,burial_mound,out_of_scope,as_digitised,student_digitised,524308.628,4710909.318
student:01554,student_standardised,100004e13,K-35-055-2,burial_mound,out_of_scope,as_digitised,student_digitised,524015.222,4710815.827
student:01555,student_standardised,100004e13,K-35-055-2,burial_mound,out_of_scope,as_digitised,student_digitised,526810.275,4708534.299
student:01556,student_standardised,100004e13,K-35-055-2,burial_mound,out_of_scope,as_digitised,student_digitised,522597.070,4708723.148
student:01557,student_standardised,100004e13,K-35-055-2,burial_mound,out_of_scope,as_digitised,student_digitised,521157.862,4708882.397
student:01558,student_standardised,100004e13,K-35-055-2,burial_mound,out_of_scope,as_digitised,student_digitised,524570.608,4707809.457
student:01559,student_standardised,100004e13,K-35-055-2,burial_mound,out_of_scope,as_digitised,student_digitised,534899.164,4707913.976
student:01560,student_standardised,100003e13,K-35-055-3,burial_mound,out_of_scope,as_digitised,student_digitised,500355.128,4704353.151
student:01561,student_standardised,100003e13,K-35-055-3,burial_mound,out_of_scope,as_digitised,student_digitised,507296.915,4705216.086
student:01562,student_standardised,100003e13,K-35-055-3,burial_mound,out_of_scope,as_digitised,student_digitised,500499.064,4703688.613
student:01563,student_standardised,100003e13,K-35-055-3,burial_mound,directly_reviewed,own_mark,student_digitised,501204.305,4703513.062
student:01564,student_standardised,100003e13,K-35-055-3,burial_mound,out_of_scope,as_digitised,student_digitised,509088.907,4703980.086
student:01565,student_standardised,100003e13,K-35-055-3,burial_mound,out_of_scope,as_digitised,student_digitised,519009.558,4702218.154
student:01566,student_standardised,100003e13,K-35-055-3,burial_mound,out_of_scope,as_digitised,student_digitised,516560.656,4702927.867
student:01567,student_standardised,100003e13,K-35-055-3,burial_mound,out_of_scope,as_digitised,student_digitised,515547.532,4702309.508
student:01568,student_standardised,100003e13,K-35-055-3,burial_mound,directly_reviewed,own_mark,student_digitised,506866.350,4702452.735
student:01569,student_standardised,100003e13,K-35-055-3,burial_mound,out_of_scope,as_digitised,student_digitised,506288.978,4702260.639
student:01570,student_standardised,100003e13,K-35-055-3,burial_mound,out_of_scope,as_digitised,student_digitised,505132.006,4702114.281
student:01571,student_standardised,100003e13,K-35-055-3,burial_mound,out_of_scope,as_digitised,student_digitised,503069.757,4702344.178
student:01572,student_standardised,100003e13,K-35-055-3,burial_mound,out_of_scope,as_digitised,student_digitised,503290.744,4702813.551
student:01573,student_standardised,100003e13,K-35-055-3,burial_mound,out_of_scope,as_digitised,student_digitised,502262.153,4702759.896
student:01574,student_standardised,100003e13,K-35-055-3,burial_mound,out_of_scope,as_digitised,student_digitised,501794.312,4702317.081
student:01575,student_standardised,100003e13,K-35-055-3,burial_mound,out_of_scope,as_digitised,student_digitised,499875.841,4701470.764
student:01576,student_standardised,100003e13,K-35-055-3,burial_mound,out_of_scope,as_digitised,student_digitised,502911.412,4701883.595
student:01577,student_standardised,100003e13,K-35-055-3,burial_mound,out_of_scope,as_digitised,student_digitised,508437.015,4700330.270
student:01578,student_standardised,100003e13,K-35-055-3,burial_mound,out_of_scope,as_digitised,student_digitised,507798.893,4700651.633
student:01579,student_standardised,100003e13,K-35-055-3,burial_mound,out_of_scope,as_digitised,student_digitised,505618.708,4700477.505
student:01580,student_standardised,100003e13,K-35-055-3,burial_mound,out_of_scope,as_digitised,student_digitised,505385.369,4699249.231
student:01581,student_standardised,100003e13,K-35-055-3,burial_mound,out_of_scope,as_digitised,student_digitised,514531.720,4698176.272
student:01582,student_standardised,100003e13,K-35-055-3,burial_mound,proxy_confirmed,claimant_mark,student_digitised,511867.694,4698801.848
student:01583,student_standardised,100003e13,K-35-055-3,burial_mound,out_of_scope,as_digitised,student_digitised,511592.772,4698654.069
student:01584,student_standardised,100003e13,K-35-055-3,burial_mound,out_of_scope,as_digitised,student_digitised,510892.272,4698159.482
student:01585,student_standardised,100003e13,K-35-055-3,burial_mound,out_of_scope,as_digitised,student_digitised,502879.596,4698648.982
student:01586,student_standardised,100003e13,K-35-055-3,burial_mound,out_of_scope,as_digitised,student_digitised,500598.472,4698705.577
student:01587,student_standardised,100003e13,K-35-055-3,burial_mound,out_of_scope,as_digitised,student_digitised,500406.520,4698605.812
student:01588,student_standardised,100003e13,K-35-055-3,burial_mound,out_of_scope,as_digitised,student_digitised,500680.316,4697478.105
student:01589,student_standardised,100003e13,K-35-055-3,burial_mound,out_of_scope,as_digitised,student_digitised,506011.658,4697535.457
student:01590,student_standardised,100003e13,K-35-055-3,burial_mound,out_of_scope,as_digitised,student_digitised,508711.851,4697096.673
student:01591,student_standardised,100003e13,K-35-055-3,burial_mound,out_of_scope,as_digitised,student_digitised,508784.730,4697013.214
student:01592,student_standardised,100003e13,K-35-055-3,burial_mound,out_of_scope,as_digitised,student_digitised,509073.470,4697789.775
student:01593,student_standardised,100003e13,K-35-055-3,burial_mound,out_of_scope,as_digitised,student_digitised,509074.334,4697558.397
student:01594,student_standardised,100003e13,K-35-055-3,burial_mound,out_of_scope,as_digitised,student_digitised,510871.467,4697403.788
student:01595,student_standardised,100003e13,K-35-055-3,burial_mound,out_of_scope,as_digitised,student_digitised,510995.644,4697321.708
student:01596,student_standardised,100003e13,K-35-055-3,burial_mound,out_of_scope,as_digitised,student_digitised,511254.224,4697609.636
student:01597,student_standardised,100003e13,K-35-055-3,burial_mound,out_of_scope,as_digitised,student_digitised,511325.411,4697117.955
student:01598,student_standardised,100003e13,K-35-055-3,burial_mound,out_of_scope,as_digitised,student_digitised,517376.439,4696539.800
student:01599,student_standardised,100003e13,K-35-055-3,burial_mound,out_of_scope,as_digitised,student_digitised,511711.955,4696085.030
student:01600,student_standardised,100003e13,K-35-055-3,burial_mound,out_of_scope,as_digitised,student_digitised,511379.615,4696799.649
student:01601,student_standardised,100003e13,K-35-055-3,burial_mound,out_of_scope,as_digitised,student_digitised,510658.812,4696422.125
student:01602,student_standardised,100003e13,K-35-055-3,burial_mound,out_of_scope,as_digitised,student_digitised,510100.376,4696598.848
student:01603,student_standardised,100003e13,K-35-055-3,burial_mound,proxy_confirmed,claimant_mark,student_digitised,509169.067,4696404.091
student:01604,student_standardised,100003e13,K-35-055-3,burial_mound,out_of_scope,as_digitised,student_digitised,507277.415,4696095.072
student:01605,student_standardised,100003e13,K-35-055-3,burial_mound,out_of_scope,as_digitised,student_digitised,507149.639,4696515.644
student:01606,student_standardised,100003e13,K-35-055-3,burial_mound,directly_reviewed,own_mark,student_digitised,501946.162,4696728.284
student:01607,student_standardised,100003e13,K-35-055-3,burial_mound,out_of_scope,as_digitised,student_digitised,501849.794,4695680.561
student:01608,student_standardised,100003e13,K-35-055-3,burial_mound,out_of_scope,as_digitised,student_digitised,509030.462,4695467.779
student:01609,student_standardised,100003e13,K-35-055-3,burial_mound,out_of_scope,as_digitised,student_digitised,513931.079,4694548.717
student:01610,student_standardised,100003e13,K-35-055-3,burial_mound,out_of_scope,as_digitised,student_digitised,512822.296,4694606.612
student:01611,student_standardised,100003e13,K-35-055-3,burial_mound,out_of_scope,as_digitised,student_digitised,511862.811,4694845.977
student:01612,student_standardised,100003e13,K-35-055-3,burial_mound,directly_reviewed,own_mark,student_digitised,510587.514,4694312.347
student:01613,student_standardised,100003e13,K-35-055-3,burial_mound,out_of_scope,as_digitised,student_digitised,510402.986,4694584.050
student:01614,student_standardised,100003e13,K-35-055-3,burial_mound,out_of_scope,as_digitised,student_digitised,510146.764,4694891.966
student:01615,student_standardised,100003e13,K-35-055-3,burial_mound,directly_reviewed,own_mark,student_digitised,510007.254,4694860.259
student:01616,student_standardised,100003e13,K-35-055-3,burial_mound,directly_reviewed,own_mark,student_digitised,509343.405,4694994.519
student:01617,student_standardised,100003e13,K-35-055-3,burial_mound,directly_reviewed,own_mark,student_digitised,508458.701,4694311.488
student:01618,student_standardised,100003e13,K-35-055-3,burial_mound,proxy_confirmed,claimant_mark,student_digitised,506632.896,4694534.493
student:01619,student_standardised,100003e13,K-35-055-3,burial_mound,out_of_scope,as_digitised,student_digitised,503990.559,4694767.288
student:01620,student_standardised,100003e13,K-35-055-3,burial_mound,out_of_scope,as_digitised,student_digitised,503688.898,4694681.974
student:01621,student_standardised,100003e13,K-35-055-3,burial_mound,out_of_scope,as_digitised,student_digitised,503489.322,4694503.805
student:01622,student_standardised,100003e13,K-35-055-3,burial_mound,out_of_scope,as_digitised,student_digitised,503350.526,4694105.797
student:01623,student_standardised,100003e13,K-35-055-3,burial_mound,out_of_scope,as_digitised,student_digitised,502493.953,4693804.340
student:01624,student_standardised,100003e13,K-35-055-3,burial_mound,out_of_scope,as_digitised,student_digitised,506081.250,4693742.709
student:01625,student_standardised,100003e13,K-35-055-3,burial_mound,out_of_scope,as_digitised,student_digitised,506152.728,4693606.269
student:01626,student_standardised,100003e13,K-35-055-3,burial_mound,out_of_scope,as_digitised,student_digitised,509422.946,4693039.735
student:01627,student_standardised,100003e13,K-35-055-3,burial_mound,out_of_scope,as_digitised,student_digitised,510410.818,4693192.390
student:01628,student_standardised,100003e13,K-35-055-3,burial_mound,out_of_scope,as_digitised,student_digitised,510816.362,4693624.575
student:01629,student_standardised,100003e13,K-35-055-3,burial_mound,out_of_scope,as_digitised,student_digitised,510717.294,4693742.439
student:01630,student_standardised,100003e13,K-35-055-3,burial_mound,out_of_scope,as_digitised,student_digitised,518345.255,4693726.462
student:01631,student_standardised,100003e13,K-35-055-3,burial_mound,out_of_scope,as_digitised,student_digitised,518654.891,4693409.668
student:01632,student_standardised,100003e13,K-35-055-3,burial_mound,out_of_scope,as_digitised,student_digitised,519047.256,4693611.993
student:01633,student_standardised,100003e13,K-35-055-3,burial_mound,out_of_scope,as_digitised,student_digitised,518372.183,4692468.732
student:01634,student_standardised,100003e13,K-35-055-3,burial_mound,out_of_scope,as_digitised,student_digitised,517822.440,4692323.250
student:01635,student_standardised,100003e13,K-35-055-3,burial_mound,out_of_scope,as_digitised,student_digitised,517529.337,4692565.123
student:01636,student_standardised,100003e13,K-35-055-3,burial_mound,out_of_scope,as_digitised,student_digitised,513354.330,4692824.131
student:01637,student_standardised,100003e13,K-35-055-3,burial_mound,out_of_scope,as_digitised,student_digitised,509558.042,4692887.327
student:01638,student_standardised,100003e13,K-35-055-3,burial_mound,out_of_scope,as_digitised,student_digitised,507216.977,4692199.356
student:01639,student_standardised,100003e13,K-35-055-3,burial_mound,out_of_scope,as_digitised,student_digitised,506927.516,4692433.697
student:01640,student_standardised,100003e13,K-35-055-3,burial_mound,out_of_scope,as_digitised,student_digitised,502215.734,4691728.085
student:01641,student_standardised,100003e13,K-35-055-3,burial_mound,out_of_scope,as_digitised,student_digitised,503043.687,4691116.714
student:01642,student_standardised,100003e13,K-35-055-3,burial_mound,out_of_scope,as_digitised,student_digitised,503419.020,4691422.283
student:01643,student_standardised,100003e13,K-35-055-3,burial_mound,out_of_scope,as_digitised,student_digitised,503867.353,4691841.714
student:01644,student_standardised,100003e13,K-35-055-3,burial_mound,out_of_scope,as_digitised,student_digitised,505954.291,4691777.994
student:01645,student_standardised,100003e13,K-35-055-3,burial_mound,out_of_scope,as_digitised,student_digitised,507036.276,4691502.455
student:01646,student_standardised,100003e13,K-35-055-3,burial_mound,out_of_scope,as_digitised,student_digitised,509011.375,4691901.058
student:01647,student_standardised,100003e13,K-35-055-3,burial_mound,out_of_scope,as_digitised,student_digitised,507273.313,4690541.277
student:01648,student_standardised,100003e13,K-35-055-3,burial_mound,out_of_scope,as_digitised,student_digitised,506447.996,4690664.614
student:01649,student_standardised,100003e13,K-35-055-3,burial_mound,out_of_scope,as_digitised,student_digitised,502306.248,4690346.579
student:01650,student_standardised,100003e13,K-35-055-3,burial_mound,out_of_scope,as_digitised,student_digitised,501921.880,4689958.456
student:01651,student_standardised,100003e13,K-35-055-3,burial_mound,out_of_scope,as_digitised,student_digitised,505776.472,4689097.876
student:01652,student_standardised,100003e13,K-35-055-3,burial_mound,out_of_scope,as_digitised,student_digitised,510553.403,4688637.323
student:01653,student_standardised,100003e13,K-35-055-3,burial_mound,out_of_scope,as_digitised,student_digitised,507581.660,4688835.057
student:01654,student_standardised,100003e13,K-35-055-3,burial_mound,out_of_scope,as_digitised,student_digitised,506004.281,4688526.547
student:01655,student_standardised,100003e13,K-35-055-3,burial_mound,proxy_confirmed,claimant_mark,student_digitised,505275.855,4688815.627
student:01656,student_standardised,100003e13,K-35-055-3,burial_mound,out_of_scope,as_digitised,student_digitised,502369.284,4687315.100
student:01657,student_standardised,100003e13,K-35-055-3,burial_mound,out_of_scope,as_digitised,student_digitised,506526.295,4687803.974
student:01658,student_standardised,100003e13,K-35-055-3,burial_mound,out_of_scope,as_digitised,student_digitised,509749.222,4687219.520
student:01659,student_standardised,100003e13,K-35-055-3,burial_mound,out_of_scope,as_digitised,student_digitised,509845.999,4687401.503
student:01660,student_standardised,100003e13,K-35-055-3,burial_mound,out_of_scope,as_digitised,student_digitised,511714.040,4687645.629
student:01661,student_standardised,100006e13,K-35-055-4,burial_mound,out_of_scope,as_digitised,student_digitised,522115.579,4705016.730
student:01662,student_standardised,100006e13,K-35-055-4,burial_mound,out_of_scope,as_digitised,student_digitised,532664.385,4704092.970
student:01663,student_standardised,100006e13,K-35-055-4,burial_mound,out_of_scope,as_digitised,student_digitised,532495.222,4703392.741
student:01664,student_standardised,100006e13,K-35-055-4,burial_mound,out_of_scope,as_digitised,student_digitised,525946.918,4703266.442
student:01665,student_standardised,100006e13,K-35-055-4,burial_mound,out_of_scope,as_digitised,student_digitised,525725.414,4703244.357
student:01666,student_standardised,100006e13,K-35-055-4,burial_mound,out_of_scope,as_digitised,student_digitised,523380.934,4703826.424
student:01667,student_standardised,100006e13,K-35-055-4,burial_mound,out_of_scope,as_digitised,student_digitised,523087.683,4703873.582
student:01668,student_standardised,100006e13,K-35-055-4,burial_mound,out_of_scope,as_digitised,student_digitised,523043.033,4703791.778
student:01669,student_standardised,100006e13,K-35-055-4,burial_mound,out_of_scope,as_digitised,student_digitised,525310.489,4702548.653
student:01670,student_standardised,100006e13,K-35-055-4,burial_mound,out_of_scope,as_digitised,student_digitised,530076.166,4702263.662
student:01671,student_standardised,100006e13,K-35-055-4,burial_mound,out_of_scope,as_digitised,student_digitised,528385.468,4701049.285
student:01672,student_standardised,100006e13,K-35-055-4,burial_mound,out_of_scope,as_digitised,student_digitised,524301.617,4701432.462
student:01673,student_standardised,100006e13,K-35-055-4,burial_mound,out_of_scope,as_digitised,student_digitised,521316.589,4701111.015
student:01674,student_standardised,100006e13,K-35-055-4,burial_mound,out_of_scope,as_digitised,student_digitised,521219.676,4701297.598
student:01675,student_standardised,100006e13,K-35-055-4,burial_mound,out_of_scope,as_digitised,student_digitised,520954.897,4701855.620
student:01676,student_standardised,100006e13,K-35-055-4,burial_mound,out_of_scope,as_digitised,student_digitised,529179.187,4700373.226
student:01677,student_standardised,100006e13,K-35-055-4,burial_mound,out_of_scope,as_digitised,student_digitised,524379.959,4699035.143
student:01678,student_standardised,100006e13,K-35-055-4,burial_mound,out_of_scope,as_digitised,student_digitised,523482.245,4699409.304
student:01679,student_standardised,100006e13,K-35-055-4,burial_mound,out_of_scope,as_digitised,student_digitised,523163.914,4698195.246
student:01680,student_standardised,100006e13,K-35-055-4,bench_mark_on_mound,directly_reviewed,own_mark,student_digitised,529374.957,4698610.684
student:01681,student_standardised,100006e13,K-35-055-4,burial_mound,out_of_scope,as_digitised,student_digitised,530704.682,4698387.682
student:01682,student_standardised,100006e13,K-35-055-4,burial_mound,out_of_scope,as_digitised,student_digitised,530718.870,4698469.194
student:01683,student_standardised,100006e13,K-35-055-4,burial_mound,out_of_scope,as_digitised,student_digitised,537881.976,4698070.119
student:01684,student_standardised,100006e13,K-35-055-4,burial_mound,out_of_scope,as_digitised,student_digitised,539290.132,4697036.229
student:01685,student_standardised,100006e13,K-35-055-4,burial_mound,out_of_scope,as_digitised,student_digitised,537711.884,4697609.021
student:01686,student_standardised,100006e13,K-35-055-4,burial_mound,out_of_scope,as_digitised,student_digitised,526883.453,4697001.460
student:01687,student_standardised,100006e13,K-35-055-4,burial_mound,out_of_scope,as_digitised,student_digitised,520688.667,4697388.568
student:01688,student_standardised,100006e13,K-35-055-4,burial_mound,out_of_scope,as_digitised,student_digitised,535767.910,4696859.491
student:01689,student_standardised,100006e13,K-35-055-4,burial_mound,out_of_scope,as_digitised,student_digitised,536851.433,4696262.290
student:01690,student_standardised,100006e13,K-35-055-4,burial_mound,proxy_confirmed,claimant_mark,student_digitised,536961.539,4696426.739
student:01691,student_standardised,100006e13,K-35-055-4,burial_mound,out_of_scope,as_digitised,student_digitised,537317.258,4696827.842
student:01692,student_standardised,100006e13,K-35-055-4,burial_mound,out_of_scope,as_digitised,student_digitised,538134.601,4696040.406
student:01693,student_standardised,100006e13,K-35-055-4,burial_mound,out_of_scope,as_digitised,student_digitised,540070.060,4696818.645
student:01694,student_standardised,100006e13,K-35-055-4,burial_mound,out_of_scope,as_digitised,student_digitised,540261.051,4696386.970
student:01695,student_standardised,100006e13,K-35-055-4,burial_mound,proxy_confirmed,claimant_mark,student_digitised,540034.364,4696000.622
student:01696,student_standardised,100006e13,K-35-055-4,burial_mound,out_of_scope,as_digitised,student_digitised,539844.660,4695464.784
student:01697,student_standardised,100006e13,K-35-055-4,burial_mound,out_of_scope,as_digitised,student_digitised,539233.505,4695937.301
student:01698,student_standardised,100006e13,K-35-055-4,burial_mound,out_of_scope,as_digitised,student_digitised,536714.110,4695994.209
student:01699,student_standardised,100006e13,K-35-055-4,burial_mound,out_of_scope,as_digitised,student_digitised,526689.172,4695179.973
student:01700,student_standardised,100006e13,K-35-055-4,burial_mound,directly_reviewed,own_mark,student_digitised,526584.395,4695050.635
student:01701,student_standardised,100006e13,K-35-055-4,burial_mound,out_of_scope,as_digitised,student_digitised,523852.420,4694701.480
student:01702,student_standardised,100006e13,K-35-055-4,burial_mound,out_of_scope,as_digitised,student_digitised,534557.532,4694139.372
student:01703,student_standardised,100006e13,K-35-055-4,burial_mound,out_of_scope,as_digitised,student_digitised,538611.161,4693461.426
student:01704,student_standardised,100006e13,K-35-055-4,burial_mound,out_of_scope,as_digitised,student_digitised,538244.508,4693030.411
student:01705,student_standardised,100006e13,K-35-055-4,burial_mound,out_of_scope,as_digitised,student_digitised,536498.731,4693274.205
student:01706,student_standardised,100006e13,K-35-055-4,burial_mound,out_of_scope,as_digitised,student_digitised,531928.790,4693164.861
student:01707,student_standardised,100006e13,K-35-055-4,burial_mound,out_of_scope,as_digitised,student_digitised,523264.564,4693085.985
student:01708,student_standardised,100006e13,K-35-055-4,burial_mound,out_of_scope,as_digitised,student_digitised,522560.940,4693481.985
student:01709,student_standardised,100006e13,K-35-055-4,burial_mound,out_of_scope,as_digitised,student_digitised,522465.622,4693634.415
student:01710,student_standardised,100006e13,K-35-055-4,burial_mound,out_of_scope,as_digitised,student_digitised,522337.784,4693648.365
student:01711,student_standardised,100006e13,K-35-055-4,burial_mound,directly_reviewed,own_mark,student_digitised,522212.621,4693682.264
student:01712,student_standardised,100006e13,K-35-055-4,burial_mound,out_of_scope,as_digitised,student_digitised,522154.044,4693834.306
student:01713,student_standardised,100006e13,K-35-055-4,burial_mound,out_of_scope,as_digitised,student_digitised,521913.965,4693628.203
student:01714,student_standardised,100006e13,K-35-055-4,burial_mound,out_of_scope,as_digitised,student_digitised,521751.822,4692922.418
student:01715,student_standardised,100006e13,K-35-055-4,burial_mound,out_of_scope,as_digitised,student_digitised,535261.019,4692801.060
student:01716,student_standardised,100006e13,K-35-055-4,burial_mound,directly_reviewed,own_mark,student_digitised,535529.618,4692421.531
student:01717,student_standardised,100006e13,K-35-055-4,burial_mound,out_of_scope,as_digitised,student_digitised,538704.879,4692112.513
student:01718,student_standardised,100006e13,K-35-055-4,burial_mound,out_of_scope,as_digitised,student_digitised,539430.293,4691598.484
student:01719,student_standardised,100006e13,K-35-055-4,burial_mound,out_of_scope,as_digitised,student_digitised,539416.516,4691244.763
student:01720,student_standardised,100006e13,K-35-055-4,burial_mound,out_of_scope,as_digitised,student_digitised,539361.907,4691157.443
student:01721,student_standardised,100006e13,K-35-055-4,burial_mound,out_of_scope,as_digitised,student_digitised,539284.994,4691269.178
student:01722,student_standardised,100006e13,K-35-055-4,burial_mound,out_of_scope,as_digitised,student_digitised,535672.686,4691208.847
student:01723,student_standardised,100006e13,K-35-055-4,burial_mound,out_of_scope,as_digitised,student_digitised,535366.097,4691395.009
student:01724,student_standardised,100006e13,K-35-055-4,burial_mound,out_of_scope,as_digitised,student_digitised,535138.635,4691738.270
student:01725,student_standardised,100006e13,K-35-055-4,burial_mound,directly_reviewed,own_mark,student_digitised,522399.699,4690206.516
student:01726,student_standardised,100006e13,K-35-055-4,burial_mound,proxy_confirmed,claimant_mark,student_digitised,523955.998,4690306.997
student:01727,student_standardised,100006e13,K-35-055-4,burial_mound,out_of_scope,as_digitised,student_digitised,537025.422,4690763.749
student:01728,student_standardised,100006e13,K-35-055-4,burial_mound,out_of_scope,as_digitised,student_digitised,531968.914,4689122.178
student:01729,student_standardised,100006e13,K-35-055-4,burial_mound,out_of_scope,as_digitised,student_digitised,532010.113,4689373.499
student:01730,student_standardised,100006e13,K-35-055-4,burial_mound,out_of_scope,as_digitised,student_digitised,531775.120,4689260.909
student:01731,student_standardised,100006e13,K-35-055-4,burial_mound,out_of_scope,as_digitised,student_digitised,530491.484,4689805.348
student:01732,student_standardised,100006e13,K-35-055-4,burial_mound,out_of_scope,as_digitised,student_digitised,527429.388,4689724.170
student:01733,student_standardised,100006e13,K-35-055-4,burial_mound,out_of_scope,as_digitised,student_digitised,524087.389,4689912.920
student:01734,student_standardised,100006e13,K-35-055-4,burial_mound,out_of_scope,as_digitised,student_digitised,523731.105,4689830.503
student:01735,student_standardised,100006e13,K-35-055-4,burial_mound,out_of_scope,as_digitised,student_digitised,521493.595,4689880.826
student:01736,student_standardised,100006e13,K-35-055-4,burial_mound,out_of_scope,as_digitised,student_digitised,534385.956,4688377.833
student:01737,student_standardised,100006e13,K-35-055-4,burial_mound,out_of_scope,as_digitised,student_digitised,534522.715,4687975.825
student:01738,student_standardised,1000041537886947800,K-35-056-3,burial_mound,directly_reviewed,own_mark,student_digitised,543713.804,4690375.137
student:01739,student_standardised,1000041537939473400,K-35-056-3,burial_mound,out_of_scope,as_digitised,student_digitised,558277.025,4692042.841
student:01740,student_standardised,1000041537939648e3,K-35-056-3,burial_mound,out_of_scope,as_digitised,student_digitised,553587.779,4692269.544
student:01741,student_standardised,1000041537940047600,K-35-056-3,burial_mound,out_of_scope,as_digitised,student_digitised,543586.213,4693304.058
student:01742,student_standardised,1000041537940159e3,K-35-056-3,burial_mound,out_of_scope,as_digitised,student_digitised,546074.579,4693537.851
student:01743,student_standardised,1.0000415379413041e+018,K-35-056-3,burial_mound,out_of_scope,as_digitised,student_digitised,554289.261,4694025.392
student:01744,student_standardised,1000041537941340900,K-35-056-3,burial_mound,out_of_scope,as_digitised,student_digitised,555722.992,4693680.528
student:01745,student_standardised,1000041537941464300,K-35-056-3,burial_mound,directly_reviewed,own_mark,student_digitised,557381.192,4693294.722
student:01746,student_standardised,1000041537941560300,K-35-056-3,burial_mound,out_of_scope,as_digitised,student_digitised,559133.691,4694926.478
student:01747,student_standardised,1000041537941659e3,K-35-056-3,burial_mound,out_of_scope,as_digitised,student_digitised,557513.262,4694115.776
student:01748,student_standardised,1000041537941728800,K-35-056-3,burial_mound,out_of_scope,as_digitised,student_digitised,556968.418,4694670.535
student:01749,student_standardised,1000041537941891600,K-35-056-3,burial_mound,proxy_confirmed,claimant_mark,student_digitised,553610.934,4694937.664
student:01750,student_standardised,1000041537943309400,K-35-056-3,burial_mound,out_of_scope,as_digitised,student_digitised,559791.038,4695460.627
student:01751,student_standardised,1000041537944026200,K-35-056-3,burial_mound,out_of_scope,as_digitised,student_digitised,546573.260,4698001.093
student:01752,student_standardised,1000041537944135400,K-35-056-3,burial_mound,out_of_scope,as_digitised,student_digitised,550582.321,4697812.346
student:01753,student_standardised,1000041537944385e3,K-35-056-3,burial_mound,out_of_scope,as_digitised,student_digitised,553034.161,4697470.735
student:01754,student_standardised,1000041537944669e3,K-35-056-3,burial_mound,out_of_scope,as_digitised,student_digitised,551707.033,4698452.767
student:01755,student_standardised,1000041537944965400,K-35-056-3,bench_mark_on_mound,directly_reviewed,own_mark,student_digitised,544944.786,4698770.467
student:01756,student_standardised,merged-K-35-062-4_Asenovgrad_4326_c01669,K-35-062-4_Asenovgrad_4326,bench_mark_on_mound,directly_reviewed,own_mark,student_digitised,327608.774,4661903.739
student:01757,student_standardised,100004e13,K-35-062-4_Asenovgrad_4326,burial_mound,out_of_scope,as_digitised,student_digitised,322284.565,4670068.530
student:01758,student_standardised,100004e13,K-35-062-4_Asenovgrad_4326,burial_mound,proxy_confirmed,claimant_mark,student_digitised,325066.298,4670065.156
student:01759,student_standardised,100004e13,K-35-062-4_Asenovgrad_4326,burial_mound,out_of_scope,as_digitised,student_digitised,325144.874,4670287.659
student:01760,student_standardised,100004e13,K-35-062-4_Asenovgrad_4326,burial_mound,out_of_scope,as_digitised,student_digitised,333945.652,4669456.637
student:01761,student_standardised,100004e13,K-35-062-4_Asenovgrad_4326,burial_mound,out_of_scope,as_digitised,student_digitised,325083.509,4669943.662
student:01762,student_standardised,100004e13,K-35-062-4_Asenovgrad_4326,burial_mound,out_of_scope,as_digitised,student_digitised,322525.653,4669932.104
student:01763,student_standardised,100004e13,K-35-062-4_Asenovgrad_4326,burial_mound,out_of_scope,as_digitised,student_digitised,318680.392,4668067.634
student:01764,student_standardised,100004e13,K-35-062-4_Asenovgrad_4326,settlement_mound,directly_reviewed,own_mark,student_digitised,319156.597,4667266.961
student:01765,student_standardised,100004e13,K-35-062-4_Asenovgrad_4326,burial_mound,out_of_scope,as_digitised,student_digitised,318373.193,4666311.679
student:01766,student_standardised,100004e13,K-35-062-4_Asenovgrad_4326,burial_mound,out_of_scope,as_digitised,student_digitised,328471.508,4666500.027
student:01767,student_standardised,100004e13,K-35-062-4_Asenovgrad_4326,burial_mound,out_of_scope,as_digitised,student_digitised,331551.303,4666954.124
student:01768,student_standardised,100004e13,K-35-062-4_Asenovgrad_4326,burial_mound,out_of_scope,as_digitised,student_digitised,333411.826,4665887.659
student:01769,student_standardised,100004e13,K-35-062-4_Asenovgrad_4326,burial_mound,out_of_scope,as_digitised,student_digitised,333794.274,4665943.228
student:01770,student_standardised,100004e13,K-35-062-4_Asenovgrad_4326,burial_mound,out_of_scope,as_digitised,student_digitised,320122.334,4665286.753
student:01771,student_standardised,100004e13,K-35-062-4_Asenovgrad_4326,burial_mound,out_of_scope,as_digitised,student_digitised,319610.703,4665607.753
student:01772,student_standardised,100004e13,K-35-062-4_Asenovgrad_4326,burial_mound,out_of_scope,as_digitised,student_digitised,317747.016,4665933.518
student:01773,student_standardised,100004e13,K-35-062-4_Asenovgrad_4326,burial_mound,out_of_scope,as_digitised,student_digitised,315262.439,4665835.631
student:01774,student_standardised,100004e13,K-35-062-4_Asenovgrad_4326,burial_mound,out_of_scope,as_digitised,student_digitised,315505.805,4665325.809
student:01775,student_standardised,100004e13,K-35-062-4_Asenovgrad_4326,burial_mound,out_of_scope,as_digitised,student_digitised,314231.588,4665196.537
student:01776,student_standardised,100004e13,K-35-062-4_Asenovgrad_4326,burial_mound,out_of_scope,as_digitised,student_digitised,329638.287,4664738.170
student:01777,student_standardised,100004e13,K-35-062-4_Asenovgrad_4326,burial_mound,out_of_scope,as_digitised,student_digitised,320628.181,4663365.509
student:01778,student_standardised,100004e13,K-35-062-4_Asenovgrad_4326,burial_mound,out_of_scope,as_digitised,student_digitised,318794.055,4663994.350
student:01779,student_standardised,100004e13,K-35-062-4_Asenovgrad_4326,burial_mound,out_of_scope,as_digitised,student_digitised,326989.749,4662075.756
student:01780,student_standardised,100004e13,K-35-062-4_Asenovgrad_4326,burial_mound,out_of_scope,as_digitised,student_digitised,327150.636,4662400.678
student:01781,student_standardised,100004e13,K-35-062-4_Asenovgrad_4326,burial_mound,directly_reviewed,own_mark,student_digitised,333026.323,4662241.449
student:01782,student_standardised,100004e13,K-35-062-4_Asenovgrad_4326,burial_mound,out_of_scope,as_digitised,student_digitised,314008.500,4661900.236
student:01783,student_standardised,100004e13,K-35-062-4_Asenovgrad_4326,burial_mound,out_of_scope,as_digitised,student_digitised,320234.554,4660103.552
student:01784,student_standardised,100004e13,K-35-062-4_Asenovgrad_4326,burial_mound,out_of_scope,as_digitised,student_digitised,322208.280,4660518.825
student:01785,student_standardised,100004e13,K-35-062-4_Asenovgrad_4326,burial_mound,out_of_scope,as_digitised,student_digitised,325350.574,4660355.356
student:01786,student_standardised,100004e13,K-35-062-4_Asenovgrad_4326,burial_mound,out_of_scope,as_digitised,student_digitised,325604.712,4660390.260
student:01787,student_standardised,100004e13,K-35-062-4_Asenovgrad_4326,burial_mound,out_of_scope,as_digitised,student_digitised,325610.020,4660531.670
student:01788,student_standardised,100004e13,K-35-062-4_Asenovgrad_4326,burial_mound,out_of_scope,as_digitised,student_digitised,331141.459,4660125.927
student:01789,student_standardised,100004e13,K-35-062-4_Asenovgrad_4326,burial_mound,out_of_scope,as_digitised,student_digitised,331238.943,4660482.496
student:01790,student_standardised,100004e13,K-35-062-4_Asenovgrad_4326,burial_mound,out_of_scope,as_digitised,student_digitised,332222.445,4660390.591
student:01791,student_standardised,100004e13,K-35-062-4_Asenovgrad_4326,burial_mound,out_of_scope,as_digitised,student_digitised,334150.780,4659784.686
student:01792,student_standardised,100004e13,K-35-062-4_Asenovgrad_4326,burial_mound,out_of_scope,as_digitised,student_digitised,333186.823,4659333.047
student:01793,student_standardised,100004e13,K-35-062-4_Asenovgrad_4326,burial_mound,out_of_scope,as_digitised,student_digitised,329757.505,4659298.237
student:01794,student_standardised,100004e13,K-35-062-4_Asenovgrad_4326,burial_mound,out_of_scope,as_digitised,student_digitised,324926.823,4659524.671
student:01795,student_standardised,100004e13,K-35-062-4_Asenovgrad_4326,burial_mound,out_of_scope,as_digitised,student_digitised,324949.046,4659418.055
student:01796,student_standardised,100004e13,K-35-062-4_Asenovgrad_4326,burial_mound,directly_reviewed,own_mark,student_digitised,324930.727,4659242.191
student:01797,student_standardised,100004e13,K-35-062-4_Asenovgrad_4326,burial_mound,out_of_scope,as_digitised,student_digitised,321360.434,4659679.715
student:01798,student_standardised,100004e13,K-35-062-4_Asenovgrad_4326,burial_mound,out_of_scope,as_digitised,student_digitised,325070.154,4657367.597
student:01799,student_standardised,100004e13,K-35-062-4_Asenovgrad_4326,burial_mound,out_of_scope,as_digitised,student_digitised,331243.652,4656150.819
student:01800,student_standardised,100004e13,K-35-062-4_Asenovgrad_4326,burial_mound,out_of_scope,as_digitised,student_digitised,327856.787,4656678.503
student:01801,student_standardised,100004e13,K-35-062-4_Asenovgrad_4326,burial_mound,out_of_scope,as_digitised,student_digitised,327693.015,4656580.920
student:01802,student_standardised,100004e13,K-35-062-4_Asenovgrad_4326,burial_mound,out_of_scope,as_digitised,student_digitised,318614.995,4655531.722
student:01803,student_standardised,100004e13,K-35-062-4_Asenovgrad_4326,burial_mound,out_of_scope,as_digitised,student_digitised,324325.479,4655918.550
student:01804,student_standardised,100004e13,K-35-062-4_Asenovgrad_4326,burial_mound,out_of_scope,as_digitised,student_digitised,326300.608,4655649.470
student:01805,student_standardised,100004e13,K-35-062-4_Asenovgrad_4326,burial_mound,out_of_scope,as_digitised,student_digitised,326810.418,4655895.652
student:01806,student_standardised,100004e13,K-35-062-4_Asenovgrad_4326,burial_mound,out_of_scope,as_digitised,student_digitised,331788.723,4655773.220
student:01807,student_standardised,100004e13,K-35-062-4_Asenovgrad_4326,burial_mound,out_of_scope,as_digitised,student_digitised,333164.427,4655656.489
student:01808,student_standardised,100004e13,K-35-062-4_Asenovgrad_4326,burial_mound,out_of_scope,as_digitised,student_digitised,332713.500,4654410.500
student:01809,student_standardised,100004e13,K-35-062-4_Asenovgrad_4326,burial_mound,out_of_scope,as_digitised,student_digitised,330840.413,4654951.698
student:01810,student_standardised,100004e13,K-35-062-4_Asenovgrad_4326,burial_mound,out_of_scope,as_digitised,student_digitised,330739.349,4654990.616
student:01811,student_standardised,100004e13,K-35-062-4_Asenovgrad_4326,burial_mound,out_of_scope,as_digitised,student_digitised,319760.702,4654648.939
student:01812,student_standardised,100004e13,K-35-062-4_Asenovgrad_4326,burial_mound,out_of_scope,as_digitised,student_digitised,325178.613,4653101.800
student:01813,student_standardised,100004e13,K-35-062-4_Asenovgrad_4326,burial_mound,out_of_scope,as_digitised,student_digitised,325264.376,4653078.011
student:01814,student_standardised,100004e13,K-35-062-4_Asenovgrad_4326,burial_mound,out_of_scope,as_digitised,student_digitised,328227.191,4653529.450
student:01815,student_standardised,100004e13,K-35-062-4_Asenovgrad_4326,burial_mound,out_of_scope,as_digitised,student_digitised,332381.907,4653401.355
student:01816,student_standardised,100004e13,K-35-062-4_Asenovgrad_4326,burial_mound,out_of_scope,as_digitised,student_digitised,332681.863,4653303.918
student:01817,student_standardised,100004e13,K-35-062-4_Asenovgrad_4326,burial_mound,out_of_scope,as_digitised,student_digitised,331491.031,4652968.913
student:01818,student_standardised,100004e13,K-35-062-4_Asenovgrad_4326,burial_mound,out_of_scope,as_digitised,student_digitised,329915.136,4652115.388
student:01819,student_standardised,100004e13,K-35-062-4_Asenovgrad_4326,burial_mound,out_of_scope,as_digitised,student_digitised,328745.648,4652349.872
student:01820,student_standardised,100004e13,K-35-062-4_Asenovgrad_4326,burial_mound,out_of_scope,as_digitised,student_digitised,332932.879,4652757.198
student:01821,student_standardised,100004e13,K-35-062-4_Asenovgrad_4326,burial_mound,out_of_scope,as_digitised,student_digitised,331588.570,4652204.586
student:01822,student_standardised,100003e13,K-35-062-4_Asenovgrad_4326,burial_mound,out_of_scope,as_digitised,student_digitised,334642.465,4670667.011
student:01823,student_standardised,100003e13,K-35-062-4_Asenovgrad_4326,burial_mound,out_of_scope,as_digitised,student_digitised,334404.217,4670688.739
student:01824,student_standardised,100003e13,K-35-062-4_Asenovgrad_4326,burial_mound,out_of_scope,as_digitised,student_digitised,318123.081,4670753.558
student:01825,student_standardised,100004e13,K-35-062-4_Asenovgrad_4326,burial_mound,out_of_scope,as_digitised,student_digitised,318434.080,4662138.143
student:01826,student_standardised,100004e13,K-35-062-4_Asenovgrad_4326,burial_mound,out_of_scope,as_digitised,student_digitised,317883.119,4661241.111
student:01827,student_standardised,100004e13,K-35-062-4_Asenovgrad_4326,burial_mound,out_of_scope,as_digitised,student_digitised,326685.840,4656445.486
student:01828,student_standardised,100006e13,K-35-063-1_Granit_4326,burial_mound,out_of_scope,as_digitised,student_digitised,336972.502,4687140.674
student:01829,student_standardised,100006e13,K-35-063-1_Granit_4326,burial_mound,out_of_scope,as_digitised,student_digitised,337362.914,4687097.787
student:01830,student_standardised,100006e13,K-35-063-1_Granit_4326,burial_mound,out_of_scope,as_digitised,student_digitised,338395.925,4688336.758
student:01831,student_standardised,100006e13,K-35-063-1_Granit_4326,burial_mound,out_of_scope,as_digitised,student_digitised,338275.913,4687900.531
student:01832,student_standardised,100006e13,K-35-063-1_Granit_4326,burial_mound,out_of_scope,as_digitised,student_digitised,338126.120,4687482.330
student:01833,student_standardised,100006e13,K-35-063-1_Granit_4326,burial_mound,out_of_scope,as_digitised,student_digitised,338124.979,4687051.948
student:01834,student_standardised,100006e13,K-35-063-1_Granit_4326,burial_mound,out_of_scope,as_digitised,student_digitised,341594.405,4688084.907
student:01835,student_standardised,100006e13,K-35-063-1_Granit_4326,burial_mound,out_of_scope,as_digitised,student_digitised,342324.138,4688289.842
student:01836,student_standardised,100006e13,K-35-063-1_Granit_4326,burial_mound,out_of_scope,as_digitised,student_digitised,342326.319,4688196.491
student:01837,student_standardised,100006e13,K-35-063-1_Granit_4326,burial_mound,out_of_scope,as_digitised,student_digitised,343952.455,4687825.376
student:01838,student_standardised,100006e13,K-35-063-1_Granit_4326,burial_mound,out_of_scope,as_digitised,student_digitised,352887.752,4687581.092
student:01839,student_standardised,100006e13,K-35-063-1_Granit_4326,burial_mound,out_of_scope,as_digitised,student_digitised,354572.771,4688158.192
student:01840,student_standardised,100006e13,K-35-063-1_Granit_4326,burial_mound,out_of_scope,as_digitised,student_digitised,353801.336,4687969.679
student:01841,student_standardised,100006e13,K-35-063-1_Granit_4326,burial_mound,directly_reviewed,own_mark,student_digitised,354192.975,4685508.405
student:01842,student_standardised,100006e13,K-35-063-1_Granit_4326,burial_mound,out_of_scope,as_digitised,student_digitised,353350.404,4685041.289
student:01843,student_standardised,100006e13,K-35-063-1_Granit_4326,burial_mound,out_of_scope,as_digitised,student_digitised,351637.604,4686384.040
student:01844,student_standardised,100006e13,K-35-063-1_Granit_4326,burial_mound,out_of_scope,as_digitised,student_digitised,349168.160,4686627.693
student:01845,student_standardised,100006e13,K-35-063-1_Granit_4326,burial_mound,out_of_scope,as_digitised,student_digitised,348515.365,4686100.039
student:01846,student_standardised,100006e13,K-35-063-1_Granit_4326,burial_mound,out_of_scope,as_digitised,student_digitised,347370.910,4685086.439
student:01847,student_standardised,100006e13,K-35-063-1_Granit_4326,burial_mound,out_of_scope,as_digitised,student_digitised,346563.656,4686190.001
student:01848,student_standardised,100006e13,K-35-063-1_Granit_4326,burial_mound,out_of_scope,as_digitised,student_digitised,342425.264,4685710.002
student:01849,student_standardised,100006e13,K-35-063-1_Granit_4326,burial_mound,out_of_scope,as_digitised,student_digitised,342033.858,4686943.627
student:01850,student_standardised,100006e13,K-35-063-1_Granit_4326,burial_mound,proxy_confirmed,claimant_mark,student_digitised,342174.048,4686542.252
student:01851,student_standardised,100006e13,K-35-063-1_Granit_4326,burial_mound,out_of_scope,as_digitised,student_digitised,339196.560,4685024.116
student:01852,student_standardised,100006e13,K-35-063-1_Granit_4326,burial_mound,out_of_scope,as_digitised,student_digitised,337866.260,4685133.987
student:01853,student_standardised,100006e13,K-35-063-1_Granit_4326,burial_mound,out_of_scope,as_digitised,student_digitised,337265.226,4684532.588
student:01854,student_standardised,100006e13,K-35-063-1_Granit_4326,burial_mound,out_of_scope,as_digitised,student_digitised,336815.509,4683564.412
student:01855,student_standardised,100006e13,K-35-063-1_Granit_4326,burial_mound,out_of_scope,as_digitised,student_digitised,336612.627,4683854.125
student:01856,student_standardised,100006e13,K-35-063-1_Granit_4326,burial_mound,out_of_scope,as_digitised,student_digitised,336708.716,4683986.790
student:01857,student_standardised,100006e13,K-35-063-1_Granit_4326,burial_mound,out_of_scope,as_digitised,student_digitised,335617.334,4683518.477
student:01858,student_standardised,100006e13,K-35-063-1_Granit_4326,burial_mound,out_of_scope,as_digitised,student_digitised,337080.291,4682735.337
student:01859,student_standardised,100006e13,K-35-063-1_Granit_4326,burial_mound,out_of_scope,as_digitised,student_digitised,339634.997,4682655.693
student:01860,student_standardised,100006e13,K-35-063-1_Granit_4326,burial_mound,out_of_scope,as_digitised,student_digitised,339595.674,4682523.318
student:01861,student_standardised,100006e13,K-35-063-1_Granit_4326,burial_mound,out_of_scope,as_digitised,student_digitised,339784.725,4682264.756
student:01862,student_standardised,100005e13,K-35-063-1_Granit_4326,burial_mound,directly_reviewed,own_mark,student_digitised,355758.679,4683816.212
student:01863,student_standardised,100005e13,K-35-063-1_Granit_4326,burial_mound,directly_reviewed,own_mark,student_digitised,355901.320,4683609.553
student:01864,student_standardised,100006e13,K-35-063-1_Granit_4326,burial_mound,out_of_scope,as_digitised,student_digitised,344145.796,4682176.698
student:01865,student_standardised,100006e13,K-35-063-1_Granit_4326,burial_mound,directly_reviewed,own_mark,student_digitised,344517.383,4682586.681
student:01866,student_standardised,100006e13,K-35-063-1_Granit_4326,burial_mound,directly_reviewed,own_mark,student_digitised,344591.422,4682583.495
student:01867,student_standardised,100006e13,K-35-063-1_Granit_4326,burial_mound,out_of_scope,as_digitised,student_digitised,346053.700,4682211.410
student:01868,student_standardised,100006e13,K-35-063-1_Granit_4326,burial_mound,directly_reviewed,own_mark,student_digitised,346250.262,4682404.071
student:01869,student_standardised,100006e13,K-35-063-1_Granit_4326,burial_mound,out_of_scope,as_digitised,student_digitised,346562.352,4682609.041
student:01870,student_standardised,100006e13,K-35-063-1_Granit_4326,burial_mound,out_of_scope,as_digitised,student_digitised,346780.158,4682596.964
student:01871,student_standardised,100006e13,K-35-063-1_Granit_4326,burial_mound,out_of_scope,as_digitised,student_digitised,347846.563,4682332.685
student:01872,student_standardised,100006e13,K-35-063-1_Granit_4326,burial_mound,out_of_scope,as_digitised,student_digitised,347955.676,4682489.319
student:01873,student_standardised,100006e13,K-35-063-1_Granit_4326,burial_mound,out_of_scope,as_digitised,student_digitised,348862.303,4682372.718
student:01874,student_standardised,100006e13,K-35-063-1_Granit_4326,burial_mound,out_of_scope,as_digitised,student_digitised,349607.788,4682409.480
student:01875,student_standardised,100006e13,K-35-063-1_Granit_4326,burial_mound,directly_reviewed,own_mark,student_digitised,350546.472,4682317.174
student:01876,student_standardised,100004e13,K-35-063-1_Granit_4326,burial_mound,directly_reviewed,own_mark,student_digitised,347510.787,4669798.737
student:01877,student_standardised,100006e13,K-35-063-1_Granit_4326,burial_mound,out_of_scope,as_digitised,student_digitised,350896.528,4682196.874
student:01878,student_standardised,100004e13,K-35-063-1_Granit_4326,bench_mark_on_mound,directly_reviewed,own_mark,student_digitised,349041.670,4669614.270
student:01879,student_standardised,100004e13,K-35-063-1_Granit_4326,burial_mound,directly_reviewed,own_mark,student_digitised,351901.417,4669737.304
student:01880,student_standardised,100006e13,K-35-063-1_Granit_4326,burial_mound,out_of_scope,as_digitised,student_digitised,351171.576,4681999.592
student:01881,student_standardised,100006e13,K-35-063-1_Granit_4326,burial_mound,out_of_scope,as_digitised,student_digitised,351390.587,4681994.354
student:01882,student_standardised,100004e13,K-35-063-1_Granit_4326,burial_mound,directly_reviewed,own_mark,student_digitised,353144.395,4669429.574
student:01883,student_standardised,100006e13,K-35-063-1_Granit_4326,burial_mound,out_of_scope,as_digitised,student_digitised,351810.733,4682027.772
student:01884,student_standardised,100006e13,K-35-063-1_Granit_4326,burial_mound,out_of_scope,as_digitised,student_digitised,351897.728,4682030.707
student:01885,student_standardised,100006e13,K-35-063-1_Granit_4326,burial_mound,out_of_scope,as_digitised,student_digitised,353991.804,4682154.460
student:01886,student_standardised,100006e13,K-35-063-1_Granit_4326,burial_mound,out_of_scope,as_digitised,student_digitised,354115.043,4682084.102
student:01887,student_standardised,100006e13,K-35-063-1_Granit_4326,burial_mound,out_of_scope,as_digitised,student_digitised,354323.388,4681435.047
student:01888,student_standardised,100006e13,K-35-063-1_Granit_4326,burial_mound,out_of_scope,as_digitised,student_digitised,354239.935,4681392.524
student:01889,student_standardised,100006e13,K-35-063-1_Granit_4326,burial_mound,out_of_scope,as_digitised,student_digitised,353337.946,4681330.597
student:01890,student_standardised,100006e13,K-35-063-1_Granit_4326,burial_mound,out_of_scope,as_digitised,student_digitised,353213.960,4681437.556
student:01891,student_standardised,100006e13,K-35-063-1_Granit_4326,burial_mound,out_of_scope,as_digitised,student_digitised,353033.865,4681481.880
student:01892,student_standardised,100006e13,K-35-063-1_Granit_4326,burial_mound,out_of_scope,as_digitised,student_digitised,353045.886,4681940.379
student:01893,student_standardised,100006e13,K-35-063-1_Granit_4326,burial_mound,out_of_scope,as_digitised,student_digitised,352814.208,4681549.730
student:01894,student_standardised,100006e13,K-35-063-1_Granit_4326,burial_mound,out_of_scope,as_digitised,student_digitised,352351.848,4681761.981
student:01895,student_standardised,100006e13,K-35-063-1_Granit_4326,burial_mound,out_of_scope,as_digitised,student_digitised,349385.405,4681041.431
student:01896,student_standardised,100006e13,K-35-063-1_Granit_4326,burial_mound,out_of_scope,as_digitised,student_digitised,347634.270,4681915.268
student:01897,student_standardised,100006e13,K-35-063-1_Granit_4326,burial_mound,out_of_scope,as_digitised,student_digitised,347248.196,4681525.359
student:01898,student_standardised,100006e13,K-35-063-1_Granit_4326,burial_mound,directly_reviewed,own_mark,student_digitised,342508.624,4681836.208
student:01899,student_standardised,100006e13,K-35-063-1_Granit_4326,burial_mound,directly_reviewed,own_mark,student_digitised,342494.045,4681906.671
student:01900,student_standardised,100006e13,K-35-063-1_Granit_4326,burial_mound,out_of_scope,as_digitised,student_digitised,337350.834,4681010.113
student:01901,student_standardised,100006e13,K-35-063-1_Granit_4326,burial_mound,out_of_scope,as_digitised,student_digitised,336704.667,4681830.369
student:01902,student_standardised,100006e13,K-35-063-1_Granit_4326,burial_mound,out_of_scope,as_digitised,student_digitised,336578.609,4680368.258
student:01903,student_standardised,100006e13,K-35-063-1_Granit_4326,burial_mound,out_of_scope,as_digitised,student_digitised,336691.731,4680354.515
student:01904,student_standardised,100006e13,K-35-063-1_Granit_4326,burial_mound,out_of_scope,as_digitised,student_digitised,345142.566,4680836.078
student:01905,student_standardised,100006e13,K-35-063-1_Granit_4326,burial_mound,directly_reviewed,own_mark,student_digitised,347852.085,4680716.795
student:01906,student_standardised,100006e13,K-35-063-1_Granit_4326,burial_mound,out_of_scope,as_digitised,student_digitised,347430.717,4679589.148
student:01907,student_standardised,100006e13,K-35-063-1_Granit_4326,burial_mound,directly_reviewed,own_mark,student_digitised,347371.851,4679695.713
student:01908,student_standardised,100006e13,K-35-063-1_Granit_4326,trig_point_on_mound,directly_reviewed,own_mark,student_digitised,347320.876,4679712.560
student:01909,student_standardised,100006e13,K-35-063-1_Granit_4326,burial_mound,out_of_scope,as_digitised,student_digitised,347023.902,4679808.285
student:01910,student_standardised,100006e13,K-35-063-1_Granit_4326,burial_mound,out_of_scope,as_digitised,student_digitised,346617.068,4679833.446
student:01911,student_standardised,100006e13,K-35-063-1_Granit_4326,burial_mound,out_of_scope,as_digitised,student_digitised,345659.291,4679272.395
student:01912,student_standardised,100006e13,K-35-063-1_Granit_4326,burial_mound,out_of_scope,as_digitised,student_digitised,345560.893,4679258.549
student:01913,student_standardised,100006e13,K-35-063-1_Granit_4326,burial_mound,out_of_scope,as_digitised,student_digitised,345793.482,4679768.961
student:01914,student_standardised,100006e13,K-35-063-1_Granit_4326,burial_mound,out_of_scope,as_digitised,student_digitised,345663.077,4679953.077
student:01915,student_standardised,100006e13,K-35-063-1_Granit_4326,burial_mound,out_of_scope,as_digitised,student_digitised,341289.357,4679040.805
student:01916,student_standardised,100006e13,K-35-063-1_Granit_4326,burial_mound,out_of_scope,as_digitised,student_digitised,341216.176,4679070.011
student:01917,student_standardised,100006e13,K-35-063-1_Granit_4326,burial_mound,out_of_scope,as_digitised,student_digitised,340943.714,4679054.115
student:01918,student_standardised,100006e13,K-35-063-1_Granit_4326,burial_mound,out_of_scope,as_digitised,student_digitised,339228.150,4679872.141
student:01919,student_standardised,100006e13,K-35-063-1_Granit_4326,burial_mound,directly_reviewed,own_mark,student_digitised,336505.517,4679842.339
student:01920,student_standardised,100006e13,K-35-063-1_Granit_4326,burial_mound,directly_reviewed,own_mark,student_digitised,336426.126,4679830.946
student:01921,student_standardised,100006e13,K-35-063-1_Granit_4326,burial_mound,out_of_scope,as_digitised,student_digitised,336419.046,4679911.657
student:01922,student_standardised,100006e13,K-35-063-1_Granit_4326,burial_mound,directly_reviewed,own_mark,student_digitised,335384.804,4678980.585
student:01923,student_standardised,100006e13,K-35-063-1_Granit_4326,burial_mound,out_of_scope,as_digitised,student_digitised,335063.463,4678367.776
student:01924,student_standardised,100006e13,K-35-063-1_Granit_4326,burial_mound,out_of_scope,as_digitised,student_digitised,336674.490,4678061.722
student:01925,student_standardised,100006e13,K-35-063-1_Granit_4326,burial_mound,out_of_scope,as_digitised,student_digitised,341167.755,4678674.620
student:01926,student_standardised,100006e13,K-35-063-1_Granit_4326,burial_mound,out_of_scope,as_digitised,student_digitised,343733.778,4678508.431
student:01927,student_standardised,100006e13,K-35-063-1_Granit_4326,burial_mound,out_of_scope,as_digitised,student_digitised,344064.912,4678148.318
student:01928,student_standardised,100006e13,K-35-063-1_Granit_4326,burial_mound,out_of_scope,as_digitised,student_digitised,344105.316,4678520.507
student:01929,student_standardised,100006e13,K-35-063-1_Granit_4326,burial_mound,out_of_scope,as_digitised,student_digitised,345937.943,4678698.994
student:01930,student_standardised,100006e13,K-35-063-1_Granit_4326,burial_mound,out_of_scope,as_digitised,student_digitised,345957.095,4678193.242
student:01931,student_standardised,100006e13,K-35-063-1_Granit_4326,burial_mound,out_of_scope,as_digitised,student_digitised,346202.775,4678475.209
student:01932,student_standardised,100006e13,K-35-063-1_Granit_4326,burial_mound,out_of_scope,as_digitised,student_digitised,347119.239,4678312.259
student:01933,student_standardised,100006e13,K-35-063-1_Granit_4326,burial_mound,out_of_scope,as_digitised,student_digitised,351052.302,4678690.187
student:01934,student_standardised,100006e13,K-35-063-1_Granit_4326,burial_mound,out_of_scope,as_digitised,student_digitised,351888.434,4678596.650
student:01935,student_standardised,100006e13,K-35-063-1_Granit_4326,burial_mound,out_of_scope,as_digitised,student_digitised,353268.722,4678207.742
student:01936,student_standardised,100006e13,K-35-063-1_Granit_4326,burial_mound,out_of_scope,as_digitised,student_digitised,353389.389,4678008.066
student:01937,student_standardised,100006e13,K-35-063-1_Granit_4326,burial_mound,out_of_scope,as_digitised,student_digitised,351837.493,4677044.528
student:01938,student_standardised,100006e13,K-35-063-1_Granit_4326,burial_mound,out_of_scope,as_digitised,student_digitised,351748.194,4677037.293
student:01939,student_standardised,100006e13,K-35-063-1_Granit_4326,burial_mound,out_of_scope,as_digitised,student_digitised,346167.312,4677738.244
student:01940,student_standardised,100006e13,K-35-063-1_Granit_4326,burial_mound,out_of_scope,as_digitised,student_digitised,346030.349,4677119.809
student:01941,student_standardised,100006e13,K-35-063-1_Granit_4326,burial_mound,out_of_scope,as_digitised,student_digitised,344889.195,4677215.679
student:01942,student_standardised,100006e13,K-35-063-1_Granit_4326,burial_mound,directly_reviewed,own_mark,student_digitised,342879.174,4677233.693
student:01943,student_standardised,100006e13,K-35-063-1_Granit_4326,burial_mound,out_of_scope,as_digitised,student_digitised,341058.499,4677002.642
student:01944,student_standardised,100006e13,K-35-063-1_Granit_4326,burial_mound,out_of_scope,as_digitised,student_digitised,340649.055,4677295.742
student:01945,student_standardised,100006e13,K-35-063-1_Granit_4326,burial_mound,out_of_scope,as_digitised,student_digitised,340573.300,4677334.166
student:01946,student_standardised,100006e13,K-35-063-1_Granit_4326,burial_mound,out_of_scope,as_digitised,student_digitised,339682.612,4677516.711
student:01947,student_standardised,100006e13,K-35-063-1_Granit_4326,burial_mound,out_of_scope,as_digitised,student_digitised,339631.088,4677700.893
student:01948,student_standardised,100006e13,K-35-063-1_Granit_4326,burial_mound,out_of_scope,as_digitised,student_digitised,339657.983,4677826.971
student:01949,student_standardised,100006e13,K-35-063-1_Granit_4326,burial_mound,out_of_scope,as_digitised,student_digitised,338658.093,4677472.043
student:01950,student_standardised,100006e13,K-35-063-1_Granit_4326,burial_mound,out_of_scope,as_digitised,student_digitised,338521.626,4677513.040
student:01951,student_standardised,100006e13,K-35-063-1_Granit_4326,burial_mound,out_of_scope,as_digitised,student_digitised,335755.440,4677097.601
student:01952,student_standardised,100006e13,K-35-063-1_Granit_4326,burial_mound,out_of_scope,as_digitised,student_digitised,335742.729,4677210.646
student:01953,student_standardised,100006e13,K-35-063-1_Granit_4326,burial_mound,proxy_confirmed,claimant_mark,student_digitised,335683.758,4677140.744
student:01954,student_standardised,100006e13,K-35-063-1_Granit_4326,burial_mound,out_of_scope,as_digitised,student_digitised,335460.535,4677228.126
student:01955,student_standardised,100006e13,K-35-063-1_Granit_4326,burial_mound,out_of_scope,as_digitised,student_digitised,335262.117,4677364.989
student:01956,student_standardised,100006e13,K-35-063-1_Granit_4326,burial_mound,out_of_scope,as_digitised,student_digitised,334989.126,4677482.188
student:01957,student_standardised,100006e13,K-35-063-1_Granit_4326,burial_mound,proxy_confirmed,claimant_mark,student_digitised,337154.770,4676664.831
student:01958,student_standardised,100006e13,K-35-063-1_Granit_4326,burial_mound,out_of_scope,as_digitised,student_digitised,338566.993,4676934.328
student:01959,student_standardised,100006e13,K-35-063-1_Granit_4326,burial_mound,out_of_scope,as_digitised,student_digitised,341673.973,4676107.449
student:01960,student_standardised,100006e13,K-35-063-1_Granit_4326,burial_mound,out_of_scope,as_digitised,student_digitised,343249.550,4676864.272
student:01961,student_standardised,100006e13,K-35-063-1_Granit_4326,burial_mound,out_of_scope,as_digitised,student_digitised,343456.441,4676214.346
student:01962,student_standardised,100006e13,K-35-063-1_Granit_4326,burial_mound,out_of_scope,as_digitised,student_digitised,344766.993,4676021.846
student:01963,student_standardised,100006e13,K-35-063-1_Granit_4326,burial_mound,out_of_scope,as_digitised,student_digitised,346036.187,4676735.802
student:01964,student_standardised,100006e13,K-35-063-1_Granit_4326,burial_mound,out_of_scope,as_digitised,student_digitised,346220.754,4676413.135
student:01965,student_standardised,100006e13,K-35-063-1_Granit_4326,burial_mound,out_of_scope,as_digitised,student_digitised,346314.072,4676805.385
student:01966,student_standardised,100006e13,K-35-063-1_Granit_4326,burial_mound,out_of_scope,as_digitised,student_digitised,346520.484,4676589.610
student:01967,student_standardised,100006e13,K-35-063-1_Granit_4326,burial_mound,out_of_scope,as_digitised,student_digitised,346858.235,4676771.121
student:01968,student_standardised,100006e13,K-35-063-1_Granit_4326,burial_mound,out_of_scope,as_digitised,student_digitised,346932.886,4676844.199
student:01969,student_standardised,100006e13,K-35-063-1_Granit_4326,burial_mound,out_of_scope,as_digitised,student_digitised,347081.296,4676587.756
student:01970,student_standardised,100006e13,K-35-063-1_Granit_4326,burial_mound,out_of_scope,as_digitised,student_digitised,350761.044,4676316.669
student:01971,student_standardised,100006e13,K-35-063-1_Granit_4326,burial_mound,out_of_scope,as_digitised,student_digitised,351485.234,4676954.711
student:01972,student_standardised,100006e13,K-35-063-1_Granit_4326,burial_mound,proxy_confirmed,claimant_mark,student_digitised,351892.655,4676232.500
student:01973,student_standardised,100006e13,K-35-063-1_Granit_4326,burial_mound,out_of_scope,as_digitised,student_digitised,346405.126,4675728.012
student:01974,student_standardised,100006e13,K-35-063-1_Granit_4326,burial_mound,out_of_scope,as_digitised,student_digitised,345322.613,4675212.471
student:01975,student_standardised,100006e13,K-35-063-1_Granit_4326,burial_mound,out_of_scope,as_digitised,student_digitised,345299.707,4675413.269
student:01976,student_standardised,100006e13,K-35-063-1_Granit_4326,burial_mound,out_of_scope,as_digitised,student_digitised,344983.318,4675120.884
student:01977,student_standardised,100006e13,K-35-063-1_Granit_4326,burial_mound,out_of_scope,as_digitised,student_digitised,343251.187,4675856.549
student:01978,student_standardised,100006e13,K-35-063-1_Granit_4326,burial_mound,out_of_scope,as_digitised,student_digitised,342785.430,4675814.687
student:01979,student_standardised,100006e13,K-35-063-1_Granit_4326,burial_mound,out_of_scope,as_digitised,student_digitised,342056.216,4675499.747
student:01980,student_standardised,100006e13,K-35-063-1_Granit_4326,burial_mound,out_of_scope,as_digitised,student_digitised,340739.686,4675068.922
student:01981,student_standardised,100006e13,K-35-063-1_Granit_4326,burial_mound,directly_reviewed,own_mark,student_digitised,340677.011,4675234.338
student:01982,student_standardised,100006e13,K-35-063-1_Granit_4326,burial_mound,directly_reviewed,own_mark,student_digitised,340655.503,4675297.295
student:01983,student_standardised,100006e13,K-35-063-1_Granit_4326,burial_mound,out_of_scope,as_digitised,student_digitised,340357.845,4675762.101
student:01984,student_standardised,100006e13,K-35-063-1_Granit_4326,burial_mound,out_of_scope,as_digitised,student_digitised,339652.492,4675622.810
student:01985,student_standardised,100006e13,K-35-063-1_Granit_4326,burial_mound,out_of_scope,as_digitised,student_digitised,334818.020,4675796.616
student:01986,student_standardised,100006e13,K-35-063-1_Granit_4326,burial_mound,out_of_scope,as_digitised,student_digitised,336877.597,4674924.160
student:01987,student_standardised,100006e13,K-35-063-1_Granit_4326,burial_mound,out_of_scope,as_digitised,student_digitised,336674.630,4674533.067
student:01988,student_standardised,100006e13,K-35-063-1_Granit_4326,burial_mound,out_of_scope,as_digitised,student_digitised,336585.258,4674029.083
student:01989,student_standardised,100006e13,K-35-063-1_Granit_4326,burial_mound,out_of_scope,as_digitised,student_digitised,340033.039,4674106.395
student:01990,student_standardised,100006e13,K-35-063-1_Granit_4326,burial_mound,out_of_scope,as_digitised,student_digitised,340285.358,4674124.389
student:01991,student_standardised,100006e13,K-35-063-1_Granit_4326,burial_mound,out_of_scope,as_digitised,student_digitised,340494.255,4674543.003
student:01992,student_standardised,100006e13,K-35-063-1_Granit_4326,burial_mound,out_of_scope,as_digitised,student_digitised,340547.377,4674446.918
student:01993,student_standardised,100006e13,K-35-063-1_Granit_4326,burial_mound,out_of_scope,as_digitised,student_digitised,340532.488,4674202.498
student:01994,student_standardised,100006e13,K-35-063-1_Granit_4326,burial_mound,out_of_scope,as_digitised,student_digitised,340533.621,4674091.307
student:01995,student_standardised,100006e13,K-35-063-1_Granit_4326,burial_mound,out_of_scope,as_digitised,student_digitised,340592.424,4673977.044
student:01996,student_standardised,100006e13,K-35-063-1_Granit_4326,burial_mound,out_of_scope,as_digitised,student_digitised,342085.538,4674183.237
student:01997,student_standardised,100006e13,K-35-063-1_Granit_4326,burial_mound,out_of_scope,as_digitised,student_digitised,343032.194,4674262.470
student:01998,student_standardised,100006e13,K-35-063-1_Granit_4326,burial_mound,out_of_scope,as_digitised,student_digitised,344515.442,4674402.887
student:01999,student_standardised,100006e13,K-35-063-1_Granit_4326,burial_mound,directly_reviewed,own_mark,student_digitised,347221.864,4674191.862
student:02000,student_standardised,100006e13,K-35-063-1_Granit_4326,burial_mound,proxy_confirmed,claimant_mark,student_digitised,347380.924,4674963.264
student:02001,student_standardised,100006e13,K-35-063-1_Granit_4326,burial_mound,out_of_scope,as_digitised,student_digitised,347450.236,4674516.800
student:02002,student_standardised,100006e13,K-35-063-1_Granit_4326,burial_mound,out_of_scope,as_digitised,student_digitised,347550.677,4674945.287
student:02003,student_standardised,100006e13,K-35-063-1_Granit_4326,burial_mound,out_of_scope,as_digitised,student_digitised,347622.309,4674727.403
student:02004,student_standardised,100006e13,K-35-063-1_Granit_4326,burial_mound,out_of_scope,as_digitised,student_digitised,347664.661,4674928.700
student:02005,student_standardised,100006e13,K-35-063-1_Granit_4326,burial_mound,out_of_scope,as_digitised,student_digitised,347778.817,4674845.799
student:02006,student_standardised,100006e13,K-35-063-1_Granit_4326,burial_mound,out_of_scope,as_digitised,student_digitised,347783.583,4674748.023
student:02007,student_standardised,100006e13,K-35-063-1_Granit_4326,burial_mound,out_of_scope,as_digitised,student_digitised,351380.007,4674573.979
student:02008,student_standardised,100006e13,K-35-063-1_Granit_4326,burial_mound,out_of_scope,as_digitised,student_digitised,353068.564,4673082.787
student:02009,student_standardised,100006e13,K-35-063-1_Granit_4326,burial_mound,out_of_scope,as_digitised,student_digitised,350996.533,4673717.020
student:02010,student_standardised,100006e13,K-35-063-1_Granit_4326,burial_mound,out_of_scope,as_digitised,student_digitised,347450.960,4673803.753
student:02011,student_standardised,100006e13,K-35-063-1_Granit_4326,burial_mound,out_of_scope,as_digitised,student_digitised,341806.052,4673509.120
student:02012,student_standardised,100006e13,K-35-063-1_Granit_4326,burial_mound,out_of_scope,as_digitised,student_digitised,340724.125,4673773.851
student:02013,student_standardised,100006e13,K-35-063-1_Granit_4326,burial_mound,out_of_scope,as_digitised,student_digitised,340730.211,4673624.894
student:02014,student_standardised,100006e13,K-35-063-1_Granit_4326,burial_mound,out_of_scope,as_digitised,student_digitised,340544.369,4673419.284
student:02015,student_standardised,100006e13,K-35-063-1_Granit_4326,burial_mound,out_of_scope,as_digitised,student_digitised,340810.800,4673273.567
student:02016,student_standardised,100006e13,K-35-063-1_Granit_4326,burial_mound,out_of_scope,as_digitised,student_digitised,337288.931,4673484.817
student:02017,student_standardised,100006e13,K-35-063-1_Granit_4326,burial_mound,out_of_scope,as_digitised,student_digitised,336030.592,4673754.001
student:02018,student_standardised,100006e13,K-35-063-1_Granit_4326,burial_mound,directly_reviewed,own_mark,student_digitised,335556.722,4672800.353
student:02019,student_standardised,100006e13,K-35-063-1_Granit_4326,burial_mound,out_of_scope,as_digitised,student_digitised,335568.867,4672458.988
student:02020,student_standardised,100006e13,K-35-063-1_Granit_4326,burial_mound,out_of_scope,as_digitised,student_digitised,336740.837,4672318.079
student:02021,student_standardised,100006e13,K-35-063-1_Granit_4326,burial_mound,out_of_scope,as_digitised,student_digitised,345563.443,4672185.792
student:02022,student_standardised,100006e13,K-35-063-1_Granit_4326,burial_mound,directly_reviewed,own_mark,student_digitised,346099.708,4672736.119
student:02023,student_standardised,100006e13,K-35-063-1_Granit_4326,burial_mound,directly_reviewed,own_mark,student_digitised,346083.830,4672656.583
student:02024,student_standardised,100006e13,K-35-063-1_Granit_4326,burial_mound,directly_reviewed,own_mark,student_digitised,346148.476,4672665.832
student:02025,student_standardised,100006e13,K-35-063-1_Granit_4326,burial_mound,out_of_scope,as_digitised,student_digitised,346357.449,4672034.432
student:02026,student_standardised,100006e13,K-35-063-1_Granit_4326,burial_mound,out_of_scope,as_digitised,student_digitised,346939.599,4672614.733
student:02027,student_standardised,100006e13,K-35-063-1_Granit_4326,burial_mound,out_of_scope,as_digitised,student_digitised,352981.992,4672483.148
student:02028,student_standardised,100006e13,K-35-063-1_Granit_4326,burial_mound,directly_reviewed,own_mark,student_digitised,352910.016,4672341.040
student:02029,student_standardised,100006e13,K-35-063-1_Granit_4326,burial_mound,out_of_scope,as_digitised,student_digitised,353694.046,4672836.900
student:02030,student_standardised,100006e13,K-35-063-1_Granit_4326,burial_mound,out_of_scope,as_digitised,student_digitised,353636.398,4672538.812
student:02031,student_standardised,100006e13,K-35-063-1_Granit_4326,burial_mound,out_of_scope,as_digitised,student_digitised,353603.366,4672392.547
student:02032,student_standardised,100006e13,K-35-063-1_Granit_4326,burial_mound,out_of_scope,as_digitised,student_digitised,355248.229,4671806.747
student:02033,student_standardised,100006e13,K-35-063-1_Granit_4326,burial_mound,directly_reviewed,own_mark,student_digitised,354053.690,4671950.147
student:02034,student_standardised,100006e13,K-35-063-1_Granit_4326,burial_mound,out_of_scope,as_digitised,student_digitised,353293.462,4671953.027
student:02035,student_standardised,100006e13,K-35-063-1_Granit_4326,burial_mound,out_of_scope,as_digitised,student_digitised,346937.452,4671630.641
student:02036,student_standardised,100006e13,K-35-063-1_Granit_4326,trig_point_on_mound,directly_reviewed,own_mark,student_digitised,345297.136,4671951.591
student:02037,student_standardised,100006e13,K-35-063-1_Granit_4326,burial_mound,out_of_scope,as_digitised,student_digitised,345204.649,4671939.994
student:02038,student_standardised,100006e13,K-35-063-1_Granit_4326,burial_mound,out_of_scope,as_digitised,student_digitised,345212.754,4671015.820
student:02039,student_standardised,100006e13,K-35-063-1_Granit_4326,burial_mound,out_of_scope,as_digitised,student_digitised,344749.058,4671738.702
student:02040,student_standardised,100006e13,K-35-063-1_Granit_4326,burial_mound,out_of_scope,as_digitised,student_digitised,343632.267,4671768.182
student:02041,student_standardised,100006e13,K-35-063-1_Granit_4326,burial_mound,directly_reviewed,own_mark,student_digitised,343709.460,4671857.476
student:02042,student_standardised,100006e13,K-35-063-1_Granit_4326,burial_mound,directly_reviewed,own_mark,student_digitised,343668.465,4671921.711
student:02043,student_standardised,100006e13,K-35-063-1_Granit_4326,burial_mound,out_of_scope,as_digitised,student_digitised,341612.580,4671067.819
student:02044,student_standardised,100006e13,K-35-063-1_Granit_4326,burial_mound,out_of_scope,as_digitised,student_digitised,341075.779,4671711.693
student:02045,student_standardised,100006e13,K-35-063-1_Granit_4326,burial_mound,out_of_scope,as_digitised,student_digitised,340920.198,4671836.671
student:02046,student_standardised,100006e13,K-35-063-1_Granit_4326,burial_mound,out_of_scope,as_digitised,student_digitised,340553.818,4671313.181
student:02047,student_standardised,100006e13,K-35-063-1_Granit_4326,burial_mound,out_of_scope,as_digitised,student_digitised,338997.850,4671203.938
student:02048,student_standardised,100006e13,K-35-063-1_Granit_4326,burial_mound,out_of_scope,as_digitised,student_digitised,338785.492,4671209.208
student:02049,student_standardised,100006e13,K-35-063-1_Granit_4326,burial_mound,out_of_scope,as_digitised,student_digitised,338706.755,4671059.335
student:02050,student_standardised,100006e13,K-35-063-1_Granit_4326,burial_mound,out_of_scope,as_digitised,student_digitised,336555.992,4671499.214
student:02051,student_standardised,100006e13,K-35-063-1_Granit_4326,burial_mound,out_of_scope,as_digitised,student_digitised,335123.825,4671950.699
student:02052,student_standardised,100006e13,K-35-063-1_Granit_4326,burial_mound,out_of_scope,as_digitised,student_digitised,335742.759,4671337.166
student:02053,student_standardised,100006e13,K-35-063-1_Granit_4326,burial_mound,out_of_scope,as_digitised,student_digitised,335814.079,4671290.790
student:02054,student_standardised,100006e13,K-35-063-1_Granit_4326,burial_mound,out_of_scope,as_digitised,student_digitised,335913.683,4671170.827
student:02055,student_standardised,100006e13,K-35-063-1_Granit_4326,burial_mound,out_of_scope,as_digitised,student_digitised,335828.834,4671144.904
student:02056,student_standardised,100006e13,K-35-063-1_Granit_4326,burial_mound,out_of_scope,as_digitised,student_digitised,335990.199,4670975.334
student:02057,student_standardised,100006e13,K-35-063-1_Granit_4326,burial_mound,out_of_scope,as_digitised,student_digitised,336074.812,4670947.536
student:02058,student_standardised,100006e13,K-35-063-1_Granit_4326,burial_mound,out_of_scope,as_digitised,student_digitised,336352.584,4670432.539
student:02059,student_standardised,100006e13,K-35-063-1_Granit_4326,burial_mound,out_of_scope,as_digitised,student_digitised,336379.340,4670259.170
student:02060,student_standardised,100006e13,K-35-063-1_Granit_4326,burial_mound,out_of_scope,as_digitised,student_digitised,337079.754,4670402.907
student:02061,student_standardised,100006e13,K-35-063-1_Granit_4326,burial_mound,out_of_scope,as_digitised,student_digitised,337652.830,4670853.234
student:02062,student_standardised,100006e13,K-35-063-1_Granit_4326,burial_mound,out_of_scope,as_digitised,student_digitised,337732.007,4670839.734
student:02063,student_standardised,100006e13,K-35-063-1_Granit_4326,burial_mound,out_of_scope,as_digitised,student_digitised,338298.813,4670656.675
student:02064,student_standardised,100006e13,K-35-063-1_Granit_4326,burial_mound,out_of_scope,as_digitised,student_digitised,338450.898,4670709.756
student:02065,student_standardised,100006e13,K-35-063-1_Granit_4326,burial_mound,out_of_scope,as_digitised,student_digitised,338575.390,4670743.220
student:02066,student_standardised,100006e13,K-35-063-1_Granit_4326,burial_mound,out_of_scope,as_digitised,student_digitised,338186.362,4670341.370
student:02067,student_standardised,100006e13,K-35-063-1_Granit_4326,burial_mound,out_of_scope,as_digitised,student_digitised,339084.790,4670647.206
student:02068,student_standardised,100006e13,K-35-063-1_Granit_4326,burial_mound,directly_reviewed,own_mark,student_digitised,346280.864,4670926.591
student:02069,student_standardised,100006e13,K-35-063-1_Granit_4326,burial_mound,out_of_scope,as_digitised,student_digitised,347448.335,4669924.427
student:02070,student_standardised,100006e13,K-35-063-1_Granit_4326,bench_mark_on_mound,directly_reviewed,own_mark,student_digitised,347798.511,4670462.338
student:02071,student_standardised,100006e13,K-35-063-1_Granit_4326,burial_mound,out_of_scope,as_digitised,student_digitised,348612.223,4670192.403
student:02072,student_standardised,100006e13,K-35-063-1_Granit_4326,burial_mound,out_of_scope,as_digitised,student_digitised,350044.344,4670539.921
student:02073,student_standardised,100006e13,K-35-063-1_Granit_4326,burial_mound,out_of_scope,as_digitised,student_digitised,350423.651,4669942.610
student:02074,student_standardised,100005e13,K-35-063-2_Chirpan_4326,burial_mound,out_of_scope,as_digitised,student_digitised,366260.639,4686194.190
student:02075,student_standardised,100005e13,K-35-063-2_Chirpan_4326,burial_mound,out_of_scope,as_digitised,student_digitised,371994.703,4687115.329
student:02076,student_standardised,100005e13,K-35-063-2_Chirpan_4326,burial_mound,out_of_scope,as_digitised,student_digitised,372651.945,4686061.302
student:02077,student_standardised,100005e13,K-35-063-2_Chirpan_4326,burial_mound,out_of_scope,as_digitised,student_digitised,373699.568,4686311.712
student:02078,student_standardised,100005e13,K-35-063-2_Chirpan_4326,burial_mound,out_of_scope,as_digitised,student_digitised,374089.479,4686165.218
student:02079,student_standardised,100005e13,K-35-063-2_Chirpan_4326,burial_mound,out_of_scope,as_digitised,student_digitised,374055.254,4686022.848
student:02080,student_standardised,100005e13,K-35-063-2_Chirpan_4326,burial_mound,out_of_scope,as_digitised,student_digitised,376138.306,4685680.542
student:02081,student_standardised,100005e13,K-35-063-2_Chirpan_4326,burial_mound,out_of_scope,as_digitised,student_digitised,375968.758,4685194.473
student:02082,student_standardised,100005e13,K-35-063-2_Chirpan_4326,burial_mound,directly_reviewed,own_mark,student_digitised,375238.979,4685076.577
student:02083,student_standardised,100005e13,K-35-063-2_Chirpan_4326,burial_mound,directly_reviewed,own_mark,student_digitised,375257.995,4685002.031
student:02084,student_standardised,100005e13,K-35-063-2_Chirpan_4326,burial_mound,out_of_scope,as_digitised,student_digitised,375597.554,4684413.579
student:02085,student_standardised,100005e13,K-35-063-2_Chirpan_4326,burial_mound,out_of_scope,as_digitised,student_digitised,373398.473,4685429.711
student:02086,student_standardised,100005e13,K-35-063-2_Chirpan_4326,burial_mound,out_of_scope,as_digitised,student_digitised,373523.742,4685300.133
student:02087,student_standardised,100005e13,K-35-063-2_Chirpan_4326,burial_mound,proxy_confirmed,claimant_mark,student_digitised,373509.883,4684959.788
student:02088,student_standardised,100005e13,K-35-063-2_Chirpan_4326,burial_mound,directly_reviewed,own_mark,student_digitised,373537.166,4684735.536
student:02089,student_standardised,100005e13,K-35-063-2_Chirpan_4326,burial_mound,out_of_scope,as_digitised,student_digitised,373510.668,4684133.159
student:02090,student_standardised,100005e13,K-35-063-2_Chirpan_4326,burial_mound,out_of_scope,as_digitised,student_digitised,373631.157,4684055.793
student:02091,student_standardised,100005e13,K-35-063-2_Chirpan_4326,burial_mound,out_of_scope,as_digitised,student_digitised,372675.959,4685967.645
student:02092,student_standardised,100005e13,K-35-063-2_Chirpan_4326,burial_mound,out_of_scope,as_digitised,student_digitised,372677.406,4685703.270
student:02093,student_standardised,100005e13,K-35-063-2_Chirpan_4326,burial_mound,out_of_scope,as_digitised,student_digitised,372218.294,4685101.375
student:02094,student_standardised,100005e13,K-35-063-2_Chirpan_4326,burial_mound,out_of_scope,as_digitised,student_digitised,372347.098,4685062.501
student:02095,student_standardised,100005e13,K-35-063-2_Chirpan_4326,burial_mound,out_of_scope,as_digitised,student_digitised,372272.202,4684991.148
student:02096,student_standardised,100005e13,K-35-063-2_Chirpan_4326,burial_mound,out_of_scope,as_digitised,student_digitised,371308.221,4684429.558
student:02097,student_standardised,100005e13,K-35-063-2_Chirpan_4326,burial_mound,out_of_scope,as_digitised,student_digitised,369509.300,4685049.938
student:02098,student_standardised,100005e13,K-35-063-2_Chirpan_4326,burial_mound,out_of_scope,as_digitised,student_digitised,369586.805,4685019.820
student:02099,student_standardised,100005e13,K-35-063-2_Chirpan_4326,burial_mound,out_of_scope,as_digitised,student_digitised,369665.255,4684980.487
student:02100,student_standardised,100005e13,K-35-063-2_Chirpan_4326,burial_mound,out_of_scope,as_digitised,student_digitised,369486.733,4684945.216
student:02101,student_standardised,100005e13,K-35-063-2_Chirpan_4326,burial_mound,out_of_scope,as_digitised,student_digitised,369485.713,4684650.032
student:02102,student_standardised,100005e13,K-35-063-2_Chirpan_4326,burial_mound,out_of_scope,as_digitised,student_digitised,366615.222,4684972.781
student:02103,student_standardised,100005e13,K-35-063-2_Chirpan_4326,burial_mound,out_of_scope,as_digitised,student_digitised,364772.583,4685254.010
student:02104,student_standardised,100005e13,K-35-063-2_Chirpan_4326,burial_mound,out_of_scope,as_digitised,student_digitised,364727.937,4684197.752
student:02105,student_standardised,100005e13,K-35-063-2_Chirpan_4326,burial_mound,out_of_scope,as_digitised,student_digitised,362725.891,4685656.193
student:02106,student_standardised,100005e13,K-35-063-2_Chirpan_4326,burial_mound,out_of_scope,as_digitised,student_digitised,360526.688,4685515.521
student:02107,student_standardised,100005e13,K-35-063-2_Chirpan_4326,burial_mound,out_of_scope,as_digitised,student_digitised,360774.624,4684722.093
student:02108,student_standardised,100005e13,K-35-063-2_Chirpan_4326,burial_mound,out_of_scope,as_digitised,student_digitised,360191.337,4684351.393
student:02109,student_standardised,100005e13,K-35-063-2_Chirpan_4326,burial_mound,out_of_scope,as_digitised,student_digitised,360185.276,4684266.762
student:02110,student_standardised,100005e13,K-35-063-2_Chirpan_4326,burial_mound,out_of_scope,as_digitised,student_digitised,360218.447,4684149.606
student:02111,student_standardised,100005e13,K-35-063-2_Chirpan_4326,burial_mound,out_of_scope,as_digitised,student_digitised,358395.922,4684173.645
student:02112,student_standardised,100005e13,K-35-063-2_Chirpan_4326,burial_mound,out_of_scope,as_digitised,student_digitised,357324.195,4684106.976
student:02113,student_standardised,100005e13,K-35-063-2_Chirpan_4326,burial_mound,out_of_scope,as_digitised,student_digitised,357366.332,4684203.546
student:02114,student_standardised,100005e13,K-35-063-2_Chirpan_4326,burial_mound,out_of_scope,as_digitised,student_digitised,357444.192,4684237.383
student:02115,student_standardised,100005e13,K-35-063-2_Chirpan_4326,burial_mound,out_of_scope,as_digitised,student_digitised,357274.992,4684723.184
student:02116,student_standardised,100005e13,K-35-063-2_Chirpan_4326,burial_mound,out_of_scope,as_digitised,student_digitised,357253.103,4684909.298
student:02117,student_standardised,100005e13,K-35-063-2_Chirpan_4326,burial_mound,directly_reviewed,own_mark,student_digitised,357829.779,4685050.783
student:02118,student_standardised,100005e13,K-35-063-2_Chirpan_4326,burial_mound,directly_reviewed,own_mark,student_digitised,357886.597,4685093.468
student:02119,student_standardised,100005e13,K-35-063-2_Chirpan_4326,burial_mound,out_of_scope,as_digitised,student_digitised,357784.366,4685150.656
student:02120,student_standardised,100005e13,K-35-063-2_Chirpan_4326,burial_mound,out_of_scope,as_digitised,student_digitised,357395.430,4685137.598
student:02121,student_standardised,100005e13,K-35-063-2_Chirpan_4326,burial_mound,out_of_scope,as_digitised,student_digitised,357186.185,4685223.626
student:02122,student_standardised,100005e13,K-35-063-2_Chirpan_4326,burial_mound,out_of_scope,as_digitised,student_digitised,357094.960,4685177.626
student:02123,student_standardised,100005e13,K-35-063-2_Chirpan_4326,burial_mound,out_of_scope,as_digitised,student_digitised,357758.876,4685503.830
student:02124,student_standardised,100005e13,K-35-063-2_Chirpan_4326,burial_mound,directly_reviewed,own_mark,student_digitised,356630.126,4685179.262
student:02125,student_standardised,100005e13,K-35-063-2_Chirpan_4326,burial_mound,out_of_scope,as_digitised,student_digitised,356331.587,4683536.096
student:02126,student_standardised,100005e13,K-35-063-2_Chirpan_4326,burial_mound,proxy_confirmed,claimant_mark,student_digitised,356286.037,4683318.417
student:02127,student_standardised,100005e13,K-35-063-2_Chirpan_4326,burial_mound,out_of_scope,as_digitised,student_digitised,356786.626,4683095.975
student:02128,student_standardised,100005e13,K-35-063-2_Chirpan_4326,burial_mound,out_of_scope,as_digitised,student_digitised,357810.892,4683460.790
student:02129,student_standardised,100005e13,K-35-063-2_Chirpan_4326,burial_mound,out_of_scope,as_digitised,student_digitised,358281.411,4683409.617
student:02130,student_standardised,100005e13,K-35-063-2_Chirpan_4326,burial_mound,out_of_scope,as_digitised,student_digitised,358185.276,4682512.936
student:02131,student_standardised,100005e13,K-35-063-2_Chirpan_4326,burial_mound,out_of_scope,as_digitised,student_digitised,358906.849,4682017.687
student:02132,student_standardised,100005e13,K-35-063-2_Chirpan_4326,burial_mound,out_of_scope,as_digitised,student_digitised,359440.102,4682645.115
student:02133,student_standardised,100005e13,K-35-063-2_Chirpan_4326,burial_mound,directly_reviewed,own_mark,student_digitised,360550.130,4683583.759
student:02134,student_standardised,100005e13,K-35-063-2_Chirpan_4326,burial_mound,directly_reviewed,own_mark,student_digitised,360525.749,4683539.766
student:02135,student_standardised,100005e13,K-35-063-2_Chirpan_4326,burial_mound,out_of_scope,as_digitised,student_digitised,360807.877,4683351.495
student:02136,student_standardised,100005e13,K-35-063-2_Chirpan_4326,burial_mound,out_of_scope,as_digitised,student_digitised,362620.667,4682863.113
student:02137,student_standardised,100005e13,K-35-063-2_Chirpan_4326,burial_mound,directly_reviewed,own_mark,student_digitised,364162.511,4682200.827
student:02138,student_standardised,100005e13,K-35-063-2_Chirpan_4326,burial_mound,directly_reviewed,own_mark,student_digitised,364187.324,4682247.099
student:02139,student_standardised,100005e13,K-35-063-2_Chirpan_4326,burial_mound,directly_reviewed,own_mark,student_digitised,364207.099,4682316.742
student:02140,student_standardised,100005e13,K-35-063-2_Chirpan_4326,burial_mound,out_of_scope,as_digitised,student_digitised,364379.528,4682607.458
student:02141,student_standardised,100005e13,K-35-063-2_Chirpan_4326,burial_mound,out_of_scope,as_digitised,student_digitised,365918.600,4682332.031
student:02142,student_standardised,100005e13,K-35-063-2_Chirpan_4326,burial_mound,out_of_scope,as_digitised,student_digitised,366736.152,4683329.976
student:02143,student_standardised,100005e13,K-35-063-2_Chirpan_4326,burial_mound,out_of_scope,as_digitised,student_digitised,367168.863,4683969.548
student:02144,student_standardised,100005e13,K-35-063-2_Chirpan_4326,burial_mound,out_of_scope,as_digitised,student_digitised,366978.069,4683904.333
student:02145,student_standardised,100005e13,K-35-063-2_Chirpan_4326,burial_mound,out_of_scope,as_digitised,student_digitised,367286.954,4683609.164
student:02146,student_standardised,100005e13,K-35-063-2_Chirpan_4326,burial_mound,out_of_scope,as_digitised,student_digitised,367251.562,4682204.245
student:02147,student_standardised,100005e13,K-35-063-2_Chirpan_4326,burial_mound,out_of_scope,as_digitised,student_digitised,369034.632,4682204.474
student:02148,student_standardised,100005e13,K-35-063-2_Chirpan_4326,burial_mound,out_of_scope,as_digitised,student_digitised,370668.352,4682123.582
student:02149,student_standardised,100005e13,K-35-063-2_Chirpan_4326,burial_mound,out_of_scope,as_digitised,student_digitised,374324.560,4682767.841
student:02150,student_standardised,100005e13,K-35-063-2_Chirpan_4326,burial_mound,out_of_scope,as_digitised,student_digitised,374173.894,4682791.790
student:02151,student_standardised,100005e13,K-35-063-2_Chirpan_4326,burial_mound,out_of_scope,as_digitised,student_digitised,375217.950,4682372.811
student:02152,student_standardised,100005e13,K-35-063-2_Chirpan_4326,burial_mound,out_of_scope,as_digitised,student_digitised,374045.747,4681038.476
student:02153,student_standardised,100005e13,K-35-063-2_Chirpan_4326,burial_mound,out_of_scope,as_digitised,student_digitised,373842.711,4680167.824
student:02154,student_standardised,100005e13,K-35-063-2_Chirpan_4326,burial_mound,out_of_scope,as_digitised,student_digitised,373737.257,4680033.977
student:02155,student_standardised,100005e13,K-35-063-2_Chirpan_4326,burial_mound,out_of_scope,as_digitised,student_digitised,371809.478,4681353.297
student:02156,student_standardised,100005e13,K-35-063-2_Chirpan_4326,burial_mound,out_of_scope,as_digitised,student_digitised,371114.101,4681658.584
student:02157,student_standardised,100005e13,K-35-063-2_Chirpan_4326,burial_mound,out_of_scope,as_digitised,student_digitised,370995.936,4681610.088
student:02158,student_standardised,100005e13,K-35-063-2_Chirpan_4326,burial_mound,directly_reviewed,own_mark,student_digitised,371031.848,4680058.740
student:02159,student_standardised,100005e13,K-35-063-2_Chirpan_4326,burial_mound,out_of_scope,as_digitised,student_digitised,370521.417,4680562.360
student:02160,student_standardised,100005e13,K-35-063-2_Chirpan_4326,burial_mound,out_of_scope,as_digitised,student_digitised,370283.222,4681080.447
student:02161,student_standardised,100005e13,K-35-063-2_Chirpan_4326,burial_mound,out_of_scope,as_digitised,student_digitised,370126.353,4681467.448
student:02162,student_standardised,100005e13,K-35-063-2_Chirpan_4326,burial_mound,out_of_scope,as_digitised,student_digitised,370120.418,4681574.014
student:02163,student_standardised,100005e13,K-35-063-2_Chirpan_4326,burial_mound,directly_reviewed,own_mark,student_digitised,368621.707,4680989.167
student:02164,student_standardised,100005e13,K-35-063-2_Chirpan_4326,burial_mound,directly_reviewed,own_mark,student_digitised,368553.785,4681007.770
student:02165,student_standardised,100005e13,K-35-063-2_Chirpan_4326,burial_mound,out_of_scope,as_digitised,student_digitised,367810.755,4680045.185
student:02166,student_standardised,100005e13,K-35-063-2_Chirpan_4326,burial_mound,out_of_scope,as_digitised,student_digitised,366441.616,4681543.198
student:02167,student_standardised,100005e13,K-35-063-2_Chirpan_4326,burial_mound,directly_reviewed,own_mark,student_digitised,366032.604,4681341.466
student:02168,student_standardised,100005e13,K-35-063-2_Chirpan_4326,burial_mound,out_of_scope,as_digitised,student_digitised,365939.162,4681156.131
student:02169,student_standardised,100005e13,K-35-063-2_Chirpan_4326,burial_mound,out_of_scope,as_digitised,student_digitised,365535.408,4680508.370
student:02170,student_standardised,100005e13,K-35-063-2_Chirpan_4326,burial_mound,out_of_scope,as_digitised,student_digitised,365262.543,4681459.879
student:02171,student_standardised,100005e13,K-35-063-2_Chirpan_4326,burial_mound,out_of_scope,as_digitised,student_digitised,363965.070,4681806.956
student:02172,student_standardised,100005e13,K-35-063-2_Chirpan_4326,burial_mound,directly_reviewed,own_mark,student_digitised,363928.760,4681644.590
student:02173,student_standardised,100005e13,K-35-063-2_Chirpan_4326,burial_mound,out_of_scope,as_digitised,student_digitised,363300.388,4681146.663
student:02174,student_standardised,100005e13,K-35-063-2_Chirpan_4326,burial_mound,directly_reviewed,own_mark,student_digitised,362922.768,4681623.969
student:02175,student_standardised,100005e13,K-35-063-2_Chirpan_4326,burial_mound,directly_reviewed,own_mark,student_digitised,362924.238,4681557.787
student:02176,student_standardised,100005e13,K-35-063-2_Chirpan_4326,burial_mound,out_of_scope,as_digitised,student_digitised,362857.341,4681476.524
student:02177,student_standardised,100005e13,K-35-063-2_Chirpan_4326,burial_mound,directly_reviewed,own_mark,student_digitised,362778.416,4681599.165
student:02178,student_standardised,100005e13,K-35-063-2_Chirpan_4326,burial_mound,out_of_scope,as_digitised,student_digitised,361195.773,4681550.400
student:02179,student_standardised,100005e13,K-35-063-2_Chirpan_4326,burial_mound,out_of_scope,as_digitised,student_digitised,359024.068,4681117.506
student:02180,student_standardised,100005e13,K-35-063-2_Chirpan_4326,burial_mound,out_of_scope,as_digitised,student_digitised,358064.161,4681978.612
student:02181,student_standardised,100005e13,K-35-063-2_Chirpan_4326,burial_mound,out_of_scope,as_digitised,student_digitised,358122.463,4681557.169
student:02182,student_standardised,100005e13,K-35-063-2_Chirpan_4326,burial_mound,out_of_scope,as_digitised,student_digitised,358138.086,4681421.430
student:02183,student_standardised,100005e13,K-35-063-2_Chirpan_4326,burial_mound,out_of_scope,as_digitised,student_digitised,358680.406,4681442.395
student:02184,student_standardised,100005e13,K-35-063-2_Chirpan_4326,burial_mound,out_of_scope,as_digitised,student_digitised,358790.954,4681313.241
student:02185,student_standardised,100005e13,K-35-063-2_Chirpan_4326,burial_mound,out_of_scope,as_digitised,student_digitised,358825.609,4681208.288
student:02186,student_standardised,100005e13,K-35-063-2_Chirpan_4326,burial_mound,out_of_scope,as_digitised,student_digitised,358884.311,4680045.759
student:02187,student_standardised,100005e13,K-35-063-2_Chirpan_4326,burial_mound,out_of_scope,as_digitised,student_digitised,357713.129,4680630.470
student:02188,student_standardised,100005e13,K-35-063-2_Chirpan_4326,burial_mound,out_of_scope,as_digitised,student_digitised,357438.985,4681766.706
student:02189,student_standardised,100005e13,K-35-063-2_Chirpan_4326,burial_mound,directly_reviewed,own_mark,student_digitised,357296.221,4681647.763
student:02190,student_standardised,100002e13,K-35-063-2_Chirpan_4326,burial_mound,out_of_scope,as_digitised,student_digitised,376554.383,4687654.831
student:02191,student_standardised,100002e13,K-35-063-2_Chirpan_4326,trig_point_on_mound,directly_reviewed,own_mark,student_digitised,376347.740,4686313.859
student:02192,student_standardised,100005e13,K-35-063-2_Chirpan_4326,burial_mound,directly_reviewed,own_mark,student_digitised,356863.598,4679487.389
student:02193,student_standardised,100005e13,K-35-063-2_Chirpan_4326,burial_mound,out_of_scope,as_digitised,student_digitised,359574.884,4679010.948
student:02194,student_standardised,100002e13,K-35-063-2_Chirpan_4326,trig_point_on_mound,directly_reviewed,own_mark,student_digitised,376211.013,4681571.487
student:02195,student_standardised,100002e13,K-35-063-2_Chirpan_4326,burial_mound,directly_reviewed,own_mark,student_digitised,376283.474,4681244.573
student:02196,student_standardised,100002e13,K-35-063-2_Chirpan_4326,burial_mound,directly_reviewed,own_mark,student_digitised,376304.941,4680723.436
student:02197,student_standardised,100005e13,K-35-063-2_Chirpan_4326,burial_mound,out_of_scope,as_digitised,student_digitised,367877.459,4679658.010
student:02198,student_standardised,100005e13,K-35-063-2_Chirpan_4326,burial_mound,out_of_scope,as_digitised,student_digitised,369292.782,4678943.716
student:02199,student_standardised,100005e13,K-35-063-2_Chirpan_4326,burial_mound,directly_reviewed,own_mark,student_digitised,369446.305,4678477.513
student:02200,student_standardised,100005e13,K-35-063-2_Chirpan_4326,burial_mound,out_of_scope,as_digitised,student_digitised,370578.495,4678921.492
student:02201,student_standardised,100005e13,K-35-063-2_Chirpan_4326,burial_mound,out_of_scope,as_digitised,student_digitised,370689.717,4678852.436
student:02202,student_standardised,100005e13,K-35-063-2_Chirpan_4326,burial_mound,out_of_scope,as_digitised,student_digitised,370770.866,4678903.308
student:02203,student_standardised,100005e13,K-35-063-2_Chirpan_4326,burial_mound,directly_reviewed,own_mark,student_digitised,370860.529,4678956.561
student:02204,student_standardised,100005e13,K-35-063-2_Chirpan_4326,burial_mound,out_of_scope,as_digitised,student_digitised,371253.084,4679196.898
student:02205,student_standardised,100005e13,K-35-063-2_Chirpan_4326,burial_mound,out_of_scope,as_digitised,student_digitised,371203.954,4679108.690
student:02206,student_standardised,100005e13,K-35-063-2_Chirpan_4326,burial_mound,out_of_scope,as_digitised,student_digitised,371085.884,4678990.769
student:02207,student_standardised,100005e13,K-35-063-2_Chirpan_4326,burial_mound,out_of_scope,as_digitised,student_digitised,370974.181,4678964.727
student:02208,student_standardised,100005e13,K-35-063-2_Chirpan_4326,burial_mound,out_of_scope,as_digitised,student_digitised,372031.691,4679911.858
student:02209,student_standardised,100005e13,K-35-063-2_Chirpan_4326,burial_mound,out_of_scope,as_digitised,student_digitised,373187.898,4678732.089
student:02210,student_standardised,100005e13,K-35-063-2_Chirpan_4326,burial_mound,out_of_scope,as_digitised,student_digitised,374910.015,4677685.681
student:02211,student_standardised,100005e13,K-35-063-2_Chirpan_4326,burial_mound,out_of_scope,as_digitised,student_digitised,373666.656,4676823.365
student:02212,student_standardised,100005e13,K-35-063-2_Chirpan_4326,burial_mound,out_of_scope,as_digitised,student_digitised,369397.688,4676948.665
student:02213,student_standardised,100005e13,K-35-063-2_Chirpan_4326,burial_mound,out_of_scope,as_digitised,student_digitised,369134.848,4677700.388
student:02214,student_standardised,100005e13,K-35-063-2_Chirpan_4326,burial_mound,out_of_scope,as_digitised,student_digitised,369014.287,4677659.390
student:02215,student_standardised,100005e13,K-35-063-2_Chirpan_4326,burial_mound,out_of_scope,as_digitised,student_digitised,368747.091,4677498.490
student:02216,student_standardised,100005e13,K-35-063-2_Chirpan_4326,burial_mound,out_of_scope,as_digitised,student_digitised,367953.299,4677604.703
student:02217,student_standardised,100005e13,K-35-063-2_Chirpan_4326,burial_mound,out_of_scope,as_digitised,student_digitised,368726.507,4677213.250
student:02218,student_standardised,100005e13,K-35-063-2_Chirpan_4326,burial_mound,proxy_confirmed,claimant_mark,student_digitised,366973.251,4676874.878
student:02219,student_standardised,100005e13,K-35-063-2_Chirpan_4326,burial_mound,out_of_scope,as_digitised,student_digitised,367066.595,4677776.428
student:02220,student_standardised,100005e13,K-35-063-2_Chirpan_4326,burial_mound,out_of_scope,as_digitised,student_digitised,366461.668,4676438.387
student:02221,student_standardised,100005e13,K-35-063-2_Chirpan_4326,burial_mound,out_of_scope,as_digitised,student_digitised,359797.485,4676710.162
student:02222,student_standardised,100005e13,K-35-063-2_Chirpan_4326,burial_mound,out_of_scope,as_digitised,student_digitised,358307.762,4677844.182
student:02223,student_standardised,100005e13,K-35-063-2_Chirpan_4326,burial_mound,out_of_scope,as_digitised,student_digitised,357670.823,4677152.935
student:02224,student_standardised,100005e13,K-35-063-2_Chirpan_4326,burial_mound,out_of_scope,as_digitised,student_digitised,357263.772,4677258.478
student:02225,student_standardised,100005e13,K-35-063-2_Chirpan_4326,burial_mound,out_of_scope,as_digitised,student_digitised,357179.676,4677245.568
student:02226,student_standardised,100005e13,K-35-063-2_Chirpan_4326,bench_mark_on_mound,directly_reviewed,own_mark,student_digitised,356601.852,4676504.004
student:02227,student_standardised,100005e13,K-35-063-2_Chirpan_4326,burial_mound,out_of_scope,as_digitised,student_digitised,362467.903,4674007.552
student:02228,student_standardised,100005e13,K-35-063-2_Chirpan_4326,burial_mound,out_of_scope,as_digitised,student_digitised,365637.317,4675780.355
student:02229,student_standardised,100005e13,K-35-063-2_Chirpan_4326,burial_mound,directly_reviewed,own_mark,student_digitised,365848.884,4675828.555
student:02230,student_standardised,100005e13,K-35-063-2_Chirpan_4326,burial_mound,out_of_scope,as_digitised,student_digitised,365902.099,4675678.592
student:02231,student_standardised,100005e13,K-35-063-2_Chirpan_4326,burial_mound,out_of_scope,as_digitised,student_digitised,366745.125,4675177.442
student:02232,student_standardised,100005e13,K-35-063-2_Chirpan_4326,burial_mound,out_of_scope,as_digitised,student_digitised,366687.385,4675292.393
student:02233,student_standardised,100005e13,K-35-063-2_Chirpan_4326,burial_mound,out_of_scope,as_digitised,student_digitised,366511.322,4675308.447
student:02234,student_standardised,100005e13,K-35-063-2_Chirpan_4326,burial_mound,out_of_scope,as_digitised,student_digitised,366228.447,4675194.458
student:02235,student_standardised,100005e13,K-35-063-2_Chirpan_4326,burial_mound,out_of_scope,as_digitised,student_digitised,368322.504,4675729.087
student:02236,student_standardised,100005e13,K-35-063-2_Chirpan_4326,burial_mound,out_of_scope,as_digitised,student_digitised,368815.542,4675367.615
student:02237,student_standardised,100005e13,K-35-063-2_Chirpan_4326,burial_mound,out_of_scope,as_digitised,student_digitised,368265.175,4674858.731
student:02238,student_standardised,100005e13,K-35-063-2_Chirpan_4326,burial_mound,out_of_scope,as_digitised,student_digitised,369286.959,4674107.750
student:02239,student_standardised,100005e13,K-35-063-2_Chirpan_4326,burial_mound,out_of_scope,as_digitised,student_digitised,369391.445,4675255.721
student:02240,student_standardised,100005e13,K-35-063-2_Chirpan_4326,burial_mound,out_of_scope,as_digitised,student_digitised,370964.752,4674135.243
student:02241,student_standardised,100005e13,K-35-063-2_Chirpan_4326,burial_mound,out_of_scope,as_digitised,student_digitised,371698.130,4674070.198
student:02242,student_standardised,100005e13,K-35-063-2_Chirpan_4326,burial_mound,out_of_scope,as_digitised,student_digitised,371556.684,4674496.192
student:02243,student_standardised,100005e13,K-35-063-2_Chirpan_4326,burial_mound,out_of_scope,as_digitised,student_digitised,374436.019,4674684.507
student:02244,student_standardised,100005e13,K-35-063-2_Chirpan_4326,burial_mound,out_of_scope,as_digitised,student_digitised,374363.808,4674409.053
student:02245,student_standardised,100005e13,K-35-063-2_Chirpan_4326,burial_mound,directly_reviewed,own_mark,student_digitised,374289.209,4674401.188
student:02246,student_standardised,100005e13,K-35-063-2_Chirpan_4326,burial_mound,directly_reviewed,own_mark,student_digitised,374222.585,4674416.618
student:02247,student_standardised,100005e13,K-35-063-2_Chirpan_4326,burial_mound,out_of_scope,as_digitised,student_digitised,375336.779,4672487.437
student:02248,student_standardised,100005e13,K-35-063-2_Chirpan_4326,burial_mound,out_of_scope,as_digitised,student_digitised,375421.108,4672378.009
student:02249,student_standardised,100005e13,K-35-063-2_Chirpan_4326,burial_mound,out_of_scope,as_digitised,student_digitised,375581.249,4672307.922
student:02250,student_standardised,100005e13,K-35-063-2_Chirpan_4326,burial_mound,out_of_scope,as_digitised,student_digitised,375674.421,4672194.198
student:02251,student_standardised,100005e13,K-35-063-2_Chirpan_4326,burial_mound,out_of_scope,as_digitised,student_digitised,371414.862,4672825.435
student:02252,student_standardised,100005e13,K-35-063-2_Chirpan_4326,burial_mound,out_of_scope,as_digitised,student_digitised,367254.026,4673109.380
student:02253,student_standardised,100005e13,K-35-063-2_Chirpan_4326,burial_mound,out_of_scope,as_digitised,student_digitised,360438.336,4672428.077
student:02254,student_standardised,100005e13,K-35-063-2_Chirpan_4326,burial_mound,out_of_scope,as_digitised,student_digitised,359665.608,4673903.723
student:02255,student_standardised,100005e13,K-35-063-2_Chirpan_4326,burial_mound,out_of_scope,as_digitised,student_digitised,358220.189,4673760.231
student:02256,student_standardised,100005e13,K-35-063-2_Chirpan_4326,burial_mound,out_of_scope,as_digitised,student_digitised,358354.832,4673049.223
student:02257,student_standardised,100005e13,K-35-063-2_Chirpan_4326,settlement_mound,directly_reviewed,own_mark,student_digitised,356764.383,4673538.827
student:02258,student_standardised,100005e13,K-35-063-2_Chirpan_4326,burial_mound,out_of_scope,as_digitised,student_digitised,356567.843,4671558.963
student:02259,student_standardised,100005e13,K-35-063-2_Chirpan_4326,burial_mound,proxy_confirmed,claimant_mark,student_digitised,357250.651,4669929.888
student:02260,student_standardised,100005e13,K-35-063-2_Chirpan_4326,burial_mound,out_of_scope,as_digitised,student_digitised,359400.665,4670813.911
student:02261,student_standardised,100005e13,K-35-063-2_Chirpan_4326,burial_mound,out_of_scope,as_digitised,student_digitised,360160.538,4670049.137
student:02262,student_standardised,100005e13,K-35-063-2_Chirpan_4326,bench_mark_on_mound,directly_reviewed,own_mark,student_digitised,360252.169,4669777.470
student:02263,student_standardised,100005e13,K-35-063-2_Chirpan_4326,burial_mound,out_of_scope,as_digitised,student_digitised,360707.014,4671457.196
student:02264,student_standardised,100005e13,K-35-063-2_Chirpan_4326,burial_mound,directly_reviewed,own_mark,student_digitised,361035.667,4671488.772
student:02265,student_standardised,100005e13,K-35-063-2_Chirpan_4326,burial_mound,out_of_scope,as_digitised,student_digitised,361191.458,4671068.334
student:02266,student_standardised,100005e13,K-35-063-2_Chirpan_4326,burial_mound,out_of_scope,as_digitised,student_digitised,361675.033,4670763.817
student:02267,student_standardised,100005e13,K-35-063-2_Chirpan_4326,burial_mound,out_of_scope,as_digitised,student_digitised,364314.133,4671473.116
student:02268,student_standardised,100005e13,K-35-063-2_Chirpan_4326,burial_mound,out_of_scope,as_digitised,student_digitised,367348.443,4669607.633
student:02269,student_standardised,100005e13,K-35-063-2_Chirpan_4326,burial_mound,proxy_confirmed,claimant_mark,student_digitised,367604.457,4669989.176
student:02270,student_standardised,100005e13,K-35-063-2_Chirpan_4326,burial_mound,out_of_scope,as_digitised,student_digitised,371606.425,4670122.026
student:02271,student_standardised,100005e13,K-35-063-2_Chirpan_4326,bench_mark_on_mound,directly_reviewed,own_mark,student_digitised,372558.150,4671474.621
student:02272,student_standardised,100005e13,K-35-063-2_Chirpan_4326,burial_mound,out_of_scope,as_digitised,student_digitised,373617.950,4670415.976
student:02273,student_standardised,100005e13,K-35-063-2_Chirpan_4326,burial_mound,out_of_scope,as_digitised,student_digitised,375927.446,4671515.861
student:02274,student_standardised,100004e13,K-35-063-3_Tatarevo_4326,burial_mound,out_of_scope,as_digitised,student_digitised,353111.122,4669113.951
student:02275,student_standardised,100004e13,K-35-063-3_Tatarevo_4326,burial_mound,out_of_scope,as_digitised,student_digitised,350817.936,4668855.129
student:02276,student_standardised,100004e13,K-35-063-3_Tatarevo_4326,burial_mound,out_of_scope,as_digitised,student_digitised,343418.283,4668859.297
student:02277,student_standardised,100004e13,K-35-063-3_Tatarevo_4326,burial_mound,directly_reviewed,own_mark,student_digitised,337070.241,4668711.159
student:02278,student_standardised,100004e13,K-35-063-3_Tatarevo_4326,burial_mound,out_of_scope,as_digitised,student_digitised,337310.514,4668574.790
student:02279,student_standardised,100004e13,K-35-063-3_Tatarevo_4326,burial_mound,out_of_scope,as_digitised,student_digitised,336447.461,4668203.298
student:02280,student_standardised,100004e13,K-35-063-3_Tatarevo_4326,burial_mound,out_of_scope,as_digitised,student_digitised,336470.398,4668326.306
student:02281,student_standardised,100004e13,K-35-063-3_Tatarevo_4326,burial_mound,out_of_scope,as_digitised,student_digitised,337833.658,4667006.933
student:02282,student_standardised,100004e13,K-35-063-3_Tatarevo_4326,burial_mound,out_of_scope,as_digitised,student_digitised,343989.670,4667007.420
student:02283,student_standardised,100004e13,K-35-063-3_Tatarevo_4326,burial_mound,out_of_scope,as_digitised,student_digitised,351094.392,4667649.797
student:02284,student_standardised,100004e13,K-35-063-3_Tatarevo_4326,burial_mound,out_of_scope,as_digitised,student_digitised,353316.878,4667847.563
student:02285,student_standardised,100004e13,K-35-063-3_Tatarevo_4326,burial_mound,out_of_scope,as_digitised,student_digitised,354704.758,4667835.819
student:02286,student_standardised,100004e13,K-35-063-3_Tatarevo_4326,burial_mound,out_of_scope,as_digitised,student_digitised,354781.016,4667755.265
student:02287,student_standardised,100004e13,K-35-063-3_Tatarevo_4326,burial_mound,out_of_scope,as_digitised,student_digitised,353981.139,4666479.633
student:02288,student_standardised,100004e13,K-35-063-3_Tatarevo_4326,burial_mound,out_of_scope,as_digitised,student_digitised,354479.366,4666186.844
student:02289,student_standardised,100004e13,K-35-063-3_Tatarevo_4326,burial_mound,out_of_scope,as_digitised,student_digitised,354362.800,4666182.555
student:02290,student_standardised,100004e13,K-35-063-3_Tatarevo_4326,burial_mound,directly_reviewed,own_mark,student_digitised,353468.604,4666139.063
student:02291,student_standardised,100004e13,K-35-063-3_Tatarevo_4326,burial_mound,out_of_scope,as_digitised,student_digitised,346837.091,4666919.532
student:02292,student_standardised,100004e13,K-35-063-3_Tatarevo_4326,burial_mound,directly_reviewed,own_mark,student_digitised,341630.135,4666899.287
student:02293,student_standardised,100004e13,K-35-063-3_Tatarevo_4326,burial_mound,directly_reviewed,own_mark,student_digitised,341699.796,4666867.631
student:02294,student_standardised,100004e13,K-35-063-3_Tatarevo_4326,burial_mound,out_of_scope,as_digitised,student_digitised,335165.144,4665608.162
student:02295,student_standardised,100004e13,K-35-063-3_Tatarevo_4326,burial_mound,out_of_scope,as_digitised,student_digitised,336848.399,4665454.138
student:02296,student_standardised,100004e13,K-35-063-3_Tatarevo_4326,burial_mound,out_of_scope,as_digitised,student_digitised,339489.740,4665734.915
student:02297,student_standardised,100004e13,K-35-063-3_Tatarevo_4326,burial_mound,out_of_scope,as_digitised,student_digitised,340239.568,4665644.999
student:02298,student_standardised,100004e13,K-35-063-3_Tatarevo_4326,burial_mound,out_of_scope,as_digitised,student_digitised,340784.604,4665119.796
student:02299,student_standardised,100004e13,K-35-063-3_Tatarevo_4326,burial_mound,out_of_scope,as_digitised,student_digitised,344565.121,4665980.195
student:02300,student_standardised,100004e13,K-35-063-3_Tatarevo_4326,burial_mound,out_of_scope,as_digitised,student_digitised,348867.573,4664731.233
student:02301,student_standardised,100004e13,K-35-063-3_Tatarevo_4326,burial_mound,out_of_scope,as_digitised,student_digitised,341728.710,4664292.843
student:02302,student_standardised,100004e13,K-35-063-3_Tatarevo_4326,burial_mound,out_of_scope,as_digitised,student_digitised,341457.035,4664195.613
student:02303,student_standardised,100004e13,K-35-063-3_Tatarevo_4326,burial_mound,out_of_scope,as_digitised,student_digitised,335615.777,4663260.206
student:02304,student_standardised,100004e13,K-35-063-3_Tatarevo_4326,burial_mound,out_of_scope,as_digitised,student_digitised,343596.621,4663723.149
student:02305,student_standardised,100004e13,K-35-063-3_Tatarevo_4326,burial_mound,out_of_scope,as_digitised,student_digitised,343656.507,4663637.812
student:02306,student_standardised,100004e13,K-35-063-3_Tatarevo_4326,burial_mound,out_of_scope,as_digitised,student_digitised,351819.486,4663272.574
student:02307,student_standardised,100004e13,K-35-063-3_Tatarevo_4326,burial_mound,out_of_scope,as_digitised,student_digitised,347816.028,4662941.089
student:02308,student_standardised,100004e13,K-35-063-3_Tatarevo_4326,burial_mound,out_of_scope,as_digitised,student_digitised,347689.783,4662886.776
student:02309,student_standardised,100004e13,K-35-063-3_Tatarevo_4326,burial_mound,out_of_scope,as_digitised,student_digitised,346209.473,4662045.037
student:02310,student_standardised,100004e13,K-35-063-3_Tatarevo_4326,burial_mound,directly_reviewed,own_mark,student_digitised,345690.496,4662240.041
student:02311,student_standardised,100004e13,K-35-063-3_Tatarevo_4326,burial_mound,out_of_scope,as_digitised,student_digitised,345276.080,4662721.407
student:02312,student_standardised,100004e13,K-35-063-3_Tatarevo_4326,burial_mound,out_of_scope,as_digitised,student_digitised,345035.435,4662685.641
student:02313,student_standardised,100004e13,K-35-063-3_Tatarevo_4326,burial_mound,out_of_scope,as_digitised,student_digitised,344664.825,4662677.703
student:02314,student_standardised,100004e13,K-35-063-3_Tatarevo_4326,burial_mound,directly_reviewed,own_mark,student_digitised,338292.248,4662387.913
student:02315,student_standardised,100004e13,K-35-063-3_Tatarevo_4326,burial_mound,out_of_scope,as_digitised,student_digitised,338143.417,4662057.661
student:02316,student_standardised,100004e13,K-35-063-3_Tatarevo_4326,burial_mound,directly_reviewed,own_mark,student_digitised,335633.459,4662240.209
student:02317,student_standardised,100004e13,K-35-063-3_Tatarevo_4326,burial_mound,out_of_scope,as_digitised,student_digitised,337297.676,4661299.037
student:02318,student_standardised,100004e13,K-35-063-3_Tatarevo_4326,burial_mound,out_of_scope,as_digitised,student_digitised,337825.522,4661971.463
student:02319,student_standardised,100004e13,K-35-063-3_Tatarevo_4326,burial_mound,out_of_scope,as_digitised,student_digitised,338007.006,4661966.063
student:02320,student_standardised,100004e13,K-35-063-3_Tatarevo_4326,burial_mound,out_of_scope,as_digitised,student_digitised,346368.115,4661970.456
student:02321,student_standardised,100004e13,K-35-063-3_Tatarevo_4326,burial_mound,out_of_scope,as_digitised,student_digitised,354330.482,4660193.976
student:02322,student_standardised,100004e13,K-35-063-3_Tatarevo_4326,burial_mound,out_of_scope,as_digitised,student_digitised,348248.679,4660274.698
student:02323,student_standardised,100004e13,K-35-063-3_Tatarevo_4326,burial_mound,directly_reviewed,own_mark,student_digitised,347721.816,4660544.217
student:02324,student_standardised,100004e13,K-35-063-3_Tatarevo_4326,burial_mound,out_of_scope,as_digitised,student_digitised,342596.968,4660622.669
student:02325,student_standardised,100004e13,K-35-063-3_Tatarevo_4326,burial_mound,out_of_scope,as_digitised,student_digitised,340280.735,4660353.020
student:02326,student_standardised,100004e13,K-35-063-3_Tatarevo_4326,burial_mound,out_of_scope,as_digitised,student_digitised,339535.619,4660642.224
student:02327,student_standardised,100004e13,K-35-063-3_Tatarevo_4326,burial_mound,out_of_scope,as_digitised,student_digitised,338947.189,4660161.046
student:02328,student_standardised,100004e13,K-35-063-3_Tatarevo_4326,burial_mound,directly_reviewed,own_mark,student_digitised,338247.149,4660272.022
student:02329,student_standardised,100004e13,K-35-063-3_Tatarevo_4326,burial_mound,out_of_scope,as_digitised,student_digitised,336928.096,4659491.354
student:02330,student_standardised,100004e13,K-35-063-3_Tatarevo_4326,burial_mound,out_of_scope,as_digitised,student_digitised,349633.120,4659874.338
student:02331,student_standardised,100004e13,K-35-063-3_Tatarevo_4326,burial_mound,out_of_scope,as_digitised,student_digitised,350970.150,4659026.855
student:02332,student_standardised,100004e13,K-35-063-3_Tatarevo_4326,burial_mound,out_of_scope,as_digitised,student_digitised,351072.334,4659059.363
student:02333,student_standardised,100004e13,K-35-063-3_Tatarevo_4326,burial_mound,directly_reviewed,own_mark,student_digitised,351528.483,4658486.012
student:02334,student_standardised,100004e13,K-35-063-3_Tatarevo_4326,burial_mound,out_of_scope,as_digitised,student_digitised,350991.789,4658084.317
student:02335,student_standardised,100004e13,K-35-063-3_Tatarevo_4326,burial_mound,out_of_scope,as_digitised,student_digitised,341480.396,4658455.751
student:02336,student_standardised,100004e13,K-35-063-3_Tatarevo_4326,burial_mound,out_of_scope,as_digitised,student_digitised,338437.693,4658538.956
student:02337,student_standardised,100004e13,K-35-063-3_Tatarevo_4326,burial_mound,proxy_confirmed,claimant_mark,student_digitised,336252.534,4658070.281
student:02338,student_standardised,100004e13,K-35-063-3_Tatarevo_4326,burial_mound,out_of_scope,as_digitised,student_digitised,341157.799,4657179.156
student:02339,student_standardised,100004e13,K-35-063-3_Tatarevo_4326,burial_mound,out_of_scope,as_digitised,student_digitised,342310.605,4657811.773
student:02340,student_standardised,100004e13,K-35-063-3_Tatarevo_4326,burial_mound,out_of_scope,as_digitised,student_digitised,349271.407,4657582.052
student:02341,student_standardised,100004e13,K-35-063-3_Tatarevo_4326,burial_mound,out_of_scope,as_digitised,student_digitised,349615.220,4657929.474
student:02342,student_standardised,100004e13,K-35-063-3_Tatarevo_4326,burial_mound,out_of_scope,as_digitised,student_digitised,350176.672,4657158.885
student:02343,student_standardised,100004e13,K-35-063-3_Tatarevo_4326,burial_mound,out_of_scope,as_digitised,student_digitised,350573.423,4657664.282
student:02344,student_standardised,100004e13,K-35-063-3_Tatarevo_4326,burial_mound,out_of_scope,as_digitised,student_digitised,349890.306,4656862.125
student:02345,student_standardised,100004e13,K-35-063-3_Tatarevo_4326,bench_mark_on_mound,directly_reviewed,own_mark,student_digitised,349801.449,4656593.255
student:02346,student_standardised,100004e13,K-35-063-3_Tatarevo_4326,burial_mound,out_of_scope,as_digitised,student_digitised,348239.973,4656532.597
student:02347,student_standardised,100004e13,K-35-063-3_Tatarevo_4326,burial_mound,out_of_scope,as_digitised,student_digitised,339537.493,4656525.348
student:02348,student_standardised,100004e13,K-35-063-3_Tatarevo_4326,burial_mound,out_of_scope,as_digitised,student_digitised,337725.767,4655993.705
student:02349,student_standardised,100004e13,K-35-063-3_Tatarevo_4326,burial_mound,out_of_scope,as_digitised,student_digitised,337141.178,4656110.284
student:02350,student_standardised,100004e13,K-35-063-3_Tatarevo_4326,burial_mound,out_of_scope,as_digitised,student_digitised,336314.737,4655752.544
student:02351,student_standardised,100004e13,K-35-063-3_Tatarevo_4326,burial_mound,out_of_scope,as_digitised,student_digitised,336792.376,4655830.410
student:02352,student_standardised,100004e13,K-35-063-3_Tatarevo_4326,burial_mound,directly_reviewed,own_mark,student_digitised,339612.537,4655443.979
student:02353,student_standardised,100004e13,K-35-063-3_Tatarevo_4326,burial_mound,directly_reviewed,own_mark,student_digitised,339678.872,4655406.721
student:02354,student_standardised,100004e13,K-35-063-3_Tatarevo_4326,burial_mound,out_of_scope,as_digitised,student_digitised,347890.403,4655586.915
student:02355,student_standardised,100004e13,K-35-063-3_Tatarevo_4326,burial_mound,out_of_scope,as_digitised,student_digitised,348231.413,4655669.162
student:02356,student_standardised,100004e13,K-35-063-3_Tatarevo_4326,burial_mound,out_of_scope,as_digitised,student_digitised,348917.983,4655250.569
student:02357,student_standardised,100004e13,K-35-063-3_Tatarevo_4326,burial_mound,out_of_scope,as_digitised,student_digitised,349340.058,4654841.375
student:02358,student_standardised,100004e13,K-35-063-3_Tatarevo_4326,bench_mark_on_mound,directly_reviewed,own_mark,student_digitised,344535.571,4654916.524
student:02359,student_standardised,100004e13,K-35-063-3_Tatarevo_4326,burial_mound,out_of_scope,as_digitised,student_digitised,336644.408,4654751.567
student:02360,student_standardised,100004e13,K-35-063-3_Tatarevo_4326,burial_mound,out_of_scope,as_digitised,student_digitised,336522.164,4654728.130
student:02361,student_standardised,100004e13,K-35-063-3_Tatarevo_4326,burial_mound,out_of_scope,as_digitised,student_digitised,335526.908,4654884.625
student:02362,student_standardised,100004e13,K-35-063-3_Tatarevo_4326,burial_mound,out_of_scope,as_digitised,student_digitised,341228.646,4653547.684
student:02363,student_standardised,100004e13,K-35-063-3_Tatarevo_4326,burial_mound,out_of_scope,as_digitised,student_digitised,343743.490,4653590.362
student:02364,student_standardised,100004e13,K-35-063-3_Tatarevo_4326,burial_mound,out_of_scope,as_digitised,student_digitised,347019.632,4653255.249
student:02365,student_standardised,100004e13,K-35-063-3_Tatarevo_4326,burial_mound,out_of_scope,as_digitised,student_digitised,351397.011,4653121.361
student:02366,student_standardised,100004e13,K-35-063-3_Tatarevo_4326,burial_mound,out_of_scope,as_digitised,student_digitised,354302.617,4653410.752
student:02367,student_standardised,100004e13,K-35-063-3_Tatarevo_4326,burial_mound,out_of_scope,as_digitised,student_digitised,348127.818,4652225.494
student:02368,student_standardised,100004e13,K-35-063-3_Tatarevo_4326,burial_mound,out_of_scope,as_digitised,student_digitised,347079.981,4652695.382
student:02369,student_standardised,100004e13,K-35-063-3_Tatarevo_4326,burial_mound,out_of_scope,as_digitised,student_digitised,342839.504,4652374.850
student:02370,student_standardised,100004e13,K-35-063-3_Tatarevo_4326,burial_mound,out_of_scope,as_digitised,student_digitised,342890.322,4652777.536
student:02371,student_standardised,100004e13,K-35-063-3_Tatarevo_4326,burial_mound,out_of_scope,as_digitised,student_digitised,342846.696,4652867.607
student:02372,student_standardised,100004e13,K-35-063-3_Tatarevo_4326,burial_mound,out_of_scope,as_digitised,student_digitised,342878.134,4652996.744
student:02373,student_standardised,100004e13,K-35-063-3_Tatarevo_4326,burial_mound,out_of_scope,as_digitised,student_digitised,342046.015,4652676.800
student:02374,student_standardised,100004e13,K-35-063-3_Tatarevo_4326,burial_mound,out_of_scope,as_digitised,student_digitised,340752.025,4652475.506
student:02375,student_standardised,100004e13,K-35-063-3_Tatarevo_4326,burial_mound,out_of_scope,as_digitised,student_digitised,340296.959,4652057.193
student:02376,student_standardised,100004e13,K-35-063-3_Tatarevo_4326,burial_mound,out_of_scope,as_digitised,student_digitised,339766.819,4652402.300
student:02377,student_standardised,100004e13,K-35-063-3_Tatarevo_4326,burial_mound,out_of_scope,as_digitised,student_digitised,335716.860,4652413.745
student:02378,student_standardised,100004e13,K-35-063-3_Tatarevo_4326,burial_mound,out_of_scope,as_digitised,student_digitised,335747.032,4652067.192
student:02379,student_standardised,100004e13,K-35-063-3_Tatarevo_4326,burial_mound,directly_reviewed,own_mark,student_digitised,335218.763,4651741.554
student:02380,student_standardised,100004e13,K-35-063-3_Tatarevo_4326,burial_mound,out_of_scope,as_digitised,student_digitised,335808.518,4651849.324
student:02381,student_standardised,100004e13,K-35-063-3_Tatarevo_4326,burial_mound,out_of_scope,as_digitised,student_digitised,335753.355,4651951.480
student:02382,student_standardised,100004e13,K-35-063-3_Tatarevo_4326,burial_mound,out_of_scope,as_digitised,student_digitised,335862.906,4651970.440
student:02383,student_standardised,100004e13,K-35-063-3_Tatarevo_4326,burial_mound,out_of_scope,as_digitised,student_digitised,339157.036,4651890.896
student:02384,student_standardised,100004e13,K-35-063-3_Tatarevo_4326,burial_mound,out_of_scope,as_digitised,student_digitised,340189.741,4651986.985
student:02385,student_standardised,100004e13,K-35-063-3_Tatarevo_4326,burial_mound,directly_reviewed,own_mark,student_digitised,351133.012,4651719.704
student:02386,student_standardised,100004e13,K-35-063-3_Tatarevo_4326,burial_mound,out_of_scope,as_digitised,student_digitised,351307.040,4651745.910
student:02387,student_standardised,1000071537508217100,K-35-063-3_Tatarevo_4326,bench_mark_on_mound,directly_reviewed,own_mark,student_digitised,342397.797,4651399.323
student:02388,student_standardised,1000071537508404500,K-35-063-3_Tatarevo_4326,burial_mound,directly_reviewed,own_mark,student_digitised,345830.387,4651124.526
student:02389,student_standardised,1000071537509688300,K-35-063-3_Tatarevo_4326,bench_mark_on_mound,directly_reviewed,own_mark,student_digitised,350146.462,4651153.579
student:02390,student_standardised,1000071537509803400,K-35-063-3_Tatarevo_4326,bench_mark_on_mound,directly_reviewed,own_mark,student_digitised,352395.331,4651222.589
student:02391,student_standardised,merged-K-35-063-4_Skobelevo_4326_c04195,K-35-063-4_Skobelevo_4326,burial_mound,directly_reviewed,own_mark,student_digitised,365769.331,4650878.782
student:02392,student_standardised,merged-K-35-063-4_Skobelevo_4326_c04196,K-35-063-4_Skobelevo_4326,bench_mark_on_mound,directly_reviewed,own_mark,student_digitised,370788.799,4650577.385
student:02393,student_standardised,100005e13,K-35-063-4_Skobelevo_4326,bench_mark_on_mound,directly_reviewed,own_mark,student_digitised,375861.309,4659316.518
student:02394,student_standardised,100005e13,K-35-063-4_Skobelevo_4326,burial_mound,directly_reviewed,own_mark,student_digitised,375861.010,4659191.155
student:02395,student_standardised,100003e13,K-35-063-4_Skobelevo_4326,burial_mound,out_of_scope,as_digitised,student_digitised,368497.751,4668259.524
student:02396,student_standardised,100003e13,K-35-063-4_Skobelevo_4326,burial_mound,out_of_scope,as_digitised,student_digitised,363558.586,4668045.162
student:02397,student_standardised,100003e13,K-35-063-4_Skobelevo_4326,burial_mound,out_of_scope,as_digitised,student_digitised,356126.135,4667611.426
student:02398,student_standardised,100003e13,K-35-063-4_Skobelevo_4326,burial_mound,out_of_scope,as_digitised,student_digitised,357809.387,4667013.230
student:02399,student_standardised,100003e13,K-35-063-4_Skobelevo_4326,burial_mound,out_of_scope,as_digitised,student_digitised,361472.875,4667467.394
student:02400,student_standardised,100003e13,K-35-063-4_Skobelevo_4326,burial_mound,out_of_scope,as_digitised,student_digitised,363561.386,4667207.626
student:02401,student_standardised,100003e13,K-35-063-4_Skobelevo_4326,burial_mound,out_of_scope,as_digitised,student_digitised,369853.982,4666765.848
student:02402,student_standardised,100003e13,K-35-063-4_Skobelevo_4326,burial_mound,out_of_scope,as_digitised,student_digitised,368026.600,4666700.341
student:02403,student_standardised,100003e13,K-35-063-4_Skobelevo_4326,burial_mound,out_of_scope,as_digitised,student_digitised,366901.738,4666267.206
student:02404,student_standardised,100003e13,K-35-063-4_Skobelevo_4326,burial_mound,out_of_scope,as_digitised,student_digitised,366790.924,4666106.888
student:02405,student_standardised,100003e13,K-35-063-4_Skobelevo_4326,burial_mound,directly_reviewed,own_mark,student_digitised,363463.361,4666587.548
student:02406,student_standardised,100003e13,K-35-063-4_Skobelevo_4326,burial_mound,directly_reviewed,own_mark,student_digitised,363669.267,4666596.501
student:02407,student_standardised,100003e13,K-35-063-4_Skobelevo_4326,burial_mound,out_of_scope,as_digitised,student_digitised,362556.215,4666696.849
student:02408,student_standardised,100003e13,K-35-063-4_Skobelevo_4326,burial_mound,out_of_scope,as_digitised,student_digitised,362046.690,4666832.294
student:02409,student_standardised,100003e13,K-35-063-4_Skobelevo_4326,burial_mound,out_of_scope,as_digitised,student_digitised,361112.423,4666444.727
student:02410,student_standardised,100003e13,K-35-063-4_Skobelevo_4326,burial_mound,out_of_scope,as_digitised,student_digitised,360156.008,4666055.720
student:02411,student_standardised,100003e13,K-35-063-4_Skobelevo_4326,burial_mound,out_of_scope,as_digitised,student_digitised,359621.274,4666800.888
student:02412,student_standardised,100003e13,K-35-063-4_Skobelevo_4326,burial_mound,out_of_scope,as_digitised,student_digitised,359537.361,4666824.519
student:02413,student_standardised,100003e13,K-35-063-4_Skobelevo_4326,burial_mound,out_of_scope,as_digitised,student_digitised,357744.310,4666329.713
student:02414,student_standardised,100003e13,K-35-063-4_Skobelevo_4326,burial_mound,out_of_scope,as_digitised,student_digitised,360768.964,4665813.104
student:02415,student_standardised,100003e13,K-35-063-4_Skobelevo_4326,burial_mound,proxy_confirmed,claimant_mark,student_digitised,361581.133,4665915.901
student:02416,student_standardised,100003e13,K-35-063-4_Skobelevo_4326,burial_mound,out_of_scope,as_digitised,student_digitised,361934.552,4665793.790
student:02417,student_standardised,100003e13,K-35-063-4_Skobelevo_4326,burial_mound,out_of_scope,as_digitised,student_digitised,364187.869,4665600.199
student:02418,student_standardised,100003e13,K-35-063-4_Skobelevo_4326,burial_mound,out_of_scope,as_digitised,student_digitised,366738.469,4665718.110
student:02419,student_standardised,100003e13,K-35-063-4_Skobelevo_4326,burial_mound,out_of_scope,as_digitised,student_digitised,373203.826,4665282.682
student:02420,student_standardised,100003e13,K-35-063-4_Skobelevo_4326,burial_mound,out_of_scope,as_digitised,student_digitised,373310.424,4665207.837
student:02421,student_standardised,100003e13,K-35-063-4_Skobelevo_4326,burial_mound,out_of_scope,as_digitised,student_digitised,373435.631,4665152.171
student:02422,student_standardised,100003e13,K-35-063-4_Skobelevo_4326,burial_mound,out_of_scope,as_digitised,student_digitised,374447.533,4665853.899
student:02423,student_standardised,100003e13,K-35-063-4_Skobelevo_4326,burial_mound,out_of_scope,as_digitised,student_digitised,374664.561,4665705.257
student:02424,student_standardised,100003e13,K-35-063-4_Skobelevo_4326,burial_mound,out_of_scope,as_digitised,student_digitised,370803.813,4664500.591
student:02425,student_standardised,100003e13,K-35-063-4_Skobelevo_4326,burial_mound,proxy_confirmed,claimant_mark,student_digitised,369946.474,4664061.988
student:02426,student_standardised,100003e13,K-35-063-4_Skobelevo_4326,burial_mound,out_of_scope,as_digitised,student_digitised,369756.986,4664072.458
student:02427,student_standardised,100003e13,K-35-063-4_Skobelevo_4326,burial_mound,out_of_scope,as_digitised,student_digitised,369510.009,4664243.663
student:02428,student_standardised,100003e13,K-35-063-4_Skobelevo_4326,burial_mound,out_of_scope,as_digitised,student_digitised,369607.400,4664428.040
student:02429,student_standardised,100003e13,K-35-063-4_Skobelevo_4326,burial_mound,out_of_scope,as_digitised,student_digitised,369402.395,4664603.501
student:02430,student_standardised,100003e13,K-35-063-4_Skobelevo_4326,burial_mound,out_of_scope,as_digitised,student_digitised,369067.385,4664462.332
student:02431,student_standardised,100003e13,K-35-063-4_Skobelevo_4326,burial_mound,out_of_scope,as_digitised,student_digitised,368974.091,4664562.674
student:02432,student_standardised,100003e13,K-35-063-4_Skobelevo_4326,burial_mound,directly_reviewed,own_mark,student_digitised,368834.802,4664663.874
student:02433,student_standardised,100003e13,K-35-063-4_Skobelevo_4326,burial_mound,out_of_scope,as_digitised,student_digitised,368763.990,4664397.725
student:02434,student_standardised,100003e13,K-35-063-4_Skobelevo_4326,burial_mound,out_of_scope,as_digitised,student_digitised,368687.075,4664876.275
student:02435,student_standardised,100003e13,K-35-063-4_Skobelevo_4326,burial_mound,out_of_scope,as_digitised,student_digitised,366587.123,4664579.560
student:02436,student_standardised,100003e13,K-35-063-4_Skobelevo_4326,burial_mound,out_of_scope,as_digitised,student_digitised,362374.135,4664807.585
student:02437,student_standardised,100003e13,K-35-063-4_Skobelevo_4326,burial_mound,out_of_scope,as_digitised,student_digitised,367451.889,4663953.642
student:02438,student_standardised,100003e13,K-35-063-4_Skobelevo_4326,burial_mound,out_of_scope,as_digitised,student_digitised,368358.676,4663924.379
student:02439,student_standardised,100003e13,K-35-063-4_Skobelevo_4326,burial_mound,out_of_scope,as_digitised,student_digitised,368684.476,4663521.882
student:02440,student_standardised,100003e13,K-35-063-4_Skobelevo_4326,burial_mound,out_of_scope,as_digitised,student_digitised,369048.254,4663299.723
student:02441,student_standardised,100003e13,K-35-063-4_Skobelevo_4326,burial_mound,out_of_scope,as_digitised,student_digitised,369765.385,4663491.957
student:02442,student_standardised,100003e13,K-35-063-4_Skobelevo_4326,burial_mound,out_of_scope,as_digitised,student_digitised,371575.230,4663869.435
student:02443,student_standardised,100003e13,K-35-063-4_Skobelevo_4326,burial_mound,out_of_scope,as_digitised,student_digitised,372659.015,4663079.467
student:02444,student_standardised,100003e13,K-35-063-4_Skobelevo_4326,burial_mound,out_of_scope,as_digitised,student_digitised,372720.889,4663721.278
student:02445,student_standardised,100003e13,K-35-063-4_Skobelevo_4326,burial_mound,out_of_scope,as_digitised,student_digitised,375829.058,4662274.660
student:02446,student_standardised,100003e13,K-35-063-4_Skobelevo_4326,burial_mound,out_of_scope,as_digitised,student_digitised,375575.259,4662066.857
student:02447,student_standardised,100003e13,K-35-063-4_Skobelevo_4326,burial_mound,directly_reviewed,own_mark,student_digitised,375257.685,4662300.330
student:02448,student_standardised,100003e13,K-35-063-4_Skobelevo_4326,burial_mound,out_of_scope,as_digitised,student_digitised,375118.649,4662283.920
student:02449,student_standardised,100003e13,K-35-063-4_Skobelevo_4326,burial_mound,out_of_scope,as_digitised,student_digitised,374655.309,4662364.163
student:02450,student_standardised,100003e13,K-35-063-4_Skobelevo_4326,burial_mound,out_of_scope,as_digitised,student_digitised,374161.851,4662415.974
student:02451,student_standardised,100003e13,K-35-063-4_Skobelevo_4326,burial_mound,out_of_scope,as_digitised,student_digitised,373865.602,4662545.471
student:02452,student_standardised,100003e13,K-35-063-4_Skobelevo_4326,burial_mound,out_of_scope,as_digitised,student_digitised,373602.069,4662825.679
student:02453,student_standardised,100003e13,K-35-063-4_Skobelevo_4326,burial_mound,out_of_scope,as_digitised,student_digitised,373524.471,4662810.991
student:02454,student_standardised,100003e13,K-35-063-4_Skobelevo_4326,burial_mound,directly_reviewed,own_mark,student_digitised,373359.428,4662898.906
student:02455,student_standardised,100003e13,K-35-063-4_Skobelevo_4326,burial_mound,out_of_scope,as_digitised,student_digitised,373217.596,4662927.712
student:02456,student_standardised,100003e13,K-35-063-4_Skobelevo_4326,burial_mound,out_of_scope,as_digitised,student_digitised,373139.693,4662867.406
student:02457,student_standardised,100003e13,K-35-063-4_Skobelevo_4326,burial_mound,out_of_scope,as_digitised,student_digitised,373046.157,4662927.705
student:02458,student_standardised,100003e13,K-35-063-4_Skobelevo_4326,burial_mound,out_of_scope,as_digitised,student_digitised,365771.108,4662585.887
student:02459,student_standardised,100003e13,K-35-063-4_Skobelevo_4326,burial_mound,out_of_scope,as_digitised,student_digitised,361827.024,4661893.970
student:02460,student_standardised,100003e13,K-35-063-4_Skobelevo_4326,bench_mark_on_mound,directly_reviewed,own_mark,student_digitised,368266.874,4661247.411
student:02461,student_standardised,100003e13,K-35-063-4_Skobelevo_4326,burial_mound,out_of_scope,as_digitised,student_digitised,374345.146,4661847.911
student:02462,student_standardised,100003e13,K-35-063-4_Skobelevo_4326,burial_mound,out_of_scope,as_digitised,student_digitised,371200.470,4661777.472
student:02463,student_standardised,100003e13,K-35-063-4_Skobelevo_4326,burial_mound,out_of_scope,as_digitised,student_digitised,374752.473,4661386.611
student:02464,student_standardised,100003e13,K-35-063-4_Skobelevo_4326,burial_mound,out_of_scope,as_digitised,student_digitised,374703.992,4661247.649
student:02465,student_standardised,100003e13,K-35-063-4_Skobelevo_4326,burial_mound,out_of_scope,as_digitised,student_digitised,375778.131,4660617.807
student:02466,student_standardised,100003e13,K-35-063-4_Skobelevo_4326,burial_mound,out_of_scope,as_digitised,student_digitised,364591.237,4660496.252
student:02467,student_standardised,100003e13,K-35-063-4_Skobelevo_4326,burial_mound,out_of_scope,as_digitised,student_digitised,357585.291,4660769.683
student:02468,student_standardised,100003e13,K-35-063-4_Skobelevo_4326,burial_mound,out_of_scope,as_digitised,student_digitised,362642.149,4659270.527
student:02469,student_standardised,100003e13,K-35-063-4_Skobelevo_4326,burial_mound,directly_reviewed,own_mark,student_digitised,363576.289,4659889.899
student:02470,student_standardised,100003e13,K-35-063-4_Skobelevo_4326,burial_mound,directly_reviewed,own_mark,student_digitised,363685.230,4659852.318
student:02471,student_standardised,100003e13,K-35-063-4_Skobelevo_4326,burial_mound,out_of_scope,as_digitised,student_digitised,370112.147,4659395.126
student:02472,student_standardised,100003e13,K-35-063-4_Skobelevo_4326,burial_mound,out_of_scope,as_digitised,student_digitised,371475.821,4657177.243
student:02473,student_standardised,100003e13,K-35-063-4_Skobelevo_4326,burial_mound,out_of_scope,as_digitised,student_digitised,367607.591,4657994.248
student:02474,student_standardised,100003e13,K-35-063-4_Skobelevo_4326,burial_mound,out_of_scope,as_digitised,student_digitised,367525.304,4658016.833
student:02475,student_standardised,100003e13,K-35-063-4_Skobelevo_4326,burial_mound,out_of_scope,as_digitised,student_digitised,367331.149,4657894.262
student:02476,student_standardised,100003e13,K-35-063-4_Skobelevo_4326,burial_mound,out_of_scope,as_digitised,student_digitised,365803.009,4657083.943
student:02477,student_standardised,100003e13,K-35-063-4_Skobelevo_4326,burial_mound,directly_reviewed,own_mark,student_digitised,364776.040,4657698.446
student:02478,student_standardised,100003e13,K-35-063-4_Skobelevo_4326,burial_mound,out_of_scope,as_digitised,student_digitised,364386.251,4656196.716
student:02479,student_standardised,100003e13,K-35-063-4_Skobelevo_4326,burial_mound,out_of_scope,as_digitised,student_digitised,364352.209,4656065.015
student:02480,student_standardised,100003e13,K-35-063-4_Skobelevo_4326,burial_mound,out_of_scope,as_digitised,student_digitised,371309.370,4656227.512
student:02481,student_standardised,100003e13,K-35-063-4_Skobelevo_4326,burial_mound,out_of_scope,as_digitised,student_digitised,371980.744,4656487.754
student:02482,student_standardised,100003e13,K-35-063-4_Skobelevo_4326,burial_mound,directly_reviewed,own_mark,student_digitised,373178.050,4656927.590
student:02483,student_standardised,100003e13,K-35-063-4_Skobelevo_4326,burial_mound,out_of_scope,as_digitised,student_digitised,375331.505,4656742.843
student:02484,student_standardised,100003e13,K-35-063-4_Skobelevo_4326,burial_mound,out_of_scope,as_digitised,student_digitised,361669.099,4655274.659
student:02485,student_standardised,100003e13,K-35-063-4_Skobelevo_4326,burial_mound,out_of_scope,as_digitised,student_digitised,361333.622,4655408.922
student:02486,student_standardised,100003e13,K-35-063-4_Skobelevo_4326,burial_mound,out_of_scope,as_digitised,student_digitised,357976.380,4655863.536
student:02487,student_standardised,100003e13,K-35-063-4_Skobelevo_4326,burial_mound,out_of_scope,as_digitised,student_digitised,361097.965,4654378.976
student:02488,student_standardised,100003e13,K-35-063-4_Skobelevo_4326,burial_mound,out_of_scope,as_digitised,student_digitised,364246.384,4652176.721
student:02489,student_standardised,100003e13,K-35-063-4_Skobelevo_4326,burial_mound,out_of_scope,as_digitised,student_digitised,365004.435,4652886.241
student:02490,student_standardised,100003e13,K-35-063-4_Skobelevo_4326,burial_mound,out_of_scope,as_digitised,student_digitised,366202.400,4652484.983
student:02491,student_standardised,100003e13,K-35-063-4_Skobelevo_4326,burial_mound,out_of_scope,as_digitised,student_digitised,366619.709,4652558.435
student:02492,student_standardised,100003e13,K-35-063-4_Skobelevo_4326,burial_mound,out_of_scope,as_digitised,student_digitised,371228.582,4652283.142
student:02493,student_standardised,100003e13,K-35-063-4_Skobelevo_4326,burial_mound,proxy_confirmed,claimant_mark,student_digitised,374174.938,4652904.454
student:02494,student_standardised,100003e13,K-35-063-4_Skobelevo_4326,burial_mound,out_of_scope,as_digitised,student_digitised,375042.315,4652718.193
student:02495,student_standardised,100003e13,K-35-063-4_Skobelevo_4326,burial_mound,out_of_scope,as_digitised,student_digitised,370263.404,4651449.036
student:02496,student_standardised,100003e13,K-35-063-4_Skobelevo_4326,burial_mound,out_of_scope,as_digitised,student_digitised,370379.164,4651033.556
student:02497,student_standardised,100003e13,K-35-063-4_Skobelevo_4326,bench_mark_on_mound,directly_reviewed,own_mark,student_digitised,370032.686,4651423.993
student:02498,student_standardised,100003e13,K-35-063-4_Skobelevo_4326,burial_mound,directly_reviewed,own_mark,student_digitised,369986.309,4651399.265
student:02499,student_standardised,100003e13,K-35-063-4_Skobelevo_4326,burial_mound,out_of_scope,as_digitised,student_digitised,368636.391,4651554.953
student:02500,student_standardised,100003e13,K-35-063-4_Skobelevo_4326,burial_mound,out_of_scope,as_digitised,student_digitised,363900.071,4651937.142
student:02501,student_standardised,100003e13,K-35-063-4_Skobelevo_4326,burial_mound,proxy_confirmed,claimant_mark,student_digitised,358179.144,4651905.186
student:02502,student_standardised,100003e13,K-35-063-4_Skobelevo_4326,burial_mound,out_of_scope,as_digitised,student_digitised,355977.840,4651330.440
student:02503,student_standardised,100002e13,K-35-064-1_Sredets_4326,burial_mound,out_of_scope,as_digitised,student_digitised,376470.249,4673756.815
student:02504,student_standardised,100002e13,K-35-064-1_Sredets_4326,burial_mound,out_of_scope,as_digitised,student_digitised,377095.007,4672944.369
student:02505,student_standardised,100002e13,K-35-064-1_Sredets_4326,burial_mound,out_of_scope,as_digitised,student_digitised,377714.574,4676792.976
student:02506,student_standardised,100002e13,K-35-064-1_Sredets_4326,burial_mound,out_of_scope,as_digitised,student_digitised,377887.238,4677541.087
student:02507,student_standardised,100002e13,K-35-064-1_Sredets_4326,burial_mound,out_of_scope,as_digitised,student_digitised,377848.292,4677755.128
student:02508,student_standardised,100002e13,K-35-064-1_Sredets_4326,burial_mound,out_of_scope,as_digitised,student_digitised,377770.438,4678051.487
student:02509,student_standardised,100002e13,K-35-064-1_Sredets_4326,burial_mound,out_of_scope,as_digitised,student_digitised,377745.391,4678150.687
student:02510,student_standardised,100002e13,K-35-064-1_Sredets_4326,burial_mound,out_of_scope,as_digitised,student_digitised,377297.701,4678491.430
student:02511,student_standardised,100002e13,K-35-064-1_Sredets_4326,burial_mound,directly_reviewed,own_mark,student_digitised,377218.961,4678575.584
student:02512,student_standardised,100002e13,K-35-064-1_Sredets_4326,burial_mound,out_of_scope,as_digitised,student_digitised,377145.816,4681418.560
student:02513,student_standardised,100002e13,K-35-064-1_Sredets_4326,burial_mound,directly_reviewed,own_mark,student_digitised,377010.917,4686631.103
student:02514,student_standardised,100002e13,K-35-064-1_Sredets_4326,burial_mound,out_of_scope,as_digitised,student_digitised,377163.692,4686781.233
student:02515,student_standardised,100002e13,K-35-064-1_Sredets_4326,burial_mound,out_of_scope,as_digitised,student_digitised,378358.407,4685442.735
student:02516,student_standardised,100002e13,K-35-064-1_Sredets_4326,burial_mound,out_of_scope,as_digitised,student_digitised,378759.213,4685422.672
student:02517,student_standardised,100002e13,K-35-064-1_Sredets_4326,burial_mound,out_of_scope,as_digitised,student_digitised,378481.434,4682591.218
student:02518,student_standardised,100002e13,K-35-064-1_Sredets_4326,burial_mound,out_of_scope,as_digitised,student_digitised,378634.214,4682210.164
student:02519,student_standardised,100002e13,K-35-064-1_Sredets_4326,burial_mound,out_of_scope,as_digitised,student_digitised,378389.689,4681534.932
student:02520,student_standardised,100002e13,K-35-064-1_Sredets_4326,burial_mound,out_of_scope,as_digitised,student_digitised,378211.900,4681490.431
student:02521,student_standardised,100002e13,K-35-064-1_Sredets_4326,burial_mound,directly_reviewed,own_mark,student_digitised,378257.598,4681445.125
student:02522,student_standardised,100002e13,K-35-064-1_Sredets_4326,burial_mound,directly_reviewed,own_mark,student_digitised,378310.762,4681429.277
student:02523,student_standardised,100002e13,K-35-064-1_Sredets_4326,burial_mound,out_of_scope,as_digitised,student_digitised,378338.109,4681295.408
student:02524,student_standardised,100002e13,K-35-064-1_Sredets_4326,burial_mound,out_of_scope,as_digitised,student_digitised,378438.791,4681088.380
student:02525,student_standardised,100002e13,K-35-064-1_Sredets_4326,burial_mound,out_of_scope,as_digitised,student_digitised,378171.610,4681043.106
student:02526,student_standardised,100002e13,K-35-064-1_Sredets_4326,burial_mound,out_of_scope,as_digitised,student_digitised,378069.446,4680996.595
student:02527,student_standardised,100002e13,K-35-064-1_Sredets_4326,burial_mound,out_of_scope,as_digitised,student_digitised,378911.792,4678171.558
student:02528,student_standardised,100002e13,K-35-064-1_Sredets_4326,burial_mound,out_of_scope,as_digitised,student_digitised,378675.319,4672481.997
student:02529,student_standardised,100002e13,K-35-064-1_Sredets_4326,burial_mound,out_of_scope,as_digitised,student_digitised,378606.675,4670036.541
student:02530,student_standardised,100002e13,K-35-064-1_Sredets_4326,burial_mound,out_of_scope,as_digitised,student_digitised,379794.737,4671878.869
student:02531,student_standardised,100002e13,K-35-064-1_Sredets_4326,burial_mound,out_of_scope,as_digitised,student_digitised,379084.704,4676441.749
student:02532,student_standardised,100002e13,K-35-064-1_Sredets_4326,burial_mound,out_of_scope,as_digitised,student_digitised,379875.306,4676742.655
student:02533,student_standardised,100002e13,K-35-064-1_Sredets_4326,burial_mound,out_of_scope,as_digitised,student_digitised,379811.543,4676797.783
student:02534,student_standardised,100002e13,K-35-064-1_Sredets_4326,burial_mound,out_of_scope,as_digitised,student_digitised,379837.262,4677217.973
student:02535,student_standardised,100002e13,K-35-064-1_Sredets_4326,burial_mound,out_of_scope,as_digitised,student_digitised,379741.900,4678085.199
student:02536,student_standardised,100002e13,K-35-064-1_Sredets_4326,burial_mound,out_of_scope,as_digitised,student_digitised,379661.645,4678669.892
student:02537,student_standardised,100002e13,K-35-064-1_Sredets_4326,burial_mound,out_of_scope,as_digitised,student_digitised,379814.697,4680988.875
student:02538,student_standardised,100002e13,K-35-064-1_Sredets_4326,burial_mound,out_of_scope,as_digitised,student_digitised,379807.415,4681890.658
student:02539,student_standardised,100002e13,K-35-064-1_Sredets_4326,burial_mound,out_of_scope,as_digitised,student_digitised,379799.575,4683528.253
student:02540,student_standardised,100002e13,K-35-064-1_Sredets_4326,burial_mound,out_of_scope,as_digitised,student_digitised,379593.144,4683601.427
student:02541,student_standardised,100002e13,K-35-064-1_Sredets_4326,burial_mound,directly_reviewed,own_mark,student_digitised,379419.003,4683711.289
student:02542,student_standardised,100002e13,K-35-064-1_Sredets_4326,burial_mound,directly_reviewed,own_mark,student_digitised,379364.373,4683720.221
student:02543,student_standardised,100002e13,K-35-064-1_Sredets_4326,burial_mound,out_of_scope,as_digitised,student_digitised,379482.861,4683920.821
student:02544,student_standardised,100002e13,K-35-064-1_Sredets_4326,burial_mound,out_of_scope,as_digitised,student_digitised,380115.313,4686105.556
student:02545,student_standardised,100002e13,K-35-064-1_Sredets_4326,burial_mound,out_of_scope,as_digitised,student_digitised,380387.175,4685870.463
student:02546,student_standardised,100002e13,K-35-064-1_Sredets_4326,burial_mound,out_of_scope,as_digitised,student_digitised,380330.542,4683539.844
student:02547,student_standardised,100002e13,K-35-064-1_Sredets_4326,burial_mound,out_of_scope,as_digitised,student_digitised,380001.111,4683473.246
student:02548,student_standardised,100002e13,K-35-064-1_Sredets_4326,burial_mound,out_of_scope,as_digitised,student_digitised,380173.662,4683168.972
student:02549,student_standardised,100002e13,K-35-064-1_Sredets_4326,burial_mound,out_of_scope,as_digitised,student_digitised,380250.957,4683138.941
student:02550,student_standardised,100002e13,K-35-064-1_Sredets_4326,burial_mound,out_of_scope,as_digitised,student_digitised,380571.616,4678017.357
student:02551,student_standardised,100002e13,K-35-064-1_Sredets_4326,burial_mound,out_of_scope,as_digitised,student_digitised,379998.575,4676579.484
student:02552,student_standardised,100002e13,K-35-064-1_Sredets_4326,burial_mound,out_of_scope,as_digitised,student_digitised,380121.455,4675481.974
student:02553,student_standardised,100002e13,K-35-064-1_Sredets_4326,burial_mound,directly_reviewed,own_mark,student_digitised,380715.661,4674438.904
student:02554,student_standardised,100002e13,K-35-064-1_Sredets_4326,burial_mound,out_of_scope,as_digitised,student_digitised,381114.099,4670093.198
student:02555,student_standardised,100002e13,K-35-064-1_Sredets_4326,burial_mound,out_of_scope,as_digitised,student_digitised,381874.817,4672388.181
student:02556,student_standardised,100002e13,K-35-064-1_Sredets_4326,burial_mound,out_of_scope,as_digitised,student_digitised,381244.577,4679275.597
student:02557,student_standardised,100002e13,K-35-064-1_Sredets_4326,burial_mound,out_of_scope,as_digitised,student_digitised,381307.704,4682141.331
student:02558,student_standardised,100002e13,K-35-064-1_Sredets_4326,burial_mound,out_of_scope,as_digitised,student_digitised,381046.088,4682716.221
student:02559,student_standardised,100002e13,K-35-064-1_Sredets_4326,burial_mound,out_of_scope,as_digitised,student_digitised,381313.662,4685847.367
student:02560,student_standardised,100002e13,K-35-064-1_Sredets_4326,burial_mound,out_of_scope,as_digitised,student_digitised,382542.723,4683583.238
student:02561,student_standardised,100002e13,K-35-064-1_Sredets_4326,burial_mound,out_of_scope,as_digitised,student_digitised,382762.772,4680233.258
student:02562,student_standardised,100002e13,K-35-064-1_Sredets_4326,burial_mound,out_of_scope,as_digitised,student_digitised,382136.049,4680109.443
student:02563,student_standardised,100002e13,K-35-064-1_Sredets_4326,burial_mound,out_of_scope,as_digitised,student_digitised,382072.773,4679330.243
student:02564,student_standardised,100002e13,K-35-064-1_Sredets_4326,burial_mound,out_of_scope,as_digitised,student_digitised,382711.108,4673987.028
student:02565,student_standardised,100002e13,K-35-064-1_Sredets_4326,burial_mound,out_of_scope,as_digitised,student_digitised,382726.287,4672082.225
student:02566,student_standardised,100002e13,K-35-064-1_Sredets_4326,burial_mound,out_of_scope,as_digitised,student_digitised,382680.825,4671752.352
student:02567,student_standardised,100002e13,K-35-064-1_Sredets_4326,burial_mound,out_of_scope,as_digitised,student_digitised,382045.403,4671663.413
student:02568,student_standardised,100002e13,K-35-064-1_Sredets_4326,burial_mound,out_of_scope,as_digitised,student_digitised,382789.841,4670499.399
student:02569,student_standardised,100002e13,K-35-064-1_Sredets_4326,burial_mound,out_of_scope,as_digitised,student_digitised,383166.329,4678942.789
student:02570,student_standardised,100002e13,K-35-064-1_Sredets_4326,burial_mound,out_of_scope,as_digitised,student_digitised,383623.969,4682171.543
student:02571,student_standardised,100002e13,K-35-064-1_Sredets_4326,burial_mound,out_of_scope,as_digitised,student_digitised,383496.900,4682681.364
student:02572,student_standardised,100002e13,K-35-064-1_Sredets_4326,burial_mound,out_of_scope,as_digitised,student_digitised,384186.474,4683789.970
student:02573,student_standardised,100002e13,K-35-064-1_Sredets_4326,burial_mound,out_of_scope,as_digitised,student_digitised,384734.642,4683640.722
student:02574,student_standardised,100002e13,K-35-064-1_Sredets_4326,burial_mound,out_of_scope,as_digitised,student_digitised,384516.695,4677201.845
student:02575,student_standardised,100002e13,K-35-064-1_Sredets_4326,burial_mound,out_of_scope,as_digitised,student_digitised,384454.645,4674250.092
student:02576,student_standardised,100002e13,K-35-064-1_Sredets_4326,burial_mound,out_of_scope,as_digitised,student_digitised,384576.869,4672101.559
student:02577,student_standardised,100002e13,K-35-064-1_Sredets_4326,burial_mound,out_of_scope,as_digitised,student_digitised,384577.393,4671991.950
student:02578,student_standardised,100002e13,K-35-064-1_Sredets_4326,burial_mound,out_of_scope,as_digitised,student_digitised,384314.378,4671578.291
student:02579,student_standardised,100002e13,K-35-064-1_Sredets_4326,burial_mound,out_of_scope,as_digitised,student_digitised,384259.088,4671497.816
student:02580,student_standardised,100002e13,K-35-064-1_Sredets_4326,burial_mound,out_of_scope,as_digitised,student_digitised,384704.681,4669798.232
student:02581,student_standardised,100002e13,K-35-064-1_Sredets_4326,burial_mound,out_of_scope,as_digitised,student_digitised,385303.993,4673018.881
student:02582,student_standardised,100002e13,K-35-064-1_Sredets_4326,burial_mound,out_of_scope,as_digitised,student_digitised,385838.843,4676494.395
student:02583,student_standardised,100002e13,K-35-064-1_Sredets_4326,burial_mound,out_of_scope,as_digitised,student_digitised,385035.650,4676583.122
student:02584,student_standardised,100002e13,K-35-064-1_Sredets_4326,burial_mound,out_of_scope,as_digitised,student_digitised,385066.712,4679489.892
student:02585,student_standardised,100002e13,K-35-064-1_Sredets_4326,burial_mound,out_of_scope,as_digitised,student_digitised,385481.902,4683850.985
student:02586,student_standardised,100002e13,K-35-064-1_Sredets_4326,burial_mound,out_of_scope,as_digitised,student_digitised,385815.406,4685407.520
student:02587,student_standardised,100002e13,K-35-064-1_Sredets_4326,trig_point_on_mound,directly_reviewed,own_mark,student_digitised,386481.108,4686005.674
student:02588,student_standardised,100002e13,K-35-064-1_Sredets_4326,burial_mound,out_of_scope,as_digitised,student_digitised,386506.127,4685543.025
student:02589,student_standardised,100002e13,K-35-064-1_Sredets_4326,burial_mound,out_of_scope,as_digitised,student_digitised,386471.460,4685110.808
student:02590,student_standardised,100002e13,K-35-064-1_Sredets_4326,burial_mound,out_of_scope,as_digitised,student_digitised,387312.485,4684747.596
student:02591,student_standardised,100002e13,K-35-064-1_Sredets_4326,burial_mound,out_of_scope,as_digitised,student_digitised,387409.951,4677008.959
student:02592,student_standardised,100002e13,K-35-064-1_Sredets_4326,burial_mound,out_of_scope,as_digitised,student_digitised,387045.131,4676956.687
student:02593,student_standardised,100002e13,K-35-064-1_Sredets_4326,burial_mound,directly_reviewed,own_mark,student_digitised,386213.409,4677175.328
student:02594,student_standardised,100002e13,K-35-064-1_Sredets_4326,burial_mound,directly_reviewed,own_mark,student_digitised,386180.560,4677230.517
student:02595,student_standardised,100002e13,K-35-064-1_Sredets_4326,burial_mound,out_of_scope,as_digitised,student_digitised,386859.590,4674062.895
student:02596,student_standardised,100002e13,K-35-064-1_Sredets_4326,burial_mound,proxy_confirmed,claimant_mark,student_digitised,387424.223,4673360.935
student:02597,student_standardised,100002e13,K-35-064-1_Sredets_4326,burial_mound,out_of_scope,as_digitised,student_digitised,387286.699,4673477.615
student:02598,student_standardised,100002e13,K-35-064-1_Sredets_4326,burial_mound,out_of_scope,as_digitised,student_digitised,388123.425,4670419.391
student:02599,student_standardised,100002e13,K-35-064-1_Sredets_4326,burial_mound,out_of_scope,as_digitised,student_digitised,390941.802,4669611.164
student:02600,student_standardised,100002e13,K-35-064-1_Sredets_4326,burial_mound,out_of_scope,as_digitised,student_digitised,388931.729,4673835.228
student:02601,student_standardised,100002e13,K-35-064-1_Sredets_4326,burial_mound,out_of_scope,as_digitised,student_digitised,389242.936,4678437.007
student:02602,student_standardised,100002e13,K-35-064-1_Sredets_4326,burial_mound,directly_reviewed,own_mark,student_digitised,389191.591,4678583.940
student:02603,student_standardised,100002e13,K-35-064-1_Sredets_4326,burial_mound,out_of_scope,as_digitised,student_digitised,390073.775,4686442.598
student:02604,student_standardised,100002e13,K-35-064-1_Sredets_4326,burial_mound,out_of_scope,as_digitised,student_digitised,391819.740,4687272.691
student:02605,student_standardised,100002e13,K-35-064-1_Sredets_4326,burial_mound,out_of_scope,as_digitised,student_digitised,392187.662,4686172.683
student:02606,student_standardised,100002e13,K-35-064-1_Sredets_4326,burial_mound,proxy_confirmed,claimant_mark,student_digitised,390979.400,4680141.992
student:02607,student_standardised,100002e13,K-35-064-1_Sredets_4326,burial_mound,proxy_confirmed,claimant_mark,student_digitised,391598.363,4680607.482
student:02608,student_standardised,100002e13,K-35-064-1_Sredets_4326,burial_mound,out_of_scope,as_digitised,student_digitised,392369.266,4671524.388
student:02609,student_standardised,100002e13,K-35-064-1_Sredets_4326,burial_mound,out_of_scope,as_digitised,student_digitised,391533.856,4671488.441
student:02610,student_standardised,100002e13,K-35-064-1_Sredets_4326,burial_mound,out_of_scope,as_digitised,student_digitised,391189.622,4671542.141
student:02611,student_standardised,100002e13,K-35-064-1_Sredets_4326,burial_mound,out_of_scope,as_digitised,student_digitised,391089.091,4671603.848
student:02612,student_standardised,100002e13,K-35-064-1_Sredets_4326,burial_mound,out_of_scope,as_digitised,student_digitised,393182.340,4671220.407
student:02613,student_standardised,100002e13,K-35-064-1_Sredets_4326,burial_mound,out_of_scope,as_digitised,student_digitised,393683.974,4672740.067
student:02614,student_standardised,100002e13,K-35-064-1_Sredets_4326,bench_mark_on_mound,directly_reviewed,own_mark,student_digitised,393538.197,4679589.439
student:02615,student_standardised,100002e13,K-35-064-1_Sredets_4326,burial_mound,directly_reviewed,own_mark,student_digitised,393530.696,4679524.750
student:02616,student_standardised,100002e13,K-35-064-1_Sredets_4326,burial_mound,directly_reviewed,own_mark,student_digitised,393404.198,4679503.232
student:02617,student_standardised,100002e13,K-35-064-1_Sredets_4326,burial_mound,out_of_scope,as_digitised,student_digitised,393300.265,4679565.709
student:02618,student_standardised,100002e13,K-35-064-1_Sredets_4326,burial_mound,out_of_scope,as_digitised,student_digitised,395898.990,4686655.952
student:02619,student_standardised,100002e13,K-35-064-1_Sredets_4326,burial_mound,out_of_scope,as_digitised,student_digitised,394011.460,4683828.335
student:02620,student_standardised,100002e13,K-35-064-1_Sredets_4326,burial_mound,out_of_scope,as_digitised,student_digitised,394856.803,4671582.327
student:02621,student_standardised,100002e13,K-35-064-1_Sredets_4326,burial_mound,directly_reviewed,own_mark,student_digitised,395279.470,4670184.099
student:02622,student_standardised,100002e13,K-35-064-1_Sredets_4326,burial_mound,directly_reviewed,own_mark,student_digitised,395214.644,4670140.173
student:02623,student_standardised,100002e13,K-35-064-1_Sredets_4326,burial_mound,proxy_confirmed,claimant_mark,student_digitised,396108.477,4669580.705
student:02624,student_standardised,100002e13,K-35-064-1_Sredets_4326,burial_mound,out_of_scope,as_digitised,student_digitised,396208.959,4669254.756
student:02625,student_standardised,merged-K-35-064-2_Radnevo_4326_c00167,K-35-064-2_Radnevo_4326,bench_mark_on_mound,directly_reviewed,own_mark,student_digitised,412437.414,4681944.387
student:02626,student_standardised,100003e13,K-35-064-2_Radnevo_4326,burial_mound,out_of_scope,as_digitised,student_digitised,406182.317,4687193.104
student:02627,student_standardised,100003e13,K-35-064-2_Radnevo_4326,burial_mound,out_of_scope,as_digitised,student_digitised,415720.260,4686709.207
student:02628,student_standardised,100003e13,K-35-064-2_Radnevo_4326,burial_mound,out_of_scope,as_digitised,student_digitised,413671.106,4686950.099
student:02629,student_standardised,100003e13,K-35-064-2_Radnevo_4326,burial_mound,out_of_scope,as_digitised,student_digitised,412918.385,4686084.067
student:02630,student_standardised,100003e13,K-35-064-2_Radnevo_4326,burial_mound,out_of_scope,as_digitised,student_digitised,405408.131,4686305.891
student:02631,student_standardised,100003e13,K-35-064-2_Radnevo_4326,burial_mound,out_of_scope,as_digitised,student_digitised,407028.391,4684497.120
student:02632,student_standardised,100003e13,K-35-064-2_Radnevo_4326,burial_mound,out_of_scope,as_digitised,student_digitised,405408.374,4684196.130
student:02633,student_standardised,100003e13,K-35-064-2_Radnevo_4326,burial_mound,out_of_scope,as_digitised,student_digitised,397537.592,4683241.028
student:02634,student_standardised,100003e13,K-35-064-2_Radnevo_4326,burial_mound,out_of_scope,as_digitised,student_digitised,397257.182,4683046.131
student:02635,student_standardised,100003e13,K-35-064-2_Radnevo_4326,burial_mound,out_of_scope,as_digitised,student_digitised,404059.454,4683228.044
student:02636,student_standardised,100003e13,K-35-064-2_Radnevo_4326,burial_mound,out_of_scope,as_digitised,student_digitised,411691.510,4683355.465
student:02637,student_standardised,100003e13,K-35-064-2_Radnevo_4326,burial_mound,out_of_scope,as_digitised,student_digitised,415788.213,4682498.911
student:02638,student_standardised,100003e13,K-35-064-2_Radnevo_4326,burial_mound,out_of_scope,as_digitised,student_digitised,411598.841,4681205.342
student:02639,student_standardised,100003e13,K-35-064-2_Radnevo_4326,burial_mound,out_of_scope,as_digitised,student_digitised,414091.355,4681953.754
student:02640,student_standardised,100003e13,K-35-064-2_Radnevo_4326,burial_mound,out_of_scope,as_digitised,student_digitised,415745.322,4681038.399
student:02641,student_standardised,100003e13,K-35-064-2_Radnevo_4326,burial_mound,out_of_scope,as_digitised,student_digitised,413155.923,4680164.122
student:02642,student_standardised,100003e13,K-35-064-2_Radnevo_4326,burial_mound,out_of_scope,as_digitised,student_digitised,405305.961,4680958.727
student:02643,student_standardised,100003e13,K-35-064-2_Radnevo_4326,burial_mound,out_of_scope,as_digitised,student_digitised,400026.949,4678469.750
student:02644,student_standardised,100003e13,K-35-064-2_Radnevo_4326,burial_mound,out_of_scope,as_digitised,student_digitised,406320.625,4678693.145
student:02645,student_standardised,100003e13,K-35-064-2_Radnevo_4326,burial_mound,out_of_scope,as_digitised,student_digitised,407929.473,4678542.251
student:02646,student_standardised,100003e13,K-35-064-2_Radnevo_4326,burial_mound,out_of_scope,as_digitised,student_digitised,408046.684,4678455.435
student:02647,student_standardised,100003e13,K-35-064-2_Radnevo_4326,burial_mound,out_of_scope,as_digitised,student_digitised,408737.374,4678257.451
student:02648,student_standardised,100003e13,K-35-064-2_Radnevo_4326,burial_mound,out_of_scope,as_digitised,student_digitised,409470.095,4678177.540
student:02649,student_standardised,100003e13,K-35-064-2_Radnevo_4326,bench_mark_on_mound,directly_reviewed,own_mark,student_digitised,411372.142,4678637.595
student:02650,student_standardised,100003e13,K-35-064-2_Radnevo_4326,burial_mound,out_of_scope,as_digitised,student_digitised,416929.949,4678671.585
student:02651,student_standardised,100003e13,K-35-064-2_Radnevo_4326,burial_mound,out_of_scope,as_digitised,student_digitised,412952.080,4677725.551
student:02652,student_standardised,100003e13,K-35-064-2_Radnevo_4326,burial_mound,out_of_scope,as_digitised,student_digitised,413034.992,4677545.004
student:02653,student_standardised,100003e13,K-35-064-2_Radnevo_4326,burial_mound,out_of_scope,as_digitised,student_digitised,412999.209,4677968.293
student:02654,student_standardised,100003e13,K-35-064-2_Radnevo_4326,burial_mound,out_of_scope,as_digitised,student_digitised,404627.918,4677185.968
student:02655,student_standardised,100003e13,K-35-064-2_Radnevo_4326,burial_mound,out_of_scope,as_digitised,student_digitised,397736.064,4677872.895
student:02656,student_standardised,100003e13,K-35-064-2_Radnevo_4326,burial_mound,out_of_scope,as_digitised,student_digitised,397188.264,4676959.816
student:02657,student_standardised,100003e13,K-35-064-2_Radnevo_4326,burial_mound,out_of_scope,as_digitised,student_digitised,411192.071,4676105.423
student:02658,student_standardised,100003e13,K-35-064-2_Radnevo_4326,burial_mound,proxy_confirmed,claimant_mark,student_digitised,414622.662,4676808.811
student:02659,student_standardised,100003e13,K-35-064-2_Radnevo_4326,burial_mound,out_of_scope,as_digitised,student_digitised,415582.348,4675424.061
student:02660,student_standardised,100003e13,K-35-064-2_Radnevo_4326,burial_mound,out_of_scope,as_digitised,student_digitised,406566.485,4675159.374
student:02661,student_standardised,100003e13,K-35-064-2_Radnevo_4326,burial_mound,out_of_scope,as_digitised,student_digitised,402773.465,4675204.790
student:02662,student_standardised,100003e13,K-35-064-2_Radnevo_4326,burial_mound,out_of_scope,as_digitised,student_digitised,397225.399,4674715.117
student:02663,student_standardised,100003e13,K-35-064-2_Radnevo_4326,burial_mound,out_of_scope,as_digitised,student_digitised,416987.439,4673670.934
student:02664,student_standardised,100003e13,K-35-064-2_Radnevo_4326,burial_mound,out_of_scope,as_digitised,student_digitised,404725.958,4673778.628
student:02665,student_standardised,100003e13,K-35-064-2_Radnevo_4326,burial_mound,out_of_scope,as_digitised,student_digitised,402604.967,4673315.343
student:02666,student_standardised,100003e13,K-35-064-2_Radnevo_4326,burial_mound,out_of_scope,as_digitised,student_digitised,401840.344,4673935.890
student:02667,student_standardised,100003e13,K-35-064-2_Radnevo_4326,burial_mound,out_of_scope,as_digitised,student_digitised,408441.745,4672606.314
student:02668,student_standardised,100003e13,K-35-064-2_Radnevo_4326,burial_mound,out_of_scope,as_digitised,student_digitised,412663.086,4672751.579
student:02669,student_standardised,100003e13,K-35-064-2_Radnevo_4326,burial_mound,out_of_scope,as_digitised,student_digitised,412185.039,4672833.494
student:02670,student_standardised,100003e13,K-35-064-2_Radnevo_4326,burial_mound,out_of_scope,as_digitised,student_digitised,412041.043,4672897.834
student:02671,student_standardised,100003e13,K-35-064-2_Radnevo_4326,burial_mound,out_of_scope,as_digitised,student_digitised,411331.284,4671757.221
student:02672,student_standardised,100003e13,K-35-064-2_Radnevo_4326,burial_mound,out_of_scope,as_digitised,student_digitised,404971.830,4671238.825
student:02673,student_standardised,100003e13,K-35-064-2_Radnevo_4326,burial_mound,out_of_scope,as_digitised,student_digitised,402579.096,4670984.100
student:02674,student_standardised,100003e13,K-35-064-2_Radnevo_4326,burial_mound,out_of_scope,as_digitised,student_digitised,398430.411,4670685.633
student:02675,student_standardised,100003e13,K-35-064-2_Radnevo_4326,burial_mound,out_of_scope,as_digitised,student_digitised,398814.862,4670842.638
student:02676,student_standardised,100003e13,K-35-064-2_Radnevo_4326,burial_mound,out_of_scope,as_digitised,student_digitised,401502.819,4670476.278
student:02677,student_standardised,100003e13,K-35-064-2_Radnevo_4326,burial_mound,out_of_scope,as_digitised,student_digitised,401916.847,4670068.056
student:02678,student_standardised,100003e13,K-35-064-2_Radnevo_4326,burial_mound,directly_reviewed,own_mark,student_digitised,404712.968,4670373.232
student:02679,student_standardised,100003e13,K-35-064-2_Radnevo_4326,burial_mound,proxy_confirmed,claimant_mark,student_digitised,407095.471,4670278.991
student:02680,student_standardised,100003e13,K-35-064-2_Radnevo_4326,burial_mound,out_of_scope,as_digitised,student_digitised,405487.062,4669255.396
student:02681,student_standardised,100003e13,K-35-064-2_Radnevo_4326,burial_mound,out_of_scope,as_digitised,student_digitised,403092.382,4669515.646
student:02682,student_standardised,100003e13,K-35-064-2_Radnevo_4326,burial_mound,out_of_scope,as_digitised,student_digitised,402144.939,4669956.354
student:02683,student_standardised,100003e13,K-35-064-2_Radnevo_4326,burial_mound,out_of_scope,as_digitised,student_digitised,410300.875,4668986.689
student:02684,student_standardised,100004e13,K-35-064-2_Radnevo_4326,burial_mound,out_of_scope,as_digitised,student_digitised,408648.359,4687461.911
student:02685,student_standardised,100004e13,K-35-064-2_Radnevo_4326,burial_mound,out_of_scope,as_digitised,student_digitised,414261.300,4687355.542
student:02686,student_standardised,100005e13,K-35-064-3_Dimitrovgrad_4326,burial_mound,directly_reviewed,own_mark,student_digitised,396588.001,4662683.558
student:02687,student_standardised,100005e13,K-35-064-3_Dimitrovgrad_4326,burial_mound,directly_reviewed,own_mark,student_digitised,396608.181,4651147.715
student:02688,student_standardised,100005e13,K-35-064-3_Dimitrovgrad_4326,burial_mound,out_of_scope,as_digitised,student_digitised,384719.281,4666988.249
student:02689,student_standardised,100005e13,K-35-064-3_Dimitrovgrad_4326,burial_mound,out_of_scope,as_digitised,student_digitised,386024.612,4667453.503
student:02690,student_standardised,100005e13,K-35-064-3_Dimitrovgrad_4326,burial_mound,out_of_scope,as_digitised,student_digitised,395532.511,4667996.201
student:02691,student_standardised,100005e13,K-35-064-3_Dimitrovgrad_4326,burial_mound,out_of_scope,as_digitised,student_digitised,395926.817,4667623.200
student:02692,student_standardised,100005e13,K-35-064-3_Dimitrovgrad_4326,burial_mound,out_of_scope,as_digitised,student_digitised,390035.099,4665151.362
student:02693,student_standardised,100005e13,K-35-064-3_Dimitrovgrad_4326,burial_mound,out_of_scope,as_digitised,student_digitised,388033.146,4666805.475
student:02694,student_standardised,100005e13,K-35-064-3_Dimitrovgrad_4326,burial_mound,out_of_scope,as_digitised,student_digitised,388396.285,4665512.824
student:02695,student_standardised,100005e13,K-35-064-3_Dimitrovgrad_4326,burial_mound,out_of_scope,as_digitised,student_digitised,387142.800,4665732.258
student:02696,student_standardised,100005e13,K-35-064-3_Dimitrovgrad_4326,burial_mound,out_of_scope,as_digitised,student_digitised,386539.814,4666939.007
student:02697,student_standardised,100005e13,K-35-064-3_Dimitrovgrad_4326,burial_mound,out_of_scope,as_digitised,student_digitised,384084.757,4665977.451
student:02698,student_standardised,100005e13,K-35-064-3_Dimitrovgrad_4326,burial_mound,out_of_scope,as_digitised,student_digitised,383211.325,4665853.024
student:02699,student_standardised,100005e13,K-35-064-3_Dimitrovgrad_4326,burial_mound,out_of_scope,as_digitised,student_digitised,380780.676,4665019.094
student:02700,student_standardised,100005e13,K-35-064-3_Dimitrovgrad_4326,burial_mound,out_of_scope,as_digitised,student_digitised,383457.051,4663375.337
student:02701,student_standardised,100005e13,K-35-064-3_Dimitrovgrad_4326,burial_mound,out_of_scope,as_digitised,student_digitised,384249.656,4664214.622
student:02702,student_standardised,100005e13,K-35-064-3_Dimitrovgrad_4326,burial_mound,out_of_scope,as_digitised,student_digitised,384169.258,4664689.261
student:02703,student_standardised,100005e13,K-35-064-3_Dimitrovgrad_4326,burial_mound,out_of_scope,as_digitised,student_digitised,386678.086,4664371.112
student:02704,student_standardised,100005e13,K-35-064-3_Dimitrovgrad_4326,burial_mound,out_of_scope,as_digitised,student_digitised,385976.008,4664970.477
student:02705,student_standardised,100005e13,K-35-064-3_Dimitrovgrad_4326,burial_mound,out_of_scope,as_digitised,student_digitised,386089.106,4664824.622
student:02706,student_standardised,100005e13,K-35-064-3_Dimitrovgrad_4326,burial_mound,directly_reviewed,own_mark,student_digitised,386339.058,4664774.619
student:02707,student_standardised,100005e13,K-35-064-3_Dimitrovgrad_4326,burial_mound,out_of_scope,as_digitised,student_digitised,386650.260,4664939.224
student:02708,student_standardised,100005e13,K-35-064-3_Dimitrovgrad_4326,burial_mound,out_of_scope,as_digitised,student_digitised,387297.893,4664506.646
student:02709,student_standardised,100005e13,K-35-064-3_Dimitrovgrad_4326,burial_mound,out_of_scope,as_digitised,student_digitised,388600.985,4664859.959
student:02710,student_standardised,100005e13,K-35-064-3_Dimitrovgrad_4326,burial_mound,out_of_scope,as_digitised,student_digitised,390143.921,4664966.336
student:02711,student_standardised,100005e13,K-35-064-3_Dimitrovgrad_4326,burial_mound,out_of_scope,as_digitised,student_digitised,392488.976,4663851.743
student:02712,student_standardised,100005e13,K-35-064-3_Dimitrovgrad_4326,burial_mound,out_of_scope,as_digitised,student_digitised,393727.645,4663702.516
student:02713,student_standardised,100005e13,K-35-064-3_Dimitrovgrad_4326,burial_mound,out_of_scope,as_digitised,student_digitised,396137.532,4663877.264
student:02714,student_standardised,100005e13,K-35-064-3_Dimitrovgrad_4326,burial_mound,out_of_scope,as_digitised,student_digitised,396296.867,4663314.596
student:02715,student_standardised,100005e13,K-35-064-3_Dimitrovgrad_4326,burial_mound,directly_reviewed,own_mark,student_digitised,396480.951,4662773.085
student:02716,student_standardised,100005e13,K-35-064-3_Dimitrovgrad_4326,burial_mound,directly_reviewed,own_mark,student_digitised,396328.744,4662062.784
student:02717,student_standardised,100005e13,K-35-064-3_Dimitrovgrad_4326,burial_mound,out_of_scope,as_digitised,student_digitised,394198.884,4661249.807
student:02718,student_standardised,100005e13,K-35-064-3_Dimitrovgrad_4326,burial_mound,out_of_scope,as_digitised,student_digitised,392040.178,4662857.096
student:02719,student_standardised,100005e13,K-35-064-3_Dimitrovgrad_4326,burial_mound,out_of_scope,as_digitised,student_digitised,392317.522,4661990.879
student:02720,student_standardised,100005e13,K-35-064-3_Dimitrovgrad_4326,burial_mound,proxy_confirmed,claimant_mark,student_digitised,390021.015,4661092.805
student:02721,student_standardised,100005e13,K-35-064-3_Dimitrovgrad_4326,burial_mound,out_of_scope,as_digitised,student_digitised,389912.681,4661421.816
student:02722,student_standardised,100005e13,K-35-064-3_Dimitrovgrad_4326,burial_mound,out_of_scope,as_digitised,student_digitised,389659.879,4661225.146
student:02723,student_standardised,100005e13,K-35-064-3_Dimitrovgrad_4326,burial_mound,out_of_scope,as_digitised,student_digitised,389455.053,4662053.720
student:02724,student_standardised,100005e13,K-35-064-3_Dimitrovgrad_4326,burial_mound,out_of_scope,as_digitised,student_digitised,389382.580,4662244.454
student:02725,student_standardised,100005e13,K-35-064-3_Dimitrovgrad_4326,burial_mound,out_of_scope,as_digitised,student_digitised,389090.286,4662809.344
student:02726,student_standardised,100005e13,K-35-064-3_Dimitrovgrad_4326,burial_mound,out_of_scope,as_digitised,student_digitised,387366.958,4662521.145
student:02727,student_standardised,100005e13,K-35-064-3_Dimitrovgrad_4326,burial_mound,out_of_scope,as_digitised,student_digitised,386242.431,4662427.316
student:02728,student_standardised,100005e13,K-35-064-3_Dimitrovgrad_4326,bench_mark_on_mound,directly_reviewed,own_mark,student_digitised,383791.501,4661311.079
student:02729,student_standardised,100005e13,K-35-064-3_Dimitrovgrad_4326,burial_mound,out_of_scope,as_digitised,student_digitised,382812.973,4661773.322
student:02730,student_standardised,100005e13,K-35-064-3_Dimitrovgrad_4326,burial_mound,directly_reviewed,own_mark,student_digitised,379745.526,4661311.233
student:02731,student_standardised,100005e13,K-35-064-3_Dimitrovgrad_4326,burial_mound,directly_reviewed,own_mark,student_digitised,379062.407,4659259.242
student:02732,student_standardised,100005e13,K-35-064-3_Dimitrovgrad_4326,burial_mound,out_of_scope,as_digitised,student_digitised,381284.380,4660115.778
student:02733,student_standardised,100005e13,K-35-064-3_Dimitrovgrad_4326,burial_mound,out_of_scope,as_digitised,student_digitised,381725.123,4660125.224
student:02734,student_standardised,100005e13,K-35-064-3_Dimitrovgrad_4326,burial_mound,out_of_scope,as_digitised,student_digitised,382733.793,4660795.498
student:02735,student_standardised,100005e13,K-35-064-3_Dimitrovgrad_4326,burial_mound,out_of_scope,as_digitised,student_digitised,382549.103,4660807.408
student:02736,student_standardised,100005e13,K-35-064-3_Dimitrovgrad_4326,burial_mound,out_of_scope,as_digitised,student_digitised,384061.922,4659143.368
student:02737,student_standardised,100005e13,K-35-064-3_Dimitrovgrad_4326,burial_mound,out_of_scope,as_digitised,student_digitised,385014.276,4660939.849
student:02738,student_standardised,100005e13,K-35-064-3_Dimitrovgrad_4326,burial_mound,out_of_scope,as_digitised,student_digitised,385289.395,4660597.310
student:02739,student_standardised,100005e13,K-35-064-3_Dimitrovgrad_4326,burial_mound,out_of_scope,as_digitised,student_digitised,385202.130,4660481.296
student:02740,student_standardised,100005e13,K-35-064-3_Dimitrovgrad_4326,burial_mound,out_of_scope,as_digitised,student_digitised,390210.991,4660874.032
student:02741,student_standardised,100005e13,K-35-064-3_Dimitrovgrad_4326,burial_mound,out_of_scope,as_digitised,student_digitised,390415.135,4660471.464
student:02742,student_standardised,100005e13,K-35-064-3_Dimitrovgrad_4326,burial_mound,out_of_scope,as_digitised,student_digitised,390328.042,4660522.283
student:02743,student_standardised,100005e13,K-35-064-3_Dimitrovgrad_4326,bench_mark_on_mound,directly_reviewed,own_mark,student_digitised,392234.014,4660321.074
student:02744,student_standardised,100005e13,K-35-064-3_Dimitrovgrad_4326,burial_mound,out_of_scope,as_digitised,student_digitised,392038.303,4658774.875
student:02745,student_standardised,100005e13,K-35-064-3_Dimitrovgrad_4326,burial_mound,out_of_scope,as_digitised,student_digitised,389597.313,4658019.802
student:02746,student_standardised,100005e13,K-35-064-3_Dimitrovgrad_4326,burial_mound,out_of_scope,as_digitised,student_digitised,389518.914,4658144.537
student:02747,student_standardised,100005e13,K-35-064-3_Dimitrovgrad_4326,burial_mound,out_of_scope,as_digitised,student_digitised,389730.307,4657281.248
student:02748,student_standardised,100005e13,K-35-064-3_Dimitrovgrad_4326,burial_mound,directly_reviewed,own_mark,student_digitised,376641.955,4657828.351
student:02749,student_standardised,100005e13,K-35-064-3_Dimitrovgrad_4326,burial_mound,out_of_scope,as_digitised,student_digitised,376822.869,4656833.832
student:02750,student_standardised,100005e13,K-35-064-3_Dimitrovgrad_4326,burial_mound,out_of_scope,as_digitised,student_digitised,377563.340,4655586.202
student:02751,student_standardised,100005e13,K-35-064-3_Dimitrovgrad_4326,burial_mound,out_of_scope,as_digitised,student_digitised,383609.318,4655713.977
student:02752,student_standardised,100005e13,K-35-064-3_Dimitrovgrad_4326,burial_mound,out_of_scope,as_digitised,student_digitised,386095.254,4655605.563
student:02753,student_standardised,100005e13,K-35-064-3_Dimitrovgrad_4326,burial_mound,out_of_scope,as_digitised,student_digitised,386778.240,4655509.873
student:02754,student_standardised,100005e13,K-35-064-3_Dimitrovgrad_4326,burial_mound,out_of_scope,as_digitised,student_digitised,387594.779,4655074.992
student:02755,student_standardised,100005e13,K-35-064-3_Dimitrovgrad_4326,burial_mound,out_of_scope,as_digitised,student_digitised,387461.282,4655604.974
student:02756,student_standardised,100005e13,K-35-064-3_Dimitrovgrad_4326,burial_mound,out_of_scope,as_digitised,student_digitised,392769.396,4656441.781
student:02757,student_standardised,100005e13,K-35-064-3_Dimitrovgrad_4326,burial_mound,out_of_scope,as_digitised,student_digitised,393436.894,4655834.519
student:02758,student_standardised,100005e13,K-35-064-3_Dimitrovgrad_4326,burial_mound,out_of_scope,as_digitised,student_digitised,390582.171,4654193.731
student:02759,student_standardised,100005e13,K-35-064-3_Dimitrovgrad_4326,burial_mound,out_of_scope,as_digitised,student_digitised,390479.143,4654267.256
student:02760,student_standardised,100005e13,K-35-064-3_Dimitrovgrad_4326,burial_mound,out_of_scope,as_digitised,student_digitised,390378.155,4654298.110
student:02761,student_standardised,100005e13,K-35-064-3_Dimitrovgrad_4326,burial_mound,out_of_scope,as_digitised,student_digitised,390264.320,4654326.286
student:02762,student_standardised,100005e13,K-35-064-3_Dimitrovgrad_4326,burial_mound,directly_reviewed,own_mark,student_digitised,388988.614,4653066.940
student:02763,student_standardised,100005e13,K-35-064-3_Dimitrovgrad_4326,burial_mound,out_of_scope,as_digitised,student_digitised,389375.081,4653271.718
student:02764,student_standardised,100005e13,K-35-064-3_Dimitrovgrad_4326,burial_mound,out_of_scope,as_digitised,student_digitised,376059.933,4654044.503
student:02765,student_standardised,100005e13,K-35-064-3_Dimitrovgrad_4326,burial_mound,out_of_scope,as_digitised,student_digitised,376043.440,4651978.225
student:02766,student_standardised,100005e13,K-35-064-3_Dimitrovgrad_4326,burial_mound,out_of_scope,as_digitised,student_digitised,383561.507,4652278.732
student:02767,student_standardised,100005e13,K-35-064-3_Dimitrovgrad_4326,burial_mound,out_of_scope,as_digitised,student_digitised,383495.663,4651223.965
student:02768,student_standardised,100005e13,K-35-064-3_Dimitrovgrad_4326,burial_mound,out_of_scope,as_digitised,student_digitised,385585.513,4651642.676
student:02769,student_standardised,100005e13,K-35-064-3_Dimitrovgrad_4326,burial_mound,out_of_scope,as_digitised,student_digitised,385193.899,4652692.866
student:02770,student_standardised,100005e13,K-35-064-3_Dimitrovgrad_4326,burial_mound,out_of_scope,as_digitised,student_digitised,385875.420,4652699.775
student:02771,student_standardised,100005e13,K-35-064-3_Dimitrovgrad_4326,burial_mound,out_of_scope,as_digitised,student_digitised,386118.399,4652576.530
student:02772,student_standardised,100005e13,K-35-064-3_Dimitrovgrad_4326,burial_mound,out_of_scope,as_digitised,student_digitised,386174.729,4651797.176
student:02773,student_standardised,100005e13,K-35-064-3_Dimitrovgrad_4326,burial_mound,out_of_scope,as_digitised,student_digitised,385997.623,4650948.847
student:02774,student_standardised,100005e13,K-35-064-3_Dimitrovgrad_4326,burial_mound,out_of_scope,as_digitised,student_digitised,387869.844,4650768.973
student:02775,student_standardised,100005e13,K-35-064-3_Dimitrovgrad_4326,burial_mound,out_of_scope,as_digitised,student_digitised,387815.806,4651024.333
student:02776,student_standardised,100005e13,K-35-064-3_Dimitrovgrad_4326,burial_mound,out_of_scope,as_digitised,student_digitised,387383.860,4652641.809
student:02777,student_standardised,100005e13,K-35-064-3_Dimitrovgrad_4326,burial_mound,out_of_scope,as_digitised,student_digitised,388827.240,4652608.341
student:02778,student_standardised,100005e13,K-35-064-3_Dimitrovgrad_4326,burial_mound,out_of_scope,as_digitised,student_digitised,393082.099,4652978.782
student:02779,student_standardised,100005e13,K-35-064-3_Dimitrovgrad_4326,burial_mound,out_of_scope,as_digitised,student_digitised,393499.782,4652250.621
student:02780,student_standardised,100005e13,K-35-064-3_Dimitrovgrad_4326,burial_mound,out_of_scope,as_digitised,student_digitised,395115.640,4651856.596
student:02781,student_standardised,100004153666725e4,K-35-064-3_Dimitrovgrad_4326,burial_mound,directly_reviewed,own_mark,student_digitised,377508.085,4650620.908
student:02782,student_standardised,100004153666757e4,K-35-064-3_Dimitrovgrad_4326,burial_mound,directly_reviewed,own_mark,student_digitised,383404.196,4650369.003
student:02783,student_standardised,1.0000415366678799e+018,K-35-064-3_Dimitrovgrad_4326,burial_mound,directly_reviewed,own_mark,student_digitised,386891.524,4650409.986
student:02784,student_standardised,10000415366681e5,K-35-064-3_Dimitrovgrad_4326,burial_mound,out_of_scope,as_digitised,student_digitised,392745.524,4650364.170
student:02785,student_standardised,100005e13,K-35-064-4_Galabovo_4326,burial_mound,out_of_scope,as_digitised,student_digitised,397039.221,4667116.795
student:02786,student_standardised,100005e13,K-35-064-4_Galabovo_4326,burial_mound,out_of_scope,as_digitised,student_digitised,397235.286,4661248.231
student:02787,student_standardised,100005e13,K-35-064-4_Galabovo_4326,burial_mound,out_of_scope,as_digitised,student_digitised,397229.070,4661083.647
student:02788,student_standardised,100005e13,K-35-064-4_Galabovo_4326,burial_mound,out_of_scope,as_digitised,student_digitised,398150.528,4654279.786
student:02789,student_standardised,100005e13,K-35-064-4_Galabovo_4326,burial_mound,out_of_scope,as_digitised,student_digitised,400745.901,4650970.170
student:02790,student_standardised,100005e13,K-35-064-4_Galabovo_4326,burial_mound,out_of_scope,as_digitised,student_digitised,401280.603,4651213.976
student:02791,student_standardised,100005e13,K-35-064-4_Galabovo_4326,burial_mound,out_of_scope,as_digitised,student_digitised,400124.005,4654638.504
student:02792,student_standardised,100005e13,K-35-064-4_Galabovo_4326,burial_mound,out_of_scope,as_digitised,student_digitised,400035.109,4654780.640
student:02793,student_standardised,100005e13,K-35-064-4_Galabovo_4326,burial_mound,out_of_scope,as_digitised,student_digitised,400053.132,4656127.302
student:02794,student_standardised,100005e13,K-35-064-4_Galabovo_4326,burial_mound,out_of_scope,as_digitised,student_digitised,399712.910,4658872.199
student:02795,student_standardised,100005e13,K-35-064-4_Galabovo_4326,burial_mound,out_of_scope,as_digitised,student_digitised,399938.376,4659164.445
student:02796,student_standardised,100005e13,K-35-064-4_Galabovo_4326,burial_mound,out_of_scope,as_digitised,student_digitised,399757.712,4659107.160
student:02797,student_standardised,100005e13,K-35-064-4_Galabovo_4326,burial_mound,out_of_scope,as_digitised,student_digitised,399717.896,4659427.618
student:02798,student_standardised,100005e13,K-35-064-4_Galabovo_4326,burial_mound,out_of_scope,as_digitised,student_digitised,400318.145,4665403.515
student:02799,student_standardised,100005e13,K-35-064-4_Galabovo_4326,burial_mound,out_of_scope,as_digitised,student_digitised,399644.865,4665096.552
student:02800,student_standardised,100005e13,K-35-064-4_Galabovo_4326,burial_mound,out_of_scope,as_digitised,student_digitised,402011.722,4666977.841
student:02801,student_standardised,100005e13,K-35-064-4_Galabovo_4326,burial_mound,out_of_scope,as_digitised,student_digitised,401944.672,4665963.987
student:02802,student_standardised,100005e13,K-35-064-4_Galabovo_4326,burial_mound,directly_reviewed,own_mark,student_digitised,402156.205,4665661.256
student:02803,student_standardised,100005e13,K-35-064-4_Galabovo_4326,burial_mound,out_of_scope,as_digitised,student_digitised,402976.408,4664515.249
student:02804,student_standardised,100005e13,K-35-064-4_Galabovo_4326,burial_mound,out_of_scope,as_digitised,student_digitised,402637.505,4661138.095
student:02805,student_standardised,100005e13,K-35-064-4_Galabovo_4326,burial_mound,out_of_scope,as_digitised,student_digitised,402746.824,4656377.102
student:02806,student_standardised,100005e13,K-35-064-4_Galabovo_4326,burial_mound,directly_reviewed,own_mark,student_digitised,402772.277,4652212.196
student:02807,student_standardised,100005e13,K-35-064-4_Galabovo_4326,burial_mound,out_of_scope,as_digitised,student_digitised,401926.512,4651492.199
student:02808,student_standardised,100005e13,K-35-064-4_Galabovo_4326,burial_mound,out_of_scope,as_digitised,student_digitised,401991.436,4651251.834
student:02809,student_standardised,100005e13,K-35-064-4_Galabovo_4326,burial_mound,out_of_scope,as_digitised,student_digitised,402058.379,4651075.027
student:02810,student_standardised,100005e13,K-35-064-4_Galabovo_4326,burial_mound,out_of_scope,as_digitised,student_digitised,403350.205,4650889.109
student:02811,student_standardised,100005e13,K-35-064-4_Galabovo_4326,burial_mound,out_of_scope,as_digitised,student_digitised,405833.345,4654049.032
student:02812,student_standardised,100005e13,K-35-064-4_Galabovo_4326,burial_mound,out_of_scope,as_digitised,student_digitised,404597.754,4654608.834
student:02813,student_standardised,100005e13,K-35-064-4_Galabovo_4326,burial_mound,out_of_scope,as_digitised,student_digitised,405039.509,4656387.111
student:02814,student_standardised,100005e13,K-35-064-4_Galabovo_4326,burial_mound,out_of_scope,as_digitised,student_digitised,405209.376,4657424.206
student:02815,student_standardised,100005e13,K-35-064-4_Galabovo_4326,burial_mound,out_of_scope,as_digitised,student_digitised,405095.584,4658620.040
student:02816,student_standardised,100005e13,K-35-064-4_Galabovo_4326,burial_mound,out_of_scope,as_digitised,student_digitised,404527.976,4658858.077
student:02817,student_standardised,100005e13,K-35-064-4_Galabovo_4326,burial_mound,out_of_scope,as_digitised,student_digitised,405357.301,4660061.719
student:02818,student_standardised,100005e13,K-35-064-4_Galabovo_4326,burial_mound,out_of_scope,as_digitised,student_digitised,405751.322,4660850.079
student:02819,student_standardised,100005e13,K-35-064-4_Galabovo_4326,burial_mound,out_of_scope,as_digitised,student_digitised,405257.170,4662464.462
student:02820,student_standardised,100005e13,K-35-064-4_Galabovo_4326,burial_mound,out_of_scope,as_digitised,student_digitised,405607.315,4663578.234
student:02821,student_standardised,100005e13,K-35-064-4_Galabovo_4326,burial_mound,out_of_scope,as_digitised,student_digitised,405511.387,4663683.665
student:02822,student_standardised,100005e13,K-35-064-4_Galabovo_4326,burial_mound,out_of_scope,as_digitised,student_digitised,404905.997,4664067.150
student:02823,student_standardised,100005e13,K-35-064-4_Galabovo_4326,burial_mound,proxy_confirmed,claimant_mark,student_digitised,404683.873,4665420.503
student:02824,student_standardised,100005e13,K-35-064-4_Galabovo_4326,burial_mound,out_of_scope,as_digitised,student_digitised,405402.170,4666396.491
student:02825,student_standardised,100005e13,K-35-064-4_Galabovo_4326,burial_mound,out_of_scope,as_digitised,student_digitised,407201.622,4667873.589
student:02826,student_standardised,100005e13,K-35-064-4_Galabovo_4326,burial_mound,out_of_scope,as_digitised,student_digitised,406615.651,4664670.367
student:02827,student_standardised,100005e13,K-35-064-4_Galabovo_4326,burial_mound,out_of_scope,as_digitised,student_digitised,406462.846,4664182.159
student:02828,student_standardised,100005e13,K-35-064-4_Galabovo_4326,burial_mound,out_of_scope,as_digitised,student_digitised,405915.451,4653047.185
student:02829,student_standardised,100005e13,K-35-064-4_Galabovo_4326,burial_mound,out_of_scope,as_digitised,student_digitised,406978.178,4651438.852
student:02830,student_standardised,100005e13,K-35-064-4_Galabovo_4326,burial_mound,directly_reviewed,own_mark,student_digitised,409844.334,4650516.102
student:02831,student_standardised,100005e13,K-35-064-4_Galabovo_4326,burial_mound,out_of_scope,as_digitised,student_digitised,409536.037,4651093.462
student:02832,student_standardised,100005e13,K-35-064-4_Galabovo_4326,burial_mound,out_of_scope,as_digitised,student_digitised,409666.542,4651833.533
student:02833,student_standardised,100005e13,K-35-064-4_Galabovo_4326,burial_mound,out_of_scope,as_digitised,student_digitised,408982.525,4652421.886
student:02834,student_standardised,100005e13,K-35-064-4_Galabovo_4326,burial_mound,out_of_scope,as_digitised,student_digitised,408749.940,4653406.653
student:02835,student_standardised,100005e13,K-35-064-4_Galabovo_4326,burial_mound,out_of_scope,as_digitised,student_digitised,408452.674,4660502.240
student:02836,student_standardised,100005e13,K-35-064-4_Galabovo_4326,burial_mound,out_of_scope,as_digitised,student_digitised,409804.521,4660142.263
student:02837,student_standardised,100005e13,K-35-064-4_Galabovo_4326,burial_mound,out_of_scope,as_digitised,student_digitised,408730.926,4662883.013
student:02838,student_standardised,100005e13,K-35-064-4_Galabovo_4326,burial_mound,out_of_scope,as_digitised,student_digitised,408472.348,4664202.871
student:02839,student_standardised,100005e13,K-35-064-4_Galabovo_4326,burial_mound,out_of_scope,as_digitised,student_digitised,411161.166,4659983.319
student:02840,student_standardised,100005e13,K-35-064-4_Galabovo_4326,trig_point_on_mound,directly_reviewed,own_mark,student_digitised,410174.420,4658401.976
student:02841,student_standardised,100005e13,K-35-064-4_Galabovo_4326,burial_mound,out_of_scope,as_digitised,student_digitised,411255.709,4651882.506
student:02842,student_standardised,100005e13,K-35-064-4_Galabovo_4326,burial_mound,out_of_scope,as_digitised,student_digitised,411116.418,4651747.626
student:02843,student_standardised,100005e13,K-35-064-4_Galabovo_4326,burial_mound,out_of_scope,as_digitised,student_digitised,410713.874,4651678.864
student:02844,student_standardised,100005e13,K-35-064-4_Galabovo_4326,burial_mound,out_of_scope,as_digitised,student_digitised,410117.307,4650867.249
student:02845,student_standardised,100005e13,K-35-064-4_Galabovo_4326,burial_mound,out_of_scope,as_digitised,student_digitised,412217.236,4651706.954
student:02846,student_standardised,100005e13,K-35-064-4_Galabovo_4326,burial_mound,out_of_scope,as_digitised,student_digitised,413182.891,4657442.675
student:02847,student_standardised,100005e13,K-35-064-4_Galabovo_4326,burial_mound,out_of_scope,as_digitised,student_digitised,412812.932,4658732.875
student:02848,student_standardised,100005e13,K-35-064-4_Galabovo_4326,burial_mound,out_of_scope,as_digitised,student_digitised,412566.329,4665015.968
student:02849,student_standardised,100005e13,K-35-064-4_Galabovo_4326,burial_mound,out_of_scope,as_digitised,student_digitised,412219.495,4666573.127
student:02850,student_standardised,100005e13,K-35-064-4_Galabovo_4326,burial_mound,out_of_scope,as_digitised,student_digitised,416928.169,4666057.610
student:02851,student_standardised,100005e13,K-35-064-4_Galabovo_4326,burial_mound,out_of_scope,as_digitised,student_digitised,414803.759,4664902.768
student:02852,student_standardised,100005e13,K-35-064-4_Galabovo_4326,burial_mound,out_of_scope,as_digitised,student_digitised,415349.467,4664510.204
student:02853,student_standardised,100005e13,K-35-064-4_Galabovo_4326,burial_mound,out_of_scope,as_digitised,student_digitised,414189.112,4663407.374
student:02854,student_standardised,100005e13,K-35-064-4_Galabovo_4326,burial_mound,out_of_scope,as_digitised,student_digitised,414199.697,4661586.298
student:02855,student_standardised,100005e13,K-35-064-4_Galabovo_4326,burial_mound,out_of_scope,as_digitised,student_digitised,416450.448,4661824.823
student:02856,student_standardised,100005e13,K-35-064-4_Galabovo_4326,bench_mark_on_mound,directly_reviewed,own_mark,student_digitised,414762.439,4659779.102
student:02857,student_standardised,100005e13,K-35-064-4_Galabovo_4326,burial_mound,out_of_scope,as_digitised,student_digitised,414417.110,4659771.095
student:02858,student_standardised,100005e13,K-35-064-4_Galabovo_4326,burial_mound,out_of_scope,as_digitised,student_digitised,416381.228,4657125.777
student:02859,student_standardised,100005e13,K-35-064-4_Galabovo_4326,burial_mound,out_of_scope,as_digitised,student_digitised,414868.918,4652928.971
student:02860,student_standardised,merged-K-35-065-1_Radetski_4326_c01120,K-35-065-1_Radetski_4326,bench_mark_on_mound,directly_reviewed,own_mark,student_digitised,419708.837,4673387.343
student:02861,student_standardised,100005e13,K-35-065-1_Radetski_4326,burial_mound,out_of_scope,as_digitised,student_digitised,424335.272,4687329.197
student:02862,student_standardised,100005e13,K-35-065-1_Radetski_4326,burial_mound,out_of_scope,as_digitised,student_digitised,431516.969,4687265.386
student:02863,student_standardised,100003e13,K-35-065-1_Radetski_4326,burial_mound,out_of_scope,as_digitised,student_digitised,424261.576,4686641.379
student:02864,student_standardised,100003e13,K-35-065-1_Radetski_4326,burial_mound,out_of_scope,as_digitised,student_digitised,428349.337,4686393.939
student:02865,student_standardised,100003e13,K-35-065-1_Radetski_4326,burial_mound,out_of_scope,as_digitised,student_digitised,428522.986,4686587.863
student:02866,student_standardised,100003e13,K-35-065-1_Radetski_4326,burial_mound,out_of_scope,as_digitised,student_digitised,428397.175,4686760.389
student:02867,student_standardised,100003e13,K-35-065-1_Radetski_4326,burial_mound,out_of_scope,as_digitised,student_digitised,432188.401,4686844.171
student:02868,student_standardised,100003e13,K-35-065-1_Radetski_4326,burial_mound,directly_reviewed,own_mark,student_digitised,435598.533,4686240.666
student:02869,student_standardised,100003e13,K-35-065-1_Radetski_4326,burial_mound,out_of_scope,as_digitised,student_digitised,434605.212,4685377.284
student:02870,student_standardised,100003e13,K-35-065-1_Radetski_4326,burial_mound,out_of_scope,as_digitised,student_digitised,434369.244,4685026.308
student:02871,student_standardised,100003e13,K-35-065-1_Radetski_4326,burial_mound,out_of_scope,as_digitised,student_digitised,431600.446,4685134.138
student:02872,student_standardised,100003e13,K-35-065-1_Radetski_4326,burial_mound,out_of_scope,as_digitised,student_digitised,431208.255,4685330.933
student:02873,student_standardised,100003e13,K-35-065-1_Radetski_4326,burial_mound,out_of_scope,as_digitised,student_digitised,427558.684,4685456.978
student:02874,student_standardised,100003e13,K-35-065-1_Radetski_4326,burial_mound,out_of_scope,as_digitised,student_digitised,426790.972,4685967.882
student:02875,student_standardised,100003e13,K-35-065-1_Radetski_4326,burial_mound,out_of_scope,as_digitised,student_digitised,423913.231,4685130.876
student:02876,student_standardised,100003e13,K-35-065-1_Radetski_4326,burial_mound,out_of_scope,as_digitised,student_digitised,419879.039,4685385.771
student:02877,student_standardised,100003e13,K-35-065-1_Radetski_4326,burial_mound,out_of_scope,as_digitised,student_digitised,417834.766,4685696.679
student:02878,student_standardised,100003e13,K-35-065-1_Radetski_4326,burial_mound,out_of_scope,as_digitised,student_digitised,417858.747,4685822.450
student:02879,student_standardised,100003e13,K-35-065-1_Radetski_4326,burial_mound,out_of_scope,as_digitised,student_digitised,418811.310,4684285.869
student:02880,student_standardised,100003e13,K-35-065-1_Radetski_4326,burial_mound,out_of_scope,as_digitised,student_digitised,420825.544,4684235.054
student:02881,student_standardised,100003e13,K-35-065-1_Radetski_4326,burial_mound,out_of_scope,as_digitised,student_digitised,422764.384,4684207.493
student:02882,student_standardised,100003e13,K-35-065-1_Radetski_4326,burial_mound,out_of_scope,as_digitised,student_digitised,422855.153,4684314.771
student:02883,student_standardised,100003e13,K-35-065-1_Radetski_4326,burial_mound,out_of_scope,as_digitised,student_digitised,423937.851,4684103.121
student:02884,student_standardised,100003e13,K-35-065-1_Radetski_4326,burial_mound,out_of_scope,as_digitised,student_digitised,424344.149,4684322.181
student:02885,student_standardised,100003e13,K-35-065-1_Radetski_4326,burial_mound,out_of_scope,as_digitised,student_digitised,425970.491,4684651.335
student:02886,student_standardised,100003e13,K-35-065-1_Radetski_4326,burial_mound,out_of_scope,as_digitised,student_digitised,435619.047,4684071.687
student:02887,student_standardised,100003e13,K-35-065-1_Radetski_4326,burial_mound,out_of_scope,as_digitised,student_digitised,430380.727,4683238.641
student:02888,student_standardised,100003e13,K-35-065-1_Radetski_4326,burial_mound,out_of_scope,as_digitised,student_digitised,426744.377,4683739.461
student:02889,student_standardised,100003e13,K-35-065-1_Radetski_4326,burial_mound,out_of_scope,as_digitised,student_digitised,426656.302,4683864.830
student:02890,student_standardised,100003e13,K-35-065-1_Radetski_4326,burial_mound,out_of_scope,as_digitised,student_digitised,424078.738,4683918.155
student:02891,student_standardised,100003e13,K-35-065-1_Radetski_4326,burial_mound,directly_reviewed,own_mark,student_digitised,424113.209,4683816.465
student:02892,student_standardised,100003e13,K-35-065-1_Radetski_4326,burial_mound,out_of_scope,as_digitised,student_digitised,420433.438,4683689.953
student:02893,student_standardised,100003e13,K-35-065-1_Radetski_4326,burial_mound,out_of_scope,as_digitised,student_digitised,418784.162,4683780.060
student:02894,student_standardised,100003e13,K-35-065-1_Radetski_4326,burial_mound,out_of_scope,as_digitised,student_digitised,424829.168,4682212.050
student:02895,student_standardised,100003e13,K-35-065-1_Radetski_4326,burial_mound,out_of_scope,as_digitised,student_digitised,429619.597,4682908.392
student:02896,student_standardised,100003e13,K-35-065-1_Radetski_4326,burial_mound,out_of_scope,as_digitised,student_digitised,429555.592,4682734.586
student:02897,student_standardised,100003e13,K-35-065-1_Radetski_4326,burial_mound,out_of_scope,as_digitised,student_digitised,430413.403,4682609.151
student:02898,student_standardised,100003e13,K-35-065-1_Radetski_4326,burial_mound,out_of_scope,as_digitised,student_digitised,430667.361,4682495.419
student:02899,student_standardised,100003e13,K-35-065-1_Radetski_4326,burial_mound,out_of_scope,as_digitised,student_digitised,430542.401,4682028.436
student:02900,student_standardised,100003e13,K-35-065-1_Radetski_4326,burial_mound,out_of_scope,as_digitised,student_digitised,431369.159,4682456.109
student:02901,student_standardised,100003e13,K-35-065-1_Radetski_4326,burial_mound,out_of_scope,as_digitised,student_digitised,430118.229,4681381.057
student:02902,student_standardised,100003e13,K-35-065-1_Radetski_4326,burial_mound,out_of_scope,as_digitised,student_digitised,428534.322,4681860.821
student:02903,student_standardised,100003e13,K-35-065-1_Radetski_4326,burial_mound,out_of_scope,as_digitised,student_digitised,428316.702,4681531.626
student:02904,student_standardised,100003e13,K-35-065-1_Radetski_4326,burial_mound,out_of_scope,as_digitised,student_digitised,426159.820,4681585.711
student:02905,student_standardised,100003e13,K-35-065-1_Radetski_4326,burial_mound,out_of_scope,as_digitised,student_digitised,426015.658,4681162.568
student:02906,student_standardised,100003e13,K-35-065-1_Radetski_4326,burial_mound,out_of_scope,as_digitised,student_digitised,425916.691,4680990.263
student:02907,student_standardised,100003e13,K-35-065-1_Radetski_4326,burial_mound,out_of_scope,as_digitised,student_digitised,424778.261,4680561.596
student:02908,student_standardised,100003e13,K-35-065-1_Radetski_4326,burial_mound,out_of_scope,as_digitised,student_digitised,424767.008,4680790.841
student:02909,student_standardised,100003e13,K-35-065-1_Radetski_4326,burial_mound,out_of_scope,as_digitised,student_digitised,424031.298,4680133.588
student:02910,student_standardised,100003e13,K-35-065-1_Radetski_4326,burial_mound,out_of_scope,as_digitised,student_digitised,423127.010,4680682.020
student:02911,student_standardised,100003e13,K-35-065-1_Radetski_4326,burial_mound,out_of_scope,as_digitised,student_digitised,430252.438,4679360.969
student:02912,student_standardised,100003e13,K-35-065-1_Radetski_4326,burial_mound,out_of_scope,as_digitised,student_digitised,432828.433,4679270.367
student:02913,student_standardised,100003e13,K-35-065-1_Radetski_4326,burial_mound,out_of_scope,as_digitised,student_digitised,435758.880,4679557.173
student:02914,student_standardised,100003e13,K-35-065-1_Radetski_4326,burial_mound,out_of_scope,as_digitised,student_digitised,434512.200,4678572.127
student:02915,student_standardised,100003e13,K-35-065-1_Radetski_4326,burial_mound,out_of_scope,as_digitised,student_digitised,431659.659,4678881.233
student:02916,student_standardised,100003e13,K-35-065-1_Radetski_4326,burial_mound,out_of_scope,as_digitised,student_digitised,427855.474,4678873.801
student:02917,student_standardised,100003e13,K-35-065-1_Radetski_4326,burial_mound,out_of_scope,as_digitised,student_digitised,423997.424,4678436.130
student:02918,student_standardised,100003e13,K-35-065-1_Radetski_4326,burial_mound,out_of_scope,as_digitised,student_digitised,418591.794,4678628.580
student:02919,student_standardised,100003e13,K-35-065-1_Radetski_4326,burial_mound,out_of_scope,as_digitised,student_digitised,419884.642,4677701.146
student:02920,student_standardised,100003e13,K-35-065-1_Radetski_4326,burial_mound,out_of_scope,as_digitised,student_digitised,421872.612,4677586.915
student:02921,student_standardised,100003e13,K-35-065-1_Radetski_4326,burial_mound,directly_reviewed,own_mark,student_digitised,422578.680,4677505.699
student:02922,student_standardised,100003e13,K-35-065-1_Radetski_4326,burial_mound,out_of_scope,as_digitised,student_digitised,427870.356,4677710.989
student:02923,student_standardised,100003e13,K-35-065-1_Radetski_4326,burial_mound,out_of_scope,as_digitised,student_digitised,431742.485,4677785.783
student:02924,student_standardised,100003e13,K-35-065-1_Radetski_4326,burial_mound,out_of_scope,as_digitised,student_digitised,435963.322,4677528.543
student:02925,student_standardised,100003e13,K-35-065-1_Radetski_4326,burial_mound,out_of_scope,as_digitised,student_digitised,436288.762,4676136.453
student:02926,student_standardised,100003e13,K-35-065-1_Radetski_4326,burial_mound,out_of_scope,as_digitised,student_digitised,435003.481,4676306.114
student:02927,student_standardised,100003e13,K-35-065-1_Radetski_4326,burial_mound,out_of_scope,as_digitised,student_digitised,434286.917,4676233.190
student:02928,student_standardised,100003e13,K-35-065-1_Radetski_4326,burial_mound,out_of_scope,as_digitised,student_digitised,423237.216,4675265.545
student:02929,student_standardised,100003e13,K-35-065-1_Radetski_4326,burial_mound,out_of_scope,as_digitised,student_digitised,423999.707,4675197.647
student:02930,student_standardised,100003e13,K-35-065-1_Radetski_4326,burial_mound,out_of_scope,as_digitised,student_digitised,424421.141,4675105.598
student:02931,student_standardised,100003e13,K-35-065-1_Radetski_4326,burial_mound,out_of_scope,as_digitised,student_digitised,425823.868,4675153.894
student:02932,student_standardised,100003e13,K-35-065-1_Radetski_4326,burial_mound,out_of_scope,as_digitised,student_digitised,426487.357,4675877.524
student:02933,student_standardised,100003e13,K-35-065-1_Radetski_4326,burial_mound,out_of_scope,as_digitised,student_digitised,429070.033,4675645.281
student:02934,student_standardised,100003e13,K-35-065-1_Radetski_4326,burial_mound,out_of_scope,as_digitised,student_digitised,431004.050,4675668.337
student:02935,student_standardised,100003e13,K-35-065-1_Radetski_4326,burial_mound,out_of_scope,as_digitised,student_digitised,431135.402,4675634.564
student:02936,student_standardised,100003e13,K-35-065-1_Radetski_4326,burial_mound,out_of_scope,as_digitised,student_digitised,433545.174,4675008.077
student:02937,student_standardised,100003e13,K-35-065-1_Radetski_4326,burial_mound,out_of_scope,as_digitised,student_digitised,436573.202,4675076.456
student:02938,student_standardised,100003e13,K-35-065-1_Radetski_4326,burial_mound,out_of_scope,as_digitised,student_digitised,433281.540,4674331.625
student:02939,student_standardised,100003e13,K-35-065-1_Radetski_4326,burial_mound,out_of_scope,as_digitised,student_digitised,433158.947,4674113.742
student:02940,student_standardised,100003e13,K-35-065-1_Radetski_4326,burial_mound,out_of_scope,as_digitised,student_digitised,433077.739,4674097.315
student:02941,student_standardised,100003e13,K-35-065-1_Radetski_4326,burial_mound,out_of_scope,as_digitised,student_digitised,432999.209,4674065.456
student:02942,student_standardised,100003e13,K-35-065-1_Radetski_4326,burial_mound,out_of_scope,as_digitised,student_digitised,425763.172,4674965.660
student:02943,student_standardised,100003e13,K-35-065-1_Radetski_4326,burial_mound,out_of_scope,as_digitised,student_digitised,421105.386,4673992.936
student:02944,student_standardised,100003e13,K-35-065-1_Radetski_4326,burial_mound,out_of_scope,as_digitised,student_digitised,417906.029,4674038.553
student:02945,student_standardised,100003e13,K-35-065-1_Radetski_4326,burial_mound,directly_reviewed,own_mark,student_digitised,426489.974,4673651.070
student:02946,student_standardised,100003e13,K-35-065-1_Radetski_4326,burial_mound,out_of_scope,as_digitised,student_digitised,434937.712,4672653.023
student:02947,student_standardised,100003e13,K-35-065-1_Radetski_4326,burial_mound,out_of_scope,as_digitised,student_digitised,428028.520,4672920.063
student:02948,student_standardised,100003e13,K-35-065-1_Radetski_4326,burial_mound,out_of_scope,as_digitised,student_digitised,427905.060,4672900.765
student:02949,student_standardised,100003e13,K-35-065-1_Radetski_4326,burial_mound,out_of_scope,as_digitised,student_digitised,420494.802,4672440.850
student:02950,student_standardised,100003e13,K-35-065-1_Radetski_4326,burial_mound,out_of_scope,as_digitised,student_digitised,420354.857,4672693.157
student:02951,student_standardised,100003e13,K-35-065-1_Radetski_4326,burial_mound,out_of_scope,as_digitised,student_digitised,419214.973,4672928.158
student:02952,student_standardised,100003e13,K-35-065-1_Radetski_4326,burial_mound,out_of_scope,as_digitised,student_digitised,419106.256,4672970.879
student:02953,student_standardised,100003e13,K-35-065-1_Radetski_4326,burial_mound,out_of_scope,as_digitised,student_digitised,421692.931,4671536.407
student:02954,student_standardised,100003e13,K-35-065-1_Radetski_4326,burial_mound,out_of_scope,as_digitised,student_digitised,421508.966,4671945.247
student:02955,student_standardised,100003e13,K-35-065-1_Radetski_4326,burial_mound,out_of_scope,as_digitised,student_digitised,422575.187,4671415.099
student:02956,student_standardised,100003e13,K-35-065-1_Radetski_4326,burial_mound,out_of_scope,as_digitised,student_digitised,424410.719,4671651.406
student:02957,student_standardised,100003e13,K-35-065-1_Radetski_4326,burial_mound,out_of_scope,as_digitised,student_digitised,427116.937,4671728.969
student:02958,student_standardised,100003e13,K-35-065-1_Radetski_4326,burial_mound,out_of_scope,as_digitised,student_digitised,427306.147,4671405.442
student:02959,student_standardised,100003e13,K-35-065-1_Radetski_4326,burial_mound,out_of_scope,as_digitised,student_digitised,430672.588,4671715.172
student:02960,student_standardised,100003e13,K-35-065-1_Radetski_4326,burial_mound,out_of_scope,as_digitised,student_digitised,431809.355,4671797.426
student:02961,student_standardised,100003e13,K-35-065-1_Radetski_4326,burial_mound,out_of_scope,as_digitised,student_digitised,434365.277,4671608.326
student:02962,student_standardised,100003e13,K-35-065-1_Radetski_4326,burial_mound,out_of_scope,as_digitised,student_digitised,427566.685,4670294.851
student:02963,student_standardised,100003e13,K-35-065-1_Radetski_4326,burial_mound,out_of_scope,as_digitised,student_digitised,425535.943,4670966.185
student:02964,student_standardised,100003e13,K-35-065-1_Radetski_4326,burial_mound,out_of_scope,as_digitised,student_digitised,425286.449,4670828.821
student:02965,student_standardised,100003e13,K-35-065-1_Radetski_4326,burial_mound,out_of_scope,as_digitised,student_digitised,419824.331,4670110.007
student:02966,student_standardised,100003e13,K-35-065-1_Radetski_4326,burial_mound,out_of_scope,as_digitised,student_digitised,422918.463,4669806.732
student:02967,student_standardised,100003e13,K-35-065-1_Radetski_4326,burial_mound,out_of_scope,as_digitised,student_digitised,427318.804,4669669.482
student:02968,student_standardised,100003e13,K-35-065-1_Radetski_4326,burial_mound,out_of_scope,as_digitised,student_digitised,429548.706,4669631.372
student:02969,student_standardised,100003e13,K-35-065-1_Radetski_4326,burial_mound,out_of_scope,as_digitised,student_digitised,437059.504,4669399.130
student:02970,student_standardised,100003e13,K-35-065-1_Radetski_4326,burial_mound,out_of_scope,as_digitised,student_digitised,433133.260,4668622.067
student:02971,student_standardised,100003e13,K-35-065-1_Radetski_4326,burial_mound,out_of_scope,as_digitised,student_digitised,432788.844,4668862.433
student:02972,student_standardised,100006e13,K-35-065-2_GManastir_4326,burial_mound,proxy_confirmed,claimant_mark,student_digitised,442785.675,4686223.746
student:02973,student_standardised,100006e13,K-35-065-2_GManastir_4326,burial_mound,out_of_scope,as_digitised,student_digitised,442657.067,4685995.555
student:02974,student_standardised,100006e13,K-35-065-2_GManastir_4326,burial_mound,out_of_scope,as_digitised,student_digitised,442619.381,4685784.979
student:02975,student_standardised,100006e13,K-35-065-2_GManastir_4326,burial_mound,out_of_scope,as_digitised,student_digitised,445017.962,4686646.705
student:02976,student_standardised,100006e13,K-35-065-2_GManastir_4326,burial_mound,out_of_scope,as_digitised,student_digitised,445157.123,4686084.900
student:02977,student_standardised,100006e13,K-35-065-2_GManastir_4326,burial_mound,out_of_scope,as_digitised,student_digitised,451164.713,4686564.430
student:02978,student_standardised,100006e13,K-35-065-2_GManastir_4326,burial_mound,out_of_scope,as_digitised,student_digitised,448013.970,4685573.678
student:02979,student_standardised,100006e13,K-35-065-2_GManastir_4326,burial_mound,out_of_scope,as_digitised,student_digitised,438699.451,4684351.101
student:02980,student_standardised,100006e13,K-35-065-2_GManastir_4326,burial_mound,out_of_scope,as_digitised,student_digitised,454007.941,4684685.647
student:02981,student_standardised,100006e13,K-35-065-2_GManastir_4326,burial_mound,out_of_scope,as_digitised,student_digitised,457083.786,4684235.492
student:02982,student_standardised,100006e13,K-35-065-2_GManastir_4326,burial_mound,out_of_scope,as_digitised,student_digitised,453549.519,4684300.302
student:02983,student_standardised,100006e13,K-35-065-2_GManastir_4326,burial_mound,out_of_scope,as_digitised,student_digitised,453408.601,4683637.473
student:02984,student_standardised,100006e13,K-35-065-2_GManastir_4326,burial_mound,out_of_scope,as_digitised,student_digitised,445206.337,4682989.026
student:02985,student_standardised,100006e13,K-35-065-2_GManastir_4326,burial_mound,out_of_scope,as_digitised,student_digitised,440934.081,4683574.787
student:02986,student_standardised,100006e13,K-35-065-2_GManastir_4326,burial_mound,out_of_scope,as_digitised,student_digitised,445033.413,4682726.680
student:02987,student_standardised,100006e13,K-35-065-2_GManastir_4326,burial_mound,out_of_scope,as_digitised,student_digitised,449138.999,4682393.995
student:02988,student_standardised,100006e13,K-35-065-2_GManastir_4326,burial_mound,out_of_scope,as_digitised,student_digitised,452586.308,4682841.155
student:02989,student_standardised,100006e13,K-35-065-2_GManastir_4326,burial_mound,out_of_scope,as_digitised,student_digitised,452727.383,4682105.505
student:02990,student_standardised,100006e13,K-35-065-2_GManastir_4326,burial_mound,out_of_scope,as_digitised,student_digitised,457463.445,4681990.336
student:02991,student_standardised,100006e13,K-35-065-2_GManastir_4326,burial_mound,out_of_scope,as_digitised,student_digitised,455352.609,4680890.919
student:02992,student_standardised,100006e13,K-35-065-2_GManastir_4326,burial_mound,out_of_scope,as_digitised,student_digitised,452570.785,4681932.890
student:02993,student_standardised,100006e13,K-35-065-2_GManastir_4326,burial_mound,out_of_scope,as_digitised,student_digitised,450223.706,4681920.349
student:02994,student_standardised,100006e13,K-35-065-2_GManastir_4326,burial_mound,out_of_scope,as_digitised,student_digitised,449911.677,4681425.076
student:02995,student_standardised,100006e13,K-35-065-2_GManastir_4326,burial_mound,out_of_scope,as_digitised,student_digitised,449082.989,4680417.498
student:02996,student_standardised,100006e13,K-35-065-2_GManastir_4326,burial_mound,out_of_scope,as_digitised,student_digitised,449453.369,4680652.348
student:02997,student_standardised,100006e13,K-35-065-2_GManastir_4326,burial_mound,out_of_scope,as_digitised,student_digitised,445574.914,4681312.676
student:02998,student_standardised,100006e13,K-35-065-2_GManastir_4326,burial_mound,out_of_scope,as_digitised,student_digitised,445152.577,4681473.937
student:02999,student_standardised,100006e13,K-35-065-2_GManastir_4326,burial_mound,out_of_scope,as_digitised,student_digitised,439255.028,4681799.221
student:03000,student_standardised,100006e13,K-35-065-2_GManastir_4326,burial_mound,out_of_scope,as_digitised,student_digitised,446600.991,4679543.897
student:03001,student_standardised,100006e13,K-35-065-2_GManastir_4326,burial_mound,out_of_scope,as_digitised,student_digitised,446690.910,4679428.336
student:03002,student_standardised,100006e13,K-35-065-2_GManastir_4326,burial_mound,out_of_scope,as_digitised,student_digitised,446982.513,4679412.509
student:03003,student_standardised,100006e13,K-35-065-2_GManastir_4326,burial_mound,out_of_scope,as_digitised,student_digitised,449613.693,4679538.753
student:03004,student_standardised,100006e13,K-35-065-2_GManastir_4326,burial_mound,out_of_scope,as_digitised,student_digitised,451609.343,4677974.819
student:03005,student_standardised,100006e13,K-35-065-2_GManastir_4326,burial_mound,out_of_scope,as_digitised,student_digitised,456071.394,4679601.313
student:03006,student_standardised,100006e13,K-35-065-2_GManastir_4326,burial_mound,out_of_scope,as_digitised,student_digitised,455715.716,4677946.667
student:03007,student_standardised,100006e13,K-35-065-2_GManastir_4326,burial_mound,out_of_scope,as_digitised,student_digitised,457982.868,4676680.580
student:03008,student_standardised,100006e13,K-35-065-2_GManastir_4326,burial_mound,out_of_scope,as_digitised,student_digitised,457449.105,4677356.918
student:03009,student_standardised,100006e13,K-35-065-2_GManastir_4326,burial_mound,out_of_scope,as_digitised,student_digitised,456799.091,4677776.095
student:03010,student_standardised,100006e13,K-35-065-2_GManastir_4326,burial_mound,out_of_scope,as_digitised,student_digitised,456661.010,4677803.647
student:03011,student_standardised,100006e13,K-35-065-2_GManastir_4326,burial_mound,out_of_scope,as_digitised,student_digitised,451658.136,4677903.981
student:03012,student_standardised,100006e13,K-35-065-2_GManastir_4326,burial_mound,out_of_scope,as_digitised,student_digitised,451009.566,4677048.904
student:03013,student_standardised,100006e13,K-35-065-2_GManastir_4326,burial_mound,directly_reviewed,own_mark,student_digitised,451455.276,4677842.923
student:03014,student_standardised,100006e13,K-35-065-2_GManastir_4326,burial_mound,out_of_scope,as_digitised,student_digitised,443477.928,4677121.956
student:03015,student_standardised,100006e13,K-35-065-2_GManastir_4326,burial_mound,out_of_scope,as_digitised,student_digitised,442786.552,4677030.955
student:03016,student_standardised,100006e13,K-35-065-2_GManastir_4326,burial_mound,out_of_scope,as_digitised,student_digitised,440800.362,4677143.342
student:03017,student_standardised,100006e13,K-35-065-2_GManastir_4326,burial_mound,out_of_scope,as_digitised,student_digitised,439418.363,4677889.865
student:03018,student_standardised,100006e13,K-35-065-2_GManastir_4326,burial_mound,out_of_scope,as_digitised,student_digitised,440864.721,4675603.394
student:03019,student_standardised,100006e13,K-35-065-2_GManastir_4326,burial_mound,out_of_scope,as_digitised,student_digitised,441605.684,4675894.360
student:03020,student_standardised,100006e13,K-35-065-2_GManastir_4326,burial_mound,out_of_scope,as_digitised,student_digitised,441761.854,4676271.972
student:03021,student_standardised,100006e13,K-35-065-2_GManastir_4326,burial_mound,out_of_scope,as_digitised,student_digitised,445118.837,4675931.834
student:03022,student_standardised,100006e13,K-35-065-2_GManastir_4326,burial_mound,out_of_scope,as_digitised,student_digitised,445853.122,4676085.920
student:03023,student_standardised,100006e13,K-35-065-2_GManastir_4326,burial_mound,out_of_scope,as_digitised,student_digitised,449597.985,4675851.408
student:03024,student_standardised,100006e13,K-35-065-2_GManastir_4326,burial_mound,out_of_scope,as_digitised,student_digitised,449251.612,4676000.903
student:03025,student_standardised,100006e13,K-35-065-2_GManastir_4326,burial_mound,out_of_scope,as_digitised,student_digitised,450495.806,4675031.493
student:03026,student_standardised,100006e13,K-35-065-2_GManastir_4326,burial_mound,out_of_scope,as_digitised,student_digitised,453982.595,4675600.115
student:03027,student_standardised,100006e13,K-35-065-2_GManastir_4326,burial_mound,out_of_scope,as_digitised,student_digitised,455531.607,4675121.666
student:03028,student_standardised,100006e13,K-35-065-2_GManastir_4326,burial_mound,out_of_scope,as_digitised,student_digitised,457679.134,4675557.042
student:03029,student_standardised,100006e13,K-35-065-2_GManastir_4326,burial_mound,out_of_scope,as_digitised,student_digitised,457954.210,4675055.450
student:03030,student_standardised,100006e13,K-35-065-2_GManastir_4326,burial_mound,out_of_scope,as_digitised,student_digitised,455482.930,4673916.696
student:03031,student_standardised,100006e13,K-35-065-2_GManastir_4326,burial_mound,out_of_scope,as_digitised,student_digitised,454810.199,4673700.446
student:03032,student_standardised,100006e13,K-35-065-2_GManastir_4326,burial_mound,out_of_scope,as_digitised,student_digitised,454063.553,4674890.405
student:03033,student_standardised,100006e13,K-35-065-2_GManastir_4326,burial_mound,out_of_scope,as_digitised,student_digitised,449522.416,4674229.199
student:03034,student_standardised,100006e13,K-35-065-2_GManastir_4326,burial_mound,directly_reviewed,own_mark,student_digitised,447639.614,4673017.287
student:03035,student_standardised,100006e13,K-35-065-2_GManastir_4326,burial_mound,out_of_scope,as_digitised,student_digitised,446677.252,4672540.335
student:03036,student_standardised,100006e13,K-35-065-2_GManastir_4326,burial_mound,out_of_scope,as_digitised,student_digitised,449960.507,4672298.992
student:03037,student_standardised,100006e13,K-35-065-2_GManastir_4326,burial_mound,out_of_scope,as_digitised,student_digitised,450363.541,4672609.300
student:03038,student_standardised,100006e13,K-35-065-2_GManastir_4326,burial_mound,out_of_scope,as_digitised,student_digitised,450311.270,4672678.560
student:03039,student_standardised,100006e13,K-35-065-2_GManastir_4326,burial_mound,out_of_scope,as_digitised,student_digitised,451358.919,4672920.976
student:03040,student_standardised,100006e13,K-35-065-2_GManastir_4326,burial_mound,out_of_scope,as_digitised,student_digitised,453730.818,4672859.748
student:03041,student_standardised,100006e13,K-35-065-2_GManastir_4326,burial_mound,directly_reviewed,own_mark,student_digitised,453821.761,4671996.106
student:03042,student_standardised,100006e13,K-35-065-2_GManastir_4326,burial_mound,out_of_scope,as_digitised,student_digitised,455903.139,4672503.388
student:03043,student_standardised,100006e13,K-35-065-2_GManastir_4326,burial_mound,out_of_scope,as_digitised,student_digitised,456990.495,4671792.438
student:03044,student_standardised,100006e13,K-35-065-2_GManastir_4326,burial_mound,out_of_scope,as_digitised,student_digitised,456137.957,4671825.308
student:03045,student_standardised,100006e13,K-35-065-2_GManastir_4326,burial_mound,out_of_scope,as_digitised,student_digitised,447100.361,4671474.549
student:03046,student_standardised,100006e13,K-35-065-2_GManastir_4326,burial_mound,out_of_scope,as_digitised,student_digitised,439119.888,4670574.839
student:03047,student_standardised,100006e13,K-35-065-2_GManastir_4326,burial_mound,out_of_scope,as_digitised,student_digitised,447199.942,4670402.487
student:03048,student_standardised,100006e13,K-35-065-2_GManastir_4326,burial_mound,out_of_scope,as_digitised,student_digitised,449585.286,4670565.662
student:03049,student_standardised,100006e13,K-35-065-2_GManastir_4326,burial_mound,out_of_scope,as_digitised,student_digitised,449979.837,4669976.361
student:03050,student_standardised,100006e13,K-35-065-2_GManastir_4326,burial_mound,out_of_scope,as_digitised,student_digitised,454624.903,4670185.071
student:03051,student_standardised,100006e13,K-35-065-2_GManastir_4326,burial_mound,out_of_scope,as_digitised,student_digitised,455615.440,4670679.305
student:03052,student_standardised,100006e13,K-35-065-2_GManastir_4326,burial_mound,directly_reviewed,own_mark,student_digitised,454957.151,4670105.878
student:03053,student_standardised,100006e13,K-35-065-2_GManastir_4326,burial_mound,out_of_scope,as_digitised,student_digitised,456268.164,4670685.005
student:03054,student_standardised,100006e13,K-35-065-2_GManastir_4326,burial_mound,out_of_scope,as_digitised,student_digitised,451874.347,4669938.392
student:03055,student_standardised,100006e13,K-35-065-2_GManastir_4326,burial_mound,out_of_scope,as_digitised,student_digitised,449149.821,4669565.650
student:03056,student_standardised,100006e13,K-35-065-2_GManastir_4326,burial_mound,out_of_scope,as_digitised,student_digitised,441089.023,4669886.349
student:03057,student_standardised,100006e13,K-35-065-2_GManastir_4326,burial_mound,out_of_scope,as_digitised,student_digitised,441072.188,4668614.814
student:03058,student_standardised,100006e13,K-35-065-2_GManastir_4326,burial_mound,out_of_scope,as_digitised,student_digitised,445055.222,4686560.208
student:03059,student_standardised,100006e13,K-35-065-2_GManastir_4326,burial_mound,out_of_scope,as_digitised,student_digitised,454073.523,4684767.751
student:03060,student_standardised,100006e13,K-35-065-2_GManastir_4326,burial_mound,out_of_scope,as_digitised,student_digitised,454615.751,4684084.549
student:03061,student_standardised,100006e13,K-35-065-2_GManastir_4326,burial_mound,out_of_scope,as_digitised,student_digitised,453010.423,4683653.745
student:03062,student_standardised,100006e13,K-35-065-2_GManastir_4326,burial_mound,out_of_scope,as_digitised,student_digitised,455161.084,4669364.488
student:03063,student_standardised,100005e13,K-35-065-3_Glavan_4326,burial_mound,out_of_scope,as_digitised,student_digitised,418652.491,4667424.933
student:03064,student_standardised,100005e13,K-35-065-3_Glavan_4326,burial_mound,out_of_scope,as_digitised,student_digitised,420313.616,4667557.754
student:03065,student_standardised,100005e13,K-35-065-3_Glavan_4326,burial_mound,out_of_scope,as_digitised,student_digitised,421243.476,4667588.640
student:03066,student_standardised,100005e13,K-35-065-3_Glavan_4326,burial_mound,out_of_scope,as_digitised,student_digitised,422434.801,4668147.300
student:03067,student_standardised,100005e13,K-35-065-3_Glavan_4326,burial_mound,out_of_scope,as_digitised,student_digitised,427617.452,4668228.882
student:03068,student_standardised,100005e13,K-35-065-3_Glavan_4326,burial_mound,out_of_scope,as_digitised,student_digitised,427345.993,4667175.351
student:03069,student_standardised,100005e13,K-35-065-3_Glavan_4326,burial_mound,out_of_scope,as_digitised,student_digitised,428146.631,4667700.596
student:03070,student_standardised,100005e13,K-35-065-3_Glavan_4326,burial_mound,directly_reviewed,own_mark,student_digitised,428149.263,4667425.619
student:03071,student_standardised,100005e13,K-35-065-3_Glavan_4326,burial_mound,out_of_scope,as_digitised,student_digitised,428960.845,4668114.420
student:03072,student_standardised,100005e13,K-35-065-3_Glavan_4326,burial_mound,out_of_scope,as_digitised,student_digitised,433947.756,4667467.467
student:03073,student_standardised,100005e13,K-35-065-3_Glavan_4326,burial_mound,out_of_scope,as_digitised,student_digitised,424801.232,4667416.278
student:03074,student_standardised,100005e13,K-35-065-3_Glavan_4326,burial_mound,out_of_scope,as_digitised,student_digitised,424614.151,4667069.431
student:03075,student_standardised,100005e13,K-35-065-3_Glavan_4326,burial_mound,out_of_scope,as_digitised,student_digitised,419037.173,4666000.004
student:03076,student_standardised,100005e13,K-35-065-3_Glavan_4326,burial_mound,out_of_scope,as_digitised,student_digitised,418974.234,4665282.791
student:03077,student_standardised,100005e13,K-35-065-3_Glavan_4326,burial_mound,out_of_scope,as_digitised,student_digitised,421850.348,4665902.373
student:03078,student_standardised,100005e13,K-35-065-3_Glavan_4326,burial_mound,out_of_scope,as_digitised,student_digitised,423241.600,4664925.858
student:03079,student_standardised,100005e13,K-35-065-3_Glavan_4326,burial_mound,out_of_scope,as_digitised,student_digitised,424435.799,4666398.971
student:03080,student_standardised,100005e13,K-35-065-3_Glavan_4326,burial_mound,out_of_scope,as_digitised,student_digitised,426759.041,4666106.108
student:03081,student_standardised,100005e13,K-35-065-3_Glavan_4326,burial_mound,out_of_scope,as_digitised,student_digitised,426723.265,4666331.786
student:03082,student_standardised,100005e13,K-35-065-3_Glavan_4326,burial_mound,out_of_scope,as_digitised,student_digitised,428875.104,4666815.119
student:03083,student_standardised,100005e13,K-35-065-3_Glavan_4326,burial_mound,out_of_scope,as_digitised,student_digitised,428748.670,4664844.151
student:03084,student_standardised,100005e13,K-35-065-3_Glavan_4326,burial_mound,out_of_scope,as_digitised,student_digitised,428628.018,4664619.592
student:03085,student_standardised,100005e13,K-35-065-3_Glavan_4326,burial_mound,out_of_scope,as_digitised,student_digitised,428636.639,4664503.969
student:03086,student_standardised,100005e13,K-35-065-3_Glavan_4326,burial_mound,directly_reviewed,own_mark,student_digitised,429177.451,4664607.557
student:03087,student_standardised,100005e13,K-35-065-3_Glavan_4326,burial_mound,out_of_scope,as_digitised,student_digitised,429120.768,4664536.460
student:03088,student_standardised,100005e13,K-35-065-3_Glavan_4326,burial_mound,out_of_scope,as_digitised,student_digitised,422450.340,4664200.229
student:03089,student_standardised,100005e13,K-35-065-3_Glavan_4326,burial_mound,out_of_scope,as_digitised,student_digitised,421784.185,4664009.013
student:03090,student_standardised,100005e13,K-35-065-3_Glavan_4326,burial_mound,proxy_confirmed,claimant_mark,student_digitised,418881.660,4665359.283
student:03091,student_standardised,100005e13,K-35-065-3_Glavan_4326,burial_mound,out_of_scope,as_digitised,student_digitised,417913.537,4665786.165
student:03092,student_standardised,100005e13,K-35-065-3_Glavan_4326,burial_mound,out_of_scope,as_digitised,student_digitised,429415.316,4666299.804
student:03093,student_standardised,100005e13,K-35-065-3_Glavan_4326,burial_mound,out_of_scope,as_digitised,student_digitised,431224.081,4666404.311
student:03094,student_standardised,100005e13,K-35-065-3_Glavan_4326,burial_mound,proxy_confirmed,claimant_mark,student_digitised,433273.601,4665525.444
student:03095,student_standardised,100005e13,K-35-065-3_Glavan_4326,burial_mound,out_of_scope,as_digitised,student_digitised,434237.200,4662503.531
student:03096,student_standardised,100005e13,K-35-065-3_Glavan_4326,burial_mound,out_of_scope,as_digitised,student_digitised,428668.674,4663742.384
student:03097,student_standardised,100005e13,K-35-065-3_Glavan_4326,burial_mound,out_of_scope,as_digitised,student_digitised,428702.075,4663575.132
student:03098,student_standardised,100005e13,K-35-065-3_Glavan_4326,burial_mound,out_of_scope,as_digitised,student_digitised,428547.876,4663553.505
student:03099,student_standardised,100005e13,K-35-065-3_Glavan_4326,burial_mound,out_of_scope,as_digitised,student_digitised,424922.310,4664364.161
student:03100,student_standardised,100005e13,K-35-065-3_Glavan_4326,burial_mound,out_of_scope,as_digitised,student_digitised,424736.105,4664279.011
student:03101,student_standardised,100005e13,K-35-065-3_Glavan_4326,burial_mound,out_of_scope,as_digitised,student_digitised,418158.900,4664070.964
student:03102,student_standardised,100005e13,K-35-065-3_Glavan_4326,burial_mound,out_of_scope,as_digitised,student_digitised,418466.922,4664729.088
student:03103,student_standardised,100005e13,K-35-065-3_Glavan_4326,burial_mound,out_of_scope,as_digitised,student_digitised,417933.491,4662815.067
student:03104,student_standardised,100005e13,K-35-065-3_Glavan_4326,burial_mound,out_of_scope,as_digitised,student_digitised,418229.491,4662308.426
student:03105,student_standardised,100005e13,K-35-065-3_Glavan_4326,burial_mound,out_of_scope,as_digitised,student_digitised,419931.067,4662688.410
student:03106,student_standardised,100005e13,K-35-065-3_Glavan_4326,burial_mound,out_of_scope,as_digitised,student_digitised,421649.851,4662078.158
student:03107,student_standardised,100005e13,K-35-065-3_Glavan_4326,burial_mound,out_of_scope,as_digitised,student_digitised,424013.333,4663420.233
student:03108,student_standardised,100005e13,K-35-065-3_Glavan_4326,burial_mound,proxy_confirmed,claimant_mark,student_digitised,418592.638,4658028.570
student:03109,student_standardised,100005e13,K-35-065-3_Glavan_4326,burial_mound,out_of_scope,as_digitised,student_digitised,420377.611,4657993.116
student:03110,student_standardised,100005e13,K-35-065-3_Glavan_4326,burial_mound,out_of_scope,as_digitised,student_digitised,420864.440,4657882.955
student:03111,student_standardised,100005e13,K-35-065-3_Glavan_4326,burial_mound,out_of_scope,as_digitised,student_digitised,421385.556,4657761.464
student:03112,student_standardised,100005e13,K-35-065-3_Glavan_4326,burial_mound,out_of_scope,as_digitised,student_digitised,421221.142,4657980.399
student:03113,student_standardised,100005e13,K-35-065-3_Glavan_4326,burial_mound,out_of_scope,as_digitised,student_digitised,421133.349,4658078.622
student:03114,student_standardised,100005e13,K-35-065-3_Glavan_4326,burial_mound,out_of_scope,as_digitised,student_digitised,423310.869,4657766.120
student:03115,student_standardised,100005e13,K-35-065-3_Glavan_4326,burial_mound,out_of_scope,as_digitised,student_digitised,432727.194,4658488.896
student:03116,student_standardised,100005e13,K-35-065-3_Glavan_4326,burial_mound,out_of_scope,as_digitised,student_digitised,435012.391,4656970.213
student:03117,student_standardised,100005e13,K-35-065-3_Glavan_4326,burial_mound,out_of_scope,as_digitised,student_digitised,435889.182,4657042.146
student:03118,student_standardised,100005e13,K-35-065-3_Glavan_4326,burial_mound,out_of_scope,as_digitised,student_digitised,435614.262,4657241.239
student:03119,student_standardised,100005e13,K-35-065-3_Glavan_4326,burial_mound,out_of_scope,as_digitised,student_digitised,435503.027,4656636.396
student:03120,student_standardised,100005e13,K-35-065-3_Glavan_4326,burial_mound,out_of_scope,as_digitised,student_digitised,419888.401,4657058.948
student:03121,student_standardised,100005e13,K-35-065-3_Glavan_4326,burial_mound,out_of_scope,as_digitised,student_digitised,429394.143,4654273.927
student:03122,student_standardised,100005e13,K-35-065-3_Glavan_4326,burial_mound,out_of_scope,as_digitised,student_digitised,429309.788,4653526.060
student:03123,student_standardised,100005e13,K-35-065-3_Glavan_4326,burial_mound,out_of_scope,as_digitised,student_digitised,429641.290,4653589.277
student:03124,student_standardised,100005e13,K-35-065-3_Glavan_4326,burial_mound,out_of_scope,as_digitised,student_digitised,435777.105,4654628.075
student:03125,student_standardised,100005e13,K-35-065-3_Glavan_4326,burial_mound,out_of_scope,as_digitised,student_digitised,435877.522,4654525.830
student:03126,student_standardised,100005e13,K-35-065-3_Glavan_4326,burial_mound,out_of_scope,as_digitised,student_digitised,435755.934,4654416.423
student:03127,student_standardised,100005e13,K-35-065-3_Glavan_4326,burial_mound,out_of_scope,as_digitised,student_digitised,435638.987,4654250.964
student:03128,student_standardised,100005e13,K-35-065-3_Glavan_4326,burial_mound,out_of_scope,as_digitised,student_digitised,437207.410,4652126.913
student:03129,student_standardised,100005e13,K-35-065-3_Glavan_4326,burial_mound,out_of_scope,as_digitised,student_digitised,436136.051,4651213.335
student:03130,student_standardised,100005e13,K-35-065-3_Glavan_4326,burial_mound,out_of_scope,as_digitised,student_digitised,423484.143,4652056.940
student:03131,student_standardised,100005e13,K-35-065-3_Glavan_4326,burial_mound,directly_reviewed,own_mark,student_digitised,423534.679,4651945.128
student:03132,student_standardised,100005e13,K-35-065-3_Glavan_4326,burial_mound,directly_reviewed,own_mark,student_digitised,420244.385,4651152.232
student:03133,student_standardised,100005e13,K-35-065-3_Glavan_4326,burial_mound,out_of_scope,as_digitised,student_digitised,434446.386,4650458.455
student:03134,student_standardised,100005e13,K-35-065-3_Glavan_4326,burial_mound,out_of_scope,as_digitised,student_digitised,435429.597,4650560.715
student:03135,student_standardised,100002e13,K-35-065-3_Glavan_4326,burial_mound,directly_reviewed,own_mark,student_digitised,435370.983,4649868.519
student:03136,student_standardised,100006e13,K-35-065-4,burial_mound,out_of_scope,as_digitised,student_digitised,443551.751,4668035.157
student:03137,student_standardised,100006e13,K-35-065-4,burial_mound,out_of_scope,as_digitised,student_digitised,446540.019,4667205.734
student:03138,student_standardised,100006e13,K-35-065-4,burial_mound,out_of_scope,as_digitised,student_digitised,448372.589,4667456.479
student:03139,student_standardised,100006e13,K-35-065-4,burial_mound,out_of_scope,as_digitised,student_digitised,455864.900,4667313.922
student:03140,student_standardised,100006e13,K-35-065-4,burial_mound,out_of_scope,as_digitised,student_digitised,456463.109,4667643.364
student:03141,student_standardised,100006e13,K-35-065-4,burial_mound,out_of_scope,as_digitised,student_digitised,457091.642,4664987.246
student:03142,student_standardised,100006e13,K-35-065-4,burial_mound,out_of_scope,as_digitised,student_digitised,454567.650,4665080.766
student:03143,student_standardised,100006e13,K-35-065-4,burial_mound,out_of_scope,as_digitised,student_digitised,453996.043,4665039.550
student:03144,student_standardised,100006e13,K-35-065-4,burial_mound,out_of_scope,as_digitised,student_digitised,453029.640,4666558.744
student:03145,student_standardised,100006e13,K-35-065-4,burial_mound,out_of_scope,as_digitised,student_digitised,448486.487,4666805.637
student:03146,student_standardised,100006e13,K-35-065-4,burial_mound,out_of_scope,as_digitised,student_digitised,443450.269,4665497.394
student:03147,student_standardised,100006e13,K-35-065-4,burial_mound,out_of_scope,as_digitised,student_digitised,454098.050,4664547.584
student:03148,student_standardised,100006e13,K-35-065-4,burial_mound,out_of_scope,as_digitised,student_digitised,456690.947,4664474.300
student:03149,student_standardised,100006e13,K-35-065-4,burial_mound,out_of_scope,as_digitised,student_digitised,457129.786,4664826.983
student:03150,student_standardised,100006e13,K-35-065-4,burial_mound,out_of_scope,as_digitised,student_digitised,457616.174,4663725.718
student:03151,student_standardised,100006e13,K-35-065-4,burial_mound,out_of_scope,as_digitised,student_digitised,455444.330,4663251.665
student:03152,student_standardised,100006e13,K-35-065-4,burial_mound,out_of_scope,as_digitised,student_digitised,448818.399,4660348.387
student:03153,student_standardised,100006e13,K-35-065-4,burial_mound,out_of_scope,as_digitised,student_digitised,455508.056,4660103.117
student:03154,student_standardised,100006e13,K-35-065-4,burial_mound,out_of_scope,as_digitised,student_digitised,457552.869,4660847.889
student:03155,student_standardised,100006e13,K-35-065-4,burial_mound,out_of_scope,as_digitised,student_digitised,457351.277,4660077.232
student:03156,student_standardised,100006e13,K-35-065-4,burial_mound,proxy_confirmed,claimant_mark,student_digitised,458002.184,4659889.417
student:03157,student_standardised,100006e13,K-35-065-4,burial_mound,out_of_scope,as_digitised,student_digitised,457375.356,4659835.257
student:03158,student_standardised,100006e13,K-35-065-4,burial_mound,out_of_scope,as_digitised,student_digitised,452714.774,4658980.006
student:03159,student_standardised,100006e13,K-35-065-4,burial_mound,out_of_scope,as_digitised,student_digitised,448898.321,4659493.542
student:03160,student_standardised,100006e13,K-35-065-4,burial_mound,out_of_scope,as_digitised,student_digitised,447061.057,4657821.159
student:03161,student_standardised,100006e13,K-35-065-4,burial_mound,out_of_scope,as_digitised,student_digitised,449026.014,4657820.938
student:03162,student_standardised,100006e13,K-35-065-4,burial_mound,out_of_scope,as_digitised,student_digitised,452266.379,4657158.222
student:03163,student_standardised,100006e13,K-35-065-4,burial_mound,out_of_scope,as_digitised,student_digitised,453451.951,4657935.045
student:03164,student_standardised,100006e13,K-35-065-4,burial_mound,out_of_scope,as_digitised,student_digitised,454065.613,4657554.988
student:03165,student_standardised,100006e13,K-35-065-4,burial_mound,out_of_scope,as_digitised,student_digitised,450455.801,4656294.583
student:03166,student_standardised,100006e13,K-35-065-4,burial_mound,out_of_scope,as_digitised,student_digitised,447705.261,4656763.105
student:03167,student_standardised,100006e13,K-35-065-4,burial_mound,out_of_scope,as_digitised,student_digitised,447821.201,4655520.109
student:03168,student_standardised,100006e13,K-35-065-4,burial_mound,out_of_scope,as_digitised,student_digitised,441643.760,4656266.487
student:03169,student_standardised,100006e13,K-35-065-4,burial_mound,out_of_scope,as_digitised,student_digitised,438069.868,4654664.061
student:03170,student_standardised,100006e13,K-35-065-4,burial_mound,out_of_scope,as_digitised,student_digitised,438551.416,4654269.647
student:03171,student_standardised,100006e13,K-35-065-4,burial_mound,out_of_scope,as_digitised,student_digitised,438118.620,4654415.791
student:03172,student_standardised,100006e13,K-35-065-4,burial_mound,out_of_scope,as_digitised,student_digitised,438711.033,4654431.475
student:03173,student_standardised,100006e13,K-35-065-4,burial_mound,out_of_scope,as_digitised,student_digitised,438783.728,4654745.153
student:03174,student_standardised,100006e13,K-35-065-4,burial_mound,out_of_scope,as_digitised,student_digitised,447289.541,4652402.904
student:03175,student_standardised,100006e13,K-35-065-4,burial_mound,out_of_scope,as_digitised,student_digitised,440467.700,4651753.746
student:03176,student_standardised,100006e13,K-35-065-4,burial_mound,out_of_scope,as_digitised,student_digitised,439783.870,4650317.040
student:03177,student_standardised,100006e13,K-35-065-4,burial_mound,out_of_scope,as_digitised,student_digitised,439947.748,4650336.448
student:03178,student_standardised,100006e13,K-35-065-4,burial_mound,out_of_scope,as_digitised,student_digitised,440548.436,4650667.092
student:03179,student_standardised,100002e13,K-35-066-1,burial_mound,out_of_scope,as_digitised,student_digitised,462432.853,4686602.201
student:03180,student_standardised,100002e13,K-35-066-1,bench_mark_on_mound,directly_reviewed,own_mark,student_digitised,460350.589,4670854.958
student:03181,student_standardised,100002e13,K-35-066-1,burial_mound,out_of_scope,as_digitised,student_digitised,460112.304,4672609.966
student:03182,student_standardised,100002e13,K-35-066-1,burial_mound,out_of_scope,as_digitised,student_digitised,460236.974,4672820.717
student:03183,student_standardised,100002e13,K-35-066-1,burial_mound,out_of_scope,as_digitised,student_digitised,460080.144,4676602.354
student:03184,student_standardised,100002e13,K-35-066-1,burial_mound,out_of_scope,as_digitised,student_digitised,461920.038,4674269.136
student:03185,student_standardised,100002e13,K-35-066-1,bench_mark_on_mound,directly_reviewed,own_mark,student_digitised,461585.491,4669713.810
student:03186,student_standardised,100002e13,K-35-066-1,burial_mound,directly_reviewed,own_mark,student_digitised,462646.364,4685031.567
student:03187,student_standardised,100002e13,K-35-066-1,burial_mound,out_of_scope,as_digitised,student_digitised,463468.312,4685496.674
student:03188,student_standardised,100002e13,K-35-066-1,burial_mound,out_of_scope,as_digitised,student_digitised,463013.557,4685246.006
student:03189,student_standardised,100002e13,K-35-066-1,burial_mound,out_of_scope,as_digitised,student_digitised,463306.485,4685083.383
student:03190,student_standardised,100002e13,K-35-066-1,burial_mound,out_of_scope,as_digitised,student_digitised,463378.243,4684909.971
student:03191,student_standardised,100002e13,K-35-066-1,burial_mound,out_of_scope,as_digitised,student_digitised,463423.076,4684380.580
student:03192,student_standardised,100002e13,K-35-066-1,burial_mound,directly_reviewed,own_mark,student_digitised,463868.218,4684132.808
student:03193,student_standardised,100002e13,K-35-066-1,burial_mound,directly_reviewed,own_mark,student_digitised,463827.799,4684087.938
student:03194,student_standardised,100002e13,K-35-066-1,burial_mound,out_of_scope,as_digitised,student_digitised,463571.364,4683858.640
student:03195,student_standardised,100002e13,K-35-066-1,burial_mound,out_of_scope,as_digitised,student_digitised,463710.403,4680256.331
student:03196,student_standardised,100002e13,K-35-066-1,burial_mound,out_of_scope,as_digitised,student_digitised,462987.996,4678197.817
student:03197,student_standardised,100002e13,K-35-066-1,burial_mound,out_of_scope,as_digitised,student_digitised,465558.665,4680282.602
student:03198,student_standardised,100002e13,K-35-066-1,settlement_mound,directly_reviewed,own_mark,student_digitised,465665.167,4675894.751
student:03199,student_standardised,100002e13,K-35-066-1,burial_mound,out_of_scope,as_digitised,student_digitised,465985.125,4670698.140
student:03200,student_standardised,100002e13,K-35-066-1,burial_mound,out_of_scope,as_digitised,student_digitised,466029.487,4670788.944
student:03201,student_standardised,100002e13,K-35-066-1,burial_mound,out_of_scope,as_digitised,student_digitised,466446.280,4671823.604
student:03202,student_standardised,100002e13,K-35-066-1,burial_mound,out_of_scope,as_digitised,student_digitised,466246.459,4683450.936
student:03203,student_standardised,100002e13,K-35-066-1,burial_mound,out_of_scope,as_digitised,student_digitised,466887.566,4685322.543
student:03204,student_standardised,100002e13,K-35-066-1,burial_mound,out_of_scope,as_digitised,student_digitised,466962.041,4685285.474
student:03205,student_standardised,100002e13,K-35-066-1,burial_mound,out_of_scope,as_digitised,student_digitised,467046.002,4685331.442
student:03206,student_standardised,100002e13,K-35-066-1,burial_mound,proxy_confirmed,claimant_mark,student_digitised,467166.532,4685199.418
student:03207,student_standardised,100002e13,K-35-066-1,burial_mound,out_of_scope,as_digitised,student_digitised,467493.698,4684649.979
student:03208,student_standardised,100002e13,K-35-066-1,burial_mound,out_of_scope,as_digitised,student_digitised,467724.372,4683706.175
student:03209,student_standardised,100002e13,K-35-066-1,burial_mound,out_of_scope,as_digitised,student_digitised,467833.818,4681073.635
student:03210,student_standardised,100002e13,K-35-066-1,burial_mound,out_of_scope,as_digitised,student_digitised,467114.622,4680993.048
student:03211,student_standardised,100002e13,K-35-066-1,burial_mound,out_of_scope,as_digitised,student_digitised,467196.887,4680930.495
student:03212,student_standardised,100002e13,K-35-066-1,burial_mound,out_of_scope,as_digitised,student_digitised,467691.509,4680895.273
student:03213,student_standardised,100002e13,K-35-066-1,burial_mound,out_of_scope,as_digitised,student_digitised,467283.704,4680851.739
student:03214,student_standardised,100002e13,K-35-066-1,burial_mound,out_of_scope,as_digitised,student_digitised,466970.235,4679594.484
student:03215,student_standardised,100002e13,K-35-066-1,burial_mound,out_of_scope,as_digitised,student_digitised,467181.581,4677439.784
student:03216,student_standardised,100002e13,K-35-066-1,burial_mound,out_of_scope,as_digitised,student_digitised,467620.411,4676358.600
student:03217,student_standardised,100002e13,K-35-066-1,burial_mound,out_of_scope,as_digitised,student_digitised,467689.365,4675453.419
student:03218,student_standardised,100002e13,K-35-066-1,burial_mound,out_of_scope,as_digitised,student_digitised,468081.454,4670349.435
student:03219,student_standardised,100002e13,K-35-066-1,burial_mound,out_of_scope,as_digitised,student_digitised,468263.626,4670393.986
student:03220,student_standardised,100002e13,K-35-066-1,burial_mound,out_of_scope,as_digitised,student_digitised,468657.450,4670889.372
student:03221,student_standardised,100002e13,K-35-066-1,burial_mound,out_of_scope,as_digitised,student_digitised,468460.361,4672244.352
student:03222,student_standardised,100002e13,K-35-066-1,burial_mound,out_of_scope,as_digitised,student_digitised,468672.218,4672292.622
student:03223,student_standardised,100002e13,K-35-066-1,burial_mound,out_of_scope,as_digitised,student_digitised,468414.830,4675272.301
student:03224,student_standardised,100002e13,K-35-066-1,burial_mound,out_of_scope,as_digitised,student_digitised,467936.693,4678660.441
student:03225,student_standardised,100002e13,K-35-066-1,burial_mound,out_of_scope,as_digitised,student_digitised,468089.942,4679128.223
student:03226,student_standardised,100002e13,K-35-066-1,burial_mound,out_of_scope,as_digitised,student_digitised,468442.988,4679822.352
student:03227,student_standardised,100002e13,K-35-066-1,burial_mound,out_of_scope,as_digitised,student_digitised,468002.150,4681430.139
student:03228,student_standardised,100002e13,K-35-066-1,burial_mound,proxy_confirmed,claimant_mark,student_digitised,468046.090,4681506.048
student:03229,student_standardised,100002e13,K-35-066-1,burial_mound,out_of_scope,as_digitised,student_digitised,467870.405,4684499.001
student:03230,student_standardised,100002e13,K-35-066-1,burial_mound,out_of_scope,as_digitised,student_digitised,467915.125,4684821.133
student:03231,student_standardised,100002e13,K-35-066-1,burial_mound,out_of_scope,as_digitised,student_digitised,468126.406,4684930.487
student:03232,student_standardised,100002e13,K-35-066-1,burial_mound,out_of_scope,as_digitised,student_digitised,468214.695,4685060.198
student:03233,student_standardised,100002e13,K-35-066-1,burial_mound,out_of_scope,as_digitised,student_digitised,468265.961,4685172.858
student:03234,student_standardised,100002e13,K-35-066-1,burial_mound,out_of_scope,as_digitised,student_digitised,467965.241,4685404.071
student:03235,student_standardised,100002e13,K-35-066-1,burial_mound,out_of_scope,as_digitised,student_digitised,468339.719,4686615.232
student:03236,student_standardised,100002e13,K-35-066-1,burial_mound,proxy_confirmed,claimant_mark,student_digitised,469286.722,4682175.602
student:03237,student_standardised,100002e13,K-35-066-1,burial_mound,out_of_scope,as_digitised,student_digitised,469036.746,4682075.786
student:03238,student_standardised,100002e13,K-35-066-1,burial_mound,out_of_scope,as_digitised,student_digitised,468894.682,4681920.286
student:03239,student_standardised,100002e13,K-35-066-1,burial_mound,out_of_scope,as_digitised,student_digitised,469437.922,4681108.136
student:03240,student_standardised,100002e13,K-35-066-1,burial_mound,out_of_scope,as_digitised,student_digitised,469745.392,4681019.052
student:03241,student_standardised,100002e13,K-35-066-1,burial_mound,out_of_scope,as_digitised,student_digitised,469849.056,4681021.827
student:03242,student_standardised,100002e13,K-35-066-1,burial_mound,out_of_scope,as_digitised,student_digitised,469462.836,4680118.831
student:03243,student_standardised,100002e13,K-35-066-1,burial_mound,out_of_scope,as_digitised,student_digitised,469661.526,4677722.944
student:03244,student_standardised,100002e13,K-35-066-1,burial_mound,out_of_scope,as_digitised,student_digitised,469271.843,4677462.324
student:03245,student_standardised,100002e13,K-35-066-1,burial_mound,out_of_scope,as_digitised,student_digitised,469433.212,4675734.277
student:03246,student_standardised,100002e13,K-35-066-1,burial_mound,out_of_scope,as_digitised,student_digitised,469832.593,4675669.703
student:03247,student_standardised,100002e13,K-35-066-1,burial_mound,out_of_scope,as_digitised,student_digitised,469831.581,4675399.463
student:03248,student_standardised,100002e13,K-35-066-1,burial_mound,directly_reviewed,own_mark,student_digitised,469493.709,4669009.713
student:03249,student_standardised,100002e13,K-35-066-1,burial_mound,directly_reviewed,own_mark,student_digitised,469558.644,4668993.942
student:03250,student_standardised,100002e13,K-35-066-1,bench_mark_on_mound,directly_reviewed,own_mark,student_digitised,470205.406,4675598.038
student:03251,student_standardised,100002e13,K-35-066-1,bench_mark_on_mound,directly_reviewed,own_mark,student_digitised,470123.414,4676735.893
student:03252,student_standardised,100002e13,K-35-066-1,burial_mound,out_of_scope,as_digitised,student_digitised,470757.657,4678853.283
student:03253,student_standardised,100002e13,K-35-066-1,burial_mound,out_of_scope,as_digitised,student_digitised,470832.217,4678966.907
student:03254,student_standardised,100002e13,K-35-066-1,burial_mound,out_of_scope,as_digitised,student_digitised,470875.826,4679496.094
student:03255,student_standardised,100002e13,K-35-066-1,burial_mound,out_of_scope,as_digitised,student_digitised,470916.060,4682244.425
student:03256,student_standardised,100002e13,K-35-066-1,burial_mound,out_of_scope,as_digitised,student_digitised,470661.572,4683017.953
student:03257,student_standardised,100002e13,K-35-066-1,burial_mound,out_of_scope,as_digitised,student_digitised,470922.112,4680590.803
student:03258,student_standardised,100002e13,K-35-066-1,burial_mound,out_of_scope,as_digitised,student_digitised,471538.900,4669912.674
student:03259,student_standardised,100002e13,K-35-066-1,burial_mound,out_of_scope,as_digitised,student_digitised,472803.494,4671231.415
student:03260,student_standardised,100002e13,K-35-066-1,burial_mound,proxy_confirmed,claimant_mark,student_digitised,472892.510,4679677.854
student:03261,student_standardised,100002e13,K-35-066-1,burial_mound,out_of_scope,as_digitised,student_digitised,472316.589,4680303.281
student:03262,student_standardised,100002e13,K-35-066-1,burial_mound,directly_reviewed,own_mark,student_digitised,472772.816,4682896.329
student:03263,student_standardised,100002e13,K-35-066-1,bench_mark_on_mound,directly_reviewed,own_mark,student_digitised,472791.890,4682953.236
student:03264,student_standardised,100002e13,K-35-066-1,burial_mound,out_of_scope,as_digitised,student_digitised,473167.179,4680269.522
student:03265,student_standardised,100002e13,K-35-066-1,burial_mound,out_of_scope,as_digitised,student_digitised,473104.102,4680133.081
student:03266,student_standardised,100002e13,K-35-066-1,burial_mound,directly_reviewed,own_mark,student_digitised,473668.141,4679937.734
student:03267,student_standardised,100002e13,K-35-066-1,burial_mound,out_of_scope,as_digitised,student_digitised,473013.743,4679660.524
student:03268,student_standardised,100002e13,K-35-066-1,burial_mound,out_of_scope,as_digitised,student_digitised,472994.230,4679395.654
student:03269,student_standardised,100002e13,K-35-066-1,burial_mound,out_of_scope,as_digitised,student_digitised,473423.894,4677493.861
student:03270,student_standardised,100002e13,K-35-066-1,burial_mound,out_of_scope,as_digitised,student_digitised,473134.335,4677096.485
student:03271,student_standardised,100002e13,K-35-066-1,burial_mound,out_of_scope,as_digitised,student_digitised,474482.306,4669864.923
student:03272,student_standardised,100002e13,K-35-066-1,burial_mound,out_of_scope,as_digitised,student_digitised,474463.289,4669968.166
student:03273,student_standardised,100002e13,K-35-066-1,burial_mound,out_of_scope,as_digitised,student_digitised,474381.716,4671480.248
student:03274,student_standardised,100002e13,K-35-066-1,burial_mound,out_of_scope,as_digitised,student_digitised,474246.377,4672446.161
student:03275,student_standardised,100002e13,K-35-066-1,burial_mound,out_of_scope,as_digitised,student_digitised,474623.165,4675202.174
student:03276,student_standardised,100002e13,K-35-066-1,burial_mound,out_of_scope,as_digitised,student_digitised,473952.494,4679569.536
student:03277,student_standardised,100002e13,K-35-066-1,burial_mound,out_of_scope,as_digitised,student_digitised,474529.455,4682233.799
student:03278,student_standardised,100002e13,K-35-066-1,burial_mound,out_of_scope,as_digitised,student_digitised,474577.143,4683843.069
student:03279,student_standardised,100002e13,K-35-066-1,burial_mound,out_of_scope,as_digitised,student_digitised,474760.509,4683824.214
student:03280,student_standardised,100002e13,K-35-066-1,trig_point_on_mound,directly_reviewed,own_mark,student_digitised,474711.960,4683886.838
student:03281,student_standardised,100002e13,K-35-066-1,burial_mound,out_of_scope,as_digitised,student_digitised,475795.742,4685992.420
student:03282,student_standardised,100002e13,K-35-066-1,burial_mound,out_of_scope,as_digitised,student_digitised,475847.309,4685040.117
student:03283,student_standardised,100002e13,K-35-066-1,burial_mound,out_of_scope,as_digitised,student_digitised,475660.282,4683431.191
student:03284,student_standardised,100002e13,K-35-066-1,burial_mound,directly_reviewed,own_mark,student_digitised,475565.133,4683159.653
student:03285,student_standardised,100002e13,K-35-066-1,burial_mound,directly_reviewed,own_mark,student_digitised,475527.931,4683103.023
student:03286,student_standardised,100002e13,K-35-066-1,burial_mound,out_of_scope,as_digitised,student_digitised,475737.529,4675147.884
student:03287,student_standardised,100002e13,K-35-066-1,burial_mound,out_of_scope,as_digitised,student_digitised,475706.998,4673931.322
student:03288,student_standardised,100002e13,K-35-066-1,burial_mound,out_of_scope,as_digitised,student_digitised,475028.863,4670736.704
student:03289,student_standardised,100002e13,K-35-066-1,burial_mound,out_of_scope,as_digitised,student_digitised,475545.380,4669716.853
student:03290,student_standardised,100002e13,K-35-066-1,burial_mound,out_of_scope,as_digitised,student_digitised,475170.697,4669302.699
student:03291,student_standardised,100002e13,K-35-066-1,burial_mound,out_of_scope,as_digitised,student_digitised,475418.343,4669275.268
student:03292,student_standardised,100002e13,K-35-066-1,burial_mound,out_of_scope,as_digitised,student_digitised,476320.625,4668406.525
student:03293,student_standardised,100002e13,K-35-066-1,burial_mound,out_of_scope,as_digitised,student_digitised,476717.355,4671109.444
student:03294,student_standardised,100002e13,K-35-066-1,burial_mound,out_of_scope,as_digitised,student_digitised,476590.893,4672576.196
student:03295,student_standardised,100002e13,K-35-066-1,burial_mound,out_of_scope,as_digitised,student_digitised,476500.548,4672694.300
student:03296,student_standardised,100002e13,K-35-066-1,burial_mound,out_of_scope,as_digitised,student_digitised,476036.710,4674292.388
student:03297,student_standardised,100002e13,K-35-066-1,burial_mound,directly_reviewed,own_mark,student_digitised,476025.837,4674861.536
student:03298,student_standardised,100002e13,K-35-066-1,burial_mound,out_of_scope,as_digitised,student_digitised,476713.950,4678823.929
student:03299,student_standardised,100002e13,K-35-066-1,burial_mound,out_of_scope,as_digitised,student_digitised,476847.827,4681458.682
student:03300,student_standardised,100002e13,K-35-066-1,burial_mound,out_of_scope,as_digitised,student_digitised,475968.780,4681467.628
student:03301,student_standardised,100002e13,K-35-066-1,burial_mound,out_of_scope,as_digitised,student_digitised,476324.086,4682122.496
student:03302,student_standardised,100002e13,K-35-066-1,burial_mound,out_of_scope,as_digitised,student_digitised,475943.009,4683726.300
student:03303,student_standardised,100002e13,K-35-066-1,burial_mound,out_of_scope,as_digitised,student_digitised,476844.391,4684611.059
student:03304,student_standardised,100002e13,K-35-066-1,burial_mound,out_of_scope,as_digitised,student_digitised,476762.301,4684720.840
student:03305,student_standardised,100002e13,K-35-066-1,burial_mound,directly_reviewed,own_mark,student_digitised,476413.156,4684984.540
student:03306,student_standardised,100002e13,K-35-066-1,burial_mound,out_of_scope,as_digitised,student_digitised,476710.793,4685752.147
student:03307,student_standardised,100002e13,K-35-066-1,burial_mound,out_of_scope,as_digitised,student_digitised,476239.357,4685698.081
student:03308,student_standardised,100002e13,K-35-066-1,burial_mound,out_of_scope,as_digitised,student_digitised,476599.838,4685822.590
student:03309,student_standardised,100002e13,K-35-066-1,burial_mound,out_of_scope,as_digitised,student_digitised,477264.922,4682085.378
student:03310,student_standardised,100002e13,K-35-066-1,burial_mound,out_of_scope,as_digitised,student_digitised,477162.565,4682034.043
student:03311,student_standardised,100002e13,K-35-066-1,burial_mound,out_of_scope,as_digitised,student_digitised,477690.676,4678903.222
student:03312,student_standardised,100002e13,K-35-066-1,burial_mound,out_of_scope,as_digitised,student_digitised,477116.372,4677386.450
student:03313,student_standardised,100002e13,K-35-066-1,burial_mound,proxy_confirmed,claimant_mark,student_digitised,477803.001,4677469.518
student:03314,student_standardised,100002e13,K-35-066-1,burial_mound,out_of_scope,as_digitised,student_digitised,477284.164,4668539.748
student:03315,student_standardised,100002e13,K-35-066-1,burial_mound,out_of_scope,as_digitised,student_digitised,478735.988,4668661.123
student:03316,student_standardised,100002e13,K-35-066-1,burial_mound,out_of_scope,as_digitised,student_digitised,478240.116,4671853.058
student:03317,student_standardised,100002e13,K-35-066-1,burial_mound,out_of_scope,as_digitised,student_digitised,478495.070,4671691.177
student:03318,student_standardised,100002e13,K-35-066-1,burial_mound,out_of_scope,as_digitised,student_digitised,479088.106,4674677.942
student:03319,student_standardised,100002e13,K-35-066-1,burial_mound,out_of_scope,as_digitised,student_digitised,478836.294,4675738.869
student:03320,student_standardised,100002e13,K-35-066-1,burial_mound,out_of_scope,as_digitised,student_digitised,478035.616,4681617.421
student:03321,student_standardised,100002e13,K-35-066-1,burial_mound,out_of_scope,as_digitised,student_digitised,478152.839,4681680.698
student:03322,student_standardised,100002e13,K-35-066-1,burial_mound,out_of_scope,as_digitised,student_digitised,478083.344,4682591.726
student:03323,student_standardised,100002e13,K-35-066-1,burial_mound,out_of_scope,as_digitised,student_digitised,478915.156,4683908.779
student:03324,student_standardised,100002e13,K-35-066-1,burial_mound,out_of_scope,as_digitised,student_digitised,478852.024,4684901.129
student:03325,student_standardised,100002e13,K-35-066-1,burial_mound,out_of_scope,as_digitised,student_digitised,477962.448,4684939.038
student:03326,student_standardised,100002e13,K-35-066-1,burial_mound,out_of_scope,as_digitised,student_digitised,478481.928,4685969.632
student:03327,student_standardised,100002e13,K-35-066-1,burial_mound,proxy_confirmed,claimant_mark,student_digitised,460320.344,4668691.346
student:03328,student_standardised,100002e13,K-35-066-1,burial_mound,out_of_scope,as_digitised,student_digitised,460429.224,4669514.712
student:03329,student_standardised,100002e13,K-35-066-1,burial_mound,directly_reviewed,own_mark,student_digitised,460334.822,4670911.295
student:03330,student_standardised,100002e13,K-35-066-1,burial_mound,out_of_scope,as_digitised,student_digitised,460327.296,4671031.282
student:03331,student_standardised,100002e13,K-35-066-1,burial_mound,out_of_scope,as_digitised,student_digitised,460175.153,4673269.217
student:03332,student_standardised,100002e13,K-35-066-1,burial_mound,out_of_scope,as_digitised,student_digitised,459961.294,4675228.936
student:03333,student_standardised,100002e13,K-35-066-1,burial_mound,out_of_scope,as_digitised,student_digitised,459956.158,4675308.432
student:03334,student_standardised,100002e13,K-35-066-1,burial_mound,out_of_scope,as_digitised,student_digitised,460414.893,4677940.168
student:03335,student_standardised,100002e13,K-35-066-1,burial_mound,out_of_scope,as_digitised,student_digitised,460417.342,4678838.432
student:03336,student_standardised,100002e13,K-35-066-1,burial_mound,out_of_scope,as_digitised,student_digitised,461866.797,4674533.329
student:03337,student_standardised,100002e13,K-35-066-1,burial_mound,out_of_scope,as_digitised,student_digitised,461872.265,4674409.217
student:03338,student_standardised,100002e13,K-35-066-1,burial_mound,out_of_scope,as_digitised,student_digitised,462655.459,4673282.608
student:03339,student_standardised,100002e13,K-35-066-1,burial_mound,out_of_scope,as_digitised,student_digitised,462843.702,4674103.813
student:03340,student_standardised,100005e13,K-35-066-2,burial_mound,out_of_scope,as_digitised,student_digitised,480525.058,4685656.664
student:03341,student_standardised,100005e13,K-35-066-2,burial_mound,out_of_scope,as_digitised,student_digitised,481342.417,4685784.624
student:03342,student_standardised,100005e13,K-35-066-2,burial_mound,out_of_scope,as_digitised,student_digitised,481290.406,4685650.108
student:03343,student_standardised,100005e13,K-35-066-2,burial_mound,out_of_scope,as_digitised,student_digitised,482969.568,4686462.123
student:03344,student_standardised,100005e13,K-35-066-2,burial_mound,out_of_scope,as_digitised,student_digitised,483944.033,4684998.781
student:03345,student_standardised,100005e13,K-35-066-2,burial_mound,out_of_scope,as_digitised,student_digitised,487043.665,4686425.121
student:03346,student_standardised,100005e13,K-35-066-2,burial_mound,out_of_scope,as_digitised,student_digitised,488557.112,4686099.185
student:03347,student_standardised,100005e13,K-35-066-2,burial_mound,out_of_scope,as_digitised,student_digitised,489024.994,4686346.340
student:03348,student_standardised,100005e13,K-35-066-2,burial_mound,out_of_scope,as_digitised,student_digitised,495743.465,4686525.002
student:03349,student_standardised,100005e13,K-35-066-2,burial_mound,out_of_scope,as_digitised,student_digitised,495674.934,4686447.920
student:03350,student_standardised,100005e13,K-35-066-2,burial_mound,directly_reviewed,own_mark,student_digitised,496568.041,4686432.982
student:03351,student_standardised,100005e13,K-35-066-2,burial_mound,directly_reviewed,own_mark,student_digitised,499232.178,4685074.250
student:03352,student_standardised,100005e13,K-35-066-2,burial_mound,out_of_scope,as_digitised,student_digitised,499671.517,4685767.925
student:03353,student_standardised,100005e13,K-35-066-2,burial_mound,out_of_scope,as_digitised,student_digitised,496784.766,4683344.946
student:03354,student_standardised,100005e13,K-35-066-2,burial_mound,out_of_scope,as_digitised,student_digitised,488702.528,4683735.943
student:03355,student_standardised,100005e13,K-35-066-2,burial_mound,out_of_scope,as_digitised,student_digitised,488466.321,4684369.639
student:03356,student_standardised,100005e13,K-35-066-2,burial_mound,out_of_scope,as_digitised,student_digitised,488023.131,4684663.564
student:03357,student_standardised,100005e13,K-35-066-2,burial_mound,out_of_scope,as_digitised,student_digitised,487088.605,4684062.582
student:03358,student_standardised,100005e13,K-35-066-2,burial_mound,out_of_scope,as_digitised,student_digitised,487860.630,4683159.454
student:03359,student_standardised,100005e13,K-35-066-2,burial_mound,out_of_scope,as_digitised,student_digitised,487337.846,4683339.744
student:03360,student_standardised,100005e13,K-35-066-2,burial_mound,proxy_confirmed,claimant_mark,student_digitised,486219.947,4683538.779
student:03361,student_standardised,100005e13,K-35-066-2,burial_mound,directly_reviewed,own_mark,student_digitised,485515.991,4684932.919
student:03362,student_standardised,100005e13,K-35-066-2,burial_mound,out_of_scope,as_digitised,student_digitised,483462.846,4684733.031
student:03363,student_standardised,100005e13,K-35-066-2,burial_mound,out_of_scope,as_digitised,student_digitised,482657.359,4683270.221
student:03364,student_standardised,100005e13,K-35-066-2,burial_mound,out_of_scope,as_digitised,student_digitised,486617.289,4682937.536
student:03365,student_standardised,100005e13,K-35-066-2,burial_mound,out_of_scope,as_digitised,student_digitised,496040.341,4680026.707
student:03366,student_standardised,100005e13,K-35-066-2,burial_mound,out_of_scope,as_digitised,student_digitised,479928.363,4680591.068
student:03367,student_standardised,100005e13,K-35-066-2,burial_mound,directly_reviewed,own_mark,student_digitised,479925.972,4679662.114
student:03368,student_standardised,100005e13,K-35-066-2,burial_mound,directly_reviewed,own_mark,student_digitised,479992.199,4679678.311
student:03369,student_standardised,100005e13,K-35-066-2,burial_mound,out_of_scope,as_digitised,student_digitised,480623.455,4679349.346
student:03370,student_standardised,100005e13,K-35-066-2,burial_mound,out_of_scope,as_digitised,student_digitised,481344.651,4678513.670
student:03371,student_standardised,100005e13,K-35-066-2,burial_mound,out_of_scope,as_digitised,student_digitised,486610.980,4678527.539
student:03372,student_standardised,100005e13,K-35-066-2,burial_mound,out_of_scope,as_digitised,student_digitised,487474.199,4678592.050
student:03373,student_standardised,100005e13,K-35-066-2,burial_mound,directly_reviewed,own_mark,student_digitised,487537.967,4678355.988
student:03374,student_standardised,100005e13,K-35-066-2,burial_mound,out_of_scope,as_digitised,student_digitised,487397.827,4678108.807
student:03375,student_standardised,100005e13,K-35-066-2,burial_mound,out_of_scope,as_digitised,student_digitised,487859.780,4678013.345
student:03376,student_standardised,100005e13,K-35-066-2,burial_mound,proxy_confirmed,claimant_mark,student_digitised,490058.053,4678171.221
student:03377,student_standardised,100005e13,K-35-066-2,burial_mound,out_of_scope,as_digitised,student_digitised,491642.805,4679597.560
student:03378,student_standardised,100005e13,K-35-066-2,burial_mound,out_of_scope,as_digitised,student_digitised,492432.823,4679724.116
student:03379,student_standardised,100005e13,K-35-066-2,burial_mound,proxy_confirmed,claimant_mark,student_digitised,499723.122,4675712.355
student:03380,student_standardised,100005e13,K-35-066-2,burial_mound,out_of_scope,as_digitised,student_digitised,492443.442,4676751.318
student:03381,student_standardised,100005e13,K-35-066-2,burial_mound,directly_reviewed,own_mark,student_digitised,490974.291,4676453.709
student:03382,student_standardised,100005e13,K-35-066-2,burial_mound,out_of_scope,as_digitised,student_digitised,488087.632,4676031.977
student:03383,student_standardised,100005e13,K-35-066-2,burial_mound,directly_reviewed,own_mark,student_digitised,486075.599,4676786.114
student:03384,student_standardised,100005e13,K-35-066-2,burial_mound,out_of_scope,as_digitised,student_digitised,485033.368,4676046.361
student:03385,student_standardised,100005e13,K-35-066-2,burial_mound,out_of_scope,as_digitised,student_digitised,484762.167,4675242.465
student:03386,student_standardised,100005e13,K-35-066-2,burial_mound,out_of_scope,as_digitised,student_digitised,482098.114,4677046.502
student:03387,student_standardised,100005e13,K-35-066-2,burial_mound,proxy_confirmed,claimant_mark,student_digitised,488168.095,4677942.865
student:03388,student_standardised,100005e13,K-35-066-2,burial_mound,directly_reviewed,own_mark,student_digitised,490453.958,4677710.096
student:03389,student_standardised,100005e13,K-35-066-2,burial_mound,out_of_scope,as_digitised,student_digitised,481896.007,4675591.388
student:03390,student_standardised,100005e13,K-35-066-2,burial_mound,out_of_scope,as_digitised,student_digitised,479887.805,4675916.591
student:03391,student_standardised,100005e13,K-35-066-2,burial_mound,out_of_scope,as_digitised,student_digitised,479745.742,4675694.617
student:03392,student_standardised,100005e13,K-35-066-2,burial_mound,out_of_scope,as_digitised,student_digitised,484081.083,4674751.741
student:03393,student_standardised,100005e13,K-35-066-2,bench_mark_on_mound,directly_reviewed,own_mark,student_digitised,496550.563,4674723.580
student:03394,student_standardised,100005e13,K-35-066-2,burial_mound,out_of_scope,as_digitised,student_digitised,494464.092,4673960.486
student:03395,student_standardised,100005e13,K-35-066-2,burial_mound,out_of_scope,as_digitised,student_digitised,484650.190,4673039.247
student:03396,student_standardised,100005e13,K-35-066-2,burial_mound,out_of_scope,as_digitised,student_digitised,483862.862,4673734.374
student:03397,student_standardised,100005e13,K-35-066-2,burial_mound,out_of_scope,as_digitised,student_digitised,479404.948,4673448.965
student:03398,student_standardised,100005e13,K-35-066-2,burial_mound,out_of_scope,as_digitised,student_digitised,479483.405,4672858.187
student:03399,student_standardised,100005e13,K-35-066-2,burial_mound,out_of_scope,as_digitised,student_digitised,485712.204,4672164.360
student:03400,student_standardised,100005e13,K-35-066-2,burial_mound,out_of_scope,as_digitised,student_digitised,488831.357,4672277.178
student:03401,student_standardised,100005e13,K-35-066-2,burial_mound,out_of_scope,as_digitised,student_digitised,487817.209,4671638.620
student:03402,student_standardised,100005e13,K-35-066-2,burial_mound,out_of_scope,as_digitised,student_digitised,481467.623,4671478.446
student:03403,student_standardised,100005e13,K-35-066-2,burial_mound,out_of_scope,as_digitised,student_digitised,480996.363,4671560.631
student:03404,student_standardised,100005e13,K-35-066-2,burial_mound,out_of_scope,as_digitised,student_digitised,480524.742,4671164.513
student:03405,student_standardised,100005e13,K-35-066-2,burial_mound,out_of_scope,as_digitised,student_digitised,479759.344,4671085.086
student:03406,student_standardised,100005e13,K-35-066-2,burial_mound,out_of_scope,as_digitised,student_digitised,496377.739,4670638.838
student:03407,student_standardised,100005e13,K-35-066-2,burial_mound,out_of_scope,as_digitised,student_digitised,498630.222,4668897.193
student:03408,student_standardised,100005e13,K-35-066-2,burial_mound,out_of_scope,as_digitised,student_digitised,498340.756,4668958.276
student:03409,student_standardised,100005e13,K-35-066-2,burial_mound,directly_reviewed,own_mark,student_digitised,497161.617,4669759.525
student:03410,student_standardised,100005e13,K-35-066-2,burial_mound,out_of_scope,as_digitised,student_digitised,496471.541,4669162.020
student:03411,student_standardised,100005e13,K-35-066-2,burial_mound,directly_reviewed,own_mark,student_digitised,496573.914,4669757.662
student:03412,student_standardised,100005e13,K-35-066-2,burial_mound,out_of_scope,as_digitised,student_digitised,494278.784,4668422.000
student:03413,student_standardised,100005e13,K-35-066-2,burial_mound,out_of_scope,as_digitised,student_digitised,491765.054,4669563.944
student:03414,student_standardised,100005e13,K-35-066-2,burial_mound,out_of_scope,as_digitised,student_digitised,489980.853,4669440.810
student:03415,student_standardised,100005e13,K-35-066-2,burial_mound,directly_reviewed,own_mark,student_digitised,484295.014,4668302.748
student:03416,student_standardised,100005e13,K-35-066-2,burial_mound,directly_reviewed,own_mark,student_digitised,484225.633,4668306.908
student:03417,student_standardised,100005e13,K-35-066-2,burial_mound,out_of_scope,as_digitised,student_digitised,484024.193,4668578.454
student:03418,student_standardised,100005e13,K-35-066-2,trig_point_on_mound,directly_reviewed,own_mark,student_digitised,483608.273,4668851.315
student:03419,student_standardised,100005e13,K-35-066-2,burial_mound,out_of_scope,as_digitised,student_digitised,483178.656,4668917.839
student:03420,student_standardised,100005e13,K-35-066-2,burial_mound,out_of_scope,as_digitised,student_digitised,479394.949,4668273.298
student:03421,student_standardised,100005e13,K-35-066-2,burial_mound,out_of_scope,as_digitised,student_digitised,479766.026,4669464.482
student:03422,student_standardised,100005e13,K-35-066-3,burial_mound,out_of_scope,as_digitised,student_digitised,460351.058,4668195.072
student:03423,student_standardised,100005e13,K-35-066-3,burial_mound,out_of_scope,as_digitised,student_digitised,464767.482,4667539.410
student:03424,student_standardised,100005e13,K-35-066-3,burial_mound,out_of_scope,as_digitised,student_digitised,471197.611,4666089.148
student:03425,student_standardised,100005e13,K-35-066-3,burial_mound,out_of_scope,as_digitised,student_digitised,472056.057,4666118.763
student:03426,student_standardised,100005e13,K-35-066-3,burial_mound,out_of_scope,as_digitised,student_digitised,471801.113,4666002.394
student:03427,student_standardised,100005e13,K-35-066-3,burial_mound,out_of_scope,as_digitised,student_digitised,473032.370,4666094.052
student:03428,student_standardised,100005e13,K-35-066-3,burial_mound,out_of_scope,as_digitised,student_digitised,473131.640,4666042.166
student:03429,student_standardised,100005e13,K-35-066-3,burial_mound,out_of_scope,as_digitised,student_digitised,473756.829,4667825.043
student:03430,student_standardised,100005e13,K-35-066-3,burial_mound,out_of_scope,as_digitised,student_digitised,473690.361,4667162.122
student:03431,student_standardised,100005e13,K-35-066-3,burial_mound,directly_reviewed,own_mark,student_digitised,474786.798,4666119.308
student:03432,student_standardised,100005e13,K-35-066-3,burial_mound,directly_reviewed,own_mark,student_digitised,477325.194,4667287.229
student:03433,student_standardised,100005e13,K-35-066-3,burial_mound,directly_reviewed,own_mark,student_digitised,477370.560,4667237.418
student:03434,student_standardised,100005e13,K-35-066-3,burial_mound,out_of_scope,as_digitised,student_digitised,475081.892,4664197.507
student:03435,student_standardised,100005e13,K-35-066-3,burial_mound,out_of_scope,as_digitised,student_digitised,474773.692,4665935.935
student:03436,student_standardised,100005e13,K-35-066-3,burial_mound,proxy_confirmed,claimant_mark,student_digitised,474125.900,4665875.709
student:03437,student_standardised,100005e13,K-35-066-3,burial_mound,out_of_scope,as_digitised,student_digitised,473244.644,4664361.930
student:03438,student_standardised,100005e13,K-35-066-3,burial_mound,out_of_scope,as_digitised,student_digitised,472273.402,4665801.827
student:03439,student_standardised,100005e13,K-35-066-3,burial_mound,out_of_scope,as_digitised,student_digitised,469299.583,4665396.136
student:03440,student_standardised,100005e13,K-35-066-3,burial_mound,out_of_scope,as_digitised,student_digitised,467838.189,4665520.475
student:03441,student_standardised,100005e13,K-35-066-3,burial_mound,out_of_scope,as_digitised,student_digitised,465762.042,4664578.864
student:03442,student_standardised,100005e13,K-35-066-3,burial_mound,out_of_scope,as_digitised,student_digitised,465187.639,4664651.366
student:03443,student_standardised,100005e13,K-35-066-3,burial_mound,out_of_scope,as_digitised,student_digitised,465302.393,4664444.118
student:03444,student_standardised,100005e13,K-35-066-3,burial_mound,out_of_scope,as_digitised,student_digitised,464871.885,4664635.743
student:03445,student_standardised,100005e13,K-35-066-3,burial_mound,out_of_scope,as_digitised,student_digitised,464638.203,4664623.848
student:03446,student_standardised,100005e13,K-35-066-3,burial_mound,directly_reviewed,own_mark,student_digitised,464498.590,4664995.447
student:03447,student_standardised,100005e13,K-35-066-3,burial_mound,out_of_scope,as_digitised,student_digitised,464198.626,4664817.096
student:03448,student_standardised,100005e13,K-35-066-3,burial_mound,directly_reviewed,own_mark,student_digitised,463760.883,4664372.887
student:03449,student_standardised,100005e13,K-35-066-3,burial_mound,out_of_scope,as_digitised,student_digitised,463733.274,4664608.899
student:03450,student_standardised,100005e13,K-35-066-3,burial_mound,out_of_scope,as_digitised,student_digitised,463537.067,4664760.386
student:03451,student_standardised,100005e13,K-35-066-3,burial_mound,out_of_scope,as_digitised,student_digitised,462300.082,4665606.625
student:03452,student_standardised,100005e13,K-35-066-3,burial_mound,out_of_scope,as_digitised,student_digitised,461386.795,4663752.230
student:03453,student_standardised,100005e13,K-35-066-3,burial_mound,out_of_scope,as_digitised,student_digitised,462054.941,4663347.718
student:03454,student_standardised,100005e13,K-35-066-3,burial_mound,out_of_scope,as_digitised,student_digitised,462005.774,4663238.610
student:03455,student_standardised,100005e13,K-35-066-3,burial_mound,out_of_scope,as_digitised,student_digitised,462472.646,4662328.781
student:03456,student_standardised,100005e13,K-35-066-3,burial_mound,out_of_scope,as_digitised,student_digitised,466690.931,4662882.706
student:03457,student_standardised,100005e13,K-35-066-3,burial_mound,out_of_scope,as_digitised,student_digitised,469233.525,4662659.998
student:03458,student_standardised,100005e13,K-35-066-3,burial_mound,out_of_scope,as_digitised,student_digitised,470377.318,4663381.572
student:03459,student_standardised,100005e13,K-35-066-3,burial_mound,directly_reviewed,own_mark,student_digitised,471078.630,4663670.923
student:03460,student_standardised,100005e13,K-35-066-3,burial_mound,out_of_scope,as_digitised,student_digitised,472648.870,4663584.948
student:03461,student_standardised,100005e13,K-35-066-3,burial_mound,out_of_scope,as_digitised,student_digitised,475738.506,4663774.053
student:03462,student_standardised,100005e13,K-35-066-3,burial_mound,out_of_scope,as_digitised,student_digitised,475519.447,4662938.743
student:03463,student_standardised,100005e13,K-35-066-3,burial_mound,out_of_scope,as_digitised,student_digitised,475570.011,4662861.480
student:03464,student_standardised,100005e13,K-35-066-3,burial_mound,directly_reviewed,own_mark,student_digitised,475095.865,4662723.921
student:03465,student_standardised,100005e13,K-35-066-3,burial_mound,out_of_scope,as_digitised,student_digitised,474995.217,4662818.813
student:03466,student_standardised,100005e13,K-35-066-3,burial_mound,out_of_scope,as_digitised,student_digitised,476657.733,4663564.220
student:03467,student_standardised,100005e13,K-35-066-3,burial_mound,out_of_scope,as_digitised,student_digitised,476227.196,4663877.478
student:03468,student_standardised,100005e13,K-35-066-3,burial_mound,directly_reviewed,own_mark,student_digitised,477282.842,4663626.279
student:03469,student_standardised,100005e13,K-35-066-3,burial_mound,out_of_scope,as_digitised,student_digitised,475532.029,4661435.640
student:03470,student_standardised,100005e13,K-35-066-3,burial_mound,out_of_scope,as_digitised,student_digitised,468299.858,4660379.596
student:03471,student_standardised,100005e13,K-35-066-3,burial_mound,out_of_scope,as_digitised,student_digitised,465898.527,4661895.762
student:03472,student_standardised,100005e13,K-35-066-3,burial_mound,directly_reviewed,own_mark,student_digitised,465806.615,4661708.741
student:03473,student_standardised,100005e13,K-35-066-3,burial_mound,directly_reviewed,own_mark,student_digitised,465779.776,4661776.066
student:03474,student_standardised,100005e13,K-35-066-3,burial_mound,directly_reviewed,own_mark,student_digitised,465817.961,4661831.912
student:03475,student_standardised,100005e13,K-35-066-3,burial_mound,out_of_scope,as_digitised,student_digitised,465729.910,4661860.805
student:03476,student_standardised,100005e13,K-35-066-3,burial_mound,out_of_scope,as_digitised,student_digitised,463920.977,4660521.251
student:03477,student_standardised,100005e13,K-35-066-3,burial_mound,out_of_scope,as_digitised,student_digitised,463843.447,4660549.449
student:03478,student_standardised,100005e13,K-35-066-3,burial_mound,out_of_scope,as_digitised,student_digitised,462210.375,4658088.887
student:03479,student_standardised,100005e13,K-35-066-3,burial_mound,out_of_scope,as_digitised,student_digitised,463860.295,4659705.978
student:03480,student_standardised,100005e13,K-35-066-3,burial_mound,out_of_scope,as_digitised,student_digitised,465756.997,4659929.266
student:03481,student_standardised,100005e13,K-35-066-3,burial_mound,out_of_scope,as_digitised,student_digitised,466227.513,4658916.022
student:03482,student_standardised,100005e13,K-35-066-3,burial_mound,out_of_scope,as_digitised,student_digitised,470645.138,4659465.728
student:03483,student_standardised,100005e13,K-35-066-3,burial_mound,out_of_scope,as_digitised,student_digitised,473844.635,4658496.746
student:03484,student_standardised,100005e13,K-35-066-3,burial_mound,out_of_scope,as_digitised,student_digitised,477477.425,4658741.164
student:03485,student_standardised,100005e13,K-35-066-3,burial_mound,out_of_scope,as_digitised,student_digitised,478449.358,4656212.425
student:03486,student_standardised,100005e13,K-35-066-3,burial_mound,out_of_scope,as_digitised,student_digitised,477541.453,4656197.669
student:03487,student_standardised,100005e13,K-35-066-3,burial_mound,out_of_scope,as_digitised,student_digitised,476209.404,4657502.928
student:03488,student_standardised,100005e13,K-35-066-3,burial_mound,directly_reviewed,own_mark,student_digitised,476465.766,4656051.727
student:03489,student_standardised,100005e13,K-35-066-3,burial_mound,out_of_scope,as_digitised,student_digitised,475750.307,4657133.968
student:03490,student_standardised,100005e13,K-35-066-3,burial_mound,out_of_scope,as_digitised,student_digitised,468436.557,4657113.934
student:03491,student_standardised,100005e13,K-35-066-3,burial_mound,proxy_confirmed,claimant_mark,student_digitised,466861.553,4656298.211
student:03492,student_standardised,100005e13,K-35-066-3,burial_mound,out_of_scope,as_digitised,student_digitised,464857.636,4656363.467
student:03493,student_standardised,100005e13,K-35-066-3,burial_mound,out_of_scope,as_digitised,student_digitised,463950.276,4657844.282
student:03494,student_standardised,100005e13,K-35-066-3,burial_mound,out_of_scope,as_digitised,student_digitised,462972.534,4656398.437
student:03495,student_standardised,100005e13,K-35-066-3,burial_mound,out_of_scope,as_digitised,student_digitised,462503.525,4657903.773
student:03496,student_standardised,100005e13,K-35-066-3,burial_mound,out_of_scope,as_digitised,student_digitised,459855.513,4656468.795
student:03497,student_standardised,100005e13,K-35-066-3,burial_mound,out_of_scope,as_digitised,student_digitised,458662.081,4654477.173
student:03498,student_standardised,100005e13,K-35-066-3,burial_mound,out_of_scope,as_digitised,student_digitised,460525.657,4654118.766
student:03499,student_standardised,100005e13,K-35-066-3,burial_mound,out_of_scope,as_digitised,student_digitised,462225.063,4655667.012
student:03500,student_standardised,100005e13,K-35-066-3,burial_mound,out_of_scope,as_digitised,student_digitised,462959.464,4654534.544
student:03501,student_standardised,100005e13,K-35-066-3,burial_mound,out_of_scope,as_digitised,student_digitised,465174.024,4655489.243
student:03502,student_standardised,100005e13,K-35-066-3,trig_point_on_mound,directly_reviewed,own_mark,student_digitised,466802.430,4655822.339
student:03503,student_standardised,100005e13,K-35-066-3,burial_mound,out_of_scope,as_digitised,student_digitised,467251.788,4655196.761
student:03504,student_standardised,100005e13,K-35-066-3,burial_mound,out_of_scope,as_digitised,student_digitised,469211.270,4654394.925
student:03505,student_standardised,100005e13,K-35-066-3,burial_mound,out_of_scope,as_digitised,student_digitised,471314.518,4654806.157
student:03506,student_standardised,100005e13,K-35-066-3,burial_mound,out_of_scope,as_digitised,student_digitised,471129.471,4655372.516
student:03507,student_standardised,100005e13,K-35-066-3,burial_mound,out_of_scope,as_digitised,student_digitised,471136.286,4655487.186
student:03508,student_standardised,100005e13,K-35-066-3,burial_mound,out_of_scope,as_digitised,student_digitised,474307.676,4654038.110
student:03509,student_standardised,100005e13,K-35-066-3,burial_mound,out_of_scope,as_digitised,student_digitised,477081.878,4655471.113
student:03510,student_standardised,100005e13,K-35-066-3,burial_mound,out_of_scope,as_digitised,student_digitised,477202.275,4655615.905
student:03511,student_standardised,100005e13,K-35-066-3,burial_mound,out_of_scope,as_digitised,student_digitised,478860.085,4653124.132
student:03512,student_standardised,100005e13,K-35-066-3,burial_mound,out_of_scope,as_digitised,student_digitised,478444.455,4652947.321
student:03513,student_standardised,100005e13,K-35-066-3,burial_mound,out_of_scope,as_digitised,student_digitised,465570.203,4653473.265
student:03514,student_standardised,100005e13,K-35-066-3,burial_mound,out_of_scope,as_digitised,student_digitised,464528.848,4653276.743
student:03515,student_standardised,100005e13,K-35-066-3,burial_mound,out_of_scope,as_digitised,student_digitised,461384.882,4653419.190
student:03516,student_standardised,100005e13,K-35-066-3,burial_mound,out_of_scope,as_digitised,student_digitised,459108.914,4653364.154
student:03517,student_standardised,100005e13,K-35-066-3,burial_mound,out_of_scope,as_digitised,student_digitised,461789.319,4650553.761
student:03518,student_standardised,100005e13,K-35-066-3,burial_mound,out_of_scope,as_digitised,student_digitised,466584.975,4651694.228
student:03519,student_standardised,100005e13,K-35-066-3,burial_mound,out_of_scope,as_digitised,student_digitised,467042.877,4650673.809
student:03520,student_standardised,100005e13,K-35-066-3,burial_mound,out_of_scope,as_digitised,student_digitised,468644.830,4649840.590
student:03521,student_standardised,100005e13,K-35-066-3,burial_mound,out_of_scope,as_digitised,student_digitised,473868.016,4650701.103
student:03522,student_standardised,100005e13,K-35-066-3,burial_mound,out_of_scope,as_digitised,student_digitised,473560.897,4649939.992
student:03523,student_standardised,100005e13,K-35-066-3,burial_mound,out_of_scope,as_digitised,student_digitised,473995.819,4650350.940
student:03524,student_standardised,100005e13,K-35-066-3,burial_mound,out_of_scope,as_digitised,student_digitised,476868.976,4649851.765
student:03525,student_standardised,100003e13,K-35-066-4,burial_mound,out_of_scope,as_digitised,student_digitised,488200.306,4668187.137
student:03526,student_standardised,100003e13,K-35-066-4,burial_mound,out_of_scope,as_digitised,student_digitised,494114.347,4668099.368
student:03527,student_standardised,100003e13,K-35-066-4,burial_mound,out_of_scope,as_digitised,student_digitised,494405.759,4667887.808
student:03528,student_standardised,100003e13,K-35-066-4,burial_mound,out_of_scope,as_digitised,student_digitised,494083.854,4667818.157
student:03529,student_standardised,100003e13,K-35-066-4,burial_mound,directly_reviewed,own_mark,student_digitised,488582.234,4667442.988
student:03530,student_standardised,100003e13,K-35-066-4,burial_mound,out_of_scope,as_digitised,student_digitised,485388.625,4667801.669
student:03531,student_standardised,100003e13,K-35-066-4,burial_mound,out_of_scope,as_digitised,student_digitised,482163.710,4666321.204
student:03532,student_standardised,100003e13,K-35-066-4,burial_mound,out_of_scope,as_digitised,student_digitised,487310.406,4666753.457
student:03533,student_standardised,100003e13,K-35-066-4,burial_mound,out_of_scope,as_digitised,student_digitised,487371.274,4666961.653
student:03534,student_standardised,100003e13,K-35-066-4,burial_mound,out_of_scope,as_digitised,student_digitised,487792.431,4666344.083
student:03535,student_standardised,100003e13,K-35-066-4,burial_mound,directly_reviewed,own_mark,student_digitised,489330.121,4666416.187
student:03536,student_standardised,100003e13,K-35-066-4,burial_mound,out_of_scope,as_digitised,student_digitised,499307.459,4666438.874
student:03537,student_standardised,100003e13,K-35-066-4,burial_mound,out_of_scope,as_digitised,student_digitised,497121.948,4665191.159
student:03538,student_standardised,100003e13,K-35-066-4,burial_mound,out_of_scope,as_digitised,student_digitised,493990.514,4665554.148
student:03539,student_standardised,100003e13,K-35-066-4,burial_mound,out_of_scope,as_digitised,student_digitised,492582.735,4665195.997
student:03540,student_standardised,100003e13,K-35-066-4,burial_mound,out_of_scope,as_digitised,student_digitised,481682.007,4665617.425
student:03541,student_standardised,100003e13,K-35-066-4,burial_mound,out_of_scope,as_digitised,student_digitised,481775.935,4665695.499
student:03542,student_standardised,100003e13,K-35-066-4,burial_mound,directly_reviewed,own_mark,student_digitised,480921.207,4665223.157
student:03543,student_standardised,100003e13,K-35-066-4,burial_mound,out_of_scope,as_digitised,student_digitised,483965.025,4664720.581
student:03544,student_standardised,100003e13,K-35-066-4,burial_mound,out_of_scope,as_digitised,student_digitised,492815.445,4664113.932
student:03545,student_standardised,100003e13,K-35-066-4,burial_mound,out_of_scope,as_digitised,student_digitised,492236.855,4664555.390
student:03546,student_standardised,100003e13,K-35-066-4,burial_mound,out_of_scope,as_digitised,student_digitised,497016.194,4664265.258
student:03547,student_standardised,100003e13,K-35-066-4,burial_mound,out_of_scope,as_digitised,student_digitised,497334.352,4664167.633
student:03548,student_standardised,100003e13,K-35-066-4,burial_mound,out_of_scope,as_digitised,student_digitised,497363.750,4663988.320
student:03549,student_standardised,100003e13,K-35-066-4,burial_mound,out_of_scope,as_digitised,student_digitised,497472.188,4663652.020
student:03550,student_standardised,100003e13,K-35-066-4,burial_mound,out_of_scope,as_digitised,student_digitised,497640.089,4663802.225
student:03551,student_standardised,100003e13,K-35-066-4,burial_mound,out_of_scope,as_digitised,student_digitised,479521.012,4662384.520
student:03552,student_standardised,100003e13,K-35-066-4,burial_mound,out_of_scope,as_digitised,student_digitised,482827.622,4662664.950
student:03553,student_standardised,100003e13,K-35-066-4,burial_mound,out_of_scope,as_digitised,student_digitised,485684.259,4661207.051
student:03554,student_standardised,100003e13,K-35-066-4,burial_mound,out_of_scope,as_digitised,student_digitised,483960.922,4661306.476
student:03555,student_standardised,100003e13,K-35-066-4,burial_mound,out_of_scope,as_digitised,student_digitised,481425.387,4660163.431
student:03556,student_standardised,100003e13,K-35-066-4,burial_mound,out_of_scope,as_digitised,student_digitised,481584.704,4660482.392
student:03557,student_standardised,100003e13,K-35-066-4,burial_mound,out_of_scope,as_digitised,student_digitised,483791.922,4660613.146
student:03558,student_standardised,100003e13,K-35-066-4,burial_mound,out_of_scope,as_digitised,student_digitised,483564.207,4660649.971
student:03559,student_standardised,100003e13,K-35-066-4,burial_mound,out_of_scope,as_digitised,student_digitised,484642.271,4660670.123
student:03560,student_standardised,100003e13,K-35-066-4,burial_mound,out_of_scope,as_digitised,student_digitised,493056.888,4660495.055
student:03561,student_standardised,100003e13,K-35-066-4,burial_mound,out_of_scope,as_digitised,student_digitised,499823.205,4660130.820
student:03562,student_standardised,100003e13,K-35-066-4,burial_mound,out_of_scope,as_digitised,student_digitised,499193.820,4659639.408
student:03563,student_standardised,100003e13,K-35-066-4,burial_mound,out_of_scope,as_digitised,student_digitised,485995.237,4659577.233
student:03564,student_standardised,100003e13,K-35-066-4,burial_mound,out_of_scope,as_digitised,student_digitised,483203.551,4659157.312
student:03565,student_standardised,100003e13,K-35-066-4,burial_mound,out_of_scope,as_digitised,student_digitised,482611.819,4658704.904
student:03566,student_standardised,100003e13,K-35-066-4,burial_mound,directly_reviewed,own_mark,student_digitised,487853.579,4658086.072
student:03567,student_standardised,100003e13,K-35-066-4,burial_mound,out_of_scope,as_digitised,student_digitised,495639.189,4657277.304
student:03568,student_standardised,100003e13,K-35-066-4,burial_mound,out_of_scope,as_digitised,student_digitised,485958.873,4657029.159
student:03569,student_standardised,100003e13,K-35-066-4,burial_mound,out_of_scope,as_digitised,student_digitised,484780.889,4657677.185
student:03570,student_standardised,100003e13,K-35-066-4,burial_mound,out_of_scope,as_digitised,student_digitised,482874.133,4657349.573
student:03571,student_standardised,100003e13,K-35-066-4,burial_mound,out_of_scope,as_digitised,student_digitised,481537.575,4657280.184
student:03572,student_standardised,100003e13,K-35-066-4,burial_mound,out_of_scope,as_digitised,student_digitised,480986.080,4656170.267
student:03573,student_standardised,100003e13,K-35-066-4,burial_mound,out_of_scope,as_digitised,student_digitised,488108.381,4656191.834
student:03574,student_standardised,100003e13,K-35-066-4,burial_mound,out_of_scope,as_digitised,student_digitised,499604.702,4655800.159
student:03575,student_standardised,100003e13,K-35-066-4,burial_mound,proxy_confirmed,claimant_mark,student_digitised,495984.444,4655257.324
student:03576,student_standardised,100003e13,K-35-066-4,burial_mound,out_of_scope,as_digitised,student_digitised,489094.770,4655490.409
student:03577,student_standardised,100003e13,K-35-066-4,burial_mound,out_of_scope,as_digitised,student_digitised,482820.773,4655457.986
student:03578,student_standardised,100003e13,K-35-066-4,burial_mound,out_of_scope,as_digitised,student_digitised,479991.835,4655376.837
student:03579,student_standardised,100003e13,K-35-066-4,burial_mound,out_of_scope,as_digitised,student_digitised,490342.500,4654002.685
student:03580,student_standardised,100003e13,K-35-066-4,burial_mound,out_of_scope,as_digitised,student_digitised,495150.476,4654358.055
student:03581,student_standardised,100003e13,K-35-066-4,burial_mound,out_of_scope,as_digitised,student_digitised,495451.165,4654712.910
student:03582,student_standardised,100003e13,K-35-066-4,burial_mound,out_of_scope,as_digitised,student_digitised,495781.351,4654950.516
student:03583,student_standardised,100003e13,K-35-066-4,burial_mound,directly_reviewed,own_mark,student_digitised,481624.742,4653017.818
student:03584,student_standardised,100003e13,K-35-066-4,burial_mound,out_of_scope,as_digitised,student_digitised,482497.726,4652884.726
student:03585,student_standardised,100003e13,K-35-066-4,burial_mound,out_of_scope,as_digitised,student_digitised,482947.185,4652021.109
student:03586,student_standardised,100003e13,K-35-066-4,burial_mound,out_of_scope,as_digitised,student_digitised,486728.138,4652273.682
student:03587,student_standardised,100003e13,K-35-066-4,burial_mound,out_of_scope,as_digitised,student_digitised,488495.140,4651384.487
student:03588,student_standardised,100003e13,K-35-066-4,burial_mound,out_of_scope,as_digitised,student_digitised,488420.992,4651289.256
student:03589,student_standardised,100003e13,K-35-066-4,burial_mound,out_of_scope,as_digitised,student_digitised,483318.419,4651851.755
student:03590,student_standardised,100003e13,K-35-066-4,burial_mound,directly_reviewed,own_mark,student_digitised,480867.090,4651289.066
student:03591,student_standardised,100003e13,K-35-066-4,burial_mound,directly_reviewed,own_mark,student_digitised,480282.274,4651329.121
student:03592,student_standardised,100003e13,K-35-066-4,burial_mound,out_of_scope,as_digitised,student_digitised,479526.831,4651971.981
student:03593,student_standardised,100003e13,K-35-066-4,burial_mound,out_of_scope,as_digitised,student_digitised,484210.177,4650037.954
student:03594,student_standardised,100003e13,K-35-066-4,burial_mound,out_of_scope,as_digitised,student_digitised,484150.274,4649889.315
student:03595,student_standardised,100003e13,K-35-066-4,burial_mound,out_of_scope,as_digitised,student_digitised,481792.544,4649937.915
student:03596,student_standardised,100002e13,K-35-067-1,burial_mound,out_of_scope,as_digitised,student_digitised,500027.110,4686097.666
student:03597,student_standardised,100002e13,K-35-067-1,burial_mound,out_of_scope,as_digitised,student_digitised,500227.744,4686187.529
student:03598,student_standardised,100002e13,K-35-067-1,burial_mound,out_of_scope,as_digitised,student_digitised,511546.583,4685448.272
student:03599,student_standardised,100002e13,K-35-067-1,burial_mound,out_of_scope,as_digitised,student_digitised,506682.319,4684110.140
student:03600,student_standardised,100002e13,K-35-067-1,burial_mound,out_of_scope,as_digitised,student_digitised,506234.431,4685855.815
student:03601,student_standardised,100002e13,K-35-067-1,burial_mound,out_of_scope,as_digitised,student_digitised,506497.951,4685356.624
student:03602,student_standardised,100002e13,K-35-067-1,burial_mound,out_of_scope,as_digitised,student_digitised,506672.423,4684687.614
student:03603,student_standardised,100002e13,K-35-067-1,burial_mound,out_of_scope,as_digitised,student_digitised,507083.126,4683577.819
student:03604,student_standardised,100002e13,K-35-067-1,burial_mound,out_of_scope,as_digitised,student_digitised,508105.745,4683405.758
student:03605,student_standardised,100002e13,K-35-067-1,burial_mound,out_of_scope,as_digitised,student_digitised,509046.510,4683781.872
student:03606,student_standardised,100002e13,K-35-067-1,burial_mound,out_of_scope,as_digitised,student_digitised,511130.788,4683771.013
student:03607,student_standardised,100002e13,K-35-067-1,burial_mound,out_of_scope,as_digitised,student_digitised,513800.542,4682572.209
student:03608,student_standardised,100002e13,K-35-067-1,burial_mound,out_of_scope,as_digitised,student_digitised,510765.724,4682875.433
student:03609,student_standardised,100002e13,K-35-067-1,burial_mound,out_of_scope,as_digitised,student_digitised,508321.851,4682859.908
student:03610,student_standardised,100002e13,K-35-067-1,burial_mound,out_of_scope,as_digitised,student_digitised,501615.484,4682751.337
student:03611,student_standardised,100002e13,K-35-067-1,burial_mound,out_of_scope,as_digitised,student_digitised,505133.821,4681847.706
student:03612,student_standardised,100002e13,K-35-067-1,burial_mound,out_of_scope,as_digitised,student_digitised,507002.114,4680967.441
student:03613,student_standardised,100002e13,K-35-067-1,burial_mound,out_of_scope,as_digitised,student_digitised,516538.470,4677237.522
student:03614,student_standardised,100002e13,K-35-067-1,burial_mound,out_of_scope,as_digitised,student_digitised,504630.661,4676619.969
student:03615,student_standardised,100002e13,K-35-067-1,burial_mound,out_of_scope,as_digitised,student_digitised,515647.266,4676609.314
student:03616,student_standardised,100002e13,K-35-067-1,burial_mound,out_of_scope,as_digitised,student_digitised,518918.842,4675267.270
student:03617,student_standardised,100002e13,K-35-067-1,burial_mound,out_of_scope,as_digitised,student_digitised,519235.255,4675043.255
student:03618,student_standardised,100002e13,K-35-067-1,burial_mound,out_of_scope,as_digitised,student_digitised,512305.330,4675574.909
student:03619,student_standardised,100002e13,K-35-067-1,burial_mound,out_of_scope,as_digitised,student_digitised,510403.291,4675233.406
student:03620,student_standardised,100002e13,K-35-067-1,burial_mound,out_of_scope,as_digitised,student_digitised,509981.842,4675752.073
student:03621,student_standardised,100002e13,K-35-067-1,burial_mound,out_of_scope,as_digitised,student_digitised,503628.013,4675332.328
student:03622,student_standardised,100002e13,K-35-067-1,burial_mound,out_of_scope,as_digitised,student_digitised,503726.872,4675397.451
student:03623,student_standardised,100002e13,K-35-067-1,burial_mound,out_of_scope,as_digitised,student_digitised,505177.842,4674152.797
student:03624,student_standardised,100002e13,K-35-067-1,burial_mound,out_of_scope,as_digitised,student_digitised,519292.605,4674938.823
student:03625,student_standardised,100002e13,K-35-067-1,burial_mound,out_of_scope,as_digitised,student_digitised,519469.293,4675004.879
student:03626,student_standardised,100002e13,K-35-067-1,burial_mound,out_of_scope,as_digitised,student_digitised,519189.760,4674853.288
student:03627,student_standardised,100002e13,K-35-067-1,burial_mound,out_of_scope,as_digitised,student_digitised,519354.729,4674825.895
student:03628,student_standardised,100002e13,K-35-067-1,burial_mound,out_of_scope,as_digitised,student_digitised,514735.361,4673195.238
student:03629,student_standardised,100002e13,K-35-067-1,burial_mound,out_of_scope,as_digitised,student_digitised,510131.741,4673794.533
student:03630,student_standardised,100002e13,K-35-067-1,burial_mound,out_of_scope,as_digitised,student_digitised,510277.565,4673572.926
student:03631,student_standardised,100002e13,K-35-067-1,burial_mound,out_of_scope,as_digitised,student_digitised,510291.350,4673475.725
student:03632,student_standardised,100002e13,K-35-067-1,burial_mound,proxy_confirmed,claimant_mark,student_digitised,508295.664,4673202.328
student:03633,student_standardised,100002e13,K-35-067-1,burial_mound,out_of_scope,as_digitised,student_digitised,507672.522,4673928.462
student:03634,student_standardised,100002e13,K-35-067-1,burial_mound,out_of_scope,as_digitised,student_digitised,504233.845,4672462.265
student:03635,student_standardised,100002e13,K-35-067-1,burial_mound,out_of_scope,as_digitised,student_digitised,505085.917,4672930.649
student:03636,student_standardised,100002e13,K-35-067-1,burial_mound,out_of_scope,as_digitised,student_digitised,519209.146,4672946.989
student:03637,student_standardised,100002e13,K-35-067-1,burial_mound,out_of_scope,as_digitised,student_digitised,501949.906,4671665.006
student:03638,student_standardised,100002e13,K-35-067-1,burial_mound,out_of_scope,as_digitised,student_digitised,509397.833,4670133.812
student:03639,student_standardised,100002e13,K-35-067-1,burial_mound,out_of_scope,as_digitised,student_digitised,519372.960,4669509.336
student:03640,student_standardised,100002e13,K-35-067-1,burial_mound,out_of_scope,as_digitised,student_digitised,518873.063,4669796.987
student:03641,student_standardised,100002e13,K-35-067-1,burial_mound,out_of_scope,as_digitised,student_digitised,514902.208,4669484.257
student:03642,student_standardised,100002e13,K-35-067-1,burial_mound,directly_reviewed,own_mark,student_digitised,509677.458,4669213.187
student:03643,student_standardised,100002e13,K-35-067-1,burial_mound,out_of_scope,as_digitised,student_digitised,509409.194,4669662.297
student:03644,student_standardised,100002e13,K-35-067-1,burial_mound,out_of_scope,as_digitised,student_digitised,501015.235,4669507.220
student:03645,student_standardised,100002e13,K-35-067-1,burial_mound,out_of_scope,as_digitised,student_digitised,500680.045,4669275.424
student:03646,student_standardised,100002e13,K-35-067-1,burial_mound,out_of_scope,as_digitised,student_digitised,501891.120,4668498.954
student:03647,student_standardised,100002e13,K-35-067-1,burial_mound,directly_reviewed,own_mark,student_digitised,505079.270,4668445.747
student:03648,student_standardised,100002e13,K-35-067-1,burial_mound,directly_reviewed,own_mark,student_digitised,520339.631,4668474.988
student:03649,student_standardised,merged-K-35-067-2_c03795,K-35-067-2,burial_mound,directly_reviewed,own_mark,student_digitised,530839.544,4672675.560
student:03650,student_standardised,100006e13,K-35-067-2,burial_mound,out_of_scope,as_digitised,student_digitised,540576.540,4685141.356
student:03651,student_standardised,100006e13,K-35-067-2,burial_mound,out_of_scope,as_digitised,student_digitised,530550.382,4685069.185
student:03652,student_standardised,100006e13,K-35-067-2,burial_mound,out_of_scope,as_digitised,student_digitised,527955.581,4685448.157
student:03653,student_standardised,100006e13,K-35-067-2,burial_mound,out_of_scope,as_digitised,student_digitised,525973.501,4684621.140
student:03654,student_standardised,100006e13,K-35-067-2,burial_mound,out_of_scope,as_digitised,student_digitised,530627.845,4684833.346
student:03655,student_standardised,100006e13,K-35-067-2,burial_mound,out_of_scope,as_digitised,student_digitised,530315.615,4682688.716
student:03656,student_standardised,100006e13,K-35-067-2,burial_mound,out_of_scope,as_digitised,student_digitised,530390.422,4682844.370
student:03657,student_standardised,100006e13,K-35-067-2,burial_mound,out_of_scope,as_digitised,student_digitised,528775.473,4682941.571
student:03658,student_standardised,100006e13,K-35-067-2,burial_mound,out_of_scope,as_digitised,student_digitised,528659.599,4682928.094
student:03659,student_standardised,100006e13,K-35-067-2,burial_mound,directly_reviewed,own_mark,student_digitised,528951.003,4683498.918
student:03660,student_standardised,100006e13,K-35-067-2,burial_mound,directly_reviewed,own_mark,student_digitised,528904.994,4683689.847
student:03661,student_standardised,100006e13,K-35-067-2,burial_mound,out_of_scope,as_digitised,student_digitised,528745.833,4683490.132
student:03662,student_standardised,100006e13,K-35-067-2,burial_mound,out_of_scope,as_digitised,student_digitised,528563.573,4683755.406
student:03663,student_standardised,100006e13,K-35-067-2,burial_mound,out_of_scope,as_digitised,student_digitised,528607.570,4683820.722
student:03664,student_standardised,100006e13,K-35-067-2,burial_mound,out_of_scope,as_digitised,student_digitised,528320.880,4683952.846
student:03665,student_standardised,100006e13,K-35-067-2,burial_mound,out_of_scope,as_digitised,student_digitised,527718.265,4683450.612
student:03666,student_standardised,100006e13,K-35-067-2,burial_mound,directly_reviewed,own_mark,student_digitised,526446.248,4683143.432
student:03667,student_standardised,100006e13,K-35-067-2,burial_mound,out_of_scope,as_digitised,student_digitised,522017.447,4682924.795
student:03668,student_standardised,100006e13,K-35-067-2,burial_mound,out_of_scope,as_digitised,student_digitised,521882.389,4682847.289
student:03669,student_standardised,100006e13,K-35-067-2,burial_mound,out_of_scope,as_digitised,student_digitised,523591.132,4680578.079
student:03670,student_standardised,100006e13,K-35-067-2,burial_mound,out_of_scope,as_digitised,student_digitised,526858.560,4681441.277
student:03671,student_standardised,100006e13,K-35-067-2,burial_mound,out_of_scope,as_digitised,student_digitised,528080.581,4680719.727
student:03672,student_standardised,100006e13,K-35-067-2,burial_mound,directly_reviewed,own_mark,student_digitised,536998.255,4678008.042
student:03673,student_standardised,100006e13,K-35-067-2,burial_mound,out_of_scope,as_digitised,student_digitised,530847.514,4679597.752
student:03674,student_standardised,100006e13,K-35-067-2,burial_mound,out_of_scope,as_digitised,student_digitised,529348.387,4678983.208
student:03675,student_standardised,100006e13,K-35-067-2,burial_mound,out_of_scope,as_digitised,student_digitised,529354.012,4678072.406
student:03676,student_standardised,100006e13,K-35-067-2,burial_mound,out_of_scope,as_digitised,student_digitised,528114.342,4679937.842
student:03677,student_standardised,100006e13,K-35-067-2,burial_mound,out_of_scope,as_digitised,student_digitised,525087.058,4678619.214
student:03678,student_standardised,100006e13,K-35-067-2,burial_mound,out_of_scope,as_digitised,student_digitised,525002.657,4678577.932
student:03679,student_standardised,100006e13,K-35-067-2,burial_mound,out_of_scope,as_digitised,student_digitised,525000.158,4678124.099
student:03680,student_standardised,100006e13,K-35-067-2,burial_mound,out_of_scope,as_digitised,student_digitised,524997.051,4678009.350
student:03681,student_standardised,100006e13,K-35-067-2,burial_mound,out_of_scope,as_digitised,student_digitised,524416.498,4678410.403
student:03682,student_standardised,100006e13,K-35-067-2,burial_mound,out_of_scope,as_digitised,student_digitised,525325.651,4677309.964
student:03683,student_standardised,100006e13,K-35-067-2,burial_mound,out_of_scope,as_digitised,student_digitised,527714.021,4676734.624
student:03684,student_standardised,100006e13,K-35-067-2,burial_mound,out_of_scope,as_digitised,student_digitised,528263.032,4676644.242
student:03685,student_standardised,100006e13,K-35-067-2,burial_mound,out_of_scope,as_digitised,student_digitised,528265.594,4676012.736
student:03686,student_standardised,100006e13,K-35-067-2,burial_mound,out_of_scope,as_digitised,student_digitised,529633.026,4677930.467
student:03687,student_standardised,100006e13,K-35-067-2,burial_mound,proxy_confirmed,claimant_mark,student_digitised,531066.458,4676598.409
student:03688,student_standardised,100006e13,K-35-067-2,burial_mound,directly_reviewed,own_mark,student_digitised,533437.199,4677159.308
student:03689,student_standardised,100006e13,K-35-067-2,burial_mound,out_of_scope,as_digitised,student_digitised,535144.222,4676118.087
student:03690,student_standardised,100006e13,K-35-067-2,burial_mound,out_of_scope,as_digitised,student_digitised,535220.658,4676051.700
student:03691,student_standardised,100006e13,K-35-067-2,burial_mound,out_of_scope,as_digitised,student_digitised,535870.606,4677285.108
student:03692,student_standardised,100006e13,K-35-067-2,burial_mound,out_of_scope,as_digitised,student_digitised,536024.578,4677269.077
student:03693,student_standardised,100006e13,K-35-067-2,burial_mound,out_of_scope,as_digitised,student_digitised,539169.117,4677484.465
student:03694,student_standardised,100006e13,K-35-067-2,burial_mound,directly_reviewed,own_mark,student_digitised,527944.459,4674043.900
student:03695,student_standardised,100006e13,K-35-067-2,burial_mound,directly_reviewed,own_mark,student_digitised,527980.722,4673988.433
student:03696,student_standardised,100006e13,K-35-067-2,burial_mound,out_of_scope,as_digitised,student_digitised,527889.515,4673987.620
student:03697,student_standardised,100006e13,K-35-067-2,burial_mound,out_of_scope,as_digitised,student_digitised,524248.539,4675316.538
student:03698,student_standardised,100006e13,K-35-067-2,burial_mound,out_of_scope,as_digitised,student_digitised,523272.269,4674785.270
student:03699,student_standardised,100006e13,K-35-067-2,burial_mound,out_of_scope,as_digitised,student_digitised,522677.872,4674267.247
student:03700,student_standardised,100006e13,K-35-067-2,burial_mound,out_of_scope,as_digitised,student_digitised,521500.153,4672035.824
student:03701,student_standardised,100006e13,K-35-067-2,burial_mound,out_of_scope,as_digitised,student_digitised,528552.204,4674021.379
student:03702,student_standardised,100006e13,K-35-067-2,burial_mound,out_of_scope,as_digitised,student_digitised,529521.385,4672085.141
student:03703,student_standardised,100006e13,K-35-067-2,burial_mound,out_of_scope,as_digitised,student_digitised,529463.200,4672146.811
student:03704,student_standardised,100006e13,K-35-067-2,burial_mound,out_of_scope,as_digitised,student_digitised,529252.872,4673727.764
student:03705,student_standardised,100006e13,K-35-067-2,burial_mound,out_of_scope,as_digitised,student_digitised,531829.196,4673442.278
student:03706,student_standardised,100006e13,K-35-067-2,burial_mound,out_of_scope,as_digitised,student_digitised,535916.275,4672669.617
student:03707,student_standardised,100006e13,K-35-067-2,burial_mound,out_of_scope,as_digitised,student_digitised,539388.077,4671769.457
student:03708,student_standardised,100006e13,K-35-067-2,burial_mound,out_of_scope,as_digitised,student_digitised,540407.268,4673040.829
student:03709,student_standardised,100006e13,K-35-067-2,burial_mound,out_of_scope,as_digitised,student_digitised,540524.992,4672703.421
student:03710,student_standardised,100006e13,K-35-067-2,burial_mound,directly_reviewed,own_mark,student_digitised,534546.666,4671559.065
student:03711,student_standardised,100006e13,K-35-067-2,burial_mound,directly_reviewed,own_mark,student_digitised,534608.163,4671545.444
student:03712,student_standardised,100006e13,K-35-067-2,burial_mound,out_of_scope,as_digitised,student_digitised,534723.131,4671484.371
student:03713,student_standardised,100006e13,K-35-067-2,burial_mound,out_of_scope,as_digitised,student_digitised,534814.566,4671369.817
student:03714,student_standardised,100006e13,K-35-067-2,burial_mound,out_of_scope,as_digitised,student_digitised,533385.036,4671813.520
student:03715,student_standardised,100006e13,K-35-067-2,burial_mound,out_of_scope,as_digitised,student_digitised,533276.312,4671936.796
student:03716,student_standardised,100006e13,K-35-067-2,burial_mound,out_of_scope,as_digitised,student_digitised,532484.543,4671163.764
student:03717,student_standardised,100006e13,K-35-067-2,burial_mound,out_of_scope,as_digitised,student_digitised,532164.691,4671322.429
student:03718,student_standardised,100006e13,K-35-067-2,burial_mound,out_of_scope,as_digitised,student_digitised,527648.762,4671200.579
student:03719,student_standardised,100006e13,K-35-067-2,burial_mound,out_of_scope,as_digitised,student_digitised,527197.960,4671095.216
student:03720,student_standardised,100006e13,K-35-067-2,burial_mound,out_of_scope,as_digitised,student_digitised,524924.087,4671950.253
student:03721,student_standardised,100006e13,K-35-067-2,burial_mound,out_of_scope,as_digitised,student_digitised,524221.730,4671975.867
student:03722,student_standardised,100006e13,K-35-067-2,burial_mound,out_of_scope,as_digitised,student_digitised,524185.212,4671879.701
student:03723,student_standardised,100006e13,K-35-067-2,burial_mound,out_of_scope,as_digitised,student_digitised,522331.149,4672044.768
student:03724,student_standardised,100006e13,K-35-067-2,burial_mound,out_of_scope,as_digitised,student_digitised,520699.983,4668471.870
student:03725,student_standardised,100006e13,K-35-067-2,burial_mound,out_of_scope,as_digitised,student_digitised,520584.667,4668454.412
student:03726,student_standardised,100006e13,K-35-067-2,burial_mound,out_of_scope,as_digitised,student_digitised,525275.723,4668749.361
student:03727,student_standardised,100006e13,K-35-067-2,burial_mound,out_of_scope,as_digitised,student_digitised,525745.951,4669256.750
student:03728,student_standardised,100006e13,K-35-067-2,burial_mound,out_of_scope,as_digitised,student_digitised,527458.002,4669448.242
student:03729,student_standardised,100006e13,K-35-067-2,burial_mound,out_of_scope,as_digitised,student_digitised,527569.429,4669698.849
student:03730,student_standardised,100006e13,K-35-067-2,burial_mound,directly_reviewed,own_mark,student_digitised,527718.118,4670577.313
student:03731,student_standardised,100006e13,K-35-067-2,bench_mark_on_mound,directly_reviewed,own_mark,student_digitised,528194.025,4669617.632
student:03732,student_standardised,100006e13,K-35-067-2,burial_mound,out_of_scope,as_digitised,student_digitised,528202.626,4668556.042
student:03733,student_standardised,100006e13,K-35-067-2,bench_mark_on_mound,directly_reviewed,own_mark,student_digitised,528897.827,4670924.058
student:03734,student_standardised,100006e13,K-35-067-2,burial_mound,out_of_scope,as_digitised,student_digitised,529636.348,4668889.990
student:03735,student_standardised,100006e13,K-35-067-2,burial_mound,out_of_scope,as_digitised,student_digitised,529855.684,4668633.793
student:03736,student_standardised,100006e13,K-35-067-2,burial_mound,out_of_scope,as_digitised,student_digitised,529868.281,4668461.517
student:03737,student_standardised,100006e13,K-35-067-2,burial_mound,out_of_scope,as_digitised,student_digitised,531434.364,4670443.771
student:03738,student_standardised,100006e13,K-35-067-2,burial_mound,out_of_scope,as_digitised,student_digitised,531644.850,4670212.528
student:03739,student_standardised,100006e13,K-35-067-2,burial_mound,out_of_scope,as_digitised,student_digitised,531887.393,4668559.960
student:03740,student_standardised,100006e13,K-35-067-2,burial_mound,out_of_scope,as_digitised,student_digitised,532130.191,4669059.040
student:03741,student_standardised,100006e13,K-35-067-2,burial_mound,out_of_scope,as_digitised,student_digitised,531979.091,4669285.847
student:03742,student_standardised,100006e13,K-35-067-2,burial_mound,out_of_scope,as_digitised,student_digitised,531971.146,4669804.529
student:03743,student_standardised,100006e13,K-35-067-2,burial_mound,out_of_scope,as_digitised,student_digitised,532412.364,4670952.988
student:03744,student_standardised,100006e13,K-35-067-2,burial_mound,directly_reviewed,own_mark,student_digitised,534477.148,4668430.186
student:03745,student_standardised,100006e13,K-35-067-2,burial_mound,directly_reviewed,own_mark,student_digitised,534429.125,4668451.258
student:03746,student_standardised,100006e13,K-35-067-2,burial_mound,out_of_scope,as_digitised,student_digitised,535148.380,4670291.849
student:03747,student_standardised,100006e13,K-35-067-2,burial_mound,out_of_scope,as_digitised,student_digitised,535387.279,4670019.508
student:03748,student_standardised,100006e13,K-35-067-2,burial_mound,out_of_scope,as_digitised,student_digitised,536697.057,4669630.538
student:03749,student_standardised,100006e13,K-35-067-2,burial_mound,directly_reviewed,own_mark,student_digitised,536837.568,4669710.948
student:03750,student_standardised,100006e13,K-35-067-2,burial_mound,out_of_scope,as_digitised,student_digitised,536187.023,4669979.529
student:03751,student_standardised,100006e13,K-35-067-2,burial_mound,out_of_scope,as_digitised,student_digitised,537106.858,4668779.292
student:03752,student_standardised,100006e13,K-35-067-2,burial_mound,out_of_scope,as_digitised,student_digitised,537798.028,4669063.753
student:03753,student_standardised,100006e13,K-35-067-2,burial_mound,directly_reviewed,own_mark,student_digitised,537000.975,4669100.589
student:03754,student_standardised,100006e13,K-35-067-2,burial_mound,out_of_scope,as_digitised,student_digitised,536991.836,4669334.136
student:03755,student_standardised,100006e13,K-35-067-2,burial_mound,proxy_confirmed,claimant_mark,student_digitised,537405.491,4669974.271
student:03756,student_standardised,100006e13,K-35-067-2,burial_mound,out_of_scope,as_digitised,student_digitised,538277.715,4669872.688
student:03757,student_standardised,100006e13,K-35-067-2,burial_mound,out_of_scope,as_digitised,student_digitised,538043.013,4668389.246
student:03758,student_standardised,100006e13,K-35-067-2,burial_mound,directly_reviewed,own_mark,student_digitised,538800.930,4668505.581
student:03759,student_standardised,100006e13,K-35-067-2,burial_mound,out_of_scope,as_digitised,student_digitised,539415.668,4670434.978
student:03760,student_standardised,100004e13,K-35-067-3,burial_mound,out_of_scope,as_digitised,student_digitised,517109.138,4667667.788
student:03761,student_standardised,100004e13,K-35-067-3,burial_mound,directly_reviewed,own_mark,student_digitised,516829.841,4667170.967
student:03762,student_standardised,100004e13,K-35-067-3,burial_mound,out_of_scope,as_digitised,student_digitised,502069.584,4667830.356
student:03763,student_standardised,100004e13,K-35-067-3,burial_mound,out_of_scope,as_digitised,student_digitised,504313.720,4666195.325
student:03764,student_standardised,100004e13,K-35-067-3,bench_mark_on_mound,directly_reviewed,own_mark,student_digitised,507815.145,4666049.441
student:03765,student_standardised,100004e13,K-35-067-3,burial_mound,out_of_scope,as_digitised,student_digitised,516437.142,4666904.998
student:03766,student_standardised,100004e13,K-35-067-3,burial_mound,out_of_scope,as_digitised,student_digitised,516619.605,4666681.262
student:03767,student_standardised,100004e13,K-35-067-3,burial_mound,directly_reviewed,own_mark,student_digitised,516738.685,4666779.086
student:03768,student_standardised,100004e13,K-35-067-3,bench_mark_on_mound,directly_reviewed,own_mark,student_digitised,516913.232,4666955.365
student:03769,student_standardised,100004e13,K-35-067-3,burial_mound,out_of_scope,as_digitised,student_digitised,519558.271,4666368.825
student:03770,student_standardised,100004e13,K-35-067-3,burial_mound,out_of_scope,as_digitised,student_digitised,519561.290,4665927.852
student:03771,student_standardised,100004e13,K-35-067-3,burial_mound,out_of_scope,as_digitised,student_digitised,507797.475,4665922.236
student:03772,student_standardised,100004e13,K-35-067-3,burial_mound,out_of_scope,as_digitised,student_digitised,507390.570,4665733.198
student:03773,student_standardised,100004e13,K-35-067-3,burial_mound,out_of_scope,as_digitised,student_digitised,507236.064,4665544.919
student:03774,student_standardised,100004e13,K-35-067-3,burial_mound,out_of_scope,as_digitised,student_digitised,506994.862,4665577.673
student:03775,student_standardised,100004e13,K-35-067-3,burial_mound,directly_reviewed,own_mark,student_digitised,505902.824,4665206.539
student:03776,student_standardised,100004e13,K-35-067-3,burial_mound,out_of_scope,as_digitised,student_digitised,504589.726,4665644.124
student:03777,student_standardised,100004e13,K-35-067-3,burial_mound,directly_reviewed,own_mark,student_digitised,503482.925,4664576.224
student:03778,student_standardised,100004e13,K-35-067-3,burial_mound,out_of_scope,as_digitised,student_digitised,507665.869,4664197.838
student:03779,student_standardised,100004e13,K-35-067-3,burial_mound,out_of_scope,as_digitised,student_digitised,508440.332,4664253.543
student:03780,student_standardised,100004e13,K-35-067-3,burial_mound,out_of_scope,as_digitised,student_digitised,511418.590,4664188.274
student:03781,student_standardised,100004e13,K-35-067-3,burial_mound,out_of_scope,as_digitised,student_digitised,511449.331,4664259.865
student:03782,student_standardised,100004e13,K-35-067-3,burial_mound,out_of_scope,as_digitised,student_digitised,511293.081,4664407.504
student:03783,student_standardised,100004e13,K-35-067-3,burial_mound,out_of_scope,as_digitised,student_digitised,511458.380,4664540.614
student:03784,student_standardised,100004e13,K-35-067-3,burial_mound,out_of_scope,as_digitised,student_digitised,511515.384,4664604.063
student:03785,student_standardised,100004e13,K-35-067-3,burial_mound,directly_reviewed,own_mark,student_digitised,513101.510,4664881.412
student:03786,student_standardised,100004e13,K-35-067-3,burial_mound,directly_reviewed,own_mark,student_digitised,513600.768,4664553.122
student:03787,student_standardised,100004e13,K-35-067-3,burial_mound,proxy_confirmed,claimant_mark,student_digitised,516613.082,4664311.960
student:03788,student_standardised,100004e13,K-35-067-3,burial_mound,out_of_scope,as_digitised,student_digitised,507311.859,4663976.479
student:03789,student_standardised,100004e13,K-35-067-3,burial_mound,out_of_scope,as_digitised,student_digitised,505563.371,4663146.881
student:03790,student_standardised,100004e13,K-35-067-3,burial_mound,out_of_scope,as_digitised,student_digitised,504691.130,4663886.167
student:03791,student_standardised,100004e13,K-35-067-3,burial_mound,directly_reviewed,own_mark,student_digitised,501799.709,4663907.591
student:03792,student_standardised,100004e13,K-35-067-3,burial_mound,out_of_scope,as_digitised,student_digitised,504770.320,4662501.045
student:03793,student_standardised,100004e13,K-35-067-3,burial_mound,out_of_scope,as_digitised,student_digitised,504697.934,4662870.651
student:03794,student_standardised,100004e13,K-35-067-3,burial_mound,out_of_scope,as_digitised,student_digitised,504867.183,4662713.222
student:03795,student_standardised,100004e13,K-35-067-3,burial_mound,proxy_confirmed,claimant_mark,student_digitised,504997.623,4662201.412
student:03796,student_standardised,100004e13,K-35-067-3,bench_mark_on_mound,directly_reviewed,own_mark,student_digitised,505195.147,4662908.228
student:03797,student_standardised,100004e13,K-35-067-3,burial_mound,out_of_scope,as_digitised,student_digitised,505159.957,4662583.787
student:03798,student_standardised,100004e13,K-35-067-3,burial_mound,out_of_scope,as_digitised,student_digitised,505235.509,4662439.257
student:03799,student_standardised,100004e13,K-35-067-3,burial_mound,out_of_scope,as_digitised,student_digitised,505414.474,4662680.968
student:03800,student_standardised,100004e13,K-35-067-3,burial_mound,out_of_scope,as_digitised,student_digitised,505545.760,4662374.837
student:03801,student_standardised,100004e13,K-35-067-3,burial_mound,out_of_scope,as_digitised,student_digitised,515033.148,4662017.314
student:03802,student_standardised,100004e13,K-35-067-3,burial_mound,out_of_scope,as_digitised,student_digitised,516307.607,4662836.736
student:03803,student_standardised,100004e13,K-35-067-3,burial_mound,out_of_scope,as_digitised,student_digitised,505164.151,4661955.691
student:03804,student_standardised,100004e13,K-35-067-3,burial_mound,out_of_scope,as_digitised,student_digitised,504311.086,4661856.163
student:03805,student_standardised,100004e13,K-35-067-3,burial_mound,out_of_scope,as_digitised,student_digitised,499949.539,4660393.221
student:03806,student_standardised,100004e13,K-35-067-3,burial_mound,out_of_scope,as_digitised,student_digitised,500958.898,4660256.948
student:03807,student_standardised,100004e13,K-35-067-3,burial_mound,out_of_scope,as_digitised,student_digitised,501465.289,4660521.277
student:03808,student_standardised,100004e13,K-35-067-3,burial_mound,out_of_scope,as_digitised,student_digitised,501481.066,4660630.843
student:03809,student_standardised,100004e13,K-35-067-3,burial_mound,out_of_scope,as_digitised,student_digitised,501607.497,4660600.020
student:03810,student_standardised,100004e13,K-35-067-3,burial_mound,out_of_scope,as_digitised,student_digitised,501639.760,4658734.943
student:03811,student_standardised,100004e13,K-35-067-3,burial_mound,out_of_scope,as_digitised,student_digitised,501433.862,4657995.465
student:03812,student_standardised,100004e13,K-35-067-3,burial_mound,directly_reviewed,own_mark,student_digitised,501218.199,4656341.140
student:03813,student_standardised,100004153664358e4,K-35-067-4,burial_mound,out_of_scope,as_digitised,student_digitised,528701.715,4667917.607
student:03814,student_standardised,100004153664361e4,K-35-067-4,burial_mound,out_of_scope,as_digitised,student_digitised,528624.553,4667988.540
student:03815,student_standardised,100004153664374e4,K-35-067-4,burial_mound,out_of_scope,as_digitised,student_digitised,537627.321,4667425.454
student:03816,student_standardised,100004153664385e4,K-35-067-4,burial_mound,directly_reviewed,own_mark,student_digitised,539615.925,4666253.478
student:03817,student_standardised,100004153664398e4,K-35-067-4,burial_mound,directly_reviewed,own_mark,student_digitised,539669.039,4666308.314
student:03818,student_standardised,100004153664409e4,K-35-067-4,burial_mound,out_of_scope,as_digitised,student_digitised,539666.898,4666573.769
student:03819,student_standardised,100004153664438e4,K-35-067-4,burial_mound,out_of_scope,as_digitised,student_digitised,532945.156,4665939.469
student:03820,student_standardised,100004153664559e4,K-35-067-4,burial_mound,out_of_scope,as_digitised,student_digitised,527332.313,4665041.244
student:03821,student_standardised,100004153664562e4,K-35-067-4,burial_mound,out_of_scope,as_digitised,student_digitised,526661.584,4665210.096
student:03822,student_standardised,100004153664565e4,K-35-067-4,burial_mound,out_of_scope,as_digitised,student_digitised,526393.555,4665287.265
student:03823,student_standardised,10000415366457e5,K-35-067-4,burial_mound,out_of_scope,as_digitised,student_digitised,526008.215,4665246.715
student:03824,student_standardised,100004153664576e4,K-35-067-4,burial_mound,out_of_scope,as_digitised,student_digitised,524029.839,4666083.764
student:03825,student_standardised,100004153664622e4,K-35-067-4,burial_mound,out_of_scope,as_digitised,student_digitised,531192.115,4664397.438
student:03826,student_standardised,100004153664625e4,K-35-067-4,burial_mound,proxy_confirmed,claimant_mark,student_digitised,531230.614,4664263.309
student:03827,student_standardised,100004153664629e4,K-35-067-4,burial_mound,out_of_scope,as_digitised,student_digitised,531319.281,4664210.837
student:03828,student_standardised,100004153664677e4,K-35-067-4,burial_mound,out_of_scope,as_digitised,student_digitised,532692.454,4663625.413
student:03829,student_standardised,100004153664691e4,K-35-067-4,burial_mound,directly_reviewed,own_mark,student_digitised,528656.500,4663090.362
student:03830,student_standardised,100004153664712e4,K-35-067-4,burial_mound,out_of_scope,as_digitised,student_digitised,524562.475,4663075.837
student:03831,student_standardised,1.0000415366472399e+018,K-35-067-4,burial_mound,directly_reviewed,own_mark,student_digitised,521892.881,4663380.188
student:03832,student_standardised,100004153664729e4,K-35-067-4,burial_mound,out_of_scope,as_digitised,student_digitised,521809.398,4663463.342
student:03833,student_standardised,100004153664746e4,K-35-067-4,burial_mound,out_of_scope,as_digitised,student_digitised,521115.003,4663851.673
student:03834,student_standardised,100004153664758e4,K-35-067-4,burial_mound,out_of_scope,as_digitised,student_digitised,528433.811,4662984.196
student:03835,student_standardised,10000415366476e5,K-35-067-4,burial_mound,out_of_scope,as_digitised,student_digitised,528688.793,4662943.675
student:03836,student_standardised,100004153665057e4,K-35-067-4,burial_mound,out_of_scope,as_digitised,student_digitised,535401.927,4661224.636
student:03837,student_standardised,100004153665097e4,K-35-067-4,burial_mound,out_of_scope,as_digitised,student_digitised,527453.955,4661477.793
student:03838,student_standardised,100004153665101e4,K-35-067-4,burial_mound,out_of_scope,as_digitised,student_digitised,527266.103,4661594.365
student:03839,student_standardised,100004153665121e4,K-35-067-4,burial_mound,out_of_scope,as_digitised,student_digitised,523871.067,4661912.461
student:03840,student_standardised,100004153665126e4,K-35-067-4,burial_mound,out_of_scope,as_digitised,student_digitised,523486.075,4661660.659
student:03841,student_standardised,100004153665129e4,K-35-067-4,burial_mound,out_of_scope,as_digitised,student_digitised,523456.433,4661820.221
student:03842,student_standardised,100004153665131e4,K-35-067-4,burial_mound,out_of_scope,as_digitised,student_digitised,523499.394,4661946.260
student:03843,student_standardised,100004153665136e4,K-35-067-4,burial_mound,out_of_scope,as_digitised,student_digitised,523374.274,4661998.805
student:03844,student_standardised,100004153665138e4,K-35-067-4,burial_mound,out_of_scope,as_digitised,student_digitised,523509.102,4662160.626
student:03845,student_standardised,100004153665141e4,K-35-067-4,burial_mound,out_of_scope,as_digitised,student_digitised,523677.480,4661362.565
student:03846,student_standardised,1.0000415366515599e+018,K-35-067-4,burial_mound,out_of_scope,as_digitised,student_digitised,526576.138,4660076.110
student:03847,student_standardised,100004153665203e4,K-35-067-4,burial_mound,out_of_scope,as_digitised,student_digitised,539549.232,4659974.945
student:03848,student_standardised,100004153665208e4,K-35-067-4,burial_mound,out_of_scope,as_digitised,student_digitised,540146.405,4659796.287
student:03849,student_standardised,100004153665433e4,K-35-067-4,burial_mound,out_of_scope,as_digitised,student_digitised,533973.148,4658646.318
student:03850,student_standardised,100004153665531e4,K-35-067-4,burial_mound,out_of_scope,as_digitised,student_digitised,538516.740,4650809.317
student:03851,student_standardised,100004153665536e4,K-35-067-4,burial_mound,proxy_confirmed,claimant_mark,student_digitised,536047.712,4651250.418
student:03852,student_standardised,100004153665558e4,K-35-067-4,burial_mound,out_of_scope,as_digitised,student_digitised,533677.870,4652367.246
student:03853,student_standardised,100004153665584e4,K-35-067-4,burial_mound,out_of_scope,as_digitised,student_digitised,537120.953,4653305.822
student:03854,student_standardised,100004153665591e4,K-35-067-4,burial_mound,out_of_scope,as_digitised,student_digitised,536881.480,4653258.460
student:03855,student_standardised,100004153665609e4,K-35-067-4,burial_mound,out_of_scope,as_digitised,student_digitised,536129.641,4653170.489
student:03856,student_standardised,1.0000415366568399e+018,K-35-067-4,burial_mound,out_of_scope,as_digitised,student_digitised,539625.065,4654567.777
student:03857,student_standardised,100004153665709e4,K-35-067-4,burial_mound,out_of_scope,as_digitised,student_digitised,539247.895,4655916.730
student:03858,student_standardised,1.0000415366572401e+018,K-35-067-4,burial_mound,directly_reviewed,own_mark,student_digitised,533870.503,4655422.381
student:03859,student_standardised,100004153665729e4,K-35-067-4,burial_mound,out_of_scope,as_digitised,student_digitised,534321.005,4656049.621
student:03860,student_standardised,100004153665753e4,K-35-067-4,burial_mound,out_of_scope,as_digitised,student_digitised,536480.357,4656815.105
student:03861,student_standardised,100004153665757e4,K-35-067-4,burial_mound,out_of_scope,as_digitised,student_digitised,537601.440,4656852.570
student:03862,student_standardised,100004153665785e4,K-35-067-4,burial_mound,out_of_scope,as_digitised,student_digitised,536968.812,4657467.382
student:03863,student_standardised,1.0000415366578801e+018,K-35-067-4,burial_mound,out_of_scope,as_digitised,student_digitised,537314.127,4657097.638
student:03864,student_standardised,1000041536658e6,K-35-067-4,burial_mound,out_of_scope,as_digitised,student_digitised,536131.309,4657300.128
student:03865,student_standardised,100004153666954e4,K-35-067-4,burial_mound,out_of_scope,as_digitised,student_digitised,528194.929,4661990.810
student:03866,student_standardised,100004153666987e4,K-35-067-4,burial_mound,directly_reviewed,own_mark,student_digitised,528928.387,4659586.899
student:03867,student_standardised,10000415366733e5,K-35-067-4,burial_mound,out_of_scope,as_digitised,student_digitised,540955.050,4652058.348
student:03868,student_standardised,100004153667345e4,K-35-067-4,burial_mound,out_of_scope,as_digitised,student_digitised,536648.811,4654442.091
student:03869,student_standardised,1.0000415366735601e+018,K-35-067-4,burial_mound,out_of_scope,as_digitised,student_digitised,540021.924,4654396.182
student:03870,student_standardised,100004153667393e4,K-35-067-4,burial_mound,out_of_scope,as_digitised,student_digitised,529958.991,4656753.396
student:03871,student_standardised,1.0000415366740401e+018,K-35-067-4,burial_mound,out_of_scope,as_digitised,student_digitised,529912.488,4656820.726
student:03872,student_standardised,10000415366747e5,K-35-067-4,burial_mound,out_of_scope,as_digitised,student_digitised,531441.360,4657232.446
student:03873,student_standardised,100004153664752e4,K-35-067-4,burial_mound,out_of_scope,as_digitised,student_digitised,525724.460,4662626.691
student:03874,student_standardised,100004153665061e4,K-35-067-4,burial_mound,out_of_scope,as_digitised,student_digitised,534938.080,4661562.611
student:03875,student_standardised,100004153665062e4,K-35-067-4,burial_mound,out_of_scope,as_digitised,student_digitised,534891.311,4661637.117
student:03876,student_standardised,1000081538122840600,K-35-074-1,burial_mound,out_of_scope,as_digitised,student_digitised,300177.694,4651534.708
student:03877,student_standardised,1000081538123025900,K-35-074-1,burial_mound,out_of_scope,as_digitised,student_digitised,294775.107,4650358.234
student:03878,student_standardised,1000081538123865500,K-35-074-1,burial_mound,directly_reviewed,own_mark,student_digitised,294611.106,4648266.671
student:03879,student_standardised,1000081538123891500,K-35-074-1,burial_mound,directly_reviewed,own_mark,student_digitised,294587.519,4648199.080
student:03880,student_standardised,1000081538123914100,K-35-074-1,burial_mound,directly_reviewed,own_mark,student_digitised,294659.568,4648202.388
student:03881,student_standardised,1000081538123945e3,K-35-074-1,burial_mound,out_of_scope,as_digitised,student_digitised,294724.560,4648335.101
student:03882,student_standardised,1000081538124135e3,K-35-074-1,burial_mound,out_of_scope,as_digitised,student_digitised,300106.969,4648135.520
student:03883,student_standardised,1000081538124952600,K-35-074-1,bench_mark_on_mound,directly_reviewed,own_mark,student_digitised,299984.622,4646034.388
student:03884,student_standardised,1000081538126165100,K-35-074-1,burial_mound,out_of_scope,as_digitised,student_digitised,295482.186,4645529.529
student:03885,student_standardised,1000081538126266e3,K-35-074-1,burial_mound,out_of_scope,as_digitised,student_digitised,294017.618,4645662.036
student:03886,student_standardised,1000081538126326400,K-35-074-1,burial_mound,out_of_scope,as_digitised,student_digitised,294153.581,4644439.958
student:03887,student_standardised,1000081538126743200,K-35-074-1,burial_mound,out_of_scope,as_digitised,student_digitised,310237.146,4643583.299
student:03888,student_standardised,1000081538126844400,K-35-074-1,burial_mound,directly_reviewed,own_mark,student_digitised,306791.796,4643852.443
student:03889,student_standardised,1000081538127225100,K-35-074-1,burial_mound,out_of_scope,as_digitised,student_digitised,292656.962,4643099.888
student:03890,student_standardised,1000081538129700600,K-35-074-1,burial_mound,out_of_scope,as_digitised,student_digitised,310506.058,4637818.296
student:03891,student_standardised,1000081538129929700,K-35-074-1,burial_mound,out_of_scope,as_digitised,student_digitised,304789.750,4637629.662
student:03892,student_standardised,1000081538130035200,K-35-074-1,burial_mound,out_of_scope,as_digitised,student_digitised,304349.042,4637485.968
student:03893,student_standardised,1000081538130065800,K-35-074-1,burial_mound,proxy_confirmed,claimant_mark,student_digitised,304163.999,4637385.582
student:03894,student_standardised,1.0000815381304561e+018,K-35-074-1,burial_mound,directly_reviewed,own_mark,student_digitised,303777.696,4636987.616
student:03895,student_standardised,1000081538130480800,K-35-074-1,burial_mound,directly_reviewed,own_mark,student_digitised,303836.226,4636967.762
student:03896,student_standardised,1000081538130661600,K-35-074-1,burial_mound,out_of_scope,as_digitised,student_digitised,308585.829,4636753.383
student:03897,student_standardised,1000081538130687200,K-35-074-1,burial_mound,out_of_scope,as_digitised,student_digitised,308667.583,4636703.553
student:03898,student_standardised,1000081538130940800,K-35-074-1,burial_mound,out_of_scope,as_digitised,student_digitised,312697.044,4635445.709
student:03899,student_standardised,1000081538131152800,K-35-074-1,burial_mound,directly_reviewed,own_mark,student_digitised,305372.684,4635927.487
student:03900,student_standardised,1000081538132596500,K-35-074-2,burial_mound,out_of_scope,as_digitised,student_digitised,329304.606,4651227.627
student:03901,student_standardised,1.0000815381326159e+018,K-35-074-2,burial_mound,out_of_scope,as_digitised,student_digitised,329331.205,4651120.050
student:03902,student_standardised,1000081538133228800,K-35-074-2,burial_mound,out_of_scope,as_digitised,student_digitised,319594.102,4650613.994
student:03903,student_standardised,1000081538133740900,K-35-074-2,burial_mound,out_of_scope,as_digitised,student_digitised,329680.840,4649908.325
student:03904,student_standardised,1000081538133891e3,K-35-074-2,burial_mound,out_of_scope,as_digitised,student_digitised,332104.417,4649589.310
student:03905,student_standardised,1000081538133931e3,K-35-074-2,burial_mound,out_of_scope,as_digitised,student_digitised,332078.244,4649503.684
student:03906,student_standardised,1000081538134356200,K-35-074-2,burial_mound,out_of_scope,as_digitised,student_digitised,314796.400,4647745.909
student:03907,student_standardised,1000081538134926700,K-35-074-2,burial_mound,out_of_scope,as_digitised,student_digitised,333786.395,4647155.550
student:03908,student_standardised,1000081538134980500,K-35-074-2,burial_mound,out_of_scope,as_digitised,student_digitised,334059.969,4647808.886
student:03909,student_standardised,1000081538136058600,K-35-074-2,burial_mound,out_of_scope,as_digitised,student_digitised,333140.450,4645756.850
student:03910,student_standardised,1000081538136108e3,K-35-074-2,burial_mound,out_of_scope,as_digitised,student_digitised,333617.050,4644233.422
student:03911,student_standardised,1000081538136213e3,K-35-074-2,burial_mound,out_of_scope,as_digitised,student_digitised,331543.456,4644520.301
student:03912,student_standardised,1000081538136238200,K-35-074-2,burial_mound,out_of_scope,as_digitised,student_digitised,331223.432,4644360.395
student:03913,student_standardised,1000081538136268700,K-35-074-2,burial_mound,out_of_scope,as_digitised,student_digitised,331320.860,4644270.433
student:03914,student_standardised,1000081538136309500,K-35-074-2,burial_mound,out_of_scope,as_digitised,student_digitised,330266.401,4644081.682
student:03915,student_standardised,1000081538137213200,K-35-074-2,burial_mound,out_of_scope,as_digitised,student_digitised,333653.202,4643338.666
student:03916,student_standardised,1000081538138348700,K-35-074-2,burial_mound,directly_reviewed,own_mark,student_digitised,325732.121,4640101.741
student:03917,student_standardised,1000081538139192600,K-35-074-2,trig_point_on_mound,directly_reviewed,own_mark,student_digitised,317580.564,4638032.457
student:03918,student_standardised,1.0000815381392561e+018,K-35-074-2,burial_mound,out_of_scope,as_digitised,student_digitised,315394.286,4637820.833
student:03919,student_standardised,1000081538139375100,K-35-074-2,burial_mound,out_of_scope,as_digitised,student_digitised,315176.615,4637246.090
student:03920,student_standardised,1000081538139397400,K-35-074-2,burial_mound,out_of_scope,as_digitised,student_digitised,315323.639,4637174.689
student:03921,student_standardised,1000081538140349200,K-35-074-2,burial_mound,out_of_scope,as_digitised,student_digitised,315429.317,4636332.774
student:03922,student_standardised,1000081538140465900,K-35-074-2,burial_mound,out_of_scope,as_digitised,student_digitised,314482.789,4635171.185
student:03923,student_standardised,1000081538140499300,K-35-074-2,burial_mound,out_of_scope,as_digitised,student_digitised,314507.764,4634998.415
student:03924,student_standardised,1000081538140549900,K-35-074-2,burial_mound,out_of_scope,as_digitised,student_digitised,315923.655,4635182.333
student:03925,student_standardised,1000081538140596e3,K-35-074-2,burial_mound,out_of_scope,as_digitised,student_digitised,315990.694,4635589.067
student:03926,student_standardised,1000081538140683500,K-35-074-2,burial_mound,out_of_scope,as_digitised,student_digitised,316270.296,4635227.642
student:03927,student_standardised,1000081538140708100,K-35-074-2,burial_mound,out_of_scope,as_digitised,student_digitised,316220.863,4635146.040
student:03928,student_standardised,1000081538141300600,K-35-074-2,burial_mound,out_of_scope,as_digitised,student_digitised,323508.084,4634305.494
student:03929,student_standardised,1000081538141512700,K-35-074-2,burial_mound,out_of_scope,as_digitised,student_digitised,316472.169,4634629.789
student:03930,student_standardised,1000081538141574e3,K-35-074-2,burial_mound,out_of_scope,as_digitised,student_digitised,314527.741,4633687.584
student:03931,student_standardised,1000081538142439800,K-35-074-3,burial_mound,out_of_scope,as_digitised,student_digitised,301059.943,4633524.583
student:03932,student_standardised,1000081538143417300,K-35-074-3,burial_mound,out_of_scope,as_digitised,student_digitised,305379.779,4631953.205
student:03933,student_standardised,1000081538144488300,K-35-074-3,burial_mound,out_of_scope,as_digitised,student_digitised,308411.772,4628275.072
student:03934,student_standardised,1000081538144511e3,K-35-074-3,burial_mound,out_of_scope,as_digitised,student_digitised,308132.137,4628189.051
student:03935,student_standardised,1000081538144782200,K-35-074-3,burial_mound,out_of_scope,as_digitised,student_digitised,300586.409,4628597.329
student:03936,student_standardised,1000081538145437600,K-35-074-3,burial_mound,out_of_scope,as_digitised,student_digitised,308327.876,4626324.787
student:03937,student_standardised,1000081538145907e3,K-35-074-3,burial_mound,out_of_scope,as_digitised,student_digitised,293178.410,4626417.054
student:03938,student_standardised,1000081538146037100,K-35-074-3,burial_mound,out_of_scope,as_digitised,student_digitised,292715.958,4626914.157
student:03939,student_standardised,1000081538148474100,K-35-074-3,burial_mound,out_of_scope,as_digitised,student_digitised,302548.592,4620623.742
student:03940,student_standardised,1000081538150326500,K-35-074-3,burial_mound,out_of_scope,as_digitised,student_digitised,307686.390,4616474.057
student:03941,student_standardised,1000061538129468e3,K-35-074-4,burial_mound,out_of_scope,as_digitised,student_digitised,313554.373,4633432.397
student:03942,student_standardised,1000061538129622500,K-35-074-4,burial_mound,out_of_scope,as_digitised,student_digitised,313405.245,4632056.560
student:03943,student_standardised,1000061538132691300,K-35-074-4,burial_mound,out_of_scope,as_digitised,student_digitised,315668.771,4630686.461
student:03944,student_standardised,1000061538132744300,K-35-074-4,burial_mound,out_of_scope,as_digitised,student_digitised,315066.192,4630396.029
student:03945,student_standardised,1000061538136238200,K-35-074-4,burial_mound,directly_reviewed,own_mark,student_digitised,323893.725,4626818.946
student:03946,student_standardised,1000061538138361300,K-35-074-4,burial_mound,out_of_scope,as_digitised,student_digitised,322244.538,4624770.464
student:03947,student_standardised,1000061538140327400,K-35-074-4,burial_mound,out_of_scope,as_digitised,student_digitised,326365.446,4621931.565
student:03948,student_standardised,1000061538141682200,K-35-074-4,burial_mound,out_of_scope,as_digitised,student_digitised,331723.083,4620533.034
student:03949,student_standardised,1000061538148363400,K-35-074-4,burial_mound,out_of_scope,as_digitised,student_digitised,328815.418,4616255.298
student:03950,student_standardised,1000061538148860900,K-35-074-4,burial_mound,out_of_scope,as_digitised,student_digitised,327729.414,4616098.305
student:03951,student_standardised,merged-K-35-075-1_c04129,K-35-075-1,burial_mound,directly_reviewed,own_mark,student_digitised,347726.939,4648021.389
student:03952,student_standardised,1000071537507975700,K-35-075-1,burial_mound,out_of_scope,as_digitised,student_digitised,334639.174,4650133.040
student:03953,student_standardised,1000071537508153100,K-35-075-1,burial_mound,out_of_scope,as_digitised,student_digitised,341482.748,4650884.122
student:03954,student_standardised,1000071537508187900,K-35-075-1,burial_mound,out_of_scope,as_digitised,student_digitised,341516.538,4650552.066
student:03955,student_standardised,1000071537508321e3,K-35-075-1,burial_mound,out_of_scope,as_digitised,student_digitised,344857.177,4650816.794
student:03956,student_standardised,1000071537508350600,K-35-075-1,burial_mound,out_of_scope,as_digitised,student_digitised,343728.187,4650650.681
student:03957,student_standardised,1000071537509744400,K-35-075-1,burial_mound,directly_reviewed,own_mark,student_digitised,350683.115,4650228.674
student:03958,student_standardised,1000071537509944600,K-35-075-1,burial_mound,out_of_scope,as_digitised,student_digitised,354642.831,4650093.213
student:03959,student_standardised,100007153751001e4,K-35-075-1,burial_mound,out_of_scope,as_digitised,student_digitised,354019.399,4649914.176
student:03960,student_standardised,1000071537510052600,K-35-075-1,burial_mound,out_of_scope,as_digitised,student_digitised,353272.214,4649663.007
student:03961,student_standardised,1000071537510293600,K-35-075-1,burial_mound,out_of_scope,as_digitised,student_digitised,350416.744,4649297.856
student:03962,student_standardised,1000071537510830600,K-35-075-1,burial_mound,out_of_scope,as_digitised,student_digitised,344319.815,4648131.647
student:03963,student_standardised,1000071537511190500,K-35-075-1,burial_mound,out_of_scope,as_digitised,student_digitised,340867.011,4649789.401
student:03964,student_standardised,1000071537511327900,K-35-075-1,burial_mound,out_of_scope,as_digitised,student_digitised,336928.198,4649724.837
student:03965,student_standardised,1000071537511377300,K-35-075-1,burial_mound,proxy_confirmed,claimant_mark,student_digitised,335468.052,4649761.613
student:03966,student_standardised,1000071537511404900,K-35-075-1,burial_mound,out_of_scope,as_digitised,student_digitised,335294.650,4649561.031
student:03967,student_standardised,1000071537511443e3,K-35-075-1,burial_mound,out_of_scope,as_digitised,student_digitised,334731.957,4649548.811
student:03968,student_standardised,1000071537511533600,K-35-075-1,burial_mound,out_of_scope,as_digitised,student_digitised,334786.913,4649226.286
student:03969,student_standardised,1000071537511565800,K-35-075-1,burial_mound,out_of_scope,as_digitised,student_digitised,334171.607,4648184.495
student:03970,student_standardised,1000071537511602600,K-35-075-1,burial_mound,out_of_scope,as_digitised,student_digitised,335027.908,4648930.022
student:03971,student_standardised,1000071537511690400,K-35-075-1,burial_mound,out_of_scope,as_digitised,student_digitised,337161.146,4648811.856
student:03972,student_standardised,1000071537511769300,K-35-075-1,burial_mound,out_of_scope,as_digitised,student_digitised,339062.179,4648234.534
student:03973,student_standardised,1000071537511861600,K-35-075-1,burial_mound,out_of_scope,as_digitised,student_digitised,343134.018,4648413.206
student:03974,student_standardised,1000071537512079600,K-35-075-1,burial_mound,out_of_scope,as_digitised,student_digitised,338170.148,4647576.133
student:03975,student_standardised,1000071537512569700,K-35-075-1,burial_mound,out_of_scope,as_digitised,student_digitised,344235.205,4647839.137
student:03976,student_standardised,1000071537512862200,K-35-075-1,burial_mound,out_of_scope,as_digitised,student_digitised,346757.920,4646233.889
student:03977,student_standardised,1000071537512891900,K-35-075-1,burial_mound,out_of_scope,as_digitised,student_digitised,346150.314,4646562.111
student:03978,student_standardised,1000071537512919800,K-35-075-1,burial_mound,out_of_scope,as_digitised,student_digitised,346216.374,4646788.497
student:03979,student_standardised,1000071537513226900,K-35-075-1,burial_mound,out_of_scope,as_digitised,student_digitised,334489.207,4646977.772
student:03980,student_standardised,1000071537513248800,K-35-075-1,burial_mound,out_of_scope,as_digitised,student_digitised,334471.027,4646879.272
student:03981,student_standardised,1000071537513376300,K-35-075-1,burial_mound,out_of_scope,as_digitised,student_digitised,336342.765,4645177.992
student:03982,student_standardised,1000071537513398800,K-35-075-1,burial_mound,out_of_scope,as_digitised,student_digitised,336339.998,4645017.674
student:03983,student_standardised,1000071537513436300,K-35-075-1,burial_mound,out_of_scope,as_digitised,student_digitised,338514.914,4645205.070
student:03984,student_standardised,1000071537513496300,K-35-075-1,burial_mound,out_of_scope,as_digitised,student_digitised,339982.800,4645062.600
student:03985,student_standardised,1000071537513650600,K-35-075-1,burial_mound,directly_reviewed,own_mark,student_digitised,344330.867,4645229.404
student:03986,student_standardised,1000071537513707400,K-35-075-1,burial_mound,out_of_scope,as_digitised,student_digitised,345170.413,4645279.943
student:03987,student_standardised,1000071537513755e3,K-35-075-1,burial_mound,out_of_scope,as_digitised,student_digitised,346197.511,4645454.714
student:03988,student_standardised,1000071537513851e3,K-35-075-1,burial_mound,directly_reviewed,own_mark,student_digitised,347839.944,4645581.420
student:03989,student_standardised,1000071537514472300,K-35-075-1,burial_mound,out_of_scope,as_digitised,student_digitised,342814.795,4644962.701
student:03990,student_standardised,1000071537514627300,K-35-075-1,burial_mound,out_of_scope,as_digitised,student_digitised,336357.938,4644862.432
student:03991,student_standardised,1000071537514663400,K-35-075-1,burial_mound,out_of_scope,as_digitised,student_digitised,336297.774,4644776.762
student:03992,student_standardised,1000071537514683500,K-35-075-1,burial_mound,out_of_scope,as_digitised,student_digitised,336344.344,4644655.736
student:03993,student_standardised,1000071537514717400,K-35-075-1,burial_mound,out_of_scope,as_digitised,student_digitised,336220.145,4644313.022
student:03994,student_standardised,1000071537514748700,K-35-075-1,burial_mound,out_of_scope,as_digitised,student_digitised,336245.958,4644239.180
student:03995,student_standardised,1000071537514774500,K-35-075-1,burial_mound,out_of_scope,as_digitised,student_digitised,336449.678,4644243.247
student:03996,student_standardised,1000071537514802400,K-35-075-1,burial_mound,out_of_scope,as_digitised,student_digitised,336132.806,4644052.672
student:03997,student_standardised,1000071537514867200,K-35-075-1,burial_mound,out_of_scope,as_digitised,student_digitised,334765.946,4644584.016
student:03998,student_standardised,1000071537769847700,K-35-075-1,burial_mound,out_of_scope,as_digitised,student_digitised,334252.342,4643208.076
student:03999,student_standardised,1000071537769908600,K-35-075-1,burial_mound,out_of_scope,as_digitised,student_digitised,334349.465,4642555.920
student:04000,student_standardised,1000071537770026500,K-35-075-1,burial_mound,out_of_scope,as_digitised,student_digitised,336271.924,4643802.801
student:04001,student_standardised,1000071537770124200,K-35-075-1,burial_mound,out_of_scope,as_digitised,student_digitised,337464.334,4642186.019
student:04002,student_standardised,1.0000715377702001e+018,K-35-075-1,burial_mound,out_of_scope,as_digitised,student_digitised,338990.235,4642778.157
student:04003,student_standardised,1000071537770568700,K-35-075-1,burial_mound,out_of_scope,as_digitised,student_digitised,342813.459,4643426.486
student:04004,student_standardised,1000071537770612200,K-35-075-1,burial_mound,out_of_scope,as_digitised,student_digitised,342931.242,4642348.090
student:04005,student_standardised,1000071537770759800,K-35-075-1,burial_mound,out_of_scope,as_digitised,student_digitised,343457.981,4643773.773
student:04006,student_standardised,1000071537770782600,K-35-075-1,burial_mound,out_of_scope,as_digitised,student_digitised,343431.950,4643348.529
student:04007,student_standardised,1000071537770834700,K-35-075-1,burial_mound,out_of_scope,as_digitised,student_digitised,344171.826,4642734.934
student:04008,student_standardised,1000071537770864400,K-35-075-1,burial_mound,out_of_scope,as_digitised,student_digitised,344248.424,4643234.302
student:04009,student_standardised,1000071537773065700,K-35-075-1,burial_mound,out_of_scope,as_digitised,student_digitised,339999.464,4640218.392
student:04010,student_standardised,1000071537773089300,K-35-075-1,burial_mound,out_of_scope,as_digitised,student_digitised,339768.878,4640279.267
student:04011,student_standardised,1000071537773199900,K-35-075-1,burial_mound,out_of_scope,as_digitised,student_digitised,339039.178,4640617.139
student:04012,student_standardised,1000071537773224700,K-35-075-1,burial_mound,out_of_scope,as_digitised,student_digitised,339039.876,4640700.866
student:04013,student_standardised,1000071537773252e3,K-35-075-1,burial_mound,out_of_scope,as_digitised,student_digitised,338367.297,4640139.491
student:04014,student_standardised,1000071537773324500,K-35-075-1,burial_mound,out_of_scope,as_digitised,student_digitised,337260.949,4640896.981
student:04015,student_standardised,1000071537773351700,K-35-075-1,burial_mound,out_of_scope,as_digitised,student_digitised,337198.620,4640989.857
student:04016,student_standardised,1000071537773381900,K-35-075-1,burial_mound,out_of_scope,as_digitised,student_digitised,337682.861,4641280.132
student:04017,student_standardised,1000071537773415700,K-35-075-1,burial_mound,directly_reviewed,own_mark,student_digitised,337740.340,4641363.140
student:04018,student_standardised,1000071537773439700,K-35-075-1,burial_mound,directly_reviewed,own_mark,student_digitised,337776.570,4641444.523
student:04019,student_standardised,1000071537773462400,K-35-075-1,burial_mound,out_of_scope,as_digitised,student_digitised,337688.794,4641698.894
student:04020,student_standardised,1000071537773707400,K-35-075-1,burial_mound,out_of_scope,as_digitised,student_digitised,338078.203,4639945.530
student:04021,student_standardised,1000071537774263200,K-35-075-1,burial_mound,out_of_scope,as_digitised,student_digitised,349129.701,4639835.070
student:04022,student_standardised,1000071537774285800,K-35-075-1,burial_mound,out_of_scope,as_digitised,student_digitised,349165.294,4639599.736
student:04023,student_standardised,merged-K-35-075-2_c04192,K-35-075-2,bench_mark_on_mound,directly_reviewed,own_mark,student_digitised,356306.608,4650457.042
student:04024,student_standardised,merged-K-35-075-2_c04193,K-35-075-2,burial_mound,directly_reviewed,own_mark,student_digitised,357012.589,4649903.894
student:04025,student_standardised,merged-K-35-075-2_c04194,K-35-075-2,settlement_mound,directly_reviewed,own_mark,student_digitised,355629.209,4650013.185
student:04026,student_standardised,merged-K-35-075-2_c04197,K-35-075-2,burial_mound,directly_reviewed,own_mark,student_digitised,373613.628,4649404.104
student:04027,student_standardised,merged-K-35-075-2_c04198,K-35-075-2,burial_mound,directly_reviewed,own_mark,student_digitised,372173.473,4649089.924
student:04028,student_standardised,merged-K-35-075-2_c04199,K-35-075-2,burial_mound,directly_reviewed,own_mark,student_digitised,371820.044,4649224.521
student:04029,student_standardised,merged-K-35-075-2_c04200,K-35-075-2,burial_mound,directly_reviewed,own_mark,student_digitised,371642.180,4649669.960
student:04030,student_standardised,1000051537866700500,K-35-075-2,burial_mound,out_of_scope,as_digitised,student_digitised,370340.409,4650101.768
student:04031,student_standardised,1000051537867426400,K-35-075-2,burial_mound,out_of_scope,as_digitised,student_digitised,366239.771,4649750.081
student:04032,student_standardised,1000051537868185700,K-35-075-2,burial_mound,out_of_scope,as_digitised,student_digitised,358235.326,4648349.839
student:04033,student_standardised,1000051537868241400,K-35-075-2,burial_mound,out_of_scope,as_digitised,student_digitised,360335.403,4648147.290
student:04034,student_standardised,1000051537868274400,K-35-075-2,burial_mound,out_of_scope,as_digitised,student_digitised,360505.297,4648167.675
student:04035,student_standardised,1000051537868371e3,K-35-075-2,burial_mound,out_of_scope,as_digitised,student_digitised,365219.394,4648893.495
student:04036,student_standardised,1000051537868419700,K-35-075-2,burial_mound,out_of_scope,as_digitised,student_digitised,365004.722,4648237.845
student:04037,student_standardised,1000051537868479900,K-35-075-2,burial_mound,out_of_scope,as_digitised,student_digitised,367530.159,4648557.925
student:04038,student_standardised,1000051537868578300,K-35-075-2,burial_mound,out_of_scope,as_digitised,student_digitised,371089.998,4648469.201
student:04039,student_standardised,1000051537868639700,K-35-075-2,burial_mound,out_of_scope,as_digitised,student_digitised,372136.578,4648942.710
student:04040,student_standardised,1000051537868665600,K-35-075-2,burial_mound,out_of_scope,as_digitised,student_digitised,372328.244,4648962.763
student:04041,student_standardised,100005153786875e4,K-35-075-2,burial_mound,out_of_scope,as_digitised,student_digitised,372439.256,4648757.328
student:04042,student_standardised,1000051537868769e3,K-35-075-2,burial_mound,out_of_scope,as_digitised,student_digitised,372501.798,4648714.057
student:04043,student_standardised,1000051537868806400,K-35-075-2,burial_mound,out_of_scope,as_digitised,student_digitised,372397.752,4648558.654
student:04044,student_standardised,1000051537869392100,K-35-075-2,burial_mound,directly_reviewed,own_mark,student_digitised,369916.451,4647387.056
student:04045,student_standardised,1000051537869497300,K-35-075-2,burial_mound,out_of_scope,as_digitised,student_digitised,366964.765,4647665.009
student:04046,student_standardised,1000051537869574500,K-35-075-2,burial_mound,out_of_scope,as_digitised,student_digitised,365231.608,4647509.737
student:04047,student_standardised,1000051537869969400,K-35-075-2,burial_mound,out_of_scope,as_digitised,student_digitised,357906.361,4647073.372
student:04048,student_standardised,1000051537870127100,K-35-075-2,burial_mound,directly_reviewed,own_mark,student_digitised,357677.459,4646528.217
student:04049,student_standardised,1000051537870163500,K-35-075-2,burial_mound,directly_reviewed,own_mark,student_digitised,357721.183,4646476.598
student:04050,student_standardised,1000051537870611e3,K-35-075-2,burial_mound,out_of_scope,as_digitised,student_digitised,371036.918,4646910.056
student:04051,student_standardised,1000051537870676500,K-35-075-2,burial_mound,out_of_scope,as_digitised,student_digitised,372772.101,4646859.298
student:04052,student_standardised,1000051537870847400,K-35-075-2,burial_mound,out_of_scope,as_digitised,student_digitised,374002.834,4646263.885
student:04053,student_standardised,1000051537870984700,K-35-075-2,burial_mound,out_of_scope,as_digitised,student_digitised,370825.178,4645086.603
student:04054,student_standardised,1000051537871055100,K-35-075-2,burial_mound,directly_reviewed,own_mark,student_digitised,370293.166,4645862.922
student:04055,student_standardised,1000051537871084500,K-35-075-2,burial_mound,directly_reviewed,own_mark,student_digitised,370326.962,4645797.636
student:04056,student_standardised,1000051537871107100,K-35-075-2,burial_mound,out_of_scope,as_digitised,student_digitised,370276.483,4645721.934
student:04057,student_standardised,1000051537871155e3,K-35-075-2,burial_mound,out_of_scope,as_digitised,student_digitised,369383.025,4645246.065
student:04058,student_standardised,1000051537871276800,K-35-075-2,burial_mound,out_of_scope,as_digitised,student_digitised,368030.259,4645793.182
student:04059,student_standardised,1000051537871323400,K-35-075-2,burial_mound,out_of_scope,as_digitised,student_digitised,367077.045,4645846.217
student:04060,student_standardised,1000051537872029400,K-35-075-2,burial_mound,directly_reviewed,own_mark,student_digitised,363084.569,4644842.748
student:04061,student_standardised,1000051537872054500,K-35-075-2,burial_mound,out_of_scope,as_digitised,student_digitised,363169.483,4644875.727
student:04062,student_standardised,1000051537872135400,K-35-075-2,burial_mound,directly_reviewed,own_mark,student_digitised,366713.298,4644188.518
student:04063,student_standardised,1000051537872200300,K-35-075-2,burial_mound,out_of_scope,as_digitised,student_digitised,367090.146,4644397.364
student:04064,student_standardised,1000051537872224300,K-35-075-2,burial_mound,out_of_scope,as_digitised,student_digitised,367101.779,4644229.310
student:04065,student_standardised,1000051537872297200,K-35-075-2,burial_mound,out_of_scope,as_digitised,student_digitised,368481.553,4644317.820
student:04066,student_standardised,1000051537872349600,K-35-075-2,burial_mound,directly_reviewed,own_mark,student_digitised,368826.108,4644222.602
student:04067,student_standardised,1000051537872412400,K-35-075-2,burial_mound,out_of_scope,as_digitised,student_digitised,369781.324,4644817.385
student:04068,student_standardised,1000051537872507500,K-35-075-2,burial_mound,out_of_scope,as_digitised,student_digitised,370067.837,4644911.410
student:04069,student_standardised,1000051537872549e3,K-35-075-2,burial_mound,out_of_scope,as_digitised,student_digitised,369999.143,4644341.086
student:04070,student_standardised,1000051537872619e3,K-35-075-2,burial_mound,out_of_scope,as_digitised,student_digitised,370579.121,4644439.250
student:04071,student_standardised,1000051537872710900,K-35-075-2,burial_mound,out_of_scope,as_digitised,student_digitised,371287.296,4644822.629
student:04072,student_standardised,1000051537872927900,K-35-075-2,burial_mound,out_of_scope,as_digitised,student_digitised,372197.614,4644805.263
student:04073,student_standardised,1000051537872975100,K-35-075-2,burial_mound,out_of_scope,as_digitised,student_digitised,372392.710,4644667.474
student:04074,student_standardised,1000051537873042200,K-35-075-2,burial_mound,out_of_scope,as_digitised,student_digitised,373035.056,4644818.703
student:04075,student_standardised,1000051537873485300,K-35-075-2,burial_mound,out_of_scope,as_digitised,student_digitised,368880.758,4644005.704
student:04076,student_standardised,1000051537873965300,K-35-075-2,burial_mound,out_of_scope,as_digitised,student_digitised,366792.173,4643994.269
student:04077,student_standardised,1000051537874045200,K-35-075-2,burial_mound,out_of_scope,as_digitised,student_digitised,366718.345,4643644.157
student:04078,student_standardised,1000051537875051500,K-35-075-2,burial_mound,out_of_scope,as_digitised,student_digitised,358207.715,4643169.085
student:04079,student_standardised,1000051537875966600,K-35-075-2,burial_mound,out_of_scope,as_digitised,student_digitised,363399.119,4642715.312
student:04080,student_standardised,1000051537876027e3,K-35-075-2,burial_mound,out_of_scope,as_digitised,student_digitised,364283.641,4642168.847
student:04081,student_standardised,1000051537876218600,K-35-075-2,burial_mound,out_of_scope,as_digitised,student_digitised,373930.086,4642009.184
student:04082,student_standardised,1000051537876286100,K-35-075-2,burial_mound,out_of_scope,as_digitised,student_digitised,374651.600,4641487.194
student:04083,student_standardised,1000051537876344800,K-35-075-2,burial_mound,out_of_scope,as_digitised,student_digitised,374433.497,4641850.345
student:04084,student_standardised,1000051537876401900,K-35-075-2,burial_mound,out_of_scope,as_digitised,student_digitised,372933.421,4641244.196
student:04085,student_standardised,1000051537877258200,K-35-075-2,burial_mound,out_of_scope,as_digitised,student_digitised,356610.745,4641873.149
student:04086,student_standardised,1000051537877616900,K-35-075-2,burial_mound,out_of_scope,as_digitised,student_digitised,361965.658,4640199.239
student:04087,student_standardised,1000051537877652200,K-35-075-2,burial_mound,out_of_scope,as_digitised,student_digitised,362164.549,4640233.031
student:04088,student_standardised,1000051537877695400,K-35-075-2,burial_mound,out_of_scope,as_digitised,student_digitised,362920.208,4640202.930
student:04089,student_standardised,1000051537877952800,K-35-075-2,burial_mound,directly_reviewed,own_mark,student_digitised,373765.912,4640474.929
student:04090,student_standardised,1000051537877977900,K-35-075-2,burial_mound,directly_reviewed,own_mark,student_digitised,373752.540,4640404.323
student:04091,student_standardised,1000051537878019600,K-35-075-2,burial_mound,out_of_scope,as_digitised,student_digitised,373969.686,4640427.966
student:04092,student_standardised,1000051537878071800,K-35-075-2,bench_mark_on_mound,directly_reviewed,own_mark,student_digitised,374855.522,4639431.912
student:04093,student_standardised,1000051537878120700,K-35-075-2,burial_mound,out_of_scope,as_digitised,student_digitised,373964.286,4639324.683
student:04094,student_standardised,1000051537878251e3,K-35-075-2,burial_mound,out_of_scope,as_digitised,student_digitised,371446.623,4639684.422
student:04095,student_standardised,1000051537878338800,K-35-075-2,burial_mound,out_of_scope,as_digitised,student_digitised,369721.981,4639101.042
student:04096,student_standardised,1000051537878385900,K-35-075-2,burial_mound,out_of_scope,as_digitised,student_digitised,368461.540,4639448.705
student:04097,student_standardised,1000051537878704400,K-35-075-2,burial_mound,out_of_scope,as_digitised,student_digitised,362644.325,4639058.126
student:04098,student_standardised,1000051537879302e3,K-35-075-2,burial_mound,out_of_scope,as_digitised,student_digitised,365028.095,4638808.937
student:04099,student_standardised,1000051537879371500,K-35-075-2,burial_mound,out_of_scope,as_digitised,student_digitised,366536.158,4638089.930
student:04100,student_standardised,1000051537879504e3,K-35-075-2,burial_mound,out_of_scope,as_digitised,student_digitised,369576.137,4638798.626
student:04101,student_standardised,1000051537879648500,K-35-075-2,burial_mound,out_of_scope,as_digitised,student_digitised,372518.679,4638916.178
student:04102,student_standardised,1000051537879773700,K-35-075-2,burial_mound,out_of_scope,as_digitised,student_digitised,374157.345,4638311.880
student:04103,student_standardised,1000051537879801900,K-35-075-2,burial_mound,out_of_scope,as_digitised,student_digitised,374827.516,4638638.617
student:04104,student_standardised,1000051537879824900,K-35-075-2,burial_mound,out_of_scope,as_digitised,student_digitised,374793.425,4638533.370
student:04105,student_standardised,1000051537879904500,K-35-075-2,burial_mound,out_of_scope,as_digitised,student_digitised,375258.451,4637118.420
student:04106,student_standardised,1000051537879995400,K-35-075-2,burial_mound,out_of_scope,as_digitised,student_digitised,373314.369,4637348.431
student:04107,student_standardised,1000051537880037e3,K-35-075-2,burial_mound,out_of_scope,as_digitised,student_digitised,372152.181,4637823.947
student:04108,student_standardised,1000051537880209300,K-35-075-2,burial_mound,out_of_scope,as_digitised,student_digitised,367068.711,4637511.023
student:04109,student_standardised,1000051537880352100,K-35-075-2,burial_mound,out_of_scope,as_digitised,student_digitised,366787.606,4637275.059
student:04110,student_standardised,1000051537880393100,K-35-075-2,burial_mound,out_of_scope,as_digitised,student_digitised,366112.341,4637215.808
student:04111,student_standardised,1000051537880435800,K-35-075-2,burial_mound,out_of_scope,as_digitised,student_digitised,365833.646,4637413.616
student:04112,student_standardised,1000051537880878200,K-35-075-2,burial_mound,out_of_scope,as_digitised,student_digitised,357360.233,4636512.819
student:04113,student_standardised,1000051537881028500,K-35-075-2,burial_mound,out_of_scope,as_digitised,student_digitised,360405.874,4636820.679
student:04114,student_standardised,1000051537881058300,K-35-075-2,burial_mound,out_of_scope,as_digitised,student_digitised,360436.048,4636484.795
student:04115,student_standardised,1000051537881084200,K-35-075-2,burial_mound,out_of_scope,as_digitised,student_digitised,360511.827,4636434.508
student:04116,student_standardised,1000051537881246200,K-35-075-2,burial_mound,out_of_scope,as_digitised,student_digitised,364435.140,4636647.069
student:04117,student_standardised,1000051537881555800,K-35-075-2,burial_mound,out_of_scope,as_digitised,student_digitised,369723.001,4636723.717
student:04118,student_standardised,1000051537881645e3,K-35-075-2,burial_mound,proxy_confirmed,claimant_mark,student_digitised,372770.325,4636070.457
student:04119,student_standardised,1000051537881981400,K-35-075-2,burial_mound,out_of_scope,as_digitised,student_digitised,374855.973,4636006.685
student:04120,student_standardised,1000051537882025200,K-35-075-2,burial_mound,out_of_scope,as_digitised,student_digitised,373752.448,4635990.794
student:04121,student_standardised,1000051537882070300,K-35-075-2,burial_mound,directly_reviewed,own_mark,student_digitised,373188.026,4635121.608
student:04122,student_standardised,1000051537882094e3,K-35-075-2,burial_mound,directly_reviewed,own_mark,student_digitised,373212.757,4635055.904
student:04123,student_standardised,1000051537882235900,K-35-075-2,burial_mound,directly_reviewed,own_mark,student_digitised,368241.765,4635472.735
student:04124,student_standardised,1000051537882404e3,K-35-075-2,burial_mound,out_of_scope,as_digitised,student_digitised,364424.103,4636014.057
student:04125,student_standardised,1.0000515378825039e+018,K-35-075-2,burial_mound,out_of_scope,as_digitised,student_digitised,362934.565,4635291.508
student:04126,student_standardised,1000051537882686100,K-35-075-2,burial_mound,out_of_scope,as_digitised,student_digitised,357825.980,4634688.014
student:04127,student_standardised,1000051537882846200,K-35-075-2,burial_mound,out_of_scope,as_digitised,student_digitised,361178.900,4634521.481
student:04128,student_standardised,1000051537882906600,K-35-075-2,burial_mound,out_of_scope,as_digitised,student_digitised,361065.243,4634295.881
student:04129,student_standardised,1000051537882974200,K-35-075-2,burial_mound,out_of_scope,as_digitised,student_digitised,362638.889,4634450.691
student:04130,student_standardised,1000051537883016800,K-35-075-2,burial_mound,out_of_scope,as_digitised,student_digitised,362557.236,4634393.239
student:04131,student_standardised,1000051537883166700,K-35-075-2,burial_mound,out_of_scope,as_digitised,student_digitised,363880.756,4634585.524
student:04132,student_standardised,1000051537883388700,K-35-075-2,burial_mound,out_of_scope,as_digitised,student_digitised,367013.580,4634555.012
student:04133,student_standardised,1000051537883495e3,K-35-075-2,burial_mound,out_of_scope,as_digitised,student_digitised,370889.891,4634834.057
student:04134,student_standardised,1000051537883574e3,K-35-075-2,burial_mound,out_of_scope,as_digitised,student_digitised,372616.733,4634917.671
student:04135,student_standardised,1000051537883596900,K-35-075-2,burial_mound,out_of_scope,as_digitised,student_digitised,372571.205,4634811.982
student:04136,student_standardised,1000051537883654700,K-35-075-2,burial_mound,directly_reviewed,own_mark,student_digitised,373161.282,4634241.482
student:04137,student_standardised,1000051537883683100,K-35-075-2,burial_mound,out_of_scope,as_digitised,student_digitised,373219.524,4634156.383
student:04138,student_standardised,1000051537883715700,K-35-075-2,burial_mound,directly_reviewed,own_mark,student_digitised,373523.631,4634688.809
student:04139,student_standardised,1000051537883741300,K-35-075-2,burial_mound,out_of_scope,as_digitised,student_digitised,373490.812,4634584.046
student:04140,student_standardised,1000051537883789600,K-35-075-2,burial_mound,out_of_scope,as_digitised,student_digitised,374201.312,4634760.769
student:04141,student_standardised,1000051537883878900,K-35-075-2,burial_mound,directly_reviewed,own_mark,student_digitised,374089.001,4634287.788
student:04142,student_standardised,1000051537883906600,K-35-075-2,burial_mound,directly_reviewed,own_mark,student_digitised,374084.694,4634220.633
student:04143,student_standardised,1000051537883933e3,K-35-075-2,burial_mound,out_of_scope,as_digitised,student_digitised,374507.456,4634252.188
student:04144,student_standardised,1000051537883972600,K-35-075-2,burial_mound,out_of_scope,as_digitised,student_digitised,374066.467,4634012.444
student:04145,student_standardised,100005153788407e4,K-35-075-2,burial_mound,out_of_scope,as_digitised,student_digitised,371512.131,4633544.982
student:04146,student_standardised,1000051537884118800,K-35-075-2,burial_mound,out_of_scope,as_digitised,student_digitised,370930.928,4633686.528
student:04147,student_standardised,1000051537884217600,K-35-075-2,burial_mound,out_of_scope,as_digitised,student_digitised,370432.566,4633197.343
student:04148,student_standardised,1000051537884259100,K-35-075-2,burial_mound,out_of_scope,as_digitised,student_digitised,370087.552,4633891.742
student:04149,student_standardised,1000051537884287700,K-35-075-2,burial_mound,directly_reviewed,own_mark,student_digitised,370096.040,4634013.874
student:04150,student_standardised,1000051537884339500,K-35-075-2,burial_mound,out_of_scope,as_digitised,student_digitised,369788.561,4633406.654
student:04151,student_standardised,100005153788465e4,K-35-075-2,burial_mound,out_of_scope,as_digitised,student_digitised,367767.017,4633040.347
student:04152,student_standardised,1000051537884718700,K-35-075-2,burial_mound,out_of_scope,as_digitised,student_digitised,365560.903,4633294.632
student:04153,student_standardised,1000051537884762100,K-35-075-2,burial_mound,out_of_scope,as_digitised,student_digitised,364350.597,4633701.309
student:04154,student_standardised,1000051537884846600,K-35-075-2,burial_mound,out_of_scope,as_digitised,student_digitised,363491.806,4634002.529
student:04155,student_standardised,1000051537884877300,K-35-075-2,burial_mound,out_of_scope,as_digitised,student_digitised,363099.616,4633286.800
student:04156,student_standardised,1000051537884934e3,K-35-075-2,burial_mound,out_of_scope,as_digitised,student_digitised,360701.038,4633558.166
student:04157,student_standardised,1000051537885316600,K-35-075-2,bench_mark_on_mound,directly_reviewed,own_mark,student_digitised,373046.115,4632585.790
student:04158,student_standardised,1000051537855145500,K-35-075-3,burial_mound,proxy_confirmed,claimant_mark,student_digitised,354359.563,4629746.400
student:04159,student_standardised,1000051537858474e3,K-35-075-3,burial_mound,out_of_scope,as_digitised,student_digitised,344470.204,4624603.986
student:04160,student_standardised,1000051538025493100,K-35-075-4,burial_mound,directly_reviewed,own_mark,student_digitised,363410.188,4632487.598
student:04161,student_standardised,1000051538025520400,K-35-075-4,burial_mound,directly_reviewed,own_mark,student_digitised,363472.393,4632478.566
student:04162,student_standardised,1000051538025779100,K-35-075-4,burial_mound,out_of_scope,as_digitised,student_digitised,373861.291,4631102.750
student:04163,student_standardised,1000051538025873900,K-35-075-4,burial_mound,out_of_scope,as_digitised,student_digitised,371394.523,4631181.396
student:04164,student_standardised,1000051538025923200,K-35-075-4,burial_mound,out_of_scope,as_digitised,student_digitised,369402.626,4631880.182
student:04165,student_standardised,1000051538026289800,K-35-075-4,burial_mound,out_of_scope,as_digitised,student_digitised,361415.138,4631185.768
student:04166,student_standardised,1000051538026622600,K-35-075-4,burial_mound,out_of_scope,as_digitised,student_digitised,363011.877,4630740.119
student:04167,student_standardised,1000051538026668500,K-35-075-4,burial_mound,out_of_scope,as_digitised,student_digitised,363939.826,4630662.560
student:04168,student_standardised,1000051538026701e3,K-35-075-4,burial_mound,proxy_confirmed,claimant_mark,student_digitised,364625.914,4630820.589
student:04169,student_standardised,1000051538026862600,K-35-075-4,burial_mound,out_of_scope,as_digitised,student_digitised,367109.683,4630287.692
student:04170,student_standardised,1000051538027068400,K-35-075-4,burial_mound,out_of_scope,as_digitised,student_digitised,371459.239,4630777.618
student:04171,student_standardised,1000051538027120800,K-35-075-4,burial_mound,out_of_scope,as_digitised,student_digitised,372702.180,4630759.792
student:04172,student_standardised,1000051538027178900,K-35-075-4,burial_mound,out_of_scope,as_digitised,student_digitised,375144.424,4629273.734
student:04173,student_standardised,1000051538027561200,K-35-075-4,burial_mound,out_of_scope,as_digitised,student_digitised,362309.043,4629300.242
student:04174,student_standardised,1000051538027802600,K-35-075-4,burial_mound,out_of_scope,as_digitised,student_digitised,355840.301,4629036.859
student:04175,student_standardised,1000051538027993700,K-35-075-4,burial_mound,out_of_scope,as_digitised,student_digitised,359836.023,4628934.180
student:04176,student_standardised,1000051538028063700,K-35-075-4,burial_mound,directly_reviewed,own_mark,student_digitised,361352.085,4628148.676
student:04177,student_standardised,1000051538028093200,K-35-075-4,burial_mound,directly_reviewed,own_mark,student_digitised,361382.172,4628085.311
student:04178,student_standardised,1000051538028435500,K-35-075-4,burial_mound,out_of_scope,as_digitised,student_digitised,372854.878,4628772.512
student:04179,student_standardised,1000051538028476800,K-35-075-4,burial_mound,out_of_scope,as_digitised,student_digitised,373769.482,4628631.719
student:04180,student_standardised,1000051538028567300,K-35-075-4,burial_mound,directly_reviewed,own_mark,student_digitised,374299.663,4627560.296
student:04181,student_standardised,1000051538028650500,K-35-075-4,burial_mound,out_of_scope,as_digitised,student_digitised,367087.508,4627360.326
student:04182,student_standardised,1000051538028943100,K-35-075-4,burial_mound,directly_reviewed,own_mark,student_digitised,361288.448,4627916.535
student:04183,student_standardised,1000051538028981100,K-35-075-4,burial_mound,directly_reviewed,own_mark,student_digitised,361309.608,4627861.105
student:04184,student_standardised,1000051538029003e3,K-35-075-4,burial_mound,directly_reviewed,own_mark,student_digitised,361234.587,4627829.707
student:04185,student_standardised,1000051538029024100,K-35-075-4,burial_mound,directly_reviewed,own_mark,student_digitised,361194.701,4627787.813
student:04186,student_standardised,1000051538029073300,K-35-075-4,burial_mound,directly_reviewed,own_mark,student_digitised,360522.829,4627474.340
student:04187,student_standardised,1000051538029103600,K-35-075-4,burial_mound,directly_reviewed,own_mark,student_digitised,360464.664,4627475.772
student:04188,student_standardised,1000051538029276e3,K-35-075-4,burial_mound,out_of_scope,as_digitised,student_digitised,355194.781,4627049.714
student:04189,student_standardised,1000051538029657700,K-35-075-4,burial_mound,out_of_scope,as_digitised,student_digitised,366980.811,4626053.849
student:04190,student_standardised,1000051538029711100,K-35-075-4,burial_mound,out_of_scope,as_digitised,student_digitised,369049.664,4626663.773
student:04191,student_standardised,1000051538029736700,K-35-075-4,burial_mound,out_of_scope,as_digitised,student_digitised,369128.252,4626700.354
student:04192,student_standardised,1000051538030186e3,K-35-075-4,burial_mound,out_of_scope,as_digitised,student_digitised,369069.490,4625476.258
student:04193,student_standardised,1000051538030276500,K-35-075-4,burial_mound,out_of_scope,as_digitised,student_digitised,368550.626,4625699.204
student:04194,student_standardised,1000051538030836500,K-35-075-4,burial_mound,out_of_scope,as_digitised,student_digitised,359981.307,4624553.096
student:04195,student_standardised,1000051538030861e3,K-35-075-4,burial_mound,out_of_scope,as_digitised,student_digitised,360036.306,4624356.541
student:04196,student_standardised,1000051538031314600,K-35-075-4,burial_mound,out_of_scope,as_digitised,student_digitised,368642.655,4624687.529
student:04197,student_standardised,1000051538031411500,K-35-075-4,burial_mound,out_of_scope,as_digitised,student_digitised,369014.299,4624745.860
student:04198,student_standardised,1000051538031845100,K-35-075-4,burial_mound,out_of_scope,as_digitised,student_digitised,371788.577,4623604.505
student:04199,student_standardised,1000051538031909100,K-35-075-4,burial_mound,out_of_scope,as_digitised,student_digitised,371255.941,4623366.537
student:04200,student_standardised,1000051538032039200,K-35-075-4,burial_mound,out_of_scope,as_digitised,student_digitised,369562.671,4623187.488
student:04201,student_standardised,1000051538032115200,K-35-075-4,burial_mound,out_of_scope,as_digitised,student_digitised,369039.012,4623907.957
student:04202,student_standardised,1000051538032178700,K-35-075-4,burial_mound,out_of_scope,as_digitised,student_digitised,368927.101,4623758.887
student:04203,student_standardised,1000051538032299500,K-35-075-4,burial_mound,out_of_scope,as_digitised,student_digitised,368682.965,4623439.118
student:04204,student_standardised,1000051538032546600,K-35-075-4,burial_mound,out_of_scope,as_digitised,student_digitised,365387.588,4623810.809
student:04205,student_standardised,1000051538033354e3,K-35-075-4,burial_mound,out_of_scope,as_digitised,student_digitised,367120.175,4622848.788
student:04206,student_standardised,1000051538033933800,K-35-075-4,burial_mound,directly_reviewed,own_mark,student_digitised,368751.902,4621242.739
student:04207,student_standardised,1000051538033956100,K-35-075-4,burial_mound,directly_reviewed,own_mark,student_digitised,368782.573,4621202.997
student:04208,student_standardised,100005153803419e4,K-35-075-4,burial_mound,out_of_scope,as_digitised,student_digitised,357501.515,4621832.244
student:04209,student_standardised,1000051538034393300,K-35-075-4,burial_mound,out_of_scope,as_digitised,student_digitised,363781.258,4620856.616
student:04210,student_standardised,1000051538034879700,K-35-075-4,burial_mound,out_of_scope,as_digitised,student_digitised,363299.680,4619810.595
student:04211,student_standardised,1000051538035367700,K-35-075-4,burial_mound,out_of_scope,as_digitised,student_digitised,360103.725,4618929.862
student:04212,student_standardised,1000051538035946100,K-35-075-4,burial_mound,out_of_scope,as_digitised,student_digitised,368152.324,4617343.063
student:04213,student_standardised,1000051538036190700,K-35-075-4,burial_mound,out_of_scope,as_digitised,student_digitised,362775.280,4617352.724
student:04214,student_standardised,1000051538037103100,K-35-075-4,burial_mound,out_of_scope,as_digitised,student_digitised,364278.673,4615160.311
student:04215,student_standardised,1.0000515380371919e+018,K-35-075-4,burial_mound,out_of_scope,as_digitised,student_digitised,361482.069,4615723.138
student:04216,student_standardised,100004153666709e4,K-35-076-1,burial_mound,out_of_scope,as_digitised,student_digitised,376221.417,4650144.886
student:04217,student_standardised,100004153666721e4,K-35-076-1,burial_mound,out_of_scope,as_digitised,student_digitised,380316.419,4649328.026
student:04218,student_standardised,100004153666736e4,K-35-076-1,burial_mound,out_of_scope,as_digitised,student_digitised,381480.197,4649799.488
student:04219,student_standardised,1.0000415366674801e+018,K-35-076-1,burial_mound,proxy_confirmed,claimant_mark,student_digitised,383206.502,4650334.503
student:04220,student_standardised,100004153666766e4,K-35-076-1,burial_mound,out_of_scope,as_digitised,student_digitised,383249.968,4649271.531
student:04221,student_standardised,100004153666768e4,K-35-076-1,burial_mound,directly_reviewed,own_mark,student_digitised,383304.408,4649368.892
student:04222,student_standardised,100004153666783e4,K-35-076-1,burial_mound,out_of_scope,as_digitised,student_digitised,385756.346,4649744.133
student:04223,student_standardised,100004153666805e4,K-35-076-1,burial_mound,out_of_scope,as_digitised,student_digitised,392020.127,4649323.259
student:04224,student_standardised,100004153666817e4,K-35-076-1,burial_mound,out_of_scope,as_digitised,student_digitised,393399.410,4649353.359
student:04225,student_standardised,100004153666827e4,K-35-076-1,burial_mound,out_of_scope,as_digitised,student_digitised,396040.440,4649128.695
student:04226,student_standardised,100004153673061e4,K-35-076-1,burial_mound,out_of_scope,as_digitised,student_digitised,379699.039,4633208.866
student:04227,student_standardised,100004153673066e4,K-35-076-1,burial_mound,out_of_scope,as_digitised,student_digitised,380496.630,4633116.369
student:04228,student_standardised,100004153673069e4,K-35-076-1,burial_mound,directly_reviewed,own_mark,student_digitised,380922.449,4633911.921
student:04229,student_standardised,100004153673074e4,K-35-076-1,burial_mound,out_of_scope,as_digitised,student_digitised,381383.518,4632856.883
student:04230,student_standardised,100004153673078e4,K-35-076-1,burial_mound,out_of_scope,as_digitised,student_digitised,381373.447,4632758.735
student:04231,student_standardised,100004153673097e4,K-35-076-1,burial_mound,out_of_scope,as_digitised,student_digitised,387286.269,4633515.607
student:04232,student_standardised,100004153673103e4,K-35-076-1,burial_mound,out_of_scope,as_digitised,student_digitised,387736.558,4633503.373
student:04233,student_standardised,10000415367311e5,K-35-076-1,burial_mound,proxy_confirmed,claimant_mark,student_digitised,387957.061,4633835.431
student:04234,student_standardised,100004153673115e4,K-35-076-1,burial_mound,out_of_scope,as_digitised,student_digitised,388735.581,4633321.008
student:04235,student_standardised,100004153673118e4,K-35-076-1,burial_mound,out_of_scope,as_digitised,student_digitised,388798.860,4633212.376
student:04236,student_standardised,10000415367312e5,K-35-076-1,burial_mound,out_of_scope,as_digitised,student_digitised,388841.912,4633139.431
student:04237,student_standardised,100004153673123e4,K-35-076-1,burial_mound,out_of_scope,as_digitised,student_digitised,389301.496,4633174.880
student:04238,student_standardised,100004153673127e4,K-35-076-1,burial_mound,out_of_scope,as_digitised,student_digitised,389028.887,4632589.756
student:04239,student_standardised,10000415367313e5,K-35-076-1,burial_mound,out_of_scope,as_digitised,student_digitised,389687.350,4632122.787
student:04240,student_standardised,100004153673142e4,K-35-076-1,burial_mound,proxy_confirmed,claimant_mark,student_digitised,390637.658,4633654.702
student:04241,student_standardised,100004153673146e4,K-35-076-1,burial_mound,out_of_scope,as_digitised,student_digitised,390746.396,4633632.836
student:04242,student_standardised,100004153673171e4,K-35-076-1,burial_mound,out_of_scope,as_digitised,student_digitised,395971.844,4634526.825
student:04243,student_standardised,100004153673178e4,K-35-076-1,burial_mound,out_of_scope,as_digitised,student_digitised,394664.080,4634925.745
student:04244,student_standardised,100004153673181e4,K-35-076-1,burial_mound,out_of_scope,as_digitised,student_digitised,394553.416,4635046.549
student:04245,student_standardised,100004153673184e4,K-35-076-1,burial_mound,directly_reviewed,own_mark,student_digitised,394059.842,4634698.966
student:04246,student_standardised,100004153673193e4,K-35-076-1,burial_mound,out_of_scope,as_digitised,student_digitised,393140.050,4635909.825
student:04247,student_standardised,100004153673202e4,K-35-076-1,burial_mound,out_of_scope,as_digitised,student_digitised,389476.640,4634755.797
student:04248,student_standardised,100004153673208e4,K-35-076-1,burial_mound,out_of_scope,as_digitised,student_digitised,389195.230,4634204.996
student:04249,student_standardised,100004153673211e4,K-35-076-1,burial_mound,out_of_scope,as_digitised,student_digitised,389923.315,4635229.055
student:04250,student_standardised,100004153673256e4,K-35-076-1,burial_mound,out_of_scope,as_digitised,student_digitised,389859.497,4635729.732
student:04251,student_standardised,1.0000415367326001e+018,K-35-076-1,burial_mound,out_of_scope,as_digitised,student_digitised,389721.103,4635842.843
student:04252,student_standardised,100004153673482e4,K-35-076-1,burial_mound,out_of_scope,as_digitised,student_digitised,386806.477,4634960.210
student:04253,student_standardised,100004153673489e4,K-35-076-1,burial_mound,out_of_scope,as_digitised,student_digitised,385283.078,4635920.004
student:04254,student_standardised,100004153673493e4,K-35-076-1,burial_mound,out_of_scope,as_digitised,student_digitised,385079.864,4635964.395
student:04255,student_standardised,1.0000415367351601e+018,K-35-076-1,burial_mound,out_of_scope,as_digitised,student_digitised,380052.016,4634550.616
student:04256,student_standardised,10000415367353e5,K-35-076-1,burial_mound,out_of_scope,as_digitised,student_digitised,375480.773,4635832.211
student:04257,student_standardised,100004153673544e4,K-35-076-1,burial_mound,out_of_scope,as_digitised,student_digitised,377081.875,4637629.478
student:04258,student_standardised,100004153673557e4,K-35-076-1,burial_mound,out_of_scope,as_digitised,student_digitised,377407.815,4637298.039
student:04259,student_standardised,100004153673561e4,K-35-076-1,burial_mound,out_of_scope,as_digitised,student_digitised,377949.129,4637416.100
student:04260,student_standardised,100004153673566e4,K-35-076-1,burial_mound,out_of_scope,as_digitised,student_digitised,378941.249,4637107.136
student:04261,student_standardised,100004153673579e4,K-35-076-1,burial_mound,out_of_scope,as_digitised,student_digitised,379653.465,4637751.075
student:04262,student_standardised,100004153673583e4,K-35-076-1,burial_mound,out_of_scope,as_digitised,student_digitised,380098.050,4637507.336
student:04263,student_standardised,1.0000415367358799e+018,K-35-076-1,burial_mound,out_of_scope,as_digitised,student_digitised,380174.310,4637532.211
student:04264,student_standardised,100004153673593e4,K-35-076-1,burial_mound,out_of_scope,as_digitised,student_digitised,380795.934,4637924.281
student:04265,student_standardised,100004153673602e4,K-35-076-1,burial_mound,out_of_scope,as_digitised,student_digitised,381484.058,4638049.533
student:04266,student_standardised,100004153673618e4,K-35-076-1,burial_mound,out_of_scope,as_digitised,student_digitised,383339.659,4636984.848
student:04267,student_standardised,100004153673632e4,K-35-076-1,burial_mound,out_of_scope,as_digitised,student_digitised,384049.263,4636570.906
student:04268,student_standardised,100004153673808e4,K-35-076-1,burial_mound,out_of_scope,as_digitised,student_digitised,385122.412,4636403.450
student:04269,student_standardised,100004153673986e4,K-35-076-1,burial_mound,out_of_scope,as_digitised,student_digitised,386035.052,4637277.919
student:04270,student_standardised,1.0000415367399601e+018,K-35-076-1,burial_mound,out_of_scope,as_digitised,student_digitised,389155.455,4636731.652
student:04271,student_standardised,100004153673999e4,K-35-076-1,burial_mound,out_of_scope,as_digitised,student_digitised,389282.484,4636189.999
student:04272,student_standardised,100004153674008e4,K-35-076-1,burial_mound,out_of_scope,as_digitised,student_digitised,390249.043,4637757.469
student:04273,student_standardised,100004153674015e4,K-35-076-1,burial_mound,out_of_scope,as_digitised,student_digitised,391606.946,4636869.340
student:04274,student_standardised,100004153674017e4,K-35-076-1,burial_mound,out_of_scope,as_digitised,student_digitised,391397.295,4637085.122
student:04275,student_standardised,100004153674021e4,K-35-076-1,burial_mound,out_of_scope,as_digitised,student_digitised,390945.540,4637622.196
student:04276,student_standardised,100004153674033e4,K-35-076-1,burial_mound,out_of_scope,as_digitised,student_digitised,392719.283,4636725.743
student:04277,student_standardised,100004153674038e4,K-35-076-1,burial_mound,out_of_scope,as_digitised,student_digitised,393482.877,4637452.431
student:04278,student_standardised,100004153674048e4,K-35-076-1,burial_mound,out_of_scope,as_digitised,student_digitised,394679.809,4637924.333
student:04279,student_standardised,100004153674051e4,K-35-076-1,burial_mound,out_of_scope,as_digitised,student_digitised,394456.584,4636120.616
student:04280,student_standardised,100004153674056e4,K-35-076-1,bench_mark_on_mound,directly_reviewed,own_mark,student_digitised,394659.839,4637608.020
student:04281,student_standardised,100004153674061e4,K-35-076-1,burial_mound,out_of_scope,as_digitised,student_digitised,395635.048,4636477.390
student:04282,student_standardised,100004153674067e4,K-35-076-1,burial_mound,out_of_scope,as_digitised,student_digitised,396147.848,4636910.307
student:04283,student_standardised,10000415367407e5,K-35-076-1,burial_mound,out_of_scope,as_digitised,student_digitised,395972.734,4637855.301
student:04284,student_standardised,100004153674088e4,K-35-076-1,burial_mound,out_of_scope,as_digitised,student_digitised,392284.928,4639405.734
student:04285,student_standardised,100004153674513e4,K-35-076-1,burial_mound,directly_reviewed,own_mark,student_digitised,383735.172,4638250.269
student:04286,student_standardised,100004153674555e4,K-35-076-1,burial_mound,out_of_scope,as_digitised,student_digitised,377628.868,4638721.876
student:04287,student_standardised,100004153674558e4,K-35-076-1,burial_mound,out_of_scope,as_digitised,student_digitised,376173.568,4638481.704
student:04288,student_standardised,10000415367456e5,K-35-076-1,burial_mound,out_of_scope,as_digitised,student_digitised,376007.290,4638129.053
student:04289,student_standardised,100004153674576e4,K-35-076-1,burial_mound,out_of_scope,as_digitised,student_digitised,376377.027,4641299.112
student:04290,student_standardised,1000041536746e6,K-35-076-1,trig_point_on_mound,directly_reviewed,own_mark,student_digitised,380446.558,4640539.478
student:04291,student_standardised,1.0000415367465999e+018,K-35-076-1,burial_mound,out_of_scope,as_digitised,student_digitised,384002.214,4641735.172
student:04292,student_standardised,100004153674674e4,K-35-076-1,burial_mound,out_of_scope,as_digitised,student_digitised,384653.989,4641756.429
student:04293,student_standardised,100004153674677e4,K-35-076-1,burial_mound,out_of_scope,as_digitised,student_digitised,384354.020,4640195.955
student:04294,student_standardised,100004153674687e4,K-35-076-1,burial_mound,out_of_scope,as_digitised,student_digitised,386735.981,4641542.652
student:04295,student_standardised,100004153674694e4,K-35-076-1,burial_mound,out_of_scope,as_digitised,student_digitised,387103.995,4641247.664
student:04296,student_standardised,100004153674702e4,K-35-076-1,burial_mound,out_of_scope,as_digitised,student_digitised,388683.953,4641507.062
student:04297,student_standardised,1.0000415367470799e+018,K-35-076-1,burial_mound,out_of_scope,as_digitised,student_digitised,389294.805,4640210.862
student:04298,student_standardised,100004153674711e4,K-35-076-1,burial_mound,out_of_scope,as_digitised,student_digitised,389418.693,4640139.600
student:04299,student_standardised,10000415367475e5,K-35-076-1,burial_mound,out_of_scope,as_digitised,student_digitised,395974.165,4642982.359
student:04300,student_standardised,100004153674753e4,K-35-076-1,burial_mound,out_of_scope,as_digitised,student_digitised,395671.361,4643289.157
student:04301,student_standardised,10000415367476e5,K-35-076-1,burial_mound,out_of_scope,as_digitised,student_digitised,396167.697,4643909.223
student:04302,student_standardised,100004153674767e4,K-35-076-1,burial_mound,out_of_scope,as_digitised,student_digitised,393226.720,4642076.863
student:04303,student_standardised,100004153674773e4,K-35-076-1,burial_mound,out_of_scope,as_digitised,student_digitised,393629.946,4642639.689
student:04304,student_standardised,100004153674777e4,K-35-076-1,burial_mound,out_of_scope,as_digitised,student_digitised,393367.070,4643625.204
student:04305,student_standardised,100004153674781e4,K-35-076-1,burial_mound,out_of_scope,as_digitised,student_digitised,393299.530,4642598.340
student:04306,student_standardised,100004153674792e4,K-35-076-1,burial_mound,out_of_scope,as_digitised,student_digitised,390791.682,4643192.544
student:04307,student_standardised,100004153674795e4,K-35-076-1,burial_mound,out_of_scope,as_digitised,student_digitised,390714.639,4643275.406
student:04308,student_standardised,100004153674802e4,K-35-076-1,burial_mound,out_of_scope,as_digitised,student_digitised,390066.087,4643585.881
student:04309,student_standardised,10000415367481e5,K-35-076-1,burial_mound,out_of_scope,as_digitised,student_digitised,389176.558,4643043.884
student:04310,student_standardised,100004153674819e4,K-35-076-1,burial_mound,out_of_scope,as_digitised,student_digitised,388023.896,4642725.369
student:04311,student_standardised,100004153674847e4,K-35-076-1,burial_mound,out_of_scope,as_digitised,student_digitised,386740.664,4643424.015
student:04312,student_standardised,1.0000415367487601e+018,K-35-076-1,burial_mound,out_of_scope,as_digitised,student_digitised,381818.255,4642083.771
student:04313,student_standardised,100004153674904e4,K-35-076-1,burial_mound,out_of_scope,as_digitised,student_digitised,377314.611,4644166.638
student:04314,student_standardised,100004153674909e4,K-35-076-1,burial_mound,out_of_scope,as_digitised,student_digitised,378101.788,4644190.058
student:04315,student_standardised,100004153674918e4,K-35-076-1,burial_mound,out_of_scope,as_digitised,student_digitised,382285.907,4644979.973
student:04316,student_standardised,10000415367492e5,K-35-076-1,burial_mound,out_of_scope,as_digitised,student_digitised,382062.176,4644716.268
student:04317,student_standardised,100004153674931e4,K-35-076-1,burial_mound,proxy_confirmed,claimant_mark,student_digitised,383898.785,4644754.778
student:04318,student_standardised,100004153674934e4,K-35-076-1,burial_mound,out_of_scope,as_digitised,student_digitised,384170.533,4644557.913
student:04319,student_standardised,100004153674938e4,K-35-076-1,trig_point_on_mound,directly_reviewed,own_mark,student_digitised,384080.683,4644601.204
student:04320,student_standardised,100004153674967e4,K-35-076-1,burial_mound,out_of_scope,as_digitised,student_digitised,383936.187,4645933.324
student:04321,student_standardised,100004153674974e4,K-35-076-1,burial_mound,out_of_scope,as_digitised,student_digitised,385027.862,4644210.891
student:04322,student_standardised,100004153674979e4,K-35-076-1,burial_mound,out_of_scope,as_digitised,student_digitised,385662.266,4645746.153
student:04323,student_standardised,100004153675e7,K-35-076-1,burial_mound,out_of_scope,as_digitised,student_digitised,391442.268,4644086.746
student:04324,student_standardised,1.0000415367500401e+018,K-35-076-1,burial_mound,directly_reviewed,own_mark,student_digitised,392422.208,4644278.867
student:04325,student_standardised,100004153675006e4,K-35-076-1,burial_mound,out_of_scope,as_digitised,student_digitised,392460.932,4644202.584
student:04326,student_standardised,100004153675018e4,K-35-076-1,burial_mound,out_of_scope,as_digitised,student_digitised,392744.595,4645808.413
student:04327,student_standardised,1.0000415367518799e+018,K-35-076-1,trig_point_on_mound,directly_reviewed,own_mark,student_digitised,386701.156,4648885.224
student:04328,student_standardised,100004153675194e4,K-35-076-1,burial_mound,out_of_scope,as_digitised,student_digitised,387096.439,4648804.495
student:04329,student_standardised,100004153675235e4,K-35-076-1,burial_mound,proxy_confirmed,claimant_mark,student_digitised,395513.578,4648289.115
student:04330,student_standardised,100004153675246e4,K-35-076-1,burial_mound,out_of_scope,as_digitised,student_digitised,390558.203,4648978.489
student:04331,student_standardised,100004153674095e4,K-35-076-1,burial_mound,out_of_scope,as_digitised,student_digitised,390091.023,4639919.442
student:04332,student_standardised,1000051537885727e3,K-35-076-2,burial_mound,out_of_scope,as_digitised,student_digitised,399563.915,4642855.192
student:04333,student_standardised,1000051537885772500,K-35-076-2,burial_mound,out_of_scope,as_digitised,student_digitised,399234.199,4642407.242
student:04334,student_standardised,1000051537885814400,K-35-076-2,burial_mound,out_of_scope,as_digitised,student_digitised,400518.169,4642635.639
student:04335,student_standardised,1000051537886138600,K-35-076-2,burial_mound,out_of_scope,as_digitised,student_digitised,409505.191,4642638.252
student:04336,student_standardised,1000051537887132700,K-35-076-2,burial_mound,out_of_scope,as_digitised,student_digitised,398434.239,4641220.696
student:04337,student_standardised,1000051537887171200,K-35-076-2,burial_mound,out_of_scope,as_digitised,student_digitised,397336.717,4641333.405
student:04338,student_standardised,1000051537887301400,K-35-076-2,burial_mound,out_of_scope,as_digitised,student_digitised,396405.351,4641408.621
student:04339,student_standardised,1000051537887572200,K-35-076-2,burial_mound,out_of_scope,as_digitised,student_digitised,402719.188,4640577.268
student:04340,student_standardised,1000051537887603200,K-35-076-2,burial_mound,out_of_scope,as_digitised,student_digitised,402577.115,4640203.796
student:04341,student_standardised,1000051537888049900,K-35-076-2,burial_mound,out_of_scope,as_digitised,student_digitised,410714.503,4640296.234
student:04342,student_standardised,1000051537888224100,K-35-076-2,burial_mound,out_of_scope,as_digitised,student_digitised,414146.601,4640429.566
student:04343,student_standardised,1000051537938894600,K-35-076-2,burial_mound,out_of_scope,as_digitised,student_digitised,414192.844,4639939.608
student:04344,student_standardised,1000051537939274e3,K-35-076-2,burial_mound,out_of_scope,as_digitised,student_digitised,402923.268,4639357.431
student:04345,student_standardised,1000051537939330700,K-35-076-2,burial_mound,out_of_scope,as_digitised,student_digitised,401643.405,4639458.734
student:04346,student_standardised,1000051537939703800,K-35-076-2,burial_mound,out_of_scope,as_digitised,student_digitised,403546.598,4638471.534
student:04347,student_standardised,1000051537939780600,K-35-076-2,burial_mound,out_of_scope,as_digitised,student_digitised,404025.468,4638130.586
student:04348,student_standardised,1000051537940741400,K-35-076-2,burial_mound,out_of_scope,as_digitised,student_digitised,397004.855,4637718.345
student:04349,student_standardised,1000051537940789e3,K-35-076-2,burial_mound,out_of_scope,as_digitised,student_digitised,396429.431,4637991.162
student:04350,student_standardised,1000051537940859400,K-35-076-2,burial_mound,out_of_scope,as_digitised,student_digitised,396357.919,4636875.579
student:04351,student_standardised,1000051537940900100,K-35-076-2,burial_mound,out_of_scope,as_digitised,student_digitised,397623.532,4636503.878
student:04352,student_standardised,1000051537941003e3,K-35-076-2,burial_mound,out_of_scope,as_digitised,student_digitised,403090.983,4636153.920
student:04353,student_standardised,1000051537941027600,K-35-076-2,burial_mound,out_of_scope,as_digitised,student_digitised,403095.327,4636056.310
student:04354,student_standardised,1000051537941283600,K-35-076-2,burial_mound,out_of_scope,as_digitised,student_digitised,407845.226,4636860.764
student:04355,student_standardised,1000051537941345400,K-35-076-2,burial_mound,proxy_confirmed,claimant_mark,student_digitised,408192.503,4636785.047
student:04356,student_standardised,1000051537941520600,K-35-076-2,burial_mound,out_of_scope,as_digitised,student_digitised,410240.111,4636357.035
student:04357,student_standardised,1000051537941624600,K-35-076-2,burial_mound,out_of_scope,as_digitised,student_digitised,412596.599,4636901.363
student:04358,student_standardised,1000051537941645600,K-35-076-2,burial_mound,out_of_scope,as_digitised,student_digitised,412689.905,4636777.396
student:04359,student_standardised,1000051537941787e3,K-35-076-2,burial_mound,out_of_scope,as_digitised,student_digitised,414968.904,4635947.618
student:04360,student_standardised,1000051537942049900,K-35-076-2,burial_mound,out_of_scope,as_digitised,student_digitised,410032.939,4635282.877
student:04361,student_standardised,1000051537942135e3,K-35-076-2,burial_mound,out_of_scope,as_digitised,student_digitised,406970.957,4635175.030
student:04362,student_standardised,1000051537942276100,K-35-076-2,burial_mound,out_of_scope,as_digitised,student_digitised,403174.625,4635955.215
student:04363,student_standardised,1000041537946758500,K-35-076-2,burial_mound,out_of_scope,as_digitised,student_digitised,403640.247,4634694.604
student:04364,student_standardised,1000041537946779e3,K-35-076-2,burial_mound,out_of_scope,as_digitised,student_digitised,403718.175,4634625.034
student:04365,student_standardised,1000041537946870800,K-35-076-2,burial_mound,out_of_scope,as_digitised,student_digitised,406109.312,4634849.948
student:04366,student_standardised,1000041537946890200,K-35-076-2,burial_mound,out_of_scope,as_digitised,student_digitised,406609.402,4634580.217
student:04367,student_standardised,1000041537946993400,K-35-076-2,burial_mound,out_of_scope,as_digitised,student_digitised,414386.087,4634066.296
student:04368,student_standardised,1000041537947025900,K-35-076-2,burial_mound,out_of_scope,as_digitised,student_digitised,415385.655,4634297.653
student:04369,student_standardised,1000041537947181300,K-35-076-2,burial_mound,out_of_scope,as_digitised,student_digitised,415430.584,4633497.167
student:04370,student_standardised,1000041537947216500,K-35-076-2,burial_mound,out_of_scope,as_digitised,student_digitised,415250.230,4633402.915
student:04371,student_standardised,1000041537947254e3,K-35-076-2,burial_mound,proxy_confirmed,claimant_mark,student_digitised,414800.319,4633430.898
student:04372,student_standardised,1000041537947275e3,K-35-076-2,burial_mound,out_of_scope,as_digitised,student_digitised,414312.267,4633404.921
student:04373,student_standardised,1000041537947588100,K-35-076-2,burial_mound,out_of_scope,as_digitised,student_digitised,400466.938,4633362.833
student:04374,student_standardised,1000041537948164500,K-35-076-2,burial_mound,out_of_scope,as_digitised,student_digitised,406107.856,4632729.437
student:04375,student_standardised,1000041537948265200,K-35-076-2,burial_mound,out_of_scope,as_digitised,student_digitised,410150.672,4632267.018
student:04376,student_standardised,1000041537948285700,K-35-076-2,burial_mound,out_of_scope,as_digitised,student_digitised,410143.358,4632191.622
student:04377,student_standardised,1000041537948345300,K-35-076-2,burial_mound,out_of_scope,as_digitised,student_digitised,412123.192,4632187.196
student:04378,student_standardised,1000041537948455200,K-35-076-2,burial_mound,out_of_scope,as_digitised,student_digitised,415675.462,4631756.490
student:04379,student_standardised,1000041537950353300,K-35-076-3,burial_mound,out_of_scope,as_digitised,student_digitised,379858.127,4631859.183
student:04380,student_standardised,1000041537950433900,K-35-076-3,burial_mound,out_of_scope,as_digitised,student_digitised,381408.594,4631397.887
student:04381,student_standardised,1000041537950462700,K-35-076-3,burial_mound,out_of_scope,as_digitised,student_digitised,381600.223,4631315.602
student:04382,student_standardised,1000041537950529400,K-35-076-3,burial_mound,out_of_scope,as_digitised,student_digitised,383921.440,4631646.344
student:04383,student_standardised,1000041537950654100,K-35-076-3,burial_mound,out_of_scope,as_digitised,student_digitised,386149.911,4631343.575
student:04384,student_standardised,1.0000415379506801e+018,K-35-076-3,burial_mound,out_of_scope,as_digitised,student_digitised,386347.684,4631192.215
student:04385,student_standardised,1000041537950724100,K-35-076-3,burial_mound,out_of_scope,as_digitised,student_digitised,387266.590,4631565.328
student:04386,student_standardised,1000041537950771500,K-35-076-3,burial_mound,out_of_scope,as_digitised,student_digitised,387389.249,4631528.992
student:04387,student_standardised,1000041537950802e3,K-35-076-3,burial_mound,out_of_scope,as_digitised,student_digitised,388285.831,4631305.270
student:04388,student_standardised,1000041537950848300,K-35-076-3,burial_mound,out_of_scope,as_digitised,student_digitised,389146.530,4631822.564
student:04389,student_standardised,1000041537951392100,K-35-076-3,burial_mound,out_of_scope,as_digitised,student_digitised,380061.039,4630974.814
student:04390,student_standardised,1000041537951414400,K-35-076-3,burial_mound,out_of_scope,as_digitised,student_digitised,379806.129,4630453.646
student:04391,student_standardised,100004153795147e4,K-35-076-3,burial_mound,out_of_scope,as_digitised,student_digitised,378301.317,4630482.913
student:04392,student_standardised,1000041537951513100,K-35-076-3,burial_mound,directly_reviewed,own_mark,student_digitised,377039.316,4630276.579
student:04393,student_standardised,1000041537951619600,K-35-076-3,burial_mound,directly_reviewed,own_mark,student_digitised,377868.528,4629849.819
student:04394,student_standardised,1000041537951709400,K-35-076-3,burial_mound,out_of_scope,as_digitised,student_digitised,378998.655,4629248.777
student:04395,student_standardised,1000041537951732500,K-35-076-3,burial_mound,out_of_scope,as_digitised,student_digitised,379484.293,4629128.454
student:04396,student_standardised,1000041537951765100,K-35-076-3,burial_mound,out_of_scope,as_digitised,student_digitised,379615.995,4629139.617
student:04397,student_standardised,1000041537951786100,K-35-076-3,burial_mound,out_of_scope,as_digitised,student_digitised,379753.259,4629267.018
student:04398,student_standardised,1000041537951823500,K-35-076-3,burial_mound,out_of_scope,as_digitised,student_digitised,379926.538,4629449.140
student:04399,student_standardised,1000041537951999900,K-35-076-3,burial_mound,out_of_scope,as_digitised,student_digitised,383478.742,4629520.004
student:04400,student_standardised,1000041537952064300,K-35-076-3,burial_mound,directly_reviewed,own_mark,student_digitised,384041.113,4629929.874
student:04401,student_standardised,1000041537952198900,K-35-076-3,burial_mound,out_of_scope,as_digitised,student_digitised,387196.384,4629250.520
student:04402,student_standardised,1000041537952220800,K-35-076-3,burial_mound,proxy_confirmed,claimant_mark,student_digitised,387430.055,4629092.031
student:04403,student_standardised,100004153795224e4,K-35-076-3,burial_mound,directly_reviewed,own_mark,student_digitised,387494.136,4629171.942
student:04404,student_standardised,1000041537952438300,K-35-076-3,burial_mound,out_of_scope,as_digitised,student_digitised,395801.791,4628005.837
student:04405,student_standardised,1000041537952591500,K-35-076-3,burial_mound,directly_reviewed,own_mark,student_digitised,387597.093,4628095.806
student:04406,student_standardised,1000041537952665900,K-35-076-3,burial_mound,directly_reviewed,own_mark,student_digitised,387584.422,4628163.054
student:04407,student_standardised,1000041537952704e3,K-35-076-3,burial_mound,out_of_scope,as_digitised,student_digitised,386604.764,4628084.586
student:04408,student_standardised,1000041537953037600,K-35-076-3,burial_mound,out_of_scope,as_digitised,student_digitised,380938.255,4628247.923
student:04409,student_standardised,1000041537953068800,K-35-076-3,burial_mound,out_of_scope,as_digitised,student_digitised,380028.526,4628777.970
student:04410,student_standardised,100004153795311e4,K-35-076-3,burial_mound,out_of_scope,as_digitised,student_digitised,379684.144,4628533.376
student:04411,student_standardised,1000041537953349800,K-35-076-3,burial_mound,directly_reviewed,own_mark,student_digitised,384437.356,4627094.541
student:04412,student_standardised,1000041537953486700,K-35-076-3,burial_mound,directly_reviewed,own_mark,student_digitised,388645.304,4627989.417
student:04413,student_standardised,1000041537953535700,K-35-076-3,burial_mound,out_of_scope,as_digitised,student_digitised,390745.958,4627796.747
student:04414,student_standardised,1000041537953587100,K-35-076-3,burial_mound,out_of_scope,as_digitised,student_digitised,391655.370,4627377.679
student:04415,student_standardised,1000041537953630600,K-35-076-3,burial_mound,out_of_scope,as_digitised,student_digitised,392254.714,4627972.893
student:04416,student_standardised,1000041537953740300,K-35-076-3,burial_mound,out_of_scope,as_digitised,student_digitised,392448.569,4626834.467
student:04417,student_standardised,1000041537953859600,K-35-076-3,burial_mound,out_of_scope,as_digitised,student_digitised,391123.908,4626995.194
student:04418,student_standardised,1000041537954861600,K-35-076-3,burial_mound,out_of_scope,as_digitised,student_digitised,384507.216,4626913.427
student:04419,student_standardised,1000041537955111700,K-35-076-3,burial_mound,out_of_scope,as_digitised,student_digitised,377331.106,4626196.341
student:04420,student_standardised,1000041537955166600,K-35-076-3,burial_mound,out_of_scope,as_digitised,student_digitised,376124.548,4626328.516
student:04421,student_standardised,1000041537958744600,K-35-076-3,burial_mound,out_of_scope,as_digitised,student_digitised,376415.429,4625676.543
student:04422,student_standardised,1000041537958812700,K-35-076-3,burial_mound,directly_reviewed,own_mark,student_digitised,376693.459,4625633.248
student:04423,student_standardised,1000041537958836600,K-35-076-3,burial_mound,directly_reviewed,own_mark,student_digitised,376874.887,4625948.285
student:04424,student_standardised,1000041537958863100,K-35-076-3,burial_mound,directly_reviewed,own_mark,student_digitised,376866.392,4625891.843
student:04425,student_standardised,1000041537959028600,K-35-076-3,burial_mound,out_of_scope,as_digitised,student_digitised,379772.228,4625196.362
student:04426,student_standardised,1000041537959106300,K-35-076-3,burial_mound,out_of_scope,as_digitised,student_digitised,380329.287,4625693.327
student:04427,student_standardised,1000041537959153800,K-35-076-3,burial_mound,directly_reviewed,own_mark,student_digitised,380349.508,4625038.170
student:04428,student_standardised,1000041537959378e3,K-35-076-3,burial_mound,out_of_scope,as_digitised,student_digitised,390556.773,4625549.514
student:04429,student_standardised,1000041537959431200,K-35-076-3,burial_mound,out_of_scope,as_digitised,student_digitised,390890.464,4625304.131
student:04430,student_standardised,1000041537959976300,K-35-076-3,burial_mound,out_of_scope,as_digitised,student_digitised,388711.048,4624622.013
student:04431,student_standardised,1000041537960127e3,K-35-076-3,burial_mound,out_of_scope,as_digitised,student_digitised,384754.561,4624037.540
student:04432,student_standardised,1000041537960195200,K-35-076-3,burial_mound,out_of_scope,as_digitised,student_digitised,384710.194,4624431.372
student:04433,student_standardised,1000041537960314400,K-35-076-3,burial_mound,out_of_scope,as_digitised,student_digitised,382941.249,4624339.807
student:04434,student_standardised,1000041537960568300,K-35-076-3,burial_mound,out_of_scope,as_digitised,student_digitised,378128.321,4624105.844
student:04435,student_standardised,1000041537960797200,K-35-076-3,burial_mound,out_of_scope,as_digitised,student_digitised,382090.287,4623963.302
student:04436,student_standardised,1000041537961751800,K-35-076-3,burial_mound,out_of_scope,as_digitised,student_digitised,385786.514,4622734.026
student:04437,student_standardised,1000041537962574200,K-35-076-3,burial_mound,out_of_scope,as_digitised,student_digitised,395360.457,4620283.697
student:04438,student_standardised,1000041537962816800,K-35-076-3,burial_mound,out_of_scope,as_digitised,student_digitised,386076.854,4620722.348
student:04439,student_standardised,1000041537963560700,K-35-076-3,burial_mound,out_of_scope,as_digitised,student_digitised,392647.607,4619966.852
student:04440,student_standardised,1000041537964731500,K-35-076-3,burial_mound,out_of_scope,as_digitised,student_digitised,386428.765,4617730.293
student:04441,student_standardised,1000041537964765300,K-35-076-3,burial_mound,out_of_scope,as_digitised,student_digitised,386508.039,4617704.745
student:04442,student_standardised,1000041537965349600,K-35-076-3,burial_mound,out_of_scope,as_digitised,student_digitised,395599.110,4616440.868
student:04443,student_standardised,1000041537965442300,K-35-076-3,burial_mound,out_of_scope,as_digitised,student_digitised,392039.339,4616528.269
student:04444,student_standardised,1000041537965919900,K-35-076-3,burial_mound,out_of_scope,as_digitised,student_digitised,376230.179,4615810.960
student:04445,student_standardised,1000041537966517e3,K-35-076-3,burial_mound,out_of_scope,as_digitised,student_digitised,395156.013,4615946.811
student:04446,student_standardised,1000041537966863600,K-35-076-3,burial_mound,out_of_scope,as_digitised,student_digitised,386410.708,4614357.273
student:04447,student_standardised,1000051538039061800,K-35-076-4,burial_mound,out_of_scope,as_digitised,student_digitised,403247.822,4631077.198
student:04448,student_standardised,1000051538039123300,K-35-076-4,burial_mound,out_of_scope,as_digitised,student_digitised,403575.661,4631299.562
student:04449,student_standardised,1000051538039229600,K-35-076-4,burial_mound,out_of_scope,as_digitised,student_digitised,405397.600,4631526.125
student:04450,student_standardised,1000051538039496200,K-35-076-4,burial_mound,out_of_scope,as_digitised,student_digitised,415872.023,4631223.578
student:04451,student_standardised,1000051538039724200,K-35-076-4,burial_mound,out_of_scope,as_digitised,student_digitised,412430.669,4630582.086
student:04452,student_standardised,1000051538039747200,K-35-076-4,burial_mound,out_of_scope,as_digitised,student_digitised,412423.148,4630233.682
student:04453,student_standardised,1000051538040159e3,K-35-076-4,burial_mound,out_of_scope,as_digitised,student_digitised,404273.769,4630287.725
student:04454,student_standardised,1000051538040200700,K-35-076-4,burial_mound,out_of_scope,as_digitised,student_digitised,403198.929,4630357.428
student:04455,student_standardised,1000051538040239100,K-35-076-4,burial_mound,out_of_scope,as_digitised,student_digitised,401887.048,4630531.916
student:04456,student_standardised,1000051538040286200,K-35-076-4,burial_mound,out_of_scope,as_digitised,student_digitised,401349.421,4630023.922
student:04457,student_standardised,1000051538040323600,K-35-076-4,burial_mound,directly_reviewed,own_mark,student_digitised,401080.800,4630039.681
student:04458,student_standardised,1000051538040392800,K-35-076-4,burial_mound,out_of_scope,as_digitised,student_digitised,400514.713,4630122.698
student:04459,student_standardised,1000051538040836600,K-35-076-4,burial_mound,out_of_scope,as_digitised,student_digitised,398761.317,4629956.119
student:04460,student_standardised,1000051538040983e3,K-35-076-4,burial_mound,out_of_scope,as_digitised,student_digitised,400271.703,4629685.065
student:04461,student_standardised,1000051538041031200,K-35-076-4,burial_mound,out_of_scope,as_digitised,student_digitised,400952.251,4629835.371
student:04462,student_standardised,1000051538041076600,K-35-076-4,burial_mound,directly_reviewed,own_mark,student_digitised,401084.863,4629453.977
student:04463,student_standardised,1000051538042086300,K-35-076-4,burial_mound,out_of_scope,as_digitised,student_digitised,401548.187,4628835.922
student:04464,student_standardised,1000051538042107900,K-35-076-4,burial_mound,out_of_scope,as_digitised,student_digitised,401522.559,4628559.914
student:04465,student_standardised,1000051538042838e3,K-35-076-4,burial_mound,out_of_scope,as_digitised,student_digitised,407944.185,4627127.012
student:04466,student_standardised,1000051538043041400,K-35-076-4,burial_mound,out_of_scope,as_digitised,student_digitised,413850.861,4627206.740
student:04467,student_standardised,1000051538043512200,K-35-076-4,burial_mound,out_of_scope,as_digitised,student_digitised,409927.247,4626520.404
student:04468,student_standardised,1000051538043833500,K-35-076-4,burial_mound,out_of_scope,as_digitised,student_digitised,396374.806,4626176.813
student:04469,student_standardised,1000051538043978200,K-35-076-4,burial_mound,out_of_scope,as_digitised,student_digitised,399199.863,4625809.938
student:04470,student_standardised,1000051538044005e3,K-35-076-4,burial_mound,out_of_scope,as_digitised,student_digitised,399249.678,4625736.673
student:04471,student_standardised,1000011538044587800,K-35-076-4,burial_mound,proxy_confirmed,claimant_mark,student_digitised,409643.078,4625928.589
student:04472,student_standardised,1000011538044654200,K-35-076-4,burial_mound,out_of_scope,as_digitised,student_digitised,411311.092,4625363.655
student:04473,student_standardised,1000011538044767200,K-35-076-4,burial_mound,out_of_scope,as_digitised,student_digitised,415123.012,4625664.522
student:04474,student_standardised,100001153804481e4,K-35-076-4,burial_mound,out_of_scope,as_digitised,student_digitised,415036.645,4625161.152
student:04475,student_standardised,1000011538044885100,K-35-076-4,burial_mound,out_of_scope,as_digitised,student_digitised,414913.055,4624458.503
student:04476,student_standardised,1000011538044982e3,K-35-076-4,burial_mound,directly_reviewed,own_mark,student_digitised,407117.022,4624640.577
student:04477,student_standardised,1000011538045031e3,K-35-076-4,burial_mound,out_of_scope,as_digitised,student_digitised,407075.626,4624099.257
student:04478,student_standardised,1000011538045085200,K-35-076-4,burial_mound,out_of_scope,as_digitised,student_digitised,406821.137,4624239.171
student:04479,student_standardised,1000011538045130500,K-35-076-4,burial_mound,out_of_scope,as_digitised,student_digitised,406244.680,4624376.380
student:04480,student_standardised,1000011538045178900,K-35-076-4,burial_mound,out_of_scope,as_digitised,student_digitised,406109.023,4624832.955
student:04481,student_standardised,1000011538045280100,K-35-076-4,burial_mound,out_of_scope,as_digitised,student_digitised,403480.341,4624811.988
student:04482,student_standardised,1000011538045323500,K-35-076-4,burial_mound,out_of_scope,as_digitised,student_digitised,403448.107,4624312.330
student:04483,student_standardised,1000011538045354500,K-35-076-4,burial_mound,out_of_scope,as_digitised,student_digitised,403015.079,4624140.893
student:04484,student_standardised,1000011538045589100,K-35-076-4,burial_mound,out_of_scope,as_digitised,student_digitised,402041.475,4623756.482
student:04485,student_standardised,1000011538045648100,K-35-076-4,burial_mound,out_of_scope,as_digitised,student_digitised,402601.439,4623092.708
student:04486,student_standardised,1000011538045705e3,K-35-076-4,burial_mound,out_of_scope,as_digitised,student_digitised,402927.639,4623346.049
student:04487,student_standardised,1000051538045826800,K-35-076-4,burial_mound,out_of_scope,as_digitised,student_digitised,403577.600,4623579.851
student:04488,student_standardised,100005153804605e4,K-35-076-4,burial_mound,out_of_scope,as_digitised,student_digitised,412372.781,4623558.215
student:04489,student_standardised,1000051538046148100,K-35-076-4,burial_mound,out_of_scope,as_digitised,student_digitised,414410.697,4623432.118
student:04490,student_standardised,1000051538046179100,K-35-076-4,burial_mound,directly_reviewed,own_mark,student_digitised,414606.677,4623986.909
student:04491,student_standardised,1000051538047088100,K-35-076-4,burial_mound,out_of_scope,as_digitised,student_digitised,410634.068,4620314.140
student:04492,student_standardised,1000051538048704300,K-35-076-4,burial_mound,out_of_scope,as_digitised,student_digitised,400387.989,4617157.817
student:04493,student_standardised,1000051538049636100,K-35-076-4,burial_mound,out_of_scope,as_digitised,student_digitised,413377.524,4616637.839
student:04494,student_standardised,1000051538050988800,K-35-076-4,burial_mound,out_of_scope,as_digitised,student_digitised,402338.032,4615748.941
student:04495,student_standardised,1000051538051909800,K-35-076-4,burial_mound,out_of_scope,as_digitised,student_digitised,403131.460,4613657.171
student:04496,student_standardised,1000051538043324300,K-35-076-4,burial_mound,out_of_scope,as_digitised,student_digitised,413397.995,4626812.474
student:04497,student_standardised,merged-K-35-077-1_c02788,K-35-077-1,trig_point_on_mound,directly_reviewed,own_mark,student_digitised,418593.589,4643963.126
student:04498,student_standardised,merged-K-35-077-1_c02944,K-35-077-1,burial_mound,directly_reviewed,own_mark,student_digitised,430622.177,4639665.740
student:04499,student_standardised,100002e13,K-35-077-1,burial_mound,out_of_scope,as_digitised,student_digitised,417504.301,4649251.818
student:04500,student_standardised,100002e13,K-35-077-1,burial_mound,out_of_scope,as_digitised,student_digitised,418268.121,4649535.304
student:04501,student_standardised,100002e13,K-35-077-1,burial_mound,out_of_scope,as_digitised,student_digitised,417584.887,4639527.707
student:04502,student_standardised,100002e13,K-35-077-1,burial_mound,out_of_scope,as_digitised,student_digitised,417680.997,4633821.378
student:04503,student_standardised,100002e13,K-35-077-1,burial_mound,out_of_scope,as_digitised,student_digitised,417512.542,4631953.467
student:04504,student_standardised,100002e13,K-35-077-1,burial_mound,out_of_scope,as_digitised,student_digitised,419678.168,4644920.512
student:04505,student_standardised,100002e13,K-35-077-1,burial_mound,out_of_scope,as_digitised,student_digitised,419350.039,4646158.125
student:04506,student_standardised,100002e13,K-35-077-1,burial_mound,out_of_scope,as_digitised,student_digitised,421436.273,4643812.206
student:04507,student_standardised,100002e13,K-35-077-1,burial_mound,out_of_scope,as_digitised,student_digitised,421275.368,4632974.571
student:04508,student_standardised,100002e13,K-35-077-1,burial_mound,out_of_scope,as_digitised,student_digitised,422875.988,4633029.683
student:04509,student_standardised,100002e13,K-35-077-1,burial_mound,out_of_scope,as_digitised,student_digitised,423080.673,4641255.583
student:04510,student_standardised,100002e13,K-35-077-1,burial_mound,out_of_scope,as_digitised,student_digitised,421960.962,4644798.823
student:04511,student_standardised,100002e13,K-35-077-1,burial_mound,out_of_scope,as_digitised,student_digitised,424207.605,4644033.868
student:04512,student_standardised,100002e13,K-35-077-1,burial_mound,out_of_scope,as_digitised,student_digitised,425217.655,4643771.552
student:04513,student_standardised,100002e13,K-35-077-1,burial_mound,out_of_scope,as_digitised,student_digitised,424896.385,4642768.605
student:04514,student_standardised,100002e13,K-35-077-1,burial_mound,out_of_scope,as_digitised,student_digitised,424111.163,4642130.119
student:04515,student_standardised,100002e13,K-35-077-1,burial_mound,out_of_scope,as_digitised,student_digitised,426975.452,4647722.825
student:04516,student_standardised,100002e13,K-35-077-1,burial_mound,out_of_scope,as_digitised,student_digitised,426396.776,4649456.139
student:04517,student_standardised,100002e13,K-35-077-1,burial_mound,out_of_scope,as_digitised,student_digitised,429151.883,4641916.587
student:04518,student_standardised,100002e13,K-35-077-1,burial_mound,out_of_scope,as_digitised,student_digitised,428218.440,4634411.292
student:04519,student_standardised,100002e13,K-35-077-1,burial_mound,proxy_confirmed,claimant_mark,student_digitised,429457.833,4634943.518
student:04520,student_standardised,100002e13,K-35-077-1,burial_mound,out_of_scope,as_digitised,student_digitised,428094.451,4632801.823
student:04521,student_standardised,100002e13,K-35-077-1,burial_mound,out_of_scope,as_digitised,student_digitised,428098.775,4632458.512
student:04522,student_standardised,100002e13,K-35-077-1,burial_mound,out_of_scope,as_digitised,student_digitised,430829.869,4633772.371
student:04523,student_standardised,100002e13,K-35-077-1,burial_mound,out_of_scope,as_digitised,student_digitised,430578.606,4634743.782
student:04524,student_standardised,100002e13,K-35-077-1,burial_mound,out_of_scope,as_digitised,student_digitised,431617.474,4634777.404
student:04525,student_standardised,100002e13,K-35-077-1,burial_mound,out_of_scope,as_digitised,student_digitised,430524.587,4637205.761
student:04526,student_standardised,100002e13,K-35-077-1,burial_mound,out_of_scope,as_digitised,student_digitised,430663.649,4637386.196
student:04527,student_standardised,100002e13,K-35-077-1,bench_mark_on_mound,directly_reviewed,own_mark,student_digitised,430538.219,4639873.491
student:04528,student_standardised,100002e13,K-35-077-1,burial_mound,out_of_scope,as_digitised,student_digitised,431592.605,4643880.532
student:04529,student_standardised,100002e13,K-35-077-1,burial_mound,out_of_scope,as_digitised,student_digitised,430863.298,4647054.612
student:04530,student_standardised,100002e13,K-35-077-1,burial_mound,out_of_scope,as_digitised,student_digitised,432245.547,4648809.924
student:04531,student_standardised,100002e13,K-35-077-1,burial_mound,out_of_scope,as_digitised,student_digitised,433806.840,4647710.765
student:04532,student_standardised,100002e13,K-35-077-1,burial_mound,directly_reviewed,own_mark,student_digitised,433512.114,4644409.088
student:04533,student_standardised,100002e13,K-35-077-1,burial_mound,directly_reviewed,own_mark,student_digitised,432575.074,4643765.601
student:04534,student_standardised,100002e13,K-35-077-1,burial_mound,directly_reviewed,own_mark,student_digitised,432608.239,4643685.662
student:04535,student_standardised,100002e13,K-35-077-1,burial_mound,out_of_scope,as_digitised,student_digitised,432866.059,4643422.790
student:04536,student_standardised,100002e13,K-35-077-1,burial_mound,out_of_scope,as_digitised,student_digitised,433354.900,4639678.564
student:04537,student_standardised,100002e13,K-35-077-1,burial_mound,out_of_scope,as_digitised,student_digitised,432260.162,4636692.755
student:04538,student_standardised,100002e13,K-35-077-1,burial_mound,out_of_scope,as_digitised,student_digitised,432441.669,4635462.970
student:04539,student_standardised,100002e13,K-35-077-1,burial_mound,out_of_scope,as_digitised,student_digitised,433011.205,4634316.677
student:04540,student_standardised,100002e13,K-35-077-1,burial_mound,directly_reviewed,own_mark,student_digitised,433194.834,4633473.244
student:04541,student_standardised,100002e13,K-35-077-1,burial_mound,directly_reviewed,own_mark,student_digitised,433132.578,4633368.584
student:04542,student_standardised,100002e13,K-35-077-1,burial_mound,out_of_scope,as_digitised,student_digitised,432032.374,4632673.409
student:04543,student_standardised,100002e13,K-35-077-1,burial_mound,out_of_scope,as_digitised,student_digitised,434622.937,4641264.484
student:04544,student_standardised,100002e13,K-35-077-1,burial_mound,out_of_scope,as_digitised,student_digitised,434754.946,4643836.661
student:04545,student_standardised,100002e13,K-35-077-1,burial_mound,out_of_scope,as_digitised,student_digitised,436338.654,4649649.331
student:04546,student_standardised,100002e13,K-35-077-1,burial_mound,out_of_scope,as_digitised,student_digitised,436029.942,4648481.913
student:04547,student_standardised,100002e13,K-35-077-1,burial_mound,proxy_confirmed,claimant_mark,student_digitised,437391.004,4644905.799
student:04548,student_standardised,100002e13,K-35-077-1,burial_mound,out_of_scope,as_digitised,student_digitised,436955.193,4644034.496
student:04549,student_standardised,100002e13,K-35-077-1,burial_mound,out_of_scope,as_digitised,student_digitised,437465.380,4644009.886
student:04550,student_standardised,100002e13,K-35-077-1,burial_mound,out_of_scope,as_digitised,student_digitised,437205.486,4643118.599
student:04551,student_standardised,100002e13,K-35-077-1,burial_mound,out_of_scope,as_digitised,student_digitised,436408.315,4642569.813
student:04552,student_standardised,100002e13,K-35-077-1,burial_mound,out_of_scope,as_digitised,student_digitised,437164.581,4641896.365
student:04553,student_standardised,100002e13,K-35-077-1,burial_mound,out_of_scope,as_digitised,student_digitised,437267.968,4634103.049
student:04554,student_standardised,100002e13,K-35-077-1,burial_mound,out_of_scope,as_digitised,student_digitised,437451.578,4634408.873
student:04555,student_standardised,100002e13,K-35-077-1,burial_mound,out_of_scope,as_digitised,student_digitised,437281.260,4632433.057
student:04556,student_standardised,100002e13,K-35-077-1,burial_mound,out_of_scope,as_digitised,student_digitised,436520.809,4631934.640
student:04557,student_standardised,100002e13,K-35-077-1,burial_mound,out_of_scope,as_digitised,student_digitised,436543.685,4631860.764
student:04558,student_standardised,100002e13,K-35-077-1,burial_mound,out_of_scope,as_digitised,student_digitised,436584.889,4631638.367
student:04559,student_standardised,merged-K-35-077-2_c03562,K-35-077-2,burial_mound,directly_reviewed,own_mark,student_digitised,443384.722,4644178.286
student:04560,student_standardised,100002e13,K-35-077-2,burial_mound,out_of_scope,as_digitised,student_digitised,456994.197,4649221.193
student:04561,student_standardised,100002e13,K-35-077-2,burial_mound,directly_reviewed,own_mark,student_digitised,457604.833,4648648.753
student:04562,student_standardised,100002e13,K-35-077-2,burial_mound,out_of_scope,as_digitised,student_digitised,442491.675,4646418.953
student:04563,student_standardised,100002e13,K-35-077-2,burial_mound,out_of_scope,as_digitised,student_digitised,439234.123,4646253.068
student:04564,student_standardised,100002e13,K-35-077-2,burial_mound,out_of_scope,as_digitised,student_digitised,437793.859,4645084.833
student:04565,student_standardised,100002e13,K-35-077-2,burial_mound,out_of_scope,as_digitised,student_digitised,437910.950,4644686.910
student:04566,student_standardised,100002e13,K-35-077-2,burial_mound,out_of_scope,as_digitised,student_digitised,438826.546,4644718.458
student:04567,student_standardised,100002e13,K-35-077-2,burial_mound,out_of_scope,as_digitised,student_digitised,438806.747,4644319.122
student:04568,student_standardised,100002e13,K-35-077-2,burial_mound,out_of_scope,as_digitised,student_digitised,447116.540,4645504.272
student:04569,student_standardised,100002e13,K-35-077-2,burial_mound,out_of_scope,as_digitised,student_digitised,453990.648,4642865.247
student:04570,student_standardised,100002e13,K-35-077-2,burial_mound,out_of_scope,as_digitised,student_digitised,454815.624,4642252.334
student:04571,student_standardised,100002e13,K-35-077-2,burial_mound,out_of_scope,as_digitised,student_digitised,453652.448,4642967.423
student:04572,student_standardised,100002e13,K-35-077-2,burial_mound,out_of_scope,as_digitised,student_digitised,453528.388,4642910.879
student:04573,student_standardised,100002e13,K-35-077-2,burial_mound,out_of_scope,as_digitised,student_digitised,445291.634,4643674.468
student:04574,student_standardised,100002e13,K-35-077-2,burial_mound,out_of_scope,as_digitised,student_digitised,444231.320,4643540.170
student:04575,student_standardised,100002e13,K-35-077-2,burial_mound,out_of_scope,as_digitised,student_digitised,439071.824,4644178.069
student:04576,student_standardised,100002e13,K-35-077-2,burial_mound,out_of_scope,as_digitised,student_digitised,439640.541,4643958.000
student:04577,student_standardised,100002e13,K-35-077-2,burial_mound,out_of_scope,as_digitised,student_digitised,439160.263,4643731.902
student:04578,student_standardised,100002e13,K-35-077-2,burial_mound,out_of_scope,as_digitised,student_digitised,438560.044,4643859.825
student:04579,student_standardised,100002e13,K-35-077-2,burial_mound,out_of_scope,as_digitised,student_digitised,438066.607,4642197.826
student:04580,student_standardised,100002e13,K-35-077-2,burial_mound,out_of_scope,as_digitised,student_digitised,437826.532,4641163.846
student:04581,student_standardised,100002e13,K-35-077-2,burial_mound,out_of_scope,as_digitised,student_digitised,437806.812,4641031.556
student:04582,student_standardised,100002e13,K-35-077-2,burial_mound,out_of_scope,as_digitised,student_digitised,439157.879,4640265.191
student:04583,student_standardised,100002e13,K-35-077-2,burial_mound,out_of_scope,as_digitised,student_digitised,440405.647,4640331.208
student:04584,student_standardised,100002e13,K-35-077-2,burial_mound,out_of_scope,as_digitised,student_digitised,440613.473,4641582.158
student:04585,student_standardised,100002e13,K-35-077-2,burial_mound,out_of_scope,as_digitised,student_digitised,451269.092,4640266.993
student:04586,student_standardised,100002e13,K-35-077-2,burial_mound,out_of_scope,as_digitised,student_digitised,446007.204,4639135.620
student:04587,student_standardised,100002e13,K-35-077-2,burial_mound,out_of_scope,as_digitised,student_digitised,445977.681,4639225.268
student:04588,student_standardised,100002e13,K-35-077-2,burial_mound,out_of_scope,as_digitised,student_digitised,439590.768,4639510.814
student:04589,student_standardised,100002e13,K-35-077-2,burial_mound,out_of_scope,as_digitised,student_digitised,439264.805,4638888.128
student:04590,student_standardised,100002e13,K-35-077-2,burial_mound,out_of_scope,as_digitised,student_digitised,444038.564,4638413.728
student:04591,student_standardised,100002e13,K-35-077-2,burial_mound,out_of_scope,as_digitised,student_digitised,452006.758,4637766.612
student:04592,student_standardised,100002e13,K-35-077-2,burial_mound,out_of_scope,as_digitised,student_digitised,450782.463,4637355.671
student:04593,student_standardised,100002e13,K-35-077-2,burial_mound,out_of_scope,as_digitised,student_digitised,445936.030,4637218.054
student:04594,student_standardised,100002e13,K-35-077-2,burial_mound,out_of_scope,as_digitised,student_digitised,438700.520,4637528.178
student:04595,student_standardised,100002e13,K-35-077-2,burial_mound,out_of_scope,as_digitised,student_digitised,438439.481,4637822.444
student:04596,student_standardised,100002e13,K-35-077-2,burial_mound,out_of_scope,as_digitised,student_digitised,440852.202,4636506.428
student:04597,student_standardised,100002e13,K-35-077-2,burial_mound,out_of_scope,as_digitised,student_digitised,441483.317,4635100.469
student:04598,student_standardised,100002e13,K-35-077-2,burial_mound,out_of_scope,as_digitised,student_digitised,441642.616,4635273.238
student:04599,student_standardised,100002e13,K-35-077-2,burial_mound,out_of_scope,as_digitised,student_digitised,444788.541,4635254.489
student:04600,student_standardised,100002e13,K-35-077-2,burial_mound,out_of_scope,as_digitised,student_digitised,444750.343,4636230.332
student:04601,student_standardised,100002e13,K-35-077-2,burial_mound,out_of_scope,as_digitised,student_digitised,444257.154,4636457.897
student:04602,student_standardised,100002e13,K-35-077-2,burial_mound,out_of_scope,as_digitised,student_digitised,445741.235,4636994.406
student:04603,student_standardised,100002e13,K-35-077-2,burial_mound,out_of_scope,as_digitised,student_digitised,445308.973,4636682.574
student:04604,student_standardised,100002e13,K-35-077-2,burial_mound,out_of_scope,as_digitised,student_digitised,445654.459,4636534.058
student:04605,student_standardised,100002e13,K-35-077-2,burial_mound,out_of_scope,as_digitised,student_digitised,445754.605,4636301.314
student:04606,student_standardised,100002e13,K-35-077-2,burial_mound,out_of_scope,as_digitised,student_digitised,449216.410,4636744.097
student:04607,student_standardised,100002e13,K-35-077-2,burial_mound,out_of_scope,as_digitised,student_digitised,457599.980,4633217.144
student:04608,student_standardised,100002e13,K-35-077-2,burial_mound,out_of_scope,as_digitised,student_digitised,453425.199,4633031.978
student:04609,student_standardised,100002e13,K-35-077-2,burial_mound,out_of_scope,as_digitised,student_digitised,453176.924,4633060.365
student:04610,student_standardised,100002e13,K-35-077-2,burial_mound,out_of_scope,as_digitised,student_digitised,447265.948,4633151.285
student:04611,student_standardised,100002e13,K-35-077-2,burial_mound,out_of_scope,as_digitised,student_digitised,447161.803,4634844.592
student:04612,student_standardised,100002e13,K-35-077-2,burial_mound,directly_reviewed,own_mark,student_digitised,446293.124,4633007.012
student:04613,student_standardised,100002e13,K-35-077-2,burial_mound,out_of_scope,as_digitised,student_digitised,444838.319,4633543.672
student:04614,student_standardised,100002e13,K-35-077-2,burial_mound,directly_reviewed,own_mark,student_digitised,444312.832,4633246.802
student:04615,student_standardised,100002e13,K-35-077-2,burial_mound,out_of_scope,as_digitised,student_digitised,443843.474,4634443.437
student:04616,student_standardised,100002e13,K-35-077-2,burial_mound,out_of_scope,as_digitised,student_digitised,442769.493,4634573.139
student:04617,student_standardised,100002e13,K-35-077-2,burial_mound,out_of_scope,as_digitised,student_digitised,441470.386,4634984.302
student:04618,student_standardised,100002e13,K-35-077-2,burial_mound,out_of_scope,as_digitised,student_digitised,440882.996,4634317.122
student:04619,student_standardised,100002e13,K-35-077-2,burial_mound,proxy_confirmed,claimant_mark,student_digitised,440786.564,4633815.377
student:04620,student_standardised,100002e13,K-35-077-2,burial_mound,directly_reviewed,own_mark,student_digitised,440759.669,4633647.603
student:04621,student_standardised,100002e13,K-35-077-2,burial_mound,out_of_scope,as_digitised,student_digitised,439436.820,4633147.361
student:04622,student_standardised,100002e13,K-35-077-2,burial_mound,out_of_scope,as_digitised,student_digitised,439655.148,4633987.147
student:04623,student_standardised,100002e13,K-35-077-2,burial_mound,out_of_scope,as_digitised,student_digitised,438665.375,4634135.068
student:04624,student_standardised,100002e13,K-35-077-2,burial_mound,out_of_scope,as_digitised,student_digitised,445608.682,4632629.542
student:04625,student_standardised,100002e13,K-35-077-2,burial_mound,out_of_scope,as_digitised,student_digitised,445578.726,4632532.101
student:04626,student_standardised,100002e13,K-35-077-2,burial_mound,out_of_scope,as_digitised,student_digitised,446712.171,4632683.891
student:04627,student_standardised,100002e13,K-35-077-2,burial_mound,out_of_scope,as_digitised,student_digitised,446677.862,4631855.634
student:04628,student_standardised,100002e13,K-35-077-2,burial_mound,out_of_scope,as_digitised,student_digitised,447483.404,4632193.514
student:04629,student_standardised,100002e13,K-35-077-2,burial_mound,out_of_scope,as_digitised,student_digitised,447589.549,4632144.522
student:04630,student_standardised,100002e13,K-35-077-2,burial_mound,directly_reviewed,own_mark,student_digitised,447709.148,4632276.714
student:04631,student_standardised,100002e13,K-35-077-2,burial_mound,directly_reviewed,own_mark,student_digitised,447707.129,4632212.747
student:04632,student_standardised,100002e13,K-35-077-2,burial_mound,out_of_scope,as_digitised,student_digitised,447856.685,4632104.325
student:04633,student_standardised,100002e13,K-35-077-2,burial_mound,out_of_scope,as_digitised,student_digitised,448249.561,4632241.839
student:04634,student_standardised,100002e13,K-35-077-2,burial_mound,out_of_scope,as_digitised,student_digitised,448641.805,4632236.397
student:04635,student_standardised,100002e13,K-35-077-2,burial_mound,out_of_scope,as_digitised,student_digitised,448819.653,4632152.036
student:04636,student_standardised,100002e13,K-35-077-2,burial_mound,out_of_scope,as_digitised,student_digitised,449034.957,4632419.000
student:04637,student_standardised,100002e13,K-35-077-2,burial_mound,out_of_scope,as_digitised,student_digitised,449249.697,4632404.713
student:04638,student_standardised,100002e13,K-35-077-2,burial_mound,out_of_scope,as_digitised,student_digitised,450288.461,4631772.449
student:04639,student_standardised,100002e13,K-35-077-2,burial_mound,out_of_scope,as_digitised,student_digitised,451809.145,4631821.018
student:04640,student_standardised,100002e13,K-35-077-2,burial_mound,out_of_scope,as_digitised,student_digitised,451970.283,4631920.292
student:04641,student_standardised,100002e13,K-35-077-2,burial_mound,out_of_scope,as_digitised,student_digitised,453938.739,4631849.499
student:04642,student_standardised,100002e13,K-35-077-2,burial_mound,out_of_scope,as_digitised,student_digitised,453956.697,4631924.594
student:04643,student_standardised,100002e13,K-35-077-2,burial_mound,out_of_scope,as_digitised,student_digitised,454572.509,4632277.678
student:04644,student_standardised,100002e13,K-35-077-2,burial_mound,out_of_scope,as_digitised,student_digitised,456695.371,4632437.788
student:04645,student_standardised,100002e13,K-35-077-2,burial_mound,out_of_scope,as_digitised,student_digitised,456804.559,4632464.209
student:04646,student_standardised,1.0000415365604401e+018,K-35-077-3,burial_mound,out_of_scope,as_digitised,student_digitised,416943.728,4631672.693
student:04647,student_standardised,100004153656053e4,K-35-077-3,burial_mound,out_of_scope,as_digitised,student_digitised,418298.115,4630882.543
student:04648,student_standardised,100004153656067e4,K-35-077-3,burial_mound,out_of_scope,as_digitised,student_digitised,420325.769,4630691.611
student:04649,student_standardised,10000415365608e5,K-35-077-3,burial_mound,out_of_scope,as_digitised,student_digitised,428460.366,4630179.389
student:04650,student_standardised,100004153656089e4,K-35-077-3,burial_mound,out_of_scope,as_digitised,student_digitised,432381.565,4631473.369
student:04651,student_standardised,100004153656091e4,K-35-077-3,burial_mound,proxy_confirmed,claimant_mark,student_digitised,432411.626,4630817.689
student:04652,student_standardised,100004153656097e4,K-35-077-3,burial_mound,directly_reviewed,own_mark,student_digitised,432444.323,4630608.811
student:04653,student_standardised,100004153656479e4,K-35-077-3,burial_mound,out_of_scope,as_digitised,student_digitised,437373.120,4630453.445
student:04654,student_standardised,1.0000415365648399e+018,K-35-077-3,burial_mound,out_of_scope,as_digitised,student_digitised,435961.922,4630751.586
student:04655,student_standardised,100004153656488e4,K-35-077-3,burial_mound,out_of_scope,as_digitised,student_digitised,435862.462,4630242.086
student:04656,student_standardised,10000415365652e5,K-35-077-3,burial_mound,out_of_scope,as_digitised,student_digitised,421123.107,4629721.605
student:04657,student_standardised,100004153656525e4,K-35-077-3,burial_mound,out_of_scope,as_digitised,student_digitised,425551.498,4629564.277
student:04658,student_standardised,100004153656554e4,K-35-077-3,burial_mound,out_of_scope,as_digitised,student_digitised,432402.919,4629788.898
student:04659,student_standardised,100004153656565e4,K-35-077-3,burial_mound,out_of_scope,as_digitised,student_digitised,435062.024,4629702.647
student:04660,student_standardised,100004153656634e4,K-35-077-3,burial_mound,out_of_scope,as_digitised,student_digitised,437383.393,4627594.512
student:04661,student_standardised,100004153656638e4,K-35-077-3,burial_mound,out_of_scope,as_digitised,student_digitised,437353.265,4627296.479
student:04662,student_standardised,100004153656661e4,K-35-077-3,burial_mound,out_of_scope,as_digitised,student_digitised,426896.406,4627975.645
student:04663,student_standardised,1.0000415365667599e+018,K-35-077-3,burial_mound,out_of_scope,as_digitised,student_digitised,424531.254,4627917.887
student:04664,student_standardised,100004153656686e4,K-35-077-3,burial_mound,out_of_scope,as_digitised,student_digitised,418782.463,4627247.782
student:04665,student_standardised,100004153656696e4,K-35-077-3,burial_mound,out_of_scope,as_digitised,student_digitised,417453.341,4628416.211
student:04666,student_standardised,100004153656723e4,K-35-077-3,burial_mound,out_of_scope,as_digitised,student_digitised,423165.378,4626471.628
student:04667,student_standardised,100004153656728e4,K-35-077-3,burial_mound,out_of_scope,as_digitised,student_digitised,423320.755,4626811.025
student:04668,student_standardised,1.0000415365703601e+018,K-35-077-3,burial_mound,out_of_scope,as_digitised,student_digitised,422775.172,4625938.044
student:04669,student_standardised,100004153657048e4,K-35-077-3,burial_mound,directly_reviewed,own_mark,student_digitised,424894.680,4626091.180
student:04670,student_standardised,100004153657055e4,K-35-077-3,burial_mound,directly_reviewed,own_mark,student_digitised,424962.186,4626110.896
student:04671,student_standardised,100004153657097e4,K-35-077-3,burial_mound,out_of_scope,as_digitised,student_digitised,434872.534,4626435.638
student:04672,student_standardised,1.0000415365711601e+018,K-35-077-3,burial_mound,out_of_scope,as_digitised,student_digitised,437181.761,4626622.973
student:04673,student_standardised,100004153657119e4,K-35-077-3,burial_mound,out_of_scope,as_digitised,student_digitised,437195.686,4626305.363
student:04674,student_standardised,100004153657127e4,K-35-077-3,burial_mound,out_of_scope,as_digitised,student_digitised,436975.463,4625906.233
student:04675,student_standardised,100004153657133e4,K-35-077-3,burial_mound,out_of_scope,as_digitised,student_digitised,437025.712,4625809.926
student:04676,student_standardised,100004153657139e4,K-35-077-3,burial_mound,out_of_scope,as_digitised,student_digitised,437109.554,4625723.586
student:04677,student_standardised,100004153657155e4,K-35-077-3,burial_mound,out_of_scope,as_digitised,student_digitised,436588.721,4625484.307
student:04678,student_standardised,100004153657193e4,K-35-077-3,burial_mound,out_of_scope,as_digitised,student_digitised,427740.933,4625711.035
student:04679,student_standardised,100004153657199e4,K-35-077-3,burial_mound,out_of_scope,as_digitised,student_digitised,427567.843,4625599.464
student:04680,student_standardised,100004153657202e4,K-35-077-3,burial_mound,out_of_scope,as_digitised,student_digitised,427755.329,4625581.694
student:04681,student_standardised,100004153657206e4,K-35-077-3,burial_mound,out_of_scope,as_digitised,student_digitised,427647.923,4625537.709
student:04682,student_standardised,100004153657225e4,K-35-077-3,burial_mound,out_of_scope,as_digitised,student_digitised,426637.943,4625713.162
student:04683,student_standardised,100004153657263e4,K-35-077-3,burial_mound,out_of_scope,as_digitised,student_digitised,417981.251,4623789.675
student:04684,student_standardised,100004153657352e4,K-35-077-3,burial_mound,out_of_scope,as_digitised,student_digitised,426081.355,4622404.244
student:04685,student_standardised,100004153657391e4,K-35-077-3,burial_mound,directly_reviewed,own_mark,student_digitised,419853.693,4621977.641
student:04686,student_standardised,100004153657406e4,K-35-077-3,burial_mound,out_of_scope,as_digitised,student_digitised,424180.153,4621711.558
student:04687,student_standardised,100004153657411e4,K-35-077-3,burial_mound,out_of_scope,as_digitised,student_digitised,425122.961,4621078.710
student:04688,student_standardised,100004153657563e4,K-35-077-3,burial_mound,out_of_scope,as_digitised,student_digitised,418363.138,4616008.461
student:04689,student_standardised,100004153657174e4,K-35-077-3,burial_mound,out_of_scope,as_digitised,student_digitised,430805.007,4625092.769
student:04690,student_standardised,1000071537333886100,K-35-077-4,burial_mound,out_of_scope,as_digitised,student_digitised,438916.948,4631165.797
student:04691,student_standardised,1000071537349831700,K-35-077-4,burial_mound,out_of_scope,as_digitised,student_digitised,437644.211,4630098.485
student:04692,student_standardised,1000071537350015900,K-35-077-4,burial_mound,out_of_scope,as_digitised,student_digitised,445753.561,4630857.048
student:04693,student_standardised,1000071537350039700,K-35-077-4,burial_mound,out_of_scope,as_digitised,student_digitised,445886.378,4631045.135
student:04694,student_standardised,1000071537350059500,K-35-077-4,burial_mound,out_of_scope,as_digitised,student_digitised,446071.596,4631147.383
student:04695,student_standardised,100007153735013e4,K-35-077-4,burial_mound,out_of_scope,as_digitised,student_digitised,446697.978,4631220.230
student:04696,student_standardised,1000071537350245400,K-35-077-4,burial_mound,out_of_scope,as_digitised,student_digitised,448813.503,4631067.052
student:04697,student_standardised,1000071537350314400,K-35-077-4,burial_mound,out_of_scope,as_digitised,student_digitised,449092.483,4630561.065
student:04698,student_standardised,1000071537350344800,K-35-077-4,burial_mound,out_of_scope,as_digitised,student_digitised,448956.907,4630289.334
student:04699,student_standardised,1000071537350396400,K-35-077-4,burial_mound,directly_reviewed,own_mark,student_digitised,450810.932,4630466.334
student:04700,student_standardised,1000071537350467300,K-35-077-4,burial_mound,out_of_scope,as_digitised,student_digitised,451719.667,4630372.466
student:04701,student_standardised,1000071537350500500,K-35-077-4,burial_mound,out_of_scope,as_digitised,student_digitised,451740.652,4631326.721
student:04702,student_standardised,1000071537350534700,K-35-077-4,burial_mound,out_of_scope,as_digitised,student_digitised,451842.764,4631157.409
student:04703,student_standardised,1000071537350581800,K-35-077-4,burial_mound,out_of_scope,as_digitised,student_digitised,454159.228,4631178.832
student:04704,student_standardised,1000071537350680300,K-35-077-4,burial_mound,directly_reviewed,own_mark,student_digitised,455645.455,4630830.423
student:04705,student_standardised,1000071537351009400,K-35-077-4,burial_mound,directly_reviewed,own_mark,student_digitised,455703.185,4630781.043
student:04706,student_standardised,1000071537351136300,K-35-077-4,burial_mound,out_of_scope,as_digitised,student_digitised,440282.213,4629855.633
student:04707,student_standardised,1000071537351173400,K-35-077-4,burial_mound,out_of_scope,as_digitised,student_digitised,440894.974,4628816.594
student:04708,student_standardised,1000071537351267200,K-35-077-4,burial_mound,out_of_scope,as_digitised,student_digitised,442235.732,4628631.670
student:04709,student_standardised,1000071537351319800,K-35-077-4,burial_mound,out_of_scope,as_digitised,student_digitised,442996.706,4628283.065
student:04710,student_standardised,1000071537351344e3,K-35-077-4,burial_mound,out_of_scope,as_digitised,student_digitised,442875.685,4628862.611
student:04711,student_standardised,1000071537351377300,K-35-077-4,burial_mound,out_of_scope,as_digitised,student_digitised,442952.769,4629185.197
student:04712,student_standardised,1000071537351411e3,K-35-077-4,bench_mark_on_mound,directly_reviewed,own_mark,student_digitised,442848.509,4629364.270
student:04713,student_standardised,1000071537351578900,K-35-077-4,burial_mound,out_of_scope,as_digitised,student_digitised,444549.372,4630034.627
student:04714,student_standardised,1000071537351611500,K-35-077-4,burial_mound,out_of_scope,as_digitised,student_digitised,445274.845,4629588.591
student:04715,student_standardised,1000071537351675e3,K-35-077-4,burial_mound,out_of_scope,as_digitised,student_digitised,445362.723,4629988.466
student:04716,student_standardised,1000071537351903700,K-35-077-4,burial_mound,out_of_scope,as_digitised,student_digitised,444693.550,4628275.863
student:04717,student_standardised,1000071537352345500,K-35-077-4,burial_mound,out_of_scope,as_digitised,student_digitised,437904.560,4626195.170
student:04718,student_standardised,1000071537352663700,K-35-077-4,burial_mound,out_of_scope,as_digitised,student_digitised,442074.789,4625597.113
student:04719,student_standardised,1000071537352718600,K-35-077-4,burial_mound,out_of_scope,as_digitised,student_digitised,443836.259,4625867.721
student:04720,student_standardised,1000071537352748800,K-35-077-4,burial_mound,out_of_scope,as_digitised,student_digitised,444201.209,4625640.677
student:04721,student_standardised,1000071537352773400,K-35-077-4,burial_mound,proxy_confirmed,claimant_mark,student_digitised,444316.358,4625310.080
student:04722,student_standardised,1000071537352802e3,K-35-077-4,burial_mound,out_of_scope,as_digitised,student_digitised,444167.925,4625171.825
student:04723,student_standardised,1000071537352837400,K-35-077-4,burial_mound,out_of_scope,as_digitised,student_digitised,444638.504,4624866.005
student:04724,student_standardised,1000071537352864100,K-35-077-4,burial_mound,out_of_scope,as_digitised,student_digitised,444095.275,4624231.200
student:04725,student_standardised,1000071537353032800,K-35-077-4,burial_mound,out_of_scope,as_digitised,student_digitised,444101.166,4623682.753
student:04726,student_standardised,1000071537353070600,K-35-077-4,burial_mound,out_of_scope,as_digitised,student_digitised,443268.376,4623361.310
student:04727,student_standardised,1000071537353112600,K-35-077-4,trig_point_on_mound,directly_reviewed,own_mark,student_digitised,442520.275,4622984.270
student:04728,student_standardised,1000071537353402e3,K-35-077-4,burial_mound,out_of_scope,as_digitised,student_digitised,444014.123,4620451.034
student:04729,student_standardised,merged-K-35-075-4_c04475-restored-46,K-35-075-4,burial_mound,proxy_confirmed,claimant_mark,restored_premerge,363612.922,4632138.718
student:04730,student_standardised,merged-K-35-075-4_c04475-restored-47,K-35-075-4,burial_mound,directly_reviewed,as_recorded,restored_premerge,363603.292,4632084.133
extension:extra:nested-benchmark-3207,extension_standardised,,K-35-066-1,bench_mark_on_mound,directly_reviewed,own_mark,marking_pass_extra,465665.167,4675879.270
extension:0,extension_standardised,,K-35-050-4,bench_mark_on_mound,directly_reviewed,own_mark,model_detection,322769.119,4690842.788
extension:1,extension_standardised,,K-35-042-3,burial_mound,directly_reviewed,own_mark,model_detection,477828.496,4727146.120
extension:10,extension_standardised,,K-35-053-1,settlement_mound,directly_reviewed,own_mark,model_detection,432995.312,4720486.906
extension:101,extension_standardised,,K-35-063-1_Granit_4326,burial_mound,directly_reviewed,own_mark,model_detection,353318.663,4684404.880
extension:103,extension_standardised,,K-35-063-1_Granit_4326,burial_mound,directly_reviewed,own_mark,model_detection,355197.911,4684473.600
extension:104,extension_standardised,,K-35-063-1_Granit_4326,burial_mound,directly_reviewed,own_mark,model_detection,355205.283,4684316.106
extension:105,extension_standardised,,K-35-063-1_Granit_4326,burial_mound,directly_reviewed,own_mark,model_detection,354945.468,4684223.147
extension:106,extension_standardised,,K-35-063-1_Granit_4326,burial_mound,directly_reviewed,own_mark,model_detection,354889.141,4684434.348
extension:11,extension_standardised,,K-35-053-1,burial_mound,directly_reviewed,own_mark,model_detection,420817.111,4711536.747
extension:117,extension_standardised,,K-35-063-4_Skobelevo_4326,bench_mark_on_mound,directly_reviewed,own_mark,model_detection,364525.490,4660666.796
extension:118,extension_standardised,,K-35-063-4_Skobelevo_4326,trig_point_on_mound,directly_reviewed,own_mark,model_detection,355724.489,4658638.260
extension:119,extension_standardised,,K-35-063-4_Skobelevo_4326,burial_mound,directly_reviewed,own_mark,model_detection,367371.638,4658924.068
extension:12,extension_standardised,,K-35-053-2,burial_mound,directly_reviewed,own_mark,model_detection,448071.196,4705499.375
extension:120,extension_standardised,,K-35-063-4_Skobelevo_4326,burial_mound,directly_reviewed,own_mark,model_detection,367469.515,4658829.202
extension:121,extension_standardised,,K-35-063-4_Skobelevo_4326,burial_mound,directly_reviewed,own_mark,model_detection,367007.861,4658772.005
extension:127,extension_standardised,,K-35-064-1_Sredets_4326,trig_point_on_mound,directly_reviewed,own_mark,model_detection,384956.066,4669241.264
extension:128,extension_standardised,,K-35-064-1_Sredets_4326,burial_mound,directly_reviewed,own_mark,model_detection,385944.548,4677725.694
extension:13,extension_standardised,,K-35-053-2,burial_mound,directly_reviewed,own_mark,model_detection,440068.803,4719305.033
extension:130,extension_standardised,,K-35-064-1_Sredets_4326,bench_mark_on_mound,directly_reviewed,own_mark,model_detection,380598.375,4674572.173
extension:131,extension_standardised,,K-35-064-1_Sredets_4326,bench_mark_on_mound,directly_reviewed,own_mark,model_detection,394906.044,4670674.945
extension:132,extension_standardised,,K-35-064-1_Sredets_4326,burial_mound,directly_reviewed,own_mark,model_detection,395022.287,4670558.406
extension:133,extension_standardised,,K-35-064-1_Sredets_4326,bench_mark_on_mound,directly_reviewed,own_mark,model_detection,379835.371,4680373.343
extension:134,extension_standardised,,K-35-064-2_Radnevo_4326,bench_mark_on_mound,directly_reviewed,own_mark,model_detection,401562.106,4670327.801
extension:136,extension_standardised,,K-35-064-2_Radnevo_4326,burial_mound,directly_reviewed,own_mark,model_detection,402025.713,4674936.097
extension:137,extension_standardised,,K-35-064-2_Radnevo_4326,trig_point_on_mound,directly_reviewed,own_mark,model_detection,402578.879,4679930.144
extension:138,extension_standardised,,K-35-064-2_Radnevo_4326,burial_mound,directly_reviewed,own_mark,model_detection,406715.779,4679728.776
extension:139,extension_standardised,,K-35-064-2_Radnevo_4326,bench_mark_on_mound,directly_reviewed,own_mark,model_detection,405264.309,4680032.771
extension:14,extension_standardised,,K-35-053-4_Boyadzhik,trig_point_on_mound,directly_reviewed,own_mark,model_detection,450647.004,4696992.608
extension:140,extension_standardised,,K-35-064-2_Radnevo_4326,settlement_mound,directly_reviewed,own_mark,model_detection,410530.526,4684921.903
extension:141,extension_standardised,,K-35-064-2_Radnevo_4326,trig_point_on_mound,directly_reviewed,own_mark,model_detection,412493.974,4685067.856
extension:143,extension_standardised,,K-35-064-2_Radnevo_4326,burial_mound,directly_reviewed,own_mark,model_detection,405146.704,4669766.885
extension:144,extension_standardised,,K-35-064-2_Radnevo_4326,burial_mound,directly_reviewed,own_mark,model_detection,413663.328,4683564.726
extension:145,extension_standardised,,K-35-064-2_Radnevo_4326,bench_mark_on_mound,directly_reviewed,own_mark,model_detection,414984.536,4673286.576
extension:15,extension_standardised,,K-35-053-4_Boyadzhik,burial_mound,directly_reviewed,own_mark,model_detection,450034.371,4695744.872
extension:150,extension_standardised,,K-35-064-4_Galabovo_4326,bench_mark_on_mound,directly_reviewed,own_mark,model_detection,402451.543,4660690.495
extension:153,extension_standardised,,K-35-064-4_Galabovo_4326,trig_point_on_mound,directly_reviewed,own_mark,model_detection,412183.321,4661126.102
extension:154,extension_standardised,,K-35-065-1_Radetski_4326,settlement_mound,directly_reviewed,own_mark,model_detection,426762.480,4678382.749
extension:155,extension_standardised,,K-35-065-2_GManastir_4326,bench_mark_on_mound,directly_reviewed,own_mark,model_detection,438113.774,4680939.525
extension:156,extension_standardised,,K-35-065-1_Radetski_4326,burial_mound,directly_reviewed,own_mark,model_detection,436760.914,4680124.196
extension:158,extension_standardised,,K-35-065-2_GManastir_4326,burial_mound,directly_reviewed,own_mark,model_detection,451569.066,4677745.390
extension:16,extension_standardised,,K-35-053-4_Boyadzhik,trig_point_on_mound,directly_reviewed,own_mark,model_detection,455343.228,4697337.136
extension:160,extension_standardised,,K-35-065-3_Glavan_4326,burial_mound,directly_reviewed,own_mark,model_detection,428976.713,4663274.322
extension:162,extension_standardised,,K-35-065-3_Glavan_4326,burial_mound,directly_reviewed,own_mark,model_detection,435089.532,4655864.725
extension:163,extension_standardised,,K-35-065-3_Glavan_4326,burial_mound,directly_reviewed,own_mark,model_detection,434307.013,4655082.326
extension:164,extension_standardised,,K-35-065-3_Glavan_4326,trig_point_on_mound,directly_reviewed,own_mark,model_detection,434786.829,4655168.010
extension:165,extension_standardised,,K-35-065-3_Glavan_4326,bench_mark_on_mound,directly_reviewed,own_mark,model_detection,420569.113,4656899.281
extension:168,extension_standardised,,K-35-066-1,bench_mark_on_mound,directly_reviewed,own_mark,model_detection,464756.943,4678015.511
extension:169,extension_standardised,,K-35-066-1,burial_mound,directly_reviewed,own_mark,model_detection,472042.627,4678903.946
extension:171,extension_standardised,,K-35-066-1,burial_mound,directly_reviewed,own_mark,model_detection,476004.195,4674945.965
extension:172,extension_standardised,,K-35-066-1,bench_mark_on_mound,directly_reviewed,own_mark,model_detection,477268.479,4677244.323
extension:175,extension_standardised,,K-35-066-1,burial_mound,directly_reviewed,own_mark,model_detection,478819.165,4682044.443
extension:176,extension_standardised,,K-35-066-2,bench_mark_on_mound,directly_reviewed,own_mark,model_detection,497912.435,4679155.119
extension:178,extension_standardised,,K-35-066-3,bench_mark_on_mound,directly_reviewed,own_mark,model_detection,458806.989,4653946.579
extension:180,extension_standardised,,K-35-066-3,bench_mark_on_mound,directly_reviewed,own_mark,model_detection,471766.090,4662227.827
extension:408,extension_standardised,,K-35-066-1,bench_mark_on_mound,directly_reviewed,own_mark,model_detection,476985.380,4668283.682
extension:183,extension_standardised,,K-35-067-1,burial_mound,directly_reviewed,own_mark,model_detection,500425.744,4685906.800
extension:184,extension_standardised,,K-35-067-1,burial_mound,directly_reviewed,own_mark,model_detection,512115.948,4682717.930
extension:185,extension_standardised,,K-35-067-1,burial_mound,directly_reviewed,own_mark,model_detection,502338.471,4685581.142
extension:186,extension_standardised,,K-35-067-1,burial_mound,directly_reviewed,own_mark,model_detection,502669.155,4681934.003
extension:188,extension_standardised,,K-35-067-2,burial_mound,directly_reviewed,own_mark,model_detection,528160.763,4669567.312
extension:189,extension_standardised,,K-35-067-2,burial_mound,directly_reviewed,own_mark,model_detection,532847.775,4670102.703
extension:19,extension_standardised,,K-35-053-4_Boyadzhik,burial_mound,directly_reviewed,own_mark,model_detection,442087.184,4695908.332
extension:192,extension_standardised,,K-35-067-3,burial_mound,directly_reviewed,own_mark,model_detection,510025.328,4664527.715
extension:194,extension_standardised,,K-35-067-3,burial_mound,directly_reviewed,own_mark,model_detection,502320.638,4661841.250
extension:195,extension_standardised,,K-35-067-4,burial_mound,directly_reviewed,own_mark,model_detection,530801.406,4657522.514
extension:196,extension_standardised,,K-35-067-4,bench_mark_on_mound,directly_reviewed,own_mark,model_detection,538147.415,4660654.758
extension:197,extension_standardised,,K-35-067-4,burial_mound,directly_reviewed,own_mark,model_detection,530966.072,4657446.581
extension:198,extension_standardised,,K-35-074-3,burial_mound,directly_reviewed,own_mark,model_detection,302475.242,4625866.720
extension:20,extension_standardised,,K-35-053-4_Boyadzhik,burial_mound,directly_reviewed,own_mark,model_detection,442575.002,4695440.845
extension:200,extension_standardised,,K-35-075-1,bench_mark_on_mound,directly_reviewed,own_mark,model_detection,335593.012,4649825.459
extension:202,extension_standardised,,K-35-075-1,burial_mound,directly_reviewed,own_mark,model_detection,347878.070,4645353.788
extension:206,extension_standardised,,K-35-075-1,burial_mound,directly_reviewed,own_mark,model_detection,338323.569,4644685.287
extension:208,extension_standardised,,K-35-075-2,burial_mound,directly_reviewed,own_mark,model_detection,367621.031,4646310.681
extension:209,extension_standardised,,K-35-075-2,burial_mound,directly_reviewed,own_mark,model_detection,362137.446,4641980.390
extension:21,extension_standardised,,K-35-054-1_Straldzha_4326,burial_mound,directly_reviewed,own_mark,model_detection,460426.865,4716525.281
extension:213,extension_standardised,,K-35-075-1,burial_mound,directly_reviewed,own_mark,model_detection,334396.028,4647093.170
extension:214,extension_standardised,,K-35-075-3,burial_mound,directly_reviewed,own_mark,model_detection,353868.222,4627747.370
extension:215,extension_standardised,,K-35-076-1,bench_mark_on_mound,directly_reviewed,own_mark,model_detection,385516.447,4637586.891
extension:218,extension_standardised,,K-35-076-1,settlement_mound,directly_reviewed,own_mark,model_detection,384992.802,4648506.957
extension:220,extension_standardised,,K-35-076-2,burial_mound,directly_reviewed,own_mark,model_detection,396963.341,4643950.260
extension:221,extension_standardised,,K-35-076-2,burial_mound,directly_reviewed,own_mark,model_detection,397258.495,4643814.829
extension:222,extension_standardised,,K-35-076-2,burial_mound,directly_reviewed,own_mark,model_detection,396406.219,4647531.873
extension:223,extension_standardised,,K-35-076-2,burial_mound,directly_reviewed,own_mark,model_detection,396358.207,4647359.630
extension:224,extension_standardised,,K-35-076-2,burial_mound,directly_reviewed,own_mark,model_detection,397616.201,4647324.257
extension:225,extension_standardised,,K-35-076-2,burial_mound,directly_reviewed,own_mark,model_detection,397327.361,4647014.732
extension:226,extension_standardised,,K-35-076-2,burial_mound,directly_reviewed,own_mark,model_detection,397617.489,4646970.870
extension:227,extension_standardised,,K-35-076-2,trig_point_on_mound,directly_reviewed,own_mark,model_detection,404620.535,4643860.404
extension:228,extension_standardised,,K-35-076-2,burial_mound,directly_reviewed,own_mark,model_detection,402704.218,4647559.608
extension:229,extension_standardised,,K-35-076-2,burial_mound,directly_reviewed,own_mark,model_detection,404645.695,4648124.768
extension:23,extension_standardised,,K-35-053-4_Boyadzhik,burial_mound,directly_reviewed,own_mark,model_detection,453156.362,4701325.692
extension:230,extension_standardised,,K-35-076-2,burial_mound,directly_reviewed,own_mark,model_detection,404566.615,4647719.918
extension:231,extension_standardised,,K-35-076-2,bench_mark_on_mound,directly_reviewed,own_mark,model_detection,405938.489,4647132.343
extension:232,extension_standardised,,K-35-076-2,burial_mound,directly_reviewed,own_mark,model_detection,409717.041,4649756.271
extension:233,extension_standardised,,K-35-076-2,burial_mound,directly_reviewed,own_mark,model_detection,407991.650,4649413.680
extension:234,extension_standardised,,K-35-076-2,burial_mound,directly_reviewed,own_mark,model_detection,408046.145,4649071.926
extension:235,extension_standardised,,K-35-076-2,burial_mound,directly_reviewed,own_mark,model_detection,407333.339,4649448.897
extension:236,extension_standardised,,K-35-076-2,burial_mound,directly_reviewed,own_mark,model_detection,412662.027,4644807.287
extension:237,extension_standardised,,K-35-076-2,burial_mound,directly_reviewed,own_mark,model_detection,412604.088,4644111.858
extension:239,extension_standardised,,K-35-076-2,burial_mound,directly_reviewed,own_mark,model_detection,409871.444,4648788.992
extension:24,extension_standardised,,K-35-054-1_Straldzha_4326,burial_mound,directly_reviewed,own_mark,model_detection,468690.007,4711592.872
extension:240,extension_standardised,,K-35-076-2,bench_mark_on_mound,directly_reviewed,own_mark,model_detection,410335.115,4648611.143
extension:241,extension_standardised,,K-35-076-2,burial_mound,directly_reviewed,own_mark,model_detection,397555.530,4645944.926
extension:242,extension_standardised,,K-35-076-2,burial_mound,directly_reviewed,own_mark,model_detection,411989.902,4648559.385
extension:243,extension_standardised,,K-35-076-2,burial_mound,directly_reviewed,own_mark,model_detection,411892.563,4648093.577
extension:244,extension_standardised,,K-35-076-1,burial_mound,directly_reviewed,own_mark,model_detection,394950.545,4641158.310
extension:245,extension_standardised,,K-35-076-2,burial_mound,directly_reviewed,own_mark,model_detection,410338.278,4646896.978
extension:246,extension_standardised,,K-35-076-2,burial_mound,directly_reviewed,own_mark,model_detection,413729.082,4648087.395
extension:247,extension_standardised,,K-35-076-2,burial_mound,directly_reviewed,own_mark,model_detection,414532.044,4648090.270
extension:248,extension_standardised,,K-35-076-2,trig_point_on_mound,directly_reviewed,own_mark,model_detection,398100.563,4643509.180
extension:249,extension_standardised,,K-35-076-2,bench_mark_on_mound,directly_reviewed,own_mark,model_detection,399392.343,4643469.362
extension:25,extension_standardised,,K-35-054-1_Straldzha_4326,burial_mound,directly_reviewed,own_mark,model_detection,468104.642,4711253.249
extension:250,extension_standardised,,K-35-076-2,burial_mound,directly_reviewed,own_mark,model_detection,415390.633,4644384.877
extension:251,extension_standardised,,K-35-076-2,bench_mark_on_mound,directly_reviewed,own_mark,model_detection,416475.378,4643909.142
extension:252,extension_standardised,,K-35-076-2,burial_mound,directly_reviewed,own_mark,model_detection,413281.389,4649972.795
extension:253,extension_standardised,,K-35-076-2,bench_mark_on_mound,directly_reviewed,own_mark,model_detection,413692.859,4649744.325
extension:254,extension_standardised,,K-35-076-2,burial_mound,directly_reviewed,own_mark,model_detection,413910.383,4649585.760
extension:255,extension_standardised,,K-35-076-2,burial_mound,directly_reviewed,own_mark,model_detection,398238.000,4646785.269
extension:256,extension_standardised,,K-35-076-2,trig_point_on_mound,directly_reviewed,own_mark,model_detection,398931.410,4646319.304
extension:257,extension_standardised,,K-35-076-2,burial_mound,directly_reviewed,own_mark,model_detection,398143.844,4646171.521
extension:258,extension_standardised,,K-35-076-2,bench_mark_on_mound,directly_reviewed,own_mark,model_detection,399892.657,4644004.331
extension:259,extension_standardised,,K-35-076-2,bench_mark_on_mound,directly_reviewed,own_mark,model_detection,414915.617,4648125.631
extension:26,extension_standardised,,K-35-054-1_Straldzha_4326,burial_mound,directly_reviewed,own_mark,model_detection,468176.772,4711304.767
extension:260,extension_standardised,,K-35-076-2,burial_mound,directly_reviewed,own_mark,model_detection,415326.080,4648198.228
extension:261,extension_standardised,,K-35-076-2,burial_mound,directly_reviewed,own_mark,model_detection,400608.775,4643155.787
extension:262,extension_standardised,,K-35-076-2,burial_mound,directly_reviewed,own_mark,model_detection,400680.798,4643094.972
extension:263,extension_standardised,,K-35-076-2,burial_mound,directly_reviewed,own_mark,model_detection,400504.830,4648402.820
extension:265,extension_standardised,,K-35-076-4,burial_mound,directly_reviewed,own_mark,model_detection,401641.347,4615071.481
extension:268,extension_standardised,,K-35-077-1,trig_point_on_mound,directly_reviewed,own_mark,model_detection,418398.632,4633958.597
extension:269,extension_standardised,,K-35-076-4,burial_mound,directly_reviewed,own_mark,model_detection,399373.272,4618109.949
extension:27,extension_standardised,,K-35-054-1_Straldzha_4326,burial_mound,directly_reviewed,own_mark,model_detection,465646.238,4711428.854
extension:270,extension_standardised,,K-35-077-1,bench_mark_on_mound,directly_reviewed,own_mark,model_detection,417282.037,4636349.523
extension:271,extension_standardised,,K-35-077-1,burial_mound,directly_reviewed,own_mark,model_detection,428432.646,4642671.413
extension:272,extension_standardised,,K-35-077-1,bench_mark_on_mound,directly_reviewed,own_mark,model_detection,433115.345,4644845.249
extension:273,extension_standardised,,K-35-077-1,burial_mound,directly_reviewed,own_mark,model_detection,436544.959,4635112.009
extension:274,extension_standardised,,K-35-077-1,burial_mound,directly_reviewed,own_mark,model_detection,437258.891,4644292.783
extension:275,extension_standardised,,K-35-077-2,bench_mark_on_mound,directly_reviewed,own_mark,model_detection,438301.546,4642773.163
extension:276,extension_standardised,,K-35-077-2,bench_mark_on_mound,directly_reviewed,own_mark,model_detection,438715.160,4634523.961
extension:277,extension_standardised,,K-35-077-2,burial_mound,directly_reviewed,own_mark,model_detection,439195.292,4640380.019
extension:278,extension_standardised,,K-35-077-2,bench_mark_on_mound,directly_reviewed,own_mark,model_detection,444873.363,4634605.479
extension:279,extension_standardised,,K-35-077-2,burial_mound,directly_reviewed,own_mark,model_detection,438540.324,4634879.347
extension:28,extension_standardised,,K-35-054-1_Straldzha_4326,settlement_mound,directly_reviewed,own_mark,model_detection,460055.891,4719080.717
extension:280,extension_standardised,,K-35-077-2,burial_mound,directly_reviewed,own_mark,model_detection,443755.908,4643223.711
extension:281,extension_standardised,,K-35-077-2,burial_mound,directly_reviewed,own_mark,model_detection,438160.799,4643978.298
extension:282,extension_standardised,,K-35-077-2,burial_mound,directly_reviewed,own_mark,model_detection,437968.586,4643263.389
extension:283,extension_standardised,,K-35-077-2,burial_mound,directly_reviewed,own_mark,model_detection,437878.880,4643208.041
extension:284,extension_standardised,,K-35-077-2,burial_mound,directly_reviewed,own_mark,model_detection,443909.306,4635331.301
extension:285,extension_standardised,,K-35-077-2,burial_mound,directly_reviewed,own_mark,model_detection,443939.352,4634514.191
extension:286,extension_standardised,,K-35-077-2,burial_mound,directly_reviewed,own_mark,model_detection,442757.643,4634439.730
extension:287,extension_standardised,,K-35-077-2,burial_mound,directly_reviewed,own_mark,model_detection,449608.073,4632047.280
extension:288,extension_standardised,,K-35-077-2,burial_mound,directly_reviewed,own_mark,model_detection,449471.782,4632221.941
extension:289,extension_standardised,,K-35-077-2,burial_mound,directly_reviewed,own_mark,model_detection,445995.392,4631960.031
extension:29,extension_standardised,,K-35-054-1_Straldzha_4326,bench_mark_on_mound,directly_reviewed,own_mark,model_detection,465760.732,4708488.705
extension:290,extension_standardised,,K-35-077-2,burial_mound,directly_reviewed,own_mark,model_detection,453590.639,4632976.535
extension:292,extension_standardised,,K-35-077-2,burial_mound,directly_reviewed,own_mark,model_detection,446643.310,4634839.650
extension:294,extension_standardised,,K-35-077-2,burial_mound,directly_reviewed,own_mark,model_detection,452138.244,4631675.512
extension:295,extension_standardised,,K-35-077-3,trig_point_on_mound,directly_reviewed,own_mark,model_detection,425754.606,4624688.591
extension:296,extension_standardised,,K-35-077-3,burial_mound,directly_reviewed,own_mark,model_detection,425673.278,4624620.229
extension:297,extension_standardised,,K-35-077-3,burial_mound,directly_reviewed,own_mark,model_detection,425902.463,4628671.117
extension:298,extension_standardised,,K-35-077-3,burial_mound,directly_reviewed,own_mark,model_detection,426622.890,4628530.610
extension:299,extension_standardised,,K-35-077-2,burial_mound,directly_reviewed,own_mark,model_detection,440718.566,4634117.278
extension:300,extension_standardised,,K-35-077-2,burial_mound,directly_reviewed,own_mark,model_detection,439877.430,4633941.741
extension:301,extension_standardised,,K-35-077-3,bench_mark_on_mound,directly_reviewed,own_mark,model_detection,424087.015,4624532.247
extension:302,extension_standardised,,K-35-077-3,burial_mound,directly_reviewed,own_mark,model_detection,425267.986,4620729.276
extension:303,extension_standardised,,K-35-077-3,burial_mound,directly_reviewed,own_mark,model_detection,424404.741,4620657.602
extension:304,extension_standardised,,K-35-077-3,burial_mound,directly_reviewed,own_mark,model_detection,425217.741,4620838.837
extension:305,extension_standardised,,K-35-077-2,burial_mound,directly_reviewed,own_mark,model_detection,440076.093,4632523.424
extension:306,extension_standardised,,K-35-077-4,bench_mark_on_mound,directly_reviewed,own_mark,model_detection,446584.263,4630518.162
extension:307,extension_standardised,,K-35-077-3,burial_mound,directly_reviewed,own_mark,model_detection,420523.018,4616678.411
extension:310,extension_standardised,,K-35-053-1,burial_mound,directly_reviewed,own_mark,model_detection,437345.396,4719372.586
extension:311,extension_standardised,,K-35-055-1,trig_point_on_mound,directly_reviewed,own_mark,model_detection,512892.528,4710289.011
extension:312,extension_standardised,,K-35-062-4_Asenovgrad_4326,burial_mound,directly_reviewed,own_mark,model_detection,325224.040,4658385.470
extension:316,extension_standardised,,K-35-075-1,burial_mound,directly_reviewed,own_mark,model_detection,338792.225,4644949.038
extension:318,extension_standardised,,K-35-077-1,bench_mark_on_mound,directly_reviewed,own_mark,model_detection,416930.521,4632106.048
extension:32,extension_standardised,,K-35-054-1_Straldzha_4326,bench_mark_on_mound,directly_reviewed,own_mark,model_detection,471685.405,4711863.946
extension:320,extension_standardised,,K-35-052-3,burial_mound,directly_reviewed,own_mark,model_detection,381117.690,4688525.879
extension:323,extension_standardised,,K-35-051-3,burial_mound,directly_reviewed,own_mark,model_detection,336237.615,4696958.962
extension:326,extension_standardised,,K-35-052-3,burial_mound,directly_reviewed,own_mark,model_detection,395306.631,4694096.234
extension:333,extension_standardised,,K-35-054-2_Atolov_4326,bench_mark_on_mound,directly_reviewed,own_mark,model_detection,484723.137,4710575.974
extension:338,extension_standardised,,K-35-054-2_Atolov_4326,burial_mound,directly_reviewed,own_mark,model_detection,492755.032,4722158.373
extension:34,extension_standardised,,K-35-054-1_Straldzha_4326,burial_mound,directly_reviewed,own_mark,model_detection,476546.112,4715053.704
extension:345,extension_standardised,,K-35-055-2,settlement_mound,directly_reviewed,own_mark,model_detection,525847.055,4714064.903
extension:349,extension_standardised,,K-35-062-4_Asenovgrad_4326,burial_mound,directly_reviewed,own_mark,model_detection,321989.415,4658700.697
extension:352,extension_standardised,,K-35-063-1_Granit_4326,burial_mound,directly_reviewed,own_mark,model_detection,347224.885,4684879.948
extension:36,extension_standardised,,K-35-054-1_Straldzha_4326,burial_mound,directly_reviewed,own_mark,model_detection,478812.588,4711065.324
extension:363,extension_standardised,,K-35-064-1_Sredets_4326,bench_mark_on_mound,directly_reviewed,own_mark,model_detection,388297.894,4672090.202
extension:366,extension_standardised,,K-35-064-1_Sredets_4326,bench_mark_on_mound,directly_reviewed,own_mark,model_detection,385792.015,4677540.541
extension:367,extension_standardised,,K-35-063-1_Granit_4326,burial_mound,directly_reviewed,own_mark,model_detection,344438.238,4683214.004
extension:37,extension_standardised,,K-35-054-1_Straldzha_4326,bench_mark_on_mound,directly_reviewed,own_mark,model_detection,478454.074,4715711.631
extension:370,extension_standardised,,K-35-064-4_Galabovo_4326,bench_mark_on_mound,directly_reviewed,own_mark,model_detection,399886.533,4654811.088
extension:374,extension_standardised,,K-35-066-2,trig_point_on_mound,directly_reviewed,own_mark,model_detection,482675.117,4675210.937
extension:38,extension_standardised,,K-35-054-1_Straldzha_4326,bench_mark_on_mound,directly_reviewed,own_mark,model_detection,475073.959,4713835.166
extension:384,extension_standardised,,K-35-067-4,burial_mound,directly_reviewed,own_mark,model_detection,528585.443,4658916.949
extension:386,extension_standardised,,K-35-067-4,burial_mound,directly_reviewed,own_mark,model_detection,537816.815,4658876.760
extension:388,extension_standardised,,K-35-075-2,burial_mound,directly_reviewed,own_mark,model_detection,359434.534,4637053.096
extension:39,extension_standardised,,K-35-054-1_Straldzha_4326,bench_mark_on_mound,directly_reviewed,own_mark,model_detection,462771.778,4714354.838
extension:391,extension_standardised,,K-35-076-2,burial_mound,directly_reviewed,own_mark,model_detection,403553.899,4643666.327
extension:392,extension_standardised,,K-35-076-2,burial_mound,directly_reviewed,own_mark,model_detection,404620.242,4647145.988
extension:394,extension_standardised,,K-35-076-3,bench_mark_on_mound,directly_reviewed,own_mark,model_detection,388873.646,4624586.205
extension:396,extension_standardised,,K-35-077-1,burial_mound,directly_reviewed,own_mark,model_detection,431051.025,4632173.042
extension:397,extension_standardised,,K-35-077-1,burial_mound,directly_reviewed,own_mark,model_detection,434299.660,4640951.127
extension:398,extension_standardised,,K-35-077-3,burial_mound,directly_reviewed,own_mark,model_detection,424922.874,4628986.844
extension:40,extension_standardised,,K-35-054-2_Atolov_4326,burial_mound,directly_reviewed,own_mark,model_detection,480243.039,4705849.066
extension:400,extension_standardised,,K-35-077-3,burial_mound,directly_reviewed,own_mark,model_detection,431142.697,4628546.719
extension:41,extension_standardised,,K-35-054-2_Atolov_4326,burial_mound,directly_reviewed,own_mark,model_detection,488908.104,4716908.260
extension:42,extension_standardised,,K-35-054-2_Atolov_4326,burial_mound,directly_reviewed,own_mark,model_detection,492476.912,4721580.540
extension:421,extension_standardised,,K-35-062-4_Asenovgrad_4326,burial_mound,directly_reviewed,own_mark,model_detection,320853.045,4655258.839
extension:423,extension_standardised,,K-35-063-2_Chirpan_4326,settlement_mound,directly_reviewed,own_mark,model_detection,371875.550,4682256.012
extension:429,extension_standardised,,K-35-063-4_Skobelevo_4326,burial_mound,directly_reviewed,own_mark,model_detection,367501.606,4658899.518
extension:43,extension_standardised,,K-35-054-2_Atolov_4326,burial_mound,directly_reviewed,own_mark,model_detection,492762.042,4721949.035
extension:433,extension_standardised,,K-35-064-1_Sredets_4326,burial_mound,directly_reviewed,own_mark,model_detection,394783.708,4670810.825
extension:434,extension_standardised,,K-35-064-3_Dimitrovgrad_4326,trig_point_on_mound,directly_reviewed,own_mark,model_detection,376654.785,4662486.444
extension:436,extension_standardised,,K-35-065-1_Radetski_4326,burial_mound,directly_reviewed,own_mark,model_detection,427821.584,4680062.929
extension:438,extension_standardised,,K-35-066-2,burial_mound,directly_reviewed,own_mark,model_detection,481220.780,4677726.160
extension:445,extension_standardised,,K-35-067-4,burial_mound,directly_reviewed,own_mark,model_detection,521418.885,4667062.810
extension:447,extension_standardised,,K-35-067-4,burial_mound,directly_reviewed,own_mark,model_detection,531025.635,4657347.245
extension:45,extension_standardised,,K-35-054-2_Atolov_4326,burial_mound,directly_reviewed,own_mark,model_detection,492426.723,4720262.290
extension:450,extension_standardised,,K-35-075-3,burial_mound,directly_reviewed,own_mark,model_detection,353986.585,4627516.540
extension:458,extension_standardised,,K-35-076-2,burial_mound,directly_reviewed,own_mark,model_detection,406157.294,4643423.343
extension:46,extension_standardised,,K-35-054-2_Atolov_4326,trig_point_on_mound,directly_reviewed,own_mark,model_detection,492064.523,4720372.109
extension:48,extension_standardised,,K-35-054-2_Atolov_4326,burial_mound,directly_reviewed,own_mark,model_detection,491779.824,4707722.983
extension:51,extension_standardised,,K-35-054-3_Yambol,trig_point_on_mound,directly_reviewed,own_mark,model_detection,467052.699,4698758.259
extension:512,extension_standardised,,K-35-063-1_Granit_4326,burial_mound,directly_reviewed,own_mark,model_detection,335810.618,4677815.424
extension:52,extension_standardised,,K-35-054-3_Yambol,settlement_mound,directly_reviewed,own_mark,model_detection,468491.067,4703669.663
extension:53,extension_standardised,,K-35-054-3_Yambol,bench_mark_on_mound,directly_reviewed,own_mark,model_detection,464100.964,4698942.760
extension:54,extension_standardised,,K-35-054-3_Yambol,trig_point_on_mound,directly_reviewed,own_mark,model_detection,471456.834,4688247.975
extension:56,extension_standardised,,K-35-054-1_Straldzha_4326,burial_mound,directly_reviewed,own_mark,model_detection,475829.358,4711753.596
extension:59,extension_standardised,,K-35-054-4_Voynika,trig_point_on_mound,directly_reviewed,own_mark,model_detection,494607.523,4688143.009
extension:62,extension_standardised,,K-35-055-2,settlement_mound,directly_reviewed,own_mark,model_detection,526432.630,4715367.687
extension:63,extension_standardised,,K-35-055-2,settlement_mound,directly_reviewed,own_mark,model_detection,532878.217,4718206.076
extension:640,extension_standardised,,K-35-055-4,burial_mound,directly_reviewed,own_mark,model_detection,525311.634,4698002.081
extension:647,extension_standardised,,K-35-067-4,burial_mound,directly_reviewed,own_mark,model_detection,530271.287,4664238.896
extension:652,extension_standardised,,K-35-077-2,burial_mound,directly_reviewed,own_mark,model_detection,443247.438,4634446.631
extension:655,extension_standardised,,K-35-053-2,burial_mound,directly_reviewed,own_mark,model_detection,458671.924,4708109.857
extension:656,extension_standardised,,K-35-053-4_Boyadzhik,trig_point_on_mound,directly_reviewed,own_mark,model_detection,458238.774,4697189.854
extension:670,extension_standardised,,K-35-075-1,burial_mound,directly_reviewed,own_mark,model_detection,345833.387,4642551.613
extension:672,extension_standardised,,K-35-052-2,settlement_mound,directly_reviewed,own_mark,model_detection,410410.014,4707377.998
extension:675,extension_standardised,,K-35-067-1,burial_mound,directly_reviewed,own_mark,model_detection,501333.227,4685153.843
extension:69,extension_standardised,,K-35-062-4_Asenovgrad_4326,bench_mark_on_mound,directly_reviewed,own_mark,model_detection,328436.295,4656600.998
extension:691,extension_standardised,,K-35-067-1,burial_mound,directly_reviewed,own_mark,model_detection,509482.513,4670020.899
extension:693,extension_standardised,,K-35-067-4,burial_mound,directly_reviewed,own_mark,model_detection,538079.803,4661923.893
extension:697,extension_standardised,,K-35-075-4,settlement_mound,directly_reviewed,own_mark,model_detection,358858.412,4624219.510
extension:7,extension_standardised,,K-35-052-2,settlement_mound,directly_reviewed,own_mark,model_detection,410768.224,4708198.479
extension:70,extension_standardised,,K-35-062-4_Asenovgrad_4326,bench_mark_on_mound,directly_reviewed,own_mark,model_detection,328404.390,4658830.990
extension:701,extension_standardised,,K-35-077-3,burial_mound,directly_reviewed,own_mark,model_detection,418711.722,4616660.399
extension:71,extension_standardised,,K-35-062-4_Asenovgrad_4326,burial_mound,directly_reviewed,own_mark,model_detection,327690.491,4658399.420
extension:712,extension_standardised,,K-35-076-2,burial_mound,directly_reviewed,own_mark,model_detection,402859.783,4643917.768
extension:716,extension_standardised,,K-35-063-3_Tatarevo_4326,settlement_mound,directly_reviewed,own_mark,model_detection,351558.850,4663973.736
extension:720,extension_standardised,,K-35-076-2,bench_mark_on_mound,directly_reviewed,own_mark,model_detection,402813.339,4646114.150
extension:73,extension_standardised,,K-35-062-4_Asenovgrad_4326,burial_mound,directly_reviewed,own_mark,model_detection,328657.948,4652071.761
extension:74,extension_standardised,,K-35-062-4_Asenovgrad_4326,bench_mark_on_mound,directly_reviewed,own_mark,model_detection,317278.408,4657425.856
extension:740,extension_standardised,,K-35-053-2,burial_mound,directly_reviewed,own_mark,model_detection,456372.457,4709859.182
extension:743,extension_standardised,,K-35-064-2_Radnevo_4326,burial_mound,directly_reviewed,own_mark,model_detection,414002.012,4679458.181
extension:76,extension_standardised,,K-35-063-1_Granit_4326,burial_mound,directly_reviewed,own_mark,model_detection,344446.920,4673237.881
extension:763,extension_standardised,,K-35-053-1,burial_mound,directly_reviewed,own_mark,model_detection,436643.015,4718159.067
extension:766,extension_standardised,,K-35-067-4,burial_mound,directly_reviewed,own_mark,model_detection,530187.598,4664229.283
extension:769,extension_standardised,,K-35-064-3_Dimitrovgrad_4326,trig_point_on_mound,directly_reviewed,own_mark,model_detection,382213.165,4650973.841
extension:77,extension_standardised,,K-35-063-1_Granit_4326,burial_mound,directly_reviewed,own_mark,model_detection,344455.303,4683276.795
extension:771,extension_standardised,,K-35-065-3_Glavan_4326,burial_mound,directly_reviewed,own_mark,model_detection,432423.238,4650595.204
extension:78,extension_standardised,,K-35-063-1_Granit_4326,burial_mound,directly_reviewed,own_mark,model_detection,344519.671,4683232.058
extension:79,extension_standardised,,K-35-063-1_Granit_4326,bench_mark_on_mound,directly_reviewed,own_mark,model_detection,344185.631,4674476.969
extension:8,extension_standardised,,K-35-052-2,burial_mound,directly_reviewed,own_mark,model_detection,407921.842,4708867.299
extension:80,extension_standardised,,K-35-063-1_Granit_4326,burial_mound,directly_reviewed,own_mark,model_detection,342717.361,4684684.924
extension:82,extension_standardised,,K-35-063-1_Granit_4326,burial_mound,directly_reviewed,own_mark,model_detection,346085.562,4672367.899
extension:83,extension_standardised,,K-35-063-1_Granit_4326,bench_mark_on_mound,directly_reviewed,own_mark,model_detection,349154.861,4684609.245
extension:84,extension_standardised,,K-35-063-1_Granit_4326,burial_mound,directly_reviewed,own_mark,model_detection,349364.133,4684489.756
extension:85,extension_standardised,,K-35-063-1_Granit_4326,burial_mound,directly_reviewed,own_mark,model_detection,349450.288,4684484.869
extension:86,extension_standardised,,K-35-063-1_Granit_4326,burial_mound,directly_reviewed,own_mark,model_detection,348982.036,4683894.922
extension:87,extension_standardised,,K-35-063-1_Granit_4326,bench_mark_on_mound,directly_reviewed,own_mark,model_detection,352376.951,4686648.883
extension:88,extension_standardised,,K-35-063-1_Granit_4326,burial_mound,directly_reviewed,own_mark,model_detection,337401.904,4686653.234
extension:89,extension_standardised,,K-35-063-1_Granit_4326,burial_mound,directly_reviewed,own_mark,model_detection,337361.641,4686578.628
extension:9,extension_standardised,,K-35-052-3,burial_mound,directly_reviewed,own_mark,model_detection,396166.425,4693943.918
extension:90,extension_standardised,,K-35-063-1_Granit_4326,burial_mound,directly_reviewed,own_mark,model_detection,337270.857,4686508.042
extension:93,extension_standardised,,K-35-063-1_Granit_4326,burial_mound,directly_reviewed,own_mark,model_detection,354821.463,4683804.106
extension:95,extension_standardised,,K-35-063-1_Granit_4326,bench_mark_on_mound,directly_reviewed,own_mark,model_detection,351077.825,4684115.443
extension:96,extension_standardised,,K-35-063-1_Granit_4326,trig_point_on_mound,directly_reviewed,own_mark,model_detection,338409.469,4688138.991
extension:97,extension_standardised,,K-35-063-1_Granit_4326,bench_mark_on_mound,directly_reviewed,own_mark,model_detection,351644.089,4677352.491
extension:98,extension_standardised,,K-35-063-1_Granit_4326,bench_mark_on_mound,directly_reviewed,own_mark,model_detection,336707.861,4673077.655
extension:72,extension_standardised,,K-35-062-4_Asenovgrad_4326,trig_point_on_mound,directly_reviewed,own_mark,model_detection,326974.642,4658036.345
