{
"type": "FeatureCollection",
"name": "h13_common_bounds",
"crs": { "type": "name", "properties": { "name": "urn:ogc:def:crs:EPSG::32635" } },
"features": [
{ "type": "Feature", "properties": { "tile_name": "K-35-052-4_32635_x0_y0.png", "map_name": "K-35-052-4_32635" }, "geometry": { "type": "Polygon", "coordinates": [ [ [ 398171.62875983514823, 4706006.125313682481647 ], [ 398812.935506286623422, 4706006.125313682481647 ], [ 399133.588879512390122, 4706006.125313682481647 ], [ 399454.242252738098614, 4706006.125313682481647 ], [ 399454.242252738098614, 4703440.89832787681371 ], [ 396889.015266932197846, 4703440.89832787681371 ], [ 396889.015266932197846, 4703761.551701102405787 ], [ 396889.015266932197846, 4704082.205074327997863 ], [ 396889.015266932197846, 4704723.511820779182017 ], [ 396889.015266932197846, 4706006.125313682481647 ], [ 398171.62875983514823, 4706006.125313682481647 ] ] ] } },
{ "type": "Feature", "properties": { "tile_name": "K-35-052-4_32635_x0_y1344.png", "map_name": "K-35-052-4_32635" }, "geometry": { "type": "Polygon", "coordinates": [ [ [ 399454.242252738098614, 4699272.404475941322744 ], [ 399454.242252738098614, 4696707.177490135654807 ], [ 396889.015266932197846, 4696707.177490135654807 ], [ 396889.015266932197846, 4697027.830863361246884 ], [ 396889.015266932197846, 4697027.830863362178206 ], [ 396889.015266932197846, 4697669.13760981336236 ], [ 396889.015266932197846, 4698310.444356264546514 ], [ 396889.015266932197846, 4698951.751102715730667 ], [ 396889.015266932197846, 4699272.404475941322744 ], [ 399454.242252738098614, 4699272.404475941322744 ] ] ] } },
{ "type": "Feature", "properties": { "tile_name": "K-35-052-4_32635_x0_y1792.png", "map_name": "K-35-052-4_32635" }, "geometry": { "type": "Polygon", "coordinates": [ [ [ 399454.242252738098614, 4697027.830863361246884 ], [ 399454.242252738098614, 4694462.603877555578947 ], [ 396889.015266932197846, 4694462.603877555578947 ], [ 396889.015266932197846, 4694783.257250781171024 ], [ 396889.015266932197846, 4695745.217370458878577 ], [ 396889.015266932197846, 4696386.52411691006273 ], [ 396889.015266932197846, 4696707.177490135654807 ], [ 396889.015266932197846, 4697027.830863361246884 ], [ 399454.242252738098614, 4697027.830863361246884 ] ] ] } },
{ "type": "Feature", "properties": { "tile_name": "K-35-052-4_32635_x0_y2240.png", "map_name": "K-35-052-4_32635" }, "geometry": { "type": "Polygon", "coordinates": [ [ [ 399454.242252738098614, 4694783.257250781171024 ], [ 399454.242252738098614, 4692218.030264975503087 ], [ 396889.015266932197846, 4692218.030264975503087 ], [ 396889.015266932197846, 4692538.683638201095164 ], [ 396889.015266932197846, 4693179.990384652279317 ], [ 396889.015266932197846, 4693179.99038465321064 ], [ 396889.015266932197846, 4693821.297131104394794 ], [ 396889.015266932197846, 4694462.603877555578947 ], [ 396889.015266932197846, 4694783.257250781171024 ], [ 399454.242252738098614, 4694783.257250781171024 ] ] ] } },
{ "type": "Feature", "properties": { "tile_name": "K-35-052-4_32635_x0_y2688.png", "map_name": "K-35-052-4_32635" }, "geometry": { "type": "Polygon", "coordinates": [ [ [ 399454.242252738098614, 4692538.683638201095164 ], [ 399454.242252738098614, 4689973.456652395427227 ], [ 396889.015266932197846, 4689973.456652395427227 ], [ 396889.015266932197846, 4690294.110025621019304 ], [ 396889.015266932197846, 4690614.763398846611381 ], [ 396889.015266932197846, 4691897.37689174991101 ], [ 396889.015266932197846, 4692218.030264975503087 ], [ 396889.015266932197846, 4692538.683638201095164 ], [ 399454.242252738098614, 4692538.683638201095164 ] ] ] } },
{ "type": "Feature", "properties": { "tile_name": "K-35-052-4_32635_x0_y3136.png", "map_name": "K-35-052-4_32635" }, "geometry": { "type": "Polygon", "coordinates": [ [ [ 399454.242252738098614, 4690294.110025621019304 ], [ 399454.242252738098614, 4687728.883039815351367 ], [ 396889.015266932197846, 4687728.883039815351367 ], [ 396889.015266932197846, 4688049.536413040943444 ], [ 396889.015266932197846, 4688690.843159492127597 ], [ 396889.015266932197846, 4689332.149905943311751 ], [ 396889.015266932197846, 4689332.149905944243073 ], [ 396889.015266932197846, 4689973.456652395427227 ], [ 396889.015266932197846, 4690294.110025621019304 ], [ 399454.242252738098614, 4690294.110025621019304 ] ] ] } },
{ "type": "Feature", "properties": { "tile_name": "K-35-052-4_32635_x0_y3584.png", "map_name": "K-35-052-4_32635" }, "geometry": { "type": "Polygon", "coordinates": [ [ [ 399454.242252738098614, 4688049.536413040943444 ], [ 399454.242252738098614, 4686125.616173686459661 ], [ 398812.935506286623422, 4686125.616173686459661 ], [ 396889.015266932197846, 4686125.616173686459661 ], [ 396889.015266932197846, 4686766.922920137643814 ], [ 396889.015266932197846, 4687728.883039815351367 ], [ 396889.015266932197846, 4688049.536413040943444 ], [ 399454.242252738098614, 4688049.536413040943444 ] ] ] } },
{ "type": "Feature", "properties": { "tile_name": "K-35-052-4_32635_x0_y448.png", "map_name": "K-35-052-4_32635" }, "geometry": { "type": "Polygon", "coordinates": [ [ [ 399454.242252738098614, 4703761.551701102405787 ], [ 399454.242252738098614, 4701196.32471529673785 ], [ 396889.015266932197846, 4701196.32471529673785 ], [ 396889.015266932197846, 4701516.978088521398604 ], [ 396889.015266932197846, 4701516.978088522329926 ], [ 396889.015266932197846, 4702158.28483497351408 ], [ 396889.015266932197846, 4703440.898327875882387 ], [ 396889.015266932197846, 4703440.89832787681371 ], [ 396889.015266932197846, 4703761.551701102405787 ], [ 399454.242252738098614, 4703761.551701102405787 ] ] ] } },
{ "type": "Feature", "properties": { "tile_name": "K-35-052-4_32635_x0_y896.png", "map_name": "K-35-052-4_32635" }, "geometry": { "type": "Polygon", "coordinates": [ [ [ 399454.242252738098614, 4701516.978088521398604 ], [ 399454.242252738098614, 4698951.751102715730667 ], [ 396889.015266932197846, 4698951.751102715730667 ], [ 396889.015266932197846, 4699272.404475941322744 ], [ 396889.015266932197846, 4699593.057849167846143 ], [ 396889.015266932197846, 4700234.364595619030297 ], [ 396889.015266932197846, 4700875.67134207021445 ], [ 396889.015266932197846, 4701196.32471529673785 ], [ 396889.015266932197846, 4701516.978088521398604 ], [ 399454.242252738098614, 4701516.978088521398604 ] ] ] } },
{ "type": "Feature", "properties": { "tile_name": "K-35-052-4_32635_x1344_y0.png", "map_name": "K-35-052-4_32635" }, "geometry": { "type": "Polygon", "coordinates": [ [ [ 403943.389477898483165, 4706006.125313682481647 ], [ 404584.696224349958356, 4706006.125313682481647 ], [ 405226.002970801433548, 4706006.125313682481647 ], [ 405867.30971725290874, 4706006.125313682481647 ], [ 406187.963090478617232, 4706006.125313682481647 ], [ 406187.963090478617232, 4703440.89832787681371 ], [ 403622.736104672716465, 4703440.89832787681371 ], [ 403622.736104672716465, 4706006.125313682481647 ], [ 403943.389477898483165, 4706006.125313682481647 ] ] ] } },
{ "type": "Feature", "properties": { "tile_name": "K-35-052-4_32635_x1344_y1792.png", "map_name": "K-35-052-4_32635" }, "geometry": { "type": "Polygon", "coordinates": [ [ [ 403943.389477898483165, 4697027.830863361246884 ], [ 405867.30971725290874, 4697027.830863361246884 ], [ 406187.963090478617232, 4697027.830863361246884 ], [ 406187.963090478617232, 4694462.603877555578947 ], [ 405867.30971725290874, 4694462.603877555578947 ], [ 403943.389477898483165, 4694462.603877555578947 ], [ 403622.736104672716465, 4694462.603877555578947 ], [ 403622.736104672716465, 4697027.830863361246884 ], [ 403943.389477898483165, 4697027.830863361246884 ] ] ] } },
{ "type": "Feature", "properties": { "tile_name": "K-35-052-4_32635_x1344_y2688.png", "map_name": "K-35-052-4_32635" }, "geometry": { "type": "Polygon", "coordinates": [ [ [ 403943.389477898483165, 4692538.683638201095164 ], [ 405867.30971725290874, 4692538.683638201095164 ], [ 406187.963090478617232, 4692538.683638201095164 ], [ 406187.963090478617232, 4689973.456652395427227 ], [ 403622.736104672716465, 4689973.456652395427227 ], [ 403622.736104672716465, 4692538.683638201095164 ], [ 403943.389477898483165, 4692538.683638201095164 ] ] ] } },
{ "type": "Feature", "properties": { "tile_name": "K-35-052-4_32635_x1344_y3136.png", "map_name": "K-35-052-4_32635" }, "geometry": { "type": "Polygon", "coordinates": [ [ [ 406187.963090478617232, 4690294.110025621019304 ], [ 406187.963090478617232, 4687728.883039815351367 ], [ 403622.736104672716465, 4687728.883039815351367 ], [ 403622.736104672716465, 4690294.110025621019304 ], [ 406187.963090478617232, 4690294.110025621019304 ] ] ] } },
{ "type": "Feature", "properties": { "tile_name": "K-35-052-4_32635_x1344_y3584.png", "map_name": "K-35-052-4_32635" }, "geometry": { "type": "Polygon", "coordinates": [ [ [ 406187.963090478617232, 4688049.536413040943444 ], [ 406187.963090478617232, 4686125.616173686459661 ], [ 405226.002970801433548, 4686125.616173686459661 ], [ 404584.696224349958356, 4686125.616173686459661 ], [ 403622.736104672716465, 4686125.616173686459661 ], [ 403622.736104672716465, 4688049.536413040943444 ], [ 406187.963090478617232, 4688049.536413040943444 ] ] ] } },
{ "type": "Feature", "properties": { "tile_name": "K-35-052-4_32635_x1344_y448.png", "map_name": "K-35-052-4_32635" }, "geometry": { "type": "Polygon", "coordinates": [ [ [ 406187.963090478617232, 4703761.551701102405787 ], [ 406187.963090478617232, 4701196.32471529673785 ], [ 403622.736104672716465, 4701196.32471529673785 ], [ 403622.736104672716465, 4703761.551701102405787 ], [ 406187.963090478617232, 4703761.551701102405787 ] ] ] } },
{ "type": "Feature", "properties": { "tile_name": "K-35-052-4_32635_x1344_y896.png", "map_name": "K-35-052-4_32635" }, "geometry": { "type": "Polygon", "coordinates": [ [ [ 406187.963090478617232, 4701516.978088521398604 ], [ 406187.963090478617232, 4698951.751102715730667 ], [ 405867.30971725290874, 4698951.751102715730667 ], [ 403943.389477898483165, 4698951.751102715730667 ], [ 403622.736104672716465, 4698951.751102715730667 ], [ 403622.736104672716465, 4701516.978088521398604 ], [ 406187.963090478617232, 4701516.978088521398604 ] ] ] } },
{ "type": "Feature", "properties": { "tile_name": "K-35-052-4_32635_x1792_y0.png", "map_name": "K-35-052-4_32635" }, "geometry": { "type": "Polygon", "coordinates": [ [ [ 406187.963090478617232, 4706006.125313682481647 ], [ 406508.616463704383932, 4706006.125313682481647 ], [ 407149.923210155859124, 4706006.125313682481647 ], [ 408111.883329833101016, 4706006.125313682481647 ], [ 408432.536703058809508, 4706006.125313682481647 ], [ 408432.536703058809508, 4703440.89832787681371 ], [ 405867.30971725290874, 4703440.89832787681371 ], [ 405867.30971725290874, 4706006.125313682481647 ], [ 406187.963090478617232, 4706006.125313682481647 ] ] ] } },
{ "type": "Feature", "properties": { "tile_name": "K-35-052-4_32635_x1792_y1344.png", "map_name": "K-35-052-4_32635" }, "geometry": { "type": "Polygon", "coordinates": [ [ [ 408432.536703058809508, 4699272.404475941322744 ], [ 408432.536703058809508, 4696707.177490135654807 ], [ 405867.30971725290874, 4696707.177490135654807 ], [ 405867.30971725290874, 4697027.830863361246884 ], [ 405867.30971725290874, 4698951.751102715730667 ], [ 405867.30971725290874, 4699272.404475941322744 ], [ 408432.536703058809508, 4699272.404475941322744 ] ] ] } },
{ "type": "Feature", "properties": { "tile_name": "K-35-052-4_32635_x1792_y1792.png", "map_name": "K-35-052-4_32635" }, "geometry": { "type": "Polygon", "coordinates": [ [ [ 408432.536703058809508, 4697027.830863361246884 ], [ 408432.536703058809508, 4694462.603877555578947 ], [ 405867.30971725290874, 4694462.603877555578947 ], [ 405867.30971725290874, 4697027.830863361246884 ], [ 408432.536703058809508, 4697027.830863361246884 ] ] ] } },
{ "type": "Feature", "properties": { "tile_name": "K-35-052-4_32635_x1792_y2240.png", "map_name": "K-35-052-4_32635" }, "geometry": { "type": "Polygon", "coordinates": [ [ [ 408432.536703058809508, 4694783.257250781171024 ], [ 408432.536703058809508, 4694462.603877555578947 ], [ 408432.536703058809508, 4692538.683638201095164 ], [ 408432.536703058809508, 4692218.030264975503087 ], [ 405867.30971725290874, 4692218.030264975503087 ], [ 405867.30971725290874, 4692538.683638201095164 ], [ 405867.30971725290874, 4694462.603877555578947 ], [ 405867.30971725290874, 4694783.257250781171024 ], [ 408432.536703058809508, 4694783.257250781171024 ] ] ] } },
{ "type": "Feature", "properties": { "tile_name": "K-35-052-4_32635_x1792_y2688.png", "map_name": "K-35-052-4_32635" }, "geometry": { "type": "Polygon", "coordinates": [ [ [ 408432.536703058809508, 4692538.683638201095164 ], [ 408432.536703058809508, 4689973.456652395427227 ], [ 405867.30971725290874, 4689973.456652395427227 ], [ 405867.30971725290874, 4692538.683638201095164 ], [ 408432.536703058809508, 4692538.683638201095164 ] ] ] } },
{ "type": "Feature", "properties": { "tile_name": "K-35-052-4_32635_x1792_y3136.png", "map_name": "K-35-052-4_32635" }, "geometry": { "type": "Polygon", "coordinates": [ [ [ 408432.536703058809508, 4690294.110025621019304 ], [ 408432.536703058809508, 4687728.883039815351367 ], [ 405867.30971725290874, 4687728.883039815351367 ], [ 405867.30971725290874, 4690294.110025621019304 ], [ 408432.536703058809508, 4690294.110025621019304 ] ] ] } },
{ "type": "Feature", "properties": { "tile_name": "K-35-052-4_32635_x1792_y3584.png", "map_name": "K-35-052-4_32635" }, "geometry": { "type": "Polygon", "coordinates": [ [ [ 408432.536703058809508, 4688049.536413040943444 ], [ 408432.536703058809508, 4687728.883039815351367 ], [ 408432.536703058809508, 4686125.616173686459661 ], [ 407149.923210155859124, 4686125.616173686459661 ], [ 406508.616463704383932, 4686125.616173686459661 ], [ 405867.30971725290874, 4686125.616173686459661 ], [ 405867.30971725290874, 4688049.536413040943444 ], [ 408432.536703058809508, 4688049.536413040943444 ] ] ] } },
{ "type": "Feature", "properties": { "tile_name": "K-35-052-4_32635_x1792_y448.png", "map_name": "K-35-052-4_32635" }, "geometry": { "type": "Polygon", "coordinates": [ [ [ 408432.536703058809508, 4703761.551701102405787 ], [ 408432.536703058809508, 4701196.32471529673785 ], [ 405867.30971725290874, 4701196.32471529673785 ], [ 405867.30971725290874, 4703761.551701102405787 ], [ 408432.536703058809508, 4703761.551701102405787 ] ] ] } },
{ "type": "Feature", "properties": { "tile_name": "K-35-052-4_32635_x1792_y896.png", "map_name": "K-35-052-4_32635" }, "geometry": { "type": "Polygon", "coordinates": [ [ [ 408432.536703058809508, 4701516.978088521398604 ], [ 408432.536703058809508, 4698951.751102715730667 ], [ 405867.30971725290874, 4698951.751102715730667 ], [ 405867.30971725290874, 4701516.978088521398604 ], [ 408432.536703058809508, 4701516.978088521398604 ] ] ] } },
{ "type": "Feature", "properties": { "tile_name": "K-35-052-4_32635_x2240_y0.png", "map_name": "K-35-052-4_32635" }, "geometry": { "type": "Polygon", "coordinates": [ [ [ 408432.536703058809508, 4706006.125313682481647 ], [ 408432.536703058867715, 4706006.125313682481647 ], [ 409073.843449510284699, 4706006.125313682481647 ], [ 409715.150195961759891, 4706006.125313682481647 ], [ 409715.150195961818099, 4706006.125313682481647 ], [ 410356.456942413293291, 4706006.125313682481647 ], [ 410677.110315639001783, 4706006.125313682481647 ], [ 410677.110315639001783, 4703440.89832787681371 ], [ 408111.883329833101016, 4703440.89832787681371 ], [ 408111.883329833101016, 4706006.125313682481647 ], [ 408432.536703058809508, 4706006.125313682481647 ] ] ] } },
{ "type": "Feature", "properties": { "tile_name": "K-35-052-4_32635_x2240_y1344.png", "map_name": "K-35-052-4_32635" }, "geometry": { "type": "Polygon", "coordinates": [ [ [ 410677.110315639001783, 4699272.404475941322744 ], [ 410677.110315639001783, 4696707.177490135654807 ], [ 408111.883329833101016, 4696707.177490135654807 ], [ 408111.883329833101016, 4699272.404475941322744 ], [ 410677.110315639001783, 4699272.404475941322744 ] ] ] } },
{ "type": "Feature", "properties": { "tile_name": "K-35-052-4_32635_x2240_y1792.png", "map_name": "K-35-052-4_32635" }, "geometry": { "type": "Polygon", "coordinates": [ [ [ 410677.110315639001783, 4697027.830863361246884 ], [ 410677.110315639001783, 4694462.603877555578947 ], [ 410356.456942413293291, 4694462.603877555578947 ], [ 408432.536703058809508, 4694462.603877555578947 ], [ 408111.883329833101016, 4694462.603877555578947 ], [ 408111.883329833101016, 4697027.830863361246884 ], [ 410677.110315639001783, 4697027.830863361246884 ] ] ] } },
{ "type": "Feature", "properties": { "tile_name": "K-35-052-4_32635_x2240_y2688.png", "map_name": "K-35-052-4_32635" }, "geometry": { "type": "Polygon", "coordinates": [ [ [ 408432.536703058809508, 4692538.683638201095164 ], [ 409073.843449510284699, 4692538.683638201095164 ], [ 410356.456942413293291, 4692538.683638201095164 ], [ 410677.110315639001783, 4692538.683638201095164 ], [ 410677.110315639001783, 4689973.456652395427227 ], [ 408111.883329833101016, 4689973.456652395427227 ], [ 408111.883329833101016, 4692538.683638201095164 ], [ 408432.536703058809508, 4692538.683638201095164 ] ] ] } },
{ "type": "Feature", "properties": { "tile_name": "K-35-052-4_32635_x2240_y3136.png", "map_name": "K-35-052-4_32635" }, "geometry": { "type": "Polygon", "coordinates": [ [ [ 410677.110315639001783, 4690294.110025621019304 ], [ 410677.110315639001783, 4687728.883039815351367 ], [ 410356.456942413293291, 4687728.883039815351367 ], [ 408432.536703058809508, 4687728.883039815351367 ], [ 408111.883329833101016, 4687728.883039815351367 ], [ 408111.883329833101016, 4690294.110025621019304 ], [ 410677.110315639001783, 4690294.110025621019304 ] ] ] } },
{ "type": "Feature", "properties": { "tile_name": "K-35-052-4_32635_x2240_y448.png", "map_name": "K-35-052-4_32635" }, "geometry": { "type": "Polygon", "coordinates": [ [ [ 410677.110315639001783, 4703761.551701102405787 ], [ 410677.110315639001783, 4701196.32471529673785 ], [ 408111.883329833101016, 4701196.32471529673785 ], [ 408111.883329833101016, 4703761.551701102405787 ], [ 410677.110315639001783, 4703761.551701102405787 ] ] ] } },
{ "type": "Feature", "properties": { "tile_name": "K-35-052-4_32635_x2240_y896.png", "map_name": "K-35-052-4_32635" }, "geometry": { "type": "Polygon", "coordinates": [ [ [ 410677.110315639001783, 4701516.978088521398604 ], [ 410677.110315639001783, 4698951.751102715730667 ], [ 408111.883329833101016, 4698951.751102715730667 ], [ 408111.883329833101016, 4701516.978088521398604 ], [ 410677.110315639001783, 4701516.978088521398604 ] ] ] } },
{ "type": "Feature", "properties": { "tile_name": "K-35-052-4_32635_x2688_y0.png", "map_name": "K-35-052-4_32635" }, "geometry": { "type": "Polygon", "coordinates": [ [ [ 410677.110315639001783, 4706006.125313682481647 ], [ 410997.763688864768483, 4706006.125313682481647 ], [ 412280.377181767718866, 4706006.125313682481647 ], [ 412601.030554993485566, 4706006.125313682481647 ], [ 412921.683928219194058, 4706006.125313682481647 ], [ 412921.683928219194058, 4703440.89832787681371 ], [ 410356.456942413293291, 4703440.89832787681371 ], [ 410356.456942413293291, 4706006.125313682481647 ], [ 410677.110315639001783, 4706006.125313682481647 ] ] ] } },
{ "type": "Feature", "properties": { "tile_name": "K-35-052-4_32635_x2688_y1344.png", "map_name": "K-35-052-4_32635" }, "geometry": { "type": "Polygon", "coordinates": [ [ [ 412921.683928219194058, 4699272.404475941322744 ], [ 412921.683928219194058, 4696707.177490135654807 ], [ 410356.456942413293291, 4696707.177490135654807 ], [ 410356.456942413293291, 4699272.404475941322744 ], [ 412921.683928219194058, 4699272.404475941322744 ] ] ] } },
{ "type": "Feature", "properties": { "tile_name": "K-35-052-4_32635_x2688_y1792.png", "map_name": "K-35-052-4_32635" }, "geometry": { "type": "Polygon", "coordinates": [ [ [ 412921.683928219194058, 4697027.830863361246884 ], [ 412921.683928219194058, 4694462.603877555578947 ], [ 410356.456942413293291, 4694462.603877555578947 ], [ 410356.456942413293291, 4697027.830863361246884 ], [ 412921.683928219194058, 4697027.830863361246884 ] ] ] } },
{ "type": "Feature", "properties": { "tile_name": "K-35-052-4_32635_x2688_y2240.png", "map_name": "K-35-052-4_32635" }, "geometry": { "type": "Polygon", "coordinates": [ [ [ 412921.683928219194058, 4694783.257250781171024 ], [ 412921.683928219194058, 4692218.030264975503087 ], [ 410356.456942413293291, 4692218.030264975503087 ], [ 410356.456942413293291, 4692538.683638201095164 ], [ 410356.456942413293291, 4693821.297131104394794 ], [ 410356.456942413293291, 4694462.603877555578947 ], [ 410356.456942413293291, 4694783.257250781171024 ], [ 412921.683928219194058, 4694783.257250781171024 ] ] ] } },
{ "type": "Feature", "properties": { "tile_name": "K-35-052-4_32635_x2688_y2688.png", "map_name": "K-35-052-4_32635" }, "geometry": { "type": "Polygon", "coordinates": [ [ [ 412921.683928219194058, 4692538.683638201095164 ], [ 412921.683928219194058, 4689973.456652395427227 ], [ 410356.456942413293291, 4689973.456652395427227 ], [ 410356.456942413293291, 4692538.683638201095164 ], [ 412921.683928219194058, 4692538.683638201095164 ] ] ] } },
{ "type": "Feature", "properties": { "tile_name": "K-35-052-4_32635_x2688_y3136.png", "map_name": "K-35-052-4_32635" }, "geometry": { "type": "Polygon", "coordinates": [ [ [ 412921.683928219194058, 4690294.110025621019304 ], [ 412921.683928219194058, 4687728.883039815351367 ], [ 410356.456942413293291, 4687728.883039815351367 ], [ 410356.456942413293291, 4690294.110025621019304 ], [ 412921.683928219194058, 4690294.110025621019304 ] ] ] } },
{ "type": "Feature", "properties": { "tile_name": "K-35-052-4_32635_x2688_y3584.png", "map_name": "K-35-052-4_32635" }, "geometry": { "type": "Polygon", "coordinates": [ [ [ 412921.683928219194058, 4688049.536413040943444 ], [ 412921.683928219194058, 4686125.616173686459661 ], [ 412280.377181767718866, 4686125.616173686459661 ], [ 410997.763688864768483, 4686125.616173686459661 ], [ 410356.456942413293291, 4686125.616173686459661 ], [ 410356.456942413293291, 4687728.883039815351367 ], [ 410356.456942413293291, 4688049.536413040943444 ], [ 412921.683928219194058, 4688049.536413040943444 ] ] ] } },
{ "type": "Feature", "properties": { "tile_name": "K-35-052-4_32635_x2688_y448.png", "map_name": "K-35-052-4_32635" }, "geometry": { "type": "Polygon", "coordinates": [ [ [ 412921.683928219194058, 4703761.551701102405787 ], [ 412921.683928219194058, 4701196.32471529673785 ], [ 410356.456942413293291, 4701196.32471529673785 ], [ 410356.456942413293291, 4703761.551701102405787 ], [ 412921.683928219194058, 4703761.551701102405787 ] ] ] } },
{ "type": "Feature", "properties": { "tile_name": "K-35-052-4_32635_x2688_y896.png", "map_name": "K-35-052-4_32635" }, "geometry": { "type": "Polygon", "coordinates": [ [ [ 412921.683928219194058, 4701516.978088521398604 ], [ 412921.683928219194058, 4701196.32471529673785 ], [ 412921.683928219194058, 4699272.404475941322744 ], [ 412921.683928219194058, 4698951.751102715730667 ], [ 410356.456942413293291, 4698951.751102715730667 ], [ 410356.456942413293291, 4701516.978088521398604 ], [ 412921.683928219194058, 4701516.978088521398604 ] ] ] } },
{ "type": "Feature", "properties": { "tile_name": "K-35-052-4_32635_x3136_y0.png", "map_name": "K-35-052-4_32635" }, "geometry": { "type": "Polygon", "coordinates": [ [ [ 412921.683928219194058, 4706006.125313682481647 ], [ 413562.99067467066925, 4706006.125313682481647 ], [ 414204.29742112220265, 4706006.125313682481647 ], [ 414845.604167573619634, 4706006.125313682481647 ], [ 414845.604167573677842, 4706006.125313682481647 ], [ 415166.257540799386334, 4706006.125313682481647 ], [ 415166.257540799386334, 4703440.89832787681371 ], [ 412601.030554993485566, 4703440.89832787681371 ], [ 412601.030554993485566, 4706006.125313682481647 ], [ 412921.683928219194058, 4706006.125313682481647 ] ] ] } },
{ "type": "Feature", "properties": { "tile_name": "K-35-052-4_32635_x3136_y1344.png", "map_name": "K-35-052-4_32635" }, "geometry": { "type": "Polygon", "coordinates": [ [ [ 412921.683928219194058, 4699272.404475941322744 ], [ 414845.604167573677842, 4699272.404475941322744 ], [ 415166.257540799386334, 4699272.404475941322744 ], [ 415166.257540799386334, 4696707.177490135654807 ], [ 412601.030554993485566, 4696707.177490135654807 ], [ 412601.030554993485566, 4699272.404475941322744 ], [ 412921.683928219194058, 4699272.404475941322744 ] ] ] } },
{ "type": "Feature", "properties": { "tile_name": "K-35-052-4_32635_x3136_y1792.png", "map_name": "K-35-052-4_32635" }, "geometry": { "type": "Polygon", "coordinates": [ [ [ 415166.257540799386334, 4697027.830863361246884 ], [ 415166.257540799386334, 4694462.603877555578947 ], [ 412601.030554993485566, 4694462.603877555578947 ], [ 412601.030554993485566, 4697027.830863361246884 ], [ 415166.257540799386334, 4697027.830863361246884 ] ] ] } },
{ "type": "Feature", "properties": { "tile_name": "K-35-052-4_32635_x3136_y2240.png", "map_name": "K-35-052-4_32635" }, "geometry": { "type": "Polygon", "coordinates": [ [ [ 415166.257540799386334, 4694783.257250781171024 ], [ 415166.257540799386334, 4692218.030264975503087 ], [ 412601.030554993485566, 4692218.030264975503087 ], [ 412601.030554993485566, 4694783.257250781171024 ], [ 415166.257540799386334, 4694783.257250781171024 ] ] ] } },
{ "type": "Feature", "properties": { "tile_name": "K-35-052-4_32635_x3136_y2688.png", "map_name": "K-35-052-4_32635" }, "geometry": { "type": "Polygon", "coordinates": [ [ [ 415166.257540799386334, 4692538.683638201095164 ], [ 415166.257540799386334, 4689973.456652395427227 ], [ 412601.030554993485566, 4689973.456652395427227 ], [ 412601.030554993485566, 4692538.683638201095164 ], [ 415166.257540799386334, 4692538.683638201095164 ] ] ] } },
{ "type": "Feature", "properties": { "tile_name": "K-35-052-4_32635_x3136_y3136.png", "map_name": "K-35-052-4_32635" }, "geometry": { "type": "Polygon", "coordinates": [ [ [ 415166.257540799386334, 4690294.110025621019304 ], [ 415166.257540799386334, 4687728.883039815351367 ], [ 412601.030554993485566, 4687728.883039815351367 ], [ 412601.030554993485566, 4690294.110025621019304 ], [ 415166.257540799386334, 4690294.110025621019304 ] ] ] } },
{ "type": "Feature", "properties": { "tile_name": "K-35-052-4_32635_x3136_y3584.png", "map_name": "K-35-052-4_32635" }, "geometry": { "type": "Polygon", "coordinates": [ [ [ 415166.257540799386334, 4688049.536413040943444 ], [ 415166.257540799386334, 4686125.616173686459661 ], [ 414845.604167573619634, 4686125.616173686459661 ], [ 414204.29742112220265, 4686125.616173686459661 ], [ 412921.683928219194058, 4686125.616173686459661 ], [ 412601.030554993485566, 4686125.616173686459661 ], [ 412601.030554993485566, 4688049.536413040943444 ], [ 415166.257540799386334, 4688049.536413040943444 ] ] ] } },
{ "type": "Feature", "properties": { "tile_name": "K-35-052-4_32635_x3136_y448.png", "map_name": "K-35-052-4_32635" }, "geometry": { "type": "Polygon", "coordinates": [ [ [ 415166.257540799386334, 4703761.551701102405787 ], [ 415166.257540799386334, 4701196.32471529673785 ], [ 414845.604167573677842, 4701196.32471529673785 ], [ 412921.683928219194058, 4701196.32471529673785 ], [ 412601.030554993485566, 4701196.32471529673785 ], [ 412601.030554993485566, 4703761.551701102405787 ], [ 415166.257540799386334, 4703761.551701102405787 ] ] ] } },
{ "type": "Feature", "properties": { "tile_name": "K-35-052-4_32635_x3584_y0.png", "map_name": "K-35-052-4_32635" }, "geometry": { "type": "Polygon", "coordinates": [ [ [ 415166.257540799386334, 4706006.125313682481647 ], [ 416128.217660476570018, 4706006.125313682481647 ], [ 416128.217660476628225, 4706006.125313682481647 ], [ 416769.524406928103417, 4706006.125313682481647 ], [ 417090.177780153811909, 4706006.125313682481647 ], [ 417410.831153379578609, 4706006.125313682481647 ], [ 417410.831153379578609, 4703440.89832787681371 ], [ 414845.604167573677842, 4703440.89832787681371 ], [ 414845.604167573677842, 4706006.125313682481647 ], [ 415166.257540799386334, 4706006.125313682481647 ] ] ] } },
{ "type": "Feature", "properties": { "tile_name": "K-35-052-4_32635_x3584_y1344.png", "map_name": "K-35-052-4_32635" }, "geometry": { "type": "Polygon", "coordinates": [ [ [ 417410.831153379578609, 4699272.404475941322744 ], [ 417410.831153379578609, 4696707.177490135654807 ], [ 414845.604167573677842, 4696707.177490135654807 ], [ 414845.604167573677842, 4699272.404475941322744 ], [ 417410.831153379578609, 4699272.404475941322744 ] ] ] } },
{ "type": "Feature", "properties": { "tile_name": "K-35-052-4_32635_x3584_y1792.png", "map_name": "K-35-052-4_32635" }, "geometry": { "type": "Polygon", "coordinates": [ [ [ 417410.831153379578609, 4697027.830863361246884 ], [ 417410.831153379578609, 4694462.603877555578947 ], [ 414845.604167573677842, 4694462.603877555578947 ], [ 414845.604167573677842, 4697027.830863361246884 ], [ 417410.831153379578609, 4697027.830863361246884 ] ] ] } },
{ "type": "Feature", "properties": { "tile_name": "K-35-052-4_32635_x3584_y2240.png", "map_name": "K-35-052-4_32635" }, "geometry": { "type": "Polygon", "coordinates": [ [ [ 417410.831153379578609, 4694783.257250781171024 ], [ 417410.831153379578609, 4692218.030264975503087 ], [ 414845.604167573677842, 4692218.030264975503087 ], [ 414845.604167573677842, 4694783.257250781171024 ], [ 417410.831153379578609, 4694783.257250781171024 ] ] ] } },
{ "type": "Feature", "properties": { "tile_name": "K-35-052-4_32635_x3584_y2688.png", "map_name": "K-35-052-4_32635" }, "geometry": { "type": "Polygon", "coordinates": [ [ [ 417410.831153379578609, 4692538.683638201095164 ], [ 417410.831153379578609, 4689973.456652395427227 ], [ 414845.604167573677842, 4689973.456652395427227 ], [ 414845.604167573677842, 4692538.683638201095164 ], [ 417410.831153379578609, 4692538.683638201095164 ] ] ] } },
{ "type": "Feature", "properties": { "tile_name": "K-35-052-4_32635_x3584_y3136.png", "map_name": "K-35-052-4_32635" }, "geometry": { "type": "Polygon", "coordinates": [ [ [ 417410.831153379578609, 4690294.110025621019304 ], [ 417410.831153379578609, 4687728.883039815351367 ], [ 414845.604167573677842, 4687728.883039815351367 ], [ 414845.604167573677842, 4690294.110025621019304 ], [ 417410.831153379578609, 4690294.110025621019304 ] ] ] } },
{ "type": "Feature", "properties": { "tile_name": "K-35-052-4_32635_x3584_y3584.png", "map_name": "K-35-052-4_32635" }, "geometry": { "type": "Polygon", "coordinates": [ [ [ 417410.831153379578609, 4688049.536413040943444 ], [ 417410.831153379578609, 4686125.616173686459661 ], [ 416769.524406928103417, 4686125.616173686459661 ], [ 416128.217660476628225, 4686125.616173686459661 ], [ 414845.604167573677842, 4686125.616173686459661 ], [ 414845.604167573677842, 4688049.536413040943444 ], [ 417410.831153379578609, 4688049.536413040943444 ] ] ] } },
{ "type": "Feature", "properties": { "tile_name": "K-35-052-4_32635_x3584_y448.png", "map_name": "K-35-052-4_32635" }, "geometry": { "type": "Polygon", "coordinates": [ [ [ 417410.831153379578609, 4703761.551701102405787 ], [ 417410.831153379578609, 4701196.32471529673785 ], [ 414845.604167573677842, 4701196.32471529673785 ], [ 414845.604167573677842, 4703761.551701102405787 ], [ 417410.831153379578609, 4703761.551701102405787 ] ] ] } },
{ "type": "Feature", "properties": { "tile_name": "K-35-052-4_32635_x3584_y896.png", "map_name": "K-35-052-4_32635" }, "geometry": { "type": "Polygon", "coordinates": [ [ [ 417410.831153379578609, 4701516.978088521398604 ], [ 417410.831153379578609, 4698951.751102715730667 ], [ 414845.604167573677842, 4698951.751102715730667 ], [ 414845.604167573677842, 4699272.404475941322744 ], [ 414845.604167573677842, 4701196.32471529673785 ], [ 414845.604167573677842, 4701516.978088521398604 ], [ 417410.831153379578609, 4701516.978088521398604 ] ] ] } },
{ "type": "Feature", "properties": { "tile_name": "K-35-052-4_32635_x4032_y0.png", "map_name": "K-35-052-4_32635" }, "geometry": { "type": "Polygon", "coordinates": [ [ [ 417410.831153379578609, 4706006.125313682481647 ], [ 418693.444646282528993, 4706006.125313682481647 ], [ 418693.444646282528993, 4705733.604015892371535 ], [ 419409.510504443140235, 4705733.604015892371535 ], [ 419655.404765959712677, 4705733.604015892371535 ], [ 419655.404765959712677, 4703440.89832787681371 ], [ 417090.177780153811909, 4703440.89832787681371 ], [ 417090.177780153811909, 4706006.125313682481647 ], [ 417410.831153379578609, 4706006.125313682481647 ] ] ] } },
{ "type": "Feature", "properties": { "tile_name": "K-35-052-4_32635_x4032_y1344.png", "map_name": "K-35-052-4_32635" }, "geometry": { "type": "Polygon", "coordinates": [ [ [ 419655.404765959712677, 4699272.404475941322744 ], [ 419655.404765959712677, 4696707.177490135654807 ], [ 417090.177780153811909, 4696707.177490135654807 ], [ 417090.177780153811909, 4699272.404475941322744 ], [ 419655.404765959712677, 4699272.404475941322744 ] ] ] } },
{ "type": "Feature", "properties": { "tile_name": "K-35-052-4_32635_x4032_y1792.png", "map_name": "K-35-052-4_32635" }, "geometry": { "type": "Polygon", "coordinates": [ [ [ 419655.404765959712677, 4697027.830863361246884 ], [ 419655.404765959712677, 4694462.603877555578947 ], [ 417090.177780153811909, 4694462.603877555578947 ], [ 417090.177780153811909, 4697027.830863361246884 ], [ 419655.404765959712677, 4697027.830863361246884 ] ] ] } },
{ "type": "Feature", "properties": { "tile_name": "K-35-052-4_32635_x4032_y2240.png", "map_name": "K-35-052-4_32635" }, "geometry": { "type": "Polygon", "coordinates": [ [ [ 419655.404765959712677, 4694783.257250781171024 ], [ 419655.404765959712677, 4692218.030264975503087 ], [ 417090.177780153811909, 4692218.030264975503087 ], [ 417090.177780153811909, 4694783.257250781171024 ], [ 419655.404765959712677, 4694783.257250781171024 ] ] ] } },
{ "type": "Feature", "properties": { "tile_name": "K-35-052-4_32635_x4032_y2688.png", "map_name": "K-35-052-4_32635" }, "geometry": { "type": "Polygon", "coordinates": [ [ [ 419655.404765959712677, 4692538.683638201095164 ], [ 419655.404765959712677, 4689973.456652395427227 ], [ 417090.177780153811909, 4689973.456652395427227 ], [ 417090.177780153811909, 4692538.683638201095164 ], [ 419655.404765959712677, 4692538.683638201095164 ] ] ] } },
{ "type": "Feature", "properties": { "tile_name": "K-35-052-4_32635_x4032_y3136.png", "map_name": "K-35-052-4_32635" }, "geometry": { "type": "Polygon", "coordinates": [ [ [ 419655.404765959712677, 4690294.110025621019304 ], [ 419655.404765959712677, 4687728.883039815351367 ], [ 417090.177780153811909, 4687728.883039815351367 ], [ 417090.177780153811909, 4690294.110025621019304 ], [ 419655.404765959712677, 4690294.110025621019304 ] ] ] } },
{ "type": "Feature", "properties": { "tile_name": "K-35-052-4_32635_x4032_y3584.png", "map_name": "K-35-052-4_32635" }, "geometry": { "type": "Polygon", "coordinates": [ [ [ 419655.404765959712677, 4688049.536413040943444 ], [ 419655.404765959712677, 4685853.924752352759242 ], [ 419409.510504443140235, 4685853.924752352759242 ], [ 417485.670575713505968, 4685853.924752352759242 ], [ 417485.670575713505968, 4686125.616173686459661 ], [ 417090.177780153811909, 4686125.616173686459661 ], [ 417090.177780153811909, 4688049.536413040943444 ], [ 419655.404765959712677, 4688049.536413040943444 ] ] ] } },
{ "type": "Feature", "properties": { "tile_name": "K-35-052-4_32635_x4032_y448.png", "map_name": "K-35-052-4_32635" }, "geometry": { "type": "Polygon", "coordinates": [ [ [ 419655.404765959712677, 4703761.551701102405787 ], [ 419655.404765959712677, 4701196.32471529673785 ], [ 417090.177780153811909, 4701196.32471529673785 ], [ 417090.177780153811909, 4703761.551701102405787 ], [ 419655.404765959712677, 4703761.551701102405787 ] ] ] } },
{ "type": "Feature", "properties": { "tile_name": "K-35-052-4_32635_x4032_y896.png", "map_name": "K-35-052-4_32635" }, "geometry": { "type": "Polygon", "coordinates": [ [ [ 419655.404765959712677, 4701516.978088521398604 ], [ 419655.404765959712677, 4698951.751102715730667 ], [ 417090.177780153811909, 4698951.751102715730667 ], [ 417090.177780153811909, 4701516.978088521398604 ], [ 419655.404765959712677, 4701516.978088521398604 ] ] ] } },
{ "type": "Feature", "properties": { "tile_name": "K-35-052-4_32635_x448_y0.png", "map_name": "K-35-052-4_32635" }, "geometry": { "type": "Polygon", "coordinates": [ [ [ 399454.242252738098614, 4706006.125313682481647 ], [ 400736.855745641048998, 4706006.125313682481647 ], [ 400736.855745641107205, 4706006.125313682481647 ], [ 401378.16249209252419, 4706006.125313682481647 ], [ 401378.162492092582397, 4706006.125313682481647 ], [ 401698.815865318290889, 4706006.125313682481647 ], [ 401698.815865318290889, 4703440.89832787681371 ], [ 399133.588879512390122, 4703440.89832787681371 ], [ 399133.588879512390122, 4706006.125313682481647 ], [ 399454.242252738098614, 4706006.125313682481647 ] ] ] } },
{ "type": "Feature", "properties": { "tile_name": "K-35-052-4_32635_x448_y1344.png", "map_name": "K-35-052-4_32635" }, "geometry": { "type": "Polygon", "coordinates": [ [ [ 401698.815865318290889, 4699272.404475941322744 ], [ 401698.815865318290889, 4696707.177490135654807 ], [ 399133.588879512390122, 4696707.177490135654807 ], [ 399133.588879512390122, 4699272.404475941322744 ], [ 401698.815865318290889, 4699272.404475941322744 ] ] ] } },
{ "type": "Feature", "properties": { "tile_name": "K-35-052-4_32635_x448_y1792.png", "map_name": "K-35-052-4_32635" }, "geometry": { "type": "Polygon", "coordinates": [ [ [ 401698.815865318290889, 4697027.830863361246884 ], [ 401698.815865318290889, 4694462.603877555578947 ], [ 399133.588879512390122, 4694462.603877555578947 ], [ 399133.588879512390122, 4697027.830863361246884 ], [ 401698.815865318290889, 4697027.830863361246884 ] ] ] } },
{ "type": "Feature", "properties": { "tile_name": "K-35-052-4_32635_x448_y2240.png", "map_name": "K-35-052-4_32635" }, "geometry": { "type": "Polygon", "coordinates": [ [ [ 401698.815865318290889, 4694783.257250781171024 ], [ 401698.815865318290889, 4692218.030264975503087 ], [ 399133.588879512390122, 4692218.030264975503087 ], [ 399133.588879512390122, 4694783.257250781171024 ], [ 401698.815865318290889, 4694783.257250781171024 ] ] ] } },
{ "type": "Feature", "properties": { "tile_name": "K-35-052-4_32635_x448_y2688.png", "map_name": "K-35-052-4_32635" }, "geometry": { "type": "Polygon", "coordinates": [ [ [ 401698.815865318290889, 4692538.683638201095164 ], [ 401698.815865318290889, 4689973.456652395427227 ], [ 399133.588879512390122, 4689973.456652395427227 ], [ 399133.588879512390122, 4692538.683638201095164 ], [ 401698.815865318290889, 4692538.683638201095164 ] ] ] } },
{ "type": "Feature", "properties": { "tile_name": "K-35-052-4_32635_x448_y3136.png", "map_name": "K-35-052-4_32635" }, "geometry": { "type": "Polygon", "coordinates": [ [ [ 401698.815865318290889, 4690294.110025621019304 ], [ 401698.815865318290889, 4687728.883039815351367 ], [ 399133.588879512390122, 4687728.883039815351367 ], [ 399133.588879512390122, 4690294.110025621019304 ], [ 401698.815865318290889, 4690294.110025621019304 ] ] ] } },
{ "type": "Feature", "properties": { "tile_name": "K-35-052-4_32635_x448_y3584.png", "map_name": "K-35-052-4_32635" }, "geometry": { "type": "Polygon", "coordinates": [ [ [ 401698.815865318290889, 4688049.536413040943444 ], [ 401698.815865318290889, 4686125.616173686459661 ], [ 401378.16249209252419, 4686125.616173686459661 ], [ 400736.855745641107205, 4686125.616173686459661 ], [ 399454.242252738098614, 4686125.616173686459661 ], [ 399133.588879512390122, 4686125.616173686459661 ], [ 399133.588879512390122, 4688049.536413040943444 ], [ 401698.815865318290889, 4688049.536413040943444 ] ] ] } },
{ "type": "Feature", "properties": { "tile_name": "K-35-052-4_32635_x448_y448.png", "map_name": "K-35-052-4_32635" }, "geometry": { "type": "Polygon", "coordinates": [ [ [ 401698.815865318290889, 4703761.551701102405787 ], [ 401698.815865318290889, 4701196.32471529673785 ], [ 399133.588879512390122, 4701196.32471529673785 ], [ 399133.588879512390122, 4703761.551701102405787 ], [ 401698.815865318290889, 4703761.551701102405787 ] ] ] } },
{ "type": "Feature", "properties": { "tile_name": "K-35-052-4_32635_x448_y896.png", "map_name": "K-35-052-4_32635" }, "geometry": { "type": "Polygon", "coordinates": [ [ [ 401698.815865318290889, 4701516.978088521398604 ], [ 401698.815865318290889, 4698951.751102715730667 ], [ 399133.588879512390122, 4698951.751102715730667 ], [ 399133.588879512390122, 4701516.978088521398604 ], [ 401698.815865318290889, 4701516.978088521398604 ] ] ] } },
{ "type": "Feature", "properties": { "tile_name": "K-35-052-4_32635_x896_y0.png", "map_name": "K-35-052-4_32635" }, "geometry": { "type": "Polygon", "coordinates": [ [ [ 401698.815865318290889, 4706006.125313682481647 ], [ 402019.469238543999381, 4706006.125313682481647 ], [ 402019.469238544057589, 4706006.125313682481647 ], [ 402660.775984995532781, 4706006.125313682481647 ], [ 403302.082731447007973, 4706006.125313682481647 ], [ 403622.736104672716465, 4706006.125313682481647 ], [ 403943.389477898483165, 4706006.125313682481647 ], [ 403943.389477898483165, 4703440.89832787681371 ], [ 401378.162492092582397, 4703440.89832787681371 ], [ 401378.162492092582397, 4706006.125313682481647 ], [ 401698.815865318290889, 4706006.125313682481647 ] ] ] } },
{ "type": "Feature", "properties": { "tile_name": "K-35-052-4_32635_x896_y1344.png", "map_name": "K-35-052-4_32635" }, "geometry": { "type": "Polygon", "coordinates": [ [ [ 403943.389477898483165, 4699272.404475941322744 ], [ 403943.389477898483165, 4698951.751102715730667 ], [ 403943.389477898483165, 4697027.830863361246884 ], [ 403943.389477898483165, 4696707.177490135654807 ], [ 401378.162492092582397, 4696707.177490135654807 ], [ 401378.162492092582397, 4699272.404475941322744 ], [ 403943.389477898483165, 4699272.404475941322744 ] ] ] } },
{ "type": "Feature", "properties": { "tile_name": "K-35-052-4_32635_x896_y1792.png", "map_name": "K-35-052-4_32635" }, "geometry": { "type": "Polygon", "coordinates": [ [ [ 403943.389477898483165, 4697027.830863361246884 ], [ 403943.389477898483165, 4694462.603877555578947 ], [ 401378.162492092582397, 4694462.603877555578947 ], [ 401378.162492092582397, 4697027.830863361246884 ], [ 403943.389477898483165, 4697027.830863361246884 ] ] ] } },
{ "type": "Feature", "properties": { "tile_name": "K-35-052-4_32635_x896_y2240.png", "map_name": "K-35-052-4_32635" }, "geometry": { "type": "Polygon", "coordinates": [ [ [ 403943.389477898483165, 4694783.257250781171024 ], [ 403943.389477898483165, 4694462.603877555578947 ], [ 403943.389477898483165, 4692538.683638201095164 ], [ 403943.389477898483165, 4692218.030264975503087 ], [ 401378.162492092582397, 4692218.030264975503087 ], [ 401378.162492092582397, 4694783.257250781171024 ], [ 403943.389477898483165, 4694783.257250781171024 ] ] ] } },
{ "type": "Feature", "properties": { "tile_name": "K-35-052-4_32635_x896_y2688.png", "map_name": "K-35-052-4_32635" }, "geometry": { "type": "Polygon", "coordinates": [ [ [ 403943.389477898483165, 4692538.683638201095164 ], [ 403943.389477898483165, 4689973.456652395427227 ], [ 401378.162492092582397, 4689973.456652395427227 ], [ 401378.162492092582397, 4692538.683638201095164 ], [ 403943.389477898483165, 4692538.683638201095164 ] ] ] } },
{ "type": "Feature", "properties": { "tile_name": "K-35-052-4_32635_x896_y3136.png", "map_name": "K-35-052-4_32635" }, "geometry": { "type": "Polygon", "coordinates": [ [ [ 403943.389477898483165, 4690294.110025621019304 ], [ 403943.389477898483165, 4687728.883039815351367 ], [ 401378.162492092582397, 4687728.883039815351367 ], [ 401378.162492092582397, 4690294.110025621019304 ], [ 403943.389477898483165, 4690294.110025621019304 ] ] ] } },
{ "type": "Feature", "properties": { "tile_name": "K-35-052-4_32635_x896_y3584.png", "map_name": "K-35-052-4_32635" }, "geometry": { "type": "Polygon", "coordinates": [ [ [ 403943.389477898483165, 4688049.536413040943444 ], [ 403943.389477898483165, 4686125.616173686459661 ], [ 403302.082731447007973, 4686125.616173686459661 ], [ 402660.775984995532781, 4686125.616173686459661 ], [ 401378.162492092582397, 4686125.616173686459661 ], [ 401378.162492092582397, 4688049.536413040943444 ], [ 403943.389477898483165, 4688049.536413040943444 ] ] ] } },
{ "type": "Feature", "properties": { "tile_name": "K-35-052-4_32635_x896_y448.png", "map_name": "K-35-052-4_32635" }, "geometry": { "type": "Polygon", "coordinates": [ [ [ 403943.389477898483165, 4703761.551701102405787 ], [ 403943.389477898483165, 4701196.32471529673785 ], [ 401378.162492092582397, 4701196.32471529673785 ], [ 401378.162492092582397, 4703761.551701102405787 ], [ 403943.389477898483165, 4703761.551701102405787 ] ] ] } },
{ "type": "Feature", "properties": { "tile_name": "K-35-052-4_32635_x896_y896.png", "map_name": "K-35-052-4_32635" }, "geometry": { "type": "Polygon", "coordinates": [ [ [ 403943.389477898483165, 4701516.978088521398604 ], [ 403943.389477898483165, 4698951.751102715730667 ], [ 401378.162492092582397, 4698951.751102715730667 ], [ 401378.162492092582397, 4701516.978088521398604 ], [ 403943.389477898483165, 4701516.978088521398604 ] ] ] } },
{ "type": "Feature", "properties": { "tile_name": "K-35-053-3_Elenovo_x0_y0.png", "map_name": "K-35-053-3_Elenovo" }, "geometry": { "type": "Polygon", "coordinates": [ [ [ 418693.444646282528993, 4705733.604015892371535 ], [ 419409.510504443140235, 4705733.604015892371535 ], [ 419655.404765959712677, 4705733.604015892371535 ], [ 419730.15049256477505, 4705733.604015892371535 ], [ 419976.058139185479376, 4705733.604015892371535 ], [ 420050.790480686409865, 4705733.604015892371535 ], [ 420050.790480686409865, 4703168.484110919758677 ], [ 417485.670575713505968, 4703168.484110919758677 ], [ 417485.670575713505968, 4705733.604015892371535 ], [ 418693.444646282528993, 4705733.604015892371535 ] ] ] } },
{ "type": "Feature", "properties": { "tile_name": "K-35-053-3_Elenovo_x0_y1344.png", "map_name": "K-35-053-3_Elenovo" }, "geometry": { "type": "Polygon", "coordinates": [ [ [ 420050.790480686409865, 4699000.164265338331461 ], [ 420050.790480686409865, 4696435.044360365718603 ], [ 417485.670575713505968, 4696435.044360365718603 ], [ 417485.670575713505968, 4699000.164265338331461 ], [ 420050.790480686409865, 4699000.164265338331461 ] ] ] } },
{ "type": "Feature", "properties": { "tile_name": "K-35-053-3_Elenovo_x0_y1792.png", "map_name": "K-35-053-3_Elenovo" }, "geometry": { "type": "Polygon", "coordinates": [ [ [ 420050.790480686409865, 4696755.68434848729521 ], [ 420050.790480686409865, 4694190.564443514682353 ], [ 417485.670575713505968, 4694190.564443514682353 ], [ 417485.670575713505968, 4696755.68434848729521 ], [ 420050.790480686409865, 4696755.68434848729521 ] ] ] } },
{ "type": "Feature", "properties": { "tile_name": "K-35-053-3_Elenovo_x0_y2240.png", "map_name": "K-35-053-3_Elenovo" }, "geometry": { "type": "Polygon", "coordinates": [ [ [ 420050.790480686409865, 4694511.204431635327637 ], [ 420050.790480686409865, 4691946.084526662714779 ], [ 417485.670575713505968, 4691946.084526662714779 ], [ 417485.670575713505968, 4694511.204431635327637 ], [ 420050.790480686409865, 4694511.204431635327637 ] ] ] } },
{ "type": "Feature", "properties": { "tile_name": "K-35-053-3_Elenovo_x0_y2688.png", "map_name": "K-35-053-3_Elenovo" }, "geometry": { "type": "Polygon", "coordinates": [ [ [ 420050.790480686409865, 4692266.724514784291387 ], [ 420050.790480686409865, 4689701.604609811678529 ], [ 417485.670575713505968, 4689701.604609811678529 ], [ 417485.670575713505968, 4692266.724514784291387 ], [ 420050.790480686409865, 4692266.724514784291387 ] ] ] } },
{ "type": "Feature", "properties": { "tile_name": "K-35-053-3_Elenovo_x0_y3136.png", "map_name": "K-35-053-3_Elenovo" }, "geometry": { "type": "Polygon", "coordinates": [ [ [ 420050.790480686409865, 4690022.244597933255136 ], [ 420050.790480686409865, 4687457.124692960642278 ], [ 417485.670575713505968, 4687457.124692960642278 ], [ 417485.670575713505968, 4690022.244597933255136 ], [ 420050.790480686409865, 4690022.244597933255136 ] ] ] } },
{ "type": "Feature", "properties": { "tile_name": "K-35-053-3_Elenovo_x0_y3584.png", "map_name": "K-35-053-3_Elenovo" }, "geometry": { "type": "Polygon", "coordinates": [ [ [ 420050.790480686409865, 4687777.764681082218885 ], [ 420050.790480686409865, 4685853.924752352759242 ], [ 419409.510504443140235, 4685853.924752352759242 ], [ 417485.670575713505968, 4685853.924752352759242 ], [ 417485.670575713505968, 4686125.616173686459661 ], [ 417485.670575713505968, 4687777.764681082218885 ], [ 420050.790480686409865, 4687777.764681082218885 ] ] ] } },
{ "type": "Feature", "properties": { "tile_name": "K-35-053-3_Elenovo_x0_y448.png", "map_name": "K-35-053-3_Elenovo" }, "geometry": { "type": "Polygon", "coordinates": [ [ [ 420050.790480686409865, 4703489.124099040403962 ], [ 420050.790480686409865, 4700924.004194067791104 ], [ 417485.670575713505968, 4700924.004194067791104 ], [ 417485.670575713505968, 4703489.124099040403962 ], [ 420050.790480686409865, 4703489.124099040403962 ] ] ] } },
{ "type": "Feature", "properties": { "tile_name": "K-35-053-3_Elenovo_x0_y896.png", "map_name": "K-35-053-3_Elenovo" }, "geometry": { "type": "Polygon", "coordinates": [ [ [ 420050.790480686409865, 4701244.644182189367712 ], [ 420050.790480686409865, 4698679.524277216754854 ], [ 417485.670575713505968, 4698679.524277216754854 ], [ 417485.670575713505968, 4701244.644182189367712 ], [ 420050.790480686409865, 4701244.644182189367712 ] ] ] } },
{ "type": "Feature", "properties": { "tile_name": "K-35-053-3_Elenovo_x1344_y0.png", "map_name": "K-35-053-3_Elenovo" }, "geometry": { "type": "Polygon", "coordinates": [ [ [ 424539.750314388948027, 4705733.604015892371535 ], [ 425181.030290632159449, 4705733.604015892371535 ], [ 425822.310266875370871, 4705733.604015892371535 ], [ 426463.590243118582293, 4705733.604015892371535 ], [ 426784.230231240217108, 4705733.604015892371535 ], [ 426784.230231240217108, 4703168.484110919758677 ], [ 424219.110326267313212, 4703168.484110919758677 ], [ 424219.110326267313212, 4705733.604015892371535 ], [ 424539.750314388948027, 4705733.604015892371535 ] ] ] } },
{ "type": "Feature", "properties": { "tile_name": "K-35-053-3_Elenovo_x1344_y1344.png", "map_name": "K-35-053-3_Elenovo" }, "geometry": { "type": "Polygon", "coordinates": [ [ [ 426784.230231240217108, 4699000.164265338331461 ], [ 426784.230231240217108, 4696435.044360365718603 ], [ 424219.110326267313212, 4696435.044360365718603 ], [ 424219.110326267313212, 4696755.68434848729521 ], [ 424219.110326267313212, 4698679.524277216754854 ], [ 424219.110326267313212, 4699000.164265338331461 ], [ 426784.230231240217108, 4699000.164265338331461 ] ] ] } },
{ "type": "Feature", "properties": { "tile_name": "K-35-053-3_Elenovo_x1344_y1792.png", "map_name": "K-35-053-3_Elenovo" }, "geometry": { "type": "Polygon", "coordinates": [ [ [ 426784.230231240217108, 4696755.68434848729521 ], [ 426784.230231240217108, 4694190.564443514682353 ], [ 424219.110326267313212, 4694190.564443514682353 ], [ 424219.110326267313212, 4696755.68434848729521 ], [ 426784.230231240217108, 4696755.68434848729521 ] ] ] } },
{ "type": "Feature", "properties": { "tile_name": "K-35-053-3_Elenovo_x1344_y2240.png", "map_name": "K-35-053-3_Elenovo" }, "geometry": { "type": "Polygon", "coordinates": [ [ [ 426784.230231240217108, 4694511.204431635327637 ], [ 426784.230231240217108, 4694190.564443514682353 ], [ 426784.230231240217108, 4692266.724514784291387 ], [ 426784.230231240217108, 4691946.084526662714779 ], [ 424219.110326267313212, 4691946.084526662714779 ], [ 424219.110326267313212, 4694511.204431635327637 ], [ 426784.230231240217108, 4694511.204431635327637 ] ] ] } },
{ "type": "Feature", "properties": { "tile_name": "K-35-053-3_Elenovo_x1344_y2688.png", "map_name": "K-35-053-3_Elenovo" }, "geometry": { "type": "Polygon", "coordinates": [ [ [ 426784.230231240217108, 4692266.724514784291387 ], [ 426784.230231240217108, 4689701.604609811678529 ], [ 424219.110326267313212, 4689701.604609811678529 ], [ 424219.110326267313212, 4692266.724514784291387 ], [ 426784.230231240217108, 4692266.724514784291387 ] ] ] } },
{ "type": "Feature", "properties": { "tile_name": "K-35-053-3_Elenovo_x1344_y3136.png", "map_name": "K-35-053-3_Elenovo" }, "geometry": { "type": "Polygon", "coordinates": [ [ [ 426784.230231240217108, 4690022.244597933255136 ], [ 426784.230231240217108, 4687457.124692960642278 ], [ 424219.110326267313212, 4687457.124692960642278 ], [ 424219.110326267313212, 4690022.244597933255136 ], [ 426784.230231240217108, 4690022.244597933255136 ] ] ] } },
{ "type": "Feature", "properties": { "tile_name": "K-35-053-3_Elenovo_x1344_y3584.png", "map_name": "K-35-053-3_Elenovo" }, "geometry": { "type": "Polygon", "coordinates": [ [ [ 426784.230231240217108, 4687777.764681082218885 ], [ 426784.230231240217108, 4685853.924752352759242 ], [ 425822.310266875370871, 4685853.924752352759242 ], [ 425181.030290632159449, 4685853.924752352759242 ], [ 424219.110326267313212, 4685853.924752352759242 ], [ 424219.110326267313212, 4687777.764681082218885 ], [ 426784.230231240217108, 4687777.764681082218885 ] ] ] } },
{ "type": "Feature", "properties": { "tile_name": "K-35-053-3_Elenovo_x1344_y448.png", "map_name": "K-35-053-3_Elenovo" }, "geometry": { "type": "Polygon", "coordinates": [ [ [ 426784.230231240217108, 4703489.124099040403962 ], [ 426784.230231240217108, 4700924.004194067791104 ], [ 424219.110326267313212, 4700924.004194067791104 ], [ 424219.110326267313212, 4703489.124099040403962 ], [ 426784.230231240217108, 4703489.124099040403962 ] ] ] } },
{ "type": "Feature", "properties": { "tile_name": "K-35-053-3_Elenovo_x1344_y896.png", "map_name": "K-35-053-3_Elenovo" }, "geometry": { "type": "Polygon", "coordinates": [ [ [ 426784.230231240217108, 4701244.644182189367712 ], [ 426784.230231240217108, 4698679.524277216754854 ], [ 424219.110326267313212, 4698679.524277216754854 ], [ 424219.110326267313212, 4701244.644182189367712 ], [ 426784.230231240217108, 4701244.644182189367712 ] ] ] } },
{ "type": "Feature", "properties": { "tile_name": "K-35-053-3_Elenovo_x1792_y0.png", "map_name": "K-35-053-3_Elenovo" }, "geometry": { "type": "Polygon", "coordinates": [ [ [ 426784.230231240217108, 4705733.604015892371535 ], [ 427104.870219361793716, 4705733.604015892371535 ], [ 427746.150195605005138, 4705733.604015892371535 ], [ 427746.150195605063345, 4705733.604015892371535 ], [ 428708.070159969851375, 4705733.604015892371535 ], [ 429028.710148091427982, 4705733.604015892371535 ], [ 429028.71014809148619, 4705733.604015892371535 ], [ 429028.71014809148619, 4703168.484110919758677 ], [ 426463.590243118582293, 4703168.484110919758677 ], [ 426463.590243118582293, 4705733.604015892371535 ], [ 426784.230231240217108, 4705733.604015892371535 ] ] ] } },
{ "type": "Feature", "properties": { "tile_name": "K-35-053-3_Elenovo_x1792_y1344.png", "map_name": "K-35-053-3_Elenovo" }, "geometry": { "type": "Polygon", "coordinates": [ [ [ 429028.71014809148619, 4699000.164265338331461 ], [ 429028.71014809148619, 4696435.044360365718603 ], [ 426463.590243118582293, 4696435.044360365718603 ], [ 426463.590243118582293, 4699000.164265338331461 ], [ 429028.71014809148619, 4699000.164265338331461 ] ] ] } },
{ "type": "Feature", "properties": { "tile_name": "K-35-053-3_Elenovo_x1792_y1792.png", "map_name": "K-35-053-3_Elenovo" }, "geometry": { "type": "Polygon", "coordinates": [ [ [ 429028.71014809148619, 4696755.68434848729521 ], [ 429028.71014809148619, 4694190.564443514682353 ], [ 428708.070159969851375, 4694190.564443514682353 ], [ 426784.230231240217108, 4694190.564443514682353 ], [ 426463.590243118582293, 4694190.564443514682353 ], [ 426463.590243118582293, 4696755.68434848729521 ], [ 429028.71014809148619, 4696755.68434848729521 ] ] ] } },
{ "type": "Feature", "properties": { "tile_name": "K-35-053-3_Elenovo_x1792_y2688.png", "map_name": "K-35-053-3_Elenovo" }, "geometry": { "type": "Polygon", "coordinates": [ [ [ 426784.230231240217108, 4692266.724514784291387 ], [ 427746.150195605063345, 4692266.724514784291387 ], [ 428708.070159969851375, 4692266.724514784291387 ], [ 429028.710148091427982, 4692266.724514784291387 ], [ 429028.71014809148619, 4692266.724514784291387 ], [ 429028.71014809148619, 4689701.604609811678529 ], [ 426463.590243118582293, 4689701.604609811678529 ], [ 426463.590243118582293, 4692266.724514784291387 ], [ 426784.230231240217108, 4692266.724514784291387 ] ] ] } },
{ "type": "Feature", "properties": { "tile_name": "K-35-053-3_Elenovo_x1792_y3136.png", "map_name": "K-35-053-3_Elenovo" }, "geometry": { "type": "Polygon", "coordinates": [ [ [ 429028.71014809148619, 4690022.244597933255136 ], [ 429028.71014809148619, 4687457.124692960642278 ], [ 426463.590243118582293, 4687457.124692960642278 ], [ 426463.590243118582293, 4690022.244597933255136 ], [ 429028.71014809148619, 4690022.244597933255136 ] ] ] } },
{ "type": "Feature", "properties": { "tile_name": "K-35-053-3_Elenovo_x1792_y3584.png", "map_name": "K-35-053-3_Elenovo" }, "geometry": { "type": "Polygon", "coordinates": [ [ [ 429028.71014809148619, 4687777.764681082218885 ], [ 429028.71014809148619, 4687457.124692960642278 ], [ 429028.71014809148619, 4685853.924752352759242 ], [ 429028.710148091427982, 4685853.924752352759242 ], [ 427746.150195605063345, 4685853.924752352759242 ], [ 427104.870219361793716, 4685853.924752352759242 ], [ 426463.590243118582293, 4685853.924752352759242 ], [ 426463.590243118582293, 4687777.764681082218885 ], [ 429028.71014809148619, 4687777.764681082218885 ] ] ] } },
{ "type": "Feature", "properties": { "tile_name": "K-35-053-3_Elenovo_x1792_y448.png", "map_name": "K-35-053-3_Elenovo" }, "geometry": { "type": "Polygon", "coordinates": [ [ [ 429028.71014809148619, 4703489.124099040403962 ], [ 429028.71014809148619, 4700924.004194067791104 ], [ 426463.590243118582293, 4700924.004194067791104 ], [ 426463.590243118582293, 4703489.124099040403962 ], [ 429028.71014809148619, 4703489.124099040403962 ] ] ] } },
{ "type": "Feature", "properties": { "tile_name": "K-35-053-3_Elenovo_x1792_y896.png", "map_name": "K-35-053-3_Elenovo" }, "geometry": { "type": "Polygon", "coordinates": [ [ [ 429028.71014809148619, 4701244.644182189367712 ], [ 429028.71014809148619, 4698679.524277216754854 ], [ 426463.590243118582293, 4698679.524277216754854 ], [ 426463.590243118582293, 4701244.644182189367712 ], [ 429028.71014809148619, 4701244.644182189367712 ] ] ] } },
{ "type": "Feature", "properties": { "tile_name": "K-35-053-3_Elenovo_x2240_y0.png", "map_name": "K-35-053-3_Elenovo" }, "geometry": { "type": "Polygon", "coordinates": [ [ [ 429028.710148091427982, 4705733.604015892371535 ], [ 429028.71014809148619, 4705733.604015892371535 ], [ 429669.990124334697612, 4705733.604015892371535 ], [ 430311.270100577909034, 4705733.604015892371535 ], [ 430952.550076821120456, 4705733.604015892371535 ], [ 431273.190064942755271, 4705733.604015892371535 ], [ 431273.190064942755271, 4703168.484110919758677 ], [ 428708.070159969851375, 4703168.484110919758677 ], [ 428708.070159969851375, 4705733.604015892371535 ], [ 429028.710148091427982, 4705733.604015892371535 ] ] ] } },
{ "type": "Feature", "properties": { "tile_name": "K-35-053-3_Elenovo_x2240_y1344.png", "map_name": "K-35-053-3_Elenovo" }, "geometry": { "type": "Polygon", "coordinates": [ [ [ 431273.190064942755271, 4699000.164265338331461 ], [ 431273.190064942755271, 4696435.044360365718603 ], [ 428708.070159969851375, 4696435.044360365718603 ], [ 428708.070159969851375, 4699000.164265338331461 ], [ 431273.190064942755271, 4699000.164265338331461 ] ] ] } },
{ "type": "Feature", "properties": { "tile_name": "K-35-053-3_Elenovo_x2240_y1792.png", "map_name": "K-35-053-3_Elenovo" }, "geometry": { "type": "Polygon", "coordinates": [ [ [ 431273.190064942755271, 4696755.68434848729521 ], [ 431273.190064942755271, 4694190.564443514682353 ], [ 430952.550076821120456, 4694190.564443514682353 ], [ 429028.71014809148619, 4694190.564443514682353 ], [ 428708.070159969851375, 4694190.564443514682353 ], [ 428708.070159969851375, 4696755.68434848729521 ], [ 431273.190064942755271, 4696755.68434848729521 ] ] ] } },
{ "type": "Feature", "properties": { "tile_name": "K-35-053-3_Elenovo_x2240_y2688.png", "map_name": "K-35-053-3_Elenovo" }, "geometry": { "type": "Polygon", "coordinates": [ [ [ 429028.710148091427982, 4692266.724514784291387 ], [ 429028.71014809148619, 4692266.724514784291387 ], [ 429669.990124334697612, 4692266.724514784291387 ], [ 430952.550076821120456, 4692266.724514784291387 ], [ 431273.190064942755271, 4692266.724514784291387 ], [ 431273.190064942755271, 4689701.604609811678529 ], [ 428708.070159969851375, 4689701.604609811678529 ], [ 428708.070159969851375, 4692266.724514784291387 ], [ 429028.710148091427982, 4692266.724514784291387 ] ] ] } },
{ "type": "Feature", "properties": { "tile_name": "K-35-053-3_Elenovo_x2240_y3136.png", "map_name": "K-35-053-3_Elenovo" }, "geometry": { "type": "Polygon", "coordinates": [ [ [ 431273.190064942755271, 4690022.244597933255136 ], [ 431273.190064942755271, 4687457.124692960642278 ], [ 430952.550076821120456, 4687457.124692960642278 ], [ 429028.71014809148619, 4687457.124692960642278 ], [ 428708.070159969851375, 4687457.124692960642278 ], [ 428708.070159969851375, 4690022.244597933255136 ], [ 431273.190064942755271, 4690022.244597933255136 ] ] ] } },
{ "type": "Feature", "properties": { "tile_name": "K-35-053-3_Elenovo_x2240_y448.png", "map_name": "K-35-053-3_Elenovo" }, "geometry": { "type": "Polygon", "coordinates": [ [ [ 431273.190064942755271, 4703489.124099040403962 ], [ 431273.190064942755271, 4700924.004194067791104 ], [ 428708.070159969851375, 4700924.004194067791104 ], [ 428708.070159969851375, 4703489.124099040403962 ], [ 431273.190064942755271, 4703489.124099040403962 ] ] ] } },
{ "type": "Feature", "properties": { "tile_name": "K-35-053-3_Elenovo_x2240_y896.png", "map_name": "K-35-053-3_Elenovo" }, "geometry": { "type": "Polygon", "coordinates": [ [ [ 431273.190064942755271, 4701244.644182189367712 ], [ 431273.190064942755271, 4698679.524277216754854 ], [ 428708.070159969851375, 4698679.524277216754854 ], [ 428708.070159969851375, 4701244.644182189367712 ], [ 431273.190064942755271, 4701244.644182189367712 ] ] ] } },
{ "type": "Feature", "properties": { "tile_name": "K-35-053-3_Elenovo_x2688_y0.png", "map_name": "K-35-053-3_Elenovo" }, "geometry": { "type": "Polygon", "coordinates": [ [ [ 431273.190064942755271, 4705733.604015892371535 ], [ 431593.830053064331878, 4705733.604015892371535 ], [ 432876.390005550754722, 4705733.604015892371535 ], [ 432876.39000555081293, 4705733.604015892371535 ], [ 433197.029993672389537, 4705733.604015892371535 ], [ 433517.669981794024352, 4705733.604015892371535 ], [ 433517.669981794024352, 4703168.484110919758677 ], [ 430952.550076821120456, 4703168.484110919758677 ], [ 430952.550076821120456, 4705733.604015892371535 ], [ 431273.190064942755271, 4705733.604015892371535 ] ] ] } },
{ "type": "Feature", "properties": { "tile_name": "K-35-053-3_Elenovo_x2688_y1344.png", "map_name": "K-35-053-3_Elenovo" }, "geometry": { "type": "Polygon", "coordinates": [ [ [ 433517.669981794024352, 4699000.164265338331461 ], [ 433517.669981794024352, 4696435.044360365718603 ], [ 430952.550076821120456, 4696435.044360365718603 ], [ 430952.550076821120456, 4699000.164265338331461 ], [ 433517.669981794024352, 4699000.164265338331461 ] ] ] } },
{ "type": "Feature", "properties": { "tile_name": "K-35-053-3_Elenovo_x2688_y1792.png", "map_name": "K-35-053-3_Elenovo" }, "geometry": { "type": "Polygon", "coordinates": [ [ [ 433517.669981794024352, 4696755.68434848729521 ], [ 433517.669981794024352, 4694190.564443514682353 ], [ 430952.550076821120456, 4694190.564443514682353 ], [ 430952.550076821120456, 4696755.68434848729521 ], [ 433517.669981794024352, 4696755.68434848729521 ] ] ] } },
{ "type": "Feature", "properties": { "tile_name": "K-35-053-3_Elenovo_x2688_y2240.png", "map_name": "K-35-053-3_Elenovo" }, "geometry": { "type": "Polygon", "coordinates": [ [ [ 433517.669981794024352, 4694511.204431635327637 ], [ 433517.669981794024352, 4691946.084526662714779 ], [ 430952.550076821120456, 4691946.084526662714779 ], [ 430952.550076821120456, 4692266.724514784291387 ], [ 430952.550076821120456, 4693549.284467271529138 ], [ 430952.550076821120456, 4694190.564443514682353 ], [ 430952.550076821120456, 4694511.204431635327637 ], [ 433517.669981794024352, 4694511.204431635327637 ] ] ] } },
{ "type": "Feature", "properties": { "tile_name": "K-35-053-3_Elenovo_x2688_y2688.png", "map_name": "K-35-053-3_Elenovo" }, "geometry": { "type": "Polygon", "coordinates": [ [ [ 433517.669981794024352, 4692266.724514784291387 ], [ 433517.669981794024352, 4689701.604609811678529 ], [ 430952.550076821120456, 4689701.604609811678529 ], [ 430952.550076821120456, 4692266.724514784291387 ], [ 433517.669981794024352, 4692266.724514784291387 ] ] ] } },
{ "type": "Feature", "properties": { "tile_name": "K-35-053-3_Elenovo_x2688_y3136.png", "map_name": "K-35-053-3_Elenovo" }, "geometry": { "type": "Polygon", "coordinates": [ [ [ 433517.669981794024352, 4690022.244597933255136 ], [ 433517.669981794024352, 4689701.604609811678529 ], [ 433517.669981794024352, 4688419.0446573253721 ], [ 433517.669981794024352, 4687777.764681082218885 ], [ 433517.669981794024352, 4687457.124692960642278 ], [ 430952.550076821120456, 4687457.124692960642278 ], [ 430952.550076821120456, 4690022.244597933255136 ], [ 433517.669981794024352, 4690022.244597933255136 ] ] ] } },
{ "type": "Feature", "properties": { "tile_name": "K-35-053-3_Elenovo_x2688_y3584.png", "map_name": "K-35-053-3_Elenovo" }, "geometry": { "type": "Polygon", "coordinates": [ [ [ 433517.669981794024352, 4687777.764681082218885 ], [ 433517.669981794024352, 4685853.924752352759242 ], [ 432876.390005550754722, 4685853.924752352759242 ], [ 431593.830053064331878, 4685853.924752352759242 ], [ 430952.550076821120456, 4685853.924752352759242 ], [ 430952.550076821120456, 4687457.124692960642278 ], [ 430952.550076821120456, 4687777.764681082218885 ], [ 433517.669981794024352, 4687777.764681082218885 ] ] ] } },
{ "type": "Feature", "properties": { "tile_name": "K-35-053-3_Elenovo_x2688_y448.png", "map_name": "K-35-053-3_Elenovo" }, "geometry": { "type": "Polygon", "coordinates": [ [ [ 433517.669981794024352, 4703489.124099040403962 ], [ 433517.669981794024352, 4700924.004194067791104 ], [ 430952.550076821120456, 4700924.004194067791104 ], [ 430952.550076821120456, 4703489.124099040403962 ], [ 433517.669981794024352, 4703489.124099040403962 ] ] ] } },
{ "type": "Feature", "properties": { "tile_name": "K-35-053-3_Elenovo_x2688_y896.png", "map_name": "K-35-053-3_Elenovo" }, "geometry": { "type": "Polygon", "coordinates": [ [ [ 433517.669981794024352, 4701244.644182189367712 ], [ 433517.669981794024352, 4698679.524277216754854 ], [ 430952.550076821120456, 4698679.524277216754854 ], [ 430952.550076821120456, 4701244.644182189367712 ], [ 433517.669981794024352, 4701244.644182189367712 ] ] ] } },
{ "type": "Feature", "properties": { "tile_name": "K-35-053-3_Elenovo_x3136_y0.png", "map_name": "K-35-053-3_Elenovo" }, "geometry": { "type": "Polygon", "coordinates": [ [ [ 433517.669981794024352, 4705733.604015892371535 ], [ 434158.949958037177566, 4705733.604015892371535 ], [ 434158.949958037235774, 4705733.604015892371535 ], [ 434800.229934280388989, 4705733.604015892371535 ], [ 435441.509910523658618, 4705733.604015892371535 ], [ 435762.149898645293433, 4705733.604015892371535 ], [ 435762.149898645293433, 4703168.484110919758677 ], [ 433197.029993672389537, 4703168.484110919758677 ], [ 433197.029993672389537, 4705733.604015892371535 ], [ 433517.669981794024352, 4705733.604015892371535 ] ] ] } },
{ "type": "Feature", "properties": { "tile_name": "K-35-053-3_Elenovo_x3136_y1344.png", "map_name": "K-35-053-3_Elenovo" }, "geometry": { "type": "Polygon", "coordinates": [ [ [ 435762.149898645293433, 4699000.164265338331461 ], [ 435762.149898645293433, 4696435.044360365718603 ], [ 433197.029993672389537, 4696435.044360365718603 ], [ 433197.029993672389537, 4699000.164265338331461 ], [ 435762.149898645293433, 4699000.164265338331461 ] ] ] } },
{ "type": "Feature", "properties": { "tile_name": "K-35-053-3_Elenovo_x3136_y1792.png", "map_name": "K-35-053-3_Elenovo" }, "geometry": { "type": "Polygon", "coordinates": [ [ [ 435762.149898645293433, 4696755.68434848729521 ], [ 435762.149898645293433, 4694190.564443514682353 ], [ 433197.029993672389537, 4694190.564443514682353 ], [ 433197.029993672389537, 4696755.68434848729521 ], [ 435762.149898645293433, 4696755.68434848729521 ] ] ] } },
{ "type": "Feature", "properties": { "tile_name": "K-35-053-3_Elenovo_x3136_y2240.png", "map_name": "K-35-053-3_Elenovo" }, "geometry": { "type": "Polygon", "coordinates": [ [ [ 435762.149898645293433, 4694511.204431635327637 ], [ 435762.149898645293433, 4691946.084526662714779 ], [ 433197.029993672389537, 4691946.084526662714779 ], [ 433197.029993672389537, 4694511.204431635327637 ], [ 435762.149898645293433, 4694511.204431635327637 ] ] ] } },
{ "type": "Feature", "properties": { "tile_name": "K-35-053-3_Elenovo_x3136_y2688.png", "map_name": "K-35-053-3_Elenovo" }, "geometry": { "type": "Polygon", "coordinates": [ [ [ 435762.149898645293433, 4692266.724514784291387 ], [ 435762.149898645293433, 4689701.604609811678529 ], [ 435441.509910523658618, 4689701.604609811678529 ], [ 434800.229934280388989, 4689701.604609811678529 ], [ 433517.669981794024352, 4689701.604609811678529 ], [ 433197.029993672389537, 4689701.604609811678529 ], [ 433197.029993672389537, 4692266.724514784291387 ], [ 435762.149898645293433, 4692266.724514784291387 ] ] ] } },
{ "type": "Feature", "properties": { "tile_name": "K-35-053-3_Elenovo_x3136_y3584.png", "map_name": "K-35-053-3_Elenovo" }, "geometry": { "type": "Polygon", "coordinates": [ [ [ 433517.669981794024352, 4687777.764681082218885 ], [ 435441.509910523658618, 4687777.764681082218885 ], [ 435762.149898645293433, 4687777.764681082218885 ], [ 435762.149898645293433, 4685853.924752352759242 ], [ 435441.509910523658618, 4685853.924752352759242 ], [ 434800.229934280388989, 4685853.924752352759242 ], [ 433517.669981794024352, 4685853.924752352759242 ], [ 433197.029993672389537, 4685853.924752352759242 ], [ 433197.029993672389537, 4687777.764681082218885 ], [ 433517.669981794024352, 4687777.764681082218885 ] ] ] } },
{ "type": "Feature", "properties": { "tile_name": "K-35-053-3_Elenovo_x3136_y448.png", "map_name": "K-35-053-3_Elenovo" }, "geometry": { "type": "Polygon", "coordinates": [ [ [ 435762.149898645293433, 4703489.124099040403962 ], [ 435762.149898645293433, 4700924.004194067791104 ], [ 433197.029993672389537, 4700924.004194067791104 ], [ 433197.029993672389537, 4703489.124099040403962 ], [ 435762.149898645293433, 4703489.124099040403962 ] ] ] } },
{ "type": "Feature", "properties": { "tile_name": "K-35-053-3_Elenovo_x3136_y896.png", "map_name": "K-35-053-3_Elenovo" }, "geometry": { "type": "Polygon", "coordinates": [ [ [ 435762.149898645293433, 4701244.644182189367712 ], [ 435762.149898645293433, 4698679.524277216754854 ], [ 433197.029993672389537, 4698679.524277216754854 ], [ 433197.029993672389537, 4701244.644182189367712 ], [ 435762.149898645293433, 4701244.644182189367712 ] ] ] } },
{ "type": "Feature", "properties": { "tile_name": "K-35-053-3_Elenovo_x3584_y0.png", "map_name": "K-35-053-3_Elenovo" }, "geometry": { "type": "Polygon", "coordinates": [ [ [ 435762.149898645293433, 4705733.604015892371535 ], [ 436724.069863010081463, 4705733.604015892371535 ], [ 437365.349839253292885, 4705733.604015892371535 ], [ 437685.9898273749277, 4705733.604015892371535 ], [ 438006.629815496504307, 4705733.604015892371535 ], [ 438006.629815496562514, 4705733.604015892371535 ], [ 438006.629815496562514, 4703168.484110919758677 ], [ 435441.509910523658618, 4703168.484110919758677 ], [ 435441.509910523658618, 4705733.604015892371535 ], [ 435762.149898645293433, 4705733.604015892371535 ] ] ] } },
{ "type": "Feature", "properties": { "tile_name": "K-35-053-3_Elenovo_x3584_y1344.png", "map_name": "K-35-053-3_Elenovo" }, "geometry": { "type": "Polygon", "coordinates": [ [ [ 438006.629815496562514, 4699000.164265338331461 ], [ 438006.629815496562514, 4696435.044360365718603 ], [ 435441.509910523658618, 4696435.044360365718603 ], [ 435441.509910523658618, 4699000.164265338331461 ], [ 438006.629815496562514, 4699000.164265338331461 ] ] ] } },
{ "type": "Feature", "properties": { "tile_name": "K-35-053-3_Elenovo_x3584_y1792.png", "map_name": "K-35-053-3_Elenovo" }, "geometry": { "type": "Polygon", "coordinates": [ [ [ 438006.629815496562514, 4696755.68434848729521 ], [ 438006.629815496562514, 4694190.564443514682353 ], [ 435441.509910523658618, 4694190.564443514682353 ], [ 435441.509910523658618, 4696755.68434848729521 ], [ 438006.629815496562514, 4696755.68434848729521 ] ] ] } },
{ "type": "Feature", "properties": { "tile_name": "K-35-053-3_Elenovo_x3584_y2240.png", "map_name": "K-35-053-3_Elenovo" }, "geometry": { "type": "Polygon", "coordinates": [ [ [ 438006.629815496562514, 4694511.204431635327637 ], [ 438006.629815496562514, 4691946.084526662714779 ], [ 435441.509910523658618, 4691946.084526662714779 ], [ 435441.509910523658618, 4694511.204431635327637 ], [ 438006.629815496562514, 4694511.204431635327637 ] ] ] } },
{ "type": "Feature", "properties": { "tile_name": "K-35-053-3_Elenovo_x3584_y2688.png", "map_name": "K-35-053-3_Elenovo" }, "geometry": { "type": "Polygon", "coordinates": [ [ [ 438006.629815496562514, 4692266.724514784291387 ], [ 438006.629815496562514, 4689701.604609811678529 ], [ 435441.509910523658618, 4689701.604609811678529 ], [ 435441.509910523658618, 4692266.724514784291387 ], [ 438006.629815496562514, 4692266.724514784291387 ] ] ] } },
{ "type": "Feature", "properties": { "tile_name": "K-35-053-3_Elenovo_x3584_y3136.png", "map_name": "K-35-053-3_Elenovo" }, "geometry": { "type": "Polygon", "coordinates": [ [ [ 438006.629815496562514, 4690022.244597933255136 ], [ 438006.629815496562514, 4687457.124692960642278 ], [ 435441.509910523658618, 4687457.124692960642278 ], [ 435441.509910523658618, 4687777.764681082218885 ], [ 435441.509910523658618, 4689701.604609811678529 ], [ 435441.509910523658618, 4690022.244597933255136 ], [ 438006.629815496562514, 4690022.244597933255136 ] ] ] } },
{ "type": "Feature", "properties": { "tile_name": "K-35-053-3_Elenovo_x3584_y3584.png", "map_name": "K-35-053-3_Elenovo" }, "geometry": { "type": "Polygon", "coordinates": [ [ [ 438006.629815496562514, 4687777.764681082218885 ], [ 438006.629815496562514, 4685853.924752352759242 ], [ 437365.349839253292885, 4685853.924752352759242 ], [ 436724.069863010081463, 4685853.924752352759242 ], [ 435441.509910523658618, 4685853.924752352759242 ], [ 435441.509910523658618, 4687777.764681082218885 ], [ 438006.629815496562514, 4687777.764681082218885 ] ] ] } },
{ "type": "Feature", "properties": { "tile_name": "K-35-053-3_Elenovo_x3584_y448.png", "map_name": "K-35-053-3_Elenovo" }, "geometry": { "type": "Polygon", "coordinates": [ [ [ 438006.629815496562514, 4703489.124099040403962 ], [ 438006.629815496562514, 4700924.004194067791104 ], [ 435441.509910523658618, 4700924.004194067791104 ], [ 435441.509910523658618, 4703489.124099040403962 ], [ 438006.629815496562514, 4703489.124099040403962 ] ] ] } },
{ "type": "Feature", "properties": { "tile_name": "K-35-053-3_Elenovo_x3584_y896.png", "map_name": "K-35-053-3_Elenovo" }, "geometry": { "type": "Polygon", "coordinates": [ [ [ 438006.629815496562514, 4701244.644182189367712 ], [ 438006.629815496562514, 4698679.524277216754854 ], [ 435441.509910523658618, 4698679.524277216754854 ], [ 435441.509910523658618, 4701244.644182189367712 ], [ 438006.629815496562514, 4701244.644182189367712 ] ] ] } },
{ "type": "Feature", "properties": { "tile_name": "K-35-053-3_Elenovo_x4032_y0.png", "map_name": "K-35-053-3_Elenovo" }, "geometry": { "type": "Polygon", "coordinates": [ [ [ 438006.629815496504307, 4705733.604015892371535 ], [ 438006.629815496562514, 4705733.604015892371535 ], [ 439289.189767982985359, 4705733.604015892371535 ], [ 439289.189767982985359, 4703809.764087162911892 ], [ 439289.189767982985359, 4703168.484110919758677 ], [ 437685.9898273749277, 4703168.484110919758677 ], [ 437685.9898273749277, 4705733.604015892371535 ], [ 438006.629815496504307, 4705733.604015892371535 ] ] ] } },
{ "type": "Feature", "properties": { "tile_name": "K-35-053-3_Elenovo_x4032_y1344.png", "map_name": "K-35-053-3_Elenovo" }, "geometry": { "type": "Polygon", "coordinates": [ [ [ 439289.189767982985359, 4699000.164265338331461 ], [ 439289.189767982985359, 4698038.244300973601639 ], [ 439289.189767982985359, 4697396.964324730448425 ], [ 439289.189767982985359, 4696435.044360365718603 ], [ 437685.9898273749277, 4696435.044360365718603 ], [ 437685.9898273749277, 4699000.164265338331461 ], [ 439289.189767982985359, 4699000.164265338331461 ] ] ] } },
{ "type": "Feature", "properties": { "tile_name": "K-35-053-3_Elenovo_x4032_y1792.png", "map_name": "K-35-053-3_Elenovo" }, "geometry": { "type": "Polygon", "coordinates": [ [ [ 439289.189767982985359, 4696755.68434848729521 ], [ 439289.189767982985359, 4696114.404372244141996 ], [ 439289.189767982985359, 4695473.124396000988781 ], [ 439289.189767982985359, 4694190.564443514682353 ], [ 437685.9898273749277, 4694190.564443514682353 ], [ 437685.9898273749277, 4696755.68434848729521 ], [ 439289.189767982985359, 4696755.68434848729521 ] ] ] } },
{ "type": "Feature", "properties": { "tile_name": "K-35-053-3_Elenovo_x4032_y2240.png", "map_name": "K-35-053-3_Elenovo" }, "geometry": { "type": "Polygon", "coordinates": [ [ [ 439289.189767982985359, 4694511.204431635327637 ], [ 439289.189767982985359, 4694190.56444351375103 ], [ 439289.189767982985359, 4693549.284467271529138 ], [ 439289.189767982985359, 4692266.724514784291387 ], [ 439289.189767982985359, 4691946.084526662714779 ], [ 437685.9898273749277, 4691946.084526662714779 ], [ 437685.9898273749277, 4694511.204431635327637 ], [ 439289.189767982985359, 4694511.204431635327637 ] ] ] } },
{ "type": "Feature", "properties": { "tile_name": "K-35-053-3_Elenovo_x4032_y2688.png", "map_name": "K-35-053-3_Elenovo" }, "geometry": { "type": "Polygon", "coordinates": [ [ [ 439289.189767982985359, 4692266.724514784291387 ], [ 439289.189767982985359, 4691625.444538541138172 ], [ 439289.189767982985359, 4690342.884586054831743 ], [ 439289.189767982985359, 4689701.604609811678529 ], [ 437685.9898273749277, 4689701.604609811678529 ], [ 437685.9898273749277, 4692266.724514784291387 ], [ 439289.189767982985359, 4692266.724514784291387 ] ] ] } },
{ "type": "Feature", "properties": { "tile_name": "K-35-053-3_Elenovo_x4032_y3136.png", "map_name": "K-35-053-3_Elenovo" }, "geometry": { "type": "Polygon", "coordinates": [ [ [ 439289.189767982985359, 4690022.244597933255136 ], [ 439289.189767982985359, 4689701.604609811678529 ], [ 439289.189767982985359, 4688419.0446573253721 ], [ 439289.189767982985359, 4687777.764681082218885 ], [ 439289.189767982985359, 4687457.124692960642278 ], [ 437685.9898273749277, 4687457.124692960642278 ], [ 437685.9898273749277, 4690022.244597933255136 ], [ 439289.189767982985359, 4690022.244597933255136 ] ] ] } },
{ "type": "Feature", "properties": { "tile_name": "K-35-053-3_Elenovo_x4032_y3584.png", "map_name": "K-35-053-3_Elenovo" }, "geometry": { "type": "Polygon", "coordinates": [ [ [ 439289.189767982985359, 4687777.764681082218885 ], [ 439289.189767982985359, 4685853.924752352759242 ], [ 437685.9898273749277, 4685853.924752352759242 ], [ 437685.9898273749277, 4687777.764681082218885 ], [ 439289.189767982985359, 4687777.764681082218885 ] ] ] } },
{ "type": "Feature", "properties": { "tile_name": "K-35-053-3_Elenovo_x4032_y448.png", "map_name": "K-35-053-3_Elenovo" }, "geometry": { "type": "Polygon", "coordinates": [ [ [ 439289.189767982985359, 4703489.124099040403962 ], [ 439289.189767982985359, 4703168.484110919758677 ], [ 439289.189767982985359, 4701885.924158432520926 ], [ 439289.189767982985359, 4701244.644182190299034 ], [ 439289.189767982985359, 4700924.004194067791104 ], [ 437685.9898273749277, 4700924.004194067791104 ], [ 437685.9898273749277, 4703489.124099040403962 ], [ 439289.189767982985359, 4703489.124099040403962 ] ] ] } },
{ "type": "Feature", "properties": { "tile_name": "K-35-053-3_Elenovo_x4032_y896.png", "map_name": "K-35-053-3_Elenovo" }, "geometry": { "type": "Polygon", "coordinates": [ [ [ 439289.189767982985359, 4701244.644182189367712 ], [ 439289.189767982985359, 4699962.084229703061283 ], [ 439289.189767982985359, 4699320.804253459908068 ], [ 439289.189767982985359, 4698679.524277216754854 ], [ 437685.9898273749277, 4698679.524277216754854 ], [ 437685.9898273749277, 4701244.644182189367712 ], [ 439289.189767982985359, 4701244.644182189367712 ] ] ] } },
{ "type": "Feature", "properties": { "tile_name": "K-35-053-3_Elenovo_x448_y0.png", "map_name": "K-35-053-3_Elenovo" }, "geometry": { "type": "Polygon", "coordinates": [ [ [ 419976.058139185479376, 4705733.604015892371535 ], [ 420050.790480686409865, 4705733.604015892371535 ], [ 421333.350433172832709, 4705733.604015892371535 ], [ 421974.630409416044131, 4705733.604015892371535 ], [ 422295.270397537678946, 4705733.604015892371535 ], [ 422295.270397537678946, 4703168.484110919758677 ], [ 419730.15049256477505, 4703168.484110919758677 ], [ 419730.15049256477505, 4705733.604015892371535 ], [ 419976.058139185479376, 4705733.604015892371535 ] ] ] } },
{ "type": "Feature", "properties": { "tile_name": "K-35-053-3_Elenovo_x448_y1344.png", "map_name": "K-35-053-3_Elenovo" }, "geometry": { "type": "Polygon", "coordinates": [ [ [ 422295.270397537678946, 4699000.164265338331461 ], [ 422295.270397537678946, 4698679.524277216754854 ], [ 422295.270397537678946, 4696755.68434848729521 ], [ 422295.270397537678946, 4696435.044360365718603 ], [ 419730.15049256477505, 4696435.044360365718603 ], [ 419730.15049256477505, 4699000.164265338331461 ], [ 422295.270397537678946, 4699000.164265338331461 ] ] ] } },
{ "type": "Feature", "properties": { "tile_name": "K-35-053-3_Elenovo_x448_y1792.png", "map_name": "K-35-053-3_Elenovo" }, "geometry": { "type": "Polygon", "coordinates": [ [ [ 422295.270397537678946, 4696755.68434848729521 ], [ 422295.270397537678946, 4694190.564443514682353 ], [ 419730.15049256477505, 4694190.564443514682353 ], [ 419730.15049256477505, 4696755.68434848729521 ], [ 422295.270397537678946, 4696755.68434848729521 ] ] ] } },
{ "type": "Feature", "properties": { "tile_name": "K-35-053-3_Elenovo_x448_y2240.png", "map_name": "K-35-053-3_Elenovo" }, "geometry": { "type": "Polygon", "coordinates": [ [ [ 422295.270397537678946, 4694511.204431635327637 ], [ 422295.270397537678946, 4691946.084526662714779 ], [ 419730.15049256477505, 4691946.084526662714779 ], [ 419730.15049256477505, 4694511.204431635327637 ], [ 422295.270397537678946, 4694511.204431635327637 ] ] ] } },
{ "type": "Feature", "properties": { "tile_name": "K-35-053-3_Elenovo_x448_y2688.png", "map_name": "K-35-053-3_Elenovo" }, "geometry": { "type": "Polygon", "coordinates": [ [ [ 422295.270397537678946, 4692266.724514784291387 ], [ 422295.270397537678946, 4689701.604609811678529 ], [ 419730.15049256477505, 4689701.604609811678529 ], [ 419730.15049256477505, 4692266.724514784291387 ], [ 422295.270397537678946, 4692266.724514784291387 ] ] ] } },
{ "type": "Feature", "properties": { "tile_name": "K-35-053-3_Elenovo_x448_y3136.png", "map_name": "K-35-053-3_Elenovo" }, "geometry": { "type": "Polygon", "coordinates": [ [ [ 422295.270397537678946, 4690022.244597933255136 ], [ 422295.270397537678946, 4687457.124692960642278 ], [ 419730.15049256477505, 4687457.124692960642278 ], [ 419730.15049256477505, 4690022.244597933255136 ], [ 422295.270397537678946, 4690022.244597933255136 ] ] ] } },
{ "type": "Feature", "properties": { "tile_name": "K-35-053-3_Elenovo_x448_y3584.png", "map_name": "K-35-053-3_Elenovo" }, "geometry": { "type": "Polygon", "coordinates": [ [ [ 422295.270397537678946, 4687777.764681082218885 ], [ 422295.270397537678946, 4685853.924752352759242 ], [ 421974.630409416044131, 4685853.924752352759242 ], [ 421333.350433172832709, 4685853.924752352759242 ], [ 420050.790480686409865, 4685853.924752352759242 ], [ 419730.15049256477505, 4685853.924752352759242 ], [ 419730.15049256477505, 4687777.764681082218885 ], [ 422295.270397537678946, 4687777.764681082218885 ] ] ] } },
{ "type": "Feature", "properties": { "tile_name": "K-35-053-3_Elenovo_x448_y448.png", "map_name": "K-35-053-3_Elenovo" }, "geometry": { "type": "Polygon", "coordinates": [ [ [ 422295.270397537678946, 4703489.124099040403962 ], [ 422295.270397537678946, 4700924.004194067791104 ], [ 419730.15049256477505, 4700924.004194067791104 ], [ 419730.15049256477505, 4703489.124099040403962 ], [ 422295.270397537678946, 4703489.124099040403962 ] ] ] } },
{ "type": "Feature", "properties": { "tile_name": "K-35-053-3_Elenovo_x448_y896.png", "map_name": "K-35-053-3_Elenovo" }, "geometry": { "type": "Polygon", "coordinates": [ [ [ 422295.270397537678946, 4701244.644182189367712 ], [ 422295.270397537678946, 4698679.524277216754854 ], [ 419730.15049256477505, 4698679.524277216754854 ], [ 419730.15049256477505, 4701244.644182189367712 ], [ 422295.270397537678946, 4701244.644182189367712 ] ] ] } },
{ "type": "Feature", "properties": { "tile_name": "K-35-053-3_Elenovo_x896_y0.png", "map_name": "K-35-053-3_Elenovo" }, "geometry": { "type": "Polygon", "coordinates": [ [ [ 422295.270397537678946, 4705733.604015892371535 ], [ 422615.910385659255553, 4705733.604015892371535 ], [ 422615.910385659313761, 4705733.604015892371535 ], [ 423257.190361902466975, 4705733.604015892371535 ], [ 423898.470338145678397, 4705733.604015892371535 ], [ 423898.470338145736605, 4705733.604015892371535 ], [ 424219.110326267313212, 4705733.604015892371535 ], [ 424539.750314388948027, 4705733.604015892371535 ], [ 424539.750314388948027, 4703168.484110919758677 ], [ 421974.630409416044131, 4703168.484110919758677 ], [ 421974.630409416044131, 4705733.604015892371535 ], [ 422295.270397537678946, 4705733.604015892371535 ] ] ] } },
{ "type": "Feature", "properties": { "tile_name": "K-35-053-3_Elenovo_x896_y1792.png", "map_name": "K-35-053-3_Elenovo" }, "geometry": { "type": "Polygon", "coordinates": [ [ [ 422295.270397537678946, 4696755.68434848729521 ], [ 424219.110326267313212, 4696755.68434848729521 ], [ 424539.750314388948027, 4696755.68434848729521 ], [ 424539.750314388948027, 4694190.564443514682353 ], [ 421974.630409416044131, 4694190.564443514682353 ], [ 421974.630409416044131, 4696755.68434848729521 ], [ 422295.270397537678946, 4696755.68434848729521 ] ] ] } },
{ "type": "Feature", "properties": { "tile_name": "K-35-053-3_Elenovo_x896_y2240.png", "map_name": "K-35-053-3_Elenovo" }, "geometry": { "type": "Polygon", "coordinates": [ [ [ 424539.750314388948027, 4694511.204431635327637 ], [ 424539.750314388948027, 4691946.084526662714779 ], [ 421974.630409416044131, 4691946.084526662714779 ], [ 421974.630409416044131, 4694511.204431635327637 ], [ 424539.750314388948027, 4694511.204431635327637 ] ] ] } },
{ "type": "Feature", "properties": { "tile_name": "K-35-053-3_Elenovo_x896_y2688.png", "map_name": "K-35-053-3_Elenovo" }, "geometry": { "type": "Polygon", "coordinates": [ [ [ 424539.750314388948027, 4692266.724514784291387 ], [ 424539.750314388948027, 4689701.604609811678529 ], [ 421974.630409416044131, 4689701.604609811678529 ], [ 421974.630409416044131, 4692266.724514784291387 ], [ 424539.750314388948027, 4692266.724514784291387 ] ] ] } },
{ "type": "Feature", "properties": { "tile_name": "K-35-053-3_Elenovo_x896_y3136.png", "map_name": "K-35-053-3_Elenovo" }, "geometry": { "type": "Polygon", "coordinates": [ [ [ 424539.750314388948027, 4690022.244597933255136 ], [ 424539.750314388948027, 4687457.124692960642278 ], [ 421974.630409416044131, 4687457.124692960642278 ], [ 421974.630409416044131, 4690022.244597933255136 ], [ 424539.750314388948027, 4690022.244597933255136 ] ] ] } },
{ "type": "Feature", "properties": { "tile_name": "K-35-053-3_Elenovo_x896_y3584.png", "map_name": "K-35-053-3_Elenovo" }, "geometry": { "type": "Polygon", "coordinates": [ [ [ 424539.750314388948027, 4687777.764681082218885 ], [ 424539.750314388948027, 4685853.924752352759242 ], [ 423898.470338145736605, 4685853.924752352759242 ], [ 423257.190361902466975, 4685853.924752352759242 ], [ 421974.630409416044131, 4685853.924752352759242 ], [ 421974.630409416044131, 4687777.764681082218885 ], [ 424539.750314388948027, 4687777.764681082218885 ] ] ] } },
{ "type": "Feature", "properties": { "tile_name": "K-35-053-3_Elenovo_x896_y448.png", "map_name": "K-35-053-3_Elenovo" }, "geometry": { "type": "Polygon", "coordinates": [ [ [ 424539.750314388948027, 4703489.124099040403962 ], [ 424539.750314388948027, 4700924.004194067791104 ], [ 421974.630409416044131, 4700924.004194067791104 ], [ 421974.630409416044131, 4703489.124099040403962 ], [ 424539.750314388948027, 4703489.124099040403962 ] ] ] } },
{ "type": "Feature", "properties": { "tile_name": "K-35-053-3_Elenovo_x896_y896.png", "map_name": "K-35-053-3_Elenovo" }, "geometry": { "type": "Polygon", "coordinates": [ [ [ 424539.750314388948027, 4701244.644182189367712 ], [ 424539.750314388948027, 4698679.524277216754854 ], [ 424219.110326267313212, 4698679.524277216754854 ], [ 422295.270397537678946, 4698679.524277216754854 ], [ 421974.630409416044131, 4698679.524277216754854 ], [ 421974.630409416044131, 4701244.644182189367712 ], [ 424539.750314388948027, 4701244.644182189367712 ] ] ] } },
{ "type": "Feature", "properties": { "tile_name": "K-35-062-2_Rakovski_x0_y0.png", "map_name": "K-35-062-2_Rakovski" }, "geometry": { "type": "Polygon", "coordinates": [ [ [ 315296.092404282127973, 4689194.542498392984271 ], [ 315938.503846848732792, 4689194.542498392984271 ], [ 316259.709568132064305, 4689194.542498392984271 ], [ 316580.915289415337611, 4689194.542498392984271 ], [ 316580.915289415337611, 4686624.896728126332164 ], [ 314011.269519148918334, 4686624.896728126332164 ], [ 314011.269519148918334, 4686946.102449409663677 ], [ 314011.269519148918334, 4687267.308170692995191 ], [ 314011.269519148918334, 4687909.719613259658217 ], [ 314011.269519148918334, 4689194.542498392984271 ], [ 315296.092404282127973, 4689194.542498392984271 ] ] ] } },
{ "type": "Feature", "properties": { "tile_name": "K-35-062-2_Rakovski_x0_y1344.png", "map_name": "K-35-062-2_Rakovski" }, "geometry": { "type": "Polygon", "coordinates": [ [ [ 316580.915289415337611, 4682449.222351443953812 ], [ 316580.915289415337611, 4679879.576581177301705 ], [ 316259.709568132064305, 4679879.576581177301705 ], [ 314011.269519148918334, 4679879.576581177301705 ], [ 314011.269519148918334, 4680200.782302460633218 ], [ 314011.269519148918334, 4680843.193745027296245 ], [ 314011.269519148918334, 4681485.605187593959272 ], [ 314011.269519148918334, 4682128.016630160622299 ], [ 314011.269519148918334, 4682449.222351443953812 ], [ 316580.915289415337611, 4682449.222351443953812 ] ] ] } },
{ "type": "Feature", "properties": { "tile_name": "K-35-062-2_Rakovski_x0_y2240.png", "map_name": "K-35-062-2_Rakovski" }, "geometry": { "type": "Polygon", "coordinates": [ [ [ 316259.709568132064305, 4677952.342253477312624 ], [ 316580.915289415337611, 4677952.342253477312624 ], [ 316580.915289415337611, 4675382.696483210660517 ], [ 314011.269519148918334, 4675382.696483210660517 ], [ 314011.269519148918334, 4675703.902204493992031 ], [ 314011.269519148918334, 4676346.313647060655057 ], [ 314011.269519148918334, 4677631.136532193981111 ], [ 315938.503846848732792, 4677631.136532193981111 ], [ 315938.503846848732792, 4677952.342253477312624 ], [ 316259.709568132064305, 4677952.342253477312624 ] ] ] } },
{ "type": "Feature", "properties": { "tile_name": "K-35-062-2_Rakovski_x0_y2688.png", "map_name": "K-35-062-2_Rakovski" }, "geometry": { "type": "Polygon", "coordinates": [ [ [ 316580.915289415337611, 4675703.902204493992031 ], [ 316580.915289415337611, 4675382.696483210660517 ], [ 316580.915289415337611, 4675061.490761927329004 ], [ 316580.915289415337611, 4673776.667876794934273 ], [ 316580.915289415337611, 4673455.462155511602759 ], [ 316580.915289415337611, 4673134.256434227339923 ], [ 316259.709568132064305, 4673134.256434227339923 ], [ 315938.503846848732792, 4673134.256434227339923 ], [ 314011.269519148918334, 4673134.256434227339923 ], [ 314011.269519148918334, 4673776.66787679400295 ], [ 314011.269519148918334, 4675061.490761927329004 ], [ 314011.269519148918334, 4675382.696483210660517 ], [ 314011.269519148918334, 4675703.902204493992031 ], [ 316580.915289415337611, 4675703.902204493992031 ] ] ] } },
{ "type": "Feature", "properties": { "tile_name": "K-35-062-2_Rakovski_x0_y3584.png", "map_name": "K-35-062-2_Rakovski" }, "geometry": { "type": "Polygon", "coordinates": [ [ [ 316259.709568132064305, 4671207.022106528282166 ], [ 316580.915289415337611, 4671207.022106528282166 ], [ 316580.915289415337611, 4669279.787778828293085 ], [ 315938.503846848732792, 4669279.787778828293085 ], [ 314011.269519148918334, 4669279.787778828293085 ], [ 314011.269519148918334, 4669922.199221394956112 ], [ 314011.269519148918334, 4671207.022106528282166 ], [ 316259.709568132064305, 4671207.022106528282166 ] ] ] } },
{ "type": "Feature", "properties": { "tile_name": "K-35-062-2_Rakovski_x0_y448.png", "map_name": "K-35-062-2_Rakovski" }, "geometry": { "type": "Polygon", "coordinates": [ [ [ 316580.915289415337611, 4686946.102449409663677 ], [ 316580.915289415337611, 4684376.45667914301157 ], [ 314011.269519148918334, 4684376.45667914301157 ], [ 314011.269519148918334, 4684697.662400426343083 ], [ 314011.269519148918334, 4684697.662400427274406 ], [ 314011.269519148918334, 4685340.07384299300611 ], [ 314011.269519148918334, 4685340.073842993937433 ], [ 314011.269519148918334, 4686624.896728126332164 ], [ 314011.269519148918334, 4686946.102449409663677 ], [ 316580.915289415337611, 4686946.102449409663677 ] ] ] } },
{ "type": "Feature", "properties": { "tile_name": "K-35-062-2_Rakovski_x0_y896.png", "map_name": "K-35-062-2_Rakovski" }, "geometry": { "type": "Polygon", "coordinates": [ [ [ 316580.915289415337611, 4684697.662400427274406 ], [ 316580.915289415337611, 4682128.016630160622299 ], [ 314011.269519148918334, 4682128.016630160622299 ], [ 314011.269519148918334, 4682449.222351443953812 ], [ 314011.269519148918334, 4682770.428072727285326 ], [ 314011.269519148918334, 4683412.839515293948352 ], [ 314011.269519148918334, 4684055.250957859680057 ], [ 314011.269519148918334, 4684055.250957860611379 ], [ 314011.269519148918334, 4684376.45667914301157 ], [ 314011.269519148918334, 4684697.662400426343083 ], [ 314011.269519148918334, 4684697.662400427274406 ], [ 316580.915289415337611, 4684697.662400427274406 ] ] ] } },
{ "type": "Feature", "properties": { "tile_name": "K-35-062-2_Rakovski_x1344_y0.png", "map_name": "K-35-062-2_Rakovski" }, "geometry": { "type": "Polygon", "coordinates": [ [ [ 321077.795387381629553, 4689194.542498392984271 ], [ 321720.206829948234372, 4689194.542498392984271 ], [ 322362.618272514839191, 4689194.542498392984271 ], [ 323005.02971508144401, 4689194.542498392984271 ], [ 323326.235436364717316, 4689194.542498392984271 ], [ 323326.235436364717316, 4686624.896728126332164 ], [ 320756.589666098298039, 4686624.896728126332164 ], [ 320756.589666098298039, 4689194.542498392984271 ], [ 321077.795387381629553, 4689194.542498392984271 ] ] ] } },
{ "type": "Feature", "properties": { "tile_name": "K-35-062-2_Rakovski_x1344_y1344.png", "map_name": "K-35-062-2_Rakovski" }, "geometry": { "type": "Polygon", "coordinates": [ [ [ 323326.235436364717316, 4682449.222351443953812 ], [ 323326.235436364717316, 4679879.576581177301705 ], [ 320756.589666098298039, 4679879.576581177301705 ], [ 320756.589666098298039, 4682449.222351443953812 ], [ 323326.235436364717316, 4682449.222351443953812 ] ] ] } },
{ "type": "Feature", "properties": { "tile_name": "K-35-062-2_Rakovski_x1344_y1792.png", "map_name": "K-35-062-2_Rakovski" }, "geometry": { "type": "Polygon", "coordinates": [ [ [ 323326.235436364717316, 4680200.782302460633218 ], [ 323326.235436364717316, 4677631.136532193981111 ], [ 320756.589666098298039, 4677631.136532193981111 ], [ 320756.589666098298039, 4680200.782302460633218 ], [ 323326.235436364717316, 4680200.782302460633218 ] ] ] } },
{ "type": "Feature", "properties": { "tile_name": "K-35-062-2_Rakovski_x1344_y2240.png", "map_name": "K-35-062-2_Rakovski" }, "geometry": { "type": "Polygon", "coordinates": [ [ [ 323326.235436364717316, 4677952.342253477312624 ], [ 323326.235436364717316, 4675382.696483210660517 ], [ 320756.589666098298039, 4675382.696483210660517 ], [ 320756.589666098298039, 4677952.342253477312624 ], [ 323326.235436364717316, 4677952.342253477312624 ] ] ] } },
{ "type": "Feature", "properties": { "tile_name": "K-35-062-2_Rakovski_x1344_y2688.png", "map_name": "K-35-062-2_Rakovski" }, "geometry": { "type": "Polygon", "coordinates": [ [ [ 323326.235436364717316, 4675703.902204493992031 ], [ 323326.235436364717316, 4673134.256434227339923 ], [ 320756.589666098298039, 4673134.256434227339923 ], [ 320756.589666098298039, 4673455.462155511602759 ], [ 320756.589666098298039, 4675382.696483210660517 ], [ 320756.589666098298039, 4675703.902204493992031 ], [ 323326.235436364717316, 4675703.902204493992031 ] ] ] } },
{ "type": "Feature", "properties": { "tile_name": "K-35-062-2_Rakovski_x1344_y3136.png", "map_name": "K-35-062-2_Rakovski" }, "geometry": { "type": "Polygon", "coordinates": [ [ [ 323326.235436364717316, 4673455.462155511602759 ], [ 323326.235436364717316, 4670885.816385244950652 ], [ 320756.589666098298039, 4670885.816385244950652 ], [ 320756.589666098298039, 4671207.022106528282166 ], [ 320756.589666098298039, 4673134.256434227339923 ], [ 320756.589666098298039, 4673455.462155511602759 ], [ 323326.235436364717316, 4673455.462155511602759 ] ] ] } },
{ "type": "Feature", "properties": { "tile_name": "K-35-062-2_Rakovski_x1344_y3584.png", "map_name": "K-35-062-2_Rakovski" }, "geometry": { "type": "Polygon", "coordinates": [ [ [ 323326.235436364717316, 4671207.022106528282166 ], [ 323326.235436364717316, 4669279.787778828293085 ], [ 322362.618272514839191, 4669279.787778828293085 ], [ 321720.206829948234372, 4669279.787778828293085 ], [ 320756.589666098298039, 4669279.787778828293085 ], [ 320756.589666098298039, 4671207.022106528282166 ], [ 323326.235436364717316, 4671207.022106528282166 ] ] ] } },
{ "type": "Feature", "properties": { "tile_name": "K-35-062-2_Rakovski_x1344_y448.png", "map_name": "K-35-062-2_Rakovski" }, "geometry": { "type": "Polygon", "coordinates": [ [ [ 323326.235436364717316, 4686946.102449409663677 ], [ 323326.235436364717316, 4684376.45667914301157 ], [ 320756.589666098298039, 4684376.45667914301157 ], [ 320756.589666098298039, 4686946.102449409663677 ], [ 323326.235436364717316, 4686946.102449409663677 ] ] ] } },
{ "type": "Feature", "properties": { "tile_name": "K-35-062-2_Rakovski_x1344_y896.png", "map_name": "K-35-062-2_Rakovski" }, "geometry": { "type": "Polygon", "coordinates": [ [ [ 323326.235436364717316, 4684697.662400427274406 ], [ 323326.235436364717316, 4682128.016630160622299 ], [ 320756.589666098298039, 4682128.016630160622299 ], [ 320756.589666098298039, 4684697.662400427274406 ], [ 323326.235436364717316, 4684697.662400427274406 ] ] ] } },
{ "type": "Feature", "properties": { "tile_name": "K-35-062-2_Rakovski_x1792_y0.png", "map_name": "K-35-062-2_Rakovski" }, "geometry": { "type": "Polygon", "coordinates": [ [ [ 323326.235436364717316, 4689194.542498392984271 ], [ 323647.441157648048829, 4689194.542498392984271 ], [ 324289.852600214653648, 4689194.542498392984271 ], [ 325253.469764064589981, 4689194.542498392984271 ], [ 325574.675485347863287, 4689194.542498392984271 ], [ 325574.675485347863287, 4686624.896728126332164 ], [ 323005.02971508144401, 4686624.896728126332164 ], [ 323005.02971508144401, 4689194.542498392984271 ], [ 323326.235436364717316, 4689194.542498392984271 ] ] ] } },
{ "type": "Feature", "properties": { "tile_name": "K-35-062-2_Rakovski_x1792_y1344.png", "map_name": "K-35-062-2_Rakovski" }, "geometry": { "type": "Polygon", "coordinates": [ [ [ 325574.675485347863287, 4682449.222351443953812 ], [ 325574.675485347863287, 4679879.576581177301705 ], [ 323005.02971508144401, 4679879.576581177301705 ], [ 323005.02971508144401, 4682449.222351443953812 ], [ 325574.675485347863287, 4682449.222351443953812 ] ] ] } },
{ "type": "Feature", "properties": { "tile_name": "K-35-062-2_Rakovski_x1792_y1792.png", "map_name": "K-35-062-2_Rakovski" }, "geometry": { "type": "Polygon", "coordinates": [ [ [ 325574.675485347863287, 4680200.782302460633218 ], [ 325574.675485347863287, 4677631.136532193981111 ], [ 323005.02971508144401, 4677631.136532193981111 ], [ 323005.02971508144401, 4680200.782302460633218 ], [ 325574.675485347863287, 4680200.782302460633218 ] ] ] } },
{ "type": "Feature", "properties": { "tile_name": "K-35-062-2_Rakovski_x1792_y2240.png", "map_name": "K-35-062-2_Rakovski" }, "geometry": { "type": "Polygon", "coordinates": [ [ [ 325574.675485347863287, 4677952.342253477312624 ], [ 325574.675485347863287, 4675382.696483210660517 ], [ 323005.02971508144401, 4675382.696483210660517 ], [ 323005.02971508144401, 4677952.342253477312624 ], [ 325574.675485347863287, 4677952.342253477312624 ] ] ] } },
{ "type": "Feature", "properties": { "tile_name": "K-35-062-2_Rakovski_x1792_y2688.png", "map_name": "K-35-062-2_Rakovski" }, "geometry": { "type": "Polygon", "coordinates": [ [ [ 325574.675485347863287, 4675703.902204493992031 ], [ 325574.675485347863287, 4673134.256434227339923 ], [ 323005.02971508144401, 4673134.256434227339923 ], [ 323005.02971508144401, 4675703.902204493992031 ], [ 325574.675485347863287, 4675703.902204493992031 ] ] ] } },
{ "type": "Feature", "properties": { "tile_name": "K-35-062-2_Rakovski_x1792_y3136.png", "map_name": "K-35-062-2_Rakovski" }, "geometry": { "type": "Polygon", "coordinates": [ [ [ 325574.675485347863287, 4673455.462155511602759 ], [ 325574.675485347863287, 4670885.816385244950652 ], [ 323005.02971508144401, 4670885.816385244950652 ], [ 323005.02971508144401, 4673455.462155511602759 ], [ 325574.675485347863287, 4673455.462155511602759 ] ] ] } },
{ "type": "Feature", "properties": { "tile_name": "K-35-062-2_Rakovski_x1792_y3584.png", "map_name": "K-35-062-2_Rakovski" }, "geometry": { "type": "Polygon", "coordinates": [ [ [ 325574.675485347863287, 4671207.022106528282166 ], [ 325574.675485347863287, 4669279.787778828293085 ], [ 324289.852600214653648, 4669279.787778828293085 ], [ 323647.441157648048829, 4669279.787778828293085 ], [ 323005.02971508144401, 4669279.787778828293085 ], [ 323005.02971508144401, 4671207.022106528282166 ], [ 325574.675485347863287, 4671207.022106528282166 ] ] ] } },
{ "type": "Feature", "properties": { "tile_name": "K-35-062-2_Rakovski_x1792_y448.png", "map_name": "K-35-062-2_Rakovski" }, "geometry": { "type": "Polygon", "coordinates": [ [ [ 325574.675485347863287, 4686946.102449409663677 ], [ 325574.675485347863287, 4684376.45667914301157 ], [ 323005.02971508144401, 4684376.45667914301157 ], [ 323005.02971508144401, 4686946.102449409663677 ], [ 325574.675485347863287, 4686946.102449409663677 ] ] ] } },
{ "type": "Feature", "properties": { "tile_name": "K-35-062-2_Rakovski_x1792_y896.png", "map_name": "K-35-062-2_Rakovski" }, "geometry": { "type": "Polygon", "coordinates": [ [ [ 325574.675485347863287, 4684697.662400427274406 ], [ 325574.675485347863287, 4682128.016630160622299 ], [ 323005.02971508144401, 4682128.016630160622299 ], [ 323005.02971508144401, 4684697.662400427274406 ], [ 325574.675485347863287, 4684697.662400427274406 ] ] ] } },
{ "type": "Feature", "properties": { "tile_name": "K-35-062-2_Rakovski_x2240_y0.png", "map_name": "K-35-062-2_Rakovski" }, "geometry": { "type": "Polygon", "coordinates": [ [ [ 325574.675485347863287, 4689194.542498392984271 ], [ 325574.675485347921494, 4689194.542498392984271 ], [ 326217.086927914468106, 4689194.542498392984271 ], [ 326859.498370481072925, 4689194.542498392984271 ], [ 326859.498370481131133, 4689194.542498392984271 ], [ 327501.909813047735952, 4689194.542498392984271 ], [ 327823.115534331009258, 4689194.542498392984271 ], [ 327823.115534331009258, 4686624.896728126332164 ], [ 325253.469764064589981, 4686624.896728126332164 ], [ 325253.469764064589981, 4689194.542498392984271 ], [ 325574.675485347863287, 4689194.542498392984271 ] ] ] } },
{ "type": "Feature", "properties": { "tile_name": "K-35-062-2_Rakovski_x2240_y1344.png", "map_name": "K-35-062-2_Rakovski" }, "geometry": { "type": "Polygon", "coordinates": [ [ [ 327823.115534331009258, 4682449.222351443953812 ], [ 327823.115534331009258, 4679879.576581177301705 ], [ 325253.469764064589981, 4679879.576581177301705 ], [ 325253.469764064589981, 4682449.222351443953812 ], [ 327823.115534331009258, 4682449.222351443953812 ] ] ] } },
{ "type": "Feature", "properties": { "tile_name": "K-35-062-2_Rakovski_x2240_y1792.png", "map_name": "K-35-062-2_Rakovski" }, "geometry": { "type": "Polygon", "coordinates": [ [ [ 327823.115534331009258, 4680200.782302460633218 ], [ 327823.115534331009258, 4677631.136532193981111 ], [ 325253.469764064589981, 4677631.136532193981111 ], [ 325253.469764064589981, 4680200.782302460633218 ], [ 327823.115534331009258, 4680200.782302460633218 ] ] ] } },
{ "type": "Feature", "properties": { "tile_name": "K-35-062-2_Rakovski_x2240_y2240.png", "map_name": "K-35-062-2_Rakovski" }, "geometry": { "type": "Polygon", "coordinates": [ [ [ 327823.115534331009258, 4677952.342253477312624 ], [ 327823.115534331009258, 4675382.696483210660517 ], [ 325253.469764064589981, 4675382.696483210660517 ], [ 325253.469764064589981, 4677952.342253477312624 ], [ 327823.115534331009258, 4677952.342253477312624 ] ] ] } },
{ "type": "Feature", "properties": { "tile_name": "K-35-062-2_Rakovski_x2240_y2688.png", "map_name": "K-35-062-2_Rakovski" }, "geometry": { "type": "Polygon", "coordinates": [ [ [ 327823.115534331009258, 4675703.902204493992031 ], [ 327823.115534331009258, 4673134.256434227339923 ], [ 325253.469764064589981, 4673134.256434227339923 ], [ 325253.469764064589981, 4675703.902204493992031 ], [ 327823.115534331009258, 4675703.902204493992031 ] ] ] } },
{ "type": "Feature", "properties": { "tile_name": "K-35-062-2_Rakovski_x2240_y3136.png", "map_name": "K-35-062-2_Rakovski" }, "geometry": { "type": "Polygon", "coordinates": [ [ [ 327823.115534331009258, 4673455.462155511602759 ], [ 327823.115534331009258, 4670885.816385244950652 ], [ 325253.469764064589981, 4670885.816385244950652 ], [ 325253.469764064589981, 4673455.462155511602759 ], [ 327823.115534331009258, 4673455.462155511602759 ] ] ] } },
{ "type": "Feature", "properties": { "tile_name": "K-35-062-2_Rakovski_x2240_y3584.png", "map_name": "K-35-062-2_Rakovski" }, "geometry": { "type": "Polygon", "coordinates": [ [ [ 327823.115534331009258, 4671207.022106528282166 ], [ 327823.115534331009258, 4669279.787778828293085 ], [ 327501.909813047735952, 4669279.787778828293085 ], [ 326217.086927914468106, 4669279.787778828293085 ], [ 325574.675485347921494, 4669279.787778828293085 ], [ 325253.469764064589981, 4669279.787778828293085 ], [ 325253.469764064589981, 4671207.022106528282166 ], [ 327823.115534331009258, 4671207.022106528282166 ] ] ] } },
{ "type": "Feature", "properties": { "tile_name": "K-35-062-2_Rakovski_x2240_y448.png", "map_name": "K-35-062-2_Rakovski" }, "geometry": { "type": "Polygon", "coordinates": [ [ [ 327823.115534331009258, 4686946.102449409663677 ], [ 327823.115534331009258, 4684376.45667914301157 ], [ 325253.469764064589981, 4684376.45667914301157 ], [ 325253.469764064589981, 4686946.102449409663677 ], [ 327823.115534331009258, 4686946.102449409663677 ] ] ] } },
{ "type": "Feature", "properties": { "tile_name": "K-35-062-2_Rakovski_x2240_y896.png", "map_name": "K-35-062-2_Rakovski" }, "geometry": { "type": "Polygon", "coordinates": [ [ [ 327823.115534331009258, 4684697.662400427274406 ], [ 327823.115534331009258, 4682128.016630160622299 ], [ 325253.469764064589981, 4682128.016630160622299 ], [ 325253.469764064589981, 4684697.662400427274406 ], [ 327823.115534331009258, 4684697.662400427274406 ] ] ] } },
{ "type": "Feature", "properties": { "tile_name": "K-35-062-2_Rakovski_x2688_y0.png", "map_name": "K-35-062-2_Rakovski" }, "geometry": { "type": "Polygon", "coordinates": [ [ [ 327823.115534331009258, 4689194.542498392984271 ], [ 328144.321255614340771, 4689194.542498392984271 ], [ 329429.144140747550409, 4689194.542498392984271 ], [ 329750.349862030881923, 4689194.542498392984271 ], [ 330071.555583314155228, 4689194.542498392984271 ], [ 330071.555583314155228, 4686624.896728126332164 ], [ 327501.909813047735952, 4686624.896728126332164 ], [ 327501.909813047735952, 4689194.542498392984271 ], [ 327823.115534331009258, 4689194.542498392984271 ] ] ] } },
{ "type": "Feature", "properties": { "tile_name": "K-35-062-2_Rakovski_x2688_y1344.png", "map_name": "K-35-062-2_Rakovski" }, "geometry": { "type": "Polygon", "coordinates": [ [ [ 330071.555583314155228, 4682449.222351443953812 ], [ 330071.555583314155228, 4679879.576581177301705 ], [ 327501.909813047735952, 4679879.576581177301705 ], [ 327501.909813047735952, 4682449.222351443953812 ], [ 330071.555583314155228, 4682449.222351443953812 ] ] ] } },
{ "type": "Feature", "properties": { "tile_name": "K-35-062-2_Rakovski_x2688_y1792.png", "map_name": "K-35-062-2_Rakovski" }, "geometry": { "type": "Polygon", "coordinates": [ [ [ 330071.555583314155228, 4680200.782302460633218 ], [ 330071.555583314155228, 4677631.136532193981111 ], [ 327501.909813047735952, 4677631.136532193981111 ], [ 327501.909813047735952, 4680200.782302460633218 ], [ 330071.555583314155228, 4680200.782302460633218 ] ] ] } },
{ "type": "Feature", "properties": { "tile_name": "K-35-062-2_Rakovski_x2688_y2240.png", "map_name": "K-35-062-2_Rakovski" }, "geometry": { "type": "Polygon", "coordinates": [ [ [ 330071.555583314155228, 4677952.342253477312624 ], [ 330071.555583314155228, 4675382.696483210660517 ], [ 327501.909813047735952, 4675382.696483210660517 ], [ 327501.909813047735952, 4677952.342253477312624 ], [ 330071.555583314155228, 4677952.342253477312624 ] ] ] } },
{ "type": "Feature", "properties": { "tile_name": "K-35-062-2_Rakovski_x2688_y2688.png", "map_name": "K-35-062-2_Rakovski" }, "geometry": { "type": "Polygon", "coordinates": [ [ [ 330071.555583314155228, 4675703.902204493992031 ], [ 330071.555583314155228, 4673134.256434227339923 ], [ 327501.909813047735952, 4673134.256434227339923 ], [ 327501.909813047735952, 4675703.902204493992031 ], [ 330071.555583314155228, 4675703.902204493992031 ] ] ] } },
{ "type": "Feature", "properties": { "tile_name": "K-35-062-2_Rakovski_x2688_y3136.png", "map_name": "K-35-062-2_Rakovski" }, "geometry": { "type": "Polygon", "coordinates": [ [ [ 330071.555583314155228, 4673455.462155511602759 ], [ 330071.555583314155228, 4670885.816385244950652 ], [ 327501.909813047735952, 4670885.816385244950652 ], [ 327501.909813047735952, 4673455.462155511602759 ], [ 330071.555583314155228, 4673455.462155511602759 ] ] ] } },
{ "type": "Feature", "properties": { "tile_name": "K-35-062-2_Rakovski_x2688_y3584.png", "map_name": "K-35-062-2_Rakovski" }, "geometry": { "type": "Polygon", "coordinates": [ [ [ 330071.555583314155228, 4671207.022106528282166 ], [ 330071.555583314155228, 4669279.787778828293085 ], [ 329429.144140747550409, 4669279.787778828293085 ], [ 328144.321255614340771, 4669279.787778828293085 ], [ 327501.909813047735952, 4669279.787778828293085 ], [ 327501.909813047735952, 4671207.022106528282166 ], [ 330071.555583314155228, 4671207.022106528282166 ] ] ] } },
{ "type": "Feature", "properties": { "tile_name": "K-35-062-2_Rakovski_x2688_y448.png", "map_name": "K-35-062-2_Rakovski" }, "geometry": { "type": "Polygon", "coordinates": [ [ [ 330071.555583314155228, 4686946.102449409663677 ], [ 330071.555583314155228, 4684376.45667914301157 ], [ 327501.909813047735952, 4684376.45667914301157 ], [ 327501.909813047735952, 4686946.102449409663677 ], [ 330071.555583314155228, 4686946.102449409663677 ] ] ] } },
{ "type": "Feature", "properties": { "tile_name": "K-35-062-2_Rakovski_x2688_y896.png", "map_name": "K-35-062-2_Rakovski" }, "geometry": { "type": "Polygon", "coordinates": [ [ [ 330071.555583314155228, 4684697.662400427274406 ], [ 330071.555583314155228, 4682128.016630160622299 ], [ 327501.909813047735952, 4682128.016630160622299 ], [ 327501.909813047735952, 4684697.662400427274406 ], [ 330071.555583314155228, 4684697.662400427274406 ] ] ] } },
{ "type": "Feature", "properties": { "tile_name": "K-35-062-2_Rakovski_x3136_y0.png", "map_name": "K-35-062-2_Rakovski" }, "geometry": { "type": "Polygon", "coordinates": [ [ [ 330071.555583314155228, 4689194.542498392984271 ], [ 330713.967025880760048, 4689194.542498392984271 ], [ 331356.378468447364867, 4689194.542498392984271 ], [ 331998.789911013969686, 4689194.542498392984271 ], [ 331998.789911014027894, 4689194.542498392984271 ], [ 332319.995632297301199, 4689194.542498392984271 ], [ 332319.995632297301199, 4686624.896728126332164 ], [ 329750.349862030881923, 4686624.896728126332164 ], [ 329750.349862030881923, 4689194.542498392984271 ], [ 330071.555583314155228, 4689194.542498392984271 ] ] ] } },
{ "type": "Feature", "properties": { "tile_name": "K-35-062-2_Rakovski_x3136_y1344.png", "map_name": "K-35-062-2_Rakovski" }, "geometry": { "type": "Polygon", "coordinates": [ [ [ 332319.995632297301199, 4682449.222351443953812 ], [ 332319.995632297301199, 4679879.576581177301705 ], [ 329750.349862030881923, 4679879.576581177301705 ], [ 329750.349862030881923, 4682449.222351443953812 ], [ 332319.995632297301199, 4682449.222351443953812 ] ] ] } },
{ "type": "Feature", "properties": { "tile_name": "K-35-062-2_Rakovski_x3136_y1792.png", "map_name": "K-35-062-2_Rakovski" }, "geometry": { "type": "Polygon", "coordinates": [ [ [ 332319.995632297301199, 4680200.782302460633218 ], [ 332319.995632297301199, 4677631.136532193981111 ], [ 329750.349862030881923, 4677631.136532193981111 ], [ 329750.349862030881923, 4680200.782302460633218 ], [ 332319.995632297301199, 4680200.782302460633218 ] ] ] } },
{ "type": "Feature", "properties": { "tile_name": "K-35-062-2_Rakovski_x3136_y2240.png", "map_name": "K-35-062-2_Rakovski" }, "geometry": { "type": "Polygon", "coordinates": [ [ [ 332319.995632297301199, 4677952.342253477312624 ], [ 332319.995632297301199, 4675382.696483210660517 ], [ 329750.349862030881923, 4675382.696483210660517 ], [ 329750.349862030881923, 4677952.342253477312624 ], [ 332319.995632297301199, 4677952.342253477312624 ] ] ] } },
{ "type": "Feature", "properties": { "tile_name": "K-35-062-2_Rakovski_x3136_y2688.png", "map_name": "K-35-062-2_Rakovski" }, "geometry": { "type": "Polygon", "coordinates": [ [ [ 332319.995632297301199, 4675703.902204493992031 ], [ 332319.995632297301199, 4673134.256434227339923 ], [ 329750.349862030881923, 4673134.256434227339923 ], [ 329750.349862030881923, 4675703.902204493992031 ], [ 332319.995632297301199, 4675703.902204493992031 ] ] ] } },
{ "type": "Feature", "properties": { "tile_name": "K-35-062-2_Rakovski_x3136_y3136.png", "map_name": "K-35-062-2_Rakovski" }, "geometry": { "type": "Polygon", "coordinates": [ [ [ 332319.995632297301199, 4673455.462155511602759 ], [ 332319.995632297301199, 4670885.816385244950652 ], [ 329750.349862030881923, 4670885.816385244950652 ], [ 329750.349862030881923, 4673455.462155511602759 ], [ 332319.995632297301199, 4673455.462155511602759 ] ] ] } },
{ "type": "Feature", "properties": { "tile_name": "K-35-062-2_Rakovski_x3136_y3584.png", "map_name": "K-35-062-2_Rakovski" }, "geometry": { "type": "Polygon", "coordinates": [ [ [ 332319.995632297301199, 4671207.022106528282166 ], [ 332319.995632297301199, 4669279.787778828293085 ], [ 331998.789911013969686, 4669279.787778828293085 ], [ 331356.378468447364867, 4669279.787778828293085 ], [ 330071.555583314155228, 4669279.787778828293085 ], [ 329750.349862030881923, 4669279.787778828293085 ], [ 329750.349862030881923, 4671207.022106528282166 ], [ 332319.995632297301199, 4671207.022106528282166 ] ] ] } },
{ "type": "Feature", "properties": { "tile_name": "K-35-062-2_Rakovski_x3136_y448.png", "map_name": "K-35-062-2_Rakovski" }, "geometry": { "type": "Polygon", "coordinates": [ [ [ 332319.995632297301199, 4686946.102449409663677 ], [ 332319.995632297301199, 4684376.45667914301157 ], [ 329750.349862030881923, 4684376.45667914301157 ], [ 329750.349862030881923, 4686946.102449409663677 ], [ 332319.995632297301199, 4686946.102449409663677 ] ] ] } },
{ "type": "Feature", "properties": { "tile_name": "K-35-062-2_Rakovski_x3136_y896.png", "map_name": "K-35-062-2_Rakovski" }, "geometry": { "type": "Polygon", "coordinates": [ [ [ 332319.995632297301199, 4684697.662400427274406 ], [ 332319.995632297301199, 4682128.016630160622299 ], [ 329750.349862030881923, 4682128.016630160622299 ], [ 329750.349862030881923, 4684697.662400427274406 ], [ 332319.995632297301199, 4684697.662400427274406 ] ] ] } },
{ "type": "Feature", "properties": { "tile_name": "K-35-062-2_Rakovski_x3584_y0.png", "map_name": "K-35-062-2_Rakovski" }, "geometry": { "type": "Polygon", "coordinates": [ [ [ 332319.995632297301199, 4689194.542498392984271 ], [ 333283.612796147179324, 4689194.542498392984271 ], [ 333283.612796147237532, 4689194.542498392984271 ], [ 333926.024238713784143, 4689194.542498392984271 ], [ 334247.229959997115657, 4689194.542498392984271 ], [ 334568.43568128044717, 4689194.542498392984271 ], [ 334568.43568128044717, 4686624.896728126332164 ], [ 331998.789911014027894, 4686624.896728126332164 ], [ 331998.789911014027894, 4689194.542498392984271 ], [ 332319.995632297301199, 4689194.542498392984271 ] ] ] } },
{ "type": "Feature", "properties": { "tile_name": "K-35-062-2_Rakovski_x3584_y1344.png", "map_name": "K-35-062-2_Rakovski" }, "geometry": { "type": "Polygon", "coordinates": [ [ [ 334568.43568128044717, 4682449.222351443953812 ], [ 334568.43568128044717, 4679879.576581177301705 ], [ 331998.789911014027894, 4679879.576581177301705 ], [ 331998.789911014027894, 4682449.222351443953812 ], [ 334568.43568128044717, 4682449.222351443953812 ] ] ] } },
{ "type": "Feature", "properties": { "tile_name": "K-35-062-2_Rakovski_x3584_y1792.png", "map_name": "K-35-062-2_Rakovski" }, "geometry": { "type": "Polygon", "coordinates": [ [ [ 334568.43568128044717, 4680200.782302460633218 ], [ 334568.43568128044717, 4677631.136532193981111 ], [ 331998.789911014027894, 4677631.136532193981111 ], [ 331998.789911014027894, 4680200.782302460633218 ], [ 334568.43568128044717, 4680200.782302460633218 ] ] ] } },
{ "type": "Feature", "properties": { "tile_name": "K-35-062-2_Rakovski_x3584_y2240.png", "map_name": "K-35-062-2_Rakovski" }, "geometry": { "type": "Polygon", "coordinates": [ [ [ 334568.43568128044717, 4677952.342253477312624 ], [ 334568.43568128044717, 4675382.696483210660517 ], [ 331998.789911014027894, 4675382.696483210660517 ], [ 331998.789911014027894, 4677952.342253477312624 ], [ 334568.43568128044717, 4677952.342253477312624 ] ] ] } },
{ "type": "Feature", "properties": { "tile_name": "K-35-062-2_Rakovski_x3584_y2688.png", "map_name": "K-35-062-2_Rakovski" }, "geometry": { "type": "Polygon", "coordinates": [ [ [ 334568.43568128044717, 4675703.902204493992031 ], [ 334568.43568128044717, 4673134.256434227339923 ], [ 331998.789911014027894, 4673134.256434227339923 ], [ 331998.789911014027894, 4675703.902204493992031 ], [ 334568.43568128044717, 4675703.902204493992031 ] ] ] } },
{ "type": "Feature", "properties": { "tile_name": "K-35-062-2_Rakovski_x3584_y3136.png", "map_name": "K-35-062-2_Rakovski" }, "geometry": { "type": "Polygon", "coordinates": [ [ [ 334568.43568128044717, 4673455.462155511602759 ], [ 334568.43568128044717, 4670885.816385244950652 ], [ 331998.789911014027894, 4670885.816385244950652 ], [ 331998.789911014027894, 4673455.462155511602759 ], [ 334568.43568128044717, 4673455.462155511602759 ] ] ] } },
{ "type": "Feature", "properties": { "tile_name": "K-35-062-2_Rakovski_x3584_y3584.png", "map_name": "K-35-062-2_Rakovski" }, "geometry": { "type": "Polygon", "coordinates": [ [ [ 334568.43568128044717, 4671207.022106528282166 ], [ 334568.43568128044717, 4669279.787778828293085 ], [ 333926.024238713784143, 4669279.787778828293085 ], [ 333283.612796147237532, 4669279.787778828293085 ], [ 331998.789911014027894, 4669279.787778828293085 ], [ 331998.789911014027894, 4671207.022106528282166 ], [ 334568.43568128044717, 4671207.022106528282166 ] ] ] } },
{ "type": "Feature", "properties": { "tile_name": "K-35-062-2_Rakovski_x3584_y448.png", "map_name": "K-35-062-2_Rakovski" }, "geometry": { "type": "Polygon", "coordinates": [ [ [ 334568.43568128044717, 4686946.102449409663677 ], [ 334568.43568128044717, 4684376.45667914301157 ], [ 331998.789911014027894, 4684376.45667914301157 ], [ 331998.789911014027894, 4686946.102449409663677 ], [ 334568.43568128044717, 4686946.102449409663677 ] ] ] } },
{ "type": "Feature", "properties": { "tile_name": "K-35-062-2_Rakovski_x3584_y896.png", "map_name": "K-35-062-2_Rakovski" }, "geometry": { "type": "Polygon", "coordinates": [ [ [ 334568.43568128044717, 4684697.662400427274406 ], [ 334568.43568128044717, 4682128.016630160622299 ], [ 331998.789911014027894, 4682128.016630160622299 ], [ 331998.789911014027894, 4684697.662400427274406 ], [ 334568.43568128044717, 4684697.662400427274406 ] ] ] } },
{ "type": "Feature", "properties": { "tile_name": "K-35-062-2_Rakovski_x4032_y0.png", "map_name": "K-35-062-2_Rakovski" }, "geometry": { "type": "Polygon", "coordinates": [ [ [ 334568.43568128044717, 4689194.542498392984271 ], [ 335853.258566413656808, 4689194.542498392984271 ], [ 335853.258566413656808, 4687267.308170692995191 ], [ 335853.258566413656808, 4686624.896728126332164 ], [ 334247.229959997115657, 4686624.896728126332164 ], [ 334247.229959997115657, 4689194.542498392984271 ], [ 334568.43568128044717, 4689194.542498392984271 ] ] ] } },
{ "type": "Feature", "properties": { "tile_name": "K-35-062-2_Rakovski_x4032_y1344.png", "map_name": "K-35-062-2_Rakovski" }, "geometry": { "type": "Polygon", "coordinates": [ [ [ 335853.258566413656808, 4682449.222351443953812 ], [ 335853.258566413656808, 4681485.605187593959272 ], [ 335853.258566413656808, 4680843.193745027296245 ], [ 335853.258566413656808, 4679879.576581177301705 ], [ 334247.229959997115657, 4679879.576581177301705 ], [ 334247.229959997115657, 4682449.222351443953812 ], [ 335853.258566413656808, 4682449.222351443953812 ] ] ] } },
{ "type": "Feature", "properties": { "tile_name": "K-35-062-2_Rakovski_x4032_y1792.png", "map_name": "K-35-062-2_Rakovski" }, "geometry": { "type": "Polygon", "coordinates": [ [ [ 335853.258566413656808, 4680200.782302460633218 ], [ 335853.258566413656808, 4679558.370859893970191 ], [ 335853.258566413656808, 4678915.959417327307165 ], [ 335853.258566413656808, 4677631.136532193981111 ], [ 334247.229959997115657, 4677631.136532193981111 ], [ 334247.229959997115657, 4680200.782302460633218 ], [ 335853.258566413656808, 4680200.782302460633218 ] ] ] } },
{ "type": "Feature", "properties": { "tile_name": "K-35-062-2_Rakovski_x4032_y2240.png", "map_name": "K-35-062-2_Rakovski" }, "geometry": { "type": "Polygon", "coordinates": [ [ [ 335853.258566413656808, 4677952.342253477312624 ], [ 335853.258566413656808, 4677631.136532193981111 ], [ 335853.258566413656808, 4676988.725089627318084 ], [ 335853.258566413656808, 4675703.902204493992031 ], [ 335853.258566413656808, 4675382.696483210660517 ], [ 334247.229959997115657, 4675382.696483210660517 ], [ 334247.229959997115657, 4677952.342253477312624 ], [ 335853.258566413656808, 4677952.342253477312624 ] ] ] } },
{ "type": "Feature", "properties": { "tile_name": "K-35-062-2_Rakovski_x4032_y2688.png", "map_name": "K-35-062-2_Rakovski" }, "geometry": { "type": "Polygon", "coordinates": [ [ [ 335853.258566413656808, 4675703.902204493992031 ], [ 335853.258566413656808, 4675061.490761927329004 ], [ 335853.258566413656808, 4673776.667876794934273 ], [ 335853.258566413656808, 4673134.256434227339923 ], [ 334247.229959997115657, 4673134.256434227339923 ], [ 334247.229959997115657, 4675703.902204493992031 ], [ 335853.258566413656808, 4675703.902204493992031 ] ] ] } },
{ "type": "Feature", "properties": { "tile_name": "K-35-062-2_Rakovski_x4032_y3136.png", "map_name": "K-35-062-2_Rakovski" }, "geometry": { "type": "Polygon", "coordinates": [ [ [ 335853.258566413656808, 4673455.462155511602759 ], [ 335853.258566413656808, 4673134.256434227339923 ], [ 335853.258566413656808, 4671849.433549094945192 ], [ 335853.258566413656808, 4671207.022106528282166 ], [ 335853.258566413656808, 4670885.816385244950652 ], [ 334247.229959997115657, 4670885.816385244950652 ], [ 334247.229959997115657, 4673455.462155511602759 ], [ 335853.258566413656808, 4673455.462155511602759 ] ] ] } },
{ "type": "Feature", "properties": { "tile_name": "K-35-062-2_Rakovski_x4032_y3584.png", "map_name": "K-35-062-2_Rakovski" }, "geometry": { "type": "Polygon", "coordinates": [ [ [ 335853.258566413656808, 4671207.022106528282166 ], [ 335853.258566413656808, 4669279.787778828293085 ], [ 334247.229959997115657, 4669279.787778828293085 ], [ 334247.229959997115657, 4671207.022106528282166 ], [ 335853.258566413656808, 4671207.022106528282166 ] ] ] } },
{ "type": "Feature", "properties": { "tile_name": "K-35-062-2_Rakovski_x4032_y448.png", "map_name": "K-35-062-2_Rakovski" }, "geometry": { "type": "Polygon", "coordinates": [ [ [ 335853.258566413656808, 4686946.102449409663677 ], [ 335853.258566413656808, 4686624.896728126332164 ], [ 335853.258566413656808, 4685340.073842993937433 ], [ 335853.258566413656808, 4684697.662400426343083 ], [ 335853.258566413656808, 4684376.45667914301157 ], [ 334247.229959997115657, 4684376.45667914301157 ], [ 334247.229959997115657, 4686946.102449409663677 ], [ 335853.258566413656808, 4686946.102449409663677 ] ] ] } },
{ "type": "Feature", "properties": { "tile_name": "K-35-062-2_Rakovski_x4032_y896.png", "map_name": "K-35-062-2_Rakovski" }, "geometry": { "type": "Polygon", "coordinates": [ [ [ 335853.258566413656808, 4684697.662400427274406 ], [ 335853.258566413656808, 4684697.662400426343083 ], [ 335853.258566413656808, 4683412.839515293948352 ], [ 335853.258566413656808, 4682770.428072727285326 ], [ 335853.258566413656808, 4682128.016630160622299 ], [ 334247.229959997115657, 4682128.016630160622299 ], [ 334247.229959997115657, 4684697.662400427274406 ], [ 335853.258566413656808, 4684697.662400427274406 ] ] ] } },
{ "type": "Feature", "properties": { "tile_name": "K-35-062-2_Rakovski_x448_y0.png", "map_name": "K-35-062-2_Rakovski" }, "geometry": { "type": "Polygon", "coordinates": [ [ [ 316580.915289415337611, 4689194.542498392984271 ], [ 317865.738174548547249, 4689194.542498392984271 ], [ 317865.738174548605457, 4689194.542498392984271 ], [ 318508.149617115152068, 4689194.542498392984271 ], [ 318508.149617115210276, 4689194.542498392984271 ], [ 318829.355338398483582, 4689194.542498392984271 ], [ 318829.355338398483582, 4686624.896728126332164 ], [ 316259.709568132064305, 4686624.896728126332164 ], [ 316259.709568132064305, 4689194.542498392984271 ], [ 316580.915289415337611, 4689194.542498392984271 ] ] ] } },
{ "type": "Feature", "properties": { "tile_name": "K-35-062-2_Rakovski_x448_y1344.png", "map_name": "K-35-062-2_Rakovski" }, "geometry": { "type": "Polygon", "coordinates": [ [ [ 318829.355338398483582, 4682449.222351443953812 ], [ 318829.355338398483582, 4679879.576581177301705 ], [ 316259.709568132064305, 4679879.576581177301705 ], [ 316259.709568132064305, 4682449.222351443953812 ], [ 318829.355338398483582, 4682449.222351443953812 ] ] ] } },
{ "type": "Feature", "properties": { "tile_name": "K-35-062-2_Rakovski_x448_y1792.png", "map_name": "K-35-062-2_Rakovski" }, "geometry": { "type": "Polygon", "coordinates": [ [ [ 318829.355338398483582, 4680200.782302460633218 ], [ 318829.355338398483582, 4677631.136532193981111 ], [ 316259.709568132064305, 4677631.136532193981111 ], [ 316259.709568132064305, 4677952.342253477312624 ], [ 316259.709568132064305, 4679879.576581177301705 ], [ 316259.709568132064305, 4680200.782302460633218 ], [ 318829.355338398483582, 4680200.782302460633218 ] ] ] } },
{ "type": "Feature", "properties": { "tile_name": "K-35-062-2_Rakovski_x448_y2240.png", "map_name": "K-35-062-2_Rakovski" }, "geometry": { "type": "Polygon", "coordinates": [ [ [ 318829.355338398483582, 4677952.342253477312624 ], [ 318829.355338398483582, 4675382.696483210660517 ], [ 318508.149617115210276, 4675382.696483210660517 ], [ 316580.915289415337611, 4675382.696483210660517 ], [ 316259.709568132064305, 4675382.696483210660517 ], [ 316259.709568132064305, 4677952.342253477312624 ], [ 318829.355338398483582, 4677952.342253477312624 ] ] ] } },
{ "type": "Feature", "properties": { "tile_name": "K-35-062-2_Rakovski_x448_y3136.png", "map_name": "K-35-062-2_Rakovski" }, "geometry": { "type": "Polygon", "coordinates": [ [ [ 316580.915289415337611, 4673455.462155511602759 ], [ 318508.149617115152068, 4673455.462155511602759 ], [ 318508.149617115152068, 4671849.433549094945192 ], [ 318829.355338398483582, 4671849.433549094945192 ], [ 318829.355338398483582, 4671207.022106528282166 ], [ 318829.355338398483582, 4670885.816385244950652 ], [ 316259.709568132064305, 4670885.816385244950652 ], [ 316259.709568132064305, 4671207.022106528282166 ], [ 316259.709568132064305, 4673134.256434227339923 ], [ 316259.709568132064305, 4673455.462155511602759 ], [ 316580.915289415337611, 4673455.462155511602759 ] ] ] } },
{ "type": "Feature", "properties": { "tile_name": "K-35-062-2_Rakovski_x448_y3584.png", "map_name": "K-35-062-2_Rakovski" }, "geometry": { "type": "Polygon", "coordinates": [ [ [ 318829.355338398483582, 4671207.022106528282166 ], [ 318829.355338398483582, 4669279.787778828293085 ], [ 318508.149617115152068, 4669279.787778828293085 ], [ 317865.738174548605457, 4669279.787778828293085 ], [ 316580.915289415337611, 4669279.787778828293085 ], [ 316259.709568132064305, 4669279.787778828293085 ], [ 316259.709568132064305, 4671207.022106528282166 ], [ 318829.355338398483582, 4671207.022106528282166 ] ] ] } },
{ "type": "Feature", "properties": { "tile_name": "K-35-062-2_Rakovski_x448_y448.png", "map_name": "K-35-062-2_Rakovski" }, "geometry": { "type": "Polygon", "coordinates": [ [ [ 318829.355338398483582, 4686946.102449409663677 ], [ 318829.355338398483582, 4684376.45667914301157 ], [ 316259.709568132064305, 4684376.45667914301157 ], [ 316259.709568132064305, 4686946.102449409663677 ], [ 318829.355338398483582, 4686946.102449409663677 ] ] ] } },
{ "type": "Feature", "properties": { "tile_name": "K-35-062-2_Rakovski_x448_y896.png", "map_name": "K-35-062-2_Rakovski" }, "geometry": { "type": "Polygon", "coordinates": [ [ [ 318829.355338398483582, 4684697.662400427274406 ], [ 318829.355338398483582, 4682128.016630160622299 ], [ 316259.709568132064305, 4682128.016630160622299 ], [ 316259.709568132064305, 4684697.662400427274406 ], [ 318829.355338398483582, 4684697.662400427274406 ] ] ] } },
{ "type": "Feature", "properties": { "tile_name": "K-35-062-2_Rakovski_x896_y0.png", "map_name": "K-35-062-2_Rakovski" }, "geometry": { "type": "Polygon", "coordinates": [ [ [ 318829.355338398483582, 4689194.542498392984271 ], [ 319150.561059681756888, 4689194.542498392984271 ], [ 319150.561059681815095, 4689194.542498392984271 ], [ 319792.972502248419914, 4689194.542498392984271 ], [ 320435.383944815024734, 4689194.542498392984271 ], [ 320756.589666098298039, 4689194.542498392984271 ], [ 321077.795387381629553, 4689194.542498392984271 ], [ 321077.795387381629553, 4686624.896728126332164 ], [ 318508.149617115210276, 4686624.896728126332164 ], [ 318508.149617115210276, 4689194.542498392984271 ], [ 318829.355338398483582, 4689194.542498392984271 ] ] ] } },
{ "type": "Feature", "properties": { "tile_name": "K-35-062-2_Rakovski_x896_y1344.png", "map_name": "K-35-062-2_Rakovski" }, "geometry": { "type": "Polygon", "coordinates": [ [ [ 321077.795387381629553, 4682449.222351443953812 ], [ 321077.795387381629553, 4679879.576581177301705 ], [ 318508.149617115210276, 4679879.576581177301705 ], [ 318508.149617115210276, 4682449.222351443953812 ], [ 321077.795387381629553, 4682449.222351443953812 ] ] ] } },
{ "type": "Feature", "properties": { "tile_name": "K-35-062-2_Rakovski_x896_y1792.png", "map_name": "K-35-062-2_Rakovski" }, "geometry": { "type": "Polygon", "coordinates": [ [ [ 321077.795387381629553, 4680200.782302460633218 ], [ 321077.795387381629553, 4677631.136532193981111 ], [ 318508.149617115210276, 4677631.136532193981111 ], [ 318508.149617115210276, 4680200.782302460633218 ], [ 321077.795387381629553, 4680200.782302460633218 ] ] ] } },
{ "type": "Feature", "properties": { "tile_name": "K-35-062-2_Rakovski_x896_y2240.png", "map_name": "K-35-062-2_Rakovski" }, "geometry": { "type": "Polygon", "coordinates": [ [ [ 321077.795387381629553, 4677952.342253477312624 ], [ 321077.795387381629553, 4675382.696483210660517 ], [ 320756.589666098298039, 4675382.696483210660517 ], [ 318829.355338398483582, 4675382.696483210660517 ], [ 318508.149617115210276, 4675382.696483210660517 ], [ 318508.149617115210276, 4677952.342253477312624 ], [ 321077.795387381629553, 4677952.342253477312624 ] ] ] } },
{ "type": "Feature", "properties": { "tile_name": "K-35-062-2_Rakovski_x896_y3584.png", "map_name": "K-35-062-2_Rakovski" }, "geometry": { "type": "Polygon", "coordinates": [ [ [ 318829.355338398483582, 4671207.022106528282166 ], [ 320756.589666098298039, 4671207.022106528282166 ], [ 321077.795387381629553, 4671207.022106528282166 ], [ 321077.795387381629553, 4669279.787778828293085 ], [ 320435.383944815024734, 4669279.787778828293085 ], [ 319792.972502248419914, 4669279.787778828293085 ], [ 318508.149617115210276, 4669279.787778828293085 ], [ 318508.149617115210276, 4671207.022106528282166 ], [ 318829.355338398483582, 4671207.022106528282166 ] ] ] } },
{ "type": "Feature", "properties": { "tile_name": "K-35-062-2_Rakovski_x896_y448.png", "map_name": "K-35-062-2_Rakovski" }, "geometry": { "type": "Polygon", "coordinates": [ [ [ 321077.795387381629553, 4686946.102449409663677 ], [ 321077.795387381629553, 4684376.45667914301157 ], [ 318508.149617115210276, 4684376.45667914301157 ], [ 318508.149617115210276, 4686946.102449409663677 ], [ 321077.795387381629553, 4686946.102449409663677 ] ] ] } },
{ "type": "Feature", "properties": { "tile_name": "K-35-062-2_Rakovski_x896_y896.png", "map_name": "K-35-062-2_Rakovski" }, "geometry": { "type": "Polygon", "coordinates": [ [ [ 321077.795387381629553, 4684697.662400427274406 ], [ 321077.795387381629553, 4682128.016630160622299 ], [ 318508.149617115210276, 4682128.016630160622299 ], [ 318508.149617115210276, 4684697.662400427274406 ], [ 321077.795387381629553, 4684697.662400427274406 ] ] ] } },
{ "type": "Feature", "properties": { "tile_name": "K-35-078-1_Lesovo_x0_y0.png", "map_name": "K-35-078-1_Lesovo" }, "geometry": { "type": "Polygon", "coordinates": [ [ [ 459641.930840354645625, 4649852.411821395158768 ], [ 460285.959278233407531, 4649852.411821395158768 ], [ 460607.973497172817588, 4649852.411821395158768 ], [ 460929.987716112169437, 4649852.411821395158768 ], [ 460929.987716112169437, 4647276.298069880343974 ], [ 458353.873964597121812, 4647276.298069880343974 ], [ 458353.873964597121812, 4647598.312288818880916 ], [ 458353.873964597121812, 4647920.32650775834918 ], [ 458353.873964597121812, 4648564.354945637285709 ], [ 458353.873964597121812, 4649852.411821395158768 ], [ 459641.930840354645625, 4649852.411821395158768 ] ] ] } },
{ "type": "Feature", "properties": { "tile_name": "K-35-078-1_Lesovo_x0_y1344.png", "map_name": "K-35-078-1_Lesovo" }, "geometry": { "type": "Polygon", "coordinates": [ [ [ 460929.987716112169437, 4643090.113223668187857 ], [ 460929.987716112169437, 4640513.999472153373063 ], [ 458353.873964597121812, 4640513.999472153373063 ], [ 458353.873964597121812, 4640836.013691091910005 ], [ 458353.873964597121812, 4640836.013691092841327 ], [ 458353.873964597121812, 4641480.042128970846534 ], [ 458353.873964597121812, 4642124.070566849783063 ], [ 458353.873964597121812, 4642768.099004728719592 ], [ 458353.873964597121812, 4643090.113223668187857 ], [ 460929.987716112169437, 4643090.113223668187857 ] ] ] } },
{ "type": "Feature", "properties": { "tile_name": "K-35-078-1_Lesovo_x0_y1792.png", "map_name": "K-35-078-1_Lesovo" }, "geometry": { "type": "Polygon", "coordinates": [ [ [ 460929.987716112169437, 4640836.013691091910005 ], [ 460929.987716112169437, 4638259.899939577095211 ], [ 458353.873964597121812, 4638259.899939577095211 ], [ 458353.873964597121812, 4638581.914158516563475 ], [ 458353.873964597121812, 4639547.956815334968269 ], [ 458353.873964597121812, 4640191.985253213904798 ], [ 458353.873964597121812, 4640513.999472153373063 ], [ 458353.873964597121812, 4640836.013691091910005 ], [ 460929.987716112169437, 4640836.013691091910005 ] ] ] } },
{ "type": "Feature", "properties": { "tile_name": "K-35-078-1_Lesovo_x0_y2240.png", "map_name": "K-35-078-1_Lesovo" }, "geometry": { "type": "Polygon", "coordinates": [ [ [ 460929.987716112169437, 4638581.914158516563475 ], [ 460929.987716112169437, 4636005.800407001748681 ], [ 458353.873964597121812, 4636005.800407001748681 ], [ 458353.873964597121812, 4636327.814625941216946 ], [ 458353.873964597121812, 4636971.843063819222152 ], [ 458353.873964597121812, 4636971.843063820153475 ], [ 458353.873964597121812, 4637615.871501699090004 ], [ 458353.873964597121812, 4638259.899939577095211 ], [ 458353.873964597121812, 4638581.914158516563475 ], [ 460929.987716112169437, 4638581.914158516563475 ] ] ] } },
{ "type": "Feature", "properties": { "tile_name": "K-35-078-1_Lesovo_x0_y2688.png", "map_name": "K-35-078-1_Lesovo" }, "geometry": { "type": "Polygon", "coordinates": [ [ [ 460929.987716112169437, 4636327.814625941216946 ], [ 460929.987716112169437, 4633751.700874426402152 ], [ 458353.873964597121812, 4633751.700874426402152 ], [ 458353.873964597121812, 4634073.715093364939094 ], [ 458353.873964597121812, 4634395.729312304407358 ], [ 458353.873964597121812, 4635683.786188062280416 ], [ 458353.873964597121812, 4636005.800407001748681 ], [ 458353.873964597121812, 4636327.814625941216946 ], [ 460929.987716112169437, 4636327.814625941216946 ] ] ] } },
{ "type": "Feature", "properties": { "tile_name": "K-35-078-1_Lesovo_x0_y3136.png", "map_name": "K-35-078-1_Lesovo" }, "geometry": { "type": "Polygon", "coordinates": [ [ [ 460929.987716112169437, 4634073.715093364939094 ], [ 460929.987716112169437, 4631497.6013418501243 ], [ 458353.873964597121812, 4631497.6013418501243 ], [ 458353.873964597121812, 4631819.615560789592564 ], [ 458353.873964597121812, 4632463.643998668529093 ], [ 458353.873964597121812, 4633107.672436547465622 ], [ 458353.873964597121812, 4633751.700874426402152 ], [ 458353.873964597121812, 4634073.715093364939094 ], [ 460929.987716112169437, 4634073.715093364939094 ] ] ] } },
{ "type": "Feature", "properties": { "tile_name": "K-35-078-1_Lesovo_x0_y3584.png", "map_name": "K-35-078-1_Lesovo" }, "geometry": { "type": "Polygon", "coordinates": [ [ [ 460929.987716112169437, 4631819.615560789592564 ], [ 460929.987716112169437, 4629887.530247153714299 ], [ 460285.959278233407531, 4629887.530247153714299 ], [ 458353.873964597121812, 4629887.530247153714299 ], [ 458353.873964597121812, 4630531.558685032650828 ], [ 458353.873964597121812, 4631497.6013418501243 ], [ 458353.873964597121812, 4631819.615560789592564 ], [ 460929.987716112169437, 4631819.615560789592564 ] ] ] } },
{ "type": "Feature", "properties": { "tile_name": "K-35-078-1_Lesovo_x0_y448.png", "map_name": "K-35-078-1_Lesovo" }, "geometry": { "type": "Polygon", "coordinates": [ [ [ 460929.987716112169437, 4647598.312288818880916 ], [ 460929.987716112169437, 4645022.198537304066122 ], [ 458353.873964597121812, 4645022.198537304066122 ], [ 458353.873964597121812, 4645344.212756243534386 ], [ 458353.873964597121812, 4645988.241194122470915 ], [ 458353.873964597121812, 4647276.298069879412651 ], [ 458353.873964597121812, 4647276.298069880343974 ], [ 458353.873964597121812, 4647598.312288818880916 ], [ 460929.987716112169437, 4647598.312288818880916 ] ] ] } },
{ "type": "Feature", "properties": { "tile_name": "K-35-078-1_Lesovo_x0_y896.png", "map_name": "K-35-078-1_Lesovo" }, "geometry": { "type": "Polygon", "coordinates": [ [ [ 460929.987716112169437, 4645344.212756243534386 ], [ 460929.987716112169437, 4642768.099004728719592 ], [ 458353.873964597121812, 4642768.099004728719592 ], [ 458353.873964597121812, 4643090.113223668187857 ], [ 458353.873964597121812, 4643412.127442607656121 ], [ 458353.873964597121812, 4644056.155880485661328 ], [ 458353.873964597121812, 4644700.184318364597857 ], [ 458353.873964597121812, 4645022.198537304066122 ], [ 458353.873964597121812, 4645344.212756243534386 ], [ 460929.987716112169437, 4645344.212756243534386 ] ] ] } },
{ "type": "Feature", "properties": { "tile_name": "K-35-078-1_Lesovo_x1344_y1344.png", "map_name": "K-35-078-1_Lesovo" }, "geometry": { "type": "Polygon", "coordinates": [ [ [ 465438.18678126350278, 4643090.113223668187857 ], [ 467370.272094899788499, 4643090.113223668187857 ], [ 467692.286313839198556, 4643090.113223668187857 ], [ 467692.286313839198556, 4640513.999472153373063 ], [ 465116.172562324150931, 4640513.999472153373063 ], [ 465116.172562324150931, 4643090.113223668187857 ], [ 465438.18678126350278, 4643090.113223668187857 ] ] ] } },
{ "type": "Feature", "properties": { "tile_name": "K-35-078-1_Lesovo_x1344_y1792.png", "map_name": "K-35-078-1_Lesovo" }, "geometry": { "type": "Polygon", "coordinates": [ [ [ 467692.286313839198556, 4640836.013691091910005 ], [ 467692.286313839198556, 4638259.899939577095211 ], [ 465116.172562324150931, 4638259.899939577095211 ], [ 465116.172562324150931, 4640836.013691091910005 ], [ 467692.286313839198556, 4640836.013691091910005 ] ] ] } },
{ "type": "Feature", "properties": { "tile_name": "K-35-078-1_Lesovo_x1344_y2240.png", "map_name": "K-35-078-1_Lesovo" }, "geometry": { "type": "Polygon", "coordinates": [ [ [ 467692.286313839198556, 4638581.914158516563475 ], [ 467692.286313839198556, 4636005.800407001748681 ], [ 465116.172562324150931, 4636005.800407001748681 ], [ 465116.172562324150931, 4638581.914158516563475 ], [ 467692.286313839198556, 4638581.914158516563475 ] ] ] } },
{ "type": "Feature", "properties": { "tile_name": "K-35-078-1_Lesovo_x1344_y2688.png", "map_name": "K-35-078-1_Lesovo" }, "geometry": { "type": "Polygon", "coordinates": [ [ [ 467692.286313839198556, 4636327.814625941216946 ], [ 467692.286313839198556, 4633751.700874426402152 ], [ 465116.172562324150931, 4633751.700874426402152 ], [ 465116.172562324150931, 4636327.814625941216946 ], [ 467692.286313839198556, 4636327.814625941216946 ] ] ] } },
{ "type": "Feature", "properties": { "tile_name": "K-35-078-1_Lesovo_x1344_y3136.png", "map_name": "K-35-078-1_Lesovo" }, "geometry": { "type": "Polygon", "coordinates": [ [ [ 467692.286313839198556, 4634073.715093364939094 ], [ 467692.286313839198556, 4631497.6013418501243 ], [ 465116.172562324150931, 4631497.6013418501243 ], [ 465116.172562324150931, 4631819.615560789592564 ], [ 465116.172562324150931, 4633751.700874426402152 ], [ 465116.172562324150931, 4634073.715093364939094 ], [ 467692.286313839198556, 4634073.715093364939094 ] ] ] } },
{ "type": "Feature", "properties": { "tile_name": "K-35-078-1_Lesovo_x1344_y3584.png", "map_name": "K-35-078-1_Lesovo" }, "geometry": { "type": "Polygon", "coordinates": [ [ [ 467692.286313839198556, 4631819.615560789592564 ], [ 467692.286313839198556, 4629887.530247153714299 ], [ 466726.243657021026593, 4629887.530247153714299 ], [ 466082.215219142264687, 4629887.530247153714299 ], [ 465116.172562324150931, 4629887.530247153714299 ], [ 465116.172562324150931, 4631819.615560789592564 ], [ 467692.286313839198556, 4631819.615560789592564 ] ] ] } },
{ "type": "Feature", "properties": { "tile_name": "K-35-078-1_Lesovo_x1344_y448.png", "map_name": "K-35-078-1_Lesovo" }, "geometry": { "type": "Polygon", "coordinates": [ [ [ 465438.18678126350278, 4647598.312288818880916 ], [ 467370.272094899788499, 4647598.312288818880916 ], [ 467692.286313839198556, 4647598.312288818880916 ], [ 467692.286313839198556, 4645022.198537304066122 ], [ 467370.272094899788499, 4645022.198537304066122 ], [ 465438.18678126350278, 4645022.198537304066122 ], [ 465116.172562324150931, 4645022.198537304066122 ], [ 465116.172562324150931, 4647598.312288818880916 ], [ 465438.18678126350278, 4647598.312288818880916 ] ] ] } },
{ "type": "Feature", "properties": { "tile_name": "K-35-078-1_Lesovo_x1792_y0.png", "map_name": "K-35-078-1_Lesovo" }, "geometry": { "type": "Polygon", "coordinates": [ [ [ 468014.300532778550405, 4649852.411821395158768 ], [ 468658.328970657312311, 4649852.411821395158768 ], [ 469624.371627475484274, 4649852.411821395158768 ], [ 469946.385846414836124, 4649852.411821395158768 ], [ 469946.385846414836124, 4647276.298069880343974 ], [ 467370.272094899788499, 4647276.298069880343974 ], [ 467370.272094899788499, 4647598.312288818880916 ], [ 467370.272094899788499, 4649852.411821395158768 ], [ 468014.300532778550405, 4649852.411821395158768 ] ] ] } },
{ "type": "Feature", "properties": { "tile_name": "K-35-078-1_Lesovo_x1792_y1344.png", "map_name": "K-35-078-1_Lesovo" }, "geometry": { "type": "Polygon", "coordinates": [ [ [ 469946.385846414836124, 4643090.113223668187857 ], [ 469946.385846414836124, 4640513.999472153373063 ], [ 467370.272094899788499, 4640513.999472153373063 ], [ 467370.272094899788499, 4643090.113223668187857 ], [ 469946.385846414836124, 4643090.113223668187857 ] ] ] } },
{ "type": "Feature", "properties": { "tile_name": "K-35-078-1_Lesovo_x1792_y1792.png", "map_name": "K-35-078-1_Lesovo" }, "geometry": { "type": "Polygon", "coordinates": [ [ [ 469946.385846414836124, 4640836.013691091910005 ], [ 469946.385846414836124, 4638259.899939577095211 ], [ 467370.272094899788499, 4638259.899939577095211 ], [ 467370.272094899788499, 4640836.013691091910005 ], [ 469946.385846414836124, 4640836.013691091910005 ] ] ] } },
{ "type": "Feature", "properties": { "tile_name": "K-35-078-1_Lesovo_x1792_y2240.png", "map_name": "K-35-078-1_Lesovo" }, "geometry": { "type": "Polygon", "coordinates": [ [ [ 469946.385846414836124, 4638581.914158516563475 ], [ 469946.385846414836124, 4636005.800407001748681 ], [ 467370.272094899788499, 4636005.800407001748681 ], [ 467370.272094899788499, 4638581.914158516563475 ], [ 469946.385846414836124, 4638581.914158516563475 ] ] ] } },
{ "type": "Feature", "properties": { "tile_name": "K-35-078-1_Lesovo_x1792_y2688.png", "map_name": "K-35-078-1_Lesovo" }, "geometry": { "type": "Polygon", "coordinates": [ [ [ 469946.385846414836124, 4636327.814625941216946 ], [ 469946.385846414836124, 4633751.700874426402152 ], [ 467370.272094899788499, 4633751.700874426402152 ], [ 467370.272094899788499, 4636327.814625941216946 ], [ 469946.385846414836124, 4636327.814625941216946 ] ] ] } },
{ "type": "Feature", "properties": { "tile_name": "K-35-078-1_Lesovo_x1792_y3136.png", "map_name": "K-35-078-1_Lesovo" }, "geometry": { "type": "Polygon", "coordinates": [ [ [ 469946.385846414836124, 4634073.715093364939094 ], [ 469946.385846414836124, 4631497.6013418501243 ], [ 467370.272094899788499, 4631497.6013418501243 ], [ 467370.272094899788499, 4634073.715093364939094 ], [ 469946.385846414836124, 4634073.715093364939094 ] ] ] } },
{ "type": "Feature", "properties": { "tile_name": "K-35-078-1_Lesovo_x1792_y3584.png", "map_name": "K-35-078-1_Lesovo" }, "geometry": { "type": "Polygon", "coordinates": [ [ [ 469946.385846414836124, 4631819.615560789592564 ], [ 469946.385846414836124, 4629887.530247153714299 ], [ 468658.328970657312311, 4629887.530247153714299 ], [ 468014.300532778550405, 4629887.530247153714299 ], [ 467370.272094899788499, 4629887.530247153714299 ], [ 467370.272094899788499, 4631819.615560789592564 ], [ 469946.385846414836124, 4631819.615560789592564 ] ] ] } },
{ "type": "Feature", "properties": { "tile_name": "K-35-078-1_Lesovo_x1792_y448.png", "map_name": "K-35-078-1_Lesovo" }, "geometry": { "type": "Polygon", "coordinates": [ [ [ 469946.385846414836124, 4647598.312288818880916 ], [ 469946.385846414836124, 4645022.198537304066122 ], [ 467370.272094899788499, 4645022.198537304066122 ], [ 467370.272094899788499, 4647598.312288818880916 ], [ 469946.385846414836124, 4647598.312288818880916 ] ] ] } },
{ "type": "Feature", "properties": { "tile_name": "K-35-078-1_Lesovo_x1792_y896.png", "map_name": "K-35-078-1_Lesovo" }, "geometry": { "type": "Polygon", "coordinates": [ [ [ 469946.385846414836124, 4645344.212756243534386 ], [ 469946.385846414836124, 4642768.099004728719592 ], [ 467370.272094899788499, 4642768.099004728719592 ], [ 467370.272094899788499, 4643090.113223668187857 ], [ 467370.272094899788499, 4645022.198537304066122 ], [ 467370.272094899788499, 4645344.212756243534386 ], [ 469946.385846414836124, 4645344.212756243534386 ] ] ] } },
{ "type": "Feature", "properties": { "tile_name": "K-35-078-1_Lesovo_x2240_y0.png", "map_name": "K-35-078-1_Lesovo" }, "geometry": { "type": "Polygon", "coordinates": [ [ [ 469946.385846414836124, 4649852.411821395158768 ], [ 470590.41428429359803, 4649852.411821395158768 ], [ 471234.442722172359936, 4649852.411821395158768 ], [ 471878.471160051121842, 4649852.411821395158768 ], [ 472200.485378990531899, 4649852.411821395158768 ], [ 472200.485378990531899, 4647276.298069880343974 ], [ 469624.371627475484274, 4647276.298069880343974 ], [ 469624.371627475484274, 4649852.411821395158768 ], [ 469946.385846414836124, 4649852.411821395158768 ] ] ] } },
{ "type": "Feature", "properties": { "tile_name": "K-35-078-1_Lesovo_x2240_y1344.png", "map_name": "K-35-078-1_Lesovo" }, "geometry": { "type": "Polygon", "coordinates": [ [ [ 472200.485378990531899, 4643090.113223668187857 ], [ 472200.485378990531899, 4640513.999472153373063 ], [ 469624.371627475484274, 4640513.999472153373063 ], [ 469624.371627475484274, 4643090.113223668187857 ], [ 472200.485378990531899, 4643090.113223668187857 ] ] ] } },
{ "type": "Feature", "properties": { "tile_name": "K-35-078-1_Lesovo_x2240_y1792.png", "map_name": "K-35-078-1_Lesovo" }, "geometry": { "type": "Polygon", "coordinates": [ [ [ 472200.485378990531899, 4640836.013691091910005 ], [ 472200.485378990531899, 4638259.899939577095211 ], [ 469624.371627475484274, 4638259.899939577095211 ], [ 469624.371627475484274, 4640836.013691091910005 ], [ 472200.485378990531899, 4640836.013691091910005 ] ] ] } },
{ "type": "Feature", "properties": { "tile_name": "K-35-078-1_Lesovo_x2240_y2240.png", "map_name": "K-35-078-1_Lesovo" }, "geometry": { "type": "Polygon", "coordinates": [ [ [ 472200.485378990531899, 4638581.914158516563475 ], [ 472200.485378990531899, 4636005.800407001748681 ], [ 469624.371627475484274, 4636005.800407001748681 ], [ 469624.371627475484274, 4638581.914158516563475 ], [ 472200.485378990531899, 4638581.914158516563475 ] ] ] } },
{ "type": "Feature", "properties": { "tile_name": "K-35-078-1_Lesovo_x2240_y2688.png", "map_name": "K-35-078-1_Lesovo" }, "geometry": { "type": "Polygon", "coordinates": [ [ [ 472200.485378990531899, 4636327.814625941216946 ], [ 472200.485378990531899, 4633751.700874426402152 ], [ 469624.371627475484274, 4633751.700874426402152 ], [ 469624.371627475484274, 4636327.814625941216946 ], [ 472200.485378990531899, 4636327.814625941216946 ] ] ] } },
{ "type": "Feature", "properties": { "tile_name": "K-35-078-1_Lesovo_x2240_y3136.png", "map_name": "K-35-078-1_Lesovo" }, "geometry": { "type": "Polygon", "coordinates": [ [ [ 472200.485378990531899, 4634073.715093364939094 ], [ 472200.485378990531899, 4631497.6013418501243 ], [ 469624.371627475484274, 4631497.6013418501243 ], [ 469624.371627475484274, 4634073.715093364939094 ], [ 472200.485378990531899, 4634073.715093364939094 ] ] ] } },
{ "type": "Feature", "properties": { "tile_name": "K-35-078-1_Lesovo_x2240_y3584.png", "map_name": "K-35-078-1_Lesovo" }, "geometry": { "type": "Polygon", "coordinates": [ [ [ 472200.485378990531899, 4631819.615560789592564 ], [ 472200.485378990531899, 4629887.530247153714299 ], [ 471878.471160051121842, 4629887.530247153714299 ], [ 470590.41428429359803, 4629887.530247153714299 ], [ 469946.385846414836124, 4629887.530247153714299 ], [ 469624.371627475484274, 4629887.530247153714299 ], [ 469624.371627475484274, 4631819.615560789592564 ], [ 472200.485378990531899, 4631819.615560789592564 ] ] ] } },
{ "type": "Feature", "properties": { "tile_name": "K-35-078-1_Lesovo_x2240_y448.png", "map_name": "K-35-078-1_Lesovo" }, "geometry": { "type": "Polygon", "coordinates": [ [ [ 472200.485378990531899, 4647598.312288818880916 ], [ 472200.485378990531899, 4645022.198537304066122 ], [ 469624.371627475484274, 4645022.198537304066122 ], [ 469624.371627475484274, 4647598.312288818880916 ], [ 472200.485378990531899, 4647598.312288818880916 ] ] ] } },
{ "type": "Feature", "properties": { "tile_name": "K-35-078-1_Lesovo_x2240_y896.png", "map_name": "K-35-078-1_Lesovo" }, "geometry": { "type": "Polygon", "coordinates": [ [ [ 472200.485378990531899, 4645344.212756243534386 ], [ 472200.485378990531899, 4642768.099004728719592 ], [ 469624.371627475484274, 4642768.099004728719592 ], [ 469624.371627475484274, 4645344.212756243534386 ], [ 472200.485378990531899, 4645344.212756243534386 ] ] ] } },
{ "type": "Feature", "properties": { "tile_name": "K-35-078-1_Lesovo_x2688_y0.png", "map_name": "K-35-078-1_Lesovo" }, "geometry": { "type": "Polygon", "coordinates": [ [ [ 472200.485378990531899, 4649852.411821395158768 ], [ 472522.499597929883748, 4649852.411821395158768 ], [ 473810.556473687407561, 4649852.411821395158768 ], [ 474132.570692626817618, 4649852.411821395158768 ], [ 474454.584911566169467, 4649852.411821395158768 ], [ 474454.584911566169467, 4647276.298069880343974 ], [ 471878.471160051121842, 4647276.298069880343974 ], [ 471878.471160051121842, 4649852.411821395158768 ], [ 472200.485378990531899, 4649852.411821395158768 ] ] ] } },
{ "type": "Feature", "properties": { "tile_name": "K-35-078-1_Lesovo_x2688_y1344.png", "map_name": "K-35-078-1_Lesovo" }, "geometry": { "type": "Polygon", "coordinates": [ [ [ 474454.584911566169467, 4643090.113223668187857 ], [ 474454.584911566169467, 4640513.999472153373063 ], [ 471878.471160051121842, 4640513.999472153373063 ], [ 471878.471160051121842, 4643090.113223668187857 ], [ 474454.584911566169467, 4643090.113223668187857 ] ] ] } },
{ "type": "Feature", "properties": { "tile_name": "K-35-078-1_Lesovo_x2688_y1792.png", "map_name": "K-35-078-1_Lesovo" }, "geometry": { "type": "Polygon", "coordinates": [ [ [ 474454.584911566169467, 4640836.013691091910005 ], [ 474454.584911566169467, 4638259.899939577095211 ], [ 471878.471160051121842, 4638259.899939577095211 ], [ 471878.471160051121842, 4640836.013691091910005 ], [ 474454.584911566169467, 4640836.013691091910005 ] ] ] } },
{ "type": "Feature", "properties": { "tile_name": "K-35-078-1_Lesovo_x2688_y2240.png", "map_name": "K-35-078-1_Lesovo" }, "geometry": { "type": "Polygon", "coordinates": [ [ [ 474454.584911566169467, 4638581.914158516563475 ], [ 474454.584911566169467, 4636005.800407001748681 ], [ 471878.471160051121842, 4636005.800407001748681 ], [ 471878.471160051121842, 4638581.914158516563475 ], [ 474454.584911566169467, 4638581.914158516563475 ] ] ] } },
{ "type": "Feature", "properties": { "tile_name": "K-35-078-1_Lesovo_x2688_y2688.png", "map_name": "K-35-078-1_Lesovo" }, "geometry": { "type": "Polygon", "coordinates": [ [ [ 474454.584911566169467, 4636327.814625941216946 ], [ 474454.584911566169467, 4636005.800407001748681 ], [ 474454.584911566169467, 4635683.786188062280416 ], [ 474454.584911566169467, 4634395.729312304407358 ], [ 474454.584911566169467, 4634073.715093364939094 ], [ 474454.584911566169467, 4633751.700874426402152 ], [ 471878.471160051121842, 4633751.700874426402152 ], [ 471878.471160051121842, 4636327.814625941216946 ], [ 474454.584911566169467, 4636327.814625941216946 ] ] ] } },
{ "type": "Feature", "properties": { "tile_name": "K-35-078-1_Lesovo_x2688_y3136.png", "map_name": "K-35-078-1_Lesovo" }, "geometry": { "type": "Polygon", "coordinates": [ [ [ 474454.584911566169467, 4634073.715093364939094 ], [ 474454.584911566169467, 4631497.6013418501243 ], [ 471878.471160051121842, 4631497.6013418501243 ], [ 471878.471160051121842, 4634073.715093364939094 ], [ 474454.584911566169467, 4634073.715093364939094 ] ] ] } },
{ "type": "Feature", "properties": { "tile_name": "K-35-078-1_Lesovo_x2688_y3584.png", "map_name": "K-35-078-1_Lesovo" }, "geometry": { "type": "Polygon", "coordinates": [ [ [ 474454.584911566169467, 4631819.615560789592564 ], [ 474454.584911566169467, 4629887.530247153714299 ], [ 473810.556473687407561, 4629887.530247153714299 ], [ 472522.499597929883748, 4629887.530247153714299 ], [ 471878.471160051121842, 4629887.530247153714299 ], [ 471878.471160051121842, 4631819.615560789592564 ], [ 474454.584911566169467, 4631819.615560789592564 ] ] ] } },
{ "type": "Feature", "properties": { "tile_name": "K-35-078-1_Lesovo_x2688_y448.png", "map_name": "K-35-078-1_Lesovo" }, "geometry": { "type": "Polygon", "coordinates": [ [ [ 474454.584911566169467, 4647598.312288818880916 ], [ 474454.584911566169467, 4645022.198537304066122 ], [ 471878.471160051121842, 4645022.198537304066122 ], [ 471878.471160051121842, 4647598.312288818880916 ], [ 474454.584911566169467, 4647598.312288818880916 ] ] ] } },
{ "type": "Feature", "properties": { "tile_name": "K-35-078-1_Lesovo_x2688_y896.png", "map_name": "K-35-078-1_Lesovo" }, "geometry": { "type": "Polygon", "coordinates": [ [ [ 474454.584911566169467, 4645344.212756243534386 ], [ 474454.584911566169467, 4642768.099004728719592 ], [ 471878.471160051121842, 4642768.099004728719592 ], [ 471878.471160051121842, 4645344.212756243534386 ], [ 474454.584911566169467, 4645344.212756243534386 ] ] ] } },
{ "type": "Feature", "properties": { "tile_name": "K-35-078-1_Lesovo_x3136_y0.png", "map_name": "K-35-078-1_Lesovo" }, "geometry": { "type": "Polygon", "coordinates": [ [ [ 474454.584911566169467, 4649852.411821395158768 ], [ 475098.613349444931373, 4649852.411821395158768 ], [ 475742.641787323693279, 4649852.411821395158768 ], [ 476386.670225202455185, 4649852.411821395158768 ], [ 476708.684444141865242, 4649852.411821395158768 ], [ 476708.684444141865242, 4647276.298069880343974 ], [ 474132.570692626817618, 4647276.298069880343974 ], [ 474132.570692626817618, 4649852.411821395158768 ], [ 474454.584911566169467, 4649852.411821395158768 ] ] ] } },
{ "type": "Feature", "properties": { "tile_name": "K-35-078-1_Lesovo_x3136_y1344.png", "map_name": "K-35-078-1_Lesovo" }, "geometry": { "type": "Polygon", "coordinates": [ [ [ 476708.684444141865242, 4643090.113223668187857 ], [ 476708.684444141865242, 4640513.999472153373063 ], [ 474132.570692626817618, 4640513.999472153373063 ], [ 474132.570692626817618, 4643090.113223668187857 ], [ 476708.684444141865242, 4643090.113223668187857 ] ] ] } },
{ "type": "Feature", "properties": { "tile_name": "K-35-078-1_Lesovo_x3136_y1792.png", "map_name": "K-35-078-1_Lesovo" }, "geometry": { "type": "Polygon", "coordinates": [ [ [ 476708.684444141865242, 4640836.013691091910005 ], [ 476708.684444141865242, 4638259.899939577095211 ], [ 474132.570692626817618, 4638259.899939577095211 ], [ 474132.570692626817618, 4640836.013691091910005 ], [ 476708.684444141865242, 4640836.013691091910005 ] ] ] } },
{ "type": "Feature", "properties": { "tile_name": "K-35-078-1_Lesovo_x3136_y2240.png", "map_name": "K-35-078-1_Lesovo" }, "geometry": { "type": "Polygon", "coordinates": [ [ [ 476708.684444141865242, 4638581.914158516563475 ], [ 476708.684444141865242, 4636005.800407001748681 ], [ 476386.670225202455185, 4636005.800407001748681 ], [ 474454.584911566169467, 4636005.800407001748681 ], [ 474132.570692626817618, 4636005.800407001748681 ], [ 474132.570692626817618, 4638581.914158516563475 ], [ 476708.684444141865242, 4638581.914158516563475 ] ] ] } },
{ "type": "Feature", "properties": { "tile_name": "K-35-078-1_Lesovo_x3136_y3136.png", "map_name": "K-35-078-1_Lesovo" }, "geometry": { "type": "Polygon", "coordinates": [ [ [ 474454.584911566169467, 4634073.715093364939094 ], [ 476386.670225202455185, 4634073.715093364939094 ], [ 476708.684444141865242, 4634073.715093364939094 ], [ 476708.684444141865242, 4633751.700874426402152 ], [ 476708.684444141865242, 4631819.615560789592564 ], [ 476708.684444141865242, 4631497.6013418501243 ], [ 474132.570692626817618, 4631497.6013418501243 ], [ 474132.570692626817618, 4634073.715093364939094 ], [ 474454.584911566169467, 4634073.715093364939094 ] ] ] } },
{ "type": "Feature", "properties": { "tile_name": "K-35-078-1_Lesovo_x3136_y3584.png", "map_name": "K-35-078-1_Lesovo" }, "geometry": { "type": "Polygon", "coordinates": [ [ [ 476708.684444141865242, 4631819.615560789592564 ], [ 476708.684444141865242, 4629887.530247153714299 ], [ 476386.670225202455185, 4629887.530247153714299 ], [ 475742.641787323693279, 4629887.530247153714299 ], [ 474454.584911566169467, 4629887.530247153714299 ], [ 474132.570692626817618, 4629887.530247153714299 ], [ 474132.570692626817618, 4631819.615560789592564 ], [ 476708.684444141865242, 4631819.615560789592564 ] ] ] } },
{ "type": "Feature", "properties": { "tile_name": "K-35-078-1_Lesovo_x3136_y448.png", "map_name": "K-35-078-1_Lesovo" }, "geometry": { "type": "Polygon", "coordinates": [ [ [ 476708.684444141865242, 4647598.312288818880916 ], [ 476708.684444141865242, 4645022.198537304066122 ], [ 474132.570692626817618, 4645022.198537304066122 ], [ 474132.570692626817618, 4647598.312288818880916 ], [ 476708.684444141865242, 4647598.312288818880916 ] ] ] } },
{ "type": "Feature", "properties": { "tile_name": "K-35-078-1_Lesovo_x3136_y896.png", "map_name": "K-35-078-1_Lesovo" }, "geometry": { "type": "Polygon", "coordinates": [ [ [ 476708.684444141865242, 4645344.212756243534386 ], [ 476708.684444141865242, 4642768.099004728719592 ], [ 474132.570692626817618, 4642768.099004728719592 ], [ 474132.570692626817618, 4645344.212756243534386 ], [ 476708.684444141865242, 4645344.212756243534386 ] ] ] } },
{ "type": "Feature", "properties": { "tile_name": "K-35-078-1_Lesovo_x3584_y0.png", "map_name": "K-35-078-1_Lesovo" }, "geometry": { "type": "Polygon", "coordinates": [ [ [ 476708.684444141865242, 4649852.411821395158768 ], [ 477674.727100959978998, 4649852.411821395158768 ], [ 478318.755538838740904, 4649852.411821395158768 ], [ 478640.769757778150961, 4649852.411821395158768 ], [ 478962.78397671750281, 4649852.411821395158768 ], [ 478962.78397671750281, 4647276.298069880343974 ], [ 476386.670225202455185, 4647276.298069880343974 ], [ 476386.670225202455185, 4649852.411821395158768 ], [ 476708.684444141865242, 4649852.411821395158768 ] ] ] } },
{ "type": "Feature", "properties": { "tile_name": "K-35-078-1_Lesovo_x3584_y1344.png", "map_name": "K-35-078-1_Lesovo" }, "geometry": { "type": "Polygon", "coordinates": [ [ [ 478962.78397671750281, 4643090.113223668187857 ], [ 478962.78397671750281, 4640513.999472153373063 ], [ 476386.670225202455185, 4640513.999472153373063 ], [ 476386.670225202455185, 4643090.113223668187857 ], [ 478962.78397671750281, 4643090.113223668187857 ] ] ] } },
{ "type": "Feature", "properties": { "tile_name": "K-35-078-1_Lesovo_x3584_y1792.png", "map_name": "K-35-078-1_Lesovo" }, "geometry": { "type": "Polygon", "coordinates": [ [ [ 478962.78397671750281, 4640836.013691091910005 ], [ 478962.78397671750281, 4638259.899939577095211 ], [ 476386.670225202455185, 4638259.899939577095211 ], [ 476386.670225202455185, 4640836.013691091910005 ], [ 478962.78397671750281, 4640836.013691091910005 ] ] ] } },
{ "type": "Feature", "properties": { "tile_name": "K-35-078-1_Lesovo_x3584_y2240.png", "map_name": "K-35-078-1_Lesovo" }, "geometry": { "type": "Polygon", "coordinates": [ [ [ 478962.78397671750281, 4638581.914158516563475 ], [ 478962.78397671750281, 4636005.800407001748681 ], [ 476386.670225202455185, 4636005.800407001748681 ], [ 476386.670225202455185, 4638581.914158516563475 ], [ 478962.78397671750281, 4638581.914158516563475 ] ] ] } },
{ "type": "Feature", "properties": { "tile_name": "K-35-078-1_Lesovo_x3584_y2688.png", "map_name": "K-35-078-1_Lesovo" }, "geometry": { "type": "Polygon", "coordinates": [ [ [ 478962.78397671750281, 4636327.814625941216946 ], [ 478962.78397671750281, 4633751.700874426402152 ], [ 478640.769757778150961, 4633751.700874426402152 ], [ 476708.684444141865242, 4633751.700874426402152 ], [ 476386.670225202455185, 4633751.700874426402152 ], [ 476386.670225202455185, 4634073.715093364939094 ], [ 476386.670225202455185, 4636005.800407001748681 ], [ 476386.670225202455185, 4636327.814625941216946 ], [ 478962.78397671750281, 4636327.814625941216946 ] ] ] } },
{ "type": "Feature", "properties": { "tile_name": "K-35-078-1_Lesovo_x3584_y3584.png", "map_name": "K-35-078-1_Lesovo" }, "geometry": { "type": "Polygon", "coordinates": [ [ [ 476708.684444141865242, 4631819.615560789592564 ], [ 478640.769757778150961, 4631819.615560789592564 ], [ 478962.78397671750281, 4631819.615560789592564 ], [ 478962.78397671750281, 4629887.530247153714299 ], [ 478318.755538838740904, 4629887.530247153714299 ], [ 477674.727100959978998, 4629887.530247153714299 ], [ 476386.670225202455185, 4629887.530247153714299 ], [ 476386.670225202455185, 4631819.615560789592564 ], [ 476708.684444141865242, 4631819.615560789592564 ] ] ] } },
{ "type": "Feature", "properties": { "tile_name": "K-35-078-1_Lesovo_x3584_y448.png", "map_name": "K-35-078-1_Lesovo" }, "geometry": { "type": "Polygon", "coordinates": [ [ [ 478962.78397671750281, 4647598.312288818880916 ], [ 478962.78397671750281, 4645022.198537304066122 ], [ 476386.670225202455185, 4645022.198537304066122 ], [ 476386.670225202455185, 4647598.312288818880916 ], [ 478962.78397671750281, 4647598.312288818880916 ] ] ] } },
{ "type": "Feature", "properties": { "tile_name": "K-35-078-1_Lesovo_x3584_y896.png", "map_name": "K-35-078-1_Lesovo" }, "geometry": { "type": "Polygon", "coordinates": [ [ [ 478962.78397671750281, 4645344.212756243534386 ], [ 478962.78397671750281, 4642768.099004728719592 ], [ 476386.670225202455185, 4642768.099004728719592 ], [ 476386.670225202455185, 4645344.212756243534386 ], [ 478962.78397671750281, 4645344.212756243534386 ] ] ] } },
{ "type": "Feature", "properties": { "tile_name": "K-35-078-1_Lesovo_x4032_y0.png", "map_name": "K-35-078-1_Lesovo" }, "geometry": { "type": "Polygon", "coordinates": [ [ [ 478962.78397671750281, 4649852.411821395158768 ], [ 480250.840852475026622, 4649852.411821395158768 ], [ 480250.840852475026622, 4647920.32650775834918 ], [ 480250.840852475026622, 4647276.298069880343974 ], [ 478640.769757778150961, 4647276.298069880343974 ], [ 478640.769757778150961, 4649852.411821395158768 ], [ 478962.78397671750281, 4649852.411821395158768 ] ] ] } },
{ "type": "Feature", "properties": { "tile_name": "K-35-078-1_Lesovo_x4032_y1344.png", "map_name": "K-35-078-1_Lesovo" }, "geometry": { "type": "Polygon", "coordinates": [ [ [ 480250.840852475026622, 4643090.113223668187857 ], [ 480250.840852475026622, 4642124.070566849783063 ], [ 480250.840852475026622, 4641480.042128970846534 ], [ 480250.840852475026622, 4640513.999472153373063 ], [ 478640.769757778150961, 4640513.999472153373063 ], [ 478640.769757778150961, 4643090.113223668187857 ], [ 480250.840852475026622, 4643090.113223668187857 ] ] ] } },
{ "type": "Feature", "properties": { "tile_name": "K-35-078-1_Lesovo_x4032_y1792.png", "map_name": "K-35-078-1_Lesovo" }, "geometry": { "type": "Polygon", "coordinates": [ [ [ 480250.840852475026622, 4640836.013691091910005 ], [ 480250.840852475026622, 4640191.985253213904798 ], [ 480250.840852475026622, 4639547.956815334968269 ], [ 480250.840852475026622, 4638259.899939577095211 ], [ 478640.769757778150961, 4638259.899939577095211 ], [ 478640.769757778150961, 4640836.013691091910005 ], [ 480250.840852475026622, 4640836.013691091910005 ] ] ] } },
{ "type": "Feature", "properties": { "tile_name": "K-35-078-1_Lesovo_x4032_y2240.png", "map_name": "K-35-078-1_Lesovo" }, "geometry": { "type": "Polygon", "coordinates": [ [ [ 480250.840852475026622, 4638581.914158516563475 ], [ 480250.840852475026622, 4638259.899939577095211 ], [ 480250.840852475026622, 4637615.871501699090004 ], [ 480250.840852475026622, 4636327.814625941216946 ], [ 480250.840852475026622, 4636005.800407001748681 ], [ 478640.769757778150961, 4636005.800407001748681 ], [ 478640.769757778150961, 4638581.914158516563475 ], [ 480250.840852475026622, 4638581.914158516563475 ] ] ] } },
{ "type": "Feature", "properties": { "tile_name": "K-35-078-1_Lesovo_x4032_y2688.png", "map_name": "K-35-078-1_Lesovo" }, "geometry": { "type": "Polygon", "coordinates": [ [ [ 480250.840852475026622, 4636327.814625941216946 ], [ 480250.840852475026622, 4635683.786188062280416 ], [ 480250.840852475026622, 4634395.729312304407358 ], [ 480250.840852475026622, 4633751.700874426402152 ], [ 478640.769757778150961, 4633751.700874426402152 ], [ 478640.769757778150961, 4636327.814625941216946 ], [ 480250.840852475026622, 4636327.814625941216946 ] ] ] } },
{ "type": "Feature", "properties": { "tile_name": "K-35-078-1_Lesovo_x4032_y3136.png", "map_name": "K-35-078-1_Lesovo" }, "geometry": { "type": "Polygon", "coordinates": [ [ [ 480250.840852475026622, 4634073.715093364939094 ], [ 480250.840852475026622, 4633751.700874426402152 ], [ 480250.840852475026622, 4632463.643998668529093 ], [ 480250.840852475026622, 4631819.615560789592564 ], [ 480250.840852475026622, 4631497.6013418501243 ], [ 478640.769757778150961, 4631497.6013418501243 ], [ 478640.769757778150961, 4631819.615560789592564 ], [ 478640.769757778150961, 4633751.700874426402152 ], [ 478640.769757778150961, 4634073.715093364939094 ], [ 480250.840852475026622, 4634073.715093364939094 ] ] ] } },
{ "type": "Feature", "properties": { "tile_name": "K-35-078-1_Lesovo_x4032_y3584.png", "map_name": "K-35-078-1_Lesovo" }, "geometry": { "type": "Polygon", "coordinates": [ [ [ 480250.840852475026622, 4631819.615560789592564 ], [ 480250.840852475026622, 4629887.530247153714299 ], [ 478640.769757778150961, 4629887.530247153714299 ], [ 478640.769757778150961, 4631819.615560789592564 ], [ 480250.840852475026622, 4631819.615560789592564 ] ] ] } },
{ "type": "Feature", "properties": { "tile_name": "K-35-078-1_Lesovo_x4032_y448.png", "map_name": "K-35-078-1_Lesovo" }, "geometry": { "type": "Polygon", "coordinates": [ [ [ 480250.840852475026622, 4647598.312288818880916 ], [ 480250.840852475026622, 4647276.298069880343974 ], [ 480250.840852475026622, 4645988.241194122470915 ], [ 480250.840852475026622, 4645344.212756243534386 ], [ 480250.840852475026622, 4645022.198537304066122 ], [ 478640.769757778150961, 4645022.198537304066122 ], [ 478640.769757778150961, 4647598.312288818880916 ], [ 480250.840852475026622, 4647598.312288818880916 ] ] ] } },
{ "type": "Feature", "properties": { "tile_name": "K-35-078-1_Lesovo_x4032_y896.png", "map_name": "K-35-078-1_Lesovo" }, "geometry": { "type": "Polygon", "coordinates": [ [ [ 480250.840852475026622, 4645344.212756243534386 ], [ 480250.840852475026622, 4644056.155880485661328 ], [ 480250.840852475026622, 4643412.127442607656121 ], [ 480250.840852475026622, 4642768.099004728719592 ], [ 478640.769757778150961, 4642768.099004728719592 ], [ 478640.769757778150961, 4645344.212756243534386 ], [ 480250.840852475026622, 4645344.212756243534386 ] ] ] } },
{ "type": "Feature", "properties": { "tile_name": "K-35-078-1_Lesovo_x448_y0.png", "map_name": "K-35-078-1_Lesovo" }, "geometry": { "type": "Polygon", "coordinates": [ [ [ 460929.987716112169437, 4649852.411821395158768 ], [ 462218.044591869693249, 4649852.411821395158768 ], [ 462862.073029748455156, 4649852.411821395158768 ], [ 463184.087248687865213, 4649852.411821395158768 ], [ 463184.087248687865213, 4647276.298069880343974 ], [ 460607.973497172817588, 4647276.298069880343974 ], [ 460607.973497172817588, 4649852.411821395158768 ], [ 460929.987716112169437, 4649852.411821395158768 ] ] ] } },
{ "type": "Feature", "properties": { "tile_name": "K-35-078-1_Lesovo_x448_y1344.png", "map_name": "K-35-078-1_Lesovo" }, "geometry": { "type": "Polygon", "coordinates": [ [ [ 463184.087248687865213, 4643090.113223668187857 ], [ 463184.087248687865213, 4640513.999472153373063 ], [ 460607.973497172817588, 4640513.999472153373063 ], [ 460607.973497172817588, 4643090.113223668187857 ], [ 463184.087248687865213, 4643090.113223668187857 ] ] ] } },
{ "type": "Feature", "properties": { "tile_name": "K-35-078-1_Lesovo_x448_y1792.png", "map_name": "K-35-078-1_Lesovo" }, "geometry": { "type": "Polygon", "coordinates": [ [ [ 463184.087248687865213, 4640836.013691091910005 ], [ 463184.087248687865213, 4638259.899939577095211 ], [ 460607.973497172817588, 4638259.899939577095211 ], [ 460607.973497172817588, 4640836.013691091910005 ], [ 463184.087248687865213, 4640836.013691091910005 ] ] ] } },
{ "type": "Feature", "properties": { "tile_name": "K-35-078-1_Lesovo_x448_y2240.png", "map_name": "K-35-078-1_Lesovo" }, "geometry": { "type": "Polygon", "coordinates": [ [ [ 463184.087248687865213, 4638581.914158516563475 ], [ 463184.087248687865213, 4636005.800407001748681 ], [ 460607.973497172817588, 4636005.800407001748681 ], [ 460607.973497172817588, 4638581.914158516563475 ], [ 463184.087248687865213, 4638581.914158516563475 ] ] ] } },
{ "type": "Feature", "properties": { "tile_name": "K-35-078-1_Lesovo_x448_y2688.png", "map_name": "K-35-078-1_Lesovo" }, "geometry": { "type": "Polygon", "coordinates": [ [ [ 463184.087248687865213, 4636327.814625941216946 ], [ 463184.087248687865213, 4633751.700874426402152 ], [ 460607.973497172817588, 4633751.700874426402152 ], [ 460607.973497172817588, 4636327.814625941216946 ], [ 463184.087248687865213, 4636327.814625941216946 ] ] ] } },
{ "type": "Feature", "properties": { "tile_name": "K-35-078-1_Lesovo_x448_y3136.png", "map_name": "K-35-078-1_Lesovo" }, "geometry": { "type": "Polygon", "coordinates": [ [ [ 463184.087248687865213, 4634073.715093364939094 ], [ 463184.087248687865213, 4633751.700874426402152 ], [ 463184.087248687865213, 4631819.615560789592564 ], [ 463184.087248687865213, 4631497.6013418501243 ], [ 460607.973497172817588, 4631497.6013418501243 ], [ 460607.973497172817588, 4634073.715093364939094 ], [ 463184.087248687865213, 4634073.715093364939094 ] ] ] } },
{ "type": "Feature", "properties": { "tile_name": "K-35-078-1_Lesovo_x448_y3584.png", "map_name": "K-35-078-1_Lesovo" }, "geometry": { "type": "Polygon", "coordinates": [ [ [ 463184.087248687865213, 4631819.615560789592564 ], [ 463184.087248687865213, 4629887.530247153714299 ], [ 462862.073029748455156, 4629887.530247153714299 ], [ 462218.044591869693249, 4629887.530247153714299 ], [ 460929.987716112169437, 4629887.530247153714299 ], [ 460607.973497172817588, 4629887.530247153714299 ], [ 460607.973497172817588, 4631819.615560789592564 ], [ 463184.087248687865213, 4631819.615560789592564 ] ] ] } },
{ "type": "Feature", "properties": { "tile_name": "K-35-078-1_Lesovo_x448_y448.png", "map_name": "K-35-078-1_Lesovo" }, "geometry": { "type": "Polygon", "coordinates": [ [ [ 463184.087248687865213, 4647598.312288818880916 ], [ 463184.087248687865213, 4645022.198537304066122 ], [ 460607.973497172817588, 4645022.198537304066122 ], [ 460607.973497172817588, 4647598.312288818880916 ], [ 463184.087248687865213, 4647598.312288818880916 ] ] ] } },
{ "type": "Feature", "properties": { "tile_name": "K-35-078-1_Lesovo_x448_y896.png", "map_name": "K-35-078-1_Lesovo" }, "geometry": { "type": "Polygon", "coordinates": [ [ [ 463184.087248687865213, 4645344.212756243534386 ], [ 463184.087248687865213, 4642768.099004728719592 ], [ 460607.973497172817588, 4642768.099004728719592 ], [ 460607.973497172817588, 4645344.212756243534386 ], [ 463184.087248687865213, 4645344.212756243534386 ] ] ] } },
{ "type": "Feature", "properties": { "tile_name": "K-35-078-1_Lesovo_x896_y0.png", "map_name": "K-35-078-1_Lesovo" }, "geometry": { "type": "Polygon", "coordinates": [ [ [ 463184.087248687865213, 4649852.411821395158768 ], [ 463506.101467627217062, 4649852.411821395158768 ], [ 464150.129905505978968, 4649852.411821395158768 ], [ 464794.158343384740874, 4649852.411821395158768 ], [ 465438.18678126350278, 4649852.411821395158768 ], [ 465438.18678126350278, 4647598.312288818880916 ], [ 465438.18678126350278, 4647276.298069880343974 ], [ 462862.073029748455156, 4647276.298069880343974 ], [ 462862.073029748455156, 4649852.411821395158768 ], [ 463184.087248687865213, 4649852.411821395158768 ] ] ] } },
{ "type": "Feature", "properties": { "tile_name": "K-35-078-1_Lesovo_x896_y1344.png", "map_name": "K-35-078-1_Lesovo" }, "geometry": { "type": "Polygon", "coordinates": [ [ [ 465438.18678126350278, 4643090.113223668187857 ], [ 465438.18678126350278, 4640513.999472153373063 ], [ 462862.073029748455156, 4640513.999472153373063 ], [ 462862.073029748455156, 4643090.113223668187857 ], [ 465438.18678126350278, 4643090.113223668187857 ] ] ] } },
{ "type": "Feature", "properties": { "tile_name": "K-35-078-1_Lesovo_x896_y1792.png", "map_name": "K-35-078-1_Lesovo" }, "geometry": { "type": "Polygon", "coordinates": [ [ [ 465438.18678126350278, 4640836.013691091910005 ], [ 465438.18678126350278, 4638259.899939577095211 ], [ 462862.073029748455156, 4638259.899939577095211 ], [ 462862.073029748455156, 4640836.013691091910005 ], [ 465438.18678126350278, 4640836.013691091910005 ] ] ] } },
{ "type": "Feature", "properties": { "tile_name": "K-35-078-1_Lesovo_x896_y2240.png", "map_name": "K-35-078-1_Lesovo" }, "geometry": { "type": "Polygon", "coordinates": [ [ [ 465438.18678126350278, 4638581.914158516563475 ], [ 465438.18678126350278, 4636005.800407001748681 ], [ 462862.073029748455156, 4636005.800407001748681 ], [ 462862.073029748455156, 4638581.914158516563475 ], [ 465438.18678126350278, 4638581.914158516563475 ] ] ] } },
{ "type": "Feature", "properties": { "tile_name": "K-35-078-1_Lesovo_x896_y2688.png", "map_name": "K-35-078-1_Lesovo" }, "geometry": { "type": "Polygon", "coordinates": [ [ [ 465438.18678126350278, 4636327.814625941216946 ], [ 465438.18678126350278, 4633751.700874426402152 ], [ 465116.172562324150931, 4633751.700874426402152 ], [ 463184.087248687865213, 4633751.700874426402152 ], [ 462862.073029748455156, 4633751.700874426402152 ], [ 462862.073029748455156, 4636327.814625941216946 ], [ 465438.18678126350278, 4636327.814625941216946 ] ] ] } },
{ "type": "Feature", "properties": { "tile_name": "K-35-078-1_Lesovo_x896_y3584.png", "map_name": "K-35-078-1_Lesovo" }, "geometry": { "type": "Polygon", "coordinates": [ [ [ 463184.087248687865213, 4631819.615560789592564 ], [ 465116.172562324150931, 4631819.615560789592564 ], [ 465438.18678126350278, 4631819.615560789592564 ], [ 465438.18678126350278, 4629887.530247153714299 ], [ 464794.158343384740874, 4629887.530247153714299 ], [ 464150.129905505978968, 4629887.530247153714299 ], [ 462862.073029748455156, 4629887.530247153714299 ], [ 462862.073029748455156, 4631819.615560789592564 ], [ 463184.087248687865213, 4631819.615560789592564 ] ] ] } },
{ "type": "Feature", "properties": { "tile_name": "K-35-078-1_Lesovo_x896_y448.png", "map_name": "K-35-078-1_Lesovo" }, "geometry": { "type": "Polygon", "coordinates": [ [ [ 465438.18678126350278, 4647598.312288818880916 ], [ 465438.18678126350278, 4645022.198537304066122 ], [ 462862.073029748455156, 4645022.198537304066122 ], [ 462862.073029748455156, 4647598.312288818880916 ], [ 465438.18678126350278, 4647598.312288818880916 ] ] ] } },
{ "type": "Feature", "properties": { "tile_name": "K-35-078-1_Lesovo_x896_y896.png", "map_name": "K-35-078-1_Lesovo" }, "geometry": { "type": "Polygon", "coordinates": [ [ [ 465438.18678126350278, 4645344.212756243534386 ], [ 465438.18678126350278, 4645022.198537304066122 ], [ 465438.18678126350278, 4643090.113223668187857 ], [ 465438.18678126350278, 4642768.099004728719592 ], [ 462862.073029748455156, 4642768.099004728719592 ], [ 462862.073029748455156, 4645344.212756243534386 ], [ 465438.18678126350278, 4645344.212756243534386 ] ] ] } }
]
}
