2026-04-26 00:43:19,803 - INFO - __main__ - build_tiered_leaderboard.py v1.0.0 — git b4b67486
2026-04-26 00:43:19,807 - INFO - __main__ - Resolved 29 conditions from inventory (era=2, track=None)
2026-04-26 00:43:19,807 - INFO - __main__ - Resolved 29 conditions
2026-04-26 00:43:19,807 - INFO - __main__ - Skipping evaluation (--skip-evaluation)
2026-04-26 00:43:19,835 - INFO - __main__ - Threshold selection at 20m; pairwise + tiering at 40m (Option A semantics)
2026-04-26 00:43:19,835 - INFO - __main__ - Top-N filter disabled (top_n=0); including all 29 conditions
2026-04-26 00:43:19,835 - INFO - __main__ - Selected 29 conditions (best F1=0.836 at 20m)
2026-04-26 00:43:19,858 - INFO - __main__ - Pairwise tests (f1): 406 pairs at 40m (10000 permutations, 8 workers)
2026-04-26 00:43:19,912 - WARNING - pairwise_permutation_test - GeoJSON lacks source_tile — will assign via spatial join
2026-04-26 00:43:19,912 - WARNING - pairwise_permutation_test - GeoJSON lacks source_tile — will assign via spatial join
2026-04-26 00:43:19,912 - WARNING - pairwise_permutation_test - GeoJSON lacks source_tile — will assign via spatial join
2026-04-26 00:43:19,912 - INFO - pairwise_permutation_test - GeoJSON: 357 detections from consensus_t6.geojson
2026-04-26 00:43:19,912 - INFO - pairwise_permutation_test - GeoJSON: 357 detections from consensus_t6.geojson
2026-04-26 00:43:19,912 - INFO - pairwise_permutation_test - GeoJSON: 357 detections from consensus_t6.geojson
2026-04-26 00:43:19,913 - WARNING - pairwise_permutation_test - GeoJSON lacks source_tile — will assign via spatial join
2026-04-26 00:43:19,913 - INFO - pairwise_permutation_test - GeoJSON: 357 detections from consensus_t6.geojson
2026-04-26 00:43:19,913 - WARNING - pairwise_permutation_test - GeoJSON lacks source_tile — will assign via spatial join
2026-04-26 00:43:19,913 - INFO - pairwise_permutation_test - GeoJSON: 357 detections from consensus_t6.geojson
2026-04-26 00:43:19,914 - WARNING - pairwise_permutation_test - GeoJSON lacks source_tile — will assign via spatial join
2026-04-26 00:43:19,914 - INFO - pairwise_permutation_test - GeoJSON: 357 detections from consensus_t6.geojson
2026-04-26 00:43:19,914 - WARNING - pairwise_permutation_test - GeoJSON lacks source_tile — will assign via spatial join
2026-04-26 00:43:19,914 - INFO - pairwise_permutation_test - GeoJSON: 357 detections from consensus_t6.geojson
2026-04-26 00:43:19,915 - WARNING - pairwise_permutation_test - GeoJSON lacks source_tile — will assign via spatial join
2026-04-26 00:43:19,915 - INFO - pairwise_permutation_test - GeoJSON: 357 detections from consensus_t6.geojson
2026-04-26 00:43:19,923 - WARNING - pairwise_permutation_test - GeoJSON lacks source_tile — will assign via spatial join
2026-04-26 00:43:19,923 - WARNING - pairwise_permutation_test - GeoJSON lacks source_tile — will assign via spatial join
2026-04-26 00:43:19,923 - INFO - pairwise_permutation_test - GeoJSON: 409 detections from consensus_t10.geojson
2026-04-26 00:43:19,923 - INFO - pairwise_permutation_test - GeoJSON: 409 detections from consensus_t10.geojson
2026-04-26 00:43:19,923 - WARNING - pairwise_permutation_test - GeoJSON lacks source_tile — will assign via spatial join
2026-04-26 00:43:19,923 - INFO - pairwise_permutation_test - GeoJSON: 433 detections from consensus_t6.geojson
2026-04-26 00:43:19,923 - WARNING - pairwise_permutation_test - GeoJSON lacks source_tile — will assign via spatial join
2026-04-26 00:43:19,923 - INFO - pairwise_permutation_test - GeoJSON: 405 detections from consensus_t7.geojson
2026-04-26 00:43:19,925 - WARNING - pairwise_permutation_test - GeoJSON lacks source_tile — will assign via spatial join
2026-04-26 00:43:19,925 - WARNING - pairwise_permutation_test - GeoJSON lacks source_tile — will assign via spatial join
2026-04-26 00:43:19,925 - INFO - pairwise_permutation_test - GeoJSON: 414 detections from consensus_t9.geojson
2026-04-26 00:43:19,925 - INFO - pairwise_permutation_test - GeoJSON: 414 detections from consensus_t9.geojson
2026-04-26 00:43:19,925 - WARNING - pairwise_permutation_test - GeoJSON lacks source_tile — will assign via spatial join
2026-04-26 00:43:19,925 - INFO - pairwise_permutation_test - GeoJSON: 403 detections from consensus_t6.geojson
2026-04-26 00:43:19,926 - WARNING - pairwise_permutation_test - GeoJSON lacks source_tile — will assign via spatial join
2026-04-26 00:43:19,926 - INFO - pairwise_permutation_test - GeoJSON: 415 detections from consensus_t26.geojson
2026-04-26 00:43:20,832 - WARNING - pairwise_permutation_test - GeoJSON lacks source_tile — will assign via spatial join
2026-04-26 00:43:20,832 - INFO - pairwise_permutation_test - GeoJSON: 357 detections from consensus_t6.geojson
2026-04-26 00:43:20,839 - WARNING - pairwise_permutation_test - GeoJSON lacks source_tile — will assign via spatial join
2026-04-26 00:43:20,839 - INFO - pairwise_permutation_test - GeoJSON: 357 detections from consensus_t6.geojson
2026-04-26 00:43:20,840 - WARNING - pairwise_permutation_test - GeoJSON lacks source_tile — will assign via spatial join
2026-04-26 00:43:20,840 - INFO - pairwise_permutation_test - GeoJSON: 357 detections from consensus_t6.geojson
2026-04-26 00:43:20,840 - WARNING - pairwise_permutation_test - GeoJSON lacks source_tile — will assign via spatial join
2026-04-26 00:43:20,840 - INFO - pairwise_permutation_test - GeoJSON: 357 detections from consensus_t6.geojson
2026-04-26 00:43:20,840 - WARNING - pairwise_permutation_test - GeoJSON lacks source_tile — will assign via spatial join
2026-04-26 00:43:20,840 - INFO - pairwise_permutation_test - GeoJSON: 361 detections from consensus_t9.geojson
2026-04-26 00:43:20,842 - WARNING - pairwise_permutation_test - GeoJSON lacks source_tile — will assign via spatial join
2026-04-26 00:43:20,842 - INFO - pairwise_permutation_test - GeoJSON: 357 detections from consensus_t6.geojson
2026-04-26 00:43:20,844 - WARNING - pairwise_permutation_test - GeoJSON lacks source_tile — will assign via spatial join
2026-04-26 00:43:20,844 - INFO - pairwise_permutation_test - GeoJSON: 357 detections from consensus_t6.geojson
2026-04-26 00:43:20,847 - WARNING - pairwise_permutation_test - GeoJSON lacks source_tile — will assign via spatial join
2026-04-26 00:43:20,847 - INFO - pairwise_permutation_test - GeoJSON: 461 detections from consensus_t5.geojson
2026-04-26 00:43:20,848 - WARNING - pairwise_permutation_test - GeoJSON lacks source_tile — will assign via spatial join
2026-04-26 00:43:20,848 - INFO - pairwise_permutation_test - GeoJSON: 471 detections from consensus_t3.geojson
2026-04-26 00:43:20,850 - WARNING - pairwise_permutation_test - GeoJSON lacks source_tile — will assign via spatial join
2026-04-26 00:43:20,850 - INFO - pairwise_permutation_test - GeoJSON: 494 detections from consensus_t8.geojson
2026-04-26 00:43:20,850 - WARNING - pairwise_permutation_test - GeoJSON lacks source_tile — will assign via spatial join
2026-04-26 00:43:20,850 - INFO - pairwise_permutation_test - GeoJSON: 357 detections from consensus_t6.geojson
2026-04-26 00:43:20,851 - WARNING - pairwise_permutation_test - GeoJSON lacks source_tile — will assign via spatial join
2026-04-26 00:43:20,851 - INFO - pairwise_permutation_test - GeoJSON: 567 detections from consensus_t3.geojson
2026-04-26 00:43:20,852 - WARNING - pairwise_permutation_test - GeoJSON lacks source_tile — will assign via spatial join
2026-04-26 00:43:20,852 - INFO - pairwise_permutation_test - GeoJSON: 357 detections from consensus_t6.geojson
2026-04-26 00:43:20,854 - WARNING - pairwise_permutation_test - GeoJSON lacks source_tile — will assign via spatial join
2026-04-26 00:43:20,854 - INFO - pairwise_permutation_test - GeoJSON: 549 detections from consensus_t9.geojson
2026-04-26 00:43:20,861 - WARNING - pairwise_permutation_test - GeoJSON lacks source_tile — will assign via spatial join
2026-04-26 00:43:20,861 - INFO - pairwise_permutation_test - GeoJSON: 549 detections from consensus_t9.geojson
2026-04-26 00:43:20,866 - WARNING - pairwise_permutation_test - GeoJSON lacks source_tile — will assign via spatial join
2026-04-26 00:43:20,866 - INFO - pairwise_permutation_test - GeoJSON: 530 detections from consensus_t29.geojson
2026-04-26 00:43:21,730 - WARNING - pairwise_permutation_test - GeoJSON lacks source_tile — will assign via spatial join
2026-04-26 00:43:21,730 - INFO - pairwise_permutation_test - GeoJSON: 357 detections from consensus_t6.geojson
2026-04-26 00:43:21,740 - WARNING - pairwise_permutation_test - GeoJSON lacks source_tile — will assign via spatial join
2026-04-26 00:43:21,740 - INFO - pairwise_permutation_test - GeoJSON: 517 detections from consensus_t10.geojson
2026-04-26 00:43:21,756 - WARNING - pairwise_permutation_test - GeoJSON lacks source_tile — will assign via spatial join
2026-04-26 00:43:21,756 - INFO - pairwise_permutation_test - GeoJSON: 357 detections from consensus_t6.geojson
2026-04-26 00:43:21,765 - WARNING - pairwise_permutation_test - GeoJSON lacks source_tile — will assign via spatial join
2026-04-26 00:43:21,765 - INFO - pairwise_permutation_test - GeoJSON: 466 detections from consensus_t8.geojson
2026-04-26 00:43:21,793 - WARNING - pairwise_permutation_test - GeoJSON lacks source_tile — will assign via spatial join
2026-04-26 00:43:21,793 - INFO - pairwise_permutation_test - GeoJSON: 357 detections from consensus_t6.geojson
2026-04-26 00:43:21,800 - WARNING - pairwise_permutation_test - GeoJSON lacks source_tile — will assign via spatial join
2026-04-26 00:43:21,800 - INFO - pairwise_permutation_test - GeoJSON: 357 detections from consensus_t6.geojson
2026-04-26 00:43:21,800 - WARNING - pairwise_permutation_test - GeoJSON lacks source_tile — will assign via spatial join
2026-04-26 00:43:21,800 - INFO - pairwise_permutation_test - GeoJSON: 357 detections from consensus_t6.geojson
2026-04-26 00:43:21,804 - WARNING - pairwise_permutation_test - GeoJSON lacks source_tile — will assign via spatial join
2026-04-26 00:43:21,804 - INFO - pairwise_permutation_test - GeoJSON: 608 detections from consensus_t10.geojson
2026-04-26 00:43:21,811 - WARNING - pairwise_permutation_test - GeoJSON lacks source_tile — will assign via spatial join
2026-04-26 00:43:21,811 - INFO - pairwise_permutation_test - GeoJSON: 681 detections from consensus_t2.geojson
2026-04-26 00:43:21,811 - WARNING - pairwise_permutation_test - GeoJSON lacks source_tile — will assign via spatial join
2026-04-26 00:43:21,811 - INFO - pairwise_permutation_test - GeoJSON: 608 detections from consensus_t10.geojson
2026-04-26 00:43:21,831 - WARNING - pairwise_permutation_test - GeoJSON lacks source_tile — will assign via spatial join
2026-04-26 00:43:21,831 - INFO - pairwise_permutation_test - GeoJSON: 357 detections from consensus_t6.geojson
2026-04-26 00:43:21,842 - WARNING - pairwise_permutation_test - GeoJSON lacks source_tile — will assign via spatial join
2026-04-26 00:43:21,842 - INFO - pairwise_permutation_test - GeoJSON: 616 detections from consensus_t10.geojson
2026-04-26 00:43:21,850 - WARNING - pairwise_permutation_test - GeoJSON lacks source_tile — will assign via spatial join
2026-04-26 00:43:21,851 - INFO - pairwise_permutation_test - GeoJSON: 357 detections from consensus_t6.geojson
2026-04-26 00:43:21,851 - WARNING - pairwise_permutation_test - GeoJSON lacks source_tile — will assign via spatial join
2026-04-26 00:43:21,851 - INFO - pairwise_permutation_test - GeoJSON: 357 detections from consensus_t6.geojson
2026-04-26 00:43:21,862 - WARNING - pairwise_permutation_test - GeoJSON lacks source_tile — will assign via spatial join
2026-04-26 00:43:21,862 - INFO - pairwise_permutation_test - GeoJSON: 745 detections from consensus_t3.geojson
2026-04-26 00:43:21,863 - WARNING - pairwise_permutation_test - GeoJSON lacks source_tile — will assign via spatial join
2026-04-26 00:43:21,863 - INFO - pairwise_permutation_test - GeoJSON: 799 detections from consensus_t3.geojson
2026-04-26 00:43:22,702 - WARNING - pairwise_permutation_test - GeoJSON lacks source_tile — will assign via spatial join
2026-04-26 00:43:22,705 - INFO - pairwise_permutation_test - GeoJSON: 357 detections from consensus_t6.geojson
2026-04-26 00:43:22,722 - WARNING - pairwise_permutation_test - GeoJSON lacks source_tile — will assign via spatial join
2026-04-26 00:43:22,722 - INFO - pairwise_permutation_test - GeoJSON: 357 detections from consensus_t6.geojson
2026-04-26 00:43:22,725 - WARNING - pairwise_permutation_test - GeoJSON lacks source_tile — will assign via spatial join
2026-04-26 00:43:22,725 - INFO - pairwise_permutation_test - GeoJSON: 794 detections from consensus_t3.geojson
2026-04-26 00:43:22,733 - WARNING - pairwise_permutation_test - GeoJSON lacks source_tile — will assign via spatial join
2026-04-26 00:43:22,733 - INFO - pairwise_permutation_test - GeoJSON: 783 detections from consensus_t3.geojson
2026-04-26 00:43:22,788 - WARNING - pairwise_permutation_test - GeoJSON lacks source_tile — will assign via spatial join
2026-04-26 00:43:22,788 - INFO - pairwise_permutation_test - GeoJSON: 357 detections from consensus_t6.geojson
2026-04-26 00:43:22,798 - WARNING - pairwise_permutation_test - GeoJSON lacks source_tile — will assign via spatial join
2026-04-26 00:43:22,798 - INFO - pairwise_permutation_test - GeoJSON: 604 detections from consensus_t3.geojson
2026-04-26 00:43:22,800 - WARNING - pairwise_permutation_test - GeoJSON lacks source_tile — will assign via spatial join
2026-04-26 00:43:22,800 - INFO - pairwise_permutation_test - GeoJSON: 357 detections from consensus_t6.geojson
2026-04-26 00:43:22,811 - WARNING - pairwise_permutation_test - GeoJSON lacks source_tile — will assign via spatial join
2026-04-26 00:43:22,811 - INFO - pairwise_permutation_test - GeoJSON: 802 detections from consensus_t1.geojson
2026-04-26 00:43:22,850 - WARNING - pairwise_permutation_test - GeoJSON lacks source_tile — will assign via spatial join
2026-04-26 00:43:22,850 - INFO - pairwise_permutation_test - GeoJSON: 415 detections from consensus_t26.geojson
2026-04-26 00:43:22,858 - WARNING - pairwise_permutation_test - GeoJSON lacks source_tile — will assign via spatial join
2026-04-26 00:43:22,858 - INFO - pairwise_permutation_test - GeoJSON: 409 detections from consensus_t10.geojson
2026-04-26 00:43:22,886 - WARNING - pairwise_permutation_test - GeoJSON lacks source_tile — will assign via spatial join
2026-04-26 00:43:22,887 - INFO - pairwise_permutation_test - GeoJSON: 415 detections from consensus_t26.geojson
2026-04-26 00:43:22,895 - WARNING - pairwise_permutation_test - GeoJSON lacks source_tile — will assign via spatial join
2026-04-26 00:43:22,895 - INFO - pairwise_permutation_test - GeoJSON: 409 detections from consensus_t10.geojson
2026-04-26 00:43:22,905 - WARNING - pairwise_permutation_test - GeoJSON lacks source_tile — will assign via spatial join
2026-04-26 00:43:22,905 - INFO - pairwise_permutation_test - GeoJSON: 415 detections from consensus_t26.geojson
2026-04-26 00:43:22,914 - WARNING - pairwise_permutation_test - GeoJSON lacks source_tile — will assign via spatial join
2026-04-26 00:43:22,914 - INFO - pairwise_permutation_test - GeoJSON: 414 detections from consensus_t9.geojson
2026-04-26 00:43:22,929 - WARNING - pairwise_permutation_test - GeoJSON lacks source_tile — will assign via spatial join
2026-04-26 00:43:22,929 - INFO - pairwise_permutation_test - GeoJSON: 415 detections from consensus_t26.geojson
2026-04-26 00:43:22,938 - WARNING - pairwise_permutation_test - GeoJSON lacks source_tile — will assign via spatial join
2026-04-26 00:43:22,938 - INFO - pairwise_permutation_test - GeoJSON: 414 detections from consensus_t9.geojson
2026-04-26 00:43:23,779 - WARNING - pairwise_permutation_test - GeoJSON lacks source_tile — will assign via spatial join
2026-04-26 00:43:23,779 - INFO - pairwise_permutation_test - GeoJSON: 415 detections from consensus_t26.geojson
2026-04-26 00:43:23,788 - WARNING - pairwise_permutation_test - GeoJSON lacks source_tile — will assign via spatial join
2026-04-26 00:43:23,788 - INFO - pairwise_permutation_test - GeoJSON: 405 detections from consensus_t7.geojson
2026-04-26 00:43:23,814 - WARNING - pairwise_permutation_test - GeoJSON lacks source_tile — will assign via spatial join
2026-04-26 00:43:23,814 - INFO - pairwise_permutation_test - GeoJSON: 415 detections from consensus_t26.geojson
2026-04-26 00:43:23,822 - WARNING - pairwise_permutation_test - GeoJSON lacks source_tile — will assign via spatial join
2026-04-26 00:43:23,822 - INFO - pairwise_permutation_test - GeoJSON: 403 detections from consensus_t6.geojson
2026-04-26 00:43:23,830 - WARNING - pairwise_permutation_test - GeoJSON lacks source_tile — will assign via spatial join
2026-04-26 00:43:23,830 - INFO - pairwise_permutation_test - GeoJSON: 415 detections from consensus_t26.geojson
2026-04-26 00:43:23,835 - WARNING - pairwise_permutation_test - GeoJSON lacks source_tile — will assign via spatial join
2026-04-26 00:43:23,835 - INFO - pairwise_permutation_test - GeoJSON: 415 detections from consensus_t26.geojson
2026-04-26 00:43:23,839 - WARNING - pairwise_permutation_test - GeoJSON lacks source_tile — will assign via spatial join
2026-04-26 00:43:23,839 - INFO - pairwise_permutation_test - GeoJSON: 433 detections from consensus_t6.geojson
2026-04-26 00:43:23,843 - WARNING - pairwise_permutation_test - GeoJSON lacks source_tile — will assign via spatial join
2026-04-26 00:43:23,843 - INFO - pairwise_permutation_test - GeoJSON: 361 detections from consensus_t9.geojson
2026-04-26 00:43:23,851 - WARNING - pairwise_permutation_test - GeoJSON lacks source_tile — will assign via spatial join
2026-04-26 00:43:23,851 - INFO - pairwise_permutation_test - GeoJSON: 415 detections from consensus_t26.geojson
2026-04-26 00:43:23,860 - WARNING - pairwise_permutation_test - GeoJSON lacks source_tile — will assign via spatial join
2026-04-26 00:43:23,860 - INFO - pairwise_permutation_test - GeoJSON: 461 detections from consensus_t5.geojson
2026-04-26 00:43:23,866 - WARNING - pairwise_permutation_test - GeoJSON lacks source_tile — will assign via spatial join
2026-04-26 00:43:23,866 - INFO - pairwise_permutation_test - GeoJSON: 415 detections from consensus_t26.geojson
2026-04-26 00:43:23,873 - WARNING - pairwise_permutation_test - GeoJSON lacks source_tile — will assign via spatial join
2026-04-26 00:43:23,873 - INFO - pairwise_permutation_test - GeoJSON: 415 detections from consensus_t26.geojson
2026-04-26 00:43:23,875 - WARNING - pairwise_permutation_test - GeoJSON lacks source_tile — will assign via spatial join
2026-04-26 00:43:23,875 - INFO - pairwise_permutation_test - GeoJSON: 471 detections from consensus_t3.geojson
2026-04-26 00:43:23,882 - WARNING - pairwise_permutation_test - GeoJSON lacks source_tile — will assign via spatial join
2026-04-26 00:43:23,883 - INFO - pairwise_permutation_test - GeoJSON: 494 detections from consensus_t8.geojson
2026-04-26 00:43:23,934 - WARNING - pairwise_permutation_test - GeoJSON lacks source_tile — will assign via spatial join
2026-04-26 00:43:23,934 - INFO - pairwise_permutation_test - GeoJSON: 415 detections from consensus_t26.geojson
2026-04-26 00:43:23,944 - WARNING - pairwise_permutation_test - GeoJSON lacks source_tile — will assign via spatial join
2026-04-26 00:43:23,944 - INFO - pairwise_permutation_test - GeoJSON: 567 detections from consensus_t3.geojson
2026-04-26 00:43:24,725 - WARNING - pairwise_permutation_test - GeoJSON lacks source_tile — will assign via spatial join
2026-04-26 00:43:24,725 - INFO - pairwise_permutation_test - GeoJSON: 415 detections from consensus_t26.geojson
2026-04-26 00:43:24,735 - WARNING - pairwise_permutation_test - GeoJSON lacks source_tile — will assign via spatial join
2026-04-26 00:43:24,735 - INFO - pairwise_permutation_test - GeoJSON: 549 detections from consensus_t9.geojson
2026-04-26 00:43:24,755 - WARNING - pairwise_permutation_test - GeoJSON lacks source_tile — will assign via spatial join
2026-04-26 00:43:24,755 - INFO - pairwise_permutation_test - GeoJSON: 415 detections from consensus_t26.geojson
2026-04-26 00:43:24,757 - WARNING - pairwise_permutation_test - GeoJSON lacks source_tile — will assign via spatial join
2026-04-26 00:43:24,757 - INFO - pairwise_permutation_test - GeoJSON: 415 detections from consensus_t26.geojson
2026-04-26 00:43:24,765 - WARNING - pairwise_permutation_test - GeoJSON lacks source_tile — will assign via spatial join
2026-04-26 00:43:24,765 - INFO - pairwise_permutation_test - GeoJSON: 549 detections from consensus_t9.geojson
2026-04-26 00:43:24,770 - WARNING - pairwise_permutation_test - GeoJSON lacks source_tile — will assign via spatial join
2026-04-26 00:43:24,770 - INFO - pairwise_permutation_test - GeoJSON: 530 detections from consensus_t29.geojson
2026-04-26 00:43:24,804 - WARNING - pairwise_permutation_test - GeoJSON lacks source_tile — will assign via spatial join
2026-04-26 00:43:24,804 - INFO - pairwise_permutation_test - GeoJSON: 415 detections from consensus_t26.geojson
2026-04-26 00:43:24,814 - WARNING - pairwise_permutation_test - GeoJSON lacks source_tile — will assign via spatial join
2026-04-26 00:43:24,814 - INFO - pairwise_permutation_test - GeoJSON: 517 detections from consensus_t10.geojson
2026-04-26 00:43:24,818 - WARNING - pairwise_permutation_test - GeoJSON lacks source_tile — will assign via spatial join
2026-04-26 00:43:24,818 - INFO - pairwise_permutation_test - GeoJSON: 415 detections from consensus_t26.geojson
2026-04-26 00:43:24,827 - WARNING - pairwise_permutation_test - GeoJSON lacks source_tile — will assign via spatial join
2026-04-26 00:43:24,827 - INFO - pairwise_permutation_test - GeoJSON: 466 detections from consensus_t8.geojson
2026-04-26 00:43:24,857 - WARNING - pairwise_permutation_test - GeoJSON lacks source_tile — will assign via spatial join
2026-04-26 00:43:24,857 - INFO - pairwise_permutation_test - GeoJSON: 415 detections from consensus_t26.geojson
2026-04-26 00:43:24,868 - WARNING - pairwise_permutation_test - GeoJSON lacks source_tile — will assign via spatial join
2026-04-26 00:43:24,868 - INFO - pairwise_permutation_test - GeoJSON: 608 detections from consensus_t10.geojson
2026-04-26 00:43:24,891 - WARNING - pairwise_permutation_test - GeoJSON lacks source_tile — will assign via spatial join
2026-04-26 00:43:24,891 - INFO - pairwise_permutation_test - GeoJSON: 415 detections from consensus_t26.geojson
2026-04-26 00:43:24,902 - WARNING - pairwise_permutation_test - GeoJSON lacks source_tile — will assign via spatial join
2026-04-26 00:43:24,902 - INFO - pairwise_permutation_test - GeoJSON: 608 detections from consensus_t10.geojson
2026-04-26 00:43:24,972 - WARNING - pairwise_permutation_test - GeoJSON lacks source_tile — will assign via spatial join
2026-04-26 00:43:24,972 - INFO - pairwise_permutation_test - GeoJSON: 415 detections from consensus_t26.geojson
2026-04-26 00:43:24,982 - WARNING - pairwise_permutation_test - GeoJSON lacks source_tile — will assign via spatial join
2026-04-26 00:43:24,982 - INFO - pairwise_permutation_test - GeoJSON: 681 detections from consensus_t2.geojson
2026-04-26 00:43:25,713 - WARNING - pairwise_permutation_test - GeoJSON lacks source_tile — will assign via spatial join
2026-04-26 00:43:25,713 - INFO - pairwise_permutation_test - GeoJSON: 415 detections from consensus_t26.geojson
2026-04-26 00:43:25,725 - WARNING - pairwise_permutation_test - GeoJSON lacks source_tile — will assign via spatial join
2026-04-26 00:43:25,725 - INFO - pairwise_permutation_test - GeoJSON: 616 detections from consensus_t10.geojson
2026-04-26 00:43:25,732 - WARNING - pairwise_permutation_test - GeoJSON lacks source_tile — will assign via spatial join
2026-04-26 00:43:25,732 - INFO - pairwise_permutation_test - GeoJSON: 415 detections from consensus_t26.geojson
2026-04-26 00:43:25,743 - WARNING - pairwise_permutation_test - GeoJSON lacks source_tile — will assign via spatial join
2026-04-26 00:43:25,743 - INFO - pairwise_permutation_test - GeoJSON: 745 detections from consensus_t3.geojson
2026-04-26 00:43:25,745 - WARNING - pairwise_permutation_test - GeoJSON lacks source_tile — will assign via spatial join
2026-04-26 00:43:25,745 - INFO - pairwise_permutation_test - GeoJSON: 415 detections from consensus_t26.geojson
2026-04-26 00:43:25,757 - WARNING - pairwise_permutation_test - GeoJSON lacks source_tile — will assign via spatial join
2026-04-26 00:43:25,757 - INFO - pairwise_permutation_test - GeoJSON: 799 detections from consensus_t3.geojson
2026-04-26 00:43:25,801 - WARNING - pairwise_permutation_test - GeoJSON lacks source_tile — will assign via spatial join
2026-04-26 00:43:25,801 - INFO - pairwise_permutation_test - GeoJSON: 415 detections from consensus_t26.geojson
2026-04-26 00:43:25,813 - WARNING - pairwise_permutation_test - GeoJSON lacks source_tile — will assign via spatial join
2026-04-26 00:43:25,813 - INFO - pairwise_permutation_test - GeoJSON: 794 detections from consensus_t3.geojson
2026-04-26 00:43:25,822 - WARNING - pairwise_permutation_test - GeoJSON lacks source_tile — will assign via spatial join
2026-04-26 00:43:25,822 - INFO - pairwise_permutation_test - GeoJSON: 415 detections from consensus_t26.geojson
2026-04-26 00:43:25,833 - WARNING - pairwise_permutation_test - GeoJSON lacks source_tile — will assign via spatial join
2026-04-26 00:43:25,833 - INFO - pairwise_permutation_test - GeoJSON: 783 detections from consensus_t3.geojson
2026-04-26 00:43:25,878 - WARNING - pairwise_permutation_test - GeoJSON lacks source_tile — will assign via spatial join
2026-04-26 00:43:25,878 - INFO - pairwise_permutation_test - GeoJSON: 415 detections from consensus_t26.geojson
2026-04-26 00:43:25,888 - WARNING - pairwise_permutation_test - GeoJSON lacks source_tile — will assign via spatial join
2026-04-26 00:43:25,888 - INFO - pairwise_permutation_test - GeoJSON: 604 detections from consensus_t3.geojson
2026-04-26 00:43:25,946 - WARNING - pairwise_permutation_test - GeoJSON lacks source_tile — will assign via spatial join
2026-04-26 00:43:25,946 - INFO - pairwise_permutation_test - GeoJSON: 415 detections from consensus_t26.geojson
2026-04-26 00:43:25,958 - WARNING - pairwise_permutation_test - GeoJSON lacks source_tile — will assign via spatial join
2026-04-26 00:43:25,958 - INFO - pairwise_permutation_test - GeoJSON: 802 detections from consensus_t1.geojson
2026-04-26 00:43:26,061 - WARNING - pairwise_permutation_test - GeoJSON lacks source_tile — will assign via spatial join
2026-04-26 00:43:26,062 - INFO - pairwise_permutation_test - GeoJSON: 409 detections from consensus_t10.geojson
2026-04-26 00:43:26,070 - WARNING - pairwise_permutation_test - GeoJSON lacks source_tile — will assign via spatial join
2026-04-26 00:43:26,070 - INFO - pairwise_permutation_test - GeoJSON: 409 detections from consensus_t10.geojson
2026-04-26 00:43:26,722 - WARNING - pairwise_permutation_test - GeoJSON lacks source_tile — will assign via spatial join
2026-04-26 00:43:26,722 - INFO - pairwise_permutation_test - GeoJSON: 409 detections from consensus_t10.geojson
2026-04-26 00:43:26,731 - WARNING - pairwise_permutation_test - GeoJSON lacks source_tile — will assign via spatial join
2026-04-26 00:43:26,731 - INFO - pairwise_permutation_test - GeoJSON: 414 detections from consensus_t9.geojson
2026-04-26 00:43:26,796 - INFO - __main__ - [50/406] pairwise done
2026-04-26 00:43:26,813 - WARNING - pairwise_permutation_test - GeoJSON lacks source_tile — will assign via spatial join
2026-04-26 00:43:26,813 - INFO - pairwise_permutation_test - GeoJSON: 409 detections from consensus_t10.geojson
2026-04-26 00:43:26,821 - WARNING - pairwise_permutation_test - GeoJSON lacks source_tile — will assign via spatial join
2026-04-26 00:43:26,821 - INFO - pairwise_permutation_test - GeoJSON: 414 detections from consensus_t9.geojson
2026-04-26 00:43:26,825 - WARNING - pairwise_permutation_test - GeoJSON lacks source_tile — will assign via spatial join
2026-04-26 00:43:26,825 - INFO - pairwise_permutation_test - GeoJSON: 409 detections from consensus_t10.geojson
2026-04-26 00:43:26,833 - WARNING - pairwise_permutation_test - GeoJSON lacks source_tile — will assign via spatial join
2026-04-26 00:43:26,833 - INFO - pairwise_permutation_test - GeoJSON: 405 detections from consensus_t7.geojson
2026-04-26 00:43:26,887 - WARNING - pairwise_permutation_test - GeoJSON lacks source_tile — will assign via spatial join
2026-04-26 00:43:26,887 - INFO - pairwise_permutation_test - GeoJSON: 409 detections from consensus_t10.geojson
2026-04-26 00:43:26,895 - WARNING - pairwise_permutation_test - GeoJSON lacks source_tile — will assign via spatial join
2026-04-26 00:43:26,895 - INFO - pairwise_permutation_test - GeoJSON: 403 detections from consensus_t6.geojson
2026-04-26 00:43:26,939 - WARNING - pairwise_permutation_test - GeoJSON lacks source_tile — will assign via spatial join
2026-04-26 00:43:26,939 - INFO - pairwise_permutation_test - GeoJSON: 409 detections from consensus_t10.geojson
2026-04-26 00:43:26,947 - WARNING - pairwise_permutation_test - GeoJSON lacks source_tile — will assign via spatial join
2026-04-26 00:43:26,947 - INFO - pairwise_permutation_test - GeoJSON: 433 detections from consensus_t6.geojson
2026-04-26 00:43:26,979 - WARNING - pairwise_permutation_test - GeoJSON lacks source_tile — will assign via spatial join
2026-04-26 00:43:26,979 - INFO - pairwise_permutation_test - GeoJSON: 409 detections from consensus_t10.geojson
2026-04-26 00:43:26,987 - WARNING - pairwise_permutation_test - GeoJSON lacks source_tile — will assign via spatial join
2026-04-26 00:43:26,987 - INFO - pairwise_permutation_test - GeoJSON: 361 detections from consensus_t9.geojson
2026-04-26 00:43:27,005 - WARNING - pairwise_permutation_test - GeoJSON lacks source_tile — will assign via spatial join
2026-04-26 00:43:27,005 - INFO - pairwise_permutation_test - GeoJSON: 409 detections from consensus_t10.geojson
2026-04-26 00:43:27,013 - WARNING - pairwise_permutation_test - GeoJSON lacks source_tile — will assign via spatial join
2026-04-26 00:43:27,013 - INFO - pairwise_permutation_test - GeoJSON: 461 detections from consensus_t5.geojson
2026-04-26 00:43:27,135 - WARNING - pairwise_permutation_test - GeoJSON lacks source_tile — will assign via spatial join
2026-04-26 00:43:27,135 - INFO - pairwise_permutation_test - GeoJSON: 409 detections from consensus_t10.geojson
2026-04-26 00:43:27,143 - WARNING - pairwise_permutation_test - GeoJSON lacks source_tile — will assign via spatial join
2026-04-26 00:43:27,143 - INFO - pairwise_permutation_test - GeoJSON: 471 detections from consensus_t3.geojson
2026-04-26 00:43:27,651 - WARNING - pairwise_permutation_test - GeoJSON lacks source_tile — will assign via spatial join
2026-04-26 00:43:27,651 - INFO - pairwise_permutation_test - GeoJSON: 409 detections from consensus_t10.geojson
2026-04-26 00:43:27,660 - WARNING - pairwise_permutation_test - GeoJSON lacks source_tile — will assign via spatial join
2026-04-26 00:43:27,660 - INFO - pairwise_permutation_test - GeoJSON: 494 detections from consensus_t8.geojson
2026-04-26 00:43:27,769 - WARNING - pairwise_permutation_test - GeoJSON lacks source_tile — will assign via spatial join
2026-04-26 00:43:27,769 - INFO - pairwise_permutation_test - GeoJSON: 409 detections from consensus_t10.geojson
2026-04-26 00:43:27,778 - WARNING - pairwise_permutation_test - GeoJSON lacks source_tile — will assign via spatial join
2026-04-26 00:43:27,778 - INFO - pairwise_permutation_test - GeoJSON: 567 detections from consensus_t3.geojson
2026-04-26 00:43:27,782 - WARNING - pairwise_permutation_test - GeoJSON lacks source_tile — will assign via spatial join
2026-04-26 00:43:27,782 - INFO - pairwise_permutation_test - GeoJSON: 409 detections from consensus_t10.geojson
2026-04-26 00:43:27,793 - WARNING - pairwise_permutation_test - GeoJSON lacks source_tile — will assign via spatial join
2026-04-26 00:43:27,793 - INFO - pairwise_permutation_test - GeoJSON: 549 detections from consensus_t9.geojson
2026-04-26 00:43:27,833 - WARNING - pairwise_permutation_test - GeoJSON lacks source_tile — will assign via spatial join
2026-04-26 00:43:27,833 - INFO - pairwise_permutation_test - GeoJSON: 409 detections from consensus_t10.geojson
2026-04-26 00:43:27,843 - WARNING - pairwise_permutation_test - GeoJSON lacks source_tile — will assign via spatial join
2026-04-26 00:43:27,843 - INFO - pairwise_permutation_test - GeoJSON: 549 detections from consensus_t9.geojson
2026-04-26 00:43:27,910 - WARNING - pairwise_permutation_test - GeoJSON lacks source_tile — will assign via spatial join
2026-04-26 00:43:27,910 - INFO - pairwise_permutation_test - GeoJSON: 409 detections from consensus_t10.geojson
2026-04-26 00:43:27,921 - WARNING - pairwise_permutation_test - GeoJSON lacks source_tile — will assign via spatial join
2026-04-26 00:43:27,921 - INFO - pairwise_permutation_test - GeoJSON: 409 detections from consensus_t10.geojson
2026-04-26 00:43:27,924 - WARNING - pairwise_permutation_test - GeoJSON lacks source_tile — will assign via spatial join
2026-04-26 00:43:27,924 - INFO - pairwise_permutation_test - GeoJSON: 530 detections from consensus_t29.geojson
2026-04-26 00:43:27,931 - WARNING - pairwise_permutation_test - GeoJSON lacks source_tile — will assign via spatial join
2026-04-26 00:43:27,931 - INFO - pairwise_permutation_test - GeoJSON: 517 detections from consensus_t10.geojson
2026-04-26 00:43:27,949 - WARNING - pairwise_permutation_test - GeoJSON lacks source_tile — will assign via spatial join
2026-04-26 00:43:27,949 - INFO - pairwise_permutation_test - GeoJSON: 409 detections from consensus_t10.geojson
2026-04-26 00:43:27,958 - WARNING - pairwise_permutation_test - GeoJSON lacks source_tile — will assign via spatial join
2026-04-26 00:43:27,958 - INFO - pairwise_permutation_test - GeoJSON: 466 detections from consensus_t8.geojson
2026-04-26 00:43:28,143 - WARNING - pairwise_permutation_test - GeoJSON lacks source_tile — will assign via spatial join
2026-04-26 00:43:28,143 - INFO - pairwise_permutation_test - GeoJSON: 409 detections from consensus_t10.geojson
2026-04-26 00:43:28,154 - WARNING - pairwise_permutation_test - GeoJSON lacks source_tile — will assign via spatial join
2026-04-26 00:43:28,154 - INFO - pairwise_permutation_test - GeoJSON: 608 detections from consensus_t10.geojson
2026-04-26 00:43:28,635 - WARNING - pairwise_permutation_test - GeoJSON lacks source_tile — will assign via spatial join
2026-04-26 00:43:28,635 - INFO - pairwise_permutation_test - GeoJSON: 409 detections from consensus_t10.geojson
2026-04-26 00:43:28,646 - WARNING - pairwise_permutation_test - GeoJSON lacks source_tile — will assign via spatial join
2026-04-26 00:43:28,646 - INFO - pairwise_permutation_test - GeoJSON: 608 detections from consensus_t10.geojson
2026-04-26 00:43:28,770 - WARNING - pairwise_permutation_test - GeoJSON lacks source_tile — will assign via spatial join
2026-04-26 00:43:28,770 - INFO - pairwise_permutation_test - GeoJSON: 409 detections from consensus_t10.geojson
2026-04-26 00:43:28,780 - WARNING - pairwise_permutation_test - GeoJSON lacks source_tile — will assign via spatial join
2026-04-26 00:43:28,781 - INFO - pairwise_permutation_test - GeoJSON: 681 detections from consensus_t2.geojson
2026-04-26 00:43:28,800 - WARNING - pairwise_permutation_test - GeoJSON lacks source_tile — will assign via spatial join
2026-04-26 00:43:28,800 - INFO - pairwise_permutation_test - GeoJSON: 409 detections from consensus_t10.geojson
2026-04-26 00:43:28,811 - WARNING - pairwise_permutation_test - GeoJSON lacks source_tile — will assign via spatial join
2026-04-26 00:43:28,811 - INFO - pairwise_permutation_test - GeoJSON: 616 detections from consensus_t10.geojson
2026-04-26 00:43:28,828 - WARNING - pairwise_permutation_test - GeoJSON lacks source_tile — will assign via spatial join
2026-04-26 00:43:28,828 - INFO - pairwise_permutation_test - GeoJSON: 409 detections from consensus_t10.geojson
2026-04-26 00:43:28,839 - WARNING - pairwise_permutation_test - GeoJSON lacks source_tile — will assign via spatial join
2026-04-26 00:43:28,839 - INFO - pairwise_permutation_test - GeoJSON: 745 detections from consensus_t3.geojson
2026-04-26 00:43:28,916 - WARNING - pairwise_permutation_test - GeoJSON lacks source_tile — will assign via spatial join
2026-04-26 00:43:28,916 - INFO - pairwise_permutation_test - GeoJSON: 409 detections from consensus_t10.geojson
2026-04-26 00:43:28,927 - WARNING - pairwise_permutation_test - GeoJSON lacks source_tile — will assign via spatial join
2026-04-26 00:43:28,927 - INFO - pairwise_permutation_test - GeoJSON: 409 detections from consensus_t10.geojson
2026-04-26 00:43:28,927 - WARNING - pairwise_permutation_test - GeoJSON lacks source_tile — will assign via spatial join
2026-04-26 00:43:28,927 - INFO - pairwise_permutation_test - GeoJSON: 799 detections from consensus_t3.geojson
2026-04-26 00:43:28,938 - WARNING - pairwise_permutation_test - GeoJSON lacks source_tile — will assign via spatial join
2026-04-26 00:43:28,938 - INFO - pairwise_permutation_test - GeoJSON: 794 detections from consensus_t3.geojson
2026-04-26 00:43:28,949 - WARNING - pairwise_permutation_test - GeoJSON lacks source_tile — will assign via spatial join
2026-04-26 00:43:28,949 - INFO - pairwise_permutation_test - GeoJSON: 409 detections from consensus_t10.geojson
2026-04-26 00:43:28,961 - WARNING - pairwise_permutation_test - GeoJSON lacks source_tile — will assign via spatial join
2026-04-26 00:43:28,961 - INFO - pairwise_permutation_test - GeoJSON: 783 detections from consensus_t3.geojson
2026-04-26 00:43:29,155 - WARNING - pairwise_permutation_test - GeoJSON lacks source_tile — will assign via spatial join
2026-04-26 00:43:29,155 - INFO - pairwise_permutation_test - GeoJSON: 409 detections from consensus_t10.geojson
2026-04-26 00:43:29,164 - WARNING - pairwise_permutation_test - GeoJSON lacks source_tile — will assign via spatial join
2026-04-26 00:43:29,164 - INFO - pairwise_permutation_test - GeoJSON: 604 detections from consensus_t3.geojson
2026-04-26 00:43:29,652 - WARNING - pairwise_permutation_test - GeoJSON lacks source_tile — will assign via spatial join
2026-04-26 00:43:29,652 - INFO - pairwise_permutation_test - GeoJSON: 409 detections from consensus_t10.geojson
2026-04-26 00:43:29,664 - WARNING - pairwise_permutation_test - GeoJSON lacks source_tile — will assign via spatial join
2026-04-26 00:43:29,664 - INFO - pairwise_permutation_test - GeoJSON: 802 detections from consensus_t1.geojson
2026-04-26 00:43:29,803 - WARNING - pairwise_permutation_test - GeoJSON lacks source_tile — will assign via spatial join
2026-04-26 00:43:29,803 - INFO - pairwise_permutation_test - GeoJSON: 409 detections from consensus_t10.geojson
2026-04-26 00:43:29,811 - WARNING - pairwise_permutation_test - GeoJSON lacks source_tile — will assign via spatial join
2026-04-26 00:43:29,812 - INFO - pairwise_permutation_test - GeoJSON: 414 detections from consensus_t9.geojson
2026-04-26 00:43:29,864 - WARNING - pairwise_permutation_test - GeoJSON lacks source_tile — will assign via spatial join
2026-04-26 00:43:29,864 - INFO - pairwise_permutation_test - GeoJSON: 409 detections from consensus_t10.geojson
2026-04-26 00:43:29,873 - WARNING - pairwise_permutation_test - GeoJSON lacks source_tile — will assign via spatial join
2026-04-26 00:43:29,873 - INFO - pairwise_permutation_test - GeoJSON: 414 detections from consensus_t9.geojson
2026-04-26 00:43:29,916 - WARNING - pairwise_permutation_test - GeoJSON lacks source_tile — will assign via spatial join
2026-04-26 00:43:29,916 - INFO - pairwise_permutation_test - GeoJSON: 409 detections from consensus_t10.geojson
2026-04-26 00:43:29,924 - WARNING - pairwise_permutation_test - GeoJSON lacks source_tile — will assign via spatial join
2026-04-26 00:43:29,924 - INFO - pairwise_permutation_test - GeoJSON: 405 detections from consensus_t7.geojson
2026-04-26 00:43:29,992 - WARNING - pairwise_permutation_test - GeoJSON lacks source_tile — will assign via spatial join
2026-04-26 00:43:29,992 - INFO - pairwise_permutation_test - GeoJSON: 409 detections from consensus_t10.geojson
2026-04-26 00:43:30,000 - WARNING - pairwise_permutation_test - GeoJSON lacks source_tile — will assign via spatial join
2026-04-26 00:43:30,000 - INFO - pairwise_permutation_test - GeoJSON: 403 detections from consensus_t6.geojson
2026-04-26 00:43:30,047 - WARNING - pairwise_permutation_test - GeoJSON lacks source_tile — will assign via spatial join
2026-04-26 00:43:30,047 - INFO - pairwise_permutation_test - GeoJSON: 409 detections from consensus_t10.geojson
2026-04-26 00:43:30,056 - WARNING - pairwise_permutation_test - GeoJSON lacks source_tile — will assign via spatial join
2026-04-26 00:43:30,056 - INFO - pairwise_permutation_test - GeoJSON: 433 detections from consensus_t6.geojson
2026-04-26 00:43:30,104 - WARNING - pairwise_permutation_test - GeoJSON lacks source_tile — will assign via spatial join
2026-04-26 00:43:30,104 - INFO - pairwise_permutation_test - GeoJSON: 409 detections from consensus_t10.geojson
2026-04-26 00:43:30,112 - WARNING - pairwise_permutation_test - GeoJSON lacks source_tile — will assign via spatial join
2026-04-26 00:43:30,112 - INFO - pairwise_permutation_test - GeoJSON: 361 detections from consensus_t9.geojson
2026-04-26 00:43:30,220 - WARNING - pairwise_permutation_test - GeoJSON lacks source_tile — will assign via spatial join
2026-04-26 00:43:30,220 - INFO - pairwise_permutation_test - GeoJSON: 409 detections from consensus_t10.geojson
2026-04-26 00:43:30,229 - WARNING - pairwise_permutation_test - GeoJSON lacks source_tile — will assign via spatial join
2026-04-26 00:43:30,229 - INFO - pairwise_permutation_test - GeoJSON: 461 detections from consensus_t5.geojson
2026-04-26 00:43:30,767 - WARNING - pairwise_permutation_test - GeoJSON lacks source_tile — will assign via spatial join
2026-04-26 00:43:30,767 - INFO - pairwise_permutation_test - GeoJSON: 409 detections from consensus_t10.geojson
2026-04-26 00:43:30,775 - WARNING - pairwise_permutation_test - GeoJSON lacks source_tile — will assign via spatial join
2026-04-26 00:43:30,775 - INFO - pairwise_permutation_test - GeoJSON: 471 detections from consensus_t3.geojson
2026-04-26 00:43:30,823 - WARNING - pairwise_permutation_test - GeoJSON lacks source_tile — will assign via spatial join
2026-04-26 00:43:30,823 - INFO - pairwise_permutation_test - GeoJSON: 409 detections from consensus_t10.geojson
2026-04-26 00:43:30,832 - WARNING - pairwise_permutation_test - GeoJSON lacks source_tile — will assign via spatial join
2026-04-26 00:43:30,832 - INFO - pairwise_permutation_test - GeoJSON: 494 detections from consensus_t8.geojson
2026-04-26 00:43:30,833 - WARNING - pairwise_permutation_test - GeoJSON lacks source_tile — will assign via spatial join
2026-04-26 00:43:30,834 - INFO - pairwise_permutation_test - GeoJSON: 409 detections from consensus_t10.geojson
2026-04-26 00:43:30,843 - WARNING - pairwise_permutation_test - GeoJSON lacks source_tile — will assign via spatial join
2026-04-26 00:43:30,843 - INFO - pairwise_permutation_test - GeoJSON: 567 detections from consensus_t3.geojson
2026-04-26 00:43:30,887 - WARNING - pairwise_permutation_test - GeoJSON lacks source_tile — will assign via spatial join
2026-04-26 00:43:30,887 - INFO - pairwise_permutation_test - GeoJSON: 409 detections from consensus_t10.geojson
2026-04-26 00:43:30,898 - WARNING - pairwise_permutation_test - GeoJSON lacks source_tile — will assign via spatial join
2026-04-26 00:43:30,898 - INFO - pairwise_permutation_test - GeoJSON: 549 detections from consensus_t9.geojson
2026-04-26 00:43:30,957 - WARNING - pairwise_permutation_test - GeoJSON lacks source_tile — will assign via spatial join
2026-04-26 00:43:30,957 - INFO - pairwise_permutation_test - GeoJSON: 409 detections from consensus_t10.geojson
2026-04-26 00:43:30,968 - WARNING - pairwise_permutation_test - GeoJSON lacks source_tile — will assign via spatial join
2026-04-26 00:43:30,968 - INFO - pairwise_permutation_test - GeoJSON: 549 detections from consensus_t9.geojson
2026-04-26 00:43:31,057 - WARNING - pairwise_permutation_test - GeoJSON lacks source_tile — will assign via spatial join
2026-04-26 00:43:31,057 - INFO - pairwise_permutation_test - GeoJSON: 409 detections from consensus_t10.geojson
2026-04-26 00:43:31,071 - WARNING - pairwise_permutation_test - GeoJSON lacks source_tile — will assign via spatial join
2026-04-26 00:43:31,071 - INFO - pairwise_permutation_test - GeoJSON: 530 detections from consensus_t29.geojson
2026-04-26 00:43:31,073 - WARNING - pairwise_permutation_test - GeoJSON lacks source_tile — will assign via spatial join
2026-04-26 00:43:31,073 - INFO - pairwise_permutation_test - GeoJSON: 409 detections from consensus_t10.geojson
2026-04-26 00:43:31,083 - WARNING - pairwise_permutation_test - GeoJSON lacks source_tile — will assign via spatial join
2026-04-26 00:43:31,083 - INFO - pairwise_permutation_test - GeoJSON: 517 detections from consensus_t10.geojson
2026-04-26 00:43:31,191 - WARNING - pairwise_permutation_test - GeoJSON lacks source_tile — will assign via spatial join
2026-04-26 00:43:31,191 - INFO - pairwise_permutation_test - GeoJSON: 409 detections from consensus_t10.geojson
2026-04-26 00:43:31,200 - WARNING - pairwise_permutation_test - GeoJSON lacks source_tile — will assign via spatial join
2026-04-26 00:43:31,200 - INFO - pairwise_permutation_test - GeoJSON: 466 detections from consensus_t8.geojson
2026-04-26 00:43:31,759 - WARNING - pairwise_permutation_test - GeoJSON lacks source_tile — will assign via spatial join
2026-04-26 00:43:31,759 - INFO - pairwise_permutation_test - GeoJSON: 409 detections from consensus_t10.geojson
2026-04-26 00:43:31,770 - WARNING - pairwise_permutation_test - GeoJSON lacks source_tile — will assign via spatial join
2026-04-26 00:43:31,770 - INFO - pairwise_permutation_test - GeoJSON: 608 detections from consensus_t10.geojson
2026-04-26 00:43:31,816 - WARNING - pairwise_permutation_test - GeoJSON lacks source_tile — will assign via spatial join
2026-04-26 00:43:31,816 - INFO - pairwise_permutation_test - GeoJSON: 409 detections from consensus_t10.geojson
2026-04-26 00:43:31,827 - WARNING - pairwise_permutation_test - GeoJSON lacks source_tile — will assign via spatial join
2026-04-26 00:43:31,827 - INFO - pairwise_permutation_test - GeoJSON: 608 detections from consensus_t10.geojson
2026-04-26 00:43:31,866 - WARNING - pairwise_permutation_test - GeoJSON lacks source_tile — will assign via spatial join
2026-04-26 00:43:31,866 - INFO - pairwise_permutation_test - GeoJSON: 409 detections from consensus_t10.geojson
2026-04-26 00:43:31,876 - WARNING - pairwise_permutation_test - GeoJSON lacks source_tile — will assign via spatial join
2026-04-26 00:43:31,877 - INFO - pairwise_permutation_test - GeoJSON: 681 detections from consensus_t2.geojson
2026-04-26 00:43:31,880 - WARNING - pairwise_permutation_test - GeoJSON lacks source_tile — will assign via spatial join
2026-04-26 00:43:31,880 - INFO - pairwise_permutation_test - GeoJSON: 409 detections from consensus_t10.geojson
2026-04-26 00:43:31,892 - WARNING - pairwise_permutation_test - GeoJSON lacks source_tile — will assign via spatial join
2026-04-26 00:43:31,892 - INFO - pairwise_permutation_test - GeoJSON: 616 detections from consensus_t10.geojson
2026-04-26 00:43:31,935 - WARNING - pairwise_permutation_test - GeoJSON lacks source_tile — will assign via spatial join
2026-04-26 00:43:31,935 - INFO - pairwise_permutation_test - GeoJSON: 409 detections from consensus_t10.geojson
2026-04-26 00:43:31,946 - WARNING - pairwise_permutation_test - GeoJSON lacks source_tile — will assign via spatial join
2026-04-26 00:43:31,946 - INFO - pairwise_permutation_test - GeoJSON: 745 detections from consensus_t3.geojson
2026-04-26 00:43:32,070 - WARNING - pairwise_permutation_test - GeoJSON lacks source_tile — will assign via spatial join
2026-04-26 00:43:32,070 - INFO - pairwise_permutation_test - GeoJSON: 409 detections from consensus_t10.geojson
2026-04-26 00:43:32,081 - WARNING - pairwise_permutation_test - GeoJSON lacks source_tile — will assign via spatial join
2026-04-26 00:43:32,082 - INFO - pairwise_permutation_test - GeoJSON: 799 detections from consensus_t3.geojson
2026-04-26 00:43:32,098 - WARNING - pairwise_permutation_test - GeoJSON lacks source_tile — will assign via spatial join
2026-04-26 00:43:32,098 - INFO - pairwise_permutation_test - GeoJSON: 409 detections from consensus_t10.geojson
2026-04-26 00:43:32,109 - WARNING - pairwise_permutation_test - GeoJSON lacks source_tile — will assign via spatial join
2026-04-26 00:43:32,109 - INFO - pairwise_permutation_test - GeoJSON: 794 detections from consensus_t3.geojson
2026-04-26 00:43:32,159 - WARNING - pairwise_permutation_test - GeoJSON lacks source_tile — will assign via spatial join
2026-04-26 00:43:32,159 - INFO - pairwise_permutation_test - GeoJSON: 409 detections from consensus_t10.geojson
2026-04-26 00:43:32,170 - WARNING - pairwise_permutation_test - GeoJSON lacks source_tile — will assign via spatial join
2026-04-26 00:43:32,170 - INFO - pairwise_permutation_test - GeoJSON: 783 detections from consensus_t3.geojson
2026-04-26 00:43:32,810 - WARNING - pairwise_permutation_test - GeoJSON lacks source_tile — will assign via spatial join
2026-04-26 00:43:32,811 - INFO - pairwise_permutation_test - GeoJSON: 409 detections from consensus_t10.geojson
2026-04-26 00:43:32,820 - WARNING - pairwise_permutation_test - GeoJSON lacks source_tile — will assign via spatial join
2026-04-26 00:43:32,820 - INFO - pairwise_permutation_test - GeoJSON: 604 detections from consensus_t3.geojson
2026-04-26 00:43:32,829 - WARNING - pairwise_permutation_test - GeoJSON lacks source_tile — will assign via spatial join
2026-04-26 00:43:32,829 - INFO - pairwise_permutation_test - GeoJSON: 409 detections from consensus_t10.geojson
2026-04-26 00:43:32,840 - WARNING - pairwise_permutation_test - GeoJSON lacks source_tile — will assign via spatial join
2026-04-26 00:43:32,840 - INFO - pairwise_permutation_test - GeoJSON: 802 detections from consensus_t1.geojson
2026-04-26 00:43:32,895 - WARNING - pairwise_permutation_test - GeoJSON lacks source_tile — will assign via spatial join
2026-04-26 00:43:32,895 - INFO - pairwise_permutation_test - GeoJSON: 414 detections from consensus_t9.geojson
2026-04-26 00:43:32,904 - WARNING - pairwise_permutation_test - GeoJSON lacks source_tile — will assign via spatial join
2026-04-26 00:43:32,904 - INFO - pairwise_permutation_test - GeoJSON: 414 detections from consensus_t9.geojson
2026-04-26 00:43:32,943 - INFO - __main__ - [100/406] pairwise done
2026-04-26 00:43:32,960 - WARNING - pairwise_permutation_test - GeoJSON lacks source_tile — will assign via spatial join
2026-04-26 00:43:32,960 - INFO - pairwise_permutation_test - GeoJSON: 414 detections from consensus_t9.geojson
2026-04-26 00:43:32,968 - WARNING - pairwise_permutation_test - GeoJSON lacks source_tile — will assign via spatial join
2026-04-26 00:43:32,968 - INFO - pairwise_permutation_test - GeoJSON: 405 detections from consensus_t7.geojson
2026-04-26 00:43:33,011 - WARNING - pairwise_permutation_test - GeoJSON lacks source_tile — will assign via spatial join
2026-04-26 00:43:33,011 - INFO - pairwise_permutation_test - GeoJSON: 414 detections from consensus_t9.geojson
2026-04-26 00:43:33,020 - WARNING - pairwise_permutation_test - GeoJSON lacks source_tile — will assign via spatial join
2026-04-26 00:43:33,020 - INFO - pairwise_permutation_test - GeoJSON: 403 detections from consensus_t6.geojson
2026-04-26 00:43:33,197 - WARNING - pairwise_permutation_test - GeoJSON lacks source_tile — will assign via spatial join
2026-04-26 00:43:33,197 - INFO - pairwise_permutation_test - GeoJSON: 414 detections from consensus_t9.geojson
2026-04-26 00:43:33,203 - WARNING - pairwise_permutation_test - GeoJSON lacks source_tile — will assign via spatial join
2026-04-26 00:43:33,203 - INFO - pairwise_permutation_test - GeoJSON: 414 detections from consensus_t9.geojson
2026-04-26 00:43:33,206 - WARNING - pairwise_permutation_test - GeoJSON lacks source_tile — will assign via spatial join
2026-04-26 00:43:33,206 - INFO - pairwise_permutation_test - GeoJSON: 433 detections from consensus_t6.geojson
2026-04-26 00:43:33,212 - WARNING - pairwise_permutation_test - GeoJSON lacks source_tile — will assign via spatial join
2026-04-26 00:43:33,212 - INFO - pairwise_permutation_test - GeoJSON: 361 detections from consensus_t9.geojson
2026-04-26 00:43:33,268 - WARNING - pairwise_permutation_test - GeoJSON lacks source_tile — will assign via spatial join
2026-04-26 00:43:33,268 - INFO - pairwise_permutation_test - GeoJSON: 414 detections from consensus_t9.geojson
2026-04-26 00:43:33,277 - WARNING - pairwise_permutation_test - GeoJSON lacks source_tile — will assign via spatial join
2026-04-26 00:43:33,277 - INFO - pairwise_permutation_test - GeoJSON: 461 detections from consensus_t5.geojson
2026-04-26 00:43:33,823 - WARNING - pairwise_permutation_test - GeoJSON lacks source_tile — will assign via spatial join
2026-04-26 00:43:33,823 - INFO - pairwise_permutation_test - GeoJSON: 414 detections from consensus_t9.geojson
2026-04-26 00:43:33,832 - WARNING - pairwise_permutation_test - GeoJSON lacks source_tile — will assign via spatial join
2026-04-26 00:43:33,832 - INFO - pairwise_permutation_test - GeoJSON: 471 detections from consensus_t3.geojson
2026-04-26 00:43:33,876 - WARNING - pairwise_permutation_test - GeoJSON lacks source_tile — will assign via spatial join
2026-04-26 00:43:33,876 - INFO - pairwise_permutation_test - GeoJSON: 414 detections from consensus_t9.geojson
2026-04-26 00:43:33,886 - WARNING - pairwise_permutation_test - GeoJSON lacks source_tile — will assign via spatial join
2026-04-26 00:43:33,886 - INFO - pairwise_permutation_test - GeoJSON: 494 detections from consensus_t8.geojson
2026-04-26 00:43:33,890 - WARNING - pairwise_permutation_test - GeoJSON lacks source_tile — will assign via spatial join
2026-04-26 00:43:33,890 - INFO - pairwise_permutation_test - GeoJSON: 414 detections from consensus_t9.geojson
2026-04-26 00:43:33,899 - WARNING - pairwise_permutation_test - GeoJSON lacks source_tile — will assign via spatial join
2026-04-26 00:43:33,899 - INFO - pairwise_permutation_test - GeoJSON: 567 detections from consensus_t3.geojson
2026-04-26 00:43:33,935 - WARNING - pairwise_permutation_test - GeoJSON lacks source_tile — will assign via spatial join
2026-04-26 00:43:33,936 - INFO - pairwise_permutation_test - GeoJSON: 414 detections from consensus_t9.geojson
2026-04-26 00:43:33,946 - WARNING - pairwise_permutation_test - GeoJSON lacks source_tile — will assign via spatial join
2026-04-26 00:43:33,946 - INFO - pairwise_permutation_test - GeoJSON: 549 detections from consensus_t9.geojson
2026-04-26 00:43:33,982 - WARNING - pairwise_permutation_test - GeoJSON lacks source_tile — will assign via spatial join
2026-04-26 00:43:33,982 - INFO - pairwise_permutation_test - GeoJSON: 414 detections from consensus_t9.geojson
2026-04-26 00:43:33,992 - WARNING - pairwise_permutation_test - GeoJSON lacks source_tile — will assign via spatial join
2026-04-26 00:43:33,992 - INFO - pairwise_permutation_test - GeoJSON: 549 detections from consensus_t9.geojson
2026-04-26 00:43:34,135 - WARNING - pairwise_permutation_test - GeoJSON lacks source_tile — will assign via spatial join
2026-04-26 00:43:34,135 - INFO - pairwise_permutation_test - GeoJSON: 414 detections from consensus_t9.geojson
2026-04-26 00:43:34,149 - WARNING - pairwise_permutation_test - GeoJSON lacks source_tile — will assign via spatial join
2026-04-26 00:43:34,149 - INFO - pairwise_permutation_test - GeoJSON: 530 detections from consensus_t29.geojson
2026-04-26 00:43:34,170 - WARNING - pairwise_permutation_test - GeoJSON lacks source_tile — will assign via spatial join
2026-04-26 00:43:34,170 - INFO - pairwise_permutation_test - GeoJSON: 414 detections from consensus_t9.geojson
2026-04-26 00:43:34,180 - WARNING - pairwise_permutation_test - GeoJSON lacks source_tile — will assign via spatial join
2026-04-26 00:43:34,180 - INFO - pairwise_permutation_test - GeoJSON: 517 detections from consensus_t10.geojson
2026-04-26 00:43:34,200 - WARNING - pairwise_permutation_test - GeoJSON lacks source_tile — will assign via spatial join
2026-04-26 00:43:34,200 - INFO - pairwise_permutation_test - GeoJSON: 414 detections from consensus_t9.geojson
2026-04-26 00:43:34,209 - WARNING - pairwise_permutation_test - GeoJSON lacks source_tile — will assign via spatial join
2026-04-26 00:43:34,209 - INFO - pairwise_permutation_test - GeoJSON: 466 detections from consensus_t8.geojson
2026-04-26 00:43:34,804 - WARNING - pairwise_permutation_test - GeoJSON lacks source_tile — will assign via spatial join
2026-04-26 00:43:34,804 - INFO - pairwise_permutation_test - GeoJSON: 414 detections from consensus_t9.geojson
2026-04-26 00:43:34,815 - WARNING - pairwise_permutation_test - GeoJSON lacks source_tile — will assign via spatial join
2026-04-26 00:43:34,815 - INFO - pairwise_permutation_test - GeoJSON: 608 detections from consensus_t10.geojson
2026-04-26 00:43:34,855 - WARNING - pairwise_permutation_test - GeoJSON lacks source_tile — will assign via spatial join
2026-04-26 00:43:34,855 - INFO - pairwise_permutation_test - GeoJSON: 414 detections from consensus_t9.geojson
2026-04-26 00:43:34,866 - WARNING - pairwise_permutation_test - GeoJSON lacks source_tile — will assign via spatial join
2026-04-26 00:43:34,866 - INFO - pairwise_permutation_test - GeoJSON: 608 detections from consensus_t10.geojson
2026-04-26 00:43:34,896 - WARNING - pairwise_permutation_test - GeoJSON lacks source_tile — will assign via spatial join
2026-04-26 00:43:34,896 - INFO - pairwise_permutation_test - GeoJSON: 414 detections from consensus_t9.geojson
2026-04-26 00:43:34,906 - WARNING - pairwise_permutation_test - GeoJSON lacks source_tile — will assign via spatial join
2026-04-26 00:43:34,906 - INFO - pairwise_permutation_test - GeoJSON: 681 detections from consensus_t2.geojson
2026-04-26 00:43:34,911 - WARNING - pairwise_permutation_test - GeoJSON lacks source_tile — will assign via spatial join
2026-04-26 00:43:34,911 - INFO - pairwise_permutation_test - GeoJSON: 414 detections from consensus_t9.geojson
2026-04-26 00:43:34,922 - WARNING - pairwise_permutation_test - GeoJSON lacks source_tile — will assign via spatial join
2026-04-26 00:43:34,922 - INFO - pairwise_permutation_test - GeoJSON: 616 detections from consensus_t10.geojson
2026-04-26 00:43:34,947 - WARNING - pairwise_permutation_test - GeoJSON lacks source_tile — will assign via spatial join
2026-04-26 00:43:34,947 - INFO - pairwise_permutation_test - GeoJSON: 414 detections from consensus_t9.geojson
2026-04-26 00:43:34,959 - WARNING - pairwise_permutation_test - GeoJSON lacks source_tile — will assign via spatial join
2026-04-26 00:43:34,959 - INFO - pairwise_permutation_test - GeoJSON: 745 detections from consensus_t3.geojson
2026-04-26 00:43:35,140 - WARNING - pairwise_permutation_test - GeoJSON lacks source_tile — will assign via spatial join
2026-04-26 00:43:35,140 - INFO - pairwise_permutation_test - GeoJSON: 414 detections from consensus_t9.geojson
2026-04-26 00:43:35,152 - WARNING - pairwise_permutation_test - GeoJSON lacks source_tile — will assign via spatial join
2026-04-26 00:43:35,152 - INFO - pairwise_permutation_test - GeoJSON: 799 detections from consensus_t3.geojson
2026-04-26 00:43:35,158 - WARNING - pairwise_permutation_test - GeoJSON lacks source_tile — will assign via spatial join
2026-04-26 00:43:35,158 - INFO - pairwise_permutation_test - GeoJSON: 414 detections from consensus_t9.geojson
2026-04-26 00:43:35,169 - WARNING - pairwise_permutation_test - GeoJSON lacks source_tile — will assign via spatial join
2026-04-26 00:43:35,169 - INFO - pairwise_permutation_test - GeoJSON: 794 detections from consensus_t3.geojson
2026-04-26 00:43:35,178 - WARNING - pairwise_permutation_test - GeoJSON lacks source_tile — will assign via spatial join
2026-04-26 00:43:35,178 - INFO - pairwise_permutation_test - GeoJSON: 414 detections from consensus_t9.geojson
2026-04-26 00:43:35,189 - WARNING - pairwise_permutation_test - GeoJSON lacks source_tile — will assign via spatial join
2026-04-26 00:43:35,190 - INFO - pairwise_permutation_test - GeoJSON: 783 detections from consensus_t3.geojson
2026-04-26 00:43:35,808 - WARNING - pairwise_permutation_test - GeoJSON lacks source_tile — will assign via spatial join
2026-04-26 00:43:35,809 - INFO - pairwise_permutation_test - GeoJSON: 414 detections from consensus_t9.geojson
2026-04-26 00:43:35,818 - WARNING - pairwise_permutation_test - GeoJSON lacks source_tile — will assign via spatial join
2026-04-26 00:43:35,818 - INFO - pairwise_permutation_test - GeoJSON: 604 detections from consensus_t3.geojson
2026-04-26 00:43:35,852 - WARNING - pairwise_permutation_test - GeoJSON lacks source_tile — will assign via spatial join
2026-04-26 00:43:35,852 - INFO - pairwise_permutation_test - GeoJSON: 414 detections from consensus_t9.geojson
2026-04-26 00:43:35,863 - WARNING - pairwise_permutation_test - GeoJSON lacks source_tile — will assign via spatial join
2026-04-26 00:43:35,863 - INFO - pairwise_permutation_test - GeoJSON: 802 detections from consensus_t1.geojson
2026-04-26 00:43:35,897 - WARNING - pairwise_permutation_test - GeoJSON lacks source_tile — will assign via spatial join
2026-04-26 00:43:35,897 - INFO - pairwise_permutation_test - GeoJSON: 414 detections from consensus_t9.geojson
2026-04-26 00:43:35,906 - WARNING - pairwise_permutation_test - GeoJSON lacks source_tile — will assign via spatial join
2026-04-26 00:43:35,906 - INFO - pairwise_permutation_test - GeoJSON: 405 detections from consensus_t7.geojson
2026-04-26 00:43:35,975 - WARNING - pairwise_permutation_test - GeoJSON lacks source_tile — will assign via spatial join
2026-04-26 00:43:35,975 - INFO - pairwise_permutation_test - GeoJSON: 414 detections from consensus_t9.geojson
2026-04-26 00:43:35,983 - WARNING - pairwise_permutation_test - GeoJSON lacks source_tile — will assign via spatial join
2026-04-26 00:43:35,983 - INFO - pairwise_permutation_test - GeoJSON: 403 detections from consensus_t6.geojson
2026-04-26 00:43:36,012 - WARNING - pairwise_permutation_test - GeoJSON lacks source_tile — will assign via spatial join
2026-04-26 00:43:36,012 - INFO - pairwise_permutation_test - GeoJSON: 414 detections from consensus_t9.geojson
2026-04-26 00:43:36,021 - WARNING - pairwise_permutation_test - GeoJSON lacks source_tile — will assign via spatial join
2026-04-26 00:43:36,021 - INFO - pairwise_permutation_test - GeoJSON: 433 detections from consensus_t6.geojson
2026-04-26 00:43:36,219 - WARNING - pairwise_permutation_test - GeoJSON lacks source_tile — will assign via spatial join
2026-04-26 00:43:36,219 - INFO - pairwise_permutation_test - GeoJSON: 414 detections from consensus_t9.geojson
2026-04-26 00:43:36,227 - WARNING - pairwise_permutation_test - GeoJSON lacks source_tile — will assign via spatial join
2026-04-26 00:43:36,227 - INFO - pairwise_permutation_test - GeoJSON: 361 detections from consensus_t9.geojson
2026-04-26 00:43:36,235 - WARNING - pairwise_permutation_test - GeoJSON lacks source_tile — will assign via spatial join
2026-04-26 00:43:36,235 - INFO - pairwise_permutation_test - GeoJSON: 414 detections from consensus_t9.geojson
2026-04-26 00:43:36,244 - WARNING - pairwise_permutation_test - GeoJSON lacks source_tile — will assign via spatial join
2026-04-26 00:43:36,244 - INFO - pairwise_permutation_test - GeoJSON: 461 detections from consensus_t5.geojson
2026-04-26 00:43:36,328 - WARNING - pairwise_permutation_test - GeoJSON lacks source_tile — will assign via spatial join
2026-04-26 00:43:36,328 - INFO - pairwise_permutation_test - GeoJSON: 414 detections from consensus_t9.geojson
2026-04-26 00:43:36,337 - WARNING - pairwise_permutation_test - GeoJSON lacks source_tile — will assign via spatial join
2026-04-26 00:43:36,337 - INFO - pairwise_permutation_test - GeoJSON: 471 detections from consensus_t3.geojson
2026-04-26 00:43:36,831 - WARNING - pairwise_permutation_test - GeoJSON lacks source_tile — will assign via spatial join
2026-04-26 00:43:36,831 - INFO - pairwise_permutation_test - GeoJSON: 414 detections from consensus_t9.geojson
2026-04-26 00:43:36,841 - WARNING - pairwise_permutation_test - GeoJSON lacks source_tile — will assign via spatial join
2026-04-26 00:43:36,841 - INFO - pairwise_permutation_test - GeoJSON: 494 detections from consensus_t8.geojson
2026-04-26 00:43:36,861 - WARNING - pairwise_permutation_test - GeoJSON lacks source_tile — will assign via spatial join
2026-04-26 00:43:36,861 - INFO - pairwise_permutation_test - GeoJSON: 414 detections from consensus_t9.geojson
2026-04-26 00:43:36,870 - WARNING - pairwise_permutation_test - GeoJSON lacks source_tile — will assign via spatial join
2026-04-26 00:43:36,870 - INFO - pairwise_permutation_test - GeoJSON: 567 detections from consensus_t3.geojson
2026-04-26 00:43:36,906 - WARNING - pairwise_permutation_test - GeoJSON lacks source_tile — will assign via spatial join
2026-04-26 00:43:36,906 - INFO - pairwise_permutation_test - GeoJSON: 414 detections from consensus_t9.geojson
2026-04-26 00:43:36,917 - WARNING - pairwise_permutation_test - GeoJSON lacks source_tile — will assign via spatial join
2026-04-26 00:43:36,917 - INFO - pairwise_permutation_test - GeoJSON: 549 detections from consensus_t9.geojson
2026-04-26 00:43:36,948 - WARNING - pairwise_permutation_test - GeoJSON lacks source_tile — will assign via spatial join
2026-04-26 00:43:36,948 - INFO - pairwise_permutation_test - GeoJSON: 414 detections from consensus_t9.geojson
2026-04-26 00:43:36,959 - WARNING - pairwise_permutation_test - GeoJSON lacks source_tile — will assign via spatial join
2026-04-26 00:43:36,959 - INFO - pairwise_permutation_test - GeoJSON: 549 detections from consensus_t9.geojson
2026-04-26 00:43:36,987 - WARNING - pairwise_permutation_test - GeoJSON lacks source_tile — will assign via spatial join
2026-04-26 00:43:36,987 - INFO - pairwise_permutation_test - GeoJSON: 414 detections from consensus_t9.geojson
2026-04-26 00:43:37,001 - WARNING - pairwise_permutation_test - GeoJSON lacks source_tile — will assign via spatial join
2026-04-26 00:43:37,001 - INFO - pairwise_permutation_test - GeoJSON: 530 detections from consensus_t29.geojson
2026-04-26 00:43:37,116 - WARNING - pairwise_permutation_test - GeoJSON lacks source_tile — will assign via spatial join
2026-04-26 00:43:37,116 - INFO - pairwise_permutation_test - GeoJSON: 414 detections from consensus_t9.geojson
2026-04-26 00:43:37,126 - WARNING - pairwise_permutation_test - GeoJSON lacks source_tile — will assign via spatial join
2026-04-26 00:43:37,126 - INFO - pairwise_permutation_test - GeoJSON: 517 detections from consensus_t10.geojson
2026-04-26 00:43:37,199 - WARNING - pairwise_permutation_test - GeoJSON lacks source_tile — will assign via spatial join
2026-04-26 00:43:37,199 - INFO - pairwise_permutation_test - GeoJSON: 414 detections from consensus_t9.geojson
2026-04-26 00:43:37,208 - WARNING - pairwise_permutation_test - GeoJSON lacks source_tile — will assign via spatial join
2026-04-26 00:43:37,208 - INFO - pairwise_permutation_test - GeoJSON: 466 detections from consensus_t8.geojson
2026-04-26 00:43:37,334 - WARNING - pairwise_permutation_test - GeoJSON lacks source_tile — will assign via spatial join
2026-04-26 00:43:37,334 - INFO - pairwise_permutation_test - GeoJSON: 414 detections from consensus_t9.geojson
2026-04-26 00:43:37,345 - WARNING - pairwise_permutation_test - GeoJSON lacks source_tile — will assign via spatial join
2026-04-26 00:43:37,345 - INFO - pairwise_permutation_test - GeoJSON: 608 detections from consensus_t10.geojson
2026-04-26 00:43:37,812 - WARNING - pairwise_permutation_test - GeoJSON lacks source_tile — will assign via spatial join
2026-04-26 00:43:37,812 - INFO - pairwise_permutation_test - GeoJSON: 414 detections from consensus_t9.geojson
2026-04-26 00:43:37,823 - WARNING - pairwise_permutation_test - GeoJSON lacks source_tile — will assign via spatial join
2026-04-26 00:43:37,823 - INFO - pairwise_permutation_test - GeoJSON: 608 detections from consensus_t10.geojson
2026-04-26 00:43:37,876 - WARNING - pairwise_permutation_test - GeoJSON lacks source_tile — will assign via spatial join
2026-04-26 00:43:37,876 - INFO - pairwise_permutation_test - GeoJSON: 414 detections from consensus_t9.geojson
2026-04-26 00:43:37,887 - WARNING - pairwise_permutation_test - GeoJSON lacks source_tile — will assign via spatial join
2026-04-26 00:43:37,887 - INFO - pairwise_permutation_test - GeoJSON: 681 detections from consensus_t2.geojson
2026-04-26 00:43:37,888 - WARNING - pairwise_permutation_test - GeoJSON lacks source_tile — will assign via spatial join
2026-04-26 00:43:37,888 - INFO - pairwise_permutation_test - GeoJSON: 414 detections from consensus_t9.geojson
2026-04-26 00:43:37,899 - WARNING - pairwise_permutation_test - GeoJSON lacks source_tile — will assign via spatial join
2026-04-26 00:43:37,899 - INFO - pairwise_permutation_test - GeoJSON: 616 detections from consensus_t10.geojson
2026-04-26 00:43:37,911 - WARNING - pairwise_permutation_test - GeoJSON lacks source_tile — will assign via spatial join
2026-04-26 00:43:37,911 - INFO - pairwise_permutation_test - GeoJSON: 414 detections from consensus_t9.geojson
2026-04-26 00:43:37,922 - WARNING - pairwise_permutation_test - GeoJSON lacks source_tile — will assign via spatial join
2026-04-26 00:43:37,922 - INFO - pairwise_permutation_test - GeoJSON: 745 detections from consensus_t3.geojson
2026-04-26 00:43:37,962 - WARNING - pairwise_permutation_test - GeoJSON lacks source_tile — will assign via spatial join
2026-04-26 00:43:37,963 - INFO - pairwise_permutation_test - GeoJSON: 414 detections from consensus_t9.geojson
2026-04-26 00:43:37,974 - WARNING - pairwise_permutation_test - GeoJSON lacks source_tile — will assign via spatial join
2026-04-26 00:43:37,974 - INFO - pairwise_permutation_test - GeoJSON: 799 detections from consensus_t3.geojson
2026-04-26 00:43:38,101 - WARNING - pairwise_permutation_test - GeoJSON lacks source_tile — will assign via spatial join
2026-04-26 00:43:38,102 - INFO - pairwise_permutation_test - GeoJSON: 414 detections from consensus_t9.geojson
2026-04-26 00:43:38,113 - WARNING - pairwise_permutation_test - GeoJSON lacks source_tile — will assign via spatial join
2026-04-26 00:43:38,113 - INFO - pairwise_permutation_test - GeoJSON: 794 detections from consensus_t3.geojson
2026-04-26 00:43:38,196 - WARNING - pairwise_permutation_test - GeoJSON lacks source_tile — will assign via spatial join
2026-04-26 00:43:38,196 - INFO - pairwise_permutation_test - GeoJSON: 414 detections from consensus_t9.geojson
2026-04-26 00:43:38,207 - WARNING - pairwise_permutation_test - GeoJSON lacks source_tile — will assign via spatial join
2026-04-26 00:43:38,207 - INFO - pairwise_permutation_test - GeoJSON: 783 detections from consensus_t3.geojson
2026-04-26 00:43:38,374 - WARNING - pairwise_permutation_test - GeoJSON lacks source_tile — will assign via spatial join
2026-04-26 00:43:38,374 - INFO - pairwise_permutation_test - GeoJSON: 414 detections from consensus_t9.geojson
2026-04-26 00:43:38,384 - WARNING - pairwise_permutation_test - GeoJSON lacks source_tile — will assign via spatial join
2026-04-26 00:43:38,384 - INFO - pairwise_permutation_test - GeoJSON: 604 detections from consensus_t3.geojson
2026-04-26 00:43:38,813 - WARNING - pairwise_permutation_test - GeoJSON lacks source_tile — will assign via spatial join
2026-04-26 00:43:38,813 - INFO - pairwise_permutation_test - GeoJSON: 414 detections from consensus_t9.geojson
2026-04-26 00:43:38,824 - WARNING - pairwise_permutation_test - GeoJSON lacks source_tile — will assign via spatial join
2026-04-26 00:43:38,824 - INFO - pairwise_permutation_test - GeoJSON: 802 detections from consensus_t1.geojson
2026-04-26 00:43:38,893 - WARNING - pairwise_permutation_test - GeoJSON lacks source_tile — will assign via spatial join
2026-04-26 00:43:38,893 - INFO - pairwise_permutation_test - GeoJSON: 405 detections from consensus_t7.geojson
2026-04-26 00:43:38,901 - WARNING - pairwise_permutation_test - GeoJSON lacks source_tile — will assign via spatial join
2026-04-26 00:43:38,901 - INFO - pairwise_permutation_test - GeoJSON: 403 detections from consensus_t6.geojson
2026-04-26 00:43:38,952 - WARNING - pairwise_permutation_test - GeoJSON lacks source_tile — will assign via spatial join
2026-04-26 00:43:38,952 - INFO - pairwise_permutation_test - GeoJSON: 405 detections from consensus_t7.geojson
2026-04-26 00:43:38,961 - WARNING - pairwise_permutation_test - GeoJSON lacks source_tile — will assign via spatial join
2026-04-26 00:43:38,961 - INFO - pairwise_permutation_test - GeoJSON: 433 detections from consensus_t6.geojson
2026-04-26 00:43:38,974 - WARNING - pairwise_permutation_test - GeoJSON lacks source_tile — will assign via spatial join
2026-04-26 00:43:38,974 - INFO - pairwise_permutation_test - GeoJSON: 405 detections from consensus_t7.geojson
2026-04-26 00:43:38,982 - WARNING - pairwise_permutation_test - GeoJSON lacks source_tile — will assign via spatial join
2026-04-26 00:43:38,982 - INFO - pairwise_permutation_test - GeoJSON: 361 detections from consensus_t9.geojson
2026-04-26 00:43:39,038 - WARNING - pairwise_permutation_test - GeoJSON lacks source_tile — will assign via spatial join
2026-04-26 00:43:39,038 - INFO - pairwise_permutation_test - GeoJSON: 405 detections from consensus_t7.geojson
2026-04-26 00:43:39,047 - WARNING - pairwise_permutation_test - GeoJSON lacks source_tile — will assign via spatial join
2026-04-26 00:43:39,047 - INFO - pairwise_permutation_test - GeoJSON: 461 detections from consensus_t5.geojson
2026-04-26 00:43:39,156 - INFO - __main__ - [150/406] pairwise done
2026-04-26 00:43:39,173 - WARNING - pairwise_permutation_test - GeoJSON lacks source_tile — will assign via spatial join
2026-04-26 00:43:39,173 - INFO - pairwise_permutation_test - GeoJSON: 405 detections from consensus_t7.geojson
2026-04-26 00:43:39,181 - WARNING - pairwise_permutation_test - GeoJSON lacks source_tile — will assign via spatial join
2026-04-26 00:43:39,181 - INFO - pairwise_permutation_test - GeoJSON: 471 detections from consensus_t3.geojson
2026-04-26 00:43:39,333 - WARNING - pairwise_permutation_test - GeoJSON lacks source_tile — will assign via spatial join
2026-04-26 00:43:39,333 - INFO - pairwise_permutation_test - GeoJSON: 405 detections from consensus_t7.geojson
2026-04-26 00:43:39,343 - WARNING - pairwise_permutation_test - GeoJSON lacks source_tile — will assign via spatial join
2026-04-26 00:43:39,343 - INFO - pairwise_permutation_test - GeoJSON: 494 detections from consensus_t8.geojson
2026-04-26 00:43:39,456 - WARNING - pairwise_permutation_test - GeoJSON lacks source_tile — will assign via spatial join
2026-04-26 00:43:39,456 - INFO - pairwise_permutation_test - GeoJSON: 405 detections from consensus_t7.geojson
2026-04-26 00:43:39,465 - WARNING - pairwise_permutation_test - GeoJSON lacks source_tile — will assign via spatial join
2026-04-26 00:43:39,465 - INFO - pairwise_permutation_test - GeoJSON: 567 detections from consensus_t3.geojson
2026-04-26 00:43:39,839 - WARNING - pairwise_permutation_test - GeoJSON lacks source_tile — will assign via spatial join
2026-04-26 00:43:39,839 - INFO - pairwise_permutation_test - GeoJSON: 405 detections from consensus_t7.geojson
2026-04-26 00:43:39,849 - WARNING - pairwise_permutation_test - GeoJSON lacks source_tile — will assign via spatial join
2026-04-26 00:43:39,849 - INFO - pairwise_permutation_test - GeoJSON: 549 detections from consensus_t9.geojson
2026-04-26 00:43:39,885 - WARNING - pairwise_permutation_test - GeoJSON lacks source_tile — will assign via spatial join
2026-04-26 00:43:39,885 - INFO - pairwise_permutation_test - GeoJSON: 405 detections from consensus_t7.geojson
2026-04-26 00:43:39,896 - WARNING - pairwise_permutation_test - GeoJSON lacks source_tile — will assign via spatial join
2026-04-26 00:43:39,896 - INFO - pairwise_permutation_test - GeoJSON: 549 detections from consensus_t9.geojson
2026-04-26 00:43:39,906 - WARNING - pairwise_permutation_test - GeoJSON lacks source_tile — will assign via spatial join
2026-04-26 00:43:39,906 - INFO - pairwise_permutation_test - GeoJSON: 405 detections from consensus_t7.geojson
2026-04-26 00:43:39,920 - WARNING - pairwise_permutation_test - GeoJSON lacks source_tile — will assign via spatial join
2026-04-26 00:43:39,920 - INFO - pairwise_permutation_test - GeoJSON: 530 detections from consensus_t29.geojson
2026-04-26 00:43:39,946 - WARNING - pairwise_permutation_test - GeoJSON lacks source_tile — will assign via spatial join
2026-04-26 00:43:39,946 - INFO - pairwise_permutation_test - GeoJSON: 405 detections from consensus_t7.geojson
2026-04-26 00:43:39,956 - WARNING - pairwise_permutation_test - GeoJSON lacks source_tile — will assign via spatial join
2026-04-26 00:43:39,957 - INFO - pairwise_permutation_test - GeoJSON: 517 detections from consensus_t10.geojson
2026-04-26 00:43:39,971 - WARNING - pairwise_permutation_test - GeoJSON lacks source_tile — will assign via spatial join
2026-04-26 00:43:39,971 - INFO - pairwise_permutation_test - GeoJSON: 405 detections from consensus_t7.geojson
2026-04-26 00:43:39,981 - WARNING - pairwise_permutation_test - GeoJSON lacks source_tile — will assign via spatial join
2026-04-26 00:43:39,981 - INFO - pairwise_permutation_test - GeoJSON: 466 detections from consensus_t8.geojson
2026-04-26 00:43:40,156 - WARNING - pairwise_permutation_test - GeoJSON lacks source_tile — will assign via spatial join
2026-04-26 00:43:40,156 - INFO - pairwise_permutation_test - GeoJSON: 405 detections from consensus_t7.geojson
2026-04-26 00:43:40,168 - WARNING - pairwise_permutation_test - GeoJSON lacks source_tile — will assign via spatial join
2026-04-26 00:43:40,168 - INFO - pairwise_permutation_test - GeoJSON: 608 detections from consensus_t10.geojson
2026-04-26 00:43:40,345 - WARNING - pairwise_permutation_test - GeoJSON lacks source_tile — will assign via spatial join
2026-04-26 00:43:40,345 - INFO - pairwise_permutation_test - GeoJSON: 405 detections from consensus_t7.geojson
2026-04-26 00:43:40,356 - WARNING - pairwise_permutation_test - GeoJSON lacks source_tile — will assign via spatial join
2026-04-26 00:43:40,357 - INFO - pairwise_permutation_test - GeoJSON: 608 detections from consensus_t10.geojson
2026-04-26 00:43:40,521 - WARNING - pairwise_permutation_test - GeoJSON lacks source_tile — will assign via spatial join
2026-04-26 00:43:40,521 - INFO - pairwise_permutation_test - GeoJSON: 405 detections from consensus_t7.geojson
2026-04-26 00:43:40,532 - WARNING - pairwise_permutation_test - GeoJSON lacks source_tile — will assign via spatial join
2026-04-26 00:43:40,532 - INFO - pairwise_permutation_test - GeoJSON: 681 detections from consensus_t2.geojson
2026-04-26 00:43:40,815 - WARNING - pairwise_permutation_test - GeoJSON lacks source_tile — will assign via spatial join
2026-04-26 00:43:40,815 - INFO - pairwise_permutation_test - GeoJSON: 405 detections from consensus_t7.geojson
2026-04-26 00:43:40,826 - WARNING - pairwise_permutation_test - GeoJSON lacks source_tile — will assign via spatial join
2026-04-26 00:43:40,826 - INFO - pairwise_permutation_test - GeoJSON: 616 detections from consensus_t10.geojson
2026-04-26 00:43:40,862 - WARNING - pairwise_permutation_test - GeoJSON lacks source_tile — will assign via spatial join
2026-04-26 00:43:40,862 - INFO - pairwise_permutation_test - GeoJSON: 405 detections from consensus_t7.geojson
2026-04-26 00:43:40,873 - WARNING - pairwise_permutation_test - GeoJSON lacks source_tile — will assign via spatial join
2026-04-26 00:43:40,873 - INFO - pairwise_permutation_test - GeoJSON: 745 detections from consensus_t3.geojson
2026-04-26 00:43:40,892 - WARNING - pairwise_permutation_test - GeoJSON lacks source_tile — will assign via spatial join
2026-04-26 00:43:40,892 - INFO - pairwise_permutation_test - GeoJSON: 405 detections from consensus_t7.geojson
2026-04-26 00:43:40,904 - WARNING - pairwise_permutation_test - GeoJSON lacks source_tile — will assign via spatial join
2026-04-26 00:43:40,904 - INFO - pairwise_permutation_test - GeoJSON: 799 detections from consensus_t3.geojson
2026-04-26 00:43:40,937 - WARNING - pairwise_permutation_test - GeoJSON lacks source_tile — will assign via spatial join
2026-04-26 00:43:40,937 - INFO - pairwise_permutation_test - GeoJSON: 405 detections from consensus_t7.geojson
2026-04-26 00:43:40,946 - WARNING - pairwise_permutation_test - GeoJSON lacks source_tile — will assign via spatial join
2026-04-26 00:43:40,947 - INFO - pairwise_permutation_test - GeoJSON: 405 detections from consensus_t7.geojson
2026-04-26 00:43:40,949 - WARNING - pairwise_permutation_test - GeoJSON lacks source_tile — will assign via spatial join
2026-04-26 00:43:40,949 - INFO - pairwise_permutation_test - GeoJSON: 794 detections from consensus_t3.geojson
2026-04-26 00:43:40,958 - WARNING - pairwise_permutation_test - GeoJSON lacks source_tile — will assign via spatial join
2026-04-26 00:43:40,958 - INFO - pairwise_permutation_test - GeoJSON: 783 detections from consensus_t3.geojson
2026-04-26 00:43:41,163 - WARNING - pairwise_permutation_test - GeoJSON lacks source_tile — will assign via spatial join
2026-04-26 00:43:41,163 - INFO - pairwise_permutation_test - GeoJSON: 405 detections from consensus_t7.geojson
2026-04-26 00:43:41,172 - WARNING - pairwise_permutation_test - GeoJSON lacks source_tile — will assign via spatial join
2026-04-26 00:43:41,172 - INFO - pairwise_permutation_test - GeoJSON: 604 detections from consensus_t3.geojson
2026-04-26 00:43:41,384 - WARNING - pairwise_permutation_test - GeoJSON lacks source_tile — will assign via spatial join
2026-04-26 00:43:41,384 - INFO - pairwise_permutation_test - GeoJSON: 405 detections from consensus_t7.geojson
2026-04-26 00:43:41,396 - WARNING - pairwise_permutation_test - GeoJSON lacks source_tile — will assign via spatial join
2026-04-26 00:43:41,396 - INFO - pairwise_permutation_test - GeoJSON: 802 detections from consensus_t1.geojson
2026-04-26 00:43:41,648 - WARNING - pairwise_permutation_test - GeoJSON lacks source_tile — will assign via spatial join
2026-04-26 00:43:41,649 - INFO - pairwise_permutation_test - GeoJSON: 403 detections from consensus_t6.geojson
2026-04-26 00:43:41,657 - WARNING - pairwise_permutation_test - GeoJSON lacks source_tile — will assign via spatial join
2026-04-26 00:43:41,658 - INFO - pairwise_permutation_test - GeoJSON: 433 detections from consensus_t6.geojson
2026-04-26 00:43:41,814 - WARNING - pairwise_permutation_test - GeoJSON lacks source_tile — will assign via spatial join
2026-04-26 00:43:41,814 - INFO - pairwise_permutation_test - GeoJSON: 403 detections from consensus_t6.geojson
2026-04-26 00:43:41,822 - WARNING - pairwise_permutation_test - GeoJSON lacks source_tile — will assign via spatial join
2026-04-26 00:43:41,822 - INFO - pairwise_permutation_test - GeoJSON: 361 detections from consensus_t9.geojson
2026-04-26 00:43:41,936 - WARNING - pairwise_permutation_test - GeoJSON lacks source_tile — will assign via spatial join
2026-04-26 00:43:41,936 - INFO - pairwise_permutation_test - GeoJSON: 403 detections from consensus_t6.geojson
2026-04-26 00:43:41,945 - WARNING - pairwise_permutation_test - GeoJSON lacks source_tile — will assign via spatial join
2026-04-26 00:43:41,945 - INFO - pairwise_permutation_test - GeoJSON: 461 detections from consensus_t5.geojson
2026-04-26 00:43:41,966 - WARNING - pairwise_permutation_test - GeoJSON lacks source_tile — will assign via spatial join
2026-04-26 00:43:41,966 - INFO - pairwise_permutation_test - GeoJSON: 403 detections from consensus_t6.geojson
2026-04-26 00:43:41,975 - WARNING - pairwise_permutation_test - GeoJSON lacks source_tile — will assign via spatial join
2026-04-26 00:43:41,975 - INFO - pairwise_permutation_test - GeoJSON: 471 detections from consensus_t3.geojson
2026-04-26 00:43:42,013 - WARNING - pairwise_permutation_test - GeoJSON lacks source_tile — will assign via spatial join
2026-04-26 00:43:42,013 - INFO - pairwise_permutation_test - GeoJSON: 403 detections from consensus_t6.geojson
2026-04-26 00:43:42,023 - WARNING - pairwise_permutation_test - GeoJSON lacks source_tile — will assign via spatial join
2026-04-26 00:43:42,023 - INFO - pairwise_permutation_test - GeoJSON: 494 detections from consensus_t8.geojson
2026-04-26 00:43:42,051 - WARNING - pairwise_permutation_test - GeoJSON lacks source_tile — will assign via spatial join
2026-04-26 00:43:42,051 - INFO - pairwise_permutation_test - GeoJSON: 403 detections from consensus_t6.geojson
2026-04-26 00:43:42,060 - WARNING - pairwise_permutation_test - GeoJSON lacks source_tile — will assign via spatial join
2026-04-26 00:43:42,060 - INFO - pairwise_permutation_test - GeoJSON: 567 detections from consensus_t3.geojson
2026-04-26 00:43:42,221 - WARNING - pairwise_permutation_test - GeoJSON lacks source_tile — will assign via spatial join
2026-04-26 00:43:42,221 - INFO - pairwise_permutation_test - GeoJSON: 403 detections from consensus_t6.geojson
2026-04-26 00:43:42,232 - WARNING - pairwise_permutation_test - GeoJSON lacks source_tile — will assign via spatial join
2026-04-26 00:43:42,232 - INFO - pairwise_permutation_test - GeoJSON: 549 detections from consensus_t9.geojson
2026-04-26 00:43:42,561 - WARNING - pairwise_permutation_test - GeoJSON lacks source_tile — will assign via spatial join
2026-04-26 00:43:42,561 - INFO - pairwise_permutation_test - GeoJSON: 403 detections from consensus_t6.geojson
2026-04-26 00:43:42,572 - WARNING - pairwise_permutation_test - GeoJSON lacks source_tile — will assign via spatial join
2026-04-26 00:43:42,572 - INFO - pairwise_permutation_test - GeoJSON: 549 detections from consensus_t9.geojson
2026-04-26 00:43:42,629 - WARNING - pairwise_permutation_test - GeoJSON lacks source_tile — will assign via spatial join
2026-04-26 00:43:42,629 - INFO - pairwise_permutation_test - GeoJSON: 403 detections from consensus_t6.geojson
2026-04-26 00:43:42,643 - WARNING - pairwise_permutation_test - GeoJSON lacks source_tile — will assign via spatial join
2026-04-26 00:43:42,644 - INFO - pairwise_permutation_test - GeoJSON: 530 detections from consensus_t29.geojson
2026-04-26 00:43:42,723 - WARNING - pairwise_permutation_test - GeoJSON lacks source_tile — will assign via spatial join
2026-04-26 00:43:42,723 - INFO - pairwise_permutation_test - GeoJSON: 403 detections from consensus_t6.geojson
2026-04-26 00:43:42,733 - WARNING - pairwise_permutation_test - GeoJSON lacks source_tile — will assign via spatial join
2026-04-26 00:43:42,733 - INFO - pairwise_permutation_test - GeoJSON: 517 detections from consensus_t10.geojson
2026-04-26 00:43:42,879 - WARNING - pairwise_permutation_test - GeoJSON lacks source_tile — will assign via spatial join
2026-04-26 00:43:42,882 - INFO - pairwise_permutation_test - GeoJSON: 403 detections from consensus_t6.geojson
2026-04-26 00:43:42,891 - WARNING - pairwise_permutation_test - GeoJSON lacks source_tile — will assign via spatial join
2026-04-26 00:43:42,891 - INFO - pairwise_permutation_test - GeoJSON: 466 detections from consensus_t8.geojson
2026-04-26 00:43:42,955 - WARNING - pairwise_permutation_test - GeoJSON lacks source_tile — will assign via spatial join
2026-04-26 00:43:42,955 - INFO - pairwise_permutation_test - GeoJSON: 403 detections from consensus_t6.geojson
2026-04-26 00:43:42,966 - WARNING - pairwise_permutation_test - GeoJSON lacks source_tile — will assign via spatial join
2026-04-26 00:43:42,966 - INFO - pairwise_permutation_test - GeoJSON: 608 detections from consensus_t10.geojson
2026-04-26 00:43:42,995 - WARNING - pairwise_permutation_test - GeoJSON lacks source_tile — will assign via spatial join
2026-04-26 00:43:42,995 - INFO - pairwise_permutation_test - GeoJSON: 403 detections from consensus_t6.geojson
2026-04-26 00:43:43,006 - WARNING - pairwise_permutation_test - GeoJSON lacks source_tile — will assign via spatial join
2026-04-26 00:43:43,006 - INFO - pairwise_permutation_test - GeoJSON: 608 detections from consensus_t10.geojson
2026-04-26 00:43:43,085 - WARNING - pairwise_permutation_test - GeoJSON lacks source_tile — will assign via spatial join
2026-04-26 00:43:43,085 - INFO - pairwise_permutation_test - GeoJSON: 403 detections from consensus_t6.geojson
2026-04-26 00:43:43,095 - WARNING - pairwise_permutation_test - GeoJSON lacks source_tile — will assign via spatial join
2026-04-26 00:43:43,095 - INFO - pairwise_permutation_test - GeoJSON: 681 detections from consensus_t2.geojson
2026-04-26 00:43:43,205 - WARNING - pairwise_permutation_test - GeoJSON lacks source_tile — will assign via spatial join
2026-04-26 00:43:43,205 - INFO - pairwise_permutation_test - GeoJSON: 403 detections from consensus_t6.geojson
2026-04-26 00:43:43,216 - WARNING - pairwise_permutation_test - GeoJSON lacks source_tile — will assign via spatial join
2026-04-26 00:43:43,216 - INFO - pairwise_permutation_test - GeoJSON: 616 detections from consensus_t10.geojson
2026-04-26 00:43:43,570 - WARNING - pairwise_permutation_test - GeoJSON lacks source_tile — will assign via spatial join
2026-04-26 00:43:43,570 - INFO - pairwise_permutation_test - GeoJSON: 403 detections from consensus_t6.geojson
2026-04-26 00:43:43,581 - WARNING - pairwise_permutation_test - GeoJSON lacks source_tile — will assign via spatial join
2026-04-26 00:43:43,581 - INFO - pairwise_permutation_test - GeoJSON: 745 detections from consensus_t3.geojson
2026-04-26 00:43:43,646 - WARNING - pairwise_permutation_test - GeoJSON lacks source_tile — will assign via spatial join
2026-04-26 00:43:43,646 - INFO - pairwise_permutation_test - GeoJSON: 403 detections from consensus_t6.geojson
2026-04-26 00:43:43,658 - WARNING - pairwise_permutation_test - GeoJSON lacks source_tile — will assign via spatial join
2026-04-26 00:43:43,658 - INFO - pairwise_permutation_test - GeoJSON: 799 detections from consensus_t3.geojson
2026-04-26 00:43:43,712 - WARNING - pairwise_permutation_test - GeoJSON lacks source_tile — will assign via spatial join
2026-04-26 00:43:43,712 - INFO - pairwise_permutation_test - GeoJSON: 403 detections from consensus_t6.geojson
2026-04-26 00:43:43,724 - WARNING - pairwise_permutation_test - GeoJSON lacks source_tile — will assign via spatial join
2026-04-26 00:43:43,724 - INFO - pairwise_permutation_test - GeoJSON: 794 detections from consensus_t3.geojson
2026-04-26 00:43:43,841 - WARNING - pairwise_permutation_test - GeoJSON lacks source_tile — will assign via spatial join
2026-04-26 00:43:43,841 - INFO - pairwise_permutation_test - GeoJSON: 403 detections from consensus_t6.geojson
2026-04-26 00:43:43,852 - WARNING - pairwise_permutation_test - GeoJSON lacks source_tile — will assign via spatial join
2026-04-26 00:43:43,852 - INFO - pairwise_permutation_test - GeoJSON: 783 detections from consensus_t3.geojson
2026-04-26 00:43:43,973 - WARNING - pairwise_permutation_test - GeoJSON lacks source_tile — will assign via spatial join
2026-04-26 00:43:43,973 - INFO - pairwise_permutation_test - GeoJSON: 403 detections from consensus_t6.geojson
2026-04-26 00:43:43,983 - WARNING - pairwise_permutation_test - GeoJSON lacks source_tile — will assign via spatial join
2026-04-26 00:43:43,983 - INFO - pairwise_permutation_test - GeoJSON: 604 detections from consensus_t3.geojson
2026-04-26 00:43:44,011 - WARNING - pairwise_permutation_test - GeoJSON lacks source_tile — will assign via spatial join
2026-04-26 00:43:44,011 - INFO - pairwise_permutation_test - GeoJSON: 403 detections from consensus_t6.geojson
2026-04-26 00:43:44,022 - WARNING - pairwise_permutation_test - GeoJSON lacks source_tile — will assign via spatial join
2026-04-26 00:43:44,022 - INFO - pairwise_permutation_test - GeoJSON: 802 detections from consensus_t1.geojson
2026-04-26 00:43:44,181 - WARNING - pairwise_permutation_test - GeoJSON lacks source_tile — will assign via spatial join
2026-04-26 00:43:44,181 - INFO - pairwise_permutation_test - GeoJSON: 433 detections from consensus_t6.geojson
2026-04-26 00:43:44,190 - WARNING - pairwise_permutation_test - GeoJSON lacks source_tile — will assign via spatial join
2026-04-26 00:43:44,190 - INFO - pairwise_permutation_test - GeoJSON: 361 detections from consensus_t9.geojson
2026-04-26 00:43:44,206 - WARNING - pairwise_permutation_test - GeoJSON lacks source_tile — will assign via spatial join
2026-04-26 00:43:44,206 - INFO - pairwise_permutation_test - GeoJSON: 433 detections from consensus_t6.geojson
2026-04-26 00:43:44,214 - WARNING - pairwise_permutation_test - GeoJSON lacks source_tile — will assign via spatial join
2026-04-26 00:43:44,214 - INFO - pairwise_permutation_test - GeoJSON: 461 detections from consensus_t5.geojson
2026-04-26 00:43:44,682 - WARNING - pairwise_permutation_test - GeoJSON lacks source_tile — will assign via spatial join
2026-04-26 00:43:44,682 - INFO - pairwise_permutation_test - GeoJSON: 433 detections from consensus_t6.geojson
2026-04-26 00:43:44,691 - WARNING - pairwise_permutation_test - GeoJSON lacks source_tile — will assign via spatial join
2026-04-26 00:43:44,691 - INFO - pairwise_permutation_test - GeoJSON: 471 detections from consensus_t3.geojson
2026-04-26 00:43:44,765 - WARNING - pairwise_permutation_test - GeoJSON lacks source_tile — will assign via spatial join
2026-04-26 00:43:44,765 - INFO - pairwise_permutation_test - GeoJSON: 433 detections from consensus_t6.geojson
2026-04-26 00:43:44,775 - WARNING - pairwise_permutation_test - GeoJSON lacks source_tile — will assign via spatial join
2026-04-26 00:43:44,775 - INFO - pairwise_permutation_test - GeoJSON: 494 detections from consensus_t8.geojson
2026-04-26 00:43:44,791 - WARNING - pairwise_permutation_test - GeoJSON lacks source_tile — will assign via spatial join
2026-04-26 00:43:44,791 - INFO - pairwise_permutation_test - GeoJSON: 433 detections from consensus_t6.geojson
2026-04-26 00:43:44,800 - WARNING - pairwise_permutation_test - GeoJSON lacks source_tile — will assign via spatial join
2026-04-26 00:43:44,800 - INFO - pairwise_permutation_test - GeoJSON: 567 detections from consensus_t3.geojson
2026-04-26 00:43:44,946 - WARNING - pairwise_permutation_test - GeoJSON lacks source_tile — will assign via spatial join
2026-04-26 00:43:44,946 - INFO - pairwise_permutation_test - GeoJSON: 433 detections from consensus_t6.geojson
2026-04-26 00:43:44,956 - WARNING - pairwise_permutation_test - GeoJSON lacks source_tile — will assign via spatial join
2026-04-26 00:43:44,956 - INFO - pairwise_permutation_test - GeoJSON: 549 detections from consensus_t9.geojson
2026-04-26 00:43:45,047 - WARNING - pairwise_permutation_test - GeoJSON lacks source_tile — will assign via spatial join
2026-04-26 00:43:45,047 - INFO - pairwise_permutation_test - GeoJSON: 433 detections from consensus_t6.geojson
2026-04-26 00:43:45,057 - WARNING - pairwise_permutation_test - GeoJSON lacks source_tile — will assign via spatial join
2026-04-26 00:43:45,057 - INFO - pairwise_permutation_test - GeoJSON: 549 detections from consensus_t9.geojson
2026-04-26 00:43:45,102 - WARNING - pairwise_permutation_test - GeoJSON lacks source_tile — will assign via spatial join
2026-04-26 00:43:45,102 - INFO - pairwise_permutation_test - GeoJSON: 433 detections from consensus_t6.geojson
2026-04-26 00:43:45,116 - WARNING - pairwise_permutation_test - GeoJSON lacks source_tile — will assign via spatial join
2026-04-26 00:43:45,116 - INFO - pairwise_permutation_test - GeoJSON: 530 detections from consensus_t29.geojson
2026-04-26 00:43:45,153 - WARNING - pairwise_permutation_test - GeoJSON lacks source_tile — will assign via spatial join
2026-04-26 00:43:45,153 - INFO - pairwise_permutation_test - GeoJSON: 433 detections from consensus_t6.geojson
2026-04-26 00:43:45,160 - WARNING - pairwise_permutation_test - GeoJSON lacks source_tile — will assign via spatial join
2026-04-26 00:43:45,160 - INFO - pairwise_permutation_test - GeoJSON: 433 detections from consensus_t6.geojson
2026-04-26 00:43:45,163 - WARNING - pairwise_permutation_test - GeoJSON lacks source_tile — will assign via spatial join
2026-04-26 00:43:45,163 - INFO - pairwise_permutation_test - GeoJSON: 517 detections from consensus_t10.geojson
2026-04-26 00:43:45,169 - WARNING - pairwise_permutation_test - GeoJSON lacks source_tile — will assign via spatial join
2026-04-26 00:43:45,169 - INFO - pairwise_permutation_test - GeoJSON: 466 detections from consensus_t8.geojson
2026-04-26 00:43:45,712 - WARNING - pairwise_permutation_test - GeoJSON lacks source_tile — will assign via spatial join
2026-04-26 00:43:45,712 - INFO - pairwise_permutation_test - GeoJSON: 433 detections from consensus_t6.geojson
2026-04-26 00:43:45,723 - WARNING - pairwise_permutation_test - GeoJSON lacks source_tile — will assign via spatial join
2026-04-26 00:43:45,723 - INFO - pairwise_permutation_test - GeoJSON: 608 detections from consensus_t10.geojson
2026-04-26 00:43:45,775 - INFO - __main__ - [200/406] pairwise done
2026-04-26 00:43:45,792 - WARNING - pairwise_permutation_test - GeoJSON lacks source_tile — will assign via spatial join
2026-04-26 00:43:45,792 - INFO - pairwise_permutation_test - GeoJSON: 433 detections from consensus_t6.geojson
2026-04-26 00:43:45,803 - WARNING - pairwise_permutation_test - GeoJSON lacks source_tile — will assign via spatial join
2026-04-26 00:43:45,803 - INFO - pairwise_permutation_test - GeoJSON: 608 detections from consensus_t10.geojson
2026-04-26 00:43:45,834 - WARNING - pairwise_permutation_test - GeoJSON lacks source_tile — will assign via spatial join
2026-04-26 00:43:45,834 - INFO - pairwise_permutation_test - GeoJSON: 433 detections from consensus_t6.geojson
2026-04-26 00:43:45,844 - WARNING - pairwise_permutation_test - GeoJSON lacks source_tile — will assign via spatial join
2026-04-26 00:43:45,844 - INFO - pairwise_permutation_test - GeoJSON: 681 detections from consensus_t2.geojson
2026-04-26 00:43:45,935 - WARNING - pairwise_permutation_test - GeoJSON lacks source_tile — will assign via spatial join
2026-04-26 00:43:45,935 - INFO - pairwise_permutation_test - GeoJSON: 433 detections from consensus_t6.geojson
2026-04-26 00:43:45,947 - WARNING - pairwise_permutation_test - GeoJSON lacks source_tile — will assign via spatial join
2026-04-26 00:43:45,947 - INFO - pairwise_permutation_test - GeoJSON: 616 detections from consensus_t10.geojson
2026-04-26 00:43:46,038 - WARNING - pairwise_permutation_test - GeoJSON lacks source_tile — will assign via spatial join
2026-04-26 00:43:46,038 - INFO - pairwise_permutation_test - GeoJSON: 433 detections from consensus_t6.geojson
2026-04-26 00:43:46,049 - WARNING - pairwise_permutation_test - GeoJSON lacks source_tile — will assign via spatial join
2026-04-26 00:43:46,049 - INFO - pairwise_permutation_test - GeoJSON: 745 detections from consensus_t3.geojson
2026-04-26 00:43:46,098 - WARNING - pairwise_permutation_test - GeoJSON lacks source_tile — will assign via spatial join
2026-04-26 00:43:46,098 - INFO - pairwise_permutation_test - GeoJSON: 433 detections from consensus_t6.geojson
2026-04-26 00:43:46,109 - WARNING - pairwise_permutation_test - GeoJSON lacks source_tile — will assign via spatial join
2026-04-26 00:43:46,110 - INFO - pairwise_permutation_test - GeoJSON: 799 detections from consensus_t3.geojson
2026-04-26 00:43:46,133 - WARNING - pairwise_permutation_test - GeoJSON lacks source_tile — will assign via spatial join
2026-04-26 00:43:46,133 - INFO - pairwise_permutation_test - GeoJSON: 433 detections from consensus_t6.geojson
2026-04-26 00:43:46,144 - WARNING - pairwise_permutation_test - GeoJSON lacks source_tile — will assign via spatial join
2026-04-26 00:43:46,145 - INFO - pairwise_permutation_test - GeoJSON: 794 detections from consensus_t3.geojson
2026-04-26 00:43:46,155 - WARNING - pairwise_permutation_test - GeoJSON lacks source_tile — will assign via spatial join
2026-04-26 00:43:46,155 - INFO - pairwise_permutation_test - GeoJSON: 433 detections from consensus_t6.geojson
2026-04-26 00:43:46,166 - WARNING - pairwise_permutation_test - GeoJSON lacks source_tile — will assign via spatial join
2026-04-26 00:43:46,166 - INFO - pairwise_permutation_test - GeoJSON: 783 detections from consensus_t3.geojson
2026-04-26 00:43:46,766 - WARNING - pairwise_permutation_test - GeoJSON lacks source_tile — will assign via spatial join
2026-04-26 00:43:46,767 - INFO - pairwise_permutation_test - GeoJSON: 433 detections from consensus_t6.geojson
2026-04-26 00:43:46,776 - WARNING - pairwise_permutation_test - GeoJSON lacks source_tile — will assign via spatial join
2026-04-26 00:43:46,776 - INFO - pairwise_permutation_test - GeoJSON: 604 detections from consensus_t3.geojson
2026-04-26 00:43:46,851 - WARNING - pairwise_permutation_test - GeoJSON lacks source_tile — will assign via spatial join
2026-04-26 00:43:46,851 - INFO - pairwise_permutation_test - GeoJSON: 433 detections from consensus_t6.geojson
2026-04-26 00:43:46,862 - WARNING - pairwise_permutation_test - GeoJSON lacks source_tile — will assign via spatial join
2026-04-26 00:43:46,862 - INFO - pairwise_permutation_test - GeoJSON: 802 detections from consensus_t1.geojson
2026-04-26 00:43:46,936 - WARNING - pairwise_permutation_test - GeoJSON lacks source_tile — will assign via spatial join
2026-04-26 00:43:46,936 - INFO - pairwise_permutation_test - GeoJSON: 361 detections from consensus_t9.geojson
2026-04-26 00:43:46,944 - WARNING - pairwise_permutation_test - GeoJSON lacks source_tile — will assign via spatial join
2026-04-26 00:43:46,944 - INFO - pairwise_permutation_test - GeoJSON: 461 detections from consensus_t5.geojson
2026-04-26 00:43:46,945 - WARNING - pairwise_permutation_test - GeoJSON lacks source_tile — will assign via spatial join
2026-04-26 00:43:46,945 - INFO - pairwise_permutation_test - GeoJSON: 361 detections from consensus_t9.geojson
2026-04-26 00:43:46,953 - WARNING - pairwise_permutation_test - GeoJSON lacks source_tile — will assign via spatial join
2026-04-26 00:43:46,953 - INFO - pairwise_permutation_test - GeoJSON: 471 detections from consensus_t3.geojson
2026-04-26 00:43:47,126 - WARNING - pairwise_permutation_test - GeoJSON lacks source_tile — will assign via spatial join
2026-04-26 00:43:47,126 - INFO - pairwise_permutation_test - GeoJSON: 361 detections from consensus_t9.geojson
2026-04-26 00:43:47,135 - WARNING - pairwise_permutation_test - GeoJSON lacks source_tile — will assign via spatial join
2026-04-26 00:43:47,135 - INFO - pairwise_permutation_test - GeoJSON: 494 detections from consensus_t8.geojson
2026-04-26 00:43:47,191 - WARNING - pairwise_permutation_test - GeoJSON lacks source_tile — will assign via spatial join
2026-04-26 00:43:47,191 - INFO - pairwise_permutation_test - GeoJSON: 361 detections from consensus_t9.geojson
2026-04-26 00:43:47,200 - WARNING - pairwise_permutation_test - GeoJSON lacks source_tile — will assign via spatial join
2026-04-26 00:43:47,200 - INFO - pairwise_permutation_test - GeoJSON: 567 detections from consensus_t3.geojson
2026-04-26 00:43:47,219 - WARNING - pairwise_permutation_test - GeoJSON lacks source_tile — will assign via spatial join
2026-04-26 00:43:47,220 - INFO - pairwise_permutation_test - GeoJSON: 361 detections from consensus_t9.geojson
2026-04-26 00:43:47,230 - WARNING - pairwise_permutation_test - GeoJSON lacks source_tile — will assign via spatial join
2026-04-26 00:43:47,230 - INFO - pairwise_permutation_test - GeoJSON: 549 detections from consensus_t9.geojson
2026-04-26 00:43:47,275 - WARNING - pairwise_permutation_test - GeoJSON lacks source_tile — will assign via spatial join
2026-04-26 00:43:47,275 - INFO - pairwise_permutation_test - GeoJSON: 361 detections from consensus_t9.geojson
2026-04-26 00:43:47,286 - WARNING - pairwise_permutation_test - GeoJSON lacks source_tile — will assign via spatial join
2026-04-26 00:43:47,286 - INFO - pairwise_permutation_test - GeoJSON: 549 detections from consensus_t9.geojson
2026-04-26 00:43:47,848 - WARNING - pairwise_permutation_test - GeoJSON lacks source_tile — will assign via spatial join
2026-04-26 00:43:47,848 - INFO - pairwise_permutation_test - GeoJSON: 361 detections from consensus_t9.geojson
2026-04-26 00:43:47,862 - WARNING - pairwise_permutation_test - GeoJSON lacks source_tile — will assign via spatial join
2026-04-26 00:43:47,862 - INFO - pairwise_permutation_test - GeoJSON: 530 detections from consensus_t29.geojson
2026-04-26 00:43:47,899 - WARNING - pairwise_permutation_test - GeoJSON lacks source_tile — will assign via spatial join
2026-04-26 00:43:47,899 - INFO - pairwise_permutation_test - GeoJSON: 361 detections from consensus_t9.geojson
2026-04-26 00:43:47,901 - WARNING - pairwise_permutation_test - GeoJSON lacks source_tile — will assign via spatial join
2026-04-26 00:43:47,901 - INFO - pairwise_permutation_test - GeoJSON: 361 detections from consensus_t9.geojson
2026-04-26 00:43:47,910 - WARNING - pairwise_permutation_test - GeoJSON lacks source_tile — will assign via spatial join
2026-04-26 00:43:47,910 - INFO - pairwise_permutation_test - GeoJSON: 517 detections from consensus_t10.geojson
2026-04-26 00:43:47,911 - WARNING - pairwise_permutation_test - GeoJSON lacks source_tile — will assign via spatial join
2026-04-26 00:43:47,911 - INFO - pairwise_permutation_test - GeoJSON: 466 detections from consensus_t8.geojson
2026-04-26 00:43:48,038 - WARNING - pairwise_permutation_test - GeoJSON lacks source_tile — will assign via spatial join
2026-04-26 00:43:48,038 - INFO - pairwise_permutation_test - GeoJSON: 361 detections from consensus_t9.geojson
2026-04-26 00:43:48,049 - WARNING - pairwise_permutation_test - GeoJSON lacks source_tile — will assign via spatial join
2026-04-26 00:43:48,049 - INFO - pairwise_permutation_test - GeoJSON: 608 detections from consensus_t10.geojson
2026-04-26 00:43:48,084 - WARNING - pairwise_permutation_test - GeoJSON lacks source_tile — will assign via spatial join
2026-04-26 00:43:48,084 - INFO - pairwise_permutation_test - GeoJSON: 361 detections from consensus_t9.geojson
2026-04-26 00:43:48,096 - WARNING - pairwise_permutation_test - GeoJSON lacks source_tile — will assign via spatial join
2026-04-26 00:43:48,096 - INFO - pairwise_permutation_test - GeoJSON: 608 detections from consensus_t10.geojson
2026-04-26 00:43:48,169 - WARNING - pairwise_permutation_test - GeoJSON lacks source_tile — will assign via spatial join
2026-04-26 00:43:48,169 - INFO - pairwise_permutation_test - GeoJSON: 361 detections from consensus_t9.geojson
2026-04-26 00:43:48,179 - WARNING - pairwise_permutation_test - GeoJSON lacks source_tile — will assign via spatial join
2026-04-26 00:43:48,179 - INFO - pairwise_permutation_test - GeoJSON: 681 detections from consensus_t2.geojson
2026-04-26 00:43:48,197 - WARNING - pairwise_permutation_test - GeoJSON lacks source_tile — will assign via spatial join
2026-04-26 00:43:48,197 - INFO - pairwise_permutation_test - GeoJSON: 361 detections from consensus_t9.geojson
2026-04-26 00:43:48,208 - WARNING - pairwise_permutation_test - GeoJSON lacks source_tile — will assign via spatial join
2026-04-26 00:43:48,208 - INFO - pairwise_permutation_test - GeoJSON: 616 detections from consensus_t10.geojson
2026-04-26 00:43:48,217 - WARNING - pairwise_permutation_test - GeoJSON lacks source_tile — will assign via spatial join
2026-04-26 00:43:48,217 - INFO - pairwise_permutation_test - GeoJSON: 361 detections from consensus_t9.geojson
2026-04-26 00:43:48,228 - WARNING - pairwise_permutation_test - GeoJSON lacks source_tile — will assign via spatial join
2026-04-26 00:43:48,228 - INFO - pairwise_permutation_test - GeoJSON: 745 detections from consensus_t3.geojson
2026-04-26 00:43:48,801 - WARNING - pairwise_permutation_test - GeoJSON lacks source_tile — will assign via spatial join
2026-04-26 00:43:48,801 - INFO - pairwise_permutation_test - GeoJSON: 361 detections from consensus_t9.geojson
2026-04-26 00:43:48,813 - WARNING - pairwise_permutation_test - GeoJSON lacks source_tile — will assign via spatial join
2026-04-26 00:43:48,813 - INFO - pairwise_permutation_test - GeoJSON: 799 detections from consensus_t3.geojson
2026-04-26 00:43:48,835 - WARNING - pairwise_permutation_test - GeoJSON lacks source_tile — will assign via spatial join
2026-04-26 00:43:48,835 - INFO - pairwise_permutation_test - GeoJSON: 361 detections from consensus_t9.geojson
2026-04-26 00:43:48,847 - WARNING - pairwise_permutation_test - GeoJSON lacks source_tile — will assign via spatial join
2026-04-26 00:43:48,847 - INFO - pairwise_permutation_test - GeoJSON: 794 detections from consensus_t3.geojson
2026-04-26 00:43:48,891 - WARNING - pairwise_permutation_test - GeoJSON lacks source_tile — will assign via spatial join
2026-04-26 00:43:48,892 - INFO - pairwise_permutation_test - GeoJSON: 361 detections from consensus_t9.geojson
2026-04-26 00:43:48,903 - WARNING - pairwise_permutation_test - GeoJSON lacks source_tile — will assign via spatial join
2026-04-26 00:43:48,903 - INFO - pairwise_permutation_test - GeoJSON: 783 detections from consensus_t3.geojson
2026-04-26 00:43:49,028 - WARNING - pairwise_permutation_test - GeoJSON lacks source_tile — will assign via spatial join
2026-04-26 00:43:49,028 - INFO - pairwise_permutation_test - GeoJSON: 361 detections from consensus_t9.geojson
2026-04-26 00:43:49,037 - WARNING - pairwise_permutation_test - GeoJSON lacks source_tile — will assign via spatial join
2026-04-26 00:43:49,037 - INFO - pairwise_permutation_test - GeoJSON: 604 detections from consensus_t3.geojson
2026-04-26 00:43:49,105 - WARNING - pairwise_permutation_test - GeoJSON lacks source_tile — will assign via spatial join
2026-04-26 00:43:49,105 - INFO - pairwise_permutation_test - GeoJSON: 361 detections from consensus_t9.geojson
2026-04-26 00:43:49,117 - WARNING - pairwise_permutation_test - GeoJSON lacks source_tile — will assign via spatial join
2026-04-26 00:43:49,117 - INFO - pairwise_permutation_test - GeoJSON: 802 detections from consensus_t1.geojson
2026-04-26 00:43:49,172 - WARNING - pairwise_permutation_test - GeoJSON lacks source_tile — will assign via spatial join
2026-04-26 00:43:49,172 - INFO - pairwise_permutation_test - GeoJSON: 461 detections from consensus_t5.geojson
2026-04-26 00:43:49,180 - WARNING - pairwise_permutation_test - GeoJSON lacks source_tile — will assign via spatial join
2026-04-26 00:43:49,180 - INFO - pairwise_permutation_test - GeoJSON: 471 detections from consensus_t3.geojson
2026-04-26 00:43:49,231 - WARNING - pairwise_permutation_test - GeoJSON lacks source_tile — will assign via spatial join
2026-04-26 00:43:49,231 - INFO - pairwise_permutation_test - GeoJSON: 461 detections from consensus_t5.geojson
2026-04-26 00:43:49,240 - WARNING - pairwise_permutation_test - GeoJSON lacks source_tile — will assign via spatial join
2026-04-26 00:43:49,240 - INFO - pairwise_permutation_test - GeoJSON: 494 detections from consensus_t8.geojson
2026-04-26 00:43:49,265 - WARNING - pairwise_permutation_test - GeoJSON lacks source_tile — will assign via spatial join
2026-04-26 00:43:49,266 - INFO - pairwise_permutation_test - GeoJSON: 461 detections from consensus_t5.geojson
2026-04-26 00:43:49,275 - WARNING - pairwise_permutation_test - GeoJSON lacks source_tile — will assign via spatial join
2026-04-26 00:43:49,275 - INFO - pairwise_permutation_test - GeoJSON: 567 detections from consensus_t3.geojson
2026-04-26 00:43:49,846 - WARNING - pairwise_permutation_test - GeoJSON lacks source_tile — will assign via spatial join
2026-04-26 00:43:49,846 - INFO - pairwise_permutation_test - GeoJSON: 461 detections from consensus_t5.geojson
2026-04-26 00:43:49,857 - WARNING - pairwise_permutation_test - GeoJSON lacks source_tile — will assign via spatial join
2026-04-26 00:43:49,857 - INFO - pairwise_permutation_test - GeoJSON: 549 detections from consensus_t9.geojson
2026-04-26 00:43:49,878 - WARNING - pairwise_permutation_test - GeoJSON lacks source_tile — will assign via spatial join
2026-04-26 00:43:49,878 - INFO - pairwise_permutation_test - GeoJSON: 461 detections from consensus_t5.geojson
2026-04-26 00:43:49,889 - WARNING - pairwise_permutation_test - GeoJSON lacks source_tile — will assign via spatial join
2026-04-26 00:43:49,889 - INFO - pairwise_permutation_test - GeoJSON: 549 detections from consensus_t9.geojson
2026-04-26 00:43:50,010 - WARNING - pairwise_permutation_test - GeoJSON lacks source_tile — will assign via spatial join
2026-04-26 00:43:50,010 - INFO - pairwise_permutation_test - GeoJSON: 461 detections from consensus_t5.geojson
2026-04-26 00:43:50,024 - WARNING - pairwise_permutation_test - GeoJSON lacks source_tile — will assign via spatial join
2026-04-26 00:43:50,024 - INFO - pairwise_permutation_test - GeoJSON: 530 detections from consensus_t29.geojson
2026-04-26 00:43:50,059 - WARNING - pairwise_permutation_test - GeoJSON lacks source_tile — will assign via spatial join
2026-04-26 00:43:50,059 - INFO - pairwise_permutation_test - GeoJSON: 461 detections from consensus_t5.geojson
2026-04-26 00:43:50,069 - WARNING - pairwise_permutation_test - GeoJSON lacks source_tile — will assign via spatial join
2026-04-26 00:43:50,069 - INFO - pairwise_permutation_test - GeoJSON: 517 detections from consensus_t10.geojson
2026-04-26 00:43:50,166 - WARNING - pairwise_permutation_test - GeoJSON lacks source_tile — will assign via spatial join
2026-04-26 00:43:50,166 - INFO - pairwise_permutation_test - GeoJSON: 461 detections from consensus_t5.geojson
2026-04-26 00:43:50,175 - WARNING - pairwise_permutation_test - GeoJSON lacks source_tile — will assign via spatial join
2026-04-26 00:43:50,175 - INFO - pairwise_permutation_test - GeoJSON: 466 detections from consensus_t8.geojson
2026-04-26 00:43:50,216 - WARNING - pairwise_permutation_test - GeoJSON lacks source_tile — will assign via spatial join
2026-04-26 00:43:50,216 - INFO - pairwise_permutation_test - GeoJSON: 461 detections from consensus_t5.geojson
2026-04-26 00:43:50,227 - WARNING - pairwise_permutation_test - GeoJSON lacks source_tile — will assign via spatial join
2026-04-26 00:43:50,227 - INFO - pairwise_permutation_test - GeoJSON: 608 detections from consensus_t10.geojson
2026-04-26 00:43:50,253 - WARNING - pairwise_permutation_test - GeoJSON lacks source_tile — will assign via spatial join
2026-04-26 00:43:50,253 - INFO - pairwise_permutation_test - GeoJSON: 461 detections from consensus_t5.geojson
2026-04-26 00:43:50,264 - WARNING - pairwise_permutation_test - GeoJSON lacks source_tile — will assign via spatial join
2026-04-26 00:43:50,264 - INFO - pairwise_permutation_test - GeoJSON: 608 detections from consensus_t10.geojson
2026-04-26 00:43:50,297 - WARNING - pairwise_permutation_test - GeoJSON lacks source_tile — will assign via spatial join
2026-04-26 00:43:50,297 - INFO - pairwise_permutation_test - GeoJSON: 461 detections from consensus_t5.geojson
2026-04-26 00:43:50,308 - WARNING - pairwise_permutation_test - GeoJSON lacks source_tile — will assign via spatial join
2026-04-26 00:43:50,308 - INFO - pairwise_permutation_test - GeoJSON: 681 detections from consensus_t2.geojson
2026-04-26 00:43:50,829 - WARNING - pairwise_permutation_test - GeoJSON lacks source_tile — will assign via spatial join
2026-04-26 00:43:50,829 - INFO - pairwise_permutation_test - GeoJSON: 461 detections from consensus_t5.geojson
2026-04-26 00:43:50,840 - WARNING - pairwise_permutation_test - GeoJSON lacks source_tile — will assign via spatial join
2026-04-26 00:43:50,840 - INFO - pairwise_permutation_test - GeoJSON: 616 detections from consensus_t10.geojson
2026-04-26 00:43:50,854 - WARNING - pairwise_permutation_test - GeoJSON lacks source_tile — will assign via spatial join
2026-04-26 00:43:50,854 - INFO - pairwise_permutation_test - GeoJSON: 461 detections from consensus_t5.geojson
2026-04-26 00:43:50,865 - WARNING - pairwise_permutation_test - GeoJSON lacks source_tile — will assign via spatial join
2026-04-26 00:43:50,865 - INFO - pairwise_permutation_test - GeoJSON: 745 detections from consensus_t3.geojson
2026-04-26 00:43:51,028 - WARNING - pairwise_permutation_test - GeoJSON lacks source_tile — will assign via spatial join
2026-04-26 00:43:51,028 - INFO - pairwise_permutation_test - GeoJSON: 461 detections from consensus_t5.geojson
2026-04-26 00:43:51,040 - WARNING - pairwise_permutation_test - GeoJSON lacks source_tile — will assign via spatial join
2026-04-26 00:43:51,040 - INFO - pairwise_permutation_test - GeoJSON: 799 detections from consensus_t3.geojson
2026-04-26 00:43:51,045 - WARNING - pairwise_permutation_test - GeoJSON lacks source_tile — will assign via spatial join
2026-04-26 00:43:51,045 - INFO - pairwise_permutation_test - GeoJSON: 461 detections from consensus_t5.geojson
2026-04-26 00:43:51,056 - WARNING - pairwise_permutation_test - GeoJSON lacks source_tile — will assign via spatial join
2026-04-26 00:43:51,056 - INFO - pairwise_permutation_test - GeoJSON: 794 detections from consensus_t3.geojson
2026-04-26 00:43:51,127 - WARNING - pairwise_permutation_test - GeoJSON lacks source_tile — will assign via spatial join
2026-04-26 00:43:51,127 - INFO - pairwise_permutation_test - GeoJSON: 461 detections from consensus_t5.geojson
2026-04-26 00:43:51,139 - WARNING - pairwise_permutation_test - GeoJSON lacks source_tile — will assign via spatial join
2026-04-26 00:43:51,139 - INFO - pairwise_permutation_test - GeoJSON: 783 detections from consensus_t3.geojson
2026-04-26 00:43:51,235 - WARNING - pairwise_permutation_test - GeoJSON lacks source_tile — will assign via spatial join
2026-04-26 00:43:51,235 - INFO - pairwise_permutation_test - GeoJSON: 461 detections from consensus_t5.geojson
2026-04-26 00:43:51,245 - WARNING - pairwise_permutation_test - GeoJSON lacks source_tile — will assign via spatial join
2026-04-26 00:43:51,245 - INFO - pairwise_permutation_test - GeoJSON: 604 detections from consensus_t3.geojson
2026-04-26 00:43:51,300 - WARNING - pairwise_permutation_test - GeoJSON lacks source_tile — will assign via spatial join
2026-04-26 00:43:51,300 - INFO - pairwise_permutation_test - GeoJSON: 461 detections from consensus_t5.geojson
2026-04-26 00:43:51,312 - WARNING - pairwise_permutation_test - GeoJSON lacks source_tile — will assign via spatial join
2026-04-26 00:43:51,312 - INFO - pairwise_permutation_test - GeoJSON: 802 detections from consensus_t1.geojson
2026-04-26 00:43:51,396 - WARNING - pairwise_permutation_test - GeoJSON lacks source_tile — will assign via spatial join
2026-04-26 00:43:51,396 - INFO - pairwise_permutation_test - GeoJSON: 471 detections from consensus_t3.geojson
2026-04-26 00:43:51,406 - WARNING - pairwise_permutation_test - GeoJSON lacks source_tile — will assign via spatial join
2026-04-26 00:43:51,406 - INFO - pairwise_permutation_test - GeoJSON: 494 detections from consensus_t8.geojson
2026-04-26 00:43:51,822 - WARNING - pairwise_permutation_test - GeoJSON lacks source_tile — will assign via spatial join
2026-04-26 00:43:51,822 - INFO - pairwise_permutation_test - GeoJSON: 471 detections from consensus_t3.geojson
2026-04-26 00:43:51,831 - WARNING - pairwise_permutation_test - GeoJSON lacks source_tile — will assign via spatial join
2026-04-26 00:43:51,831 - INFO - pairwise_permutation_test - GeoJSON: 567 detections from consensus_t3.geojson
2026-04-26 00:43:51,928 - WARNING - pairwise_permutation_test - GeoJSON lacks source_tile — will assign via spatial join
2026-04-26 00:43:51,928 - INFO - pairwise_permutation_test - GeoJSON: 471 detections from consensus_t3.geojson
2026-04-26 00:43:51,939 - WARNING - pairwise_permutation_test - GeoJSON lacks source_tile — will assign via spatial join
2026-04-26 00:43:51,939 - INFO - pairwise_permutation_test - GeoJSON: 549 detections from consensus_t9.geojson
2026-04-26 00:43:52,121 - WARNING - pairwise_permutation_test - GeoJSON lacks source_tile — will assign via spatial join
2026-04-26 00:43:52,121 - INFO - pairwise_permutation_test - GeoJSON: 471 detections from consensus_t3.geojson
2026-04-26 00:43:52,127 - INFO - __main__ - [250/406] pairwise done
2026-04-26 00:43:52,131 - WARNING - pairwise_permutation_test - GeoJSON lacks source_tile — will assign via spatial join
2026-04-26 00:43:52,131 - INFO - pairwise_permutation_test - GeoJSON: 549 detections from consensus_t9.geojson
2026-04-26 00:43:52,144 - WARNING - pairwise_permutation_test - GeoJSON lacks source_tile — will assign via spatial join
2026-04-26 00:43:52,144 - INFO - pairwise_permutation_test - GeoJSON: 471 detections from consensus_t3.geojson
2026-04-26 00:43:52,158 - WARNING - pairwise_permutation_test - GeoJSON lacks source_tile — will assign via spatial join
2026-04-26 00:43:52,158 - INFO - pairwise_permutation_test - GeoJSON: 530 detections from consensus_t29.geojson
2026-04-26 00:43:52,278 - WARNING - pairwise_permutation_test - GeoJSON lacks source_tile — will assign via spatial join
2026-04-26 00:43:52,279 - INFO - pairwise_permutation_test - GeoJSON: 471 detections from consensus_t3.geojson
2026-04-26 00:43:52,289 - WARNING - pairwise_permutation_test - GeoJSON lacks source_tile — will assign via spatial join
2026-04-26 00:43:52,289 - INFO - pairwise_permutation_test - GeoJSON: 517 detections from consensus_t10.geojson
2026-04-26 00:43:52,295 - WARNING - pairwise_permutation_test - GeoJSON lacks source_tile — will assign via spatial join
2026-04-26 00:43:52,295 - INFO - pairwise_permutation_test - GeoJSON: 471 detections from consensus_t3.geojson
2026-04-26 00:43:52,304 - WARNING - pairwise_permutation_test - GeoJSON lacks source_tile — will assign via spatial join
2026-04-26 00:43:52,304 - INFO - pairwise_permutation_test - GeoJSON: 466 detections from consensus_t8.geojson
2026-04-26 00:43:52,431 - WARNING - pairwise_permutation_test - GeoJSON lacks source_tile — will assign via spatial join
2026-04-26 00:43:52,431 - INFO - pairwise_permutation_test - GeoJSON: 471 detections from consensus_t3.geojson
2026-04-26 00:43:52,441 - WARNING - pairwise_permutation_test - GeoJSON lacks source_tile — will assign via spatial join
2026-04-26 00:43:52,441 - INFO - pairwise_permutation_test - GeoJSON: 471 detections from consensus_t3.geojson
2026-04-26 00:43:52,442 - WARNING - pairwise_permutation_test - GeoJSON lacks source_tile — will assign via spatial join
2026-04-26 00:43:52,442 - INFO - pairwise_permutation_test - GeoJSON: 608 detections from consensus_t10.geojson
2026-04-26 00:43:52,452 - WARNING - pairwise_permutation_test - GeoJSON lacks source_tile — will assign via spatial join
2026-04-26 00:43:52,452 - INFO - pairwise_permutation_test - GeoJSON: 608 detections from consensus_t10.geojson
2026-04-26 00:43:52,897 - WARNING - pairwise_permutation_test - GeoJSON lacks source_tile — will assign via spatial join
2026-04-26 00:43:52,900 - INFO - pairwise_permutation_test - GeoJSON: 471 detections from consensus_t3.geojson
2026-04-26 00:43:52,912 - WARNING - pairwise_permutation_test - GeoJSON lacks source_tile — will assign via spatial join
2026-04-26 00:43:52,912 - INFO - pairwise_permutation_test - GeoJSON: 681 detections from consensus_t2.geojson
2026-04-26 00:43:52,954 - WARNING - pairwise_permutation_test - GeoJSON lacks source_tile — will assign via spatial join
2026-04-26 00:43:52,954 - INFO - pairwise_permutation_test - GeoJSON: 471 detections from consensus_t3.geojson
2026-04-26 00:43:52,965 - WARNING - pairwise_permutation_test - GeoJSON lacks source_tile — will assign via spatial join
2026-04-26 00:43:52,965 - INFO - pairwise_permutation_test - GeoJSON: 616 detections from consensus_t10.geojson
2026-04-26 00:43:53,135 - WARNING - pairwise_permutation_test - GeoJSON lacks source_tile — will assign via spatial join
2026-04-26 00:43:53,135 - INFO - pairwise_permutation_test - GeoJSON: 471 detections from consensus_t3.geojson
2026-04-26 00:43:53,146 - WARNING - pairwise_permutation_test - GeoJSON lacks source_tile — will assign via spatial join
2026-04-26 00:43:53,146 - INFO - pairwise_permutation_test - GeoJSON: 745 detections from consensus_t3.geojson
2026-04-26 00:43:53,195 - WARNING - pairwise_permutation_test - GeoJSON lacks source_tile — will assign via spatial join
2026-04-26 00:43:53,195 - INFO - pairwise_permutation_test - GeoJSON: 471 detections from consensus_t3.geojson
2026-04-26 00:43:53,207 - WARNING - pairwise_permutation_test - GeoJSON lacks source_tile — will assign via spatial join
2026-04-26 00:43:53,207 - INFO - pairwise_permutation_test - GeoJSON: 799 detections from consensus_t3.geojson
2026-04-26 00:43:53,301 - WARNING - pairwise_permutation_test - GeoJSON lacks source_tile — will assign via spatial join
2026-04-26 00:43:53,301 - INFO - pairwise_permutation_test - GeoJSON: 471 detections from consensus_t3.geojson
2026-04-26 00:43:53,313 - WARNING - pairwise_permutation_test - GeoJSON lacks source_tile — will assign via spatial join
2026-04-26 00:43:53,313 - INFO - pairwise_permutation_test - GeoJSON: 794 detections from consensus_t3.geojson
2026-04-26 00:43:53,343 - WARNING - pairwise_permutation_test - GeoJSON lacks source_tile — will assign via spatial join
2026-04-26 00:43:53,343 - INFO - pairwise_permutation_test - GeoJSON: 471 detections from consensus_t3.geojson
2026-04-26 00:43:53,355 - WARNING - pairwise_permutation_test - GeoJSON lacks source_tile — will assign via spatial join
2026-04-26 00:43:53,355 - INFO - pairwise_permutation_test - GeoJSON: 783 detections from consensus_t3.geojson
2026-04-26 00:43:53,480 - WARNING - pairwise_permutation_test - GeoJSON lacks source_tile — will assign via spatial join
2026-04-26 00:43:53,480 - INFO - pairwise_permutation_test - GeoJSON: 471 detections from consensus_t3.geojson
2026-04-26 00:43:53,490 - WARNING - pairwise_permutation_test - GeoJSON lacks source_tile — will assign via spatial join
2026-04-26 00:43:53,490 - INFO - pairwise_permutation_test - GeoJSON: 604 detections from consensus_t3.geojson
2026-04-26 00:43:53,491 - WARNING - pairwise_permutation_test - GeoJSON lacks source_tile — will assign via spatial join
2026-04-26 00:43:53,491 - INFO - pairwise_permutation_test - GeoJSON: 471 detections from consensus_t3.geojson
2026-04-26 00:43:53,502 - WARNING - pairwise_permutation_test - GeoJSON lacks source_tile — will assign via spatial join
2026-04-26 00:43:53,502 - INFO - pairwise_permutation_test - GeoJSON: 802 detections from consensus_t1.geojson
2026-04-26 00:43:53,994 - WARNING - pairwise_permutation_test - GeoJSON lacks source_tile — will assign via spatial join
2026-04-26 00:43:53,994 - INFO - pairwise_permutation_test - GeoJSON: 494 detections from consensus_t8.geojson
2026-04-26 00:43:54,004 - WARNING - pairwise_permutation_test - GeoJSON lacks source_tile — will assign via spatial join
2026-04-26 00:43:54,004 - INFO - pairwise_permutation_test - GeoJSON: 567 detections from consensus_t3.geojson
2026-04-26 00:43:54,063 - WARNING - pairwise_permutation_test - GeoJSON lacks source_tile — will assign via spatial join
2026-04-26 00:43:54,063 - INFO - pairwise_permutation_test - GeoJSON: 494 detections from consensus_t8.geojson
2026-04-26 00:43:54,074 - WARNING - pairwise_permutation_test - GeoJSON lacks source_tile — will assign via spatial join
2026-04-26 00:43:54,074 - INFO - pairwise_permutation_test - GeoJSON: 549 detections from consensus_t9.geojson
2026-04-26 00:43:54,252 - WARNING - pairwise_permutation_test - GeoJSON lacks source_tile — will assign via spatial join
2026-04-26 00:43:54,252 - INFO - pairwise_permutation_test - GeoJSON: 494 detections from consensus_t8.geojson
2026-04-26 00:43:54,263 - WARNING - pairwise_permutation_test - GeoJSON lacks source_tile — will assign via spatial join
2026-04-26 00:43:54,263 - INFO - pairwise_permutation_test - GeoJSON: 549 detections from consensus_t9.geojson
2026-04-26 00:43:54,313 - WARNING - pairwise_permutation_test - GeoJSON lacks source_tile — will assign via spatial join
2026-04-26 00:43:54,313 - INFO - pairwise_permutation_test - GeoJSON: 494 detections from consensus_t8.geojson
2026-04-26 00:43:54,327 - WARNING - pairwise_permutation_test - GeoJSON lacks source_tile — will assign via spatial join
2026-04-26 00:43:54,327 - INFO - pairwise_permutation_test - GeoJSON: 530 detections from consensus_t29.geojson
2026-04-26 00:43:54,423 - WARNING - pairwise_permutation_test - GeoJSON lacks source_tile — will assign via spatial join
2026-04-26 00:43:54,423 - INFO - pairwise_permutation_test - GeoJSON: 494 detections from consensus_t8.geojson
2026-04-26 00:43:54,433 - WARNING - pairwise_permutation_test - GeoJSON lacks source_tile — will assign via spatial join
2026-04-26 00:43:54,433 - INFO - pairwise_permutation_test - GeoJSON: 517 detections from consensus_t10.geojson
2026-04-26 00:43:54,534 - WARNING - pairwise_permutation_test - GeoJSON lacks source_tile — will assign via spatial join
2026-04-26 00:43:54,534 - INFO - pairwise_permutation_test - GeoJSON: 494 detections from consensus_t8.geojson
2026-04-26 00:43:54,543 - WARNING - pairwise_permutation_test - GeoJSON lacks source_tile — will assign via spatial join
2026-04-26 00:43:54,543 - INFO - pairwise_permutation_test - GeoJSON: 466 detections from consensus_t8.geojson
2026-04-26 00:43:54,592 - WARNING - pairwise_permutation_test - GeoJSON lacks source_tile — will assign via spatial join
2026-04-26 00:43:54,592 - INFO - pairwise_permutation_test - GeoJSON: 494 detections from consensus_t8.geojson
2026-04-26 00:43:54,604 - WARNING - pairwise_permutation_test - GeoJSON lacks source_tile — will assign via spatial join
2026-04-26 00:43:54,604 - INFO - pairwise_permutation_test - GeoJSON: 608 detections from consensus_t10.geojson
2026-04-26 00:43:54,672 - WARNING - pairwise_permutation_test - GeoJSON lacks source_tile — will assign via spatial join
2026-04-26 00:43:54,672 - INFO - pairwise_permutation_test - GeoJSON: 494 detections from consensus_t8.geojson
2026-04-26 00:43:54,683 - WARNING - pairwise_permutation_test - GeoJSON lacks source_tile — will assign via spatial join
2026-04-26 00:43:54,683 - INFO - pairwise_permutation_test - GeoJSON: 608 detections from consensus_t10.geojson
2026-04-26 00:43:55,061 - WARNING - pairwise_permutation_test - GeoJSON lacks source_tile — will assign via spatial join
2026-04-26 00:43:55,061 - INFO - pairwise_permutation_test - GeoJSON: 494 detections from consensus_t8.geojson
2026-04-26 00:43:55,072 - WARNING - pairwise_permutation_test - GeoJSON lacks source_tile — will assign via spatial join
2026-04-26 00:43:55,072 - INFO - pairwise_permutation_test - GeoJSON: 681 detections from consensus_t2.geojson
2026-04-26 00:43:55,115 - WARNING - pairwise_permutation_test - GeoJSON lacks source_tile — will assign via spatial join
2026-04-26 00:43:55,115 - INFO - pairwise_permutation_test - GeoJSON: 494 detections from consensus_t8.geojson
2026-04-26 00:43:55,126 - WARNING - pairwise_permutation_test - GeoJSON lacks source_tile — will assign via spatial join
2026-04-26 00:43:55,127 - INFO - pairwise_permutation_test - GeoJSON: 616 detections from consensus_t10.geojson
2026-04-26 00:43:55,273 - WARNING - pairwise_permutation_test - GeoJSON lacks source_tile — will assign via spatial join
2026-04-26 00:43:55,273 - INFO - pairwise_permutation_test - GeoJSON: 494 detections from consensus_t8.geojson
2026-04-26 00:43:55,284 - WARNING - pairwise_permutation_test - GeoJSON lacks source_tile — will assign via spatial join
2026-04-26 00:43:55,284 - INFO - pairwise_permutation_test - GeoJSON: 745 detections from consensus_t3.geojson
2026-04-26 00:43:55,343 - WARNING - pairwise_permutation_test - GeoJSON lacks source_tile — will assign via spatial join
2026-04-26 00:43:55,343 - INFO - pairwise_permutation_test - GeoJSON: 494 detections from consensus_t8.geojson
2026-04-26 00:43:55,354 - WARNING - pairwise_permutation_test - GeoJSON lacks source_tile — will assign via spatial join
2026-04-26 00:43:55,354 - INFO - pairwise_permutation_test - GeoJSON: 799 detections from consensus_t3.geojson
2026-04-26 00:43:55,461 - WARNING - pairwise_permutation_test - GeoJSON lacks source_tile — will assign via spatial join
2026-04-26 00:43:55,462 - INFO - pairwise_permutation_test - GeoJSON: 494 detections from consensus_t8.geojson
2026-04-26 00:43:55,473 - WARNING - pairwise_permutation_test - GeoJSON lacks source_tile — will assign via spatial join
2026-04-26 00:43:55,473 - INFO - pairwise_permutation_test - GeoJSON: 794 detections from consensus_t3.geojson
2026-04-26 00:43:55,578 - WARNING - pairwise_permutation_test - GeoJSON lacks source_tile — will assign via spatial join
2026-04-26 00:43:55,578 - INFO - pairwise_permutation_test - GeoJSON: 494 detections from consensus_t8.geojson
2026-04-26 00:43:55,590 - WARNING - pairwise_permutation_test - GeoJSON lacks source_tile — will assign via spatial join
2026-04-26 00:43:55,590 - INFO - pairwise_permutation_test - GeoJSON: 783 detections from consensus_t3.geojson
2026-04-26 00:43:55,650 - WARNING - pairwise_permutation_test - GeoJSON lacks source_tile — will assign via spatial join
2026-04-26 00:43:55,650 - INFO - pairwise_permutation_test - GeoJSON: 494 detections from consensus_t8.geojson
2026-04-26 00:43:55,659 - WARNING - pairwise_permutation_test - GeoJSON lacks source_tile — will assign via spatial join
2026-04-26 00:43:55,659 - INFO - pairwise_permutation_test - GeoJSON: 604 detections from consensus_t3.geojson
2026-04-26 00:43:55,723 - WARNING - pairwise_permutation_test - GeoJSON lacks source_tile — will assign via spatial join
2026-04-26 00:43:55,723 - INFO - pairwise_permutation_test - GeoJSON: 494 detections from consensus_t8.geojson
2026-04-26 00:43:55,735 - WARNING - pairwise_permutation_test - GeoJSON lacks source_tile — will assign via spatial join
2026-04-26 00:43:55,735 - INFO - pairwise_permutation_test - GeoJSON: 802 detections from consensus_t1.geojson
2026-04-26 00:43:56,198 - WARNING - pairwise_permutation_test - GeoJSON lacks source_tile — will assign via spatial join
2026-04-26 00:43:56,198 - INFO - pairwise_permutation_test - GeoJSON: 567 detections from consensus_t3.geojson
2026-04-26 00:43:56,202 - WARNING - pairwise_permutation_test - GeoJSON lacks source_tile — will assign via spatial join
2026-04-26 00:43:56,202 - INFO - pairwise_permutation_test - GeoJSON: 567 detections from consensus_t3.geojson
2026-04-26 00:43:56,209 - WARNING - pairwise_permutation_test - GeoJSON lacks source_tile — will assign via spatial join
2026-04-26 00:43:56,209 - INFO - pairwise_permutation_test - GeoJSON: 549 detections from consensus_t9.geojson
2026-04-26 00:43:56,213 - WARNING - pairwise_permutation_test - GeoJSON lacks source_tile — will assign via spatial join
2026-04-26 00:43:56,213 - INFO - pairwise_permutation_test - GeoJSON: 549 detections from consensus_t9.geojson
2026-04-26 00:43:56,385 - WARNING - pairwise_permutation_test - GeoJSON lacks source_tile — will assign via spatial join
2026-04-26 00:43:56,385 - INFO - pairwise_permutation_test - GeoJSON: 567 detections from consensus_t3.geojson
2026-04-26 00:43:56,398 - WARNING - pairwise_permutation_test - GeoJSON lacks source_tile — will assign via spatial join
2026-04-26 00:43:56,398 - INFO - pairwise_permutation_test - GeoJSON: 530 detections from consensus_t29.geojson
2026-04-26 00:43:56,463 - WARNING - pairwise_permutation_test - GeoJSON lacks source_tile — will assign via spatial join
2026-04-26 00:43:56,463 - INFO - pairwise_permutation_test - GeoJSON: 567 detections from consensus_t3.geojson
2026-04-26 00:43:56,473 - WARNING - pairwise_permutation_test - GeoJSON lacks source_tile — will assign via spatial join
2026-04-26 00:43:56,473 - INFO - pairwise_permutation_test - GeoJSON: 517 detections from consensus_t10.geojson
2026-04-26 00:43:56,591 - WARNING - pairwise_permutation_test - GeoJSON lacks source_tile — will assign via spatial join
2026-04-26 00:43:56,591 - INFO - pairwise_permutation_test - GeoJSON: 567 detections from consensus_t3.geojson
2026-04-26 00:43:56,601 - WARNING - pairwise_permutation_test - GeoJSON lacks source_tile — will assign via spatial join
2026-04-26 00:43:56,601 - INFO - pairwise_permutation_test - GeoJSON: 466 detections from consensus_t8.geojson
2026-04-26 00:43:56,758 - WARNING - pairwise_permutation_test - GeoJSON lacks source_tile — will assign via spatial join
2026-04-26 00:43:56,758 - INFO - pairwise_permutation_test - GeoJSON: 567 detections from consensus_t3.geojson
2026-04-26 00:43:56,769 - WARNING - pairwise_permutation_test - GeoJSON lacks source_tile — will assign via spatial join
2026-04-26 00:43:56,769 - INFO - pairwise_permutation_test - GeoJSON: 608 detections from consensus_t10.geojson
2026-04-26 00:43:56,774 - WARNING - pairwise_permutation_test - GeoJSON lacks source_tile — will assign via spatial join
2026-04-26 00:43:56,774 - INFO - pairwise_permutation_test - GeoJSON: 567 detections from consensus_t3.geojson
2026-04-26 00:43:56,785 - WARNING - pairwise_permutation_test - GeoJSON lacks source_tile — will assign via spatial join
2026-04-26 00:43:56,786 - INFO - pairwise_permutation_test - GeoJSON: 608 detections from consensus_t10.geojson
2026-04-26 00:43:56,912 - WARNING - pairwise_permutation_test - GeoJSON lacks source_tile — will assign via spatial join
2026-04-26 00:43:56,912 - INFO - pairwise_permutation_test - GeoJSON: 567 detections from consensus_t3.geojson
2026-04-26 00:43:56,922 - WARNING - pairwise_permutation_test - GeoJSON lacks source_tile — will assign via spatial join
2026-04-26 00:43:56,922 - INFO - pairwise_permutation_test - GeoJSON: 681 detections from consensus_t2.geojson
2026-04-26 00:43:57,261 - WARNING - pairwise_permutation_test - GeoJSON lacks source_tile — will assign via spatial join
2026-04-26 00:43:57,261 - INFO - pairwise_permutation_test - GeoJSON: 567 detections from consensus_t3.geojson
2026-04-26 00:43:57,273 - WARNING - pairwise_permutation_test - GeoJSON lacks source_tile — will assign via spatial join
2026-04-26 00:43:57,273 - INFO - pairwise_permutation_test - GeoJSON: 616 detections from consensus_t10.geojson
2026-04-26 00:43:57,288 - WARNING - pairwise_permutation_test - GeoJSON lacks source_tile — will assign via spatial join
2026-04-26 00:43:57,288 - INFO - pairwise_permutation_test - GeoJSON: 567 detections from consensus_t3.geojson
2026-04-26 00:43:57,300 - WARNING - pairwise_permutation_test - GeoJSON lacks source_tile — will assign via spatial join
2026-04-26 00:43:57,300 - INFO - pairwise_permutation_test - GeoJSON: 745 detections from consensus_t3.geojson
2026-04-26 00:43:57,485 - WARNING - pairwise_permutation_test - GeoJSON lacks source_tile — will assign via spatial join
2026-04-26 00:43:57,485 - INFO - pairwise_permutation_test - GeoJSON: 567 detections from consensus_t3.geojson
2026-04-26 00:43:57,497 - WARNING - pairwise_permutation_test - GeoJSON lacks source_tile — will assign via spatial join
2026-04-26 00:43:57,497 - INFO - pairwise_permutation_test - GeoJSON: 799 detections from consensus_t3.geojson
2026-04-26 00:43:57,544 - WARNING - pairwise_permutation_test - GeoJSON lacks source_tile — will assign via spatial join
2026-04-26 00:43:57,544 - INFO - pairwise_permutation_test - GeoJSON: 567 detections from consensus_t3.geojson
2026-04-26 00:43:57,555 - WARNING - pairwise_permutation_test - GeoJSON lacks source_tile — will assign via spatial join
2026-04-26 00:43:57,555 - INFO - pairwise_permutation_test - GeoJSON: 794 detections from consensus_t3.geojson
2026-04-26 00:43:57,657 - WARNING - pairwise_permutation_test - GeoJSON lacks source_tile — will assign via spatial join
2026-04-26 00:43:57,657 - INFO - pairwise_permutation_test - GeoJSON: 567 detections from consensus_t3.geojson
2026-04-26 00:43:57,669 - WARNING - pairwise_permutation_test - GeoJSON lacks source_tile — will assign via spatial join
2026-04-26 00:43:57,669 - INFO - pairwise_permutation_test - GeoJSON: 783 detections from consensus_t3.geojson
2026-04-26 00:43:57,859 - WARNING - pairwise_permutation_test - GeoJSON lacks source_tile — will assign via spatial join
2026-04-26 00:43:57,859 - INFO - pairwise_permutation_test - GeoJSON: 567 detections from consensus_t3.geojson
2026-04-26 00:43:57,869 - WARNING - pairwise_permutation_test - GeoJSON lacks source_tile — will assign via spatial join
2026-04-26 00:43:57,869 - INFO - pairwise_permutation_test - GeoJSON: 604 detections from consensus_t3.geojson
2026-04-26 00:43:57,933 - WARNING - pairwise_permutation_test - GeoJSON lacks source_tile — will assign via spatial join
2026-04-26 00:43:57,933 - INFO - pairwise_permutation_test - GeoJSON: 567 detections from consensus_t3.geojson
2026-04-26 00:43:57,945 - WARNING - pairwise_permutation_test - GeoJSON lacks source_tile — will assign via spatial join
2026-04-26 00:43:57,945 - INFO - pairwise_permutation_test - GeoJSON: 802 detections from consensus_t1.geojson
2026-04-26 00:43:58,088 - WARNING - pairwise_permutation_test - GeoJSON lacks source_tile — will assign via spatial join
2026-04-26 00:43:58,088 - INFO - pairwise_permutation_test - GeoJSON: 549 detections from consensus_t9.geojson
2026-04-26 00:43:58,099 - WARNING - pairwise_permutation_test - GeoJSON lacks source_tile — will assign via spatial join
2026-04-26 00:43:58,099 - INFO - pairwise_permutation_test - GeoJSON: 549 detections from consensus_t9.geojson
2026-04-26 00:43:58,351 - WARNING - pairwise_permutation_test - GeoJSON lacks source_tile — will assign via spatial join
2026-04-26 00:43:58,351 - INFO - pairwise_permutation_test - GeoJSON: 549 detections from consensus_t9.geojson
2026-04-26 00:43:58,365 - WARNING - pairwise_permutation_test - GeoJSON lacks source_tile — will assign via spatial join
2026-04-26 00:43:58,365 - INFO - pairwise_permutation_test - GeoJSON: 530 detections from consensus_t29.geojson
2026-04-26 00:43:58,449 - WARNING - pairwise_permutation_test - GeoJSON lacks source_tile — will assign via spatial join
2026-04-26 00:43:58,449 - INFO - pairwise_permutation_test - GeoJSON: 549 detections from consensus_t9.geojson
2026-04-26 00:43:58,459 - WARNING - pairwise_permutation_test - GeoJSON lacks source_tile — will assign via spatial join
2026-04-26 00:43:58,459 - INFO - pairwise_permutation_test - GeoJSON: 517 detections from consensus_t10.geojson
2026-04-26 00:43:58,694 - WARNING - pairwise_permutation_test - GeoJSON lacks source_tile — will assign via spatial join
2026-04-26 00:43:58,694 - INFO - pairwise_permutation_test - GeoJSON: 549 detections from consensus_t9.geojson
2026-04-26 00:43:58,703 - WARNING - pairwise_permutation_test - GeoJSON lacks source_tile — will assign via spatial join
2026-04-26 00:43:58,703 - INFO - pairwise_permutation_test - GeoJSON: 466 detections from consensus_t8.geojson
2026-04-26 00:43:58,708 - WARNING - pairwise_permutation_test - GeoJSON lacks source_tile — will assign via spatial join
2026-04-26 00:43:58,708 - INFO - pairwise_permutation_test - GeoJSON: 549 detections from consensus_t9.geojson
2026-04-26 00:43:58,719 - WARNING - pairwise_permutation_test - GeoJSON lacks source_tile — will assign via spatial join
2026-04-26 00:43:58,719 - INFO - pairwise_permutation_test - GeoJSON: 608 detections from consensus_t10.geojson
2026-04-26 00:43:58,873 - WARNING - pairwise_permutation_test - GeoJSON lacks source_tile — will assign via spatial join
2026-04-26 00:43:58,873 - INFO - pairwise_permutation_test - GeoJSON: 549 detections from consensus_t9.geojson
2026-04-26 00:43:58,885 - WARNING - pairwise_permutation_test - GeoJSON lacks source_tile — will assign via spatial join
2026-04-26 00:43:58,885 - INFO - pairwise_permutation_test - GeoJSON: 608 detections from consensus_t10.geojson
2026-04-26 00:43:58,986 - INFO - __main__ - [300/406] pairwise done
2026-04-26 00:43:59,004 - WARNING - pairwise_permutation_test - GeoJSON lacks source_tile — will assign via spatial join
2026-04-26 00:43:59,004 - INFO - pairwise_permutation_test - GeoJSON: 549 detections from consensus_t9.geojson
2026-04-26 00:43:59,015 - WARNING - pairwise_permutation_test - GeoJSON lacks source_tile — will assign via spatial join
2026-04-26 00:43:59,015 - INFO - pairwise_permutation_test - GeoJSON: 681 detections from consensus_t2.geojson
2026-04-26 00:43:59,096 - WARNING - pairwise_permutation_test - GeoJSON lacks source_tile — will assign via spatial join
2026-04-26 00:43:59,096 - INFO - pairwise_permutation_test - GeoJSON: 549 detections from consensus_t9.geojson
2026-04-26 00:43:59,108 - WARNING - pairwise_permutation_test - GeoJSON lacks source_tile — will assign via spatial join
2026-04-26 00:43:59,108 - INFO - pairwise_permutation_test - GeoJSON: 616 detections from consensus_t10.geojson
2026-04-26 00:43:59,210 - WARNING - pairwise_permutation_test - GeoJSON lacks source_tile — will assign via spatial join
2026-04-26 00:43:59,210 - INFO - pairwise_permutation_test - GeoJSON: 549 detections from consensus_t9.geojson
2026-04-26 00:43:59,222 - WARNING - pairwise_permutation_test - GeoJSON lacks source_tile — will assign via spatial join
2026-04-26 00:43:59,222 - INFO - pairwise_permutation_test - GeoJSON: 745 detections from consensus_t3.geojson
2026-04-26 00:43:59,374 - WARNING - pairwise_permutation_test - GeoJSON lacks source_tile — will assign via spatial join
2026-04-26 00:43:59,374 - INFO - pairwise_permutation_test - GeoJSON: 549 detections from consensus_t9.geojson
2026-04-26 00:43:59,386 - WARNING - pairwise_permutation_test - GeoJSON lacks source_tile — will assign via spatial join
2026-04-26 00:43:59,386 - INFO - pairwise_permutation_test - GeoJSON: 799 detections from consensus_t3.geojson
2026-04-26 00:43:59,478 - WARNING - pairwise_permutation_test - GeoJSON lacks source_tile — will assign via spatial join
2026-04-26 00:43:59,478 - INFO - pairwise_permutation_test - GeoJSON: 549 detections from consensus_t9.geojson
2026-04-26 00:43:59,490 - WARNING - pairwise_permutation_test - GeoJSON lacks source_tile — will assign via spatial join
2026-04-26 00:43:59,490 - INFO - pairwise_permutation_test - GeoJSON: 794 detections from consensus_t3.geojson
2026-04-26 00:43:59,737 - WARNING - pairwise_permutation_test - GeoJSON lacks source_tile — will assign via spatial join
2026-04-26 00:43:59,737 - INFO - pairwise_permutation_test - GeoJSON: 549 detections from consensus_t9.geojson
2026-04-26 00:43:59,747 - WARNING - pairwise_permutation_test - GeoJSON lacks source_tile — will assign via spatial join
2026-04-26 00:43:59,747 - INFO - pairwise_permutation_test - GeoJSON: 549 detections from consensus_t9.geojson
2026-04-26 00:43:59,748 - WARNING - pairwise_permutation_test - GeoJSON lacks source_tile — will assign via spatial join
2026-04-26 00:43:59,748 - INFO - pairwise_permutation_test - GeoJSON: 783 detections from consensus_t3.geojson
2026-04-26 00:43:59,757 - WARNING - pairwise_permutation_test - GeoJSON lacks source_tile — will assign via spatial join
2026-04-26 00:43:59,757 - INFO - pairwise_permutation_test - GeoJSON: 604 detections from consensus_t3.geojson
2026-04-26 00:43:59,930 - WARNING - pairwise_permutation_test - GeoJSON lacks source_tile — will assign via spatial join
2026-04-26 00:43:59,930 - INFO - pairwise_permutation_test - GeoJSON: 549 detections from consensus_t9.geojson
2026-04-26 00:43:59,941 - WARNING - pairwise_permutation_test - GeoJSON lacks source_tile — will assign via spatial join
2026-04-26 00:43:59,941 - INFO - pairwise_permutation_test - GeoJSON: 802 detections from consensus_t1.geojson
2026-04-26 00:44:00,134 - WARNING - pairwise_permutation_test - GeoJSON lacks source_tile — will assign via spatial join
2026-04-26 00:44:00,134 - INFO - pairwise_permutation_test - GeoJSON: 549 detections from consensus_t9.geojson
2026-04-26 00:44:00,138 - WARNING - pairwise_permutation_test - GeoJSON lacks source_tile — will assign via spatial join
2026-04-26 00:44:00,138 - INFO - pairwise_permutation_test - GeoJSON: 549 detections from consensus_t9.geojson
2026-04-26 00:44:00,148 - WARNING - pairwise_permutation_test - GeoJSON lacks source_tile — will assign via spatial join
2026-04-26 00:44:00,148 - INFO - pairwise_permutation_test - GeoJSON: 530 detections from consensus_t29.geojson
2026-04-26 00:44:00,148 - WARNING - pairwise_permutation_test - GeoJSON lacks source_tile — will assign via spatial join
2026-04-26 00:44:00,148 - INFO - pairwise_permutation_test - GeoJSON: 517 detections from consensus_t10.geojson
2026-04-26 00:44:00,362 - WARNING - pairwise_permutation_test - GeoJSON lacks source_tile — will assign via spatial join
2026-04-26 00:44:00,362 - INFO - pairwise_permutation_test - GeoJSON: 549 detections from consensus_t9.geojson
2026-04-26 00:44:00,371 - WARNING - pairwise_permutation_test - GeoJSON lacks source_tile — will assign via spatial join
2026-04-26 00:44:00,371 - INFO - pairwise_permutation_test - GeoJSON: 466 detections from consensus_t8.geojson
2026-04-26 00:44:00,489 - WARNING - pairwise_permutation_test - GeoJSON lacks source_tile — will assign via spatial join
2026-04-26 00:44:00,489 - INFO - pairwise_permutation_test - GeoJSON: 549 detections from consensus_t9.geojson
2026-04-26 00:44:00,501 - WARNING - pairwise_permutation_test - GeoJSON lacks source_tile — will assign via spatial join
2026-04-26 00:44:00,501 - INFO - pairwise_permutation_test - GeoJSON: 608 detections from consensus_t10.geojson
2026-04-26 00:44:00,605 - WARNING - pairwise_permutation_test - GeoJSON lacks source_tile — will assign via spatial join
2026-04-26 00:44:00,605 - INFO - pairwise_permutation_test - GeoJSON: 549 detections from consensus_t9.geojson
2026-04-26 00:44:00,616 - WARNING - pairwise_permutation_test - GeoJSON lacks source_tile — will assign via spatial join
2026-04-26 00:44:00,616 - INFO - pairwise_permutation_test - GeoJSON: 608 detections from consensus_t10.geojson
2026-04-26 00:44:00,848 - WARNING - pairwise_permutation_test - GeoJSON lacks source_tile — will assign via spatial join
2026-04-26 00:44:00,848 - INFO - pairwise_permutation_test - GeoJSON: 549 detections from consensus_t9.geojson
2026-04-26 00:44:00,858 - WARNING - pairwise_permutation_test - GeoJSON lacks source_tile — will assign via spatial join
2026-04-26 00:44:00,858 - INFO - pairwise_permutation_test - GeoJSON: 681 detections from consensus_t2.geojson
2026-04-26 00:44:00,929 - WARNING - pairwise_permutation_test - GeoJSON lacks source_tile — will assign via spatial join
2026-04-26 00:44:00,929 - INFO - pairwise_permutation_test - GeoJSON: 549 detections from consensus_t9.geojson
2026-04-26 00:44:00,941 - WARNING - pairwise_permutation_test - GeoJSON lacks source_tile — will assign via spatial join
2026-04-26 00:44:00,941 - INFO - pairwise_permutation_test - GeoJSON: 616 detections from consensus_t10.geojson
2026-04-26 00:44:01,114 - WARNING - pairwise_permutation_test - GeoJSON lacks source_tile — will assign via spatial join
2026-04-26 00:44:01,114 - INFO - pairwise_permutation_test - GeoJSON: 549 detections from consensus_t9.geojson
2026-04-26 00:44:01,125 - WARNING - pairwise_permutation_test - GeoJSON lacks source_tile — will assign via spatial join
2026-04-26 00:44:01,125 - INFO - pairwise_permutation_test - GeoJSON: 745 detections from consensus_t3.geojson
2026-04-26 00:44:01,150 - WARNING - pairwise_permutation_test - GeoJSON lacks source_tile — will assign via spatial join
2026-04-26 00:44:01,150 - INFO - pairwise_permutation_test - GeoJSON: 549 detections from consensus_t9.geojson
2026-04-26 00:44:01,162 - WARNING - pairwise_permutation_test - GeoJSON lacks source_tile — will assign via spatial join
2026-04-26 00:44:01,162 - INFO - pairwise_permutation_test - GeoJSON: 799 detections from consensus_t3.geojson
2026-04-26 00:44:01,162 - WARNING - pairwise_permutation_test - GeoJSON lacks source_tile — will assign via spatial join
2026-04-26 00:44:01,162 - INFO - pairwise_permutation_test - GeoJSON: 549 detections from consensus_t9.geojson
2026-04-26 00:44:01,174 - WARNING - pairwise_permutation_test - GeoJSON lacks source_tile — will assign via spatial join
2026-04-26 00:44:01,174 - INFO - pairwise_permutation_test - GeoJSON: 794 detections from consensus_t3.geojson
2026-04-26 00:44:01,392 - WARNING - pairwise_permutation_test - GeoJSON lacks source_tile — will assign via spatial join
2026-04-26 00:44:01,392 - INFO - pairwise_permutation_test - GeoJSON: 549 detections from consensus_t9.geojson
2026-04-26 00:44:01,404 - WARNING - pairwise_permutation_test - GeoJSON lacks source_tile — will assign via spatial join
2026-04-26 00:44:01,404 - INFO - pairwise_permutation_test - GeoJSON: 783 detections from consensus_t3.geojson
2026-04-26 00:44:01,537 - WARNING - pairwise_permutation_test - GeoJSON lacks source_tile — will assign via spatial join
2026-04-26 00:44:01,537 - INFO - pairwise_permutation_test - GeoJSON: 549 detections from consensus_t9.geojson
2026-04-26 00:44:01,547 - WARNING - pairwise_permutation_test - GeoJSON lacks source_tile — will assign via spatial join
2026-04-26 00:44:01,547 - INFO - pairwise_permutation_test - GeoJSON: 604 detections from consensus_t3.geojson
2026-04-26 00:44:01,655 - WARNING - pairwise_permutation_test - GeoJSON lacks source_tile — will assign via spatial join
2026-04-26 00:44:01,656 - INFO - pairwise_permutation_test - GeoJSON: 549 detections from consensus_t9.geojson
2026-04-26 00:44:01,667 - WARNING - pairwise_permutation_test - GeoJSON lacks source_tile — will assign via spatial join
2026-04-26 00:44:01,667 - INFO - pairwise_permutation_test - GeoJSON: 802 detections from consensus_t1.geojson
2026-04-26 00:44:01,974 - WARNING - pairwise_permutation_test - GeoJSON lacks source_tile — will assign via spatial join
2026-04-26 00:44:01,974 - INFO - pairwise_permutation_test - GeoJSON: 530 detections from consensus_t29.geojson
2026-04-26 00:44:01,984 - WARNING - pairwise_permutation_test - GeoJSON lacks source_tile — will assign via spatial join
2026-04-26 00:44:01,984 - INFO - pairwise_permutation_test - GeoJSON: 517 detections from consensus_t10.geojson
2026-04-26 00:44:02,006 - WARNING - pairwise_permutation_test - GeoJSON lacks source_tile — will assign via spatial join
2026-04-26 00:44:02,006 - INFO - pairwise_permutation_test - GeoJSON: 530 detections from consensus_t29.geojson
2026-04-26 00:44:02,016 - WARNING - pairwise_permutation_test - GeoJSON lacks source_tile — will assign via spatial join
2026-04-26 00:44:02,016 - INFO - pairwise_permutation_test - GeoJSON: 466 detections from consensus_t8.geojson
2026-04-26 00:44:02,235 - WARNING - pairwise_permutation_test - GeoJSON lacks source_tile — will assign via spatial join
2026-04-26 00:44:02,235 - INFO - pairwise_permutation_test - GeoJSON: 530 detections from consensus_t29.geojson
2026-04-26 00:44:02,246 - WARNING - pairwise_permutation_test - GeoJSON lacks source_tile — will assign via spatial join
2026-04-26 00:44:02,246 - INFO - pairwise_permutation_test - GeoJSON: 608 detections from consensus_t10.geojson
2026-04-26 00:44:02,264 - WARNING - pairwise_permutation_test - GeoJSON lacks source_tile — will assign via spatial join
2026-04-26 00:44:02,264 - INFO - pairwise_permutation_test - GeoJSON: 530 detections from consensus_t29.geojson
2026-04-26 00:44:02,275 - WARNING - pairwise_permutation_test - GeoJSON lacks source_tile — will assign via spatial join
2026-04-26 00:44:02,275 - INFO - pairwise_permutation_test - GeoJSON: 608 detections from consensus_t10.geojson
2026-04-26 00:44:02,283 - WARNING - pairwise_permutation_test - GeoJSON lacks source_tile — will assign via spatial join
2026-04-26 00:44:02,283 - INFO - pairwise_permutation_test - GeoJSON: 530 detections from consensus_t29.geojson
2026-04-26 00:44:02,294 - WARNING - pairwise_permutation_test - GeoJSON lacks source_tile — will assign via spatial join
2026-04-26 00:44:02,294 - INFO - pairwise_permutation_test - GeoJSON: 681 detections from consensus_t2.geojson
2026-04-26 00:44:02,577 - WARNING - pairwise_permutation_test - GeoJSON lacks source_tile — will assign via spatial join
2026-04-26 00:44:02,577 - INFO - pairwise_permutation_test - GeoJSON: 530 detections from consensus_t29.geojson
2026-04-26 00:44:02,588 - WARNING - pairwise_permutation_test - GeoJSON lacks source_tile — will assign via spatial join
2026-04-26 00:44:02,588 - INFO - pairwise_permutation_test - GeoJSON: 616 detections from consensus_t10.geojson
2026-04-26 00:44:02,640 - WARNING - pairwise_permutation_test - GeoJSON lacks source_tile — will assign via spatial join
2026-04-26 00:44:02,640 - INFO - pairwise_permutation_test - GeoJSON: 530 detections from consensus_t29.geojson
2026-04-26 00:44:02,651 - WARNING - pairwise_permutation_test - GeoJSON lacks source_tile — will assign via spatial join
2026-04-26 00:44:02,651 - INFO - pairwise_permutation_test - GeoJSON: 745 detections from consensus_t3.geojson
2026-04-26 00:44:02,849 - WARNING - pairwise_permutation_test - GeoJSON lacks source_tile — will assign via spatial join
2026-04-26 00:44:02,850 - INFO - pairwise_permutation_test - GeoJSON: 530 detections from consensus_t29.geojson
2026-04-26 00:44:02,861 - WARNING - pairwise_permutation_test - GeoJSON lacks source_tile — will assign via spatial join
2026-04-26 00:44:02,861 - INFO - pairwise_permutation_test - GeoJSON: 799 detections from consensus_t3.geojson
2026-04-26 00:44:03,034 - WARNING - pairwise_permutation_test - GeoJSON lacks source_tile — will assign via spatial join
2026-04-26 00:44:03,034 - INFO - pairwise_permutation_test - GeoJSON: 530 detections from consensus_t29.geojson
2026-04-26 00:44:03,045 - WARNING - pairwise_permutation_test - GeoJSON lacks source_tile — will assign via spatial join
2026-04-26 00:44:03,045 - INFO - pairwise_permutation_test - GeoJSON: 530 detections from consensus_t29.geojson
2026-04-26 00:44:03,047 - WARNING - pairwise_permutation_test - GeoJSON lacks source_tile — will assign via spatial join
2026-04-26 00:44:03,047 - INFO - pairwise_permutation_test - GeoJSON: 794 detections from consensus_t3.geojson
2026-04-26 00:44:03,057 - WARNING - pairwise_permutation_test - GeoJSON lacks source_tile — will assign via spatial join
2026-04-26 00:44:03,057 - INFO - pairwise_permutation_test - GeoJSON: 783 detections from consensus_t3.geojson
2026-04-26 00:44:03,282 - WARNING - pairwise_permutation_test - GeoJSON lacks source_tile — will assign via spatial join
2026-04-26 00:44:03,282 - INFO - pairwise_permutation_test - GeoJSON: 530 detections from consensus_t29.geojson
2026-04-26 00:44:03,292 - WARNING - pairwise_permutation_test - GeoJSON lacks source_tile — will assign via spatial join
2026-04-26 00:44:03,292 - INFO - pairwise_permutation_test - GeoJSON: 604 detections from consensus_t3.geojson
2026-04-26 00:44:03,321 - WARNING - pairwise_permutation_test - GeoJSON lacks source_tile — will assign via spatial join
2026-04-26 00:44:03,322 - INFO - pairwise_permutation_test - GeoJSON: 530 detections from consensus_t29.geojson
2026-04-26 00:44:03,333 - WARNING - pairwise_permutation_test - GeoJSON lacks source_tile — will assign via spatial join
2026-04-26 00:44:03,333 - INFO - pairwise_permutation_test - GeoJSON: 802 detections from consensus_t1.geojson
2026-04-26 00:44:03,413 - WARNING - pairwise_permutation_test - GeoJSON lacks source_tile — will assign via spatial join
2026-04-26 00:44:03,413 - INFO - pairwise_permutation_test - GeoJSON: 517 detections from consensus_t10.geojson
2026-04-26 00:44:03,422 - WARNING - pairwise_permutation_test - GeoJSON lacks source_tile — will assign via spatial join
2026-04-26 00:44:03,422 - INFO - pairwise_permutation_test - GeoJSON: 466 detections from consensus_t8.geojson
2026-04-26 00:44:03,636 - WARNING - pairwise_permutation_test - GeoJSON lacks source_tile — will assign via spatial join
2026-04-26 00:44:03,636 - INFO - pairwise_permutation_test - GeoJSON: 517 detections from consensus_t10.geojson
2026-04-26 00:44:03,647 - WARNING - pairwise_permutation_test - GeoJSON lacks source_tile — will assign via spatial join
2026-04-26 00:44:03,647 - INFO - pairwise_permutation_test - GeoJSON: 608 detections from consensus_t10.geojson
2026-04-26 00:44:03,759 - WARNING - pairwise_permutation_test - GeoJSON lacks source_tile — will assign via spatial join
2026-04-26 00:44:03,759 - INFO - pairwise_permutation_test - GeoJSON: 517 detections from consensus_t10.geojson
2026-04-26 00:44:03,770 - WARNING - pairwise_permutation_test - GeoJSON lacks source_tile — will assign via spatial join
2026-04-26 00:44:03,770 - INFO - pairwise_permutation_test - GeoJSON: 608 detections from consensus_t10.geojson
2026-04-26 00:44:03,978 - WARNING - pairwise_permutation_test - GeoJSON lacks source_tile — will assign via spatial join
2026-04-26 00:44:03,978 - INFO - pairwise_permutation_test - GeoJSON: 517 detections from consensus_t10.geojson
2026-04-26 00:44:03,988 - WARNING - pairwise_permutation_test - GeoJSON lacks source_tile — will assign via spatial join
2026-04-26 00:44:03,988 - INFO - pairwise_permutation_test - GeoJSON: 681 detections from consensus_t2.geojson
2026-04-26 00:44:04,176 - WARNING - pairwise_permutation_test - GeoJSON lacks source_tile — will assign via spatial join
2026-04-26 00:44:04,176 - INFO - pairwise_permutation_test - GeoJSON: 517 detections from consensus_t10.geojson
2026-04-26 00:44:04,188 - WARNING - pairwise_permutation_test - GeoJSON lacks source_tile — will assign via spatial join
2026-04-26 00:44:04,188 - INFO - pairwise_permutation_test - GeoJSON: 616 detections from consensus_t10.geojson
2026-04-26 00:44:04,232 - WARNING - pairwise_permutation_test - GeoJSON lacks source_tile — will assign via spatial join
2026-04-26 00:44:04,232 - INFO - pairwise_permutation_test - GeoJSON: 517 detections from consensus_t10.geojson
2026-04-26 00:44:04,244 - WARNING - pairwise_permutation_test - GeoJSON lacks source_tile — will assign via spatial join
2026-04-26 00:44:04,244 - INFO - pairwise_permutation_test - GeoJSON: 745 detections from consensus_t3.geojson
2026-04-26 00:44:04,373 - WARNING - pairwise_permutation_test - GeoJSON lacks source_tile — will assign via spatial join
2026-04-26 00:44:04,373 - INFO - pairwise_permutation_test - GeoJSON: 517 detections from consensus_t10.geojson
2026-04-26 00:44:04,384 - WARNING - pairwise_permutation_test - GeoJSON lacks source_tile — will assign via spatial join
2026-04-26 00:44:04,385 - INFO - pairwise_permutation_test - GeoJSON: 799 detections from consensus_t3.geojson
2026-04-26 00:44:04,428 - WARNING - pairwise_permutation_test - GeoJSON lacks source_tile — will assign via spatial join
2026-04-26 00:44:04,428 - INFO - pairwise_permutation_test - GeoJSON: 517 detections from consensus_t10.geojson
2026-04-26 00:44:04,440 - WARNING - pairwise_permutation_test - GeoJSON lacks source_tile — will assign via spatial join
2026-04-26 00:44:04,440 - INFO - pairwise_permutation_test - GeoJSON: 794 detections from consensus_t3.geojson
2026-04-26 00:44:04,505 - WARNING - pairwise_permutation_test - GeoJSON lacks source_tile — will assign via spatial join
2026-04-26 00:44:04,505 - INFO - pairwise_permutation_test - GeoJSON: 517 detections from consensus_t10.geojson
2026-04-26 00:44:04,516 - WARNING - pairwise_permutation_test - GeoJSON lacks source_tile — will assign via spatial join
2026-04-26 00:44:04,516 - INFO - pairwise_permutation_test - GeoJSON: 783 detections from consensus_t3.geojson
2026-04-26 00:44:04,694 - WARNING - pairwise_permutation_test - GeoJSON lacks source_tile — will assign via spatial join
2026-04-26 00:44:04,694 - INFO - pairwise_permutation_test - GeoJSON: 517 detections from consensus_t10.geojson
2026-04-26 00:44:04,703 - WARNING - pairwise_permutation_test - GeoJSON lacks source_tile — will assign via spatial join
2026-04-26 00:44:04,703 - INFO - pairwise_permutation_test - GeoJSON: 604 detections from consensus_t3.geojson
2026-04-26 00:44:04,850 - WARNING - pairwise_permutation_test - GeoJSON lacks source_tile — will assign via spatial join
2026-04-26 00:44:04,850 - INFO - pairwise_permutation_test - GeoJSON: 517 detections from consensus_t10.geojson
2026-04-26 00:44:04,862 - WARNING - pairwise_permutation_test - GeoJSON lacks source_tile — will assign via spatial join
2026-04-26 00:44:04,862 - INFO - pairwise_permutation_test - GeoJSON: 802 detections from consensus_t1.geojson
2026-04-26 00:44:05,140 - WARNING - pairwise_permutation_test - GeoJSON lacks source_tile — will assign via spatial join
2026-04-26 00:44:05,140 - INFO - pairwise_permutation_test - GeoJSON: 466 detections from consensus_t8.geojson
2026-04-26 00:44:05,151 - WARNING - pairwise_permutation_test - GeoJSON lacks source_tile — will assign via spatial join
2026-04-26 00:44:05,151 - INFO - pairwise_permutation_test - GeoJSON: 608 detections from consensus_t10.geojson
2026-04-26 00:44:05,270 - WARNING - pairwise_permutation_test - GeoJSON lacks source_tile — will assign via spatial join
2026-04-26 00:44:05,270 - INFO - pairwise_permutation_test - GeoJSON: 466 detections from consensus_t8.geojson
2026-04-26 00:44:05,281 - WARNING - pairwise_permutation_test - GeoJSON lacks source_tile — will assign via spatial join
2026-04-26 00:44:05,281 - INFO - pairwise_permutation_test - GeoJSON: 608 detections from consensus_t10.geojson
2026-04-26 00:44:05,397 - WARNING - pairwise_permutation_test - GeoJSON lacks source_tile — will assign via spatial join
2026-04-26 00:44:05,397 - INFO - pairwise_permutation_test - GeoJSON: 466 detections from consensus_t8.geojson
2026-04-26 00:44:05,408 - WARNING - pairwise_permutation_test - GeoJSON lacks source_tile — will assign via spatial join
2026-04-26 00:44:05,408 - INFO - pairwise_permutation_test - GeoJSON: 681 detections from consensus_t2.geojson
2026-04-26 00:44:05,515 - WARNING - pairwise_permutation_test - GeoJSON lacks source_tile — will assign via spatial join
2026-04-26 00:44:05,515 - INFO - pairwise_permutation_test - GeoJSON: 466 detections from consensus_t8.geojson
2026-04-26 00:44:05,526 - WARNING - pairwise_permutation_test - GeoJSON lacks source_tile — will assign via spatial join
2026-04-26 00:44:05,526 - INFO - pairwise_permutation_test - GeoJSON: 616 detections from consensus_t10.geojson
2026-04-26 00:44:05,569 - WARNING - pairwise_permutation_test - GeoJSON lacks source_tile — will assign via spatial join
2026-04-26 00:44:05,569 - INFO - pairwise_permutation_test - GeoJSON: 466 detections from consensus_t8.geojson
2026-04-26 00:44:05,580 - WARNING - pairwise_permutation_test - GeoJSON lacks source_tile — will assign via spatial join
2026-04-26 00:44:05,580 - INFO - pairwise_permutation_test - GeoJSON: 745 detections from consensus_t3.geojson
2026-04-26 00:44:05,677 - WARNING - pairwise_permutation_test - GeoJSON lacks source_tile — will assign via spatial join
2026-04-26 00:44:05,677 - INFO - pairwise_permutation_test - GeoJSON: 466 detections from consensus_t8.geojson
2026-04-26 00:44:05,689 - WARNING - pairwise_permutation_test - GeoJSON lacks source_tile — will assign via spatial join
2026-04-26 00:44:05,689 - INFO - pairwise_permutation_test - GeoJSON: 799 detections from consensus_t3.geojson
2026-04-26 00:44:05,805 - INFO - __main__ - [350/406] pairwise done
2026-04-26 00:44:05,822 - WARNING - pairwise_permutation_test - GeoJSON lacks source_tile — will assign via spatial join
2026-04-26 00:44:05,823 - INFO - pairwise_permutation_test - GeoJSON: 466 detections from consensus_t8.geojson
2026-04-26 00:44:05,834 - WARNING - pairwise_permutation_test - GeoJSON lacks source_tile — will assign via spatial join
2026-04-26 00:44:05,834 - INFO - pairwise_permutation_test - GeoJSON: 794 detections from consensus_t3.geojson
2026-04-26 00:44:06,052 - WARNING - pairwise_permutation_test - GeoJSON lacks source_tile — will assign via spatial join
2026-04-26 00:44:06,052 - INFO - pairwise_permutation_test - GeoJSON: 466 detections from consensus_t8.geojson
2026-04-26 00:44:06,064 - WARNING - pairwise_permutation_test - GeoJSON lacks source_tile — will assign via spatial join
2026-04-26 00:44:06,064 - INFO - pairwise_permutation_test - GeoJSON: 783 detections from consensus_t3.geojson
2026-04-26 00:44:06,185 - WARNING - pairwise_permutation_test - GeoJSON lacks source_tile — will assign via spatial join
2026-04-26 00:44:06,185 - INFO - pairwise_permutation_test - GeoJSON: 466 detections from consensus_t8.geojson
2026-04-26 00:44:06,195 - WARNING - pairwise_permutation_test - GeoJSON lacks source_tile — will assign via spatial join
2026-04-26 00:44:06,195 - INFO - pairwise_permutation_test - GeoJSON: 604 detections from consensus_t3.geojson
2026-04-26 00:44:06,361 - WARNING - pairwise_permutation_test - GeoJSON lacks source_tile — will assign via spatial join
2026-04-26 00:44:06,361 - INFO - pairwise_permutation_test - GeoJSON: 466 detections from consensus_t8.geojson
2026-04-26 00:44:06,373 - WARNING - pairwise_permutation_test - GeoJSON lacks source_tile — will assign via spatial join
2026-04-26 00:44:06,373 - INFO - pairwise_permutation_test - GeoJSON: 802 detections from consensus_t1.geojson
2026-04-26 00:44:06,544 - WARNING - pairwise_permutation_test - GeoJSON lacks source_tile — will assign via spatial join
2026-04-26 00:44:06,544 - INFO - pairwise_permutation_test - GeoJSON: 608 detections from consensus_t10.geojson
2026-04-26 00:44:06,555 - WARNING - pairwise_permutation_test - GeoJSON lacks source_tile — will assign via spatial join
2026-04-26 00:44:06,555 - INFO - pairwise_permutation_test - GeoJSON: 608 detections from consensus_t10.geojson
2026-04-26 00:44:06,569 - WARNING - pairwise_permutation_test - GeoJSON lacks source_tile — will assign via spatial join
2026-04-26 00:44:06,569 - INFO - pairwise_permutation_test - GeoJSON: 608 detections from consensus_t10.geojson
2026-04-26 00:44:06,580 - WARNING - pairwise_permutation_test - GeoJSON lacks source_tile — will assign via spatial join
2026-04-26 00:44:06,580 - INFO - pairwise_permutation_test - GeoJSON: 681 detections from consensus_t2.geojson
2026-04-26 00:44:06,664 - WARNING - pairwise_permutation_test - GeoJSON lacks source_tile — will assign via spatial join
2026-04-26 00:44:06,664 - INFO - pairwise_permutation_test - GeoJSON: 608 detections from consensus_t10.geojson
2026-04-26 00:44:06,675 - WARNING - pairwise_permutation_test - GeoJSON lacks source_tile — will assign via spatial join
2026-04-26 00:44:06,675 - INFO - pairwise_permutation_test - GeoJSON: 616 detections from consensus_t10.geojson
2026-04-26 00:44:06,776 - WARNING - pairwise_permutation_test - GeoJSON lacks source_tile — will assign via spatial join
2026-04-26 00:44:06,776 - INFO - pairwise_permutation_test - GeoJSON: 608 detections from consensus_t10.geojson
2026-04-26 00:44:06,787 - WARNING - pairwise_permutation_test - GeoJSON lacks source_tile — will assign via spatial join
2026-04-26 00:44:06,787 - INFO - pairwise_permutation_test - GeoJSON: 745 detections from consensus_t3.geojson
2026-04-26 00:44:06,930 - WARNING - pairwise_permutation_test - GeoJSON lacks source_tile — will assign via spatial join
2026-04-26 00:44:06,930 - INFO - pairwise_permutation_test - GeoJSON: 608 detections from consensus_t10.geojson
2026-04-26 00:44:06,942 - WARNING - pairwise_permutation_test - GeoJSON lacks source_tile — will assign via spatial join
2026-04-26 00:44:06,942 - INFO - pairwise_permutation_test - GeoJSON: 799 detections from consensus_t3.geojson
2026-04-26 00:44:07,197 - WARNING - pairwise_permutation_test - GeoJSON lacks source_tile — will assign via spatial join
2026-04-26 00:44:07,197 - INFO - pairwise_permutation_test - GeoJSON: 608 detections from consensus_t10.geojson
2026-04-26 00:44:07,208 - WARNING - pairwise_permutation_test - GeoJSON lacks source_tile — will assign via spatial join
2026-04-26 00:44:07,208 - INFO - pairwise_permutation_test - GeoJSON: 794 detections from consensus_t3.geojson
2026-04-26 00:44:07,277 - WARNING - pairwise_permutation_test - GeoJSON lacks source_tile — will assign via spatial join
2026-04-26 00:44:07,277 - INFO - pairwise_permutation_test - GeoJSON: 608 detections from consensus_t10.geojson
2026-04-26 00:44:07,288 - WARNING - pairwise_permutation_test - GeoJSON lacks source_tile — will assign via spatial join
2026-04-26 00:44:07,288 - INFO - pairwise_permutation_test - GeoJSON: 783 detections from consensus_t3.geojson
2026-04-26 00:44:07,579 - WARNING - pairwise_permutation_test - GeoJSON lacks source_tile — will assign via spatial join
2026-04-26 00:44:07,579 - INFO - pairwise_permutation_test - GeoJSON: 608 detections from consensus_t10.geojson
2026-04-26 00:44:07,589 - WARNING - pairwise_permutation_test - GeoJSON lacks source_tile — will assign via spatial join
2026-04-26 00:44:07,589 - INFO - pairwise_permutation_test - GeoJSON: 604 detections from consensus_t3.geojson
2026-04-26 00:44:07,646 - WARNING - pairwise_permutation_test - GeoJSON lacks source_tile — will assign via spatial join
2026-04-26 00:44:07,646 - INFO - pairwise_permutation_test - GeoJSON: 608 detections from consensus_t10.geojson
2026-04-26 00:44:07,657 - WARNING - pairwise_permutation_test - GeoJSON lacks source_tile — will assign via spatial join
2026-04-26 00:44:07,657 - INFO - pairwise_permutation_test - GeoJSON: 802 detections from consensus_t1.geojson
2026-04-26 00:44:07,740 - WARNING - pairwise_permutation_test - GeoJSON lacks source_tile — will assign via spatial join
2026-04-26 00:44:07,740 - INFO - pairwise_permutation_test - GeoJSON: 608 detections from consensus_t10.geojson
2026-04-26 00:44:07,751 - WARNING - pairwise_permutation_test - GeoJSON lacks source_tile — will assign via spatial join
2026-04-26 00:44:07,751 - INFO - pairwise_permutation_test - GeoJSON: 681 detections from consensus_t2.geojson
2026-04-26 00:44:07,770 - WARNING - pairwise_permutation_test - GeoJSON lacks source_tile — will assign via spatial join
2026-04-26 00:44:07,770 - INFO - pairwise_permutation_test - GeoJSON: 608 detections from consensus_t10.geojson
2026-04-26 00:44:07,781 - WARNING - pairwise_permutation_test - GeoJSON lacks source_tile — will assign via spatial join
2026-04-26 00:44:07,781 - INFO - pairwise_permutation_test - GeoJSON: 616 detections from consensus_t10.geojson
2026-04-26 00:44:07,924 - WARNING - pairwise_permutation_test - GeoJSON lacks source_tile — will assign via spatial join
2026-04-26 00:44:07,924 - INFO - pairwise_permutation_test - GeoJSON: 608 detections from consensus_t10.geojson
2026-04-26 00:44:07,936 - WARNING - pairwise_permutation_test - GeoJSON lacks source_tile — will assign via spatial join
2026-04-26 00:44:07,936 - INFO - pairwise_permutation_test - GeoJSON: 745 detections from consensus_t3.geojson
2026-04-26 00:44:08,120 - WARNING - pairwise_permutation_test - GeoJSON lacks source_tile — will assign via spatial join
2026-04-26 00:44:08,120 - INFO - pairwise_permutation_test - GeoJSON: 608 detections from consensus_t10.geojson
2026-04-26 00:44:08,131 - WARNING - pairwise_permutation_test - GeoJSON lacks source_tile — will assign via spatial join
2026-04-26 00:44:08,131 - INFO - pairwise_permutation_test - GeoJSON: 799 detections from consensus_t3.geojson
2026-04-26 00:44:08,350 - WARNING - pairwise_permutation_test - GeoJSON lacks source_tile — will assign via spatial join
2026-04-26 00:44:08,350 - INFO - pairwise_permutation_test - GeoJSON: 608 detections from consensus_t10.geojson
2026-04-26 00:44:08,362 - WARNING - pairwise_permutation_test - GeoJSON lacks source_tile — will assign via spatial join
2026-04-26 00:44:08,362 - INFO - pairwise_permutation_test - GeoJSON: 794 detections from consensus_t3.geojson
2026-04-26 00:44:08,473 - WARNING - pairwise_permutation_test - GeoJSON lacks source_tile — will assign via spatial join
2026-04-26 00:44:08,473 - INFO - pairwise_permutation_test - GeoJSON: 608 detections from consensus_t10.geojson
2026-04-26 00:44:08,484 - WARNING - pairwise_permutation_test - GeoJSON lacks source_tile — will assign via spatial join
2026-04-26 00:44:08,484 - INFO - pairwise_permutation_test - GeoJSON: 783 detections from consensus_t3.geojson
2026-04-26 00:44:08,719 - WARNING - pairwise_permutation_test - GeoJSON lacks source_tile — will assign via spatial join
2026-04-26 00:44:08,719 - INFO - pairwise_permutation_test - GeoJSON: 608 detections from consensus_t10.geojson
2026-04-26 00:44:08,729 - WARNING - pairwise_permutation_test - GeoJSON lacks source_tile — will assign via spatial join
2026-04-26 00:44:08,729 - INFO - pairwise_permutation_test - GeoJSON: 604 detections from consensus_t3.geojson
2026-04-26 00:44:08,883 - WARNING - pairwise_permutation_test - GeoJSON lacks source_tile — will assign via spatial join
2026-04-26 00:44:08,883 - INFO - pairwise_permutation_test - GeoJSON: 608 detections from consensus_t10.geojson
2026-04-26 00:44:08,892 - WARNING - pairwise_permutation_test - GeoJSON lacks source_tile — will assign via spatial join
2026-04-26 00:44:08,892 - INFO - pairwise_permutation_test - GeoJSON: 681 detections from consensus_t2.geojson
2026-04-26 00:44:08,895 - WARNING - pairwise_permutation_test - GeoJSON lacks source_tile — will assign via spatial join
2026-04-26 00:44:08,895 - INFO - pairwise_permutation_test - GeoJSON: 802 detections from consensus_t1.geojson
2026-04-26 00:44:08,903 - WARNING - pairwise_permutation_test - GeoJSON lacks source_tile — will assign via spatial join
2026-04-26 00:44:08,903 - INFO - pairwise_permutation_test - GeoJSON: 616 detections from consensus_t10.geojson
2026-04-26 00:44:08,911 - WARNING - pairwise_permutation_test - GeoJSON lacks source_tile — will assign via spatial join
2026-04-26 00:44:08,911 - INFO - pairwise_permutation_test - GeoJSON: 681 detections from consensus_t2.geojson
2026-04-26 00:44:08,922 - WARNING - pairwise_permutation_test - GeoJSON lacks source_tile — will assign via spatial join
2026-04-26 00:44:08,922 - INFO - pairwise_permutation_test - GeoJSON: 745 detections from consensus_t3.geojson
2026-04-26 00:44:09,114 - WARNING - pairwise_permutation_test - GeoJSON lacks source_tile — will assign via spatial join
2026-04-26 00:44:09,114 - INFO - pairwise_permutation_test - GeoJSON: 681 detections from consensus_t2.geojson
2026-04-26 00:44:09,126 - WARNING - pairwise_permutation_test - GeoJSON lacks source_tile — will assign via spatial join
2026-04-26 00:44:09,126 - INFO - pairwise_permutation_test - GeoJSON: 799 detections from consensus_t3.geojson
2026-04-26 00:44:09,278 - WARNING - pairwise_permutation_test - GeoJSON lacks source_tile — will assign via spatial join
2026-04-26 00:44:09,278 - INFO - pairwise_permutation_test - GeoJSON: 681 detections from consensus_t2.geojson
2026-04-26 00:44:09,289 - WARNING - pairwise_permutation_test - GeoJSON lacks source_tile — will assign via spatial join
2026-04-26 00:44:09,290 - INFO - pairwise_permutation_test - GeoJSON: 794 detections from consensus_t3.geojson
2026-04-26 00:44:09,503 - WARNING - pairwise_permutation_test - GeoJSON lacks source_tile — will assign via spatial join
2026-04-26 00:44:09,503 - INFO - pairwise_permutation_test - GeoJSON: 681 detections from consensus_t2.geojson
2026-04-26 00:44:09,514 - WARNING - pairwise_permutation_test - GeoJSON lacks source_tile — will assign via spatial join
2026-04-26 00:44:09,514 - INFO - pairwise_permutation_test - GeoJSON: 783 detections from consensus_t3.geojson
2026-04-26 00:44:09,659 - WARNING - pairwise_permutation_test - GeoJSON lacks source_tile — will assign via spatial join
2026-04-26 00:44:09,659 - INFO - pairwise_permutation_test - GeoJSON: 681 detections from consensus_t2.geojson
2026-04-26 00:44:09,670 - WARNING - pairwise_permutation_test - GeoJSON lacks source_tile — will assign via spatial join
2026-04-26 00:44:09,670 - INFO - pairwise_permutation_test - GeoJSON: 604 detections from consensus_t3.geojson
2026-04-26 00:44:09,865 - WARNING - pairwise_permutation_test - GeoJSON lacks source_tile — will assign via spatial join
2026-04-26 00:44:09,865 - INFO - pairwise_permutation_test - GeoJSON: 681 detections from consensus_t2.geojson
2026-04-26 00:44:09,877 - WARNING - pairwise_permutation_test - GeoJSON lacks source_tile — will assign via spatial join
2026-04-26 00:44:09,877 - INFO - pairwise_permutation_test - GeoJSON: 802 detections from consensus_t1.geojson
2026-04-26 00:44:10,075 - WARNING - pairwise_permutation_test - GeoJSON lacks source_tile — will assign via spatial join
2026-04-26 00:44:10,075 - INFO - pairwise_permutation_test - GeoJSON: 616 detections from consensus_t10.geojson
2026-04-26 00:44:10,087 - WARNING - pairwise_permutation_test - GeoJSON lacks source_tile — will assign via spatial join
2026-04-26 00:44:10,087 - INFO - pairwise_permutation_test - GeoJSON: 745 detections from consensus_t3.geojson
2026-04-26 00:44:10,101 - WARNING - pairwise_permutation_test - GeoJSON lacks source_tile — will assign via spatial join
2026-04-26 00:44:10,101 - INFO - pairwise_permutation_test - GeoJSON: 616 detections from consensus_t10.geojson
2026-04-26 00:44:10,112 - WARNING - pairwise_permutation_test - GeoJSON lacks source_tile — will assign via spatial join
2026-04-26 00:44:10,112 - INFO - pairwise_permutation_test - GeoJSON: 799 detections from consensus_t3.geojson
2026-04-26 00:44:10,139 - WARNING - pairwise_permutation_test - GeoJSON lacks source_tile — will assign via spatial join
2026-04-26 00:44:10,139 - INFO - pairwise_permutation_test - GeoJSON: 616 detections from consensus_t10.geojson
2026-04-26 00:44:10,150 - WARNING - pairwise_permutation_test - GeoJSON lacks source_tile — will assign via spatial join
2026-04-26 00:44:10,151 - INFO - pairwise_permutation_test - GeoJSON: 794 detections from consensus_t3.geojson
2026-04-26 00:44:10,367 - WARNING - pairwise_permutation_test - GeoJSON lacks source_tile — will assign via spatial join
2026-04-26 00:44:10,367 - INFO - pairwise_permutation_test - GeoJSON: 616 detections from consensus_t10.geojson
2026-04-26 00:44:10,378 - WARNING - pairwise_permutation_test - GeoJSON lacks source_tile — will assign via spatial join
2026-04-26 00:44:10,378 - INFO - pairwise_permutation_test - GeoJSON: 783 detections from consensus_t3.geojson
2026-04-26 00:44:10,512 - WARNING - pairwise_permutation_test - GeoJSON lacks source_tile — will assign via spatial join
2026-04-26 00:44:10,512 - INFO - pairwise_permutation_test - GeoJSON: 616 detections from consensus_t10.geojson
2026-04-26 00:44:10,521 - WARNING - pairwise_permutation_test - GeoJSON lacks source_tile — will assign via spatial join
2026-04-26 00:44:10,521 - INFO - pairwise_permutation_test - GeoJSON: 604 detections from consensus_t3.geojson
2026-04-26 00:44:10,790 - WARNING - pairwise_permutation_test - GeoJSON lacks source_tile — will assign via spatial join
2026-04-26 00:44:10,790 - INFO - pairwise_permutation_test - GeoJSON: 616 detections from consensus_t10.geojson
2026-04-26 00:44:10,802 - WARNING - pairwise_permutation_test - GeoJSON lacks source_tile — will assign via spatial join
2026-04-26 00:44:10,802 - INFO - pairwise_permutation_test - GeoJSON: 802 detections from consensus_t1.geojson
2026-04-26 00:44:10,881 - WARNING - pairwise_permutation_test - GeoJSON lacks source_tile — will assign via spatial join
2026-04-26 00:44:10,881 - INFO - pairwise_permutation_test - GeoJSON: 745 detections from consensus_t3.geojson
2026-04-26 00:44:10,892 - WARNING - pairwise_permutation_test - GeoJSON lacks source_tile — will assign via spatial join
2026-04-26 00:44:10,892 - INFO - pairwise_permutation_test - GeoJSON: 799 detections from consensus_t3.geojson
2026-04-26 00:44:11,162 - WARNING - pairwise_permutation_test - GeoJSON lacks source_tile — will assign via spatial join
2026-04-26 00:44:11,163 - INFO - pairwise_permutation_test - GeoJSON: 745 detections from consensus_t3.geojson
2026-04-26 00:44:11,174 - WARNING - pairwise_permutation_test - GeoJSON lacks source_tile — will assign via spatial join
2026-04-26 00:44:11,174 - INFO - pairwise_permutation_test - GeoJSON: 794 detections from consensus_t3.geojson
2026-04-26 00:44:11,249 - WARNING - pairwise_permutation_test - GeoJSON lacks source_tile — will assign via spatial join
2026-04-26 00:44:11,250 - INFO - pairwise_permutation_test - GeoJSON: 745 detections from consensus_t3.geojson
2026-04-26 00:44:11,254 - WARNING - pairwise_permutation_test - GeoJSON lacks source_tile — will assign via spatial join
2026-04-26 00:44:11,254 - INFO - pairwise_permutation_test - GeoJSON: 745 detections from consensus_t3.geojson
2026-04-26 00:44:11,261 - WARNING - pairwise_permutation_test - GeoJSON lacks source_tile — will assign via spatial join
2026-04-26 00:44:11,261 - INFO - pairwise_permutation_test - GeoJSON: 783 detections from consensus_t3.geojson
2026-04-26 00:44:11,263 - WARNING - pairwise_permutation_test - GeoJSON lacks source_tile — will assign via spatial join
2026-04-26 00:44:11,264 - INFO - pairwise_permutation_test - GeoJSON: 604 detections from consensus_t3.geojson
2026-04-26 00:44:11,275 - WARNING - pairwise_permutation_test - GeoJSON lacks source_tile — will assign via spatial join
2026-04-26 00:44:11,275 - INFO - pairwise_permutation_test - GeoJSON: 745 detections from consensus_t3.geojson
2026-04-26 00:44:11,286 - WARNING - pairwise_permutation_test - GeoJSON lacks source_tile — will assign via spatial join
2026-04-26 00:44:11,286 - INFO - pairwise_permutation_test - GeoJSON: 802 detections from consensus_t1.geojson
2026-04-26 00:44:11,539 - WARNING - pairwise_permutation_test - GeoJSON lacks source_tile — will assign via spatial join
2026-04-26 00:44:11,539 - INFO - pairwise_permutation_test - GeoJSON: 799 detections from consensus_t3.geojson
2026-04-26 00:44:11,551 - WARNING - pairwise_permutation_test - GeoJSON lacks source_tile — will assign via spatial join
2026-04-26 00:44:11,551 - INFO - pairwise_permutation_test - GeoJSON: 794 detections from consensus_t3.geojson
2026-04-26 00:44:11,651 - WARNING - pairwise_permutation_test - GeoJSON lacks source_tile — will assign via spatial join
2026-04-26 00:44:11,651 - INFO - pairwise_permutation_test - GeoJSON: 799 detections from consensus_t3.geojson
2026-04-26 00:44:11,663 - WARNING - pairwise_permutation_test - GeoJSON lacks source_tile — will assign via spatial join
2026-04-26 00:44:11,663 - INFO - pairwise_permutation_test - GeoJSON: 783 detections from consensus_t3.geojson
2026-04-26 00:44:12,034 - WARNING - pairwise_permutation_test - GeoJSON lacks source_tile — will assign via spatial join
2026-04-26 00:44:12,034 - INFO - pairwise_permutation_test - GeoJSON: 799 detections from consensus_t3.geojson
2026-04-26 00:44:12,044 - WARNING - pairwise_permutation_test - GeoJSON lacks source_tile — will assign via spatial join
2026-04-26 00:44:12,044 - INFO - pairwise_permutation_test - GeoJSON: 604 detections from consensus_t3.geojson
2026-04-26 00:44:12,101 - WARNING - pairwise_permutation_test - GeoJSON lacks source_tile — will assign via spatial join
2026-04-26 00:44:12,101 - INFO - pairwise_permutation_test - GeoJSON: 799 detections from consensus_t3.geojson
2026-04-26 00:44:12,112 - WARNING - pairwise_permutation_test - GeoJSON lacks source_tile — will assign via spatial join
2026-04-26 00:44:12,112 - INFO - pairwise_permutation_test - GeoJSON: 802 detections from consensus_t1.geojson
2026-04-26 00:44:12,369 - WARNING - pairwise_permutation_test - GeoJSON lacks source_tile — will assign via spatial join
2026-04-26 00:44:12,370 - INFO - pairwise_permutation_test - GeoJSON: 794 detections from consensus_t3.geojson
2026-04-26 00:44:12,381 - WARNING - pairwise_permutation_test - GeoJSON lacks source_tile — will assign via spatial join
2026-04-26 00:44:12,381 - INFO - pairwise_permutation_test - GeoJSON: 783 detections from consensus_t3.geojson
2026-04-26 00:44:12,498 - WARNING - pairwise_permutation_test - GeoJSON lacks source_tile — will assign via spatial join
2026-04-26 00:44:12,498 - INFO - pairwise_permutation_test - GeoJSON: 794 detections from consensus_t3.geojson
2026-04-26 00:44:12,500 - WARNING - pairwise_permutation_test - GeoJSON lacks source_tile — will assign via spatial join
2026-04-26 00:44:12,500 - INFO - pairwise_permutation_test - GeoJSON: 794 detections from consensus_t3.geojson
2026-04-26 00:44:12,508 - WARNING - pairwise_permutation_test - GeoJSON lacks source_tile — will assign via spatial join
2026-04-26 00:44:12,508 - INFO - pairwise_permutation_test - GeoJSON: 604 detections from consensus_t3.geojson
2026-04-26 00:44:12,511 - WARNING - pairwise_permutation_test - GeoJSON lacks source_tile — will assign via spatial join
2026-04-26 00:44:12,511 - INFO - pairwise_permutation_test - GeoJSON: 802 detections from consensus_t1.geojson
2026-04-26 00:44:12,562 - WARNING - pairwise_permutation_test - GeoJSON lacks source_tile — will assign via spatial join
2026-04-26 00:44:12,562 - INFO - pairwise_permutation_test - GeoJSON: 783 detections from consensus_t3.geojson
2026-04-26 00:44:12,571 - WARNING - pairwise_permutation_test - GeoJSON lacks source_tile — will assign via spatial join
2026-04-26 00:44:12,571 - INFO - pairwise_permutation_test - GeoJSON: 604 detections from consensus_t3.geojson
2026-04-26 00:44:12,748 - WARNING - pairwise_permutation_test - GeoJSON lacks source_tile — will assign via spatial join
2026-04-26 00:44:12,748 - INFO - pairwise_permutation_test - GeoJSON: 783 detections from consensus_t3.geojson
2026-04-26 00:44:12,760 - WARNING - pairwise_permutation_test - GeoJSON lacks source_tile — will assign via spatial join
2026-04-26 00:44:12,760 - INFO - pairwise_permutation_test - GeoJSON: 802 detections from consensus_t1.geojson
2026-04-26 00:44:12,887 - WARNING - pairwise_permutation_test - GeoJSON lacks source_tile — will assign via spatial join
2026-04-26 00:44:12,887 - INFO - pairwise_permutation_test - GeoJSON: 604 detections from consensus_t3.geojson
2026-04-26 00:44:12,899 - WARNING - pairwise_permutation_test - GeoJSON lacks source_tile — will assign via spatial join
2026-04-26 00:44:12,899 - INFO - pairwise_permutation_test - GeoJSON: 802 detections from consensus_t1.geojson
2026-04-26 00:44:13,371 - INFO - __main__ - [400/406] pairwise done
2026-04-26 00:44:14,091 - INFO - __main__ - [406/406] pairwise done
2026-04-26 00:44:14,103 - INFO - __main__ - Pairwise: 0 cached, 406 computed
2026-04-26 00:44:14,103 - INFO - __main__ - Stage 4 complete in 54.3s
2026-04-26 00:44:14,104 - INFO - __main__ - FDR: 303/406 pairs significant at q=0.05 → 11 tiers
2026-04-26 00:44:14,104 - INFO - __main__ - Markdown leaderboard written to results/leaderboard/per-architecture/era2/consensus/leaderboard_tiers_20m.md
2026-04-26 00:44:14,104 - INFO - __main__ - Markdown leaderboard written to results/leaderboard/per-architecture/era2/consensus/leaderboard_tiers_30m.md
2026-04-26 00:44:14,104 - INFO - __main__ - Markdown leaderboard written to results/leaderboard/per-architecture/era2/consensus/leaderboard_tiers_40m.md
2026-04-26 00:44:14,105 - INFO - __main__ - Markdown leaderboard written to results/leaderboard/per-architecture/era2/consensus/leaderboard_tiers_50m.md
2026-04-26 00:44:14,105 - INFO - __main__ - Markdown leaderboard written to results/leaderboard/per-architecture/era2/consensus/leaderboard_tiers_100m.md
2026-04-26 00:44:14,111 - INFO - __main__ - JSON leaderboard written to results/leaderboard/per-architecture/era2/consensus/leaderboard_tiers_40m.json
2026-04-26 00:44:14,125 - INFO - __main__ - All evaluations written to results/leaderboard/per-architecture/era2/consensus/leaderboard_all_evaluations.json

========================================================================
LEADERBOARD TIERS (F1, 40m buffer)
========================================================================

Tier 1 (F1: 0.826–0.854, 2 conditions)
    1. h11-pvd-pro-high-text-n5                 F1=0.854  t=6
    2. h11-pvd-flash-high-text-n5               F1=0.826  t=26

Tier 2 (F1: 0.789–0.826, 8 conditions)
    3. p3a-high-text-t0.3                       F1=0.810  t=10
    4. p3a-high-text-t0.3-n5                    F1=0.810  t=10
    5. p3a-high-text-t1.0                       F1=0.789  t=9
    6. p3a-high-text-t1.0-n5                    F1=0.789  t=9
    7. h11-pvd-flash-high-image-n5              F1=0.824  t=7
    8. scale4-optimal-487                       F1=0.826  t=6
    9. p3a-high-image-t1.0                      F1=0.804  t=6
   10. p3a-high-image-t0.3                      F1=0.794  t=9

Tier 3 (F1: 0.730–0.730, 1 conditions)
   11. h11-e47-propose-brief                    F1=0.730  t=5

Tier 4 (F1: 0.852–0.852, 1 conditions)
   12. h11-pvd-pro-high-image-n5                F1=0.852  t=3

Tier 5 (F1: 0.745–0.745, 2 conditions)
   13. h11-pvd-image-n5                         F1=0.745  t=8
   14. h11-n1-image-t03                         F1=0.745  t=3

Tier 6 (F1: 0.669–0.675, 3 conditions)
   15. p3a-minimal-text-t1.0                    F1=0.675  t=9
   16. p3a-minimal-text-t1.0-n5                 F1=0.675  t=9
   17. h11-pvd-flash-minimal-text-n30-t07       F1=0.669  t=29

Tier 7 (F1: 0.716–0.735, 2 conditions)
   18. p3a-min-image-t0.3                       F1=0.716  t=10
   19. p3a-min-image-t1.0                       F1=0.735  t=8

Tier 8 (F1: 0.654–0.654, 2 conditions)
   20. p3a-minimal-text-t0.3                    F1=0.654  t=10
   21. p3a-minimal-text-t0.3-n5                 F1=0.654  t=10

Tier 9 (F1: 0.712–0.712, 1 conditions)
   22. h11-n1-image-t0                          F1=0.712  t=2

Tier 10 (F1: 0.603–0.653, 6 conditions)
   23. h11-pvd-text-n10                         F1=0.628  t=10
   24. p3a-high-text-t0.0                       F1=0.632  t=3
   25. p3a-minimal-text-t0.0                    F1=0.613  t=3
   26. h11-n1-brief-text-t03                    F1=0.604  t=3
   27. h11-n1-pro-text-high-t0                  F1=0.603  t=3
   28. h11-n1-pro-image-high-t0                 F1=0.653  t=3

Tier 11 (F1: 0.580–0.580, 1 conditions)
   29. p3a-high-image-t0.0                      F1=0.580  t=1

========================================================================
Total: 29 conditions in 11 tiers
========================================================================
