2026-04-26 00:42:24,522 - INFO - __main__ - build_tiered_leaderboard.py v1.0.0 — git b4b67486
2026-04-26 00:42:24,526 - INFO - __main__ - Resolved 29 conditions from inventory (era=2, track=None)
2026-04-26 00:42:24,526 - INFO - __main__ - Resolved 29 conditions
2026-04-26 00:42:24,526 - INFO - __main__ - Skipping evaluation (--skip-evaluation)
2026-04-26 00:42:24,555 - INFO - __main__ - Threshold selection at 20m; pairwise + tiering at 30m (Option A semantics)
2026-04-26 00:42:24,555 - INFO - __main__ - Top-N filter disabled (top_n=0); including all 29 conditions
2026-04-26 00:42:24,555 - INFO - __main__ - Selected 29 conditions (best F1=0.836 at 20m)
2026-04-26 00:42:24,580 - INFO - __main__ - Pairwise tests (f1): 406 pairs at 30m (10000 permutations, 8 workers)
2026-04-26 00:42:24,634 - WARNING - pairwise_permutation_test - GeoJSON lacks source_tile — will assign via spatial join
2026-04-26 00:42:24,634 - INFO - pairwise_permutation_test - GeoJSON: 357 detections from consensus_t6.geojson
2026-04-26 00:42:24,635 - WARNING - pairwise_permutation_test - GeoJSON lacks source_tile — will assign via spatial join
2026-04-26 00:42:24,635 - WARNING - pairwise_permutation_test - GeoJSON lacks source_tile — will assign via spatial join
2026-04-26 00:42:24,635 - WARNING - pairwise_permutation_test - GeoJSON lacks source_tile — will assign via spatial join
2026-04-26 00:42:24,635 - WARNING - pairwise_permutation_test - GeoJSON lacks source_tile — will assign via spatial join
2026-04-26 00:42:24,635 - WARNING - pairwise_permutation_test - GeoJSON lacks source_tile — will assign via spatial join
2026-04-26 00:42:24,635 - INFO - pairwise_permutation_test - GeoJSON: 357 detections from consensus_t6.geojson
2026-04-26 00:42:24,635 - INFO - pairwise_permutation_test - GeoJSON: 357 detections from consensus_t6.geojson
2026-04-26 00:42:24,635 - INFO - pairwise_permutation_test - GeoJSON: 357 detections from consensus_t6.geojson
2026-04-26 00:42:24,635 - INFO - pairwise_permutation_test - GeoJSON: 357 detections from consensus_t6.geojson
2026-04-26 00:42:24,635 - INFO - pairwise_permutation_test - GeoJSON: 357 detections from consensus_t6.geojson
2026-04-26 00:42:24,636 - WARNING - pairwise_permutation_test - GeoJSON lacks source_tile — will assign via spatial join
2026-04-26 00:42:24,636 - INFO - pairwise_permutation_test - GeoJSON: 357 detections from consensus_t6.geojson
2026-04-26 00:42:24,636 - WARNING - pairwise_permutation_test - GeoJSON lacks source_tile — will assign via spatial join
2026-04-26 00:42:24,636 - INFO - pairwise_permutation_test - GeoJSON: 357 detections from consensus_t6.geojson
2026-04-26 00:42:24,646 - WARNING - pairwise_permutation_test - GeoJSON lacks source_tile — will assign via spatial join
2026-04-26 00:42:24,646 - INFO - pairwise_permutation_test - GeoJSON: 405 detections from consensus_t7.geojson
2026-04-26 00:42:24,646 - WARNING - pairwise_permutation_test - GeoJSON lacks source_tile — will assign via spatial join
2026-04-26 00:42:24,646 - INFO - pairwise_permutation_test - GeoJSON: 409 detections from consensus_t10.geojson
2026-04-26 00:42:24,646 - WARNING - pairwise_permutation_test - GeoJSON lacks source_tile — will assign via spatial join
2026-04-26 00:42:24,646 - INFO - pairwise_permutation_test - GeoJSON: 414 detections from consensus_t9.geojson
2026-04-26 00:42:24,646 - WARNING - pairwise_permutation_test - GeoJSON lacks source_tile — will assign via spatial join
2026-04-26 00:42:24,646 - INFO - pairwise_permutation_test - GeoJSON: 414 detections from consensus_t9.geojson
2026-04-26 00:42:24,646 - WARNING - pairwise_permutation_test - GeoJSON lacks source_tile — will assign via spatial join
2026-04-26 00:42:24,646 - INFO - pairwise_permutation_test - GeoJSON: 433 detections from consensus_t6.geojson
2026-04-26 00:42:24,646 - WARNING - pairwise_permutation_test - GeoJSON lacks source_tile — will assign via spatial join
2026-04-26 00:42:24,646 - INFO - pairwise_permutation_test - GeoJSON: 403 detections from consensus_t6.geojson
2026-04-26 00:42:24,647 - WARNING - pairwise_permutation_test - GeoJSON lacks source_tile — will assign via spatial join
2026-04-26 00:42:24,647 - INFO - pairwise_permutation_test - GeoJSON: 409 detections from consensus_t10.geojson
2026-04-26 00:42:24,648 - WARNING - pairwise_permutation_test - GeoJSON lacks source_tile — will assign via spatial join
2026-04-26 00:42:24,648 - INFO - pairwise_permutation_test - GeoJSON: 415 detections from consensus_t26.geojson
2026-04-26 00:42:25,544 - WARNING - pairwise_permutation_test - GeoJSON lacks source_tile — will assign via spatial join
2026-04-26 00:42:25,544 - INFO - pairwise_permutation_test - GeoJSON: 357 detections from consensus_t6.geojson
2026-04-26 00:42:25,546 - WARNING - pairwise_permutation_test - GeoJSON lacks source_tile — will assign via spatial join
2026-04-26 00:42:25,546 - INFO - pairwise_permutation_test - GeoJSON: 357 detections from consensus_t6.geojson
2026-04-26 00:42:25,551 - WARNING - pairwise_permutation_test - GeoJSON lacks source_tile — will assign via spatial join
2026-04-26 00:42:25,551 - INFO - pairwise_permutation_test - GeoJSON: 357 detections from consensus_t6.geojson
2026-04-26 00:42:25,552 - WARNING - pairwise_permutation_test - GeoJSON lacks source_tile — will assign via spatial join
2026-04-26 00:42:25,552 - INFO - pairwise_permutation_test - GeoJSON: 361 detections from consensus_t9.geojson
2026-04-26 00:42:25,552 - WARNING - pairwise_permutation_test - GeoJSON lacks source_tile — will assign via spatial join
2026-04-26 00:42:25,552 - INFO - pairwise_permutation_test - GeoJSON: 357 detections from consensus_t6.geojson
2026-04-26 00:42:25,555 - WARNING - pairwise_permutation_test - GeoJSON lacks source_tile — will assign via spatial join
2026-04-26 00:42:25,555 - INFO - pairwise_permutation_test - GeoJSON: 461 detections from consensus_t5.geojson
2026-04-26 00:42:25,560 - WARNING - pairwise_permutation_test - GeoJSON lacks source_tile — will assign via spatial join
2026-04-26 00:42:25,560 - INFO - pairwise_permutation_test - GeoJSON: 471 detections from consensus_t3.geojson
2026-04-26 00:42:25,562 - WARNING - pairwise_permutation_test - GeoJSON lacks source_tile — will assign via spatial join
2026-04-26 00:42:25,562 - INFO - pairwise_permutation_test - GeoJSON: 494 detections from consensus_t8.geojson
2026-04-26 00:42:25,565 - WARNING - pairwise_permutation_test - GeoJSON lacks source_tile — will assign via spatial join
2026-04-26 00:42:25,565 - INFO - pairwise_permutation_test - GeoJSON: 357 detections from consensus_t6.geojson
2026-04-26 00:42:25,567 - WARNING - pairwise_permutation_test - GeoJSON lacks source_tile — will assign via spatial join
2026-04-26 00:42:25,567 - INFO - pairwise_permutation_test - GeoJSON: 357 detections from consensus_t6.geojson
2026-04-26 00:42:25,575 - WARNING - pairwise_permutation_test - GeoJSON lacks source_tile — will assign via spatial join
2026-04-26 00:42:25,575 - INFO - pairwise_permutation_test - GeoJSON: 567 detections from consensus_t3.geojson
2026-04-26 00:42:25,578 - WARNING - pairwise_permutation_test - GeoJSON lacks source_tile — will assign via spatial join
2026-04-26 00:42:25,578 - INFO - pairwise_permutation_test - GeoJSON: 549 detections from consensus_t9.geojson
2026-04-26 00:42:25,584 - WARNING - pairwise_permutation_test - GeoJSON lacks source_tile — will assign via spatial join
2026-04-26 00:42:25,584 - INFO - pairwise_permutation_test - GeoJSON: 357 detections from consensus_t6.geojson
2026-04-26 00:42:25,595 - WARNING - pairwise_permutation_test - GeoJSON lacks source_tile — will assign via spatial join
2026-04-26 00:42:25,595 - INFO - pairwise_permutation_test - GeoJSON: 549 detections from consensus_t9.geojson
2026-04-26 00:42:25,597 - WARNING - pairwise_permutation_test - GeoJSON lacks source_tile — will assign via spatial join
2026-04-26 00:42:25,597 - INFO - pairwise_permutation_test - GeoJSON: 357 detections from consensus_t6.geojson
2026-04-26 00:42:25,611 - WARNING - pairwise_permutation_test - GeoJSON lacks source_tile — will assign via spatial join
2026-04-26 00:42:25,611 - INFO - pairwise_permutation_test - GeoJSON: 530 detections from consensus_t29.geojson
2026-04-26 00:42:26,431 - WARNING - pairwise_permutation_test - GeoJSON lacks source_tile — will assign via spatial join
2026-04-26 00:42:26,431 - INFO - pairwise_permutation_test - GeoJSON: 357 detections from consensus_t6.geojson
2026-04-26 00:42:26,441 - WARNING - pairwise_permutation_test - GeoJSON lacks source_tile — will assign via spatial join
2026-04-26 00:42:26,441 - INFO - pairwise_permutation_test - GeoJSON: 517 detections from consensus_t10.geojson
2026-04-26 00:42:26,457 - WARNING - pairwise_permutation_test - GeoJSON lacks source_tile — will assign via spatial join
2026-04-26 00:42:26,457 - INFO - pairwise_permutation_test - GeoJSON: 357 detections from consensus_t6.geojson
2026-04-26 00:42:26,466 - WARNING - pairwise_permutation_test - GeoJSON lacks source_tile — will assign via spatial join
2026-04-26 00:42:26,466 - INFO - pairwise_permutation_test - GeoJSON: 466 detections from consensus_t8.geojson
2026-04-26 00:42:26,512 - WARNING - pairwise_permutation_test - GeoJSON lacks source_tile — will assign via spatial join
2026-04-26 00:42:26,513 - INFO - pairwise_permutation_test - GeoJSON: 357 detections from consensus_t6.geojson
2026-04-26 00:42:26,515 - WARNING - pairwise_permutation_test - GeoJSON lacks source_tile — will assign via spatial join
2026-04-26 00:42:26,515 - INFO - pairwise_permutation_test - GeoJSON: 357 detections from consensus_t6.geojson
2026-04-26 00:42:26,523 - WARNING - pairwise_permutation_test - GeoJSON lacks source_tile — will assign via spatial join
2026-04-26 00:42:26,524 - INFO - pairwise_permutation_test - GeoJSON: 608 detections from consensus_t10.geojson
2026-04-26 00:42:26,526 - WARNING - pairwise_permutation_test - GeoJSON lacks source_tile — will assign via spatial join
2026-04-26 00:42:26,526 - INFO - pairwise_permutation_test - GeoJSON: 608 detections from consensus_t10.geojson
2026-04-26 00:42:26,531 - WARNING - pairwise_permutation_test - GeoJSON lacks source_tile — will assign via spatial join
2026-04-26 00:42:26,531 - INFO - pairwise_permutation_test - GeoJSON: 357 detections from consensus_t6.geojson
2026-04-26 00:42:26,542 - WARNING - pairwise_permutation_test - GeoJSON lacks source_tile — will assign via spatial join
2026-04-26 00:42:26,542 - INFO - pairwise_permutation_test - GeoJSON: 681 detections from consensus_t2.geojson
2026-04-26 00:42:26,546 - WARNING - pairwise_permutation_test - GeoJSON lacks source_tile — will assign via spatial join
2026-04-26 00:42:26,546 - INFO - pairwise_permutation_test - GeoJSON: 357 detections from consensus_t6.geojson
2026-04-26 00:42:26,557 - WARNING - pairwise_permutation_test - GeoJSON lacks source_tile — will assign via spatial join
2026-04-26 00:42:26,557 - INFO - pairwise_permutation_test - GeoJSON: 616 detections from consensus_t10.geojson
2026-04-26 00:42:26,581 - WARNING - pairwise_permutation_test - GeoJSON lacks source_tile — will assign via spatial join
2026-04-26 00:42:26,581 - INFO - pairwise_permutation_test - GeoJSON: 357 detections from consensus_t6.geojson
2026-04-26 00:42:26,582 - WARNING - pairwise_permutation_test - GeoJSON lacks source_tile — will assign via spatial join
2026-04-26 00:42:26,582 - INFO - pairwise_permutation_test - GeoJSON: 357 detections from consensus_t6.geojson
2026-04-26 00:42:26,592 - WARNING - pairwise_permutation_test - GeoJSON lacks source_tile — will assign via spatial join
2026-04-26 00:42:26,592 - INFO - pairwise_permutation_test - GeoJSON: 745 detections from consensus_t3.geojson
2026-04-26 00:42:26,593 - WARNING - pairwise_permutation_test - GeoJSON lacks source_tile — will assign via spatial join
2026-04-26 00:42:26,593 - INFO - pairwise_permutation_test - GeoJSON: 799 detections from consensus_t3.geojson
2026-04-26 00:42:27,394 - WARNING - pairwise_permutation_test - GeoJSON lacks source_tile — will assign via spatial join
2026-04-26 00:42:27,394 - INFO - pairwise_permutation_test - GeoJSON: 357 detections from consensus_t6.geojson
2026-04-26 00:42:27,400 - WARNING - pairwise_permutation_test - GeoJSON lacks source_tile — will assign via spatial join
2026-04-26 00:42:27,400 - INFO - pairwise_permutation_test - GeoJSON: 357 detections from consensus_t6.geojson
2026-04-26 00:42:27,405 - WARNING - pairwise_permutation_test - GeoJSON lacks source_tile — will assign via spatial join
2026-04-26 00:42:27,405 - INFO - pairwise_permutation_test - GeoJSON: 794 detections from consensus_t3.geojson
2026-04-26 00:42:27,411 - WARNING - pairwise_permutation_test - GeoJSON lacks source_tile — will assign via spatial join
2026-04-26 00:42:27,411 - INFO - pairwise_permutation_test - GeoJSON: 783 detections from consensus_t3.geojson
2026-04-26 00:42:27,498 - WARNING - pairwise_permutation_test - GeoJSON lacks source_tile — will assign via spatial join
2026-04-26 00:42:27,498 - INFO - pairwise_permutation_test - GeoJSON: 357 detections from consensus_t6.geojson
2026-04-26 00:42:27,506 - WARNING - pairwise_permutation_test - GeoJSON lacks source_tile — will assign via spatial join
2026-04-26 00:42:27,506 - INFO - pairwise_permutation_test - GeoJSON: 357 detections from consensus_t6.geojson
2026-04-26 00:42:27,507 - WARNING - pairwise_permutation_test - GeoJSON lacks source_tile — will assign via spatial join
2026-04-26 00:42:27,507 - INFO - pairwise_permutation_test - GeoJSON: 604 detections from consensus_t3.geojson
2026-04-26 00:42:27,518 - WARNING - pairwise_permutation_test - GeoJSON lacks source_tile — will assign via spatial join
2026-04-26 00:42:27,518 - INFO - pairwise_permutation_test - GeoJSON: 802 detections from consensus_t1.geojson
2026-04-26 00:42:27,522 - WARNING - pairwise_permutation_test - GeoJSON lacks source_tile — will assign via spatial join
2026-04-26 00:42:27,523 - INFO - pairwise_permutation_test - GeoJSON: 415 detections from consensus_t26.geojson
2026-04-26 00:42:27,531 - WARNING - pairwise_permutation_test - GeoJSON lacks source_tile — will assign via spatial join
2026-04-26 00:42:27,531 - INFO - pairwise_permutation_test - GeoJSON: 409 detections from consensus_t10.geojson
2026-04-26 00:42:27,626 - WARNING - pairwise_permutation_test - GeoJSON lacks source_tile — will assign via spatial join
2026-04-26 00:42:27,626 - INFO - pairwise_permutation_test - GeoJSON: 415 detections from consensus_t26.geojson
2026-04-26 00:42:27,635 - WARNING - pairwise_permutation_test - GeoJSON lacks source_tile — will assign via spatial join
2026-04-26 00:42:27,635 - INFO - pairwise_permutation_test - GeoJSON: 409 detections from consensus_t10.geojson
2026-04-26 00:42:27,640 - WARNING - pairwise_permutation_test - GeoJSON lacks source_tile — will assign via spatial join
2026-04-26 00:42:27,640 - INFO - pairwise_permutation_test - GeoJSON: 415 detections from consensus_t26.geojson
2026-04-26 00:42:27,649 - WARNING - pairwise_permutation_test - GeoJSON lacks source_tile — will assign via spatial join
2026-04-26 00:42:27,649 - INFO - pairwise_permutation_test - GeoJSON: 414 detections from consensus_t9.geojson
2026-04-26 00:42:27,681 - WARNING - pairwise_permutation_test - GeoJSON lacks source_tile — will assign via spatial join
2026-04-26 00:42:27,681 - INFO - pairwise_permutation_test - GeoJSON: 415 detections from consensus_t26.geojson
2026-04-26 00:42:27,690 - WARNING - pairwise_permutation_test - GeoJSON lacks source_tile — will assign via spatial join
2026-04-26 00:42:27,690 - INFO - pairwise_permutation_test - GeoJSON: 414 detections from consensus_t9.geojson
2026-04-26 00:42:28,443 - WARNING - pairwise_permutation_test - GeoJSON lacks source_tile — will assign via spatial join
2026-04-26 00:42:28,443 - INFO - pairwise_permutation_test - GeoJSON: 415 detections from consensus_t26.geojson
2026-04-26 00:42:28,451 - WARNING - pairwise_permutation_test - GeoJSON lacks source_tile — will assign via spatial join
2026-04-26 00:42:28,451 - INFO - pairwise_permutation_test - GeoJSON: 405 detections from consensus_t7.geojson
2026-04-26 00:42:28,468 - WARNING - pairwise_permutation_test - GeoJSON lacks source_tile — will assign via spatial join
2026-04-26 00:42:28,468 - INFO - pairwise_permutation_test - GeoJSON: 415 detections from consensus_t26.geojson
2026-04-26 00:42:28,476 - WARNING - pairwise_permutation_test - GeoJSON lacks source_tile — will assign via spatial join
2026-04-26 00:42:28,476 - INFO - pairwise_permutation_test - GeoJSON: 403 detections from consensus_t6.geojson
2026-04-26 00:42:28,486 - WARNING - pairwise_permutation_test - GeoJSON lacks source_tile — will assign via spatial join
2026-04-26 00:42:28,486 - INFO - pairwise_permutation_test - GeoJSON: 415 detections from consensus_t26.geojson
2026-04-26 00:42:28,495 - WARNING - pairwise_permutation_test - GeoJSON lacks source_tile — will assign via spatial join
2026-04-26 00:42:28,495 - INFO - pairwise_permutation_test - GeoJSON: 433 detections from consensus_t6.geojson
2026-04-26 00:42:28,536 - WARNING - pairwise_permutation_test - GeoJSON lacks source_tile — will assign via spatial join
2026-04-26 00:42:28,536 - INFO - pairwise_permutation_test - GeoJSON: 415 detections from consensus_t26.geojson
2026-04-26 00:42:28,544 - WARNING - pairwise_permutation_test - GeoJSON lacks source_tile — will assign via spatial join
2026-04-26 00:42:28,544 - INFO - pairwise_permutation_test - GeoJSON: 361 detections from consensus_t9.geojson
2026-04-26 00:42:28,582 - WARNING - pairwise_permutation_test - GeoJSON lacks source_tile — will assign via spatial join
2026-04-26 00:42:28,582 - INFO - pairwise_permutation_test - GeoJSON: 415 detections from consensus_t26.geojson
2026-04-26 00:42:28,591 - WARNING - pairwise_permutation_test - GeoJSON lacks source_tile — will assign via spatial join
2026-04-26 00:42:28,591 - INFO - pairwise_permutation_test - GeoJSON: 461 detections from consensus_t5.geojson
2026-04-26 00:42:28,597 - WARNING - pairwise_permutation_test - GeoJSON lacks source_tile — will assign via spatial join
2026-04-26 00:42:28,597 - INFO - pairwise_permutation_test - GeoJSON: 415 detections from consensus_t26.geojson
2026-04-26 00:42:28,606 - WARNING - pairwise_permutation_test - GeoJSON lacks source_tile — will assign via spatial join
2026-04-26 00:42:28,606 - INFO - pairwise_permutation_test - GeoJSON: 471 detections from consensus_t3.geojson
2026-04-26 00:42:28,635 - WARNING - pairwise_permutation_test - GeoJSON lacks source_tile — will assign via spatial join
2026-04-26 00:42:28,635 - INFO - pairwise_permutation_test - GeoJSON: 415 detections from consensus_t26.geojson
2026-04-26 00:42:28,644 - WARNING - pairwise_permutation_test - GeoJSON lacks source_tile — will assign via spatial join
2026-04-26 00:42:28,644 - INFO - pairwise_permutation_test - GeoJSON: 494 detections from consensus_t8.geojson
2026-04-26 00:42:28,652 - WARNING - pairwise_permutation_test - GeoJSON lacks source_tile — will assign via spatial join
2026-04-26 00:42:28,652 - INFO - pairwise_permutation_test - GeoJSON: 415 detections from consensus_t26.geojson
2026-04-26 00:42:28,661 - WARNING - pairwise_permutation_test - GeoJSON lacks source_tile — will assign via spatial join
2026-04-26 00:42:28,662 - INFO - pairwise_permutation_test - GeoJSON: 567 detections from consensus_t3.geojson
2026-04-26 00:42:29,384 - WARNING - pairwise_permutation_test - GeoJSON lacks source_tile — will assign via spatial join
2026-04-26 00:42:29,384 - INFO - pairwise_permutation_test - GeoJSON: 415 detections from consensus_t26.geojson
2026-04-26 00:42:29,394 - WARNING - pairwise_permutation_test - GeoJSON lacks source_tile — will assign via spatial join
2026-04-26 00:42:29,394 - INFO - pairwise_permutation_test - GeoJSON: 549 detections from consensus_t9.geojson
2026-04-26 00:42:29,410 - WARNING - pairwise_permutation_test - GeoJSON lacks source_tile — will assign via spatial join
2026-04-26 00:42:29,410 - INFO - pairwise_permutation_test - GeoJSON: 415 detections from consensus_t26.geojson
2026-04-26 00:42:29,420 - WARNING - pairwise_permutation_test - GeoJSON lacks source_tile — will assign via spatial join
2026-04-26 00:42:29,420 - INFO - pairwise_permutation_test - GeoJSON: 549 detections from consensus_t9.geojson
2026-04-26 00:42:29,443 - WARNING - pairwise_permutation_test - GeoJSON lacks source_tile — will assign via spatial join
2026-04-26 00:42:29,443 - INFO - pairwise_permutation_test - GeoJSON: 415 detections from consensus_t26.geojson
2026-04-26 00:42:29,456 - WARNING - pairwise_permutation_test - GeoJSON lacks source_tile — will assign via spatial join
2026-04-26 00:42:29,456 - INFO - pairwise_permutation_test - GeoJSON: 415 detections from consensus_t26.geojson
2026-04-26 00:42:29,457 - WARNING - pairwise_permutation_test - GeoJSON lacks source_tile — will assign via spatial join
2026-04-26 00:42:29,457 - INFO - pairwise_permutation_test - GeoJSON: 530 detections from consensus_t29.geojson
2026-04-26 00:42:29,466 - WARNING - pairwise_permutation_test - GeoJSON lacks source_tile — will assign via spatial join
2026-04-26 00:42:29,466 - INFO - pairwise_permutation_test - GeoJSON: 517 detections from consensus_t10.geojson
2026-04-26 00:42:29,562 - WARNING - pairwise_permutation_test - GeoJSON lacks source_tile — will assign via spatial join
2026-04-26 00:42:29,562 - INFO - pairwise_permutation_test - GeoJSON: 415 detections from consensus_t26.geojson
2026-04-26 00:42:29,572 - WARNING - pairwise_permutation_test - GeoJSON lacks source_tile — will assign via spatial join
2026-04-26 00:42:29,572 - INFO - pairwise_permutation_test - GeoJSON: 466 detections from consensus_t8.geojson
2026-04-26 00:42:29,583 - WARNING - pairwise_permutation_test - GeoJSON lacks source_tile — will assign via spatial join
2026-04-26 00:42:29,583 - INFO - pairwise_permutation_test - GeoJSON: 415 detections from consensus_t26.geojson
2026-04-26 00:42:29,595 - WARNING - pairwise_permutation_test - GeoJSON lacks source_tile — will assign via spatial join
2026-04-26 00:42:29,595 - INFO - pairwise_permutation_test - GeoJSON: 608 detections from consensus_t10.geojson
2026-04-26 00:42:29,625 - WARNING - pairwise_permutation_test - GeoJSON lacks source_tile — will assign via spatial join
2026-04-26 00:42:29,625 - INFO - pairwise_permutation_test - GeoJSON: 415 detections from consensus_t26.geojson
2026-04-26 00:42:29,636 - WARNING - pairwise_permutation_test - GeoJSON lacks source_tile — will assign via spatial join
2026-04-26 00:42:29,636 - INFO - pairwise_permutation_test - GeoJSON: 608 detections from consensus_t10.geojson
2026-04-26 00:42:29,732 - WARNING - pairwise_permutation_test - GeoJSON lacks source_tile — will assign via spatial join
2026-04-26 00:42:29,732 - INFO - pairwise_permutation_test - GeoJSON: 415 detections from consensus_t26.geojson
2026-04-26 00:42:29,743 - WARNING - pairwise_permutation_test - GeoJSON lacks source_tile — will assign via spatial join
2026-04-26 00:42:29,743 - INFO - pairwise_permutation_test - GeoJSON: 681 detections from consensus_t2.geojson
2026-04-26 00:42:30,363 - WARNING - pairwise_permutation_test - GeoJSON lacks source_tile — will assign via spatial join
2026-04-26 00:42:30,364 - INFO - pairwise_permutation_test - GeoJSON: 415 detections from consensus_t26.geojson
2026-04-26 00:42:30,375 - WARNING - pairwise_permutation_test - GeoJSON lacks source_tile — will assign via spatial join
2026-04-26 00:42:30,375 - INFO - pairwise_permutation_test - GeoJSON: 616 detections from consensus_t10.geojson
2026-04-26 00:42:30,393 - WARNING - pairwise_permutation_test - GeoJSON lacks source_tile — will assign via spatial join
2026-04-26 00:42:30,393 - INFO - pairwise_permutation_test - GeoJSON: 415 detections from consensus_t26.geojson
2026-04-26 00:42:30,404 - WARNING - pairwise_permutation_test - GeoJSON lacks source_tile — will assign via spatial join
2026-04-26 00:42:30,404 - INFO - pairwise_permutation_test - GeoJSON: 745 detections from consensus_t3.geojson
2026-04-26 00:42:30,426 - WARNING - pairwise_permutation_test - GeoJSON lacks source_tile — will assign via spatial join
2026-04-26 00:42:30,426 - INFO - pairwise_permutation_test - GeoJSON: 415 detections from consensus_t26.geojson
2026-04-26 00:42:30,438 - WARNING - pairwise_permutation_test - GeoJSON lacks source_tile — will assign via spatial join
2026-04-26 00:42:30,438 - INFO - pairwise_permutation_test - GeoJSON: 799 detections from consensus_t3.geojson
2026-04-26 00:42:30,447 - WARNING - pairwise_permutation_test - GeoJSON lacks source_tile — will assign via spatial join
2026-04-26 00:42:30,447 - INFO - pairwise_permutation_test - GeoJSON: 415 detections from consensus_t26.geojson
2026-04-26 00:42:30,459 - WARNING - pairwise_permutation_test - GeoJSON lacks source_tile — will assign via spatial join
2026-04-26 00:42:30,459 - INFO - pairwise_permutation_test - GeoJSON: 794 detections from consensus_t3.geojson
2026-04-26 00:42:30,535 - WARNING - pairwise_permutation_test - GeoJSON lacks source_tile — will assign via spatial join
2026-04-26 00:42:30,535 - INFO - pairwise_permutation_test - GeoJSON: 415 detections from consensus_t26.geojson
2026-04-26 00:42:30,547 - WARNING - pairwise_permutation_test - GeoJSON lacks source_tile — will assign via spatial join
2026-04-26 00:42:30,547 - INFO - pairwise_permutation_test - GeoJSON: 783 detections from consensus_t3.geojson
2026-04-26 00:42:30,636 - WARNING - pairwise_permutation_test - GeoJSON lacks source_tile — will assign via spatial join
2026-04-26 00:42:30,637 - INFO - pairwise_permutation_test - GeoJSON: 415 detections from consensus_t26.geojson
2026-04-26 00:42:30,644 - WARNING - pairwise_permutation_test - GeoJSON lacks source_tile — will assign via spatial join
2026-04-26 00:42:30,644 - INFO - pairwise_permutation_test - GeoJSON: 415 detections from consensus_t26.geojson
2026-04-26 00:42:30,647 - WARNING - pairwise_permutation_test - GeoJSON lacks source_tile — will assign via spatial join
2026-04-26 00:42:30,647 - INFO - pairwise_permutation_test - GeoJSON: 604 detections from consensus_t3.geojson
2026-04-26 00:42:30,656 - WARNING - pairwise_permutation_test - GeoJSON lacks source_tile — will assign via spatial join
2026-04-26 00:42:30,656 - INFO - pairwise_permutation_test - GeoJSON: 802 detections from consensus_t1.geojson
2026-04-26 00:42:30,872 - WARNING - pairwise_permutation_test - GeoJSON lacks source_tile — will assign via spatial join
2026-04-26 00:42:30,872 - INFO - pairwise_permutation_test - GeoJSON: 409 detections from consensus_t10.geojson
2026-04-26 00:42:30,881 - WARNING - pairwise_permutation_test - GeoJSON lacks source_tile — will assign via spatial join
2026-04-26 00:42:30,881 - INFO - pairwise_permutation_test - GeoJSON: 409 detections from consensus_t10.geojson
2026-04-26 00:42:31,388 - WARNING - pairwise_permutation_test - GeoJSON lacks source_tile — will assign via spatial join
2026-04-26 00:42:31,389 - INFO - pairwise_permutation_test - GeoJSON: 409 detections from consensus_t10.geojson
2026-04-26 00:42:31,402 - WARNING - pairwise_permutation_test - GeoJSON lacks source_tile — will assign via spatial join
2026-04-26 00:42:31,402 - INFO - pairwise_permutation_test - GeoJSON: 414 detections from consensus_t9.geojson
2026-04-26 00:42:31,453 - INFO - __main__ - [50/406] pairwise done
2026-04-26 00:42:31,469 - WARNING - pairwise_permutation_test - GeoJSON lacks source_tile — will assign via spatial join
2026-04-26 00:42:31,469 - INFO - pairwise_permutation_test - GeoJSON: 409 detections from consensus_t10.geojson
2026-04-26 00:42:31,478 - WARNING - pairwise_permutation_test - GeoJSON lacks source_tile — will assign via spatial join
2026-04-26 00:42:31,478 - INFO - pairwise_permutation_test - GeoJSON: 414 detections from consensus_t9.geojson
2026-04-26 00:42:31,502 - WARNING - pairwise_permutation_test - GeoJSON lacks source_tile — will assign via spatial join
2026-04-26 00:42:31,502 - INFO - pairwise_permutation_test - GeoJSON: 409 detections from consensus_t10.geojson
2026-04-26 00:42:31,511 - WARNING - pairwise_permutation_test - GeoJSON lacks source_tile — will assign via spatial join
2026-04-26 00:42:31,511 - INFO - pairwise_permutation_test - GeoJSON: 405 detections from consensus_t7.geojson
2026-04-26 00:42:31,531 - WARNING - pairwise_permutation_test - GeoJSON lacks source_tile — will assign via spatial join
2026-04-26 00:42:31,531 - INFO - pairwise_permutation_test - GeoJSON: 409 detections from consensus_t10.geojson
2026-04-26 00:42:31,540 - WARNING - pairwise_permutation_test - GeoJSON lacks source_tile — will assign via spatial join
2026-04-26 00:42:31,540 - INFO - pairwise_permutation_test - GeoJSON: 403 detections from consensus_t6.geojson
2026-04-26 00:42:31,651 - WARNING - pairwise_permutation_test - GeoJSON lacks source_tile — will assign via spatial join
2026-04-26 00:42:31,651 - INFO - pairwise_permutation_test - GeoJSON: 409 detections from consensus_t10.geojson
2026-04-26 00:42:31,660 - WARNING - pairwise_permutation_test - GeoJSON lacks source_tile — will assign via spatial join
2026-04-26 00:42:31,660 - INFO - pairwise_permutation_test - GeoJSON: 433 detections from consensus_t6.geojson
2026-04-26 00:42:31,718 - WARNING - pairwise_permutation_test - GeoJSON lacks source_tile — will assign via spatial join
2026-04-26 00:42:31,718 - INFO - pairwise_permutation_test - GeoJSON: 409 detections from consensus_t10.geojson
2026-04-26 00:42:31,726 - WARNING - pairwise_permutation_test - GeoJSON lacks source_tile — will assign via spatial join
2026-04-26 00:42:31,726 - INFO - pairwise_permutation_test - GeoJSON: 361 detections from consensus_t9.geojson
2026-04-26 00:42:31,824 - WARNING - pairwise_permutation_test - GeoJSON lacks source_tile — will assign via spatial join
2026-04-26 00:42:31,824 - INFO - pairwise_permutation_test - GeoJSON: 409 detections from consensus_t10.geojson
2026-04-26 00:42:31,833 - WARNING - pairwise_permutation_test - GeoJSON lacks source_tile — will assign via spatial join
2026-04-26 00:42:31,833 - INFO - pairwise_permutation_test - GeoJSON: 461 detections from consensus_t5.geojson
2026-04-26 00:42:31,855 - WARNING - pairwise_permutation_test - GeoJSON lacks source_tile — will assign via spatial join
2026-04-26 00:42:31,855 - INFO - pairwise_permutation_test - GeoJSON: 409 detections from consensus_t10.geojson
2026-04-26 00:42:31,864 - WARNING - pairwise_permutation_test - GeoJSON lacks source_tile — will assign via spatial join
2026-04-26 00:42:31,864 - INFO - pairwise_permutation_test - GeoJSON: 471 detections from consensus_t3.geojson
2026-04-26 00:42:32,327 - WARNING - pairwise_permutation_test - GeoJSON lacks source_tile — will assign via spatial join
2026-04-26 00:42:32,327 - INFO - pairwise_permutation_test - GeoJSON: 409 detections from consensus_t10.geojson
2026-04-26 00:42:32,336 - WARNING - pairwise_permutation_test - GeoJSON lacks source_tile — will assign via spatial join
2026-04-26 00:42:32,336 - INFO - pairwise_permutation_test - GeoJSON: 494 detections from consensus_t8.geojson
2026-04-26 00:42:32,400 - WARNING - pairwise_permutation_test - GeoJSON lacks source_tile — will assign via spatial join
2026-04-26 00:42:32,400 - INFO - pairwise_permutation_test - GeoJSON: 409 detections from consensus_t10.geojson
2026-04-26 00:42:32,409 - WARNING - pairwise_permutation_test - GeoJSON lacks source_tile — will assign via spatial join
2026-04-26 00:42:32,409 - INFO - pairwise_permutation_test - GeoJSON: 567 detections from consensus_t3.geojson
2026-04-26 00:42:32,446 - WARNING - pairwise_permutation_test - GeoJSON lacks source_tile — will assign via spatial join
2026-04-26 00:42:32,446 - INFO - pairwise_permutation_test - GeoJSON: 409 detections from consensus_t10.geojson
2026-04-26 00:42:32,457 - WARNING - pairwise_permutation_test - GeoJSON lacks source_tile — will assign via spatial join
2026-04-26 00:42:32,457 - INFO - pairwise_permutation_test - GeoJSON: 549 detections from consensus_t9.geojson
2026-04-26 00:42:32,472 - WARNING - pairwise_permutation_test - GeoJSON lacks source_tile — will assign via spatial join
2026-04-26 00:42:32,472 - INFO - pairwise_permutation_test - GeoJSON: 409 detections from consensus_t10.geojson
2026-04-26 00:42:32,482 - WARNING - pairwise_permutation_test - GeoJSON lacks source_tile — will assign via spatial join
2026-04-26 00:42:32,482 - INFO - pairwise_permutation_test - GeoJSON: 549 detections from consensus_t9.geojson
2026-04-26 00:42:32,602 - WARNING - pairwise_permutation_test - GeoJSON lacks source_tile — will assign via spatial join
2026-04-26 00:42:32,602 - INFO - pairwise_permutation_test - GeoJSON: 409 detections from consensus_t10.geojson
2026-04-26 00:42:32,616 - WARNING - pairwise_permutation_test - GeoJSON lacks source_tile — will assign via spatial join
2026-04-26 00:42:32,616 - INFO - pairwise_permutation_test - GeoJSON: 530 detections from consensus_t29.geojson
2026-04-26 00:42:32,656 - WARNING - pairwise_permutation_test - GeoJSON lacks source_tile — will assign via spatial join
2026-04-26 00:42:32,656 - INFO - pairwise_permutation_test - GeoJSON: 409 detections from consensus_t10.geojson
2026-04-26 00:42:32,666 - WARNING - pairwise_permutation_test - GeoJSON lacks source_tile — will assign via spatial join
2026-04-26 00:42:32,666 - INFO - pairwise_permutation_test - GeoJSON: 517 detections from consensus_t10.geojson
2026-04-26 00:42:32,768 - WARNING - pairwise_permutation_test - GeoJSON lacks source_tile — will assign via spatial join
2026-04-26 00:42:32,768 - INFO - pairwise_permutation_test - GeoJSON: 409 detections from consensus_t10.geojson
2026-04-26 00:42:32,777 - WARNING - pairwise_permutation_test - GeoJSON lacks source_tile — will assign via spatial join
2026-04-26 00:42:32,777 - INFO - pairwise_permutation_test - GeoJSON: 466 detections from consensus_t8.geojson
2026-04-26 00:42:32,874 - WARNING - pairwise_permutation_test - GeoJSON lacks source_tile — will assign via spatial join
2026-04-26 00:42:32,874 - INFO - pairwise_permutation_test - GeoJSON: 409 detections from consensus_t10.geojson
2026-04-26 00:42:32,885 - WARNING - pairwise_permutation_test - GeoJSON lacks source_tile — will assign via spatial join
2026-04-26 00:42:32,885 - INFO - pairwise_permutation_test - GeoJSON: 608 detections from consensus_t10.geojson
2026-04-26 00:42:33,314 - WARNING - pairwise_permutation_test - GeoJSON lacks source_tile — will assign via spatial join
2026-04-26 00:42:33,314 - INFO - pairwise_permutation_test - GeoJSON: 409 detections from consensus_t10.geojson
2026-04-26 00:42:33,325 - WARNING - pairwise_permutation_test - GeoJSON lacks source_tile — will assign via spatial join
2026-04-26 00:42:33,325 - INFO - pairwise_permutation_test - GeoJSON: 608 detections from consensus_t10.geojson
2026-04-26 00:42:33,420 - WARNING - pairwise_permutation_test - GeoJSON lacks source_tile — will assign via spatial join
2026-04-26 00:42:33,420 - INFO - pairwise_permutation_test - GeoJSON: 409 detections from consensus_t10.geojson
2026-04-26 00:42:33,429 - WARNING - pairwise_permutation_test - GeoJSON lacks source_tile — will assign via spatial join
2026-04-26 00:42:33,429 - INFO - pairwise_permutation_test - GeoJSON: 409 detections from consensus_t10.geojson
2026-04-26 00:42:33,431 - WARNING - pairwise_permutation_test - GeoJSON lacks source_tile — will assign via spatial join
2026-04-26 00:42:33,431 - INFO - pairwise_permutation_test - GeoJSON: 681 detections from consensus_t2.geojson
2026-04-26 00:42:33,440 - WARNING - pairwise_permutation_test - GeoJSON lacks source_tile — will assign via spatial join
2026-04-26 00:42:33,440 - INFO - pairwise_permutation_test - GeoJSON: 616 detections from consensus_t10.geojson
2026-04-26 00:42:33,469 - WARNING - pairwise_permutation_test - GeoJSON lacks source_tile — will assign via spatial join
2026-04-26 00:42:33,469 - INFO - pairwise_permutation_test - GeoJSON: 409 detections from consensus_t10.geojson
2026-04-26 00:42:33,480 - WARNING - pairwise_permutation_test - GeoJSON lacks source_tile — will assign via spatial join
2026-04-26 00:42:33,480 - INFO - pairwise_permutation_test - GeoJSON: 745 detections from consensus_t3.geojson
2026-04-26 00:42:33,593 - WARNING - pairwise_permutation_test - GeoJSON lacks source_tile — will assign via spatial join
2026-04-26 00:42:33,593 - INFO - pairwise_permutation_test - GeoJSON: 409 detections from consensus_t10.geojson
2026-04-26 00:42:33,605 - WARNING - pairwise_permutation_test - GeoJSON lacks source_tile — will assign via spatial join
2026-04-26 00:42:33,605 - INFO - pairwise_permutation_test - GeoJSON: 799 detections from consensus_t3.geojson
2026-04-26 00:42:33,679 - WARNING - pairwise_permutation_test - GeoJSON lacks source_tile — will assign via spatial join
2026-04-26 00:42:33,679 - INFO - pairwise_permutation_test - GeoJSON: 409 detections from consensus_t10.geojson
2026-04-26 00:42:33,691 - WARNING - pairwise_permutation_test - GeoJSON lacks source_tile — will assign via spatial join
2026-04-26 00:42:33,691 - INFO - pairwise_permutation_test - GeoJSON: 794 detections from consensus_t3.geojson
2026-04-26 00:42:33,735 - WARNING - pairwise_permutation_test - GeoJSON lacks source_tile — will assign via spatial join
2026-04-26 00:42:33,735 - INFO - pairwise_permutation_test - GeoJSON: 409 detections from consensus_t10.geojson
2026-04-26 00:42:33,747 - WARNING - pairwise_permutation_test - GeoJSON lacks source_tile — will assign via spatial join
2026-04-26 00:42:33,747 - INFO - pairwise_permutation_test - GeoJSON: 783 detections from consensus_t3.geojson
2026-04-26 00:42:33,926 - WARNING - pairwise_permutation_test - GeoJSON lacks source_tile — will assign via spatial join
2026-04-26 00:42:33,926 - INFO - pairwise_permutation_test - GeoJSON: 409 detections from consensus_t10.geojson
2026-04-26 00:42:33,936 - WARNING - pairwise_permutation_test - GeoJSON lacks source_tile — will assign via spatial join
2026-04-26 00:42:33,936 - INFO - pairwise_permutation_test - GeoJSON: 604 detections from consensus_t3.geojson
2026-04-26 00:42:34,333 - WARNING - pairwise_permutation_test - GeoJSON lacks source_tile — will assign via spatial join
2026-04-26 00:42:34,333 - INFO - pairwise_permutation_test - GeoJSON: 409 detections from consensus_t10.geojson
2026-04-26 00:42:34,344 - WARNING - pairwise_permutation_test - GeoJSON lacks source_tile — will assign via spatial join
2026-04-26 00:42:34,344 - INFO - pairwise_permutation_test - GeoJSON: 802 detections from consensus_t1.geojson
2026-04-26 00:42:34,429 - WARNING - pairwise_permutation_test - GeoJSON lacks source_tile — will assign via spatial join
2026-04-26 00:42:34,429 - INFO - pairwise_permutation_test - GeoJSON: 409 detections from consensus_t10.geojson
2026-04-26 00:42:34,437 - WARNING - pairwise_permutation_test - GeoJSON lacks source_tile — will assign via spatial join
2026-04-26 00:42:34,438 - INFO - pairwise_permutation_test - GeoJSON: 414 detections from consensus_t9.geojson
2026-04-26 00:42:34,512 - WARNING - pairwise_permutation_test - GeoJSON lacks source_tile — will assign via spatial join
2026-04-26 00:42:34,512 - INFO - pairwise_permutation_test - GeoJSON: 409 detections from consensus_t10.geojson
2026-04-26 00:42:34,521 - WARNING - pairwise_permutation_test - GeoJSON lacks source_tile — will assign via spatial join
2026-04-26 00:42:34,521 - INFO - pairwise_permutation_test - GeoJSON: 414 detections from consensus_t9.geojson
2026-04-26 00:42:34,541 - WARNING - pairwise_permutation_test - GeoJSON lacks source_tile — will assign via spatial join
2026-04-26 00:42:34,541 - INFO - pairwise_permutation_test - GeoJSON: 409 detections from consensus_t10.geojson
2026-04-26 00:42:34,549 - WARNING - pairwise_permutation_test - GeoJSON lacks source_tile — will assign via spatial join
2026-04-26 00:42:34,549 - INFO - pairwise_permutation_test - GeoJSON: 405 detections from consensus_t7.geojson
2026-04-26 00:42:34,680 - WARNING - pairwise_permutation_test - GeoJSON lacks source_tile — will assign via spatial join
2026-04-26 00:42:34,680 - INFO - pairwise_permutation_test - GeoJSON: 409 detections from consensus_t10.geojson
2026-04-26 00:42:34,688 - WARNING - pairwise_permutation_test - GeoJSON lacks source_tile — will assign via spatial join
2026-04-26 00:42:34,688 - INFO - pairwise_permutation_test - GeoJSON: 403 detections from consensus_t6.geojson
2026-04-26 00:42:34,787 - WARNING - pairwise_permutation_test - GeoJSON lacks source_tile — will assign via spatial join
2026-04-26 00:42:34,787 - INFO - pairwise_permutation_test - GeoJSON: 409 detections from consensus_t10.geojson
2026-04-26 00:42:34,796 - WARNING - pairwise_permutation_test - GeoJSON lacks source_tile — will assign via spatial join
2026-04-26 00:42:34,796 - INFO - pairwise_permutation_test - GeoJSON: 433 detections from consensus_t6.geojson
2026-04-26 00:42:34,843 - WARNING - pairwise_permutation_test - GeoJSON lacks source_tile — will assign via spatial join
2026-04-26 00:42:34,843 - INFO - pairwise_permutation_test - GeoJSON: 409 detections from consensus_t10.geojson
2026-04-26 00:42:34,852 - WARNING - pairwise_permutation_test - GeoJSON lacks source_tile — will assign via spatial join
2026-04-26 00:42:34,852 - INFO - pairwise_permutation_test - GeoJSON: 361 detections from consensus_t9.geojson
2026-04-26 00:42:35,027 - WARNING - pairwise_permutation_test - GeoJSON lacks source_tile — will assign via spatial join
2026-04-26 00:42:35,027 - INFO - pairwise_permutation_test - GeoJSON: 409 detections from consensus_t10.geojson
2026-04-26 00:42:35,035 - WARNING - pairwise_permutation_test - GeoJSON lacks source_tile — will assign via spatial join
2026-04-26 00:42:35,035 - INFO - pairwise_permutation_test - GeoJSON: 461 detections from consensus_t5.geojson
2026-04-26 00:42:35,385 - WARNING - pairwise_permutation_test - GeoJSON lacks source_tile — will assign via spatial join
2026-04-26 00:42:35,385 - INFO - pairwise_permutation_test - GeoJSON: 409 detections from consensus_t10.geojson
2026-04-26 00:42:35,394 - WARNING - pairwise_permutation_test - GeoJSON lacks source_tile — will assign via spatial join
2026-04-26 00:42:35,394 - INFO - pairwise_permutation_test - GeoJSON: 471 detections from consensus_t3.geojson
2026-04-26 00:42:35,476 - WARNING - pairwise_permutation_test - GeoJSON lacks source_tile — will assign via spatial join
2026-04-26 00:42:35,476 - INFO - pairwise_permutation_test - GeoJSON: 409 detections from consensus_t10.geojson
2026-04-26 00:42:35,486 - WARNING - pairwise_permutation_test - GeoJSON lacks source_tile — will assign via spatial join
2026-04-26 00:42:35,486 - INFO - pairwise_permutation_test - GeoJSON: 494 detections from consensus_t8.geojson
2026-04-26 00:42:35,508 - WARNING - pairwise_permutation_test - GeoJSON lacks source_tile — will assign via spatial join
2026-04-26 00:42:35,508 - INFO - pairwise_permutation_test - GeoJSON: 409 detections from consensus_t10.geojson
2026-04-26 00:42:35,517 - WARNING - pairwise_permutation_test - GeoJSON lacks source_tile — will assign via spatial join
2026-04-26 00:42:35,517 - INFO - pairwise_permutation_test - GeoJSON: 567 detections from consensus_t3.geojson
2026-04-26 00:42:35,525 - WARNING - pairwise_permutation_test - GeoJSON lacks source_tile — will assign via spatial join
2026-04-26 00:42:35,525 - INFO - pairwise_permutation_test - GeoJSON: 409 detections from consensus_t10.geojson
2026-04-26 00:42:35,536 - WARNING - pairwise_permutation_test - GeoJSON lacks source_tile — will assign via spatial join
2026-04-26 00:42:35,536 - INFO - pairwise_permutation_test - GeoJSON: 549 detections from consensus_t9.geojson
2026-04-26 00:42:35,652 - WARNING - pairwise_permutation_test - GeoJSON lacks source_tile — will assign via spatial join
2026-04-26 00:42:35,653 - INFO - pairwise_permutation_test - GeoJSON: 409 detections from consensus_t10.geojson
2026-04-26 00:42:35,663 - WARNING - pairwise_permutation_test - GeoJSON lacks source_tile — will assign via spatial join
2026-04-26 00:42:35,663 - INFO - pairwise_permutation_test - GeoJSON: 549 detections from consensus_t9.geojson
2026-04-26 00:42:35,778 - WARNING - pairwise_permutation_test - GeoJSON lacks source_tile — will assign via spatial join
2026-04-26 00:42:35,778 - INFO - pairwise_permutation_test - GeoJSON: 409 detections from consensus_t10.geojson
2026-04-26 00:42:35,791 - WARNING - pairwise_permutation_test - GeoJSON lacks source_tile — will assign via spatial join
2026-04-26 00:42:35,791 - INFO - pairwise_permutation_test - GeoJSON: 409 detections from consensus_t10.geojson
2026-04-26 00:42:35,792 - WARNING - pairwise_permutation_test - GeoJSON lacks source_tile — will assign via spatial join
2026-04-26 00:42:35,792 - INFO - pairwise_permutation_test - GeoJSON: 530 detections from consensus_t29.geojson
2026-04-26 00:42:35,802 - WARNING - pairwise_permutation_test - GeoJSON lacks source_tile — will assign via spatial join
2026-04-26 00:42:35,802 - INFO - pairwise_permutation_test - GeoJSON: 517 detections from consensus_t10.geojson
2026-04-26 00:42:36,028 - WARNING - pairwise_permutation_test - GeoJSON lacks source_tile — will assign via spatial join
2026-04-26 00:42:36,028 - INFO - pairwise_permutation_test - GeoJSON: 409 detections from consensus_t10.geojson
2026-04-26 00:42:36,037 - WARNING - pairwise_permutation_test - GeoJSON lacks source_tile — will assign via spatial join
2026-04-26 00:42:36,037 - INFO - pairwise_permutation_test - GeoJSON: 466 detections from consensus_t8.geojson
2026-04-26 00:42:36,371 - WARNING - pairwise_permutation_test - GeoJSON lacks source_tile — will assign via spatial join
2026-04-26 00:42:36,373 - INFO - pairwise_permutation_test - GeoJSON: 409 detections from consensus_t10.geojson
2026-04-26 00:42:36,385 - WARNING - pairwise_permutation_test - GeoJSON lacks source_tile — will assign via spatial join
2026-04-26 00:42:36,385 - INFO - pairwise_permutation_test - GeoJSON: 608 detections from consensus_t10.geojson
2026-04-26 00:42:36,463 - WARNING - pairwise_permutation_test - GeoJSON lacks source_tile — will assign via spatial join
2026-04-26 00:42:36,463 - INFO - pairwise_permutation_test - GeoJSON: 409 detections from consensus_t10.geojson
2026-04-26 00:42:36,474 - WARNING - pairwise_permutation_test - GeoJSON lacks source_tile — will assign via spatial join
2026-04-26 00:42:36,474 - INFO - pairwise_permutation_test - GeoJSON: 608 detections from consensus_t10.geojson
2026-04-26 00:42:36,510 - WARNING - pairwise_permutation_test - GeoJSON lacks source_tile — will assign via spatial join
2026-04-26 00:42:36,510 - INFO - pairwise_permutation_test - GeoJSON: 409 detections from consensus_t10.geojson
2026-04-26 00:42:36,520 - WARNING - pairwise_permutation_test - GeoJSON lacks source_tile — will assign via spatial join
2026-04-26 00:42:36,520 - INFO - pairwise_permutation_test - GeoJSON: 681 detections from consensus_t2.geojson
2026-04-26 00:42:36,544 - WARNING - pairwise_permutation_test - GeoJSON lacks source_tile — will assign via spatial join
2026-04-26 00:42:36,544 - INFO - pairwise_permutation_test - GeoJSON: 409 detections from consensus_t10.geojson
2026-04-26 00:42:36,555 - WARNING - pairwise_permutation_test - GeoJSON lacks source_tile — will assign via spatial join
2026-04-26 00:42:36,555 - INFO - pairwise_permutation_test - GeoJSON: 616 detections from consensus_t10.geojson
2026-04-26 00:42:36,636 - WARNING - pairwise_permutation_test - GeoJSON lacks source_tile — will assign via spatial join
2026-04-26 00:42:36,636 - INFO - pairwise_permutation_test - GeoJSON: 409 detections from consensus_t10.geojson
2026-04-26 00:42:36,647 - WARNING - pairwise_permutation_test - GeoJSON lacks source_tile — will assign via spatial join
2026-04-26 00:42:36,647 - INFO - pairwise_permutation_test - GeoJSON: 745 detections from consensus_t3.geojson
2026-04-26 00:42:36,766 - WARNING - pairwise_permutation_test - GeoJSON lacks source_tile — will assign via spatial join
2026-04-26 00:42:36,766 - INFO - pairwise_permutation_test - GeoJSON: 409 detections from consensus_t10.geojson
2026-04-26 00:42:36,777 - WARNING - pairwise_permutation_test - GeoJSON lacks source_tile — will assign via spatial join
2026-04-26 00:42:36,777 - INFO - pairwise_permutation_test - GeoJSON: 799 detections from consensus_t3.geojson
2026-04-26 00:42:36,813 - WARNING - pairwise_permutation_test - GeoJSON lacks source_tile — will assign via spatial join
2026-04-26 00:42:36,813 - INFO - pairwise_permutation_test - GeoJSON: 409 detections from consensus_t10.geojson
2026-04-26 00:42:36,825 - WARNING - pairwise_permutation_test - GeoJSON lacks source_tile — will assign via spatial join
2026-04-26 00:42:36,825 - INFO - pairwise_permutation_test - GeoJSON: 794 detections from consensus_t3.geojson
2026-04-26 00:42:37,028 - WARNING - pairwise_permutation_test - GeoJSON lacks source_tile — will assign via spatial join
2026-04-26 00:42:37,028 - INFO - pairwise_permutation_test - GeoJSON: 409 detections from consensus_t10.geojson
2026-04-26 00:42:37,040 - WARNING - pairwise_permutation_test - GeoJSON lacks source_tile — will assign via spatial join
2026-04-26 00:42:37,040 - INFO - pairwise_permutation_test - GeoJSON: 783 detections from consensus_t3.geojson
2026-04-26 00:42:37,391 - WARNING - pairwise_permutation_test - GeoJSON lacks source_tile — will assign via spatial join
2026-04-26 00:42:37,391 - INFO - pairwise_permutation_test - GeoJSON: 409 detections from consensus_t10.geojson
2026-04-26 00:42:37,401 - WARNING - pairwise_permutation_test - GeoJSON lacks source_tile — will assign via spatial join
2026-04-26 00:42:37,401 - INFO - pairwise_permutation_test - GeoJSON: 604 detections from consensus_t3.geojson
2026-04-26 00:42:37,485 - WARNING - pairwise_permutation_test - GeoJSON lacks source_tile — will assign via spatial join
2026-04-26 00:42:37,485 - INFO - pairwise_permutation_test - GeoJSON: 409 detections from consensus_t10.geojson
2026-04-26 00:42:37,497 - WARNING - pairwise_permutation_test - GeoJSON lacks source_tile — will assign via spatial join
2026-04-26 00:42:37,497 - INFO - pairwise_permutation_test - GeoJSON: 802 detections from consensus_t1.geojson
2026-04-26 00:42:37,555 - WARNING - pairwise_permutation_test - GeoJSON lacks source_tile — will assign via spatial join
2026-04-26 00:42:37,556 - INFO - pairwise_permutation_test - GeoJSON: 414 detections from consensus_t9.geojson
2026-04-26 00:42:37,565 - WARNING - pairwise_permutation_test - GeoJSON lacks source_tile — will assign via spatial join
2026-04-26 00:42:37,565 - INFO - pairwise_permutation_test - GeoJSON: 414 detections from consensus_t9.geojson
2026-04-26 00:42:37,586 - INFO - __main__ - [100/406] pairwise done
2026-04-26 00:42:37,603 - WARNING - pairwise_permutation_test - GeoJSON lacks source_tile — will assign via spatial join
2026-04-26 00:42:37,603 - INFO - pairwise_permutation_test - GeoJSON: 414 detections from consensus_t9.geojson
2026-04-26 00:42:37,612 - WARNING - pairwise_permutation_test - GeoJSON lacks source_tile — will assign via spatial join
2026-04-26 00:42:37,612 - INFO - pairwise_permutation_test - GeoJSON: 405 detections from consensus_t7.geojson
2026-04-26 00:42:37,720 - WARNING - pairwise_permutation_test - GeoJSON lacks source_tile — will assign via spatial join
2026-04-26 00:42:37,720 - INFO - pairwise_permutation_test - GeoJSON: 414 detections from consensus_t9.geojson
2026-04-26 00:42:37,729 - WARNING - pairwise_permutation_test - GeoJSON lacks source_tile — will assign via spatial join
2026-04-26 00:42:37,729 - INFO - pairwise_permutation_test - GeoJSON: 403 detections from consensus_t6.geojson
2026-04-26 00:42:37,847 - WARNING - pairwise_permutation_test - GeoJSON lacks source_tile — will assign via spatial join
2026-04-26 00:42:37,847 - INFO - pairwise_permutation_test - GeoJSON: 414 detections from consensus_t9.geojson
2026-04-26 00:42:37,856 - WARNING - pairwise_permutation_test - GeoJSON lacks source_tile — will assign via spatial join
2026-04-26 00:42:37,856 - INFO - pairwise_permutation_test - GeoJSON: 433 detections from consensus_t6.geojson
2026-04-26 00:42:37,926 - WARNING - pairwise_permutation_test - GeoJSON lacks source_tile — will assign via spatial join
2026-04-26 00:42:37,926 - INFO - pairwise_permutation_test - GeoJSON: 414 detections from consensus_t9.geojson
2026-04-26 00:42:37,934 - WARNING - pairwise_permutation_test - GeoJSON lacks source_tile — will assign via spatial join
2026-04-26 00:42:37,934 - INFO - pairwise_permutation_test - GeoJSON: 361 detections from consensus_t9.geojson
2026-04-26 00:42:38,172 - WARNING - pairwise_permutation_test - GeoJSON lacks source_tile — will assign via spatial join
2026-04-26 00:42:38,172 - INFO - pairwise_permutation_test - GeoJSON: 414 detections from consensus_t9.geojson
2026-04-26 00:42:38,181 - WARNING - pairwise_permutation_test - GeoJSON lacks source_tile — will assign via spatial join
2026-04-26 00:42:38,181 - INFO - pairwise_permutation_test - GeoJSON: 461 detections from consensus_t5.geojson
2026-04-26 00:42:38,455 - WARNING - pairwise_permutation_test - GeoJSON lacks source_tile — will assign via spatial join
2026-04-26 00:42:38,455 - INFO - pairwise_permutation_test - GeoJSON: 414 detections from consensus_t9.geojson
2026-04-26 00:42:38,464 - WARNING - pairwise_permutation_test - GeoJSON lacks source_tile — will assign via spatial join
2026-04-26 00:42:38,464 - INFO - pairwise_permutation_test - GeoJSON: 471 detections from consensus_t3.geojson
2026-04-26 00:42:38,509 - WARNING - pairwise_permutation_test - GeoJSON lacks source_tile — will assign via spatial join
2026-04-26 00:42:38,509 - INFO - pairwise_permutation_test - GeoJSON: 414 detections from consensus_t9.geojson
2026-04-26 00:42:38,519 - WARNING - pairwise_permutation_test - GeoJSON lacks source_tile — will assign via spatial join
2026-04-26 00:42:38,519 - INFO - pairwise_permutation_test - GeoJSON: 494 detections from consensus_t8.geojson
2026-04-26 00:42:38,530 - WARNING - pairwise_permutation_test - GeoJSON lacks source_tile — will assign via spatial join
2026-04-26 00:42:38,530 - INFO - pairwise_permutation_test - GeoJSON: 414 detections from consensus_t9.geojson
2026-04-26 00:42:38,539 - WARNING - pairwise_permutation_test - GeoJSON lacks source_tile — will assign via spatial join
2026-04-26 00:42:38,539 - INFO - pairwise_permutation_test - GeoJSON: 567 detections from consensus_t3.geojson
2026-04-26 00:42:38,638 - WARNING - pairwise_permutation_test - GeoJSON lacks source_tile — will assign via spatial join
2026-04-26 00:42:38,638 - INFO - pairwise_permutation_test - GeoJSON: 414 detections from consensus_t9.geojson
2026-04-26 00:42:38,648 - WARNING - pairwise_permutation_test - GeoJSON lacks source_tile — will assign via spatial join
2026-04-26 00:42:38,648 - INFO - pairwise_permutation_test - GeoJSON: 549 detections from consensus_t9.geojson
2026-04-26 00:42:38,654 - WARNING - pairwise_permutation_test - GeoJSON lacks source_tile — will assign via spatial join
2026-04-26 00:42:38,654 - INFO - pairwise_permutation_test - GeoJSON: 414 detections from consensus_t9.geojson
2026-04-26 00:42:38,665 - WARNING - pairwise_permutation_test - GeoJSON lacks source_tile — will assign via spatial join
2026-04-26 00:42:38,665 - INFO - pairwise_permutation_test - GeoJSON: 549 detections from consensus_t9.geojson
2026-04-26 00:42:38,793 - WARNING - pairwise_permutation_test - GeoJSON lacks source_tile — will assign via spatial join
2026-04-26 00:42:38,793 - INFO - pairwise_permutation_test - GeoJSON: 414 detections from consensus_t9.geojson
2026-04-26 00:42:38,807 - WARNING - pairwise_permutation_test - GeoJSON lacks source_tile — will assign via spatial join
2026-04-26 00:42:38,807 - INFO - pairwise_permutation_test - GeoJSON: 530 detections from consensus_t29.geojson
2026-04-26 00:42:38,857 - WARNING - pairwise_permutation_test - GeoJSON lacks source_tile — will assign via spatial join
2026-04-26 00:42:38,857 - INFO - pairwise_permutation_test - GeoJSON: 414 detections from consensus_t9.geojson
2026-04-26 00:42:38,867 - WARNING - pairwise_permutation_test - GeoJSON lacks source_tile — will assign via spatial join
2026-04-26 00:42:38,867 - INFO - pairwise_permutation_test - GeoJSON: 517 detections from consensus_t10.geojson
2026-04-26 00:42:39,108 - WARNING - pairwise_permutation_test - GeoJSON lacks source_tile — will assign via spatial join
2026-04-26 00:42:39,108 - INFO - pairwise_permutation_test - GeoJSON: 414 detections from consensus_t9.geojson
2026-04-26 00:42:39,118 - WARNING - pairwise_permutation_test - GeoJSON lacks source_tile — will assign via spatial join
2026-04-26 00:42:39,118 - INFO - pairwise_permutation_test - GeoJSON: 466 detections from consensus_t8.geojson
2026-04-26 00:42:39,429 - WARNING - pairwise_permutation_test - GeoJSON lacks source_tile — will assign via spatial join
2026-04-26 00:42:39,429 - INFO - pairwise_permutation_test - GeoJSON: 414 detections from consensus_t9.geojson
2026-04-26 00:42:39,440 - WARNING - pairwise_permutation_test - GeoJSON lacks source_tile — will assign via spatial join
2026-04-26 00:42:39,440 - INFO - pairwise_permutation_test - GeoJSON: 608 detections from consensus_t10.geojson
2026-04-26 00:42:39,509 - WARNING - pairwise_permutation_test - GeoJSON lacks source_tile — will assign via spatial join
2026-04-26 00:42:39,509 - INFO - pairwise_permutation_test - GeoJSON: 414 detections from consensus_t9.geojson
2026-04-26 00:42:39,521 - WARNING - pairwise_permutation_test - GeoJSON lacks source_tile — will assign via spatial join
2026-04-26 00:42:39,521 - INFO - pairwise_permutation_test - GeoJSON: 608 detections from consensus_t10.geojson
2026-04-26 00:42:39,539 - WARNING - pairwise_permutation_test - GeoJSON lacks source_tile — will assign via spatial join
2026-04-26 00:42:39,539 - INFO - pairwise_permutation_test - GeoJSON: 414 detections from consensus_t9.geojson
2026-04-26 00:42:39,549 - WARNING - pairwise_permutation_test - GeoJSON lacks source_tile — will assign via spatial join
2026-04-26 00:42:39,549 - INFO - pairwise_permutation_test - GeoJSON: 681 detections from consensus_t2.geojson
2026-04-26 00:42:39,604 - WARNING - pairwise_permutation_test - GeoJSON lacks source_tile — will assign via spatial join
2026-04-26 00:42:39,604 - INFO - pairwise_permutation_test - GeoJSON: 414 detections from consensus_t9.geojson
2026-04-26 00:42:39,615 - WARNING - pairwise_permutation_test - GeoJSON lacks source_tile — will assign via spatial join
2026-04-26 00:42:39,615 - INFO - pairwise_permutation_test - GeoJSON: 616 detections from consensus_t10.geojson
2026-04-26 00:42:39,623 - WARNING - pairwise_permutation_test - GeoJSON lacks source_tile — will assign via spatial join
2026-04-26 00:42:39,623 - INFO - pairwise_permutation_test - GeoJSON: 414 detections from consensus_t9.geojson
2026-04-26 00:42:39,635 - WARNING - pairwise_permutation_test - GeoJSON lacks source_tile — will assign via spatial join
2026-04-26 00:42:39,635 - INFO - pairwise_permutation_test - GeoJSON: 745 detections from consensus_t3.geojson
2026-04-26 00:42:39,794 - WARNING - pairwise_permutation_test - GeoJSON lacks source_tile — will assign via spatial join
2026-04-26 00:42:39,794 - INFO - pairwise_permutation_test - GeoJSON: 414 detections from consensus_t9.geojson
2026-04-26 00:42:39,806 - WARNING - pairwise_permutation_test - GeoJSON lacks source_tile — will assign via spatial join
2026-04-26 00:42:39,806 - INFO - pairwise_permutation_test - GeoJSON: 799 detections from consensus_t3.geojson
2026-04-26 00:42:39,836 - WARNING - pairwise_permutation_test - GeoJSON lacks source_tile — will assign via spatial join
2026-04-26 00:42:39,836 - INFO - pairwise_permutation_test - GeoJSON: 414 detections from consensus_t9.geojson
2026-04-26 00:42:39,848 - WARNING - pairwise_permutation_test - GeoJSON lacks source_tile — will assign via spatial join
2026-04-26 00:42:39,848 - INFO - pairwise_permutation_test - GeoJSON: 794 detections from consensus_t3.geojson
2026-04-26 00:42:40,063 - WARNING - pairwise_permutation_test - GeoJSON lacks source_tile — will assign via spatial join
2026-04-26 00:42:40,063 - INFO - pairwise_permutation_test - GeoJSON: 414 detections from consensus_t9.geojson
2026-04-26 00:42:40,074 - WARNING - pairwise_permutation_test - GeoJSON lacks source_tile — will assign via spatial join
2026-04-26 00:42:40,074 - INFO - pairwise_permutation_test - GeoJSON: 783 detections from consensus_t3.geojson
2026-04-26 00:42:40,422 - WARNING - pairwise_permutation_test - GeoJSON lacks source_tile — will assign via spatial join
2026-04-26 00:42:40,422 - INFO - pairwise_permutation_test - GeoJSON: 414 detections from consensus_t9.geojson
2026-04-26 00:42:40,431 - WARNING - pairwise_permutation_test - GeoJSON lacks source_tile — will assign via spatial join
2026-04-26 00:42:40,431 - INFO - pairwise_permutation_test - GeoJSON: 604 detections from consensus_t3.geojson
2026-04-26 00:42:40,549 - WARNING - pairwise_permutation_test - GeoJSON lacks source_tile — will assign via spatial join
2026-04-26 00:42:40,549 - INFO - pairwise_permutation_test - GeoJSON: 414 detections from consensus_t9.geojson
2026-04-26 00:42:40,561 - WARNING - pairwise_permutation_test - GeoJSON lacks source_tile — will assign via spatial join
2026-04-26 00:42:40,561 - INFO - pairwise_permutation_test - GeoJSON: 802 detections from consensus_t1.geojson
2026-04-26 00:42:40,590 - WARNING - pairwise_permutation_test - GeoJSON lacks source_tile — will assign via spatial join
2026-04-26 00:42:40,590 - INFO - pairwise_permutation_test - GeoJSON: 414 detections from consensus_t9.geojson
2026-04-26 00:42:40,599 - WARNING - pairwise_permutation_test - GeoJSON lacks source_tile — will assign via spatial join
2026-04-26 00:42:40,599 - INFO - pairwise_permutation_test - GeoJSON: 405 detections from consensus_t7.geojson
2026-04-26 00:42:40,608 - WARNING - pairwise_permutation_test - GeoJSON lacks source_tile — will assign via spatial join
2026-04-26 00:42:40,608 - INFO - pairwise_permutation_test - GeoJSON: 414 detections from consensus_t9.geojson
2026-04-26 00:42:40,617 - WARNING - pairwise_permutation_test - GeoJSON lacks source_tile — will assign via spatial join
2026-04-26 00:42:40,617 - INFO - pairwise_permutation_test - GeoJSON: 403 detections from consensus_t6.geojson
2026-04-26 00:42:40,691 - WARNING - pairwise_permutation_test - GeoJSON lacks source_tile — will assign via spatial join
2026-04-26 00:42:40,691 - INFO - pairwise_permutation_test - GeoJSON: 414 detections from consensus_t9.geojson
2026-04-26 00:42:40,700 - WARNING - pairwise_permutation_test - GeoJSON lacks source_tile — will assign via spatial join
2026-04-26 00:42:40,700 - INFO - pairwise_permutation_test - GeoJSON: 433 detections from consensus_t6.geojson
2026-04-26 00:42:40,889 - WARNING - pairwise_permutation_test - GeoJSON lacks source_tile — will assign via spatial join
2026-04-26 00:42:40,889 - INFO - pairwise_permutation_test - GeoJSON: 414 detections from consensus_t9.geojson
2026-04-26 00:42:40,897 - WARNING - pairwise_permutation_test - GeoJSON lacks source_tile — will assign via spatial join
2026-04-26 00:42:40,897 - INFO - pairwise_permutation_test - GeoJSON: 361 detections from consensus_t9.geojson
2026-04-26 00:42:40,902 - WARNING - pairwise_permutation_test - GeoJSON lacks source_tile — will assign via spatial join
2026-04-26 00:42:40,902 - INFO - pairwise_permutation_test - GeoJSON: 414 detections from consensus_t9.geojson
2026-04-26 00:42:40,910 - WARNING - pairwise_permutation_test - GeoJSON lacks source_tile — will assign via spatial join
2026-04-26 00:42:40,911 - INFO - pairwise_permutation_test - GeoJSON: 461 detections from consensus_t5.geojson
2026-04-26 00:42:41,166 - WARNING - pairwise_permutation_test - GeoJSON lacks source_tile — will assign via spatial join
2026-04-26 00:42:41,167 - INFO - pairwise_permutation_test - GeoJSON: 414 detections from consensus_t9.geojson
2026-04-26 00:42:41,175 - WARNING - pairwise_permutation_test - GeoJSON lacks source_tile — will assign via spatial join
2026-04-26 00:42:41,175 - INFO - pairwise_permutation_test - GeoJSON: 471 detections from consensus_t3.geojson
2026-04-26 00:42:41,467 - WARNING - pairwise_permutation_test - GeoJSON lacks source_tile — will assign via spatial join
2026-04-26 00:42:41,469 - INFO - pairwise_permutation_test - GeoJSON: 414 detections from consensus_t9.geojson
2026-04-26 00:42:41,486 - WARNING - pairwise_permutation_test - GeoJSON lacks source_tile — will assign via spatial join
2026-04-26 00:42:41,486 - INFO - pairwise_permutation_test - GeoJSON: 494 detections from consensus_t8.geojson
2026-04-26 00:42:41,511 - WARNING - pairwise_permutation_test - GeoJSON lacks source_tile — will assign via spatial join
2026-04-26 00:42:41,511 - INFO - pairwise_permutation_test - GeoJSON: 414 detections from consensus_t9.geojson
2026-04-26 00:42:41,521 - WARNING - pairwise_permutation_test - GeoJSON lacks source_tile — will assign via spatial join
2026-04-26 00:42:41,521 - INFO - pairwise_permutation_test - GeoJSON: 567 detections from consensus_t3.geojson
2026-04-26 00:42:41,537 - WARNING - pairwise_permutation_test - GeoJSON lacks source_tile — will assign via spatial join
2026-04-26 00:42:41,537 - INFO - pairwise_permutation_test - GeoJSON: 414 detections from consensus_t9.geojson
2026-04-26 00:42:41,548 - WARNING - pairwise_permutation_test - GeoJSON lacks source_tile — will assign via spatial join
2026-04-26 00:42:41,548 - INFO - pairwise_permutation_test - GeoJSON: 549 detections from consensus_t9.geojson
2026-04-26 00:42:41,633 - WARNING - pairwise_permutation_test - GeoJSON lacks source_tile — will assign via spatial join
2026-04-26 00:42:41,633 - INFO - pairwise_permutation_test - GeoJSON: 414 detections from consensus_t9.geojson
2026-04-26 00:42:41,643 - WARNING - pairwise_permutation_test - GeoJSON lacks source_tile — will assign via spatial join
2026-04-26 00:42:41,643 - INFO - pairwise_permutation_test - GeoJSON: 549 detections from consensus_t9.geojson
2026-04-26 00:42:41,742 - WARNING - pairwise_permutation_test - GeoJSON lacks source_tile — will assign via spatial join
2026-04-26 00:42:41,742 - INFO - pairwise_permutation_test - GeoJSON: 414 detections from consensus_t9.geojson
2026-04-26 00:42:41,756 - WARNING - pairwise_permutation_test - GeoJSON lacks source_tile — will assign via spatial join
2026-04-26 00:42:41,756 - INFO - pairwise_permutation_test - GeoJSON: 530 detections from consensus_t29.geojson
2026-04-26 00:42:41,817 - WARNING - pairwise_permutation_test - GeoJSON lacks source_tile — will assign via spatial join
2026-04-26 00:42:41,817 - INFO - pairwise_permutation_test - GeoJSON: 414 detections from consensus_t9.geojson
2026-04-26 00:42:41,827 - WARNING - pairwise_permutation_test - GeoJSON lacks source_tile — will assign via spatial join
2026-04-26 00:42:41,827 - INFO - pairwise_permutation_test - GeoJSON: 517 detections from consensus_t10.geojson
2026-04-26 00:42:41,832 - WARNING - pairwise_permutation_test - GeoJSON lacks source_tile — will assign via spatial join
2026-04-26 00:42:41,832 - INFO - pairwise_permutation_test - GeoJSON: 414 detections from consensus_t9.geojson
2026-04-26 00:42:41,841 - WARNING - pairwise_permutation_test - GeoJSON lacks source_tile — will assign via spatial join
2026-04-26 00:42:41,841 - INFO - pairwise_permutation_test - GeoJSON: 466 detections from consensus_t8.geojson
2026-04-26 00:42:42,138 - WARNING - pairwise_permutation_test - GeoJSON lacks source_tile — will assign via spatial join
2026-04-26 00:42:42,138 - INFO - pairwise_permutation_test - GeoJSON: 414 detections from consensus_t9.geojson
2026-04-26 00:42:42,149 - WARNING - pairwise_permutation_test - GeoJSON lacks source_tile — will assign via spatial join
2026-04-26 00:42:42,149 - INFO - pairwise_permutation_test - GeoJSON: 608 detections from consensus_t10.geojson
2026-04-26 00:42:42,495 - WARNING - pairwise_permutation_test - GeoJSON lacks source_tile — will assign via spatial join
2026-04-26 00:42:42,495 - INFO - pairwise_permutation_test - GeoJSON: 414 detections from consensus_t9.geojson
2026-04-26 00:42:42,502 - WARNING - pairwise_permutation_test - GeoJSON lacks source_tile — will assign via spatial join
2026-04-26 00:42:42,502 - INFO - pairwise_permutation_test - GeoJSON: 414 detections from consensus_t9.geojson
2026-04-26 00:42:42,506 - WARNING - pairwise_permutation_test - GeoJSON lacks source_tile — will assign via spatial join
2026-04-26 00:42:42,506 - INFO - pairwise_permutation_test - GeoJSON: 608 detections from consensus_t10.geojson
2026-04-26 00:42:42,512 - WARNING - pairwise_permutation_test - GeoJSON lacks source_tile — will assign via spatial join
2026-04-26 00:42:42,512 - INFO - pairwise_permutation_test - GeoJSON: 681 detections from consensus_t2.geojson
2026-04-26 00:42:42,526 - WARNING - pairwise_permutation_test - GeoJSON lacks source_tile — will assign via spatial join
2026-04-26 00:42:42,526 - INFO - pairwise_permutation_test - GeoJSON: 414 detections from consensus_t9.geojson
2026-04-26 00:42:42,537 - WARNING - pairwise_permutation_test - GeoJSON lacks source_tile — will assign via spatial join
2026-04-26 00:42:42,537 - INFO - pairwise_permutation_test - GeoJSON: 616 detections from consensus_t10.geojson
2026-04-26 00:42:42,603 - WARNING - pairwise_permutation_test - GeoJSON lacks source_tile — will assign via spatial join
2026-04-26 00:42:42,603 - INFO - pairwise_permutation_test - GeoJSON: 414 detections from consensus_t9.geojson
2026-04-26 00:42:42,614 - WARNING - pairwise_permutation_test - GeoJSON lacks source_tile — will assign via spatial join
2026-04-26 00:42:42,614 - INFO - pairwise_permutation_test - GeoJSON: 745 detections from consensus_t3.geojson
2026-04-26 00:42:42,714 - WARNING - pairwise_permutation_test - GeoJSON lacks source_tile — will assign via spatial join
2026-04-26 00:42:42,714 - INFO - pairwise_permutation_test - GeoJSON: 414 detections from consensus_t9.geojson
2026-04-26 00:42:42,725 - WARNING - pairwise_permutation_test - GeoJSON lacks source_tile — will assign via spatial join
2026-04-26 00:42:42,726 - INFO - pairwise_permutation_test - GeoJSON: 799 detections from consensus_t3.geojson
2026-04-26 00:42:42,800 - WARNING - pairwise_permutation_test - GeoJSON lacks source_tile — will assign via spatial join
2026-04-26 00:42:42,800 - INFO - pairwise_permutation_test - GeoJSON: 414 detections from consensus_t9.geojson
2026-04-26 00:42:42,811 - WARNING - pairwise_permutation_test - GeoJSON lacks source_tile — will assign via spatial join
2026-04-26 00:42:42,811 - INFO - pairwise_permutation_test - GeoJSON: 794 detections from consensus_t3.geojson
2026-04-26 00:42:42,826 - WARNING - pairwise_permutation_test - GeoJSON lacks source_tile — will assign via spatial join
2026-04-26 00:42:42,826 - INFO - pairwise_permutation_test - GeoJSON: 414 detections from consensus_t9.geojson
2026-04-26 00:42:42,837 - WARNING - pairwise_permutation_test - GeoJSON lacks source_tile — will assign via spatial join
2026-04-26 00:42:42,837 - INFO - pairwise_permutation_test - GeoJSON: 783 detections from consensus_t3.geojson
2026-04-26 00:42:43,145 - WARNING - pairwise_permutation_test - GeoJSON lacks source_tile — will assign via spatial join
2026-04-26 00:42:43,145 - INFO - pairwise_permutation_test - GeoJSON: 414 detections from consensus_t9.geojson
2026-04-26 00:42:43,155 - WARNING - pairwise_permutation_test - GeoJSON lacks source_tile — will assign via spatial join
2026-04-26 00:42:43,155 - INFO - pairwise_permutation_test - GeoJSON: 604 detections from consensus_t3.geojson
2026-04-26 00:42:43,519 - WARNING - pairwise_permutation_test - GeoJSON lacks source_tile — will assign via spatial join
2026-04-26 00:42:43,519 - INFO - pairwise_permutation_test - GeoJSON: 414 detections from consensus_t9.geojson
2026-04-26 00:42:43,522 - WARNING - pairwise_permutation_test - GeoJSON lacks source_tile — will assign via spatial join
2026-04-26 00:42:43,522 - INFO - pairwise_permutation_test - GeoJSON: 405 detections from consensus_t7.geojson
2026-04-26 00:42:43,530 - WARNING - pairwise_permutation_test - GeoJSON lacks source_tile — will assign via spatial join
2026-04-26 00:42:43,530 - INFO - pairwise_permutation_test - GeoJSON: 403 detections from consensus_t6.geojson
2026-04-26 00:42:43,531 - WARNING - pairwise_permutation_test - GeoJSON lacks source_tile — will assign via spatial join
2026-04-26 00:42:43,531 - INFO - pairwise_permutation_test - GeoJSON: 802 detections from consensus_t1.geojson
2026-04-26 00:42:43,580 - WARNING - pairwise_permutation_test - GeoJSON lacks source_tile — will assign via spatial join
2026-04-26 00:42:43,580 - INFO - pairwise_permutation_test - GeoJSON: 405 detections from consensus_t7.geojson
2026-04-26 00:42:43,589 - WARNING - pairwise_permutation_test - GeoJSON lacks source_tile — will assign via spatial join
2026-04-26 00:42:43,589 - INFO - pairwise_permutation_test - GeoJSON: 433 detections from consensus_t6.geojson
2026-04-26 00:42:43,677 - WARNING - pairwise_permutation_test - GeoJSON lacks source_tile — will assign via spatial join
2026-04-26 00:42:43,677 - INFO - pairwise_permutation_test - GeoJSON: 405 detections from consensus_t7.geojson
2026-04-26 00:42:43,685 - WARNING - pairwise_permutation_test - GeoJSON lacks source_tile — will assign via spatial join
2026-04-26 00:42:43,685 - INFO - pairwise_permutation_test - GeoJSON: 361 detections from consensus_t9.geojson
2026-04-26 00:42:43,777 - WARNING - pairwise_permutation_test - GeoJSON lacks source_tile — will assign via spatial join
2026-04-26 00:42:43,777 - INFO - pairwise_permutation_test - GeoJSON: 405 detections from consensus_t7.geojson
2026-04-26 00:42:43,786 - WARNING - pairwise_permutation_test - GeoJSON lacks source_tile — will assign via spatial join
2026-04-26 00:42:43,786 - INFO - pairwise_permutation_test - GeoJSON: 461 detections from consensus_t5.geojson
2026-04-26 00:42:43,841 - INFO - __main__ - [150/406] pairwise done
2026-04-26 00:42:43,858 - WARNING - pairwise_permutation_test - GeoJSON lacks source_tile — will assign via spatial join
2026-04-26 00:42:43,858 - INFO - pairwise_permutation_test - GeoJSON: 405 detections from consensus_t7.geojson
2026-04-26 00:42:43,867 - WARNING - pairwise_permutation_test - GeoJSON lacks source_tile — will assign via spatial join
2026-04-26 00:42:43,867 - INFO - pairwise_permutation_test - GeoJSON: 471 detections from consensus_t3.geojson
2026-04-26 00:42:43,965 - WARNING - pairwise_permutation_test - GeoJSON lacks source_tile — will assign via spatial join
2026-04-26 00:42:43,965 - INFO - pairwise_permutation_test - GeoJSON: 405 detections from consensus_t7.geojson
2026-04-26 00:42:43,975 - WARNING - pairwise_permutation_test - GeoJSON lacks source_tile — will assign via spatial join
2026-04-26 00:42:43,975 - INFO - pairwise_permutation_test - GeoJSON: 494 detections from consensus_t8.geojson
2026-04-26 00:42:44,199 - WARNING - pairwise_permutation_test - GeoJSON lacks source_tile — will assign via spatial join
2026-04-26 00:42:44,199 - INFO - pairwise_permutation_test - GeoJSON: 405 detections from consensus_t7.geojson
2026-04-26 00:42:44,208 - WARNING - pairwise_permutation_test - GeoJSON lacks source_tile — will assign via spatial join
2026-04-26 00:42:44,208 - INFO - pairwise_permutation_test - GeoJSON: 567 detections from consensus_t3.geojson
2026-04-26 00:42:44,485 - WARNING - pairwise_permutation_test - GeoJSON lacks source_tile — will assign via spatial join
2026-04-26 00:42:44,485 - INFO - pairwise_permutation_test - GeoJSON: 405 detections from consensus_t7.geojson
2026-04-26 00:42:44,496 - WARNING - pairwise_permutation_test - GeoJSON lacks source_tile — will assign via spatial join
2026-04-26 00:42:44,496 - INFO - pairwise_permutation_test - GeoJSON: 549 detections from consensus_t9.geojson
2026-04-26 00:42:44,524 - WARNING - pairwise_permutation_test - GeoJSON lacks source_tile — will assign via spatial join
2026-04-26 00:42:44,525 - INFO - pairwise_permutation_test - GeoJSON: 405 detections from consensus_t7.geojson
2026-04-26 00:42:44,535 - WARNING - pairwise_permutation_test - GeoJSON lacks source_tile — will assign via spatial join
2026-04-26 00:42:44,535 - INFO - pairwise_permutation_test - GeoJSON: 549 detections from consensus_t9.geojson
2026-04-26 00:42:44,586 - WARNING - pairwise_permutation_test - GeoJSON lacks source_tile — will assign via spatial join
2026-04-26 00:42:44,586 - INFO - pairwise_permutation_test - GeoJSON: 405 detections from consensus_t7.geojson
2026-04-26 00:42:44,600 - WARNING - pairwise_permutation_test - GeoJSON lacks source_tile — will assign via spatial join
2026-04-26 00:42:44,600 - INFO - pairwise_permutation_test - GeoJSON: 530 detections from consensus_t29.geojson
2026-04-26 00:42:44,661 - WARNING - pairwise_permutation_test - GeoJSON lacks source_tile — will assign via spatial join
2026-04-26 00:42:44,661 - INFO - pairwise_permutation_test - GeoJSON: 405 detections from consensus_t7.geojson
2026-04-26 00:42:44,671 - WARNING - pairwise_permutation_test - GeoJSON lacks source_tile — will assign via spatial join
2026-04-26 00:42:44,671 - INFO - pairwise_permutation_test - GeoJSON: 517 detections from consensus_t10.geojson
2026-04-26 00:42:44,716 - WARNING - pairwise_permutation_test - GeoJSON lacks source_tile — will assign via spatial join
2026-04-26 00:42:44,716 - INFO - pairwise_permutation_test - GeoJSON: 405 detections from consensus_t7.geojson
2026-04-26 00:42:44,726 - WARNING - pairwise_permutation_test - GeoJSON lacks source_tile — will assign via spatial join
2026-04-26 00:42:44,726 - INFO - pairwise_permutation_test - GeoJSON: 466 detections from consensus_t8.geojson
2026-04-26 00:42:44,836 - WARNING - pairwise_permutation_test - GeoJSON lacks source_tile — will assign via spatial join
2026-04-26 00:42:44,836 - INFO - pairwise_permutation_test - GeoJSON: 405 detections from consensus_t7.geojson
2026-04-26 00:42:44,848 - WARNING - pairwise_permutation_test - GeoJSON lacks source_tile — will assign via spatial join
2026-04-26 00:42:44,848 - INFO - pairwise_permutation_test - GeoJSON: 608 detections from consensus_t10.geojson
2026-04-26 00:42:44,972 - WARNING - pairwise_permutation_test - GeoJSON lacks source_tile — will assign via spatial join
2026-04-26 00:42:44,972 - INFO - pairwise_permutation_test - GeoJSON: 405 detections from consensus_t7.geojson
2026-04-26 00:42:44,983 - WARNING - pairwise_permutation_test - GeoJSON lacks source_tile — will assign via spatial join
2026-04-26 00:42:44,983 - INFO - pairwise_permutation_test - GeoJSON: 608 detections from consensus_t10.geojson
2026-04-26 00:42:45,228 - WARNING - pairwise_permutation_test - GeoJSON lacks source_tile — will assign via spatial join
2026-04-26 00:42:45,228 - INFO - pairwise_permutation_test - GeoJSON: 405 detections from consensus_t7.geojson
2026-04-26 00:42:45,238 - WARNING - pairwise_permutation_test - GeoJSON lacks source_tile — will assign via spatial join
2026-04-26 00:42:45,238 - INFO - pairwise_permutation_test - GeoJSON: 681 detections from consensus_t2.geojson
2026-04-26 00:42:45,489 - WARNING - pairwise_permutation_test - GeoJSON lacks source_tile — will assign via spatial join
2026-04-26 00:42:45,489 - INFO - pairwise_permutation_test - GeoJSON: 405 detections from consensus_t7.geojson
2026-04-26 00:42:45,499 - WARNING - pairwise_permutation_test - GeoJSON lacks source_tile — will assign via spatial join
2026-04-26 00:42:45,499 - INFO - pairwise_permutation_test - GeoJSON: 405 detections from consensus_t7.geojson
2026-04-26 00:42:45,500 - WARNING - pairwise_permutation_test - GeoJSON lacks source_tile — will assign via spatial join
2026-04-26 00:42:45,500 - INFO - pairwise_permutation_test - GeoJSON: 616 detections from consensus_t10.geojson
2026-04-26 00:42:45,510 - WARNING - pairwise_permutation_test - GeoJSON lacks source_tile — will assign via spatial join
2026-04-26 00:42:45,510 - INFO - pairwise_permutation_test - GeoJSON: 745 detections from consensus_t3.geojson
2026-04-26 00:42:45,568 - WARNING - pairwise_permutation_test - GeoJSON lacks source_tile — will assign via spatial join
2026-04-26 00:42:45,568 - INFO - pairwise_permutation_test - GeoJSON: 405 detections from consensus_t7.geojson
2026-04-26 00:42:45,580 - WARNING - pairwise_permutation_test - GeoJSON lacks source_tile — will assign via spatial join
2026-04-26 00:42:45,580 - INFO - pairwise_permutation_test - GeoJSON: 799 detections from consensus_t3.geojson
2026-04-26 00:42:45,653 - WARNING - pairwise_permutation_test - GeoJSON lacks source_tile — will assign via spatial join
2026-04-26 00:42:45,653 - INFO - pairwise_permutation_test - GeoJSON: 405 detections from consensus_t7.geojson
2026-04-26 00:42:45,665 - WARNING - pairwise_permutation_test - GeoJSON lacks source_tile — will assign via spatial join
2026-04-26 00:42:45,665 - INFO - pairwise_permutation_test - GeoJSON: 794 detections from consensus_t3.geojson
2026-04-26 00:42:45,684 - WARNING - pairwise_permutation_test - GeoJSON lacks source_tile — will assign via spatial join
2026-04-26 00:42:45,684 - INFO - pairwise_permutation_test - GeoJSON: 405 detections from consensus_t7.geojson
2026-04-26 00:42:45,695 - WARNING - pairwise_permutation_test - GeoJSON lacks source_tile — will assign via spatial join
2026-04-26 00:42:45,695 - INFO - pairwise_permutation_test - GeoJSON: 783 detections from consensus_t3.geojson
2026-04-26 00:42:45,856 - WARNING - pairwise_permutation_test - GeoJSON lacks source_tile — will assign via spatial join
2026-04-26 00:42:45,856 - INFO - pairwise_permutation_test - GeoJSON: 405 detections from consensus_t7.geojson
2026-04-26 00:42:45,866 - WARNING - pairwise_permutation_test - GeoJSON lacks source_tile — will assign via spatial join
2026-04-26 00:42:45,866 - INFO - pairwise_permutation_test - GeoJSON: 604 detections from consensus_t3.geojson
2026-04-26 00:42:46,016 - WARNING - pairwise_permutation_test - GeoJSON lacks source_tile — will assign via spatial join
2026-04-26 00:42:46,016 - INFO - pairwise_permutation_test - GeoJSON: 405 detections from consensus_t7.geojson
2026-04-26 00:42:46,028 - WARNING - pairwise_permutation_test - GeoJSON lacks source_tile — will assign via spatial join
2026-04-26 00:42:46,028 - INFO - pairwise_permutation_test - GeoJSON: 802 detections from consensus_t1.geojson
2026-04-26 00:42:46,315 - WARNING - pairwise_permutation_test - GeoJSON lacks source_tile — will assign via spatial join
2026-04-26 00:42:46,315 - INFO - pairwise_permutation_test - GeoJSON: 403 detections from consensus_t6.geojson
2026-04-26 00:42:46,324 - WARNING - pairwise_permutation_test - GeoJSON lacks source_tile — will assign via spatial join
2026-04-26 00:42:46,324 - INFO - pairwise_permutation_test - GeoJSON: 433 detections from consensus_t6.geojson
2026-04-26 00:42:46,514 - WARNING - pairwise_permutation_test - GeoJSON lacks source_tile — will assign via spatial join
2026-04-26 00:42:46,517 - INFO - pairwise_permutation_test - GeoJSON: 403 detections from consensus_t6.geojson
2026-04-26 00:42:46,525 - WARNING - pairwise_permutation_test - GeoJSON lacks source_tile — will assign via spatial join
2026-04-26 00:42:46,525 - INFO - pairwise_permutation_test - GeoJSON: 361 detections from consensus_t9.geojson
2026-04-26 00:42:46,572 - WARNING - pairwise_permutation_test - GeoJSON lacks source_tile — will assign via spatial join
2026-04-26 00:42:46,572 - INFO - pairwise_permutation_test - GeoJSON: 403 detections from consensus_t6.geojson
2026-04-26 00:42:46,581 - WARNING - pairwise_permutation_test - GeoJSON lacks source_tile — will assign via spatial join
2026-04-26 00:42:46,581 - INFO - pairwise_permutation_test - GeoJSON: 461 detections from consensus_t5.geojson
2026-04-26 00:42:46,645 - WARNING - pairwise_permutation_test - GeoJSON lacks source_tile — will assign via spatial join
2026-04-26 00:42:46,645 - INFO - pairwise_permutation_test - GeoJSON: 403 detections from consensus_t6.geojson
2026-04-26 00:42:46,654 - WARNING - pairwise_permutation_test - GeoJSON lacks source_tile — will assign via spatial join
2026-04-26 00:42:46,654 - INFO - pairwise_permutation_test - GeoJSON: 471 detections from consensus_t3.geojson
2026-04-26 00:42:46,727 - WARNING - pairwise_permutation_test - GeoJSON lacks source_tile — will assign via spatial join
2026-04-26 00:42:46,727 - INFO - pairwise_permutation_test - GeoJSON: 403 detections from consensus_t6.geojson
2026-04-26 00:42:46,736 - WARNING - pairwise_permutation_test - GeoJSON lacks source_tile — will assign via spatial join
2026-04-26 00:42:46,736 - INFO - pairwise_permutation_test - GeoJSON: 494 detections from consensus_t8.geojson
2026-04-26 00:42:46,792 - WARNING - pairwise_permutation_test - GeoJSON lacks source_tile — will assign via spatial join
2026-04-26 00:42:46,792 - INFO - pairwise_permutation_test - GeoJSON: 403 detections from consensus_t6.geojson
2026-04-26 00:42:46,801 - WARNING - pairwise_permutation_test - GeoJSON lacks source_tile — will assign via spatial join
2026-04-26 00:42:46,801 - INFO - pairwise_permutation_test - GeoJSON: 567 detections from consensus_t3.geojson
2026-04-26 00:42:46,911 - WARNING - pairwise_permutation_test - GeoJSON lacks source_tile — will assign via spatial join
2026-04-26 00:42:46,911 - INFO - pairwise_permutation_test - GeoJSON: 403 detections from consensus_t6.geojson
2026-04-26 00:42:46,921 - WARNING - pairwise_permutation_test - GeoJSON lacks source_tile — will assign via spatial join
2026-04-26 00:42:46,922 - INFO - pairwise_permutation_test - GeoJSON: 549 detections from consensus_t9.geojson
2026-04-26 00:42:47,195 - WARNING - pairwise_permutation_test - GeoJSON lacks source_tile — will assign via spatial join
2026-04-26 00:42:47,196 - INFO - pairwise_permutation_test - GeoJSON: 403 detections from consensus_t6.geojson
2026-04-26 00:42:47,206 - WARNING - pairwise_permutation_test - GeoJSON lacks source_tile — will assign via spatial join
2026-04-26 00:42:47,206 - INFO - pairwise_permutation_test - GeoJSON: 549 detections from consensus_t9.geojson
2026-04-26 00:42:47,267 - WARNING - pairwise_permutation_test - GeoJSON lacks source_tile — will assign via spatial join
2026-04-26 00:42:47,267 - INFO - pairwise_permutation_test - GeoJSON: 403 detections from consensus_t6.geojson
2026-04-26 00:42:47,281 - WARNING - pairwise_permutation_test - GeoJSON lacks source_tile — will assign via spatial join
2026-04-26 00:42:47,281 - INFO - pairwise_permutation_test - GeoJSON: 530 detections from consensus_t29.geojson
2026-04-26 00:42:47,448 - WARNING - pairwise_permutation_test - GeoJSON lacks source_tile — will assign via spatial join
2026-04-26 00:42:47,449 - INFO - pairwise_permutation_test - GeoJSON: 403 detections from consensus_t6.geojson
2026-04-26 00:42:47,459 - WARNING - pairwise_permutation_test - GeoJSON lacks source_tile — will assign via spatial join
2026-04-26 00:42:47,459 - INFO - pairwise_permutation_test - GeoJSON: 517 detections from consensus_t10.geojson
2026-04-26 00:42:47,513 - WARNING - pairwise_permutation_test - GeoJSON lacks source_tile — will assign via spatial join
2026-04-26 00:42:47,513 - INFO - pairwise_permutation_test - GeoJSON: 403 detections from consensus_t6.geojson
2026-04-26 00:42:47,523 - WARNING - pairwise_permutation_test - GeoJSON lacks source_tile — will assign via spatial join
2026-04-26 00:42:47,523 - INFO - pairwise_permutation_test - GeoJSON: 466 detections from consensus_t8.geojson
2026-04-26 00:42:47,627 - WARNING - pairwise_permutation_test - GeoJSON lacks source_tile — will assign via spatial join
2026-04-26 00:42:47,627 - INFO - pairwise_permutation_test - GeoJSON: 403 detections from consensus_t6.geojson
2026-04-26 00:42:47,638 - WARNING - pairwise_permutation_test - GeoJSON lacks source_tile — will assign via spatial join
2026-04-26 00:42:47,638 - INFO - pairwise_permutation_test - GeoJSON: 608 detections from consensus_t10.geojson
2026-04-26 00:42:47,706 - WARNING - pairwise_permutation_test - GeoJSON lacks source_tile — will assign via spatial join
2026-04-26 00:42:47,706 - INFO - pairwise_permutation_test - GeoJSON: 403 detections from consensus_t6.geojson
2026-04-26 00:42:47,718 - WARNING - pairwise_permutation_test - GeoJSON lacks source_tile — will assign via spatial join
2026-04-26 00:42:47,718 - INFO - pairwise_permutation_test - GeoJSON: 608 detections from consensus_t10.geojson
2026-04-26 00:42:47,820 - WARNING - pairwise_permutation_test - GeoJSON lacks source_tile — will assign via spatial join
2026-04-26 00:42:47,820 - INFO - pairwise_permutation_test - GeoJSON: 403 detections from consensus_t6.geojson
2026-04-26 00:42:47,831 - WARNING - pairwise_permutation_test - GeoJSON lacks source_tile — will assign via spatial join
2026-04-26 00:42:47,831 - INFO - pairwise_permutation_test - GeoJSON: 681 detections from consensus_t2.geojson
2026-04-26 00:42:47,891 - WARNING - pairwise_permutation_test - GeoJSON lacks source_tile — will assign via spatial join
2026-04-26 00:42:47,891 - INFO - pairwise_permutation_test - GeoJSON: 403 detections from consensus_t6.geojson
2026-04-26 00:42:47,902 - WARNING - pairwise_permutation_test - GeoJSON lacks source_tile — will assign via spatial join
2026-04-26 00:42:47,902 - INFO - pairwise_permutation_test - GeoJSON: 616 detections from consensus_t10.geojson
2026-04-26 00:42:48,198 - WARNING - pairwise_permutation_test - GeoJSON lacks source_tile — will assign via spatial join
2026-04-26 00:42:48,198 - INFO - pairwise_permutation_test - GeoJSON: 403 detections from consensus_t6.geojson
2026-04-26 00:42:48,210 - WARNING - pairwise_permutation_test - GeoJSON lacks source_tile — will assign via spatial join
2026-04-26 00:42:48,210 - INFO - pairwise_permutation_test - GeoJSON: 745 detections from consensus_t3.geojson
2026-04-26 00:42:48,248 - WARNING - pairwise_permutation_test - GeoJSON lacks source_tile — will assign via spatial join
2026-04-26 00:42:48,248 - INFO - pairwise_permutation_test - GeoJSON: 403 detections from consensus_t6.geojson
2026-04-26 00:42:48,260 - WARNING - pairwise_permutation_test - GeoJSON lacks source_tile — will assign via spatial join
2026-04-26 00:42:48,260 - INFO - pairwise_permutation_test - GeoJSON: 799 detections from consensus_t3.geojson
2026-04-26 00:42:48,472 - WARNING - pairwise_permutation_test - GeoJSON lacks source_tile — will assign via spatial join
2026-04-26 00:42:48,472 - INFO - pairwise_permutation_test - GeoJSON: 403 detections from consensus_t6.geojson
2026-04-26 00:42:48,476 - WARNING - pairwise_permutation_test - GeoJSON lacks source_tile — will assign via spatial join
2026-04-26 00:42:48,476 - INFO - pairwise_permutation_test - GeoJSON: 403 detections from consensus_t6.geojson
2026-04-26 00:42:48,484 - WARNING - pairwise_permutation_test - GeoJSON lacks source_tile — will assign via spatial join
2026-04-26 00:42:48,484 - INFO - pairwise_permutation_test - GeoJSON: 794 detections from consensus_t3.geojson
2026-04-26 00:42:48,487 - WARNING - pairwise_permutation_test - GeoJSON lacks source_tile — will assign via spatial join
2026-04-26 00:42:48,487 - INFO - pairwise_permutation_test - GeoJSON: 783 detections from consensus_t3.geojson
2026-04-26 00:42:48,637 - WARNING - pairwise_permutation_test - GeoJSON lacks source_tile — will assign via spatial join
2026-04-26 00:42:48,637 - INFO - pairwise_permutation_test - GeoJSON: 403 detections from consensus_t6.geojson
2026-04-26 00:42:48,646 - WARNING - pairwise_permutation_test - GeoJSON lacks source_tile — will assign via spatial join
2026-04-26 00:42:48,646 - INFO - pairwise_permutation_test - GeoJSON: 604 detections from consensus_t3.geojson
2026-04-26 00:42:48,710 - WARNING - pairwise_permutation_test - GeoJSON lacks source_tile — will assign via spatial join
2026-04-26 00:42:48,710 - INFO - pairwise_permutation_test - GeoJSON: 403 detections from consensus_t6.geojson
2026-04-26 00:42:48,722 - WARNING - pairwise_permutation_test - GeoJSON lacks source_tile — will assign via spatial join
2026-04-26 00:42:48,722 - INFO - pairwise_permutation_test - GeoJSON: 802 detections from consensus_t1.geojson
2026-04-26 00:42:48,881 - WARNING - pairwise_permutation_test - GeoJSON lacks source_tile — will assign via spatial join
2026-04-26 00:42:48,881 - INFO - pairwise_permutation_test - GeoJSON: 433 detections from consensus_t6.geojson
2026-04-26 00:42:48,889 - WARNING - pairwise_permutation_test - GeoJSON lacks source_tile — will assign via spatial join
2026-04-26 00:42:48,889 - INFO - pairwise_permutation_test - GeoJSON: 361 detections from consensus_t9.geojson
2026-04-26 00:42:48,899 - WARNING - pairwise_permutation_test - GeoJSON lacks source_tile — will assign via spatial join
2026-04-26 00:42:48,899 - INFO - pairwise_permutation_test - GeoJSON: 433 detections from consensus_t6.geojson
2026-04-26 00:42:48,907 - WARNING - pairwise_permutation_test - GeoJSON lacks source_tile — will assign via spatial join
2026-04-26 00:42:48,907 - INFO - pairwise_permutation_test - GeoJSON: 461 detections from consensus_t5.geojson
2026-04-26 00:42:49,304 - WARNING - pairwise_permutation_test - GeoJSON lacks source_tile — will assign via spatial join
2026-04-26 00:42:49,304 - INFO - pairwise_permutation_test - GeoJSON: 433 detections from consensus_t6.geojson
2026-04-26 00:42:49,313 - WARNING - pairwise_permutation_test - GeoJSON lacks source_tile — will assign via spatial join
2026-04-26 00:42:49,313 - INFO - pairwise_permutation_test - GeoJSON: 471 detections from consensus_t3.geojson
2026-04-26 00:42:49,319 - WARNING - pairwise_permutation_test - GeoJSON lacks source_tile — will assign via spatial join
2026-04-26 00:42:49,319 - INFO - pairwise_permutation_test - GeoJSON: 433 detections from consensus_t6.geojson
2026-04-26 00:42:49,328 - WARNING - pairwise_permutation_test - GeoJSON lacks source_tile — will assign via spatial join
2026-04-26 00:42:49,328 - INFO - pairwise_permutation_test - GeoJSON: 494 detections from consensus_t8.geojson
2026-04-26 00:42:49,576 - WARNING - pairwise_permutation_test - GeoJSON lacks source_tile — will assign via spatial join
2026-04-26 00:42:49,576 - INFO - pairwise_permutation_test - GeoJSON: 433 detections from consensus_t6.geojson
2026-04-26 00:42:49,585 - WARNING - pairwise_permutation_test - GeoJSON lacks source_tile — will assign via spatial join
2026-04-26 00:42:49,585 - INFO - pairwise_permutation_test - GeoJSON: 567 detections from consensus_t3.geojson
2026-04-26 00:42:49,586 - WARNING - pairwise_permutation_test - GeoJSON lacks source_tile — will assign via spatial join
2026-04-26 00:42:49,586 - INFO - pairwise_permutation_test - GeoJSON: 433 detections from consensus_t6.geojson
2026-04-26 00:42:49,596 - WARNING - pairwise_permutation_test - GeoJSON lacks source_tile — will assign via spatial join
2026-04-26 00:42:49,596 - INFO - pairwise_permutation_test - GeoJSON: 549 detections from consensus_t9.geojson
2026-04-26 00:42:49,698 - WARNING - pairwise_permutation_test - GeoJSON lacks source_tile — will assign via spatial join
2026-04-26 00:42:49,698 - INFO - pairwise_permutation_test - GeoJSON: 433 detections from consensus_t6.geojson
2026-04-26 00:42:49,709 - WARNING - pairwise_permutation_test - GeoJSON lacks source_tile — will assign via spatial join
2026-04-26 00:42:49,709 - INFO - pairwise_permutation_test - GeoJSON: 549 detections from consensus_t9.geojson
2026-04-26 00:42:49,795 - WARNING - pairwise_permutation_test - GeoJSON lacks source_tile — will assign via spatial join
2026-04-26 00:42:49,795 - INFO - pairwise_permutation_test - GeoJSON: 433 detections from consensus_t6.geojson
2026-04-26 00:42:49,809 - WARNING - pairwise_permutation_test - GeoJSON lacks source_tile — will assign via spatial join
2026-04-26 00:42:49,809 - INFO - pairwise_permutation_test - GeoJSON: 530 detections from consensus_t29.geojson
2026-04-26 00:42:49,850 - WARNING - pairwise_permutation_test - GeoJSON lacks source_tile — will assign via spatial join
2026-04-26 00:42:49,850 - INFO - pairwise_permutation_test - GeoJSON: 433 detections from consensus_t6.geojson
2026-04-26 00:42:49,852 - WARNING - pairwise_permutation_test - GeoJSON lacks source_tile — will assign via spatial join
2026-04-26 00:42:49,852 - INFO - pairwise_permutation_test - GeoJSON: 433 detections from consensus_t6.geojson
2026-04-26 00:42:49,860 - WARNING - pairwise_permutation_test - GeoJSON lacks source_tile — will assign via spatial join
2026-04-26 00:42:49,860 - INFO - pairwise_permutation_test - GeoJSON: 517 detections from consensus_t10.geojson
2026-04-26 00:42:49,861 - WARNING - pairwise_permutation_test - GeoJSON lacks source_tile — will assign via spatial join
2026-04-26 00:42:49,861 - INFO - pairwise_permutation_test - GeoJSON: 466 detections from consensus_t8.geojson
2026-04-26 00:42:50,312 - INFO - __main__ - [200/406] pairwise done
2026-04-26 00:42:50,319 - WARNING - pairwise_permutation_test - GeoJSON lacks source_tile — will assign via spatial join
2026-04-26 00:42:50,319 - INFO - pairwise_permutation_test - GeoJSON: 433 detections from consensus_t6.geojson
2026-04-26 00:42:50,329 - WARNING - pairwise_permutation_test - GeoJSON lacks source_tile — will assign via spatial join
2026-04-26 00:42:50,329 - INFO - pairwise_permutation_test - GeoJSON: 433 detections from consensus_t6.geojson
2026-04-26 00:42:50,330 - WARNING - pairwise_permutation_test - GeoJSON lacks source_tile — will assign via spatial join
2026-04-26 00:42:50,330 - INFO - pairwise_permutation_test - GeoJSON: 608 detections from consensus_t10.geojson
2026-04-26 00:42:50,340 - WARNING - pairwise_permutation_test - GeoJSON lacks source_tile — will assign via spatial join
2026-04-26 00:42:50,340 - INFO - pairwise_permutation_test - GeoJSON: 608 detections from consensus_t10.geojson
2026-04-26 00:42:50,572 - WARNING - pairwise_permutation_test - GeoJSON lacks source_tile — will assign via spatial join
2026-04-26 00:42:50,572 - INFO - pairwise_permutation_test - GeoJSON: 433 detections from consensus_t6.geojson
2026-04-26 00:42:50,582 - WARNING - pairwise_permutation_test - GeoJSON lacks source_tile — will assign via spatial join
2026-04-26 00:42:50,582 - INFO - pairwise_permutation_test - GeoJSON: 681 detections from consensus_t2.geojson
2026-04-26 00:42:50,640 - WARNING - pairwise_permutation_test - GeoJSON lacks source_tile — will assign via spatial join
2026-04-26 00:42:50,640 - INFO - pairwise_permutation_test - GeoJSON: 433 detections from consensus_t6.geojson
2026-04-26 00:42:50,652 - WARNING - pairwise_permutation_test - GeoJSON lacks source_tile — will assign via spatial join
2026-04-26 00:42:50,652 - INFO - pairwise_permutation_test - GeoJSON: 616 detections from consensus_t10.geojson
2026-04-26 00:42:50,686 - WARNING - pairwise_permutation_test - GeoJSON lacks source_tile — will assign via spatial join
2026-04-26 00:42:50,686 - INFO - pairwise_permutation_test - GeoJSON: 433 detections from consensus_t6.geojson
2026-04-26 00:42:50,697 - WARNING - pairwise_permutation_test - GeoJSON lacks source_tile — will assign via spatial join
2026-04-26 00:42:50,697 - INFO - pairwise_permutation_test - GeoJSON: 745 detections from consensus_t3.geojson
2026-04-26 00:42:50,788 - WARNING - pairwise_permutation_test - GeoJSON lacks source_tile — will assign via spatial join
2026-04-26 00:42:50,789 - INFO - pairwise_permutation_test - GeoJSON: 433 detections from consensus_t6.geojson
2026-04-26 00:42:50,800 - WARNING - pairwise_permutation_test - GeoJSON lacks source_tile — will assign via spatial join
2026-04-26 00:42:50,800 - INFO - pairwise_permutation_test - GeoJSON: 799 detections from consensus_t3.geojson
2026-04-26 00:42:50,824 - WARNING - pairwise_permutation_test - GeoJSON lacks source_tile — will assign via spatial join
2026-04-26 00:42:50,824 - INFO - pairwise_permutation_test - GeoJSON: 433 detections from consensus_t6.geojson
2026-04-26 00:42:50,836 - WARNING - pairwise_permutation_test - GeoJSON lacks source_tile — will assign via spatial join
2026-04-26 00:42:50,836 - INFO - pairwise_permutation_test - GeoJSON: 794 detections from consensus_t3.geojson
2026-04-26 00:42:50,850 - WARNING - pairwise_permutation_test - GeoJSON lacks source_tile — will assign via spatial join
2026-04-26 00:42:50,850 - INFO - pairwise_permutation_test - GeoJSON: 433 detections from consensus_t6.geojson
2026-04-26 00:42:50,861 - WARNING - pairwise_permutation_test - GeoJSON lacks source_tile — will assign via spatial join
2026-04-26 00:42:50,862 - INFO - pairwise_permutation_test - GeoJSON: 783 detections from consensus_t3.geojson
2026-04-26 00:42:51,345 - WARNING - pairwise_permutation_test - GeoJSON lacks source_tile — will assign via spatial join
2026-04-26 00:42:51,345 - INFO - pairwise_permutation_test - GeoJSON: 433 detections from consensus_t6.geojson
2026-04-26 00:42:51,355 - WARNING - pairwise_permutation_test - GeoJSON lacks source_tile — will assign via spatial join
2026-04-26 00:42:51,355 - INFO - pairwise_permutation_test - GeoJSON: 604 detections from consensus_t3.geojson
2026-04-26 00:42:51,377 - WARNING - pairwise_permutation_test - GeoJSON lacks source_tile — will assign via spatial join
2026-04-26 00:42:51,377 - INFO - pairwise_permutation_test - GeoJSON: 433 detections from consensus_t6.geojson
2026-04-26 00:42:51,389 - WARNING - pairwise_permutation_test - GeoJSON lacks source_tile — will assign via spatial join
2026-04-26 00:42:51,389 - INFO - pairwise_permutation_test - GeoJSON: 802 detections from consensus_t1.geojson
2026-04-26 00:42:51,664 - WARNING - pairwise_permutation_test - GeoJSON lacks source_tile — will assign via spatial join
2026-04-26 00:42:51,667 - INFO - pairwise_permutation_test - GeoJSON: 361 detections from consensus_t9.geojson
2026-04-26 00:42:51,676 - WARNING - pairwise_permutation_test - GeoJSON lacks source_tile — will assign via spatial join
2026-04-26 00:42:51,676 - INFO - pairwise_permutation_test - GeoJSON: 461 detections from consensus_t5.geojson
2026-04-26 00:42:51,684 - WARNING - pairwise_permutation_test - GeoJSON lacks source_tile — will assign via spatial join
2026-04-26 00:42:51,684 - INFO - pairwise_permutation_test - GeoJSON: 361 detections from consensus_t9.geojson
2026-04-26 00:42:51,693 - WARNING - pairwise_permutation_test - GeoJSON lacks source_tile — will assign via spatial join
2026-04-26 00:42:51,693 - INFO - pairwise_permutation_test - GeoJSON: 471 detections from consensus_t3.geojson
2026-04-26 00:42:51,772 - WARNING - pairwise_permutation_test - GeoJSON lacks source_tile — will assign via spatial join
2026-04-26 00:42:51,772 - INFO - pairwise_permutation_test - GeoJSON: 361 detections from consensus_t9.geojson
2026-04-26 00:42:51,782 - WARNING - pairwise_permutation_test - GeoJSON lacks source_tile — will assign via spatial join
2026-04-26 00:42:51,782 - INFO - pairwise_permutation_test - GeoJSON: 494 detections from consensus_t8.geojson
2026-04-26 00:42:51,891 - WARNING - pairwise_permutation_test - GeoJSON lacks source_tile — will assign via spatial join
2026-04-26 00:42:51,891 - INFO - pairwise_permutation_test - GeoJSON: 361 detections from consensus_t9.geojson
2026-04-26 00:42:51,901 - WARNING - pairwise_permutation_test - GeoJSON lacks source_tile — will assign via spatial join
2026-04-26 00:42:51,901 - INFO - pairwise_permutation_test - GeoJSON: 567 detections from consensus_t3.geojson
2026-04-26 00:42:51,904 - WARNING - pairwise_permutation_test - GeoJSON lacks source_tile — will assign via spatial join
2026-04-26 00:42:51,904 - INFO - pairwise_permutation_test - GeoJSON: 361 detections from consensus_t9.geojson
2026-04-26 00:42:51,915 - WARNING - pairwise_permutation_test - GeoJSON lacks source_tile — will assign via spatial join
2026-04-26 00:42:51,915 - INFO - pairwise_permutation_test - GeoJSON: 549 detections from consensus_t9.geojson
2026-04-26 00:42:51,971 - WARNING - pairwise_permutation_test - GeoJSON lacks source_tile — will assign via spatial join
2026-04-26 00:42:51,971 - INFO - pairwise_permutation_test - GeoJSON: 361 detections from consensus_t9.geojson
2026-04-26 00:42:51,982 - WARNING - pairwise_permutation_test - GeoJSON lacks source_tile — will assign via spatial join
2026-04-26 00:42:51,982 - INFO - pairwise_permutation_test - GeoJSON: 549 detections from consensus_t9.geojson
2026-04-26 00:42:52,418 - WARNING - pairwise_permutation_test - GeoJSON lacks source_tile — will assign via spatial join
2026-04-26 00:42:52,418 - INFO - pairwise_permutation_test - GeoJSON: 361 detections from consensus_t9.geojson
2026-04-26 00:42:52,432 - WARNING - pairwise_permutation_test - GeoJSON lacks source_tile — will assign via spatial join
2026-04-26 00:42:52,432 - INFO - pairwise_permutation_test - GeoJSON: 530 detections from consensus_t29.geojson
2026-04-26 00:42:52,565 - WARNING - pairwise_permutation_test - GeoJSON lacks source_tile — will assign via spatial join
2026-04-26 00:42:52,565 - INFO - pairwise_permutation_test - GeoJSON: 361 detections from consensus_t9.geojson
2026-04-26 00:42:52,575 - WARNING - pairwise_permutation_test - GeoJSON lacks source_tile — will assign via spatial join
2026-04-26 00:42:52,575 - INFO - pairwise_permutation_test - GeoJSON: 517 detections from consensus_t10.geojson
2026-04-26 00:42:52,577 - WARNING - pairwise_permutation_test - GeoJSON lacks source_tile — will assign via spatial join
2026-04-26 00:42:52,577 - INFO - pairwise_permutation_test - GeoJSON: 361 detections from consensus_t9.geojson
2026-04-26 00:42:52,587 - WARNING - pairwise_permutation_test - GeoJSON lacks source_tile — will assign via spatial join
2026-04-26 00:42:52,587 - INFO - pairwise_permutation_test - GeoJSON: 466 detections from consensus_t8.geojson
2026-04-26 00:42:52,663 - WARNING - pairwise_permutation_test - GeoJSON lacks source_tile — will assign via spatial join
2026-04-26 00:42:52,663 - INFO - pairwise_permutation_test - GeoJSON: 361 detections from consensus_t9.geojson
2026-04-26 00:42:52,674 - WARNING - pairwise_permutation_test - GeoJSON lacks source_tile — will assign via spatial join
2026-04-26 00:42:52,674 - INFO - pairwise_permutation_test - GeoJSON: 608 detections from consensus_t10.geojson
2026-04-26 00:42:52,730 - WARNING - pairwise_permutation_test - GeoJSON lacks source_tile — will assign via spatial join
2026-04-26 00:42:52,730 - INFO - pairwise_permutation_test - GeoJSON: 361 detections from consensus_t9.geojson
2026-04-26 00:42:52,741 - WARNING - pairwise_permutation_test - GeoJSON lacks source_tile — will assign via spatial join
2026-04-26 00:42:52,741 - INFO - pairwise_permutation_test - GeoJSON: 608 detections from consensus_t10.geojson
2026-04-26 00:42:52,852 - WARNING - pairwise_permutation_test - GeoJSON lacks source_tile — will assign via spatial join
2026-04-26 00:42:52,852 - INFO - pairwise_permutation_test - GeoJSON: 361 detections from consensus_t9.geojson
2026-04-26 00:42:52,862 - WARNING - pairwise_permutation_test - GeoJSON lacks source_tile — will assign via spatial join
2026-04-26 00:42:52,862 - INFO - pairwise_permutation_test - GeoJSON: 681 detections from consensus_t2.geojson
2026-04-26 00:42:52,891 - WARNING - pairwise_permutation_test - GeoJSON lacks source_tile — will assign via spatial join
2026-04-26 00:42:52,891 - INFO - pairwise_permutation_test - GeoJSON: 361 detections from consensus_t9.geojson
2026-04-26 00:42:52,903 - WARNING - pairwise_permutation_test - GeoJSON lacks source_tile — will assign via spatial join
2026-04-26 00:42:52,903 - INFO - pairwise_permutation_test - GeoJSON: 616 detections from consensus_t10.geojson
2026-04-26 00:42:52,909 - WARNING - pairwise_permutation_test - GeoJSON lacks source_tile — will assign via spatial join
2026-04-26 00:42:52,909 - INFO - pairwise_permutation_test - GeoJSON: 361 detections from consensus_t9.geojson
2026-04-26 00:42:52,920 - WARNING - pairwise_permutation_test - GeoJSON lacks source_tile — will assign via spatial join
2026-04-26 00:42:52,920 - INFO - pairwise_permutation_test - GeoJSON: 745 detections from consensus_t3.geojson
2026-04-26 00:42:53,363 - WARNING - pairwise_permutation_test - GeoJSON lacks source_tile — will assign via spatial join
2026-04-26 00:42:53,363 - INFO - pairwise_permutation_test - GeoJSON: 361 detections from consensus_t9.geojson
2026-04-26 00:42:53,374 - WARNING - pairwise_permutation_test - GeoJSON lacks source_tile — will assign via spatial join
2026-04-26 00:42:53,374 - INFO - pairwise_permutation_test - GeoJSON: 799 detections from consensus_t3.geojson
2026-04-26 00:42:53,509 - WARNING - pairwise_permutation_test - GeoJSON lacks source_tile — will assign via spatial join
2026-04-26 00:42:53,509 - INFO - pairwise_permutation_test - GeoJSON: 361 detections from consensus_t9.geojson
2026-04-26 00:42:53,521 - WARNING - pairwise_permutation_test - GeoJSON lacks source_tile — will assign via spatial join
2026-04-26 00:42:53,521 - INFO - pairwise_permutation_test - GeoJSON: 794 detections from consensus_t3.geojson
2026-04-26 00:42:53,560 - WARNING - pairwise_permutation_test - GeoJSON lacks source_tile — will assign via spatial join
2026-04-26 00:42:53,560 - INFO - pairwise_permutation_test - GeoJSON: 361 detections from consensus_t9.geojson
2026-04-26 00:42:53,571 - WARNING - pairwise_permutation_test - GeoJSON lacks source_tile — will assign via spatial join
2026-04-26 00:42:53,571 - INFO - pairwise_permutation_test - GeoJSON: 783 detections from consensus_t3.geojson
2026-04-26 00:42:53,674 - WARNING - pairwise_permutation_test - GeoJSON lacks source_tile — will assign via spatial join
2026-04-26 00:42:53,674 - INFO - pairwise_permutation_test - GeoJSON: 361 detections from consensus_t9.geojson
2026-04-26 00:42:53,684 - WARNING - pairwise_permutation_test - GeoJSON lacks source_tile — will assign via spatial join
2026-04-26 00:42:53,684 - INFO - pairwise_permutation_test - GeoJSON: 604 detections from consensus_t3.geojson
2026-04-26 00:42:53,715 - WARNING - pairwise_permutation_test - GeoJSON lacks source_tile — will assign via spatial join
2026-04-26 00:42:53,715 - INFO - pairwise_permutation_test - GeoJSON: 361 detections from consensus_t9.geojson
2026-04-26 00:42:53,726 - WARNING - pairwise_permutation_test - GeoJSON lacks source_tile — will assign via spatial join
2026-04-26 00:42:53,726 - INFO - pairwise_permutation_test - GeoJSON: 802 detections from consensus_t1.geojson
2026-04-26 00:42:53,856 - WARNING - pairwise_permutation_test - GeoJSON lacks source_tile — will assign via spatial join
2026-04-26 00:42:53,856 - INFO - pairwise_permutation_test - GeoJSON: 461 detections from consensus_t5.geojson
2026-04-26 00:42:53,864 - WARNING - pairwise_permutation_test - GeoJSON lacks source_tile — will assign via spatial join
2026-04-26 00:42:53,864 - INFO - pairwise_permutation_test - GeoJSON: 471 detections from consensus_t3.geojson
2026-04-26 00:42:53,913 - WARNING - pairwise_permutation_test - GeoJSON lacks source_tile — will assign via spatial join
2026-04-26 00:42:53,913 - INFO - pairwise_permutation_test - GeoJSON: 461 detections from consensus_t5.geojson
2026-04-26 00:42:53,922 - WARNING - pairwise_permutation_test - GeoJSON lacks source_tile — will assign via spatial join
2026-04-26 00:42:53,922 - INFO - pairwise_permutation_test - GeoJSON: 494 detections from consensus_t8.geojson
2026-04-26 00:42:53,954 - WARNING - pairwise_permutation_test - GeoJSON lacks source_tile — will assign via spatial join
2026-04-26 00:42:53,954 - INFO - pairwise_permutation_test - GeoJSON: 461 detections from consensus_t5.geojson
2026-04-26 00:42:53,963 - WARNING - pairwise_permutation_test - GeoJSON lacks source_tile — will assign via spatial join
2026-04-26 00:42:53,964 - INFO - pairwise_permutation_test - GeoJSON: 567 detections from consensus_t3.geojson
2026-04-26 00:42:54,418 - WARNING - pairwise_permutation_test - GeoJSON lacks source_tile — will assign via spatial join
2026-04-26 00:42:54,418 - INFO - pairwise_permutation_test - GeoJSON: 461 detections from consensus_t5.geojson
2026-04-26 00:42:54,429 - WARNING - pairwise_permutation_test - GeoJSON lacks source_tile — will assign via spatial join
2026-04-26 00:42:54,429 - INFO - pairwise_permutation_test - GeoJSON: 549 detections from consensus_t9.geojson
2026-04-26 00:42:54,551 - WARNING - pairwise_permutation_test - GeoJSON lacks source_tile — will assign via spatial join
2026-04-26 00:42:54,551 - INFO - pairwise_permutation_test - GeoJSON: 461 detections from consensus_t5.geojson
2026-04-26 00:42:54,561 - WARNING - pairwise_permutation_test - GeoJSON lacks source_tile — will assign via spatial join
2026-04-26 00:42:54,561 - INFO - pairwise_permutation_test - GeoJSON: 549 detections from consensus_t9.geojson
2026-04-26 00:42:54,666 - WARNING - pairwise_permutation_test - GeoJSON lacks source_tile — will assign via spatial join
2026-04-26 00:42:54,666 - INFO - pairwise_permutation_test - GeoJSON: 461 detections from consensus_t5.geojson
2026-04-26 00:42:54,680 - WARNING - pairwise_permutation_test - GeoJSON lacks source_tile — will assign via spatial join
2026-04-26 00:42:54,680 - INFO - pairwise_permutation_test - GeoJSON: 530 detections from consensus_t29.geojson
2026-04-26 00:42:54,740 - WARNING - pairwise_permutation_test - GeoJSON lacks source_tile — will assign via spatial join
2026-04-26 00:42:54,740 - INFO - pairwise_permutation_test - GeoJSON: 461 detections from consensus_t5.geojson
2026-04-26 00:42:54,750 - WARNING - pairwise_permutation_test - GeoJSON lacks source_tile — will assign via spatial join
2026-04-26 00:42:54,750 - INFO - pairwise_permutation_test - GeoJSON: 517 detections from consensus_t10.geojson
2026-04-26 00:42:54,826 - WARNING - pairwise_permutation_test - GeoJSON lacks source_tile — will assign via spatial join
2026-04-26 00:42:54,826 - INFO - pairwise_permutation_test - GeoJSON: 461 detections from consensus_t5.geojson
2026-04-26 00:42:54,835 - WARNING - pairwise_permutation_test - GeoJSON lacks source_tile — will assign via spatial join
2026-04-26 00:42:54,835 - INFO - pairwise_permutation_test - GeoJSON: 466 detections from consensus_t8.geojson
2026-04-26 00:42:54,852 - WARNING - pairwise_permutation_test - GeoJSON lacks source_tile — will assign via spatial join
2026-04-26 00:42:54,852 - INFO - pairwise_permutation_test - GeoJSON: 461 detections from consensus_t5.geojson
2026-04-26 00:42:54,863 - WARNING - pairwise_permutation_test - GeoJSON lacks source_tile — will assign via spatial join
2026-04-26 00:42:54,863 - INFO - pairwise_permutation_test - GeoJSON: 608 detections from consensus_t10.geojson
2026-04-26 00:42:54,894 - WARNING - pairwise_permutation_test - GeoJSON lacks source_tile — will assign via spatial join
2026-04-26 00:42:54,894 - INFO - pairwise_permutation_test - GeoJSON: 461 detections from consensus_t5.geojson
2026-04-26 00:42:54,905 - WARNING - pairwise_permutation_test - GeoJSON lacks source_tile — will assign via spatial join
2026-04-26 00:42:54,905 - INFO - pairwise_permutation_test - GeoJSON: 608 detections from consensus_t10.geojson
2026-04-26 00:42:54,985 - WARNING - pairwise_permutation_test - GeoJSON lacks source_tile — will assign via spatial join
2026-04-26 00:42:54,985 - INFO - pairwise_permutation_test - GeoJSON: 461 detections from consensus_t5.geojson
2026-04-26 00:42:54,995 - WARNING - pairwise_permutation_test - GeoJSON lacks source_tile — will assign via spatial join
2026-04-26 00:42:54,995 - INFO - pairwise_permutation_test - GeoJSON: 681 detections from consensus_t2.geojson
2026-04-26 00:42:55,398 - WARNING - pairwise_permutation_test - GeoJSON lacks source_tile — will assign via spatial join
2026-04-26 00:42:55,398 - INFO - pairwise_permutation_test - GeoJSON: 461 detections from consensus_t5.geojson
2026-04-26 00:42:55,409 - WARNING - pairwise_permutation_test - GeoJSON lacks source_tile — will assign via spatial join
2026-04-26 00:42:55,409 - INFO - pairwise_permutation_test - GeoJSON: 616 detections from consensus_t10.geojson
2026-04-26 00:42:55,529 - WARNING - pairwise_permutation_test - GeoJSON lacks source_tile — will assign via spatial join
2026-04-26 00:42:55,529 - INFO - pairwise_permutation_test - GeoJSON: 461 detections from consensus_t5.geojson
2026-04-26 00:42:55,540 - WARNING - pairwise_permutation_test - GeoJSON lacks source_tile — will assign via spatial join
2026-04-26 00:42:55,540 - INFO - pairwise_permutation_test - GeoJSON: 745 detections from consensus_t3.geojson
2026-04-26 00:42:55,671 - WARNING - pairwise_permutation_test - GeoJSON lacks source_tile — will assign via spatial join
2026-04-26 00:42:55,671 - INFO - pairwise_permutation_test - GeoJSON: 461 detections from consensus_t5.geojson
2026-04-26 00:42:55,683 - WARNING - pairwise_permutation_test - GeoJSON lacks source_tile — will assign via spatial join
2026-04-26 00:42:55,683 - INFO - pairwise_permutation_test - GeoJSON: 799 detections from consensus_t3.geojson
2026-04-26 00:42:55,758 - WARNING - pairwise_permutation_test - GeoJSON lacks source_tile — will assign via spatial join
2026-04-26 00:42:55,758 - INFO - pairwise_permutation_test - GeoJSON: 461 detections from consensus_t5.geojson
2026-04-26 00:42:55,769 - WARNING - pairwise_permutation_test - GeoJSON lacks source_tile — will assign via spatial join
2026-04-26 00:42:55,769 - INFO - pairwise_permutation_test - GeoJSON: 794 detections from consensus_t3.geojson
2026-04-26 00:42:55,788 - WARNING - pairwise_permutation_test - GeoJSON lacks source_tile — will assign via spatial join
2026-04-26 00:42:55,788 - INFO - pairwise_permutation_test - GeoJSON: 461 detections from consensus_t5.geojson
2026-04-26 00:42:55,800 - WARNING - pairwise_permutation_test - GeoJSON lacks source_tile — will assign via spatial join
2026-04-26 00:42:55,800 - INFO - pairwise_permutation_test - GeoJSON: 783 detections from consensus_t3.geojson
2026-04-26 00:42:55,856 - WARNING - pairwise_permutation_test - GeoJSON lacks source_tile — will assign via spatial join
2026-04-26 00:42:55,856 - INFO - pairwise_permutation_test - GeoJSON: 461 detections from consensus_t5.geojson
2026-04-26 00:42:55,866 - WARNING - pairwise_permutation_test - GeoJSON lacks source_tile — will assign via spatial join
2026-04-26 00:42:55,866 - INFO - pairwise_permutation_test - GeoJSON: 604 detections from consensus_t3.geojson
2026-04-26 00:42:55,909 - WARNING - pairwise_permutation_test - GeoJSON lacks source_tile — will assign via spatial join
2026-04-26 00:42:55,909 - INFO - pairwise_permutation_test - GeoJSON: 461 detections from consensus_t5.geojson
2026-04-26 00:42:55,921 - WARNING - pairwise_permutation_test - GeoJSON lacks source_tile — will assign via spatial join
2026-04-26 00:42:55,921 - INFO - pairwise_permutation_test - GeoJSON: 802 detections from consensus_t1.geojson
2026-04-26 00:42:56,075 - WARNING - pairwise_permutation_test - GeoJSON lacks source_tile — will assign via spatial join
2026-04-26 00:42:56,075 - INFO - pairwise_permutation_test - GeoJSON: 471 detections from consensus_t3.geojson
2026-04-26 00:42:56,085 - WARNING - pairwise_permutation_test - GeoJSON lacks source_tile — will assign via spatial join
2026-04-26 00:42:56,085 - INFO - pairwise_permutation_test - GeoJSON: 494 detections from consensus_t8.geojson
2026-04-26 00:42:56,399 - WARNING - pairwise_permutation_test - GeoJSON lacks source_tile — will assign via spatial join
2026-04-26 00:42:56,399 - INFO - pairwise_permutation_test - GeoJSON: 471 detections from consensus_t3.geojson
2026-04-26 00:42:56,409 - WARNING - pairwise_permutation_test - GeoJSON lacks source_tile — will assign via spatial join
2026-04-26 00:42:56,409 - INFO - pairwise_permutation_test - GeoJSON: 567 detections from consensus_t3.geojson
2026-04-26 00:42:56,608 - WARNING - pairwise_permutation_test - GeoJSON lacks source_tile — will assign via spatial join
2026-04-26 00:42:56,608 - INFO - pairwise_permutation_test - GeoJSON: 471 detections from consensus_t3.geojson
2026-04-26 00:42:56,618 - WARNING - pairwise_permutation_test - GeoJSON lacks source_tile — will assign via spatial join
2026-04-26 00:42:56,618 - INFO - pairwise_permutation_test - GeoJSON: 549 detections from consensus_t9.geojson
2026-04-26 00:42:56,777 - WARNING - pairwise_permutation_test - GeoJSON lacks source_tile — will assign via spatial join
2026-04-26 00:42:56,779 - INFO - pairwise_permutation_test - GeoJSON: 471 detections from consensus_t3.geojson
2026-04-26 00:42:56,792 - WARNING - pairwise_permutation_test - GeoJSON lacks source_tile — will assign via spatial join
2026-04-26 00:42:56,792 - INFO - pairwise_permutation_test - GeoJSON: 549 detections from consensus_t9.geojson
2026-04-26 00:42:56,844 - INFO - __main__ - [250/406] pairwise done
2026-04-26 00:42:56,861 - WARNING - pairwise_permutation_test - GeoJSON lacks source_tile — will assign via spatial join
2026-04-26 00:42:56,861 - INFO - pairwise_permutation_test - GeoJSON: 471 detections from consensus_t3.geojson
2026-04-26 00:42:56,875 - WARNING - pairwise_permutation_test - GeoJSON lacks source_tile — will assign via spatial join
2026-04-26 00:42:56,876 - INFO - pairwise_permutation_test - GeoJSON: 530 detections from consensus_t29.geojson
2026-04-26 00:42:56,888 - WARNING - pairwise_permutation_test - GeoJSON lacks source_tile — will assign via spatial join
2026-04-26 00:42:56,888 - INFO - pairwise_permutation_test - GeoJSON: 471 detections from consensus_t3.geojson
2026-04-26 00:42:56,899 - WARNING - pairwise_permutation_test - GeoJSON lacks source_tile — will assign via spatial join
2026-04-26 00:42:56,899 - INFO - pairwise_permutation_test - GeoJSON: 517 detections from consensus_t10.geojson
2026-04-26 00:42:56,927 - WARNING - pairwise_permutation_test - GeoJSON lacks source_tile — will assign via spatial join
2026-04-26 00:42:56,927 - INFO - pairwise_permutation_test - GeoJSON: 471 detections from consensus_t3.geojson
2026-04-26 00:42:56,936 - WARNING - pairwise_permutation_test - GeoJSON lacks source_tile — will assign via spatial join
2026-04-26 00:42:56,937 - INFO - pairwise_permutation_test - GeoJSON: 466 detections from consensus_t8.geojson
2026-04-26 00:42:57,052 - WARNING - pairwise_permutation_test - GeoJSON lacks source_tile — will assign via spatial join
2026-04-26 00:42:57,052 - INFO - pairwise_permutation_test - GeoJSON: 471 detections from consensus_t3.geojson
2026-04-26 00:42:57,063 - WARNING - pairwise_permutation_test - GeoJSON lacks source_tile — will assign via spatial join
2026-04-26 00:42:57,064 - INFO - pairwise_permutation_test - GeoJSON: 608 detections from consensus_t10.geojson
2026-04-26 00:42:57,094 - WARNING - pairwise_permutation_test - GeoJSON lacks source_tile — will assign via spatial join
2026-04-26 00:42:57,094 - INFO - pairwise_permutation_test - GeoJSON: 471 detections from consensus_t3.geojson
2026-04-26 00:42:57,106 - WARNING - pairwise_permutation_test - GeoJSON lacks source_tile — will assign via spatial join
2026-04-26 00:42:57,106 - INFO - pairwise_permutation_test - GeoJSON: 608 detections from consensus_t10.geojson
2026-04-26 00:42:57,477 - WARNING - pairwise_permutation_test - GeoJSON lacks source_tile — will assign via spatial join
2026-04-26 00:42:57,477 - INFO - pairwise_permutation_test - GeoJSON: 471 detections from consensus_t3.geojson
2026-04-26 00:42:57,488 - WARNING - pairwise_permutation_test - GeoJSON lacks source_tile — will assign via spatial join
2026-04-26 00:42:57,488 - INFO - pairwise_permutation_test - GeoJSON: 681 detections from consensus_t2.geojson
2026-04-26 00:42:57,631 - WARNING - pairwise_permutation_test - GeoJSON lacks source_tile — will assign via spatial join
2026-04-26 00:42:57,631 - INFO - pairwise_permutation_test - GeoJSON: 471 detections from consensus_t3.geojson
2026-04-26 00:42:57,642 - WARNING - pairwise_permutation_test - GeoJSON lacks source_tile — will assign via spatial join
2026-04-26 00:42:57,642 - INFO - pairwise_permutation_test - GeoJSON: 616 detections from consensus_t10.geojson
2026-04-26 00:42:57,834 - WARNING - pairwise_permutation_test - GeoJSON lacks source_tile — will assign via spatial join
2026-04-26 00:42:57,834 - INFO - pairwise_permutation_test - GeoJSON: 471 detections from consensus_t3.geojson
2026-04-26 00:42:57,846 - WARNING - pairwise_permutation_test - GeoJSON lacks source_tile — will assign via spatial join
2026-04-26 00:42:57,846 - INFO - pairwise_permutation_test - GeoJSON: 745 detections from consensus_t3.geojson
2026-04-26 00:42:57,910 - WARNING - pairwise_permutation_test - GeoJSON lacks source_tile — will assign via spatial join
2026-04-26 00:42:57,910 - INFO - pairwise_permutation_test - GeoJSON: 471 detections from consensus_t3.geojson
2026-04-26 00:42:57,914 - WARNING - pairwise_permutation_test - GeoJSON lacks source_tile — will assign via spatial join
2026-04-26 00:42:57,914 - INFO - pairwise_permutation_test - GeoJSON: 471 detections from consensus_t3.geojson
2026-04-26 00:42:57,922 - WARNING - pairwise_permutation_test - GeoJSON lacks source_tile — will assign via spatial join
2026-04-26 00:42:57,922 - INFO - pairwise_permutation_test - GeoJSON: 799 detections from consensus_t3.geojson
2026-04-26 00:42:57,926 - WARNING - pairwise_permutation_test - GeoJSON lacks source_tile — will assign via spatial join
2026-04-26 00:42:57,926 - INFO - pairwise_permutation_test - GeoJSON: 794 detections from consensus_t3.geojson
2026-04-26 00:42:57,947 - WARNING - pairwise_permutation_test - GeoJSON lacks source_tile — will assign via spatial join
2026-04-26 00:42:57,947 - INFO - pairwise_permutation_test - GeoJSON: 471 detections from consensus_t3.geojson
2026-04-26 00:42:57,959 - WARNING - pairwise_permutation_test - GeoJSON lacks source_tile — will assign via spatial join
2026-04-26 00:42:57,959 - INFO - pairwise_permutation_test - GeoJSON: 783 detections from consensus_t3.geojson
2026-04-26 00:42:58,100 - WARNING - pairwise_permutation_test - GeoJSON lacks source_tile — will assign via spatial join
2026-04-26 00:42:58,100 - INFO - pairwise_permutation_test - GeoJSON: 471 detections from consensus_t3.geojson
2026-04-26 00:42:58,110 - WARNING - pairwise_permutation_test - GeoJSON lacks source_tile — will assign via spatial join
2026-04-26 00:42:58,110 - INFO - pairwise_permutation_test - GeoJSON: 604 detections from consensus_t3.geojson
2026-04-26 00:42:58,145 - WARNING - pairwise_permutation_test - GeoJSON lacks source_tile — will assign via spatial join
2026-04-26 00:42:58,145 - INFO - pairwise_permutation_test - GeoJSON: 471 detections from consensus_t3.geojson
2026-04-26 00:42:58,157 - WARNING - pairwise_permutation_test - GeoJSON lacks source_tile — will assign via spatial join
2026-04-26 00:42:58,157 - INFO - pairwise_permutation_test - GeoJSON: 802 detections from consensus_t1.geojson
2026-04-26 00:42:58,631 - WARNING - pairwise_permutation_test - GeoJSON lacks source_tile — will assign via spatial join
2026-04-26 00:42:58,631 - INFO - pairwise_permutation_test - GeoJSON: 494 detections from consensus_t8.geojson
2026-04-26 00:42:58,641 - WARNING - pairwise_permutation_test - GeoJSON lacks source_tile — will assign via spatial join
2026-04-26 00:42:58,641 - INFO - pairwise_permutation_test - GeoJSON: 567 detections from consensus_t3.geojson
2026-04-26 00:42:58,668 - WARNING - pairwise_permutation_test - GeoJSON lacks source_tile — will assign via spatial join
2026-04-26 00:42:58,668 - INFO - pairwise_permutation_test - GeoJSON: 494 detections from consensus_t8.geojson
2026-04-26 00:42:58,679 - WARNING - pairwise_permutation_test - GeoJSON lacks source_tile — will assign via spatial join
2026-04-26 00:42:58,679 - INFO - pairwise_permutation_test - GeoJSON: 549 detections from consensus_t9.geojson
2026-04-26 00:42:58,988 - WARNING - pairwise_permutation_test - GeoJSON lacks source_tile — will assign via spatial join
2026-04-26 00:42:58,988 - INFO - pairwise_permutation_test - GeoJSON: 494 detections from consensus_t8.geojson
2026-04-26 00:42:58,998 - WARNING - pairwise_permutation_test - GeoJSON lacks source_tile — will assign via spatial join
2026-04-26 00:42:58,998 - INFO - pairwise_permutation_test - GeoJSON: 549 detections from consensus_t9.geojson
2026-04-26 00:42:59,028 - WARNING - pairwise_permutation_test - GeoJSON lacks source_tile — will assign via spatial join
2026-04-26 00:42:59,028 - INFO - pairwise_permutation_test - GeoJSON: 494 detections from consensus_t8.geojson
2026-04-26 00:42:59,042 - WARNING - pairwise_permutation_test - GeoJSON lacks source_tile — will assign via spatial join
2026-04-26 00:42:59,042 - INFO - pairwise_permutation_test - GeoJSON: 530 detections from consensus_t29.geojson
2026-04-26 00:42:59,064 - WARNING - pairwise_permutation_test - GeoJSON lacks source_tile — will assign via spatial join
2026-04-26 00:42:59,064 - INFO - pairwise_permutation_test - GeoJSON: 494 detections from consensus_t8.geojson
2026-04-26 00:42:59,074 - WARNING - pairwise_permutation_test - GeoJSON lacks source_tile — will assign via spatial join
2026-04-26 00:42:59,074 - INFO - pairwise_permutation_test - GeoJSON: 517 detections from consensus_t10.geojson
2026-04-26 00:42:59,095 - WARNING - pairwise_permutation_test - GeoJSON lacks source_tile — will assign via spatial join
2026-04-26 00:42:59,095 - INFO - pairwise_permutation_test - GeoJSON: 494 detections from consensus_t8.geojson
2026-04-26 00:42:59,105 - WARNING - pairwise_permutation_test - GeoJSON lacks source_tile — will assign via spatial join
2026-04-26 00:42:59,105 - INFO - pairwise_permutation_test - GeoJSON: 466 detections from consensus_t8.geojson
2026-04-26 00:42:59,191 - WARNING - pairwise_permutation_test - GeoJSON lacks source_tile — will assign via spatial join
2026-04-26 00:42:59,191 - INFO - pairwise_permutation_test - GeoJSON: 494 detections from consensus_t8.geojson
2026-04-26 00:42:59,202 - WARNING - pairwise_permutation_test - GeoJSON lacks source_tile — will assign via spatial join
2026-04-26 00:42:59,202 - INFO - pairwise_permutation_test - GeoJSON: 608 detections from consensus_t10.geojson
2026-04-26 00:42:59,330 - WARNING - pairwise_permutation_test - GeoJSON lacks source_tile — will assign via spatial join
2026-04-26 00:42:59,330 - INFO - pairwise_permutation_test - GeoJSON: 494 detections from consensus_t8.geojson
2026-04-26 00:42:59,341 - WARNING - pairwise_permutation_test - GeoJSON lacks source_tile — will assign via spatial join
2026-04-26 00:42:59,341 - INFO - pairwise_permutation_test - GeoJSON: 608 detections from consensus_t10.geojson
2026-04-26 00:42:59,688 - WARNING - pairwise_permutation_test - GeoJSON lacks source_tile — will assign via spatial join
2026-04-26 00:42:59,688 - INFO - pairwise_permutation_test - GeoJSON: 494 detections from consensus_t8.geojson
2026-04-26 00:42:59,699 - WARNING - pairwise_permutation_test - GeoJSON lacks source_tile — will assign via spatial join
2026-04-26 00:42:59,699 - INFO - pairwise_permutation_test - GeoJSON: 681 detections from consensus_t2.geojson
2026-04-26 00:42:59,713 - WARNING - pairwise_permutation_test - GeoJSON lacks source_tile — will assign via spatial join
2026-04-26 00:42:59,713 - INFO - pairwise_permutation_test - GeoJSON: 494 detections from consensus_t8.geojson
2026-04-26 00:42:59,724 - WARNING - pairwise_permutation_test - GeoJSON lacks source_tile — will assign via spatial join
2026-04-26 00:42:59,724 - INFO - pairwise_permutation_test - GeoJSON: 616 detections from consensus_t10.geojson
2026-04-26 00:43:00,033 - WARNING - pairwise_permutation_test - GeoJSON lacks source_tile — will assign via spatial join
2026-04-26 00:43:00,033 - INFO - pairwise_permutation_test - GeoJSON: 494 detections from consensus_t8.geojson
2026-04-26 00:43:00,044 - WARNING - pairwise_permutation_test - GeoJSON lacks source_tile — will assign via spatial join
2026-04-26 00:43:00,044 - INFO - pairwise_permutation_test - GeoJSON: 745 detections from consensus_t3.geojson
2026-04-26 00:43:00,054 - WARNING - pairwise_permutation_test - GeoJSON lacks source_tile — will assign via spatial join
2026-04-26 00:43:00,054 - INFO - pairwise_permutation_test - GeoJSON: 494 detections from consensus_t8.geojson
2026-04-26 00:43:00,065 - WARNING - pairwise_permutation_test - GeoJSON lacks source_tile — will assign via spatial join
2026-04-26 00:43:00,065 - INFO - pairwise_permutation_test - GeoJSON: 799 detections from consensus_t3.geojson
2026-04-26 00:43:00,102 - WARNING - pairwise_permutation_test - GeoJSON lacks source_tile — will assign via spatial join
2026-04-26 00:43:00,103 - INFO - pairwise_permutation_test - GeoJSON: 494 detections from consensus_t8.geojson
2026-04-26 00:43:00,114 - WARNING - pairwise_permutation_test - GeoJSON lacks source_tile — will assign via spatial join
2026-04-26 00:43:00,114 - INFO - pairwise_permutation_test - GeoJSON: 794 detections from consensus_t3.geojson
2026-04-26 00:43:00,131 - WARNING - pairwise_permutation_test - GeoJSON lacks source_tile — will assign via spatial join
2026-04-26 00:43:00,131 - INFO - pairwise_permutation_test - GeoJSON: 494 detections from consensus_t8.geojson
2026-04-26 00:43:00,142 - WARNING - pairwise_permutation_test - GeoJSON lacks source_tile — will assign via spatial join
2026-04-26 00:43:00,143 - INFO - pairwise_permutation_test - GeoJSON: 783 detections from consensus_t3.geojson
2026-04-26 00:43:00,251 - WARNING - pairwise_permutation_test - GeoJSON lacks source_tile — will assign via spatial join
2026-04-26 00:43:00,251 - INFO - pairwise_permutation_test - GeoJSON: 494 detections from consensus_t8.geojson
2026-04-26 00:43:00,261 - WARNING - pairwise_permutation_test - GeoJSON lacks source_tile — will assign via spatial join
2026-04-26 00:43:00,261 - INFO - pairwise_permutation_test - GeoJSON: 604 detections from consensus_t3.geojson
2026-04-26 00:43:00,383 - WARNING - pairwise_permutation_test - GeoJSON lacks source_tile — will assign via spatial join
2026-04-26 00:43:00,383 - INFO - pairwise_permutation_test - GeoJSON: 494 detections from consensus_t8.geojson
2026-04-26 00:43:00,395 - WARNING - pairwise_permutation_test - GeoJSON lacks source_tile — will assign via spatial join
2026-04-26 00:43:00,395 - INFO - pairwise_permutation_test - GeoJSON: 802 detections from consensus_t1.geojson
2026-04-26 00:43:00,758 - WARNING - pairwise_permutation_test - GeoJSON lacks source_tile — will assign via spatial join
2026-04-26 00:43:00,758 - INFO - pairwise_permutation_test - GeoJSON: 567 detections from consensus_t3.geojson
2026-04-26 00:43:00,769 - WARNING - pairwise_permutation_test - GeoJSON lacks source_tile — will assign via spatial join
2026-04-26 00:43:00,769 - INFO - pairwise_permutation_test - GeoJSON: 549 detections from consensus_t9.geojson
2026-04-26 00:43:00,819 - WARNING - pairwise_permutation_test - GeoJSON lacks source_tile — will assign via spatial join
2026-04-26 00:43:00,819 - INFO - pairwise_permutation_test - GeoJSON: 567 detections from consensus_t3.geojson
2026-04-26 00:43:00,830 - WARNING - pairwise_permutation_test - GeoJSON lacks source_tile — will assign via spatial join
2026-04-26 00:43:00,830 - INFO - pairwise_permutation_test - GeoJSON: 549 detections from consensus_t9.geojson
2026-04-26 00:43:01,171 - WARNING - pairwise_permutation_test - GeoJSON lacks source_tile — will assign via spatial join
2026-04-26 00:43:01,171 - INFO - pairwise_permutation_test - GeoJSON: 567 detections from consensus_t3.geojson
2026-04-26 00:43:01,185 - WARNING - pairwise_permutation_test - GeoJSON lacks source_tile — will assign via spatial join
2026-04-26 00:43:01,185 - INFO - pairwise_permutation_test - GeoJSON: 530 detections from consensus_t29.geojson
2026-04-26 00:43:01,193 - WARNING - pairwise_permutation_test - GeoJSON lacks source_tile — will assign via spatial join
2026-04-26 00:43:01,193 - INFO - pairwise_permutation_test - GeoJSON: 567 detections from consensus_t3.geojson
2026-04-26 00:43:01,203 - WARNING - pairwise_permutation_test - GeoJSON lacks source_tile — will assign via spatial join
2026-04-26 00:43:01,203 - INFO - pairwise_permutation_test - GeoJSON: 517 detections from consensus_t10.geojson
2026-04-26 00:43:01,218 - WARNING - pairwise_permutation_test - GeoJSON lacks source_tile — will assign via spatial join
2026-04-26 00:43:01,218 - INFO - pairwise_permutation_test - GeoJSON: 567 detections from consensus_t3.geojson
2026-04-26 00:43:01,227 - WARNING - pairwise_permutation_test - GeoJSON lacks source_tile — will assign via spatial join
2026-04-26 00:43:01,227 - INFO - pairwise_permutation_test - GeoJSON: 466 detections from consensus_t8.geojson
2026-04-26 00:43:01,312 - WARNING - pairwise_permutation_test - GeoJSON lacks source_tile — will assign via spatial join
2026-04-26 00:43:01,312 - INFO - pairwise_permutation_test - GeoJSON: 567 detections from consensus_t3.geojson
2026-04-26 00:43:01,323 - WARNING - pairwise_permutation_test - GeoJSON lacks source_tile — will assign via spatial join
2026-04-26 00:43:01,324 - INFO - pairwise_permutation_test - GeoJSON: 608 detections from consensus_t10.geojson
2026-04-26 00:43:01,355 - WARNING - pairwise_permutation_test - GeoJSON lacks source_tile — will assign via spatial join
2026-04-26 00:43:01,355 - INFO - pairwise_permutation_test - GeoJSON: 567 detections from consensus_t3.geojson
2026-04-26 00:43:01,366 - WARNING - pairwise_permutation_test - GeoJSON lacks source_tile — will assign via spatial join
2026-04-26 00:43:01,366 - INFO - pairwise_permutation_test - GeoJSON: 608 detections from consensus_t10.geojson
2026-04-26 00:43:01,577 - WARNING - pairwise_permutation_test - GeoJSON lacks source_tile — will assign via spatial join
2026-04-26 00:43:01,577 - INFO - pairwise_permutation_test - GeoJSON: 567 detections from consensus_t3.geojson
2026-04-26 00:43:01,588 - WARNING - pairwise_permutation_test - GeoJSON lacks source_tile — will assign via spatial join
2026-04-26 00:43:01,588 - INFO - pairwise_permutation_test - GeoJSON: 681 detections from consensus_t2.geojson
2026-04-26 00:43:01,831 - WARNING - pairwise_permutation_test - GeoJSON lacks source_tile — will assign via spatial join
2026-04-26 00:43:01,833 - INFO - pairwise_permutation_test - GeoJSON: 567 detections from consensus_t3.geojson
2026-04-26 00:43:01,844 - WARNING - pairwise_permutation_test - GeoJSON lacks source_tile — will assign via spatial join
2026-04-26 00:43:01,844 - INFO - pairwise_permutation_test - GeoJSON: 616 detections from consensus_t10.geojson
2026-04-26 00:43:01,882 - WARNING - pairwise_permutation_test - GeoJSON lacks source_tile — will assign via spatial join
2026-04-26 00:43:01,882 - INFO - pairwise_permutation_test - GeoJSON: 567 detections from consensus_t3.geojson
2026-04-26 00:43:01,893 - WARNING - pairwise_permutation_test - GeoJSON lacks source_tile — will assign via spatial join
2026-04-26 00:43:01,893 - INFO - pairwise_permutation_test - GeoJSON: 745 detections from consensus_t3.geojson
2026-04-26 00:43:02,244 - WARNING - pairwise_permutation_test - GeoJSON lacks source_tile — will assign via spatial join
2026-04-26 00:43:02,244 - INFO - pairwise_permutation_test - GeoJSON: 567 detections from consensus_t3.geojson
2026-04-26 00:43:02,256 - WARNING - pairwise_permutation_test - GeoJSON lacks source_tile — will assign via spatial join
2026-04-26 00:43:02,256 - INFO - pairwise_permutation_test - GeoJSON: 799 detections from consensus_t3.geojson
2026-04-26 00:43:02,292 - WARNING - pairwise_permutation_test - GeoJSON lacks source_tile — will assign via spatial join
2026-04-26 00:43:02,292 - INFO - pairwise_permutation_test - GeoJSON: 567 detections from consensus_t3.geojson
2026-04-26 00:43:02,304 - WARNING - pairwise_permutation_test - GeoJSON lacks source_tile — will assign via spatial join
2026-04-26 00:43:02,304 - INFO - pairwise_permutation_test - GeoJSON: 794 detections from consensus_t3.geojson
2026-04-26 00:43:02,318 - WARNING - pairwise_permutation_test - GeoJSON lacks source_tile — will assign via spatial join
2026-04-26 00:43:02,318 - INFO - pairwise_permutation_test - GeoJSON: 567 detections from consensus_t3.geojson
2026-04-26 00:43:02,330 - WARNING - pairwise_permutation_test - GeoJSON lacks source_tile — will assign via spatial join
2026-04-26 00:43:02,330 - INFO - pairwise_permutation_test - GeoJSON: 783 detections from consensus_t3.geojson
2026-04-26 00:43:02,448 - WARNING - pairwise_permutation_test - GeoJSON lacks source_tile — will assign via spatial join
2026-04-26 00:43:02,448 - INFO - pairwise_permutation_test - GeoJSON: 567 detections from consensus_t3.geojson
2026-04-26 00:43:02,451 - WARNING - pairwise_permutation_test - GeoJSON lacks source_tile — will assign via spatial join
2026-04-26 00:43:02,451 - INFO - pairwise_permutation_test - GeoJSON: 567 detections from consensus_t3.geojson
2026-04-26 00:43:02,458 - WARNING - pairwise_permutation_test - GeoJSON lacks source_tile — will assign via spatial join
2026-04-26 00:43:02,458 - INFO - pairwise_permutation_test - GeoJSON: 604 detections from consensus_t3.geojson
2026-04-26 00:43:02,463 - WARNING - pairwise_permutation_test - GeoJSON lacks source_tile — will assign via spatial join
2026-04-26 00:43:02,463 - INFO - pairwise_permutation_test - GeoJSON: 802 detections from consensus_t1.geojson
2026-04-26 00:43:02,757 - WARNING - pairwise_permutation_test - GeoJSON lacks source_tile — will assign via spatial join
2026-04-26 00:43:02,757 - INFO - pairwise_permutation_test - GeoJSON: 549 detections from consensus_t9.geojson
2026-04-26 00:43:02,768 - WARNING - pairwise_permutation_test - GeoJSON lacks source_tile — will assign via spatial join
2026-04-26 00:43:02,768 - INFO - pairwise_permutation_test - GeoJSON: 549 detections from consensus_t9.geojson
2026-04-26 00:43:02,930 - WARNING - pairwise_permutation_test - GeoJSON lacks source_tile — will assign via spatial join
2026-04-26 00:43:02,930 - INFO - pairwise_permutation_test - GeoJSON: 549 detections from consensus_t9.geojson
2026-04-26 00:43:02,944 - WARNING - pairwise_permutation_test - GeoJSON lacks source_tile — will assign via spatial join
2026-04-26 00:43:02,944 - INFO - pairwise_permutation_test - GeoJSON: 530 detections from consensus_t29.geojson
2026-04-26 00:43:03,041 - WARNING - pairwise_permutation_test - GeoJSON lacks source_tile — will assign via spatial join
2026-04-26 00:43:03,041 - INFO - pairwise_permutation_test - GeoJSON: 549 detections from consensus_t9.geojson
2026-04-26 00:43:03,051 - WARNING - pairwise_permutation_test - GeoJSON lacks source_tile — will assign via spatial join
2026-04-26 00:43:03,051 - INFO - pairwise_permutation_test - GeoJSON: 517 detections from consensus_t10.geojson
2026-04-26 00:43:03,410 - WARNING - pairwise_permutation_test - GeoJSON lacks source_tile — will assign via spatial join
2026-04-26 00:43:03,410 - INFO - pairwise_permutation_test - GeoJSON: 549 detections from consensus_t9.geojson
2026-04-26 00:43:03,420 - WARNING - pairwise_permutation_test - GeoJSON lacks source_tile — will assign via spatial join
2026-04-26 00:43:03,420 - INFO - pairwise_permutation_test - GeoJSON: 466 detections from consensus_t8.geojson
2026-04-26 00:43:03,460 - WARNING - pairwise_permutation_test - GeoJSON lacks source_tile — will assign via spatial join
2026-04-26 00:43:03,460 - INFO - pairwise_permutation_test - GeoJSON: 549 detections from consensus_t9.geojson
2026-04-26 00:43:03,472 - WARNING - pairwise_permutation_test - GeoJSON lacks source_tile — will assign via spatial join
2026-04-26 00:43:03,472 - INFO - pairwise_permutation_test - GeoJSON: 608 detections from consensus_t10.geojson
2026-04-26 00:43:03,546 - WARNING - pairwise_permutation_test - GeoJSON lacks source_tile — will assign via spatial join
2026-04-26 00:43:03,546 - INFO - pairwise_permutation_test - GeoJSON: 549 detections from consensus_t9.geojson
2026-04-26 00:43:03,557 - WARNING - pairwise_permutation_test - GeoJSON lacks source_tile — will assign via spatial join
2026-04-26 00:43:03,558 - INFO - pairwise_permutation_test - GeoJSON: 608 detections from consensus_t10.geojson
2026-04-26 00:43:03,617 - INFO - __main__ - [300/406] pairwise done
2026-04-26 00:43:03,636 - WARNING - pairwise_permutation_test - GeoJSON lacks source_tile — will assign via spatial join
2026-04-26 00:43:03,636 - INFO - pairwise_permutation_test - GeoJSON: 549 detections from consensus_t9.geojson
2026-04-26 00:43:03,646 - WARNING - pairwise_permutation_test - GeoJSON lacks source_tile — will assign via spatial join
2026-04-26 00:43:03,646 - INFO - pairwise_permutation_test - GeoJSON: 681 detections from consensus_t2.geojson
2026-04-26 00:43:03,674 - WARNING - pairwise_permutation_test - GeoJSON lacks source_tile — will assign via spatial join
2026-04-26 00:43:03,674 - INFO - pairwise_permutation_test - GeoJSON: 549 detections from consensus_t9.geojson
2026-04-26 00:43:03,686 - WARNING - pairwise_permutation_test - GeoJSON lacks source_tile — will assign via spatial join
2026-04-26 00:43:03,686 - INFO - pairwise_permutation_test - GeoJSON: 616 detections from consensus_t10.geojson
2026-04-26 00:43:03,770 - WARNING - pairwise_permutation_test - GeoJSON lacks source_tile — will assign via spatial join
2026-04-26 00:43:03,770 - INFO - pairwise_permutation_test - GeoJSON: 549 detections from consensus_t9.geojson
2026-04-26 00:43:03,781 - WARNING - pairwise_permutation_test - GeoJSON lacks source_tile — will assign via spatial join
2026-04-26 00:43:03,781 - INFO - pairwise_permutation_test - GeoJSON: 745 detections from consensus_t3.geojson
2026-04-26 00:43:03,953 - WARNING - pairwise_permutation_test - GeoJSON lacks source_tile — will assign via spatial join
2026-04-26 00:43:03,953 - INFO - pairwise_permutation_test - GeoJSON: 549 detections from consensus_t9.geojson
2026-04-26 00:43:03,965 - WARNING - pairwise_permutation_test - GeoJSON lacks source_tile — will assign via spatial join
2026-04-26 00:43:03,965 - INFO - pairwise_permutation_test - GeoJSON: 799 detections from consensus_t3.geojson
2026-04-26 00:43:04,068 - WARNING - pairwise_permutation_test - GeoJSON lacks source_tile — will assign via spatial join
2026-04-26 00:43:04,068 - INFO - pairwise_permutation_test - GeoJSON: 549 detections from consensus_t9.geojson
2026-04-26 00:43:04,080 - WARNING - pairwise_permutation_test - GeoJSON lacks source_tile — will assign via spatial join
2026-04-26 00:43:04,080 - INFO - pairwise_permutation_test - GeoJSON: 794 detections from consensus_t3.geojson
2026-04-26 00:43:04,407 - WARNING - pairwise_permutation_test - GeoJSON lacks source_tile — will assign via spatial join
2026-04-26 00:43:04,407 - INFO - pairwise_permutation_test - GeoJSON: 549 detections from consensus_t9.geojson
2026-04-26 00:43:04,419 - WARNING - pairwise_permutation_test - GeoJSON lacks source_tile — will assign via spatial join
2026-04-26 00:43:04,419 - INFO - pairwise_permutation_test - GeoJSON: 783 detections from consensus_t3.geojson
2026-04-26 00:43:04,499 - WARNING - pairwise_permutation_test - GeoJSON lacks source_tile — will assign via spatial join
2026-04-26 00:43:04,500 - INFO - pairwise_permutation_test - GeoJSON: 549 detections from consensus_t9.geojson
2026-04-26 00:43:04,509 - WARNING - pairwise_permutation_test - GeoJSON lacks source_tile — will assign via spatial join
2026-04-26 00:43:04,509 - INFO - pairwise_permutation_test - GeoJSON: 604 detections from consensus_t3.geojson
2026-04-26 00:43:04,620 - WARNING - pairwise_permutation_test - GeoJSON lacks source_tile — will assign via spatial join
2026-04-26 00:43:04,620 - INFO - pairwise_permutation_test - GeoJSON: 549 detections from consensus_t9.geojson
2026-04-26 00:43:04,632 - WARNING - pairwise_permutation_test - GeoJSON lacks source_tile — will assign via spatial join
2026-04-26 00:43:04,632 - INFO - pairwise_permutation_test - GeoJSON: 802 detections from consensus_t1.geojson
2026-04-26 00:43:04,717 - WARNING - pairwise_permutation_test - GeoJSON lacks source_tile — will assign via spatial join
2026-04-26 00:43:04,717 - INFO - pairwise_permutation_test - GeoJSON: 549 detections from consensus_t9.geojson
2026-04-26 00:43:04,731 - WARNING - pairwise_permutation_test - GeoJSON lacks source_tile — will assign via spatial join
2026-04-26 00:43:04,731 - INFO - pairwise_permutation_test - GeoJSON: 530 detections from consensus_t29.geojson
2026-04-26 00:43:04,787 - WARNING - pairwise_permutation_test - GeoJSON lacks source_tile — will assign via spatial join
2026-04-26 00:43:04,787 - INFO - pairwise_permutation_test - GeoJSON: 549 detections from consensus_t9.geojson
2026-04-26 00:43:04,797 - WARNING - pairwise_permutation_test - GeoJSON lacks source_tile — will assign via spatial join
2026-04-26 00:43:04,797 - INFO - pairwise_permutation_test - GeoJSON: 517 detections from consensus_t10.geojson
2026-04-26 00:43:04,886 - WARNING - pairwise_permutation_test - GeoJSON lacks source_tile — will assign via spatial join
2026-04-26 00:43:04,887 - INFO - pairwise_permutation_test - GeoJSON: 549 detections from consensus_t9.geojson
2026-04-26 00:43:04,896 - WARNING - pairwise_permutation_test - GeoJSON lacks source_tile — will assign via spatial join
2026-04-26 00:43:04,896 - INFO - pairwise_permutation_test - GeoJSON: 466 detections from consensus_t8.geojson
2026-04-26 00:43:05,076 - WARNING - pairwise_permutation_test - GeoJSON lacks source_tile — will assign via spatial join
2026-04-26 00:43:05,076 - INFO - pairwise_permutation_test - GeoJSON: 549 detections from consensus_t9.geojson
2026-04-26 00:43:05,088 - WARNING - pairwise_permutation_test - GeoJSON lacks source_tile — will assign via spatial join
2026-04-26 00:43:05,088 - INFO - pairwise_permutation_test - GeoJSON: 608 detections from consensus_t10.geojson
2026-04-26 00:43:05,175 - WARNING - pairwise_permutation_test - GeoJSON lacks source_tile — will assign via spatial join
2026-04-26 00:43:05,175 - INFO - pairwise_permutation_test - GeoJSON: 549 detections from consensus_t9.geojson
2026-04-26 00:43:05,186 - WARNING - pairwise_permutation_test - GeoJSON lacks source_tile — will assign via spatial join
2026-04-26 00:43:05,186 - INFO - pairwise_permutation_test - GeoJSON: 608 detections from consensus_t10.geojson
2026-04-26 00:43:05,548 - WARNING - pairwise_permutation_test - GeoJSON lacks source_tile — will assign via spatial join
2026-04-26 00:43:05,549 - INFO - pairwise_permutation_test - GeoJSON: 549 detections from consensus_t9.geojson
2026-04-26 00:43:05,559 - WARNING - pairwise_permutation_test - GeoJSON lacks source_tile — will assign via spatial join
2026-04-26 00:43:05,559 - INFO - pairwise_permutation_test - GeoJSON: 681 detections from consensus_t2.geojson
2026-04-26 00:43:05,612 - WARNING - pairwise_permutation_test - GeoJSON lacks source_tile — will assign via spatial join
2026-04-26 00:43:05,612 - INFO - pairwise_permutation_test - GeoJSON: 549 detections from consensus_t9.geojson
2026-04-26 00:43:05,624 - WARNING - pairwise_permutation_test - GeoJSON lacks source_tile — will assign via spatial join
2026-04-26 00:43:05,624 - INFO - pairwise_permutation_test - GeoJSON: 616 detections from consensus_t10.geojson
2026-04-26 00:43:05,768 - WARNING - pairwise_permutation_test - GeoJSON lacks source_tile — will assign via spatial join
2026-04-26 00:43:05,768 - INFO - pairwise_permutation_test - GeoJSON: 549 detections from consensus_t9.geojson
2026-04-26 00:43:05,779 - WARNING - pairwise_permutation_test - GeoJSON lacks source_tile — will assign via spatial join
2026-04-26 00:43:05,779 - INFO - pairwise_permutation_test - GeoJSON: 745 detections from consensus_t3.geojson
2026-04-26 00:43:05,811 - WARNING - pairwise_permutation_test - GeoJSON lacks source_tile — will assign via spatial join
2026-04-26 00:43:05,811 - INFO - pairwise_permutation_test - GeoJSON: 549 detections from consensus_t9.geojson
2026-04-26 00:43:05,822 - WARNING - pairwise_permutation_test - GeoJSON lacks source_tile — will assign via spatial join
2026-04-26 00:43:05,822 - INFO - pairwise_permutation_test - GeoJSON: 799 detections from consensus_t3.geojson
2026-04-26 00:43:05,843 - WARNING - pairwise_permutation_test - GeoJSON lacks source_tile — will assign via spatial join
2026-04-26 00:43:05,843 - INFO - pairwise_permutation_test - GeoJSON: 549 detections from consensus_t9.geojson
2026-04-26 00:43:05,855 - WARNING - pairwise_permutation_test - GeoJSON lacks source_tile — will assign via spatial join
2026-04-26 00:43:05,855 - INFO - pairwise_permutation_test - GeoJSON: 794 detections from consensus_t3.geojson
2026-04-26 00:43:05,893 - WARNING - pairwise_permutation_test - GeoJSON lacks source_tile — will assign via spatial join
2026-04-26 00:43:05,893 - INFO - pairwise_permutation_test - GeoJSON: 549 detections from consensus_t9.geojson
2026-04-26 00:43:05,904 - WARNING - pairwise_permutation_test - GeoJSON lacks source_tile — will assign via spatial join
2026-04-26 00:43:05,904 - INFO - pairwise_permutation_test - GeoJSON: 783 detections from consensus_t3.geojson
2026-04-26 00:43:06,149 - WARNING - pairwise_permutation_test - GeoJSON lacks source_tile — will assign via spatial join
2026-04-26 00:43:06,149 - INFO - pairwise_permutation_test - GeoJSON: 549 detections from consensus_t9.geojson
2026-04-26 00:43:06,159 - WARNING - pairwise_permutation_test - GeoJSON lacks source_tile — will assign via spatial join
2026-04-26 00:43:06,159 - INFO - pairwise_permutation_test - GeoJSON: 604 detections from consensus_t3.geojson
2026-04-26 00:43:06,220 - WARNING - pairwise_permutation_test - GeoJSON lacks source_tile — will assign via spatial join
2026-04-26 00:43:06,220 - INFO - pairwise_permutation_test - GeoJSON: 549 detections from consensus_t9.geojson
2026-04-26 00:43:06,232 - WARNING - pairwise_permutation_test - GeoJSON lacks source_tile — will assign via spatial join
2026-04-26 00:43:06,232 - INFO - pairwise_permutation_test - GeoJSON: 802 detections from consensus_t1.geojson
2026-04-26 00:43:06,668 - WARNING - pairwise_permutation_test - GeoJSON lacks source_tile — will assign via spatial join
2026-04-26 00:43:06,668 - INFO - pairwise_permutation_test - GeoJSON: 530 detections from consensus_t29.geojson
2026-04-26 00:43:06,678 - WARNING - pairwise_permutation_test - GeoJSON lacks source_tile — will assign via spatial join
2026-04-26 00:43:06,678 - INFO - pairwise_permutation_test - GeoJSON: 517 detections from consensus_t10.geojson
2026-04-26 00:43:06,681 - WARNING - pairwise_permutation_test - GeoJSON lacks source_tile — will assign via spatial join
2026-04-26 00:43:06,681 - INFO - pairwise_permutation_test - GeoJSON: 530 detections from consensus_t29.geojson
2026-04-26 00:43:06,690 - WARNING - pairwise_permutation_test - GeoJSON lacks source_tile — will assign via spatial join
2026-04-26 00:43:06,690 - INFO - pairwise_permutation_test - GeoJSON: 466 detections from consensus_t8.geojson
2026-04-26 00:43:06,938 - WARNING - pairwise_permutation_test - GeoJSON lacks source_tile — will assign via spatial join
2026-04-26 00:43:06,938 - INFO - pairwise_permutation_test - GeoJSON: 530 detections from consensus_t29.geojson
2026-04-26 00:43:06,938 - WARNING - pairwise_permutation_test - GeoJSON lacks source_tile — will assign via spatial join
2026-04-26 00:43:06,938 - INFO - pairwise_permutation_test - GeoJSON: 530 detections from consensus_t29.geojson
2026-04-26 00:43:06,949 - WARNING - pairwise_permutation_test - GeoJSON lacks source_tile — will assign via spatial join
2026-04-26 00:43:06,949 - INFO - pairwise_permutation_test - GeoJSON: 608 detections from consensus_t10.geojson
2026-04-26 00:43:06,949 - WARNING - pairwise_permutation_test - GeoJSON lacks source_tile — will assign via spatial join
2026-04-26 00:43:06,949 - INFO - pairwise_permutation_test - GeoJSON: 608 detections from consensus_t10.geojson
2026-04-26 00:43:06,993 - WARNING - pairwise_permutation_test - GeoJSON lacks source_tile — will assign via spatial join
2026-04-26 00:43:06,993 - INFO - pairwise_permutation_test - GeoJSON: 530 detections from consensus_t29.geojson
2026-04-26 00:43:07,004 - WARNING - pairwise_permutation_test - GeoJSON lacks source_tile — will assign via spatial join
2026-04-26 00:43:07,004 - INFO - pairwise_permutation_test - GeoJSON: 681 detections from consensus_t2.geojson
2026-04-26 00:43:07,038 - WARNING - pairwise_permutation_test - GeoJSON lacks source_tile — will assign via spatial join
2026-04-26 00:43:07,038 - INFO - pairwise_permutation_test - GeoJSON: 530 detections from consensus_t29.geojson
2026-04-26 00:43:07,050 - WARNING - pairwise_permutation_test - GeoJSON lacks source_tile — will assign via spatial join
2026-04-26 00:43:07,050 - INFO - pairwise_permutation_test - GeoJSON: 616 detections from consensus_t10.geojson
2026-04-26 00:43:07,255 - WARNING - pairwise_permutation_test - GeoJSON lacks source_tile — will assign via spatial join
2026-04-26 00:43:07,255 - INFO - pairwise_permutation_test - GeoJSON: 530 detections from consensus_t29.geojson
2026-04-26 00:43:07,266 - WARNING - pairwise_permutation_test - GeoJSON lacks source_tile — will assign via spatial join
2026-04-26 00:43:07,266 - INFO - pairwise_permutation_test - GeoJSON: 745 detections from consensus_t3.geojson
2026-04-26 00:43:07,402 - WARNING - pairwise_permutation_test - GeoJSON lacks source_tile — will assign via spatial join
2026-04-26 00:43:07,402 - INFO - pairwise_permutation_test - GeoJSON: 530 detections from consensus_t29.geojson
2026-04-26 00:43:07,414 - WARNING - pairwise_permutation_test - GeoJSON lacks source_tile — will assign via spatial join
2026-04-26 00:43:07,414 - INFO - pairwise_permutation_test - GeoJSON: 799 detections from consensus_t3.geojson
2026-04-26 00:43:07,682 - WARNING - pairwise_permutation_test - GeoJSON lacks source_tile — will assign via spatial join
2026-04-26 00:43:07,682 - INFO - pairwise_permutation_test - GeoJSON: 530 detections from consensus_t29.geojson
2026-04-26 00:43:07,693 - WARNING - pairwise_permutation_test - GeoJSON lacks source_tile — will assign via spatial join
2026-04-26 00:43:07,694 - INFO - pairwise_permutation_test - GeoJSON: 530 detections from consensus_t29.geojson
2026-04-26 00:43:07,694 - WARNING - pairwise_permutation_test - GeoJSON lacks source_tile — will assign via spatial join
2026-04-26 00:43:07,694 - INFO - pairwise_permutation_test - GeoJSON: 794 detections from consensus_t3.geojson
2026-04-26 00:43:07,706 - WARNING - pairwise_permutation_test - GeoJSON lacks source_tile — will assign via spatial join
2026-04-26 00:43:07,706 - INFO - pairwise_permutation_test - GeoJSON: 783 detections from consensus_t3.geojson
2026-04-26 00:43:07,989 - WARNING - pairwise_permutation_test - GeoJSON lacks source_tile — will assign via spatial join
2026-04-26 00:43:07,990 - INFO - pairwise_permutation_test - GeoJSON: 530 detections from consensus_t29.geojson
2026-04-26 00:43:07,999 - WARNING - pairwise_permutation_test - GeoJSON lacks source_tile — will assign via spatial join
2026-04-26 00:43:07,999 - INFO - pairwise_permutation_test - GeoJSON: 604 detections from consensus_t3.geojson
2026-04-26 00:43:08,023 - WARNING - pairwise_permutation_test - GeoJSON lacks source_tile — will assign via spatial join
2026-04-26 00:43:08,023 - INFO - pairwise_permutation_test - GeoJSON: 530 detections from consensus_t29.geojson
2026-04-26 00:43:08,035 - WARNING - pairwise_permutation_test - GeoJSON lacks source_tile — will assign via spatial join
2026-04-26 00:43:08,035 - INFO - pairwise_permutation_test - GeoJSON: 802 detections from consensus_t1.geojson
2026-04-26 00:43:08,080 - WARNING - pairwise_permutation_test - GeoJSON lacks source_tile — will assign via spatial join
2026-04-26 00:43:08,080 - INFO - pairwise_permutation_test - GeoJSON: 517 detections from consensus_t10.geojson
2026-04-26 00:43:08,090 - WARNING - pairwise_permutation_test - GeoJSON lacks source_tile — will assign via spatial join
2026-04-26 00:43:08,090 - INFO - pairwise_permutation_test - GeoJSON: 466 detections from consensus_t8.geojson
2026-04-26 00:43:08,164 - WARNING - pairwise_permutation_test - GeoJSON lacks source_tile — will assign via spatial join
2026-04-26 00:43:08,164 - INFO - pairwise_permutation_test - GeoJSON: 517 detections from consensus_t10.geojson
2026-04-26 00:43:08,175 - WARNING - pairwise_permutation_test - GeoJSON lacks source_tile — will assign via spatial join
2026-04-26 00:43:08,175 - INFO - pairwise_permutation_test - GeoJSON: 608 detections from consensus_t10.geojson
2026-04-26 00:43:08,382 - WARNING - pairwise_permutation_test - GeoJSON lacks source_tile — will assign via spatial join
2026-04-26 00:43:08,382 - INFO - pairwise_permutation_test - GeoJSON: 517 detections from consensus_t10.geojson
2026-04-26 00:43:08,393 - WARNING - pairwise_permutation_test - GeoJSON lacks source_tile — will assign via spatial join
2026-04-26 00:43:08,393 - INFO - pairwise_permutation_test - GeoJSON: 608 detections from consensus_t10.geojson
2026-04-26 00:43:08,522 - WARNING - pairwise_permutation_test - GeoJSON lacks source_tile — will assign via spatial join
2026-04-26 00:43:08,522 - INFO - pairwise_permutation_test - GeoJSON: 517 detections from consensus_t10.geojson
2026-04-26 00:43:08,533 - WARNING - pairwise_permutation_test - GeoJSON lacks source_tile — will assign via spatial join
2026-04-26 00:43:08,533 - INFO - pairwise_permutation_test - GeoJSON: 681 detections from consensus_t2.geojson
2026-04-26 00:43:08,788 - WARNING - pairwise_permutation_test - GeoJSON lacks source_tile — will assign via spatial join
2026-04-26 00:43:08,788 - INFO - pairwise_permutation_test - GeoJSON: 517 detections from consensus_t10.geojson
2026-04-26 00:43:08,800 - WARNING - pairwise_permutation_test - GeoJSON lacks source_tile — will assign via spatial join
2026-04-26 00:43:08,800 - INFO - pairwise_permutation_test - GeoJSON: 616 detections from consensus_t10.geojson
2026-04-26 00:43:08,854 - WARNING - pairwise_permutation_test - GeoJSON lacks source_tile — will assign via spatial join
2026-04-26 00:43:08,854 - INFO - pairwise_permutation_test - GeoJSON: 517 detections from consensus_t10.geojson
2026-04-26 00:43:08,865 - WARNING - pairwise_permutation_test - GeoJSON lacks source_tile — will assign via spatial join
2026-04-26 00:43:08,865 - INFO - pairwise_permutation_test - GeoJSON: 745 detections from consensus_t3.geojson
2026-04-26 00:43:09,085 - WARNING - pairwise_permutation_test - GeoJSON lacks source_tile — will assign via spatial join
2026-04-26 00:43:09,085 - INFO - pairwise_permutation_test - GeoJSON: 517 detections from consensus_t10.geojson
2026-04-26 00:43:09,096 - WARNING - pairwise_permutation_test - GeoJSON lacks source_tile — will assign via spatial join
2026-04-26 00:43:09,096 - INFO - pairwise_permutation_test - GeoJSON: 517 detections from consensus_t10.geojson
2026-04-26 00:43:09,097 - WARNING - pairwise_permutation_test - GeoJSON lacks source_tile — will assign via spatial join
2026-04-26 00:43:09,097 - INFO - pairwise_permutation_test - GeoJSON: 799 detections from consensus_t3.geojson
2026-04-26 00:43:09,108 - WARNING - pairwise_permutation_test - GeoJSON lacks source_tile — will assign via spatial join
2026-04-26 00:43:09,108 - INFO - pairwise_permutation_test - GeoJSON: 794 detections from consensus_t3.geojson
2026-04-26 00:43:09,240 - WARNING - pairwise_permutation_test - GeoJSON lacks source_tile — will assign via spatial join
2026-04-26 00:43:09,240 - INFO - pairwise_permutation_test - GeoJSON: 517 detections from consensus_t10.geojson
2026-04-26 00:43:09,252 - WARNING - pairwise_permutation_test - GeoJSON lacks source_tile — will assign via spatial join
2026-04-26 00:43:09,252 - INFO - pairwise_permutation_test - GeoJSON: 783 detections from consensus_t3.geojson
2026-04-26 00:43:09,263 - WARNING - pairwise_permutation_test - GeoJSON lacks source_tile — will assign via spatial join
2026-04-26 00:43:09,263 - INFO - pairwise_permutation_test - GeoJSON: 517 detections from consensus_t10.geojson
2026-04-26 00:43:09,273 - WARNING - pairwise_permutation_test - GeoJSON lacks source_tile — will assign via spatial join
2026-04-26 00:43:09,273 - INFO - pairwise_permutation_test - GeoJSON: 604 detections from consensus_t3.geojson
2026-04-26 00:43:09,461 - WARNING - pairwise_permutation_test - GeoJSON lacks source_tile — will assign via spatial join
2026-04-26 00:43:09,461 - INFO - pairwise_permutation_test - GeoJSON: 517 detections from consensus_t10.geojson
2026-04-26 00:43:09,473 - WARNING - pairwise_permutation_test - GeoJSON lacks source_tile — will assign via spatial join
2026-04-26 00:43:09,473 - INFO - pairwise_permutation_test - GeoJSON: 802 detections from consensus_t1.geojson
2026-04-26 00:43:09,682 - WARNING - pairwise_permutation_test - GeoJSON lacks source_tile — will assign via spatial join
2026-04-26 00:43:09,682 - INFO - pairwise_permutation_test - GeoJSON: 466 detections from consensus_t8.geojson
2026-04-26 00:43:09,693 - WARNING - pairwise_permutation_test - GeoJSON lacks source_tile — will assign via spatial join
2026-04-26 00:43:09,693 - INFO - pairwise_permutation_test - GeoJSON: 608 detections from consensus_t10.geojson
2026-04-26 00:43:09,853 - WARNING - pairwise_permutation_test - GeoJSON lacks source_tile — will assign via spatial join
2026-04-26 00:43:09,853 - INFO - pairwise_permutation_test - GeoJSON: 466 detections from consensus_t8.geojson
2026-04-26 00:43:09,864 - WARNING - pairwise_permutation_test - GeoJSON lacks source_tile — will assign via spatial join
2026-04-26 00:43:09,864 - INFO - pairwise_permutation_test - GeoJSON: 608 detections from consensus_t10.geojson
2026-04-26 00:43:09,993 - WARNING - pairwise_permutation_test - GeoJSON lacks source_tile — will assign via spatial join
2026-04-26 00:43:09,993 - INFO - pairwise_permutation_test - GeoJSON: 466 detections from consensus_t8.geojson
2026-04-26 00:43:10,004 - WARNING - pairwise_permutation_test - GeoJSON lacks source_tile — will assign via spatial join
2026-04-26 00:43:10,004 - INFO - pairwise_permutation_test - GeoJSON: 681 detections from consensus_t2.geojson
2026-04-26 00:43:10,226 - WARNING - pairwise_permutation_test - GeoJSON lacks source_tile — will assign via spatial join
2026-04-26 00:43:10,226 - INFO - pairwise_permutation_test - GeoJSON: 466 detections from consensus_t8.geojson
2026-04-26 00:43:10,237 - WARNING - pairwise_permutation_test - GeoJSON lacks source_tile — will assign via spatial join
2026-04-26 00:43:10,237 - INFO - pairwise_permutation_test - GeoJSON: 616 detections from consensus_t10.geojson
2026-04-26 00:43:10,242 - WARNING - pairwise_permutation_test - GeoJSON lacks source_tile — will assign via spatial join
2026-04-26 00:43:10,242 - INFO - pairwise_permutation_test - GeoJSON: 466 detections from consensus_t8.geojson
2026-04-26 00:43:10,253 - WARNING - pairwise_permutation_test - GeoJSON lacks source_tile — will assign via spatial join
2026-04-26 00:43:10,253 - INFO - pairwise_permutation_test - GeoJSON: 745 detections from consensus_t3.geojson
2026-04-26 00:43:10,416 - WARNING - pairwise_permutation_test - GeoJSON lacks source_tile — will assign via spatial join
2026-04-26 00:43:10,416 - INFO - pairwise_permutation_test - GeoJSON: 466 detections from consensus_t8.geojson
2026-04-26 00:43:10,428 - WARNING - pairwise_permutation_test - GeoJSON lacks source_tile — will assign via spatial join
2026-04-26 00:43:10,428 - INFO - pairwise_permutation_test - GeoJSON: 799 detections from consensus_t3.geojson
2026-04-26 00:43:10,434 - INFO - __main__ - [350/406] pairwise done
2026-04-26 00:43:10,452 - WARNING - pairwise_permutation_test - GeoJSON lacks source_tile — will assign via spatial join
2026-04-26 00:43:10,452 - INFO - pairwise_permutation_test - GeoJSON: 466 detections from consensus_t8.geojson
2026-04-26 00:43:10,464 - WARNING - pairwise_permutation_test - GeoJSON lacks source_tile — will assign via spatial join
2026-04-26 00:43:10,464 - INFO - pairwise_permutation_test - GeoJSON: 794 detections from consensus_t3.geojson
2026-04-26 00:43:10,679 - WARNING - pairwise_permutation_test - GeoJSON lacks source_tile — will assign via spatial join
2026-04-26 00:43:10,679 - INFO - pairwise_permutation_test - GeoJSON: 466 detections from consensus_t8.geojson
2026-04-26 00:43:10,690 - WARNING - pairwise_permutation_test - GeoJSON lacks source_tile — will assign via spatial join
2026-04-26 00:43:10,690 - INFO - pairwise_permutation_test - GeoJSON: 783 detections from consensus_t3.geojson
2026-04-26 00:43:10,716 - WARNING - pairwise_permutation_test - GeoJSON lacks source_tile — will assign via spatial join
2026-04-26 00:43:10,716 - INFO - pairwise_permutation_test - GeoJSON: 466 detections from consensus_t8.geojson
2026-04-26 00:43:10,726 - WARNING - pairwise_permutation_test - GeoJSON lacks source_tile — will assign via spatial join
2026-04-26 00:43:10,726 - INFO - pairwise_permutation_test - GeoJSON: 604 detections from consensus_t3.geojson
2026-04-26 00:43:10,892 - WARNING - pairwise_permutation_test - GeoJSON lacks source_tile — will assign via spatial join
2026-04-26 00:43:10,892 - INFO - pairwise_permutation_test - GeoJSON: 466 detections from consensus_t8.geojson
2026-04-26 00:43:10,903 - WARNING - pairwise_permutation_test - GeoJSON lacks source_tile — will assign via spatial join
2026-04-26 00:43:10,903 - INFO - pairwise_permutation_test - GeoJSON: 802 detections from consensus_t1.geojson
2026-04-26 00:43:11,105 - WARNING - pairwise_permutation_test - GeoJSON lacks source_tile — will assign via spatial join
2026-04-26 00:43:11,105 - INFO - pairwise_permutation_test - GeoJSON: 608 detections from consensus_t10.geojson
2026-04-26 00:43:11,117 - WARNING - pairwise_permutation_test - GeoJSON lacks source_tile — will assign via spatial join
2026-04-26 00:43:11,117 - INFO - pairwise_permutation_test - GeoJSON: 608 detections from consensus_t10.geojson
2026-04-26 00:43:11,251 - WARNING - pairwise_permutation_test - GeoJSON lacks source_tile — will assign via spatial join
2026-04-26 00:43:11,251 - INFO - pairwise_permutation_test - GeoJSON: 608 detections from consensus_t10.geojson
2026-04-26 00:43:11,262 - WARNING - pairwise_permutation_test - GeoJSON lacks source_tile — will assign via spatial join
2026-04-26 00:43:11,262 - INFO - pairwise_permutation_test - GeoJSON: 681 detections from consensus_t2.geojson
2026-04-26 00:43:11,344 - WARNING - pairwise_permutation_test - GeoJSON lacks source_tile — will assign via spatial join
2026-04-26 00:43:11,344 - INFO - pairwise_permutation_test - GeoJSON: 608 detections from consensus_t10.geojson
2026-04-26 00:43:11,355 - WARNING - pairwise_permutation_test - GeoJSON lacks source_tile — will assign via spatial join
2026-04-26 00:43:11,355 - INFO - pairwise_permutation_test - GeoJSON: 616 detections from consensus_t10.geojson
2026-04-26 00:43:11,570 - WARNING - pairwise_permutation_test - GeoJSON lacks source_tile — will assign via spatial join
2026-04-26 00:43:11,570 - INFO - pairwise_permutation_test - GeoJSON: 608 detections from consensus_t10.geojson
2026-04-26 00:43:11,581 - WARNING - pairwise_permutation_test - GeoJSON lacks source_tile — will assign via spatial join
2026-04-26 00:43:11,582 - INFO - pairwise_permutation_test - GeoJSON: 745 detections from consensus_t3.geojson
2026-04-26 00:43:11,583 - WARNING - pairwise_permutation_test - GeoJSON lacks source_tile — will assign via spatial join
2026-04-26 00:43:11,583 - INFO - pairwise_permutation_test - GeoJSON: 608 detections from consensus_t10.geojson
2026-04-26 00:43:11,595 - WARNING - pairwise_permutation_test - GeoJSON lacks source_tile — will assign via spatial join
2026-04-26 00:43:11,595 - INFO - pairwise_permutation_test - GeoJSON: 799 detections from consensus_t3.geojson
2026-04-26 00:43:11,801 - WARNING - pairwise_permutation_test - GeoJSON lacks source_tile — will assign via spatial join
2026-04-26 00:43:11,801 - INFO - pairwise_permutation_test - GeoJSON: 608 detections from consensus_t10.geojson
2026-04-26 00:43:11,813 - WARNING - pairwise_permutation_test - GeoJSON lacks source_tile — will assign via spatial join
2026-04-26 00:43:11,813 - INFO - pairwise_permutation_test - GeoJSON: 794 detections from consensus_t3.geojson
2026-04-26 00:43:11,824 - WARNING - pairwise_permutation_test - GeoJSON lacks source_tile — will assign via spatial join
2026-04-26 00:43:11,824 - INFO - pairwise_permutation_test - GeoJSON: 608 detections from consensus_t10.geojson
2026-04-26 00:43:11,836 - WARNING - pairwise_permutation_test - GeoJSON lacks source_tile — will assign via spatial join
2026-04-26 00:43:11,836 - INFO - pairwise_permutation_test - GeoJSON: 783 detections from consensus_t3.geojson
2026-04-26 00:43:12,057 - WARNING - pairwise_permutation_test - GeoJSON lacks source_tile — will assign via spatial join
2026-04-26 00:43:12,057 - INFO - pairwise_permutation_test - GeoJSON: 608 detections from consensus_t10.geojson
2026-04-26 00:43:12,067 - WARNING - pairwise_permutation_test - GeoJSON lacks source_tile — will assign via spatial join
2026-04-26 00:43:12,067 - INFO - pairwise_permutation_test - GeoJSON: 604 detections from consensus_t3.geojson
2026-04-26 00:43:12,194 - WARNING - pairwise_permutation_test - GeoJSON lacks source_tile — will assign via spatial join
2026-04-26 00:43:12,194 - INFO - pairwise_permutation_test - GeoJSON: 608 detections from consensus_t10.geojson
2026-04-26 00:43:12,206 - WARNING - pairwise_permutation_test - GeoJSON lacks source_tile — will assign via spatial join
2026-04-26 00:43:12,206 - INFO - pairwise_permutation_test - GeoJSON: 802 detections from consensus_t1.geojson
2026-04-26 00:43:12,416 - WARNING - pairwise_permutation_test - GeoJSON lacks source_tile — will assign via spatial join
2026-04-26 00:43:12,416 - INFO - pairwise_permutation_test - GeoJSON: 608 detections from consensus_t10.geojson
2026-04-26 00:43:12,421 - WARNING - pairwise_permutation_test - GeoJSON lacks source_tile — will assign via spatial join
2026-04-26 00:43:12,421 - INFO - pairwise_permutation_test - GeoJSON: 608 detections from consensus_t10.geojson
2026-04-26 00:43:12,426 - WARNING - pairwise_permutation_test - GeoJSON lacks source_tile — will assign via spatial join
2026-04-26 00:43:12,426 - INFO - pairwise_permutation_test - GeoJSON: 681 detections from consensus_t2.geojson
2026-04-26 00:43:12,432 - WARNING - pairwise_permutation_test - GeoJSON lacks source_tile — will assign via spatial join
2026-04-26 00:43:12,432 - INFO - pairwise_permutation_test - GeoJSON: 616 detections from consensus_t10.geojson
2026-04-26 00:43:12,768 - WARNING - pairwise_permutation_test - GeoJSON lacks source_tile — will assign via spatial join
2026-04-26 00:43:12,768 - INFO - pairwise_permutation_test - GeoJSON: 608 detections from consensus_t10.geojson
2026-04-26 00:43:12,778 - WARNING - pairwise_permutation_test - GeoJSON lacks source_tile — will assign via spatial join
2026-04-26 00:43:12,778 - INFO - pairwise_permutation_test - GeoJSON: 608 detections from consensus_t10.geojson
2026-04-26 00:43:12,780 - WARNING - pairwise_permutation_test - GeoJSON lacks source_tile — will assign via spatial join
2026-04-26 00:43:12,780 - INFO - pairwise_permutation_test - GeoJSON: 745 detections from consensus_t3.geojson
2026-04-26 00:43:12,790 - WARNING - pairwise_permutation_test - GeoJSON lacks source_tile — will assign via spatial join
2026-04-26 00:43:12,790 - INFO - pairwise_permutation_test - GeoJSON: 799 detections from consensus_t3.geojson
2026-04-26 00:43:12,952 - WARNING - pairwise_permutation_test - GeoJSON lacks source_tile — will assign via spatial join
2026-04-26 00:43:12,952 - INFO - pairwise_permutation_test - GeoJSON: 608 detections from consensus_t10.geojson
2026-04-26 00:43:12,964 - WARNING - pairwise_permutation_test - GeoJSON lacks source_tile — will assign via spatial join
2026-04-26 00:43:12,964 - INFO - pairwise_permutation_test - GeoJSON: 794 detections from consensus_t3.geojson
2026-04-26 00:43:13,016 - WARNING - pairwise_permutation_test - GeoJSON lacks source_tile — will assign via spatial join
2026-04-26 00:43:13,016 - INFO - pairwise_permutation_test - GeoJSON: 608 detections from consensus_t10.geojson
2026-04-26 00:43:13,028 - WARNING - pairwise_permutation_test - GeoJSON lacks source_tile — will assign via spatial join
2026-04-26 00:43:13,028 - INFO - pairwise_permutation_test - GeoJSON: 783 detections from consensus_t3.geojson
2026-04-26 00:43:13,181 - WARNING - pairwise_permutation_test - GeoJSON lacks source_tile — will assign via spatial join
2026-04-26 00:43:13,181 - INFO - pairwise_permutation_test - GeoJSON: 608 detections from consensus_t10.geojson
2026-04-26 00:43:13,191 - WARNING - pairwise_permutation_test - GeoJSON lacks source_tile — will assign via spatial join
2026-04-26 00:43:13,191 - INFO - pairwise_permutation_test - GeoJSON: 604 detections from consensus_t3.geojson
2026-04-26 00:43:13,405 - WARNING - pairwise_permutation_test - GeoJSON lacks source_tile — will assign via spatial join
2026-04-26 00:43:13,405 - INFO - pairwise_permutation_test - GeoJSON: 608 detections from consensus_t10.geojson
2026-04-26 00:43:13,417 - WARNING - pairwise_permutation_test - GeoJSON lacks source_tile — will assign via spatial join
2026-04-26 00:43:13,417 - INFO - pairwise_permutation_test - GeoJSON: 802 detections from consensus_t1.geojson
2026-04-26 00:43:13,503 - WARNING - pairwise_permutation_test - GeoJSON lacks source_tile — will assign via spatial join
2026-04-26 00:43:13,503 - INFO - pairwise_permutation_test - GeoJSON: 681 detections from consensus_t2.geojson
2026-04-26 00:43:13,514 - WARNING - pairwise_permutation_test - GeoJSON lacks source_tile — will assign via spatial join
2026-04-26 00:43:13,514 - INFO - pairwise_permutation_test - GeoJSON: 616 detections from consensus_t10.geojson
2026-04-26 00:43:13,578 - WARNING - pairwise_permutation_test - GeoJSON lacks source_tile — will assign via spatial join
2026-04-26 00:43:13,578 - INFO - pairwise_permutation_test - GeoJSON: 681 detections from consensus_t2.geojson
2026-04-26 00:43:13,589 - WARNING - pairwise_permutation_test - GeoJSON lacks source_tile — will assign via spatial join
2026-04-26 00:43:13,589 - INFO - pairwise_permutation_test - GeoJSON: 745 detections from consensus_t3.geojson
2026-04-26 00:43:13,970 - WARNING - pairwise_permutation_test - GeoJSON lacks source_tile — will assign via spatial join
2026-04-26 00:43:13,970 - INFO - pairwise_permutation_test - GeoJSON: 681 detections from consensus_t2.geojson
2026-04-26 00:43:13,976 - WARNING - pairwise_permutation_test - GeoJSON lacks source_tile — will assign via spatial join
2026-04-26 00:43:13,976 - INFO - pairwise_permutation_test - GeoJSON: 681 detections from consensus_t2.geojson
2026-04-26 00:43:13,982 - WARNING - pairwise_permutation_test - GeoJSON lacks source_tile — will assign via spatial join
2026-04-26 00:43:13,982 - INFO - pairwise_permutation_test - GeoJSON: 799 detections from consensus_t3.geojson
2026-04-26 00:43:13,988 - WARNING - pairwise_permutation_test - GeoJSON lacks source_tile — will assign via spatial join
2026-04-26 00:43:13,988 - INFO - pairwise_permutation_test - GeoJSON: 794 detections from consensus_t3.geojson
2026-04-26 00:43:14,109 - WARNING - pairwise_permutation_test - GeoJSON lacks source_tile — will assign via spatial join
2026-04-26 00:43:14,109 - INFO - pairwise_permutation_test - GeoJSON: 681 detections from consensus_t2.geojson
2026-04-26 00:43:14,121 - WARNING - pairwise_permutation_test - GeoJSON lacks source_tile — will assign via spatial join
2026-04-26 00:43:14,121 - INFO - pairwise_permutation_test - GeoJSON: 783 detections from consensus_t3.geojson
2026-04-26 00:43:14,213 - WARNING - pairwise_permutation_test - GeoJSON lacks source_tile — will assign via spatial join
2026-04-26 00:43:14,213 - INFO - pairwise_permutation_test - GeoJSON: 681 detections from consensus_t2.geojson
2026-04-26 00:43:14,222 - WARNING - pairwise_permutation_test - GeoJSON lacks source_tile — will assign via spatial join
2026-04-26 00:43:14,222 - INFO - pairwise_permutation_test - GeoJSON: 604 detections from consensus_t3.geojson
2026-04-26 00:43:14,318 - WARNING - pairwise_permutation_test - GeoJSON lacks source_tile — will assign via spatial join
2026-04-26 00:43:14,318 - INFO - pairwise_permutation_test - GeoJSON: 681 detections from consensus_t2.geojson
2026-04-26 00:43:14,329 - WARNING - pairwise_permutation_test - GeoJSON lacks source_tile — will assign via spatial join
2026-04-26 00:43:14,330 - INFO - pairwise_permutation_test - GeoJSON: 802 detections from consensus_t1.geojson
2026-04-26 00:43:14,619 - WARNING - pairwise_permutation_test - GeoJSON lacks source_tile — will assign via spatial join
2026-04-26 00:43:14,619 - INFO - pairwise_permutation_test - GeoJSON: 616 detections from consensus_t10.geojson
2026-04-26 00:43:14,630 - WARNING - pairwise_permutation_test - GeoJSON lacks source_tile — will assign via spatial join
2026-04-26 00:43:14,630 - INFO - pairwise_permutation_test - GeoJSON: 745 detections from consensus_t3.geojson
2026-04-26 00:43:14,658 - WARNING - pairwise_permutation_test - GeoJSON lacks source_tile — will assign via spatial join
2026-04-26 00:43:14,658 - INFO - pairwise_permutation_test - GeoJSON: 616 detections from consensus_t10.geojson
2026-04-26 00:43:14,669 - WARNING - pairwise_permutation_test - GeoJSON lacks source_tile — will assign via spatial join
2026-04-26 00:43:14,670 - INFO - pairwise_permutation_test - GeoJSON: 799 detections from consensus_t3.geojson
2026-04-26 00:43:14,808 - WARNING - pairwise_permutation_test - GeoJSON lacks source_tile — will assign via spatial join
2026-04-26 00:43:14,808 - INFO - pairwise_permutation_test - GeoJSON: 616 detections from consensus_t10.geojson
2026-04-26 00:43:14,819 - WARNING - pairwise_permutation_test - GeoJSON lacks source_tile — will assign via spatial join
2026-04-26 00:43:14,819 - INFO - pairwise_permutation_test - GeoJSON: 794 detections from consensus_t3.geojson
2026-04-26 00:43:15,229 - WARNING - pairwise_permutation_test - GeoJSON lacks source_tile — will assign via spatial join
2026-04-26 00:43:15,229 - INFO - pairwise_permutation_test - GeoJSON: 616 detections from consensus_t10.geojson
2026-04-26 00:43:15,241 - WARNING - pairwise_permutation_test - GeoJSON lacks source_tile — will assign via spatial join
2026-04-26 00:43:15,241 - INFO - pairwise_permutation_test - GeoJSON: 783 detections from consensus_t3.geojson
2026-04-26 00:43:15,244 - WARNING - pairwise_permutation_test - GeoJSON lacks source_tile — will assign via spatial join
2026-04-26 00:43:15,244 - INFO - pairwise_permutation_test - GeoJSON: 616 detections from consensus_t10.geojson
2026-04-26 00:43:15,254 - WARNING - pairwise_permutation_test - GeoJSON lacks source_tile — will assign via spatial join
2026-04-26 00:43:15,254 - INFO - pairwise_permutation_test - GeoJSON: 604 detections from consensus_t3.geojson
2026-04-26 00:43:15,368 - WARNING - pairwise_permutation_test - GeoJSON lacks source_tile — will assign via spatial join
2026-04-26 00:43:15,368 - INFO - pairwise_permutation_test - GeoJSON: 616 detections from consensus_t10.geojson
2026-04-26 00:43:15,379 - WARNING - pairwise_permutation_test - GeoJSON lacks source_tile — will assign via spatial join
2026-04-26 00:43:15,380 - INFO - pairwise_permutation_test - GeoJSON: 802 detections from consensus_t1.geojson
2026-04-26 00:43:15,431 - WARNING - pairwise_permutation_test - GeoJSON lacks source_tile — will assign via spatial join
2026-04-26 00:43:15,431 - INFO - pairwise_permutation_test - GeoJSON: 745 detections from consensus_t3.geojson
2026-04-26 00:43:15,442 - WARNING - pairwise_permutation_test - GeoJSON lacks source_tile — will assign via spatial join
2026-04-26 00:43:15,442 - INFO - pairwise_permutation_test - GeoJSON: 799 detections from consensus_t3.geojson
2026-04-26 00:43:15,618 - WARNING - pairwise_permutation_test - GeoJSON lacks source_tile — will assign via spatial join
2026-04-26 00:43:15,618 - INFO - pairwise_permutation_test - GeoJSON: 745 detections from consensus_t3.geojson
2026-04-26 00:43:15,629 - WARNING - pairwise_permutation_test - GeoJSON lacks source_tile — will assign via spatial join
2026-04-26 00:43:15,629 - INFO - pairwise_permutation_test - GeoJSON: 794 detections from consensus_t3.geojson
2026-04-26 00:43:15,754 - WARNING - pairwise_permutation_test - GeoJSON lacks source_tile — will assign via spatial join
2026-04-26 00:43:15,754 - INFO - pairwise_permutation_test - GeoJSON: 745 detections from consensus_t3.geojson
2026-04-26 00:43:15,765 - WARNING - pairwise_permutation_test - GeoJSON lacks source_tile — will assign via spatial join
2026-04-26 00:43:15,765 - INFO - pairwise_permutation_test - GeoJSON: 783 detections from consensus_t3.geojson
2026-04-26 00:43:15,798 - WARNING - pairwise_permutation_test - GeoJSON lacks source_tile — will assign via spatial join
2026-04-26 00:43:15,798 - INFO - pairwise_permutation_test - GeoJSON: 745 detections from consensus_t3.geojson
2026-04-26 00:43:15,808 - WARNING - pairwise_permutation_test - GeoJSON lacks source_tile — will assign via spatial join
2026-04-26 00:43:15,808 - INFO - pairwise_permutation_test - GeoJSON: 604 detections from consensus_t3.geojson
2026-04-26 00:43:15,944 - WARNING - pairwise_permutation_test - GeoJSON lacks source_tile — will assign via spatial join
2026-04-26 00:43:15,944 - INFO - pairwise_permutation_test - GeoJSON: 745 detections from consensus_t3.geojson
2026-04-26 00:43:15,956 - WARNING - pairwise_permutation_test - GeoJSON lacks source_tile — will assign via spatial join
2026-04-26 00:43:15,956 - INFO - pairwise_permutation_test - GeoJSON: 802 detections from consensus_t1.geojson
2026-04-26 00:43:16,408 - WARNING - pairwise_permutation_test - GeoJSON lacks source_tile — will assign via spatial join
2026-04-26 00:43:16,408 - INFO - pairwise_permutation_test - GeoJSON: 799 detections from consensus_t3.geojson
2026-04-26 00:43:16,420 - WARNING - pairwise_permutation_test - GeoJSON lacks source_tile — will assign via spatial join
2026-04-26 00:43:16,420 - INFO - pairwise_permutation_test - GeoJSON: 794 detections from consensus_t3.geojson
2026-04-26 00:43:16,446 - WARNING - pairwise_permutation_test - GeoJSON lacks source_tile — will assign via spatial join
2026-04-26 00:43:16,446 - INFO - pairwise_permutation_test - GeoJSON: 799 detections from consensus_t3.geojson
2026-04-26 00:43:16,458 - WARNING - pairwise_permutation_test - GeoJSON lacks source_tile — will assign via spatial join
2026-04-26 00:43:16,458 - INFO - pairwise_permutation_test - GeoJSON: 783 detections from consensus_t3.geojson
2026-04-26 00:43:16,578 - WARNING - pairwise_permutation_test - GeoJSON lacks source_tile — will assign via spatial join
2026-04-26 00:43:16,578 - INFO - pairwise_permutation_test - GeoJSON: 799 detections from consensus_t3.geojson
2026-04-26 00:43:16,588 - WARNING - pairwise_permutation_test - GeoJSON lacks source_tile — will assign via spatial join
2026-04-26 00:43:16,588 - INFO - pairwise_permutation_test - GeoJSON: 604 detections from consensus_t3.geojson
2026-04-26 00:43:16,649 - WARNING - pairwise_permutation_test - GeoJSON lacks source_tile — will assign via spatial join
2026-04-26 00:43:16,649 - INFO - pairwise_permutation_test - GeoJSON: 799 detections from consensus_t3.geojson
2026-04-26 00:43:16,661 - WARNING - pairwise_permutation_test - GeoJSON lacks source_tile — will assign via spatial join
2026-04-26 00:43:16,661 - INFO - pairwise_permutation_test - GeoJSON: 802 detections from consensus_t1.geojson
2026-04-26 00:43:16,823 - WARNING - pairwise_permutation_test - GeoJSON lacks source_tile — will assign via spatial join
2026-04-26 00:43:16,823 - INFO - pairwise_permutation_test - GeoJSON: 794 detections from consensus_t3.geojson
2026-04-26 00:43:16,835 - WARNING - pairwise_permutation_test - GeoJSON lacks source_tile — will assign via spatial join
2026-04-26 00:43:16,835 - INFO - pairwise_permutation_test - GeoJSON: 783 detections from consensus_t3.geojson
2026-04-26 00:43:16,988 - WARNING - pairwise_permutation_test - GeoJSON lacks source_tile — will assign via spatial join
2026-04-26 00:43:16,988 - INFO - pairwise_permutation_test - GeoJSON: 794 detections from consensus_t3.geojson
2026-04-26 00:43:16,995 - WARNING - pairwise_permutation_test - GeoJSON lacks source_tile — will assign via spatial join
2026-04-26 00:43:16,995 - INFO - pairwise_permutation_test - GeoJSON: 794 detections from consensus_t3.geojson
2026-04-26 00:43:16,998 - WARNING - pairwise_permutation_test - GeoJSON lacks source_tile — will assign via spatial join
2026-04-26 00:43:16,998 - INFO - pairwise_permutation_test - GeoJSON: 604 detections from consensus_t3.geojson
2026-04-26 00:43:17,007 - WARNING - pairwise_permutation_test - GeoJSON lacks source_tile — will assign via spatial join
2026-04-26 00:43:17,007 - INFO - pairwise_permutation_test - GeoJSON: 802 detections from consensus_t1.geojson
2026-04-26 00:43:17,240 - WARNING - pairwise_permutation_test - GeoJSON lacks source_tile — will assign via spatial join
2026-04-26 00:43:17,240 - INFO - pairwise_permutation_test - GeoJSON: 783 detections from consensus_t3.geojson
2026-04-26 00:43:17,250 - WARNING - pairwise_permutation_test - GeoJSON lacks source_tile — will assign via spatial join
2026-04-26 00:43:17,250 - INFO - pairwise_permutation_test - GeoJSON: 604 detections from consensus_t3.geojson
2026-04-26 00:43:17,654 - WARNING - pairwise_permutation_test - GeoJSON lacks source_tile — will assign via spatial join
2026-04-26 00:43:17,654 - INFO - pairwise_permutation_test - GeoJSON: 783 detections from consensus_t3.geojson
2026-04-26 00:43:17,666 - WARNING - pairwise_permutation_test - GeoJSON lacks source_tile — will assign via spatial join
2026-04-26 00:43:17,666 - INFO - pairwise_permutation_test - GeoJSON: 802 detections from consensus_t1.geojson
2026-04-26 00:43:17,729 - WARNING - pairwise_permutation_test - GeoJSON lacks source_tile — will assign via spatial join
2026-04-26 00:43:17,729 - INFO - pairwise_permutation_test - GeoJSON: 604 detections from consensus_t3.geojson
2026-04-26 00:43:17,741 - WARNING - pairwise_permutation_test - GeoJSON lacks source_tile — will assign via spatial join
2026-04-26 00:43:17,741 - INFO - pairwise_permutation_test - GeoJSON: 802 detections from consensus_t1.geojson
2026-04-26 00:43:17,928 - INFO - __main__ - [400/406] pairwise done
2026-04-26 00:43:18,904 - INFO - __main__ - [406/406] pairwise done
2026-04-26 00:43:18,916 - INFO - __main__ - Pairwise: 0 cached, 406 computed
2026-04-26 00:43:18,917 - INFO - __main__ - Stage 4 complete in 54.4s
2026-04-26 00:43:18,917 - INFO - __main__ - FDR: 299/406 pairs significant at q=0.05 → 10 tiers
2026-04-26 00:43:18,918 - INFO - __main__ - Markdown leaderboard written to results/leaderboard/per-architecture/era2/consensus/leaderboard_tiers_20m.md
2026-04-26 00:43:18,918 - INFO - __main__ - Markdown leaderboard written to results/leaderboard/per-architecture/era2/consensus/leaderboard_tiers_30m.md
2026-04-26 00:43:18,918 - INFO - __main__ - Markdown leaderboard written to results/leaderboard/per-architecture/era2/consensus/leaderboard_tiers_40m.md
2026-04-26 00:43:18,918 - INFO - __main__ - Markdown leaderboard written to results/leaderboard/per-architecture/era2/consensus/leaderboard_tiers_50m.md
2026-04-26 00:43:18,918 - INFO - __main__ - Markdown leaderboard written to results/leaderboard/per-architecture/era2/consensus/leaderboard_tiers_100m.md
2026-04-26 00:43:18,924 - INFO - __main__ - JSON leaderboard written to results/leaderboard/per-architecture/era2/consensus/leaderboard_tiers_30m.json
2026-04-26 00:43:18,939 - INFO - __main__ - All evaluations written to results/leaderboard/per-architecture/era2/consensus/leaderboard_all_evaluations.json

========================================================================
LEADERBOARD TIERS (F1, 30m buffer)
========================================================================

Tier 1 (F1: 0.826–0.851, 2 conditions)
    1. h11-pvd-pro-high-text-n5                 F1=0.851  t=6
    2. h11-pvd-flash-high-text-n5               F1=0.826  t=26

Tier 2 (F1: 0.784–0.810, 8 conditions)
    3. p3a-high-text-t0.3                       F1=0.810  t=10
    4. p3a-high-text-t0.3-n5                    F1=0.810  t=10
    5. p3a-high-text-t1.0                       F1=0.789  t=9
    6. p3a-high-text-t1.0-n5                    F1=0.789  t=9
    7. h11-pvd-flash-high-image-n5              F1=0.809  t=7
    8. scale4-optimal-487                       F1=0.804  t=6
    9. p3a-high-image-t1.0                      F1=0.788  t=6
   10. p3a-high-image-t0.3                      F1=0.784  t=9

Tier 3 (F1: 0.730–0.730, 1 conditions)
   11. h11-e47-propose-brief                    F1=0.730  t=5

Tier 4 (F1: 0.821–0.821, 1 conditions)
   12. h11-pvd-pro-high-image-n5                F1=0.821  t=3

Tier 5 (F1: 0.728–0.737, 2 conditions)
   13. h11-pvd-image-n5                         F1=0.728  t=8
   14. h11-n1-image-t03                         F1=0.737  t=3

Tier 6 (F1: 0.669–0.715, 5 conditions)
   15. p3a-minimal-text-t1.0                    F1=0.673  t=9
   16. p3a-minimal-text-t1.0-n5                 F1=0.673  t=9
   17. h11-pvd-flash-minimal-text-n30-t07       F1=0.669  t=29
   18. p3a-min-image-t0.3                       F1=0.710  t=10
   19. p3a-min-image-t1.0                       F1=0.715  t=8

Tier 7 (F1: 0.648–0.648, 2 conditions)
   20. p3a-minimal-text-t0.3                    F1=0.648  t=10
   21. p3a-minimal-text-t0.3-n5                 F1=0.648  t=10

Tier 8 (F1: 0.692–0.692, 1 conditions)
   22. h11-n1-image-t0                          F1=0.692  t=2

Tier 9 (F1: 0.593–0.628, 6 conditions)
   23. h11-pvd-text-n10                         F1=0.628  t=10
   24. p3a-high-text-t0.0                       F1=0.627  t=3
   25. p3a-minimal-text-t0.0                    F1=0.598  t=3
   26. h11-n1-brief-text-t03                    F1=0.601  t=3
   27. h11-n1-pro-text-high-t0                  F1=0.593  t=3
   28. h11-n1-pro-image-high-t0                 F1=0.618  t=3

Tier 10 (F1: 0.550–0.550, 1 conditions)
   29. p3a-high-image-t0.0                      F1=0.550  t=1

========================================================================
Total: 29 conditions in 10 tiers
========================================================================
