{"type": "FeatureCollection", "crs": {"type": "name", "properties": {"name": "urn:ogc:def:crs:EPSG::32635"}}, "processed_tiles": ["K-35-052-4_32635_x0_y0.png", "K-35-052-4_32635_x0_y1344.png", "K-35-052-4_32635_x0_y1792.png", "K-35-052-4_32635_x0_y2240.png", "K-35-052-4_32635_x0_y2688.png", "K-35-052-4_32635_x0_y3136.png", "K-35-052-4_32635_x0_y3584.png", "K-35-052-4_32635_x0_y448.png", "K-35-052-4_32635_x0_y896.png", "K-35-052-4_32635_x1344_y0.png", "K-35-052-4_32635_x1344_y2688.png", "K-35-052-4_32635_x1344_y3136.png", "K-35-052-4_32635_x1344_y3584.png", "K-35-052-4_32635_x1344_y448.png", "K-35-052-4_32635_x1344_y896.png", "K-35-052-4_32635_x1792_y0.png", "K-35-052-4_32635_x1792_y1344.png", "K-35-052-4_32635_x1792_y1792.png", "K-35-052-4_32635_x1792_y2688.png", "K-35-052-4_32635_x1792_y3136.png", "K-35-052-4_32635_x1792_y3584.png", "K-35-052-4_32635_x1792_y448.png", "K-35-052-4_32635_x1792_y896.png", "K-35-052-4_32635_x2240_y0.png", "K-35-052-4_32635_x2240_y1344.png", "K-35-052-4_32635_x2240_y1792.png", "K-35-052-4_32635_x2240_y2688.png", "K-35-052-4_32635_x2240_y3136.png", "K-35-052-4_32635_x2240_y448.png", "K-35-052-4_32635_x2240_y896.png", "K-35-052-4_32635_x2688_y0.png", "K-35-052-4_32635_x2688_y1344.png", "K-35-052-4_32635_x2688_y1792.png", "K-35-052-4_32635_x2688_y2240.png", "K-35-052-4_32635_x2688_y2688.png", "K-35-052-4_32635_x2688_y3136.png", "K-35-052-4_32635_x2688_y3584.png", "K-35-052-4_32635_x2688_y448.png", "K-35-052-4_32635_x2688_y896.png", "K-35-052-4_32635_x3136_y0.png", "K-35-052-4_32635_x3136_y1344.png", "K-35-052-4_32635_x3136_y1792.png", "K-35-052-4_32635_x3136_y2240.png", "K-35-052-4_32635_x3136_y2688.png", "K-35-052-4_32635_x3136_y3136.png", "K-35-052-4_32635_x3136_y3584.png", "K-35-052-4_32635_x3136_y448.png", "K-35-052-4_32635_x3584_y0.png", "K-35-052-4_32635_x3584_y1344.png", "K-35-052-4_32635_x3584_y1792.png", "K-35-052-4_32635_x3584_y2240.png", "K-35-052-4_32635_x3584_y2688.png", "K-35-052-4_32635_x3584_y3136.png", "K-35-052-4_32635_x3584_y3584.png", "K-35-052-4_32635_x3584_y448.png", "K-35-052-4_32635_x3584_y896.png", "K-35-052-4_32635_x4032_y0.png", "K-35-052-4_32635_x4032_y1344.png", "K-35-052-4_32635_x4032_y1792.png", "K-35-052-4_32635_x4032_y2240.png", "K-35-052-4_32635_x4032_y2688.png", "K-35-052-4_32635_x4032_y3136.png", "K-35-052-4_32635_x4032_y3584.png", "K-35-052-4_32635_x4032_y448.png", "K-35-052-4_32635_x4032_y896.png", "K-35-052-4_32635_x448_y0.png", "K-35-052-4_32635_x448_y1344.png", "K-35-052-4_32635_x448_y1792.png", "K-35-052-4_32635_x448_y2240.png", "K-35-052-4_32635_x448_y2688.png", "K-35-052-4_32635_x448_y3136.png", "K-35-052-4_32635_x448_y3584.png", "K-35-052-4_32635_x448_y448.png", "K-35-052-4_32635_x448_y896.png", "K-35-052-4_32635_x896_y0.png", "K-35-052-4_32635_x896_y1344.png", "K-35-052-4_32635_x896_y1792.png", "K-35-052-4_32635_x896_y2240.png", "K-35-052-4_32635_x896_y2688.png", "K-35-052-4_32635_x896_y3136.png", "K-35-052-4_32635_x896_y3584.png", "K-35-052-4_32635_x896_y448.png", "K-35-052-4_32635_x896_y896.png", "K-35-053-3_Elenovo_x0_y0.png", "K-35-053-3_Elenovo_x0_y1344.png", "K-35-053-3_Elenovo_x0_y1792.png", "K-35-053-3_Elenovo_x0_y2240.png", "K-35-053-3_Elenovo_x0_y2688.png", "K-35-053-3_Elenovo_x0_y3136.png", "K-35-053-3_Elenovo_x0_y3584.png", "K-35-053-3_Elenovo_x0_y448.png", "K-35-053-3_Elenovo_x0_y896.png", "K-35-053-3_Elenovo_x1344_y0.png", "K-35-053-3_Elenovo_x1344_y1344.png", "K-35-053-3_Elenovo_x1344_y1792.png", "K-35-053-3_Elenovo_x1344_y2240.png", "K-35-053-3_Elenovo_x1344_y2688.png", "K-35-053-3_Elenovo_x1344_y3136.png", "K-35-053-3_Elenovo_x1344_y3584.png", "K-35-053-3_Elenovo_x1344_y448.png", "K-35-053-3_Elenovo_x1344_y896.png", "K-35-053-3_Elenovo_x1792_y0.png", "K-35-053-3_Elenovo_x1792_y1344.png", "K-35-053-3_Elenovo_x1792_y1792.png", "K-35-053-3_Elenovo_x1792_y2688.png", "K-35-053-3_Elenovo_x1792_y3136.png", "K-35-053-3_Elenovo_x1792_y3584.png", "K-35-053-3_Elenovo_x1792_y448.png", "K-35-053-3_Elenovo_x1792_y896.png", "K-35-053-3_Elenovo_x2240_y0.png", "K-35-053-3_Elenovo_x2240_y1344.png", "K-35-053-3_Elenovo_x2240_y1792.png", "K-35-053-3_Elenovo_x2240_y2688.png", "K-35-053-3_Elenovo_x2240_y3136.png", "K-35-053-3_Elenovo_x2240_y448.png", "K-35-053-3_Elenovo_x2240_y896.png", "K-35-053-3_Elenovo_x2688_y0.png", "K-35-053-3_Elenovo_x2688_y1344.png", "K-35-053-3_Elenovo_x2688_y1792.png", "K-35-053-3_Elenovo_x2688_y2240.png", "K-35-053-3_Elenovo_x2688_y2688.png", "K-35-053-3_Elenovo_x2688_y3136.png", "K-35-053-3_Elenovo_x2688_y3584.png", "K-35-053-3_Elenovo_x2688_y448.png", "K-35-053-3_Elenovo_x2688_y896.png", "K-35-053-3_Elenovo_x3136_y0.png", "K-35-053-3_Elenovo_x3136_y1344.png", "K-35-053-3_Elenovo_x3136_y1792.png", "K-35-053-3_Elenovo_x3136_y2240.png", "K-35-053-3_Elenovo_x3136_y2688.png", "K-35-053-3_Elenovo_x3136_y3584.png", "K-35-053-3_Elenovo_x3136_y448.png", "K-35-053-3_Elenovo_x3136_y896.png", "K-35-053-3_Elenovo_x3584_y0.png", "K-35-053-3_Elenovo_x3584_y1344.png", "K-35-053-3_Elenovo_x3584_y1792.png", "K-35-053-3_Elenovo_x3584_y2240.png", "K-35-053-3_Elenovo_x3584_y2688.png", "K-35-053-3_Elenovo_x3584_y3136.png", "K-35-053-3_Elenovo_x3584_y3584.png", "K-35-053-3_Elenovo_x3584_y448.png", "K-35-053-3_Elenovo_x3584_y896.png", "K-35-053-3_Elenovo_x4032_y0.png", "K-35-053-3_Elenovo_x4032_y1344.png", "K-35-053-3_Elenovo_x4032_y1792.png", "K-35-053-3_Elenovo_x4032_y2240.png", "K-35-053-3_Elenovo_x4032_y2688.png", "K-35-053-3_Elenovo_x4032_y3136.png", "K-35-053-3_Elenovo_x4032_y3584.png", "K-35-053-3_Elenovo_x4032_y448.png", "K-35-053-3_Elenovo_x4032_y896.png", "K-35-053-3_Elenovo_x448_y0.png", "K-35-053-3_Elenovo_x448_y1344.png", "K-35-053-3_Elenovo_x448_y1792.png", "K-35-053-3_Elenovo_x448_y2240.png", "K-35-053-3_Elenovo_x448_y2688.png", "K-35-053-3_Elenovo_x448_y3136.png", "K-35-053-3_Elenovo_x448_y3584.png", "K-35-053-3_Elenovo_x448_y448.png", "K-35-053-3_Elenovo_x448_y896.png", "K-35-053-3_Elenovo_x896_y0.png", "K-35-053-3_Elenovo_x896_y1792.png", "K-35-053-3_Elenovo_x896_y2240.png", "K-35-053-3_Elenovo_x896_y2688.png", "K-35-053-3_Elenovo_x896_y3136.png", "K-35-053-3_Elenovo_x896_y3584.png", "K-35-053-3_Elenovo_x896_y448.png", "K-35-053-3_Elenovo_x896_y896.png", "K-35-062-2_Rakovski_x0_y0.png", "K-35-062-2_Rakovski_x0_y1344.png", "K-35-062-2_Rakovski_x0_y2240.png", "K-35-062-2_Rakovski_x0_y2688.png", "K-35-062-2_Rakovski_x0_y3584.png", "K-35-062-2_Rakovski_x0_y448.png", "K-35-062-2_Rakovski_x0_y896.png", "K-35-062-2_Rakovski_x1344_y0.png", "K-35-062-2_Rakovski_x1344_y1344.png", "K-35-062-2_Rakovski_x1344_y1792.png", "K-35-062-2_Rakovski_x1344_y2240.png", "K-35-062-2_Rakovski_x1344_y2688.png", "K-35-062-2_Rakovski_x1344_y3136.png", "K-35-062-2_Rakovski_x1344_y3584.png", "K-35-062-2_Rakovski_x1344_y448.png", "K-35-062-2_Rakovski_x1344_y896.png", "K-35-062-2_Rakovski_x1792_y0.png", "K-35-062-2_Rakovski_x1792_y1344.png", "K-35-062-2_Rakovski_x1792_y1792.png", "K-35-062-2_Rakovski_x1792_y2240.png", "K-35-062-2_Rakovski_x1792_y2688.png", "K-35-062-2_Rakovski_x1792_y3136.png", "K-35-062-2_Rakovski_x1792_y3584.png", "K-35-062-2_Rakovski_x1792_y448.png", "K-35-062-2_Rakovski_x1792_y896.png", "K-35-062-2_Rakovski_x2240_y0.png", "K-35-062-2_Rakovski_x2240_y1344.png", "K-35-062-2_Rakovski_x2240_y1792.png", "K-35-062-2_Rakovski_x2240_y2240.png", "K-35-062-2_Rakovski_x2240_y2688.png", "K-35-062-2_Rakovski_x2240_y3136.png", "K-35-062-2_Rakovski_x2240_y3584.png", "K-35-062-2_Rakovski_x2240_y448.png", "K-35-062-2_Rakovski_x2240_y896.png", "K-35-062-2_Rakovski_x2688_y0.png", "K-35-062-2_Rakovski_x2688_y1344.png", "K-35-062-2_Rakovski_x2688_y1792.png", "K-35-062-2_Rakovski_x2688_y2240.png", "K-35-062-2_Rakovski_x2688_y2688.png", "K-35-062-2_Rakovski_x2688_y3136.png", "K-35-062-2_Rakovski_x2688_y3584.png", "K-35-062-2_Rakovski_x2688_y448.png", "K-35-062-2_Rakovski_x2688_y896.png", "K-35-062-2_Rakovski_x3136_y0.png", "K-35-062-2_Rakovski_x3136_y1344.png", "K-35-062-2_Rakovski_x3136_y1792.png", "K-35-062-2_Rakovski_x3136_y2240.png", "K-35-062-2_Rakovski_x3136_y2688.png", "K-35-062-2_Rakovski_x3136_y3136.png", "K-35-062-2_Rakovski_x3136_y3584.png", "K-35-062-2_Rakovski_x3136_y448.png", "K-35-062-2_Rakovski_x3136_y896.png", "K-35-062-2_Rakovski_x3584_y0.png", "K-35-062-2_Rakovski_x3584_y1344.png", "K-35-062-2_Rakovski_x3584_y1792.png", "K-35-062-2_Rakovski_x3584_y2240.png", "K-35-062-2_Rakovski_x3584_y2688.png", "K-35-062-2_Rakovski_x3584_y3136.png", "K-35-062-2_Rakovski_x3584_y3584.png", "K-35-062-2_Rakovski_x3584_y448.png", "K-35-062-2_Rakovski_x3584_y896.png", "K-35-062-2_Rakovski_x4032_y0.png", "K-35-062-2_Rakovski_x4032_y1344.png", "K-35-062-2_Rakovski_x4032_y1792.png", "K-35-062-2_Rakovski_x4032_y2240.png", "K-35-062-2_Rakovski_x4032_y2688.png", "K-35-062-2_Rakovski_x4032_y3136.png", "K-35-062-2_Rakovski_x4032_y3584.png", "K-35-062-2_Rakovski_x4032_y448.png", "K-35-062-2_Rakovski_x4032_y896.png", "K-35-062-2_Rakovski_x448_y0.png", "K-35-062-2_Rakovski_x448_y1344.png", "K-35-062-2_Rakovski_x448_y1792.png", "K-35-062-2_Rakovski_x448_y2240.png", "K-35-062-2_Rakovski_x448_y3584.png", "K-35-062-2_Rakovski_x448_y448.png", "K-35-062-2_Rakovski_x448_y896.png", "K-35-062-2_Rakovski_x896_y0.png", "K-35-062-2_Rakovski_x896_y1344.png", "K-35-062-2_Rakovski_x896_y1792.png", "K-35-062-2_Rakovski_x896_y2240.png", "K-35-062-2_Rakovski_x896_y3584.png", "K-35-062-2_Rakovski_x896_y448.png", "K-35-062-2_Rakovski_x896_y896.png", "K-35-078-1_Lesovo_x0_y0.png", "K-35-078-1_Lesovo_x0_y1344.png", "K-35-078-1_Lesovo_x0_y1792.png", "K-35-078-1_Lesovo_x0_y2240.png", "K-35-078-1_Lesovo_x0_y2688.png", "K-35-078-1_Lesovo_x0_y3136.png", "K-35-078-1_Lesovo_x0_y3584.png", "K-35-078-1_Lesovo_x0_y448.png", "K-35-078-1_Lesovo_x0_y896.png", "K-35-078-1_Lesovo_x1344_y1344.png", "K-35-078-1_Lesovo_x1344_y1792.png", "K-35-078-1_Lesovo_x1344_y2240.png", "K-35-078-1_Lesovo_x1344_y2688.png", "K-35-078-1_Lesovo_x1344_y3136.png", "K-35-078-1_Lesovo_x1344_y3584.png", "K-35-078-1_Lesovo_x1792_y0.png", "K-35-078-1_Lesovo_x1792_y1344.png", "K-35-078-1_Lesovo_x1792_y1792.png", "K-35-078-1_Lesovo_x1792_y2240.png", "K-35-078-1_Lesovo_x1792_y2688.png", "K-35-078-1_Lesovo_x1792_y3136.png", "K-35-078-1_Lesovo_x1792_y3584.png", "K-35-078-1_Lesovo_x1792_y448.png", "K-35-078-1_Lesovo_x1792_y896.png", "K-35-078-1_Lesovo_x2240_y0.png", "K-35-078-1_Lesovo_x2240_y1344.png", "K-35-078-1_Lesovo_x2240_y1792.png", "K-35-078-1_Lesovo_x2240_y2240.png", "K-35-078-1_Lesovo_x2240_y2688.png", "K-35-078-1_Lesovo_x2240_y3136.png", "K-35-078-1_Lesovo_x2240_y3584.png", "K-35-078-1_Lesovo_x2240_y448.png", "K-35-078-1_Lesovo_x2240_y896.png", "K-35-078-1_Lesovo_x2688_y0.png", "K-35-078-1_Lesovo_x2688_y1344.png", "K-35-078-1_Lesovo_x2688_y1792.png", "K-35-078-1_Lesovo_x2688_y2240.png", "K-35-078-1_Lesovo_x2688_y2688.png", "K-35-078-1_Lesovo_x2688_y3136.png", "K-35-078-1_Lesovo_x2688_y3584.png", "K-35-078-1_Lesovo_x2688_y448.png", "K-35-078-1_Lesovo_x2688_y896.png", "K-35-078-1_Lesovo_x3136_y0.png", "K-35-078-1_Lesovo_x3136_y1344.png", "K-35-078-1_Lesovo_x3136_y1792.png", "K-35-078-1_Lesovo_x3136_y2240.png", "K-35-078-1_Lesovo_x3136_y3136.png", "K-35-078-1_Lesovo_x3136_y3584.png", "K-35-078-1_Lesovo_x3136_y448.png", "K-35-078-1_Lesovo_x3136_y896.png", "K-35-078-1_Lesovo_x3584_y0.png", "K-35-078-1_Lesovo_x3584_y1344.png", "K-35-078-1_Lesovo_x3584_y1792.png", "K-35-078-1_Lesovo_x3584_y2240.png", "K-35-078-1_Lesovo_x3584_y2688.png", "K-35-078-1_Lesovo_x3584_y448.png", "K-35-078-1_Lesovo_x3584_y896.png", "K-35-078-1_Lesovo_x4032_y0.png", "K-35-078-1_Lesovo_x4032_y1344.png", "K-35-078-1_Lesovo_x4032_y1792.png", "K-35-078-1_Lesovo_x4032_y2240.png", "K-35-078-1_Lesovo_x4032_y2688.png", "K-35-078-1_Lesovo_x4032_y448.png", "K-35-078-1_Lesovo_x4032_y896.png", "K-35-078-1_Lesovo_x448_y0.png", "K-35-078-1_Lesovo_x448_y1344.png", "K-35-078-1_Lesovo_x448_y1792.png", "K-35-078-1_Lesovo_x448_y2240.png", "K-35-078-1_Lesovo_x448_y2688.png", "K-35-078-1_Lesovo_x448_y3136.png", "K-35-078-1_Lesovo_x448_y3584.png", "K-35-078-1_Lesovo_x448_y448.png", "K-35-078-1_Lesovo_x448_y896.png", "K-35-078-1_Lesovo_x896_y0.png", "K-35-078-1_Lesovo_x896_y1344.png", "K-35-078-1_Lesovo_x896_y1792.png", "K-35-078-1_Lesovo_x896_y2240.png", "K-35-078-1_Lesovo_x896_y2688.png", "K-35-078-1_Lesovo_x896_y448.png", "K-35-078-1_Lesovo_x896_y896.png"], "features": [{"type": "Feature", "geometry": {"type": "Point", "coordinates": [417449.22939493746, 4692471.586919937]}, "properties": {"source_tile": "K-35-052-4_32635_x4032_y2240.png", "label": "benchmark_mound", "subtype": "benchmark_mound", "votes": 3}}, {"type": "Feature", "geometry": {"type": "Point", "coordinates": [417488.4292695, 4698759.679732167]}, "properties": {"source_tile": "K-35-052-4_32635_x4032_y1344.png", "label": "burial_mound", "subtype": "burial_mound", "votes": 3}}, {"type": "Feature", "geometry": {"type": "Point", "coordinates": [400151.02203283337, 4691488.543840666]}, "properties": {"source_tile": "K-35-052-4_32635_x448_y2688.png", "label": "burial_mound", "subtype": "burial_mound", "votes": 3}}, {"type": "Feature", "geometry": {"type": "Point", "coordinates": [398996.99054250005, 4695506.330607333]}, "properties": {"source_tile": "K-35-052-4_32635_x0_y1792.png", "label": "burial_mound", "subtype": "burial_mound", "votes": 3}}, {"type": "Feature", "geometry": {"type": "Point", "coordinates": [399079.7191128333, 4694161.189706835]}, "properties": {"source_tile": "K-35-052-4_32635_x0_y2240.png", "label": "burial_mound", "subtype": "burial_mound", "votes": 3}}, {"type": "Feature", "geometry": {"type": "Point", "coordinates": [399256.2387949167, 4694106.999286584]}, "properties": {"source_tile": "K-35-052-4_32635_x0_y2240.png", "label": "burial_mound", "subtype": "burial_mound", "votes": 3}}, {"type": "Feature", "geometry": {"type": "Point", "coordinates": [409850.4659196667, 4703529.719312667]}, "properties": {"source_tile": "K-35-052-4_32635_x2240_y448.png", "label": "burial_mound", "subtype": "burial_mound", "votes": 3}}, {"type": "Feature", "geometry": {"type": "Point", "coordinates": [399296.8014465, 4705150.301460667]}, "properties": {"source_tile": "K-35-052-4_32635_x448_y0.png", "label": "benchmark_mound", "subtype": "benchmark_mound", "votes": 3}}, {"type": "Feature", "geometry": {"type": "Point", "coordinates": [411031.5926198333, 4699160.656775501]}, "properties": {"source_tile": "K-35-052-4_32635_x2688_y896.png", "label": "triangulation_mound", "subtype": "triangulation_mound", "votes": 3}}, {"type": "Feature", "geometry": {"type": "Point", "coordinates": [397287.9080631666, 4695076.655087333]}, "properties": {"source_tile": "K-35-052-4_32635_x0_y1792.png", "label": "burial_mound", "subtype": "burial_mound", "votes": 3}}, {"type": "Feature", "geometry": {"type": "Point", "coordinates": [398338.68916716665, 4694227.564955]}, "properties": {"source_tile": "K-35-052-4_32635_x0_y2240.png", "label": "burial_mound", "subtype": "burial_mound", "votes": 3}}, {"type": "Feature", "geometry": {"type": "Point", "coordinates": [398335.48263350007, 4694108.762880333]}, "properties": {"source_tile": "K-35-052-4_32635_x0_y2240.png", "label": "burial_mound", "subtype": "burial_mound", "votes": 3}}, {"type": "Feature", "geometry": {"type": "Point", "coordinates": [398653.4104530833, 4694213.776860001]}, "properties": {"source_tile": "K-35-052-4_32635_x0_y2240.png", "label": "burial_mound", "subtype": "burial_mound", "votes": 3}}, {"type": "Feature", "geometry": {"type": "Point", "coordinates": [410887.77958200005, 4702442.063070334]}, "properties": {"source_tile": "K-35-052-4_32635_x2688_y448.png", "label": "burial_mound", "subtype": "burial_mound", "votes": 3}}, {"type": "Feature", "geometry": {"type": "Point", "coordinates": [410600.15350600006, 4689443.416626667]}, "properties": {"source_tile": "K-35-052-4_32635_x2240_y3136.png", "label": "benchmark_mound", "subtype": "benchmark_mound", "votes": 3}}, {"type": "Feature", "geometry": {"type": "Point", "coordinates": [409917.4824745, 4700731.056670501]}, "properties": {"source_tile": "K-35-052-4_32635_x2240_y896.png", "label": "burial_mound", "subtype": "burial_mound", "votes": 3}}, {"type": "Feature", "geometry": {"type": "Point", "coordinates": [408841.0491006667, 4701978.077639167]}, "properties": {"source_tile": "K-35-052-4_32635_x2240_y448.png", "label": "burial_mound", "subtype": "burial_mound", "votes": 3}}, {"type": "Feature", "geometry": {"type": "Point", "coordinates": [412445.8343225, 4690829.2805055]}, "properties": {"source_tile": "K-35-052-4_32635_x2688_y2688.png", "label": "burial_mound", "subtype": "burial_mound", "votes": 3}}, {"type": "Feature", "geometry": {"type": "Point", "coordinates": [400136.91328416666, 4696422.116641333]}, "properties": {"source_tile": "K-35-052-4_32635_x448_y1792.png", "label": "burial_mound", "subtype": "burial_mound", "votes": 3}}, {"type": "Feature", "geometry": {"type": "Point", "coordinates": [400299.0035645, 4696432.6982028335]}, "properties": {"source_tile": "K-35-052-4_32635_x448_y1792.png", "label": "burial_mound", "subtype": "burial_mound", "votes": 3}}, {"type": "Feature", "geometry": {"type": "Point", "coordinates": [411716.50822483335, 4697516.185950667]}, "properties": {"source_tile": "K-35-052-4_32635_x2688_y1344.png", "label": "burial_mound", "subtype": "burial_mound", "votes": 3}}, {"type": "Feature", "geometry": {"type": "Point", "coordinates": [415430.9569005, 4696727.859632834]}, "properties": {"source_tile": "K-35-052-4_32635_x3584_y1792.png", "label": "benchmark_mound", "subtype": "benchmark_mound", "votes": 3}}, {"type": "Feature", "geometry": {"type": "Point", "coordinates": [410998.72564899997, 4705053.784795334]}, "properties": {"source_tile": "K-35-052-4_32635_x2688_y0.png", "label": "benchmark_mound", "subtype": "benchmark_mound", "votes": 3}}, {"type": "Feature", "geometry": {"type": "Point", "coordinates": [416997.8296085, 4696287.121571335]}, "properties": {"source_tile": "K-35-052-4_32635_x3584_y1792.png", "label": "benchmark_mound", "subtype": "benchmark_mound", "votes": 3}}, {"type": "Feature", "geometry": {"type": "Point", "coordinates": [406633.67127916665, 4705478.3298615]}, "properties": {"source_tile": "K-35-052-4_32635_x1792_y0.png", "label": "triangulation_mound", "subtype": "triangulation_mound", "votes": 3}}, {"type": "Feature", "geometry": {"type": "Point", "coordinates": [406636.23650633334, 4705352.9543923335]}, "properties": {"source_tile": "K-35-052-4_32635_x1792_y0.png", "label": "burial_mound", "subtype": "burial_mound", "votes": 3}}, {"type": "Feature", "geometry": {"type": "Point", "coordinates": [407213.4125781667, 4705556.248630834]}, "properties": {"source_tile": "K-35-052-4_32635_x1792_y0.png", "label": "burial_mound", "subtype": "burial_mound", "votes": 3}}, {"type": "Feature", "geometry": {"type": "Point", "coordinates": [407179.26299400005, 4705181.084184417]}, "properties": {"source_tile": "K-35-052-4_32635_x1792_y0.png", "label": "burial_mound", "subtype": "burial_mound", "votes": 3}}, {"type": "Feature", "geometry": {"type": "Point", "coordinates": [406707.1009018333, 4704342.896266833]}, "properties": {"source_tile": "K-35-052-4_32635_x1792_y0.png", "label": "triangulation_mound", "subtype": "triangulation_mound", "votes": 3}}, {"type": "Feature", "geometry": {"type": "Point", "coordinates": [414302.09670016664, 4691467.701371499]}, "properties": {"source_tile": "K-35-052-4_32635_x3136_y2688.png", "label": "burial_mound", "subtype": "burial_mound", "votes": 3}}, {"type": "Feature", "geometry": {"type": "Point", "coordinates": [400264.2126733333, 4688369.869132667]}, "properties": {"source_tile": "K-35-052-4_32635_x448_y3136.png", "label": "triangulation_mound", "subtype": "triangulation_mound", "votes": 3}}, {"type": "Feature", "geometry": {"type": "Point", "coordinates": [413479.4604709167, 4694113.893334166]}, "properties": {"source_tile": "K-35-052-4_32635_x3136_y2240.png", "label": "burial_mound", "subtype": "burial_mound", "votes": 3}}, {"type": "Feature", "geometry": {"type": "Point", "coordinates": [412734.101705, 4692728.189781833]}, "properties": {"source_tile": "K-35-052-4_32635_x2688_y2240.png", "label": "triangulation_mound", "subtype": "triangulation_mound", "votes": 3}}, {"type": "Feature", "geometry": {"type": "Point", "coordinates": [400466.22429883335, 4705730.684066166]}, "properties": {"source_tile": "K-35-052-4_32635_x448_y0.png", "label": "triangulation_mound", "subtype": "triangulation_mound", "votes": 3}}, {"type": "Feature", "geometry": {"type": "Point", "coordinates": [407897.6868765, 4700382.506454167]}, "properties": {"source_tile": "K-35-052-4_32635_x1792_y896.png", "label": "burial_mound", "subtype": "burial_mound", "votes": 3}}, {"type": "Feature", "geometry": {"type": "Point", "coordinates": [407328.52713899995, 4700515.2569505]}, "properties": {"source_tile": "K-35-052-4_32635_x1792_y896.png", "label": "burial_mound", "subtype": "burial_mound", "votes": 3}}, {"type": "Feature", "geometry": {"type": "Point", "coordinates": [400615.0074638333, 4694560.72381]}, "properties": {"source_tile": "K-35-052-4_32635_x448_y2240.png", "label": "triangulation_mound", "subtype": "triangulation_mound", "votes": 3}}, {"type": "Feature", "geometry": {"type": "Point", "coordinates": [417449.30955816666, 4701791.778029166]}, "properties": {"source_tile": "K-35-052-4_32635_x4032_y448.png", "label": "burial_mound", "subtype": "burial_mound", "votes": 3}}, {"type": "Feature", "geometry": {"type": "Point", "coordinates": [417293.1513653333, 4701176.7648595]}, "properties": {"source_tile": "K-35-052-4_32635_x3584_y896.png", "label": "burial_mound", "subtype": "burial_mound", "votes": 3}}, {"type": "Feature", "geometry": {"type": "Point", "coordinates": [407232.0104736667, 4705478.009207833]}, "properties": {"source_tile": "K-35-052-4_32635_x1792_y0.png", "label": "burial_mound", "subtype": "burial_mound", "votes": 3}}, {"type": "Feature", "geometry": {"type": "Point", "coordinates": [407106.63500483334, 4705310.628147]}, "properties": {"source_tile": "K-35-052-4_32635_x1792_y0.png", "label": "burial_mound", "subtype": "burial_mound", "votes": 3}}, {"type": "Feature", "geometry": {"type": "Point", "coordinates": [407108.2382715, 4705227.5789235]}, "properties": {"source_tile": "K-35-052-4_32635_x1792_y0.png", "label": "burial_mound", "subtype": "burial_mound", "votes": 3}}, {"type": "Feature", "geometry": {"type": "Point", "coordinates": [401254.3902898333, 4688433.679154333]}, "properties": {"source_tile": "K-35-052-4_32635_x448_y3136.png", "label": "burial_mound", "subtype": "burial_mound", "votes": 3}}, {"type": "Feature", "geometry": {"type": "Point", "coordinates": [418454.9652598333, 4704983.306443666]}, "properties": {"source_tile": "K-35-052-4_32635_x4032_y0.png", "label": "triangulation_mound", "subtype": "triangulation_mound", "votes": 3}}, {"type": "Feature", "geometry": {"type": "Point", "coordinates": [400310.3867593333, 4689924.7173395]}, "properties": {"source_tile": "K-35-052-4_32635_x448_y3136.png", "label": "benchmark_mound", "subtype": "benchmark_mound", "votes": 3}}, {"type": "Feature", "geometry": {"type": "Point", "coordinates": [419131.19499449997, 4692916.341130999]}, "properties": {"source_tile": "K-35-053-3_Elenovo_x0_y2240.png", "label": "benchmark_mound", "subtype": "benchmark_mound", "votes": 3}}, {"type": "Feature", "geometry": {"type": "Point", "coordinates": [401442.6138198334, 4693255.664580666]}, "properties": {"source_tile": "K-35-052-4_32635_x896_y2240.png", "label": "triangulation_mound", "subtype": "triangulation_mound", "votes": 3}}, {"type": "Feature", "geometry": {"type": "Point", "coordinates": [400769.883043, 4693392.904224667]}, "properties": {"source_tile": "K-35-052-4_32635_x448_y2240.png", "label": "burial_mound", "subtype": "burial_mound", "votes": 3}}, {"type": "Feature", "geometry": {"type": "Point", "coordinates": [401266.5751181667, 4693507.698132166]}, "properties": {"source_tile": "K-35-052-4_32635_x448_y2240.png", "label": "burial_mound", "subtype": "burial_mound", "votes": 3}}, {"type": "Feature", "geometry": {"type": "Point", "coordinates": [416418.7296166667, 4692033.333922]}, "properties": {"source_tile": "K-35-052-4_32635_x3584_y2688.png", "label": "burial_mound", "subtype": "burial_mound", "votes": 3}}, {"type": "Feature", "geometry": {"type": "Point", "coordinates": [418106.4295926667, 4700503.48484975]}, "properties": {"source_tile": "K-35-052-4_32635_x4032_y896.png", "label": "triangulation_mound", "subtype": "triangulation_mound", "votes": 3}}, {"type": "Feature", "geometry": {"type": "Point", "coordinates": [400089.7772385, 4689799.662524]}, "properties": {"source_tile": "K-35-052-4_32635_x448_y3136.png", "label": "burial_mound", "subtype": "burial_mound", "votes": 3}}, {"type": "Feature", "geometry": {"type": "Point", "coordinates": [417758.8558455, 4701344.0425785]}, "properties": {"source_tile": "K-35-052-4_32635_x4032_y896.png", "label": "burial_mound", "subtype": "burial_mound", "votes": 3}}, {"type": "Feature", "geometry": {"type": "Point", "coordinates": [418083.34351349995, 4701533.8614515]}, "properties": {"source_tile": "K-35-053-3_Elenovo_x0_y448.png", "label": "burial_mound", "subtype": "burial_mound", "votes": 3}}, {"type": "Feature", "geometry": {"type": "Point", "coordinates": [409575.98663199996, 4702086.4584795]}, "properties": {"source_tile": "K-35-052-4_32635_x2240_y448.png", "label": "benchmark_mound", "subtype": "benchmark_mound", "votes": 3}}, {"type": "Feature", "geometry": {"type": "Point", "coordinates": [400657.9750161667, 4691883.909450166]}, "properties": {"source_tile": "K-35-052-4_32635_x448_y2688.png", "label": "burial_mound", "subtype": "burial_mound", "votes": 3}}, {"type": "Feature", "geometry": {"type": "Point", "coordinates": [424541.35351449996, 4695094.1279299995]}, "properties": {"source_tile": "K-35-053-3_Elenovo_x1344_y1792.png", "label": "burial_mound", "subtype": "burial_mound", "votes": 3}}, {"type": "Feature", "geometry": {"type": "Point", "coordinates": [425048.6059755, 4694835.3714595]}, "properties": {"source_tile": "K-35-053-3_Elenovo_x1344_y1792.png", "label": "burial_mound", "subtype": "burial_mound", "votes": 3}}, {"type": "Feature", "geometry": {"type": "Point", "coordinates": [425649.48531350004, 4694140.5446055]}, "properties": {"source_tile": "K-35-053-3_Elenovo_x1344_y2240.png", "label": "burial_mound", "subtype": "burial_mound", "votes": 3}}, {"type": "Feature", "geometry": {"type": "Point", "coordinates": [423368.13179783337, 4700524.807409]}, "properties": {"source_tile": "K-35-053-3_Elenovo_x896_y896.png", "label": "burial_mound", "subtype": "burial_mound", "votes": 3}}, {"type": "Feature", "geometry": {"type": "Point", "coordinates": [422672.3430235833, 4705621.540340084]}, "properties": {"source_tile": "K-35-053-3_Elenovo_x896_y0.png", "label": "burial_mound", "subtype": "burial_mound", "votes": 3}}, {"type": "Feature", "geometry": {"type": "Point", "coordinates": [424184.1605675, 4705434.126266833]}, "properties": {"source_tile": "K-35-053-3_Elenovo_x896_y0.png", "label": "burial_mound", "subtype": "burial_mound", "votes": 3}}, {"type": "Feature", "geometry": {"type": "Point", "coordinates": [423658.95226700004, 4704888.0763673335]}, "properties": {"source_tile": "K-35-053-3_Elenovo_x896_y0.png", "label": "burial_mound", "subtype": "burial_mound", "votes": 3}}, {"type": "Feature", "geometry": {"type": "Point", "coordinates": [424112.0165701667, 4703922.950003084]}, "properties": {"source_tile": "K-35-053-3_Elenovo_x896_y0.png", "label": "triangulation_mound", "subtype": "triangulation_mound", "votes": 3}}, {"type": "Feature", "geometry": {"type": "Point", "coordinates": [418589.63405449997, 4696629.993473333]}, "properties": {"source_tile": "K-35-052-4_32635_x4032_y1792.png", "label": "burial_mound", "subtype": "burial_mound", "votes": 3}}, {"type": "Feature", "geometry": {"type": "Point", "coordinates": [418333.7633445, 4696361.938443333]}, "properties": {"source_tile": "K-35-052-4_32635_x4032_y1792.png", "label": "burial_mound", "subtype": "burial_mound", "votes": 3}}, {"type": "Feature", "geometry": {"type": "Point", "coordinates": [417977.85295749997, 4696304.223245334]}, "properties": {"source_tile": "K-35-052-4_32635_x4032_y1792.png", "label": "burial_mound", "subtype": "burial_mound", "votes": 3}}, {"type": "Feature", "geometry": {"type": "Point", "coordinates": [418032.6823955001, 4696102.5406926675]}, "properties": {"source_tile": "K-35-052-4_32635_x4032_y1792.png", "label": "burial_mound", "subtype": "burial_mound", "votes": 3}}, {"type": "Feature", "geometry": {"type": "Point", "coordinates": [418118.2932725, 4696124.344211667]}, "properties": {"source_tile": "K-35-052-4_32635_x4032_y1792.png", "label": "burial_mound", "subtype": "burial_mound", "votes": 3}}, {"type": "Feature", "geometry": {"type": "Point", "coordinates": [418170.2369503333, 4695825.828383333]}, "properties": {"source_tile": "K-35-052-4_32635_x4032_y1792.png", "label": "burial_mound", "subtype": "burial_mound", "votes": 3}}, {"type": "Feature", "geometry": {"type": "Point", "coordinates": [407722.93078800006, 4696364.078380833]}, "properties": {"source_tile": "K-35-052-4_32635_x1792_y1792.png", "label": "burial_mound", "subtype": "burial_mound", "votes": 3}}, {"type": "Feature", "geometry": {"type": "Point", "coordinates": [425820.38642691664, 4692107.687080584]}, "properties": {"source_tile": "K-35-053-3_Elenovo_x1344_y2240.png", "label": "burial_mound", "subtype": "burial_mound", "votes": 3}}, {"type": "Feature", "geometry": {"type": "Point", "coordinates": [425871.3681851667, 4691855.022769834]}, "properties": {"source_tile": "K-35-053-3_Elenovo_x1344_y2688.png", "label": "burial_mound", "subtype": "burial_mound", "votes": 3}}, {"type": "Feature", "geometry": {"type": "Point", "coordinates": [426692.5271945, 4696103.1819725]}, "properties": {"source_tile": "K-35-053-3_Elenovo_x1792_y1792.png", "label": "burial_mound", "subtype": "burial_mound", "votes": 3}}, {"type": "Feature", "geometry": {"type": "Point", "coordinates": [399206.3771955, 4693479.801288667]}, "properties": {"source_tile": "K-35-052-4_32635_x0_y2240.png", "label": "burial_mound", "subtype": "burial_mound", "votes": 3}}, {"type": "Feature", "geometry": {"type": "Point", "coordinates": [398955.30560400005, 4693540.725429666]}, "properties": {"source_tile": "K-35-052-4_32635_x0_y2240.png", "label": "burial_mound", "subtype": "burial_mound", "votes": 3}}, {"type": "Feature", "geometry": {"type": "Point", "coordinates": [398696.21767833334, 4693227.928064]}, "properties": {"source_tile": "K-35-052-4_32635_x0_y2240.png", "label": "burial_mound", "subtype": "burial_mound", "votes": 3}}, {"type": "Feature", "geometry": {"type": "Point", "coordinates": [398733.253143, 4693112.332522917]}, "properties": {"source_tile": "K-35-052-4_32635_x0_y2240.png", "label": "burial_mound", "subtype": "burial_mound", "votes": 3}}, {"type": "Feature", "geometry": {"type": "Point", "coordinates": [400044.5651126667, 4693223.27859]}, "properties": {"source_tile": "K-35-052-4_32635_x448_y2240.png", "label": "triangulation_mound", "subtype": "triangulation_mound", "votes": 3}}, {"type": "Feature", "geometry": {"type": "Point", "coordinates": [398673.93226908334, 4693346.4094855]}, "properties": {"source_tile": "K-35-052-4_32635_x0_y2240.png", "label": "triangulation_mound", "subtype": "triangulation_mound", "votes": 3}}, {"type": "Feature", "geometry": {"type": "Point", "coordinates": [426205.79569266667, 4700201.281660833]}, "properties": {"source_tile": "K-35-053-3_Elenovo_x1344_y896.png", "label": "benchmark_mound", "subtype": "benchmark_mound", "votes": 3}}, {"type": "Feature", "geometry": {"type": "Point", "coordinates": [426962.82670483337, 4687175.2821435]}, "properties": {"source_tile": "K-35-053-3_Elenovo_x1792_y3584.png", "label": "burial_mound", "subtype": "burial_mound", "votes": 3}}, {"type": "Feature", "geometry": {"type": "Point", "coordinates": [425983.59218075004, 4703874.052404583]}, "properties": {"source_tile": "K-35-053-3_Elenovo_x1344_y0.png", "label": "burial_mound", "subtype": "burial_mound", "votes": 3}}, {"type": "Feature", "geometry": {"type": "Point", "coordinates": [428707.42888, 4697006.745459166]}, "properties": {"source_tile": "K-35-053-3_Elenovo_x1792_y1344.png", "label": "benchmark_mound", "subtype": "benchmark_mound", "votes": 3}}, {"type": "Feature", "geometry": {"type": "Point", "coordinates": [429047.3072676666, 4700172.744701666]}, "properties": {"source_tile": "K-35-053-3_Elenovo_x2240_y896.png", "label": "burial_mound", "subtype": "burial_mound", "votes": 3}}, {"type": "Feature", "geometry": {"type": "Point", "coordinates": [397643.19200066663, 4689927.9238735]}, "properties": {"source_tile": "K-35-052-4_32635_x0_y3136.png", "label": "burial_mound", "subtype": "burial_mound", "votes": 3}}, {"type": "Feature", "geometry": {"type": "Point", "coordinates": [428447.3898495, 4698214.275654499]}, "properties": {"source_tile": "K-35-053-3_Elenovo_x1792_y1344.png", "label": "burial_mound", "subtype": "burial_mound", "votes": 3}}, {"type": "Feature", "geometry": {"type": "Point", "coordinates": [428266.8695361667, 4697499.248480666]}, "properties": {"source_tile": "K-35-053-3_Elenovo_x1792_y1344.png", "label": "burial_mound", "subtype": "burial_mound", "votes": 3}}, {"type": "Feature", "geometry": {"type": "Point", "coordinates": [418169.5956704999, 4690541.360738666]}, "properties": {"source_tile": "K-35-052-4_32635_x4032_y2688.png", "label": "burial_mound", "subtype": "burial_mound", "votes": 3}}, {"type": "Feature", "geometry": {"type": "Point", "coordinates": [400182.44606316666, 4699055.963449]}, "properties": {"source_tile": "K-35-052-4_32635_x448_y1344.png", "label": "burial_mound", "subtype": "burial_mound", "votes": 3}}, {"type": "Feature", "geometry": {"type": "Point", "coordinates": [413150.4701103333, 4687354.520226833]}, "properties": {"source_tile": "K-35-052-4_32635_x3136_y3584.png", "label": "settlement_mound", "subtype": "settlement_mound", "votes": 3}}, {"type": "Feature", "geometry": {"type": "Point", "coordinates": [426968.59822449996, 4688121.8113885]}, "properties": {"source_tile": "K-35-053-3_Elenovo_x1792_y3136.png", "label": "burial_mound", "subtype": "burial_mound", "votes": 3}}, {"type": "Feature", "geometry": {"type": "Point", "coordinates": [427042.0247816667, 4688121.8113885]}, "properties": {"source_tile": "K-35-053-3_Elenovo_x1792_y3136.png", "label": "burial_mound", "subtype": "burial_mound", "votes": 3}}, {"type": "Feature", "geometry": {"type": "Point", "coordinates": [426977.25550416665, 4688051.591231001]}, "properties": {"source_tile": "K-35-053-3_Elenovo_x1792_y3136.png", "label": "burial_mound", "subtype": "burial_mound", "votes": 3}}, {"type": "Feature", "geometry": {"type": "Point", "coordinates": [426773.9697518333, 4687964.377154333]}, "properties": {"source_tile": "K-35-053-3_Elenovo_x1792_y3136.png", "label": "burial_mound", "subtype": "burial_mound", "votes": 3}}, {"type": "Feature", "geometry": {"type": "Point", "coordinates": [427339.25805049995, 4687742.4942825]}, "properties": {"source_tile": "K-35-053-3_Elenovo_x1792_y3584.png", "label": "burial_mound", "subtype": "burial_mound", "votes": 3}}, {"type": "Feature", "geometry": {"type": "Point", "coordinates": [408990.7942256667, 4697335.978755]}, "properties": {"source_tile": "K-35-052-4_32635_x2240_y1344.png", "label": "burial_mound", "subtype": "burial_mound", "votes": 3}}, {"type": "Feature", "geometry": {"type": "Point", "coordinates": [409322.9911203333, 4695865.141732001]}, "properties": {"source_tile": "K-35-052-4_32635_x2240_y1792.png", "label": "burial_mound", "subtype": "burial_mound", "votes": 3}}, {"type": "Feature", "geometry": {"type": "Point", "coordinates": [414838.5497935, 4705318.003174666]}, "properties": {"source_tile": "K-35-052-4_32635_x3136_y0.png", "label": "triangulation_mound", "subtype": "triangulation_mound", "votes": 3}}, {"type": "Feature", "geometry": {"type": "Point", "coordinates": [410877.5186736667, 4702417.693413833]}, "properties": {"source_tile": "K-35-052-4_32635_x2688_y448.png", "label": "triangulation_mound", "subtype": "triangulation_mound", "votes": 3}}, {"type": "Feature", "geometry": {"type": "Point", "coordinates": [430526.4195325, 4696511.3566775]}, "properties": {"source_tile": "K-35-053-3_Elenovo_x2240_y1792.png", "label": "triangulation_mound", "subtype": "triangulation_mound", "votes": 3}}, {"type": "Feature", "geometry": {"type": "Point", "coordinates": [432419.7986625, 4704920.781645999]}, "properties": {"source_tile": "K-35-053-3_Elenovo_x2688_y0.png", "label": "benchmark_mound", "subtype": "benchmark_mound", "votes": 3}}, {"type": "Feature", "geometry": {"type": "Point", "coordinates": [431242.729266, 4705128.876998333]}, "properties": {"source_tile": "K-35-053-3_Elenovo_x2688_y0.png", "label": "benchmark_mound", "subtype": "benchmark_mound", "votes": 3}}, {"type": "Feature", "geometry": {"type": "Point", "coordinates": [408422.27579499997, 4703863.519473833]}, "properties": {"source_tile": "K-35-052-4_32635_x2240_y0.png", "label": "burial_mound", "subtype": "burial_mound", "votes": 3}}, {"type": "Feature", "geometry": {"type": "Point", "coordinates": [430066.3011495, 4700028.136067167]}, "properties": {"source_tile": "K-35-053-3_Elenovo_x2240_y896.png", "label": "benchmark_mound", "subtype": "benchmark_mound", "votes": 3}}, {"type": "Feature", "geometry": {"type": "Point", "coordinates": [398260.129091, 4693765.1827908335]}, "properties": {"source_tile": "K-35-052-4_32635_x0_y2240.png", "label": "burial_mound", "subtype": "burial_mound", "votes": 3}}, {"type": "Feature", "geometry": {"type": "Point", "coordinates": [417306.9394603334, 4689888.804161999]}, "properties": {"source_tile": "K-35-052-4_32635_x4032_y3136.png", "label": "burial_mound", "subtype": "burial_mound", "votes": 3}}, {"type": "Feature", "geometry": {"type": "Point", "coordinates": [398718.02210791665, 4702815.463923334]}, "properties": {"source_tile": "K-35-052-4_32635_x0_y448.png", "label": "triangulation_mound", "subtype": "triangulation_mound", "votes": 3}}, {"type": "Feature", "geometry": {"type": "Point", "coordinates": [403160.3539401667, 4688003.682980833]}, "properties": {"source_tile": "K-35-052-4_32635_x896_y3584.png", "label": "burial_mound", "subtype": "burial_mound", "votes": 3}}, {"type": "Feature", "geometry": {"type": "Point", "coordinates": [431188.22046800004, 4697180.211692668]}, "properties": {"source_tile": "K-35-053-3_Elenovo_x2688_y1344.png", "label": "triangulation_mound", "subtype": "triangulation_mound", "votes": 3}}, {"type": "Feature", "geometry": {"type": "Point", "coordinates": [409607.090009, 4689355.2369490005]}, "properties": {"source_tile": "K-35-052-4_32635_x2240_y3136.png", "label": "burial_mound", "subtype": "burial_mound", "votes": 3}}, {"type": "Feature", "geometry": {"type": "Point", "coordinates": [409095.9685321667, 4690701.019156166]}, "properties": {"source_tile": "K-35-052-4_32635_x2240_y2688.png", "label": "burial_mound", "subtype": "burial_mound", "votes": 3}}, {"type": "Feature", "geometry": {"type": "Point", "coordinates": [409950.830425, 4689513.639715168]}, "properties": {"source_tile": "K-35-052-4_32635_x2240_y3136.png", "label": "burial_mound", "subtype": "burial_mound", "votes": 3}}, {"type": "Feature", "geometry": {"type": "Point", "coordinates": [415023.5667898333, 4694663.012235834]}, "properties": {"source_tile": "K-35-052-4_32635_x3584_y1792.png", "label": "burial_mound", "subtype": "burial_mound", "votes": 3}}, {"type": "Feature", "geometry": {"type": "Point", "coordinates": [416678.45884875, 4687431.95801625]}, "properties": {"source_tile": "K-35-052-4_32635_x3584_y3584.png", "label": "burial_mound", "subtype": "burial_mound", "votes": 3}}, {"type": "Feature", "geometry": {"type": "Point", "coordinates": [398249.86818266666, 4702351.638819166]}, "properties": {"source_tile": "K-35-052-4_32635_x0_y448.png", "label": "burial_mound", "subtype": "burial_mound", "votes": 3}}, {"type": "Feature", "geometry": {"type": "Point", "coordinates": [398277.1237196667, 4700106.1032465]}, "properties": {"source_tile": "K-35-052-4_32635_x0_y896.png", "label": "burial_mound", "subtype": "burial_mound", "votes": 3}}, {"type": "Feature", "geometry": {"type": "Point", "coordinates": [413117.2824858334, 4695634.591956834]}, "properties": {"source_tile": "K-35-052-4_32635_x3136_y1792.png", "label": "burial_mound", "subtype": "burial_mound", "votes": 3}}, {"type": "Feature", "geometry": {"type": "Point", "coordinates": [425232.33268866665, 4701996.2243145]}, "properties": {"source_tile": "K-35-053-3_Elenovo_x1344_y448.png", "label": "burial_mound", "subtype": "burial_mound", "votes": 3}}, {"type": "Feature", "geometry": {"type": "Point", "coordinates": [425281.06996683334, 4701885.2828784995]}, "properties": {"source_tile": "K-35-053-3_Elenovo_x1344_y448.png", "label": "burial_mound", "subtype": "burial_mound", "votes": 3}}, {"type": "Feature", "geometry": {"type": "Point", "coordinates": [413968.61719150003, 4703075.032829168]}, "properties": {"source_tile": "K-35-052-4_32635_x3136_y448.png", "label": "benchmark_mound", "subtype": "benchmark_mound", "votes": 3}}, {"type": "Feature", "geometry": {"type": "Point", "coordinates": [401777.2156149166, 4699211.800988333]}, "properties": {"source_tile": "K-35-052-4_32635_x896_y1344.png", "label": "burial_mound", "subtype": "burial_mound", "votes": 3}}, {"type": "Feature", "geometry": {"type": "Point", "coordinates": [401255.6729033333, 4698545.162625667]}, "properties": {"source_tile": "K-35-052-4_32635_x448_y1344.png", "label": "burial_mound", "subtype": "burial_mound", "votes": 3}}, {"type": "Feature", "geometry": {"type": "Point", "coordinates": [400902.7938663333, 4697424.158432583]}, "properties": {"source_tile": "K-35-052-4_32635_x448_y1344.png", "label": "burial_mound", "subtype": "burial_mound", "votes": 3}}, {"type": "Feature", "geometry": {"type": "Point", "coordinates": [415479.21523316664, 4698406.961021501]}, "properties": {"source_tile": "K-35-052-4_32635_x3584_y1344.png", "label": "burial_mound", "subtype": "burial_mound", "votes": 3}}, {"type": "Feature", "geometry": {"type": "Point", "coordinates": [416447.26776666666, 4697684.528971833]}, "properties": {"source_tile": "K-35-052-4_32635_x3584_y1344.png", "label": "triangulation_mound", "subtype": "triangulation_mound", "votes": 3}}, {"type": "Feature", "geometry": {"type": "Point", "coordinates": [413225.0220195, 4688768.441275667]}, "properties": {"source_tile": "K-35-052-4_32635_x3136_y3136.png", "label": "settlement_mound", "subtype": "settlement_mound", "votes": 3}}, {"type": "Feature", "geometry": {"type": "Point", "coordinates": [416803.51366450003, 4692981.505946667]}, "properties": {"source_tile": "K-35-052-4_32635_x3584_y2240.png", "label": "burial_mound", "subtype": "burial_mound", "votes": 3}}, {"type": "Feature", "geometry": {"type": "Point", "coordinates": [416690.00237033336, 4699895.113326833]}, "properties": {"source_tile": "K-35-052-4_32635_x3584_y896.png", "label": "burial_mound", "subtype": "burial_mound", "votes": 3}}, {"type": "Feature", "geometry": {"type": "Point", "coordinates": [415710.7269686667, 4699817.5152105]}, "properties": {"source_tile": "K-35-052-4_32635_x3584_y896.png", "label": "burial_mound", "subtype": "burial_mound", "votes": 3}}, {"type": "Feature", "geometry": {"type": "Point", "coordinates": [416509.7951745, 4700794.866692167]}, "properties": {"source_tile": "K-35-052-4_32635_x3584_y896.png", "label": "burial_mound", "subtype": "burial_mound", "votes": 3}}, {"type": "Feature", "geometry": {"type": "Point", "coordinates": [403513.07265100005, 4703955.8676453335]}, "properties": {"source_tile": "K-35-052-4_32635_x896_y0.png", "label": "burial_mound", "subtype": "burial_mound", "votes": 3}}, {"type": "Feature", "geometry": {"type": "Point", "coordinates": [403584.57835316664, 4703639.382765667]}, "properties": {"source_tile": "K-35-052-4_32635_x896_y0.png", "label": "triangulation_mound", "subtype": "triangulation_mound", "votes": 3}}, {"type": "Feature", "geometry": {"type": "Point", "coordinates": [414238.6073319167, 4687353.558266333]}, "properties": {"source_tile": "K-35-052-4_32635_x3136_y3584.png", "label": "burial_mound", "subtype": "burial_mound", "votes": 3}}, {"type": "Feature", "geometry": {"type": "Point", "coordinates": [408097.453928, 4690716.410518167]}, "properties": {"source_tile": "K-35-052-4_32635_x1792_y2688.png", "label": "burial_mound", "subtype": "burial_mound", "votes": 3}}, {"type": "Feature", "geometry": {"type": "Point", "coordinates": [417297.96116566664, 4703761.8723545]}, "properties": {"source_tile": "K-35-052-4_32635_x4032_y0.png", "label": "burial_mound", "subtype": "burial_mound", "votes": 3}}, {"type": "Feature", "geometry": {"type": "Point", "coordinates": [434197.4267566667, 4696323.461644334]}, "properties": {"source_tile": "K-35-053-3_Elenovo_x3136_y1792.png", "label": "triangulation_mound", "subtype": "triangulation_mound", "votes": 3}}, {"type": "Feature", "geometry": {"type": "Point", "coordinates": [433872.93908849993, 4695772.922784833]}, "properties": {"source_tile": "K-35-053-3_Elenovo_x3136_y1792.png", "label": "burial_mound", "subtype": "burial_mound", "votes": 3}}, {"type": "Feature", "geometry": {"type": "Point", "coordinates": [433055.9483986667, 4696655.644672501]}, "properties": {"source_tile": "K-35-053-3_Elenovo_x2688_y1792.png", "label": "burial_mound", "subtype": "burial_mound", "votes": 3}}, {"type": "Feature", "geometry": {"type": "Point", "coordinates": [400044.2444596666, 4687467.871194166]}, "properties": {"source_tile": "K-35-052-4_32635_x448_y3584.png", "label": "burial_mound", "subtype": "burial_mound", "votes": 3}}, {"type": "Feature", "geometry": {"type": "Point", "coordinates": [399051.501616, 4701353.444868334]}, "properties": {"source_tile": "K-35-052-4_32635_x0_y896.png", "label": "burial_mound", "subtype": "burial_mound", "votes": 3}}, {"type": "Feature", "geometry": {"type": "Point", "coordinates": [435773.3722985, 4698042.7332605]}, "properties": {"source_tile": "K-35-053-3_Elenovo_x3584_y1344.png", "label": "benchmark_mound", "subtype": "benchmark_mound", "votes": 3}}, {"type": "Feature", "geometry": {"type": "Point", "coordinates": [412236.12701633334, 4703148.462451667]}, "properties": {"source_tile": "K-35-052-4_32635_x2688_y448.png", "label": "triangulation_mound", "subtype": "triangulation_mound", "votes": 3}}, {"type": "Feature", "geometry": {"type": "Point", "coordinates": [434469.9707464166, 4702128.3279895]}, "properties": {"source_tile": "K-35-053-3_Elenovo_x3136_y448.png", "label": "burial_mound", "subtype": "burial_mound", "votes": 3}}, {"type": "Feature", "geometry": {"type": "Point", "coordinates": [400700.62191466667, 4696082.544719167]}, "properties": {"source_tile": "K-35-052-4_32635_x448_y1792.png", "label": "burial_mound", "subtype": "burial_mound", "votes": 3}}, {"type": "Feature", "geometry": {"type": "Point", "coordinates": [400741.3448928333, 4695958.772517167]}, "properties": {"source_tile": "K-35-052-4_32635_x448_y1792.png", "label": "burial_mound", "subtype": "burial_mound", "votes": 3}}, {"type": "Feature", "geometry": {"type": "Point", "coordinates": [435986.9185301666, 4700366.090614833]}, "properties": {"source_tile": "K-35-053-3_Elenovo_x3584_y896.png", "label": "burial_mound", "subtype": "burial_mound", "votes": 3}}, {"type": "Feature", "geometry": {"type": "Point", "coordinates": [434265.72307433333, 4703949.242482]}, "properties": {"source_tile": "K-35-053-3_Elenovo_x3136_y0.png", "label": "burial_mound", "subtype": "burial_mound", "votes": 3}}, {"type": "Feature", "geometry": {"type": "Point", "coordinates": [433050.497519, 4703361.830023834]}, "properties": {"source_tile": "K-35-053-3_Elenovo_x2688_y0.png", "label": "burial_mound", "subtype": "burial_mound", "votes": 3}}, {"type": "Feature", "geometry": {"type": "Point", "coordinates": [433001.11896083335, 4702960.388758668]}, "properties": {"source_tile": "K-35-053-3_Elenovo_x2688_y448.png", "label": "burial_mound", "subtype": "burial_mound", "votes": 3}}, {"type": "Feature", "geometry": {"type": "Point", "coordinates": [420222.9741541667, 4698146.620617167]}, "properties": {"source_tile": "K-35-053-3_Elenovo_x448_y1344.png", "label": "burial_mound", "subtype": "burial_mound", "votes": 3}}, {"type": "Feature", "geometry": {"type": "Point", "coordinates": [420626.01861933334, 4696386.948362167]}, "properties": {"source_tile": "K-35-053-3_Elenovo_x448_y1792.png", "label": "burial_mound", "subtype": "burial_mound", "votes": 3}}, {"type": "Feature", "geometry": {"type": "Point", "coordinates": [403493.8334485001, 4702241.654712]}, "properties": {"source_tile": "K-35-052-4_32635_x896_y448.png", "label": "triangulation_mound", "subtype": "triangulation_mound", "votes": 3}}, {"type": "Feature", "geometry": {"type": "Point", "coordinates": [399706.91711100005, 4702656.900830166]}, "properties": {"source_tile": "K-35-052-4_32635_x448_y448.png", "label": "burial_mound", "subtype": "burial_mound", "votes": 3}}, {"type": "Feature", "geometry": {"type": "Point", "coordinates": [435404.91687181254, 4695460.1785565]}, "properties": {"source_tile": "K-35-053-3_Elenovo_x3136_y1792.png", "label": "burial_mound", "subtype": "burial_mound", "votes": 3}}, {"type": "Feature", "geometry": {"type": "Point", "coordinates": [434620.35090099997, 4694692.045384833]}, "properties": {"source_tile": "K-35-053-3_Elenovo_x3136_y1792.png", "label": "burial_mound", "subtype": "burial_mound", "votes": 3}}, {"type": "Feature", "geometry": {"type": "Point", "coordinates": [421002.12932525, 4695050.841531834]}, "properties": {"source_tile": "K-35-053-3_Elenovo_x448_y1792.png", "label": "triangulation_mound", "subtype": "triangulation_mound", "votes": 3}}, {"type": "Feature", "geometry": {"type": "Point", "coordinates": [421026.4979645, 4694570.362509499]}, "properties": {"source_tile": "K-35-053-3_Elenovo_x448_y1792.png", "label": "burial_mound", "subtype": "burial_mound", "votes": 3}}, {"type": "Feature", "geometry": {"type": "Point", "coordinates": [431989.8204385, 4696536.687236668]}, "properties": {"source_tile": "K-35-053-3_Elenovo_x2688_y1792.png", "label": "triangulation_mound", "subtype": "triangulation_mound", "votes": 3}}, {"type": "Feature", "geometry": {"type": "Point", "coordinates": [437830.75878191664, 4705098.095559417]}, "properties": {"source_tile": "K-35-053-3_Elenovo_x4032_y0.png", "label": "benchmark_mound", "subtype": "benchmark_mound", "votes": 3}}, {"type": "Feature", "geometry": {"type": "Point", "coordinates": [436224.1921214166, 4695518.975914333]}, "properties": {"source_tile": "K-35-053-3_Elenovo_x3584_y1792.png", "label": "benchmark_mound", "subtype": "benchmark_mound", "votes": 3}}, {"type": "Feature", "geometry": {"type": "Point", "coordinates": [437605.1885503333, 4697900.048466167]}, "properties": {"source_tile": "K-35-053-3_Elenovo_x3584_y1344.png", "label": "triangulation_mound", "subtype": "triangulation_mound", "votes": 3}}, {"type": "Feature", "geometry": {"type": "Point", "coordinates": [437930.63813850004, 4703237.742348333]}, "properties": {"source_tile": "K-35-053-3_Elenovo_x4032_y448.png", "label": "burial_mound", "subtype": "burial_mound", "votes": 3}}, {"type": "Feature", "geometry": {"type": "Point", "coordinates": [417879.4164813333, 4695265.3496836675]}, "properties": {"source_tile": "K-35-052-4_32635_x4032_y1792.png", "label": "burial_mound", "subtype": "burial_mound", "votes": 3}}, {"type": "Feature", "geometry": {"type": "Point", "coordinates": [417950.59855849994, 4694275.8546805]}, "properties": {"source_tile": "K-35-052-4_32635_x4032_y2240.png", "label": "burial_mound", "subtype": "burial_mound", "votes": 3}}, {"type": "Feature", "geometry": {"type": "Point", "coordinates": [418095.527833, 4703278.142986999]}, "properties": {"source_tile": "K-35-052-4_32635_x4032_y448.png", "label": "burial_mound", "subtype": "burial_mound", "votes": 3}}, {"type": "Feature", "geometry": {"type": "Point", "coordinates": [437844.3859816667, 4691417.669826333]}, "properties": {"source_tile": "K-35-053-3_Elenovo_x4032_y2688.png", "label": "burial_mound", "subtype": "burial_mound", "votes": 3}}, {"type": "Feature", "geometry": {"type": "Point", "coordinates": [418427.06958099996, 4688273.4741025]}, "properties": {"source_tile": "K-35-053-3_Elenovo_x0_y3136.png", "label": "burial_mound", "subtype": "burial_mound", "votes": 3}}, {"type": "Feature", "geometry": {"type": "Point", "coordinates": [425877.13970483333, 4690079.959796]}, "properties": {"source_tile": "K-35-053-3_Elenovo_x1344_y2688.png", "label": "burial_mound", "subtype": "burial_mound", "votes": 3}}, {"type": "Feature", "geometry": {"type": "Point", "coordinates": [422859.2761365, 4690222.644590501]}, "properties": {"source_tile": "K-35-053-3_Elenovo_x896_y2688.png", "label": "burial_mound", "subtype": "burial_mound", "votes": 3}}, {"type": "Feature", "geometry": {"type": "Point", "coordinates": [423848.4505001667, 4688709.384166583]}, "properties": {"source_tile": "K-35-053-3_Elenovo_x896_y3136.png", "label": "triangulation_mound", "subtype": "triangulation_mound", "votes": 3}}, {"type": "Feature", "geometry": {"type": "Point", "coordinates": [424237.8677655, 4688705.8571264995]}, "properties": {"source_tile": "K-35-053-3_Elenovo_x896_y3136.png", "label": "burial_mound", "subtype": "burial_mound", "votes": 3}}, {"type": "Feature", "geometry": {"type": "Point", "coordinates": [401623.4623226666, 4700310.3594453335]}, "properties": {"source_tile": "K-35-052-4_32635_x896_y896.png", "label": "burial_mound", "subtype": "burial_mound", "votes": 3}}, {"type": "Feature", "geometry": {"type": "Point", "coordinates": [401337.1188605, 4699372.127675]}, "properties": {"source_tile": "K-35-052-4_32635_x448_y896.png", "label": "triangulation_mound", "subtype": "triangulation_mound", "votes": 3}}, {"type": "Feature", "geometry": {"type": "Point", "coordinates": [424350.25208116666, 4691383.6819875]}, "properties": {"source_tile": "K-35-053-3_Elenovo_x1344_y2688.png", "label": "burial_mound", "subtype": "burial_mound", "votes": 3}}, {"type": "Feature", "geometry": {"type": "Point", "coordinates": [405793.2387881667, 4704251.510055332]}, "properties": {"source_tile": "K-35-052-4_32635_x1344_y0.png", "label": "burial_mound", "subtype": "burial_mound", "votes": 3}}, {"type": "Feature", "geometry": {"type": "Point", "coordinates": [419375.20202566666, 4687203.498462501]}, "properties": {"source_tile": "K-35-053-3_Elenovo_x0_y3584.png", "label": "burial_mound", "subtype": "burial_mound", "votes": 3}}, {"type": "Feature", "geometry": {"type": "Point", "coordinates": [415970.13554750005, 4690522.4152276665]}, "properties": {"source_tile": "K-35-052-4_32635_x3584_y2688.png", "label": "burial_mound", "subtype": "burial_mound", "votes": 3}}, {"type": "Feature", "geometry": {"type": "Point", "coordinates": [406079.9029033333, 4701810.696578334]}, "properties": {"source_tile": "K-35-052-4_32635_x1792_y448.png", "label": "burial_mound", "subtype": "burial_mound", "votes": 3}}, {"type": "Feature", "geometry": {"type": "Point", "coordinates": [406018.01680300006, 4701145.020175667]}, "properties": {"source_tile": "K-35-052-4_32635_x1344_y896.png", "label": "burial_mound", "subtype": "burial_mound", "votes": 3}}, {"type": "Feature", "geometry": {"type": "Point", "coordinates": [434543.7179436667, 4697062.536817166]}, "properties": {"source_tile": "K-35-053-3_Elenovo_x3136_y1344.png", "label": "burial_mound", "subtype": "burial_mound", "votes": 3}}, {"type": "Feature", "geometry": {"type": "Point", "coordinates": [435207.44271950005, 4696407.1486815]}, "properties": {"source_tile": "K-35-053-3_Elenovo_x3136_y1792.png", "label": "burial_mound", "subtype": "burial_mound", "votes": 3}}, {"type": "Feature", "geometry": {"type": "Point", "coordinates": [435795.17581750004, 4696401.6978015]}, "properties": {"source_tile": "K-35-053-3_Elenovo_x3584_y1792.png", "label": "burial_mound", "subtype": "burial_mound", "votes": 3}}, {"type": "Feature", "geometry": {"type": "Point", "coordinates": [435004.4776065, 4695697.2517475]}, "properties": {"source_tile": "K-35-053-3_Elenovo_x3136_y1792.png", "label": "burial_mound", "subtype": "burial_mound", "votes": 3}}, {"type": "Feature", "geometry": {"type": "Point", "coordinates": [436356.2957966666, 4703562.230016501]}, "properties": {"source_tile": "K-35-053-3_Elenovo_x3584_y0.png", "label": "burial_mound", "subtype": "burial_mound", "votes": 3}}, {"type": "Feature", "geometry": {"type": "Point", "coordinates": [436046.55756841664, 4703454.655300501]}, "properties": {"source_tile": "K-35-053-3_Elenovo_x3584_y0.png", "label": "burial_mound", "subtype": "burial_mound", "votes": 3}}, {"type": "Feature", "geometry": {"type": "Point", "coordinates": [422511.70238950005, 4691605.564859501]}, "properties": {"source_tile": "K-35-053-3_Elenovo_x896_y2688.png", "label": "burial_mound", "subtype": "burial_mound", "votes": 3}}, {"type": "Feature", "geometry": {"type": "Point", "coordinates": [419874.4384871667, 4703514.454658333]}, "properties": {"source_tile": "K-35-053-3_Elenovo_x0_y0.png", "label": "burial_mound", "subtype": "burial_mound", "votes": 3}}, {"type": "Feature", "geometry": {"type": "Point", "coordinates": [420079.3274396667, 4702923.194519999]}, "properties": {"source_tile": "K-35-053-3_Elenovo_x448_y448.png", "label": "burial_mound", "subtype": "burial_mound", "votes": 3}}, {"type": "Feature", "geometry": {"type": "Point", "coordinates": [421252.8697961667, 4705316.451391167]}, "properties": {"source_tile": "K-35-053-3_Elenovo_x448_y0.png", "label": "burial_mound", "subtype": "burial_mound", "votes": 3}}, {"type": "Feature", "geometry": {"type": "Point", "coordinates": [421886.77505249996, 4704207.0370325]}, "properties": {"source_tile": "K-35-053-3_Elenovo_x448_y0.png", "label": "burial_mound", "subtype": "burial_mound", "votes": 3}}, {"type": "Feature", "geometry": {"type": "Point", "coordinates": [422266.89375858335, 4703977.619121083]}, "properties": {"source_tile": "K-35-053-3_Elenovo_x896_y0.png", "label": "burial_mound", "subtype": "burial_mound", "votes": 3}}, {"type": "Feature", "geometry": {"type": "Point", "coordinates": [421117.23908100004, 4690001.723638666]}, "properties": {"source_tile": "K-35-053-3_Elenovo_x448_y2688.png", "label": "burial_mound", "subtype": "burial_mound", "votes": 3}}, {"type": "Feature", "geometry": {"type": "Point", "coordinates": [422142.64576349995, 4703216.900749]}, "properties": {"source_tile": "K-35-053-3_Elenovo_x896_y448.png", "label": "burial_mound", "subtype": "burial_mound", "votes": 3}}, {"type": "Feature", "geometry": {"type": "Point", "coordinates": [421761.7254575, 4702793.014684667]}, "properties": {"source_tile": "K-35-053-3_Elenovo_x448_y448.png", "label": "burial_mound", "subtype": "burial_mound", "votes": 3}}, {"type": "Feature", "geometry": {"type": "Point", "coordinates": [421271.1462755, 4695248.676404499]}, "properties": {"source_tile": "K-35-053-3_Elenovo_x448_y1792.png", "label": "burial_mound", "subtype": "burial_mound", "votes": 3}}, {"type": "Feature", "geometry": {"type": "Point", "coordinates": [421877.155853, 4694738.858823334]}, "properties": {"source_tile": "K-35-053-3_Elenovo_x448_y1792.png", "label": "burial_mound", "subtype": "burial_mound", "votes": 3}}, {"type": "Feature", "geometry": {"type": "Point", "coordinates": [421395.55459066667, 4693812.529897501]}, "properties": {"source_tile": "K-35-053-3_Elenovo_x448_y2240.png", "label": "burial_mound", "subtype": "burial_mound", "votes": 3}}, {"type": "Feature", "geometry": {"type": "Point", "coordinates": [426641.22479650006, 4701809.9324815]}, "properties": {"source_tile": "K-35-053-3_Elenovo_x1792_y448.png", "label": "burial_mound", "subtype": "burial_mound", "votes": 3}}, {"type": "Feature", "geometry": {"type": "Point", "coordinates": [426270.2443303334, 4701023.4025905]}, "properties": {"source_tile": "K-35-053-3_Elenovo_x1344_y896.png", "label": "burial_mound", "subtype": "burial_mound", "votes": 3}}, {"type": "Feature", "geometry": {"type": "Point", "coordinates": [420956.9190873333, 4693519.785588332]}, "properties": {"source_tile": "K-35-053-3_Elenovo_x448_y2240.png", "label": "burial_mound", "subtype": "burial_mound", "votes": 3}}, {"type": "Feature", "geometry": {"type": "Point", "coordinates": [421063.65212312504, 4692890.4093715]}, "properties": {"source_tile": "K-35-053-3_Elenovo_x448_y2240.png", "label": "burial_mound", "subtype": "burial_mound", "votes": 3}}, {"type": "Feature", "geometry": {"type": "Point", "coordinates": [315012.78895816667, 4674751.848446834]}, "properties": {"source_tile": "K-35-062-2_Rakovski_x0_y2688.png", "label": "burial_mound", "subtype": "burial_mound", "votes": 3}}, {"type": "Feature", "geometry": {"type": "Point", "coordinates": [319855.60761783336, 4687713.141711834]}, "properties": {"source_tile": "K-35-062-2_Rakovski_x896_y0.png", "label": "burial_mound", "subtype": "burial_mound", "votes": 3}}, {"type": "Feature", "geometry": {"type": "Point", "coordinates": [319233.9674785, 4687332.08465775]}, "properties": {"source_tile": "K-35-062-2_Rakovski_x896_y0.png", "label": "burial_mound", "subtype": "burial_mound", "votes": 3}}, {"type": "Feature", "geometry": {"type": "Point", "coordinates": [323032.65340733336, 4688228.998100333]}, "properties": {"source_tile": "K-35-062-2_Rakovski_x1344_y0.png", "label": "burial_mound", "subtype": "burial_mound", "votes": 3}}, {"type": "Feature", "geometry": {"type": "Point", "coordinates": [322782.11294450006, 4688280.7122215]}, "properties": {"source_tile": "K-35-062-2_Rakovski_x1344_y0.png", "label": "burial_mound", "subtype": "burial_mound", "votes": 3}}, {"type": "Feature", "geometry": {"type": "Point", "coordinates": [322544.099505, 4688388.155535251]}, "properties": {"source_tile": "K-35-062-2_Rakovski_x1344_y0.png", "label": "burial_mound", "subtype": "burial_mound", "votes": 3}}, {"type": "Feature", "geometry": {"type": "Point", "coordinates": [322713.0537145, 4687707.681214667]}, "properties": {"source_tile": "K-35-062-2_Rakovski_x1344_y0.png", "label": "burial_mound", "subtype": "burial_mound", "votes": 3}}, {"type": "Feature", "geometry": {"type": "Point", "coordinates": [321113.60982525, 4678903.2717912495]}, "properties": {"source_tile": "K-35-062-2_Rakovski_x1344_y1792.png", "label": "triangulation_mound", "subtype": "triangulation_mound", "votes": 3}}, {"type": "Feature", "geometry": {"type": "Point", "coordinates": [323960.29553016665, 4679364.041398667]}, "properties": {"source_tile": "K-35-062-2_Rakovski_x1792_y1792.png", "label": "burial_mound", "subtype": "burial_mound", "votes": 3}}, {"type": "Feature", "geometry": {"type": "Point", "coordinates": [323411.3549526667, 4675052.4970015]}, "properties": {"source_tile": "K-35-062-2_Rakovski_x1792_y2688.png", "label": "triangulation_mound", "subtype": "triangulation_mound", "votes": 3}}, {"type": "Feature", "geometry": {"type": "Point", "coordinates": [322812.94869366667, 4686969.550466834]}, "properties": {"source_tile": "K-35-062-2_Rakovski_x1344_y0.png", "label": "burial_mound", "subtype": "burial_mound", "votes": 3}}, {"type": "Feature", "geometry": {"type": "Point", "coordinates": [323301.8238016667, 4686569.0069325]}, "properties": {"source_tile": "K-35-062-2_Rakovski_x1792_y448.png", "label": "burial_mound", "subtype": "burial_mound", "votes": 3}}, {"type": "Feature", "geometry": {"type": "Point", "coordinates": [322621.34948108334, 4686292.930615]}, "properties": {"source_tile": "K-35-062-2_Rakovski_x1344_y448.png", "label": "burial_mound", "subtype": "burial_mound", "votes": 3}}, {"type": "Feature", "geometry": {"type": "Point", "coordinates": [323178.64140766667, 4685687.939639]}, "properties": {"source_tile": "K-35-062-2_Rakovski_x1792_y448.png", "label": "burial_mound", "subtype": "burial_mound", "votes": 3}}, {"type": "Feature", "geometry": {"type": "Point", "coordinates": [324340.6031041666, 4685802.931287333]}, "properties": {"source_tile": "K-35-062-2_Rakovski_x1792_y448.png", "label": "burial_mound", "subtype": "burial_mound", "votes": 3}}, {"type": "Feature", "geometry": {"type": "Point", "coordinates": [324850.03537833336, 4679907.200273166]}, "properties": {"source_tile": "K-35-062-2_Rakovski_x1792_y1792.png", "label": "burial_mound", "subtype": "burial_mound", "votes": 3}}, {"type": "Feature", "geometry": {"type": "Point", "coordinates": [324782.9033823333, 4682886.0621325]}, "properties": {"source_tile": "K-35-062-2_Rakovski_x1792_y896.png", "label": "triangulation_mound", "subtype": "triangulation_mound", "votes": 3}}, {"type": "Feature", "geometry": {"type": "Point", "coordinates": [427084.99053999997, 4704828.437329333]}, "properties": {"source_tile": "K-35-053-3_Elenovo_x1792_y0.png", "label": "burial_mound", "subtype": "burial_mound", "votes": 3}}, {"type": "Feature", "geometry": {"type": "Point", "coordinates": [427763.46475466667, 4705251.682113834]}, "properties": {"source_tile": "K-35-053-3_Elenovo_x1792_y0.png", "label": "burial_mound", "subtype": "burial_mound", "votes": 3}}, {"type": "Feature", "geometry": {"type": "Point", "coordinates": [427867.6727511667, 4704728.3976529995]}, "properties": {"source_tile": "K-35-053-3_Elenovo_x1792_y0.png", "label": "burial_mound", "subtype": "burial_mound", "votes": 3}}, {"type": "Feature", "geometry": {"type": "Point", "coordinates": [432254.0277885, 4702704.5180480005]}, "properties": {"source_tile": "K-35-053-3_Elenovo_x2688_y448.png", "label": "burial_mound", "subtype": "burial_mound", "votes": 3}}, {"type": "Feature", "geometry": {"type": "Point", "coordinates": [324405.48666, 4688137.454469666]}, "properties": {"source_tile": "K-35-062-2_Rakovski_x1792_y0.png", "label": "burial_mound", "subtype": "burial_mound", "votes": 3}}, {"type": "Feature", "geometry": {"type": "Point", "coordinates": [324749.4979875, 4687863.787195]}, "properties": {"source_tile": "K-35-062-2_Rakovski_x1792_y0.png", "label": "burial_mound", "subtype": "burial_mound", "votes": 3}}, {"type": "Feature", "geometry": {"type": "Point", "coordinates": [324697.78386616666, 4687663.997236333]}, "properties": {"source_tile": "K-35-062-2_Rakovski_x1792_y0.png", "label": "burial_mound", "subtype": "burial_mound", "votes": 3}}, {"type": "Feature", "geometry": {"type": "Point", "coordinates": [325381.4702439167, 4687367.203150083]}, "properties": {"source_tile": "K-35-062-2_Rakovski_x1792_y0.png", "label": "burial_mound", "subtype": "burial_mound", "votes": 3}}, {"type": "Feature", "geometry": {"type": "Point", "coordinates": [416925.04129300005, 4688002.079714]}, "properties": {"source_tile": "K-35-052-4_32635_x3584_y3584.png", "label": "burial_mound", "subtype": "burial_mound", "votes": 3}}, {"type": "Feature", "geometry": {"type": "Point", "coordinates": [429752.0739613334, 4705486.711225167]}, "properties": {"source_tile": "K-35-053-3_Elenovo_x2240_y0.png", "label": "burial_mound", "subtype": "burial_mound", "votes": 3}}, {"type": "Feature", "geometry": {"type": "Point", "coordinates": [430611.38912949996, 4705336.331070666]}, "properties": {"source_tile": "K-35-053-3_Elenovo_x2240_y0.png", "label": "burial_mound", "subtype": "burial_mound", "votes": 3}}, {"type": "Feature", "geometry": {"type": "Point", "coordinates": [430713.6732855, 4705414.887867667]}, "properties": {"source_tile": "K-35-053-3_Elenovo_x2240_y0.png", "label": "burial_mound", "subtype": "burial_mound", "votes": 3}}, {"type": "Feature", "geometry": {"type": "Point", "coordinates": [324352.4877155, 4678588.971993167]}, "properties": {"source_tile": "K-35-062-2_Rakovski_x1792_y1792.png", "label": "burial_mound", "subtype": "burial_mound", "votes": 3}}, {"type": "Feature", "geometry": {"type": "Point", "coordinates": [324859.9927553333, 4677596.446314166]}, "properties": {"source_tile": "K-35-062-2_Rakovski_x1792_y2240.png", "label": "burial_mound", "subtype": "burial_mound", "votes": 3}}, {"type": "Feature", "geometry": {"type": "Point", "coordinates": [315503.91250599996, 4684394.122993833]}, "properties": {"source_tile": "K-35-062-2_Rakovski_x0_y896.png", "label": "burial_mound", "subtype": "burial_mound", "votes": 3}}, {"type": "Feature", "geometry": {"type": "Point", "coordinates": [326601.8913818333, 4683040.240878668]}, "properties": {"source_tile": "K-35-062-2_Rakovski_x2240_y896.png", "label": "burial_mound", "subtype": "burial_mound", "votes": 3}}, {"type": "Feature", "geometry": {"type": "Point", "coordinates": [325578.529954, 4684849.592706666]}, "properties": {"source_tile": "K-35-062-2_Rakovski_x2240_y448.png", "label": "burial_mound", "subtype": "burial_mound", "votes": 3}}, {"type": "Feature", "geometry": {"type": "Point", "coordinates": [404981.66510033334, 4688902.474385833]}, "properties": {"source_tile": "K-35-052-4_32635_x1344_y3136.png", "label": "triangulation_mound", "subtype": "triangulation_mound", "votes": 3}}, {"type": "Feature", "geometry": {"type": "Point", "coordinates": [411227.3515043333, 4696327.203242667]}, "properties": {"source_tile": "K-35-052-4_32635_x2688_y1792.png", "label": "burial_mound", "subtype": "burial_mound", "votes": 3}}, {"type": "Feature", "geometry": {"type": "Point", "coordinates": [326819.02644966665, 4672208.86275125]}, "properties": {"source_tile": "K-35-062-2_Rakovski_x2240_y3136.png", "label": "burial_mound", "subtype": "burial_mound", "votes": 3}}, {"type": "Feature", "geometry": {"type": "Point", "coordinates": [402963.15211616666, 4705763.390710167]}, "properties": {"source_tile": "K-35-052-4_32635_x896_y0.png", "label": "triangulation_mound", "subtype": "triangulation_mound", "votes": 3}}, {"type": "Feature", "geometry": {"type": "Point", "coordinates": [433033.1829595, 4693366.840313833]}, "properties": {"source_tile": "K-35-053-3_Elenovo_x2688_y2240.png", "label": "burial_mound", "subtype": "burial_mound", "votes": 3}}, {"type": "Feature", "geometry": {"type": "Point", "coordinates": [433469.5739835, 4692412.2950695]}, "properties": {"source_tile": "K-35-053-3_Elenovo_x2688_y2240.png", "label": "burial_mound", "subtype": "burial_mound", "votes": 3}}, {"type": "Feature", "geometry": {"type": "Point", "coordinates": [326771.16679700004, 4674762.7694408335]}, "properties": {"source_tile": "K-35-062-2_Rakovski_x2240_y2688.png", "label": "triangulation_mound", "subtype": "triangulation_mound", "votes": 3}}, {"type": "Feature", "geometry": {"type": "Point", "coordinates": [326495.2510825, 4674479.787200499]}, "properties": {"source_tile": "K-35-062-2_Rakovski_x2240_y2688.png", "label": "burial_mound", "subtype": "burial_mound", "votes": 3}}, {"type": "Feature", "geometry": {"type": "Point", "coordinates": [327229.20615600003, 4674418.115702167]}, "properties": {"source_tile": "K-35-062-2_Rakovski_x2240_y2688.png", "label": "burial_mound", "subtype": "burial_mound", "votes": 3}}, {"type": "Feature", "geometry": {"type": "Point", "coordinates": [397216.0817075, 4691075.221642833]}, "properties": {"source_tile": "K-35-052-4_32635_x0_y2688.png", "label": "burial_mound", "subtype": "burial_mound", "votes": 3}}, {"type": "Feature", "geometry": {"type": "Point", "coordinates": [398662.22842083336, 4691243.244010333]}, "properties": {"source_tile": "K-35-052-4_32635_x0_y2688.png", "label": "burial_mound", "subtype": "burial_mound", "votes": 3}}, {"type": "Feature", "geometry": {"type": "Point", "coordinates": [397145.217312, 4691904.431266]}, "properties": {"source_tile": "K-35-052-4_32635_x0_y2688.png", "label": "burial_mound", "subtype": "burial_mound", "votes": 3}}, {"type": "Feature", "geometry": {"type": "Point", "coordinates": [420833.79333149997, 4689865.131003666]}, "properties": {"source_tile": "K-35-053-3_Elenovo_x448_y2688.png", "label": "burial_mound", "subtype": "burial_mound", "votes": 3}}, {"type": "Feature", "geometry": {"type": "Point", "coordinates": [326475.97873933334, 4677969.687362167]}, "properties": {"source_tile": "K-35-062-2_Rakovski_x2240_y1792.png", "label": "burial_mound", "subtype": "burial_mound", "votes": 3}}, {"type": "Feature", "geometry": {"type": "Point", "coordinates": [326871.704188, 4677621.500360332]}, "properties": {"source_tile": "K-35-062-2_Rakovski_x2240_y2240.png", "label": "burial_mound", "subtype": "burial_mound", "votes": 3}}, {"type": "Feature", "geometry": {"type": "Point", "coordinates": [326083.7865535, 4677196.866397168]}, "properties": {"source_tile": "K-35-062-2_Rakovski_x2240_y2240.png", "label": "burial_mound", "subtype": "burial_mound", "votes": 3}}, {"type": "Feature", "geometry": {"type": "Point", "coordinates": [416621.061895, 4694370.576359499]}, "properties": {"source_tile": "K-35-052-4_32635_x3584_y2240.png", "label": "triangulation_mound", "subtype": "triangulation_mound", "votes": 3}}, {"type": "Feature", "geometry": {"type": "Point", "coordinates": [435047.764005, 4703555.817216833]}, "properties": {"source_tile": "K-35-053-3_Elenovo_x3136_y0.png", "label": "burial_mound", "subtype": "burial_mound", "votes": 3}}, {"type": "Feature", "geometry": {"type": "Point", "coordinates": [326567.8435755, 4671331.3287205]}, "properties": {"source_tile": "K-35-062-2_Rakovski_x2240_y3136.png", "label": "burial_mound", "subtype": "burial_mound", "votes": 3}}, {"type": "Feature", "geometry": {"type": "Point", "coordinates": [433918.14932699996, 4695324.0268015005]}, "properties": {"source_tile": "K-35-053-3_Elenovo_x3136_y1792.png", "label": "burial_mound", "subtype": "burial_mound", "votes": 3}}, {"type": "Feature", "geometry": {"type": "Point", "coordinates": [434113.7397196667, 4695072.645050667]}, "properties": {"source_tile": "K-35-053-3_Elenovo_x3136_y1792.png", "label": "burial_mound", "subtype": "burial_mound", "votes": 3}}, {"type": "Feature", "geometry": {"type": "Point", "coordinates": [433030.2971996667, 4694334.531798]}, "properties": {"source_tile": "K-35-053-3_Elenovo_x2688_y2240.png", "label": "burial_mound", "subtype": "burial_mound", "votes": 3}}, {"type": "Feature", "geometry": {"type": "Point", "coordinates": [413210.91327099997, 4689986.282787333]}, "properties": {"source_tile": "K-35-052-4_32635_x3136_y3136.png", "label": "burial_mound", "subtype": "burial_mound", "votes": 3}}, {"type": "Feature", "geometry": {"type": "Point", "coordinates": [413180.7718536667, 4689652.803279]}, "properties": {"source_tile": "K-35-052-4_32635_x3136_y3136.png", "label": "triangulation_mound", "subtype": "triangulation_mound", "votes": 3}}, {"type": "Feature", "geometry": {"type": "Point", "coordinates": [413217.6469916667, 4689372.5522311665]}, "properties": {"source_tile": "K-35-052-4_32635_x3136_y3136.png", "label": "burial_mound", "subtype": "burial_mound", "votes": 3}}, {"type": "Feature", "geometry": {"type": "Point", "coordinates": [413206.7447771667, 4689269.9431515]}, "properties": {"source_tile": "K-35-052-4_32635_x3136_y3136.png", "label": "burial_mound", "subtype": "burial_mound", "votes": 3}}, {"type": "Feature", "geometry": {"type": "Point", "coordinates": [328647.65062083333, 4678454.708001501]}, "properties": {"source_tile": "K-35-062-2_Rakovski_x2688_y1792.png", "label": "burial_mound", "subtype": "burial_mound", "votes": 3}}, {"type": "Feature", "geometry": {"type": "Point", "coordinates": [328641.2265065, 4678348.388908001]}, "properties": {"source_tile": "K-35-062-2_Rakovski_x2688_y1792.png", "label": "burial_mound", "subtype": "burial_mound", "votes": 3}}, {"type": "Feature", "geometry": {"type": "Point", "coordinates": [327588.6353576667, 4676143.311631333]}, "properties": {"source_tile": "K-35-062-2_Rakovski_x2240_y2240.png", "label": "benchmark_mound", "subtype": "benchmark_mound", "votes": 3}}, {"type": "Feature", "geometry": {"type": "Point", "coordinates": [328703.54041633336, 4671278.972188]}, "properties": {"source_tile": "K-35-062-2_Rakovski_x2688_y3136.png", "label": "triangulation_mound", "subtype": "triangulation_mound", "votes": 3}}, {"type": "Feature", "geometry": {"type": "Point", "coordinates": [437229.07784399996, 4691443.0003855]}, "properties": {"source_tile": "K-35-053-3_Elenovo_x3584_y2688.png", "label": "burial_mound", "subtype": "burial_mound", "votes": 3}}, {"type": "Feature", "geometry": {"type": "Point", "coordinates": [436360.78475633333, 4690457.032421667]}, "properties": {"source_tile": "K-35-053-3_Elenovo_x3584_y2688.png", "label": "burial_mound", "subtype": "burial_mound", "votes": 3}}, {"type": "Feature", "geometry": {"type": "Point", "coordinates": [419867.06376733334, 4699080.644902167]}, "properties": {"source_tile": "K-35-053-3_Elenovo_x448_y896.png", "label": "burial_mound", "subtype": "burial_mound", "votes": 3}}, {"type": "Feature", "geometry": {"type": "Point", "coordinates": [418235.9681478333, 4690261.762669]}, "properties": {"source_tile": "K-35-053-3_Elenovo_x0_y2688.png", "label": "burial_mound", "subtype": "burial_mound", "votes": 3}}, {"type": "Feature", "geometry": {"type": "Point", "coordinates": [423877.6287388333, 4694325.5538785]}, "properties": {"source_tile": "K-35-053-3_Elenovo_x896_y1792.png", "label": "burial_mound", "subtype": "burial_mound", "votes": 3}}, {"type": "Feature", "geometry": {"type": "Point", "coordinates": [330675.1011335, 4672673.647429833]}, "properties": {"source_tile": "K-35-062-2_Rakovski_x3136_y3136.png", "label": "burial_mound", "subtype": "burial_mound", "votes": 3}}, {"type": "Feature", "geometry": {"type": "Point", "coordinates": [328743.85173425, 4684059.908440833]}, "properties": {"source_tile": "K-35-062-2_Rakovski_x2688_y896.png", "label": "benchmark_mound", "subtype": "benchmark_mound", "votes": 3}}, {"type": "Feature", "geometry": {"type": "Point", "coordinates": [437867.7927005, 4698202.411974833]}, "properties": {"source_tile": "K-35-053-3_Elenovo_x4032_y1344.png", "label": "burial_mound", "subtype": "burial_mound", "votes": 3}}, {"type": "Feature", "geometry": {"type": "Point", "coordinates": [329293.2741205833, 4688709.682462084]}, "properties": {"source_tile": "K-35-062-2_Rakovski_x2688_y0.png", "label": "burial_mound", "subtype": "burial_mound", "votes": 3}}, {"type": "Feature", "geometry": {"type": "Point", "coordinates": [329179.88850099995, 4688341.741308167]}, "properties": {"source_tile": "K-35-062-2_Rakovski_x2688_y0.png", "label": "burial_mound", "subtype": "burial_mound", "votes": 3}}, {"type": "Feature", "geometry": {"type": "Point", "coordinates": [328521.0955666666, 4688206.513699667]}, "properties": {"source_tile": "K-35-062-2_Rakovski_x2688_y0.png", "label": "burial_mound", "subtype": "burial_mound", "votes": 3}}, {"type": "Feature", "geometry": {"type": "Point", "coordinates": [327950.9554116667, 4687631.8766645]}, "properties": {"source_tile": "K-35-062-2_Rakovski_x2688_y0.png", "label": "burial_mound", "subtype": "burial_mound", "votes": 3}}, {"type": "Feature", "geometry": {"type": "Point", "coordinates": [329307.24656955554, 4687350.982261139]}, "properties": {"source_tile": "K-35-062-2_Rakovski_x2688_y0.png", "label": "triangulation_mound", "subtype": "triangulation_mound", "votes": 3}}, {"type": "Feature", "geometry": {"type": "Point", "coordinates": [328887.27008883335, 4673760.928796333]}, "properties": {"source_tile": "K-35-062-2_Rakovski_x2688_y2688.png", "label": "burial_mound", "subtype": "burial_mound", "votes": 3}}, {"type": "Feature", "geometry": {"type": "Point", "coordinates": [437440.7002365, 4688604.3745705]}, "properties": {"source_tile": "K-35-053-3_Elenovo_x3584_y3136.png", "label": "burial_mound", "subtype": "burial_mound", "votes": 3}}, {"type": "Feature", "geometry": {"type": "Point", "coordinates": [436405.6743548333, 4693652.2099035]}, "properties": {"source_tile": "K-35-053-3_Elenovo_x3584_y2240.png", "label": "burial_mound", "subtype": "burial_mound", "votes": 3}}, {"type": "Feature", "geometry": {"type": "Point", "coordinates": [436721.1841031667, 4693387.040633501]}, "properties": {"source_tile": "K-35-053-3_Elenovo_x3584_y2240.png", "label": "burial_mound", "subtype": "burial_mound", "votes": 3}}, {"type": "Feature", "geometry": {"type": "Point", "coordinates": [436779.54058100004, 4692763.716496167]}, "properties": {"source_tile": "K-35-053-3_Elenovo_x3584_y2240.png", "label": "triangulation_mound", "subtype": "triangulation_mound", "votes": 3}}, {"type": "Feature", "geometry": {"type": "Point", "coordinates": [437125.5111283334, 4692452.054427833]}, "properties": {"source_tile": "K-35-053-3_Elenovo_x3584_y2240.png", "label": "burial_mound", "subtype": "burial_mound", "votes": 3}}, {"type": "Feature", "geometry": {"type": "Point", "coordinates": [437594.6074308334, 4693569.164146499]}, "properties": {"source_tile": "K-35-053-3_Elenovo_x3584_y2240.png", "label": "burial_mound", "subtype": "burial_mound", "votes": 3}}, {"type": "Feature", "geometry": {"type": "Point", "coordinates": [437863.9450205833, 4693420.387192]}, "properties": {"source_tile": "K-35-053-3_Elenovo_x4032_y2240.png", "label": "burial_mound", "subtype": "burial_mound", "votes": 3}}, {"type": "Feature", "geometry": {"type": "Point", "coordinates": [437670.59910783335, 4690356.3514655]}, "properties": {"source_tile": "K-35-053-3_Elenovo_x3584_y2688.png", "label": "burial_mound", "subtype": "burial_mound", "votes": 3}}, {"type": "Feature", "geometry": {"type": "Point", "coordinates": [437594.2867905, 4689009.022235501]}, "properties": {"source_tile": "K-35-053-3_Elenovo_x3584_y3136.png", "label": "burial_mound", "subtype": "burial_mound", "votes": 3}}, {"type": "Feature", "geometry": {"type": "Point", "coordinates": [437642.0621491666, 4688941.046558167]}, "properties": {"source_tile": "K-35-053-3_Elenovo_x3584_y3136.png", "label": "burial_mound", "subtype": "burial_mound", "votes": 3}}, {"type": "Feature", "geometry": {"type": "Point", "coordinates": [315471.14952233335, 4683631.5806115]}, "properties": {"source_tile": "K-35-062-2_Rakovski_x0_y896.png", "label": "burial_mound", "subtype": "burial_mound", "votes": 3}}, {"type": "Feature", "geometry": {"type": "Point", "coordinates": [315256.2628948333, 4682386.426632833]}, "properties": {"source_tile": "K-35-062-2_Rakovski_x0_y1344.png", "label": "burial_mound", "subtype": "burial_mound", "votes": 3}}, {"type": "Feature", "geometry": {"type": "Point", "coordinates": [324531.078097, 4685999.187983166]}, "properties": {"source_tile": "K-35-062-2_Rakovski_x1792_y448.png", "label": "burial_mound", "subtype": "burial_mound", "votes": 3}}, {"type": "Feature", "geometry": {"type": "Point", "coordinates": [330920.20786620834, 4678955.788926819]}, "properties": {"source_tile": "K-35-062-2_Rakovski_x3136_y1792.png", "label": "burial_mound", "subtype": "burial_mound", "votes": 3}}, {"type": "Feature", "geometry": {"type": "Point", "coordinates": [418943.6206016666, 4697866.701907166]}, "properties": {"source_tile": "K-35-053-3_Elenovo_x0_y1344.png", "label": "benchmark_mound", "subtype": "benchmark_mound", "votes": 3}}, {"type": "Feature", "geometry": {"type": "Point", "coordinates": [421538.56002549996, 4687564.859728667]}, "properties": {"source_tile": "K-35-053-3_Elenovo_x448_y3584.png", "label": "benchmark_mound", "subtype": "benchmark_mound", "votes": 3}}, {"type": "Feature", "geometry": {"type": "Point", "coordinates": [332425.6723146667, 4675780.349166167]}, "properties": {"source_tile": "K-35-062-2_Rakovski_x3584_y2240.png", "label": "burial_mound", "subtype": "burial_mound", "votes": 3}}, {"type": "Feature", "geometry": {"type": "Point", "coordinates": [332530.0641738333, 4675745.016536834]}, "properties": {"source_tile": "K-35-062-2_Rakovski_x3584_y2240.png", "label": "burial_mound", "subtype": "burial_mound", "votes": 3}}, {"type": "Feature", "geometry": {"type": "Point", "coordinates": [332049.86162083334, 4684316.391209333]}, "properties": {"source_tile": "K-35-062-2_Rakovski_x3136_y896.png", "label": "benchmark_mound", "subtype": "benchmark_mound", "votes": 3}}, {"type": "Feature", "geometry": {"type": "Point", "coordinates": [319908.92776733334, 4684174.739486166]}, "properties": {"source_tile": "K-35-062-2_Rakovski_x896_y896.png", "label": "burial_mound", "subtype": "burial_mound", "votes": 3}}, {"type": "Feature", "geometry": {"type": "Point", "coordinates": [434581.8741025, 4704798.9384505]}, "properties": {"source_tile": "K-35-053-3_Elenovo_x3136_y0.png", "label": "burial_mound", "subtype": "burial_mound", "votes": 3}}, {"type": "Feature", "geometry": {"type": "Point", "coordinates": [435532.25102716667, 4704829.399249501]}, "properties": {"source_tile": "K-35-053-3_Elenovo_x3136_y0.png", "label": "burial_mound", "subtype": "burial_mound", "votes": 3}}, {"type": "Feature", "geometry": {"type": "Point", "coordinates": [436036.93836850004, 4704423.469024501]}, "properties": {"source_tile": "K-35-053-3_Elenovo_x3584_y0.png", "label": "burial_mound", "subtype": "burial_mound", "votes": 3}}, {"type": "Feature", "geometry": {"type": "Point", "coordinates": [423571.73818999995, 4693492.531189334]}, "properties": {"source_tile": "K-35-053-3_Elenovo_x896_y2240.png", "label": "burial_mound", "subtype": "burial_mound", "votes": 3}}, {"type": "Feature", "geometry": {"type": "Point", "coordinates": [315236.99055150006, 4677285.840381666]}, "properties": {"source_tile": "K-35-062-2_Rakovski_x0_y2240.png", "label": "burial_mound", "subtype": "burial_mound", "votes": 3}}, {"type": "Feature", "geometry": {"type": "Point", "coordinates": [315764.0891403333, 4677032.7302735]}, "properties": {"source_tile": "K-35-062-2_Rakovski_x0_y2240.png", "label": "burial_mound", "subtype": "burial_mound", "votes": 3}}, {"type": "Feature", "geometry": {"type": "Point", "coordinates": [315830.8999301667, 4676700.924763334]}, "properties": {"source_tile": "K-35-062-2_Rakovski_x0_y2240.png", "label": "burial_mound", "subtype": "burial_mound", "votes": 3}}, {"type": "Feature", "geometry": {"type": "Point", "coordinates": [314343.396235, 4676209.158804167]}, "properties": {"source_tile": "K-35-062-2_Rakovski_x0_y2240.png", "label": "burial_mound", "subtype": "burial_mound", "votes": 3}}, {"type": "Feature", "geometry": {"type": "Point", "coordinates": [314178.2964945, 4675913.007128832]}, "properties": {"source_tile": "K-35-062-2_Rakovski_x0_y2240.png", "label": "triangulation_mound", "subtype": "triangulation_mound", "votes": 3}}, {"type": "Feature", "geometry": {"type": "Point", "coordinates": [321190.5385955, 4684433.310091834]}, "properties": {"source_tile": "K-35-062-2_Rakovski_x1344_y896.png", "label": "benchmark_mound", "subtype": "benchmark_mound", "votes": 3}}, {"type": "Feature", "geometry": {"type": "Point", "coordinates": [438020.7379746667, 4695722.902946666]}, "properties": {"source_tile": "K-35-053-3_Elenovo_x4032_y1792.png", "label": "burial_mound", "subtype": "burial_mound", "votes": 3}}, {"type": "Feature", "geometry": {"type": "Point", "coordinates": [320534.9577183334, 4682471.706751999]}, "properties": {"source_tile": "K-35-062-2_Rakovski_x896_y896.png", "label": "burial_mound", "subtype": "burial_mound", "votes": 3}}, {"type": "Feature", "geometry": {"type": "Point", "coordinates": [320574.626625, 4682355.91208925]}, "properties": {"source_tile": "K-35-062-2_Rakovski_x896_y896.png", "label": "burial_mound", "subtype": "burial_mound", "votes": 3}}, {"type": "Feature", "geometry": {"type": "Point", "coordinates": [320691.8667135, 4682221.4874950005]}, "properties": {"source_tile": "K-35-062-2_Rakovski_x896_y1344.png", "label": "burial_mound", "subtype": "burial_mound", "votes": 3}}, {"type": "Feature", "geometry": {"type": "Point", "coordinates": [314512.0292385, 4688052.9773648335]}, "properties": {"source_tile": "K-35-062-2_Rakovski_x0_y0.png", "label": "burial_mound", "subtype": "burial_mound", "votes": 3}}, {"type": "Feature", "geometry": {"type": "Point", "coordinates": [438031.3190945, 4694808.1170605]}, "properties": {"source_tile": "K-35-053-3_Elenovo_x4032_y1792.png", "label": "burial_mound", "subtype": "burial_mound", "votes": 3}}, {"type": "Feature", "geometry": {"type": "Point", "coordinates": [438064.9862933333, 4694729.8809035]}, "properties": {"source_tile": "K-35-053-3_Elenovo_x4032_y1792.png", "label": "burial_mound", "subtype": "burial_mound", "votes": 3}}, {"type": "Feature", "geometry": {"type": "Point", "coordinates": [438102.82181183324, 4695554.887593]}, "properties": {"source_tile": "K-35-053-3_Elenovo_x4032_y1792.png", "label": "burial_mound", "subtype": "burial_mound", "votes": 3}}, {"type": "Feature", "geometry": {"type": "Point", "coordinates": [322490.45814949996, 4683193.77721325]}, "properties": {"source_tile": "K-35-062-2_Rakovski_x1344_y896.png", "label": "burial_mound", "subtype": "burial_mound", "votes": 3}}, {"type": "Feature", "geometry": {"type": "Point", "coordinates": [322565.13847991667, 4683113.957591667]}, "properties": {"source_tile": "K-35-062-2_Rakovski_x1344_y896.png", "label": "burial_mound", "subtype": "burial_mound", "votes": 3}}, {"type": "Feature", "geometry": {"type": "Point", "coordinates": [320963.76735650003, 4670581.634567332]}, "properties": {"source_tile": "K-35-062-2_Rakovski_x1344_y3584.png", "label": "burial_mound", "subtype": "burial_mound", "votes": 3}}, {"type": "Feature", "geometry": {"type": "Point", "coordinates": [425299.6670859999, 4705046.472521332]}, "properties": {"source_tile": "K-35-053-3_Elenovo_x1344_y0.png", "label": "burial_mound", "subtype": "burial_mound", "votes": 3}}, {"type": "Feature", "geometry": {"type": "Point", "coordinates": [425583.4334755, 4704916.933966001]}, "properties": {"source_tile": "K-35-053-3_Elenovo_x1344_y0.png", "label": "burial_mound", "subtype": "burial_mound", "votes": 3}}, {"type": "Feature", "geometry": {"type": "Point", "coordinates": [425847.3201856667, 4704621.624537]}, "properties": {"source_tile": "K-35-053-3_Elenovo_x1344_y0.png", "label": "burial_mound", "subtype": "burial_mound", "votes": 3}}, {"type": "Feature", "geometry": {"type": "Point", "coordinates": [334554.3026296667, 4675425.0956385]}, "properties": {"source_tile": "K-35-062-2_Rakovski_x4032_y2688.png", "label": "burial_mound", "subtype": "burial_mound", "votes": 3}}, {"type": "Feature", "geometry": {"type": "Point", "coordinates": [425934.53426266665, 4693268.724477833]}, "properties": {"source_tile": "K-35-053-3_Elenovo_x1344_y2240.png", "label": "burial_mound", "subtype": "burial_mound", "votes": 3}}, {"type": "Feature", "geometry": {"type": "Point", "coordinates": [421005.33572533337, 4691469.453184499]}, "properties": {"source_tile": "K-35-053-3_Elenovo_x448_y2688.png", "label": "burial_mound", "subtype": "burial_mound", "votes": 3}}, {"type": "Feature", "geometry": {"type": "Point", "coordinates": [420660.0064581667, 4690827.371608]}, "properties": {"source_tile": "K-35-053-3_Elenovo_x448_y2688.png", "label": "burial_mound", "subtype": "burial_mound", "votes": 3}}, {"type": "Feature", "geometry": {"type": "Point", "coordinates": [332814.3312373333, 4671636.795361999]}, "properties": {"source_tile": "K-35-062-2_Rakovski_x3584_y3136.png", "label": "triangulation_mound", "subtype": "triangulation_mound", "votes": 3}}, {"type": "Feature", "geometry": {"type": "Point", "coordinates": [334388.88168283337, 4670502.939165833]}, "properties": {"source_tile": "K-35-062-2_Rakovski_x4032_y3584.png", "label": "triangulation_mound", "subtype": "triangulation_mound", "votes": 3}}, {"type": "Feature", "geometry": {"type": "Point", "coordinates": [334626.5739168334, 4672555.4437245]}, "properties": {"source_tile": "K-35-062-2_Rakovski_x4032_y3136.png", "label": "burial_mound", "subtype": "burial_mound", "votes": 3}}, {"type": "Feature", "geometry": {"type": "Point", "coordinates": [428435.84681, 4703364.7157838335]}, "properties": {"source_tile": "K-35-053-3_Elenovo_x1792_y0.png", "label": "triangulation_mound", "subtype": "triangulation_mound", "votes": 3}}, {"type": "Feature", "geometry": {"type": "Point", "coordinates": [322377.3937358333, 4687609.071058333]}, "properties": {"source_tile": "K-35-062-2_Rakovski_x1344_y0.png", "label": "settlement_mound", "subtype": "settlement_mound", "votes": 3}}, {"type": "Feature", "geometry": {"type": "Point", "coordinates": [321100.279788, 4687380.37258475]}, "properties": {"source_tile": "K-35-062-2_Rakovski_x1344_y0.png", "label": "burial_mound", "subtype": "burial_mound", "votes": 3}}, {"type": "Feature", "geometry": {"type": "Point", "coordinates": [332770.9684648333, 4681793.641474417]}, "properties": {"source_tile": "K-35-062-2_Rakovski_x3584_y1344.png", "label": "burial_mound", "subtype": "burial_mound", "votes": 3}}, {"type": "Feature", "geometry": {"type": "Point", "coordinates": [333671.34825225, 4682271.194080375]}, "properties": {"source_tile": "K-35-062-2_Rakovski_x3584_y1344.png", "label": "burial_mound", "subtype": "burial_mound", "votes": 3}}, {"type": "Feature", "geometry": {"type": "Point", "coordinates": [323521.207309, 4683155.232526832]}, "properties": {"source_tile": "K-35-062-2_Rakovski_x1792_y896.png", "label": "burial_mound", "subtype": "burial_mound", "votes": 3}}, {"type": "Feature", "geometry": {"type": "Point", "coordinates": [317788.00639, 4679910.733536]}, "properties": {"source_tile": "K-35-062-2_Rakovski_x448_y1792.png", "label": "burial_mound", "subtype": "burial_mound", "votes": 3}}, {"type": "Feature", "geometry": {"type": "Point", "coordinates": [333650.42973000003, 4678618.201713666]}, "properties": {"source_tile": "K-35-062-2_Rakovski_x3584_y1792.png", "label": "burial_mound", "subtype": "burial_mound", "votes": 3}}, {"type": "Feature", "geometry": {"type": "Point", "coordinates": [333917.67288983334, 4678597.0021359995]}, "properties": {"source_tile": "K-35-062-2_Rakovski_x3584_y1792.png", "label": "burial_mound", "subtype": "burial_mound", "votes": 3}}, {"type": "Feature", "geometry": {"type": "Point", "coordinates": [331370.51151999994, 4679508.583973333]}, "properties": {"source_tile": "K-35-062-2_Rakovski_x3136_y1792.png", "label": "burial_mound", "subtype": "burial_mound", "votes": 3}}, {"type": "Feature", "geometry": {"type": "Point", "coordinates": [332603.78088700003, 4679899.009527333]}, "properties": {"source_tile": "K-35-062-2_Rakovski_x3584_y1792.png", "label": "triangulation_mound", "subtype": "triangulation_mound", "votes": 3}}, {"type": "Feature", "geometry": {"type": "Point", "coordinates": [334553.33901233337, 4679304.297134333]}, "properties": {"source_tile": "K-35-062-2_Rakovski_x4032_y1792.png", "label": "benchmark_mound", "subtype": "benchmark_mound", "votes": 3}}, {"type": "Feature", "geometry": {"type": "Point", "coordinates": [437843.90502158337, 4687090.633186583]}, "properties": {"source_tile": "K-35-053-3_Elenovo_x4032_y3584.png", "label": "burial_mound", "subtype": "burial_mound", "votes": 3}}, {"type": "Feature", "geometry": {"type": "Point", "coordinates": [333577.51603116666, 4670615.039962]}, "properties": {"source_tile": "K-35-062-2_Rakovski_x3584_y3584.png", "label": "burial_mound", "subtype": "burial_mound", "votes": 3}}, {"type": "Feature", "geometry": {"type": "Point", "coordinates": [460205.1337093334, 4633563.966584667]}, "properties": {"source_tile": "K-35-078-1_Lesovo_x0_y3136.png", "label": "burial_mound", "subtype": "burial_mound", "votes": 3}}, {"type": "Feature", "geometry": {"type": "Point", "coordinates": [318551.5123896667, 4688045.5896333335]}, "properties": {"source_tile": "K-35-062-2_Rakovski_x448_y0.png", "label": "benchmark_mound", "subtype": "benchmark_mound", "votes": 3}}, {"type": "Feature", "geometry": {"type": "Point", "coordinates": [323423.2395641667, 4678348.7101135]}, "properties": {"source_tile": "K-35-062-2_Rakovski_x1792_y1792.png", "label": "burial_mound", "subtype": "burial_mound", "votes": 3}}, {"type": "Feature", "geometry": {"type": "Point", "coordinates": [315602.52266233333, 4681277.142674499]}, "properties": {"source_tile": "K-35-062-2_Rakovski_x0_y1344.png", "label": "burial_mound", "subtype": "burial_mound", "votes": 3}}, {"type": "Feature", "geometry": {"type": "Point", "coordinates": [315528.32414083334, 4681209.047061667]}, "properties": {"source_tile": "K-35-062-2_Rakovski_x0_y1344.png", "label": "burial_mound", "subtype": "burial_mound", "votes": 3}}, {"type": "Feature", "geometry": {"type": "Point", "coordinates": [314514.27767883334, 4680898.119923499]}, "properties": {"source_tile": "K-35-062-2_Rakovski_x0_y1344.png", "label": "burial_mound", "subtype": "burial_mound", "votes": 3}}, {"type": "Feature", "geometry": {"type": "Point", "coordinates": [459948.810391, 4638884.285510167]}, "properties": {"source_tile": "K-35-078-1_Lesovo_x0_y1792.png", "label": "burial_mound", "subtype": "burial_mound", "votes": 3}}, {"type": "Feature", "geometry": {"type": "Point", "coordinates": [332881.7844388333, 4673866.9266845]}, "properties": {"source_tile": "K-35-062-2_Rakovski_x3584_y2688.png", "label": "settlement_mound", "subtype": "settlement_mound", "votes": 3}}, {"type": "Feature", "geometry": {"type": "Point", "coordinates": [459063.59330300003, 4632374.768074166]}, "properties": {"source_tile": "K-35-078-1_Lesovo_x0_y3136.png", "label": "burial_mound", "subtype": "burial_mound", "votes": 3}}, {"type": "Feature", "geometry": {"type": "Point", "coordinates": [459273.86858783336, 4631923.304139334]}, "properties": {"source_tile": "K-35-078-1_Lesovo_x0_y3136.png", "label": "burial_mound", "subtype": "burial_mound", "votes": 3}}, {"type": "Feature", "geometry": {"type": "Point", "coordinates": [323323.3445848333, 4670488.806113833]}, "properties": {"source_tile": "K-35-062-2_Rakovski_x1792_y3584.png", "label": "burial_mound", "subtype": "burial_mound", "votes": 3}}, {"type": "Feature", "geometry": {"type": "Point", "coordinates": [326053.9144215, 4676468.371821]}, "properties": {"source_tile": "K-35-062-2_Rakovski_x2240_y2240.png", "label": "triangulation_mound", "subtype": "triangulation_mound", "votes": 3}}, {"type": "Feature", "geometry": {"type": "Point", "coordinates": [323247.5400348333, 4685322.086322666]}, "properties": {"source_tile": "K-35-062-2_Rakovski_x1792_y448.png", "label": "burial_mound", "subtype": "burial_mound", "votes": 3}}, {"type": "Feature", "geometry": {"type": "Point", "coordinates": [324137.60108833335, 4685594.789979833]}, "properties": {"source_tile": "K-35-062-2_Rakovski_x1792_y448.png", "label": "burial_mound", "subtype": "burial_mound", "votes": 3}}, {"type": "Feature", "geometry": {"type": "Point", "coordinates": [324060.832921, 4685277.117521666]}, "properties": {"source_tile": "K-35-062-2_Rakovski_x1792_y448.png", "label": "burial_mound", "subtype": "burial_mound", "votes": 3}}, {"type": "Feature", "geometry": {"type": "Point", "coordinates": [324169.72166066663, 4685152.168495833]}, "properties": {"source_tile": "K-35-062-2_Rakovski_x1792_y448.png", "label": "burial_mound", "subtype": "burial_mound", "votes": 3}}, {"type": "Feature", "geometry": {"type": "Point", "coordinates": [327004.6833565, 4680760.9650805]}, "properties": {"source_tile": "K-35-062-2_Rakovski_x2240_y1344.png", "label": "triangulation_mound", "subtype": "triangulation_mound", "votes": 3}}, {"type": "Feature", "geometry": {"type": "Point", "coordinates": [431769.5407665001, 4700451.3808515]}, "properties": {"source_tile": "K-35-053-3_Elenovo_x2688_y896.png", "label": "burial_mound", "subtype": "burial_mound", "votes": 3}}, {"type": "Feature", "geometry": {"type": "Point", "coordinates": [319591.89772050007, 4687209.491140666]}, "properties": {"source_tile": "K-35-062-2_Rakovski_x896_y0.png", "label": "burial_mound", "subtype": "burial_mound", "votes": 3}}, {"type": "Feature", "geometry": {"type": "Point", "coordinates": [320027.7738843333, 4686880.897688166]}, "properties": {"source_tile": "K-35-062-2_Rakovski_x896_y0.png", "label": "burial_mound", "subtype": "burial_mound", "votes": 3}}, {"type": "Feature", "geometry": {"type": "Point", "coordinates": [319177.86354583333, 4686812.802074834]}, "properties": {"source_tile": "K-35-062-2_Rakovski_x896_y0.png", "label": "burial_mound", "subtype": "burial_mound", "votes": 3}}, {"type": "Feature", "geometry": {"type": "Point", "coordinates": [319554.63785716664, 4686642.241837]}, "properties": {"source_tile": "K-35-062-2_Rakovski_x896_y448.png", "label": "burial_mound", "subtype": "burial_mound", "votes": 3}}, {"type": "Feature", "geometry": {"type": "Point", "coordinates": [320719.97221383336, 4686386.562082834]}, "properties": {"source_tile": "K-35-062-2_Rakovski_x896_y448.png", "label": "triangulation_mound", "subtype": "triangulation_mound", "votes": 3}}, {"type": "Feature", "geometry": {"type": "Point", "coordinates": [320629.0709946666, 4686257.4373831665]}, "properties": {"source_tile": "K-35-062-2_Rakovski_x896_y448.png", "label": "burial_mound", "subtype": "burial_mound", "votes": 3}}, {"type": "Feature", "geometry": {"type": "Point", "coordinates": [320295.98066183337, 4686128.9550945]}, "properties": {"source_tile": "K-35-062-2_Rakovski_x896_y448.png", "label": "burial_mound", "subtype": "burial_mound", "votes": 3}}, {"type": "Feature", "geometry": {"type": "Point", "coordinates": [319580.6555205, 4685921.777403999]}, "properties": {"source_tile": "K-35-062-2_Rakovski_x896_y448.png", "label": "triangulation_mound", "subtype": "triangulation_mound", "votes": 3}}, {"type": "Feature", "geometry": {"type": "Point", "coordinates": [322221.608961, 4685999.509188999]}, "properties": {"source_tile": "K-35-062-2_Rakovski_x1344_y448.png", "label": "burial_mound", "subtype": "burial_mound", "votes": 3}}, {"type": "Feature", "geometry": {"type": "Point", "coordinates": [321460.35140166664, 4686699.737661333]}, "properties": {"source_tile": "K-35-062-2_Rakovski_x1344_y448.png", "label": "burial_mound", "subtype": "burial_mound", "votes": 3}}, {"type": "Feature", "geometry": {"type": "Point", "coordinates": [322081.884472, 4686698.774044001]}, "properties": {"source_tile": "K-35-062-2_Rakovski_x1344_y448.png", "label": "burial_mound", "subtype": "burial_mound", "votes": 3}}, {"type": "Feature", "geometry": {"type": "Point", "coordinates": [322140.34391349996, 4686752.4153995]}, "properties": {"source_tile": "K-35-062-2_Rakovski_x1344_y448.png", "label": "burial_mound", "subtype": "burial_mound", "votes": 3}}, {"type": "Feature", "geometry": {"type": "Point", "coordinates": [321463.5634586667, 4687053.706366333]}, "properties": {"source_tile": "K-35-062-2_Rakovski_x1344_y0.png", "label": "burial_mound", "subtype": "burial_mound", "votes": 3}}, {"type": "Feature", "geometry": {"type": "Point", "coordinates": [469260.49556, 4649236.076606666]}, "properties": {"source_tile": "K-35-078-1_Lesovo_x1792_y0.png", "label": "benchmark_mound", "subtype": "benchmark_mound", "votes": 3}}, {"type": "Feature", "geometry": {"type": "Point", "coordinates": [326936.2665376667, 4684677.4264400005]}, "properties": {"source_tile": "K-35-062-2_Rakovski_x2240_y448.png", "label": "benchmark_mound", "subtype": "benchmark_mound", "votes": 3}}, {"type": "Feature", "geometry": {"type": "Point", "coordinates": [469858.15395016666, 4645970.208397667]}, "properties": {"source_tile": "K-35-078-1_Lesovo_x1792_y448.png", "label": "burial_mound", "subtype": "burial_mound", "votes": 3}}, {"type": "Feature", "geometry": {"type": "Point", "coordinates": [459402.0302471666, 4645576.7070223335]}, "properties": {"source_tile": "K-35-078-1_Lesovo_x0_y448.png", "label": "triangulation_mound", "subtype": "triangulation_mound", "votes": 3}}, {"type": "Feature", "geometry": {"type": "Point", "coordinates": [434663.6372991666, 4692645.400340667]}, "properties": {"source_tile": "K-35-053-3_Elenovo_x3136_y2240.png", "label": "triangulation_mound", "subtype": "triangulation_mound", "votes": 3}}, {"type": "Feature", "geometry": {"type": "Point", "coordinates": [435585.7979051667, 4692725.880977667]}, "properties": {"source_tile": "K-35-053-3_Elenovo_x3136_y2240.png", "label": "burial_mound", "subtype": "burial_mound", "votes": 3}}, {"type": "Feature", "geometry": {"type": "Point", "coordinates": [328443.3637825, 4670517.714628667]}, "properties": {"source_tile": "K-35-062-2_Rakovski_x2688_y3584.png", "label": "burial_mound", "subtype": "burial_mound", "votes": 3}}, {"type": "Feature", "geometry": {"type": "Point", "coordinates": [329994.787416, 4684776.357802001]}, "properties": {"source_tile": "K-35-062-2_Rakovski_x3136_y448.png", "label": "burial_mound", "subtype": "burial_mound", "votes": 3}}, {"type": "Feature", "geometry": {"type": "Point", "coordinates": [328349.25050583336, 4687017.088913834]}, "properties": {"source_tile": "K-35-062-2_Rakovski_x2688_y0.png", "label": "burial_mound", "subtype": "burial_mound", "votes": 3}}, {"type": "Feature", "geometry": {"type": "Point", "coordinates": [328733.41254850005, 4687081.008852333]}, "properties": {"source_tile": "K-35-062-2_Rakovski_x2688_y0.png", "label": "burial_mound", "subtype": "burial_mound", "votes": 3}}, {"type": "Feature", "geometry": {"type": "Point", "coordinates": [328295.930356, 4686580.891544334]}, "properties": {"source_tile": "K-35-062-2_Rakovski_x2688_y448.png", "label": "burial_mound", "subtype": "burial_mound", "votes": 3}}, {"type": "Feature", "geometry": {"type": "Point", "coordinates": [328707.0736791667, 4686446.627553166]}, "properties": {"source_tile": "K-35-062-2_Rakovski_x2688_y448.png", "label": "burial_mound", "subtype": "burial_mound", "votes": 3}}, {"type": "Feature", "geometry": {"type": "Point", "coordinates": [329375.823991, 4686460.118193166]}, "properties": {"source_tile": "K-35-062-2_Rakovski_x2688_y448.png", "label": "burial_mound", "subtype": "burial_mound", "votes": 3}}, {"type": "Feature", "geometry": {"type": "Point", "coordinates": [469124.6055595, 4635501.848154333]}, "properties": {"source_tile": "K-35-078-1_Lesovo_x1792_y2688.png", "label": "burial_mound", "subtype": "burial_mound", "votes": 3}}, {"type": "Feature", "geometry": {"type": "Point", "coordinates": [469633.0660113333, 4635535.015619167]}, "properties": {"source_tile": "K-35-078-1_Lesovo_x1792_y2688.png", "label": "burial_mound", "subtype": "burial_mound", "votes": 3}}, {"type": "Feature", "geometry": {"type": "Point", "coordinates": [470033.0076711667, 4635596.842349167]}, "properties": {"source_tile": "K-35-078-1_Lesovo_x2240_y2688.png", "label": "burial_mound", "subtype": "burial_mound", "votes": 3}}, {"type": "Feature", "geometry": {"type": "Point", "coordinates": [468791.64285733335, 4635244.5587935]}, "properties": {"source_tile": "K-35-078-1_Lesovo_x1792_y2688.png", "label": "burial_mound", "subtype": "burial_mound", "votes": 3}}, {"type": "Feature", "geometry": {"type": "Point", "coordinates": [468830.28456333326, 4634947.6616836665]}, "properties": {"source_tile": "K-35-078-1_Lesovo_x1792_y2688.png", "label": "burial_mound", "subtype": "burial_mound", "votes": 3}}, {"type": "Feature", "geometry": {"type": "Point", "coordinates": [470231.0464158333, 4635245.846850333]}, "properties": {"source_tile": "K-35-078-1_Lesovo_x2240_y2688.png", "label": "burial_mound", "subtype": "burial_mound", "votes": 3}}, {"type": "Feature", "geometry": {"type": "Point", "coordinates": [469794.39513516665, 4634700.354763334]}, "properties": {"source_tile": "K-35-078-1_Lesovo_x2240_y2688.png", "label": "burial_mound", "subtype": "burial_mound", "votes": 3}}, {"type": "Feature", "geometry": {"type": "Point", "coordinates": [469253.41124716675, 4634709.049147166]}, "properties": {"source_tile": "K-35-078-1_Lesovo_x1792_y2688.png", "label": "burial_mound", "subtype": "burial_mound", "votes": 3}}, {"type": "Feature", "geometry": {"type": "Point", "coordinates": [472956.25275099993, 4648410.432149]}, "properties": {"source_tile": "K-35-078-1_Lesovo_x2688_y0.png", "label": "burial_mound", "subtype": "burial_mound", "votes": 3}}, {"type": "Feature", "geometry": {"type": "Point", "coordinates": [472294.51353066665, 4648295.473072667]}, "properties": {"source_tile": "K-35-078-1_Lesovo_x2688_y0.png", "label": "burial_mound", "subtype": "burial_mound", "votes": 3}}, {"type": "Feature", "geometry": {"type": "Point", "coordinates": [472756.60393516667, 4648102.264541334]}, "properties": {"source_tile": "K-35-078-1_Lesovo_x2688_y0.png", "label": "burial_mound", "subtype": "burial_mound", "votes": 3}}, {"type": "Feature", "geometry": {"type": "Point", "coordinates": [473467.28931633336, 4648161.515157501]}, "properties": {"source_tile": "K-35-078-1_Lesovo_x2688_y0.png", "label": "burial_mound", "subtype": "burial_mound", "votes": 3}}, {"type": "Feature", "geometry": {"type": "Point", "coordinates": [473485.966141, 4648440.701485666]}, "properties": {"source_tile": "K-35-078-1_Lesovo_x2688_y0.png", "label": "burial_mound", "subtype": "burial_mound", "votes": 3}}, {"type": "Feature", "geometry": {"type": "Point", "coordinates": [324289.2101888333, 4670614.076344833]}, "properties": {"source_tile": "K-35-062-2_Rakovski_x1792_y3584.png", "label": "burial_mound", "subtype": "burial_mound", "votes": 3}}, {"type": "Feature", "geometry": {"type": "Point", "coordinates": [332971.0796295, 4676416.015288667]}, "properties": {"source_tile": "K-35-062-2_Rakovski_x3584_y2240.png", "label": "triangulation_mound", "subtype": "triangulation_mound", "votes": 3}}, {"type": "Feature", "geometry": {"type": "Point", "coordinates": [427119.94029883336, 4688898.4014395]}, "properties": {"source_tile": "K-35-053-3_Elenovo_x1792_y3136.png", "label": "triangulation_mound", "subtype": "triangulation_mound", "votes": 3}}, {"type": "Feature", "geometry": {"type": "Point", "coordinates": [332163.2472405, 4680798.867355334]}, "properties": {"source_tile": "K-35-062-2_Rakovski_x3584_y1344.png", "label": "burial_mound", "subtype": "burial_mound", "votes": 3}}, {"type": "Feature", "geometry": {"type": "Point", "coordinates": [333769.27584683336, 4683653.743806]}, "properties": {"source_tile": "K-35-062-2_Rakovski_x3584_y896.png", "label": "triangulation_mound", "subtype": "triangulation_mound", "votes": 3}}, {"type": "Feature", "geometry": {"type": "Point", "coordinates": [333136.17936991673, 4684021.68496]}, "properties": {"source_tile": "K-35-062-2_Rakovski_x3584_y896.png", "label": "burial_mound", "subtype": "burial_mound", "votes": 3}}, {"type": "Feature", "geometry": {"type": "Point", "coordinates": [333854.395363, 4683078.1431536665]}, "properties": {"source_tile": "K-35-062-2_Rakovski_x3584_y896.png", "label": "burial_mound", "subtype": "burial_mound", "votes": 3}}, {"type": "Feature", "geometry": {"type": "Point", "coordinates": [334255.26010283333, 4682285.086227667]}, "properties": {"source_tile": "K-35-062-2_Rakovski_x4032_y1344.png", "label": "burial_mound", "subtype": "burial_mound", "votes": 3}}, {"type": "Feature", "geometry": {"type": "Point", "coordinates": [330175.62623700005, 4683619.053588167]}, "properties": {"source_tile": "K-35-062-2_Rakovski_x3136_y896.png", "label": "triangulation_mound", "subtype": "triangulation_mound", "votes": 3}}, {"type": "Feature", "geometry": {"type": "Point", "coordinates": [329387.7086026667, 4682532.414633166]}, "properties": {"source_tile": "K-35-062-2_Rakovski_x2688_y896.png", "label": "burial_mound", "subtype": "burial_mound", "votes": 3}}, {"type": "Feature", "geometry": {"type": "Point", "coordinates": [316898.9089533333, 4681921.160145666]}, "properties": {"source_tile": "K-35-062-2_Rakovski_x448_y1344.png", "label": "burial_mound", "subtype": "burial_mound", "votes": 3}}, {"type": "Feature", "geometry": {"type": "Point", "coordinates": [316370.20433599997, 4681787.21736]}, "properties": {"source_tile": "K-35-062-2_Rakovski_x0_y1344.png", "label": "burial_mound", "subtype": "burial_mound", "votes": 3}}, {"type": "Feature", "geometry": {"type": "Point", "coordinates": [316756.29361316666, 4681851.458504166]}, "properties": {"source_tile": "K-35-062-2_Rakovski_x448_y1344.png", "label": "burial_mound", "subtype": "burial_mound", "votes": 3}}, {"type": "Feature", "geometry": {"type": "Point", "coordinates": [316724.81545249996, 4681395.6675855005]}, "properties": {"source_tile": "K-35-062-2_Rakovski_x448_y1344.png", "label": "burial_mound", "subtype": "burial_mound", "votes": 3}}, {"type": "Feature", "geometry": {"type": "Point", "coordinates": [316473.95378433337, 4680676.8091813335]}, "properties": {"source_tile": "K-35-062-2_Rakovski_x448_y1344.png", "label": "burial_mound", "subtype": "burial_mound", "votes": 3}}, {"type": "Feature", "geometry": {"type": "Point", "coordinates": [329530.323943, 4687718.2810035]}, "properties": {"source_tile": "K-35-062-2_Rakovski_x2688_y0.png", "label": "burial_mound", "subtype": "burial_mound", "votes": 3}}, {"type": "Feature", "geometry": {"type": "Point", "coordinates": [330062.5618228333, 4688077.067794]}, "properties": {"source_tile": "K-35-062-2_Rakovski_x3136_y0.png", "label": "burial_mound", "subtype": "burial_mound", "votes": 3}}, {"type": "Feature", "geometry": {"type": "Point", "coordinates": [329835.1481725, 4688510.695517999]}, "properties": {"source_tile": "K-35-062-2_Rakovski_x2688_y0.png", "label": "burial_mound", "subtype": "burial_mound", "votes": 3}}, {"type": "Feature", "geometry": {"type": "Point", "coordinates": [476519.018069, 4643976.296354166]}, "properties": {"source_tile": "K-35-078-1_Lesovo_x3136_y896.png", "label": "burial_mound", "subtype": "burial_mound", "votes": 3}}, {"type": "Feature", "geometry": {"type": "Point", "coordinates": [328274.73077850003, 4681151.872443001]}, "properties": {"source_tile": "K-35-062-2_Rakovski_x2688_y1344.png", "label": "burial_mound", "subtype": "burial_mound", "votes": 3}}, {"type": "Feature", "geometry": {"type": "Point", "coordinates": [328493.4718745, 4681673.1893288335]}, "properties": {"source_tile": "K-35-062-2_Rakovski_x2688_y1344.png", "label": "burial_mound", "subtype": "burial_mound", "votes": 3}}, {"type": "Feature", "geometry": {"type": "Point", "coordinates": [328012.9481156667, 4681640.105139666]}, "properties": {"source_tile": "K-35-062-2_Rakovski_x2688_y1344.png", "label": "triangulation_mound", "subtype": "triangulation_mound", "votes": 3}}, {"type": "Feature", "geometry": {"type": "Point", "coordinates": [329162.2221865, 4680901.653186333]}, "properties": {"source_tile": "K-35-062-2_Rakovski_x2688_y1344.png", "label": "triangulation_mound", "subtype": "triangulation_mound", "votes": 3}}, {"type": "Feature", "geometry": {"type": "Point", "coordinates": [471359.7062533333, 4634221.197605667]}, "properties": {"source_tile": "K-35-078-1_Lesovo_x2240_y2688.png", "label": "burial_mound", "subtype": "burial_mound", "votes": 3}}, {"type": "Feature", "geometry": {"type": "Point", "coordinates": [471530.6958035001, 4634005.126064833]}, "properties": {"source_tile": "K-35-078-1_Lesovo_x2240_y2688.png", "label": "burial_mound", "subtype": "burial_mound", "votes": 3}}, {"type": "Feature", "geometry": {"type": "Point", "coordinates": [471281.45679833327, 4633993.533552834]}, "properties": {"source_tile": "K-35-078-1_Lesovo_x2240_y2688.png", "label": "burial_mound", "subtype": "burial_mound", "votes": 3}}, {"type": "Feature", "geometry": {"type": "Point", "coordinates": [471802.7978185, 4633801.613078333]}, "properties": {"source_tile": "K-35-078-1_Lesovo_x2240_y3136.png", "label": "burial_mound", "subtype": "burial_mound", "votes": 3}}, {"type": "Feature", "geometry": {"type": "Point", "coordinates": [471256.6617033333, 4633392.010991666]}, "properties": {"source_tile": "K-35-078-1_Lesovo_x2240_y3136.png", "label": "burial_mound", "subtype": "burial_mound", "votes": 3}}, {"type": "Feature", "geometry": {"type": "Point", "coordinates": [471000.0163709999, 4632965.342151667]}, "properties": {"source_tile": "K-35-078-1_Lesovo_x2240_y3136.png", "label": "burial_mound", "subtype": "burial_mound", "votes": 3}}, {"type": "Feature", "geometry": {"type": "Point", "coordinates": [475923.9357926667, 4646222.023517166]}, "properties": {"source_tile": "K-35-078-1_Lesovo_x3136_y448.png", "label": "benchmark_mound", "subtype": "benchmark_mound", "votes": 3}}, {"type": "Feature", "geometry": {"type": "Point", "coordinates": [472230.43270133337, 4632965.342151667]}, "properties": {"source_tile": "K-35-078-1_Lesovo_x2688_y3136.png", "label": "burial_mound", "subtype": "burial_mound", "votes": 3}}, {"type": "Feature", "geometry": {"type": "Point", "coordinates": [472491.90824683337, 4633219.0893565]}, "properties": {"source_tile": "K-35-078-1_Lesovo_x2688_y3136.png", "label": "burial_mound", "subtype": "burial_mound", "votes": 3}}, {"type": "Feature", "geometry": {"type": "Point", "coordinates": [472750.8076793333, 4633367.537911333]}, "properties": {"source_tile": "K-35-078-1_Lesovo_x2688_y3136.png", "label": "burial_mound", "subtype": "burial_mound", "votes": 3}}, {"type": "Feature", "geometry": {"type": "Point", "coordinates": [320433.45671049994, 4679936.429994001]}, "properties": {"source_tile": "K-35-062-2_Rakovski_x896_y1792.png", "label": "burial_mound", "subtype": "burial_mound", "votes": 3}}, {"type": "Feature", "geometry": {"type": "Point", "coordinates": [323244.649183, 4672916.478955166]}, "properties": {"source_tile": "K-35-062-2_Rakovski_x1344_y3136.png", "label": "burial_mound", "subtype": "burial_mound", "votes": 3}}, {"type": "Feature", "geometry": {"type": "Point", "coordinates": [316826.6376661667, 4688714.339945334]}, "properties": {"source_tile": "K-35-062-2_Rakovski_x448_y0.png", "label": "burial_mound", "subtype": "burial_mound", "votes": 3}}, {"type": "Feature", "geometry": {"type": "Point", "coordinates": [316883.16987316665, 4689070.235884166]}, "properties": {"source_tile": "K-35-062-2_Rakovski_x448_y0.png", "label": "burial_mound", "subtype": "burial_mound", "votes": 3}}, {"type": "Feature", "geometry": {"type": "Point", "coordinates": [317149.12821033335, 4689082.441701833]}, "properties": {"source_tile": "K-35-062-2_Rakovski_x448_y0.png", "label": "burial_mound", "subtype": "burial_mound", "votes": 3}}, {"type": "Feature", "geometry": {"type": "Point", "coordinates": [334736.4262733333, 4685372.515621]}, "properties": {"source_tile": "K-35-062-2_Rakovski_x4032_y448.png", "label": "burial_mound", "subtype": "burial_mound", "votes": 3}}, {"type": "Feature", "geometry": {"type": "Point", "coordinates": [334547.23610366666, 4670196.830113]}, "properties": {"source_tile": "K-35-062-2_Rakovski_x4032_y3584.png", "label": "burial_mound", "subtype": "burial_mound", "votes": 3}}, {"type": "Feature", "geometry": {"type": "Point", "coordinates": [318201.5587560833, 4682392.690144249]}, "properties": {"source_tile": "K-35-062-2_Rakovski_x448_y896.png", "label": "burial_mound", "subtype": "burial_mound", "votes": 3}}, {"type": "Feature", "geometry": {"type": "Point", "coordinates": [333917.9940956666, 4688158.332841833]}, "properties": {"source_tile": "K-35-062-2_Rakovski_x3584_y0.png", "label": "burial_mound", "subtype": "burial_mound", "votes": 3}}, {"type": "Feature", "geometry": {"type": "Point", "coordinates": [333564.34659666667, 4679791.887419333]}, "properties": {"source_tile": "K-35-062-2_Rakovski_x3584_y1792.png", "label": "burial_mound", "subtype": "burial_mound", "votes": 3}}, {"type": "Feature", "geometry": {"type": "Point", "coordinates": [316614.32068433333, 4686143.730557666]}, "properties": {"source_tile": "K-35-062-2_Rakovski_x448_y448.png", "label": "burial_mound", "subtype": "burial_mound", "votes": 3}}, {"type": "Feature", "geometry": {"type": "Point", "coordinates": [316245.89772175, 4685703.999925167]}, "properties": {"source_tile": "K-35-062-2_Rakovski_x0_y448.png", "label": "burial_mound", "subtype": "burial_mound", "votes": 3}}, {"type": "Feature", "geometry": {"type": "Point", "coordinates": [473690.1231556667, 4646934.318969667]}, "properties": {"source_tile": "K-35-078-1_Lesovo_x2688_y448.png", "label": "benchmark_mound", "subtype": "benchmark_mound", "votes": 3}}, {"type": "Feature", "geometry": {"type": "Point", "coordinates": [330452.82677416666, 4681242.452456499]}, "properties": {"source_tile": "K-35-062-2_Rakovski_x3136_y1344.png", "label": "burial_mound", "subtype": "burial_mound", "votes": 3}}, {"type": "Feature", "geometry": {"type": "Point", "coordinates": [461316.0827646667, 4643884.844316]}, "properties": {"source_tile": "K-35-078-1_Lesovo_x448_y896.png", "label": "burial_mound", "subtype": "burial_mound", "votes": 3}}, {"type": "Feature", "geometry": {"type": "Point", "coordinates": [461439.7362246667, 4643646.553794]}, "properties": {"source_tile": "K-35-078-1_Lesovo_x448_y896.png", "label": "burial_mound", "subtype": "burial_mound", "votes": 3}}, {"type": "Feature", "geometry": {"type": "Point", "coordinates": [476399.22877949994, 4638109.519299333]}, "properties": {"source_tile": "K-35-078-1_Lesovo_x3136_y2240.png", "label": "benchmark_mound", "subtype": "benchmark_mound", "votes": 3}}, {"type": "Feature", "geometry": {"type": "Point", "coordinates": [333414.6647306667, 4687054.669983167]}, "properties": {"source_tile": "K-35-062-2_Rakovski_x3584_y0.png", "label": "burial_mound", "subtype": "burial_mound", "votes": 3}}, {"type": "Feature", "geometry": {"type": "Point", "coordinates": [333864.99515183334, 4686920.405991833]}, "properties": {"source_tile": "K-35-062-2_Rakovski_x3584_y0.png", "label": "burial_mound", "subtype": "burial_mound", "votes": 3}}, {"type": "Feature", "geometry": {"type": "Point", "coordinates": [334624.967888, 4670675.747843499]}, "properties": {"source_tile": "K-35-062-2_Rakovski_x4032_y3584.png", "label": "burial_mound", "subtype": "burial_mound", "votes": 3}}, {"type": "Feature", "geometry": {"type": "Point", "coordinates": [330341.04718366667, 4679555.801214167]}, "properties": {"source_tile": "K-35-062-2_Rakovski_x3136_y1792.png", "label": "burial_mound", "subtype": "burial_mound", "votes": 3}}, {"type": "Feature", "geometry": {"type": "Point", "coordinates": [334128.0626375, 4674951.317199499]}, "properties": {"source_tile": "K-35-062-2_Rakovski_x3584_y2688.png", "label": "triangulation_mound", "subtype": "triangulation_mound", "votes": 3}}, {"type": "Feature", "geometry": {"type": "Point", "coordinates": [317869.91384883336, 4684489.521093167]}, "properties": {"source_tile": "K-35-062-2_Rakovski_x448_y896.png", "label": "burial_mound", "subtype": "burial_mound", "votes": 3}}, {"type": "Feature", "geometry": {"type": "Point", "coordinates": [477340.4763415, 4637159.255339333]}, "properties": {"source_tile": "K-35-078-1_Lesovo_x3584_y2240.png", "label": "burial_mound", "subtype": "burial_mound", "votes": 3}}, {"type": "Feature", "geometry": {"type": "Point", "coordinates": [467143.89609933336, 4636366.456331999]}, "properties": {"source_tile": "K-35-078-1_Lesovo_x1344_y2240.png", "label": "burial_mound", "subtype": "burial_mound", "votes": 3}}, {"type": "Feature", "geometry": {"type": "Point", "coordinates": [317673.0147418334, 4683833.6190100005]}, "properties": {"source_tile": "K-35-062-2_Rakovski_x448_y896.png", "label": "burial_mound", "subtype": "burial_mound", "votes": 3}}, {"type": "Feature", "geometry": {"type": "Point", "coordinates": [318501.4042966667, 4683692.2884926675]}, "properties": {"source_tile": "K-35-062-2_Rakovski_x448_y896.png", "label": "burial_mound", "subtype": "burial_mound", "votes": 3}}, {"type": "Feature", "geometry": {"type": "Point", "coordinates": [478759.27099000005, 4644249.3644115]}, "properties": {"source_tile": "K-35-078-1_Lesovo_x4032_y896.png", "label": "burial_mound", "subtype": "burial_mound", "votes": 3}}, {"type": "Feature", "geometry": {"type": "Point", "coordinates": [478898.05911883333, 4643218.918911333]}, "properties": {"source_tile": "K-35-078-1_Lesovo_x4032_y896.png", "label": "burial_mound", "subtype": "burial_mound", "votes": 3}}, {"type": "Feature", "geometry": {"type": "Point", "coordinates": [477458.97757416667, 4649356.187909999]}, "properties": {"source_tile": "K-35-078-1_Lesovo_x3584_y0.png", "label": "burial_mound", "subtype": "burial_mound", "votes": 3}}, {"type": "Feature", "geometry": {"type": "Point", "coordinates": [479018.4924368333, 4637981.357640001]}, "properties": {"source_tile": "K-35-078-1_Lesovo_x4032_y2240.png", "label": "burial_mound", "subtype": "burial_mound", "votes": 3}}, {"type": "Feature", "geometry": {"type": "Point", "coordinates": [458681.68443950004, 4639698.659469833]}, "properties": {"source_tile": "K-35-078-1_Lesovo_x0_y1792.png", "label": "benchmark_mound", "subtype": "benchmark_mound", "votes": 3}}, {"type": "Feature", "geometry": {"type": "Point", "coordinates": [462854.02267416666, 4640273.776864833]}, "properties": {"source_tile": "K-35-078-1_Lesovo_x448_y1792.png", "label": "benchmark_mound", "subtype": "benchmark_mound", "votes": 3}}, {"type": "Feature", "geometry": {"type": "Point", "coordinates": [459282.56297183334, 4647557.416482833]}, "properties": {"source_tile": "K-35-078-1_Lesovo_x0_y0.png", "label": "triangulation_mound", "subtype": "triangulation_mound", "votes": 3}}, {"type": "Feature", "geometry": {"type": "Point", "coordinates": [334436.09892416664, 4677005.748992667]}, "properties": {"source_tile": "K-35-062-2_Rakovski_x4032_y2240.png", "label": "triangulation_mound", "subtype": "triangulation_mound", "votes": 3}}, {"type": "Feature", "geometry": {"type": "Point", "coordinates": [461816.81487516663, 4635569.793154667]}, "properties": {"source_tile": "K-35-078-1_Lesovo_x448_y2688.png", "label": "burial_mound", "subtype": "burial_mound", "votes": 3}}, {"type": "Feature", "geometry": {"type": "Point", "coordinates": [464695.9440065, 4638305.303944333]}, "properties": {"source_tile": "K-35-078-1_Lesovo_x896_y2240.png", "label": "burial_mound", "subtype": "burial_mound", "votes": 3}}, {"type": "Feature", "geometry": {"type": "Point", "coordinates": [462282.44743583334, 4645914.177923667]}, "properties": {"source_tile": "K-35-078-1_Lesovo_x448_y448.png", "label": "triangulation_mound", "subtype": "triangulation_mound", "votes": 3}}, {"type": "Feature", "geometry": {"type": "Point", "coordinates": [318709.2243985, 4686233.346954]}, "properties": {"source_tile": "K-35-062-2_Rakovski_x896_y448.png", "label": "burial_mound", "subtype": "burial_mound", "votes": 3}}, {"type": "Feature", "geometry": {"type": "Point", "coordinates": [477683.7434989999, 4639195.351245833]}, "properties": {"source_tile": "K-35-078-1_Lesovo_x3584_y1792.png", "label": "burial_mound", "subtype": "burial_mound", "votes": 3}}, {"type": "Feature", "geometry": {"type": "Point", "coordinates": [477932.6604901667, 4639449.7424785]}, "properties": {"source_tile": "K-35-078-1_Lesovo_x3584_y1792.png", "label": "burial_mound", "subtype": "burial_mound", "votes": 3}}, {"type": "Feature", "geometry": {"type": "Point", "coordinates": [478378.972198, 4639642.306981499]}, "properties": {"source_tile": "K-35-078-1_Lesovo_x3584_y1792.png", "label": "burial_mound", "subtype": "burial_mound", "votes": 3}}, {"type": "Feature", "geometry": {"type": "Point", "coordinates": [477978.0644951667, 4638115.315555333]}, "properties": {"source_tile": "K-35-078-1_Lesovo_x3584_y2240.png", "label": "burial_mound", "subtype": "burial_mound", "votes": 3}}, {"type": "Feature", "geometry": {"type": "Point", "coordinates": [316782.9536881666, 4683225.897785501]}, "properties": {"source_tile": "K-35-062-2_Rakovski_x448_y896.png", "label": "burial_mound", "subtype": "burial_mound", "votes": 3}}, {"type": "Feature", "geometry": {"type": "Point", "coordinates": [459373.6929958334, 4642606.125852667]}, "properties": {"source_tile": "K-35-078-1_Lesovo_x0_y1344.png", "label": "burial_mound", "subtype": "burial_mound", "votes": 3}}, {"type": "Feature", "geometry": {"type": "Point", "coordinates": [420840.5267715, 4704075.253997167]}, "properties": {"source_tile": "K-35-053-3_Elenovo_x448_y0.png", "label": "triangulation_mound", "subtype": "triangulation_mound", "votes": 3}}, {"type": "Feature", "geometry": {"type": "Point", "coordinates": [461956.2470321667, 4635892.451402]}, "properties": {"source_tile": "K-35-078-1_Lesovo_x448_y2688.png", "label": "burial_mound", "subtype": "burial_mound", "votes": 3}}, {"type": "Feature", "geometry": {"type": "Point", "coordinates": [462437.9803036667, 4635826.438487]}, "properties": {"source_tile": "K-35-078-1_Lesovo_x448_y2688.png", "label": "burial_mound", "subtype": "burial_mound", "votes": 3}}, {"type": "Feature", "geometry": {"type": "Point", "coordinates": [462967.37167933333, 4635584.605808667]}, "properties": {"source_tile": "K-35-078-1_Lesovo_x896_y2688.png", "label": "burial_mound", "subtype": "burial_mound", "votes": 3}}, {"type": "Feature", "geometry": {"type": "Point", "coordinates": [462036.7505865, 4635317.656021167]}, "properties": {"source_tile": "K-35-078-1_Lesovo_x448_y2688.png", "label": "burial_mound", "subtype": "burial_mound", "votes": 3}}, {"type": "Feature", "geometry": {"type": "Point", "coordinates": [461961.077245, 4634957.9661385]}, "properties": {"source_tile": "K-35-078-1_Lesovo_x448_y2688.png", "label": "burial_mound", "subtype": "burial_mound", "votes": 3}}, {"type": "Feature", "geometry": {"type": "Point", "coordinates": [462673.37269733334, 4634669.7634125]}, "properties": {"source_tile": "K-35-078-1_Lesovo_x448_y2688.png", "label": "burial_mound", "subtype": "burial_mound", "votes": 3}}, {"type": "Feature", "geometry": {"type": "Point", "coordinates": [463465.8496903333, 4634670.7294551665]}, "properties": {"source_tile": "K-35-078-1_Lesovo_x896_y2688.png", "label": "burial_mound", "subtype": "burial_mound", "votes": 3}}, {"type": "Feature", "geometry": {"type": "Point", "coordinates": [459640.6427835, 4636556.4447215]}, "properties": {"source_tile": "K-35-078-1_Lesovo_x0_y2240.png", "label": "triangulation_mound", "subtype": "triangulation_mound", "votes": 3}}, {"type": "Feature", "geometry": {"type": "Point", "coordinates": [466484.732993, 4638918.097002999]}, "properties": {"source_tile": "K-35-078-1_Lesovo_x1344_y1792.png", "label": "burial_mound", "subtype": "burial_mound", "votes": 3}}, {"type": "Feature", "geometry": {"type": "Point", "coordinates": [466064.8264511667, 4638267.950295166]}, "properties": {"source_tile": "K-35-078-1_Lesovo_x1344_y2240.png", "label": "burial_mound", "subtype": "burial_mound", "votes": 3}}, {"type": "Feature", "geometry": {"type": "Point", "coordinates": [466819.94979466667, 4638476.937523167]}, "properties": {"source_tile": "K-35-078-1_Lesovo_x1344_y1792.png", "label": "burial_mound", "subtype": "burial_mound", "votes": 3}}, {"type": "Feature", "geometry": {"type": "Point", "coordinates": [465968.54419983336, 4638660.485628]}, "properties": {"source_tile": "K-35-078-1_Lesovo_x1344_y1792.png", "label": "burial_mound", "subtype": "burial_mound", "votes": 3}}, {"type": "Feature", "geometry": {"type": "Point", "coordinates": [465451.06734999997, 4635639.348226]}, "properties": {"source_tile": "K-35-078-1_Lesovo_x1344_y2688.png", "label": "burial_mound", "subtype": "burial_mound", "votes": 3}}, {"type": "Feature", "geometry": {"type": "Point", "coordinates": [466247.40851333336, 4635655.770951167]}, "properties": {"source_tile": "K-35-078-1_Lesovo_x1344_y2688.png", "label": "burial_mound", "subtype": "burial_mound", "votes": 3}}, {"type": "Feature", "geometry": {"type": "Point", "coordinates": [466839.2706478333, 4635883.435004]}, "properties": {"source_tile": "K-35-078-1_Lesovo_x1344_y2688.png", "label": "burial_mound", "subtype": "burial_mound", "votes": 3}}, {"type": "Feature", "geometry": {"type": "Point", "coordinates": [466698.22842, 4634887.445024668]}, "properties": {"source_tile": "K-35-078-1_Lesovo_x1344_y2688.png", "label": "burial_mound", "subtype": "burial_mound", "votes": 3}}, {"type": "Feature", "geometry": {"type": "Point", "coordinates": [466325.33595449995, 4634711.625261166]}, "properties": {"source_tile": "K-35-078-1_Lesovo_x1344_y2688.png", "label": "burial_mound", "subtype": "burial_mound", "votes": 3}}, {"type": "Feature", "geometry": {"type": "Point", "coordinates": [329335.3520703333, 4679370.7867185]}, "properties": {"source_tile": "K-35-062-2_Rakovski_x2688_y1792.png", "label": "burial_mound", "subtype": "burial_mound", "votes": 3}}, {"type": "Feature", "geometry": {"type": "Point", "coordinates": [334268.4295375001, 4682476.846043333]}, "properties": {"source_tile": "K-35-062-2_Rakovski_x4032_y896.png", "label": "burial_mound", "subtype": "burial_mound", "votes": 3}}, {"type": "Feature", "geometry": {"type": "Point", "coordinates": [471792.4933635834, 4648078.274482249]}, "properties": {"source_tile": "K-35-078-1_Lesovo_x2240_y0.png", "label": "triangulation_mound", "subtype": "triangulation_mound", "votes": 3}}, {"type": "Feature", "geometry": {"type": "Point", "coordinates": [328824.31376766664, 4674586.106294666]}, "properties": {"source_tile": "K-35-062-2_Rakovski_x2688_y2688.png", "label": "burial_mound", "subtype": "burial_mound", "votes": 3}}, {"type": "Feature", "geometry": {"type": "Point", "coordinates": [329194.02155299997, 4674153.763393667]}, "properties": {"source_tile": "K-35-062-2_Rakovski_x2688_y2688.png", "label": "burial_mound", "subtype": "burial_mound", "votes": 3}}, {"type": "Feature", "geometry": {"type": "Point", "coordinates": [329746.4953931667, 4671220.512746501]}, "properties": {"source_tile": "K-35-062-2_Rakovski_x2688_y3136.png", "label": "triangulation_mound", "subtype": "triangulation_mound", "votes": 3}}, {"type": "Feature", "geometry": {"type": "Point", "coordinates": [464559.0879636667, 4640463.443239667]}, "properties": {"source_tile": "K-35-078-1_Lesovo_x896_y1792.png", "label": "burial_mound", "subtype": "burial_mound", "votes": 3}}, {"type": "Feature", "geometry": {"type": "Point", "coordinates": [464920.06590300007, 4640163.970016334]}, "properties": {"source_tile": "K-35-078-1_Lesovo_x896_y1792.png", "label": "burial_mound", "subtype": "burial_mound", "votes": 3}}, {"type": "Feature", "geometry": {"type": "Point", "coordinates": [465320.9736058333, 4639814.262574334]}, "properties": {"source_tile": "K-35-078-1_Lesovo_x1344_y1792.png", "label": "burial_mound", "subtype": "burial_mound", "votes": 3}}, {"type": "Feature", "geometry": {"type": "Point", "coordinates": [477154.51313033333, 4641781.286430917]}, "properties": {"source_tile": "K-35-078-1_Lesovo_x3584_y1344.png", "label": "burial_mound", "subtype": "burial_mound", "votes": 3}}, {"type": "Feature", "geometry": {"type": "Point", "coordinates": [330539.55231933336, 4686989.144016]}, "properties": {"source_tile": "K-35-062-2_Rakovski_x3136_y0.png", "label": "burial_mound", "subtype": "burial_mound", "votes": 3}}, {"type": "Feature", "geometry": {"type": "Point", "coordinates": [330706.90049983334, 4687004.240684833]}, "properties": {"source_tile": "K-35-062-2_Rakovski_x3136_y0.png", "label": "burial_mound", "subtype": "burial_mound", "votes": 3}}, {"type": "Feature", "geometry": {"type": "Point", "coordinates": [330687.62815683335, 4686914.6242885]}, "properties": {"source_tile": "K-35-062-2_Rakovski_x3136_y0.png", "label": "burial_mound", "subtype": "burial_mound", "votes": 3}}, {"type": "Feature", "geometry": {"type": "Point", "coordinates": [467380.8985641667, 4634570.583033167]}, "properties": {"source_tile": "K-35-078-1_Lesovo_x1344_y2688.png", "label": "burial_mound", "subtype": "burial_mound", "votes": 3}}, {"type": "Feature", "geometry": {"type": "Point", "coordinates": [468290.26671833335, 4633833.492485999]}, "properties": {"source_tile": "K-35-078-1_Lesovo_x1792_y3136.png", "label": "burial_mound", "subtype": "burial_mound", "votes": 3}}, {"type": "Feature", "geometry": {"type": "Point", "coordinates": [467576.6832093333, 4633330.184261833]}, "properties": {"source_tile": "K-35-078-1_Lesovo_x1344_y3136.png", "label": "burial_mound", "subtype": "burial_mound", "votes": 3}}, {"type": "Feature", "geometry": {"type": "Point", "coordinates": [467957.30401599995, 4633343.386844833]}, "properties": {"source_tile": "K-35-078-1_Lesovo_x1792_y3136.png", "label": "burial_mound", "subtype": "burial_mound", "votes": 3}}, {"type": "Feature", "geometry": {"type": "Point", "coordinates": [468319.24799833336, 4633208.462886999]}, "properties": {"source_tile": "K-35-078-1_Lesovo_x1792_y3136.png", "label": "burial_mound", "subtype": "burial_mound", "votes": 3}}, {"type": "Feature", "geometry": {"type": "Point", "coordinates": [467637.8659108333, 4632987.883147166]}, "properties": {"source_tile": "K-35-078-1_Lesovo_x1344_y3136.png", "label": "burial_mound", "subtype": "burial_mound", "votes": 3}}, {"type": "Feature", "geometry": {"type": "Point", "coordinates": [467107.50849233335, 4632986.595090167]}, "properties": {"source_tile": "K-35-078-1_Lesovo_x1344_y3136.png", "label": "burial_mound", "subtype": "burial_mound", "votes": 3}}, {"type": "Feature", "geometry": {"type": "Point", "coordinates": [473046.0947178334, 4639606.241388834]}, "properties": {"source_tile": "K-35-078-1_Lesovo_x2688_y1792.png", "label": "burial_mound", "subtype": "burial_mound", "votes": 3}}, {"type": "Feature", "geometry": {"type": "Point", "coordinates": [472922.1192435, 4639159.9296814995]}, "properties": {"source_tile": "K-35-078-1_Lesovo_x2688_y1792.png", "label": "burial_mound", "subtype": "burial_mound", "votes": 3}}, {"type": "Feature", "geometry": {"type": "Point", "coordinates": [473231.89692233334, 4639073.307856833]}, "properties": {"source_tile": "K-35-078-1_Lesovo_x2688_y1792.png", "label": "burial_mound", "subtype": "burial_mound", "votes": 3}}, {"type": "Feature", "geometry": {"type": "Point", "coordinates": [473648.58332166664, 4638129.4841806665]}, "properties": {"source_tile": "K-35-078-1_Lesovo_x2688_y2240.png", "label": "burial_mound", "subtype": "burial_mound", "votes": 3}}, {"type": "Feature", "geometry": {"type": "Point", "coordinates": [472855.4623005001, 4638361.334418501]}, "properties": {"source_tile": "K-35-078-1_Lesovo_x2688_y2240.png", "label": "burial_mound", "subtype": "burial_mound", "votes": 3}}, {"type": "Feature", "geometry": {"type": "Point", "coordinates": [472518.6354271667, 4638048.014583667]}, "properties": {"source_tile": "K-35-078-1_Lesovo_x2688_y2240.png", "label": "burial_mound", "subtype": "burial_mound", "votes": 3}}, {"type": "Feature", "geometry": {"type": "Point", "coordinates": [472654.2034135, 4638131.094252001]}, "properties": {"source_tile": "K-35-078-1_Lesovo_x2688_y2240.png", "label": "burial_mound", "subtype": "burial_mound", "votes": 3}}, {"type": "Feature", "geometry": {"type": "Point", "coordinates": [472002.28562700003, 4638010.338919916]}, "properties": {"source_tile": "K-35-078-1_Lesovo_x2688_y2240.png", "label": "burial_mound", "subtype": "burial_mound", "votes": 3}}, {"type": "Feature", "geometry": {"type": "Point", "coordinates": [472250.719597, 4638469.8532105]}, "properties": {"source_tile": "K-35-078-1_Lesovo_x2688_y2240.png", "label": "burial_mound", "subtype": "burial_mound", "votes": 3}}, {"type": "Feature", "geometry": {"type": "Point", "coordinates": [471968.3131269167, 4638784.6221090825]}, "properties": {"source_tile": "K-35-078-1_Lesovo_x2240_y1792.png", "label": "burial_mound", "subtype": "burial_mound", "votes": 3}}, {"type": "Feature", "geometry": {"type": "Point", "coordinates": [472304.17395749997, 4639224.976553833]}, "properties": {"source_tile": "K-35-078-1_Lesovo_x2688_y1792.png", "label": "burial_mound", "subtype": "burial_mound", "votes": 3}}, {"type": "Feature", "geometry": {"type": "Point", "coordinates": [472719.25028566667, 4639546.668758499]}, "properties": {"source_tile": "K-35-078-1_Lesovo_x2688_y1792.png", "label": "burial_mound", "subtype": "burial_mound", "votes": 3}}, {"type": "Feature", "geometry": {"type": "Point", "coordinates": [472660.3216836667, 4639297.751767334]}, "properties": {"source_tile": "K-35-078-1_Lesovo_x2688_y1792.png", "label": "burial_mound", "subtype": "burial_mound", "votes": 3}}, {"type": "Feature", "geometry": {"type": "Point", "coordinates": [471012.89693966665, 4648252.645181666]}, "properties": {"source_tile": "K-35-078-1_Lesovo_x2240_y0.png", "label": "burial_mound", "subtype": "burial_mound", "votes": 3}}, {"type": "Feature", "geometry": {"type": "Point", "coordinates": [475018.43180874997, 4642963.5616355]}, "properties": {"source_tile": "K-35-078-1_Lesovo_x3136_y896.png", "label": "triangulation_mound", "subtype": "triangulation_mound", "votes": 3}}, {"type": "Feature", "geometry": {"type": "Point", "coordinates": [461391.11207733327, 4636891.983537501]}, "properties": {"source_tile": "K-35-078-1_Lesovo_x448_y2240.png", "label": "burial_mound", "subtype": "burial_mound", "votes": 3}}, {"type": "Feature", "geometry": {"type": "Point", "coordinates": [461769.1567706666, 4636447.2819013335]}, "properties": {"source_tile": "K-35-078-1_Lesovo_x448_y2240.png", "label": "burial_mound", "subtype": "burial_mound", "votes": 3}}, {"type": "Feature", "geometry": {"type": "Point", "coordinates": [475975.7800818333, 4647705.865038167]}, "properties": {"source_tile": "K-35-078-1_Lesovo_x3136_y0.png", "label": "triangulation_mound", "subtype": "triangulation_mound", "votes": 3}}, {"type": "Feature", "geometry": {"type": "Point", "coordinates": [461847.08421183337, 4647996.965891666]}, "properties": {"source_tile": "K-35-078-1_Lesovo_x448_y0.png", "label": "benchmark_mound", "subtype": "benchmark_mound", "votes": 3}}, {"type": "Feature", "geometry": {"type": "Point", "coordinates": [474571.47607316665, 4645220.237282]}, "properties": {"source_tile": "K-35-078-1_Lesovo_x3136_y448.png", "label": "burial_mound", "subtype": "burial_mound", "votes": 3}}, {"type": "Feature", "geometry": {"type": "Point", "coordinates": [478808.2171516667, 4647329.430416167]}, "properties": {"source_tile": "K-35-078-1_Lesovo_x4032_y448.png", "label": "burial_mound", "subtype": "burial_mound", "votes": 3}}, {"type": "Feature", "geometry": {"type": "Point", "coordinates": [474969.48564783327, 4632530.9449705]}, "properties": {"source_tile": "K-35-078-1_Lesovo_x3136_y3136.png", "label": "burial_mound", "subtype": "burial_mound", "votes": 3}}, {"type": "Feature", "geometry": {"type": "Point", "coordinates": [475020.0418800001, 4632873.246085]}, "properties": {"source_tile": "K-35-078-1_Lesovo_x3136_y3136.png", "label": "burial_mound", "subtype": "burial_mound", "votes": 3}}, {"type": "Feature", "geometry": {"type": "Point", "coordinates": [474755.9902208333, 4632271.401509999]}, "properties": {"source_tile": "K-35-078-1_Lesovo_x3136_y3136.png", "label": "burial_mound", "subtype": "burial_mound", "votes": 3}}, {"type": "Feature", "geometry": {"type": "Point", "coordinates": [474956.9270931667, 4632142.273808]}, "properties": {"source_tile": "K-35-078-1_Lesovo_x3136_y3136.png", "label": "burial_mound", "subtype": "burial_mound", "votes": 3}}, {"type": "Feature", "geometry": {"type": "Point", "coordinates": [474755.02417799993, 4631856.3251818335]}, "properties": {"source_tile": "K-35-078-1_Lesovo_x3136_y3136.png", "label": "burial_mound", "subtype": "burial_mound", "votes": 3}}, {"type": "Feature", "geometry": {"type": "Point", "coordinates": [474154.78967366664, 4631405.183261167]}, "properties": {"source_tile": "K-35-078-1_Lesovo_x3136_y3584.png", "label": "burial_mound", "subtype": "burial_mound", "votes": 3}}, {"type": "Feature", "geometry": {"type": "Point", "coordinates": [473790.75259933335, 4631368.7956541665]}, "properties": {"source_tile": "K-35-078-1_Lesovo_x2688_y3584.png", "label": "burial_mound", "subtype": "burial_mound", "votes": 3}}, {"type": "Feature", "geometry": {"type": "Point", "coordinates": [474364.09891616664, 4632197.016225499]}, "properties": {"source_tile": "K-35-078-1_Lesovo_x3136_y3136.png", "label": "burial_mound", "subtype": "burial_mound", "votes": 3}}, {"type": "Feature", "geometry": {"type": "Point", "coordinates": [474266.850622, 4631809.311105666]}, "properties": {"source_tile": "K-35-078-1_Lesovo_x3136_y3584.png", "label": "burial_mound", "subtype": "burial_mound", "votes": 3}}, {"type": "Feature", "geometry": {"type": "Point", "coordinates": [475162.69417900004, 4631384.896365167]}, "properties": {"source_tile": "K-35-078-1_Lesovo_x3136_y3584.png", "label": "burial_mound", "subtype": "burial_mound", "votes": 3}}, {"type": "Feature", "geometry": {"type": "Point", "coordinates": [474568.25593083334, 4632886.448667833]}, "properties": {"source_tile": "K-35-078-1_Lesovo_x3136_y3136.png", "label": "burial_mound", "subtype": "burial_mound", "votes": 3}}, {"type": "Feature", "geometry": {"type": "Point", "coordinates": [460719.7124310001, 4641701.2658975]}, "properties": {"source_tile": "K-35-078-1_Lesovo_x0_y1344.png", "label": "triangulation_mound", "subtype": "triangulation_mound", "votes": 3}}, {"type": "Feature", "geometry": {"type": "Point", "coordinates": [460219.624349, 4638048.0145835]}, "properties": {"source_tile": "K-35-078-1_Lesovo_x0_y2240.png", "label": "benchmark_mound", "subtype": "benchmark_mound", "votes": 3}}, {"type": "Feature", "geometry": {"type": "Point", "coordinates": [474430.7558593334, 4639202.113544167]}, "properties": {"source_tile": "K-35-078-1_Lesovo_x3136_y1792.png", "label": "burial_mound", "subtype": "burial_mound", "votes": 3}}, {"type": "Feature", "geometry": {"type": "Point", "coordinates": [474281.66327599995, 4638357.1482335]}, "properties": {"source_tile": "K-35-078-1_Lesovo_x3136_y2240.png", "label": "burial_mound", "subtype": "burial_mound", "votes": 3}}, {"type": "Feature", "geometry": {"type": "Point", "coordinates": [474368.60711516667, 4637825.8247725]}, "properties": {"source_tile": "K-35-078-1_Lesovo_x3136_y2240.png", "label": "burial_mound", "subtype": "burial_mound", "votes": 3}}, {"type": "Feature", "geometry": {"type": "Point", "coordinates": [479128.62129949994, 4648629.079803667]}, "properties": {"source_tile": "K-35-078-1_Lesovo_x4032_y0.png", "label": "benchmark_mound", "subtype": "benchmark_mound", "votes": 3}}, {"type": "Feature", "geometry": {"type": "Point", "coordinates": [471344.57158499997, 4635602.6386049995]}, "properties": {"source_tile": "K-35-078-1_Lesovo_x2240_y2688.png", "label": "burial_mound", "subtype": "burial_mound", "votes": 3}}, {"type": "Feature", "geometry": {"type": "Point", "coordinates": [472423.31921833334, 4642978.696303833]}, "properties": {"source_tile": "K-35-078-1_Lesovo_x2688_y896.png", "label": "burial_mound", "subtype": "burial_mound", "votes": 3}}, {"type": "Feature", "geometry": {"type": "Point", "coordinates": [473289.8594815, 4642983.848531333]}, "properties": {"source_tile": "K-35-078-1_Lesovo_x2688_y896.png", "label": "burial_mound", "subtype": "burial_mound", "votes": 3}}, {"type": "Feature", "geometry": {"type": "Point", "coordinates": [472138.9806631666, 4641928.929950333]}, "properties": {"source_tile": "K-35-078-1_Lesovo_x2688_y1344.png", "label": "burial_mound", "subtype": "burial_mound", "votes": 3}}, {"type": "Feature", "geometry": {"type": "Point", "coordinates": [472545.04059316666, 4641760.194499333]}, "properties": {"source_tile": "K-35-078-1_Lesovo_x2688_y1344.png", "label": "burial_mound", "subtype": "burial_mound", "votes": 3}}, {"type": "Feature", "geometry": {"type": "Point", "coordinates": [473466.64528783335, 4641494.2107546665]}, "properties": {"source_tile": "K-35-078-1_Lesovo_x2688_y1344.png", "label": "burial_mound", "subtype": "burial_mound", "votes": 3}}, {"type": "Feature", "geometry": {"type": "Point", "coordinates": [472291.29338883335, 4641366.371109667]}, "properties": {"source_tile": "K-35-078-1_Lesovo_x2688_y1344.png", "label": "burial_mound", "subtype": "burial_mound", "votes": 3}}, {"type": "Feature", "geometry": {"type": "Point", "coordinates": [472780.9160085833, 4641324.831275333]}, "properties": {"source_tile": "K-35-078-1_Lesovo_x2688_y1344.png", "label": "burial_mound", "subtype": "burial_mound", "votes": 3}}, {"type": "Feature", "geometry": {"type": "Point", "coordinates": [475540.4168576666, 4649169.419663]}, "properties": {"source_tile": "K-35-078-1_Lesovo_x3136_y0.png", "label": "burial_mound", "subtype": "burial_mound", "votes": 3}}, {"type": "Feature", "geometry": {"type": "Point", "coordinates": [462815.54197525, 4648120.297337917]}, "properties": {"source_tile": "K-35-078-1_Lesovo_x448_y0.png", "label": "burial_mound", "subtype": "burial_mound", "votes": 3}}, {"type": "Feature", "geometry": {"type": "Point", "coordinates": [478849.1129575, 4635381.7368508335]}, "properties": {"source_tile": "K-35-078-1_Lesovo_x4032_y2688.png", "label": "burial_mound", "subtype": "burial_mound", "votes": 3}}, {"type": "Feature", "geometry": {"type": "Point", "coordinates": [478818.1995926667, 4634427.608719833]}, "properties": {"source_tile": "K-35-078-1_Lesovo_x4032_y2688.png", "label": "burial_mound", "subtype": "burial_mound", "votes": 3}}, {"type": "Feature", "geometry": {"type": "Point", "coordinates": [329362.012145, 4675076.266225333]}, "properties": {"source_tile": "K-35-062-2_Rakovski_x2688_y2688.png", "label": "benchmark_mound", "subtype": "benchmark_mound", "votes": 3}}, {"type": "Feature", "geometry": {"type": "Point", "coordinates": [477719.16506300005, 4635795.847136167]}, "properties": {"source_tile": "K-35-078-1_Lesovo_x3584_y2688.png", "label": "burial_mound", "subtype": "burial_mound", "votes": 3}}, {"type": "Feature", "geometry": {"type": "Point", "coordinates": [477681.16738500004, 4635627.1116855005]}, "properties": {"source_tile": "K-35-078-1_Lesovo_x3584_y2688.png", "label": "burial_mound", "subtype": "burial_mound", "votes": 3}}, {"type": "Feature", "geometry": {"type": "Point", "coordinates": [477763.2810111667, 4634969.236636166]}, "properties": {"source_tile": "K-35-078-1_Lesovo_x3584_y2688.png", "label": "burial_mound", "subtype": "burial_mound", "votes": 3}}, {"type": "Feature", "geometry": {"type": "Point", "coordinates": [478987.25705733337, 4645614.704700333]}, "properties": {"source_tile": "K-35-078-1_Lesovo_x4032_y448.png", "label": "burial_mound", "subtype": "burial_mound", "votes": 3}}, {"type": "Feature", "geometry": {"type": "Point", "coordinates": [437872.9229405, 4689886.293242999]}, "properties": {"source_tile": "K-35-053-3_Elenovo_x4032_y2688.png", "label": "burial_mound", "subtype": "burial_mound", "votes": 3}}, {"type": "Feature", "geometry": {"type": "Point", "coordinates": [477862.4613903334, 4642292.161989334]}, "properties": {"source_tile": "K-35-078-1_Lesovo_x3584_y1344.png", "label": "burial_mound", "subtype": "burial_mound", "votes": 3}}, {"type": "Feature", "geometry": {"type": "Point", "coordinates": [477734.94376, 4642580.042700834]}, "properties": {"source_tile": "K-35-078-1_Lesovo_x3584_y1344.png", "label": "burial_mound", "subtype": "burial_mound", "votes": 3}}, {"type": "Feature", "geometry": {"type": "Point", "coordinates": [478171.27302666666, 4642873.7196685]}, "properties": {"source_tile": "K-35-078-1_Lesovo_x3584_y1344.png", "label": "burial_mound", "subtype": "burial_mound", "votes": 3}}, {"type": "Feature", "geometry": {"type": "Point", "coordinates": [478500.0495441666, 4642884.0241235]}, "properties": {"source_tile": "K-35-078-1_Lesovo_x3584_y1344.png", "label": "burial_mound", "subtype": "burial_mound", "votes": 3}}, {"type": "Feature", "geometry": {"type": "Point", "coordinates": [478533.8610370001, 4642501.471231501]}, "properties": {"source_tile": "K-35-078-1_Lesovo_x3584_y1344.png", "label": "burial_mound", "subtype": "burial_mound", "votes": 3}}, {"type": "Feature", "geometry": {"type": "Point", "coordinates": [478360.9394015, 4642303.110472499]}, "properties": {"source_tile": "K-35-078-1_Lesovo_x3584_y1344.png", "label": "burial_mound", "subtype": "burial_mound", "votes": 3}}, {"type": "Feature", "geometry": {"type": "Point", "coordinates": [478120.3947801666, 4642035.516656666]}, "properties": {"source_tile": "K-35-078-1_Lesovo_x3584_y1344.png", "label": "burial_mound", "subtype": "burial_mound", "votes": 3}}, {"type": "Feature", "geometry": {"type": "Point", "coordinates": [477705.64046599995, 4641868.391276834]}, "properties": {"source_tile": "K-35-078-1_Lesovo_x3584_y1344.png", "label": "burial_mound", "subtype": "burial_mound", "votes": 3}}, {"type": "Feature", "geometry": {"type": "Point", "coordinates": [477745.89224333334, 4641663.2682195]}, "properties": {"source_tile": "K-35-078-1_Lesovo_x3584_y1344.png", "label": "burial_mound", "subtype": "burial_mound", "votes": 3}}, {"type": "Feature", "geometry": {"type": "Point", "coordinates": [477572.32657916663, 4641382.1498064995]}, "properties": {"source_tile": "K-35-078-1_Lesovo_x3584_y1344.png", "label": "burial_mound", "subtype": "burial_mound", "votes": 3}}, {"type": "Feature", "geometry": {"type": "Point", "coordinates": [477763.9250395, 4641372.48938]}, "properties": {"source_tile": "K-35-078-1_Lesovo_x3584_y1344.png", "label": "burial_mound", "subtype": "burial_mound", "votes": 3}}, {"type": "Feature", "geometry": {"type": "Point", "coordinates": [478658.15852570004, 4641240.14153585]}, "properties": {"source_tile": "K-35-078-1_Lesovo_x4032_y1344.png", "label": "burial_mound", "subtype": "burial_mound", "votes": 3}}, {"type": "Feature", "geometry": {"type": "Point", "coordinates": [471029.64167916664, 4631412.589588501]}, "properties": {"source_tile": "K-35-078-1_Lesovo_x2240_y3584.png", "label": "burial_mound", "subtype": "burial_mound", "votes": 3}}, {"type": "Feature", "geometry": {"type": "Point", "coordinates": [479001.42568316666, 4640452.172741833]}, "properties": {"source_tile": "K-35-078-1_Lesovo_x4032_y1792.png", "label": "burial_mound", "subtype": "burial_mound", "votes": 3}}, {"type": "Feature", "geometry": {"type": "Point", "coordinates": [479080.31916666665, 4641293.273881833]}, "properties": {"source_tile": "K-35-078-1_Lesovo_x4032_y1344.png", "label": "burial_mound", "subtype": "burial_mound", "votes": 3}}, {"type": "Feature", "geometry": {"type": "Point", "coordinates": [478690.0379333333, 4640279.251106501]}, "properties": {"source_tile": "K-35-078-1_Lesovo_x4032_y1792.png", "label": "burial_mound", "subtype": "burial_mound", "votes": 3}}, {"type": "Feature", "geometry": {"type": "Point", "coordinates": [478669.4290233333, 4639945.322361667]}, "properties": {"source_tile": "K-35-078-1_Lesovo_x4032_y1792.png", "label": "burial_mound", "subtype": "burial_mound", "votes": 3}}, {"type": "Feature", "geometry": {"type": "Point", "coordinates": [468051.9761965, 4632144.2058936665]}, "properties": {"source_tile": "K-35-078-1_Lesovo_x1792_y3136.png", "label": "burial_mound", "subtype": "burial_mound", "votes": 3}}, {"type": "Feature", "geometry": {"type": "Point", "coordinates": [468021.7068598333, 4632010.892006833]}, "properties": {"source_tile": "K-35-078-1_Lesovo_x1792_y3136.png", "label": "burial_mound", "subtype": "burial_mound", "votes": 3}}, {"type": "Feature", "geometry": {"type": "Point", "coordinates": [467635.28979699995, 4631612.5604179995]}, "properties": {"source_tile": "K-35-078-1_Lesovo_x1344_y3584.png", "label": "burial_mound", "subtype": "burial_mound", "votes": 3}}, {"type": "Feature", "geometry": {"type": "Point", "coordinates": [468130.86968, 4631601.9339488335]}, "properties": {"source_tile": "K-35-078-1_Lesovo_x1792_y3584.png", "label": "burial_mound", "subtype": "burial_mound", "votes": 3}}, {"type": "Feature", "geometry": {"type": "Point", "coordinates": [467196.706431, 4631363.321412833]}, "properties": {"source_tile": "K-35-078-1_Lesovo_x1344_y3584.png", "label": "burial_mound", "subtype": "burial_mound", "votes": 3}}, {"type": "Feature", "geometry": {"type": "Point", "coordinates": [462130.13471008325, 4637851.746916999]}, "properties": {"source_tile": "K-35-078-1_Lesovo_x448_y2240.png", "label": "triangulation_mound", "subtype": "triangulation_mound", "votes": 3}}, {"type": "Feature", "geometry": {"type": "Point", "coordinates": [470839.33127550007, 4639259.754089166]}, "properties": {"source_tile": "K-35-078-1_Lesovo_x2240_y1792.png", "label": "burial_mound", "subtype": "burial_mound", "votes": 3}}, {"type": "Feature", "geometry": {"type": "Point", "coordinates": [461484.8182151667, 4631381.354208834]}, "properties": {"source_tile": "K-35-078-1_Lesovo_x448_y3584.png", "label": "triangulation_mound", "subtype": "triangulation_mound", "votes": 3}}, {"type": "Feature", "geometry": {"type": "Point", "coordinates": [461552.1191871667, 4631795.464494334]}, "properties": {"source_tile": "K-35-078-1_Lesovo_x448_y3584.png", "label": "burial_mound", "subtype": "burial_mound", "votes": 3}}, {"type": "Feature", "geometry": {"type": "Point", "coordinates": [461728.26096499996, 4632296.518619]}, "properties": {"source_tile": "K-35-078-1_Lesovo_x448_y3136.png", "label": "burial_mound", "subtype": "burial_mound", "votes": 3}}]}