candidate_id,verifier_probability,human_label,symbol_type,source_tile,map_name,x,y,buffer_metres,timestamp
7,0.2,not_mound,not_mound,K-35-042-3_x2016_y1344.png,K-35-042-3,470511.92283369775,4735142.634226302,50,2026-04-20T06:43:09.285235+00:00
30,1.0,mound,burial_mound,K-35-042-3_x2352_y1680.png,K-35-042-3,471392.99448250973,4732258.181739734,50,2026-04-20T05:25:03.838240+00:00
31,0.2,not_mound,not_mound,K-35-042-3_x2688_y1680.png,K-35-042-3,474113.70731988654,4733534.687699565,50,2026-04-20T06:43:10.231198+00:00
40,0.2,not_mound,not_mound,K-35-042-3_x3360_y3024.png,K-35-042-3,476598.8137364808,4726704.702767618,50,2026-04-20T06:43:11.116647+00:00
46,0.85,not_mound,not_mound,K-35-042-3_x3696_y1344.png,K-35-042-3,477904.69022187917,4733927.055105984,50,2026-04-20T06:30:00.936510+00:00
50,0.95,mound,burial_mound,K-35-042-3_x3696_y2688.png,K-35-042-3,477834.1429004741,4727157.247737626,50,2026-04-20T06:16:00.932393+00:00
61,0.15,not_mound,not_mound,K-35-042-3_x3696_y2352.png,K-35-042-3,477819.62986817915,4729655.669919029,50,2026-04-20T07:03:22.112562+00:00
67,0.2,not_mound,not_mound,K-35-042-3_x672_y1344.png,K-35-042-3,463205.58234907914,4734178.3977256855,50,2026-04-20T06:43:12.246113+00:00
84,1.0,not_mound,not_mound,K-35-050-4_x1680_y1008.png,K-35-050-4,323106.53237131215,4700775.938550783,50,2026-04-20T05:35:50.204629+00:00
85,0.95,mound,bench_mark_on_mound,K-35-050-4_x1344_y3360.png,K-35-050-4,322792.9450682296,4690826.200785482,50,2026-04-20T06:16:02.302296+00:00
92,0.15,not_mound,not_mound,K-35-042-3_x672_y1680.png,K-35-042-3,464094.62254302186,4732536.444813102,50,2026-04-20T07:03:23.173306+00:00
94,0.95,mound,burial_mound,K-35-050-4_x1008_y1008.png,K-35-050-4,321404.07440563734,4702438.939656775,50,2026-04-20T06:16:03.512544+00:00
97,0.2,not_mound,not_mound,K-35-050-4_x1344_y3024.png,K-35-050-4,321382.2932051864,4691026.383484833,50,2026-04-20T06:43:13.169763+00:00
98,1.0,mound,bench_mark_on_mound,K-35-050-4_x1344_y3024.png,K-35-050-4,322773.2240453985,4690851.367254358,50,2026-04-20T05:35:51.694840+00:00
109,0.95,mound,bench_mark_on_mound,K-35-050-4_x2016_y1008.png,K-35-050-4,326294.0913448737,4700864.77784096,50,2026-04-20T06:16:04.601575+00:00
127,0.95,mound,bench_mark_on_mound,K-35-050-4_x2016_y1008.png,K-35-050-4,326269.2536134111,4700858.840346869,50,2026-04-20T06:16:07.875995+00:00
154,0.85,not_mound,not_mound,K-35-050-4_x2352_y2016.png,K-35-050-4,328113.37756634067,4697543.18215676,50,2026-04-20T06:30:02.052731+00:00
163,0.4,mound,burial_mound,K-35-050-4_x2688_y2352.png,K-35-050-4,328109.8090462504,4694896.393904169,50,2026-04-20T06:40:53.028977+00:00
166,1.0,not_mound,not_mound,K-35-050-4_x3024_y1008.png,K-35-050-4,331061.56367937755,4702423.729949675,50,2026-04-20T05:35:52.895281+00:00
187,0.95,mound,burial_mound,K-35-050-4_x3024_y3360.png,K-35-050-4,331332.34116742946,4690668.739631425,50,2026-04-20T06:16:09.117414+00:00
204,1.0,mound,burial_mound,K-35-050-4_x3696_y3696.png,K-35-050-4,334922.62955670524,4688981.064591573,50,2026-04-20T05:35:55.703785+00:00
206,1.0,mound,bench_mark_on_mound,K-35-050-4_x336_y2016.png,K-35-050-4,317408.76748593326,4695883.572009799,50,2026-04-20T05:35:59.673893+00:00
215,0.4,mound,burial_mound,K-35-050-4_x2688_y1008.png,K-35-050-4,329343.90040126286,4702493.092017913,50,2026-04-20T06:40:54.387080+00:00
229,0.95,mound,burial_mound,K-35-050-4_x3696_y3360.png,K-35-050-4,334903.59473513043,4690439.5257279165,50,2026-04-20T06:16:10.216869+00:00
236,1.0,mound,burial_mound,K-35-050-4_x672_y336.png,K-35-050-4,319302.38089043275,4705077.372747967,50,2026-04-20T05:36:01.940042+00:00
237,1.0,not_mound,not_mound,K-35-050-4_x672_y336.png,K-35-050-4,319478.0367622047,4704163.861462545,50,2026-04-20T05:36:04.209250+00:00
245,0.75,not_mound,not_mound,K-35-050-4_x336_y2352.png,K-35-050-4,317659.4703848901,4694638.156196182,50,2026-04-20T06:38:58.525944+00:00
286,0.15,not_mound,not_mound,K-35-050-4_x3696_y1680.png,K-35-050-4,334296.72992582835,4698235.76534946,50,2026-04-20T07:03:24.501069+00:00
287,0.2,not_mound,not_mound,K-35-050-4_x3696_y1680.png,K-35-050-4,334387.3473249859,4698214.061786123,50,2026-04-20T06:43:14.174345+00:00
311,0.2,not_mound,not_mound,K-35-051-3_x2016_y3360.png,K-35-051-3,346401.3399477879,4688585.5805546,50,2026-04-20T06:43:15.217376+00:00
323,0.75,mound,burial_mound,K-35-051-3_x0_y3024.png,K-35-051-3,335912.082124213,4691128.214302139,50,2026-04-20T06:39:00.218174+00:00
347,1.0,not_mound,not_mound,K-35-051-3_x1680_y672.png,K-35-051-3,345243.28310748265,4703553.001679169,50,2026-04-20T05:36:05.957458+00:00
348,0.85,not_mound,not_mound,K-35-051-3_x3024_y2352.png,K-35-051-3,350339.5257091993,4694943.7960007135,50,2026-04-20T06:30:26.076610+00:00
349,0.4,mound,bench_mark_on_mound,K-35-051-3_x1680_y2352.png,K-35-051-3,344327.3519466881,4693523.704300751,50,2026-04-20T06:40:55.640699+00:00
367,1.0,not_mound,not_mound,K-35-051-3_x3024_y1344.png,K-35-051-3,352126.74271345965,4698656.55637447,50,2026-04-20T05:36:07.470519+00:00
374,1.0,mound,burial_mound,K-35-051-3_x336_y1680.png,K-35-051-3,337062.19215373974,4698737.452332822,50,2026-04-20T05:36:09.948391+00:00
376,0.85,mound,burial_mound,K-35-051-3_x336_y1344.png,K-35-051-3,338655.78117790096,4698661.904707788,50,2026-04-20T06:30:27.526333+00:00
385,1.0,not_mound,not_mound,K-35-051-3_x4032_y2016.png,K-35-051-3,355333.2840596961,4695696.970738536,50,2026-04-20T05:36:11.746340+00:00
386,0.85,mound,burial_mound,K-35-051-3_x4032_y3360.png,K-35-051-3,355337.39311303326,4689915.731311814,50,2026-04-20T06:30:29.246653+00:00
388,0.95,not_mound,not_mound,K-35-051-3_x3696_y3360.png,K-35-051-3,354743.2328771641,4688618.743797737,50,2026-04-20T06:16:12.559714+00:00
389,0.95,mound,bench_mark_on_mound,K-35-051-3_x3696_y3696.png,K-35-051-3,355379.02600993146,4688619.366069625,50,2026-04-20T06:16:13.795332+00:00
395,0.85,mound,burial_mound,K-35-051-3_x3024_y3024.png,K-35-051-3,352137.30713608145,4690993.819176802,50,2026-04-20T06:30:30.409249+00:00
396,0.95,not_mound,not_mound,K-35-051-3_x672_y1344.png,K-35-051-3,338721.53371947235,4700364.47477346,50,2026-04-20T06:16:15.485729+00:00
397,0.7,not_mound,not_mound,K-35-051-3_x336_y1344.png,K-35-051-3,338625.15665970766,4698647.502302496,50,2026-04-20T06:40:30.442033+00:00
400,1.0,mound,burial_mound,K-35-051-3_x3696_y3360.png,K-35-051-3,354713.33956092864,4688623.918231599,50,2026-04-20T05:36:14.372062+00:00
401,1.0,mound,bench_mark_on_mound,K-35-051-3_x3696_y3360.png,K-35-051-3,355316.6299741219,4688631.096543245,50,2026-04-20T05:36:16.779020+00:00
407,0.2,not_mound,not_mound,K-35-051-3_x672_y672.png,K-35-051-3,339349.4982247567,4702382.943993197,50,2026-04-20T06:43:16.215218+00:00
415,0.4,mound,burial_mound,K-35-051-3_x3360_y1680.png,K-35-051-3,351962.5511628225,4697934.3819546895,50,2026-04-20T06:40:56.880314+00:00
432,0.95,mound,burial_mound,K-35-051-3_x672_y2352.png,K-35-051-3,339712.07696761214,4693586.156656708,50,2026-04-20T06:16:17.119656+00:00
452,0.75,mound,burial_mound,K-35-051-4_x1344_y1008.png,K-35-051-4,362489.50527296227,4701094.21440984,50,2026-04-20T06:39:01.352773+00:00
468,0.85,not_mound,not_mound,K-35-051-4_x1344_y3024.png,K-35-051-4,363211.57286623894,4689788.281373125,50,2026-04-20T06:30:31.725946+00:00
469,0.85,not_mound,not_mound,K-35-051-4_x1344_y3360.png,K-35-051-4,363970.502650429,4689722.290963051,50,2026-04-20T06:30:32.901259+00:00
472,0.2,not_mound,not_mound,K-35-051-4_x1680_y1008.png,K-35-051-4,365568.87137849914,4700637.318164798,50,2026-04-20T06:43:17.791339+00:00
482,0.4,not_mound,not_mound,K-35-051-4_x1008_y1008.png,K-35-051-4,361517.5515439061,4701431.583304216,50,2026-04-20T06:40:58.057296+00:00
497,1.0,not_mound,not_mound,K-35-051-4_x0_y2016.png,K-35-051-4,357582.7392247167,4696080.246132693,50,2026-04-20T05:36:18.935202+00:00
500,1.0,mound,burial_mound,K-35-051-4_x2352_y1680.png,K-35-051-4,367533.1201784739,4696901.537218559,50,2026-04-20T05:36:20.982413+00:00
502,0.2,not_mound,not_mound,K-35-051-4_x1008_y336.png,K-35-051-4,361023.79010140104,4703660.126180516,50,2026-04-20T06:43:18.800983+00:00
515,1.0,mound,burial_mound,K-35-051-4_x2016_y2352.png,K-35-051-4,366615.1972534234,4693256.099706929,50,2026-04-20T05:36:22.101505+00:00
522,1.0,not_mound,not_mound,K-35-051-4_x3024_y3360.png,K-35-051-4,372414.01741794293,4689452.979362906,50,2026-04-20T05:36:23.196505+00:00
542,0.2,not_mound,not_mound,K-35-051-4_x3360_y1344.png,K-35-051-4,373383.5853511119,4698478.011150975,50,2026-04-20T06:43:19.796792+00:00
564,0.95,not_mound,not_mound,K-35-051-4_x3696_y3360.png,K-35-051-4,376102.97741143755,4688360.543028507,50,2026-04-20T06:16:19.170804+00:00
565,0.15,not_mound,not_mound,K-35-051-4_x3360_y336.png,K-35-051-4,373134.23071976006,4703527.030690003,50,2026-04-20T07:03:25.509755+00:00
581,0.2,not_mound,not_mound,K-35-051-4_x672_y2016.png,K-35-051-4,359768.7256440571,4694955.516817383,50,2026-04-20T06:43:21.392151+00:00
593,0.4,not_mound,not_mound,K-35-052-2_x0_y2688.png,K-35-052-2,398005.75845782825,4710404.979190581,50,2026-04-20T06:40:59.722057+00:00
622,1.0,mound,burial_mound,K-35-052-2_x1680_y336.png,K-35-052-2,406793.1730129636,4722021.437028215,50,2026-04-20T05:36:24.674658+00:00
626,0.2,mound,burial_mound,K-35-052-2_x2016_y3024.png,K-35-052-2,407926.0619875075,4708864.380882234,50,2026-04-20T06:43:22.766792+00:00
627,0.2,not_mound,not_mound,K-35-052-2_x2016_y3024.png,K-35-052-2,408491.5341982503,4707831.062790283,50,2026-04-20T06:43:24.196072+00:00
629,0.4,not_mound,not_mound,K-35-052-2_x1344_y3360.png,K-35-052-2,405135.7549643987,4706693.389929329,50,2026-04-20T06:41:00.970761+00:00
633,1.0,mound,burial_mound,K-35-052-2_x2352_y3360.png,K-35-052-2,409017.97868179437,4706633.827691342,50,2026-04-20T05:36:26.009986+00:00
645,1.0,not_mound,not_mound,K-35-052-2_x3024_y2352.png,K-35-052-2,412370.793470577,4711047.949604375,50,2026-04-20T05:36:27.520054+00:00
648,0.85,mound,burial_mound,K-35-052-2_x1344_y2688.png,K-35-052-2,404871.33032901137,4709268.073383785,50,2026-04-20T06:30:34.086380+00:00
650,0.95,mound,settlement_mound,K-35-052-2_x2688_y3024.png,K-35-052-2,410770.0563606729,4708198.528060811,50,2026-04-20T06:16:28.512009+00:00
667,0.95,mound,burial_mound,K-35-052-2_x336_y0.png,K-35-052-2,400312.37081584946,4722682.263776411,50,2026-04-20T06:16:30.026361+00:00
669,0.95,not_mound,not_mound,K-35-052-2_x3360_y2352.png,K-35-052-2,415167.12781190564,4712242.694118643,50,2026-04-20T06:16:57.475931+00:00
671,1.0,not_mound,not_mound,K-35-052-2_x336_y1680.png,K-35-052-2,399578.43494437315,4715303.6210801145,50,2026-04-20T05:36:28.818132+00:00
675,0.15,not_mound,not_mound,K-35-052-2_x3696_y672.png,K-35-052-2,416418.12427931116,4719456.415408933,50,2026-04-20T07:03:26.506531+00:00
687,1.0,not_mound,not_mound,K-35-052-2_x672_y1344.png,K-35-052-2,402416.6156360575,4716982.894059232,50,2026-04-20T05:36:29.755733+00:00
698,1.0,not_mound,not_mound,K-35-052-3_x0_y3360.png,K-35-052-3,378064.514906411,4688167.74232396,50,2026-04-20T05:36:32.055678+00:00
704,1.0,not_mound,not_mound,K-35-052-3_x1344_y0.png,K-35-052-3,383399.9047075744,4705515.177849539,50,2026-04-20T05:36:33.295575+00:00
707,0.2,not_mound,not_mound,K-35-052-2_x672_y3024.png,K-35-052-2,402174.9424690045,4708560.992708212,50,2026-04-20T06:43:25.307244+00:00
716,1.0,mound,burial_mound,K-35-052-3_x1008_y1680.png,K-35-052-3,381836.0374423175,4696124.339701466,50,2026-04-20T05:36:34.901719+00:00
724,1.0,mound,burial_mound,K-35-052-3_x2016_y2016.png,K-35-052-3,387619.14393223065,4694363.049458885,50,2026-04-20T05:36:36.834846+00:00
731,0.2,not_mound,not_mound,K-35-052-3_x2016_y2352.png,K-35-052-3,386736.30927032424,4693675.561513828,50,2026-04-20T06:43:26.459764+00:00
747,0.85,not_mound,not_mound,K-35-052-3_x2352_y0.png,K-35-052-3,388305.53640514007,4704572.034706,50,2026-04-20T06:30:35.191609+00:00
748,1.0,not_mound,not_mound,K-35-052-3_x2352_y3024.png,K-35-052-3,389508.90097405436,4691093.008204438,50,2026-04-20T05:36:38.634913+00:00
775,1.0,mound,burial_mound,K-35-052-3_x3024_y1344.png,K-35-052-3,393289.4253472172,4698141.188824336,50,2026-04-20T05:36:40.098077+00:00
795,1.0,mound,burial_mound,K-35-052-3_x3024_y1008.png,K-35-052-3,393248.2555740763,4700334.7034220155,50,2026-04-20T05:36:42.761891+00:00
798,0.2,not_mound,not_mound,K-35-052-3_x3024_y3360.png,K-35-052-3,392996.7521029502,4688101.287036433,50,2026-04-20T06:43:27.322277+00:00
812,0.2,not_mound,not_mound,K-35-052-3_x4032_y3360.png,K-35-052-3,396773.0500617488,4689224.116464448,50,2026-04-20T06:43:28.228530+00:00
813,0.75,mound,burial_mound,K-35-052-3_x3696_y2352.png,K-35-052-3,395302.11343768996,4694098.977524241,50,2026-04-20T06:39:02.379575+00:00
814,1.0,mound,burial_mound,K-35-052-3_x3696_y2352.png,K-35-052-3,396168.68863904045,4693949.11698801,50,2026-04-20T05:36:43.986013+00:00
824,1.0,not_mound,not_mound,K-35-052-3_x672_y2352.png,K-35-052-3,380800.5072677459,4694016.4465884585,50,2026-04-20T05:36:46.499701+00:00
831,1.0,mound,burial_mound,K-35-052-3_x672_y3360.png,K-35-052-3,381124.6148781666,4688537.227368079,50,2026-04-20T05:36:48.499449+00:00
837,0.85,not_mound,not_mound,K-35-052-3_x672_y3024.png,K-35-052-3,380148.8473689882,4690306.337782244,50,2026-04-20T06:30:36.279510+00:00
838,1.0,mound,burial_mound,K-35-052-3_x1008_y3024.png,K-35-052-3,381530.0148230443,4689569.203935192,50,2026-04-20T05:36:49.427094+00:00
845,1.0,mound,burial_mound,K-35-052-3_x3696_y336.png,K-35-052-3,396656.1141041704,4703780.396851235,50,2026-04-20T05:36:50.246664+00:00
892,0.15,not_mound,not_mound,K-35-053-1_x3024_y1344.png,K-35-053-1,433581.9303552182,4715935.6531686755,50,2026-04-20T07:03:27.555067+00:00
911,0.15,not_mound,not_mound,K-35-053-1_x3360_y1344.png,K-35-053-1,435577.33040820295,4716269.000092338,50,2026-04-20T07:03:28.429086+00:00
920,1.0,not_mound,not_mound,K-35-053-1_x3360_y2688.png,K-35-053-1,436231.0559158191,4709034.053435314,50,2026-04-20T05:36:55.242468+00:00
921,0.15,not_mound,not_mound,K-35-053-1_x3360_y0.png,K-35-053-1,434948.08536752855,4724013.62051721,50,2026-04-20T07:03:29.978047+00:00
922,1.0,mound,settlement_mound,K-35-053-1_x2688_y672.png,K-35-053-1,432985.7789808355,4720493.404918006,50,2026-04-20T05:37:01.683530+00:00
923,1.0,not_mound,not_mound,K-35-053-1_x2688_y672.png,K-35-053-1,432918.23960786394,4719097.018740962,50,2026-04-20T05:37:03.194233+00:00
927,1.0,not_mound,not_mound,K-35-053-1_x3024_y672.png,K-35-053-1,432966.60493133863,4720579.655912819,50,2026-04-20T05:37:05.694577+00:00
929,0.2,not_mound,not_mound,K-35-053-1_x3696_y672.png,K-35-053-1,437077.86169490486,4720543.9126853105,50,2026-04-20T06:43:29.430314+00:00
930,1.0,mound,burial_mound,K-35-053-1_x3696_y672.png,K-35-053-1,437346.72638824634,4719372.444841816,50,2026-04-20T05:37:08.327540+00:00
931,0.15,not_mound,not_mound,K-35-053-1_x4032_y3024.png,K-35-053-1,437895.915167496,4708208.676647189,50,2026-04-20T07:03:31.408007+00:00
932,0.85,not_mound,not_mound,K-35-053-1_x3024_y2352.png,K-35-053-1,434571.7754413721,4712427.823112616,50,2026-04-20T06:30:37.590733+00:00
946,0.5,not_mound,not_mound,K-35-053-2_x1008_y2352.png,K-35-053-2,443722.35229564033,4712096.547437289,50,2026-04-20T06:40:47.189533+00:00
956,0.75,not_mound,not_mound,K-35-053-2_x1008_y2016.png,K-35-053-2,443757.24427837355,4712106.925711977,50,2026-04-20T06:39:03.473364+00:00
988,0.2,not_mound,not_mound,K-35-053-2_x2352_y2352.png,K-35-053-2,450647.89210824674,4711456.625110131,50,2026-04-20T06:43:30.304324+00:00
992,0.15,not_mound,not_mound,K-35-053-2_x1008_y3696.png,K-35-053-2,444172.4863299818,4705513.05255396,50,2026-04-20T07:03:32.411722+00:00
995,0.2,mound,burial_mound,K-35-053-2_x1680_y3360.png,K-35-053-2,448101.5446654236,4705484.457900825,50,2026-04-20T06:43:35.803457+00:00
1004,0.2,mound,burial_mound,K-35-053-2_x0_y0.png,K-35-053-2,440008.4602783072,4722548.833587585,50,2026-04-20T06:43:36.797060+00:00
1024,0.95,not_mound,not_mound,K-35-053-2_x3024_y3024.png,K-35-053-2,454630.596829053,4707157.07069432,50,2026-04-20T06:17:24.114433+00:00
1041,0.2,not_mound,not_mound,K-35-053-2_x3360_y3024.png,K-35-053-2,455448.0220426585,4708074.346595725,50,2026-04-20T06:43:39.329959+00:00
1042,1.0,not_mound,not_mound,K-35-053-2_x3360_y3024.png,K-35-053-2,455860.9856005954,4708056.725382948,50,2026-04-20T05:37:09.626774+00:00
1044,0.4,not_mound,not_mound,K-35-053-2_x3360_y3024.png,K-35-053-2,456070.65047532273,4707764.686549651,50,2026-04-20T06:41:02.098586+00:00
1064,0.4,mound,burial_mound,K-35-053-2_x0_y672.png,K-35-053-2,440065.6125292355,4719306.558223329,50,2026-04-20T06:41:07.497044+00:00
1068,1.0,not_mound,not_mound,K-35-053-2_x3696_y1008.png,K-35-053-2,457709.73337463336,4717457.258676877,50,2026-04-20T05:37:10.890491+00:00
1076,0.95,not_mound,not_mound,K-35-053-2_x672_y3024.png,K-35-053-2,443318.158851739,4708714.880535719,50,2026-04-20T06:17:25.160798+00:00
1077,0.3,not_mound,not_mound,K-35-053-2_x4032_y1680.png,K-35-053-2,458605.88750294596,4715283.707331672,50,2026-04-20T06:42:52.844965+00:00
1088,1.0,not_mound,not_mound,K-35-053-4_Boyadzhik_x0_y3360.png,K-35-053-4_Boyadzhik,439683.09960020066,4686974.462093553,50,2026-04-20T05:37:11.972291+00:00
1096,0.95,not_mound,not_mound,K-35-053-4_Boyadzhik_x1008_y3024.png,K-35-053-4_Boyadzhik,445020.5769202781,4688544.016665232,50,2026-04-20T06:17:26.629626+00:00
1108,0.2,not_mound,not_mound,K-35-053-1_x672_y336.png,K-35-053-1,422655.61351940176,4721689.046816333,50,2026-04-20T06:43:40.897626+00:00
1124,1.0,mound,burial_mound,K-35-053-4_Boyadzhik_x2016_y1680.png,K-35-053-4_Boyadzhik,450040.6978114796,4695755.824969088,50,2026-04-20T05:37:13.125880+00:00
1128,0.2,not_mound,not_mound,K-35-053-4_Boyadzhik_x2016_y0.png,K-35-053-4_Boyadzhik,449471.354966192,4704399.14263041,50,2026-04-20T06:43:41.931620+00:00
1133,0.75,not_mound,not_mound,K-35-053-4_Boyadzhik_x1680_y1680.png,K-35-053-4_Boyadzhik,446877.37126354367,4696478.617688641,50,2026-04-20T06:39:04.681372+00:00
1140,0.2,mound,burial_mound,K-35-053-2_x1008_y1344.png,K-35-053-2,443468.34388384316,4717269.6790747065,50,2026-04-20T06:43:43.447741+00:00
1143,1.0,mound,trig_point_on_mound,K-35-053-4_Boyadzhik_x2352_y1344.png,K-35-053-4_Boyadzhik,450645.2215364243,4696998.765937169,50,2026-04-20T05:37:14.817506+00:00
1146,0.65,not_mound,not_mound,K-35-053-2_x336_y2688.png,K-35-053-2,441491.30292634765,4709875.676286015,50,2026-04-20T06:40:44.488639+00:00
1164,1.0,mound,trig_point_on_mound,K-35-053-4_Boyadzhik_x3360_y1344.png,K-35-053-4_Boyadzhik,455341.3977321744,4697354.041035663,50,2026-04-20T05:37:15.725940+00:00
1175,0.95,mound,burial_mound,K-35-053-4_Boyadzhik_x336_y1344.png,K-35-053-4_Boyadzhik,441471.52326120454,4698188.156422732,50,2026-04-20T06:17:28.125225+00:00
1176,1.0,mound,bench_mark_on_mound,K-35-053-4_Boyadzhik_x3024_y1680.png,K-35-053-4_Boyadzhik,455123.61662045884,4695582.095242037,50,2026-04-20T05:37:21.570862+00:00
1180,0.85,mound,burial_mound,K-35-053-4_Boyadzhik_x2688_y672.png,K-35-053-4_Boyadzhik,453149.1807843017,4701335.521296221,50,2026-04-20T06:30:38.808158+00:00
1183,0.95,not_mound,not_mound,K-35-053-4_Boyadzhik_x3696_y1344.png,K-35-053-4_Boyadzhik,458251.4161721463,4697007.583759136,50,2026-04-20T06:17:29.260492+00:00
1190,1.0,mound,trig_point_on_mound,K-35-053-4_Boyadzhik_x3696_y2688.png,K-35-053-4_Boyadzhik,457442.6044936776,4690334.011143757,50,2026-04-20T05:37:23.392037+00:00
1199,1.0,mound,burial_mound,K-35-053-4_Boyadzhik_x672_y1344.png,K-35-053-4_Boyadzhik,442074.37181953085,4697093.551168434,50,2026-04-20T05:37:24.762071+00:00
1201,1.0,mound,burial_mound,K-35-054-1_Straldzha_4326_x0_y1344.png,K-35-054-1_Straldzha_4326,460426.6370351048,4716536.558886989,50,2026-04-20T05:37:25.767681+00:00
1208,0.85,mound,burial_mound,K-35-054-1_Straldzha_4326_x1008_y2352.png,K-35-054-1_Straldzha_4326,465614.1674660788,4711443.481831266,50,2026-04-20T06:30:39.728850+00:00
1213,1.0,mound,burial_mound,K-35-054-1_Straldzha_4326_x1344_y2352.png,K-35-054-1_Straldzha_4326,465643.4061844662,4711429.345967141,50,2026-04-20T05:37:26.536476+00:00
1223,1.0,mound,burial_mound,K-35-054-1_Straldzha_4326_x1344_y3360.png,K-35-054-1_Straldzha_4326,467206.78147132654,4706933.8168589715,50,2026-04-20T05:37:27.412955+00:00
1224,1.0,mound,settlement_mound,K-35-054-1_Straldzha_4326_x0_y672.png,K-35-054-1_Straldzha_4326,460046.84205393825,4719065.668320128,50,2026-04-20T05:37:30.051774+00:00
1226,1.0,mound,burial_mound,K-35-054-1_Straldzha_4326_x1680_y2688.png,K-35-054-1_Straldzha_4326,467964.3762537708,4708703.624971476,50,2026-04-20T05:37:37.961984+00:00
1227,0.95,mound,burial_mound,K-35-054-1_Straldzha_4326_x1680_y2352.png,K-35-054-1_Straldzha_4326,468693.2985924532,4711612.0484559415,50,2026-04-20T06:17:30.353609+00:00
1228,0.85,mound,burial_mound,K-35-054-1_Straldzha_4326_x1680_y2352.png,K-35-054-1_Straldzha_4326,468106.73873418686,4711254.825911126,50,2026-04-20T06:30:40.600300+00:00
1229,0.85,mound,burial_mound,K-35-054-1_Straldzha_4326_x1680_y2352.png,K-35-054-1_Straldzha_4326,468179.02905060037,4711300.24417132,50,2026-04-20T06:31:05.375993+00:00
1249,1.0,not_mound,not_mound,K-35-054-1_Straldzha_4326_x1680_y672.png,K-35-054-1_Straldzha_4326,467142.63620086137,4720511.649083688,50,2026-04-20T05:37:39.421148+00:00
1262,0.9,mound,bench_mark_on_mound,K-35-054-1_Straldzha_4326_x1344_y3024.png,K-35-054-1_Straldzha_4326,465757.84497701767,4708491.712282331,50,2026-04-20T06:29:57.792488+00:00
1265,1.0,not_mound,not_mound,K-35-054-1_Straldzha_4326_x2352_y3024.png,K-35-054-1_Straldzha_4326,470639.8553818625,4706984.790216643,50,2026-04-20T05:37:40.719542+00:00
1269,0.7,not_mound,not_mound,K-35-054-1_Straldzha_4326_x2688_y2688.png,K-35-054-1_Straldzha_4326,472603.0025232319,4708666.944496884,50,2026-04-20T06:40:32.653081+00:00
1270,0.2,mound,burial_mound,K-35-054-1_Straldzha_4326_x3024_y336.png,K-35-054-1_Straldzha_4326,475568.2634235679,4722180.135000856,50,2026-04-20T06:43:44.715411+00:00
1283,1.0,mound,burial_mound,K-35-054-1_Straldzha_4326_x3360_y1680.png,K-35-054-1_Straldzha_4326,476548.0859911433,4715062.382667112,50,2026-04-20T05:37:41.817313+00:00
1290,0.85,mound,bench_mark_on_mound,K-35-054-1_Straldzha_4326_x3024_y1680.png,K-35-054-1_Straldzha_4326,475057.70383678185,4713833.011861162,50,2026-04-20T06:31:06.561053+00:00
1296,1.0,not_mound,not_mound,K-35-054-1_Straldzha_4326_x3024_y3024.png,K-35-054-1_Straldzha_4326,474950.7065427907,4708800.343565166,50,2026-04-20T05:37:43.559268+00:00
1313,1.0,mound,bench_mark_on_mound,K-35-054-1_Straldzha_4326_x3696_y1344.png,K-35-054-1_Straldzha_4326,478434.6850009606,4715714.190897673,50,2026-04-20T05:37:44.983027+00:00
1315,1.0,mound,burial_mound,K-35-054-1_Straldzha_4326_x3696_y2352.png,K-35-054-1_Straldzha_4326,478811.8776962587,4711067.847214669,50,2026-04-20T05:37:46.860828+00:00
1318,1.0,not_mound,not_mound,K-35-054-1_Straldzha_4326_x2352_y0.png,K-35-054-1_Straldzha_4326,471890.7234787089,4722155.3188703675,50,2026-04-20T05:37:48.313013+00:00
1320,1.0,not_mound,not_mound,K-35-054-1_Straldzha_4326_x336_y336.png,K-35-054-1_Straldzha_4326,460924.27767725073,4721749.40492071,50,2026-04-20T05:37:49.731766+00:00
1325,1.0,mound,bench_mark_on_mound,K-35-054-1_Straldzha_4326_x2352_y2352.png,K-35-054-1_Straldzha_4326,471684.71345182706,4711872.166204462,50,2026-04-20T05:37:51.060976+00:00
1327,1.0,mound,bench_mark_on_mound,K-35-054-1_Straldzha_4326_x336_y0.png,K-35-054-1_Straldzha_4326,461014.95033498586,4722071.3699558545,50,2026-04-20T05:37:53.572741+00:00
1330,1.0,mound,burial_mound,K-35-054-2_Atolov_4326_x0_y0.png,K-35-054-2_Atolov_4326,481145.9795898597,4722074.107242027,50,2026-04-20T05:37:55.570486+00:00
1334,1.0,not_mound,not_mound,K-35-054-1_Straldzha_4326_x3696_y336.png,K-35-054-1_Straldzha_4326,477666.1146515155,4722115.871012534,50,2026-04-20T05:37:56.931690+00:00
1366,0.2,not_mound,not_mound,K-35-054-2_Atolov_4326_x1008_y1680.png,K-35-054-2_Atolov_4326,485904.89188612474,4714752.055402092,50,2026-04-20T06:43:45.907040+00:00
1374,0.2,mound,bench_mark_on_mound,K-35-054-2_Atolov_4326_x1008_y2352.png,K-35-054-2_Atolov_4326,484719.38945730176,4710582.994210813,50,2026-04-20T06:43:47.191351+00:00
1395,1.0,mound,burial_mound,K-35-054-2_Atolov_4326_x1680_y1008.png,K-35-054-2_Atolov_4326,488916.89528216486,4716919.3314959,50,2026-04-20T05:37:58.298271+00:00
1400,0.85,mound,burial_mound,K-35-054-2_Atolov_4326_x1344_y1344.png,K-35-054-2_Atolov_4326,487697.1002720514,4715935.897857151,50,2026-04-20T06:31:07.737380+00:00
1403,1.0,mound,burial_mound,K-35-054-2_Atolov_4326_x1680_y1008.png,K-35-054-2_Atolov_4326,488890.90966877894,4716930.366076423,50,2026-04-20T05:37:59.360730+00:00
1410,1.0,not_mound,not_mound,K-35-054-2_Atolov_4326_x1680_y3696.png,K-35-054-2_Atolov_4326,488681.1915827885,4705294.943849845,50,2026-04-20T05:38:01.007857+00:00
1411,0.85,mound,trig_point_on_mound,K-35-054-2_Atolov_4326_x2352_y336.png,K-35-054-2_Atolov_4326,492064.45214607305,4720375.615263386,50,2026-04-20T06:31:09.062684+00:00
1412,0.85,mound,burial_mound,K-35-054-2_Atolov_4326_x2352_y336.png,K-35-054-2_Atolov_4326,492419.8521600238,4720283.275480601,50,2026-04-20T06:31:10.187010+00:00
1414,1.0,mound,burial_mound,K-35-054-2_Atolov_4326_x2352_y3024.png,K-35-054-2_Atolov_4326,491790.93985238357,4707732.777222401,50,2026-04-20T05:38:02.165858+00:00
1427,1.0,mound,burial_mound,K-35-054-2_Atolov_4326_x2352_y0.png,K-35-054-2_Atolov_4326,492755.02385467483,4722165.625734653,50,2026-04-20T05:38:03.100798+00:00
1429,1.0,mound,burial_mound,K-35-054-2_Atolov_4326_x2352_y336.png,K-35-054-2_Atolov_4326,492450.8681907817,4721585.535792629,50,2026-04-20T05:38:04.165086+00:00
1430,0.15,not_mound,not_mound,K-35-054-2_Atolov_4326_x2352_y336.png,K-35-054-2_Atolov_4326,491511.00150714244,4720552.049159957,50,2026-04-20T07:04:39.983255+00:00
1438,1.0,mound,burial_mound,K-35-054-2_Atolov_4326_x2352_y0.png,K-35-054-2_Atolov_4326,492761.6931761668,4721958.859237932,50,2026-04-20T05:38:05.043889+00:00
1442,0.95,not_mound,not_mound,K-35-054-2_Atolov_4326_x2016_y2016.png,K-35-054-2_Atolov_4326,491244.17104606424,4712382.11593724,50,2026-04-20T06:17:31.565828+00:00
1461,1.0,mound,burial_mound,K-35-054-2_Atolov_4326_x3696_y1008.png,K-35-054-2_Atolov_4326,497804.75551561505,4717480.026927626,50,2026-04-20T05:38:05.877786+00:00
1466,1.0,not_mound,not_mound,K-35-054-2_Atolov_4326_x3696_y3360.png,K-35-054-2_Atolov_4326,499367.73478926026,4706233.494815134,50,2026-04-20T05:38:07.143153+00:00
1471,0.15,not_mound,not_mound,K-35-054-1_Straldzha_4326_x3360_y2688.png,K-35-054-1_Straldzha_4326,476141.39657649776,4710124.096506292,50,2026-04-20T07:04:42.537174+00:00
1473,0.75,not_mound,not_mound,K-35-054-2_Atolov_4326_x0_y0.png,K-35-054-2_Atolov_4326,481124.5386588373,4722086.93547051,50,2026-04-20T06:39:06.055549+00:00
1475,1.0,mound,burial_mound,K-35-054-2_Atolov_4326_x336_y0.png,K-35-054-2_Atolov_4326,482849.03629878245,4723129.80537962,50,2026-04-20T05:38:08.530979+00:00
1481,1.0,mound,burial_mound,K-35-054-2_Atolov_4326_x4032_y1008.png,K-35-054-2_Atolov_4326,499495.51893661014,4718002.811117375,50,2026-04-20T05:38:09.599780+00:00
1482,0.85,mound,burial_mound,K-35-054-2_Atolov_4326_x4032_y1008.png,K-35-054-2_Atolov_4326,499754.1741622084,4717337.218961147,50,2026-04-20T06:31:11.138569+00:00
1497,0.95,mound,bench_mark_on_mound,K-35-054-2_Atolov_4326_x3696_y2016.png,K-35-054-2_Atolov_4326,498465.12386162806,4711939.7196169915,50,2026-04-20T06:17:32.847500+00:00
1505,0.95,not_mound,not_mound,K-35-054-3_Yambol_x1008_y3360.png,K-35-054-3_Yambol,464970.65159408876,4686781.14572986,50,2026-04-20T06:17:34.190671+00:00
1512,0.2,not_mound,not_mound,K-35-054-3_Yambol_x1008_y1008.png,K-35-054-3_Yambol,464270.8912013127,4699198.4599699015,50,2026-04-20T06:43:48.273572+00:00
1514,1.0,mound,bench_mark_on_mound,K-35-054-3_Yambol_x1008_y1008.png,K-35-054-3_Yambol,464099.8208689623,4698940.945815604,50,2026-04-20T05:38:11.136631+00:00
1515,1.0,mound,burial_mound,K-35-054-3_Yambol_x1008_y1008.png,K-35-054-3_Yambol,465521.44020894833,4698879.5935485475,50,2026-04-20T05:38:12.340117+00:00
1525,0.85,mound,settlement_mound,K-35-054-3_Yambol_x1680_y0.png,K-35-054-3_Yambol,468487.9555254971,4703674.510705131,50,2026-04-20T06:31:12.700426+00:00
1526,1.0,mound,burial_mound,K-35-054-3_Yambol_x1680_y0.png,K-35-054-3_Yambol,468996.1945520747,4704780.752213545,50,2026-04-20T05:38:13.288412+00:00
1530,0.95,mound,settlement_mound,K-35-054-3_Yambol_x1008_y2016.png,K-35-054-3_Yambol,463783.1401437853,4694759.135720922,50,2026-04-20T06:17:51.182705+00:00
1535,0.85,not_mound,not_mound,K-35-054-3_Yambol_x1680_y2688.png,K-35-054-3_Yambol,467983.12193898513,4690400.462763704,50,2026-04-20T06:31:14.059158+00:00
1536,1.0,mound,trig_point_on_mound,K-35-054-3_Yambol_x1680_y2016.png,K-35-054-3_Yambol,467413.9317299644,4695184.096019623,50,2026-04-20T05:38:15.397045+00:00
1540,1.0,mound,trig_point_on_mound,K-35-054-3_Yambol_x1344_y1008.png,K-35-054-3_Yambol,467055.6706311474,4698765.254699413,50,2026-04-20T05:38:16.799433+00:00
1564,1.0,not_mound,not_mound,K-35-054-3_Yambol_x2352_y2352.png,K-35-054-3_Yambol,472141.2214866418,4693145.533166313,50,2026-04-20T05:38:17.893522+00:00
1565,1.0,not_mound,not_mound,K-35-054-3_Yambol_x2352_y2352.png,K-35-054-3_Yambol,472293.79475811624,4693012.79156951,50,2026-04-20T05:38:18.746761+00:00
1566,0.75,not_mound,not_mound,K-35-054-3_Yambol_x2352_y2352.png,K-35-054-3_Yambol,471925.08681933675,4692759.539600754,50,2026-04-20T06:39:07.246223+00:00
1575,1.0,not_mound,not_mound,K-35-054-3_Yambol_x3024_y2016.png,K-35-054-3_Yambol,474905.76950406475,4693548.686132953,50,2026-04-20T05:38:22.886359+00:00
1580,1.0,mound,trig_point_on_mound,K-35-054-3_Yambol_x2352_y3360.png,K-35-054-3_Yambol,471457.95800961845,4688258.949668157,50,2026-04-20T05:38:24.797641+00:00
1583,0.4,not_mound,not_mound,K-35-054-3_Yambol_x2688_y0.png,K-35-054-3_Yambol,473383.8365540603,4703925.372225882,50,2026-04-20T06:41:08.647264+00:00
1619,0.4,not_mound,not_mound,K-35-054-3_Yambol_x336_y1008.png,K-35-054-3_Yambol,460559.9974360025,4699041.7696007015,50,2026-04-20T06:41:09.939470+00:00
1652,0.95,mound,burial_mound,K-35-054-4_Voynika_x1008_y1008.png,K-35-054-4_Voynika,486068.7186271754,4700116.395167301,50,2026-04-20T06:17:52.657276+00:00
1666,0.95,mound,burial_mound,K-35-054-4_Voynika_x1008_y672.png,K-35-054-4_Voynika,486129.06635414687,4700071.304531225,50,2026-04-20T06:17:54.154736+00:00
1689,0.95,not_mound,not_mound,K-35-054-4_Voynika_x2688_y3024.png,K-35-054-4_Voynika,493925.65193624306,4688297.268595798,50,2026-04-20T06:17:55.976951+00:00
1691,1.0,not_mound,not_mound,K-35-054-4_Voynika_x1008_y336.png,K-35-054-4_Voynika,485576.7694087131,4703306.641072246,50,2026-04-20T05:38:26.123290+00:00
1693,1.0,mound,trig_point_on_mound,K-35-054-4_Voynika_x2688_y3360.png,K-35-054-4_Voynika,494605.47091849043,4688147.813336621,50,2026-04-20T05:38:27.481538+00:00
1696,0.4,mound,burial_mound,K-35-054-4_Voynika_x2352_y672.png,K-35-054-4_Voynika,491893.85723672673,4701868.039502693,50,2026-04-20T06:41:11.424472+00:00
1699,0.75,not_mound,not_mound,K-35-054-4_Voynika_x3024_y3024.png,K-35-054-4_Voynika,496308.7620929237,4688777.169349739,50,2026-04-20T06:39:08.417918+00:00
1704,0.85,mound,burial_mound,K-35-054-4_Voynika_x3024_y2688.png,K-35-054-4_Voynika,495996.64384292276,4691707.358038955,50,2026-04-20T06:31:15.906527+00:00
1768,0.4,not_mound,not_mound,K-35-055-1_x0_y2688.png,K-35-055-1,499962.38603163,4708647.452880801,50,2026-04-20T06:41:12.624537+00:00
1769,0.7,not_mound,not_mound,K-35-054-4_Voynika_x3024_y0.png,K-35-054-4_Voynika,494477.7428365316,4705250.297259143,50,2026-04-20T06:40:33.666434+00:00
1797,0.4,not_mound,not_mound,K-35-055-1_x2016_y0.png,K-35-055-1,511447.07334478694,4723721.881980714,50,2026-04-20T06:41:14.136729+00:00
1800,0.15,not_mound,not_mound,K-35-054-4_Voynika_x3360_y2016.png,K-35-054-4_Voynika,497884.179899509,4695118.129269298,50,2026-04-20T07:04:43.624466+00:00
1807,1.0,mound,burial_mound,K-35-055-1_x1680_y2352.png,K-35-055-1,509654.14829622576,4710307.748141242,50,2026-04-20T05:38:31.182345+00:00
1811,0.95,mound,bench_mark_on_mound,K-35-055-1_x2016_y2016.png,K-35-055-1,511835.4497799659,4712937.768743651,50,2026-04-20T06:17:57.226099+00:00
1818,0.4,mound,burial_mound,K-35-055-1_x2016_y2016.png,K-35-055-1,511832.06712138816,4712658.718878711,50,2026-04-20T06:41:15.599739+00:00
1834,0.85,mound,trig_point_on_mound,K-35-055-1_x2352_y2352.png,K-35-055-1,512872.19418925134,4710300.41026533,50,2026-04-20T06:31:18.453901+00:00
1842,0.4,not_mound,not_mound,K-35-055-1_x1008_y1008.png,K-35-055-1,505198.8372119441,4717128.294961941,50,2026-04-20T06:41:16.703779+00:00
1848,0.95,mound,burial_mound,K-35-055-1_x3024_y2016.png,K-35-055-1,515037.74690071447,4713694.925544835,50,2026-04-20T06:17:58.474316+00:00
1854,1.0,not_mound,not_mound,K-35-055-1_x2688_y672.png,K-35-055-1,515180.08345283405,4719159.456276573,50,2026-04-20T05:38:32.507226+00:00
1864,1.0,mound,trig_point_on_mound,K-35-055-1_x3360_y2016.png,K-35-055-1,518462.09674392187,4713667.5343406405,50,2026-04-20T05:38:34.020087+00:00
1867,1.0,not_mound,not_mound,K-35-055-1_x336_y336.png,K-35-055-1,503123.6275058777,4721911.145205288,50,2026-04-20T05:38:35.191416+00:00
1871,1.0,not_mound,not_mound,K-35-055-1_x4032_y2352.png,K-35-055-1,520279.98858633055,4711980.67068011,50,2026-04-20T05:38:36.051036+00:00
1881,1.0,mound,burial_mound,K-35-055-1_x3360_y3024.png,K-35-055-1,518463.94425644155,4708641.51545069,50,2026-04-20T05:38:37.961658+00:00
1883,1.0,mound,burial_mound,K-35-055-1_x3696_y1008.png,K-35-055-1,520071.21672142344,4718093.998054695,50,2026-04-20T05:38:39.055810+00:00
1890,0.95,not_mound,not_mound,K-35-055-1_x3696_y2352.png,K-35-055-1,520248.72256956605,4711977.359383583,50,2026-04-20T06:17:59.816846+00:00
1911,0.95,not_mound,not_mound,K-35-055-1_x3360_y2688.png,K-35-055-1,518496.7287586069,4708882.892475861,50,2026-04-20T06:18:01.357884+00:00
1913,1.0,not_mound,not_mound,K-35-055-1_x4032_y0.png,K-35-055-1,520086.6465808877,4723580.976040743,50,2026-04-20T05:38:40.926150+00:00
1914,1.0,mound,burial_mound,K-35-055-1_x4032_y0.png,K-35-055-1,520091.7044637735,4723334.586813128,50,2026-04-20T05:38:42.451790+00:00
1924,0.95,mound,settlement_mound,K-35-055-2_x1008_y1344.png,K-35-055-2,526439.4214913598,4715370.814134575,50,2026-04-20T06:18:03.351635+00:00
1925,0.85,mound,settlement_mound,K-35-055-2_x1008_y1680.png,K-35-055-2,525851.5862990887,4714079.294136257,50,2026-04-20T06:32:05.910963+00:00
1928,0.4,not_mound,not_mound,K-35-055-2_x0_y1008.png,K-35-055-2,521592.6762406173,4717626.85865639,50,2026-04-20T06:41:18.199933+00:00
1929,1.0,not_mound,not_mound,K-35-055-2_x0_y1008.png,K-35-055-2,522213.5813330992,4716960.456643864,50,2026-04-20T05:38:43.861915+00:00
1935,1.0,not_mound,not_mound,K-35-055-1_x672_y3360.png,K-35-055-1,504395.9017460252,4706965.48868344,50,2026-04-20T05:38:45.756078+00:00
1936,1.0,not_mound,not_mound,K-35-055-1_x672_y3360.png,K-35-055-1,504526.1787665636,4706976.676019851,50,2026-04-20T05:38:47.225288+00:00
2009,1.0,not_mound,not_mound,K-35-055-2_x0_y1008.png,K-35-055-2,522193.15045299596,4716962.167975069,50,2026-04-20T05:38:48.635198+00:00
2010,0.4,not_mound,not_mound,K-35-055-2_x2352_y1008.png,K-35-055-2,532325.4160203615,4718171.125177031,50,2026-04-20T06:41:19.204022+00:00
2011,0.95,mound,settlement_mound,K-35-055-2_x2352_y1008.png,K-35-055-2,532895.5880491217,4718190.571853895,50,2026-04-20T06:18:06.748794+00:00
2042,0.15,not_mound,not_mound,K-35-055-2_x2352_y672.png,K-35-055-2,532975.3223532845,4718912.511664837,50,2026-04-20T07:04:44.596003+00:00
2051,0.85,not_mound,not_mound,K-35-055-3_x1008_y3024.png,K-35-055-3,505212.49140550115,4688817.664908328,50,2026-04-20T06:32:07.474934+00:00
2061,0.95,mound,bench_mark_on_mound,K-35-055-2_x2688_y1008.png,K-35-055-2,535113.9470167755,4716965.634547267,50,2026-04-20T06:18:09.118937+00:00
2062,0.85,mound,burial_mound,K-35-055-3_x1008_y2688.png,K-35-055-3,505971.2299079687,4691768.164847377,50,2026-04-20T06:32:08.731989+00:00
2065,0.15,not_mound,not_mound,K-35-055-3_x0_y0.png,K-35-055-3,501275.8711367986,4703522.355907068,50,2026-04-20T07:04:45.895879+00:00
2070,0.3,not_mound,not_mound,K-35-055-2_x336_y672.png,K-35-055-2,523028.0232690314,4720207.5419802535,50,2026-04-20T06:42:54.167602+00:00
2083,0.15,not_mound,not_mound,K-35-055-3_x1344_y1344.png,K-35-055-3,508381.9559314715,4698436.40778668,50,2026-04-20T07:04:46.791486+00:00
2090,0.95,not_mound,not_mound,K-35-055-3_x1680_y1680.png,K-35-055-3,509293.0511086042,4695001.623101219,50,2026-04-20T06:18:10.745805+00:00
2092,1.0,not_mound,not_mound,K-35-055-3_x1344_y2016.png,K-35-055-3,506733.35999677365,4694545.65884524,50,2026-04-20T05:38:49.728209+00:00
2103,1.0,mound,trig_point_on_mound,K-35-055-3_x1680_y2016.png,K-35-055-3,510121.0177870415,4694895.844090011,50,2026-04-20T05:38:51.138038+00:00
2120,1.0,not_mound,not_mound,K-35-055-2_x1680_y672.png,K-35-055-2,530541.1729472717,4718648.30289745,50,2026-04-20T05:38:55.055147+00:00
2127,0.4,not_mound,not_mound,K-35-055-3_x2016_y2688.png,K-35-055-3,511314.529680632,4691032.263179742,50,2026-04-20T06:41:20.179561+00:00
2141,0.4,not_mound,not_mound,K-35-055-3_x3024_y1344.png,K-35-055-3,515288.4103064037,4697805.75825017,50,2026-04-20T06:41:21.123235+00:00
2157,0.2,not_mound,not_mound,K-35-055-3_x336_y2688.png,K-35-055-3,502310.3977751201,4690968.5371453725,50,2026-04-20T06:43:49.501062+00:00
2191,0.4,not_mound,not_mound,K-35-055-3_x3360_y1344.png,K-35-055-3,517220.700797076,4696689.660434535,50,2026-04-20T06:41:22.151124+00:00
2204,1.0,mound,burial_mound,K-35-055-4_x1680_y1008.png,K-35-055-4,530704.1049918976,4698506.426839148,50,2026-04-20T05:38:56.886016+00:00
2207,1.0,not_mound,not_mound,K-35-055-4_x1344_y3024.png,K-35-055-4,527451.7986479203,4689564.392086108,50,2026-04-20T05:38:58.373341+00:00
2236,0.15,not_mound,not_mound,K-35-055-4_x2688_y1680.png,K-35-055-4,534025.1815157476,4695172.408753533,50,2026-04-20T07:04:48.236254+00:00
2238,0.2,not_mound,not_mound,K-35-055-4_x2688_y3024.png,K-35-055-4,535682.8174497746,4689002.661810098,50,2026-04-20T06:43:50.676345+00:00
2239,0.95,mound,burial_mound,K-35-055-4_x2688_y3024.png,K-35-055-4,534341.1077094477,4688407.006405264,50,2026-04-20T06:18:12.675095+00:00
2240,0.95,mound,burial_mound,K-35-055-4_x3024_y1344.png,K-35-055-4,535791.2040186208,4696886.47081779,50,2026-04-20T06:18:13.747965+00:00
2245,0.85,mound,burial_mound,K-35-055-4_x2688_y2352.png,K-35-055-4,535564.788626607,4692439.7229615,50,2026-04-20T06:32:09.885843+00:00
2257,1.0,not_mound,not_mound,K-35-055-4_x1008_y1680.png,K-35-055-4,526636.4783380012,4695084.4988379115,50,2026-04-20T05:39:00.146460+00:00
2259,1.0,not_mound,not_mound,K-35-055-4_x336_y2688.png,K-35-055-4,523900.4572863845,4690320.4157337835,50,2026-04-20T05:39:01.631039+00:00
2271,0.95,not_mound,not_mound,K-35-055-4_x336_y3024.png,K-35-055-4,522336.8803719302,4690201.106556923,50,2026-04-20T06:18:15.308107+00:00
2272,0.2,not_mound,not_mound,K-35-055-4_x336_y3024.png,K-35-055-4,523733.35000510793,4690038.145588701,50,2026-04-20T06:43:51.686431+00:00
2273,0.15,not_mound,not_mound,K-35-055-4_x336_y672.png,K-35-055-4,522848.4649731756,4701283.8141563935,50,2026-04-20T07:04:49.291253+00:00
2279,0.85,not_mound,not_mound,K-35-055-4_x3696_y1680.png,K-35-055-4,540007.395782888,4695883.210923771,50,2026-04-20T06:32:14.188796+00:00
2294,0.2,not_mound,not_mound,K-35-055-4_x672_y3360.png,K-35-055-4,525542.7459314526,4687130.672430821,50,2026-04-20T06:43:52.573016+00:00
2311,0.15,not_mound,not_mound,K-35-056-3_x2688_y1680.png,K-35-056-3,555740.1549070508,4695764.667931967,50,2026-04-20T07:04:50.607569+00:00
2318,0.3,not_mound,not_mound,K-35-056-3_x3024_y3360.png,K-35-056-3,557262.2095248189,4688229.617092008,50,2026-04-20T06:42:55.088672+00:00
2326,0.75,not_mound,not_mound,K-35-056-3_x3024_y2352.png,K-35-056-3,557325.9699322693,4693297.640470584,50,2026-04-20T06:39:10.156659+00:00
2333,0.15,not_mound,not_mound,K-35-056-3_x2352_y2016.png,K-35-056-3,553520.4880383692,4694968.012430081,50,2026-04-20T07:04:51.696289+00:00
2349,0.95,not_mound,not_mound,K-35-056-3_x672_y1344.png,K-35-056-3,544880.2724860023,4698767.475778305,50,2026-04-20T06:18:47.990755+00:00
2355,1.0,mound,burial_mound,K-35-062-4_Asenovgrad_4326_x1680_y2352.png,K-35-062-4_Asenovgrad_4326,321989.0490091129,4658697.763281358,50,2026-04-20T05:39:12.392568+00:00
2367,0.7,mound,bench_mark_on_mound,K-35-062-4_Asenovgrad_4326_x2016_y2688.png,K-35-062-4_Asenovgrad_4326,325089.9402054553,4657367.910825298,50,2026-04-20T06:40:34.942765+00:00
2369,1.0,mound,burial_mound,K-35-062-4_Asenovgrad_4326_x2016_y2016.png,K-35-062-4_Asenovgrad_4326,324949.52010240057,4659252.849593261,50,2026-04-20T05:39:13.409174+00:00
2375,0.85,mound,burial_mound,K-35-062-4_Asenovgrad_4326_x2352_y2352.png,K-35-062-4_Asenovgrad_4326,325209.74907042354,4658409.564726562,50,2026-04-20T06:32:15.636713+00:00
2386,0.4,mound,bench_mark_on_mound,K-35-062-4_Asenovgrad_4326_x2352_y3024.png,K-35-062-4_Asenovgrad_4326,326761.83917752746,4655874.431612862,50,2026-04-20T06:41:24.143840+00:00
2388,0.2,mound,bench_mark_on_mound,K-35-062-4_Asenovgrad_4326_x2688_y1008.png,K-35-062-4_Asenovgrad_4326,327679.433116589,4665993.1683439985,50,2026-04-20T06:43:59.858485+00:00
2393,1.0,mound,burial_mound,K-35-062-4_Asenovgrad_4326_x2352_y2016.png,K-35-062-4_Asenovgrad_4326,325003.3767402655,4659435.28604688,50,2026-04-20T05:39:18.672721+00:00
2394,1.0,not_mound,not_mound,K-35-062-4_Asenovgrad_4326_x2352_y2016.png,K-35-062-4_Asenovgrad_4326,324987.2083757988,4659270.360411408,50,2026-04-20T05:39:20.052061+00:00
2395,0.95,mound,bench_mark_on_mound,K-35-062-4_Asenovgrad_4326_x2688_y2352.png,K-35-062-4_Asenovgrad_4326,328400.9749179598,4658832.173705465,50,2026-04-20T06:18:49.854641+00:00
2396,0.85,mound,burial_mound,K-35-062-4_Asenovgrad_4326_x2688_y2352.png,K-35-062-4_Asenovgrad_4326,327688.50407467224,4658401.63673214,50,2026-04-20T06:32:16.766154+00:00
2398,0.2,not_mound,not_mound,K-35-062-4_Asenovgrad_4326_x2688_y2688.png,K-35-062-4_Asenovgrad_4326,328452.08533927257,4656787.754092519,50,2026-04-20T06:44:01.239937+00:00
2428,0.85,mound,burial_mound,K-35-062-4_Asenovgrad_4326_x3024_y3696.png,K-35-062-4_Asenovgrad_4326,328667.6590463256,4652086.142897446,50,2026-04-20T06:33:18.866682+00:00
2435,0.85,mound,bench_mark_on_mound,K-35-062-4_Asenovgrad_4326_x3024_y2352.png,K-35-062-4_Asenovgrad_4326,329772.9255048599,4659280.9813260725,50,2026-04-20T06:33:20.188384+00:00
2448,0.95,mound,bench_mark_on_mound,K-35-062-4_Asenovgrad_4326_x3024_y2688.png,K-35-062-4_Asenovgrad_4326,328458.2497214992,4656591.0642903615,50,2026-04-20T06:18:51.156732+00:00
2452,1.0,mound,bench_mark_on_mound,K-35-062-4_Asenovgrad_4326_x672_y2352.png,K-35-062-4_Asenovgrad_4326,317285.1922391396,4657435.468019049,50,2026-04-20T05:39:22.051710+00:00
2458,0.85,not_mound,not_mound,K-35-062-4_Asenovgrad_4326_x672_y1680.png,K-35-062-4_Asenovgrad_4326,317417.5899001191,4662080.342399025,50,2026-04-20T06:33:21.589735+00:00
2468,0.2,not_mound,not_mound,K-35-062-4_Asenovgrad_4326_x3696_y3696.png,K-35-062-4_Asenovgrad_4326,332703.26228000474,4652120.172111586,50,2026-04-20T06:44:02.214360+00:00
2474,0.95,not_mound,not_mound,K-35-063-1_Granit_4326_x0_y3024.png,K-35-063-1_Granit_4326,335502.0032931067,4672805.849478495,50,2026-04-20T06:18:55.660170+00:00
2484,1.0,not_mound,not_mound,K-35-063-1_Granit_4326_x0_y2016.png,K-35-063-1_Granit_4326,335783.260061159,4677767.902708281,50,2026-04-20T05:39:23.804838+00:00
2489,0.95,mound,trig_point_on_mound,K-35-063-1_Granit_4326_x1008_y2352.png,K-35-063-1_Granit_4326,341074.0503181026,4677012.401264623,50,2026-04-20T06:19:40.288270+00:00
2493,0.2,not_mound,not_mound,K-35-063-1_Granit_4326_x1344_y2016.png,K-35-063-1_Granit_4326,342398.49753745366,4677609.393112812,50,2026-04-20T06:44:03.366466+00:00
2497,0.85,mound,burial_mound,K-35-063-1_Granit_4326_x1008_y2688.png,K-35-063-1_Granit_4326,340503.30506145174,4674471.661461535,50,2026-04-20T06:33:23.383586+00:00
2516,1.0,mound,burial_mound,K-35-063-1_Granit_4326_x1344_y672.png,K-35-063-1_Granit_4326,342721.3727581169,4684698.178129339,50,2026-04-20T05:39:25.238429+00:00
2521,0.15,not_mound,not_mound,K-35-063-1_Granit_4326_x1008_y2016.png,K-35-063-1_Granit_4326,340188.908737959,4677650.715439836,50,2026-04-20T07:04:52.621479+00:00
2522,0.2,not_mound,not_mound,K-35-063-1_Granit_4326_x1008_y2016.png,K-35-063-1_Granit_4326,340301.4856198989,4677420.186632323,50,2026-04-20T06:44:04.711947+00:00
2525,0.95,mound,bench_mark_on_mound,K-35-063-1_Granit_4326_x1344_y2352.png,K-35-063-1_Granit_4326,342802.9365081142,4675831.932385589,50,2026-04-20T06:19:41.533362+00:00
2526,0.95,mound,burial_mound,K-35-063-1_Granit_4326_x1680_y1008.png,K-35-063-1_Granit_4326,344440.8255351925,4683274.485863134,50,2026-04-20T06:19:42.979836+00:00
2527,0.85,mound,burial_mound,K-35-063-1_Granit_4326_x1680_y1008.png,K-35-063-1_Granit_4326,344508.15288630663,4683241.665179152,50,2026-04-20T06:33:24.341893+00:00
2528,0.75,not_mound,not_mound,K-35-063-1_Granit_4326_x1680_y1008.png,K-35-063-1_Granit_4326,344511.4231635488,4682648.236217225,50,2026-04-20T06:39:11.482846+00:00
2529,0.95,mound,burial_mound,K-35-063-1_Granit_4326_x1680_y3024.png,K-35-063-1_Granit_4326,344443.3298387289,4673245.104310346,50,2026-04-20T06:20:08.149812+00:00
2530,0.75,mound,burial_mound,K-35-063-1_Granit_4326_x1680_y3024.png,K-35-063-1_Granit_4326,343683.5454772181,4671948.25411036,50,2026-04-20T06:39:13.264151+00:00
2531,0.95,mound,bench_mark_on_mound,K-35-063-1_Granit_4326_x1680_y2688.png,K-35-063-1_Granit_4326,344184.527159133,4674480.628412809,50,2026-04-20T06:20:09.553718+00:00
2535,1.0,not_mound,not_mound,K-35-063-1_Granit_4326_x1680_y672.png,K-35-063-1_Granit_4326,342745.0471347719,4684908.063929802,50,2026-04-20T05:39:26.564682+00:00
2545,1.0,not_mound,not_mound,K-35-063-1_Granit_4326_x2352_y2016.png,K-35-063-1_Granit_4326,347111.8973845965,4678505.256726076,50,2026-04-20T05:39:27.627397+00:00
2546,0.85,mound,burial_mound,K-35-063-1_Granit_4326_x2016_y2016.png,K-35-063-1_Granit_4326,346153.7820942305,4677764.957084979,50,2026-04-20T06:33:25.177749+00:00
2548,1.0,mound,burial_mound,K-35-063-1_Granit_4326_x2352_y672.png,K-35-063-1_Granit_4326,347225.91418528557,4684884.698749485,50,2026-04-20T05:39:28.855183+00:00
2575,0.15,not_mound,not_mound,K-35-063-1_Granit_4326_x2352_y3360.png,K-35-063-1_Granit_4326,346338.35447384877,4670954.893672148,50,2026-04-20T07:04:53.892654+00:00
2589,1.0,mound,bench_mark_on_mound,K-35-063-1_Granit_4326_x2688_y672.png,K-35-063-1_Granit_4326,349167.2416520786,4684617.282453369,50,2026-04-20T05:39:30.488509+00:00
2590,1.0,mound,burial_mound,K-35-063-1_Granit_4326_x2688_y672.png,K-35-063-1_Granit_4326,349366.27868477325,4684496.026731704,50,2026-04-20T05:39:31.707541+00:00
2591,1.0,mound,burial_mound,K-35-063-1_Granit_4326_x2688_y672.png,K-35-063-1_Granit_4326,349450.92262049404,4684497.320359194,50,2026-04-20T05:39:32.618025+00:00
2592,1.0,mound,burial_mound,K-35-063-1_Granit_4326_x2688_y1008.png,K-35-063-1_Granit_4326,348986.51594320184,4683903.0750915175,50,2026-04-20T05:39:33.462330+00:00
2604,1.0,not_mound,not_mound,K-35-063-1_Granit_4326_x3024_y1344.png,K-35-063-1_Granit_4326,350482.7458838409,4682307.106182336,50,2026-04-20T05:39:35.302489+00:00
2606,0.2,not_mound,not_mound,K-35-063-1_Granit_4326_x336_y2352.png,K-35-063-1_Granit_4326,337099.0164452733,4676590.414497408,50,2026-04-20T06:44:06.130052+00:00
2611,0.2,mound,burial_mound,K-35-063-1_Granit_4326_x3360_y1008.png,K-35-063-1_Granit_4326,352452.93900011154,4683520.835114527,50,2026-04-20T06:44:07.560366+00:00
2613,1.0,not_mound,not_mound,K-35-063-1_Granit_4326_x336_y2688.png,K-35-063-1_Granit_4326,336687.19070323696,4674725.16232578,50,2026-04-20T05:39:36.422882+00:00
2615,0.95,mound,burial_mound,K-35-063-1_Granit_4326_x0_y3024.png,K-35-063-1_Granit_4326,335980.7319808815,4673753.804608342,50,2026-04-20T06:20:11.092509+00:00
2616,1.0,not_mound,not_mound,K-35-063-1_Granit_4326_x3360_y3024.png,K-35-063-1_Granit_4326,353042.9416863716,4673324.408020286,50,2026-04-20T05:39:37.451678+00:00
2617,0.95,mound,burial_mound,K-35-063-1_Granit_4326_x336_y3360.png,K-35-063-1_Granit_4326,336342.67921810073,4670430.519476563,50,2026-04-20T06:20:12.552899+00:00
2618,0.95,mound,trig_point_on_mound,K-35-063-1_Granit_4326_x336_y3360.png,K-35-063-1_Granit_4326,336358.19698182226,4670283.731072353,50,2026-04-20T06:20:13.928598+00:00
2621,0.4,mound,bench_mark_on_mound,K-35-063-1_Granit_4326_x336_y3024.png,K-35-063-1_Granit_4326,336698.5769366799,4673068.855314532,50,2026-04-20T06:41:25.163815+00:00
2624,0.4,mound,bench_mark_on_mound,K-35-063-1_Granit_4326_x3360_y336.png,K-35-063-1_Granit_4326,352375.1859048847,4686652.629047424,50,2026-04-20T06:41:26.251408+00:00
2631,1.0,mound,burial_mound,K-35-063-1_Granit_4326_x1680_y1008.png,K-35-063-1_Granit_4326,344434.3624262939,4683235.968141192,50,2026-04-20T05:39:38.934156+00:00
2632,0.85,mound,burial_mound,K-35-063-1_Granit_4326_x1680_y1008.png,K-35-063-1_Granit_4326,344420.1574999147,4683194.289191725,50,2026-04-20T06:33:26.093650+00:00
2633,0.2,not_mound,not_mound,K-35-063-1_Granit_4326_x2016_y1008.png,K-35-063-1_Granit_4326,346317.83071003633,4682424.708037992,50,2026-04-20T06:44:08.855133+00:00
2641,0.2,not_mound,not_mound,K-35-063-1_Granit_4326_x3360_y672.png,K-35-063-1_Granit_4326,351734.5989923523,4685424.6077123545,50,2026-04-20T06:44:10.247093+00:00
2646,1.0,mound,burial_mound,K-35-063-1_Granit_4326_x336_y336.png,K-35-063-1_Granit_4326,337400.63632185844,4686652.761454565,50,2026-04-20T05:39:40.153542+00:00
2647,1.0,mound,burial_mound,K-35-063-1_Granit_4326_x336_y336.png,K-35-063-1_Granit_4326,337355.1185514291,4686581.6016053185,50,2026-04-20T05:39:41.123572+00:00
2648,1.0,mound,burial_mound,K-35-063-1_Granit_4326_x336_y336.png,K-35-063-1_Granit_4326,337272.24054267246,4686510.198014395,50,2026-04-20T05:39:42.119363+00:00
2649,0.95,not_mound,not_mound,K-35-063-1_Granit_4326_x3360_y1344.png,K-35-063-1_Granit_4326,353041.01330333704,4682129.446158886,50,2026-04-20T06:20:15.604756+00:00
2650,0.4,not_mound,not_mound,K-35-063-1_Granit_4326_x3360_y1344.png,K-35-063-1_Granit_4326,351962.7492022485,4682038.233482184,50,2026-04-20T06:41:27.311776+00:00
2657,0.95,mound,burial_mound,K-35-063-1_Granit_4326_x4032_y1008.png,K-35-063-1_Granit_4326,354821.7718823537,4683812.245000086,50,2026-04-20T06:20:16.828438+00:00
2659,0.95,mound,bench_mark_on_mound,K-35-063-1_Granit_4326_x3360_y2016.png,K-35-063-1_Granit_4326,351633.4534517465,4677354.243678235,50,2026-04-20T06:20:18.021164+00:00
2661,0.95,mound,bench_mark_on_mound,K-35-063-1_Granit_4326_x3024_y672.png,K-35-063-1_Granit_4326,351078.03684170253,4684114.547315637,50,2026-04-20T06:20:19.183726+00:00
2666,0.95,not_mound,not_mound,K-35-062-4_Asenovgrad_4326_x3696_y2352.png,K-35-062-4_Asenovgrad_4326,333654.854968998,4658271.708863627,50,2026-04-20T06:20:20.416051+00:00
2670,0.85,mound,burial_mound,K-35-063-1_Granit_4326_x3696_y672.png,K-35-063-1_Granit_4326,353321.71048717026,4684412.657584377,50,2026-04-20T06:33:26.999608+00:00
2676,1.0,not_mound,not_mound,K-35-063-1_Granit_4326_x2352_y2688.png,K-35-063-1_Granit_4326,347729.9320792755,4675189.215669441,50,2026-04-20T05:39:43.145221+00:00
2677,0.15,not_mound,not_mound,K-35-063-1_Granit_4326_x2352_y2688.png,K-35-063-1_Granit_4326,347777.0878416864,4675139.648703517,50,2026-04-20T07:04:54.940660+00:00
2678,0.75,not_mound,not_mound,K-35-063-1_Granit_4326_x2352_y2688.png,K-35-063-1_Granit_4326,347622.01988642185,4675125.452823586,50,2026-04-20T06:39:14.318833+00:00
2689,1.0,not_mound,not_mound,K-35-063-1_Granit_4326_x3360_y2352.png,K-35-063-1_Granit_4326,351892.48800596595,4676306.666785747,50,2026-04-20T05:39:44.436881+00:00
2705,0.95,mound,burial_mound,K-35-063-1_Granit_4326_x4032_y672.png,K-35-063-1_Granit_4326,355195.6679188728,4684473.262375131,50,2026-04-20T06:20:42.648057+00:00
2706,0.2,mound,burial_mound,K-35-063-1_Granit_4326_x4032_y672.png,K-35-063-1_Granit_4326,354874.1416966928,4684434.138366612,50,2026-04-20T06:44:11.412933+00:00
2708,0.4,mound,burial_mound,K-35-063-1_Granit_4326_x4032_y672.png,K-35-063-1_Granit_4326,354934.88106100826,4684224.815948349,50,2026-04-20T06:41:28.391846+00:00
2709,1.0,not_mound,not_mound,K-35-063-2_Chirpan_4326_x0_y1680.png,K-35-063-2_Chirpan_4326,356812.8436649563,4679501.881153216,50,2026-04-20T05:39:45.828805+00:00
2713,0.95,mound,bench_mark_on_mound,K-35-063-2_Chirpan_4326_x1008_y3360.png,K-35-063-2_Chirpan_4326,360235.33145655156,4669776.539921463,50,2026-04-20T06:20:43.891366+00:00
2729,0.15,mound,burial_mound,K-35-063-2_Chirpan_4326_x1008_y672.png,K-35-063-2_Chirpan_4326,360183.232153981,4684384.3083647,50,2026-04-20T07:04:56.492632+00:00
2734,1.0,not_mound,not_mound,K-35-063-2_Chirpan_4326_x0_y672.png,K-35-063-2_Chirpan_4326,356690.4791530438,4685188.398891853,50,2026-04-20T05:39:46.989465+00:00
2736,0.2,mound,burial_mound,K-35-063-2_Chirpan_4326_x0_y672.png,K-35-063-2_Chirpan_4326,355762.44762251165,4683830.504066316,50,2026-04-20T06:44:12.359232+00:00
2737,1.0,mound,burial_mound,K-35-063-2_Chirpan_4326_x0_y672.png,K-35-063-2_Chirpan_4326,355903.0106861207,4683610.88666117,50,2026-04-20T05:39:48.356530+00:00
2739,0.85,not_mound,not_mound,K-35-063-2_Chirpan_4326_x0_y672.png,K-35-063-2_Chirpan_4326,356386.00474566326,4683337.267297275,50,2026-04-20T06:33:28.353010+00:00
2741,0.2,not_mound,not_mound,K-35-063-1_Granit_4326_x672_y2688.png,K-35-063-1_Granit_4326,339519.00132001715,4675388.257144564,50,2026-04-20T06:44:13.372645+00:00
2749,1.0,mound,burial_mound,K-35-063-1_Granit_4326_x3696_y3024.png,K-35-063-1_Granit_4326,352931.527520398,4672458.927498457,50,2026-04-20T05:39:50.843188+00:00
2757,1.0,mound,burial_mound,K-35-063-2_Chirpan_4326_x2016_y1344.png,K-35-063-2_Chirpan_4326,365296.9471450403,4681467.612178802,50,2026-04-20T05:39:52.064435+00:00
2799,0.95,not_mound,not_mound,K-35-063-2_Chirpan_4326_x3024_y2688.png,K-35-063-2_Chirpan_4326,371856.30189022183,4674364.5963024935,50,2026-04-20T06:20:45.670942+00:00
2802,0.2,not_mound,not_mound,K-35-063-2_Chirpan_4326_x3024_y2688.png,K-35-063-2_Chirpan_4326,371073.9139957091,4673246.595536269,50,2026-04-20T06:44:14.470463+00:00
2810,0.95,not_mound,not_mound,K-35-063-2_Chirpan_4326_x2016_y2016.png,K-35-063-2_Chirpan_4326,366951.4751292274,4676791.79158221,50,2026-04-20T06:20:51.000368+00:00
2824,0.15,not_mound,not_mound,K-35-063-2_Chirpan_4326_x3024_y0.png,K-35-063-2_Chirpan_4326,371219.3325044808,4686900.860889662,50,2026-04-20T07:04:58.421950+00:00
2827,1.0,mound,burial_mound,K-35-063-1_Granit_4326_x2016_y3024.png,K-35-063-1_Granit_4326,346043.9143391416,4672655.13106711,50,2026-04-20T05:39:53.744466+00:00
2828,1.0,mound,burial_mound,K-35-063-1_Granit_4326_x2016_y3024.png,K-35-063-1_Granit_4326,346092.8103911652,4672367.335225709,50,2026-04-20T05:39:54.632418+00:00
2829,1.0,mound,burial_mound,K-35-063-1_Granit_4326_x2016_y3024.png,K-35-063-1_Granit_4326,345523.35717841476,4672225.385595441,50,2026-04-20T05:39:55.776861+00:00
2839,0.2,not_mound,not_mound,K-35-063-2_Chirpan_4326_x336_y3360.png,K-35-063-2_Chirpan_4326,357354.86928900157,4669936.66816899,50,2026-04-20T06:44:15.897989+00:00
2855,1.0,mound,burial_mound,K-35-063-2_Chirpan_4326_x3360_y672.png,K-35-063-2_Chirpan_4326,372248.5232280026,4685118.590589646,50,2026-04-20T05:39:57.406473+00:00
2858,0.95,not_mound,not_mound,K-35-063-2_Chirpan_4326_x3360_y672.png,K-35-063-2_Chirpan_4326,373583.2117837211,4684759.183696143,50,2026-04-20T06:20:53.682879+00:00
2863,1.0,not_mound,not_mound,K-35-063-2_Chirpan_4326_x3024_y672.png,K-35-063-2_Chirpan_4326,371341.10240139475,4684624.116345534,50,2026-04-20T05:39:58.484164+00:00
2870,1.0,not_mound,not_mound,K-35-063-2_Chirpan_4326_x3696_y2016.png,K-35-063-2_Chirpan_4326,373643.28084993607,4676654.263822014,50,2026-04-20T05:39:59.467762+00:00
2877,1.0,mound,burial_mound,K-35-063-2_Chirpan_4326_x336_y1008.png,K-35-063-2_Chirpan_4326,356795.9458635901,4683144.043881074,50,2026-04-20T05:40:00.747865+00:00
2880,1.0,not_mound,not_mound,K-35-063-2_Chirpan_4326_x336_y1008.png,K-35-063-2_Chirpan_4326,357239.0491255885,4681639.699879655,50,2026-04-20T05:40:02.049858+00:00
2885,0.75,mound,burial_mound,K-35-063-2_Chirpan_4326_x336_y1344.png,K-35-063-2_Chirpan_4326,357482.76284117706,4681774.382684479,50,2026-04-20T06:39:15.422997+00:00
2906,0.15,not_mound,not_mound,K-35-063-2_Chirpan_4326_x4032_y3360.png,K-35-063-2_Chirpan_4326,375955.1393214911,4671079.429861082,50,2026-04-20T07:05:00.457205+00:00
2913,1.0,mound,burial_mound,K-35-063-2_Chirpan_4326_x3696_y672.png,K-35-063-2_Chirpan_4326,375230.6149561574,4685026.032027596,50,2026-04-20T05:40:03.959073+00:00
2914,1.0,not_mound,not_mound,K-35-063-2_Chirpan_4326_x3696_y672.png,K-35-063-2_Chirpan_4326,375317.8355163294,4685044.141050306,50,2026-04-20T05:40:05.561094+00:00
2918,0.95,mound,burial_mound,K-35-063-2_Chirpan_4326_x3696_y336.png,K-35-063-2_Chirpan_4326,373715.60536812793,4686314.510690825,50,2026-04-20T06:20:54.913602+00:00
2920,0.15,not_mound,not_mound,K-35-063-2_Chirpan_4326_x3696_y336.png,K-35-063-2_Chirpan_4326,373897.1828999968,4685680.782550298,50,2026-04-20T07:05:02.684564+00:00
2927,0.95,not_mound,not_mound,K-35-063-2_Chirpan_4326_x672_y3696.png,K-35-063-2_Chirpan_4326,360198.3327886752,4669781.828029007,50,2026-04-20T06:20:58.278589+00:00
2932,1.0,mound,burial_mound,K-35-063-2_Chirpan_4326_x672_y1344.png,K-35-063-2_Chirpan_4326,358904.58281499246,4680048.753093392,50,2026-04-20T05:40:06.728702+00:00
2939,0.95,not_mound,not_mound,K-35-063-3_Tatarevo_4326_x0_y3696.png,K-35-063-3_Tatarevo_4326,335283.69947213866,4651751.888114558,50,2026-04-20T06:20:59.592094+00:00
2940,1.0,not_mound,not_mound,K-35-063-1_Granit_4326_x672_y0.png,K-35-063-1_Granit_4326,338378.942880876,4688528.179373617,50,2026-04-20T05:40:07.689182+00:00
2972,0.2,mound,burial_mound,K-35-063-3_Tatarevo_4326_x1008_y3696.png,K-35-063-3_Tatarevo_4326,339172.96289517684,4651886.32264427,50,2026-04-20T06:44:17.591777+00:00
2987,1.0,mound,burial_mound,K-35-063-3_Tatarevo_4326_x2352_y0.png,K-35-063-3_Tatarevo_4326,347507.6798770946,4669797.37048297,50,2026-04-20T05:40:08.616169+00:00
2990,0.2,not_mound,not_mound,K-35-063-3_Tatarevo_4326_x2352_y2688.png,K-35-063-3_Tatarevo_4326,347400.7161567872,4655757.755747414,50,2026-04-20T06:44:18.813988+00:00
2994,0.2,not_mound,not_mound,K-35-063-1_Granit_4326_x1344_y336.png,K-35-063-1_Granit_4326,342264.3400519689,4686555.425746877,50,2026-04-20T06:44:21.603105+00:00
2997,1.0,mound,bench_mark_on_mound,K-35-063-3_Tatarevo_4326_x2688_y0.png,K-35-063-3_Tatarevo_4326,349042.25149219175,4669620.698201965,50,2026-04-20T05:40:09.900225+00:00
3002,0.95,not_mound,not_mound,K-35-063-3_Tatarevo_4326_x1344_y2016.png,K-35-063-3_Tatarevo_4326,341241.90415967663,4660385.325001802,50,2026-04-20T06:21:01.720344+00:00
3011,1.0,not_mound,not_mound,K-35-063-3_Tatarevo_4326_x2688_y2016.png,K-35-063-3_Tatarevo_4326,349122.1525022093,4660147.761801828,50,2026-04-20T05:40:12.140910+00:00
3019,0.4,not_mound,not_mound,K-35-063-3_Tatarevo_4326_x1344_y1680.png,K-35-063-3_Tatarevo_4326,341271.3611317059,4660414.547497334,50,2026-04-20T06:41:29.796490+00:00
3025,0.85,not_mound,not_mound,K-35-063-3_Tatarevo_4326_x1344_y2688.png,K-35-063-3_Tatarevo_4326,340830.3941327223,4656208.491855099,50,2026-04-20T06:33:29.828994+00:00
3029,1.0,not_mound,not_mound,K-35-063-3_Tatarevo_4326_x3360_y2352.png,K-35-063-3_Tatarevo_4326,352108.056943477,4657689.022980649,50,2026-04-20T05:40:13.430523+00:00
3030,1.0,mound,burial_mound,K-35-063-3_Tatarevo_4326_x3360_y0.png,K-35-063-3_Tatarevo_4326,351899.0244694329,4669737.276941108,50,2026-04-20T05:40:14.595920+00:00
3031,1.0,mound,burial_mound,K-35-063-3_Tatarevo_4326_x0_y1344.png,K-35-063-3_Tatarevo_4326,335572.26838057325,4663275.926530986,50,2026-04-20T05:40:15.822972+00:00
3032,0.85,not_mound,not_mound,K-35-063-3_Tatarevo_4326_x336_y1344.png,K-35-063-3_Tatarevo_4326,335570.13478980726,4662238.76687383,50,2026-04-20T06:33:31.345036+00:00
3034,0.2,not_mound,not_mound,K-35-063-3_Tatarevo_4326_x3360_y3360.png,K-35-063-3_Tatarevo_4326,351074.99500448734,4651730.468963518,50,2026-04-20T06:44:25.521499+00:00
3038,1.0,not_mound,not_mound,K-35-063-3_Tatarevo_4326_x336_y2352.png,K-35-063-3_Tatarevo_4326,336224.9958177861,4657945.108323221,50,2026-04-20T05:40:18.218912+00:00
3042,0.2,not_mound,not_mound,K-35-063-3_Tatarevo_4326_x4032_y1680.png,K-35-063-3_Tatarevo_4326,354589.6453566905,4660330.337510772,50,2026-04-20T06:44:26.748355+00:00
3043,0.2,mound,burial_mound,K-35-063-3_Tatarevo_4326_x3696_y0.png,K-35-063-3_Tatarevo_4326,353144.1738576653,4669430.731895919,50,2026-04-20T06:44:40.013742+00:00
3064,0.4,mound,trig_point_on_mound,K-35-063-4_Skobelevo_4326_x0_y2016.png,K-35-063-4_Skobelevo_4326,355722.0841535588,4658647.126790965,50,2026-04-20T06:41:31.102347+00:00
3065,1.0,mound,burial_mound,K-35-063-3_Tatarevo_4326_x672_y1344.png,K-35-063-3_Tatarevo_4326,338158.78239580605,4662052.234934786,50,2026-04-20T05:40:19.449667+00:00
3067,1.0,not_mound,not_mound,K-35-063-3_Tatarevo_4326_x3360_y2016.png,K-35-063-3_Tatarevo_4326,351599.1586028792,4658536.145858078,50,2026-04-20T05:40:20.835379+00:00
3077,0.2,not_mound,not_mound,K-35-063-3_Tatarevo_4326_x4032_y2016.png,K-35-063-3_Tatarevo_4326,354378.5857691047,4659070.448078595,50,2026-04-20T06:44:41.090605+00:00
3078,0.2,not_mound,not_mound,K-35-063-3_Tatarevo_4326_x4032_y2016.png,K-35-063-3_Tatarevo_4326,354298.98629316664,4659011.214233514,50,2026-04-20T06:44:42.153249+00:00
3081,0.2,not_mound,not_mound,K-35-063-4_Skobelevo_4326_x1008_y2016.png,K-35-063-4_Skobelevo_4326,361326.7071623259,4659260.469714361,50,2026-04-20T06:44:43.021435+00:00
3093,1.0,mound,burial_mound,K-35-063-3_Tatarevo_4326_x672_y2352.png,K-35-063-3_Tatarevo_4326,338422.366638119,4658585.146662527,50,2026-04-20T05:40:22.675126+00:00
3096,1.0,not_mound,not_mound,K-35-063-3_Tatarevo_4326_x1008_y1008.png,K-35-063-3_Tatarevo_4326,340785.21572455054,4665325.267122848,50,2026-04-20T05:40:23.762199+00:00
3103,0.4,not_mound,not_mound,K-35-063-4_Skobelevo_4326_x2016_y1008.png,K-35-063-4_Skobelevo_4326,365784.05501614796,4663581.266009739,50,2026-04-20T06:41:32.476057+00:00
3104,0.9,mound,bench_mark_on_mound,K-35-063-4_Skobelevo_4326_x1344_y672.png,K-35-063-4_Skobelevo_4326,362549.9853502477,4666679.241542624,50,2026-04-20T06:29:58.779858+00:00
3108,0.95,not_mound,not_mound,K-35-063-4_Skobelevo_4326_x1680_y2352.png,K-35-063-4_Skobelevo_4326,364786.6596052969,4658081.377526656,50,2026-04-20T06:21:03.521596+00:00
3110,1.0,mound,bench_mark_on_mound,K-35-063-4_Skobelevo_4326_x1680_y1680.png,K-35-063-4_Skobelevo_4326,364530.4271577158,4660669.902239484,50,2026-04-20T05:40:25.031363+00:00
3124,0.4,not_mound,not_mound,K-35-063-4_Skobelevo_4326_x1008_y3024.png,K-35-063-4_Skobelevo_4326,361092.39829448395,4654586.478700226,50,2026-04-20T06:41:33.651972+00:00
3135,0.95,mound,burial_mound,K-35-063-4_Skobelevo_4326_x2688_y0.png,K-35-063-4_Skobelevo_4326,368528.1274044955,4668278.96216648,50,2026-04-20T06:21:05.015975+00:00
3144,0.85,mound,bench_mark_on_mound,K-35-063-4_Skobelevo_4326_x2688_y3360.png,K-35-063-4_Skobelevo_4326,370018.2206692387,4651408.893798079,50,2026-04-20T06:33:33.446151+00:00
3149,0.95,not_mound,not_mound,K-35-063-4_Skobelevo_4326_x2016_y672.png,K-35-063-4_Skobelevo_4326,366356.377285343,4664927.309419676,50,2026-04-20T06:21:06.269818+00:00
3150,1.0,not_mound,not_mound,K-35-063-4_Skobelevo_4326_x2016_y672.png,K-35-063-4_Skobelevo_4326,366555.8849872317,4664926.311784781,50,2026-04-20T05:40:26.191056+00:00
3159,1.0,not_mound,not_mound,K-35-063-4_Skobelevo_4326_x1680_y1680.png,K-35-063-4_Skobelevo_4326,363633.9452808828,4659863.619793069,50,2026-04-20T05:40:27.957837+00:00
3160,0.4,not_mound,not_mound,K-35-063-4_Skobelevo_4326_x1680_y2016.png,K-35-063-4_Skobelevo_4326,364883.9223601491,4658133.834904169,50,2026-04-20T06:41:34.748520+00:00
3173,0.2,not_mound,not_mound,K-35-063-4_Skobelevo_4326_x3024_y1680.png,K-35-063-4_Skobelevo_4326,370347.73242910515,4659743.200101765,50,2026-04-20T06:44:44.163988+00:00
3180,0.95,not_mound,not_mound,K-35-063-4_Skobelevo_4326_x3360_y1344.png,K-35-063-4_Skobelevo_4326,373364.1101495148,4662840.2635246115,50,2026-04-20T06:21:08.029525+00:00
3198,1.0,mound,burial_mound,K-35-063-4_Skobelevo_4326_x2352_y2016.png,K-35-063-4_Skobelevo_4326,367379.82284211763,4658925.874604719,50,2026-04-20T05:40:29.284987+00:00
3199,0.85,mound,burial_mound,K-35-063-4_Skobelevo_4326_x2352_y2016.png,K-35-063-4_Skobelevo_4326,367465.18530379684,4658897.061265762,50,2026-04-20T06:33:35.552418+00:00
3200,0.2,mound,burial_mound,K-35-063-4_Skobelevo_4326_x2352_y2016.png,K-35-063-4_Skobelevo_4326,367461.02820902405,4658843.046263427,50,2026-04-20T06:44:45.665156+00:00
3202,0.4,mound,burial_mound,K-35-063-4_Skobelevo_4326_x4032_y1344.png,K-35-063-4_Skobelevo_4326,375299.16673442343,4662308.466092914,50,2026-04-20T06:41:40.734525+00:00
3211,1.0,not_mound,not_mound,K-35-063-4_Skobelevo_4326_x3696_y3024.png,K-35-063-4_Skobelevo_4326,374229.38671182864,4652993.952628811,50,2026-04-20T05:40:30.457314+00:00
3212,1.0,mound,trig_point_on_mound,K-35-064-1_Sredets_4326_x0_y0.png,K-35-064-1_Sredets_4326,376348.841249128,4686321.556949109,50,2026-04-20T05:40:31.841910+00:00
3220,0.95,mound,burial_mound,K-35-064-1_Sredets_4326_x1008_y2352.png,K-35-064-1_Sredets_4326,380754.0570238085,4674442.341132544,50,2026-04-20T06:21:27.211394+00:00
3222,1.0,not_mound,not_mound,K-35-064-1_Sredets_4326_x0_y1680.png,K-35-064-1_Sredets_4326,377145.2524756288,4678567.836063552,50,2026-04-20T05:40:33.052060+00:00
3238,1.0,mound,burial_mound,K-35-064-1_Sredets_4326_x0_y1008.png,K-35-064-1_Sredets_4326,376280.4141188225,4681256.178564063,50,2026-04-20T05:40:34.230067+00:00
3244,0.85,mound,burial_mound,K-35-064-1_Sredets_4326_x0_y1344.png,K-35-064-1_Sredets_4326,376301.59363697504,4680721.10358375,50,2026-04-20T06:33:36.557019+00:00
3255,1.0,mound,bench_mark_on_mound,K-35-064-1_Sredets_4326_x1680_y2016.png,K-35-064-1_Sredets_4326,385793.1298752289,4677549.678071436,50,2026-04-20T05:40:35.510101+00:00
3259,0.4,not_mound,not_mound,K-35-064-1_Sredets_4326_x1680_y336.png,K-35-064-1_Sredets_4326,385038.47650498187,4685709.201947833,50,2026-04-20T06:41:41.920207+00:00
3279,1.0,mound,burial_mound,K-35-064-1_Sredets_4326_x1344_y3024.png,K-35-064-1_Sredets_4326,384263.68683452165,4671518.464422894,50,2026-04-20T05:40:36.918061+00:00
3283,1.0,mound,burial_mound,K-35-064-1_Sredets_4326_x2016_y2016.png,K-35-064-1_Sredets_4326,385951.8289476606,4677742.911096106,50,2026-04-20T05:40:37.871947+00:00
3297,1.0,mound,burial_mound,K-35-064-1_Sredets_4326_x2688_y3024.png,K-35-064-1_Sredets_4326,391064.36926244345,4671607.363081997,50,2026-04-20T05:40:38.817836+00:00
3318,1.0,mound,trig_point_on_mound,K-35-064-1_Sredets_4326_x1680_y3696.png,K-35-064-1_Sredets_4326,384955.0037667743,4669244.408303862,50,2026-04-20T05:40:40.322265+00:00
3331,1.0,not_mound,not_mound,K-35-064-1_Sredets_4326_x3696_y3696.png,K-35-064-1_Sredets_4326,396178.7769355444,4669462.42099989,50,2026-04-20T05:40:41.388743+00:00
3332,0.2,not_mound,not_mound,K-35-064-1_Sredets_4326_x3696_y336.png,K-35-064-1_Sredets_4326,394976.2772754785,4685261.228525137,50,2026-04-20T06:44:46.696699+00:00
3334,1.0,not_mound,not_mound,K-35-063-4_Skobelevo_4326_x336_y2688.png,K-35-063-4_Skobelevo_4326,357958.86759967083,4656051.236599915,50,2026-04-20T05:40:42.474046+00:00
3349,0.2,mound,bench_mark_on_mound,K-35-064-1_Sredets_4326_x672_y2352.png,K-35-064-1_Sredets_4326,380587.57711527345,4674582.000449374,50,2026-04-20T06:44:48.204503+00:00
3351,1.0,not_mound,not_mound,K-35-064-2_Radnevo_4326_x0_y336.png,K-35-064-2_Radnevo_4326,397438.3305680799,4685064.418596739,50,2026-04-20T05:40:44.125795+00:00
3360,0.95,mound,bench_mark_on_mound,K-35-064-2_Radnevo_4326_x1008_y3360.png,K-35-064-2_Radnevo_4326,401567.1674317107,4670332.5303309765,50,2026-04-20T06:21:56.355796+00:00
3363,0.4,not_mound,not_mound,K-35-064-2_Radnevo_4326_x1008_y3360.png,K-35-064-2_Radnevo_4326,403132.57281420403,4670236.539767223,50,2026-04-20T06:41:43.420663+00:00
3365,1.0,mound,trig_point_on_mound,K-35-064-2_Radnevo_4326_x1008_y1344.png,K-35-064-2_Radnevo_4326,402578.92041966564,4679938.5411595795,50,2026-04-20T05:40:46.583241+00:00
3385,1.0,mound,trig_point_on_mound,K-35-064-2_Radnevo_4326_x1680_y1680.png,K-35-064-2_Radnevo_4326,406303.78965372,4678645.380105067,50,2026-04-20T05:40:47.783258+00:00
3391,0.2,not_mound,not_mound,K-35-064-2_Radnevo_4326_x1680_y672.png,K-35-064-2_Radnevo_4326,405304.4061404549,4682742.4340586,50,2026-04-20T06:44:49.469977+00:00
3395,0.95,mound,bench_mark_on_mound,K-35-064-2_Radnevo_4326_x1680_y1344.png,K-35-064-2_Radnevo_4326,405252.6642024517,4680068.443920519,50,2026-04-20T06:21:58.195781+00:00
3397,0.95,mound,burial_mound,K-35-064-1_Sredets_4326_x3696_y3360.png,K-35-064-1_Sredets_4326,394761.6832999524,4670808.492145307,50,2026-04-20T06:21:59.684909+00:00
3398,0.4,mound,bench_mark_on_mound,K-35-064-1_Sredets_4326_x3696_y3360.png,K-35-064-1_Sredets_4326,394906.8072152568,4670675.164170087,50,2026-04-20T06:41:46.119618+00:00
3401,0.75,mound,burial_mound,K-35-064-2_Radnevo_4326_x1008_y2352.png,K-35-064-2_Radnevo_4326,402019.4305106292,4674938.185520793,50,2026-04-20T06:39:17.018027+00:00
3405,0.2,not_mound,not_mound,K-35-064-2_Radnevo_4326_x2016_y672.png,K-35-064-2_Radnevo_4326,407355.9730160943,4682730.046581041,50,2026-04-20T06:44:50.536114+00:00
3406,0.3,not_mound,not_mound,K-35-064-2_Radnevo_4326_x2016_y1008.png,K-35-064-2_Radnevo_4326,407099.3691238228,4681813.784059629,50,2026-04-20T06:42:55.942341+00:00
3408,1.0,not_mound,not_mound,K-35-064-2_Radnevo_4326_x2016_y1680.png,K-35-064-2_Radnevo_4326,406548.5567739409,4678736.962457146,50,2026-04-20T05:40:49.147287+00:00
3411,0.95,mound,settlement_mound,K-35-064-2_Radnevo_4326_x2688_y336.png,K-35-064-2_Radnevo_4326,410529.11481595563,4684939.735464094,50,2026-04-20T06:22:01.690812+00:00
3422,1.0,not_mound,not_mound,K-35-064-2_Radnevo_4326_x1344_y3360.png,K-35-064-2_Radnevo_4326,404715.55190702854,4670613.421160817,50,2026-04-20T05:40:50.709301+00:00
3429,0.85,mound,bench_mark_on_mound,K-35-064-2_Radnevo_4326_x3360_y1344.png,K-35-064-2_Radnevo_4326,413906.78638870275,4680086.313578183,50,2026-04-20T06:33:38.713403+00:00
3430,0.2,mound,burial_mound,K-35-064-2_Radnevo_4326_x3360_y1344.png,K-35-064-2_Radnevo_4326,413997.6434866509,4679476.744273254,50,2026-04-20T06:44:54.165890+00:00
3432,0.95,not_mound,not_mound,K-35-064-2_Radnevo_4326_x3360_y1008.png,K-35-064-2_Radnevo_4326,414477.14661523415,4681000.19248933,50,2026-04-20T06:22:03.301463+00:00
3434,0.95,mound,bench_mark_on_mound,K-35-064-2_Radnevo_4326_x3360_y2688.png,K-35-064-2_Radnevo_4326,414992.7417317888,4673293.507120145,50,2026-04-20T06:22:05.312108+00:00
3435,0.2,not_mound,not_mound,K-35-064-2_Radnevo_4326_x336_y336.png,K-35-064-2_Radnevo_4326,398897.5268090075,4685240.475391176,50,2026-04-20T06:44:55.356469+00:00
3437,1.0,mound,burial_mound,K-35-064-2_Radnevo_4326_x3360_y672.png,K-35-064-2_Radnevo_4326,413676.24554821546,4683573.540205251,50,2026-04-20T05:42:17.690638+00:00
3442,0.2,not_mound,not_mound,K-35-064-2_Radnevo_4326_x3360_y2352.png,K-35-064-2_Radnevo_4326,414275.6123492501,4674059.795049211,50,2026-04-20T06:44:56.782050+00:00
3444,0.2,not_mound,not_mound,K-35-064-2_Radnevo_4326_x3696_y2688.png,K-35-064-2_Radnevo_4326,416423.2455123997,4673269.381770858,50,2026-04-20T06:44:57.970747+00:00
3447,0.15,not_mound,not_mound,K-35-064-2_Radnevo_4326_x3696_y2016.png,K-35-064-2_Radnevo_4326,416625.9951175434,4676527.530018731,50,2026-04-20T07:05:04.458299+00:00
3456,0.2,not_mound,not_mound,K-35-064-3_Dimitrovgrad_4326_x0_y1344.png,K-35-064-3_Dimitrovgrad_4326,376658.1967179753,4662686.564388617,50,2026-04-20T06:44:58.836278+00:00
3459,0.75,mound,burial_mound,K-35-064-2_Radnevo_4326_x672_y1344.png,K-35-064-2_Radnevo_4326,400052.0478299667,4679351.442770725,50,2026-04-20T06:39:50.752537+00:00
3460,0.95,mound,bench_mark_on_mound,K-35-064-3_Dimitrovgrad_4326_x0_y2016.png,K-35-064-3_Dimitrovgrad_4326,375840.82354240876,4659330.611869103,50,2026-04-20T06:22:07.142177+00:00
3461,0.85,mound,burial_mound,K-35-064-3_Dimitrovgrad_4326_x0_y2016.png,K-35-064-3_Dimitrovgrad_4326,375845.2505933943,4659191.587435155,50,2026-04-20T06:34:07.180807+00:00
3463,0.2,mound,bench_mark_on_mound,K-35-064-3_Dimitrovgrad_4326_x0_y1680.png,K-35-064-3_Dimitrovgrad_4326,375866.66558932053,4659322.605498174,50,2026-04-20T06:45:00.081926+00:00
3471,0.85,not_mound,not_mound,K-35-064-2_Radnevo_4326_x4032_y672.png,K-35-064-2_Radnevo_4326,417243.50558638363,4683674.705575406,50,2026-04-20T06:34:08.883501+00:00
3474,1.0,not_mound,not_mound,K-35-064-2_Radnevo_4326_x672_y1008.png,K-35-064-2_Radnevo_4326,400604.3877845371,4681590.769543959,50,2026-04-20T05:42:19.216046+00:00
3479,0.2,not_mound,not_mound,K-35-064-2_Radnevo_4326_x3024_y672.png,K-35-064-2_Radnevo_4326,413043.9942016725,4683553.25052955,50,2026-04-20T06:45:01.155803+00:00
3486,0.85,mound,bench_mark_on_mound,K-35-064-1_Sredets_4326_x672_y1344.png,K-35-064-1_Sredets_4326,379834.54195739963,4680374.430466952,50,2026-04-20T06:34:10.195153+00:00
3500,0.95,mound,burial_mound,K-35-064-3_Dimitrovgrad_4326_x2016_y1344.png,K-35-064-3_Dimitrovgrad_4326,387361.27927546744,4662559.091438776,50,2026-04-20T06:22:08.489923+00:00
3513,0.95,mound,burial_mound,K-35-064-3_Dimitrovgrad_4326_x2016_y3360.png,K-35-064-3_Dimitrovgrad_4326,387376.08618220943,4652671.385466352,50,2026-04-20T06:22:09.784099+00:00
3514,0.85,not_mound,not_mound,K-35-064-3_Dimitrovgrad_4326_x2016_y2016.png,K-35-064-3_Dimitrovgrad_4326,386035.1959968283,4659268.912701337,50,2026-04-20T06:34:30.670199+00:00
3534,0.4,not_mound,not_mound,K-35-064-3_Dimitrovgrad_4326_x3360_y1680.png,K-35-064-3_Dimitrovgrad_4326,392741.3205309009,4659640.785337234,50,2026-04-20T06:41:47.282495+00:00
3540,1.0,not_mound,not_mound,K-35-064-3_Dimitrovgrad_4326_x2688_y1680.png,K-35-064-3_Dimitrovgrad_4326,390090.30583571526,4661094.856444285,50,2026-04-20T05:42:20.667153+00:00
3542,0.85,not_mound,not_mound,K-35-064-3_Dimitrovgrad_4326_x2688_y1680.png,K-35-064-3_Dimitrovgrad_4326,390322.28044073796,4660729.306333592,50,2026-04-20T06:34:31.696116+00:00
3543,0.95,not_mound,not_mound,K-35-064-3_Dimitrovgrad_4326_x2688_y1680.png,K-35-064-3_Dimitrovgrad_4326,390405.35670854046,4660677.485151215,50,2026-04-20T06:22:10.921373+00:00
3561,0.2,not_mound,not_mound,K-35-064-3_Dimitrovgrad_4326_x3696_y0.png,K-35-064-3_Dimitrovgrad_4326,395403.6564530901,4668888.043619779,50,2026-04-20T06:45:11.113996+00:00
3563,1.0,not_mound,not_mound,K-35-064-3_Dimitrovgrad_4326_x4032_y1344.png,K-35-064-3_Dimitrovgrad_4326,396320.42024744826,4662117.945271304,50,2026-04-20T05:42:21.910072+00:00
3566,0.4,not_mound,not_mound,K-35-064-3_Dimitrovgrad_4326_x2016_y672.png,K-35-064-3_Dimitrovgrad_4326,386951.77306503523,4665706.048230623,50,2026-04-20T06:41:49.545780+00:00
3570,0.85,not_mound,not_mound,K-35-064-3_Dimitrovgrad_4326_x2016_y672.png,K-35-064-3_Dimitrovgrad_4326,387150.5212061235,4664724.957372953,50,2026-04-20T06:34:34.315684+00:00
3571,0.95,not_mound,not_mound,K-35-064-3_Dimitrovgrad_4326_x2016_y672.png,K-35-064-3_Dimitrovgrad_4326,387286.8681876018,4664710.228804197,50,2026-04-20T06:22:12.791722+00:00
3572,1.0,mound,burial_mound,K-35-064-3_Dimitrovgrad_4326_x2016_y672.png,K-35-064-3_Dimitrovgrad_4326,386632.16379935003,4664381.748502961,50,2026-04-20T05:42:23.514691+00:00
3576,0.95,not_mound,not_mound,K-35-064-4_Galabovo_4326_x0_y1008.png,K-35-064-4_Galabovo_4326,396582.9200954688,4662491.026577601,50,2026-04-20T06:22:13.877404+00:00
3580,0.95,not_mound,not_mound,K-35-064-3_Dimitrovgrad_4326_x3696_y672.png,K-35-064-3_Dimitrovgrad_4326,395363.90994582896,4665684.6934087295,50,2026-04-20T06:22:15.399239+00:00
3586,1.0,mound,burial_mound,K-35-064-4_Galabovo_4326_x0_y3360.png,K-35-064-4_Galabovo_4326,396601.1358880997,4651147.346144072,50,2026-04-20T05:42:24.651055+00:00
3590,0.95,mound,bench_mark_on_mound,K-35-064-4_Galabovo_4326_x1008_y1344.png,K-35-064-4_Galabovo_4326,402437.1634736802,4660690.286776435,50,2026-04-20T06:22:17.560610+00:00
3591,0.2,not_mound,not_mound,K-35-064-3_Dimitrovgrad_4326_x336_y3360.png,K-35-064-3_Dimitrovgrad_4326,377540.1204942505,4651179.556755609,50,2026-04-20T06:45:12.315410+00:00
3602,0.85,not_mound,not_mound,K-35-064-3_Dimitrovgrad_4326_x672_y1680.png,K-35-064-3_Dimitrovgrad_4326,379065.14061716024,4659327.71036703,50,2026-04-20T06:34:35.855126+00:00
3604,1.0,mound,burial_mound,K-35-064-4_Galabovo_4326_x1680_y2016.png,K-35-064-4_Galabovo_4326,405045.17042924254,4658621.38972888,50,2026-04-20T05:42:25.858849+00:00
3613,0.2,not_mound,not_mound,K-35-064-3_Dimitrovgrad_4326_x3696_y1344.png,K-35-064-3_Dimitrovgrad_4326,394138.389035312,4661267.612551981,50,2026-04-20T06:45:13.302242+00:00
3622,0.2,not_mound,not_mound,K-35-064-4_Galabovo_4326_x1008_y3024.png,K-35-064-4_Galabovo_4326,402724.4633052464,4652208.29368099,50,2026-04-20T06:46:03.501053+00:00
3628,0.2,mound,burial_mound,K-35-064-4_Galabovo_4326_x2352_y3360.png,K-35-064-4_Galabovo_4326,409811.00710147945,4650536.665249275,50,2026-04-20T06:46:05.499200+00:00
3641,0.95,mound,trig_point_on_mound,K-35-064-4_Galabovo_4326_x3024_y1344.png,K-35-064-4_Galabovo_4326,412177.14992301946,4661138.673320918,50,2026-04-20T06:22:18.699307+00:00
3668,0.85,not_mound,not_mound,K-35-064-4_Galabovo_4326_x2688_y2016.png,K-35-064-4_Galabovo_4326,410160.01819824567,4658305.590607926,50,2026-04-20T06:34:37.242943+00:00
3669,0.4,not_mound,not_mound,K-35-064-4_Galabovo_4326_x4032_y672.png,K-35-064-4_Galabovo_4326,417039.66615034617,4665783.140588327,50,2026-04-20T06:41:51.117411+00:00
3682,0.95,mound,bench_mark_on_mound,K-35-064-4_Galabovo_4326_x672_y2688.png,K-35-064-4_Galabovo_4326,399880.8873937673,4654812.915862001,50,2026-04-20T06:23:23.960564+00:00
3687,0.15,not_mound,not_mound,K-35-065-1_Radetski_4326_x0_y1680.png,K-35-065-1_Radetski_4326,418257.0115273715,4678020.996939185,50,2026-04-20T07:05:05.625776+00:00
3692,0.3,not_mound,not_mound,K-35-065-1_Radetski_4326_x0_y672.png,K-35-065-1_Radetski_4326,418348.8363285578,4683624.442365084,50,2026-04-20T06:42:57.230535+00:00
3697,0.85,mound,burial_mound,K-35-064-4_Galabovo_4326_x672_y1680.png,K-35-064-4_Galabovo_4326,399690.5937023291,4658890.212487222,50,2026-04-20T06:34:38.591249+00:00
3702,0.2,not_mound,not_mound,K-35-065-1_Radetski_4326_x1344_y1680.png,K-35-065-1_Radetski_4326,423995.21599799744,4678706.848435204,50,2026-04-20T06:46:06.855718+00:00
3704,0.2,not_mound,not_mound,K-35-064-4_Galabovo_4326_x4032_y3360.png,K-35-064-4_Galabovo_4326,416785.4894441652,4651747.287530068,50,2026-04-20T06:46:08.096297+00:00
3706,0.95,mound,settlement_mound,K-35-065-1_Radetski_4326_x1680_y1680.png,K-35-065-1_Radetski_4326,426752.75051281974,4678383.512310688,50,2026-04-20T06:23:27.182611+00:00
3708,0.35,not_mound,not_mound,K-35-065-1_Radetski_4326_x1344_y1008.png,K-35-065-1_Radetski_4326,424296.48885494424,4681668.699347011,50,2026-04-20T06:42:47.126621+00:00
3710,0.2,not_mound,not_mound,K-35-065-1_Radetski_4326_x1008_y336.png,K-35-065-1_Radetski_4326,423204.37382710085,4685493.330625277,50,2026-04-20T06:46:09.417568+00:00
3719,1.0,not_mound,not_mound,K-35-065-1_Radetski_4326_x1344_y672.png,K-35-065-1_Radetski_4326,424058.7532664897,4683809.402925492,50,2026-04-20T05:42:27.088240+00:00
3722,0.75,not_mound,not_mound,K-35-065-1_Radetski_4326_x1008_y1344.png,K-35-065-1_Radetski_4326,423646.79081710236,4680591.8986840695,50,2026-04-20T06:39:52.034218+00:00
3732,0.2,not_mound,not_mound,K-35-065-1_Radetski_4326_x1344_y0.png,K-35-065-1_Radetski_4326,423935.5792171708,4685890.24745154,50,2026-04-20T06:46:10.469226+00:00
3740,0.95,not_mound,not_mound,K-35-065-1_Radetski_4326_x2016_y672.png,K-35-065-1_Radetski_4326,428777.4675324487,4682547.5007461365,50,2026-04-20T06:23:29.792032+00:00
3756,0.2,not_mound,not_mound,K-35-065-1_Radetski_4326_x2688_y2352.png,K-35-065-1_Radetski_4326,431268.58703976916,4674710.272954556,50,2026-04-20T06:46:11.392218+00:00
3759,0.7,not_mound,not_mound,K-35-065-1_Radetski_4326_x1680_y2352.png,K-35-065-1_Radetski_4326,426027.2749425478,4675168.078810026,50,2026-04-20T06:40:36.079571+00:00
3765,0.4,not_mound,not_mound,K-35-065-1_Radetski_4326_x2688_y1680.png,K-35-065-1_Radetski_4326,431748.55457615375,4677262.189296251,50,2026-04-20T06:41:52.227450+00:00
3781,0.2,not_mound,not_mound,K-35-065-1_Radetski_4326_x3024_y1344.png,K-35-065-1_Radetski_4326,432828.2599528604,4680067.338749975,50,2026-04-20T06:46:12.607049+00:00
3794,0.4,not_mound,not_mound,K-35-065-1_Radetski_4326_x336_y1008.png,K-35-065-1_Radetski_4326,420045.53779907624,4682049.418703494,50,2026-04-20T06:41:53.747186+00:00
3804,1.0,mound,burial_mound,K-35-065-1_Radetski_4326_x336_y336.png,K-35-065-1_Radetski_4326,418778.64738940686,4684284.428449504,50,2026-04-20T05:42:28.227875+00:00
3805,0.2,not_mound,not_mound,K-35-065-1_Radetski_4326_x336_y336.png,K-35-065-1_Radetski_4326,420375.6103750528,4684149.184069196,50,2026-04-20T06:46:14.201999+00:00
3807,1.0,mound,burial_mound,K-35-065-1_Radetski_4326_x3696_y1344.png,K-35-065-1_Radetski_4326,436765.7400118271,4680130.284556825,50,2026-04-20T05:43:09.536074+00:00
3809,0.2,not_mound,not_mound,K-35-065-1_Radetski_4326_x3696_y3024.png,K-35-065-1_Radetski_4326,437376.8380974909,4671767.480670832,50,2026-04-20T06:46:15.613858+00:00
3822,0.85,mound,bench_mark_on_mound,K-35-065-2_GManastir_4326_x0_y1008.png,K-35-065-2_GManastir_4326,438110.33305742027,4680939.699079741,50,2026-04-20T06:34:39.701059+00:00
3832,0.85,not_mound,not_mound,K-35-065-1_Radetski_4326_x3696_y0.png,K-35-065-1_Radetski_4326,435667.8071586567,4686230.51581177,50,2026-04-20T06:34:41.148300+00:00
3838,1.0,not_mound,not_mound,K-35-065-2_GManastir_4326_x1008_y0.png,K-35-065-2_GManastir_4326,442872.7467249288,4686231.397768117,50,2026-04-20T05:44:45.150159+00:00
3841,0.2,not_mound,not_mound,K-35-065-2_GManastir_4326_x1008_y336.png,K-35-065-2_GManastir_4326,443214.3855740594,4683718.716835948,50,2026-04-20T06:46:16.695327+00:00
3848,0.2,not_mound,not_mound,K-35-065-1_Radetski_4326_x3024_y672.png,K-35-065-1_Radetski_4326,433111.5589582546,4683623.867692154,50,2026-04-20T06:46:17.965472+00:00
3861,0.2,not_mound,not_mound,K-35-065-2_GManastir_4326_x1344_y3360.png,K-35-065-2_GManastir_4326,444839.00595583394,4670030.15239608,50,2026-04-20T06:46:19.042195+00:00
3864,0.15,not_mound,not_mound,K-35-065-2_GManastir_4326_x1344_y3360.png,K-35-065-2_GManastir_4326,445828.9399379884,4669388.880612429,50,2026-04-20T07:05:06.763425+00:00
3870,0.75,not_mound,not_mound,K-35-065-1_Radetski_4326_x336_y1680.png,K-35-065-1_Radetski_4326,420240.7094261388,4678141.128245699,50,2026-04-20T06:39:53.994114+00:00
3940,0.15,not_mound,not_mound,K-35-065-2_GManastir_4326_x4032_y3024.png,K-35-065-2_GManastir_4326,458153.8072082269,4670454.1566659855,50,2026-04-20T07:05:07.998569+00:00
3957,1.0,not_mound,not_mound,K-35-065-3_Glavan_4326_x0_y1008.png,K-35-065-3_Glavan_4326,417923.7206606116,4663007.039505737,50,2026-04-20T05:45:23.048290+00:00
3960,0.2,not_mound,not_mound,K-35-065-2_GManastir_4326_x3024_y1008.png,K-35-065-2_GManastir_4326,454210.62231566745,4681286.401947228,50,2026-04-20T06:46:20.333212+00:00
3962,0.2,not_mound,not_mound,K-35-065-2_GManastir_4326_x3696_y3360.png,K-35-065-2_GManastir_4326,457823.947906786,4668654.552950812,50,2026-04-20T06:46:21.723979+00:00
3964,0.4,not_mound,not_mound,K-35-065-3_Glavan_4326_x0_y1344.png,K-35-065-3_Glavan_4326,418448.86028414784,4660323.271556526,50,2026-04-20T06:41:55.232848+00:00
3997,0.3,mound,trig_point_on_mound,K-35-065-3_Glavan_4326_x2352_y2688.png,K-35-065-3_Glavan_4326,429306.3271327612,4653554.680044778,50,2026-04-20T06:42:58.789957+00:00
4026,0.65,not_mound,not_mound,K-35-065-3_Glavan_4326_x3360_y1680.png,K-35-065-3_Glavan_4326,434884.5693466793,4659576.672766456,50,2026-04-20T06:40:45.976780+00:00
4034,0.95,mound,trig_point_on_mound,K-35-065-3_Glavan_4326_x3360_y2688.png,K-35-065-3_Glavan_4326,434782.1059698891,4655171.856919441,50,2026-04-20T06:23:31.514537+00:00
4040,1.0,mound,burial_mound,K-35-065-3_Glavan_4326_x3360_y2016.png,K-35-065-3_Glavan_4326,435592.0852341337,4657230.566560297,50,2026-04-20T05:47:01.659133+00:00
4047,1.0,mound,burial_mound,K-35-065-3_Glavan_4326_x3360_y2352.png,K-35-065-3_Glavan_4326,435105.7683036696,4655872.211525408,50,2026-04-20T05:47:37.710616+00:00
4062,0.4,not_mound,not_mound,K-35-065-3_Glavan_4326_x4032_y2688.png,K-35-065-3_Glavan_4326,437289.94451254915,4653709.3515718,50,2026-04-20T06:41:56.653159+00:00
4065,1.0,mound,bench_mark_on_mound,K-35-065-3_Glavan_4326_x672_y2016.png,K-35-065-3_Glavan_4326,420553.3483795434,4656903.740938016,50,2026-04-20T05:47:39.417979+00:00
4108,1.0,not_mound,not_mound,K-35-065-3_Glavan_4326_x336_y336.png,K-35-065-3_Glavan_4326,418951.7684993962,4665404.4551251875,50,2026-04-20T05:48:52.758811+00:00
4112,0.85,not_mound,not_mound,K-35-065-4_x2688_y0.png,K-35-065-4,452768.0067450397,4666652.07531699,50,2026-04-20T06:34:42.332818+00:00
4119,0.2,not_mound,not_mound,K-35-065-4_x336_y2688.png,K-35-065-4,441318.1118265231,4653232.0132768,50,2026-04-20T06:46:22.660701+00:00
4124,0.15,mound,burial_mound,K-35-065-4_x336_y3024.png,K-35-065-4,440983.02771075023,4653007.724252504,50,2026-04-20T07:05:10.053237+00:00
4149,0.95,not_mound,not_mound,K-35-065-4_x4032_y1680.png,K-35-065-4,458079.4220338332,4659842.122446263,50,2026-04-20T06:23:32.897627+00:00
4161,1.0,mound,bench_mark_on_mound,K-35-066-1_x1008_y1680.png,K-35-066-1,464740.04992000415,4678018.100622369,50,2026-04-20T05:48:54.505753+00:00
4163,0.15,not_mound,not_mound,K-35-066-1_x1008_y3360.png,K-35-066-1,465473.0762706349,4668985.572953682,50,2026-04-20T07:05:11.432939+00:00
4204,0.3,not_mound,not_mound,K-35-066-1_x1680_y0.png,K-35-066-1,467029.82160834136,4685148.449658866,50,2026-04-20T06:42:59.853508+00:00
4207,0.95,not_mound,not_mound,K-35-066-1_x1008_y1008.png,K-35-066-1,463729.9073476634,4680054.111720311,50,2026-04-20T06:23:34.576192+00:00
4223,1.0,mound,burial_mound,K-35-066-1_x2352_y1008.png,K-35-066-1,472280.9443010242,4680301.74630429,50,2026-04-20T05:48:56.133034+00:00
4224,0.15,not_mound,not_mound,K-35-066-1_x1344_y3360.png,K-35-066-1,465477.2078748946,4669053.395202817,50,2026-04-20T07:05:12.860105+00:00
4228,1.0,mound,burial_mound,K-35-066-1_x3024_y3024.png,K-35-066-1,474450.51301087084,4669892.324880336,50,2026-04-20T05:48:57.468249+00:00
4242,1.0,mound,burial_mound,K-35-066-1_x3360_y2016.png,K-35-066-1,476000.84869046556,4674950.701763226,50,2026-04-20T05:49:58.376186+00:00
4245,0.85,mound,bench_mark_on_mound,K-35-066-1_x3360_y1680.png,K-35-066-1,477271.2635885318,4677258.892274232,50,2026-04-20T06:34:43.586357+00:00
4272,0.4,mound,burial_mound,K-35-066-1_x2352_y1344.png,K-35-066-1,472051.575298593,4678860.963800755,50,2026-04-20T06:41:58.446998+00:00
4275,1.0,mound,burial_mound,K-35-066-1_x2688_y1008.png,K-35-066-1,473059.4039788038,4680155.5917993765,50,2026-04-20T05:51:05.603829+00:00
4276,0.15,not_mound,not_mound,K-35-066-1_x1344_y1008.png,K-35-066-1,465984.4350909417,4681037.169214007,50,2026-04-20T07:05:13.914103+00:00
4294,0.85,mound,burial_mound,K-35-066-1_x3696_y3360.png,K-35-066-1,477265.7008461858,4668582.477293361,50,2026-04-20T06:34:45.978123+00:00
4307,0.85,not_mound,not_mound,K-35-066-1_x2016_y2016.png,K-35-066-1,470199.49884526903,4676719.917656451,50,2026-04-20T06:34:47.691134+00:00
4312,0.85,mound,bench_mark_on_mound,K-35-066-1_x3360_y1680.png,K-35-066-1,477264.0576733034,4677250.032779284,50,2026-04-20T06:34:49.047213+00:00
4320,0.95,mound,burial_mound,K-35-066-1_x672_y0.png,K-35-066-1,463262.3371029935,4685081.11943813,50,2026-04-20T06:23:36.601220+00:00
4324,0.95,not_mound,not_mound,K-35-066-2_x0_y2352.png,K-35-066-2,479399.77054800425,4673256.650539423,50,2026-04-20T06:23:38.022631+00:00
4330,0.95,mound,burial_mound,K-35-066-2_x1008_y0.png,K-35-066-2,485474.2254364619,4684937.2029628465,50,2026-04-20T06:23:39.480658+00:00
4331,0.2,not_mound,not_mound,K-35-066-2_x0_y1008.png,K-35-066-2,480778.66661486455,4679987.3235877985,50,2026-04-20T06:46:23.679071+00:00
4342,0.95,not_mound,not_mound,K-35-066-2_x1344_y1680.png,K-35-066-2,486138.958485023,4676813.886296285,50,2026-04-20T06:23:40.953700+00:00
4343,1.0,not_mound,not_mound,K-35-066-2_x1008_y336.png,K-35-066-2,486136.1006109855,4683555.0275769485,50,2026-04-20T05:51:41.689253+00:00
4347,1.0,not_mound,not_mound,K-35-066-2_x0_y3360.png,K-35-066-2,479386.5218734087,4668106.286562448,50,2026-04-20T05:51:42.769365+00:00
4350,0.85,not_mound,not_mound,K-35-066-1_x3360_y3696.png,K-35-066-1,476624.7140901892,4668302.992703203,50,2026-04-20T06:34:50.059281+00:00
4361,0.2,not_mound,not_mound,K-35-066-1_x672_y1680.png,K-35-066-1,463041.7423113597,4677517.2761716535,50,2026-04-20T06:46:24.625129+00:00
4362,0.15,not_mound,not_mound,K-35-066-1_x672_y1680.png,K-35-066-1,463139.0220641955,4677504.662363471,50,2026-04-20T07:05:14.936847+00:00
4363,0.2,not_mound,not_mound,K-35-066-1_x672_y1680.png,K-35-066-1,463009.2976367774,4677418.734850691,50,2026-04-20T06:46:25.570408+00:00
4371,0.95,not_mound,not_mound,K-35-066-2_x2016_y1680.png,K-35-066-2,490962.68090460665,4676513.346685619,50,2026-04-20T06:23:42.247298+00:00
4382,1.0,not_mound,not_mound,K-35-066-2_x2688_y3360.png,K-35-066-2,494271.73682297126,4668237.145155121,50,2026-04-20T05:51:44.097544+00:00
4386,1.0,not_mound,not_mound,K-35-066-1_x672_y336.png,K-35-066-1,463836.1599535423,4684301.5357038975,50,2026-04-20T05:51:45.299677+00:00
4393,1.0,not_mound,not_mound,K-35-066-2_x3360_y2016.png,K-35-066-2,496515.12470867956,4674759.626708495,50,2026-04-20T05:51:47.210437+00:00
4407,1.0,not_mound,not_mound,K-35-066-2_x3360_y3024.png,K-35-066-2,496372.32312957954,4670851.007203042,50,2026-04-20T05:51:48.499720+00:00
4410,1.0,mound,trig_point_on_mound,K-35-066-2_x336_y2016.png,K-35-066-2,482666.96088692755,4675209.704772208,50,2026-04-20T05:51:50.148531+00:00
4416,0.95,mound,bench_mark_on_mound,K-35-066-2_x3360_y1344.png,K-35-066-2,497912.34556849446,4679158.22538664,50,2026-04-20T06:23:44.462773+00:00
4426,1.0,not_mound,not_mound,K-35-066-2_x4032_y2016.png,K-35-066-2,499724.0766103596,4675803.148437654,50,2026-04-20T05:52:28.552230+00:00
4439,0.95,mound,bench_mark_on_mound,K-35-066-3_x0_y2688.png,K-35-066-3,458798.4426634744,4653957.408559688,50,2026-04-20T06:23:46.001104+00:00
4442,0.2,not_mound,not_mound,K-35-066-2_x672_y1008.png,K-35-066-2,483689.3647984101,4680814.055645155,50,2026-04-20T06:46:26.434945+00:00
4450,0.4,not_mound,not_mound,K-35-066-2_x672_y3360.png,K-35-066-2,484271.23694372,4668404.366908203,50,2026-04-20T06:41:59.684427+00:00
4461,0.4,not_mound,not_mound,K-35-066-1_x336_y0.png,K-35-066-1,462091.06750973035,4686771.255574939,50,2026-04-20T06:42:04.242877+00:00
4471,0.2,not_mound,not_mound,K-35-066-3_x1680_y2016.png,K-35-066-3,468049.6876984467,4657098.369378763,50,2026-04-20T06:46:27.368911+00:00
4473,1.0,not_mound,not_mound,K-35-066-2_x3696_y336.png,K-35-066-2,499175.9575352402,4685063.889239432,50,2026-04-20T05:52:30.946543+00:00
4475,1.0,mound,burial_mound,K-35-066-3_x1008_y672.png,K-35-066-3,463578.31020888395,4664792.096320778,50,2026-04-20T05:52:36.020127+00:00
4481,0.95,mound,burial_mound,K-35-066-2_x336_y1680.png,K-35-066-2,481211.351321477,4677732.47923503,50,2026-04-20T06:23:47.173078+00:00
4503,0.2,not_mound,not_mound,K-35-066-3_x2016_y2016.png,K-35-066-3,470265.24629371334,4657041.411370956,50,2026-04-20T06:46:28.395379+00:00
4513,0.95,mound,burial_mound,K-35-066-3_x3024_y1008.png,K-35-066-3,475518.73834820546,4661485.657468081,50,2026-04-20T06:23:48.255789+00:00
4516,1.0,mound,burial_mound,K-35-066-3_x3024_y3360.png,K-35-066-3,473893.48869568505,4650706.528724626,50,2026-04-20T05:52:38.243355+00:00
4522,0.95,mound,bench_mark_on_mound,K-35-066-3_x2352_y1008.png,K-35-066-3,471767.02696066024,4662233.247809027,50,2026-04-20T06:23:49.538858+00:00
4528,0.95,not_mound,not_mound,K-35-066-3_x3360_y672.png,K-35-066-3,477235.8665289201,4663635.165594147,50,2026-04-20T06:24:05.259486+00:00
4542,1.0,mound,burial_mound,K-35-066-3_x3024_y0.png,K-35-066-3,473695.5693796427,4667844.639486297,50,2026-04-20T05:53:29.248816+00:00
4548,1.0,mound,burial_mound,K-35-066-3_x336_y672.png,K-35-066-3,462021.32064436906,4663358.292213815,50,2026-04-20T05:53:30.492502+00:00
4558,0.2,not_mound,not_mound,K-35-066-3_x4032_y3360.png,K-35-066-3,478922.3152844996,4650388.236127992,50,2026-04-20T06:46:29.400385+00:00
4562,1.0,mound,burial_mound,K-35-066-3_x2352_y672.png,K-35-066-3,471028.08333722386,4663663.461090555,50,2026-04-20T05:53:35.389893+00:00
4577,1.0,mound,burial_mound,K-35-066-3_x336_y1008.png,K-35-066-3,461964.54934436036,4663269.547883823,50,2026-04-20T05:53:36.600072+00:00
4591,0.85,not_mound,not_mound,K-35-066-4_x1344_y1680.png,K-35-066-4,487779.60744861735,4658091.794520266,50,2026-04-20T06:34:51.257781+00:00
4594,0.3,mound,burial_mound,K-35-066-4_x1344_y2016.png,K-35-066-4,487821.0388014328,4658084.95018608,50,2026-04-20T06:43:01.363881+00:00
4597,0.95,not_mound,not_mound,K-35-066-4_x1680_y0.png,K-35-066-4,488512.672987492,4667439.414112999,50,2026-04-20T06:24:55.423113+00:00
4599,1.0,mound,burial_mound,K-35-066-4_x1680_y0.png,K-35-066-4,489373.1117108968,4666425.118853398,50,2026-04-20T05:53:37.975894+00:00
4615,0.2,not_mound,not_mound,K-35-066-4_x2016_y336.png,K-35-066-4,489370.51160820393,4666454.213167174,50,2026-04-20T06:46:35.871662+00:00
4642,1.0,not_mound,not_mound,K-35-066-4_x3024_y336.png,K-35-066-4,495574.69181628857,4664936.784691439,50,2026-04-20T05:54:11.920608+00:00
4648,0.2,not_mound,not_mound,K-35-066-4_x336_y336.png,K-35-066-4,480924.09264712187,4665041.786911064,50,2026-04-20T06:46:36.745056+00:00
4653,0.75,not_mound,not_mound,K-35-066-4_x3696_y2352.png,K-35-066-4,498937.5392697826,4655340.539957885,50,2026-04-20T06:39:55.050767+00:00
4657,0.2,not_mound,not_mound,K-35-066-4_x2688_y1008.png,K-35-066-4,493475.394511578,4662361.485805776,50,2026-04-20T06:46:38.214381+00:00
4674,0.95,mound,burial_mound,K-35-067-1_x0_y0.png,K-35-067-1,500421.19928151084,4685916.603057685,50,2026-04-20T06:24:57.403709+00:00
4675,1.0,mound,burial_mound,K-35-067-1_x0_y0.png,K-35-067-1,501371.6814982582,4685164.128577557,50,2026-04-20T05:54:13.451640+00:00
4687,0.85,mound,burial_mound,K-35-066-1_x2016_y1344.png,K-35-066-1,469434.3722822491,4680100.700482814,50,2026-04-20T06:34:53.169379+00:00
4688,1.0,not_mound,not_mound,K-35-066-4_x336_y3024.png,K-35-066-4,481695.7606833288,4653018.9398246985,50,2026-04-20T05:54:15.322465+00:00
4690,0.15,not_mound,not_mound,K-35-066-4_x336_y3024.png,K-35-066-4,482490.45676898916,4652182.428807991,50,2026-04-20T07:05:15.954508+00:00
4692,1.0,not_mound,not_mound,K-35-067-1_x1344_y2352.png,K-35-067-1,508155.0204495964,4673231.341940555,50,2026-04-20T05:54:17.812467+00:00
4709,0.2,not_mound,not_mound,K-35-067-1_x0_y336.png,K-35-067-1,500121.906159705,4683321.260565321,50,2026-04-20T06:46:39.188419+00:00
4733,0.2,not_mound,not_mound,K-35-067-1_x2688_y1008.png,K-35-067-1,514230.9728538941,4680848.617469277,50,2026-04-20T06:46:40.054387+00:00
4736,0.75,mound,burial_mound,K-35-067-1_x1680_y3024.png,K-35-067-1,509483.6132635864,4670000.283747928,50,2026-04-20T06:39:56.491914+00:00
4741,0.95,mound,burial_mound,K-35-067-1_x336_y672.png,K-35-067-1,502671.9131228088,4681934.834804119,50,2026-04-20T06:24:58.429867+00:00
4749,1.0,mound,burial_mound,K-35-067-1_x336_y0.png,K-35-067-1,502338.78874617117,4685584.097086731,50,2026-04-20T05:54:19.194003+00:00
4753,1.0,not_mound,not_mound,K-35-067-1_x3696_y3360.png,K-35-067-1,520256.47795740544,4668474.547963808,50,2026-04-20T05:54:21.358366+00:00
4769,0.95,mound,burial_mound,K-35-067-2_x0_y672.png,K-35-067-2,521966.80696141924,4682949.586022599,50,2026-04-20T06:25:40.501819+00:00
4778,0.7,not_mound,not_mound,K-35-067-1_x336_y2352.png,K-35-067-1,502884.79397951305,4674052.628867301,50,2026-04-20T06:40:37.355276+00:00
4784,1.0,mound,burial_mound,K-35-067-2_x1344_y2016.png,K-35-067-2,528291.5141430179,4676673.933526405,50,2026-04-20T05:54:23.974377+00:00
4786,0.2,not_mound,not_mound,K-35-067-2_x0_y3360.png,K-35-067-2,520531.4793118483,4668295.469801902,50,2026-04-20T06:46:41.119872+00:00
4787,0.4,not_mound,not_mound,K-35-067-2_x0_y3360.png,K-35-067-2,520594.7883286037,4668283.218743238,50,2026-04-20T06:42:05.279566+00:00
4800,1.0,not_mound,not_mound,K-35-067-2_x2016_y1680.png,K-35-067-2,530978.8284586142,4676608.644669289,50,2026-04-20T05:55:05.360989+00:00
4808,0.95,mound,burial_mound,K-35-067-2_x1344_y3360.png,K-35-067-2,528168.7883720088,4669567.318213324,50,2026-04-20T06:26:27.674490+00:00
4836,1.0,not_mound,not_mound,K-35-067-2_x3024_y3024.png,K-35-067-2,537488.0165062916,4669992.471019706,50,2026-04-20T05:55:07.286481+00:00
4845,0.85,mound,burial_mound,K-35-067-2_x3360_y3024.png,K-35-067-2,537421.0568408605,4670004.884226257,50,2026-04-20T06:34:54.575599+00:00
4846,0.85,mound,burial_mound,K-35-067-2_x3024_y1680.png,K-35-067-2,537036.4932869244,4678028.458814047,50,2026-04-20T06:34:55.958775+00:00
4849,0.4,mound,burial_mound,K-35-067-2_x3360_y3360.png,K-35-067-2,538244.9600451371,4669861.074808452,50,2026-04-20T06:42:06.735161+00:00
4851,1.0,not_mound,not_mound,K-35-067-2_x3360_y3360.png,K-35-067-2,538760.5205952199,4668544.45141064,50,2026-04-20T05:55:09.265103+00:00
4855,0.95,mound,burial_mound,K-35-067-2_x2352_y3024.png,K-35-067-2,532856.0561533208,4670108.921886321,50,2026-04-20T06:26:28.832595+00:00
4856,0.4,not_mound,not_mound,K-35-067-2_x336_y2016.png,K-35-067-2,522199.6777968387,4676084.119302334,50,2026-04-20T06:42:07.798593+00:00
4868,1.0,mound,burial_mound,K-35-067-2_x2688_y3024.png,K-35-067-2,534633.6497215625,4671536.801813607,50,2026-04-20T05:55:10.993972+00:00
4874,0.4,mound,bench_mark_on_mound,K-35-067-2_x1344_y3024.png,K-35-067-2,528892.97224781,4670924.537819268,50,2026-04-20T06:42:09.061752+00:00
4882,1.0,mound,burial_mound,K-35-067-2_x672_y1344.png,K-35-067-2,524938.4680360748,4678596.58672599,50,2026-04-20T05:55:13.007645+00:00
4894,1.0,mound,burial_mound,K-35-067-3_x0_y1680.png,K-35-067-3,501481.46156925306,4657990.458757257,50,2026-04-20T05:55:14.423648+00:00
4911,1.0,not_mound,not_mound,K-35-067-3_x1008_y1008.png,K-35-067-3,505157.9949610821,4661772.446124581,50,2026-04-20T05:55:15.714893+00:00
4912,0.2,not_mound,not_mound,K-35-067-3_x1344_y2352.png,K-35-067-3,507994.1114233692,4655159.776001377,50,2026-04-20T06:46:51.410397+00:00
4922,1.0,mound,burial_mound,K-35-067-3_x1680_y672.png,K-35-067-3,510034.85138512525,4664536.932456153,50,2026-04-20T05:55:17.543721+00:00
4932,0.75,not_mound,not_mound,K-35-067-3_x3024_y672.png,K-35-067-3,516479.4709569931,4664321.753973217,50,2026-04-20T06:39:57.731423+00:00
4938,1.0,not_mound,not_mound,K-35-067-2_x3024_y3360.png,K-35-067-2,536802.618474667,4669744.57936656,50,2026-04-20T05:55:23.712907+00:00
4942,1.0,mound,burial_mound,K-35-067-2_x1680_y336.png,K-35-067-2,530587.0228209159,4685086.018034621,50,2026-04-20T05:55:25.603596+00:00
4954,0.95,not_mound,not_mound,K-35-067-3_x336_y672.png,K-35-067-3,503448.98288086144,4664622.909126374,50,2026-04-20T06:26:30.436705+00:00
4962,0.3,mound,burial_mound,K-35-067-4_x0_y0.png,K-35-067-4,521437.6342658483,4667069.696489466,50,2026-04-20T06:43:02.779161+00:00
4985,1.0,mound,burial_mound,K-35-067-4_x1680_y2016.png,K-35-067-4,530828.8622890441,4657530.751017875,50,2026-04-20T05:55:26.912127+00:00
4995,0.4,mound,burial_mound,K-35-067-4_x1680_y672.png,K-35-067-4,530213.1165406329,4664220.389201295,50,2026-04-20T06:42:11.800715+00:00
4998,0.85,not_mound,not_mound,K-35-067-4_x2016_y2016.png,K-35-067-4,530743.6392399891,4657514.391447981,50,2026-04-20T06:34:57.492882+00:00
4999,0.85,mound,burial_mound,K-35-067-4_x2016_y2016.png,K-35-067-4,530945.7888059606,4657448.32022027,50,2026-04-20T06:35:19.232688+00:00
5000,0.4,mound,burial_mound,K-35-067-4_x2016_y2016.png,K-35-067-4,531016.1966069931,4657353.029528217,50,2026-04-20T06:42:12.975475+00:00
5002,0.2,not_mound,not_mound,K-35-067-4_x2016_y672.png,K-35-067-4,531159.4325180636,4664285.793449432,50,2026-04-20T06:46:53.199680+00:00
5005,0.95,not_mound,not_mound,K-35-067-3_x672_y1008.png,K-35-067-3,505126.49429557635,4662912.268636895,50,2026-04-20T06:26:32.013643+00:00
5007,1.0,not_mound,not_mound,K-35-067-3_x672_y1008.png,K-35-067-3,504848.9873830419,4662194.922467347,50,2026-04-20T05:55:28.155157+00:00
5011,0.15,not_mound,not_mound,K-35-067-4_x2688_y2352.png,K-35-067-4,534519.5881864039,4654837.15136179,50,2026-04-20T07:05:17.408036+00:00
5017,0.15,mound,burial_mound,K-35-067-4_x2688_y0.png,K-35-067-4,534619.3632586868,4667451.744164023,50,2026-04-20T07:05:53.131541+00:00
5021,0.35,mound,burial_mound,K-35-067-4_x3360_y1680.png,K-35-067-4,537824.8607147294,4658875.453373364,50,2026-04-20T06:42:48.839081+00:00
5048,0.85,mound,burial_mound,K-35-067-4_x1008_y1008.png,K-35-067-4,525716.1754777193,4662652.333983317,50,2026-04-20T06:35:20.641158+00:00
5051,0.4,not_mound,not_mound,K-35-074-1_x0_y2688.png,K-35-074-1,293378.44661749026,4638213.301273154,50,2026-04-20T06:42:14.099619+00:00
5057,0.4,mound,burial_mound,K-35-067-4_x3360_y1344.png,K-35-067-4,537606.2269291328,4660915.316259892,50,2026-04-20T06:42:15.438565+00:00
5058,0.2,mound,bench_mark_on_mound,K-35-067-4_x3360_y1344.png,K-35-067-4,538149.2629893532,4660654.409317137,50,2026-04-20T06:46:55.725884+00:00
5062,0.4,not_mound,not_mound,K-35-074-1_x1344_y672.png,K-35-074-1,299854.35401981394,4647686.824771745,50,2026-04-20T06:42:16.541726+00:00
5077,1.0,not_mound,not_mound,K-35-074-1_x2352_y2688.png,K-35-074-1,304781.7239755118,4637455.479330671,50,2026-04-20T05:55:29.483800+00:00
5088,0.2,not_mound,not_mound,K-35-074-1_x336_y2352.png,K-35-074-1,294471.92193275434,4639145.486249694,50,2026-04-20T06:46:56.748423+00:00
5094,0.2,not_mound,not_mound,K-35-074-1_x672_y2688.png,K-35-074-1,296575.5258008132,4637940.655773624,50,2026-04-20T06:46:57.724524+00:00
5095,0.4,not_mound,not_mound,K-35-074-1_x672_y1008.png,K-35-074-1,296967.230606192,4646304.573281903,50,2026-04-20T06:42:17.666157+00:00
5096,0.2,not_mound,not_mound,K-35-074-2_x0_y2688.png,K-35-074-2,314237.7055467011,4637624.766273282,50,2026-04-20T06:47:00.473905+00:00
5098,1.0,mound,burial_mound,K-35-074-2_x0_y3024.png,K-35-074-2,314462.0688489771,4635186.70093767,50,2026-04-20T05:55:30.688077+00:00
5101,0.2,not_mound,not_mound,K-35-074-1_x672_y3360.png,K-35-074-1,296817.22336348414,4635481.611534346,50,2026-04-20T06:47:01.512000+00:00
5105,0.85,not_mound,not_mound,K-35-074-2_x0_y3360.png,K-35-074-2,314521.8896507665,4633504.044042934,50,2026-04-20T06:35:21.722234+00:00
5120,0.15,not_mound,not_mound,K-35-074-2_x2352_y2016.png,K-35-074-2,326065.30963868165,4640581.528054284,50,2026-04-20T07:05:54.031004+00:00
5160,0.2,not_mound,not_mound,K-35-074-2_x3696_y672.png,K-35-074-2,332813.99754976603,4647275.039429843,50,2026-04-20T06:47:03.625151+00:00
5176,1.0,not_mound,not_mound,K-35-074-3_x1344_y3360.png,K-35-074-3,299011.46015996294,4615577.4428529125,50,2026-04-20T05:55:31.924243+00:00
5188,0.95,not_mound,not_mound,K-35-074-3_x2016_y0.png,K-35-074-3,302240.78417037777,4632897.688974124,50,2026-04-20T06:26:33.748596+00:00
5196,1.0,mound,burial_mound,K-35-074-3_x2016_y1344.png,K-35-074-3,302476.9644426484,4625871.652621412,50,2026-04-20T05:55:33.211977+00:00
5199,0.75,mound,burial_mound,K-35-074-3_x2352_y336.png,K-35-074-3,305374.18084270647,4631977.10039697,50,2026-04-20T06:39:58.991566+00:00
5243,0.2,not_mound,not_mound,K-35-074-4_x0_y1008.png,K-35-074-4,313978.5936335434,4626866.04092833,50,2026-04-20T06:47:04.696374+00:00
5281,1.0,mound,bench_mark_on_mound,K-35-075-1_x0_y0.png,K-35-075-1,335594.7508960264,4649845.378565761,50,2026-04-20T05:55:34.589249+00:00
5282,0.85,mound,burial_mound,K-35-075-1_x0_y0.png,K-35-075-1,335463.18524055096,4649747.999103479,50,2026-04-20T06:35:22.755506+00:00
5285,0.2,mound,burial_mound,K-35-075-1_x1008_y336.png,K-35-075-1,339928.57526228647,4648651.218605931,50,2026-04-20T06:47:42.716877+00:00
5298,1.0,mound,burial_mound,K-35-075-1_x1008_y1680.png,K-35-075-1,338937.6828126012,4642781.997500317,50,2026-04-20T05:55:35.881605+00:00
5299,1.0,mound,burial_mound,K-35-075-1_x2016_y0.png,K-35-075-1,345836.37550263974,4651130.174807894,50,2026-04-20T05:55:37.057729+00:00
5302,1.0,mound,burial_mound,K-35-075-1_x2016_y1680.png,K-35-075-1,345824.384078682,4642563.649577413,50,2026-04-20T05:55:38.277778+00:00
5304,0.85,mound,burial_mound,K-35-075-1_x2016_y336.png,K-35-075-1,344292.0723463261,4648123.988393925,50,2026-04-20T06:35:23.749147+00:00
5323,1.0,mound,burial_mound,K-35-075-1_x2688_y1008.png,K-35-075-1,347878.39801750716,4645368.16539815,50,2026-04-20T05:56:25.697545+00:00
5331,0.95,mound,burial_mound,K-35-075-1_x2688_y2352.png,K-35-075-1,349101.0484630434,4639580.075717554,50,2026-04-20T06:26:36.836338+00:00
5332,0.95,mound,bench_mark_on_mound,K-35-075-1_x3024_y0.png,K-35-075-1,350147.9620022052,4651151.483829855,50,2026-04-20T06:26:38.111021+00:00
5355,0.95,mound,burial_mound,K-35-075-1_x672_y1008.png,K-35-075-1,338321.1253314803,4644691.888960112,50,2026-04-20T06:26:39.358307+00:00
5357,1.0,mound,burial_mound,K-35-075-1_x672_y1008.png,K-35-075-1,338787.7943698985,4644970.233691422,50,2026-04-20T05:56:27.519383+00:00
5369,0.4,not_mound,not_mound,K-35-075-2_x1008_y0.png,K-35-075-2,361307.0345910237,4649637.031592815,50,2026-04-20T06:42:19.250466+00:00
5373,0.95,mound,burial_mound,K-35-075-1_x672_y1680.png,K-35-075-1,337815.75428706093,4641449.51697121,50,2026-04-20T06:26:41.154655+00:00
5376,1.0,not_mound,not_mound,K-35-075-1_x3360_y0.png,K-35-075-1,350748.11591115315,4650249.487176471,50,2026-04-20T05:56:29.210071+00:00
5377,0.85,mound,bench_mark_on_mound,K-35-075-1_x3360_y0.png,K-35-075-1,352405.1196224649,4651220.882376989,50,2026-04-20T06:35:24.961093+00:00
5394,0.15,mound,burial_mound,K-35-075-2_x1344_y1680.png,K-35-075-2,362135.59551497083,4641980.485294803,50,2026-04-20T07:05:55.408675+00:00
5400,1.0,mound,burial_mound,K-35-075-2_x1680_y1344.png,K-35-075-2,363427.1535803296,4642717.522017135,50,2026-04-20T05:56:30.475602+00:00
5402,0.15,not_mound,not_mound,K-35-075-1_x3360_y1008.png,K-35-075-1,352169.4993671496,4646468.687966143,50,2026-04-20T07:05:57.354584+00:00
5428,0.3,not_mound,not_mound,K-35-075-2_x2352_y1344.png,K-35-075-2,366686.99194737547,4644249.734575272,50,2026-04-20T06:43:04.194941+00:00
5439,0.85,not_mound,not_mound,K-35-075-2_x2688_y1008.png,K-35-075-2,368900.4676817721,4645590.037685644,50,2026-04-20T06:36:10.385936+00:00
5443,1.0,not_mound,not_mound,K-35-075-2_x2688_y1008.png,K-35-075-2,368895.69440998515,4644235.18045422,50,2026-04-20T05:56:31.812795+00:00
5450,0.15,not_mound,not_mound,K-35-075-2_x1344_y336.png,K-35-075-2,361969.2022921357,4647921.993614917,50,2026-04-20T07:05:58.513245+00:00
5467,1.0,mound,burial_mound,K-35-075-2_x2016_y0.png,K-35-075-2,365776.83329114504,4650889.915479944,50,2026-04-20T05:57:00.225633+00:00
5468,0.2,not_mound,not_mound,K-35-075-2_x2016_y0.png,K-35-075-2,365972.80457878474,4649887.327568593,50,2026-04-20T06:47:44.544916+00:00
5480,1.0,not_mound,not_mound,K-35-075-2_x3360_y3024.png,K-35-075-2,373165.6087617253,4635066.434224948,50,2026-04-20T05:57:45.847873+00:00
5482,0.4,mound,burial_mound,K-35-075-2_x3360_y3024.png,K-35-075-2,373254.51959424757,4634178.438164376,50,2026-04-20T06:42:21.411328+00:00
5491,0.85,not_mound,not_mound,K-35-075-2_x3360_y1008.png,K-35-075-2,373140.71862475696,4644811.637418344,50,2026-04-20T06:36:32.989429+00:00
5515,0.85,mound,settlement_mound,K-35-075-2_x3696_y2352.png,K-35-075-2,373993.0924325616,4639324.999684466,50,2026-04-20T06:37:13.521180+00:00
5519,0.4,not_mound,not_mound,K-35-075-2_x4032_y1008.png,K-35-075-2,375425.3653165782,4644784.1988457795,50,2026-04-20T06:42:23.633217+00:00
5520,0.2,not_mound,not_mound,K-35-075-2_x672_y1680.png,K-35-075-2,359580.3743014168,4642007.387110068,50,2026-04-20T06:47:45.855000+00:00
5521,0.2,mound,burial_mound,K-35-075-2_x3696_y3024.png,K-35-075-2,373219.82102118304,4635108.007571313,50,2026-04-20T06:47:49.598186+00:00
5523,0.85,not_mound,not_mound,K-35-075-2_x3696_y3024.png,K-35-075-2,373469.68821755983,4634693.2903154,50,2026-04-20T06:37:16.734850+00:00
5529,1.0,not_mound,not_mound,K-35-075-1_x672_y2016.png,K-35-075-1,339041.3353331181,4640873.217006785,50,2026-04-20T05:57:47.149885+00:00
5532,0.95,mound,burial_mound,K-35-075-2_x672_y2688.png,K-35-075-2,359408.5731643733,4637064.256389991,50,2026-04-20T06:26:42.221655+00:00
5535,0.15,not_mound,not_mound,K-35-075-2_x672_y2352.png,K-35-075-2,358475.4772207516,4638586.039982716,50,2026-04-20T07:05:59.591034+00:00
5540,1.0,not_mound,not_mound,K-35-075-2_x3024_y3360.png,K-35-075-2,370087.5082157301,4634074.190865738,50,2026-04-20T05:57:48.571106+00:00
5553,1.0,not_mound,not_mound,K-35-075-2_x3360_y3696.png,K-35-075-2,373107.3444114628,4632571.941561027,50,2026-04-20T05:57:51.298098+00:00
5556,1.0,not_mound,not_mound,K-35-075-3_x1680_y2016.png,K-35-075-3,343385.1626148559,4621705.627769302,50,2026-04-20T05:58:39.563608+00:00
5569,0.4,not_mound,not_mound,K-35-075-3_x2016_y3360.png,K-35-075-3,344753.1563461907,4614642.65889661,50,2026-04-20T06:42:25.270007+00:00
5571,0.2,not_mound,not_mound,K-35-075-3_x2016_y1008.png,K-35-075-3,345404.2118255256,4626875.503153718,50,2026-04-20T06:47:50.699083+00:00
5573,0.2,not_mound,not_mound,K-35-075-3_x2352_y0.png,K-35-075-3,346987.0862689495,4631486.562414251,50,2026-04-20T06:47:51.601090+00:00
5588,0.2,not_mound,not_mound,K-35-075-3_x3360_y3024.png,K-35-075-3,350809.4629407163,4616104.743671764,50,2026-04-20T06:47:53.281793+00:00
5616,0.95,mound,burial_mound,K-35-075-3_x4032_y1008.png,K-35-075-3,353976.4178687191,4627526.899011846,50,2026-04-20T06:26:43.226793+00:00
5630,0.2,not_mound,not_mound,K-35-075-4_x0_y3360.png,K-35-075-4,355088.9738843676,4615466.696629991,50,2026-04-20T06:47:54.357860+00:00
5654,0.2,not_mound,not_mound,K-35-075-3_x3696_y2352.png,K-35-075-3,353163.15542056144,4620164.39716411,50,2026-04-20T06:47:55.298983+00:00
5665,0.2,not_mound,not_mound,K-35-075-3_x1008_y3360.png,K-35-075-3,339667.1426005652,4615446.95224803,50,2026-04-20T06:47:56.278312+00:00
5694,0.4,mound,burial_mound,K-35-075-4_x3024_y1680.png,K-35-075-4,371277.6958594966,4623379.075906649,50,2026-04-20T06:42:26.703675+00:00
5719,0.4,not_mound,not_mound,K-35-075-4_x4032_y1680.png,K-35-075-4,374723.19277807197,4622344.762758551,50,2026-04-20T06:42:27.857533+00:00
5739,0.85,not_mound,not_mound,K-35-075-4_x3696_y1008.png,K-35-075-4,374362.4067389063,4627565.277764421,50,2026-04-20T06:37:18.008676+00:00
5742,0.95,not_mound,not_mound,K-35-076-1_x1344_y1008.png,K-35-076-1,383979.92723850074,4644780.933156745,50,2026-04-20T06:26:44.405988+00:00
5756,1.0,mound,bench_mark_on_mound,K-35-076-1_x1680_y2352.png,K-35-076-1,385510.6176774031,4637581.654076402,50,2026-04-20T05:58:41.320052+00:00
5777,1.0,not_mound,not_mound,K-35-076-1_x3024_y1008.png,K-35-076-1,392406.7723883907,4644257.601373409,50,2026-04-20T05:58:43.239502+00:00
5798,0.85,mound,settlement_mound,K-35-076-1_x1680_y336.png,K-35-076-1,385001.2621974546,4648518.290779032,50,2026-04-20T06:37:48.562969+00:00
5799,0.4,not_mound,not_mound,K-35-076-1_x1680_y336.png,K-35-076-1,384671.47297661414,4648366.825229967,50,2026-04-20T06:42:36.131938+00:00
5819,1.0,not_mound,not_mound,K-35-076-1_x3360_y3024.png,K-35-076-1,394117.56440482003,4634727.962470473,50,2026-04-20T05:58:44.968113+00:00
5820,0.85,not_mound,not_mound,K-35-076-1_x3360_y3024.png,K-35-076-1,393998.43704157625,4634589.139563297,50,2026-04-20T06:37:50.003224+00:00
5821,0.2,mound,burial_mound,K-35-076-1_x336_y0.png,K-35-076-1,377527.3131946331,4650639.553290566,50,2026-04-20T07:00:33.319158+00:00
5828,0.85,mound,burial_mound,K-35-076-1_x3696_y1680.png,K-35-076-1,394953.4431122632,4641156.157586878,50,2026-04-20T06:37:51.208956+00:00
5845,0.85,not_mound,not_mound,K-35-076-1_x2688_y3024.png,K-35-076-1,390583.29494000605,4633698.786140626,50,2026-04-20T06:37:53.211838+00:00
5874,0.95,mound,bench_mark_on_mound,K-35-076-2_x1008_y672.png,K-35-076-2,402811.9004642337,4646118.003845018,50,2026-04-20T06:26:45.658297+00:00
5875,1.0,mound,burial_mound,K-35-076-2_x1344_y2016.png,K-35-076-2,402892.2952224354,4639374.345881368,50,2026-04-20T05:58:46.349920+00:00
5877,0.95,mound,burial_mound,K-35-076-2_x1344_y1008.png,K-35-076-2,403556.8253006466,4643672.279435309,50,2026-04-20T06:26:46.727345+00:00
5878,0.95,mound,burial_mound,K-35-075-4_x3360_y336.png,K-35-075-4,371479.88622426696,4630781.158236053,50,2026-04-20T06:26:47.870560+00:00
5883,0.2,mound,trig_point_on_mound,K-35-076-2_x1344_y1008.png,K-35-076-2,404614.5213429703,4643873.883803432,50,2026-04-20T07:00:34.756164+00:00
5887,1.0,mound,burial_mound,K-35-076-2_x1680_y1344.png,K-35-076-2,406151.0510558194,4643424.549679571,50,2026-04-20T05:58:47.353105+00:00
5890,0.3,mound,burial_mound,K-35-076-2_x0_y1008.png,K-35-076-2,396963.44812189246,4643967.502796561,50,2026-04-20T06:43:05.390375+00:00
5891,0.85,mound,burial_mound,K-35-076-2_x0_y1008.png,K-35-076-2,397246.68804465386,4643818.920032617,50,2026-04-20T06:37:54.345857+00:00
5892,0.95,mound,burial_mound,K-35-076-2_x0_y336.png,K-35-076-2,397317.6679783171,4647029.908198905,50,2026-04-20T06:26:48.852802+00:00
5893,1.0,mound,burial_mound,K-35-076-2_x0_y336.png,K-35-076-2,397606.7257744635,4646971.093957641,50,2026-04-20T05:58:54.879931+00:00
5894,1.0,mound,burial_mound,K-35-076-2_x0_y672.png,K-35-076-2,397550.7214402244,4645950.204763678,50,2026-04-20T05:59:41.219238+00:00
5898,1.0,not_mound,not_mound,K-35-076-2_x1344_y336.png,K-35-076-2,404626.4427096287,4648327.628139977,50,2026-04-20T05:59:42.293873+00:00
5899,0.95,mound,burial_mound,K-35-076-2_x1344_y336.png,K-35-076-2,404567.4992113196,4647733.85404234,50,2026-04-20T06:26:49.916207+00:00
5900,1.0,mound,burial_mound,K-35-076-2_x1344_y336.png,K-35-076-2,404629.44622459204,4647151.448274803,50,2026-04-20T05:59:44.416076+00:00
5901,1.0,not_mound,not_mound,K-35-076-2_x1680_y3024.png,K-35-076-2,406087.2851247274,4635038.666594695,50,2026-04-20T06:00:18.949254+00:00
5904,1.0,mound,burial_mound,K-35-076-2_x2016_y0.png,K-35-076-2,407333.99488016934,4649450.110510247,50,2026-04-20T06:00:21.099962+00:00
5905,1.0,mound,burial_mound,K-35-076-2_x2016_y0.png,K-35-076-2,407989.4970393891,4649427.58439352,50,2026-04-20T06:00:22.254719+00:00
5906,0.2,mound,burial_mound,K-35-076-2_x2016_y0.png,K-35-076-2,408034.1939334155,4649079.530657296,50,2026-04-20T07:00:35.935316+00:00
5913,1.0,mound,burial_mound,K-35-076-2_x1680_y336.png,K-35-076-2,404642.3228605278,4648115.862683961,50,2026-04-20T06:00:23.120519+00:00
5914,0.95,mound,burial_mound,K-35-076-2_x1680_y336.png,K-35-076-2,404656.43010977947,4647155.1946325535,50,2026-04-20T06:26:50.989481+00:00
5915,1.0,mound,bench_mark_on_mound,K-35-076-2_x1680_y336.png,K-35-076-2,405929.07422662125,4647128.441210018,50,2026-04-20T06:00:24.422634+00:00
5919,0.85,mound,burial_mound,K-35-076-2_x0_y336.png,K-35-076-2,396397.74491793435,4647536.802875588,50,2026-04-20T06:37:55.281449+00:00
5921,1.0,mound,burial_mound,K-35-076-2_x0_y336.png,K-35-076-2,397612.08090363885,4647330.832146787,50,2026-04-20T06:00:25.480764+00:00
5928,0.95,mound,burial_mound,K-35-076-2_x2688_y336.png,K-35-076-2,410350.849584759,4646907.419421593,50,2026-04-20T06:26:52.012854+00:00
5932,1.0,mound,burial_mound,K-35-076-2_x2352_y0.png,K-35-076-2,409725.69735200715,4649756.299428223,50,2026-04-20T06:00:26.464322+00:00
5933,0.95,mound,bench_mark_on_mound,K-35-076-2_x2688_y0.png,K-35-076-2,410343.60989428737,4648616.87658711,50,2026-04-20T06:26:53.260901+00:00
5934,0.95,mound,burial_mound,K-35-076-2_x3024_y2688.png,K-35-076-2,412716.17898027564,4636788.175984376,50,2026-04-20T06:26:54.313833+00:00
5935,0.95,mound,burial_mound,K-35-076-2_x3360_y0.png,K-35-076-2,413282.65990446706,4649975.7631560145,50,2026-04-20T06:26:55.370419+00:00
5936,0.95,mound,bench_mark_on_mound,K-35-076-2_x3360_y0.png,K-35-076-2,413696.56818440196,4649742.73391455,50,2026-04-20T06:26:56.926726+00:00
5937,1.0,mound,burial_mound,K-35-076-2_x3360_y0.png,K-35-076-2,413918.5261349977,4649588.6792052435,50,2026-04-20T06:00:33.957865+00:00
5944,0.85,mound,burial_mound,K-35-076-2_x3024_y0.png,K-35-076-2,411993.9965647888,4648567.783710568,50,2026-04-20T06:37:56.214339+00:00
5945,0.95,mound,burial_mound,K-35-076-2_x3024_y336.png,K-35-076-2,411888.3493701041,4648099.918568912,50,2026-04-20T06:26:57.985693+00:00
5947,0.95,mound,burial_mound,K-35-076-2_x3024_y1008.png,K-35-076-2,412575.03038813896,4644125.048680253,50,2026-04-20T06:26:59.249000+00:00
5956,0.75,mound,burial_mound,K-35-076-2_x2016_y2352.png,K-35-076-2,407816.3531265127,4636879.347872217,50,2026-04-20T06:40:00.017585+00:00
5957,1.0,not_mound,not_mound,K-35-076-2_x336_y1008.png,K-35-076-2,398048.5545501846,4643529.624971608,50,2026-04-20T06:01:08.190713+00:00
5959,1.0,mound,burial_mound,K-35-076-2_x336_y672.png,K-35-076-2,398245.63205126295,4646791.772116844,50,2026-04-20T06:01:11.985190+00:00
5960,1.0,mound,burial_mound,K-35-076-2_x336_y672.png,K-35-076-2,398154.67340878106,4646188.166718372,50,2026-04-20T06:01:13.505220+00:00
5961,0.95,mound,trig_point_on_mound,K-35-076-2_x336_y672.png,K-35-076-2,398931.52156299306,4646324.322625787,50,2026-04-20T06:27:00.635542+00:00
5963,0.2,not_mound,not_mound,K-35-076-2_x3024_y1344.png,K-35-076-2,412342.27527872974,4642790.693440999,50,2026-04-20T07:00:37.367245+00:00
5971,0.85,mound,burial_mound,K-35-076-2_x3360_y336.png,K-35-076-2,413727.15653261147,4648102.752828131,50,2026-04-20T06:37:57.109650+00:00
5972,1.0,mound,bench_mark_on_mound,K-35-076-2_x3360_y336.png,K-35-076-2,414885.2043957837,4648154.617590733,50,2026-04-20T06:01:15.717098+00:00
5976,0.95,mound,bench_mark_on_mound,K-35-076-2_x336_y1344.png,K-35-076-2,399372.6493894706,4643487.208219806,50,2026-04-20T06:27:01.777225+00:00
5979,0.85,mound,bench_mark_on_mound,K-35-076-2_x3696_y336.png,K-35-076-2,414915.63298019883,4648135.596858295,50,2026-04-20T06:37:58.897946+00:00
5983,0.2,mound,bench_mark_on_mound,K-35-076-2_x672_y1008.png,K-35-076-2,399881.9889916392,4644015.064349415,50,2026-04-20T07:00:38.657081+00:00
5984,1.0,mound,burial_mound,K-35-076-2_x3696_y1008.png,K-35-076-2,415383.11389363016,4644395.09134118,50,2026-04-20T06:01:17.087555+00:00
5985,1.0,not_mound,not_mound,K-35-076-2_x3696_y1008.png,K-35-076-2,416458.2037402859,4643729.7556100935,50,2026-04-20T06:01:18.398992+00:00
5987,1.0,mound,burial_mound,K-35-076-2_x672_y1344.png,K-35-076-2,400599.7920333457,4643164.322030781,50,2026-04-20T06:01:20.903047+00:00
5988,0.85,mound,burial_mound,K-35-076-2_x672_y1344.png,K-35-076-2,400664.57145754294,4643112.221355275,50,2026-04-20T06:38:00.027665+00:00
6011,1.0,not_mound,not_mound,K-35-076-3_x1680_y336.png,K-35-076-3,383996.09525975486,4629951.65149107,50,2026-04-20T06:01:23.758909+00:00
6020,0.15,not_mound,not_mound,K-35-076-3_x0_y2688.png,K-35-076-3,375885.3191541045,4618503.44347993,50,2026-04-20T07:06:00.712516+00:00
6028,0.85,mound,burial_mound,K-35-076-2_x672_y336.png,K-35-076-2,400509.1688984543,4648406.711061411,50,2026-04-20T06:38:01.065693+00:00
6030,0.3,not_mound,not_mound,K-35-076-3_x0_y672.png,K-35-076-3,376776.69822965364,4627640.942641289,50,2026-04-20T06:43:06.497215+00:00
6033,0.7,mound,burial_mound,K-35-076-2_x3696_y3024.png,K-35-076-2,414836.8765124136,4633433.95275699,50,2026-04-20T06:40:38.897328+00:00
6034,0.2,not_mound,not_mound,K-35-076-3_x1008_y1680.png,K-35-076-3,381454.37725310575,4623215.146875252,50,2026-04-20T07:00:40.372497+00:00
6042,0.15,not_mound,not_mound,K-35-076-3_x2688_y336.png,K-35-076-3,389690.46830338275,4629970.97655452,50,2026-04-20T07:06:01.766978+00:00
6057,0.4,not_mound,not_mound,K-35-076-3_x3024_y1680.png,K-35-076-3,391216.12755836715,4622921.413915301,50,2026-04-20T06:42:37.254644+00:00
6066,0.85,not_mound,not_mound,K-35-076-3_x336_y336.png,K-35-076-3,377106.9048947558,4630261.539181814,50,2026-04-20T06:38:02.650147+00:00
6093,1.0,not_mound,not_mound,K-35-076-4_x1008_y0.png,K-35-076-4,401125.49743890425,4630065.689826393,50,2026-04-20T06:02:16.536367+00:00
6102,1.0,not_mound,not_mound,K-35-076-3_x336_y1008.png,K-35-076-3,376744.80878888484,4625647.709418707,50,2026-04-20T06:02:19.369267+00:00
6118,1.0,mound,burial_mound,K-35-076-4_x1008_y336.png,K-35-076-4,400933.5811276148,4629855.025581628,50,2026-04-20T06:02:20.791600+00:00
6125,1.0,not_mound,not_mound,K-35-076-4_x1680_y1344.png,K-35-076-4,406103.8221866675,4625033.00672893,50,2026-04-20T06:02:22.249507+00:00
6126,0.95,not_mound,not_mound,K-35-076-4_x2352_y1008.png,K-35-076-4,409566.74518057966,4625942.671159708,50,2026-04-20T06:27:03.189952+00:00
6130,0.2,mound,burial_mound,K-35-076-4_x1008_y3024.png,K-35-076-4,401686.26882225694,4615086.38298079,50,2026-04-20T07:00:42.369251+00:00
6147,0.15,not_mound,not_mound,K-35-076-4_x2352_y2016.png,K-35-076-4,408868.25021405704,4620358.679885683,50,2026-04-20T07:06:02.905539+00:00
6178,1.0,mound,burial_mound,K-35-076-4_x3696_y1344.png,K-35-076-4,415071.8639638423,4625147.79289396,50,2026-04-20T06:02:27.839686+00:00
6193,1.0,mound,trig_point_on_mound,K-35-077-1_x0_y3024.png,K-35-077-1,418399.38366341335,4633963.2623151345,50,2026-04-20T06:02:29.053661+00:00
6196,0.15,not_mound,not_mound,K-35-077-1_x1008_y672.png,K-35-077-1,422836.62368080317,4645630.740109448,50,2026-04-20T07:06:03.959564+00:00
6197,0.15,not_mound,not_mound,K-35-077-1_x1008_y672.png,K-35-077-1,423230.60790028994,4645205.729565593,50,2026-04-20T07:06:04.921633+00:00
6200,0.15,mound,bench_mark_on_mound,K-35-077-1_x0_y3360.png,K-35-077-1,416922.57374505646,4632092.151303624,50,2026-04-20T07:06:06.671574+00:00
6217,0.85,mound,burial_mound,K-35-077-1_x2016_y1344.png,K-35-077-1,428430.7762026188,4642671.66815175,50,2026-04-20T06:38:03.684827+00:00
6227,1.0,not_mound,not_mound,K-35-076-4_x1008_y336.png,K-35-076-4,400955.8026714785,4630037.504417173,50,2026-04-20T06:02:30.436151+00:00
6239,0.85,not_mound,not_mound,K-35-077-1_x2688_y1680.png,K-35-077-1,430757.0479367984,4640760.403286088,50,2026-04-20T06:38:05.106619+00:00
6240,0.95,not_mound,not_mound,K-35-077-1_x2016_y3360.png,K-35-077-1,428094.48473117774,4632560.150639024,50,2026-04-20T06:27:05.370247+00:00
6246,0.95,mound,burial_mound,K-35-077-1_x2688_y2688.png,K-35-077-1,431581.69705517776,4634788.892262708,50,2026-04-20T06:27:06.541356+00:00
6256,0.85,mound,burial_mound,K-35-077-1_x2688_y3360.png,K-35-077-1,431039.415865942,4632179.072382254,50,2026-04-20T06:38:26.869605+00:00
6265,1.0,mound,burial_mound,K-35-077-1_x3360_y1680.png,K-35-077-1,434315.01391386957,4640937.180229013,50,2026-04-20T06:02:31.755340+00:00
6274,1.0,not_mound,not_mound,K-35-077-1_x1008_y1008.png,K-35-077-1,422344.58779083926,4644860.6914918125,50,2026-04-20T06:03:30.855480+00:00
6276,0.95,not_mound,not_mound,K-35-077-1_x336_y3024.png,K-35-077-1,418681.1372635488,4633947.383270202,50,2026-04-20T06:27:07.795222+00:00
6277,0.95,mound,bench_mark_on_mound,K-35-077-1_x3024_y1008.png,K-35-077-1,433119.7099644138,4644849.219039419,50,2026-04-20T06:27:09.475240+00:00
6278,1.0,not_mound,not_mound,K-35-077-1_x3024_y1008.png,K-35-077-1,433509.5777215158,4644624.369354495,50,2026-04-20T06:03:32.134335+00:00
6281,0.75,not_mound,not_mound,K-35-077-1_x3360_y336.png,K-35-077-1,433795.0347378998,4647902.017306352,50,2026-04-20T06:40:01.126350+00:00
6290,1.0,mound,burial_mound,K-35-077-1_x3696_y1008.png,K-35-077-1,437259.24364134145,4644298.342301738,50,2026-04-20T06:03:33.923524+00:00
6292,0.2,not_mound,not_mound,K-35-077-1_x2688_y1008.png,K-35-077-1,431280.2969510886,4643900.5116476435,50,2026-04-20T07:00:43.668797+00:00
6297,0.2,not_mound,not_mound,K-35-077-1_x2352_y3360.png,K-35-077-1,429672.96474019275,4632665.771877694,50,2026-04-20T07:00:47.897322+00:00
6298,0.7,mound,burial_mound,K-35-077-1_x3360_y0.png,K-35-077-1,435350.79050712526,4649881.488354412,50,2026-04-20T06:40:40.020594+00:00
6303,1.0,mound,burial_mound,K-35-077-1_x2352_y2352.png,K-35-077-1,430489.7269528848,4637251.075399795,50,2026-04-20T06:03:35.130814+00:00
6308,0.95,mound,bench_mark_on_mound,K-35-077-2_x0_y3024.png,K-35-077-2,438711.48758222774,4634531.7965185195,50,2026-04-20T06:27:10.593540+00:00
6310,1.0,mound,burial_mound,K-35-077-2_x0_y3024.png,K-35-077-2,439419.86398984585,4633165.559713675,50,2026-04-20T06:03:39.909940+00:00
6317,1.0,not_mound,not_mound,K-35-077-2_x0_y1344.png,K-35-077-2,437697.4947293281,4643173.452442784,50,2026-04-20T06:03:41.887553+00:00
6318,0.95,mound,bench_mark_on_mound,K-35-077-2_x0_y1344.png,K-35-077-2,438294.49783295084,4642772.951837664,50,2026-04-20T06:27:11.560245+00:00
6321,1.0,mound,burial_mound,K-35-077-2_x0_y1680.png,K-35-077-2,439200.7356804624,4640391.958884919,50,2026-04-20T06:03:44.184352+00:00
6332,1.0,mound,burial_mound,K-35-077-2_x1008_y1008.png,K-35-077-2,443751.37826164305,4643254.866894656,50,2026-04-20T06:03:46.079727+00:00
6334,0.2,not_mound,not_mound,K-35-077-1_x336_y1344.png,K-35-077-1,420022.08978675737,4642182.999228789,50,2026-04-20T07:00:49.065753+00:00
6336,1.0,not_mound,not_mound,K-35-077-1_x4032_y672.png,K-35-077-1,437336.47886083106,4644925.578167199,50,2026-04-20T06:04:32.337258+00:00
6338,0.95,mound,bench_mark_on_mound,K-35-077-2_x1344_y2688.png,K-35-077-2,444858.7415508268,4634621.368035701,50,2026-04-20T06:27:12.920379+00:00
6341,0.2,mound,burial_mound,K-35-077-2_x1008_y2688.png,K-35-077-2,442726.48570801615,4634600.990965779,50,2026-04-20T07:00:51.438537+00:00
6349,0.95,not_mound,not_mound,K-35-077-2_x1680_y2352.png,K-35-077-2,446857.75428192643,4636855.714159841,50,2026-04-20T06:27:14.253076+00:00
6350,1.0,mound,burial_mound,K-35-077-2_x1680_y2688.png,K-35-077-2,446638.02947970445,4634850.0957095,50,2026-04-20T06:04:34.458550+00:00
6373,1.0,mound,burial_mound,K-35-077-2_x2016_y3360.png,K-35-077-2,449480.06209597416,4632224.33885971,50,2026-04-20T06:04:35.546406+00:00
6377,0.2,mound,burial_mound,K-35-077-2_x0_y1008.png,K-35-077-2,438172.8207475665,4643977.429528236,50,2026-04-20T07:00:52.971988+00:00
6380,0.95,not_mound,not_mound,K-35-077-2_x0_y1008.png,K-35-077-2,437876.57125310454,4643268.487076018,50,2026-04-20T06:27:16.451677+00:00
6381,0.95,not_mound,not_mound,K-35-077-2_x2688_y1680.png,K-35-077-2,451325.54350170266,4640104.565691198,50,2026-04-20T06:27:17.685321+00:00
6400,0.85,not_mound,not_mound,K-35-077-2_x3360_y3360.png,K-35-077-2,454935.7577233755,4631354.711632615,50,2026-04-20T06:38:28.124006+00:00
6401,1.0,not_mound,not_mound,K-35-077-1_x2352_y3024.png,K-35-077-1,430546.6715881071,4634921.491884337,50,2026-04-20T06:04:36.970898+00:00
6410,1.0,mound,burial_mound,K-35-077-2_x2016_y3360.png,K-35-077-2,449506.6832133757,4632219.931093644,50,2026-04-20T06:04:38.761667+00:00
6411,1.0,mound,burial_mound,K-35-077-2_x2016_y3360.png,K-35-077-2,449644.122898418,4632059.073189786,50,2026-04-20T06:04:39.873834+00:00
6433,0.2,not_mound,not_mound,K-35-077-2_x2688_y3360.png,K-35-077-2,452200.07449493784,4631678.077730341,50,2026-04-20T07:00:54.279651+00:00
6442,0.85,mound,burial_mound,K-35-077-2_x336_y3024.png,K-35-077-2,439875.3754519493,4633959.82205196,50,2026-04-20T06:38:29.252907+00:00
6463,0.2,not_mound,not_mound,K-35-077-2_x336_y2688.png,K-35-077-2,440605.34529059165,4635061.162711639,50,2026-04-20T07:00:55.567994+00:00
6470,0.2,mound,settlement_mound,K-35-077-2_x2016_y3024.png,K-35-077-2,448575.02892444574,4633235.206653828,50,2026-04-20T07:02:06.970379+00:00
6476,0.95,mound,trig_point_on_mound,K-35-077-3_x1680_y1344.png,K-35-077-3,425753.56488960155,4624701.065036646,50,2026-04-20T06:27:19.606418+00:00
6477,0.2,mound,burial_mound,K-35-077-3_x1680_y1344.png,K-35-077-3,425703.516957254,4624628.4110488035,50,2026-04-20T07:02:09.314243+00:00
6481,0.85,mound,burial_mound,K-35-077-3_x1344_y2016.png,K-35-077-3,425152.0633658164,4621108.713094165,50,2026-04-20T06:38:30.533737+00:00
6482,0.7,not_mound,not_mound,K-35-077-3_x1344_y2016.png,K-35-077-3,425208.32379377633,4620913.587237415,50,2026-04-20T06:40:41.144378+00:00
6484,0.2,mound,burial_mound,K-35-077-2_x672_y3024.png,K-35-077-2,442766.4825972978,4634475.645079003,50,2026-04-20T07:02:10.563930+00:00
6485,0.85,mound,bench_mark_on_mound,K-35-077-3_x1344_y1344.png,K-35-077-3,424081.3676250929,4624531.085422621,50,2026-04-20T06:38:31.812385+00:00
6487,1.0,mound,burial_mound,K-35-077-3_x1344_y2016.png,K-35-077-3,424423.18346217985,4620666.892894822,50,2026-04-20T06:04:41.825960+00:00
6490,1.0,mound,burial_mound,K-35-077-3_x1680_y336.png,K-35-077-3,425908.4741890687,4628671.850255439,50,2026-04-20T06:05:10.264537+00:00
6491,0.95,mound,burial_mound,K-35-077-3_x1680_y336.png,K-35-077-3,426623.4907788431,4628538.992209358,50,2026-04-20T06:27:55.112623+00:00
6527,0.15,not_mound,not_mound,K-35-077-3_x336_y2352.png,K-35-077-3,419202.78121314093,4618693.897342069,50,2026-04-20T07:06:08.512859+00:00
6531,0.75,not_mound,not_mound,K-35-077-3_x3360_y336.png,K-35-077-3,435081.278606835,4629904.758490558,50,2026-04-20T06:40:02.130410+00:00
6533,1.0,not_mound,not_mound,K-35-077-3_x1344_y336.png,K-35-077-3,424927.1840318813,4629180.444670171,50,2026-04-20T06:05:37.006197+00:00
6538,1.0,mound,burial_mound,K-35-077-3_x672_y0.png,K-35-077-3,420279.85784662986,4630717.673163042,50,2026-04-20T06:05:39.119702+00:00
6540,1.0,mound,burial_mound,K-35-077-3_x3696_y672.png,K-35-077-3,437140.0542800701,4626626.23565939,50,2026-04-20T06:05:40.414728+00:00
6551,0.2,not_mound,not_mound,K-35-077-4_x0_y1680.png,K-35-077-4,438016.2121203643,4621551.221864079,50,2026-04-20T07:02:11.674895+00:00
6555,0.7,mound,burial_mound,K-35-077-3_x672_y2688.png,K-35-077-3,420535.53641912143,4616686.064230459,50,2026-04-20T06:40:42.133645+00:00
6559,1.0,not_mound,not_mound,K-35-077-4_x1008_y1008.png,K-35-077-4,444364.00004711567,4625347.188338951,50,2026-04-20T06:05:41.677314+00:00
6563,1.0,not_mound,not_mound,K-35-077-4_x1344_y336.png,K-35-077-4,444704.83725828235,4628084.708970612,50,2026-04-20T06:05:42.763594+00:00
6570,1.0,mound,bench_mark_on_mound,K-35-077-4_x1680_y0.png,K-35-077-4,446579.2734565429,4630518.367328892,50,2026-04-20T06:05:44.108628+00:00
6575,1.0,not_mound,not_mound,K-35-077-4_x1344_y0.png,K-35-077-4,446058.33198655164,4631346.03821541,50,2026-04-20T06:06:30.149974+00:00
6590,0.2,not_mound,not_mound,K-35-077-4_x2352_y3024.png,K-35-077-4,450333.552785943,4615380.148917474,50,2026-04-20T07:02:13.091111+00:00
6595,1.0,mound,burial_mound,K-35-077-3_x3696_y1008.png,K-35-077-3,437047.80710205465,4625804.72709486,50,2026-04-20T06:06:32.276955+00:00
6599,1.0,not_mound,not_mound,K-35-077-4_x2016_y0.png,K-35-077-4,448803.90414253244,4631268.622378406,50,2026-04-20T06:06:33.632437+00:00
6639,0.15,not_mound,not_mound,K-35-077-3_x336_y336.png,K-35-077-3,418366.44574957946,4629437.456778035,50,2026-04-20T07:06:09.463041+00:00
6656,0.75,mound,burial_mound,K-35-050-4_x1344_y3696.png,K-35-050-4,322403.1033606132,4689142.6957073435,50,2026-04-20T06:40:03.192511+00:00
6664,1.0,not_mound,not_mound,K-35-050-4_x1008_y672.png,K-35-050-4,321204.64148453594,4702915.187763522,50,2026-04-20T06:07:06.364191+00:00
6675,0.95,mound,bench_mark_on_mound,K-35-050-4_x672_y336.png,K-35-050-4,319752.93474417005,4705085.042702971,50,2026-04-20T06:27:56.800121+00:00
6690,1.0,not_mound,not_mound,K-35-051-3_x336_y1008.png,K-35-051-3,338213.66272605094,4701960.446450869,50,2026-04-20T06:07:07.726949+00:00
6700,0.2,not_mound,not_mound,K-35-051-3_x672_y2016.png,K-35-051-3,340194.5980354758,4696075.541240698,50,2026-04-20T07:02:14.237505+00:00
6732,0.15,not_mound,not_mound,K-35-052-2_x2016_y0.png,K-35-052-2,408624.7652000391,4724438.210044804,50,2026-04-20T07:06:10.539906+00:00
6758,1.0,mound,bench_mark_on_mound,K-35-052-2_x1344_y3024.png,K-35-052-2,405674.84832295845,4709321.886506032,50,2026-04-20T06:07:09.412524+00:00
6759,1.0,mound,burial_mound,K-35-052-3_x672_y3024.png,K-35-052-3,381506.887607554,4689580.369032846,50,2026-04-20T06:07:11.029326+00:00
6766,0.95,not_mound,not_mound,K-35-052-3_x672_y3360.png,K-35-052-3,381227.0028856082,4688535.046569807,50,2026-04-20T06:27:58.588289+00:00
6767,0.85,not_mound,not_mound,K-35-053-1_x2352_y336.png,K-35-053-1,429586.8221344025,4720671.4508032715,50,2026-04-20T06:38:33.474280+00:00
6780,0.75,not_mound,not_mound,K-35-053-1_x2688_y2016.png,K-35-053-1,431593.6518956055,4713220.74254081,50,2026-04-20T06:40:05.023005+00:00
6796,0.75,mound,bench_mark_on_mound,K-35-053-2_x3696_y2016.png,K-35-053-2,457804.7655250712,4712073.456083577,50,2026-04-20T06:40:24.691196+00:00
6800,1.0,not_mound,not_mound,K-35-053-4_Boyadzhik_x1008_y2016.png,K-35-053-4_Boyadzhik,444467.8668796229,4693682.040109903,50,2026-04-20T06:07:12.671268+00:00
6810,0.4,not_mound,not_mound,K-35-053-4_Boyadzhik_x2352_y0.png,K-35-053-4_Boyadzhik,450832.2942163153,4703872.27636427,50,2026-04-20T06:42:38.764454+00:00
6816,0.2,not_mound,not_mound,K-35-053-4_Boyadzhik_x336_y3024.png,K-35-053-4_Boyadzhik,439823.51782386843,4688559.969938845,50,2026-04-20T07:02:15.285543+00:00
6817,1.0,mound,burial_mound,K-35-053-4_Boyadzhik_x2352_y336.png,K-35-053-4_Boyadzhik,451449.2094863349,4702880.992743643,50,2026-04-20T06:07:32.129226+00:00
6818,0.95,not_mound,not_mound,K-35-053-4_Boyadzhik_x4032_y1680.png,K-35-053-4_Boyadzhik,458384.1728141587,4696354.201580374,50,2026-04-20T06:27:59.933314+00:00
6831,1.0,mound,burial_mound,K-35-054-1_Straldzha_4326_x3360_y2352.png,K-35-054-1_Straldzha_4326,475836.14149439987,4711764.226413994,50,2026-04-20T06:08:29.444034+00:00
6832,1.0,not_mound,not_mound,K-35-054-1_Straldzha_4326_x3024_y0.png,K-35-054-1_Straldzha_4326,473864.21404265333,4722460.849794511,50,2026-04-20T06:08:31.868821+00:00
6839,0.95,not_mound,not_mound,K-35-054-2_Atolov_4326_x1008_y1008.png,K-35-054-2_Atolov_4326,484394.49301229336,4718215.103621384,50,2026-04-20T06:28:04.201021+00:00
6843,1.0,not_mound,not_mound,K-35-054-2_Atolov_4326_x1344_y1680.png,K-35-054-2_Atolov_4326,486250.6152364822,4713520.699749023,50,2026-04-20T06:08:36.126106+00:00
6847,0.85,not_mound,not_mound,K-35-054-2_Atolov_4326_x2352_y0.png,K-35-054-2_Atolov_4326,492681.6898755804,4721957.832822955,50,2026-04-20T06:38:34.518422+00:00
6848,0.85,mound,burial_mound,K-35-054-2_Atolov_4326_x336_y0.png,K-35-054-2_Atolov_4326,482797.33289973834,4722308.775263269,50,2026-04-20T06:38:36.052675+00:00
6853,1.0,not_mound,not_mound,K-35-054-3_Yambol_x1008_y0.png,K-35-054-3_Yambol,464565.4461508413,4704080.100523596,50,2026-04-20T06:08:38.743062+00:00
6860,0.3,not_mound,not_mound,K-35-054-2_Atolov_4326_x3696_y672.png,K-35-054-2_Atolov_4326,497986.84906057175,4719755.422112599,50,2026-04-20T06:43:08.076964+00:00
6861,0.15,not_mound,not_mound,K-35-054-3_Yambol_x1680_y3360.png,K-35-054-3_Yambol,468140.76191043033,4686894.379435134,50,2026-04-20T07:06:25.197250+00:00
6864,1.0,not_mound,not_mound,K-35-054-3_Yambol_x2688_y3024.png,K-35-054-3_Yambol,472322.030854914,4690015.651471976,50,2026-04-20T06:08:40.225496+00:00
6870,1.0,not_mound,not_mound,K-35-054-4_Voynika_x2016_y1680.png,K-35-054-4_Voynika,490696.0111881465,4696489.979103765,50,2026-04-20T06:09:24.829892+00:00
6873,0.15,not_mound,not_mound,K-35-054-4_Voynika_x2016_y1008.png,K-35-054-4_Voynika,490336.6043549892,4699603.848259769,50,2026-04-20T07:06:26.432048+00:00
6876,0.95,mound,burial_mound,K-35-054-4_Voynika_x2688_y2352.png,K-35-054-4_Voynika,493871.37186507107,4693468.935076658,50,2026-04-20T06:28:05.690160+00:00
6889,0.95,mound,burial_mound,K-35-055-1_x1344_y3360.png,K-35-055-1,508074.7413987528,4706974.11212344,50,2026-04-20T06:28:06.695247+00:00
6905,1.0,not_mound,not_mound,K-35-055-1_x3360_y2688.png,K-35-055-1,518468.22048776475,4708887.036299009,50,2026-04-20T06:09:25.933951+00:00
6917,0.2,not_mound,not_mound,K-35-055-2_x2688_y336.png,K-35-055-2,534885.9719581527,4722055.08046301,50,2026-04-20T07:02:17.318578+00:00
6937,1.0,not_mound,not_mound,K-35-055-3_x2352_y1008.png,K-35-055-3,511764.7501115077,4698798.051605332,50,2026-04-20T06:10:10.048500+00:00
6942,0.85,not_mound,not_mound,K-35-055-3_x3360_y2352.png,K-35-055-3,518363.38912957127,4692686.446281442,50,2026-04-20T06:38:37.138132+00:00
6948,0.95,not_mound,not_mound,K-35-055-2_x2352_y336.png,K-35-055-2,533559.6186831864,4720559.318378628,50,2026-04-20T06:28:07.964413+00:00
6950,0.85,mound,burial_mound,K-35-055-3_x672_y2016.png,K-35-055-3,503937.2551141549,4694765.931859785,50,2026-04-20T06:38:39.118225+00:00
6961,0.2,not_mound,not_mound,K-35-055-4_x3024_y2352.png,K-35-055-4,535580.8752376324,4692433.031341579,50,2026-04-20T07:02:19.035123+00:00
6965,0.15,not_mound,not_mound,K-35-055-4_x3024_y3360.png,K-35-055-4,536939.0478266239,4687133.393322336,50,2026-04-20T07:06:27.451882+00:00
6982,0.95,not_mound,not_mound,K-35-056-3_x336_y3024.png,K-35-056-3,543767.2517148177,4690372.00587038,50,2026-04-20T06:28:11.308988+00:00
7005,1.0,mound,bench_mark_on_mound,K-35-063-1_Granit_4326_x1008_y2688.png,K-35-063-1_Granit_4326,340707.6075324848,4673772.684921408,50,2026-04-20T06:10:11.329086+00:00
7006,0.15,mound,trig_point_on_mound,K-35-062-4_Asenovgrad_4326_x672_y672.png,K-35-062-4_Asenovgrad_4326,317718.6428928971,4665941.314043234,50,2026-04-20T07:06:29.187044+00:00
7013,0.95,mound,burial_mound,K-35-063-1_Granit_4326_x2016_y1008.png,K-35-063-1_Granit_4326,344467.67080679,4683313.329529182,50,2026-04-20T06:28:12.986735+00:00
7014,0.95,mound,burial_mound,K-35-063-1_Granit_4326_x2016_y1008.png,K-35-063-1_Granit_4326,344459.88519653294,4683203.962651935,50,2026-04-20T06:28:14.122413+00:00
7026,1.0,not_mound,not_mound,K-35-063-1_Granit_4326_x2016_y3024.png,K-35-063-1_Granit_4326,345351.4679580959,4671960.093300865,50,2026-04-20T06:11:13.339507+00:00
7027,0.95,not_mound,not_mound,K-35-063-1_Granit_4326_x2016_y3024.png,K-35-063-1_Granit_4326,345407.6486070417,4671963.748027421,50,2026-04-20T06:28:15.407245+00:00
7030,1.0,not_mound,not_mound,K-35-063-1_Granit_4326_x3696_y3024.png,K-35-063-1_Granit_4326,353968.92701471294,4671960.226422976,50,2026-04-20T06:11:16.227185+00:00
7032,0.2,not_mound,not_mound,K-35-063-1_Granit_4326_x2352_y1344.png,K-35-063-1_Granit_4326,347801.94638388575,4680714.3326489115,50,2026-04-20T07:02:20.662695+00:00
7034,1.0,not_mound,not_mound,K-35-063-1_Granit_4326_x2352_y2688.png,K-35-063-1_Granit_4326,347444.72740639455,4674912.778365928,50,2026-04-20T06:11:18.925021+00:00
7036,1.0,not_mound,not_mound,K-35-063-1_Granit_4326_x3696_y672.png,K-35-063-1_Granit_4326,354135.17724446923,4685518.46204053,50,2026-04-20T06:11:20.520980+00:00
7041,0.95,not_mound,not_mound,K-35-063-2_Chirpan_4326_x2352_y3696.png,K-35-063-2_Chirpan_4326,367738.4047464533,4669951.421517754,50,2026-04-20T06:28:16.552269+00:00
7044,0.85,not_mound,not_mound,K-35-063-2_Chirpan_4326_x3024_y1680.png,K-35-063-2_Chirpan_4326,370862.01848530094,4679016.81457833,50,2026-04-20T06:38:40.624928+00:00
7049,0.85,not_mound,not_mound,K-35-063-2_Chirpan_4326_x3360_y1344.png,K-35-063-2_Chirpan_4326,373506.99799002765,4681385.22927093,50,2026-04-20T06:38:42.042636+00:00
7067,0.2,not_mound,not_mound,K-35-063-3_Tatarevo_4326_x3360_y1008.png,K-35-063-3_Tatarevo_4326,351626.54426770564,4664056.837057067,50,2026-04-20T07:02:51.628429+00:00
7075,1.0,mound,burial_mound,K-35-063-4_Skobelevo_4326_x1008_y672.png,K-35-063-4_Skobelevo_4326,360714.59728779463,4665824.602955115,50,2026-04-20T06:11:23.449376+00:00
7076,1.0,not_mound,not_mound,K-35-063-4_Skobelevo_4326_x1008_y672.png,K-35-063-4_Skobelevo_4326,361566.2486898417,4665847.277580902,50,2026-04-20T06:11:25.097736+00:00
7080,0.2,not_mound,not_mound,K-35-063-3_Tatarevo_4326_x336_y3360.png,K-35-063-3_Tatarevo_4326,336897.3398347626,4652277.048368462,50,2026-04-20T07:02:53.234853+00:00
7094,0.85,mound,burial_mound,K-35-063-4_Skobelevo_4326_x2352_y2016.png,K-35-063-4_Skobelevo_4326,367008.1829980359,4658768.797330824,50,2026-04-20T06:38:43.173343+00:00
7095,0.15,not_mound,not_mound,K-35-064-1_Sredets_4326_x0_y0.png,K-35-064-1_Sredets_4326,376548.76364509005,4687680.346970238,50,2026-04-20T07:06:30.810726+00:00
7096,0.85,mound,burial_mound,K-35-064-1_Sredets_4326_x0_y0.png,K-35-064-1_Sredets_4326,376960.69676855847,4686634.792172274,50,2026-04-20T06:38:44.904962+00:00
7104,0.95,mound,burial_mound,K-35-064-1_Sredets_4326_x1680_y2016.png,K-35-064-1_Sredets_4326,385966.30922582326,4677730.014673161,50,2026-04-20T06:28:56.521311+00:00
7105,0.95,mound,burial_mound,K-35-064-1_Sredets_4326_x3696_y3360.png,K-35-064-1_Sredets_4326,395043.678866698,4670580.833221325,50,2026-04-20T06:28:57.631015+00:00
7109,0.95,not_mound,not_mound,K-35-064-2_Radnevo_4326_x1344_y336.png,K-35-064-2_Radnevo_4326,404356.76308872795,4684238.122892489,50,2026-04-20T06:28:58.913938+00:00
7116,0.85,not_mound,not_mound,K-35-064-2_Radnevo_4326_x2352_y336.png,K-35-064-2_Radnevo_4326,410079.053035955,4684643.310370981,50,2026-04-20T06:38:46.139053+00:00
7129,0.95,mound,bench_mark_on_mound,K-35-064-3_Dimitrovgrad_4326_x2016_y1008.png,K-35-064-3_Dimitrovgrad_4326,387256.14491287793,4664525.910904678,50,2026-04-20T06:29:00.544565+00:00
7130,0.95,not_mound,not_mound,K-35-064-3_Dimitrovgrad_4326_x2352_y1008.png,K-35-064-3_Dimitrovgrad_4326,387797.46824535145,4664210.087322823,50,2026-04-20T06:29:01.720402+00:00
7141,0.35,not_mound,not_mound,K-35-064-4_Galabovo_4326_x1344_y2688.png,K-35-064-4_Galabovo_4326,404633.9653025475,4654672.900022582,50,2026-04-20T06:42:50.300680+00:00
7165,0.2,not_mound,not_mound,K-35-065-1_Radetski_4326_x1344_y2352.png,K-35-065-1_Radetski_4326,424717.6367879213,4673743.798861645,50,2026-04-20T07:02:54.482241+00:00
7166,0.4,not_mound,not_mound,K-35-065-1_Radetski_4326_x1344_y1680.png,K-35-065-1_Radetski_4326,424080.53199018317,4678288.385121744,50,2026-04-20T06:42:39.800408+00:00
7174,0.95,not_mound,not_mound,K-35-065-1_Radetski_4326_x3360_y336.png,K-35-065-1_Radetski_4326,435802.2636255863,4684031.253158608,50,2026-04-20T06:29:25.403450+00:00
7176,1.0,not_mound,not_mound,K-35-065-2_GManastir_4326_x0_y1008.png,K-35-065-2_GManastir_4326,439266.2154339988,4681997.9570250455,50,2026-04-20T06:11:26.066638+00:00
7182,0.75,not_mound,not_mound,K-35-065-2_GManastir_4326_x2352_y1680.png,K-35-065-2_GManastir_4326,451409.88096790423,4677875.202065829,50,2026-04-20T06:40:26.486754+00:00
7201,0.95,not_mound,not_mound,K-35-065-2_GManastir_4326_x3024_y3024.png,K-35-065-2_GManastir_4326,453833.1041626808,4671929.966505506,50,2026-04-20T06:29:26.565584+00:00
7202,1.0,not_mound,not_mound,K-35-065-2_GManastir_4326_x3024_y3024.png,K-35-065-2_GManastir_4326,454789.2757168136,4670334.3701453665,50,2026-04-20T06:11:27.919655+00:00
7212,1.0,mound,burial_mound,K-35-065-3_Glavan_4326_x3024_y672.png,K-35-065-3_Glavan_4326,433238.032646972,4665522.898596273,50,2026-04-20T06:12:17.506964+00:00
7232,0.15,not_mound,not_mound,K-35-066-1_x1008_y0.png,K-35-066-1,463987.6274489011,4685999.752911408,50,2026-04-20T07:06:31.958389+00:00
7240,1.0,mound,bench_mark_on_mound,K-35-066-1_x2016_y1680.png,K-35-066-1,470096.0688701684,4676746.561214933,50,2026-04-20T06:12:18.977234+00:00
7244,1.0,not_mound,not_mound,K-35-066-1_x3360_y0.png,K-35-066-1,476444.3407860721,4685034.55873188,50,2026-04-20T06:12:20.814629+00:00
7250,0.15,mound,burial_mound,K-35-066-1_x3696_y672.png,K-35-066-1,478828.24093316955,4682077.510839708,50,2026-04-20T07:06:37.929317+00:00
7253,0.95,mound,burial_mound,K-35-066-1_x0_y3024.png,K-35-066-1,460330.84605459037,4670890.2606433015,50,2026-04-20T06:29:32.170626+00:00
7256,0.2,not_mound,not_mound,K-35-066-2_x1344_y2016.png,K-35-066-2,487288.44904768124,4675076.810591641,50,2026-04-20T07:02:55.678648+00:00
7268,0.95,mound,trig_point_on_mound,K-35-066-2_x336_y2688.png,K-35-066-2,480955.18115618924,4671560.782901864,50,2026-04-20T06:29:34.993664+00:00
7270,0.4,not_mound,not_mound,K-35-066-3_x0_y0.png,K-35-066-3,460376.1097708329,4667645.751842731,50,2026-04-20T06:42:40.711583+00:00
7273,0.95,mound,bench_mark_on_mound,K-35-066-2_x3360_y2016.png,K-35-066-2,496554.32120151987,4674753.500574438,50,2026-04-20T06:29:36.298106+00:00
7307,0.4,mound,burial_mound,K-35-066-4_x1680_y3360.png,K-35-066-4,488448.2866351959,4651323.167501581,50,2026-04-20T06:42:42.370257+00:00
7308,0.95,not_mound,not_mound,K-35-066-4_x1680_y3360.png,K-35-066-4,488432.50213625806,4651088.032904485,50,2026-04-20T06:29:37.706955+00:00
7309,0.95,not_mound,not_mound,K-35-066-4_x3360_y2352.png,K-35-066-4,496069.3120191914,4655302.24693408,50,2026-04-20T06:29:39.830272+00:00
7321,1.0,not_mound,not_mound,K-35-067-1_x672_y2688.png,K-35-067-1,505079.1177586209,4673131.740729312,50,2026-04-20T06:12:22.227501+00:00
7340,0.75,mound,burial_mound,K-35-067-2_x3024_y3360.png,K-35-067-2,537444.7733481983,4669986.578264164,50,2026-04-20T06:40:28.037843+00:00
7350,0.95,not_mound,not_mound,K-35-067-3_x0_y672.png,K-35-067-3,501750.2534465038,4663881.370986992,50,2026-04-20T06:29:41.451814+00:00
7354,0.15,not_mound,not_mound,K-35-067-3_x3360_y3360.png,K-35-067-3,517442.84331999894,4651026.775907055,50,2026-04-20T07:06:39.390223+00:00
7357,1.0,not_mound,not_mound,K-35-067-4_x0_y672.png,K-35-067-4,521876.3015532986,4663426.282712001,50,2026-04-20T06:12:24.069290+00:00
7371,0.2,mound,burial_mound,K-35-067-4_x2688_y1344.png,K-35-067-4,535266.4350970017,4660577.589818235,50,2026-04-20T07:02:57.835034+00:00
7376,1.0,mound,burial_mound,K-35-074-1_x0_y1344.png,K-35-074-1,294135.85345208296,4644481.948622607,50,2026-04-20T06:12:25.585517+00:00
7380,0.4,not_mound,not_mound,K-35-074-1_x2688_y336.png,K-35-074-1,306102.74702442624,4650312.762332636,50,2026-04-20T06:42:43.427347+00:00
7381,1.0,not_mound,not_mound,K-35-074-1_x2352_y3024.png,K-35-074-1,305317.4858948735,4635936.144860275,50,2026-04-20T06:12:27.173358+00:00
7399,0.2,not_mound,not_mound,K-35-074-2_x2352_y3360.png,K-35-074-2,325856.5008540418,4634243.103986336,50,2026-04-20T07:02:59.432677+00:00
7401,1.0,not_mound,not_mound,K-35-074-2_x2352_y2016.png,K-35-074-2,325684.96549234045,4640130.432310141,50,2026-04-20T06:13:00.750751+00:00
7433,0.15,not_mound,not_mound,K-35-074-4_x2688_y2352.png,K-35-074-4,326410.10054019594,4621208.732166162,50,2026-04-20T07:06:40.491071+00:00
7445,1.0,mound,burial_mound,K-35-075-1_x0_y672.png,K-35-075-1,334401.6466701585,4647095.955867434,50,2026-04-20T06:13:02.254069+00:00
7463,0.2,not_mound,not_mound,K-35-075-1_x3360_y2352.png,K-35-075-1,351504.2863324074,4638923.792037485,50,2026-04-20T07:03:00.473136+00:00
7468,0.2,not_mound,not_mound,K-35-075-1_x3696_y2352.png,K-35-075-1,353453.3365194006,4639072.672222925,50,2026-04-20T07:03:01.504864+00:00
7472,1.0,not_mound,not_mound,K-35-075-2_x1344_y1008.png,K-35-075-2,363093.4602184531,4644909.3183244085,50,2026-04-20T06:13:03.862089+00:00
7484,1.0,not_mound,not_mound,K-35-075-2_x2352_y672.png,K-35-075-2,367637.45694604795,4646114.840597312,50,2026-04-20T06:13:05.024357+00:00
7487,0.85,mound,bench_mark_on_mound,K-35-075-2_x3024_y0.png,K-35-075-2,370796.3683964055,4650581.523848655,50,2026-04-20T06:38:47.395279+00:00
7492,0.95,mound,bench_mark_on_mound,K-35-075-2_x4032_y2016.png,K-35-075-2,374882.06818929676,4639423.821634908,50,2026-04-20T06:29:42.881751+00:00
7496,0.2,not_mound,not_mound,K-35-075-3_x1344_y2688.png,K-35-075-3,341784.2917702098,4618350.205591715,50,2026-04-20T07:03:02.551163+00:00
7506,0.95,not_mound,not_mound,K-35-075-4_x1008_y672.png,K-35-075-4,361170.3620339453,4627876.278827735,50,2026-04-20T06:29:44.284638+00:00
7515,0.15,not_mound,not_mound,K-35-075-4_x3024_y1008.png,K-35-075-4,370691.8801044997,4626814.122097159,50,2026-04-20T07:06:41.803765+00:00
7521,1.0,mound,burial_mound,K-35-076-1_x2016_y0.png,K-35-076-1,386888.61969685106,4650408.182540738,50,2026-04-20T06:13:06.287177+00:00
7523,0.85,not_mound,not_mound,K-35-076-1_x2016_y0.png,K-35-076-1,386673.73888155527,4648926.291705396,50,2026-04-20T06:38:54.179078+00:00
7526,0.2,not_mound,not_mound,K-35-075-4_x1344_y3360.png,K-35-075-4,361740.951867194,4615571.807876215,50,2026-04-20T07:03:03.545379+00:00
7529,0.2,not_mound,not_mound,K-35-076-1_x3360_y0.png,K-35-076-1,393263.1590760601,4649316.736378872,50,2026-04-20T07:03:04.631484+00:00
7532,0.75,mound,burial_mound,K-35-076-2_x1008_y336.png,K-35-076-2,402672.32622842386,4647563.031372062,50,2026-04-20T06:40:29.230799+00:00
7535,0.15,not_mound,not_mound,K-35-076-2_x2016_y2016.png,K-35-076-2,407418.9352412918,4638476.48414836,50,2026-04-20T07:06:42.964269+00:00
7536,0.95,not_mound,not_mound,K-35-076-2_x2352_y2688.png,K-35-076-2,408189.8945709837,4636705.619127995,50,2026-04-20T06:29:45.685113+00:00
7539,0.2,not_mound,not_mound,K-35-076-2_x2016_y0.png,K-35-076-2,408036.9400322957,4649118.806585856,50,2026-04-20T07:03:05.999534+00:00
7542,1.0,mound,burial_mound,K-35-076-2_x3024_y2352.png,K-35-076-2,412601.2457845186,4636944.271785707,50,2026-04-20T06:13:09.982465+00:00
7545,1.0,mound,trig_point_on_mound,K-35-076-2_x336_y1008.png,K-35-076-2,398076.41411012714,4643529.55848051,50,2026-04-20T06:13:11.656334+00:00
7547,1.0,mound,burial_mound,K-35-076-2_x3360_y336.png,K-35-076-2,414534.3969978711,4648093.094880726,50,2026-04-20T06:13:39.776870+00:00
7548,0.95,mound,bench_mark_on_mound,K-35-076-2_x4032_y1008.png,K-35-076-2,416480.3271646439,4643912.053396248,50,2026-04-20T06:29:47.076999+00:00
7550,1.0,mound,burial_mound,K-35-076-2_x3696_y336.png,K-35-076-2,415322.03632923786,4648190.700154018,50,2026-04-20T06:13:41.347783+00:00
7551,0.2,not_mound,not_mound,K-35-076-2_x4032_y2016.png,K-35-076-2,416658.01018169324,4640136.229410687,50,2026-04-20T07:03:14.101251+00:00
7553,1.0,not_mound,not_mound,K-35-076-3_x1008_y1344.png,K-35-076-3,380298.21233176213,4625052.3344540335,50,2026-04-20T06:13:43.806987+00:00
7572,0.15,not_mound,not_mound,K-35-076-4_x0_y3024.png,K-35-076-4,396446.5348979776,4615945.592599908,50,2026-04-20T07:06:44.119194+00:00
7591,0.7,mound,bench_mark_on_mound,K-35-077-1_x0_y2688.png,K-35-077-1,417278.9929744468,4636362.270875647,50,2026-04-20T06:40:43.318352+00:00
7616,0.2,mound,burial_mound,K-35-077-2_x0_y2688.png,K-35-077-2,438525.17479868163,4634901.37296079,50,2026-04-20T07:03:15.638317+00:00
7621,1.0,mound,burial_mound,K-35-077-2_x1008_y3024.png,K-35-077-2,443948.4280322395,4634512.77328881,50,2026-04-20T06:13:45.704587+00:00
7633,0.85,mound,burial_mound,K-35-077-2_x336_y3360.png,K-35-077-2,440077.5745600745,4632535.541934081,50,2026-04-20T06:38:55.423763+00:00
7647,0.95,mound,burial_mound,K-35-077-3_x1344_y2016.png,K-35-077-3,425274.3724757341,4620739.567895227,50,2026-04-20T06:29:50.486848+00:00
7667,0.15,not_mound,not_mound,K-35-077-4_x1680_y2016.png,K-35-077-4,447259.45144762145,4620191.719185831,50,2026-04-20T07:06:45.065818+00:00
7680,1.0,mound,burial_mound,K-35-050-4_x2688_y3360.png,K-35-050-4,329200.69835127814,4689098.894955406,50,2026-04-20T06:13:47.253002+00:00
7695,1.0,not_mound,not_mound,K-35-052-2_x336_y1680.png,K-35-052-2,399433.1287966963,4715108.58154969,50,2026-04-20T06:13:48.905919+00:00
7700,1.0,mound,burial_mound,K-35-052-3_x336_y2688.png,K-35-052-3,378043.9670348574,4691633.906187947,50,2026-04-20T06:13:50.480822+00:00
7703,0.4,not_mound,not_mound,K-35-052-3_x4032_y2016.png,K-35-052-3,396659.5691881075,4694720.399950584,50,2026-04-20T06:42:44.423331+00:00
7711,1.0,not_mound,not_mound,K-35-053-2_x3360_y2016.png,K-35-053-2,455373.0782738781,4713789.844757815,50,2026-04-20T06:14:27.052158+00:00
7719,0.9,not_mound,not_mound,K-35-053-2_x672_y3360.png,K-35-053-2,443431.913099937,4706975.514210653,50,2026-04-20T06:29:59.850023+00:00
7726,1.0,not_mound,not_mound,K-35-054-1_Straldzha_4326_x1344_y3024.png,K-35-054-1_Straldzha_4326,467009.8962645831,4706922.30999823,50,2026-04-20T06:14:28.290782+00:00
7727,1.0,not_mound,not_mound,K-35-054-1_Straldzha_4326_x2352_y2016.png,K-35-054-1_Straldzha_4326,471863.0458437317,4712184.246908922,50,2026-04-20T06:14:48.720074+00:00
7729,0.4,mound,bench_mark_on_mound,K-35-054-1_Straldzha_4326_x672_y1680.png,K-35-054-1_Straldzha_4326,462797.99350652273,4714373.196901694,50,2026-04-20T06:42:45.664254+00:00
7734,1.0,mound,burial_mound,K-35-054-4_Voynika_x336_y1008.png,K-35-054-4_Voynika,482146.87768329756,4698353.597628892,50,2026-04-20T06:14:49.983732+00:00
7735,0.2,not_mound,not_mound,K-35-054-4_Voynika_x2688_y2688.png,K-35-054-4_Voynika,493353.9087313687,4690773.33347671,50,2026-04-20T07:03:16.703465+00:00
7738,1.0,mound,burial_mound,K-35-055-1_x4032_y1008.png,K-35-055-1,520089.11087097565,4718088.941902995,50,2026-04-20T06:15:02.528549+00:00
7750,0.95,not_mound,not_mound,K-35-062-4_Asenovgrad_4326_x3024_y2016.png,K-35-062-4_Asenovgrad_4326,329996.72027546307,4660156.746548308,50,2026-04-20T06:29:51.782089+00:00
7751,1.0,not_mound,not_mound,K-35-063-1_Granit_4326_x1344_y0.png,K-35-063-1_Granit_4326,341580.2918425085,4688283.9768946795,50,2026-04-20T06:15:04.428514+00:00
7754,1.0,not_mound,not_mound,K-35-063-1_Granit_4326_x3696_y1008.png,K-35-063-1_Granit_4326,354799.947323157,4683997.101252973,50,2026-04-20T06:15:06.073443+00:00
7756,0.95,not_mound,not_mound,K-35-063-2_Chirpan_4326_x0_y2016.png,K-35-063-2_Chirpan_4326,356659.9411394126,4676539.481394726,50,2026-04-20T06:29:53.219603+00:00
7769,1.0,not_mound,not_mound,K-35-063-1_Granit_4326_x2016_y1008.png,K-35-063-1_Granit_4326,344485.46756178775,4682653.366071184,50,2026-04-20T06:15:07.558322+00:00
7770,0.2,mound,burial_mound,K-35-063-4_Skobelevo_4326_x3360_y2352.png,K-35-063-4_Skobelevo_4326,371954.0863305337,4656511.534619102,50,2026-04-20T07:03:18.052081+00:00
7778,0.15,not_mound,not_mound,K-35-064-2_Radnevo_4326_x1344_y3360.png,K-35-064-2_Radnevo_4326,403280.8112146861,4670246.053246207,50,2026-04-20T07:06:46.079768+00:00
7781,0.85,not_mound,not_mound,K-35-064-3_Dimitrovgrad_4326_x0_y2016.png,K-35-064-3_Dimitrovgrad_4326,376595.10757685837,4657843.980608235,50,2026-04-20T06:38:57.200997+00:00
7783,1.0,not_mound,not_mound,K-35-063-4_Skobelevo_4326_x2688_y1008.png,K-35-063-4_Skobelevo_4326,368902.38484167284,4664663.636777323,50,2026-04-20T06:15:10.983000+00:00
7802,1.0,not_mound,not_mound,K-35-066-2_x2016_y1680.png,K-35-066-2,490511.198527404,4677724.210490856,50,2026-04-20T06:15:13.254529+00:00
7803,1.0,mound,burial_mound,K-35-066-2_x1344_y336.png,K-35-066-2,486180.08955394855,4683542.504848191,50,2026-04-20T06:15:14.846397+00:00
7814,0.2,not_mound,not_mound,K-35-066-4_x2688_y0.png,K-35-066-4,494314.31099108496,4667767.4448188525,50,2026-04-20T07:03:19.078769+00:00
7815,1.0,not_mound,not_mound,K-35-067-1_x1008_y336.png,K-35-067-1,506661.0686777986,4684889.681158431,50,2026-04-20T06:15:56.221214+00:00
7838,0.95,mound,bench_mark_on_mound,K-35-075-1_x1344_y0.png,K-35-075-1,342401.43716367637,4651408.215846817,50,2026-04-20T06:29:54.597389+00:00
7853,0.2,not_mound,not_mound,K-35-075-3_x0_y2688.png,K-35-075-3,334505.8301730514,4618029.860752688,50,2026-04-20T07:03:20.178926+00:00
7860,1.0,mound,burial_mound,K-35-076-3_x3696_y2016.png,K-35-076-3,395359.9825786437,4620307.979695908,50,2026-04-20T06:15:57.913715+00:00
7870,0.35,not_mound,not_mound,K-35-077-2_x3360_y3024.png,K-35-077-2,455377.07914005435,4634229.299188656,50,2026-04-20T06:42:51.663010+00:00
7872,0.95,mound,burial_mound,K-35-077-2_x336_y3024.png,K-35-077-2,440709.03135408834,4634135.934324496,50,2026-04-20T06:29:56.550928+00:00
7876,1.0,not_mound,not_mound,K-35-077-1_x2352_y3024.png,K-35-077-1,429526.7894295018,4634970.480942514,50,2026-04-20T06:15:59.573996+00:00
