{
  "K-35-078-1_Lesovo_x0_y0.png": [
    458353.8739645971,
    4647276.29806988,
    5.031472170927834,
    5.031472170927834
  ],
  "K-35-078-1_Lesovo_x448_y0.png": [
    460607.9734971728,
    4647276.29806988,
    5.031472170927834,
    5.031472170927834
  ],
  "K-35-078-1_Lesovo_x896_y0.png": [
    462862.07302974846,
    4647276.29806988,
    5.031472170927834,
    5.031472170927834
  ],
  "K-35-078-1_Lesovo_x1344_y0.png": [
    465116.17256232415,
    4647276.29806988,
    5.031472170927834,
    5.031472170927834
  ],
  "K-35-078-1_Lesovo_x1792_y0.png": [
    467370.2720948998,
    4647276.29806988,
    5.031472170927834,
    5.031472170927834
  ],
  "K-35-078-1_Lesovo_x2240_y0.png": [
    469624.3716274755,
    4647276.29806988,
    5.031472170927834,
    5.031472170927834
  ],
  "K-35-078-1_Lesovo_x2688_y0.png": [
    471878.4711600511,
    4647276.29806988,
    5.031472170927834,
    5.031472170927834
  ],
  "K-35-078-1_Lesovo_x3136_y0.png": [
    474132.5706926268,
    4647276.29806988,
    5.031472170927834,
    5.031472170927834
  ],
  "K-35-078-1_Lesovo_x3584_y0.png": [
    476386.67022520246,
    4647276.29806988,
    5.031472170927834,
    5.031472170927834
  ],
  "K-35-078-1_Lesovo_x4032_y0.png": [
    478640.76975777815,
    4647276.29806988,
    5.031472170927834,
    5.031472170927834
  ],
  "K-35-078-1_Lesovo_x0_y448.png": [
    458353.8739645971,
    4645022.198537304,
    5.031472170927834,
    5.031472170927834
  ],
  "K-35-078-1_Lesovo_x448_y448.png": [
    460607.9734971728,
    4645022.198537304,
    5.031472170927834,
    5.031472170927834
  ],
  "K-35-078-1_Lesovo_x896_y448.png": [
    462862.07302974846,
    4645022.198537304,
    5.031472170927834,
    5.031472170927834
  ],
  "K-35-078-1_Lesovo_x1344_y448.png": [
    465116.17256232415,
    4645022.198537304,
    5.031472170927834,
    5.031472170927834
  ],
  "K-35-078-1_Lesovo_x1792_y448.png": [
    467370.2720948998,
    4645022.198537304,
    5.031472170927834,
    5.031472170927834
  ],
  "K-35-078-1_Lesovo_x2240_y448.png": [
    469624.3716274755,
    4645022.198537304,
    5.031472170927834,
    5.031472170927834
  ],
  "K-35-078-1_Lesovo_x2688_y448.png": [
    471878.4711600511,
    4645022.198537304,
    5.031472170927834,
    5.031472170927834
  ],
  "K-35-078-1_Lesovo_x3136_y448.png": [
    474132.5706926268,
    4645022.198537304,
    5.031472170927834,
    5.031472170927834
  ],
  "K-35-078-1_Lesovo_x3584_y448.png": [
    476386.67022520246,
    4645022.198537304,
    5.031472170927834,
    5.031472170927834
  ],
  "K-35-078-1_Lesovo_x4032_y448.png": [
    478640.76975777815,
    4645022.198537304,
    5.031472170927834,
    5.031472170927834
  ],
  "K-35-078-1_Lesovo_x0_y896.png": [
    458353.8739645971,
    4642768.099004729,
    5.031472170927834,
    5.031472170927834
  ],
  "K-35-078-1_Lesovo_x448_y896.png": [
    460607.9734971728,
    4642768.099004729,
    5.031472170927834,
    5.031472170927834
  ],
  "K-35-078-1_Lesovo_x896_y896.png": [
    462862.07302974846,
    4642768.099004729,
    5.031472170927834,
    5.031472170927834
  ],
  "K-35-078-1_Lesovo_x1344_y896.png": [
    465116.17256232415,
    4642768.099004729,
    5.031472170927834,
    5.031472170927834
  ],
  "K-35-078-1_Lesovo_x1792_y896.png": [
    467370.2720948998,
    4642768.099004729,
    5.031472170927834,
    5.031472170927834
  ],
  "K-35-078-1_Lesovo_x2240_y896.png": [
    469624.3716274755,
    4642768.099004729,
    5.031472170927834,
    5.031472170927834
  ],
  "K-35-078-1_Lesovo_x2688_y896.png": [
    471878.4711600511,
    4642768.099004729,
    5.031472170927834,
    5.031472170927834
  ],
  "K-35-078-1_Lesovo_x3136_y896.png": [
    474132.5706926268,
    4642768.099004729,
    5.031472170927834,
    5.031472170927834
  ],
  "K-35-078-1_Lesovo_x3584_y896.png": [
    476386.67022520246,
    4642768.099004729,
    5.031472170927834,
    5.031472170927834
  ],
  "K-35-078-1_Lesovo_x4032_y896.png": [
    478640.76975777815,
    4642768.099004729,
    5.031472170927834,
    5.031472170927834
  ],
  "K-35-078-1_Lesovo_x0_y1344.png": [
    458353.8739645971,
    4640513.999472153,
    5.031472170927834,
    5.031472170927834
  ],
  "K-35-078-1_Lesovo_x448_y1344.png": [
    460607.9734971728,
    4640513.999472153,
    5.031472170927834,
    5.031472170927834
  ],
  "K-35-078-1_Lesovo_x896_y1344.png": [
    462862.07302974846,
    4640513.999472153,
    5.031472170927834,
    5.031472170927834
  ],
  "K-35-078-1_Lesovo_x1344_y1344.png": [
    465116.17256232415,
    4640513.999472153,
    5.031472170927834,
    5.031472170927834
  ],
  "K-35-078-1_Lesovo_x1792_y1344.png": [
    467370.2720948998,
    4640513.999472153,
    5.031472170927834,
    5.031472170927834
  ],
  "K-35-078-1_Lesovo_x2240_y1344.png": [
    469624.3716274755,
    4640513.999472153,
    5.031472170927834,
    5.031472170927834
  ],
  "K-35-078-1_Lesovo_x2688_y1344.png": [
    471878.4711600511,
    4640513.999472153,
    5.031472170927834,
    5.031472170927834
  ],
  "K-35-078-1_Lesovo_x3136_y1344.png": [
    474132.5706926268,
    4640513.999472153,
    5.031472170927834,
    5.031472170927834
  ],
  "K-35-078-1_Lesovo_x3584_y1344.png": [
    476386.67022520246,
    4640513.999472153,
    5.031472170927834,
    5.031472170927834
  ],
  "K-35-078-1_Lesovo_x4032_y1344.png": [
    478640.76975777815,
    4640513.999472153,
    5.031472170927834,
    5.031472170927834
  ],
  "K-35-078-1_Lesovo_x0_y1792.png": [
    458353.8739645971,
    4638259.899939577,
    5.031472170927834,
    5.031472170927834
  ],
  "K-35-078-1_Lesovo_x448_y1792.png": [
    460607.9734971728,
    4638259.899939577,
    5.031472170927834,
    5.031472170927834
  ],
  "K-35-078-1_Lesovo_x896_y1792.png": [
    462862.07302974846,
    4638259.899939577,
    5.031472170927834,
    5.031472170927834
  ],
  "K-35-078-1_Lesovo_x1344_y1792.png": [
    465116.17256232415,
    4638259.899939577,
    5.031472170927834,
    5.031472170927834
  ],
  "K-35-078-1_Lesovo_x1792_y1792.png": [
    467370.2720948998,
    4638259.899939577,
    5.031472170927834,
    5.031472170927834
  ],
  "K-35-078-1_Lesovo_x2240_y1792.png": [
    469624.3716274755,
    4638259.899939577,
    5.031472170927834,
    5.031472170927834
  ],
  "K-35-078-1_Lesovo_x2688_y1792.png": [
    471878.4711600511,
    4638259.899939577,
    5.031472170927834,
    5.031472170927834
  ],
  "K-35-078-1_Lesovo_x3136_y1792.png": [
    474132.5706926268,
    4638259.899939577,
    5.031472170927834,
    5.031472170927834
  ],
  "K-35-078-1_Lesovo_x3584_y1792.png": [
    476386.67022520246,
    4638259.899939577,
    5.031472170927834,
    5.031472170927834
  ],
  "K-35-078-1_Lesovo_x4032_y1792.png": [
    478640.76975777815,
    4638259.899939577,
    5.031472170927834,
    5.031472170927834
  ],
  "K-35-078-1_Lesovo_x0_y2240.png": [
    458353.8739645971,
    4636005.800407002,
    5.031472170927834,
    5.031472170927834
  ],
  "K-35-078-1_Lesovo_x448_y2240.png": [
    460607.9734971728,
    4636005.800407002,
    5.031472170927834,
    5.031472170927834
  ],
  "K-35-078-1_Lesovo_x896_y2240.png": [
    462862.07302974846,
    4636005.800407002,
    5.031472170927834,
    5.031472170927834
  ],
  "K-35-078-1_Lesovo_x1344_y2240.png": [
    465116.17256232415,
    4636005.800407002,
    5.031472170927834,
    5.031472170927834
  ],
  "K-35-078-1_Lesovo_x1792_y2240.png": [
    467370.2720948998,
    4636005.800407002,
    5.031472170927834,
    5.031472170927834
  ],
  "K-35-078-1_Lesovo_x2240_y2240.png": [
    469624.3716274755,
    4636005.800407002,
    5.031472170927834,
    5.031472170927834
  ],
  "K-35-078-1_Lesovo_x2688_y2240.png": [
    471878.4711600511,
    4636005.800407002,
    5.031472170927834,
    5.031472170927834
  ],
  "K-35-078-1_Lesovo_x3136_y2240.png": [
    474132.5706926268,
    4636005.800407002,
    5.031472170927834,
    5.031472170927834
  ],