map_name,source,n_neighbours_50m,n_neighbours_100m
K-35-042-3,student,0,0
K-35-042-3,student,0,0
K-35-042-3,student,0,0
K-35-042-3,student,0,0
K-35-042-3,student,0,0
K-35-042-3,student,0,0
K-35-042-3,student,0,0
K-35-042-3,student,0,0
K-35-042-3,student,0,0
K-35-042-3,student,0,0
K-35-042-3,student,0,0
K-35-042-3,student,0,0
K-35-042-3,student,1,1
K-35-042-3,student,0,0
K-35-042-3,student,0,0
K-35-042-3,student,0,0
K-35-042-3,student,0,0
K-35-042-3,student,0,0
K-35-042-3,reviewer_phantom,1,1
K-35-042-3,reviewer_phantom,0,0
K-35-050-4,student,0,0
K-35-050-4,student,0,0
K-35-050-4,student,0,0
K-35-050-4,student,0,1
K-35-050-4,student,1,1
K-35-050-4,student,0,0
K-35-050-4,student,0,0
K-35-050-4,student,0,0
K-35-050-4,student,0,0
K-35-050-4,student,0,0
K-35-050-4,student,0,0
K-35-050-4,student,0,1
K-35-050-4,student,0,1
K-35-050-4,student,0,0
K-35-050-4,student,0,0
K-35-050-4,student,0,0
K-35-050-4,student,0,1
K-35-050-4,student,0,0
K-35-050-4,student,0,0
K-35-050-4,student,0,0
K-35-050-4,student,0,1
K-35-050-4,student,1,1
K-35-050-4,student,0,0
K-35-050-4,student,0,0
K-35-050-4,student,0,0
K-35-050-4,student,0,0
K-35-050-4,student,0,0
K-35-050-4,student,0,0
K-35-050-4,student,0,0
K-35-050-4,student,0,0
K-35-050-4,student,0,2
K-35-050-4,student,1,2
K-35-050-4,student,0,0
K-35-050-4,student,0,0
K-35-050-4,student,0,0
K-35-050-4,student,0,1
K-35-050-4,student,0,2
K-35-050-4,student,0,1
K-35-050-4,student,0,0
K-35-050-4,student,0,0
K-35-050-4,student,0,0
K-35-050-4,student,0,0
K-35-050-4,student,0,0
K-35-050-4,student,0,0
K-35-050-4,student,0,0
K-35-050-4,student,0,0
K-35-050-4,student,0,0
K-35-050-4,student,0,0
K-35-050-4,student,0,0
K-35-050-4,student,0,0
K-35-050-4,student,0,0
K-35-050-4,student,0,0
K-35-050-4,student,2,2
K-35-050-4,student,0,0
K-35-050-4,student,0,0
K-35-050-4,student,0,0
K-35-050-4,student,0,0
K-35-050-4,student,0,0
K-35-050-4,student,0,1
K-35-050-4,student,0,1
K-35-050-4,student,0,0
K-35-050-4,student,0,0
K-35-050-4,student,0,0
K-35-050-4,student,0,0
K-35-050-4,student,0,0
K-35-050-4,student,0,0
K-35-050-4,student,0,0
K-35-050-4,student,0,0
K-35-050-4,student,0,0
K-35-050-4,student,0,0
K-35-050-4,student,0,0
K-35-050-4,student,0,0
K-35-050-4,student,0,0
K-35-050-4,student,0,0
K-35-050-4,student,0,0
K-35-050-4,student,0,1
K-35-050-4,student,0,1
K-35-050-4,student,0,1
K-35-050-4,student,0,1
K-35-050-4,student,0,0
K-35-050-4,student,0,0
K-35-050-4,student,0,0
K-35-050-4,student,0,0
K-35-050-4,student,0,0
K-35-050-4,student,0,0
K-35-050-4,student,0,0
K-35-050-4,student,0,0
K-35-050-4,student,0,0
K-35-050-4,student,0,0
K-35-050-4,student,0,0
K-35-050-4,student,0,0
K-35-050-4,student,0,0
K-35-050-4,student,0,0
K-35-050-4,student,0,0
K-35-050-4,student,0,0
K-35-050-4,student,0,0
K-35-050-4,student,0,0
K-35-050-4,student,0,0
K-35-050-4,student,0,1
K-35-050-4,student,0,0
K-35-050-4,student,0,0
K-35-050-4,student,0,0
K-35-050-4,student,0,0
K-35-050-4,student,0,0
K-35-050-4,student,0,0
K-35-050-4,student,0,0
K-35-050-4,student,0,0
K-35-050-4,student,0,0
K-35-050-4,student,0,0
K-35-050-4,student,0,0
K-35-050-4,student,0,0
K-35-050-4,student,0,0
K-35-050-4,student,0,0
K-35-050-4,student,0,0
K-35-050-4,student,1,1
K-35-050-4,student,0,0
K-35-050-4,student,0,0
K-35-050-4,student,0,1
K-35-050-4,student,0,1
K-35-050-4,student,0,1
K-35-050-4,student,0,1
K-35-050-4,student,0,0
K-35-050-4,student,0,0
K-35-050-4,student,0,0
K-35-050-4,student,0,0
K-35-050-4,student,0,0
K-35-050-4,student,0,0
K-35-050-4,student,0,0
K-35-050-4,student,0,0
K-35-050-4,student,0,0
K-35-050-4,student,0,0
K-35-050-4,student,0,0
K-35-050-4,student,0,0
K-35-050-4,student,0,0
K-35-050-4,student,0,0
K-35-050-4,student,0,0
K-35-050-4,student,0,0
K-35-050-4,student,0,0
K-35-050-4,student,0,0
K-35-050-4,student,1,1
K-35-050-4,student,0,0
K-35-050-4,student,0,0
K-35-050-4,student,0,0
K-35-050-4,student,0,1
K-35-050-4,student,0,1
K-35-050-4,student,0,0
K-35-050-4,student,0,0
K-35-050-4,student,0,0
K-35-050-4,student,1,1
K-35-050-4,student,0,0
K-35-050-4,student,0,0
K-35-050-4,student,0,0
K-35-050-4,student,0,0
K-35-050-4,student,0,0
K-35-050-4,student,0,0
K-35-050-4,student,1,1
K-35-050-4,student,0,0
K-35-050-4,student,0,0
K-35-050-4,student,0,0
K-35-050-4,student,1,1
K-35-050-4,student,0,0
K-35-050-4,student,1,1
K-35-050-4,reviewer_phantom,1,1
K-35-050-4,reviewer_phantom,1,1
K-35-050-4,reviewer_phantom,1,1
K-35-050-4,reviewer_phantom,2,2
K-35-050-4,reviewer_phantom,2,2
K-35-050-4,reviewer_phantom,1,1
K-35-050-4,reviewer_phantom,1,1
K-35-050-4,reviewer_phantom,1,1
K-35-050-4,reviewer_phantom,0,1
K-35-050-4,reviewer_phantom,1,2
K-35-050-4,reviewer_phantom,1,1
K-35-050-4,reviewer_phantom,0,1
K-35-050-4,reviewer_phantom,1,1
K-35-050-4,reviewer_phantom,1,1
K-35-050-4,reviewer_phantom,1,1
K-35-051-3,student,0,0
K-35-051-3,student,0,0
K-35-051-3,student,0,0
K-35-051-3,student,0,0
K-35-051-3,student,0,0
K-35-051-3,student,0,0
K-35-051-3,student,0,0
K-35-051-3,student,0,0
K-35-051-3,student,0,0
K-35-051-3,student,0,0
K-35-051-3,student,0,0
K-35-051-3,student,0,0
K-35-051-3,student,0,0
K-35-051-3,student,0,0
K-35-051-3,student,0,1
K-35-051-3,student,0,1
K-35-051-3,student,0,0
K-35-051-3,student,0,0
K-35-051-3,student,0,0
K-35-051-3,student,0,0
K-35-051-3,student,0,0
K-35-051-3,student,0,1
K-35-051-3,student,0,1
K-35-051-3,student,0,1
K-35-051-3,student,0,1
K-35-051-3,student,0,0
K-35-051-3,student,0,0
K-35-051-3,student,0,0
K-35-051-3,student,0,0
K-35-051-3,student,0,0
K-35-051-3,student,0,0
K-35-051-3,student,0,0
K-35-051-3,student,0,0
K-35-051-3,student,0,0
K-35-051-3,student,0,0
K-35-051-3,student,0,0
K-35-051-3,student,0,0
K-35-051-3,student,0,1
K-35-051-3,student,0,0
K-35-051-3,student,1,1
K-35-051-3,student,0,0
K-35-051-3,student,0,0
K-35-051-3,student,0,0
K-35-051-3,student,0,0
K-35-051-3,student,0,0
K-35-051-3,student,0,0
K-35-051-3,student,0,0
K-35-051-3,student,1,1
K-35-051-3,student,0,0
K-35-051-3,student,0,0
K-35-051-3,student,0,0
K-35-051-3,student,0,0
K-35-051-3,student,0,0
K-35-051-3,student,0,0
K-35-051-3,student,0,1
K-35-051-3,student,0,1
K-35-051-3,student,0,0
K-35-051-3,student,0,0
K-35-051-3,student,0,1
K-35-051-3,student,0,1
K-35-051-3,student,0,0
K-35-051-3,student,0,0
K-35-051-3,student,0,0
K-35-051-3,student,0,0
K-35-051-3,student,0,0
K-35-051-3,student,0,0
K-35-051-3,student,0,0
K-35-051-3,student,0,0
K-35-051-3,student,0,0
K-35-051-3,student,0,0
K-35-051-3,student,0,0
K-35-051-3,student,0,0
K-35-051-3,student,0,0
K-35-051-3,student,0,0
K-35-051-3,student,0,0
K-35-051-3,student,0,1
K-35-051-3,student,0,0
K-35-051-3,student,0,0
K-35-051-3,student,0,0
K-35-051-3,student,0,0
K-35-051-3,student,0,0
K-35-051-3,student,0,0
K-35-051-3,student,1,1
K-35-051-3,student,0,1
K-35-051-3,student,0,1
K-35-051-3,student,0,0
K-35-051-3,student,0,0
K-35-051-3,student,0,0
K-35-051-3,student,0,0
K-35-051-3,student,0,0
K-35-051-3,student,0,0
K-35-051-3,student,0,0
K-35-051-3,student,0,0
K-35-051-3,student,0,0
K-35-051-3,student,0,0
K-35-051-3,student,0,0
K-35-051-3,student,0,0
K-35-051-3,student,0,0
K-35-051-3,student,0,0
K-35-051-3,student,0,0
K-35-051-3,student,0,0
K-35-051-3,student,0,0
K-35-051-3,student,0,0
K-35-051-3,student,0,0
K-35-051-3,student,0,0
K-35-051-3,student,0,0
K-35-051-3,student,0,0
K-35-051-3,student,0,0
K-35-051-3,student,0,0
K-35-051-3,student,0,0
K-35-051-3,student,0,0
K-35-051-3,student,0,0
K-35-051-3,student,0,1
K-35-051-3,student,0,1
K-35-051-3,student,0,0
K-35-051-3,student,0,0
K-35-051-3,student,0,1
K-35-051-3,student,0,2
K-35-051-3,student,0,0
K-35-051-3,student,0,0
K-35-051-3,student,0,0
K-35-051-3,student,0,0
K-35-051-3,student,0,0
K-35-051-3,student,0,0
K-35-051-3,student,0,0
K-35-051-3,student,0,0
K-35-051-3,student,0,0
K-35-051-3,student,0,0
K-35-051-3,student,0,0
K-35-051-3,student,0,0
K-35-051-3,student,0,0
K-35-051-3,student,0,0
K-35-051-3,student,0,1
K-35-051-3,student,0,1
K-35-051-3,student,0,0
K-35-051-3,student,0,0
K-35-051-3,student,0,0
K-35-051-3,student,0,0
K-35-051-3,student,0,0
K-35-051-3,student,0,0
K-35-051-3,student,0,0
K-35-051-3,student,0,0
K-35-051-3,student,0,0
K-35-051-3,student,0,0
K-35-051-3,student,1,1
K-35-051-3,student,0,0
K-35-051-3,student,0,1
K-35-051-3,student,0,1
K-35-051-3,student,0,0
K-35-051-3,student,0,0
K-35-051-3,student,0,0
K-35-051-3,student,0,1
K-35-051-3,student,2,2
K-35-051-3,student,1,1
K-35-051-3,student,0,0
K-35-051-3,student,0,0
K-35-051-3,reviewer_phantom,0,1
K-35-051-3,reviewer_phantom,1,1
K-35-051-3,reviewer_phantom,0,1
K-35-051-3,reviewer_phantom,1,1
K-35-051-3,reviewer_phantom,1,1
K-35-051-3,reviewer_phantom,1,2
K-35-051-3,reviewer_phantom,1,1
K-35-051-3,reviewer_phantom,0,1
K-35-051-3,reviewer_phantom,1,2
K-35-051-3,reviewer_phantom,1,1
K-35-051-3,reviewer_phantom,0,1
K-35-051-4,student,0,0
K-35-051-4,student,0,0
K-35-051-4,student,0,0
K-35-051-4,student,0,0
K-35-051-4,student,0,0
K-35-051-4,student,0,0
K-35-051-4,student,0,0
K-35-051-4,student,0,1
K-35-051-4,student,0,0
K-35-051-4,student,0,0
K-35-051-4,student,0,0
K-35-051-4,student,0,0
K-35-051-4,student,0,0
K-35-051-4,student,0,0
K-35-051-4,student,0,0
K-35-051-4,student,0,0
K-35-051-4,student,0,0
K-35-051-4,student,0,0
K-35-051-4,student,0,0
K-35-051-4,student,0,0
K-35-051-4,student,0,0
K-35-051-4,student,0,0
K-35-051-4,student,0,0
K-35-051-4,student,0,0
K-35-051-4,student,0,0
K-35-051-4,student,0,0
K-35-051-4,student,0,0
K-35-051-4,student,0,0
K-35-051-4,student,0,0
K-35-051-4,student,0,0
K-35-051-4,student,0,0
K-35-051-4,student,0,0
K-35-051-4,student,0,0
K-35-051-4,student,0,0
K-35-051-4,student,1,1
K-35-051-4,student,0,1
K-35-051-4,student,0,1
K-35-051-4,student,0,1
K-35-051-4,student,0,1
K-35-051-4,student,0,0
K-35-051-4,student,0,0
K-35-051-4,student,0,0
K-35-051-4,student,0,0
K-35-051-4,student,0,0
K-35-051-4,student,0,0
K-35-051-4,student,0,0
K-35-051-4,student,0,0
K-35-051-4,student,0,0
K-35-051-4,student,0,0
K-35-051-4,student,0,0
K-35-051-4,student,0,0
K-35-051-4,student,0,0
K-35-051-4,student,0,0
K-35-051-4,student,0,0
K-35-051-4,student,0,0
K-35-051-4,student,0,0
K-35-051-4,student,1,1
K-35-051-4,student,0,0
K-35-051-4,student,0,0
K-35-051-4,student,0,0
K-35-051-4,student,0,0
K-35-051-4,student,0,0
K-35-051-4,student,0,1
K-35-051-4,student,0,1
K-35-051-4,student,0,0
K-35-051-4,student,0,0
K-35-051-4,student,0,0
K-35-051-4,student,0,0
K-35-051-4,student,0,0
K-35-051-4,student,0,0
K-35-051-4,student,0,0
K-35-051-4,student,0,0
K-35-051-4,student,0,0
K-35-051-4,student,0,0
K-35-051-4,student,0,0
K-35-051-4,student,0,0
K-35-051-4,student,0,0
K-35-051-4,student,0,0
K-35-051-4,student,0,0
K-35-051-4,student,0,0
K-35-051-4,student,0,0
K-35-051-4,student,0,0
K-35-051-4,student,0,0
K-35-051-4,student,0,0
K-35-051-4,student,0,1
K-35-051-4,student,0,1
K-35-051-4,student,0,0
K-35-051-4,student,0,0
K-35-051-4,student,0,0
K-35-051-4,student,0,0
K-35-051-4,student,0,0
K-35-051-4,student,0,0
K-35-051-4,student,0,0
K-35-051-4,student,0,0
K-35-051-4,student,0,0
K-35-051-4,student,0,0
K-35-051-4,student,0,0
K-35-051-4,student,0,0
K-35-051-4,student,0,0
K-35-051-4,student,0,0
K-35-051-4,reviewer_phantom,0,1
K-35-051-4,reviewer_phantom,1,1
K-35-051-4,reviewer_phantom,1,1
K-35-052-2,student,0,0
K-35-052-2,student,0,0
K-35-052-2,student,0,0
K-35-052-2,student,0,0
K-35-052-2,student,0,0
K-35-052-2,student,0,0
K-35-052-2,student,0,0
K-35-052-2,student,0,0
K-35-052-2,student,0,0
K-35-052-2,student,0,0
K-35-052-2,student,0,0
K-35-052-2,student,1,1
K-35-052-2,student,0,0
K-35-052-2,student,0,0
K-35-052-2,student,0,1
K-35-052-2,student,0,1
K-35-052-2,student,0,0
K-35-052-2,student,0,1
K-35-052-2,student,0,0
K-35-052-2,student,0,0
K-35-052-2,student,0,0
K-35-052-2,student,0,0
K-35-052-2,student,0,0
K-35-052-2,student,0,0
K-35-052-2,student,0,0
K-35-052-2,student,0,0
K-35-052-2,student,0,1
K-35-052-2,student,0,1
K-35-052-2,student,0,1
K-35-052-2,student,0,1
K-35-052-2,student,0,0
K-35-052-2,student,0,0
K-35-052-2,student,0,0
K-35-052-2,student,0,0
K-35-052-2,student,0,0
K-35-052-2,student,0,0
K-35-052-2,student,0,0
K-35-052-2,student,0,0
K-35-052-2,student,0,0
K-35-052-2,student,0,0
K-35-052-2,student,0,0
K-35-052-2,student,0,0
K-35-052-2,student,0,0
K-35-052-2,student,0,0
K-35-052-2,student,0,0
K-35-052-2,student,0,0
K-35-052-2,student,0,0
K-35-052-2,student,0,1
K-35-052-2,student,0,1
K-35-052-2,student,1,1
K-35-052-2,student,0,2
K-35-052-2,student,1,2
K-35-052-2,student,0,0
K-35-052-2,student,0,0
K-35-052-2,student,0,0
K-35-052-2,student,0,0
K-35-052-2,student,0,0
K-35-052-2,student,0,0
K-35-052-2,student,0,0
K-35-052-2,student,0,0
K-35-052-2,student,0,0
K-35-052-2,student,0,0
K-35-052-2,student,0,0
K-35-052-2,student,0,0
K-35-052-2,student,0,0
K-35-052-2,student,0,0
K-35-052-2,student,0,0
K-35-052-2,student,0,0
K-35-052-2,student,0,0
K-35-052-2,student,0,0
K-35-052-2,student,0,0
K-35-052-2,student,0,0
K-35-052-2,student,0,0
K-35-052-2,student,0,0
K-35-052-2,student,0,0
K-35-052-2,student,0,1
K-35-052-2,student,0,0
K-35-052-2,student,0,0
K-35-052-2,student,0,0
K-35-052-2,reviewer_phantom,0,1
K-35-052-2,reviewer_phantom,0,0
K-35-052-2,reviewer_phantom,0,1
K-35-052-2,reviewer_phantom,1,2
K-35-052-2,reviewer_phantom,0,0
K-35-052-2,reviewer_phantom,1,1
K-35-052-2,reviewer_phantom,1,1
K-35-052-3,student,0,0
K-35-052-3,student,0,0
K-35-052-3,student,0,0
K-35-052-3,student,0,0
K-35-052-3,student,0,0
K-35-052-3,student,0,0
K-35-052-3,student,0,0
K-35-052-3,student,1,1
K-35-052-3,student,0,0
K-35-052-3,student,0,0
K-35-052-3,student,0,0
K-35-052-3,student,0,0
K-35-052-3,student,0,0
K-35-052-3,student,0,0
K-35-052-3,student,0,0
K-35-052-3,student,0,0
K-35-052-3,student,0,0
K-35-052-3,student,0,0
K-35-052-3,student,0,0
K-35-052-3,student,0,0
K-35-052-3,student,1,1
K-35-052-3,student,0,0
K-35-052-3,student,0,0
K-35-052-3,student,0,0
K-35-052-3,student,0,0
K-35-052-3,student,0,0
K-35-052-3,student,0,0
K-35-052-3,student,0,0
K-35-052-3,student,0,0
K-35-052-3,student,0,0
K-35-052-3,student,0,0
K-35-052-3,student,0,0
K-35-052-3,student,0,0
K-35-052-3,student,0,0
K-35-052-3,student,0,0
K-35-052-3,student,1,1
K-35-052-3,student,0,1
K-35-052-3,student,0,0
K-35-052-3,student,0,1
K-35-052-3,student,0,1
K-35-052-3,student,0,1
K-35-052-3,student,0,0
K-35-052-3,student,0,0
K-35-052-3,student,0,0
K-35-052-3,student,0,0
K-35-052-3,student,0,0
K-35-052-3,student,0,0
K-35-052-3,student,1,1
K-35-052-3,student,0,0
K-35-052-3,student,0,0
K-35-052-3,student,0,0
K-35-052-3,student,0,0
K-35-052-3,student,0,0
K-35-052-3,student,0,0
K-35-052-3,student,0,0
K-35-052-3,student,0,1
K-35-052-3,student,0,1
K-35-052-3,student,0,0
K-35-052-3,student,0,0
K-35-052-3,student,0,0
K-35-052-3,student,1,1
K-35-052-3,student,0,0
K-35-052-3,student,0,0
K-35-052-3,student,0,0
K-35-052-3,student,0,0
K-35-052-3,student,0,0
K-35-052-3,student,0,0
K-35-052-3,student,0,0
K-35-052-3,student,0,0
K-35-052-3,student,0,0
K-35-052-3,student,0,0
K-35-052-3,student,0,0
K-35-052-3,student,0,0
K-35-052-3,student,0,0
K-35-052-3,student,0,0
K-35-052-3,student,0,0
K-35-052-3,student,0,1
K-35-052-3,student,0,1
K-35-052-3,student,0,0
K-35-052-3,student,0,0
K-35-052-3,student,0,0
K-35-052-3,student,0,2
K-35-052-3,student,1,2
K-35-052-3,student,0,0
K-35-052-3,student,0,0
K-35-052-3,student,0,1
K-35-052-3,student,0,1
K-35-052-3,student,0,1
K-35-052-3,student,0,1
K-35-052-3,student,0,1
K-35-052-3,student,0,1
K-35-052-3,student,0,0
K-35-052-3,student,0,0
K-35-052-3,student,0,0
K-35-052-3,student,0,0
K-35-052-3,student,0,0
K-35-052-3,student,0,1
K-35-052-3,student,0,2
K-35-052-3,student,0,1
K-35-052-3,student,0,0
K-35-052-3,student,0,0
K-35-052-3,student,0,0
K-35-052-3,student,0,0
K-35-052-3,student,1,2
K-35-052-3,student,0,0
K-35-052-3,student,0,1
K-35-052-3,student,0,1
K-35-052-3,student,0,0
K-35-052-3,student,0,0
K-35-052-3,student,0,1
K-35-052-3,student,0,0
K-35-052-3,student,0,0
K-35-052-3,student,0,1
K-35-052-3,student,0,1
K-35-052-3,student,0,0
K-35-052-3,student,0,0
K-35-052-3,reviewer_phantom,1,1
K-35-052-3,reviewer_phantom,1,1
K-35-052-3,reviewer_phantom,1,1
K-35-052-3,reviewer_phantom,1,1
K-35-052-3,reviewer_phantom,0,0
K-35-052-3,reviewer_phantom,0,2
K-35-052-3,reviewer_phantom,0,1
K-35-052-3,reviewer_phantom,2,2
K-35-052-3,reviewer_phantom,1,1
K-35-052-3,reviewer_phantom,1,2
K-35-052-3,reviewer_phantom,1,2
K-35-053-1,student,0,0
K-35-053-1,student,0,0
K-35-053-1,student,0,0
K-35-053-1,student,0,0
K-35-053-1,student,0,0
K-35-053-1,student,0,0
K-35-053-1,student,0,0
K-35-053-1,student,0,0
K-35-053-1,student,0,0
K-35-053-1,student,0,0
K-35-053-1,student,0,0
K-35-053-1,student,0,0
K-35-053-1,student,0,0
K-35-053-1,student,0,0
K-35-053-1,student,0,0
K-35-053-1,student,0,1
K-35-053-1,student,0,1
K-35-053-1,student,0,0
K-35-053-1,student,0,0
K-35-053-1,student,0,0
K-35-053-1,student,0,0
K-35-053-1,student,0,0
K-35-053-1,student,0,0
K-35-053-1,student,0,0
K-35-053-1,student,0,0
K-35-053-1,student,0,0
K-35-053-1,student,0,0
K-35-053-1,student,0,0
K-35-053-1,student,0,0
K-35-053-1,student,0,0
K-35-053-1,student,0,0
K-35-053-1,student,0,0
K-35-053-1,student,0,0
K-35-053-1,student,0,0
K-35-053-1,student,0,0
K-35-053-1,student,0,0
K-35-053-1,student,0,0
K-35-053-1,student,0,0
K-35-053-1,student,0,0
K-35-053-1,student,0,0
K-35-053-1,student,0,0
K-35-053-1,student,0,0
K-35-053-1,student,0,1
K-35-053-1,student,0,1
K-35-053-1,student,0,0
K-35-053-1,student,0,0
K-35-053-1,student,0,0
K-35-053-1,student,0,0
K-35-053-1,student,0,0
K-35-053-1,student,0,0
K-35-053-1,student,0,0
K-35-053-1,student,0,0
K-35-053-1,student,0,0
K-35-053-1,student,0,0
K-35-053-1,student,0,0
K-35-053-1,student,0,0
K-35-053-1,student,0,0
K-35-053-1,student,0,0
K-35-053-1,student,0,0
K-35-053-1,student,0,0
K-35-053-1,student,0,0
K-35-053-1,reviewer_phantom,0,0
K-35-053-1,reviewer_phantom,0,0
K-35-053-2,student,0,0
K-35-053-2,student,0,0
K-35-053-2,student,0,0
K-35-053-2,student,0,0
K-35-053-2,student,0,0
K-35-053-2,student,0,0
K-35-053-2,student,0,0
K-35-053-2,student,0,0
K-35-053-2,student,0,0
K-35-053-2,student,0,0
K-35-053-2,student,0,0
K-35-053-2,student,0,0
K-35-053-2,student,0,0
K-35-053-2,student,0,0
K-35-053-2,student,0,0
K-35-053-2,student,0,0
K-35-053-2,student,0,0
K-35-053-2,student,0,0
K-35-053-2,student,0,0
K-35-053-2,student,0,0
K-35-053-2,student,0,0
K-35-053-2,student,0,0
K-35-053-2,student,0,0
K-35-053-2,student,0,0
K-35-053-2,student,0,0
K-35-053-2,student,0,0
K-35-053-2,student,0,0
K-35-053-2,student,0,0
K-35-053-2,student,0,0
K-35-053-2,student,0,0
K-35-053-2,student,0,0
K-35-053-2,student,0,0
K-35-053-2,student,0,0
K-35-053-2,student,0,1
K-35-053-2,student,0,0
K-35-053-2,student,0,0
K-35-053-2,student,0,0
K-35-053-2,student,0,0
K-35-053-2,student,0,0
K-35-053-2,student,0,0
K-35-053-2,student,0,0
K-35-053-2,student,0,0
K-35-053-2,student,0,0
K-35-053-2,student,0,0
K-35-053-2,student,0,0
K-35-053-2,student,0,0
K-35-053-2,student,0,0
K-35-053-2,student,0,0
K-35-053-2,student,0,0
K-35-053-2,student,0,0
K-35-053-2,student,0,0
K-35-053-2,student,0,0
K-35-053-2,student,0,0
K-35-053-2,student,0,0
K-35-053-2,student,1,1
K-35-053-2,student,0,0
K-35-053-2,student,0,0
K-35-053-2,student,0,0
K-35-053-2,student,0,0
K-35-053-2,student,0,1
K-35-053-2,student,0,1
K-35-053-2,student,0,0
K-35-053-2,student,0,0
K-35-053-2,student,0,0
K-35-053-2,student,0,0
K-35-053-2,student,0,0
K-35-053-2,student,0,1
K-35-053-2,student,0,1
K-35-053-2,student,0,0
K-35-053-2,student,0,0
K-35-053-2,student,0,0
K-35-053-2,student,0,0
K-35-053-2,student,0,0
K-35-053-2,student,0,0
K-35-053-2,student,0,1
K-35-053-2,student,0,1
K-35-053-2,student,0,0
K-35-053-2,student,0,0
K-35-053-2,student,0,0
K-35-053-2,student,0,0
K-35-053-2,student,0,0
K-35-053-2,student,0,0
K-35-053-2,student,0,0
K-35-053-2,student,0,0
K-35-053-2,student,0,0
K-35-053-2,student,0,0
K-35-053-2,student,0,1
K-35-053-2,student,0,1
K-35-053-2,student,0,0
K-35-053-2,student,0,0
K-35-053-2,student,0,0
K-35-053-2,student,0,0
K-35-053-2,student,0,0
K-35-053-2,student,0,0
K-35-053-2,student,0,0
K-35-053-2,student,0,0
K-35-053-2,student,0,0
K-35-053-2,student,0,0
K-35-053-2,student,0,0
K-35-053-2,student,0,0
K-35-053-2,student,0,1
K-35-053-2,student,0,1
K-35-053-2,student,0,0
K-35-053-2,student,0,0
K-35-053-2,student,0,0
K-35-053-2,student,0,0
K-35-053-2,student,0,0
K-35-053-2,student,0,0
K-35-053-2,student,0,0
K-35-053-2,student,0,0
K-35-053-2,student,0,0
K-35-053-2,student,0,0
K-35-053-2,student,0,0
K-35-053-2,student,0,0
K-35-053-2,student,0,0
K-35-053-2,student,0,0
K-35-053-2,student,0,0
K-35-053-2,student,0,0
K-35-053-2,student,0,0
K-35-053-2,student,0,0
K-35-053-2,student,0,0
K-35-053-2,student,0,0
K-35-053-2,student,0,0
K-35-053-2,student,0,0
K-35-053-2,reviewer_phantom,0,0
K-35-053-2,reviewer_phantom,0,0
K-35-053-2,reviewer_phantom,0,0
K-35-053-2,reviewer_phantom,0,1
K-35-053-2,reviewer_phantom,1,1
K-35-053-4_Boyadzhik,student,0,0
K-35-053-4_Boyadzhik,student,0,0
K-35-053-4_Boyadzhik,student,0,0
K-35-053-4_Boyadzhik,student,0,0
K-35-053-4_Boyadzhik,student,0,0
K-35-053-4_Boyadzhik,student,0,0
K-35-053-4_Boyadzhik,student,0,0
K-35-053-4_Boyadzhik,student,0,0
K-35-053-4_Boyadzhik,student,0,0
K-35-053-4_Boyadzhik,student,0,0
K-35-053-4_Boyadzhik,student,0,0
K-35-053-4_Boyadzhik,student,0,0
K-35-053-4_Boyadzhik,student,0,0
K-35-053-4_Boyadzhik,student,0,0
K-35-053-4_Boyadzhik,student,0,0
K-35-053-4_Boyadzhik,student,0,0
K-35-053-4_Boyadzhik,student,0,1
K-35-053-4_Boyadzhik,student,0,0
K-35-053-4_Boyadzhik,student,0,0
K-35-053-4_Boyadzhik,student,0,0
K-35-053-4_Boyadzhik,student,0,0
K-35-053-4_Boyadzhik,student,0,0
K-35-053-4_Boyadzhik,student,0,0
K-35-053-4_Boyadzhik,student,0,0
K-35-053-4_Boyadzhik,student,0,0
K-35-053-4_Boyadzhik,student,0,0
K-35-053-4_Boyadzhik,student,0,0
K-35-053-4_Boyadzhik,student,0,0
K-35-053-4_Boyadzhik,student,0,0
K-35-053-4_Boyadzhik,student,0,0
K-35-053-4_Boyadzhik,student,0,0
K-35-053-4_Boyadzhik,student,0,0
K-35-053-4_Boyadzhik,student,0,0
K-35-053-4_Boyadzhik,student,1,1
K-35-053-4_Boyadzhik,student,0,0
K-35-053-4_Boyadzhik,student,0,0
K-35-053-4_Boyadzhik,student,0,0
K-35-053-4_Boyadzhik,student,0,0
K-35-053-4_Boyadzhik,student,1,1
K-35-053-4_Boyadzhik,student,0,0
K-35-053-4_Boyadzhik,student,0,0
K-35-053-4_Boyadzhik,student,0,0
K-35-053-4_Boyadzhik,student,1,1
K-35-053-4_Boyadzhik,student,0,0
K-35-053-4_Boyadzhik,student,0,0
K-35-053-4_Boyadzhik,student,0,0
K-35-053-4_Boyadzhik,student,0,0
K-35-053-4_Boyadzhik,student,0,0
K-35-053-4_Boyadzhik,student,0,0
K-35-053-4_Boyadzhik,student,0,0
K-35-053-4_Boyadzhik,student,0,0
K-35-053-4_Boyadzhik,student,0,0
K-35-053-4_Boyadzhik,student,0,0
K-35-053-4_Boyadzhik,student,0,0
K-35-053-4_Boyadzhik,student,0,0
K-35-053-4_Boyadzhik,student,0,0
K-35-053-4_Boyadzhik,student,0,0
K-35-053-4_Boyadzhik,student,0,0
K-35-053-4_Boyadzhik,student,0,0
K-35-053-4_Boyadzhik,student,0,0
K-35-053-4_Boyadzhik,student,1,1
K-35-053-4_Boyadzhik,student,0,0
K-35-053-4_Boyadzhik,student,0,0
K-35-053-4_Boyadzhik,student,0,0
K-35-053-4_Boyadzhik,student,0,0
K-35-053-4_Boyadzhik,student,0,0
K-35-053-4_Boyadzhik,student,0,0
K-35-053-4_Boyadzhik,student,0,0
K-35-053-4_Boyadzhik,student,0,0
K-35-053-4_Boyadzhik,student,0,0
K-35-053-4_Boyadzhik,student,0,0
K-35-053-4_Boyadzhik,student,0,0
K-35-053-4_Boyadzhik,student,0,0
K-35-053-4_Boyadzhik,student,0,0
K-35-053-4_Boyadzhik,student,0,0
K-35-053-4_Boyadzhik,student,0,0
K-35-053-4_Boyadzhik,student,0,0
K-35-053-4_Boyadzhik,student,0,0
K-35-053-4_Boyadzhik,student,0,0
K-35-053-4_Boyadzhik,student,0,0
K-35-053-4_Boyadzhik,student,0,0
K-35-053-4_Boyadzhik,student,0,1
K-35-053-4_Boyadzhik,student,0,1
K-35-053-4_Boyadzhik,student,0,0
K-35-053-4_Boyadzhik,student,0,0
K-35-053-4_Boyadzhik,student,0,0
K-35-053-4_Boyadzhik,student,0,0
K-35-053-4_Boyadzhik,student,0,0
K-35-053-4_Boyadzhik,student,0,0
K-35-053-4_Boyadzhik,student,0,0
K-35-053-4_Boyadzhik,student,0,0
K-35-053-4_Boyadzhik,student,0,0
K-35-053-4_Boyadzhik,student,0,0
K-35-053-4_Boyadzhik,student,0,0
K-35-053-4_Boyadzhik,student,0,1
K-35-053-4_Boyadzhik,student,0,1
K-35-053-4_Boyadzhik,student,0,0
K-35-053-4_Boyadzhik,student,0,0
K-35-053-4_Boyadzhik,student,0,0
K-35-053-4_Boyadzhik,reviewer_phantom,0,0
K-35-053-4_Boyadzhik,reviewer_phantom,0,0
K-35-053-4_Boyadzhik,reviewer_phantom,0,0
K-35-053-4_Boyadzhik,reviewer_phantom,1,1
K-35-053-4_Boyadzhik,reviewer_phantom,1,1
K-35-053-4_Boyadzhik,reviewer_phantom,0,0
K-35-053-4_Boyadzhik,reviewer_phantom,1,1
K-35-053-4_Boyadzhik,reviewer_phantom,1,1
K-35-053-4_Boyadzhik,reviewer_phantom,0,1
K-35-054-1_Straldzha_4326,student,0,0
K-35-054-1_Straldzha_4326,student,0,1
K-35-054-1_Straldzha_4326,student,0,0
K-35-054-1_Straldzha_4326,student,0,0
K-35-054-1_Straldzha_4326,student,0,0
K-35-054-1_Straldzha_4326,student,0,0
K-35-054-1_Straldzha_4326,student,0,0
K-35-054-1_Straldzha_4326,student,0,0
K-35-054-1_Straldzha_4326,student,0,1
K-35-054-1_Straldzha_4326,student,0,0
K-35-054-1_Straldzha_4326,student,0,0
K-35-054-1_Straldzha_4326,student,0,0
K-35-054-1_Straldzha_4326,student,0,1
K-35-054-1_Straldzha_4326,student,0,1
K-35-054-1_Straldzha_4326,student,0,0
K-35-054-1_Straldzha_4326,student,0,0
K-35-054-1_Straldzha_4326,student,0,0
K-35-054-1_Straldzha_4326,student,0,0
K-35-054-1_Straldzha_4326,student,0,0
K-35-054-1_Straldzha_4326,student,0,0
K-35-054-1_Straldzha_4326,student,0,0
K-35-054-1_Straldzha_4326,student,0,0
K-35-054-1_Straldzha_4326,student,0,0
K-35-054-1_Straldzha_4326,student,0,0
K-35-054-1_Straldzha_4326,student,0,0
K-35-054-1_Straldzha_4326,student,0,0
K-35-054-1_Straldzha_4326,student,0,0
K-35-054-1_Straldzha_4326,student,0,1
K-35-054-1_Straldzha_4326,student,0,1
K-35-054-1_Straldzha_4326,student,0,0
K-35-054-1_Straldzha_4326,student,0,0
K-35-054-1_Straldzha_4326,student,0,0
K-35-054-1_Straldzha_4326,student,0,0
K-35-054-1_Straldzha_4326,student,0,0
K-35-054-1_Straldzha_4326,student,0,0
K-35-054-1_Straldzha_4326,student,0,0
K-35-054-1_Straldzha_4326,student,0,0
K-35-054-1_Straldzha_4326,student,0,0
K-35-054-1_Straldzha_4326,student,0,0
K-35-054-1_Straldzha_4326,student,0,0
K-35-054-1_Straldzha_4326,student,0,0
K-35-054-1_Straldzha_4326,student,0,0
K-35-054-1_Straldzha_4326,student,0,0
K-35-054-1_Straldzha_4326,student,0,0
K-35-054-1_Straldzha_4326,student,0,0
K-35-054-1_Straldzha_4326,student,0,0
K-35-054-1_Straldzha_4326,student,0,0
K-35-054-1_Straldzha_4326,student,0,0
K-35-054-1_Straldzha_4326,student,0,0
K-35-054-1_Straldzha_4326,student,0,0
K-35-054-1_Straldzha_4326,student,0,0
K-35-054-1_Straldzha_4326,student,0,0
K-35-054-1_Straldzha_4326,student,0,0
K-35-054-1_Straldzha_4326,student,0,0
K-35-054-1_Straldzha_4326,student,0,0
K-35-054-1_Straldzha_4326,student,0,0
K-35-054-1_Straldzha_4326,student,0,0
K-35-054-1_Straldzha_4326,student,0,0
K-35-054-1_Straldzha_4326,student,0,0
K-35-054-1_Straldzha_4326,student,0,0
K-35-054-1_Straldzha_4326,student,0,0
K-35-054-1_Straldzha_4326,student,0,0
K-35-054-1_Straldzha_4326,student,0,0
K-35-054-1_Straldzha_4326,student,0,0
K-35-054-1_Straldzha_4326,student,0,0
K-35-054-1_Straldzha_4326,student,0,0
K-35-054-1_Straldzha_4326,student,0,0
K-35-054-1_Straldzha_4326,student,0,0
K-35-054-1_Straldzha_4326,student,0,0
K-35-054-1_Straldzha_4326,student,0,0
K-35-054-1_Straldzha_4326,student,0,0
K-35-054-1_Straldzha_4326,student,0,0
K-35-054-1_Straldzha_4326,student,0,0
K-35-054-1_Straldzha_4326,student,0,0
K-35-054-1_Straldzha_4326,student,0,0
K-35-054-1_Straldzha_4326,student,0,0
K-35-054-1_Straldzha_4326,student,0,0
K-35-054-1_Straldzha_4326,student,0,0
K-35-054-1_Straldzha_4326,student,0,0
K-35-054-1_Straldzha_4326,student,0,0
K-35-054-1_Straldzha_4326,student,0,0
K-35-054-1_Straldzha_4326,student,0,0
K-35-054-1_Straldzha_4326,student,0,0
K-35-054-1_Straldzha_4326,student,0,0
K-35-054-1_Straldzha_4326,student,0,0
K-35-054-1_Straldzha_4326,student,0,0
K-35-054-1_Straldzha_4326,student,0,0
K-35-054-1_Straldzha_4326,student,0,0
K-35-054-1_Straldzha_4326,student,1,1
K-35-054-1_Straldzha_4326,student,0,0
K-35-054-1_Straldzha_4326,student,0,0
K-35-054-1_Straldzha_4326,student,0,0
K-35-054-1_Straldzha_4326,student,0,0
K-35-054-1_Straldzha_4326,student,0,0
K-35-054-1_Straldzha_4326,student,0,1
K-35-054-1_Straldzha_4326,student,0,1
K-35-054-1_Straldzha_4326,student,0,0
K-35-054-1_Straldzha_4326,student,0,0
K-35-054-1_Straldzha_4326,student,0,0
K-35-054-1_Straldzha_4326,student,0,0
K-35-054-1_Straldzha_4326,student,0,0
K-35-054-1_Straldzha_4326,student,1,1
K-35-054-1_Straldzha_4326,student,0,0
K-35-054-1_Straldzha_4326,student,0,0
K-35-054-1_Straldzha_4326,student,0,1
K-35-054-1_Straldzha_4326,student,0,1
K-35-054-1_Straldzha_4326,student,0,0
K-35-054-1_Straldzha_4326,student,0,0
K-35-054-1_Straldzha_4326,student,0,0
K-35-054-1_Straldzha_4326,student,0,0
K-35-054-1_Straldzha_4326,student,0,0
K-35-054-1_Straldzha_4326,student,0,0
K-35-054-1_Straldzha_4326,student,0,0
K-35-054-1_Straldzha_4326,student,0,0
K-35-054-1_Straldzha_4326,student,0,0
K-35-054-1_Straldzha_4326,student,0,0
K-35-054-1_Straldzha_4326,reviewer_phantom,0,0
K-35-054-1_Straldzha_4326,reviewer_phantom,1,1
K-35-054-1_Straldzha_4326,reviewer_phantom,1,1
K-35-054-1_Straldzha_4326,reviewer_phantom,1,1
K-35-054-1_Straldzha_4326,reviewer_phantom,0,0
K-35-054-1_Straldzha_4326,reviewer_phantom,1,1
K-35-054-1_Straldzha_4326,reviewer_phantom,0,0
K-35-054-1_Straldzha_4326,reviewer_phantom,0,1
K-35-054-1_Straldzha_4326,reviewer_phantom,0,1
K-35-054-1_Straldzha_4326,reviewer_phantom,0,0
K-35-054-1_Straldzha_4326,reviewer_phantom,0,1
K-35-054-1_Straldzha_4326,reviewer_phantom,0,0
K-35-054-1_Straldzha_4326,reviewer_phantom,0,0
K-35-054-1_Straldzha_4326,reviewer_phantom,0,0
K-35-054-1_Straldzha_4326,reviewer_phantom,0,0
K-35-054-1_Straldzha_4326,reviewer_phantom,0,0
K-35-054-1_Straldzha_4326,reviewer_phantom,0,1
K-35-054-1_Straldzha_4326,reviewer_phantom,0,0
K-35-054-1_Straldzha_4326,reviewer_phantom,0,0
K-35-054-2_Atolov_4326,student,0,0
K-35-054-2_Atolov_4326,student,0,0
K-35-054-2_Atolov_4326,student,0,0
K-35-054-2_Atolov_4326,student,0,0
K-35-054-2_Atolov_4326,student,0,0
K-35-054-2_Atolov_4326,student,0,0
K-35-054-2_Atolov_4326,student,0,0
K-35-054-2_Atolov_4326,student,0,0
K-35-054-2_Atolov_4326,student,0,0
K-35-054-2_Atolov_4326,student,0,0
K-35-054-2_Atolov_4326,student,0,0
K-35-054-2_Atolov_4326,student,0,0
K-35-054-2_Atolov_4326,student,0,0
K-35-054-2_Atolov_4326,student,0,0
K-35-054-2_Atolov_4326,student,0,0
K-35-054-2_Atolov_4326,student,0,0
K-35-054-2_Atolov_4326,student,1,1
K-35-054-2_Atolov_4326,student,0,0
K-35-054-2_Atolov_4326,student,0,0
K-35-054-2_Atolov_4326,student,0,0
K-35-054-2_Atolov_4326,student,0,0
K-35-054-2_Atolov_4326,student,0,0
K-35-054-2_Atolov_4326,student,0,0
K-35-054-2_Atolov_4326,student,0,0
K-35-054-2_Atolov_4326,student,0,0
K-35-054-2_Atolov_4326,student,0,0
K-35-054-2_Atolov_4326,student,0,1
K-35-054-2_Atolov_4326,student,0,1
K-35-054-2_Atolov_4326,student,0,0
K-35-054-2_Atolov_4326,student,0,0
K-35-054-2_Atolov_4326,student,0,0
K-35-054-2_Atolov_4326,student,0,0
K-35-054-2_Atolov_4326,student,1,1
K-35-054-2_Atolov_4326,student,1,1
K-35-054-2_Atolov_4326,student,0,0
K-35-054-2_Atolov_4326,student,0,0
K-35-054-2_Atolov_4326,student,0,0
K-35-054-2_Atolov_4326,student,0,0
K-35-054-2_Atolov_4326,student,0,0
K-35-054-2_Atolov_4326,student,0,0
K-35-054-2_Atolov_4326,student,0,0
K-35-054-2_Atolov_4326,student,0,0
K-35-054-2_Atolov_4326,student,0,0
K-35-054-2_Atolov_4326,student,0,0
K-35-054-2_Atolov_4326,student,0,0
K-35-054-2_Atolov_4326,student,0,0
K-35-054-2_Atolov_4326,student,0,1
K-35-054-2_Atolov_4326,student,0,0
K-35-054-2_Atolov_4326,student,0,0
K-35-054-2_Atolov_4326,student,0,0
K-35-054-2_Atolov_4326,student,0,0
K-35-054-2_Atolov_4326,student,0,0
K-35-054-2_Atolov_4326,student,0,1
K-35-054-2_Atolov_4326,student,0,1
K-35-054-2_Atolov_4326,student,0,0
K-35-054-2_Atolov_4326,student,0,0
K-35-054-2_Atolov_4326,student,0,0
K-35-054-2_Atolov_4326,student,0,0
K-35-054-2_Atolov_4326,student,0,0
K-35-054-2_Atolov_4326,student,0,0
K-35-054-2_Atolov_4326,student,0,0
K-35-054-2_Atolov_4326,student,1,1
K-35-054-2_Atolov_4326,student,0,0
K-35-054-2_Atolov_4326,student,0,1
K-35-054-2_Atolov_4326,student,0,0
K-35-054-2_Atolov_4326,student,0,0
K-35-054-2_Atolov_4326,student,0,0
K-35-054-2_Atolov_4326,student,0,2
K-35-054-2_Atolov_4326,student,0,0
K-35-054-2_Atolov_4326,student,0,0
K-35-054-2_Atolov_4326,student,0,0
K-35-054-2_Atolov_4326,student,0,0
K-35-054-2_Atolov_4326,student,0,0
K-35-054-2_Atolov_4326,student,0,0
K-35-054-2_Atolov_4326,student,0,0
K-35-054-2_Atolov_4326,student,0,0
K-35-054-2_Atolov_4326,student,0,0
K-35-054-2_Atolov_4326,student,0,0
K-35-054-2_Atolov_4326,student,0,0
K-35-054-2_Atolov_4326,student,0,0
K-35-054-2_Atolov_4326,student,0,0
K-35-054-2_Atolov_4326,student,0,0
K-35-054-2_Atolov_4326,student,0,0
K-35-054-2_Atolov_4326,student,0,0
K-35-054-2_Atolov_4326,student,0,0
K-35-054-2_Atolov_4326,student,0,0
K-35-054-2_Atolov_4326,student,0,0
K-35-054-2_Atolov_4326,student,0,0
K-35-054-2_Atolov_4326,student,0,0
K-35-054-2_Atolov_4326,student,0,0
K-35-054-2_Atolov_4326,student,0,0
K-35-054-2_Atolov_4326,student,0,0
K-35-054-2_Atolov_4326,student,0,0
K-35-054-2_Atolov_4326,student,0,0
K-35-054-2_Atolov_4326,student,0,0
K-35-054-2_Atolov_4326,student,0,0
K-35-054-2_Atolov_4326,student,0,1
K-35-054-2_Atolov_4326,student,0,2
K-35-054-2_Atolov_4326,student,0,1
K-35-054-2_Atolov_4326,student,0,0
K-35-054-2_Atolov_4326,student,0,0
K-35-054-2_Atolov_4326,student,0,0
K-35-054-2_Atolov_4326,student,0,1
K-35-054-2_Atolov_4326,student,0,1
K-35-054-2_Atolov_4326,student,0,0
K-35-054-2_Atolov_4326,student,0,0
K-35-054-2_Atolov_4326,student,0,0
K-35-054-2_Atolov_4326,student,0,0
K-35-054-2_Atolov_4326,student,1,1
K-35-054-2_Atolov_4326,student,0,0
K-35-054-2_Atolov_4326,student,0,0
K-35-054-2_Atolov_4326,student,0,0
K-35-054-2_Atolov_4326,student,0,0
K-35-054-2_Atolov_4326,student,0,0
K-35-054-2_Atolov_4326,student,1,1
K-35-054-2_Atolov_4326,student,0,0
K-35-054-2_Atolov_4326,student,0,0
K-35-054-2_Atolov_4326,student,0,1
K-35-054-2_Atolov_4326,student,1,1
K-35-054-2_Atolov_4326,reviewer_phantom,1,1
K-35-054-2_Atolov_4326,reviewer_phantom,0,0
K-35-054-2_Atolov_4326,reviewer_phantom,1,2
K-35-054-2_Atolov_4326,reviewer_phantom,1,1
K-35-054-2_Atolov_4326,reviewer_phantom,1,2
K-35-054-2_Atolov_4326,reviewer_phantom,0,0
K-35-054-2_Atolov_4326,reviewer_phantom,0,0
K-35-054-2_Atolov_4326,reviewer_phantom,0,0
K-35-054-2_Atolov_4326,reviewer_phantom,0,0
K-35-054-2_Atolov_4326,reviewer_phantom,0,0
K-35-054-2_Atolov_4326,reviewer_phantom,0,0
K-35-054-2_Atolov_4326,reviewer_phantom,1,1
K-35-054-2_Atolov_4326,reviewer_phantom,1,1
K-35-054-2_Atolov_4326,reviewer_phantom,1,1
K-35-054-2_Atolov_4326,reviewer_phantom,0,1
K-35-054-2_Atolov_4326,reviewer_phantom,1,1
K-35-054-2_Atolov_4326,reviewer_phantom,1,1
K-35-054-3_Yambol,student,0,0
K-35-054-3_Yambol,student,0,0
K-35-054-3_Yambol,student,0,1
K-35-054-3_Yambol,student,0,0
K-35-054-3_Yambol,student,0,0
K-35-054-3_Yambol,student,0,0
K-35-054-3_Yambol,student,0,0
K-35-054-3_Yambol,student,0,0
K-35-054-3_Yambol,student,0,0
K-35-054-3_Yambol,student,0,1
K-35-054-3_Yambol,student,0,1
K-35-054-3_Yambol,student,0,0
K-35-054-3_Yambol,student,0,0
K-35-054-3_Yambol,student,0,0
K-35-054-3_Yambol,student,0,0
K-35-054-3_Yambol,student,0,0
K-35-054-3_Yambol,student,0,1
K-35-054-3_Yambol,student,0,1
K-35-054-3_Yambol,student,1,1
K-35-054-3_Yambol,student,0,0
K-35-054-3_Yambol,student,0,0
K-35-054-3_Yambol,student,0,0
K-35-054-3_Yambol,student,0,0
K-35-054-3_Yambol,student,0,2
K-35-054-3_Yambol,student,0,1
K-35-054-3_Yambol,student,0,0
K-35-054-3_Yambol,student,0,0
K-35-054-3_Yambol,student,0,0
K-35-054-3_Yambol,student,0,0
K-35-054-3_Yambol,student,0,0
K-35-054-3_Yambol,student,0,0
K-35-054-3_Yambol,student,0,0
K-35-054-3_Yambol,student,0,0
K-35-054-3_Yambol,student,0,0
K-35-054-3_Yambol,student,0,0
K-35-054-3_Yambol,student,0,0
K-35-054-3_Yambol,student,0,0
K-35-054-3_Yambol,student,0,0
K-35-054-3_Yambol,student,0,0
K-35-054-3_Yambol,student,0,0
K-35-054-3_Yambol,student,0,0
K-35-054-3_Yambol,student,0,1
K-35-054-3_Yambol,student,0,2
K-35-054-3_Yambol,student,0,1
K-35-054-3_Yambol,student,0,0
K-35-054-3_Yambol,student,0,0
K-35-054-3_Yambol,student,0,1
K-35-054-3_Yambol,student,0,1
K-35-054-3_Yambol,student,0,0
K-35-054-3_Yambol,student,0,0
K-35-054-3_Yambol,student,0,0
K-35-054-3_Yambol,student,0,0
K-35-054-3_Yambol,student,0,0
K-35-054-3_Yambol,student,0,1
K-35-054-3_Yambol,student,0,1
K-35-054-3_Yambol,student,0,0
K-35-054-3_Yambol,student,0,0
K-35-054-3_Yambol,student,0,0
K-35-054-3_Yambol,student,0,0
K-35-054-3_Yambol,student,0,0
K-35-054-3_Yambol,student,0,0
K-35-054-3_Yambol,student,1,1
K-35-054-3_Yambol,student,0,0
K-35-054-3_Yambol,student,0,0
K-35-054-3_Yambol,student,0,0
K-35-054-3_Yambol,student,0,0
K-35-054-3_Yambol,student,0,1
K-35-054-3_Yambol,student,0,0
K-35-054-3_Yambol,student,0,0
K-35-054-3_Yambol,student,0,0
K-35-054-3_Yambol,student,0,1
K-35-054-3_Yambol,student,0,0
K-35-054-3_Yambol,student,0,0
K-35-054-3_Yambol,student,0,0
K-35-054-3_Yambol,student,0,0
K-35-054-3_Yambol,student,0,0
K-35-054-3_Yambol,student,0,0
K-35-054-3_Yambol,student,0,0
K-35-054-3_Yambol,student,0,1
K-35-054-3_Yambol,student,0,0
K-35-054-3_Yambol,student,0,0
K-35-054-3_Yambol,student,1,1
K-35-054-3_Yambol,student,0,0
K-35-054-3_Yambol,student,0,0
K-35-054-3_Yambol,student,0,0
K-35-054-3_Yambol,student,0,1
K-35-054-3_Yambol,student,0,1
K-35-054-3_Yambol,student,0,0
K-35-054-3_Yambol,student,0,0
K-35-054-3_Yambol,student,0,0
K-35-054-3_Yambol,student,0,0
K-35-054-3_Yambol,student,0,0
K-35-054-3_Yambol,student,0,0
K-35-054-3_Yambol,student,0,0
K-35-054-3_Yambol,student,0,0
K-35-054-3_Yambol,student,0,0
K-35-054-3_Yambol,student,0,0
K-35-054-3_Yambol,student,0,0
K-35-054-3_Yambol,student,0,0
K-35-054-3_Yambol,student,0,0
K-35-054-3_Yambol,student,0,0
K-35-054-3_Yambol,student,0,0
K-35-054-3_Yambol,student,0,0
K-35-054-3_Yambol,reviewer_phantom,0,0
K-35-054-3_Yambol,reviewer_phantom,1,1
K-35-054-3_Yambol,reviewer_phantom,0,0
K-35-054-3_Yambol,reviewer_phantom,1,1
K-35-054-3_Yambol,reviewer_phantom,1,1
K-35-054-3_Yambol,reviewer_phantom,0,1
K-35-054-3_Yambol,reviewer_phantom,0,0
K-35-054-3_Yambol,reviewer_phantom,0,0
K-35-054-4_Voynika,student,0,0
K-35-054-4_Voynika,student,0,0
K-35-054-4_Voynika,student,0,0
K-35-054-4_Voynika,student,0,0
K-35-054-4_Voynika,student,0,0
K-35-054-4_Voynika,student,0,0
K-35-054-4_Voynika,student,0,0
K-35-054-4_Voynika,student,0,0
K-35-054-4_Voynika,student,0,0
K-35-054-4_Voynika,student,0,2
K-35-054-4_Voynika,student,0,2
K-35-054-4_Voynika,student,0,2
K-35-054-4_Voynika,student,0,0
K-35-054-4_Voynika,student,0,0
K-35-054-4_Voynika,student,0,0
K-35-054-4_Voynika,student,0,0
K-35-054-4_Voynika,student,0,0
K-35-054-4_Voynika,student,0,0
K-35-054-4_Voynika,student,0,0
K-35-054-4_Voynika,student,0,0
K-35-054-4_Voynika,student,0,0
K-35-054-4_Voynika,student,0,0
K-35-054-4_Voynika,student,0,0
K-35-054-4_Voynika,student,0,0
K-35-054-4_Voynika,student,0,0
K-35-054-4_Voynika,student,0,0
K-35-054-4_Voynika,student,0,1
K-35-054-4_Voynika,student,0,1
K-35-054-4_Voynika,student,0,0
K-35-054-4_Voynika,student,0,0
K-35-054-4_Voynika,student,0,1
K-35-054-4_Voynika,student,0,1
K-35-054-4_Voynika,student,0,0
K-35-054-4_Voynika,student,1,1
K-35-054-4_Voynika,student,0,0
K-35-054-4_Voynika,student,0,0
K-35-054-4_Voynika,student,0,0
K-35-054-4_Voynika,student,0,0
K-35-054-4_Voynika,student,0,0
K-35-054-4_Voynika,student,0,0
K-35-054-4_Voynika,student,0,0
K-35-054-4_Voynika,student,2,2
K-35-054-4_Voynika,student,0,0
K-35-054-4_Voynika,student,0,0
K-35-054-4_Voynika,student,0,0
K-35-054-4_Voynika,student,0,0
K-35-054-4_Voynika,student,0,0
K-35-054-4_Voynika,student,0,0
K-35-054-4_Voynika,student,0,0
K-35-054-4_Voynika,student,0,0
K-35-054-4_Voynika,student,0,0
K-35-054-4_Voynika,student,0,0
K-35-054-4_Voynika,student,0,0
K-35-054-4_Voynika,student,0,0
K-35-054-4_Voynika,student,0,0
K-35-054-4_Voynika,student,0,0
K-35-054-4_Voynika,student,1,1
K-35-054-4_Voynika,student,0,0
K-35-054-4_Voynika,student,0,0
K-35-054-4_Voynika,student,0,1
K-35-054-4_Voynika,student,0,1
K-35-054-4_Voynika,student,0,0
K-35-054-4_Voynika,student,0,0
K-35-054-4_Voynika,student,0,0
K-35-054-4_Voynika,student,0,0
K-35-054-4_Voynika,student,0,0
K-35-054-4_Voynika,student,0,0
K-35-054-4_Voynika,student,0,0
K-35-054-4_Voynika,student,0,0
K-35-054-4_Voynika,student,0,0
K-35-054-4_Voynika,student,0,1
K-35-054-4_Voynika,student,0,1
K-35-054-4_Voynika,student,0,0
K-35-054-4_Voynika,student,0,0
K-35-054-4_Voynika,student,0,0
K-35-054-4_Voynika,student,0,0
K-35-054-4_Voynika,student,0,0
K-35-054-4_Voynika,student,0,0
K-35-054-4_Voynika,student,0,0
K-35-054-4_Voynika,student,0,0
K-35-054-4_Voynika,student,0,0
K-35-054-4_Voynika,student,0,0
K-35-054-4_Voynika,student,0,0
K-35-054-4_Voynika,student,0,0
K-35-054-4_Voynika,student,0,0
K-35-054-4_Voynika,student,0,0
K-35-054-4_Voynika,student,0,0
K-35-054-4_Voynika,student,1,1
K-35-054-4_Voynika,student,0,1
K-35-054-4_Voynika,student,0,1
K-35-054-4_Voynika,student,0,0
K-35-054-4_Voynika,student,0,0
K-35-054-4_Voynika,student,0,1
K-35-054-4_Voynika,student,0,1
K-35-054-4_Voynika,student,0,0
K-35-054-4_Voynika,student,0,0
K-35-054-4_Voynika,student,0,0
K-35-054-4_Voynika,student,0,0
K-35-054-4_Voynika,student,0,0
K-35-054-4_Voynika,student,1,1
K-35-054-4_Voynika,student,0,0
K-35-054-4_Voynika,student,0,0
K-35-054-4_Voynika,student,0,0
K-35-054-4_Voynika,student,0,0
K-35-054-4_Voynika,student,0,0
K-35-054-4_Voynika,student,0,0
K-35-054-4_Voynika,student,0,0
K-35-054-4_Voynika,student,0,0
K-35-054-4_Voynika,student,0,0
K-35-054-4_Voynika,student,0,0
K-35-054-4_Voynika,reviewer_phantom,1,2
K-35-054-4_Voynika,reviewer_phantom,1,2
K-35-054-4_Voynika,reviewer_phantom,0,0
K-35-054-4_Voynika,reviewer_phantom,1,1
K-35-054-4_Voynika,reviewer_phantom,1,1
K-35-054-4_Voynika,reviewer_phantom,1,1
K-35-054-4_Voynika,reviewer_phantom,1,1
K-35-055-1,student,0,0
K-35-055-1,student,0,0
K-35-055-1,student,0,0
K-35-055-1,student,0,0
K-35-055-1,student,0,0
K-35-055-1,student,0,0
K-35-055-1,student,0,0
K-35-055-1,student,0,1
K-35-055-1,student,0,1
K-35-055-1,student,0,1
K-35-055-1,student,0,0
K-35-055-1,student,0,0
K-35-055-1,student,0,0
K-35-055-1,student,0,0
K-35-055-1,student,0,0
K-35-055-1,student,0,0
K-35-055-1,student,0,0
K-35-055-1,student,0,0
K-35-055-1,student,0,0
K-35-055-1,student,0,0
K-35-055-1,student,0,0
K-35-055-1,student,0,0
K-35-055-1,student,0,0
K-35-055-1,student,0,0
K-35-055-1,student,0,0
K-35-055-1,student,1,2
K-35-055-1,student,0,0
K-35-055-1,student,0,0
K-35-055-1,student,0,0
K-35-055-1,student,0,0
K-35-055-1,student,0,0
K-35-055-1,student,0,0
K-35-055-1,student,0,0
K-35-055-1,student,0,0
K-35-055-1,student,0,0
K-35-055-1,student,0,0
K-35-055-1,student,0,1
K-35-055-1,student,0,0
K-35-055-1,student,0,0
K-35-055-1,student,0,0
K-35-055-1,student,1,1
K-35-055-1,student,0,0
K-35-055-1,student,0,0
K-35-055-1,student,0,0
K-35-055-1,student,0,0
K-35-055-1,student,0,0
K-35-055-1,student,0,0
K-35-055-1,student,0,0
K-35-055-1,student,0,0
K-35-055-1,student,0,0
K-35-055-1,student,0,0
K-35-055-1,student,0,0
K-35-055-1,student,0,0
K-35-055-1,student,0,0
K-35-055-1,student,0,0
K-35-055-1,student,0,0
K-35-055-1,student,0,0
K-35-055-1,student,0,0
K-35-055-1,student,0,0
K-35-055-1,student,0,0
K-35-055-1,student,0,0
K-35-055-1,student,0,0
K-35-055-1,student,1,1
K-35-055-1,student,1,1
K-35-055-1,student,0,0
K-35-055-1,student,0,0
K-35-055-1,student,0,0
K-35-055-1,student,0,0
K-35-055-1,student,0,0
K-35-055-1,student,0,0
K-35-055-1,student,0,0
K-35-055-1,student,0,0
K-35-055-1,student,0,0
K-35-055-1,student,0,0
K-35-055-1,student,0,0
K-35-055-1,student,0,0
K-35-055-1,student,0,0
K-35-055-1,student,0,0
K-35-055-1,student,0,2
K-35-055-1,student,1,2
K-35-055-1,student,0,0
K-35-055-1,student,0,0
K-35-055-1,student,0,0
K-35-055-1,student,0,0
K-35-055-1,student,0,0
K-35-055-1,student,0,0
K-35-055-1,student,0,0
K-35-055-1,student,0,0
K-35-055-1,student,0,0
K-35-055-1,student,0,0
K-35-055-1,student,0,0
K-35-055-1,student,0,0
K-35-055-1,student,0,0
K-35-055-1,student,0,0
K-35-055-1,student,0,0
K-35-055-1,student,0,0
K-35-055-1,student,0,0
K-35-055-1,student,0,0
K-35-055-1,student,0,0
K-35-055-1,student,0,0
K-35-055-1,student,0,0
K-35-055-1,student,0,1
K-35-055-1,student,0,0
K-35-055-1,student,0,0
K-35-055-1,student,0,0
K-35-055-1,student,0,0
K-35-055-1,student,0,0
K-35-055-1,student,0,0
K-35-055-1,student,0,0
K-35-055-1,student,0,0
K-35-055-1,student,0,0
K-35-055-1,student,0,0
K-35-055-1,student,0,0
K-35-055-1,student,1,1
K-35-055-1,student,0,0
K-35-055-1,student,0,0
K-35-055-1,reviewer_phantom,1,2
K-35-055-1,reviewer_phantom,1,1
K-35-055-1,reviewer_phantom,1,1
K-35-055-1,reviewer_phantom,0,0
K-35-055-1,reviewer_phantom,1,1
K-35-055-1,reviewer_phantom,0,1
K-35-055-1,reviewer_phantom,1,1
K-35-055-1,reviewer_phantom,2,2
K-35-055-1,reviewer_phantom,0,1
K-35-055-1,reviewer_phantom,0,1
K-35-055-1,reviewer_phantom,1,2
K-35-055-2,student,0,0
K-35-055-2,student,0,0
K-35-055-2,student,0,0
K-35-055-2,student,0,0
K-35-055-2,student,0,0
K-35-055-2,student,0,0
K-35-055-2,student,0,0
K-35-055-2,student,0,0
K-35-055-2,student,0,0
K-35-055-2,student,0,0
K-35-055-2,student,0,0
K-35-055-2,student,0,0
K-35-055-2,student,0,0
K-35-055-2,student,0,0
K-35-055-2,student,0,1
K-35-055-2,student,0,1
K-35-055-2,student,0,0
K-35-055-2,student,0,0
K-35-055-2,student,0,0
K-35-055-2,student,0,0
K-35-055-2,student,0,0
K-35-055-2,student,0,0
K-35-055-2,student,0,0
K-35-055-2,student,0,0
K-35-055-2,student,0,0
K-35-055-2,student,0,0
K-35-055-2,student,0,0
K-35-055-2,student,0,0
K-35-055-2,student,0,0
K-35-055-2,student,0,0
K-35-055-2,student,0,0
K-35-055-2,student,0,0
K-35-055-2,student,0,0
K-35-055-2,student,0,0
K-35-055-2,student,1,1
K-35-055-2,student,0,0
K-35-055-2,student,0,1
K-35-055-2,student,0,0
K-35-055-2,student,0,0
K-35-055-2,student,0,0
K-35-055-2,student,0,0
K-35-055-2,student,0,0
K-35-055-2,student,0,0
K-35-055-2,student,0,0
K-35-055-2,student,0,0
K-35-055-2,student,0,1
K-35-055-2,student,0,0
K-35-055-2,student,0,0
K-35-055-2,student,0,0
K-35-055-2,student,0,0
K-35-055-2,student,0,0
K-35-055-2,student,0,0
K-35-055-2,student,0,0
K-35-055-2,student,0,0
K-35-055-2,student,0,0
K-35-055-2,student,0,0
K-35-055-2,student,0,1
K-35-055-2,student,0,2
K-35-055-2,student,0,1
K-35-055-2,student,0,0
K-35-055-2,student,0,0
K-35-055-2,student,0,1
K-35-055-2,student,0,1
K-35-055-2,student,0,0
K-35-055-2,student,0,0
K-35-055-2,student,0,0
K-35-055-2,student,0,0
K-35-055-2,student,0,0
K-35-055-2,student,0,0
K-35-055-2,student,0,0
K-35-055-2,student,0,0
K-35-055-2,student,0,0
K-35-055-2,student,0,0
K-35-055-2,student,0,0
K-35-055-2,student,0,0
K-35-055-2,student,0,0
K-35-055-2,student,0,0
K-35-055-2,student,0,0
K-35-055-2,student,0,0
K-35-055-2,student,0,0
K-35-055-2,student,0,0
K-35-055-2,student,0,0
K-35-055-2,student,0,0
K-35-055-2,student,0,0
K-35-055-2,student,0,0
K-35-055-2,student,0,0
K-35-055-2,reviewer_phantom,0,0
K-35-055-2,reviewer_phantom,0,0
K-35-055-2,reviewer_phantom,0,0
K-35-055-2,reviewer_phantom,1,1
K-35-055-3,student,0,0
K-35-055-3,student,0,0
K-35-055-3,student,0,0
K-35-055-3,student,0,0
K-35-055-3,student,0,0
K-35-055-3,student,0,0
K-35-055-3,student,0,0
K-35-055-3,student,0,0
K-35-055-3,student,0,0
K-35-055-3,student,0,0
K-35-055-3,student,0,0
K-35-055-3,student,0,0
K-35-055-3,student,0,0
K-35-055-3,student,0,0
K-35-055-3,student,0,0
K-35-055-3,student,0,0
K-35-055-3,student,0,0
K-35-055-3,student,0,0
K-35-055-3,student,0,0
K-35-055-3,student,0,0
K-35-055-3,student,0,0
K-35-055-3,student,0,0
K-35-055-3,student,0,0
K-35-055-3,student,0,0
K-35-055-3,student,0,0
K-35-055-3,student,0,0
K-35-055-3,student,0,0
K-35-055-3,student,0,0
K-35-055-3,student,0,0
K-35-055-3,student,0,0
K-35-055-3,student,0,0
K-35-055-3,student,0,0
K-35-055-3,student,0,0
K-35-055-3,student,0,0
K-35-055-3,student,0,0
K-35-055-3,student,0,0
K-35-055-3,student,0,0
K-35-055-3,student,0,0
K-35-055-3,student,0,0
K-35-055-3,student,0,0
K-35-055-3,student,0,0
K-35-055-3,student,0,0
K-35-055-3,student,0,0
K-35-055-3,student,0,0
K-35-055-3,student,0,0
K-35-055-3,student,0,0
K-35-055-3,student,0,0
K-35-055-3,student,0,0
K-35-055-3,student,0,0
K-35-055-3,student,0,0
K-35-055-3,student,0,0
K-35-055-3,student,0,0
K-35-055-3,student,0,0
K-35-055-3,student,0,0
K-35-055-3,student,1,1
K-35-055-3,student,0,0
K-35-055-3,student,0,0
K-35-055-3,student,0,0
K-35-055-3,student,0,0
K-35-055-3,student,0,1
K-35-055-3,student,0,0
K-35-055-3,student,0,0
K-35-055-3,student,0,0
K-35-055-3,student,0,0
K-35-055-3,student,0,0
K-35-055-3,student,0,0
K-35-055-3,student,0,0
K-35-055-3,student,0,0
K-35-055-3,student,0,0
K-35-055-3,student,0,0
K-35-055-3,student,0,0
K-35-055-3,student,0,0
K-35-055-3,student,0,0
K-35-055-3,student,0,0
K-35-055-3,student,0,0
K-35-055-3,student,0,0
K-35-055-3,student,0,0
K-35-055-3,student,0,0
K-35-055-3,student,0,0
K-35-055-3,student,0,0
K-35-055-3,student,0,0
K-35-055-3,student,0,0
K-35-055-3,student,0,0
K-35-055-3,student,0,0
K-35-055-3,student,1,1
K-35-055-3,student,0,0
K-35-055-3,student,0,0
K-35-055-3,student,0,0
K-35-055-3,student,0,0
K-35-055-3,student,0,0
K-35-055-3,student,0,0
K-35-055-3,student,0,0
K-35-055-3,student,0,0
K-35-055-3,student,0,0
K-35-055-3,student,0,0
K-35-055-3,student,0,0
K-35-055-3,student,0,0
K-35-055-3,student,0,0
K-35-055-3,student,0,0
K-35-055-3,student,0,0
K-35-055-3,student,0,0
K-35-055-3,reviewer_phantom,1,1
K-35-055-3,reviewer_phantom,1,1
K-35-055-3,reviewer_phantom,0,1
K-35-055-4,student,0,0
K-35-055-4,student,0,0
K-35-055-4,student,0,0
K-35-055-4,student,0,0
K-35-055-4,student,0,0
K-35-055-4,student,0,0
K-35-055-4,student,0,1
K-35-055-4,student,0,1
K-35-055-4,student,0,0
K-35-055-4,student,0,0
K-35-055-4,student,0,0
K-35-055-4,student,0,0
K-35-055-4,student,0,0
K-35-055-4,student,0,0
K-35-055-4,student,0,0
K-35-055-4,student,0,0
K-35-055-4,student,0,0
K-35-055-4,student,0,0
K-35-055-4,student,0,0
K-35-055-4,student,0,0
K-35-055-4,student,0,1
K-35-055-4,student,1,2
K-35-055-4,student,0,0
K-35-055-4,student,0,0
K-35-055-4,student,0,0
K-35-055-4,student,0,0
K-35-055-4,student,0,0
K-35-055-4,student,1,1
K-35-055-4,student,0,0
K-35-055-4,student,0,0
K-35-055-4,student,0,0
K-35-055-4,student,0,0
K-35-055-4,student,0,0
K-35-055-4,student,0,0
K-35-055-4,student,0,0
K-35-055-4,student,0,0
K-35-055-4,student,0,0
K-35-055-4,student,0,0
K-35-055-4,student,0,0
K-35-055-4,student,0,0
K-35-055-4,student,0,0
K-35-055-4,student,0,0
K-35-055-4,student,0,0
K-35-055-4,student,0,0
K-35-055-4,student,0,0
K-35-055-4,student,0,0
K-35-055-4,student,0,0
K-35-055-4,student,0,0
K-35-055-4,student,0,0
K-35-055-4,student,0,0
K-35-055-4,student,0,0
K-35-055-4,student,0,0
K-35-055-4,student,0,0
K-35-055-4,student,0,0
K-35-055-4,student,0,0
K-35-055-4,student,1,1
K-35-055-4,student,0,0
K-35-055-4,student,0,0
K-35-055-4,student,0,0
K-35-055-4,student,0,0
K-35-055-4,student,0,0
K-35-055-4,student,0,0
K-35-055-4,student,0,0
K-35-055-4,student,0,0
K-35-055-4,student,0,0
K-35-055-4,student,0,0
K-35-055-4,student,0,0
K-35-055-4,student,0,0
K-35-055-4,student,0,0
K-35-055-4,student,0,0
K-35-055-4,student,0,0
K-35-055-4,student,0,0
K-35-055-4,student,0,0
K-35-055-4,student,0,0
K-35-055-4,student,0,0
K-35-055-4,student,0,1
K-35-055-4,student,0,0
K-35-055-4,reviewer_phantom,1,1
K-35-055-4,reviewer_phantom,0,1
K-35-055-4,reviewer_phantom,1,1
K-35-055-4,reviewer_phantom,1,1
K-35-056-3,student,0,0
K-35-056-3,student,0,0
K-35-056-3,student,0,0
K-35-056-3,student,0,0
K-35-056-3,student,0,0
K-35-056-3,student,0,0
K-35-056-3,student,0,0
K-35-056-3,student,0,0
K-35-056-3,student,0,0
K-35-056-3,student,0,0
K-35-056-3,student,0,0
K-35-056-3,student,0,0
K-35-056-3,student,0,0
K-35-056-3,student,0,0
K-35-056-3,student,0,0
K-35-056-3,student,0,0
K-35-056-3,student,0,0
K-35-056-3,student,0,0
K-35-062-4_Asenovgrad_4326,student,0,0
K-35-062-4_Asenovgrad_4326,student,0,0
K-35-062-4_Asenovgrad_4326,student,0,0
K-35-062-4_Asenovgrad_4326,student,0,0
K-35-062-4_Asenovgrad_4326,student,0,0
K-35-062-4_Asenovgrad_4326,student,0,0
K-35-062-4_Asenovgrad_4326,student,0,0
K-35-062-4_Asenovgrad_4326,student,0,0
K-35-062-4_Asenovgrad_4326,student,0,0
K-35-062-4_Asenovgrad_4326,student,0,0
K-35-062-4_Asenovgrad_4326,student,0,0
K-35-062-4_Asenovgrad_4326,student,0,0
K-35-062-4_Asenovgrad_4326,student,0,0
K-35-062-4_Asenovgrad_4326,student,0,0
K-35-062-4_Asenovgrad_4326,student,0,0
K-35-062-4_Asenovgrad_4326,student,0,0
K-35-062-4_Asenovgrad_4326,student,1,1
K-35-062-4_Asenovgrad_4326,student,0,0
K-35-062-4_Asenovgrad_4326,student,0,0
K-35-062-4_Asenovgrad_4326,student,0,0
K-35-062-4_Asenovgrad_4326,student,0,0
K-35-062-4_Asenovgrad_4326,student,0,0
K-35-062-4_Asenovgrad_4326,student,0,0
K-35-062-4_Asenovgrad_4326,student,0,0
K-35-062-4_Asenovgrad_4326,student,0,0
K-35-062-4_Asenovgrad_4326,student,0,0
K-35-062-4_Asenovgrad_4326,student,0,0
K-35-062-4_Asenovgrad_4326,student,0,0
K-35-062-4_Asenovgrad_4326,student,0,0
K-35-062-4_Asenovgrad_4326,student,0,0
K-35-062-4_Asenovgrad_4326,student,0,0
K-35-062-4_Asenovgrad_4326,student,0,0
K-35-062-4_Asenovgrad_4326,student,0,0
K-35-062-4_Asenovgrad_4326,student,0,0
K-35-062-4_Asenovgrad_4326,student,0,0
K-35-062-4_Asenovgrad_4326,student,0,0
K-35-062-4_Asenovgrad_4326,student,0,0
K-35-062-4_Asenovgrad_4326,student,1,1
K-35-062-4_Asenovgrad_4326,student,0,0
K-35-062-4_Asenovgrad_4326,student,0,1
K-35-062-4_Asenovgrad_4326,student,1,1
K-35-062-4_Asenovgrad_4326,student,0,0
K-35-062-4_Asenovgrad_4326,student,1,1
K-35-062-4_Asenovgrad_4326,student,0,0
K-35-062-4_Asenovgrad_4326,student,0,0
K-35-062-4_Asenovgrad_4326,student,0,0
K-35-062-4_Asenovgrad_4326,student,0,0
K-35-062-4_Asenovgrad_4326,student,0,0
K-35-062-4_Asenovgrad_4326,student,0,0
K-35-062-4_Asenovgrad_4326,student,0,1
K-35-062-4_Asenovgrad_4326,student,0,0
K-35-062-4_Asenovgrad_4326,student,0,0
K-35-062-4_Asenovgrad_4326,student,0,0
K-35-062-4_Asenovgrad_4326,student,0,0
K-35-062-4_Asenovgrad_4326,student,0,0
K-35-062-4_Asenovgrad_4326,student,0,0
K-35-062-4_Asenovgrad_4326,student,0,1
K-35-062-4_Asenovgrad_4326,student,0,1
K-35-062-4_Asenovgrad_4326,student,0,0
K-35-062-4_Asenovgrad_4326,student,0,0
K-35-062-4_Asenovgrad_4326,student,0,0
K-35-062-4_Asenovgrad_4326,student,0,0
K-35-062-4_Asenovgrad_4326,student,0,0
K-35-062-4_Asenovgrad_4326,student,0,0
K-35-062-4_Asenovgrad_4326,student,0,0
K-35-062-4_Asenovgrad_4326,student,0,0
K-35-062-4_Asenovgrad_4326,student,0,0
K-35-062-4_Asenovgrad_4326,student,0,0
K-35-062-4_Asenovgrad_4326,student,0,0
K-35-062-4_Asenovgrad_4326,student,0,0
K-35-062-4_Asenovgrad_4326,student,0,0
K-35-062-4_Asenovgrad_4326,student,0,0
K-35-062-4_Asenovgrad_4326,reviewer_phantom,0,0
K-35-062-4_Asenovgrad_4326,reviewer_phantom,1,1
K-35-062-4_Asenovgrad_4326,reviewer_phantom,1,1
K-35-062-4_Asenovgrad_4326,reviewer_phantom,0,0
K-35-062-4_Asenovgrad_4326,reviewer_phantom,0,1
K-35-062-4_Asenovgrad_4326,reviewer_phantom,0,0
K-35-062-4_Asenovgrad_4326,reviewer_phantom,0,1
K-35-062-4_Asenovgrad_4326,reviewer_phantom,0,0
K-35-062-4_Asenovgrad_4326,reviewer_phantom,0,0
K-35-062-4_Asenovgrad_4326,reviewer_phantom,0,0
K-35-062-4_Asenovgrad_4326,reviewer_phantom,1,1
K-35-062-4_Asenovgrad_4326,reviewer_phantom,0,0
K-35-062-4_Asenovgrad_4326,reviewer_phantom,0,0
K-35-062-4_Asenovgrad_4326,reviewer_phantom,1,1
K-35-063-1_Granit_4326,student,0,0
K-35-063-1_Granit_4326,student,0,0
K-35-063-1_Granit_4326,student,0,0
K-35-063-1_Granit_4326,student,0,0
K-35-063-1_Granit_4326,student,0,0
K-35-063-1_Granit_4326,student,0,0
K-35-063-1_Granit_4326,student,0,0
K-35-063-1_Granit_4326,student,0,1
K-35-063-1_Granit_4326,student,0,1
K-35-063-1_Granit_4326,student,0,0
K-35-063-1_Granit_4326,student,0,0
K-35-063-1_Granit_4326,student,0,0
K-35-063-1_Granit_4326,student,0,0
K-35-063-1_Granit_4326,student,0,0
K-35-063-1_Granit_4326,student,0,0
K-35-063-1_Granit_4326,student,0,0
K-35-063-1_Granit_4326,student,0,0
K-35-063-1_Granit_4326,student,0,0
K-35-063-1_Granit_4326,student,0,0
K-35-063-1_Granit_4326,student,0,0
K-35-063-1_Granit_4326,student,0,0
K-35-063-1_Granit_4326,student,0,0
K-35-063-1_Granit_4326,student,0,0
K-35-063-1_Granit_4326,student,0,0
K-35-063-1_Granit_4326,student,0,0
K-35-063-1_Granit_4326,student,0,0
K-35-063-1_Granit_4326,student,0,0
K-35-063-1_Granit_4326,student,0,0
K-35-063-1_Granit_4326,student,0,0
K-35-063-1_Granit_4326,student,0,0
K-35-063-1_Granit_4326,student,0,0
K-35-063-1_Granit_4326,student,0,0
K-35-063-1_Granit_4326,student,0,0
K-35-063-1_Granit_4326,student,0,0
K-35-063-1_Granit_4326,student,0,0
K-35-063-1_Granit_4326,student,0,0
K-35-063-1_Granit_4326,student,0,0
K-35-063-1_Granit_4326,student,0,1
K-35-063-1_Granit_4326,student,0,1
K-35-063-1_Granit_4326,student,0,0
K-35-063-1_Granit_4326,student,0,0
K-35-063-1_Granit_4326,student,0,0
K-35-063-1_Granit_4326,student,0,0
K-35-063-1_Granit_4326,student,0,0
K-35-063-1_Granit_4326,student,0,0
K-35-063-1_Granit_4326,student,0,0
K-35-063-1_Granit_4326,student,0,0
K-35-063-1_Granit_4326,student,0,0
K-35-063-1_Granit_4326,student,0,0
K-35-063-1_Granit_4326,student,0,0
K-35-063-1_Granit_4326,student,0,0
K-35-063-1_Granit_4326,student,0,0
K-35-063-1_Granit_4326,student,0,0
K-35-063-1_Granit_4326,student,0,0
K-35-063-1_Granit_4326,student,0,0
K-35-063-1_Granit_4326,student,0,1
K-35-063-1_Granit_4326,student,0,1
K-35-063-1_Granit_4326,student,0,0
K-35-063-1_Granit_4326,student,0,0
K-35-063-1_Granit_4326,student,0,1
K-35-063-1_Granit_4326,student,0,1
K-35-063-1_Granit_4326,student,0,0
K-35-063-1_Granit_4326,student,0,0
K-35-063-1_Granit_4326,student,0,0
K-35-063-1_Granit_4326,student,0,0
K-35-063-1_Granit_4326,student,0,0
K-35-063-1_Granit_4326,student,0,0
K-35-063-1_Granit_4326,student,0,0
K-35-063-1_Granit_4326,student,0,0
K-35-063-1_Granit_4326,student,0,0
K-35-063-1_Granit_4326,student,0,1
K-35-063-1_Granit_4326,student,0,1
K-35-063-1_Granit_4326,student,0,0
K-35-063-1_Granit_4326,student,0,0
K-35-063-1_Granit_4326,student,0,0
K-35-063-1_Granit_4326,student,0,0
K-35-063-1_Granit_4326,student,0,0
K-35-063-1_Granit_4326,student,0,0
K-35-063-1_Granit_4326,student,0,0
K-35-063-1_Granit_4326,student,0,1
K-35-063-1_Granit_4326,student,0,1
K-35-063-1_Granit_4326,student,0,0
K-35-063-1_Granit_4326,student,0,0
K-35-063-1_Granit_4326,student,0,1
K-35-063-1_Granit_4326,student,0,1
K-35-063-1_Granit_4326,student,0,0
K-35-063-1_Granit_4326,student,0,0
K-35-063-1_Granit_4326,student,0,1
K-35-063-1_Granit_4326,student,0,1
K-35-063-1_Granit_4326,student,0,0
K-35-063-1_Granit_4326,student,0,0
K-35-063-1_Granit_4326,student,0,1
K-35-063-1_Granit_4326,student,0,2
K-35-063-1_Granit_4326,student,0,1
K-35-063-1_Granit_4326,student,0,0
K-35-063-1_Granit_4326,student,0,0
K-35-063-1_Granit_4326,student,0,0
K-35-063-1_Granit_4326,student,0,0
K-35-063-1_Granit_4326,student,0,0
K-35-063-1_Granit_4326,student,0,0
K-35-063-1_Granit_4326,student,0,0
K-35-063-1_Granit_4326,student,0,0
K-35-063-1_Granit_4326,student,0,0
K-35-063-1_Granit_4326,student,0,0
K-35-063-1_Granit_4326,student,0,0
K-35-063-1_Granit_4326,student,0,0
K-35-063-1_Granit_4326,student,0,0
K-35-063-1_Granit_4326,student,0,0
K-35-063-1_Granit_4326,student,0,0
K-35-063-1_Granit_4326,student,0,1
K-35-063-1_Granit_4326,student,0,1
K-35-063-1_Granit_4326,student,1,1
K-35-063-1_Granit_4326,student,0,0
K-35-063-1_Granit_4326,student,0,0
K-35-063-1_Granit_4326,student,0,0
K-35-063-1_Granit_4326,student,1,1
K-35-063-1_Granit_4326,student,0,1
K-35-063-1_Granit_4326,student,0,1
K-35-063-1_Granit_4326,student,0,0
K-35-063-1_Granit_4326,student,0,0
K-35-063-1_Granit_4326,student,0,0
K-35-063-1_Granit_4326,student,0,0
K-35-063-1_Granit_4326,student,0,0
K-35-063-1_Granit_4326,student,0,1
K-35-063-1_Granit_4326,student,0,1
K-35-063-1_Granit_4326,student,0,2
K-35-063-1_Granit_4326,student,0,0
K-35-063-1_Granit_4326,student,0,0
K-35-063-1_Granit_4326,student,0,0
K-35-063-1_Granit_4326,student,0,0
K-35-063-1_Granit_4326,student,0,0
K-35-063-1_Granit_4326,student,0,0
K-35-063-1_Granit_4326,student,0,0
K-35-063-1_Granit_4326,student,0,0
K-35-063-1_Granit_4326,student,0,0
K-35-063-1_Granit_4326,student,0,0
K-35-063-1_Granit_4326,student,0,0
K-35-063-1_Granit_4326,student,0,0
K-35-063-1_Granit_4326,student,0,0
K-35-063-1_Granit_4326,student,0,0
K-35-063-1_Granit_4326,student,0,0
K-35-063-1_Granit_4326,student,0,0
K-35-063-1_Granit_4326,student,0,0
K-35-063-1_Granit_4326,student,0,0
K-35-063-1_Granit_4326,student,0,0
K-35-063-1_Granit_4326,student,0,0
K-35-063-1_Granit_4326,student,0,0
K-35-063-1_Granit_4326,student,0,0
K-35-063-1_Granit_4326,student,0,0
K-35-063-1_Granit_4326,student,0,0
K-35-063-1_Granit_4326,student,1,1
K-35-063-1_Granit_4326,student,0,0
K-35-063-1_Granit_4326,student,0,0
K-35-063-1_Granit_4326,student,0,1
K-35-063-1_Granit_4326,student,0,1
K-35-063-1_Granit_4326,student,0,0
K-35-063-1_Granit_4326,student,0,0
K-35-063-1_Granit_4326,student,0,0
K-35-063-1_Granit_4326,student,0,0
K-35-063-1_Granit_4326,student,0,0
K-35-063-1_Granit_4326,student,0,0
K-35-063-1_Granit_4326,student,0,0
K-35-063-1_Granit_4326,student,0,0
K-35-063-1_Granit_4326,student,0,1
K-35-063-1_Granit_4326,student,0,1
K-35-063-1_Granit_4326,student,0,0
K-35-063-1_Granit_4326,student,0,0
K-35-063-1_Granit_4326,student,0,0
K-35-063-1_Granit_4326,student,0,0
K-35-063-1_Granit_4326,student,0,0
K-35-063-1_Granit_4326,student,0,0
K-35-063-1_Granit_4326,student,0,0
K-35-063-1_Granit_4326,student,0,0
K-35-063-1_Granit_4326,student,0,0
K-35-063-1_Granit_4326,student,0,0
K-35-063-1_Granit_4326,student,0,0
K-35-063-1_Granit_4326,student,0,0
K-35-063-1_Granit_4326,student,0,1
K-35-063-1_Granit_4326,student,0,1
K-35-063-1_Granit_4326,student,0,0
K-35-063-1_Granit_4326,student,0,0
K-35-063-1_Granit_4326,student,0,0
K-35-063-1_Granit_4326,student,0,0
K-35-063-1_Granit_4326,student,0,0
K-35-063-1_Granit_4326,student,1,1
K-35-063-1_Granit_4326,student,0,0
K-35-063-1_Granit_4326,student,0,0
K-35-063-1_Granit_4326,student,0,0
K-35-063-1_Granit_4326,student,0,0
K-35-063-1_Granit_4326,student,1,1
K-35-063-1_Granit_4326,student,0,0
K-35-063-1_Granit_4326,student,0,0
K-35-063-1_Granit_4326,student,0,0
K-35-063-1_Granit_4326,student,0,1
K-35-063-1_Granit_4326,student,0,3
K-35-063-1_Granit_4326,student,1,3
K-35-063-1_Granit_4326,student,0,3
K-35-063-1_Granit_4326,student,0,0
K-35-063-1_Granit_4326,student,0,0
K-35-063-1_Granit_4326,student,0,1
K-35-063-1_Granit_4326,student,0,0
K-35-063-1_Granit_4326,student,0,0
K-35-063-1_Granit_4326,student,0,0
K-35-063-1_Granit_4326,student,0,0
K-35-063-1_Granit_4326,student,0,0
K-35-063-1_Granit_4326,student,0,0
K-35-063-1_Granit_4326,student,0,0
K-35-063-1_Granit_4326,student,0,0
K-35-063-1_Granit_4326,student,0,1
K-35-063-1_Granit_4326,student,0,1
K-35-063-1_Granit_4326,student,0,0
K-35-063-1_Granit_4326,student,0,0
K-35-063-1_Granit_4326,student,0,0
K-35-063-1_Granit_4326,student,0,2
K-35-063-1_Granit_4326,student,1,2
K-35-063-1_Granit_4326,student,0,0
K-35-063-1_Granit_4326,student,0,0
K-35-063-1_Granit_4326,student,0,0
K-35-063-1_Granit_4326,student,0,0
K-35-063-1_Granit_4326,student,0,0
K-35-063-1_Granit_4326,student,0,0
K-35-063-1_Granit_4326,student,0,0
K-35-063-1_Granit_4326,student,0,0
K-35-063-1_Granit_4326,student,0,0
K-35-063-1_Granit_4326,student,0,1
K-35-063-1_Granit_4326,student,0,1
K-35-063-1_Granit_4326,student,0,1
K-35-063-1_Granit_4326,student,0,1
K-35-063-1_Granit_4326,student,0,1
K-35-063-1_Granit_4326,student,0,1
K-35-063-1_Granit_4326,student,1,1
K-35-063-1_Granit_4326,student,1,1
K-35-063-1_Granit_4326,student,0,0
K-35-063-1_Granit_4326,student,0,1
K-35-063-1_Granit_4326,student,0,1
K-35-063-1_Granit_4326,student,0,0
K-35-063-1_Granit_4326,student,0,0
K-35-063-1_Granit_4326,student,0,0
K-35-063-1_Granit_4326,student,0,0
K-35-063-1_Granit_4326,student,0,0
K-35-063-1_Granit_4326,student,0,0
K-35-063-1_Granit_4326,student,0,0
K-35-063-1_Granit_4326,student,0,0
K-35-063-1_Granit_4326,student,0,0
K-35-063-1_Granit_4326,student,0,0
K-35-063-1_Granit_4326,student,0,0
K-35-063-1_Granit_4326,reviewer_phantom,1,1
K-35-063-1_Granit_4326,reviewer_phantom,0,2
K-35-063-1_Granit_4326,reviewer_phantom,0,0
K-35-063-1_Granit_4326,reviewer_phantom,1,1
K-35-063-1_Granit_4326,reviewer_phantom,2,5
K-35-063-1_Granit_4326,reviewer_phantom,0,5
K-35-063-1_Granit_4326,reviewer_phantom,0,0
K-35-063-1_Granit_4326,reviewer_phantom,1,2
K-35-063-1_Granit_4326,reviewer_phantom,0,0
K-35-063-1_Granit_4326,reviewer_phantom,1,1
K-35-063-1_Granit_4326,reviewer_phantom,0,0
K-35-063-1_Granit_4326,reviewer_phantom,0,0
K-35-063-1_Granit_4326,reviewer_phantom,0,1
K-35-063-1_Granit_4326,reviewer_phantom,0,1
K-35-063-1_Granit_4326,reviewer_phantom,0,0
K-35-063-1_Granit_4326,reviewer_phantom,0,0
K-35-063-1_Granit_4326,reviewer_phantom,1,1
K-35-063-1_Granit_4326,reviewer_phantom,1,1
K-35-063-1_Granit_4326,reviewer_phantom,1,1
K-35-063-1_Granit_4326,reviewer_phantom,0,0
K-35-063-1_Granit_4326,reviewer_phantom,0,0
K-35-063-1_Granit_4326,reviewer_phantom,3,5
K-35-063-1_Granit_4326,reviewer_phantom,2,4
K-35-063-1_Granit_4326,reviewer_phantom,0,1
K-35-063-1_Granit_4326,reviewer_phantom,0,1
K-35-063-1_Granit_4326,reviewer_phantom,0,0
K-35-063-1_Granit_4326,reviewer_phantom,0,0
K-35-063-1_Granit_4326,reviewer_phantom,0,0
K-35-063-1_Granit_4326,reviewer_phantom,0,0
K-35-063-1_Granit_4326,reviewer_phantom,0,0
K-35-063-1_Granit_4326,reviewer_phantom,0,0
K-35-063-1_Granit_4326,reviewer_phantom,0,0
K-35-063-1_Granit_4326,reviewer_phantom,0,0
K-35-063-1_Granit_4326,reviewer_phantom,0,1
K-35-063-1_Granit_4326,reviewer_phantom,1,3
K-35-063-1_Granit_4326,reviewer_phantom,0,0
K-35-063-1_Granit_4326,reviewer_phantom,0,1
K-35-063-1_Granit_4326,reviewer_phantom,1,1
K-35-063-1_Granit_4326,reviewer_phantom,1,3
K-35-063-1_Granit_4326,reviewer_phantom,2,4
K-35-063-2_Chirpan_4326,student,0,0
K-35-063-2_Chirpan_4326,student,0,0
K-35-063-2_Chirpan_4326,student,0,1
K-35-063-2_Chirpan_4326,student,1,1
K-35-063-2_Chirpan_4326,student,0,0
K-35-063-2_Chirpan_4326,student,0,0
K-35-063-2_Chirpan_4326,student,0,0
K-35-063-2_Chirpan_4326,student,0,0
K-35-063-2_Chirpan_4326,student,1,2
K-35-063-2_Chirpan_4326,student,0,2
K-35-063-2_Chirpan_4326,student,0,0
K-35-063-2_Chirpan_4326,student,0,0
K-35-063-2_Chirpan_4326,student,0,0
K-35-063-2_Chirpan_4326,student,0,0
K-35-063-2_Chirpan_4326,student,0,0
K-35-063-2_Chirpan_4326,student,0,0
K-35-063-2_Chirpan_4326,student,0,0
K-35-063-2_Chirpan_4326,student,0,1
K-35-063-2_Chirpan_4326,student,0,0
K-35-063-2_Chirpan_4326,student,1,1
K-35-063-2_Chirpan_4326,student,0,0
K-35-063-2_Chirpan_4326,student,0,0
K-35-063-2_Chirpan_4326,student,0,0
K-35-063-2_Chirpan_4326,student,0,1
K-35-063-2_Chirpan_4326,student,0,2
K-35-063-2_Chirpan_4326,student,0,1
K-35-063-2_Chirpan_4326,student,0,0
K-35-063-2_Chirpan_4326,student,0,0
K-35-063-2_Chirpan_4326,student,0,0
K-35-063-2_Chirpan_4326,student,0,0
K-35-063-2_Chirpan_4326,student,0,0
K-35-063-2_Chirpan_4326,student,0,0
K-35-063-2_Chirpan_4326,student,0,0
K-35-063-2_Chirpan_4326,student,0,0
K-35-063-2_Chirpan_4326,student,1,2
K-35-063-2_Chirpan_4326,student,0,1
K-35-063-2_Chirpan_4326,student,0,0
K-35-063-2_Chirpan_4326,student,0,0
K-35-063-2_Chirpan_4326,student,0,0
K-35-063-2_Chirpan_4326,student,0,1
K-35-063-2_Chirpan_4326,student,0,1
K-35-063-2_Chirpan_4326,student,0,0
K-35-063-2_Chirpan_4326,student,0,0
K-35-063-2_Chirpan_4326,student,0,1
K-35-063-2_Chirpan_4326,student,0,1
K-35-063-2_Chirpan_4326,student,0,0
K-35-063-2_Chirpan_4326,student,0,0
K-35-063-2_Chirpan_4326,student,0,0
K-35-063-2_Chirpan_4326,student,0,0
K-35-063-2_Chirpan_4326,student,0,0
K-35-063-2_Chirpan_4326,student,0,0
K-35-063-2_Chirpan_4326,student,0,0
K-35-063-2_Chirpan_4326,student,0,0
K-35-063-2_Chirpan_4326,student,1,1
K-35-063-2_Chirpan_4326,student,0,0
K-35-063-2_Chirpan_4326,student,0,0
K-35-063-2_Chirpan_4326,student,0,0
K-35-063-2_Chirpan_4326,student,0,0
K-35-063-2_Chirpan_4326,student,0,0
K-35-063-2_Chirpan_4326,student,1,1
K-35-063-2_Chirpan_4326,student,1,1
K-35-063-2_Chirpan_4326,student,0,0
K-35-063-2_Chirpan_4326,student,0,0
K-35-063-2_Chirpan_4326,student,0,1
K-35-063-2_Chirpan_4326,student,0,2
K-35-063-2_Chirpan_4326,student,0,1
K-35-063-2_Chirpan_4326,student,0,0
K-35-063-2_Chirpan_4326,student,0,0
K-35-063-2_Chirpan_4326,student,0,0
K-35-063-2_Chirpan_4326,student,0,0
K-35-063-2_Chirpan_4326,student,0,0
K-35-063-2_Chirpan_4326,student,0,0
K-35-063-2_Chirpan_4326,student,0,0
K-35-063-2_Chirpan_4326,student,0,0
K-35-063-2_Chirpan_4326,student,0,0
K-35-063-2_Chirpan_4326,student,0,0
K-35-063-2_Chirpan_4326,student,0,0
K-35-063-2_Chirpan_4326,student,0,0
K-35-063-2_Chirpan_4326,student,0,0
K-35-063-2_Chirpan_4326,student,0,0
K-35-063-2_Chirpan_4326,student,0,0
K-35-063-2_Chirpan_4326,student,0,0
K-35-063-2_Chirpan_4326,student,0,0
K-35-063-2_Chirpan_4326,student,0,0
K-35-063-2_Chirpan_4326,student,0,0
K-35-063-2_Chirpan_4326,student,0,0
K-35-063-2_Chirpan_4326,student,0,0
K-35-063-2_Chirpan_4326,student,0,0
K-35-063-2_Chirpan_4326,student,0,0
K-35-063-2_Chirpan_4326,student,0,1
K-35-063-2_Chirpan_4326,student,0,1
K-35-063-2_Chirpan_4326,student,0,0
K-35-063-2_Chirpan_4326,student,0,0
K-35-063-2_Chirpan_4326,student,0,0
K-35-063-2_Chirpan_4326,student,0,0
K-35-063-2_Chirpan_4326,student,0,0
K-35-063-2_Chirpan_4326,student,1,1
K-35-063-2_Chirpan_4326,student,0,0
K-35-063-2_Chirpan_4326,student,0,0
K-35-063-2_Chirpan_4326,student,0,0
K-35-063-2_Chirpan_4326,student,0,1
K-35-063-2_Chirpan_4326,student,0,1
K-35-063-2_Chirpan_4326,student,0,0
K-35-063-2_Chirpan_4326,student,0,0
K-35-063-2_Chirpan_4326,student,0,0
K-35-063-2_Chirpan_4326,student,0,0
K-35-063-2_Chirpan_4326,student,0,0
K-35-063-2_Chirpan_4326,student,0,0
K-35-063-2_Chirpan_4326,student,0,0
K-35-063-2_Chirpan_4326,student,0,0
K-35-063-2_Chirpan_4326,student,0,0
K-35-063-2_Chirpan_4326,student,0,0
K-35-063-2_Chirpan_4326,student,1,1
K-35-063-2_Chirpan_4326,student,0,0
K-35-063-2_Chirpan_4326,student,1,1
K-35-063-2_Chirpan_4326,student,0,0
K-35-063-2_Chirpan_4326,student,0,0
K-35-063-2_Chirpan_4326,student,0,0
K-35-063-2_Chirpan_4326,student,0,0
K-35-063-2_Chirpan_4326,student,0,0
K-35-063-2_Chirpan_4326,student,0,0
K-35-063-2_Chirpan_4326,student,0,0
K-35-063-2_Chirpan_4326,student,0,0
K-35-063-2_Chirpan_4326,student,0,0
K-35-063-2_Chirpan_4326,student,0,0
K-35-063-2_Chirpan_4326,student,0,0
K-35-063-2_Chirpan_4326,student,0,0
K-35-063-2_Chirpan_4326,student,0,1
K-35-063-2_Chirpan_4326,student,0,2
K-35-063-2_Chirpan_4326,student,0,1
K-35-063-2_Chirpan_4326,student,0,0
K-35-063-2_Chirpan_4326,student,0,0
K-35-063-2_Chirpan_4326,student,0,0
K-35-063-2_Chirpan_4326,student,0,0
K-35-063-2_Chirpan_4326,student,0,0
K-35-063-2_Chirpan_4326,student,0,0
K-35-063-2_Chirpan_4326,student,0,0
K-35-063-2_Chirpan_4326,student,0,0
K-35-063-2_Chirpan_4326,student,0,0
K-35-063-2_Chirpan_4326,student,0,0
K-35-063-2_Chirpan_4326,student,0,0
K-35-063-2_Chirpan_4326,student,0,0
K-35-063-2_Chirpan_4326,student,0,0
K-35-063-2_Chirpan_4326,student,0,0
K-35-063-2_Chirpan_4326,student,0,0
K-35-063-2_Chirpan_4326,student,0,0
K-35-063-2_Chirpan_4326,student,0,0
K-35-063-2_Chirpan_4326,student,0,0
K-35-063-2_Chirpan_4326,student,0,0
K-35-063-2_Chirpan_4326,student,0,0
K-35-063-2_Chirpan_4326,student,0,1
K-35-063-2_Chirpan_4326,student,0,1
K-35-063-2_Chirpan_4326,student,0,0
K-35-063-2_Chirpan_4326,student,0,0
K-35-063-2_Chirpan_4326,student,0,0
K-35-063-2_Chirpan_4326,student,0,0
K-35-063-2_Chirpan_4326,student,0,0
K-35-063-2_Chirpan_4326,student,0,0
K-35-063-2_Chirpan_4326,student,0,0
K-35-063-2_Chirpan_4326,student,0,0
K-35-063-2_Chirpan_4326,student,0,0
K-35-063-2_Chirpan_4326,student,0,0
K-35-063-2_Chirpan_4326,student,0,0
K-35-063-2_Chirpan_4326,student,0,0
K-35-063-2_Chirpan_4326,student,0,0
K-35-063-2_Chirpan_4326,student,0,0
K-35-063-2_Chirpan_4326,student,0,0
K-35-063-2_Chirpan_4326,student,0,0
K-35-063-2_Chirpan_4326,student,0,0
K-35-063-2_Chirpan_4326,student,0,0
K-35-063-2_Chirpan_4326,student,0,1
K-35-063-2_Chirpan_4326,student,0,2
K-35-063-2_Chirpan_4326,student,0,1
K-35-063-2_Chirpan_4326,student,0,0
K-35-063-2_Chirpan_4326,student,0,0
K-35-063-2_Chirpan_4326,student,0,0
K-35-063-2_Chirpan_4326,student,0,0
K-35-063-2_Chirpan_4326,student,0,0
K-35-063-2_Chirpan_4326,student,0,0
K-35-063-2_Chirpan_4326,student,0,0
K-35-063-2_Chirpan_4326,student,0,0
K-35-063-2_Chirpan_4326,student,0,0
K-35-063-2_Chirpan_4326,student,0,0
K-35-063-2_Chirpan_4326,student,0,0
K-35-063-2_Chirpan_4326,student,0,0
K-35-063-2_Chirpan_4326,student,0,0
K-35-063-2_Chirpan_4326,student,0,0
K-35-063-2_Chirpan_4326,student,0,0
K-35-063-2_Chirpan_4326,student,1,1
K-35-063-2_Chirpan_4326,student,0,0
K-35-063-2_Chirpan_4326,student,0,0
K-35-063-2_Chirpan_4326,student,0,0
K-35-063-2_Chirpan_4326,student,0,0
K-35-063-2_Chirpan_4326,student,0,0
K-35-063-2_Chirpan_4326,student,0,0
K-35-063-2_Chirpan_4326,student,0,0
K-35-063-2_Chirpan_4326,student,0,0
K-35-063-2_Chirpan_4326,student,0,0
K-35-063-2_Chirpan_4326,student,0,0
K-35-063-2_Chirpan_4326,student,0,0
K-35-063-2_Chirpan_4326,reviewer_phantom,1,1
K-35-063-2_Chirpan_4326,reviewer_phantom,1,1
K-35-063-2_Chirpan_4326,reviewer_phantom,0,0
K-35-063-2_Chirpan_4326,reviewer_phantom,0,0
K-35-063-2_Chirpan_4326,reviewer_phantom,1,1
K-35-063-2_Chirpan_4326,reviewer_phantom,1,1
K-35-063-2_Chirpan_4326,reviewer_phantom,1,1
K-35-063-2_Chirpan_4326,reviewer_phantom,1,1
K-35-063-2_Chirpan_4326,reviewer_phantom,1,2
K-35-063-2_Chirpan_4326,reviewer_phantom,1,1
K-35-063-2_Chirpan_4326,reviewer_phantom,1,1
K-35-063-3_Tatarevo_4326,student,0,0
K-35-063-3_Tatarevo_4326,student,0,0
K-35-063-3_Tatarevo_4326,student,0,0
K-35-063-3_Tatarevo_4326,student,0,0
K-35-063-3_Tatarevo_4326,student,0,0
K-35-063-3_Tatarevo_4326,student,0,0
K-35-063-3_Tatarevo_4326,student,0,0
K-35-063-3_Tatarevo_4326,student,0,0
K-35-063-3_Tatarevo_4326,student,0,0
K-35-063-3_Tatarevo_4326,student,0,0
K-35-063-3_Tatarevo_4326,student,0,0
K-35-063-3_Tatarevo_4326,student,0,0
K-35-063-3_Tatarevo_4326,student,0,0
K-35-063-3_Tatarevo_4326,student,0,0
K-35-063-3_Tatarevo_4326,student,0,0
K-35-063-3_Tatarevo_4326,student,0,0
K-35-063-3_Tatarevo_4326,student,0,0
K-35-063-3_Tatarevo_4326,student,0,0
K-35-063-3_Tatarevo_4326,student,0,1
K-35-063-3_Tatarevo_4326,student,0,1
K-35-063-3_Tatarevo_4326,student,0,0
K-35-063-3_Tatarevo_4326,student,0,0
K-35-063-3_Tatarevo_4326,student,0,0
K-35-063-3_Tatarevo_4326,student,0,0
K-35-063-3_Tatarevo_4326,student,0,0
K-35-063-3_Tatarevo_4326,student,0,0
K-35-063-3_Tatarevo_4326,student,0,0
K-35-063-3_Tatarevo_4326,student,0,0
K-35-063-3_Tatarevo_4326,student,0,0
K-35-063-3_Tatarevo_4326,student,1,1
K-35-063-3_Tatarevo_4326,student,0,0
K-35-063-3_Tatarevo_4326,student,0,0
K-35-063-3_Tatarevo_4326,student,0,0
K-35-063-3_Tatarevo_4326,student,0,0
K-35-063-3_Tatarevo_4326,student,0,0
K-35-063-3_Tatarevo_4326,student,0,0
K-35-063-3_Tatarevo_4326,student,0,0
K-35-063-3_Tatarevo_4326,student,0,0
K-35-063-3_Tatarevo_4326,student,0,0
K-35-063-3_Tatarevo_4326,student,0,0
K-35-063-3_Tatarevo_4326,student,0,0
K-35-063-3_Tatarevo_4326,student,1,1
K-35-063-3_Tatarevo_4326,student,0,0
K-35-063-3_Tatarevo_4326,student,0,0
K-35-063-3_Tatarevo_4326,student,0,0
K-35-063-3_Tatarevo_4326,student,0,0
K-35-063-3_Tatarevo_4326,student,0,0
K-35-063-3_Tatarevo_4326,student,0,0
K-35-063-3_Tatarevo_4326,student,0,0
K-35-063-3_Tatarevo_4326,student,0,0
K-35-063-3_Tatarevo_4326,student,0,0
K-35-063-3_Tatarevo_4326,student,0,0
K-35-063-3_Tatarevo_4326,student,0,0
K-35-063-3_Tatarevo_4326,student,0,0
K-35-063-3_Tatarevo_4326,student,0,0
K-35-063-3_Tatarevo_4326,student,0,0
K-35-063-3_Tatarevo_4326,student,0,0
K-35-063-3_Tatarevo_4326,student,0,0
K-35-063-3_Tatarevo_4326,student,0,0
K-35-063-3_Tatarevo_4326,student,0,0
K-35-063-3_Tatarevo_4326,student,0,0
K-35-063-3_Tatarevo_4326,student,0,0
K-35-063-3_Tatarevo_4326,student,1,1
K-35-063-3_Tatarevo_4326,student,0,0
K-35-063-3_Tatarevo_4326,student,0,0
K-35-063-3_Tatarevo_4326,student,0,0
K-35-063-3_Tatarevo_4326,student,0,0
K-35-063-3_Tatarevo_4326,student,0,0
K-35-063-3_Tatarevo_4326,student,0,0
K-35-063-3_Tatarevo_4326,student,0,0
K-35-063-3_Tatarevo_4326,student,0,0
K-35-063-3_Tatarevo_4326,student,0,0
K-35-063-3_Tatarevo_4326,student,0,0
K-35-063-3_Tatarevo_4326,student,0,0
K-35-063-3_Tatarevo_4326,student,0,0
K-35-063-3_Tatarevo_4326,student,0,0
K-35-063-3_Tatarevo_4326,student,0,0
K-35-063-3_Tatarevo_4326,student,0,0
K-35-063-3_Tatarevo_4326,student,0,1
K-35-063-3_Tatarevo_4326,student,0,1
K-35-063-3_Tatarevo_4326,student,0,0
K-35-063-3_Tatarevo_4326,student,0,0
K-35-063-3_Tatarevo_4326,student,0,0
K-35-063-3_Tatarevo_4326,student,0,0
K-35-063-3_Tatarevo_4326,student,0,0
K-35-063-3_Tatarevo_4326,student,0,0
K-35-063-3_Tatarevo_4326,student,0,0
K-35-063-3_Tatarevo_4326,student,0,0
K-35-063-3_Tatarevo_4326,student,0,0
K-35-063-3_Tatarevo_4326,student,0,0
K-35-063-3_Tatarevo_4326,student,0,0
K-35-063-3_Tatarevo_4326,student,0,0
K-35-063-3_Tatarevo_4326,student,0,0
K-35-063-3_Tatarevo_4326,student,0,0
K-35-063-3_Tatarevo_4326,student,0,0
K-35-063-3_Tatarevo_4326,student,0,0
K-35-063-3_Tatarevo_4326,student,0,0
K-35-063-3_Tatarevo_4326,student,0,0
K-35-063-3_Tatarevo_4326,student,0,0
K-35-063-3_Tatarevo_4326,student,0,0
K-35-063-3_Tatarevo_4326,student,0,0
K-35-063-3_Tatarevo_4326,student,0,0
K-35-063-3_Tatarevo_4326,student,0,0
K-35-063-3_Tatarevo_4326,student,0,0
K-35-063-3_Tatarevo_4326,student,0,0
K-35-063-3_Tatarevo_4326,student,0,0
K-35-063-3_Tatarevo_4326,student,0,0
K-35-063-3_Tatarevo_4326,student,0,0
K-35-063-3_Tatarevo_4326,student,0,0
K-35-063-3_Tatarevo_4326,student,1,1
K-35-063-3_Tatarevo_4326,student,0,0
K-35-063-3_Tatarevo_4326,student,0,0
K-35-063-3_Tatarevo_4326,student,0,0
K-35-063-3_Tatarevo_4326,student,0,0
K-35-063-3_Tatarevo_4326,student,0,0
K-35-063-3_Tatarevo_4326,student,0,0
K-35-063-3_Tatarevo_4326,student,0,0
K-35-063-3_Tatarevo_4326,reviewer_phantom,1,1
K-35-063-3_Tatarevo_4326,reviewer_phantom,0,0
K-35-063-3_Tatarevo_4326,reviewer_phantom,0,0
K-35-063-3_Tatarevo_4326,reviewer_phantom,0,0
K-35-063-3_Tatarevo_4326,reviewer_phantom,1,1
K-35-063-3_Tatarevo_4326,reviewer_phantom,0,0
K-35-063-3_Tatarevo_4326,reviewer_phantom,1,1
K-35-063-3_Tatarevo_4326,reviewer_phantom,1,1
K-35-063-4_Skobelevo_4326,student,0,0
K-35-063-4_Skobelevo_4326,student,0,0
K-35-063-4_Skobelevo_4326,student,0,0
K-35-063-4_Skobelevo_4326,student,0,0
K-35-063-4_Skobelevo_4326,student,1,1
K-35-063-4_Skobelevo_4326,student,0,0
K-35-063-4_Skobelevo_4326,student,0,0
K-35-063-4_Skobelevo_4326,student,0,0
K-35-063-4_Skobelevo_4326,student,0,0
K-35-063-4_Skobelevo_4326,student,0,0
K-35-063-4_Skobelevo_4326,student,0,0
K-35-063-4_Skobelevo_4326,student,0,0
K-35-063-4_Skobelevo_4326,student,0,0
K-35-063-4_Skobelevo_4326,student,0,0
K-35-063-4_Skobelevo_4326,student,0,0
K-35-063-4_Skobelevo_4326,student,0,0
K-35-063-4_Skobelevo_4326,student,1,1
K-35-063-4_Skobelevo_4326,student,0,0
K-35-063-4_Skobelevo_4326,student,0,0
K-35-063-4_Skobelevo_4326,student,0,0
K-35-063-4_Skobelevo_4326,student,0,1
K-35-063-4_Skobelevo_4326,student,0,1
K-35-063-4_Skobelevo_4326,student,0,0
K-35-063-4_Skobelevo_4326,student,0,1
K-35-063-4_Skobelevo_4326,student,0,0
K-35-063-4_Skobelevo_4326,student,0,0
K-35-063-4_Skobelevo_4326,student,0,0
K-35-063-4_Skobelevo_4326,student,0,0
K-35-063-4_Skobelevo_4326,student,0,0
K-35-063-4_Skobelevo_4326,student,0,0
K-35-063-4_Skobelevo_4326,student,0,0
K-35-063-4_Skobelevo_4326,student,0,0
K-35-063-4_Skobelevo_4326,student,0,0
K-35-063-4_Skobelevo_4326,student,0,0
K-35-063-4_Skobelevo_4326,student,0,0
K-35-063-4_Skobelevo_4326,student,0,0
K-35-063-4_Skobelevo_4326,student,0,0
K-35-063-4_Skobelevo_4326,student,0,0
K-35-063-4_Skobelevo_4326,student,0,0
K-35-063-4_Skobelevo_4326,student,0,0
K-35-063-4_Skobelevo_4326,student,0,0
K-35-063-4_Skobelevo_4326,student,0,0
K-35-063-4_Skobelevo_4326,student,0,0
K-35-063-4_Skobelevo_4326,student,0,0
K-35-063-4_Skobelevo_4326,student,0,0
K-35-063-4_Skobelevo_4326,student,0,0
K-35-063-4_Skobelevo_4326,student,0,0
K-35-063-4_Skobelevo_4326,student,0,0
K-35-063-4_Skobelevo_4326,student,0,0
K-35-063-4_Skobelevo_4326,student,0,0
K-35-063-4_Skobelevo_4326,student,0,0
K-35-063-4_Skobelevo_4326,student,0,0
K-35-063-4_Skobelevo_4326,student,0,0
K-35-063-4_Skobelevo_4326,student,0,0
K-35-063-4_Skobelevo_4326,student,0,0
K-35-063-4_Skobelevo_4326,student,0,0
K-35-063-4_Skobelevo_4326,student,0,1
K-35-063-4_Skobelevo_4326,student,0,0
K-35-063-4_Skobelevo_4326,student,0,0
K-35-063-4_Skobelevo_4326,student,0,0
K-35-063-4_Skobelevo_4326,student,0,0
K-35-063-4_Skobelevo_4326,student,0,1
K-35-063-4_Skobelevo_4326,student,0,1
K-35-063-4_Skobelevo_4326,student,0,0
K-35-063-4_Skobelevo_4326,student,0,1
K-35-063-4_Skobelevo_4326,student,0,1
K-35-063-4_Skobelevo_4326,student,0,0
K-35-063-4_Skobelevo_4326,student,0,0
K-35-063-4_Skobelevo_4326,student,0,0
K-35-063-4_Skobelevo_4326,student,0,0
K-35-063-4_Skobelevo_4326,student,0,0
K-35-063-4_Skobelevo_4326,student,0,0
K-35-063-4_Skobelevo_4326,student,0,0
K-35-063-4_Skobelevo_4326,student,0,0
K-35-063-4_Skobelevo_4326,student,0,0
K-35-063-4_Skobelevo_4326,student,0,0
K-35-063-4_Skobelevo_4326,student,0,0
K-35-063-4_Skobelevo_4326,student,0,0
K-35-063-4_Skobelevo_4326,student,0,0
K-35-063-4_Skobelevo_4326,student,0,0
K-35-063-4_Skobelevo_4326,student,0,0
K-35-063-4_Skobelevo_4326,student,0,0
K-35-063-4_Skobelevo_4326,student,0,1
K-35-063-4_Skobelevo_4326,student,0,1
K-35-063-4_Skobelevo_4326,student,0,0
K-35-063-4_Skobelevo_4326,student,0,0
K-35-063-4_Skobelevo_4326,student,0,0
K-35-063-4_Skobelevo_4326,student,0,0
K-35-063-4_Skobelevo_4326,student,0,0
K-35-063-4_Skobelevo_4326,student,0,0
K-35-063-4_Skobelevo_4326,student,1,1
K-35-063-4_Skobelevo_4326,student,0,0
K-35-063-4_Skobelevo_4326,student,0,0
K-35-063-4_Skobelevo_4326,student,0,0
K-35-063-4_Skobelevo_4326,student,0,0
K-35-063-4_Skobelevo_4326,student,0,0
K-35-063-4_Skobelevo_4326,student,0,0
K-35-063-4_Skobelevo_4326,student,0,0
K-35-063-4_Skobelevo_4326,student,0,0
K-35-063-4_Skobelevo_4326,student,0,0
K-35-063-4_Skobelevo_4326,student,0,0
K-35-063-4_Skobelevo_4326,student,0,0
K-35-063-4_Skobelevo_4326,student,0,0
K-35-063-4_Skobelevo_4326,student,0,0
K-35-063-4_Skobelevo_4326,student,0,0
K-35-063-4_Skobelevo_4326,student,0,0
K-35-063-4_Skobelevo_4326,student,1,2
K-35-063-4_Skobelevo_4326,student,0,2
K-35-063-4_Skobelevo_4326,student,0,0
K-35-063-4_Skobelevo_4326,student,0,0
K-35-063-4_Skobelevo_4326,student,0,0
K-35-063-4_Skobelevo_4326,student,0,0
K-35-063-4_Skobelevo_4326,reviewer_phantom,0,0
K-35-063-4_Skobelevo_4326,reviewer_phantom,1,1
K-35-063-4_Skobelevo_4326,reviewer_phantom,0,0
K-35-063-4_Skobelevo_4326,reviewer_phantom,1,1
K-35-063-4_Skobelevo_4326,reviewer_phantom,1,2
K-35-063-4_Skobelevo_4326,reviewer_phantom,0,1
K-35-063-4_Skobelevo_4326,reviewer_phantom,0,2
K-35-063-4_Skobelevo_4326,reviewer_phantom,0,1
K-35-063-4_Skobelevo_4326,reviewer_phantom,0,1
K-35-063-4_Skobelevo_4326,reviewer_phantom,0,1
K-35-063-4_Skobelevo_4326,reviewer_phantom,0,0
K-35-063-4_Skobelevo_4326,reviewer_phantom,1,1
K-35-064-1_Sredets_4326,student,0,0
K-35-064-1_Sredets_4326,student,0,0
K-35-064-1_Sredets_4326,student,0,0
K-35-064-1_Sredets_4326,student,0,0
K-35-064-1_Sredets_4326,student,0,0
K-35-064-1_Sredets_4326,student,0,0
K-35-064-1_Sredets_4326,student,0,0
K-35-064-1_Sredets_4326,student,0,0
K-35-064-1_Sredets_4326,student,0,0
K-35-064-1_Sredets_4326,student,0,0
K-35-064-1_Sredets_4326,student,0,0
K-35-064-1_Sredets_4326,student,0,1
K-35-064-1_Sredets_4326,student,0,0
K-35-064-1_Sredets_4326,student,0,0
K-35-064-1_Sredets_4326,student,0,0
K-35-064-1_Sredets_4326,student,0,0
K-35-064-1_Sredets_4326,student,0,0
K-35-064-1_Sredets_4326,student,0,0
K-35-064-1_Sredets_4326,student,0,1
K-35-064-1_Sredets_4326,student,0,2
K-35-064-1_Sredets_4326,student,0,1
K-35-064-1_Sredets_4326,student,0,0
K-35-064-1_Sredets_4326,student,0,0
K-35-064-1_Sredets_4326,student,0,0
K-35-064-1_Sredets_4326,student,0,0
K-35-064-1_Sredets_4326,student,0,0
K-35-064-1_Sredets_4326,student,0,0
K-35-064-1_Sredets_4326,student,0,0
K-35-064-1_Sredets_4326,student,0,0
K-35-064-1_Sredets_4326,student,0,0
K-35-064-1_Sredets_4326,student,0,0
K-35-064-1_Sredets_4326,student,0,1
K-35-064-1_Sredets_4326,student,0,1
K-35-064-1_Sredets_4326,student,0,0
K-35-064-1_Sredets_4326,student,0,0
K-35-064-1_Sredets_4326,student,0,0
K-35-064-1_Sredets_4326,student,0,0
K-35-064-1_Sredets_4326,student,0,0
K-35-064-1_Sredets_4326,student,0,0
K-35-064-1_Sredets_4326,student,0,0
K-35-064-1_Sredets_4326,student,0,1
K-35-064-1_Sredets_4326,student,0,1
K-35-064-1_Sredets_4326,student,0,0
K-35-064-1_Sredets_4326,student,0,0
K-35-064-1_Sredets_4326,student,0,0
K-35-064-1_Sredets_4326,student,0,0
K-35-064-1_Sredets_4326,student,0,0
K-35-064-1_Sredets_4326,student,0,1
K-35-064-1_Sredets_4326,student,0,1
K-35-064-1_Sredets_4326,student,0,0
K-35-064-1_Sredets_4326,student,0,0
K-35-064-1_Sredets_4326,student,0,0
K-35-064-1_Sredets_4326,student,1,1
K-35-064-1_Sredets_4326,student,0,0
K-35-064-1_Sredets_4326,student,0,0
K-35-064-1_Sredets_4326,student,0,0
K-35-064-1_Sredets_4326,student,0,0
K-35-064-1_Sredets_4326,student,0,0
K-35-064-1_Sredets_4326,student,0,0
K-35-064-1_Sredets_4326,student,0,0
K-35-064-1_Sredets_4326,student,0,0
K-35-064-1_Sredets_4326,student,0,0
K-35-064-1_Sredets_4326,student,0,0
K-35-064-1_Sredets_4326,student,0,0
K-35-064-1_Sredets_4326,student,0,0
K-35-064-1_Sredets_4326,student,0,0
K-35-064-1_Sredets_4326,student,0,0
K-35-064-1_Sredets_4326,student,0,0
K-35-064-1_Sredets_4326,student,0,0
K-35-064-1_Sredets_4326,student,0,0
K-35-064-1_Sredets_4326,student,0,0
K-35-064-1_Sredets_4326,student,0,0
K-35-064-1_Sredets_4326,student,0,0
K-35-064-1_Sredets_4326,student,0,0
K-35-064-1_Sredets_4326,student,0,0
K-35-064-1_Sredets_4326,student,0,0
K-35-064-1_Sredets_4326,student,0,0
K-35-064-1_Sredets_4326,student,0,2
K-35-064-1_Sredets_4326,student,1,2
K-35-064-1_Sredets_4326,student,0,0
K-35-064-1_Sredets_4326,student,0,0
K-35-064-1_Sredets_4326,student,0,0
K-35-064-1_Sredets_4326,student,0,0
K-35-064-1_Sredets_4326,student,0,0
K-35-064-1_Sredets_4326,student,0,0
K-35-064-1_Sredets_4326,student,0,0
K-35-064-1_Sredets_4326,student,0,0
K-35-064-1_Sredets_4326,student,0,0
K-35-064-1_Sredets_4326,student,0,0
K-35-064-1_Sredets_4326,student,0,0
K-35-064-1_Sredets_4326,student,0,0
K-35-064-1_Sredets_4326,student,0,0
K-35-064-1_Sredets_4326,student,0,2
K-35-064-1_Sredets_4326,student,1,2
K-35-064-1_Sredets_4326,student,1,2
K-35-064-1_Sredets_4326,student,0,0
K-35-064-1_Sredets_4326,student,0,1
K-35-064-1_Sredets_4326,student,0,2
K-35-064-1_Sredets_4326,student,0,1
K-35-064-1_Sredets_4326,student,0,0
K-35-064-1_Sredets_4326,student,0,0
K-35-064-1_Sredets_4326,student,0,0
K-35-064-1_Sredets_4326,student,0,0
K-35-064-1_Sredets_4326,student,0,0
K-35-064-1_Sredets_4326,student,0,0
K-35-064-1_Sredets_4326,student,0,0
K-35-064-1_Sredets_4326,student,0,0
K-35-064-1_Sredets_4326,student,0,0
K-35-064-1_Sredets_4326,student,0,0
K-35-064-1_Sredets_4326,student,0,0
K-35-064-1_Sredets_4326,student,0,0
K-35-064-1_Sredets_4326,student,0,0
K-35-064-1_Sredets_4326,student,1,1
K-35-064-1_Sredets_4326,student,0,0
K-35-064-1_Sredets_4326,student,0,0
K-35-064-1_Sredets_4326,student,0,1
K-35-064-1_Sredets_4326,student,0,1
K-35-064-1_Sredets_4326,student,0,0
K-35-064-1_Sredets_4326,student,0,0
K-35-064-1_Sredets_4326,student,0,0
K-35-064-1_Sredets_4326,student,0,0
K-35-064-1_Sredets_4326,student,0,0
K-35-064-1_Sredets_4326,student,0,1
K-35-064-1_Sredets_4326,student,0,1
K-35-064-1_Sredets_4326,student,0,0
K-35-064-1_Sredets_4326,student,0,0
K-35-064-1_Sredets_4326,reviewer_phantom,0,0
K-35-064-1_Sredets_4326,reviewer_phantom,1,1
K-35-064-1_Sredets_4326,reviewer_phantom,0,0
K-35-064-1_Sredets_4326,reviewer_phantom,0,0
K-35-064-1_Sredets_4326,reviewer_phantom,0,0
K-35-064-1_Sredets_4326,reviewer_phantom,1,2
K-35-064-1_Sredets_4326,reviewer_phantom,1,1
K-35-064-1_Sredets_4326,reviewer_phantom,1,1
K-35-064-1_Sredets_4326,reviewer_phantom,0,0
K-35-064-1_Sredets_4326,reviewer_phantom,0,0
K-35-064-1_Sredets_4326,reviewer_phantom,0,0
K-35-064-1_Sredets_4326,reviewer_phantom,0,0
K-35-064-1_Sredets_4326,reviewer_phantom,0,0
K-35-064-1_Sredets_4326,reviewer_phantom,0,1
K-35-064-1_Sredets_4326,reviewer_phantom,1,1
K-35-064-1_Sredets_4326,reviewer_phantom,0,0
K-35-064-2_Radnevo_4326,student,0,0
K-35-064-2_Radnevo_4326,student,0,0
K-35-064-2_Radnevo_4326,student,0,0
K-35-064-2_Radnevo_4326,student,0,0
K-35-064-2_Radnevo_4326,student,0,0
K-35-064-2_Radnevo_4326,student,0,0
K-35-064-2_Radnevo_4326,student,0,0
K-35-064-2_Radnevo_4326,student,0,0
K-35-064-2_Radnevo_4326,student,0,0
K-35-064-2_Radnevo_4326,student,0,0
K-35-064-2_Radnevo_4326,student,0,0
K-35-064-2_Radnevo_4326,student,0,0
K-35-064-2_Radnevo_4326,student,0,0
K-35-064-2_Radnevo_4326,student,0,0
K-35-064-2_Radnevo_4326,student,0,0
K-35-064-2_Radnevo_4326,student,0,0
K-35-064-2_Radnevo_4326,student,0,0
K-35-064-2_Radnevo_4326,student,0,0
K-35-064-2_Radnevo_4326,student,0,0
K-35-064-2_Radnevo_4326,student,0,1
K-35-064-2_Radnevo_4326,student,0,0
K-35-064-2_Radnevo_4326,student,0,0
K-35-064-2_Radnevo_4326,student,0,0
K-35-064-2_Radnevo_4326,student,0,0
K-35-064-2_Radnevo_4326,student,0,0
K-35-064-2_Radnevo_4326,student,0,0
K-35-064-2_Radnevo_4326,student,0,0
K-35-064-2_Radnevo_4326,student,0,0
K-35-064-2_Radnevo_4326,student,0,0
K-35-064-2_Radnevo_4326,student,0,0
K-35-064-2_Radnevo_4326,student,0,0
K-35-064-2_Radnevo_4326,student,0,0
K-35-064-2_Radnevo_4326,student,0,0
K-35-064-2_Radnevo_4326,student,0,0
K-35-064-2_Radnevo_4326,student,0,0
K-35-064-2_Radnevo_4326,student,0,0
K-35-064-2_Radnevo_4326,student,0,0
K-35-064-2_Radnevo_4326,student,0,0
K-35-064-2_Radnevo_4326,student,0,0
K-35-064-2_Radnevo_4326,student,0,0
K-35-064-2_Radnevo_4326,student,0,0
K-35-064-2_Radnevo_4326,student,0,0
K-35-064-2_Radnevo_4326,student,0,0
K-35-064-2_Radnevo_4326,student,0,0
K-35-064-2_Radnevo_4326,student,0,0
K-35-064-2_Radnevo_4326,student,0,0
K-35-064-2_Radnevo_4326,student,0,0
K-35-064-2_Radnevo_4326,student,0,0
K-35-064-2_Radnevo_4326,student,0,0
K-35-064-2_Radnevo_4326,student,0,0
K-35-064-2_Radnevo_4326,student,0,0
K-35-064-2_Radnevo_4326,student,0,0
K-35-064-2_Radnevo_4326,student,0,0
K-35-064-2_Radnevo_4326,student,0,0
K-35-064-2_Radnevo_4326,student,0,0
K-35-064-2_Radnevo_4326,student,0,0
K-35-064-2_Radnevo_4326,student,0,0
K-35-064-2_Radnevo_4326,student,0,0
K-35-064-2_Radnevo_4326,student,0,0
K-35-064-2_Radnevo_4326,student,0,0
K-35-064-2_Radnevo_4326,student,0,0
K-35-064-2_Radnevo_4326,reviewer_phantom,0,0
K-35-064-2_Radnevo_4326,reviewer_phantom,0,0
K-35-064-2_Radnevo_4326,reviewer_phantom,0,1
K-35-064-2_Radnevo_4326,reviewer_phantom,0,0
K-35-064-2_Radnevo_4326,reviewer_phantom,0,0
K-35-064-2_Radnevo_4326,reviewer_phantom,0,0
K-35-064-2_Radnevo_4326,reviewer_phantom,0,0
K-35-064-2_Radnevo_4326,reviewer_phantom,0,0
K-35-064-2_Radnevo_4326,reviewer_phantom,0,0
K-35-064-2_Radnevo_4326,reviewer_phantom,0,0
K-35-064-2_Radnevo_4326,reviewer_phantom,0,0
K-35-064-3_Dimitrovgrad_4326,student,0,0
K-35-064-3_Dimitrovgrad_4326,student,0,0
K-35-064-3_Dimitrovgrad_4326,student,0,0
K-35-064-3_Dimitrovgrad_4326,student,0,0
K-35-064-3_Dimitrovgrad_4326,student,0,0
K-35-064-3_Dimitrovgrad_4326,student,0,0
K-35-064-3_Dimitrovgrad_4326,student,0,0
K-35-064-3_Dimitrovgrad_4326,student,0,0
K-35-064-3_Dimitrovgrad_4326,student,0,0
K-35-064-3_Dimitrovgrad_4326,student,0,0
K-35-064-3_Dimitrovgrad_4326,student,0,0
K-35-064-3_Dimitrovgrad_4326,student,0,0
K-35-064-3_Dimitrovgrad_4326,student,0,0
K-35-064-3_Dimitrovgrad_4326,student,0,0
K-35-064-3_Dimitrovgrad_4326,student,0,0
K-35-064-3_Dimitrovgrad_4326,student,0,0
K-35-064-3_Dimitrovgrad_4326,student,0,0
K-35-064-3_Dimitrovgrad_4326,student,1,1
K-35-064-3_Dimitrovgrad_4326,student,0,0
K-35-064-3_Dimitrovgrad_4326,student,0,0
K-35-064-3_Dimitrovgrad_4326,student,0,0
K-35-064-3_Dimitrovgrad_4326,student,0,0
K-35-064-3_Dimitrovgrad_4326,student,1,1
K-35-064-3_Dimitrovgrad_4326,student,0,0
K-35-064-3_Dimitrovgrad_4326,student,0,0
K-35-064-3_Dimitrovgrad_4326,student,0,0
K-35-064-3_Dimitrovgrad_4326,student,0,0
K-35-064-3_Dimitrovgrad_4326,student,0,0
K-35-064-3_Dimitrovgrad_4326,student,0,0
K-35-064-3_Dimitrovgrad_4326,student,0,0
K-35-064-3_Dimitrovgrad_4326,student,0,0
K-35-064-3_Dimitrovgrad_4326,student,0,0
K-35-064-3_Dimitrovgrad_4326,student,0,0
K-35-064-3_Dimitrovgrad_4326,student,0,0
K-35-064-3_Dimitrovgrad_4326,student,0,0
K-35-064-3_Dimitrovgrad_4326,student,0,0
K-35-064-3_Dimitrovgrad_4326,student,0,0
K-35-064-3_Dimitrovgrad_4326,student,0,0
K-35-064-3_Dimitrovgrad_4326,student,0,0
K-35-064-3_Dimitrovgrad_4326,student,0,0
K-35-064-3_Dimitrovgrad_4326,student,1,1
K-35-064-3_Dimitrovgrad_4326,student,0,0
K-35-064-3_Dimitrovgrad_4326,student,0,0
K-35-064-3_Dimitrovgrad_4326,student,0,0
K-35-064-3_Dimitrovgrad_4326,student,0,0
K-35-064-3_Dimitrovgrad_4326,student,0,0
K-35-064-3_Dimitrovgrad_4326,student,0,0
K-35-064-3_Dimitrovgrad_4326,student,0,0
K-35-064-3_Dimitrovgrad_4326,student,0,0
K-35-064-3_Dimitrovgrad_4326,student,0,0
K-35-064-3_Dimitrovgrad_4326,student,0,0
K-35-064-3_Dimitrovgrad_4326,student,0,0
K-35-064-3_Dimitrovgrad_4326,student,0,0
K-35-064-3_Dimitrovgrad_4326,student,0,0
K-35-064-3_Dimitrovgrad_4326,student,0,0
K-35-064-3_Dimitrovgrad_4326,student,0,0
K-35-064-3_Dimitrovgrad_4326,student,0,0
K-35-064-3_Dimitrovgrad_4326,student,0,0
K-35-064-3_Dimitrovgrad_4326,student,0,0
K-35-064-3_Dimitrovgrad_4326,student,0,0
K-35-064-3_Dimitrovgrad_4326,student,0,0
K-35-064-3_Dimitrovgrad_4326,student,0,0
K-35-064-3_Dimitrovgrad_4326,student,0,0
K-35-064-3_Dimitrovgrad_4326,student,0,0
K-35-064-3_Dimitrovgrad_4326,student,0,0
K-35-064-3_Dimitrovgrad_4326,student,0,0
K-35-064-3_Dimitrovgrad_4326,student,0,0
K-35-064-3_Dimitrovgrad_4326,student,0,0
K-35-064-3_Dimitrovgrad_4326,student,0,0
K-35-064-3_Dimitrovgrad_4326,student,0,0
K-35-064-3_Dimitrovgrad_4326,student,0,0
K-35-064-3_Dimitrovgrad_4326,student,0,0
K-35-064-3_Dimitrovgrad_4326,student,0,0
K-35-064-3_Dimitrovgrad_4326,student,0,0
K-35-064-3_Dimitrovgrad_4326,student,0,0
K-35-064-3_Dimitrovgrad_4326,student,0,0
K-35-064-3_Dimitrovgrad_4326,student,0,0
K-35-064-3_Dimitrovgrad_4326,student,0,0
K-35-064-3_Dimitrovgrad_4326,student,0,0
K-35-064-3_Dimitrovgrad_4326,student,0,0
K-35-064-3_Dimitrovgrad_4326,student,0,0
K-35-064-3_Dimitrovgrad_4326,student,0,0
K-35-064-3_Dimitrovgrad_4326,student,0,0
K-35-064-3_Dimitrovgrad_4326,student,0,0
K-35-064-3_Dimitrovgrad_4326,student,0,0
K-35-064-3_Dimitrovgrad_4326,student,0,0
K-35-064-3_Dimitrovgrad_4326,student,0,0
K-35-064-3_Dimitrovgrad_4326,student,0,0
K-35-064-3_Dimitrovgrad_4326,student,0,0
K-35-064-3_Dimitrovgrad_4326,student,0,0
K-35-064-3_Dimitrovgrad_4326,student,1,1
K-35-064-3_Dimitrovgrad_4326,student,0,0
K-35-064-3_Dimitrovgrad_4326,student,0,0
K-35-064-3_Dimitrovgrad_4326,student,0,0
K-35-064-3_Dimitrovgrad_4326,student,0,0
K-35-064-3_Dimitrovgrad_4326,student,0,0
K-35-064-3_Dimitrovgrad_4326,student,0,0
K-35-064-3_Dimitrovgrad_4326,student,0,0
K-35-064-3_Dimitrovgrad_4326,student,0,0
K-35-064-3_Dimitrovgrad_4326,reviewer_phantom,1,1
K-35-064-3_Dimitrovgrad_4326,reviewer_phantom,0,0
K-35-064-3_Dimitrovgrad_4326,reviewer_phantom,1,1
K-35-064-3_Dimitrovgrad_4326,reviewer_phantom,1,1
K-35-064-3_Dimitrovgrad_4326,reviewer_phantom,1,1
K-35-064-3_Dimitrovgrad_4326,reviewer_phantom,1,1
K-35-064-3_Dimitrovgrad_4326,reviewer_phantom,1,1
K-35-064-4_Galabovo_4326,student,0,0
K-35-064-4_Galabovo_4326,student,0,0
K-35-064-4_Galabovo_4326,student,0,0
K-35-064-4_Galabovo_4326,student,0,0
K-35-064-4_Galabovo_4326,student,0,0
K-35-064-4_Galabovo_4326,student,0,0
K-35-064-4_Galabovo_4326,student,0,0
K-35-064-4_Galabovo_4326,student,0,0
K-35-064-4_Galabovo_4326,student,0,0
K-35-064-4_Galabovo_4326,student,1,1
K-35-064-4_Galabovo_4326,student,0,0
K-35-064-4_Galabovo_4326,student,0,0
K-35-064-4_Galabovo_4326,student,0,0
K-35-064-4_Galabovo_4326,student,0,0
K-35-064-4_Galabovo_4326,student,0,0
K-35-064-4_Galabovo_4326,student,0,0
K-35-064-4_Galabovo_4326,student,0,0
K-35-064-4_Galabovo_4326,student,0,0
K-35-064-4_Galabovo_4326,student,0,0
K-35-064-4_Galabovo_4326,student,0,0
K-35-064-4_Galabovo_4326,student,0,0
K-35-064-4_Galabovo_4326,student,0,0
K-35-064-4_Galabovo_4326,student,0,0
K-35-064-4_Galabovo_4326,student,0,0
K-35-064-4_Galabovo_4326,student,0,0
K-35-064-4_Galabovo_4326,student,0,0
K-35-064-4_Galabovo_4326,student,0,0
K-35-064-4_Galabovo_4326,student,0,0
K-35-064-4_Galabovo_4326,student,0,0
K-35-064-4_Galabovo_4326,student,0,0
K-35-064-4_Galabovo_4326,student,0,1
K-35-064-4_Galabovo_4326,student,0,0
K-35-064-4_Galabovo_4326,student,0,0
K-35-064-4_Galabovo_4326,student,0,0
K-35-064-4_Galabovo_4326,student,0,0
K-35-064-4_Galabovo_4326,student,0,0
K-35-064-4_Galabovo_4326,student,0,0
K-35-064-4_Galabovo_4326,student,0,0
K-35-064-4_Galabovo_4326,student,0,0
K-35-064-4_Galabovo_4326,student,0,0
K-35-064-4_Galabovo_4326,student,0,0
K-35-064-4_Galabovo_4326,student,0,0
K-35-064-4_Galabovo_4326,student,0,0
K-35-064-4_Galabovo_4326,student,0,0
K-35-064-4_Galabovo_4326,student,0,0
K-35-064-4_Galabovo_4326,student,0,1
K-35-064-4_Galabovo_4326,student,0,0
K-35-064-4_Galabovo_4326,student,0,0
K-35-064-4_Galabovo_4326,student,0,0
K-35-064-4_Galabovo_4326,student,0,0
K-35-064-4_Galabovo_4326,student,0,0
K-35-064-4_Galabovo_4326,student,0,0
K-35-064-4_Galabovo_4326,student,0,0
K-35-064-4_Galabovo_4326,student,0,0
K-35-064-4_Galabovo_4326,student,0,0
K-35-064-4_Galabovo_4326,student,0,0
K-35-064-4_Galabovo_4326,student,0,0
K-35-064-4_Galabovo_4326,student,0,0
K-35-064-4_Galabovo_4326,student,0,0
K-35-064-4_Galabovo_4326,student,0,0
K-35-064-4_Galabovo_4326,student,0,0
K-35-064-4_Galabovo_4326,student,0,0
K-35-064-4_Galabovo_4326,student,0,0
K-35-064-4_Galabovo_4326,student,0,0
K-35-064-4_Galabovo_4326,student,0,0
K-35-064-4_Galabovo_4326,student,0,0
K-35-064-4_Galabovo_4326,student,0,0
K-35-064-4_Galabovo_4326,student,0,0
K-35-064-4_Galabovo_4326,student,0,0
K-35-064-4_Galabovo_4326,student,0,0
K-35-064-4_Galabovo_4326,student,0,0
K-35-064-4_Galabovo_4326,student,0,0
K-35-064-4_Galabovo_4326,student,0,0
K-35-064-4_Galabovo_4326,student,0,0
K-35-064-4_Galabovo_4326,student,0,0
K-35-064-4_Galabovo_4326,reviewer_phantom,0,0
K-35-064-4_Galabovo_4326,reviewer_phantom,0,0
K-35-064-4_Galabovo_4326,reviewer_phantom,0,1
K-35-064-4_Galabovo_4326,reviewer_phantom,0,1
K-35-064-4_Galabovo_4326,reviewer_phantom,0,0
K-35-064-4_Galabovo_4326,reviewer_phantom,0,0
K-35-064-4_Galabovo_4326,reviewer_phantom,1,1
K-35-065-1_Radetski_4326,student,0,0
K-35-065-1_Radetski_4326,student,0,0
K-35-065-1_Radetski_4326,student,0,0
K-35-065-1_Radetski_4326,student,0,0
K-35-065-1_Radetski_4326,student,0,0
K-35-065-1_Radetski_4326,student,0,0
K-35-065-1_Radetski_4326,student,0,0
K-35-065-1_Radetski_4326,student,0,0
K-35-065-1_Radetski_4326,student,0,0
K-35-065-1_Radetski_4326,student,0,0
K-35-065-1_Radetski_4326,student,0,0
K-35-065-1_Radetski_4326,student,0,0
K-35-065-1_Radetski_4326,student,0,0
K-35-065-1_Radetski_4326,student,0,0
K-35-065-1_Radetski_4326,student,0,0
K-35-065-1_Radetski_4326,student,0,0
K-35-065-1_Radetski_4326,student,0,0
K-35-065-1_Radetski_4326,student,0,0
K-35-065-1_Radetski_4326,student,0,0
K-35-065-1_Radetski_4326,student,1,1
K-35-065-1_Radetski_4326,student,0,0
K-35-065-1_Radetski_4326,student,0,0
K-35-065-1_Radetski_4326,student,0,0
K-35-065-1_Radetski_4326,student,0,0
K-35-065-1_Radetski_4326,student,0,0
K-35-065-1_Radetski_4326,student,0,0
K-35-065-1_Radetski_4326,student,0,0
K-35-065-1_Radetski_4326,student,0,0
K-35-065-1_Radetski_4326,student,0,0
K-35-065-1_Radetski_4326,student,0,0
K-35-065-1_Radetski_4326,student,0,0
K-35-065-1_Radetski_4326,student,0,0
K-35-065-1_Radetski_4326,student,0,0
K-35-065-1_Radetski_4326,student,0,0
K-35-065-1_Radetski_4326,student,0,0
K-35-065-1_Radetski_4326,student,0,0
K-35-065-1_Radetski_4326,student,0,0
K-35-065-1_Radetski_4326,student,0,0
K-35-065-1_Radetski_4326,student,0,0
K-35-065-1_Radetski_4326,student,0,0
K-35-065-1_Radetski_4326,student,0,0
K-35-065-1_Radetski_4326,student,0,0
K-35-065-1_Radetski_4326,student,0,0
K-35-065-1_Radetski_4326,student,0,0
K-35-065-1_Radetski_4326,student,0,0
K-35-065-1_Radetski_4326,student,0,0
K-35-065-1_Radetski_4326,student,0,0
K-35-065-1_Radetski_4326,student,0,0
K-35-065-1_Radetski_4326,student,0,0
K-35-065-1_Radetski_4326,student,0,0
K-35-065-1_Radetski_4326,student,0,0
K-35-065-1_Radetski_4326,student,0,0
K-35-065-1_Radetski_4326,student,0,0
K-35-065-1_Radetski_4326,student,0,0
K-35-065-1_Radetski_4326,student,0,0
K-35-065-1_Radetski_4326,student,0,0
K-35-065-1_Radetski_4326,student,0,0
K-35-065-1_Radetski_4326,student,0,0
K-35-065-1_Radetski_4326,student,0,0
K-35-065-1_Radetski_4326,student,0,0
K-35-065-1_Radetski_4326,student,0,0
K-35-065-1_Radetski_4326,student,0,0
K-35-065-1_Radetski_4326,student,0,0
K-35-065-1_Radetski_4326,student,0,0
K-35-065-1_Radetski_4326,student,0,0
K-35-065-1_Radetski_4326,student,0,0
K-35-065-1_Radetski_4326,student,0,0
K-35-065-1_Radetski_4326,student,0,0
K-35-065-1_Radetski_4326,student,0,0
K-35-065-1_Radetski_4326,student,0,0
K-35-065-1_Radetski_4326,student,0,0
K-35-065-1_Radetski_4326,student,0,0
K-35-065-1_Radetski_4326,student,0,0
K-35-065-1_Radetski_4326,student,0,0
K-35-065-1_Radetski_4326,student,0,0
K-35-065-1_Radetski_4326,student,0,0
K-35-065-1_Radetski_4326,student,0,0
K-35-065-1_Radetski_4326,student,0,0
K-35-065-1_Radetski_4326,student,0,0
K-35-065-1_Radetski_4326,student,0,1
K-35-065-1_Radetski_4326,student,0,2
K-35-065-1_Radetski_4326,student,0,1
K-35-065-1_Radetski_4326,student,0,0
K-35-065-1_Radetski_4326,student,0,0
K-35-065-1_Radetski_4326,student,0,0
K-35-065-1_Radetski_4326,student,0,0
K-35-065-1_Radetski_4326,student,0,0
K-35-065-1_Radetski_4326,student,0,0
K-35-065-1_Radetski_4326,student,0,0
K-35-065-1_Radetski_4326,student,0,0
K-35-065-1_Radetski_4326,student,0,0
K-35-065-1_Radetski_4326,student,0,0
K-35-065-1_Radetski_4326,student,0,0
K-35-065-1_Radetski_4326,student,0,0
K-35-065-1_Radetski_4326,student,0,0
K-35-065-1_Radetski_4326,student,0,0
K-35-065-1_Radetski_4326,student,0,0
K-35-065-1_Radetski_4326,student,0,0
K-35-065-1_Radetski_4326,student,0,0
K-35-065-1_Radetski_4326,student,0,0
K-35-065-1_Radetski_4326,student,0,0
K-35-065-1_Radetski_4326,student,0,0
K-35-065-1_Radetski_4326,student,0,0
K-35-065-1_Radetski_4326,student,0,0
K-35-065-1_Radetski_4326,student,0,0
K-35-065-1_Radetski_4326,student,0,0
K-35-065-1_Radetski_4326,student,0,0
K-35-065-1_Radetski_4326,student,0,0
K-35-065-1_Radetski_4326,student,0,0
K-35-065-1_Radetski_4326,student,0,0
K-35-065-1_Radetski_4326,student,0,0
K-35-065-1_Radetski_4326,student,0,0
K-35-065-1_Radetski_4326,reviewer_phantom,0,0
K-35-065-1_Radetski_4326,reviewer_phantom,1,1
K-35-065-1_Radetski_4326,reviewer_phantom,0,0
K-35-065-2_GManastir_4326,student,0,0
K-35-065-2_GManastir_4326,student,0,0
K-35-065-2_GManastir_4326,student,0,0
K-35-065-2_GManastir_4326,student,0,1
K-35-065-2_GManastir_4326,student,0,0
K-35-065-2_GManastir_4326,student,0,0
K-35-065-2_GManastir_4326,student,0,0
K-35-065-2_GManastir_4326,student,0,0
K-35-065-2_GManastir_4326,student,0,0
K-35-065-2_GManastir_4326,student,0,0
K-35-065-2_GManastir_4326,student,0,0
K-35-065-2_GManastir_4326,student,0,0
K-35-065-2_GManastir_4326,student,0,0
K-35-065-2_GManastir_4326,student,0,0
K-35-065-2_GManastir_4326,student,0,0
K-35-065-2_GManastir_4326,student,0,0
K-35-065-2_GManastir_4326,student,0,0
K-35-065-2_GManastir_4326,student,0,0
K-35-065-2_GManastir_4326,student,0,0
K-35-065-2_GManastir_4326,student,0,0
K-35-065-2_GManastir_4326,student,0,0
K-35-065-2_GManastir_4326,student,0,0
K-35-065-2_GManastir_4326,student,0,0
K-35-065-2_GManastir_4326,student,0,0
K-35-065-2_GManastir_4326,student,0,0
K-35-065-2_GManastir_4326,student,0,0
K-35-065-2_GManastir_4326,student,0,0
K-35-065-2_GManastir_4326,student,0,0
K-35-065-2_GManastir_4326,student,0,0
K-35-065-2_GManastir_4326,student,0,0
K-35-065-2_GManastir_4326,student,0,0
K-35-065-2_GManastir_4326,student,0,0
K-35-065-2_GManastir_4326,student,0,1
K-35-065-2_GManastir_4326,student,0,0
K-35-065-2_GManastir_4326,student,0,0
K-35-065-2_GManastir_4326,student,0,0
K-35-065-2_GManastir_4326,student,0,0
K-35-065-2_GManastir_4326,student,0,0
K-35-065-2_GManastir_4326,student,0,0
K-35-065-2_GManastir_4326,student,0,1
K-35-065-2_GManastir_4326,student,0,0
K-35-065-2_GManastir_4326,student,0,0
K-35-065-2_GManastir_4326,student,0,0
K-35-065-2_GManastir_4326,student,0,0
K-35-065-2_GManastir_4326,student,0,0
K-35-065-2_GManastir_4326,student,0,0
K-35-065-2_GManastir_4326,student,0,0
K-35-065-2_GManastir_4326,student,0,0
K-35-065-2_GManastir_4326,student,0,0
K-35-065-2_GManastir_4326,student,0,0
K-35-065-2_GManastir_4326,student,0,0
K-35-065-2_GManastir_4326,student,0,0
K-35-065-2_GManastir_4326,student,0,0
K-35-065-2_GManastir_4326,student,0,0
K-35-065-2_GManastir_4326,student,0,0
K-35-065-2_GManastir_4326,student,0,0
K-35-065-2_GManastir_4326,student,0,0
K-35-065-2_GManastir_4326,student,0,0
K-35-065-2_GManastir_4326,student,0,0
K-35-065-2_GManastir_4326,student,0,0
K-35-065-2_GManastir_4326,student,0,0
K-35-065-2_GManastir_4326,student,0,0
K-35-065-2_GManastir_4326,student,0,0
K-35-065-2_GManastir_4326,student,0,0
K-35-065-2_GManastir_4326,student,0,0
K-35-065-2_GManastir_4326,student,0,1
K-35-065-2_GManastir_4326,student,0,1
K-35-065-2_GManastir_4326,student,0,0
K-35-065-2_GManastir_4326,student,0,0
K-35-065-2_GManastir_4326,student,0,0
K-35-065-2_GManastir_4326,student,0,0
K-35-065-2_GManastir_4326,student,0,0
K-35-065-2_GManastir_4326,student,0,0
K-35-065-2_GManastir_4326,student,0,0
K-35-065-2_GManastir_4326,student,0,0
K-35-065-2_GManastir_4326,student,0,0
K-35-065-2_GManastir_4326,student,0,0
K-35-065-2_GManastir_4326,student,0,0
K-35-065-2_GManastir_4326,student,0,0
K-35-065-2_GManastir_4326,student,0,0
K-35-065-2_GManastir_4326,student,0,0
K-35-065-2_GManastir_4326,student,0,0
K-35-065-2_GManastir_4326,student,0,0
K-35-065-2_GManastir_4326,student,0,0
K-35-065-2_GManastir_4326,student,0,0
K-35-065-2_GManastir_4326,student,0,0
K-35-065-2_GManastir_4326,student,0,1
K-35-065-2_GManastir_4326,student,0,0
K-35-065-2_GManastir_4326,student,0,0
K-35-065-2_GManastir_4326,student,0,0
K-35-065-2_GManastir_4326,student,0,0
K-35-065-2_GManastir_4326,reviewer_phantom,0,0
K-35-065-3_Glavan_4326,student,0,0
K-35-065-3_Glavan_4326,student,0,0
K-35-065-3_Glavan_4326,student,0,0
K-35-065-3_Glavan_4326,student,0,0
K-35-065-3_Glavan_4326,student,0,0
K-35-065-3_Glavan_4326,student,0,0
K-35-065-3_Glavan_4326,student,0,0
K-35-065-3_Glavan_4326,student,0,0
K-35-065-3_Glavan_4326,student,0,0
K-35-065-3_Glavan_4326,student,0,0
K-35-065-3_Glavan_4326,student,0,0
K-35-065-3_Glavan_4326,student,0,0
K-35-065-3_Glavan_4326,student,0,0
K-35-065-3_Glavan_4326,student,0,0
K-35-065-3_Glavan_4326,student,0,0
K-35-065-3_Glavan_4326,student,0,0
K-35-065-3_Glavan_4326,student,0,0
K-35-065-3_Glavan_4326,student,0,0
K-35-065-3_Glavan_4326,student,0,0
K-35-065-3_Glavan_4326,student,0,0
K-35-065-3_Glavan_4326,student,0,0
K-35-065-3_Glavan_4326,student,0,0
K-35-065-3_Glavan_4326,student,0,0
K-35-065-3_Glavan_4326,student,0,0
K-35-065-3_Glavan_4326,student,0,0
K-35-065-3_Glavan_4326,student,0,0
K-35-065-3_Glavan_4326,student,0,0
K-35-065-3_Glavan_4326,student,0,0
K-35-065-3_Glavan_4326,student,0,0
K-35-065-3_Glavan_4326,student,0,0
K-35-065-3_Glavan_4326,student,0,0
K-35-065-3_Glavan_4326,student,1,1
K-35-065-3_Glavan_4326,student,0,0
K-35-065-3_Glavan_4326,student,0,0
K-35-065-3_Glavan_4326,student,0,0
K-35-065-3_Glavan_4326,student,0,0
K-35-065-3_Glavan_4326,student,0,0
K-35-065-3_Glavan_4326,student,0,0
K-35-065-3_Glavan_4326,student,0,0
K-35-065-3_Glavan_4326,student,0,0
K-35-065-3_Glavan_4326,student,0,0
K-35-065-3_Glavan_4326,student,0,0
K-35-065-3_Glavan_4326,student,0,0
K-35-065-3_Glavan_4326,student,0,0
K-35-065-3_Glavan_4326,student,0,0
K-35-065-3_Glavan_4326,student,0,0
K-35-065-3_Glavan_4326,student,0,0
K-35-065-3_Glavan_4326,student,0,0
K-35-065-3_Glavan_4326,student,0,0
K-35-065-3_Glavan_4326,student,0,0
K-35-065-3_Glavan_4326,student,0,0
K-35-065-3_Glavan_4326,student,0,0
K-35-065-3_Glavan_4326,student,0,0
K-35-065-3_Glavan_4326,student,0,0
K-35-065-3_Glavan_4326,student,0,0
K-35-065-3_Glavan_4326,student,1,1
K-35-065-3_Glavan_4326,student,0,0
K-35-065-3_Glavan_4326,student,0,0
K-35-065-3_Glavan_4326,student,0,0
K-35-065-3_Glavan_4326,student,1,1
K-35-065-3_Glavan_4326,student,0,0
K-35-065-3_Glavan_4326,student,0,0
K-35-065-3_Glavan_4326,student,0,0
K-35-065-3_Glavan_4326,student,0,0
K-35-065-3_Glavan_4326,student,0,0
K-35-065-3_Glavan_4326,student,0,0
K-35-065-3_Glavan_4326,student,0,0
K-35-065-3_Glavan_4326,student,0,0
K-35-065-3_Glavan_4326,student,0,0
K-35-065-3_Glavan_4326,student,0,0
K-35-065-3_Glavan_4326,student,0,0
K-35-065-3_Glavan_4326,student,0,0
K-35-065-3_Glavan_4326,student,0,0
K-35-065-3_Glavan_4326,reviewer_phantom,1,1
K-35-065-3_Glavan_4326,reviewer_phantom,0,0
K-35-065-3_Glavan_4326,reviewer_phantom,1,1
K-35-065-3_Glavan_4326,reviewer_phantom,0,0
K-35-065-3_Glavan_4326,reviewer_phantom,0,0
K-35-065-3_Glavan_4326,reviewer_phantom,1,1
K-35-065-4,student,0,0
K-35-065-4,student,0,0
K-35-065-4,student,0,0
K-35-065-4,student,0,0
K-35-065-4,student,0,0
K-35-065-4,student,0,0
K-35-065-4,student,0,0
K-35-065-4,student,0,0
K-35-065-4,student,0,0
K-35-065-4,student,0,0
K-35-065-4,student,0,0
K-35-065-4,student,0,0
K-35-065-4,student,0,0
K-35-065-4,student,0,0
K-35-065-4,student,0,0
K-35-065-4,student,0,0
K-35-065-4,student,0,0
K-35-065-4,student,0,0
K-35-065-4,student,0,0
K-35-065-4,student,0,0
K-35-065-4,student,0,0
K-35-065-4,student,0,0
K-35-065-4,student,0,0
K-35-065-4,student,0,0
K-35-065-4,student,0,0
K-35-065-4,student,0,0
K-35-065-4,student,0,0
K-35-065-4,student,0,0
K-35-065-4,student,0,0
K-35-065-4,student,0,0
K-35-065-4,student,0,0
K-35-065-4,student,0,0
K-35-065-4,student,0,0
K-35-065-4,student,0,0
K-35-065-4,student,0,0
K-35-065-4,student,0,0
K-35-065-4,student,0,0
K-35-065-4,student,0,0
K-35-065-4,student,0,0
K-35-065-4,student,0,0
K-35-065-4,student,0,0
K-35-065-4,student,0,0
K-35-065-4,student,0,0
K-35-065-4,reviewer_phantom,0,0
K-35-066-1,student,0,0
K-35-066-1,student,1,2
K-35-066-1,student,0,0
K-35-066-1,student,0,0
K-35-066-1,student,0,0
K-35-066-1,student,0,0
K-35-066-1,student,0,0
K-35-066-1,student,0,0
K-35-066-1,student,0,0
K-35-066-1,student,0,0
K-35-066-1,student,1,1
K-35-066-1,student,0,0
K-35-066-1,student,0,0
K-35-066-1,student,0,1
K-35-066-1,student,0,1
K-35-066-1,student,0,0
K-35-066-1,student,0,0
K-35-066-1,student,0,0
K-35-066-1,student,0,0
K-35-066-1,student,0,0
K-35-066-1,student,0,0
K-35-066-1,student,0,0
K-35-066-1,student,0,0
K-35-066-1,student,0,0
K-35-066-1,student,0,1
K-35-066-1,student,0,2
K-35-066-1,student,0,1
K-35-066-1,student,0,0
K-35-066-1,student,0,0
K-35-066-1,student,0,0
K-35-066-1,student,0,0
K-35-066-1,student,0,0
K-35-066-1,student,0,0
K-35-066-1,student,0,0
K-35-066-1,student,0,0
K-35-066-1,student,0,0
K-35-066-1,student,0,0
K-35-066-1,student,0,0
K-35-066-1,student,0,0
K-35-066-1,student,0,0
K-35-066-1,student,0,0
K-35-066-1,student,0,0
K-35-066-1,student,0,0
K-35-066-1,student,0,0
K-35-066-1,student,0,0
K-35-066-1,student,0,0
K-35-066-1,student,0,0
K-35-066-1,student,0,0
K-35-066-1,student,0,1
K-35-066-1,student,0,1
K-35-066-1,student,0,0
K-35-066-1,student,0,0
K-35-066-1,student,0,0
K-35-066-1,student,0,0
K-35-066-1,student,0,0
K-35-066-1,student,0,0
K-35-066-1,student,0,0
K-35-066-1,student,0,0
K-35-066-1,student,0,0
K-35-066-1,student,0,0
K-35-066-1,student,0,0
K-35-066-1,student,0,0
K-35-066-1,student,0,0
K-35-066-1,student,1,1
K-35-066-1,student,0,0
K-35-066-1,student,0,0
K-35-066-1,student,0,0
K-35-066-1,student,0,0
K-35-066-1,student,0,0
K-35-066-1,student,0,1
K-35-066-1,student,0,1
K-35-066-1,student,0,0
K-35-066-1,student,0,1
K-35-066-1,student,0,0
K-35-066-1,student,0,0
K-35-066-1,student,0,0
K-35-066-1,student,0,0
K-35-066-1,student,0,0
K-35-066-1,student,0,0
K-35-066-1,student,0,0
K-35-066-1,student,0,0
K-35-066-1,student,0,0
K-35-066-1,student,1,1
K-35-066-1,student,0,1
K-35-066-1,student,0,1
K-35-066-1,student,0,0
K-35-066-1,student,0,1
K-35-066-1,student,0,0
K-35-066-1,student,0,0
K-35-066-1,student,0,0
K-35-066-1,student,0,0
K-35-066-1,student,0,0
K-35-066-1,student,1,1
K-35-066-1,student,0,1
K-35-066-1,student,0,0
K-35-066-1,student,0,0
K-35-066-1,student,0,0
K-35-066-1,student,0,0
K-35-066-1,student,0,0
K-35-066-1,student,0,0
K-35-066-1,student,0,1
K-35-066-1,student,0,1
K-35-066-1,student,0,0
K-35-066-1,student,0,0
K-35-066-1,student,0,0
K-35-066-1,student,0,1
K-35-066-1,student,0,1
K-35-066-1,student,0,0
K-35-066-1,student,0,0
K-35-066-1,student,0,0
K-35-066-1,student,0,0
K-35-066-1,student,0,0
K-35-066-1,student,0,0
K-35-066-1,student,0,0
K-35-066-1,student,0,0
K-35-066-1,student,0,0
K-35-066-1,student,0,0
K-35-066-1,student,0,0
K-35-066-1,student,0,0
K-35-066-1,student,0,0
K-35-066-1,student,0,0
K-35-066-1,student,0,0
K-35-066-1,student,0,0
K-35-066-1,student,0,0
K-35-066-1,student,0,0
K-35-066-1,student,0,0
K-35-066-1,student,0,0
K-35-066-1,student,0,0
K-35-066-1,student,0,0
K-35-066-1,student,0,0
K-35-066-1,student,0,0
K-35-066-1,student,0,0
K-35-066-1,student,0,0
K-35-066-1,student,0,1
K-35-066-1,student,0,0
K-35-066-1,student,0,1
K-35-066-1,student,1,1
K-35-066-1,student,0,0
K-35-066-1,student,0,0
K-35-066-1,student,0,0
K-35-066-1,student,0,0
K-35-066-1,student,0,0
K-35-066-1,student,0,0
K-35-066-1,student,0,0
K-35-066-1,student,0,0
K-35-066-1,student,0,0
K-35-066-1,student,0,0
K-35-066-1,student,0,0
K-35-066-1,student,0,0
K-35-066-1,student,0,0
K-35-066-1,student,0,0
K-35-066-1,student,1,2
K-35-066-1,student,0,0
K-35-066-1,student,0,0
K-35-066-1,student,0,1
K-35-066-1,student,0,1
K-35-066-1,student,0,0
K-35-066-1,student,0,0
K-35-066-1,student,0,0
K-35-066-1,student,0,0
K-35-066-1,student,0,0
K-35-066-1,student,0,0
K-35-066-1,reviewer_phantom,0,0
K-35-066-1,reviewer_phantom,1,1
K-35-066-1,reviewer_phantom,1,2
K-35-066-1,reviewer_phantom,0,0
K-35-066-1,reviewer_phantom,1,1
K-35-066-1,reviewer_phantom,0,0
K-35-066-1,reviewer_phantom,0,1
K-35-066-1,reviewer_phantom,1,1
K-35-066-1,reviewer_phantom,1,1
K-35-066-1,reviewer_phantom,1,1
K-35-066-1,reviewer_phantom,1,1
K-35-066-1,reviewer_phantom,0,1
K-35-066-1,reviewer_phantom,0,0
K-35-066-1,reviewer_phantom,2,2
K-35-066-2,student,0,0
K-35-066-2,student,0,0
K-35-066-2,student,0,0
K-35-066-2,student,0,0
K-35-066-2,student,0,0
K-35-066-2,student,0,0
K-35-066-2,student,0,0
K-35-066-2,student,0,0
K-35-066-2,student,0,0
K-35-066-2,student,0,0
K-35-066-2,student,0,0
K-35-066-2,student,0,0
K-35-066-2,student,0,0
K-35-066-2,student,0,0
K-35-066-2,student,0,0
K-35-066-2,student,0,0
K-35-066-2,student,0,0
K-35-066-2,student,0,0
K-35-066-2,student,0,0
K-35-066-2,student,0,0
K-35-066-2,student,0,1
K-35-066-2,student,0,1
K-35-066-2,student,0,0
K-35-066-2,student,0,0
K-35-066-2,student,0,0
K-35-066-2,student,0,0
K-35-066-2,student,0,0
K-35-066-2,student,0,1
K-35-066-2,student,0,1
K-35-066-2,student,0,0
K-35-066-2,student,0,0
K-35-066-2,student,0,0
K-35-066-2,student,0,0
K-35-066-2,student,0,0
K-35-066-2,student,0,0
K-35-066-2,student,0,0
K-35-066-2,student,0,0
K-35-066-2,student,0,0
K-35-066-2,student,0,0
K-35-066-2,student,0,0
K-35-066-2,student,0,0
K-35-066-2,student,0,0
K-35-066-2,student,0,0
K-35-066-2,student,0,0
K-35-066-2,student,0,0
K-35-066-2,student,0,0
K-35-066-2,student,0,0
K-35-066-2,student,0,0
K-35-066-2,student,0,0
K-35-066-2,student,0,0
K-35-066-2,student,0,0
K-35-066-2,student,0,0
K-35-066-2,student,0,0
K-35-066-2,student,1,1
K-35-066-2,student,0,0
K-35-066-2,student,0,0
K-35-066-2,student,0,0
K-35-066-2,student,0,0
K-35-066-2,student,0,0
K-35-066-2,student,0,0
K-35-066-2,student,0,0
K-35-066-2,student,0,0
K-35-066-2,student,0,0
K-35-066-2,student,1,1
K-35-066-2,student,0,0
K-35-066-2,student,0,0
K-35-066-2,student,0,0
K-35-066-2,student,0,0
K-35-066-2,student,0,0
K-35-066-2,student,0,0
K-35-066-2,student,0,0
K-35-066-2,student,0,0
K-35-066-2,student,0,0
K-35-066-2,student,0,0
K-35-066-2,student,0,0
K-35-066-2,student,0,1
K-35-066-2,student,0,1
K-35-066-2,student,0,0
K-35-066-2,student,0,0
K-35-066-2,student,0,0
K-35-066-2,student,0,0
K-35-066-2,student,0,0
K-35-066-2,reviewer_phantom,0,1
K-35-066-2,reviewer_phantom,0,0
K-35-066-2,reviewer_phantom,0,0
K-35-066-2,reviewer_phantom,0,0
K-35-066-2,reviewer_phantom,1,1
K-35-066-2,reviewer_phantom,1,1
K-35-066-2,reviewer_phantom,0,1
K-35-066-3,student,0,0
K-35-066-3,student,0,0
K-35-066-3,student,0,0
K-35-066-3,student,0,0
K-35-066-3,student,0,0
K-35-066-3,student,0,0
K-35-066-3,student,0,0
K-35-066-3,student,0,1
K-35-066-3,student,0,0
K-35-066-3,student,0,0
K-35-066-3,student,0,1
K-35-066-3,student,0,1
K-35-066-3,student,0,0
K-35-066-3,student,0,0
K-35-066-3,student,0,0
K-35-066-3,student,0,0
K-35-066-3,student,0,0
K-35-066-3,student,0,0
K-35-066-3,student,0,0
K-35-066-3,student,0,0
K-35-066-3,student,0,0
K-35-066-3,student,0,0
K-35-066-3,student,0,0
K-35-066-3,student,0,0
K-35-066-3,student,0,0
K-35-066-3,student,0,0
K-35-066-3,student,0,0
K-35-066-3,student,0,0
K-35-066-3,student,0,0
K-35-066-3,student,0,1
K-35-066-3,student,0,0
K-35-066-3,student,0,0
K-35-066-3,student,1,1
K-35-066-3,student,0,1
K-35-066-3,student,0,0
K-35-066-3,student,0,0
K-35-066-3,student,0,0
K-35-066-3,student,0,0
K-35-066-3,student,0,1
K-35-066-3,student,0,0
K-35-066-3,student,0,0
K-35-066-3,student,0,1
K-35-066-3,student,0,1
K-35-066-3,student,0,0
K-35-066-3,student,0,0
K-35-066-3,student,0,0
K-35-066-3,student,0,0
K-35-066-3,student,0,0
K-35-066-3,student,0,1
K-35-066-3,student,0,0
K-35-066-3,student,0,0
K-35-066-3,student,0,1
K-35-066-3,student,0,2
K-35-066-3,student,0,2
K-35-066-3,student,0,1
K-35-066-3,student,0,1
K-35-066-3,student,0,1
K-35-066-3,student,0,0
K-35-066-3,student,0,0
K-35-066-3,student,0,0
K-35-066-3,student,0,0
K-35-066-3,student,0,0
K-35-066-3,student,0,0
K-35-066-3,student,0,0
K-35-066-3,student,0,0
K-35-066-3,student,0,0
K-35-066-3,student,0,0
K-35-066-3,student,0,0
K-35-066-3,student,0,0
K-35-066-3,student,0,0
K-35-066-3,student,0,0
K-35-066-3,student,0,0
K-35-066-3,student,0,0
K-35-066-3,student,0,0
K-35-066-3,student,0,0
K-35-066-3,student,0,0
K-35-066-3,student,0,0
K-35-066-3,student,0,0
K-35-066-3,student,0,0
K-35-066-3,student,0,0
K-35-066-3,student,0,0
K-35-066-3,student,0,0
K-35-066-3,student,0,0
K-35-066-3,student,0,0
K-35-066-3,student,0,0
K-35-066-3,student,0,0
K-35-066-3,student,0,0
K-35-066-3,student,0,0
K-35-066-3,student,0,0
K-35-066-3,student,0,0
K-35-066-3,student,0,0
K-35-066-3,student,0,0
K-35-066-3,student,0,0
K-35-066-3,student,0,0
K-35-066-3,student,0,0
K-35-066-3,student,0,0
K-35-066-3,student,0,0
K-35-066-3,student,0,0
K-35-066-3,student,0,0
K-35-066-3,student,0,0
K-35-066-3,student,1,1
K-35-066-3,student,0,0
K-35-066-3,student,0,0
K-35-066-3,student,0,0
K-35-066-3,reviewer_phantom,0,0
K-35-066-3,reviewer_phantom,0,1
K-35-066-3,reviewer_phantom,0,1
K-35-066-3,reviewer_phantom,1,1
K-35-066-3,reviewer_phantom,0,0
K-35-066-3,reviewer_phantom,0,1
K-35-066-3,reviewer_phantom,1,1
K-35-066-3,reviewer_phantom,0,1
K-35-066-3,reviewer_phantom,0,1
K-35-066-4,student,0,0
K-35-066-4,student,0,0
K-35-066-4,student,0,0
K-35-066-4,student,0,0
K-35-066-4,student,0,0
K-35-066-4,student,0,0
K-35-066-4,student,0,0
K-35-066-4,student,0,0
K-35-066-4,student,0,0
K-35-066-4,student,0,0
K-35-066-4,student,1,1
K-35-066-4,student,0,0
K-35-066-4,student,0,0
K-35-066-4,student,0,0
K-35-066-4,student,0,0
K-35-066-4,student,0,0
K-35-066-4,student,0,0
K-35-066-4,student,0,0
K-35-066-4,student,0,0
K-35-066-4,student,0,0
K-35-066-4,student,0,0
K-35-066-4,student,0,0
K-35-066-4,student,0,0
K-35-066-4,student,0,0
K-35-066-4,student,0,0
K-35-066-4,student,0,0
K-35-066-4,student,0,0
K-35-066-4,student,0,0
K-35-066-4,student,0,0
K-35-066-4,student,0,0
K-35-066-4,student,0,0
K-35-066-4,student,0,0
K-35-066-4,student,0,0
K-35-066-4,student,0,0
K-35-066-4,student,0,0
K-35-066-4,student,0,0
K-35-066-4,student,0,0
K-35-066-4,student,0,0
K-35-066-4,student,0,0
K-35-066-4,student,0,0
K-35-066-4,student,0,0
K-35-066-4,student,1,1
K-35-066-4,student,0,0
K-35-066-4,student,0,0
K-35-066-4,student,0,0
K-35-066-4,student,0,0
K-35-066-4,student,0,0
K-35-066-4,student,0,0
K-35-066-4,student,0,0
K-35-066-4,student,0,0
K-35-066-4,student,0,0
K-35-066-4,student,0,0
K-35-066-4,student,0,0
K-35-066-4,student,0,0
K-35-066-4,student,0,0
K-35-066-4,student,0,0
K-35-066-4,student,0,0
K-35-066-4,student,0,0
K-35-066-4,student,0,0
K-35-066-4,student,0,0
K-35-066-4,student,0,0
K-35-066-4,student,0,0
K-35-066-4,student,0,1
K-35-066-4,student,1,1
K-35-066-4,student,0,0
K-35-066-4,student,0,0
K-35-066-4,student,0,0
K-35-066-4,student,0,0
K-35-066-4,student,0,0
K-35-066-4,student,0,0
K-35-066-4,student,0,0
K-35-066-4,reviewer_phantom,1,1
K-35-066-4,reviewer_phantom,1,1
K-35-066-4,reviewer_phantom,1,2
K-35-067-1,student,0,0
K-35-067-1,student,0,0
K-35-067-1,student,0,0
K-35-067-1,student,0,0
K-35-067-1,student,0,0
K-35-067-1,student,0,0
K-35-067-1,student,0,0
K-35-067-1,student,0,0
K-35-067-1,student,0,0
K-35-067-1,student,0,0
K-35-067-1,student,0,0
K-35-067-1,student,0,0
K-35-067-1,student,0,0
K-35-067-1,student,0,0
K-35-067-1,student,0,0
K-35-067-1,student,0,0
K-35-067-1,student,0,0
K-35-067-1,student,0,0
K-35-067-1,student,0,0
K-35-067-1,student,0,0
K-35-067-1,student,0,0
K-35-067-1,student,0,0
K-35-067-1,student,0,0
K-35-067-1,student,0,0
K-35-067-1,student,0,0
K-35-067-1,student,0,0
K-35-067-1,student,0,0
K-35-067-1,student,0,0
K-35-067-1,student,0,0
K-35-067-1,student,0,0
K-35-067-1,student,0,0
K-35-067-1,student,0,0
K-35-067-1,student,0,0
K-35-067-1,student,0,0
K-35-067-1,student,0,1
K-35-067-1,student,0,1
K-35-067-1,student,0,0
K-35-067-1,student,0,0
K-35-067-1,student,0,0
K-35-067-1,student,0,0
K-35-067-1,student,0,0
K-35-067-1,student,0,0
K-35-067-1,student,0,0
K-35-067-1,student,0,0
K-35-067-1,student,0,0
K-35-067-1,student,0,0
K-35-067-1,student,0,0
K-35-067-1,student,0,0
K-35-067-1,student,0,0
K-35-067-1,student,0,0
K-35-067-1,student,0,0
K-35-067-1,student,0,0
K-35-067-1,student,0,0
K-35-067-1,reviewer_phantom,0,0
K-35-067-1,reviewer_phantom,0,0
K-35-067-1,reviewer_phantom,0,0
K-35-067-1,reviewer_phantom,0,0
K-35-067-1,reviewer_phantom,0,0
K-35-067-2,student,0,0
K-35-067-2,student,0,0
K-35-067-2,student,1,1
K-35-067-2,student,0,0
K-35-067-2,student,0,0
K-35-067-2,student,0,0
K-35-067-2,student,0,0
K-35-067-2,student,0,0
K-35-067-2,student,0,0
K-35-067-2,student,0,0
K-35-067-2,student,0,0
K-35-067-2,student,0,0
K-35-067-2,student,0,0
K-35-067-2,student,0,1
K-35-067-2,student,0,1
K-35-067-2,student,0,0
K-35-067-2,student,0,0
K-35-067-2,student,0,0
K-35-067-2,student,0,1
K-35-067-2,student,0,0
K-35-067-2,student,0,0
K-35-067-2,student,0,0
K-35-067-2,student,0,0
K-35-067-2,student,0,1
K-35-067-2,student,0,0
K-35-067-2,student,0,0
K-35-067-2,student,0,0
K-35-067-2,student,0,0
K-35-067-2,student,0,1
K-35-067-2,student,0,2
K-35-067-2,student,0,0
K-35-067-2,student,0,0
K-35-067-2,student,0,0
K-35-067-2,student,0,0
K-35-067-2,student,0,0
K-35-067-2,student,1,1
K-35-067-2,student,0,0
K-35-067-2,student,0,0
K-35-067-2,student,0,0
K-35-067-2,student,0,0
K-35-067-2,student,0,0
K-35-067-2,student,0,0
K-35-067-2,student,0,0
K-35-067-2,student,0,0
K-35-067-2,student,0,0
K-35-067-2,student,0,2
K-35-067-2,student,0,2
K-35-067-2,student,0,2
K-35-067-2,student,0,0
K-35-067-2,student,0,0
K-35-067-2,student,0,0
K-35-067-2,student,0,0
K-35-067-2,student,0,0
K-35-067-2,student,0,1
K-35-067-2,student,0,1
K-35-067-2,student,0,0
K-35-067-2,student,0,0
K-35-067-2,student,0,0
K-35-067-2,student,0,0
K-35-067-2,student,0,0
K-35-067-2,student,0,0
K-35-067-2,student,0,2
K-35-067-2,student,1,2
K-35-067-2,student,0,0
K-35-067-2,student,0,0
K-35-067-2,student,0,0
K-35-067-2,student,0,0
K-35-067-2,student,0,0
K-35-067-2,student,0,0
K-35-067-2,student,0,0
K-35-067-2,student,0,0
K-35-067-2,student,0,0
K-35-067-2,student,0,0
K-35-067-2,student,0,0
K-35-067-2,student,0,0
K-35-067-2,student,0,0
K-35-067-2,student,0,0
K-35-067-2,student,0,0
K-35-067-2,student,0,0
K-35-067-2,student,0,0
K-35-067-2,student,0,0
K-35-067-2,student,0,0
K-35-067-2,student,0,1
K-35-067-2,student,0,0
K-35-067-2,student,1,1
K-35-067-2,student,0,0
K-35-067-2,student,0,0
K-35-067-2,student,0,0
K-35-067-2,student,0,0
K-35-067-2,student,0,0
K-35-067-2,student,0,0
K-35-067-2,student,0,0
K-35-067-2,student,0,0
K-35-067-2,student,0,0
K-35-067-2,student,0,0
K-35-067-2,student,0,1
K-35-067-2,student,0,1
K-35-067-2,student,0,0
K-35-067-2,student,0,0
K-35-067-2,student,0,0
K-35-067-2,student,0,0
K-35-067-2,student,0,0
K-35-067-2,student,0,0
K-35-067-2,student,0,0
K-35-067-2,student,0,0
K-35-067-2,student,0,0
K-35-067-2,student,2,2
K-35-067-2,student,1,1
K-35-067-2,student,0,0
K-35-067-2,student,0,0
K-35-067-2,student,0,0
K-35-067-2,reviewer_phantom,0,1
K-35-067-2,reviewer_phantom,1,1
K-35-067-2,reviewer_phantom,0,1
K-35-067-2,reviewer_phantom,2,2
K-35-067-2,reviewer_phantom,0,1
K-35-067-2,reviewer_phantom,1,1
K-35-067-2,reviewer_phantom,0,0
K-35-067-2,reviewer_phantom,1,2
K-35-067-2,reviewer_phantom,1,1
K-35-067-2,reviewer_phantom,0,1
K-35-067-2,reviewer_phantom,1,1
K-35-067-2,reviewer_phantom,2,2
K-35-067-3,student,0,0
K-35-067-3,student,0,0
K-35-067-3,student,0,0
K-35-067-3,student,0,0
K-35-067-3,student,0,0
K-35-067-3,student,0,0
K-35-067-3,student,0,0
K-35-067-3,student,0,0
K-35-067-3,student,0,0
K-35-067-3,student,0,0
K-35-067-3,student,0,0
K-35-067-3,student,0,0
K-35-067-3,student,0,0
K-35-067-3,student,0,0
K-35-067-3,student,0,0
K-35-067-3,student,0,0
K-35-067-3,student,0,0
K-35-067-3,student,0,0
K-35-067-3,student,0,0
K-35-067-3,student,0,0
K-35-067-3,student,0,1
K-35-067-3,student,0,1
K-35-067-3,student,0,0
K-35-067-3,student,0,1
K-35-067-3,student,0,1
K-35-067-3,student,0,0
K-35-067-3,student,0,0
K-35-067-3,student,0,0
K-35-067-3,student,0,0
K-35-067-3,student,0,0
K-35-067-3,student,0,0
K-35-067-3,student,0,0
K-35-067-3,student,0,0
K-35-067-3,student,0,0
K-35-067-3,student,0,0
K-35-067-3,student,0,0
K-35-067-3,student,0,0
K-35-067-3,student,0,0
K-35-067-3,student,0,0
K-35-067-3,student,0,0
K-35-067-3,student,0,0
K-35-067-3,student,0,0
K-35-067-3,student,0,0
K-35-067-3,student,0,0
K-35-067-3,student,0,0
K-35-067-3,student,0,0
K-35-067-3,student,0,0
K-35-067-3,student,0,0
K-35-067-3,student,0,0
K-35-067-3,student,0,0
K-35-067-3,student,0,0
K-35-067-3,student,1,1
K-35-067-3,student,0,0
K-35-067-3,reviewer_phantom,1,1
K-35-067-3,reviewer_phantom,0,0
K-35-067-4,student,0,0
K-35-067-4,student,0,0
K-35-067-4,student,0,0
K-35-067-4,student,0,1
K-35-067-4,student,0,1
K-35-067-4,student,0,0
K-35-067-4,student,0,0
K-35-067-4,student,0,0
K-35-067-4,student,0,0
K-35-067-4,student,0,0
K-35-067-4,student,0,0
K-35-067-4,student,0,0
K-35-067-4,student,0,0
K-35-067-4,student,0,1
K-35-067-4,student,0,1
K-35-067-4,student,0,0
K-35-067-4,student,0,0
K-35-067-4,student,0,0
K-35-067-4,student,0,0
K-35-067-4,student,0,0
K-35-067-4,student,0,0
K-35-067-4,student,0,0
K-35-067-4,student,0,0
K-35-067-4,student,0,0
K-35-067-4,student,0,0
K-35-067-4,student,0,0
K-35-067-4,student,0,0
K-35-067-4,student,0,0
K-35-067-4,student,0,0
K-35-067-4,student,0,0
K-35-067-4,student,0,0
K-35-067-4,student,0,0
K-35-067-4,student,0,0
K-35-067-4,student,0,0
K-35-067-4,student,0,0
K-35-067-4,student,0,0
K-35-067-4,student,0,0
K-35-067-4,student,0,0
K-35-067-4,student,0,1
K-35-067-4,student,0,1
K-35-067-4,student,0,0
K-35-067-4,student,0,0
K-35-067-4,student,0,0
K-35-067-4,student,0,0
K-35-067-4,student,0,0
K-35-067-4,student,0,0
K-35-067-4,student,0,0
K-35-067-4,student,0,0
K-35-067-4,student,0,0
K-35-067-4,student,0,0
K-35-067-4,student,0,0
K-35-067-4,student,0,0
K-35-067-4,student,0,0
K-35-067-4,student,0,0
K-35-067-4,student,0,0
K-35-067-4,student,0,0
K-35-067-4,student,0,0
K-35-067-4,student,0,0
K-35-067-4,student,0,1
K-35-067-4,student,0,1
K-35-067-4,student,0,0
K-35-067-4,student,1,1
K-35-067-4,student,0,1
K-35-067-4,student,0,1
K-35-067-4,reviewer_phantom,0,0
K-35-067-4,reviewer_phantom,0,0
K-35-067-4,reviewer_phantom,0,0
K-35-067-4,reviewer_phantom,0,0
K-35-067-4,reviewer_phantom,0,0
K-35-067-4,reviewer_phantom,0,0
K-35-067-4,reviewer_phantom,0,0
K-35-067-4,reviewer_phantom,1,1
K-35-067-4,reviewer_phantom,0,0
K-35-067-4,reviewer_phantom,0,0
K-35-067-4,reviewer_phantom,0,0
K-35-074-1,student,0,0
K-35-074-1,student,0,0
K-35-074-1,student,0,2
K-35-074-1,student,0,2
K-35-074-1,student,0,2
K-35-074-1,student,0,0
K-35-074-1,student,0,0
K-35-074-1,student,0,0
K-35-074-1,student,0,0
K-35-074-1,student,0,0
K-35-074-1,student,1,1
K-35-074-1,student,0,0
K-35-074-1,student,0,0
K-35-074-1,student,0,0
K-35-074-1,student,0,0
K-35-074-1,student,0,0
K-35-074-1,student,0,0
K-35-074-1,student,0,0
K-35-074-1,student,0,1
K-35-074-1,student,0,1
K-35-074-1,student,0,1
K-35-074-1,student,0,1
K-35-074-1,student,0,0
K-35-074-1,student,0,0
K-35-074-1,reviewer_phantom,1,1
K-35-074-2,student,0,0
K-35-074-2,student,0,0
K-35-074-2,student,0,0
K-35-074-2,student,0,0
K-35-074-2,student,0,1
K-35-074-2,student,0,1
K-35-074-2,student,0,0
K-35-074-2,student,0,0
K-35-074-2,student,0,0
K-35-074-2,student,0,0
K-35-074-2,student,0,0
K-35-074-2,student,0,0
K-35-074-2,student,0,0
K-35-074-2,student,0,0
K-35-074-2,student,0,0
K-35-074-2,student,0,0
K-35-074-2,student,0,0
K-35-074-2,student,0,0
K-35-074-2,student,0,0
K-35-074-2,student,0,0
K-35-074-2,student,0,0
K-35-074-2,student,0,0
K-35-074-2,student,1,1
K-35-074-2,student,0,0
K-35-074-2,student,0,0
K-35-074-2,student,0,0
K-35-074-2,student,0,1
K-35-074-2,student,0,1
K-35-074-2,student,0,0
K-35-074-2,student,0,0
K-35-074-2,student,0,0
K-35-074-2,reviewer_phantom,1,1
K-35-074-3,student,0,0
K-35-074-3,student,1,1
K-35-074-3,student,0,0
K-35-074-3,student,0,0
K-35-074-3,student,0,0
K-35-074-3,student,0,0
K-35-074-3,student,0,0
K-35-074-3,student,0,0
K-35-074-3,student,0,0
K-35-074-3,student,0,0
K-35-074-3,reviewer_phantom,0,0
K-35-074-3,reviewer_phantom,1,1
K-35-074-4,student,0,0
K-35-074-4,student,0,0
K-35-074-4,student,0,0
K-35-074-4,student,0,0
K-35-074-4,student,0,0
K-35-074-4,student,0,0
K-35-074-4,student,0,0
K-35-074-4,student,0,0
K-35-074-4,student,0,0
K-35-074-4,student,0,0
K-35-075-1,student,0,0
K-35-075-1,student,0,0
K-35-075-1,student,0,0
K-35-075-1,student,0,0
K-35-075-1,student,0,0
K-35-075-1,student,0,0
K-35-075-1,student,0,0
K-35-075-1,student,0,0
K-35-075-1,student,0,0
K-35-075-1,student,0,0
K-35-075-1,student,0,0
K-35-075-1,student,1,1
K-35-075-1,student,0,0
K-35-075-1,student,0,0
K-35-075-1,student,1,1
K-35-075-1,student,0,0
K-35-075-1,student,0,0
K-35-075-1,student,0,0
K-35-075-1,student,0,0
K-35-075-1,student,0,0
K-35-075-1,student,0,0
K-35-075-1,student,0,0
K-35-075-1,student,0,0
K-35-075-1,student,0,0
K-35-075-1,student,0,0
K-35-075-1,student,0,0
K-35-075-1,student,0,0
K-35-075-1,student,0,0
K-35-075-1,student,0,0
K-35-075-1,student,0,0
K-35-075-1,student,0,0
K-35-075-1,student,0,0
K-35-075-1,student,0,0
K-35-075-1,student,0,0
K-35-075-1,student,0,0
K-35-075-1,student,0,0
K-35-075-1,student,0,0
K-35-075-1,student,0,0
K-35-075-1,student,0,0
K-35-075-1,student,0,0
K-35-075-1,student,0,0
K-35-075-1,student,0,0
K-35-075-1,student,0,1
K-35-075-1,student,0,1
K-35-075-1,student,0,0
K-35-075-1,student,0,0
K-35-075-1,student,0,0
K-35-075-1,student,0,0
K-35-075-1,student,0,0
K-35-075-1,student,0,0
K-35-075-1,student,0,0
K-35-075-1,student,0,1
K-35-075-1,student,0,0
K-35-075-1,student,0,0
K-35-075-1,student,0,0
K-35-075-1,student,0,0
K-35-075-1,student,0,0
K-35-075-1,student,0,0
K-35-075-1,student,0,0
K-35-075-1,student,0,0
K-35-075-1,student,0,1
K-35-075-1,student,0,1
K-35-075-1,student,0,0
K-35-075-1,student,0,0
K-35-075-1,student,0,0
K-35-075-1,student,0,0
K-35-075-1,student,0,1
K-35-075-1,student,0,2
K-35-075-1,student,0,0
K-35-075-1,student,0,0
K-35-075-1,student,0,0
K-35-075-1,student,0,1
K-35-075-1,reviewer_phantom,0,0
K-35-075-1,reviewer_phantom,1,1
K-35-075-1,reviewer_phantom,0,0
K-35-075-1,reviewer_phantom,0,1
K-35-075-1,reviewer_phantom,0,0
K-35-075-1,reviewer_phantom,0,0
K-35-075-1,reviewer_phantom,1,1
K-35-075-1,reviewer_phantom,0,0
K-35-075-1,reviewer_phantom,0,1
K-35-075-1,reviewer_phantom,0,0
K-35-075-1,reviewer_phantom,0,0
K-35-075-1,reviewer_phantom,0,0
K-35-075-1,reviewer_phantom,0,1
K-35-075-1,reviewer_phantom,0,0
K-35-075-1,reviewer_phantom,0,0
K-35-075-1,reviewer_phantom,0,0
K-35-075-2,student,0,0
K-35-075-2,student,0,0
K-35-075-2,student,0,0
K-35-075-2,student,0,0
K-35-075-2,student,0,0
K-35-075-2,student,0,0
K-35-075-2,student,0,0
K-35-075-2,student,0,0
K-35-075-2,student,0,0
K-35-075-2,student,0,0
K-35-075-2,student,0,0
K-35-075-2,student,0,0
K-35-075-2,student,0,0
K-35-075-2,student,0,0
K-35-075-2,student,0,0
K-35-075-2,student,0,0
K-35-075-2,student,0,0
K-35-075-2,student,0,0
K-35-075-2,student,0,1
K-35-075-2,student,0,1
K-35-075-2,student,0,0
K-35-075-2,student,0,0
K-35-075-2,student,0,0
K-35-075-2,student,0,0
K-35-075-2,student,0,0
K-35-075-2,student,0,1
K-35-075-2,student,0,1
K-35-075-2,student,0,0
K-35-075-2,student,0,0
K-35-075-2,student,0,0
K-35-075-2,student,0,0
K-35-075-2,student,0,1
K-35-075-2,student,0,2
K-35-075-2,student,0,1
K-35-075-2,student,0,0
K-35-075-2,student,0,0
K-35-075-2,student,0,0
K-35-075-2,student,0,1
K-35-075-2,student,0,1
K-35-075-2,student,0,0
K-35-075-2,student,0,0
K-35-075-2,student,0,0
K-35-075-2,student,0,0
K-35-075-2,student,0,0
K-35-075-2,student,0,0
K-35-075-2,student,0,0
K-35-075-2,student,0,0
K-35-075-2,student,0,0
K-35-075-2,student,0,0
K-35-075-2,student,0,0
K-35-075-2,student,0,0
K-35-075-2,student,0,0
K-35-075-2,student,0,0
K-35-075-2,student,0,0
K-35-075-2,student,0,0
K-35-075-2,student,0,0
K-35-075-2,student,1,1
K-35-075-2,student,0,0
K-35-075-2,student,0,0
K-35-075-2,student,0,0
K-35-075-2,student,0,0
K-35-075-2,student,0,0
K-35-075-2,student,0,0
K-35-075-2,student,0,0
K-35-075-2,student,0,0
K-35-075-2,student,0,0
K-35-075-2,student,0,1
K-35-075-2,student,0,1
K-35-075-2,student,0,0
K-35-075-2,student,1,1
K-35-075-2,student,1,1
K-35-075-2,student,0,0
K-35-075-2,student,0,0
K-35-075-2,student,0,0
K-35-075-2,student,0,0
K-35-075-2,student,0,0
K-35-075-2,student,0,0
K-35-075-2,student,0,0
K-35-075-2,student,0,0
K-35-075-2,student,0,0
K-35-075-2,student,0,0
K-35-075-2,student,0,0
K-35-075-2,student,0,0
K-35-075-2,student,0,0
K-35-075-2,student,0,0
K-35-075-2,student,0,0
K-35-075-2,student,0,0
K-35-075-2,student,0,0
K-35-075-2,student,0,0
K-35-075-2,student,0,0
K-35-075-2,student,0,0
K-35-075-2,student,0,1
K-35-075-2,student,0,1
K-35-075-2,student,0,0
K-35-075-2,student,0,0
K-35-075-2,student,0,0
K-35-075-2,student,0,0
K-35-075-2,student,0,0
K-35-075-2,student,1,2
K-35-075-2,student,0,2
K-35-075-2,student,0,0
K-35-075-2,student,0,0
K-35-075-2,student,0,0
K-35-075-2,student,0,0
K-35-075-2,student,0,0
K-35-075-2,student,0,0
K-35-075-2,student,0,1
K-35-075-2,student,0,1
K-35-075-2,student,0,0
K-35-075-2,student,0,0
K-35-075-2,student,0,0
K-35-075-2,student,0,0
K-35-075-2,student,0,0
K-35-075-2,student,0,1
K-35-075-2,student,1,2
K-35-075-2,student,0,0
K-35-075-2,student,0,0
K-35-075-2,student,0,0
K-35-075-2,student,0,1
K-35-075-2,student,0,1
K-35-075-2,student,0,0
K-35-075-2,student,0,0
K-35-075-2,student,0,0
K-35-075-2,student,0,0
K-35-075-2,student,0,0
K-35-075-2,student,0,0
K-35-075-2,student,0,0
K-35-075-2,student,0,0
K-35-075-2,student,0,0
K-35-075-2,student,0,0
K-35-075-2,student,0,0
K-35-075-2,student,0,0
K-35-075-2,student,0,0
K-35-075-2,student,0,0
K-35-075-2,student,0,0
K-35-075-2,reviewer_phantom,0,0
K-35-075-2,reviewer_phantom,1,1
K-35-075-2,reviewer_phantom,0,0
K-35-075-2,reviewer_phantom,1,1
K-35-075-2,reviewer_phantom,1,1
K-35-075-2,reviewer_phantom,1,2
K-35-075-2,reviewer_phantom,0,0
K-35-075-2,reviewer_phantom,0,0
K-35-075-2,reviewer_phantom,1,1
K-35-075-3,student,0,0
K-35-075-3,student,0,0
K-35-075-3,reviewer_phantom,0,0
K-35-075-4,student,0,0
K-35-075-4,student,0,1
K-35-075-4,student,0,1
K-35-075-4,student,0,0
K-35-075-4,student,0,0
K-35-075-4,student,0,0
K-35-075-4,student,0,0
K-35-075-4,student,0,0
K-35-075-4,student,0,0
K-35-075-4,student,0,0
K-35-075-4,student,0,0
K-35-075-4,student,1,1
K-35-075-4,student,0,0
K-35-075-4,student,0,0
K-35-075-4,student,0,0
K-35-075-4,student,0,0
K-35-075-4,student,0,0
K-35-075-4,student,0,1
K-35-075-4,student,0,1
K-35-075-4,student,0,0
K-35-075-4,student,0,0
K-35-075-4,student,0,0
K-35-075-4,student,0,0
K-35-075-4,student,0,1
K-35-075-4,student,0,2
K-35-075-4,student,0,2
K-35-075-4,student,0,1
K-35-075-4,student,0,1
K-35-075-4,student,0,1
K-35-075-4,student,0,0
K-35-075-4,student,0,0
K-35-075-4,student,0,1
K-35-075-4,student,0,1
K-35-075-4,student,0,0
K-35-075-4,student,0,0
K-35-075-4,student,0,0
K-35-075-4,student,0,0
K-35-075-4,student,0,0
K-35-075-4,student,0,0
K-35-075-4,student,0,0
K-35-075-4,student,1,1
K-35-075-4,student,0,0
K-35-075-4,student,0,0
K-35-075-4,student,0,0
K-35-075-4,student,0,0
K-35-075-4,student,0,0
K-35-075-4,student,0,0
K-35-075-4,student,0,1
K-35-075-4,student,0,1
K-35-075-4,student,0,0
K-35-075-4,student,0,0
K-35-075-4,student,0,0
K-35-075-4,student,0,0
K-35-075-4,student,0,0
K-35-075-4,student,0,0
K-35-075-4,student,0,0
K-35-075-4,student,0,0
K-35-075-4,reviewer_phantom,1,1
K-35-075-4,reviewer_phantom,1,1
K-35-076-1,student,0,0
K-35-076-1,student,0,0
K-35-076-1,student,0,0
K-35-076-1,student,0,0
K-35-076-1,student,0,0
K-35-076-1,student,0,0
K-35-076-1,student,0,0
K-35-076-1,student,0,0
K-35-076-1,student,0,0
K-35-076-1,student,0,0
K-35-076-1,student,0,0
K-35-076-1,student,0,0
K-35-076-1,student,0,0
K-35-076-1,student,0,0
K-35-076-1,student,0,1
K-35-076-1,student,0,1
K-35-076-1,student,0,0
K-35-076-1,student,0,0
K-35-076-1,student,0,0
K-35-076-1,student,0,0
K-35-076-1,student,0,1
K-35-076-1,student,0,1
K-35-076-1,student,0,0
K-35-076-1,student,0,0
K-35-076-1,student,0,0
K-35-076-1,student,0,0
K-35-076-1,student,0,0
K-35-076-1,student,0,0
K-35-076-1,student,0,0
K-35-076-1,student,0,0
K-35-076-1,student,0,0
K-35-076-1,student,0,0
K-35-076-1,student,0,0
K-35-076-1,student,0,0
K-35-076-1,student,0,0
K-35-076-1,student,0,0
K-35-076-1,student,0,0
K-35-076-1,student,0,0
K-35-076-1,student,0,0
K-35-076-1,student,0,0
K-35-076-1,student,0,0
K-35-076-1,student,0,0
K-35-076-1,student,0,0
K-35-076-1,student,0,0
K-35-076-1,student,0,0
K-35-076-1,student,0,0
K-35-076-1,student,0,0
K-35-076-1,student,0,1
K-35-076-1,student,0,1
K-35-076-1,student,0,0
K-35-076-1,student,0,0
K-35-076-1,student,0,0
K-35-076-1,student,0,0
K-35-076-1,student,0,0
K-35-076-1,student,0,0
K-35-076-1,student,0,0
K-35-076-1,student,0,0
K-35-076-1,student,0,0
K-35-076-1,student,0,0
K-35-076-1,student,0,0
K-35-076-1,student,0,0
K-35-076-1,student,0,0
K-35-076-1,student,0,0
K-35-076-1,student,0,0
K-35-076-1,student,0,0
K-35-076-1,student,0,0
K-35-076-1,student,0,0
K-35-076-1,student,0,0
K-35-076-1,student,0,0
K-35-076-1,student,0,0
K-35-076-1,student,0,0
K-35-076-1,student,0,0
K-35-076-1,student,0,0
K-35-076-1,student,0,0
K-35-076-1,student,0,0
K-35-076-1,student,0,0
K-35-076-1,student,0,0
K-35-076-1,student,0,0
K-35-076-1,student,0,0
K-35-076-1,student,0,0
K-35-076-1,student,0,0
K-35-076-1,student,0,0
K-35-076-1,student,0,0
K-35-076-1,student,0,0
K-35-076-1,student,0,0
K-35-076-1,student,0,0
K-35-076-1,student,0,0
K-35-076-1,student,0,0
K-35-076-1,student,0,0
K-35-076-1,student,0,0
K-35-076-1,student,0,0
K-35-076-1,student,0,0
K-35-076-1,student,0,0
K-35-076-1,student,0,0
K-35-076-1,student,0,0
K-35-076-1,student,0,0
K-35-076-1,student,0,0
K-35-076-1,student,0,0
K-35-076-1,student,0,0
K-35-076-1,student,0,0
K-35-076-1,student,0,0
K-35-076-1,student,0,0
K-35-076-1,student,0,0
K-35-076-1,student,0,0
K-35-076-1,student,0,0
K-35-076-1,student,0,0
K-35-076-1,student,0,0
K-35-076-1,student,0,0
K-35-076-1,student,0,0
K-35-076-1,student,0,1
K-35-076-1,student,0,1
K-35-076-1,student,0,0
K-35-076-1,student,0,0
K-35-076-1,student,0,0
K-35-076-1,student,0,0
K-35-076-1,student,0,0
K-35-076-1,student,0,0
K-35-076-1,reviewer_phantom,0,0
K-35-076-1,reviewer_phantom,0,0
K-35-076-1,reviewer_phantom,0,0
K-35-076-1,reviewer_phantom,0,0
K-35-076-1,reviewer_phantom,0,0
K-35-076-2,student,0,0
K-35-076-2,student,0,0
K-35-076-2,student,0,0
K-35-076-2,student,0,0
K-35-076-2,student,0,0
K-35-076-2,student,0,0
K-35-076-2,student,0,0
K-35-076-2,student,0,0
K-35-076-2,student,0,0
K-35-076-2,student,0,0
K-35-076-2,student,0,0
K-35-076-2,student,0,0
K-35-076-2,student,1,1
K-35-076-2,student,0,0
K-35-076-2,student,0,0
K-35-076-2,student,0,0
K-35-076-2,student,0,0
K-35-076-2,student,0,0
K-35-076-2,student,0,0
K-35-076-2,student,0,0
K-35-076-2,student,0,1
K-35-076-2,student,0,1
K-35-076-2,student,1,1
K-35-076-2,student,0,0
K-35-076-2,student,0,0
K-35-076-2,student,1,1
K-35-076-2,student,1,1
K-35-076-2,student,0,0
K-35-076-2,student,0,0
K-35-076-2,student,0,0
K-35-076-2,student,0,0
K-35-076-2,student,0,0
K-35-076-2,student,0,0
K-35-076-2,student,0,0
K-35-076-2,student,0,0
K-35-076-2,student,0,0
K-35-076-2,student,0,0
K-35-076-2,student,0,0
K-35-076-2,student,0,0
K-35-076-2,student,1,1
K-35-076-2,student,0,0
K-35-076-2,student,0,0
K-35-076-2,student,0,0
K-35-076-2,student,0,1
K-35-076-2,student,0,1
K-35-076-2,student,0,0
K-35-076-2,student,0,0
K-35-076-2,reviewer_phantom,0,0
K-35-076-2,reviewer_phantom,1,1
K-35-076-2,reviewer_phantom,0,0
K-35-076-2,reviewer_phantom,0,0
K-35-076-2,reviewer_phantom,0,0
K-35-076-2,reviewer_phantom,0,0
K-35-076-2,reviewer_phantom,0,0
K-35-076-2,reviewer_phantom,0,0
K-35-076-2,reviewer_phantom,0,0
K-35-076-2,reviewer_phantom,0,0
K-35-076-2,reviewer_phantom,0,0
K-35-076-2,reviewer_phantom,1,1
K-35-076-2,reviewer_phantom,0,0
K-35-076-2,reviewer_phantom,0,0
K-35-076-2,reviewer_phantom,0,0
K-35-076-2,reviewer_phantom,0,0
K-35-076-2,reviewer_phantom,1,1
K-35-076-2,reviewer_phantom,0,0
K-35-076-2,reviewer_phantom,0,0
K-35-076-2,reviewer_phantom,0,0
K-35-076-2,reviewer_phantom,0,0
K-35-076-2,reviewer_phantom,0,0
K-35-076-2,reviewer_phantom,0,0
K-35-076-2,reviewer_phantom,1,1
K-35-076-2,reviewer_phantom,0,0
K-35-076-2,reviewer_phantom,0,0
K-35-076-2,reviewer_phantom,0,0
K-35-076-2,reviewer_phantom,0,0
K-35-076-2,reviewer_phantom,0,0
K-35-076-2,reviewer_phantom,0,0
K-35-076-2,reviewer_phantom,1,1
K-35-076-2,reviewer_phantom,0,0
K-35-076-2,reviewer_phantom,0,0
K-35-076-2,reviewer_phantom,0,0
K-35-076-2,reviewer_phantom,0,0
K-35-076-2,reviewer_phantom,1,1
K-35-076-2,reviewer_phantom,0,0
K-35-076-2,reviewer_phantom,1,1
K-35-076-2,reviewer_phantom,0,0
K-35-076-2,reviewer_phantom,0,0
K-35-076-2,reviewer_phantom,0,1
K-35-076-2,reviewer_phantom,0,1
K-35-076-2,reviewer_phantom,0,0
K-35-076-2,reviewer_phantom,1,1
K-35-076-2,reviewer_phantom,0,0
K-35-076-2,reviewer_phantom,1,1
K-35-076-2,reviewer_phantom,0,0
K-35-076-2,reviewer_phantom,0,0
K-35-076-2,reviewer_phantom,0,0
K-35-076-2,reviewer_phantom,0,0
K-35-076-3,student,0,0
K-35-076-3,student,0,0
K-35-076-3,student,0,0
K-35-076-3,student,0,0
K-35-076-3,student,0,0
K-35-076-3,student,0,0
K-35-076-3,student,0,0
K-35-076-3,student,0,0
K-35-076-3,student,0,0
K-35-076-3,student,0,0
K-35-076-3,student,0,0
K-35-076-3,student,0,0
K-35-076-3,student,0,0
K-35-076-3,student,0,0
K-35-076-3,student,0,0
K-35-076-3,student,0,0
K-35-076-3,student,0,0
K-35-076-3,student,0,0
K-35-076-3,student,0,0
K-35-076-3,student,0,0
K-35-076-3,student,0,0
K-35-076-3,student,0,0
K-35-076-3,student,0,0
K-35-076-3,student,0,0
K-35-076-3,student,0,0
K-35-076-3,student,0,0
K-35-076-3,student,0,1
K-35-076-3,student,0,1
K-35-076-3,student,0,0
K-35-076-3,student,0,0
K-35-076-3,student,0,0
K-35-076-3,student,0,0
K-35-076-3,student,0,0
K-35-076-3,student,0,0
K-35-076-3,student,0,0
K-35-076-3,student,0,0
K-35-076-3,student,0,0
K-35-076-3,student,0,0
K-35-076-3,student,0,0
K-35-076-3,student,0,0
K-35-076-3,student,0,0
K-35-076-3,student,0,0
K-35-076-3,student,0,0
K-35-076-3,student,0,0
K-35-076-3,student,0,1
K-35-076-3,student,0,1
K-35-076-3,student,0,0
K-35-076-3,student,0,0
K-35-076-3,student,0,0
K-35-076-3,student,0,0
K-35-076-3,student,0,0
K-35-076-3,student,0,0
K-35-076-3,student,0,0
K-35-076-3,student,0,0
K-35-076-3,student,0,0
K-35-076-3,student,0,0
K-35-076-3,student,0,0
K-35-076-3,student,0,0
K-35-076-3,student,1,1
K-35-076-3,student,0,0
K-35-076-3,student,0,0
K-35-076-3,student,0,1
K-35-076-3,student,0,1
K-35-076-3,student,0,0
K-35-076-3,student,0,0
K-35-076-3,student,0,0
K-35-076-3,student,0,0
K-35-076-3,student,0,0
K-35-076-3,reviewer_phantom,1,1
K-35-076-4,student,0,0
K-35-076-4,student,0,0
K-35-076-4,student,0,0
K-35-076-4,student,0,0
K-35-076-4,student,0,0
K-35-076-4,student,0,0
K-35-076-4,student,0,0
K-35-076-4,student,0,0
K-35-076-4,student,0,0
K-35-076-4,student,0,0
K-35-076-4,student,0,0
K-35-076-4,student,0,0
K-35-076-4,student,0,0
K-35-076-4,student,0,0
K-35-076-4,student,1,1
K-35-076-4,student,0,0
K-35-076-4,student,0,0
K-35-076-4,student,0,0
K-35-076-4,student,0,0
K-35-076-4,student,0,0
K-35-076-4,student,0,0
K-35-076-4,student,0,0
K-35-076-4,student,0,1
K-35-076-4,student,0,1
K-35-076-4,student,0,0
K-35-076-4,student,0,0
K-35-076-4,student,0,0
K-35-076-4,student,1,1
K-35-076-4,student,0,0
K-35-076-4,student,0,0
K-35-076-4,student,0,0
K-35-076-4,student,0,0
K-35-076-4,student,0,0
K-35-076-4,student,0,0
K-35-076-4,student,0,0
K-35-076-4,student,0,0
K-35-076-4,student,0,0
K-35-076-4,student,0,0
K-35-076-4,student,0,0
K-35-076-4,student,0,0
K-35-076-4,student,0,0
K-35-076-4,student,0,0
K-35-076-4,student,0,0
K-35-076-4,student,0,0
K-35-076-4,student,0,0
K-35-076-4,student,0,0
K-35-076-4,student,0,0
K-35-076-4,student,0,0
K-35-076-4,student,0,0
K-35-076-4,student,0,0
K-35-076-4,reviewer_phantom,1,1
K-35-076-4,reviewer_phantom,0,0
K-35-076-4,reviewer_phantom,1,1
K-35-077-1,student,0,0
K-35-077-1,student,0,0
K-35-077-1,student,0,0
K-35-077-1,student,0,0
K-35-077-1,student,0,0
K-35-077-1,student,0,0
K-35-077-1,student,0,0
K-35-077-1,student,0,0
K-35-077-1,student,0,0
K-35-077-1,student,0,0
K-35-077-1,student,0,0
K-35-077-1,student,0,0
K-35-077-1,student,0,0
K-35-077-1,student,0,0
K-35-077-1,student,0,0
K-35-077-1,student,0,0
K-35-077-1,student,0,0
K-35-077-1,student,0,0
K-35-077-1,student,0,0
K-35-077-1,student,0,0
K-35-077-1,student,0,0
K-35-077-1,student,0,0
K-35-077-1,student,0,0
K-35-077-1,student,0,0
K-35-077-1,student,0,0
K-35-077-1,student,0,0
K-35-077-1,student,0,0
K-35-077-1,student,1,1
K-35-077-1,student,0,1
K-35-077-1,student,0,0
K-35-077-1,student,0,0
K-35-077-1,student,0,0
K-35-077-1,student,0,0
K-35-077-1,student,0,0
K-35-077-1,student,0,0
K-35-077-1,student,0,0
K-35-077-1,student,0,1
K-35-077-1,student,0,1
K-35-077-1,student,0,0
K-35-077-1,student,0,0
K-35-077-1,student,0,0
K-35-077-1,student,0,0
K-35-077-1,student,0,0
K-35-077-1,student,0,0
K-35-077-1,student,0,0
K-35-077-1,student,0,0
K-35-077-1,student,0,0
K-35-077-1,student,0,0
K-35-077-1,student,0,0
K-35-077-1,student,0,0
K-35-077-1,student,0,0
K-35-077-1,student,0,0
K-35-077-1,student,0,0
K-35-077-1,student,0,0
K-35-077-1,student,0,0
K-35-077-1,student,0,0
K-35-077-1,student,0,0
K-35-077-1,student,0,0
K-35-077-1,student,0,0
K-35-077-1,student,0,0
K-35-077-1,student,0,1
K-35-077-1,student,0,1
K-35-077-1,student,0,0
K-35-077-1,reviewer_phantom,0,0
K-35-077-1,reviewer_phantom,0,0
K-35-077-1,reviewer_phantom,0,0
K-35-077-1,reviewer_phantom,1,1
K-35-077-1,reviewer_phantom,0,0
K-35-077-1,reviewer_phantom,0,0
K-35-077-1,reviewer_phantom,0,0
K-35-077-1,reviewer_phantom,0,0
K-35-077-1,reviewer_phantom,0,0
K-35-077-1,reviewer_phantom,0,1
K-35-077-1,reviewer_phantom,0,0
K-35-077-2,student,0,0
K-35-077-2,student,0,0
K-35-077-2,student,0,0
K-35-077-2,student,0,0
K-35-077-2,student,0,0
K-35-077-2,student,0,0
K-35-077-2,student,0,0
K-35-077-2,student,0,0
K-35-077-2,student,0,0
K-35-077-2,student,0,0
K-35-077-2,student,0,0
K-35-077-2,student,0,0
K-35-077-2,student,0,0
K-35-077-2,student,0,0
K-35-077-2,student,0,0
K-35-077-2,student,0,0
K-35-077-2,student,0,0
K-35-077-2,student,0,0
K-35-077-2,student,0,0
K-35-077-2,student,0,0
K-35-077-2,student,0,0
K-35-077-2,student,0,0
K-35-077-2,student,0,0
K-35-077-2,student,0,0
K-35-077-2,student,0,0
K-35-077-2,student,0,0
K-35-077-2,student,0,0
K-35-077-2,student,0,1
K-35-077-2,student,0,1
K-35-077-2,student,0,0
K-35-077-2,student,0,0
K-35-077-2,student,0,0
K-35-077-2,student,0,0
K-35-077-2,student,0,0
K-35-077-2,student,0,0
K-35-077-2,student,0,0
K-35-077-2,student,0,0
K-35-077-2,student,0,0
K-35-077-2,student,0,0
K-35-077-2,student,0,0
K-35-077-2,student,0,0
K-35-077-2,student,0,0
K-35-077-2,student,0,0
K-35-077-2,student,0,0
K-35-077-2,student,0,0
K-35-077-2,student,0,0
K-35-077-2,student,0,0
K-35-077-2,student,0,0
K-35-077-2,student,0,0
K-35-077-2,student,0,0
K-35-077-2,student,0,0
K-35-077-2,student,0,0
K-35-077-2,student,0,0
K-35-077-2,student,0,0
K-35-077-2,student,0,0
K-35-077-2,student,0,0
K-35-077-2,student,0,0
K-35-077-2,student,0,2
K-35-077-2,student,0,0
K-35-077-2,student,0,0
K-35-077-2,student,0,0
K-35-077-2,student,0,0
K-35-077-2,student,1,1
K-35-077-2,student,0,0
K-35-077-2,student,0,0
K-35-077-2,student,0,0
K-35-077-2,student,0,0
K-35-077-2,student,0,0
K-35-077-2,student,0,0
K-35-077-2,student,0,0
K-35-077-2,student,0,0
K-35-077-2,student,0,1
K-35-077-2,student,0,1
K-35-077-2,student,0,0
K-35-077-2,student,0,0
K-35-077-2,student,0,0
K-35-077-2,student,0,0
K-35-077-2,student,0,0
K-35-077-2,student,0,0
K-35-077-2,student,0,0
K-35-077-2,student,0,0
K-35-077-2,student,0,0
K-35-077-2,student,0,1
K-35-077-2,student,0,1
K-35-077-2,student,0,0
K-35-077-2,student,0,0
K-35-077-2,student,0,0
K-35-077-2,reviewer_phantom,0,0
K-35-077-2,reviewer_phantom,1,1
K-35-077-2,reviewer_phantom,0,0
K-35-077-2,reviewer_phantom,0,0
K-35-077-2,reviewer_phantom,0,0
K-35-077-2,reviewer_phantom,0,0
K-35-077-2,reviewer_phantom,0,1
K-35-077-2,reviewer_phantom,0,0
K-35-077-2,reviewer_phantom,1,1
K-35-077-2,reviewer_phantom,0,0
K-35-077-2,reviewer_phantom,1,1
K-35-077-2,reviewer_phantom,0,0
K-35-077-2,reviewer_phantom,0,0
K-35-077-2,reviewer_phantom,0,0
K-35-077-2,reviewer_phantom,0,1
K-35-077-2,reviewer_phantom,0,0
K-35-077-2,reviewer_phantom,0,0
K-35-077-2,reviewer_phantom,0,0
K-35-077-2,reviewer_phantom,0,0
K-35-077-3,student,0,0
K-35-077-3,student,0,0
K-35-077-3,student,0,1
K-35-077-3,student,0,0
K-35-077-3,student,0,0
K-35-077-3,student,0,0
K-35-077-3,student,0,0
K-35-077-3,student,0,0
K-35-077-3,student,0,0
K-35-077-3,student,0,0
K-35-077-3,student,0,0
K-35-077-3,student,0,0
K-35-077-3,student,0,0
K-35-077-3,student,0,0
K-35-077-3,student,0,0
K-35-077-3,student,0,0
K-35-077-3,student,0,0
K-35-077-3,student,0,0
K-35-077-3,student,0,0
K-35-077-3,student,0,0
K-35-077-3,student,0,0
K-35-077-3,student,0,0
K-35-077-3,student,0,0
K-35-077-3,student,0,1
K-35-077-3,student,0,1
K-35-077-3,student,0,0
K-35-077-3,student,1,1
K-35-077-3,student,0,0
K-35-077-3,student,0,0
K-35-077-3,student,1,1
K-35-077-3,student,0,0
K-35-077-3,student,0,0
K-35-077-3,student,0,0
K-35-077-3,student,0,0
K-35-077-3,student,0,0
K-35-077-3,student,0,0
K-35-077-3,student,0,0
K-35-077-3,student,0,0
K-35-077-3,student,0,0
K-35-077-3,student,0,0
K-35-077-3,student,0,0
K-35-077-3,student,1,1
K-35-077-3,student,0,0
K-35-077-3,student,0,0
K-35-077-3,reviewer_phantom,0,1
K-35-077-3,reviewer_phantom,0,1
K-35-077-3,reviewer_phantom,1,1
K-35-077-3,reviewer_phantom,0,0
K-35-077-3,reviewer_phantom,0,0
K-35-077-3,reviewer_phantom,0,0
K-35-077-3,reviewer_phantom,0,0
K-35-077-3,reviewer_phantom,0,1
K-35-077-3,reviewer_phantom,1,1
K-35-077-3,reviewer_phantom,0,0
K-35-077-3,reviewer_phantom,1,1
K-35-077-3,reviewer_phantom,0,0
K-35-077-4,student,0,0
K-35-077-4,student,0,0
K-35-077-4,student,0,0
K-35-077-4,student,0,0
K-35-077-4,student,0,0
K-35-077-4,student,0,0
K-35-077-4,student,0,0
K-35-077-4,student,0,0
K-35-077-4,student,0,0
K-35-077-4,student,0,0
K-35-077-4,student,0,0
K-35-077-4,student,0,0
K-35-077-4,student,0,0
K-35-077-4,student,0,0
K-35-077-4,student,0,1
K-35-077-4,student,0,1
K-35-077-4,student,0,0
K-35-077-4,student,0,0
K-35-077-4,student,0,0
K-35-077-4,student,0,0
K-35-077-4,student,0,0
K-35-077-4,student,0,0
K-35-077-4,student,0,0
K-35-077-4,student,0,0
K-35-077-4,student,0,0
K-35-077-4,student,0,0
K-35-077-4,student,0,0
K-35-077-4,student,0,0
K-35-077-4,student,0,0
K-35-077-4,student,0,0
K-35-077-4,student,0,0
K-35-077-4,student,0,0
K-35-077-4,student,0,0
K-35-077-4,student,0,0
K-35-077-4,student,0,0
K-35-077-4,student,0,0
K-35-077-4,student,0,0
K-35-077-4,student,0,0
K-35-077-4,student,0,0
K-35-077-4,reviewer_phantom,0,0
