item_id,student_label,vlm_label,vlm_probability,map_name,category,x,y,posterior_p_true,latent_truth
0,1,1,1.0,K-35-042-3,matched,475200.3600689111,4733954.1500075795,1.0,1
1,1,1,1.0,K-35-042-3,matched,473260.54706303676,4728841.7939448785,1.0,1
2,1,1,0.95,K-35-042-3,matched,467949.43374018534,4739789.2425672375,1.0,1
3,1,1,1.0,K-35-042-3,matched,471913.23500985187,4740670.140927327,1.0,1
4,1,1,0.95,K-35-042-3,matched,474131.78705109406,4733325.047822695,1.0,1
5,1,1,1.0,K-35-042-3,matched,471410.92726534203,4732276.433420524,1.0,1
6,1,1,0.75,K-35-042-3,matched,477900.4137411779,4734104.090596268,1.0,1
7,1,1,0.95,K-35-042-3,matched,471623.2764711977,4725878.8400786435,1.0,1
8,1,1,1.0,K-35-042-3,matched,474975.9989496921,4741574.176338952,1.0,1
9,1,1,0.95,K-35-042-3,matched,475594.90346877143,4741161.126786773,1.0,1
10,1,1,1.0,K-35-042-3,matched,463761.70566996787,4742328.048168725,1.0,1
11,1,1,0.85,K-35-042-3,matched,462544.64508066163,4742254.581180256,1.0,1
12,1,1,0.95,K-35-042-3,matched,462573.231,4742020.466,1.0,1
13,1,0,0.0,K-35-042-3,student_only,473627.68566049956,4742088.299883381,1.0,1
14,1,0,0.0,K-35-042-3,student_only,477654.01196866477,4735993.517574452,1.0,1
15,1,0,0.0,K-35-042-3,student_only,466440.16894194135,4731621.483272956,1.0,1
16,1,0,0.0,K-35-042-3,student_only,466477.4460256086,4726719.319325663,1.0,1
17,1,0,0.0,K-35-042-3,student_only,471525.13216302125,4725567.0107172225,1.0,1
18,0,1,0.2,K-35-042-3,vlm_only,477820.03356336924,4729653.891919007,0.278217431962353,0
19,0,1,0.95,K-35-042-3,vlm_only,477830.7127101921,4727160.367946734,0.278217431962353,0
20,1,1,0.95,K-35-050-4,matched,320143.61154094164,4691650.613448794,1.0,1
21,1,1,0.95,K-35-050-4,matched,319775.57105540653,4705040.73072581,1.0,1
22,1,1,1.0,K-35-050-4,matched,319931.2484700064,4693217.866643624,1.0,1
23,1,1,1.0,K-35-050-4,matched,323155.583,4700748.075,1.0,1
24,1,1,1.0,K-35-050-4,matched,323160.592,4700686.22,1.0,1
25,1,1,0.2,K-35-050-4,matched,320069.1604361461,4701988.290722269,1.0,1
26,1,1,1.0,K-35-050-4,matched,322891.25058980077,4700252.595723517,1.0,1
27,1,1,0.95,K-35-050-4,matched,321293.0079194097,4699526.331505898,1.0,1
28,1,1,1.0,K-35-050-4,matched,322381.1026724585,4699753.770283799,1.0,1
29,1,1,1.0,K-35-050-4,matched,321936.481,4699394.377,1.0,1
30,1,1,0.85,K-35-050-4,matched,325224.642,4695707.152,1.0,1
31,1,1,0.95,K-35-050-4,matched,324877.985206321,4694983.72041179,1.0,1
32,1,1,0.95,K-35-050-4,matched,324873.7458319899,4694710.589471758,1.0,1
33,1,1,0.95,K-35-050-4,matched,325684.42879970936,4694432.207277655,1.0,1
34,1,1,0.85,K-35-050-4,matched,320682.1220865281,4700190.116672217,1.0,1
35,1,1,0.95,K-35-050-4,matched,321108.7638019527,4699459.992945499,1.0,1
36,1,1,0.85,K-35-050-4,matched,326353.9407484954,4699138.069783447,1.0,1
37,1,1,1.0,K-35-050-4,matched,328004.489,4697540.383,1.0,1
38,1,1,1.0,K-35-050-4,matched,326055.6717417816,4689871.506856194,1.0,1
39,1,1,1.0,K-35-050-4,matched,326338.8695845064,4689714.833133687,1.0,1
40,1,1,1.0,K-35-050-4,matched,324539.4575854655,4695669.424223484,1.0,1
41,1,1,1.0,K-35-050-4,matched,324026.2050487352,4695240.1395003535,1.0,1
42,1,1,0.85,K-35-050-4,matched,326343.16316834337,4704199.816826731,1.0,1
43,1,1,0.85,K-35-050-4,matched,327220.79690122034,4704163.658000436,1.0,1
44,1,1,1.0,K-35-050-4,matched,315173.2443728897,4696856.038970566,1.0,1
45,1,1,0.95,K-35-050-4,matched,316348.72,4696685.417,1.0,1
46,1,1,1.0,K-35-050-4,matched,315965.56510468805,4696351.497731684,1.0,1
47,1,1,1.0,K-35-050-4,matched,314808.4614711569,4695990.572920848,1.0,1
48,1,1,1.0,K-35-050-4,matched,329230.2287002837,4689086.836472506,1.0,1
49,1,1,1.0,K-35-050-4,matched,324886.16267720534,4698804.159663133,1.0,1
50,1,1,0.95,K-35-050-4,matched,325555.89593263087,4696261.018695312,1.0,1
51,1,1,0.4,K-35-050-4,matched,328109.81728080404,4696801.08209749,1.0,1
52,1,1,0.95,K-35-050-4,matched,332577.42140888533,4698145.267985623,1.0,1
53,1,1,1.0,K-35-050-4,matched,331917.46198057657,4701438.879040958,1.0,1
54,1,1,1.0,K-35-050-4,matched,331815.77002275945,4701337.002743387,1.0,1
55,1,1,1.0,K-35-050-4,matched,315764.58364193817,4700250.183641269,1.0,1
56,1,1,1.0,K-35-050-4,matched,329678.88082593016,4688844.173721447,1.0,1
57,1,1,1.0,K-35-050-4,matched,324786.7119730965,4692076.152873416,1.0,1
58,1,1,0.95,K-35-050-4,matched,319659.31820288615,4694610.994796123,1.0,1
59,1,1,1.0,K-35-050-4,matched,321191.73226297327,4694257.0522538405,1.0,1
60,1,1,0.2,K-35-050-4,matched,326936.15032704466,4705044.632865343,1.0,1
61,1,1,1.0,K-35-050-4,matched,330195.95538672176,4693307.7278615935,1.0,1
62,1,1,1.0,K-35-050-4,matched,317163.49290461396,4702755.515845864,1.0,1
63,1,1,0.4,K-35-050-4,matched,331371.3514672046,4690642.491067081,1.0,1
64,1,1,1.0,K-35-050-4,matched,330520.4606237896,4690311.741301342,1.0,1
65,1,1,0.95,K-35-050-4,matched,330451.54171343707,4689887.079404486,1.0,1
66,1,1,1.0,K-35-050-4,matched,330211.5322902935,4689541.87272173,1.0,1
67,1,1,0.2,K-35-050-4,matched,330014.4949722525,4689360.8573518535,1.0,1
68,1,1,0.85,K-35-050-4,matched,335012.8367949176,4699051.316827197,1.0,1
69,1,1,0.95,K-35-050-4,matched,327891.0703068316,4702115.052579428,1.0,1
70,1,1,1.0,K-35-050-4,matched,326316.7623371867,4700848.930071542,1.0,1
71,1,1,1.0,K-35-050-4,matched,334909.6174255044,4690435.394002196,1.0,1
72,1,1,1.0,K-35-050-4,matched,334459.9959992933,4689463.764532119,1.0,1
73,1,1,0.85,K-35-050-4,matched,334948.515,4688970.464,1.0,1
74,1,1,0.85,K-35-050-4,matched,318882.9570495422,4697127.266919623,1.0,1
75,1,1,0.95,K-35-050-4,matched,318998.1430460604,4696992.021222071,1.0,1
76,1,1,0.95,K-35-050-4,matched,318854.0554948226,4696252.722112443,1.0,1
77,1,1,0.95,K-35-050-4,matched,332580.2678097262,4699161.494621648,1.0,1
78,1,1,1.0,K-35-050-4,matched,330095.2710141275,4688931.628272515,1.0,1
79,1,1,1.0,K-35-050-4,matched,331050.377,4702231.783,1.0,1
80,1,1,1.0,K-35-050-4,matched,330815.1646451917,4701916.348840114,1.0,1
81,1,1,1.0,K-35-050-4,matched,329928.2487408565,4701465.016134257,1.0,1
82,1,1,0.85,K-35-050-4,matched,330314.5222343308,4701383.243859315,1.0,1
83,1,1,0.95,K-35-050-4,matched,330396.16078440053,4701364.906173074,1.0,1
84,1,1,0.95,K-35-050-4,matched,330477.738286649,4701330.49005995,1.0,1
85,1,1,0.95,K-35-050-4,matched,330734.55487058405,4701252.284198953,1.0,1
86,1,1,0.95,K-35-050-4,matched,331252.5018795128,4701297.610033629,1.0,1
87,1,1,1.0,K-35-050-4,matched,318847.7774342038,4699140.711163521,1.0,1
88,1,1,1.0,K-35-050-4,matched,318807.30689945456,4698236.071441445,1.0,1
89,1,1,1.0,K-35-050-4,matched,335171.3191251686,4700023.110114702,1.0,1
90,1,1,0.95,K-35-050-4,matched,334868.6769228566,4699864.05895328,1.0,1
91,1,1,0.95,K-35-050-4,matched,318482.48264167306,4695615.700840548,1.0,1
92,1,1,1.0,K-35-050-4,matched,318607.9309615923,4695500.563946372,1.0,1
93,1,1,1.0,K-35-050-4,matched,318539.48020995373,4695408.989199586,1.0,1
94,1,1,1.0,K-35-050-4,matched,318696.7831091697,4695202.531450225,1.0,1
95,1,1,1.0,K-35-050-4,matched,318761.3986307189,4695099.46399795,1.0,1
96,1,1,1.0,K-35-050-4,matched,319154.8898836896,4695055.609836605,1.0,1
97,1,1,1.0,K-35-050-4,matched,318987.666235809,4694887.741997052,1.0,1
98,1,1,1.0,K-35-050-4,matched,318781.22730443516,4694796.501036433,1.0,1
99,1,1,0.4,K-35-050-4,matched,332758.5541872072,4693795.973548756,1.0,1
100,1,1,1.0,K-35-050-4,matched,328716.38337474316,4693688.479059681,1.0,1
101,1,1,0.95,K-35-050-4,matched,328562.7217837112,4693447.224048427,1.0,1
102,1,1,0.95,K-35-050-4,matched,329605.7082214328,4693746.993706316,1.0,1
103,1,1,1.0,K-35-050-4,matched,329667.0685430457,4693703.184707136,1.0,1
104,1,1,0.95,K-35-050-4,matched,329417.033,4693469.129,1.0,1
105,1,1,1.0,K-35-050-4,matched,329491.063,4693500.773,1.0,1
106,1,1,1.0,K-35-050-4,matched,327462.0836692294,4695066.733956202,1.0,1
107,1,1,1.0,K-35-050-4,matched,326963.04193542636,4694242.332093916,1.0,1
108,1,1,0.85,K-35-050-4,matched,328150.4041880362,4694887.107344162,1.0,1
109,1,1,0.4,K-35-050-4,matched,326934.79700954293,4693041.027970558,1.0,1
110,1,1,1.0,K-35-050-4,matched,327884.901447855,4692840.728633823,1.0,1
111,1,1,1.0,K-35-050-4,matched,327818.16121514176,4692655.832175334,1.0,1
112,1,1,1.0,K-35-050-4,matched,330824.64053600957,4700670.488747244,1.0,1
113,1,1,0.4,K-35-050-4,matched,330395.4415525755,4704874.472300573,1.0,1
114,1,1,1.0,K-35-050-4,matched,317464.97804873326,4695871.273263878,1.0,1
115,1,1,0.95,K-35-050-4,matched,318496.83,4693897.978,1.0,1
116,1,1,0.2,K-35-050-4,matched,318762.875,4693931.477,1.0,1
117,1,1,0.95,K-35-050-4,matched,319492.72764261614,4693122.03326417,1.0,1
118,1,1,0.95,K-35-050-4,matched,319500.3786892197,4692912.156068911,1.0,1
119,1,1,0.85,K-35-050-4,matched,319398.3188439101,4692828.274424878,1.0,1
120,1,1,1.0,K-35-050-4,matched,319332.73085804674,4705036.5439664135,1.0,1
121,1,1,1.0,K-35-050-4,matched,319362.54,4704136.181,1.0,1
122,1,1,1.0,K-35-050-4,matched,321365.7834421408,4702408.023669837,1.0,1
123,1,1,0.95,K-35-050-4,matched,333092.2006080975,4693330.726417809,1.0,1
124,1,1,0.95,K-35-050-4,matched,333647.9721373122,4692943.0381356925,1.0,1
125,1,1,0.85,K-35-050-4,matched,325764.2644146425,4700578.925087438,1.0,1
126,1,1,1.0,K-35-050-4,matched,325563.76022204186,4700428.01247256,1.0,1
127,1,1,1.0,K-35-050-4,matched,325139.4465646979,4700171.835772506,1.0,1
128,1,1,0.85,K-35-050-4,matched,323290.672966838,4689663.66425874,1.0,1
129,1,1,1.0,K-35-050-4,matched,323787.9118476021,4690708.556912609,1.0,1
130,1,1,0.2,K-35-050-4,matched,324319.568904583,4690845.193520415,1.0,1
131,1,1,0.2,K-35-050-4,matched,324403.24144647503,4690829.565571495,1.0,1
132,1,1,0.2,K-35-050-4,matched,323821.754644729,4691145.141518439,1.0,1
133,1,1,1.0,K-35-050-4,matched,328962.0499540705,4703417.620662819,1.0,1
134,1,1,1.0,K-35-050-4,matched,328800.469,4703039.361,1.0,1
135,1,1,0.95,K-35-050-4,matched,329169.8388404581,4703061.519170398,1.0,1
136,1,1,0.95,K-35-050-4,matched,329625.89459770406,4703102.71193206,1.0,1
137,1,1,0.95,K-35-050-4,matched,328992.7253670909,4702838.605893618,1.0,1
138,1,1,0.4,K-35-050-4,matched,329342.291,4702510.283,1.0,1
139,1,1,0.95,K-35-050-4,matched,329121.6380890134,4702142.311131152,1.0,1
140,1,1,1.0,K-35-050-4,matched,329490.6259199404,4701864.229584396,1.0,1
141,1,1,1.0,K-35-050-4,matched,329514.8466352036,4701440.766979731,1.0,1
142,1,1,0.15,K-35-050-4,matched,329394.11139030615,4701123.360559244,1.0,1
143,1,1,1.0,K-35-050-4,matched,335166.8881720987,4696749.160382299,1.0,1
144,1,1,0.85,K-35-050-4,matched,333510.00907075056,4700747.325096673,1.0,1
145,1,1,1.0,K-35-050-4,matched,329212.15373332927,4698191.917729113,1.0,1
146,1,1,0.95,K-35-050-4,matched,329188.3917163364,4698105.639558065,1.0,1
147,1,1,1.0,K-35-050-4,matched,328654.6382614152,4697897.003247352,1.0,1
148,1,1,0.85,K-35-050-4,matched,328737.0417279881,4697843.105290785,1.0,1
149,1,1,1.0,K-35-050-4,matched,328249.4754705743,4697763.9279697,1.0,1
150,1,1,1.0,K-35-050-4,matched,329422.42553972936,4697564.412012784,1.0,1
151,1,1,1.0,K-35-050-4,matched,332951.11619117344,4691719.391332954,1.0,1
152,1,1,1.0,K-35-050-4,matched,332599.665,4691382.601,1.0,1
153,1,1,0.95,K-35-050-4,matched,332589.3860023772,4691141.9743219735,1.0,1
154,1,1,1.0,K-35-050-4,matched,332611.58885739726,4690983.5377122,1.0,1
155,1,1,1.0,K-35-050-4,matched,322717.25065011607,4690376.28005976,1.0,1
156,1,1,1.0,K-35-050-4,matched,322848.62746665574,4689949.023519769,1.0,1
157,1,1,0.95,K-35-050-4,matched,322504.5834413723,4689714.207162444,1.0,1
158,1,1,1.0,K-35-050-4,matched,322406.83431021485,4689617.348704727,1.0,1
159,1,1,0.4,K-35-050-4,matched,329323.2868307497,4697263.637804697,1.0,1
160,1,0,0.0,K-35-050-4,student_only,333354.63636832277,4705020.608819341,1.0,1
161,1,0,0.0,K-35-050-4,student_only,334429.0441487649,4706466.405058687,1.0,1
162,1,0,0.0,K-35-050-4,student_only,328853.16,4703072.438,1.0,1
163,1,0,0.0,K-35-050-4,student_only,321168.4023578413,4702976.378241395,1.0,1
164,1,0,0.0,K-35-050-4,student_only,321130.337,4702901.042,1.0,1
165,1,0,0.0,K-35-050-4,student_only,326017.54436532344,4702125.262780455,1.0,1
166,1,0,0.0,K-35-050-4,student_only,327826.6070118302,4701590.893665802,1.0,1
167,1,0,0.0,K-35-050-4,student_only,329370.213,4702454.726,1.0,1
168,1,0,0.0,K-35-050-4,student_only,329491.48505527014,4702653.717012629,1.0,1
169,1,0,0.0,K-35-050-4,student_only,329986.2808367652,4702260.752441838,1.0,1
170,1,0,0.0,K-35-050-4,student_only,329994.8344447542,4702681.293852,1.0,1
171,1,0,0.0,K-35-050-4,student_only,332968.31557528983,4700286.855356887,1.0,1
172,1,0,0.0,K-35-050-4,student_only,325628.32711435744,4700737.484037153,1.0,1
173,1,0,0.0,K-35-050-4,student_only,325093.13632324024,4699827.245989027,1.0,1
174,1,0,0.0,K-35-050-4,student_only,328418.31823452504,4697284.78172566,1.0,1
175,1,0,0.0,K-35-050-4,student_only,333168.77211983944,4695822.626126202,1.0,1
176,1,0,0.0,K-35-050-4,student_only,316440.47294701904,4696581.292903735,1.0,1
177,1,0,0.0,K-35-050-4,student_only,327201.98191652854,4692181.140339283,1.0,1
178,1,0,0.0,K-35-050-4,student_only,322382.90385614685,4689161.4027419025,1.0,1
179,1,0,0.0,K-35-050-4,student_only,324863.01365197095,4689847.8085357435,1.0,1
180,1,0,0.0,K-35-050-4,student_only,331858.5483245125,4690480.709610567,1.0,1
181,1,0,0.0,K-35-050-4,student_only,332037.5434993282,4690887.2379334485,1.0,1
182,0,1,1.0,K-35-050-4,vlm_only,334911.50874025025,4688977.882430727,0.278217431962353,0
183,0,1,1.0,K-35-050-4,vlm_only,322768.459658162,4690845.487683116,0.278217431962353,0
184,0,1,0.2,K-35-050-4,vlm_only,327456.46521611256,4702863.856345445,0.278217431962353,0
185,0,1,0.95,K-35-050-4,vlm_only,324075.02864303114,4701511.82178904,0.278217431962353,0
186,1,1,1.0,K-35-051-3,matched,352914.780043198,4691867.458242685,1.0,1
187,1,1,0.85,K-35-051-3,matched,353414.9764984995,4691888.527448036,1.0,1
188,1,1,0.85,K-35-051-3,matched,341137.15844866075,4697590.649848458,1.0,1
189,1,1,1.0,K-35-051-3,matched,341533.7162646365,4697603.498729008,1.0,1
190,1,1,1.0,K-35-051-3,matched,335430.22094410076,4689147.838641138,1.0,1
191,1,1,1.0,K-35-051-3,matched,335827.0735219624,4689171.540255727,1.0,1
192,1,1,0.2,K-35-051-3,matched,342675.14598262485,4692964.087996271,1.0,1
193,1,1,0.85,K-35-051-3,matched,344298.8875171348,4693483.447467562,1.0,1
194,1,1,1.0,K-35-051-3,matched,344596.20203090843,4693349.990949218,1.0,1
195,1,1,1.0,K-35-051-3,matched,344663.32151003904,4693283.824386061,1.0,1
196,1,1,0.75,K-35-051-3,matched,346109.2588085572,4693341.35478097,1.0,1
197,1,1,1.0,K-35-051-3,matched,345827.56418309954,4692706.566523434,1.0,1
198,1,1,0.85,K-35-051-3,matched,336118.60393986444,4694798.829998813,1.0,1
199,1,1,0.95,K-35-051-3,matched,335430.4009587054,4700101.215909257,1.0,1
200,1,1,1.0,K-35-051-3,matched,335648.23445464205,4699864.917099489,1.0,1
201,1,1,0.95,K-35-051-3,matched,336335.2069075365,4699664.319740498,1.0,1
202,1,1,0.95,K-35-051-3,matched,335984.1130877709,4699322.6075557545,1.0,1
203,1,1,0.2,K-35-051-3,matched,336632.6329335832,4698353.562341033,1.0,1
204,1,1,0.95,K-35-051-3,matched,350245.352,4694941.617,1.0,1
205,1,1,1.0,K-35-051-3,matched,336401.73539569485,4692936.032925829,1.0,1
206,1,1,1.0,K-35-051-3,matched,346793.0461175446,4690737.882995708,1.0,1
207,1,1,0.15,K-35-051-3,matched,347303.0111476843,4694702.462092819,1.0,1
208,1,1,1.0,K-35-051-3,matched,348216.0561078304,4694522.66711624,1.0,1
209,1,1,0.95,K-35-051-3,matched,351439.4620388463,4701715.469642829,1.0,1
210,1,1,0.85,K-35-051-3,matched,345441.62534858286,4694564.678622755,1.0,1
211,1,1,0.85,K-35-051-3,matched,345889.6007563679,4694413.505171531,1.0,1
212,1,1,1.0,K-35-051-3,matched,345712.59728007903,4693710.519308765,1.0,1
213,1,1,0.2,K-35-051-3,matched,346450.4015505875,4694061.689378726,1.0,1
214,1,1,1.0,K-35-051-3,matched,349986.4032605718,4700389.45151595,1.0,1
215,1,1,1.0,K-35-051-3,matched,349637.8929536814,4699974.925822147,1.0,1
216,1,1,0.85,K-35-051-3,matched,353213.9380254607,4701439.42502195,1.0,1
217,1,1,1.0,K-35-051-3,matched,353272.4609561832,4700923.70259292,1.0,1
218,1,1,1.0,K-35-051-3,matched,337632.700889849,4693515.65289987,1.0,1
219,1,1,0.85,K-35-051-3,matched,349990.1059034062,4689305.174358645,1.0,1
220,1,1,1.0,K-35-051-3,matched,349416.799,4688799.954,1.0,1
221,1,1,0.95,K-35-051-3,matched,349237.90053025715,4688687.488925306,1.0,1
222,1,1,0.95,K-35-051-3,matched,337544.10234165064,4689152.264624874,1.0,1
223,1,1,1.0,K-35-051-3,matched,337511.9540377062,4688827.606613455,1.0,1
224,1,1,1.0,K-35-051-3,matched,337494.33024628833,4688693.798321878,1.0,1
225,1,1,0.95,K-35-051-3,matched,350673.3624811643,4689492.356223428,1.0,1
226,1,1,0.95,K-35-051-3,matched,351284.50956687157,4689163.970635721,1.0,1
227,1,1,1.0,K-35-051-3,matched,350544.68225132837,4688445.825148889,1.0,1
228,1,1,0.85,K-35-051-3,matched,349754.31471812946,4692601.789733278,1.0,1
229,1,1,0.4,K-35-051-3,matched,353162.1312678808,4697151.615405711,1.0,1
230,1,1,0.4,K-35-051-3,matched,337670.1720569078,4696738.101759742,1.0,1
231,1,1,1.0,K-35-051-3,matched,336935.1168523776,4696021.321468828,1.0,1
232,1,1,1.0,K-35-051-3,matched,338193.6735058614,4701759.444179793,1.0,1
233,1,1,1.0,K-35-051-3,matched,338650.273,4700665.065,1.0,1
234,1,1,1.0,K-35-051-3,matched,354052.15594326716,4689792.599413042,1.0,1
235,1,1,1.0,K-35-051-3,matched,354666.907,4688618.837,1.0,1
236,1,1,0.95,K-35-051-3,matched,355340.91278953385,4688622.584599991,1.0,1
237,1,1,1.0,K-35-051-3,matched,339393.37740928924,4705403.988568718,1.0,1
238,1,1,0.75,K-35-051-3,matched,351989.1931496797,4697935.978167472,1.0,1
239,1,1,0.85,K-35-051-3,matched,338676.188,4698650.01,1.0,1
240,1,1,1.0,K-35-051-3,matched,339391.3920530579,4698348.310129564,1.0,1
241,1,1,0.85,K-35-051-3,matched,339907.968477263,4698396.671816942,1.0,1
242,1,1,0.95,K-35-051-3,matched,340128.1515798209,4698071.79895582,1.0,1
243,1,1,0.4,K-35-051-3,matched,339587.11548700475,4697264.47159635,1.0,1
244,1,1,1.0,K-35-051-3,matched,353022.3080148712,4691722.292186344,1.0,1
245,1,1,1.0,K-35-051-3,matched,352620.5712397848,4691626.804647621,1.0,1
246,1,1,1.0,K-35-051-3,matched,353167.56229043286,4691223.41659005,1.0,1
247,1,1,1.0,K-35-051-3,matched,352109.0618116318,4691129.0429862235,1.0,1
248,1,1,0.95,K-35-051-3,matched,352159.96354255,4690967.202246656,1.0,1
249,1,1,0.95,K-35-051-3,matched,352410.1852621834,4690697.565984645,1.0,1
250,1,1,0.95,K-35-051-3,matched,352362.9859505132,4690472.86132587,1.0,1
251,1,1,0.95,K-35-051-3,matched,352362.0532997857,4690387.981439945,1.0,1
252,1,1,0.15,K-35-051-3,matched,338659.575,4700384.013,1.0,1
253,1,1,0.95,K-35-051-3,matched,337119.7052322326,4698733.939875564,1.0,1
254,1,1,0.85,K-35-051-3,matched,337307.05241144885,4698619.090971706,1.0,1
255,1,1,1.0,K-35-051-3,matched,355406.8427067932,4690885.8223288795,1.0,1
256,1,1,1.0,K-35-051-3,matched,355631.07060592296,4690770.20719192,1.0,1
257,1,1,1.0,K-35-051-3,matched,355261.947,4695686.273,1.0,1
258,1,1,1.0,K-35-051-3,matched,355303.0568608693,4689889.830642016,1.0,1
259,1,1,0.95,K-35-051-3,matched,339908.9209939218,4695363.701988245,1.0,1
260,1,1,0.7,K-35-051-3,matched,339891.952143189,4694962.4295711,1.0,1
261,1,1,1.0,K-35-051-3,matched,339800.3119937681,4694516.489657528,1.0,1
262,1,1,1.0,K-35-051-3,matched,338801.17327304184,4694255.944154236,1.0,1
263,1,1,0.85,K-35-051-3,matched,339700.323,4693565.555,1.0,1
264,1,1,1.0,K-35-051-3,matched,338907.52211986436,4690226.38925234,1.0,1
265,1,1,1.0,K-35-051-3,matched,338755.8660244148,4690038.019922289,1.0,1
266,1,1,1.0,K-35-051-3,matched,338596.51518833265,4689142.103575454,1.0,1
267,1,1,1.0,K-35-051-3,matched,347379.52567683044,4699688.218993033,1.0,1
268,1,1,1.0,K-35-051-3,matched,347368.70720313373,4699605.3992544245,1.0,1
269,1,1,1.0,K-35-051-3,matched,336062.7110114574,4695919.373731551,1.0,1
270,1,1,0.2,K-35-051-3,matched,336202.59158425033,4695230.57281467,1.0,1
271,1,1,0.95,K-35-051-3,matched,345297.10193084925,4689763.423567573,1.0,1
272,1,1,1.0,K-35-051-3,matched,344342.54435546615,4688860.784110476,1.0,1
273,1,1,1.0,K-35-051-3,matched,338418.00216926646,4694189.581178963,1.0,1
274,1,1,1.0,K-35-051-3,matched,342522.2129235566,4694276.714553821,1.0,1
275,1,1,1.0,K-35-051-3,matched,340406.3803072436,4696286.2142260885,1.0,1
276,1,1,0.85,K-35-051-3,matched,341783.816,4696174.502,1.0,1
277,1,1,0.95,K-35-051-3,matched,340738.7343764744,4695571.812477586,1.0,1
278,1,1,0.85,K-35-051-3,matched,340525.94369613426,4695470.670223773,1.0,1
279,1,1,0.95,K-35-051-3,matched,340605.7527145676,4695443.504972845,1.0,1
280,1,1,0.2,K-35-051-3,matched,354193.52668808016,4697737.825099229,1.0,1
281,1,1,1.0,K-35-051-3,matched,355239.4932807678,4692186.645044609,1.0,1
282,1,1,0.2,K-35-051-3,matched,347717.42664750497,4701262.657278109,1.0,1
283,1,1,0.85,K-35-051-3,matched,353244.44193843764,4688747.846071279,1.0,1
284,1,1,0.4,K-35-051-3,matched,336004.099,4691182.252,1.0,1
285,1,1,1.0,K-35-051-3,matched,338288.4289636982,4690915.61095415,1.0,1
286,1,1,1.0,K-35-051-3,matched,337501.2709869543,4698924.7743997965,1.0,1
287,1,1,0.85,K-35-051-3,matched,344680.89959052904,4698245.782925891,1.0,1
288,1,1,1.0,K-35-051-3,matched,337027.949,4699273.827,1.0,1
289,1,1,0.95,K-35-051-3,matched,337280.13033987745,4698922.523842976,1.0,1
290,1,1,0.95,K-35-051-3,matched,337615.45577041816,4698857.767559698,1.0,1
291,1,1,0.2,K-35-051-3,matched,338047.7118664464,4699285.260358416,1.0,1
292,1,1,0.95,K-35-051-3,matched,338326.6260251943,4699175.832930428,1.0,1
293,1,1,0.3,K-35-051-3,matched,344368.2289887644,4688784.023939258,1.0,1
294,1,1,1.0,K-35-051-3,matched,338711.981,4700663.49,1.0,1
295,1,1,0.2,K-35-051-3,matched,338734.458,4700311.855,1.0,1
296,1,0,0.0,K-35-051-3,student_only,346511.0445768318,4706793.745491054,1.0,1
297,1,0,0.0,K-35-051-3,student_only,345352.0966303707,4703647.428514646,1.0,1
298,1,0,0.0,K-35-051-3,student_only,345303.643,4703533.738,1.0,1
299,1,0,0.0,K-35-051-3,student_only,346724.0483273217,4701273.025420885,1.0,1
300,1,0,0.0,K-35-051-3,student_only,347125.9878325246,4701062.428275518,1.0,1
301,1,0,0.0,K-35-051-3,student_only,352754.3047076485,4700765.861210529,1.0,1
302,1,0,0.0,K-35-051-3,student_only,338319.7449648918,4700526.667786457,1.0,1
303,1,0,0.0,K-35-051-3,student_only,336874.90254388296,4699410.801319094,1.0,1
304,1,0,0.0,K-35-051-3,student_only,336665.63642407977,4699306.905583824,1.0,1
305,1,0,0.0,K-35-051-3,student_only,336423.648739281,4699311.024434959,1.0,1
306,1,0,0.0,K-35-051-3,student_only,344843.61032961967,4698767.809714699,1.0,1
307,1,0,0.0,K-35-051-3,student_only,348371.1174130858,4697810.623443097,1.0,1
308,1,0,0.0,K-35-051-3,student_only,352096.64064810355,4698840.786552512,1.0,1
309,1,0,0.0,K-35-051-3,student_only,354750.5736801495,4696644.585298537,1.0,1
310,1,0,0.0,K-35-051-3,student_only,352214.9660152693,4696836.358332198,1.0,1
311,1,0,0.0,K-35-051-3,student_only,341778.805,4696096.188,1.0,1
312,1,0,0.0,K-35-051-3,student_only,340603.903,4695576.889,1.0,1
313,1,0,0.0,K-35-051-3,student_only,337595.0333891553,4695966.029359778,1.0,1
314,1,0,0.0,K-35-051-3,student_only,336197.75768887426,4695970.616630325,1.0,1
315,1,0,0.0,K-35-051-3,student_only,336290.70929803024,4696792.610231055,1.0,1
316,1,0,0.0,K-35-051-3,student_only,341784.7149984078,4694695.200731884,1.0,1
317,1,0,0.0,K-35-051-3,student_only,341801.0444648204,4694027.6020744,1.0,1
318,1,0,0.0,K-35-051-3,student_only,341981.75431535905,4693869.000003735,1.0,1
319,1,0,0.0,K-35-051-3,student_only,342875.47538092965,4693294.554358956,1.0,1
320,1,0,0.0,K-35-051-3,student_only,342548.4686886162,4694967.570000448,1.0,1
321,1,0,0.0,K-35-051-3,student_only,345720.7393452306,4694349.348589616,1.0,1
322,1,0,0.0,K-35-051-3,student_only,355332.11003454216,4693315.413699603,1.0,1
323,1,0,0.0,K-35-051-3,student_only,355711.8919495021,4693050.382347759,1.0,1
324,1,0,0.0,K-35-051-3,student_only,355656.94052473386,4691292.262352064,1.0,1
325,1,0,0.0,K-35-051-3,student_only,351849.29921984463,4691952.9419783065,1.0,1
326,1,0,0.0,K-35-051-3,student_only,351860.210404665,4691711.905042245,1.0,1
327,1,0,0.0,K-35-051-3,student_only,350559.13894669357,4691118.309769211,1.0,1
328,1,0,0.0,K-35-051-3,student_only,348916.9126529202,4691772.315221488,1.0,1
329,1,0,0.0,K-35-051-3,student_only,347308.0829120127,4691542.043961264,1.0,1
330,1,0,0.0,K-35-051-3,student_only,345955.2343637742,4692733.403911436,1.0,1
331,1,0,0.0,K-35-051-3,student_only,344076.059,4692037.156,1.0,1
332,1,0,0.0,K-35-051-3,student_only,344047.138,4691984.038,1.0,1
333,1,0,0.0,K-35-051-3,student_only,335955.133,4691127.85,1.0,1
334,1,0,0.0,K-35-051-3,student_only,335575.4531518995,4691335.173784303,1.0,1
335,1,0,0.0,K-35-051-3,student_only,338421.7635263514,4688961.730520584,1.0,1
336,1,0,0.0,K-35-051-3,student_only,339765.0537912571,4689989.544646891,1.0,1
337,1,0,0.0,K-35-051-3,student_only,341431.34717669745,4690765.571510316,1.0,1
338,1,0,0.0,K-35-051-3,student_only,342278.240364419,4690672.609856346,1.0,1
339,1,0,0.0,K-35-051-3,student_only,350456.6956512113,4689646.29663312,1.0,1
340,1,0,0.0,K-35-051-3,student_only,351448.9140553236,4690045.755116586,1.0,1
341,1,0,0.0,K-35-051-3,student_only,352851.38815351477,4690969.683793064,1.0,1
342,0,1,0.2,K-35-051-3,vlm_only,336503.2262787047,4697170.17305746,0.278217431962353,0
343,0,1,0.2,K-35-051-3,vlm_only,346432.42166401015,4688585.899090359,0.278217431962353,0
344,0,1,0.2,K-35-051-3,vlm_only,337388.6309512083,4695265.430915835,0.278217431962353,0
345,0,1,0.4,K-35-051-3,vlm_only,339295.1134309372,4698829.92753146,0.278217431962353,0
346,0,1,0.95,K-35-051-3,vlm_only,338633.93619679805,4698653.410085464,0.278217431962353,0
347,0,1,0.15,K-35-051-3,vlm_only,336295.8823728304,4696958.152680844,0.278217431962353,0
348,0,1,0.95,K-35-051-3,vlm_only,341721.9153214452,4696087.341843923,0.278217431962353,0
349,0,1,0.2,K-35-051-3,vlm_only,351110.91765841376,4703240.731487218,0.278217431962353,0
350,0,1,0.2,K-35-051-3,vlm_only,346154.9449607287,4696203.007253866,0.278217431962353,0
351,0,1,1.0,K-35-051-3,vlm_only,349031.5530088822,4688402.991180486,0.278217431962353,0
352,1,1,0.4,K-35-051-4,matched,356190.3635624765,4690455.915027201,1.0,1
353,1,1,0.95,K-35-051-4,matched,356244.1535785055,4694315.8155210465,1.0,1
354,1,1,0.95,K-35-051-4,matched,356346.6539071087,4694364.424390711,1.0,1
355,1,1,1.0,K-35-051-4,matched,357235.3010756604,4693761.167111465,1.0,1
356,1,1,1.0,K-35-051-4,matched,357318.7993739086,4693745.458661544,1.0,1
357,1,1,0.85,K-35-051-4,matched,357505.67298298917,4693548.194562751,1.0,1
358,1,1,1.0,K-35-051-4,matched,356065.1536389635,4696161.178365266,1.0,1
359,1,1,0.95,K-35-051-4,matched,356409.12265213893,4694945.169524641,1.0,1
360,1,1,1.0,K-35-051-4,matched,356849.68288533017,4695105.58959799,1.0,1
361,1,1,0.95,K-35-051-4,matched,356946.46434554807,4695067.954085713,1.0,1
362,1,1,1.0,K-35-051-4,matched,363151.025,4689787.786,1.0,1
363,1,1,1.0,K-35-051-4,matched,363899.491,4689728.368,1.0,1
364,1,1,1.0,K-35-051-4,matched,361424.73721165245,4696653.479063769,1.0,1
365,1,1,0.85,K-35-051-4,matched,356017.9736908024,4692964.180042841,1.0,1
366,1,1,1.0,K-35-051-4,matched,356285.9687328023,4692750.056243322,1.0,1
367,1,1,0.85,K-35-051-4,matched,356427.22985918936,4692450.803389266,1.0,1
368,1,1,0.15,K-35-051-4,matched,356345.24318281154,4692011.616960014,1.0,1
369,1,1,0.95,K-35-051-4,matched,363166.342,4701440.574,1.0,1
370,1,1,0.75,K-35-051-4,matched,362539.0889312691,4701081.67918148,1.0,1
371,1,1,0.95,K-35-051-4,matched,367406.4232976582,4694022.400862652,1.0,1
372,1,1,0.85,K-35-051-4,matched,366761.792,4693780.949,1.0,1
373,1,1,0.95,K-35-051-4,matched,366638.805684409,4693255.856233911,1.0,1
374,1,1,0.95,K-35-051-4,matched,363956.99229257705,4702139.287268264,1.0,1
375,1,1,0.95,K-35-051-4,matched,363431.2397261447,4701954.498448819,1.0,1
376,1,1,0.85,K-35-051-4,matched,365455.8913249341,4696412.9403122505,1.0,1
377,1,1,0.95,K-35-051-4,matched,365745.0313618509,4695991.6239420185,1.0,1
378,1,1,1.0,K-35-051-4,matched,363307.38317115605,4694668.369553079,1.0,1
379,1,1,0.95,K-35-051-4,matched,362823.5946779012,4693691.8219044125,1.0,1
380,1,1,0.95,K-35-051-4,matched,366072.8261891678,4692394.993327765,1.0,1
381,1,1,0.95,K-35-051-4,matched,366484.14658297127,4692431.552300874,1.0,1
382,1,1,1.0,K-35-051-4,matched,365840.4618722662,4691909.40469753,1.0,1
383,1,1,0.85,K-35-051-4,matched,364976.484619437,4691341.57063619,1.0,1
384,1,1,0.85,K-35-051-4,matched,367032.19807558804,4697352.010057317,1.0,1
385,1,1,1.0,K-35-051-4,matched,367533.9518356687,4696853.658953462,1.0,1
386,1,1,1.0,K-35-051-4,matched,370156.8547964693,4691868.223395545,1.0,1
387,1,1,0.95,K-35-051-4,matched,372578.78540755075,4688521.247358849,1.0,1
388,1,1,0.95,K-35-051-4,matched,368257.0526102998,4696053.776300644,1.0,1
389,1,1,1.0,K-35-051-4,matched,368324.46980682085,4696108.255945938,1.0,1
390,1,1,1.0,K-35-051-4,matched,368177.94012727356,4695883.863326175,1.0,1
391,1,1,0.15,K-35-051-4,matched,368026.62568635575,4695679.712648209,1.0,1
392,1,1,0.95,K-35-051-4,matched,369141.90224997967,4695413.058574809,1.0,1
393,1,1,0.35,K-35-051-4,matched,364948.72054435237,4704058.810154242,1.0,1
394,1,1,0.85,K-35-051-4,matched,364851.4008111904,4703415.962814994,1.0,1
395,1,1,0.4,K-35-051-4,matched,366449.59829387255,4690122.440774804,1.0,1
396,1,1,1.0,K-35-051-4,matched,375665.9757708363,4690659.436925984,1.0,1
397,1,1,0.95,K-35-051-4,matched,358001.64728675794,4692828.110191513,1.0,1
398,1,1,0.75,K-35-051-4,matched,373633.30259836855,4693025.747841985,1.0,1
399,1,1,1.0,K-35-051-4,matched,372996.8524768435,4691809.102285154,1.0,1
400,1,1,1.0,K-35-051-4,matched,375841.3466315303,4689344.00070289,1.0,1
401,1,1,0.95,K-35-051-4,matched,375766.9268246195,4688672.558981788,1.0,1
402,1,1,0.95,K-35-051-4,matched,376155.009,4688361.279,1.0,1
403,1,1,1.0,K-35-051-4,matched,374150.17720386497,4688846.807809103,1.0,1
404,1,1,0.95,K-35-051-4,matched,357602.654,4695997.431,1.0,1
405,1,1,1.0,K-35-051-4,matched,359176.4771071059,4697470.809970961,1.0,1
406,1,1,0.2,K-35-051-4,matched,357706.5317111468,4696996.45389987,1.0,1
407,1,1,1.0,K-35-051-4,matched,358725.013095039,4698896.885305206,1.0,1
408,1,1,0.4,K-35-051-4,matched,358876.9005919065,4698538.03136802,1.0,1
409,1,1,0.85,K-35-051-4,matched,358738.063096229,4698379.949470822,1.0,1
410,1,1,1.0,K-35-051-4,matched,360761.018,4701039.57,1.0,1
411,1,1,1.0,K-35-051-4,matched,360987.31250666647,4700828.008348411,1.0,1
412,1,1,0.75,K-35-051-4,matched,360724.9523030098,4700678.620346148,1.0,1
413,1,1,0.95,K-35-051-4,matched,360504.13759477146,4691238.493847769,1.0,1
414,1,1,1.0,K-35-051-4,matched,360505.5112237129,4691152.718129685,1.0,1
415,1,1,1.0,K-35-051-4,matched,361956.82062326,4694919.952372174,1.0,1
416,1,1,1.0,K-35-051-4,matched,359555.2599875748,4694955.852087109,1.0,1
417,1,1,1.0,K-35-051-4,matched,362981.5870494392,4696867.995857269,1.0,1
418,1,1,1.0,K-35-051-4,matched,361452.649,4701401.488,1.0,1
419,1,1,0.95,K-35-051-4,matched,356042.0515354165,4696801.364784318,1.0,1
420,1,1,1.0,K-35-051-4,matched,357267.6454588998,4696622.020697854,1.0,1
421,1,1,1.0,K-35-051-4,matched,361770.0432319605,4694309.246275847,1.0,1
422,1,1,1.0,K-35-051-4,matched,362337.40638868127,4694072.499647568,1.0,1
423,1,1,0.15,K-35-051-4,matched,361425.023,4694073.724,1.0,1
424,1,1,0.2,K-35-051-4,matched,361505.74269492936,4693760.026585936,1.0,1
425,1,0,0.0,K-35-051-4,student_only,363619.8713717713,4704689.050647588,1.0,1
426,1,0,0.0,K-35-051-4,student_only,364509.3783277652,4700964.756623345,1.0,1
427,1,0,0.0,K-35-051-4,student_only,361734.0813854947,4701124.274753483,1.0,1
428,1,0,0.0,K-35-051-4,student_only,361214.1800595046,4701501.278322132,1.0,1
429,1,0,0.0,K-35-051-4,student_only,358287.22684781946,4700314.626540357,1.0,1
430,1,0,0.0,K-35-051-4,student_only,356651.60748898034,4697104.40192761,1.0,1
431,1,0,0.0,K-35-051-4,student_only,356559.43346370774,4697582.467410069,1.0,1
432,1,0,0.0,K-35-051-4,student_only,356064.6191524159,4696686.0853301445,1.0,1
433,1,0,0.0,K-35-051-4,student_only,356783.79556291434,4696226.026782074,1.0,1
434,1,0,0.0,K-35-051-4,student_only,358812.529715898,4696970.712769894,1.0,1
435,1,0,0.0,K-35-051-4,student_only,368741.89340358996,4696717.118173098,1.0,1
436,1,0,0.0,K-35-051-4,student_only,368801.1570939781,4696657.902703019,1.0,1
437,1,0,0.0,K-35-051-4,student_only,367019.1657087271,4692999.2735653585,1.0,1
438,1,0,0.0,K-35-051-4,student_only,362943.3684701419,4693864.548040958,1.0,1
439,1,0,0.0,K-35-051-4,student_only,356025.8122682177,4692755.689910555,1.0,1
440,1,0,0.0,K-35-051-4,student_only,356700.464030746,4692850.697579752,1.0,1
441,1,0,0.0,K-35-051-4,student_only,366713.3139429507,4692333.21499283,1.0,1
442,1,0,0.0,K-35-051-4,student_only,371943.9494782589,4692049.424046627,1.0,1
443,1,0,0.0,K-35-051-4,student_only,374893.72125670867,4692346.481883553,1.0,1
444,1,0,0.0,K-35-051-4,student_only,373883.4956628178,4691921.276478721,1.0,1
445,1,0,0.0,K-35-051-4,student_only,373163.5870108437,4691336.285324966,1.0,1
446,1,0,0.0,K-35-051-4,student_only,372803.7781904687,4691018.4678727435,1.0,1
447,1,0,0.0,K-35-051-4,student_only,365501.1227867252,4691122.095049219,1.0,1
448,1,0,0.0,K-35-051-4,student_only,357574.91672793677,4691010.413781257,1.0,1
449,1,0,0.0,K-35-051-4,student_only,360669.3625974648,4690857.389947714,1.0,1
450,1,0,0.0,K-35-051-4,student_only,371754.3071515546,4690884.8513892125,1.0,1
451,1,0,0.0,K-35-051-4,student_only,372421.519533482,4689258.946914991,1.0,1
452,0,1,0.2,K-35-051-4,vlm_only,365594.31851754023,4700634.384265759,0.278217431962353,0
453,0,1,1.0,K-35-051-4,vlm_only,376116.4781662819,4688364.414035606,0.278217431962353,0
454,0,1,0.15,K-35-051-4,vlm_only,375560.1773297389,4693223.231314398,0.278217431962353,0
455,0,1,0.2,K-35-051-4,vlm_only,374877.3883266639,4696056.399031933,0.278217431962353,0
456,0,1,0.95,K-35-051-4,vlm_only,358372.0171828123,4694457.894613335,0.278217431962353,0
457,0,1,1.0,K-35-051-4,vlm_only,360793.84899455425,4701050.738545369,0.278217431962353,0
458,1,1,0.95,K-35-052-2,matched,398396.13582955074,4707103.001105781,1.0,1
459,1,1,0.85,K-35-052-2,matched,416351.4414068598,4709722.904575679,1.0,1
460,1,1,1.0,K-35-052-2,matched,417538.1516318424,4709654.356017711,1.0,1
461,1,1,1.0,K-35-052-2,matched,404050.82268846943,4723887.1221101815,1.0,1
462,1,1,0.85,K-35-052-2,matched,403596.8827042253,4723017.616590973,1.0,1
463,1,1,1.0,K-35-052-2,matched,406967.02997012076,4710152.827064544,1.0,1
464,1,1,0.95,K-35-052-2,matched,405721.82671762945,4709319.2919820575,1.0,1
465,1,1,0.15,K-35-052-2,matched,404831.16233977355,4709263.890150323,1.0,1
466,1,1,1.0,K-35-052-2,matched,404348.6429706794,4708654.822970543,1.0,1
467,1,1,0.95,K-35-052-2,matched,404415.12454333156,4708365.1509302715,1.0,1
468,1,1,0.95,K-35-052-2,matched,406749.04717865074,4714676.926277197,1.0,1
469,1,1,0.95,K-35-052-2,matched,406300.9492925381,4722563.2513853125,1.0,1
470,1,1,1.0,K-35-052-2,matched,406848.52113078826,4722019.493589381,1.0,1
471,1,1,1.0,K-35-052-2,matched,409440.95973096404,4707282.944201225,1.0,1
472,1,1,1.0,K-35-052-2,matched,412364.1194275732,4711223.005717729,1.0,1
473,1,1,1.0,K-35-052-2,matched,406428.51892107405,4706296.789959789,1.0,1
474,1,1,0.2,K-35-052-2,matched,407161.1536982019,4706030.195861399,1.0,1
475,1,1,1.0,K-35-052-2,matched,413697.90733716905,4723078.604913096,1.0,1
476,1,1,1.0,K-35-052-2,matched,409609.975,4709757.106,1.0,1
477,1,1,1.0,K-35-052-2,matched,409591.964,4709695.928,1.0,1
478,1,1,0.2,K-35-052-2,matched,405170.5402587227,4722427.30143177,1.0,1
479,1,1,1.0,K-35-052-2,matched,408638.40105520433,4724251.0669556,1.0,1
480,1,1,0.2,K-35-052-2,matched,407929.34935395466,4723503.455089383,1.0,1
481,1,1,0.75,K-35-052-2,matched,413464.6578543647,4707117.032015191,1.0,1
482,1,1,0.2,K-35-052-2,matched,412072.699079253,4706776.767356192,1.0,1
483,1,1,1.0,K-35-052-2,matched,414841.9208639715,4710185.564036315,1.0,1
484,1,1,0.85,K-35-052-2,matched,411160.65354675456,4722781.812260442,1.0,1
485,1,1,0.95,K-35-052-2,matched,410989.5774712671,4722676.772983109,1.0,1
486,1,1,1.0,K-35-052-2,matched,410425.6436776415,4722824.762543319,1.0,1
487,1,1,0.95,K-35-052-2,matched,417460.8808667891,4713640.538249182,1.0,1
488,1,1,1.0,K-35-052-2,matched,401716.7364611799,4722513.978488009,1.0,1
489,1,1,1.0,K-35-052-2,matched,401863.96594738145,4721062.459328241,1.0,1
490,1,1,1.0,K-35-052-2,matched,408275.01962988987,4706161.037488072,1.0,1
491,1,1,1.0,K-35-052-2,matched,410056.5797306075,4716609.547443973,1.0,1
492,1,1,0.85,K-35-052-2,matched,399276.23787610023,4715214.041081087,1.0,1
493,1,1,0.75,K-35-052-2,matched,415533.0852277196,4711843.519273543,1.0,1
494,1,1,1.0,K-35-052-2,matched,402675.9683706084,4716708.27247811,1.0,1
495,1,1,1.0,K-35-052-2,matched,402429.4262082681,4716774.449298456,1.0,1
496,1,1,1.0,K-35-052-2,matched,402780.6634961878,4716450.329712848,1.0,1
497,1,1,0.15,K-35-052-2,matched,402934.5642207633,4716351.549987221,1.0,1
498,1,1,1.0,K-35-052-2,matched,411479.1372834658,4723427.611520705,1.0,1
499,1,1,0.95,K-35-052-2,matched,411238.07451920514,4707868.9450039,1.0,1
500,1,1,0.95,K-35-052-2,matched,402164.15996314486,4708373.635370564,1.0,1
501,1,1,1.0,K-35-052-2,matched,409998.6807327824,4707867.051488647,1.0,1
502,1,1,0.75,K-35-052-2,matched,410346.4852214932,4708150.232290501,1.0,1
503,1,1,1.0,K-35-052-2,matched,410534.90998578275,4708135.091215781,1.0,1
504,1,1,0.4,K-35-052-2,matched,403109.0382537639,4718388.1980473185,1.0,1
505,1,1,0.95,K-35-052-2,matched,403197.8412578918,4718327.058523302,1.0,1
506,1,1,0.4,K-35-052-2,matched,403352.451,4718212.489,1.0,1
507,1,1,0.85,K-35-052-2,matched,403034.3195288638,4718092.109866162,1.0,1
508,1,1,1.0,K-35-052-2,matched,403794.9470439086,4718321.119403797,1.0,1
509,1,1,1.0,K-35-052-2,matched,400299.48303748353,4722650.679675602,1.0,1
510,1,1,1.0,K-35-052-2,matched,408705.9421422598,4707229.94159384,1.0,1
511,1,1,1.0,K-35-052-2,matched,410301.62930352835,4723062.836077581,1.0,1
512,1,0,0.0,K-35-052-2,student_only,403097.09290806303,4723992.297098351,1.0,1
513,1,0,0.0,K-35-052-2,student_only,409795.797,4724309.633,1.0,1
514,1,0,0.0,K-35-052-2,student_only,411970.38182089984,4723709.115064358,1.0,1
515,1,0,0.0,K-35-052-2,student_only,403675.33470346034,4723570.041529409,1.0,1
516,1,0,0.0,K-35-052-2,student_only,405121.201,4722698.833,1.0,1
517,1,0,0.0,K-35-052-2,student_only,405143.3902557125,4722518.752203914,1.0,1
518,1,0,0.0,K-35-052-2,student_only,403189.283340729,4718015.8757164925,1.0,1
519,1,0,0.0,K-35-052-2,student_only,403299.563,4718147.738,1.0,1
520,1,0,0.0,K-35-052-2,student_only,403886.0317025837,4718281.024998927,1.0,1
521,1,0,0.0,K-35-052-2,student_only,397538.7779488756,4714189.413875904,1.0,1
522,1,0,0.0,K-35-052-2,student_only,415892.8144056333,4712054.353157227,1.0,1
523,1,0,0.0,K-35-052-2,student_only,416779.1051197257,4711038.176762928,1.0,1
524,1,0,0.0,K-35-052-2,student_only,404892.21435188764,4709334.844927319,1.0,1
525,1,0,0.0,K-35-052-2,student_only,401849.11705030425,4708360.3961545965,1.0,1
526,1,0,0.0,K-35-052-2,student_only,401976.28788959875,4708776.69288732,1.0,1
527,1,0,0.0,K-35-052-2,student_only,409547.652,4707376.57,1.0,1
528,1,0,0.0,K-35-052-2,student_only,408557.5,4707838.695,1.0,1
529,1,0,0.0,K-35-052-2,student_only,408428.1411663324,4707775.8286492005,1.0,1
530,1,0,0.0,K-35-052-2,student_only,406288.457,4705900.561,1.0,1
531,1,0,0.0,K-35-052-2,student_only,406193.8236573337,4706019.650064382,1.0,1
532,1,0,0.0,K-35-052-2,student_only,407196.06583602703,4705909.27485081,1.0,1
533,1,0,0.0,K-35-052-2,student_only,407846.5165583876,4706318.711077033,1.0,1
534,1,0,0.0,K-35-052-2,student_only,408775.65087770246,4706658.274867558,1.0,1
535,1,0,0.0,K-35-052-2,student_only,409042.07,4706608.261,1.0,1
536,1,0,0.0,K-35-052-2,student_only,409481.7029600745,4706878.514986763,1.0,1
537,0,1,0.85,K-35-052-2,vlm_only,398001.6826664893,4710401.484843567,0.278217431962353,0
538,0,1,0.2,K-35-052-2,vlm_only,411914.891285933,4712605.647918207,0.278217431962353,0
539,0,1,0.2,K-35-052-2,vlm_only,411786.8850878407,4709839.900805458,0.278217431962353,0
540,0,1,0.2,K-35-052-2,vlm_only,413806.9735901525,4718491.493497884,0.278217431962353,0
541,0,1,1.0,K-35-052-2,vlm_only,401607.43115406384,4720167.667669156,0.278217431962353,0
542,0,1,1.0,K-35-052-2,vlm_only,399589.65745068144,4715307.790421306,0.278217431962353,0
543,0,1,1.0,K-35-052-2,vlm_only,399562.0264034396,4715111.048461207,0.278217431962353,0
544,0,1,0.2,K-35-052-2,vlm_only,415164.25325783796,4712242.618130801,0.278217431962353,0
545,0,1,0.95,K-35-052-2,vlm_only,414395.362695297,4712043.474254381,0.278217431962353,0
546,0,1,0.65,K-35-052-2,vlm_only,407932.53610977693,4708881.842792691,0.278217431962353,0
547,0,1,0.95,K-35-052-2,vlm_only,410767.3813216889,4708201.338818747,0.278217431962353,0
548,1,1,0.95,K-35-052-3,matched,377373.0805963469,4689322.152956547,1.0,1
549,1,1,1.0,K-35-052-3,matched,376605.84431390883,4693199.402311644,1.0,1
550,1,1,0.85,K-35-052-3,matched,382219.0790889607,4704611.7675895095,1.0,1
551,1,1,1.0,K-35-052-3,matched,387644.45060864656,4694337.504784191,1.0,1
552,1,1,1.0,K-35-052-3,matched,382022.01192185236,4690762.197895635,1.0,1
553,1,1,1.0,K-35-052-3,matched,381563.4369975353,4689573.50468225,1.0,1
554,1,1,0.95,K-35-052-3,matched,382037.7178988697,4697128.980952432,1.0,1
555,1,1,1.0,K-35-052-3,matched,381814.9542473738,4696114.369831502,1.0,1
556,1,1,0.2,K-35-052-3,matched,390369.6422509166,4698553.244269083,1.0,1
557,1,1,0.2,K-35-052-3,matched,390334.9443177336,4698418.023631035,1.0,1
558,1,1,1.0,K-35-052-3,matched,386829.33610304585,4694953.758496015,1.0,1
559,1,1,0.95,K-35-052-3,matched,389345.6721140239,4690378.063738503,1.0,1
560,1,1,0.95,K-35-052-3,matched,383818.9156096386,4696284.370759134,1.0,1
561,1,1,1.0,K-35-052-3,matched,392224.6325102858,4694946.824605163,1.0,1
562,1,1,0.3,K-35-052-3,matched,391129.30385299417,4694867.856487125,1.0,1
563,1,1,0.15,K-35-052-3,matched,391190.78704006784,4694740.431654533,1.0,1
564,1,1,1.0,K-35-052-3,matched,390696.47888971,4697395.591800764,1.0,1
565,1,1,1.0,K-35-052-3,matched,389877.74813818245,4701461.718634156,1.0,1
566,1,1,1.0,K-35-052-3,matched,392307.82747888734,4693202.258999763,1.0,1
567,1,1,0.85,K-35-052-3,matched,388734.75048319245,4699098.942567481,1.0,1
568,1,1,0.95,K-35-052-3,matched,387258.23442781944,4700753.349312715,1.0,1
569,1,1,1.0,K-35-052-3,matched,387053.1035655082,4700083.060465421,1.0,1
570,1,1,1.0,K-35-052-3,matched,389777.52969827567,4700739.534412913,1.0,1
571,1,1,1.0,K-35-052-3,matched,389938.8790188619,4700682.801311414,1.0,1
572,1,1,0.9,K-35-052-3,matched,392537.88432195864,4690383.198543432,1.0,1
573,1,1,0.85,K-35-052-3,matched,392483.2039548705,4690307.261168413,1.0,1
574,1,1,0.75,K-35-052-3,matched,392542.27324503515,4689815.373287503,1.0,1
575,1,1,1.0,K-35-052-3,matched,393861.0864137288,4689770.983817596,1.0,1
576,1,1,1.0,K-35-052-3,matched,393759.5389405799,4689386.41778626,1.0,1
577,1,1,0.95,K-35-052-3,matched,379217.147,4691360.515,1.0,1
578,1,1,0.95,K-35-052-3,matched,379531.2035351268,4695467.253634454,1.0,1
579,1,1,0.95,K-35-052-3,matched,379610.255,4695273.547,1.0,1
580,1,1,1.0,K-35-052-3,matched,391447.3837585196,4690802.55186442,1.0,1
581,1,1,0.85,K-35-052-3,matched,393548.3695468777,4693733.7385506835,1.0,1
582,1,1,1.0,K-35-052-3,matched,393768.0094207999,4699501.202885911,1.0,1
583,1,1,1.0,K-35-052-3,matched,393735.0708772115,4698719.694328314,1.0,1
584,1,1,0.95,K-35-052-3,matched,393280.2638907209,4698171.058863319,1.0,1
585,1,1,0.95,K-35-052-3,matched,396637.30413644743,4697564.490857713,1.0,1
586,1,1,1.0,K-35-052-3,matched,395208.8206740835,4694897.834422454,1.0,1
587,1,1,1.0,K-35-052-3,matched,395172.50291257526,4694815.159610651,1.0,1
588,1,1,0.95,K-35-052-3,matched,394356.8921432788,4700379.108523698,1.0,1
589,1,1,0.95,K-35-052-3,matched,394373.67067087366,4700485.4430816835,1.0,1
590,1,1,1.0,K-35-052-3,matched,393208.46248949657,4700357.525363717,1.0,1
591,1,1,1.0,K-35-052-3,matched,396087.7894352703,4693921.327580811,1.0,1
592,1,1,1.0,K-35-052-3,matched,396219.65548278065,4693877.845272131,1.0,1
593,1,1,1.0,K-35-052-3,matched,395717.48351585947,4693460.313127554,1.0,1
594,1,1,1.0,K-35-052-3,matched,395569.1492604727,4692738.9591083,1.0,1
595,1,1,1.0,K-35-052-3,matched,394759.072049464,4701966.522586397,1.0,1
596,1,1,1.0,K-35-052-3,matched,390292.75769976,4701132.529978531,1.0,1
597,1,1,0.4,K-35-052-3,matched,395141.7146484653,4704533.943134504,1.0,1
598,1,1,0.95,K-35-052-3,matched,395487.69392210565,4703476.616041153,1.0,1
599,1,1,1.0,K-35-052-3,matched,396659.33340652136,4703763.746034384,1.0,1
600,1,1,1.0,K-35-052-3,matched,396170.654262724,4702797.8890441,1.0,1
601,1,1,1.0,K-35-052-3,matched,379826.1919107364,4689080.252177501,1.0,1
602,1,1,1.0,K-35-052-3,matched,380789.3035636508,4688904.985101971,1.0,1
603,1,1,1.0,K-35-052-3,matched,380503.04277373,4688557.7667504735,1.0,1
604,1,1,0.95,K-35-052-3,matched,381173.664,4688495.526,1.0,1
605,1,1,1.0,K-35-052-3,matched,395601.92412889673,4689195.146238163,1.0,1
606,1,1,0.95,K-35-052-3,matched,395339.54297446366,4697409.412619134,1.0,1
607,1,1,0.85,K-35-052-3,matched,395584.1325954197,4701607.095244838,1.0,1
608,1,1,0.85,K-35-052-3,matched,395312.9114506481,4701152.899929262,1.0,1
609,1,1,0.2,K-35-052-3,matched,380648.1750226708,4696134.253297939,1.0,1
610,1,1,1.0,K-35-052-3,matched,381016.051,4696126.049,1.0,1
611,1,1,1.0,K-35-052-3,matched,380380.05769198213,4696471.718250498,1.0,1
612,1,1,0.2,K-35-052-3,matched,396941.1587343928,4704140.7758723665,1.0,1
613,1,1,0.95,K-35-052-3,matched,397077.27400741936,4703680.300764478,1.0,1
614,1,1,1.0,K-35-052-3,matched,380757.43692713097,4691860.629798454,1.0,1
615,1,1,1.0,K-35-052-3,matched,389455.551,4691118.301,1.0,1
616,1,1,1.0,K-35-052-3,matched,389440.471016326,4691029.377954133,1.0,1
617,1,1,0.95,K-35-052-3,matched,380563.01830586896,4690682.0343118,1.0,1
618,1,1,0.95,K-35-052-3,matched,380642.268,4690696.701,1.0,1
619,1,1,1.0,K-35-052-3,matched,380697.815,4690654.327,1.0,1
620,1,1,0.2,K-35-052-3,matched,380145.089,4690249.769,1.0,1
621,1,1,1.0,K-35-052-3,matched,391722.22246588394,4700208.238156652,1.0,1
622,1,1,1.0,K-35-052-3,matched,396174.17479976226,4702600.94834973,1.0,1
623,1,0,0.0,K-35-052-3,student_only,383399.7058774536,4705308.544037834,1.0,1
624,1,0,0.0,K-35-052-3,student_only,388569.57774664834,4705775.278193519,1.0,1
625,1,0,0.0,K-35-052-3,student_only,388335.0238536244,4704741.64425254,1.0,1
626,1,0,0.0,K-35-052-3,student_only,391568.37911320344,4701077.186062381,1.0,1
627,1,0,0.0,K-35-052-3,student_only,395545.3513988887,4701270.628659544,1.0,1
628,1,0,0.0,K-35-052-3,student_only,392316.525,4700853.638,1.0,1
629,1,0,0.0,K-35-052-3,student_only,390440.6123247342,4700727.841949589,1.0,1
630,1,0,0.0,K-35-052-3,student_only,390309.8601413284,4700806.152671056,1.0,1
631,1,0,0.0,K-35-052-3,student_only,390110.9110561844,4700742.173013678,1.0,1
632,1,0,0.0,K-35-052-3,student_only,392932.7583499953,4699382.190687093,1.0,1
633,1,0,0.0,K-35-052-3,student_only,394967.82770377607,4698118.012010195,1.0,1
634,1,0,0.0,K-35-052-3,student_only,390488.4008932565,4698553.314731869,1.0,1
635,1,0,0.0,K-35-052-3,student_only,390453.2953653268,4698466.238756646,1.0,1
636,1,0,0.0,K-35-052-3,student_only,390240.4444465708,4698421.160783104,1.0,1
637,1,0,0.0,K-35-052-3,student_only,384492.50004285946,4696312.30261101,1.0,1
638,1,0,0.0,K-35-052-3,student_only,380837.4592752436,4696165.169448688,1.0,1
639,1,0,0.0,K-35-052-3,student_only,379020.1447766669,4696910.857938494,1.0,1
640,1,0,0.0,K-35-052-3,student_only,381277.60235311254,4694445.435552609,1.0,1
641,1,0,0.0,K-35-052-3,student_only,381358.18297180266,4694559.712528788,1.0,1
642,1,0,0.0,K-35-052-3,student_only,381030.25578203535,4694786.795830169,1.0,1
643,1,0,0.0,K-35-052-3,student_only,380740.6136080588,4694072.321639212,1.0,1
644,1,0,0.0,K-35-052-3,student_only,380675.80971326696,4694160.200906689,1.0,1
645,1,0,0.0,K-35-052-3,student_only,380565.61278757476,4694043.301399551,1.0,1
646,1,0,0.0,K-35-052-3,student_only,377726.84841604927,4693715.1316097295,1.0,1
647,1,0,0.0,K-35-052-3,student_only,381764.2081196449,4693811.452703004,1.0,1
648,1,0,0.0,K-35-052-3,student_only,381440.07475339156,4693008.374672242,1.0,1
649,1,0,0.0,K-35-052-3,student_only,387359.3633148124,4693274.555056109,1.0,1
650,1,0,0.0,K-35-052-3,student_only,376574.19790496194,4691178.393907103,1.0,1
651,1,0,0.0,K-35-052-3,student_only,377225.2173575029,4691449.534810619,1.0,1
652,1,0,0.0,K-35-052-3,student_only,377970.1512823071,4691678.26694382,1.0,1
653,1,0,0.0,K-35-052-3,student_only,378022.8955981747,4691604.585728586,1.0,1
654,1,0,0.0,K-35-052-3,student_only,396144.56669563067,4691943.133113416,1.0,1
655,1,0,0.0,K-35-052-3,student_only,396218.0602908893,4691916.132966233,1.0,1
656,1,0,0.0,K-35-052-3,student_only,391943.6322484726,4690433.1483139815,1.0,1
657,1,0,0.0,K-35-052-3,student_only,388092.59053289867,4690882.273881618,1.0,1
658,1,0,0.0,K-35-052-3,student_only,378439.381,4689818.004,1.0,1
659,1,0,0.0,K-35-052-3,student_only,393695.5185708349,4689337.301583026,1.0,1
660,1,0,0.0,K-35-052-3,student_only,379853.47086448513,4687818.09646643,1.0,1
661,1,0,0.0,K-35-052-3,student_only,379902.49505907553,4687903.479704018,1.0,1
662,1,0,0.0,K-35-052-3,student_only,379594.8905582215,4688930.869580076,1.0,1
663,1,0,0.0,K-35-052-3,student_only,378261.004,4688332.618,1.0,1
664,0,1,0.2,K-35-052-3,vlm_only,376466.74916677683,4690856.611728957,0.278217431962353,0
665,0,1,0.2,K-35-052-3,vlm_only,386740.1817172005,4693675.720945858,0.278217431962353,0
666,0,1,0.2,K-35-052-3,vlm_only,387486.7352209562,4692574.98441856,0.278217431962353,0
667,0,1,0.2,K-35-052-3,vlm_only,397072.3595464116,4704665.868128734,0.278217431962353,0
668,0,1,0.85,K-35-052-3,vlm_only,395286.1512784786,4694105.102890314,0.278217431962353,0
669,0,1,0.95,K-35-052-3,vlm_only,396168.8418339091,4693953.890440726,0.278217431962353,0
670,0,1,0.15,K-35-052-3,vlm_only,387686.2338801939,4688742.176172599,0.278217431962353,0
671,0,1,0.2,K-35-052-3,vlm_only,379779.23562727915,4694344.707974994,0.278217431962353,0
672,0,1,1.0,K-35-052-3,vlm_only,381119.5211706614,4688542.978405965,0.278217431962353,0
673,0,1,0.2,K-35-052-3,vlm_only,376845.56404632435,4694476.062770213,0.278217431962353,0
674,0,1,0.2,K-35-052-3,vlm_only,383797.29488585313,4699756.909074871,0.278217431962353,0
675,0,1,0.2,K-35-052-3,vlm_only,381704.81043554127,4696040.3677733205,0.278217431962353,0
676,0,1,1.0,K-35-052-3,vlm_only,396764.8847841769,4689050.202286387,0.278217431962353,0
677,0,1,0.85,K-35-052-3,vlm_only,391741.0664676517,4700901.034852027,0.278217431962353,0
678,1,1,0.95,K-35-053-1,matched,424031.719,4711753.864,1.0,1
679,1,1,0.85,K-35-053-1,matched,423581.01379310986,4711440.530376217,1.0,1
680,1,1,1.0,K-35-053-1,matched,423807.5866573595,4711804.273644455,1.0,1
681,1,1,1.0,K-35-053-1,matched,423896.82525885,4705924.317193179,1.0,1
682,1,1,1.0,K-35-053-1,matched,427852.15678958694,4713778.164032949,1.0,1
683,1,1,1.0,K-35-053-1,matched,428299.7912733914,4713513.802202482,1.0,1
684,1,1,1.0,K-35-053-1,matched,428572.3456614191,4713315.805206614,1.0,1
685,1,1,1.0,K-35-053-1,matched,426407.76443656744,4713610.736071759,1.0,1
686,1,1,1.0,K-35-053-1,matched,425397.43799580494,4710785.437412835,1.0,1
687,1,1,0.85,K-35-053-1,matched,430532.9938136627,4715149.127345167,1.0,1
688,1,1,0.9,K-35-053-1,matched,430722.97092840064,4714706.346074571,1.0,1
689,1,1,0.15,K-35-053-1,matched,425298.7455529829,4706055.256106893,1.0,1
690,1,1,1.0,K-35-053-1,matched,432746.3226467163,4707436.399974351,1.0,1
691,1,1,0.95,K-35-053-1,matched,430693.0770615773,4709414.8806099715,1.0,1
692,1,1,1.0,K-35-053-1,matched,433210.71244774974,4710665.672154264,1.0,1
693,1,1,0.85,K-35-053-1,matched,429672.789,4720660.287,1.0,1
694,1,1,0.85,K-35-053-1,matched,428528.41565312154,4705703.707760357,1.0,1
695,1,1,1.0,K-35-053-1,matched,430597.1705020428,4706461.0949672535,1.0,1
696,1,1,1.0,K-35-053-1,matched,436178.188,4709003.226,1.0,1
697,1,1,0.65,K-35-053-1,matched,435155.6976036458,4708344.265694695,1.0,1
698,1,1,0.75,K-35-053-1,matched,434627.628,4712457.819,1.0,1
699,1,1,0.2,K-35-053-1,matched,435070.5763623088,4717818.22733279,1.0,1
700,1,1,0.85,K-35-053-1,matched,434771.3816053563,4717720.177840392,1.0,1
701,1,1,1.0,K-35-053-1,matched,418345.6561420282,4710308.125711391,1.0,1
702,1,1,0.2,K-35-053-1,matched,437101.2906188594,4721582.018298728,1.0,1
703,1,1,1.0,K-35-053-1,matched,437405.6308225098,4720986.689119708,1.0,1
704,1,1,0.95,K-35-053-1,matched,437819.38547147793,4721607.056934315,1.0,1
705,1,1,0.75,K-35-053-1,matched,436861.6359401527,4707633.227637234,1.0,1
706,1,1,0.75,K-35-053-1,matched,423664.3689049307,4710003.8066349095,1.0,1
707,1,1,0.75,K-35-053-1,matched,424127.2343831346,4710288.148273305,1.0,1
708,1,1,1.0,K-35-053-1,matched,428141.8568726906,4707759.946063848,1.0,1
709,1,1,0.85,K-35-053-1,matched,437811.4354539018,4710531.867439834,1.0,1
710,1,1,0.4,K-35-053-1,matched,437953.3113879209,4709802.214413093,1.0,1
711,1,1,0.95,K-35-053-1,matched,436093.94807630556,4711652.041974539,1.0,1
712,1,1,0.2,K-35-053-1,matched,429418.5028084934,4706979.751248173,1.0,1
713,1,1,0.3,K-35-053-1,matched,428859.45878674125,4705788.554658124,1.0,1
714,1,1,1.0,K-35-053-1,matched,429181.4538619085,4705758.22572448,1.0,1
715,1,1,1.0,K-35-053-1,matched,429049.7007659221,4714614.611699223,1.0,1
716,1,1,1.0,K-35-053-1,matched,428927.384,4714393.017,1.0,1
717,1,1,0.2,K-35-053-1,matched,428865.74183635757,4714338.321862318,1.0,1
718,1,1,1.0,K-35-053-1,matched,420089.46734816756,4709130.8774166545,1.0,1
719,1,0,0.0,K-35-053-1,student_only,432926.7223656147,4719278.646031105,1.0,1
720,1,0,0.0,K-35-053-1,student_only,434457.57889291574,4717690.42797017,1.0,1
721,1,0,0.0,K-35-053-1,student_only,434634.47016509133,4717722.6118037505,1.0,1
722,1,0,0.0,K-35-053-1,student_only,437120.55808783113,4717228.650527876,1.0,1
723,1,0,0.0,K-35-053-1,student_only,428926.2245536284,4715005.653726443,1.0,1
724,1,0,0.0,K-35-053-1,student_only,429423.3935307641,4714909.569843694,1.0,1
725,1,0,0.0,K-35-053-1,student_only,423614.5104589128,4713728.9201855445,1.0,1
726,1,0,0.0,K-35-053-1,student_only,428595.1400750386,4713731.62134671,1.0,1
727,1,0,0.0,K-35-053-1,student_only,428659.05816142145,4713870.000842689,1.0,1
728,1,0,0.0,K-35-053-1,student_only,436098.3079786559,4711901.26900807,1.0,1
729,1,0,0.0,K-35-053-1,student_only,437151.6078604111,4710840.016644066,1.0,1
730,1,0,0.0,K-35-053-1,student_only,428072.2034071661,4710994.078294496,1.0,1
731,1,0,0.0,K-35-053-1,student_only,419961.0121353539,4709123.5789025035,1.0,1
732,1,0,0.0,K-35-053-1,student_only,420255.73952472315,4709212.247378554,1.0,1
733,1,0,0.0,K-35-053-1,student_only,436143.0936760071,4709070.912066762,1.0,1
734,1,0,0.0,K-35-053-1,student_only,437846.954,4708171.774,1.0,1
735,1,0,0.0,K-35-053-1,student_only,431402.337739132,4706058.270757888,1.0,1
736,1,0,0.0,K-35-053-1,student_only,430687.7476183978,4706769.552914701,1.0,1
737,1,0,0.0,K-35-053-1,student_only,431693.45533031167,4705917.039511025,1.0,1
738,1,0,0.0,K-35-053-1,student_only,431532.12016019423,4705818.806571255,1.0,1
739,0,1,0.95,K-35-053-1,vlm_only,432983.62941204733,4720483.097806857,0.278217431962353,0
740,0,1,0.95,K-35-053-1,vlm_only,420815.30445779226,4711545.619585143,0.278217431962353,0
741,0,1,0.2,K-35-053-1,vlm_only,418041.0664647742,4721689.089075887,0.278217431962353,0
742,0,1,1.0,K-35-053-1,vlm_only,437345.2663634386,4719374.234841144,0.278217431962353,0
743,1,1,0.4,K-35-053-2,matched,443683.374,4706932.252,1.0,1
744,1,1,0.85,K-35-053-2,matched,445164.58087190136,4719306.807577348,1.0,1
745,1,1,1.0,K-35-053-2,matched,443384.1583653464,4718440.70289469,1.0,1
746,1,1,0.2,K-35-053-2,matched,439571.5901721538,4715064.3834615825,1.0,1
747,1,1,1.0,K-35-053-2,matched,448463.9703700097,4722383.033858886,1.0,1
748,1,1,0.2,K-35-053-2,matched,444413.7764500799,4709017.4954354735,1.0,1
749,1,1,0.2,K-35-053-2,matched,446746.8025746945,4709400.133144108,1.0,1
750,1,1,1.0,K-35-053-2,matched,443929.3832456821,4707808.82102911,1.0,1
751,1,1,0.2,K-35-053-2,matched,450604.5693764949,4721067.7751479605,1.0,1
752,1,1,1.0,K-35-053-2,matched,450917.371,4721057.218,1.0,1
753,1,1,1.0,K-35-053-2,matched,451068.1624343563,4720690.610764584,1.0,1
754,1,1,1.0,K-35-053-2,matched,439440.62294351775,4722235.079533251,1.0,1
755,1,1,1.0,K-35-053-2,matched,449906.16078212595,4707599.247213346,1.0,1
756,1,1,0.3,K-35-053-2,matched,448219.78087823035,4715374.164510781,1.0,1
757,1,1,0.4,K-35-053-2,matched,447706.2680123909,4715159.509369117,1.0,1
758,1,1,1.0,K-35-053-2,matched,447842.5772850233,4715159.856054212,1.0,1
759,1,1,1.0,K-35-053-2,matched,445845.23450633074,4718327.491100452,1.0,1
760,1,1,1.0,K-35-053-2,matched,448781.0304455913,4706085.038586205,1.0,1
761,1,1,1.0,K-35-053-2,matched,455834.1996884456,4722711.593130761,1.0,1
762,1,1,1.0,K-35-053-2,matched,448366.2565574099,4715823.1234649075,1.0,1
763,1,1,1.0,K-35-053-2,matched,451818.92812485364,4709643.079707268,1.0,1
764,1,1,0.95,K-35-053-2,matched,454352.61280135525,4708626.521013352,1.0,1
765,1,1,0.85,K-35-053-2,matched,452850.6849510008,4720260.916342099,1.0,1
766,1,1,1.0,K-35-053-2,matched,445879.4195733387,4721395.723420355,1.0,1
767,1,1,1.0,K-35-053-2,matched,455465.706,4713781.198,1.0,1
768,1,1,1.0,K-35-053-2,matched,455419.3540284684,4709606.2510115225,1.0,1
769,1,1,0.95,K-35-053-2,matched,449204.81640606426,4720537.104113239,1.0,1
770,1,1,0.95,K-35-053-2,matched,449826.43273367576,4719791.332647713,1.0,1
771,1,1,1.0,K-35-053-2,matched,441684.919,4722380.04,1.0,1
772,1,1,0.75,K-35-053-2,matched,455248.0319051156,4719068.723161835,1.0,1
773,1,1,0.2,K-35-053-2,matched,449100.86882455426,4722273.414849185,1.0,1
774,1,1,0.95,K-35-053-2,matched,448723.59176745027,4721629.951249623,1.0,1
775,1,1,0.95,K-35-053-2,matched,448614.18636491813,4720834.541693373,1.0,1
776,1,1,1.0,K-35-053-2,matched,452887.954,4717353.746,1.0,1
777,1,1,1.0,K-35-053-2,matched,457072.1371603929,4723451.7892123815,1.0,1
778,1,1,0.95,K-35-053-2,matched,457224.9673786776,4722703.17165994,1.0,1
779,1,1,1.0,K-35-053-2,matched,447481.8988769175,4706339.071098493,1.0,1
780,1,1,0.4,K-35-053-2,matched,447430.14196890255,4706084.800532321,1.0,1
781,1,1,0.7,K-35-053-2,matched,457762.741,4712042.018,1.0,1
782,1,1,1.0,K-35-053-2,matched,458234.9847671984,4711789.779523875,1.0,1
783,1,1,0.85,K-35-053-2,matched,458475.2903029248,4711440.447427546,1.0,1
784,1,1,1.0,K-35-053-2,matched,457000.6575696239,4711102.7045901725,1.0,1
785,1,1,0.95,K-35-053-2,matched,440978.70365351153,4707002.895912628,1.0,1
786,1,1,0.95,K-35-053-2,matched,453556.87,4706662.543,1.0,1
787,1,1,1.0,K-35-053-2,matched,453556.6539965477,4706445.743514163,1.0,1
788,1,1,0.85,K-35-053-2,matched,441103.09241154254,4710091.974772058,1.0,1
789,1,1,0.85,K-35-053-2,matched,455424.7322398086,4718487.936033957,1.0,1
790,1,1,0.85,K-35-053-2,matched,458325.3046649431,4715199.239850734,1.0,1
791,1,1,0.85,K-35-053-2,matched,457707.41362037597,4708591.750000675,1.0,1
792,1,1,0.95,K-35-053-2,matched,457728.8768868166,4708504.998960359,1.0,1
793,1,1,0.2,K-35-053-2,matched,457813.026543877,4708420.868245125,1.0,1
794,1,1,0.2,K-35-053-2,matched,457677.9146319094,4708238.651865163,1.0,1
795,1,1,1.0,K-35-053-2,matched,458324.9278545949,4707858.741382942,1.0,1
796,1,1,1.0,K-35-053-2,matched,453164.72458422533,4716262.800541065,1.0,1
797,1,1,0.95,K-35-053-2,matched,452907.62137259694,4716117.670896498,1.0,1
798,1,1,1.0,K-35-053-2,matched,454362.5645335465,4715056.186890127,1.0,1
799,1,1,1.0,K-35-053-2,matched,450294.29888224334,4718248.309821738,1.0,1
800,1,1,0.75,K-35-053-2,matched,457516.1560420785,4710352.4260347765,1.0,1
801,1,1,0.4,K-35-053-2,matched,457259.4046527676,4710159.704872675,1.0,1
802,1,1,0.85,K-35-053-2,matched,457253.14362367714,4710061.62265233,1.0,1
803,1,1,0.95,K-35-053-2,matched,457524.24519198405,4710039.491467927,1.0,1
804,1,1,1.0,K-35-053-2,matched,457968.09866794536,4709921.201727599,1.0,1
805,1,1,0.95,K-35-053-2,matched,458316.31692397234,4709889.13521329,1.0,1
806,1,1,0.2,K-35-053-2,matched,457478.14733130526,4709803.102939559,1.0,1
807,1,1,1.0,K-35-053-2,matched,455196.7582757495,4708564.735176803,1.0,1
808,1,1,1.0,K-35-053-2,matched,455702.8296708409,4708529.562438136,1.0,1
809,1,1,1.0,K-35-053-2,matched,455394.67,4708082.844,1.0,1
810,1,1,1.0,K-35-053-2,matched,456118.76213903364,4708226.9896612875,1.0,1
811,1,1,1.0,K-35-053-2,matched,452964.8017877461,4707806.285437363,1.0,1
812,1,1,1.0,K-35-053-2,matched,452946.973153167,4707714.566511281,1.0,1
813,1,1,1.0,K-35-053-2,matched,442199.64389082574,4717988.8436881695,1.0,1
814,1,1,0.75,K-35-053-2,matched,457460.46404136735,4712324.316429138,1.0,1
815,1,1,0.85,K-35-053-2,matched,458767.33042573975,4711608.598242933,1.0,1
816,1,1,0.95,K-35-053-2,matched,441074.3058001591,4714288.781095715,1.0,1
817,1,1,1.0,K-35-053-2,matched,457747.735,4717542.558,1.0,1
818,1,1,0.4,K-35-053-2,matched,444459.36207974044,4723874.30032487,1.0,1
819,1,1,0.85,K-35-053-2,matched,455042.247272142,4719344.055262609,1.0,1
820,1,1,0.85,K-35-053-2,matched,455048.597037698,4719071.803548881,1.0,1
821,1,1,0.2,K-35-053-2,matched,448461.6628990855,4716559.253660394,1.0,1
822,1,1,1.0,K-35-053-2,matched,447928.08333704685,4716498.638241067,1.0,1
823,1,1,0.3,K-35-053-2,matched,447547.07271093363,4716186.436608924,1.0,1
824,1,1,0.15,K-35-053-2,matched,448123.23898587027,4715904.798359255,1.0,1
825,1,1,1.0,K-35-053-2,matched,453807.41675493796,4707117.765524794,1.0,1
826,1,1,0.95,K-35-053-2,matched,453837.60546803236,4706456.087548429,1.0,1
827,1,1,1.0,K-35-053-2,matched,450653.1958059728,4711263.381244602,1.0,1
828,1,1,1.0,K-35-053-2,matched,455939.16996612493,4711888.353665505,1.0,1
829,1,1,1.0,K-35-053-2,matched,456646.5888881805,4711905.009207779,1.0,1
830,1,1,1.0,K-35-053-2,matched,455762.267198815,4711730.636347597,1.0,1
831,1,1,1.0,K-35-053-2,matched,456059.22909982974,4711545.557992789,1.0,1
832,1,1,1.0,K-35-053-2,matched,455322.3609903133,4711137.917279091,1.0,1
833,1,1,1.0,K-35-053-2,matched,445056.7886204083,4718641.284781987,1.0,1
834,1,1,1.0,K-35-053-2,matched,445603.2904368426,4706741.401431162,1.0,1
835,1,1,0.2,K-35-053-2,matched,445747.8180386682,4706706.20082189,1.0,1
836,1,1,1.0,K-35-053-2,matched,445778.29174112127,4706562.009972038,1.0,1
837,1,1,0.85,K-35-053-2,matched,445986.29546192806,4706527.033509243,1.0,1
838,1,1,0.4,K-35-053-2,matched,446479.73204651545,4706889.663224384,1.0,1
839,1,0,0.0,K-35-053-2,student_only,457097.544,4722717.927,1.0,1
840,1,0,0.0,K-35-053-2,student_only,441972.87118251517,4722319.878607747,1.0,1
841,1,0,0.0,K-35-053-2,student_only,450721.1861288926,4720105.438674133,1.0,1
842,1,0,0.0,K-35-053-2,student_only,445216.50475287763,4719872.442068447,1.0,1
843,1,0,0.0,K-35-053-2,student_only,455426.99364867416,4719050.122521153,1.0,1
844,1,0,0.0,K-35-053-2,student_only,443193.8745697344,4717097.828409016,1.0,1
845,1,0,0.0,K-35-053-2,student_only,443520.79399496526,4717276.181605887,1.0,1
846,1,0,0.0,K-35-053-2,student_only,448382.9486813687,4716333.1343716625,1.0,1
847,1,0,0.0,K-35-053-2,student_only,448488.93789892434,4716993.490241939,1.0,1
848,1,0,0.0,K-35-053-2,student_only,458086.562331857,4713178.376615075,1.0,1
849,1,0,0.0,K-35-053-2,student_only,457184.2266738853,4712465.316052424,1.0,1
850,1,0,0.0,K-35-053-2,student_only,455417.681,4711044.65,1.0,1
851,1,0,0.0,K-35-053-2,student_only,455843.4466057735,4710979.579480858,1.0,1
852,1,0,0.0,K-35-053-2,student_only,457019.36038722226,4711189.0435814615,1.0,1
853,1,0,0.0,K-35-053-2,student_only,457674.58036539744,4711930.971355112,1.0,1
854,1,0,0.0,K-35-053-2,student_only,452269.5311010977,4709388.14109411,1.0,1
855,1,0,0.0,K-35-053-2,student_only,457077.9998330924,4709839.141541959,1.0,1
856,1,0,0.0,K-35-053-2,student_only,455434.6518689365,4708799.572239172,1.0,1
857,1,0,0.0,K-35-053-2,student_only,448140.089,4708342.835,1.0,1
858,1,0,0.0,K-35-053-2,student_only,443313.754,4708516.064,1.0,1
859,1,0,0.0,K-35-053-2,student_only,453270.9992124035,4707301.6978232255,1.0,1
860,1,0,0.0,K-35-053-2,student_only,454596.66035663884,4707389.984696741,1.0,1
861,1,0,0.0,K-35-053-2,student_only,456855.6780326061,4707892.534172712,1.0,1
862,1,0,0.0,K-35-053-2,student_only,453732.48460203886,4706724.449098925,1.0,1
863,1,0,0.0,K-35-053-2,student_only,447204.2381537972,4706389.4925551675,1.0,1
864,1,0,0.0,K-35-053-2,student_only,453009.589,4705659.886,1.0,1
865,1,0,0.0,K-35-053-2,student_only,452277.6745159971,4707832.474211996,1.0,1
866,0,1,0.2,K-35-053-2,vlm_only,443752.76711109636,4712111.6259284625,0.278217431962353,0
867,0,1,0.75,K-35-053-2,vlm_only,445849.8365858305,4707898.745484107,0.278217431962353,0
868,0,1,0.95,K-35-053-2,vlm_only,454641.93951754185,4707157.996208347,0.278217431962353,0
869,0,1,0.2,K-35-053-2,vlm_only,456374.5347529122,4709867.836037571,0.278217431962353,0
870,0,1,0.15,K-35-053-2,vlm_only,440069.1032247297,4719302.419218075,0.278217431962353,0
871,0,1,0.85,K-35-053-2,vlm_only,455840.31747202005,4708048.6391907325,0.278217431962353,0
872,0,1,0.85,K-35-053-2,vlm_only,457770.7204287829,4712063.668776312,0.278217431962353,0
873,0,1,0.2,K-35-053-2,vlm_only,458592.70607580873,4718685.9799322905,0.278217431962353,0
874,0,1,0.85,K-35-053-2,vlm_only,458610.1296211407,4715279.573404026,0.278217431962353,0
875,1,1,0.95,K-35-053-4_Boyadzhik,matched,438349.1411444218,4699570.833383331,1.0,1
876,1,1,1.0,K-35-053-4_Boyadzhik,matched,439616.8274377717,4693914.250354496,1.0,1
877,1,1,1.0,K-35-053-4_Boyadzhik,matched,444517.962,4693687.541,1.0,1
878,1,1,1.0,K-35-053-4_Boyadzhik,matched,445702.6352171173,4704909.497320932,1.0,1
879,1,1,1.0,K-35-053-4_Boyadzhik,matched,445679.51628192293,4704640.455705136,1.0,1
880,1,1,1.0,K-35-053-4_Boyadzhik,matched,445613.4763297965,4704430.186852619,1.0,1
881,1,1,0.95,K-35-053-4_Boyadzhik,matched,439260.65252174385,4692838.742559844,1.0,1
882,1,1,0.4,K-35-053-4_Boyadzhik,matched,439886.1330611768,4698104.157908142,1.0,1
883,1,1,1.0,K-35-053-4_Boyadzhik,matched,445736.52688821394,4699387.093940534,1.0,1
884,1,1,0.95,K-35-053-4_Boyadzhik,matched,438345.2748718391,4691532.132655701,1.0,1
885,1,1,0.95,K-35-053-4_Boyadzhik,matched,438454.8077047551,4691396.976705577,1.0,1
886,1,1,1.0,K-35-053-4_Boyadzhik,matched,438768.82757203456,4690848.282175298,1.0,1
887,1,1,1.0,K-35-053-4_Boyadzhik,matched,446342.405,4696360.359,1.0,1
888,1,1,0.95,K-35-053-4_Boyadzhik,matched,447918.6870650194,4694411.175783887,1.0,1
889,1,1,0.95,K-35-053-4_Boyadzhik,matched,448769.7831755721,4697564.314081619,1.0,1
890,1,1,1.0,K-35-053-4_Boyadzhik,matched,444311.63227615133,4700541.775077913,1.0,1
891,1,1,1.0,K-35-053-4_Boyadzhik,matched,438404.19418215443,4689584.090340631,1.0,1
892,1,1,0.95,K-35-053-4_Boyadzhik,matched,438877.453,4689490.296,1.0,1
893,1,1,0.85,K-35-053-4_Boyadzhik,matched,438849.3537896995,4688844.511240512,1.0,1
894,1,1,1.0,K-35-053-4_Boyadzhik,matched,439850.38373378647,4688755.767441603,1.0,1
895,1,1,1.0,K-35-053-4_Boyadzhik,matched,445481.87442300835,4697802.762845666,1.0,1
896,1,1,0.85,K-35-053-4_Boyadzhik,matched,445713.400974182,4697156.885716426,1.0,1
897,1,1,1.0,K-35-053-4_Boyadzhik,matched,450708.4638931617,4689687.880480561,1.0,1
898,1,1,0.95,K-35-053-4_Boyadzhik,matched,450221.2407903373,4689219.817191324,1.0,1
899,1,1,0.85,K-35-053-4_Boyadzhik,matched,448104.4431152082,4698035.579904932,1.0,1
900,1,1,1.0,K-35-053-4_Boyadzhik,matched,456661.101,4693702.707,1.0,1
901,1,1,0.2,K-35-053-4_Boyadzhik,matched,446658.97286863957,4690844.321591227,1.0,1
902,1,1,0.85,K-35-053-4_Boyadzhik,matched,450608.74930748733,4688302.123175511,1.0,1
903,1,1,0.2,K-35-053-4_Boyadzhik,matched,450142.1713444633,4687612.466698918,1.0,1
904,1,1,0.4,K-35-053-4_Boyadzhik,matched,450173.22886777,4687470.058098429,1.0,1
905,1,1,0.85,K-35-053-4_Boyadzhik,matched,450723.4063185572,4687362.070880006,1.0,1
906,1,1,0.95,K-35-053-4_Boyadzhik,matched,450236.2423357887,4698394.874208751,1.0,1
907,1,1,1.0,K-35-053-4_Boyadzhik,matched,454679.89106895274,4704635.011568644,1.0,1
908,1,1,0.95,K-35-053-4_Boyadzhik,matched,453295.93994997966,4694704.482377265,1.0,1
909,1,1,1.0,K-35-053-4_Boyadzhik,matched,455168.745,4695567.089,1.0,1
910,1,1,1.0,K-35-053-4_Boyadzhik,matched,440138.6429577547,4703283.287159634,1.0,1
911,1,1,0.4,K-35-053-4_Boyadzhik,matched,444146.7889098669,4687529.549141244,1.0,1
912,1,1,0.95,K-35-053-4_Boyadzhik,matched,441328.6328831956,4701065.065522754,1.0,1
913,1,1,1.0,K-35-053-4_Boyadzhik,matched,440569.5256278339,4700486.016404514,1.0,1
914,1,1,0.85,K-35-053-4_Boyadzhik,matched,456788.77084578335,4704838.987383164,1.0,1
915,1,1,0.95,K-35-053-4_Boyadzhik,matched,453946.2402638912,4689708.033608832,1.0,1
916,1,1,0.85,K-35-053-4_Boyadzhik,matched,453975.5353724581,4688930.438264575,1.0,1
917,1,1,1.0,K-35-053-4_Boyadzhik,matched,454142.9038388546,4688916.682985274,1.0,1
918,1,1,1.0,K-35-053-4_Boyadzhik,matched,447915.0234681743,4691157.729329465,1.0,1
919,1,1,0.95,K-35-053-4_Boyadzhik,matched,447628.84275261196,4691051.420173112,1.0,1
920,1,1,1.0,K-35-053-4_Boyadzhik,matched,446937.0944240481,4690880.827554668,1.0,1
921,1,1,0.4,K-35-053-4_Boyadzhik,matched,446871.1840588985,4690727.166405088,1.0,1
922,1,1,0.75,K-35-053-4_Boyadzhik,matched,458294.74778053374,4696653.216100616,1.0,1
923,1,1,0.85,K-35-053-4_Boyadzhik,matched,458600.0349316724,4696003.934553589,1.0,1
924,1,1,0.95,K-35-053-4_Boyadzhik,matched,441503.5068294547,4698156.776753702,1.0,1
925,1,1,0.2,K-35-053-4_Boyadzhik,matched,450857.417,4703825.027,1.0,1
926,1,1,0.85,K-35-053-4_Boyadzhik,matched,442825.18848789076,4692875.358959821,1.0,1
927,1,1,1.0,K-35-053-4_Boyadzhik,matched,457423.746,4690335.385,1.0,1
928,1,1,0.95,K-35-053-4_Boyadzhik,matched,442095.55431973987,4697079.155092441,1.0,1
929,1,1,0.95,K-35-053-4_Boyadzhik,matched,452625.79158819007,4692541.8820167,1.0,1
930,1,1,0.95,K-35-053-4_Boyadzhik,matched,455472.23511416966,4704417.6651730025,1.0,1
931,1,1,1.0,K-35-053-4_Boyadzhik,matched,457611.9396734784,4700139.498115067,1.0,1
932,1,1,0.4,K-35-053-4_Boyadzhik,matched,450975.20333416486,4703047.635903137,1.0,1
933,1,1,0.15,K-35-053-4_Boyadzhik,matched,451223.9540759382,4702916.706195273,1.0,1
934,1,1,1.0,K-35-053-4_Boyadzhik,matched,451388.36843842745,4702867.310651694,1.0,1
935,1,1,0.75,K-35-053-4_Boyadzhik,matched,451301.09367560147,4702701.888712399,1.0,1
936,1,1,1.0,K-35-053-4_Boyadzhik,matched,440628.89233207726,4694172.964878709,1.0,1
937,1,1,1.0,K-35-053-4_Boyadzhik,matched,447711.13270304765,4688350.96540397,1.0,1
938,1,1,1.0,K-35-053-4_Boyadzhik,matched,447856.2443563801,4688268.756307695,1.0,1
939,1,1,1.0,K-35-053-4_Boyadzhik,matched,446714.37502569356,4687938.379273226,1.0,1
940,1,1,0.95,K-35-053-4_Boyadzhik,matched,446844.63954911975,4687600.543458435,1.0,1
941,1,1,1.0,K-35-053-4_Boyadzhik,matched,440579.4294843428,4699442.048902162,1.0,1
942,1,1,0.95,K-35-053-4_Boyadzhik,matched,440754.88970383396,4698797.8942828365,1.0,1
943,1,1,1.0,K-35-053-4_Boyadzhik,matched,445291.2893516435,4688902.8618108835,1.0,1
944,1,1,0.95,K-35-053-4_Boyadzhik,matched,446190.82079418405,4688710.723253102,1.0,1
945,1,1,1.0,K-35-053-4_Boyadzhik,matched,444959.11,4688534.989,1.0,1
946,1,1,1.0,K-35-053-4_Boyadzhik,matched,438287.56189178285,4701023.785887978,1.0,1
947,1,1,1.0,K-35-053-4_Boyadzhik,matched,440533.703,4689081.064,1.0,1
948,1,1,0.3,K-35-053-4_Boyadzhik,matched,442984.5844240067,4700484.84786559,1.0,1
949,1,1,0.4,K-35-053-4_Boyadzhik,matched,452413.043,4699170.599,1.0,1
950,1,1,1.0,K-35-053-4_Boyadzhik,matched,452326.1580662084,4704655.892601171,1.0,1
951,1,1,0.15,K-35-053-4_Boyadzhik,matched,452495.6773246293,4704596.03614536,1.0,1
952,1,1,0.85,K-35-053-4_Boyadzhik,matched,443108.3665379144,4688256.429992206,1.0,1
953,1,1,1.0,K-35-053-4_Boyadzhik,matched,443771.8159953791,4704851.000503064,1.0,1
954,1,1,0.95,K-35-053-4_Boyadzhik,matched,440009.103,4704571.776,1.0,1
955,1,0,0.0,K-35-053-4_Boyadzhik,student_only,443103.90460441646,4705414.25264194,1.0,1
956,1,0,0.0,K-35-053-4_Boyadzhik,student_only,445086.31820923137,4704716.4777313555,1.0,1
957,1,0,0.0,K-35-053-4_Boyadzhik,student_only,449705.5602085842,4704370.699262992,1.0,1
958,1,0,0.0,K-35-053-4_Boyadzhik,student_only,450840.43738975,4703686.219675794,1.0,1
959,1,0,0.0,K-35-053-4_Boyadzhik,student_only,440050.78138559207,4703905.319098131,1.0,1
960,1,0,0.0,K-35-053-4_Boyadzhik,student_only,457763.78175071033,4699009.456901777,1.0,1
961,1,0,0.0,K-35-053-4_Boyadzhik,student_only,447746.04558931815,4691223.263704913,1.0,1
962,1,0,0.0,K-35-053-4_Boyadzhik,student_only,450064.3863496705,4692499.746922039,1.0,1
963,1,0,0.0,K-35-053-4_Boyadzhik,student_only,450344.53960997594,4689139.359354678,1.0,1
964,1,0,0.0,K-35-053-4_Boyadzhik,student_only,438151.613903768,4690661.597047393,1.0,1
965,1,0,0.0,K-35-053-4_Boyadzhik,student_only,438649.2062844294,4688952.268289544,1.0,1
966,1,0,0.0,K-35-053-4_Boyadzhik,student_only,439672.4721665293,4687166.88804601,1.0,1
967,1,0,0.0,K-35-053-4_Boyadzhik,student_only,444754.0275959483,4688398.089716236,1.0,1
968,1,0,0.0,K-35-053-4_Boyadzhik,student_only,445115.708,4688690.58,1.0,1
969,1,0,0.0,K-35-053-4_Boyadzhik,student_only,445090.086,4688761.861,1.0,1
970,1,0,0.0,K-35-053-4_Boyadzhik,student_only,445544.4493732798,4688626.2741132965,1.0,1
971,1,0,0.0,K-35-053-4_Boyadzhik,student_only,445696.84281539766,4688519.810184487,1.0,1
972,1,0,0.0,K-35-053-4_Boyadzhik,student_only,446347.0183852125,4688205.9839339545,1.0,1
973,1,0,0.0,K-35-053-4_Boyadzhik,student_only,450229.0446928656,4687398.015199273,1.0,1
974,0,1,0.15,K-35-053-4_Boyadzhik,vlm_only,439381.89367530006,4691325.800131378,0.278217431962353,0
975,0,1,0.4,K-35-053-4_Boyadzhik,vlm_only,447399.41974980856,4693689.249120108,0.278217431962353,0
976,0,1,1.0,K-35-053-4_Boyadzhik,vlm_only,450646.0598869606,4697000.980878778,0.278217431962353,0
977,0,1,1.0,K-35-053-4_Boyadzhik,vlm_only,450045.010296166,4695749.020515876,0.278217431962353,0
978,0,1,1.0,K-35-053-4_Boyadzhik,vlm_only,455342.1359580341,4697353.703190054,0.278217431962353,0
979,0,1,1.0,K-35-053-4_Boyadzhik,vlm_only,440044.7900775487,4704576.679666561,0.278217431962353,0
980,0,1,1.0,K-35-053-4_Boyadzhik,vlm_only,456661.2942823143,4693737.100194244,0.278217431962353,0
981,0,1,1.0,K-35-053-4_Boyadzhik,vlm_only,455129.7186739034,4695571.285005694,0.278217431962353,0
982,0,1,0.95,K-35-053-4_Boyadzhik,vlm_only,453151.1271037148,4701331.510666653,0.278217431962353,0
983,0,1,1.0,K-35-053-4_Boyadzhik,vlm_only,442569.41755364137,4695443.552293119,0.278217431962353,0
984,0,1,0.3,K-35-053-4_Boyadzhik,vlm_only,450822.76592343085,4703814.822595004,0.278217431962353,0
985,0,1,0.2,K-35-053-4_Boyadzhik,vlm_only,449468.50445101224,4704402.716727397,0.278217431962353,0
986,0,1,1.0,K-35-053-4_Boyadzhik,vlm_only,440529.3929806026,4689183.564281049,0.278217431962353,0
987,0,1,0.95,K-35-053-4_Boyadzhik,vlm_only,442085.773581323,4695908.047167698,0.278217431962353,0
988,0,1,0.2,K-35-053-4_Boyadzhik,vlm_only,446989.05616968835,4699452.868132858,0.278217431962353,0
989,1,1,0.95,K-35-054-1_Straldzha_4326,matched,464115.9903019556,4715658.841734022,1.0,1
990,1,1,1.0,K-35-054-1_Straldzha_4326,matched,464981.44202890724,4715889.379113037,1.0,1
991,1,1,0.95,K-35-054-1_Straldzha_4326,matched,465607.301,4715814.965,1.0,1
992,1,1,0.75,K-35-054-1_Straldzha_4326,matched,469565.9366838561,4719630.529011565,1.0,1
993,1,1,1.0,K-35-054-1_Straldzha_4326,matched,460068.00986153685,4712270.7774924645,1.0,1
994,1,1,1.0,K-35-054-1_Straldzha_4326,matched,458969.38119595556,4711117.842044836,1.0,1
995,1,1,1.0,K-35-054-1_Straldzha_4326,matched,459128.609,4716986.418,1.0,1
996,1,1,0.2,K-35-054-1_Straldzha_4326,matched,459428.60848355806,4716239.230988001,1.0,1
997,1,1,1.0,K-35-054-1_Straldzha_4326,matched,460250.4066097837,4721837.295209651,1.0,1
998,1,1,1.0,K-35-054-1_Straldzha_4326,matched,460540.7862837807,4721578.973802716,1.0,1
999,1,1,1.0,K-35-054-1_Straldzha_4326,matched,467927.5568070202,4722852.722479114,1.0,1
1000,1,1,1.0,K-35-054-1_Straldzha_4326,matched,468148.0270505072,4722767.001135433,1.0,1
1001,1,1,1.0,K-35-054-1_Straldzha_4326,matched,468278.3875950423,4718625.093878543,1.0,1
1002,1,1,1.0,K-35-054-1_Straldzha_4326,matched,468754.7761174213,4718453.434840032,1.0,1
1003,1,1,1.0,K-35-054-1_Straldzha_4326,matched,468196.5593161919,4718289.622073655,1.0,1
1004,1,1,0.95,K-35-054-1_Straldzha_4326,matched,468273.3101148468,4716618.725450523,1.0,1
1005,1,1,1.0,K-35-054-1_Straldzha_4326,matched,467967.5663589983,4708675.142544997,1.0,1
1006,1,1,0.85,K-35-054-1_Straldzha_4326,matched,473676.9736199872,4722467.383728026,1.0,1
1007,1,1,1.0,K-35-054-1_Straldzha_4326,matched,473859.713,4722511.64,1.0,1
1008,1,1,0.95,K-35-054-1_Straldzha_4326,matched,464377.78025742,4706991.135567721,1.0,1
1009,1,1,1.0,K-35-054-1_Straldzha_4326,matched,464194.03957879567,4706947.342245432,1.0,1
1010,1,1,1.0,K-35-054-1_Straldzha_4326,matched,464762.92176710104,4706950.0551550165,1.0,1
1011,1,1,1.0,K-35-054-1_Straldzha_4326,matched,464382.8577173688,4706889.730450501,1.0,1
1012,1,1,0.95,K-35-054-1_Straldzha_4326,matched,464041.8463323491,4706331.404419836,1.0,1
1013,1,1,0.95,K-35-054-1_Straldzha_4326,matched,465157.833349259,4706373.362444878,1.0,1
1014,1,1,1.0,K-35-054-1_Straldzha_4326,matched,477660.742,4722022.739,1.0,1
1015,1,1,1.0,K-35-054-1_Straldzha_4326,matched,477694.8494263258,4721867.6834616065,1.0,1
1016,1,1,0.95,K-35-054-1_Straldzha_4326,matched,477655.35463307763,4721106.1646218775,1.0,1
1017,1,1,1.0,K-35-054-1_Straldzha_4326,matched,477743.47,4720967.926,1.0,1
1018,1,1,0.2,K-35-054-1_Straldzha_4326,matched,478363.6963070845,4721136.455799568,1.0,1
1019,1,1,1.0,K-35-054-1_Straldzha_4326,matched,478649.3688633831,4721188.052272112,1.0,1
1020,1,1,0.2,K-35-054-1_Straldzha_4326,matched,478721.3409988338,4721338.879916895,1.0,1
1021,1,1,1.0,K-35-054-1_Straldzha_4326,matched,478796.845,4721228.411,1.0,1
1022,1,1,1.0,K-35-054-1_Straldzha_4326,matched,478920.90416632994,4721265.902818018,1.0,1
1023,1,1,1.0,K-35-054-1_Straldzha_4326,matched,478980.8385379975,4721380.814241995,1.0,1
1024,1,1,1.0,K-35-054-1_Straldzha_4326,matched,467203.683,4706904.77,1.0,1
1025,1,1,0.85,K-35-054-1_Straldzha_4326,matched,467406.28590355924,4706307.531539671,1.0,1
1026,1,1,1.0,K-35-054-1_Straldzha_4326,matched,468739.78206099727,4706572.447900995,1.0,1
1027,1,1,1.0,K-35-054-1_Straldzha_4326,matched,468701.2268174553,4706240.016319472,1.0,1
1028,1,1,0.95,K-35-054-1_Straldzha_4326,matched,468704.20064756245,4705819.10594402,1.0,1
1029,1,1,0.85,K-35-054-1_Straldzha_4326,matched,470003.16437042004,4709954.548835194,1.0,1
1030,1,1,0.85,K-35-054-1_Straldzha_4326,matched,470048.18374599656,4709302.893655002,1.0,1
1031,1,1,1.0,K-35-054-1_Straldzha_4326,matched,470675.108,4706904.632,1.0,1
1032,1,1,0.2,K-35-054-1_Straldzha_4326,matched,470715.187,4713666.135,1.0,1
1033,1,1,1.0,K-35-054-1_Straldzha_4326,matched,473230.8854633361,4712040.488641239,1.0,1
1034,1,1,1.0,K-35-054-1_Straldzha_4326,matched,473048.77527554386,4712114.357381758,1.0,1
1035,1,1,1.0,K-35-054-1_Straldzha_4326,matched,475367.6960920581,4708488.40127773,1.0,1
1036,1,1,0.4,K-35-054-1_Straldzha_4326,matched,458856.3144820033,4706465.629448996,1.0,1
1037,1,1,1.0,K-35-054-1_Straldzha_4326,matched,467503.9623442788,4719168.965437323,1.0,1
1038,1,1,1.0,K-35-054-1_Straldzha_4326,matched,476005.3494129858,4715631.872708873,1.0,1
1039,1,1,0.4,K-35-054-1_Straldzha_4326,matched,476948.73191436887,4716078.998721482,1.0,1
1040,1,1,0.95,K-35-054-1_Straldzha_4326,matched,473258.457,4708373.633,1.0,1
1041,1,1,1.0,K-35-054-1_Straldzha_4326,matched,465504.5084508822,4707405.473109716,1.0,1
1042,1,1,1.0,K-35-054-1_Straldzha_4326,matched,465606.591,4707199.459,1.0,1
1043,1,1,0.95,K-35-054-1_Straldzha_4326,matched,470731.8358276408,4714071.716044211,1.0,1
1044,1,1,1.0,K-35-054-1_Straldzha_4326,matched,466132.28334141045,4721046.846462515,1.0,1
1045,1,1,1.0,K-35-054-1_Straldzha_4326,matched,467247.2183691543,4720743.185146734,1.0,1
1046,1,1,1.0,K-35-054-1_Straldzha_4326,matched,467290.73078395537,4720660.37306451,1.0,1
1047,1,1,0.85,K-35-054-1_Straldzha_4326,matched,467156.601,4720458.984,1.0,1
1048,1,1,0.75,K-35-054-1_Straldzha_4326,matched,477803.79660901346,4713143.7366340645,1.0,1
1049,1,1,0.15,K-35-054-1_Straldzha_4326,matched,477919.8179834034,4712489.791390805,1.0,1
1050,1,1,1.0,K-35-054-1_Straldzha_4326,matched,473615.7667048905,4710945.2199062295,1.0,1
1051,1,1,1.0,K-35-054-1_Straldzha_4326,matched,472401.67711256887,4710674.542581435,1.0,1
1052,1,1,1.0,K-35-054-1_Straldzha_4326,matched,461080.4933193086,4720083.550266491,1.0,1
1053,1,1,1.0,K-35-054-1_Straldzha_4326,matched,477829.9885818353,4706557.08689523,1.0,1
1054,1,1,0.75,K-35-054-1_Straldzha_4326,matched,461015.5082504117,4722019.425371076,1.0,1
1055,1,1,0.85,K-35-054-1_Straldzha_4326,matched,460995.204,4721762.397,1.0,1
1056,1,1,0.3,K-35-054-1_Straldzha_4326,matched,478136.336,4714026.947,1.0,1
1057,1,1,0.2,K-35-054-1_Straldzha_4326,matched,477939.120108406,4715818.511836341,1.0,1
1058,1,1,1.0,K-35-054-1_Straldzha_4326,matched,479027.00660525105,4715657.884554224,1.0,1
1059,1,1,1.0,K-35-054-1_Straldzha_4326,matched,479243.8553211561,4713976.893779653,1.0,1
1060,1,1,1.0,K-35-054-1_Straldzha_4326,matched,460885.74376448,4713302.9400217375,1.0,1
1061,1,1,1.0,K-35-054-1_Straldzha_4326,matched,461184.5484996876,4712717.269578639,1.0,1
1062,1,1,1.0,K-35-054-1_Straldzha_4326,matched,461045.1303867686,4712560.821556428,1.0,1
1063,1,1,0.4,K-35-054-1_Straldzha_4326,matched,462714.7618601772,4716143.84990924,1.0,1
1064,1,1,0.95,K-35-054-1_Straldzha_4326,matched,463177.3958405973,4712436.691411627,1.0,1
1065,1,1,0.95,K-35-054-1_Straldzha_4326,matched,473234.0291936713,4710048.0834818585,1.0,1
1066,1,1,0.95,K-35-054-1_Straldzha_4326,matched,473265.2840745191,4709951.856068974,1.0,1
1067,1,1,0.95,K-35-054-1_Straldzha_4326,matched,476658.7959249718,4712940.136360853,1.0,1
1068,1,1,0.95,K-35-054-1_Straldzha_4326,matched,475920.46233413724,4712592.396972369,1.0,1
1069,1,1,1.0,K-35-054-1_Straldzha_4326,matched,461545.648861017,4716188.532066767,1.0,1
1070,1,1,0.85,K-35-054-1_Straldzha_4326,matched,461692.80617687793,4716159.274811549,1.0,1
1071,1,1,0.2,K-35-054-1_Straldzha_4326,matched,463273.13550999673,4706749.941145006,1.0,1
1072,1,1,0.85,K-35-054-1_Straldzha_4326,matched,463377.08263900224,4706181.646042997,1.0,1
1073,1,1,1.0,K-35-054-1_Straldzha_4326,matched,462141.24235745176,4705883.228275763,1.0,1
1074,1,1,0.95,K-35-054-1_Straldzha_4326,matched,462107.50744754664,4705813.811495481,1.0,1
1075,1,1,1.0,K-35-054-1_Straldzha_4326,matched,472791.9562065386,4715985.795979015,1.0,1
1076,1,1,0.95,K-35-054-1_Straldzha_4326,matched,471205.65390190535,4706753.322876304,1.0,1
1077,1,1,1.0,K-35-054-1_Straldzha_4326,matched,471904.813,4722062.092,1.0,1
1078,1,1,0.95,K-35-054-1_Straldzha_4326,matched,475575.26137620106,4722126.721965107,1.0,1
1079,1,1,0.95,K-35-054-1_Straldzha_4326,matched,474580.5017094515,4717853.826317111,1.0,1
1080,1,1,0.75,K-35-054-1_Straldzha_4326,matched,475210.51033939375,4717679.020124011,1.0,1
1081,1,1,1.0,K-35-054-1_Straldzha_4326,matched,465308.0739083551,4707972.7819823595,1.0,1
1082,1,1,1.0,K-35-054-1_Straldzha_4326,matched,465298.85617299646,4707748.860094001,1.0,1
1083,1,1,0.85,K-35-054-1_Straldzha_4326,matched,461496.43424299883,4706175.796957006,1.0,1
1084,1,1,1.0,K-35-054-1_Straldzha_4326,matched,467945.9570431607,4720796.569172589,1.0,1
1085,1,1,0.85,K-35-054-1_Straldzha_4326,matched,467404.93075372634,4720797.8818512345,1.0,1
1086,1,1,1.0,K-35-054-1_Straldzha_4326,matched,475401.85408399807,4709438.266772003,1.0,1
1087,1,1,0.4,K-35-054-1_Straldzha_4326,matched,474792.61283300316,4708822.851590001,1.0,1
1088,1,1,1.0,K-35-054-1_Straldzha_4326,matched,475013.992,4708833.051,1.0,1
1089,1,1,1.0,K-35-054-1_Straldzha_4326,matched,475055.9426390037,4708748.695159,1.0,1
1090,1,1,0.15,K-35-054-1_Straldzha_4326,matched,475324.422,4708888.582,1.0,1
1091,1,0,0.0,K-35-054-1_Straldzha_4326,student_only,469014.9693066877,4722909.221425411,1.0,1
1092,1,0,0.0,K-35-054-1_Straldzha_4326,student_only,463497.4707964376,4722487.34635065,1.0,1
1093,1,0,0.0,K-35-054-1_Straldzha_4326,student_only,461641.399,4721612.547,1.0,1
1094,1,0,0.0,K-35-054-1_Straldzha_4326,student_only,464028.3409955694,4721760.443405216,1.0,1
1095,1,0,0.0,K-35-054-1_Straldzha_4326,student_only,478451.22797908535,4721193.051416886,1.0,1
1096,1,0,0.0,K-35-054-1_Straldzha_4326,student_only,467071.89338562486,4720775.508625978,1.0,1
1097,1,0,0.0,K-35-054-1_Straldzha_4326,student_only,466985.8183699716,4719500.764101887,1.0,1
1098,1,0,0.0,K-35-054-1_Straldzha_4326,student_only,477135.00210635155,4716033.718618902,1.0,1
1099,1,0,0.0,K-35-054-1_Straldzha_4326,student_only,458873.81523827126,4716101.638610704,1.0,1
1100,1,0,0.0,K-35-054-1_Straldzha_4326,student_only,464871.85452494427,4712966.48999986,1.0,1
1101,1,0,0.0,K-35-054-1_Straldzha_4326,student_only,471524.5475869373,4710483.355213321,1.0,1
1102,1,0,0.0,K-35-054-1_Straldzha_4326,student_only,463101.5684100025,4708992.339290996,1.0,1
1103,1,0,0.0,K-35-054-1_Straldzha_4326,student_only,461194.7540680012,4706306.758173005,1.0,1
1104,0,1,1.0,K-35-054-1_Straldzha_4326,vlm_only,460038.3231110442,4719067.3830551095,0.278217431962353,0
1105,0,1,0.95,K-35-054-1_Straldzha_4326,vlm_only,460423.82695992966,4716532.910435107,0.278217431962353,0
1106,0,1,0.95,K-35-054-1_Straldzha_4326,vlm_only,465611.4619221934,4711427.616115964,0.278217431962353,0
1107,0,1,1.0,K-35-054-1_Straldzha_4326,vlm_only,465647.4354176198,4711430.658575674,0.278217431962353,0
1108,0,1,1.0,K-35-054-1_Straldzha_4326,vlm_only,467198.7895954902,4706928.857622968,0.278217431962353,0
1109,0,1,0.95,K-35-054-1_Straldzha_4326,vlm_only,468688.63391791796,4711597.078768836,0.278217431962353,0
1110,0,1,0.85,K-35-054-1_Straldzha_4326,vlm_only,468105.34206974733,4711254.61023124,0.278217431962353,0
1111,0,1,0.85,K-35-054-1_Straldzha_4326,vlm_only,468175.76196543046,4711303.923510401,0.278217431962353,0
1112,0,1,1.0,K-35-054-1_Straldzha_4326,vlm_only,467197.99651116505,4707091.870364936,0.278217431962353,0
1113,0,1,0.2,K-35-054-1_Straldzha_4326,vlm_only,477826.636037533,4720996.378871002,0.278217431962353,0
1114,0,1,0.2,K-35-054-1_Straldzha_4326,vlm_only,478794.39221046754,4721277.73152398,0.278217431962353,0
1115,0,1,1.0,K-35-054-1_Straldzha_4326,vlm_only,465588.89695693186,4715822.698315332,0.278217431962353,0
1116,0,1,1.0,K-35-054-1_Straldzha_4326,vlm_only,468814.39784524415,4705582.834996185,0.278217431962353,0
1117,0,1,1.0,K-35-054-1_Straldzha_4326,vlm_only,476551.7187404469,4715069.032903952,0.278217431962353,0
1118,0,1,0.4,K-35-054-1_Straldzha_4326,vlm_only,465755.5382475902,4708490.280082358,0.278217431962353,0
1119,0,1,0.85,K-35-054-1_Straldzha_4326,vlm_only,461652.76895747136,4721699.808447901,0.278217431962353,0
1120,0,1,1.0,K-35-054-1_Straldzha_4326,vlm_only,478448.95955613995,4715713.813466602,0.278217431962353,0
1121,0,1,0.95,K-35-054-1_Straldzha_4326,vlm_only,475116.02985499235,4711624.9662083015,0.278217431962353,0
1122,0,1,1.0,K-35-054-1_Straldzha_4326,vlm_only,471688.99385026295,4711875.03586176,0.278217431962353,0
1123,0,1,1.0,K-35-054-1_Straldzha_4326,vlm_only,475832.3410259868,4711757.24402727,0.278217431962353,0
1124,0,1,0.95,K-35-054-1_Straldzha_4326,vlm_only,461397.43363005744,4714433.58238683,0.278217431962353,0
1125,0,1,0.85,K-35-054-1_Straldzha_4326,vlm_only,462779.0167182734,4714354.087980387,0.278217431962353,0
1126,0,1,0.4,K-35-054-1_Straldzha_4326,vlm_only,475073.62742672494,4713833.732021383,0.278217431962353,0
1127,0,1,1.0,K-35-054-1_Straldzha_4326,vlm_only,478811.88615229964,4711070.623206492,0.278217431962353,0
1128,0,1,1.0,K-35-054-1_Straldzha_4326,vlm_only,477566.17395410506,4722261.437717267,0.278217431962353,0
1129,0,1,1.0,K-35-054-1_Straldzha_4326,vlm_only,471892.8866297785,4722142.98426959,0.278217431962353,0
1130,0,1,1.0,K-35-054-1_Straldzha_4326,vlm_only,465555.49984767445,4707202.069579521,0.278217431962353,0
1131,0,1,1.0,K-35-054-1_Straldzha_4326,vlm_only,471857.30389452673,4712185.269522195,0.278217431962353,0
1132,0,1,0.3,K-35-054-1_Straldzha_4326,vlm_only,472596.8997649601,4708660.528138521,0.278217431962353,0
1133,1,1,1.0,K-35-054-2_Atolov_4326,matched,480288.89000174333,4715918.76713854,1.0,1
1134,1,1,1.0,K-35-054-2_Atolov_4326,matched,479507.84605650604,4715713.816610965,1.0,1
1135,1,1,0.2,K-35-054-2_Atolov_4326,matched,495365.14756168745,4713041.723266709,1.0,1
1136,1,1,0.2,K-35-054-2_Atolov_4326,matched,495436.5636922464,4712984.847979475,1.0,1
1137,1,1,0.85,K-35-054-2_Atolov_4326,matched,495411.3547522046,4712909.801559767,1.0,1
1138,1,1,1.0,K-35-054-2_Atolov_4326,matched,480787.53451085073,4714932.311635369,1.0,1
1139,1,1,0.75,K-35-054-2_Atolov_4326,matched,482578.821,4707253.824,1.0,1
1140,1,1,1.0,K-35-054-2_Atolov_4326,matched,479643.71229309816,4721831.355396968,1.0,1
1141,1,1,1.0,K-35-054-2_Atolov_4326,matched,479796.4761713524,4721820.98462473,1.0,1
1142,1,1,0.95,K-35-054-2_Atolov_4326,matched,479761.81529851106,4721186.11620932,1.0,1
1143,1,1,0.85,K-35-054-2_Atolov_4326,matched,480786.44042423955,4720450.172671287,1.0,1
1144,1,1,1.0,K-35-054-2_Atolov_4326,matched,486062.79809112765,4712884.1281006625,1.0,1
1145,1,1,1.0,K-35-054-2_Atolov_4326,matched,480761.25580108253,4706038.656520304,1.0,1
1146,1,1,0.95,K-35-054-2_Atolov_4326,matched,480244.6282484548,4705859.260935306,1.0,1
1147,1,1,0.95,K-35-054-2_Atolov_4326,matched,488552.33285883896,4722580.107767941,1.0,1
1148,1,1,1.0,K-35-054-2_Atolov_4326,matched,486235.6598302877,4706294.274755507,1.0,1
1149,1,1,0.95,K-35-054-2_Atolov_4326,matched,487257.40099285403,4705477.144125535,1.0,1
1150,1,1,1.0,K-35-054-2_Atolov_4326,matched,481495.3809971489,4709335.515087606,1.0,1
1151,1,1,0.95,K-35-054-2_Atolov_4326,matched,486171.94,4723513.656,1.0,1
1152,1,1,1.0,K-35-054-2_Atolov_4326,matched,484587.22647722537,4718985.308664597,1.0,1
1153,1,1,1.0,K-35-054-2_Atolov_4326,matched,495808.8949427025,4718479.349812629,1.0,1
1154,1,1,0.85,K-35-054-2_Atolov_4326,matched,484347.0338043735,4710111.126712891,1.0,1
1155,1,1,0.95,K-35-054-2_Atolov_4326,matched,488872.785,4716988.761,1.0,1
1156,1,1,1.0,K-35-054-2_Atolov_4326,matched,491528.5829241066,4714109.65922512,1.0,1
1157,1,1,1.0,K-35-054-2_Atolov_4326,matched,490337.05630197097,4711523.999124561,1.0,1
1158,1,1,0.95,K-35-054-2_Atolov_4326,matched,490490.3731323892,4710794.557081212,1.0,1
1159,1,1,0.95,K-35-054-2_Atolov_4326,matched,491035.7001976882,4710564.000749629,1.0,1
1160,1,1,1.0,K-35-054-2_Atolov_4326,matched,480707.9256945881,4711167.043454072,1.0,1
1161,1,1,1.0,K-35-054-2_Atolov_4326,matched,480581.939561524,4710373.634552001,1.0,1
1162,1,1,1.0,K-35-054-2_Atolov_4326,matched,492786.778,4708478.554,1.0,1
1163,1,1,1.0,K-35-054-2_Atolov_4326,matched,486352.03607926914,4723513.073349581,1.0,1
1164,1,1,1.0,K-35-054-2_Atolov_4326,matched,486726.24979321955,4722897.663624042,1.0,1
1165,1,1,0.85,K-35-054-2_Atolov_4326,matched,487349.4726995334,4722188.172139907,1.0,1
1166,1,1,1.0,K-35-054-2_Atolov_4326,matched,487622.30671154516,4722269.938303544,1.0,1
1167,1,1,1.0,K-35-054-2_Atolov_4326,matched,494549.6098456363,4723497.873114992,1.0,1
1168,1,1,1.0,K-35-054-2_Atolov_4326,matched,488678.172,4705441.678,1.0,1
1169,1,1,1.0,K-35-054-2_Atolov_4326,matched,487881.703,4720963.955,1.0,1
1170,1,1,1.0,K-35-054-2_Atolov_4326,matched,489329.28135555796,4721237.4967865795,1.0,1
1171,1,1,1.0,K-35-054-2_Atolov_4326,matched,487494.7536223186,4715341.188423192,1.0,1
1172,1,1,0.85,K-35-054-2_Atolov_4326,matched,497834.9610579889,4717466.915747299,1.0,1
1173,1,1,1.0,K-35-054-2_Atolov_4326,matched,490016.64331665775,4714095.718143431,1.0,1
1174,1,1,0.75,K-35-054-2_Atolov_4326,matched,482839.97460804693,4712454.5826591095,1.0,1
1175,1,1,1.0,K-35-054-2_Atolov_4326,matched,490509.88547571364,4716584.173162701,1.0,1
1176,1,1,1.0,K-35-054-2_Atolov_4326,matched,490560.36660912517,4716439.654762637,1.0,1
1177,1,1,1.0,K-35-054-2_Atolov_4326,matched,490662.60220352636,4716454.07952923,1.0,1
1178,1,1,0.85,K-35-054-2_Atolov_4326,matched,490748.5002848315,4716203.171325032,1.0,1
1179,1,1,1.0,K-35-054-2_Atolov_4326,matched,490073.38327244594,4716347.27280443,1.0,1
1180,1,1,1.0,K-35-054-2_Atolov_4326,matched,490025.45914389874,4716245.919081048,1.0,1
1181,1,1,1.0,K-35-054-2_Atolov_4326,matched,489853.4733315174,4715572.13462223,1.0,1
1182,1,1,1.0,K-35-054-2_Atolov_4326,matched,489604.93539861025,4716336.543254715,1.0,1
1183,1,1,1.0,K-35-054-2_Atolov_4326,matched,491718.46165006974,4716344.815122499,1.0,1
1184,1,1,0.35,K-35-054-2_Atolov_4326,matched,497960.392,4723267.997,1.0,1
1185,1,1,0.95,K-35-054-2_Atolov_4326,matched,491773.962,4718748.856,1.0,1
1186,1,1,1.0,K-35-054-2_Atolov_4326,matched,494259.87251349224,4719874.943242495,1.0,1
1187,1,1,1.0,K-35-054-2_Atolov_4326,matched,494443.2573557975,4718919.0030588005,1.0,1
1188,1,1,1.0,K-35-054-2_Atolov_4326,matched,487663.7165054389,4721083.121680517,1.0,1
1189,1,1,1.0,K-35-054-2_Atolov_4326,matched,498435.79348764353,4711934.154178711,1.0,1
1190,1,1,1.0,K-35-054-2_Atolov_4326,matched,496994.3212951328,4705985.887445506,1.0,1
1191,1,1,0.95,K-35-054-2_Atolov_4326,matched,491292.077,4712346.362,1.0,1
1192,1,1,1.0,K-35-054-2_Atolov_4326,matched,492946.501,4722056.849,1.0,1
1193,1,1,0.95,K-35-054-2_Atolov_4326,matched,493491.89575094345,4721262.579938966,1.0,1
1194,1,1,0.85,K-35-054-2_Atolov_4326,matched,486323.369,4713504.174,1.0,1
1195,1,1,0.75,K-35-054-2_Atolov_4326,matched,486095.5964713517,4712027.317609711,1.0,1
1196,1,1,0.95,K-35-054-2_Atolov_4326,matched,481623.1077349738,4706050.452944366,1.0,1
1197,1,1,0.95,K-35-054-2_Atolov_4326,matched,481564.8340770358,4705310.557603353,1.0,1
1198,1,1,1.0,K-35-054-2_Atolov_4326,matched,482052.8113236077,4714268.662414433,1.0,1
1199,1,1,0.2,K-35-054-2_Atolov_4326,matched,495139.12996185594,4720835.259117423,1.0,1
1200,1,1,0.85,K-35-054-2_Atolov_4326,matched,498293.8765338234,4707196.907982363,1.0,1
1201,1,1,1.0,K-35-054-2_Atolov_4326,matched,498029.1758072106,4715019.782967168,1.0,1
1202,1,1,1.0,K-35-054-2_Atolov_4326,matched,482815.762,4716854.205,1.0,1
1203,1,1,1.0,K-35-054-2_Atolov_4326,matched,481661.0860747819,4716347.831714938,1.0,1
1204,1,1,0.75,K-35-054-2_Atolov_4326,matched,481444.37105544616,4716220.799803754,1.0,1
1205,1,1,0.4,K-35-054-2_Atolov_4326,matched,481494.1636751738,4716113.821856879,1.0,1
1206,1,1,0.85,K-35-054-2_Atolov_4326,matched,481572.35862319573,4716277.665276456,1.0,1
1207,1,1,0.4,K-35-054-2_Atolov_4326,matched,486722.53057989216,4716707.720493154,1.0,1
1208,1,1,1.0,K-35-054-2_Atolov_4326,matched,487485.4984650932,4716145.231472996,1.0,1
1209,1,1,1.0,K-35-054-2_Atolov_4326,matched,487725.84974119766,4715929.786380809,1.0,1
1210,1,1,0.95,K-35-054-2_Atolov_4326,matched,486278.041,4715636.907,1.0,1
1211,1,1,1.0,K-35-054-2_Atolov_4326,matched,486924.30122332304,4715282.028069659,1.0,1
1212,1,1,0.85,K-35-054-2_Atolov_4326,matched,498102.1058237623,4719227.63698003,1.0,1
1213,1,1,0.2,K-35-054-2_Atolov_4326,matched,484319.758,4718208.06,1.0,1
1214,1,1,1.0,K-35-054-2_Atolov_4326,matched,482871.956,4723110.418,1.0,1
1215,1,1,1.0,K-35-054-2_Atolov_4326,matched,483039.3632063292,4723087.211863554,1.0,1
1216,1,1,1.0,K-35-054-2_Atolov_4326,matched,483864.2457635316,4722138.22919274,1.0,1
1217,1,1,1.0,K-35-054-2_Atolov_4326,matched,496934.1184577182,4712424.963665456,1.0,1
1218,1,1,0.95,K-35-054-2_Atolov_4326,matched,487509.45315997134,4718481.77661949,1.0,1
1219,1,1,1.0,K-35-054-2_Atolov_4326,matched,495420.42272302107,4714001.207127869,1.0,1
1220,1,1,1.0,K-35-054-2_Atolov_4326,matched,495348.88495677715,4713951.251041922,1.0,1
1221,1,1,0.95,K-35-054-2_Atolov_4326,matched,495535.18771071313,4713855.747602125,1.0,1
1222,1,1,1.0,K-35-054-2_Atolov_4326,matched,480140.3687547989,4712435.431922506,1.0,1
1223,1,1,0.95,K-35-054-2_Atolov_4326,matched,486663.47872209514,4707455.67527782,1.0,1
1224,1,1,1.0,K-35-054-2_Atolov_4326,matched,487019.12189110985,4707672.54495022,1.0,1
1225,1,1,1.0,K-35-054-2_Atolov_4326,matched,481185.215,4722072.718,1.0,1
1226,1,1,1.0,K-35-054-2_Atolov_4326,matched,482776.151,4722292.212,1.0,1
1227,1,1,0.85,K-35-054-2_Atolov_4326,matched,479966.6517744151,4711652.762067025,1.0,1
1228,1,1,0.85,K-35-054-2_Atolov_4326,matched,485973.4917552893,4723610.735938803,1.0,1
1229,1,1,0.2,K-35-054-2_Atolov_4326,matched,499784.122,4717335.518,1.0,1
1230,1,0,0.0,K-35-054-2_Atolov_4326,student_only,480507.2525043117,4711240.070229377,1.0,1
1231,1,0,0.0,K-35-054-2_Atolov_4326,student_only,480623.1737735756,4715950.11838684,1.0,1
1232,1,0,0.0,K-35-054-2_Atolov_4326,student_only,481825.3481465877,4716374.888139845,1.0,1
1233,1,0,0.0,K-35-054-2_Atolov_4326,student_only,482744.9083892404,4712432.761955281,1.0,1
1234,1,0,0.0,K-35-054-2_Atolov_4326,student_only,481946.0795396636,4716382.897970826,1.0,1
1235,1,0,0.0,K-35-054-2_Atolov_4326,student_only,482677.35023345967,4716806.47999713,1.0,1
1236,1,0,0.0,K-35-054-2_Atolov_4326,student_only,484817.8719818569,4716718.782731629,1.0,1
1237,1,0,0.0,K-35-054-2_Atolov_4326,student_only,484191.52636162785,4722058.053269869,1.0,1
1238,1,0,0.0,K-35-054-2_Atolov_4326,student_only,486833.59902935283,4715323.689772899,1.0,1
1239,1,0,0.0,K-35-054-2_Atolov_4326,student_only,486621.1646323325,4715405.464138097,1.0,1
1240,1,0,0.0,K-35-054-2_Atolov_4326,student_only,487614.879,4716038.433,1.0,1
1241,1,0,0.0,K-35-054-2_Atolov_4326,student_only,489331.1502669466,4721126.555541947,1.0,1
1242,1,0,0.0,K-35-054-2_Atolov_4326,student_only,490210.5580416388,4720898.422471117,1.0,1
1243,1,0,0.0,K-35-054-2_Atolov_4326,student_only,494860.64448877505,4723140.257403516,1.0,1
1244,1,0,0.0,K-35-054-2_Atolov_4326,student_only,494787.9351828585,4715999.342776094,1.0,1
1245,1,0,0.0,K-35-054-2_Atolov_4326,student_only,495287.0662259975,4713175.606717646,1.0,1
1246,1,0,0.0,K-35-054-2_Atolov_4326,student_only,495472.29173245863,4713764.395620277,1.0,1
1247,1,0,0.0,K-35-054-2_Atolov_4326,student_only,497938.373,4719742.512,1.0,1
1248,1,0,0.0,K-35-054-2_Atolov_4326,student_only,498815.95783245063,4716746.231876665,1.0,1
1249,1,0,0.0,K-35-054-2_Atolov_4326,student_only,499352.713,4706039.531,1.0,1
1250,1,0,0.0,K-35-054-2_Atolov_4326,student_only,499467.29456924286,4717989.976910455,1.0,1
1251,0,1,0.95,K-35-054-2_Atolov_4326,vlm_only,486088.40176272555,4711857.971239441,0.278217431962353,0
1252,0,1,1.0,K-35-054-2_Atolov_4326,vlm_only,488908.2007370332,4716919.678503339,0.278217431962353,0
1253,0,1,0.2,K-35-054-2_Atolov_4326,vlm_only,484717.66478618386,4710582.77591911,0.278217431962353,0
1254,0,1,1.0,K-35-054-2_Atolov_4326,vlm_only,481139.9886502434,4722071.458522251,0.278217431962353,0
1255,0,1,0.95,K-35-054-2_Atolov_4326,vlm_only,491781.16379470227,4707731.345245596,0.278217431962353,0
1256,0,1,1.0,K-35-054-2_Atolov_4326,vlm_only,492898.29656107,4722080.086438612,0.278217431962353,0
1257,0,1,0.4,K-35-054-2_Atolov_4326,vlm_only,492767.0996802555,4721955.522345995,0.278217431962353,0
1258,0,1,0.75,K-35-054-2_Atolov_4326,vlm_only,492458.17086637457,4721591.968255308,0.278217431962353,0
1259,0,1,0.85,K-35-054-2_Atolov_4326,vlm_only,492066.83424725215,4720379.4989860635,0.278217431962353,0
1260,0,1,0.85,K-35-054-2_Atolov_4326,vlm_only,492416.6431680898,4720272.841102839,0.278217431962353,0
1261,0,1,1.0,K-35-054-2_Atolov_4326,vlm_only,488666.31877099106,4705294.5238681855,0.278217431962353,0
1262,0,1,1.0,K-35-054-2_Atolov_4326,vlm_only,486176.5570379518,4723591.299603868,0.278217431962353,0
1263,0,1,1.0,K-35-054-2_Atolov_4326,vlm_only,486287.0590181213,4713523.181681564,0.278217431962353,0
1264,0,1,0.85,K-35-054-2_Atolov_4326,vlm_only,492750.5993427451,4708487.66679173,0.278217431962353,0
1265,0,1,1.0,K-35-054-2_Atolov_4326,vlm_only,491794.57644783764,4718736.849628665,0.278217431962353,0
1266,0,1,0.5,K-35-054-2_Atolov_4326,vlm_only,493154.51001235144,4722393.188222266,0.278217431962353,0
1267,0,1,0.4,K-35-054-2_Atolov_4326,vlm_only,492758.4632182687,4722162.512974222,0.278217431962353,0
1268,0,1,0.15,K-35-054-2_Atolov_4326,vlm_only,493842.0627075157,4711057.067911121,0.278217431962353,0
1269,0,1,1.0,K-35-054-2_Atolov_4326,vlm_only,482805.27138793765,4716878.477690535,0.278217431962353,0
1270,0,1,0.95,K-35-054-2_Atolov_4326,vlm_only,482829.98100861936,4723113.0851626545,0.278217431962353,0
1271,0,1,0.95,K-35-054-2_Atolov_4326,vlm_only,480279.49021933187,4705736.050314821,0.278217431962353,0
1272,1,1,0.85,K-35-054-3_Yambol,matched,476427.12540900084,4693984.2826270005,1.0,1
1273,1,1,1.0,K-35-054-3_Yambol,matched,476494.0430189981,4693922.332887001,1.0,1
1274,1,1,1.0,K-35-054-3_Yambol,matched,477158.63336726854,4693433.207208967,1.0,1
1275,1,1,0.95,K-35-054-3_Yambol,matched,474575.3632344083,4687868.859266268,1.0,1
1276,1,1,0.95,K-35-054-3_Yambol,matched,465706.60674000357,4692424.696806006,1.0,1
1277,1,1,1.0,K-35-054-3_Yambol,matched,466141.33373399876,4694377.492492001,1.0,1
1278,1,1,0.15,K-35-054-3_Yambol,matched,466673.947946799,4698460.905014298,1.0,1
1279,1,1,0.95,K-35-054-3_Yambol,matched,465876.3593751785,4701214.841732795,1.0,1
1280,1,1,1.0,K-35-054-3_Yambol,matched,459666.628,4700950.375,1.0,1
1281,1,1,1.0,K-35-054-3_Yambol,matched,468103.309,4690384.271,1.0,1
1282,1,1,0.2,K-35-054-3_Yambol,matched,465126.75118499907,4697678.573496005,1.0,1
1283,1,1,1.0,K-35-054-3_Yambol,matched,467792.2723509967,4703384.679707004,1.0,1
1284,1,1,0.2,K-35-054-3_Yambol,matched,468181.9419204327,4703295.742441144,1.0,1
1285,1,1,1.0,K-35-054-3_Yambol,matched,468273.597218003,4703195.708145005,1.0,1
1286,1,1,1.0,K-35-054-3_Yambol,matched,467949.8601551388,4687256.715997754,1.0,1
1287,1,1,0.95,K-35-054-3_Yambol,matched,467865.1876599672,4687178.512174001,1.0,1
1288,1,1,0.95,K-35-054-3_Yambol,matched,467928.55604428623,4687116.947831668,1.0,1
1289,1,1,0.2,K-35-054-3_Yambol,matched,468143.964,4686848.251,1.0,1
1290,1,1,1.0,K-35-054-3_Yambol,matched,465549.058,4691212.591,1.0,1
1291,1,1,0.95,K-35-054-3_Yambol,matched,466600.2008079958,4690960.701738005,1.0,1
1292,1,1,1.0,K-35-054-3_Yambol,matched,466670.3082209997,4690869.801785,1.0,1
1293,1,1,1.0,K-35-054-3_Yambol,matched,466168.3947037373,4690360.400651665,1.0,1
1294,1,1,1.0,K-35-054-3_Yambol,matched,467361.156,4695185.743,1.0,1
1295,1,1,1.0,K-35-054-3_Yambol,matched,467389.9799240033,4693484.508708004,1.0,1
1296,1,1,0.95,K-35-054-3_Yambol,matched,467275.0948020209,4699526.276004386,1.0,1
1297,1,1,0.95,K-35-054-3_Yambol,matched,469320.2485855147,4704991.40400502,1.0,1
1298,1,1,1.0,K-35-054-3_Yambol,matched,469016.30998299597,4704758.7921619965,1.0,1
1299,1,1,1.0,K-35-054-3_Yambol,matched,469164.49112299643,4704714.714297,1.0,1
1300,1,1,0.95,K-35-054-3_Yambol,matched,464973.29305868153,4686969.604654258,1.0,1
1301,1,1,1.0,K-35-054-3_Yambol,matched,469950.98850605614,4701481.631651019,1.0,1
1302,1,1,1.0,K-35-054-3_Yambol,matched,472299.62283928436,4692802.913856948,1.0,1
1303,1,1,1.0,K-35-054-3_Yambol,matched,464904.0027465933,4700242.271179586,1.0,1
1304,1,1,1.0,K-35-054-3_Yambol,matched,471653.49020400393,4696806.872299997,1.0,1
1305,1,1,1.0,K-35-054-3_Yambol,matched,464373.214313002,4703811.129130996,1.0,1
1306,1,1,0.95,K-35-054-3_Yambol,matched,465445.22487500147,4704068.5266179945,1.0,1
1307,1,1,1.0,K-35-054-3_Yambol,matched,467409.85722100385,4692321.931272001,1.0,1
1308,1,1,1.0,K-35-054-3_Yambol,matched,474451.22740699793,4693423.554064001,1.0,1
1309,1,1,1.0,K-35-054-3_Yambol,matched,470666.05598513695,4688381.022111502,1.0,1
1310,1,1,1.0,K-35-054-3_Yambol,matched,465529.8132049994,4699024.740966006,1.0,1
1311,1,1,0.85,K-35-054-3_Yambol,matched,465509.68744860933,4698885.76214529,1.0,1
1312,1,1,1.0,K-35-054-3_Yambol,matched,474992.4078915927,4695051.948541911,1.0,1
1313,1,1,1.0,K-35-054-3_Yambol,matched,474023.1149569992,4690893.552607001,1.0,1
1314,1,1,1.0,K-35-054-3_Yambol,matched,474897.90318630124,4693732.743349983,1.0,1
1315,1,1,0.95,K-35-054-3_Yambol,matched,463795.9283129996,4694726.886571,1.0,1
1316,1,1,0.95,K-35-054-3_Yambol,matched,464443.13478261646,4693775.555479118,1.0,1
1317,1,1,0.15,K-35-054-3_Yambol,matched,471040.6320624935,4697923.488511063,1.0,1
1318,1,1,0.2,K-35-054-3_Yambol,matched,471254.66572408116,4697981.005515808,1.0,1
1319,1,1,1.0,K-35-054-3_Yambol,matched,472359.4137289963,4697782.044777003,1.0,1
1320,1,1,1.0,K-35-054-3_Yambol,matched,472331.4037279427,4697550.991823759,1.0,1
1321,1,1,0.85,K-35-054-3_Yambol,matched,471803.41595655447,4697205.834757137,1.0,1
1322,1,1,1.0,K-35-054-3_Yambol,matched,466721.4299045543,4702824.190007017,1.0,1
1323,1,1,1.0,K-35-054-3_Yambol,matched,468521.1169299962,4697658.834200995,1.0,1
1324,1,1,0.2,K-35-054-3_Yambol,matched,467505.8615240041,4696919.993988002,1.0,1
1325,1,1,1.0,K-35-054-3_Yambol,matched,467843.0622200024,4696837.984091002,1.0,1
1326,1,1,1.0,K-35-054-3_Yambol,matched,467989.85733499855,4703990.008375995,1.0,1
1327,1,1,1.0,K-35-054-3_Yambol,matched,475951.9209657528,4688932.751122224,1.0,1
1328,1,1,1.0,K-35-054-3_Yambol,matched,473072.7234020637,4690714.997084017,1.0,1
1329,1,1,1.0,K-35-054-3_Yambol,matched,472563.96389266616,4690117.4037196385,1.0,1
1330,1,1,1.0,K-35-054-3_Yambol,matched,460928.6527075512,4689537.507694867,1.0,1
1331,1,1,1.0,K-35-054-3_Yambol,matched,476737.811,4691550.677,1.0,1
1332,1,1,0.15,K-35-054-3_Yambol,matched,477007.049,4691402.965,1.0,1
1333,1,1,1.0,K-35-054-3_Yambol,matched,471786.2610018181,4689936.842064708,1.0,1
1334,1,1,1.0,K-35-054-3_Yambol,matched,471848.124660605,4689512.738422865,1.0,1
1335,1,1,1.0,K-35-054-3_Yambol,matched,470998.2287705752,4688526.291068025,1.0,1
1336,1,1,1.0,K-35-054-3_Yambol,matched,472130.25653900247,4692949.920297003,1.0,1
1337,1,1,0.85,K-35-054-3_Yambol,matched,471930.7514900001,4692579.005471997,1.0,1
1338,1,1,0.95,K-35-054-3_Yambol,matched,470874.1855640035,4692129.692987001,1.0,1
1339,1,1,1.0,K-35-054-3_Yambol,matched,470656.6700037151,4687141.918013002,1.0,1
1340,1,1,1.0,K-35-054-3_Yambol,matched,463036.83772386657,4693611.58745362,1.0,1
1341,1,1,1.0,K-35-054-3_Yambol,matched,475463.939629853,4689745.07664584,1.0,1
1342,1,1,1.0,K-35-054-3_Yambol,matched,474950.48931402934,4689053.857137619,1.0,1
1343,1,1,1.0,K-35-054-3_Yambol,matched,474871.22915674833,4688994.779404247,1.0,1
1344,1,1,1.0,K-35-054-3_Yambol,matched,474799.4485267019,4688947.166897431,1.0,1
1345,1,1,0.85,K-35-054-3_Yambol,matched,463356.35350699705,4690799.981110994,1.0,1
1346,1,1,1.0,K-35-054-3_Yambol,matched,475978.1257979966,4693292.339596997,1.0,1
1347,1,1,1.0,K-35-054-3_Yambol,matched,478223.06438600115,4690910.897306997,1.0,1
1348,1,1,0.2,K-35-054-3_Yambol,matched,462862.413,4700182.456,1.0,1
1349,1,1,0.95,K-35-054-3_Yambol,matched,463001.825,4703114.441,1.0,1
1350,1,1,0.95,K-35-054-3_Yambol,matched,462948.151,4703045.593,1.0,1
1351,1,1,1.0,K-35-054-3_Yambol,matched,462798.859,4700220.1,1.0,1
1352,1,1,1.0,K-35-054-3_Yambol,matched,477739.34423331957,4698767.055445959,1.0,1
1353,1,1,1.0,K-35-054-3_Yambol,matched,475545.064,4697096.747,1.0,1
1354,1,1,1.0,K-35-054-3_Yambol,matched,475585.285,4697033.052,1.0,1
1355,1,1,0.95,K-35-054-3_Yambol,matched,475562.956,4696978.227,1.0,1
1356,1,1,1.0,K-35-054-3_Yambol,matched,462221.24621984,4687014.1054313835,1.0,1
1357,1,1,1.0,K-35-054-3_Yambol,matched,476293.658,4696501.732,1.0,1
1358,1,0,0.0,K-35-054-3_Yambol,student_only,467450.6551873211,4700149.706907431,1.0,1
1359,1,0,0.0,K-35-054-3_Yambol,student_only,471838.51527549897,4699974.604266592,1.0,1
1360,1,0,0.0,K-35-054-3_Yambol,student_only,465340.6002697081,4699647.488938014,1.0,1
1361,1,0,0.0,K-35-054-3_Yambol,student_only,465284.3574000577,4698944.55543544,1.0,1
1362,1,0,0.0,K-35-054-3_Yambol,student_only,465373.28698301344,4698931.90273737,1.0,1
1363,1,0,0.0,K-35-054-3_Yambol,student_only,469108.694,4698714.599,1.0,1
1364,1,0,0.0,K-35-054-3_Yambol,student_only,471687.98971673043,4688923.3615911165,1.0,1
1365,1,0,0.0,K-35-054-3_Yambol,student_only,470922.4838287636,4688490.052546833,1.0,1
1366,1,0,0.0,K-35-054-3_Yambol,student_only,465778.3972172079,4687387.365290047,1.0,1
1367,1,0,0.0,K-35-054-3_Yambol,student_only,468018.5860770008,4704090.906985996,1.0,1
1368,1,0,0.0,K-35-054-3_Yambol,student_only,465401.52005400317,4699032.328763997,1.0,1
1369,1,0,0.0,K-35-054-3_Yambol,student_only,465383.6023740018,4698731.8453859985,1.0,1
1370,1,0,0.0,K-35-054-3_Yambol,student_only,470542.48374200123,4695616.308257002,1.0,1
1371,1,0,0.0,K-35-054-3_Yambol,student_only,475016.06130199716,4691210.315917997,1.0,1
1372,1,0,0.0,K-35-054-3_Yambol,student_only,474334.01143599936,4690982.057112002,1.0,1
1373,1,0,0.0,K-35-054-3_Yambol,student_only,472419.847,4690010.54,1.0,1
1374,1,0,0.0,K-35-054-3_Yambol,student_only,460827.96836999635,4690502.740812997,1.0,1
1375,0,1,0.2,K-35-054-3_Yambol,vlm_only,464271.4708535932,4699199.234288385,0.278217431962353,0
1376,0,1,0.95,K-35-054-3_Yambol,vlm_only,464102.778737335,4698940.375404977,0.278217431962353,0
1377,0,1,1.0,K-35-054-3_Yambol,vlm_only,464563.49467448407,4704084.21897851,0.278217431962353,0
1378,0,1,0.95,K-35-054-3_Yambol,vlm_only,467053.2022585595,4698765.044265195,0.278217431962353,0
1379,0,1,0.3,K-35-054-3_Yambol,vlm_only,463942.30047074455,4693914.076816664,0.278217431962353,0
1380,0,1,0.4,K-35-054-3_Yambol,vlm_only,464384.5701722929,4693988.983124575,0.278217431962353,0
1381,0,1,0.2,K-35-054-3_Yambol,vlm_only,469119.28919852007,4698595.371138368,0.278217431962353,0
1382,0,1,0.65,K-35-054-3_Yambol,vlm_only,468491.21487236704,4703668.277691566,0.278217431962353,0
1383,0,1,0.85,K-35-054-3_Yambol,vlm_only,471461.41744539485,4688258.935575341,0.278217431962353,0
1384,0,1,0.85,K-35-054-3_Yambol,vlm_only,462958.13853360055,4702944.060273671,0.278217431962353,0
1385,0,1,0.4,K-35-054-3_Yambol,vlm_only,476329.5738079207,4696511.2176741185,0.278217431962353,0
1386,0,1,0.7,K-35-054-3_Yambol,vlm_only,465519.85703444143,4691217.193400881,0.278217431962353,0
1387,0,1,0.95,K-35-054-3_Yambol,vlm_only,473384.80494522955,4703920.70484466,0.278217431962353,0
1388,1,1,1.0,K-35-054-4_Voynika,matched,486240.352,4703073.728,1.0,1
1389,1,1,1.0,K-35-054-4_Voynika,matched,487085.37404276483,4702771.180382325,1.0,1
1390,1,1,1.0,K-35-054-4_Voynika,matched,479404.6614746919,4705060.326747761,1.0,1
1391,1,1,1.0,K-35-054-4_Voynika,matched,480314.9104367477,4699714.1972568175,1.0,1
1392,1,1,1.0,K-35-054-4_Voynika,matched,481036.76538422384,4699455.6024201745,1.0,1
1393,1,1,0.95,K-35-054-4_Voynika,matched,480294.8125588661,4699079.568974628,1.0,1
1394,1,1,1.0,K-35-054-4_Voynika,matched,481146.7097496282,4698811.123276394,1.0,1
1395,1,1,1.0,K-35-054-4_Voynika,matched,483600.26985418465,4703672.6389636155,1.0,1
1396,1,1,0.85,K-35-054-4_Voynika,matched,489209.3584202268,4703082.837553801,1.0,1
1397,1,1,0.85,K-35-054-4_Voynika,matched,481057.19600273215,4698285.092939631,1.0,1
1398,1,1,0.85,K-35-054-4_Voynika,matched,480841.7944888537,4698196.848804919,1.0,1
1399,1,1,0.85,K-35-054-4_Voynika,matched,480766.88741924014,4698168.595586048,1.0,1
1400,1,1,1.0,K-35-054-4_Voynika,matched,480406.67349756067,4697746.609998688,1.0,1
1401,1,1,0.75,K-35-054-4_Voynika,matched,487486.8242583989,4696163.71003465,1.0,1
1402,1,1,0.95,K-35-054-4_Voynika,matched,488586.8445579695,4705017.372867725,1.0,1
1403,1,1,0.85,K-35-054-4_Voynika,matched,488682.49377935135,4704918.424520269,1.0,1
1404,1,1,0.2,K-35-054-4_Voynika,matched,485607.559,4703385.903,1.0,1
1405,1,1,1.0,K-35-054-4_Voynika,matched,485666.4571359606,4703204.797955876,1.0,1
1406,1,1,1.0,K-35-054-4_Voynika,matched,485138.4724239225,4704423.86965174,1.0,1
1407,1,1,0.85,K-35-054-4_Voynika,matched,484451.2832621365,4696516.626094654,1.0,1
1408,1,1,0.2,K-35-054-4_Voynika,matched,485662.9722706803,4696096.140854545,1.0,1
1409,1,1,0.95,K-35-054-4_Voynika,matched,491064.972822549,4702253.104196687,1.0,1
1410,1,1,1.0,K-35-054-4_Voynika,matched,490350.5767929097,4697015.717322826,1.0,1
1411,1,1,0.15,K-35-054-4_Voynika,matched,491480.37232498784,4704724.839623642,1.0,1
1412,1,1,0.4,K-35-054-4_Voynika,matched,492440.3112010031,4703517.255637651,1.0,1
1413,1,1,0.3,K-35-054-4_Voynika,matched,491863.7801874201,4701853.1609860435,1.0,1
1414,1,1,0.15,K-35-054-4_Voynika,matched,491961.7988622648,4701078.36701287,1.0,1
1415,1,1,0.4,K-35-054-4_Voynika,matched,481142.88718093315,4695806.620339743,1.0,1
1416,1,1,0.95,K-35-054-4_Voynika,matched,480519.3909826306,4695136.729356261,1.0,1
1417,1,1,1.0,K-35-054-4_Voynika,matched,495207.06524341635,4699727.745521499,1.0,1
1418,1,1,1.0,K-35-054-4_Voynika,matched,496127.3291562911,4699408.867266097,1.0,1
1419,1,1,1.0,K-35-054-4_Voynika,matched,495181.98567243025,4698720.006955832,1.0,1
1420,1,1,0.95,K-35-054-4_Voynika,matched,494287.8697071792,4703317.076176292,1.0,1
1421,1,1,1.0,K-35-054-4_Voynika,matched,495920.14797272487,4701779.588727239,1.0,1
1422,1,1,1.0,K-35-054-4_Voynika,matched,496146.3347983789,4701142.6309089195,1.0,1
1423,1,1,1.0,K-35-054-4_Voynika,matched,496107.67107264086,4700979.728730997,1.0,1
1424,1,1,0.95,K-35-054-4_Voynika,matched,495149.6449531824,4700618.28890608,1.0,1
1425,1,1,1.0,K-35-054-4_Voynika,matched,496187.9788851608,4700428.616003288,1.0,1
1426,1,1,0.95,K-35-054-4_Voynika,matched,494207.65709586913,4694601.325909502,1.0,1
1427,1,1,1.0,K-35-054-4_Voynika,matched,492995.33128039277,4693778.461629517,1.0,1
1428,1,1,1.0,K-35-054-4_Voynika,matched,493834.034,4693487.194,1.0,1
1429,1,1,0.2,K-35-054-4_Voynika,matched,496915.6964579438,4698597.407767576,1.0,1
1430,1,1,0.15,K-35-054-4_Voynika,matched,496415.33282917924,4698391.803323464,1.0,1
1431,1,1,0.85,K-35-054-4_Voynika,matched,495985.765,4691682.562,1.0,1
1432,1,1,1.0,K-35-054-4_Voynika,matched,482144.4926891295,4698324.409577125,1.0,1
1433,1,1,0.95,K-35-054-4_Voynika,matched,482087.5035063708,4698218.42304202,1.0,1
1434,1,1,1.0,K-35-054-4_Voynika,matched,491607.76328335,4702414.05502532,1.0,1
1435,1,1,0.95,K-35-054-4_Voynika,matched,496838.2875653907,4704161.872865851,1.0,1
1436,1,1,1.0,K-35-054-4_Voynika,matched,497755.16668232804,4703935.021250981,1.0,1
1437,1,1,0.85,K-35-054-4_Voynika,matched,497983.014220914,4703878.131068503,1.0,1
1438,1,1,0.95,K-35-054-4_Voynika,matched,494158.87890432286,4697453.74126316,1.0,1
1439,1,1,0.95,K-35-054-4_Voynika,matched,482771.2697981708,4696169.09858592,1.0,1
1440,1,1,1.0,K-35-054-4_Voynika,matched,482751.038416716,4696069.722001149,1.0,1
1441,1,1,0.85,K-35-054-4_Voynika,matched,485988.6538679841,4701639.395544479,1.0,1
1442,1,1,1.0,K-35-054-4_Voynika,matched,485784.92320922087,4700349.47356837,1.0,1
1443,1,1,0.75,K-35-054-4_Voynika,matched,486088.9238680865,4700085.581757219,1.0,1
1444,1,1,1.0,K-35-054-4_Voynika,matched,490638.427,4696490.858,1.0,1
1445,1,1,1.0,K-35-054-4_Voynika,matched,490414.1468304314,4703892.62536122,1.0,1
1446,1,1,1.0,K-35-054-4_Voynika,matched,499548.653,4696064.606,1.0,1
1447,1,1,0.95,K-35-054-4_Voynika,matched,496249.561,4688765.065,1.0,1
1448,1,1,1.0,K-35-054-4_Voynika,matched,498086.2495031696,4689853.992718386,1.0,1
1449,1,1,1.0,K-35-054-4_Voynika,matched,497351.92107949406,4691766.033971273,1.0,1
1450,1,1,1.0,K-35-054-4_Voynika,matched,497319.23947146646,4690344.892121614,1.0,1
1451,1,1,1.0,K-35-054-4_Voynika,matched,482978.5614993799,4698120.860560992,1.0,1
1452,1,1,1.0,K-35-054-4_Voynika,matched,483678.0837363774,4697089.561975453,1.0,1
1453,1,1,1.0,K-35-054-4_Voynika,matched,483363.2348376474,4697121.665042087,1.0,1
1454,1,1,0.95,K-35-054-4_Voynika,matched,495572.2912708716,4692453.184683135,1.0,1
1455,1,1,1.0,K-35-054-4_Voynika,matched,496507.65745176264,4698188.187286626,1.0,1
1456,1,1,1.0,K-35-054-4_Voynika,matched,496548.3658038124,4698070.8616471905,1.0,1
1457,1,1,1.0,K-35-054-4_Voynika,matched,496467.4079567029,4697652.12495526,1.0,1
1458,1,1,1.0,K-35-054-4_Voynika,matched,497113.7407534594,4697382.849188719,1.0,1
1459,1,1,1.0,K-35-054-4_Voynika,matched,497095.06274618127,4697309.183749865,1.0,1
1460,1,1,0.4,K-35-054-4_Voynika,matched,487693.1127643864,4701278.710589557,1.0,1
1461,1,1,0.15,K-35-054-4_Voynika,matched,486778.22402223543,4701569.679132478,1.0,1
1462,1,1,0.95,K-35-054-4_Voynika,matched,484204.01843398344,4692658.324171761,1.0,1
1463,1,1,0.75,K-35-054-4_Voynika,matched,483032.78533739614,4686850.807474817,1.0,1
1464,1,1,1.0,K-35-054-4_Voynika,matched,499250.5679002571,4700599.560425198,1.0,1
1465,1,1,1.0,K-35-054-4_Voynika,matched,498709.97965941206,4702705.477187908,1.0,1
1466,1,1,1.0,K-35-054-4_Voynika,matched,483835.703,4703167.195,1.0,1
1467,1,1,0.95,K-35-054-4_Voynika,matched,483762.0300492357,4703107.678645938,1.0,1
1468,1,1,1.0,K-35-054-4_Voynika,matched,498607.47349499934,4692329.871140355,1.0,1
1469,1,1,1.0,K-35-054-4_Voynika,matched,498551.57209854043,4692268.6182114035,1.0,1
1470,1,1,1.0,K-35-054-4_Voynika,matched,497912.830311884,4691869.270001089,1.0,1
1471,1,1,1.0,K-35-054-4_Voynika,matched,497878.2461054168,4692016.575528628,1.0,1
1472,1,1,0.2,K-35-054-4_Voynika,matched,495751.15645961947,4695619.012706487,1.0,1
1473,1,1,1.0,K-35-054-4_Voynika,matched,493149.3787712263,4704139.3907355,1.0,1
1474,1,1,0.95,K-35-054-4_Voynika,matched,481370.3705891652,4699267.506804461,1.0,1
1475,1,1,0.2,K-35-054-4_Voynika,matched,493896.6792325165,4691244.710695097,1.0,1
1476,1,1,0.2,K-35-054-4_Voynika,matched,497049.75663585885,4692311.959167439,1.0,1
1477,1,1,1.0,K-35-054-4_Voynika,matched,496998.1451920257,4692133.812268662,1.0,1
1478,1,1,1.0,K-35-054-4_Voynika,matched,497338.18605521723,4691874.6637024,1.0,1
1479,1,1,1.0,K-35-054-4_Voynika,matched,495047.6340245846,4691284.455379012,1.0,1
1480,1,0,0.0,K-35-054-4_Voynika,student_only,496118.2581098113,4704450.044917355,1.0,1
1481,1,0,0.0,K-35-054-4_Voynika,student_only,484698.0781931705,4703672.312784165,1.0,1
1482,1,0,0.0,K-35-054-4_Voynika,student_only,494324.41,4703859.104,1.0,1
1483,1,0,0.0,K-35-054-4_Voynika,student_only,499062.1289116823,4703517.8129715985,1.0,1
1484,1,0,0.0,K-35-054-4_Voynika,student_only,491140.5649997175,4702295.717520091,1.0,1
1485,1,0,0.0,K-35-054-4_Voynika,student_only,486712.98,4701650.981,1.0,1
1486,1,0,0.0,K-35-054-4_Voynika,student_only,487342.17952593113,4697012.840676293,1.0,1
1487,1,0,0.0,K-35-054-4_Voynika,student_only,487475.9579316608,4697000.720794246,1.0,1
1488,1,0,0.0,K-35-054-4_Voynika,student_only,490381.5957677398,4697157.128376886,1.0,1
1489,1,0,0.0,K-35-054-4_Voynika,student_only,498234.9939118877,4696603.549384863,1.0,1
1490,1,0,0.0,K-35-054-4_Voynika,student_only,498260.28222778416,4696483.765162779,1.0,1
1491,1,0,0.0,K-35-054-4_Voynika,student_only,489353.43371462834,4695295.890632256,1.0,1
1492,1,0,0.0,K-35-054-4_Voynika,student_only,497073.8378670984,4692383.871723112,1.0,1
1493,1,0,0.0,K-35-054-4_Voynika,student_only,495711.4609755736,4691515.19782247,1.0,1
1494,1,0,0.0,K-35-054-4_Voynika,student_only,498185.6867646799,4691990.527677165,1.0,1
1495,1,0,0.0,K-35-054-4_Voynika,student_only,495810.7146651146,4686806.538550548,1.0,1
1496,1,0,0.0,K-35-054-4_Voynika,student_only,483168.8426540757,4686890.6522737555,1.0,1
1497,0,1,0.2,K-35-054-4_Voynika,vlm_only,492601.059327196,4697347.352568479,0.278217431962353,0
1498,0,1,1.0,K-35-054-4_Voynika,vlm_only,486218.7166743732,4703078.712812742,0.278217431962353,0
1499,0,1,1.0,K-35-054-4_Voynika,vlm_only,494608.1065245037,4688147.589236495,0.278217431962353,0
1500,0,1,1.0,K-35-054-4_Voynika,vlm_only,495974.4174418115,4691710.25773082,0.278217431962353,0
1501,0,1,0.15,K-35-054-4_Voynika,vlm_only,494404.228200842,4703950.316848784,0.278217431962353,0
1502,0,1,0.95,K-35-054-4_Voynika,vlm_only,494603.5590830912,4688339.129243943,0.278217431962353,0
1503,1,1,0.85,K-35-055-1,matched,509248.95767721743,4707709.421273002,1.0,1
1504,1,1,1.0,K-35-055-1,matched,509507.0767182441,4707371.335902554,1.0,1
1505,1,1,1.0,K-35-055-1,matched,515432.7936294608,4708177.351339826,1.0,1
1506,1,1,1.0,K-35-055-1,matched,514872.30855327245,4715797.80847825,1.0,1
1507,1,1,0.95,K-35-055-1,matched,501012.4158102047,4706434.839625425,1.0,1
1508,1,1,1.0,K-35-055-1,matched,505379.26620050793,4708833.797541026,1.0,1
1509,1,1,1.0,K-35-055-1,matched,500407.7132023799,4708592.070617677,1.0,1
1510,1,1,1.0,K-35-055-1,matched,500011.1648064352,4713437.95213745,1.0,1
1511,1,1,1.0,K-35-055-1,matched,509584.83523227833,4723281.2711809855,1.0,1
1512,1,1,1.0,K-35-055-1,matched,509674.6267082945,4723347.405974023,1.0,1
1513,1,1,0.95,K-35-055-1,matched,507624.7554104924,4713055.412718983,1.0,1
1514,1,1,1.0,K-35-055-1,matched,509575.2126763182,4716940.272383109,1.0,1
1515,1,1,0.85,K-35-055-1,matched,509707.5408441678,4716137.005074775,1.0,1
1516,1,1,1.0,K-35-055-1,matched,506750.593,4716424.371,1.0,1
1517,1,1,0.85,K-35-055-1,matched,509652.40110841405,4713168.482991468,1.0,1
1518,1,1,0.95,K-35-055-1,matched,510047.8221337048,4713169.003349564,1.0,1
1519,1,1,0.95,K-35-055-1,matched,509073.53840129817,4712151.177013007,1.0,1
1520,1,1,0.4,K-35-055-1,matched,510754.0095329438,4709951.808964646,1.0,1
1521,1,1,0.2,K-35-055-1,matched,510057.0451702518,4709485.728424839,1.0,1
1522,1,1,1.0,K-35-055-1,matched,510930.7340057236,4708809.936739116,1.0,1
1523,1,1,0.95,K-35-055-1,matched,507880.8864178302,4707273.886476489,1.0,1
1524,1,1,0.95,K-35-055-1,matched,508020.40180149465,4706982.410573655,1.0,1
1525,1,1,0.2,K-35-055-1,matched,512540.9426683999,4718242.071706456,1.0,1
1526,1,1,0.95,K-35-055-1,matched,512485.51301609137,4717423.103203138,1.0,1
1527,1,1,0.95,K-35-055-1,matched,506864.7466077266,4714201.704210607,1.0,1
1528,1,1,0.95,K-35-055-1,matched,506962.7555210919,4714174.663487741,1.0,1
1529,1,1,1.0,K-35-055-1,matched,507073.8682471178,4713983.735431245,1.0,1
1530,1,1,1.0,K-35-055-1,matched,507236.7585374651,4713854.137117961,1.0,1
1531,1,1,0.95,K-35-055-1,matched,507348.6900850343,4713742.1106426455,1.0,1
1532,1,1,1.0,K-35-055-1,matched,505671.2397396487,4706286.505999795,1.0,1
1533,1,1,1.0,K-35-055-1,matched,510014.8128976122,4717328.741758486,1.0,1
1534,1,1,0.95,K-35-055-1,matched,514687.16777541547,4710161.002130249,1.0,1
1535,1,1,1.0,K-35-055-1,matched,513776.13311532914,4708539.975847881,1.0,1
1536,1,1,1.0,K-35-055-1,matched,515171.138470684,4709196.245408371,1.0,1
1537,1,1,0.95,K-35-055-1,matched,515576.7583271078,4713637.678683855,1.0,1
1538,1,1,0.95,K-35-055-1,matched,508440.0871732288,4719399.8003047975,1.0,1
1539,1,1,0.85,K-35-055-1,matched,517913.0993200247,4714653.942165648,1.0,1
1540,1,1,0.95,K-35-055-1,matched,518408.21193477075,4713656.548267773,1.0,1
1541,1,1,0.95,K-35-055-1,matched,511860.4962319095,4712927.159339408,1.0,1
1542,1,1,0.95,K-35-055-1,matched,511793.0966244684,4712641.73679894,1.0,1
1543,1,1,1.0,K-35-055-1,matched,505300.77120453917,4712910.173733892,1.0,1
1544,1,1,0.95,K-35-055-1,matched,506040.4456961469,4711915.298781696,1.0,1
1545,1,1,0.95,K-35-055-1,matched,500887.8806534336,4719588.002236506,1.0,1
1546,1,1,1.0,K-35-055-1,matched,505717.6062622324,4719257.0228345925,1.0,1
1547,1,1,1.0,K-35-055-1,matched,511235.95402773196,4715055.6969788615,1.0,1
1548,1,1,1.0,K-35-055-1,matched,514772.93419225403,4723509.714183469,1.0,1
1549,1,1,0.95,K-35-055-1,matched,509638.116,4710307.306,1.0,1
1550,1,1,1.0,K-35-055-1,matched,503121.49275811383,4721707.815067996,1.0,1
1551,1,1,0.3,K-35-055-1,matched,503116.481155236,4709817.233051324,1.0,1
1552,1,1,1.0,K-35-055-1,matched,503021.668,4709774.622,1.0,1
1553,1,1,1.0,K-35-055-1,matched,515809.1212156494,4706563.515107147,1.0,1
1554,1,1,0.95,K-35-055-1,matched,515083.61678285897,4713680.254323639,1.0,1
1555,1,1,1.0,K-35-055-1,matched,502475.79597758903,4712262.627022614,1.0,1
1556,1,1,0.2,K-35-055-1,matched,518501.20304920705,4708636.8874047175,1.0,1
1557,1,1,1.0,K-35-055-1,matched,517259.9213367732,4707875.944295105,1.0,1
1558,1,1,1.0,K-35-055-1,matched,517513.12376436236,4707424.166207243,1.0,1
1559,1,1,0.95,K-35-055-1,matched,517706.972,4706951.13,1.0,1
1560,1,1,0.4,K-35-055-1,matched,501819.94076941896,4707210.131549763,1.0,1
1561,1,1,1.0,K-35-055-1,matched,518400.446,4708876.336,1.0,1
1562,1,1,0.95,K-35-055-1,matched,503292.61561667547,4705950.836750385,1.0,1
1563,1,1,0.95,K-35-055-1,matched,504151.8732471347,4713362.602319867,1.0,1
1564,1,1,1.0,K-35-055-1,matched,504463.2261066546,4713063.1404945655,1.0,1
1565,1,1,1.0,K-35-055-1,matched,504672.79079388164,4713094.050719384,1.0,1
1566,1,1,0.85,K-35-055-1,matched,504970.34006334655,4723049.3874606285,1.0,1
1567,1,1,0.85,K-35-055-1,matched,504698.14664806705,4722290.5342457,1.0,1
1568,1,1,0.95,K-35-055-1,matched,518712.84103854233,4713049.477508227,1.0,1
1569,1,1,1.0,K-35-055-1,matched,518716.3335046285,4712914.680057889,1.0,1
1570,1,1,0.85,K-35-055-1,matched,519270.8415753661,4712431.285517536,1.0,1
1571,1,1,1.0,K-35-055-1,matched,519881.22133037803,4712478.8428481305,1.0,1
1572,1,1,1.0,K-35-055-1,matched,520162.9480305461,4712112.248980447,1.0,1
1573,1,1,0.85,K-35-055-1,matched,518847.9510640331,4711214.418227006,1.0,1
1574,1,1,0.85,K-35-055-1,matched,519914.6336212453,4711034.408986793,1.0,1
1575,1,1,0.85,K-35-055-1,matched,520255.17142736824,4711779.23594308,1.0,1
1576,1,1,1.0,K-35-055-1,matched,512551.1409726344,4709918.8283382105,1.0,1
1577,1,1,1.0,K-35-055-1,matched,512111.324649438,4710378.699678682,1.0,1
1578,1,1,1.0,K-35-055-1,matched,518466.598905548,4720604.551831761,1.0,1
1579,1,1,1.0,K-35-055-1,matched,518081.14467830426,4706418.498073907,1.0,1
1580,1,1,0.95,K-35-055-1,matched,518441.77628857136,4705860.010602409,1.0,1
1581,1,1,0.95,K-35-055-1,matched,511461.5560167242,4713272.331705422,1.0,1
1582,1,1,0.85,K-35-055-1,matched,510493.6984211098,4712549.304054326,1.0,1
1583,1,1,1.0,K-35-055-1,matched,510992.2444838907,4712010.214123296,1.0,1
1584,1,1,1.0,K-35-055-1,matched,515633.07062078774,4713158.804842964,1.0,1
1585,1,1,1.0,K-35-055-1,matched,515668.06124581175,4712812.122925318,1.0,1
1586,1,1,1.0,K-35-055-1,matched,504139.6986113507,4708788.745241864,1.0,1
1587,1,1,1.0,K-35-055-1,matched,504357.62823360326,4708844.530014423,1.0,1
1588,1,1,1.0,K-35-055-1,matched,514921.40874303004,4720064.158728306,1.0,1
1589,1,1,1.0,K-35-055-1,matched,514323.70941836934,4719137.228213848,1.0,1
1590,1,1,1.0,K-35-055-1,matched,515192.342,4719036.191,1.0,1
1591,1,1,0.85,K-35-055-1,matched,504422.8269979165,4713725.412970294,1.0,1
1592,1,1,1.0,K-35-055-1,matched,503589.8049247612,4706537.214935071,1.0,1
1593,1,1,0.95,K-35-055-1,matched,504825.4143662132,4706871.878518284,1.0,1
1594,1,1,1.0,K-35-055-1,matched,500344.60715821525,4721203.232765663,1.0,1
1595,1,1,0.85,K-35-055-1,matched,500442.1786184812,4720828.904676267,1.0,1
1596,1,1,1.0,K-35-055-1,matched,517360.00430454535,4719096.600764852,1.0,1
1597,1,1,1.0,K-35-055-1,matched,520034.941,4723573.359,1.0,1
1598,1,1,0.95,K-35-055-1,matched,520052.235,4723327.813,1.0,1
1599,1,1,1.0,K-35-055-1,matched,519914.7804948458,4723145.137990907,1.0,1
1600,1,1,0.95,K-35-055-1,matched,519999.0812284815,4723131.941284595,1.0,1
1601,1,1,1.0,K-35-055-1,matched,519692.05389352964,4722594.349677253,1.0,1
1602,1,1,0.85,K-35-055-1,matched,509406.974644995,4710059.147109878,1.0,1
1603,1,1,1.0,K-35-055-1,matched,509717.219766533,4709951.4808328925,1.0,1
1604,1,1,0.95,K-35-055-1,matched,509054.71675345115,4709254.8745611375,1.0,1
1605,1,1,1.0,K-35-055-1,matched,502459.9818876762,4721957.00789769,1.0,1
1606,1,1,1.0,K-35-055-1,matched,502011.3984324996,4711162.766603695,1.0,1
1607,1,0,0.0,K-35-055-1,student_only,503788.2520202414,4723439.114277705,1.0,1
1608,1,0,0.0,K-35-055-1,student_only,513689.8653908421,4723477.977837068,1.0,1
1609,1,0,0.0,K-35-055-1,student_only,508809.40732236323,4719059.109775315,1.0,1
1610,1,0,0.0,K-35-055-1,student_only,520035.799,4718086.165,1.0,1
1611,1,0,0.0,K-35-055-1,student_only,507741.4085173816,4718811.481254836,1.0,1
1612,1,0,0.0,K-35-055-1,student_only,508220.68729317683,4709205.3185464,1.0,1
1613,1,0,0.0,K-35-055-1,student_only,500378.54083163384,4709512.408722353,1.0,1
1614,1,0,0.0,K-35-055-1,student_only,499955.276612882,4709585.353620751,1.0,1
1615,1,0,0.0,K-35-055-1,student_only,499905.179,4708647.369,1.0,1
1616,1,0,0.0,K-35-055-1,student_only,504575.697,4706983.574,1.0,1
1617,1,0,0.0,K-35-055-1,student_only,504446.778,4706972.712,1.0,1
1618,0,1,0.15,K-35-055-1,vlm_only,506527.8991495918,4711115.590075415,0.278217431962353,0
1619,0,1,0.4,K-35-055-1,vlm_only,511446.8335533565,4723718.217194377,0.278217431962353,0
1620,0,1,1.0,K-35-055-1,vlm_only,504938.04936794075,4722577.56152151,0.278217431962353,0
1621,0,1,1.0,K-35-055-1,vlm_only,507749.98711371765,4718633.168864069,0.278217431962353,0
1622,0,1,0.95,K-35-055-1,vlm_only,509629.2677414517,4710368.563408071,0.278217431962353,0
1623,0,1,1.0,K-35-055-1,vlm_only,512892.1657934273,4710289.898457559,0.278217431962353,0
1624,0,1,0.2,K-35-055-1,vlm_only,512896.3641464939,4709353.618833599,0.278217431962353,0
1625,0,1,1.0,K-35-055-1,vlm_only,517733.6164794413,4706951.811744794,0.278217431962353,0
1626,0,1,1.0,K-35-055-1,vlm_only,502272.0566691365,4711085.582178286,0.278217431962353,0
1627,1,1,1.0,K-35-055-2,matched,521157.86221622914,4708882.396846142,1.0,1
1628,1,1,1.0,K-35-055-2,matched,520509.0665043721,4723037.861892256,1.0,1
1629,1,1,1.0,K-35-055-2,matched,520611.34224339394,4717619.774603432,1.0,1
1630,1,1,1.0,K-35-055-2,matched,526133.5495622244,4715920.641958411,1.0,1
1631,1,1,0.95,K-35-055-2,matched,527908.7900759486,4712938.189468857,1.0,1
1632,1,1,0.95,K-35-055-2,matched,520559.92595645145,4711873.898645689,1.0,1
1633,1,1,0.95,K-35-055-2,matched,520594.0206470229,4711702.72914267,1.0,1
1634,1,1,1.0,K-35-055-2,matched,520849.8252745164,4711507.906388082,1.0,1
1635,1,1,1.0,K-35-055-2,matched,520630.3841504294,4711093.234568254,1.0,1
1636,1,1,0.2,K-35-055-2,matched,531495.7099506317,4717946.730542101,1.0,1
1637,1,1,0.85,K-35-055-2,matched,533958.27917583,4715419.787688597,1.0,1
1638,1,1,0.4,K-35-055-2,matched,526810.2752064614,4708534.2990612285,1.0,1
1639,1,1,1.0,K-35-055-2,matched,532534.0845975762,4710757.84516879,1.0,1
1640,1,1,1.0,K-35-055-2,matched,527816.7661950092,4714130.753172297,1.0,1
1641,1,1,0.85,K-35-055-2,matched,528640.513809977,4710804.282177853,1.0,1
1642,1,1,0.85,K-35-055-2,matched,529789.3553388396,4712346.494207371,1.0,1
1643,1,1,0.75,K-35-055-2,matched,529887.609,4712279.028,1.0,1
1644,1,1,0.95,K-35-055-2,matched,529874.317,4712210.994,1.0,1
1645,1,1,1.0,K-35-055-2,matched,530799.943066537,4713451.2086662045,1.0,1
1646,1,1,0.95,K-35-055-2,matched,531979.062,4713142.023,1.0,1
1647,1,1,1.0,K-35-055-2,matched,532049.811,4713135.162,1.0,1
1648,1,1,1.0,K-35-055-2,matched,532148.615920148,4713137.820903727,1.0,1
1649,1,1,0.85,K-35-055-2,matched,535113.8543670911,4716943.242116429,1.0,1
1650,1,1,0.2,K-35-055-2,matched,534781.6575871967,4715347.314008584,1.0,1
1651,1,1,1.0,K-35-055-2,matched,535275.2485398686,4717440.88784216,1.0,1
1652,1,1,0.95,K-35-055-2,matched,537995.1711869845,4718095.426249272,1.0,1
1653,1,1,1.0,K-35-055-2,matched,537438.8443258754,4717927.759772938,1.0,1
1654,1,1,0.85,K-35-055-2,matched,535043.003939013,4718948.108674361,1.0,1
1655,1,1,1.0,K-35-055-2,matched,531282.4234098392,4719521.168324715,1.0,1
1656,1,1,1.0,K-35-055-2,matched,522147.243,4716933.023,1.0,1
1657,1,1,1.0,K-35-055-2,matched,522001.25641364686,4716058.90886798,1.0,1
1658,1,1,0.2,K-35-055-2,matched,521136.04964457225,4715915.353346879,1.0,1
1659,1,1,0.85,K-35-055-2,matched,521871.0672281395,4715710.886291798,1.0,1
1660,1,1,0.95,K-35-055-2,matched,521753.7865375306,4715562.800490401,1.0,1
1661,1,1,0.2,K-35-055-2,matched,521378.0354609454,4715522.555006373,1.0,1
1662,1,1,1.0,K-35-055-2,matched,522865.1952627464,4722996.092571009,1.0,1
1663,1,1,1.0,K-35-055-2,matched,522673.27762050816,4722347.341194689,1.0,1
1664,1,1,1.0,K-35-055-2,matched,535120.4922946363,4714693.803067097,1.0,1
1665,1,1,0.2,K-35-055-2,matched,534429.1533212137,4715029.52654819,1.0,1
1666,1,1,0.85,K-35-055-2,matched,526447.0393881006,4714001.390336717,1.0,1
1667,1,1,0.95,K-35-055-2,matched,536546.3237027895,4712842.911030714,1.0,1
1668,1,1,0.95,K-35-055-2,matched,537604.0781973002,4712955.94669474,1.0,1
1669,1,1,1.0,K-35-055-2,matched,539201.2608950681,4717326.618287525,1.0,1
1670,1,1,1.0,K-35-055-2,matched,522985.28825013735,4711477.200926399,1.0,1
1671,1,1,1.0,K-35-055-2,matched,523563.28657974984,4711151.174447172,1.0,1
1672,1,1,1.0,K-35-055-2,matched,522597.0703708298,4708723.147919207,1.0,1
1673,1,1,1.0,K-35-055-2,matched,534899.1637560057,4707913.975969604,1.0,1
1674,1,1,0.85,K-35-055-2,matched,540624.2251416902,4719761.768472512,1.0,1
1675,1,1,1.0,K-35-055-2,matched,540731.781,4719653.071,1.0,1
1676,1,1,1.0,K-35-055-2,matched,534683.2482149269,4711192.677544758,1.0,1
1677,1,1,0.95,K-35-055-2,matched,524570.6080487706,4707809.4565981915,1.0,1
1678,1,1,1.0,K-35-055-2,matched,524308.6279265195,4710909.3180226805,1.0,1
1679,1,1,1.0,K-35-055-2,matched,524398.0862727277,4710733.121512782,1.0,1
1680,1,1,0.95,K-35-055-2,matched,524015.2220469944,4710815.827278925,1.0,1
1681,1,1,0.95,K-35-055-2,matched,525007.506453252,4717714.517310521,1.0,1
1682,1,1,0.85,K-35-055-2,matched,523229.0944543682,4716100.108438918,1.0,1
1683,1,1,1.0,K-35-055-2,matched,522456.03486536274,4715762.370796358,1.0,1
1684,1,1,0.2,K-35-055-2,matched,522668.24547109584,4715858.452747195,1.0,1
1685,1,1,0.85,K-35-055-2,matched,531998.0199969705,4722141.604815929,1.0,1
1686,1,1,0.5,K-35-055-2,matched,523669.35521694185,4717995.099266865,1.0,1
1687,1,1,0.85,K-35-055-2,matched,521665.6677353351,4713504.21018816,1.0,1
1688,1,1,1.0,K-35-055-2,matched,530424.729,4718643.434,1.0,1
1689,1,1,0.85,K-35-055-2,matched,530158.3075962111,4718458.363555929,1.0,1
1690,1,1,1.0,K-35-055-2,matched,530327.5150248675,4717629.423510121,1.0,1
1691,1,1,0.85,K-35-055-2,matched,530276.3003510936,4717334.23530507,1.0,1
1692,1,1,0.15,K-35-055-2,matched,529828.2966690953,4717315.670545109,1.0,1
1693,1,1,0.95,K-35-055-2,matched,530938.752161132,4710903.809334537,1.0,1
1694,1,1,1.0,K-35-055-2,matched,535638.8271242752,4717952.398762167,1.0,1
1695,1,1,1.0,K-35-055-2,matched,537542.8663104292,4716379.313108692,1.0,1
1696,1,1,1.0,K-35-055-2,matched,522690.10982430604,4712240.251513919,1.0,1
1697,1,1,0.95,K-35-055-2,matched,525239.2515525062,4714153.472065967,1.0,1
1698,1,1,0.95,K-35-055-2,matched,535267.388,4718432.33,1.0,1
1699,1,0,0.0,K-35-055-2,student_only,522010.9531164882,4723792.983525905,1.0,1
1700,1,0,0.0,K-35-055-2,student_only,522071.54355946963,4723016.3330424195,1.0,1
1701,1,0,0.0,K-35-055-2,student_only,524128.4381712017,4721744.00408522,1.0,1
1702,1,0,0.0,K-35-055-2,student_only,533715.2278232051,4721519.244994266,1.0,1
1703,1,0,0.0,K-35-055-2,student_only,536107.3002571044,4720800.29372799,1.0,1
1704,1,0,0.0,K-35-055-2,student_only,524215.3877830883,4720964.878596997,1.0,1
1705,1,0,0.0,K-35-055-2,student_only,535335.564,4718425.327,1.0,1
1706,1,0,0.0,K-35-055-2,student_only,524622.5563205829,4717024.940392187,1.0,1
1707,1,0,0.0,K-35-055-2,student_only,529520.1871094909,4717006.137485996,1.0,1
1708,1,0,0.0,K-35-055-2,student_only,530587.1067708395,4717428.305384191,1.0,1
1709,1,0,0.0,K-35-055-2,student_only,522901.34905924345,4716011.414621565,1.0,1
1710,1,0,0.0,K-35-055-2,student_only,522826.1657588502,4715959.014129615,1.0,1
1711,1,0,0.0,K-35-055-2,student_only,520466.3539246934,4711823.312273243,1.0,1
1712,1,0,0.0,K-35-055-2,student_only,526012.7059268699,4711941.963443368,1.0,1
1713,0,1,0.3,K-35-055-2,vlm_only,521610.541957391,4717631.689056186,0.278217431962353,0
1714,0,1,1.0,K-35-055-2,vlm_only,526435.2049320732,4715379.237285067,0.278217431962353,0
1715,0,1,0.15,K-35-055-2,vlm_only,531371.5612745004,4718769.49124265,0.278217431962353,0
1716,0,1,0.2,K-35-055-2,vlm_only,521583.74252242636,4720471.730656864,0.278217431962353,0
1717,0,1,0.95,K-35-055-2,vlm_only,525854.6753656721,4714087.18959509,0.278217431962353,0
1718,0,1,0.4,K-35-055-2,vlm_only,532890.3064638705,4718197.43152138,0.278217431962353,0
1719,0,1,1.0,K-35-055-2,vlm_only,522178.2261594094,4716960.565699046,0.278217431962353,0
1720,0,1,0.2,K-35-055-2,vlm_only,534883.8055476755,4722062.065367525,0.278217431962353,0
1721,0,1,0.2,K-35-055-2,vlm_only,536940.8221202994,4719087.508618835,0.278217431962353,0
1722,1,1,0.95,K-35-055-3,matched,511711.95548707305,4696085.030495202,1.0,1
1723,1,1,0.95,K-35-055-3,matched,509088.9066568234,4703980.085500409,1.0,1
1724,1,1,0.2,K-35-055-3,matched,506526.2953903439,4687803.973865467,1.0,1
1725,1,1,1.0,K-35-055-3,matched,511379.6151393949,4696799.648529752,1.0,1
1726,1,1,0.4,K-35-055-3,matched,510658.8122096104,4696422.1251878925,1.0,1
1727,1,1,1.0,K-35-055-3,matched,505954.29130216513,4691777.99378193,1.0,1
1728,1,1,1.0,K-35-055-3,matched,506447.9957889694,4690664.613732299,1.0,1
1729,1,1,0.85,K-35-055-3,matched,505618.70809740474,4700477.505206919,1.0,1
1730,1,1,0.2,K-35-055-3,matched,507296.9148074759,4705216.086294288,1.0,1
1731,1,1,0.85,K-35-055-3,matched,506927.5164297793,4692433.696580173,1.0,1
1732,1,1,1.0,K-35-055-3,matched,507216.9773579442,4692199.355874724,1.0,1
1733,1,1,0.75,K-35-055-3,matched,510100.3755631227,4696598.847653703,1.0,1
1734,1,1,1.0,K-35-055-3,matched,509169.067,4696404.091,1.0,1
1735,1,1,1.0,K-35-055-3,matched,509030.4624599556,4695467.778769683,1.0,1
1736,1,1,0.2,K-35-055-3,matched,509343.405,4694994.519,1.0,1
1737,1,1,1.0,K-35-055-3,matched,500680.3157804702,4697478.104503662,1.0,1
1738,1,1,1.0,K-35-055-3,matched,506011.6575768878,4697535.457267771,1.0,1
1739,1,1,1.0,K-35-055-3,matched,500355.1280101427,4704353.151379853,1.0,1
1740,1,1,1.0,K-35-055-3,matched,500499.0637760495,4703688.613462138,1.0,1
1741,1,1,0.2,K-35-055-3,matched,506632.896,4694534.493,1.0,1
1742,1,1,0.85,K-35-055-3,matched,506081.2496059784,4693742.708903383,1.0,1
1743,1,1,0.85,K-35-055-3,matched,506152.7281903484,4693606.268541629,1.0,1
1744,1,1,0.95,K-35-055-3,matched,510892.27173370746,4698159.481975245,1.0,1
1745,1,1,1.0,K-35-055-3,matched,511254.2242995121,4697609.635870369,1.0,1
1746,1,1,0.35,K-35-055-3,matched,510871.46722252626,4697403.787969869,1.0,1
1747,1,1,0.95,K-35-055-3,matched,510995.64361530653,4697321.707989522,1.0,1
1748,1,1,0.95,K-35-055-3,matched,507798.893498986,4700651.633111572,1.0,1
1749,1,1,0.85,K-35-055-3,matched,509749.222321653,4687219.519807278,1.0,1
1750,1,1,0.85,K-35-055-3,matched,516560.65615852183,4702927.86725246,1.0,1
1751,1,1,1.0,K-35-055-3,matched,515547.5315602542,4702309.5077323895,1.0,1
1752,1,1,0.2,K-35-055-3,matched,512822.2962707195,4694606.612159684,1.0,1
1753,1,1,0.95,K-35-055-3,matched,508437.0145125875,4700330.269998542,1.0,1
1754,1,1,0.75,K-35-055-3,matched,508458.701,4694311.488,1.0,1
1755,1,1,0.95,K-35-055-3,matched,510007.254,4694860.259,1.0,1
1756,1,1,1.0,K-35-055-3,matched,510146.7642048253,4694891.966244917,1.0,1
1757,1,1,0.85,K-35-055-3,matched,505776.4721894582,4689097.876408396,1.0,1
1758,1,1,0.95,K-35-055-3,matched,505275.855,4688815.627,1.0,1
1759,1,1,0.4,K-35-055-3,matched,506004.28100920294,4688526.546886721,1.0,1
1760,1,1,1.0,K-35-055-3,matched,513931.0793120204,4694548.716746583,1.0,1
1761,1,1,1.0,K-35-055-3,matched,502215.7340633869,4691728.084782153,1.0,1
1762,1,1,0.95,K-35-055-3,matched,503043.6873689879,4691116.714333805,1.0,1
1763,1,1,1.0,K-35-055-3,matched,503419.0199153624,4691422.2825218635,1.0,1
1764,1,1,0.2,K-35-055-3,matched,513354.32983864896,4692824.130918282,1.0,1
1765,1,1,1.0,K-35-055-3,matched,507581.6602791118,4688835.057140445,1.0,1
1766,1,1,0.2,K-35-055-3,matched,517376.43881465273,4696539.799637545,1.0,1
1767,1,1,1.0,K-35-055-3,matched,509073.4696059464,4697789.774507581,1.0,1
1768,1,1,1.0,K-35-055-3,matched,509074.3336268242,4697558.396923715,1.0,1
1769,1,1,1.0,K-35-055-3,matched,508711.8511817588,4697096.672918275,1.0,1
1770,1,1,1.0,K-35-055-3,matched,508784.7300103836,4697013.214146054,1.0,1
1771,1,1,0.95,K-35-055-3,matched,514531.7196044384,4698176.27180341,1.0,1
1772,1,1,0.95,K-35-055-3,matched,509558.04203456943,4692887.326540145,1.0,1
1773,1,1,1.0,K-35-055-3,matched,509011.37524400646,4691901.057575708,1.0,1
1774,1,1,1.0,K-35-055-3,matched,509422.94630731584,4693039.735356067,1.0,1
1775,1,1,0.95,K-35-055-3,matched,502493.9534963311,4693804.340164067,1.0,1
1776,1,1,0.95,K-35-055-3,matched,503350.5264107314,4694105.797164938,1.0,1
1777,1,1,1.0,K-35-055-3,matched,517529.33673683746,4692565.122878655,1.0,1
1778,1,1,0.95,K-35-055-3,matched,517822.4395675985,4692323.249517849,1.0,1
1779,1,1,0.75,K-35-055-3,matched,518372.18332658475,4692468.732118082,1.0,1
1780,1,1,1.0,K-35-055-3,matched,519009.5580927398,4702218.154473704,1.0,1
1781,1,1,0.75,K-35-055-3,matched,518654.8914106746,4693409.668293472,1.0,1
1782,1,1,0.95,K-35-055-3,matched,502879.5957004878,4698648.981623098,1.0,1
1783,1,1,0.85,K-35-055-3,matched,501946.162,4696728.284,1.0,1
1784,1,1,0.4,K-35-055-3,matched,501849.79445134616,4695680.560918997,1.0,1
1785,1,1,1.0,K-35-055-3,matched,502262.1530982416,4702759.895824626,1.0,1
1786,1,1,1.0,K-35-055-3,matched,501794.3120021303,4702317.080861191,1.0,1
1787,1,1,1.0,K-35-055-3,matched,502911.41199308477,4701883.595466186,1.0,1
1788,1,1,0.85,K-35-055-3,matched,502369.284190703,4687315.099648071,1.0,1
1789,1,1,1.0,K-35-055-3,matched,518345.2551806531,4693726.4616832575,1.0,1
1790,1,1,0.75,K-35-055-3,matched,503489.3216268188,4694503.804940254,1.0,1
1791,1,1,0.4,K-35-055-3,matched,503990.5586342591,4694767.287859605,1.0,1
1792,1,1,0.2,K-35-055-3,matched,507036.27578972484,4691502.455451163,1.0,1
1793,1,1,1.0,K-35-055-3,matched,507273.3132718741,4690541.277499974,1.0,1
1794,1,1,0.85,K-35-055-3,matched,510410.81824654207,4693192.390004169,1.0,1
1795,1,1,1.0,K-35-055-3,matched,510402.9862821448,4694584.049715665,1.0,1
1796,1,1,0.75,K-35-055-3,matched,510587.514,4694312.347,1.0,1
1797,1,1,1.0,K-35-055-3,matched,510717.2940288536,4693742.439407219,1.0,1
1798,1,1,1.0,K-35-055-3,matched,510816.36194681743,4693624.57531857,1.0,1
1799,1,1,1.0,K-35-055-3,matched,503069.7573835119,4702344.178055722,1.0,1
1800,1,1,0.95,K-35-055-3,matched,519047.25625621696,4693611.993277419,1.0,1
1801,1,0,0.0,K-35-055-3,student_only,501204.305,4703513.062,1.0,1
1802,1,0,0.0,K-35-055-3,student_only,506866.35,4702452.735,1.0,1
1803,1,0,0.0,K-35-055-3,student_only,506288.97751096066,4702260.638560365,1.0,1
1804,1,0,0.0,K-35-055-3,student_only,505132.0061855278,4702114.281413471,1.0,1
1805,1,0,0.0,K-35-055-3,student_only,503290.743522373,4702813.551451374,1.0,1
1806,1,0,0.0,K-35-055-3,student_only,499875.8413763305,4701470.764022031,1.0,1
1807,1,0,0.0,K-35-055-3,student_only,505385.36867764685,4699249.231071675,1.0,1
1808,1,0,0.0,K-35-055-3,student_only,511867.694,4698801.848,1.0,1
1809,1,0,0.0,K-35-055-3,student_only,511592.77221617487,4698654.068898857,1.0,1
1810,1,0,0.0,K-35-055-3,student_only,500598.47224193695,4698705.576704707,1.0,1
1811,1,0,0.0,K-35-055-3,student_only,500406.52028205583,4698605.81243728,1.0,1
1812,1,0,0.0,K-35-055-3,student_only,511325.4111790843,4697117.954734751,1.0,1
1813,1,0,0.0,K-35-055-3,student_only,507277.41517848376,4696095.071739573,1.0,1
1814,1,0,0.0,K-35-055-3,student_only,507149.63935877354,4696515.64396196,1.0,1
1815,1,0,0.0,K-35-055-3,student_only,511862.81130480027,4694845.976559268,1.0,1
1816,1,0,0.0,K-35-055-3,student_only,503688.89825081354,4694681.973655517,1.0,1
1817,1,0,0.0,K-35-055-3,student_only,503867.35315158934,4691841.714244801,1.0,1
1818,1,0,0.0,K-35-055-3,student_only,502306.2479716422,4690346.578618632,1.0,1
1819,1,0,0.0,K-35-055-3,student_only,501921.8800360434,4689958.456393935,1.0,1
1820,1,0,0.0,K-35-055-3,student_only,510553.4034026283,4688637.32276423,1.0,1
1821,1,0,0.0,K-35-055-3,student_only,509845.99941534374,4687401.502647362,1.0,1
1822,1,0,0.0,K-35-055-3,student_only,511714.0403784822,4687645.629270411,1.0,1
1823,0,1,0.2,K-35-055-3,vlm_only,506164.98308997264,4691721.364500054,0.278217431962353,0
1824,0,1,0.7,K-35-055-3,vlm_only,513529.6115245139,4692248.1590078045,0.278217431962353,0
1825,0,1,0.3,K-35-055-3,vlm_only,513524.8288769328,4692124.565882564,0.278217431962353,0
1826,0,1,1.0,K-35-055-3,vlm_only,508484.7107375897,4696855.692284238,0.278217431962353,0
1827,0,1,0.4,K-35-055-3,vlm_only,515274.5126789215,4697804.173315213,0.278217431962353,0
1828,0,1,0.4,K-35-055-3,vlm_only,511586.49643200694,4698470.969489248,0.278217431962353,0
1829,0,1,0.2,K-35-055-3,vlm_only,514540.5979010684,4691727.980985376,0.278217431962353,0
1830,0,1,1.0,K-35-055-3,vlm_only,510144.20003698696,4695081.975735063,0.278217431962353,0
1831,1,1,0.95,K-35-055-4,matched,522115.5787177426,4705016.72969952,1.0,1
1832,1,1,0.2,K-35-055-4,matched,520688.6668018735,4697388.5675051585,1.0,1
1833,1,1,0.95,K-35-055-4,matched,520954.89705044386,4701855.619502746,1.0,1
1834,1,1,1.0,K-35-055-4,matched,521219.6758106107,4701297.598148606,1.0,1
1835,1,1,1.0,K-35-055-4,matched,521316.58883471804,4701111.014949057,1.0,1
1836,1,1,0.75,K-35-055-4,matched,529374.957,4698610.684,1.0,1
1837,1,1,0.95,K-35-055-4,matched,530076.1663489308,4702263.661732766,1.0,1
1838,1,1,1.0,K-35-055-4,matched,526689.1716967961,4695179.973115545,1.0,1
1839,1,1,1.0,K-35-055-4,matched,526584.395,4695050.635,1.0,1
1840,1,1,1.0,K-35-055-4,matched,532664.3854289545,4704092.970039975,1.0,1
1841,1,1,1.0,K-35-055-4,matched,521751.82190021605,4692922.417563848,1.0,1
1842,1,1,1.0,K-35-055-4,matched,530718.8695561297,4698469.193525963,1.0,1
1843,1,1,1.0,K-35-055-4,matched,530704.6821844354,4698387.682390334,1.0,1
1844,1,1,1.0,K-35-055-4,matched,531928.7896900388,4693164.86068794,1.0,1
1845,1,1,0.85,K-35-055-4,matched,534385.956202353,4688377.833378868,1.0,1
1846,1,1,0.95,K-35-055-4,matched,534522.7149544898,4687975.824722024,1.0,1
1847,1,1,1.0,K-35-055-4,matched,525725.4137218698,4703244.357260071,1.0,1
1848,1,1,1.0,K-35-055-4,matched,525946.9181248485,4703266.442120675,1.0,1
1849,1,1,0.85,K-35-055-4,matched,528385.4679252198,4701049.284698514,1.0,1
1850,1,1,1.0,K-35-055-4,matched,535767.9095584477,4696859.490884632,1.0,1
1851,1,1,0.95,K-35-055-4,matched,521493.59515559534,4689880.825600593,1.0,1
1852,1,1,0.4,K-35-055-4,matched,523482.2445548611,4699409.303571244,1.0,1
1853,1,1,0.95,K-35-055-4,matched,534557.5318307799,4694139.371864632,1.0,1
1854,1,1,1.0,K-35-055-4,matched,523852.4202781909,4694701.480480192,1.0,1
1855,1,1,1.0,K-35-055-4,matched,522337.7840681569,4693648.3653862765,1.0,1
1856,1,1,1.0,K-35-055-4,matched,522560.94003595476,4693481.985353441,1.0,1
1857,1,1,0.6,K-35-055-4,matched,523163.9143430525,4698195.245923585,1.0,1
1858,1,1,1.0,K-35-055-4,matched,530491.4842238316,4689805.348332437,1.0,1
1859,1,1,1.0,K-35-055-4,matched,538611.161019804,4693461.425944399,1.0,1
1860,1,1,0.85,K-35-055-4,matched,538704.8793508253,4692112.513474597,1.0,1
1861,1,1,1.0,K-35-055-4,matched,537317.2576889641,4696827.841590104,1.0,1
1862,1,1,1.0,K-35-055-4,matched,536498.7313440605,4693274.204609325,1.0,1
1863,1,1,0.85,K-35-055-4,matched,539290.1324010552,4697036.228889944,1.0,1
1864,1,1,0.85,K-35-055-4,matched,540070.0601843977,4696818.645079352,1.0,1
1865,1,1,0.95,K-35-055-4,matched,535138.634508239,4691738.2696242975,1.0,1
1866,1,1,0.95,K-35-055-4,matched,535366.0965703018,4691395.009333449,1.0,1
1867,1,1,1.0,K-35-055-4,matched,535672.6860039589,4691208.84667023,1.0,1
1868,1,1,0.15,K-35-055-4,matched,540261.0508826742,4696386.970358605,1.0,1
1869,1,1,1.0,K-35-055-4,matched,539233.5054044535,4695937.301262149,1.0,1
1870,1,1,0.95,K-35-055-4,matched,539844.6596872055,4695464.784389003,1.0,1
1871,1,1,1.0,K-35-055-4,matched,537025.4224820907,4690763.748852659,1.0,1
1872,1,1,0.95,K-35-055-4,matched,524301.6174922365,4701432.462376309,1.0,1
1873,1,1,1.0,K-35-055-4,matched,538134.6007257173,4696040.4061710695,1.0,1
1874,1,1,0.95,K-35-055-4,matched,524379.9592657248,4699035.142511196,1.0,1
1875,1,1,0.95,K-35-055-4,matched,525310.4893221282,4702548.6527326815,1.0,1
1876,1,1,0.2,K-35-055-4,matched,536851.4326788965,4696262.28988941,1.0,1
1877,1,1,0.85,K-35-055-4,matched,536714.1101853416,4695994.208653447,1.0,1
1878,1,1,0.95,K-35-055-4,matched,524087.3891928652,4689912.919683851,1.0,1
1879,1,1,0.85,K-35-055-4,matched,535261.0185142899,4692801.060156482,1.0,1
1880,1,1,1.0,K-35-055-4,matched,535529.618,4692421.531,1.0,1
1881,1,1,1.0,K-35-055-4,matched,523264.56429088867,4693085.985487942,1.0,1
1882,1,1,0.95,K-35-055-4,matched,537881.9756331025,4698070.118837942,1.0,1
1883,1,1,0.95,K-35-055-4,matched,537711.883988977,4697609.020823432,1.0,1
1884,1,1,0.85,K-35-055-4,matched,522399.699,4690206.516,1.0,1
1885,1,1,1.0,K-35-055-4,matched,523731.1048568528,4689830.502707495,1.0,1
1886,1,1,0.95,K-35-055-4,matched,532495.2221502631,4703392.741490732,1.0,1
1887,1,1,1.0,K-35-055-4,matched,539430.2927973538,4691598.483812081,1.0,1
1888,1,1,0.85,K-35-055-4,matched,539284.9939968757,4691269.178239143,1.0,1
1889,1,1,0.95,K-35-055-4,matched,539416.5158387441,4691244.7626682585,1.0,1
1890,1,1,0.95,K-35-055-4,matched,539361.9069660234,4691157.443336522,1.0,1
1891,1,0,0.0,K-35-055-4,student_only,523380.93378650397,4703826.424020264,1.0,1
1892,1,0,0.0,K-35-055-4,student_only,523087.6833090485,4703873.5823939415,1.0,1
1893,1,0,0.0,K-35-055-4,student_only,523043.0333935174,4703791.778340175,1.0,1
1894,1,0,0.0,K-35-055-4,student_only,529179.1870042287,4700373.225523155,1.0,1
1895,1,0,0.0,K-35-055-4,student_only,526883.4533529124,4697001.4600295685,1.0,1
1896,1,0,0.0,K-35-055-4,student_only,536961.539,4696426.739,1.0,1
1897,1,0,0.0,K-35-055-4,student_only,540034.364,4696000.622,1.0,1
1898,1,0,0.0,K-35-055-4,student_only,538244.5076235719,4693030.411455302,1.0,1
1899,1,0,0.0,K-35-055-4,student_only,522465.6216665941,4693634.415440692,1.0,1
1900,1,0,0.0,K-35-055-4,student_only,522212.621,4693682.264,1.0,1
1901,1,0,0.0,K-35-055-4,student_only,522154.04420717317,4693834.305537758,1.0,1
1902,1,0,0.0,K-35-055-4,student_only,521913.96527751617,4693628.202615195,1.0,1
1903,1,0,0.0,K-35-055-4,student_only,523955.998,4690306.997,1.0,1
1904,1,0,0.0,K-35-055-4,student_only,531968.9136165679,4689122.178388631,1.0,1
1905,1,0,0.0,K-35-055-4,student_only,532010.1132861705,4689373.4985663565,1.0,1
1906,1,0,0.0,K-35-055-4,student_only,531775.1204140094,4689260.909374331,1.0,1
1907,1,0,0.0,K-35-055-4,student_only,527429.3878746431,4689724.169689379,1.0,1
1908,0,1,1.0,K-35-055-4,vlm_only,535578.7513207744,4692429.800396535,0.278217431962353,0
1909,0,1,0.2,K-35-055-4,vlm_only,531007.7743697116,4690209.0432972545,0.278217431962353,0
1910,1,1,1.0,K-35-056-3,matched,546074.5794931108,4693537.850797604,1.0,1
1911,1,1,1.0,K-35-056-3,matched,556968.4178452559,4694670.534761258,1.0,1
1912,1,1,0.85,K-35-056-3,matched,557513.2618718547,4694115.775697522,1.0,1
1913,1,1,1.0,K-35-056-3,matched,554289.2614206342,4694025.391659916,1.0,1
1914,1,1,0.4,K-35-056-3,matched,550582.321267781,4697812.346151172,1.0,1
1915,1,1,0.95,K-35-056-3,matched,544944.786,4698770.467,1.0,1
1916,1,1,0.4,K-35-056-3,matched,553034.1612471129,4697470.734618584,1.0,1
1917,1,1,1.0,K-35-056-3,matched,558277.0250439361,4692042.841404146,1.0,1
1918,1,1,0.95,K-35-056-3,matched,551707.0325513469,4698452.766940988,1.0,1
1919,1,1,0.85,K-35-056-3,matched,557381.192,4693294.722,1.0,1
1920,1,1,1.0,K-35-056-3,matched,559133.6906461202,4694926.478083944,1.0,1
1921,1,1,0.2,K-35-056-3,matched,559791.0383934778,4695460.627030193,1.0,1
1922,1,0,0.0,K-35-056-3,student_only,543713.804,4690375.137,1.0,1
1923,1,0,0.0,K-35-056-3,student_only,553587.7788993197,4692269.544466336,1.0,1
1924,1,0,0.0,K-35-056-3,student_only,543586.21344659,4693304.058498551,1.0,1
1925,1,0,0.0,K-35-056-3,student_only,555722.9918661247,4693680.528419306,1.0,1
1926,1,0,0.0,K-35-056-3,student_only,553610.934,4694937.664,1.0,1
1927,1,0,0.0,K-35-056-3,student_only,546573.2597240425,4698001.093451455,1.0,1
1928,0,1,0.15,K-35-056-3,vlm_only,541715.6657942043,4691131.7670799075,0.278217431962353,0
1929,0,1,0.85,K-35-056-3,vlm_only,544914.7360286573,4698767.253198382,0.278217431962353,0
1930,1,1,1.0,K-35-062-4_Asenovgrad_4326,matched,314231.58780956885,4665196.5366692655,1.0,1
1931,1,1,0.95,K-35-062-4_Asenovgrad_4326,matched,320628.18131612334,4663365.508654012,1.0,1
1932,1,1,0.95,K-35-062-4_Asenovgrad_4326,matched,318794.0554678315,4663994.349774474,1.0,1
1933,1,1,1.0,K-35-062-4_Asenovgrad_4326,matched,322284.5654536551,4670068.529884745,1.0,1
1934,1,1,1.0,K-35-062-4_Asenovgrad_4326,matched,322525.65251238964,4669932.103776456,1.0,1
1935,1,1,0.85,K-35-062-4_Asenovgrad_4326,matched,322208.2798903222,4660518.825181657,1.0,1
1936,1,1,0.95,K-35-062-4_Asenovgrad_4326,matched,314008.4997630602,4661900.23610116,1.0,1
1937,1,1,0.4,K-35-062-4_Asenovgrad_4326,matched,318680.3922217198,4668067.634497389,1.0,1
1938,1,1,1.0,K-35-062-4_Asenovgrad_4326,matched,318373.192602282,4666311.678677602,1.0,1
1939,1,1,1.0,K-35-062-4_Asenovgrad_4326,matched,326300.6081977993,4655649.470031711,1.0,1
1940,1,1,0.95,K-35-062-4_Asenovgrad_4326,matched,318614.9949920031,4655531.721923463,1.0,1
1941,1,1,0.85,K-35-062-4_Asenovgrad_4326,matched,325070.15394689655,4657367.59663558,1.0,1
1942,1,1,0.95,K-35-062-4_Asenovgrad_4326,matched,326685.84004299773,4656445.485897,1.0,1
1943,1,1,1.0,K-35-062-4_Asenovgrad_4326,matched,326810.4183568192,4655895.651555425,1.0,1
1944,1,1,1.0,K-35-062-4_Asenovgrad_4326,matched,331141.45925464534,4660125.926531619,1.0,1
1945,1,1,0.95,K-35-062-4_Asenovgrad_4326,matched,331238.94299254066,4660482.495957335,1.0,1
1946,1,1,1.0,K-35-062-4_Asenovgrad_4326,matched,331588.5697018079,4652204.586328584,1.0,1
1947,1,1,0.85,K-35-062-4_Asenovgrad_4326,matched,329757.50515139,4659298.23668979,1.0,1
1948,1,1,1.0,K-35-062-4_Asenovgrad_4326,matched,331788.72342565516,4655773.21983748,1.0,1
1949,1,1,0.85,K-35-062-4_Asenovgrad_4326,matched,330739.34914135,4654990.616425941,1.0,1
1950,1,1,1.0,K-35-062-4_Asenovgrad_4326,matched,330840.41275110247,4654951.698439078,1.0,1
1951,1,1,0.95,K-35-062-4_Asenovgrad_4326,matched,328745.6484294873,4652349.871647458,1.0,1
1952,1,1,0.4,K-35-062-4_Asenovgrad_4326,matched,329915.13550298905,4652115.3882612325,1.0,1
1953,1,1,0.4,K-35-062-4_Asenovgrad_4326,matched,325144.8744394884,4670287.6588146575,1.0,1
1954,1,1,0.75,K-35-062-4_Asenovgrad_4326,matched,325066.298,4670065.156,1.0,1
1955,1,1,0.75,K-35-062-4_Asenovgrad_4326,matched,325083.5094272865,4669943.662238889,1.0,1
1956,1,1,1.0,K-35-062-4_Asenovgrad_4326,matched,325178.61300522904,4653101.79997925,1.0,1
1957,1,1,1.0,K-35-062-4_Asenovgrad_4326,matched,325264.375909158,4653078.011374179,1.0,1
1958,1,1,0.85,K-35-062-4_Asenovgrad_4326,matched,315505.8051562151,4665325.808725767,1.0,1
1959,1,1,1.0,K-35-062-4_Asenovgrad_4326,matched,331491.03127955913,4652968.912937789,1.0,1
1960,1,1,1.0,K-35-062-4_Asenovgrad_4326,matched,333026.323,4662241.449,1.0,1
1961,1,1,1.0,K-35-062-4_Asenovgrad_4326,matched,331551.3031094107,4666954.123571029,1.0,1
1962,1,1,1.0,K-35-062-4_Asenovgrad_4326,matched,324930.727,4659242.191,1.0,1
1963,1,1,1.0,K-35-062-4_Asenovgrad_4326,matched,327856.78727864556,4656678.50287264,1.0,1
1964,1,1,1.0,K-35-062-4_Asenovgrad_4326,matched,327693.01535772806,4656580.919704719,1.0,1
1965,1,1,0.2,K-35-062-4_Asenovgrad_4326,matched,333411.82566810073,4665887.65864125,1.0,1
1966,1,1,0.85,K-35-062-4_Asenovgrad_4326,matched,334150.7800394083,4659784.686085525,1.0,1
1967,1,1,1.0,K-35-062-4_Asenovgrad_4326,matched,328471.50782165874,4666500.0274822265,1.0,1
1968,1,1,0.4,K-35-062-4_Asenovgrad_4326,matched,332381.9067795145,4653401.355452499,1.0,1
1969,1,1,0.4,K-35-062-4_Asenovgrad_4326,matched,332681.8628390833,4653303.917939785,1.0,1
1970,1,1,0.2,K-35-062-4_Asenovgrad_4326,matched,333164.42700627923,4655656.489025992,1.0,1
1971,1,1,1.0,K-35-062-4_Asenovgrad_4326,matched,332713.49971579935,4654410.500121832,1.0,1
1972,1,1,0.85,K-35-062-4_Asenovgrad_4326,matched,331243.6524561565,4656150.818676855,1.0,1
1973,1,1,1.0,K-35-062-4_Asenovgrad_4326,matched,317747.01631536207,4665933.517749099,1.0,1
1974,1,1,0.95,K-35-062-4_Asenovgrad_4326,matched,333945.6515512777,4669456.637129513,1.0,1
1975,1,1,1.0,K-35-062-4_Asenovgrad_4326,matched,333794.2743171657,4665943.227806255,1.0,1
1976,1,1,0.95,K-35-062-4_Asenovgrad_4326,matched,332222.4445227834,4660390.59111366,1.0,1
1977,1,1,0.85,K-35-062-4_Asenovgrad_4326,matched,333186.82275245443,4659333.046758887,1.0,1
1978,1,1,0.2,K-35-062-4_Asenovgrad_4326,matched,317883.1189649984,4661241.110618003,1.0,1
1979,1,1,1.0,K-35-062-4_Asenovgrad_4326,matched,324949.0461970779,4659418.0549127,1.0,1
1980,1,1,0.95,K-35-062-4_Asenovgrad_4326,matched,327150.636413542,4662400.678456036,1.0,1
1981,1,1,0.2,K-35-062-4_Asenovgrad_4326,matched,326989.7490519561,4662075.75609493,1.0,1
1982,1,1,0.3,K-35-062-4_Asenovgrad_4326,matched,327608.774,4661903.739,1.0,1
1983,1,1,1.0,K-35-062-4_Asenovgrad_4326,matched,325350.5744751132,4660355.356222999,1.0,1
1984,1,1,1.0,K-35-062-4_Asenovgrad_4326,matched,325610.02025182085,4660531.670410149,1.0,1
1985,1,1,0.95,K-35-062-4_Asenovgrad_4326,matched,325604.7116194307,4660390.260476775,1.0,1
1986,1,0,0.0,K-35-062-4_Asenovgrad_4326,student_only,319156.597,4667266.961,1.0,1
1987,1,0,0.0,K-35-062-4_Asenovgrad_4326,student_only,320122.33431738475,4665286.752594901,1.0,1
1988,1,0,0.0,K-35-062-4_Asenovgrad_4326,student_only,319610.70309864555,4665607.752547102,1.0,1
1989,1,0,0.0,K-35-062-4_Asenovgrad_4326,student_only,315262.4394140851,4665835.630992032,1.0,1
1990,1,0,0.0,K-35-062-4_Asenovgrad_4326,student_only,329638.2874819208,4664738.170361359,1.0,1
1991,1,0,0.0,K-35-062-4_Asenovgrad_4326,student_only,320234.5543663894,4660103.552072559,1.0,1
1992,1,0,0.0,K-35-062-4_Asenovgrad_4326,student_only,324926.82322450826,4659524.6713772435,1.0,1
1993,1,0,0.0,K-35-062-4_Asenovgrad_4326,student_only,321360.4336585224,4659679.715368427,1.0,1
1994,1,0,0.0,K-35-062-4_Asenovgrad_4326,student_only,324325.47902246984,4655918.550322853,1.0,1
1995,1,0,0.0,K-35-062-4_Asenovgrad_4326,student_only,319760.70152823976,4654648.939264874,1.0,1
1996,1,0,0.0,K-35-062-4_Asenovgrad_4326,student_only,328227.1905584855,4653529.450365016,1.0,1
1997,1,0,0.0,K-35-062-4_Asenovgrad_4326,student_only,332932.8789785016,4652757.197934867,1.0,1
1998,1,0,0.0,K-35-062-4_Asenovgrad_4326,student_only,334642.4645493902,4670667.010941438,1.0,1
1999,1,0,0.0,K-35-062-4_Asenovgrad_4326,student_only,334404.21661155403,4670688.7387820445,1.0,1
2000,1,0,0.0,K-35-062-4_Asenovgrad_4326,student_only,318123.0814134607,4670753.557897512,1.0,1
2001,1,0,0.0,K-35-062-4_Asenovgrad_4326,student_only,318434.07992600126,4662138.143377003,1.0,1
2002,0,1,1.0,K-35-062-4_Asenovgrad_4326,vlm_only,321988.2875318617,4658697.115794099,0.278217431962353,0
2003,0,1,0.2,K-35-062-4_Asenovgrad_4326,vlm_only,321301.9008888416,4659873.847891759,0.278217431962353,0
2004,0,1,0.85,K-35-062-4_Asenovgrad_4326,vlm_only,319885.22430240596,4665360.683683496,0.278217431962353,0
2005,0,1,1.0,K-35-062-4_Asenovgrad_4326,vlm_only,319163.79136037955,4667319.376345948,0.278217431962353,0
2006,0,1,0.85,K-35-062-4_Asenovgrad_4326,vlm_only,325226.61310379376,4658388.371298159,0.278217431962353,0
2007,0,1,0.2,K-35-062-4_Asenovgrad_4326,vlm_only,319424.4066107621,4654798.2419201005,0.278217431962353,0
2008,0,1,1.0,K-35-062-4_Asenovgrad_4326,vlm_only,326977.5377289063,4658046.4587799115,0.278217431962353,0
2009,0,1,0.85,K-35-062-4_Asenovgrad_4326,vlm_only,327688.0984537089,4658401.979923186,0.278217431962353,0
2010,0,1,0.85,K-35-062-4_Asenovgrad_4326,vlm_only,328403.798913337,4658832.549603742,0.278217431962353,0
2011,0,1,1.0,K-35-062-4_Asenovgrad_4326,vlm_only,328665.77717656665,4652076.855863928,0.278217431962353,0
2012,0,1,0.95,K-35-062-4_Asenovgrad_4326,vlm_only,316395.458975604,4657527.16567958,0.278217431962353,0
2013,0,1,0.95,K-35-062-4_Asenovgrad_4326,vlm_only,328452.2789525547,4656600.9860240035,0.278217431962353,0
2014,0,1,1.0,K-35-062-4_Asenovgrad_4326,vlm_only,317418.5575698416,4662085.761942946,0.278217431962353,0
2015,0,1,0.95,K-35-062-4_Asenovgrad_4326,vlm_only,317282.92899069993,4657434.415334103,0.278217431962353,0
2016,0,1,1.0,K-35-062-4_Asenovgrad_4326,vlm_only,325079.18809407344,4670158.236894839,0.278217431962353,0
2017,0,1,0.2,K-35-062-4_Asenovgrad_4326,vlm_only,332706.36379340914,4652114.655098779,0.278217431962353,0
2018,1,1,1.0,K-35-063-1_Granit_4326,matched,342324.13763717905,4688289.842356092,1.0,1
2019,1,1,0.2,K-35-063-1_Granit_4326,matched,342326.3187271793,4688196.491488397,1.0,1
2020,1,1,0.95,K-35-063-1_Granit_4326,matched,341594.40465335036,4688084.906985609,1.0,1
2021,1,1,0.95,K-35-063-1_Granit_4326,matched,340724.12514598476,4673773.850957927,1.0,1
2022,1,1,1.0,K-35-063-1_Granit_4326,matched,340730.2108116913,4673624.893752148,1.0,1
2023,1,1,0.2,K-35-063-1_Granit_4326,matched,340544.36854349554,4673419.283889069,1.0,1
2024,1,1,1.0,K-35-063-1_Granit_4326,matched,340810.79963843507,4673273.56718711,1.0,1
2025,1,1,0.95,K-35-063-1_Granit_4326,matched,335617.33433207386,4683518.477331885,1.0,1
2026,1,1,0.95,K-35-063-1_Granit_4326,matched,336030.5919938632,4673754.000698654,1.0,1
2027,1,1,0.4,K-35-063-1_Granit_4326,matched,335063.46266345464,4678367.775708786,1.0,1
2028,1,1,1.0,K-35-063-1_Granit_4326,matched,334989.1264624387,4677482.1880225325,1.0,1
2029,1,1,1.0,K-35-063-1_Granit_4326,matched,335262.1172504211,4677364.989140338,1.0,1
2030,1,1,0.95,K-35-063-1_Granit_4326,matched,343952.4548280352,4687825.376194351,1.0,1
2031,1,1,1.0,K-35-063-1_Granit_4326,matched,341167.75497759454,4678674.619649496,1.0,1
2032,1,1,0.85,K-35-063-1_Granit_4326,matched,342879.174,4677233.693,1.0,1
2033,1,1,0.95,K-35-063-1_Granit_4326,matched,339784.7246035442,4682264.755819071,1.0,1
2034,1,1,1.0,K-35-063-1_Granit_4326,matched,340920.1984805466,4671836.671185553,1.0,1
2035,1,1,0.85,K-35-063-1_Granit_4326,matched,341075.7793377106,4671711.693256326,1.0,1
2036,1,1,0.95,K-35-063-1_Granit_4326,matched,340553.8175997267,4671313.180919905,1.0,1
2037,1,1,1.0,K-35-063-1_Granit_4326,matched,342494.045,4681906.671,1.0,1
2038,1,1,0.95,K-35-063-1_Granit_4326,matched,342508.624,4681836.208,1.0,1
2039,1,1,1.0,K-35-063-1_Granit_4326,matched,344145.7963482947,4682176.698160529,1.0,1
2040,1,1,1.0,K-35-063-1_Granit_4326,matched,343733.77792988566,4678508.430555981,1.0,1
2041,1,1,0.95,K-35-063-1_Granit_4326,matched,339631.08752857294,4677700.893406711,1.0,1
2042,1,1,0.95,K-35-063-1_Granit_4326,matched,339682.61159049463,4677516.710931107,1.0,1
2043,1,1,0.95,K-35-063-1_Granit_4326,matched,340573.3004538462,4677334.166490255,1.0,1
2044,1,1,0.95,K-35-063-1_Granit_4326,matched,340649.054932479,4677295.741884813,1.0,1
2045,1,1,1.0,K-35-063-1_Granit_4326,matched,349168.1601635271,4686627.693296652,1.0,1
2046,1,1,0.85,K-35-063-1_Granit_4326,matched,348515.365358487,4686100.038939768,1.0,1
2047,1,1,0.95,K-35-063-1_Granit_4326,matched,341058.4987731153,4677002.641877019,1.0,1
2048,1,1,0.95,K-35-063-1_Granit_4326,matched,342785.4300203781,4675814.687330302,1.0,1
2049,1,1,1.0,K-35-063-1_Granit_4326,matched,341216.1762094904,4679070.010970975,1.0,1
2050,1,1,1.0,K-35-063-1_Granit_4326,matched,342085.5379175906,4674183.236587184,1.0,1
2051,1,1,1.0,K-35-063-1_Granit_4326,matched,347448.33497095376,4669924.427362366,1.0,1
2052,1,1,1.0,K-35-063-1_Granit_4326,matched,343668.465,4671921.711,1.0,1
2053,1,1,0.3,K-35-063-1_Granit_4326,matched,343709.46,4671857.476,1.0,1
2054,1,1,0.85,K-35-063-1_Granit_4326,matched,343632.2665112351,4671768.181567743,1.0,1
2055,1,1,0.85,K-35-063-1_Granit_4326,matched,342425.26385713887,4685710.001610014,1.0,1
2056,1,1,1.0,K-35-063-1_Granit_4326,matched,343456.4409774985,4676214.345795227,1.0,1
2057,1,1,1.0,K-35-063-1_Granit_4326,matched,347380.924,4674963.264,1.0,1
2058,1,1,0.95,K-35-063-1_Granit_4326,matched,347550.6774122656,4674945.286939277,1.0,1
2059,1,1,0.2,K-35-063-1_Granit_4326,matched,347622.3087642498,4674727.40290538,1.0,1
2060,1,1,0.2,K-35-063-1_Granit_4326,matched,347450.2362347003,4674516.800112079,1.0,1
2061,1,1,1.0,K-35-063-1_Granit_4326,matched,347221.864,4674191.862,1.0,1
2062,1,1,0.85,K-35-063-1_Granit_4326,matched,347450.9604603312,4673803.753077815,1.0,1
2063,1,1,1.0,K-35-063-1_Granit_4326,matched,341806.0517170225,4673509.120216578,1.0,1
2064,1,1,1.0,K-35-063-1_Granit_4326,matched,335123.8246778872,4671950.698998714,1.0,1
2065,1,1,0.4,K-35-063-1_Granit_4326,matched,335742.75890323607,4671337.165704507,1.0,1
2066,1,1,0.95,K-35-063-1_Granit_4326,matched,335814.07941749133,4671290.790157155,1.0,1
2067,1,1,1.0,K-35-063-1_Granit_4326,matched,335828.8338704887,4671144.904065564,1.0,1
2068,1,1,0.85,K-35-063-1_Granit_4326,matched,335990.19915821974,4670975.333697704,1.0,1
2069,1,1,1.0,K-35-063-1_Granit_4326,matched,339634.9966282542,4682655.693225645,1.0,1
2070,1,1,1.0,K-35-063-1_Granit_4326,matched,339595.6744467139,4682523.317966809,1.0,1
2071,1,1,0.85,K-35-063-1_Granit_4326,matched,344889.1951425966,4677215.679399049,1.0,1
2072,1,1,0.2,K-35-063-1_Granit_4326,matched,346030.34853766666,4677119.809317823,1.0,1
2073,1,1,1.0,K-35-063-1_Granit_4326,matched,346314.0721786985,4676805.385358425,1.0,1
2074,1,1,0.2,K-35-063-1_Granit_4326,matched,346036.18733503914,4676735.801953723,1.0,1
2075,1,1,1.0,K-35-063-1_Granit_4326,matched,344766.9929106614,4676021.846400915,1.0,1
2076,1,1,1.0,K-35-063-1_Granit_4326,matched,350423.65108057705,4669942.609549422,1.0,1
2077,1,1,0.85,K-35-063-1_Granit_4326,matched,348612.2227303997,4670192.402816668,1.0,1
2078,1,1,1.0,K-35-063-1_Granit_4326,matched,335556.722,4672800.353,1.0,1
2079,1,1,0.85,K-35-063-1_Granit_4326,matched,335568.86684091704,4672458.987590852,1.0,1
2080,1,1,1.0,K-35-063-1_Granit_4326,matched,346099.708,4672736.119,1.0,1
2081,1,1,0.95,K-35-063-1_Granit_4326,matched,346083.83,4672656.583,1.0,1
2082,1,1,0.95,K-35-063-1_Granit_4326,matched,346148.476,4672665.832,1.0,1
2083,1,1,0.2,K-35-063-1_Granit_4326,matched,345563.4431509817,4672185.792086321,1.0,1
2084,1,1,0.95,K-35-063-1_Granit_4326,matched,345297.136,4671951.591,1.0,1
2085,1,1,1.0,K-35-063-1_Granit_4326,matched,351485.23415896285,4676954.711106431,1.0,1
2086,1,1,0.95,K-35-063-1_Granit_4326,matched,351748.193788308,4677037.293090094,1.0,1
2087,1,1,1.0,K-35-063-1_Granit_4326,matched,351837.49259508564,4677044.528005929,1.0,1
2088,1,1,1.0,K-35-063-1_Granit_4326,matched,340943.71354960103,4679054.115178861,1.0,1
2089,1,1,1.0,K-35-063-1_Granit_4326,matched,350996.5327087991,4673717.019512241,1.0,1
2090,1,1,0.2,K-35-063-1_Granit_4326,matched,350044.343858744,4670539.920810128,1.0,1
2091,1,1,1.0,K-35-063-1_Granit_4326,matched,347248.1961249671,4681525.358624227,1.0,1
2092,1,1,1.0,K-35-063-1_Granit_4326,matched,347846.5629850029,4682332.684949417,1.0,1
2093,1,1,1.0,K-35-063-1_Granit_4326,matched,347634.2698548216,4681915.268124199,1.0,1
2094,1,1,1.0,K-35-063-1_Granit_4326,matched,352887.7516722126,4687581.092300818,1.0,1
2095,1,1,0.75,K-35-063-1_Granit_4326,matched,336352.58434451674,4670432.539195635,1.0,1
2096,1,1,0.95,K-35-063-1_Granit_4326,matched,337079.75427145045,4670402.907046231,1.0,1
2097,1,1,0.95,K-35-063-1_Granit_4326,matched,336379.33955921856,4670259.169530156,1.0,1
2098,1,1,1.0,K-35-063-1_Granit_4326,matched,336578.6087290365,4680368.25820659,1.0,1
2099,1,1,1.0,K-35-063-1_Granit_4326,matched,336691.73071378353,4680354.515275293,1.0,1
2100,1,1,1.0,K-35-063-1_Granit_4326,matched,336419.04573632823,4679911.657012163,1.0,1
2101,1,1,0.95,K-35-063-1_Granit_4326,matched,336426.126,4679830.946,1.0,1
2102,1,1,0.95,K-35-063-1_Granit_4326,matched,336505.517,4679842.339,1.0,1
2103,1,1,0.95,K-35-063-1_Granit_4326,matched,345204.6485580257,4671939.993617765,1.0,1
2104,1,1,1.0,K-35-063-1_Granit_4326,matched,344749.05804242304,4671738.702310889,1.0,1
2105,1,1,0.2,K-35-063-1_Granit_4326,matched,345212.7544173798,4671015.819650347,1.0,1
2106,1,1,0.2,K-35-063-1_Granit_4326,matched,346280.864,4670926.591,1.0,1
2107,1,1,0.85,K-35-063-1_Granit_4326,matched,354572.77125975315,4688158.192443993,1.0,1
2108,1,1,1.0,K-35-063-1_Granit_4326,matched,351380.0069097546,4674573.979033515,1.0,1
2109,1,1,0.75,K-35-063-1_Granit_4326,matched,336972.5018600065,4687140.674244104,1.0,1
2110,1,1,1.0,K-35-063-1_Granit_4326,matched,353268.72195089713,4678207.741867509,1.0,1
2111,1,1,0.85,K-35-063-1_Granit_4326,matched,353389.3890435932,4678008.06564405,1.0,1
2112,1,1,1.0,K-35-063-1_Granit_4326,matched,336704.66667243117,4681830.368636971,1.0,1
2113,1,1,1.0,K-35-063-1_Granit_4326,matched,337350.83419607306,4681010.112711787,1.0,1
2114,1,1,1.0,K-35-063-1_Granit_4326,matched,351390.58720773953,4681994.354203733,1.0,1
2115,1,1,1.0,K-35-063-1_Granit_4326,matched,352351.8481258056,4681761.98113366,1.0,1
2116,1,1,1.0,K-35-063-1_Granit_4326,matched,352814.207893431,4681549.730142193,1.0,1
2117,1,1,0.85,K-35-063-1_Granit_4326,matched,353033.8654737531,4681481.880334258,1.0,1
2118,1,1,0.95,K-35-063-1_Granit_4326,matched,353045.88561887026,4681940.378922116,1.0,1
2119,1,1,0.95,K-35-063-1_Granit_4326,matched,336877.59746187465,4674924.159808723,1.0,1
2120,1,1,1.0,K-35-063-1_Granit_4326,matched,336674.62990528106,4674533.066617703,1.0,1
2121,1,1,0.85,K-35-063-1_Granit_4326,matched,336585.2582175075,4674029.083076074,1.0,1
2122,1,1,1.0,K-35-063-1_Granit_4326,matched,354192.975,4685508.405,1.0,1
2123,1,1,1.0,K-35-063-1_Granit_4326,matched,353350.40416892315,4685041.288863596,1.0,1
2124,1,1,1.0,K-35-063-1_Granit_4326,matched,337265.22602230264,4684532.58761706,1.0,1
2125,1,1,1.0,K-35-063-1_Granit_4326,matched,336612.6272229081,4683854.124598478,1.0,1
2126,1,1,1.0,K-35-063-1_Granit_4326,matched,339652.4922098323,4675622.810138686,1.0,1
2127,1,1,1.0,K-35-063-1_Granit_4326,matched,340357.8447651372,4675762.10108232,1.0,1
2128,1,1,1.0,K-35-063-1_Granit_4326,matched,338395.9246729652,4688336.758118327,1.0,1
2129,1,1,1.0,K-35-063-1_Granit_4326,matched,338275.91346127086,4687900.530838644,1.0,1
2130,1,1,0.2,K-35-063-1_Granit_4326,matched,338521.6260561545,4677513.039853213,1.0,1
2131,1,1,1.0,K-35-063-1_Granit_4326,matched,338658.09302086744,4677472.042575988,1.0,1
2132,1,1,1.0,K-35-063-1_Granit_4326,matched,338566.9934711257,4676934.328475986,1.0,1
2133,1,1,0.75,K-35-063-1_Granit_4326,matched,345663.07724298607,4679953.076839832,1.0,1
2134,1,1,0.85,K-35-063-1_Granit_4326,matched,345793.48208445736,4679768.960565399,1.0,1
2135,1,1,1.0,K-35-063-1_Granit_4326,matched,345560.8927499534,4679258.549129535,1.0,1
2136,1,1,0.85,K-35-063-1_Granit_4326,matched,345659.29058724816,4679272.394683905,1.0,1
2137,1,1,0.4,K-35-063-1_Granit_4326,matched,351888.4337188689,4678596.649993182,1.0,1
2138,1,1,0.95,K-35-063-1_Granit_4326,matched,353293.4616111169,4671953.027359453,1.0,1
2139,1,1,1.0,K-35-063-1_Granit_4326,matched,354053.69,4671950.147,1.0,1
2140,1,1,0.95,K-35-063-1_Granit_4326,matched,351052.3022657652,4678690.186553842,1.0,1
2141,1,1,1.0,K-35-063-1_Granit_4326,matched,353991.8044794429,4682154.45985651,1.0,1
2142,1,1,1.0,K-35-063-1_Granit_4326,matched,346202.7751228206,4678475.208831035,1.0,1
2143,1,1,1.0,K-35-063-1_Granit_4326,matched,347119.2385922519,4678312.259485901,1.0,1
2144,1,1,1.0,K-35-063-1_Granit_4326,matched,346167.31177132,4677738.244373538,1.0,1
2145,1,1,0.85,K-35-063-1_Granit_4326,matched,346939.59885285975,4672614.732711804,1.0,1
2146,1,1,0.65,K-35-063-1_Granit_4326,matched,346357.4494729164,4672034.432094584,1.0,1
2147,1,1,1.0,K-35-063-1_Granit_4326,matched,338186.3624474037,4670341.370171012,1.0,1
2148,1,1,0.85,K-35-063-1_Granit_4326,matched,346520.4841079418,4676589.60965903,1.0,1
2149,1,1,0.85,K-35-063-1_Granit_4326,matched,346932.88644998404,4676844.199115498,1.0,1
2150,1,1,1.0,K-35-063-1_Granit_4326,matched,346858.2353235682,4676771.120750305,1.0,1
2151,1,1,1.0,K-35-063-1_Granit_4326,matched,347081.295744375,4676587.756288915,1.0,1
2152,1,1,0.95,K-35-063-1_Granit_4326,matched,346405.125796997,4675728.0119405165,1.0,1
2153,1,1,0.95,K-35-063-1_Granit_4326,matched,353068.56365007104,4673082.786921725,1.0,1
2154,1,1,1.0,K-35-063-1_Granit_4326,matched,353694.0462443222,4672836.900125871,1.0,1
2155,1,1,0.85,K-35-063-1_Granit_4326,matched,353636.3981480787,4672538.811773302,1.0,1
2156,1,1,0.95,K-35-063-1_Granit_4326,matched,353603.3655994906,4672392.547398185,1.0,1
2157,1,1,0.4,K-35-063-1_Granit_4326,matched,352981.9916770397,4672483.148133702,1.0,1
2158,1,1,1.0,K-35-063-1_Granit_4326,matched,345957.09515354724,4678193.242085217,1.0,1
2159,1,1,0.95,K-35-063-1_Granit_4326,matched,349607.7880786133,4682409.479990445,1.0,1
2160,1,1,0.15,K-35-063-1_Granit_4326,matched,350896.5280747365,4682196.874196397,1.0,1
2161,1,1,1.0,K-35-063-1_Granit_4326,matched,337288.9308560779,4673484.817059881,1.0,1
2162,1,1,0.2,K-35-063-1_Granit_4326,matched,336740.83669705177,4672318.079478771,1.0,1
2163,1,1,0.95,K-35-063-1_Granit_4326,matched,346563.65612896916,4686190.000801354,1.0,1
2164,1,1,1.0,K-35-063-1_Granit_4326,matched,339196.5599591099,4685024.115681382,1.0,1
2165,1,1,1.0,K-35-063-1_Granit_4326,matched,355248.2291136627,4671806.74740829,1.0,1
2166,1,1,1.0,K-35-063-1_Granit_4326,matched,343032.1942806511,4674262.470306131,1.0,1
2167,1,1,0.85,K-35-063-1_Granit_4326,matched,338997.8497524656,4671203.937700844,1.0,1
2168,1,1,1.0,K-35-063-1_Granit_4326,matched,338785.49213211745,4671209.208283167,1.0,1
2169,1,1,1.0,K-35-063-1_Granit_4326,matched,338706.7551668911,4671059.335388223,1.0,1
2170,1,1,0.2,K-35-063-1_Granit_4326,matched,338575.39006265416,4670743.220104798,1.0,1
2171,1,1,1.0,K-35-063-1_Granit_4326,matched,338298.8126635972,4670656.674558759,1.0,1
2172,1,1,0.4,K-35-063-1_Granit_4326,matched,337652.8299892142,4670853.234120438,1.0,1
2173,1,1,1.0,K-35-063-1_Granit_4326,matched,337732.0071013883,4670839.733867926,1.0,1
2174,1,1,1.0,K-35-063-1_Granit_4326,matched,339084.78978274646,4670647.206164162,1.0,1
2175,1,1,1.0,K-35-063-1_Granit_4326,matched,339228.1495313984,4679872.140527271,1.0,1
2176,1,1,1.0,K-35-063-1_Granit_4326,matched,346937.4515302577,4671630.641163129,1.0,1
2177,1,1,0.85,K-35-063-1_Granit_4326,matched,347798.511,4670462.338,1.0,1
2178,1,1,1.0,K-35-063-1_Granit_4326,matched,354115.04296773445,4682084.102462117,1.0,1
2179,1,1,0.95,K-35-063-1_Granit_4326,matched,353213.9599821165,4681437.556377743,1.0,1
2180,1,1,1.0,K-35-063-1_Granit_4326,matched,353337.9459362501,4681330.596631768,1.0,1
2181,1,1,0.2,K-35-063-1_Granit_4326,matched,354239.9353025267,4681392.523728558,1.0,1
2182,1,1,0.95,K-35-063-1_Granit_4326,matched,354323.3878854497,4681435.046866227,1.0,1
2183,1,1,0.75,K-35-063-1_Granit_4326,matched,346053.7004032399,4682211.410290132,1.0,1
2184,1,1,0.85,K-35-063-1_Granit_4326,matched,345142.5660124511,4680836.078219563,1.0,1
2185,1,1,1.0,K-35-063-1_Granit_4326,matched,347955.6764715961,4682489.319031201,1.0,1
2186,1,1,0.85,K-35-063-1_Granit_4326,matched,348862.3029837463,4682372.718491743,1.0,1
2187,1,1,1.0,K-35-063-1_Granit_4326,matched,340655.503,4675297.295,1.0,1
2188,1,1,0.95,K-35-063-1_Granit_4326,matched,340739.6857161604,4675068.92209448,1.0,1
2189,1,1,0.85,K-35-063-1_Granit_4326,matched,340494.25457554276,4674543.00255673,1.0,1
2190,1,1,1.0,K-35-063-1_Granit_4326,matched,340547.3773148088,4674446.9182346715,1.0,1
2191,1,1,1.0,K-35-063-1_Granit_4326,matched,340033.03907135426,4674106.395269941,1.0,1
2192,1,1,0.85,K-35-063-1_Granit_4326,matched,340285.3577102672,4674124.388887984,1.0,1
2193,1,1,1.0,K-35-063-1_Granit_4326,matched,340532.48781844904,4674202.4975648215,1.0,1
2194,1,1,0.2,K-35-063-1_Granit_4326,matched,340533.6212717247,4674091.306947053,1.0,1
2195,1,1,0.9,K-35-063-1_Granit_4326,matched,340592.423655047,4673977.043692578,1.0,1
2196,1,1,0.95,K-35-063-1_Granit_4326,matched,336815.5085634078,4683564.412110423,1.0,1
2197,1,1,0.95,K-35-063-1_Granit_4326,matched,337080.2912196922,4682735.337186796,1.0,1
2198,1,1,0.85,K-35-063-1_Granit_4326,matched,350546.472,4682317.174,1.0,1
2199,1,1,0.95,K-35-063-1_Granit_4326,matched,351171.57643350126,4681999.59206597,1.0,1
2200,1,1,0.4,K-35-063-1_Granit_4326,matched,351637.60448724707,4686384.039992036,1.0,1
2201,1,1,0.95,K-35-063-1_Granit_4326,matched,346780.1578230731,4682596.96438792,1.0,1
2202,1,1,1.0,K-35-063-1_Granit_4326,matched,346562.35239453043,4682609.040609854,1.0,1
2203,1,1,0.75,K-35-063-1_Granit_4326,matched,346250.262,4682404.071,1.0,1
2204,1,1,0.85,K-35-063-1_Granit_4326,matched,336555.9924025305,4671499.213575419,1.0,1
2205,1,1,1.0,K-35-063-1_Granit_4326,matched,344517.383,4682586.681,1.0,1
2206,1,1,1.0,K-35-063-1_Granit_4326,matched,344591.422,4682583.495,1.0,1
2207,1,1,0.95,K-35-063-1_Granit_4326,matched,337154.77,4676664.831,1.0,1
2208,1,1,1.0,K-35-063-1_Granit_4326,matched,336708.71558551176,4683986.790110982,1.0,1
2209,1,1,0.2,K-35-063-1_Granit_4326,matched,335683.758,4677140.744,1.0,1
2210,1,0,0.0,K-35-063-1_Granit_4326,student_only,337362.9141856177,4687097.7873096615,1.0,1
2211,1,0,0.0,K-35-063-1_Granit_4326,student_only,338126.1201903743,4687482.330170105,1.0,1
2212,1,0,0.0,K-35-063-1_Granit_4326,student_only,338124.9793427248,4687051.947577114,1.0,1
2213,1,0,0.0,K-35-063-1_Granit_4326,student_only,353801.3361337135,4687969.678553189,1.0,1
2214,1,0,0.0,K-35-063-1_Granit_4326,student_only,347370.9104151004,4685086.438669824,1.0,1
2215,1,0,0.0,K-35-063-1_Granit_4326,student_only,342033.8584949558,4686943.627340812,1.0,1
2216,1,0,0.0,K-35-063-1_Granit_4326,student_only,342174.048,4686542.252,1.0,1
2217,1,0,0.0,K-35-063-1_Granit_4326,student_only,337866.2599970307,4685133.987185801,1.0,1
2218,1,0,0.0,K-35-063-1_Granit_4326,student_only,355758.679,4683816.212,1.0,1
2219,1,0,0.0,K-35-063-1_Granit_4326,student_only,355901.32,4683609.553,1.0,1
2220,1,0,0.0,K-35-063-1_Granit_4326,student_only,347510.787,4669798.737,1.0,1
2221,1,0,0.0,K-35-063-1_Granit_4326,student_only,349041.67,4669614.27,1.0,1
2222,1,0,0.0,K-35-063-1_Granit_4326,student_only,351901.417,4669737.304,1.0,1
2223,1,0,0.0,K-35-063-1_Granit_4326,student_only,353144.395,4669429.574,1.0,1
2224,1,0,0.0,K-35-063-1_Granit_4326,student_only,351810.73317002994,4682027.772036024,1.0,1
2225,1,0,0.0,K-35-063-1_Granit_4326,student_only,351897.7282858632,4682030.706543354,1.0,1
2226,1,0,0.0,K-35-063-1_Granit_4326,student_only,349385.404818441,4681041.43082859,1.0,1
2227,1,0,0.0,K-35-063-1_Granit_4326,student_only,347852.085,4680716.795,1.0,1
2228,1,0,0.0,K-35-063-1_Granit_4326,student_only,347430.71650522156,4679589.148212292,1.0,1
2229,1,0,0.0,K-35-063-1_Granit_4326,student_only,347371.851,4679695.713,1.0,1
2230,1,0,0.0,K-35-063-1_Granit_4326,student_only,347320.876,4679712.56,1.0,1
2231,1,0,0.0,K-35-063-1_Granit_4326,student_only,347023.9019525907,4679808.285255925,1.0,1
2232,1,0,0.0,K-35-063-1_Granit_4326,student_only,346617.0682765634,4679833.445672738,1.0,1
2233,1,0,0.0,K-35-063-1_Granit_4326,student_only,341289.3565144498,4679040.804886302,1.0,1
2234,1,0,0.0,K-35-063-1_Granit_4326,student_only,335384.804,4678980.585,1.0,1
2235,1,0,0.0,K-35-063-1_Granit_4326,student_only,336674.4895394696,4678061.721817892,1.0,1
2236,1,0,0.0,K-35-063-1_Granit_4326,student_only,344064.91181641363,4678148.31834026,1.0,1
2237,1,0,0.0,K-35-063-1_Granit_4326,student_only,344105.31583873223,4678520.507203932,1.0,1
2238,1,0,0.0,K-35-063-1_Granit_4326,student_only,345937.9431420514,4678698.993560185,1.0,1
2239,1,0,0.0,K-35-063-1_Granit_4326,student_only,339657.98286040267,4677826.971070163,1.0,1
2240,1,0,0.0,K-35-063-1_Granit_4326,student_only,335755.4402989106,4677097.600941052,1.0,1
2241,1,0,0.0,K-35-063-1_Granit_4326,student_only,335742.7286062507,4677210.645950732,1.0,1
2242,1,0,0.0,K-35-063-1_Granit_4326,student_only,335460.5352633441,4677228.125671394,1.0,1
2243,1,0,0.0,K-35-063-1_Granit_4326,student_only,341673.9727629747,4676107.448632864,1.0,1
2244,1,0,0.0,K-35-063-1_Granit_4326,student_only,343249.5498270453,4676864.271737173,1.0,1
2245,1,0,0.0,K-35-063-1_Granit_4326,student_only,346220.75385908375,4676413.134922824,1.0,1
2246,1,0,0.0,K-35-063-1_Granit_4326,student_only,350761.04362666304,4676316.6689932505,1.0,1
2247,1,0,0.0,K-35-063-1_Granit_4326,student_only,351892.655,4676232.5,1.0,1
2248,1,0,0.0,K-35-063-1_Granit_4326,student_only,345322.6126511291,4675212.47084983,1.0,1
2249,1,0,0.0,K-35-063-1_Granit_4326,student_only,345299.7072304672,4675413.268783323,1.0,1
2250,1,0,0.0,K-35-063-1_Granit_4326,student_only,344983.31757298997,4675120.884190963,1.0,1
2251,1,0,0.0,K-35-063-1_Granit_4326,student_only,343251.18660320767,4675856.549446644,1.0,1
2252,1,0,0.0,K-35-063-1_Granit_4326,student_only,342056.2161794998,4675499.746964659,1.0,1
2253,1,0,0.0,K-35-063-1_Granit_4326,student_only,340677.011,4675234.338,1.0,1
2254,1,0,0.0,K-35-063-1_Granit_4326,student_only,334818.020231167,4675796.616243467,1.0,1
2255,1,0,0.0,K-35-063-1_Granit_4326,student_only,344515.4416778666,4674402.886826876,1.0,1
2256,1,0,0.0,K-35-063-1_Granit_4326,student_only,347664.6610386524,4674928.699899144,1.0,1
2257,1,0,0.0,K-35-063-1_Granit_4326,student_only,347778.8168624536,4674845.798797499,1.0,1
2258,1,0,0.0,K-35-063-1_Granit_4326,student_only,347783.58299451246,4674748.022630591,1.0,1
2259,1,0,0.0,K-35-063-1_Granit_4326,student_only,352910.016,4672341.04,1.0,1
2260,1,0,0.0,K-35-063-1_Granit_4326,student_only,341612.5798592963,4671067.819387619,1.0,1
2261,1,0,0.0,K-35-063-1_Granit_4326,student_only,335913.68310941674,4671170.826637946,1.0,1
2262,1,0,0.0,K-35-063-1_Granit_4326,student_only,336074.8121649589,4670947.536291139,1.0,1
2263,1,0,0.0,K-35-063-1_Granit_4326,student_only,338450.89835692756,4670709.755623475,1.0,1
2264,0,1,1.0,K-35-063-1_Granit_4326,vlm_only,339339.81359313277,4684970.89743114,0.278217431962353,0
2265,0,1,1.0,K-35-063-1_Granit_4326,vlm_only,335958.09939364233,4686648.035349327,0.278217431962353,0
2266,0,1,0.6,K-35-063-1_Granit_4326,vlm_only,342396.8418408928,4677612.874179648,0.278217431962353,0
2267,0,1,0.95,K-35-063-1_Granit_4326,vlm_only,342852.2388664972,4677228.957661994,0.278217431962353,0
2268,0,1,1.0,K-35-063-1_Granit_4326,vlm_only,342717.9279723541,4684699.033036175,0.278217431962353,0
2269,0,1,1.0,K-35-063-1_Granit_4326,vlm_only,347229.2426172651,4684889.847627892,0.278217431962353,0
2270,0,1,1.0,K-35-063-1_Granit_4326,vlm_only,346085.57998672826,4672369.159615638,0.278217431962353,0
2271,0,1,1.0,K-35-063-1_Granit_4326,vlm_only,351896.8616154868,4676322.238074066,0.278217431962353,0
2272,0,1,0.4,K-35-063-1_Granit_4326,vlm_only,347827.67674681783,4670470.656353968,0.278217431962353,0
2273,0,1,0.95,K-35-063-1_Granit_4326,vlm_only,344446.874493361,4673241.026651893,0.278217431962353,0
2274,0,1,1.0,K-35-063-1_Granit_4326,vlm_only,337399.4773978494,4686652.566130714,0.278217431962353,0
2275,0,1,1.0,K-35-063-1_Granit_4326,vlm_only,337361.4978567354,4686582.897932896,0.278217431962353,0
2276,0,1,1.0,K-35-063-1_Granit_4326,vlm_only,337270.07458080235,4686509.248376066,0.278217431962353,0
2277,0,1,0.15,K-35-063-1_Granit_4326,vlm_only,336807.58625019167,4681179.043662423,0.278217431962353,0
2278,0,1,1.0,K-35-063-1_Granit_4326,vlm_only,353318.0114335049,4684409.2911848985,0.278217431962353,0
2279,0,1,0.4,K-35-063-1_Granit_4326,vlm_only,342263.5334788974,4686563.553980854,0.278217431962353,0
2280,0,1,1.0,K-35-063-1_Granit_4326,vlm_only,338403.6911968334,4688135.757119099,0.278217431962353,0
2281,0,1,0.95,K-35-063-1_Granit_4326,vlm_only,355198.49354136863,4684474.314922433,0.278217431962353,0
2282,0,1,1.0,K-35-063-1_Granit_4326,vlm_only,355206.06561280834,4684325.74646416,0.278217431962353,0
2283,0,1,0.85,K-35-063-1_Granit_4326,vlm_only,354877.82183608087,4684440.616383718,0.278217431962353,0
2284,0,1,1.0,K-35-063-1_Granit_4326,vlm_only,354820.802308943,4683833.149439447,0.278217431962353,0
2285,0,1,0.95,K-35-063-1_Granit_4326,vlm_only,351645.312489931,4677352.882569355,0.278217431962353,0
2286,0,1,0.95,K-35-063-1_Granit_4326,vlm_only,354808.5035837207,4683812.741704439,0.278217431962353,0
2287,0,1,1.0,K-35-063-1_Granit_4326,vlm_only,349162.3960999218,4684614.387169338,0.278217431962353,0
2288,0,1,1.0,K-35-063-1_Granit_4326,vlm_only,349361.75095552776,4684492.569030266,0.278217431962353,0
2289,0,1,1.0,K-35-063-1_Granit_4326,vlm_only,349446.8585618848,4684492.408469252,0.278217431962353,0
2290,0,1,0.95,K-35-063-1_Granit_4326,vlm_only,348985.93646628933,4683902.976471409,0.278217431962353,0
2291,0,1,0.2,K-35-063-1_Granit_4326,vlm_only,346109.76802295423,4672360.7435319135,0.278217431962353,0
2292,0,1,0.95,K-35-063-1_Granit_4326,vlm_only,351077.1277197675,4684118.343668878,0.278217431962353,0
2293,0,1,0.4,K-35-063-1_Granit_4326,vlm_only,347848.91742110683,4680520.904264531,0.278217431962353,0
2294,0,1,0.75,K-35-063-1_Granit_4326,vlm_only,336703.40748937347,4673066.965699797,0.278217431962353,0
2295,0,1,0.95,K-35-063-1_Granit_4326,vlm_only,344183.80630632624,4674481.644211892,0.278217431962353,0
2296,0,1,0.95,K-35-063-1_Granit_4326,vlm_only,346368.540232367,4670952.235758554,0.278217431962353,0
2297,0,1,0.2,K-35-063-1_Granit_4326,vlm_only,337093.9201180757,4676591.421332653,0.278217431962353,0
2298,0,1,0.4,K-35-063-1_Granit_4326,vlm_only,352363.9480622671,4686651.421530268,0.278217431962353,0
2299,0,1,0.3,K-35-063-1_Granit_4326,vlm_only,337100.00161932124,4677395.750858552,0.278217431962353,0
2300,0,1,0.75,K-35-063-1_Granit_4326,vlm_only,344435.6717820718,4683220.60804195,0.278217431962353,0
2301,0,1,1.0,K-35-063-1_Granit_4326,vlm_only,344520.7467731772,4682659.472443899,0.278217431962353,0
2302,1,1,1.0,K-35-063-2_Chirpan_4326,matched,356601.852,4676504.004,1.0,1
2303,1,1,1.0,K-35-063-2_Chirpan_4326,matched,356286.037,4683318.417,1.0,1
2304,1,1,0.85,K-35-063-2_Chirpan_4326,matched,356786.62608340464,4683095.97514013,1.0,1
2305,1,1,1.0,K-35-063-2_Chirpan_4326,matched,356764.383,4673538.827,1.0,1
2306,1,1,0.95,K-35-063-2_Chirpan_4326,matched,360438.33594103483,4672428.076936424,1.0,1
2307,1,1,1.0,K-35-063-2_Chirpan_4326,matched,360707.0141445018,4671457.195893243,1.0,1
2308,1,1,0.15,K-35-063-2_Chirpan_4326,matched,357810.89173202275,4683460.789642479,1.0,1
2309,1,1,0.3,K-35-063-2_Chirpan_4326,matched,358281.41051706113,4683409.61744493,1.0,1
2310,1,1,0.95,K-35-063-2_Chirpan_4326,matched,358185.2759804729,4682512.93645265,1.0,1
2311,1,1,0.3,K-35-063-2_Chirpan_4326,matched,357438.98477043887,4681766.705656437,1.0,1
2312,1,1,0.85,K-35-063-2_Chirpan_4326,matched,357296.221,4681647.763,1.0,1
2313,1,1,0.9,K-35-063-2_Chirpan_4326,matched,362467.9032965824,4674007.552105359,1.0,1
2314,1,1,0.95,K-35-063-2_Chirpan_4326,matched,362620.66711748776,4682863.113030565,1.0,1
2315,1,1,1.0,K-35-063-2_Chirpan_4326,matched,361195.77272288484,4681550.399863463,1.0,1
2316,1,1,0.95,K-35-063-2_Chirpan_4326,matched,356630.126,4685179.262,1.0,1
2317,1,1,0.85,K-35-063-2_Chirpan_4326,matched,368265.17522438907,4674858.730629103,1.0,1
2318,1,1,1.0,K-35-063-2_Chirpan_4326,matched,360252.169,4669777.47,1.0,1
2319,1,1,1.0,K-35-063-2_Chirpan_4326,matched,368553.785,4681007.77,1.0,1
2320,1,1,0.95,K-35-063-2_Chirpan_4326,matched,368621.707,4680989.167,1.0,1
2321,1,1,1.0,K-35-063-2_Chirpan_4326,matched,367810.75473691867,4680045.18540809,1.0,1
2322,1,1,0.95,K-35-063-2_Chirpan_4326,matched,364379.5276135587,4682607.4581325315,1.0,1
2323,1,1,1.0,K-35-063-2_Chirpan_4326,matched,364187.324,4682247.099,1.0,1
2324,1,1,0.15,K-35-063-2_Chirpan_4326,matched,363965.06959799386,4681806.955707817,1.0,1
2325,1,1,0.85,K-35-063-2_Chirpan_4326,matched,363928.76,4681644.59,1.0,1
2326,1,1,1.0,K-35-063-2_Chirpan_4326,matched,360807.8772775484,4683351.495314544,1.0,1
2327,1,1,1.0,K-35-063-2_Chirpan_4326,matched,365262.5426042611,4681459.87908956,1.0,1
2328,1,1,0.95,K-35-063-2_Chirpan_4326,matched,364727.93666350655,4684197.752324105,1.0,1
2329,1,1,0.2,K-35-063-2_Chirpan_4326,matched,362857.3407689153,4681476.523700139,1.0,1
2330,1,1,0.15,K-35-063-2_Chirpan_4326,matched,363300.387635043,4681146.662634697,1.0,1
2331,1,1,1.0,K-35-063-2_Chirpan_4326,matched,366032.604,4681341.466,1.0,1
2332,1,1,1.0,K-35-063-2_Chirpan_4326,matched,366441.6164353407,4681543.197557579,1.0,1
2333,1,1,1.0,K-35-063-2_Chirpan_4326,matched,365535.40801656584,4680508.369788995,1.0,1
2334,1,1,1.0,K-35-063-2_Chirpan_4326,matched,367604.457,4669989.176,1.0,1
2335,1,1,1.0,K-35-063-2_Chirpan_4326,matched,369286.95943386765,4674107.750361305,1.0,1
2336,1,1,0.2,K-35-063-2_Chirpan_4326,matched,364772.58337997156,4685254.01016949,1.0,1
2337,1,1,1.0,K-35-063-2_Chirpan_4326,matched,368815.5420002716,4675367.614961847,1.0,1
2338,1,1,0.2,K-35-063-2_Chirpan_4326,matched,367348.4433595027,4669607.633394742,1.0,1
2339,1,1,1.0,K-35-063-2_Chirpan_4326,matched,367168.86266733886,4683969.548430897,1.0,1
2340,1,1,1.0,K-35-063-2_Chirpan_4326,matched,367286.95398740814,4683609.164413094,1.0,1
2341,1,1,1.0,K-35-063-2_Chirpan_4326,matched,368322.50419410755,4675729.0874017365,1.0,1
2342,1,1,1.0,K-35-063-2_Chirpan_4326,matched,372031.6905352891,4679911.857515099,1.0,1
2343,1,1,1.0,K-35-063-2_Chirpan_4326,matched,371253.08397845906,4679196.8982303245,1.0,1
2344,1,1,0.95,K-35-063-2_Chirpan_4326,matched,371203.9543742366,4679108.689660634,1.0,1
2345,1,1,0.95,K-35-063-2_Chirpan_4326,matched,371085.88361620484,4678990.7691325145,1.0,1
2346,1,1,0.75,K-35-063-2_Chirpan_4326,matched,370974.18056803424,4678964.727139025,1.0,1
2347,1,1,0.85,K-35-063-2_Chirpan_4326,matched,370860.529,4678956.561,1.0,1
2348,1,1,0.2,K-35-063-2_Chirpan_4326,matched,370578.49461231916,4678921.491662134,1.0,1
2349,1,1,0.95,K-35-063-2_Chirpan_4326,matched,370689.71703507623,4678852.435772158,1.0,1
2350,1,1,1.0,K-35-063-2_Chirpan_4326,matched,362725.8909406316,4685656.193304483,1.0,1
2351,1,1,1.0,K-35-063-2_Chirpan_4326,matched,373666.65638379403,4676823.364740664,1.0,1
2352,1,1,0.95,K-35-063-2_Chirpan_4326,matched,373617.9498382435,4670415.975600438,1.0,1
2353,1,1,0.95,K-35-063-2_Chirpan_4326,matched,371308.22089548036,4684429.557772258,1.0,1
2354,1,1,0.4,K-35-063-2_Chirpan_4326,matched,366260.63866895274,4686194.189797457,1.0,1
2355,1,1,1.0,K-35-063-2_Chirpan_4326,matched,367877.45880451304,4679658.009937111,1.0,1
2356,1,1,0.85,K-35-063-2_Chirpan_4326,matched,369292.7815562824,4678943.7158492,1.0,1
2357,1,1,1.0,K-35-063-2_Chirpan_4326,matched,369446.305,4678477.513,1.0,1
2358,1,1,0.85,K-35-063-2_Chirpan_4326,matched,367251.562249893,4682204.24474246,1.0,1
2359,1,1,1.0,K-35-063-2_Chirpan_4326,matched,370995.93595645553,4681610.088435565,1.0,1
2360,1,1,1.0,K-35-063-2_Chirpan_4326,matched,371809.4779668313,4681353.296990666,1.0,1
2361,1,1,1.0,K-35-063-2_Chirpan_4326,matched,370283.2223905948,4681080.446726881,1.0,1
2362,1,1,1.0,K-35-063-2_Chirpan_4326,matched,370521.4173799377,4680562.359653309,1.0,1
2363,1,1,1.0,K-35-063-2_Chirpan_4326,matched,371031.848,4680058.74,1.0,1
2364,1,1,0.95,K-35-063-2_Chirpan_4326,matched,358307.76244823076,4677844.181726786,1.0,1
2365,1,1,1.0,K-35-063-2_Chirpan_4326,matched,357179.67621343816,4677245.568183671,1.0,1
2366,1,1,1.0,K-35-063-2_Chirpan_4326,matched,357263.7718979363,4677258.4781200355,1.0,1
2367,1,1,1.0,K-35-063-2_Chirpan_4326,matched,357670.82320278883,4677152.935164209,1.0,1
2368,1,1,0.95,K-35-063-2_Chirpan_4326,matched,356863.598,4679487.389,1.0,1
2369,1,1,1.0,K-35-063-2_Chirpan_4326,matched,374436.0192891802,4674684.507180853,1.0,1
2370,1,1,1.0,K-35-063-2_Chirpan_4326,matched,374222.585,4674416.618,1.0,1
2371,1,1,1.0,K-35-063-2_Chirpan_4326,matched,374289.209,4674401.188,1.0,1
2372,1,1,1.0,K-35-063-2_Chirpan_4326,matched,374363.8083607461,4674409.052866653,1.0,1
2373,1,1,1.0,K-35-063-2_Chirpan_4326,matched,372558.15,4671474.621,1.0,1
2374,1,1,0.4,K-35-063-2_Chirpan_4326,matched,359440.10235308413,4682645.1149101,1.0,1
2375,1,1,1.0,K-35-063-2_Chirpan_4326,matched,376138.3056439594,4685680.541651925,1.0,1
2376,1,1,1.0,K-35-063-2_Chirpan_4326,matched,372218.2943231956,4685101.374717771,1.0,1
2377,1,1,1.0,K-35-063-2_Chirpan_4326,matched,372347.0981060388,4685062.500989045,1.0,1
2378,1,1,1.0,K-35-063-2_Chirpan_4326,matched,372272.20224785665,4684991.147791366,1.0,1
2379,1,1,1.0,K-35-063-2_Chirpan_4326,matched,373510.66778778494,4684133.158576625,1.0,1
2380,1,1,1.0,K-35-063-2_Chirpan_4326,matched,373631.1565659753,4684055.793230381,1.0,1
2381,1,1,0.85,K-35-063-2_Chirpan_4326,matched,375336.7786408359,4672487.436812658,1.0,1
2382,1,1,1.0,K-35-063-2_Chirpan_4326,matched,375421.1075177342,4672378.008724221,1.0,1
2383,1,1,0.95,K-35-063-2_Chirpan_4326,matched,366736.1518843707,4683329.976221945,1.0,1
2384,1,1,1.0,K-35-063-2_Chirpan_4326,matched,371606.4249592692,4670122.02625481,1.0,1
2385,1,1,1.0,K-35-063-2_Chirpan_4326,matched,375581.24936373765,4672307.921709738,1.0,1
2386,1,1,1.0,K-35-063-2_Chirpan_4326,matched,375674.42134388187,4672194.197740697,1.0,1
2387,1,1,0.4,K-35-063-2_Chirpan_4326,matched,375927.44558570377,4671515.861120548,1.0,1
2388,1,1,0.85,K-35-063-2_Chirpan_4326,matched,369509.30036157276,4685049.937513735,1.0,1
2389,1,1,1.0,K-35-063-2_Chirpan_4326,matched,358354.83161351574,4673049.223192358,1.0,1
2390,1,1,0.75,K-35-063-2_Chirpan_4326,matched,358122.46277909394,4681557.16888462,1.0,1
2391,1,1,1.0,K-35-063-2_Chirpan_4326,matched,358138.0857709887,4681421.430345446,1.0,1
2392,1,1,1.0,K-35-063-2_Chirpan_4326,matched,357713.12940897536,4680630.469516673,1.0,1
2393,1,1,0.95,K-35-063-2_Chirpan_4326,matched,357250.651,4669929.888,1.0,1
2394,1,1,0.95,K-35-063-2_Chirpan_4326,matched,374173.8941949366,4682791.789763195,1.0,1
2395,1,1,0.95,K-35-063-2_Chirpan_4326,matched,374324.56003911357,4682767.840891375,1.0,1
2396,1,1,0.2,K-35-063-2_Chirpan_4326,matched,375217.9499789182,4682372.810751808,1.0,1
2397,1,1,1.0,K-35-063-2_Chirpan_4326,matched,374910.01545045106,4677685.680507505,1.0,1
2398,1,1,1.0,K-35-063-2_Chirpan_4326,matched,375238.979,4685076.577,1.0,1
2399,1,1,0.2,K-35-063-2_Chirpan_4326,matched,373737.25737098494,4680033.976615036,1.0,1
2400,1,1,1.0,K-35-063-2_Chirpan_4326,matched,358884.31104508066,4680045.758888057,1.0,1
2401,1,1,0.2,K-35-063-2_Chirpan_4326,matched,373842.7112614687,4680167.82400516,1.0,1
2402,1,1,0.2,K-35-063-2_Chirpan_4326,matched,359400.66490416555,4670813.91082339,1.0,1
2403,1,1,0.95,K-35-063-2_Chirpan_4326,matched,360160.5380501206,4670049.137113712,1.0,1
2404,1,1,0.95,K-35-063-2_Chirpan_4326,matched,369014.2866068045,4677659.390195458,1.0,1
2405,1,1,0.4,K-35-063-2_Chirpan_4326,matched,368747.09145072836,4677498.489814499,1.0,1
2406,1,1,0.2,K-35-063-2_Chirpan_4326,matched,369397.6880036481,4676948.664618902,1.0,1
2407,1,1,0.95,K-35-063-2_Chirpan_4326,matched,369134.84840646054,4677700.388040418,1.0,1
2408,1,1,1.0,K-35-063-2_Chirpan_4326,matched,369586.80504128727,4685019.820307909,1.0,1
2409,1,1,1.0,K-35-063-2_Chirpan_4326,matched,369486.73346124927,4684945.216058335,1.0,1
2410,1,1,0.95,K-35-063-2_Chirpan_4326,matched,371556.684342667,4674496.191678926,1.0,1
2411,1,1,1.0,K-35-063-2_Chirpan_4326,matched,370964.75201380707,4674135.243414181,1.0,1
2412,1,1,1.0,K-35-063-2_Chirpan_4326,matched,371698.13034129614,4674070.1978014475,1.0,1
2413,1,1,1.0,K-35-063-2_Chirpan_4326,matched,359665.6084379192,4673903.723238224,1.0,1
2414,1,1,1.0,K-35-063-2_Chirpan_4326,matched,356331.58705297054,4683536.096349078,1.0,1
2415,1,1,0.2,K-35-063-2_Chirpan_4326,matched,361035.667,4671488.772,1.0,1
2416,1,1,1.0,K-35-063-2_Chirpan_4326,matched,361191.4579436694,4671068.3340106495,1.0,1
2417,1,1,1.0,K-35-063-2_Chirpan_4326,matched,361675.0332156741,4670763.816855719,1.0,1
2418,1,1,1.0,K-35-063-2_Chirpan_4326,matched,360526.6879100575,4685515.521435244,1.0,1
2419,1,1,0.7,K-35-063-2_Chirpan_4326,matched,366461.6678226893,4676438.386906011,1.0,1
2420,1,1,0.85,K-35-063-2_Chirpan_4326,matched,365637.3167581239,4675780.354935596,1.0,1
2421,1,1,0.85,K-35-063-2_Chirpan_4326,matched,365902.0987565773,4675678.592480323,1.0,1
2422,1,1,0.2,K-35-063-2_Chirpan_4326,matched,366228.44683486666,4675194.457557476,1.0,1
2423,1,1,1.0,K-35-063-2_Chirpan_4326,matched,366511.3218783869,4675308.446555595,1.0,1
2424,1,1,1.0,K-35-063-2_Chirpan_4326,matched,366687.3847522738,4675292.393229113,1.0,1
2425,1,1,0.85,K-35-063-2_Chirpan_4326,matched,366745.12457548623,4675177.4418598395,1.0,1
2426,1,1,0.95,K-35-063-2_Chirpan_4326,matched,373187.8984784328,4678732.08920356,1.0,1
2427,1,1,1.0,K-35-063-2_Chirpan_4326,matched,373699.56799417303,4686311.711694277,1.0,1
2428,1,1,1.0,K-35-063-2_Chirpan_4326,matched,372651.9450116452,4686061.30192313,1.0,1
2429,1,1,0.2,K-35-063-2_Chirpan_4326,matched,372675.9594688812,4685967.644619614,1.0,1
2430,1,1,1.0,K-35-063-2_Chirpan_4326,matched,372677.4063034442,4685703.26995218,1.0,1
2431,1,1,1.0,K-35-063-2_Chirpan_4326,matched,373398.4732213634,4685429.710906333,1.0,1
2432,1,1,1.0,K-35-063-2_Chirpan_4326,matched,373523.74174103036,4685300.13337745,1.0,1
2433,1,1,0.95,K-35-063-2_Chirpan_4326,matched,358790.9539005762,4681313.24144505,1.0,1
2434,1,1,1.0,K-35-063-2_Chirpan_4326,matched,358825.6085078742,4681208.288099302,1.0,1
2435,1,1,0.85,K-35-063-2_Chirpan_4326,matched,359024.0679790627,4681117.506113792,1.0,1
2436,1,1,0.85,K-35-063-2_Chirpan_4326,matched,371414.8618242303,4672825.434773057,1.0,1
2437,1,1,0.85,K-35-063-2_Chirpan_4326,matched,370668.3523909587,4682123.58183597,1.0,1
2438,1,1,1.0,K-35-063-2_Chirpan_4326,matched,371114.100646889,4681658.5844745645,1.0,1
2439,1,1,0.2,K-35-063-2_Chirpan_4326,matched,357758.8762592233,4685503.8299014,1.0,1
2440,1,1,1.0,K-35-063-2_Chirpan_4326,matched,357094.95957051293,4685177.625532726,1.0,1
2441,1,1,0.15,K-35-063-2_Chirpan_4326,matched,357784.36576762307,4685150.65603892,1.0,1
2442,1,1,0.95,K-35-063-2_Chirpan_4326,matched,357886.597,4685093.468,1.0,1
2443,1,1,1.0,K-35-063-2_Chirpan_4326,matched,357253.10335437814,4684909.298259786,1.0,1
2444,1,1,1.0,K-35-063-2_Chirpan_4326,matched,357274.99162057583,4684723.184458701,1.0,1
2445,1,1,1.0,K-35-063-2_Chirpan_4326,matched,357366.33234082296,4684203.546351012,1.0,1
2446,1,1,1.0,K-35-063-2_Chirpan_4326,matched,357324.1945620802,4684106.975679458,1.0,1
2447,1,1,1.0,K-35-063-2_Chirpan_4326,matched,358395.92168242857,4684173.645045392,1.0,1
2448,1,1,1.0,K-35-063-2_Chirpan_4326,matched,374089.47934583185,4686165.217715027,1.0,1
2449,1,1,1.0,K-35-063-2_Chirpan_4326,matched,374055.2542430193,4686022.848295172,1.0,1
2450,1,1,0.4,K-35-063-2_Chirpan_4326,matched,370126.35255301686,4681467.447517088,1.0,1
2451,1,1,0.2,K-35-063-2_Chirpan_4326,matched,358220.1890118744,4673760.231151256,1.0,1
2452,1,1,0.95,K-35-063-2_Chirpan_4326,matched,375597.5537681941,4684413.578902089,1.0,1
2453,1,0,0.0,K-35-063-2_Chirpan_4326,student_only,371994.7033180004,4687115.32921586,1.0,1
2454,1,0,0.0,K-35-063-2_Chirpan_4326,student_only,375968.7576161942,4685194.472736098,1.0,1
2455,1,0,0.0,K-35-063-2_Chirpan_4326,student_only,375257.995,4685002.031,1.0,1
2456,1,0,0.0,K-35-063-2_Chirpan_4326,student_only,373509.883,4684959.788,1.0,1
2457,1,0,0.0,K-35-063-2_Chirpan_4326,student_only,373537.166,4684735.536,1.0,1
2458,1,0,0.0,K-35-063-2_Chirpan_4326,student_only,369665.25464999944,4684980.4870149065,1.0,1
2459,1,0,0.0,K-35-063-2_Chirpan_4326,student_only,369485.7126217933,4684650.031654994,1.0,1
2460,1,0,0.0,K-35-063-2_Chirpan_4326,student_only,366615.2220820384,4684972.7809673585,1.0,1
2461,1,0,0.0,K-35-063-2_Chirpan_4326,student_only,360774.6240004363,4684722.093328803,1.0,1
2462,1,0,0.0,K-35-063-2_Chirpan_4326,student_only,360191.3372660697,4684351.392779247,1.0,1
2463,1,0,0.0,K-35-063-2_Chirpan_4326,student_only,360185.27592348,4684266.762477634,1.0,1
2464,1,0,0.0,K-35-063-2_Chirpan_4326,student_only,360218.4467770819,4684149.606151502,1.0,1
2465,1,0,0.0,K-35-063-2_Chirpan_4326,student_only,357444.1919175741,4684237.383474943,1.0,1
2466,1,0,0.0,K-35-063-2_Chirpan_4326,student_only,357829.779,4685050.783,1.0,1
2467,1,0,0.0,K-35-063-2_Chirpan_4326,student_only,357395.4297726336,4685137.597804718,1.0,1
2468,1,0,0.0,K-35-063-2_Chirpan_4326,student_only,357186.1850582521,4685223.626488031,1.0,1
2469,1,0,0.0,K-35-063-2_Chirpan_4326,student_only,358906.8486461716,4682017.687137108,1.0,1
2470,1,0,0.0,K-35-063-2_Chirpan_4326,student_only,360550.13,4683583.759,1.0,1
2471,1,0,0.0,K-35-063-2_Chirpan_4326,student_only,360525.749,4683539.766,1.0,1
2472,1,0,0.0,K-35-063-2_Chirpan_4326,student_only,364162.511,4682200.827,1.0,1
2473,1,0,0.0,K-35-063-2_Chirpan_4326,student_only,364207.099,4682316.742,1.0,1
2474,1,0,0.0,K-35-063-2_Chirpan_4326,student_only,365918.6001403816,4682332.030545505,1.0,1
2475,1,0,0.0,K-35-063-2_Chirpan_4326,student_only,366978.06899438513,4683904.33310491,1.0,1
2476,1,0,0.0,K-35-063-2_Chirpan_4326,student_only,369034.63219791854,4682204.47440439,1.0,1
2477,1,0,0.0,K-35-063-2_Chirpan_4326,student_only,374045.7474077808,4681038.476329711,1.0,1
2478,1,0,0.0,K-35-063-2_Chirpan_4326,student_only,370120.41768290335,4681574.013875383,1.0,1
2479,1,0,0.0,K-35-063-2_Chirpan_4326,student_only,365939.1617198729,4681156.130718512,1.0,1
2480,1,0,0.0,K-35-063-2_Chirpan_4326,student_only,362922.768,4681623.969,1.0,1
2481,1,0,0.0,K-35-063-2_Chirpan_4326,student_only,362924.238,4681557.787,1.0,1
2482,1,0,0.0,K-35-063-2_Chirpan_4326,student_only,362778.416,4681599.165,1.0,1
2483,1,0,0.0,K-35-063-2_Chirpan_4326,student_only,358064.16106284317,4681978.611706555,1.0,1
2484,1,0,0.0,K-35-063-2_Chirpan_4326,student_only,358680.40581921313,4681442.395298832,1.0,1
2485,1,0,0.0,K-35-063-2_Chirpan_4326,student_only,376554.3831932184,4687654.831066305,1.0,1
2486,1,0,0.0,K-35-063-2_Chirpan_4326,student_only,376347.74,4686313.859,1.0,1
2487,1,0,0.0,K-35-063-2_Chirpan_4326,student_only,359574.8839617972,4679010.947945092,1.0,1
2488,1,0,0.0,K-35-063-2_Chirpan_4326,student_only,376211.013,4681571.487,1.0,1
2489,1,0,0.0,K-35-063-2_Chirpan_4326,student_only,376283.474,4681244.573,1.0,1
2490,1,0,0.0,K-35-063-2_Chirpan_4326,student_only,376304.941,4680723.436,1.0,1
2491,1,0,0.0,K-35-063-2_Chirpan_4326,student_only,370770.86645475094,4678903.308431157,1.0,1
2492,1,0,0.0,K-35-063-2_Chirpan_4326,student_only,367953.2988159616,4677604.703287909,1.0,1
2493,1,0,0.0,K-35-063-2_Chirpan_4326,student_only,368726.5068942169,4677213.250126201,1.0,1
2494,1,0,0.0,K-35-063-2_Chirpan_4326,student_only,366973.251,4676874.878,1.0,1
2495,1,0,0.0,K-35-063-2_Chirpan_4326,student_only,367066.59513535106,4677776.42761469,1.0,1
2496,1,0,0.0,K-35-063-2_Chirpan_4326,student_only,359797.48502340866,4676710.162110227,1.0,1
2497,1,0,0.0,K-35-063-2_Chirpan_4326,student_only,365848.884,4675828.555,1.0,1
2498,1,0,0.0,K-35-063-2_Chirpan_4326,student_only,369391.444586427,4675255.721355834,1.0,1
2499,1,0,0.0,K-35-063-2_Chirpan_4326,student_only,367254.02625771775,4673109.380210183,1.0,1
2500,1,0,0.0,K-35-063-2_Chirpan_4326,student_only,356567.8430192861,4671558.9630742995,1.0,1
2501,1,0,0.0,K-35-063-2_Chirpan_4326,student_only,364314.1328357216,4671473.115709551,1.0,1
2502,0,1,0.85,K-35-063-2_Chirpan_4326,vlm_only,356024.3161706973,4673908.539578706,0.278217431962353,0
2503,0,1,0.2,K-35-063-2_Chirpan_4326,vlm_only,361057.1367719449,4671494.142445074,0.278217431962353,0
2504,0,1,1.0,K-35-063-2_Chirpan_4326,vlm_only,371049.08226535475,4680059.375387235,0.278217431962353,0
2505,0,1,1.0,K-35-063-2_Chirpan_4326,vlm_only,369467.8958892802,4678478.083225205,0.278217431962353,0
2506,0,1,0.15,K-35-063-2_Chirpan_4326,vlm_only,359924.65340682573,4676706.751571729,0.278217431962353,0
2507,0,1,0.95,K-35-063-2_Chirpan_4326,vlm_only,357184.7643145721,4673007.33957606,0.278217431962353,0
2508,0,1,1.0,K-35-063-2_Chirpan_4326,vlm_only,373644.6231027544,4676655.461509225,0.278217431962353,0
2509,0,1,1.0,K-35-063-2_Chirpan_4326,vlm_only,360213.8555927395,4669789.517946254,0.278217431962353,0
2510,0,1,0.2,K-35-063-2_Chirpan_4326,vlm_only,371857.0367217951,4674364.138627168,0.278217431962353,0
2511,0,1,0.2,K-35-063-2_Chirpan_4326,vlm_only,371086.5423890577,4673250.696171143,0.278217431962353,0
2512,0,1,1.0,K-35-063-2_Chirpan_4326,vlm_only,355760.3135850733,4683826.993167198,0.278217431962353,0
2513,0,1,1.0,K-35-063-2_Chirpan_4326,vlm_only,355903.1869715143,4683611.438472787,0.278217431962353,0
2514,0,1,0.15,K-35-063-2_Chirpan_4326,vlm_only,363725.73401202966,4675013.8645025315,0.278217431962353,0
2515,0,1,1.0,K-35-063-2_Chirpan_4326,vlm_only,373515.6235978716,4681374.077563966,0.278217431962353,0
2516,1,1,0.75,K-35-063-3_Tatarevo_4326,matched,335165.1443072107,4665608.162411052,1.0,1
2517,1,1,1.0,K-35-063-3_Tatarevo_4326,matched,335218.763,4651741.554,1.0,1
2518,1,1,1.0,K-35-063-3_Tatarevo_4326,matched,342596.9676460503,4660622.669030768,1.0,1
2519,1,1,1.0,K-35-063-3_Tatarevo_4326,matched,339537.49297047016,4656525.347850311,1.0,1
2520,1,1,0.95,K-35-063-3_Tatarevo_4326,matched,339612.537,4655443.979,1.0,1
2521,1,1,1.0,K-35-063-3_Tatarevo_4326,matched,339678.872,4655406.721,1.0,1
2522,1,1,1.0,K-35-063-3_Tatarevo_4326,matched,345276.07959994616,4662721.407449177,1.0,1
2523,1,1,1.0,K-35-063-3_Tatarevo_4326,matched,345035.434732916,4662685.641277025,1.0,1
2524,1,1,1.0,K-35-063-3_Tatarevo_4326,matched,344664.82517364237,4662677.703008037,1.0,1
2525,1,1,1.0,K-35-063-3_Tatarevo_4326,matched,345690.496,4662240.041,1.0,1
2526,1,1,0.95,K-35-063-3_Tatarevo_4326,matched,340784.6037178979,4665119.795651681,1.0,1
2527,1,1,0.95,K-35-063-3_Tatarevo_4326,matched,341728.7096664059,4664292.842702536,1.0,1
2528,1,1,0.95,K-35-063-3_Tatarevo_4326,matched,341457.035116015,4664195.613270016,1.0,1
2529,1,1,0.2,K-35-063-3_Tatarevo_4326,matched,343989.6704388769,4667007.419557048,1.0,1
2530,1,1,0.4,K-35-063-3_Tatarevo_4326,matched,342310.60483840905,4657811.772537575,1.0,1
2531,1,1,1.0,K-35-063-3_Tatarevo_4326,matched,343596.62066847575,4663723.148994171,1.0,1
2532,1,1,0.85,K-35-063-3_Tatarevo_4326,matched,343656.5074751042,4663637.812064145,1.0,1
2533,1,1,1.0,K-35-063-3_Tatarevo_4326,matched,343743.4901839996,4653590.362372885,1.0,1
2534,1,1,1.0,K-35-063-3_Tatarevo_4326,matched,342878.1343076394,4652996.744056359,1.0,1
2535,1,1,1.0,K-35-063-3_Tatarevo_4326,matched,342846.69587645284,4652867.606848401,1.0,1
2536,1,1,1.0,K-35-063-3_Tatarevo_4326,matched,342890.3221005724,4652777.536275157,1.0,1
2537,1,1,0.4,K-35-063-3_Tatarevo_4326,matched,342839.5037483225,4652374.849523259,1.0,1
2538,1,1,1.0,K-35-063-3_Tatarevo_4326,matched,341228.64582299883,4653547.684401492,1.0,1
2539,1,1,0.95,K-35-063-3_Tatarevo_4326,matched,342046.01501104777,4652676.800176461,1.0,1
2540,1,1,1.0,K-35-063-3_Tatarevo_4326,matched,340752.02505870955,4652475.505736245,1.0,1
2541,1,1,0.2,K-35-063-3_Tatarevo_4326,matched,339157.036183746,4651890.895559205,1.0,1
2542,1,1,1.0,K-35-063-3_Tatarevo_4326,matched,343418.28311165434,4668859.297272732,1.0,1
2543,1,1,1.0,K-35-063-3_Tatarevo_4326,matched,341480.3964113333,4658455.75133883,1.0,1
2544,1,1,0.4,K-35-063-3_Tatarevo_4326,matched,341157.7992485382,4657179.156420114,1.0,1
2545,1,1,1.0,K-35-063-3_Tatarevo_4326,matched,341630.135,4666899.287,1.0,1
2546,1,1,1.0,K-35-063-3_Tatarevo_4326,matched,341699.796,4666867.631,1.0,1
2547,1,1,1.0,K-35-063-3_Tatarevo_4326,matched,347721.816,4660544.217,1.0,1
2548,1,1,0.15,K-35-063-3_Tatarevo_4326,matched,348248.6788216322,4660274.69761256,1.0,1
2549,1,1,1.0,K-35-063-3_Tatarevo_4326,matched,348127.81805576937,4652225.493873745,1.0,1
2550,1,1,0.85,K-35-063-3_Tatarevo_4326,matched,349633.12014679494,4659874.338178205,1.0,1
2551,1,1,0.95,K-35-063-3_Tatarevo_4326,matched,349340.0578910174,4654841.375129438,1.0,1
2552,1,1,0.2,K-35-063-3_Tatarevo_4326,matched,349615.2199376316,4657929.47426017,1.0,1
2553,1,1,1.0,K-35-063-3_Tatarevo_4326,matched,349271.4069505469,4657582.051721692,1.0,1
2554,1,1,1.0,K-35-063-3_Tatarevo_4326,matched,350573.42341501906,4657664.281859217,1.0,1
2555,1,1,1.0,K-35-063-3_Tatarevo_4326,matched,350176.6723860509,4657158.885360227,1.0,1
2556,1,1,0.95,K-35-063-3_Tatarevo_4326,matched,349890.30579939944,4656862.12492379,1.0,1
2557,1,1,1.0,K-35-063-3_Tatarevo_4326,matched,351819.48646069376,4663272.574266532,1.0,1
2558,1,1,1.0,K-35-063-3_Tatarevo_4326,matched,351397.01122530724,4653121.360694907,1.0,1
2559,1,1,0.85,K-35-063-3_Tatarevo_4326,matched,351307.03963520646,4651745.910288418,1.0,1
2560,1,1,0.2,K-35-063-3_Tatarevo_4326,matched,351133.012,4651719.704,1.0,1
2561,1,1,0.95,K-35-063-3_Tatarevo_4326,matched,351072.33389768854,4659059.363241919,1.0,1
2562,1,1,0.4,K-35-063-3_Tatarevo_4326,matched,353316.8781876352,4667847.56255017,1.0,1
2563,1,1,0.85,K-35-063-3_Tatarevo_4326,matched,339535.61864024895,4660642.22386071,1.0,1
2564,1,1,0.4,K-35-063-3_Tatarevo_4326,matched,340280.7349452204,4660353.020141057,1.0,1
2565,1,1,0.95,K-35-063-3_Tatarevo_4326,matched,347019.6323826772,4653255.248879113,1.0,1
2566,1,1,0.4,K-35-063-3_Tatarevo_4326,matched,347079.9814405367,4652695.38201472,1.0,1
2567,1,1,0.85,K-35-063-3_Tatarevo_4326,matched,340239.5680067069,4665644.998796557,1.0,1
2568,1,1,0.2,K-35-063-3_Tatarevo_4326,matched,335808.5178817031,4651849.323716965,1.0,1
2569,1,1,0.95,K-35-063-3_Tatarevo_4326,matched,350817.93586564006,4668855.129468137,1.0,1
2570,1,1,1.0,K-35-063-3_Tatarevo_4326,matched,351528.483,4658486.012,1.0,1
2571,1,1,1.0,K-35-063-3_Tatarevo_4326,matched,337070.241,4668711.159,1.0,1
2572,1,1,1.0,K-35-063-3_Tatarevo_4326,matched,337310.5140093432,4668574.789902155,1.0,1
2573,1,1,0.75,K-35-063-3_Tatarevo_4326,matched,336470.39818663534,4668326.306354507,1.0,1
2574,1,1,0.85,K-35-063-3_Tatarevo_4326,matched,336447.46085332625,4668203.298247637,1.0,1
2575,1,1,1.0,K-35-063-3_Tatarevo_4326,matched,335615.7769628265,4663260.205507925,1.0,1
2576,1,1,0.85,K-35-063-3_Tatarevo_4326,matched,335633.459,4662240.209,1.0,1
2577,1,1,0.95,K-35-063-3_Tatarevo_4326,matched,336252.534,4658070.281,1.0,1
2578,1,1,1.0,K-35-063-3_Tatarevo_4326,matched,336848.39913356584,4665454.13774324,1.0,1
2579,1,1,0.4,K-35-063-3_Tatarevo_4326,matched,354330.4815674738,4660193.975760011,1.0,1
2580,1,1,0.95,K-35-063-3_Tatarevo_4326,matched,346837.091183496,4666919.532235818,1.0,1
2581,1,1,1.0,K-35-063-3_Tatarevo_4326,matched,338437.6929662117,4658538.955561809,1.0,1
2582,1,1,1.0,K-35-063-3_Tatarevo_4326,matched,338947.18936439516,4660161.04610114,1.0,1
2583,1,1,0.2,K-35-063-3_Tatarevo_4326,matched,354362.7995297886,4666182.555329747,1.0,1
2584,1,1,1.0,K-35-063-3_Tatarevo_4326,matched,354479.3661017135,4666186.844275586,1.0,1
2585,1,1,0.2,K-35-063-3_Tatarevo_4326,matched,353468.604,4666139.063,1.0,1
2586,1,1,0.75,K-35-063-3_Tatarevo_4326,matched,353981.1386558864,4666479.632530124,1.0,1
2587,1,1,1.0,K-35-063-3_Tatarevo_4326,matched,348917.98319237516,4655250.569157246,1.0,1
2588,1,1,0.4,K-35-063-3_Tatarevo_4326,matched,335716.8598575697,4652413.744745848,1.0,1
2589,1,1,0.2,K-35-063-3_Tatarevo_4326,matched,335747.0323859481,4652067.1924186535,1.0,1
2590,1,1,0.2,K-35-063-3_Tatarevo_4326,matched,335862.9061650068,4651970.440227685,1.0,1
2591,1,1,0.85,K-35-063-3_Tatarevo_4326,matched,348239.972818133,4656532.597342487,1.0,1
2592,1,1,0.75,K-35-063-3_Tatarevo_4326,matched,347890.40261559165,4655586.914550399,1.0,1
2593,1,1,1.0,K-35-063-3_Tatarevo_4326,matched,348231.41330605233,4655669.161917269,1.0,1
2594,1,1,1.0,K-35-063-3_Tatarevo_4326,matched,347816.0284539324,4662941.088729468,1.0,1
2595,1,1,0.95,K-35-063-3_Tatarevo_4326,matched,337141.17837223306,4656110.284381961,1.0,1
2596,1,1,1.0,K-35-063-3_Tatarevo_4326,matched,336792.376380899,4655830.410308912,1.0,1
2597,1,1,0.2,K-35-063-3_Tatarevo_4326,matched,336314.73656974186,4655752.544452269,1.0,1
2598,1,1,1.0,K-35-063-3_Tatarevo_4326,matched,336928.0958728701,4659491.353767934,1.0,1
2599,1,1,1.0,K-35-063-3_Tatarevo_4326,matched,337297.6762338651,4661299.0374966385,1.0,1
2600,1,1,0.95,K-35-063-3_Tatarevo_4326,matched,348867.5726030089,4664731.2331193425,1.0,1
2601,1,1,0.2,K-35-063-3_Tatarevo_4326,matched,338143.4169816738,4662057.660644659,1.0,1
2602,1,1,1.0,K-35-063-3_Tatarevo_4326,matched,338247.149,4660272.022,1.0,1
2603,1,1,1.0,K-35-063-3_Tatarevo_4326,matched,344535.571,4654916.524,1.0,1
2604,1,1,0.2,K-35-063-3_Tatarevo_4326,matched,349801.449,4656593.255,1.0,1
2605,1,1,1.0,K-35-063-3_Tatarevo_4326,matched,337825.5218670848,4661971.462952809,1.0,1
2606,1,1,0.2,K-35-063-3_Tatarevo_4326,matched,336522.1642465006,4654728.1295202505,1.0,1
2607,1,1,0.85,K-35-063-3_Tatarevo_4326,matched,336644.40771623346,4654751.56723507,1.0,1
2608,1,1,1.0,K-35-063-3_Tatarevo_4326,matched,337725.7670050232,4655993.705446082,1.0,1
2609,1,1,0.4,K-35-063-3_Tatarevo_4326,matched,344565.12092583504,4665980.195228655,1.0,1
2610,1,0,0.0,K-35-063-3_Tatarevo_4326,student_only,353111.1215183543,4669113.951286964,1.0,1
2611,1,0,0.0,K-35-063-3_Tatarevo_4326,student_only,337833.65818538505,4667006.933335597,1.0,1
2612,1,0,0.0,K-35-063-3_Tatarevo_4326,student_only,351094.391896352,4667649.79675793,1.0,1
2613,1,0,0.0,K-35-063-3_Tatarevo_4326,student_only,354704.75843452034,4667835.819452354,1.0,1
2614,1,0,0.0,K-35-063-3_Tatarevo_4326,student_only,354781.0161019045,4667755.264643712,1.0,1
2615,1,0,0.0,K-35-063-3_Tatarevo_4326,student_only,339489.73979717575,4665734.915448272,1.0,1
2616,1,0,0.0,K-35-063-3_Tatarevo_4326,student_only,347689.78348941135,4662886.77597925,1.0,1
2617,1,0,0.0,K-35-063-3_Tatarevo_4326,student_only,346209.4725986633,4662045.037278692,1.0,1
2618,1,0,0.0,K-35-063-3_Tatarevo_4326,student_only,338292.248,4662387.913,1.0,1
2619,1,0,0.0,K-35-063-3_Tatarevo_4326,student_only,338007.005807868,4661966.063316598,1.0,1
2620,1,0,0.0,K-35-063-3_Tatarevo_4326,student_only,346368.11484540557,4661970.455519333,1.0,1
2621,1,0,0.0,K-35-063-3_Tatarevo_4326,student_only,350970.1499206051,4659026.85504935,1.0,1
2622,1,0,0.0,K-35-063-3_Tatarevo_4326,student_only,350991.78858411184,4658084.317426081,1.0,1
2623,1,0,0.0,K-35-063-3_Tatarevo_4326,student_only,335526.9084524963,4654884.624986519,1.0,1
2624,1,0,0.0,K-35-063-3_Tatarevo_4326,student_only,354302.6167254247,4653410.752036192,1.0,1
2625,1,0,0.0,K-35-063-3_Tatarevo_4326,student_only,340296.958581113,4652057.193036996,1.0,1
2626,1,0,0.0,K-35-063-3_Tatarevo_4326,student_only,339766.8188534342,4652402.299808981,1.0,1
2627,1,0,0.0,K-35-063-3_Tatarevo_4326,student_only,335753.3549339017,4651951.479818374,1.0,1
2628,1,0,0.0,K-35-063-3_Tatarevo_4326,student_only,340189.7410903999,4651986.9854646055,1.0,1
2629,1,0,0.0,K-35-063-3_Tatarevo_4326,student_only,342397.797,4651399.323,1.0,1
2630,1,0,0.0,K-35-063-3_Tatarevo_4326,student_only,345830.387,4651124.526,1.0,1
2631,1,0,0.0,K-35-063-3_Tatarevo_4326,student_only,350146.462,4651153.579,1.0,1
2632,1,0,0.0,K-35-063-3_Tatarevo_4326,student_only,352395.331,4651222.589,1.0,1
2633,0,1,0.2,K-35-063-3_Tatarevo_4326,vlm_only,345127.7159717198,4669339.021410411,0.278217431962353,0
2634,0,1,0.95,K-35-063-3_Tatarevo_4326,vlm_only,340780.5941848278,4665333.036871795,0.278217431962353,0
2635,0,1,0.2,K-35-063-3_Tatarevo_4326,vlm_only,335602.7708160874,4665093.892031019,0.278217431962353,0
2636,0,1,1.0,K-35-063-3_Tatarevo_4326,vlm_only,347507.4993233548,4669800.484904986,0.278217431962353,0
2637,0,1,1.0,K-35-063-3_Tatarevo_4326,vlm_only,347506.5581336525,4669764.623250384,0.278217431962353,0
2638,0,1,1.0,K-35-063-3_Tatarevo_4326,vlm_only,349038.2298290031,4669622.00631047,0.278217431962353,0
2639,0,1,0.2,K-35-063-3_Tatarevo_4326,vlm_only,341531.70947143703,4656130.767419825,0.278217431962353,0
2640,0,1,1.0,K-35-063-3_Tatarevo_4326,vlm_only,351537.54934272205,4658530.995832719,0.278217431962353,0
2641,0,1,0.85,K-35-063-3_Tatarevo_4326,vlm_only,353144.7342891699,4669433.830616714,0.278217431962353,0
2642,0,1,0.85,K-35-063-3_Tatarevo_4326,vlm_only,352102.45878487785,4657694.4720415585,0.278217431962353,0
2643,0,1,0.95,K-35-063-3_Tatarevo_4326,vlm_only,336224.98296566156,4657944.553138905,0.278217431962353,0
2644,0,1,0.95,K-35-063-3_Tatarevo_4326,vlm_only,351077.4993666358,4651719.530141081,0.278217431962353,0
2645,0,1,0.95,K-35-063-3_Tatarevo_4326,vlm_only,338225.15621010296,4660281.298713207,0.278217431962353,0
2646,0,1,1.0,K-35-063-3_Tatarevo_4326,vlm_only,337063.7229049583,4668740.342605582,0.278217431962353,0
2647,0,1,0.2,K-35-063-3_Tatarevo_4326,vlm_only,338949.4297062848,4651752.642833105,0.278217431962353,0
2648,0,1,0.85,K-35-063-3_Tatarevo_4326,vlm_only,341266.543047716,4660417.433004112,0.278217431962353,0
2649,0,1,0.85,K-35-063-3_Tatarevo_4326,vlm_only,351902.54060087947,4669739.424790039,0.278217431962353,0
2650,1,1,1.0,K-35-063-4_Skobelevo_4326,matched,355977.83964283206,4651330.439761329,1.0,1
2651,1,1,0.95,K-35-063-4_Skobelevo_4326,matched,361472.87541889783,4667467.393980844,1.0,1
2652,1,1,1.0,K-35-063-4_Skobelevo_4326,matched,361112.4225027013,4666444.726827154,1.0,1
2653,1,1,1.0,K-35-063-4_Skobelevo_4326,matched,360768.96441243263,4665813.104145819,1.0,1
2654,1,1,1.0,K-35-063-4_Skobelevo_4326,matched,361581.133,4665915.901,1.0,1
2655,1,1,1.0,K-35-063-4_Skobelevo_4326,matched,356126.1347452664,4667611.426038261,1.0,1
2656,1,1,1.0,K-35-063-4_Skobelevo_4326,matched,361934.5515474295,4665793.78997957,1.0,1
2657,1,1,0.85,K-35-063-4_Skobelevo_4326,matched,364352.20908535,4656065.015028634,1.0,1
2658,1,1,0.85,K-35-063-4_Skobelevo_4326,matched,364386.25093935244,4656196.715579843,1.0,1
2659,1,1,1.0,K-35-063-4_Skobelevo_4326,matched,362642.14872015204,4659270.526837502,1.0,1
2660,1,1,0.85,K-35-063-4_Skobelevo_4326,matched,364776.04,4657698.446,1.0,1
2661,1,1,1.0,K-35-063-4_Skobelevo_4326,matched,365803.0086881207,4657083.943190898,1.0,1
2662,1,1,0.85,K-35-063-4_Skobelevo_4326,matched,364246.3839139124,4652176.72068281,1.0,1
2663,1,1,0.95,K-35-063-4_Skobelevo_4326,matched,366587.1234548021,4664579.560321906,1.0,1
2664,1,1,0.95,K-35-063-4_Skobelevo_4326,matched,367451.88892360416,4663953.642269943,1.0,1
2665,1,1,0.75,K-35-063-4_Skobelevo_4326,matched,368358.67606926674,4663924.378726506,1.0,1
2666,1,1,1.0,K-35-063-4_Skobelevo_4326,matched,363576.289,4659889.899,1.0,1
2667,1,1,0.95,K-35-063-4_Skobelevo_4326,matched,363685.23,4659852.318,1.0,1
2668,1,1,1.0,K-35-063-4_Skobelevo_4326,matched,367525.3041468712,4658016.832714699,1.0,1
2669,1,1,1.0,K-35-063-4_Skobelevo_4326,matched,368497.7506256701,4668259.524045014,1.0,1
2670,1,1,0.95,K-35-063-4_Skobelevo_4326,matched,369853.9817319206,4666765.847967422,1.0,1
2671,1,1,1.0,K-35-063-4_Skobelevo_4326,matched,367331.14945437555,4657894.2616366055,1.0,1
2672,1,1,1.0,K-35-063-4_Skobelevo_4326,matched,371200.4702901389,4661777.471880822,1.0,1
2673,1,1,0.85,K-35-063-4_Skobelevo_4326,matched,362046.68973177625,4666832.29367571,1.0,1
2674,1,1,0.95,K-35-063-4_Skobelevo_4326,matched,362556.21453347633,4666696.849415904,1.0,1
2675,1,1,1.0,K-35-063-4_Skobelevo_4326,matched,371309.37026378134,4656227.512467975,1.0,1
2676,1,1,0.85,K-35-063-4_Skobelevo_4326,matched,365771.107791814,4662585.886730152,1.0,1
2677,1,1,0.85,K-35-063-4_Skobelevo_4326,matched,363558.58596416714,4668045.162249598,1.0,1
2678,1,1,1.0,K-35-063-4_Skobelevo_4326,matched,363561.3855344758,4667207.625749982,1.0,1
2679,1,1,1.0,K-35-063-4_Skobelevo_4326,matched,363463.361,4666587.548,1.0,1
2680,1,1,0.95,K-35-063-4_Skobelevo_4326,matched,371475.8205150786,4657177.242949043,1.0,1
2681,1,1,0.95,K-35-063-4_Skobelevo_4326,matched,365004.4350604568,4652886.241123568,1.0,1
2682,1,1,0.95,K-35-063-4_Skobelevo_4326,matched,366202.3995854743,4652484.982564298,1.0,1
2683,1,1,0.2,K-35-063-4_Skobelevo_4326,matched,366619.70864412386,4652558.434541306,1.0,1
2684,1,1,0.95,K-35-063-4_Skobelevo_4326,matched,368687.07491474674,4664876.274550882,1.0,1
2685,1,1,0.4,K-35-063-4_Skobelevo_4326,matched,372659.01477615297,4663079.466701935,1.0,1
2686,1,1,0.85,K-35-063-4_Skobelevo_4326,matched,373046.15731602395,4662927.705009801,1.0,1
2687,1,1,1.0,K-35-063-4_Skobelevo_4326,matched,373217.5964629955,4662927.712218434,1.0,1
2688,1,1,1.0,K-35-063-4_Skobelevo_4326,matched,373178.05,4656927.59,1.0,1
2689,1,1,0.75,K-35-063-4_Skobelevo_4326,matched,371980.74350401293,4656487.7542512575,1.0,1
2690,1,1,1.0,K-35-063-4_Skobelevo_4326,matched,368266.874,4661247.411,1.0,1
2691,1,1,1.0,K-35-063-4_Skobelevo_4326,matched,366790.92357453547,4666106.8881801525,1.0,1
2692,1,1,0.3,K-35-063-4_Skobelevo_4326,matched,366738.4688736265,4665718.110180525,1.0,1
2693,1,1,1.0,K-35-063-4_Skobelevo_4326,matched,373524.47070194245,4662810.990982554,1.0,1
2694,1,1,0.4,K-35-063-4_Skobelevo_4326,matched,373865.6021904553,4662545.470500332,1.0,1
2695,1,1,0.85,K-35-063-4_Skobelevo_4326,matched,374161.8506706164,4662415.973728959,1.0,1
2696,1,1,0.95,K-35-063-4_Skobelevo_4326,matched,374345.1457656847,4661847.911299082,1.0,1
2697,1,1,1.0,K-35-063-4_Skobelevo_4326,matched,371228.58230329456,4652283.1418378325,1.0,1
2698,1,1,0.85,K-35-063-4_Skobelevo_4326,matched,370263.40424059855,4651449.035973044,1.0,1
2699,1,1,0.2,K-35-063-4_Skobelevo_4326,matched,370032.686,4651423.993,1.0,1
2700,1,1,1.0,K-35-063-4_Skobelevo_4326,matched,357976.38006386836,4655863.536128248,1.0,1
2701,1,1,1.0,K-35-063-4_Skobelevo_4326,matched,369402.3954237184,4664603.501462705,1.0,1
2702,1,1,1.0,K-35-063-4_Skobelevo_4326,matched,368974.09134502197,4664562.674465524,1.0,1
2703,1,1,1.0,K-35-063-4_Skobelevo_4326,matched,369067.3848981803,4664462.332239698,1.0,1
2704,1,1,1.0,K-35-063-4_Skobelevo_4326,matched,369607.39978991356,4664428.04014094,1.0,1
2705,1,1,0.15,K-35-063-4_Skobelevo_4326,matched,369510.0093857305,4664243.662769754,1.0,1
2706,1,1,0.15,K-35-063-4_Skobelevo_4326,matched,369756.98623918893,4664072.458008976,1.0,1
2707,1,1,1.0,K-35-063-4_Skobelevo_4326,matched,369765.38523272803,4663491.956915507,1.0,1
2708,1,1,0.85,K-35-063-4_Skobelevo_4326,matched,369048.2536394461,4663299.722720007,1.0,1
2709,1,1,0.95,K-35-063-4_Skobelevo_4326,matched,357744.31044893677,4666329.713175754,1.0,1
2710,1,1,0.2,K-35-063-4_Skobelevo_4326,matched,358179.144,4651905.186,1.0,1
2711,1,1,0.95,K-35-063-4_Skobelevo_4326,matched,357809.3866454364,4667013.230377249,1.0,1
2712,1,1,1.0,K-35-063-4_Skobelevo_4326,matched,374447.53298809676,4665853.89893697,1.0,1
2713,1,1,1.0,K-35-063-4_Skobelevo_4326,matched,374664.5607796677,4665705.257144581,1.0,1
2714,1,1,1.0,K-35-063-4_Skobelevo_4326,matched,373310.4242090573,4665207.837412028,1.0,1
2715,1,1,0.75,K-35-063-4_Skobelevo_4326,matched,373435.631352009,4665152.171412725,1.0,1
2716,1,1,0.2,K-35-063-4_Skobelevo_4326,matched,375042.31511814636,4652718.1928913705,1.0,1
2717,1,1,0.95,K-35-063-4_Skobelevo_4326,matched,359537.3608279149,4666824.519195788,1.0,1
2718,1,1,0.95,K-35-063-4_Skobelevo_4326,matched,359621.27373503166,4666800.888290743,1.0,1
2719,1,1,0.85,K-35-063-4_Skobelevo_4326,matched,364591.2367762898,4660496.251609001,1.0,1
2720,1,1,1.0,K-35-063-4_Skobelevo_4326,matched,363669.267,4666596.501,1.0,1
2721,1,1,1.0,K-35-063-4_Skobelevo_4326,matched,364187.8686460507,4665600.198644555,1.0,1
2722,1,1,0.85,K-35-063-4_Skobelevo_4326,matched,375829.05835222814,4662274.660407704,1.0,1
2723,1,1,1.0,K-35-063-4_Skobelevo_4326,matched,375575.259235299,4662066.857170666,1.0,1
2724,1,1,0.75,K-35-063-4_Skobelevo_4326,matched,368636.39129029145,4651554.953297905,1.0,1
2725,1,1,0.95,K-35-063-4_Skobelevo_4326,matched,375331.50475119374,4656742.8429112425,1.0,1
2726,1,1,0.95,K-35-063-4_Skobelevo_4326,matched,370112.14729456673,4659395.125568236,1.0,1
2727,1,1,0.95,K-35-063-4_Skobelevo_4326,matched,373602.0688257436,4662825.679389787,1.0,1
2728,1,1,0.2,K-35-063-4_Skobelevo_4326,matched,374703.9921977139,4661247.649167512,1.0,1
2729,1,1,0.4,K-35-063-4_Skobelevo_4326,matched,375257.685,4662300.33,1.0,1
2730,1,0,0.0,K-35-063-4_Skobelevo_4326,student_only,365769.331,4650878.782,1.0,1
2731,1,0,0.0,K-35-063-4_Skobelevo_4326,student_only,370788.799,4650577.385,1.0,1
2732,1,0,0.0,K-35-063-4_Skobelevo_4326,student_only,375861.309,4659316.518,1.0,1
2733,1,0,0.0,K-35-063-4_Skobelevo_4326,student_only,375861.01,4659191.155,1.0,1
2734,1,0,0.0,K-35-063-4_Skobelevo_4326,student_only,368026.6000930695,4666700.341062994,1.0,1
2735,1,0,0.0,K-35-063-4_Skobelevo_4326,student_only,366901.7382623309,4666267.206006312,1.0,1
2736,1,0,0.0,K-35-063-4_Skobelevo_4326,student_only,360156.00844527385,4666055.719885314,1.0,1
2737,1,0,0.0,K-35-063-4_Skobelevo_4326,student_only,373203.8257487194,4665282.682154328,1.0,1
2738,1,0,0.0,K-35-063-4_Skobelevo_4326,student_only,370803.8130103028,4664500.591097215,1.0,1
2739,1,0,0.0,K-35-063-4_Skobelevo_4326,student_only,369946.474,4664061.988,1.0,1
2740,1,0,0.0,K-35-063-4_Skobelevo_4326,student_only,368834.802,4664663.874,1.0,1
2741,1,0,0.0,K-35-063-4_Skobelevo_4326,student_only,368763.98975754064,4664397.724789423,1.0,1
2742,1,0,0.0,K-35-063-4_Skobelevo_4326,student_only,362374.1348942367,4664807.58508896,1.0,1
2743,1,0,0.0,K-35-063-4_Skobelevo_4326,student_only,368684.47586326976,4663521.881750835,1.0,1
2744,1,0,0.0,K-35-063-4_Skobelevo_4326,student_only,371575.2303106751,4663869.434652178,1.0,1
2745,1,0,0.0,K-35-063-4_Skobelevo_4326,student_only,372720.8892188932,4663721.278196621,1.0,1
2746,1,0,0.0,K-35-063-4_Skobelevo_4326,student_only,375118.6489547108,4662283.919755421,1.0,1
2747,1,0,0.0,K-35-063-4_Skobelevo_4326,student_only,374655.30862198595,4662364.163331581,1.0,1
2748,1,0,0.0,K-35-063-4_Skobelevo_4326,student_only,373359.428,4662898.906,1.0,1
2749,1,0,0.0,K-35-063-4_Skobelevo_4326,student_only,373139.69266725535,4662867.405624215,1.0,1
2750,1,0,0.0,K-35-063-4_Skobelevo_4326,student_only,361827.0243407596,4661893.970274393,1.0,1
2751,1,0,0.0,K-35-063-4_Skobelevo_4326,student_only,374752.4728737696,4661386.610776571,1.0,1
2752,1,0,0.0,K-35-063-4_Skobelevo_4326,student_only,375778.13109605695,4660617.807190275,1.0,1
2753,1,0,0.0,K-35-063-4_Skobelevo_4326,student_only,357585.29120060964,4660769.683431432,1.0,1
2754,1,0,0.0,K-35-063-4_Skobelevo_4326,student_only,367607.5908804307,4657994.2482373845,1.0,1
2755,1,0,0.0,K-35-063-4_Skobelevo_4326,student_only,361669.0993683401,4655274.659119105,1.0,1
2756,1,0,0.0,K-35-063-4_Skobelevo_4326,student_only,361333.62211273547,4655408.9224600755,1.0,1
2757,1,0,0.0,K-35-063-4_Skobelevo_4326,student_only,361097.96465547784,4654378.976229667,1.0,1
2758,1,0,0.0,K-35-063-4_Skobelevo_4326,student_only,374174.938,4652904.454,1.0,1
2759,1,0,0.0,K-35-063-4_Skobelevo_4326,student_only,370379.16409434215,4651033.556357497,1.0,1
2760,1,0,0.0,K-35-063-4_Skobelevo_4326,student_only,369986.309,4651399.265,1.0,1
2761,1,0,0.0,K-35-063-4_Skobelevo_4326,student_only,363900.07052580157,4651937.142104345,1.0,1
2762,0,1,0.85,K-35-063-4_Skobelevo_4326,vlm_only,364863.30517521565,4658527.657628652,0.278217431962353,0
2763,0,1,0.15,K-35-063-4_Skobelevo_4326,vlm_only,367543.24018619646,4653810.556159689,0.278217431962353,0
2764,0,1,0.4,K-35-063-4_Skobelevo_4326,vlm_only,361326.49166281073,4659266.361069729,0.278217431962353,0
2765,0,1,1.0,K-35-063-4_Skobelevo_4326,vlm_only,367373.2456372395,4658923.7764728805,0.278217431962353,0
2766,0,1,1.0,K-35-063-4_Skobelevo_4326,vlm_only,367470.8413131817,4658836.753309357,0.278217431962353,0
2767,0,1,0.2,K-35-063-4_Skobelevo_4326,vlm_only,367023.6786589307,4658769.838848754,0.278217431962353,0
2768,0,1,0.15,K-35-063-4_Skobelevo_4326,vlm_only,364207.7108665977,4651298.33649643,0.278217431962353,0
2769,0,1,0.3,K-35-063-4_Skobelevo_4326,vlm_only,365292.2072073306,4652044.166266216,0.278217431962353,0
2770,0,1,0.95,K-35-063-4_Skobelevo_4326,vlm_only,364866.1420736497,4658130.286909737,0.278217431962353,0
2771,0,1,0.95,K-35-063-4_Skobelevo_4326,vlm_only,355724.5695413336,4658651.297196802,0.278217431962353,0
2772,0,1,0.3,K-35-063-4_Skobelevo_4326,vlm_only,365781.5132097923,4663582.425077779,0.278217431962353,0
2773,0,1,1.0,K-35-063-4_Skobelevo_4326,vlm_only,373362.30920859135,4662832.076581652,0.278217431962353,0
2774,0,1,0.4,K-35-063-4_Skobelevo_4326,vlm_only,369986.00332964875,4651328.069792835,0.278217431962353,0
2775,0,1,0.2,K-35-063-4_Skobelevo_4326,vlm_only,358320.244744109,4651904.63576028,0.278217431962353,0
2776,0,1,1.0,K-35-063-4_Skobelevo_4326,vlm_only,357961.79778966354,4656052.843996807,0.278217431962353,0
2777,0,1,1.0,K-35-063-4_Skobelevo_4326,vlm_only,364532.7408804693,4660669.746818664,0.278217431962353,0
2778,0,1,0.4,K-35-063-4_Skobelevo_4326,vlm_only,359014.2578159204,4659206.669224804,0.278217431962353,0
2779,1,1,1.0,K-35-064-1_Sredets_4326,matched,381046.0879179975,4682716.221391195,1.0,1
2780,1,1,0.4,K-35-064-1_Sredets_4326,matched,381307.70392460836,4682141.330591198,1.0,1
2781,1,1,0.4,K-35-064-1_Sredets_4326,matched,377010.917,4686631.103,1.0,1
2782,1,1,1.0,K-35-064-1_Sredets_4326,matched,377145.81564844976,4681418.560012261,1.0,1
2783,1,1,1.0,K-35-064-1_Sredets_4326,matched,393683.9742014875,4672740.067408775,1.0,1
2784,1,1,1.0,K-35-064-1_Sredets_4326,matched,393182.3404835229,4671220.407225532,1.0,1
2785,1,1,1.0,K-35-064-1_Sredets_4326,matched,381114.0986334132,4670093.198243276,1.0,1
2786,1,1,1.0,K-35-064-1_Sredets_4326,matched,382762.77192054933,4680233.258498666,1.0,1
2787,1,1,1.0,K-35-064-1_Sredets_4326,matched,383166.32901975105,4678942.7885527555,1.0,1
2788,1,1,0.2,K-35-064-1_Sredets_4326,matched,378481.43415260134,4682591.217545999,1.0,1
2789,1,1,0.95,K-35-064-1_Sredets_4326,matched,378634.21438663616,4682210.1638836805,1.0,1
2790,1,1,1.0,K-35-064-1_Sredets_4326,matched,378211.8995128387,4681490.430790572,1.0,1
2791,1,1,0.85,K-35-064-1_Sredets_4326,matched,378257.598,4681445.125,1.0,1
2792,1,1,1.0,K-35-064-1_Sredets_4326,matched,378310.762,4681429.277,1.0,1
2793,1,1,1.0,K-35-064-1_Sredets_4326,matched,378389.6893811966,4681534.932215584,1.0,1
2794,1,1,0.4,K-35-064-1_Sredets_4326,matched,378338.1086308862,4681295.407913525,1.0,1
2795,1,1,1.0,K-35-064-1_Sredets_4326,matched,377095.0067186989,4672944.368886824,1.0,1
2796,1,1,1.0,K-35-064-1_Sredets_4326,matched,382136.0493387824,4680109.44337129,1.0,1
2797,1,1,0.2,K-35-064-1_Sredets_4326,matched,377848.2921275137,4677755.128028219,1.0,1
2798,1,1,0.95,K-35-064-1_Sredets_4326,matched,377714.5736375592,4676792.975807602,1.0,1
2799,1,1,0.4,K-35-064-1_Sredets_4326,matched,379084.70382265537,4676441.748649882,1.0,1
2800,1,1,0.85,K-35-064-1_Sredets_4326,matched,386481.108,4686005.674,1.0,1
2801,1,1,0.4,K-35-064-1_Sredets_4326,matched,386471.45959696884,4685110.807998669,1.0,1
2802,1,1,0.4,K-35-064-1_Sredets_4326,matched,387312.484599752,4684747.596263873,1.0,1
2803,1,1,1.0,K-35-064-1_Sredets_4326,matched,377218.961,4678575.584,1.0,1
2804,1,1,1.0,K-35-064-1_Sredets_4326,matched,377297.70060061885,4678491.430493043,1.0,1
2805,1,1,0.95,K-35-064-1_Sredets_4326,matched,382542.7231705205,4683583.237863576,1.0,1
2806,1,1,1.0,K-35-064-1_Sredets_4326,matched,384186.4742894281,4683789.96958069,1.0,1
2807,1,1,0.75,K-35-064-1_Sredets_4326,matched,388123.4246364545,4670419.391361028,1.0,1
2808,1,1,1.0,K-35-064-1_Sredets_4326,matched,389191.591,4678583.94,1.0,1
2809,1,1,0.95,K-35-064-1_Sredets_4326,matched,384454.64471700403,4674250.092419688,1.0,1
2810,1,1,0.2,K-35-064-1_Sredets_4326,matched,385303.99265716143,4673018.881319534,1.0,1
2811,1,1,0.3,K-35-064-1_Sredets_4326,matched,386859.589654524,4674062.8949835785,1.0,1
2812,1,1,0.15,K-35-064-1_Sredets_4326,matched,387286.69891755487,4673477.6147285495,1.0,1
2813,1,1,0.2,K-35-064-1_Sredets_4326,matched,387424.223,4673360.935,1.0,1
2814,1,1,1.0,K-35-064-1_Sredets_4326,matched,381874.8167585113,4672388.181447398,1.0,1
2815,1,1,1.0,K-35-064-1_Sredets_4326,matched,391819.7396501452,4687272.6906209495,1.0,1
2816,1,1,1.0,K-35-064-1_Sredets_4326,matched,386180.56,4677230.517,1.0,1
2817,1,1,0.95,K-35-064-1_Sredets_4326,matched,386213.409,4677175.328,1.0,1
2818,1,1,1.0,K-35-064-1_Sredets_4326,matched,387045.1313145719,4676956.687397869,1.0,1
2819,1,1,1.0,K-35-064-1_Sredets_4326,matched,385838.84259772446,4676494.394842016,1.0,1
2820,1,1,1.0,K-35-064-1_Sredets_4326,matched,378438.7908764479,4681088.379513628,1.0,1
2821,1,1,0.75,K-35-064-1_Sredets_4326,matched,378171.6098957824,4681043.106356715,1.0,1
2822,1,1,0.95,K-35-064-1_Sredets_4326,matched,378069.4460045227,4680996.594552504,1.0,1
2823,1,1,0.2,K-35-064-1_Sredets_4326,matched,394011.4604173384,4683828.334800857,1.0,1
2824,1,1,0.95,K-35-064-1_Sredets_4326,matched,378675.3193901564,4672481.996811779,1.0,1
2825,1,1,1.0,K-35-064-1_Sredets_4326,matched,384576.86887375335,4672101.559192748,1.0,1
2826,1,1,1.0,K-35-064-1_Sredets_4326,matched,384314.37758737296,4671578.2913778955,1.0,1
2827,1,1,1.0,K-35-064-1_Sredets_4326,matched,384259.0879127736,4671497.816224358,1.0,1
2828,1,1,1.0,K-35-064-1_Sredets_4326,matched,396208.9588071683,4669254.756104422,1.0,1
2829,1,1,0.95,K-35-064-1_Sredets_4326,matched,393300.26525243465,4679565.7088005515,1.0,1
2830,1,1,1.0,K-35-064-1_Sredets_4326,matched,393404.198,4679503.232,1.0,1
2831,1,1,0.95,K-35-064-1_Sredets_4326,matched,393530.696,4679524.75,1.0,1
2832,1,1,0.95,K-35-064-1_Sredets_4326,matched,393538.197,4679589.439,1.0,1
2833,1,1,1.0,K-35-064-1_Sredets_4326,matched,391089.09062316245,4671603.847719681,1.0,1
2834,1,1,0.95,K-35-064-1_Sredets_4326,matched,391189.62224446086,4671542.140572406,1.0,1
2835,1,1,0.95,K-35-064-1_Sredets_4326,matched,391533.85565724823,4671488.440504393,1.0,1
2836,1,1,0.4,K-35-064-1_Sredets_4326,matched,392369.26564334275,4671524.388148453,1.0,1
2837,1,1,0.95,K-35-064-1_Sredets_4326,matched,382789.8409456194,4670499.3987247525,1.0,1
2838,1,1,1.0,K-35-064-1_Sredets_4326,matched,380121.4546083291,4675481.974026305,1.0,1
2839,1,1,1.0,K-35-064-1_Sredets_4326,matched,380715.661,4674438.904,1.0,1
2840,1,1,1.0,K-35-064-1_Sredets_4326,matched,379794.7365256655,4671878.869396497,1.0,1
2841,1,1,0.95,K-35-064-1_Sredets_4326,matched,379364.373,4683720.221,1.0,1
2842,1,1,0.95,K-35-064-1_Sredets_4326,matched,379419.003,4683711.289,1.0,1
2843,1,1,1.0,K-35-064-1_Sredets_4326,matched,379593.1442882511,4683601.426832101,1.0,1
2844,1,1,0.2,K-35-064-1_Sredets_4326,matched,379837.2618148491,4677217.972502587,1.0,1
2845,1,1,1.0,K-35-064-1_Sredets_4326,matched,379811.54251553,4676797.783385279,1.0,1
2846,1,1,1.0,K-35-064-1_Sredets_4326,matched,379875.3064359913,4676742.655300109,1.0,1
2847,1,1,1.0,K-35-064-1_Sredets_4326,matched,379998.57485589816,4676579.483660175,1.0,1
2848,1,1,0.95,K-35-064-1_Sredets_4326,matched,378358.4072473289,4685442.735274336,1.0,1
2849,1,1,1.0,K-35-064-1_Sredets_4326,matched,378759.2132982255,4685422.671537489,1.0,1
2850,1,1,1.0,K-35-064-1_Sredets_4326,matched,396108.477,4669580.705,1.0,1
2851,1,1,0.85,K-35-064-1_Sredets_4326,matched,379807.41468255164,4681890.6580707,1.0,1
2852,1,1,0.95,K-35-064-1_Sredets_4326,matched,384516.69512745785,4677201.844639975,1.0,1
2853,1,1,0.95,K-35-064-1_Sredets_4326,matched,385035.650143066,4676583.121726075,1.0,1
2854,1,1,0.95,K-35-064-1_Sredets_4326,matched,383496.90042371285,4682681.364018797,1.0,1
2855,1,1,0.2,K-35-064-1_Sredets_4326,matched,383623.9692835327,4682171.543463106,1.0,1
2856,1,1,1.0,K-35-064-1_Sredets_4326,matched,385481.90204642265,4683850.984720547,1.0,1
2857,1,1,0.95,K-35-064-1_Sredets_4326,matched,382726.2866872701,4672082.22499261,1.0,1
2858,1,1,0.4,K-35-064-1_Sredets_4326,matched,382680.82484050194,4671752.351947723,1.0,1
2859,1,1,0.2,K-35-064-1_Sredets_4326,matched,379661.6450243865,4678669.891988611,1.0,1
2860,1,1,1.0,K-35-064-1_Sredets_4326,matched,379741.8998167184,4678085.199090573,1.0,1
2861,1,1,0.95,K-35-064-1_Sredets_4326,matched,380571.6155508093,4678017.356674243,1.0,1
2862,1,1,1.0,K-35-064-1_Sredets_4326,matched,390073.77538856503,4686442.598119043,1.0,1
2863,1,1,1.0,K-35-064-1_Sredets_4326,matched,380115.3128065987,4686105.555722542,1.0,1
2864,1,1,1.0,K-35-064-1_Sredets_4326,matched,380387.1745170535,4685870.463069848,1.0,1
2865,1,1,0.2,K-35-064-1_Sredets_4326,matched,382711.10834867624,4673987.028483167,1.0,1
2866,1,1,1.0,K-35-064-1_Sredets_4326,matched,386506.1273410601,4685543.025262774,1.0,1
2867,1,1,0.85,K-35-064-1_Sredets_4326,matched,378606.6748640527,4670036.540672157,1.0,1
2868,1,1,1.0,K-35-064-1_Sredets_4326,matched,377745.3909004888,4678150.687259492,1.0,1
2869,1,0,0.0,K-35-064-1_Sredets_4326,student_only,376470.24852308596,4673756.81468555,1.0,1
2870,1,0,0.0,K-35-064-1_Sredets_4326,student_only,377887.23829881795,4677541.086868981,1.0,1
2871,1,0,0.0,K-35-064-1_Sredets_4326,student_only,377770.43806322623,4678051.487486331,1.0,1
2872,1,0,0.0,K-35-064-1_Sredets_4326,student_only,377163.69179914956,4686781.232802946,1.0,1
2873,1,0,0.0,K-35-064-1_Sredets_4326,student_only,378911.7924371403,4678171.557706186,1.0,1
2874,1,0,0.0,K-35-064-1_Sredets_4326,student_only,379814.696632382,4680988.875359325,1.0,1
2875,1,0,0.0,K-35-064-1_Sredets_4326,student_only,379799.57464453165,4683528.2530579725,1.0,1
2876,1,0,0.0,K-35-064-1_Sredets_4326,student_only,379482.8607539599,4683920.8205485465,1.0,1
2877,1,0,0.0,K-35-064-1_Sredets_4326,student_only,380330.5421937281,4683539.843701702,1.0,1
2878,1,0,0.0,K-35-064-1_Sredets_4326,student_only,380001.11137522507,4683473.245924793,1.0,1
2879,1,0,0.0,K-35-064-1_Sredets_4326,student_only,380173.66196190065,4683168.972366133,1.0,1
2880,1,0,0.0,K-35-064-1_Sredets_4326,student_only,380250.95699652954,4683138.94137126,1.0,1
2881,1,0,0.0,K-35-064-1_Sredets_4326,student_only,381244.57675024343,4679275.596748972,1.0,1
2882,1,0,0.0,K-35-064-1_Sredets_4326,student_only,381313.66227221204,4685847.367113134,1.0,1
2883,1,0,0.0,K-35-064-1_Sredets_4326,student_only,382072.7730398643,4679330.2430869285,1.0,1
2884,1,0,0.0,K-35-064-1_Sredets_4326,student_only,382045.403109738,4671663.413174539,1.0,1
2885,1,0,0.0,K-35-064-1_Sredets_4326,student_only,384734.6421224699,4683640.722217274,1.0,1
2886,1,0,0.0,K-35-064-1_Sredets_4326,student_only,384577.3933047442,4671991.94984883,1.0,1
2887,1,0,0.0,K-35-064-1_Sredets_4326,student_only,384704.68102306844,4669798.232042369,1.0,1
2888,1,0,0.0,K-35-064-1_Sredets_4326,student_only,385066.7120047513,4679489.89150153,1.0,1
2889,1,0,0.0,K-35-064-1_Sredets_4326,student_only,385815.40612543595,4685407.520159976,1.0,1
2890,1,0,0.0,K-35-064-1_Sredets_4326,student_only,387409.95128481055,4677008.959003408,1.0,1
2891,1,0,0.0,K-35-064-1_Sredets_4326,student_only,390941.8021948484,4669611.163894797,1.0,1
2892,1,0,0.0,K-35-064-1_Sredets_4326,student_only,388931.72888935736,4673835.228194173,1.0,1
2893,1,0,0.0,K-35-064-1_Sredets_4326,student_only,389242.9359251848,4678437.00707075,1.0,1
2894,1,0,0.0,K-35-064-1_Sredets_4326,student_only,392187.6621057375,4686172.682579654,1.0,1
2895,1,0,0.0,K-35-064-1_Sredets_4326,student_only,390979.4,4680141.992,1.0,1
2896,1,0,0.0,K-35-064-1_Sredets_4326,student_only,391598.363,4680607.482,1.0,1
2897,1,0,0.0,K-35-064-1_Sredets_4326,student_only,395898.99009180616,4686655.951998572,1.0,1
2898,1,0,0.0,K-35-064-1_Sredets_4326,student_only,394856.8034528865,4671582.326946953,1.0,1
2899,1,0,0.0,K-35-064-1_Sredets_4326,student_only,395279.47,4670184.099,1.0,1
2900,1,0,0.0,K-35-064-1_Sredets_4326,student_only,395214.644,4670140.173,1.0,1
2901,0,1,0.2,K-35-064-1_Sredets_4326,vlm_only,376354.5679997986,4686333.118639093,0.278217431962353,0
2902,0,1,0.75,K-35-064-1_Sredets_4326,vlm_only,376286.2853570925,4681247.63362939,0.278217431962353,0
2903,0,1,0.95,K-35-064-1_Sredets_4326,vlm_only,376311.89006988204,4680729.585880105,0.278217431962353,0
2904,0,1,0.2,K-35-064-1_Sredets_4326,vlm_only,382745.82176701725,4678745.173999379,0.278217431962353,0
2905,0,1,0.2,K-35-064-1_Sredets_4326,vlm_only,376060.51186719484,4671100.789004648,0.278217431962353,0
2906,0,1,0.2,K-35-064-1_Sredets_4326,vlm_only,388258.20656706527,4672096.465976533,0.278217431962353,0
2907,0,1,0.15,K-35-064-1_Sredets_4326,vlm_only,388437.10566832847,4677839.9738136055,0.278217431962353,0
2908,0,1,0.2,K-35-064-1_Sredets_4326,vlm_only,381413.0165172213,4685277.758383781,0.278217431962353,0
2909,0,1,0.95,K-35-064-1_Sredets_4326,vlm_only,380759.6436341001,4674440.691513279,0.278217431962353,0
2910,0,1,1.0,K-35-064-1_Sredets_4326,vlm_only,385956.1540814381,4677729.735144998,0.278217431962353,0
2911,0,1,0.95,K-35-064-1_Sredets_4326,vlm_only,384958.544836902,4669243.684120164,0.278217431962353,0
2912,0,1,0.4,K-35-064-1_Sredets_4326,vlm_only,378067.2929680462,4669447.046975083,0.278217431962353,0
2913,0,1,0.4,K-35-064-1_Sredets_4326,vlm_only,390969.4310771425,4680226.310893975,0.278217431962353,0
2914,0,1,1.0,K-35-064-1_Sredets_4326,vlm_only,380592.05285281106,4674578.148172183,0.278217431962353,0
2915,0,1,0.2,K-35-064-1_Sredets_4326,vlm_only,378566.92984486214,4687405.3927688645,0.278217431962353,0
2916,0,1,0.2,K-35-064-1_Sredets_4326,vlm_only,389524.6653585743,4686298.595604121,0.278217431962353,0
2917,0,1,0.85,K-35-064-1_Sredets_4326,vlm_only,379835.496660133,4680377.190884737,0.278217431962353,0
2918,0,1,0.85,K-35-064-1_Sredets_4326,vlm_only,394916.8891282498,4670675.458030556,0.278217431962353,0
2919,0,1,0.4,K-35-064-1_Sredets_4326,vlm_only,395022.6292473287,4670570.707203726,0.278217431962353,0
2920,0,1,1.0,K-35-064-1_Sredets_4326,vlm_only,385790.5915698285,4677545.831995339,0.278217431962353,0
2921,0,1,1.0,K-35-064-1_Sredets_4326,vlm_only,385664.1595408617,4683889.905828618,0.278217431962353,0
2922,0,1,0.2,K-35-064-1_Sredets_4326,vlm_only,385190.51072219166,4683413.941348099,0.278217431962353,0
2923,0,1,0.8,K-35-064-1_Sredets_4326,vlm_only,379216.9849649445,4685182.726818618,0.278217431962353,0
2924,0,1,0.75,K-35-064-1_Sredets_4326,vlm_only,387349.7749092817,4673442.266152931,0.278217431962353,0
2925,1,1,1.0,K-35-064-2_Radnevo_4326,matched,397537.59181711223,4683241.027680747,1.0,1
2926,1,1,1.0,K-35-064-2_Radnevo_4326,matched,397257.1819719604,4683046.130821024,1.0,1
2927,1,1,0.95,K-35-064-2_Radnevo_4326,matched,404059.4535503504,4683228.04417973,1.0,1
2928,1,1,0.4,K-35-064-2_Radnevo_4326,matched,401840.3443846734,4673935.889996054,1.0,1
2929,1,1,1.0,K-35-064-2_Radnevo_4326,matched,402604.9665247109,4673315.342988766,1.0,1
2930,1,1,0.4,K-35-064-2_Radnevo_4326,matched,406320.6250493161,4678693.145038441,1.0,1
2931,1,1,1.0,K-35-064-2_Radnevo_4326,matched,406182.31667923566,4687193.104335778,1.0,1
2932,1,1,1.0,K-35-064-2_Radnevo_4326,matched,405408.1311967261,4686305.890878919,1.0,1
2933,1,1,0.4,K-35-064-2_Radnevo_4326,matched,404627.9178373751,4677185.968050107,1.0,1
2934,1,1,1.0,K-35-064-2_Radnevo_4326,matched,404971.8298126147,4671238.824821907,1.0,1
2935,1,1,0.85,K-35-064-2_Radnevo_4326,matched,406566.48526454763,4675159.37404822,1.0,1
2936,1,1,1.0,K-35-064-2_Radnevo_4326,matched,405408.37393899175,4684196.130283756,1.0,1
2937,1,1,0.95,K-35-064-2_Radnevo_4326,matched,407028.39130064636,4684497.120414984,1.0,1
2938,1,1,0.75,K-35-064-2_Radnevo_4326,matched,411192.0705042656,4676105.423127607,1.0,1
2939,1,1,0.15,K-35-064-2_Radnevo_4326,matched,397736.0641818428,4677872.894615884,1.0,1
2940,1,1,1.0,K-35-064-2_Radnevo_4326,matched,411331.2840891516,4671757.221349868,1.0,1
2941,1,1,0.95,K-35-064-2_Radnevo_4326,matched,411691.51014522323,4683355.465347657,1.0,1
2942,1,1,0.85,K-35-064-2_Radnevo_4326,matched,401916.846889183,4670068.055748587,1.0,1
2943,1,1,0.4,K-35-064-2_Radnevo_4326,matched,402144.93864184275,4669956.3539932445,1.0,1
2944,1,1,0.95,K-35-064-2_Radnevo_4326,matched,403092.38181312237,4669515.64642979,1.0,1
2945,1,1,0.2,K-35-064-2_Radnevo_4326,matched,412437.414,4681944.387,1.0,1
2946,1,1,1.0,K-35-064-2_Radnevo_4326,matched,407929.4728263717,4678542.25064794,1.0,1
2947,1,1,1.0,K-35-064-2_Radnevo_4326,matched,408046.6841862579,4678455.434838435,1.0,1
2948,1,1,0.95,K-35-064-2_Radnevo_4326,matched,397225.3994331308,4674715.116586666,1.0,1
2949,1,1,0.95,K-35-064-2_Radnevo_4326,matched,412041.04291446984,4672897.83442869,1.0,1
2950,1,1,1.0,K-35-064-2_Radnevo_4326,matched,412663.08586760506,4672751.578859582,1.0,1
2951,1,1,0.2,K-35-064-2_Radnevo_4326,matched,398430.41079660837,4670685.632974857,1.0,1
2952,1,1,0.4,K-35-064-2_Radnevo_4326,matched,412918.38509121176,4686084.066624576,1.0,1
2953,1,1,0.85,K-35-064-2_Radnevo_4326,matched,398814.86171336996,4670842.637543417,1.0,1
2954,1,1,1.0,K-35-064-2_Radnevo_4326,matched,413671.1059992827,4686950.09942371,1.0,1
2955,1,1,1.0,K-35-064-2_Radnevo_4326,matched,402773.46501766436,4675204.789645629,1.0,1
2956,1,1,0.95,K-35-064-2_Radnevo_4326,matched,405305.9611175871,4680958.72683601,1.0,1
2957,1,1,0.4,K-35-064-2_Radnevo_4326,matched,415788.21325446013,4682498.911097547,1.0,1
2958,1,1,1.0,K-35-064-2_Radnevo_4326,matched,400026.94881593226,4678469.7503739735,1.0,1
2959,1,1,1.0,K-35-064-2_Radnevo_4326,matched,416987.43889598915,4673670.933717277,1.0,1
2960,1,1,0.95,K-35-064-2_Radnevo_4326,matched,411372.142,4678637.595,1.0,1
2961,1,1,0.95,K-35-064-2_Radnevo_4326,matched,413034.99241431267,4677545.004360506,1.0,1
2962,1,1,0.85,K-35-064-2_Radnevo_4326,matched,414622.662,4676808.811,1.0,1
2963,1,1,0.2,K-35-064-2_Radnevo_4326,matched,405487.06169316213,4669255.395697378,1.0,1
2964,1,1,0.2,K-35-064-2_Radnevo_4326,matched,407095.471,4670278.991,1.0,1
2965,1,1,0.95,K-35-064-2_Radnevo_4326,matched,397188.2644173859,4676959.815758946,1.0,1
2966,1,1,1.0,K-35-064-2_Radnevo_4326,matched,413155.92346142,4680164.121690936,1.0,1
2967,1,1,0.95,K-35-064-2_Radnevo_4326,matched,408737.3738251872,4678257.450550175,1.0,1
2968,1,1,0.95,K-35-064-2_Radnevo_4326,matched,409470.095084459,4678177.539633594,1.0,1
2969,1,1,0.75,K-35-064-2_Radnevo_4326,matched,412185.03948179865,4672833.493511553,1.0,1
2970,1,0,0.0,K-35-064-2_Radnevo_4326,student_only,415720.2598394228,4686709.206995917,1.0,1
2971,1,0,0.0,K-35-064-2_Radnevo_4326,student_only,411598.8406313842,4681205.34211314,1.0,1
2972,1,0,0.0,K-35-064-2_Radnevo_4326,student_only,414091.35452880966,4681953.753604715,1.0,1
2973,1,0,0.0,K-35-064-2_Radnevo_4326,student_only,415745.3223382791,4681038.399374819,1.0,1
2974,1,0,0.0,K-35-064-2_Radnevo_4326,student_only,416929.949092591,4678671.584673513,1.0,1
2975,1,0,0.0,K-35-064-2_Radnevo_4326,student_only,412952.0797711129,4677725.5513320835,1.0,1
2976,1,0,0.0,K-35-064-2_Radnevo_4326,student_only,412999.2092806974,4677968.292839004,1.0,1
2977,1,0,0.0,K-35-064-2_Radnevo_4326,student_only,415582.34796006343,4675424.060747931,1.0,1
2978,1,0,0.0,K-35-064-2_Radnevo_4326,student_only,404725.9577810119,4673778.627718097,1.0,1
2979,1,0,0.0,K-35-064-2_Radnevo_4326,student_only,408441.74452954764,4672606.31407235,1.0,1
2980,1,0,0.0,K-35-064-2_Radnevo_4326,student_only,402579.09552798024,4670984.099519982,1.0,1
2981,1,0,0.0,K-35-064-2_Radnevo_4326,student_only,401502.8185475632,4670476.278141454,1.0,1
2982,1,0,0.0,K-35-064-2_Radnevo_4326,student_only,404712.968,4670373.232,1.0,1
2983,1,0,0.0,K-35-064-2_Radnevo_4326,student_only,410300.87516315735,4668986.6889122175,1.0,1
2984,1,0,0.0,K-35-064-2_Radnevo_4326,student_only,408648.3594953906,4687461.911408466,1.0,1
2985,1,0,0.0,K-35-064-2_Radnevo_4326,student_only,414261.29977862944,4687355.541644306,1.0,1
2986,0,1,0.95,K-35-064-2_Radnevo_4326,vlm_only,397443.3647640562,4685070.453344539,0.278217431962353,0
2987,0,1,0.2,K-35-064-2_Radnevo_4326,vlm_only,405316.07359955943,4682757.713554333,0.278217431962353,0
2988,0,1,1.0,K-35-064-2_Radnevo_4326,vlm_only,410542.75923324923,4684923.791628685,0.278217431962353,0
2989,0,1,0.3,K-35-064-2_Radnevo_4326,vlm_only,401597.07240955986,4687307.206841117,0.278217431962353,0
2990,0,1,1.0,K-35-064-2_Radnevo_4326,vlm_only,401566.5458911826,4670329.429434382,0.278217431962353,0
2991,0,1,0.95,K-35-064-2_Radnevo_4326,vlm_only,402576.2172539815,4679939.911339816,0.278217431962353,0
2992,0,1,1.0,K-35-064-2_Radnevo_4326,vlm_only,404713.99467114534,4670424.98200062,0.278217431962353,0
2993,0,1,0.95,K-35-064-2_Radnevo_4326,vlm_only,412491.3440865965,4685076.673261825,0.278217431962353,0
2994,0,1,0.3,K-35-064-2_Radnevo_4326,vlm_only,407108.3638274204,4681808.001193821,0.278217431962353,0
2995,0,1,0.85,K-35-064-2_Radnevo_4326,vlm_only,402018.30906837946,4674940.644392343,0.278217431962353,0
2996,0,1,0.4,K-35-064-2_Radnevo_4326,vlm_only,405264.55881261,4680032.967559174,0.278217431962353,0
2997,0,1,0.2,K-35-064-2_Radnevo_4326,vlm_only,400081.09074132016,4681972.244558046,0.278217431962353,0
2998,0,1,0.4,K-35-064-2_Radnevo_4326,vlm_only,400590.96961760963,4681592.514336174,0.278217431962353,0
2999,0,1,0.75,K-35-064-2_Radnevo_4326,vlm_only,414489.50470889534,4680999.153575682,0.278217431962353,0
3000,0,1,0.85,K-35-064-2_Radnevo_4326,vlm_only,417243.89676982013,4683672.924133017,0.278217431962353,0
3001,0,1,0.2,K-35-064-2_Radnevo_4326,vlm_only,414000.1042162966,4679475.603627941,0.278217431962353,0
3002,0,1,0.85,K-35-064-2_Radnevo_4326,vlm_only,413915.1580657213,4680089.653605571,0.278217431962353,0
3003,0,1,1.0,K-35-064-2_Radnevo_4326,vlm_only,406717.83798371535,4679736.43468824,0.278217431962353,0
3004,0,1,0.15,K-35-064-2_Radnevo_4326,vlm_only,398896.9011242653,4685242.816680398,0.278217431962353,0
3005,0,1,0.85,K-35-064-2_Radnevo_4326,vlm_only,414985.99620028277,4673288.702343964,0.278217431962353,0
3006,0,1,0.3,K-35-064-2_Radnevo_4326,vlm_only,399436.2543249724,4679712.731175351,0.278217431962353,0
3007,0,1,0.2,K-35-064-2_Radnevo_4326,vlm_only,414545.0330602219,4676924.310724363,0.278217431962353,0
3008,0,1,0.2,K-35-064-2_Radnevo_4326,vlm_only,405164.2064011083,4669771.237228742,0.278217431962353,0
3009,0,1,0.15,K-35-064-2_Radnevo_4326,vlm_only,412923.19222506165,4678456.632967961,0.278217431962353,0
3010,1,1,0.2,K-35-064-3_Dimitrovgrad_4326,matched,381284.38008755917,4660115.778170266,1.0,1
3011,1,1,0.85,K-35-064-3_Dimitrovgrad_4326,matched,382733.79317619395,4660795.498188003,1.0,1
3012,1,1,0.95,K-35-064-3_Dimitrovgrad_4326,matched,383457.05067577213,4663375.337403926,1.0,1
3013,1,1,0.75,K-35-064-3_Dimitrovgrad_4326,matched,383561.5065992843,4652278.731726082,1.0,1
3014,1,1,0.95,K-35-064-3_Dimitrovgrad_4326,matched,383495.66334196413,4651223.965221552,1.0,1
3015,1,1,1.0,K-35-064-3_Dimitrovgrad_4326,matched,376822.8692279118,4656833.832434866,1.0,1
3016,1,1,1.0,K-35-064-3_Dimitrovgrad_4326,matched,386242.43102721963,4662427.316417946,1.0,1
3017,1,1,0.2,K-35-064-3_Dimitrovgrad_4326,matched,387366.9579159639,4662521.1452740785,1.0,1
3018,1,1,0.4,K-35-064-3_Dimitrovgrad_4326,matched,384249.6560299195,4664214.621609186,1.0,1
3019,1,1,0.95,K-35-064-3_Dimitrovgrad_4326,matched,384169.25761369924,4664689.260635485,1.0,1
3020,1,1,1.0,K-35-064-3_Dimitrovgrad_4326,matched,387594.778691428,4655074.991711518,1.0,1
3021,1,1,1.0,K-35-064-3_Dimitrovgrad_4326,matched,388033.1464504563,4666805.475001523,1.0,1
3022,1,1,0.95,K-35-064-3_Dimitrovgrad_4326,matched,385585.51305478334,4651642.67582608,1.0,1
3023,1,1,1.0,K-35-064-3_Dimitrovgrad_4326,matched,385289.39542717504,4660597.309591764,1.0,1
3024,1,1,0.95,K-35-064-3_Dimitrovgrad_4326,matched,385202.1301800944,4660481.295917302,1.0,1
3025,1,1,1.0,K-35-064-3_Dimitrovgrad_4326,matched,385875.4198610503,4652699.774882518,1.0,1
3026,1,1,1.0,K-35-064-3_Dimitrovgrad_4326,matched,387383.85977597994,4652641.8086526,1.0,1
3027,1,1,1.0,K-35-064-3_Dimitrovgrad_4326,matched,392488.97586171795,4663851.742503363,1.0,1
3028,1,1,0.2,K-35-064-3_Dimitrovgrad_4326,matched,392040.1780197157,4662857.095918858,1.0,1
3029,1,1,1.0,K-35-064-3_Dimitrovgrad_4326,matched,380780.67577832495,4665019.093887878,1.0,1
3030,1,1,0.4,K-35-064-3_Dimitrovgrad_4326,matched,376641.955,4657828.351,1.0,1
3031,1,1,0.95,K-35-064-3_Dimitrovgrad_4326,matched,385997.6231398683,4650948.8473311635,1.0,1
3032,1,1,0.75,K-35-064-3_Dimitrovgrad_4326,matched,382812.9731777558,4661773.321576402,1.0,1
3033,1,1,1.0,K-35-064-3_Dimitrovgrad_4326,matched,383791.501,4661311.079,1.0,1
3034,1,1,1.0,K-35-064-3_Dimitrovgrad_4326,matched,386095.25423524895,4655605.562649582,1.0,1
3035,1,1,1.0,K-35-064-3_Dimitrovgrad_4326,matched,386778.2402577896,4655509.873048752,1.0,1
3036,1,1,1.0,K-35-064-3_Dimitrovgrad_4326,matched,385193.8994154105,4652692.865822615,1.0,1
3037,1,1,0.85,K-35-064-3_Dimitrovgrad_4326,matched,388827.2396731588,4652608.340582783,1.0,1
3038,1,1,0.95,K-35-064-3_Dimitrovgrad_4326,matched,387869.84424686176,4650768.973402627,1.0,1
3039,1,1,0.95,K-35-064-3_Dimitrovgrad_4326,matched,384719.280998217,4666988.248750174,1.0,1
3040,1,1,1.0,K-35-064-3_Dimitrovgrad_4326,matched,393727.6446472714,4663702.515787313,1.0,1
3041,1,1,0.98,K-35-064-3_Dimitrovgrad_4326,matched,387297.8929169299,4664506.645692947,1.0,1
3042,1,1,1.0,K-35-064-3_Dimitrovgrad_4326,matched,386678.0861837126,4664371.11214244,1.0,1
3043,1,1,0.3,K-35-064-3_Dimitrovgrad_4326,matched,389518.9142464724,4658144.537130757,1.0,1
3044,1,1,0.95,K-35-064-3_Dimitrovgrad_4326,matched,389597.3133930216,4658019.8017242225,1.0,1
3045,1,1,0.95,K-35-064-3_Dimitrovgrad_4326,matched,390021.015,4661092.805,1.0,1
3046,1,1,1.0,K-35-064-3_Dimitrovgrad_4326,matched,390210.9905670679,4660874.032407202,1.0,1
3047,1,1,1.0,K-35-064-3_Dimitrovgrad_4326,matched,390328.04177130136,4660522.282511863,1.0,1
3048,1,1,1.0,K-35-064-3_Dimitrovgrad_4326,matched,390415.1350474632,4660471.464288466,1.0,1
3049,1,1,0.95,K-35-064-3_Dimitrovgrad_4326,matched,388396.28482185776,4665512.823964639,1.0,1
3050,1,1,1.0,K-35-064-3_Dimitrovgrad_4326,matched,388600.98465206707,4664859.9592004875,1.0,1
3051,1,1,0.95,K-35-064-3_Dimitrovgrad_4326,matched,392317.52240147366,4661990.879045945,1.0,1
3052,1,1,1.0,K-35-064-3_Dimitrovgrad_4326,matched,379062.407,4659259.242,1.0,1
3053,1,1,0.4,K-35-064-3_Dimitrovgrad_4326,matched,379745.526,4661311.233,1.0,1
3054,1,1,0.85,K-35-064-3_Dimitrovgrad_4326,matched,392234.014,4660321.074,1.0,1
3055,1,1,1.0,K-35-064-3_Dimitrovgrad_4326,matched,390035.0991234341,4665151.3618641645,1.0,1
3056,1,1,1.0,K-35-064-3_Dimitrovgrad_4326,matched,389382.58040450007,4662244.454280223,1.0,1
3057,1,1,1.0,K-35-064-3_Dimitrovgrad_4326,matched,389455.0529979553,4662053.719543972,1.0,1
3058,1,1,0.95,K-35-064-3_Dimitrovgrad_4326,matched,389912.6812463683,4661421.8164611515,1.0,1
3059,1,1,1.0,K-35-064-3_Dimitrovgrad_4326,matched,389659.8786620479,4661225.145797066,1.0,1
3060,1,1,0.75,K-35-064-3_Dimitrovgrad_4326,matched,389730.3069749852,4657281.2483085515,1.0,1
3061,1,1,0.95,K-35-064-3_Dimitrovgrad_4326,matched,395115.6404609503,4651856.595885037,1.0,1
3062,1,1,0.95,K-35-064-3_Dimitrovgrad_4326,matched,392769.3958239004,4656441.780937662,1.0,1
3063,1,1,0.95,K-35-064-3_Dimitrovgrad_4326,matched,385976.0075130666,4664970.477378278,1.0,1
3064,1,1,1.0,K-35-064-3_Dimitrovgrad_4326,matched,386650.2595753453,4664939.223852791,1.0,1
3065,1,1,0.95,K-35-064-3_Dimitrovgrad_4326,matched,386089.1064197718,4664824.621801007,1.0,1
3066,1,1,1.0,K-35-064-3_Dimitrovgrad_4326,matched,386339.058,4664774.619,1.0,1
3067,1,1,0.85,K-35-064-3_Dimitrovgrad_4326,matched,377563.34035541536,4655586.201596897,1.0,1
3068,1,1,1.0,K-35-064-3_Dimitrovgrad_4326,matched,393499.78157409874,4652250.620742313,1.0,1
3069,1,1,0.15,K-35-064-3_Dimitrovgrad_4326,matched,394198.8835818266,4661249.806778619,1.0,1
3070,1,1,1.0,K-35-064-3_Dimitrovgrad_4326,matched,393436.89437414455,4655834.519193669,1.0,1
3071,1,1,0.85,K-35-064-3_Dimitrovgrad_4326,matched,389375.08097723994,4653271.717595864,1.0,1
3072,1,1,1.0,K-35-064-3_Dimitrovgrad_4326,matched,388988.614,4653066.94,1.0,1
3073,1,1,1.0,K-35-064-3_Dimitrovgrad_4326,matched,390378.15475891996,4654298.109691117,1.0,1
3074,1,1,1.0,K-35-064-3_Dimitrovgrad_4326,matched,386024.61218115594,4667453.503413124,1.0,1
3075,1,1,1.0,K-35-064-3_Dimitrovgrad_4326,matched,396137.5320139689,4663877.263792344,1.0,1
3076,1,1,0.75,K-35-064-3_Dimitrovgrad_4326,matched,396296.86681892397,4663314.59622061,1.0,1
3077,1,1,1.0,K-35-064-3_Dimitrovgrad_4326,matched,396480.951,4662773.085,1.0,1
3078,1,1,1.0,K-35-064-3_Dimitrovgrad_4326,matched,396328.744,4662062.784,1.0,1
3079,1,1,0.85,K-35-064-3_Dimitrovgrad_4326,matched,386118.3994521599,4652576.530191595,1.0,1
3080,1,1,1.0,K-35-064-3_Dimitrovgrad_4326,matched,386174.7286599036,4651797.176443341,1.0,1
3081,1,1,0.3,K-35-064-3_Dimitrovgrad_4326,matched,392038.3027896435,4658774.875140303,1.0,1
3082,1,1,0.2,K-35-064-3_Dimitrovgrad_4326,matched,390264.3200357593,4654326.285871825,1.0,1
3083,1,1,1.0,K-35-064-3_Dimitrovgrad_4326,matched,383211.32451524865,4665853.023722008,1.0,1
3084,1,0,0.0,K-35-064-3_Dimitrovgrad_4326,student_only,396588.001,4662683.558,1.0,1
3085,1,0,0.0,K-35-064-3_Dimitrovgrad_4326,student_only,396608.181,4651147.715,1.0,1
3086,1,0,0.0,K-35-064-3_Dimitrovgrad_4326,student_only,395532.5110116269,4667996.2008917285,1.0,1
3087,1,0,0.0,K-35-064-3_Dimitrovgrad_4326,student_only,395926.8166583047,4667623.199956409,1.0,1
3088,1,0,0.0,K-35-064-3_Dimitrovgrad_4326,student_only,387142.79981893656,4665732.257884229,1.0,1
3089,1,0,0.0,K-35-064-3_Dimitrovgrad_4326,student_only,386539.8135857503,4666939.006885929,1.0,1
3090,1,0,0.0,K-35-064-3_Dimitrovgrad_4326,student_only,384084.75748277555,4665977.450568854,1.0,1
3091,1,0,0.0,K-35-064-3_Dimitrovgrad_4326,student_only,390143.92071831535,4664966.336054953,1.0,1
3092,1,0,0.0,K-35-064-3_Dimitrovgrad_4326,student_only,389090.2862510837,4662809.344405982,1.0,1
3093,1,0,0.0,K-35-064-3_Dimitrovgrad_4326,student_only,381725.1230743974,4660125.224456077,1.0,1
3094,1,0,0.0,K-35-064-3_Dimitrovgrad_4326,student_only,382549.1026185695,4660807.40797453,1.0,1
3095,1,0,0.0,K-35-064-3_Dimitrovgrad_4326,student_only,384061.92154487345,4659143.368184353,1.0,1
3096,1,0,0.0,K-35-064-3_Dimitrovgrad_4326,student_only,385014.2761413336,4660939.849152535,1.0,1
3097,1,0,0.0,K-35-064-3_Dimitrovgrad_4326,student_only,383609.31781741325,4655713.976889394,1.0,1
3098,1,0,0.0,K-35-064-3_Dimitrovgrad_4326,student_only,387461.28168123716,4655604.974203083,1.0,1
3099,1,0,0.0,K-35-064-3_Dimitrovgrad_4326,student_only,390582.17131971155,4654193.730971771,1.0,1
3100,1,0,0.0,K-35-064-3_Dimitrovgrad_4326,student_only,390479.1434973184,4654267.256473436,1.0,1
3101,1,0,0.0,K-35-064-3_Dimitrovgrad_4326,student_only,376059.93310644873,4654044.503155531,1.0,1
3102,1,0,0.0,K-35-064-3_Dimitrovgrad_4326,student_only,376043.4401689529,4651978.225011412,1.0,1
3103,1,0,0.0,K-35-064-3_Dimitrovgrad_4326,student_only,387815.8062155907,4651024.333330249,1.0,1
3104,1,0,0.0,K-35-064-3_Dimitrovgrad_4326,student_only,393082.099457104,4652978.781545852,1.0,1
3105,1,0,0.0,K-35-064-3_Dimitrovgrad_4326,student_only,377508.085,4650620.908,1.0,1
3106,1,0,0.0,K-35-064-3_Dimitrovgrad_4326,student_only,383404.196,4650369.003,1.0,1
3107,1,0,0.0,K-35-064-3_Dimitrovgrad_4326,student_only,386891.524,4650409.986,1.0,1
3108,1,0,0.0,K-35-064-3_Dimitrovgrad_4326,student_only,392745.52440938045,4650364.169756111,1.0,1
3109,0,1,0.2,K-35-064-3_Dimitrovgrad_4326,vlm_only,381047.6066590616,4655275.527437473,0.278217431962353,0
3110,0,1,0.2,K-35-064-3_Dimitrovgrad_4326,vlm_only,375869.28454043606,4659325.669440329,0.278217431962353,0
3111,0,1,0.2,K-35-064-3_Dimitrovgrad_4326,vlm_only,388842.89572577144,4657551.308966503,0.278217431962353,0
3112,0,1,0.85,K-35-064-3_Dimitrovgrad_4326,vlm_only,375861.69778506155,4659185.745257318,0.278217431962353,0
3113,0,1,0.65,K-35-064-3_Dimitrovgrad_4326,vlm_only,392736.8083190962,4659643.297089337,0.278217431962353,0
3114,0,1,0.85,K-35-064-3_Dimitrovgrad_4326,vlm_only,383143.06599936547,4652758.035534746,0.278217431962353,0
3115,0,1,0.4,K-35-064-3_Dimitrovgrad_4326,vlm_only,387367.17226545577,4665535.476786221,0.278217431962353,0
3116,0,1,0.2,K-35-064-3_Dimitrovgrad_4326,vlm_only,386020.99977217126,4659255.702953251,0.278217431962353,0
3117,0,1,1.0,K-35-064-3_Dimitrovgrad_4326,vlm_only,387810.30496874754,4664200.998326976,0.278217431962353,0
3118,0,1,0.2,K-35-064-3_Dimitrovgrad_4326,vlm_only,379909.6563070166,4655374.260723848,0.278217431962353,0
3119,0,1,0.15,K-35-064-3_Dimitrovgrad_4326,vlm_only,380120.42651567725,4659676.702500857,0.278217431962353,0
3120,0,1,0.85,K-35-064-3_Dimitrovgrad_4326,vlm_only,396492.2696185558,4662806.091892948,0.278217431962353,0
3121,0,1,0.85,K-35-064-3_Dimitrovgrad_4326,vlm_only,395414.6036830152,4668840.681027133,0.278217431962353,0
3122,0,1,0.3,K-35-064-3_Dimitrovgrad_4326,vlm_only,391658.43889585603,4653055.954723437,0.278217431962353,0
3123,0,1,1.0,K-35-064-3_Dimitrovgrad_4326,vlm_only,394623.7489019304,4665157.84870879,0.278217431962353,0
3124,1,1,0.95,K-35-064-4_Galabovo_4326,matched,397235.2863442619,4661248.230753638,1.0,1
3125,1,1,1.0,K-35-064-4_Galabovo_4326,matched,397229.0698662908,4661083.647110254,1.0,1
3126,1,1,0.95,K-35-064-4_Galabovo_4326,matched,402156.205,4665661.256,1.0,1
3127,1,1,1.0,K-35-064-4_Galabovo_4326,matched,402976.40796385426,4664515.249292233,1.0,1
3128,1,1,0.85,K-35-064-4_Galabovo_4326,matched,402011.72198549594,4666977.841428274,1.0,1
3129,1,1,0.4,K-35-064-4_Galabovo_4326,matched,401944.67164172814,4665963.986722994,1.0,1
3130,1,1,0.3,K-35-064-4_Galabovo_4326,matched,405607.31502526486,4663578.233624269,1.0,1
3131,1,1,0.3,K-35-064-4_Galabovo_4326,matched,405257.170405079,4662464.46172293,1.0,1
3132,1,1,0.3,K-35-064-4_Galabovo_4326,matched,402746.8243727289,4656377.102325874,1.0,1
3133,1,1,0.95,K-35-064-4_Galabovo_4326,matched,405039.50881683826,4656387.1110247215,1.0,1
3134,1,1,0.85,K-35-064-4_Galabovo_4326,matched,407201.6224701499,4667873.588746471,1.0,1
3135,1,1,1.0,K-35-064-4_Galabovo_4326,matched,405751.32234957395,4660850.079117717,1.0,1
3136,1,1,0.95,K-35-064-4_Galabovo_4326,matched,402637.50506658014,4661138.09528803,1.0,1
3137,1,1,0.85,K-35-064-4_Galabovo_4326,matched,405402.1704445725,4666396.4910841985,1.0,1
3138,1,1,1.0,K-35-064-4_Galabovo_4326,matched,410174.42,4658401.976,1.0,1
3139,1,1,0.95,K-35-064-4_Galabovo_4326,matched,408452.67383479467,4660502.2402858855,1.0,1
3140,1,1,0.2,K-35-064-4_Galabovo_4326,matched,409804.5207889747,4660142.26275626,1.0,1
3141,1,1,1.0,K-35-064-4_Galabovo_4326,matched,403350.2049178446,4650889.108998789,1.0,1
3142,1,1,1.0,K-35-064-4_Galabovo_4326,matched,414199.69706878136,4661586.297960118,1.0,1
3143,1,1,0.95,K-35-064-4_Galabovo_4326,matched,406615.6506567148,4664670.36666422,1.0,1
3144,1,1,0.85,K-35-064-4_Galabovo_4326,matched,406462.8459777487,4664182.15856654,1.0,1
3145,1,1,1.0,K-35-064-4_Galabovo_4326,matched,412219.4950723022,4666573.127077332,1.0,1
3146,1,1,0.95,K-35-064-4_Galabovo_4326,matched,408749.93988410535,4653406.652590204,1.0,1
3147,1,1,0.95,K-35-064-4_Galabovo_4326,matched,399644.8651284395,4665096.552419668,1.0,1
3148,1,1,1.0,K-35-064-4_Galabovo_4326,matched,408730.92643726256,4662883.012580457,1.0,1
3149,1,1,0.85,K-35-064-4_Galabovo_4326,matched,412812.93228506285,4658732.874697915,1.0,1
3150,1,1,0.95,K-35-064-4_Galabovo_4326,matched,413182.89093045413,4657442.6748514455,1.0,1
3151,1,1,1.0,K-35-064-4_Galabovo_4326,matched,414189.11169841595,4663407.374277304,1.0,1
3152,1,1,1.0,K-35-064-4_Galabovo_4326,matched,409844.334,4650516.102,1.0,1
3153,1,1,0.95,K-35-064-4_Galabovo_4326,matched,415349.4667657165,4664510.204464163,1.0,1
3154,1,1,0.95,K-35-064-4_Galabovo_4326,matched,414868.91761990875,4652928.970647937,1.0,1
3155,1,1,0.75,K-35-064-4_Galabovo_4326,matched,414417.109955935,4659771.0945134945,1.0,1
3156,1,1,0.3,K-35-064-4_Galabovo_4326,matched,405209.3756424848,4657424.206093055,1.0,1
3157,1,1,0.95,K-35-064-4_Galabovo_4326,matched,400124.00549364445,4654638.504391428,1.0,1
3158,1,1,0.85,K-35-064-4_Galabovo_4326,matched,411255.7090661558,4651882.5061044,1.0,1
3159,1,1,0.85,K-35-064-4_Galabovo_4326,matched,410713.87443519745,4651678.864070151,1.0,1
3160,1,1,1.0,K-35-064-4_Galabovo_4326,matched,410117.3070638967,4650867.249341744,1.0,1
3161,1,1,1.0,K-35-064-4_Galabovo_4326,matched,412217.2356220316,4651706.95403075,1.0,1
3162,1,1,0.95,K-35-064-4_Galabovo_4326,matched,400053.13219440775,4656127.301683955,1.0,1
3163,1,1,0.95,K-35-064-4_Galabovo_4326,matched,399938.375719593,4659164.445486128,1.0,1
3164,1,1,0.4,K-35-064-4_Galabovo_4326,matched,399717.8955667018,4659427.6182457525,1.0,1
3165,1,1,1.0,K-35-064-4_Galabovo_4326,matched,401280.60257805325,4651213.976300212,1.0,1
3166,1,1,0.4,K-35-064-4_Galabovo_4326,matched,400745.9013568716,4650970.170240143,1.0,1
3167,1,1,0.2,K-35-064-4_Galabovo_4326,matched,409666.54223996564,4651833.533094616,1.0,1
3168,1,1,1.0,K-35-064-4_Galabovo_4326,matched,409536.0370442072,4651093.46181523,1.0,1
3169,1,1,0.85,K-35-064-4_Galabovo_4326,matched,404527.97557259514,4658858.076761246,1.0,1
3170,1,1,0.95,K-35-064-4_Galabovo_4326,matched,401926.5118284826,4651492.198767583,1.0,1
3171,1,1,0.75,K-35-064-4_Galabovo_4326,matched,401991.43562954955,4651251.834372214,1.0,1
3172,1,1,0.9,K-35-064-4_Galabovo_4326,matched,402058.3794982618,4651075.027206227,1.0,1
3173,1,1,0.95,K-35-064-4_Galabovo_4326,matched,398150.52766485314,4654279.7857740205,1.0,1
3174,1,1,0.4,K-35-064-4_Galabovo_4326,matched,406978.17753882916,4651438.851883465,1.0,1
3175,1,1,0.2,K-35-064-4_Galabovo_4326,matched,397039.22100612463,4667116.7953040935,1.0,1
3176,1,0,0.0,K-35-064-4_Galabovo_4326,student_only,400035.10897486977,4654780.640075041,1.0,1
3177,1,0,0.0,K-35-064-4_Galabovo_4326,student_only,399712.90999721596,4658872.199320726,1.0,1
3178,1,0,0.0,K-35-064-4_Galabovo_4326,student_only,399757.7124598981,4659107.159996474,1.0,1
3179,1,0,0.0,K-35-064-4_Galabovo_4326,student_only,400318.14532930404,4665403.515488179,1.0,1
3180,1,0,0.0,K-35-064-4_Galabovo_4326,student_only,402772.277,4652212.196,1.0,1
3181,1,0,0.0,K-35-064-4_Galabovo_4326,student_only,405833.3451099206,4654049.031601613,1.0,1
3182,1,0,0.0,K-35-064-4_Galabovo_4326,student_only,404597.75392238575,4654608.834323822,1.0,1
3183,1,0,0.0,K-35-064-4_Galabovo_4326,student_only,405095.5838075336,4658620.040054618,1.0,1
3184,1,0,0.0,K-35-064-4_Galabovo_4326,student_only,405357.3005659736,4660061.7192309005,1.0,1
3185,1,0,0.0,K-35-064-4_Galabovo_4326,student_only,405511.387426383,4663683.664643607,1.0,1
3186,1,0,0.0,K-35-064-4_Galabovo_4326,student_only,404905.9967039369,4664067.149873639,1.0,1
3187,1,0,0.0,K-35-064-4_Galabovo_4326,student_only,404683.873,4665420.503,1.0,1
3188,1,0,0.0,K-35-064-4_Galabovo_4326,student_only,405915.4513997771,4653047.184983317,1.0,1
3189,1,0,0.0,K-35-064-4_Galabovo_4326,student_only,408982.5248240846,4652421.885870742,1.0,1
3190,1,0,0.0,K-35-064-4_Galabovo_4326,student_only,408472.34784058493,4664202.870680268,1.0,1
3191,1,0,0.0,K-35-064-4_Galabovo_4326,student_only,411161.16598930536,4659983.319283706,1.0,1
3192,1,0,0.0,K-35-064-4_Galabovo_4326,student_only,411116.4178277043,4651747.626284209,1.0,1
3193,1,0,0.0,K-35-064-4_Galabovo_4326,student_only,412566.32895260555,4665015.968020232,1.0,1
3194,1,0,0.0,K-35-064-4_Galabovo_4326,student_only,416928.1694845606,4666057.610001211,1.0,1
3195,1,0,0.0,K-35-064-4_Galabovo_4326,student_only,414803.7587238134,4664902.768426053,1.0,1
3196,1,0,0.0,K-35-064-4_Galabovo_4326,student_only,416450.44788648543,4661824.8227307545,1.0,1
3197,1,0,0.0,K-35-064-4_Galabovo_4326,student_only,414762.439,4659779.102,1.0,1
3198,1,0,0.0,K-35-064-4_Galabovo_4326,student_only,416381.2279063676,4657125.777330931,1.0,1
3199,0,1,0.85,K-35-064-4_Galabovo_4326,vlm_only,396605.76484731946,4651158.051000624,0.278217431962353,0
3200,0,1,0.95,K-35-064-4_Galabovo_4326,vlm_only,402441.762536315,4660693.888081103,0.278217431962353,0
3201,0,1,0.3,K-35-064-4_Galabovo_4326,vlm_only,404724.3047277498,4665292.794546254,0.278217431962353,0
3202,0,1,1.0,K-35-064-4_Galabovo_4326,vlm_only,396586.546453668,4662687.878396774,0.278217431962353,0
3203,0,1,0.85,K-35-064-4_Galabovo_4326,vlm_only,412182.1541588894,4661135.390683891,0.278217431962353,0
3204,0,1,0.95,K-35-064-4_Galabovo_4326,vlm_only,399883.23475376813,4654814.992705429,0.278217431962353,0
3205,0,1,0.95,K-35-064-4_Galabovo_4326,vlm_only,409794.2732970227,4650529.993089026,0.278217431962353,0
3206,0,1,0.2,K-35-064-4_Galabovo_4326,vlm_only,414963.885818314,4663316.127430861,0.278217431962353,0
3207,0,1,0.4,K-35-064-4_Galabovo_4326,vlm_only,415301.97102321126,4663227.5560775455,0.278217431962353,0
3208,0,1,0.15,K-35-064-4_Galabovo_4326,vlm_only,415156.4795054652,4663147.0152913,0.278217431962353,0
3209,0,1,0.85,K-35-064-4_Galabovo_4326,vlm_only,400305.9656035756,4665620.9166924255,0.278217431962353,0
3210,0,1,0.85,K-35-064-4_Galabovo_4326,vlm_only,402120.1501468011,4665668.372019105,0.278217431962353,0
3211,0,1,0.2,K-35-064-4_Galabovo_4326,vlm_only,409667.6171138881,4651712.280239452,0.278217431962353,0
3212,1,1,1.0,K-35-065-1_Radetski_4326,matched,425970.49063721404,4684651.334574785,1.0,1
3213,1,1,1.0,K-35-065-1_Radetski_4326,matched,426656.3019151783,4683864.829973841,1.0,1
3214,1,1,0.2,K-35-065-1_Radetski_4326,matched,423997.42356895946,4678436.130118722,1.0,1
3215,1,1,0.75,K-35-065-1_Radetski_4326,matched,423127.0101727359,4680682.0203551175,1.0,1
3216,1,1,0.85,K-35-065-1_Radetski_4326,matched,417834.76649547584,4685696.679467352,1.0,1
3217,1,1,1.0,K-35-065-1_Radetski_4326,matched,418811.3100936888,4684285.8693711655,1.0,1
3218,1,1,1.0,K-35-065-1_Radetski_4326,matched,424261.5762885147,4686641.378517339,1.0,1
3219,1,1,0.4,K-35-065-1_Radetski_4326,matched,423913.23068135325,4685130.875948199,1.0,1
3220,1,1,1.0,K-35-065-1_Radetski_4326,matched,424344.14906659635,4684322.1813790295,1.0,1
3221,1,1,1.0,K-35-065-1_Radetski_4326,matched,423937.85069065704,4684103.120682385,1.0,1
3222,1,1,1.0,K-35-065-1_Radetski_4326,matched,424078.73753590125,4683918.154709128,1.0,1
3223,1,1,0.85,K-35-065-1_Radetski_4326,matched,418591.7940951866,4678628.579886649,1.0,1
3224,1,1,0.95,K-35-065-1_Radetski_4326,matched,424829.16764573427,4682212.049551983,1.0,1
3225,1,1,0.95,K-35-065-1_Radetski_4326,matched,424767.0084538398,4680790.841215179,1.0,1
3226,1,1,0.95,K-35-065-1_Radetski_4326,matched,424778.261196577,4680561.595847586,1.0,1
3227,1,1,1.0,K-35-065-1_Radetski_4326,matched,432188.40057293687,4686844.1709315125,1.0,1
3228,1,1,0.95,K-35-065-1_Radetski_4326,matched,426487.3567867152,4675877.524408001,1.0,1
3229,1,1,0.75,K-35-065-1_Radetski_4326,matched,427855.4744232549,4678873.801094485,1.0,1
3230,1,1,0.85,K-35-065-1_Radetski_4326,matched,430672.58798788674,4671715.171977395,1.0,1
3231,1,1,0.85,K-35-065-1_Radetski_4326,matched,431809.3550929168,4671797.426348546,1.0,1
3232,1,1,0.85,K-35-065-1_Radetski_4326,matched,432828.4331392624,4679270.367419912,1.0,1
3233,1,1,1.0,K-35-065-1_Radetski_4326,matched,431208.25524618314,4685330.93274113,1.0,1
3234,1,1,0.85,K-35-065-1_Radetski_4326,matched,431600.44588641473,4685134.138408627,1.0,1
3235,1,1,1.0,K-35-065-1_Radetski_4326,matched,428397.1750810279,4686760.389302874,1.0,1
3236,1,1,1.0,K-35-065-1_Radetski_4326,matched,428522.98622107203,4686587.862577091,1.0,1
3237,1,1,0.95,K-35-065-1_Radetski_4326,matched,428349.3366791896,4686393.9387560645,1.0,1
3238,1,1,1.0,K-35-065-1_Radetski_4326,matched,428534.3216746461,4681860.821116987,1.0,1
3239,1,1,0.85,K-35-065-1_Radetski_4326,matched,428316.7020704434,4681531.6261604335,1.0,1
3240,1,1,0.95,K-35-065-1_Radetski_4326,matched,435598.533,4686240.666,1.0,1
3241,1,1,1.0,K-35-065-1_Radetski_4326,matched,424031.2980139804,4680133.588327186,1.0,1
3242,1,1,0.95,K-35-065-1_Radetski_4326,matched,434937.7117219525,4672653.023065464,1.0,1
3243,1,1,0.3,K-35-065-1_Radetski_4326,matched,427905.0596599594,4672900.765030198,1.0,1
3244,1,1,0.4,K-35-065-1_Radetski_4326,matched,428028.51958698186,4672920.063049366,1.0,1
3245,1,1,1.0,K-35-065-1_Radetski_4326,matched,429619.5969507045,4682908.392296527,1.0,1
3246,1,1,1.0,K-35-065-1_Radetski_4326,matched,430380.7273892589,4683238.6412613895,1.0,1
3247,1,1,0.95,K-35-065-1_Radetski_4326,matched,429555.5915368836,4682734.586377322,1.0,1
3248,1,1,1.0,K-35-065-1_Radetski_4326,matched,430413.4028014332,4682609.151166917,1.0,1
3249,1,1,1.0,K-35-065-1_Radetski_4326,matched,430667.3608396132,4682495.419253641,1.0,1
3250,1,1,0.2,K-35-065-1_Radetski_4326,matched,417906.0285134843,4674038.5530071305,1.0,1
3251,1,1,1.0,K-35-065-1_Radetski_4326,matched,433133.2598759424,4668622.067054899,1.0,1
3252,1,1,0.98,K-35-065-1_Radetski_4326,matched,426744.37727242225,4683739.461491326,1.0,1
3253,1,1,0.85,K-35-065-1_Radetski_4326,matched,426790.97169969743,4685967.882160948,1.0,1
3254,1,1,1.0,K-35-065-1_Radetski_4326,matched,429070.0327440546,4675645.280788848,1.0,1
3255,1,1,1.0,K-35-065-1_Radetski_4326,matched,430542.4008196842,4682028.436010674,1.0,1
3256,1,1,0.95,K-35-065-1_Radetski_4326,matched,430118.22920015006,4681381.056749493,1.0,1
3257,1,1,0.95,K-35-065-1_Radetski_4326,matched,422575.1869699574,4671415.098661963,1.0,1
3258,1,1,0.15,K-35-065-1_Radetski_4326,matched,426159.8204551325,4681585.710699043,1.0,1
3259,1,1,1.0,K-35-065-1_Radetski_4326,matched,426015.6577654077,4681162.56763692,1.0,1
3260,1,1,0.4,K-35-065-1_Radetski_4326,matched,425916.69148383377,4680990.2630096385,1.0,1
3261,1,1,1.0,K-35-065-1_Radetski_4326,matched,431369.1587445249,4682456.108701707,1.0,1
3262,1,1,0.2,K-35-065-1_Radetski_4326,matched,424410.7186459144,4671651.406032719,1.0,1
3263,1,1,1.0,K-35-065-1_Radetski_4326,matched,425535.94258505566,4670966.185476733,1.0,1
3264,1,1,0.2,K-35-065-1_Radetski_4326,matched,425286.44949045655,4670828.821033346,1.0,1
3265,1,1,0.75,K-35-065-1_Radetski_4326,matched,431659.6588265127,4678881.232734398,1.0,1
3266,1,1,0.95,K-35-065-1_Radetski_4326,matched,422855.1529504636,4684314.771323315,1.0,1
3267,1,1,0.95,K-35-065-1_Radetski_4326,matched,422764.3837969793,4684207.493334145,1.0,1
3268,1,1,0.95,K-35-065-1_Radetski_4326,matched,417858.74740509555,4685822.45018822,1.0,1
3269,1,1,0.95,K-35-065-1_Radetski_4326,matched,434365.27733363654,4671608.326209736,1.0,1
3270,1,1,0.95,K-35-065-1_Radetski_4326,matched,433545.17392890377,4675008.076825279,1.0,1
3271,1,1,1.0,K-35-065-1_Radetski_4326,matched,433158.9470891404,4674113.741856018,1.0,1
3272,1,1,1.0,K-35-065-1_Radetski_4326,matched,433077.73932522535,4674097.315102537,1.0,1
3273,1,1,1.0,K-35-065-1_Radetski_4326,matched,432999.2089330078,4674065.4564030785,1.0,1
3274,1,1,1.0,K-35-065-1_Radetski_4326,matched,434286.91734850116,4676233.190221801,1.0,1
3275,1,1,1.0,K-35-065-1_Radetski_4326,matched,435003.48089620244,4676306.114234383,1.0,1
3276,1,1,1.0,K-35-065-1_Radetski_4326,matched,435963.32245469233,4677528.543019479,1.0,1
3277,1,1,1.0,K-35-065-1_Radetski_4326,matched,434605.2123471595,4685377.283819715,1.0,1
3278,1,1,0.95,K-35-065-1_Radetski_4326,matched,434369.24380141427,4685026.308417448,1.0,1
3279,1,1,0.95,K-35-065-1_Radetski_4326,matched,435619.04723145074,4684071.686896683,1.0,1
3280,1,1,1.0,K-35-065-1_Radetski_4326,matched,427116.9368665602,4671728.969057761,1.0,1
3281,1,1,1.0,K-35-065-1_Radetski_4326,matched,431742.48516786325,4677785.783271645,1.0,1
3282,1,1,1.0,K-35-065-1_Radetski_4326,matched,419879.0387052364,4685385.770504465,1.0,1
3283,1,1,0.85,K-35-065-1_Radetski_4326,matched,437059.5042432504,4669399.130275956,1.0,1
3284,1,1,1.0,K-35-065-1_Radetski_4326,matched,426489.974,4673651.07,1.0,1
3285,1,1,0.3,K-35-065-1_Radetski_4326,matched,427318.80402257433,4669669.481556003,1.0,1
3286,1,1,0.2,K-35-065-1_Radetski_4326,matched,419708.837,4673387.343,1.0,1
3287,1,1,1.0,K-35-065-1_Radetski_4326,matched,420354.85724373977,4672693.156881673,1.0,1
3288,1,1,1.0,K-35-065-1_Radetski_4326,matched,421872.6118345788,4677586.915099696,1.0,1
3289,1,1,0.4,K-35-065-1_Radetski_4326,matched,434512.20020366635,4678572.127213721,1.0,1
3290,1,1,0.75,K-35-065-1_Radetski_4326,matched,429548.7063488708,4669631.371724898,1.0,1
3291,1,1,0.95,K-35-065-1_Radetski_4326,matched,436573.2019621959,4675076.455631953,1.0,1
3292,1,1,1.0,K-35-065-1_Radetski_4326,matched,424421.141080003,4675105.598021546,1.0,1
3293,1,1,0.2,K-35-065-1_Radetski_4326,matched,421508.9664246021,4671945.246894765,1.0,1
3294,1,1,1.0,K-35-065-1_Radetski_4326,matched,421692.9313901941,4671536.407265038,1.0,1
3295,1,1,1.0,K-35-065-1_Radetski_4326,matched,423237.21571741614,4675265.544740046,1.0,1
3296,1,1,0.75,K-35-065-1_Radetski_4326,matched,420825.54429009615,4684235.054249931,1.0,1
3297,1,1,1.0,K-35-065-1_Radetski_4326,matched,419214.9726013202,4672928.158407294,1.0,1
3298,1,0,0.0,K-35-065-1_Radetski_4326,student_only,424335.2721546077,4687329.196689443,1.0,1
3299,1,0,0.0,K-35-065-1_Radetski_4326,student_only,431516.96869730874,4687265.386252403,1.0,1
3300,1,0,0.0,K-35-065-1_Radetski_4326,student_only,427558.68370438804,4685456.977516721,1.0,1
3301,1,0,0.0,K-35-065-1_Radetski_4326,student_only,424113.209,4683816.465,1.0,1
3302,1,0,0.0,K-35-065-1_Radetski_4326,student_only,420433.43817951134,4683689.95252426,1.0,1
3303,1,0,0.0,K-35-065-1_Radetski_4326,student_only,418784.16204288986,4683780.059915365,1.0,1
3304,1,0,0.0,K-35-065-1_Radetski_4326,student_only,430252.43818603863,4679360.968865794,1.0,1
3305,1,0,0.0,K-35-065-1_Radetski_4326,student_only,435758.8797579111,4679557.1732631335,1.0,1
3306,1,0,0.0,K-35-065-1_Radetski_4326,student_only,419884.6417190874,4677701.145684997,1.0,1
3307,1,0,0.0,K-35-065-1_Radetski_4326,student_only,422578.68,4677505.699,1.0,1
3308,1,0,0.0,K-35-065-1_Radetski_4326,student_only,427870.3561538157,4677710.989004186,1.0,1
3309,1,0,0.0,K-35-065-1_Radetski_4326,student_only,436288.76228058327,4676136.453411474,1.0,1
3310,1,0,0.0,K-35-065-1_Radetski_4326,student_only,423999.7067033593,4675197.646850001,1.0,1
3311,1,0,0.0,K-35-065-1_Radetski_4326,student_only,425823.86773080216,4675153.894397423,1.0,1
3312,1,0,0.0,K-35-065-1_Radetski_4326,student_only,431004.0500099998,4675668.337240746,1.0,1
3313,1,0,0.0,K-35-065-1_Radetski_4326,student_only,431135.40158509824,4675634.563804235,1.0,1
3314,1,0,0.0,K-35-065-1_Radetski_4326,student_only,433281.5397292929,4674331.625349312,1.0,1
3315,1,0,0.0,K-35-065-1_Radetski_4326,student_only,425763.17165553104,4674965.660455409,1.0,1
3316,1,0,0.0,K-35-065-1_Radetski_4326,student_only,421105.3859239158,4673992.935600907,1.0,1
3317,1,0,0.0,K-35-065-1_Radetski_4326,student_only,420494.8019938989,4672440.849950718,1.0,1
3318,1,0,0.0,K-35-065-1_Radetski_4326,student_only,419106.2557847836,4672970.879147818,1.0,1
3319,1,0,0.0,K-35-065-1_Radetski_4326,student_only,427306.1468654982,4671405.4417492,1.0,1
3320,1,0,0.0,K-35-065-1_Radetski_4326,student_only,427566.6851000888,4670294.850991746,1.0,1
3321,1,0,0.0,K-35-065-1_Radetski_4326,student_only,419824.33051393775,4670110.007215772,1.0,1
3322,1,0,0.0,K-35-065-1_Radetski_4326,student_only,422918.4628323356,4669806.731720517,1.0,1
3323,1,0,0.0,K-35-065-1_Radetski_4326,student_only,432788.8441030821,4668862.433135925,1.0,1
3324,0,1,0.95,K-35-065-1_Radetski_4326,vlm_only,423961.3223759685,4685885.526240465,0.278217431962353,0
3325,0,1,0.95,K-35-065-1_Radetski_4326,vlm_only,426759.7527481585,4678382.550958678,0.278217431962353,0
3326,0,1,0.3,K-35-065-1_Radetski_4326,vlm_only,432824.78782247344,4680066.483591449,0.278217431962353,0
3327,0,1,0.2,K-35-065-1_Radetski_4326,vlm_only,423699.3455019044,4680457.069685891,0.278217431962353,0
3328,0,1,0.2,K-35-065-1_Radetski_4326,vlm_only,431739.16999252304,4677264.390266264,0.278217431962353,0
3329,0,1,0.2,K-35-065-1_Radetski_4326,vlm_only,431487.6848728978,4669367.67976732,0.278217431962353,0
3330,0,1,0.85,K-35-065-1_Radetski_4326,vlm_only,426497.253829832,4685722.559521914,0.278217431962353,0
3331,0,1,0.85,K-35-065-1_Radetski_4326,vlm_only,420050.5212403267,4682052.582406452,0.278217431962353,0
3332,0,1,0.95,K-35-065-1_Radetski_4326,vlm_only,436761.33031379135,4680125.993537339,0.278217431962353,0
3333,0,1,0.75,K-35-065-1_Radetski_4326,vlm_only,423206.64740622684,4685497.74771642,0.278217431962353,0
3334,0,1,0.15,K-35-065-1_Radetski_4326,vlm_only,424242.23349933303,4676382.05786237,0.278217431962353,0
3335,0,1,0.95,K-35-065-1_Radetski_4326,vlm_only,435785.6003468331,4684038.845682655,0.278217431962353,0
3336,0,1,0.85,K-35-065-1_Radetski_4326,vlm_only,425652.1240508449,4679121.431897509,0.278217431962353,0
3337,0,1,0.15,K-35-065-1_Radetski_4326,vlm_only,420419.78984121926,4684177.889074407,0.278217431962353,0
3338,0,1,0.4,K-35-065-1_Radetski_4326,vlm_only,431266.58135855634,4674707.738514043,0.278217431962353,0
3339,0,1,0.95,K-35-065-1_Radetski_4326,vlm_only,427612.4482475963,4683519.315460545,0.278217431962353,0
3340,0,1,0.85,K-35-065-1_Radetski_4326,vlm_only,428782.1688061634,4682547.675136409,0.278217431962353,0
3341,0,1,0.2,K-35-065-1_Radetski_4326,vlm_only,437382.6444930297,4678955.911145847,0.278217431962353,0
3342,1,1,1.0,K-35-065-2_GManastir_4326,matched,443477.92797856027,4677121.956210841,1.0,1
3343,1,1,0.95,K-35-065-2_GManastir_4326,matched,438699.4511636831,4684351.101284561,1.0,1
3344,1,1,0.85,K-35-065-2_GManastir_4326,matched,439255.02805834025,4681799.2213253295,1.0,1
3345,1,1,1.0,K-35-065-2_GManastir_4326,matched,439119.8881209528,4670574.8391596,1.0,1
3346,1,1,0.95,K-35-065-2_GManastir_4326,matched,456071.39359724347,4679601.312528136,1.0,1
3347,1,1,1.0,K-35-065-2_GManastir_4326,matched,445853.1220114972,4676085.919987764,1.0,1
3348,1,1,1.0,K-35-065-2_GManastir_4326,matched,445118.8371311494,4675931.833700721,1.0,1
3349,1,1,0.85,K-35-065-2_GManastir_4326,matched,448013.9704382672,4685573.678115646,1.0,1
3350,1,1,1.0,K-35-065-2_GManastir_4326,matched,445152.576934204,4681473.937309301,1.0,1
3351,1,1,1.0,K-35-065-2_GManastir_4326,matched,445574.91352067044,4681312.676157095,1.0,1
3352,1,1,1.0,K-35-065-2_GManastir_4326,matched,445206.3373003264,4682989.02626404,1.0,1
3353,1,1,0.95,K-35-065-2_GManastir_4326,matched,445033.41270030057,4682726.680146677,1.0,1
3354,1,1,0.85,K-35-065-2_GManastir_4326,matched,450223.70576276985,4681920.348647769,1.0,1
3355,1,1,1.0,K-35-065-2_GManastir_4326,matched,449585.2858447209,4670565.66166799,1.0,1
3356,1,1,0.85,K-35-065-2_GManastir_4326,matched,451164.71305990673,4686564.430275669,1.0,1
3357,1,1,1.0,K-35-065-2_GManastir_4326,matched,445017.9624172031,4686646.704610052,1.0,1
3358,1,1,1.0,K-35-065-2_GManastir_4326,matched,445055.2220390014,4686560.208364004,1.0,1
3359,1,1,1.0,K-35-065-2_GManastir_4326,matched,445157.12292315933,4686084.899760081,1.0,1
3360,1,1,0.95,K-35-065-2_GManastir_4326,matched,451455.276,4677842.923,1.0,1
3361,1,1,0.85,K-35-065-2_GManastir_4326,matched,451009.5664433969,4677048.904377544,1.0,1
3362,1,1,0.2,K-35-065-2_GManastir_4326,matched,446677.25230628764,4672540.335171645,1.0,1
3363,1,1,0.95,K-35-065-2_GManastir_4326,matched,447100.3605771201,4671474.54947707,1.0,1
3364,1,1,0.4,K-35-065-2_GManastir_4326,matched,447199.9416496069,4670402.486983585,1.0,1
3365,1,1,1.0,K-35-065-2_GManastir_4326,matched,449138.99921481195,4682393.994810611,1.0,1
3366,1,1,0.95,K-35-065-2_GManastir_4326,matched,449613.69291973166,4679538.75301465,1.0,1
3367,1,1,0.95,K-35-065-2_GManastir_4326,matched,451874.34744679875,4669938.391599743,1.0,1
3368,1,1,0.75,K-35-065-2_GManastir_4326,matched,454624.9031029689,4670185.070888412,1.0,1
3369,1,1,1.0,K-35-065-2_GManastir_4326,matched,455903.139110894,4672503.388279193,1.0,1
3370,1,1,0.95,K-35-065-2_GManastir_4326,matched,456137.95732337836,4671825.307690627,1.0,1
3371,1,1,0.95,K-35-065-2_GManastir_4326,matched,453408.60091484705,4683637.4726617215,1.0,1
3372,1,1,1.0,K-35-065-2_GManastir_4326,matched,455615.44028248335,4670679.304652078,1.0,1
3373,1,1,1.0,K-35-065-2_GManastir_4326,matched,454957.151,4670105.878,1.0,1
3374,1,1,0.95,K-35-065-2_GManastir_4326,matched,449522.4156844321,4674229.198950764,1.0,1
3375,1,1,1.0,K-35-065-2_GManastir_4326,matched,440800.3615436357,4677143.342301823,1.0,1
3376,1,1,0.95,K-35-065-2_GManastir_4326,matched,451358.91863584414,4672920.9757116325,1.0,1
3377,1,1,1.0,K-35-065-2_GManastir_4326,matched,450311.27030802233,4672678.55989997,1.0,1
3378,1,1,0.85,K-35-065-2_GManastir_4326,matched,450363.5412423278,4672609.300405441,1.0,1
3379,1,1,1.0,K-35-065-2_GManastir_4326,matched,449960.5072556174,4672298.992195424,1.0,1
3380,1,1,0.4,K-35-065-2_GManastir_4326,matched,454063.5529582159,4674890.404860719,1.0,1
3381,1,1,1.0,K-35-065-2_GManastir_4326,matched,454810.1987234249,4673700.445521101,1.0,1
3382,1,1,1.0,K-35-065-2_GManastir_4326,matched,441089.0227145278,4669886.349291064,1.0,1
3383,1,1,1.0,K-35-065-2_GManastir_4326,matched,449453.36876927246,4680652.348334094,1.0,1
3384,1,1,1.0,K-35-065-2_GManastir_4326,matched,449082.98902095587,4680417.497917045,1.0,1
3385,1,1,0.95,K-35-065-2_GManastir_4326,matched,453982.5954052799,4675600.114934693,1.0,1
3386,1,1,0.95,K-35-065-2_GManastir_4326,matched,457083.7864255652,4684235.492107748,1.0,1
3387,1,1,1.0,K-35-065-2_GManastir_4326,matched,446690.90983895864,4679428.335655297,1.0,1
3388,1,1,1.0,K-35-065-2_GManastir_4326,matched,446982.5127030155,4679412.50877783,1.0,1
3389,1,1,0.85,K-35-065-2_GManastir_4326,matched,455482.9295350523,4673916.696377379,1.0,1
3390,1,1,0.95,K-35-065-2_GManastir_4326,matched,457982.8679776983,4676680.580486414,1.0,1
3391,1,1,1.0,K-35-065-2_GManastir_4326,matched,457679.1343189871,4675557.041786535,1.0,1
3392,1,1,0.95,K-35-065-2_GManastir_4326,matched,440864.72063718,4675603.3942405535,1.0,1
3393,1,1,1.0,K-35-065-2_GManastir_4326,matched,457463.4451781236,4681990.336014595,1.0,1
3394,1,1,0.95,K-35-065-2_GManastir_4326,matched,455352.6087789447,4680890.918593399,1.0,1
3395,1,1,1.0,K-35-065-2_GManastir_4326,matched,440934.080935205,4683574.786949061,1.0,1
3396,1,1,0.95,K-35-065-2_GManastir_4326,matched,457954.2095323415,4675055.450490941,1.0,1
3397,1,1,0.95,K-35-065-2_GManastir_4326,matched,454073.52267300297,4684767.751365006,1.0,1
3398,1,1,0.95,K-35-065-2_GManastir_4326,matched,454007.9405699355,4684685.646786178,1.0,1
3399,1,1,1.0,K-35-065-2_GManastir_4326,matched,453549.5191196705,4684300.302146233,1.0,1
3400,1,1,1.0,K-35-065-2_GManastir_4326,matched,454615.7510230041,4684084.548800005,1.0,1
3401,1,1,1.0,K-35-065-2_GManastir_4326,matched,442786.55212846753,4677030.955402813,1.0,1
3402,1,1,0.95,K-35-065-2_GManastir_4326,matched,449251.61165165156,4676000.903466429,1.0,1
3403,1,1,0.95,K-35-065-2_GManastir_4326,matched,449597.985323554,4675851.408334346,1.0,1
3404,1,1,0.85,K-35-065-2_GManastir_4326,matched,453730.8176141288,4672859.748063018,1.0,1
3405,1,1,0.95,K-35-065-2_GManastir_4326,matched,453821.761,4671996.106,1.0,1
3406,1,1,1.0,K-35-065-2_GManastir_4326,matched,441761.8539302724,4676271.971936141,1.0,1
3407,1,1,1.0,K-35-065-2_GManastir_4326,matched,441605.68428578065,4675894.359768596,1.0,1
3408,1,1,1.0,K-35-065-2_GManastir_4326,matched,442785.675,4686223.746,1.0,1
3409,1,1,1.0,K-35-065-2_GManastir_4326,matched,442657.0672688551,4685995.554646313,1.0,1
3410,1,1,1.0,K-35-065-2_GManastir_4326,matched,442619.38117557386,4685784.979444167,1.0,1
3411,1,1,0.95,K-35-065-2_GManastir_4326,matched,456990.4953646591,4671792.437804925,1.0,1
3412,1,1,0.95,K-35-065-2_GManastir_4326,matched,452586.3077693472,4682841.154949275,1.0,1
3413,1,1,0.4,K-35-065-2_GManastir_4326,matched,452727.3827866115,4682105.505209733,1.0,1
3414,1,1,0.2,K-35-065-2_GManastir_4326,matched,452570.7845759622,4681932.890425681,1.0,1
3415,1,1,0.15,K-35-065-2_GManastir_4326,matched,449979.8372731505,4669976.361109877,1.0,1
3416,1,1,0.95,K-35-065-2_GManastir_4326,matched,456661.00975735544,4677803.6468549725,1.0,1
3417,1,1,1.0,K-35-065-2_GManastir_4326,matched,456799.09135972534,4677776.095452577,1.0,1
3418,1,1,1.0,K-35-065-2_GManastir_4326,matched,457449.10501246736,4677356.917652955,1.0,1
3419,1,1,0.2,K-35-065-2_GManastir_4326,matched,449911.67716191936,4681425.075926544,1.0,1
3420,1,1,0.95,K-35-065-2_GManastir_4326,matched,451609.34338241897,4677974.818769166,1.0,1
3421,1,1,0.85,K-35-065-2_GManastir_4326,matched,451658.1363175146,4677903.980661442,1.0,1
3422,1,0,0.0,K-35-065-2_GManastir_4326,student_only,446600.99138688727,4679543.897219638,1.0,1
3423,1,0,0.0,K-35-065-2_GManastir_4326,student_only,455715.71609514434,4677946.667015808,1.0,1
3424,1,0,0.0,K-35-065-2_GManastir_4326,student_only,439418.3628320255,4677889.865046828,1.0,1
3425,1,0,0.0,K-35-065-2_GManastir_4326,student_only,450495.8063496066,4675031.49272955,1.0,1
3426,1,0,0.0,K-35-065-2_GManastir_4326,student_only,455531.60667218245,4675121.665881315,1.0,1
3427,1,0,0.0,K-35-065-2_GManastir_4326,student_only,447639.614,4673017.287,1.0,1
3428,1,0,0.0,K-35-065-2_GManastir_4326,student_only,456268.1643381603,4670685.004979035,1.0,1
3429,1,0,0.0,K-35-065-2_GManastir_4326,student_only,449149.82066005893,4669565.650120269,1.0,1
3430,1,0,0.0,K-35-065-2_GManastir_4326,student_only,441072.18847934034,4668614.813662271,1.0,1
3431,1,0,0.0,K-35-065-2_GManastir_4326,student_only,453010.4227870021,4683653.744744005,1.0,1
3432,1,0,0.0,K-35-065-2_GManastir_4326,student_only,455161.08445099747,4669364.488195994,1.0,1
3433,0,1,0.95,K-35-065-2_GManastir_4326,vlm_only,438108.09767016,4680948.047066726,0.278217431962353,0
3434,0,1,0.2,K-35-065-2_GManastir_4326,vlm_only,458373.3180606909,4682040.314425188,0.278217431962353,0
3435,0,1,0.95,K-35-065-2_GManastir_4326,vlm_only,451565.9128995594,4677748.428384875,0.278217431962353,0
3436,1,1,1.0,K-35-065-3_Glavan_4326,matched,418592.638,4658028.57,1.0,1
3437,1,1,1.0,K-35-065-3_Glavan_4326,matched,418466.92191765475,4664729.087562497,1.0,1
3438,1,1,0.95,K-35-065-3_Glavan_4326,matched,418158.9002683499,4664070.964219456,1.0,1
3439,1,1,1.0,K-35-065-3_Glavan_4326,matched,423310.86949125613,4657766.119794257,1.0,1
3440,1,1,0.2,K-35-065-3_Glavan_4326,matched,435429.59678364167,4650560.715458178,1.0,1
3441,1,1,1.0,K-35-065-3_Glavan_4326,matched,424013.33326286,4663420.233138593,1.0,1
3442,1,1,1.0,K-35-065-3_Glavan_4326,matched,426723.265372398,4666331.785656918,1.0,1
3443,1,1,0.85,K-35-065-3_Glavan_4326,matched,426759.0411746037,4666106.108334015,1.0,1
3444,1,1,1.0,K-35-065-3_Glavan_4326,matched,429394.1428476488,4654273.927190166,1.0,1
3445,1,1,0.95,K-35-065-3_Glavan_4326,matched,429641.28988099424,4653589.27676165,1.0,1
3446,1,1,0.4,K-35-065-3_Glavan_4326,matched,429415.31550214044,4666299.803689539,1.0,1
3447,1,1,1.0,K-35-065-3_Glavan_4326,matched,424614.1513640685,4667069.430795352,1.0,1
3448,1,1,1.0,K-35-065-3_Glavan_4326,matched,424435.7985366917,4666398.970688865,1.0,1
3449,1,1,0.85,K-35-065-3_Glavan_4326,matched,427617.45190863824,4668228.8816726515,1.0,1
3450,1,1,0.85,K-35-065-3_Glavan_4326,matched,428146.63115906523,4667700.5956008015,1.0,1
3451,1,1,0.95,K-35-065-3_Glavan_4326,matched,428149.263,4667425.619,1.0,1
3452,1,1,1.0,K-35-065-3_Glavan_4326,matched,427345.9931054993,4667175.351221784,1.0,1
3453,1,1,1.0,K-35-065-3_Glavan_4326,matched,428547.8761695323,4663553.50487735,1.0,1
3454,1,1,0.85,K-35-065-3_Glavan_4326,matched,417933.4910965452,4662815.066511726,1.0,1
3455,1,1,1.0,K-35-065-3_Glavan_4326,matched,424801.23240848345,4667416.277680774,1.0,1
3456,1,1,0.2,K-35-065-3_Glavan_4326,matched,432727.1936464218,4658488.895515711,1.0,1
3457,1,1,0.95,K-35-065-3_Glavan_4326,matched,422450.34034582035,4664200.229161744,1.0,1
3458,1,1,1.0,K-35-065-3_Glavan_4326,matched,423241.600225179,4664925.857531275,1.0,1
3459,1,1,1.0,K-35-065-3_Glavan_4326,matched,435012.39106508734,4656970.213101273,1.0,1
3460,1,1,0.95,K-35-065-3_Glavan_4326,matched,435503.02675671334,4656636.395902062,1.0,1
3461,1,1,0.95,K-35-065-3_Glavan_4326,matched,433273.601,4665525.444,1.0,1
3462,1,1,1.0,K-35-065-3_Glavan_4326,matched,435638.9867532451,4654250.963916623,1.0,1
3463,1,1,1.0,K-35-065-3_Glavan_4326,matched,435777.1048831698,4654628.074854944,1.0,1
3464,1,1,1.0,K-35-065-3_Glavan_4326,matched,435877.5224611613,4654525.82984778,1.0,1
3465,1,1,1.0,K-35-065-3_Glavan_4326,matched,435755.93439440033,4654416.42286766,1.0,1
3466,1,1,0.95,K-35-065-3_Glavan_4326,matched,419037.1730862849,4666000.00370975,1.0,1
3467,1,1,0.75,K-35-065-3_Glavan_4326,matched,428748.66998930176,4664844.151287401,1.0,1
3468,1,1,0.2,K-35-065-3_Glavan_4326,matched,429177.451,4664607.557,1.0,1
3469,1,1,0.4,K-35-065-3_Glavan_4326,matched,420377.61141161865,4657993.115744641,1.0,1
3470,1,1,0.85,K-35-065-3_Glavan_4326,matched,419888.401359682,4657058.948051477,1.0,1
3471,1,1,0.2,K-35-065-3_Glavan_4326,matched,429309.7876138533,4653526.06001572,1.0,1
3472,1,1,0.95,K-35-065-3_Glavan_4326,matched,437207.41007459373,4652126.912773091,1.0,1
3473,1,1,0.85,K-35-065-3_Glavan_4326,matched,433947.7555954933,4667467.467130587,1.0,1
3474,1,1,1.0,K-35-065-3_Glavan_4326,matched,421649.8513405976,4662078.157531395,1.0,1
3475,1,1,0.95,K-35-065-3_Glavan_4326,matched,420313.61631454667,4667557.753796644,1.0,1
3476,1,1,1.0,K-35-065-3_Glavan_4326,matched,436136.05102508835,4651213.334770599,1.0,1
3477,1,1,0.2,K-35-065-3_Glavan_4326,matched,421243.47570074257,4667588.639859978,1.0,1
3478,1,1,1.0,K-35-065-3_Glavan_4326,matched,419931.06708551967,4662688.410014951,1.0,1
3479,1,1,1.0,K-35-065-3_Glavan_4326,matched,421133.3488747659,4658078.62150489,1.0,1
3480,1,1,1.0,K-35-065-3_Glavan_4326,matched,421221.14198867296,4657980.399424207,1.0,1
3481,1,1,0.85,K-35-065-3_Glavan_4326,matched,420864.43973349413,4657882.955277418,1.0,1
3482,1,1,1.0,K-35-065-3_Glavan_4326,matched,421385.55558055174,4657761.464060498,1.0,1
3483,1,1,1.0,K-35-065-3_Glavan_4326,matched,428628.01833845937,4664619.592210582,1.0,1
3484,1,1,1.0,K-35-065-3_Glavan_4326,matched,428636.6393821202,4664503.96930371,1.0,1
3485,1,1,0.95,K-35-065-3_Glavan_4326,matched,428668.67396340985,4663742.383907908,1.0,1
3486,1,1,1.0,K-35-065-3_Glavan_4326,matched,435614.26194951235,4657241.238891331,1.0,1
3487,1,1,1.0,K-35-065-3_Glavan_4326,matched,431224.08056348236,4666404.310757968,1.0,1
3488,1,0,0.0,K-35-065-3_Glavan_4326,student_only,418652.49123270664,4667424.933170844,1.0,1
3489,1,0,0.0,K-35-065-3_Glavan_4326,student_only,422434.80083130876,4668147.299610227,1.0,1
3490,1,0,0.0,K-35-065-3_Glavan_4326,student_only,428960.845234942,4668114.419684697,1.0,1
3491,1,0,0.0,K-35-065-3_Glavan_4326,student_only,418974.2342073429,4665282.790820415,1.0,1
3492,1,0,0.0,K-35-065-3_Glavan_4326,student_only,421850.34812417894,4665902.372881112,1.0,1
3493,1,0,0.0,K-35-065-3_Glavan_4326,student_only,428875.10427240416,4666815.1190688545,1.0,1
3494,1,0,0.0,K-35-065-3_Glavan_4326,student_only,429120.7675667751,4664536.459958387,1.0,1
3495,1,0,0.0,K-35-065-3_Glavan_4326,student_only,421784.18482189666,4664009.012817916,1.0,1
3496,1,0,0.0,K-35-065-3_Glavan_4326,student_only,418881.66,4665359.283,1.0,1
3497,1,0,0.0,K-35-065-3_Glavan_4326,student_only,417913.5372796776,4665786.165137547,1.0,1
3498,1,0,0.0,K-35-065-3_Glavan_4326,student_only,434237.20002656855,4662503.531361075,1.0,1
3499,1,0,0.0,K-35-065-3_Glavan_4326,student_only,428702.0751625985,4663575.132122921,1.0,1
3500,1,0,0.0,K-35-065-3_Glavan_4326,student_only,424922.3095037617,4664364.161084162,1.0,1
3501,1,0,0.0,K-35-065-3_Glavan_4326,student_only,424736.10534420254,4664279.011035166,1.0,1
3502,1,0,0.0,K-35-065-3_Glavan_4326,student_only,418229.49050345615,4662308.4256012,1.0,1
3503,1,0,0.0,K-35-065-3_Glavan_4326,student_only,435889.1824345402,4657042.145536718,1.0,1
3504,1,0,0.0,K-35-065-3_Glavan_4326,student_only,423484.1425603222,4652056.939802718,1.0,1
3505,1,0,0.0,K-35-065-3_Glavan_4326,student_only,423534.679,4651945.128,1.0,1
3506,1,0,0.0,K-35-065-3_Glavan_4326,student_only,420244.385,4651152.232,1.0,1
3507,1,0,0.0,K-35-065-3_Glavan_4326,student_only,434446.3859102683,4650458.455355353,1.0,1
3508,1,0,0.0,K-35-065-3_Glavan_4326,student_only,435370.983,4649868.519,1.0,1
3509,0,1,0.2,K-35-065-3_Glavan_4326,vlm_only,418505.13639898045,4658036.389565276,0.278217431962353,0
3510,0,1,0.2,K-35-065-3_Glavan_4326,vlm_only,425251.7938804453,4662127.375339314,0.278217431962353,0
3511,0,1,0.2,K-35-065-3_Glavan_4326,vlm_only,434884.35075436113,4659570.900646765,0.278217431962353,0
3512,0,1,0.75,K-35-065-3_Glavan_4326,vlm_only,435093.5364753886,4655873.989286329,0.278217431962353,0
3513,0,1,0.75,K-35-065-3_Glavan_4326,vlm_only,434288.8536136051,4655086.2531521665,0.278217431962353,0
3514,0,1,1.0,K-35-065-3_Glavan_4326,vlm_only,434782.80486243597,4655175.8479309445,0.278217431962353,0
3515,0,1,1.0,K-35-065-3_Glavan_4326,vlm_only,428830.2750880095,4666998.670066243,0.278217431962353,0
3516,0,1,1.0,K-35-065-3_Glavan_4326,vlm_only,420561.49312286143,4656906.86981866,0.278217431962353,0
3517,0,1,0.95,K-35-065-3_Glavan_4326,vlm_only,431302.23748591845,4659429.243216966,0.278217431962353,0
3518,1,1,1.0,K-35-065-4,matched,438069.8681175789,4654664.060911043,1.0,1
3519,1,1,0.85,K-35-065-4,matched,438783.7276268195,4654745.1532032,1.0,1
3520,1,1,1.0,K-35-065-4,matched,438711.0326096982,4654431.475245563,1.0,1
3521,1,1,0.95,K-35-065-4,matched,438118.6198984605,4654415.790939383,1.0,1
3522,1,1,1.0,K-35-065-4,matched,438551.41551348614,4654269.646839346,1.0,1
3523,1,1,1.0,K-35-065-4,matched,443551.75051497685,4668035.157018735,1.0,1
3524,1,1,0.95,K-35-065-4,matched,447289.54115060595,4652402.903820987,1.0,1
3525,1,1,0.3,K-35-065-4,matched,443450.2692812873,4665497.394443207,1.0,1
3526,1,1,0.85,K-35-065-4,matched,448818.3985719637,4660348.387301531,1.0,1
3527,1,1,1.0,K-35-065-4,matched,448898.3209174708,4659493.542010277,1.0,1
3528,1,1,1.0,K-35-065-4,matched,447061.0574956089,4657821.158885196,1.0,1
3529,1,1,0.85,K-35-065-4,matched,447705.26095045346,4656763.105348121,1.0,1
3530,1,1,1.0,K-35-065-4,matched,453451.95135765267,4657935.0453744605,1.0,1
3531,1,1,1.0,K-35-065-4,matched,454065.61252878373,4657554.987660916,1.0,1
3532,1,1,1.0,K-35-065-4,matched,455508.05577399285,4660103.117307429,1.0,1
3533,1,1,0.95,K-35-065-4,matched,455864.8996008603,4667313.921678015,1.0,1
3534,1,1,0.95,K-35-065-4,matched,456463.1090082414,4667643.364342521,1.0,1
3535,1,1,0.95,K-35-065-4,matched,453029.63997253514,4666558.743678991,1.0,1
3536,1,1,0.75,K-35-065-4,matched,453996.04309427546,4665039.549686348,1.0,1
3537,1,1,0.15,K-35-065-4,matched,448486.48733734386,4666805.636720298,1.0,1
3538,1,1,1.0,K-35-065-4,matched,440467.699858566,4651753.7463506935,1.0,1
3539,1,1,1.0,K-35-065-4,matched,449026.01369182905,4657820.937689188,1.0,1
3540,1,1,0.95,K-35-065-4,matched,441643.75972152455,4656266.487416098,1.0,1
3541,1,1,1.0,K-35-065-4,matched,457375.35571285844,4659835.256981196,1.0,1
3542,1,1,0.95,K-35-065-4,matched,440548.4364110828,4650667.092321872,1.0,1
3543,1,1,0.75,K-35-065-4,matched,439783.8697479092,4650317.040036012,1.0,1
3544,1,1,0.75,K-35-065-4,matched,439947.74794432893,4650336.447564439,1.0,1
3545,1,1,0.95,K-35-065-4,matched,456690.9473212554,4664474.300172992,1.0,1
3546,1,1,0.85,K-35-065-4,matched,457129.7861034675,4664826.983119126,1.0,1
3547,1,1,1.0,K-35-065-4,matched,457616.17402740964,4663725.718037716,1.0,1
3548,1,1,1.0,K-35-065-4,matched,452266.37866945553,4657158.222121659,1.0,1
3549,1,1,0.95,K-35-065-4,matched,457552.86909719306,4660847.888640216,1.0,1
3550,1,1,1.0,K-35-065-4,matched,457351.27721798455,4660077.232256047,1.0,1
3551,1,1,0.85,K-35-065-4,matched,446540.01901437464,4667205.734445683,1.0,1
3552,1,1,1.0,K-35-065-4,matched,458002.184,4659889.417,1.0,1
3553,1,0,0.0,K-35-065-4,student_only,448372.5890460729,4667456.478689165,1.0,1
3554,1,0,0.0,K-35-065-4,student_only,457091.64218299347,4664987.245610311,1.0,1
3555,1,0,0.0,K-35-065-4,student_only,454567.6495879907,4665080.765599644,1.0,1
3556,1,0,0.0,K-35-065-4,student_only,454098.049687303,4664547.583712622,1.0,1
3557,1,0,0.0,K-35-065-4,student_only,455444.32957438927,4663251.66547062,1.0,1
3558,1,0,0.0,K-35-065-4,student_only,452714.7740350672,4658980.00588473,1.0,1
3559,1,0,0.0,K-35-065-4,student_only,450455.80110581295,4656294.583228432,1.0,1
3560,1,0,0.0,K-35-065-4,student_only,447821.2012789802,4655520.108843323,1.0,1
3561,0,1,0.95,K-35-065-4,vlm_only,448005.028998405,4655453.68880837,0.278217431962353,0
3562,0,1,0.2,K-35-065-4,vlm_only,456377.70530954335,4657364.233434577,0.278217431962353,0
3563,0,1,0.2,K-35-065-4,vlm_only,441309.8484687503,4653233.858340802,0.278217431962353,0
3564,0,1,0.2,K-35-065-4,vlm_only,447567.64530004625,4650161.71204401,0.278217431962353,0
3565,1,1,1.0,K-35-066-1,matched,465985.12530766404,4670698.140075961,1.0,1
3566,1,1,0.2,K-35-066-1,matched,460417.34213800123,4678838.432067995,1.0,1
3567,1,1,0.95,K-35-066-1,matched,460320.344,4668691.346,1.0,1
3568,1,1,1.0,K-35-066-1,matched,460414.8927719973,4677940.1684470065,1.0,1
3569,1,1,0.4,K-35-066-1,matched,460080.1443540067,4676602.353722592,1.0,1
3570,1,1,1.0,K-35-066-1,matched,459956.15807299956,4675308.432369995,1.0,1
3571,1,1,1.0,K-35-066-1,matched,459961.2937929974,4675228.935681999,1.0,1
3572,1,1,1.0,K-35-066-1,matched,460175.1529560031,4673269.217254,1.0,1
3573,1,1,0.95,K-35-066-1,matched,460236.9740971268,4672820.717497904,1.0,1
3574,1,1,1.0,K-35-066-1,matched,460112.30428192916,4672609.9664735235,1.0,1
3575,1,1,0.85,K-35-066-1,matched,466446.2796588896,4671823.604046464,1.0,1
3576,1,1,0.95,K-35-066-1,matched,466970.23513365537,4679594.484064562,1.0,1
3577,1,1,0.85,K-35-066-1,matched,466246.4589053063,4683450.936297096,1.0,1
3578,1,1,1.0,K-35-066-1,matched,460350.589,4670854.958,1.0,1
3579,1,1,1.0,K-35-066-1,matched,470875.8258448206,4679496.093923085,1.0,1
3580,1,1,1.0,K-35-066-1,matched,470832.21740228584,4678966.906831393,1.0,1
3581,1,1,1.0,K-35-066-1,matched,470757.65690259077,4678853.282625321,1.0,1
3582,1,1,1.0,K-35-066-1,matched,469493.709,4669009.713,1.0,1
3583,1,1,1.0,K-35-066-1,matched,469558.644,4668993.942,1.0,1
3584,1,1,0.95,K-35-066-1,matched,470661.5719061333,4683017.952680385,1.0,1
3585,1,1,1.0,K-35-066-1,matched,470916.0602518154,4682244.425459005,1.0,1
3586,1,1,0.85,K-35-066-1,matched,469437.92220372055,4681108.136425449,1.0,1
3587,1,1,1.0,K-35-066-1,matched,469745.39222056326,4681019.05156591,1.0,1
3588,1,1,1.0,K-35-066-1,matched,469849.05649810506,4681021.826856693,1.0,1
3589,1,1,0.85,K-35-066-1,matched,469462.83640026435,4680118.831071823,1.0,1
3590,1,1,1.0,K-35-066-1,matched,473423.89372008946,4677493.861482338,1.0,1
3591,1,1,1.0,K-35-066-1,matched,473134.3346414782,4677096.484748882,1.0,1
3592,1,1,0.95,K-35-066-1,matched,467181.5810571524,4677439.784217225,1.0,1
3593,1,1,1.0,K-35-066-1,matched,466887.565912269,4685322.543150114,1.0,1
3594,1,1,1.0,K-35-066-1,matched,466962.04118690616,4685285.473903778,1.0,1
3595,1,1,1.0,K-35-066-1,matched,467046.00249843486,4685331.441550114,1.0,1
3596,1,1,1.0,K-35-066-1,matched,467166.532,4685199.418,1.0,1
3597,1,1,0.95,K-35-066-1,matched,472316.5888824027,4680303.281254534,1.0,1
3598,1,1,1.0,K-35-066-1,matched,473167.1791094091,4680269.5218594745,1.0,1
3599,1,1,0.95,K-35-066-1,matched,473104.10224433016,4680133.081172777,1.0,1
3600,1,1,0.85,K-35-066-1,matched,473668.141,4679937.734,1.0,1
3601,1,1,0.85,K-35-066-1,matched,468894.6822626366,4681920.285549802,1.0,1
3602,1,1,0.4,K-35-066-1,matched,469036.7460241987,4682075.786446353,1.0,1
3603,1,1,1.0,K-35-066-1,matched,469286.722,4682175.602,1.0,1
3604,1,1,0.85,K-35-066-1,matched,469661.5261701982,4677722.944049751,1.0,1
3605,1,1,0.85,K-35-066-1,matched,470123.414,4676735.893,1.0,1
3606,1,1,0.95,K-35-066-1,matched,476717.3554296383,4671109.444364109,1.0,1
3607,1,1,1.0,K-35-066-1,matched,472803.4944632481,4671231.415009114,1.0,1
3608,1,1,0.85,K-35-066-1,matched,468414.83044471935,4675272.301314174,1.0,1
3609,1,1,0.85,K-35-066-1,matched,467689.3652966835,4675453.41890751,1.0,1
3610,1,1,1.0,K-35-066-1,matched,475847.3086279697,4685040.117106147,1.0,1
3611,1,1,0.85,K-35-066-1,matched,476762.3009914294,4684720.83963149,1.0,1
3612,1,1,0.95,K-35-066-1,matched,476844.3911392775,4684611.058593905,1.0,1
3613,1,1,1.0,K-35-066-1,matched,475943.00896734034,4683726.300387891,1.0,1
3614,1,1,1.0,K-35-066-1,matched,475660.28162030515,4683431.19074037,1.0,1
3615,1,1,1.0,K-35-066-1,matched,469433.2119136103,4675734.2767437855,1.0,1
3616,1,1,0.95,K-35-066-1,matched,469832.59255373385,4675669.70295543,1.0,1
3617,1,1,0.85,K-35-066-1,matched,470205.406,4675598.038,1.0,1
3618,1,1,0.95,K-35-066-1,matched,469831.58125601534,4675399.46326593,1.0,1
3619,1,1,0.95,K-35-066-1,matched,474246.37729354826,4672446.161453241,1.0,1
3620,1,1,0.95,K-35-066-1,matched,474381.71551454463,4671480.248412899,1.0,1
3621,1,1,0.95,K-35-066-1,matched,474711.96,4683886.838,1.0,1
3622,1,1,0.95,K-35-066-1,matched,474577.14312703244,4683843.069225699,1.0,1
3623,1,1,1.0,K-35-066-1,matched,474760.50912195456,4683824.213842697,1.0,1
3624,1,1,1.0,K-35-066-1,matched,472791.89,4682953.236,1.0,1
3625,1,1,1.0,K-35-066-1,matched,472772.816,4682896.329,1.0,1
3626,1,1,1.0,K-35-066-1,matched,477690.6758819537,4678903.222448176,1.0,1
3627,1,1,1.0,K-35-066-1,matched,476025.837,4674861.536,1.0,1
3628,1,1,1.0,K-35-066-1,matched,476036.7099596873,4674292.388496794,1.0,1
3629,1,1,1.0,K-35-066-1,matched,475706.998385255,4673931.3220304325,1.0,1
3630,1,1,1.0,K-35-066-1,matched,474463.2894315457,4669968.165858978,1.0,1
3631,1,1,1.0,K-35-066-1,matched,474482.3060827474,4669864.923076831,1.0,1
3632,1,1,0.95,K-35-066-1,matched,475545.3802777656,4669716.85294272,1.0,1
3633,1,1,1.0,K-35-066-1,matched,475170.69704271585,4669302.6989732245,1.0,1
3634,1,1,0.85,K-35-066-1,matched,478836.2940434782,4675738.869175756,1.0,1
3635,1,1,0.95,K-35-066-1,matched,468657.44956121995,4670889.372196076,1.0,1
3636,1,1,0.4,K-35-066-1,matched,468081.4543494617,4670349.434741139,1.0,1
3637,1,1,1.0,K-35-066-1,matched,468263.6258731462,4670393.986241475,1.0,1
3638,1,1,0.95,K-35-066-1,matched,478852.02446525043,4684901.128846185,1.0,1
3639,1,1,0.85,K-35-066-1,matched,477962.4484387479,4684939.038406087,1.0,1
3640,1,1,0.95,K-35-066-1,matched,471538.9003955915,4669912.6736080665,1.0,1
3641,1,1,1.0,K-35-066-1,matched,478481.92812035955,4685969.631556576,1.0,1
3642,1,1,1.0,K-35-066-1,matched,476500.548421788,4672694.299900229,1.0,1
3643,1,1,0.85,K-35-066-1,matched,476590.89322607056,4672576.196073133,1.0,1
3644,1,1,1.0,K-35-066-1,matched,468460.3614153813,4672244.351859273,1.0,1
3645,1,1,1.0,K-35-066-1,matched,468672.21775328217,4672292.622466358,1.0,1
3646,1,1,1.0,K-35-066-1,matched,462655.45906100236,4673282.607610996,1.0,1
3647,1,1,0.75,K-35-066-1,matched,477284.1636309109,4668539.747634882,1.0,1
3648,1,1,0.75,K-35-066-1,matched,478735.98837633914,4668661.122895446,1.0,1
3649,1,1,1.0,K-35-066-1,matched,477803.001,4677469.518,1.0,1
3650,1,1,0.95,K-35-066-1,matched,475028.8627166898,4670736.7037056675,1.0,1
3651,1,1,0.95,K-35-066-1,matched,477116.37187713746,4677386.4498386625,1.0,1
3652,1,1,1.0,K-35-066-1,matched,476320.6249455829,4668406.5247125095,1.0,1
3653,1,1,0.95,K-35-066-1,matched,462432.8527641853,4686602.200929607,1.0,1
3654,1,1,0.95,K-35-066-1,matched,463468.3117782355,4685496.673898577,1.0,1
3655,1,1,1.0,K-35-066-1,matched,463013.5567418531,4685246.005591841,1.0,1
3656,1,1,0.85,K-35-066-1,matched,463306.4848477905,4685083.383340615,1.0,1
3657,1,1,0.85,K-35-066-1,matched,462646.364,4685031.567,1.0,1
3658,1,1,1.0,K-35-066-1,matched,479088.10584867396,4674677.941924843,1.0,1
3659,1,1,1.0,K-35-066-1,matched,475968.7800120009,4681467.628220831,1.0,1
3660,1,1,1.0,K-35-066-1,matched,476847.82659996604,4681458.681858612,1.0,1
3661,1,1,1.0,K-35-066-1,matched,462843.701738996,4674103.812653999,1.0,1
3662,1,1,1.0,K-35-066-1,matched,475565.133,4683159.653,1.0,1
3663,1,1,1.0,K-35-066-1,matched,475527.931,4683103.023,1.0,1
3664,1,1,1.0,K-35-066-1,matched,474529.454702495,4682233.799042894,1.0,1
3665,1,1,0.85,K-35-066-1,matched,462987.99581852613,4678197.817003967,1.0,1
3666,1,1,1.0,K-35-066-1,matched,478152.83919918525,4681680.698149946,1.0,1
3667,1,1,1.0,K-35-066-1,matched,478035.6159300341,4681617.420518729,1.0,1
3668,1,1,1.0,K-35-066-1,matched,474623.16485489556,4675202.173548535,1.0,1
3669,1,1,0.2,K-35-066-1,matched,461866.79660500126,4674533.329247,1.0,1
3670,1,1,1.0,K-35-066-1,matched,461920.03841993446,4674269.135593761,1.0,1
3671,1,1,0.95,K-35-066-1,matched,461585.491,4669713.81,1.0,1
3672,1,1,1.0,K-35-066-1,matched,476713.9503761397,4678823.928837408,1.0,1
3673,1,1,1.0,K-35-066-1,matched,468442.9877138754,4679822.352061639,1.0,1
3674,1,1,0.95,K-35-066-1,matched,468089.94177370716,4679128.222862695,1.0,1
3675,1,1,1.0,K-35-066-1,matched,467936.69267113326,4678660.440902911,1.0,1
3676,1,1,1.0,K-35-066-1,matched,465665.167,4675894.751,1.0,1
3677,1,1,0.95,K-35-066-1,matched,463710.40311318584,4680256.330569264,1.0,1
3678,1,1,0.85,K-35-066-1,matched,478495.0698584302,4671691.176944322,1.0,1
3679,1,1,1.0,K-35-066-1,matched,472892.51,4679677.854,1.0,1
3680,1,1,1.0,K-35-066-1,matched,473013.74348173937,4679660.523516091,1.0,1
3681,1,1,1.0,K-35-066-1,matched,472994.2298412146,4679395.653603604,1.0,1
3682,1,1,0.95,K-35-066-1,matched,473952.49401117506,4679569.536052813,1.0,1
3683,1,1,1.0,K-35-066-1,matched,468339.71910692035,4686615.231574796,1.0,1
3684,1,1,1.0,K-35-066-1,matched,467965.24126038194,4685404.071069814,1.0,1
3685,1,1,1.0,K-35-066-1,matched,468265.96127575275,4685172.858167729,1.0,1
3686,1,1,1.0,K-35-066-1,matched,468214.6953542415,4685060.19847089,1.0,1
3687,1,1,1.0,K-35-066-1,matched,468126.40582451754,4684930.4865079345,1.0,1
3688,1,1,1.0,K-35-066-1,matched,478083.3439058163,4682591.726222097,1.0,1
3689,1,1,0.85,K-35-066-1,matched,477162.56466584443,4682034.043117135,1.0,1
3690,1,1,1.0,K-35-066-1,matched,465558.66480182525,4680282.6016372265,1.0,1
3691,1,1,0.85,K-35-066-1,matched,476324.08633908804,4682122.496349691,1.0,1
3692,1,1,1.0,K-35-066-1,matched,463378.243076004,4684909.970536871,1.0,1
3693,1,1,0.95,K-35-066-1,matched,463423.07569835894,4684380.580345588,1.0,1
3694,1,1,0.95,K-35-066-1,matched,463571.3644636736,4683858.639981258,1.0,1
3695,1,1,0.2,K-35-066-1,matched,467870.4048745595,4684499.001346596,1.0,1
3696,1,1,1.0,K-35-066-1,matched,468046.09,4681506.048,1.0,1
3697,1,1,1.0,K-35-066-1,matched,468002.1495996075,4681430.139249005,1.0,1
3698,1,1,1.0,K-35-066-1,matched,467833.8180017414,4681073.634900596,1.0,1
3699,1,1,1.0,K-35-066-1,matched,467691.508934197,4680895.27343969,1.0,1
3700,1,1,1.0,K-35-066-1,matched,467196.8868145296,4680930.494573484,1.0,1
3701,1,1,0.7,K-35-066-1,matched,467114.6218204005,4680993.047846897,1.0,1
3702,1,1,1.0,K-35-066-1,matched,467283.7044101063,4680851.738548879,1.0,1
3703,1,1,0.95,K-35-066-1,matched,475795.74243150733,4685992.420074299,1.0,1
3704,1,1,0.95,K-35-066-1,matched,476239.35680566326,4685698.0814031195,1.0,1
3705,1,1,0.95,K-35-066-1,matched,476599.83804113517,4685822.590168168,1.0,1
3706,1,1,0.95,K-35-066-1,matched,476710.7927643246,4685752.146710612,1.0,1
3707,1,1,1.0,K-35-066-1,matched,470922.11187484366,4680590.802842571,1.0,1
3708,1,0,0.0,K-35-066-1,student_only,463868.218,4684132.808,1.0,1
3709,1,0,0.0,K-35-066-1,student_only,463827.799,4684087.938,1.0,1
3710,1,0,0.0,K-35-066-1,student_only,466029.4869674042,4670788.943940398,1.0,1
3711,1,0,0.0,K-35-066-1,student_only,467493.69849218027,4684649.979268167,1.0,1
3712,1,0,0.0,K-35-066-1,student_only,467724.37212335214,4683706.174888927,1.0,1
3713,1,0,0.0,K-35-066-1,student_only,467620.4111064103,4676358.599597209,1.0,1
3714,1,0,0.0,K-35-066-1,student_only,467915.1250554892,4684821.132989003,1.0,1
3715,1,0,0.0,K-35-066-1,student_only,469271.84348998097,4677462.324037883,1.0,1
3716,1,0,0.0,K-35-066-1,student_only,475737.52943611925,4675147.884354987,1.0,1
3717,1,0,0.0,K-35-066-1,student_only,475418.34329540463,4669275.268278644,1.0,1
3718,1,0,0.0,K-35-066-1,student_only,476413.156,4684984.54,1.0,1
3719,1,0,0.0,K-35-066-1,student_only,477264.9217850084,4682085.37803128,1.0,1
3720,1,0,0.0,K-35-066-1,student_only,478240.1160418291,4671853.058007658,1.0,1
3721,1,0,0.0,K-35-066-1,student_only,478915.15552248654,4683908.778671567,1.0,1
3722,1,0,0.0,K-35-066-1,student_only,460429.22406100057,4669514.711894997,1.0,1
3723,1,0,0.0,K-35-066-1,student_only,460334.822,4670911.295,1.0,1
3724,1,0,0.0,K-35-066-1,student_only,460327.2959109981,4671031.281939999,1.0,1
3725,1,0,0.0,K-35-066-1,student_only,461872.2647879974,4674409.217455001,1.0,1
3726,0,1,0.15,K-35-066-1,vlm_only,463991.3868035433,4685993.737527996,0.278217431962353,0
3727,0,1,0.75,K-35-066-1,vlm_only,472047.76200024283,4678876.857099744,0.278217431962353,0
3728,0,1,0.95,K-35-066-1,vlm_only,464757.61490613484,4678017.013195478,0.278217431962353,0
3729,0,1,0.2,K-35-066-1,vlm_only,473687.98893454164,4685861.81156444,0.278217431962353,0
3730,0,1,0.85,K-35-066-1,vlm_only,468884.80503687484,4681733.798497789,0.278217431962353,0
3731,0,1,1.0,K-35-066-1,vlm_only,476002.0891950372,4674951.474774495,0.278217431962353,0
3732,0,1,1.0,K-35-066-1,vlm_only,477267.4414669056,4677250.465976657,0.278217431962353,0
3733,0,1,1.0,K-35-066-1,vlm_only,477881.84301498695,4677421.720565784,0.278217431962353,0
3734,0,1,0.15,K-35-066-1,vlm_only,462998.129197778,4677412.797624096,0.278217431962353,0
3735,0,1,0.4,K-35-066-1,vlm_only,468817.4145822317,4686695.465791146,0.278217431962353,0
3736,0,1,0.15,K-35-066-1,vlm_only,463701.07762246137,4680698.833182263,0.278217431962353,0
3737,0,1,1.0,K-35-066-1,vlm_only,478227.08260875207,4671659.847170373,0.278217431962353,0
3738,0,1,1.0,K-35-066-1,vlm_only,473694.3999524735,4679941.994706107,0.278217431962353,0
3739,0,1,1.0,K-35-066-1,vlm_only,472833.99449834635,4679677.228808375,0.278217431962353,0
3740,0,1,0.35,K-35-066-1,vlm_only,478812.94265786064,4682089.326773123,0.278217431962353,0
3741,0,1,0.2,K-35-066-1,vlm_only,466814.03781204304,4680833.55487562,0.278217431962353,0
3742,0,1,0.95,K-35-066-1,vlm_only,462645.77899146825,4685053.285614514,0.278217431962353,0
3743,0,1,1.0,K-35-066-1,vlm_only,476975.5054491801,4668296.619784918,0.278217431962353,0
3744,0,1,0.4,K-35-066-1,vlm_only,476963.04652539885,4668326.195370747,0.278217431962353,0
3745,1,1,0.95,K-35-066-2,matched,491642.804577231,4679597.560011858,1.0,1
3746,1,1,1.0,K-35-066-2,matched,492432.8228433447,4679724.1163492855,1.0,1
3747,1,1,0.95,K-35-066-2,matched,479404.94828001235,4673448.9651995925,1.0,1
3748,1,1,1.0,K-35-066-2,matched,480525.0579364199,4685656.663663635,1.0,1
3749,1,1,1.0,K-35-066-2,matched,479483.40504954004,4672858.187394176,1.0,1
3750,1,1,0.95,K-35-066-2,matched,480996.3626913863,4671560.630580069,1.0,1
3751,1,1,1.0,K-35-066-2,matched,485515.991,4684932.919,1.0,1
3752,1,1,1.0,K-35-066-2,matched,487043.66535507416,4686425.121117242,1.0,1
3753,1,1,0.95,K-35-066-2,matched,484650.1903194014,4673039.246820646,1.0,1
3754,1,1,1.0,K-35-066-2,matched,485712.2040238596,4672164.360137306,1.0,1
3755,1,1,1.0,K-35-066-2,matched,488087.631880562,4676031.977396217,1.0,1
3756,1,1,0.85,K-35-066-2,matched,479925.972,4679662.114,1.0,1
3757,1,1,0.95,K-35-066-2,matched,479992.199,4679678.311,1.0,1
3758,1,1,1.0,K-35-066-2,matched,480623.45470459334,4679349.346448468,1.0,1
3759,1,1,0.65,K-35-066-2,matched,487088.6052646933,4684062.581978615,1.0,1
3760,1,1,1.0,K-35-066-2,matched,486219.947,4683538.779,1.0,1
3761,1,1,0.95,K-35-066-2,matched,487337.84596603195,4683339.74386103,1.0,1
3762,1,1,1.0,K-35-066-2,matched,488831.35688355676,4672277.177641442,1.0,1
3763,1,1,1.0,K-35-066-2,matched,487817.20871563745,4671638.62021503,1.0,1
3764,1,1,1.0,K-35-066-2,matched,489024.9936362348,4686346.340385032,1.0,1
3765,1,1,1.0,K-35-066-2,matched,488557.112120587,4686099.184979722,1.0,1
3766,1,1,1.0,K-35-066-2,matched,490453.958,4677710.096,1.0,1
3767,1,1,1.0,K-35-066-2,matched,479759.34362315683,4671085.085696839,1.0,1
3768,1,1,1.0,K-35-066-2,matched,480524.7417438248,4671164.513138964,1.0,1
3769,1,1,1.0,K-35-066-2,matched,479887.8049089214,4675916.591175989,1.0,1
3770,1,1,0.95,K-35-066-2,matched,479745.7421689901,4675694.616890392,1.0,1
3771,1,1,0.95,K-35-066-2,matched,485033.3684632924,4676046.361286496,1.0,1
3772,1,1,1.0,K-35-066-2,matched,484762.1667738637,4675242.464908874,1.0,1
3773,1,1,1.0,K-35-066-2,matched,487860.6297825658,4683159.453883435,1.0,1
3774,1,1,1.0,K-35-066-2,matched,486617.28896869934,4682937.5361608835,1.0,1
3775,1,1,1.0,K-35-066-2,matched,479928.3629724796,4680591.068453779,1.0,1
3776,1,1,1.0,K-35-066-2,matched,495743.4651536939,4686525.002297036,1.0,1
3777,1,1,1.0,K-35-066-2,matched,495674.9341205883,4686447.920221767,1.0,1
3778,1,1,1.0,K-35-066-2,matched,489980.8528140439,4669440.809934464,1.0,1
3779,1,1,1.0,K-35-066-2,matched,481896.00672612764,4675591.387800432,1.0,1
3780,1,1,1.0,K-35-066-2,matched,496784.7656150587,4683344.945919987,1.0,1
3781,1,1,0.2,K-35-066-2,matched,488023.1310026806,4684663.563668402,1.0,1
3782,1,1,0.95,K-35-066-2,matched,488466.32053237245,4684369.638932715,1.0,1
3783,1,1,1.0,K-35-066-2,matched,488702.5284637376,4683735.943240846,1.0,1
3784,1,1,1.0,K-35-066-2,matched,481344.651256615,4678513.669512197,1.0,1
3785,1,1,0.4,K-35-066-2,matched,491765.05417717074,4669563.943773875,1.0,1
3786,1,1,1.0,K-35-066-2,matched,498340.7556792358,4668958.275655761,1.0,1
3787,1,1,0.95,K-35-066-2,matched,498630.2223589432,4668897.193488825,1.0,1
3788,1,1,1.0,K-35-066-2,matched,481342.41672381404,4685784.624139283,1.0,1
3789,1,1,0.95,K-35-066-2,matched,482969.5677398691,4686462.122624688,1.0,1
3790,1,1,1.0,K-35-066-2,matched,483944.0332646677,4684998.780749811,1.0,1
3791,1,1,0.9,K-35-066-2,matched,499723.122,4675712.355,1.0,1
3792,1,1,1.0,K-35-066-2,matched,499671.5169188875,4685767.925347899,1.0,1
3793,1,1,0.95,K-35-066-2,matched,499232.178,4685074.25,1.0,1
3794,1,1,0.95,K-35-066-2,matched,483462.846132755,4684733.031324167,1.0,1
3795,1,1,0.95,K-35-066-2,matched,482657.3586680814,4683270.220850013,1.0,1
3796,1,1,1.0,K-35-066-2,matched,496377.73886829836,4670638.837860744,1.0,1
3797,1,1,0.95,K-35-066-2,matched,496573.914,4669757.662,1.0,1
3798,1,1,0.4,K-35-066-2,matched,497161.617,4669759.525,1.0,1
3799,1,1,1.0,K-35-066-2,matched,481467.6229864715,4671478.445766841,1.0,1
3800,1,1,0.95,K-35-066-2,matched,484081.08335347916,4674751.741045969,1.0,1
3801,1,1,1.0,K-35-066-2,matched,483862.8616527931,4673734.373761083,1.0,1
3802,1,1,0.95,K-35-066-2,matched,479766.0260656864,4669464.482199192,1.0,1
3803,1,1,1.0,K-35-066-2,matched,479394.9490808492,4668273.297939581,1.0,1
3804,1,1,1.0,K-35-066-2,matched,486610.9797947971,4678527.539176454,1.0,1
3805,1,1,0.95,K-35-066-2,matched,496550.563,4674723.58,1.0,1
3806,1,1,0.75,K-35-066-2,matched,483178.65581654623,4668917.8390762005,1.0,1
3807,1,1,0.3,K-35-066-2,matched,484024.19290054357,4668578.454394323,1.0,1
3808,1,1,0.95,K-35-066-2,matched,484295.014,4668302.748,1.0,1
3809,1,1,0.85,K-35-066-2,matched,488168.095,4677942.865,1.0,1
3810,1,1,1.0,K-35-066-2,matched,496471.5412322168,4669162.020415369,1.0,1
3811,1,0,0.0,K-35-066-2,student_only,481290.4057551984,4685650.108255194,1.0,1
3812,1,0,0.0,K-35-066-2,student_only,496568.041,4686432.982,1.0,1
3813,1,0,0.0,K-35-066-2,student_only,496040.34146965033,4680026.70704572,1.0,1
3814,1,0,0.0,K-35-066-2,student_only,487474.1988993306,4678592.049579956,1.0,1
3815,1,0,0.0,K-35-066-2,student_only,487537.967,4678355.988,1.0,1
3816,1,0,0.0,K-35-066-2,student_only,487397.82710405486,4678108.807418395,1.0,1
3817,1,0,0.0,K-35-066-2,student_only,487859.7795166018,4678013.34544245,1.0,1
3818,1,0,0.0,K-35-066-2,student_only,490058.053,4678171.221,1.0,1
3819,1,0,0.0,K-35-066-2,student_only,492443.4420631399,4676751.317943758,1.0,1
3820,1,0,0.0,K-35-066-2,student_only,490974.291,4676453.709,1.0,1
3821,1,0,0.0,K-35-066-2,student_only,486075.599,4676786.114,1.0,1
3822,1,0,0.0,K-35-066-2,student_only,482098.11359157256,4677046.502308007,1.0,1
3823,1,0,0.0,K-35-066-2,student_only,494464.09211958374,4673960.486346636,1.0,1
3824,1,0,0.0,K-35-066-2,student_only,494278.7840848065,4668422.000239783,1.0,1
3825,1,0,0.0,K-35-066-2,student_only,484225.633,4668306.908,1.0,1
3826,1,0,0.0,K-35-066-2,student_only,483608.273,4668851.315,1.0,1
3827,0,1,0.2,K-35-066-2,vlm_only,494888.49618228525,4670589.890710928,0.278217431962353,0
3828,0,1,1.0,K-35-066-2,vlm_only,492438.3334100723,4676563.235683434,0.278217431962353,0
3829,0,1,0.95,K-35-066-2,vlm_only,485483.9146354536,4684920.416536843,0.278217431962353,0
3830,0,1,0.4,K-35-066-2,vlm_only,480805.55056582193,4679987.472142946,0.278217431962353,0
3831,0,1,1.0,K-35-066-2,vlm_only,482672.83431872126,4675215.575107551,0.278217431962353,0
3832,0,1,0.85,K-35-066-2,vlm_only,497913.499572513,4679156.115397766,0.278217431962353,0
3833,0,1,1.0,K-35-066-2,vlm_only,482534.75386577577,4683201.980531297,0.278217431962353,0
3834,0,1,0.95,K-35-066-2,vlm_only,483093.628684817,4675533.552039724,0.278217431962353,0
3835,0,1,0.2,K-35-066-2,vlm_only,483967.76525870606,4675368.063350042,0.278217431962353,0
3836,0,1,0.95,K-35-066-2,vlm_only,484179.63099025714,4674945.5437728055,0.278217431962353,0
3837,0,1,0.85,K-35-066-2,vlm_only,482842.1677551212,4681668.712951232,0.278217431962353,0
3838,0,1,0.2,K-35-066-2,vlm_only,499728.6087436381,4682051.917081141,0.278217431962353,0
3839,0,1,0.95,K-35-066-2,vlm_only,494272.8900901294,4668233.258092477,0.278217431962353,0
3840,1,1,0.85,K-35-066-3,matched,458662.0807650513,4654477.173108512,1.0,1
3841,1,1,0.75,K-35-066-3,matched,459108.9139027532,4653364.154010381,1.0,1
3842,1,1,1.0,K-35-066-3,matched,463843.4474401884,4660549.449150185,1.0,1
3843,1,1,1.0,K-35-066-3,matched,463920.9774155597,4660521.251148311,1.0,1
3844,1,1,0.85,K-35-066-3,matched,463860.29519129347,4659705.978461475,1.0,1
3845,1,1,1.0,K-35-066-3,matched,464767.48212110973,4667539.409532528,1.0,1
3846,1,1,0.4,K-35-066-3,matched,466227.5129455925,4658916.021670074,1.0,1
3847,1,1,1.0,K-35-066-3,matched,466861.553,4656298.211,1.0,1
3848,1,1,1.0,K-35-066-3,matched,469299.58289657475,4665396.13566103,1.0,1
3849,1,1,0.85,K-35-066-3,matched,468436.55697736685,4657113.934006733,1.0,1
3850,1,1,0.95,K-35-066-3,matched,465756.9971882432,4659929.266175175,1.0,1
3851,1,1,0.95,K-35-066-3,matched,464857.6363881165,4656363.46676493,1.0,1
3852,1,1,0.85,K-35-066-3,matched,465302.39290274546,4664444.1177243525,1.0,1
3853,1,1,0.95,K-35-066-3,matched,465762.04176571534,4664578.864089415,1.0,1
3854,1,1,1.0,K-35-066-3,matched,466584.975220482,4651694.228476641,1.0,1
3855,1,1,1.0,K-35-066-3,matched,465174.0239933863,4655489.242826186,1.0,1
3856,1,1,1.0,K-35-066-3,matched,471136.2863745534,4655487.186363327,1.0,1
3857,1,1,0.85,K-35-066-3,matched,471129.4707125621,4655372.515989488,1.0,1
3858,1,1,0.95,K-35-066-3,matched,471314.5179961657,4654806.156582683,1.0,1
3859,1,1,0.95,K-35-066-3,matched,473756.82884599594,4667825.042502552,1.0,1
3860,1,1,1.0,K-35-066-3,matched,473690.36067608977,4667162.121659712,1.0,1
3861,1,1,1.0,K-35-066-3,matched,475532.0291263371,4661435.640197958,1.0,1
3862,1,1,1.0,K-35-066-3,matched,474786.798,4666119.308,1.0,1
3863,1,1,1.0,K-35-066-3,matched,474773.6915088499,4665935.934995912,1.0,1
3864,1,1,1.0,K-35-066-3,matched,474125.9,4665875.709,1.0,1
3865,1,1,0.85,K-35-066-3,matched,469211.2695546593,4654394.924995708,1.0,1
3866,1,1,1.0,K-35-066-3,matched,472056.0572224015,4666118.762515338,1.0,1
3867,1,1,0.85,K-35-066-3,matched,473032.3698313734,4666094.052090523,1.0,1
3868,1,1,1.0,K-35-066-3,matched,473131.63986060716,4666042.166010491,1.0,1
3869,1,1,1.0,K-35-066-3,matched,464198.62552006985,4664817.096472898,1.0,1
3870,1,1,1.0,K-35-066-3,matched,464638.20296196284,4664623.847677373,1.0,1
3871,1,1,1.0,K-35-066-3,matched,464871.88465507096,4664635.742919753,1.0,1
3872,1,1,1.0,K-35-066-3,matched,465187.63903888955,4664651.365550899,1.0,1
3873,1,1,1.0,K-35-066-3,matched,463760.883,4664372.887,1.0,1
3874,1,1,1.0,K-35-066-3,matched,463537.0674002104,4664760.385664555,1.0,1
3875,1,1,1.0,K-35-066-3,matched,475750.3073109535,4657133.967849319,1.0,1
3876,1,1,0.95,K-35-066-3,matched,473844.6345346811,4658496.746058441,1.0,1
3877,1,1,1.0,K-35-066-3,matched,476465.766,4656051.727,1.0,1
3878,1,1,0.95,K-35-066-3,matched,477202.2747607237,4655615.904790013,1.0,1
3879,1,1,1.0,K-35-066-3,matched,476868.9763879551,4649851.76538033,1.0,1
3880,1,1,0.4,K-35-066-3,matched,473244.6440935542,4664361.930128861,1.0,1
3881,1,1,1.0,K-35-066-3,matched,472648.8703111008,4663584.948124254,1.0,1
3882,1,1,1.0,K-35-066-3,matched,467838.1888250539,4665520.475447147,1.0,1
3883,1,1,1.0,K-35-066-3,matched,473995.8194095322,4650350.94005161,1.0,1
3884,1,1,0.95,K-35-066-3,matched,470377.3182770733,4663381.57165579,1.0,1
3885,1,1,1.0,K-35-066-3,matched,477325.194,4667287.229,1.0,1
3886,1,1,1.0,K-35-066-3,matched,477370.56,4667237.418,1.0,1
3887,1,1,0.95,K-35-066-3,matched,460525.6573632745,4654118.765568334,1.0,1
3888,1,1,0.4,K-35-066-3,matched,461384.8820796488,4653419.190212996,1.0,1
3889,1,1,1.0,K-35-066-3,matched,475738.5062379483,4663774.053118826,1.0,1
3890,1,1,0.15,K-35-066-3,matched,476227.1955307283,4663877.47762228,1.0,1
3891,1,1,1.0,K-35-066-3,matched,476657.73312251974,4663564.220292045,1.0,1
3892,1,1,1.0,K-35-066-3,matched,468299.85843344295,4660379.596373018,1.0,1
3893,1,1,1.0,K-35-066-3,matched,471078.63,4663670.923,1.0,1
3894,1,1,1.0,K-35-066-3,matched,462210.37505591154,4658088.8873995785,1.0,1
3895,1,1,1.0,K-35-066-3,matched,477541.45263681724,4656197.668637303,1.0,1
3896,1,1,0.95,K-35-066-3,matched,478449.3584537748,4656212.4252797365,1.0,1
3897,1,1,1.0,K-35-066-3,matched,477081.87774867605,4655471.112572682,1.0,1
3898,1,1,1.0,K-35-066-3,matched,462972.53416617017,4656398.436816537,1.0,1
3899,1,1,0.2,K-35-066-3,matched,462503.5247914598,4657903.772879501,1.0,1
3900,1,1,0.95,K-35-066-3,matched,462472.645836033,4662328.781247132,1.0,1
3901,1,1,1.0,K-35-066-3,matched,462054.9405905356,4663347.717502975,1.0,1
3902,1,1,1.0,K-35-066-3,matched,462005.7742624233,4663238.610401265,1.0,1
3903,1,1,1.0,K-35-066-3,matched,471197.610585386,4666089.147969371,1.0,1
3904,1,1,0.95,K-35-066-3,matched,471801.1125431287,4666002.3943518475,1.0,1
3905,1,1,0.95,K-35-066-3,matched,461386.7950479872,4663752.230094863,1.0,1
3906,1,1,1.0,K-35-066-3,matched,477477.42482968705,4658741.1640385585,1.0,1
3907,1,1,0.95,K-35-066-3,matched,477282.842,4663626.279,1.0,1
3908,1,1,0.75,K-35-066-3,matched,462300.08225516113,4665606.624875512,1.0,1
3909,1,1,0.2,K-35-066-3,matched,466690.9311052448,4662882.706113877,1.0,1
3910,1,1,0.15,K-35-066-3,matched,465898.52704537567,4661895.762176066,1.0,1
3911,1,1,1.0,K-35-066-3,matched,465729.9104614256,4661860.805243042,1.0,1
3912,1,1,0.95,K-35-066-3,matched,465806.615,4661708.741,1.0,1
3913,1,1,0.3,K-35-066-3,matched,478860.08453726274,4653124.132485927,1.0,1
3914,1,1,1.0,K-35-066-3,matched,467042.87660305813,4650673.808634952,1.0,1
3915,1,1,1.0,K-35-066-3,matched,464528.8481938937,4653276.743285072,1.0,1
3916,1,1,1.0,K-35-066-3,matched,475519.4472056767,4662938.742986026,1.0,1
3917,1,1,1.0,K-35-066-3,matched,459855.51346656017,4656468.7954155,1.0,1
3918,1,1,0.3,K-35-066-3,matched,478444.4550537081,4652947.320832642,1.0,1
3919,1,1,0.85,K-35-066-3,matched,466802.43,4655822.339,1.0,1
3920,1,1,0.85,K-35-066-3,matched,474995.2168123522,4662818.813457839,1.0,1
3921,1,1,1.0,K-35-066-3,matched,475095.865,4662723.921,1.0,1
3922,1,1,1.0,K-35-066-3,matched,469233.525151475,4662659.998246942,1.0,1
3923,1,0,0.0,K-35-066-3,student_only,460351.0583828223,4668195.071830807,1.0,1
3924,1,0,0.0,K-35-066-3,student_only,475081.8915051618,4664197.506577563,1.0,1
3925,1,0,0.0,K-35-066-3,student_only,472273.4023052511,4665801.826799435,1.0,1
3926,1,0,0.0,K-35-066-3,student_only,464498.59,4664995.447,1.0,1
3927,1,0,0.0,K-35-066-3,student_only,463733.2739815445,4664608.899415539,1.0,1
3928,1,0,0.0,K-35-066-3,student_only,475570.0108425551,4662861.480160749,1.0,1
3929,1,0,0.0,K-35-066-3,student_only,465779.776,4661776.066,1.0,1
3930,1,0,0.0,K-35-066-3,student_only,465817.961,4661831.912,1.0,1
3931,1,0,0.0,K-35-066-3,student_only,470645.1384024208,4659465.727710128,1.0,1
3932,1,0,0.0,K-35-066-3,student_only,476209.4042593409,4657502.928189764,1.0,1
3933,1,0,0.0,K-35-066-3,student_only,463950.27577040583,4657844.282273923,1.0,1
3934,1,0,0.0,K-35-066-3,student_only,462225.0625615495,4655667.011552499,1.0,1
3935,1,0,0.0,K-35-066-3,student_only,462959.46358015854,4654534.543796043,1.0,1
3936,1,0,0.0,K-35-066-3,student_only,467251.78784609115,4655196.761281944,1.0,1
3937,1,0,0.0,K-35-066-3,student_only,474307.6759185468,4654038.109762244,1.0,1
3938,1,0,0.0,K-35-066-3,student_only,465570.20300070255,4653473.264570821,1.0,1
3939,1,0,0.0,K-35-066-3,student_only,461789.3189319188,4650553.761129755,1.0,1
3940,1,0,0.0,K-35-066-3,student_only,468644.8296793496,4649840.59033211,1.0,1
3941,1,0,0.0,K-35-066-3,student_only,473868.01582524844,4650701.103237643,1.0,1
3942,1,0,0.0,K-35-066-3,student_only,473560.8974189474,4649939.99198251,1.0,1
3943,0,1,0.95,K-35-066-3,vlm_only,458802.2391267863,4653955.498900322,0.278217431962353,0
3944,0,1,0.95,K-35-066-3,vlm_only,474081.83411612554,4665953.08570004,0.278217431962353,0
3945,0,1,0.95,K-35-066-3,vlm_only,477236.9954353077,4663626.390382584,0.278217431962353,0
3946,0,1,0.2,K-35-066-3,vlm_only,471011.4945345393,4663669.636015002,0.278217431962353,0
3947,0,1,1.0,K-35-066-3,vlm_only,463747.15121876897,4664372.959394309,0.278217431962353,0
3948,0,1,0.4,K-35-066-3,vlm_only,460376.7725241235,4667646.081226272,0.278217431962353,0
3949,0,1,0.95,K-35-066-3,vlm_only,471766.1051335759,4662230.142569599,0.278217431962353,0
3950,0,1,0.85,K-35-066-3,vlm_only,475394.1658719135,4664033.067441854,0.278217431962353,0
3951,1,1,0.95,K-35-066-4,matched,480986.080230395,4656170.267147214,1.0,1
3952,1,1,1.0,K-35-066-4,matched,479991.83549386397,4655376.836765609,1.0,1
3953,1,1,1.0,K-35-066-4,matched,492582.735270386,4665195.996802452,1.0,1
3954,1,1,0.85,K-35-066-4,matched,480921.207,4665223.157,1.0,1
3955,1,1,0.95,K-35-066-4,matched,484780.8886010864,4657677.185296623,1.0,1
3956,1,1,0.75,K-35-066-4,matched,485958.8728352152,4657029.15895483,1.0,1
3957,1,1,0.95,K-35-066-4,matched,479521.01170364395,4662384.520491685,1.0,1
3958,1,1,0.85,K-35-066-4,matched,485684.2594614764,4661207.050518326,1.0,1
3959,1,1,0.4,K-35-066-4,matched,484642.2706592121,4660670.123320074,1.0,1
3960,1,1,0.95,K-35-066-4,matched,480867.09,4651289.066,1.0,1
3961,1,1,0.85,K-35-066-4,matched,486728.1380461619,4652273.682190442,1.0,1
3962,1,1,0.95,K-35-066-4,matched,480282.274,4651329.121,1.0,1
3963,1,1,1.0,K-35-066-4,matched,485388.62532642815,4667801.6692596935,1.0,1
3964,1,1,0.95,K-35-066-4,matched,488200.3058813086,4668187.136508323,1.0,1
3965,1,1,0.95,K-35-066-4,matched,488582.234,4667442.988,1.0,1
3966,1,1,1.0,K-35-066-4,matched,489330.121,4666416.187,1.0,1
3967,1,1,1.0,K-35-066-4,matched,488108.38054613286,4656191.834402544,1.0,1
3968,1,1,1.0,K-35-066-4,matched,489094.7697557457,4655490.408998484,1.0,1
3969,1,1,0.7,K-35-066-4,matched,493990.51420669095,4665554.148149781,1.0,1
3970,1,1,1.0,K-35-066-4,matched,493056.88838825066,4660495.054899732,1.0,1
3971,1,1,1.0,K-35-066-4,matched,494405.7585564063,4667887.808181005,1.0,1
3972,1,1,1.0,K-35-066-4,matched,487371.2744295787,4666961.652937375,1.0,1
3973,1,1,1.0,K-35-066-4,matched,485995.23733929585,4659577.233292514,1.0,1
3974,1,1,1.0,K-35-066-4,matched,495984.444,4655257.324,1.0,1
3975,1,1,1.0,K-35-066-4,matched,495781.35087115125,4654950.515838285,1.0,1
3976,1,1,1.0,K-35-066-4,matched,495451.1649176598,4654712.910019952,1.0,1
3977,1,1,1.0,K-35-066-4,matched,497121.948073343,4665191.15904846,1.0,1
3978,1,1,0.4,K-35-066-4,matched,492236.85485345306,4664555.389799149,1.0,1
3979,1,1,0.85,K-35-066-4,matched,492815.44499514584,4664113.9320304785,1.0,1
3980,1,1,1.0,K-35-066-4,matched,481624.742,4653017.818,1.0,1
3981,1,1,1.0,K-35-066-4,matched,482497.7262222793,4652884.726131718,1.0,1
3982,1,1,0.2,K-35-066-4,matched,499823.20545057603,4660130.820208647,1.0,1
3983,1,1,0.7,K-35-066-4,matched,495639.18862454174,4657277.303546321,1.0,1
3984,1,1,1.0,K-35-066-4,matched,482163.71016694355,4666321.203871552,1.0,1
3985,1,1,0.95,K-35-066-4,matched,481775.9345407903,4665695.498586823,1.0,1
3986,1,1,0.15,K-35-066-4,matched,481682.006948027,4665617.425062732,1.0,1
3987,1,1,0.95,K-35-066-4,matched,494114.3472163431,4668099.368410025,1.0,1
3988,1,1,1.0,K-35-066-4,matched,494083.85364666465,4667818.157342465,1.0,1
3989,1,1,1.0,K-35-066-4,matched,499307.4586417719,4666438.874042733,1.0,1
3990,1,1,1.0,K-35-066-4,matched,488420.99172303174,4651289.255901122,1.0,1
3991,1,1,1.0,K-35-066-4,matched,483960.9219886005,4661306.475786541,1.0,1
3992,1,1,1.0,K-35-066-4,matched,483564.2066649689,4660649.971185376,1.0,1
3993,1,1,0.85,K-35-066-4,matched,483791.921645769,4660613.145771888,1.0,1
3994,1,1,0.95,K-35-066-4,matched,482820.7727949205,4655457.986411612,1.0,1
3995,1,1,0.95,K-35-066-4,matched,483318.4191571236,4651851.754950447,1.0,1
3996,1,1,1.0,K-35-066-4,matched,481537.5747481657,4657280.184163337,1.0,1
3997,1,1,0.95,K-35-066-4,matched,487853.579,4658086.072,1.0,1
3998,1,1,0.85,K-35-066-4,matched,495150.4757708797,4654358.055336638,1.0,1
3999,1,1,0.85,K-35-066-4,matched,481584.7036691731,4660482.392259337,1.0,1
4000,1,1,1.0,K-35-066-4,matched,481425.3868834426,4660163.431363365,1.0,1
4001,1,1,1.0,K-35-066-4,matched,484210.176760496,4650037.95420471,1.0,1
4002,1,1,1.0,K-35-066-4,matched,484150.2738762585,4649889.314973975,1.0,1
4003,1,1,0.85,K-35-066-4,matched,482611.81912931975,4658704.903967456,1.0,1
4004,1,1,1.0,K-35-066-4,matched,499604.701569999,4655800.159343267,1.0,1
4005,1,1,0.75,K-35-066-4,matched,483965.0247372512,4664720.581177222,1.0,1
4006,1,1,0.95,K-35-066-4,matched,499193.82011724636,4659639.408013418,1.0,1
4007,1,1,0.95,K-35-066-4,matched,481792.54353737115,4649937.915270476,1.0,1
4008,1,1,1.0,K-35-066-4,matched,497016.19401575706,4664265.258072877,1.0,1
4009,1,1,1.0,K-35-066-4,matched,497363.74950065097,4663988.319598709,1.0,1
4010,1,1,1.0,K-35-066-4,matched,497640.08864150924,4663802.22545137,1.0,1
4011,1,1,1.0,K-35-066-4,matched,497472.1884767605,4663652.020457502,1.0,1
4012,1,1,1.0,K-35-066-4,matched,483203.55068815354,4659157.312428203,1.0,1
4013,1,1,1.0,K-35-066-4,matched,487310.40601569304,4666753.456823015,1.0,1
4014,1,1,0.3,K-35-066-4,matched,482874.1334673647,4657349.573245893,1.0,1
4015,1,0,0.0,K-35-066-4,student_only,487792.430772135,4666344.083285503,1.0,1
4016,1,0,0.0,K-35-066-4,student_only,497334.35196488624,4664167.6329807155,1.0,1
4017,1,0,0.0,K-35-066-4,student_only,482827.6224127288,4662664.949769514,1.0,1
4018,1,0,0.0,K-35-066-4,student_only,490342.4997093354,4654002.685105968,1.0,1
4019,1,0,0.0,K-35-066-4,student_only,482947.1845030387,4652021.10869976,1.0,1
4020,1,0,0.0,K-35-066-4,student_only,488495.13996335334,4651384.487254857,1.0,1
4021,1,0,0.0,K-35-066-4,student_only,479526.83135420515,4651971.980586326,1.0,1
4022,0,1,1.0,K-35-066-4,vlm_only,488511.3622429561,4667446.1892166985,0.278217431962353,0
4023,0,1,0.2,K-35-066-4,vlm_only,489184.49697992206,4656387.743036492,0.278217431962353,0
4024,0,1,0.2,K-35-066-4,vlm_only,482705.48246047203,4666424.87941594,0.278217431962353,0
4025,0,1,0.2,K-35-066-4,vlm_only,488047.0304222996,4654360.607279458,0.278217431962353,0
4026,0,1,0.75,K-35-066-4,vlm_only,482477.3063652705,4652187.790756038,0.278217431962353,0
4027,0,1,0.15,K-35-066-4,vlm_only,494345.95113802544,4667563.342448124,0.278217431962353,0
4028,0,1,0.15,K-35-066-4,vlm_only,495325.452060713,4653433.291804925,0.278217431962353,0
4029,0,1,1.0,K-35-066-4,vlm_only,495574.85445154493,4664932.565390436,0.278217431962353,0
4030,0,1,0.2,K-35-066-4,vlm_only,498934.1466301856,4655341.983855678,0.278217431962353,0
4031,0,1,0.15,K-35-066-4,vlm_only,484390.5676543,4653381.10928143,0.278217431962353,0
4032,0,1,0.4,K-35-066-4,vlm_only,482652.7437668337,4655602.76261982,0.278217431962353,0
4033,0,1,0.15,K-35-066-4,vlm_only,493472.717863192,4662327.734807025,0.278217431962353,0
4034,0,1,0.3,K-35-066-4,vlm_only,493689.0201170785,4655880.436378145,0.278217431962353,0
4035,0,1,0.3,K-35-066-4,vlm_only,493715.2567258369,4655607.612335084,0.278217431962353,0
4036,1,1,1.0,K-35-067-1,matched,505177.8424226113,4674152.797489842,1.0,1
4037,1,1,0.95,K-35-067-1,matched,506234.4314178519,4685855.814615827,1.0,1
4038,1,1,0.85,K-35-067-1,matched,507672.52205696324,4673928.461937812,1.0,1
4039,1,1,1.0,K-35-067-1,matched,506672.42286258825,4684687.613640732,1.0,1
4040,1,1,0.85,K-35-067-1,matched,506682.3189532395,4684110.139909015,1.0,1
4041,1,1,0.95,K-35-067-1,matched,509981.8420896781,4675752.073355312,1.0,1
4042,1,1,1.0,K-35-067-1,matched,519292.6046524905,4674938.822598167,1.0,1
4043,1,1,1.0,K-35-067-1,matched,519189.7603898811,4674853.288190309,1.0,1
4044,1,1,1.0,K-35-067-1,matched,509046.50957436464,4683781.8715221565,1.0,1
4045,1,1,0.2,K-35-067-1,matched,509409.1939074496,4669662.297404156,1.0,1
4046,1,1,0.75,K-35-067-1,matched,509677.458,4669213.187,1.0,1
4047,1,1,1.0,K-35-067-1,matched,501615.4842954743,4682751.336806047,1.0,1
4048,1,1,0.95,K-35-067-1,matched,500027.11029579595,4686097.665538843,1.0,1
4049,1,1,0.95,K-35-067-1,matched,507083.1257657658,4683577.818611937,1.0,1
4050,1,1,0.95,K-35-067-1,matched,508105.74464102305,4683405.757670587,1.0,1
4051,1,1,0.95,K-35-067-1,matched,500680.0453487905,4669275.424428507,1.0,1
4052,1,1,1.0,K-35-067-1,matched,508295.664,4673202.328,1.0,1
4053,1,1,0.95,K-35-067-1,matched,513800.54193626915,4682572.209398346,1.0,1
4054,1,1,1.0,K-35-067-1,matched,514735.36072327493,4673195.238287527,1.0,1
4055,1,1,1.0,K-35-067-1,matched,516538.4696848899,4677237.521834402,1.0,1
4056,1,1,1.0,K-35-067-1,matched,507002.1140253983,4680967.441237716,1.0,1
4057,1,1,0.95,K-35-067-1,matched,505079.27,4668445.747,1.0,1
4058,1,1,1.0,K-35-067-1,matched,520339.631,4668474.988,1.0,1
4059,1,1,0.85,K-35-067-1,matched,501949.9063206681,4671665.005990116,1.0,1
4060,1,1,0.85,K-35-067-1,matched,510403.29118224094,4675233.406497024,1.0,1
4061,1,1,1.0,K-35-067-1,matched,519372.9604361698,4669509.336278313,1.0,1
4062,1,1,0.75,K-35-067-1,matched,505085.9169415891,4672930.649357316,1.0,1
4063,1,1,0.2,K-35-067-1,matched,504233.84507012356,4672462.264845657,1.0,1
4064,1,1,1.0,K-35-067-1,matched,501891.1200343513,4668498.953963165,1.0,1
4065,1,1,0.75,K-35-067-1,matched,504630.6607147321,4676619.968837427,1.0,1
4066,1,1,1.0,K-35-067-1,matched,503726.8719593444,4675397.450585874,1.0,1
4067,1,1,1.0,K-35-067-1,matched,509397.83309039066,4670133.812123348,1.0,1
4068,1,1,1.0,K-35-067-1,matched,510765.72356681805,4682875.433029553,1.0,1
4069,1,0,0.0,K-35-067-1,student_only,500227.7436691848,4686187.528875435,1.0,1
4070,1,0,0.0,K-35-067-1,student_only,511546.5828484615,4685448.271799637,1.0,1
4071,1,0,0.0,K-35-067-1,student_only,506497.95091757807,4685356.624104566,1.0,1
4072,1,0,0.0,K-35-067-1,student_only,511130.7878320448,4683771.012627225,1.0,1
4073,1,0,0.0,K-35-067-1,student_only,508321.8505170371,4682859.907892376,1.0,1
4074,1,0,0.0,K-35-067-1,student_only,505133.82145075337,4681847.705704637,1.0,1
4075,1,0,0.0,K-35-067-1,student_only,515647.2658833747,4676609.314374916,1.0,1
4076,1,0,0.0,K-35-067-1,student_only,518918.8420174156,4675267.270396598,1.0,1
4077,1,0,0.0,K-35-067-1,student_only,519235.2553477178,4675043.255323921,1.0,1
4078,1,0,0.0,K-35-067-1,student_only,512305.33030831494,4675574.909434595,1.0,1
4079,1,0,0.0,K-35-067-1,student_only,503628.0129490048,4675332.327802114,1.0,1
4080,1,0,0.0,K-35-067-1,student_only,519469.2933236018,4675004.879472397,1.0,1
4081,1,0,0.0,K-35-067-1,student_only,519354.7291782614,4674825.894933662,1.0,1
4082,1,0,0.0,K-35-067-1,student_only,510131.740734831,4673794.53314597,1.0,1
4083,1,0,0.0,K-35-067-1,student_only,510277.56518385286,4673572.925594981,1.0,1
4084,1,0,0.0,K-35-067-1,student_only,510291.35024482873,4673475.725006598,1.0,1
4085,1,0,0.0,K-35-067-1,student_only,519209.14562655427,4672946.988580384,1.0,1
4086,1,0,0.0,K-35-067-1,student_only,518873.0627260965,4669796.987057601,1.0,1
4087,1,0,0.0,K-35-067-1,student_only,514902.2076338794,4669484.256807879,1.0,1
4088,1,0,0.0,K-35-067-1,student_only,501015.2345357521,4669507.220213147,1.0,1
4089,0,1,0.4,K-35-067-1,vlm_only,519684.81266486156,4675117.071938371,0.278217431962353,0
4090,0,1,0.2,K-35-067-1,vlm_only,500454.8692214633,4682555.690300518,0.278217431962353,0
4091,0,1,1.0,K-35-067-1,vlm_only,500424.9900014546,4685906.94322615,0.278217431962353,0
4092,0,1,1.0,K-35-067-1,vlm_only,502664.98672904505,4681938.385275113,0.278217431962353,0
4093,0,1,1.0,K-35-067-1,vlm_only,502336.8934039558,4685584.651630453,0.278217431962353,0
4094,0,1,0.15,K-35-067-1,vlm_only,503968.10731653013,4671748.334611748,0.278217431962353,0
4095,0,1,0.4,K-35-067-1,vlm_only,502905.34849238687,4674043.75467355,0.278217431962353,0
4096,0,1,1.0,K-35-067-1,vlm_only,520282.22498508834,4668482.949476917,0.278217431962353,0
4097,1,1,0.95,K-35-067-2,matched,527718.2651044138,4683450.611529543,1.0,1
4098,1,1,1.0,K-35-067-2,matched,528745.8334719607,4683490.132404259,1.0,1
4099,1,1,1.0,K-35-067-2,matched,528659.5987216535,4682928.093623669,1.0,1
4100,1,1,0.95,K-35-067-2,matched,528775.4727229584,4682941.571306045,1.0,1
4101,1,1,1.0,K-35-067-2,matched,530390.422373054,4682844.369690179,1.0,1
4102,1,1,0.95,K-35-067-2,matched,530315.6151450482,4682688.715505795,1.0,1
4103,1,1,1.0,K-35-067-2,matched,536998.255,4678008.042,1.0,1
4104,1,1,0.4,K-35-067-2,matched,535870.6058448812,4677285.1079761805,1.0,1
4105,1,1,0.4,K-35-067-2,matched,527197.9603292033,4671095.215808763,1.0,1
4106,1,1,1.0,K-35-067-2,matched,525745.9507044315,4669256.749879614,1.0,1
4107,1,1,0.95,K-35-067-2,matched,529636.3477761367,4668889.990019357,1.0,1
4108,1,1,1.0,K-35-067-2,matched,529855.6839151172,4668633.793304906,1.0,1
4109,1,1,1.0,K-35-067-2,matched,529868.280876493,4668461.516926981,1.0,1
4110,1,1,0.85,K-35-067-2,matched,528080.5812485792,4680719.726883016,1.0,1
4111,1,1,1.0,K-35-067-2,matched,528114.3421632485,4679937.842070586,1.0,1
4112,1,1,0.4,K-35-067-2,matched,526446.248,4683143.432,1.0,1
4113,1,1,1.0,K-35-067-2,matched,526858.5596975604,4681441.277390763,1.0,1
4114,1,1,0.2,K-35-067-2,matched,529463.1996159215,4672146.811405676,1.0,1
4115,1,1,1.0,K-35-067-2,matched,529521.3851131322,4672085.140922772,1.0,1
4116,1,1,1.0,K-35-067-2,matched,528263.0315084733,4676644.242448849,1.0,1
4117,1,1,0.85,K-35-067-2,matched,528265.5935810419,4676012.736250491,1.0,1
4118,1,1,1.0,K-35-067-2,matched,529354.012345311,4678072.40561565,1.0,1
4119,1,1,1.0,K-35-067-2,matched,529633.0257415419,4677930.466620542,1.0,1
4120,1,1,1.0,K-35-067-2,matched,533276.3116649354,4671936.796427859,1.0,1
4121,1,1,1.0,K-35-067-2,matched,533385.035687564,4671813.519793362,1.0,1
4122,1,1,0.95,K-35-067-2,matched,527889.5150897922,4673987.619600452,1.0,1
4123,1,1,1.0,K-35-067-2,matched,527980.722,4673988.433,1.0,1
4124,1,1,0.95,K-35-067-2,matched,528552.2040729497,4674021.379063723,1.0,1
4125,1,1,0.2,K-35-067-2,matched,528607.5702341842,4683820.722392046,1.0,1
4126,1,1,0.95,K-35-067-2,matched,528951.003,4683498.918,1.0,1
4127,1,1,1.0,K-35-067-2,matched,531979.0909257139,4669285.847389267,1.0,1
4128,1,1,0.85,K-35-067-2,matched,532130.1906307183,4669059.039843025,1.0,1
4129,1,1,1.0,K-35-067-2,matched,531887.392767694,4668559.959956457,1.0,1
4130,1,1,0.85,K-35-067-2,matched,536187.0230638563,4669979.529390978,1.0,1
4131,1,1,0.95,K-35-067-2,matched,534546.666,4671559.065,1.0,1
4132,1,1,0.95,K-35-067-2,matched,534608.163,4671545.444,1.0,1
4133,1,1,0.95,K-35-067-2,matched,535916.2753929114,4672669.6167509,1.0,1
4134,1,1,1.0,K-35-067-2,matched,532164.6907772872,4671322.4287932385,1.0,1
4135,1,1,1.0,K-35-067-2,matched,532412.3642034499,4670952.987564016,1.0,1
4136,1,1,1.0,K-35-067-2,matched,531434.3642924312,4670443.770555782,1.0,1
4137,1,1,1.0,K-35-067-2,matched,531644.849993624,4670212.527689118,1.0,1
4138,1,1,1.0,K-35-067-2,matched,535144.2219084546,4676118.087461081,1.0,1
4139,1,1,1.0,K-35-067-2,matched,527648.7623392211,4671200.579359225,1.0,1
4140,1,1,0.85,K-35-067-2,matched,528897.827,4670924.058,1.0,1
4141,1,1,0.4,K-35-067-2,matched,531829.1956117188,4673442.277691166,1.0,1
4142,1,1,0.95,K-35-067-2,matched,540576.53971442,4685141.3559760135,1.0,1
4143,1,1,0.95,K-35-067-2,matched,523591.1319164786,4680578.0788177475,1.0,1
4144,1,1,0.2,K-35-067-2,matched,533437.199,4677159.308,1.0,1
4145,1,1,1.0,K-35-067-2,matched,539169.1167476849,4677484.464722563,1.0,1
4146,1,1,0.2,K-35-067-2,matched,540407.2675461576,4673040.828874689,1.0,1
4147,1,1,1.0,K-35-067-2,matched,540524.9915580802,4672703.421369747,1.0,1
4148,1,1,0.85,K-35-067-2,matched,539388.0772774894,4671769.456841602,1.0,1
4149,1,1,0.95,K-35-067-2,matched,522677.8724887271,4674267.247402943,1.0,1
4150,1,1,1.0,K-35-067-2,matched,523272.26921355596,4674785.269881211,1.0,1
4151,1,1,0.75,K-35-067-2,matched,534814.5661270032,4671369.816777036,1.0,1
4152,1,1,0.4,K-35-067-2,matched,535148.3799996416,4670291.848985983,1.0,1
4153,1,1,0.85,K-35-067-2,matched,535387.2794141609,4670019.507705811,1.0,1
4154,1,1,1.0,K-35-067-2,matched,524248.5387656721,4675316.538096605,1.0,1
4155,1,1,1.0,K-35-067-2,matched,524185.2116381203,4671879.701148284,1.0,1
4156,1,1,0.95,K-35-067-2,matched,524416.4984762304,4678410.402855165,1.0,1
4157,1,1,0.95,K-35-067-2,matched,525000.1576246424,4678124.099341957,1.0,1
4158,1,1,0.85,K-35-067-2,matched,524997.050943395,4678009.349912236,1.0,1
4159,1,1,1.0,K-35-067-2,matched,525325.6512393092,4677309.964443124,1.0,1
4160,1,1,0.85,K-35-067-2,matched,521500.1526804958,4672035.823674581,1.0,1
4161,1,1,0.4,K-35-067-2,matched,537405.491,4669974.271,1.0,1
4162,1,1,0.85,K-35-067-2,matched,538277.7152127869,4669872.68825442,1.0,1
4163,1,1,0.85,K-35-067-2,matched,537798.0278657739,4669063.753394307,1.0,1
4164,1,1,0.85,K-35-067-2,matched,538800.93,4668505.581,1.0,1
4165,1,1,0.85,K-35-067-2,matched,527569.4294434396,4669698.848606688,1.0,1
4166,1,1,1.0,K-35-067-2,matched,527458.002208125,4669448.242451282,1.0,1
4167,1,1,0.75,K-35-067-2,matched,528194.025,4669617.632,1.0,1
4168,1,1,0.75,K-35-067-2,matched,528202.626490167,4668556.041974656,1.0,1
4169,1,1,1.0,K-35-067-2,matched,536697.0566610477,4669630.538200375,1.0,1
4170,1,1,0.95,K-35-067-2,matched,536991.8355232927,4669334.136207383,1.0,1
4171,1,1,0.95,K-35-067-2,matched,537106.8575335017,4668779.291780242,1.0,1
4172,1,1,1.0,K-35-067-2,matched,529252.8718328574,4673727.76385926,1.0,1
4173,1,0,0.0,K-35-067-2,student_only,530839.544,4672675.56,1.0,1
4174,1,0,0.0,K-35-067-2,student_only,530550.3824066443,4685069.184955059,1.0,1
4175,1,0,0.0,K-35-067-2,student_only,527955.5806515962,4685448.156775595,1.0,1
4176,1,0,0.0,K-35-067-2,student_only,525973.5010689987,4684621.139581686,1.0,1
4177,1,0,0.0,K-35-067-2,student_only,530627.8445435256,4684833.346413181,1.0,1
4178,1,0,0.0,K-35-067-2,student_only,528904.994,4683689.847,1.0,1
4179,1,0,0.0,K-35-067-2,student_only,528563.5727577361,4683755.405590009,1.0,1
4180,1,0,0.0,K-35-067-2,student_only,528320.8801164867,4683952.845603401,1.0,1
4181,1,0,0.0,K-35-067-2,student_only,522017.4467153922,4682924.79496172,1.0,1
4182,1,0,0.0,K-35-067-2,student_only,521882.38915575045,4682847.289233375,1.0,1
4183,1,0,0.0,K-35-067-2,student_only,530847.514103612,4679597.751702946,1.0,1
4184,1,0,0.0,K-35-067-2,student_only,529348.3870173048,4678983.208357415,1.0,1
4185,1,0,0.0,K-35-067-2,student_only,525087.0583655301,4678619.213890784,1.0,1
4186,1,0,0.0,K-35-067-2,student_only,525002.6574634574,4678577.932127099,1.0,1
4187,1,0,0.0,K-35-067-2,student_only,527714.020580327,4676734.62411679,1.0,1
4188,1,0,0.0,K-35-067-2,student_only,531066.458,4676598.409,1.0,1
4189,1,0,0.0,K-35-067-2,student_only,535220.6582216369,4676051.7002462065,1.0,1
4190,1,0,0.0,K-35-067-2,student_only,536024.5784335368,4677269.076524842,1.0,1
4191,1,0,0.0,K-35-067-2,student_only,527944.459,4674043.9,1.0,1
4192,1,0,0.0,K-35-067-2,student_only,534723.1309340874,4671484.370562947,1.0,1
4193,1,0,0.0,K-35-067-2,student_only,532484.5432975398,4671163.7639241535,1.0,1
4194,1,0,0.0,K-35-067-2,student_only,524924.087394875,4671950.2526282715,1.0,1
4195,1,0,0.0,K-35-067-2,student_only,524221.730121756,4671975.866783443,1.0,1
4196,1,0,0.0,K-35-067-2,student_only,522331.14854417316,4672044.76770969,1.0,1
4197,1,0,0.0,K-35-067-2,student_only,520699.98349730176,4668471.870160344,1.0,1
4198,1,0,0.0,K-35-067-2,student_only,520584.66695613187,4668454.41229888,1.0,1
4199,1,0,0.0,K-35-067-2,student_only,525275.7226549366,4668749.361089489,1.0,1
4200,1,0,0.0,K-35-067-2,student_only,527718.118,4670577.313,1.0,1
4201,1,0,0.0,K-35-067-2,student_only,531971.1463080887,4669804.529469477,1.0,1
4202,1,0,0.0,K-35-067-2,student_only,534477.148,4668430.186,1.0,1
4203,1,0,0.0,K-35-067-2,student_only,534429.125,4668451.258,1.0,1
4204,1,0,0.0,K-35-067-2,student_only,536837.568,4669710.948,1.0,1
4205,1,0,0.0,K-35-067-2,student_only,537000.975,4669100.589,1.0,1
4206,1,0,0.0,K-35-067-2,student_only,538043.0128947555,4668389.245673387,1.0,1
4207,1,0,0.0,K-35-067-2,student_only,539415.6681101518,4670434.977794049,1.0,1
4208,0,1,1.0,K-35-067-2,vlm_only,528917.1281469904,4683489.550466642,0.278217431962353,0
4209,0,1,1.0,K-35-067-2,vlm_only,532852.5924171694,4670107.906420154,0.278217431962353,0
4210,0,1,0.95,K-35-067-2,vlm_only,534629.2906124118,4671516.571895584,0.278217431962353,0
4211,0,1,0.85,K-35-067-2,vlm_only,528161.1166641826,4669565.066867577,0.278217431962353,0
4212,0,1,0.2,K-35-067-2,vlm_only,529217.2305956285,4678378.34375135,0.278217431962353,0
4213,1,1,0.95,K-35-067-3,matched,505195.147,4662908.228,1.0,1
4214,1,1,1.0,K-35-067-3,matched,505563.37115775043,4663146.880770778,1.0,1
4215,1,1,1.0,K-35-067-3,matched,504997.623,4662201.412,1.0,1
4216,1,1,0.85,K-35-067-3,matched,505164.1511067263,4661955.690688441,1.0,1
4217,1,1,0.95,K-35-067-3,matched,508440.3320493093,4664253.54271298,1.0,1
4218,1,1,0.2,K-35-067-3,matched,507815.145,4666049.441,1.0,1
4219,1,1,0.2,K-35-067-3,matched,507797.4753602078,4665922.23574177,1.0,1
4220,1,1,0.95,K-35-067-3,matched,507390.56962963904,4665733.198053704,1.0,1
4221,1,1,1.0,K-35-067-3,matched,507236.0639739799,4665544.919023677,1.0,1
4222,1,1,1.0,K-35-067-3,matched,506994.86194565846,4665577.67331903,1.0,1
4223,1,1,1.0,K-35-067-3,matched,501481.0655244017,4660630.843432925,1.0,1
4224,1,1,0.95,K-35-067-3,matched,501465.2885210408,4660521.277222684,1.0,1
4225,1,1,0.95,K-35-067-3,matched,501607.4967564177,4660600.020054082,1.0,1
4226,1,1,0.2,K-35-067-3,matched,500958.8977718153,4660256.948382644,1.0,1
4227,1,1,1.0,K-35-067-3,matched,499949.5387629765,4660393.22144336,1.0,1
4228,1,1,1.0,K-35-067-3,matched,501433.861702352,4657995.465296378,1.0,1
4229,1,1,0.95,K-35-067-3,matched,501218.199,4656341.14,1.0,1
4230,1,1,1.0,K-35-067-3,matched,507311.8586933933,4663976.479188461,1.0,1
4231,1,1,0.2,K-35-067-3,matched,516829.841,4667170.967,1.0,1
4232,1,1,1.0,K-35-067-3,matched,516437.1423520018,4666904.9980705185,1.0,1
4233,1,1,1.0,K-35-067-3,matched,516738.685,4666779.086,1.0,1
4234,1,1,1.0,K-35-067-3,matched,516619.6051254579,4666681.262109906,1.0,1
4235,1,1,0.95,K-35-067-3,matched,517109.1384733839,4667667.788162954,1.0,1
4236,1,1,0.95,K-35-067-3,matched,516913.232,4666955.365,1.0,1
4237,1,1,0.95,K-35-067-3,matched,516613.082,4664311.96,1.0,1
4238,1,1,0.8,K-35-067-3,matched,513101.51,4664881.412,1.0,1
4239,1,1,0.95,K-35-067-3,matched,516307.60682740394,4662836.735880509,1.0,1
4240,1,1,0.95,K-35-067-3,matched,504691.12994565256,4663886.166777021,1.0,1
4241,1,1,1.0,K-35-067-3,matched,504313.7204448787,4666195.324995327,1.0,1
4242,1,1,1.0,K-35-067-3,matched,504697.93424590805,4662870.65139053,1.0,1
4243,1,1,0.95,K-35-067-3,matched,504867.1827461629,4662713.221632209,1.0,1
4244,1,1,0.95,K-35-067-3,matched,505159.9569880967,4662583.787251267,1.0,1
4245,1,1,1.0,K-35-067-3,matched,504770.3203051913,4662501.044957642,1.0,1
4246,1,1,0.95,K-35-067-3,matched,504311.08550514793,4661856.163294726,1.0,1
4247,1,1,0.95,K-35-067-3,matched,519561.2903151308,4665927.851774666,1.0,1
4248,1,1,0.95,K-35-067-3,matched,511293.0805665345,4664407.503935939,1.0,1
4249,1,1,0.75,K-35-067-3,matched,502069.5839330601,4667830.355583152,1.0,1
4250,1,1,0.95,K-35-067-3,matched,503482.925,4664576.224,1.0,1
4251,1,1,0.2,K-35-067-3,matched,501799.709,4663907.591,1.0,1
4252,1,1,1.0,K-35-067-3,matched,505235.50854840176,4662439.256979382,1.0,1
4253,1,1,1.0,K-35-067-3,matched,513600.768,4664553.122,1.0,1
4254,1,0,0.0,K-35-067-3,student_only,519558.2705755725,4666368.825164728,1.0,1
4255,1,0,0.0,K-35-067-3,student_only,505902.824,4665206.539,1.0,1
4256,1,0,0.0,K-35-067-3,student_only,504589.7256013086,4665644.124474931,1.0,1
4257,1,0,0.0,K-35-067-3,student_only,507665.8694077687,4664197.838494982,1.0,1
4258,1,0,0.0,K-35-067-3,student_only,511418.58982888766,4664188.273869913,1.0,1
4259,1,0,0.0,K-35-067-3,student_only,511449.33088625834,4664259.86471945,1.0,1
4260,1,0,0.0,K-35-067-3,student_only,511458.3797336761,4664540.614262719,1.0,1
4261,1,0,0.0,K-35-067-3,student_only,511515.38414086663,4664604.062868534,1.0,1
4262,1,0,0.0,K-35-067-3,student_only,505414.47416197567,4662680.967954111,1.0,1
4263,1,0,0.0,K-35-067-3,student_only,505545.7596291507,4662374.837001136,1.0,1
4264,1,0,0.0,K-35-067-3,student_only,515033.1480125151,4662017.313720687,1.0,1
4265,1,0,0.0,K-35-067-3,student_only,501639.7604240422,4658734.943380783,1.0,1
4266,0,1,1.0,K-35-067-3,vlm_only,510034.69225093746,4664532.601994257,0.278217431962353,0
4267,0,1,0.85,K-35-067-3,vlm_only,516470.95486444863,4664323.177514089,0.278217431962353,0
4268,0,1,0.2,K-35-067-3,vlm_only,515233.2927553305,4663636.219505638,0.278217431962353,0
4269,0,1,0.85,K-35-067-3,vlm_only,513134.65385710436,4664880.22314974,0.278217431962353,0
4270,0,1,0.95,K-35-067-3,vlm_only,503503.5446340675,4664589.293460652,0.278217431962353,0
4271,0,1,0.3,K-35-067-3,vlm_only,510826.7145259636,4667311.90325883,0.278217431962353,0
4272,0,1,1.0,K-35-067-3,vlm_only,503456.8923275642,4664841.422985862,0.278217431962353,0
4273,0,1,0.95,K-35-067-3,vlm_only,513627.16499556386,4664554.389955234,0.278217431962353,0
4274,0,1,0.95,K-35-067-3,vlm_only,502325.1974924708,4661836.787177848,0.278217431962353,0
4275,0,1,0.15,K-35-067-3,vlm_only,519238.38082429505,4665131.609060773,0.278217431962353,0
4276,0,1,0.85,K-35-067-3,vlm_only,501925.13510568964,4660283.123366524,0.278217431962353,0
4277,0,1,0.2,K-35-067-3,vlm_only,515391.12807093945,4660542.222375554,0.278217431962353,0
4278,0,1,0.85,K-35-067-3,vlm_only,506526.12462736963,4659641.895802199,0.278217431962353,0
4279,0,1,0.75,K-35-067-3,vlm_only,501266.5172722588,4656329.0728806285,0.278217431962353,0
4280,0,1,0.2,K-35-067-3,vlm_only,509913.8959634283,4656611.258816283,0.278217431962353,0
4281,1,1,1.0,K-35-067-4,matched,527266.1031462895,4661594.364849526,1.0,1
4282,1,1,0.4,K-35-067-4,matched,527453.9554769201,4661477.793287147,1.0,1
4283,1,1,1.0,K-35-067-4,matched,528928.387,4659586.899,1.0,1
4284,1,1,0.95,K-35-067-4,matched,521115.0027466193,4663851.673172997,1.0,1
4285,1,1,0.95,K-35-067-4,matched,521809.3981009088,4663463.341508883,1.0,1
4286,1,1,1.0,K-35-067-4,matched,528433.810825416,4662984.195648924,1.0,1
4287,1,1,1.0,K-35-067-4,matched,528688.792596528,4662943.67541686,1.0,1
4288,1,1,0.2,K-35-067-4,matched,528194.9286251101,4661990.810358181,1.0,1
4289,1,1,0.95,K-35-067-4,matched,528701.7154274873,4667917.607467137,1.0,1
4290,1,1,0.95,K-35-067-4,matched,535401.926895097,4661224.635665404,1.0,1
4291,1,1,1.0,K-35-067-4,matched,537627.3211853731,4667425.4542829525,1.0,1
4292,1,1,0.3,K-35-067-4,matched,536131.3092045682,4657300.12779275,1.0,1
4293,1,1,0.85,K-35-067-4,matched,536968.8118181607,4657467.382147638,1.0,1
4294,1,1,0.95,K-35-067-4,matched,536480.3570121634,4656815.105196876,1.0,1
4295,1,1,0.85,K-35-067-4,matched,537314.1270722228,4657097.638087117,1.0,1
4296,1,1,1.0,K-35-067-4,matched,537601.4398959226,4656852.5701431865,1.0,1
4297,1,1,1.0,K-35-067-4,matched,531319.2814918658,4664210.8367872685,1.0,1
4298,1,1,0.85,K-35-067-4,matched,538516.739775301,4650809.317332507,1.0,1
4299,1,1,0.85,K-35-067-4,matched,536648.8111087909,4654442.090532969,1.0,1
4300,1,1,0.75,K-35-067-4,matched,536129.641144937,4653170.489325417,1.0,1
4301,1,1,0.2,K-35-067-4,matched,537120.9533331316,4653305.822491163,1.0,1
4302,1,1,1.0,K-35-067-4,matched,539549.2323113186,4659974.945161604,1.0,1
4303,1,1,0.85,K-35-067-4,matched,540146.405248305,4659796.286984171,1.0,1
4304,1,1,1.0,K-35-067-4,matched,533677.8703186593,4652367.245549831,1.0,1
4305,1,1,1.0,K-35-067-4,matched,523509.102295714,4662160.62648388,1.0,1
4306,1,1,0.15,K-35-067-4,matched,523374.2741432074,4661998.805120036,1.0,1
4307,1,1,0.4,K-35-067-4,matched,523499.39445360115,4661946.259882121,1.0,1
4308,1,1,0.85,K-35-067-4,matched,523677.4803305503,4661362.565194256,1.0,1
4309,1,1,0.95,K-35-067-4,matched,534321.0046937204,4656049.621418916,1.0,1
4310,1,1,0.75,K-35-067-4,matched,533973.1483142079,4658646.318013192,1.0,1
4311,1,1,0.85,K-35-067-4,matched,532692.454165544,4663625.412650294,1.0,1
4312,1,1,0.2,K-35-067-4,matched,539669.039,4666308.314,1.0,1
4313,1,1,0.85,K-35-067-4,matched,539615.925,4666253.478,1.0,1
4314,1,1,0.85,K-35-067-4,matched,526008.2154630458,4665246.71541981,1.0,1
4315,1,1,0.2,K-35-067-4,matched,526393.5552652394,4665287.264975513,1.0,1
4316,1,1,0.2,K-35-067-4,matched,526661.5838982424,4665210.09635701,1.0,1
4317,1,1,1.0,K-35-067-4,matched,531441.3601013692,4657232.44587523,1.0,1
4318,1,1,0.95,K-35-067-4,matched,526576.138085486,4660076.110064679,1.0,1
4319,1,1,0.2,K-35-067-4,matched,523871.0666845242,4661912.460812169,1.0,1
4320,1,0,0.0,K-35-067-4,student_only,528624.5526751982,4667988.540181231,1.0,1
4321,1,0,0.0,K-35-067-4,student_only,539666.8977475079,4666573.7689015055,1.0,1
4322,1,0,0.0,K-35-067-4,student_only,532945.1562121145,4665939.468805423,1.0,1
4323,1,0,0.0,K-35-067-4,student_only,527332.3131095626,4665041.2444952745,1.0,1
4324,1,0,0.0,K-35-067-4,student_only,524029.83918767184,4666083.764088663,1.0,1
4325,1,0,0.0,K-35-067-4,student_only,531192.1153385491,4664397.437664027,1.0,1
4326,1,0,0.0,K-35-067-4,student_only,531230.614,4664263.309,1.0,1
4327,1,0,0.0,K-35-067-4,student_only,528656.5,4663090.362,1.0,1
4328,1,0,0.0,K-35-067-4,student_only,524562.475176801,4663075.836784073,1.0,1
4329,1,0,0.0,K-35-067-4,student_only,521892.881,4663380.188,1.0,1
4330,1,0,0.0,K-35-067-4,student_only,523486.0747577852,4661660.658551916,1.0,1
4331,1,0,0.0,K-35-067-4,student_only,523456.4325102306,4661820.220701079,1.0,1
4332,1,0,0.0,K-35-067-4,student_only,536047.712,4651250.418,1.0,1
4333,1,0,0.0,K-35-067-4,student_only,536881.4796517072,4653258.4600120485,1.0,1
4334,1,0,0.0,K-35-067-4,student_only,539625.065066528,4654567.776703478,1.0,1
4335,1,0,0.0,K-35-067-4,student_only,539247.8945693205,4655916.729869317,1.0,1
4336,1,0,0.0,K-35-067-4,student_only,533870.503,4655422.381,1.0,1
4337,1,0,0.0,K-35-067-4,student_only,540955.0499430941,4652058.348323842,1.0,1
4338,1,0,0.0,K-35-067-4,student_only,540021.9240632422,4654396.181505862,1.0,1
4339,1,0,0.0,K-35-067-4,student_only,529958.9913680139,4656753.396426796,1.0,1
4340,1,0,0.0,K-35-067-4,student_only,529912.4875078192,4656820.72571559,1.0,1
4341,1,0,0.0,K-35-067-4,student_only,525724.4601890009,4662626.691109995,1.0,1
4342,1,0,0.0,K-35-067-4,student_only,534938.079837,4661562.610938004,1.0,1
4343,1,0,0.0,K-35-067-4,student_only,534891.3112129981,4661637.117219003,1.0,1
4344,0,1,0.2,K-35-067-4,vlm_only,528636.890789273,4658913.661736282,0.278217431962353,0
4345,0,1,0.95,K-35-067-4,vlm_only,528605.0549204119,4663099.026655542,0.278217431962353,0
4346,0,1,0.2,K-35-067-4,vlm_only,523341.7304255864,4650422.086552771,0.278217431962353,0
4347,0,1,0.4,K-35-067-4,vlm_only,537795.8750585984,4658882.071456123,0.278217431962353,0
4348,0,1,1.0,K-35-067-4,vlm_only,534524.5418577532,4654839.618234044,0.278217431962353,0
4349,0,1,0.2,K-35-067-4,vlm_only,538147.7613491877,4660656.8439669525,0.278217431962353,0
4350,0,1,0.95,K-35-067-4,vlm_only,530972.5565236601,4657456.764804688,0.278217431962353,0
4351,1,1,0.2,K-35-074-1,matched,294017.61786022596,4645662.036247704,1.0,1
4352,1,1,1.0,K-35-074-1,matched,294153.58138650685,4644439.957815131,1.0,1
4353,1,1,1.0,K-35-074-1,matched,300106.96910129546,4648135.52038644,1.0,1
4354,1,1,1.0,K-35-074-1,matched,308585.82915507734,4636753.382802473,1.0,1
4355,1,1,0.95,K-35-074-1,matched,308667.5830138173,4636703.5527776815,1.0,1
4356,1,1,0.75,K-35-074-1,matched,306791.796,4643852.443,1.0,1
4357,1,1,1.0,K-35-074-1,matched,310506.0576632705,4637818.295685489,1.0,1
4358,1,1,1.0,K-35-074-1,matched,294724.55960103485,4648335.100763761,1.0,1
4359,1,1,0.95,K-35-074-1,matched,295482.18571598583,4645529.529194219,1.0,1
4360,1,1,0.2,K-35-074-1,matched,304789.7499524141,4637629.662350104,1.0,1
4361,1,1,0.4,K-35-074-1,matched,294775.1072747823,4650358.234483171,1.0,1
4362,1,1,0.95,K-35-074-1,matched,299984.622,4646034.388,1.0,1
4363,1,0,0.0,K-35-074-1,student_only,300177.6935298373,4651534.70772912,1.0,1
4364,1,0,0.0,K-35-074-1,student_only,294611.106,4648266.671,1.0,1
4365,1,0,0.0,K-35-074-1,student_only,294587.519,4648199.08,1.0,1
4366,1,0,0.0,K-35-074-1,student_only,294659.568,4648202.388,1.0,1
4367,1,0,0.0,K-35-074-1,student_only,310237.14610587625,4643583.298551591,1.0,1
4368,1,0,0.0,K-35-074-1,student_only,292656.9624869624,4643099.888445421,1.0,1
4369,1,0,0.0,K-35-074-1,student_only,304349.04219744855,4637485.968370943,1.0,1
4370,1,0,0.0,K-35-074-1,student_only,304163.999,4637385.582,1.0,1
4371,1,0,0.0,K-35-074-1,student_only,303777.696,4636987.616,1.0,1
4372,1,0,0.0,K-35-074-1,student_only,303836.226,4636967.762,1.0,1
4373,1,0,0.0,K-35-074-1,student_only,312697.04430171166,4635445.708842338,1.0,1
4374,1,0,0.0,K-35-074-1,student_only,305372.684,4635927.487,1.0,1
4375,0,1,0.2,K-35-074-1,vlm_only,299855.1139708507,4647684.358552733,0.278217431962353,0
4376,0,1,0.15,K-35-074-1,vlm_only,302749.72664933174,4647768.019871396,0.278217431962353,0
4377,0,1,0.2,K-35-074-1,vlm_only,305978.06849504175,4650301.392819129,0.278217431962353,0
4378,0,1,0.2,K-35-074-1,vlm_only,305093.0558286613,4643565.683434981,0.278217431962353,0
4379,0,1,0.85,K-35-074-1,vlm_only,305372.40644406807,4635738.630161135,0.278217431962353,0
4380,0,1,0.2,K-35-074-1,vlm_only,296971.1332646365,4646304.683965977,0.278217431962353,0
4381,0,1,0.4,K-35-074-1,vlm_only,296578.67337890784,4637940.343593854,0.278217431962353,0
4382,0,1,0.2,K-35-074-1,vlm_only,298187.91750166984,4650329.420456211,0.278217431962353,0
4383,0,1,0.15,K-35-074-1,vlm_only,300436.90250897047,4647238.364352503,0.278217431962353,0
4384,0,1,0.15,K-35-074-1,vlm_only,299989.5941340864,4646651.535237652,0.278217431962353,0
4385,0,1,0.2,K-35-074-1,vlm_only,299849.8702664506,4646391.879839777,0.278217431962353,0
4386,1,1,0.2,K-35-074-2,matched,314482.7889797104,4635171.184953232,1.0,1
4387,1,1,1.0,K-35-074-2,matched,325732.121,4640101.741,1.0,1
4388,1,1,0.75,K-35-074-2,matched,314507.7643039342,4634998.415308924,1.0,1
4389,1,1,0.95,K-35-074-2,matched,329680.8396249233,4649908.325427461,1.0,1
4390,1,1,0.85,K-35-074-2,matched,314796.39962424466,4647745.908625185,1.0,1
4391,1,1,1.0,K-35-074-2,matched,329304.6062437125,4651227.626575023,1.0,1
4392,1,1,1.0,K-35-074-2,matched,329331.20463243197,4651120.049826121,1.0,1
4393,1,1,1.0,K-35-074-2,matched,334059.9689380949,4647808.886331412,1.0,1
4394,1,1,0.95,K-35-074-2,matched,333786.3950207066,4647155.55020729,1.0,1
4395,1,1,1.0,K-35-074-2,matched,332104.4174018046,4649589.310092333,1.0,1
4396,1,1,1.0,K-35-074-2,matched,332078.2440867781,4649503.684087328,1.0,1
4397,1,1,0.4,K-35-074-2,matched,317580.564,4638032.457,1.0,1
4398,1,1,1.0,K-35-074-2,matched,333653.2018319315,4643338.66593046,1.0,1
4399,1,1,1.0,K-35-074-2,matched,331543.4564312508,4644520.3006678205,1.0,1
4400,1,1,0.4,K-35-074-2,matched,331223.4324847805,4644360.394992103,1.0,1
4401,1,1,1.0,K-35-074-2,matched,331320.86004309927,4644270.433020163,1.0,1
4402,1,1,0.95,K-35-074-2,matched,330266.40104097076,4644081.682279851,1.0,1
4403,1,1,0.95,K-35-074-2,matched,315394.2860531617,4637820.83286757,1.0,1
4404,1,1,1.0,K-35-074-2,matched,315176.61480053724,4637246.089999666,1.0,1
4405,1,1,0.75,K-35-074-2,matched,315323.63896284415,4637174.689344036,1.0,1
4406,1,1,0.95,K-35-074-2,matched,323508.08365253767,4634305.494213541,1.0,1
4407,1,1,1.0,K-35-074-2,matched,315429.3169855061,4636332.773900248,1.0,1
4408,1,1,1.0,K-35-074-2,matched,315990.694336022,4635589.066541625,1.0,1
4409,1,1,0.4,K-35-074-2,matched,316220.862761579,4635146.039593104,1.0,1
4410,1,0,0.0,K-35-074-2,student_only,319594.1020464461,4650613.9938016,1.0,1
4411,1,0,0.0,K-35-074-2,student_only,333140.45026471256,4645756.849948674,1.0,1
4412,1,0,0.0,K-35-074-2,student_only,333617.04989399423,4644233.42236776,1.0,1
4413,1,0,0.0,K-35-074-2,student_only,315923.6552222278,4635182.332887606,1.0,1
4414,1,0,0.0,K-35-074-2,student_only,316270.29590844666,4635227.6424159575,1.0,1
4415,1,0,0.0,K-35-074-2,student_only,316472.1687190039,4634629.7887331685,1.0,1
4416,1,0,0.0,K-35-074-2,student_only,314527.7413563952,4633687.583984579,1.0,1
4417,0,1,1.0,K-35-074-2,vlm_only,319598.37043893803,4650415.764339657,0.278217431962353,0
4418,0,1,0.75,K-35-074-2,vlm_only,322504.47712854436,4642696.588783305,0.278217431962353,0
4419,0,1,0.15,K-35-074-2,vlm_only,323283.2150722813,4640302.451837026,0.278217431962353,0
4420,0,1,0.85,K-35-074-2,vlm_only,314524.98244364135,4633504.741359271,0.278217431962353,0
4421,0,1,0.2,K-35-074-2,vlm_only,325855.17391710944,4634256.8017488215,0.278217431962353,0
4422,0,1,0.4,K-35-074-2,vlm_only,332514.0795493537,4647683.059753487,0.278217431962353,0
4423,0,1,0.2,K-35-074-2,vlm_only,316807.718529071,4643577.098795881,0.278217431962353,0
4424,0,1,0.2,K-35-074-2,vlm_only,333478.90432152007,4635783.476723531,0.278217431962353,0
4425,0,1,0.2,K-35-074-2,vlm_only,325247.22867919574,4648020.581352823,0.278217431962353,0
4426,1,1,0.85,K-35-074-3,matched,292715.9579116871,4626914.157394916,1.0,1
4427,1,1,0.95,K-35-074-3,matched,293178.4103541162,4626417.054051979,1.0,1
4428,1,1,1.0,K-35-074-3,matched,301059.9432669329,4633524.582944856,1.0,1
4429,1,1,0.95,K-35-074-3,matched,308327.8756522236,4626324.787346954,1.0,1
4430,1,1,1.0,K-35-074-3,matched,308132.1373984626,4628189.051291824,1.0,1
4431,1,1,1.0,K-35-074-3,matched,302548.59195397433,4620623.742263917,1.0,1
4432,1,1,0.95,K-35-074-3,matched,300586.40942756296,4628597.328986915,1.0,1
4433,1,1,0.85,K-35-074-3,matched,307686.38986695645,4616474.057076561,1.0,1
4434,1,0,0.0,K-35-074-3,student_only,305379.77882394555,4631953.205083481,1.0,1
4435,1,0,0.0,K-35-074-3,student_only,308411.7723704878,4628275.0715164505,1.0,1
4436,0,1,0.15,K-35-074-3,vlm_only,312455.66877071874,4629885.740811033,0.278217431962353,0
4437,1,1,1.0,K-35-074-4,matched,313554.37263100327,4633432.396525729,1.0,1
4438,1,1,0.85,K-35-074-4,matched,315066.1915967715,4630396.0288183,1.0,1
4439,1,1,1.0,K-35-074-4,matched,315668.77136876574,4630686.461206576,1.0,1
4440,1,1,0.95,K-35-074-4,matched,331723.0831522056,4620533.033989306,1.0,1
4441,1,1,1.0,K-35-074-4,matched,326365.4459201208,4621931.564820818,1.0,1
4442,1,0,0.0,K-35-074-4,student_only,313405.2454922088,4632056.559633476,1.0,1
4443,1,0,0.0,K-35-074-4,student_only,323893.725,4626818.946,1.0,1
4444,1,0,0.0,K-35-074-4,student_only,322244.53808075376,4624770.464171061,1.0,1
4445,1,0,0.0,K-35-074-4,student_only,328815.41792124434,4616255.297533033,1.0,1
4446,1,0,0.0,K-35-074-4,student_only,327729.4139821292,4616098.305376832,1.0,1
4447,0,1,0.15,K-35-074-4,vlm_only,318584.51961898775,4615733.19149242,0.278217431962353,0
4448,0,1,0.15,K-35-074-4,vlm_only,324185.9263986179,4615821.850336405,0.278217431962353,0
4449,0,1,0.2,K-35-074-4,vlm_only,332662.14396071376,4630196.455677017,0.278217431962353,0
4450,0,1,0.15,K-35-074-4,vlm_only,316792.1761168862,4632772.143078545,0.278217431962353,0
4451,0,1,1.0,K-35-074-4,vlm_only,326311.61153053574,4622034.020724869,0.278217431962353,0
4452,1,1,1.0,K-35-075-1,matched,334349.464666113,4642555.920376739,1.0,1
4453,1,1,0.95,K-35-075-1,matched,334765.9463037031,4644584.016054349,1.0,1
4454,1,1,1.0,K-35-075-1,matched,334252.3422018501,4643208.0760918595,1.0,1
4455,1,1,1.0,K-35-075-1,matched,334639.1739676924,4650133.040150183,1.0,1
4456,1,1,1.0,K-35-075-1,matched,335468.052,4649761.613,1.0,1
4457,1,1,0.95,K-35-075-1,matched,339062.178934328,4648234.533638044,1.0,1
4458,1,1,1.0,K-35-075-1,matched,335294.64958260016,4649561.030524718,1.0,1
4459,1,1,1.0,K-35-075-1,matched,335027.90763522405,4648930.022356403,1.0,1
4460,1,1,0.3,K-35-075-1,matched,334786.91310507077,4649226.28621511,1.0,1
4461,1,1,0.85,K-35-075-1,matched,334731.95705563365,4649548.810907097,1.0,1
4462,1,1,1.0,K-35-075-1,matched,339982.8004585642,4645062.599513263,1.0,1
4463,1,1,0.95,K-35-075-1,matched,341516.5375782342,4650552.066404127,1.0,1
4464,1,1,0.85,K-35-075-1,matched,341482.74838714075,4650884.121823059,1.0,1
4465,1,1,1.0,K-35-075-1,matched,340867.01132017444,4649789.4007542515,1.0,1
4466,1,1,1.0,K-35-075-1,matched,339039.87634780584,4640700.865883263,1.0,1
4467,1,1,1.0,K-35-075-1,matched,339039.17764516233,4640617.138647332,1.0,1
4468,1,1,0.2,K-35-075-1,matched,339768.87836402777,4640279.267485133,1.0,1
4469,1,1,0.85,K-35-075-1,matched,339999.46368561685,4640218.3922081385,1.0,1
4470,1,1,1.0,K-35-075-1,matched,343134.0181629044,4648413.2060869485,1.0,1
4471,1,1,1.0,K-35-075-1,matched,338990.234546548,4642778.15694193,1.0,1
4472,1,1,1.0,K-35-075-1,matched,346216.3743888393,4646788.496623147,1.0,1
4473,1,1,1.0,K-35-075-1,matched,346150.31446416705,4646562.1109125335,1.0,1
4474,1,1,1.0,K-35-075-1,matched,346757.91966212826,4646233.889334815,1.0,1
4475,1,1,0.95,K-35-075-1,matched,344857.176772562,4650816.794291815,1.0,1
4476,1,1,0.95,K-35-075-1,matched,344319.81505206483,4648131.647193031,1.0,1
4477,1,1,0.95,K-35-075-1,matched,344235.20497323823,4647839.137494318,1.0,1
4478,1,1,0.7,K-35-075-1,matched,343457.98142979434,4643773.772864886,1.0,1
4479,1,1,0.4,K-35-075-1,matched,342813.45947879273,4643426.48575641,1.0,1
4480,1,1,0.4,K-35-075-1,matched,343431.9502888195,4643348.528811217,1.0,1
4481,1,1,0.95,K-35-075-1,matched,336357.93753027904,4644862.432288256,1.0,1
4482,1,1,0.95,K-35-075-1,matched,336297.77413793246,4644776.761616271,1.0,1
4483,1,1,0.95,K-35-075-1,matched,336344.344434616,4644655.736144826,1.0,1
4484,1,1,0.95,K-35-075-1,matched,336220.144756069,4644313.021794782,1.0,1
4485,1,1,1.0,K-35-075-1,matched,336245.9579720459,4644239.180239476,1.0,1
4486,1,1,0.95,K-35-075-1,matched,336132.8064575121,4644052.672291298,1.0,1
4487,1,1,0.85,K-35-075-1,matched,336271.9243245602,4643802.800931198,1.0,1
4488,1,1,1.0,K-35-075-1,matched,349129.7014377113,4639835.069799859,1.0,1
4489,1,1,0.95,K-35-075-1,matched,345170.41346604936,4645279.943122884,1.0,1
4490,1,1,1.0,K-35-075-1,matched,347839.944,4645581.42,1.0,1
4491,1,1,1.0,K-35-075-1,matched,334489.2071162909,4646977.772060586,1.0,1
4492,1,1,0.95,K-35-075-1,matched,334471.0272595044,4646879.271772699,1.0,1
4493,1,1,1.0,K-35-075-1,matched,336342.7651100011,4645177.991530398,1.0,1
4494,1,1,1.0,K-35-075-1,matched,337464.3337969008,4642186.018680745,1.0,1
4495,1,1,1.0,K-35-075-1,matched,337688.7940714136,4641698.893780134,1.0,1
4496,1,1,1.0,K-35-075-1,matched,337776.57,4641444.523,1.0,1
4497,1,1,1.0,K-35-075-1,matched,337740.34,4641363.14,1.0,1
4498,1,1,0.95,K-35-075-1,matched,337161.1460374007,4648811.855646002,1.0,1
4499,1,1,0.2,K-35-075-1,matched,338514.91449812613,4645205.069565995,1.0,1
4500,1,1,1.0,K-35-075-1,matched,350683.115,4650228.674,1.0,1
4501,1,1,0.95,K-35-075-1,matched,349165.2940117487,4639599.735607257,1.0,1
4502,1,1,0.85,K-35-075-1,matched,337682.8614779435,4641280.132225171,1.0,1
4503,1,1,1.0,K-35-075-1,matched,337260.9493153887,4640896.981398979,1.0,1
4504,1,1,0.2,K-35-075-1,matched,338367.2969196236,4640139.491115407,1.0,1
4505,1,1,0.85,K-35-075-1,matched,338078.2025094814,4639945.530048748,1.0,1
4506,1,0,0.0,K-35-075-1,student_only,347726.939,4648021.389,1.0,1
4507,1,0,0.0,K-35-075-1,student_only,343728.18723525514,4650650.68066979,1.0,1
4508,1,0,0.0,K-35-075-1,student_only,354642.83103125636,4650093.212555952,1.0,1
4509,1,0,0.0,K-35-075-1,student_only,354019.3991738702,4649914.176168634,1.0,1
4510,1,0,0.0,K-35-075-1,student_only,353272.2144886197,4649663.007494112,1.0,1
4511,1,0,0.0,K-35-075-1,student_only,350416.7440934073,4649297.8557495335,1.0,1
4512,1,0,0.0,K-35-075-1,student_only,336928.1978600434,4649724.836993229,1.0,1
4513,1,0,0.0,K-35-075-1,student_only,334171.60654011683,4648184.494811459,1.0,1
4514,1,0,0.0,K-35-075-1,student_only,338170.14840810245,4647576.132677691,1.0,1
4515,1,0,0.0,K-35-075-1,student_only,336339.99817667145,4645017.674466223,1.0,1
4516,1,0,0.0,K-35-075-1,student_only,344330.867,4645229.404,1.0,1
4517,1,0,0.0,K-35-075-1,student_only,346197.51115187956,4645454.7137909215,1.0,1
4518,1,0,0.0,K-35-075-1,student_only,342814.7951539106,4644962.700503842,1.0,1
4519,1,0,0.0,K-35-075-1,student_only,336449.67757135665,4644243.247290687,1.0,1
4520,1,0,0.0,K-35-075-1,student_only,342931.2421974495,4642348.090442661,1.0,1
4521,1,0,0.0,K-35-075-1,student_only,344171.8260505656,4642734.934473687,1.0,1
4522,1,0,0.0,K-35-075-1,student_only,344248.4244177972,4643234.301862186,1.0,1
4523,1,0,0.0,K-35-075-1,student_only,337198.6200885162,4640989.856572772,1.0,1
4524,0,1,1.0,K-35-075-1,vlm_only,335593.5833537066,4649845.072342419,0.278217431962353,0
4525,0,1,1.0,K-35-075-1,vlm_only,335472.4978635297,4649681.348047922,0.278217431962353,0
4526,0,1,0.95,K-35-075-1,vlm_only,342397.2068030241,4651594.386047437,0.278217431962353,0
4527,0,1,0.95,K-35-075-1,vlm_only,342401.7585856125,4651407.7643405,0.278217431962353,0
4528,0,1,0.2,K-35-075-1,vlm_only,348311.07443352346,4634122.371229738,0.278217431962353,0
4529,0,1,0.85,K-35-075-1,vlm_only,343223.31120173703,4643221.8554921625,0.278217431962353,0
4530,0,1,1.0,K-35-075-1,vlm_only,345834.3997500144,4651130.773207553,0.278217431962353,0
4531,0,1,0.15,K-35-075-1,vlm_only,353163.45225188986,4636961.358702404,0.278217431962353,0
4532,0,1,1.0,K-35-075-1,vlm_only,347876.15651364543,4645356.438406969,0.278217431962353,0
4533,0,1,1.0,K-35-075-1,vlm_only,334395.6018284132,4647092.764005044,0.278217431962353,0
4534,0,1,1.0,K-35-075-1,vlm_only,338316.33159566286,4644688.99856882,0.278217431962353,0
4535,0,1,1.0,K-35-075-1,vlm_only,338797.4123216636,4644955.462401039,0.278217431962353,0
4536,0,1,1.0,K-35-075-1,vlm_only,350145.5999913134,4651153.422188762,0.278217431962353,0
4537,0,1,0.15,K-35-075-1,vlm_only,351379.4049979711,4638814.317947698,0.278217431962353,0
4538,0,1,0.15,K-35-075-1,vlm_only,353504.58247930964,4639062.286467137,0.278217431962353,0
4539,0,1,0.2,K-35-075-1,vlm_only,351421.43105095706,4644077.594485761,0.278217431962353,0
4540,0,1,0.2,K-35-075-1,vlm_only,335155.85468291724,4634717.647452109,0.278217431962353,0
4541,0,1,0.2,K-35-075-1,vlm_only,353574.60503633437,4642438.78354454,0.278217431962353,0
4542,1,1,0.95,K-35-075-2,matched,356306.608,4650457.042,1.0,1
4543,1,1,0.2,K-35-075-2,matched,355629.209,4650013.185,1.0,1
4544,1,1,1.0,K-35-075-2,matched,372933.42077146145,4641244.196416542,1.0,1
4545,1,1,0.85,K-35-075-2,matched,360405.87400084,4636820.678893133,1.0,1
4546,1,1,0.2,K-35-075-2,matched,360436.0478332717,4636484.794906251,1.0,1
4547,1,1,1.0,K-35-075-2,matched,360511.82696564076,4636434.507506396,1.0,1
4548,1,1,1.0,K-35-075-2,matched,363399.1191733618,4642715.312385028,1.0,1
4549,1,1,0.75,K-35-075-2,matched,364283.64057073207,4642168.847241066,1.0,1
4550,1,1,1.0,K-35-075-2,matched,363880.75606301764,4634585.524053605,1.0,1
4551,1,1,0.95,K-35-075-2,matched,364435.1404590212,4636647.069329291,1.0,1
4552,1,1,0.95,K-35-075-2,matched,365028.09516719216,4638808.936682372,1.0,1
4553,1,1,0.15,K-35-075-2,matched,366536.1581267164,4638089.930384485,1.0,1
4554,1,1,0.85,K-35-075-2,matched,360701.0384291045,4633558.166256217,1.0,1
4555,1,1,1.0,K-35-075-2,matched,363491.8056582416,4634002.529023259,1.0,1
4556,1,1,0.85,K-35-075-2,matched,364350.5972557762,4633701.308593156,1.0,1
4557,1,1,0.4,K-35-075-2,matched,365560.90328129876,4633294.632098134,1.0,1
4558,1,1,0.95,K-35-075-2,matched,370340.40858580655,4650101.767974013,1.0,1
4559,1,1,0.95,K-35-075-2,matched,371642.18,4649669.96,1.0,1
4560,1,1,0.75,K-35-075-2,matched,369723.0007035109,4636723.7167807,1.0,1
4561,1,1,1.0,K-35-075-2,matched,362164.5488331752,4640233.030614628,1.0,1
4562,1,1,1.0,K-35-075-2,matched,371089.9982146808,4648469.201292386,1.0,1
4563,1,1,1.0,K-35-075-2,matched,361178.8995191921,4634521.480878069,1.0,1
4564,1,1,1.0,K-35-075-2,matched,361065.2430619998,4634295.880587673,1.0,1
4565,1,1,1.0,K-35-075-2,matched,369916.451,4647387.056,1.0,1
4566,1,1,0.75,K-35-075-2,matched,371036.9179549354,4646910.055945581,1.0,1
4567,1,1,1.0,K-35-075-2,matched,371446.6228608247,4639684.421510754,1.0,1
4568,1,1,0.85,K-35-075-2,matched,362638.8887133476,4634450.69052106,1.0,1
4569,1,1,1.0,K-35-075-2,matched,362557.23608493287,4634393.238816572,1.0,1
4570,1,1,1.0,K-35-075-2,matched,363169.4827134517,4644875.726526221,1.0,1
4571,1,1,0.85,K-35-075-2,matched,367530.1591161763,4648557.925047934,1.0,1
4572,1,1,1.0,K-35-075-2,matched,366964.76542949653,4647665.009205182,1.0,1
4573,1,1,0.15,K-35-075-2,matched,373188.026,4635121.608,1.0,1
4574,1,1,1.0,K-35-075-2,matched,373212.757,4635055.904,1.0,1
4575,1,1,1.0,K-35-075-2,matched,372616.7332451143,4634917.6707410775,1.0,1
4576,1,1,1.0,K-35-075-2,matched,373219.52438862907,4634156.382659507,1.0,1
4577,1,1,1.0,K-35-075-2,matched,369999.14295392676,4644341.085572235,1.0,1
4578,1,1,0.95,K-35-075-2,matched,365231.6077203829,4647509.73727188,1.0,1
4579,1,1,1.0,K-35-075-2,matched,372518.6789721643,4638916.178153501,1.0,1
4580,1,1,1.0,K-35-075-2,matched,372152.1808696943,4637823.946508945,1.0,1
4581,1,1,0.85,K-35-075-2,matched,360335.40332501876,4648147.290348321,1.0,1
4582,1,1,1.0,K-35-075-2,matched,374002.83409244486,4646263.885495534,1.0,1
4583,1,1,1.0,K-35-075-2,matched,369383.02477171546,4645246.064916757,1.0,1
4584,1,1,0.85,K-35-075-2,matched,369781.32417476905,4644817.384921195,1.0,1
4585,1,1,0.85,K-35-075-2,matched,368481.55334974785,4644317.820397492,1.0,1
4586,1,1,1.0,K-35-075-2,matched,368826.108,4644222.602,1.0,1
4587,1,1,1.0,K-35-075-2,matched,366787.60641621775,4637275.058753177,1.0,1
4588,1,1,0.85,K-35-075-2,matched,367068.71118327376,4637511.02286519,1.0,1
4589,1,1,0.2,K-35-075-2,matched,367090.14598516945,4644397.364261521,1.0,1
4590,1,1,1.0,K-35-075-2,matched,366713.298,4644188.518,1.0,1
4591,1,1,0.85,K-35-075-2,matched,366718.3450256577,4643644.157131724,1.0,1
4592,1,1,1.0,K-35-075-2,matched,368880.75811678305,4644005.704096858,1.0,1
4593,1,1,0.75,K-35-075-2,matched,370889.8908833821,4634834.057402404,1.0,1
4594,1,1,1.0,K-35-075-2,matched,373964.28616430704,4639324.683126545,1.0,1
4595,1,1,1.0,K-35-075-2,matched,374827.5160911407,4638638.617093175,1.0,1
4596,1,1,0.2,K-35-075-2,matched,374793.4254931024,4638533.3695483655,1.0,1
4597,1,1,0.85,K-35-075-2,matched,374157.34548277117,4638311.879982977,1.0,1
4598,1,1,0.95,K-35-075-2,matched,356610.74511973094,4641873.148923199,1.0,1
4599,1,1,1.0,K-35-075-2,matched,368241.765,4635472.735,1.0,1
4600,1,1,0.95,K-35-075-2,matched,367013.57988143427,4634555.0121874325,1.0,1
4601,1,1,1.0,K-35-075-2,matched,373613.628,4649404.104,1.0,1
4602,1,1,0.95,K-35-075-2,matched,371512.13053133385,4633544.982402108,1.0,1
4603,1,1,1.0,K-35-075-2,matched,373046.115,4632585.79,1.0,1
4604,1,1,0.95,K-35-075-2,matched,374433.49684769235,4641850.34471929,1.0,1
4605,1,1,1.0,K-35-075-2,matched,374651.5998796571,4641487.194342705,1.0,1
4606,1,1,0.95,K-35-075-2,matched,373314.36918514926,4637348.431266538,1.0,1
4607,1,1,0.95,K-35-075-2,matched,373752.44785259804,4635990.794075423,1.0,1
4608,1,1,0.75,K-35-075-2,matched,374855.9727925607,4636006.6846841015,1.0,1
4609,1,1,1.0,K-35-075-2,matched,373765.912,4640474.929,1.0,1
4610,1,1,1.0,K-35-075-2,matched,373752.54,4640404.323,1.0,1
4611,1,1,1.0,K-35-075-2,matched,374855.522,4639431.912,1.0,1
4612,1,1,0.85,K-35-075-2,matched,357360.2332940119,4636512.819209083,1.0,1
4613,1,1,1.0,K-35-075-2,matched,369721.98057602707,4639101.041676528,1.0,1
4614,1,1,0.85,K-35-075-2,matched,369576.1369644942,4638798.626440945,1.0,1
4615,1,1,0.4,K-35-075-2,matched,367077.0451350946,4645846.217345435,1.0,1
4616,1,1,0.85,K-35-075-2,matched,372772.10061330337,4646859.29755518,1.0,1
4617,1,1,0.95,K-35-075-2,matched,365833.6461643809,4637413.616339218,1.0,1
4618,1,1,0.3,K-35-075-2,matched,366112.341139177,4637215.807612244,1.0,1
4619,1,1,0.85,K-35-075-2,matched,365219.3940118903,4648893.494926646,1.0,1
4620,1,1,0.85,K-35-075-2,matched,365004.72190781287,4648237.844817006,1.0,1
4621,1,1,0.85,K-35-075-2,matched,370293.166,4645862.922,1.0,1
4622,1,1,0.2,K-35-075-2,matched,370326.962,4645797.636,1.0,1
4623,1,1,0.15,K-35-075-2,matched,370276.4830745478,4645721.934417761,1.0,1
4624,1,1,0.95,K-35-075-2,matched,370825.17762418964,4645086.603437785,1.0,1
4625,1,1,1.0,K-35-075-2,matched,370067.83668648463,4644911.410218995,1.0,1
4626,1,1,0.85,K-35-075-2,matched,370579.12050323415,4644439.249823188,1.0,1
4627,1,1,1.0,K-35-075-2,matched,371287.29617536545,4644822.628512531,1.0,1
4628,1,1,1.0,K-35-075-2,matched,357012.589,4649903.894,1.0,1
4629,1,1,0.95,K-35-075-2,matched,372173.473,4649089.924,1.0,1
4630,1,1,0.95,K-35-075-2,matched,372136.57812096516,4648942.709744676,1.0,1
4631,1,1,1.0,K-35-075-2,matched,372328.2437534183,4648962.763414221,1.0,1
4632,1,1,1.0,K-35-075-2,matched,372439.2564914495,4648757.3284908375,1.0,1
4633,1,1,1.0,K-35-075-2,matched,372501.79776538484,4648714.057150031,1.0,1
4634,1,1,0.85,K-35-075-2,matched,372397.7522651729,4648558.653880501,1.0,1
4635,1,1,0.2,K-35-075-2,matched,369788.5610059742,4633406.653805966,1.0,1
4636,1,1,0.4,K-35-075-2,matched,370432.56562171614,4633197.343054065,1.0,1
4637,1,1,1.0,K-35-075-2,matched,370930.9277511816,4633686.528250414,1.0,1
4638,1,1,1.0,K-35-075-2,matched,372392.7101170821,4644667.474330272,1.0,1
4639,1,1,0.85,K-35-075-2,matched,373523.631,4634688.809,1.0,1
4640,1,1,0.95,K-35-075-2,matched,373490.8119173986,4634584.045996714,1.0,1
4641,1,1,0.4,K-35-075-2,matched,374201.3123315386,4634760.769035287,1.0,1
4642,1,1,0.3,K-35-075-2,matched,374089.001,4634287.788,1.0,1
4643,1,1,0.85,K-35-075-2,matched,374084.694,4634220.633,1.0,1
4644,1,1,0.4,K-35-075-2,matched,374507.4555725596,4634252.18792332,1.0,1
4645,1,1,1.0,K-35-075-2,matched,366792.1727461242,4643994.268632856,1.0,1
4646,1,1,1.0,K-35-075-2,matched,373161.282,4634241.482,1.0,1
4647,1,1,1.0,K-35-075-2,matched,370096.04,4634013.874,1.0,1
4648,1,1,1.0,K-35-075-2,matched,370087.55185724725,4633891.742375425,1.0,1
4649,1,0,0.0,K-35-075-2,student_only,371820.044,4649224.521,1.0,1
4650,1,0,0.0,K-35-075-2,student_only,366239.7710533336,4649750.08097691,1.0,1
4651,1,0,0.0,K-35-075-2,student_only,358235.3260476374,4648349.839493913,1.0,1
4652,1,0,0.0,K-35-075-2,student_only,360505.29664492817,4648167.675344224,1.0,1
4653,1,0,0.0,K-35-075-2,student_only,357906.3613686203,4647073.371648066,1.0,1
4654,1,0,0.0,K-35-075-2,student_only,357677.459,4646528.217,1.0,1
4655,1,0,0.0,K-35-075-2,student_only,357721.183,4646476.598,1.0,1
4656,1,0,0.0,K-35-075-2,student_only,368030.2590168108,4645793.182393042,1.0,1
4657,1,0,0.0,K-35-075-2,student_only,363084.569,4644842.748,1.0,1
4658,1,0,0.0,K-35-075-2,student_only,367101.77946138463,4644229.310002175,1.0,1
4659,1,0,0.0,K-35-075-2,student_only,372197.61400790926,4644805.262649647,1.0,1
4660,1,0,0.0,K-35-075-2,student_only,373035.0560010959,4644818.703252227,1.0,1
4661,1,0,0.0,K-35-075-2,student_only,358207.7147541543,4643169.085057261,1.0,1
4662,1,0,0.0,K-35-075-2,student_only,373930.08643036475,4642009.183957384,1.0,1
4663,1,0,0.0,K-35-075-2,student_only,361965.6583669284,4640199.238941302,1.0,1
4664,1,0,0.0,K-35-075-2,student_only,362920.2075540424,4640202.930220755,1.0,1
4665,1,0,0.0,K-35-075-2,student_only,373969.6862185202,4640427.965825894,1.0,1
4666,1,0,0.0,K-35-075-2,student_only,368461.5398840089,4639448.705191157,1.0,1
4667,1,0,0.0,K-35-075-2,student_only,362644.32456251676,4639058.126169856,1.0,1
4668,1,0,0.0,K-35-075-2,student_only,375258.45064716163,4637118.41965001,1.0,1
4669,1,0,0.0,K-35-075-2,student_only,372770.325,4636070.457,1.0,1
4670,1,0,0.0,K-35-075-2,student_only,364424.1029757343,4636014.057062347,1.0,1
4671,1,0,0.0,K-35-075-2,student_only,362934.5647381054,4635291.507530371,1.0,1
4672,1,0,0.0,K-35-075-2,student_only,357825.98017599166,4634688.013948169,1.0,1
4673,1,0,0.0,K-35-075-2,student_only,372571.20477688976,4634811.982137553,1.0,1
4674,1,0,0.0,K-35-075-2,student_only,374066.46702172246,4634012.444023948,1.0,1
4675,1,0,0.0,K-35-075-2,student_only,367767.0166447289,4633040.347422698,1.0,1
4676,1,0,0.0,K-35-075-2,student_only,363099.61567899655,4633286.799600444,1.0,1
4677,0,1,0.75,K-35-075-2,vlm_only,362144.5743887329,4641977.201123609,0.278217431962353,0
4678,0,1,0.2,K-35-075-2,vlm_only,363049.6359048571,4633630.701397528,0.278217431962353,0
4679,0,1,0.95,K-35-075-2,vlm_only,370793.01087500073,4650579.141488648,0.278217431962353,0
4680,0,1,0.2,K-35-075-2,vlm_only,356333.09339573374,4642894.906864665,0.278217431962353,0
4681,0,1,0.4,K-35-075-2,vlm_only,364845.5128100363,4645508.437882478,0.278217431962353,0
4682,0,1,1.0,K-35-075-2,vlm_only,367620.81585765176,4646311.746962219,0.278217431962353,0
4683,0,1,0.95,K-35-075-2,vlm_only,373036.0274979846,4632569.101552576,0.278217431962353,0
4684,0,1,0.2,K-35-075-2,vlm_only,365994.0115557614,4647302.374414118,0.278217431962353,0
4685,0,1,0.2,K-35-075-2,vlm_only,368901.27807518095,4645589.0230929265,0.278217431962353,0
4686,0,1,0.95,K-35-075-2,vlm_only,374880.5809095848,4639433.62154359,0.278217431962353,0
4687,0,1,0.85,K-35-075-2,vlm_only,359360.76810039976,4637056.536506633,0.278217431962353,0
4688,0,1,0.95,K-35-075-2,vlm_only,359427.5961035388,4637056.438819569,0.278217431962353,0
4689,0,1,0.75,K-35-075-2,vlm_only,375428.444827858,4644789.587078644,0.278217431962353,0
4690,0,1,0.65,K-35-075-2,vlm_only,369060.900646469,4637701.588959206,0.278217431962353,0
4691,0,1,0.2,K-35-075-2,vlm_only,358474.859833712,4638588.3848541025,0.278217431962353,0
4692,1,1,1.0,K-35-075-3,matched,344470.20437672315,4624603.985625311,1.0,1
4693,1,0,0.0,K-35-075-3,student_only,354359.563,4629746.4,1.0,1
4694,0,1,0.15,K-35-075-3,vlm_only,339669.27086351486,4615449.015281854,0.278217431962353,0
4695,0,1,0.15,K-35-075-3,vlm_only,341788.14898589277,4618355.230282569,0.278217431962353,0
4696,0,1,0.2,K-35-075-3,vlm_only,345403.9913299879,4626876.840923735,0.278217431962353,0
4697,0,1,0.3,K-35-075-3,vlm_only,343391.2674718449,4621710.826182999,0.278217431962353,0
4698,0,1,0.15,K-35-075-3,vlm_only,348403.8445260135,4631316.019048186,0.278217431962353,0
4699,0,1,0.15,K-35-075-3,vlm_only,339096.96624974697,4623356.430047343,0.278217431962353,0
4700,0,1,0.2,K-35-075-3,vlm_only,342383.7594651533,4628312.076863218,0.278217431962353,0
4701,0,1,0.85,K-35-075-3,vlm_only,344765.9267665438,4614651.602228906,0.278217431962353,0
4702,0,1,0.15,K-35-075-3,vlm_only,353167.0227645701,4620174.425784157,0.278217431962353,0
4703,0,1,0.2,K-35-075-3,vlm_only,353154.2093097507,4620077.163652765,0.278217431962353,0
4704,0,1,0.75,K-35-075-3,vlm_only,353864.73213459476,4627756.669185256,0.278217431962353,0
4705,0,1,0.2,K-35-075-3,vlm_only,336021.56323837803,4616563.409213063,0.278217431962353,0
4706,0,1,0.2,K-35-075-3,vlm_only,340343.11297717644,4619443.047801104,0.278217431962353,0
4707,1,1,1.0,K-35-075-4,matched,355194.78052673343,4627049.714286709,1.0,1
4708,1,1,1.0,K-35-075-4,matched,359981.3067296023,4624553.096207502,1.0,1
4709,1,1,0.4,K-35-075-4,matched,360036.30602647015,4624356.541169216,1.0,1
4710,1,1,0.95,K-35-075-4,matched,361482.06890135497,4615723.137604666,1.0,1
4711,1,1,0.4,K-35-075-4,matched,363410.188,4632487.598,1.0,1
4712,1,1,0.2,K-35-075-4,matched,363472.393,4632478.566,1.0,1
4713,1,1,0.4,K-35-075-4,matched,363612.922,4632138.718,1.0,1
4714,1,1,0.85,K-35-075-4,matched,363603.292,4632084.133,1.0,1
4715,1,1,1.0,K-35-075-4,matched,360103.7249854104,4618929.861968018,1.0,1
4716,1,1,0.85,K-35-075-4,matched,363781.2578619331,4620856.615874095,1.0,1
4717,1,1,0.95,K-35-075-4,matched,365387.5877483977,4623810.80912962,1.0,1
4718,1,1,0.85,K-35-075-4,matched,368152.3242601389,4617343.062983439,1.0,1
4719,1,1,0.95,K-35-075-4,matched,359836.02264275716,4628934.180421662,1.0,1
4720,1,1,1.0,K-35-075-4,matched,369049.6638391764,4626663.772698359,1.0,1
4721,1,1,0.7,K-35-075-4,matched,367109.68323677266,4630287.691725295,1.0,1
4722,1,1,1.0,K-35-075-4,matched,367120.1747875925,4622848.787506936,1.0,1
4723,1,1,1.0,K-35-075-4,matched,371459.2391490062,4630777.61835723,1.0,1
4724,1,1,0.85,K-35-075-4,matched,372702.17978023126,4630759.79205919,1.0,1
4725,1,1,1.0,K-35-075-4,matched,369402.6264555536,4631880.181979291,1.0,1
4726,1,1,0.85,K-35-075-4,matched,373861.29056653305,4631102.749533361,1.0,1
4727,1,1,1.0,K-35-075-4,matched,372854.8776543066,4628772.512489353,1.0,1
4728,1,1,1.0,K-35-075-4,matched,369562.67057084537,4623187.487923613,1.0,1
4729,1,1,0.2,K-35-075-4,matched,371255.94077089935,4623366.536788741,1.0,1
4730,1,1,1.0,K-35-075-4,matched,373769.4823346542,4628631.719227607,1.0,1
4731,1,1,0.95,K-35-075-4,matched,374299.663,4627560.296,1.0,1
4732,1,1,0.95,K-35-075-4,matched,357501.5148979408,4621832.244063557,1.0,1
4733,1,1,1.0,K-35-075-4,matched,369069.4900034278,4625476.25835907,1.0,1
4734,1,1,0.95,K-35-075-4,matched,368642.6550707156,4624687.528901993,1.0,1
4735,1,1,0.2,K-35-075-4,matched,369014.29894257063,4624745.859725557,1.0,1
4736,1,1,1.0,K-35-075-4,matched,364278.67274254095,4615160.310768108,1.0,1
4737,1,1,0.95,K-35-075-4,matched,368927.1006497247,4623758.887319453,1.0,1
4738,1,1,1.0,K-35-075-4,matched,368682.9647294965,4623439.1180972075,1.0,1
4739,1,1,0.95,K-35-075-4,matched,362309.0427019944,4629300.242096077,1.0,1
4740,1,1,1.0,K-35-075-4,matched,361415.1378097363,4631185.76788164,1.0,1
4741,1,1,0.75,K-35-075-4,matched,371788.5765121425,4623604.505244798,1.0,1
4742,1,0,0.0,K-35-075-4,student_only,371394.52275294944,4631181.3964979965,1.0,1
4743,1,0,0.0,K-35-075-4,student_only,363011.8774702188,4630740.118884711,1.0,1
4744,1,0,0.0,K-35-075-4,student_only,363939.8260442675,4630662.559503884,1.0,1
4745,1,0,0.0,K-35-075-4,student_only,364625.914,4630820.589,1.0,1
4746,1,0,0.0,K-35-075-4,student_only,375144.4235895616,4629273.733607269,1.0,1
4747,1,0,0.0,K-35-075-4,student_only,355840.3008654667,4629036.858671833,1.0,1
4748,1,0,0.0,K-35-075-4,student_only,361352.085,4628148.676,1.0,1
4749,1,0,0.0,K-35-075-4,student_only,361382.172,4628085.311,1.0,1
4750,1,0,0.0,K-35-075-4,student_only,367087.50809667015,4627360.32565952,1.0,1
4751,1,0,0.0,K-35-075-4,student_only,361288.448,4627916.535,1.0,1
4752,1,0,0.0,K-35-075-4,student_only,361309.608,4627861.105,1.0,1
4753,1,0,0.0,K-35-075-4,student_only,361234.587,4627829.707,1.0,1
4754,1,0,0.0,K-35-075-4,student_only,361194.701,4627787.813,1.0,1
4755,1,0,0.0,K-35-075-4,student_only,360522.829,4627474.34,1.0,1
4756,1,0,0.0,K-35-075-4,student_only,360464.664,4627475.772,1.0,1
4757,1,0,0.0,K-35-075-4,student_only,366980.81115253526,4626053.848602474,1.0,1
4758,1,0,0.0,K-35-075-4,student_only,369128.25170019444,4626700.353879848,1.0,1
4759,1,0,0.0,K-35-075-4,student_only,368550.62581698096,4625699.204382285,1.0,1
4760,1,0,0.0,K-35-075-4,student_only,369039.0115465373,4623907.957441964,1.0,1
4761,1,0,0.0,K-35-075-4,student_only,368751.902,4621242.739,1.0,1
4762,1,0,0.0,K-35-075-4,student_only,368782.573,4621202.997,1.0,1
4763,1,0,0.0,K-35-075-4,student_only,363299.679874558,4619810.594863078,1.0,1
4764,1,0,0.0,K-35-075-4,student_only,362775.28038179455,4617352.724432173,1.0,1
4765,0,1,1.0,K-35-075-4,vlm_only,359652.6071672222,4629221.829149301,0.278217431962353,0
4766,0,1,0.15,K-35-075-4,vlm_only,360332.304787685,4619644.75214211,0.278217431962353,0
4767,0,1,0.2,K-35-075-4,vlm_only,365153.13173817546,4622421.455268167,0.278217431962353,0
4768,0,1,0.2,K-35-075-4,vlm_only,367061.38601265376,4622359.751279561,0.278217431962353,0
4769,0,1,0.2,K-35-075-4,vlm_only,373215.1966609012,4630012.530993459,0.278217431962353,0
4770,0,1,0.2,K-35-075-4,vlm_only,356017.0322345955,4628984.1066138195,0.278217431962353,0
4771,0,1,0.15,K-35-075-4,vlm_only,374840.0460128197,4630198.536688799,0.278217431962353,0
4772,0,1,0.15,K-35-075-4,vlm_only,367372.0721617016,4619005.102957975,0.278217431962353,0
4773,0,1,0.75,K-35-075-4,vlm_only,364257.0523747642,4627784.733351537,0.278217431962353,0
4774,1,1,1.0,K-35-076-1,matched,382062.17620486015,4644716.267803837,1.0,1
4775,1,1,1.0,K-35-076-1,matched,376173.56830039335,4638481.704312763,1.0,1
4776,1,1,0.85,K-35-076-1,matched,376007.2900097608,4638129.05343587,1.0,1
4777,1,1,0.95,K-35-076-1,matched,377081.8753081552,4637629.477653215,1.0,1
4778,1,1,1.0,K-35-076-1,matched,376221.41732736793,4650144.886311412,1.0,1
4779,1,1,0.95,K-35-076-1,matched,380496.6298654493,4633116.368552453,1.0,1
4780,1,1,1.0,K-35-076-1,matched,381383.5177248605,4632856.882727105,1.0,1
4781,1,1,1.0,K-35-076-1,matched,381373.4466281338,4632758.735094187,1.0,1
4782,1,1,1.0,K-35-076-1,matched,384354.0198916623,4640195.954615137,1.0,1
4783,1,1,0.85,K-35-076-1,matched,383206.502,4650334.503,1.0,1
4784,1,1,1.0,K-35-076-1,matched,383304.408,4649368.892,1.0,1
4785,1,1,1.0,K-35-076-1,matched,383249.967755519,4649271.530954911,1.0,1
4786,1,1,1.0,K-35-076-1,matched,387286.2694955043,4633515.607227091,1.0,1
4787,1,1,1.0,K-35-076-1,matched,386806.4765675812,4634960.210277846,1.0,1
4788,1,1,0.95,K-35-076-1,matched,386740.66388094553,4643424.015056068,1.0,1
4789,1,1,1.0,K-35-076-1,matched,386735.9807853186,4641542.652057547,1.0,1
4790,1,1,1.0,K-35-076-1,matched,387103.99549130764,4641247.663542515,1.0,1
4791,1,1,0.85,K-35-076-1,matched,386701.156,4648885.224,1.0,1
4792,1,1,0.85,K-35-076-1,matched,387096.4390155228,4648804.494624725,1.0,1
4793,1,1,0.95,K-35-076-1,matched,385756.34609386325,4649744.132586133,1.0,1
4794,1,1,0.95,K-35-076-1,matched,380446.558,4640539.478,1.0,1
4795,1,1,1.0,K-35-076-1,matched,389294.80530362314,4640210.862248365,1.0,1
4796,1,1,0.95,K-35-076-1,matched,389418.6932945509,4640139.59979382,1.0,1
4797,1,1,0.4,K-35-076-1,matched,390091.02317499876,4639919.442194001,1.0,1
4798,1,1,1.0,K-35-076-1,matched,389155.4546546322,4636731.652241503,1.0,1
4799,1,1,1.0,K-35-076-1,matched,389282.4835088485,4636189.999494618,1.0,1
4800,1,1,1.0,K-35-076-1,matched,389721.1032787397,4635842.843138706,1.0,1
4801,1,1,1.0,K-35-076-1,matched,389859.4966214343,4635729.731595194,1.0,1
4802,1,1,0.85,K-35-076-1,matched,388023.8957408814,4642725.369175134,1.0,1
4803,1,1,1.0,K-35-076-1,matched,376377.02659421443,4641299.112407316,1.0,1
4804,1,1,1.0,K-35-076-1,matched,380795.93355502083,4637924.281493189,1.0,1
4805,1,1,1.0,K-35-076-1,matched,390945.53986376507,4637622.195784943,1.0,1
4806,1,1,1.0,K-35-076-1,matched,391397.2953390351,4637085.1222370695,1.0,1
4807,1,1,1.0,K-35-076-1,matched,393399.40972741245,4649353.358761517,1.0,1
4808,1,1,1.0,K-35-076-1,matched,392284.9275692607,4639405.734374428,1.0,1
4809,1,1,0.9,K-35-076-1,matched,383339.6587710513,4636984.847919821,1.0,1
4810,1,1,1.0,K-35-076-1,matched,390714.639045335,4643275.405555664,1.0,1
4811,1,1,0.95,K-35-076-1,matched,390791.68175516895,4643192.54387675,1.0,1
4812,1,1,0.95,K-35-076-1,matched,386035.0522887205,4637277.9194720285,1.0,1
4813,1,1,1.0,K-35-076-1,matched,393482.8767577115,4637452.430556648,1.0,1
4814,1,1,0.75,K-35-076-1,matched,375480.77334697417,4635832.210582907,1.0,1
4815,1,1,1.0,K-35-076-1,matched,385662.26596757805,4645746.15302166,1.0,1
4816,1,1,1.0,K-35-076-1,matched,391606.94554997544,4636869.339528789,1.0,1
4817,1,1,1.0,K-35-076-1,matched,390066.0868147908,4643585.880935924,1.0,1
4818,1,1,0.95,K-35-076-1,matched,389176.55804790894,4643043.883515846,1.0,1
4819,1,1,1.0,K-35-076-1,matched,392719.2831445336,4636725.743467109,1.0,1
4820,1,1,0.75,K-35-076-1,matched,393140.0498890008,4635909.824996556,1.0,1
4821,1,1,1.0,K-35-076-1,matched,390637.658,4633654.702,1.0,1
4822,1,1,0.95,K-35-076-1,matched,390746.3957701811,4633632.836151705,1.0,1
4823,1,1,1.0,K-35-076-1,matched,389028.88664433104,4632589.755796494,1.0,1
4824,1,1,0.95,K-35-076-1,matched,390249.0426797819,4637757.469111071,1.0,1
4825,1,1,0.95,K-35-076-1,matched,389923.3145727469,4635229.055010196,1.0,1
4826,1,1,0.2,K-35-076-1,matched,389476.6398434285,4634755.797253687,1.0,1
4827,1,1,1.0,K-35-076-1,matched,389195.2295675392,4634204.996104633,1.0,1
4828,1,1,1.0,K-35-076-1,matched,392020.12729925924,4649323.258961653,1.0,1
4829,1,1,1.0,K-35-076-1,matched,384049.26346975425,4636570.905534687,1.0,1
4830,1,1,0.95,K-35-076-1,matched,385122.4117521711,4636403.45010438,1.0,1
4831,1,1,1.0,K-35-076-1,matched,385079.86429047177,4635964.395181795,1.0,1
4832,1,1,1.0,K-35-076-1,matched,385283.0777032302,4635920.004225821,1.0,1
4833,1,1,0.95,K-35-076-1,matched,394456.58375190385,4636120.616133875,1.0,1
4834,1,1,0.95,K-35-076-1,matched,395635.0476177877,4636477.390243988,1.0,1
4835,1,1,1.0,K-35-076-1,matched,393367.06965648796,4643625.204232395,1.0,1
4836,1,1,1.0,K-35-076-1,matched,393629.94635498873,4642639.688909191,1.0,1
4837,1,1,0.85,K-35-076-1,matched,393299.5296464677,4642598.33973269,1.0,1
4838,1,1,1.0,K-35-076-1,matched,377628.86816609907,4638721.876087443,1.0,1
4839,1,1,0.85,K-35-076-1,matched,377949.12907000515,4637416.099648784,1.0,1
4840,1,1,1.0,K-35-076-1,matched,395513.578,4648289.115,1.0,1
4841,1,1,0.95,K-35-076-1,matched,384002.21363996563,4641735.171707554,1.0,1
4842,1,1,1.0,K-35-076-1,matched,377314.6107872728,4644166.637550813,1.0,1
4843,1,1,1.0,K-35-076-1,matched,380052.0156140712,4634550.61610921,1.0,1
4844,1,1,0.85,K-35-076-1,matched,396040.4404289862,4649128.694749085,1.0,1
4845,1,1,0.95,K-35-076-1,matched,396167.6970757521,4643909.222699162,1.0,1
4846,1,1,1.0,K-35-076-1,matched,395671.36148686055,4643289.156611244,1.0,1
4847,1,1,1.0,K-35-076-1,matched,395974.16522035806,4642982.359206434,1.0,1
4848,1,1,1.0,K-35-076-1,matched,394059.842,4634698.966,1.0,1
4849,1,1,0.95,K-35-076-1,matched,394679.80866366765,4637924.333356139,1.0,1
4850,1,1,0.95,K-35-076-1,matched,394659.839,4637608.02,1.0,1
4851,1,1,0.2,K-35-076-1,matched,383898.785,4644754.778,1.0,1
4852,1,1,0.95,K-35-076-1,matched,384080.683,4644601.204,1.0,1
4853,1,1,0.95,K-35-076-1,matched,384170.53319747583,4644557.913039457,1.0,1
4854,1,1,1.0,K-35-076-1,matched,385027.86208334134,4644210.891173374,1.0,1
4855,1,1,1.0,K-35-076-1,matched,379699.03931806696,4633208.865541188,1.0,1
4856,1,1,0.95,K-35-076-1,matched,378941.2494863869,4637107.135542565,1.0,1
4857,1,1,1.0,K-35-076-1,matched,379653.464506833,4637751.074717647,1.0,1
4858,1,1,1.0,K-35-076-1,matched,392744.59532281745,4645808.412770934,1.0,1
4859,1,1,0.85,K-35-076-1,matched,391442.2680837611,4644086.745611712,1.0,1
4860,1,1,0.85,K-35-076-1,matched,390558.2032870101,4648978.488644334,1.0,1
4861,1,1,1.0,K-35-076-1,matched,394553.415791929,4635046.54880153,1.0,1
4862,1,1,0.95,K-35-076-1,matched,394664.08046157274,4634925.744895145,1.0,1
4863,1,1,1.0,K-35-076-1,matched,381818.25500390475,4642083.771162613,1.0,1
4864,1,1,1.0,K-35-076-1,matched,384653.9894851962,4641756.429460678,1.0,1
4865,1,1,1.0,K-35-076-1,matched,387736.5577921626,4633503.373282613,1.0,1
4866,1,1,1.0,K-35-076-1,matched,388735.58107848297,4633321.00845945,1.0,1
4867,1,1,1.0,K-35-076-1,matched,388798.8598090417,4633212.375829258,1.0,1
4868,1,1,0.95,K-35-076-1,matched,395971.8444287875,4634526.825399525,1.0,1
4869,1,1,1.0,K-35-076-1,matched,395972.73379750946,4637855.301074471,1.0,1
4870,1,1,1.0,K-35-076-1,matched,380098.05017282057,4637507.335735111,1.0,1
4871,1,1,0.85,K-35-076-1,matched,381484.0580540557,4638049.532817511,1.0,1
4872,1,0,0.0,K-35-076-1,student_only,380316.4187244341,4649328.026489679,1.0,1
4873,1,0,0.0,K-35-076-1,student_only,381480.19744080165,4649799.488362929,1.0,1
4874,1,0,0.0,K-35-076-1,student_only,380922.449,4633911.921,1.0,1
4875,1,0,0.0,K-35-076-1,student_only,387957.061,4633835.431,1.0,1
4876,1,0,0.0,K-35-076-1,student_only,388841.9122209245,4633139.430538379,1.0,1
4877,1,0,0.0,K-35-076-1,student_only,389301.4963380643,4633174.879537454,1.0,1
4878,1,0,0.0,K-35-076-1,student_only,389687.35000025056,4632122.786806853,1.0,1
4879,1,0,0.0,K-35-076-1,student_only,377407.8148490737,4637298.038508394,1.0,1
4880,1,0,0.0,K-35-076-1,student_only,380174.3101763355,4637532.211063785,1.0,1
4881,1,0,0.0,K-35-076-1,student_only,396147.8481391339,4636910.30651514,1.0,1
4882,1,0,0.0,K-35-076-1,student_only,383735.172,4638250.269,1.0,1
4883,1,0,0.0,K-35-076-1,student_only,388683.9534089336,4641507.061806933,1.0,1
4884,1,0,0.0,K-35-076-1,student_only,393226.71985215246,4642076.862702534,1.0,1
4885,1,0,0.0,K-35-076-1,student_only,378101.78832424764,4644190.058267756,1.0,1
4886,1,0,0.0,K-35-076-1,student_only,382285.90696772607,4644979.973246141,1.0,1
4887,1,0,0.0,K-35-076-1,student_only,383936.1870527892,4645933.323843741,1.0,1
4888,1,0,0.0,K-35-076-1,student_only,392422.208,4644278.867,1.0,1
4889,1,0,0.0,K-35-076-1,student_only,392460.9316102824,4644202.583641359,1.0,1
4890,0,1,0.85,K-35-076-1,vlm_only,383390.1197896393,4650371.67238646,0.278217431962353,0
4891,0,1,0.15,K-35-076-1,vlm_only,386165.9604773805,4633816.270626829,0.278217431962353,0
4892,0,1,1.0,K-35-076-1,vlm_only,386891.38474559796,4650410.137520975,0.278217431962353,0
4893,0,1,0.95,K-35-076-1,vlm_only,385511.0584841146,4637588.421576715,0.278217431962353,0
4894,0,1,0.3,K-35-076-1,vlm_only,384992.63712456427,4648528.0929016415,0.278217431962353,0
4895,0,1,0.2,K-35-076-1,vlm_only,384668.3951523007,4648371.206648215,0.278217431962353,0
4896,0,1,0.2,K-35-076-1,vlm_only,377996.8432700525,4641498.492581157,0.278217431962353,0
4897,0,1,0.2,K-35-076-1,vlm_only,378063.5409313768,4641309.983819397,0.278217431962353,0
4898,0,1,0.95,K-35-076-1,vlm_only,394956.76685155986,4641156.552708434,0.278217431962353,0
4899,0,1,0.15,K-35-076-1,vlm_only,377514.4104415719,4650635.999932346,0.278217431962353,0
4900,0,1,1.0,K-35-076-1,vlm_only,393221.7951183193,4642270.1796166655,0.278217431962353,0
4901,0,1,0.2,K-35-076-1,vlm_only,388317.11930507416,4635722.625151544,0.278217431962353,0
4902,0,1,0.15,K-35-076-1,vlm_only,386675.88187003636,4644740.74366691,0.278217431962353,0
4903,1,1,0.95,K-35-076-2,matched,403546.59754483553,4638471.534380035,1.0,1
4904,1,1,0.4,K-35-076-2,matched,404025.46831854316,4638130.5860247975,1.0,1
4905,1,1,1.0,K-35-076-2,matched,406107.8563491935,4632729.437306289,1.0,1
4906,1,1,1.0,K-35-076-2,matched,407845.22586996167,4636860.763693279,1.0,1
4907,1,1,1.0,K-35-076-2,matched,396429.4313703086,4637991.161699072,1.0,1
4908,1,1,0.95,K-35-076-2,matched,397004.8554175188,4637718.3449035995,1.0,1
4909,1,1,1.0,K-35-076-2,matched,396357.9187575563,4636875.579148119,1.0,1
4910,1,1,0.95,K-35-076-2,matched,406970.95677993953,4635175.030109837,1.0,1
4911,1,1,0.85,K-35-076-2,matched,402719.1876908234,4640577.268333277,1.0,1
4912,1,1,0.95,K-35-076-2,matched,402577.1153550433,4640203.795563127,1.0,1
4913,1,1,1.0,K-35-076-2,matched,410150.67169253086,4632267.017900136,1.0,1
4914,1,1,0.95,K-35-076-2,matched,410143.35789255775,4632191.622301835,1.0,1
4915,1,1,0.95,K-35-076-2,matched,409505.19080087566,4642638.251880874,1.0,1
4916,1,1,1.0,K-35-076-2,matched,412596.59908682137,4636901.3625011165,1.0,1
4917,1,1,0.95,K-35-076-2,matched,412689.9052984204,4636777.396276707,1.0,1
4918,1,1,0.95,K-35-076-2,matched,402923.268187086,4639357.4311074335,1.0,1
4919,1,1,1.0,K-35-076-2,matched,410714.50308568834,4640296.234187799,1.0,1
4920,1,1,1.0,K-35-076-2,matched,406609.4016418763,4634580.2166496655,1.0,1
4921,1,1,0.85,K-35-076-2,matched,414146.60059424955,4640429.566078873,1.0,1
4922,1,1,0.95,K-35-076-2,matched,414312.26697713125,4633404.920649572,1.0,1
4923,1,1,0.95,K-35-076-2,matched,414800.319,4633430.898,1.0,1
4924,1,1,0.95,K-35-076-2,matched,401643.40505407425,4639458.733967264,1.0,1
4925,1,1,1.0,K-35-076-2,matched,399563.91472129803,4642855.191629043,1.0,1
4926,1,1,1.0,K-35-076-2,matched,399234.1985932628,4642407.242408655,1.0,1
4927,1,1,0.85,K-35-076-2,matched,400518.1694272727,4642635.639315209,1.0,1
4928,1,1,0.95,K-35-076-2,matched,415250.23011001584,4633402.915467595,1.0,1
4929,1,1,0.85,K-35-076-2,matched,415675.4618310996,4631756.4898390705,1.0,1
4930,1,1,0.95,K-35-076-2,matched,414386.0872145293,4634066.296395502,1.0,1
4931,1,1,0.95,K-35-076-2,matched,400466.93776529265,4633362.833228167,1.0,1
4932,1,1,1.0,K-35-076-2,matched,403640.2474069338,4634694.604306012,1.0,1
4933,1,1,0.95,K-35-076-2,matched,403718.1752945456,4634625.034182373,1.0,1
4934,1,1,1.0,K-35-076-2,matched,397623.53210515133,4636503.877716287,1.0,1
4935,1,1,0.3,K-35-076-2,matched,403090.9828855372,4636153.920437065,1.0,1
4936,1,1,1.0,K-35-076-2,matched,403095.32701407705,4636056.310404151,1.0,1
4937,1,1,1.0,K-35-076-2,matched,403174.6252195622,4635955.214555533,1.0,1
4938,1,1,0.2,K-35-076-2,matched,406109.3116237472,4634849.9484920995,1.0,1
4939,1,1,0.95,K-35-076-2,matched,410240.11097916705,4636357.035116304,1.0,1
4940,1,1,0.95,K-35-076-2,matched,410032.93883750564,4635282.877086925,1.0,1
4941,1,1,1.0,K-35-076-2,matched,415385.6551619937,4634297.653260133,1.0,1
4942,1,1,1.0,K-35-076-2,matched,415430.58426018694,4633497.166563812,1.0,1
4943,1,1,0.95,K-35-076-2,matched,396405.35058804456,4641408.6211665515,1.0,1
4944,1,1,0.75,K-35-076-2,matched,397336.7172137182,4641333.405027534,1.0,1
4945,1,1,1.0,K-35-076-2,matched,414192.84414659505,4639939.608311256,1.0,1
4946,1,0,0.0,K-35-076-2,student_only,398434.2392771838,4641220.695647804,1.0,1
4947,1,0,0.0,K-35-076-2,student_only,408192.503,4636785.047,1.0,1
4948,1,0,0.0,K-35-076-2,student_only,414968.9036859738,4635947.618250301,1.0,1
4949,1,0,0.0,K-35-076-2,student_only,412123.19237300067,4632187.195971268,1.0,1
4950,0,1,0.15,K-35-076-2,vlm_only,412660.61473817105,4644815.039343617,0.278217431962353,0
4951,0,1,0.95,K-35-076-2,vlm_only,412594.61187835946,4644126.362399822,0.278217431962353,0
4952,0,1,0.95,K-35-076-2,vlm_only,402702.66264895455,4647563.503816232,0.278217431962353,0
4953,0,1,1.0,K-35-076-2,vlm_only,403555.76571942825,4643667.518640457,0.278217431962353,0
4954,0,1,1.0,K-35-076-2,vlm_only,397613.5824232465,4646969.551350433,0.278217431962353,0
4955,0,1,0.95,K-35-076-2,vlm_only,397551.2486862358,4645946.5323758535,0.278217431962353,0
4956,0,1,1.0,K-35-076-2,vlm_only,396406.8265230473,4647534.449212687,0.278217431962353,0
4957,0,1,0.85,K-35-076-2,vlm_only,396357.89041146,4647361.362864343,0.278217431962353,0
4958,0,1,0.95,K-35-076-2,vlm_only,397321.6471775828,4647018.5231015375,0.278217431962353,0
4959,0,1,1.0,K-35-076-2,vlm_only,397625.248317339,4647324.423173997,0.278217431962353,0
4960,0,1,1.0,K-35-076-2,vlm_only,396964.6368214221,4643963.709725969,0.278217431962353,0
4961,0,1,1.0,K-35-076-2,vlm_only,397256.0709778346,4643814.120093202,0.278217431962353,0
4962,0,1,0.15,K-35-076-2,vlm_only,406282.78009303357,4638166.759485733,0.278217431962353,0
4963,0,1,0.2,K-35-076-2,vlm_only,404641.76077698625,4648129.529499412,0.278217431962353,0
4964,0,1,0.95,K-35-076-2,vlm_only,404564.9569488249,4647729.668297327,0.278217431962353,0
4965,0,1,1.0,K-35-076-2,vlm_only,404620.603644665,4647147.125064442,0.278217431962353,0
4966,0,1,0.95,K-35-076-2,vlm_only,405937.48698232084,4647131.661221303,0.278217431962353,0
4967,0,1,0.2,K-35-076-2,vlm_only,404516.4872308392,4647896.452450509,0.278217431962353,0
4968,0,1,1.0,K-35-076-2,vlm_only,409720.48976259667,4649763.694944663,0.278217431962353,0
4969,0,1,0.95,K-35-076-2,vlm_only,409867.57643560367,4648802.474049176,0.278217431962353,0
4970,0,1,0.95,K-35-076-2,vlm_only,410332.22998619586,4648621.129200438,0.278217431962353,0
4971,0,1,0.2,K-35-076-2,vlm_only,406268.88293787104,4638088.098148273,0.278217431962353,0
4972,0,1,1.0,K-35-076-2,vlm_only,407990.35776109295,4649423.686491758,0.278217431962353,0
4973,0,1,0.2,K-35-076-2,vlm_only,408042.7583313619,4649075.532893558,0.278217431962353,0
4974,0,1,0.85,K-35-076-2,vlm_only,413729.02736157126,4648093.069005909,0.278217431962353,0
4975,0,1,0.2,K-35-076-2,vlm_only,414533.05543395836,4648091.778481656,0.278217431962353,0
4976,0,1,1.0,K-35-076-2,vlm_only,416479.13205856626,4643916.176108048,0.278217431962353,0
4977,0,1,0.95,K-35-076-2,vlm_only,414915.7943765868,4648142.1466579465,0.278217431962353,0
4978,0,1,1.0,K-35-076-2,vlm_only,415320.6412414482,4648191.827265372,0.278217431962353,0
4979,0,1,0.95,K-35-076-2,vlm_only,413282.8133307745,4649974.761853465,0.278217431962353,0
4980,0,1,0.95,K-35-076-2,vlm_only,413693.2889404014,4649745.550000131,0.278217431962353,0
4981,0,1,1.0,K-35-076-2,vlm_only,413911.63933410327,4649587.763372637,0.278217431962353,0
4982,0,1,1.0,K-35-076-2,vlm_only,398102.5105642486,4643522.187866645,0.278217431962353,0
4983,0,1,0.95,K-35-076-2,vlm_only,399389.2787216117,4643472.869077559,0.278217431962353,0
4984,0,1,1.0,K-35-076-2,vlm_only,400606.558834519,4643150.123793608,0.278217431962353,0
4985,0,1,1.0,K-35-076-2,vlm_only,400680.2077917461,4643097.788177634,0.278217431962353,0
4986,0,1,1.0,K-35-076-2,vlm_only,414891.0835525195,4633440.079030659,0.278217431962353,0
4987,0,1,1.0,K-35-076-2,vlm_only,407334.5484353392,4649454.434224315,0.278217431962353,0
4988,0,1,0.95,K-35-076-2,vlm_only,398248.9892671381,4646898.779830471,0.278217431962353,0
4989,0,1,1.0,K-35-076-2,vlm_only,400503.3981868688,4648402.905130715,0.278217431962353,0
4990,0,1,0.95,K-35-076-2,vlm_only,415398.0848400044,4644392.247941787,0.278217431962353,0
4991,0,1,1.0,K-35-076-2,vlm_only,398237.7807553526,4646793.328362057,0.278217431962353,0
4992,0,1,1.0,K-35-076-2,vlm_only,398141.3935283159,4646181.138729999,0.278217431962353,0
4993,0,1,0.85,K-35-076-2,vlm_only,398931.5129818496,4646329.542254796,0.278217431962353,0
4994,0,1,0.4,K-35-076-2,vlm_only,416642.86780309764,4640139.405030035,0.278217431962353,0
4995,0,1,0.2,K-35-076-2,vlm_only,399890.67263913545,4644013.49830866,0.278217431962353,0
4996,0,1,1.0,K-35-076-2,vlm_only,410345.7109049936,4646907.373274894,0.278217431962353,0
4997,0,1,1.0,K-35-076-2,vlm_only,411994.22324924945,4648559.341275336,0.278217431962353,0
4998,0,1,0.95,K-35-076-2,vlm_only,411887.57894648006,4648097.929278379,0.278217431962353,0
4999,1,1,0.95,K-35-076-3,matched,383478.7420796938,4629520.004294193,1.0,1
5000,1,1,1.0,K-35-076-3,matched,382941.248916187,4624339.807118035,1.0,1
5001,1,1,1.0,K-35-076-3,matched,382090.28726878576,4623963.301840972,1.0,1
5002,1,1,1.0,K-35-076-3,matched,391123.907603526,4626995.194191104,1.0,1
5003,1,1,1.0,K-35-076-3,matched,380938.25516910537,4628247.922618497,1.0,1
5004,1,1,0.95,K-35-076-3,matched,386428.764517743,4617730.292789622,1.0,1
5005,1,1,0.85,K-35-076-3,matched,386508.0390695621,4617704.745325971,1.0,1
5006,1,1,1.0,K-35-076-3,matched,384710.1943339826,4624431.3719761735,1.0,1
5007,1,1,0.65,K-35-076-3,matched,384754.5612734511,4624037.540290179,1.0,1
5008,1,1,0.95,K-35-076-3,matched,386076.853635463,4620722.348322111,1.0,1
5009,1,1,0.95,K-35-076-3,matched,381408.5941199381,4631397.886690723,1.0,1
5010,1,1,1.0,K-35-076-3,matched,381600.2234958503,4631315.6021958785,1.0,1
5011,1,1,0.85,K-35-076-3,matched,376124.5476551989,4626328.516264525,1.0,1
5012,1,1,1.0,K-35-076-3,matched,376415.4286125201,4625676.543348335,1.0,1
5013,1,1,1.0,K-35-076-3,matched,387196.3836851641,4629250.520427519,1.0,1
5014,1,1,1.0,K-35-076-3,matched,387430.055,4629092.031,1.0,1
5015,1,1,0.2,K-35-076-3,matched,378301.31702635664,4630482.912689828,1.0,1
5016,1,1,1.0,K-35-076-3,matched,392647.6065790725,4619966.851984893,1.0,1
5017,1,1,0.3,K-35-076-3,matched,392448.56886036944,4626834.466557361,1.0,1
5018,1,1,1.0,K-35-076-3,matched,392254.7143205003,4627972.893147023,1.0,1
5019,1,1,1.0,K-35-076-3,matched,389146.530408343,4631822.564270634,1.0,1
5020,1,1,0.95,K-35-076-3,matched,390745.9578947273,4627796.74717732,1.0,1
5021,1,1,0.95,K-35-076-3,matched,391655.3703961166,4627377.67937686,1.0,1
5022,1,1,0.2,K-35-076-3,matched,395360.45658860914,4620283.697276025,1.0,1
5023,1,1,0.2,K-35-076-3,matched,388711.0481671768,4624622.013312689,1.0,1
5024,1,1,0.75,K-35-076-3,matched,390890.46389571426,4625304.1312756585,1.0,1
5025,1,1,0.95,K-35-076-3,matched,387266.59004362556,4631565.32812777,1.0,1
5026,1,1,1.0,K-35-076-3,matched,387389.2488401015,4631528.99235478,1.0,1
5027,1,1,0.85,K-35-076-3,matched,388285.8314283232,4631305.270266424,1.0,1
5028,1,1,1.0,K-35-076-3,matched,377331.1055509194,4626196.340563524,1.0,1
5029,1,1,1.0,K-35-076-3,matched,380028.5258404995,4628777.970476625,1.0,1
5030,1,1,0.85,K-35-076-3,matched,379684.14368789963,4628533.376083759,1.0,1
5031,1,1,0.95,K-35-076-3,matched,379772.22802511125,4625196.361960173,1.0,1
5032,1,1,1.0,K-35-076-3,matched,395156.01293247554,4615946.811195683,1.0,1
5033,1,1,1.0,K-35-076-3,matched,377868.528,4629849.819,1.0,1
5034,1,1,1.0,K-35-076-3,matched,387584.422,4628163.054,1.0,1
5035,1,1,1.0,K-35-076-3,matched,387597.093,4628095.806,1.0,1
5036,1,1,1.0,K-35-076-3,matched,380349.508,4625038.17,1.0,1
5037,1,1,0.95,K-35-076-3,matched,379806.12930799625,4630453.645806849,1.0,1
5038,1,1,0.2,K-35-076-3,matched,379926.5377139112,4629449.139952154,1.0,1
5039,1,1,1.0,K-35-076-3,matched,379753.2594891023,4629267.018024232,1.0,1
5040,1,1,0.4,K-35-076-3,matched,379615.9951072525,4629139.617459861,1.0,1
5041,1,1,1.0,K-35-076-3,matched,378998.6549590159,4629248.777260764,1.0,1
5042,1,1,0.95,K-35-076-3,matched,386604.76352592744,4628084.585828229,1.0,1
5043,1,1,1.0,K-35-076-3,matched,385786.5137095664,4622734.026041053,1.0,1
5044,1,1,1.0,K-35-076-3,matched,376874.887,4625948.285,1.0,1
5045,1,1,1.0,K-35-076-3,matched,376866.392,4625891.843,1.0,1
5046,1,0,0.0,K-35-076-3,student_only,379858.1274312959,4631859.182688418,1.0,1
5047,1,0,0.0,K-35-076-3,student_only,383921.439919905,4631646.344413899,1.0,1
5048,1,0,0.0,K-35-076-3,student_only,386149.9114218042,4631343.57527192,1.0,1
5049,1,0,0.0,K-35-076-3,student_only,386347.6836559685,4631192.215380765,1.0,1
5050,1,0,0.0,K-35-076-3,student_only,380061.03851296025,4630974.814333583,1.0,1
5051,1,0,0.0,K-35-076-3,student_only,377039.316,4630276.579,1.0,1
5052,1,0,0.0,K-35-076-3,student_only,379484.29297547176,4629128.453745734,1.0,1
5053,1,0,0.0,K-35-076-3,student_only,384041.113,4629929.874,1.0,1
5054,1,0,0.0,K-35-076-3,student_only,387494.136,4629171.942,1.0,1
5055,1,0,0.0,K-35-076-3,student_only,395801.7913750602,4628005.836937456,1.0,1
5056,1,0,0.0,K-35-076-3,student_only,384437.356,4627094.541,1.0,1
5057,1,0,0.0,K-35-076-3,student_only,388645.304,4627989.417,1.0,1
5058,1,0,0.0,K-35-076-3,student_only,384507.2155035962,4626913.426865679,1.0,1
5059,1,0,0.0,K-35-076-3,student_only,376693.459,4625633.248,1.0,1
5060,1,0,0.0,K-35-076-3,student_only,380329.28709767497,4625693.326719626,1.0,1
5061,1,0,0.0,K-35-076-3,student_only,390556.77282601816,4625549.514358396,1.0,1
5062,1,0,0.0,K-35-076-3,student_only,378128.32066612155,4624105.844365959,1.0,1
5063,1,0,0.0,K-35-076-3,student_only,395599.10969220585,4616440.868496298,1.0,1
5064,1,0,0.0,K-35-076-3,student_only,392039.3394625,4616528.269239004,1.0,1
5065,1,0,0.0,K-35-076-3,student_only,376230.1791464271,4615810.959734097,1.0,1
5066,1,0,0.0,K-35-076-3,student_only,386410.70839866373,4614357.273227882,1.0,1
5067,0,1,0.2,K-35-076-3,vlm_only,389697.82743264793,4629974.083408542,0.278217431962353,0
5068,0,1,0.2,K-35-076-3,vlm_only,391220.4408432238,4622920.681996918,0.278217431962353,0
5069,0,1,0.95,K-35-076-3,vlm_only,388875.9978818048,4624600.327771242,0.278217431962353,0
5070,0,1,0.95,K-35-076-3,vlm_only,376795.0786132296,4627641.625103228,0.278217431962353,0
5071,1,1,0.85,K-35-076-4,matched,401080.8,4630039.681,1.0,1
5072,1,1,0.95,K-35-076-4,matched,396374.80601265724,4626176.812531257,1.0,1
5073,1,1,1.0,K-35-076-4,matched,403575.66148217366,4631299.561991157,1.0,1
5074,1,1,1.0,K-35-076-4,matched,403247.82166391396,4631077.1980228815,1.0,1
5075,1,1,0.3,K-35-076-4,matched,403198.92912560154,4630357.428151807,1.0,1
5076,1,1,0.85,K-35-076-4,matched,404273.7693979532,4630287.724946159,1.0,1
5077,1,1,0.95,K-35-076-4,matched,402601.4387459978,4623092.7082274975,1.0,1
5078,1,1,0.95,K-35-076-4,matched,403480.3410806448,4624811.987595993,1.0,1
5079,1,1,1.0,K-35-076-4,matched,403448.106801987,4624312.329929791,1.0,1
5080,1,1,1.0,K-35-076-4,matched,403015.0788280474,4624140.892930168,1.0,1
5081,1,1,0.85,K-35-076-4,matched,403577.5996245133,4623579.850838404,1.0,1
5082,1,1,1.0,K-35-076-4,matched,409643.078,4625928.589,1.0,1
5083,1,1,1.0,K-35-076-4,matched,412372.78145556996,4623558.215361165,1.0,1
5084,1,1,0.4,K-35-076-4,matched,406109.02285486506,4624832.955166853,1.0,1
5085,1,1,1.0,K-35-076-4,matched,406244.67991505854,4624376.3803554,1.0,1
5086,1,1,1.0,K-35-076-4,matched,406821.13722639426,4624239.17138261,1.0,1
5087,1,1,1.0,K-35-076-4,matched,407117.022,4624640.577,1.0,1
5088,1,1,0.95,K-35-076-4,matched,407075.62558251945,4624099.256850955,1.0,1
5089,1,1,0.75,K-35-076-4,matched,402041.4754377808,4623756.481770412,1.0,1
5090,1,1,1.0,K-35-076-4,matched,403131.46007436817,4613657.171017129,1.0,1
5091,1,1,0.2,K-35-076-4,matched,412423.14799684973,4630233.681658558,1.0,1
5092,1,1,0.85,K-35-076-4,matched,402338.03165619285,4615748.941083235,1.0,1
5093,1,1,0.85,K-35-076-4,matched,414410.69666944316,4623432.11770603,1.0,1
5094,1,1,0.2,K-35-076-4,matched,398761.31731736613,4629956.119474783,1.0,1
5095,1,1,1.0,K-35-076-4,matched,413850.86118083907,4627206.740302816,1.0,1
5096,1,1,0.4,K-35-076-4,matched,413397.99546299595,4626812.4735849975,1.0,1
5097,1,1,0.85,K-35-076-4,matched,413377.52446847997,4616637.838937348,1.0,1
5098,1,1,0.85,K-35-076-4,matched,412430.6690086483,4630582.085617952,1.0,1
5099,1,1,1.0,K-35-076-4,matched,415036.6450217392,4625161.152170075,1.0,1
5100,1,1,1.0,K-35-076-4,matched,415872.0227543103,4631223.578150116,1.0,1
5101,1,1,1.0,K-35-076-4,matched,399199.862802885,4625809.937778224,1.0,1
5102,1,1,0.15,K-35-076-4,matched,400514.71251070086,4630122.697731462,1.0,1
5103,1,1,1.0,K-35-076-4,matched,414913.0553070778,4624458.503277647,1.0,1
5104,1,1,1.0,K-35-076-4,matched,400952.25083110534,4629835.370918672,1.0,1
5105,1,1,1.0,K-35-076-4,matched,400271.7029855976,4629685.065263999,1.0,1
5106,1,1,0.4,K-35-076-4,matched,414606.677,4623986.909,1.0,1
5107,1,1,0.4,K-35-076-4,matched,401349.42103907734,4630023.92181878,1.0,1
5108,1,1,1.0,K-35-076-4,matched,401548.18658928684,4628835.9216205785,1.0,1
5109,1,1,1.0,K-35-076-4,matched,400387.9893483518,4617157.817118464,1.0,1
5110,1,1,1.0,K-35-076-4,matched,405397.60021476675,4631526.124504685,1.0,1
5111,1,0,0.0,K-35-076-4,student_only,401887.04776330653,4630531.916201705,1.0,1
5112,1,0,0.0,K-35-076-4,student_only,401084.863,4629453.977,1.0,1
5113,1,0,0.0,K-35-076-4,student_only,401522.5587340506,4628559.914353452,1.0,1
5114,1,0,0.0,K-35-076-4,student_only,407944.1853604009,4627127.011804078,1.0,1
5115,1,0,0.0,K-35-076-4,student_only,409927.2466531851,4626520.404315159,1.0,1
5116,1,0,0.0,K-35-076-4,student_only,399249.678474344,4625736.673437254,1.0,1
5117,1,0,0.0,K-35-076-4,student_only,411311.0915593969,4625363.65533782,1.0,1
5118,1,0,0.0,K-35-076-4,student_only,415123.01183301996,4625664.521861967,1.0,1
5119,1,0,0.0,K-35-076-4,student_only,402927.63928118104,4623346.048793919,1.0,1
5120,1,0,0.0,K-35-076-4,student_only,410634.06804873643,4620314.139870478,1.0,1
5121,0,1,1.0,K-35-076-4,vlm_only,401633.3361418404,4615081.223511019,0.278217431962353,0
5122,0,1,0.2,K-35-076-4,vlm_only,398421.96364044136,4624147.487998887,0.278217431962353,0
5123,0,1,0.15,K-35-076-4,vlm_only,408867.0915050223,4620359.138813462,0.278217431962353,0
5124,0,1,1.0,K-35-076-4,vlm_only,399294.8084157298,4618355.504995444,0.278217431962353,0
5125,0,1,1.0,K-35-076-4,vlm_only,414657.4943150114,4623992.11536431,0.278217431962353,0
5126,0,1,0.75,K-35-076-4,vlm_only,399375.7644269926,4618123.942614657,0.278217431962353,0
5127,0,1,1.0,K-35-076-4,vlm_only,401076.67099298886,4630127.110481455,0.278217431962353,0
5128,1,1,0.2,K-35-077-1,matched,417680.9970155006,4633821.378106432,1.0,1
5129,1,1,0.95,K-35-077-1,matched,421960.9617537403,4644798.8232934475,1.0,1
5130,1,1,1.0,K-35-077-1,matched,423080.67315374466,4641255.5832842225,1.0,1
5131,1,1,0.85,K-35-077-1,matched,424896.3847517804,4642768.604679599,1.0,1
5132,1,1,0.15,K-35-077-1,matched,424111.1630360363,4642130.118586267,1.0,1
5133,1,1,0.75,K-35-077-1,matched,417504.30050269683,4649251.817921047,1.0,1
5134,1,1,0.95,K-35-077-1,matched,418593.589,4643963.126,1.0,1
5135,1,1,0.2,K-35-077-1,matched,428094.4509458752,4632801.822978147,1.0,1
5136,1,1,0.3,K-35-077-1,matched,428098.77473481797,4632458.511607308,1.0,1
5137,1,1,0.85,K-35-077-1,matched,430538.219,4639873.491,1.0,1
5138,1,1,0.7,K-35-077-1,matched,417512.5419261864,4631953.4668068485,1.0,1
5139,1,1,0.4,K-35-077-1,matched,426396.77602388756,4649456.138530901,1.0,1
5140,1,1,0.85,K-35-077-1,matched,432032.3737142223,4632673.409191857,1.0,1
5141,1,1,0.95,K-35-077-1,matched,426975.4522678994,4647722.824675507,1.0,1
5142,1,1,0.95,K-35-077-1,matched,419678.16755509976,4644920.511510515,1.0,1
5143,1,1,0.85,K-35-077-1,matched,430622.177,4639665.74,1.0,1
5144,1,1,0.2,K-35-077-1,matched,432245.54709738283,4648809.923656299,1.0,1
5145,1,1,1.0,K-35-077-1,matched,434622.93739685667,4641264.483753668,1.0,1
5146,1,1,0.95,K-35-077-1,matched,433354.9000591765,4639678.564434987,1.0,1
5147,1,1,0.85,K-35-077-1,matched,432866.0591643348,4643422.789672723,1.0,1
5148,1,1,1.0,K-35-077-1,matched,433512.114,4644409.088,1.0,1
5149,1,1,1.0,K-35-077-1,matched,432575.074,4643765.601,1.0,1
5150,1,1,1.0,K-35-077-1,matched,432608.239,4643685.662,1.0,1
5151,1,1,0.95,K-35-077-1,matched,436408.31459358416,4642569.813466141,1.0,1
5152,1,1,0.95,K-35-077-1,matched,437164.58115925244,4641896.36461052,1.0,1
5153,1,1,0.95,K-35-077-1,matched,419350.0389558836,4646158.124997224,1.0,1
5154,1,1,0.95,K-35-077-1,matched,432260.16220371827,4636692.754667333,1.0,1
5155,1,1,0.85,K-35-077-1,matched,437205.4855847043,4643118.598903415,1.0,1
5156,1,1,0.2,K-35-077-1,matched,430578.605644386,4634743.781856209,1.0,1
5157,1,1,1.0,K-35-077-1,matched,431617.4739483705,4634777.403967005,1.0,1
5158,1,1,0.95,K-35-077-1,matched,430829.86881258566,4633772.3709208565,1.0,1
5159,1,1,0.95,K-35-077-1,matched,431592.60540799145,4643880.532110883,1.0,1
5160,1,1,0.95,K-35-077-1,matched,424207.60470392683,4644033.868181195,1.0,1
5161,1,1,0.85,K-35-077-1,matched,425217.6547752109,4643771.552377403,1.0,1
5162,1,1,1.0,K-35-077-1,matched,430524.5871629713,4637205.761229728,1.0,1
5163,1,1,0.85,K-35-077-1,matched,434754.94627618714,4643836.6610047035,1.0,1
5164,1,1,0.95,K-35-077-1,matched,430863.29849998467,4647054.61194864,1.0,1
5165,1,1,1.0,K-35-077-1,matched,437391.004,4644905.799,1.0,1
5166,1,1,0.2,K-35-077-1,matched,437465.38024570036,4644009.885944723,1.0,1
5167,1,1,1.0,K-35-077-1,matched,433011.2047669536,4634316.676996405,1.0,1
5168,1,1,0.85,K-35-077-1,matched,433132.578,4633368.584,1.0,1
5169,1,1,1.0,K-35-077-1,matched,437281.2604387981,4632433.057442855,1.0,1
5170,1,1,1.0,K-35-077-1,matched,437451.5780654948,4634408.872832338,1.0,1
5171,1,1,0.2,K-35-077-1,matched,436338.6542040765,4649649.331086454,1.0,1
5172,1,1,0.95,K-35-077-1,matched,436520.8085719133,4631934.640075555,1.0,1
5173,1,1,0.95,K-35-077-1,matched,436543.68458871084,4631860.764387433,1.0,1
5174,1,1,0.95,K-35-077-1,matched,436584.88901882805,4631638.366782049,1.0,1
5175,1,1,0.85,K-35-077-1,matched,429151.8829100406,4641916.586907263,1.0,1
5176,1,1,0.85,K-35-077-1,matched,433806.839995408,4647710.765275166,1.0,1
5177,1,0,0.0,K-35-077-1,student_only,418268.1205720086,4649535.304121414,1.0,1
5178,1,0,0.0,K-35-077-1,student_only,417584.88665831,4639527.707375194,1.0,1
5179,1,0,0.0,K-35-077-1,student_only,421436.2733211243,4643812.205639742,1.0,1
5180,1,0,0.0,K-35-077-1,student_only,421275.36770220334,4632974.57127127,1.0,1
5181,1,0,0.0,K-35-077-1,student_only,422875.98807499674,4633029.682842322,1.0,1
5182,1,0,0.0,K-35-077-1,student_only,428218.4401133893,4634411.292303602,1.0,1
5183,1,0,0.0,K-35-077-1,student_only,429457.833,4634943.518,1.0,1
5184,1,0,0.0,K-35-077-1,student_only,430663.64901643596,4637386.195565447,1.0,1
5185,1,0,0.0,K-35-077-1,student_only,432441.668938068,4635462.969662511,1.0,1
5186,1,0,0.0,K-35-077-1,student_only,433194.834,4633473.244,1.0,1
5187,1,0,0.0,K-35-077-1,student_only,436029.9422686474,4648481.913384059,1.0,1
5188,1,0,0.0,K-35-077-1,student_only,436955.19325324084,4644034.496072671,1.0,1
5189,1,0,0.0,K-35-077-1,student_only,437267.9675669758,4634103.048732191,1.0,1
5190,0,1,1.0,K-35-077-1,vlm_only,418395.84352111147,4633965.856822019,0.278217431962353,0
5191,0,1,0.95,K-35-077-1,vlm_only,428431.82026250276,4642676.543406734,0.278217431962353,0
5192,0,1,0.2,K-35-077-1,vlm_only,425963.0645225747,4638280.74624884,0.278217431962353,0
5193,0,1,0.4,K-35-077-1,vlm_only,416933.5467534328,4632093.133910701,0.278217431962353,0
5194,0,1,0.95,K-35-077-1,vlm_only,431048.66914394277,4632191.419096767,0.278217431962353,0
5195,0,1,0.75,K-35-077-1,vlm_only,417286.4565688453,4636354.633248183,0.278217431962353,0
5196,0,1,1.0,K-35-077-1,vlm_only,434304.6320107276,4640944.493591484,0.278217431962353,0
5197,0,1,1.0,K-35-077-1,vlm_only,433117.81104977755,4644850.014192919,0.278217431962353,0
5198,0,1,0.15,K-35-077-1,vlm_only,437343.2690984103,4639346.234644093,0.278217431962353,0
5199,0,1,0.3,K-35-077-1,vlm_only,420072.5960514916,4642308.90940219,0.278217431962353,0
5200,0,1,0.95,K-35-077-1,vlm_only,435568.9540892804,4644267.390951939,0.278217431962353,0
5201,0,1,1.0,K-35-077-1,vlm_only,436542.4366773121,4635115.845066379,0.278217431962353,0
5202,0,1,0.2,K-35-077-1,vlm_only,430756.69167215726,4640766.402862666,0.278217431962353,0
5203,0,1,0.2,K-35-077-1,vlm_only,422718.9658859087,4637194.712316066,0.278217431962353,0
5204,0,1,0.2,K-35-077-1,vlm_only,423278.8938974097,4645631.944279505,0.278217431962353,0
5205,0,1,0.95,K-35-077-1,vlm_only,433173.32676339924,4633427.351853733,0.278217431962353,0
5206,0,1,0.15,K-35-077-1,vlm_only,436760.69870329567,4644099.23076323,0.278217431962353,0
5207,1,1,1.0,K-35-077-2,matched,439264.8046602551,4638888.127841753,1.0,1
5208,1,1,1.0,K-35-077-2,matched,438439.4812574537,4637822.4440760305,1.0,1
5209,1,1,1.0,K-35-077-2,matched,438700.5198075357,4637528.177970351,1.0,1
5210,1,1,0.85,K-35-077-2,matched,438066.6069654658,4642197.825929445,1.0,1
5211,1,1,0.2,K-35-077-2,matched,445291.63396345894,4643674.467721407,1.0,1
5212,1,1,0.2,K-35-077-2,matched,442769.49346128484,4634573.138909255,1.0,1
5213,1,1,1.0,K-35-077-2,matched,444312.832,4633246.802,1.0,1
5214,1,1,0.2,K-35-077-2,matched,444257.15429974836,4636457.897285284,1.0,1
5215,1,1,1.0,K-35-077-2,matched,444038.5637404189,4638413.727710123,1.0,1
5216,1,1,1.0,K-35-077-2,matched,444750.34332707385,4636230.331604191,1.0,1
5217,1,1,1.0,K-35-077-2,matched,445754.6045860886,4636301.31355631,1.0,1
5218,1,1,1.0,K-35-077-2,matched,444788.54142733087,4635254.488508232,1.0,1
5219,1,1,0.95,K-35-077-2,matched,445977.6814841856,4639225.268040162,1.0,1
5220,1,1,0.85,K-35-077-2,matched,447161.8032552726,4634844.592279598,1.0,1
5221,1,1,1.0,K-35-077-2,matched,438826.54562225717,4644718.458453585,1.0,1
5222,1,1,0.85,K-35-077-2,matched,438560.04446103435,4643859.825369467,1.0,1
5223,1,1,0.95,K-35-077-2,matched,446712.17140842904,4632683.8909092955,1.0,1
5224,1,1,1.0,K-35-077-2,matched,447709.148,4632276.714,1.0,1
5225,1,1,0.95,K-35-077-2,matched,447589.54883069865,4632144.522433784,1.0,1
5226,1,1,0.95,K-35-077-2,matched,446677.86214898253,4631855.634355942,1.0,1
5227,1,1,0.75,K-35-077-2,matched,443384.722,4644178.286,1.0,1
5228,1,1,0.95,K-35-077-2,matched,450288.46128238563,4631772.448520871,1.0,1
5229,1,1,1.0,K-35-077-2,matched,452006.7577347661,4637766.612278106,1.0,1
5230,1,1,0.95,K-35-077-2,matched,445608.6815758529,4632629.542027656,1.0,1
5231,1,1,0.95,K-35-077-2,matched,445578.7262001984,4632532.101451048,1.0,1
5232,1,1,0.75,K-35-077-2,matched,445741.2346705495,4636994.406032862,1.0,1
5233,1,1,0.95,K-35-077-2,matched,445308.973072392,4636682.574431711,1.0,1
5234,1,1,1.0,K-35-077-2,matched,440405.6470431692,4640331.207833729,1.0,1
5235,1,1,0.85,K-35-077-2,matched,453990.6478600415,4642865.246863354,1.0,1
5236,1,1,1.0,K-35-077-2,matched,451970.2828985973,4631920.291946145,1.0,1
5237,1,1,1.0,K-35-077-2,matched,451809.1453299578,4631821.017694962,1.0,1
5238,1,1,0.2,K-35-077-2,matched,440613.47270796506,4641582.158447737,1.0,1
5239,1,1,1.0,K-35-077-2,matched,440852.2020610616,4636506.427761279,1.0,1
5240,1,1,1.0,K-35-077-2,matched,457599.979873653,4633217.143576656,1.0,1
5241,1,1,1.0,K-35-077-2,matched,439655.1484497837,4633987.146947739,1.0,1
5242,1,1,0.3,K-35-077-2,matched,440786.564,4633815.377,1.0,1
5243,1,1,1.0,K-35-077-2,matched,439436.82003080234,4633147.361366484,1.0,1
5244,1,1,0.95,K-35-077-2,matched,441642.6160678277,4635273.237955661,1.0,1
5245,1,1,1.0,K-35-077-2,matched,441470.38643706794,4634984.301819788,1.0,1
5246,1,1,1.0,K-35-077-2,matched,456994.19718164613,4649221.193424997,1.0,1
5247,1,1,0.2,K-35-077-2,matched,457604.833,4648648.753,1.0,1
5248,1,1,0.95,K-35-077-2,matched,439640.5414853627,4643957.999754584,1.0,1
5249,1,1,1.0,K-35-077-2,matched,442491.67454408837,4646418.9525268,1.0,1
5250,1,1,1.0,K-35-077-2,matched,456695.3713602664,4632437.7879724465,1.0,1
5251,1,1,1.0,K-35-077-2,matched,456804.55871360516,4632464.209337458,1.0,1
5252,1,1,1.0,K-35-077-2,matched,453176.92439662956,4633060.364630205,1.0,1
5253,1,1,0.2,K-35-077-2,matched,453425.19873216795,4633031.977566096,1.0,1
5254,1,1,0.95,K-35-077-2,matched,446293.124,4633007.012,1.0,1
5255,1,1,0.95,K-35-077-2,matched,447265.9475968155,4633151.285129513,1.0,1
5256,1,1,1.0,K-35-077-2,matched,439157.87930475245,4640265.1910318155,1.0,1
5257,1,1,1.0,K-35-077-2,matched,448819.6532183062,4632152.036222446,1.0,1
5258,1,1,1.0,K-35-077-2,matched,449249.697165618,4632404.712984237,1.0,1
5259,1,1,1.0,K-35-077-2,matched,449216.40951310936,4636744.097145126,1.0,1
5260,1,1,1.0,K-35-077-2,matched,437793.85851359,4645084.832692977,1.0,1
5261,1,1,0.95,K-35-077-2,matched,454572.50893060816,4632277.678456039,1.0,1
5262,1,1,1.0,K-35-077-2,matched,453956.697148438,4631924.593658041,1.0,1
5263,1,1,0.95,K-35-077-2,matched,453938.73901560064,4631849.499499211,1.0,1
5264,1,0,0.0,K-35-077-2,student_only,439234.1234954457,4646253.067920373,1.0,1
5265,1,0,0.0,K-35-077-2,student_only,437910.9495112327,4644686.910228099,1.0,1
5266,1,0,0.0,K-35-077-2,student_only,438806.74708831374,4644319.121852078,1.0,1
5267,1,0,0.0,K-35-077-2,student_only,447116.5399332555,4645504.271810873,1.0,1
5268,1,0,0.0,K-35-077-2,student_only,454815.62404889124,4642252.333690154,1.0,1
5269,1,0,0.0,K-35-077-2,student_only,453652.44841438765,4642967.422821398,1.0,1
5270,1,0,0.0,K-35-077-2,student_only,453528.3884934656,4642910.878893841,1.0,1
5271,1,0,0.0,K-35-077-2,student_only,444231.31998774654,4643540.170317402,1.0,1
5272,1,0,0.0,K-35-077-2,student_only,439071.8238362813,4644178.06937009,1.0,1
5273,1,0,0.0,K-35-077-2,student_only,439160.26301611774,4643731.902370875,1.0,1
5274,1,0,0.0,K-35-077-2,student_only,437826.53186224186,4641163.846104865,1.0,1
5275,1,0,0.0,K-35-077-2,student_only,437806.8121802637,4641031.556059698,1.0,1
5276,1,0,0.0,K-35-077-2,student_only,451269.09151903307,4640266.992653277,1.0,1
5277,1,0,0.0,K-35-077-2,student_only,446007.204426594,4639135.620378721,1.0,1
5278,1,0,0.0,K-35-077-2,student_only,439590.76752888295,4639510.814298377,1.0,1
5279,1,0,0.0,K-35-077-2,student_only,450782.4625325734,4637355.671423438,1.0,1
5280,1,0,0.0,K-35-077-2,student_only,445936.0295613973,4637218.054210952,1.0,1
5281,1,0,0.0,K-35-077-2,student_only,441483.31734073244,4635100.468882998,1.0,1
5282,1,0,0.0,K-35-077-2,student_only,445654.4589455149,4636534.057645123,1.0,1
5283,1,0,0.0,K-35-077-2,student_only,444838.3189858773,4633543.6722756885,1.0,1
5284,1,0,0.0,K-35-077-2,student_only,443843.4742179873,4634443.437299031,1.0,1
5285,1,0,0.0,K-35-077-2,student_only,440882.9962464639,4634317.12233612,1.0,1
5286,1,0,0.0,K-35-077-2,student_only,440759.669,4633647.603,1.0,1
5287,1,0,0.0,K-35-077-2,student_only,438665.37513967743,4634135.06752544,1.0,1
5288,1,0,0.0,K-35-077-2,student_only,447483.40388050745,4632193.5136551475,1.0,1
5289,1,0,0.0,K-35-077-2,student_only,447707.129,4632212.747,1.0,1
5290,1,0,0.0,K-35-077-2,student_only,447856.6852600451,4632104.324559889,1.0,1
5291,1,0,0.0,K-35-077-2,student_only,448249.5605810024,4632241.838661074,1.0,1
5292,1,0,0.0,K-35-077-2,student_only,448641.80501229444,4632236.39694688,1.0,1
5293,1,0,0.0,K-35-077-2,student_only,449034.9568152069,4632418.999958705,1.0,1
5294,0,1,1.0,K-35-077-2,vlm_only,437887.1316307752,4643196.220599095,0.278217431962353,0
5295,0,1,1.0,K-35-077-2,vlm_only,438292.4416393954,4642774.857318208,0.278217431962353,0
5296,0,1,0.95,K-35-077-2,vlm_only,443938.02608091646,4634519.961285672,0.278217431962353,0
5297,0,1,0.2,K-35-077-2,vlm_only,443392.0795024534,4647226.699252912,0.278217431962353,0
5298,0,1,0.95,K-35-077-2,vlm_only,444873.84451530874,4634620.918077314,0.278217431962353,0
5299,0,1,0.85,K-35-077-2,vlm_only,443927.2251564027,4635341.253411938,0.278217431962353,0
5300,0,1,0.95,K-35-077-2,vlm_only,446641.3301408119,4634847.517226694,0.278217431962353,0
5301,0,1,0.2,K-35-077-2,vlm_only,443479.9840989518,4643779.442763617,0.278217431962353,0
5302,0,1,0.95,K-35-077-2,vlm_only,443759.3258258808,4643253.471565332,0.278217431962353,0
5303,0,1,0.85,K-35-077-2,vlm_only,449471.48693052016,4632221.068655176,0.278217431962353,0
5304,0,1,1.0,K-35-077-2,vlm_only,449611.9084987608,4632059.300734383,0.278217431962353,0
5305,0,1,1.0,K-35-077-2,vlm_only,438710.86743504816,4634527.249401589,0.278217431962353,0
5306,0,1,0.75,K-35-077-2,vlm_only,455351.33214340504,4634226.795708048,0.278217431962353,0
5307,0,1,0.95,K-35-077-2,vlm_only,454934.3762999397,4631359.494676167,0.278217431962353,0
5308,0,1,0.85,K-35-077-2,vlm_only,445997.8844419318,4631960.951215869,0.278217431962353,0
5309,0,1,0.2,K-35-077-2,vlm_only,452140.89798983786,4631682.138608431,0.278217431962353,0
5310,0,1,0.85,K-35-077-2,vlm_only,440076.4999350874,4632536.106138279,0.278217431962353,0
5311,0,1,1.0,K-35-077-2,vlm_only,439874.3218928922,4633943.175699475,0.278217431962353,0
5312,0,1,0.2,K-35-077-2,vlm_only,446855.0277276676,4636868.392329851,0.278217431962353,0
5313,0,1,0.4,K-35-077-2,vlm_only,453585.363979027,4632982.869821142,0.278217431962353,0
5314,0,1,0.2,K-35-077-2,vlm_only,448559.93025440036,4633271.179066669,0.278217431962353,0
5315,0,1,1.0,K-35-077-2,vlm_only,439191.6297677989,4640384.264188515,0.278217431962353,0
5316,0,1,1.0,K-35-077-2,vlm_only,451335.4125162289,4640104.49816658,0.278217431962353,0
5317,0,1,0.3,K-35-077-2,vlm_only,447059.58989153476,4645659.89199866,0.278217431962353,0
5318,1,1,0.95,K-35-077-3,matched,418298.1154793045,4630882.54257626,1.0,1
5319,1,1,1.0,K-35-077-3,matched,418363.1381847671,4616008.460625675,1.0,1
5320,1,1,1.0,K-35-077-3,matched,419853.693,4621977.641,1.0,1
5321,1,1,1.0,K-35-077-3,matched,417453.3408380217,4628416.210545852,1.0,1
5322,1,1,0.2,K-35-077-3,matched,423165.37789854885,4626471.628225609,1.0,1
5323,1,1,0.95,K-35-077-3,matched,417981.2505318496,4623789.674861436,1.0,1
5324,1,1,1.0,K-35-077-3,matched,426637.9425346914,4625713.161511391,1.0,1
5325,1,1,0.95,K-35-077-3,matched,426896.4064364577,4627975.644988541,1.0,1
5326,1,1,1.0,K-35-077-3,matched,425122.96075913083,4621078.709712266,1.0,1
5327,1,1,0.95,K-35-077-3,matched,428460.36615992413,4630179.3892579535,1.0,1
5328,1,1,1.0,K-35-077-3,matched,425551.4979963398,4629564.2766209375,1.0,1
5329,1,1,0.75,K-35-077-3,matched,422775.17173424363,4625938.043635734,1.0,1
5330,1,1,1.0,K-35-077-3,matched,430805.00675900315,4625092.769203001,1.0,1
5331,1,1,0.85,K-35-077-3,matched,434872.5341766971,4626435.637923489,1.0,1
5332,1,1,0.95,K-35-077-3,matched,424180.15344419645,4621711.557866553,1.0,1
5333,1,1,1.0,K-35-077-3,matched,436975.4628383803,4625906.233048271,1.0,1
5334,1,1,1.0,K-35-077-3,matched,437025.71183255786,4625809.925650035,1.0,1
5335,1,1,1.0,K-35-077-3,matched,437109.55389570596,4625723.585637399,1.0,1
5336,1,1,0.85,K-35-077-3,matched,437373.119702548,4630453.444765823,1.0,1
5337,1,1,1.0,K-35-077-3,matched,435961.92245507886,4630751.586157629,1.0,1
5338,1,1,0.4,K-35-077-3,matched,435862.46195902996,4630242.085995371,1.0,1
5339,1,1,1.0,K-35-077-3,matched,436588.721298337,4625484.307072861,1.0,1
5340,1,1,1.0,K-35-077-3,matched,421123.1068247625,4629721.604931442,1.0,1
5341,1,1,1.0,K-35-077-3,matched,420325.76941568643,4630691.611323865,1.0,1
5342,1,1,1.0,K-35-077-3,matched,427740.93279222347,4625711.03468638,1.0,1
5343,1,1,0.95,K-35-077-3,matched,427567.8429538636,4625599.464228526,1.0,1
5344,1,1,0.95,K-35-077-3,matched,427647.92277940264,4625537.708808765,1.0,1
5345,1,1,1.0,K-35-077-3,matched,427755.3292542419,4625581.693558955,1.0,1
5346,1,1,1.0,K-35-077-3,matched,437383.39264679217,4627594.512151262,1.0,1
5347,1,1,0.2,K-35-077-3,matched,437353.26470937306,4627296.4792364845,1.0,1
5348,1,1,1.0,K-35-077-3,matched,437181.7608182472,4626622.972548139,1.0,1
5349,1,0,0.0,K-35-077-3,student_only,416943.72759357735,4631672.693407041,1.0,1
5350,1,0,0.0,K-35-077-3,student_only,432381.56462056143,4631473.368627231,1.0,1
5351,1,0,0.0,K-35-077-3,student_only,432411.626,4630817.689,1.0,1
5352,1,0,0.0,K-35-077-3,student_only,432444.323,4630608.811,1.0,1
5353,1,0,0.0,K-35-077-3,student_only,432402.91913874086,4629788.898373073,1.0,1
5354,1,0,0.0,K-35-077-3,student_only,435062.0239845119,4629702.647469633,1.0,1
5355,1,0,0.0,K-35-077-3,student_only,424531.25439369836,4627917.887008178,1.0,1
5356,1,0,0.0,K-35-077-3,student_only,418782.46296205884,4627247.78161865,1.0,1
5357,1,0,0.0,K-35-077-3,student_only,423320.7549295609,4626811.025355213,1.0,1
5358,1,0,0.0,K-35-077-3,student_only,424894.68,4626091.18,1.0,1
5359,1,0,0.0,K-35-077-3,student_only,424962.186,4626110.896,1.0,1
5360,1,0,0.0,K-35-077-3,student_only,437195.68568864686,4626305.362905574,1.0,1
5361,1,0,0.0,K-35-077-3,student_only,426081.3552561408,4622404.244280651,1.0,1
5362,0,1,0.95,K-35-077-3,vlm_only,424086.0505129955,4624533.700615287,0.278217431962353,0
5363,0,1,0.9,K-35-077-3,vlm_only,425755.87597808824,4624699.48650114,0.278217431962353,0
5364,0,1,0.95,K-35-077-3,vlm_only,425673.0467487999,4624631.947909225,0.278217431962353,0
5365,0,1,0.75,K-35-077-3,vlm_only,424922.1115294632,4628990.399228298,0.278217431962353,0
5366,0,1,1.0,K-35-077-3,vlm_only,425779.71583379677,4624729.885394438,0.278217431962353,0
5367,0,1,1.0,K-35-077-3,vlm_only,424404.33478174603,4620661.98421741,0.278217431962353,0
5368,0,1,1.0,K-35-077-3,vlm_only,425217.82228399185,4620859.523781707,0.278217431962353,0
5369,0,1,1.0,K-35-077-3,vlm_only,425267.6882481852,4620736.6396772275,0.278217431962353,0
5370,0,1,1.0,K-35-077-3,vlm_only,426624.70945353556,4628536.31476524,0.278217431962353,0
5371,0,1,1.0,K-35-077-3,vlm_only,425901.9924830006,4628671.695449484,0.278217431962353,0
5372,0,1,1.0,K-35-077-3,vlm_only,420522.19459224056,4616683.658300987,0.278217431962353,0
5373,0,1,0.15,K-35-077-3,vlm_only,431134.0952220201,4628549.466430195,0.278217431962353,0
5374,0,1,0.4,K-35-077-3,vlm_only,422999.9334449954,4623447.476386774,0.278217431962353,0
5375,1,1,0.95,K-35-077-4,matched,445274.8453215178,4629588.591062252,1.0,1
5376,1,1,1.0,K-35-077-4,matched,444693.54971190274,4628275.862552832,1.0,1
5377,1,1,0.95,K-35-077-4,matched,448813.50315631845,4631067.051701596,1.0,1
5378,1,1,1.0,K-35-077-4,matched,449092.48302027467,4630561.064744527,1.0,1
5379,1,1,0.2,K-35-077-4,matched,448956.90736693563,4630289.333576146,1.0,1
5380,1,1,1.0,K-35-077-4,matched,443836.2593235102,4625867.72073929,1.0,1
5381,1,1,1.0,K-35-077-4,matched,444201.2087344952,4625640.6765021505,1.0,1
5382,1,1,0.95,K-35-077-4,matched,444316.358,4625310.08,1.0,1
5383,1,1,0.95,K-35-077-4,matched,444167.9248359078,4625171.825258834,1.0,1
5384,1,1,0.95,K-35-077-4,matched,444095.27451859805,4624231.199683215,1.0,1
5385,1,1,1.0,K-35-077-4,matched,444101.16634208616,4623682.752984984,1.0,1
5386,1,1,1.0,K-35-077-4,matched,443268.3756102391,4623361.309881353,1.0,1
5387,1,1,0.95,K-35-077-4,matched,446697.97786978533,4631220.230200197,1.0,1
5388,1,1,0.95,K-35-077-4,matched,446071.5961657254,4631147.383388897,1.0,1
5389,1,1,0.85,K-35-077-4,matched,445753.5613696098,4630857.048289396,1.0,1
5390,1,1,0.2,K-35-077-4,matched,445362.72336935846,4629988.465702801,1.0,1
5391,1,1,0.2,K-35-077-4,matched,444014.12316040375,4620451.033759105,1.0,1
5392,1,1,1.0,K-35-077-4,matched,454159.22808980214,4631178.831799632,1.0,1
5393,1,1,0.95,K-35-077-4,matched,442848.509,4629364.27,1.0,1
5394,1,1,0.95,K-35-077-4,matched,442952.76902916987,4629185.197385565,1.0,1
5395,1,1,1.0,K-35-077-4,matched,442875.68545375305,4628862.611245092,1.0,1
5396,1,1,1.0,K-35-077-4,matched,442996.70558585814,4628283.064813965,1.0,1
5397,1,1,1.0,K-35-077-4,matched,444638.50430567324,4624866.005208371,1.0,1
5398,1,1,0.95,K-35-077-4,matched,440894.9738506899,4628816.594204393,1.0,1
5399,1,1,0.4,K-35-077-4,matched,451740.6520223536,4631326.720586035,1.0,1
5400,1,1,1.0,K-35-077-4,matched,451719.6671871538,4630372.4660178935,1.0,1
5401,1,1,1.0,K-35-077-4,matched,442520.275,4622984.27,1.0,1
5402,1,1,0.75,K-35-077-4,matched,442074.7893887005,4625597.113389344,1.0,1
5403,1,1,1.0,K-35-077-4,matched,442235.7319002933,4628631.669652575,1.0,1
5404,1,0,0.0,K-35-077-4,student_only,438916.9483283477,4631165.797285297,1.0,1
5405,1,0,0.0,K-35-077-4,student_only,437644.21120567794,4630098.4849458,1.0,1
5406,1,0,0.0,K-35-077-4,student_only,445886.377719848,4631045.134719048,1.0,1
5407,1,0,0.0,K-35-077-4,student_only,450810.932,4630466.334,1.0,1
5408,1,0,0.0,K-35-077-4,student_only,451842.763615312,4631157.408701628,1.0,1
5409,1,0,0.0,K-35-077-4,student_only,455645.455,4630830.423,1.0,1
5410,1,0,0.0,K-35-077-4,student_only,455703.185,4630781.043,1.0,1
5411,1,0,0.0,K-35-077-4,student_only,440282.21336887527,4629855.632769522,1.0,1
5412,1,0,0.0,K-35-077-4,student_only,444549.37152225577,4630034.626868157,1.0,1
5413,1,0,0.0,K-35-077-4,student_only,437904.5599494371,4626195.169777921,1.0,1
5414,0,1,0.15,K-35-077-4,vlm_only,438587.97288451646,4619260.790084731,0.278217431962353,0
5415,0,1,0.4,K-35-077-4,vlm_only,447258.80821370706,4620194.721747738,0.278217431962353,0
5416,0,1,1.0,K-35-077-4,vlm_only,446586.4917276861,4630517.425027525,0.278217431962353,0
5417,0,1,0.2,K-35-077-4,vlm_only,453908.0206129943,4630458.598682586,0.278217431962353,0
5418,0,1,0.95,K-35-077-4,vlm_only,442569.9554986817,4622975.626440839,0.278217431962353,0
5419,0,1,0.2,K-35-077-4,vlm_only,450335.71113858157,4615379.356762966,0.278217431962353,0
5420,0,1,0.2,K-35-077-4,vlm_only,450946.9220085612,4630508.098369898,0.278217431962353,0
5421,0,1,0.15,K-35-077-4,vlm_only,445395.51488180936,4622183.825800294,0.278217431962353,0
5422,0,1,0.2,K-35-077-4,vlm_only,437747.2513662312,4621987.142356287,0.278217431962353,0
