{"type": "FeatureCollection", "features": [{"type": "Feature", "geometry": {"type": "Point", "coordinates": [25.769316, 42.366926]}, "properties": {"subtype": "burial_mound", "confidence": 1.0, "vote_count": 5, "total_passes": 5, "contributing_passes": ["run_1", "run_2", "run_3", "run_4", "run_5"], "source_tiles": ["K-35-052-4_32635_x0_y2688.png", "K-35-052-4_32635_x336_y2688.png"], "cluster_size": 5, "mound_probability": 1.0, "candidate_id": 2, "source_tile": "K-35-052-4_32635_x0_y2688.png"}}, {"type": "Feature", "geometry": {"type": "Point", "coordinates": [25.764292, 42.483966]}, "properties": {"subtype": "burial_mound", "confidence": 1.0, "vote_count": 5, "total_passes": 5, "contributing_passes": ["run_1", "run_2", "run_3", "run_4", "run_5"], "source_tiles": ["K-35-052-4_32635_x0_y0.png", "K-35-052-4_32635_x0_y336.png"], "cluster_size": 5, "mound_probability": 1.0, "candidate_id": 3, "source_tile": "K-35-052-4_32635_x0_y0.png"}}, {"type": "Feature", "geometry": {"type": "Point", "coordinates": [25.761636, 42.466813]}, "properties": {"subtype": "burial_mound", "confidence": 0.8, "vote_count": 4, "total_passes": 5, "contributing_passes": ["run_1", "run_3", "run_4", "run_5"], "source_tiles": ["K-35-052-4_32635_x0_y672.png"], "cluster_size": 4, "mound_probability": 0.65, "candidate_id": 8, "source_tile": "K-35-052-4_32635_x0_y672.png"}}, {"type": "Feature", "geometry": {"type": "Point", "coordinates": [25.870627, 42.483631]}, "properties": {"subtype": "burial_mound", "confidence": 1.0, "vote_count": 5, "total_passes": 5, "contributing_passes": ["run_1", "run_2", "run_3", "run_4", "run_5"], "source_tiles": ["K-35-052-4_32635_x1680_y336.png", "K-35-052-4_32635_x2016_y0.png", "K-35-052-4_32635_x2016_y336.png"], "cluster_size": 6, "mound_probability": 1.0, "candidate_id": 10, "source_tile": "K-35-052-4_32635_x1680_y336.png"}}, {"type": "Feature", "geometry": {"type": "Point", "coordinates": [25.926858, 42.424923]}, "properties": {"subtype": "burial_mound", "confidence": 1.0, "vote_count": 5, "total_passes": 5, "contributing_passes": ["run_1", "run_2", "run_3", "run_4", "run_5"], "source_tiles": ["K-35-052-4_32635_x2688_y1344.png", "K-35-052-4_32635_x2688_y1680.png"], "cluster_size": 5, "mound_probability": 0.95, "candidate_id": 12, "source_tile": "K-35-052-4_32635_x2688_y1344.png"}}, {"type": "Feature", "geometry": {"type": "Point", "coordinates": [25.921043, 42.414199]}, "properties": {"subtype": "burial_mound", "confidence": 1.0, "vote_count": 5, "total_passes": 5, "contributing_passes": ["run_1", "run_2", "run_3", "run_4", "run_5"], "source_tiles": ["K-35-052-4_32635_x2688_y1680.png"], "cluster_size": 5, "mound_probability": 1.0, "candidate_id": 13, "source_tile": "K-35-052-4_32635_x2688_y1680.png"}}, {"type": "Feature", "geometry": {"type": "Point", "coordinates": [25.767925, 42.471073]}, "properties": {"subtype": "burial_mound", "confidence": 1.0, "vote_count": 5, "total_passes": 5, "contributing_passes": ["run_1", "run_2", "run_3", "run_4", "run_5"], "source_tiles": ["K-35-052-4_32635_x0_y336.png", "K-35-052-4_32635_x336_y336.png"], "cluster_size": 6, "mound_probability": 0.2, "candidate_id": 15, "source_tile": "K-35-052-4_32635_x0_y336.png"}}, {"type": "Feature", "geometry": {"type": "Point", "coordinates": [25.779937, 42.46982]}, "properties": {"subtype": "burial_mound", "confidence": 0.8, "vote_count": 4, "total_passes": 5, "contributing_passes": ["run_1", "run_3", "run_4", "run_5"], "source_tiles": ["K-35-052-4_32635_x336_y336.png"], "cluster_size": 4, "mound_probability": 1.0, "candidate_id": 16, "source_tile": "K-35-052-4_32635_x336_y336.png"}}, {"type": "Feature", "geometry": {"type": "Point", "coordinates": [25.835949, 42.472703]}, "properties": {"subtype": "burial_mound", "confidence": 1.0, "vote_count": 5, "total_passes": 5, "contributing_passes": ["run_1", "run_2", "run_3", "run_4", "run_5"], "source_tiles": ["K-35-052-4_32635_x1344_y336.png"], "cluster_size": 5, "mound_probability": 1.0, "candidate_id": 24, "source_tile": "K-35-052-4_32635_x1344_y336.png"}}, {"type": "Feature", "geometry": {"type": "Point", "coordinates": [25.959132, 42.370772]}, "properties": {"subtype": "burial_mound", "confidence": 1.0, "vote_count": 5, "total_passes": 5, "contributing_passes": ["run_1", "run_2", "run_3", "run_4", "run_5"], "source_tiles": ["K-35-052-4_32635_x3360_y2688.png"], "cluster_size": 5, "mound_probability": 0.85, "candidate_id": 26, "source_tile": "K-35-052-4_32635_x3360_y2688.png"}}, {"type": "Feature", "geometry": {"type": "Point", "coordinates": [25.786088, 42.437347]}, "properties": {"subtype": "burial_mound", "confidence": 1.0, "vote_count": 5, "total_passes": 5, "contributing_passes": ["run_1", "run_2", "run_3", "run_4", "run_5"], "source_tiles": ["K-35-052-4_32635_x336_y1344.png"], "cluster_size": 5, "mound_probability": 1.0, "candidate_id": 28, "source_tile": "K-35-052-4_32635_x336_y1344.png"}}, {"type": "Feature", "geometry": {"type": "Point", "coordinates": [25.972457, 42.433429]}, "properties": {"subtype": "burial_mound", "confidence": 1.0, "vote_count": 5, "total_passes": 5, "contributing_passes": ["run_1", "run_2", "run_3", "run_4", "run_5"], "source_tiles": ["K-35-052-4_32635_x3696_y1344.png"], "cluster_size": 5, "mound_probability": 1.0, "candidate_id": 30, "source_tile": "K-35-052-4_32635_x3696_y1344.png"}}, {"type": "Feature", "geometry": {"type": "Point", "coordinates": [25.984101, 42.427006]}, "properties": {"subtype": "triangulation_mound", "confidence": 1.0, "vote_count": 5, "total_passes": 5, "contributing_passes": ["run_1", "run_2", "run_3", "run_4", "run_5"], "source_tiles": ["K-35-052-4_32635_x3696_y1344.png"], "cluster_size": 5, "mound_probability": 1.0, "candidate_id": 31, "source_tile": "K-35-052-4_32635_x3696_y1344.png"}}, {"type": "Feature", "geometry": {"type": "Point", "coordinates": [25.77262, 42.405306]}, "properties": {"subtype": "burial_mound", "confidence": 1.0, "vote_count": 5, "total_passes": 5, "contributing_passes": ["run_1", "run_2", "run_3", "run_4", "run_5"], "source_tiles": ["K-35-052-4_32635_x336_y2016.png"], "cluster_size": 5, "mound_probability": 1.0, "candidate_id": 33, "source_tile": "K-35-052-4_32635_x336_y2016.png"}}, {"type": "Feature", "geometry": {"type": "Point", "coordinates": [25.776149, 42.392763]}, "properties": {"subtype": "burial_mound", "confidence": 1.0, "vote_count": 5, "total_passes": 5, "contributing_passes": ["run_1", "run_2", "run_3", "run_4", "run_5"], "source_tiles": ["K-35-052-4_32635_x336_y2016.png"], "cluster_size": 5, "mound_probability": 1.0, "candidate_id": 35, "source_tile": "K-35-052-4_32635_x336_y2016.png"}}, {"type": "Feature", "geometry": {"type": "Point", "coordinates": [25.825856, 42.466581]}, "properties": {"subtype": "triangulation_mound", "confidence": 0.8, "vote_count": 4, "total_passes": 5, "contributing_passes": ["run_1", "run_3", "run_4", "run_5"], "source_tiles": ["K-35-052-4_32635_x1008_y672.png"], "cluster_size": 4, "mound_probability": 0.85, "candidate_id": 37, "source_tile": "K-35-052-4_32635_x1008_y672.png"}}, {"type": "Feature", "geometry": {"type": "Point", "coordinates": [25.751958, 42.401181]}, "properties": {"subtype": "burial_mound", "confidence": 1.0, "vote_count": 5, "total_passes": 5, "contributing_passes": ["run_1", "run_2", "run_3", "run_4", "run_5"], "source_tiles": ["K-35-052-4_32635_x0_y2016.png"], "cluster_size": 5, "mound_probability": 0.95, "candidate_id": 38, "source_tile": "K-35-052-4_32635_x0_y2016.png"}}, {"type": "Feature", "geometry": {"type": "Point", "coordinates": [25.768689, 42.393532]}, "properties": {"subtype": "burial_mound", "confidence": 1.0, "vote_count": 5, "total_passes": 5, "contributing_passes": ["run_1", "run_2", "run_3", "run_4", "run_5"], "source_tiles": ["K-35-052-4_32635_x0_y2016.png", "K-35-052-4_32635_x336_y2016.png"], "cluster_size": 5, "mound_probability": 1.0, "candidate_id": 39, "source_tile": "K-35-052-4_32635_x0_y2016.png"}}, {"type": "Feature", "geometry": {"type": "Point", "coordinates": [25.764889, 42.393626]}, "properties": {"subtype": "burial_mound", "confidence": 1.0, "vote_count": 5, "total_passes": 5, "contributing_passes": ["run_1", "run_2", "run_3", "run_4", "run_5"], "source_tiles": ["K-35-052-4_32635_x0_y2016.png"], "cluster_size": 5, "mound_probability": 0.95, "candidate_id": 40, "source_tile": "K-35-052-4_32635_x0_y2016.png"}}, {"type": "Feature", "geometry": {"type": "Point", "coordinates": [25.764648, 42.392594]}, "properties": {"subtype": "burial_mound", "confidence": 1.0, "vote_count": 5, "total_passes": 5, "contributing_passes": ["run_1", "run_2", "run_3", "run_4", "run_5"], "source_tiles": ["K-35-052-4_32635_x0_y2016.png", "K-35-052-4_32635_x0_y2352.png"], "cluster_size": 5, "mound_probability": 1.0, "candidate_id": 41, "source_tile": "K-35-052-4_32635_x0_y2016.png"}}, {"type": "Feature", "geometry": {"type": "Point", "coordinates": [25.944661, 42.408164]}, "properties": {"subtype": "benchmark_mound", "confidence": 0.8, "vote_count": 4, "total_passes": 5, "contributing_passes": ["run_1", "run_2", "run_4", "run_5"], "source_tiles": ["K-35-052-4_32635_x3024_y2016.png"], "cluster_size": 4, "mound_probability": 0.95, "candidate_id": 44, "source_tile": "K-35-052-4_32635_x3024_y2016.png"}}, {"type": "Feature", "geometry": {"type": "Point", "coordinates": [25.948779, 42.394455]}, "properties": {"subtype": "burial_mound", "confidence": 1.0, "vote_count": 5, "total_passes": 5, "contributing_passes": ["run_1", "run_2", "run_3", "run_4", "run_5"], "source_tiles": ["K-35-052-4_32635_x3024_y2016.png", "K-35-052-4_32635_x3024_y2352.png"], "cluster_size": 5, "mound_probability": 1.0, "candidate_id": 45, "source_tile": "K-35-052-4_32635_x3024_y2016.png"}}, {"type": "Feature", "geometry": {"type": "Point", "coordinates": [25.750495, 42.372666]}, "properties": {"subtype": "burial_mound", "confidence": 0.8, "vote_count": 4, "total_passes": 5, "contributing_passes": ["run_1", "run_2", "run_3", "run_5"], "source_tiles": ["K-35-052-4_32635_x0_y2688.png"], "cluster_size": 4, "mound_probability": 1.0, "candidate_id": 48, "source_tile": "K-35-052-4_32635_x0_y2688.png"}}, {"type": "Feature", "geometry": {"type": "Point", "coordinates": [25.751868, 42.365144]}, "properties": {"subtype": "settlement_mound", "confidence": 1.0, "vote_count": 5, "total_passes": 5, "contributing_passes": ["run_1", "run_2", "run_3", "run_4", "run_5"], "source_tiles": ["K-35-052-4_32635_x0_y2688.png"], "cluster_size": 5, "mound_probability": 1.0, "candidate_id": 49, "source_tile": "K-35-052-4_32635_x0_y2688.png"}}, {"type": "Feature", "geometry": {"type": "Point", "coordinates": [25.986766, 42.397126]}, "properties": {"subtype": "benchmark_mound", "confidence": 1.0, "vote_count": 5, "total_passes": 5, "contributing_passes": ["run_1", "run_2", "run_3", "run_4", "run_5"], "source_tiles": ["K-35-052-4_32635_x3696_y2016.png"], "cluster_size": 5, "mound_probability": 0.85, "candidate_id": 51, "source_tile": "K-35-052-4_32635_x3696_y2016.png"}}, {"type": "Feature", "geometry": {"type": "Point", "coordinates": [25.789299, 42.341212]}, "properties": {"subtype": "triangulation_mound", "confidence": 1.0, "vote_count": 5, "total_passes": 5, "contributing_passes": ["run_1", "run_2", "run_3", "run_4", "run_5"], "source_tiles": ["K-35-052-4_32635_x336_y3360.png"], "cluster_size": 5, "mound_probability": 0.85, "candidate_id": 52, "source_tile": "K-35-052-4_32635_x336_y3360.png"}}, {"type": "Feature", "geometry": {"type": "Point", "coordinates": [25.967452, 42.39961]}, "properties": {"subtype": "burial_mound", "confidence": 1.0, "vote_count": 5, "total_passes": 5, "contributing_passes": ["run_1", "run_2", "run_3", "run_4", "run_5"], "source_tiles": ["K-35-052-4_32635_x3360_y2016.png"], "cluster_size": 5, "mound_probability": 1.0, "candidate_id": 53, "source_tile": "K-35-052-4_32635_x3360_y2016.png"}}, {"type": "Feature", "geometry": {"type": "Point", "coordinates": [25.93998, 42.381916]}, "properties": {"subtype": "triangulation_mound", "confidence": 1.0, "vote_count": 5, "total_passes": 5, "contributing_passes": ["run_1", "run_2", "run_3", "run_4", "run_5"], "source_tiles": ["K-35-052-4_32635_x3024_y2352.png"], "cluster_size": 5, "mound_probability": 0.4, "candidate_id": 57, "source_tile": "K-35-052-4_32635_x3024_y2352.png"}}, {"type": "Feature", "geometry": {"type": "Point", "coordinates": [25.772142, 42.446855]}, "properties": {"subtype": "burial_mound", "confidence": 1.0, "vote_count": 5, "total_passes": 5, "contributing_passes": ["run_1", "run_2", "run_3", "run_4", "run_5"], "source_tiles": ["K-35-052-4_32635_x336_y1008.png"], "cluster_size": 5, "mound_probability": 1.0, "candidate_id": 58, "source_tile": "K-35-052-4_32635_x336_y1008.png"}}, {"type": "Feature", "geometry": {"type": "Point", "coordinates": [25.870908, 42.496701]}, "properties": {"subtype": "burial_mound", "confidence": 1.0, "vote_count": 5, "total_passes": 5, "contributing_passes": ["run_1", "run_2", "run_3", "run_4", "run_5"], "source_tiles": ["K-35-052-4_32635_x2016_y0.png"], "cluster_size": 5, "mound_probability": 1.0, "candidate_id": 59, "source_tile": "K-35-052-4_32635_x2016_y0.png"}}, {"type": "Feature", "geometry": {"type": "Point", "coordinates": [25.871162, 42.496108]}, "properties": {"subtype": "burial_mound", "confidence": 1.0, "vote_count": 5, "total_passes": 5, "contributing_passes": ["run_1", "run_2", "run_3", "run_4", "run_5"], "source_tiles": ["K-35-052-4_32635_x2016_y0.png"], "cluster_size": 5, "mound_probability": 0.95, "candidate_id": 60, "source_tile": "K-35-052-4_32635_x2016_y0.png"}}, {"type": "Feature", "geometry": {"type": "Point", "coordinates": [25.86958, 42.494661]}, "properties": {"subtype": "burial_mound", "confidence": 0.8, "vote_count": 4, "total_passes": 5, "contributing_passes": ["run_1", "run_2", "run_3", "run_4"], "source_tiles": ["K-35-052-4_32635_x2016_y0.png"], "cluster_size": 4, "mound_probability": 0.2, "candidate_id": 61, "source_tile": "K-35-052-4_32635_x2016_y0.png"}}, {"type": "Feature", "geometry": {"type": "Point", "coordinates": [25.775493, 42.387085]}, "properties": {"subtype": "burial_mound", "confidence": 0.8, "vote_count": 4, "total_passes": 5, "contributing_passes": ["run_1", "run_2", "run_3", "run_4"], "source_tiles": ["K-35-052-4_32635_x336_y2352.png"], "cluster_size": 4, "mound_probability": 1.0, "candidate_id": 64, "source_tile": "K-35-052-4_32635_x336_y2352.png"}}, {"type": "Feature", "geometry": {"type": "Point", "coordinates": [25.76947, 42.384717]}, "properties": {"subtype": "burial_mound", "confidence": 0.8, "vote_count": 4, "total_passes": 5, "contributing_passes": ["run_1", "run_2", "run_3", "run_4"], "source_tiles": ["K-35-052-4_32635_x0_y2352.png", "K-35-052-4_32635_x336_y2352.png"], "cluster_size": 5, "mound_probability": 1.0, "candidate_id": 67, "source_tile": "K-35-052-4_32635_x0_y2352.png"}}, {"type": "Feature", "geometry": {"type": "Point", "coordinates": [25.776652, 42.392806]}, "properties": {"subtype": "burial_mound", "confidence": 0.8, "vote_count": 4, "total_passes": 5, "contributing_passes": ["run_1", "run_3", "run_4", "run_5"], "source_tiles": ["K-35-052-4_32635_x336_y2352.png"], "cluster_size": 4, "mound_probability": 0.2, "candidate_id": 69, "source_tile": "K-35-052-4_32635_x336_y2352.png"}}, {"type": "Feature", "geometry": {"type": "Point", "coordinates": [25.769152, 42.385823]}, "properties": {"subtype": "triangulation_mound", "confidence": 0.8, "vote_count": 4, "total_passes": 5, "contributing_passes": ["run_1", "run_2", "run_3", "run_4"], "source_tiles": ["K-35-052-4_32635_x0_y2352.png", "K-35-052-4_32635_x336_y2352.png"], "cluster_size": 5, "mound_probability": 1.0, "candidate_id": 71, "source_tile": "K-35-052-4_32635_x0_y2352.png"}}, {"type": "Feature", "geometry": {"type": "Point", "coordinates": [25.970428, 42.385156]}, "properties": {"subtype": "burial_mound", "confidence": 1.0, "vote_count": 5, "total_passes": 5, "contributing_passes": ["run_1", "run_2", "run_3", "run_4", "run_5"], "source_tiles": ["K-35-052-4_32635_x3360_y2352.png"], "cluster_size": 5, "mound_probability": 0.95, "candidate_id": 72, "source_tile": "K-35-052-4_32635_x3360_y2352.png"}}, {"type": "Feature", "geometry": {"type": "Point", "coordinates": [25.86963, 42.430961]}, "properties": {"subtype": "burial_mound", "confidence": 1.0, "vote_count": 5, "total_passes": 5, "contributing_passes": ["run_1", "run_2", "run_3", "run_4", "run_5"], "source_tiles": ["K-35-052-4_32635_x2016_y1344.png"], "cluster_size": 5, "mound_probability": 0.85, "candidate_id": 73, "source_tile": "K-35-052-4_32635_x2016_y1344.png"}}, {"type": "Feature", "geometry": {"type": "Point", "coordinates": [25.984779, 42.3761]}, "properties": {"subtype": "burial_mound", "confidence": 1.0, "vote_count": 5, "total_passes": 5, "contributing_passes": ["run_1", "run_2", "run_3", "run_4", "run_5"], "source_tiles": ["K-35-052-4_32635_x3696_y2688.png"], "cluster_size": 5, "mound_probability": 0.2, "candidate_id": 75, "source_tile": "K-35-052-4_32635_x3696_y2688.png"}}, {"type": "Feature", "geometry": {"type": "Point", "coordinates": [25.890917, 42.35943]}, "properties": {"subtype": "burial_mound", "confidence": 0.8, "vote_count": 4, "total_passes": 5, "contributing_passes": ["run_1", "run_3", "run_4", "run_5"], "source_tiles": ["K-35-052-4_32635_x2016_y3024.png"], "cluster_size": 4, "mound_probability": 1.0, "candidate_id": 77, "source_tile": "K-35-052-4_32635_x2016_y3024.png"}}, {"type": "Feature", "geometry": {"type": "Point", "coordinates": [25.883838, 42.363336]}, "properties": {"subtype": "burial_mound", "confidence": 1.0, "vote_count": 5, "total_passes": 5, "contributing_passes": ["run_1", "run_2", "run_3", "run_4", "run_5"], "source_tiles": ["K-35-052-4_32635_x2016_y3024.png"], "cluster_size": 5, "mound_probability": 1.0, "candidate_id": 78, "source_tile": "K-35-052-4_32635_x2016_y3024.png"}}, {"type": "Feature", "geometry": {"type": "Point", "coordinates": [25.88581, 42.481681]}, "properties": {"subtype": "benchmark_mound", "confidence": 1.0, "vote_count": 5, "total_passes": 5, "contributing_passes": ["run_1", "run_2", "run_3", "run_4", "run_5"], "source_tiles": ["K-35-052-4_32635_x2016_y336.png"], "cluster_size": 5, "mound_probability": 0.95, "candidate_id": 79, "source_tile": "K-35-052-4_32635_x2016_y336.png"}}, {"type": "Feature", "geometry": {"type": "Point", "coordinates": [25.763924, 42.389421]}, "properties": {"subtype": "burial_mound", "confidence": 0.8, "vote_count": 4, "total_passes": 5, "contributing_passes": ["run_1", "run_2", "run_3", "run_4"], "source_tiles": ["K-35-052-4_32635_x0_y2352.png"], "cluster_size": 4, "mound_probability": 1.0, "candidate_id": 80, "source_tile": "K-35-052-4_32635_x0_y2352.png"}}, {"type": "Feature", "geometry": {"type": "Point", "coordinates": [25.766203, 42.390472]}, "properties": {"subtype": "burial_mound", "confidence": 0.8, "vote_count": 4, "total_passes": 5, "contributing_passes": ["run_1", "run_2", "run_3", "run_4"], "source_tiles": ["K-35-052-4_32635_x0_y2352.png"], "cluster_size": 4, "mound_probability": 0.85, "candidate_id": 81, "source_tile": "K-35-052-4_32635_x0_y2352.png"}}, {"type": "Feature", "geometry": {"type": "Point", "coordinates": [25.904502, 42.453713]}, "properties": {"subtype": "burial_mound", "confidence": 1.0, "vote_count": 5, "total_passes": 5, "contributing_passes": ["run_1", "run_2", "run_3", "run_4", "run_5"], "source_tiles": ["K-35-052-4_32635_x2352_y1008.png"], "cluster_size": 5, "mound_probability": 0.95, "candidate_id": 89, "source_tile": "K-35-052-4_32635_x2352_y1008.png"}}, {"type": "Feature", "geometry": {"type": "Point", "coordinates": [25.903909, 42.453784]}, "properties": {"subtype": "burial_mound", "confidence": 1.0, "vote_count": 5, "total_passes": 5, "contributing_passes": ["run_1", "run_2", "run_3", "run_4", "run_5"], "source_tiles": ["K-35-052-4_32635_x2352_y672.png"], "cluster_size": 5, "mound_probability": 1.0, "candidate_id": 90, "source_tile": "K-35-052-4_32635_x2352_y672.png"}}, {"type": "Feature", "geometry": {"type": "Point", "coordinates": [25.764025, 42.469994]}, "properties": {"subtype": "burial_mound", "confidence": 0.8, "vote_count": 4, "total_passes": 5, "contributing_passes": ["run_1", "run_2", "run_3", "run_5"], "source_tiles": ["K-35-052-4_32635_x0_y336.png"], "cluster_size": 4, "mound_probability": 1.0, "candidate_id": 94, "source_tile": "K-35-052-4_32635_x0_y336.png"}}, {"type": "Feature", "geometry": {"type": "Point", "coordinates": [25.763185, 42.44658]}, "properties": {"subtype": "burial_mound", "confidence": 1.0, "vote_count": 5, "total_passes": 5, "contributing_passes": ["run_1", "run_2", "run_3", "run_4", "run_5"], "source_tiles": ["K-35-052-4_32635_x0_y1008.png"], "cluster_size": 5, "mound_probability": 0.95, "candidate_id": 95, "source_tile": "K-35-052-4_32635_x0_y1008.png"}}, {"type": "Feature", "geometry": {"type": "Point", "coordinates": [25.91832, 42.439648]}, "properties": {"subtype": "burial_mound", "confidence": 1.0, "vote_count": 5, "total_passes": 5, "contributing_passes": ["run_1", "run_2", "run_3", "run_4", "run_5"], "source_tiles": ["K-35-052-4_32635_x2688_y1008.png", "K-35-052-4_32635_x2688_y1344.png"], "cluster_size": 7, "mound_probability": 1.0, "candidate_id": 98, "source_tile": "K-35-052-4_32635_x2688_y1008.png"}}, {"type": "Feature", "geometry": {"type": "Point", "coordinates": [25.896115, 42.363264]}, "properties": {"subtype": "benchmark_mound", "confidence": 1.0, "vote_count": 5, "total_passes": 5, "contributing_passes": ["run_1", "run_2", "run_3", "run_4", "run_5"], "source_tiles": ["K-35-052-4_32635_x2352_y3024.png"], "cluster_size": 5, "mound_probability": 1.0, "candidate_id": 103, "source_tile": "K-35-052-4_32635_x2352_y3024.png"}}, {"type": "Feature", "geometry": {"type": "Point", "coordinates": [25.902413, 42.351204]}, "properties": {"subtype": "benchmark_mound", "confidence": 1.0, "vote_count": 5, "total_passes": 5, "contributing_passes": ["run_1", "run_2", "run_3", "run_4", "run_5"], "source_tiles": ["K-35-052-4_32635_x2352_y3024.png"], "cluster_size": 5, "mound_probability": 0.95, "candidate_id": 104, "source_tile": "K-35-052-4_32635_x2352_y3024.png"}}, {"type": "Feature", "geometry": {"type": "Point", "coordinates": [25.906455, 42.352671]}, "properties": {"subtype": "benchmark_mound", "confidence": 1.0, "vote_count": 5, "total_passes": 5, "contributing_passes": ["run_1", "run_2", "run_3", "run_4", "run_5"], "source_tiles": ["K-35-052-4_32635_x2352_y3024.png"], "cluster_size": 5, "mound_probability": 0.95, "candidate_id": 105, "source_tile": "K-35-052-4_32635_x2352_y3024.png"}}, {"type": "Feature", "geometry": {"type": "Point", "coordinates": [25.827021, 42.479086]}, "properties": {"subtype": "benchmark_mound", "confidence": 1.0, "vote_count": 5, "total_passes": 5, "contributing_passes": ["run_1", "run_2", "run_3", "run_4", "run_5"], "source_tiles": ["K-35-052-4_32635_x1008_y336.png"], "cluster_size": 5, "mound_probability": 0.95, "candidate_id": 106, "source_tile": "K-35-052-4_32635_x1008_y336.png"}}, {"type": "Feature", "geometry": {"type": "Point", "coordinates": [25.826154, 42.480249]}, "properties": {"subtype": "burial_mound", "confidence": 1.0, "vote_count": 5, "total_passes": 5, "contributing_passes": ["run_1", "run_2", "run_3", "run_4", "run_5"], "source_tiles": ["K-35-052-4_32635_x1008_y336.png"], "cluster_size": 5, "mound_probability": 0.4, "candidate_id": 107, "source_tile": "K-35-052-4_32635_x1008_y336.png"}}, {"type": "Feature", "geometry": {"type": "Point", "coordinates": [25.946112, 42.357315]}, "properties": {"subtype": "burial_mound", "confidence": 1.0, "vote_count": 5, "total_passes": 5, "contributing_passes": ["run_1", "run_2", "run_3", "run_4", "run_5"], "source_tiles": ["K-35-052-4_32635_x3024_y3024.png"], "cluster_size": 5, "mound_probability": 0.4, "candidate_id": 109, "source_tile": "K-35-052-4_32635_x3024_y3024.png"}}, {"type": "Feature", "geometry": {"type": "Point", "coordinates": [25.946279, 42.351808]}, "properties": {"subtype": "burial_mound", "confidence": 1.0, "vote_count": 5, "total_passes": 5, "contributing_passes": ["run_1", "run_2", "run_3", "run_4", "run_5"], "source_tiles": ["K-35-052-4_32635_x3024_y3024.png"], "cluster_size": 5, "mound_probability": 1.0, "candidate_id": 111, "source_tile": "K-35-052-4_32635_x3024_y3024.png"}}, {"type": "Feature", "geometry": {"type": "Point", "coordinates": [25.946141, 42.350865]}, "properties": {"subtype": "burial_mound", "confidence": 1.0, "vote_count": 5, "total_passes": 5, "contributing_passes": ["run_1", "run_2", "run_3", "run_4", "run_5"], "source_tiles": ["K-35-052-4_32635_x3024_y3024.png"], "cluster_size": 5, "mound_probability": 1.0, "candidate_id": 112, "source_tile": "K-35-052-4_32635_x3024_y3024.png"}}, {"type": "Feature", "geometry": {"type": "Point", "coordinates": [25.945765, 42.354249]}, "properties": {"subtype": "triangulation_mound", "confidence": 0.8, "vote_count": 4, "total_passes": 5, "contributing_passes": ["run_1", "run_2", "run_3", "run_4"], "source_tiles": ["K-35-052-4_32635_x3024_y3024.png"], "cluster_size": 4, "mound_probability": 0.95, "candidate_id": 113, "source_tile": "K-35-052-4_32635_x3024_y3024.png"}}, {"type": "Feature", "geometry": {"type": "Point", "coordinates": [25.824455, 42.338247]}, "properties": {"subtype": "benchmark_mound", "confidence": 1.0, "vote_count": 5, "total_passes": 5, "contributing_passes": ["run_1", "run_2", "run_3", "run_4", "run_5"], "source_tiles": ["K-35-052-4_32635_x1008_y3360.png"], "cluster_size": 5, "mound_probability": 0.95, "candidate_id": 116, "source_tile": "K-35-052-4_32635_x1008_y3360.png"}}, {"type": "Feature", "geometry": {"type": "Point", "coordinates": [25.757227, 42.354952]}, "properties": {"subtype": "burial_mound", "confidence": 1.0, "vote_count": 5, "total_passes": 5, "contributing_passes": ["run_1", "run_2", "run_3", "run_4", "run_5"], "source_tiles": ["K-35-052-4_32635_x0_y3024.png"], "cluster_size": 5, "mound_probability": 1.0, "candidate_id": 117, "source_tile": "K-35-052-4_32635_x0_y3024.png"}}, {"type": "Feature", "geometry": {"type": "Point", "coordinates": [25.989293, 42.384649]}, "properties": {"subtype": "burial_mound", "confidence": 1.0, "vote_count": 5, "total_passes": 5, "contributing_passes": ["run_1", "run_2", "run_3", "run_4", "run_5"], "source_tiles": ["K-35-052-4_32635_x3696_y2352.png"], "cluster_size": 5, "mound_probability": 1.0, "candidate_id": 118, "source_tile": "K-35-052-4_32635_x3696_y2352.png"}}, {"type": "Feature", "geometry": {"type": "Point", "coordinates": [25.775149, 42.421557]}, "properties": {"subtype": "triangulation_mound", "confidence": 1.0, "vote_count": 5, "total_passes": 5, "contributing_passes": ["run_1", "run_2", "run_3", "run_4", "run_5"], "source_tiles": ["K-35-052-4_32635_x336_y1680.png"], "cluster_size": 5, "mound_probability": 1.0, "candidate_id": 120, "source_tile": "K-35-052-4_32635_x336_y1680.png"}}, {"type": "Feature", "geometry": {"type": "Point", "coordinates": [25.788195, 42.413822]}, "properties": {"subtype": "burial_mound", "confidence": 1.0, "vote_count": 5, "total_passes": 5, "contributing_passes": ["run_1", "run_2", "run_3", "run_4", "run_5"], "source_tiles": ["K-35-052-4_32635_x336_y1680.png", "K-35-052-4_32635_x672_y1680.png"], "cluster_size": 6, "mound_probability": 1.0, "candidate_id": 121, "source_tile": "K-35-052-4_32635_x336_y1680.png"}}, {"type": "Feature", "geometry": {"type": "Point", "coordinates": [25.786207, 42.413715]}, "properties": {"subtype": "burial_mound", "confidence": 1.0, "vote_count": 5, "total_passes": 5, "contributing_passes": ["run_1", "run_2", "run_3", "run_4", "run_5"], "source_tiles": ["K-35-052-4_32635_x336_y1680.png"], "cluster_size": 5, "mound_probability": 0.85, "candidate_id": 122, "source_tile": "K-35-052-4_32635_x336_y1680.png"}}, {"type": "Feature", "geometry": {"type": "Point", "coordinates": [25.9159, 42.468947]}, "properties": {"subtype": "benchmark_mound", "confidence": 1.0, "vote_count": 5, "total_passes": 5, "contributing_passes": ["run_1", "run_2", "run_3", "run_4", "run_5"], "source_tiles": ["K-35-052-4_32635_x2688_y672.png"], "cluster_size": 5, "mound_probability": 1.0, "candidate_id": 123, "source_tile": "K-35-052-4_32635_x2688_y672.png"}}, {"type": "Feature", "geometry": {"type": "Point", "coordinates": [25.872863, 42.451407]}, "properties": {"subtype": "burial_mound", "confidence": 1.0, "vote_count": 5, "total_passes": 5, "contributing_passes": ["run_1", "run_2", "run_3", "run_4", "run_5"], "source_tiles": ["K-35-052-4_32635_x2016_y1008.png"], "cluster_size": 5, "mound_probability": 0.3, "candidate_id": 124, "source_tile": "K-35-052-4_32635_x2016_y1008.png"}}, {"type": "Feature", "geometry": {"type": "Point", "coordinates": [25.88004, 42.450273]}, "properties": {"subtype": "burial_mound", "confidence": 1.0, "vote_count": 5, "total_passes": 5, "contributing_passes": ["run_1", "run_2", "run_3", "run_4", "run_5"], "source_tiles": ["K-35-052-4_32635_x2016_y1008.png"], "cluster_size": 5, "mound_probability": 1.0, "candidate_id": 125, "source_tile": "K-35-052-4_32635_x2016_y1008.png"}}, {"type": "Feature", "geometry": {"type": "Point", "coordinates": [25.863437, 42.496138]}, "properties": {"subtype": "benchmark_mound", "confidence": 0.8, "vote_count": 4, "total_passes": 5, "contributing_passes": ["run_1", "run_2", "run_4", "run_5"], "source_tiles": ["K-35-052-4_32635_x1680_y0.png"], "cluster_size": 4, "mound_probability": 0.75, "candidate_id": 126, "source_tile": "K-35-052-4_32635_x1680_y0.png"}}, {"type": "Feature", "geometry": {"type": "Point", "coordinates": [25.864764, 42.485836]}, "properties": {"subtype": "triangulation_mound", "confidence": 1.0, "vote_count": 5, "total_passes": 5, "contributing_passes": ["run_1", "run_2", "run_3", "run_4", "run_5"], "source_tiles": ["K-35-052-4_32635_x1680_y0.png"], "cluster_size": 5, "mound_probability": 1.0, "candidate_id": 131, "source_tile": "K-35-052-4_32635_x1680_y0.png"}}, {"type": "Feature", "geometry": {"type": "Point", "coordinates": [25.959186, 42.333802]}, "properties": {"subtype": "burial_mound", "confidence": 0.8, "vote_count": 4, "total_passes": 5, "contributing_passes": ["run_1", "run_3", "run_4", "run_5"], "source_tiles": ["K-35-052-4_32635_x3360_y3360.png", "K-35-052-4_32635_x3360_y3696.png"], "cluster_size": 5, "mound_probability": 0.85, "candidate_id": 135, "source_tile": "K-35-052-4_32635_x3360_y3360.png"}}, {"type": "Feature", "geometry": {"type": "Point", "coordinates": [25.764896, 42.420191]}, "properties": {"subtype": "burial_mound", "confidence": 1.0, "vote_count": 5, "total_passes": 5, "contributing_passes": ["run_1", "run_2", "run_3", "run_4", "run_5"], "source_tiles": ["K-35-052-4_32635_x0_y1680.png"], "cluster_size": 5, "mound_probability": 1.0, "candidate_id": 136, "source_tile": "K-35-052-4_32635_x0_y1680.png"}}, {"type": "Feature", "geometry": {"type": "Point", "coordinates": [25.765777, 42.420533]}, "properties": {"subtype": "burial_mound", "confidence": 0.8, "vote_count": 4, "total_passes": 5, "contributing_passes": ["run_1", "run_2", "run_3", "run_5"], "source_tiles": ["K-35-052-4_32635_x0_y1680.png"], "cluster_size": 4, "mound_probability": 1.0, "candidate_id": 137, "source_tile": "K-35-052-4_32635_x0_y1680.png"}}, {"type": "Feature", "geometry": {"type": "Point", "coordinates": [25.788711, 42.497503]}, "properties": {"subtype": "triangulation_mound", "confidence": 1.0, "vote_count": 5, "total_passes": 5, "contributing_passes": ["run_1", "run_2", "run_3", "run_4", "run_5"], "source_tiles": ["K-35-052-4_32635_x672_y0.png"], "cluster_size": 5, "mound_probability": 0.75, "candidate_id": 147, "source_tile": "K-35-052-4_32635_x672_y0.png"}}, {"type": "Feature", "geometry": {"type": "Point", "coordinates": [25.795387, 42.422798]}, "properties": {"subtype": "burial_mound", "confidence": 1.0, "vote_count": 5, "total_passes": 5, "contributing_passes": ["run_1", "run_2", "run_3", "run_4", "run_5"], "source_tiles": ["K-35-052-4_32635_x672_y1344.png", "K-35-052-4_32635_x672_y1680.png"], "cluster_size": 5, "mound_probability": 1.0, "candidate_id": 154, "source_tile": "K-35-052-4_32635_x672_y1344.png"}}, {"type": "Feature", "geometry": {"type": "Point", "coordinates": [25.79307, 42.410825]}, "properties": {"subtype": "burial_mound", "confidence": 1.0, "vote_count": 5, "total_passes": 5, "contributing_passes": ["run_1", "run_2", "run_3", "run_4", "run_5"], "source_tiles": ["K-35-052-4_32635_x672_y1680.png"], "cluster_size": 5, "mound_probability": 1.0, "candidate_id": 155, "source_tile": "K-35-052-4_32635_x672_y1680.png"}}, {"type": "Feature", "geometry": {"type": "Point", "coordinates": [25.805696, 42.438967]}, "properties": {"subtype": "burial_mound", "confidence": 1.0, "vote_count": 5, "total_passes": 5, "contributing_passes": ["run_1", "run_2", "run_3", "run_4", "run_5"], "source_tiles": ["K-35-052-4_32635_x672_y1008.png", "K-35-052-4_32635_x672_y1344.png"], "cluster_size": 5, "mound_probability": 1.0, "candidate_id": 157, "source_tile": "K-35-052-4_32635_x672_y1008.png"}}, {"type": "Feature", "geometry": {"type": "Point", "coordinates": [25.79951, 42.432968]}, "properties": {"subtype": "burial_mound", "confidence": 1.0, "vote_count": 5, "total_passes": 5, "contributing_passes": ["run_1", "run_2", "run_3", "run_4", "run_5"], "source_tiles": ["K-35-052-4_32635_x672_y1344.png"], "cluster_size": 5, "mound_probability": 1.0, "candidate_id": 158, "source_tile": "K-35-052-4_32635_x672_y1344.png"}}, {"type": "Feature", "geometry": {"type": "Point", "coordinates": [25.803612, 42.44896]}, "properties": {"subtype": "burial_mound", "confidence": 1.0, "vote_count": 5, "total_passes": 5, "contributing_passes": ["run_1", "run_2", "run_3", "run_4", "run_5"], "source_tiles": ["K-35-052-4_32635_x672_y1008.png"], "cluster_size": 5, "mound_probability": 0.95, "candidate_id": 160, "source_tile": "K-35-052-4_32635_x672_y1008.png"}}, {"type": "Feature", "geometry": {"type": "Point", "coordinates": [25.800418, 42.440397]}, "properties": {"subtype": "triangulation_mound", "confidence": 1.0, "vote_count": 5, "total_passes": 5, "contributing_passes": ["run_1", "run_2", "run_3", "run_4", "run_5"], "source_tiles": ["K-35-052-4_32635_x672_y1008.png"], "cluster_size": 5, "mound_probability": 1.0, "candidate_id": 161, "source_tile": "K-35-052-4_32635_x672_y1008.png"}}, {"type": "Feature", "geometry": {"type": "Point", "coordinates": [26.014741, 42.428872]}, "properties": {"subtype": "benchmark_mound", "confidence": 1.0, "vote_count": 5, "total_passes": 5, "contributing_passes": ["run_1", "run_2", "run_3", "run_4", "run_5"], "source_tiles": ["K-35-053-3_Elenovo_x0_y1344.png"], "cluster_size": 5, "mound_probability": 0.95, "candidate_id": 162, "source_tile": "K-35-053-3_Elenovo_x0_y1344.png"}}, {"type": "Feature", "geometry": {"type": "Point", "coordinates": [25.802737, 42.385394]}, "properties": {"subtype": "benchmark_mound", "confidence": 1.0, "vote_count": 5, "total_passes": 5, "contributing_passes": ["run_1", "run_2", "run_3", "run_4", "run_5"], "source_tiles": ["K-35-052-4_32635_x672_y2352.png"], "cluster_size": 5, "mound_probability": 0.85, "candidate_id": 165, "source_tile": "K-35-052-4_32635_x672_y2352.png"}}, {"type": "Feature", "geometry": {"type": "Point", "coordinates": [25.794465, 42.386568]}, "properties": {"subtype": "burial_mound", "confidence": 1.0, "vote_count": 5, "total_passes": 5, "contributing_passes": ["run_1", "run_2", "run_3", "run_4", "run_5"], "source_tiles": ["K-35-052-4_32635_x672_y2352.png"], "cluster_size": 5, "mound_probability": 0.95, "candidate_id": 166, "source_tile": "K-35-052-4_32635_x672_y2352.png"}}, {"type": "Feature", "geometry": {"type": "Point", "coordinates": [25.800491, 42.387599]}, "properties": {"subtype": "burial_mound", "confidence": 1.0, "vote_count": 5, "total_passes": 5, "contributing_passes": ["run_1", "run_2", "run_3", "run_4", "run_5"], "source_tiles": ["K-35-052-4_32635_x672_y2352.png"], "cluster_size": 5, "mound_probability": 1.0, "candidate_id": 167, "source_tile": "K-35-052-4_32635_x672_y2352.png"}}, {"type": "Feature", "geometry": {"type": "Point", "coordinates": [25.79821, 42.388219]}, "properties": {"subtype": "burial_mound", "confidence": 1.0, "vote_count": 5, "total_passes": 5, "contributing_passes": ["run_1", "run_2", "run_3", "run_4", "run_5"], "source_tiles": ["K-35-052-4_32635_x672_y2352.png"], "cluster_size": 5, "mound_probability": 1.0, "candidate_id": 168, "source_tile": "K-35-052-4_32635_x672_y2352.png"}}, {"type": "Feature", "geometry": {"type": "Point", "coordinates": [26.004065, 42.452521]}, "properties": {"subtype": "burial_mound", "confidence": 1.0, "vote_count": 5, "total_passes": 5, "contributing_passes": ["run_1", "run_2", "run_3", "run_4", "run_5"], "source_tiles": ["K-35-053-3_Elenovo_x0_y1008.png", "K-35-053-3_Elenovo_x0_y672.png"], "cluster_size": 5, "mound_probability": 0.95, "candidate_id": 171, "source_tile": "K-35-053-3_Elenovo_x0_y1008.png"}}, {"type": "Feature", "geometry": {"type": "Point", "coordinates": [26.00201, 42.405352]}, "properties": {"subtype": "burial_mound", "confidence": 1.0, "vote_count": 5, "total_passes": 5, "contributing_passes": ["run_1", "run_2", "run_3", "run_4", "run_5"], "source_tiles": ["K-35-053-3_Elenovo_x0_y2016.png"], "cluster_size": 5, "mound_probability": 0.85, "candidate_id": 172, "source_tile": "K-35-053-3_Elenovo_x0_y2016.png"}}, {"type": "Feature", "geometry": {"type": "Point", "coordinates": [26.002808, 42.396443]}, "properties": {"subtype": "burial_mound", "confidence": 1.0, "vote_count": 5, "total_passes": 5, "contributing_passes": ["run_1", "run_2", "run_3", "run_4", "run_5"], "source_tiles": ["K-35-053-3_Elenovo_x0_y2016.png"], "cluster_size": 5, "mound_probability": 0.75, "candidate_id": 173, "source_tile": "K-35-053-3_Elenovo_x0_y2016.png"}}, {"type": "Feature", "geometry": {"type": "Point", "coordinates": [26.075066, 42.397477]}, "properties": {"subtype": "burial_mound", "confidence": 1.0, "vote_count": 5, "total_passes": 5, "contributing_passes": ["run_1", "run_2", "run_3", "run_4", "run_5"], "source_tiles": ["K-35-053-3_Elenovo_x1008_y2016.png"], "cluster_size": 5, "mound_probability": 0.2, "candidate_id": 174, "source_tile": "K-35-053-3_Elenovo_x1008_y2016.png"}}, {"type": "Feature", "geometry": {"type": "Point", "coordinates": [26.076615, 42.483965]}, "properties": {"subtype": "triangulation_mound", "confidence": 1.0, "vote_count": 5, "total_passes": 5, "contributing_passes": ["run_1", "run_2", "run_3", "run_4", "run_5"], "source_tiles": ["K-35-053-3_Elenovo_x1008_y0.png", "K-35-053-3_Elenovo_x1008_y336.png"], "cluster_size": 5, "mound_probability": 1.0, "candidate_id": 176, "source_tile": "K-35-053-3_Elenovo_x1008_y0.png"}}, {"type": "Feature", "geometry": {"type": "Point", "coordinates": [26.058242, 42.461288]}, "properties": {"subtype": "burial_mound", "confidence": 0.8, "vote_count": 4, "total_passes": 5, "contributing_passes": ["run_1", "run_3", "run_4", "run_5"], "source_tiles": ["K-35-053-3_Elenovo_x1008_y672.png"], "cluster_size": 4, "mound_probability": 0.95, "candidate_id": 181, "source_tile": "K-35-053-3_Elenovo_x1008_y672.png"}}, {"type": "Feature", "geometry": {"type": "Point", "coordinates": [26.003581, 42.461873]}, "properties": {"subtype": "burial_mound", "confidence": 1.0, "vote_count": 5, "total_passes": 5, "contributing_passes": ["run_1", "run_2", "run_3", "run_4", "run_5"], "source_tiles": ["K-35-053-3_Elenovo_x0_y672.png"], "cluster_size": 5, "mound_probability": 1.0, "candidate_id": 182, "source_tile": "K-35-053-3_Elenovo_x0_y672.png"}}, {"type": "Feature", "geometry": {"type": "Point", "coordinates": [25.999719, 42.460181]}, "properties": {"subtype": "burial_mound", "confidence": 1.0, "vote_count": 5, "total_passes": 5, "contributing_passes": ["run_1", "run_2", "run_3", "run_4", "run_5"], "source_tiles": ["K-35-053-3_Elenovo_x0_y672.png"], "cluster_size": 5, "mound_probability": 0.4, "candidate_id": 183, "source_tile": "K-35-053-3_Elenovo_x0_y672.png"}}, {"type": "Feature", "geometry": {"type": "Point", "coordinates": [26.080169, 42.346996]}, "properties": {"subtype": "burial_mound", "confidence": 1.0, "vote_count": 5, "total_passes": 5, "contributing_passes": ["run_1", "run_2", "run_3", "run_4", "run_5"], "source_tiles": ["K-35-053-3_Elenovo_x1008_y3024.png", "K-35-053-3_Elenovo_x1008_y3360.png", "K-35-053-3_Elenovo_x1344_y3024.png"], "cluster_size": 5, "mound_probability": 1.0, "candidate_id": 185, "source_tile": "K-35-053-3_Elenovo_x1008_y3024.png"}}, {"type": "Feature", "geometry": {"type": "Point", "coordinates": [26.075086, 42.34694]}, "properties": {"subtype": "benchmark_mound", "confidence": 0.8, "vote_count": 4, "total_passes": 5, "contributing_passes": ["run_1", "run_2", "run_3", "run_4"], "source_tiles": ["K-35-053-3_Elenovo_x1008_y3024.png"], "cluster_size": 4, "mound_probability": 0.95, "candidate_id": 186, "source_tile": "K-35-053-3_Elenovo_x1008_y3024.png"}}, {"type": "Feature", "geometry": {"type": "Point", "coordinates": [26.063139, 42.360486]}, "properties": {"subtype": "burial_mound", "confidence": 1.0, "vote_count": 5, "total_passes": 5, "contributing_passes": ["run_1", "run_2", "run_3", "run_4", "run_5"], "source_tiles": ["K-35-053-3_Elenovo_x1008_y3024.png"], "cluster_size": 5, "mound_probability": 0.85, "candidate_id": 187, "source_tile": "K-35-053-3_Elenovo_x1008_y3024.png"}}, {"type": "Feature", "geometry": {"type": "Point", "coordinates": [26.058999, 42.499101]}, "properties": {"subtype": "burial_mound", "confidence": 1.0, "vote_count": 5, "total_passes": 5, "contributing_passes": ["run_1", "run_2", "run_3", "run_4", "run_5"], "source_tiles": ["K-35-053-3_Elenovo_x1008_y0.png", "K-35-053-3_Elenovo_x672_y0.png"], "cluster_size": 5, "mound_probability": 1.0, "candidate_id": 188, "source_tile": "K-35-053-3_Elenovo_x1008_y0.png"}}, {"type": "Feature", "geometry": {"type": "Point", "coordinates": [26.077425, 42.497607]}, "properties": {"subtype": "burial_mound", "confidence": 1.0, "vote_count": 5, "total_passes": 5, "contributing_passes": ["run_1", "run_2", "run_3", "run_4", "run_5"], "source_tiles": ["K-35-053-3_Elenovo_x1008_y0.png"], "cluster_size": 5, "mound_probability": 1.0, "candidate_id": 189, "source_tile": "K-35-053-3_Elenovo_x1008_y0.png"}}, {"type": "Feature", "geometry": {"type": "Point", "coordinates": [26.071009, 42.492613]}, "properties": {"subtype": "burial_mound", "confidence": 1.0, "vote_count": 5, "total_passes": 5, "contributing_passes": ["run_1", "run_2", "run_3", "run_4", "run_5"], "source_tiles": ["K-35-053-3_Elenovo_x1008_y0.png"], "cluster_size": 5, "mound_probability": 1.0, "candidate_id": 190, "source_tile": "K-35-053-3_Elenovo_x1008_y0.png"}}, {"type": "Feature", "geometry": {"type": "Point", "coordinates": [26.10024, 42.389896]}, "properties": {"subtype": "burial_mound", "confidence": 1.0, "vote_count": 5, "total_passes": 5, "contributing_passes": ["run_1", "run_2", "run_3", "run_4", "run_5"], "source_tiles": ["K-35-053-3_Elenovo_x1344_y2352.png"], "cluster_size": 5, "mound_probability": 1.0, "candidate_id": 191, "source_tile": "K-35-053-3_Elenovo_x1344_y2352.png"}}, {"type": "Feature", "geometry": {"type": "Point", "coordinates": [26.075476, 42.346963]}, "properties": {"subtype": "benchmark_mound", "confidence": 1.0, "vote_count": 5, "total_passes": 5, "contributing_passes": ["run_1", "run_2", "run_3", "run_4", "run_5"], "source_tiles": ["K-35-053-3_Elenovo_x1008_y3360.png"], "cluster_size": 5, "mound_probability": 0.85, "candidate_id": 193, "source_tile": "K-35-053-3_Elenovo_x1008_y3360.png"}}, {"type": "Feature", "geometry": {"type": "Point", "coordinates": [26.010428, 42.417713]}, "properties": {"subtype": "burial_mound", "confidence": 1.0, "vote_count": 5, "total_passes": 5, "contributing_passes": ["run_1", "run_2", "run_3", "run_4", "run_5"], "source_tiles": ["K-35-053-3_Elenovo_x0_y1680.png"], "cluster_size": 5, "mound_probability": 1.0, "candidate_id": 195, "source_tile": "K-35-053-3_Elenovo_x0_y1680.png"}}, {"type": "Feature", "geometry": {"type": "Point", "coordinates": [26.002987, 42.413744]}, "properties": {"subtype": "burial_mound", "confidence": 0.8, "vote_count": 4, "total_passes": 5, "contributing_passes": ["run_1", "run_2", "run_4", "run_5"], "source_tiles": ["K-35-053-3_Elenovo_x0_y1680.png"], "cluster_size": 4, "mound_probability": 0.85, "candidate_id": 199, "source_tile": "K-35-053-3_Elenovo_x0_y1680.png"}}, {"type": "Feature", "geometry": {"type": "Point", "coordinates": [26.00539, 42.41041]}, "properties": {"subtype": "burial_mound", "confidence": 1.0, "vote_count": 5, "total_passes": 5, "contributing_passes": ["run_1", "run_2", "run_3", "run_4", "run_5"], "source_tiles": ["K-35-053-3_Elenovo_x0_y1680.png"], "cluster_size": 5, "mound_probability": 1.0, "candidate_id": 203, "source_tile": "K-35-053-3_Elenovo_x0_y1680.png"}}, {"type": "Feature", "geometry": {"type": "Point", "coordinates": [26.090923, 42.494154]}, "properties": {"subtype": "benchmark_mound", "confidence": 1.0, "vote_count": 5, "total_passes": 5, "contributing_passes": ["run_1", "run_2", "run_3", "run_4", "run_5"], "source_tiles": ["K-35-053-3_Elenovo_x1344_y0.png"], "cluster_size": 5, "mound_probability": 0.95, "candidate_id": 204, "source_tile": "K-35-053-3_Elenovo_x1344_y0.png"}}, {"type": "Feature", "geometry": {"type": "Point", "coordinates": [26.094338, 42.493067]}, "properties": {"subtype": "burial_mound", "confidence": 1.0, "vote_count": 5, "total_passes": 5, "contributing_passes": ["run_1", "run_2", "run_3", "run_4", "run_5"], "source_tiles": ["K-35-053-3_Elenovo_x1344_y0.png"], "cluster_size": 5, "mound_probability": 0.95, "candidate_id": 205, "source_tile": "K-35-053-3_Elenovo_x1344_y0.png"}}, {"type": "Feature", "geometry": {"type": "Point", "coordinates": [26.097722, 42.490382]}, "properties": {"subtype": "burial_mound", "confidence": 1.0, "vote_count": 5, "total_passes": 5, "contributing_passes": ["run_1", "run_2", "run_3", "run_4", "run_5"], "source_tiles": ["K-35-053-3_Elenovo_x1344_y0.png"], "cluster_size": 5, "mound_probability": 1.0, "candidate_id": 206, "source_tile": "K-35-053-3_Elenovo_x1344_y0.png"}}, {"type": "Feature", "geometry": {"type": "Point", "coordinates": [26.099445, 42.377677]}, "properties": {"subtype": "burial_mound", "confidence": 1.0, "vote_count": 5, "total_passes": 5, "contributing_passes": ["run_1", "run_2", "run_3", "run_4", "run_5"], "source_tiles": ["K-35-053-3_Elenovo_x1344_y2352.png", "K-35-053-3_Elenovo_x1344_y2688.png"], "cluster_size": 5, "mound_probability": 1.0, "candidate_id": 207, "source_tile": "K-35-053-3_Elenovo_x1344_y2352.png"}}, {"type": "Feature", "geometry": {"type": "Point", "coordinates": [26.109438, 42.413692]}, "properties": {"subtype": "burial_mound", "confidence": 0.8, "vote_count": 4, "total_passes": 5, "contributing_passes": ["run_1", "run_2", "run_4", "run_5"], "source_tiles": ["K-35-053-3_Elenovo_x1680_y1680.png"], "cluster_size": 4, "mound_probability": 0.85, "candidate_id": 214, "source_tile": "K-35-053-3_Elenovo_x1680_y1680.png"}}, {"type": "Feature", "geometry": {"type": "Point", "coordinates": [26.120899, 42.496281]}, "properties": {"subtype": "burial_mound", "confidence": 1.0, "vote_count": 5, "total_passes": 5, "contributing_passes": ["run_1", "run_2", "run_3", "run_4", "run_5"], "source_tiles": ["K-35-053-3_Elenovo_x1680_y0.png", "K-35-053-3_Elenovo_x2016_y0.png"], "cluster_size": 5, "mound_probability": 1.0, "candidate_id": 215, "source_tile": "K-35-053-3_Elenovo_x1680_y0.png"}}, {"type": "Feature", "geometry": {"type": "Point", "coordinates": [26.122227, 42.491648]}, "properties": {"subtype": "burial_mound", "confidence": 0.8, "vote_count": 4, "total_passes": 5, "contributing_passes": ["run_1", "run_2", "run_4", "run_5"], "source_tiles": ["K-35-053-3_Elenovo_x2016_y0.png"], "cluster_size": 4, "mound_probability": 1.0, "candidate_id": 216, "source_tile": "K-35-053-3_Elenovo_x2016_y0.png"}}, {"type": "Feature", "geometry": {"type": "Point", "coordinates": [26.139954, 42.410213]}, "properties": {"subtype": "burial_mound", "confidence": 1.0, "vote_count": 5, "total_passes": 5, "contributing_passes": ["run_1", "run_2", "run_3", "run_4", "run_5"], "source_tiles": ["K-35-053-3_Elenovo_x2016_y1680.png"], "cluster_size": 5, "mound_probability": 0.2, "candidate_id": 218, "source_tile": "K-35-053-3_Elenovo_x2016_y1680.png"}}, {"type": "Feature", "geometry": {"type": "Point", "coordinates": [26.112572, 42.492386]}, "properties": {"subtype": "burial_mound", "confidence": 0.8, "vote_count": 4, "total_passes": 5, "contributing_passes": ["run_1", "run_3", "run_4", "run_5"], "source_tiles": ["K-35-053-3_Elenovo_x1680_y0.png"], "cluster_size": 4, "mound_probability": 0.95, "candidate_id": 219, "source_tile": "K-35-053-3_Elenovo_x1680_y0.png"}}, {"type": "Feature", "geometry": {"type": "Point", "coordinates": [26.083024, 42.404475]}, "properties": {"subtype": "burial_mound", "confidence": 1.0, "vote_count": 5, "total_passes": 5, "contributing_passes": ["run_1", "run_2", "run_3", "run_4", "run_5"], "source_tiles": ["K-35-053-3_Elenovo_x1344_y2016.png"], "cluster_size": 5, "mound_probability": 1.0, "candidate_id": 220, "source_tile": "K-35-053-3_Elenovo_x1344_y2016.png"}}, {"type": "Feature", "geometry": {"type": "Point", "coordinates": [26.089418, 42.40222]}, "properties": {"subtype": "burial_mound", "confidence": 1.0, "vote_count": 5, "total_passes": 5, "contributing_passes": ["run_1", "run_2", "run_3", "run_4", "run_5"], "source_tiles": ["K-35-053-3_Elenovo_x1344_y2016.png"], "cluster_size": 5, "mound_probability": 0.85, "candidate_id": 222, "source_tile": "K-35-053-3_Elenovo_x1344_y2016.png"}}, {"type": "Feature", "geometry": {"type": "Point", "coordinates": [26.0965, 42.395999]}, "properties": {"subtype": "burial_mound", "confidence": 1.0, "vote_count": 5, "total_passes": 5, "contributing_passes": ["run_1", "run_2", "run_3", "run_4", "run_5"], "source_tiles": ["K-35-053-3_Elenovo_x1344_y2016.png"], "cluster_size": 5, "mound_probability": 1.0, "candidate_id": 223, "source_tile": "K-35-053-3_Elenovo_x1344_y2016.png"}}, {"type": "Feature", "geometry": {"type": "Point", "coordinates": [26.107723, 42.465184]}, "properties": {"subtype": "burial_mound", "confidence": 1.0, "vote_count": 5, "total_passes": 5, "contributing_passes": ["run_1", "run_2", "run_3", "run_4", "run_5"], "source_tiles": ["K-35-053-3_Elenovo_x1680_y672.png"], "cluster_size": 5, "mound_probability": 1.0, "candidate_id": 227, "source_tile": "K-35-053-3_Elenovo_x1680_y672.png"}}, {"type": "Feature", "geometry": {"type": "Point", "coordinates": [26.137174, 42.450639]}, "properties": {"subtype": "burial_mound", "confidence": 1.0, "vote_count": 5, "total_passes": 5, "contributing_passes": ["run_1", "run_2", "run_3", "run_4", "run_5"], "source_tiles": ["K-35-053-3_Elenovo_x2016_y1008.png"], "cluster_size": 5, "mound_probability": 0.75, "candidate_id": 231, "source_tile": "K-35-053-3_Elenovo_x2016_y1008.png"}}, {"type": "Feature", "geometry": {"type": "Point", "coordinates": [26.129203, 42.479348]}, "properties": {"subtype": "triangulation_mound", "confidence": 1.0, "vote_count": 5, "total_passes": 5, "contributing_passes": ["run_1", "run_2", "run_3", "run_4", "run_5"], "source_tiles": ["K-35-053-3_Elenovo_x2016_y336.png"], "cluster_size": 5, "mound_probability": 1.0, "candidate_id": 236, "source_tile": "K-35-053-3_Elenovo_x2016_y336.png"}}, {"type": "Feature", "geometry": {"type": "Point", "coordinates": [26.099479, 42.483578]}, "properties": {"subtype": "burial_mound", "confidence": 1.0, "vote_count": 5, "total_passes": 5, "contributing_passes": ["run_1", "run_2", "run_3", "run_4", "run_5"], "source_tiles": ["K-35-053-3_Elenovo_x1344_y336.png"], "cluster_size": 5, "mound_probability": 0.2, "candidate_id": 239, "source_tile": "K-35-053-3_Elenovo_x1344_y336.png"}}, {"type": "Feature", "geometry": {"type": "Point", "coordinates": [26.175791, 42.47375]}, "properties": {"subtype": "burial_mound", "confidence": 1.0, "vote_count": 5, "total_passes": 5, "contributing_passes": ["run_1", "run_2", "run_3", "run_4", "run_5"], "source_tiles": ["K-35-053-3_Elenovo_x2688_y336.png"], "cluster_size": 5, "mound_probability": 1.0, "candidate_id": 242, "source_tile": "K-35-053-3_Elenovo_x2688_y336.png"}}, {"type": "Feature", "geometry": {"type": "Point", "coordinates": [26.142529, 42.490929]}, "properties": {"subtype": "burial_mound", "confidence": 1.0, "vote_count": 5, "total_passes": 5, "contributing_passes": ["run_1", "run_2", "run_3", "run_4", "run_5"], "source_tiles": ["K-35-053-3_Elenovo_x2352_y0.png"], "cluster_size": 5, "mound_probability": 1.0, "candidate_id": 248, "source_tile": "K-35-053-3_Elenovo_x2352_y0.png"}}, {"type": "Feature", "geometry": {"type": "Point", "coordinates": [26.156743, 42.499654]}, "properties": {"subtype": "burial_mound", "confidence": 1.0, "vote_count": 5, "total_passes": 5, "contributing_passes": ["run_1", "run_2", "run_3", "run_4", "run_5"], "source_tiles": ["K-35-053-3_Elenovo_x2352_y0.png"], "cluster_size": 5, "mound_probability": 1.0, "candidate_id": 250, "source_tile": "K-35-053-3_Elenovo_x2352_y0.png"}}, {"type": "Feature", "geometry": {"type": "Point", "coordinates": [26.173318, 42.418167]}, "properties": {"subtype": "benchmark_mound", "confidence": 1.0, "vote_count": 5, "total_passes": 5, "contributing_passes": ["run_1", "run_2", "run_3", "run_4", "run_5"], "source_tiles": ["K-35-053-3_Elenovo_x2688_y1680.png"], "cluster_size": 5, "mound_probability": 0.85, "candidate_id": 252, "source_tile": "K-35-053-3_Elenovo_x2688_y1680.png"}}, {"type": "Feature", "geometry": {"type": "Point", "coordinates": [26.166615, 42.410797]}, "properties": {"subtype": "burial_mound", "confidence": 0.8, "vote_count": 4, "total_passes": 5, "contributing_passes": ["run_1", "run_2", "run_3", "run_4"], "source_tiles": ["K-35-053-3_Elenovo_x2688_y1680.png"], "cluster_size": 4, "mound_probability": 1.0, "candidate_id": 253, "source_tile": "K-35-053-3_Elenovo_x2688_y1680.png"}}, {"type": "Feature", "geometry": {"type": "Point", "coordinates": [26.113382, 42.341912]}, "properties": {"subtype": "burial_mound", "confidence": 1.0, "vote_count": 5, "total_passes": 5, "contributing_passes": ["run_1", "run_2", "run_3", "run_4", "run_5"], "source_tiles": ["K-35-053-3_Elenovo_x1680_y3360.png"], "cluster_size": 5, "mound_probability": 0.85, "candidate_id": 257, "source_tile": "K-35-053-3_Elenovo_x1680_y3360.png"}}, {"type": "Feature", "geometry": {"type": "Point", "coordinates": [26.113428, 42.341289]}, "properties": {"subtype": "burial_mound", "confidence": 1.0, "vote_count": 5, "total_passes": 5, "contributing_passes": ["run_1", "run_2", "run_3", "run_4", "run_5"], "source_tiles": ["K-35-053-3_Elenovo_x1680_y3360.png"], "cluster_size": 5, "mound_probability": 0.85, "candidate_id": 258, "source_tile": "K-35-053-3_Elenovo_x1680_y3360.png"}}, {"type": "Feature", "geometry": {"type": "Point", "coordinates": [26.11415, 42.341942]}, "properties": {"subtype": "burial_mound", "confidence": 1.0, "vote_count": 5, "total_passes": 5, "contributing_passes": ["run_1", "run_2", "run_3", "run_4", "run_5"], "source_tiles": ["K-35-053-3_Elenovo_x1680_y3360.png"], "cluster_size": 5, "mound_probability": 1.0, "candidate_id": 259, "source_tile": "K-35-053-3_Elenovo_x1680_y3360.png"}}, {"type": "Feature", "geometry": {"type": "Point", "coordinates": [26.111349, 42.340533]}, "properties": {"subtype": "burial_mound", "confidence": 1.0, "vote_count": 5, "total_passes": 5, "contributing_passes": ["run_1", "run_2", "run_3", "run_4", "run_5"], "source_tiles": ["K-35-053-3_Elenovo_x1680_y3360.png"], "cluster_size": 5, "mound_probability": 1.0, "candidate_id": 260, "source_tile": "K-35-053-3_Elenovo_x1680_y3360.png"}}, {"type": "Feature", "geometry": {"type": "Point", "coordinates": [26.114941, 42.347365]}, "properties": {"subtype": "burial_mound", "confidence": 0.8, "vote_count": 4, "total_passes": 5, "contributing_passes": ["run_1", "run_2", "run_3", "run_4"], "source_tiles": ["K-35-053-3_Elenovo_x1680_y3360.png"], "cluster_size": 4, "mound_probability": 0.95, "candidate_id": 261, "source_tile": "K-35-053-3_Elenovo_x1680_y3360.png"}}, {"type": "Feature", "geometry": {"type": "Point", "coordinates": [26.170264, 42.453508]}, "properties": {"subtype": "burial_mound", "confidence": 0.8, "vote_count": 4, "total_passes": 5, "contributing_passes": ["run_1", "run_2", "run_3", "run_4"], "source_tiles": ["K-35-053-3_Elenovo_x2688_y1008.png", "K-35-053-3_Elenovo_x2688_y672.png"], "cluster_size": 4, "mound_probability": 1.0, "candidate_id": 269, "source_tile": "K-35-053-3_Elenovo_x2688_y1008.png"}}, {"type": "Feature", "geometry": {"type": "Point", "coordinates": [26.221483, 42.452994]}, "properties": {"subtype": "benchmark_mound", "confidence": 1.0, "vote_count": 5, "total_passes": 5, "contributing_passes": ["run_1", "run_2", "run_3", "run_4", "run_5"], "source_tiles": ["K-35-053-3_Elenovo_x3360_y1008.png"], "cluster_size": 5, "mound_probability": 1.0, "candidate_id": 271, "source_tile": "K-35-053-3_Elenovo_x3360_y1008.png"}}, {"type": "Feature", "geometry": {"type": "Point", "coordinates": [26.198579, 42.407398]}, "properties": {"subtype": "burial_mound", "confidence": 0.8, "vote_count": 4, "total_passes": 5, "contributing_passes": ["run_1", "run_2", "run_4", "run_5"], "source_tiles": ["K-35-053-3_Elenovo_x3024_y2016.png"], "cluster_size": 4, "mound_probability": 1.0, "candidate_id": 272, "source_tile": "K-35-053-3_Elenovo_x3024_y2016.png"}}, {"type": "Feature", "geometry": {"type": "Point", "coordinates": [26.199203, 42.405155]}, "properties": {"subtype": "burial_mound", "confidence": 1.0, "vote_count": 5, "total_passes": 5, "contributing_passes": ["run_1", "run_2", "run_3", "run_4", "run_5"], "source_tiles": ["K-35-053-3_Elenovo_x3024_y2016.png"], "cluster_size": 5, "mound_probability": 1.0, "candidate_id": 273, "source_tile": "K-35-053-3_Elenovo_x3024_y2016.png"}}, {"type": "Feature", "geometry": {"type": "Point", "coordinates": [26.186259, 42.398409]}, "properties": {"subtype": "burial_mound", "confidence": 1.0, "vote_count": 5, "total_passes": 5, "contributing_passes": ["run_1", "run_2", "run_3", "run_4", "run_5"], "source_tiles": ["K-35-053-3_Elenovo_x3024_y2016.png"], "cluster_size": 5, "mound_probability": 1.0, "candidate_id": 274, "source_tile": "K-35-053-3_Elenovo_x3024_y2016.png"}}, {"type": "Feature", "geometry": {"type": "Point", "coordinates": [26.202895, 42.468774]}, "properties": {"subtype": "burial_mound", "confidence": 1.0, "vote_count": 5, "total_passes": 5, "contributing_passes": ["run_1", "run_2", "run_3", "run_4", "run_5"], "source_tiles": ["K-35-053-3_Elenovo_x3024_y672.png", "K-35-053-3_Elenovo_x3360_y672.png"], "cluster_size": 5, "mound_probability": 1.0, "candidate_id": 275, "source_tile": "K-35-053-3_Elenovo_x3024_y672.png"}}, {"type": "Feature", "geometry": {"type": "Point", "coordinates": [26.191764, 42.381211]}, "properties": {"subtype": "burial_mound", "confidence": 0.8, "vote_count": 4, "total_passes": 5, "contributing_passes": ["run_1", "run_2", "run_3", "run_5"], "source_tiles": ["K-35-053-3_Elenovo_x3024_y2352.png"], "cluster_size": 4, "mound_probability": 0.95, "candidate_id": 278, "source_tile": "K-35-053-3_Elenovo_x3024_y2352.png"}}, {"type": "Feature", "geometry": {"type": "Point", "coordinates": [26.035132, 42.415772]}, "properties": {"subtype": "burial_mound", "confidence": 1.0, "vote_count": 5, "total_passes": 5, "contributing_passes": ["run_1", "run_2", "run_3", "run_4", "run_5"], "source_tiles": ["K-35-053-3_Elenovo_x336_y1680.png"], "cluster_size": 5, "mound_probability": 1.0, "candidate_id": 281, "source_tile": "K-35-053-3_Elenovo_x336_y1680.png"}}, {"type": "Feature", "geometry": {"type": "Point", "coordinates": [26.20395, 42.492839]}, "properties": {"subtype": "burial_mound", "confidence": 1.0, "vote_count": 5, "total_passes": 5, "contributing_passes": ["run_1", "run_2", "run_3", "run_4", "run_5"], "source_tiles": ["K-35-053-3_Elenovo_x3360_y0.png"], "cluster_size": 5, "mound_probability": 0.95, "candidate_id": 282, "source_tile": "K-35-053-3_Elenovo_x3360_y0.png"}}, {"type": "Feature", "geometry": {"type": "Point", "coordinates": [26.215392, 42.493158]}, "properties": {"subtype": "burial_mound", "confidence": 0.8, "vote_count": 4, "total_passes": 5, "contributing_passes": ["run_1", "run_2", "run_3", "run_4"], "source_tiles": ["K-35-053-3_Elenovo_x3360_y0.png"], "cluster_size": 4, "mound_probability": 0.2, "candidate_id": 283, "source_tile": "K-35-053-3_Elenovo_x3360_y0.png"}}, {"type": "Feature", "geometry": {"type": "Point", "coordinates": [26.221676, 42.489582]}, "properties": {"subtype": "burial_mound", "confidence": 1.0, "vote_count": 5, "total_passes": 5, "contributing_passes": ["run_1", "run_2", "run_3", "run_4", "run_5"], "source_tiles": ["K-35-053-3_Elenovo_x3360_y0.png", "K-35-053-3_Elenovo_x3696_y0.png"], "cluster_size": 9, "mound_probability": 1.0, "candidate_id": 284, "source_tile": "K-35-053-3_Elenovo_x3360_y0.png"}}, {"type": "Feature", "geometry": {"type": "Point", "coordinates": [26.206211, 42.383389]}, "properties": {"subtype": "benchmark_mound", "confidence": 0.8, "vote_count": 4, "total_passes": 5, "contributing_passes": ["run_1", "run_2", "run_3", "run_5"], "source_tiles": ["K-35-053-3_Elenovo_x3360_y2352.png"], "cluster_size": 4, "mound_probability": 0.95, "candidate_id": 285, "source_tile": "K-35-053-3_Elenovo_x3360_y2352.png"}}, {"type": "Feature", "geometry": {"type": "Point", "coordinates": [26.217519, 42.384156]}, "properties": {"subtype": "burial_mound", "confidence": 1.0, "vote_count": 5, "total_passes": 5, "contributing_passes": ["run_1", "run_2", "run_3", "run_4", "run_5"], "source_tiles": ["K-35-053-3_Elenovo_x3360_y2352.png"], "cluster_size": 5, "mound_probability": 0.85, "candidate_id": 286, "source_tile": "K-35-053-3_Elenovo_x3360_y2352.png"}}, {"type": "Feature", "geometry": {"type": "Point", "coordinates": [26.040063, 42.403723]}, "properties": {"subtype": "triangulation_mound", "confidence": 1.0, "vote_count": 5, "total_passes": 5, "contributing_passes": ["run_1", "run_2", "run_3", "run_4", "run_5"], "source_tiles": ["K-35-053-3_Elenovo_x336_y2016.png", "K-35-053-3_Elenovo_x672_y2016.png"], "cluster_size": 5, "mound_probability": 1.0, "candidate_id": 287, "source_tile": "K-35-053-3_Elenovo_x336_y2016.png"}}, {"type": "Feature", "geometry": {"type": "Point", "coordinates": [26.040293, 42.39946]}, "properties": {"subtype": "burial_mound", "confidence": 1.0, "vote_count": 5, "total_passes": 5, "contributing_passes": ["run_1", "run_2", "run_3", "run_4", "run_5"], "source_tiles": ["K-35-053-3_Elenovo_x336_y2016.png", "K-35-053-3_Elenovo_x672_y2016.png"], "cluster_size": 5, "mound_probability": 0.85, "candidate_id": 288, "source_tile": "K-35-053-3_Elenovo_x336_y2016.png"}}, {"type": "Feature", "geometry": {"type": "Point", "coordinates": [26.025707, 42.44001]}, "properties": {"subtype": "burial_mound", "confidence": 1.0, "vote_count": 5, "total_passes": 5, "contributing_passes": ["run_1", "run_2", "run_3", "run_4", "run_5"], "source_tiles": ["K-35-053-3_Elenovo_x336_y1008.png"], "cluster_size": 5, "mound_probability": 0.2, "candidate_id": 289, "source_tile": "K-35-053-3_Elenovo_x336_y1008.png"}}, {"type": "Feature", "geometry": {"type": "Point", "coordinates": [26.036913, 42.484996]}, "properties": {"subtype": "benchmark_mound", "confidence": 1.0, "vote_count": 5, "total_passes": 5, "contributing_passes": ["run_1", "run_2", "run_3", "run_4", "run_5"], "source_tiles": ["K-35-053-3_Elenovo_x336_y0.png"], "cluster_size": 5, "mound_probability": 0.95, "candidate_id": 290, "source_tile": "K-35-053-3_Elenovo_x336_y0.png"}}, {"type": "Feature", "geometry": {"type": "Point", "coordinates": [26.038674, 42.357096]}, "properties": {"subtype": "burial_mound", "confidence": 1.0, "vote_count": 5, "total_passes": 5, "contributing_passes": ["run_1", "run_2", "run_3", "run_4", "run_5"], "source_tiles": ["K-35-053-3_Elenovo_x336_y3024.png"], "cluster_size": 5, "mound_probability": 0.95, "candidate_id": 291, "source_tile": "K-35-053-3_Elenovo_x336_y3024.png"}}, {"type": "Feature", "geometry": {"type": "Point", "coordinates": [26.204295, 42.4231]}, "properties": {"subtype": "burial_mound", "confidence": 1.0, "vote_count": 5, "total_passes": 5, "contributing_passes": ["run_1", "run_2", "run_3", "run_4", "run_5"], "source_tiles": ["K-35-053-3_Elenovo_x3024_y1680.png", "K-35-053-3_Elenovo_x3360_y1680.png"], "cluster_size": 6, "mound_probability": 1.0, "candidate_id": 292, "source_tile": "K-35-053-3_Elenovo_x3024_y1680.png"}}, {"type": "Feature", "geometry": {"type": "Point", "coordinates": [26.212768, 42.417245]}, "properties": {"subtype": "burial_mound", "confidence": 1.0, "vote_count": 5, "total_passes": 5, "contributing_passes": ["run_1", "run_2", "run_3", "run_4", "run_5"], "source_tiles": ["K-35-053-3_Elenovo_x3360_y1680.png"], "cluster_size": 5, "mound_probability": 1.0, "candidate_id": 293, "source_tile": "K-35-053-3_Elenovo_x3360_y1680.png"}}, {"type": "Feature", "geometry": {"type": "Point", "coordinates": [26.219518, 42.417326]}, "properties": {"subtype": "burial_mound", "confidence": 1.0, "vote_count": 5, "total_passes": 5, "contributing_passes": ["run_1", "run_2", "run_3", "run_4", "run_5"], "source_tiles": ["K-35-053-3_Elenovo_x3360_y1680.png"], "cluster_size": 5, "mound_probability": 0.95, "candidate_id": 294, "source_tile": "K-35-053-3_Elenovo_x3360_y1680.png"}}, {"type": "Feature", "geometry": {"type": "Point", "coordinates": [26.210098, 42.41086]}, "properties": {"subtype": "burial_mound", "confidence": 1.0, "vote_count": 5, "total_passes": 5, "contributing_passes": ["run_1", "run_2", "run_3", "run_4", "run_5"], "source_tiles": ["K-35-053-3_Elenovo_x3360_y1680.png"], "cluster_size": 5, "mound_probability": 1.0, "candidate_id": 295, "source_tile": "K-35-053-3_Elenovo_x3360_y1680.png"}}, {"type": "Feature", "geometry": {"type": "Point", "coordinates": [26.230088, 42.408249]}, "properties": {"subtype": "burial_mound", "confidence": 1.0, "vote_count": 5, "total_passes": 5, "contributing_passes": ["run_1", "run_2", "run_3", "run_4", "run_5"], "source_tiles": ["K-35-053-3_Elenovo_x3696_y2016.png"], "cluster_size": 5, "mound_probability": 1.0, "candidate_id": 302, "source_tile": "K-35-053-3_Elenovo_x3696_y2016.png"}}, {"type": "Feature", "geometry": {"type": "Point", "coordinates": [26.200299, 42.416459]}, "properties": {"subtype": "triangulation_mound", "confidence": 1.0, "vote_count": 5, "total_passes": 5, "contributing_passes": ["run_1", "run_2", "run_3", "run_4", "run_5"], "source_tiles": ["K-35-053-3_Elenovo_x3024_y1680.png"], "cluster_size": 5, "mound_probability": 0.85, "candidate_id": 304, "source_tile": "K-35-053-3_Elenovo_x3024_y1680.png"}}, {"type": "Feature", "geometry": {"type": "Point", "coordinates": [26.196172, 42.411442]}, "properties": {"subtype": "burial_mound", "confidence": 0.8, "vote_count": 4, "total_passes": 5, "contributing_passes": ["run_1", "run_3", "run_4", "run_5"], "source_tiles": ["K-35-053-3_Elenovo_x3024_y1680.png"], "cluster_size": 4, "mound_probability": 0.95, "candidate_id": 305, "source_tile": "K-35-053-3_Elenovo_x3024_y1680.png"}}, {"type": "Feature", "geometry": {"type": "Point", "coordinates": [26.214952, 42.408786]}, "properties": {"subtype": "burial_mound", "confidence": 1.0, "vote_count": 5, "total_passes": 5, "contributing_passes": ["run_1", "run_2", "run_3", "run_4", "run_5"], "source_tiles": ["K-35-053-3_Elenovo_x3360_y1680.png", "K-35-053-3_Elenovo_x3360_y2016.png"], "cluster_size": 5, "mound_probability": 1.0, "candidate_id": 307, "source_tile": "K-35-053-3_Elenovo_x3360_y1680.png"}}, {"type": "Feature", "geometry": {"type": "Point", "coordinates": [26.205595, 42.401809]}, "properties": {"subtype": "burial_mound", "confidence": 1.0, "vote_count": 5, "total_passes": 5, "contributing_passes": ["run_1", "run_2", "run_3", "run_4", "run_5"], "source_tiles": ["K-35-053-3_Elenovo_x3360_y2016.png"], "cluster_size": 5, "mound_probability": 1.0, "candidate_id": 308, "source_tile": "K-35-053-3_Elenovo_x3360_y2016.png"}}, {"type": "Feature", "geometry": {"type": "Point", "coordinates": [26.221512, 42.400873]}, "properties": {"subtype": "burial_mound", "confidence": 1.0, "vote_count": 5, "total_passes": 5, "contributing_passes": ["run_1", "run_2", "run_3", "run_4", "run_5"], "source_tiles": ["K-35-053-3_Elenovo_x3360_y2016.png"], "cluster_size": 5, "mound_probability": 0.95, "candidate_id": 309, "source_tile": "K-35-053-3_Elenovo_x3360_y2016.png"}}, {"type": "Feature", "geometry": {"type": "Point", "coordinates": [26.025206, 42.479897]}, "properties": {"subtype": "burial_mound", "confidence": 1.0, "vote_count": 5, "total_passes": 5, "contributing_passes": ["run_1", "run_2", "run_3", "run_4", "run_5"], "source_tiles": ["K-35-053-3_Elenovo_x336_y336.png"], "cluster_size": 5, "mound_probability": 1.0, "candidate_id": 310, "source_tile": "K-35-053-3_Elenovo_x336_y336.png"}}, {"type": "Feature", "geometry": {"type": "Point", "coordinates": [26.027797, 42.474442]}, "properties": {"subtype": "settlement_mound", "confidence": 1.0, "vote_count": 5, "total_passes": 5, "contributing_passes": ["run_1", "run_2", "run_3", "run_4", "run_5"], "source_tiles": ["K-35-053-3_Elenovo_x336_y336.png"], "cluster_size": 5, "mound_probability": 1.0, "candidate_id": 311, "source_tile": "K-35-053-3_Elenovo_x336_y336.png"}}, {"type": "Feature", "geometry": {"type": "Point", "coordinates": [26.033957, 42.471404]}, "properties": {"subtype": "benchmark_mound", "confidence": 1.0, "vote_count": 5, "total_passes": 5, "contributing_passes": ["run_1", "run_2", "run_3", "run_4", "run_5"], "source_tiles": ["K-35-053-3_Elenovo_x336_y336.png"], "cluster_size": 5, "mound_probability": 0.2, "candidate_id": 312, "source_tile": "K-35-053-3_Elenovo_x336_y336.png"}}, {"type": "Feature", "geometry": {"type": "Point", "coordinates": [26.04056, 42.371506]}, "properties": {"subtype": "burial_mound", "confidence": 1.0, "vote_count": 5, "total_passes": 5, "contributing_passes": ["run_1", "run_2", "run_3", "run_4", "run_5"], "source_tiles": ["K-35-053-3_Elenovo_x336_y2688.png", "K-35-053-3_Elenovo_x672_y2688.png"], "cluster_size": 5, "mound_probability": 1.0, "candidate_id": 313, "source_tile": "K-35-053-3_Elenovo_x336_y2688.png"}}, {"type": "Feature", "geometry": {"type": "Point", "coordinates": [26.036557, 42.365686]}, "properties": {"subtype": "burial_mound", "confidence": 1.0, "vote_count": 5, "total_passes": 5, "contributing_passes": ["run_1", "run_2", "run_3", "run_4", "run_5"], "source_tiles": ["K-35-053-3_Elenovo_x336_y2688.png"], "cluster_size": 5, "mound_probability": 0.95, "candidate_id": 314, "source_tile": "K-35-053-3_Elenovo_x336_y2688.png"}}, {"type": "Feature", "geometry": {"type": "Point", "coordinates": [26.247733, 42.409773]}, "properties": {"subtype": "burial_mound", "confidence": 0.8, "vote_count": 4, "total_passes": 5, "contributing_passes": ["run_1", "run_2", "run_3", "run_4"], "source_tiles": ["K-35-053-3_Elenovo_x4032_y1680.png", "K-35-053-3_Elenovo_x4032_y2016.png"], "cluster_size": 4, "mound_probability": 1.0, "candidate_id": 315, "source_tile": "K-35-053-3_Elenovo_x4032_y1680.png"}}, {"type": "Feature", "geometry": {"type": "Point", "coordinates": [26.039669, 42.389821]}, "properties": {"subtype": "burial_mound", "confidence": 1.0, "vote_count": 5, "total_passes": 5, "contributing_passes": ["run_1", "run_2", "run_3", "run_4", "run_5"], "source_tiles": ["K-35-053-3_Elenovo_x336_y2352.png", "K-35-053-3_Elenovo_x672_y2352.png"], "cluster_size": 5, "mound_probability": 1.0, "candidate_id": 318, "source_tile": "K-35-053-3_Elenovo_x336_y2352.png"}}, {"type": "Feature", "geometry": {"type": "Point", "coordinates": [26.026167, 42.380512]}, "properties": {"subtype": "burial_mound", "confidence": 1.0, "vote_count": 5, "total_passes": 5, "contributing_passes": ["run_1", "run_2", "run_3", "run_4", "run_5"], "source_tiles": ["K-35-053-3_Elenovo_x336_y2352.png"], "cluster_size": 5, "mound_probability": 0.85, "candidate_id": 320, "source_tile": "K-35-053-3_Elenovo_x336_y2352.png"}}, {"type": "Feature", "geometry": {"type": "Point", "coordinates": [26.041096, 42.384335]}, "properties": {"subtype": "burial_mound", "confidence": 1.0, "vote_count": 5, "total_passes": 5, "contributing_passes": ["run_1", "run_2", "run_3", "run_4", "run_5"], "source_tiles": ["K-35-053-3_Elenovo_x336_y2352.png", "K-35-053-3_Elenovo_x672_y2352.png"], "cluster_size": 6, "mound_probability": 1.0, "candidate_id": 321, "source_tile": "K-35-053-3_Elenovo_x336_y2352.png"}}, {"type": "Feature", "geometry": {"type": "Point", "coordinates": [26.237544, 42.372706]}, "properties": {"subtype": "benchmark_mound", "confidence": 1.0, "vote_count": 5, "total_passes": 5, "contributing_passes": ["run_1", "run_2", "run_3", "run_4", "run_5"], "source_tiles": ["K-35-053-3_Elenovo_x3696_y2688.png"], "cluster_size": 5, "mound_probability": 0.95, "candidate_id": 323, "source_tile": "K-35-053-3_Elenovo_x3696_y2688.png"}}, {"type": "Feature", "geometry": {"type": "Point", "coordinates": [26.228747, 42.372467]}, "properties": {"subtype": "burial_mound", "confidence": 1.0, "vote_count": 5, "total_passes": 5, "contributing_passes": ["run_1", "run_2", "run_3", "run_4", "run_5"], "source_tiles": ["K-35-053-3_Elenovo_x3696_y2688.png"], "cluster_size": 5, "mound_probability": 0.4, "candidate_id": 324, "source_tile": "K-35-053-3_Elenovo_x3696_y2688.png"}}, {"type": "Feature", "geometry": {"type": "Point", "coordinates": [26.23296, 42.37007]}, "properties": {"subtype": "burial_mound", "confidence": 0.8, "vote_count": 4, "total_passes": 5, "contributing_passes": ["run_1", "run_2", "run_3", "run_5"], "source_tiles": ["K-35-053-3_Elenovo_x3696_y2688.png"], "cluster_size": 4, "mound_probability": 1.0, "candidate_id": 325, "source_tile": "K-35-053-3_Elenovo_x3696_y2688.png"}}, {"type": "Feature", "geometry": {"type": "Point", "coordinates": [26.233329, 42.36876]}, "properties": {"subtype": "burial_mound", "confidence": 0.8, "vote_count": 4, "total_passes": 5, "contributing_passes": ["run_1", "run_2", "run_4", "run_5"], "source_tiles": ["K-35-053-3_Elenovo_x3696_y2688.png"], "cluster_size": 4, "mound_probability": 0.95, "candidate_id": 326, "source_tile": "K-35-053-3_Elenovo_x3696_y2688.png"}}, {"type": "Feature", "geometry": {"type": "Point", "coordinates": [26.227363, 42.363756]}, "properties": {"subtype": "burial_mound", "confidence": 1.0, "vote_count": 5, "total_passes": 5, "contributing_passes": ["run_1", "run_2", "run_3", "run_4", "run_5"], "source_tiles": ["K-35-053-3_Elenovo_x3696_y2688.png", "K-35-053-3_Elenovo_x3696_y3024.png"], "cluster_size": 5, "mound_probability": 1.0, "candidate_id": 327, "source_tile": "K-35-053-3_Elenovo_x3696_y2688.png"}}, {"type": "Feature", "geometry": {"type": "Point", "coordinates": [26.209637, 42.481674]}, "properties": {"subtype": "burial_mound", "confidence": 1.0, "vote_count": 5, "total_passes": 5, "contributing_passes": ["run_1", "run_2", "run_3", "run_4", "run_5"], "source_tiles": ["K-35-053-3_Elenovo_x3360_y336.png"], "cluster_size": 5, "mound_probability": 1.0, "candidate_id": 328, "source_tile": "K-35-053-3_Elenovo_x3360_y336.png"}}, {"type": "Feature", "geometry": {"type": "Point", "coordinates": [26.225619, 42.481825]}, "properties": {"subtype": "benchmark_mound", "confidence": 0.8, "vote_count": 4, "total_passes": 5, "contributing_passes": ["run_1", "run_2", "run_3", "run_4"], "source_tiles": ["K-35-053-3_Elenovo_x3696_y336.png"], "cluster_size": 4, "mound_probability": 1.0, "candidate_id": 334, "source_tile": "K-35-053-3_Elenovo_x3696_y336.png"}}, {"type": "Feature", "geometry": {"type": "Point", "coordinates": [26.221864, 42.480817]}, "properties": {"subtype": "burial_mound", "confidence": 0.8, "vote_count": 4, "total_passes": 5, "contributing_passes": ["run_1", "run_2", "run_3", "run_4"], "source_tiles": ["K-35-053-3_Elenovo_x3360_y336.png", "K-35-053-3_Elenovo_x3696_y336.png"], "cluster_size": 4, "mound_probability": 1.0, "candidate_id": 335, "source_tile": "K-35-053-3_Elenovo_x3360_y336.png"}}, {"type": "Feature", "geometry": {"type": "Point", "coordinates": [26.245047, 42.390627]}, "properties": {"subtype": "burial_mound", "confidence": 1.0, "vote_count": 5, "total_passes": 5, "contributing_passes": ["run_1", "run_2", "run_3", "run_4", "run_5"], "source_tiles": ["K-35-053-3_Elenovo_x3696_y2352.png", "K-35-053-3_Elenovo_x4032_y2352.png"], "cluster_size": 5, "mound_probability": 0.85, "candidate_id": 338, "source_tile": "K-35-053-3_Elenovo_x3696_y2352.png"}}, {"type": "Feature", "geometry": {"type": "Point", "coordinates": [26.247985, 42.405974]}, "properties": {"subtype": "burial_mound", "confidence": 0.8, "vote_count": 4, "total_passes": 5, "contributing_passes": ["run_1", "run_3", "run_4", "run_5"], "source_tiles": ["K-35-053-3_Elenovo_x4032_y2016.png"], "cluster_size": 4, "mound_probability": 0.2, "candidate_id": 341, "source_tile": "K-35-053-3_Elenovo_x4032_y2016.png"}}, {"type": "Feature", "geometry": {"type": "Point", "coordinates": [26.246932, 42.403098]}, "properties": {"subtype": "burial_mound", "confidence": 1.0, "vote_count": 5, "total_passes": 5, "contributing_passes": ["run_1", "run_2", "run_3", "run_4", "run_5"], "source_tiles": ["K-35-053-3_Elenovo_x4032_y2016.png"], "cluster_size": 5, "mound_probability": 0.2, "candidate_id": 342, "source_tile": "K-35-053-3_Elenovo_x4032_y2016.png"}}, {"type": "Feature", "geometry": {"type": "Point", "coordinates": [26.239722, 42.359091]}, "properties": {"subtype": "burial_mound", "confidence": 0.8, "vote_count": 4, "total_passes": 5, "contributing_passes": ["run_1", "run_2", "run_3", "run_4"], "source_tiles": ["K-35-053-3_Elenovo_x3696_y3024.png"], "cluster_size": 4, "mound_probability": 0.95, "candidate_id": 346, "source_tile": "K-35-053-3_Elenovo_x3696_y3024.png"}}, {"type": "Feature", "geometry": {"type": "Point", "coordinates": [26.245547, 42.358763]}, "properties": {"subtype": "benchmark_mound", "confidence": 1.0, "vote_count": 5, "total_passes": 5, "contributing_passes": ["run_1", "run_2", "run_3", "run_4", "run_5"], "source_tiles": ["K-35-053-3_Elenovo_x3696_y3024.png", "K-35-053-3_Elenovo_x4032_y3024.png"], "cluster_size": 5, "mound_probability": 0.4, "candidate_id": 347, "source_tile": "K-35-053-3_Elenovo_x3696_y3024.png"}}, {"type": "Feature", "geometry": {"type": "Point", "coordinates": [26.242335, 42.350941]}, "properties": {"subtype": "burial_mound", "confidence": 0.8, "vote_count": 4, "total_passes": 5, "contributing_passes": ["run_1", "run_2", "run_3", "run_4"], "source_tiles": ["K-35-053-3_Elenovo_x3696_y3024.png"], "cluster_size": 4, "mound_probability": 0.95, "candidate_id": 349, "source_tile": "K-35-053-3_Elenovo_x3696_y3024.png"}}, {"type": "Feature", "geometry": {"type": "Point", "coordinates": [26.243064, 42.350227]}, "properties": {"subtype": "burial_mound", "confidence": 0.8, "vote_count": 4, "total_passes": 5, "contributing_passes": ["run_1", "run_2", "run_3", "run_5"], "source_tiles": ["K-35-053-3_Elenovo_x3696_y3024.png"], "cluster_size": 4, "mound_probability": 0.85, "candidate_id": 350, "source_tile": "K-35-053-3_Elenovo_x3696_y3024.png"}}, {"type": "Feature", "geometry": {"type": "Point", "coordinates": [26.231111, 42.390182]}, "properties": {"subtype": "burial_mound", "confidence": 1.0, "vote_count": 5, "total_passes": 5, "contributing_passes": ["run_1", "run_2", "run_3", "run_4", "run_5"], "source_tiles": ["K-35-053-3_Elenovo_x3696_y2352.png"], "cluster_size": 5, "mound_probability": 0.95, "candidate_id": 351, "source_tile": "K-35-053-3_Elenovo_x3696_y2352.png"}}, {"type": "Feature", "geometry": {"type": "Point", "coordinates": [26.227693, 42.392538]}, "properties": {"subtype": "burial_mound", "confidence": 1.0, "vote_count": 5, "total_passes": 5, "contributing_passes": ["run_1", "run_2", "run_3", "run_4", "run_5"], "source_tiles": ["K-35-053-3_Elenovo_x3696_y2352.png"], "cluster_size": 5, "mound_probability": 0.2, "candidate_id": 352, "source_tile": "K-35-053-3_Elenovo_x3696_y2352.png"}}, {"type": "Feature", "geometry": {"type": "Point", "coordinates": [26.24176, 42.391884]}, "properties": {"subtype": "burial_mound", "confidence": 0.8, "vote_count": 4, "total_passes": 5, "contributing_passes": ["run_1", "run_2", "run_4", "run_5"], "source_tiles": ["K-35-053-3_Elenovo_x3696_y2352.png"], "cluster_size": 4, "mound_probability": 0.95, "candidate_id": 353, "source_tile": "K-35-053-3_Elenovo_x3696_y2352.png"}}, {"type": "Feature", "geometry": {"type": "Point", "coordinates": [26.236235, 42.381796]}, "properties": {"subtype": "burial_mound", "confidence": 0.8, "vote_count": 4, "total_passes": 5, "contributing_passes": ["run_1", "run_2", "run_4", "run_5"], "source_tiles": ["K-35-053-3_Elenovo_x3696_y2352.png"], "cluster_size": 4, "mound_probability": 1.0, "candidate_id": 355, "source_tile": "K-35-053-3_Elenovo_x3696_y2352.png"}}, {"type": "Feature", "geometry": {"type": "Point", "coordinates": [26.232035, 42.384547]}, "properties": {"subtype": "triangulation_mound", "confidence": 1.0, "vote_count": 5, "total_passes": 5, "contributing_passes": ["run_1", "run_2", "run_3", "run_4", "run_5"], "source_tiles": ["K-35-053-3_Elenovo_x3696_y2352.png"], "cluster_size": 5, "mound_probability": 0.3, "candidate_id": 356, "source_tile": "K-35-053-3_Elenovo_x3696_y2352.png"}}, {"type": "Feature", "geometry": {"type": "Point", "coordinates": [24.748629, 42.322646]}, "properties": {"subtype": "burial_mound", "confidence": 1.0, "vote_count": 5, "total_passes": 5, "contributing_passes": ["run_1", "run_2", "run_3", "run_4", "run_5"], "source_tiles": ["K-35-062-2_Rakovski_x0_y0.png"], "cluster_size": 5, "mound_probability": 0.85, "candidate_id": 359, "source_tile": "K-35-062-2_Rakovski_x0_y0.png"}}, {"type": "Feature", "geometry": {"type": "Point", "coordinates": [26.042036, 42.358311]}, "properties": {"subtype": "benchmark_mound", "confidence": 1.0, "vote_count": 5, "total_passes": 5, "contributing_passes": ["run_1", "run_2", "run_3", "run_4", "run_5"], "source_tiles": ["K-35-053-3_Elenovo_x672_y3024.png"], "cluster_size": 5, "mound_probability": 1.0, "candidate_id": 361, "source_tile": "K-35-053-3_Elenovo_x672_y3024.png"}}, {"type": "Feature", "geometry": {"type": "Point", "coordinates": [26.246555, 42.351777]}, "properties": {"subtype": "burial_mound", "confidence": 0.8, "vote_count": 4, "total_passes": 5, "contributing_passes": ["run_1", "run_2", "run_3", "run_4"], "source_tiles": ["K-35-053-3_Elenovo_x4032_y3024.png"], "cluster_size": 4, "mound_probability": 0.85, "candidate_id": 363, "source_tile": "K-35-053-3_Elenovo_x4032_y3024.png"}}, {"type": "Feature", "geometry": {"type": "Point", "coordinates": [24.760148, 42.301851]}, "properties": {"subtype": "burial_mound", "confidence": 1.0, "vote_count": 5, "total_passes": 5, "contributing_passes": ["run_1", "run_2", "run_3", "run_4", "run_5"], "source_tiles": ["K-35-062-2_Rakovski_x0_y336.png", "K-35-062-2_Rakovski_x0_y672.png"], "cluster_size": 5, "mound_probability": 1.0, "candidate_id": 365, "source_tile": "K-35-062-2_Rakovski_x0_y336.png"}}, {"type": "Feature", "geometry": {"type": "Point", "coordinates": [26.05418, 42.484224]}, "properties": {"subtype": "burial_mound", "confidence": 1.0, "vote_count": 5, "total_passes": 5, "contributing_passes": ["run_1", "run_2", "run_3", "run_4", "run_5"], "source_tiles": ["K-35-053-3_Elenovo_x672_y0.png", "K-35-053-3_Elenovo_x672_y336.png"], "cluster_size": 5, "mound_probability": 0.4, "candidate_id": 367, "source_tile": "K-35-053-3_Elenovo_x672_y0.png"}}, {"type": "Feature", "geometry": {"type": "Point", "coordinates": [26.052595, 42.477478]}, "properties": {"subtype": "burial_mound", "confidence": 0.8, "vote_count": 4, "total_passes": 5, "contributing_passes": ["run_1", "run_2", "run_4", "run_5"], "source_tiles": ["K-35-053-3_Elenovo_x672_y336.png"], "cluster_size": 4, "mound_probability": 0.4, "candidate_id": 368, "source_tile": "K-35-053-3_Elenovo_x672_y336.png"}}, {"type": "Feature", "geometry": {"type": "Point", "coordinates": [26.048147, 42.473536]}, "properties": {"subtype": "burial_mound", "confidence": 1.0, "vote_count": 5, "total_passes": 5, "contributing_passes": ["run_1", "run_2", "run_3", "run_4", "run_5"], "source_tiles": ["K-35-053-3_Elenovo_x672_y336.png"], "cluster_size": 5, "mound_probability": 1.0, "candidate_id": 369, "source_tile": "K-35-053-3_Elenovo_x672_y336.png"}}, {"type": "Feature", "geometry": {"type": "Point", "coordinates": [26.233746, 42.464942]}, "properties": {"subtype": "triangulation_mound", "confidence": 1.0, "vote_count": 5, "total_passes": 5, "contributing_passes": ["run_1", "run_2", "run_3", "run_4", "run_5"], "source_tiles": ["K-35-053-3_Elenovo_x3696_y672.png"], "cluster_size": 5, "mound_probability": 0.75, "candidate_id": 370, "source_tile": "K-35-053-3_Elenovo_x3696_y672.png"}}, {"type": "Feature", "geometry": {"type": "Point", "coordinates": [26.231896, 42.468325]}, "properties": {"subtype": "burial_mound", "confidence": 1.0, "vote_count": 5, "total_passes": 5, "contributing_passes": ["run_1", "run_2", "run_3", "run_4", "run_5"], "source_tiles": ["K-35-053-3_Elenovo_x3696_y672.png"], "cluster_size": 5, "mound_probability": 0.4, "candidate_id": 371, "source_tile": "K-35-053-3_Elenovo_x3696_y672.png"}}, {"type": "Feature", "geometry": {"type": "Point", "coordinates": [26.231183, 42.468502]}, "properties": {"subtype": "burial_mound", "confidence": 0.8, "vote_count": 4, "total_passes": 5, "contributing_passes": ["run_1", "run_2", "run_3", "run_5"], "source_tiles": ["K-35-053-3_Elenovo_x3696_y672.png"], "cluster_size": 4, "mound_probability": 0.4, "candidate_id": 372, "source_tile": "K-35-053-3_Elenovo_x3696_y672.png"}}, {"type": "Feature", "geometry": {"type": "Point", "coordinates": [26.057756, 42.461049]}, "properties": {"subtype": "burial_mound", "confidence": 1.0, "vote_count": 5, "total_passes": 5, "contributing_passes": ["run_1", "run_2", "run_3", "run_4", "run_5"], "source_tiles": ["K-35-053-3_Elenovo_x672_y672.png"], "cluster_size": 5, "mound_probability": 1.0, "candidate_id": 373, "source_tile": "K-35-053-3_Elenovo_x672_y672.png"}}, {"type": "Feature", "geometry": {"type": "Point", "coordinates": [26.04373, 42.45433]}, "properties": {"subtype": "burial_mound", "confidence": 1.0, "vote_count": 5, "total_passes": 5, "contributing_passes": ["run_1", "run_2", "run_3", "run_4", "run_5"], "source_tiles": ["K-35-053-3_Elenovo_x672_y672.png"], "cluster_size": 5, "mound_probability": 1.0, "candidate_id": 374, "source_tile": "K-35-053-3_Elenovo_x672_y672.png"}}, {"type": "Feature", "geometry": {"type": "Point", "coordinates": [26.04184, 42.496046]}, "properties": {"subtype": "benchmark_mound", "confidence": 1.0, "vote_count": 5, "total_passes": 5, "contributing_passes": ["run_1", "run_2", "run_3", "run_4", "run_5"], "source_tiles": ["K-35-053-3_Elenovo_x672_y0.png"], "cluster_size": 5, "mound_probability": 0.95, "candidate_id": 375, "source_tile": "K-35-053-3_Elenovo_x672_y0.png"}}, {"type": "Feature", "geometry": {"type": "Point", "coordinates": [26.049557, 42.486296]}, "properties": {"subtype": "burial_mound", "confidence": 1.0, "vote_count": 5, "total_passes": 5, "contributing_passes": ["run_1", "run_2", "run_3", "run_4", "run_5"], "source_tiles": ["K-35-053-3_Elenovo_x672_y0.png"], "cluster_size": 5, "mound_probability": 1.0, "candidate_id": 376, "source_tile": "K-35-053-3_Elenovo_x672_y0.png"}}, {"type": "Feature", "geometry": {"type": "Point", "coordinates": [26.043325, 42.40559]}, "properties": {"subtype": "burial_mound", "confidence": 1.0, "vote_count": 5, "total_passes": 5, "contributing_passes": ["run_1", "run_2", "run_3", "run_4", "run_5"], "source_tiles": ["K-35-053-3_Elenovo_x672_y2016.png"], "cluster_size": 5, "mound_probability": 1.0, "candidate_id": 377, "source_tile": "K-35-053-3_Elenovo_x672_y2016.png"}}, {"type": "Feature", "geometry": {"type": "Point", "coordinates": [26.044934, 42.392643]}, "properties": {"subtype": "burial_mound", "confidence": 1.0, "vote_count": 5, "total_passes": 5, "contributing_passes": ["run_1", "run_2", "run_3", "run_4", "run_5"], "source_tiles": ["K-35-053-3_Elenovo_x672_y2016.png", "K-35-053-3_Elenovo_x672_y2352.png"], "cluster_size": 5, "mound_probability": 0.95, "candidate_id": 379, "source_tile": "K-35-053-3_Elenovo_x672_y2016.png"}}, {"type": "Feature", "geometry": {"type": "Point", "coordinates": [24.823245, 42.250983]}, "properties": {"subtype": "benchmark_mound", "confidence": 1.0, "vote_count": 5, "total_passes": 5, "contributing_passes": ["run_1", "run_2", "run_3", "run_4", "run_5"], "source_tiles": ["K-35-062-2_Rakovski_x1008_y1680.png"], "cluster_size": 5, "mound_probability": 1.0, "candidate_id": 380, "source_tile": "K-35-062-2_Rakovski_x1008_y1680.png"}}, {"type": "Feature", "geometry": {"type": "Point", "coordinates": [24.761851, 42.2899]}, "properties": {"subtype": "burial_mound", "confidence": 0.8, "vote_count": 4, "total_passes": 5, "contributing_passes": ["run_1", "run_3", "run_4", "run_5"], "source_tiles": ["K-35-062-2_Rakovski_x0_y672.png"], "cluster_size": 4, "mound_probability": 1.0, "candidate_id": 381, "source_tile": "K-35-062-2_Rakovski_x0_y672.png"}}, {"type": "Feature", "geometry": {"type": "Point", "coordinates": [24.815551, 42.289042]}, "properties": {"subtype": "burial_mound", "confidence": 1.0, "vote_count": 5, "total_passes": 5, "contributing_passes": ["run_1", "run_2", "run_3", "run_4", "run_5"], "source_tiles": ["K-35-062-2_Rakovski_x1008_y672.png"], "cluster_size": 5, "mound_probability": 0.95, "candidate_id": 382, "source_tile": "K-35-062-2_Rakovski_x1008_y672.png"}}, {"type": "Feature", "geometry": {"type": "Point", "coordinates": [24.75963, 42.271788]}, "properties": {"subtype": "benchmark_mound", "confidence": 1.0, "vote_count": 5, "total_passes": 5, "contributing_passes": ["run_1", "run_2", "run_3", "run_4", "run_5"], "source_tiles": ["K-35-062-2_Rakovski_x0_y1008.png", "K-35-062-2_Rakovski_x0_y1344.png"], "cluster_size": 5, "mound_probability": 0.95, "candidate_id": 383, "source_tile": "K-35-062-2_Rakovski_x0_y1008.png"}}, {"type": "Feature", "geometry": {"type": "Point", "coordinates": [24.762025, 42.283126]}, "properties": {"subtype": "burial_mound", "confidence": 1.0, "vote_count": 5, "total_passes": 5, "contributing_passes": ["run_1", "run_2", "run_3", "run_4", "run_5"], "source_tiles": ["K-35-062-2_Rakovski_x0_y1008.png"], "cluster_size": 5, "mound_probability": 0.75, "candidate_id": 384, "source_tile": "K-35-062-2_Rakovski_x0_y1008.png"}}, {"type": "Feature", "geometry": {"type": "Point", "coordinates": [24.823785, 42.272771]}, "properties": {"subtype": "burial_mound", "confidence": 1.0, "vote_count": 5, "total_passes": 5, "contributing_passes": ["run_1", "run_2", "run_3", "run_4", "run_5"], "source_tiles": ["K-35-062-2_Rakovski_x1008_y1344.png"], "cluster_size": 5, "mound_probability": 1.0, "candidate_id": 385, "source_tile": "K-35-062-2_Rakovski_x1008_y1344.png"}}, {"type": "Feature", "geometry": {"type": "Point", "coordinates": [24.825694, 42.271632]}, "properties": {"subtype": "burial_mound", "confidence": 0.8, "vote_count": 4, "total_passes": 5, "contributing_passes": ["run_1", "run_2", "run_4", "run_5"], "source_tiles": ["K-35-062-2_Rakovski_x1008_y1008.png", "K-35-062-2_Rakovski_x1008_y1344.png"], "cluster_size": 4, "mound_probability": 0.95, "candidate_id": 386, "source_tile": "K-35-062-2_Rakovski_x1008_y1008.png"}}, {"type": "Feature", "geometry": {"type": "Point", "coordinates": [24.813752, 42.320871]}, "properties": {"subtype": "burial_mound", "confidence": 1.0, "vote_count": 5, "total_passes": 5, "contributing_passes": ["run_1", "run_2", "run_3", "run_4", "run_5"], "source_tiles": ["K-35-062-2_Rakovski_x1008_y0.png"], "cluster_size": 5, "mound_probability": 0.4, "candidate_id": 387, "source_tile": "K-35-062-2_Rakovski_x1008_y0.png"}}, {"type": "Feature", "geometry": {"type": "Point", "coordinates": [24.806495, 42.317276]}, "properties": {"subtype": "burial_mound", "confidence": 1.0, "vote_count": 5, "total_passes": 5, "contributing_passes": ["run_1", "run_2", "run_3", "run_4", "run_5"], "source_tiles": ["K-35-062-2_Rakovski_x1008_y0.png", "K-35-062-2_Rakovski_x1008_y336.png", "K-35-062-2_Rakovski_x672_y0.png", "K-35-062-2_Rakovski_x672_y336.png"], "cluster_size": 6, "mound_probability": 1.0, "candidate_id": 388, "source_tile": "K-35-062-2_Rakovski_x1008_y0.png"}}, {"type": "Feature", "geometry": {"type": "Point", "coordinates": [24.831796, 42.241789]}, "properties": {"subtype": "benchmark_mound", "confidence": 1.0, "vote_count": 5, "total_passes": 5, "contributing_passes": ["run_1", "run_2", "run_3", "run_4", "run_5"], "source_tiles": ["K-35-062-2_Rakovski_x1344_y1680.png", "K-35-062-2_Rakovski_x1344_y2016.png"], "cluster_size": 5, "mound_probability": 0.95, "candidate_id": 389, "source_tile": "K-35-062-2_Rakovski_x1344_y1680.png"}}, {"type": "Feature", "geometry": {"type": "Point", "coordinates": [24.823567, 42.273803]}, "properties": {"subtype": "burial_mound", "confidence": 1.0, "vote_count": 5, "total_passes": 5, "contributing_passes": ["run_1", "run_2", "run_3", "run_4", "run_5"], "source_tiles": ["K-35-062-2_Rakovski_x1008_y1008.png"], "cluster_size": 5, "mound_probability": 1.0, "candidate_id": 401, "source_tile": "K-35-062-2_Rakovski_x1008_y1008.png"}}, {"type": "Feature", "geometry": {"type": "Point", "coordinates": [24.824231, 42.272877]}, "properties": {"subtype": "burial_mound", "confidence": 0.8, "vote_count": 4, "total_passes": 5, "contributing_passes": ["run_1", "run_2", "run_3", "run_5"], "source_tiles": ["K-35-062-2_Rakovski_x1008_y1008.png"], "cluster_size": 4, "mound_probability": 1.0, "candidate_id": 402, "source_tile": "K-35-062-2_Rakovski_x1008_y1008.png"}}, {"type": "Feature", "geometry": {"type": "Point", "coordinates": [24.842265, 42.27188]}, "properties": {"subtype": "burial_mound", "confidence": 1.0, "vote_count": 5, "total_passes": 5, "contributing_passes": ["run_1", "run_2", "run_3", "run_4", "run_5"], "source_tiles": ["K-35-062-2_Rakovski_x1344_y1344.png"], "cluster_size": 5, "mound_probability": 0.95, "candidate_id": 404, "source_tile": "K-35-062-2_Rakovski_x1344_y1344.png"}}, {"type": "Feature", "geometry": {"type": "Point", "coordinates": [24.834526, 42.265986]}, "properties": {"subtype": "burial_mound", "confidence": 1.0, "vote_count": 5, "total_passes": 5, "contributing_passes": ["run_1", "run_2", "run_3", "run_4", "run_5"], "source_tiles": ["K-35-062-2_Rakovski_x1344_y1344.png"], "cluster_size": 5, "mound_probability": 1.0, "candidate_id": 405, "source_tile": "K-35-062-2_Rakovski_x1344_y1344.png"}}, {"type": "Feature", "geometry": {"type": "Point", "coordinates": [24.761755, 42.225831]}, "properties": {"subtype": "burial_mound", "confidence": 0.8, "vote_count": 4, "total_passes": 5, "contributing_passes": ["run_1", "run_3", "run_4", "run_5"], "source_tiles": ["K-35-062-2_Rakovski_x0_y2352.png"], "cluster_size": 4, "mound_probability": 0.2, "candidate_id": 406, "source_tile": "K-35-062-2_Rakovski_x0_y2352.png"}}, {"type": "Feature", "geometry": {"type": "Point", "coordinates": [24.765079, 42.22661]}, "properties": {"subtype": "burial_mound", "confidence": 1.0, "vote_count": 5, "total_passes": 5, "contributing_passes": ["run_1", "run_2", "run_3", "run_4", "run_5"], "source_tiles": ["K-35-062-2_Rakovski_x0_y2352.png"], "cluster_size": 5, "mound_probability": 0.95, "candidate_id": 407, "source_tile": "K-35-062-2_Rakovski_x0_y2352.png"}}, {"type": "Feature", "geometry": {"type": "Point", "coordinates": [24.750648, 42.215999]}, "properties": {"subtype": "burial_mound", "confidence": 1.0, "vote_count": 5, "total_passes": 5, "contributing_passes": ["run_1", "run_2", "run_3", "run_4", "run_5"], "source_tiles": ["K-35-062-2_Rakovski_x0_y2352.png"], "cluster_size": 5, "mound_probability": 0.95, "candidate_id": 410, "source_tile": "K-35-062-2_Rakovski_x0_y2352.png"}}, {"type": "Feature", "geometry": {"type": "Point", "coordinates": [24.748791, 42.21332]}, "properties": {"subtype": "benchmark_mound", "confidence": 1.0, "vote_count": 5, "total_passes": 5, "contributing_passes": ["run_1", "run_2", "run_3", "run_4", "run_5"], "source_tiles": ["K-35-062-2_Rakovski_x0_y2352.png"], "cluster_size": 5, "mound_probability": 0.95, "candidate_id": 411, "source_tile": "K-35-062-2_Rakovski_x0_y2352.png"}}, {"type": "Feature", "geometry": {"type": "Point", "coordinates": [26.058773, 42.372977]}, "properties": {"subtype": "burial_mound", "confidence": 1.0, "vote_count": 5, "total_passes": 5, "contributing_passes": ["run_1", "run_2", "run_3", "run_4", "run_5"], "source_tiles": ["K-35-053-3_Elenovo_x672_y2688.png"], "cluster_size": 5, "mound_probability": 0.95, "candidate_id": 413, "source_tile": "K-35-053-3_Elenovo_x672_y2688.png"}}, {"type": "Feature", "geometry": {"type": "Point", "coordinates": [24.847153, 42.280782]}, "properties": {"subtype": "burial_mound", "confidence": 1.0, "vote_count": 5, "total_passes": 5, "contributing_passes": ["run_1", "run_2", "run_3", "run_4", "run_5"], "source_tiles": ["K-35-062-2_Rakovski_x1344_y1008.png", "K-35-062-2_Rakovski_x1680_y1008.png"], "cluster_size": 5, "mound_probability": 0.95, "candidate_id": 415, "source_tile": "K-35-062-2_Rakovski_x1344_y1008.png"}}, {"type": "Feature", "geometry": {"type": "Point", "coordinates": [24.848069, 42.280051]}, "properties": {"subtype": "burial_mound", "confidence": 1.0, "vote_count": 5, "total_passes": 5, "contributing_passes": ["run_1", "run_2", "run_3", "run_4", "run_5"], "source_tiles": ["K-35-062-2_Rakovski_x1344_y1008.png", "K-35-062-2_Rakovski_x1680_y1008.png"], "cluster_size": 5, "mound_probability": 1.0, "candidate_id": 416, "source_tile": "K-35-062-2_Rakovski_x1344_y1008.png"}}, {"type": "Feature", "geometry": {"type": "Point", "coordinates": [24.860037, 42.23735]}, "properties": {"subtype": "benchmark_mound", "confidence": 1.0, "vote_count": 5, "total_passes": 5, "contributing_passes": ["run_1", "run_2", "run_3", "run_4", "run_5"], "source_tiles": ["K-35-062-2_Rakovski_x1680_y2016.png"], "cluster_size": 5, "mound_probability": 0.95, "candidate_id": 419, "source_tile": "K-35-062-2_Rakovski_x1680_y2016.png"}}, {"type": "Feature", "geometry": {"type": "Point", "coordinates": [24.870922, 42.239736]}, "properties": {"subtype": "burial_mound", "confidence": 1.0, "vote_count": 5, "total_passes": 5, "contributing_passes": ["run_1", "run_2", "run_3", "run_4", "run_5"], "source_tiles": ["K-35-062-2_Rakovski_x1680_y2016.png", "K-35-062-2_Rakovski_x2016_y2016.png"], "cluster_size": 5, "mound_probability": 0.85, "candidate_id": 420, "source_tile": "K-35-062-2_Rakovski_x1680_y2016.png"}}, {"type": "Feature", "geometry": {"type": "Point", "coordinates": [24.859654, 42.280662]}, "properties": {"subtype": "triangulation_mound", "confidence": 1.0, "vote_count": 5, "total_passes": 5, "contributing_passes": ["run_1", "run_2", "run_3", "run_4", "run_5"], "source_tiles": ["K-35-062-2_Rakovski_x1680_y1008.png"], "cluster_size": 5, "mound_probability": 1.0, "candidate_id": 424, "source_tile": "K-35-062-2_Rakovski_x1680_y1008.png"}}, {"type": "Feature", "geometry": {"type": "Point", "coordinates": [26.050555, 42.390658]}, "properties": {"subtype": "burial_mound", "confidence": 1.0, "vote_count": 5, "total_passes": 5, "contributing_passes": ["run_1", "run_2", "run_3", "run_4", "run_5"], "source_tiles": ["K-35-053-3_Elenovo_x672_y2352.png"], "cluster_size": 5, "mound_probability": 1.0, "candidate_id": 425, "source_tile": "K-35-053-3_Elenovo_x672_y2352.png"}}, {"type": "Feature", "geometry": {"type": "Point", "coordinates": [26.05215, 42.391023]}, "properties": {"subtype": "burial_mound", "confidence": 1.0, "vote_count": 5, "total_passes": 5, "contributing_passes": ["run_1", "run_2", "run_3", "run_4", "run_5"], "source_tiles": ["K-35-053-3_Elenovo_x672_y2352.png"], "cluster_size": 5, "mound_probability": 1.0, "candidate_id": 426, "source_tile": "K-35-053-3_Elenovo_x672_y2352.png"}}, {"type": "Feature", "geometry": {"type": "Point", "coordinates": [26.048299, 42.388496]}, "properties": {"subtype": "burial_mound", "confidence": 1.0, "vote_count": 5, "total_passes": 5, "contributing_passes": ["run_1", "run_2", "run_3", "run_4", "run_5"], "source_tiles": ["K-35-053-3_Elenovo_x672_y2352.png"], "cluster_size": 5, "mound_probability": 1.0, "candidate_id": 427, "source_tile": "K-35-053-3_Elenovo_x672_y2352.png"}}, {"type": "Feature", "geometry": {"type": "Point", "coordinates": [26.047583, 42.388509]}, "properties": {"subtype": "burial_mound", "confidence": 0.8, "vote_count": 4, "total_passes": 5, "contributing_passes": ["run_1", "run_2", "run_3", "run_5"], "source_tiles": ["K-35-053-3_Elenovo_x672_y2352.png"], "cluster_size": 4, "mound_probability": 0.85, "candidate_id": 428, "source_tile": "K-35-053-3_Elenovo_x672_y2352.png"}}, {"type": "Feature", "geometry": {"type": "Point", "coordinates": [26.045967, 42.387061]}, "properties": {"subtype": "burial_mound", "confidence": 1.0, "vote_count": 5, "total_passes": 5, "contributing_passes": ["run_1", "run_2", "run_3", "run_4", "run_5"], "source_tiles": ["K-35-053-3_Elenovo_x672_y2352.png"], "cluster_size": 5, "mound_probability": 0.2, "candidate_id": 431, "source_tile": "K-35-053-3_Elenovo_x672_y2352.png"}}, {"type": "Feature", "geometry": {"type": "Point", "coordinates": [24.846293, 42.327563]}, "properties": {"subtype": "burial_mound", "confidence": 1.0, "vote_count": 5, "total_passes": 5, "contributing_passes": ["run_1", "run_2", "run_3", "run_4", "run_5"], "source_tiles": ["K-35-062-2_Rakovski_x1344_y0.png", "K-35-062-2_Rakovski_x1680_y0.png"], "cluster_size": 5, "mound_probability": 1.0, "candidate_id": 434, "source_tile": "K-35-062-2_Rakovski_x1344_y0.png"}}, {"type": "Feature", "geometry": {"type": "Point", "coordinates": [24.829047, 42.31816]}, "properties": {"subtype": "benchmark_mound", "confidence": 1.0, "vote_count": 5, "total_passes": 5, "contributing_passes": ["run_1", "run_2", "run_3", "run_4", "run_5"], "source_tiles": ["K-35-062-2_Rakovski_x1344_y0.png", "K-35-062-2_Rakovski_x1344_y336.png"], "cluster_size": 5, "mound_probability": 0.2, "candidate_id": 435, "source_tile": "K-35-062-2_Rakovski_x1344_y0.png"}}, {"type": "Feature", "geometry": {"type": "Point", "coordinates": [24.844508, 42.320479]}, "properties": {"subtype": "benchmark_mound", "confidence": 1.0, "vote_count": 5, "total_passes": 5, "contributing_passes": ["run_1", "run_2", "run_3", "run_4", "run_5"], "source_tiles": ["K-35-062-2_Rakovski_x1344_y0.png"], "cluster_size": 5, "mound_probability": 0.95, "candidate_id": 436, "source_tile": "K-35-062-2_Rakovski_x1344_y0.png"}}, {"type": "Feature", "geometry": {"type": "Point", "coordinates": [24.811109, 42.302911]}, "properties": {"subtype": "benchmark_mound", "confidence": 0.8, "vote_count": 4, "total_passes": 5, "contributing_passes": ["run_1", "run_3", "run_4", "run_5"], "source_tiles": ["K-35-062-2_Rakovski_x1008_y336.png"], "cluster_size": 4, "mound_probability": 1.0, "candidate_id": 439, "source_tile": "K-35-062-2_Rakovski_x1008_y336.png"}}, {"type": "Feature", "geometry": {"type": "Point", "coordinates": [24.819734, 42.306613]}, "properties": {"subtype": "burial_mound", "confidence": 1.0, "vote_count": 5, "total_passes": 5, "contributing_passes": ["run_1", "run_2", "run_3", "run_4", "run_5"], "source_tiles": ["K-35-062-2_Rakovski_x1008_y336.png"], "cluster_size": 5, "mound_probability": 1.0, "candidate_id": 440, "source_tile": "K-35-062-2_Rakovski_x1008_y336.png"}}, {"type": "Feature", "geometry": {"type": "Point", "coordinates": [24.8236, 42.307879]}, "properties": {"subtype": "burial_mound", "confidence": 1.0, "vote_count": 5, "total_passes": 5, "contributing_passes": ["run_1", "run_2", "run_3", "run_4", "run_5"], "source_tiles": ["K-35-062-2_Rakovski_x1008_y336.png"], "cluster_size": 5, "mound_probability": 1.0, "candidate_id": 441, "source_tile": "K-35-062-2_Rakovski_x1008_y336.png"}}, {"type": "Feature", "geometry": {"type": "Point", "coordinates": [24.824721, 42.309054]}, "properties": {"subtype": "benchmark_mound", "confidence": 1.0, "vote_count": 5, "total_passes": 5, "contributing_passes": ["run_1", "run_2", "run_3", "run_4", "run_5"], "source_tiles": ["K-35-062-2_Rakovski_x1008_y336.png"], "cluster_size": 5, "mound_probability": 1.0, "candidate_id": 442, "source_tile": "K-35-062-2_Rakovski_x1008_y336.png"}}, {"type": "Feature", "geometry": {"type": "Point", "coordinates": [24.810914, 42.316258]}, "properties": {"subtype": "burial_mound", "confidence": 1.0, "vote_count": 5, "total_passes": 5, "contributing_passes": ["run_1", "run_2", "run_3", "run_4", "run_5"], "source_tiles": ["K-35-062-2_Rakovski_x1008_y336.png"], "cluster_size": 5, "mound_probability": 1.0, "candidate_id": 445, "source_tile": "K-35-062-2_Rakovski_x1008_y336.png"}}, {"type": "Feature", "geometry": {"type": "Point", "coordinates": [24.763447, 42.261294]}, "properties": {"subtype": "burial_mound", "confidence": 1.0, "vote_count": 5, "total_passes": 5, "contributing_passes": ["run_1", "run_2", "run_3", "run_4", "run_5"], "source_tiles": ["K-35-062-2_Rakovski_x0_y1344.png"], "cluster_size": 5, "mound_probability": 0.95, "candidate_id": 448, "source_tile": "K-35-062-2_Rakovski_x0_y1344.png"}}, {"type": "Feature", "geometry": {"type": "Point", "coordinates": [24.764306, 42.261894]}, "properties": {"subtype": "burial_mound", "confidence": 0.8, "vote_count": 4, "total_passes": 5, "contributing_passes": ["run_1", "run_2", "run_3", "run_5"], "source_tiles": ["K-35-062-2_Rakovski_x0_y1344.png"], "cluster_size": 4, "mound_probability": 0.95, "candidate_id": 449, "source_tile": "K-35-062-2_Rakovski_x0_y1344.png"}}, {"type": "Feature", "geometry": {"type": "Point", "coordinates": [24.751307, 42.258189]}, "properties": {"subtype": "burial_mound", "confidence": 1.0, "vote_count": 5, "total_passes": 5, "contributing_passes": ["run_1", "run_2", "run_3", "run_4", "run_5"], "source_tiles": ["K-35-062-2_Rakovski_x0_y1344.png"], "cluster_size": 5, "mound_probability": 1.0, "candidate_id": 450, "source_tile": "K-35-062-2_Rakovski_x0_y1344.png"}}, {"type": "Feature", "geometry": {"type": "Point", "coordinates": [24.765765, 42.270036]}, "properties": {"subtype": "burial_mound", "confidence": 0.8, "vote_count": 4, "total_passes": 5, "contributing_passes": ["run_1", "run_2", "run_3", "run_4"], "source_tiles": ["K-35-062-2_Rakovski_x0_y1344.png"], "cluster_size": 4, "mound_probability": 0.4, "candidate_id": 451, "source_tile": "K-35-062-2_Rakovski_x0_y1344.png"}}, {"type": "Feature", "geometry": {"type": "Point", "coordinates": [24.87512, 42.278537]}, "properties": {"subtype": "benchmark_mound", "confidence": 1.0, "vote_count": 5, "total_passes": 5, "contributing_passes": ["run_1", "run_2", "run_3", "run_4", "run_5"], "source_tiles": ["K-35-062-2_Rakovski_x2016_y1008.png"], "cluster_size": 5, "mound_probability": 0.95, "candidate_id": 452, "source_tile": "K-35-062-2_Rakovski_x2016_y1008.png"}}, {"type": "Feature", "geometry": {"type": "Point", "coordinates": [24.868955, 42.32566]}, "properties": {"subtype": "benchmark_mound", "confidence": 1.0, "vote_count": 5, "total_passes": 5, "contributing_passes": ["run_1", "run_2", "run_3", "run_4", "run_5"], "source_tiles": ["K-35-062-2_Rakovski_x2016_y0.png"], "cluster_size": 5, "mound_probability": 0.95, "candidate_id": 459, "source_tile": "K-35-062-2_Rakovski_x2016_y0.png"}}, {"type": "Feature", "geometry": {"type": "Point", "coordinates": [24.873111, 42.323318]}, "properties": {"subtype": "burial_mound", "confidence": 1.0, "vote_count": 5, "total_passes": 5, "contributing_passes": ["run_1", "run_2", "run_3", "run_4", "run_5"], "source_tiles": ["K-35-062-2_Rakovski_x2016_y0.png"], "cluster_size": 5, "mound_probability": 1.0, "candidate_id": 460, "source_tile": "K-35-062-2_Rakovski_x2016_y0.png"}}, {"type": "Feature", "geometry": {"type": "Point", "coordinates": [24.872598, 42.321376]}, "properties": {"subtype": "burial_mound", "confidence": 1.0, "vote_count": 5, "total_passes": 5, "contributing_passes": ["run_1", "run_2", "run_3", "run_4", "run_5"], "source_tiles": ["K-35-062-2_Rakovski_x2016_y0.png"], "cluster_size": 5, "mound_probability": 0.85, "candidate_id": 461, "source_tile": "K-35-062-2_Rakovski_x2016_y0.png"}}, {"type": "Feature", "geometry": {"type": "Point", "coordinates": [24.881287, 42.319014]}, "properties": {"subtype": "burial_mound", "confidence": 0.8, "vote_count": 4, "total_passes": 5, "contributing_passes": ["run_1", "run_2", "run_3", "run_5"], "source_tiles": ["K-35-062-2_Rakovski_x2016_y0.png", "K-35-062-2_Rakovski_x2016_y336.png"], "cluster_size": 5, "mound_probability": 0.4, "candidate_id": 462, "source_tile": "K-35-062-2_Rakovski_x2016_y0.png"}}, {"type": "Feature", "geometry": {"type": "Point", "coordinates": [24.855897, 42.29997]}, "properties": {"subtype": "burial_mound", "confidence": 0.8, "vote_count": 4, "total_passes": 5, "contributing_passes": ["run_1", "run_3", "run_4", "run_5"], "source_tiles": ["K-35-062-2_Rakovski_x1680_y672.png"], "cluster_size": 4, "mound_probability": 1.0, "candidate_id": 464, "source_tile": "K-35-062-2_Rakovski_x1680_y672.png"}}, {"type": "Feature", "geometry": {"type": "Point", "coordinates": [24.865324, 42.299907]}, "properties": {"subtype": "burial_mound", "confidence": 0.8, "vote_count": 4, "total_passes": 5, "contributing_passes": ["run_1", "run_3", "run_4", "run_5"], "source_tiles": ["K-35-062-2_Rakovski_x1680_y672.png"], "cluster_size": 4, "mound_probability": 1.0, "candidate_id": 465, "source_tile": "K-35-062-2_Rakovski_x1680_y672.png"}}, {"type": "Feature", "geometry": {"type": "Point", "coordinates": [24.854715, 42.3034]}, "properties": {"subtype": "benchmark_mound", "confidence": 1.0, "vote_count": 5, "total_passes": 5, "contributing_passes": ["run_1", "run_2", "run_3", "run_4", "run_5"], "source_tiles": ["K-35-062-2_Rakovski_x1680_y336.png", "K-35-062-2_Rakovski_x1680_y672.png"], "cluster_size": 5, "mound_probability": 0.95, "candidate_id": 467, "source_tile": "K-35-062-2_Rakovski_x1680_y336.png"}}, {"type": "Feature", "geometry": {"type": "Point", "coordinates": [24.880944, 42.318942]}, "properties": {"subtype": "burial_mound", "confidence": 0.8, "vote_count": 4, "total_passes": 5, "contributing_passes": ["run_1", "run_3", "run_4", "run_5"], "source_tiles": ["K-35-062-2_Rakovski_x2016_y0.png", "K-35-062-2_Rakovski_x2016_y336.png"], "cluster_size": 4, "mound_probability": 0.95, "candidate_id": 469, "source_tile": "K-35-062-2_Rakovski_x2016_y0.png"}}, {"type": "Feature", "geometry": {"type": "Point", "coordinates": [24.871026, 42.30648]}, "properties": {"subtype": "burial_mound", "confidence": 1.0, "vote_count": 5, "total_passes": 5, "contributing_passes": ["run_1", "run_2", "run_3", "run_4", "run_5"], "source_tiles": ["K-35-062-2_Rakovski_x2016_y336.png"], "cluster_size": 5, "mound_probability": 1.0, "candidate_id": 470, "source_tile": "K-35-062-2_Rakovski_x2016_y336.png"}}, {"type": "Feature", "geometry": {"type": "Point", "coordinates": [24.868797, 42.304635]}, "properties": {"subtype": "burial_mound", "confidence": 0.8, "vote_count": 4, "total_passes": 5, "contributing_passes": ["run_1", "run_2", "run_3", "run_5"], "source_tiles": ["K-35-062-2_Rakovski_x1680_y336.png", "K-35-062-2_Rakovski_x2016_y336.png", "K-35-062-2_Rakovski_x2016_y672.png"], "cluster_size": 4, "mound_probability": 1.0, "candidate_id": 471, "source_tile": "K-35-062-2_Rakovski_x1680_y336.png"}}, {"type": "Feature", "geometry": {"type": "Point", "coordinates": [24.866946, 42.298625]}, "properties": {"subtype": "burial_mound", "confidence": 1.0, "vote_count": 5, "total_passes": 5, "contributing_passes": ["run_1", "run_2", "run_3", "run_4", "run_5"], "source_tiles": ["K-35-062-2_Rakovski_x1680_y672.png", "K-35-062-2_Rakovski_x2016_y672.png"], "cluster_size": 5, "mound_probability": 0.95, "candidate_id": 472, "source_tile": "K-35-062-2_Rakovski_x1680_y672.png"}}, {"type": "Feature", "geometry": {"type": "Point", "coordinates": [24.883204, 42.226802]}, "properties": {"subtype": "burial_mound", "confidence": 1.0, "vote_count": 5, "total_passes": 5, "contributing_passes": ["run_1", "run_2", "run_3", "run_4", "run_5"], "source_tiles": ["K-35-062-2_Rakovski_x2016_y2352.png"], "cluster_size": 5, "mound_probability": 1.0, "candidate_id": 476, "source_tile": "K-35-062-2_Rakovski_x2016_y2352.png"}}, {"type": "Feature", "geometry": {"type": "Point", "coordinates": [24.891201, 42.227485]}, "properties": {"subtype": "burial_mound", "confidence": 1.0, "vote_count": 5, "total_passes": 5, "contributing_passes": ["run_1", "run_2", "run_3", "run_4", "run_5"], "source_tiles": ["K-35-062-2_Rakovski_x2016_y2016.png", "K-35-062-2_Rakovski_x2016_y2352.png", "K-35-062-2_Rakovski_x2352_y2016.png", "K-35-062-2_Rakovski_x2352_y2352.png"], "cluster_size": 7, "mound_probability": 1.0, "candidate_id": 477, "source_tile": "K-35-062-2_Rakovski_x2016_y2016.png"}}, {"type": "Feature", "geometry": {"type": "Point", "coordinates": [24.904577, 42.258005]}, "properties": {"subtype": "burial_mound", "confidence": 1.0, "vote_count": 5, "total_passes": 5, "contributing_passes": ["run_1", "run_2", "run_3", "run_4", "run_5"], "source_tiles": ["K-35-062-2_Rakovski_x2352_y1344.png", "K-35-062-2_Rakovski_x2352_y1680.png"], "cluster_size": 5, "mound_probability": 1.0, "candidate_id": 478, "source_tile": "K-35-062-2_Rakovski_x2352_y1344.png"}}, {"type": "Feature", "geometry": {"type": "Point", "coordinates": [24.908089, 42.256827]}, "properties": {"subtype": "burial_mound", "confidence": 1.0, "vote_count": 5, "total_passes": 5, "contributing_passes": ["run_1", "run_2", "run_3", "run_4", "run_5"], "source_tiles": ["K-35-062-2_Rakovski_x2352_y1680.png"], "cluster_size": 5, "mound_probability": 1.0, "candidate_id": 479, "source_tile": "K-35-062-2_Rakovski_x2352_y1680.png"}}, {"type": "Feature", "geometry": {"type": "Point", "coordinates": [24.902768, 42.182847]}, "properties": {"subtype": "burial_mound", "confidence": 1.0, "vote_count": 5, "total_passes": 5, "contributing_passes": ["run_1", "run_2", "run_3", "run_4", "run_5"], "source_tiles": ["K-35-062-2_Rakovski_x2352_y3024.png", "K-35-062-2_Rakovski_x2352_y3360.png"], "cluster_size": 6, "mound_probability": 1.0, "candidate_id": 481, "source_tile": "K-35-062-2_Rakovski_x2352_y3024.png"}}, {"type": "Feature", "geometry": {"type": "Point", "coordinates": [24.892395, 42.227597]}, "properties": {"subtype": "burial_mound", "confidence": 1.0, "vote_count": 5, "total_passes": 5, "contributing_passes": ["run_1", "run_2", "run_3", "run_4", "run_5"], "source_tiles": ["K-35-062-2_Rakovski_x2352_y2016.png", "K-35-062-2_Rakovski_x2352_y2352.png"], "cluster_size": 5, "mound_probability": 1.0, "candidate_id": 484, "source_tile": "K-35-062-2_Rakovski_x2352_y2016.png"}}, {"type": "Feature", "geometry": {"type": "Point", "coordinates": [24.892398, 42.221165]}, "properties": {"subtype": "benchmark_mound", "confidence": 0.8, "vote_count": 4, "total_passes": 5, "contributing_passes": ["run_1", "run_2", "run_4", "run_5"], "source_tiles": ["K-35-062-2_Rakovski_x2352_y2352.png"], "cluster_size": 4, "mound_probability": 0.95, "candidate_id": 485, "source_tile": "K-35-062-2_Rakovski_x2352_y2352.png"}}, {"type": "Feature", "geometry": {"type": "Point", "coordinates": [24.849135, 42.326621]}, "properties": {"subtype": "burial_mound", "confidence": 1.0, "vote_count": 5, "total_passes": 5, "contributing_passes": ["run_1", "run_2", "run_3", "run_4", "run_5"], "source_tiles": ["K-35-062-2_Rakovski_x1680_y0.png"], "cluster_size": 5, "mound_probability": 1.0, "candidate_id": 486, "source_tile": "K-35-062-2_Rakovski_x1680_y0.png"}}, {"type": "Feature", "geometry": {"type": "Point", "coordinates": [24.852261, 42.326171]}, "properties": {"subtype": "burial_mound", "confidence": 1.0, "vote_count": 5, "total_passes": 5, "contributing_passes": ["run_1", "run_2", "run_3", "run_4", "run_5"], "source_tiles": ["K-35-062-2_Rakovski_x1680_y0.png"], "cluster_size": 5, "mound_probability": 1.0, "candidate_id": 487, "source_tile": "K-35-062-2_Rakovski_x1680_y0.png"}}, {"type": "Feature", "geometry": {"type": "Point", "coordinates": [24.848489, 42.321442]}, "properties": {"subtype": "burial_mound", "confidence": 1.0, "vote_count": 5, "total_passes": 5, "contributing_passes": ["run_1", "run_2", "run_3", "run_4", "run_5"], "source_tiles": ["K-35-062-2_Rakovski_x1680_y0.png"], "cluster_size": 5, "mound_probability": 0.95, "candidate_id": 488, "source_tile": "K-35-062-2_Rakovski_x1680_y0.png"}}, {"type": "Feature", "geometry": {"type": "Point", "coordinates": [24.900087, 42.174898]}, "properties": {"subtype": "burial_mound", "confidence": 1.0, "vote_count": 5, "total_passes": 5, "contributing_passes": ["run_1", "run_2", "run_3", "run_4", "run_5"], "source_tiles": ["K-35-062-2_Rakovski_x2352_y3360.png"], "cluster_size": 5, "mound_probability": 1.0, "candidate_id": 492, "source_tile": "K-35-062-2_Rakovski_x2352_y3360.png"}}, {"type": "Feature", "geometry": {"type": "Point", "coordinates": [24.931274, 42.24788]}, "properties": {"subtype": "benchmark_mound", "confidence": 1.0, "vote_count": 5, "total_passes": 5, "contributing_passes": ["run_1", "run_2", "run_3", "run_4", "run_5"], "source_tiles": ["K-35-062-2_Rakovski_x2688_y1680.png", "K-35-062-2_Rakovski_x3024_y1680.png"], "cluster_size": 5, "mound_probability": 1.0, "candidate_id": 496, "source_tile": "K-35-062-2_Rakovski_x2688_y1680.png"}}, {"type": "Feature", "geometry": {"type": "Point", "coordinates": [24.849892, 42.314781]}, "properties": {"subtype": "burial_mound", "confidence": 1.0, "vote_count": 5, "total_passes": 5, "contributing_passes": ["run_1", "run_2", "run_3", "run_4", "run_5"], "source_tiles": ["K-35-062-2_Rakovski_x1680_y336.png"], "cluster_size": 5, "mound_probability": 0.95, "candidate_id": 497, "source_tile": "K-35-062-2_Rakovski_x1680_y336.png"}}, {"type": "Feature", "geometry": {"type": "Point", "coordinates": [24.855979, 42.311348]}, "properties": {"subtype": "burial_mound", "confidence": 1.0, "vote_count": 5, "total_passes": 5, "contributing_passes": ["run_1", "run_2", "run_3", "run_4", "run_5"], "source_tiles": ["K-35-062-2_Rakovski_x1680_y336.png"], "cluster_size": 5, "mound_probability": 0.4, "candidate_id": 498, "source_tile": "K-35-062-2_Rakovski_x1680_y336.png"}}, {"type": "Feature", "geometry": {"type": "Point", "coordinates": [24.847845, 42.308698]}, "properties": {"subtype": "burial_mound", "confidence": 1.0, "vote_count": 5, "total_passes": 5, "contributing_passes": ["run_1", "run_2", "run_3", "run_4", "run_5"], "source_tiles": ["K-35-062-2_Rakovski_x1344_y336.png", "K-35-062-2_Rakovski_x1680_y336.png"], "cluster_size": 5, "mound_probability": 1.0, "candidate_id": 499, "source_tile": "K-35-062-2_Rakovski_x1344_y336.png"}}, {"type": "Feature", "geometry": {"type": "Point", "coordinates": [24.833557, 42.315261]}, "properties": {"subtype": "burial_mound", "confidence": 1.0, "vote_count": 5, "total_passes": 5, "contributing_passes": ["run_1", "run_2", "run_3", "run_4", "run_5"], "source_tiles": ["K-35-062-2_Rakovski_x1344_y336.png"], "cluster_size": 5, "mound_probability": 1.0, "candidate_id": 502, "source_tile": "K-35-062-2_Rakovski_x1344_y336.png"}}, {"type": "Feature", "geometry": {"type": "Point", "coordinates": [24.833594, 42.312069]}, "properties": {"subtype": "burial_mound", "confidence": 1.0, "vote_count": 5, "total_passes": 5, "contributing_passes": ["run_1", "run_2", "run_3", "run_4", "run_5"], "source_tiles": ["K-35-062-2_Rakovski_x1344_y336.png"], "cluster_size": 5, "mound_probability": 1.0, "candidate_id": 503, "source_tile": "K-35-062-2_Rakovski_x1344_y336.png"}}, {"type": "Feature", "geometry": {"type": "Point", "coordinates": [24.8418, 42.312711]}, "properties": {"subtype": "burial_mound", "confidence": 0.8, "vote_count": 4, "total_passes": 5, "contributing_passes": ["run_1", "run_3", "run_4", "run_5"], "source_tiles": ["K-35-062-2_Rakovski_x1344_y336.png"], "cluster_size": 4, "mound_probability": 1.0, "candidate_id": 504, "source_tile": "K-35-062-2_Rakovski_x1344_y336.png"}}, {"type": "Feature", "geometry": {"type": "Point", "coordinates": [24.841136, 42.312197]}, "properties": {"subtype": "burial_mound", "confidence": 0.8, "vote_count": 4, "total_passes": 5, "contributing_passes": ["run_1", "run_3", "run_4", "run_5"], "source_tiles": ["K-35-062-2_Rakovski_x1344_y336.png"], "cluster_size": 4, "mound_probability": 1.0, "candidate_id": 505, "source_tile": "K-35-062-2_Rakovski_x1344_y336.png"}}, {"type": "Feature", "geometry": {"type": "Point", "coordinates": [24.843066, 42.305947]}, "properties": {"subtype": "benchmark_mound", "confidence": 1.0, "vote_count": 5, "total_passes": 5, "contributing_passes": ["run_1", "run_2", "run_3", "run_4", "run_5"], "source_tiles": ["K-35-062-2_Rakovski_x1344_y336.png"], "cluster_size": 5, "mound_probability": 0.95, "candidate_id": 506, "source_tile": "K-35-062-2_Rakovski_x1344_y336.png"}}, {"type": "Feature", "geometry": {"type": "Point", "coordinates": [24.897042, 42.234645]}, "properties": {"subtype": "benchmark_mound", "confidence": 1.0, "vote_count": 5, "total_passes": 5, "contributing_passes": ["run_1", "run_2", "run_3", "run_4", "run_5"], "source_tiles": ["K-35-062-2_Rakovski_x2352_y2016.png"], "cluster_size": 5, "mound_probability": 0.2, "candidate_id": 507, "source_tile": "K-35-062-2_Rakovski_x2352_y2016.png"}}, {"type": "Feature", "geometry": {"type": "Point", "coordinates": [24.901923, 42.2316]}, "properties": {"subtype": "burial_mound", "confidence": 1.0, "vote_count": 5, "total_passes": 5, "contributing_passes": ["run_1", "run_2", "run_3", "run_4", "run_5"], "source_tiles": ["K-35-062-2_Rakovski_x2352_y2016.png"], "cluster_size": 5, "mound_probability": 1.0, "candidate_id": 508, "source_tile": "K-35-062-2_Rakovski_x2352_y2016.png"}}, {"type": "Feature", "geometry": {"type": "Point", "coordinates": [24.901536, 42.205852]}, "properties": {"subtype": "triangulation_mound", "confidence": 1.0, "vote_count": 5, "total_passes": 5, "contributing_passes": ["run_1", "run_2", "run_3", "run_4", "run_5"], "source_tiles": ["K-35-062-2_Rakovski_x2352_y2688.png"], "cluster_size": 5, "mound_probability": 0.95, "candidate_id": 510, "source_tile": "K-35-062-2_Rakovski_x2352_y2688.png"}}, {"type": "Feature", "geometry": {"type": "Point", "coordinates": [24.898359, 42.203254]}, "properties": {"subtype": "burial_mound", "confidence": 1.0, "vote_count": 5, "total_passes": 5, "contributing_passes": ["run_1", "run_2", "run_3", "run_4", "run_5"], "source_tiles": ["K-35-062-2_Rakovski_x2352_y2688.png"], "cluster_size": 5, "mound_probability": 1.0, "candidate_id": 511, "source_tile": "K-35-062-2_Rakovski_x2352_y2688.png"}}, {"type": "Feature", "geometry": {"type": "Point", "coordinates": [24.907178, 42.202919]}, "properties": {"subtype": "burial_mound", "confidence": 1.0, "vote_count": 5, "total_passes": 5, "contributing_passes": ["run_1", "run_2", "run_3", "run_4", "run_5"], "source_tiles": ["K-35-062-2_Rakovski_x2352_y2688.png"], "cluster_size": 5, "mound_probability": 0.85, "candidate_id": 512, "source_tile": "K-35-062-2_Rakovski_x2352_y2688.png"}}, {"type": "Feature", "geometry": {"type": "Point", "coordinates": [24.94947, 42.187889]}, "properties": {"subtype": "burial_mound", "confidence": 1.0, "vote_count": 5, "total_passes": 5, "contributing_passes": ["run_1", "run_2", "run_3", "run_4", "run_5"], "source_tiles": ["K-35-062-2_Rakovski_x3024_y3024.png"], "cluster_size": 5, "mound_probability": 1.0, "candidate_id": 513, "source_tile": "K-35-062-2_Rakovski_x3024_y3024.png"}}, {"type": "Feature", "geometry": {"type": "Point", "coordinates": [24.914561, 42.268011]}, "properties": {"subtype": "benchmark_mound", "confidence": 1.0, "vote_count": 5, "total_passes": 5, "contributing_passes": ["run_1", "run_2", "run_3", "run_4", "run_5"], "source_tiles": ["K-35-062-2_Rakovski_x2688_y1344.png"], "cluster_size": 5, "mound_probability": 0.95, "candidate_id": 515, "source_tile": "K-35-062-2_Rakovski_x2688_y1344.png"}}, {"type": "Feature", "geometry": {"type": "Point", "coordinates": [24.917892, 42.263667]}, "properties": {"subtype": "burial_mound", "confidence": 1.0, "vote_count": 5, "total_passes": 5, "contributing_passes": ["run_1", "run_2", "run_3", "run_4", "run_5"], "source_tiles": ["K-35-062-2_Rakovski_x2688_y1344.png"], "cluster_size": 5, "mound_probability": 1.0, "candidate_id": 516, "source_tile": "K-35-062-2_Rakovski_x2688_y1344.png"}}, {"type": "Feature", "geometry": {"type": "Point", "coordinates": [24.920424, 42.26844]}, "properties": {"subtype": "burial_mound", "confidence": 1.0, "vote_count": 5, "total_passes": 5, "contributing_passes": ["run_1", "run_2", "run_3", "run_4", "run_5"], "source_tiles": ["K-35-062-2_Rakovski_x2688_y1344.png"], "cluster_size": 5, "mound_probability": 1.0, "candidate_id": 517, "source_tile": "K-35-062-2_Rakovski_x2688_y1344.png"}}, {"type": "Feature", "geometry": {"type": "Point", "coordinates": [24.928913, 42.26154]}, "properties": {"subtype": "benchmark_mound", "confidence": 1.0, "vote_count": 5, "total_passes": 5, "contributing_passes": ["run_1", "run_2", "run_3", "run_4", "run_5"], "source_tiles": ["K-35-062-2_Rakovski_x2688_y1344.png"], "cluster_size": 5, "mound_probability": 0.4, "candidate_id": 518, "source_tile": "K-35-062-2_Rakovski_x2688_y1344.png"}}, {"type": "Feature", "geometry": {"type": "Point", "coordinates": [24.925982, 42.174847]}, "properties": {"subtype": "benchmark_mound", "confidence": 1.0, "vote_count": 5, "total_passes": 5, "contributing_passes": ["run_1", "run_2", "run_3", "run_4", "run_5"], "source_tiles": ["K-35-062-2_Rakovski_x2688_y3360.png"], "cluster_size": 5, "mound_probability": 1.0, "candidate_id": 521, "source_tile": "K-35-062-2_Rakovski_x2688_y3360.png"}}, {"type": "Feature", "geometry": {"type": "Point", "coordinates": [24.94337, 42.249778]}, "properties": {"subtype": "burial_mound", "confidence": 1.0, "vote_count": 5, "total_passes": 5, "contributing_passes": ["run_1", "run_2", "run_3", "run_4", "run_5"], "source_tiles": ["K-35-062-2_Rakovski_x3024_y1680.png"], "cluster_size": 5, "mound_probability": 0.95, "candidate_id": 524, "source_tile": "K-35-062-2_Rakovski_x3024_y1680.png"}}, {"type": "Feature", "geometry": {"type": "Point", "coordinates": [24.950327, 42.244442]}, "properties": {"subtype": "burial_mound", "confidence": 0.8, "vote_count": 4, "total_passes": 5, "contributing_passes": ["run_1", "run_2", "run_3", "run_5"], "source_tiles": ["K-35-062-2_Rakovski_x3024_y1680.png", "K-35-062-2_Rakovski_x3360_y1680.png", "K-35-062-2_Rakovski_x3360_y2016.png"], "cluster_size": 5, "mound_probability": 0.85, "candidate_id": 525, "source_tile": "K-35-062-2_Rakovski_x3024_y1680.png"}}, {"type": "Feature", "geometry": {"type": "Point", "coordinates": [24.938686, 42.174592]}, "properties": {"subtype": "triangulation_mound", "confidence": 1.0, "vote_count": 5, "total_passes": 5, "contributing_passes": ["run_1", "run_2", "run_3", "run_4", "run_5"], "source_tiles": ["K-35-062-2_Rakovski_x3024_y3360.png"], "cluster_size": 5, "mound_probability": 1.0, "candidate_id": 526, "source_tile": "K-35-062-2_Rakovski_x3024_y3360.png"}}, {"type": "Feature", "geometry": {"type": "Point", "coordinates": [24.942475, 42.171646]}, "properties": {"subtype": "burial_mound", "confidence": 0.8, "vote_count": 4, "total_passes": 5, "contributing_passes": ["run_1", "run_3", "run_4", "run_5"], "source_tiles": ["K-35-062-2_Rakovski_x3024_y3360.png"], "cluster_size": 4, "mound_probability": 1.0, "candidate_id": 527, "source_tile": "K-35-062-2_Rakovski_x3024_y3360.png"}}, {"type": "Feature", "geometry": {"type": "Point", "coordinates": [24.918722, 42.327237]}, "properties": {"subtype": "burial_mound", "confidence": 1.0, "vote_count": 5, "total_passes": 5, "contributing_passes": ["run_1", "run_2", "run_3", "run_4", "run_5"], "source_tiles": ["K-35-062-2_Rakovski_x2688_y0.png"], "cluster_size": 5, "mound_probability": 0.95, "candidate_id": 530, "source_tile": "K-35-062-2_Rakovski_x2688_y0.png"}}, {"type": "Feature", "geometry": {"type": "Point", "coordinates": [24.911984, 42.321976]}, "properties": {"subtype": "burial_mound", "confidence": 1.0, "vote_count": 5, "total_passes": 5, "contributing_passes": ["run_1", "run_2", "run_3", "run_4", "run_5"], "source_tiles": ["K-35-062-2_Rakovski_x2688_y0.png"], "cluster_size": 5, "mound_probability": 1.0, "candidate_id": 531, "source_tile": "K-35-062-2_Rakovski_x2688_y0.png"}}, {"type": "Feature", "geometry": {"type": "Point", "coordinates": [24.917086, 42.316489]}, "properties": {"subtype": "burial_mound", "confidence": 1.0, "vote_count": 5, "total_passes": 5, "contributing_passes": ["run_1", "run_2", "run_3", "run_4", "run_5"], "source_tiles": ["K-35-062-2_Rakovski_x2688_y336.png"], "cluster_size": 5, "mound_probability": 0.85, "candidate_id": 535, "source_tile": "K-35-062-2_Rakovski_x2688_y336.png"}}, {"type": "Feature", "geometry": {"type": "Point", "coordinates": [24.921606, 42.317128]}, "properties": {"subtype": "burial_mound", "confidence": 1.0, "vote_count": 5, "total_passes": 5, "contributing_passes": ["run_1", "run_2", "run_3", "run_4", "run_5"], "source_tiles": ["K-35-062-2_Rakovski_x2688_y336.png"], "cluster_size": 5, "mound_probability": 1.0, "candidate_id": 536, "source_tile": "K-35-062-2_Rakovski_x2688_y336.png"}}, {"type": "Feature", "geometry": {"type": "Point", "coordinates": [24.916441, 42.312652]}, "properties": {"subtype": "burial_mound", "confidence": 0.8, "vote_count": 4, "total_passes": 5, "contributing_passes": ["run_1", "run_2", "run_4", "run_5"], "source_tiles": ["K-35-062-2_Rakovski_x2688_y336.png"], "cluster_size": 4, "mound_probability": 0.85, "candidate_id": 537, "source_tile": "K-35-062-2_Rakovski_x2688_y336.png"}}, {"type": "Feature", "geometry": {"type": "Point", "coordinates": [24.921511, 42.311451]}, "properties": {"subtype": "burial_mound", "confidence": 0.8, "vote_count": 4, "total_passes": 5, "contributing_passes": ["run_1", "run_2", "run_4", "run_5"], "source_tiles": ["K-35-062-2_Rakovski_x2688_y336.png"], "cluster_size": 4, "mound_probability": 0.85, "candidate_id": 538, "source_tile": "K-35-062-2_Rakovski_x2688_y336.png"}}, {"type": "Feature", "geometry": {"type": "Point", "coordinates": [24.928426, 42.319814]}, "properties": {"subtype": "benchmark_mound", "confidence": 1.0, "vote_count": 5, "total_passes": 5, "contributing_passes": ["run_1", "run_2", "run_3", "run_4", "run_5"], "source_tiles": ["K-35-062-2_Rakovski_x2688_y336.png", "K-35-062-2_Rakovski_x3024_y0.png", "K-35-062-2_Rakovski_x3024_y336.png"], "cluster_size": 5, "mound_probability": 1.0, "candidate_id": 539, "source_tile": "K-35-062-2_Rakovski_x2688_y336.png"}}, {"type": "Feature", "geometry": {"type": "Point", "coordinates": [24.929628, 42.311739]}, "properties": {"subtype": "burial_mound", "confidence": 1.0, "vote_count": 5, "total_passes": 5, "contributing_passes": ["run_1", "run_2", "run_3", "run_4", "run_5"], "source_tiles": ["K-35-062-2_Rakovski_x2688_y336.png", "K-35-062-2_Rakovski_x3024_y336.png"], "cluster_size": 5, "mound_probability": 1.0, "candidate_id": 540, "source_tile": "K-35-062-2_Rakovski_x2688_y336.png"}}, {"type": "Feature", "geometry": {"type": "Point", "coordinates": [24.969803, 42.214447]}, "properties": {"subtype": "burial_mound", "confidence": 1.0, "vote_count": 5, "total_passes": 5, "contributing_passes": ["run_1", "run_2", "run_3", "run_4", "run_5"], "source_tiles": ["K-35-062-2_Rakovski_x3360_y2352.png"], "cluster_size": 5, "mound_probability": 1.0, "candidate_id": 541, "source_tile": "K-35-062-2_Rakovski_x3360_y2352.png"}}, {"type": "Feature", "geometry": {"type": "Point", "coordinates": [24.971062, 42.214283]}, "properties": {"subtype": "burial_mound", "confidence": 1.0, "vote_count": 5, "total_passes": 5, "contributing_passes": ["run_1", "run_2", "run_3", "run_4", "run_5"], "source_tiles": ["K-35-062-2_Rakovski_x3360_y2352.png"], "cluster_size": 5, "mound_probability": 0.95, "candidate_id": 542, "source_tile": "K-35-062-2_Rakovski_x3360_y2352.png"}}, {"type": "Feature", "geometry": {"type": "Point", "coordinates": [24.972179, 42.270487]}, "properties": {"subtype": "burial_mound", "confidence": 1.0, "vote_count": 5, "total_passes": 5, "contributing_passes": ["run_1", "run_2", "run_3", "run_4", "run_5"], "source_tiles": ["K-35-062-2_Rakovski_x3360_y1344.png", "K-35-062-2_Rakovski_x3696_y1344.png"], "cluster_size": 5, "mound_probability": 0.95, "candidate_id": 543, "source_tile": "K-35-062-2_Rakovski_x3360_y1344.png"}}, {"type": "Feature", "geometry": {"type": "Point", "coordinates": [24.965083, 42.261364]}, "properties": {"subtype": "burial_mound", "confidence": 1.0, "vote_count": 5, "total_passes": 5, "contributing_passes": ["run_1", "run_2", "run_3", "run_4", "run_5"], "source_tiles": ["K-35-062-2_Rakovski_x3360_y1344.png"], "cluster_size": 5, "mound_probability": 1.0, "candidate_id": 544, "source_tile": "K-35-062-2_Rakovski_x3360_y1344.png"}}, {"type": "Feature", "geometry": {"type": "Point", "coordinates": [24.936815, 42.332186]}, "properties": {"subtype": "burial_mound", "confidence": 1.0, "vote_count": 5, "total_passes": 5, "contributing_passes": ["run_1", "run_2", "run_3", "run_4", "run_5"], "source_tiles": ["K-35-062-2_Rakovski_x3024_y0.png"], "cluster_size": 5, "mound_probability": 1.0, "candidate_id": 547, "source_tile": "K-35-062-2_Rakovski_x3024_y0.png"}}, {"type": "Feature", "geometry": {"type": "Point", "coordinates": [24.934378, 42.330247]}, "properties": {"subtype": "burial_mound", "confidence": 1.0, "vote_count": 5, "total_passes": 5, "contributing_passes": ["run_1", "run_2", "run_3", "run_4", "run_5"], "source_tiles": ["K-35-062-2_Rakovski_x3024_y0.png"], "cluster_size": 5, "mound_probability": 0.2, "candidate_id": 549, "source_tile": "K-35-062-2_Rakovski_x3024_y0.png"}}, {"type": "Feature", "geometry": {"type": "Point", "coordinates": [24.930943, 42.323104]}, "properties": {"subtype": "burial_mound", "confidence": 1.0, "vote_count": 5, "total_passes": 5, "contributing_passes": ["run_1", "run_2", "run_3", "run_4", "run_5"], "source_tiles": ["K-35-062-2_Rakovski_x3024_y0.png"], "cluster_size": 5, "mound_probability": 1.0, "candidate_id": 551, "source_tile": "K-35-062-2_Rakovski_x3024_y0.png"}}, {"type": "Feature", "geometry": {"type": "Point", "coordinates": [24.94541, 42.316144]}, "properties": {"subtype": "burial_mound", "confidence": 1.0, "vote_count": 5, "total_passes": 5, "contributing_passes": ["run_1", "run_2", "run_3", "run_4", "run_5"], "source_tiles": ["K-35-062-2_Rakovski_x3024_y336.png"], "cluster_size": 5, "mound_probability": 1.0, "candidate_id": 555, "source_tile": "K-35-062-2_Rakovski_x3024_y336.png"}}, {"type": "Feature", "geometry": {"type": "Point", "coordinates": [24.945809, 42.316861]}, "properties": {"subtype": "burial_mound", "confidence": 0.8, "vote_count": 4, "total_passes": 5, "contributing_passes": ["run_1", "run_2", "run_4", "run_5"], "source_tiles": ["K-35-062-2_Rakovski_x3024_y336.png"], "cluster_size": 4, "mound_probability": 0.95, "candidate_id": 556, "source_tile": "K-35-062-2_Rakovski_x3024_y336.png"}}, {"type": "Feature", "geometry": {"type": "Point", "coordinates": [24.928593, 42.319643]}, "properties": {"subtype": "benchmark_mound", "confidence": 0.8, "vote_count": 4, "total_passes": 5, "contributing_passes": ["run_1", "run_2", "run_4", "run_5"], "source_tiles": ["K-35-062-2_Rakovski_x3024_y336.png"], "cluster_size": 4, "mound_probability": 1.0, "candidate_id": 557, "source_tile": "K-35-062-2_Rakovski_x3024_y336.png"}}, {"type": "Feature", "geometry": {"type": "Point", "coordinates": [24.940102, 42.286316]}, "properties": {"subtype": "triangulation_mound", "confidence": 1.0, "vote_count": 5, "total_passes": 5, "contributing_passes": ["run_1", "run_2", "run_3", "run_4", "run_5"], "source_tiles": ["K-35-062-2_Rakovski_x3024_y1008.png"], "cluster_size": 5, "mound_probability": 0.95, "candidate_id": 559, "source_tile": "K-35-062-2_Rakovski_x3024_y1008.png"}}, {"type": "Feature", "geometry": {"type": "Point", "coordinates": [24.970683, 42.253341]}, "properties": {"subtype": "benchmark_mound", "confidence": 1.0, "vote_count": 5, "total_passes": 5, "contributing_passes": ["run_1", "run_2", "run_3", "run_4", "run_5"], "source_tiles": ["K-35-062-2_Rakovski_x3360_y1680.png", "K-35-062-2_Rakovski_x3696_y1680.png"], "cluster_size": 6, "mound_probability": 0.95, "candidate_id": 561, "source_tile": "K-35-062-2_Rakovski_x3360_y1680.png"}}, {"type": "Feature", "geometry": {"type": "Point", "coordinates": [24.955879, 42.249535]}, "properties": {"subtype": "benchmark_mound", "confidence": 1.0, "vote_count": 5, "total_passes": 5, "contributing_passes": ["run_1", "run_2", "run_3", "run_4", "run_5"], "source_tiles": ["K-35-062-2_Rakovski_x3360_y1680.png"], "cluster_size": 5, "mound_probability": 1.0, "candidate_id": 562, "source_tile": "K-35-062-2_Rakovski_x3360_y1680.png"}}, {"type": "Feature", "geometry": {"type": "Point", "coordinates": [24.927524, 42.1973]}, "properties": {"subtype": "benchmark_mound", "confidence": 0.8, "vote_count": 4, "total_passes": 5, "contributing_passes": ["run_1", "run_2", "run_3", "run_5"], "source_tiles": ["K-35-062-2_Rakovski_x2688_y3024.png"], "cluster_size": 4, "mound_probability": 0.95, "candidate_id": 563, "source_tile": "K-35-062-2_Rakovski_x2688_y3024.png"}}, {"type": "Feature", "geometry": {"type": "Point", "coordinates": [24.984281, 42.327953]}, "properties": {"subtype": "burial_mound", "confidence": 1.0, "vote_count": 5, "total_passes": 5, "contributing_passes": ["run_1", "run_2", "run_3", "run_4", "run_5"], "source_tiles": ["K-35-062-2_Rakovski_x3696_y0.png"], "cluster_size": 5, "mound_probability": 0.85, "candidate_id": 566, "source_tile": "K-35-062-2_Rakovski_x3696_y0.png"}}, {"type": "Feature", "geometry": {"type": "Point", "coordinates": [24.777847, 42.279785]}, "properties": {"subtype": "burial_mound", "confidence": 1.0, "vote_count": 5, "total_passes": 5, "contributing_passes": ["run_1", "run_2", "run_3", "run_4", "run_5"], "source_tiles": ["K-35-062-2_Rakovski_x336_y1008.png"], "cluster_size": 5, "mound_probability": 0.95, "candidate_id": 567, "source_tile": "K-35-062-2_Rakovski_x336_y1008.png"}}, {"type": "Feature", "geometry": {"type": "Point", "coordinates": [24.771335, 42.278263]}, "properties": {"subtype": "burial_mound", "confidence": 1.0, "vote_count": 5, "total_passes": 5, "contributing_passes": ["run_1", "run_2", "run_3", "run_4", "run_5"], "source_tiles": ["K-35-062-2_Rakovski_x336_y1008.png"], "cluster_size": 5, "mound_probability": 0.95, "candidate_id": 568, "source_tile": "K-35-062-2_Rakovski_x336_y1008.png"}}, {"type": "Feature", "geometry": {"type": "Point", "coordinates": [24.768965, 42.274975]}, "properties": {"subtype": "burial_mound", "confidence": 1.0, "vote_count": 5, "total_passes": 5, "contributing_passes": ["run_1", "run_2", "run_3", "run_4", "run_5"], "source_tiles": ["K-35-062-2_Rakovski_x336_y1008.png"], "cluster_size": 5, "mound_probability": 1.0, "candidate_id": 569, "source_tile": "K-35-062-2_Rakovski_x336_y1008.png"}}, {"type": "Feature", "geometry": {"type": "Point", "coordinates": [24.986934, 42.241842]}, "properties": {"subtype": "burial_mound", "confidence": 1.0, "vote_count": 5, "total_passes": 5, "contributing_passes": ["run_1", "run_2", "run_3", "run_4", "run_5"], "source_tiles": ["K-35-062-2_Rakovski_x3696_y2016.png"], "cluster_size": 5, "mound_probability": 1.0, "candidate_id": 574, "source_tile": "K-35-062-2_Rakovski_x3696_y2016.png"}}, {"type": "Feature", "geometry": {"type": "Point", "coordinates": [24.937652, 42.29666]}, "properties": {"subtype": "benchmark_mound", "confidence": 0.8, "vote_count": 4, "total_passes": 5, "contributing_passes": ["run_1", "run_2", "run_3", "run_5"], "source_tiles": ["K-35-062-2_Rakovski_x3024_y672.png"], "cluster_size": 4, "mound_probability": 0.95, "candidate_id": 575, "source_tile": "K-35-062-2_Rakovski_x3024_y672.png"}}, {"type": "Feature", "geometry": {"type": "Point", "coordinates": [24.990407, 42.209174]}, "properties": {"subtype": "benchmark_mound", "confidence": 1.0, "vote_count": 5, "total_passes": 5, "contributing_passes": ["run_1", "run_2", "run_3", "run_4", "run_5"], "source_tiles": ["K-35-062-2_Rakovski_x3696_y2688.png"], "cluster_size": 5, "mound_probability": 0.95, "candidate_id": 576, "source_tile": "K-35-062-2_Rakovski_x3696_y2688.png"}}, {"type": "Feature", "geometry": {"type": "Point", "coordinates": [24.983021, 42.274984]}, "properties": {"subtype": "burial_mound", "confidence": 1.0, "vote_count": 5, "total_passes": 5, "contributing_passes": ["run_1", "run_2", "run_3", "run_4", "run_5"], "source_tiles": ["K-35-062-2_Rakovski_x3696_y1008.png", "K-35-062-2_Rakovski_x3696_y1344.png"], "cluster_size": 5, "mound_probability": 1.0, "candidate_id": 578, "source_tile": "K-35-062-2_Rakovski_x3696_y1008.png"}}, {"type": "Feature", "geometry": {"type": "Point", "coordinates": [24.770686, 42.30195]}, "properties": {"subtype": "burial_mound", "confidence": 1.0, "vote_count": 5, "total_passes": 5, "contributing_passes": ["run_1", "run_2", "run_3", "run_4", "run_5"], "source_tiles": ["K-35-062-2_Rakovski_x336_y336.png", "K-35-062-2_Rakovski_x336_y672.png"], "cluster_size": 5, "mound_probability": 1.0, "candidate_id": 580, "source_tile": "K-35-062-2_Rakovski_x336_y336.png"}}, {"type": "Feature", "geometry": {"type": "Point", "coordinates": [24.976202, 42.222089]}, "properties": {"subtype": "benchmark_mound", "confidence": 1.0, "vote_count": 5, "total_passes": 5, "contributing_passes": ["run_1", "run_2", "run_3", "run_4", "run_5"], "source_tiles": ["K-35-062-2_Rakovski_x3696_y2352.png"], "cluster_size": 5, "mound_probability": 0.85, "candidate_id": 581, "source_tile": "K-35-062-2_Rakovski_x3696_y2352.png"}}, {"type": "Feature", "geometry": {"type": "Point", "coordinates": [24.982451, 42.252557]}, "properties": {"subtype": "burial_mound", "confidence": 1.0, "vote_count": 5, "total_passes": 5, "contributing_passes": ["run_1", "run_2", "run_3", "run_4", "run_5"], "source_tiles": ["K-35-062-2_Rakovski_x3696_y1680.png"], "cluster_size": 5, "mound_probability": 0.95, "candidate_id": 582, "source_tile": "K-35-062-2_Rakovski_x3696_y1680.png"}}, {"type": "Feature", "geometry": {"type": "Point", "coordinates": [24.990054, 42.276966]}, "properties": {"subtype": "burial_mound", "confidence": 1.0, "vote_count": 5, "total_passes": 5, "contributing_passes": ["run_1", "run_2", "run_3", "run_4", "run_5"], "source_tiles": ["K-35-062-2_Rakovski_x3696_y1008.png", "K-35-062-2_Rakovski_x4032_y1008.png"], "cluster_size": 6, "mound_probability": 0.95, "candidate_id": 584, "source_tile": "K-35-062-2_Rakovski_x3696_y1008.png"}}, {"type": "Feature", "geometry": {"type": "Point", "coordinates": [24.770601, 42.300711]}, "properties": {"subtype": "burial_mound", "confidence": 0.8, "vote_count": 4, "total_passes": 5, "contributing_passes": ["run_1", "run_3", "run_4", "run_5"], "source_tiles": ["K-35-062-2_Rakovski_x336_y672.png"], "cluster_size": 4, "mound_probability": 1.0, "candidate_id": 585, "source_tile": "K-35-062-2_Rakovski_x336_y672.png"}}, {"type": "Feature", "geometry": {"type": "Point", "coordinates": [24.776394, 42.300475]}, "properties": {"subtype": "burial_mound", "confidence": 1.0, "vote_count": 5, "total_passes": 5, "contributing_passes": ["run_1", "run_2", "run_3", "run_4", "run_5"], "source_tiles": ["K-35-062-2_Rakovski_x336_y672.png"], "cluster_size": 5, "mound_probability": 0.85, "candidate_id": 586, "source_tile": "K-35-062-2_Rakovski_x336_y672.png"}}, {"type": "Feature", "geometry": {"type": "Point", "coordinates": [24.975664, 42.179064]}, "properties": {"subtype": "burial_mound", "confidence": 1.0, "vote_count": 5, "total_passes": 5, "contributing_passes": ["run_1", "run_2", "run_3", "run_4", "run_5"], "source_tiles": ["K-35-062-2_Rakovski_x3696_y3360.png"], "cluster_size": 5, "mound_probability": 1.0, "candidate_id": 590, "source_tile": "K-35-062-2_Rakovski_x3696_y3360.png"}}, {"type": "Feature", "geometry": {"type": "Point", "coordinates": [24.994977, 42.170957]}, "properties": {"subtype": "burial_mound", "confidence": 1.0, "vote_count": 5, "total_passes": 5, "contributing_passes": ["run_1", "run_2", "run_3", "run_4", "run_5"], "source_tiles": ["K-35-062-2_Rakovski_x3696_y3360.png", "K-35-062-2_Rakovski_x4032_y3360.png"], "cluster_size": 6, "mound_probability": 1.0, "candidate_id": 591, "source_tile": "K-35-062-2_Rakovski_x3696_y3360.png"}}, {"type": "Feature", "geometry": {"type": "Point", "coordinates": [24.983761, 42.31677]}, "properties": {"subtype": "burial_mound", "confidence": 1.0, "vote_count": 5, "total_passes": 5, "contributing_passes": ["run_1", "run_2", "run_3", "run_4", "run_5"], "source_tiles": ["K-35-062-2_Rakovski_x3696_y336.png"], "cluster_size": 5, "mound_probability": 1.0, "candidate_id": 593, "source_tile": "K-35-062-2_Rakovski_x3696_y336.png"}}, {"type": "Feature", "geometry": {"type": "Point", "coordinates": [24.99729, 42.187738]}, "properties": {"subtype": "burial_mound", "confidence": 1.0, "vote_count": 5, "total_passes": 5, "contributing_passes": ["run_1", "run_2", "run_3", "run_4", "run_5"], "source_tiles": ["K-35-062-2_Rakovski_x4032_y3024.png"], "cluster_size": 5, "mound_probability": 0.85, "candidate_id": 597, "source_tile": "K-35-062-2_Rakovski_x4032_y3024.png"}}, {"type": "Feature", "geometry": {"type": "Point", "coordinates": [24.983767, 42.287365]}, "properties": {"subtype": "triangulation_mound", "confidence": 1.0, "vote_count": 5, "total_passes": 5, "contributing_passes": ["run_1", "run_2", "run_3", "run_4", "run_5"], "source_tiles": ["K-35-062-2_Rakovski_x3696_y1008.png"], "cluster_size": 5, "mound_probability": 1.0, "candidate_id": 600, "source_tile": "K-35-062-2_Rakovski_x3696_y1008.png"}}, {"type": "Feature", "geometry": {"type": "Point", "coordinates": [24.984617, 42.282191]}, "properties": {"subtype": "burial_mound", "confidence": 1.0, "vote_count": 5, "total_passes": 5, "contributing_passes": ["run_1", "run_2", "run_3", "run_4", "run_5"], "source_tiles": ["K-35-062-2_Rakovski_x3696_y1008.png"], "cluster_size": 5, "mound_probability": 1.0, "candidate_id": 601, "source_tile": "K-35-062-2_Rakovski_x3696_y1008.png"}}, {"type": "Feature", "geometry": {"type": "Point", "coordinates": [24.976043, 42.29056]}, "properties": {"subtype": "burial_mound", "confidence": 1.0, "vote_count": 5, "total_passes": 5, "contributing_passes": ["run_1", "run_2", "run_3", "run_4", "run_5"], "source_tiles": ["K-35-062-2_Rakovski_x3696_y1008.png", "K-35-062-2_Rakovski_x3696_y672.png"], "cluster_size": 5, "mound_probability": 1.0, "candidate_id": 602, "source_tile": "K-35-062-2_Rakovski_x3696_y1008.png"}}, {"type": "Feature", "geometry": {"type": "Point", "coordinates": [24.982275, 42.274969]}, "properties": {"subtype": "burial_mound", "confidence": 0.8, "vote_count": 4, "total_passes": 5, "contributing_passes": ["run_1", "run_2", "run_4", "run_5"], "source_tiles": ["K-35-062-2_Rakovski_x3696_y1008.png"], "cluster_size": 4, "mound_probability": 1.0, "candidate_id": 603, "source_tile": "K-35-062-2_Rakovski_x3696_y1008.png"}}, {"type": "Feature", "geometry": {"type": "Point", "coordinates": [24.994869, 42.303071]}, "properties": {"subtype": "burial_mound", "confidence": 1.0, "vote_count": 5, "total_passes": 5, "contributing_passes": ["run_1", "run_2", "run_3", "run_4", "run_5"], "source_tiles": ["K-35-062-2_Rakovski_x4032_y672.png"], "cluster_size": 5, "mound_probability": 1.0, "candidate_id": 606, "source_tile": "K-35-062-2_Rakovski_x4032_y672.png"}}, {"type": "Feature", "geometry": {"type": "Point", "coordinates": [24.79097, 42.250031]}, "properties": {"subtype": "burial_mound", "confidence": 1.0, "vote_count": 5, "total_passes": 5, "contributing_passes": ["run_1", "run_2", "run_3", "run_4", "run_5"], "source_tiles": ["K-35-062-2_Rakovski_x672_y1680.png"], "cluster_size": 5, "mound_probability": 1.0, "candidate_id": 608, "source_tile": "K-35-062-2_Rakovski_x672_y1680.png"}}, {"type": "Feature", "geometry": {"type": "Point", "coordinates": [24.795456, 42.272584]}, "properties": {"subtype": "triangulation_mound", "confidence": 0.8, "vote_count": 4, "total_passes": 5, "contributing_passes": ["run_1", "run_3", "run_4", "run_5"], "source_tiles": ["K-35-062-2_Rakovski_x672_y1008.png", "K-35-062-2_Rakovski_x672_y1344.png"], "cluster_size": 5, "mound_probability": 1.0, "candidate_id": 611, "source_tile": "K-35-062-2_Rakovski_x672_y1008.png"}}, {"type": "Feature", "geometry": {"type": "Point", "coordinates": [24.788988, 42.260553]}, "properties": {"subtype": "burial_mound", "confidence": 0.8, "vote_count": 4, "total_passes": 5, "contributing_passes": ["run_1", "run_3", "run_4", "run_5"], "source_tiles": ["K-35-062-2_Rakovski_x672_y1344.png"], "cluster_size": 4, "mound_probability": 1.0, "candidate_id": 612, "source_tile": "K-35-062-2_Rakovski_x672_y1344.png"}}, {"type": "Feature", "geometry": {"type": "Point", "coordinates": [24.776782, 42.329114]}, "properties": {"subtype": "burial_mound", "confidence": 1.0, "vote_count": 5, "total_passes": 5, "contributing_passes": ["run_1", "run_2", "run_3", "run_4", "run_5"], "source_tiles": ["K-35-062-2_Rakovski_x336_y0.png"], "cluster_size": 5, "mound_probability": 1.0, "candidate_id": 614, "source_tile": "K-35-062-2_Rakovski_x336_y0.png"}}, {"type": "Feature", "geometry": {"type": "Point", "coordinates": [24.777381, 42.332342]}, "properties": {"subtype": "burial_mound", "confidence": 0.8, "vote_count": 4, "total_passes": 5, "contributing_passes": ["run_1", "run_2", "run_3", "run_5"], "source_tiles": ["K-35-062-2_Rakovski_x336_y0.png"], "cluster_size": 4, "mound_probability": 1.0, "candidate_id": 615, "source_tile": "K-35-062-2_Rakovski_x336_y0.png"}}, {"type": "Feature", "geometry": {"type": "Point", "coordinates": [24.997834, 42.170725]}, "properties": {"subtype": "burial_mound", "confidence": 1.0, "vote_count": 5, "total_passes": 5, "contributing_passes": ["run_1", "run_2", "run_3", "run_4", "run_5"], "source_tiles": ["K-35-062-2_Rakovski_x4032_y3360.png"], "cluster_size": 5, "mound_probability": 0.75, "candidate_id": 617, "source_tile": "K-35-062-2_Rakovski_x4032_y3360.png"}}, {"type": "Feature", "geometry": {"type": "Point", "coordinates": [24.798646, 42.284387]}, "properties": {"subtype": "burial_mound", "confidence": 1.0, "vote_count": 5, "total_passes": 5, "contributing_passes": ["run_1", "run_2", "run_3", "run_4", "run_5"], "source_tiles": ["K-35-062-2_Rakovski_x672_y1008.png"], "cluster_size": 5, "mound_probability": 0.85, "candidate_id": 618, "source_tile": "K-35-062-2_Rakovski_x672_y1008.png"}}, {"type": "Feature", "geometry": {"type": "Point", "coordinates": [24.788541, 42.285412]}, "properties": {"subtype": "burial_mound", "confidence": 1.0, "vote_count": 5, "total_passes": 5, "contributing_passes": ["run_1", "run_2", "run_3", "run_4", "run_5"], "source_tiles": ["K-35-062-2_Rakovski_x672_y1008.png"], "cluster_size": 5, "mound_probability": 1.0, "candidate_id": 619, "source_tile": "K-35-062-2_Rakovski_x672_y1008.png"}}, {"type": "Feature", "geometry": {"type": "Point", "coordinates": [26.506864, 41.842215]}, "properties": {"subtype": "burial_mound", "confidence": 1.0, "vote_count": 5, "total_passes": 5, "contributing_passes": ["run_1", "run_2", "run_3", "run_4", "run_5"], "source_tiles": ["K-35-078-1_Lesovo_x0_y3360.png"], "cluster_size": 5, "mound_probability": 1.0, "candidate_id": 631, "source_tile": "K-35-078-1_Lesovo_x0_y3360.png"}}, {"type": "Feature", "geometry": {"type": "Point", "coordinates": [26.509444, 41.838123]}, "properties": {"subtype": "burial_mound", "confidence": 1.0, "vote_count": 5, "total_passes": 5, "contributing_passes": ["run_1", "run_2", "run_3", "run_4", "run_5"], "source_tiles": ["K-35-078-1_Lesovo_x0_y3360.png"], "cluster_size": 5, "mound_probability": 0.95, "candidate_id": 632, "source_tile": "K-35-078-1_Lesovo_x0_y3360.png"}}, {"type": "Feature", "geometry": {"type": "Point", "coordinates": [24.790772, 42.291346]}, "properties": {"subtype": "burial_mound", "confidence": 1.0, "vote_count": 5, "total_passes": 5, "contributing_passes": ["run_1", "run_2", "run_3", "run_4", "run_5"], "source_tiles": ["K-35-062-2_Rakovski_x672_y672.png"], "cluster_size": 5, "mound_probability": 0.95, "candidate_id": 638, "source_tile": "K-35-062-2_Rakovski_x672_y672.png"}}, {"type": "Feature", "geometry": {"type": "Point", "coordinates": [24.775532, 42.268397]}, "properties": {"subtype": "burial_mound", "confidence": 0.8, "vote_count": 4, "total_passes": 5, "contributing_passes": ["run_1", "run_3", "run_4", "run_5"], "source_tiles": ["K-35-062-2_Rakovski_x336_y1344.png"], "cluster_size": 4, "mound_probability": 1.0, "candidate_id": 640, "source_tile": "K-35-062-2_Rakovski_x336_y1344.png"}}, {"type": "Feature", "geometry": {"type": "Point", "coordinates": [24.77805, 42.267434]}, "properties": {"subtype": "burial_mound", "confidence": 1.0, "vote_count": 5, "total_passes": 5, "contributing_passes": ["run_1", "run_2", "run_3", "run_4", "run_5"], "source_tiles": ["K-35-062-2_Rakovski_x336_y1344.png"], "cluster_size": 5, "mound_probability": 1.0, "candidate_id": 641, "source_tile": "K-35-062-2_Rakovski_x336_y1344.png"}}, {"type": "Feature", "geometry": {"type": "Point", "coordinates": [24.777745, 42.263332]}, "properties": {"subtype": "burial_mound", "confidence": 1.0, "vote_count": 5, "total_passes": 5, "contributing_passes": ["run_1", "run_2", "run_3", "run_4", "run_5"], "source_tiles": ["K-35-062-2_Rakovski_x336_y1344.png"], "cluster_size": 5, "mound_probability": 0.85, "candidate_id": 644, "source_tile": "K-35-062-2_Rakovski_x336_y1344.png"}}, {"type": "Feature", "geometry": {"type": "Point", "coordinates": [24.774974, 42.256782]}, "properties": {"subtype": "burial_mound", "confidence": 0.8, "vote_count": 4, "total_passes": 5, "contributing_passes": ["run_1", "run_2", "run_3", "run_5"], "source_tiles": ["K-35-062-2_Rakovski_x336_y1344.png"], "cluster_size": 4, "mound_probability": 1.0, "candidate_id": 645, "source_tile": "K-35-062-2_Rakovski_x336_y1344.png"}}, {"type": "Feature", "geometry": {"type": "Point", "coordinates": [26.631185, 41.900545]}, "properties": {"subtype": "burial_mound", "confidence": 0.8, "vote_count": 4, "total_passes": 5, "contributing_passes": ["run_1", "run_3", "run_4", "run_5"], "source_tiles": ["K-35-078-1_Lesovo_x2016_y2016.png"], "cluster_size": 4, "mound_probability": 0.4, "candidate_id": 647, "source_tile": "K-35-078-1_Lesovo_x2016_y2016.png"}}, {"type": "Feature", "geometry": {"type": "Point", "coordinates": [26.659458, 41.98422]}, "properties": {"subtype": "triangulation_mound", "confidence": 1.0, "vote_count": 5, "total_passes": 5, "contributing_passes": ["run_1", "run_2", "run_3", "run_4", "run_5"], "source_tiles": ["K-35-078-1_Lesovo_x2352_y0.png", "K-35-078-1_Lesovo_x2352_y336.png"], "cluster_size": 5, "mound_probability": 0.95, "candidate_id": 667, "source_tile": "K-35-078-1_Lesovo_x2352_y0.png"}}, {"type": "Feature", "geometry": {"type": "Point", "coordinates": [26.678177, 41.916348]}, "properties": {"subtype": "burial_mound", "confidence": 1.0, "vote_count": 5, "total_passes": 5, "contributing_passes": ["run_1", "run_2", "run_3", "run_4", "run_5"], "source_tiles": ["K-35-078-1_Lesovo_x2688_y1680.png"], "cluster_size": 5, "mound_probability": 0.85, "candidate_id": 684, "source_tile": "K-35-078-1_Lesovo_x2688_y1680.png"}}, {"type": "Feature", "geometry": {"type": "Point", "coordinates": [26.659667, 41.975545]}, "properties": {"subtype": "burial_mound", "confidence": 0.8, "vote_count": 4, "total_passes": 5, "contributing_passes": ["run_1", "run_2", "run_3", "run_5"], "source_tiles": ["K-35-078-1_Lesovo_x2352_y336.png"], "cluster_size": 4, "mound_probability": 0.4, "candidate_id": 686, "source_tile": "K-35-078-1_Lesovo_x2352_y336.png"}}, {"type": "Feature", "geometry": {"type": "Point", "coordinates": [26.641825, 41.994046]}, "properties": {"subtype": "burial_mound", "confidence": 0.8, "vote_count": 4, "total_passes": 5, "contributing_passes": ["run_1", "run_3", "run_4", "run_5"], "source_tiles": ["K-35-078-1_Lesovo_x2016_y0.png"], "cluster_size": 4, "mound_probability": 0.95, "candidate_id": 688, "source_tile": "K-35-078-1_Lesovo_x2016_y0.png"}}, {"type": "Feature", "geometry": {"type": "Point", "coordinates": [26.529724, 41.858097]}, "properties": {"subtype": "burial_mound", "confidence": 1.0, "vote_count": 5, "total_passes": 5, "contributing_passes": ["run_1", "run_2", "run_3", "run_4", "run_5"], "source_tiles": ["K-35-078-1_Lesovo_x336_y3024.png"], "cluster_size": 5, "mound_probability": 0.85, "candidate_id": 744, "source_tile": "K-35-078-1_Lesovo_x336_y3024.png"}}, {"type": "Feature", "geometry": {"type": "Point", "coordinates": [26.52049, 41.853001]}, "properties": {"subtype": "burial_mound", "confidence": 0.8, "vote_count": 4, "total_passes": 5, "contributing_passes": ["run_1", "run_2", "run_3", "run_4"], "source_tiles": ["K-35-078-1_Lesovo_x336_y3024.png"], "cluster_size": 4, "mound_probability": 0.95, "candidate_id": 745, "source_tile": "K-35-078-1_Lesovo_x336_y3024.png"}}, {"type": "Feature", "geometry": {"type": "Point", "coordinates": [26.727831, 41.995907]}, "properties": {"subtype": "burial_mound", "confidence": 1.0, "vote_count": 5, "total_passes": 5, "contributing_passes": ["run_1", "run_2", "run_3", "run_4", "run_5"], "source_tiles": ["K-35-078-1_Lesovo_x3696_y0.png"], "cluster_size": 5, "mound_probability": 0.75, "candidate_id": 746, "source_tile": "K-35-078-1_Lesovo_x3696_y0.png"}}, {"type": "Feature", "geometry": {"type": "Point", "coordinates": [26.524941, 41.957604]}, "properties": {"subtype": "burial_mound", "confidence": 0.8, "vote_count": 4, "total_passes": 5, "contributing_passes": ["run_1", "run_3", "run_4", "run_5"], "source_tiles": ["K-35-078-1_Lesovo_x336_y672.png"], "cluster_size": 4, "mound_probability": 0.4, "candidate_id": 754, "source_tile": "K-35-078-1_Lesovo_x336_y672.png"}}, {"type": "Feature", "geometry": {"type": "Point", "coordinates": [26.744259, 41.97769]}, "properties": {"subtype": "burial_mound", "confidence": 1.0, "vote_count": 5, "total_passes": 5, "contributing_passes": ["run_1", "run_2", "run_3", "run_4", "run_5"], "source_tiles": ["K-35-078-1_Lesovo_x3696_y336.png", "K-35-078-1_Lesovo_x4032_y336.png"], "cluster_size": 5, "mound_probability": 1.0, "candidate_id": 772, "source_tile": "K-35-078-1_Lesovo_x3696_y336.png"}}, {"type": "Feature", "geometry": {"type": "Point", "coordinates": [26.53893, 41.841661]}, "properties": {"subtype": "burial_mound", "confidence": 1.0, "vote_count": 5, "total_passes": 5, "contributing_passes": ["run_1", "run_2", "run_3", "run_4", "run_5"], "source_tiles": ["K-35-078-1_Lesovo_x336_y3360.png"], "cluster_size": 5, "mound_probability": 1.0, "candidate_id": 782, "source_tile": "K-35-078-1_Lesovo_x336_y3360.png"}}, {"type": "Feature", "geometry": {"type": "Point", "coordinates": [26.536721, 41.837133]}, "properties": {"subtype": "burial_mound", "confidence": 0.8, "vote_count": 4, "total_passes": 5, "contributing_passes": ["run_1", "run_2", "run_3", "run_4"], "source_tiles": ["K-35-078-1_Lesovo_x336_y3360.png"], "cluster_size": 4, "mound_probability": 0.95, "candidate_id": 783, "source_tile": "K-35-078-1_Lesovo_x336_y3360.png"}}, {"type": "Feature", "geometry": {"type": "Point", "coordinates": [26.536135, 41.831712]}, "properties": {"subtype": "benchmark_mound", "confidence": 1.0, "vote_count": 5, "total_passes": 5, "contributing_passes": ["run_1", "run_2", "run_3", "run_4", "run_5"], "source_tiles": ["K-35-078-1_Lesovo_x336_y3360.png"], "cluster_size": 5, "mound_probability": 0.2, "candidate_id": 784, "source_tile": "K-35-078-1_Lesovo_x336_y3360.png"}}, {"type": "Feature", "geometry": {"type": "Point", "coordinates": [24.902613, 42.259843]}, "properties": {"subtype": "benchmark_mound", "confidence": 0.8, "vote_count": 4, "total_passes": 5, "contributing_passes": ["run_2", "run_3", "run_4", "run_5"], "source_tiles": ["K-35-062-2_Rakovski_x2352_y1344.png", "K-35-062-2_Rakovski_x2352_y1680.png"], "cluster_size": 4, "mound_probability": 1.0, "candidate_id": 900, "source_tile": "K-35-062-2_Rakovski_x2352_y1344.png"}}]}