{
  "K-35-062-2_Rakovski_x0_y0.png": [
    314011.2695191489,
    4686624.896728126,
    5.018839395051641,
    5.018839395051641
  ],
  "K-35-062-2_Rakovski_x448_y0.png": [
    316259.70956813206,
    4686624.896728126,
    5.018839395051641,
    5.018839395051641
  ],
  "K-35-062-2_Rakovski_x896_y0.png": [
    318508.1496171152,
    4686624.896728126,
    5.018839395051641,
    5.018839395051641
  ],
  "K-35-062-2_Rakovski_x1344_y0.png": [
    320756.5896660983,
    4686624.896728126,
    5.018839395051641,
    5.018839395051641
  ],
  "K-35-062-2_Rakovski_x1792_y0.png": [
    323005.02971508144,
    4686624.896728126,
    5.018839395051641,
    5.018839395051641
  ],
  "K-35-062-2_Rakovski_x2240_y0.png": [
    325253.4697640646,
    4686624.896728126,
    5.018839395051641,
    5.018839395051641
  ],
  "K-35-062-2_Rakovski_x2688_y0.png": [
    327501.90981304774,
    4686624.896728126,
    5.018839395051641,
    5.018839395051641
  ],
  "K-35-062-2_Rakovski_x3136_y0.png": [
    329750.3498620309,
    4686624.896728126,
    5.018839395051641,
    5.018839395051641
  ],
  "K-35-062-2_Rakovski_x3584_y0.png": [
    331998.789911014,
    4686624.896728126,
    5.018839395051641,
    5.018839395051641
  ],
  "K-35-062-2_Rakovski_x4032_y0.png": [
    334247.2299599971,
    4686624.896728126,
    5.018839395051641,
    5.018839395051641
  ],
  "K-35-062-2_Rakovski_x0_y448.png": [
    314011.2695191489,
    4684376.456679143,
    5.018839395051641,
    5.018839395051641
  ],
  "K-35-062-2_Rakovski_x448_y448.png": [
    316259.70956813206,
    4684376.456679143,
    5.018839395051641,
    5.018839395051641
  ],
  "K-35-062-2_Rakovski_x896_y448.png": [
    318508.1496171152,
    4684376.456679143,
    5.018839395051641,
    5.018839395051641
  ],
  "K-35-062-2_Rakovski_x1344_y448.png": [
    320756.5896660983,
    4684376.456679143,
    5.018839395051641,
    5.018839395051641
  ],
  "K-35-062-2_Rakovski_x1792_y448.png": [
    323005.02971508144,
    4684376.456679143,
    5.018839395051641,
    5.018839395051641
  ],
  "K-35-062-2_Rakovski_x2240_y448.png": [
    325253.4697640646,
    4684376.456679143,
    5.018839395051641,
    5.018839395051641
  ],
  "K-35-062-2_Rakovski_x2688_y448.png": [
    327501.90981304774,
    4684376.456679143,
    5.018839395051641,
    5.018839395051641
  ],
  "K-35-062-2_Rakovski_x3136_y448.png": [
    329750.3498620309,
    4684376.456679143,
    5.018839395051641,
    5.018839395051641
  ],
  "K-35-062-2_Rakovski_x3584_y448.png": [
    331998.789911014,
    4684376.456679143,
    5.018839395051641,
    5.018839395051641
  ],
  "K-35-062-2_Rakovski_x4032_y448.png": [
    334247.2299599971,
    4684376.456679143,
    5.018839395051641,
    5.018839395051641
  ],
  "K-35-062-2_Rakovski_x0_y896.png": [
    314011.2695191489,
    4682128.016630161,
    5.018839395051641,
    5.018839395051641
  ],
  "K-35-062-2_Rakovski_x448_y896.png": [
    316259.70956813206,
    4682128.016630161,
    5.018839395051641,
    5.018839395051641
  ],
  "K-35-062-2_Rakovski_x896_y896.png": [
    318508.1496171152,
    4682128.016630161,
    5.018839395051641,
    5.018839395051641
  ],
  "K-35-062-2_Rakovski_x1344_y896.png": [
    320756.5896660983,
    4682128.016630161,
    5.018839395051641,
    5.018839395051641
  ],
  "K-35-062-2_Rakovski_x1792_y896.png": [
    323005.02971508144,
    4682128.016630161,
    5.018839395051641,
    5.018839395051641
  ],
  "K-35-062-2_Rakovski_x2240_y896.png": [
    325253.4697640646,
    4682128.016630161,
    5.018839395051641,
    5.018839395051641
  ],
  "K-35-062-2_Rakovski_x2688_y896.png": [
    327501.90981304774,
    4682128.016630161,
    5.018839395051641,
    5.018839395051641
  ],
  "K-35-062-2_Rakovski_x3136_y896.png": [
    329750.3498620309,
    4682128.016630161,
    5.018839395051641,
    5.018839395051641
  ],
  "K-35-062-2_Rakovski_x3584_y896.png": [
    331998.789911014,
    4682128.016630161,
    5.018839395051641,
    5.018839395051641
  ],
  "K-35-062-2_Rakovski_x4032_y896.png": [
    334247.2299599971,
    4682128.016630161,
    5.018839395051641,
    5.018839395051641
  ],
  "K-35-062-2_Rakovski_x0_y1344.png": [
    314011.2695191489,
    4679879.576581177,
    5.018839395051641,
    5.018839395051641
  ],
  "K-35-062-2_Rakovski_x448_y1344.png": [
    316259.70956813206,
    4679879.576581177,
    5.018839395051641,
    5.018839395051641
  ],
  "K-35-062-2_Rakovski_x896_y1344.png": [
    318508.1496171152,
    4679879.576581177,
    5.018839395051641,
    5.018839395051641
  ],
  "K-35-062-2_Rakovski_x1344_y1344.png": [
    320756.5896660983,
    4679879.576581177,
    5.018839395051641,
    5.018839395051641
  ],
  "K-35-062-2_Rakovski_x1792_y1344.png": [
    323005.02971508144,
    4679879.576581177,
    5.018839395051641,
    5.018839395051641
  ],
  "K-35-062-2_Rakovski_x2240_y1344.png": [
    325253.4697640646,
    4679879.576581177,
    5.018839395051641,
    5.018839395051641
  ],
  "K-35-062-2_Rakovski_x2688_y1344.png": [
    327501.90981304774,
    4679879.576581177,
    5.018839395051641,
    5.018839395051641
  ],
  "K-35-062-2_Rakovski_x3136_y1344.png": [
    329750.3498620309,
    4679879.576581177,
    5.018839395051641,
    5.018839395051641
  ],
  "K-35-062-2_Rakovski_x3584_y1344.png": [
    331998.789911014,
    4679879.576581177,
    5.018839395051641,
    5.018839395051641
  ],
  "K-35-062-2_Rakovski_x4032_y1344.png": [
    334247.2299599971,
    4679879.576581177,
    5.018839395051641,
    5.018839395051641
  ],
  "K-35-062-2_Rakovski_x0_y1792.png": [
    314011.2695191489,
    4677631.136532194,
    5.018839395051641,
    5.018839395051641
  ],
  "K-35-062-2_Rakovski_x448_y1792.png": [
    316259.70956813206,
    4677631.136532194,
    5.018839395051641,
    5.018839395051641
  ],
  "K-35-062-2_Rakovski_x896_y1792.png": [
    318508.1496171152,
    4677631.136532194,
    5.018839395051641,
    5.018839395051641
  ],
  "K-35-062-2_Rakovski_x1344_y1792.png": [
    320756.5896660983,
    4677631.136532194,
    5.018839395051641,
    5.018839395051641
  ],
  "K-35-062-2_Rakovski_x1792_y1792.png": [
    323005.02971508144,
    4677631.136532194,
    5.018839395051641,
    5.018839395051641
  ],
  "K-35-062-2_Rakovski_x2240_y1792.png": [
    325253.4697640646,
    4677631.136532194,
    5.018839395051641,
    5.018839395051641
  ],
  "K-35-062-2_Rakovski_x2688_y1792.png": [
    327501.90981304774,
    4677631.136532194,
    5.018839395051641,
    5.018839395051641
  ],
  "K-35-062-2_Rakovski_x3136_y1792.png": [
    329750.3498620309,
    4677631.136532194,
    5.018839395051641,
    5.018839395051641
  ],
  "K-35-062-2_Rakovski_x3584_y1792.png": [
    331998.789911014,
    4677631.136532194,
    5.018839395051641,
    5.018839395051641
  ],
  "K-35-062-2_Rakovski_x4032_y1792.png": [
    334247.2299599971,
    4677631.136532194,
    5.018839395051641,
    5.018839395051641
  ],
  "K-35-062-2_Rakovski_x0_y2240.png": [
    314011.2695191489,
    4675382.696483211,
    5.018839395051641,
    5.018839395051641
  ],
  "K-35-062-2_Rakovski_x448_y2240.png": [
    316259.70956813206,
    4675382.696483211,
    5.018839395051641,
    5.018839395051641
  ],
  "K-35-062-2_Rakovski_x896_y2240.png": [
    318508.1496171152,
    4675382.696483211,
    5.018839395051641,
    5.018839395051641
  ],
  "K-35-062-2_Rakovski_x1344_y2240.png": [
    320756.5896660983,
    4675382.696483211,
    5.018839395051641,
    5.018839395051641
  ],
  "K-35-062-2_Rakovski_x1792_y2240.png": [
    323005.02971508144,
    4675382.696483211,
    5.018839395051641,
    5.018839395051641
  ],
  "K-35-062-2_Rakovski_x2240_y2240.png": [
    325253.4697640646,
    4675382.696483211,
    5.018839395051641,
    5.018839395051641
  ],
  "K-35-062-2_Rakovski_x2688_y2240.png": [
    327501.90981304774,
    4675382.696483211,
    5.018839395051641,
    5.018839395051641
  ],
  "K-35-062-2_Rakovski_x3136_y2240.png": [
    329750.3498620309,
    4675382.696483211,
    5.018839395051641,
    5.018839395051641
  ],