eval,family,class,conditions,analyses,n_detections,n_out_of_frame,n_out_of_frame_cross_sheet,n_origin_restored,off_f1_20,on_f1_20,new_f1_20,off_f1_50,new_f1_50,mcc_off,mcc_new,max_abs_delta_vs_off,max_abs_delta_vs_on
archive/superseded-consensus-2026-09-13/recovery-fragment-drop/evaluations-as-read-2026-09-13/gemini37-screen-2026-08-28__g37-text-k1-verified-carried-p0_10-k1/evaluation.json,[archive] GS-487 board (era2_b),as-predicted,,,558,32,0,0,0.8338368580060425,0.8616024973985432,0.8616024973985432,0.8519637462235649,0.8803329864724245,refused,refused,0.04611799337667122,0.0
archive/superseded-consensus-2026-09-13/recovery-fragment-drop/evaluations-as-read-2026-09-13/gemini37-screen-2026-08-28__g37-text-k1-verified-opmax/evaluation.json,[archive] GS-487 board (era2_b),as-predicted,,,502,27,0,0,0.8495197438633938,0.8747252747252747,0.8747252747252747,0.8708644610458912,0.8967032967032967,refused,refused,0.04619836443698888,0.0
archive/superseded-consensus-2026-09-13/recovery-fragment-drop/evaluations-as-read-2026-09-13/gemini37-screen-2026-08-28__g37-text-k3-verified-opmax/evaluation.json,[archive] GS-487 board (era2_b),as-predicted,,,495,28,0,0,0.886021505376344,0.9135254988913526,0.9135254988913526,0.9010752688172043,0.9290465631929048,refused,refused,0.05087275322821361,0.0
results/k-ladder-2026-09-12/phase2/cells/gemini37-screen-2026-08-28__g37-text-k1-verified-carried-p0_10-k1/evaluation.json,GS-487 board (era2_b),as-predicted,gemini37-screen-2026-08-28::g37-text-k1-verified-carried-p0.10-k1,k-ladder-2026-09-12;null-exemplar-sensitivity-2026-09-13,558,32,0,0,0.8338368580060425,0.8616024973985432,0.8616024973985432,0.8519637462235649,0.8803329864724245,refused,refused,0.04611799337667122,0.0
results/k-ladder-2026-09-12/phase2/cells/gemini37-screen-2026-08-28__g37-text-k1-verified-opmax/evaluation.json,GS-487 board (era2_b),as-predicted,gemini37-screen-2026-08-28::g37-text-k1-verified-opmax,k-ladder-2026-09-12;null-exemplar-sensitivity-2026-09-13,502,27,0,0,0.8495197438633938,0.8747252747252747,0.8747252747252747,0.8708644610458912,0.8967032967032967,refused,refused,0.04619836443698888,0.0
results/k-ladder-2026-09-12/phase2/cells/gemini37-screen-2026-08-28__g37-text-k3-verified-opmax/evaluation.json,GS-487 board (era2_b),as-predicted,gemini37-screen-2026-08-28::g37-text-k3-verified-opmax,k-ladder-2026-09-12;null-exemplar-sensitivity-2026-09-13,495,28,0,0,0.886021505376344,0.9135254988913526,0.9135254988913526,0.9010752688172043,0.9290465631929048,refused,refused,0.05087275322821361,0.0
results/null-exemplar-sensitivity-2026-09-13/cells/era2-b-487/gemini37-screen-2026-08-28__g37-text-k1-verified-carried-p0.10-k1/evaluation.json,other:results/null-exemplar-sensitivity-2026-09-13/bounds/era2-b-487_minus_null_overlap.geojson,as-predicted,,,558,40,0,0,0.8267477203647416,0.8616684266103485,0.8616684266103485,0.844984802431611,0.8806758183738119,refused,refused,0.057707477062315715,0.0
results/null-exemplar-sensitivity-2026-09-13/cells/era2-b-487/gemini37-screen-2026-08-28__g37-text-k1-verified-opmax/evaluation.json,other:results/null-exemplar-sensitivity-2026-09-13/bounds/era2-b-487_minus_null_overlap.geojson,as-predicted,,,502,34,0,0,0.8421052631578948,0.8740245261984393,0.8740245261984393,0.8635875402792695,0.8963210702341137,refused,refused,0.05817754622535498,0.0
results/null-exemplar-sensitivity-2026-09-13/cells/era2-b-487/gemini37-screen-2026-08-28__g37-text-k3-verified-opmax/evaluation.json,other:results/null-exemplar-sensitivity-2026-09-13/bounds/era2-b-487_minus_null_overlap.geojson,as-predicted,,,495,35,0,0,0.8787878787878787,0.9133858267716535,0.9133858267716535,0.8939393939393939,0.9291338582677167,refused,refused,0.06363636363636371,0.0
results/pairwise/tile-size-30m/512px-image-t0/evaluation.json,GS-487 Era-2 (full_evaluation),as-predicted,,,777,137,0,0,0.5132013201320131,0.5786046511627907,0.5786046511627907,,,—,—,0.09532255469755474,0.0
results/pairwise/tile-size-30m/512px-image-t07/evaluation.json,GS-487 Era-2 (full_evaluation),as-predicted,,,783,138,0,0,0.47126436781609193,0.5314814814814814,0.5314814814814814,,,—,—,0.09481719088776025,0.0
results/pairwise/tile-size-30m/512px-text-t0/evaluation.json,GS-487 Era-2 (full_evaluation),as-predicted,,,884,150,0,0,0.5367702805155421,0.6056458511548332,0.6056458511548332,,,—,—,0.08645986166422132,0.0
results/pairwise/tile-size-30m/512px-text-t07/evaluation.json,GS-487 Era-2 (full_evaluation),as-predicted,,,924,154,0,0,0.5253863134657837,0.5925311203319502,0.5925311203319502,,,—,—,0.07965367965367964,0.0
results/pairwise/tile-size-30m/eval-512-on-384-image-t0/evaluation.json,GS-487 Era-2 (full_evaluation),as-predicted,,,2317,409,0,0,0.51408232109518,0.5795224110049964,0.5795224110049964,,,—,—,0.09622035912453902,0.0
results/uplift-supplement/k1-gapfill/image-b-gs-2026-08-28__g384-ov192-image-high-k10-verified-p0_20-k8/evaluation.json,GS-487 grid-common,as-predicted,,,2792,163,0,0,0.24720496894409938,0.2603859993457638,0.2603859993457638,0.26149068322981367,0.2754334314687602,refused,refused,0.014075220906300034,0.0
results/uplift-supplement/k1-gapfill/image-b-gs-2026-08-28__g384-ov192-image-min-k10-verified-p0_15-k9/evaluation.json,GS-487 grid-common,as-predicted,,,2428,112,0,0,0.2738095238095238,0.2849854227405248,0.2849854227405248,0.2913165266106443,0.3032069970845481,refused,refused,0.012061967644200533,0.0
results/uplift-supplement/k1-gapfill/stride-55map-2026-08-25__g384-ov128-55map-n10-carried-p0_15-k8-r2-gt/evaluation.json,55-map,as-predicted,,,23743,138,138,0,0.2581273251973158,0.25937183383991896,0.25937183383991896,0.30770835506414934,0.30919190860496804,refused,refused,0.0015083632497498445,0.0
results/uplift-supplement/k1-gapfill/stride-55map-2026-08-25__g384-ov128-55map-n10-carried-p0_15-k8-standardised-gt/evaluation.json,55-map,as-predicted,,,23743,138,138,0,0.25792091260042427,0.2591647737200769,0.2591647737200769,0.3075157374882621,0.30899877686528043,refused,refused,0.0015078629268711619,0.0
results/uplift-supplement/k1-gapfill/stride-55map-2026-08-25__g384-ov128-55map-n10-oracle-p0_15-k7-r2-gt/evaluation.json,55-map,as-predicted,,,23743,138,138,0,0.2581273251973158,0.25937183383991896,0.25937183383991896,0.30770835506414934,0.30919190860496804,refused,refused,0.0015083632497498445,0.0
results/uplift-supplement/k1-gapfill/stride-55map-2026-08-25__g384-ov128-55map-n10-oracle-p0_15-k7-standardised-gt/evaluation.json,55-map,as-predicted,,,23743,138,138,0,0.25792091260042427,0.2591647737200769,0.2591647737200769,0.3075157374882621,0.30899877686528043,refused,refused,0.0015078629268711619,0.0
results/uplift-supplement/k1-gapfill/stride-55map-2026-08-25__g384-ov128-55map-n3-carried-posthoc-p0_15-k3-r2-gt/evaluation.json,55-map,as-predicted,,,23743,138,138,0,0.2581273251973158,0.25937183383991896,0.25937183383991896,0.30770835506414934,0.30919190860496804,refused,refused,0.0015083632497498445,0.0
results/uplift-supplement/k1-gapfill/stride-55map-2026-08-25__g384-ov128-55map-n3-carried-posthoc-p0_15-k3-standardised-gt/evaluation.json,55-map,as-predicted,,,23743,138,138,0,0.25792091260042427,0.2591647737200769,0.2591647737200769,0.3075157374882621,0.30899877686528043,refused,refused,0.0015078629268711619,0.0
results/uplift-supplement/k1-gapfill/stride-55map-2026-08-25__g384-ov128-55map-n3-oracle-p0_20-k2-r2-gt/evaluation.json,55-map,as-predicted,,,23743,138,138,0,0.2581273251973158,0.25937183383991896,0.25937183383991896,0.30770835506414934,0.30919190860496804,refused,refused,0.0015083632497498445,0.0
results/uplift-supplement/k1-gapfill/stride-55map-2026-08-25__g384-ov128-55map-n3-oracle-p0_20-k2-standardised-gt/evaluation.json,55-map,as-predicted,,,23743,138,138,0,0.25792091260042427,0.2591647737200769,0.2591647737200769,0.3075157374882621,0.30899877686528043,refused,refused,0.0015078629268711619,0.0
results/uplift-supplement/k1-gapfill/stride-55map-2026-08-25__g384-ov128-55map-n5-carried-p0_15-k4-r2-gt/evaluation.json,55-map,as-predicted,,,23743,138,138,0,0.2581273251973158,0.25937183383991896,0.25937183383991896,0.30770835506414934,0.30919190860496804,refused,refused,0.0015083632497498445,0.0
results/uplift-supplement/k1-gapfill/stride-55map-2026-08-25__g384-ov128-55map-n5-carried-p0_15-k4-standardised-gt/evaluation.json,55-map,as-predicted,,,23743,138,138,0,0.25792091260042427,0.2591647737200769,0.2591647737200769,0.3075157374882621,0.30899877686528043,refused,refused,0.0015078629268711619,0.0
results/uplift-supplement/k1-gapfill/stride-55map-2026-08-25__g384-ov128-55map-n5-oracle-p0_15-k4-r2-gt/evaluation.json,55-map,as-predicted,,,23743,138,138,0,0.2581273251973158,0.25937183383991896,0.25937183383991896,0.30770835506414934,0.30919190860496804,refused,refused,0.0015083632497498445,0.0
results/uplift-supplement/k1-gapfill/stride-55map-2026-08-25__g384-ov128-55map-n5-oracle-p0_15-k4-standardised-gt/evaluation.json,55-map,as-predicted,,,23743,138,138,0,0.25792091260042427,0.2591647737200769,0.2591647737200769,0.3075157374882621,0.30899877686528043,refused,refused,0.0015078629268711619,0.0
results/uplift-supplement/k1-gapfill/stride-55map-2026-08-25__g384-ov192-55map-n10-carried-p0_15-k10-r2-gt/evaluation.json,55-map,as-predicted,,,40746,252,252,0,0.17974827375229438,0.18074354016523114,0.18074354016523114,0.20374093173673627,0.20486904552645457,refused,refused,0.0011450524352095426,0.0
results/uplift-supplement/k1-gapfill/stride-55map-2026-08-25__g384-ov192-55map-n10-carried-p0_15-k10-standardised-gt/evaluation.json,55-map,as-predicted,,,40746,252,252,0,0.17964857067925516,0.18064345991561181,0.18064345991561181,0.20364542355100967,0.20477320675105487,refused,refused,0.001144727785579197,0.0
results/uplift-supplement/k1-gapfill/stride-55map-2026-08-25__g384-ov192-55map-n10-oracle-p0_20-k9-r2-gt/evaluation.json,55-map,as-predicted,,,40746,252,252,0,0.17974827375229438,0.18074354016523114,0.18074354016523114,0.20374093173673627,0.20486904552645457,refused,refused,0.0011450524352095426,0.0
results/uplift-supplement/k1-gapfill/stride-55map-2026-08-25__g384-ov192-55map-n10-oracle-p0_20-k9-standardised-gt/evaluation.json,55-map,as-predicted,,,40746,252,252,0,0.17964857067925516,0.18064345991561181,0.18064345991561181,0.20364542355100967,0.20477320675105487,refused,refused,0.001144727785579197,0.0
results/uplift-supplement/k1-gapfill/stride-55map-2026-08-25__g384-ov192-55map-n10-verified37-carried-p0_98-k10-r2-gt/evaluation.json,55-map,as-predicted,,,40746,252,252,0,0.17974827375229438,0.18074354016523114,0.18074354016523114,0.20374093173673627,0.20486904552645457,refused,refused,0.0011450524352095426,0.0
results/uplift-supplement/k1-gapfill/stride-55map-2026-08-25__g384-ov192-55map-n10-verified37-oracle-p0_96-k9-r2-gt/evaluation.json,55-map,as-predicted,,,40746,252,252,0,0.17974827375229438,0.18074354016523114,0.18074354016523114,0.20374093173673627,0.20486904552645457,refused,refused,0.0011450524352095426,0.0
results/uplift-supplement/k1-gapfill/stride-55map-2026-08-25__g384-ov192-55map-n3-carried-posthoc-p0_15-k3-r2-gt/evaluation.json,55-map,as-predicted,,,40746,252,252,0,0.17974827375229438,0.18074354016523114,0.18074354016523114,0.20374093173673627,0.20486904552645457,refused,refused,0.0011450524352095426,0.0
results/uplift-supplement/k1-gapfill/stride-55map-2026-08-25__g384-ov192-55map-n3-carried-posthoc-p0_15-k3-standardised-gt/evaluation.json,55-map,as-predicted,,,40746,252,252,0,0.17964857067925516,0.18064345991561181,0.18064345991561181,0.20364542355100967,0.20477320675105487,refused,refused,0.001144727785579197,0.0
results/uplift-supplement/k1-gapfill/stride-55map-2026-08-25__g384-ov192-55map-n3-oracle-p0_20-k3-r2-gt/evaluation.json,55-map,as-predicted,,,40746,252,252,0,0.17974827375229438,0.18074354016523114,0.18074354016523114,0.20374093173673627,0.20486904552645457,refused,refused,0.0011450524352095426,0.0
results/uplift-supplement/k1-gapfill/stride-55map-2026-08-25__g384-ov192-55map-n3-oracle-p0_20-k3-standardised-gt/evaluation.json,55-map,as-predicted,,,40746,252,252,0,0.17964857067925516,0.18064345991561181,0.18064345991561181,0.20364542355100967,0.20477320675105487,refused,refused,0.001144727785579197,0.0
results/uplift-supplement/k1-gapfill/stride-55map-2026-08-25__g384-ov192-55map-n3-verified37-oracle-p0_96-k3-r2-gt/evaluation.json,55-map,as-predicted,,,40746,252,252,0,0.17974827375229438,0.18074354016523114,0.18074354016523114,0.20374093173673627,0.20486904552645457,refused,refused,0.0011450524352095426,0.0
results/uplift-supplement/k1-gapfill/stride-55map-2026-08-25__g384-ov192-55map-n5-carried-p0_15-k5-r2-gt/evaluation.json,55-map,as-predicted,,,40746,252,252,0,0.17974827375229438,0.18074354016523114,0.18074354016523114,0.20374093173673627,0.20486904552645457,refused,refused,0.0011450524352095426,0.0
results/uplift-supplement/k1-gapfill/stride-55map-2026-08-25__g384-ov192-55map-n5-carried-p0_15-k5-standardised-gt/evaluation.json,55-map,as-predicted,,,40746,252,252,0,0.17964857067925516,0.18064345991561181,0.18064345991561181,0.20364542355100967,0.20477320675105487,refused,refused,0.001144727785579197,0.0
results/uplift-supplement/k1-gapfill/stride-55map-2026-08-25__g384-ov192-55map-n5-oracle-p0_20-k5-r2-gt/evaluation.json,55-map,as-predicted,,,40746,252,252,0,0.17974827375229438,0.18074354016523114,0.18074354016523114,0.20374093173673627,0.20486904552645457,refused,refused,0.0011450524352095426,0.0
results/uplift-supplement/k1-gapfill/stride-55map-2026-08-25__g384-ov192-55map-n5-oracle-p0_20-k5-standardised-gt/evaluation.json,55-map,as-predicted,,,40746,252,252,0,0.17964857067925516,0.18064345991561181,0.18064345991561181,0.20364542355100967,0.20477320675105487,refused,refused,0.001144727785579197,0.0
results/uplift-supplement/k1-gapfill/stride-phaseb-2026-08-25__g256-ov064-k10-verified-p0_15-k8/evaluation.json,GS-487 grid-common,as-predicted,,,2594,117,0,0,0.26538716082064856,0.27607573149741826,0.27607573149741826,,,refused,refused,0.010688570676769704,0.0
results/uplift-supplement/k1-gapfill/stride-phaseb-2026-08-25__g384-ov128-k10-verified-p0_15-k8/evaluation.json,GS-487 grid-common,as-predicted,,,1893,99,0,0,0.33950883239982765,0.35463546354635467,0.35463546354635467,,,refused,refused,0.015126631146527014,0.0
results/uplift-supplement/k1-gapfill/stride-phaseb-2026-08-25__g384-ov128-ladder-n3-verified-p0_15-k3/evaluation.json,GS-487 grid-common,as-predicted,,,1893,99,0,0,0.33950883239982765,0.35463546354635467,0.35463546354635467,,,refused,refused,0.015126631146527014,0.0
results/uplift-supplement/k1-gapfill/stride-phaseb-2026-08-25__g384-ov128-ladder-n5-verified-p0_15-k4/evaluation.json,GS-487 grid-common,as-predicted,,,1893,99,0,0,0.33950883239982765,0.35463546354635467,0.35463546354635467,,,refused,refused,0.015126631146527014,0.0
results/uplift-supplement/k1-gapfill/stride-phaseb-2026-08-25__g512-ov176-k10-verified-p0_15-k6/evaluation.json,GS-487 grid-common,as-predicted,,,1406,88,0,0,0.41221374045801523,0.43298969072164956,0.43298969072164956,,,0.0843,refused,0.020775950263634324,0.0
results/uplift-supplement/k1-gapfill/stride-phaseb-2026-08-25__g512-ov320-k10-verified-p0_15-k10/evaluation.json,GS-487 grid-common,as-predicted,,,3926,305,0,0,0.18741387230133214,0.20153124228204497,0.20153124228204497,,,refused,refused,0.014117369980712835,0.0
results/uplift-supplement/k1-gapfill/stride-phasec-2026-08-25__g384-ov240-k10-verified-p0_15-k10/evaluation.json,GS-487 grid-common,as-predicted,,,5698,337,0,0,0.1354880835781913,0.143375367075488,0.143375367075488,,,refused,refused,0.007887283497296699,0.0
results/uplift-supplement/verifier-pairing/stride-55map-2026-08-25__g384-ov128-55map-n1-oracle-p0_20-k1-r2-gt/evaluation.json,55-map,as-predicted,,,18162,145,145,0,0.3082830025884383,0.31022357282396357,0.31022357282396357,0.3773943054357205,0.37976991534621235,0.1216,0.1214,0.0024092833934480917,0.0
results/uplift-supplement/verifier-pairing/stride-55map-2026-08-25__g384-ov128-55map-n1-oracle-p0_20-k1-standardised-gt/evaluation.json,55-map,as-predicted,,,18162,145,145,0,0.3081305023303988,0.3100707864680592,0.3100707864680592,0.37726566545831175,0.3796412906587918,0.1218,0.1216,0.002409322011834414,0.0
results/uplift-supplement/verifier-pairing/stride-55map-2026-08-25__g384-ov192-55map-n1-oracle-p0_20-k1-r2-gt/evaluation.json,55-map,as-predicted,,,24923,317,317,0,0.25824120770849335,0.26100459087226574,0.26100459087226574,0.308740523028623,0.3120442884147988,0.0895,0.0898,0.0033459380728448895,0.0
results/uplift-supplement/verifier-pairing/stride-55map-2026-08-25__g384-ov192-55map-n1-oracle-p0_20-k1-standardised-gt/evaluation.json,55-map,as-predicted,,,24923,317,317,0,0.2580429626165102,0.2608049702863317,0.2608049702863317,0.30862259045200946,0.3119259859535386,0.0891,0.0894,0.003345590854330671,0.0
results/uplift-supplement/verifier-pairing/stride-55map-2026-08-25__g384-ov192-55map-n1-verified37-oracle-p0_96-k1-r2-gt/evaluation.json,55-map,as-predicted,,,24923,317,317,0,0.25824120770849335,0.26100459087226574,0.26100459087226574,0.308740523028623,0.3120442884147988,0.0895,0.0898,0.0033459380728448895,0.0
archive/55maps-superseded-gt-evals/condition-scoring-backfill-2026-05-30/55maps-image-consensus-3of5/evaluation.json,[archive] 55-map,origin-restored,,,7878,0,0,513,0.38197084917617236,0.38197084917617236,0.4030418250950571,0.5768377693282637,0.6126425855513309,0.4098,0.4098,0.04761904761904767,0.04761904761904767
archive/superseded-consensus-2026-09-13/recovery-fragment-drop/evaluations-as-read-2026-09-13/grid-2026-08-18__g384-ov192-k5-verified-opmax/evaluation.json,[archive] GS-487 board (era2_b),origin-restored,,,435,21,0,7,0.8904593639575971,0.8904593639575971,0.9045936395759717,0.8998822143698468,0.9140164899882215,0.8139,0.8139,0.01449275362318847,0.01449275362318847
archive/with-mcc-pre-2026-04-27-off-matrix/image/high-t0.7-n10-t7/evaluation.json,[archive] GS-487 Era-2 (full_evaluation),origin-restored,,,535,0,0,2,0.6783505154639176,0.6783505154639176,0.6804123711340205,,,0.3843,0.3843,0.0022988505747125743,0.0022988505747125743
archive/with-mcc-pre-2026-04-27-off-matrix/text/high-t0.7-n30-t26/evaluation.json,[archive] GS-487 Era-2 (full_evaluation),origin-restored,,,376,65,0,1,0.745308310991957,0.745308310991957,0.7479892761394101,,,0.7142,0.7142,0.003215434083601365,0.003215434083601365
outputs/h11/consensus-384-UNINTENDED-T1.0/voting/eval-t1/evaluation.json,GS-487 Era-2 (full_evaluation),origin-restored,consensus-384-t1-0::consensus-1of5,uplift-supplement-flatten,974,0,0,4,0.3037615330021292,0.3037615330021292,0.30518097941802697,0.31369765791341375,0.31511710432931156,0.0608,0.0608,0.0022988505747126853,0.0022988505747126853
outputs/h11/consensus-384-UNINTENDED-T1.0/voting/eval-t2/evaluation.json,GS-487 Era-2 (full_evaluation),origin-restored,consensus-384-t1-0::consensus-2of5,uplift-supplement-flatten,616,0,0,3,0.39771646051379633,0.39771646051379633,0.39961941008563273,0.4148430066603235,0.4167459562321599,0.0951,0.0951,0.0022988505747126853,0.0022988505747126853
outputs/h11/consensus-384-UNINTENDED-T1.0/voting/eval-t3/evaluation.json,GS-487 Era-2 (full_evaluation),origin-restored,consensus-384-t1-0::consensus-3of5,uplift-supplement-flatten,484,0,0,3,0.4330794341675735,0.4330794341675735,0.4352557127312296,0.4548422198041349,0.45701849836779107,0.1164,0.1164,0.0022988505747126853,0.0022988505747126853
outputs/h11/consensus-384-UNINTENDED-T1.0/voting/eval-t4/evaluation.json,GS-487 Era-2 (full_evaluation),origin-restored,consensus-384-t1-0::consensus-4of5,uplift-supplement-flatten,395,0,0,3,0.45542168674698796,0.45542168674698796,0.45783132530120485,0.4746987951807229,0.4771084337349398,0.1458,0.1458,0.0025316455696202667,0.0025316455696202667
outputs/h11/consensus-384-UNINTENDED-T1.0/voting/eval-t5/evaluation.json,GS-487 Era-2 (full_evaluation),origin-restored,consensus-384-t1-0::consensus-5of5,uplift-supplement-flatten,295,0,0,2,0.4712328767123288,0.4712328767123288,0.473972602739726,0.484931506849315,0.4876712328767123,0.2565,0.2565,0.003389830508474634,0.003389830508474634
results/condition-scoring-backfill-2026-05-30/gs-v2-consensus-3of5/evaluation.json,GS-487 Era-2 (full_evaluation),origin-restored,gold-standard-v2::consensus-3of5,uplift-supplement-flatten,868,0,0,2,0.59247889485802,0.59247889485802,0.5940138142747505,0.6139677666922486,0.6155026861089793,0.2964,0.2964,0.0022988505747126853,0.0022988505747126853
results/condition-scoring-backfill-2026-05-30/gs-v2-consensus-4of5/evaluation.json,GS-487 Era-2 (full_evaluation),origin-restored,,,608,0,0,1,0.6999041227229146,0.6999041227229146,0.7018216682646212,0.7209971236816876,0.7229146692233941,0.4557,0.4557,0.0022988505747126853,0.0022988505747126853
results/condition-scoring-backfill-2026-05-30/gs-v2-consensus-5of5/evaluation.json,GS-487 Era-2 (full_evaluation),origin-restored,gold-standard-v2::consensus-5of5,uplift-supplement-flatten,420,0,0,1,0.7649122807017544,0.7649122807017544,0.7672514619883042,0.7812865497076024,0.783625730994152,0.5791,0.5791,0.0023809523809524835,0.0023809523809524835
results/condition-scoring-backfill-2026-05-30/wbf-gs-v2-detect-vote2plus/evaluation.json,GS-487 Era-2 (full_evaluation),origin-restored,,,1318,0,0,2,0.4540787221905305,0.4540787221905305,0.455219623502567,0.4757558471192242,0.4768967484312607,0.1515,0.1515,0.0022988505747125743,0.0022988505747125743
results/deployment-oracle-2026-06-06/gs-postverifier-sweep/high-t0.3/t1/evaluation.json,GS-487 Era-2 (full_evaluation),origin-restored,,,625,0,0,1,0.7471698113207549,0.7471698113207549,0.7490566037735849,,,0.7197,0.7197,0.0022988505747125743,0.0022988505747125743
results/deployment-oracle-2026-06-06/gs-postverifier-sweep/high-t0.3/t2/evaluation.json,GS-487 Era-2 (full_evaluation),origin-restored,,,475,0,0,1,0.8527472527472527,0.8527472527472527,0.854945054945055,,,0.7617,0.7617,0.0022988505747125743,0.0022988505747125743
results/deployment-oracle-2026-06-06/gs-postverifier-sweep/high-t0.3/t3/evaluation.json,GS-487 Era-2 (full_evaluation),origin-restored,,,437,0,0,1,0.8738532110091742,0.8738532110091742,0.8761467889908257,,,0.7922,0.7922,0.0022988505747126853,0.0022988505747126853
results/deployment-oracle-2026-06-06/gs-postverifier-sweep/high-t0.3/t4/evaluation.json,GS-487 Era-2 (full_evaluation),origin-restored,,,409,0,0,1,0.8838862559241706,0.8838862559241706,0.8862559241706162,,,0.8086,0.8086,0.0024449877750610804,0.0024449877750610804
results/deployment-oracle-2026-06-06/gs-postverifier-sweep/high-t0.3/t5/evaluation.json,GS-487 Era-2 (full_evaluation),origin-restored,,,374,0,0,1,0.8677379480840544,0.8677379480840544,0.8702101359703337,,,0.7944,0.7944,0.002673796791443861,0.002673796791443861
results/deployment-oracle-2026-06-06/gs-postverifier-sweep/high-t0.7/t1/evaluation.json,GS-487 Era-2 (full_evaluation),origin-restored,,,673,0,0,1,0.7021660649819494,0.7021660649819494,0.7039711191335739,,,0.7246,0.7246,0.0022988505747126853,0.0022988505747126853
results/deployment-oracle-2026-06-06/gs-postverifier-sweep/high-t0.7/t2/evaluation.json,GS-487 Era-2 (full_evaluation),origin-restored,,,496,0,0,1,0.8163265306122449,0.8163265306122449,0.8184747583243824,,,0.7780,0.7780,0.0022988505747125743,0.0022988505747125743
results/deployment-oracle-2026-06-06/gs-postverifier-sweep/high-t0.7/t3/evaluation.json,GS-487 Era-2 (full_evaluation),origin-restored,,,443,0,0,1,0.8473804100227792,0.8473804100227792,0.8496583143507972,,,0.7922,0.7922,0.0022988505747125743,0.0022988505747125743
results/deployment-oracle-2026-06-06/gs-postverifier-sweep/high-t0.7/t4/evaluation.json,GS-487 Era-2 (full_evaluation),origin-restored,,,392,0,0,1,0.8609431680773881,0.8609431680773881,0.8633615477629988,,,0.7937,0.7937,0.0025510204081632404,0.0025510204081632404
results/deployment-oracle-2026-06-06/gs-postverifier-sweep/high-t0.7/t5/evaluation.json,GS-487 Era-2 (full_evaluation),origin-restored,,,345,0,0,1,0.8358974358974359,0.8358974358974359,0.8384615384615385,,,0.7507,0.7507,0.0028985507246376274,0.0028985507246376274
results/deployment-oracle-2026-06-06/gs-postverifier-sweep/min-t0.7/t1/evaluation.json,GS-487 Era-2 (full_evaluation),origin-restored,,,491,0,0,1,0.8250539956803457,0.8250539956803457,0.8272138228941684,,,0.7834,0.7834,0.0022988505747125743,0.0022988505747125743
results/deployment-oracle-2026-06-06/gs-postverifier-sweep/min-t0.7/t2/evaluation.json,GS-487 Era-2 (full_evaluation),origin-restored,,,433,0,0,1,0.8594470046082949,0.8594470046082949,0.8617511520737328,,,0.7973,0.7973,0.002309468822170979,0.002309468822170979
results/deployment-oracle-2026-06-06/gs-postverifier-sweep/min-t0.7/t3/evaluation.json,GS-487 Era-2 (full_evaluation),origin-restored,,,413,0,0,1,0.865566037735849,0.865566037735849,0.8679245283018867,,,0.7979,0.7979,0.002421307506053294,0.002421307506053294
results/deployment-oracle-2026-06-06/gs-postverifier-sweep/min-t0.7/t4/evaluation.json,GS-487 Era-2 (full_evaluation),origin-restored,,,385,0,0,1,0.8707317073170731,0.8707317073170731,0.873170731707317,,,0.7927,0.7927,0.0025974025974025983,0.0025974025974025983
results/deployment-oracle-2026-06-06/gs-postverifier-sweep/min-t0.7/t5/evaluation.json,GS-487 Era-2 (full_evaluation),origin-restored,,,347,0,0,1,0.846547314578005,0.846547314578005,0.8491048593350384,,,0.7762,0.7762,0.0028818443804035088,0.0028818443804035088
results/e43-matched-temperature/paper-eval/t07-n10-10of10/evaluation.json,GS-487 Era-2 (full_evaluation),origin-restored,,,560,0,0,3,0.6331658291457287,0.6331658291457287,0.6351758793969849,0.6412060301507537,0.6432160804020101,0.3655,0.3655,0.0022988505747126853,0.0022988505747126853
results/e43-matched-temperature/paper-eval/t07-n5-5of5/evaluation.json,GS-487 Era-2 (full_evaluation),origin-restored,,,653,0,0,3,0.6397058823529411,0.6397058823529411,0.6415441176470588,0.6470588235294118,0.6488970588235294,0.3148,0.3148,0.0022988505747126853,0.0022988505747126853
results/e43-matched-temperature/paper-eval/t10-n10-9of10/evaluation.json,GS-487 Era-2 (full_evaluation),origin-restored,,,549,0,0,2,0.6666666666666666,0.6666666666666666,0.6686991869918698,0.6747967479674797,0.6768292682926829,0.4153,0.4153,0.0022988505747126853,0.0022988505747126853
results/e43-matched-temperature/paper-eval/t10-n5-5of5/evaluation.json,GS-487 Era-2 (full_evaluation),origin-restored,,,509,0,0,2,0.6610169491525423,0.6610169491525423,0.663135593220339,0.6673728813559322,0.6694915254237288,0.4065,0.4065,0.0022988505747126853,0.0022988505747126853
results/gold-standard-image-extended-buffer-sweep/evaluation.json,GS-487 Era-2 (full_evaluation),origin-restored,,,535,0,0,2,0.6783505154639176,0.6783505154639176,0.6804123711340205,0.7463917525773197,0.7484536082474227,0.3843,0.3843,0.0022988505747126853,0.0022988505747126853
results/h12-v2/greedy/r1-hn-heavy/t1/evaluation.json,GS-487 Era-2 (full_evaluation),origin-restored,,,1652,0,0,9,0.2597029228557738,0.2597029228557738,0.2606612362242453,0.2884523239099185,0.28941063727839,—,—,0.0022988505747126853,0.0022988505747126853
results/h12-v2/greedy/r1-hn-heavy/t2/evaluation.json,GS-487 Era-2 (full_evaluation),origin-restored,,,500,0,0,1,0.5454545454545454,0.5454545454545454,0.5475935828877005,0.6139037433155079,0.616042780748663,—,—,0.0022988505747126853,0.0022988505747126853
results/h12-v2/greedy/r1-hn-heavy/t3/evaluation.json,GS-487 Era-2 (full_evaluation),origin-restored,,,327,0,0,1,0.6167979002624672,0.6167979002624672,0.6194225721784777,0.7034120734908136,0.7060367454068242,—,—,0.003058103975535187,0.003058103975535187
results/h12-v2/greedy/r1-hn-heavy/t4/evaluation.json,GS-487 Era-2 (full_evaluation),origin-restored,,,240,0,0,1,0.5837037037037036,0.5837037037037036,0.5866666666666667,0.642962962962963,0.645925925925926,—,—,0.004166666666666652,0.004166666666666652
results/h12-v2/greedy/r1-hn-heavy/t5/evaluation.json,GS-487 Era-2 (full_evaluation),origin-restored,,,169,0,0,1,0.48344370860927155,0.48344370860927155,0.4867549668874172,0.5298013245033113,0.5331125827814569,—,—,0.00591715976331364,0.00591715976331364
results/h12-v2/greedy/r2-balanced/t1/evaluation.json,GS-487 Era-2 (full_evaluation),origin-restored,,,1474,0,0,7,0.29020429544264015,0.29020429544264015,0.29125196437925616,0.322682032477737,0.32372970141435303,—,—,0.0022988505747126853,0.0022988505747126853
results/h12-v2/greedy/r2-balanced/t2/evaluation.json,GS-487 Era-2 (full_evaluation),origin-restored,,,477,0,0,2,0.5416666666666667,0.5416666666666667,0.543859649122807,0.625,0.6271929824561403,—,—,0.0022988505747126853,0.0022988505747126853
results/h12-v2/greedy/r2-balanced/t3/evaluation.json,GS-487 Era-2 (full_evaluation),origin-restored,,,313,0,0,1,0.5882352941176471,0.5882352941176471,0.5909090909090909,0.6871657754010695,0.6898395721925134,—,—,0.0031948881789137795,0.0031948881789137795
results/h12-v2/greedy/r2-balanced/t4/evaluation.json,GS-487 Era-2 (full_evaluation),origin-restored,,,236,0,0,1,0.5901639344262295,0.5901639344262295,0.5931445603576752,0.646795827123696,0.6497764530551415,—,—,0.004237288135593209,0.004237288135593209
results/h12-v2/greedy/r2-balanced/t5/evaluation.json,GS-487 Era-2 (full_evaluation),origin-restored,,,163,0,0,1,0.48494983277591974,0.48494983277591974,0.48829431438127097,0.5183946488294314,0.5217391304347826,—,—,0.00613496932515345,0.00613496932515345
results/h12-v2/greedy/r3-hp-heavy/t1/evaluation.json,GS-487 Era-2 (full_evaluation),origin-restored,,,1521,0,0,5,0.26789366053169733,0.26789366053169733,0.2689161554192229,0.3067484662576687,0.30777096114519426,—,—,0.0022988505747125743,0.0022988505747125743
results/h12-v2/greedy/r3-hp-heavy/t2/evaluation.json,GS-487 Era-2 (full_evaluation),origin-restored,,,479,0,0,1,0.5317286652078775,0.5317286652078775,0.5339168490153173,0.6236323851203501,0.6258205689277899,—,—,0.0022988505747126853,0.0022988505747126853
results/h12-v2/greedy/r3-hp-heavy/t3/evaluation.json,GS-487 Era-2 (full_evaluation),origin-restored,,,326,0,0,1,0.5913272010512484,0.5913272010512484,0.5939553219448095,0.6911957950065702,0.6938239159001313,—,—,0.0030674846625766694,0.0030674846625766694
results/h12-v2/greedy/r3-hp-heavy/t4/evaluation.json,GS-487 Era-2 (full_evaluation),origin-restored,,,254,0,0,1,0.5689404934687954,0.5689404934687954,0.5718432510885341,0.644412191582003,0.6473149492017417,—,—,0.003937007874015741,0.003937007874015741
results/h12-v2/greedy/r3-hp-heavy/t5/evaluation.json,GS-487 Era-2 (full_evaluation),origin-restored,,,169,0,0,1,0.48344370860927155,0.48344370860927155,0.4867549668874172,0.5298013245033113,0.5331125827814569,—,—,0.00591715976331364,0.00591715976331364
results/h12-v2/wbf/r1-hn-heavy/evaluation.json,GS-487 Era-2 (full_evaluation),origin-restored,,,1171,0,0,6,0.29140722291407223,0.29140722291407223,0.29265255292652553,0.36488169364881695,0.36612702366127026,—,—,0.0022988505747126853,0.0022988505747126853
results/h12-v2/wbf/r2-balanced/evaluation.json,GS-487 Era-2 (full_evaluation),origin-restored,,,1041,0,0,9,0.31978319783197834,0.31978319783197834,0.3211382113821138,0.4092140921409214,0.41056910569105687,—,—,0.0022988505747125743,0.0022988505747125743
results/h12-v2/wbf/r3-hp-heavy/evaluation.json,GS-487 Era-2 (full_evaluation),origin-restored,,,1099,0,0,8,0.3050847457627119,0.3050847457627119,0.30638852672750977,0.3859191655801826,0.38722294654498046,—,—,0.0022988505747126853,0.0022988505747126853
results/h13-overlap-2026-08-18/common/armA/evaluation.json,GS h13 (h13_common),origin-restored,h13::arm-a-overlap-12-5,h13-overlap-2026-08-18;uplift-supplement-flatten,2656,0,0,44,0.5579724075110145,0.5579724075110145,0.573446608401449,,,0.1058,0.1058,0.020446096654275214,0.020446096654275214
results/h13-overlap-2026-08-18/common/armB/evaluation.json,GS h13 (h13_common),origin-restored,h13::arm-b-overlap-25,h13-overlap-2026-08-18;uplift-supplement-flatten,3257,0,0,41,0.5198039715899053,0.5198039715899053,0.5300447571406591,,,0.2580,0.2580,0.015489467162329684,0.015489467162329684
results/h13-overlap-2026-08-18/common/armC/evaluation.json,GS h13 (h13_common),origin-restored,h13::arm-c-overlap-50,h13-overlap-2026-08-18;uplift-supplement-flatten,5378,0,0,64,0.4024634985941458,0.4024634985941458,0.4116155937621188,,,0.0593,0.0593,0.019826517967781898,0.019826517967781898
results/h13-overlap-2026-08-18/native/armA/evaluation.json,GS h13 (h13_armA),origin-restored,h13::arm-a-native-12-5,uplift-supplement-flatten,2656,0,0,44,0.5575804865390027,0.5575804865390027,0.5730438086169881,,,0.1477,0.1477,0.020408163265306034,0.020408163265306034
results/h13-overlap-2026-08-18/native/armB/evaluation.json,GS h13 (h13_armB),origin-restored,h13::arm-b-native-25,uplift-supplement-flatten,3405,0,0,16,0.522180395212741,0.522180395212741,0.5276738942177461,,,0.0123,0.0123,0.00828892835997641,0.00828892835997641
results/h13-overlap-2026-08-18/native/armC/evaluation.json,GS h13 (h13_armC),origin-restored,h13::arm-c-native-50,uplift-supplement-flatten,5608,0,0,59,0.4066864367206275,0.4066864367206275,0.41298494084031195,,,0.0342,0.0342,0.013569321533923429,0.013569321533923429
results/h8-v2/greedy/canonical/t1/evaluation.json,GS-487 Era-2 (full_evaluation),origin-restored,,,1604,0,0,3,0.2579695929377146,0.2579695929377146,0.2589504659146641,0.2972045120156939,0.29818538499264347,—,—,0.0022988505747126853,0.0022988505747126853
results/h8-v2/greedy/canonical/t2/evaluation.json,GS-487 Era-2 (full_evaluation),origin-restored,,,532,0,0,1,0.5087900723888314,0.5087900723888314,0.5108583247156153,0.5873836608066185,0.5894519131334022,—,—,0.0022988505747125743,0.0022988505747125743
results/h8-v2/greedy/canonical/t3/evaluation.json,GS-487 Era-2 (full_evaluation),origin-restored,,,346,0,0,1,0.5941101152368757,0.5941101152368757,0.5966709346991037,0.678617157490397,0.6811779769526248,—,—,0.0028901734104046506,0.0028901734104046506
results/h8-v2/greedy/canonical/t4/evaluation.json,GS-487 Era-2 (full_evaluation),origin-restored,,,258,0,0,1,0.5858585858585859,0.5858585858585859,0.5887445887445888,0.6464646464646465,0.6493506493506493,—,—,0.003875968992248069,0.003875968992248069
results/h8-v2/greedy/canonical/t5/evaluation.json,GS-487 Era-2 (full_evaluation),origin-restored,,,176,0,0,1,0.4909983633387889,0.4909983633387889,0.4942716857610475,0.5335515548281506,0.5368248772504092,—,—,0.005681818181818121,0.005681818181818121
results/h8-v2/greedy/plus-hp/t1/evaluation.json,GS-487 Era-2 (full_evaluation),origin-restored,,,1499,0,0,9,0.2668045501551189,0.2668045501551189,0.2678386763185108,0.3164426059979317,0.31747673216132366,—,—,0.0022988505747126853,0.0022988505747126853
results/h8-v2/greedy/plus-hp/t2/evaluation.json,GS-487 Era-2 (full_evaluation),origin-restored,,,522,0,0,1,0.5182863113897597,0.5182863113897597,0.5203761755485893,0.6081504702194357,0.6102403343782654,—,—,0.0022988505747126853,0.0022988505747126853
results/h8-v2/greedy/plus-hp/t3/evaluation.json,GS-487 Era-2 (full_evaluation),origin-restored,,,347,0,0,1,0.5856777493606139,0.5856777493606139,0.588235294117647,0.6751918158567776,0.6777493606138106,—,—,0.0028818443804033977,0.0028818443804033977
results/h8-v2/greedy/plus-hp/t4/evaluation.json,GS-487 Era-2 (full_evaluation),origin-restored,,,254,0,0,1,0.5834542815674891,0.5834542815674891,0.5863570391872278,0.6531204644412192,0.6560232220609579,—,—,0.003937007874015741,0.003937007874015741
results/h8-v2/greedy/pure-positive-canon-t4/evaluation.json,GS-487 Era-2 (full_evaluation),origin-restored,,,275,0,0,1,0.5802816901408452,0.5802816901408452,0.5830985915492957,0.6309859154929578,0.6338028169014085,—,—,0.0036363636363636598,0.0036363636363636598
results/h8-v2/greedy/pure-positive-canon/t1/evaluation.json,GS-487 Era-2 (full_evaluation),origin-restored,,,1915,0,0,3,0.22893617021276597,0.22893617021276597,0.22978723404255322,0.25276595744680846,0.25361702127659574,—,—,0.0022988505747126853,0.0022988505747126853
results/h8-v2/greedy/pure-positive-canon/t2/evaluation.json,GS-487 Era-2 (full_evaluation),origin-restored,,,573,0,0,1,0.5099206349206349,0.5099206349206349,0.5119047619047619,0.5674603174603174,0.5694444444444444,—,—,0.0022988505747125743,0.0022988505747125743
results/h8-v2/greedy/pure-positive-canon/t3/evaluation.json,GS-487 Era-2 (full_evaluation),origin-restored,,,370,0,0,1,0.6012422360248446,0.6012422360248446,0.6037267080745342,0.6708074534161491,0.6732919254658385,—,—,0.002702702702702675,0.002702702702702675
results/h8-v2/greedy/pure-positive-canon/t4/evaluation.json,GS-487 Era-2 (full_evaluation),origin-restored,,,275,0,0,1,0.5802816901408452,0.5802816901408452,0.5830985915492957,0.6309859154929578,0.6338028169014085,—,—,0.0036363636363636598,0.0036363636363636598
results/h8-v2/greedy/pure-positive-canon/t5/evaluation.json,GS-487 Era-2 (full_evaluation),origin-restored,,,188,0,0,1,0.5040128410914928,0.5040128410914928,0.507223113964687,0.5393258426966291,0.5425361155698235,—,—,0.005319148936170248,0.005319148936170248
results/h8-v2/greedy/scale-16/t1/evaluation.json,GS-487 Era-2 (full_evaluation),origin-restored,,,1659,0,0,5,0.26456542502387775,0.26456542502387775,0.2655205348615091,0.28844317096466093,0.2893982808022923,—,—,0.0022988505747126853,0.0022988505747126853
results/h8-v2/greedy/scale-16/t2/evaluation.json,GS-487 Era-2 (full_evaluation),origin-restored,,,480,0,0,1,0.5508196721311475,0.5508196721311475,0.5530054644808744,0.6163934426229508,0.6185792349726775,—,—,0.0022988505747126853,0.0022988505747126853
results/h8-v2/greedy/scale-16/t3/evaluation.json,GS-487 Era-2 (full_evaluation),origin-restored,,,333,0,0,1,0.6015625,0.6015625,0.6041666666666666,0.6822916666666666,0.6848958333333333,—,—,0.0030030030030029353,0.0030030030030029353
results/h8-v2/greedy/scale-16/t4/evaluation.json,GS-487 Era-2 (full_evaluation),origin-restored,,,238,0,0,1,0.5705794947994056,0.5705794947994056,0.573551263001486,0.6300148588410104,0.6329866270430906,—,—,0.004201680672268893,0.004201680672268893
results/h8-v2/greedy/scale-32/t1/evaluation.json,GS-487 Era-2 (full_evaluation),origin-restored,,,1734,0,0,7,0.2461964038727524,0.2461964038727524,0.2471184877823882,0.2821576763485477,0.2830797602581835,—,—,0.0022988505747126853,0.0022988505747126853
results/h8-v2/greedy/scale-32/t2/evaluation.json,GS-487 Era-2 (full_evaluation),origin-restored,,,503,0,0,1,0.509594882729211,0.509594882729211,0.5117270788912579,0.605543710021322,0.6076759061833689,—,—,0.0022988505747126853,0.0022988505747126853
results/h8-v2/greedy/scale-32/t3/evaluation.json,GS-487 Era-2 (full_evaluation),origin-restored,,,334,0,0,1,0.5851755526657998,0.5851755526657998,0.58777633289987,0.671001300390117,0.6736020806241872,—,—,0.0029940119760478723,0.0029940119760478723
results/h8-v2/greedy/scale-32/t4/evaluation.json,GS-487 Era-2 (full_evaluation),origin-restored,,,242,0,0,1,0.5878877400295421,0.5878877400295421,0.5908419497784343,0.6262924667651404,0.6292466765140325,—,—,0.004132231404958664,0.004132231404958664
results/h8-v2/greedy/scale-4/t1/evaluation.json,GS-487 Era-2 (full_evaluation),origin-restored,,,1551,0,0,10,0.26485397784491443,0.26485397784491443,0.26586102719033233,0.30614300100704933,0.3071500503524673,—,—,0.0022988505747126853,0.0022988505747126853
results/h8-v2/greedy/scale-4/t2/evaluation.json,GS-487 Era-2 (full_evaluation),origin-restored,,,462,0,0,1,0.5507246376811594,0.5507246376811594,0.5529542920847269,0.6332218506131548,0.6354515050167225,—,—,0.0022988505747126853,0.0022988505747126853
results/h8-v2/greedy/scale-4/t3/evaluation.json,GS-487 Era-2 (full_evaluation),origin-restored,,,330,0,0,1,0.5986928104575163,0.5986928104575163,0.6013071895424837,0.6928104575163399,0.6954248366013072,—,—,0.00303030303030305,0.00303030303030305
results/h8-v2/greedy/scale-4/t4/evaluation.json,GS-487 Era-2 (full_evaluation),origin-restored,,,257,0,0,1,0.6069364161849711,0.6069364161849711,0.6098265895953757,0.676300578034682,0.6791907514450867,—,—,0.0038910505836575737,0.0038910505836575737
results/h8-v2/greedy/scale-4/t5/evaluation.json,GS-487 Era-2 (full_evaluation),origin-restored,,,175,0,0,1,0.5081967213114754,0.5081967213114754,0.5114754098360655,0.5508196721311476,0.5540983606557377,—,—,0.005714285714285783,0.005714285714285783
results/h8-v2/greedy/scale-8/t1/evaluation.json,GS-487 Era-2 (full_evaluation),origin-restored,,,1419,0,0,2,0.29341963322545844,0.29341963322545844,0.29449838187702265,0.3290183387270766,0.33009708737864074,—,—,0.0022988505747126853,0.0022988505747126853
results/h8-v2/greedy/scale-8/t2/evaluation.json,GS-487 Era-2 (full_evaluation),origin-restored,,,487,0,0,1,0.5444685466377441,0.5444685466377441,0.5466377440347072,0.6203904555314533,0.6225596529284165,—,—,0.0022988505747126853,0.0022988505747126853
results/h8-v2/greedy/scale-8/t3/evaluation.json,GS-487 Era-2 (full_evaluation),origin-restored,,,317,0,0,1,0.6143617021276596,0.6143617021276596,0.6170212765957447,0.6861702127659574,0.6888297872340425,—,—,0.003154574132492094,0.003154574132492094
results/h8-v2/greedy/scale-8/t4/evaluation.json,GS-487 Era-2 (full_evaluation),origin-restored,,,250,0,0,1,0.5868613138686131,0.5868613138686131,0.5897810218978103,0.654014598540146,0.6569343065693432,—,—,0.0040000000000000036,0.0040000000000000036
results/h8-v2/greedy/scale-8/t5/evaluation.json,GS-487 Era-2 (full_evaluation),origin-restored,,,157,0,0,1,0.45945945945945943,0.45945945945945943,0.46283783783783783,0.5033783783783784,0.5067567567567568,—,—,0.006369426751592355,0.006369426751592355
results/h8-v2/wbf/canonical/evaluation.json,GS-487 Era-2 (full_evaluation),origin-restored,,,1167,0,0,3,0.29463171036204744,0.29463171036204744,0.2958801498127341,0.3670411985018726,0.36828963795255926,—,—,0.0022988505747125743,0.0022988505747125743
results/h8-v2/wbf/plus-hp/evaluation.json,GS-487 Era-2 (full_evaluation),origin-restored,,,1059,0,0,11,0.31057563587684067,0.31057563587684067,0.3119143239625167,0.394912985274431,0.3962516733601071,—,—,0.0022988505747126853,0.0022988505747126853
results/h8-v2/wbf/pure-positive-canon/evaluation.json,GS-487 Era-2 (full_evaluation),origin-restored,,,1367,0,0,3,0.2597114317425083,0.2597114317425083,0.26082130965593786,0.3218645948945616,0.3229744728079911,—,—,0.0022988505747126853,0.0022988505747126853
results/h8-v2/wbf/scale-16/evaluation.json,GS-487 Era-2 (full_evaluation),origin-restored,,,1185,0,0,8,0.2925925925925926,0.2925925925925926,0.2938271604938271,0.3617283950617284,0.36296296296296293,—,—,0.0022988505747126853,0.0022988505747126853
results/h8-v2/wbf/scale-32/evaluation.json,GS-487 Era-2 (full_evaluation),origin-restored,,,1201,0,0,5,0.2823960880195599,0.2823960880195599,0.28361858190709044,0.36308068459657705,0.3643031784841076,—,—,0.0022988505747126853,0.0022988505747126853
results/h8-v2/wbf/scale-4/evaluation.json,GS-487 Era-2 (full_evaluation),origin-restored,,,1114,0,0,10,0.3202065848934797,0.3202065848934797,0.3214977404777276,0.3821820529373789,0.38347320852162686,—,—,0.0022988505747126853,0.0022988505747126853
results/h8-v2/wbf/scale-8/evaluation.json,GS-487 Era-2 (full_evaluation),origin-restored,,,1002,0,0,2,0.325678496868476,0.325678496868476,0.3270702853166319,0.4091858037578288,0.41057759220598466,—,—,0.0022988505747126853,0.0022988505747126853
results/k-ladder-2026-09-12/recovery-fix-2026-09-13/reproduced-k5-evaluation/evaluation.json,GS-487 board (era2_b),origin-restored,,,435,21,0,7,0.8904593639575971,0.8904593639575971,0.9045936395759717,0.8998822143698468,0.9140164899882215,0.8139,0.8139,0.01449275362318847,0.01449275362318847
results/k-ladder-2026-09-12/tier-e/cells/grid-2026-08-18__g384-ov192-k1-verified-opmax/evaluation.json,GS-487 board (era2_b),origin-restored,grid-2026-08-18::g384-ov192-k1-verified-opmax,k-ladder-2026-09-12;null-exemplar-sensitivity-2026-09-13,482,23,0,7,0.854586129753915,0.854586129753915,0.8680089485458614,0.865771812080537,0.8791946308724833,0.8211,0.8211,0.01379310344827589,0.01379310344827589
results/k-ladder-2026-09-12/tier-e/cells/grid-2026-08-18__g384-ov192-k1-verified-p0_15-k1/evaluation.json,GS-487 board (era2_b),origin-restored,grid-2026-08-18::g384-ov192-k1-verified-p0.15-k1,k-ladder-2026-09-12;null-exemplar-sensitivity-2026-09-13,493,24,0,7,0.8539823008849557,0.8539823008849557,0.8672566371681415,0.8650442477876106,0.8783185840707963,0.8079,0.8079,0.01379310344827589,0.01379310344827589
results/k-ladder-2026-09-12/tier-e/cells/grid-2026-08-18__g384-ov192-k3-verified-opmax/evaluation.json,GS-487 board (era2_b),origin-restored,grid-2026-08-18::g384-ov192-k3-verified-opmax,k-ladder-2026-09-12;null-exemplar-sensitivity-2026-09-13,450,23,0,6,0.8839907192575406,0.8839907192575406,0.8979118329466357,0.8932714617169374,0.9071925754060326,0.8167,0.8167,0.014051522248243575,0.014051522248243575
results/k-ladder-2026-09-12/tier-e/cells/grid-2026-08-18__g384-ov192-k5-verified-opmax/evaluation.json,GS-487 board (era2_b),origin-restored,grid-2026-08-18::g384-ov192-k5-verified-opmax,k-ladder-2026-09-12;null-exemplar-sensitivity-2026-09-13,435,21,0,7,0.8904593639575971,0.8904593639575971,0.9045936395759717,0.8998822143698468,0.9140164899882215,0.8139,0.8139,0.01449275362318847,0.01449275362318847
results/null-exemplar-sensitivity-2026-09-13/cells/era1-full-340/retest-phase3a-high__text-high-t0.3-n10-8of10/evaluation.json,other:results/null-exemplar-sensitivity-2026-09-13/bounds/era1-full-340_minus_null_overlap.geojson,origin-restored,,,473,0,0,7,0.7349896480331263,0.7349896480331263,0.7453416149068324,0.7846790890269151,0.7971014492753623,0.5451,0.5451,0.012684989429175508,0.012684989429175508
results/null-exemplar-sensitivity-2026-09-13/cells/era1-full-340/retest-phase3a-high__text-high-t0.3-n30-23of30/evaluation.json,other:results/null-exemplar-sensitivity-2026-09-13/bounds/era1-full-340_minus_null_overlap.geojson,origin-restored,,,449,0,0,7,0.7494692144373674,0.7494692144373674,0.7600849256900212,0.7876857749469214,0.8004246284501061,0.5192,0.5192,0.013363028953229383,0.013363028953229383
results/null-exemplar-sensitivity-2026-09-13/cells/era1-full-340/retest-phase3a-high__text-high-t0.3-n5-4of5/evaluation.json,other:results/null-exemplar-sensitivity-2026-09-13/bounds/era1-full-340_minus_null_overlap.geojson,origin-restored,,,517,0,0,7,0.7069306930693068,0.7069306930693068,0.7168316831683167,0.7623762376237623,0.7742574257425742,0.4885,0.4885,0.012170385395537608,0.012170385395537608
results/null-exemplar-sensitivity-2026-09-13/cells/era1-full-340/retest-phase3a-high__text-high-t0.7-n10-7of10/evaluation.json,other:results/null-exemplar-sensitivity-2026-09-13/bounds/era1-full-340_minus_null_overlap.geojson,origin-restored,,,511,0,0,7,0.7111553784860557,0.7111553784860557,0.7231075697211155,0.7649402390438247,0.7768924302788843,0.4044,0.4044,0.012170385395537497,0.012170385395537497
results/null-exemplar-sensitivity-2026-09-13/cells/era1-full-340/retest-phase3a-high__text-high-t0.7-n30-22of30/evaluation.json,other:results/null-exemplar-sensitivity-2026-09-13/bounds/era1-full-340_minus_null_overlap.geojson,origin-restored,,,432,0,0,7,0.7437837837837837,0.7437837837837837,0.7567567567567567,0.7870270270270271,0.8,0.5348,0.5348,0.01388888888888895,0.01388888888888895
results/null-exemplar-sensitivity-2026-09-13/cells/era1-full-340/retest-phase3a-high__text-high-t0.7-n5-4of5/evaluation.json,other:results/null-exemplar-sensitivity-2026-09-13/bounds/era1-full-340_minus_null_overlap.geojson,origin-restored,,,487,0,0,7,0.7000000000000001,0.7000000000000001,0.710204081632653,0.746938775510204,0.7591836734693878,0.3742,0.3742,0.012320328542094416,0.012320328542094416
results/null-exemplar-sensitivity-2026-09-13/cells/era1-full-340/retest-phase3a-high__text-high-t1.0-n10-8of10/evaluation.json,other:results/null-exemplar-sensitivity-2026-09-13/bounds/era1-full-340_minus_null_overlap.geojson,origin-restored,,,411,0,0,7,0.745575221238938,0.745575221238938,0.758849557522124,0.7743362831858407,0.7876106194690267,0.5031,0.5031,0.014598540145985495,0.014598540145985495
results/null-exemplar-sensitivity-2026-09-13/cells/era1-full-340/retest-phase3a-high__text-high-t1.0-n30-23of30/evaluation.json,other:results/null-exemplar-sensitivity-2026-09-13/bounds/era1-full-340_minus_null_overlap.geojson,origin-restored,,,399,0,0,6,0.7488789237668161,0.7488789237668161,0.7600896860986547,0.7869955156950673,0.7982062780269059,0.6148,0.6148,0.01253132832080206,0.01253132832080206
results/null-exemplar-sensitivity-2026-09-13/cells/era1-full-340/retest-phase3a-high__text-high-t1.0-n5-4of5/evaluation.json,other:results/null-exemplar-sensitivity-2026-09-13/bounds/era1-full-340_minus_null_overlap.geojson,origin-restored,,,482,0,0,9,0.6994871794871795,0.6994871794871795,0.7138461538461539,0.7405128205128205,0.7569230769230769,0.4367,0.4367,0.016597510373443924,0.016597510373443924
results/null-exemplar-sensitivity-2026-09-13/cells/era1-full-340/retest-phase3a-replication__text-high-t0.7-n10-8of10/evaluation.json,other:results/null-exemplar-sensitivity-2026-09-13/bounds/era1-full-340_minus_null_overlap.geojson,origin-restored,,,450,0,0,8,0.7189819724284199,0.7189819724284199,0.7317073170731708,0.7529162248144219,0.7656415694591728,0.5036,0.5036,0.01333333333333342,0.01333333333333342
results/null-exemplar-sensitivity-2026-09-13/cells/era1-full-340/retest-phase3a-replication__text-high-t0.7-n30-21of30/evaluation.json,other:results/null-exemplar-sensitivity-2026-09-13/bounds/era1-full-340_minus_null_overlap.geojson,origin-restored,,,474,0,0,7,0.7404343329886246,0.7404343329886246,0.7528438469493279,0.7859358841778696,0.7983453981385729,0.4916,0.4916,0.012658227848101333,0.012658227848101333
results/null-exemplar-sensitivity-2026-09-13/cells/era1-full-340/retest-phase3a-replication__text-high-t0.7-n5-4of5/evaluation.json,other:results/null-exemplar-sensitivity-2026-09-13/bounds/era1-full-340_minus_null_overlap.geojson,origin-restored,,,513,0,0,9,0.6838966202783301,0.6838966202783301,0.6958250497017893,0.7216699801192842,0.7335984095427436,0.3883,0.3883,0.012170385395537497,0.012170385395537497
results/null-exemplar-sensitivity-2026-09-13/cells/era1-full-340/retest-phase3a-replication__text-minimal-t0.7-n10-8of10/evaluation.json,other:results/null-exemplar-sensitivity-2026-09-13/bounds/era1-full-340_minus_null_overlap.geojson,origin-restored,,,570,0,0,11,0.6679209783631231,0.6679209783631231,0.6848541862652869,0.7074317968015051,0.7243650047036689,0.2323,0.2323,0.018255578093306357,0.018255578093306357
results/null-exemplar-sensitivity-2026-09-13/cells/era1-full-340/retest-phase3a-replication__text-minimal-t0.7-n30-25of30/evaluation.json,other:results/null-exemplar-sensitivity-2026-09-13/bounds/era1-full-340_minus_null_overlap.geojson,origin-restored,,,533,0,0,10,0.672514619883041,0.672514619883041,0.6881091617933723,0.7076023391812865,0.7231968810916181,0.2675,0.2675,0.016227180527383367,0.016227180527383367
results/null-exemplar-sensitivity-2026-09-13/cells/era1-full-340/retest-phase3a-replication__text-minimal-t0.7-n5-4of5/evaluation.json,other:results/null-exemplar-sensitivity-2026-09-13/bounds/era1-full-340_minus_null_overlap.geojson,origin-restored,,,602,0,0,12,0.6593607305936073,0.6593607305936073,0.6776255707762557,0.7013698630136986,0.719634703196347,0.1620,0.1620,0.020283975659229236,0.020283975659229236
results/null-exemplar-sensitivity-2026-09-13/cells/era1-full-340/retest-phase3a__image-t0.3-n10-8of10/evaluation.json,other:results/null-exemplar-sensitivity-2026-09-13/bounds/era1-full-340_minus_null_overlap.geojson,origin-restored,,,512,0,0,8,0.6388059701492536,0.6388059701492536,0.6467661691542289,0.746268656716418,0.7582089552238807,0.2334,0.2334,0.012170385395537497,0.012170385395537497
results/null-exemplar-sensitivity-2026-09-13/cells/era1-full-340/retest-phase3a__image-t0.3-n30-22of30/evaluation.json,other:results/null-exemplar-sensitivity-2026-09-13/bounds/era1-full-340_minus_null_overlap.geojson,origin-restored,,,515,0,0,7,0.6428571428571429,0.6428571428571429,0.6507936507936507,0.748015873015873,0.7579365079365079,0.2190,0.2190,0.010141987829614618,0.010141987829614618
results/null-exemplar-sensitivity-2026-09-13/cells/era1-full-340/retest-phase3a__image-t0.3-n5-4of5/evaluation.json,other:results/null-exemplar-sensitivity-2026-09-13/bounds/era1-full-340_minus_null_overlap.geojson,origin-restored,,,525,0,0,7,0.6365422396856582,0.6365422396856582,0.6444007858546168,0.7485265225933203,0.7603143418467584,0.2323,0.2323,0.012170385395537497,0.012170385395537497
results/null-exemplar-sensitivity-2026-09-13/cells/era1-full-340/retest-phase3a__image-t0.7-n10-7of10/evaluation.json,other:results/null-exemplar-sensitivity-2026-09-13/bounds/era1-full-340_minus_null_overlap.geojson,origin-restored,,,468,0,0,6,0.6472424557752341,0.6472424557752341,0.6534859521331946,0.7637877211238294,0.7721123829344433,0.4066,0.4066,0.008547008547008517,0.008547008547008517
results/null-exemplar-sensitivity-2026-09-13/cells/era1-full-340/retest-phase3a__image-t0.7-n30-18of30/evaluation.json,other:results/null-exemplar-sensitivity-2026-09-13/bounds/era1-full-340_minus_null_overlap.geojson,origin-restored,,,492,0,0,6,0.6659898477157361,0.6659898477157361,0.6720812182741116,0.7695431472081218,0.7776649746192893,0.3910,0.3910,0.008130081300812941,0.008130081300812941
results/null-exemplar-sensitivity-2026-09-13/cells/era1-full-340/retest-phase3a__image-t0.7-n5-4of5/evaluation.json,other:results/null-exemplar-sensitivity-2026-09-13/bounds/era1-full-340_minus_null_overlap.geojson,origin-restored,,,462,0,0,6,0.6366492146596858,0.6366492146596858,0.6429319371727749,0.7497382198952878,0.7581151832460734,0.3847,0.3847,0.008658008658008698,0.008658008658008698
results/null-exemplar-sensitivity-2026-09-13/cells/era1-full-340/retest-phase3a__image-t1.0-n10-7of10/evaluation.json,other:results/null-exemplar-sensitivity-2026-09-13/bounds/era1-full-340_minus_null_overlap.geojson,origin-restored,,,429,0,0,6,0.631236442516269,0.631236442516269,0.6377440347071582,0.720173535791757,0.7288503253796096,0.4193,0.4193,0.009324009324009341,0.009324009324009341
results/null-exemplar-sensitivity-2026-09-13/cells/era1-full-340/retest-phase3a__image-t1.0-n30-19of30/evaluation.json,other:results/null-exemplar-sensitivity-2026-09-13/bounds/era1-full-340_minus_null_overlap.geojson,origin-restored,,,427,0,0,6,0.6543478260869564,0.6543478260869564,0.6608695652173913,0.741304347826087,0.75,0.4367,0.4367,0.00936768149882905,0.00936768149882905
results/null-exemplar-sensitivity-2026-09-13/cells/era1-full-340/retest-phase3a__image-t1.0-n5-4of5/evaluation.json,other:results/null-exemplar-sensitivity-2026-09-13/bounds/era1-full-340_minus_null_overlap.geojson,origin-restored,,,406,0,0,7,0.614015572858732,0.614015572858732,0.6206896551724138,0.7052280311457174,0.7141268075639599,0.4429,0.4429,0.009852216748768461,0.009852216748768461
results/null-exemplar-sensitivity-2026-09-13/cells/era1-full-340/retest-phase3a__text-t0.3-n10-8of10/evaluation.json,other:results/null-exemplar-sensitivity-2026-09-13/bounds/era1-full-340_minus_null_overlap.geojson,origin-restored,,,612,0,0,8,0.6606334841628958,0.6606334841628958,0.6714932126696832,0.7004524886877828,0.71131221719457,0.0648,0.0648,0.012170385395537497,0.012170385395537497
results/null-exemplar-sensitivity-2026-09-13/cells/era1-full-340/retest-phase3a__text-t0.3-n30-23of30/evaluation.json,other:results/null-exemplar-sensitivity-2026-09-13/bounds/era1-full-340_minus_null_overlap.geojson,origin-restored,,,610,0,0,9,0.6636446056210336,0.6636446056210336,0.6763372620126926,0.699909338168631,0.71260199456029,0.1128,0.1128,0.014198782961460488,0.014198782961460488
results/null-exemplar-sensitivity-2026-09-13/cells/era1-full-340/retest-phase3a__text-t0.3-n5-5of5/evaluation.json,other:results/null-exemplar-sensitivity-2026-09-13/bounds/era1-full-340_minus_null_overlap.geojson,origin-restored,,,543,0,0,8,0.6563706563706564,0.6563706563706564,0.6679536679536681,0.6911196911196912,0.7027027027027027,0.1441,0.1441,0.012170385395537608,0.012170385395537608
results/null-exemplar-sensitivity-2026-09-13/cells/era1-full-340/retest-phase3a__text-t0.7-n10-8of10/evaluation.json,other:results/null-exemplar-sensitivity-2026-09-13/bounds/era1-full-340_minus_null_overlap.geojson,origin-restored,,,574,0,0,10,0.6466729147141518,0.6466729147141518,0.6616682286785379,0.6860356138706654,0.7010309278350515,0.2226,0.2226,0.016227180527383367,0.016227180527383367
results/null-exemplar-sensitivity-2026-09-13/cells/era1-full-340/retest-phase3a__text-t0.7-n30-24of30/evaluation.json,other:results/null-exemplar-sensitivity-2026-09-13/bounds/era1-full-340_minus_null_overlap.geojson,origin-restored,,,555,0,0,11,0.6603053435114504,0.6603053435114504,0.6774809160305344,0.7003816793893131,0.7175572519083968,0.2501,0.2501,0.018255578093306246,0.018255578093306246
results/null-exemplar-sensitivity-2026-09-13/cells/era1-full-340/retest-phase3a__text-t0.7-n5-4of5/evaluation.json,other:results/null-exemplar-sensitivity-2026-09-13/bounds/era1-full-340_minus_null_overlap.geojson,origin-restored,,,612,0,0,10,0.6334841628959276,0.6334841628959276,0.6479638009049773,0.6805429864253394,0.6950226244343891,0.1849,0.1849,0.016227180527383367,0.016227180527383367
results/null-exemplar-sensitivity-2026-09-13/cells/era1-full-340/retest-phase3a__text-t1.0-n10-7of10/evaluation.json,other:results/null-exemplar-sensitivity-2026-09-13/bounds/era1-full-340_minus_null_overlap.geojson,origin-restored,,,593,0,0,8,0.6593001841620625,0.6593001841620625,0.6703499079189688,0.705340699815838,0.7163904235727441,0.2804,0.2804,0.012170385395537608,0.012170385395537608
results/null-exemplar-sensitivity-2026-09-13/cells/era1-full-340/retest-phase3a__text-t1.0-n30-22of30/evaluation.json,other:results/null-exemplar-sensitivity-2026-09-13/bounds/era1-full-340_minus_null_overlap.geojson,origin-restored,,,543,0,0,8,0.6583011583011583,0.6583011583011583,0.6698841698841698,0.6969111969111969,0.7084942084942085,0.2686,0.2686,0.012170385395537608,0.012170385395537608
results/null-exemplar-sensitivity-2026-09-13/cells/era1-full-340/retest-phase3a__text-t1.0-n5-4of5/evaluation.json,other:results/null-exemplar-sensitivity-2026-09-13/bounds/era1-full-340_minus_null_overlap.geojson,origin-restored,,,583,0,0,9,0.6394052044609665,0.6394052044609665,0.6524163568773234,0.6877323420074349,0.7007434944237918,0.2302,0.2302,0.014198782961460488,0.014198782961460488
results/null-exemplar-sensitivity-2026-09-13/cells/era1-full-340/retest-phase3c__image-h9-a-diversity-3of5/evaluation.json,other:results/null-exemplar-sensitivity-2026-09-13/bounds/era1-full-340_minus_null_overlap.geojson,origin-restored,,,2376,0,0,38,0.6403393958319128,0.6403393958319128,0.6473617659740496,0.7729675767496509,0.7841235386018603,0.6226,0.6226,0.011366680562332476,0.011366680562332476
results/null-exemplar-sensitivity-2026-09-13/cells/era1-full-340/retest-phase3c__image-h9-b-diversity-3of5/evaluation.json,other:results/null-exemplar-sensitivity-2026-09-13/bounds/era1-full-340_minus_null_overlap.geojson,origin-restored,,,2348,0,0,39,0.6428381373181964,0.6428381373181964,0.6499043086338172,0.7687378380916303,0.7812051861222847,0.6149,0.6149,0.012779714786731011,0.012779714786731011
results/null-exemplar-sensitivity-2026-09-13/cells/era1-full-340/retest-phase3c__image-h9-c-diversity-3of5/evaluation.json,other:results/null-exemplar-sensitivity-2026-09-13/bounds/era1-full-340_minus_null_overlap.geojson,origin-restored,,,2320,0,0,35,0.6504332146560899,0.6504332146560899,0.6575321719726115,0.7720021335088183,0.7824480889298799,0.6150,0.6150,0.01076997358510956,0.01076997358510956
results/null-exemplar-sensitivity-2026-09-13/cells/era1-full-340/retest-phase3c__image-h9-d-diversity-3of5/evaluation.json,other:results/null-exemplar-sensitivity-2026-09-13/bounds/era1-full-340_minus_null_overlap.geojson,origin-restored,,,2377,0,0,36,0.6455674969712186,0.6455674969712186,0.653825987849108,0.7661920216628035,0.7781632710041078,0.6296,0.6296,0.012186404763654957,0.012186404763654957
results/null-exemplar-sensitivity-2026-09-13/cells/era1-full-340/retest-phase3c__image-h9-e-diversity-3of5/evaluation.json,other:results/null-exemplar-sensitivity-2026-09-13/bounds/era1-full-340_minus_null_overlap.geojson,origin-restored,,,2313,0,0,38,0.647075436426917,0.647075436426917,0.6546135879240115,0.7735255462422792,0.7852487875184992,0.6297,0.6297,0.01211230795059437,0.01211230795059437
results/null-exemplar-sensitivity-2026-09-13/cells/era1-full-340/retest-phase3c__text-h9-a-diversity-4of5/evaluation.json,other:results/null-exemplar-sensitivity-2026-09-13/bounds/era1-full-340_minus_null_overlap.geojson,origin-restored,,,2531,0,0,38,0.6925436160534411,0.6925436160534411,0.7033454111834372,0.7465877129289908,0.7585891084585874,0.4110,0.4110,0.012170385395537497,0.012170385395537497
results/null-exemplar-sensitivity-2026-09-13/cells/era1-full-340/retest-phase3c__text-h9-b-diversity-4of5/evaluation.json,other:results/null-exemplar-sensitivity-2026-09-13/bounds/era1-full-340_minus_null_overlap.geojson,origin-restored,,,2374,0,0,36,0.6567801306690214,0.6567801306690214,0.6687644450792728,0.7005751406924009,0.712971826236673,0.4387,0.4387,0.012632461296624431,0.012632461296624431
results/null-exemplar-sensitivity-2026-09-13/cells/era1-full-340/retest-phase3c__text-h9-d-diversity-4of5/evaluation.json,other:results/null-exemplar-sensitivity-2026-09-13/bounds/era1-full-340_minus_null_overlap.geojson,origin-restored,,,2505,0,0,41,0.7039154701949656,0.7039154701949656,0.7159764894159295,0.7555119023310395,0.7695855812994669,0.4403,0.4403,0.014198782961460377,0.014198782961460377
results/null-exemplar-sensitivity-2026-09-13/cells/era1-full-340/retest-phase3c__text-h9-e-diversity-4of5/evaluation.json,other:results/null-exemplar-sensitivity-2026-09-13/bounds/era1-full-340_minus_null_overlap.geojson,origin-restored,,,2435,0,0,36,0.6677302300635024,0.6677302300635024,0.6783332680625781,0.7105957134425401,0.7220184244332439,0.4273,0.4273,0.011488748954249561,0.011488748954249561
results/null-exemplar-sensitivity-2026-09-13/cells/era2-b-487/grid-2026-08-18__g384-ov192-k1-verified-opmax/evaluation.json,other:results/null-exemplar-sensitivity-2026-09-13/bounds/era2-b-487_minus_null_overlap.geojson,origin-restored,,,471,23,0,7,0.8529076396807298,0.8529076396807298,0.8665906499429874,0.8643101482326111,0.8779931584948689,0.8275,0.8275,0.013986013986014068,0.013986013986014068
results/null-exemplar-sensitivity-2026-09-13/cells/era2-b-487/grid-2026-08-18__g384-ov192-k1-verified-p0.15-k1/evaluation.json,other:results/null-exemplar-sensitivity-2026-09-13/bounds/era2-b-487_minus_null_overlap.geojson,origin-restored,,,482,24,0,7,0.8523111612175874,0.8523111612175874,0.8658399098083427,0.8635851183765502,0.8771138669673056,0.8136,0.8136,0.013986013986014068,0.013986013986014068
results/null-exemplar-sensitivity-2026-09-13/cells/era2-b-487/grid-2026-08-18__g384-ov192-k3-verified-opmax/evaluation.json,other:results/null-exemplar-sensitivity-2026-09-13/bounds/era2-b-487_minus_null_overlap.geojson,origin-restored,,,441,23,0,6,0.8807556080283354,0.8807556080283354,0.8949232585596222,0.8902007083825265,0.9043683589138135,0.8136,0.8136,0.014354066985645897,0.014354066985645897
results/null-exemplar-sensitivity-2026-09-13/cells/era2-b-487/grid-2026-08-18__g384-ov192-k5-verified-opmax/evaluation.json,other:results/null-exemplar-sensitivity-2026-09-13/bounds/era2-b-487_minus_null_overlap.geojson,origin-restored,,,426,21,0,7,0.8872901678657075,0.8872901678657075,0.9016786570743405,0.8968824940047962,0.9112709832134291,0.8155,0.8155,0.014814814814814836,0.014814814814814836
results/paper-eval/pro-n10/consensus-t1/evaluation.json,GS-487 Era-2 (full_evaluation),origin-restored,,,566,0,0,1,0.7332667332667333,0.7332667332667333,0.7332667332667333,0.7512487512487512,0.7532467532467533,0.7162,0.7162,0.0022988505747126853,0.0022988505747126853
results/paper-eval/pro-n10/consensus-t10/evaluation.json,GS-487 Era-2 (full_evaluation),origin-restored,,,295,0,0,1,0.7945205479452054,0.7945205479452054,0.7945205479452054,0.8027397260273972,0.8054794520547945,0.7095,0.7095,0.003389830508474634,0.003389830508474634
results/paper-eval/pro-n10/consensus-t2/evaluation.json,GS-487 Era-2 (full_evaluation),origin-restored,,,469,0,0,1,0.7986725663716814,0.7986725663716814,0.7986725663716814,0.8230088495575222,0.825221238938053,0.7344,0.7344,0.0022988505747125743,0.0022988505747125743
results/paper-eval/pro-n10/consensus-t3/evaluation.json,GS-487 Era-2 (full_evaluation),origin-restored,,,425,0,0,1,0.8232558139534883,0.8232558139534883,0.8232558139534883,0.8418604651162791,0.8441860465116279,0.7453,0.7453,0.0023529411764705577,0.0023529411764705577
results/paper-eval/pro-n10/consensus-t4/evaluation.json,GS-487 Era-2 (full_evaluation),origin-restored,,,393,0,0,1,0.8333333333333334,0.8333333333333334,0.8333333333333334,0.8502415458937198,0.8526570048309179,0.7356,0.7356,0.0025445292620864812,0.0025445292620864812
results/paper-eval/pro-n10/consensus-t5/evaluation.json,GS-487 Era-2 (full_evaluation),origin-restored,,,369,0,0,1,0.8333333333333334,0.8333333333333334,0.8333333333333334,0.8532338308457711,0.8557213930348259,0.7264,0.7264,0.0027100271002710175,0.0027100271002710175
results/paper-eval/pro-n10/consensus-t6/evaluation.json,GS-487 Era-2 (full_evaluation),origin-restored,,,357,0,0,1,0.835858585858586,0.835858585858586,0.835858585858586,0.8535353535353535,0.856060606060606,0.7263,0.7263,0.0028011204481792618,0.0028011204481792618
results/paper-eval/pro-n10/consensus-t7/evaluation.json,GS-487 Era-2 (full_evaluation),origin-restored,,,341,0,0,1,0.827319587628866,0.827319587628866,0.827319587628866,0.8402061855670103,0.8427835051546392,0.7219,0.7219,0.0029325513196480912,0.0029325513196480912
results/paper-eval/pro-n10/consensus-t8/evaluation.json,GS-487 Era-2 (full_evaluation),origin-restored,,,332,0,0,1,0.8265971316818773,0.8265971316818773,0.8265971316818773,0.8370273794002608,0.8396349413298566,0.7215,0.7215,0.0030120481927710108,0.0030120481927710108
results/paper-eval/pro-n10/consensus-t9/evaluation.json,GS-487 Era-2 (full_evaluation),origin-restored,,,313,0,0,1,0.8101604278074865,0.8101604278074865,0.8101604278074865,0.8181818181818181,0.8208556149732621,0.7180,0.7180,0.0031948881789136685,0.0031948881789136685
results/phase3a-image-matrix/high-t0.0/n10/high-t0-0-1of10/evaluation.json,GS-487 Era-2 (full_evaluation),origin-restored,,,889,0,0,3,0.49697885196374625,0.49697885196374625,0.49848942598187307,0.5996978851963746,0.6012084592145015,0.4671,0.4671,0.0022988505747126853,0.0022988505747126853
results/phase3a-image-matrix/high-t0.0/n10/high-t0-0-2of10/evaluation.json,GS-487 Era-2 (full_evaluation),origin-restored,,,816,0,0,2,0.5083932853717027,0.5083932853717027,0.5099920063948841,0.618705035971223,0.6203037569944045,0.4804,0.4804,0.0022988505747126853,0.0022988505747126853
results/phase3a-image-matrix/high-t0.0/n10/high-t0-0-3of10/evaluation.json,GS-487 Era-2 (full_evaluation),origin-restored,,,782,0,0,2,0.5127362366474939,0.5127362366474939,0.5143796220213641,0.6179129005751849,0.6195562859490551,0.4993,0.4993,0.0022988505747126853,0.0022988505747126853
results/phase3a-image-matrix/high-t0.3/n10/high-t0-3-1of10/evaluation.json,GS-487 Era-2 (full_evaluation),origin-restored,,,3412,0,0,9,0.19443722381076164,0.19443722381076164,0.1949571094359241,0.21679230569274757,0.21731219131791005,0.1686,0.1686,0.0022988505747125743,0.0022988505747125743
results/phase3a-image-matrix/high-t0.3/n10/high-t0-3-2of10/evaluation.json,GS-487 Era-2 (full_evaluation),origin-restored,,,1265,0,0,3,0.43411764705882355,0.43411764705882355,0.4352941176470588,0.48588235294117643,0.48705882352941177,0.3654,0.3654,0.0022988505747126853,0.0022988505747126853
results/phase3a-image-matrix/high-t0.3/n10/high-t0-3-3of10/evaluation.json,GS-487 Era-2 (full_evaluation),origin-restored,,,879,0,0,3,0.547945205479452,0.547945205479452,0.5494672754946727,0.6286149162861492,0.6301369863013698,0.5035,0.5035,0.0022988505747126853,0.0022988505747126853
results/phase3a-image-matrix/high-t0.3/n10/high-t0-3-4of10/evaluation.json,GS-487 Era-2 (full_evaluation),origin-restored,,,697,0,0,2,0.6219081272084807,0.6219081272084807,0.6236749116607774,0.7190812720848058,0.7208480565371024,0.5458,0.5458,0.0022988505747126853,0.0022988505747126853
results/phase3a-image-matrix/high-t0.3/n10/high-t0-3-5of10/evaluation.json,GS-487 Era-2 (full_evaluation),origin-restored,,,590,0,0,2,0.6809756097560976,0.6809756097560976,0.6829268292682927,0.7824390243902439,0.784390243902439,0.5937,0.5937,0.0022988505747126853,0.0022988505747126853
results/phase3a-image-matrix/high-t0.3/n10/high-t0-3-6of10/evaluation.json,GS-487 Era-2 (full_evaluation),origin-restored,,,515,0,0,1,0.7073684210526316,0.7073684210526316,0.7094736842105264,0.8168421052631579,0.8189473684210525,0.6433,0.6433,0.0022988505747126853,0.0022988505747126853
results/phase3a-image-matrix/high-t0.3/n10/high-t0-3-7of10/evaluation.json,GS-487 Era-2 (full_evaluation),origin-restored,,,465,0,0,1,0.7244444444444444,0.7244444444444444,0.7266666666666667,0.8244444444444445,0.8266666666666667,0.6670,0.6670,0.0022988505747126853,0.0022988505747126853
results/phase3a-image-matrix/high-t0.3/n10/high-t0-3-8of10/evaluation.json,GS-487 Era-2 (full_evaluation),origin-restored,,,420,0,0,1,0.7298245614035087,0.7298245614035087,0.7321637426900585,0.8116959064327485,0.8140350877192983,0.6700,0.6700,0.0023809523809524835,0.0023809523809524835
results/phase3a-image-matrix/high-t0.3/n10/high-t0-3-9of10/evaluation.json,GS-487 Era-2 (full_evaluation),origin-restored,,,361,0,0,1,0.7311557788944724,0.7311557788944724,0.7336683417085429,0.7939698492462312,0.7964824120603015,0.6834,0.6834,0.0027700831024931594,0.0027700831024931594
results/phase3a-image-matrix/high-t0.3/n5/high-t0-3-1of5/evaluation.json,GS-487 Era-2 (full_evaluation),origin-restored,,,2190,0,0,7,0.2773333333333333,0.2773333333333333,0.27809523809523806,0.31695238095238093,0.3177142857142857,0.2210,0.2210,0.0022988505747126853,0.0022988505747126853
results/phase3a-image-matrix/high-t0.3/n5/high-t0-3-2of5/evaluation.json,GS-487 Era-2 (full_evaluation),origin-restored,,,843,0,0,3,0.539906103286385,0.539906103286385,0.541471048513302,0.6369327073552425,0.6384976525821596,0.4570,0.4570,0.0022988505747126853,0.0022988505747126853
results/phase3a-image-matrix/high-t0.3/n5/high-t0-3-3of5/evaluation.json,GS-487 Era-2 (full_evaluation),origin-restored,,,584,0,0,2,0.6535819430814525,0.6535819430814525,0.6555446516192345,0.775269872423945,0.7772325809617273,0.6055,0.6055,0.0022988505747126853,0.0022988505747126853
results/phase3a-image-matrix/high-t0.3/n5/high-t0-3-4of5/evaluation.json,GS-487 Era-2 (full_evaluation),origin-restored,,,460,0,0,1,0.7039106145251397,0.7039106145251397,0.7061452513966481,0.8067039106145252,0.8089385474860336,0.6474,0.6474,0.0022988505747126853,0.0022988505747126853
results/phase3a-image-matrix/high-t0.7/n10/high-t0-7-1of10/evaluation.json,GS-487 Era-2 (full_evaluation),origin-restored,,,3211,0,0,18,0.21283598464070214,0.21283598464070214,0.2133845309928689,0.23477783872737248,0.23532638507953924,0.2279,0.2279,0.0022988505747125743,0.0022988505747125743
results/phase3a-image-matrix/high-t0.7/n10/high-t0-7-2of10/evaluation.json,GS-487 Era-2 (full_evaluation),origin-restored,,,1112,0,0,4,0.4873949579831933,0.4873949579831933,0.48868778280542996,0.5404007756948933,0.5416936005171299,0.4752,0.4752,0.0022988505747126853,0.0022988505747126853
results/phase3a-image-matrix/high-t0.7/n10/high-t0-7-3of10/evaluation.json,GS-487 Era-2 (full_evaluation),origin-restored,,,752,0,0,1,0.6217354675652906,0.6217354675652906,0.6234203875315922,0.6992417860151643,0.7009267059814658,0.5746,0.5746,0.0022988505747126853,0.0022988505747126853
results/phase3a-image-matrix/high-t0.7/n10/high-t0-7-4of10/evaluation.json,GS-487 Era-2 (full_evaluation),origin-restored,,,609,0,0,1,0.6800766283524904,0.6800766283524904,0.681992337164751,0.7777777777777778,0.7796934865900383,0.6316,0.6316,0.0022988505747126853,0.0022988505747126853
results/phase3a-image-matrix/high-t0.7/n10/high-t0-7-5of10/evaluation.json,GS-487 Era-2 (full_evaluation),origin-restored,,,519,0,0,1,0.7211740041928721,0.7211740041928721,0.7232704402515722,0.8218029350104822,0.8238993710691823,0.6546,0.6546,0.0022988505747126853,0.0022988505747126853
results/phase3a-image-matrix/high-t0.7/n10/high-t0-7-6of10/evaluation.json,GS-487 Era-2 (full_evaluation),origin-restored,,,462,0,0,1,0.7402452619843926,0.7402452619843926,0.7424749163879598,0.8338907469342252,0.8361204013377926,0.6750,0.6750,0.0022988505747125743,0.0022988505747125743
results/phase3a-image-matrix/high-t0.7/n10/high-t0-7-7of10/evaluation.json,GS-487 Era-2 (full_evaluation),origin-restored,,,405,0,0,1,0.75,0.75,0.7523809523809525,0.8238095238095238,0.8261904761904761,0.6784,0.6784,0.0024691358024692134,0.0024691358024692134
results/phase3a-image-matrix/high-t0.7/n10/high-t0-7-8of10/evaluation.json,GS-487 Era-2 (full_evaluation),origin-restored,,,344,0,0,1,0.7291399229781772,0.7291399229781772,0.7317073170731706,0.7881899871630296,0.7907573812580231,0.6788,0.6788,0.0029069767441860517,0.0029069767441860517
results/phase3a-image-matrix/high-t0.7/n5/high-t0-7-1of5/evaluation.json,GS-487 Era-2 (full_evaluation),origin-restored,,,2017,0,0,7,0.31158238172920066,0.31158238172920066,0.3123980424143556,0.34420880913539964,0.3450244698205546,0.3320,0.3320,0.0022988505747125743,0.0022988505747125743
results/phase3a-image-matrix/high-t0.7/n5/high-t0-7-2of5/evaluation.json,GS-487 Era-2 (full_evaluation),origin-restored,,,741,0,0,2,0.6173469387755103,0.6173469387755103,0.619047619047619,0.7023809523809523,0.7040816326530612,0.5577,0.5577,0.0022988505747126853,0.0022988505747126853
results/phase3a-image-matrix/high-t0.7/n5/high-t0-7-3of5/evaluation.json,GS-487 Era-2 (full_evaluation),origin-restored,,,506,0,0,1,0.7268862911795961,0.7268862911795961,0.7290116896918172,0.8267800212539852,0.8289054197662061,0.6648,0.6648,0.0022988505747126853,0.0022988505747126853
results/phase3a-image-matrix/high-t0.7/n5/high-t0-7-4of5/evaluation.json,GS-487 Era-2 (full_evaluation),origin-restored,,,388,0,0,1,0.7193195625759417,0.7193195625759417,0.7217496962332929,0.7922235722964763,0.7946537059538273,0.6627,0.6627,0.002577319587628857,0.002577319587628857
results/phase3a-image-matrix/high-t1.0/n10/high-t1-0-10of10/evaluation.json,GS-487 Era-2 (full_evaluation),origin-restored,,,169,0,0,1,0.5066225165562913,0.5066225165562913,0.5099337748344371,0.5264900662251656,0.5298013245033113,0.5618,0.5618,0.00591715976331364,0.00591715976331364
results/phase3a-image-matrix/high-t1.0/n10/high-t1-0-1of10/evaluation.json,GS-487 Era-2 (full_evaluation),origin-restored,,,4638,0,0,13,0.1517839542676917,0.1517839542676917,0.15217819830475066,0.16637098363887246,0.1667652276759314,0.1360,0.1360,0.0022988505747125743,0.0022988505747125743
results/phase3a-image-matrix/high-t1.0/n10/high-t1-0-2of10/evaluation.json,GS-487 Era-2 (full_evaluation),origin-restored,,,1295,0,0,5,0.4277456647398844,0.4277456647398844,0.4289017341040463,0.47976878612716756,0.4809248554913295,0.3613,0.3613,0.0022988505747126853,0.0022988505747126853
results/phase3a-image-matrix/high-t1.0/n10/high-t1-0-3of10/evaluation.json,GS-487 Era-2 (full_evaluation),origin-restored,,,836,0,0,1,0.5649095200629426,0.5649095200629426,0.5664830841856806,0.6404405979543666,0.6420141620771046,0.4993,0.4993,0.0022988505747126853,0.0022988505747126853
results/phase3a-image-matrix/high-t1.0/n10/high-t1-0-4of10/evaluation.json,GS-487 Era-2 (full_evaluation),origin-restored,,,626,0,0,1,0.6540999057492931,0.6540999057492931,0.6559849198868991,0.7464655984919887,0.7483506126295947,0.5629,0.5629,0.0022988505747126853,0.0022988505747126853
results/phase3a-image-matrix/high-t1.0/n10/high-t1-0-5of10/evaluation.json,GS-487 Era-2 (full_evaluation),origin-restored,,,509,0,0,1,0.7203389830508474,0.7203389830508474,0.7224576271186441,0.8156779661016949,0.8177966101694915,0.6248,0.6248,0.0022988505747125743,0.0022988505747125743
results/phase3a-image-matrix/high-t1.0/n10/high-t1-0-6of10/evaluation.json,GS-487 Era-2 (full_evaluation),origin-restored,,,433,0,0,1,0.7350230414746544,0.7350230414746544,0.7373271889400921,0.8179723502304148,0.8202764976958525,0.6456,0.6456,0.002309468822170868,0.002309468822170868
results/phase3a-image-matrix/high-t1.0/n10/high-t1-0-7of10/evaluation.json,GS-487 Era-2 (full_evaluation),origin-restored,,,377,0,0,1,0.7167487684729065,0.7167487684729065,0.7192118226600985,0.795566502463054,0.7980295566502462,0.6352,0.6352,0.0026525198938992522,0.0026525198938992522
results/phase3a-image-matrix/high-t1.0/n10/high-t1-0-8of10/evaluation.json,GS-487 Era-2 (full_evaluation),origin-restored,,,319,0,0,1,0.6923076923076923,0.6923076923076923,0.6949602122015914,0.7586206896551724,0.7612732095490716,0.6754,0.6754,0.0031347962382445305,0.0031347962382445305
results/phase3a-image-matrix/high-t1.0/n10/high-t1-0-9of10/evaluation.json,GS-487 Era-2 (full_evaluation),origin-restored,,,254,0,0,1,0.6386066763425254,0.6386066763425254,0.6415094339622641,0.6763425253991292,0.6792452830188679,0.6446,0.6446,0.003937007874015741,0.003937007874015741
results/phase3a-image-matrix/high-t1.0/n5/high-t1-0-1of5/evaluation.json,GS-487 Era-2 (full_evaluation),origin-restored,,,2840,0,0,6,0.22778625954198473,0.22778625954198473,0.2283969465648855,0.25465648854961837,0.2552671755725191,0.2150,0.2150,0.0022988505747126853,0.0022988505747126853
results/phase3a-image-matrix/high-t1.0/n5/high-t1-0-2of5/evaluation.json,GS-487 Era-2 (full_evaluation),origin-restored,,,818,0,0,2,0.5650438946528332,0.5650438946528332,0.5666400638467678,0.6480446927374302,0.6496408619313647,0.4596,0.4596,0.0022988505747126853,0.0022988505747126853
results/phase3a-image-matrix/high-t1.0/n5/high-t1-0-3of5/evaluation.json,GS-487 Era-2 (full_evaluation),origin-restored,,,506,0,0,1,0.6865037194473964,0.6865037194473964,0.6886291179596175,0.8034006376195536,0.8055260361317748,0.6426,0.6426,0.0022988505747126853,0.0022988505747126853
results/phase3a-image-matrix/high-t1.0/n5/high-t1-0-4of5/evaluation.json,GS-487 Era-2 (full_evaluation),origin-restored,,,357,0,0,1,0.696969696969697,0.696969696969697,0.6994949494949495,0.7702020202020202,0.7727272727272727,0.6559,0.6559,0.0028011204481792618,0.0028011204481792618
results/phase3a-image-matrix/high-t1.0/n5/high-t1-0-5of5/evaluation.json,GS-487 Era-2 (full_evaluation),origin-restored,,,248,0,0,1,0.6120058565153734,0.6120058565153734,0.6149341142020499,0.6559297218155197,0.6588579795021963,0.6359,0.6359,0.0040322580645161255,0.0040322580645161255
results/phase3a-image-matrix/minimal-t0.0/n3/minimal-t0-0-1of3/evaluation.json,GS-487 Era-2 (full_evaluation),origin-restored,,,690,0,0,4,0.6239999999999999,0.6239999999999999,0.6257777777777779,0.7128888888888889,0.7146666666666667,0.2157,0.2157,0.0022988505747126853,0.0022988505747126853
results/phase3a-image-matrix/minimal-t0.0/n3/minimal-t0-0-2of3/evaluation.json,GS-487 Era-2 (full_evaluation),origin-restored,,,681,0,0,4,0.6290322580645162,0.6290322580645162,0.6308243727598566,0.7186379928315413,0.7204301075268817,0.2157,0.2157,0.0022988505747126853,0.0022988505747126853
results/phase3a-image-matrix/minimal-t0.0/n3/minimal-t0-0-3of3/evaluation.json,GS-487 Era-2 (full_evaluation),origin-restored,,,675,0,0,4,0.6288288288288288,0.6288288288288288,0.6306306306306306,0.718918918918919,0.7207207207207207,0.2197,0.2197,0.0022988505747126853,0.0022988505747126853
results/phase3a-image-matrix/minimal-t0.3/n10/minimal-t0-3-10of10/evaluation.json,GS-487 Era-2 (full_evaluation),origin-restored,,,517,0,0,2,0.6596638655462185,0.6596638655462185,0.6617647058823529,0.7184873949579831,0.7205882352941176,0.3397,0.3397,0.0022988505747126853,0.0022988505747126853
results/phase3a-image-matrix/minimal-t0.3/n10/minimal-t0-3-1of10/evaluation.json,GS-487 Era-2 (full_evaluation),origin-restored,,,1114,0,0,8,0.4738540994189799,0.4738540994189799,0.47514525500322796,0.5203357004519044,0.5216268560361523,0.1046,0.1046,0.0022988505747126853,0.0022988505747126853
results/phase3a-image-matrix/minimal-t0.3/n10/minimal-t0-3-2of10/evaluation.json,GS-487 Era-2 (full_evaluation),origin-restored,,,889,0,0,6,0.5483383685800604,0.5483383685800604,0.5498489425981873,0.6057401812688821,0.6072507552870091,0.1310,0.1310,0.0022988505747126853,0.0022988505747126853
results/phase3a-image-matrix/minimal-t0.3/n10/minimal-t0-3-3of10/evaluation.json,GS-487 Era-2 (full_evaluation),origin-restored,,,808,0,0,6,0.5760257441673372,0.5760257441673372,0.577634754625905,0.6419951729686243,0.6436041834271923,0.1381,0.1381,0.0022988505747126853,0.0022988505747126853
results/phase3a-image-matrix/minimal-t0.3/n10/minimal-t0-3-4of10/evaluation.json,GS-487 Era-2 (full_evaluation),origin-restored,,,759,0,0,6,0.5979899497487438,0.5979899497487438,0.5996649916247907,0.6683417085427135,0.6700167504187604,0.1709,0.1709,0.0022988505747126853,0.0022988505747126853
results/phase3a-image-matrix/minimal-t0.3/n10/minimal-t0-3-5of10/evaluation.json,GS-487 Era-2 (full_evaluation),origin-restored,,,726,0,0,6,0.6098191214470283,0.6098191214470283,0.6115417743324719,0.6838931955211026,0.6856158484065461,0.1835,0.1835,0.0022988505747126853,0.0022988505747126853
results/phase3a-image-matrix/minimal-t0.3/n10/minimal-t0-3-6of10/evaluation.json,GS-487 Era-2 (full_evaluation),origin-restored,,,687,0,0,4,0.6238859180035651,0.6238859180035651,0.6256684491978609,0.6987522281639929,0.7005347593582888,0.2098,0.2098,0.0022988505747126853,0.0022988505747126853
results/phase3a-image-matrix/minimal-t0.3/n10/minimal-t0-3-7of10/evaluation.json,GS-487 Era-2 (full_evaluation),origin-restored,,,651,0,0,4,0.6353591160220995,0.6353591160220995,0.6372007366482505,0.7090239410681399,0.7108655616942908,0.2196,0.2196,0.0022988505747125743,0.0022988505747125743
results/phase3a-image-matrix/minimal-t0.3/n10/minimal-t0-3-8of10/evaluation.json,GS-487 Era-2 (full_evaluation),origin-restored,,,619,0,0,3,0.6413662239089185,0.6413662239089185,0.6432637571157496,0.7153700189753319,0.7172675521821632,0.2410,0.2410,0.0022988505747126853,0.0022988505747126853
results/phase3a-image-matrix/minimal-t0.3/n10/minimal-t0-3-9of10/evaluation.json,GS-487 Era-2 (full_evaluation),origin-restored,,,577,0,0,3,0.6521739130434783,0.6521739130434783,0.6541501976284585,0.725296442687747,0.7272727272727272,0.2949,0.2949,0.0022988505747126853,0.0022988505747126853
results/phase3a-image-matrix/minimal-t0.3/n5/minimal-t0-3-1of5/evaluation.json,GS-487 Era-2 (full_evaluation),origin-restored,,,987,0,0,7,0.510548523206751,0.510548523206751,0.5119549929676511,0.5668073136427567,0.5682137834036569,0.1237,0.1237,0.0022988505747126853,0.0022988505747126853
results/phase3a-image-matrix/minimal-t0.3/n5/minimal-t0-3-2of5/evaluation.json,GS-487 Era-2 (full_evaluation),origin-restored,,,787,0,0,6,0.5842880523731587,0.5842880523731587,0.585924713584288,0.6546644844517184,0.6563011456628478,0.1336,0.1336,0.0022988505747126853,0.0022988505747126853
results/phase3a-image-matrix/minimal-t0.3/n5/minimal-t0-3-3of5/evaluation.json,GS-487 Era-2 (full_evaluation),origin-restored,,,698,0,0,5,0.6195939982347749,0.6195939982347749,0.6213592233009709,0.6972639011473962,0.6990291262135923,0.2018,0.2018,0.0022988505747126853,0.0022988505747126853
results/phase3a-image-matrix/minimal-t0.3/n5/minimal-t0-3-4of5/evaluation.json,GS-487 Era-2 (full_evaluation),origin-restored,,,649,0,0,3,0.6346863468634686,0.6346863468634686,0.6365313653136531,0.7066420664206643,0.7084870848708487,0.2274,0.2274,0.0022988505747126853,0.0022988505747126853
results/phase3a-image-matrix/minimal-t0.3/n5/minimal-t0-3-5of5/evaluation.json,GS-487 Era-2 (full_evaluation),origin-restored,,,559,0,0,2,0.6539235412474849,0.6539235412474849,0.6559356136820926,0.7243460764587524,0.7263581488933603,0.3222,0.3222,0.0022988505747126853,0.0022988505747126853
results/phase3a-image-matrix/minimal-t0.7/n10/minimal-t0-7-10of10/evaluation.json,GS-487 Era-2 (full_evaluation),origin-restored,,,361,0,0,2,0.6306532663316582,0.6306532663316582,0.6331658291457287,0.6834170854271356,0.6859296482412061,0.4373,0.4373,0.0027700831024930483,0.0027700831024930483
results/phase3a-image-matrix/minimal-t0.7/n10/minimal-t0-7-1of10/evaluation.json,GS-487 Era-2 (full_evaluation),origin-restored,,,1450,0,0,9,0.4053050397877984,0.4053050397877984,0.40636604774535806,0.4392572944297081,0.44031830238726793,0.1094,0.1094,0.0022988505747125743,0.0022988505747125743
results/phase3a-image-matrix/minimal-t0.7/n10/minimal-t0-7-2of10/evaluation.json,GS-487 Era-2 (full_evaluation),origin-restored,,,952,0,0,4,0.5407354001441962,0.5407354001441962,0.5421773612112473,0.5912040374909877,0.5926459985580389,0.1772,0.1772,0.0022988505747126853,0.0022988505747126853
results/phase3a-image-matrix/minimal-t0.7/n10/minimal-t0-7-3of10/evaluation.json,GS-487 Era-2 (full_evaluation),origin-restored,,,777,0,0,3,0.6039603960396039,0.6039603960396039,0.6056105610561056,0.6716171617161716,0.6732673267326732,0.2531,0.2531,0.0022988505747126853,0.0022988505747126853
results/phase3a-image-matrix/minimal-t0.7/n10/minimal-t0-7-4of10/evaluation.json,GS-487 Era-2 (full_evaluation),origin-restored,,,697,0,0,3,0.6360424028268551,0.6360424028268551,0.637809187279152,0.7102473498233216,0.7120141342756185,0.2772,0.2772,0.0022988505747126853,0.0022988505747126853
results/phase3a-image-matrix/minimal-t0.7/n10/minimal-t0-7-5of10/evaluation.json,GS-487 Era-2 (full_evaluation),origin-restored,,,625,0,0,2,0.660377358490566,0.660377358490566,0.6622641509433962,0.7396226415094339,0.7415094339622642,0.3205,0.3205,0.0022988505747126853,0.0022988505747126853
results/phase3a-image-matrix/minimal-t0.7/n10/minimal-t0-7-6of10/evaluation.json,GS-487 Era-2 (full_evaluation),origin-restored,,,577,0,0,2,0.6758893280632411,0.6758893280632411,0.6778656126482213,0.7529644268774703,0.7549407114624506,0.3611,0.3611,0.0022988505747126853,0.0022988505747126853
results/phase3a-image-matrix/minimal-t0.7/n10/minimal-t0-7-7of10/evaluation.json,GS-487 Era-2 (full_evaluation),origin-restored,,,535,0,0,2,0.6783505154639176,0.6783505154639176,0.6804123711340205,0.7463917525773197,0.7484536082474227,0.3843,0.3843,0.0022988505747126853,0.0022988505747126853
results/phase3a-image-matrix/minimal-t0.7/n10/minimal-t0-7-8of10/evaluation.json,GS-487 Era-2 (full_evaluation),origin-restored,,,494,0,0,2,0.6803013993541442,0.6803013993541442,0.682454251883746,0.7470398277717977,0.7491926803013993,0.4055,0.4055,0.0022988505747126853,0.0022988505747126853
results/phase3a-image-matrix/minimal-t0.7/n10/minimal-t0-7-9of10/evaluation.json,GS-487 Era-2 (full_evaluation),origin-restored,,,443,0,0,2,0.6697038724373577,0.6697038724373577,0.6719817767653758,0.7289293849658315,0.7312072892938496,0.4226,0.4226,0.0022988505747126853,0.0022988505747126853
results/phase3a-image-matrix/minimal-t0.7/n5/minimal-t0-7-1of5/evaluation.json,GS-487 Era-2 (full_evaluation),origin-restored,,,1123,0,0,5,0.48010269576379977,0.48010269576379977,0.4813863928112966,0.5288831835686777,0.5301668806161746,0.1731,0.1731,0.0022988505747125743,0.0022988505747125743
results/phase3a-image-matrix/minimal-t0.7/n5/minimal-t0-7-2of5/evaluation.json,GS-487 Era-2 (full_evaluation),origin-restored,,,754,0,0,4,0.5870479394449117,0.5870479394449117,0.5887300252312868,0.6694701429772918,0.671152228763667,0.2569,0.2569,0.0022988505747126853,0.0022988505747126853
results/phase3a-image-matrix/minimal-t0.7/n5/minimal-t0-7-3of5/evaluation.json,GS-487 Era-2 (full_evaluation),origin-restored,,,617,0,0,2,0.6444866920152091,0.6444866920152091,0.6463878326996199,0.7376425855513308,0.7395437262357415,0.3241,0.3241,0.0022988505747126853,0.0022988505747126853
results/phase3a-image-matrix/minimal-t0.7/n5/minimal-t0-7-4of5/evaluation.json,GS-487 Era-2 (full_evaluation),origin-restored,,,523,0,0,2,0.6638830897703549,0.6638830897703549,0.6659707724425887,0.7494780793319415,0.7515657620041754,0.3898,0.3898,0.0022988505747126853,0.0022988505747126853
results/phase3a-image-matrix/minimal-t0.7/n5/minimal-t0-7-5of5/evaluation.json,GS-487 Era-2 (full_evaluation),origin-restored,,,427,0,0,2,0.6566125290023203,0.6566125290023203,0.6589327146171694,0.7169373549883991,0.7192575406032483,0.4188,0.4188,0.0023419203747072626,0.0023419203747072626
results/phase3a-image-matrix/minimal-t1.0/n10/minimal-t1-0-1of10/evaluation.json,GS-487 Era-2 (full_evaluation),origin-restored,,,1975,0,0,10,0.30871369294605816,0.30871369294605816,0.30954356846473025,0.34107883817427387,0.34190871369294606,0.0707,0.0707,0.0022988505747126853,0.0022988505747126853
results/phase3a-image-matrix/minimal-t1.0/n10/minimal-t1-0-2of10/evaluation.json,GS-487 Era-2 (full_evaluation),origin-restored,,,1148,0,0,7,0.4472520530638029,0.4472520530638029,0.44851547694251426,0.5066329753632344,0.5078963992419456,0.1008,0.1008,0.0022988505747126853,0.0022988505747126853
results/phase3a-image-matrix/minimal-t1.0/n10/minimal-t1-0-3of10/evaluation.json,GS-487 Era-2 (full_evaluation),origin-restored,,,856,0,0,5,0.5360185902401239,0.5360185902401239,0.5375677769171185,0.6134779240898528,0.6150271107668475,0.1734,0.1734,0.0022988505747126853,0.0022988505747126853
results/phase3a-image-matrix/minimal-t1.0/n10/minimal-t1-0-4of10/evaluation.json,GS-487 Era-2 (full_evaluation),origin-restored,,,712,0,0,5,0.5876198779424586,0.5876198779424586,0.5893635571054925,0.6835222319093287,0.6852659110723628,0.2654,0.2654,0.0022988505747126853,0.0022988505747126853
results/phase3a-image-matrix/minimal-t1.0/n10/minimal-t1-0-5of10/evaluation.json,GS-487 Era-2 (full_evaluation),origin-restored,,,632,0,0,4,0.6148078725398313,0.6148078725398313,0.6166822867853795,0.7179006560449859,0.7197750702905341,0.2967,0.2967,0.0022988505747126853,0.0022988505747126853
results/phase3a-image-matrix/minimal-t1.0/n10/minimal-t1-0-6of10/evaluation.json,GS-487 Era-2 (full_evaluation),origin-restored,,,576,0,0,3,0.6350148367952522,0.6350148367952522,0.6369930761622156,0.7359050445103859,0.737883283877349,0.3560,0.3560,0.0022988505747125743,0.0022988505747125743
results/phase3a-image-matrix/minimal-t1.0/n10/minimal-t1-0-7of10/evaluation.json,GS-487 Era-2 (full_evaluation),origin-restored,,,515,0,0,2,0.6442105263157896,0.6442105263157896,0.6463157894736843,0.7410526315789474,0.7431578947368421,0.4266,0.4266,0.0022988505747126853,0.0022988505747126853
results/phase3a-image-matrix/minimal-t1.0/n10/minimal-t1-0-8of10/evaluation.json,GS-487 Era-2 (full_evaluation),origin-restored,,,466,0,0,2,0.6459489456159823,0.6459489456159823,0.6481687014428414,0.734739178690344,0.7369589345172032,0.4424,0.4424,0.0022988505747126853,0.0022988505747126853
results/phase3a-image-matrix/minimal-t1.0/n10/minimal-t1-0-9of10/evaluation.json,GS-487 Era-2 (full_evaluation),origin-restored,,,398,0,0,1,0.6242496998799519,0.6242496998799519,0.6266506602641057,0.7034813925570229,0.7058823529411765,0.4725,0.4725,0.002512562814070307,0.002512562814070307
results/phase3a-image-matrix/minimal-t1.0/n5/minimal-t1-0-1of5/evaluation.json,GS-487 Era-2 (full_evaluation),origin-restored,,,1443,0,0,9,0.382321618743344,0.382321618743344,0.3833865814696486,0.43130990415335463,0.4323748668796592,0.0828,0.0828,0.0022988505747126853,0.0022988505747126853
results/phase3a-image-matrix/minimal-t1.0/n5/minimal-t1-0-2of5/evaluation.json,GS-487 Era-2 (full_evaluation),origin-restored,,,823,0,0,6,0.5437201907790143,0.5437201907790143,0.5453100158982511,0.6248012718600954,0.6263910969793323,0.1879,0.1879,0.0022988505747125743,0.0022988505747125743
results/phase3a-image-matrix/minimal-t1.0/n5/minimal-t1-0-3of5/evaluation.json,GS-487 Era-2 (full_evaluation),origin-restored,,,628,0,0,3,0.6095954844778928,0.6095954844778928,0.6114769520225777,0.7149576669802445,0.7168391345249294,0.2913,0.2913,0.0022988505747125743,0.0022988505747125743
results/phase3a-image-matrix/minimal-t1.0/n5/minimal-t1-0-4of5/evaluation.json,GS-487 Era-2 (full_evaluation),origin-restored,,,506,0,0,2,0.6461211477151967,0.6461211477151967,0.6482465462274176,0.7396386822529224,0.7417640807651434,0.4188,0.4188,0.0022988505747126853,0.0022988505747126853
results/phase3a-image-matrix/minimal-t1.0/n5/minimal-t1-0-5of5/evaluation.json,GS-487 Era-2 (full_evaluation),origin-restored,,,376,0,0,1,0.6066584463625154,0.6066584463625154,0.6091245376078914,0.6757090012330456,0.6781750924784218,0.4728,0.4728,0.0026595744680851796,0.0026595744680851796
results/phase3a-text-matrix/high-t0.0/n3/high-t0-0-1of3/evaluation.json,GS-487 Era-2 (full_evaluation),origin-restored,,,1319,0,0,6,0.4424173318129988,0.4424173318129988,0.44355758266818707,0.467502850627138,0.4686431014823262,0.1960,0.1960,0.0022988505747126853,0.0022988505747126853
results/phase3a-text-matrix/high-t0.0/n3/high-t0-0-2of3/evaluation.json,GS-487 Era-2 (full_evaluation),origin-restored,,,1032,0,0,5,0.5194274028629856,0.5194274028629856,0.5207907293796864,0.5507839127471029,0.5521472392638036,0.2836,0.2836,0.0022988505747126853,0.0022988505747126853
results/phase3a-text-matrix/high-t0.0/n3/high-t0-0-3of3/evaluation.json,GS-487 Era-2 (full_evaluation),origin-restored,,,796,0,0,4,0.610885458976442,0.610885458976442,0.6125101543460602,0.6401299756295695,0.6417546709991877,0.4318,0.4318,0.0022988505747126853,0.0022988505747126853
results/phase3a-text-matrix/high-t0.3/n10/high-t0-3-1of10/evaluation.json,GS-487 Era-2 (full_evaluation),origin-restored,,,4313,0,0,10,0.17312552653748944,0.17312552653748944,0.1735467565290649,0.17902274641954508,0.17944397641112045,0.0144,0.0144,0.0022988505747126853,0.0022988505747126853
results/phase3a-text-matrix/high-t0.3/n10/high-t0-3-2of10/evaluation.json,GS-487 Era-2 (full_evaluation),origin-restored,,,1939,0,0,5,0.33951137320977254,0.33951137320977254,0.34035383319292334,0.354675652906487,0.3555181128896377,0.1170,0.1170,0.0022988505747126853,0.0022988505747126853
results/phase3a-text-matrix/high-t0.3/n10/high-t0-3-3of10/evaluation.json,GS-487 Era-2 (full_evaluation),origin-restored,,,1352,0,0,4,0.4499160604364858,0.4499160604364858,0.45103525461667593,0.4667039731393397,0.46782316731953,0.2194,0.2194,0.0022988505747126853,0.0022988505747126853
results/phase3a-text-matrix/high-t0.3/n10/high-t0-3-4of10/evaluation.json,GS-487 Era-2 (full_evaluation),origin-restored,,,1056,0,0,3,0.5258215962441315,0.5258215962441315,0.5271629778672032,0.5472837022132797,0.5486250838363514,0.2714,0.2714,0.0022988505747126853,0.0022988505747126853
results/phase3a-text-matrix/high-t0.3/n10/high-t0-3-5of10/evaluation.json,GS-487 Era-2 (full_evaluation),origin-restored,,,876,0,0,2,0.593440122044241,0.593440122044241,0.5949656750572082,0.6193745232646835,0.6209000762776506,0.3362,0.3362,0.0022988505747126853,0.0022988505747126853
results/phase3a-text-matrix/high-t0.3/n10/high-t0-3-6of10/evaluation.json,GS-487 Era-2 (full_evaluation),origin-restored,,,770,0,0,2,0.6390041493775934,0.6390041493775934,0.6406639004149377,0.6672199170124481,0.6688796680497925,0.4132,0.4132,0.0022988505747126853,0.0022988505747126853
results/phase3a-text-matrix/high-t0.3/n10/high-t0-3-7of10/evaluation.json,GS-487 Era-2 (full_evaluation),origin-restored,,,688,0,0,2,0.6821015138023152,0.6821015138023152,0.6838824577025823,0.7105966162065895,0.7123775601068567,0.4697,0.4697,0.0022988505747126853,0.0022988505747126853
results/phase3a-text-matrix/high-t0.3/n10/high-t0-3-8of10/evaluation.json,GS-487 Era-2 (full_evaluation),origin-restored,,,591,0,0,1,0.7348927875243665,0.7348927875243665,0.736842105263158,0.7621832358674463,0.7641325536062379,0.5342,0.5342,0.0022988505747126853,0.0022988505747126853
results/phase3a-text-matrix/high-t0.3/n10/high-t0-3-9of10/evaluation.json,GS-487 Era-2 (full_evaluation),origin-restored,,,513,0,0,1,0.7679324894514767,0.7679324894514767,0.7700421940928269,0.7911392405063291,0.7932489451476792,0.5686,0.5686,0.0022988505747126853,0.0022988505747126853
results/phase3a-text-matrix/high-t0.3/n5/high-t0-3-1of5/evaluation.json,GS-487 Era-2 (full_evaluation),origin-restored,,,2954,0,0,7,0.23959870168191208,0.23959870168191208,0.24018884626733547,0.2496311596341104,0.25022130421953376,0.0465,0.0465,0.0022988505747126853,0.0022988505747126853
results/phase3a-text-matrix/high-t0.3/n5/high-t0-3-2of5/evaluation.json,GS-487 Era-2 (full_evaluation),origin-restored,,,1228,0,0,4,0.4786530366806975,0.4786530366806975,0.47985568250150323,0.4966927239927841,0.4978953698135899,0.2417,0.2417,0.0022988505747126853,0.0022988505747126853
results/phase3a-text-matrix/high-t0.3/n5/high-t0-3-3of5/evaluation.json,GS-487 Era-2 (full_evaluation),origin-restored,,,861,0,0,2,0.603395061728395,0.603395061728395,0.6049382716049383,0.6265432098765432,0.6280864197530864,0.3738,0.3738,0.0022988505747126853,0.0022988505747126853
results/phase3a-text-matrix/high-t0.3/n5/high-t0-3-4of5/evaluation.json,GS-487 Era-2 (full_evaluation),origin-restored,,,659,0,0,2,0.6983546617915906,0.6983546617915906,0.70018281535649,0.7184643510054846,0.7202925045703839,0.5015,0.5015,0.0022988505747125743,0.0022988505747125743
results/phase3a-text-matrix/high-t0.3/n5/high-t0-3-5of5/evaluation.json,GS-487 Era-2 (full_evaluation),origin-restored,,,498,0,0,1,0.7695605573419078,0.7695605573419078,0.7717041800643086,0.7888531618435155,0.7909967845659164,0.5571,0.5571,0.0022988505747126853,0.0022988505747126853
results/phase3a-text-matrix/high-t0.7/n10/high-t0-7-10of10/evaluation.json,GS-487 Era-2 (full_evaluation),origin-restored,,,345,0,0,1,0.782051282051282,0.782051282051282,0.7846153846153846,0.7871794871794873,0.7897435897435898,0.6604,0.6604,0.0028985507246376274,0.0028985507246376274
results/phase3a-text-matrix/high-t0.7/n10/high-t0-7-1of10/evaluation.json,GS-487 Era-2 (full_evaluation),origin-restored,,,5866,0,0,20,0.13109030312648787,0.13109030312648787,0.1314077130614188,0.13489922234565943,0.13521663228059042,0.0325,0.0325,0.0022988505747126853,0.0022988505747126853
results/phase3a-text-matrix/high-t0.7/n10/high-t0-7-2of10/evaluation.json,GS-487 Era-2 (full_evaluation),origin-restored,,,2215,0,0,5,0.3086792452830189,0.3086792452830189,0.309433962264151,0.32,0.32075471698113206,0.1067,0.1067,0.0022988505747126853,0.0022988505747126853
results/phase3a-text-matrix/high-t0.7/n10/high-t0-7-3of10/evaluation.json,GS-487 Era-2 (full_evaluation),origin-restored,,,1493,0,0,2,0.4180497925311204,0.4180497925311204,0.41908713692946054,0.437759336099585,0.43879668049792536,0.1859,0.1859,0.0022988505747126853,0.0022988505747126853
results/phase3a-text-matrix/high-t0.7/n10/high-t0-7-4of10/evaluation.json,GS-487 Era-2 (full_evaluation),origin-restored,,,1104,0,0,2,0.5133203378817414,0.5133203378817414,0.5146198830409356,0.5328135152696556,0.5341130604288499,0.2940,0.2940,0.0022988505747126853,0.0022988505747126853
results/phase3a-text-matrix/high-t0.7/n10/high-t0-7-5of10/evaluation.json,GS-487 Era-2 (full_evaluation),origin-restored,,,879,0,0,1,0.5951293759512938,0.5951293759512938,0.5966514459665145,0.6179604261796042,0.619482496194825,0.3643,0.3643,0.0022988505747126853,0.0022988505747126853
results/phase3a-text-matrix/high-t0.7/n10/high-t0-7-6of10/evaluation.json,GS-487 Era-2 (full_evaluation),origin-restored,,,727,0,0,1,0.6660929432013769,0.6660929432013769,0.6678141135972462,0.6867469879518073,0.6884681583476764,0.4338,0.4338,0.0022988505747126853,0.0022988505747126853
results/phase3a-text-matrix/high-t0.7/n10/high-t0-7-7of10/evaluation.json,GS-487 Era-2 (full_evaluation),origin-restored,,,590,0,0,1,0.7258536585365855,0.7258536585365855,0.7278048780487805,0.7414634146341463,0.7434146341463416,0.4893,0.4893,0.0022988505747125743,0.0022988505747125743
results/phase3a-text-matrix/high-t0.7/n10/high-t0-7-8of10/evaluation.json,GS-487 Era-2 (full_evaluation),origin-restored,,,511,0,0,1,0.7674418604651163,0.7674418604651163,0.7695560253699789,0.7843551797040169,0.7864693446088794,0.5245,0.5245,0.0022988505747126853,0.0022988505747126853
results/phase3a-text-matrix/high-t0.7/n10/high-t0-7-9of10/evaluation.json,GS-487 Era-2 (full_evaluation),origin-restored,,,431,0,0,1,0.7967667436489607,0.7967667436489607,0.7990762124711316,0.8106235565819861,0.812933025404157,0.6207,0.6207,0.002320185614849146,0.002320185614849146
results/phase3a-text-matrix/high-t0.7/n30/high-t0-7-10of30/evaluation.json,GS-487 Era-2 (full_evaluation),origin-restored,,,1161,0,0,1,0.5050125313283208,0.5050125313283208,0.506265664160401,0.5225563909774437,0.5238095238095238,0.2790,0.2790,0.0022988505747126853,0.0022988505747126853
results/phase3a-text-matrix/high-t0.7/n30/high-t0-7-11of30/evaluation.json,GS-487 Era-2 (full_evaluation),origin-restored,,,1070,0,0,1,0.535548172757475,0.535548172757475,0.5368770764119601,0.5541528239202659,0.5554817275747508,0.2956,0.2956,0.0022988505747126853,0.0022988505747126853
results/phase3a-text-matrix/high-t0.7/n30/high-t0-7-12of30/evaluation.json,GS-487 Era-2 (full_evaluation),origin-restored,,,975,0,0,1,0.5659574468085107,0.5659574468085107,0.5673758865248226,0.5829787234042554,0.5843971631205674,0.3111,0.3111,0.0022988505747126853,0.0022988505747126853
results/phase3a-text-matrix/high-t0.7/n30/high-t0-7-13of30/evaluation.json,GS-487 Era-2 (full_evaluation),origin-restored,,,907,0,0,1,0.5931445603576752,0.5931445603576752,0.5946348733233979,0.6110283159463487,0.6125186289120715,0.3276,0.3276,0.0022988505747126853,0.0022988505747126853
results/phase3a-text-matrix/high-t0.7/n30/high-t0-7-14of30/evaluation.json,GS-487 Era-2 (full_evaluation),origin-restored,,,850,0,0,1,0.6178988326848249,0.6178988326848249,0.6194552529182881,0.6365758754863813,0.6381322957198443,0.3499,0.3499,0.0022988505747126853,0.0022988505747126853
results/phase3a-text-matrix/high-t0.7/n30/high-t0-7-15of30/evaluation.json,GS-487 Era-2 (full_evaluation),origin-restored,,,789,0,0,1,0.6470588235294118,0.6470588235294118,0.6486928104575164,0.6650326797385621,0.6666666666666665,0.3859,0.3859,0.0022988505747126853,0.0022988505747126853
results/phase3a-text-matrix/high-t0.7/n30/high-t0-7-16of30/evaluation.json,GS-487 Era-2 (full_evaluation),origin-restored,,,729,0,0,1,0.6752577319587628,0.6752577319587628,0.6769759450171821,0.6907216494845361,0.6924398625429554,0.3895,0.3895,0.0022988505747126853,0.0022988505747126853
results/phase3a-text-matrix/high-t0.7/n30/high-t0-7-17of30/evaluation.json,GS-487 Era-2 (full_evaluation),origin-restored,,,682,0,0,1,0.7000895255147719,0.7000895255147719,0.7018800358102059,0.7162041181736793,0.7179946284691137,0.4223,0.4223,0.0022988505747126853,0.0022988505747126853
results/phase3a-text-matrix/high-t0.7/n30/high-t0-7-18of30/evaluation.json,GS-487 Era-2 (full_evaluation),origin-restored,,,637,0,0,1,0.7126865671641791,0.7126865671641791,0.7145522388059703,0.7276119402985075,0.7294776119402985,0.4500,0.4500,0.0022988505747125743,0.0022988505747125743
results/phase3a-text-matrix/high-t0.7/n30/high-t0-7-19of30/evaluation.json,GS-487 Era-2 (full_evaluation),origin-restored,,,607,0,0,1,0.7274472168905949,0.7274472168905949,0.7293666026871402,0.7428023032629558,0.744721689059501,0.4676,0.4676,0.0022988505747126853,0.0022988505747126853
results/phase3a-text-matrix/high-t0.7/n30/high-t0-7-1of30/evaluation.json,GS-487 Era-2 (full_evaluation),origin-restored,,,11771,0,0,36,0.06849090611174831,0.06849090611174831,0.06865475995412093,0.06996559069310175,0.07012944453547436,-0.0265,-0.0265,0.0022988505747126853,0.0022988505747126853
results/phase3a-text-matrix/high-t0.7/n30/high-t0-7-20of30/evaluation.json,GS-487 Era-2 (full_evaluation),origin-restored,,,571,0,0,1,0.7415506958250497,0.7415506958250497,0.7435387673956263,0.7574552683896619,0.7594433399602386,0.4880,0.4880,0.0022988505747126853,0.0022988505747126853
results/phase3a-text-matrix/high-t0.7/n30/high-t0-7-21of30/evaluation.json,GS-487 Era-2 (full_evaluation),origin-restored,,,536,0,0,1,0.7579814624098866,0.7579814624098866,0.7600411946446963,0.7744593202883625,0.7765190525231719,0.5213,0.5213,0.0022988505747126853,0.0022988505747126853
results/phase3a-text-matrix/high-t0.7/n30/high-t0-7-22of30/evaluation.json,GS-487 Era-2 (full_evaluation),origin-restored,,,510,0,0,1,0.7746031746031746,0.7746031746031746,0.7767195767195768,0.7915343915343915,0.7936507936507937,0.5411,0.5411,0.0022988505747125743,0.0022988505747125743
results/phase3a-text-matrix/high-t0.7/n30/high-t0-7-23of30/evaluation.json,GS-487 Era-2 (full_evaluation),origin-restored,,,491,0,0,1,0.7796976241900648,0.7796976241900648,0.7818574514038876,0.7948164146868251,0.7969762419006481,0.5521,0.5521,0.0022988505747126853,0.0022988505747126853
results/phase3a-text-matrix/high-t0.7/n30/high-t0-7-24of30/evaluation.json,GS-487 Era-2 (full_evaluation),origin-restored,,,469,0,0,1,0.7876106194690264,0.7876106194690264,0.7898230088495575,0.8030973451327433,0.8053097345132745,0.5564,0.5564,0.0022988505747126853,0.0022988505747126853
results/phase3a-text-matrix/high-t0.7/n30/high-t0-7-25of30/evaluation.json,GS-487 Era-2 (full_evaluation),origin-restored,,,441,0,0,1,0.8013698630136987,0.8013698630136987,0.8036529680365297,0.8150684931506851,0.817351598173516,0.5933,0.5933,0.0022988505747126853,0.0022988505747126853
results/phase3a-text-matrix/high-t0.7/n30/high-t0-7-26of30/evaluation.json,GS-487 Era-2 (full_evaluation),origin-restored,,,415,0,0,1,0.8141176470588235,0.8141176470588235,0.8164705882352942,0.8258823529411765,0.8282352941176471,0.6204,0.6204,0.002409638554216942,0.002409638554216942
results/phase3a-text-matrix/high-t0.7/n30/high-t0-7-27of30/evaluation.json,GS-487 Era-2 (full_evaluation),origin-restored,,,390,0,0,1,0.8048484848484848,0.8048484848484848,0.8072727272727271,0.8169696969696969,0.8193939393939393,0.6304,0.6304,0.002564102564102555,0.002564102564102555
results/phase3a-text-matrix/high-t0.7/n30/high-t0-7-28of30/evaluation.json,GS-487 Era-2 (full_evaluation),origin-restored,,,361,0,0,1,0.8015075376884423,0.8015075376884423,0.8040201005025125,0.814070351758794,0.8165829145728642,0.6557,0.6557,0.0027700831024930483,0.0027700831024930483
results/phase3a-text-matrix/high-t0.7/n30/high-t0-7-29of30/evaluation.json,GS-487 Era-2 (full_evaluation),origin-restored,,,327,0,0,1,0.7874015748031497,0.7874015748031497,0.7900262467191601,0.7979002624671916,0.8005249343832023,0.6675,0.6675,0.003058103975535187,0.003058103975535187
results/phase3a-text-matrix/high-t0.7/n30/high-t0-7-2of30/evaluation.json,GS-487 Era-2 (full_evaluation),origin-restored,,,4543,0,0,8,0.16633186018481316,0.16633186018481316,0.16673362796303737,0.17034953796705501,0.17075130574527925,0.0447,0.0447,0.0022988505747126853,0.0022988505747126853
results/phase3a-text-matrix/high-t0.7/n30/high-t0-7-3of30/evaluation.json,GS-487 Era-2 (full_evaluation),origin-restored,,,3072,0,0,4,0.2349586541203308,0.2349586541203308,0.23552894211576844,0.24180211006558314,0.2423723980610208,0.0785,0.0785,0.0022988505747126853,0.0022988505747126853
results/phase3a-text-matrix/high-t0.7/n30/high-t0-7-4of30/evaluation.json,GS-487 Era-2 (full_evaluation),origin-restored,,,2363,0,0,4,0.2937812723373838,0.2937812723373838,0.2944960686204432,0.3030736240171551,0.3037884203002144,0.0980,0.0980,0.0022988505747126853,0.0022988505747126853
results/phase3a-text-matrix/high-t0.7/n30/high-t0-7-5of30/evaluation.json,GS-487 Era-2 (full_evaluation),origin-restored,,,1991,0,0,4,0.33800494641385,0.33800494641385,0.3388293487221764,0.34954657873042044,0.3503709810387469,0.1207,0.1207,0.0022988505747126853,0.0022988505747126853
results/phase3a-text-matrix/high-t0.7/n30/high-t0-7-6of30/evaluation.json,GS-487 Era-2 (full_evaluation),origin-restored,,,1713,0,0,4,0.3798882681564246,0.3798882681564246,0.3808193668528864,0.39385474860335196,0.39478584729981375,0.1647,0.1647,0.0022988505747126853,0.0022988505747126853
results/phase3a-text-matrix/high-t0.7/n30/high-t0-7-7of30/evaluation.json,GS-487 Era-2 (full_evaluation),origin-restored,,,1536,0,0,1,0.4109589041095891,0.4109589041095891,0.4119736174530695,0.4271943176052766,0.428209030948757,0.1719,0.1719,0.0022988505747126853,0.0022988505747126853
results/phase3a-text-matrix/high-t0.7/n30/high-t0-7-8of30/evaluation.json,GS-487 Era-2 (full_evaluation),origin-restored,,,1387,0,0,1,0.44456641053787044,0.44456641053787044,0.4456641053787047,0.46212952799121837,0.46322722283205264,0.2091,0.2091,0.0022988505747126853,0.0022988505747126853
results/phase3a-text-matrix/high-t0.7/n30/high-t0-7-9of30/evaluation.json,GS-487 Era-2 (full_evaluation),origin-restored,,,1271,0,0,1,0.4747948417350527,0.4747948417350527,0.4759671746776084,0.4912075029308324,0.492379835873388,0.2432,0.2432,0.0022988505747126853,0.0022988505747126853
results/phase3a-text-matrix/high-t0.7/n5/high-t0-7-1of5/evaluation.json,GS-487 Era-2 (full_evaluation),origin-restored,,,3736,0,0,13,0.19611603931910812,0.19611603931910812,0.19659554063773674,0.20378806041716616,0.20426756173579474,0.0380,0.0380,0.0022988505747125743,0.0022988505747125743
results/phase3a-text-matrix/high-t0.7/n5/high-t0-7-2of5/evaluation.json,GS-487 Era-2 (full_evaluation),origin-restored,,,1376,0,0,1,0.4362230811706239,0.4362230811706239,0.43732744340143564,0.4572059635560463,0.4583103257868581,0.1925,0.1925,0.0022988505747126853,0.0022988505747126853
results/phase3a-text-matrix/high-t0.7/n5/high-t0-7-3of5/evaluation.json,GS-487 Era-2 (full_evaluation),origin-restored,,,855,0,0,1,0.6,0.6,0.6015503875968992,0.6248062015503876,0.6263565891472869,0.3709,0.3709,0.0022988505747126853,0.0022988505747126853
results/phase3a-text-matrix/high-t0.7/n5/high-t0-7-4of5/evaluation.json,GS-487 Era-2 (full_evaluation),origin-restored,,,584,0,0,1,0.720314033366045,0.720314033366045,0.7222767419038273,0.7419038272816487,0.7438665358194307,0.4783,0.4783,0.0022988505747126853,0.0022988505747126853
results/phase3a-text-matrix/high-t0.7/n5/high-t0-7-5of5/evaluation.json,GS-487 Era-2 (full_evaluation),origin-restored,,,415,0,0,1,0.7788235294117646,0.7788235294117646,0.7811764705882354,0.788235294117647,0.7905882352941177,0.5998,0.5998,0.002409638554216942,0.002409638554216942
results/phase3a-text-matrix/high-t1.0/n10/high-t1-0-10of10/evaluation.json,GS-487 Era-2 (full_evaluation),origin-restored,,,299,0,0,1,0.7302452316076294,0.7302452316076294,0.7329700272479563,0.7438692098092644,0.7465940054495912,0.6097,0.6097,0.0033444816053511683,0.0033444816053511683
results/phase3a-text-matrix/high-t1.0/n10/high-t1-0-1of10/evaluation.json,GS-487 Era-2 (full_evaluation),origin-restored,,,5920,0,0,10,0.13123524783634932,0.13123524783634932,0.13154996066089694,0.13438237608182535,0.13469708890637294,0.0204,0.0204,0.0022988505747126853,0.0022988505747126853
results/phase3a-text-matrix/high-t1.0/n10/high-t1-0-2of10/evaluation.json,GS-487 Era-2 (full_evaluation),origin-restored,,,2144,0,0,5,0.3171772004652966,0.3171772004652966,0.31795269484296235,0.32648313299728576,0.32725862737495154,0.1507,0.1507,0.0022988505747126853,0.0022988505747126853
results/phase3a-text-matrix/high-t1.0/n10/high-t1-0-3of10/evaluation.json,GS-487 Era-2 (full_evaluation),origin-restored,,,1455,0,0,3,0.42857142857142855,0.42857142857142855,0.4296296296296296,0.4423280423280423,0.44338624338624333,0.1802,0.1802,0.0022988505747126853,0.0022988505747126853
results/phase3a-text-matrix/high-t1.0/n10/high-t1-0-4of10/evaluation.json,GS-487 Era-2 (full_evaluation),origin-restored,,,1132,0,0,3,0.5105296745373324,0.5105296745373324,0.5118059987236758,0.5258455647734525,0.5271218889597957,0.2480,0.2480,0.0022988505747126853,0.0022988505747126853
results/phase3a-text-matrix/high-t1.0/n10/high-t1-0-5of10/evaluation.json,GS-487 Era-2 (full_evaluation),origin-restored,,,907,0,0,2,0.5901639344262295,0.5901639344262295,0.5916542473919523,0.6065573770491803,0.6080476900149031,0.3418,0.3418,0.0022988505747126853,0.0022988505747126853
results/phase3a-text-matrix/high-t1.0/n10/high-t1-0-6of10/evaluation.json,GS-487 Era-2 (full_evaluation),origin-restored,,,754,0,0,1,0.6526492851135408,0.6526492851135408,0.6543313708999159,0.6694701429772918,0.671152228763667,0.3934,0.3934,0.0022988505747125743,0.0022988505747125743
results/phase3a-text-matrix/high-t1.0/n10/high-t1-0-7of10/evaluation.json,GS-487 Era-2 (full_evaluation),origin-restored,,,627,0,0,1,0.7005649717514125,0.7005649717514125,0.7024482109227872,0.7156308851224105,0.7175141242937854,0.4506,0.4506,0.0022988505747125743,0.0022988505747125743
results/phase3a-text-matrix/high-t1.0/n10/high-t1-0-8of10/evaluation.json,GS-487 Era-2 (full_evaluation),origin-restored,,,510,0,0,1,0.7619047619047619,0.7619047619047619,0.7640211640211642,0.7788359788359789,0.780952380952381,0.5282,0.5282,0.0022988505747126853,0.0022988505747126853
results/phase3a-text-matrix/high-t1.0/n10/high-t1-0-9of10/evaluation.json,GS-487 Era-2 (full_evaluation),origin-restored,,,414,0,0,1,0.7726737338044759,0.7726737338044759,0.7750294464075383,0.789163722025913,0.7915194346289752,0.5749,0.5749,0.0024154589371980784,0.0024154589371980784
results/phase3a-text-matrix/high-t1.0/n5/high-t1-0-1of5/evaluation.json,GS-487 Era-2 (full_evaluation),origin-restored,,,3760,0,0,7,0.1964243146603099,0.1964243146603099,0.19690107270560187,0.20357568533969012,0.20405244338498213,0.0447,0.0447,0.0022988505747126853,0.0022988505747126853
results/phase3a-text-matrix/high-t1.0/n5/high-t1-0-2of5/evaluation.json,GS-487 Era-2 (full_evaluation),origin-restored,,,1396,0,0,3,0.43691971600218454,0.43691971600218454,0.43801201529218997,0.4522119060622611,0.4533042053522665,0.2048,0.2048,0.0022988505747126853,0.0022988505747126853
results/phase3a-text-matrix/high-t1.0/n5/high-t1-0-3of5/evaluation.json,GS-487 Era-2 (full_evaluation),origin-restored,,,892,0,0,2,0.5817633760361718,0.5817633760361718,0.5832705350414468,0.6073850791258478,0.6088922381311228,0.3370,0.3370,0.0022988505747126853,0.0022988505747126853
results/phase3a-text-matrix/high-t1.0/n5/high-t1-0-4of5/evaluation.json,GS-487 Era-2 (full_evaluation),origin-restored,,,627,0,0,1,0.672316384180791,0.672316384180791,0.6741996233521658,0.687382297551789,0.6892655367231638,0.4376,0.4376,0.0022988505747126853,0.0022988505747126853
results/phase3a-text-matrix/high-t1.0/n5/high-t1-0-5of5/evaluation.json,GS-487 Era-2 (full_evaluation),origin-restored,,,403,0,0,1,0.7279236276849642,0.7279236276849642,0.7303102625298328,0.7422434367541767,0.7446300715990454,0.5461,0.5461,0.002481389578163795,0.002481389578163795
results/phase3a-text-matrix/minimal-t0.0/n3/minimal-t0-0-1of3/evaluation.json,GS-487 Era-2 (full_evaluation),origin-restored,,,1087,0,0,4,0.5019710906701708,0.5019710906701708,0.5032851511169514,0.519053876478318,0.5203679369250985,0.0850,0.0850,0.0022988505747126853,0.0022988505747126853
results/phase3a-text-matrix/minimal-t0.0/n3/minimal-t0-0-2of3/evaluation.json,GS-487 Era-2 (full_evaluation),origin-restored,,,946,0,0,3,0.5430847212165097,0.5430847212165097,0.5445329471397538,0.560463432295438,0.5619116582186822,0.1072,0.1072,0.0022988505747126853,0.0022988505747126853
results/phase3a-text-matrix/minimal-t0.0/n3/minimal-t0-0-3of3/evaluation.json,GS-487 Era-2 (full_evaluation),origin-restored,,,799,0,0,2,0.5931928687196111,0.5931928687196111,0.5948136142625607,0.612641815235008,0.6142625607779579,0.2235,0.2235,0.0022988505747126853,0.0022988505747126853
results/phase3a-text-matrix/minimal-t0.3/n10/minimal-t0-3-10of10/evaluation.json,GS-487 Era-2 (full_evaluation),origin-restored,,,608,0,0,2,0.6423777564717161,0.6423777564717161,0.6442953020134229,0.6538830297219559,0.6558005752636625,0.3129,0.3129,0.0022988505747126853,0.0022988505747126853
results/phase3a-text-matrix/minimal-t0.3/n10/minimal-t0-3-1of10/evaluation.json,GS-487 Era-2 (full_evaluation),origin-restored,,,1575,0,0,6,0.4000000000000001,0.4000000000000001,0.40099502487562194,0.408955223880597,0.40995024875621894,0.0159,0.0159,0.0022988505747126853,0.0022988505747126853
results/phase3a-text-matrix/minimal-t0.3/n10/minimal-t0-3-2of10/evaluation.json,GS-487 Era-2 (full_evaluation),origin-restored,,,1238,0,0,4,0.47340107591153613,0.47340107591153613,0.474596533173939,0.484160191273162,0.48535564853556484,0.0486,0.0486,0.0022988505747126853,0.0022988505747126853
results/phase3a-text-matrix/minimal-t0.3/n10/minimal-t0-3-3of10/evaluation.json,GS-487 Era-2 (full_evaluation),origin-restored,,,1117,0,0,3,0.5077319587628866,0.5077319587628866,0.509020618556701,0.518041237113402,0.5193298969072164,0.0673,0.0673,0.0022988505747126853,0.0022988505747126853
results/phase3a-text-matrix/minimal-t0.3/n10/minimal-t0-3-4of10/evaluation.json,GS-487 Era-2 (full_evaluation),origin-restored,,,1022,0,0,3,0.5271105010295126,0.5271105010295126,0.5284831846259437,0.5422100205902539,0.5435827041866849,0.0907,0.0907,0.0022988505747126853,0.0022988505747126853
results/phase3a-text-matrix/minimal-t0.3/n10/minimal-t0-3-5of10/evaluation.json,GS-487 Era-2 (full_evaluation),origin-restored,,,944,0,0,3,0.5496736765772299,0.5496736765772299,0.5511240029006527,0.5641769398114577,0.5656272661348802,0.0999,0.0999,0.0022988505747126853,0.0022988505747126853
results/phase3a-text-matrix/minimal-t0.3/n10/minimal-t0-3-6of10/evaluation.json,GS-487 Era-2 (full_evaluation),origin-restored,,,879,0,0,3,0.5707762557077625,0.5707762557077625,0.5722983257229833,0.5859969558599695,0.5875190258751902,0.1326,0.1326,0.0022988505747126853,0.0022988505747126853
results/phase3a-text-matrix/minimal-t0.3/n10/minimal-t0-3-7of10/evaluation.json,GS-487 Era-2 (full_evaluation),origin-restored,,,811,0,0,2,0.5922953451043338,0.5922953451043338,0.5939004815409309,0.6051364365971108,0.6067415730337078,0.1924,0.1924,0.0022988505747125743,0.0022988505747125743
results/phase3a-text-matrix/minimal-t0.3/n10/minimal-t0-3-8of10/evaluation.json,GS-487 Era-2 (full_evaluation),origin-restored,,,752,0,0,2,0.6082561078348778,0.6082561078348778,0.6099410278011794,0.6183656276326873,0.620050547598989,0.2141,0.2141,0.0022988505747126853,0.0022988505747126853
results/phase3a-text-matrix/minimal-t0.3/n10/minimal-t0-3-9of10/evaluation.json,GS-487 Era-2 (full_evaluation),origin-restored,,,684,0,0,2,0.6237712243074173,0.6237712243074173,0.6255585344057194,0.6344950848972297,0.6362823949955317,0.2656,0.2656,0.0022988505747126853,0.0022988505747126853
results/phase3a-text-matrix/minimal-t0.3/n5/minimal-t0-3-1of5/evaluation.json,GS-487 Era-2 (full_evaluation),origin-restored,,,1388,0,0,5,0.4355458036204059,0.4355458036204059,0.4366428963247394,0.4465167306637411,0.4476138233680746,0.0303,0.0303,0.0022988505747126853,0.0022988505747126853
results/phase3a-text-matrix/minimal-t0.3/n5/minimal-t0-3-2of5/evaluation.json,GS-487 Era-2 (full_evaluation),origin-restored,,,1084,0,0,4,0.5121790651744569,0.5121790651744569,0.5134957208689926,0.5253456221198157,0.5266622778143515,0.0673,0.0673,0.0022988505747126853,0.0022988505747126853
results/phase3a-text-matrix/minimal-t0.3/n5/minimal-t0-3-3of5/evaluation.json,GS-487 Era-2 (full_evaluation),origin-restored,,,929,0,0,3,0.5586510263929618,0.5586510263929618,0.560117302052786,0.5718475073313782,0.5733137829912024,0.1228,0.1228,0.0022988505747126853,0.0022988505747126853
results/phase3a-text-matrix/minimal-t0.3/n5/minimal-t0-3-4of5/evaluation.json,GS-487 Era-2 (full_evaluation),origin-restored,,,794,0,0,2,0.5890968266883645,0.5890968266883645,0.5907241659886087,0.6004882017900733,0.6021155410903173,0.1751,0.1751,0.0022988505747126853,0.0022988505747126853
results/phase3a-text-matrix/minimal-t0.3/n5/minimal-t0-3-5of5/evaluation.json,GS-487 Era-2 (full_evaluation),origin-restored,,,659,0,0,2,0.6307129798903107,0.6307129798903107,0.6325411334552102,0.639853747714808,0.6416819012797075,0.2746,0.2746,0.0022988505747125743,0.0022988505747125743
results/phase3a-text-matrix/minimal-t0.7/n10/minimal-t0-7-10of10/evaluation.json,GS-487 Era-2 (full_evaluation),origin-restored,,,560,0,0,3,0.6331658291457287,0.6331658291457287,0.6351758793969849,0.6412060301507537,0.6432160804020101,0.3655,0.3655,0.0022988505747126853,0.0022988505747126853
results/phase3a-text-matrix/minimal-t0.7/n10/minimal-t0-7-1of10/evaluation.json,GS-487 Era-2 (full_evaluation),origin-restored,,,1953,0,0,3,0.3358458961474036,0.3358458961474036,0.3366834170854271,0.3433835845896147,0.3442211055276382,0.0266,0.0266,0.0022988505747126853,0.0022988505747126853
results/phase3a-text-matrix/minimal-t0.7/n10/minimal-t0-7-2of10/evaluation.json,GS-487 Era-2 (full_evaluation),origin-restored,,,1334,0,0,3,0.45110231769361225,0.45110231769361225,0.4522328999434709,0.45901639344262296,0.46014697569248153,0.0634,0.0634,0.0022988505747126853,0.0022988505747126853
results/phase3a-text-matrix/minimal-t0.7/n10/minimal-t0-7-3of10/evaluation.json,GS-487 Era-2 (full_evaluation),origin-restored,,,1157,0,0,3,0.49748743718592964,0.49748743718592964,0.4987437185929649,0.507537688442211,0.5087939698492463,0.0673,0.0673,0.0022988505747125743,0.0022988505747125743
results/phase3a-text-matrix/minimal-t0.7/n10/minimal-t0-7-4of10/evaluation.json,GS-487 Era-2 (full_evaluation),origin-restored,,,1050,0,0,3,0.5292929292929293,0.5292929292929293,0.5306397306397307,0.5400673400673401,0.5414141414141413,0.1072,0.1072,0.0022988505747125743,0.0022988505747125743
results/phase3a-text-matrix/minimal-t0.7/n10/minimal-t0-7-5of10/evaluation.json,GS-487 Era-2 (full_evaluation),origin-restored,,,975,0,0,3,0.5475177304964538,0.5475177304964538,0.548936170212766,0.5631205673758866,0.5645390070921985,0.1383,0.1383,0.0022988505747126853,0.0022988505747126853
results/phase3a-text-matrix/minimal-t0.7/n10/minimal-t0-7-6of10/evaluation.json,GS-487 Era-2 (full_evaluation),origin-restored,,,908,0,0,3,0.5688756515264334,0.5688756515264334,0.5703648548026806,0.5793000744601638,0.5807892777364111,0.1557,0.1557,0.0022988505747126853,0.0022988505747126853
results/phase3a-text-matrix/minimal-t0.7/n10/minimal-t0-7-7of10/evaluation.json,GS-487 Era-2 (full_evaluation),origin-restored,,,838,0,0,3,0.5923016496465043,0.5923016496465043,0.593872741555381,0.6001571091908878,0.6017282010997644,0.1687,0.1687,0.0022988505747125743,0.0022988505747125743
results/phase3a-text-matrix/minimal-t0.7/n10/minimal-t0-7-8of10/evaluation.json,GS-487 Era-2 (full_evaluation),origin-restored,,,762,0,0,3,0.609857978279031,0.609857978279031,0.6115288220551378,0.6198830409356726,0.6215538847117795,0.2256,0.2256,0.0022988505747126853,0.0022988505747126853
results/phase3a-text-matrix/minimal-t0.7/n10/minimal-t0-7-9of10/evaluation.json,GS-487 Era-2 (full_evaluation),origin-restored,,,685,0,0,3,0.6303571428571428,0.6303571428571428,0.632142857142857,0.6392857142857143,0.6410714285714285,0.3117,0.3117,0.0022988505747125743,0.0022988505747125743
results/phase3a-text-matrix/minimal-t0.7/n30/minimal-t0-7-10of30/evaluation.json,GS-487 Era-2 (full_evaluation),origin-restored,,,1060,0,0,3,0.5284280936454849,0.5284280936454849,0.5297658862876254,0.5377926421404682,0.5391304347826087,0.0907,0.0907,0.0022988505747126853,0.0022988505747126853
results/phase3a-text-matrix/minimal-t0.7/n30/minimal-t0-7-11of30/evaluation.json,GS-487 Era-2 (full_evaluation),origin-restored,,,1028,0,0,3,0.5386192754613808,0.5386192754613808,0.5399863294600137,0.5495557074504442,0.5509227614490773,0.1018,0.1018,0.0022988505747126853,0.0022988505747126853
results/phase3a-text-matrix/minimal-t0.7/n30/minimal-t0-7-12of30/evaluation.json,GS-487 Era-2 (full_evaluation),origin-restored,,,1009,0,0,3,0.5429362880886426,0.5429362880886426,0.5443213296398892,0.5540166204986149,0.5554016620498616,0.1204,0.1204,0.0022988505747126853,0.0022988505747126853
results/phase3a-text-matrix/minimal-t0.7/n30/minimal-t0-7-13of30/evaluation.json,GS-487 Era-2 (full_evaluation),origin-restored,,,987,0,0,3,0.5471167369901547,0.5471167369901547,0.5485232067510549,0.5583684950773558,0.5597749648382561,0.1355,0.1355,0.0022988505747126853,0.0022988505747126853
results/phase3a-text-matrix/minimal-t0.7/n30/minimal-t0-7-14of30/evaluation.json,GS-487 Era-2 (full_evaluation),origin-restored,,,961,0,0,3,0.5530085959885387,0.5530085959885387,0.5544412607449857,0.5659025787965616,0.5673352435530087,0.1500,0.1500,0.0022988505747126853,0.0022988505747126853
results/phase3a-text-matrix/minimal-t0.7/n30/minimal-t0-7-15of30/evaluation.json,GS-487 Era-2 (full_evaluation),origin-restored,,,941,0,0,3,0.5610465116279069,0.5610465116279069,0.5624999999999999,0.5741279069767442,0.5755813953488372,0.1520,0.1520,0.0022988505747126853,0.0022988505747126853
results/phase3a-text-matrix/minimal-t0.7/n30/minimal-t0-7-16of30/evaluation.json,GS-487 Era-2 (full_evaluation),origin-restored,,,917,0,0,3,0.5695266272189349,0.5695266272189349,0.5710059171597633,0.5813609467455622,0.5828402366863905,0.1722,0.1722,0.0022988505747125743,0.0022988505747125743
results/phase3a-text-matrix/minimal-t0.7/n30/minimal-t0-7-17of30/evaluation.json,GS-487 Era-2 (full_evaluation),origin-restored,,,902,0,0,3,0.5744203440538519,0.5744203440538519,0.5759162303664922,0.5863874345549739,0.587883320867614,0.1810,0.1810,0.0022988505747126853,0.0022988505747126853
results/phase3a-text-matrix/minimal-t0.7/n30/minimal-t0-7-18of30/evaluation.json,GS-487 Era-2 (full_evaluation),origin-restored,,,876,0,0,3,0.5797101449275363,0.5797101449275363,0.5812356979405034,0.5903890160183065,0.5919145690312738,0.1845,0.1845,0.0022988505747126853,0.0022988505747126853
results/phase3a-text-matrix/minimal-t0.7/n30/minimal-t0-7-19of30/evaluation.json,GS-487 Era-2 (full_evaluation),origin-restored,,,855,0,0,3,0.5844961240310078,0.5844961240310078,0.5860465116279069,0.5953488372093023,0.5968992248062015,0.1863,0.1863,0.0022988505747126853,0.0022988505747126853
results/phase3a-text-matrix/minimal-t0.7/n30/minimal-t0-7-1of30/evaluation.json,GS-487 Era-2 (full_evaluation),origin-restored,,,2790,0,0,4,0.2517829457364341,0.2517829457364341,0.2524031007751938,0.25674418604651167,0.2573643410852713,0.0041,0.0041,0.0022988505747125743,0.0022988505747125743
results/phase3a-text-matrix/minimal-t0.7/n30/minimal-t0-7-20of30/evaluation.json,GS-487 Era-2 (full_evaluation),origin-restored,,,833,0,0,3,0.5946372239747635,0.5946372239747635,0.5962145110410095,0.6056782334384859,0.6072555205047319,0.2007,0.2007,0.0022988505747126853,0.0022988505747126853
results/phase3a-text-matrix/minimal-t0.7/n30/minimal-t0-7-21of30/evaluation.json,GS-487 Era-2 (full_evaluation),origin-restored,,,803,0,0,3,0.6058158319870759,0.6058158319870759,0.6074313408723748,0.6155088852988693,0.6171243941841681,0.2203,0.2203,0.0022988505747126853,0.0022988505747126853
results/phase3a-text-matrix/minimal-t0.7/n30/minimal-t0-7-22of30/evaluation.json,GS-487 Era-2 (full_evaluation),origin-restored,,,781,0,0,3,0.6101973684210527,0.6101973684210527,0.6118421052631579,0.618421052631579,0.6200657894736842,0.2299,0.2299,0.0022988505747126853,0.0022988505747126853
results/phase3a-text-matrix/minimal-t0.7/n30/minimal-t0-7-23of30/evaluation.json,GS-487 Era-2 (full_evaluation),origin-restored,,,753,0,0,3,0.6178451178451179,0.6178451178451179,0.6195286195286195,0.627946127946128,0.6296296296296297,0.2531,0.2531,0.0022988505747126853,0.0022988505747126853
results/phase3a-text-matrix/minimal-t0.7/n30/minimal-t0-7-24of30/evaluation.json,GS-487 Era-2 (full_evaluation),origin-restored,,,730,0,0,3,0.623175965665236,0.623175965665236,0.624892703862661,0.6334763948497855,0.6351931330472104,0.2831,0.2831,0.0022988505747126853,0.0022988505747126853
results/phase3a-text-matrix/minimal-t0.7/n30/minimal-t0-7-25of30/evaluation.json,GS-487 Era-2 (full_evaluation),origin-restored,,,702,0,0,3,0.6297273526824978,0.6297273526824978,0.6314863676341249,0.6385224274406333,0.6402814423922603,0.2936,0.2936,0.0022988505747126853,0.0022988505747126853
results/phase3a-text-matrix/minimal-t0.7/n30/minimal-t0-7-26of30/evaluation.json,GS-487 Era-2 (full_evaluation),origin-restored,,,676,0,0,3,0.6354635463546354,0.6354635463546354,0.6372637263726373,0.6444644464446446,0.6462646264626463,0.2988,0.2988,0.0022988505747125743,0.0022988505747125743
results/phase3a-text-matrix/minimal-t0.7/n30/minimal-t0-7-27of30/evaluation.json,GS-487 Era-2 (full_evaluation),origin-restored,,,638,0,0,3,0.6449207828518174,0.6449207828518174,0.646784715750233,0.6542404473438956,0.6561043802423112,0.3238,0.3238,0.0022988505747126853,0.0022988505747126853
results/phase3a-text-matrix/minimal-t0.7/n30/minimal-t0-7-28of30/evaluation.json,GS-487 Era-2 (full_evaluation),origin-restored,,,596,0,0,3,0.6498545101842871,0.6498545101842871,0.6517943743937925,0.6595538312318138,0.6614936954413191,0.3365,0.3365,0.0022988505747126853,0.0022988505747126853
results/phase3a-text-matrix/minimal-t0.7/n30/minimal-t0-7-29of30/evaluation.json,GS-487 Era-2 (full_evaluation),origin-restored,,,530,0,0,2,0.661139896373057,0.661139896373057,0.6632124352331606,0.6694300518134715,0.6715025906735751,0.3814,0.3814,0.0022988505747126853,0.0022988505747126853
results/phase3a-text-matrix/minimal-t0.7/n30/minimal-t0-7-2of30/evaluation.json,GS-487 Era-2 (full_evaluation),origin-restored,,,1890,0,0,3,0.3475268817204301,0.3475268817204301,0.3483870967741935,0.3535483870967742,0.35440860215053765,0.0008,0.0008,0.0022988505747126853,0.0022988505747126853
results/phase3a-text-matrix/minimal-t0.7/n30/minimal-t0-7-30of30/evaluation.json,GS-487 Era-2 (full_evaluation),origin-restored,,,455,0,0,2,0.6584269662921349,0.6584269662921349,0.6606741573033709,0.6651685393258426,0.6674157303370787,0.4234,0.4234,0.0022988505747126853,0.0022988505747126853
results/phase3a-text-matrix/minimal-t0.7/n30/minimal-t0-7-3of30/evaluation.json,GS-487 Era-2 (full_evaluation),origin-restored,,,1586,0,0,3,0.3958436417615042,0.3958436417615042,0.39683325086590804,0.40376051459673423,0.40475012370113805,0.0232,0.0232,0.0022988505747126853,0.0022988505747126853
results/phase3a-text-matrix/minimal-t0.7/n30/minimal-t0-7-4of30/evaluation.json,GS-487 Era-2 (full_evaluation),origin-restored,,,1416,0,0,3,0.4321988114532685,0.4321988114532685,0.43327930848190166,0.4397622906537007,0.4408427876823338,0.0217,0.0217,0.0022988505747126853,0.0022988505747126853
results/phase3a-text-matrix/minimal-t0.7/n30/minimal-t0-7-5of30/evaluation.json,GS-487 Era-2 (full_evaluation),origin-restored,,,1324,0,0,3,0.4536668561682774,0.4536668561682774,0.4548038658328596,0.46162592382035245,0.46276293348493464,0.0421,0.0421,0.0022988505747126853,0.0022988505747126853
results/phase3a-text-matrix/minimal-t0.7/n30/minimal-t0-7-6of30/evaluation.json,GS-487 Era-2 (full_evaluation),origin-restored,,,1256,0,0,3,0.469544648137197,0.469544648137197,0.47072738024837374,0.47900650502661146,0.4801892371377882,0.0486,0.0486,0.0022988505747126853,0.0022988505747126853
results/phase3a-text-matrix/minimal-t0.7/n30/minimal-t0-7-7of30/evaluation.json,GS-487 Era-2 (full_evaluation),origin-restored,,,1200,0,0,3,0.4856269113149847,0.4856269113149847,0.4868501529051988,0.4954128440366973,0.4966360856269113,0.0673,0.0673,0.0022988505747126853,0.0022988505747126853
results/phase3a-text-matrix/minimal-t0.7/n30/minimal-t0-7-8of30/evaluation.json,GS-487 Era-2 (full_evaluation),origin-restored,,,1149,0,0,3,0.5012626262626262,0.5012626262626262,0.5025252525252525,0.5113636363636364,0.5126262626262625,0.0673,0.0673,0.0022988505747126853,0.0022988505747126853
results/phase3a-text-matrix/minimal-t0.7/n30/minimal-t0-7-9of30/evaluation.json,GS-487 Era-2 (full_evaluation),origin-restored,,,1101,0,0,3,0.5143229166666667,0.5143229166666667,0.515625,0.5247395833333334,0.5260416666666666,0.0733,0.0733,0.0022988505747126853,0.0022988505747126853
results/phase3a-text-matrix/minimal-t0.7/n5/minimal-t0-7-1of5/evaluation.json,GS-487 Era-2 (full_evaluation),origin-restored,,,1593,0,0,3,0.393491124260355,0.393491124260355,0.39447731755424065,0.40335305719921105,0.40433925049309666,0.0232,0.0232,0.0022988505747126853,0.0022988505747126853
results/phase3a-text-matrix/minimal-t0.7/n5/minimal-t0-7-2of5/evaluation.json,GS-487 Era-2 (full_evaluation),origin-restored,,,1104,0,0,3,0.50682261208577,0.50682261208577,0.5081221572449642,0.5224171539961013,0.5237166991552956,0.0875,0.0875,0.0022988505747126853,0.0022988505747126853
results/phase3a-text-matrix/minimal-t0.7/n5/minimal-t0-7-3of5/evaluation.json,GS-487 Era-2 (full_evaluation),origin-restored,,,950,0,0,3,0.5545126353790613,0.5545126353790613,0.555956678700361,0.5732851985559566,0.5747292418772564,0.1670,0.1670,0.0022988505747126853,0.0022988505747126853
results/phase3a-text-matrix/minimal-t0.7/n5/minimal-t0-7-4of5/evaluation.json,GS-487 Era-2 (full_evaluation),origin-restored,,,807,0,0,3,0.6022544283413849,0.6022544283413849,0.6038647342995169,0.6135265700483091,0.6151368760064412,0.2561,0.2561,0.0022988505747126853,0.0022988505747126853
results/phase3a-text-matrix/minimal-t0.7/n5/minimal-t0-7-5of5/evaluation.json,GS-487 Era-2 (full_evaluation),origin-restored,,,653,0,0,3,0.6397058823529411,0.6397058823529411,0.6415441176470588,0.6470588235294118,0.6488970588235294,0.3148,0.3148,0.0022988505747126853,0.0022988505747126853
results/phase3a-text-matrix/minimal-t1.0/n10/minimal-t1-0-10of10/evaluation.json,GS-487 Era-2 (full_evaluation),origin-restored,,,410,0,0,2,0.6508875739644969,0.6508875739644969,0.6532544378698225,0.6579881656804735,0.6603550295857988,0.4273,0.4273,0.0024390243902439046,0.0024390243902439046
results/phase3a-text-matrix/minimal-t1.0/n10/minimal-t1-0-1of10/evaluation.json,GS-487 Era-2 (full_evaluation),origin-restored,,,2472,0,0,10,0.28276573787409703,0.28276573787409703,0.283453732370141,0.28826969384244927,0.2889576883384933,0.0177,0.0177,0.0022988505747126853,0.0022988505747126853
results/phase3a-text-matrix/minimal-t1.0/n10/minimal-t1-0-2of10/evaluation.json,GS-487 Era-2 (full_evaluation),origin-restored,,,1506,0,0,6,0.41628026790314265,0.41628026790314265,0.4173106646058732,0.42555383822771764,0.42658423493044817,-0.0079,-0.0079,0.0022988505747126853,0.0022988505747126853
results/phase3a-text-matrix/minimal-t1.0/n10/minimal-t1-0-3of10/evaluation.json,GS-487 Era-2 (full_evaluation),origin-restored,,,1189,0,0,5,0.49261083743842365,0.49261083743842365,0.4938423645320197,0.5024630541871921,0.5036945812807881,0.0530,0.0530,0.0022988505747126853,0.0022988505747126853
results/phase3a-text-matrix/minimal-t1.0/n10/minimal-t1-0-4of10/evaluation.json,GS-487 Era-2 (full_evaluation),origin-restored,,,1037,0,0,3,0.53125,0.53125,0.532608695652174,0.5407608695652174,0.5421195652173914,0.1204,0.1204,0.0022988505747126853,0.0022988505747126853
results/phase3a-text-matrix/minimal-t1.0/n10/minimal-t1-0-5of10/evaluation.json,GS-487 Era-2 (full_evaluation),origin-restored,,,909,0,0,3,0.5714285714285715,0.5714285714285715,0.5729166666666666,0.5848214285714286,0.5863095238095237,0.2124,0.2124,0.0022988505747126853,0.0022988505747126853
results/phase3a-text-matrix/minimal-t1.0/n10/minimal-t1-0-6of10/evaluation.json,GS-487 Era-2 (full_evaluation),origin-restored,,,807,0,0,2,0.607085346215781,0.607085346215781,0.608695652173913,0.6199677938808374,0.6215780998389694,0.2844,0.2844,0.0022988505747125743,0.0022988505747125743
results/phase3a-text-matrix/minimal-t1.0/n10/minimal-t1-0-7of10/evaluation.json,GS-487 Era-2 (full_evaluation),origin-restored,,,721,0,0,2,0.629757785467128,0.629757785467128,0.6314878892733564,0.6401384083044983,0.6418685121107266,0.2915,0.2915,0.0022988505747126853,0.0022988505747126853
results/phase3a-text-matrix/minimal-t1.0/n10/minimal-t1-0-8of10/evaluation.json,GS-487 Era-2 (full_evaluation),origin-restored,,,640,0,0,2,0.6548837209302326,0.6548837209302326,0.6567441860465115,0.666046511627907,0.667906976744186,0.3434,0.3434,0.0022988505747126853,0.0022988505747126853
results/phase3a-text-matrix/minimal-t1.0/n10/minimal-t1-0-9of10/evaluation.json,GS-487 Era-2 (full_evaluation),origin-restored,,,549,0,0,2,0.6666666666666666,0.6666666666666666,0.6686991869918698,0.6747967479674797,0.6768292682926829,0.4153,0.4153,0.0022988505747126853,0.0022988505747126853
results/phase3a-text-matrix/minimal-t1.0/n5/minimal-t1-0-1of5/evaluation.json,GS-487 Era-2 (full_evaluation),origin-restored,,,1926,0,0,7,0.34476916560779325,0.34476916560779325,0.34561626429479037,0.35239305379076663,0.35324015247776364,-0.0055,-0.0055,0.0022988505747126853,0.0022988505747126853
results/phase3a-text-matrix/minimal-t1.0/n5/minimal-t1-0-2of5/evaluation.json,GS-487 Era-2 (full_evaluation),origin-restored,,,1148,0,0,4,0.4990524320909665,0.4990524320909665,0.5003158559696778,0.5091598231206569,0.5104232469993684,0.0651,0.0651,0.0022988505747126853,0.0022988505747126853
results/phase3a-text-matrix/minimal-t1.0/n5/minimal-t1-0-3of5/evaluation.json,GS-487 Era-2 (full_evaluation),origin-restored,,,883,0,0,3,0.5781487101669196,0.5781487101669196,0.5796661608497723,0.5948406676783005,0.5963581183611533,0.2421,0.2421,0.0022988505747126853,0.0022988505747126853
results/phase3a-text-matrix/minimal-t1.0/n5/minimal-t1-0-4of5/evaluation.json,GS-487 Era-2 (full_evaluation),origin-restored,,,711,0,0,2,0.6230366492146597,0.6230366492146597,0.6247818499127401,0.6335078534031414,0.6352530541012217,0.3117,0.3117,0.0022988505747126853,0.0022988505747126853
results/phase3a-text-matrix/minimal-t1.0/n5/minimal-t1-0-5of5/evaluation.json,GS-487 Era-2 (full_evaluation),origin-restored,,,509,0,0,2,0.6610169491525423,0.6610169491525423,0.663135593220339,0.6673728813559322,0.6694915254237288,0.4065,0.4065,0.0022988505747126853,0.0022988505747126853
results/recovery-reeval-2026-07-30/pv-diag-384/consensus-sweep/flash-high-image-n5__image-t0.0__consensus__t1/evaluation.json,GS-487 Era-2 (full_evaluation),origin-restored,pv-diag-384::flash-high-image-n5-image-t0.0-consensus-1of3,uplift-supplement-flatten,889,0,0,3,0.49697885196374625,0.49697885196374625,0.49848942598187307,0.5996978851963746,0.6012084592145015,0.4671,0.4671,0.0022988505747126853,0.0022988505747126853
results/recovery-reeval-2026-07-30/pv-diag-384/consensus-sweep/flash-high-text-n5__text-t0.0__consensus__t3/evaluation.json,GS-487 Era-2 (full_evaluation),origin-restored,pv-diag-384::flash-high-text-n5-text-t0.0-consensus-3of3,pv-diag-384-consensus-calibration;uplift-supplement-flatten,796,0,0,4,0.610885458976442,0.610885458976442,0.6125101543460602,0.6401299756295695,0.6417546709991877,0.4318,0.4318,0.0022988505747126853,0.0022988505747126853
results/recovery-reeval-2026-09-08/e47-propose-brief/consensus-1of5/evaluation.json,GS-487 Era-2 (full_evaluation),origin-restored,e47-propose-brief::consensus-1of5,uplift-supplement-flatten,4149,0,0,9,0.17975567190226877,0.17975567190226877,0.18019197207678883,0.18586387434554974,0.18630017452006978,0.0882,0.0882,0.0022988505747126853,0.0022988505747126853
results/recovery-reeval-2026-09-08/e47-propose-brief/consensus-2of5/evaluation.json,GS-487 Era-2 (full_evaluation),origin-restored,e47-propose-brief::consensus-2of5,uplift-supplement-flatten,1537,0,0,3,0.41277890466531436,0.41277890466531436,0.41379310344827586,0.4269776876267748,0.4279918864097363,0.1971,0.1971,0.0022988505747126853,0.0022988505747126853
results/recovery-reeval-2026-09-08/e47-propose-brief/consensus-3of5/evaluation.json,GS-487 Era-2 (full_evaluation),origin-restored,e47-propose-brief::consensus-3of5,uplift-supplement-flatten,998,0,0,2,0.5471039776692254,0.5471039776692254,0.5484996510816469,0.5666434054431263,0.5680390788555478,0.3374,0.3374,0.0022988505747126853,0.0022988505747126853
results/recovery-reeval-2026-09-08/e47-propose-brief/consensus-4of5/evaluation.json,GS-487 Era-2 (full_evaluation),origin-restored,e47-propose-brief::consensus-4of5,uplift-supplement-flatten,699,0,0,2,0.6543209876543209,0.6543209876543209,0.656084656084656,0.6684303350970018,0.6701940035273368,0.4049,0.4049,0.0022988505747126853,0.0022988505747126853
results/recovery-reeval-2026-09-08/e47-propose-brief/consensus-5of5/evaluation.json,GS-487 Era-2 (full_evaluation),origin-restored,e47-propose-brief::consensus-5of5,uplift-supplement-flatten,455,0,0,1,0.7325842696629213,0.7325842696629213,0.7348314606741573,0.7460674157303371,0.7483146067415729,0.5262,0.5262,0.0022988505747125743,0.0022988505747125743
results/recovery-reeval-2026-09-08/n1-outstanding-384/pro-image-high-t0-consensus-1of3/evaluation.json,GS-487 Era-2 (full_evaluation),origin-restored,n1-outstanding-384::pro-image-high-t0-consensus-1of3,h6-a07-voting-thresholds;uplift-supplement-flatten,730,0,0,3,0.5613733905579399,0.5613733905579399,0.5630901287553647,0.6746781115879829,0.6763948497854078,0.5577,0.5577,0.0022988505747126853,0.0022988505747126853
results/recovery-reeval-2026-09-08/n1-outstanding-384/pro-image-high-t0-consensus-2of3/evaluation.json,GS-487 Era-2 (full_evaluation),origin-restored,n1-outstanding-384::pro-image-high-t0-consensus-2of3,h6-a07-voting-thresholds;uplift-supplement-flatten,690,0,0,3,0.576,0.576,0.5777777777777777,0.6986666666666667,0.7004444444444444,0.5678,0.5678,0.0022988505747125743,0.0022988505747125743
results/recovery-reeval-2026-09-08/n1-outstanding-384/pro-image-high-t0-consensus-3of3/evaluation.json,GS-487 Era-2 (full_evaluation),origin-restored,n1-outstanding-384::pro-image-high-t0-consensus-3of3,h6-a07-voting-thresholds;uplift-supplement-flatten,648,0,0,3,0.5854108956602031,0.5854108956602031,0.5872576177285318,0.7072945521698984,0.709141274238227,0.5921,0.5921,0.0022988505747126853,0.0022988505747126853
results/recovery-reeval-2026-09-08/n1-outstanding-384/pro-text-high-t0-consensus-1of3/evaluation.json,GS-487 Era-2 (full_evaluation),origin-restored,n1-outstanding-384::pro-text-high-t0-consensus-1of3,h6-a07-voting-thresholds;uplift-supplement-flatten,1192,0,0,5,0.46342962507682856,0.46342962507682856,0.46465888137676703,0.4929317762753534,0.49416103257529187,0.2629,0.2629,0.0022988505747125743,0.0022988505747125743
results/recovery-reeval-2026-09-08/n1-outstanding-384/pro-text-high-t0-consensus-2of3/evaluation.json,GS-487 Era-2 (full_evaluation),origin-restored,n1-outstanding-384::pro-text-high-t0-consensus-2of3,h6-a07-voting-thresholds;uplift-supplement-flatten,991,0,0,2,0.5203366058906032,0.5203366058906032,0.5217391304347826,0.5525946704067322,0.5539971949509116,0.3333,0.3333,0.0022988505747126853,0.0022988505747126853
results/recovery-reeval-2026-09-08/n1-outstanding-384/pro-text-high-t0-consensus-3of3/evaluation.json,GS-487 Era-2 (full_evaluation),origin-restored,n1-outstanding-384::pro-text-high-t0-consensus-3of3,h6-a07-voting-thresholds;uplift-supplement-flatten,842,0,0,1,0.5747846515270165,0.5747846515270165,0.5763508222396241,0.6092404072043852,0.610806577916993,0.3894,0.3894,0.0022988505747126853,0.0022988505747126853
results/recovery-reeval-2026-09-08/pv-diag-384/consensus-sweep/flash-high-image-n5__image-t0.0__consensus__t1/evaluation.json,GS-487 Era-2 (full_evaluation),origin-restored,,,889,0,0,3,0.49697885196374625,0.49697885196374625,0.49848942598187307,0.5996978851963746,0.6012084592145015,0.4671,0.4671,0.0022988505747126853,0.0022988505747126853
results/recovery-reeval-2026-09-08/pv-diag-384/consensus-sweep/flash-high-image-n5__image-t0.0__consensus__t2/evaluation.json,GS-487 Era-2 (full_evaluation),origin-restored,,,816,0,0,2,0.5083932853717027,0.5083932853717027,0.5099920063948841,0.618705035971223,0.6203037569944045,0.4804,0.4804,0.0022988505747126853,0.0022988505747126853
results/recovery-reeval-2026-09-08/pv-diag-384/consensus-sweep/flash-high-image-n5__image-t0.0__consensus__t3/evaluation.json,GS-487 Era-2 (full_evaluation),origin-restored,pv-diag-384::flash-high-image-n5-image-t0.0-consensus-3of3,pv-diag-384-consensus-calibration;uplift-supplement-flatten,782,0,0,2,0.5127362366474939,0.5127362366474939,0.5143796220213641,0.6179129005751849,0.6195562859490551,0.4993,0.4993,0.0022988505747126853,0.0022988505747126853
results/recovery-reeval-2026-09-08/pv-diag-384/consensus-sweep/flash-high-text-n5__text-t0.0__consensus__t1/evaluation.json,GS-487 Era-2 (full_evaluation),origin-restored,,,1319,0,0,6,0.4424173318129988,0.4424173318129988,0.44355758266818707,0.467502850627138,0.4686431014823262,0.1960,0.1960,0.0022988505747126853,0.0022988505747126853
results/recovery-reeval-2026-09-08/pv-diag-384/consensus-sweep/flash-high-text-n5__text-t0.0__consensus__t2/evaluation.json,GS-487 Era-2 (full_evaluation),origin-restored,,,1032,0,0,5,0.5194274028629856,0.5194274028629856,0.5207907293796864,0.5507839127471029,0.5521472392638036,0.2836,0.2836,0.0022988505747126853,0.0022988505747126853
results/recovery-reeval-2026-09-08/pv-diag-384/consensus-sweep/flash-high-text-n5__text-t0.0__consensus__t3/evaluation.json,GS-487 Era-2 (full_evaluation),origin-restored,,,796,0,0,4,0.610885458976442,0.610885458976442,0.6125101543460602,0.6401299756295695,0.6417546709991877,0.4318,0.4318,0.0022988505747126853,0.0022988505747126853
results/rescore-2026-05-31/e47-propose-brief/flash-high-text-n5/propose_brief-text/consensus/consensus_t1/evaluation.json,GS-487 Era-2 (full_evaluation),origin-restored,,,4149,0,0,9,0.17975567190226877,0.17975567190226877,0.18019197207678883,0.18586387434554974,0.18630017452006978,0.0882,0.0882,0.0022988505747126853,0.0022988505747126853
results/rescore-2026-05-31/e47-propose-brief/flash-high-text-n5/propose_brief-text/consensus/consensus_t2/evaluation.json,GS-487 Era-2 (full_evaluation),origin-restored,,,1537,0,0,3,0.41277890466531436,0.41277890466531436,0.41379310344827586,0.4269776876267748,0.4279918864097363,0.1971,0.1971,0.0022988505747126853,0.0022988505747126853
results/rescore-2026-05-31/e47-propose-brief/flash-high-text-n5/propose_brief-text/consensus/consensus_t3/evaluation.json,GS-487 Era-2 (full_evaluation),origin-restored,,,998,0,0,2,0.5471039776692254,0.5471039776692254,0.5484996510816469,0.5666434054431263,0.5680390788555478,0.3374,0.3374,0.0022988505747126853,0.0022988505747126853
results/rescore-2026-05-31/e47-propose-brief/flash-high-text-n5/propose_brief-text/consensus/consensus_t4/evaluation.json,GS-487 Era-2 (full_evaluation),origin-restored,,,699,0,0,2,0.6543209876543209,0.6543209876543209,0.656084656084656,0.6684303350970018,0.6701940035273368,0.4049,0.4049,0.0022988505747126853,0.0022988505747126853
results/rescore-2026-05-31/e47-propose-brief/flash-high-text-n5/propose_brief-text/consensus/consensus_t5/evaluation.json,GS-487 Era-2 (full_evaluation),origin-restored,,,455,0,0,1,0.7325842696629213,0.7325842696629213,0.7348314606741573,0.7460674157303371,0.7483146067415729,0.5262,0.5262,0.0022988505747125743,0.0022988505747125743
results/rescore-2026-05-31/n1-outstanding-384/brief-text-t03/consensus/consensus_t1/evaluation.json,GS-487 Era-2 (full_evaluation),origin-restored,n1-outstanding-384::brief-text-t03-consensus-1of3,uplift-supplement-flatten,1229,0,0,4,0.46634615384615385,0.46634615384615385,0.4675480769230769,0.48076923076923084,0.48197115384615385,0.0651,0.0651,0.0022988505747126853,0.0022988505747126853
results/rescore-2026-05-31/n1-outstanding-384/brief-text-t03/consensus/consensus_t2/evaluation.json,GS-487 Era-2 (full_evaluation),origin-restored,n1-outstanding-384::brief-text-t03-consensus-2of3,uplift-supplement-flatten,952,0,0,3,0.5537130497476568,0.5537130497476568,0.5551550108147081,0.5724585436193222,0.5739005046863735,0.0938,0.0938,0.0022988505747126853,0.0022988505747126853
results/rescore-2026-05-31/n1-outstanding-384/brief-text-t03/consensus/consensus_t3/evaluation.json,GS-487 Era-2 (full_evaluation),origin-restored,n1-outstanding-384::brief-text-t03-consensus-3of3,uplift-supplement-flatten,794,0,0,3,0.5907241659886087,0.5907241659886087,0.5923515052888527,0.6053702196908056,0.6069975589910496,0.1711,0.1711,0.0022988505747126853,0.0022988505747126853
results/rescore-2026-05-31/n1-outstanding-384/image-t0/consensus/consensus_t1/evaluation.json,GS-487 Era-2 (full_evaluation),origin-restored,n1-outstanding-384::image-t0-consensus-1of3,uplift-supplement-flatten,690,0,0,4,0.6239999999999999,0.6239999999999999,0.6257777777777779,0.7128888888888889,0.7146666666666667,0.2157,0.2157,0.0022988505747126853,0.0022988505747126853
results/rescore-2026-05-31/n1-outstanding-384/image-t0/consensus/consensus_t2/evaluation.json,GS-487 Era-2 (full_evaluation),origin-restored,n1-outstanding-384::image-t0-consensus-2of3,uplift-supplement-flatten,681,0,0,4,0.6290322580645162,0.6290322580645162,0.6308243727598566,0.7186379928315413,0.7204301075268817,0.2157,0.2157,0.0022988505747126853,0.0022988505747126853
results/rescore-2026-05-31/n1-outstanding-384/image-t0/consensus/consensus_t3/evaluation.json,GS-487 Era-2 (full_evaluation),origin-restored,n1-outstanding-384::image-t0-consensus-3of3,uplift-supplement-flatten,675,0,0,4,0.6288288288288288,0.6288288288288288,0.6306306306306306,0.718918918918919,0.7207207207207207,0.2197,0.2197,0.0022988505747126853,0.0022988505747126853
results/rescore-2026-05-31/n1-outstanding-384/image-t03/consensus/consensus_t1/evaluation.json,GS-487 Era-2 (full_evaluation),origin-restored,n1-outstanding-384::image-t03-consensus-1of3,uplift-supplement-flatten,812,0,0,5,0.5821972734562951,0.5821972734562951,0.5838011226944667,0.6543704891740176,0.6559743384121892,0.1689,0.1689,0.0022988505747126853,0.0022988505747126853
results/rescore-2026-05-31/n1-outstanding-384/image-t03/consensus/consensus_t2/evaluation.json,GS-487 Era-2 (full_evaluation),origin-restored,n1-outstanding-384::image-t03-consensus-2of3,uplift-supplement-flatten,664,0,0,4,0.6424021838034576,0.6424021838034576,0.6442220200181984,0.7261146496815286,0.7279344858962694,0.2216,0.2216,0.0022988505747126853,0.0022988505747126853
results/rescore-2026-05-31/n1-outstanding-384/pro-image-high-t0/consensus/consensus_t1/evaluation.json,GS-487 Era-2 (full_evaluation),origin-restored,,,730,0,0,3,0.5613733905579399,0.5613733905579399,0.5630901287553647,0.6746781115879829,0.6763948497854078,0.5577,0.5577,0.0022988505747126853,0.0022988505747126853
results/rescore-2026-05-31/n1-outstanding-384/pro-image-high-t0/consensus/consensus_t2/evaluation.json,GS-487 Era-2 (full_evaluation),origin-restored,,,690,0,0,3,0.576,0.576,0.5777777777777777,0.6986666666666667,0.7004444444444444,0.5678,0.5678,0.0022988505747125743,0.0022988505747125743
results/rescore-2026-05-31/n1-outstanding-384/pro-image-high-t0/consensus/consensus_t3/evaluation.json,GS-487 Era-2 (full_evaluation),origin-restored,,,648,0,0,3,0.5854108956602031,0.5854108956602031,0.5872576177285318,0.7072945521698984,0.709141274238227,0.5921,0.5921,0.0022988505747126853,0.0022988505747126853
results/rescore-2026-05-31/n1-outstanding-384/pro-text-high-t0/consensus/consensus_t1/evaluation.json,GS-487 Era-2 (full_evaluation),origin-restored,,,1192,0,0,5,0.46342962507682856,0.46342962507682856,0.46465888137676703,0.4929317762753534,0.49416103257529187,0.2629,0.2629,0.0022988505747125743,0.0022988505747125743
results/rescore-2026-05-31/n1-outstanding-384/pro-text-high-t0/consensus/consensus_t2/evaluation.json,GS-487 Era-2 (full_evaluation),origin-restored,,,991,0,0,2,0.5203366058906032,0.5203366058906032,0.5217391304347826,0.5525946704067322,0.5539971949509116,0.3333,0.3333,0.0022988505747126853,0.0022988505747126853
results/rescore-2026-05-31/n1-outstanding-384/pro-text-high-t0/consensus/consensus_t3/evaluation.json,GS-487 Era-2 (full_evaluation),origin-restored,,,842,0,0,1,0.5747846515270165,0.5747846515270165,0.5763508222396241,0.6092404072043852,0.610806577916993,0.3894,0.3894,0.0022988505747126853,0.0022988505747126853
results/rescore-2026-05-31/retest-h11-single-pass-384-t0/brief-text-t0/consensus/consensus_t1/evaluation.json,GS-487 Era-2 (full_evaluation),origin-restored,,,1160,0,0,4,0.49278996865203756,0.49278996865203756,0.4940438871473355,0.5090909090909091,0.5103448275862069,0.0843,0.0843,0.0022988505747125743,0.0022988505747125743
results/rescore-2026-05-31/retest-h11-single-pass-384-t0/brief-text-t0/consensus/consensus_t10/evaluation.json,GS-487 Era-2 (full_evaluation),origin-restored,,,901,0,0,2,0.5538922155688624,0.5538922155688624,0.5553892215568863,0.5688622754491018,0.5703592814371258,0.2082,0.2082,0.0022988505747126853,0.0022988505747126853
results/rescore-2026-05-31/retest-h11-single-pass-384-t0/brief-text-t0/consensus/consensus_t2/evaluation.json,GS-487 Era-2 (full_evaluation),origin-restored,,,1063,0,0,3,0.5180240320427236,0.5180240320427236,0.5193591455273697,0.5353805073431243,0.5367156208277705,0.0875,0.0875,0.0022988505747125743,0.0022988505747125743
results/rescore-2026-05-31/retest-h11-single-pass-384-t0/brief-text-t0/consensus/consensus_t3/evaluation.json,GS-487 Era-2 (full_evaluation),origin-restored,,,1031,0,0,2,0.5279672578444747,0.5279672578444747,0.529331514324693,0.5443383356070941,0.5457025920873124,0.0875,0.0875,0.0022988505747126853,0.0022988505747126853
results/rescore-2026-05-31/retest-h11-single-pass-384-t0/brief-text-t0/consensus/consensus_t4/evaluation.json,GS-487 Era-2 (full_evaluation),origin-restored,,,1017,0,0,2,0.5316804407713498,0.5316804407713498,0.5330578512396694,0.5482093663911846,0.5495867768595042,0.0933,0.0933,0.0022988505747126853,0.0022988505747126853
results/rescore-2026-05-31/retest-h11-single-pass-384-t0/brief-text-t0/consensus/consensus_t5/evaluation.json,GS-487 Era-2 (full_evaluation),origin-restored,,,1013,0,0,2,0.5331491712707183,0.5331491712707183,0.5345303867403315,0.5497237569060774,0.5511049723756906,0.0933,0.0933,0.0022988505747126853,0.0022988505747126853
results/rescore-2026-05-31/retest-h11-single-pass-384-t0/brief-text-t0/consensus/consensus_t6/evaluation.json,GS-487 Era-2 (full_evaluation),origin-restored,,,1013,0,0,2,0.5331491712707183,0.5331491712707183,0.5345303867403315,0.5497237569060774,0.5511049723756906,0.0933,0.0933,0.0022988505747126853,0.0022988505747126853
results/rescore-2026-05-31/retest-h11-single-pass-384-t0/brief-text-t0/consensus/consensus_t7/evaluation.json,GS-487 Era-2 (full_evaluation),origin-restored,,,1011,0,0,2,0.5338865836791148,0.5338865836791148,0.5352697095435685,0.5504840940525587,0.5518672199170124,0.0989,0.0989,0.0022988505747126853,0.0022988505747126853
results/rescore-2026-05-31/retest-h11-single-pass-384-t0/brief-text-t0/consensus/consensus_t8/evaluation.json,GS-487 Era-2 (full_evaluation),origin-restored,,,1002,0,0,2,0.535838552540014,0.535838552540014,0.5372303409881698,0.5525400139178844,0.5539318023660404,0.1045,0.1045,0.0022988505747126853,0.0022988505747126853
results/rescore-2026-05-31/retest-h11-single-pass-384-t0/brief-text-t0/consensus/consensus_t9/evaluation.json,GS-487 Era-2 (full_evaluation),origin-restored,,,975,0,0,2,0.5432624113475177,0.5432624113475177,0.5446808510638298,0.5602836879432623,0.5617021276595745,0.1559,0.1559,0.0022988505747126853,0.0022988505747126853
results/rescore-2026-06-05/pv-diag-384/consensus-sweep/flash-high-image-n5__image-t0.0__consensus__t1/evaluation.json,GS-487 Era-2 (full_evaluation),origin-restored,,,889,0,0,3,0.49697885196374625,0.49697885196374625,0.49848942598187307,0.5996978851963746,0.6012084592145015,0.4671,0.4671,0.0022988505747126853,0.0022988505747126853
results/rescore-2026-06-05/pv-diag-384/consensus-sweep/flash-high-image-n5__image-t0.0__consensus__t2/evaluation.json,GS-487 Era-2 (full_evaluation),origin-restored,,,816,0,0,2,0.5083932853717027,0.5083932853717027,0.5099920063948841,0.618705035971223,0.6203037569944045,0.4804,0.4804,0.0022988505747126853,0.0022988505747126853
results/rescore-2026-06-05/pv-diag-384/consensus-sweep/flash-high-image-n5__image-t0.0__consensus__t3/evaluation.json,GS-487 Era-2 (full_evaluation),origin-restored,,,782,0,0,2,0.5127362366474939,0.5127362366474939,0.5143796220213641,0.6179129005751849,0.6195562859490551,0.4993,0.4993,0.0022988505747126853,0.0022988505747126853
results/rescore-2026-06-05/pv-diag-384/consensus-sweep/flash-high-image-n5__image-t0.3__consensus-n5__t1/evaluation.json,GS-487 Era-2 (full_evaluation),origin-restored,,,2190,0,0,7,0.2773333333333333,0.2773333333333333,0.27809523809523806,0.31695238095238093,0.3177142857142857,0.2210,0.2210,0.0022988505747126853,0.0022988505747126853
results/rescore-2026-06-05/pv-diag-384/consensus-sweep/flash-high-image-n5__image-t0.3__consensus-n5__t2/evaluation.json,GS-487 Era-2 (full_evaluation),origin-restored,,,843,0,0,3,0.539906103286385,0.539906103286385,0.541471048513302,0.6369327073552425,0.6384976525821596,0.4570,0.4570,0.0022988505747126853,0.0022988505747126853
results/rescore-2026-06-05/pv-diag-384/consensus-sweep/flash-high-image-n5__image-t0.3__consensus-n5__t3/evaluation.json,GS-487 Era-2 (full_evaluation),origin-restored,,,584,0,0,2,0.6535819430814525,0.6535819430814525,0.6555446516192345,0.775269872423945,0.7772325809617273,0.6055,0.6055,0.0022988505747126853,0.0022988505747126853
results/rescore-2026-06-05/pv-diag-384/consensus-sweep/flash-high-image-n5__image-t0.3__consensus-n5__t4/evaluation.json,GS-487 Era-2 (full_evaluation),origin-restored,,,460,0,0,1,0.7039106145251397,0.7039106145251397,0.7061452513966481,0.8067039106145252,0.8089385474860336,0.6474,0.6474,0.0022988505747126853,0.0022988505747126853
results/rescore-2026-06-05/pv-diag-384/consensus-sweep/flash-high-image-n5__image-t0.3__consensus__t1/evaluation.json,GS-487 Era-2 (full_evaluation),origin-restored,,,3412,0,0,9,0.19443722381076164,0.19443722381076164,0.1949571094359241,0.21679230569274757,0.21731219131791005,0.1686,0.1686,0.0022988505747125743,0.0022988505747125743
results/rescore-2026-06-05/pv-diag-384/consensus-sweep/flash-high-image-n5__image-t0.3__consensus__t2/evaluation.json,GS-487 Era-2 (full_evaluation),origin-restored,,,1265,0,0,3,0.43411764705882355,0.43411764705882355,0.4352941176470588,0.48588235294117643,0.48705882352941177,0.3654,0.3654,0.0022988505747126853,0.0022988505747126853
results/rescore-2026-06-05/pv-diag-384/consensus-sweep/flash-high-image-n5__image-t0.3__consensus__t3/evaluation.json,GS-487 Era-2 (full_evaluation),origin-restored,,,879,0,0,3,0.547945205479452,0.547945205479452,0.5494672754946727,0.6286149162861492,0.6301369863013698,0.5035,0.5035,0.0022988505747126853,0.0022988505747126853
results/rescore-2026-06-05/pv-diag-384/consensus-sweep/flash-high-image-n5__image-t0.3__consensus__t4/evaluation.json,GS-487 Era-2 (full_evaluation),origin-restored,,,697,0,0,2,0.6219081272084807,0.6219081272084807,0.6236749116607774,0.7190812720848058,0.7208480565371024,0.5458,0.5458,0.0022988505747126853,0.0022988505747126853
results/rescore-2026-06-05/pv-diag-384/consensus-sweep/flash-high-image-n5__image-t0.3__consensus__t5/evaluation.json,GS-487 Era-2 (full_evaluation),origin-restored,,,590,0,0,2,0.6809756097560976,0.6809756097560976,0.6829268292682927,0.7824390243902439,0.784390243902439,0.5937,0.5937,0.0022988505747126853,0.0022988505747126853
results/rescore-2026-06-05/pv-diag-384/consensus-sweep/flash-high-image-n5__image-t0.3__consensus__t6/evaluation.json,GS-487 Era-2 (full_evaluation),origin-restored,,,515,0,0,1,0.7073684210526316,0.7073684210526316,0.7094736842105264,0.8168421052631579,0.8189473684210525,0.6433,0.6433,0.0022988505747126853,0.0022988505747126853
results/rescore-2026-06-05/pv-diag-384/consensus-sweep/flash-high-image-n5__image-t0.3__consensus__t7/evaluation.json,GS-487 Era-2 (full_evaluation),origin-restored,,,465,0,0,1,0.7244444444444444,0.7244444444444444,0.7266666666666667,0.8244444444444445,0.8266666666666667,0.6670,0.6670,0.0022988505747126853,0.0022988505747126853
results/rescore-2026-06-05/pv-diag-384/consensus-sweep/flash-high-image-n5__image-t0.3__consensus__t8/evaluation.json,GS-487 Era-2 (full_evaluation),origin-restored,,,420,0,0,1,0.7298245614035087,0.7298245614035087,0.7321637426900585,0.8116959064327485,0.8140350877192983,0.6700,0.6700,0.0023809523809524835,0.0023809523809524835
results/rescore-2026-06-05/pv-diag-384/consensus-sweep/flash-high-image-n5__image-t0.3__consensus__t9/evaluation.json,GS-487 Era-2 (full_evaluation),origin-restored,pv-diag-384::flash-high-image-n5-image-t0.3-consensus-9of10,pv-diag-384-consensus-calibration;tile-size-sweep;uplift-supplement-flatten,361,0,0,1,0.7311557788944724,0.7311557788944724,0.7336683417085429,0.7939698492462312,0.7964824120603015,0.6834,0.6834,0.0027700831024931594,0.0027700831024931594
results/rescore-2026-06-05/pv-diag-384/consensus-sweep/flash-high-image-n5__image-t0.7__consensus-n5__t1/evaluation.json,GS-487 Era-2 (full_evaluation),origin-restored,,,2017,0,0,7,0.31158238172920066,0.31158238172920066,0.3123980424143556,0.34420880913539964,0.3450244698205546,0.3320,0.3320,0.0022988505747125743,0.0022988505747125743
results/rescore-2026-06-05/pv-diag-384/consensus-sweep/flash-high-image-n5__image-t0.7__consensus-n5__t2/evaluation.json,GS-487 Era-2 (full_evaluation),origin-restored,,,741,0,0,2,0.6173469387755103,0.6173469387755103,0.619047619047619,0.7023809523809523,0.7040816326530612,0.5577,0.5577,0.0022988505747126853,0.0022988505747126853
results/rescore-2026-06-05/pv-diag-384/consensus-sweep/flash-high-image-n5__image-t0.7__consensus-n5__t3/evaluation.json,GS-487 Era-2 (full_evaluation),origin-restored,pv-diag-384::flash-high-image-n5-image-t0.7-consensus-n5-3of5,pv-diag-384-consensus-calibration;uplift-supplement-flatten,506,0,0,1,0.7268862911795961,0.7268862911795961,0.7290116896918172,0.8267800212539852,0.8289054197662061,0.6648,0.6648,0.0022988505747126853,0.0022988505747126853
results/rescore-2026-06-05/pv-diag-384/consensus-sweep/flash-high-image-n5__image-t0.7__consensus-n5__t4/evaluation.json,GS-487 Era-2 (full_evaluation),origin-restored,,,388,0,0,1,0.7193195625759417,0.7193195625759417,0.7217496962332929,0.7922235722964763,0.7946537059538273,0.6627,0.6627,0.002577319587628857,0.002577319587628857
results/rescore-2026-06-05/pv-diag-384/consensus-sweep/flash-high-image-n5__image-t0.7__consensus__t1/evaluation.json,GS-487 Era-2 (full_evaluation),origin-restored,,,3211,0,0,18,0.21283598464070214,0.21283598464070214,0.2133845309928689,0.23477783872737248,0.23532638507953924,0.2279,0.2279,0.0022988505747125743,0.0022988505747125743
results/rescore-2026-06-05/pv-diag-384/consensus-sweep/flash-high-image-n5__image-t0.7__consensus__t2/evaluation.json,GS-487 Era-2 (full_evaluation),origin-restored,,,1112,0,0,4,0.4873949579831933,0.4873949579831933,0.48868778280542996,0.5404007756948933,0.5416936005171299,0.4752,0.4752,0.0022988505747126853,0.0022988505747126853
results/rescore-2026-06-05/pv-diag-384/consensus-sweep/flash-high-image-n5__image-t0.7__consensus__t3/evaluation.json,GS-487 Era-2 (full_evaluation),origin-restored,,,752,0,0,1,0.6217354675652906,0.6217354675652906,0.6234203875315922,0.6992417860151643,0.7009267059814658,0.5746,0.5746,0.0022988505747126853,0.0022988505747126853
results/rescore-2026-06-05/pv-diag-384/consensus-sweep/flash-high-image-n5__image-t0.7__consensus__t4/evaluation.json,GS-487 Era-2 (full_evaluation),origin-restored,,,609,0,0,1,0.6800766283524904,0.6800766283524904,0.681992337164751,0.7777777777777778,0.7796934865900383,0.6316,0.6316,0.0022988505747126853,0.0022988505747126853
results/rescore-2026-06-05/pv-diag-384/consensus-sweep/flash-high-image-n5__image-t0.7__consensus__t5/evaluation.json,GS-487 Era-2 (full_evaluation),origin-restored,,,519,0,0,1,0.7211740041928721,0.7211740041928721,0.7232704402515722,0.8218029350104822,0.8238993710691823,0.6546,0.6546,0.0022988505747126853,0.0022988505747126853
results/rescore-2026-06-05/pv-diag-384/consensus-sweep/flash-high-image-n5__image-t0.7__consensus__t6/evaluation.json,GS-487 Era-2 (full_evaluation),origin-restored,,,462,0,0,1,0.7402452619843926,0.7402452619843926,0.7424749163879598,0.8338907469342252,0.8361204013377926,0.6750,0.6750,0.0022988505747125743,0.0022988505747125743
results/rescore-2026-06-05/pv-diag-384/consensus-sweep/flash-high-image-n5__image-t0.7__consensus__t7/evaluation.json,GS-487 Era-2 (full_evaluation),origin-restored,pv-diag-384::flash-high-image-n5-image-t0.7-consensus-7of10,diversity-dividend-384;pv-diag-384-consensus-calibration;tile-size-sweep;uplift-supplement-flatten,405,0,0,1,0.75,0.75,0.7523809523809525,0.8238095238095238,0.8261904761904761,0.6784,0.6784,0.0024691358024692134,0.0024691358024692134
results/rescore-2026-06-05/pv-diag-384/consensus-sweep/flash-high-image-n5__image-t0.7__consensus__t8/evaluation.json,GS-487 Era-2 (full_evaluation),origin-restored,,,344,0,0,1,0.7291399229781772,0.7291399229781772,0.7317073170731706,0.7881899871630296,0.7907573812580231,0.6788,0.6788,0.0029069767441860517,0.0029069767441860517
results/rescore-2026-06-05/pv-diag-384/consensus-sweep/flash-high-image-n5__image-t1.0__consensus-n5__t1/evaluation.json,GS-487 Era-2 (full_evaluation),origin-restored,,,2840,0,0,6,0.22778625954198473,0.22778625954198473,0.2283969465648855,0.25465648854961837,0.2552671755725191,0.2150,0.2150,0.0022988505747126853,0.0022988505747126853
results/rescore-2026-06-05/pv-diag-384/consensus-sweep/flash-high-image-n5__image-t1.0__consensus-n5__t2/evaluation.json,GS-487 Era-2 (full_evaluation),origin-restored,,,818,0,0,2,0.5650438946528332,0.5650438946528332,0.5666400638467678,0.6480446927374302,0.6496408619313647,0.4596,0.4596,0.0022988505747126853,0.0022988505747126853
results/rescore-2026-06-05/pv-diag-384/consensus-sweep/flash-high-image-n5__image-t1.0__consensus-n5__t3/evaluation.json,GS-487 Era-2 (full_evaluation),origin-restored,,,506,0,0,1,0.6865037194473964,0.6865037194473964,0.6886291179596175,0.8034006376195536,0.8055260361317748,0.6426,0.6426,0.0022988505747126853,0.0022988505747126853
results/rescore-2026-06-05/pv-diag-384/consensus-sweep/flash-high-image-n5__image-t1.0__consensus-n5__t4/evaluation.json,GS-487 Era-2 (full_evaluation),origin-restored,pv-diag-384::flash-high-image-n5-image-t1.0-consensus-n5-4of5,pv-diag-384-consensus-calibration;uplift-supplement-flatten,357,0,0,1,0.696969696969697,0.696969696969697,0.6994949494949495,0.7702020202020202,0.7727272727272727,0.6559,0.6559,0.0028011204481792618,0.0028011204481792618
results/rescore-2026-06-05/pv-diag-384/consensus-sweep/flash-high-image-n5__image-t1.0__consensus-n5__t5/evaluation.json,GS-487 Era-2 (full_evaluation),origin-restored,,,248,0,0,1,0.6120058565153734,0.6120058565153734,0.6149341142020499,0.6559297218155197,0.6588579795021963,0.6359,0.6359,0.0040322580645161255,0.0040322580645161255
results/rescore-2026-06-05/pv-diag-384/consensus-sweep/flash-high-image-n5__image-t1.0__consensus__t1/evaluation.json,GS-487 Era-2 (full_evaluation),origin-restored,,,4638,0,0,13,0.1517839542676917,0.1517839542676917,0.15217819830475066,0.16637098363887246,0.1667652276759314,0.1360,0.1360,0.0022988505747125743,0.0022988505747125743
results/rescore-2026-06-05/pv-diag-384/consensus-sweep/flash-high-image-n5__image-t1.0__consensus__t10/evaluation.json,GS-487 Era-2 (full_evaluation),origin-restored,,,169,0,0,1,0.5066225165562913,0.5066225165562913,0.5099337748344371,0.5264900662251656,0.5298013245033113,0.5618,0.5618,0.00591715976331364,0.00591715976331364
results/rescore-2026-06-05/pv-diag-384/consensus-sweep/flash-high-image-n5__image-t1.0__consensus__t2/evaluation.json,GS-487 Era-2 (full_evaluation),origin-restored,,,1295,0,0,5,0.4277456647398844,0.4277456647398844,0.4289017341040463,0.47976878612716756,0.4809248554913295,0.3613,0.3613,0.0022988505747126853,0.0022988505747126853
results/rescore-2026-06-05/pv-diag-384/consensus-sweep/flash-high-image-n5__image-t1.0__consensus__t3/evaluation.json,GS-487 Era-2 (full_evaluation),origin-restored,,,836,0,0,1,0.5649095200629426,0.5649095200629426,0.5664830841856806,0.6404405979543666,0.6420141620771046,0.4993,0.4993,0.0022988505747126853,0.0022988505747126853
results/rescore-2026-06-05/pv-diag-384/consensus-sweep/flash-high-image-n5__image-t1.0__consensus__t4/evaluation.json,GS-487 Era-2 (full_evaluation),origin-restored,,,626,0,0,1,0.6540999057492931,0.6540999057492931,0.6559849198868991,0.7464655984919887,0.7483506126295947,0.5629,0.5629,0.0022988505747126853,0.0022988505747126853
results/rescore-2026-06-05/pv-diag-384/consensus-sweep/flash-high-image-n5__image-t1.0__consensus__t5/evaluation.json,GS-487 Era-2 (full_evaluation),origin-restored,,,509,0,0,1,0.7203389830508474,0.7203389830508474,0.7224576271186441,0.8156779661016949,0.8177966101694915,0.6248,0.6248,0.0022988505747125743,0.0022988505747125743
results/rescore-2026-06-05/pv-diag-384/consensus-sweep/flash-high-image-n5__image-t1.0__consensus__t6/evaluation.json,GS-487 Era-2 (full_evaluation),origin-restored,pv-diag-384::flash-high-image-n5-image-t1.0-consensus-6of10,pv-diag-384-consensus-calibration;tile-size-sweep;uplift-supplement-flatten,433,0,0,1,0.7350230414746544,0.7350230414746544,0.7373271889400921,0.8179723502304148,0.8202764976958525,0.6456,0.6456,0.002309468822170868,0.002309468822170868
results/rescore-2026-06-05/pv-diag-384/consensus-sweep/flash-high-image-n5__image-t1.0__consensus__t7/evaluation.json,GS-487 Era-2 (full_evaluation),origin-restored,,,377,0,0,1,0.7167487684729065,0.7167487684729065,0.7192118226600985,0.795566502463054,0.7980295566502462,0.6352,0.6352,0.0026525198938992522,0.0026525198938992522
results/rescore-2026-06-05/pv-diag-384/consensus-sweep/flash-high-image-n5__image-t1.0__consensus__t8/evaluation.json,GS-487 Era-2 (full_evaluation),origin-restored,,,319,0,0,1,0.6923076923076923,0.6923076923076923,0.6949602122015914,0.7586206896551724,0.7612732095490716,0.6754,0.6754,0.0031347962382445305,0.0031347962382445305
results/rescore-2026-06-05/pv-diag-384/consensus-sweep/flash-high-image-n5__image-t1.0__consensus__t9/evaluation.json,GS-487 Era-2 (full_evaluation),origin-restored,,,254,0,0,1,0.6386066763425254,0.6386066763425254,0.6415094339622641,0.6763425253991292,0.6792452830188679,0.6446,0.6446,0.003937007874015741,0.003937007874015741
results/rescore-2026-06-05/pv-diag-384/consensus-sweep/flash-high-text-n5__text-t0.0__consensus__t1/evaluation.json,GS-487 Era-2 (full_evaluation),origin-restored,,,1319,0,0,6,0.4424173318129988,0.4424173318129988,0.44355758266818707,0.467502850627138,0.4686431014823262,0.1960,0.1960,0.0022988505747126853,0.0022988505747126853
results/rescore-2026-06-05/pv-diag-384/consensus-sweep/flash-high-text-n5__text-t0.0__consensus__t2/evaluation.json,GS-487 Era-2 (full_evaluation),origin-restored,,,1032,0,0,5,0.5194274028629856,0.5194274028629856,0.5207907293796864,0.5507839127471029,0.5521472392638036,0.2836,0.2836,0.0022988505747126853,0.0022988505747126853
results/rescore-2026-06-05/pv-diag-384/consensus-sweep/flash-high-text-n5__text-t0.0__consensus__t3/evaluation.json,GS-487 Era-2 (full_evaluation),origin-restored,,,796,0,0,4,0.610885458976442,0.610885458976442,0.6125101543460602,0.6401299756295695,0.6417546709991877,0.4318,0.4318,0.0022988505747126853,0.0022988505747126853
results/rescore-2026-06-05/pv-diag-384/consensus-sweep/flash-high-text-n5__text-t0.3__consensus-n5__t1/evaluation.json,GS-487 Era-2 (full_evaluation),origin-restored,,,2954,0,0,7,0.23959870168191208,0.23959870168191208,0.24018884626733547,0.2496311596341104,0.25022130421953376,0.0465,0.0465,0.0022988505747126853,0.0022988505747126853
results/rescore-2026-06-05/pv-diag-384/consensus-sweep/flash-high-text-n5__text-t0.3__consensus-n5__t2/evaluation.json,GS-487 Era-2 (full_evaluation),origin-restored,,,1228,0,0,4,0.4786530366806975,0.4786530366806975,0.47985568250150323,0.4966927239927841,0.4978953698135899,0.2417,0.2417,0.0022988505747126853,0.0022988505747126853
results/rescore-2026-06-05/pv-diag-384/consensus-sweep/flash-high-text-n5__text-t0.3__consensus-n5__t3/evaluation.json,GS-487 Era-2 (full_evaluation),origin-restored,,,861,0,0,2,0.603395061728395,0.603395061728395,0.6049382716049383,0.6265432098765432,0.6280864197530864,0.3738,0.3738,0.0022988505747126853,0.0022988505747126853
results/rescore-2026-06-05/pv-diag-384/consensus-sweep/flash-high-text-n5__text-t0.3__consensus-n5__t4/evaluation.json,GS-487 Era-2 (full_evaluation),origin-restored,,,659,0,0,2,0.6983546617915906,0.6983546617915906,0.70018281535649,0.7184643510054846,0.7202925045703839,0.5015,0.5015,0.0022988505747125743,0.0022988505747125743
results/rescore-2026-06-05/pv-diag-384/consensus-sweep/flash-high-text-n5__text-t0.3__consensus-n5__t5/evaluation.json,GS-487 Era-2 (full_evaluation),origin-restored,pv-diag-384::flash-high-text-n5-text-t0.3-consensus-n5-5of5,pv-diag-384-consensus-calibration;uplift-supplement-flatten,498,0,0,1,0.7695605573419078,0.7695605573419078,0.7717041800643086,0.7888531618435155,0.7909967845659164,0.5571,0.5571,0.0022988505747126853,0.0022988505747126853
results/rescore-2026-06-05/pv-diag-384/consensus-sweep/flash-high-text-n5__text-t0.3__consensus__t1/evaluation.json,GS-487 Era-2 (full_evaluation),origin-restored,,,4313,0,0,10,0.17312552653748944,0.17312552653748944,0.1735467565290649,0.17902274641954508,0.17944397641112045,0.0144,0.0144,0.0022988505747126853,0.0022988505747126853
results/rescore-2026-06-05/pv-diag-384/consensus-sweep/flash-high-text-n5__text-t0.3__consensus__t2/evaluation.json,GS-487 Era-2 (full_evaluation),origin-restored,,,1939,0,0,5,0.33951137320977254,0.33951137320977254,0.34035383319292334,0.354675652906487,0.3555181128896377,0.1170,0.1170,0.0022988505747126853,0.0022988505747126853
results/rescore-2026-06-05/pv-diag-384/consensus-sweep/flash-high-text-n5__text-t0.3__consensus__t3/evaluation.json,GS-487 Era-2 (full_evaluation),origin-restored,,,1352,0,0,4,0.4499160604364858,0.4499160604364858,0.45103525461667593,0.4667039731393397,0.46782316731953,0.2194,0.2194,0.0022988505747126853,0.0022988505747126853
results/rescore-2026-06-05/pv-diag-384/consensus-sweep/flash-high-text-n5__text-t0.3__consensus__t4/evaluation.json,GS-487 Era-2 (full_evaluation),origin-restored,,,1056,0,0,3,0.5258215962441315,0.5258215962441315,0.5271629778672032,0.5472837022132797,0.5486250838363514,0.2714,0.2714,0.0022988505747126853,0.0022988505747126853
results/rescore-2026-06-05/pv-diag-384/consensus-sweep/flash-high-text-n5__text-t0.3__consensus__t5/evaluation.json,GS-487 Era-2 (full_evaluation),origin-restored,,,876,0,0,2,0.593440122044241,0.593440122044241,0.5949656750572082,0.6193745232646835,0.6209000762776506,0.3362,0.3362,0.0022988505747126853,0.0022988505747126853
results/rescore-2026-06-05/pv-diag-384/consensus-sweep/flash-high-text-n5__text-t0.3__consensus__t6/evaluation.json,GS-487 Era-2 (full_evaluation),origin-restored,,,770,0,0,2,0.6390041493775934,0.6390041493775934,0.6406639004149377,0.6672199170124481,0.6688796680497925,0.4132,0.4132,0.0022988505747126853,0.0022988505747126853
results/rescore-2026-06-05/pv-diag-384/consensus-sweep/flash-high-text-n5__text-t0.3__consensus__t7/evaluation.json,GS-487 Era-2 (full_evaluation),origin-restored,,,688,0,0,2,0.6821015138023152,0.6821015138023152,0.6838824577025823,0.7105966162065895,0.7123775601068567,0.4697,0.4697,0.0022988505747126853,0.0022988505747126853
results/rescore-2026-06-05/pv-diag-384/consensus-sweep/flash-high-text-n5__text-t0.3__consensus__t8/evaluation.json,GS-487 Era-2 (full_evaluation),origin-restored,,,591,0,0,1,0.7348927875243665,0.7348927875243665,0.736842105263158,0.7621832358674463,0.7641325536062379,0.5342,0.5342,0.0022988505747126853,0.0022988505747126853
results/rescore-2026-06-05/pv-diag-384/consensus-sweep/flash-high-text-n5__text-t0.3__consensus__t9/evaluation.json,GS-487 Era-2 (full_evaluation),origin-restored,,,513,0,0,1,0.7679324894514767,0.7679324894514767,0.7700421940928269,0.7911392405063291,0.7932489451476792,0.5686,0.5686,0.0022988505747126853,0.0022988505747126853
results/rescore-2026-06-05/pv-diag-384/consensus-sweep/flash-high-text-n5__text-t0.7__consensus-n10__t1/evaluation.json,GS-487 Era-2 (full_evaluation),origin-restored,,,5866,0,0,20,0.13109030312648787,0.13109030312648787,0.1314077130614188,0.13489922234565943,0.13521663228059042,0.0325,0.0325,0.0022988505747126853,0.0022988505747126853
results/rescore-2026-06-05/pv-diag-384/consensus-sweep/flash-high-text-n5__text-t0.7__consensus-n10__t10/evaluation.json,GS-487 Era-2 (full_evaluation),origin-restored,,,345,0,0,1,0.782051282051282,0.782051282051282,0.7846153846153846,0.7871794871794873,0.7897435897435898,0.6604,0.6604,0.0028985507246376274,0.0028985507246376274
results/rescore-2026-06-05/pv-diag-384/consensus-sweep/flash-high-text-n5__text-t0.7__consensus-n10__t2/evaluation.json,GS-487 Era-2 (full_evaluation),origin-restored,,,2215,0,0,5,0.3086792452830189,0.3086792452830189,0.309433962264151,0.32,0.32075471698113206,0.1067,0.1067,0.0022988505747126853,0.0022988505747126853
results/rescore-2026-06-05/pv-diag-384/consensus-sweep/flash-high-text-n5__text-t0.7__consensus-n10__t3/evaluation.json,GS-487 Era-2 (full_evaluation),origin-restored,,,1493,0,0,2,0.4180497925311204,0.4180497925311204,0.41908713692946054,0.437759336099585,0.43879668049792536,0.1859,0.1859,0.0022988505747126853,0.0022988505747126853
results/rescore-2026-06-05/pv-diag-384/consensus-sweep/flash-high-text-n5__text-t0.7__consensus-n10__t4/evaluation.json,GS-487 Era-2 (full_evaluation),origin-restored,,,1104,0,0,2,0.5133203378817414,0.5133203378817414,0.5146198830409356,0.5328135152696556,0.5341130604288499,0.2940,0.2940,0.0022988505747126853,0.0022988505747126853
results/rescore-2026-06-05/pv-diag-384/consensus-sweep/flash-high-text-n5__text-t0.7__consensus-n10__t5/evaluation.json,GS-487 Era-2 (full_evaluation),origin-restored,,,879,0,0,1,0.5951293759512938,0.5951293759512938,0.5966514459665145,0.6179604261796042,0.619482496194825,0.3643,0.3643,0.0022988505747126853,0.0022988505747126853
results/rescore-2026-06-05/pv-diag-384/consensus-sweep/flash-high-text-n5__text-t0.7__consensus-n10__t6/evaluation.json,GS-487 Era-2 (full_evaluation),origin-restored,,,727,0,0,1,0.6660929432013769,0.6660929432013769,0.6678141135972462,0.6867469879518073,0.6884681583476764,0.4338,0.4338,0.0022988505747126853,0.0022988505747126853
results/rescore-2026-06-05/pv-diag-384/consensus-sweep/flash-high-text-n5__text-t0.7__consensus-n10__t7/evaluation.json,GS-487 Era-2 (full_evaluation),origin-restored,,,590,0,0,1,0.7258536585365855,0.7258536585365855,0.7278048780487805,0.7414634146341463,0.7434146341463416,0.4893,0.4893,0.0022988505747125743,0.0022988505747125743
results/rescore-2026-06-05/pv-diag-384/consensus-sweep/flash-high-text-n5__text-t0.7__consensus-n10__t8/evaluation.json,GS-487 Era-2 (full_evaluation),origin-restored,,,511,0,0,1,0.7674418604651163,0.7674418604651163,0.7695560253699789,0.7843551797040169,0.7864693446088794,0.5245,0.5245,0.0022988505747126853,0.0022988505747126853
results/rescore-2026-06-05/pv-diag-384/consensus-sweep/flash-high-text-n5__text-t0.7__consensus-n10__t9/evaluation.json,GS-487 Era-2 (full_evaluation),origin-restored,pv-diag-384::flash-high-text-n5-text-t0.7-consensus-n10-9of10,pv-diag-384-consensus-calibration;uplift-supplement-flatten,431,0,0,1,0.7967667436489607,0.7967667436489607,0.7990762124711316,0.8106235565819861,0.812933025404157,0.6207,0.6207,0.002320185614849146,0.002320185614849146
results/rescore-2026-06-05/pv-diag-384/consensus-sweep/flash-high-text-n5__text-t0.7__consensus-n5__t1/evaluation.json,GS-487 Era-2 (full_evaluation),origin-restored,,,3736,0,0,13,0.19611603931910812,0.19611603931910812,0.19659554063773674,0.20378806041716616,0.20426756173579474,0.0380,0.0380,0.0022988505747125743,0.0022988505747125743
results/rescore-2026-06-05/pv-diag-384/consensus-sweep/flash-high-text-n5__text-t0.7__consensus-n5__t2/evaluation.json,GS-487 Era-2 (full_evaluation),origin-restored,,,1376,0,0,1,0.4362230811706239,0.4362230811706239,0.43732744340143564,0.4572059635560463,0.4583103257868581,0.1925,0.1925,0.0022988505747126853,0.0022988505747126853
results/rescore-2026-06-05/pv-diag-384/consensus-sweep/flash-high-text-n5__text-t0.7__consensus-n5__t3/evaluation.json,GS-487 Era-2 (full_evaluation),origin-restored,,,855,0,0,1,0.6,0.6,0.6015503875968992,0.6248062015503876,0.6263565891472869,0.3709,0.3709,0.0022988505747126853,0.0022988505747126853
results/rescore-2026-06-05/pv-diag-384/consensus-sweep/flash-high-text-n5__text-t0.7__consensus-n5__t4/evaluation.json,GS-487 Era-2 (full_evaluation),origin-restored,,,584,0,0,1,0.720314033366045,0.720314033366045,0.7222767419038273,0.7419038272816487,0.7438665358194307,0.4783,0.4783,0.0022988505747126853,0.0022988505747126853
results/rescore-2026-06-05/pv-diag-384/consensus-sweep/flash-high-text-n5__text-t0.7__consensus-n5__t5/evaluation.json,GS-487 Era-2 (full_evaluation),origin-restored,pv-diag-384::flash-high-text-n5-text-t0.7-consensus-n5-5of5,pv-diag-384-consensus-calibration;uplift-supplement-flatten,415,0,0,1,0.7788235294117646,0.7788235294117646,0.7811764705882354,0.788235294117647,0.7905882352941177,0.5998,0.5998,0.002409638554216942,0.002409638554216942
results/rescore-2026-06-05/pv-diag-384/consensus-sweep/flash-high-text-n5__text-t0.7__consensus__t1/evaluation.json,GS-487 Era-2 (full_evaluation),origin-restored,,,11771,0,0,36,0.06849090611174831,0.06849090611174831,0.06865475995412093,0.06996559069310175,0.07012944453547436,-0.0265,-0.0265,0.0022988505747126853,0.0022988505747126853
results/rescore-2026-06-05/pv-diag-384/consensus-sweep/flash-high-text-n5__text-t0.7__consensus__t10/evaluation.json,GS-487 Era-2 (full_evaluation),origin-restored,,,1161,0,0,1,0.5050125313283208,0.5050125313283208,0.506265664160401,0.5225563909774437,0.5238095238095238,0.2790,0.2790,0.0022988505747126853,0.0022988505747126853
results/rescore-2026-06-05/pv-diag-384/consensus-sweep/flash-high-text-n5__text-t0.7__consensus__t11/evaluation.json,GS-487 Era-2 (full_evaluation),origin-restored,,,1070,0,0,1,0.535548172757475,0.535548172757475,0.5368770764119601,0.5541528239202659,0.5554817275747508,0.2956,0.2956,0.0022988505747126853,0.0022988505747126853
results/rescore-2026-06-05/pv-diag-384/consensus-sweep/flash-high-text-n5__text-t0.7__consensus__t12/evaluation.json,GS-487 Era-2 (full_evaluation),origin-restored,,,975,0,0,1,0.5659574468085107,0.5659574468085107,0.5673758865248226,0.5829787234042554,0.5843971631205674,0.3111,0.3111,0.0022988505747126853,0.0022988505747126853
results/rescore-2026-06-05/pv-diag-384/consensus-sweep/flash-high-text-n5__text-t0.7__consensus__t13/evaluation.json,GS-487 Era-2 (full_evaluation),origin-restored,,,907,0,0,1,0.5931445603576752,0.5931445603576752,0.5946348733233979,0.6110283159463487,0.6125186289120715,0.3276,0.3276,0.0022988505747126853,0.0022988505747126853
results/rescore-2026-06-05/pv-diag-384/consensus-sweep/flash-high-text-n5__text-t0.7__consensus__t14/evaluation.json,GS-487 Era-2 (full_evaluation),origin-restored,,,850,0,0,1,0.6178988326848249,0.6178988326848249,0.6194552529182881,0.6365758754863813,0.6381322957198443,0.3499,0.3499,0.0022988505747126853,0.0022988505747126853
results/rescore-2026-06-05/pv-diag-384/consensus-sweep/flash-high-text-n5__text-t0.7__consensus__t15/evaluation.json,GS-487 Era-2 (full_evaluation),origin-restored,,,789,0,0,1,0.6470588235294118,0.6470588235294118,0.6486928104575164,0.6650326797385621,0.6666666666666665,0.3859,0.3859,0.0022988505747126853,0.0022988505747126853
results/rescore-2026-06-05/pv-diag-384/consensus-sweep/flash-high-text-n5__text-t0.7__consensus__t16/evaluation.json,GS-487 Era-2 (full_evaluation),origin-restored,,,729,0,0,1,0.6752577319587628,0.6752577319587628,0.6769759450171821,0.6907216494845361,0.6924398625429554,0.3895,0.3895,0.0022988505747126853,0.0022988505747126853
results/rescore-2026-06-05/pv-diag-384/consensus-sweep/flash-high-text-n5__text-t0.7__consensus__t17/evaluation.json,GS-487 Era-2 (full_evaluation),origin-restored,,,682,0,0,1,0.7000895255147719,0.7000895255147719,0.7018800358102059,0.7162041181736793,0.7179946284691137,0.4223,0.4223,0.0022988505747126853,0.0022988505747126853
results/rescore-2026-06-05/pv-diag-384/consensus-sweep/flash-high-text-n5__text-t0.7__consensus__t18/evaluation.json,GS-487 Era-2 (full_evaluation),origin-restored,,,637,0,0,1,0.7126865671641791,0.7126865671641791,0.7145522388059703,0.7276119402985075,0.7294776119402985,0.4500,0.4500,0.0022988505747125743,0.0022988505747125743
results/rescore-2026-06-05/pv-diag-384/consensus-sweep/flash-high-text-n5__text-t0.7__consensus__t19/evaluation.json,GS-487 Era-2 (full_evaluation),origin-restored,,,607,0,0,1,0.7274472168905949,0.7274472168905949,0.7293666026871402,0.7428023032629558,0.744721689059501,0.4676,0.4676,0.0022988505747126853,0.0022988505747126853
results/rescore-2026-06-05/pv-diag-384/consensus-sweep/flash-high-text-n5__text-t0.7__consensus__t2/evaluation.json,GS-487 Era-2 (full_evaluation),origin-restored,,,4543,0,0,8,0.16633186018481316,0.16633186018481316,0.16673362796303737,0.17034953796705501,0.17075130574527925,0.0447,0.0447,0.0022988505747126853,0.0022988505747126853
results/rescore-2026-06-05/pv-diag-384/consensus-sweep/flash-high-text-n5__text-t0.7__consensus__t20/evaluation.json,GS-487 Era-2 (full_evaluation),origin-restored,,,571,0,0,1,0.7415506958250497,0.7415506958250497,0.7435387673956263,0.7574552683896619,0.7594433399602386,0.4880,0.4880,0.0022988505747126853,0.0022988505747126853
results/rescore-2026-06-05/pv-diag-384/consensus-sweep/flash-high-text-n5__text-t0.7__consensus__t21/evaluation.json,GS-487 Era-2 (full_evaluation),origin-restored,,,536,0,0,1,0.7579814624098866,0.7579814624098866,0.7600411946446963,0.7744593202883625,0.7765190525231719,0.5213,0.5213,0.0022988505747126853,0.0022988505747126853
results/rescore-2026-06-05/pv-diag-384/consensus-sweep/flash-high-text-n5__text-t0.7__consensus__t22/evaluation.json,GS-487 Era-2 (full_evaluation),origin-restored,,,510,0,0,1,0.7746031746031746,0.7746031746031746,0.7767195767195768,0.7915343915343915,0.7936507936507937,0.5411,0.5411,0.0022988505747125743,0.0022988505747125743
results/rescore-2026-06-05/pv-diag-384/consensus-sweep/flash-high-text-n5__text-t0.7__consensus__t23/evaluation.json,GS-487 Era-2 (full_evaluation),origin-restored,,,491,0,0,1,0.7796976241900648,0.7796976241900648,0.7818574514038876,0.7948164146868251,0.7969762419006481,0.5521,0.5521,0.0022988505747126853,0.0022988505747126853
results/rescore-2026-06-05/pv-diag-384/consensus-sweep/flash-high-text-n5__text-t0.7__consensus__t24/evaluation.json,GS-487 Era-2 (full_evaluation),origin-restored,,,469,0,0,1,0.7876106194690264,0.7876106194690264,0.7898230088495575,0.8030973451327433,0.8053097345132745,0.5564,0.5564,0.0022988505747126853,0.0022988505747126853
results/rescore-2026-06-05/pv-diag-384/consensus-sweep/flash-high-text-n5__text-t0.7__consensus__t25/evaluation.json,GS-487 Era-2 (full_evaluation),origin-restored,,,441,0,0,1,0.8013698630136987,0.8013698630136987,0.8036529680365297,0.8150684931506851,0.817351598173516,0.5933,0.5933,0.0022988505747126853,0.0022988505747126853
results/rescore-2026-06-05/pv-diag-384/consensus-sweep/flash-high-text-n5__text-t0.7__consensus__t26/evaluation.json,GS-487 Era-2 (full_evaluation),origin-restored,pv-diag-384::flash-high-text-n5-text-t0.7-consensus-26of30,diversity-dividend-384;e45-bootstrap-pairings;family-bh-fdr-confirmatory;pv-diag-384-consensus-calibration;tile-size-sweep;uplift-supplement-flatten,415,0,0,1,0.8141176470588235,0.8141176470588235,0.8164705882352942,0.8258823529411765,0.8282352941176471,0.6204,0.6204,0.002409638554216942,0.002409638554216942
results/rescore-2026-06-05/pv-diag-384/consensus-sweep/flash-high-text-n5__text-t0.7__consensus__t27/evaluation.json,GS-487 Era-2 (full_evaluation),origin-restored,,,390,0,0,1,0.8048484848484848,0.8048484848484848,0.8072727272727271,0.8169696969696969,0.8193939393939393,0.6304,0.6304,0.002564102564102555,0.002564102564102555
results/rescore-2026-06-05/pv-diag-384/consensus-sweep/flash-high-text-n5__text-t0.7__consensus__t28/evaluation.json,GS-487 Era-2 (full_evaluation),origin-restored,,,361,0,0,1,0.8015075376884423,0.8015075376884423,0.8040201005025125,0.814070351758794,0.8165829145728642,0.6557,0.6557,0.0027700831024930483,0.0027700831024930483
results/rescore-2026-06-05/pv-diag-384/consensus-sweep/flash-high-text-n5__text-t0.7__consensus__t29/evaluation.json,GS-487 Era-2 (full_evaluation),origin-restored,,,327,0,0,1,0.7874015748031497,0.7874015748031497,0.7900262467191601,0.7979002624671916,0.8005249343832023,0.6675,0.6675,0.003058103975535187,0.003058103975535187
results/rescore-2026-06-05/pv-diag-384/consensus-sweep/flash-high-text-n5__text-t0.7__consensus__t3/evaluation.json,GS-487 Era-2 (full_evaluation),origin-restored,,,3072,0,0,4,0.2349586541203308,0.2349586541203308,0.23552894211576844,0.24180211006558314,0.2423723980610208,0.0785,0.0785,0.0022988505747126853,0.0022988505747126853
results/rescore-2026-06-05/pv-diag-384/consensus-sweep/flash-high-text-n5__text-t0.7__consensus__t4/evaluation.json,GS-487 Era-2 (full_evaluation),origin-restored,,,2363,0,0,4,0.2937812723373838,0.2937812723373838,0.2944960686204432,0.3030736240171551,0.3037884203002144,0.0980,0.0980,0.0022988505747126853,0.0022988505747126853
results/rescore-2026-06-05/pv-diag-384/consensus-sweep/flash-high-text-n5__text-t0.7__consensus__t5/evaluation.json,GS-487 Era-2 (full_evaluation),origin-restored,,,1991,0,0,4,0.33800494641385,0.33800494641385,0.3388293487221764,0.34954657873042044,0.3503709810387469,0.1207,0.1207,0.0022988505747126853,0.0022988505747126853
results/rescore-2026-06-05/pv-diag-384/consensus-sweep/flash-high-text-n5__text-t0.7__consensus__t6/evaluation.json,GS-487 Era-2 (full_evaluation),origin-restored,,,1713,0,0,4,0.3798882681564246,0.3798882681564246,0.3808193668528864,0.39385474860335196,0.39478584729981375,0.1647,0.1647,0.0022988505747126853,0.0022988505747126853
results/rescore-2026-06-05/pv-diag-384/consensus-sweep/flash-high-text-n5__text-t0.7__consensus__t7/evaluation.json,GS-487 Era-2 (full_evaluation),origin-restored,,,1536,0,0,1,0.4109589041095891,0.4109589041095891,0.4119736174530695,0.4271943176052766,0.428209030948757,0.1719,0.1719,0.0022988505747126853,0.0022988505747126853
results/rescore-2026-06-05/pv-diag-384/consensus-sweep/flash-high-text-n5__text-t0.7__consensus__t8/evaluation.json,GS-487 Era-2 (full_evaluation),origin-restored,,,1387,0,0,1,0.44456641053787044,0.44456641053787044,0.4456641053787047,0.46212952799121837,0.46322722283205264,0.2091,0.2091,0.0022988505747126853,0.0022988505747126853
results/rescore-2026-06-05/pv-diag-384/consensus-sweep/flash-high-text-n5__text-t0.7__consensus__t9/evaluation.json,GS-487 Era-2 (full_evaluation),origin-restored,,,1271,0,0,1,0.4747948417350527,0.4747948417350527,0.4759671746776084,0.4912075029308324,0.492379835873388,0.2432,0.2432,0.0022988505747126853,0.0022988505747126853
results/rescore-2026-06-05/pv-diag-384/consensus-sweep/flash-high-text-n5__text-t1.0__consensus-n5__t1/evaluation.json,GS-487 Era-2 (full_evaluation),origin-restored,,,3760,0,0,7,0.1964243146603099,0.1964243146603099,0.19690107270560187,0.20357568533969012,0.20405244338498213,0.0447,0.0447,0.0022988505747126853,0.0022988505747126853
results/rescore-2026-06-05/pv-diag-384/consensus-sweep/flash-high-text-n5__text-t1.0__consensus-n5__t2/evaluation.json,GS-487 Era-2 (full_evaluation),origin-restored,,,1396,0,0,3,0.43691971600218454,0.43691971600218454,0.43801201529218997,0.4522119060622611,0.4533042053522665,0.2048,0.2048,0.0022988505747126853,0.0022988505747126853
results/rescore-2026-06-05/pv-diag-384/consensus-sweep/flash-high-text-n5__text-t1.0__consensus-n5__t3/evaluation.json,GS-487 Era-2 (full_evaluation),origin-restored,,,892,0,0,2,0.5817633760361718,0.5817633760361718,0.5832705350414468,0.6073850791258478,0.6088922381311228,0.3370,0.3370,0.0022988505747126853,0.0022988505747126853
results/rescore-2026-06-05/pv-diag-384/consensus-sweep/flash-high-text-n5__text-t1.0__consensus-n5__t4/evaluation.json,GS-487 Era-2 (full_evaluation),origin-restored,,,627,0,0,1,0.672316384180791,0.672316384180791,0.6741996233521658,0.687382297551789,0.6892655367231638,0.4376,0.4376,0.0022988505747126853,0.0022988505747126853
results/rescore-2026-06-05/pv-diag-384/consensus-sweep/flash-high-text-n5__text-t1.0__consensus-n5__t5/evaluation.json,GS-487 Era-2 (full_evaluation),origin-restored,pv-diag-384::flash-high-text-n5-text-t1.0-consensus-n5-5of5,pv-diag-384-consensus-calibration;uplift-supplement-flatten,403,0,0,1,0.7279236276849642,0.7279236276849642,0.7303102625298328,0.7422434367541767,0.7446300715990454,0.5461,0.5461,0.002481389578163795,0.002481389578163795
results/rescore-2026-06-05/pv-diag-384/consensus-sweep/flash-high-text-n5__text-t1.0__consensus__t1/evaluation.json,GS-487 Era-2 (full_evaluation),origin-restored,,,5920,0,0,10,0.13123524783634932,0.13123524783634932,0.13154996066089694,0.13438237608182535,0.13469708890637294,0.0204,0.0204,0.0022988505747126853,0.0022988505747126853
results/rescore-2026-06-05/pv-diag-384/consensus-sweep/flash-high-text-n5__text-t1.0__consensus__t10/evaluation.json,GS-487 Era-2 (full_evaluation),origin-restored,,,299,0,0,1,0.7302452316076294,0.7302452316076294,0.7329700272479563,0.7438692098092644,0.7465940054495912,0.6097,0.6097,0.0033444816053511683,0.0033444816053511683
results/rescore-2026-06-05/pv-diag-384/consensus-sweep/flash-high-text-n5__text-t1.0__consensus__t2/evaluation.json,GS-487 Era-2 (full_evaluation),origin-restored,,,2144,0,0,5,0.3171772004652966,0.3171772004652966,0.31795269484296235,0.32648313299728576,0.32725862737495154,0.1507,0.1507,0.0022988505747126853,0.0022988505747126853
results/rescore-2026-06-05/pv-diag-384/consensus-sweep/flash-high-text-n5__text-t1.0__consensus__t3/evaluation.json,GS-487 Era-2 (full_evaluation),origin-restored,,,1455,0,0,3,0.42857142857142855,0.42857142857142855,0.4296296296296296,0.4423280423280423,0.44338624338624333,0.1802,0.1802,0.0022988505747126853,0.0022988505747126853
results/rescore-2026-06-05/pv-diag-384/consensus-sweep/flash-high-text-n5__text-t1.0__consensus__t4/evaluation.json,GS-487 Era-2 (full_evaluation),origin-restored,,,1132,0,0,3,0.5105296745373324,0.5105296745373324,0.5118059987236758,0.5258455647734525,0.5271218889597957,0.2480,0.2480,0.0022988505747126853,0.0022988505747126853
results/rescore-2026-06-05/pv-diag-384/consensus-sweep/flash-high-text-n5__text-t1.0__consensus__t5/evaluation.json,GS-487 Era-2 (full_evaluation),origin-restored,,,907,0,0,2,0.5901639344262295,0.5901639344262295,0.5916542473919523,0.6065573770491803,0.6080476900149031,0.3418,0.3418,0.0022988505747126853,0.0022988505747126853
results/rescore-2026-06-05/pv-diag-384/consensus-sweep/flash-high-text-n5__text-t1.0__consensus__t6/evaluation.json,GS-487 Era-2 (full_evaluation),origin-restored,,,754,0,0,1,0.6526492851135408,0.6526492851135408,0.6543313708999159,0.6694701429772918,0.671152228763667,0.3934,0.3934,0.0022988505747125743,0.0022988505747125743
results/rescore-2026-06-05/pv-diag-384/consensus-sweep/flash-high-text-n5__text-t1.0__consensus__t7/evaluation.json,GS-487 Era-2 (full_evaluation),origin-restored,,,627,0,0,1,0.7005649717514125,0.7005649717514125,0.7024482109227872,0.7156308851224105,0.7175141242937854,0.4506,0.4506,0.0022988505747125743,0.0022988505747125743
results/rescore-2026-06-05/pv-diag-384/consensus-sweep/flash-high-text-n5__text-t1.0__consensus__t8/evaluation.json,GS-487 Era-2 (full_evaluation),origin-restored,,,510,0,0,1,0.7619047619047619,0.7619047619047619,0.7640211640211642,0.7788359788359789,0.780952380952381,0.5282,0.5282,0.0022988505747126853,0.0022988505747126853
results/rescore-2026-06-05/pv-diag-384/consensus-sweep/flash-high-text-n5__text-t1.0__consensus__t9/evaluation.json,GS-487 Era-2 (full_evaluation),origin-restored,pv-diag-384::flash-high-text-n5-text-t1.0-consensus-9of10,pv-diag-384-consensus-calibration;tile-size-sweep;uplift-supplement-flatten,414,0,0,1,0.7726737338044759,0.7726737338044759,0.7750294464075383,0.789163722025913,0.7915194346289752,0.5749,0.5749,0.0024154589371980784,0.0024154589371980784
results/rescore-2026-06-05/pv-diag-384/consensus-sweep/flash-minimal-text-n30-t07__text-t0.0__consensus__t1/evaluation.json,GS-487 Era-2 (full_evaluation),origin-restored,,,1087,0,0,4,0.5019710906701708,0.5019710906701708,0.5032851511169514,0.519053876478318,0.5203679369250985,0.0850,0.0850,0.0022988505747126853,0.0022988505747126853
results/rescore-2026-06-05/pv-diag-384/consensus-sweep/flash-minimal-text-n30-t07__text-t0.0__consensus__t2/evaluation.json,GS-487 Era-2 (full_evaluation),origin-restored,,,946,0,0,3,0.5430847212165097,0.5430847212165097,0.5445329471397538,0.560463432295438,0.5619116582186822,0.1072,0.1072,0.0022988505747126853,0.0022988505747126853
results/rescore-2026-06-05/pv-diag-384/consensus-sweep/flash-minimal-text-n30-t07__text-t0.0__consensus__t3/evaluation.json,GS-487 Era-2 (full_evaluation),origin-restored,pv-diag-384::flash-minimal-text-n30-t07-text-t0.0-consensus-3of3,e43-matched-temperature;pv-diag-384-consensus-calibration;uplift-supplement-flatten,799,0,0,2,0.5931928687196111,0.5931928687196111,0.5948136142625607,0.612641815235008,0.6142625607779579,0.2235,0.2235,0.0022988505747126853,0.0022988505747126853
results/rescore-2026-06-05/pv-diag-384/consensus-sweep/flash-minimal-text-n30-t07__text-t0.3__consensus-n5__t1/evaluation.json,GS-487 Era-2 (full_evaluation),origin-restored,,,1388,0,0,5,0.4355458036204059,0.4355458036204059,0.4366428963247394,0.4465167306637411,0.4476138233680746,0.0303,0.0303,0.0022988505747126853,0.0022988505747126853
results/rescore-2026-06-05/pv-diag-384/consensus-sweep/flash-minimal-text-n30-t07__text-t0.3__consensus-n5__t2/evaluation.json,GS-487 Era-2 (full_evaluation),origin-restored,,,1084,0,0,4,0.5121790651744569,0.5121790651744569,0.5134957208689926,0.5253456221198157,0.5266622778143515,0.0673,0.0673,0.0022988505747126853,0.0022988505747126853
results/rescore-2026-06-05/pv-diag-384/consensus-sweep/flash-minimal-text-n30-t07__text-t0.3__consensus-n5__t3/evaluation.json,GS-487 Era-2 (full_evaluation),origin-restored,,,929,0,0,3,0.5586510263929618,0.5586510263929618,0.560117302052786,0.5718475073313782,0.5733137829912024,0.1228,0.1228,0.0022988505747126853,0.0022988505747126853
results/rescore-2026-06-05/pv-diag-384/consensus-sweep/flash-minimal-text-n30-t07__text-t0.3__consensus-n5__t4/evaluation.json,GS-487 Era-2 (full_evaluation),origin-restored,,,794,0,0,2,0.5890968266883645,0.5890968266883645,0.5907241659886087,0.6004882017900733,0.6021155410903173,0.1751,0.1751,0.0022988505747126853,0.0022988505747126853
results/rescore-2026-06-05/pv-diag-384/consensus-sweep/flash-minimal-text-n30-t07__text-t0.3__consensus-n5__t5/evaluation.json,GS-487 Era-2 (full_evaluation),origin-restored,pv-diag-384::flash-minimal-text-n30-t07-text-t0.3-consensus-n5-5of5,e43-matched-temperature;pv-diag-384-consensus-calibration;uplift-supplement-flatten,659,0,0,2,0.6307129798903107,0.6307129798903107,0.6325411334552102,0.639853747714808,0.6416819012797075,0.2746,0.2746,0.0022988505747125743,0.0022988505747125743
results/rescore-2026-06-05/pv-diag-384/consensus-sweep/flash-minimal-text-n30-t07__text-t0.3__consensus__t1/evaluation.json,GS-487 Era-2 (full_evaluation),origin-restored,,,1575,0,0,6,0.4000000000000001,0.4000000000000001,0.40099502487562194,0.408955223880597,0.40995024875621894,0.0159,0.0159,0.0022988505747126853,0.0022988505747126853
results/rescore-2026-06-05/pv-diag-384/consensus-sweep/flash-minimal-text-n30-t07__text-t0.3__consensus__t10/evaluation.json,GS-487 Era-2 (full_evaluation),origin-restored,pv-diag-384::flash-minimal-text-n30-t07-text-t0.3-consensus-10of10,e43-matched-temperature;pv-diag-384-consensus-calibration;tile-size-sweep;uplift-supplement-flatten,608,0,0,2,0.6423777564717161,0.6423777564717161,0.6442953020134229,0.6538830297219559,0.6558005752636625,0.3129,0.3129,0.0022988505747126853,0.0022988505747126853
results/rescore-2026-06-05/pv-diag-384/consensus-sweep/flash-minimal-text-n30-t07__text-t0.3__consensus__t2/evaluation.json,GS-487 Era-2 (full_evaluation),origin-restored,,,1238,0,0,4,0.47340107591153613,0.47340107591153613,0.474596533173939,0.484160191273162,0.48535564853556484,0.0486,0.0486,0.0022988505747126853,0.0022988505747126853
results/rescore-2026-06-05/pv-diag-384/consensus-sweep/flash-minimal-text-n30-t07__text-t0.3__consensus__t3/evaluation.json,GS-487 Era-2 (full_evaluation),origin-restored,,,1117,0,0,3,0.5077319587628866,0.5077319587628866,0.509020618556701,0.518041237113402,0.5193298969072164,0.0673,0.0673,0.0022988505747126853,0.0022988505747126853
results/rescore-2026-06-05/pv-diag-384/consensus-sweep/flash-minimal-text-n30-t07__text-t0.3__consensus__t4/evaluation.json,GS-487 Era-2 (full_evaluation),origin-restored,,,1022,0,0,3,0.5271105010295126,0.5271105010295126,0.5284831846259437,0.5422100205902539,0.5435827041866849,0.0907,0.0907,0.0022988505747126853,0.0022988505747126853
results/rescore-2026-06-05/pv-diag-384/consensus-sweep/flash-minimal-text-n30-t07__text-t0.3__consensus__t5/evaluation.json,GS-487 Era-2 (full_evaluation),origin-restored,,,944,0,0,3,0.5496736765772299,0.5496736765772299,0.5511240029006527,0.5641769398114577,0.5656272661348802,0.0999,0.0999,0.0022988505747126853,0.0022988505747126853
results/rescore-2026-06-05/pv-diag-384/consensus-sweep/flash-minimal-text-n30-t07__text-t0.3__consensus__t6/evaluation.json,GS-487 Era-2 (full_evaluation),origin-restored,,,879,0,0,3,0.5707762557077625,0.5707762557077625,0.5722983257229833,0.5859969558599695,0.5875190258751902,0.1326,0.1326,0.0022988505747126853,0.0022988505747126853
results/rescore-2026-06-05/pv-diag-384/consensus-sweep/flash-minimal-text-n30-t07__text-t0.3__consensus__t7/evaluation.json,GS-487 Era-2 (full_evaluation),origin-restored,,,811,0,0,2,0.5922953451043338,0.5922953451043338,0.5939004815409309,0.6051364365971108,0.6067415730337078,0.1924,0.1924,0.0022988505747125743,0.0022988505747125743
results/rescore-2026-06-05/pv-diag-384/consensus-sweep/flash-minimal-text-n30-t07__text-t0.3__consensus__t8/evaluation.json,GS-487 Era-2 (full_evaluation),origin-restored,,,752,0,0,2,0.6082561078348778,0.6082561078348778,0.6099410278011794,0.6183656276326873,0.620050547598989,0.2141,0.2141,0.0022988505747126853,0.0022988505747126853
results/rescore-2026-06-05/pv-diag-384/consensus-sweep/flash-minimal-text-n30-t07__text-t0.3__consensus__t9/evaluation.json,GS-487 Era-2 (full_evaluation),origin-restored,,,684,0,0,2,0.6237712243074173,0.6237712243074173,0.6255585344057194,0.6344950848972297,0.6362823949955317,0.2656,0.2656,0.0022988505747126853,0.0022988505747126853
results/rescore-2026-06-05/pv-diag-384/consensus-sweep/flash-minimal-text-n30-t07__text-t0.7__consensus-n10__t1/evaluation.json,GS-487 Era-2 (full_evaluation),origin-restored,,,1953,0,0,3,0.3358458961474036,0.3358458961474036,0.3366834170854271,0.3433835845896147,0.3442211055276382,0.0266,0.0266,0.0022988505747126853,0.0022988505747126853
results/rescore-2026-06-05/pv-diag-384/consensus-sweep/flash-minimal-text-n30-t07__text-t0.7__consensus-n10__t10/evaluation.json,GS-487 Era-2 (full_evaluation),origin-restored,pv-diag-384::flash-minimal-text-n30-t07-text-t0.7-consensus-n10-10of10,e43-matched-temperature;pv-diag-384-consensus-calibration;uplift-supplement-flatten,560,0,0,3,0.6331658291457287,0.6331658291457287,0.6351758793969849,0.6412060301507537,0.6432160804020101,0.3655,0.3655,0.0022988505747126853,0.0022988505747126853
results/rescore-2026-06-05/pv-diag-384/consensus-sweep/flash-minimal-text-n30-t07__text-t0.7__consensus-n10__t2/evaluation.json,GS-487 Era-2 (full_evaluation),origin-restored,,,1334,0,0,3,0.45110231769361225,0.45110231769361225,0.4522328999434709,0.45901639344262296,0.46014697569248153,0.0634,0.0634,0.0022988505747126853,0.0022988505747126853
results/rescore-2026-06-05/pv-diag-384/consensus-sweep/flash-minimal-text-n30-t07__text-t0.7__consensus-n10__t3/evaluation.json,GS-487 Era-2 (full_evaluation),origin-restored,,,1157,0,0,3,0.49748743718592964,0.49748743718592964,0.4987437185929649,0.507537688442211,0.5087939698492463,0.0673,0.0673,0.0022988505747125743,0.0022988505747125743
results/rescore-2026-06-05/pv-diag-384/consensus-sweep/flash-minimal-text-n30-t07__text-t0.7__consensus-n10__t4/evaluation.json,GS-487 Era-2 (full_evaluation),origin-restored,,,1050,0,0,3,0.5292929292929293,0.5292929292929293,0.5306397306397307,0.5400673400673401,0.5414141414141413,0.1072,0.1072,0.0022988505747125743,0.0022988505747125743
results/rescore-2026-06-05/pv-diag-384/consensus-sweep/flash-minimal-text-n30-t07__text-t0.7__consensus-n10__t5/evaluation.json,GS-487 Era-2 (full_evaluation),origin-restored,,,975,0,0,3,0.5475177304964538,0.5475177304964538,0.548936170212766,0.5631205673758866,0.5645390070921985,0.1383,0.1383,0.0022988505747126853,0.0022988505747126853
results/rescore-2026-06-05/pv-diag-384/consensus-sweep/flash-minimal-text-n30-t07__text-t0.7__consensus-n10__t6/evaluation.json,GS-487 Era-2 (full_evaluation),origin-restored,,,908,0,0,3,0.5688756515264334,0.5688756515264334,0.5703648548026806,0.5793000744601638,0.5807892777364111,0.1557,0.1557,0.0022988505747126853,0.0022988505747126853
results/rescore-2026-06-05/pv-diag-384/consensus-sweep/flash-minimal-text-n30-t07__text-t0.7__consensus-n10__t7/evaluation.json,GS-487 Era-2 (full_evaluation),origin-restored,,,838,0,0,3,0.5923016496465043,0.5923016496465043,0.593872741555381,0.6001571091908878,0.6017282010997644,0.1687,0.1687,0.0022988505747125743,0.0022988505747125743
results/rescore-2026-06-05/pv-diag-384/consensus-sweep/flash-minimal-text-n30-t07__text-t0.7__consensus-n10__t8/evaluation.json,GS-487 Era-2 (full_evaluation),origin-restored,,,762,0,0,3,0.609857978279031,0.609857978279031,0.6115288220551378,0.6198830409356726,0.6215538847117795,0.2256,0.2256,0.0022988505747126853,0.0022988505747126853
results/rescore-2026-06-05/pv-diag-384/consensus-sweep/flash-minimal-text-n30-t07__text-t0.7__consensus-n10__t9/evaluation.json,GS-487 Era-2 (full_evaluation),origin-restored,,,685,0,0,3,0.6303571428571428,0.6303571428571428,0.632142857142857,0.6392857142857143,0.6410714285714285,0.3117,0.3117,0.0022988505747125743,0.0022988505747125743
results/rescore-2026-06-05/pv-diag-384/consensus-sweep/flash-minimal-text-n30-t07__text-t0.7__consensus-n5__t1/evaluation.json,GS-487 Era-2 (full_evaluation),origin-restored,,,1593,0,0,3,0.393491124260355,0.393491124260355,0.39447731755424065,0.40335305719921105,0.40433925049309666,0.0232,0.0232,0.0022988505747126853,0.0022988505747126853
results/rescore-2026-06-05/pv-diag-384/consensus-sweep/flash-minimal-text-n30-t07__text-t0.7__consensus-n5__t2/evaluation.json,GS-487 Era-2 (full_evaluation),origin-restored,,,1104,0,0,3,0.50682261208577,0.50682261208577,0.5081221572449642,0.5224171539961013,0.5237166991552956,0.0875,0.0875,0.0022988505747126853,0.0022988505747126853
results/rescore-2026-06-05/pv-diag-384/consensus-sweep/flash-minimal-text-n30-t07__text-t0.7__consensus-n5__t3/evaluation.json,GS-487 Era-2 (full_evaluation),origin-restored,,,950,0,0,3,0.5545126353790613,0.5545126353790613,0.555956678700361,0.5732851985559566,0.5747292418772564,0.1670,0.1670,0.0022988505747126853,0.0022988505747126853
results/rescore-2026-06-05/pv-diag-384/consensus-sweep/flash-minimal-text-n30-t07__text-t0.7__consensus-n5__t4/evaluation.json,GS-487 Era-2 (full_evaluation),origin-restored,,,807,0,0,3,0.6022544283413849,0.6022544283413849,0.6038647342995169,0.6135265700483091,0.6151368760064412,0.2561,0.2561,0.0022988505747126853,0.0022988505747126853
results/rescore-2026-06-05/pv-diag-384/consensus-sweep/flash-minimal-text-n30-t07__text-t0.7__consensus-n5__t5/evaluation.json,GS-487 Era-2 (full_evaluation),origin-restored,pv-diag-384::flash-minimal-text-n30-t07-text-t0.7-consensus-n5-5of5,e43-matched-temperature;pv-diag-384-consensus-calibration;uplift-supplement-flatten,653,0,0,3,0.6397058823529411,0.6397058823529411,0.6415441176470588,0.6470588235294118,0.6488970588235294,0.3148,0.3148,0.0022988505747126853,0.0022988505747126853
results/rescore-2026-06-05/pv-diag-384/consensus-sweep/flash-minimal-text-n30-t07__text-t0.7__consensus__t1/evaluation.json,GS-487 Era-2 (full_evaluation),origin-restored,,,2790,0,0,4,0.2517829457364341,0.2517829457364341,0.2524031007751938,0.25674418604651167,0.2573643410852713,0.0041,0.0041,0.0022988505747125743,0.0022988505747125743
results/rescore-2026-06-05/pv-diag-384/consensus-sweep/flash-minimal-text-n30-t07__text-t0.7__consensus__t10/evaluation.json,GS-487 Era-2 (full_evaluation),origin-restored,,,1060,0,0,3,0.5284280936454849,0.5284280936454849,0.5297658862876254,0.5377926421404682,0.5391304347826087,0.0907,0.0907,0.0022988505747126853,0.0022988505747126853
results/rescore-2026-06-05/pv-diag-384/consensus-sweep/flash-minimal-text-n30-t07__text-t0.7__consensus__t11/evaluation.json,GS-487 Era-2 (full_evaluation),origin-restored,,,1028,0,0,3,0.5386192754613808,0.5386192754613808,0.5399863294600137,0.5495557074504442,0.5509227614490773,0.1018,0.1018,0.0022988505747126853,0.0022988505747126853
results/rescore-2026-06-05/pv-diag-384/consensus-sweep/flash-minimal-text-n30-t07__text-t0.7__consensus__t12/evaluation.json,GS-487 Era-2 (full_evaluation),origin-restored,,,1009,0,0,3,0.5429362880886426,0.5429362880886426,0.5443213296398892,0.5540166204986149,0.5554016620498616,0.1204,0.1204,0.0022988505747126853,0.0022988505747126853
results/rescore-2026-06-05/pv-diag-384/consensus-sweep/flash-minimal-text-n30-t07__text-t0.7__consensus__t13/evaluation.json,GS-487 Era-2 (full_evaluation),origin-restored,,,987,0,0,3,0.5471167369901547,0.5471167369901547,0.5485232067510549,0.5583684950773558,0.5597749648382561,0.1355,0.1355,0.0022988505747126853,0.0022988505747126853
results/rescore-2026-06-05/pv-diag-384/consensus-sweep/flash-minimal-text-n30-t07__text-t0.7__consensus__t14/evaluation.json,GS-487 Era-2 (full_evaluation),origin-restored,,,961,0,0,3,0.5530085959885387,0.5530085959885387,0.5544412607449857,0.5659025787965616,0.5673352435530087,0.1500,0.1500,0.0022988505747126853,0.0022988505747126853
results/rescore-2026-06-05/pv-diag-384/consensus-sweep/flash-minimal-text-n30-t07__text-t0.7__consensus__t15/evaluation.json,GS-487 Era-2 (full_evaluation),origin-restored,,,941,0,0,3,0.5610465116279069,0.5610465116279069,0.5624999999999999,0.5741279069767442,0.5755813953488372,0.1520,0.1520,0.0022988505747126853,0.0022988505747126853
results/rescore-2026-06-05/pv-diag-384/consensus-sweep/flash-minimal-text-n30-t07__text-t0.7__consensus__t16/evaluation.json,GS-487 Era-2 (full_evaluation),origin-restored,,,917,0,0,3,0.5695266272189349,0.5695266272189349,0.5710059171597633,0.5813609467455622,0.5828402366863905,0.1722,0.1722,0.0022988505747125743,0.0022988505747125743
results/rescore-2026-06-05/pv-diag-384/consensus-sweep/flash-minimal-text-n30-t07__text-t0.7__consensus__t17/evaluation.json,GS-487 Era-2 (full_evaluation),origin-restored,,,902,0,0,3,0.5744203440538519,0.5744203440538519,0.5759162303664922,0.5863874345549739,0.587883320867614,0.1810,0.1810,0.0022988505747126853,0.0022988505747126853
results/rescore-2026-06-05/pv-diag-384/consensus-sweep/flash-minimal-text-n30-t07__text-t0.7__consensus__t18/evaluation.json,GS-487 Era-2 (full_evaluation),origin-restored,,,876,0,0,3,0.5797101449275363,0.5797101449275363,0.5812356979405034,0.5903890160183065,0.5919145690312738,0.1845,0.1845,0.0022988505747126853,0.0022988505747126853
results/rescore-2026-06-05/pv-diag-384/consensus-sweep/flash-minimal-text-n30-t07__text-t0.7__consensus__t19/evaluation.json,GS-487 Era-2 (full_evaluation),origin-restored,,,855,0,0,3,0.5844961240310078,0.5844961240310078,0.5860465116279069,0.5953488372093023,0.5968992248062015,0.1863,0.1863,0.0022988505747126853,0.0022988505747126853
results/rescore-2026-06-05/pv-diag-384/consensus-sweep/flash-minimal-text-n30-t07__text-t0.7__consensus__t2/evaluation.json,GS-487 Era-2 (full_evaluation),origin-restored,,,1890,0,0,3,0.3475268817204301,0.3475268817204301,0.3483870967741935,0.3535483870967742,0.35440860215053765,0.0008,0.0008,0.0022988505747126853,0.0022988505747126853
results/rescore-2026-06-05/pv-diag-384/consensus-sweep/flash-minimal-text-n30-t07__text-t0.7__consensus__t20/evaluation.json,GS-487 Era-2 (full_evaluation),origin-restored,,,833,0,0,3,0.5946372239747635,0.5946372239747635,0.5962145110410095,0.6056782334384859,0.6072555205047319,0.2007,0.2007,0.0022988505747126853,0.0022988505747126853
results/rescore-2026-06-05/pv-diag-384/consensus-sweep/flash-minimal-text-n30-t07__text-t0.7__consensus__t21/evaluation.json,GS-487 Era-2 (full_evaluation),origin-restored,,,803,0,0,3,0.6058158319870759,0.6058158319870759,0.6074313408723748,0.6155088852988693,0.6171243941841681,0.2203,0.2203,0.0022988505747126853,0.0022988505747126853
results/rescore-2026-06-05/pv-diag-384/consensus-sweep/flash-minimal-text-n30-t07__text-t0.7__consensus__t22/evaluation.json,GS-487 Era-2 (full_evaluation),origin-restored,,,781,0,0,3,0.6101973684210527,0.6101973684210527,0.6118421052631579,0.618421052631579,0.6200657894736842,0.2299,0.2299,0.0022988505747126853,0.0022988505747126853
results/rescore-2026-06-05/pv-diag-384/consensus-sweep/flash-minimal-text-n30-t07__text-t0.7__consensus__t23/evaluation.json,GS-487 Era-2 (full_evaluation),origin-restored,,,753,0,0,3,0.6178451178451179,0.6178451178451179,0.6195286195286195,0.627946127946128,0.6296296296296297,0.2531,0.2531,0.0022988505747126853,0.0022988505747126853
results/rescore-2026-06-05/pv-diag-384/consensus-sweep/flash-minimal-text-n30-t07__text-t0.7__consensus__t24/evaluation.json,GS-487 Era-2 (full_evaluation),origin-restored,,,730,0,0,3,0.623175965665236,0.623175965665236,0.624892703862661,0.6334763948497855,0.6351931330472104,0.2831,0.2831,0.0022988505747126853,0.0022988505747126853
results/rescore-2026-06-05/pv-diag-384/consensus-sweep/flash-minimal-text-n30-t07__text-t0.7__consensus__t25/evaluation.json,GS-487 Era-2 (full_evaluation),origin-restored,,,702,0,0,3,0.6297273526824978,0.6297273526824978,0.6314863676341249,0.6385224274406333,0.6402814423922603,0.2936,0.2936,0.0022988505747126853,0.0022988505747126853
results/rescore-2026-06-05/pv-diag-384/consensus-sweep/flash-minimal-text-n30-t07__text-t0.7__consensus__t26/evaluation.json,GS-487 Era-2 (full_evaluation),origin-restored,,,676,0,0,3,0.6354635463546354,0.6354635463546354,0.6372637263726373,0.6444644464446446,0.6462646264626463,0.2988,0.2988,0.0022988505747125743,0.0022988505747125743
results/rescore-2026-06-05/pv-diag-384/consensus-sweep/flash-minimal-text-n30-t07__text-t0.7__consensus__t27/evaluation.json,GS-487 Era-2 (full_evaluation),origin-restored,,,638,0,0,3,0.6449207828518174,0.6449207828518174,0.646784715750233,0.6542404473438956,0.6561043802423112,0.3238,0.3238,0.0022988505747126853,0.0022988505747126853
results/rescore-2026-06-05/pv-diag-384/consensus-sweep/flash-minimal-text-n30-t07__text-t0.7__consensus__t28/evaluation.json,GS-487 Era-2 (full_evaluation),origin-restored,,,596,0,0,3,0.6498545101842871,0.6498545101842871,0.6517943743937925,0.6595538312318138,0.6614936954413191,0.3365,0.3365,0.0022988505747126853,0.0022988505747126853
results/rescore-2026-06-05/pv-diag-384/consensus-sweep/flash-minimal-text-n30-t07__text-t0.7__consensus__t29/evaluation.json,GS-487 Era-2 (full_evaluation),origin-restored,pv-diag-384::flash-minimal-text-n30-t07-text-t0.7-consensus-29of30,diversity-dividend-384;pv-diag-384-consensus-calibration;tile-size-sweep;uplift-supplement-flatten,530,0,0,2,0.661139896373057,0.661139896373057,0.6632124352331606,0.6694300518134715,0.6715025906735751,0.3814,0.3814,0.0022988505747126853,0.0022988505747126853
results/rescore-2026-06-05/pv-diag-384/consensus-sweep/flash-minimal-text-n30-t07__text-t0.7__consensus__t3/evaluation.json,GS-487 Era-2 (full_evaluation),origin-restored,,,1586,0,0,3,0.3958436417615042,0.3958436417615042,0.39683325086590804,0.40376051459673423,0.40475012370113805,0.0232,0.0232,0.0022988505747126853,0.0022988505747126853
results/rescore-2026-06-05/pv-diag-384/consensus-sweep/flash-minimal-text-n30-t07__text-t0.7__consensus__t30/evaluation.json,GS-487 Era-2 (full_evaluation),origin-restored,,,455,0,0,2,0.6584269662921349,0.6584269662921349,0.6606741573033709,0.6651685393258426,0.6674157303370787,0.4234,0.4234,0.0022988505747126853,0.0022988505747126853
results/rescore-2026-06-05/pv-diag-384/consensus-sweep/flash-minimal-text-n30-t07__text-t0.7__consensus__t4/evaluation.json,GS-487 Era-2 (full_evaluation),origin-restored,,,1416,0,0,3,0.4321988114532685,0.4321988114532685,0.43327930848190166,0.4397622906537007,0.4408427876823338,0.0217,0.0217,0.0022988505747126853,0.0022988505747126853
results/rescore-2026-06-05/pv-diag-384/consensus-sweep/flash-minimal-text-n30-t07__text-t0.7__consensus__t5/evaluation.json,GS-487 Era-2 (full_evaluation),origin-restored,,,1324,0,0,3,0.4536668561682774,0.4536668561682774,0.4548038658328596,0.46162592382035245,0.46276293348493464,0.0421,0.0421,0.0022988505747126853,0.0022988505747126853
results/rescore-2026-06-05/pv-diag-384/consensus-sweep/flash-minimal-text-n30-t07__text-t0.7__consensus__t6/evaluation.json,GS-487 Era-2 (full_evaluation),origin-restored,,,1256,0,0,3,0.469544648137197,0.469544648137197,0.47072738024837374,0.47900650502661146,0.4801892371377882,0.0486,0.0486,0.0022988505747126853,0.0022988505747126853
results/rescore-2026-06-05/pv-diag-384/consensus-sweep/flash-minimal-text-n30-t07__text-t0.7__consensus__t7/evaluation.json,GS-487 Era-2 (full_evaluation),origin-restored,,,1200,0,0,3,0.4856269113149847,0.4856269113149847,0.4868501529051988,0.4954128440366973,0.4966360856269113,0.0673,0.0673,0.0022988505747126853,0.0022988505747126853
results/rescore-2026-06-05/pv-diag-384/consensus-sweep/flash-minimal-text-n30-t07__text-t0.7__consensus__t8/evaluation.json,GS-487 Era-2 (full_evaluation),origin-restored,,,1149,0,0,3,0.5012626262626262,0.5012626262626262,0.5025252525252525,0.5113636363636364,0.5126262626262625,0.0673,0.0673,0.0022988505747126853,0.0022988505747126853
results/rescore-2026-06-05/pv-diag-384/consensus-sweep/flash-minimal-text-n30-t07__text-t0.7__consensus__t9/evaluation.json,GS-487 Era-2 (full_evaluation),origin-restored,,,1101,0,0,3,0.5143229166666667,0.5143229166666667,0.515625,0.5247395833333334,0.5260416666666666,0.0733,0.0733,0.0022988505747126853,0.0022988505747126853
results/rescore-2026-06-05/pv-diag-384/consensus-sweep/flash-minimal-text-n30-t07__text-t1.0__consensus-n5__t1/evaluation.json,GS-487 Era-2 (full_evaluation),origin-restored,,,1926,0,0,7,0.34476916560779325,0.34476916560779325,0.34561626429479037,0.35239305379076663,0.35324015247776364,-0.0055,-0.0055,0.0022988505747126853,0.0022988505747126853
results/rescore-2026-06-05/pv-diag-384/consensus-sweep/flash-minimal-text-n30-t07__text-t1.0__consensus-n5__t2/evaluation.json,GS-487 Era-2 (full_evaluation),origin-restored,,,1148,0,0,4,0.4990524320909665,0.4990524320909665,0.5003158559696778,0.5091598231206569,0.5104232469993684,0.0651,0.0651,0.0022988505747126853,0.0022988505747126853
results/rescore-2026-06-05/pv-diag-384/consensus-sweep/flash-minimal-text-n30-t07__text-t1.0__consensus-n5__t3/evaluation.json,GS-487 Era-2 (full_evaluation),origin-restored,,,883,0,0,3,0.5781487101669196,0.5781487101669196,0.5796661608497723,0.5948406676783005,0.5963581183611533,0.2421,0.2421,0.0022988505747126853,0.0022988505747126853
results/rescore-2026-06-05/pv-diag-384/consensus-sweep/flash-minimal-text-n30-t07__text-t1.0__consensus-n5__t4/evaluation.json,GS-487 Era-2 (full_evaluation),origin-restored,,,711,0,0,2,0.6230366492146597,0.6230366492146597,0.6247818499127401,0.6335078534031414,0.6352530541012217,0.3117,0.3117,0.0022988505747126853,0.0022988505747126853
results/rescore-2026-06-05/pv-diag-384/consensus-sweep/flash-minimal-text-n30-t07__text-t1.0__consensus-n5__t5/evaluation.json,GS-487 Era-2 (full_evaluation),origin-restored,pv-diag-384::flash-minimal-text-n30-t07-text-t1.0-consensus-n5-5of5,e43-matched-temperature;pv-diag-384-consensus-calibration;uplift-supplement-flatten,509,0,0,2,0.6610169491525423,0.6610169491525423,0.663135593220339,0.6673728813559322,0.6694915254237288,0.4065,0.4065,0.0022988505747126853,0.0022988505747126853
results/rescore-2026-06-05/pv-diag-384/consensus-sweep/flash-minimal-text-n30-t07__text-t1.0__consensus__t1/evaluation.json,GS-487 Era-2 (full_evaluation),origin-restored,,,2472,0,0,10,0.28276573787409703,0.28276573787409703,0.283453732370141,0.28826969384244927,0.2889576883384933,0.0177,0.0177,0.0022988505747126853,0.0022988505747126853
results/rescore-2026-06-05/pv-diag-384/consensus-sweep/flash-minimal-text-n30-t07__text-t1.0__consensus__t10/evaluation.json,GS-487 Era-2 (full_evaluation),origin-restored,,,410,0,0,2,0.6508875739644969,0.6508875739644969,0.6532544378698225,0.6579881656804735,0.6603550295857988,0.4273,0.4273,0.0024390243902439046,0.0024390243902439046
results/rescore-2026-06-05/pv-diag-384/consensus-sweep/flash-minimal-text-n30-t07__text-t1.0__consensus__t2/evaluation.json,GS-487 Era-2 (full_evaluation),origin-restored,,,1506,0,0,6,0.41628026790314265,0.41628026790314265,0.4173106646058732,0.42555383822771764,0.42658423493044817,-0.0079,-0.0079,0.0022988505747126853,0.0022988505747126853
results/rescore-2026-06-05/pv-diag-384/consensus-sweep/flash-minimal-text-n30-t07__text-t1.0__consensus__t3/evaluation.json,GS-487 Era-2 (full_evaluation),origin-restored,,,1189,0,0,5,0.49261083743842365,0.49261083743842365,0.4938423645320197,0.5024630541871921,0.5036945812807881,0.0530,0.0530,0.0022988505747126853,0.0022988505747126853
results/rescore-2026-06-05/pv-diag-384/consensus-sweep/flash-minimal-text-n30-t07__text-t1.0__consensus__t4/evaluation.json,GS-487 Era-2 (full_evaluation),origin-restored,,,1037,0,0,3,0.53125,0.53125,0.532608695652174,0.5407608695652174,0.5421195652173914,0.1204,0.1204,0.0022988505747126853,0.0022988505747126853
results/rescore-2026-06-05/pv-diag-384/consensus-sweep/flash-minimal-text-n30-t07__text-t1.0__consensus__t5/evaluation.json,GS-487 Era-2 (full_evaluation),origin-restored,,,909,0,0,3,0.5714285714285715,0.5714285714285715,0.5729166666666666,0.5848214285714286,0.5863095238095237,0.2124,0.2124,0.0022988505747126853,0.0022988505747126853
results/rescore-2026-06-05/pv-diag-384/consensus-sweep/flash-minimal-text-n30-t07__text-t1.0__consensus__t6/evaluation.json,GS-487 Era-2 (full_evaluation),origin-restored,,,807,0,0,2,0.607085346215781,0.607085346215781,0.608695652173913,0.6199677938808374,0.6215780998389694,0.2844,0.2844,0.0022988505747125743,0.0022988505747125743
results/rescore-2026-06-05/pv-diag-384/consensus-sweep/flash-minimal-text-n30-t07__text-t1.0__consensus__t7/evaluation.json,GS-487 Era-2 (full_evaluation),origin-restored,,,721,0,0,2,0.629757785467128,0.629757785467128,0.6314878892733564,0.6401384083044983,0.6418685121107266,0.2915,0.2915,0.0022988505747126853,0.0022988505747126853
results/rescore-2026-06-05/pv-diag-384/consensus-sweep/flash-minimal-text-n30-t07__text-t1.0__consensus__t8/evaluation.json,GS-487 Era-2 (full_evaluation),origin-restored,,,640,0,0,2,0.6548837209302326,0.6548837209302326,0.6567441860465115,0.666046511627907,0.667906976744186,0.3434,0.3434,0.0022988505747126853,0.0022988505747126853
results/rescore-2026-06-05/pv-diag-384/consensus-sweep/flash-minimal-text-n30-t07__text-t1.0__consensus__t9/evaluation.json,GS-487 Era-2 (full_evaluation),origin-restored,pv-diag-384::flash-minimal-text-n30-t07-text-t1.0-consensus-9of10,e43-matched-temperature;pv-diag-384-consensus-calibration;tile-size-sweep;uplift-supplement-flatten,549,0,0,2,0.6666666666666666,0.6666666666666666,0.6686991869918698,0.6747967479674797,0.6768292682926829,0.4153,0.4153,0.0022988505747126853,0.0022988505747126853
results/rescore-2026-06-05/pv-diag-384/consensus-sweep/image-n5__image-t0.3__consensus-n5__t1/evaluation.json,GS-487 Era-2 (full_evaluation),origin-restored,,,987,0,0,7,0.510548523206751,0.510548523206751,0.5119549929676511,0.5668073136427567,0.5682137834036569,0.1237,0.1237,0.0022988505747126853,0.0022988505747126853
results/rescore-2026-06-05/pv-diag-384/consensus-sweep/image-n5__image-t0.3__consensus-n5__t2/evaluation.json,GS-487 Era-2 (full_evaluation),origin-restored,,,787,0,0,6,0.5842880523731587,0.5842880523731587,0.585924713584288,0.6546644844517184,0.6563011456628478,0.1336,0.1336,0.0022988505747126853,0.0022988505747126853
results/rescore-2026-06-05/pv-diag-384/consensus-sweep/image-n5__image-t0.3__consensus-n5__t3/evaluation.json,GS-487 Era-2 (full_evaluation),origin-restored,,,698,0,0,5,0.6195939982347749,0.6195939982347749,0.6213592233009709,0.6972639011473962,0.6990291262135923,0.2018,0.2018,0.0022988505747126853,0.0022988505747126853
results/rescore-2026-06-05/pv-diag-384/consensus-sweep/image-n5__image-t0.3__consensus-n5__t4/evaluation.json,GS-487 Era-2 (full_evaluation),origin-restored,,,649,0,0,3,0.6346863468634686,0.6346863468634686,0.6365313653136531,0.7066420664206643,0.7084870848708487,0.2274,0.2274,0.0022988505747126853,0.0022988505747126853
results/rescore-2026-06-05/pv-diag-384/consensus-sweep/image-n5__image-t0.3__consensus-n5__t5/evaluation.json,GS-487 Era-2 (full_evaluation),origin-restored,pv-diag-384::image-n5-image-t0.3-consensus-n5-5of5,pv-diag-384-consensus-calibration;uplift-supplement-flatten,559,0,0,2,0.6539235412474849,0.6539235412474849,0.6559356136820926,0.7243460764587524,0.7263581488933603,0.3222,0.3222,0.0022988505747126853,0.0022988505747126853
results/rescore-2026-06-05/pv-diag-384/consensus-sweep/image-n5__image-t0.3__consensus__t1/evaluation.json,GS-487 Era-2 (full_evaluation),origin-restored,,,1114,0,0,8,0.4738540994189799,0.4738540994189799,0.47514525500322796,0.5203357004519044,0.5216268560361523,0.1046,0.1046,0.0022988505747126853,0.0022988505747126853
results/rescore-2026-06-05/pv-diag-384/consensus-sweep/image-n5__image-t0.3__consensus__t10/evaluation.json,GS-487 Era-2 (full_evaluation),origin-restored,pv-diag-384::image-n5-image-t0.3-consensus-10of10,pv-diag-384-consensus-calibration;uplift-supplement-flatten,517,0,0,2,0.6596638655462185,0.6596638655462185,0.6617647058823529,0.7184873949579831,0.7205882352941176,0.3397,0.3397,0.0022988505747126853,0.0022988505747126853
results/rescore-2026-06-05/pv-diag-384/consensus-sweep/image-n5__image-t0.3__consensus__t2/evaluation.json,GS-487 Era-2 (full_evaluation),origin-restored,,,889,0,0,6,0.5483383685800604,0.5483383685800604,0.5498489425981873,0.6057401812688821,0.6072507552870091,0.1310,0.1310,0.0022988505747126853,0.0022988505747126853
results/rescore-2026-06-05/pv-diag-384/consensus-sweep/image-n5__image-t0.3__consensus__t3/evaluation.json,GS-487 Era-2 (full_evaluation),origin-restored,,,808,0,0,6,0.5760257441673372,0.5760257441673372,0.577634754625905,0.6419951729686243,0.6436041834271923,0.1381,0.1381,0.0022988505747126853,0.0022988505747126853
results/rescore-2026-06-05/pv-diag-384/consensus-sweep/image-n5__image-t0.3__consensus__t4/evaluation.json,GS-487 Era-2 (full_evaluation),origin-restored,,,759,0,0,6,0.5979899497487438,0.5979899497487438,0.5996649916247907,0.6683417085427135,0.6700167504187604,0.1709,0.1709,0.0022988505747126853,0.0022988505747126853
results/rescore-2026-06-05/pv-diag-384/consensus-sweep/image-n5__image-t0.3__consensus__t5/evaluation.json,GS-487 Era-2 (full_evaluation),origin-restored,,,726,0,0,6,0.6098191214470283,0.6098191214470283,0.6115417743324719,0.6838931955211026,0.6856158484065461,0.1835,0.1835,0.0022988505747126853,0.0022988505747126853
results/rescore-2026-06-05/pv-diag-384/consensus-sweep/image-n5__image-t0.3__consensus__t6/evaluation.json,GS-487 Era-2 (full_evaluation),origin-restored,,,687,0,0,4,0.6238859180035651,0.6238859180035651,0.6256684491978609,0.6987522281639929,0.7005347593582888,0.2098,0.2098,0.0022988505747126853,0.0022988505747126853
results/rescore-2026-06-05/pv-diag-384/consensus-sweep/image-n5__image-t0.3__consensus__t7/evaluation.json,GS-487 Era-2 (full_evaluation),origin-restored,,,651,0,0,4,0.6353591160220995,0.6353591160220995,0.6372007366482505,0.7090239410681399,0.7108655616942908,0.2196,0.2196,0.0022988505747125743,0.0022988505747125743
results/rescore-2026-06-05/pv-diag-384/consensus-sweep/image-n5__image-t0.3__consensus__t8/evaluation.json,GS-487 Era-2 (full_evaluation),origin-restored,,,619,0,0,3,0.6413662239089185,0.6413662239089185,0.6432637571157496,0.7153700189753319,0.7172675521821632,0.2410,0.2410,0.0022988505747126853,0.0022988505747126853
results/rescore-2026-06-05/pv-diag-384/consensus-sweep/image-n5__image-t0.3__consensus__t9/evaluation.json,GS-487 Era-2 (full_evaluation),origin-restored,,,577,0,0,3,0.6521739130434783,0.6521739130434783,0.6541501976284585,0.725296442687747,0.7272727272727272,0.2949,0.2949,0.0022988505747126853,0.0022988505747126853
results/rescore-2026-06-05/pv-diag-384/consensus-sweep/image-n5__image-t0.7__consensus-n5__t1/evaluation.json,GS-487 Era-2 (full_evaluation),origin-restored,,,1123,0,0,5,0.48010269576379977,0.48010269576379977,0.4813863928112966,0.5288831835686777,0.5301668806161746,0.1731,0.1731,0.0022988505747125743,0.0022988505747125743
results/rescore-2026-06-05/pv-diag-384/consensus-sweep/image-n5__image-t0.7__consensus-n5__t2/evaluation.json,GS-487 Era-2 (full_evaluation),origin-restored,,,754,0,0,4,0.5870479394449117,0.5870479394449117,0.5887300252312868,0.6694701429772918,0.671152228763667,0.2569,0.2569,0.0022988505747126853,0.0022988505747126853
results/rescore-2026-06-05/pv-diag-384/consensus-sweep/image-n5__image-t0.7__consensus-n5__t3/evaluation.json,GS-487 Era-2 (full_evaluation),origin-restored,,,617,0,0,2,0.6444866920152091,0.6444866920152091,0.6463878326996199,0.7376425855513308,0.7395437262357415,0.3241,0.3241,0.0022988505747126853,0.0022988505747126853
results/rescore-2026-06-05/pv-diag-384/consensus-sweep/image-n5__image-t0.7__consensus-n5__t4/evaluation.json,GS-487 Era-2 (full_evaluation),origin-restored,pv-diag-384::image-n5-image-t0.7-consensus-n5-4of5,pv-diag-384-consensus-calibration;uplift-supplement-flatten,523,0,0,2,0.6638830897703549,0.6638830897703549,0.6659707724425887,0.7494780793319415,0.7515657620041754,0.3898,0.3898,0.0022988505747126853,0.0022988505747126853
results/rescore-2026-06-05/pv-diag-384/consensus-sweep/image-n5__image-t0.7__consensus-n5__t5/evaluation.json,GS-487 Era-2 (full_evaluation),origin-restored,,,427,0,0,2,0.6566125290023203,0.6566125290023203,0.6589327146171694,0.7169373549883991,0.7192575406032483,0.4188,0.4188,0.0023419203747072626,0.0023419203747072626
results/rescore-2026-06-05/pv-diag-384/consensus-sweep/image-n5__image-t0.7__consensus__t1/evaluation.json,GS-487 Era-2 (full_evaluation),origin-restored,,,1450,0,0,9,0.4053050397877984,0.4053050397877984,0.40636604774535806,0.4392572944297081,0.44031830238726793,0.1094,0.1094,0.0022988505747125743,0.0022988505747125743
results/rescore-2026-06-05/pv-diag-384/consensus-sweep/image-n5__image-t0.7__consensus__t10/evaluation.json,GS-487 Era-2 (full_evaluation),origin-restored,,,361,0,0,2,0.6306532663316582,0.6306532663316582,0.6331658291457287,0.6834170854271356,0.6859296482412061,0.4373,0.4373,0.0027700831024930483,0.0027700831024930483
results/rescore-2026-06-05/pv-diag-384/consensus-sweep/image-n5__image-t0.7__consensus__t2/evaluation.json,GS-487 Era-2 (full_evaluation),origin-restored,,,952,0,0,4,0.5407354001441962,0.5407354001441962,0.5421773612112473,0.5912040374909877,0.5926459985580389,0.1772,0.1772,0.0022988505747126853,0.0022988505747126853
results/rescore-2026-06-05/pv-diag-384/consensus-sweep/image-n5__image-t0.7__consensus__t3/evaluation.json,GS-487 Era-2 (full_evaluation),origin-restored,,,777,0,0,3,0.6039603960396039,0.6039603960396039,0.6056105610561056,0.6716171617161716,0.6732673267326732,0.2531,0.2531,0.0022988505747126853,0.0022988505747126853
results/rescore-2026-06-05/pv-diag-384/consensus-sweep/image-n5__image-t0.7__consensus__t4/evaluation.json,GS-487 Era-2 (full_evaluation),origin-restored,,,697,0,0,3,0.6360424028268551,0.6360424028268551,0.637809187279152,0.7102473498233216,0.7120141342756185,0.2772,0.2772,0.0022988505747126853,0.0022988505747126853
results/rescore-2026-06-05/pv-diag-384/consensus-sweep/image-n5__image-t0.7__consensus__t5/evaluation.json,GS-487 Era-2 (full_evaluation),origin-restored,,,625,0,0,2,0.660377358490566,0.660377358490566,0.6622641509433962,0.7396226415094339,0.7415094339622642,0.3205,0.3205,0.0022988505747126853,0.0022988505747126853
results/rescore-2026-06-05/pv-diag-384/consensus-sweep/image-n5__image-t0.7__consensus__t6/evaluation.json,GS-487 Era-2 (full_evaluation),origin-restored,,,577,0,0,2,0.6758893280632411,0.6758893280632411,0.6778656126482213,0.7529644268774703,0.7549407114624506,0.3611,0.3611,0.0022988505747126853,0.0022988505747126853
results/rescore-2026-06-05/pv-diag-384/consensus-sweep/image-n5__image-t0.7__consensus__t7/evaluation.json,GS-487 Era-2 (full_evaluation),origin-restored,,,535,0,0,2,0.6783505154639176,0.6783505154639176,0.6804123711340205,0.7463917525773197,0.7484536082474227,0.3843,0.3843,0.0022988505747126853,0.0022988505747126853
results/rescore-2026-06-05/pv-diag-384/consensus-sweep/image-n5__image-t0.7__consensus__t8/evaluation.json,GS-487 Era-2 (full_evaluation),origin-restored,pv-diag-384::image-n5-image-t0.7-consensus-8of10,diversity-dividend-384;pv-diag-384-consensus-calibration;uplift-supplement-flatten,494,0,0,2,0.6803013993541442,0.6803013993541442,0.682454251883746,0.7470398277717977,0.7491926803013993,0.4055,0.4055,0.0022988505747126853,0.0022988505747126853
results/rescore-2026-06-05/pv-diag-384/consensus-sweep/image-n5__image-t0.7__consensus__t9/evaluation.json,GS-487 Era-2 (full_evaluation),origin-restored,,,443,0,0,2,0.6697038724373577,0.6697038724373577,0.6719817767653758,0.7289293849658315,0.7312072892938496,0.4226,0.4226,0.0022988505747126853,0.0022988505747126853
results/rescore-2026-06-05/pv-diag-384/consensus-sweep/image-n5__image-t1.0__consensus-n5__t1/evaluation.json,GS-487 Era-2 (full_evaluation),origin-restored,,,1443,0,0,9,0.382321618743344,0.382321618743344,0.3833865814696486,0.43130990415335463,0.4323748668796592,0.0828,0.0828,0.0022988505747126853,0.0022988505747126853
results/rescore-2026-06-05/pv-diag-384/consensus-sweep/image-n5__image-t1.0__consensus-n5__t2/evaluation.json,GS-487 Era-2 (full_evaluation),origin-restored,,,823,0,0,6,0.5437201907790143,0.5437201907790143,0.5453100158982511,0.6248012718600954,0.6263910969793323,0.1879,0.1879,0.0022988505747125743,0.0022988505747125743
results/rescore-2026-06-05/pv-diag-384/consensus-sweep/image-n5__image-t1.0__consensus-n5__t3/evaluation.json,GS-487 Era-2 (full_evaluation),origin-restored,,,628,0,0,3,0.6095954844778928,0.6095954844778928,0.6114769520225777,0.7149576669802445,0.7168391345249294,0.2913,0.2913,0.0022988505747125743,0.0022988505747125743
results/rescore-2026-06-05/pv-diag-384/consensus-sweep/image-n5__image-t1.0__consensus-n5__t4/evaluation.json,GS-487 Era-2 (full_evaluation),origin-restored,pv-diag-384::image-n5-image-t1.0-consensus-n5-4of5,pv-diag-384-consensus-calibration;uplift-supplement-flatten,506,0,0,2,0.6461211477151967,0.6461211477151967,0.6482465462274176,0.7396386822529224,0.7417640807651434,0.4188,0.4188,0.0022988505747126853,0.0022988505747126853
results/rescore-2026-06-05/pv-diag-384/consensus-sweep/image-n5__image-t1.0__consensus-n5__t5/evaluation.json,GS-487 Era-2 (full_evaluation),origin-restored,,,376,0,0,1,0.6066584463625154,0.6066584463625154,0.6091245376078914,0.6757090012330456,0.6781750924784218,0.4728,0.4728,0.0026595744680851796,0.0026595744680851796
results/rescore-2026-06-05/pv-diag-384/consensus-sweep/image-n5__image-t1.0__consensus__t1/evaluation.json,GS-487 Era-2 (full_evaluation),origin-restored,,,1975,0,0,10,0.30871369294605816,0.30871369294605816,0.30954356846473025,0.34107883817427387,0.34190871369294606,0.0707,0.0707,0.0022988505747126853,0.0022988505747126853
results/rescore-2026-06-05/pv-diag-384/consensus-sweep/image-n5__image-t1.0__consensus__t2/evaluation.json,GS-487 Era-2 (full_evaluation),origin-restored,,,1148,0,0,7,0.4472520530638029,0.4472520530638029,0.44851547694251426,0.5066329753632344,0.5078963992419456,0.1008,0.1008,0.0022988505747126853,0.0022988505747126853
results/rescore-2026-06-05/pv-diag-384/consensus-sweep/image-n5__image-t1.0__consensus__t3/evaluation.json,GS-487 Era-2 (full_evaluation),origin-restored,,,856,0,0,5,0.5360185902401239,0.5360185902401239,0.5375677769171185,0.6134779240898528,0.6150271107668475,0.1734,0.1734,0.0022988505747126853,0.0022988505747126853
results/rescore-2026-06-05/pv-diag-384/consensus-sweep/image-n5__image-t1.0__consensus__t4/evaluation.json,GS-487 Era-2 (full_evaluation),origin-restored,,,712,0,0,5,0.5876198779424586,0.5876198779424586,0.5893635571054925,0.6835222319093287,0.6852659110723628,0.2654,0.2654,0.0022988505747126853,0.0022988505747126853
results/rescore-2026-06-05/pv-diag-384/consensus-sweep/image-n5__image-t1.0__consensus__t5/evaluation.json,GS-487 Era-2 (full_evaluation),origin-restored,,,632,0,0,4,0.6148078725398313,0.6148078725398313,0.6166822867853795,0.7179006560449859,0.7197750702905341,0.2967,0.2967,0.0022988505747126853,0.0022988505747126853
results/rescore-2026-06-05/pv-diag-384/consensus-sweep/image-n5__image-t1.0__consensus__t6/evaluation.json,GS-487 Era-2 (full_evaluation),origin-restored,,,576,0,0,3,0.6350148367952522,0.6350148367952522,0.6369930761622156,0.7359050445103859,0.737883283877349,0.3560,0.3560,0.0022988505747125743,0.0022988505747125743
results/rescore-2026-06-05/pv-diag-384/consensus-sweep/image-n5__image-t1.0__consensus__t7/evaluation.json,GS-487 Era-2 (full_evaluation),origin-restored,,,515,0,0,2,0.6442105263157896,0.6442105263157896,0.6463157894736843,0.7410526315789474,0.7431578947368421,0.4266,0.4266,0.0022988505747126853,0.0022988505747126853
results/rescore-2026-06-05/pv-diag-384/consensus-sweep/image-n5__image-t1.0__consensus__t8/evaluation.json,GS-487 Era-2 (full_evaluation),origin-restored,pv-diag-384::image-n5-image-t1.0-consensus-8of10,pv-diag-384-consensus-calibration;uplift-supplement-flatten,466,0,0,2,0.6459489456159823,0.6459489456159823,0.6481687014428414,0.734739178690344,0.7369589345172032,0.4424,0.4424,0.0022988505747126853,0.0022988505747126853
results/rescore-2026-06-05/pv-diag-384/consensus-sweep/image-n5__image-t1.0__consensus__t9/evaluation.json,GS-487 Era-2 (full_evaluation),origin-restored,,,398,0,0,1,0.6242496998799519,0.6242496998799519,0.6266506602641057,0.7034813925570229,0.7058823529411765,0.4725,0.4725,0.002512562814070307,0.002512562814070307
results/uplift-supplement/verifier-pairing/55maps-generalisation__verified-paired/evaluation.json,55-map,origin-restored,,,8942,0,0,671,0.3991817650496785,0.3991817650496785,0.42329047340736414,0.506282875511397,0.538135593220339,0.2743,0.2743,0.045933417614833494,0.045933417614833494
results/uplift-supplement/verifier-pairing/55maps-image-generalisation__verified-k3-r2-gt/evaluation.json,55-map,origin-restored,,,7878,0,0,513,0.41113523573200994,0.41113523573200994,0.43486352357320096,0.5994106699751861,0.637562034739454,0.4229,0.4229,0.049023515344758906,0.049023515344758906
results/uplift-supplement/verifier-pairing/55maps-image-generalisation__verified/evaluation.json,55-map,origin-restored,,,7878,0,0,513,0.38197084917617236,0.38197084917617236,0.4030418250950571,0.5768377693282637,0.6126425855513309,0.4098,0.4098,0.04761904761904767,0.04761904761904767
results/uplift-supplement/verifier-pairing/55maps-text-high-generalisation__verified-k4-r2-gt/evaluation.json,55-map,origin-restored,,,9206,0,0,632,0.4275871766029246,0.4275871766029246,0.4520528683914511,0.5251687289088863,0.5575084364454443,0.2925,0.2925,0.04583499402152258,0.04583499402152258
results/uplift-supplement/verifier-pairing/55maps-text-high-generalisation__verified/evaluation.json,55-map,origin-restored,,,9206,0,0,632,0.3986525229357798,0.3986525229357798,0.42101490825688076,0.504730504587156,0.5351204128440367,0.2850,0.2850,0.044669195111673,0.044669195111673
results/uplift-supplement/verifier-pairing/55maps-text-high-t0-3-generalisation__verified-k4-r2-gt/evaluation.json,55-map,origin-restored,,,9910,0,0,691,0.419882100750268,0.419882100750268,0.4427920685959271,0.5168810289389068,0.5486334405144695,0.2683,0.2683,0.047229972100438444,0.047229972100438444
results/uplift-supplement/verifier-pairing/55maps-text-high-t0-3-generalisation__verified/evaluation.json,55-map,origin-restored,,,9910,0,0,691,0.3902838427947598,0.3902838427947598,0.4108897379912664,0.49672489082969434,0.5263373362445415,0.2602,0.2602,0.04572271386430671,0.04572271386430671
results/uplift-supplement/verifier-pairing/55maps-text-min-generalisation__verified-k4-r2-gt/evaluation.json,55-map,origin-restored,,,10170,0,0,787,0.381485383197261,0.381485383197261,0.4032130629444298,0.454701079799842,0.48301290492494076,0.1271,0.1271,0.04284575528098844,0.04284575528098844
results/uplift-supplement/verifier-pairing/55maps-text-min-generalisation__verified/evaluation.json,55-map,origin-restored,,,10170,0,0,787,0.3565299007776884,0.3565299007776884,0.3763743631000268,0.43644408688656483,0.46299275945293644,0.1263,0.1263,0.04171934260429844,0.04171934260429844
results/uplift-supplement/verifier-pairing/pv-diag-384__pv-min-text-t0_0-n3-opmax/evaluation.json,GS-487 Era-2 (full_evaluation),origin-restored,,,946,0,0,3,0.5430847212165097,0.5430847212165097,0.5445329471397538,0.560463432295438,0.5619116582186822,0.1072,0.1072,0.0022988505747126853,0.0022988505747126853
results/uplift-supplement/verifier-pairing/verifier-t-pilot__verified-t0-0/evaluation.json,GS-487 Era-2 (full_evaluation),origin-restored,gold-standard-v2::consensus-4of5,uplift-supplement-flatten,608,0,0,1,0.6999041227229146,0.6999041227229146,0.7018216682646212,0.7209971236816876,0.7229146692233941,0.4557,0.4557,0.0022988505747126853,0.0022988505747126853
results/uplift-supplement/verifier-pairing/verifier-t-pilot__verified-t0-5/evaluation.json,GS-487 Era-2 (full_evaluation),origin-restored,,,608,0,0,1,0.6999041227229146,0.6999041227229146,0.7018216682646212,0.7209971236816876,0.7229146692233941,0.4557,0.4557,0.0022988505747126853,0.0022988505747126853
results/uplift-supplement/verifier-pairing/verifier-t-pilot__verified-t1-0/evaluation.json,GS-487 Era-2 (full_evaluation),origin-restored,,,608,0,0,1,0.6999041227229146,0.6999041227229146,0.7018216682646212,0.7209971236816876,0.7229146692233941,0.4557,0.4557,0.0022988505747126853,0.0022988505747126853
results/verifier-calibration-audit/flash-high-image-N5-consensus-t3/evaluation.json,GS-487 Era-2 (full_evaluation),origin-restored,,,506,0,0,1,0.7268862911795961,0.7268862911795961,0.7290116896918172,0.8267800212539852,0.8289054197662061,0.6648,0.6648,0.0022988505747126853,0.0022988505747126853
results/verifier-calibration-audit/flash-high-image-consensus-t7/evaluation.json,GS-487 Era-2 (full_evaluation),origin-restored,,,405,0,0,1,0.75,0.75,0.7523809523809525,0.8238095238095238,0.8261904761904761,0.6784,0.6784,0.0024691358024692134,0.0024691358024692134
results/verifier-calibration-audit/pro-high-text-consensus-t6/evaluation.json,GS-487 Era-2 (full_evaluation),origin-restored,,,357,0,0,1,0.835858585858586,0.835858585858586,0.835858585858586,0.8535353535353535,0.856060606060606,0.7263,0.7263,0.0028011204481792618,0.0028011204481792618
