condition_id,run_id,label,proposer_pool,architecture,aggregation,derived_modality,derivation_basis,from_transmitted_configuration,routes_disagree,register_pool_modality,register_verifier_modality,passes_manifest_modality,pool_token,label_token,board_membership_track,board_opmax_track,board_opmax_modality,n_mismatches
55maps-generalisation::verified-paired,55maps-generalisation,verified-paired,detect_brief-text,proposer-verifier,verified,text,pass-metadata,True,False,text,text,text,text,,,,,0
55maps-image-generalisation::verified,55maps-image-generalisation,verified,library_plus-hp,proposer-verifier,verified,image,pass-metadata,True,False,image,text,image,,,,,,0
55maps-image-generalisation::verified-k3-canonical-gt,55maps-image-generalisation,verified-k3-canonical-gt,library_plus-hp,proposer-verifier,verified,image,pass-metadata,True,False,image,text,image,,,,,,0
55maps-image-generalisation::verified-k3-standardised-gt,55maps-image-generalisation,verified-k3-standardised-gt,library_plus-hp,proposer-verifier,verified,image,pass-metadata,True,False,image,text,image,,,,,,0
55maps-image-generalisation::verified-k4-standardised-gt,55maps-image-generalisation,verified-k4-standardised-gt,library_plus-hp,proposer-verifier,verified,image,pass-metadata,True,False,image,text,image,,,,,,0
55maps-image-generalisation::verified-k3-r2-gt,55maps-image-generalisation,verified-k3-r2-gt,library_plus-hp,proposer-verifier,verified,image,pass-metadata,True,False,image,text,image,,,,,,0
55maps-image-generalisation::verified-k4-r2-gt,55maps-image-generalisation,verified-k4-r2-gt,library_plus-hp,proposer-verifier,verified,image,pass-metadata,True,False,image,text,image,,,,,,0
55maps-text-high-generalisation::verified,55maps-text-high-generalisation,verified,detect_brief-text,proposer-verifier,verified,text,pass-metadata,True,False,text,text,text,text,,,,,0
55maps-text-high-generalisation::verified-k4-canonical-gt,55maps-text-high-generalisation,verified-k4-canonical-gt,detect_brief-text,proposer-verifier,verified,text,pass-metadata,True,False,text,text,text,text,,,,,0
55maps-text-high-generalisation::verified-k3-canonical-gt,55maps-text-high-generalisation,verified-k3-canonical-gt,detect_brief-text,proposer-verifier,verified,text,pass-metadata,True,False,text,text,text,text,,,,,0
55maps-text-high-generalisation::verified-k4-standardised-gt,55maps-text-high-generalisation,verified-k4-standardised-gt,detect_brief-text,proposer-verifier,verified,text,pass-metadata,True,False,text,text,text,text,,,,,0
55maps-text-high-generalisation::verified-k3-standardised-gt,55maps-text-high-generalisation,verified-k3-standardised-gt,detect_brief-text,proposer-verifier,verified,text,pass-metadata,True,False,text,text,text,text,,,,,0
55maps-text-high-generalisation::verified-k4-r2-gt,55maps-text-high-generalisation,verified-k4-r2-gt,detect_brief-text,proposer-verifier,verified,text,pass-metadata,True,False,text,text,text,text,,,,,0
55maps-text-high-generalisation::verified-k3-r2-gt,55maps-text-high-generalisation,verified-k3-r2-gt,detect_brief-text,proposer-verifier,verified,text,pass-metadata,True,False,text,text,text,text,,,,,0
55maps-text-high-t0-3-generalisation::verified,55maps-text-high-t0-3-generalisation,verified,detect_brief-text,proposer-verifier,verified,text,pass-metadata,True,False,text,text,text,text,,,,,0
55maps-text-high-t0-3-generalisation::verified-k4-canonical-gt,55maps-text-high-t0-3-generalisation,verified-k4-canonical-gt,detect_brief-text,proposer-verifier,verified,text,pass-metadata,True,False,text,text,text,text,,,,,0
55maps-text-high-t0-3-generalisation::verified-k3-canonical-gt,55maps-text-high-t0-3-generalisation,verified-k3-canonical-gt,detect_brief-text,proposer-verifier,verified,text,pass-metadata,True,False,text,text,text,text,,,,,0
55maps-text-high-t0-3-generalisation::verified-k4-standardised-gt,55maps-text-high-t0-3-generalisation,verified-k4-standardised-gt,detect_brief-text,proposer-verifier,verified,text,pass-metadata,True,False,text,text,text,text,,,,,0
55maps-text-high-t0-3-generalisation::verified-k3-standardised-gt,55maps-text-high-t0-3-generalisation,verified-k3-standardised-gt,detect_brief-text,proposer-verifier,verified,text,pass-metadata,True,False,text,text,text,text,,,,,0
55maps-text-high-t0-3-generalisation::verified-oracle-p0.20-k3-standardised-gt,55maps-text-high-t0-3-generalisation,verified-oracle-p0.20-k3-standardised-gt,detect_brief-text,proposer-verifier,verified,text,pass-metadata,True,False,text,text,text,text,,,,,0
55maps-text-high-t0-3-generalisation::verified-k4-r2-gt,55maps-text-high-t0-3-generalisation,verified-k4-r2-gt,detect_brief-text,proposer-verifier,verified,text,pass-metadata,True,False,text,text,text,text,,,,,0
55maps-text-high-t0-3-generalisation::verified-k3-r2-gt,55maps-text-high-t0-3-generalisation,verified-k3-r2-gt,detect_brief-text,proposer-verifier,verified,text,pass-metadata,True,False,text,text,text,text,,,,,0
55maps-text-high-t0-3-generalisation::verified-oracle-p0.20-k3-r2-gt,55maps-text-high-t0-3-generalisation,verified-oracle-p0.20-k3-r2-gt,detect_brief-text,proposer-verifier,verified,text,pass-metadata,True,False,text,text,text,text,,,,,0
55maps-text-min-generalisation::verified,55maps-text-min-generalisation,verified,detect_brief-text,proposer-verifier,verified,text,pass-metadata,True,False,text,text,text,text,,,,,0
55maps-text-min-generalisation::verified-k4-canonical-gt,55maps-text-min-generalisation,verified-k4-canonical-gt,detect_brief-text,proposer-verifier,verified,text,pass-metadata,True,False,text,text,text,text,,,,,0
55maps-text-min-generalisation::verified-k3-canonical-gt,55maps-text-min-generalisation,verified-k3-canonical-gt,detect_brief-text,proposer-verifier,verified,text,pass-metadata,True,False,text,text,text,text,,,,,0
55maps-text-min-generalisation::verified-k4-standardised-gt,55maps-text-min-generalisation,verified-k4-standardised-gt,detect_brief-text,proposer-verifier,verified,text,pass-metadata,True,False,text,text,text,text,,,,,0
55maps-text-min-generalisation::verified-k3-standardised-gt,55maps-text-min-generalisation,verified-k3-standardised-gt,detect_brief-text,proposer-verifier,verified,text,pass-metadata,True,False,text,text,text,text,,,,,0
55maps-text-min-generalisation::verified-oracle-p0.20-k3-standardised-gt,55maps-text-min-generalisation,verified-oracle-p0.20-k3-standardised-gt,detect_brief-text,proposer-verifier,verified,text,pass-metadata,True,False,text,text,text,text,,,,,0
55maps-text-min-generalisation::verified-k4-r2-gt,55maps-text-min-generalisation,verified-k4-r2-gt,detect_brief-text,proposer-verifier,verified,text,pass-metadata,True,False,text,text,text,text,,,,,0
55maps-text-min-generalisation::verified-k3-r2-gt,55maps-text-min-generalisation,verified-k3-r2-gt,detect_brief-text,proposer-verifier,verified,text,pass-metadata,True,False,text,text,text,text,,,,,0
55maps-text-min-generalisation::verified-oracle-p0.20-k3-r2-gt,55maps-text-min-generalisation,verified-oracle-p0.20-k3-r2-gt,detect_brief-text,proposer-verifier,verified,text,pass-metadata,True,False,text,text,text,text,,,,,0
gold-standard-v2::consensus-3of5,gold-standard-v2,consensus-3of5,detect_brief-text,consensus,consensus,text,pass-metadata,True,False,text,,text,text,,,,,0
gold-standard-v2::consensus-4of5,gold-standard-v2,consensus-4of5,detect_brief-text,consensus,consensus,text,pass-metadata,True,False,text,,text,text,,,,,0
gold-standard-v2::consensus-5of5,gold-standard-v2,consensus-5of5,detect_brief-text,consensus,consensus,text,pass-metadata,True,False,text,,text,text,,,,,0
gold-standard-v2::verified-v1,gold-standard-v2,verified-v1,detect_brief-text,proposer-verifier,verified,text,pass-metadata,True,False,text,image,text,text,,,,,0
h10::greedy-pool-020,h10,greedy-pool-020,pool_020_hp4hn4,consensus,greedy,image,pass-metadata,True,False,image,,image,,,,,,0
h10::greedy-pool-040,h10,greedy-pool-040,pool_040_hp4hn4,consensus,greedy,image,pass-metadata,True,False,image,,image,,,,,,0
h10::greedy-pool-080,h10,greedy-pool-080,pool_080_hp4hn4,consensus,greedy,image,pass-metadata,True,False,image,,image,,,,,,0
h10::greedy-pool-160,h10,greedy-pool-160,pool_160_hp4hn4,consensus,greedy,image,pass-metadata,True,False,image,,image,,,,,,0
h10::verified-pool-160,h10,verified-pool-160,pool_160_hp4hn4,proposer-verifier,verified,image,pass-metadata,True,False,image,,image,,,,,,0
consensus-384-t1-0::consensus-1of5,consensus-384-t1-0,consensus-1of5,384,consensus,consensus,text,pass-metadata,True,False,text,,text,,,,,,0
consensus-384-t1-0::consensus-2of5,consensus-384-t1-0,consensus-2of5,384,consensus,consensus,text,pass-metadata,True,False,text,,text,,,,,,0
consensus-384-t1-0::consensus-3of5,consensus-384-t1-0,consensus-3of5,384,consensus,consensus,text,pass-metadata,True,False,text,,text,,,,,,0
consensus-384-t1-0::consensus-4of5,consensus-384-t1-0,consensus-4of5,384,consensus,consensus,text,pass-metadata,True,False,text,,text,,,,,,0
consensus-384-t1-0::consensus-5of5,consensus-384-t1-0,consensus-5of5,384,consensus,consensus,text,pass-metadata,True,False,text,,text,,,,,,0
consensus-384-t1-0::single-pass-run_1,consensus-384-t1-0,single-pass-run_1,384,single-pass,none,text,pass-metadata,True,False,text,,text,,,,,,0
consensus-384-t1-0::single-pass-run_2,consensus-384-t1-0,single-pass-run_2,384,single-pass,none,text,pass-metadata,True,False,text,,text,,,,,,0
consensus-384-t1-0::single-pass-run_3,consensus-384-t1-0,single-pass-run_3,384,single-pass,none,text,pass-metadata,True,False,text,,text,,,,,,0
consensus-384-t1-0::single-pass-run_4,consensus-384-t1-0,single-pass-run_4,384,single-pass,none,text,pass-metadata,True,False,text,,text,,,,,,0
consensus-384-t1-0::single-pass-run_5,consensus-384-t1-0,single-pass-run_5,384,single-pass,none,text,pass-metadata,True,False,text,,text,,,,,,0
consensus-384-t1-0::single-pass-run_6,consensus-384-t1-0,single-pass-run_6,384,single-pass,none,text,pass-metadata,True,False,text,,text,,,,,,0
consensus-384-t1-0::single-pass-run_7,consensus-384-t1-0,single-pass-run_7,384,single-pass,none,text,pass-metadata,True,False,text,,text,,,,,,0
consensus-384-t1-0::single-pass-run_8,consensus-384-t1-0,single-pass-run_8,384,single-pass,none,text,pass-metadata,True,False,text,,text,,,,,,0
consensus-384-t1-0::single-pass-run_9,consensus-384-t1-0,single-pass-run_9,384,single-pass,none,text,pass-metadata,True,False,text,,text,,,,,,0
consensus-384-t1-0::single-pass-run_10,consensus-384-t1-0,single-pass-run_10,384,single-pass,none,text,pass-metadata,True,False,text,,text,,,,,,0
consensus-384-t1-0::single-pass-run_11,consensus-384-t1-0,single-pass-run_11,384,single-pass,none,text,pass-metadata,True,False,text,,text,,,,,,0
consensus-384-t1-0::single-pass-run_12,consensus-384-t1-0,single-pass-run_12,384,single-pass,none,text,pass-metadata,True,False,text,,text,,,,,,0
consensus-384-t1-0::single-pass-run_13,consensus-384-t1-0,single-pass-run_13,384,single-pass,none,text,pass-metadata,True,False,text,,text,,,,,,0
consensus-384-t1-0::single-pass-run_14,consensus-384-t1-0,single-pass-run_14,384,single-pass,none,text,pass-metadata,True,False,text,,text,,,,,,0
consensus-384-t1-0::single-pass-run_15,consensus-384-t1-0,single-pass-run_15,384,single-pass,none,text,pass-metadata,True,False,text,,text,,,,,,0
consensus-384-t1-0::single-pass-run_16,consensus-384-t1-0,single-pass-run_16,384,single-pass,none,text,pass-metadata,True,False,text,,text,,,,,,0
consensus-384-t1-0::single-pass-run_17,consensus-384-t1-0,single-pass-run_17,384,single-pass,none,text,pass-metadata,True,False,text,,text,,,,,,0
consensus-384-t1-0::single-pass-run_18,consensus-384-t1-0,single-pass-run_18,384,single-pass,none,text,pass-metadata,True,False,text,,text,,,,,,0
consensus-384-t1-0::single-pass-run_19,consensus-384-t1-0,single-pass-run_19,384,single-pass,none,text,pass-metadata,True,False,text,,text,,,,,,0
consensus-384-t1-0::single-pass-run_20,consensus-384-t1-0,single-pass-run_20,384,single-pass,none,text,pass-metadata,True,False,text,,text,,,,,,0
consensus-384-t1-0::single-pass-run_21,consensus-384-t1-0,single-pass-run_21,384,single-pass,none,text,pass-metadata,True,False,text,,text,,,,,,0
consensus-384-t1-0::single-pass-run_22,consensus-384-t1-0,single-pass-run_22,384,single-pass,none,text,pass-metadata,True,False,text,,text,,,,,,0
consensus-384-t1-0::single-pass-run_23,consensus-384-t1-0,single-pass-run_23,384,single-pass,none,text,pass-metadata,True,False,text,,text,,,,,,0
consensus-384-t1-0::single-pass-run_24,consensus-384-t1-0,single-pass-run_24,384,single-pass,none,text,pass-metadata,True,False,text,,text,,,,,,0
consensus-384-t1-0::single-pass-run_25,consensus-384-t1-0,single-pass-run_25,384,single-pass,none,text,pass-metadata,True,False,text,,text,,,,,,0
consensus-384-t1-0::single-pass-run_26,consensus-384-t1-0,single-pass-run_26,384,single-pass,none,text,pass-metadata,True,False,text,,text,,,,,,0
consensus-384-t1-0::single-pass-run_27,consensus-384-t1-0,single-pass-run_27,384,single-pass,none,text,pass-metadata,True,False,text,,text,,,,,,0
consensus-384-t1-0::single-pass-run_28,consensus-384-t1-0,single-pass-run_28,384,single-pass,none,text,pass-metadata,True,False,text,,text,,,,,,0
consensus-384-t1-0::single-pass-run_29,consensus-384-t1-0,single-pass-run_29,384,single-pass,none,text,pass-metadata,True,False,text,,text,,,,,,0
consensus-384-t1-0::single-pass-run_30,consensus-384-t1-0,single-pass-run_30,384,single-pass,none,text,pass-metadata,True,False,text,,text,,,,,,0
e47-propose-brief::consensus-1of5,e47-propose-brief,consensus-1of5,propose_brief-text,consensus,consensus,text,pass-metadata,True,False,text,,text,text,,,,,0
e47-propose-brief::consensus-2of5,e47-propose-brief,consensus-2of5,propose_brief-text,consensus,consensus,text,pass-metadata,True,False,text,,text,text,,,,,0
e47-propose-brief::consensus-3of5,e47-propose-brief,consensus-3of5,propose_brief-text,consensus,consensus,text,pass-metadata,True,False,text,,text,text,,,,,0
e47-propose-brief::consensus-4of5,e47-propose-brief,consensus-4of5,propose_brief-text,consensus,consensus,text,pass-metadata,True,False,text,,text,text,,,,,0
e47-propose-brief::consensus-5of5,e47-propose-brief,consensus-5of5,propose_brief-text,consensus,consensus,text,pass-metadata,True,False,text,,text,text,,,,,0
e47-propose-brief::baseline-single-pass,e47-propose-brief,baseline-single-pass,propose_brief-text,single-pass,none,text,pass-metadata,True,False,text,,text,text,,,,,0
e47-propose-brief::single-pass-run_1,e47-propose-brief,single-pass-run_1,propose_brief-text,single-pass,none,text,pass-metadata,True,False,text,,text,text,,,,,0
e47-propose-brief::single-pass-run_2,e47-propose-brief,single-pass-run_2,propose_brief-text,single-pass,none,text,pass-metadata,True,False,text,,text,text,,,,,0
e47-propose-brief::single-pass-run_3,e47-propose-brief,single-pass-run_3,propose_brief-text,single-pass,none,text,pass-metadata,True,False,text,,text,text,,,,,0
e47-propose-brief::single-pass-run_4,e47-propose-brief,single-pass-run_4,propose_brief-text,single-pass,none,text,pass-metadata,True,False,text,,text,text,,,,,0
e47-propose-brief::single-pass-run_4-post-e71,e47-propose-brief,single-pass-run_4-post-e71,propose_brief-text,single-pass,none,text,pass-metadata,True,False,text,,text,text,,,,,0
e47-propose-brief::single-pass-run_5,e47-propose-brief,single-pass-run_5,propose_brief-text,single-pass,none,text,pass-metadata,True,False,text,,text,text,,,,,0
n1-outstanding-384::brief-text-t03-consensus-1of3,n1-outstanding-384,brief-text-t03-consensus-1of3,brief-text-t03,consensus,consensus,text,pass-metadata,True,False,text,,text,text,text,,,,0
n1-outstanding-384::brief-text-t03-consensus-2of3,n1-outstanding-384,brief-text-t03-consensus-2of3,brief-text-t03,consensus,consensus,text,pass-metadata,True,False,text,,text,text,text,,,,0
n1-outstanding-384::brief-text-t03-consensus-3of3,n1-outstanding-384,brief-text-t03-consensus-3of3,brief-text-t03,consensus,consensus,text,pass-metadata,True,False,text,,text,text,text,,,,0
n1-outstanding-384::image-t0-consensus-1of3,n1-outstanding-384,image-t0-consensus-1of3,image-t0,consensus,consensus,image,pass-metadata,True,False,image,,image,image,image,,,,0
n1-outstanding-384::image-t0-consensus-2of3,n1-outstanding-384,image-t0-consensus-2of3,image-t0,consensus,consensus,image,pass-metadata,True,False,image,,image,image,image,,,,0
n1-outstanding-384::image-t0-consensus-3of3,n1-outstanding-384,image-t0-consensus-3of3,image-t0,consensus,consensus,image,pass-metadata,True,False,image,,image,image,image,,,,0
n1-outstanding-384::image-t03-consensus-1of3,n1-outstanding-384,image-t03-consensus-1of3,image-t03,consensus,consensus,image,pass-metadata,True,False,image,,image,image,image,,,,0
n1-outstanding-384::image-t03-consensus-2of3,n1-outstanding-384,image-t03-consensus-2of3,image-t03,consensus,consensus,image,pass-metadata,True,False,image,,image,image,image,,,,0
n1-outstanding-384::image-t03-consensus-3of3,n1-outstanding-384,image-t03-consensus-3of3,image-t03,consensus,consensus,image,pass-metadata,True,False,image,,image,image,image,,,,0
n1-outstanding-384::pro-image-high-t0-consensus-1of3,n1-outstanding-384,pro-image-high-t0-consensus-1of3,pro-image-high-t0,consensus,consensus,image,pass-metadata,True,False,image,,image,image,image,,,,0
n1-outstanding-384::pro-image-high-t0-consensus-2of3,n1-outstanding-384,pro-image-high-t0-consensus-2of3,pro-image-high-t0,consensus,consensus,image,pass-metadata,True,False,image,,image,image,image,,,,0
n1-outstanding-384::pro-image-high-t0-consensus-3of3,n1-outstanding-384,pro-image-high-t0-consensus-3of3,pro-image-high-t0,consensus,consensus,image,pass-metadata,True,False,image,,image,image,image,,,,0
n1-outstanding-384::pro-text-high-t0-consensus-1of3,n1-outstanding-384,pro-text-high-t0-consensus-1of3,pro-text-high-t0,consensus,consensus,text,pass-metadata,True,False,text,,text,text,text,,,,0
n1-outstanding-384::pro-text-high-t0-consensus-2of3,n1-outstanding-384,pro-text-high-t0-consensus-2of3,pro-text-high-t0,consensus,consensus,text,pass-metadata,True,False,text,,text,text,text,,,,0
n1-outstanding-384::pro-text-high-t0-consensus-3of3,n1-outstanding-384,pro-text-high-t0-consensus-3of3,pro-text-high-t0,consensus,consensus,text,pass-metadata,True,False,text,,text,text,text,,,,0
n1-outstanding-384::brief-text-t03-single-pass-run_1,n1-outstanding-384,brief-text-t03-single-pass-run_1,brief-text-t03,single-pass,none,text,pass-metadata,True,False,text,,text,text,text,,,,0
n1-outstanding-384::brief-text-t03-single-pass-run_2,n1-outstanding-384,brief-text-t03-single-pass-run_2,brief-text-t03,single-pass,none,text,pass-metadata,True,False,text,,text,text,text,,,,0
n1-outstanding-384::brief-text-t03-single-pass-run_3,n1-outstanding-384,brief-text-t03-single-pass-run_3,brief-text-t03,single-pass,none,text,pass-metadata,True,False,text,,text,text,text,,,,0
n1-outstanding-384::image-t0-single-pass-run_1,n1-outstanding-384,image-t0-single-pass-run_1,image-t0,single-pass,none,image,pass-metadata,True,False,image,,image,image,image,,,,0
n1-outstanding-384::image-t0-single-pass-run_2,n1-outstanding-384,image-t0-single-pass-run_2,image-t0,single-pass,none,image,pass-metadata,True,False,image,,image,image,image,,,,0
n1-outstanding-384::image-t0-single-pass-run_3,n1-outstanding-384,image-t0-single-pass-run_3,image-t0,single-pass,none,image,pass-metadata,True,False,image,,image,image,image,,,,0
n1-outstanding-384::image-t03-single-pass-run_1,n1-outstanding-384,image-t03-single-pass-run_1,image-t03,single-pass,none,image,pass-metadata,True,False,image,,image,image,image,,,,0
n1-outstanding-384::image-t03-single-pass-run_2,n1-outstanding-384,image-t03-single-pass-run_2,image-t03,single-pass,none,image,pass-metadata,True,False,image,,image,image,image,,,,0
n1-outstanding-384::image-t03-single-pass-run_3,n1-outstanding-384,image-t03-single-pass-run_3,image-t03,single-pass,none,image,pass-metadata,True,False,image,,image,image,image,,,,0
n1-outstanding-384::pro-image-high-t0-single-pass-run_1,n1-outstanding-384,pro-image-high-t0-single-pass-run_1,pro-image-high-t0,single-pass,none,image,pass-metadata,True,False,image,,image,image,image,,,,0
n1-outstanding-384::pro-image-high-t0-single-pass-run_1-post-e71,n1-outstanding-384,pro-image-high-t0-single-pass-run_1-post-e71,pro-image-high-t0,single-pass,none,image,pass-metadata,True,False,image,,image,image,image,,,,0
n1-outstanding-384::pro-image-high-t0-single-pass-run_2,n1-outstanding-384,pro-image-high-t0-single-pass-run_2,pro-image-high-t0,single-pass,none,image,pass-metadata,True,False,image,,image,image,image,,,,0
n1-outstanding-384::pro-image-high-t0-single-pass-run_2-post-e71,n1-outstanding-384,pro-image-high-t0-single-pass-run_2-post-e71,pro-image-high-t0,single-pass,none,image,pass-metadata,True,False,image,,image,image,image,,,,0
n1-outstanding-384::pro-image-high-t0-single-pass-run_3,n1-outstanding-384,pro-image-high-t0-single-pass-run_3,pro-image-high-t0,single-pass,none,image,pass-metadata,True,False,image,,image,image,image,,,,0
n1-outstanding-384::pro-image-high-t0-single-pass-run_3-post-e71,n1-outstanding-384,pro-image-high-t0-single-pass-run_3-post-e71,pro-image-high-t0,single-pass,none,image,pass-metadata,True,False,image,,image,image,image,,,,0
n1-outstanding-384::pro-text-high-t0-single-pass-run_1,n1-outstanding-384,pro-text-high-t0-single-pass-run_1,pro-text-high-t0,single-pass,none,text,pass-metadata,True,False,text,,text,text,text,,,,0
n1-outstanding-384::pro-text-high-t0-single-pass-run_1-post-e71,n1-outstanding-384,pro-text-high-t0-single-pass-run_1-post-e71,pro-text-high-t0,single-pass,none,text,pass-metadata,True,False,text,,text,text,text,,,,0
n1-outstanding-384::pro-text-high-t0-single-pass-run_2,n1-outstanding-384,pro-text-high-t0-single-pass-run_2,pro-text-high-t0,single-pass,none,text,pass-metadata,True,False,text,,text,text,text,,,,0
n1-outstanding-384::pro-text-high-t0-single-pass-run_2-post-e71,n1-outstanding-384,pro-text-high-t0-single-pass-run_2-post-e71,pro-text-high-t0,single-pass,none,text,pass-metadata,True,False,text,,text,text,text,,,,0
n1-outstanding-384::pro-text-high-t0-single-pass-run_3,n1-outstanding-384,pro-text-high-t0-single-pass-run_3,pro-text-high-t0,single-pass,none,text,pass-metadata,True,False,text,,text,text,text,,,,0
n1-outstanding-384::pro-text-high-t0-single-pass-run_3-post-e71,n1-outstanding-384,pro-text-high-t0-single-pass-run_3-post-e71,pro-text-high-t0,single-pass,none,text,pass-metadata,True,False,text,,text,text,text,,,,0
n1-outstanding-384::pro-image-medium-t07-single-pass-run_1,n1-outstanding-384,pro-image-medium-t07-single-pass-run_1,pro-image-medium-t07,single-pass,none,image,pass-metadata,True,False,image,,image,image,image,,,,0
n1-outstanding-384::pro-text-medium-t07-single-pass-run_1,n1-outstanding-384,pro-text-medium-t07-single-pass-run_1,pro-text-medium-t07,single-pass,none,text,pass-metadata,True,False,text,,text,text,text,,,,0
n1-outstanding-384::baseline-flash-image-minimal-t-0-0-487-tiles,n1-outstanding-384,baseline-flash-image-minimal-t-0-0-487-tiles,image-t0,single-pass,none,image,pass-metadata,True,False,image,,image,image,image,,,,0
n1-outstanding-384::baseline-flash-image-minimal-t-0-3,n1-outstanding-384,baseline-flash-image-minimal-t-0-3,image-t03,single-pass,none,image,pass-metadata,True,False,image,,image,image,image,,,,0
n1-outstanding-384::baseline-flash-text-minimal-t-0-3,n1-outstanding-384,baseline-flash-text-minimal-t-0-3,brief-text-t03,single-pass,none,text,pass-metadata,True,False,text,,text,text,text,,,,0
n1-outstanding-384::baseline-pro-image-high-t-0-0,n1-outstanding-384,baseline-pro-image-high-t-0-0,pro-image-high-t0,single-pass,none,image,pass-metadata,True,False,image,,image,image,image,,,,0
n1-outstanding-384::baseline-pro-image-high-t-0-0-post-e71,n1-outstanding-384,baseline-pro-image-high-t-0-0-post-e71,pro-image-high-t0,single-pass,none,image,pass-metadata,True,False,image,,image,image,image,,,,0
n1-outstanding-384::baseline-pro-image-medium-t-0-7,n1-outstanding-384,baseline-pro-image-medium-t-0-7,pro-image-medium-t07,single-pass,none,image,pass-metadata,True,False,image,,image,image,image,,,,0
n1-outstanding-384::baseline-pro-text-high-t-0-0,n1-outstanding-384,baseline-pro-text-high-t-0-0,pro-text-high-t0,single-pass,none,text,pass-metadata,True,False,text,,text,text,text,,,,0
n1-outstanding-384::baseline-pro-text-high-t-0-0-post-e71,n1-outstanding-384,baseline-pro-text-high-t-0-0-post-e71,pro-text-high-t0,single-pass,none,text,pass-metadata,True,False,text,,text,text,text,,,,0
n1-outstanding-384::baseline-pro-text-medium-t-0-7,n1-outstanding-384,baseline-pro-text-medium-t-0-7,pro-text-medium-t07,single-pass,none,text,pass-metadata,True,False,text,,text,text,text,,,,0
n1-outstanding-384::pv-n1-image-t0-n3-opmax,n1-outstanding-384,pv-n1-image-t0-n3-opmax,image-t0,proposer-verifier,verified,image,pass-metadata,True,False,image,,image,image,image,,image,image,0
n1-pro-rerun-384::baseline-pro-text-high-t-0-0,n1-pro-rerun-384,baseline-pro-text-high-t-0-0,pro-text-high-t0,single-pass,none,text,pass-metadata,True,False,text,,text,text,text,,,,0
n1-pro-rerun-384::baseline-pro-text-medium-t-0-7,n1-pro-rerun-384,baseline-pro-text-medium-t-0-7,pro-text-medium-t07,single-pass,none,text,pass-metadata,True,False,text,,text,text,text,,,,0
n1-pro-rerun-384::baseline-pro-image-high-t-0-0,n1-pro-rerun-384,baseline-pro-image-high-t-0-0,pro-image-high-t0,single-pass,none,image,pass-metadata,True,False,image,,image,image,image,,,,0
n1-pro-rerun-384::baseline-pro-image-medium-t-0-7,n1-pro-rerun-384,baseline-pro-image-medium-t-0-7,pro-image-medium-t07,single-pass,none,image,pass-metadata,True,False,image,,image,image,image,,,,0
proposer-verifier-384::verified-adversarial-text,proposer-verifier-384,verified-adversarial-text,detect_brief-text,proposer-verifier,verified,text,config-file,True,False,,text,,text,text,text,,,0
proposer-verifier-384::verified-adversarial-image,proposer-verifier-384,verified-adversarial-image,detect_brief-text,proposer-verifier,verified,text,config-file,True,False,,image,,text,image,image,,,2
proposer-verifier-384::verified-brief-text,proposer-verifier-384,verified-brief-text,detect_brief-text,proposer-verifier,verified,text,config-file,True,False,,text,,text,text,text,,,0
proposer-verifier-384::verified-brief-image,proposer-verifier-384,verified-brief-image,detect_brief-text,proposer-verifier,verified,text,config-file,True,False,,image,,text,image,image,,,2
proposer-verifier-384::verified-checklist-text,proposer-verifier-384,verified-checklist-text,detect_brief-text,proposer-verifier,verified,text,config-file,True,False,,text,,text,text,text,,,0
proposer-verifier-384::verified-checklist-image,proposer-verifier-384,verified-checklist-image,detect_brief-text,proposer-verifier,verified,text,config-file,True,False,,image,,text,image,image,,,2
proposer-verifier-384::verified-cascade-adversarial-checklist,proposer-verifier-384,verified-cascade-adversarial-checklist,detect_brief-text,proposer-verifier,verified,text,config-file,True,False,,text,,text,,text,,,0
proposer-verifier-384::verified-cascade-checklist-adversarial,proposer-verifier-384,verified-cascade-checklist-adversarial,detect_brief-text,proposer-verifier,verified,text,config-file,True,False,,image,,text,,text,,,0
proposer-verifier-384::verified-adversarial-image-era2b,proposer-verifier-384,verified-adversarial-image-era2b,detect_brief-text,proposer-verifier,verified,text,config-file,True,False,,image,,text,image,,,,0
proposer-verifier-384::verified-adversarial-text-era2b,proposer-verifier-384,verified-adversarial-text-era2b,detect_brief-text,proposer-verifier,verified,text,config-file,True,False,,text,,text,text,,,,0
proposer-verifier-384::verified-brief-image-era2b,proposer-verifier-384,verified-brief-image-era2b,detect_brief-text,proposer-verifier,verified,text,config-file,True,False,,image,,text,image,,,,0
proposer-verifier-384::verified-brief-text-era2b,proposer-verifier-384,verified-brief-text-era2b,detect_brief-text,proposer-verifier,verified,text,config-file,True,False,,text,,text,text,,,,0
proposer-verifier-384::verified-cascade-adversarial-checklist-era2b,proposer-verifier-384,verified-cascade-adversarial-checklist-era2b,detect_brief-text,proposer-verifier,verified,text,config-file,True,False,,text,,text,,,,,0
proposer-verifier-384::verified-cascade-checklist-adversarial-era2b,proposer-verifier-384,verified-cascade-checklist-adversarial-era2b,detect_brief-text,proposer-verifier,verified,text,config-file,True,False,,image,,text,,,,,0
proposer-verifier-384::verified-checklist-image-era2b,proposer-verifier-384,verified-checklist-image-era2b,detect_brief-text,proposer-verifier,verified,text,config-file,True,False,,image,,text,image,,,,0
proposer-verifier-384::verified-checklist-text-era2b,proposer-verifier-384,verified-checklist-text-era2b,detect_brief-text,proposer-verifier,verified,text,config-file,True,False,,text,,text,text,,,,0
proposer-verifier-512::verified-adversarial-text,proposer-verifier-512,verified-adversarial-text,detect_brief-text,proposer-verifier,verified,text,config-file,True,False,,text,,text,text,,,,0
pv-diag-256::text-baseline,pv-diag-256,text-baseline,text,single-pass,none,text,pool-name-token,False,False,,,,text,text,,,,0
pv-diag-256::text-consensus-5of5,pv-diag-256,text-consensus-5of5,text,consensus,consensus,text,pool-name-token,False,False,,,,text,text,,,,0
pv-diag-256::verified-adv-text-consensus-5of5,pv-diag-256,verified-adv-text-consensus-5of5,text-consensus-5of5,proposer-verifier,verified,text,pool-name-token,False,False,,,,text,text,,,,0
pv-diag-384::baseline-flash-image-high-t-0-7,pv-diag-384,baseline-flash-image-high-t-0-7,flash-high-image-n5/image-t0.7,single-pass,none,image,run-metadata,True,False,image,,,image,image,,,,0
pv-diag-384::baseline-flash-image-minimal-t-0-0,pv-diag-384,baseline-flash-image-minimal-t-0-0,image-baseline/image-t0.0,single-pass,none,image,run-metadata,True,False,image,,,image,image,,,,0
pv-diag-384::baseline-flash-image-minimal-t-0-7,pv-diag-384,baseline-flash-image-minimal-t-0-7,image-n5/image-t0.7,single-pass,none,image,run-metadata,True,False,image,,,image,image,,,,0
pv-diag-384::baseline-flash-text-high-t-0-7,pv-diag-384,baseline-flash-text-high-t-0-7,flash-high-text-n5/text-t0.7,single-pass,none,text,run-metadata,True,False,text,,,text,text,,,,0
pv-diag-384::baseline-flash-text-minimal-t-0-0-pv-baseline,pv-diag-384,baseline-flash-text-minimal-t-0-0-pv-baseline,text-baseline/text-t0.0,single-pass,none,text,run-metadata,True,False,text,,,text,text,,,,0
pv-diag-384::baseline-flash-text-minimal-t-0-7,pv-diag-384,baseline-flash-text-minimal-t-0-7,flash-minimal-text-n30-t07/text-t0.7,single-pass,none,text,run-metadata,True,False,text,,,text,text,,,,0
pv-diag-384::baseline-pro-image-high-t-0-7,pv-diag-384,baseline-pro-image-high-t-0-7,pro-high-image-n5/image-t0.7,single-pass,none,image,run-metadata,True,False,image,,,image,image,,,,0
pv-diag-384::baseline-pro-image-medium-t-0-0,pv-diag-384,baseline-pro-image-medium-t-0-0,pro-medium-image-baseline/image-t0.0,single-pass,none,image,run-metadata,True,False,image,,,image,image,,,,0
pv-diag-384::baseline-pro-text-high-t-0-7,pv-diag-384,baseline-pro-text-high-t-0-7,pro-high-text-n5/text-t0.7,single-pass,none,text,run-metadata,True,False,text,,,text,text,,,,0
pv-diag-384::baseline-pro-text-medium-t-0-0,pv-diag-384,baseline-pro-text-medium-t-0-0,pro-medium-text-baseline/text-t0.0,single-pass,none,text,run-metadata,True,False,text,,,text,text,,,,0
pv-diag-384::flash-high-image-n5-image-t0.0-consensus-1of3,pv-diag-384,flash-high-image-n5-image-t0.0-consensus-1of3,flash-high-image-n5-image-t0.0,consensus,consensus,image,pass-metadata,True,False,image,,image,image,image,,,,0
pv-diag-384::flash-high-image-n5-image-t0.0-consensus-3of3,pv-diag-384,flash-high-image-n5-image-t0.0-consensus-3of3,flash-high-image-n5-image-t0.0,consensus,consensus,image,pass-metadata,True,False,image,,image,image,image,,,,0
pv-diag-384::flash-high-image-n5-image-t0.3-consensus-9of10,pv-diag-384,flash-high-image-n5-image-t0.3-consensus-9of10,flash-high-image-n5-image-t0.3,consensus,consensus,image,pass-metadata,True,False,image,,image,image,image,,,,0
pv-diag-384::flash-high-image-n5-image-t0.3-consensus-n5-5of5,pv-diag-384,flash-high-image-n5-image-t0.3-consensus-n5-5of5,flash-high-image-n5-image-t0.3,consensus,consensus,image,pass-metadata,True,False,image,,image,image,image,,,,0
pv-diag-384::flash-high-image-n5-image-t0.7-consensus-7of10,pv-diag-384,flash-high-image-n5-image-t0.7-consensus-7of10,flash-high-image-n5-image-t0.7,consensus,consensus,image,pass-metadata,True,False,image,,image,image,image,,,,0
pv-diag-384::flash-high-image-n5-image-t0.7-consensus-n5-3of5,pv-diag-384,flash-high-image-n5-image-t0.7-consensus-n5-3of5,flash-high-image-n5-image-t0.7,consensus,consensus,image,pass-metadata,True,False,image,,image,image,image,,,,0
pv-diag-384::flash-high-image-n5-image-t1.0-consensus-6of10,pv-diag-384,flash-high-image-n5-image-t1.0-consensus-6of10,flash-high-image-n5-image-t1.0,consensus,consensus,image,pass-metadata,True,False,image,,image,image,image,,,,0
pv-diag-384::flash-high-image-n5-image-t1.0-consensus-n5-4of5,pv-diag-384,flash-high-image-n5-image-t1.0-consensus-n5-4of5,flash-high-image-n5-image-t1.0,consensus,consensus,image,pass-metadata,True,False,image,,image,image,image,,,,0
pv-diag-384::flash-high-text-n5-text-t0.0-consensus-3of3,pv-diag-384,flash-high-text-n5-text-t0.0-consensus-3of3,flash-high-text-n5-text-t0.0,consensus,consensus,text,pass-metadata,True,False,text,,text,text,text,,,,0
pv-diag-384::flash-high-text-n5-text-t0.3-consensus-10of10,pv-diag-384,flash-high-text-n5-text-t0.3-consensus-10of10,flash-high-text-n5-text-t0.3,consensus,consensus,text,pass-metadata,True,False,text,,text,text,text,,,,0
pv-diag-384::flash-high-text-n5-text-t0.3-consensus-n5-5of5,pv-diag-384,flash-high-text-n5-text-t0.3-consensus-n5-5of5,flash-high-text-n5-text-t0.3,consensus,consensus,text,pass-metadata,True,False,text,,text,text,text,,,,0
pv-diag-384::flash-high-text-n5-text-t0.7-consensus-26of30,pv-diag-384,flash-high-text-n5-text-t0.7-consensus-26of30,flash-high-text-n5-text-t0.7,consensus,consensus,text,pass-metadata,True,False,text,,text,text,text,,,,0
pv-diag-384::flash-high-text-n5-text-t0.7-consensus-n10-9of10,pv-diag-384,flash-high-text-n5-text-t0.7-consensus-n10-9of10,flash-high-text-n5-text-t0.7,consensus,consensus,text,pass-metadata,True,False,text,,text,text,text,,,,0
pv-diag-384::flash-high-text-n5-text-t0.7-consensus-n5-5of5,pv-diag-384,flash-high-text-n5-text-t0.7-consensus-n5-5of5,flash-high-text-n5-text-t0.7,consensus,consensus,text,pass-metadata,True,False,text,,text,text,text,,,,0
pv-diag-384::flash-high-text-n5-text-t1.0-consensus-9of10,pv-diag-384,flash-high-text-n5-text-t1.0-consensus-9of10,flash-high-text-n5-text-t1.0,consensus,consensus,text,pass-metadata,True,False,text,,text,text,text,,,,0
pv-diag-384::flash-high-text-n5-text-t1.0-consensus-n5-5of5,pv-diag-384,flash-high-text-n5-text-t1.0-consensus-n5-5of5,flash-high-text-n5-text-t1.0,consensus,consensus,text,pass-metadata,True,False,text,,text,text,text,,,,0
pv-diag-384::flash-minimal-text-n30-t07-text-t0.0-consensus-3of3,pv-diag-384,flash-minimal-text-n30-t07-text-t0.0-consensus-3of3,flash-minimal-text-n30-t07-text-t0.0,consensus,consensus,text,pass-metadata,True,False,text,,text,text,text,,,,0
pv-diag-384::flash-minimal-text-n30-t07-text-t0.3-consensus-10of10,pv-diag-384,flash-minimal-text-n30-t07-text-t0.3-consensus-10of10,flash-minimal-text-n30-t07-text-t0.3,consensus,consensus,text,pass-metadata,True,False,text,,text,text,text,,,,0
pv-diag-384::flash-minimal-text-n30-t07-text-t0.3-consensus-n5-5of5,pv-diag-384,flash-minimal-text-n30-t07-text-t0.3-consensus-n5-5of5,flash-minimal-text-n30-t07-text-t0.3,consensus,consensus,text,pass-metadata,True,False,text,,text,text,text,,,,0
pv-diag-384::flash-minimal-text-n30-t07-text-t0.7-consensus-29of30,pv-diag-384,flash-minimal-text-n30-t07-text-t0.7-consensus-29of30,flash-minimal-text-n30-t07-text-t0.7,consensus,consensus,text,pass-metadata,True,False,text,,text,text,text,,,,0
pv-diag-384::flash-minimal-text-n30-t07-text-t0.7-consensus-n10-10of10,pv-diag-384,flash-minimal-text-n30-t07-text-t0.7-consensus-n10-10of10,flash-minimal-text-n30-t07-text-t0.7,consensus,consensus,text,pass-metadata,True,False,text,,text,text,text,,,,0
pv-diag-384::flash-minimal-text-n30-t07-text-t0.7-consensus-n5-5of5,pv-diag-384,flash-minimal-text-n30-t07-text-t0.7-consensus-n5-5of5,flash-minimal-text-n30-t07-text-t0.7,consensus,consensus,text,pass-metadata,True,False,text,,text,text,text,,,,0
pv-diag-384::flash-minimal-text-n30-t07-text-t1.0-consensus-9of10,pv-diag-384,flash-minimal-text-n30-t07-text-t1.0-consensus-9of10,flash-minimal-text-n30-t07-text-t1.0,consensus,consensus,text,pass-metadata,True,False,text,,text,text,text,,,,0
pv-diag-384::flash-minimal-text-n30-t07-text-t1.0-consensus-n5-5of5,pv-diag-384,flash-minimal-text-n30-t07-text-t1.0-consensus-n5-5of5,flash-minimal-text-n30-t07-text-t1.0,consensus,consensus,text,pass-metadata,True,False,text,,text,text,text,,,,0
pv-diag-384::image-n5-image-t0.3-consensus-10of10,pv-diag-384,image-n5-image-t0.3-consensus-10of10,image-n5-image-t0.3,consensus,consensus,image,pass-metadata,True,False,image,,image,image,image,,,,0
pv-diag-384::image-n5-image-t0.3-consensus-n5-5of5,pv-diag-384,image-n5-image-t0.3-consensus-n5-5of5,image-n5-image-t0.3,consensus,consensus,image,pass-metadata,True,False,image,,image,image,image,,,,0
pv-diag-384::image-n5-image-t0.7-consensus-8of10,pv-diag-384,image-n5-image-t0.7-consensus-8of10,image-n5-image-t0.7,consensus,consensus,image,pass-metadata,True,False,image,,image,image,image,,,,0
pv-diag-384::image-n5-image-t0.7-consensus-n5-4of5,pv-diag-384,image-n5-image-t0.7-consensus-n5-4of5,image-n5-image-t0.7,consensus,consensus,image,pass-metadata,True,False,image,,image,image,image,,,,0
pv-diag-384::image-n5-image-t1.0-consensus-8of10,pv-diag-384,image-n5-image-t1.0-consensus-8of10,image-n5-image-t1.0,consensus,consensus,image,pass-metadata,True,False,image,,image,image,image,,,,0
pv-diag-384::image-n5-image-t1.0-consensus-n5-4of5,pv-diag-384,image-n5-image-t1.0-consensus-n5-4of5,image-n5-image-t1.0,consensus,consensus,image,pass-metadata,True,False,image,,image,image,image,,,,0
pv-diag-384::verified-adv-text-consensus-16of30,pv-diag-384,verified-adv-text-consensus-16of30,flash-high-text-consensus-16of30,proposer-verifier,verified,text,pool-name-token,False,False,,,,text,text,text,,,0
pv-diag-384::verified-adv-text-4of5,pv-diag-384,verified-adv-text-4of5,flash-high-text-1of5,proposer-verifier,verified,text,run-metadata,True,False,,,,text,text,text,,,0
pv-diag-384::verified-adv-text-6of10,pv-diag-384,verified-adv-text-6of10,flash-high-text-1of10,proposer-verifier,verified,text,pool-name-token,False,False,,,,text,text,text,,,0
pv-diag-384::verified-adv-text-high-vf-4of5,pv-diag-384,verified-adv-text-high-vf-4of5,flash-high-text-1of5,proposer-verifier,verified,text,run-metadata,True,False,,,,text,text,text,,,0
pv-diag-384::verified-adv-text-medium-vf-4of5,pv-diag-384,verified-adv-text-medium-vf-4of5,flash-high-text-1of5,proposer-verifier,verified,text,run-metadata,True,False,,,,text,text,text,,,0
pv-diag-384::verified-adv-pro-text-flash-vf-3of5,pv-diag-384,verified-adv-pro-text-flash-vf-3of5,pro-high-text-1of5,proposer-verifier,verified,text,run-metadata,True,False,,,,text,text,text,,,0
pv-diag-384::verified-adv-pro-text-pro-vf-3of5,pv-diag-384,verified-adv-pro-text-pro-vf-3of5,pro-high-text-1of5,proposer-verifier,verified,text,run-metadata,True,False,,,,text,text,text,,,0
pv-diag-384::verified-adv-text-min-true-3of5,pv-diag-384,verified-adv-text-min-true-3of5,text-min-t07-true-1of5,proposer-verifier,verified,text,pool-name-token,False,False,,,,text,text,text,,,0
pv-diag-384::verified-adv-text-min-n30lineage-4of5,pv-diag-384,verified-adv-text-min-n30lineage-4of5,flash-minimal-text-t07-1of5,proposer-verifier,verified,text,pool-name-token,False,False,,,,text,text,text,,,0
pv-diag-384::verified-adv-text-min-6of10,pv-diag-384,verified-adv-text-min-6of10,text-1of10,proposer-verifier,verified,text,run-metadata,True,False,,,,text,text,text,,,0
pv-diag-384::verified-adv-text-t03-4of5,pv-diag-384,verified-adv-text-t03-4of5,flash-high-text-t03-1of5,proposer-verifier,verified,text,pool-name-token,False,False,,,,text,text,text,,,0
pv-diag-384::verified-adv-image-3of5,pv-diag-384,verified-adv-image-3of5,flash-high-image-1of5,proposer-verifier,verified,image,run-metadata,True,False,,,,image,image,image,,,0
pv-diag-384::verified-adv-text-pro-vf-4of5,pv-diag-384,verified-adv-text-pro-vf-4of5,flash-high-text-1of5,proposer-verifier,verified,text,run-metadata,True,False,,,,text,text,text,,,0
pv-diag-384::verified-adv-image-min-3of5,pv-diag-384,verified-adv-image-min-3of5,image-1of5,proposer-verifier,verified,image,run-metadata,True,False,,,,image,image,image,,,0
pv-diag-384::verified-adv-image-min-6of10,pv-diag-384,verified-adv-image-min-6of10,image-1of10,proposer-verifier,verified,image,pool-name-token,False,False,,,,image,image,image,,,0
pv-diag-384::verified-adv-image-baseline,pv-diag-384,verified-adv-image-baseline,image-baseline,proposer-verifier,verified,image,run-metadata,True,False,,,,image,image,image,,,0
pv-diag-384::verified-adv-image-baseline-medium-vf,pv-diag-384,verified-adv-image-baseline-medium-vf,image-baseline,proposer-verifier,verified,image,run-metadata,True,False,,,,image,image,image,,,0
pv-diag-384::verified-adv-image-baseline-pro-vf,pv-diag-384,verified-adv-image-baseline-pro-vf,image-baseline,proposer-verifier,verified,image,run-metadata,True,False,,,,image,image,image,,,0
pv-diag-384::verified-adv-text-baseline,pv-diag-384,verified-adv-text-baseline,text-baseline,proposer-verifier,verified,text,run-metadata,True,False,,,,text,text,text,,,0
pv-diag-384::verified-adv-text-baseline-medium-vf,pv-diag-384,verified-adv-text-baseline-medium-vf,text-baseline,proposer-verifier,verified,text,run-metadata,True,False,,,,text,text,text,,,0
pv-diag-384::verified-adv-text-baseline-pro-vf,pv-diag-384,verified-adv-text-baseline-pro-vf,text-baseline,proposer-verifier,verified,text,run-metadata,True,False,,,,text,text,text,,,0
pv-diag-384::verified-adv-pro-text-medium-vf-3of5,pv-diag-384,verified-adv-pro-text-medium-vf-3of5,pro-high-text-1of5,proposer-verifier,verified,text,run-metadata,True,False,,,,text,text,text,,,0
pv-diag-384::verified-adv-pro-image-pro-vf-3of5,pv-diag-384,verified-adv-pro-image-pro-vf-3of5,pro-high-image-1of5,proposer-verifier,verified,image,run-metadata,True,False,,,,image,image,image,,,0
pv-diag-384::verified-adv-pro-text-baseline,pv-diag-384,verified-adv-pro-text-baseline,pro-medium-text-baseline,proposer-verifier,verified,text,run-metadata,True,False,,,,text,text,text,,,0
pv-diag-384::verified-adv-pro-text-baseline-medium-vf,pv-diag-384,verified-adv-pro-text-baseline-medium-vf,pro-medium-text-baseline,proposer-verifier,verified,text,run-metadata,True,False,,,,text,text,text,,,0
pv-diag-384::verified-adv-pro-text-baseline-pro-vf,pv-diag-384,verified-adv-pro-text-baseline-pro-vf,pro-medium-text-baseline,proposer-verifier,verified,text,run-metadata,True,False,,,,text,text,text,,,0
pv-diag-384::verified-adv-pro-image-baseline,pv-diag-384,verified-adv-pro-image-baseline,pro-medium-image-baseline,proposer-verifier,verified,image,run-metadata,True,False,,,,image,image,image,,,0
pv-diag-384::verified-adv-pro-image-baseline-medium-vf,pv-diag-384,verified-adv-pro-image-baseline-medium-vf,pro-medium-image-baseline,proposer-verifier,verified,image,run-metadata,True,False,,,,image,image,image,,,0
pv-diag-384::verified-adv-pro-image-baseline-pro-vf,pv-diag-384,verified-adv-pro-image-baseline-pro-vf,pro-medium-image-baseline,proposer-verifier,verified,image,run-metadata,True,False,,,,image,image,image,,,0
pv-diag-384::verified-adv-image-3of5-era2b,pv-diag-384,verified-adv-image-3of5-era2b,flash-high-image-1of5,proposer-verifier,verified,image,run-metadata,True,False,,,,image,image,,,,0
pv-diag-384::verified-adv-image-min-3of5-era2b,pv-diag-384,verified-adv-image-min-3of5-era2b,image-1of5,proposer-verifier,verified,image,run-metadata,True,False,,,,image,image,,,,0
pv-diag-384::verified-adv-image-min-6of10-era2b,pv-diag-384,verified-adv-image-min-6of10-era2b,image-1of10,proposer-verifier,verified,image,pool-name-token,False,False,,,,image,image,,,,0
pv-diag-384::verified-adv-pro-image-pro-vf-3of5-era2b,pv-diag-384,verified-adv-pro-image-pro-vf-3of5-era2b,pro-high-image-1of5,proposer-verifier,verified,image,run-metadata,True,False,,,,image,image,,,,0
pv-diag-384::verified-adv-pro-text-flash-vf-3of5-era2b,pv-diag-384,verified-adv-pro-text-flash-vf-3of5-era2b,pro-high-text-1of5,proposer-verifier,verified,text,run-metadata,True,False,,,,text,text,,,,0
pv-diag-384::verified-adv-pro-text-medium-vf-3of5-era2b,pv-diag-384,verified-adv-pro-text-medium-vf-3of5-era2b,pro-high-text-1of5,proposer-verifier,verified,text,run-metadata,True,False,,,,text,text,,,,0
pv-diag-384::verified-adv-pro-text-pro-vf-3of5-era2b,pv-diag-384,verified-adv-pro-text-pro-vf-3of5-era2b,pro-high-text-1of5,proposer-verifier,verified,text,run-metadata,True,False,,,,text,text,,,,0
pv-diag-384::verified-adv-text-4of5-era2b,pv-diag-384,verified-adv-text-4of5-era2b,flash-high-text-1of5,proposer-verifier,verified,text,run-metadata,True,False,,,,text,text,,,,0
pv-diag-384::verified-adv-text-6of10-era2b,pv-diag-384,verified-adv-text-6of10-era2b,flash-high-text-1of10,proposer-verifier,verified,text,pool-name-token,False,False,,,,text,text,,,,0
pv-diag-384::verified-adv-text-consensus-16of30-era2b,pv-diag-384,verified-adv-text-consensus-16of30-era2b,flash-high-text-consensus-16of30,proposer-verifier,verified,text,pool-name-token,False,False,,,,text,text,,,,0
pv-diag-384::verified-adv-text-high-vf-4of5-era2b,pv-diag-384,verified-adv-text-high-vf-4of5-era2b,flash-high-text-1of5,proposer-verifier,verified,text,run-metadata,True,False,,,,text,text,,,,0
pv-diag-384::verified-adv-text-medium-vf-4of5-era2b,pv-diag-384,verified-adv-text-medium-vf-4of5-era2b,flash-high-text-1of5,proposer-verifier,verified,text,run-metadata,True,False,,,,text,text,,,,0
pv-diag-384::verified-adv-text-min-6of10-era2b,pv-diag-384,verified-adv-text-min-6of10-era2b,text-1of10,proposer-verifier,verified,text,run-metadata,True,False,,,,text,text,,,,0
pv-diag-384::verified-adv-text-min-n30lineage-4of5-era2b,pv-diag-384,verified-adv-text-min-n30lineage-4of5-era2b,flash-minimal-text-t07-1of5,proposer-verifier,verified,text,pool-name-token,False,False,,,,text,text,,,,0
pv-diag-384::verified-adv-text-min-true-3of5-era2b,pv-diag-384,verified-adv-text-min-true-3of5-era2b,text-min-t07-true-1of5,proposer-verifier,verified,text,pool-name-token,False,False,,,,text,text,,,,0
pv-diag-384::verified-adv-text-pro-vf-4of5-era2b,pv-diag-384,verified-adv-text-pro-vf-4of5-era2b,flash-high-text-1of5,proposer-verifier,verified,text,run-metadata,True,False,,,,text,text,,,,0
pv-diag-384::verified-adv-text-t03-4of5-era2b,pv-diag-384,verified-adv-text-t03-4of5-era2b,flash-high-text-t03-1of5,proposer-verifier,verified,text,pool-name-token,False,False,,,,text,text,,,,0
pv-diag-384::pv-high-text-t0.3-n5-opmax,pv-diag-384,pv-high-text-t0.3-n5-opmax,flash-high-text-n5-text-t0.3,proposer-verifier,verified,text,pass-metadata,True,False,text,,text,text,text,,text,text,0
pv-diag-384::session-78-text-comparative-opmax,pv-diag-384,session-78-text-comparative-opmax,flash-high-text-n5-text-t0.7,proposer-verifier,verified,text,pass-metadata,True,False,text,,text,text,text,,text,text,0
pv-diag-384::session-78-text-adversarial-opmax,pv-diag-384,session-78-text-adversarial-opmax,flash-high-text-n5-text-t0.7,proposer-verifier,verified,text,pass-metadata,True,False,text,,text,text,text,,text,text,0
pv-diag-384::pv-high-text-t1.0-n10-opmax,pv-diag-384,pv-high-text-t1.0-n10-opmax,flash-high-text-n5-text-t1.0,proposer-verifier,verified,text,pass-metadata,True,False,text,,text,text,text,,text,text,0
pv-diag-384::session-78-text-checklist-opmax,pv-diag-384,session-78-text-checklist-opmax,flash-high-text-n5-text-t0.7,proposer-verifier,verified,text,pass-metadata,True,False,text,,text,text,text,,text,text,0
pv-diag-384::pv-min-text-t0.3-n5-opmax,pv-diag-384,pv-min-text-t0.3-n5-opmax,flash-minimal-text-n30-t07-text-t0.3,proposer-verifier,verified,text,pass-metadata,True,False,text,,text,text,text,,text,text,0
pv-diag-384::pv-min-text-t1.0-n10-opmax,pv-diag-384,pv-min-text-t1.0-n10-opmax,flash-minimal-text-n30-t07-text-t1.0,proposer-verifier,verified,text,pass-metadata,True,False,text,,text,text,text,,text,text,0
pv-diag-384::session-78-text-brief-opmax,pv-diag-384,session-78-text-brief-opmax,flash-high-text-n5-text-t0.7,proposer-verifier,verified,text,pass-metadata,True,False,text,,text,text,text,,text,text,0
pv-diag-384::pv-high-text-t0.7-n10-opmax,pv-diag-384,pv-high-text-t0.7-n10-opmax,flash-high-text-n5-text-t0.7,proposer-verifier,verified,text,pass-metadata,True,False,text,,text,text,text,,text,text,0
pv-diag-384::pv-min-text-t0.7-n5-opmax,pv-diag-384,pv-min-text-t0.7-n5-opmax,flash-minimal-text-n30-t07-text-t0.7,proposer-verifier,verified,text,pass-metadata,True,False,text,,text,text,text,,text,text,0
pv-diag-384::pv-min-text-t0.7-n10-opmax,pv-diag-384,pv-min-text-t0.7-n10-opmax,flash-minimal-text-n30-t07-text-t0.7,proposer-verifier,verified,text,pass-metadata,True,False,text,,text,text,text,,text,text,0
pv-diag-384::pv-high-text-t0.3-n10-opmax,pv-diag-384,pv-high-text-t0.3-n10-opmax,flash-high-text-n5-text-t0.3,proposer-verifier,verified,text,pass-metadata,True,False,text,,text,text,text,,text,text,0
pv-diag-384::pv-min-text-t1.0-n5-opmax,pv-diag-384,pv-min-text-t1.0-n5-opmax,flash-minimal-text-n30-t07-text-t1.0,proposer-verifier,verified,text,pass-metadata,True,False,text,,text,text,text,,text,text,0
pv-diag-384::pv-min-text-t0.3-n10-opmax,pv-diag-384,pv-min-text-t0.3-n10-opmax,flash-minimal-text-n30-t07-text-t0.3,proposer-verifier,verified,text,pass-metadata,True,False,text,,text,text,text,,text,text,0
pv-diag-384::session-78-text-checklist-text-opmax,pv-diag-384,session-78-text-checklist-text-opmax,flash-high-text-n5-text-t0.7,proposer-verifier,verified,text,pass-metadata,True,False,text,,text,text,text,,text,text,0
pv-diag-384::pv-high-text-t0.7-n5-opmax,pv-diag-384,pv-high-text-t0.7-n5-opmax,flash-high-text-n5-text-t0.7,proposer-verifier,verified,text,pass-metadata,True,False,text,,text,text,text,,text,text,0
pv-diag-384::pv-min-text-t0.0-n3-opmax,pv-diag-384,pv-min-text-t0.0-n3-opmax,flash-minimal-text-n30-t07-text-t0.0,proposer-verifier,verified,text,pass-metadata,True,False,text,,text,text,text,,text,text,0
pv-diag-384::pv-high-text-t1.0-n5-opmax,pv-diag-384,pv-high-text-t1.0-n5-opmax,flash-high-text-n5-text-t1.0,proposer-verifier,verified,text,pass-metadata,True,False,text,,text,text,text,,text,text,0
pv-diag-384::session-78-text-adversarial-text-opmax,pv-diag-384,session-78-text-adversarial-text-opmax,flash-high-text-n5-text-t0.7,proposer-verifier,verified,text,pass-metadata,True,False,text,,text,text,text,,text,text,0
pv-diag-384::session-78-text-brief-text-opmax,pv-diag-384,session-78-text-brief-text-opmax,flash-high-text-n5-text-t0.7,proposer-verifier,verified,text,pass-metadata,True,False,text,,text,text,text,,text,text,0
pv-diag-384::pv-high-text-t0.0-n3-opmax,pv-diag-384,pv-high-text-t0.0-n3-opmax,flash-high-text-n5-text-t0.0,proposer-verifier,verified,text,pass-metadata,True,False,text,,text,text,text,,text,text,0
pv-diag-384::pv-min-image-t0.7-n10-opmax,pv-diag-384,pv-min-image-t0.7-n10-opmax,image-n5-image-t0.7,proposer-verifier,verified,image,pass-metadata,True,False,image,,image,image,image,,image,image,0
pv-diag-384::pv-high-image-t0.7-n5-opmax,pv-diag-384,pv-high-image-t0.7-n5-opmax,flash-high-image-n5-image-t0.7,proposer-verifier,verified,image,pass-metadata,True,False,image,,image,image,image,,image,image,0
pv-diag-384::session-78-image-adversarial-opmax,pv-diag-384,session-78-image-adversarial-opmax,flash-high-image-n5-image-t0.7,proposer-verifier,verified,image,pass-metadata,True,False,image,,image,image,image,,image,image,0
pv-diag-384::session-78-image-comparative-opmax,pv-diag-384,session-78-image-comparative-opmax,flash-high-image-n5-image-t0.7,proposer-verifier,verified,image,pass-metadata,True,False,image,,image,image,image,,image,image,0
pv-diag-384::session-78-image-checklist-text-opmax,pv-diag-384,session-78-image-checklist-text-opmax,flash-high-image-n5-image-t0.7,proposer-verifier,verified,image,pass-metadata,True,False,image,,image,image,both,,image,image,0
pv-diag-384::session-78-image-brief-opmax,pv-diag-384,session-78-image-brief-opmax,flash-high-image-n5-image-t0.7,proposer-verifier,verified,image,pass-metadata,True,False,image,,image,image,image,,image,image,0
pv-diag-384::session-78-image-checklist-opmax,pv-diag-384,session-78-image-checklist-opmax,flash-high-image-n5-image-t0.7,proposer-verifier,verified,image,pass-metadata,True,False,image,,image,image,image,,image,image,0
pv-diag-384::pv-min-image-t0.3-n10-opmax,pv-diag-384,pv-min-image-t0.3-n10-opmax,image-n5-image-t0.3,proposer-verifier,verified,image,pass-metadata,True,False,image,,image,image,image,,image,image,0
pv-diag-384::session-78-image-brief-text-opmax,pv-diag-384,session-78-image-brief-text-opmax,flash-high-image-n5-image-t0.7,proposer-verifier,verified,image,pass-metadata,True,False,image,,image,image,both,,image,image,0
pv-diag-384::pv-min-image-t0.3-n5-opmax,pv-diag-384,pv-min-image-t0.3-n5-opmax,image-n5-image-t0.3,proposer-verifier,verified,image,pass-metadata,True,False,image,,image,image,image,,image,image,0
pv-diag-384::pv-high-image-t0.7-n10-opmax,pv-diag-384,pv-high-image-t0.7-n10-opmax,flash-high-image-n5-image-t0.7,proposer-verifier,verified,image,pass-metadata,True,False,image,,image,image,image,,image,image,0
pv-diag-384::pv-min-image-t0.7-n5-opmax,pv-diag-384,pv-min-image-t0.7-n5-opmax,image-n5-image-t0.7,proposer-verifier,verified,image,pass-metadata,True,False,image,,image,image,image,,image,image,0
pv-diag-384::session-78-image-adversarial-text-opmax,pv-diag-384,session-78-image-adversarial-text-opmax,flash-high-image-n5-image-t0.7,proposer-verifier,verified,image,pass-metadata,True,False,image,,image,image,both,,image,image,0
pv-diag-384::pv-high-image-t0.3-n10-opmax,pv-diag-384,pv-high-image-t0.3-n10-opmax,flash-high-image-n5-image-t0.3,proposer-verifier,verified,image,pass-metadata,True,False,image,,image,image,image,,image,image,0
pv-diag-384::pv-scale4-optimal-n10-opmax,pv-diag-384,pv-scale4-optimal-n10-opmax,scale-4-optimal-487,proposer-verifier,verified,image,pass-metadata,True,False,image,,image,,,,image,image,0
pv-diag-384::pv-high-image-t1.0-n10-opmax,pv-diag-384,pv-high-image-t1.0-n10-opmax,flash-high-image-n5-image-t1.0,proposer-verifier,verified,image,pass-metadata,True,False,image,,image,image,image,,image,image,0
pv-diag-384::pv-scale4-optimal-n5-opmax,pv-diag-384,pv-scale4-optimal-n5-opmax,scale-4-optimal-487,proposer-verifier,verified,image,pass-metadata,True,False,image,,image,,,,image,image,0
pv-diag-384::pv-high-image-t0.3-n5-opmax,pv-diag-384,pv-high-image-t0.3-n5-opmax,flash-high-image-n5-image-t0.3,proposer-verifier,verified,image,pass-metadata,True,False,image,,image,image,image,,image,image,0
pv-diag-384::pv-min-image-t1.0-n10-opmax,pv-diag-384,pv-min-image-t1.0-n10-opmax,image-n5-image-t1.0,proposer-verifier,verified,image,pass-metadata,True,False,image,,image,image,image,,image,image,0
pv-diag-384::pv-min-image-t1.0-n5-opmax,pv-diag-384,pv-min-image-t1.0-n5-opmax,image-n5-image-t1.0,proposer-verifier,verified,image,pass-metadata,True,False,image,,image,image,image,,image,image,0
pv-diag-384::pv-high-image-t1.0-n5-opmax,pv-diag-384,pv-high-image-t1.0-n5-opmax,flash-high-image-n5-image-t1.0,proposer-verifier,verified,image,pass-metadata,True,False,image,,image,image,image,,image,image,0
pv-diag-384::pv-high-text-t0.0-n3-recovery-2026-09-08-opmax,pv-diag-384,pv-high-text-t0.0-n3-recovery-2026-09-08-opmax,flash-high-text-n5-text-t0.0,proposer-verifier,verified,text,pass-metadata,True,False,text,,text,text,text,text,,,0
pv-diag-384::pv-high-text-t0.0-n3-recovery-2026-09-08-opmax-era2b,pv-diag-384,pv-high-text-t0.0-n3-recovery-2026-09-08-opmax-era2b,flash-high-text-n5-text-t0.0,proposer-verifier,verified,text,pass-metadata,True,False,text,,text,text,text,,,,0
pv-diag-384::verified-adv-image-baseline-era2b,pv-diag-384,verified-adv-image-baseline-era2b,image-baseline,proposer-verifier,verified,image,run-metadata,True,False,,,,image,image,,,,0
pv-diag-384::verified-adv-image-baseline-medium-vf-era2b,pv-diag-384,verified-adv-image-baseline-medium-vf-era2b,image-baseline,proposer-verifier,verified,image,run-metadata,True,False,,,,image,image,,,,0
pv-diag-384::verified-adv-image-baseline-pro-vf-era2b,pv-diag-384,verified-adv-image-baseline-pro-vf-era2b,image-baseline,proposer-verifier,verified,image,run-metadata,True,False,,,,image,image,,,,0
pv-diag-384::verified-adv-pro-image-baseline-era2b,pv-diag-384,verified-adv-pro-image-baseline-era2b,pro-medium-image-baseline,proposer-verifier,verified,image,run-metadata,True,False,,,,image,image,,,,0
pv-diag-384::verified-adv-pro-image-baseline-medium-vf-era2b,pv-diag-384,verified-adv-pro-image-baseline-medium-vf-era2b,pro-medium-image-baseline,proposer-verifier,verified,image,run-metadata,True,False,,,,image,image,,,,0
pv-diag-384::verified-adv-pro-image-baseline-pro-vf-era2b,pv-diag-384,verified-adv-pro-image-baseline-pro-vf-era2b,pro-medium-image-baseline,proposer-verifier,verified,image,run-metadata,True,False,,,,image,image,,,,0
pv-diag-384::verified-adv-pro-text-baseline-era2b,pv-diag-384,verified-adv-pro-text-baseline-era2b,pro-medium-text-baseline,proposer-verifier,verified,text,run-metadata,True,False,,,,text,text,,,,0
pv-diag-384::verified-adv-pro-text-baseline-medium-vf-era2b,pv-diag-384,verified-adv-pro-text-baseline-medium-vf-era2b,pro-medium-text-baseline,proposer-verifier,verified,text,run-metadata,True,False,,,,text,text,,,,0
pv-diag-384::verified-adv-pro-text-baseline-pro-vf-era2b,pv-diag-384,verified-adv-pro-text-baseline-pro-vf-era2b,pro-medium-text-baseline,proposer-verifier,verified,text,run-metadata,True,False,,,,text,text,,,,0
pv-diag-384::verified-adv-text-baseline-era2b,pv-diag-384,verified-adv-text-baseline-era2b,text-baseline,proposer-verifier,verified,text,run-metadata,True,False,,,,text,text,,,,0
pv-diag-384::verified-adv-text-baseline-medium-vf-era2b,pv-diag-384,verified-adv-text-baseline-medium-vf-era2b,text-baseline,proposer-verifier,verified,text,run-metadata,True,False,,,,text,text,,,,0
pv-diag-384::verified-adv-text-baseline-pro-vf-era2b,pv-diag-384,verified-adv-text-baseline-pro-vf-era2b,text-baseline,proposer-verifier,verified,text,run-metadata,True,False,,,,text,text,,,,0
pv-diag-384::pv-min-text-t0.3-n1-opmax,pv-diag-384,pv-min-text-t0.3-n1-opmax,flash-minimal-text-n30-t07-text-t0.3,proposer-verifier,verified,text,pass-metadata,True,False,text,,text,text,text,text,,,0
pv-diag-384::pv-min-text-t0.3-n3-opmax,pv-diag-384,pv-min-text-t0.3-n3-opmax,flash-minimal-text-n30-t07-text-t0.3,proposer-verifier,verified,text,pass-metadata,True,False,text,,text,text,text,text,,,0
pv-diag-384::pv-min-text-t0.3-n3-carried-p0.15-k3,pv-diag-384,pv-min-text-t0.3-n3-carried-p0.15-k3,flash-minimal-text-n30-t07-text-t0.3,proposer-verifier,verified,text,pass-metadata,True,False,text,,text,text,text,text,,,0
pv-diag-384::pv-min-text-t0.7-n1-opmax,pv-diag-384,pv-min-text-t0.7-n1-opmax,flash-minimal-text-n30-t07-text-t0.7,proposer-verifier,verified,text,pass-metadata,True,False,text,,text,text,text,text,,,0
pv-diag-384::pv-min-text-t0.7-n3-opmax,pv-diag-384,pv-min-text-t0.7-n3-opmax,flash-minimal-text-n30-t07-text-t0.7,proposer-verifier,verified,text,pass-metadata,True,False,text,,text,text,text,text,,,0
pv-diag-384::pv-min-text-t0.7-n3-carried-p0.15-k3,pv-diag-384,pv-min-text-t0.7-n3-carried-p0.15-k3,flash-minimal-text-n30-t07-text-t0.7,proposer-verifier,verified,text,pass-metadata,True,False,text,,text,text,text,text,,,0
pv-diag-384::pv-min-text-t1.0-n1-opmax,pv-diag-384,pv-min-text-t1.0-n1-opmax,flash-minimal-text-n30-t07-text-t1.0,proposer-verifier,verified,text,pass-metadata,True,False,text,,text,text,text,text,,,0
pv-diag-384::pv-min-text-t1.0-n1-carried-p0.15-k1,pv-diag-384,pv-min-text-t1.0-n1-carried-p0.15-k1,flash-minimal-text-n30-t07-text-t1.0,proposer-verifier,verified,text,pass-metadata,True,False,text,,text,text,text,text,,,0
pv-diag-384::pv-min-text-t1.0-n3-opmax,pv-diag-384,pv-min-text-t1.0-n3-opmax,flash-minimal-text-n30-t07-text-t1.0,proposer-verifier,verified,text,pass-metadata,True,False,text,,text,text,text,text,,,0
pv-diag-384::pv-min-text-t1.0-n3-carried-p0.15-k3,pv-diag-384,pv-min-text-t1.0-n3-carried-p0.15-k3,flash-minimal-text-n30-t07-text-t1.0,proposer-verifier,verified,text,pass-metadata,True,False,text,,text,text,text,text,,,0
pv-diag-384::pv-high-text-t0.3-n1-opmax,pv-diag-384,pv-high-text-t0.3-n1-opmax,flash-high-text-n5-text-t0.3,proposer-verifier,verified,text,pass-metadata,True,False,text,,text,text,text,text,,,0
pv-diag-384::pv-high-text-t0.3-n1-carried-p0.15-k1,pv-diag-384,pv-high-text-t0.3-n1-carried-p0.15-k1,flash-high-text-n5-text-t0.3,proposer-verifier,verified,text,pass-metadata,True,False,text,,text,text,text,text,,,0
pv-diag-384::pv-high-text-t0.3-n3-opmax,pv-diag-384,pv-high-text-t0.3-n3-opmax,flash-high-text-n5-text-t0.3,proposer-verifier,verified,text,pass-metadata,True,False,text,,text,text,text,text,,,0
pv-diag-384::pv-high-text-t0.7-n1-opmax,pv-diag-384,pv-high-text-t0.7-n1-opmax,flash-high-text-n5-text-t0.7,proposer-verifier,verified,text,pass-metadata,True,False,text,,text,text,text,text,,,0
pv-diag-384::pv-high-text-t0.7-n3-opmax,pv-diag-384,pv-high-text-t0.7-n3-opmax,flash-high-text-n5-text-t0.7,proposer-verifier,verified,text,pass-metadata,True,False,text,,text,text,text,text,,,0
pv-diag-384::pv-high-text-t0.7-n3-carried-p0.15-k3,pv-diag-384,pv-high-text-t0.7-n3-carried-p0.15-k3,flash-high-text-n5-text-t0.7,proposer-verifier,verified,text,pass-metadata,True,False,text,,text,text,text,text,,,0
pv-diag-384::pv-high-text-t1.0-n1-opmax,pv-diag-384,pv-high-text-t1.0-n1-opmax,flash-high-text-n5-text-t1.0,proposer-verifier,verified,text,pass-metadata,True,False,text,,text,text,text,text,,,0
pv-diag-384::pv-high-text-t1.0-n1-carried-p0.15-k1,pv-diag-384,pv-high-text-t1.0-n1-carried-p0.15-k1,flash-high-text-n5-text-t1.0,proposer-verifier,verified,text,pass-metadata,True,False,text,,text,text,text,text,,,0
pv-diag-384::pv-high-text-t1.0-n3-opmax,pv-diag-384,pv-high-text-t1.0-n3-opmax,flash-high-text-n5-text-t1.0,proposer-verifier,verified,text,pass-metadata,True,False,text,,text,text,text,text,,,0
pv-diag-384::pv-high-text-t1.0-n3-carried-p0.15-k3,pv-diag-384,pv-high-text-t1.0-n3-carried-p0.15-k3,flash-high-text-n5-text-t1.0,proposer-verifier,verified,text,pass-metadata,True,False,text,,text,text,text,text,,,0
pv-diag-384::pv-min-image-t0.3-n1-opmax,pv-diag-384,pv-min-image-t0.3-n1-opmax,image-n5-image-t0.3,proposer-verifier,verified,image,pass-metadata,True,False,image,,image,image,image,image,,,0
pv-diag-384::pv-min-image-t0.3-n1-carried-p0.15-k1,pv-diag-384,pv-min-image-t0.3-n1-carried-p0.15-k1,image-n5-image-t0.3,proposer-verifier,verified,image,pass-metadata,True,False,image,,image,image,image,image,,,0
pv-diag-384::pv-min-image-t0.3-n3-opmax,pv-diag-384,pv-min-image-t0.3-n3-opmax,image-n5-image-t0.3,proposer-verifier,verified,image,pass-metadata,True,False,image,,image,image,image,image,,,0
pv-diag-384::pv-min-image-t0.7-n1-opmax,pv-diag-384,pv-min-image-t0.7-n1-opmax,image-n5-image-t0.7,proposer-verifier,verified,image,pass-metadata,True,False,image,,image,image,image,image,,,0
pv-diag-384::pv-min-image-t0.7-n3-opmax,pv-diag-384,pv-min-image-t0.7-n3-opmax,image-n5-image-t0.7,proposer-verifier,verified,image,pass-metadata,True,False,image,,image,image,image,image,,,0
pv-diag-384::pv-min-image-t0.7-n3-carried-p0.15-k3,pv-diag-384,pv-min-image-t0.7-n3-carried-p0.15-k3,image-n5-image-t0.7,proposer-verifier,verified,image,pass-metadata,True,False,image,,image,image,image,image,,,0
pv-diag-384::pv-min-image-t1.0-n1-opmax,pv-diag-384,pv-min-image-t1.0-n1-opmax,image-n5-image-t1.0,proposer-verifier,verified,image,pass-metadata,True,False,image,,image,image,image,image,,,0
pv-diag-384::pv-min-image-t1.0-n3-opmax,pv-diag-384,pv-min-image-t1.0-n3-opmax,image-n5-image-t1.0,proposer-verifier,verified,image,pass-metadata,True,False,image,,image,image,image,image,,,0
pv-diag-384::pv-min-image-t1.0-n3-carried-p0.15-k3,pv-diag-384,pv-min-image-t1.0-n3-carried-p0.15-k3,image-n5-image-t1.0,proposer-verifier,verified,image,pass-metadata,True,False,image,,image,image,image,image,,,0
pv-diag-384::pv-high-image-t0.3-n1-opmax,pv-diag-384,pv-high-image-t0.3-n1-opmax,flash-high-image-n5-image-t0.3,proposer-verifier,verified,image,pass-metadata,True,False,image,,image,image,image,image,,,0
pv-diag-384::pv-high-image-t0.3-n3-opmax,pv-diag-384,pv-high-image-t0.3-n3-opmax,flash-high-image-n5-image-t0.3,proposer-verifier,verified,image,pass-metadata,True,False,image,,image,image,image,image,,,0
pv-diag-384::pv-high-image-t0.3-n3-carried-p0.15-k3,pv-diag-384,pv-high-image-t0.3-n3-carried-p0.15-k3,flash-high-image-n5-image-t0.3,proposer-verifier,verified,image,pass-metadata,True,False,image,,image,image,image,image,,,0
pv-diag-384::pv-high-image-t0.7-n1-opmax,pv-diag-384,pv-high-image-t0.7-n1-opmax,flash-high-image-n5-image-t0.7,proposer-verifier,verified,image,pass-metadata,True,False,image,,image,image,image,image,,,0
pv-diag-384::pv-high-image-t0.7-n3-opmax,pv-diag-384,pv-high-image-t0.7-n3-opmax,flash-high-image-n5-image-t0.7,proposer-verifier,verified,image,pass-metadata,True,False,image,,image,image,image,image,,,0
pv-diag-384::pv-high-image-t0.7-n3-carried-p0.15-k3,pv-diag-384,pv-high-image-t0.7-n3-carried-p0.15-k3,flash-high-image-n5-image-t0.7,proposer-verifier,verified,image,pass-metadata,True,False,image,,image,image,image,image,,,0
pv-diag-384::pv-high-image-t1.0-n1-opmax,pv-diag-384,pv-high-image-t1.0-n1-opmax,flash-high-image-n5-image-t1.0,proposer-verifier,verified,image,pass-metadata,True,False,image,,image,image,image,image,,,0
pv-diag-384::pv-high-image-t1.0-n1-carried-p0.15-k1,pv-diag-384,pv-high-image-t1.0-n1-carried-p0.15-k1,flash-high-image-n5-image-t1.0,proposer-verifier,verified,image,pass-metadata,True,False,image,,image,image,image,image,,,0
pv-diag-384::pv-high-image-t1.0-n3-opmax,pv-diag-384,pv-high-image-t1.0-n3-opmax,flash-high-image-n5-image-t1.0,proposer-verifier,verified,image,pass-metadata,True,False,image,,image,image,image,image,,,0
pv-diag-384::pv-high-image-t1.0-n3-carried-p0.15-k3,pv-diag-384,pv-high-image-t1.0-n3-carried-p0.15-k3,flash-high-image-n5-image-t1.0,proposer-verifier,verified,image,pass-metadata,True,False,image,,image,image,image,image,,,0
pv-diag-384::pv-scale4-optimal-n1-opmax,pv-diag-384,pv-scale4-optimal-n1-opmax,scale-4-optimal-487,proposer-verifier,verified,image,pass-metadata,True,False,image,,image,,,text,,,1
pv-diag-384::pv-scale4-optimal-n1-carried-p0.15-k1,pv-diag-384,pv-scale4-optimal-n1-carried-p0.15-k1,scale-4-optimal-487,proposer-verifier,verified,image,pass-metadata,True,False,image,,image,,,text,,,1
pv-diag-384::pv-scale4-optimal-n3-opmax,pv-diag-384,pv-scale4-optimal-n3-opmax,scale-4-optimal-487,proposer-verifier,verified,image,pass-metadata,True,False,image,,image,,,text,,,1
pv-diag-384::pv-scale4-optimal-n3-carried-p0.15-k3,pv-diag-384,pv-scale4-optimal-n3-carried-p0.15-k3,scale-4-optimal-487,proposer-verifier,verified,image,pass-metadata,True,False,image,,image,,,text,,,1
h12-v2::greedy-r1-hn-heavy,h12-v2,greedy-r1-hn-heavy,r1-hn-heavy,consensus,greedy,image,pass-metadata,True,False,image,,image,,,,,,0
h12-v2::greedy-r2-balanced,h12-v2,greedy-r2-balanced,pool_160_hp4hn4,consensus,greedy,,,False,False,,,,,,,,,0
h12-v2::greedy-r3-hp-heavy,h12-v2,greedy-r3-hp-heavy,r3-hp-heavy,consensus,greedy,image,pass-metadata,True,False,image,,image,,,,,,0
h12-v2::wbf-r1-hn-heavy,h12-v2,wbf-r1-hn-heavy,r1-hn-heavy,consensus,wbf,image,pass-metadata,True,False,image,,image,,,,,,0
h12-v2::wbf-r2-balanced,h12-v2,wbf-r2-balanced,pool_160_hp4hn4,consensus,wbf,,,False,False,,,,,,,,,0
h12-v2::wbf-r3-hp-heavy,h12-v2,wbf-r3-hp-heavy,r3-hp-heavy,consensus,wbf,image,pass-metadata,True,False,image,,image,,,,,,0
h8-v2::greedy-pure-positive-canon,h8-v2,greedy-pure-positive-canon,pure-positive-canon,consensus,greedy,image,pass-metadata,True,False,image,,image,,,,,,0
h8-v2::greedy-canonical,h8-v2,greedy-canonical,canonical,consensus,greedy,image,pass-metadata,True,False,image,,image,,,,,,0
h8-v2::greedy-plus-hp,h8-v2,greedy-plus-hp,plus-hp,consensus,greedy,image,pass-metadata,True,False,image,,image,,,,,,0
h8-v2::greedy-scale-4,h8-v2,greedy-scale-4,scale-4,consensus,greedy,image,pass-metadata,True,False,image,,image,,,,,,0
h8-v2::greedy-scale-8,h8-v2,greedy-scale-8,scale-8,consensus,greedy,image,pass-metadata,True,False,image,,image,,,,,,0
h8-v2::greedy-scale-16,h8-v2,greedy-scale-16,scale-16,consensus,greedy,image,pass-metadata,True,False,image,,image,,,,,,0
h8-v2::greedy-scale-32,h8-v2,greedy-scale-32,scale-32,consensus,greedy,image,pass-metadata,True,False,image,,image,,,,,,0
h8-v2::wbf-pure-positive-canon,h8-v2,wbf-pure-positive-canon,pure-positive-canon,consensus,wbf,image,pass-metadata,True,False,image,,image,,,,,,0
h8-v2::wbf-canonical,h8-v2,wbf-canonical,canonical,consensus,wbf,image,pass-metadata,True,False,image,,image,,,,,,0
h8-v2::wbf-plus-hp,h8-v2,wbf-plus-hp,plus-hp,consensus,wbf,image,pass-metadata,True,False,image,,image,,,,,,0
h8-v2::wbf-scale-4,h8-v2,wbf-scale-4,scale-4,consensus,wbf,image,pass-metadata,True,False,image,,image,,,,,,0
h8-v2::wbf-scale-8,h8-v2,wbf-scale-8,scale-8,consensus,wbf,image,pass-metadata,True,False,image,,image,,,,,,0
h8-v2::wbf-scale-16,h8-v2,wbf-scale-16,scale-16,consensus,wbf,image,pass-metadata,True,False,image,,image,,,,,,0
h8-v2::wbf-scale-32,h8-v2,wbf-scale-32,scale-32,consensus,wbf,image,pass-metadata,True,False,image,,image,,,,,,0
h8-v2::verified-scale-4,h8-v2,verified-scale-4,scale-4,proposer-verifier,verified,image,pass-metadata,True,False,image,,image,,,,,,0
h8-v2::verified-wbf-scale-4,h8-v2,verified-wbf-scale-4,scale-4,proposer-verifier,verified,image,pass-metadata,True,False,image,,image,,,,,,0
h8-v2::verified-wbf-scale-8,h8-v2,verified-wbf-scale-8,scale-8,proposer-verifier,verified,image,pass-metadata,True,False,image,,image,,,,,,0
retest-phase2a::brief-text,retest-phase2a,brief-text,brief-text,single-pass,none,text,pass-metadata,True,False,text,,text,text,text,,,,0
retest-phase2a::brief-text-image,retest-phase2a,brief-text-image,brief-text-image,single-pass,none,image,pass-metadata,True,False,image,,image,both,both,,,,0
retest-phase2a::image-only,retest-phase2a,image-only,image-only,single-pass,none,image,pass-metadata,True,False,image,,image,image,image,,,,0
retest-phase2a::verbose-text,retest-phase2a,verbose-text,verbose-text,single-pass,none,text,pass-metadata,True,False,text,,text,text,text,,,,0
retest-phase2a::verbose-text-image,retest-phase2a,verbose-text-image,verbose-text-image,single-pass,none,image,pass-metadata,True,False,image,,image,both,both,,,,0
retest-phase2b::image-t0.0,retest-phase2b,image-t0.0,track1-image-t0.0,single-pass,none,image,pass-metadata,True,False,image,,image,image,image,,,,0
retest-phase2b::image-t0.3,retest-phase2b,image-t0.3,track1-image-t0.3,single-pass,none,image,pass-metadata,True,False,image,,image,image,image,,,,0
retest-phase2b::image-t0.7,retest-phase2b,image-t0.7,track1-image-t0.7,single-pass,none,image,pass-metadata,True,False,image,,image,image,image,,,,0
retest-phase2b::image-t1.0,retest-phase2b,image-t1.0,track1-image-t1.0,single-pass,none,image,pass-metadata,True,False,image,,image,image,image,,,,0
retest-phase2b::image-t1.3,retest-phase2b,image-t1.3,track1-image-t1.3,single-pass,none,image,pass-metadata,True,False,image,,image,image,image,,,,0
retest-phase2b::text-t0.0,retest-phase2b,text-t0.0,track2-text-t0.0,single-pass,none,text,pass-metadata,True,False,text,,text,text,text,,,,0
retest-phase2b::text-t0.3,retest-phase2b,text-t0.3,track2-text-t0.3,single-pass,none,text,pass-metadata,True,False,text,,text,text,text,,,,0
retest-phase2b::text-t0.7,retest-phase2b,text-t0.7,track2-text-t0.7,single-pass,none,text,pass-metadata,True,False,text,,text,text,text,,,,0
retest-phase2b::text-t1.0,retest-phase2b,text-t1.0,track2-text-t1.0,single-pass,none,text,pass-metadata,True,False,text,,text,text,text,,,,0
retest-phase2b::text-t1.3,retest-phase2b,text-t1.3,track2-text-t1.3,single-pass,none,text,pass-metadata,True,False,text,,text,text,text,,,,0
retest-phase2b::verified-adv-text-t0.0,retest-phase2b,verified-adv-text-t0.0,text-t0.0,proposer-verifier,verified,text,pool-name-token,False,False,,,,text,text,,,,0
retest-phase2b::verified-adv-image-t0.0,retest-phase2b,verified-adv-image-t0.0,image-t0.0,proposer-verifier,verified,image,pool-name-token,False,False,,,,image,image,,,,0
retest-phase2c::image-canonical,retest-phase2c,image-canonical,track1-image-canonical,single-pass,none,image,pass-metadata,True,False,image,,image,image,image,,,,0
retest-phase2c::image-plus-hp,retest-phase2c,image-plus-hp,track1-image-plus-hp,single-pass,none,image,pass-metadata,True,False,image,,image,image,image,,,,0
retest-phase2c::image-pure-positive-canon,retest-phase2c,image-pure-positive-canon,track1-image-pure-positive-canon,single-pass,none,image,pass-metadata,True,False,image,,image,image,image,,,,0
retest-phase2c::image-scale-4,retest-phase2c,image-scale-4,track1-image-scale-4,single-pass,none,image,pass-metadata,True,False,image,,image,image,image,,,,0
retest-phase2c::image-scale-8,retest-phase2c,image-scale-8,track1-image-scale-8,single-pass,none,image,pass-metadata,True,False,image,,image,image,image,,,,0
retest-phase2c::image-exploratory-pure-positive-2hp,retest-phase2c,image-exploratory-pure-positive-2hp,track1-image-exploratory-pure-positive-2hp,single-pass,none,image,pass-metadata,True,False,image,,image,image,image,,,,0
retest-phase2c::image-exploratory-pure-positive-4hp,retest-phase2c,image-exploratory-pure-positive-4hp,track1-image-exploratory-pure-positive-4hp,single-pass,none,image,pass-metadata,True,False,image,,image,image,image,,,,0
retest-phase2c::image-exploratory-pure-positive-canon,retest-phase2c,image-exploratory-pure-positive-canon,track1-image-exploratory-pure-positive-canon,single-pass,none,image,pass-metadata,True,False,image,,image,image,image,,,,0
retest-phase2c::text-canonical,retest-phase2c,text-canonical,track2-text-canonical,single-pass,none,text,pass-metadata,True,False,text,,text,text,text,,,,0
retest-phase2c::text-plus-hp,retest-phase2c,text-plus-hp,track2-text-plus-hp,single-pass,none,text,pass-metadata,True,False,text,,text,text,text,,,,0
retest-phase2c::text-pure-positive-canon,retest-phase2c,text-pure-positive-canon,track2-text-pure-positive-canon,single-pass,none,text,pass-metadata,True,False,text,,text,text,text,,,,0
retest-phase2c::text-scale-4,retest-phase2c,text-scale-4,track2-text-scale-4,single-pass,none,text,pass-metadata,True,False,text,,text,text,text,,,,0
retest-phase2c::text-scale-8,retest-phase2c,text-scale-8,track2-text-scale-8,single-pass,none,text,pass-metadata,True,False,text,,text,text,text,,,,0
retest-phase2d::image-terse,retest-phase2d,image-terse,track1-image-terse,single-pass,none,image,pass-metadata,True,False,image,,image,image,image,,,,0
retest-phase2d::image-verbose,retest-phase2d,image-verbose,track1-image-verbose,single-pass,none,image,pass-metadata,True,False,image,,image,image,image,,,,0
retest-phase2d::text-terse,retest-phase2d,text-terse,track2-text-terse,single-pass,none,text,pass-metadata,True,False,text,,text,text,text,,,,0
retest-phase2d::text-verbose,retest-phase2d,text-verbose,track2-text-verbose,single-pass,none,text,pass-metadata,True,False,text,,text,text,text,,,,0
retest-phase2e::canonical-first,retest-phase2e,canonical-first,canonical-first,single-pass,none,image,pass-metadata,True,False,image,,image,,,,,,0
retest-phase2e::canonical-last,retest-phase2e,canonical-last,canonical-last,single-pass,none,image,pass-metadata,True,False,image,,image,,,,,,1
retest-phase2e::config-default,retest-phase2e,config-default,config-default,single-pass,none,image,pass-metadata,True,False,image,,image,,,,,,0
retest-phase2e::random,retest-phase2e,random,random,single-pass,none,image,pass-metadata,True,False,image,,image,,,,,,0
retest-phase3a::image-t0.3-n5-4of5,retest-phase3a,image-t0.3-n5-4of5,track1-image-t0.3,consensus,consensus,image,pass-metadata,True,False,image,,image,image,image,,,,0
retest-phase3a::image-t0.3-n10-8of10,retest-phase3a,image-t0.3-n10-8of10,track1-image-t0.3,consensus,consensus,image,pass-metadata,True,False,image,,image,image,image,,,,0
retest-phase3a::image-t0.3-n30-22of30,retest-phase3a,image-t0.3-n30-22of30,track1-image-t0.3,consensus,consensus,image,pass-metadata,True,False,image,,image,image,image,,,,0
retest-phase3a::image-t0.7-n5-4of5,retest-phase3a,image-t0.7-n5-4of5,track1-image-t0.7,consensus,consensus,image,pass-metadata,True,False,image,,image,image,image,,,,0
retest-phase3a::image-t0.7-n10-7of10,retest-phase3a,image-t0.7-n10-7of10,track1-image-t0.7,consensus,consensus,image,pass-metadata,True,False,image,,image,image,image,,,,0
retest-phase3a::image-t0.7-n30-18of30,retest-phase3a,image-t0.7-n30-18of30,track1-image-t0.7,consensus,consensus,image,pass-metadata,True,False,image,,image,image,image,,,,0
retest-phase3a::image-t1.0-n5-4of5,retest-phase3a,image-t1.0-n5-4of5,track1-image-t1.0,consensus,consensus,image,pass-metadata,True,False,image,,image,image,image,,,,0
retest-phase3a::image-t1.0-n10-7of10,retest-phase3a,image-t1.0-n10-7of10,track1-image-t1.0,consensus,consensus,image,pass-metadata,True,False,image,,image,image,image,,,,0
retest-phase3a::image-t1.0-n30-19of30,retest-phase3a,image-t1.0-n30-19of30,track1-image-t1.0,consensus,consensus,image,pass-metadata,True,False,image,,image,image,image,,,,0
retest-phase3a::text-t0.3-n5-5of5,retest-phase3a,text-t0.3-n5-5of5,track2-text-t0.3,consensus,consensus,text,pass-metadata,True,False,text,,text,text,text,,,,0
retest-phase3a::text-t0.3-n10-8of10,retest-phase3a,text-t0.3-n10-8of10,track2-text-t0.3,consensus,consensus,text,pass-metadata,True,False,text,,text,text,text,,,,0
retest-phase3a::text-t0.3-n30-23of30,retest-phase3a,text-t0.3-n30-23of30,track2-text-t0.3,consensus,consensus,text,pass-metadata,True,False,text,,text,text,text,,,,0
retest-phase3a::text-t0.7-n5-4of5,retest-phase3a,text-t0.7-n5-4of5,track2-text-t0.7,consensus,consensus,text,pass-metadata,True,False,text,,text,text,text,,,,0
retest-phase3a::text-t0.7-n10-8of10,retest-phase3a,text-t0.7-n10-8of10,track2-text-t0.7,consensus,consensus,text,pass-metadata,True,False,text,,text,text,text,,,,0
retest-phase3a::text-t0.7-n30-24of30,retest-phase3a,text-t0.7-n30-24of30,track2-text-t0.7,consensus,consensus,text,pass-metadata,True,False,text,,text,text,text,,,,0
retest-phase3a::text-t1.0-n5-4of5,retest-phase3a,text-t1.0-n5-4of5,track2-text-t1.0,consensus,consensus,text,pass-metadata,True,False,text,,text,text,text,,,,0
retest-phase3a::text-t1.0-n10-7of10,retest-phase3a,text-t1.0-n10-7of10,track2-text-t1.0,consensus,consensus,text,pass-metadata,True,False,text,,text,text,text,,,,0
retest-phase3a::text-t1.0-n30-22of30,retest-phase3a,text-t1.0-n30-22of30,track2-text-t1.0,consensus,consensus,text,pass-metadata,True,False,text,,text,text,text,,,,0
retest-phase3a::verified-adv-image-t0.7-n30-18of30,retest-phase3a,verified-adv-image-t0.7-n30-18of30,image-t0.7-n30-18of30,proposer-verifier,verified,image,pool-name-token,False,False,,,,image,image,,,,0
retest-phase3a-high::text-high-t0.3-n5-4of5,retest-phase3a-high,text-high-t0.3-n5-4of5,track2-text-t0.3,consensus,consensus,text,pass-metadata,True,False,text,,text,text,text,,,,0
retest-phase3a-high::text-high-t0.3-n10-8of10,retest-phase3a-high,text-high-t0.3-n10-8of10,track2-text-t0.3,consensus,consensus,text,pass-metadata,True,False,text,,text,text,text,,,,0
retest-phase3a-high::text-high-t0.3-n30-23of30,retest-phase3a-high,text-high-t0.3-n30-23of30,track2-text-t0.3,consensus,consensus,text,pass-metadata,True,False,text,,text,text,text,,,,0
retest-phase3a-high::text-high-t0.7-n5-4of5,retest-phase3a-high,text-high-t0.7-n5-4of5,track2-text-t0.7,consensus,consensus,text,pass-metadata,True,False,text,,text,text,text,,,,0
retest-phase3a-high::text-high-t0.7-n10-7of10,retest-phase3a-high,text-high-t0.7-n10-7of10,track2-text-t0.7,consensus,consensus,text,pass-metadata,True,False,text,,text,text,text,,,,0
retest-phase3a-high::text-high-t0.7-n30-22of30,retest-phase3a-high,text-high-t0.7-n30-22of30,track2-text-t0.7,consensus,consensus,text,pass-metadata,True,False,text,,text,text,text,,,,0
retest-phase3a-high::text-high-t1.0-n5-4of5,retest-phase3a-high,text-high-t1.0-n5-4of5,track2-text-t1.0,consensus,consensus,text,pass-metadata,True,False,text,,text,text,text,,,,0
retest-phase3a-high::text-high-t1.0-n10-8of10,retest-phase3a-high,text-high-t1.0-n10-8of10,track2-text-t1.0,consensus,consensus,text,pass-metadata,True,False,text,,text,text,text,,,,0
retest-phase3a-high::text-high-t1.0-n30-23of30,retest-phase3a-high,text-high-t1.0-n30-23of30,track2-text-t1.0,consensus,consensus,text,pass-metadata,True,False,text,,text,text,text,,,,0
retest-phase3a-high::verified-adv-text-high-t1.0-n30-23of30,retest-phase3a-high,verified-adv-text-high-t1.0-n30-23of30,text-high-t1.0-n30-23of30,proposer-verifier,verified,text,pool-name-token,False,False,,,,text,text,,,,0
retest-phase3a-replication::text-high-t0.7-n5-4of5,retest-phase3a-replication,text-high-t0.7-n5-4of5,high,consensus,consensus,text,pass-metadata,True,False,text,,text,,text,,,,0
retest-phase3a-replication::text-high-t0.7-n10-8of10,retest-phase3a-replication,text-high-t0.7-n10-8of10,high,consensus,consensus,text,pass-metadata,True,False,text,,text,,text,,,,0
retest-phase3a-replication::text-high-t0.7-n30-21of30,retest-phase3a-replication,text-high-t0.7-n30-21of30,high,consensus,consensus,text,pass-metadata,True,False,text,,text,,text,,,,0
retest-phase3a-replication::text-minimal-t0.7-n5-4of5,retest-phase3a-replication,text-minimal-t0.7-n5-4of5,minimal,consensus,consensus,text,pass-metadata,True,False,text,,text,,text,,,,0
retest-phase3a-replication::text-minimal-t0.7-n10-8of10,retest-phase3a-replication,text-minimal-t0.7-n10-8of10,minimal,consensus,consensus,text,pass-metadata,True,False,text,,text,,text,,,,0
retest-phase3a-replication::text-minimal-t0.7-n30-25of30,retest-phase3a-replication,text-minimal-t0.7-n30-25of30,minimal,consensus,consensus,text,pass-metadata,True,False,text,,text,,text,,,,0
retest-phase3c::image-h9-a-diversity-3of5,retest-phase3c,image-h9-a-diversity-3of5,track1-image-h9-a-diversity,consensus,consensus,image,pool-name-token,False,False,,,,image,image,,,,0
retest-phase3c::image-h9-b-diversity-3of5,retest-phase3c,image-h9-b-diversity-3of5,track1-image-h9-b-diversity,consensus,consensus,image,pool-name-token,False,False,,,,image,image,,,,0
retest-phase3c::image-h9-c-diversity-3of5,retest-phase3c,image-h9-c-diversity-3of5,track1-image-h9-c-diversity,consensus,consensus,image,pool-name-token,False,False,,,,image,image,,,,0
retest-phase3c::image-h9-d-diversity-3of5,retest-phase3c,image-h9-d-diversity-3of5,track1-image-h9-d-diversity,consensus,consensus,image,pool-name-token,False,False,,,,image,image,,,,0
retest-phase3c::image-h9-e-diversity-3of5,retest-phase3c,image-h9-e-diversity-3of5,track1-image-h9-e-diversity,consensus,consensus,image,pool-name-token,False,False,,,,image,image,,,,0
retest-phase3c::text-h9-a-diversity-4of5,retest-phase3c,text-h9-a-diversity-4of5,track2-text-h9-a-diversity,consensus,consensus,text,pool-name-token,False,False,,,,text,text,,,,0
retest-phase3c::text-h9-b-diversity-4of5,retest-phase3c,text-h9-b-diversity-4of5,track2-text-h9-b-diversity,consensus,consensus,text,pool-name-token,False,False,,,,text,text,,,,0
retest-phase3c::text-h9-d-diversity-4of5,retest-phase3c,text-h9-d-diversity-4of5,track2-text-h9-d-diversity,consensus,consensus,text,pool-name-token,False,False,,,,text,text,,,,0
retest-phase3c::text-h9-e-diversity-4of5,retest-phase3c,text-h9-e-diversity-4of5,track2-text-h9-e-diversity,consensus,consensus,text,pool-name-token,False,False,,,,text,text,,,,0
retest-h11-single-pass-384-t0::single-pass-run_1,retest-h11-single-pass-384-t0,single-pass-run_1,brief-text-t0,single-pass,none,text,pass-metadata,True,False,text,,text,text,,,,,0
retest-h11-single-pass-384-t0::single-pass-run_2,retest-h11-single-pass-384-t0,single-pass-run_2,brief-text-t0,single-pass,none,text,pass-metadata,True,False,text,,text,text,,,,,0
retest-h11-single-pass-384-t0::single-pass-run_3,retest-h11-single-pass-384-t0,single-pass-run_3,brief-text-t0,single-pass,none,text,pass-metadata,True,False,text,,text,text,,,,,0
retest-h11-single-pass-384-t0::single-pass-run_4,retest-h11-single-pass-384-t0,single-pass-run_4,brief-text-t0,single-pass,none,text,pass-metadata,True,False,text,,text,text,,,,,0
retest-h11-single-pass-384-t0::single-pass-run_5,retest-h11-single-pass-384-t0,single-pass-run_5,brief-text-t0,single-pass,none,text,pass-metadata,True,False,text,,text,text,,,,,0
retest-h11-single-pass-384-t0::single-pass-run_6,retest-h11-single-pass-384-t0,single-pass-run_6,brief-text-t0,single-pass,none,text,pass-metadata,True,False,text,,text,text,,,,,0
retest-h11-single-pass-384-t0::single-pass-run_7,retest-h11-single-pass-384-t0,single-pass-run_7,brief-text-t0,single-pass,none,text,pass-metadata,True,False,text,,text,text,,,,,0
retest-h11-single-pass-384-t0::single-pass-run_8,retest-h11-single-pass-384-t0,single-pass-run_8,brief-text-t0,single-pass,none,text,pass-metadata,True,False,text,,text,text,,,,,0
retest-h11-single-pass-384-t0::single-pass-run_9,retest-h11-single-pass-384-t0,single-pass-run_9,brief-text-t0,single-pass,none,text,pass-metadata,True,False,text,,text,text,,,,,0
retest-h11-single-pass-384-t0::single-pass-run_10,retest-h11-single-pass-384-t0,single-pass-run_10,brief-text-t0,single-pass,none,text,pass-metadata,True,False,text,,text,text,,,,,0
retest-h11-single-pass-384-t0::baseline-flash-text-minimal-t-0-0,retest-h11-single-pass-384-t0,baseline-flash-text-minimal-t-0-0,brief-text-t0,single-pass,none,text,pass-metadata,True,False,text,,text,text,text,,,,0
verifier-t-pilot::verified-t0-0,verifier-t-pilot,verified-t0-0,detect_brief-text,proposer-verifier,verified,text,config-file,True,False,,,,text,,text,,,0
verifier-t-pilot::verified-t0-5,verifier-t-pilot,verified-t0-5,detect_brief-text,proposer-verifier,verified,text,config-file,True,False,,text,,text,,text,,,0
verifier-t-pilot::verified-t1-0,verifier-t-pilot,verified-t1-0,detect_brief-text,proposer-verifier,verified,text,config-file,True,False,,text,,text,,text,,,0
verifier-t-pilot::verified-t0-0-era2b,verifier-t-pilot,verified-t0-0-era2b,detect_brief-text,proposer-verifier,verified,text,config-file,True,False,,,,text,,,,,0
verifier-t-pilot::verified-t0-5-era2b,verifier-t-pilot,verified-t0-5-era2b,detect_brief-text,proposer-verifier,verified,text,config-file,True,False,,text,,text,,,,,0
verifier-t-pilot::verified-t1-0-era2b,verifier-t-pilot,verified-t1-0-era2b,detect_brief-text,proposer-verifier,verified,text,config-file,True,False,,text,,text,,,,,0
verifier-robustness::verified-384-union-t0-0-n5,verifier-robustness,verified-384-union-t0-0-n5,flash-high-text-1of5,proposer-verifier,verified,text,pool-name-token,False,False,,text,,text,,text,,,0
verifier-robustness::verified-256-union-t0-0-n5,verifier-robustness,verified-256-union-t0-0-n5,text-1of5,proposer-verifier,verified,text,pool-name-token,False,False,,text,,text,,,,,0
verifier-robustness::verified-256-ge3of5-t0-3-n5,verifier-robustness,verified-256-ge3of5-t0-3-n5,text-1of5,proposer-verifier,verified,text,pool-name-token,False,False,,text,,text,,,,,0
verifier-robustness::verified-384-ge3of5-t0-3-n5,verifier-robustness,verified-384-ge3of5-t0-3-n5,flash-high-text-1of5,proposer-verifier,verified,text,pool-name-token,False,False,,text,,text,,text,,,0
verifier-robustness::verified-384-ge3of5-t0-7-n5,verifier-robustness,verified-384-ge3of5-t0-7-n5,flash-high-text-1of5,proposer-verifier,verified,text,pool-name-token,False,False,,text,,text,,text,,,0
verifier-robustness::verified-384-ge3of5-t0-3-high-n5,verifier-robustness,verified-384-ge3of5-t0-3-high-n5,flash-high-text-1of5,proposer-verifier,verified,text,pool-name-token,False,False,,text,,text,,text,,,0
verifier-robustness::verified-384-ge3of5-t0-7-high-n5,verifier-robustness,verified-384-ge3of5-t0-7-high-n5,flash-high-text-1of5,proposer-verifier,verified,text,pool-name-token,False,False,,text,,text,,text,,,0
verifier-robustness::verified-384-16of30-t0-3-n5-opmax,verifier-robustness,verified-384-16of30-t0-3-n5-opmax,flash-high-text-consensus-16of30,proposer-verifier,verified,text,pool-name-token,False,False,,text,,text,,text,,,0
verifier-robustness::verified-384-16of30-t0-3-n5-opmax-era2b,verifier-robustness,verified-384-16of30-t0-3-n5-opmax-era2b,flash-high-text-consensus-16of30,proposer-verifier,verified,text,pool-name-token,False,False,,text,,text,,,,,0
verifier-robustness::verified-384-ge3of5-t0-3-high-n5-era2b,verifier-robustness,verified-384-ge3of5-t0-3-high-n5-era2b,flash-high-text-1of5,proposer-verifier,verified,text,pool-name-token,False,False,,text,,text,,,,,0
verifier-robustness::verified-384-ge3of5-t0-3-n5-era2b,verifier-robustness,verified-384-ge3of5-t0-3-n5-era2b,flash-high-text-1of5,proposer-verifier,verified,text,pool-name-token,False,False,,text,,text,,,,,0
verifier-robustness::verified-384-ge3of5-t0-7-high-n5-era2b,verifier-robustness,verified-384-ge3of5-t0-7-high-n5-era2b,flash-high-text-1of5,proposer-verifier,verified,text,pool-name-token,False,False,,text,,text,,,,,0
verifier-robustness::verified-384-ge3of5-t0-7-n5-era2b,verifier-robustness,verified-384-ge3of5-t0-7-n5-era2b,flash-high-text-1of5,proposer-verifier,verified,text,pool-name-token,False,False,,text,,text,,,,,0
verifier-robustness::verified-384-union-t0-0-n5-era2b,verifier-robustness,verified-384-union-t0-0-n5-era2b,flash-high-text-1of5,proposer-verifier,verified,text,pool-name-token,False,False,,text,,text,,,,,0
flash35-pv-2x2::f35prop-bare-10of10,flash35-pv-2x2,f35prop-bare-10of10,flash35-min-text-1of10,consensus,consensus,text,pass-metadata,True,False,text,,text,text,,,,,0
flash35-pv-2x2::f35prop-f3vf-4of10,flash35-pv-2x2,f35prop-f3vf-4of10,flash35-min-text-1of10,proposer-verifier,verified,text,pass-metadata,True,False,text,,text,text,,text,,,0
flash35-pv-2x2::f35prop-f35vf-4of10,flash35-pv-2x2,f35prop-f35vf-4of10,flash35-min-text-1of10,proposer-verifier,verified,text,pass-metadata,True,False,text,,text,text,,text,,,0
flash35-pv-2x2::f3prop-f35vf-6of10,flash35-pv-2x2,f3prop-f35vf-6of10,f3-min-text-1of10,proposer-verifier,verified,text,register,False,False,text,,,text,,text,,,0
flash35-pv-2x2::f35prop-f35vf-4of10-era2b,flash35-pv-2x2,f35prop-f35vf-4of10-era2b,flash35-min-text-1of10,proposer-verifier,verified,text,pass-metadata,True,False,text,,text,text,,,,,0
flash35-pv-2x2::f35prop-f3vf-4of10-era2b,flash35-pv-2x2,f35prop-f3vf-4of10-era2b,flash35-min-text-1of10,proposer-verifier,verified,text,pass-metadata,True,False,text,,text,text,,,,,0
flash35-pv-2x2::f3prop-f35vf-6of10-era2b,flash35-pv-2x2,f3prop-f35vf-6of10-era2b,f3-min-text-1of10,proposer-verifier,verified,text,register,False,False,text,,,text,,,,,0
55maps-text-min-n10-uplift::verified-5of10-canonical-gt,55maps-text-min-n10-uplift,verified-5of10-canonical-gt,detect_brief-text-min-n10,proposer-verifier,verified,text,pass-metadata,True,False,text,,text,text,,,,,0
55maps-text-min-n10-uplift::verified-5of10-standardised-gt,55maps-text-min-n10-uplift,verified-5of10-standardised-gt,detect_brief-text-min-n10,proposer-verifier,verified,text,pass-metadata,True,False,text,,text,text,,,,,0
55maps-text-min-n10-uplift::verified-5of10-r2-gt,55maps-text-min-n10-uplift,verified-5of10-r2-gt,detect_brief-text-min-n10,proposer-verifier,verified,text,pass-metadata,True,False,text,,text,text,,,,,0
grid-2026-08-18::g512-ov064-k10-c1-k8,grid-2026-08-18,g512-ov064-k10-c1-k8,brief-text,consensus,consensus,text,config-file,True,False,,,,text,,,,,0
grid-2026-08-18::g512-ov256-k10-c2-k8,grid-2026-08-18,g512-ov256-k10-c2-k8,brief-text,consensus,consensus,text,config-file,True,False,,,,text,,,,,0
grid-2026-08-18::g384-ov048-k10-c1-k10,grid-2026-08-18,g384-ov048-k10-c1-k10,brief-text,consensus,consensus,text,config-file,True,False,,,,text,,,,,0
grid-2026-08-18::g384-ov192-k10-c2-k10,grid-2026-08-18,g384-ov192-k10-c2-k10,brief-text,consensus,consensus,text,config-file,True,False,,,,text,,,,,0
grid-2026-08-18::g512-ov064-k10-verified-p0.15-k5,grid-2026-08-18,g512-ov064-k10-verified-p0.15-k5,brief-text,proposer-verifier,verified,text,config-file,True,False,,,,text,,,,,0
grid-2026-08-18::g512-ov256-k10-verified-p0.15-k9,grid-2026-08-18,g512-ov256-k10-verified-p0.15-k9,brief-text,proposer-verifier,verified,text,config-file,True,False,,,,text,,,,,0
grid-2026-08-18::g384-ov048-k10-verified-p0.20-k7,grid-2026-08-18,g384-ov048-k10-verified-p0.20-k7,brief-text,proposer-verifier,verified,text,config-file,True,False,,,,text,,,,,0
grid-2026-08-18::g384-ov192-k10-verified-p0.15-k10,grid-2026-08-18,g384-ov192-k10-verified-p0.15-k10,brief-text,proposer-verifier,verified,text,config-file,True,False,,,,text,,text,,,0
grid-2026-08-18::g384-ov192-k10-verified37-p0.98-k10,grid-2026-08-18,g384-ov192-k10-verified37-p0.98-k10,brief-text,proposer-verifier,verified,text,config-file,True,False,,,,text,,text,,,0
grid-2026-08-18::g384-ov192-k10-verified-p0.15-k10-era2b,grid-2026-08-18,g384-ov192-k10-verified-p0.15-k10-era2b,brief-text,proposer-verifier,verified,text,config-file,True,False,,,,text,,,,,0
grid-2026-08-18::g384-ov192-k10-verified37-p0.98-k10-era2b,grid-2026-08-18,g384-ov192-k10-verified37-p0.98-k10-era2b,brief-text,proposer-verifier,verified,text,config-file,True,False,,,,text,,,,,0
grid-2026-08-18::g384-ov192-k1-verified-opmax,grid-2026-08-18,g384-ov192-k1-verified-opmax,brief-text,proposer-verifier,verified,text,config-file,True,False,,,,text,,text,,,0
grid-2026-08-18::g384-ov192-k1-verified-p0.15-k1,grid-2026-08-18,g384-ov192-k1-verified-p0.15-k1,brief-text,proposer-verifier,verified,text,config-file,True,False,,,,text,,text,,,0
grid-2026-08-18::g384-ov192-k3-verified-opmax,grid-2026-08-18,g384-ov192-k3-verified-opmax,brief-text,proposer-verifier,verified,text,config-file,True,False,,,,text,,text,,,0
grid-2026-08-18::g384-ov192-k5-verified-opmax,grid-2026-08-18,g384-ov192-k5-verified-opmax,brief-text,proposer-verifier,verified,text,config-file,True,False,,,,text,,text,,,0
h13::arm-a-overlap-12-5,h13,arm-a-overlap-12-5,brief-text,single-pass,none,text,config-file,True,False,,,,text,,,,,0
h13::arm-b-overlap-25,h13,arm-b-overlap-25,brief-text,single-pass,none,text,config-file,True,False,,,,text,,,,,0
h13::arm-c-overlap-50,h13,arm-c-overlap-50,brief-text,single-pass,none,text,config-file,True,False,,,,text,,,,,0
h13::arm-a-native-12-5,h13,arm-a-native-12-5,brief-text,single-pass,none,text,config-file,True,False,,,,text,,,,,0
h13::arm-b-native-25,h13,arm-b-native-25,brief-text,single-pass,none,text,config-file,True,False,,,,text,,,,,0
h13::arm-c-native-50,h13,arm-c-native-50,brief-text,single-pass,none,text,config-file,True,False,,,,text,,,,,0
stride-phaseb-2026-08-25::g512-ov176-k10-verified-p0.15-k6,stride-phaseb-2026-08-25,g512-ov176-k10-verified-p0.15-k6,g512_ov176,proposer-verifier,verified,text,pass-metadata,True,False,text,,text,,,,,,0
stride-phaseb-2026-08-25::g384-ov128-k10-verified-p0.15-k8,stride-phaseb-2026-08-25,g384-ov128-k10-verified-p0.15-k8,g384_ov128,proposer-verifier,verified,text,pass-metadata,True,False,text,,text,,,,,,0
stride-phaseb-2026-08-25::g256-ov064-k10-verified-p0.15-k8,stride-phaseb-2026-08-25,g256-ov064-k10-verified-p0.15-k8,g256_ov064,proposer-verifier,verified,text,pass-metadata,True,False,text,,text,,,,,,0
stride-phaseb-2026-08-25::g512-ov320-k10-verified-p0.15-k10,stride-phaseb-2026-08-25,g512-ov320-k10-verified-p0.15-k10,g512_ov320,proposer-verifier,verified,text,pass-metadata,True,False,text,,text,,,,,,0
stride-phaseb-2026-08-25::g384-ov128-ladder-n1-verified-p0.15-k1,stride-phaseb-2026-08-25,g384-ov128-ladder-n1-verified-p0.15-k1,g384_ov128,proposer-verifier,verified,text,pass-metadata,True,False,text,,text,,,,,,0
stride-phaseb-2026-08-25::g384-ov128-ladder-n3-verified-p0.15-k3,stride-phaseb-2026-08-25,g384-ov128-ladder-n3-verified-p0.15-k3,g384_ov128,proposer-verifier,verified,text,pass-metadata,True,False,text,,text,,,,,,0
stride-phaseb-2026-08-25::g384-ov128-ladder-n5-verified-p0.15-k4,stride-phaseb-2026-08-25,g384-ov128-ladder-n5-verified-p0.15-k4,g384_ov128,proposer-verifier,verified,text,pass-metadata,True,False,text,,text,,,,,,0
stride-phasec-2026-08-25::g384-ov240-k10-verified-p0.15-k10,stride-phasec-2026-08-25,g384-ov240-k10-verified-p0.15-k10,g384_ov240,proposer-verifier,verified,text,pass-metadata,True,False,text,,text,,,,,,0
stride-55map-2026-08-25::g384-ov128-55map-verified-carried-p0.15-k8-canonical-gt,stride-55map-2026-08-25,g384-ov128-55map-verified-carried-p0.15-k8-canonical-gt,g384_ov128_55map,proposer-verifier,verified,text,pass-metadata,True,False,text,,text,,,,,,0
stride-55map-2026-08-25::g384-ov128-55map-verified-oracle-p0.15-k7-canonical-gt,stride-55map-2026-08-25,g384-ov128-55map-verified-oracle-p0.15-k7-canonical-gt,g384_ov128_55map,proposer-verifier,verified,text,pass-metadata,True,False,text,,text,,,,,,0
stride-55map-2026-08-25::g384-ov192-55map-verified-carried-p0.15-k10-canonical-gt,stride-55map-2026-08-25,g384-ov192-55map-verified-carried-p0.15-k10-canonical-gt,g384_ov192_55map,proposer-verifier,verified,text,pass-metadata,True,False,text,,text,,,,,,0
stride-55map-2026-08-25::g384-ov192-55map-verified-oracle-p0.20-k9-canonical-gt,stride-55map-2026-08-25,g384-ov192-55map-verified-oracle-p0.20-k9-canonical-gt,g384_ov192_55map,proposer-verifier,verified,text,pass-metadata,True,False,text,,text,,,,,,0
stride-55map-2026-08-25::g384-ov128-55map-n10-oracle-p0.15-k7-standardised-gt,stride-55map-2026-08-25,g384-ov128-55map-n10-oracle-p0.15-k7-standardised-gt,g384_ov128_55map,proposer-verifier,verified,text,pass-metadata,True,False,text,,text,,,,,,0
stride-55map-2026-08-25::g384-ov128-55map-n10-carried-p0.15-k8-standardised-gt,stride-55map-2026-08-25,g384-ov128-55map-n10-carried-p0.15-k8-standardised-gt,g384_ov128_55map,proposer-verifier,verified,text,pass-metadata,True,False,text,,text,,,,,,0
stride-55map-2026-08-25::g384-ov128-55map-n1-oracle-p0.20-k1-standardised-gt,stride-55map-2026-08-25,g384-ov128-55map-n1-oracle-p0.20-k1-standardised-gt,g384_ov128_55map,proposer-verifier,verified,text,pass-metadata,True,False,text,,text,,,,,,0
stride-55map-2026-08-25::g384-ov128-55map-n3-oracle-p0.20-k2-standardised-gt,stride-55map-2026-08-25,g384-ov128-55map-n3-oracle-p0.20-k2-standardised-gt,g384_ov128_55map,proposer-verifier,verified,text,pass-metadata,True,False,text,,text,,,,,,0
stride-55map-2026-08-25::g384-ov128-55map-n5-oracle-p0.15-k4-standardised-gt,stride-55map-2026-08-25,g384-ov128-55map-n5-oracle-p0.15-k4-standardised-gt,g384_ov128_55map,proposer-verifier,verified,text,pass-metadata,True,False,text,,text,,,,,,0
stride-55map-2026-08-25::g384-ov128-55map-n5-carried-p0.15-k4-standardised-gt,stride-55map-2026-08-25,g384-ov128-55map-n5-carried-p0.15-k4-standardised-gt,g384_ov128_55map,proposer-verifier,verified,text,pass-metadata,True,False,text,,text,,,,,,0
stride-55map-2026-08-25::g384-ov192-55map-n10-oracle-p0.20-k9-standardised-gt,stride-55map-2026-08-25,g384-ov192-55map-n10-oracle-p0.20-k9-standardised-gt,g384_ov192_55map,proposer-verifier,verified,text,pass-metadata,True,False,text,,text,,,,,,0
stride-55map-2026-08-25::g384-ov192-55map-n10-carried-p0.15-k10-standardised-gt,stride-55map-2026-08-25,g384-ov192-55map-n10-carried-p0.15-k10-standardised-gt,g384_ov192_55map,proposer-verifier,verified,text,pass-metadata,True,False,text,,text,,,,,,0
stride-55map-2026-08-25::g384-ov192-55map-n1-oracle-p0.20-k1-standardised-gt,stride-55map-2026-08-25,g384-ov192-55map-n1-oracle-p0.20-k1-standardised-gt,g384_ov192_55map,proposer-verifier,verified,text,pass-metadata,True,False,text,,text,,,,,,0
stride-55map-2026-08-25::g384-ov192-55map-n3-oracle-p0.20-k3-standardised-gt,stride-55map-2026-08-25,g384-ov192-55map-n3-oracle-p0.20-k3-standardised-gt,g384_ov192_55map,proposer-verifier,verified,text,pass-metadata,True,False,text,,text,,,,,,0
stride-55map-2026-08-25::g384-ov192-55map-n5-oracle-p0.20-k5-standardised-gt,stride-55map-2026-08-25,g384-ov192-55map-n5-oracle-p0.20-k5-standardised-gt,g384_ov192_55map,proposer-verifier,verified,text,pass-metadata,True,False,text,,text,,,,,,0
stride-55map-2026-08-25::g384-ov192-55map-n5-carried-p0.15-k5-standardised-gt,stride-55map-2026-08-25,g384-ov192-55map-n5-carried-p0.15-k5-standardised-gt,g384_ov192_55map,proposer-verifier,verified,text,pass-metadata,True,False,text,,text,,,,,,0
stride-55map-2026-08-25::g384-ov128-55map-n3-carried-posthoc-p0.15-k3-standardised-gt,stride-55map-2026-08-25,g384-ov128-55map-n3-carried-posthoc-p0.15-k3-standardised-gt,g384_ov128_55map,proposer-verifier,verified,text,pass-metadata,True,False,text,,text,,,,,,0
stride-55map-2026-08-25::g384-ov192-55map-n3-carried-posthoc-p0.15-k3-standardised-gt,stride-55map-2026-08-25,g384-ov192-55map-n3-carried-posthoc-p0.15-k3-standardised-gt,g384_ov192_55map,proposer-verifier,verified,text,pass-metadata,True,False,text,,text,,,,,,0
stride-55map-2026-08-25::g384-ov192-55map-k10-verified37-p0.98-k10-canonical-gt,stride-55map-2026-08-25,g384-ov192-55map-k10-verified37-p0.98-k10-canonical-gt,g384_ov192_55map,proposer-verifier,verified,text,pass-metadata,True,False,text,,text,,,,,,0
stride-55map-2026-08-25::g384-ov192-55map-k10-verified37-p0.98-k10-standardised-gt,stride-55map-2026-08-25,g384-ov192-55map-k10-verified37-p0.98-k10-standardised-gt,g384_ov192_55map,proposer-verifier,verified,text,pass-metadata,True,False,text,,text,,,,,,0
stride-55map-2026-08-25::g384-ov128-55map-n10-oracle-p0.15-k7-r2-gt,stride-55map-2026-08-25,g384-ov128-55map-n10-oracle-p0.15-k7-r2-gt,g384_ov128_55map,proposer-verifier,verified,text,pass-metadata,True,False,text,,text,,,,,,0
stride-55map-2026-08-25::g384-ov128-55map-n10-carried-p0.15-k8-r2-gt,stride-55map-2026-08-25,g384-ov128-55map-n10-carried-p0.15-k8-r2-gt,g384_ov128_55map,proposer-verifier,verified,text,pass-metadata,True,False,text,,text,,,,,,0
stride-55map-2026-08-25::g384-ov128-55map-n1-oracle-p0.20-k1-r2-gt,stride-55map-2026-08-25,g384-ov128-55map-n1-oracle-p0.20-k1-r2-gt,g384_ov128_55map,proposer-verifier,verified,text,pass-metadata,True,False,text,,text,,,,,,0
stride-55map-2026-08-25::g384-ov128-55map-n3-oracle-p0.20-k2-r2-gt,stride-55map-2026-08-25,g384-ov128-55map-n3-oracle-p0.20-k2-r2-gt,g384_ov128_55map,proposer-verifier,verified,text,pass-metadata,True,False,text,,text,,,,,,0
stride-55map-2026-08-25::g384-ov128-55map-n5-oracle-p0.15-k4-r2-gt,stride-55map-2026-08-25,g384-ov128-55map-n5-oracle-p0.15-k4-r2-gt,g384_ov128_55map,proposer-verifier,verified,text,pass-metadata,True,False,text,,text,,,,,,0
stride-55map-2026-08-25::g384-ov128-55map-n5-carried-p0.15-k4-r2-gt,stride-55map-2026-08-25,g384-ov128-55map-n5-carried-p0.15-k4-r2-gt,g384_ov128_55map,proposer-verifier,verified,text,pass-metadata,True,False,text,,text,,,,,,0
stride-55map-2026-08-25::g384-ov192-55map-n10-oracle-p0.20-k9-r2-gt,stride-55map-2026-08-25,g384-ov192-55map-n10-oracle-p0.20-k9-r2-gt,g384_ov192_55map,proposer-verifier,verified,text,pass-metadata,True,False,text,,text,,,,,,0
stride-55map-2026-08-25::g384-ov192-55map-n10-carried-p0.15-k10-r2-gt,stride-55map-2026-08-25,g384-ov192-55map-n10-carried-p0.15-k10-r2-gt,g384_ov192_55map,proposer-verifier,verified,text,pass-metadata,True,False,text,,text,,,,,,0
stride-55map-2026-08-25::g384-ov192-55map-n1-oracle-p0.20-k1-r2-gt,stride-55map-2026-08-25,g384-ov192-55map-n1-oracle-p0.20-k1-r2-gt,g384_ov192_55map,proposer-verifier,verified,text,pass-metadata,True,False,text,,text,,,,,,0
stride-55map-2026-08-25::g384-ov192-55map-n3-oracle-p0.20-k3-r2-gt,stride-55map-2026-08-25,g384-ov192-55map-n3-oracle-p0.20-k3-r2-gt,g384_ov192_55map,proposer-verifier,verified,text,pass-metadata,True,False,text,,text,,,,,,0
stride-55map-2026-08-25::g384-ov192-55map-n5-oracle-p0.20-k5-r2-gt,stride-55map-2026-08-25,g384-ov192-55map-n5-oracle-p0.20-k5-r2-gt,g384_ov192_55map,proposer-verifier,verified,text,pass-metadata,True,False,text,,text,,,,,,0
stride-55map-2026-08-25::g384-ov192-55map-n5-carried-p0.15-k5-r2-gt,stride-55map-2026-08-25,g384-ov192-55map-n5-carried-p0.15-k5-r2-gt,g384_ov192_55map,proposer-verifier,verified,text,pass-metadata,True,False,text,,text,,,,,,0
stride-55map-2026-08-25::g384-ov192-55map-n10-verified37-oracle-p0.96-k9-r2-gt,stride-55map-2026-08-25,g384-ov192-55map-n10-verified37-oracle-p0.96-k9-r2-gt,g384_ov192_55map,proposer-verifier,verified,text,pass-metadata,True,False,text,,text,,,,,,0
stride-55map-2026-08-25::g384-ov192-55map-n10-verified37-carried-p0.98-k10-r2-gt,stride-55map-2026-08-25,g384-ov192-55map-n10-verified37-carried-p0.98-k10-r2-gt,g384_ov192_55map,proposer-verifier,verified,text,pass-metadata,True,False,text,,text,,,,,,0
stride-55map-2026-08-25::g384-ov192-55map-n1-verified37-oracle-p0.96-k1-r2-gt,stride-55map-2026-08-25,g384-ov192-55map-n1-verified37-oracle-p0.96-k1-r2-gt,g384_ov192_55map,proposer-verifier,verified,text,pass-metadata,True,False,text,,text,,,,,,0
stride-55map-2026-08-25::g384-ov192-55map-n3-verified37-oracle-p0.96-k3-r2-gt,stride-55map-2026-08-25,g384-ov192-55map-n3-verified37-oracle-p0.96-k3-r2-gt,g384_ov192_55map,proposer-verifier,verified,text,pass-metadata,True,False,text,,text,,,,,,0
stride-55map-2026-08-25::g384-ov128-55map-n3-carried-posthoc-p0.15-k3-r2-gt,stride-55map-2026-08-25,g384-ov128-55map-n3-carried-posthoc-p0.15-k3-r2-gt,g384_ov128_55map,proposer-verifier,verified,text,pass-metadata,True,False,text,,text,,,,,,0
stride-55map-2026-08-25::g384-ov192-55map-n3-carried-posthoc-p0.15-k3-r2-gt,stride-55map-2026-08-25,g384-ov192-55map-n3-carried-posthoc-p0.15-k3-r2-gt,g384_ov192_55map,proposer-verifier,verified,text,pass-metadata,True,False,text,,text,,,,,,0
stride-55map-2026-08-25::g384-ov192-55map-n5-carried-p0.15-k5-canonical-gt,stride-55map-2026-08-25,g384-ov192-55map-n5-carried-p0.15-k5-canonical-gt,g384_ov192_55map,proposer-verifier,verified,text,pass-metadata,True,False,text,,text,,,,,,0
stride-55map-2026-08-25::g384-ov192-55map-n5-verified37-oracle-p0.96-k5-r2-gt,stride-55map-2026-08-25,g384-ov192-55map-n5-verified37-oracle-p0.96-k5-r2-gt,g384_ov192_55map,proposer-verifier,verified,text,pass-metadata,True,False,text,,text,,,,,,0
image-b-gs-2026-08-28::g384-ov192-image-min-k10-verified-p0.15-k9,image-b-gs-2026-08-28,g384-ov192-image-min-k10-verified-p0.15-k9,g384_ov192_image,proposer-verifier,verified,image,pass-metadata,True,False,image,,image,image,image,image,,,0
image-b-gs-2026-08-28::g384-ov192-image-high-k10-verified-p0.20-k8,image-b-gs-2026-08-28,g384-ov192-image-high-k10-verified-p0.20-k8,g384_ov192_image_high,proposer-verifier,verified,image,pass-metadata,True,False,image,,image,image,image,image,,,0
image-b-gs-2026-08-28::g384-ov192-image-high-k10-verified-p0.20-k8-era2b,image-b-gs-2026-08-28,g384-ov192-image-high-k10-verified-p0.20-k8-era2b,g384_ov192_image_high,proposer-verifier,verified,image,pass-metadata,True,False,image,,image,image,image,,,,0
image-b-gs-2026-08-28::g384-ov192-image-min-k10-verified-p0.15-k9-era2b,image-b-gs-2026-08-28,g384-ov192-image-min-k10-verified-p0.15-k9-era2b,g384_ov192_image,proposer-verifier,verified,image,pass-metadata,True,False,image,,image,image,image,,,,0
h7-escalation-2026-08-28::text-t1.6,h7-escalation-2026-08-28,text-t1.6,t1.6,single-pass,none,text,pass-metadata,True,False,text,,text,,text,,,,0
h7-escalation-2026-08-28::text-t2.0,h7-escalation-2026-08-28,text-t2.0,t2.0,single-pass,none,text,pass-metadata,True,False,text,,text,,text,,,,0
gemini37-screen-2026-08-28::g37-text-k5-verified-carried-p0.10-k5,gemini37-screen-2026-08-28,g37-text-k5-verified-carried-p0.10-k5,g384_ov192_g37,proposer-verifier,verified,text,pass-metadata,True,False,text,,text,,text,text,,,0
gemini37-screen-2026-08-28::g37-text-k10-verified-carried-p0.10-k10,gemini37-screen-2026-08-28,g37-text-k10-verified-carried-p0.10-k10,g384_ov192_g37,proposer-verifier,verified,text,pass-metadata,True,False,text,,text,,text,text,,,0
gemini37-screen-2026-08-28::g37-text-k5-verified-swap37-p0.80-k5,gemini37-screen-2026-08-28,g37-text-k5-verified-swap37-p0.80-k5,g384_ov192_g37,proposer-verifier,verified,text,pass-metadata,True,False,text,,text,,text,text,,,0
gemini37-screen-2026-08-28::g37-text-k5-verified-swap38-p0.88-k5,gemini37-screen-2026-08-28,g37-text-k5-verified-swap38-p0.88-k5,g384_ov192_g37,proposer-verifier,verified,text,pass-metadata,True,False,text,,text,,text,text,,,0
gemini37-screen-2026-08-28::g37-text-k10-verified-carried-p0.10-k10-era2b,gemini37-screen-2026-08-28,g37-text-k10-verified-carried-p0.10-k10-era2b,g384_ov192_g37,proposer-verifier,verified,text,pass-metadata,True,False,text,,text,,text,,,,0
gemini37-screen-2026-08-28::g37-text-k5-verified-carried-p0.10-k5-era2b,gemini37-screen-2026-08-28,g37-text-k5-verified-carried-p0.10-k5-era2b,g384_ov192_g37,proposer-verifier,verified,text,pass-metadata,True,False,text,,text,,text,,,,0
gemini37-screen-2026-08-28::g37-text-k5-verified-swap37-p0.80-k5-era2b,gemini37-screen-2026-08-28,g37-text-k5-verified-swap37-p0.80-k5-era2b,g384_ov192_g37,proposer-verifier,verified,text,pass-metadata,True,False,text,,text,,text,,,,0
gemini37-screen-2026-08-28::g37-text-k5-verified-swap38-p0.88-k5-era2b,gemini37-screen-2026-08-28,g37-text-k5-verified-swap38-p0.88-k5-era2b,g384_ov192_g37,proposer-verifier,verified,text,pass-metadata,True,False,text,,text,,text,,,,0
gemini37-screen-2026-08-28::g37-text-k1-verified-opmax,gemini37-screen-2026-08-28,g37-text-k1-verified-opmax,g384_ov192_g37,proposer-verifier,verified,text,pass-metadata,True,False,text,,text,,text,text,,,0
gemini37-screen-2026-08-28::g37-text-k1-verified-carried-p0.10-k1,gemini37-screen-2026-08-28,g37-text-k1-verified-carried-p0.10-k1,g384_ov192_g37,proposer-verifier,verified,text,pass-metadata,True,False,text,,text,,text,text,,,0
gemini37-screen-2026-08-28::g37-text-k3-verified-opmax,gemini37-screen-2026-08-28,g37-text-k3-verified-opmax,g384_ov192_g37,proposer-verifier,verified,text,pass-metadata,True,False,text,,text,,text,text,,,0
gemini37-55map-2026-08-29::arm1-n5-carried-p0.10-k5-canonical-gt,gemini37-55map-2026-08-29,arm1-n5-carried-p0.10-k5-canonical-gt,g384_ov192_55map_g37,proposer-verifier,verified,text,pass-metadata,True,False,text,,text,,,,,,0
gemini37-55map-2026-08-29::arm1-n5-carried-p0.10-k5-standardised-gt,gemini37-55map-2026-08-29,arm1-n5-carried-p0.10-k5-standardised-gt,g384_ov192_55map_g37,proposer-verifier,verified,text,pass-metadata,True,False,text,,text,,,,,,0
gemini37-55map-2026-08-29::arm2-n5-carried-p0.80-k5-canonical-gt,gemini37-55map-2026-08-29,arm2-n5-carried-p0.80-k5-canonical-gt,g384_ov192_55map_g37,proposer-verifier,verified,text,pass-metadata,True,False,text,,text,,,,,,0
gemini37-55map-2026-08-29::arm2-n5-carried-p0.80-k5-standardised-gt,gemini37-55map-2026-08-29,arm2-n5-carried-p0.80-k5-standardised-gt,g384_ov192_55map_g37,proposer-verifier,verified,text,pass-metadata,True,False,text,,text,,,,,,0
gemini37-55map-2026-08-29::arm1-n5-oracle-p0.15-k5-r2-gt,gemini37-55map-2026-08-29,arm1-n5-oracle-p0.15-k5-r2-gt,g384_ov192_55map_g37,proposer-verifier,verified,text,pass-metadata,True,False,text,,text,,,,,,0
gemini37-55map-2026-08-29::arm1-n5-carried-p0.10-k5-r2-gt,gemini37-55map-2026-08-29,arm1-n5-carried-p0.10-k5-r2-gt,g384_ov192_55map_g37,proposer-verifier,verified,text,pass-metadata,True,False,text,,text,,,,,,0
gemini37-55map-2026-08-29::arm1-n1-oracle-p0.20-k1-r2-gt,gemini37-55map-2026-08-29,arm1-n1-oracle-p0.20-k1-r2-gt,g384_ov192_55map_g37,proposer-verifier,verified,text,pass-metadata,True,False,text,,text,,,,,,0
gemini37-55map-2026-08-29::arm1-n3-oracle-p0.15-k3-r2-gt,gemini37-55map-2026-08-29,arm1-n3-oracle-p0.15-k3-r2-gt,g384_ov192_55map_g37,proposer-verifier,verified,text,pass-metadata,True,False,text,,text,,,,,,0
gemini37-55map-2026-08-29::arm2-n5-oracle-p0.95-k5-r2-gt,gemini37-55map-2026-08-29,arm2-n5-oracle-p0.95-k5-r2-gt,g384_ov192_55map_g37,proposer-verifier,verified,text,pass-metadata,True,False,text,,text,,,,,,0
gemini37-55map-2026-08-29::arm2-n5-carried-p0.80-k5-r2-gt,gemini37-55map-2026-08-29,arm2-n5-carried-p0.80-k5-r2-gt,g384_ov192_55map_g37,proposer-verifier,verified,text,pass-metadata,True,False,text,,text,,,,,,0
gemini37-55map-2026-08-29::arm2-n1-oracle-p0.98-k1-r2-gt,gemini37-55map-2026-08-29,arm2-n1-oracle-p0.98-k1-r2-gt,g384_ov192_55map_g37,proposer-verifier,verified,text,pass-metadata,True,False,text,,text,,,,,,0
gemini37-55map-2026-08-29::arm2-n3-oracle-p0.95-k3-r2-gt,gemini37-55map-2026-08-29,arm2-n3-oracle-p0.95-k3-r2-gt,g384_ov192_55map_g37,proposer-verifier,verified,text,pass-metadata,True,False,text,,text,,,,,,0
gemini37-image-gs-2026-09-01::g37-image-k5-verified-carried-p0.10-k5,gemini37-image-gs-2026-09-01,g37-image-k5-verified-carried-p0.10-k5,g384_ov192_g37img,proposer-verifier,verified,image,pass-metadata,True,False,image,,image,,image,image,,,0
gemini37-image-gs-2026-09-01::g37-image-k5-verified-swap37-p0.90-k5,gemini37-image-gs-2026-09-01,g37-image-k5-verified-swap37-p0.90-k5,g384_ov192_g37img,proposer-verifier,verified,image,pass-metadata,True,False,image,,image,,image,image,,,0
gemini37-image-gs-2026-09-01::g37-image-k5-verified-carried-p0.10-k5-era2b,gemini37-image-gs-2026-09-01,g37-image-k5-verified-carried-p0.10-k5-era2b,g384_ov192_g37img,proposer-verifier,verified,image,pass-metadata,True,False,image,,image,,image,,,,0
gemini37-image-gs-2026-09-01::g37-image-k5-verified-swap37-p0.90-k5-era2b,gemini37-image-gs-2026-09-01,g37-image-k5-verified-swap37-p0.90-k5-era2b,g384_ov192_g37img,proposer-verifier,verified,image,pass-metadata,True,False,image,,image,,image,,,,0
