arm,leg,prob_t,frac,K,k,subset,n_det,tp,fp,fn,f1
g3-image,g3v,0.15,0.9,1,1,0,616,369,247,59,0.7068965517241379
g3-image,g3v,0.15,0.9,1,1,1,583,353,230,75,0.6983184965380811
g3-image,g3v,0.15,0.9,1,1,2,570,342,228,86,0.6853707414829658
g3-image,g3v,0.15,0.9,1,1,3,564,349,215,79,0.7036290322580645
g3-image,g3v,0.15,0.9,1,1,4,557,350,207,78,0.7106598984771574
g3-image,g3v,0.15,0.9,1,1,5,571,352,219,76,0.7047047047047048
g3-image,g3v,0.15,0.9,1,1,6,552,349,203,79,0.7122448979591838
g3-image,g3v,0.15,0.9,1,1,7,574,354,220,74,0.7065868263473055
g3-image,g3v,0.15,0.9,1,1,8,584,354,230,74,0.6996047430830039
g3-image,g3v,0.15,0.9,1,1,9,569,350,219,78,0.7021063189568706
g3-image,g3v,0.15,0.9,2,2,0-1,511,367,144,61,0.7816826411075612
g3-image,g3v,0.15,0.9,2,2,0-2,503,362,141,66,0.77765843179377
g3-image,g3v,0.15,0.9,2,2,0-3,488,357,131,71,0.7794759825327511
g3-image,g3v,0.15,0.9,2,2,0-4,497,363,134,65,0.784864864864865
g3-image,g3v,0.15,0.9,2,2,0-5,500,360,140,68,0.7758620689655171
g3-image,g3v,0.15,0.9,2,2,0-6,495,366,129,62,0.7930660888407367
g3-image,g3v,0.15,0.9,2,2,0-7,502,358,144,70,0.7698924731182797
g3-image,g3v,0.15,0.9,2,2,0-8,493,371,122,57,0.8056460369163952
g3-image,g3v,0.15,0.9,2,2,0-9,504,369,135,59,0.7918454935622317
g3-image,g3v,0.15,0.9,2,2,1-2,497,359,138,69,0.7762162162162162
g3-image,g3v,0.15,0.9,2,2,1-3,489,350,139,78,0.7633587786259542
g3-image,g3v,0.15,0.9,2,2,1-4,478,358,120,70,0.7902869757174393
g3-image,g3v,0.15,0.9,2,2,1-5,495,358,137,70,0.7757313109425786
g3-image,g3v,0.15,0.9,2,2,1-6,482,360,122,68,0.7912087912087913
g3-image,g3v,0.15,0.9,2,2,1-7,487,360,127,68,0.7868852459016393
g3-image,g3v,0.15,0.9,2,2,1-8,507,360,147,68,0.7700534759358288
g3-image,g3v,0.15,0.9,2,2,1-9,482,357,125,71,0.7846153846153846
g3-image,g3v,0.15,0.9,2,2,2-3,474,348,126,80,0.771618625277162
g3-image,g3v,0.15,0.9,2,2,2-4,477,354,123,74,0.7823204419889502
g3-image,g3v,0.15,0.9,2,2,2-5,490,351,139,77,0.7647058823529411
g3-image,g3v,0.15,0.9,2,2,2-6,477,352,125,76,0.7779005524861877
g3-image,g3v,0.15,0.9,2,2,2-7,467,345,122,83,0.7709497206703911
g3-image,g3v,0.15,0.9,2,2,2-8,484,351,133,77,0.7697368421052632
g3-image,g3v,0.15,0.9,2,2,2-9,474,344,130,84,0.7627494456762751
g3-image,g3v,0.15,0.9,2,2,3-4,461,343,118,85,0.7716535433070865
g3-image,g3v,0.15,0.9,2,2,3-5,488,356,132,72,0.777292576419214
g3-image,g3v,0.15,0.9,2,2,3-6,470,347,123,81,0.7728285077951003
g3-image,g3v,0.15,0.9,2,2,3-7,478,350,128,78,0.772626931567329
g3-image,g3v,0.15,0.9,2,2,3-8,480,353,127,75,0.7775330396475771
g3-image,g3v,0.15,0.9,2,2,3-9,473,343,130,85,0.7613762486126526
g3-image,g3v,0.15,0.9,2,2,4-5,474,350,124,78,0.7760532150776053
g3-image,g3v,0.15,0.9,2,2,4-6,469,356,113,72,0.7937569676700111
g3-image,g3v,0.15,0.9,2,2,4-7,479,354,125,74,0.7805953693495038
g3-image,g3v,0.15,0.9,2,2,4-8,479,352,127,76,0.7761852260198456
g3-image,g3v,0.15,0.9,2,2,4-9,480,356,124,72,0.7841409691629956
g3-image,g3v,0.15,0.9,2,2,5-6,484,353,131,75,0.7741228070175439
g3-image,g3v,0.15,0.9,2,2,5-7,486,348,138,80,0.761487964989059
g3-image,g3v,0.15,0.9,2,2,5-8,498,360,138,68,0.7775377969762418
g3-image,g3v,0.15,0.9,2,2,5-9,479,353,126,75,0.7783902976846748
g3-image,g3v,0.15,0.9,2,2,6-7,481,355,126,73,0.781078107810781
g3-image,g3v,0.15,0.9,2,2,6-8,481,360,121,68,0.7920792079207922
g3-image,g3v,0.15,0.9,2,2,6-9,464,350,114,78,0.7847533632286996
g3-image,g3v,0.15,0.9,2,2,7-8,498,362,136,66,0.7818574514038877
g3-image,g3v,0.15,0.9,2,2,7-9,484,358,126,70,0.7850877192982456
g3-image,g3v,0.15,0.9,2,2,8-9,488,354,134,74,0.7729257641921398
g3-image,g3v,0.15,0.9,3,3,0-1-2,466,359,107,69,0.8031319910514542
g3-image,g3v,0.15,0.9,3,3,0-1-3,459,355,104,73,0.8004509582863585
g3-image,g3v,0.15,0.9,3,3,0-1-4,458,362,96,66,0.8171557562076749
g3-image,g3v,0.15,0.9,3,3,0-1-5,462,361,101,67,0.8112359550561798
g3-image,g3v,0.15,0.9,3,3,0-1-6,458,365,93,63,0.8239277652370203
g3-image,g3v,0.15,0.9,3,3,0-1-7,462,357,105,71,0.8022471910112361
g3-image,g3v,0.15,0.9,3,3,0-1-8,464,363,101,65,0.8139013452914798
g3-image,g3v,0.15,0.9,3,3,0-1-9,465,362,103,66,0.8107502799552072
g3-image,g3v,0.15,0.9,3,3,0-2-3,457,358,99,70,0.8090395480225989
g3-image,g3v,0.15,0.9,3,3,0-2-4,459,360,99,68,0.8117249154453213
g3-image,g3v,0.15,0.9,3,3,0-2-5,462,359,103,69,0.806741573033708
g3-image,g3v,0.15,0.9,3,3,0-2-6,456,359,97,69,0.8122171945701357
g3-image,g3v,0.15,0.9,3,3,0-2-7,462,354,108,74,0.7955056179775281
g3-image,g3v,0.15,0.9,3,3,0-2-8,453,360,93,68,0.8172531214528944
g3-image,g3v,0.15,0.9,3,3,0-2-9,460,359,101,69,0.8085585585585585
g3-image,g3v,0.15,0.9,3,3,0-3-4,456,356,100,72,0.8054298642533936
g3-image,g3v,0.15,0.9,3,3,0-3-5,459,357,102,71,0.8049605411499436
g3-image,g3v,0.15,0.9,3,3,0-3-6,450,356,94,72,0.8109339407744874
g3-image,g3v,0.15,0.9,3,3,0-3-7,454,354,100,74,0.8027210884353742
g3-image,g3v,0.15,0.9,3,3,0-3-8,449,358,91,70,0.8164196123147093
g3-image,g3v,0.15,0.9,3,3,0-3-9,459,359,100,69,0.8094701240135287
g3-image,g3v,0.15,0.9,3,3,0-4-5,459,359,100,69,0.8094701240135287
g3-image,g3v,0.15,0.9,3,3,0-4-6,452,362,90,66,0.8227272727272726
g3-image,g3v,0.15,0.9,3,3,0-4-7,463,356,107,72,0.7991021324354658
g3-image,g3v,0.15,0.9,3,3,0-4-8,454,361,93,67,0.81859410430839
g3-image,g3v,0.15,0.9,3,3,0-4-9,461,361,100,67,0.8121484814398199
g3-image,g3v,0.15,0.9,3,3,0-5-6,454,358,96,70,0.8117913832199546
g3-image,g3v,0.15,0.9,3,3,0-5-7,465,356,109,72,0.7973124300111982
g3-image,g3v,0.15,0.9,3,3,0-5-8,456,364,92,64,0.823529411764706
g3-image,g3v,0.15,0.9,3,3,0-5-9,465,364,101,64,0.8152295632698768
g3-image,g3v,0.15,0.9,3,3,0-6-7,453,356,97,72,0.8081725312145289
g3-image,g3v,0.15,0.9,3,3,0-6-8,451,362,89,66,0.8236632536973835
g3-image,g3v,0.15,0.9,3,3,0-6-9,454,364,90,64,0.8253968253968255
g3-image,g3v,0.15,0.9,3,3,0-7-8,458,360,98,68,0.8126410835214446
g3-image,g3v,0.15,0.9,3,3,0-7-9,467,360,107,68,0.8044692737430168
g3-image,g3v,0.15,0.9,3,3,0-8-9,463,369,94,59,0.8282828282828283
g3-image,g3v,0.15,0.9,3,3,1-2-3,448,349,99,79,0.7968036529680366
g3-image,g3v,0.15,0.9,3,3,1-2-4,451,357,94,71,0.8122866894197952
g3-image,g3v,0.15,0.9,3,3,1-2-5,455,352,103,76,0.797281993204983
g3-image,g3v,0.15,0.9,3,3,1-2-6,454,358,96,70,0.8117913832199546
g3-image,g3v,0.15,0.9,3,3,1-2-7,454,355,99,73,0.8049886621315192
g3-image,g3v,0.15,0.9,3,3,1-2-8,464,356,108,72,0.7982062780269058
g3-image,g3v,0.15,0.9,3,3,1-2-9,446,353,93,75,0.8077803203661327
g3-image,g3v,0.15,0.9,3,3,1-3-4,444,350,94,78,0.8027522935779818
g3-image,g3v,0.15,0.9,3,3,1-3-5,453,351,102,77,0.796821793416572
g3-image,g3v,0.15,0.9,3,3,1-3-6,447,353,94,75,0.8068571428571429
g3-image,g3v,0.15,0.9,3,3,1-3-7,450,349,101,79,0.79498861047836
g3-image,g3v,0.15,0.9,3,3,1-3-8,452,343,109,85,0.7795454545454545
g3-image,g3v,0.15,0.9,3,3,1-3-9,443,347,96,81,0.7967853042479908
g3-image,g3v,0.15,0.9,3,3,1-4-5,446,354,92,74,0.8100686498855835
g3-image,g3v,0.15,0.9,3,3,1-4-6,449,358,91,70,0.8164196123147093
g3-image,g3v,0.15,0.9,3,3,1-4-7,454,359,95,69,0.8140589569160998
g3-image,g3v,0.15,0.9,3,3,1-4-8,454,351,103,77,0.7959183673469388
g3-image,g3v,0.15,0.9,3,3,1-4-9,447,353,94,75,0.8068571428571429
g3-image,g3v,0.15,0.9,3,3,1-5-6,459,363,96,65,0.818489289740699
g3-image,g3v,0.15,0.9,3,3,1-5-7,462,357,105,71,0.8022471910112361
g3-image,g3v,0.15,0.9,3,3,1-5-8,464,356,108,72,0.7982062780269058
g3-image,g3v,0.15,0.9,3,3,1-5-9,448,354,94,74,0.8082191780821918
g3-image,g3v,0.15,0.9,3,3,1-6-7,448,358,90,70,0.817351598173516
g3-image,g3v,0.15,0.9,3,3,1-6-8,459,357,102,71,0.8049605411499436
g3-image,g3v,0.15,0.9,3,3,1-6-9,447,354,93,74,0.8091428571428572
g3-image,g3v,0.15,0.9,3,3,1-7-8,456,353,103,75,0.7986425339366516
g3-image,g3v,0.15,0.9,3,3,1-7-9,449,354,95,74,0.8072976054732041
g3-image,g3v,0.15,0.9,3,3,1-8-9,454,358,96,70,0.8117913832199546
g3-image,g3v,0.15,0.9,3,3,2-3-4,432,343,89,85,0.7976744186046513
g3-image,g3v,0.15,0.9,3,3,2-3-5,432,338,94,90,0.7860465116279072
g3-image,g3v,0.15,0.9,3,3,2-3-6,427,342,85,86,0.7999999999999999
g3-image,g3v,0.15,0.9,3,3,2-3-7,426,340,86,88,0.7962529274004684
g3-image,g3v,0.15,0.9,3,3,2-3-8,432,339,93,89,0.7883720930232557
g3-image,g3v,0.15,0.9,3,3,2-3-9,432,338,94,90,0.7860465116279072
g3-image,g3v,0.15,0.9,3,3,2-4-5,440,344,96,84,0.7926267281105991
g3-image,g3v,0.15,0.9,3,3,2-4-6,431,348,83,80,0.810244470314319
g3-image,g3v,0.15,0.9,3,3,2-4-7,435,344,91,84,0.7972190034762456
g3-image,g3v,0.15,0.9,3,3,2-4-8,447,348,99,80,0.7954285714285715
g3-image,g3v,0.15,0.9,3,3,2-4-9,438,346,92,82,0.7990762124711316
g3-image,g3v,0.15,0.9,3,3,2-5-6,440,346,94,82,0.7972350230414748
g3-image,g3v,0.15,0.9,3,3,2-5-7,437,341,96,87,0.7884393063583816
g3-image,g3v,0.15,0.9,3,3,2-5-8,443,343,100,85,0.7876004592422502
g3-image,g3v,0.15,0.9,3,3,2-5-9,437,342,95,86,0.7907514450867054
g3-image,g3v,0.15,0.9,3,3,2-6-7,434,344,90,84,0.7981438515081206
g3-image,g3v,0.15,0.9,3,3,2-6-8,436,345,91,83,0.798611111111111
g3-image,g3v,0.15,0.9,3,3,2-6-9,430,347,83,81,0.8088578088578089
g3-image,g3v,0.15,0.9,3,3,2-7-8,441,347,94,81,0.7986191024165707
g3-image,g3v,0.15,0.9,3,3,2-7-9,437,341,96,87,0.7884393063583816
g3-image,g3v,0.15,0.9,3,3,2-8-9,440,345,95,83,0.7949308755760369
g3-image,g3v,0.15,0.9,3,3,3-4-5,438,344,94,84,0.7944572748267897
g3-image,g3v,0.15,0.9,3,3,3-4-6,419,341,78,87,0.8051948051948052
g3-image,g3v,0.15,0.9,3,3,3-4-7,431,341,90,87,0.7939464493597206
g3-image,g3v,0.15,0.9,3,3,3-4-8,436,340,96,88,0.7870370370370371
g3-image,g3v,0.15,0.9,3,3,3-4-9,433,342,91,86,0.794425087108014
g3-image,g3v,0.15,0.9,3,3,3-5-6,442,347,95,81,0.7977011494252874
g3-image,g3v,0.15,0.9,3,3,3-5-7,449,351,98,77,0.8004561003420751
g3-image,g3v,0.15,0.9,3,3,3-5-8,449,351,98,77,0.8004561003420751
g3-image,g3v,0.15,0.9,3,3,3-5-9,451,351,100,77,0.7986348122866894
g3-image,g3v,0.15,0.9,3,3,3-6-7,433,345,88,83,0.8013937282229965
g3-image,g3v,0.15,0.9,3,3,3-6-8,438,347,91,81,0.8013856812933025
g3-image,g3v,0.15,0.9,3,3,3-6-9,436,345,91,83,0.798611111111111
g3-image,g3v,0.15,0.9,3,3,3-7-8,448,348,100,80,0.7945205479452055
g3-image,g3v,0.15,0.9,3,3,3-7-9,445,341,104,87,0.7812142038946163
g3-image,g3v,0.15,0.9,3,3,3-8-9,446,348,98,80,0.7963386727688788
g3-image,g3v,0.15,0.9,3,3,4-5-6,443,351,92,77,0.8059701492537313
g3-image,g3v,0.15,0.9,3,3,4-5-7,451,356,95,72,0.8100113765642775
g3-image,g3v,0.15,0.9,3,3,4-5-8,448,352,96,76,0.8036529680365296
g3-image,g3v,0.15,0.9,3,3,4-5-9,445,351,94,77,0.8041237113402061
g3-image,g3v,0.15,0.9,3,3,4-6-7,447,358,89,70,0.8182857142857143
g3-image,g3v,0.15,0.9,3,3,4-6-8,442,355,87,73,0.8160919540229884
g3-image,g3v,0.15,0.9,3,3,4-6-9,437,352,85,76,0.8138728323699421
g3-image,g3v,0.15,0.9,3,3,4-7-8,448,352,96,76,0.8036529680365296
g3-image,g3v,0.15,0.9,3,3,4-7-9,449,350,99,78,0.7981755986316988
g3-image,g3v,0.15,0.9,3,3,4-8-9,450,350,100,78,0.7972665148063781
g3-image,g3v,0.15,0.9,3,3,5-6-7,449,351,98,77,0.8004561003420751
g3-image,g3v,0.15,0.9,3,3,5-6-8,451,355,96,73,0.8077360637087599
g3-image,g3v,0.15,0.9,3,3,5-6-9,437,352,85,76,0.8138728323699421
g3-image,g3v,0.15,0.9,3,3,5-7-8,452,350,102,78,0.7954545454545455
g3-image,g3v,0.15,0.9,3,3,5-7-9,441,349,92,79,0.803222094361335
g3-image,g3v,0.15,0.9,3,3,5-8-9,441,354,87,74,0.8147295742232452
g3-image,g3v,0.15,0.9,3,3,6-7-8,443,353,90,75,0.8105625717566016
g3-image,g3v,0.15,0.9,3,3,6-7-9,435,346,89,82,0.8018539976825028
g3-image,g3v,0.15,0.9,3,3,6-8-9,441,351,90,77,0.807825086306099
g3-image,g3v,0.15,0.9,3,3,7-8-9,451,357,94,71,0.8122866894197952
g3-image,g3v,0.15,0.9,4,4,0-1-2-3,441,354,87,74,0.8147295742232452
g3-image,g3v,0.15,0.9,4,4,0-1-2-4,441,355,86,73,0.8170310701956272
g3-image,g3v,0.15,0.9,4,4,0-1-2-5,440,356,84,72,0.8202764976958525
g3-image,g3v,0.15,0.9,4,4,0-1-2-6,438,354,84,74,0.817551963048499
g3-image,g3v,0.15,0.9,4,4,0-1-2-7,437,349,88,79,0.8069364161849711
g3-image,g3v,0.15,0.9,4,4,0-1-2-8,441,358,83,70,0.8239355581127732
g3-image,g3v,0.15,0.9,4,4,0-1-2-9,442,358,84,70,0.8229885057471266
g3-image,g3v,0.15,0.9,4,4,0-1-3-4,435,354,81,74,0.8203939745075318
g3-image,g3v,0.15,0.9,4,4,0-1-3-5,437,353,84,75,0.8161849710982659
g3-image,g3v,0.15,0.9,4,4,0-1-3-6,434,354,80,74,0.8213457076566125
g3-image,g3v,0.15,0.9,4,4,0-1-3-7,437,352,85,76,0.8138728323699421
g3-image,g3v,0.15,0.9,4,4,0-1-3-8,435,355,80,73,0.8227114716106604
g3-image,g3v,0.15,0.9,4,4,0-1-3-9,442,354,88,74,0.8137931034482758
g3-image,g3v,0.15,0.9,4,4,0-1-4-5,436,357,79,71,0.8263888888888888
g3-image,g3v,0.15,0.9,4,4,0-1-4-6,433,360,73,68,0.8362369337979093
g3-image,g3v,0.15,0.9,4,4,0-1-4-7,438,353,85,75,0.815242494226328
g3-image,g3v,0.15,0.9,4,4,0-1-4-8,437,361,76,67,0.8346820809248556
g3-image,g3v,0.15,0.9,4,4,0-1-4-9,437,358,79,70,0.8277456647398844
g3-image,g3v,0.15,0.9,4,4,0-1-5-6,435,355,80,73,0.8227114716106604
g3-image,g3v,0.15,0.9,4,4,0-1-5-7,438,353,85,75,0.815242494226328
g3-image,g3v,0.15,0.9,4,4,0-1-5-8,437,360,77,68,0.8323699421965319
g3-image,g3v,0.15,0.9,4,4,0-1-5-9,439,358,81,70,0.8258362168396771
g3-image,g3v,0.15,0.9,4,4,0-1-6-7,432,354,78,74,0.8232558139534883
g3-image,g3v,0.15,0.9,4,4,0-1-6-8,437,360,77,68,0.8323699421965319
g3-image,g3v,0.15,0.9,4,4,0-1-6-9,437,359,78,69,0.8300578034682081
g3-image,g3v,0.15,0.9,4,4,0-1-7-8,438,356,82,72,0.8221709006928405
g3-image,g3v,0.15,0.9,4,4,0-1-7-9,440,356,84,72,0.8202764976958525
g3-image,g3v,0.15,0.9,4,4,0-1-8-9,442,364,78,64,0.8367816091954022
g3-image,g3v,0.15,0.9,4,4,0-2-3-4,435,355,80,73,0.8227114716106604
g3-image,g3v,0.15,0.9,4,4,0-2-3-5,437,355,82,73,0.8208092485549132
g3-image,g3v,0.15,0.9,4,4,0-2-3-6,433,352,81,76,0.8176538908246225
g3-image,g3v,0.15,0.9,4,4,0-2-3-7,435,351,84,77,0.813441483198146
g3-image,g3v,0.15,0.9,4,4,0-2-3-8,430,354,76,74,0.8251748251748252
g3-image,g3v,0.15,0.9,4,4,0-2-3-9,439,356,83,72,0.8212226066897348
g3-image,g3v,0.15,0.9,4,4,0-2-4-5,440,357,83,71,0.8225806451612904
g3-image,g3v,0.15,0.9,4,4,0-2-4-6,434,356,78,72,0.8259860788863109
g3-image,g3v,0.15,0.9,4,4,0-2-4-7,439,354,85,74,0.8166089965397924
g3-image,g3v,0.15,0.9,4,4,0-2-4-8,432,356,76,72,0.827906976744186
g3-image,g3v,0.15,0.9,4,4,0-2-4-9,438,358,80,70,0.8267898383371824
g3-image,g3v,0.15,0.9,4,4,0-2-5-6,435,356,79,72,0.8250289687137892
g3-image,g3v,0.15,0.9,4,4,0-2-5-7,436,354,82,74,0.8194444444444445
g3-image,g3v,0.15,0.9,4,4,0-2-5-8,435,357,78,71,0.8273464658169177
g3-image,g3v,0.15,0.9,4,4,0-2-5-9,442,360,82,68,0.8275862068965517
g3-image,g3v,0.15,0.9,4,4,0-2-6-7,431,352,79,76,0.819557625145518
g3-image,g3v,0.15,0.9,4,4,0-2-6-8,431,355,76,73,0.8265424912689172
g3-image,g3v,0.15,0.9,4,4,0-2-6-9,435,359,76,69,0.831981460023175
g3-image,g3v,0.15,0.9,4,4,0-2-7-8,432,352,80,76,0.8186046511627906
g3-image,g3v,0.15,0.9,4,4,0-2-7-9,439,352,87,76,0.81199538638985
g3-image,g3v,0.15,0.9,4,4,0-2-8-9,436,360,76,68,0.8333333333333334
g3-image,g3v,0.15,0.9,4,4,0-3-4-5,437,356,81,72,0.8231213872832369
g3-image,g3v,0.15,0.9,4,4,0-3-4-6,432,356,76,72,0.827906976744186
g3-image,g3v,0.15,0.9,4,4,0-3-4-7,438,351,87,77,0.810623556581986
g3-image,g3v,0.15,0.9,4,4,0-3-4-8,433,355,78,73,0.8246225319396051
g3-image,g3v,0.15,0.9,4,4,0-3-4-9,438,358,80,70,0.8267898383371824
g3-image,g3v,0.15,0.9,4,4,0-3-5-6,433,352,81,76,0.8176538908246225
g3-image,g3v,0.15,0.9,4,4,0-3-5-7,435,350,85,78,0.8111239860950175
g3-image,g3v,0.15,0.9,4,4,0-3-5-8,430,355,75,73,0.8275058275058276
g3-image,g3v,0.15,0.9,4,4,0-3-5-9,441,357,84,71,0.8216340621403913
g3-image,g3v,0.15,0.9,4,4,0-3-6-7,433,353,80,75,0.8199767711962834
g3-image,g3v,0.15,0.9,4,4,0-3-6-8,427,353,74,75,0.8257309941520468
g3-image,g3v,0.15,0.9,4,4,0-3-6-9,435,354,81,74,0.8203939745075318
g3-image,g3v,0.15,0.9,4,4,0-3-7-8,434,354,80,74,0.8213457076566125
g3-image,g3v,0.15,0.9,4,4,0-3-7-9,442,355,87,73,0.8160919540229884
g3-image,g3v,0.15,0.9,4,4,0-3-8-9,435,357,78,71,0.8273464658169177
g3-image,g3v,0.15,0.9,4,4,0-4-5-6,435,357,78,71,0.8273464658169177
g3-image,g3v,0.15,0.9,4,4,0-4-5-7,441,354,87,74,0.8147295742232452
g3-image,g3v,0.15,0.9,4,4,0-4-5-8,433,356,77,72,0.826945412311266
g3-image,g3v,0.15,0.9,4,4,0-4-5-9,443,360,83,68,0.8266360505166475
g3-image,g3v,0.15,0.9,4,4,0-4-6-7,435,356,79,72,0.8250289687137892
g3-image,g3v,0.15,0.9,4,4,0-4-6-8,430,360,70,68,0.8391608391608392
g3-image,g3v,0.15,0.9,4,4,0-4-6-9,435,359,76,69,0.831981460023175
g3-image,g3v,0.15,0.9,4,4,0-4-7-8,438,355,83,73,0.8198614318706696
g3-image,g3v,0.15,0.9,4,4,0-4-7-9,445,353,92,75,0.8087056128293242
g3-image,g3v,0.15,0.9,4,4,0-4-8-9,439,360,79,68,0.8304498269896193
g3-image,g3v,0.15,0.9,4,4,0-5-6-7,435,351,84,77,0.813441483198146
g3-image,g3v,0.15,0.9,4,4,0-5-6-8,433,358,75,70,0.8315911730545876
g3-image,g3v,0.15,0.9,4,4,0-5-6-9,437,359,78,69,0.8300578034682081
g3-image,g3v,0.15,0.9,4,4,0-5-7-8,436,355,81,73,0.8217592592592592
g3-image,g3v,0.15,0.9,4,4,0-5-7-9,442,357,85,71,0.8206896551724138
g3-image,g3v,0.15,0.9,4,4,0-5-8-9,437,361,76,67,0.8346820809248556
g3-image,g3v,0.15,0.9,4,4,0-6-7-8,432,355,77,73,0.8255813953488371
g3-image,g3v,0.15,0.9,4,4,0-6-7-9,437,357,80,71,0.8254335260115607
g3-image,g3v,0.15,0.9,4,4,0-6-8-9,436,362,74,66,0.8379629629629631
g3-image,g3v,0.15,0.9,4,4,0-7-8-9,441,359,82,69,0.8262370540851554
g3-image,g3v,0.15,0.9,4,4,1-2-3-4,426,347,79,81,0.8126463700234192
g3-image,g3v,0.15,0.9,4,4,1-2-3-5,427,346,81,82,0.8093567251461987
g3-image,g3v,0.15,0.9,4,4,1-2-3-6,432,350,82,78,0.813953488372093
g3-image,g3v,0.15,0.9,4,4,1-2-3-7,430,346,84,82,0.8065268065268066
g3-image,g3v,0.15,0.9,4,4,1-2-3-8,434,343,91,85,0.7958236658932714
g3-image,g3v,0.15,0.9,4,4,1-2-3-9,422,341,81,87,0.8023529411764706
g3-image,g3v,0.15,0.9,4,4,1-2-4-5,425,349,76,79,0.8182883939038686
g3-image,g3v,0.15,0.9,4,4,1-2-4-6,429,353,76,75,0.823803967327888
g3-image,g3v,0.15,0.9,4,4,1-2-4-7,435,355,80,73,0.8227114716106604
g3-image,g3v,0.15,0.9,4,4,1-2-4-8,435,352,83,76,0.8157589803012745
g3-image,g3v,0.15,0.9,4,4,1-2-4-9,425,351,74,77,0.8229777256740914
g3-image,g3v,0.15,0.9,4,4,1-2-5-6,437,358,79,70,0.8277456647398844
g3-image,g3v,0.15,0.9,4,4,1-2-5-7,439,353,86,75,0.8143021914648212
g3-image,g3v,0.15,0.9,4,4,1-2-5-8,436,350,86,78,0.8101851851851852
g3-image,g3v,0.15,0.9,4,4,1-2-5-9,430,349,81,79,0.8135198135198135
g3-image,g3v,0.15,0.9,4,4,1-2-6-7,432,354,78,74,0.8232558139534883
g3-image,g3v,0.15,0.9,4,4,1-2-6-8,439,352,87,76,0.81199538638985
g3-image,g3v,0.15,0.9,4,4,1-2-6-9,428,350,78,78,0.8177570093457944
g3-image,g3v,0.15,0.9,4,4,1-2-7-8,436,351,85,77,0.8125
g3-image,g3v,0.15,0.9,4,4,1-2-7-9,430,349,81,79,0.8135198135198135
g3-image,g3v,0.15,0.9,4,4,1-2-8-9,431,352,79,76,0.819557625145518
g3-image,g3v,0.15,0.9,4,4,1-3-4-5,420,345,75,83,0.8136792452830189
g3-image,g3v,0.15,0.9,4,4,1-3-4-6,422,348,74,80,0.8188235294117648
g3-image,g3v,0.15,0.9,4,4,1-3-4-7,432,350,82,78,0.813953488372093
g3-image,g3v,0.15,0.9,4,4,1-3-4-8,426,346,80,82,0.810304449648712
g3-image,g3v,0.15,0.9,4,4,1-3-4-9,421,344,77,84,0.8103651354534745
g3-image,g3v,0.15,0.9,4,4,1-3-5-6,434,352,82,76,0.8167053364269141
g3-image,g3v,0.15,0.9,4,4,1-3-5-7,430,350,80,78,0.815850815850816
g3-image,g3v,0.15,0.9,4,4,1-3-5-8,436,345,91,83,0.798611111111111
g3-image,g3v,0.15,0.9,4,4,1-3-5-9,421,345,76,83,0.812720848056537
g3-image,g3v,0.15,0.9,4,4,1-3-6-7,431,352,79,76,0.819557625145518
g3-image,g3v,0.15,0.9,4,4,1-3-6-8,433,348,85,80,0.8083623693379791
g3-image,g3v,0.15,0.9,4,4,1-3-6-9,422,347,75,81,0.8164705882352942
g3-image,g3v,0.15,0.9,4,4,1-3-7-8,431,346,85,82,0.8055878928987195
g3-image,g3v,0.15,0.9,4,4,1-3-7-9,426,346,80,82,0.810304449648712
g3-image,g3v,0.15,0.9,4,4,1-3-8-9,427,345,82,83,0.8070175438596491
g3-image,g3v,0.15,0.9,4,4,1-4-5-6,430,356,74,72,0.8298368298368298
g3-image,g3v,0.15,0.9,4,4,1-4-5-7,433,355,78,73,0.8246225319396051
g3-image,g3v,0.15,0.9,4,4,1-4-5-8,429,348,81,80,0.8121353558926487
g3-image,g3v,0.15,0.9,4,4,1-4-5-9,428,351,77,77,0.8200934579439252
g3-image,g3v,0.15,0.9,4,4,1-4-6-7,432,358,74,70,0.8325581395348838
g3-image,g3v,0.15,0.9,4,4,1-4-6-8,432,350,82,78,0.813953488372093
g3-image,g3v,0.15,0.9,4,4,1-4-6-9,424,350,74,78,0.8215962441314554
g3-image,g3v,0.15,0.9,4,4,1-4-7-8,436,352,84,76,0.8148148148148148
g3-image,g3v,0.15,0.9,4,4,1-4-7-9,429,353,76,75,0.823803967327888
g3-image,g3v,0.15,0.9,4,4,1-4-8-9,428,349,79,79,0.8154205607476636
g3-image,g3v,0.15,0.9,4,4,1-5-6-7,438,357,81,71,0.8244803695150116
g3-image,g3v,0.15,0.9,4,4,1-5-6-8,439,352,87,76,0.81199538638985
g3-image,g3v,0.15,0.9,4,4,1-5-6-9,430,353,77,75,0.8228438228438228
g3-image,g3v,0.15,0.9,4,4,1-5-7-8,436,351,85,77,0.8125
g3-image,g3v,0.15,0.9,4,4,1-5-7-9,429,349,80,79,0.8144690781796966
g3-image,g3v,0.15,0.9,4,4,1-5-8-9,431,354,77,74,0.8242142025611177
g3-image,g3v,0.15,0.9,4,4,1-6-7-8,433,351,82,77,0.8153310104529616
g3-image,g3v,0.15,0.9,4,4,1-6-7-9,426,351,75,77,0.8220140515222483
g3-image,g3v,0.15,0.9,4,4,1-6-8-9,432,350,82,78,0.813953488372093
g3-image,g3v,0.15,0.9,4,4,1-7-8-9,429,352,77,76,0.8214702450408402
g3-image,g3v,0.15,0.9,4,4,2-3-4-5,411,337,74,91,0.8033373063170441
g3-image,g3v,0.15,0.9,4,4,2-3-4-6,410,340,70,88,0.8114558472553698
g3-image,g3v,0.15,0.9,4,4,2-3-4-7,408,337,71,91,0.80622009569378
g3-image,g3v,0.15,0.9,4,4,2-3-4-8,418,340,78,88,0.8037825059101654
g3-image,g3v,0.15,0.9,4,4,2-3-4-9,411,337,74,91,0.8033373063170441
g3-image,g3v,0.15,0.9,4,4,2-3-5-6,414,338,76,90,0.8028503562945368
g3-image,g3v,0.15,0.9,4,4,2-3-5-7,407,334,73,94,0.7999999999999999
g3-image,g3v,0.15,0.9,4,4,2-3-5-8,413,334,79,94,0.7942925089179548
g3-image,g3v,0.15,0.9,4,4,2-3-5-9,408,332,76,96,0.7942583732057417
g3-image,g3v,0.15,0.9,4,4,2-3-6-7,408,339,69,89,0.8110047846889952
g3-image,g3v,0.15,0.9,4,4,2-3-6-8,413,340,73,88,0.8085612366230678
g3-image,g3v,0.15,0.9,4,4,2-3-6-9,409,338,71,90,0.8076463560334529
g3-image,g3v,0.15,0.9,4,4,2-3-7-8,414,340,74,88,0.8076009501187649
g3-image,g3v,0.15,0.9,4,4,2-3-7-9,409,334,75,94,0.7980884109916369
g3-image,g3v,0.15,0.9,4,4,2-3-8-9,412,336,76,92,0.8
g3-image,g3v,0.15,0.9,4,4,2-4-5-6,419,341,78,87,0.8051948051948052
g3-image,g3v,0.15,0.9,4,4,2-4-5-7,415,338,77,90,0.8018979833926453
g3-image,g3v,0.15,0.9,4,4,2-4-5-8,418,339,79,89,0.8014184397163121
g3-image,g3v,0.15,0.9,4,4,2-4-5-9,416,339,77,89,0.8033175355450236
g3-image,g3v,0.15,0.9,4,4,2-4-6-7,411,344,67,84,0.8200238379022645
g3-image,g3v,0.15,0.9,4,4,2-4-6-8,418,344,74,84,0.8132387706855791
g3-image,g3v,0.15,0.9,4,4,2-4-6-9,416,345,71,83,0.8175355450236967
g3-image,g3v,0.15,0.9,4,4,2-4-7-8,420,342,78,86,0.8066037735849056
g3-image,g3v,0.15,0.9,4,4,2-4-7-9,416,337,79,91,0.7985781990521327
g3-image,g3v,0.15,0.9,4,4,2-4-8-9,420,341,79,87,0.804245283018868
g3-image,g3v,0.15,0.9,4,4,2-5-6-7,421,342,79,86,0.8056537102473499
g3-image,g3v,0.15,0.9,4,4,2-5-6-8,427,342,85,86,0.7999999999999999
g3-image,g3v,0.15,0.9,4,4,2-5-6-9,417,345,72,83,0.8165680473372782
g3-image,g3v,0.15,0.9,4,4,2-5-7-8,418,339,79,89,0.8014184397163121
g3-image,g3v,0.15,0.9,4,4,2-5-7-9,415,337,78,91,0.7995255041518387
g3-image,g3v,0.15,0.9,4,4,2-5-8-9,414,338,76,90,0.8028503562945368
g3-image,g3v,0.15,0.9,4,4,2-6-7-8,418,344,74,84,0.8132387706855791
g3-image,g3v,0.15,0.9,4,4,2-6-7-9,416,344,72,84,0.815165876777251
g3-image,g3v,0.15,0.9,4,4,2-6-8-9,419,343,76,85,0.8099173553719008
g3-image,g3v,0.15,0.9,4,4,2-7-8-9,416,341,75,87,0.8080568720379148
g3-image,g3v,0.15,0.9,4,4,3-4-5-6,413,339,74,89,0.8061831153388822
g3-image,g3v,0.15,0.9,4,4,3-4-5-7,421,344,77,84,0.8103651354534745
g3-image,g3v,0.15,0.9,4,4,3-4-5-8,417,339,78,89,0.8023668639053254
g3-image,g3v,0.15,0.9,4,4,3-4-5-9,415,340,75,88,0.8066429418742586
g3-image,g3v,0.15,0.9,4,4,3-4-6-7,407,337,70,91,0.807185628742515
g3-image,g3v,0.15,0.9,4,4,3-4-6-8,407,336,71,92,0.8047904191616767
g3-image,g3v,0.15,0.9,4,4,3-4-6-9,408,338,70,90,0.8086124401913876
g3-image,g3v,0.15,0.9,4,4,3-4-7-8,417,334,83,94,0.7905325443786982
g3-image,g3v,0.15,0.9,4,4,3-4-7-9,412,337,75,91,0.8023809523809523
g3-image,g3v,0.15,0.9,4,4,3-4-8-9,410,334,76,94,0.7971360381861575
g3-image,g3v,0.15,0.9,4,4,3-5-6-7,423,344,79,84,0.808460634547591
g3-image,g3v,0.15,0.9,4,4,3-5-6-8,425,345,80,83,0.8089097303634233
g3-image,g3v,0.15,0.9,4,4,3-5-6-9,418,343,75,85,0.8108747044917257
g3-image,g3v,0.15,0.9,4,4,3-5-7-8,430,346,84,82,0.8065268065268066
g3-image,g3v,0.15,0.9,4,4,3-5-7-9,426,345,81,83,0.8079625292740047
g3-image,g3v,0.15,0.9,4,4,3-5-8-9,424,345,79,83,0.8098591549295775
g3-image,g3v,0.15,0.9,4,4,3-6-7-8,418,342,76,86,0.8085106382978723
g3-image,g3v,0.15,0.9,4,4,3-6-7-9,416,342,74,86,0.8104265402843601
g3-image,g3v,0.15,0.9,4,4,3-6-8-9,417,343,74,85,0.8118343195266271
g3-image,g3v,0.15,0.9,4,4,3-7-8-9,425,344,81,84,0.8065650644783119
g3-image,g3v,0.15,0.9,4,4,4-5-6-7,429,350,79,78,0.8168028004667445
g3-image,g3v,0.15,0.9,4,4,4-5-6-8,429,349,80,79,0.8144690781796966
g3-image,g3v,0.15,0.9,4,4,4-5-6-9,429,350,79,78,0.8168028004667445
g3-image,g3v,0.15,0.9,4,4,4-5-7-8,430,350,80,78,0.815850815850816
g3-image,g3v,0.15,0.9,4,4,4-5-7-9,432,349,83,79,0.8116279069767441
g3-image,g3v,0.15,0.9,4,4,4-5-8-9,431,351,80,77,0.8172293364377182
g3-image,g3v,0.15,0.9,4,4,4-6-7-8,425,350,75,78,0.82063305978898
g3-image,g3v,0.15,0.9,4,4,4-6-7-9,423,349,74,79,0.8202115158636898
g3-image,g3v,0.15,0.9,4,4,4-6-8-9,427,350,77,78,0.8187134502923977
g3-image,g3v,0.15,0.9,4,4,4-7-8-9,433,348,85,80,0.8083623693379791
g3-image,g3v,0.15,0.9,4,4,5-6-7-8,429,348,81,80,0.8121353558926487
g3-image,g3v,0.15,0.9,4,4,5-6-7-9,419,345,74,83,0.8146399055489966
g3-image,g3v,0.15,0.9,4,4,5-6-8-9,424,350,74,78,0.8215962441314554
g3-image,g3v,0.15,0.9,4,4,5-7-8-9,419,346,73,82,0.8170011806375442
g3-image,g3v,0.15,0.9,4,4,6-7-8-9,423,348,75,80,0.81786133960047
g3-image,g3v,0.15,0.9,5,5,0-1-2-3-4,424,351,73,77,0.8239436619718309
g3-image,g3v,0.15,0.9,5,5,0-1-2-3-5,424,351,73,77,0.8239436619718309
g3-image,g3v,0.15,0.9,5,5,0-1-2-3-6,423,349,74,79,0.8202115158636898
g3-image,g3v,0.15,0.9,5,5,0-1-2-3-7,424,348,76,80,0.8169014084507042
g3-image,g3v,0.15,0.9,5,5,0-1-2-3-8,424,354,70,74,0.8309859154929577
g3-image,g3v,0.15,0.9,5,5,0-1-2-3-9,429,352,77,76,0.8214702450408402
g3-image,g3v,0.15,0.9,5,5,0-1-2-4-5,425,352,73,76,0.8253223915592028
g3-image,g3v,0.15,0.9,5,5,0-1-2-4-6,422,352,70,76,0.8282352941176471
g3-image,g3v,0.15,0.9,5,5,0-1-2-4-7,425,350,75,78,0.82063305978898
g3-image,g3v,0.15,0.9,5,5,0-1-2-4-8,424,355,69,73,0.8333333333333334
g3-image,g3v,0.15,0.9,5,5,0-1-2-4-9,425,355,70,73,0.8323563892145369
g3-image,g3v,0.15,0.9,5,5,0-1-2-5-6,424,353,71,75,0.8286384976525821
g3-image,g3v,0.15,0.9,5,5,0-1-2-5-7,420,349,71,79,0.8231132075471698
g3-image,g3v,0.15,0.9,5,5,0-1-2-5-8,423,356,67,72,0.8366627497062279
g3-image,g3v,0.15,0.9,5,5,0-1-2-5-9,426,356,70,72,0.8337236533957846
g3-image,g3v,0.15,0.9,5,5,0-1-2-6-7,419,347,72,81,0.8193624557260919
g3-image,g3v,0.15,0.9,5,5,0-1-2-6-8,424,354,70,74,0.8309859154929577
g3-image,g3v,0.15,0.9,5,5,0-1-2-6-9,424,354,70,74,0.8309859154929577
g3-image,g3v,0.15,0.9,5,5,0-1-2-7-8,422,350,72,78,0.823529411764706
g3-image,g3v,0.15,0.9,5,5,0-1-2-7-9,423,350,73,78,0.8225616921269095
g3-image,g3v,0.15,0.9,5,5,0-1-2-8-9,426,357,69,71,0.8360655737704918
g3-image,g3v,0.15,0.9,5,5,0-1-3-4-5,422,353,69,75,0.8305882352941177
g3-image,g3v,0.15,0.9,5,5,0-1-3-4-6,420,354,66,74,0.8349056603773585
g3-image,g3v,0.15,0.9,5,5,0-1-3-4-7,425,349,76,79,0.8182883939038686
g3-image,g3v,0.15,0.9,5,5,0-1-3-4-8,420,354,66,74,0.8349056603773585
g3-image,g3v,0.15,0.9,5,5,0-1-3-4-9,425,354,71,74,0.8300117233294255
g3-image,g3v,0.15,0.9,5,5,0-1-3-5-6,421,350,71,78,0.8244994110718493
g3-image,g3v,0.15,0.9,5,5,0-1-3-5-7,421,349,72,79,0.8221436984687869
g3-image,g3v,0.15,0.9,5,5,0-1-3-5-8,418,352,66,76,0.8321513002364065
g3-image,g3v,0.15,0.9,5,5,0-1-3-5-9,425,351,74,77,0.8229777256740914
g3-image,g3v,0.15,0.9,5,5,0-1-3-6-7,420,350,70,78,0.8254716981132076
g3-image,g3v,0.15,0.9,5,5,0-1-3-6-8,419,352,67,76,0.8311688311688311
g3-image,g3v,0.15,0.9,5,5,0-1-3-6-9,425,352,73,76,0.8253223915592028
g3-image,g3v,0.15,0.9,5,5,0-1-3-7-8,422,352,70,76,0.8282352941176471
g3-image,g3v,0.15,0.9,5,5,0-1-3-7-9,428,351,77,77,0.8200934579439252
g3-image,g3v,0.15,0.9,5,5,0-1-3-8-9,424,354,70,74,0.8309859154929577
g3-image,g3v,0.15,0.9,5,5,0-1-4-5-6,420,354,66,74,0.8349056603773585
g3-image,g3v,0.15,0.9,5,5,0-1-4-5-7,423,349,74,79,0.8202115158636898
g3-image,g3v,0.15,0.9,5,5,0-1-4-5-8,419,355,64,73,0.8382526564344747
g3-image,g3v,0.15,0.9,5,5,0-1-4-5-9,424,354,70,74,0.8309859154929577
g3-image,g3v,0.15,0.9,5,5,0-1-4-6-7,420,353,67,75,0.8325471698113207
g3-image,g3v,0.15,0.9,5,5,0-1-4-6-8,420,358,62,70,0.8443396226415094
g3-image,g3v,0.15,0.9,5,5,0-1-4-6-9,421,355,66,73,0.8362779740871613
g3-image,g3v,0.15,0.9,5,5,0-1-4-7-8,424,354,70,74,0.8309859154929577
g3-image,g3v,0.15,0.9,5,5,0-1-4-7-9,425,352,73,76,0.8253223915592028
g3-image,g3v,0.15,0.9,5,5,0-1-4-8-9,424,359,65,69,0.8427230046948356
g3-image,g3v,0.15,0.9,5,5,0-1-5-6-7,420,349,71,79,0.8231132075471698
g3-image,g3v,0.15,0.9,5,5,0-1-5-6-8,421,356,65,72,0.8386336866902238
g3-image,g3v,0.15,0.9,5,5,0-1-5-6-9,423,356,67,72,0.8366627497062279
g3-image,g3v,0.15,0.9,5,5,0-1-5-7-8,420,352,68,76,0.830188679245283
g3-image,g3v,0.15,0.9,5,5,0-1-5-7-9,423,349,74,79,0.8202115158636898
g3-image,g3v,0.15,0.9,5,5,0-1-5-8-9,422,359,63,69,0.8447058823529412
g3-image,g3v,0.15,0.9,5,5,0-1-6-7-8,420,352,68,76,0.830188679245283
g3-image,g3v,0.15,0.9,5,5,0-1-6-7-9,422,352,70,76,0.8282352941176471
g3-image,g3v,0.15,0.9,5,5,0-1-6-8-9,424,358,66,70,0.8403755868544601
g3-image,g3v,0.15,0.9,5,5,0-1-7-8-9,425,354,71,74,0.8300117233294255
g3-image,g3v,0.15,0.9,5,5,0-2-3-4-5,423,354,69,74,0.8319623971797885
g3-image,g3v,0.15,0.9,5,5,0-2-3-4-6,420,351,69,77,0.8278301886792453
g3-image,g3v,0.15,0.9,5,5,0-2-3-4-7,423,350,73,78,0.8225616921269095
g3-image,g3v,0.15,0.9,5,5,0-2-3-4-8,418,352,66,76,0.8321513002364065
g3-image,g3v,0.15,0.9,5,5,0-2-3-4-9,424,354,70,74,0.8309859154929577
g3-image,g3v,0.15,0.9,5,5,0-2-3-5-6,419,349,70,79,0.8240850059031877
g3-image,g3v,0.15,0.9,5,5,0-2-3-5-7,420,350,70,78,0.8254716981132076
g3-image,g3v,0.15,0.9,5,5,0-2-3-5-8,415,352,63,76,0.8351126927639383
g3-image,g3v,0.15,0.9,5,5,0-2-3-5-9,424,355,69,73,0.8333333333333334
g3-image,g3v,0.15,0.9,5,5,0-2-3-6-7,419,347,72,81,0.8193624557260919
g3-image,g3v,0.15,0.9,5,5,0-2-3-6-8,415,349,66,79,0.8279952550415184
g3-image,g3v,0.15,0.9,5,5,0-2-3-6-9,422,351,71,77,0.8258823529411764
g3-image,g3v,0.15,0.9,5,5,0-2-3-7-8,419,350,69,78,0.8264462809917356
g3-image,g3v,0.15,0.9,5,5,0-2-3-7-9,426,350,76,78,0.819672131147541
g3-image,g3v,0.15,0.9,5,5,0-2-3-8-9,419,354,65,74,0.8358913813459269
g3-image,g3v,0.15,0.9,5,5,0-2-4-5-6,423,354,69,74,0.8319623971797885
g3-image,g3v,0.15,0.9,5,5,0-2-4-5-7,425,352,73,76,0.8253223915592028
g3-image,g3v,0.15,0.9,5,5,0-2-4-5-8,419,353,66,75,0.8335301062573789
g3-image,g3v,0.15,0.9,5,5,0-2-4-5-9,426,357,69,71,0.8360655737704918
g3-image,g3v,0.15,0.9,5,5,0-2-4-6-7,421,352,69,76,0.8292108362779741
g3-image,g3v,0.15,0.9,5,5,0-2-4-6-8,416,352,64,76,0.8341232227488151
g3-image,g3v,0.15,0.9,5,5,0-2-4-6-9,422,355,67,73,0.8352941176470587
g3-image,g3v,0.15,0.9,5,5,0-2-4-7-8,421,351,70,77,0.8268551236749115
g3-image,g3v,0.15,0.9,5,5,0-2-4-7-9,425,351,74,77,0.8229777256740914
g3-image,g3v,0.15,0.9,5,5,0-2-4-8-9,421,355,66,73,0.8362779740871613
g3-image,g3v,0.15,0.9,5,5,0-2-5-6-7,419,349,70,79,0.8240850059031877
g3-image,g3v,0.15,0.9,5,5,0-2-5-6-8,419,353,66,75,0.8335301062573789
g3-image,g3v,0.15,0.9,5,5,0-2-5-6-9,424,356,68,72,0.8356807511737089
g3-image,g3v,0.15,0.9,5,5,0-2-5-7-8,416,352,64,76,0.8341232227488151
g3-image,g3v,0.15,0.9,5,5,0-2-5-7-9,423,353,70,75,0.8296122209165688
g3-image,g3v,0.15,0.9,5,5,0-2-5-8-9,421,357,64,71,0.8409893992932862
g3-image,g3v,0.15,0.9,5,5,0-2-6-7-8,415,349,66,79,0.8279952550415184
g3-image,g3v,0.15,0.9,5,5,0-2-6-7-9,421,351,70,77,0.8268551236749115
g3-image,g3v,0.15,0.9,5,5,0-2-6-8-9,421,356,65,72,0.8386336866902238
g3-image,g3v,0.15,0.9,5,5,0-2-7-8-9,421,353,68,75,0.8315665488810365
g3-image,g3v,0.15,0.9,5,5,0-3-4-5-6,422,354,68,74,0.8329411764705883
g3-image,g3v,0.15,0.9,5,5,0-3-4-5-7,425,350,75,78,0.82063305978898
g3-image,g3v,0.15,0.9,5,5,0-3-4-5-8,419,352,67,76,0.8311688311688311
g3-image,g3v,0.15,0.9,5,5,0-3-4-5-9,427,356,71,72,0.8327485380116959
g3-image,g3v,0.15,0.9,5,5,0-3-4-6-7,422,350,72,78,0.823529411764706
g3-image,g3v,0.15,0.9,5,5,0-3-4-6-8,416,352,64,76,0.8341232227488151
g3-image,g3v,0.15,0.9,5,5,0-3-4-6-9,423,354,69,74,0.8319623971797885
g3-image,g3v,0.15,0.9,5,5,0-3-4-7-8,425,350,75,78,0.82063305978898
g3-image,g3v,0.15,0.9,5,5,0-3-4-7-9,429,351,78,77,0.8191365227537923
g3-image,g3v,0.15,0.9,5,5,0-3-4-8-9,424,355,69,73,0.8333333333333334
g3-image,g3v,0.15,0.9,5,5,0-3-5-6-7,421,347,74,81,0.8174322732626619
g3-image,g3v,0.15,0.9,5,5,0-3-5-6-8,416,351,65,77,0.8317535545023697
g3-image,g3v,0.15,0.9,5,5,0-3-5-6-9,423,352,71,76,0.827262044653349
g3-image,g3v,0.15,0.9,5,5,0-3-5-7-8,419,349,70,79,0.8240850059031877
g3-image,g3v,0.15,0.9,5,5,0-3-5-7-9,427,352,75,76,0.823391812865497
g3-image,g3v,0.15,0.9,5,5,0-3-5-8-9,419,354,65,74,0.8358913813459269
g3-image,g3v,0.15,0.9,5,5,0-3-6-7-8,418,350,68,78,0.8274231678486997
g3-image,g3v,0.15,0.9,5,5,0-3-6-7-9,425,351,74,77,0.8229777256740914
g3-image,g3v,0.15,0.9,5,5,0-3-6-8-9,420,352,68,76,0.830188679245283
g3-image,g3v,0.15,0.9,5,5,0-3-7-8-9,426,353,73,75,0.8266978922716628
g3-image,g3v,0.15,0.9,5,5,0-4-5-6-7,423,351,72,77,0.8249118683901292
g3-image,g3v,0.15,0.9,5,5,0-4-5-6-8,418,353,65,75,0.83451536643026
g3-image,g3v,0.15,0.9,5,5,0-4-5-6-9,424,355,69,73,0.8333333333333334
g3-image,g3v,0.15,0.9,5,5,0-4-5-7-8,422,351,71,77,0.8258823529411764
g3-image,g3v,0.15,0.9,5,5,0-4-5-7-9,430,352,78,76,0.8205128205128206
g3-image,g3v,0.15,0.9,5,5,0-4-5-8-9,424,355,69,73,0.8333333333333334
g3-image,g3v,0.15,0.9,5,5,0-4-6-7-8,420,353,67,75,0.8325471698113207
g3-image,g3v,0.15,0.9,5,5,0-4-6-7-9,424,353,71,75,0.8286384976525821
g3-image,g3v,0.15,0.9,5,5,0-4-6-8-9,422,357,65,71,0.8400000000000001
g3-image,g3v,0.15,0.9,5,5,0-4-7-8-9,428,354,74,74,0.8271028037383178
g3-image,g3v,0.15,0.9,5,5,0-5-6-7-8,420,352,68,76,0.830188679245283
g3-image,g3v,0.15,0.9,5,5,0-5-6-7-9,424,353,71,75,0.8286384976525821
g3-image,g3v,0.15,0.9,5,5,0-5-6-8-9,423,357,66,71,0.8390129259694477
g3-image,g3v,0.15,0.9,5,5,0-5-7-8-9,422,355,67,73,0.8352941176470587
g3-image,g3v,0.15,0.9,5,5,0-6-7-8-9,423,354,69,74,0.8319623971797885
g3-image,g3v,0.15,0.9,5,5,1-2-3-4-5,409,343,66,85,0.8195937873357229
g3-image,g3v,0.15,0.9,5,5,1-2-3-4-6,413,348,65,80,0.8275862068965518
g3-image,g3v,0.15,0.9,5,5,1-2-3-4-7,417,346,71,82,0.8189349112426035
g3-image,g3v,0.15,0.9,5,5,1-2-3-4-8,416,342,74,86,0.8104265402843601
g3-image,g3v,0.15,0.9,5,5,1-2-3-4-9,406,340,66,88,0.815347721822542
g3-image,g3v,0.15,0.9,5,5,1-2-3-5-6,417,348,69,80,0.8236686390532544
g3-image,g3v,0.15,0.9,5,5,1-2-3-5-7,416,344,72,84,0.815165876777251
g3-image,g3v,0.15,0.9,5,5,1-2-3-5-8,418,343,75,85,0.8108747044917257
g3-image,g3v,0.15,0.9,5,5,1-2-3-5-9,411,342,69,86,0.8152562574493444
g3-image,g3v,0.15,0.9,5,5,1-2-3-6-7,417,348,69,80,0.8236686390532544
g3-image,g3v,0.15,0.9,5,5,1-2-3-6-8,420,345,75,83,0.8136792452830189
g3-image,g3v,0.15,0.9,5,5,1-2-3-6-9,411,345,66,83,0.8224076281287247
g3-image,g3v,0.15,0.9,5,5,1-2-3-7-8,419,342,77,86,0.807556080283353
g3-image,g3v,0.15,0.9,5,5,1-2-3-7-9,413,343,70,85,0.8156956004756242
g3-image,g3v,0.15,0.9,5,5,1-2-3-8-9,415,342,73,86,0.8113879003558718
g3-image,g3v,0.15,0.9,5,5,1-2-4-5-6,416,352,64,76,0.8341232227488151
g3-image,g3v,0.15,0.9,5,5,1-2-4-5-7,420,351,69,77,0.8278301886792453
g3-image,g3v,0.15,0.9,5,5,1-2-4-5-8,415,345,70,83,0.8185053380782918
g3-image,g3v,0.15,0.9,5,5,1-2-4-5-9,412,347,65,81,0.8261904761904763
g3-image,g3v,0.15,0.9,5,5,1-2-4-6-7,420,353,67,75,0.8325471698113207
g3-image,g3v,0.15,0.9,5,5,1-2-4-6-8,419,349,70,79,0.8240850059031877
g3-image,g3v,0.15,0.9,5,5,1-2-4-6-9,412,347,65,81,0.8261904761904763
g3-image,g3v,0.15,0.9,5,5,1-2-4-7-8,423,350,73,78,0.8225616921269095
g3-image,g3v,0.15,0.9,5,5,1-2-4-7-9,415,349,66,79,0.8279952550415184
g3-image,g3v,0.15,0.9,5,5,1-2-4-8-9,414,347,67,81,0.8242280285035629
g3-image,g3v,0.15,0.9,5,5,1-2-5-6-7,424,354,70,74,0.8309859154929577
g3-image,g3v,0.15,0.9,5,5,1-2-5-6-8,423,350,73,78,0.8225616921269095
g3-image,g3v,0.15,0.9,5,5,1-2-5-6-9,417,351,66,77,0.8307692307692308
g3-image,g3v,0.15,0.9,5,5,1-2-5-7-8,420,348,72,80,0.820754716981132
g3-image,g3v,0.15,0.9,5,5,1-2-5-7-9,418,347,71,81,0.8203309692671394
g3-image,g3v,0.15,0.9,5,5,1-2-5-8-9,420,349,71,79,0.8231132075471698
g3-image,g3v,0.15,0.9,5,5,1-2-6-7-8,423,349,74,79,0.8202115158636898
g3-image,g3v,0.15,0.9,5,5,1-2-6-7-9,416,348,68,80,0.8246445497630331
g3-image,g3v,0.15,0.9,5,5,1-2-6-8-9,419,351,68,77,0.8288075560802833
g3-image,g3v,0.15,0.9,5,5,1-2-7-8-9,420,349,71,79,0.8231132075471698
g3-image,g3v,0.15,0.9,5,5,1-3-4-5-6,412,348,64,80,0.8285714285714285
g3-image,g3v,0.15,0.9,5,5,1-3-4-5-7,414,346,68,82,0.8218527315914489
g3-image,g3v,0.15,0.9,5,5,1-3-4-5-8,412,344,68,84,0.819047619047619
g3-image,g3v,0.15,0.9,5,5,1-3-4-5-9,405,342,63,86,0.8211284513805521
g3-image,g3v,0.15,0.9,5,5,1-3-4-6-7,418,349,69,79,0.8250591016548463
g3-image,g3v,0.15,0.9,5,5,1-3-4-6-8,412,344,68,84,0.819047619047619
g3-image,g3v,0.15,0.9,5,5,1-3-4-6-9,407,342,65,86,0.8191616766467065
g3-image,g3v,0.15,0.9,5,5,1-3-4-7-8,419,348,71,80,0.8217237308146399
g3-image,g3v,0.15,0.9,5,5,1-3-4-7-9,414,344,70,84,0.8171021377672208
g3-image,g3v,0.15,0.9,5,5,1-3-4-8-9,411,343,68,85,0.8176400476758044
g3-image,g3v,0.15,0.9,5,5,1-3-5-6-7,418,349,69,79,0.8250591016548463
g3-image,g3v,0.15,0.9,5,5,1-3-5-6-8,421,347,74,81,0.8174322732626619
g3-image,g3v,0.15,0.9,5,5,1-3-5-6-9,410,346,64,82,0.8257756563245824
g3-image,g3v,0.15,0.9,5,5,1-3-5-7-8,419,345,74,83,0.8146399055489966
g3-image,g3v,0.15,0.9,5,5,1-3-5-7-9,412,344,68,84,0.819047619047619
g3-image,g3v,0.15,0.9,5,5,1-3-5-8-9,413,344,69,84,0.8180737217598096
g3-image,g3v,0.15,0.9,5,5,1-3-6-7-8,419,347,72,81,0.8193624557260919
g3-image,g3v,0.15,0.9,5,5,1-3-6-7-9,411,346,65,82,0.8247914183551848
g3-image,g3v,0.15,0.9,5,5,1-3-6-8-9,413,344,69,84,0.8180737217598096
g3-image,g3v,0.15,0.9,5,5,1-3-7-8-9,414,344,70,84,0.8171021377672208
g3-image,g3v,0.15,0.9,5,5,1-4-5-6-7,419,354,65,74,0.8358913813459269
g3-image,g3v,0.15,0.9,5,5,1-4-5-6-8,417,348,69,80,0.8236686390532544
g3-image,g3v,0.15,0.9,5,5,1-4-5-6-9,414,351,63,77,0.833729216152019
g3-image,g3v,0.15,0.9,5,5,1-4-5-7-8,418,347,71,81,0.8203309692671394
g3-image,g3v,0.15,0.9,5,5,1-4-5-7-9,416,351,65,77,0.8317535545023697
g3-image,g3v,0.15,0.9,5,5,1-4-5-8-9,415,347,68,81,0.8232502965599051
g3-image,g3v,0.15,0.9,5,5,1-4-6-7-8,420,351,69,77,0.8278301886792453
g3-image,g3v,0.15,0.9,5,5,1-4-6-7-9,415,352,63,76,0.8351126927639383
g3-image,g3v,0.15,0.9,5,5,1-4-6-8-9,413,347,66,81,0.8252080856123662
g3-image,g3v,0.15,0.9,5,5,1-4-7-8-9,419,351,68,77,0.8288075560802833
g3-image,g3v,0.15,0.9,5,5,1-5-6-7-8,422,348,74,80,0.8188235294117648
g3-image,g3v,0.15,0.9,5,5,1-5-6-7-9,417,352,65,76,0.8331360946745563
g3-image,g3v,0.15,0.9,5,5,1-5-6-8-9,418,349,69,79,0.8250591016548463
g3-image,g3v,0.15,0.9,5,5,1-5-7-8-9,417,350,67,78,0.8284023668639054
g3-image,g3v,0.15,0.9,5,5,1-6-7-8-9,416,350,66,78,0.8293838862559241
g3-image,g3v,0.15,0.9,5,5,2-3-4-5-6,402,337,65,91,0.8120481927710843
g3-image,g3v,0.15,0.9,5,5,2-3-4-5-7,396,332,64,96,0.8058252427184466
g3-image,g3v,0.15,0.9,5,5,2-3-4-5-8,403,336,67,92,0.8086642599277978
g3-image,g3v,0.15,0.9,5,5,2-3-4-5-9,396,333,63,95,0.8082524271844661
g3-image,g3v,0.15,0.9,5,5,2-3-4-6-7,396,336,60,92,0.8155339805825242
g3-image,g3v,0.15,0.9,5,5,2-3-4-6-8,405,339,66,89,0.8139255702280912
g3-image,g3v,0.15,0.9,5,5,2-3-4-6-9,401,338,63,90,0.8154402895054282
g3-image,g3v,0.15,0.9,5,5,2-3-4-7-8,406,338,68,90,0.8105515587529977
g3-image,g3v,0.15,0.9,5,5,2-3-4-7-9,400,335,65,93,0.8091787439613527
g3-image,g3v,0.15,0.9,5,5,2-3-4-8-9,405,337,68,91,0.809123649459784
g3-image,g3v,0.15,0.9,5,5,2-3-5-6-7,398,333,65,95,0.8062953995157384
g3-image,g3v,0.15,0.9,5,5,2-3-5-6-8,402,336,66,92,0.8096385542168675
g3-image,g3v,0.15,0.9,5,5,2-3-5-6-9,395,334,61,94,0.8116646415552856
g3-image,g3v,0.15,0.9,5,5,2-3-5-7-8,401,334,67,94,0.8057901085645355
g3-image,g3v,0.15,0.9,5,5,2-3-5-7-9,396,332,64,96,0.8058252427184466
g3-image,g3v,0.15,0.9,5,5,2-3-5-8-9,397,332,65,96,0.8048484848484848
g3-image,g3v,0.15,0.9,5,5,2-3-6-7-8,402,339,63,89,0.816867469879518
g3-image,g3v,0.15,0.9,5,5,2-3-6-7-9,397,334,63,94,0.8096969696969697
g3-image,g3v,0.15,0.9,5,5,2-3-6-8-9,403,336,67,92,0.8086642599277978
g3-image,g3v,0.15,0.9,5,5,2-3-7-8-9,401,334,67,94,0.8057901085645355
g3-image,g3v,0.15,0.9,5,5,2-4-5-6-7,404,337,67,91,0.8100961538461537
g3-image,g3v,0.15,0.9,5,5,2-4-5-6-8,409,340,69,88,0.8124253285543608
g3-image,g3v,0.15,0.9,5,5,2-4-5-6-9,405,339,66,89,0.8139255702280912
g3-image,g3v,0.15,0.9,5,5,2-4-5-7-8,402,336,66,92,0.8096385542168675
g3-image,g3v,0.15,0.9,5,5,2-4-5-7-9,400,335,65,93,0.8091787439613527
g3-image,g3v,0.15,0.9,5,5,2-4-5-8-9,402,338,64,90,0.8144578313253013
g3-image,g3v,0.15,0.9,5,5,2-4-6-7-8,402,340,62,88,0.8192771084337348
g3-image,g3v,0.15,0.9,5,5,2-4-6-7-9,401,340,61,88,0.8202653799758746
g3-image,g3v,0.15,0.9,5,5,2-4-6-8-9,406,341,65,87,0.8177458033573142
g3-image,g3v,0.15,0.9,5,5,2-4-7-8-9,406,339,67,89,0.8129496402877698
g3-image,g3v,0.15,0.9,5,5,2-5-6-7-8,409,340,69,88,0.8124253285543608
g3-image,g3v,0.15,0.9,5,5,2-5-6-7-9,405,340,65,88,0.8163265306122449
g3-image,g3v,0.15,0.9,5,5,2-5-6-8-9,407,339,68,89,0.8119760479041915
g3-image,g3v,0.15,0.9,5,5,2-5-7-8-9,402,336,66,92,0.8096385542168675
g3-image,g3v,0.15,0.9,5,5,2-6-7-8-9,404,340,64,88,0.8173076923076922
g3-image,g3v,0.15,0.9,5,5,3-4-5-6-7,405,338,67,90,0.8115246098439376
g3-image,g3v,0.15,0.9,5,5,3-4-5-6-8,402,334,68,94,0.8048192771084338
g3-image,g3v,0.15,0.9,5,5,3-4-5-6-9,400,336,64,92,0.8115942028985507
g3-image,g3v,0.15,0.9,5,5,3-4-5-7-8,409,336,73,92,0.8028673835125448
g3-image,g3v,0.15,0.9,5,5,3-4-5-7-9,406,339,67,89,0.8129496402877698
g3-image,g3v,0.15,0.9,5,5,3-4-5-8-9,400,334,66,94,0.8067632850241546
g3-image,g3v,0.15,0.9,5,5,3-4-6-7-8,400,335,65,93,0.8091787439613527
g3-image,g3v,0.15,0.9,5,5,3-4-6-7-9,398,337,61,91,0.8159806295399515
g3-image,g3v,0.15,0.9,5,5,3-4-6-8-9,396,332,64,96,0.8058252427184466
g3-image,g3v,0.15,0.9,5,5,3-4-7-8-9,404,335,69,93,0.8052884615384616
g3-image,g3v,0.15,0.9,5,5,3-5-6-7-8,413,343,70,85,0.8156956004756242
g3-image,g3v,0.15,0.9,5,5,3-5-6-7-9,410,341,69,87,0.8138424821002386
g3-image,g3v,0.15,0.9,5,5,3-5-6-8-9,407,340,67,88,0.8143712574850299
g3-image,g3v,0.15,0.9,5,5,3-5-7-8-9,412,345,67,83,0.8214285714285715
g3-image,g3v,0.15,0.9,5,5,3-6-7-8-9,407,341,66,87,0.8167664670658682
g3-image,g3v,0.15,0.9,5,5,4-5-6-7-8,420,348,72,80,0.820754716981132
g3-image,g3v,0.15,0.9,5,5,4-5-6-7-9,421,348,73,80,0.8197879858657243
g3-image,g3v,0.15,0.9,5,5,4-5-6-8-9,421,349,72,79,0.8221436984687869
g3-image,g3v,0.15,0.9,5,5,4-5-7-8-9,418,347,71,81,0.8203309692671394
g3-image,g3v,0.15,0.9,5,5,4-6-7-8-9,417,348,69,80,0.8236686390532544
g3-image,g3v,0.15,0.9,5,5,5-6-7-8-9,411,345,66,83,0.8224076281287247
g3-image,g3v,0.15,0.9,6,5,0-1-2-3-4-5,469,362,107,66,0.8071348940914158
g3-image,g3v,0.15,0.9,6,5,0-1-2-3-4-6,464,362,102,66,0.8116591928251121
g3-image,g3v,0.15,0.9,6,5,0-1-2-3-4-7,464,361,103,67,0.8094170403587444
g3-image,g3v,0.15,0.9,6,5,0-1-2-3-4-8,466,362,104,66,0.8098434004474273
g3-image,g3v,0.15,0.9,6,5,0-1-2-3-4-9,464,364,100,64,0.8161434977578476
g3-image,g3v,0.15,0.9,6,5,0-1-2-3-5-6,469,366,103,62,0.8160535117056855
g3-image,g3v,0.15,0.9,6,5,0-1-2-3-5-7,471,360,111,68,0.8008898776418243
g3-image,g3v,0.15,0.9,6,5,0-1-2-3-5-8,476,366,110,62,0.8097345132743363
g3-image,g3v,0.15,0.9,6,5,0-1-2-3-5-9,472,366,106,62,0.8133333333333334
g3-image,g3v,0.15,0.9,6,5,0-1-2-3-6-7,465,362,103,66,0.8107502799552072
g3-image,g3v,0.15,0.9,6,5,0-1-2-3-6-8,468,363,105,65,0.8102678571428571
g3-image,g3v,0.15,0.9,6,5,0-1-2-3-6-9,465,365,100,63,0.8174692049272116
g3-image,g3v,0.15,0.9,6,5,0-1-2-3-7-8,465,359,106,69,0.8040313549832028
g3-image,g3v,0.15,0.9,6,5,0-1-2-3-7-9,466,361,105,67,0.8076062639821029
g3-image,g3v,0.15,0.9,6,5,0-1-2-3-8-9,470,365,105,63,0.8129175946547884
g3-image,g3v,0.15,0.9,6,5,0-1-2-4-5-6,464,362,102,66,0.8116591928251121
g3-image,g3v,0.15,0.9,6,5,0-1-2-4-5-7,470,363,107,65,0.8084632516703786
g3-image,g3v,0.15,0.9,6,5,0-1-2-4-5-8,469,364,105,64,0.8115942028985508
g3-image,g3v,0.15,0.9,6,5,0-1-2-4-5-9,472,365,107,63,0.8111111111111111
g3-image,g3v,0.15,0.9,6,5,0-1-2-4-6-7,461,366,95,62,0.8233970753655794
g3-image,g3v,0.15,0.9,6,5,0-1-2-4-6-8,469,365,104,63,0.8138238573021181
g3-image,g3v,0.15,0.9,6,5,0-1-2-4-6-9,462,365,97,63,0.8202247191011236
g3-image,g3v,0.15,0.9,6,5,0-1-2-4-7-8,463,363,100,65,0.8148148148148148
g3-image,g3v,0.15,0.9,6,5,0-1-2-4-7-9,469,363,106,65,0.8093645484949832
g3-image,g3v,0.15,0.9,6,5,0-1-2-4-8-9,465,366,99,62,0.8197088465845466
g3-image,g3v,0.15,0.9,6,5,0-1-2-5-6-7,468,366,102,62,0.8169642857142857
g3-image,g3v,0.15,0.9,6,5,0-1-2-5-6-8,470,367,103,61,0.8173719376391981
g3-image,g3v,0.15,0.9,6,5,0-1-2-5-6-9,467,368,99,60,0.8223463687150839
g3-image,g3v,0.15,0.9,6,5,0-1-2-5-7-8,480,367,113,61,0.8083700440528635
g3-image,g3v,0.15,0.9,6,5,0-1-2-5-7-9,480,366,114,62,0.8061674008810572
g3-image,g3v,0.15,0.9,6,5,0-1-2-5-8-9,475,368,107,60,0.8150609080841639
g3-image,g3v,0.15,0.9,6,5,0-1-2-6-7-8,470,366,104,62,0.8151447661469935
g3-image,g3v,0.15,0.9,6,5,0-1-2-6-7-9,468,367,101,61,0.8191964285714285
g3-image,g3v,0.15,0.9,6,5,0-1-2-6-8-9,467,368,99,60,0.8223463687150839
g3-image,g3v,0.15,0.9,6,5,0-1-2-7-8-9,470,365,105,63,0.8129175946547884
g3-image,g3v,0.15,0.9,6,5,0-1-3-4-5-6,462,363,99,65,0.8157303370786516
g3-image,g3v,0.15,0.9,6,5,0-1-3-4-5-7,470,360,110,68,0.8017817371937638
g3-image,g3v,0.15,0.9,6,5,0-1-3-4-5-8,473,363,110,65,0.8057713651498335
g3-image,g3v,0.15,0.9,6,5,0-1-3-4-5-9,471,364,107,64,0.8097886540600667
g3-image,g3v,0.15,0.9,6,5,0-1-3-4-6-7,463,363,100,65,0.8148148148148148
g3-image,g3v,0.15,0.9,6,5,0-1-3-4-6-8,465,365,100,63,0.8174692049272116
g3-image,g3v,0.15,0.9,6,5,0-1-3-4-6-9,460,363,97,65,0.8175675675675675
g3-image,g3v,0.15,0.9,6,5,0-1-3-4-7-8,466,361,105,67,0.8076062639821029
g3-image,g3v,0.15,0.9,6,5,0-1-3-4-7-9,467,361,106,67,0.8067039106145253
g3-image,g3v,0.15,0.9,6,5,0-1-3-4-8-9,469,364,105,64,0.8115942028985508
g3-image,g3v,0.15,0.9,6,5,0-1-3-5-6-7,465,364,101,64,0.8152295632698768
g3-image,g3v,0.15,0.9,6,5,0-1-3-5-6-8,473,366,107,62,0.8124306326304107
g3-image,g3v,0.15,0.9,6,5,0-1-3-5-6-9,465,367,98,61,0.8219484882418813
g3-image,g3v,0.15,0.9,6,5,0-1-3-5-7-8,478,362,116,66,0.7991169977924946
g3-image,g3v,0.15,0.9,6,5,0-1-3-5-7-9,470,361,109,67,0.8040089086859689
g3-image,g3v,0.15,0.9,6,5,0-1-3-5-8-9,480,367,113,61,0.8083700440528635
g3-image,g3v,0.15,0.9,6,5,0-1-3-6-7-8,465,362,103,66,0.8107502799552072
g3-image,g3v,0.15,0.9,6,5,0-1-3-6-7-9,463,364,99,64,0.8170594837261504
g3-image,g3v,0.15,0.9,6,5,0-1-3-6-8-9,465,366,99,62,0.8197088465845466
g3-image,g3v,0.15,0.9,6,5,0-1-3-7-8-9,467,362,105,66,0.8089385474860334
g3-image,g3v,0.15,0.9,6,5,0-1-4-5-6-7,466,365,101,63,0.8165548098434005
g3-image,g3v,0.15,0.9,6,5,0-1-4-5-6-8,472,369,103,59,0.8200000000000001
g3-image,g3v,0.15,0.9,6,5,0-1-4-5-6-9,471,367,104,61,0.8164627363737487
g3-image,g3v,0.15,0.9,6,5,0-1-4-5-7-8,474,363,111,65,0.8048780487804877
g3-image,g3v,0.15,0.9,6,5,0-1-4-5-7-9,473,363,110,65,0.8057713651498335
g3-image,g3v,0.15,0.9,6,5,0-1-4-5-8-9,474,368,106,60,0.8159645232815964
g3-image,g3v,0.15,0.9,6,5,0-1-4-6-7-8,464,365,99,63,0.8183856502242153
g3-image,g3v,0.15,0.9,6,5,0-1-4-6-7-9,465,367,98,61,0.8219484882418813
g3-image,g3v,0.15,0.9,6,5,0-1-4-6-8-9,466,368,98,60,0.8232662192393735
g3-image,g3v,0.15,0.9,6,5,0-1-4-7-8-9,469,367,102,61,0.8182831661092531
g3-image,g3v,0.15,0.9,6,5,0-1-5-6-7-8,473,367,106,61,0.8146503884572698
g3-image,g3v,0.15,0.9,6,5,0-1-5-6-7-9,471,369,102,59,0.82091212458287
g3-image,g3v,0.15,0.9,6,5,0-1-5-6-8-9,470,370,100,58,0.8240534521158129
g3-image,g3v,0.15,0.9,6,5,0-1-5-7-8-9,478,368,110,60,0.8123620309050773
g3-image,g3v,0.15,0.9,6,5,0-1-6-7-8-9,470,370,100,58,0.8240534521158129
g3-image,g3v,0.15,0.9,6,5,0-2-3-4-5-6,461,365,96,63,0.8211473565804275
g3-image,g3v,0.15,0.9,6,5,0-2-3-4-5-7,467,363,104,65,0.8111731843575418
g3-image,g3v,0.15,0.9,6,5,0-2-3-4-5-8,468,364,104,64,0.8125000000000001
g3-image,g3v,0.15,0.9,6,5,0-2-3-4-5-9,469,364,105,64,0.8115942028985508
g3-image,g3v,0.15,0.9,6,5,0-2-3-4-6-7,463,364,99,64,0.8170594837261504
g3-image,g3v,0.15,0.9,6,5,0-2-3-4-6-8,464,364,100,64,0.8161434977578476
g3-image,g3v,0.15,0.9,6,5,0-2-3-4-6-9,459,364,95,64,0.8207440811724915
g3-image,g3v,0.15,0.9,6,5,0-2-3-4-7-8,460,363,97,65,0.8175675675675675
g3-image,g3v,0.15,0.9,6,5,0-2-3-4-7-9,469,362,107,66,0.8071348940914158
g3-image,g3v,0.15,0.9,6,5,0-2-3-4-8-9,466,365,101,63,0.8165548098434005
g3-image,g3v,0.15,0.9,6,5,0-2-3-5-6-7,467,363,104,65,0.8111731843575418
g3-image,g3v,0.15,0.9,6,5,0-2-3-5-6-8,470,368,102,60,0.8195991091314032
g3-image,g3v,0.15,0.9,6,5,0-2-3-5-6-9,466,368,98,60,0.8232662192393735
g3-image,g3v,0.15,0.9,6,5,0-2-3-5-7-8,471,363,108,65,0.8075639599555061
g3-image,g3v,0.15,0.9,6,5,0-2-3-5-7-9,471,364,107,64,0.8097886540600667
g3-image,g3v,0.15,0.9,6,5,0-2-3-5-8-9,477,368,109,60,0.8132596685082872
g3-image,g3v,0.15,0.9,6,5,0-2-3-6-7-8,467,364,103,64,0.8134078212290502
g3-image,g3v,0.15,0.9,6,5,0-2-3-6-7-9,463,366,97,62,0.8215488215488216
g3-image,g3v,0.15,0.9,6,5,0-2-3-6-8-9,463,368,95,60,0.8260381593714928
g3-image,g3v,0.15,0.9,6,5,0-2-3-7-8-9,465,363,102,65,0.8129899216125419
g3-image,g3v,0.15,0.9,6,5,0-2-4-5-6-7,461,363,98,65,0.8166479190101237
g3-image,g3v,0.15,0.9,6,5,0-2-4-5-6-8,465,364,101,64,0.8152295632698768
g3-image,g3v,0.15,0.9,6,5,0-2-4-5-6-9,463,365,98,63,0.819304152637486
g3-image,g3v,0.15,0.9,6,5,0-2-4-5-7-8,470,363,107,65,0.8084632516703786
g3-image,g3v,0.15,0.9,6,5,0-2-4-5-7-9,476,364,112,64,0.8053097345132744
g3-image,g3v,0.15,0.9,6,5,0-2-4-5-8-9,473,365,108,63,0.8102108768035516
g3-image,g3v,0.15,0.9,6,5,0-2-4-6-7-8,463,367,96,61,0.8237934904601572
g3-image,g3v,0.15,0.9,6,5,0-2-4-6-7-9,461,365,96,63,0.8211473565804275
g3-image,g3v,0.15,0.9,6,5,0-2-4-6-8-9,462,367,95,61,0.8247191011235956
g3-image,g3v,0.15,0.9,6,5,0-2-4-7-8-9,469,364,105,64,0.8115942028985508
g3-image,g3v,0.15,0.9,6,5,0-2-5-6-7-8,471,367,104,61,0.8164627363737487
g3-image,g3v,0.15,0.9,6,5,0-2-5-6-7-9,469,369,100,59,0.822742474916388
g3-image,g3v,0.15,0.9,6,5,0-2-5-6-8-9,466,369,97,59,0.8255033557046979
g3-image,g3v,0.15,0.9,6,5,0-2-5-7-8-9,478,367,111,61,0.8101545253863135
g3-image,g3v,0.15,0.9,6,5,0-2-6-7-8-9,468,366,102,62,0.8169642857142857
g3-image,g3v,0.15,0.9,6,5,0-3-4-5-6-7,462,361,101,67,0.8112359550561798
g3-image,g3v,0.15,0.9,6,5,0-3-4-5-6-8,465,364,101,64,0.8152295632698768
g3-image,g3v,0.15,0.9,6,5,0-3-4-5-6-9,463,364,99,64,0.8170594837261504
g3-image,g3v,0.15,0.9,6,5,0-3-4-5-7-8,467,361,106,67,0.8067039106145253
g3-image,g3v,0.15,0.9,6,5,0-3-4-5-7-9,471,362,109,66,0.8053392658509455
g3-image,g3v,0.15,0.9,6,5,0-3-4-5-8-9,471,364,107,64,0.8097886540600667
g3-image,g3v,0.15,0.9,6,5,0-3-4-6-7-8,463,361,102,67,0.8103254769921436
g3-image,g3v,0.15,0.9,6,5,0-3-4-6-7-9,463,361,102,67,0.8103254769921436
g3-image,g3v,0.15,0.9,6,5,0-3-4-6-8-9,462,365,97,63,0.8202247191011236
g3-image,g3v,0.15,0.9,6,5,0-3-4-7-8-9,467,362,105,66,0.8089385474860334
g3-image,g3v,0.15,0.9,6,5,0-3-5-6-7-8,467,365,102,63,0.8156424581005587
g3-image,g3v,0.15,0.9,6,5,0-3-5-6-7-9,469,366,103,62,0.8160535117056855
g3-image,g3v,0.15,0.9,6,5,0-3-5-6-8-9,468,370,98,58,0.8258928571428572
g3-image,g3v,0.15,0.9,6,5,0-3-5-7-8-9,473,365,108,63,0.8102108768035516
g3-image,g3v,0.15,0.9,6,5,0-3-6-7-8-9,467,364,103,64,0.8134078212290502
g3-image,g3v,0.15,0.9,6,5,0-4-5-6-7-8,464,364,100,64,0.8161434977578476
g3-image,g3v,0.15,0.9,6,5,0-4-5-6-7-9,464,363,101,65,0.8139013452914798
g3-image,g3v,0.15,0.9,6,5,0-4-5-6-8-9,468,368,100,60,0.8214285714285714
g3-image,g3v,0.15,0.9,6,5,0-4-5-7-8-9,472,363,109,65,0.8066666666666666
g3-image,g3v,0.15,0.9,6,5,0-4-6-7-8-9,466,367,99,61,0.8210290827740493
g3-image,g3v,0.15,0.9,6,5,0-5-6-7-8-9,471,368,103,60,0.8186874304783093
g3-image,g3v,0.15,0.9,6,5,1-2-3-4-5-6,462,361,101,67,0.8112359550561798
g3-image,g3v,0.15,0.9,6,5,1-2-3-4-5-7,461,360,101,68,0.8098987626546682
g3-image,g3v,0.15,0.9,6,5,1-2-3-4-5-8,465,359,106,69,0.8040313549832028
g3-image,g3v,0.15,0.9,6,5,1-2-3-4-5-9,458,358,100,70,0.8081264108352145
g3-image,g3v,0.15,0.9,6,5,1-2-3-4-6-7,455,360,95,68,0.8154020385050963
g3-image,g3v,0.15,0.9,6,5,1-2-3-4-6-8,457,357,100,71,0.8067796610169492
g3-image,g3v,0.15,0.9,6,5,1-2-3-4-6-9,454,360,94,68,0.8163265306122449
g3-image,g3v,0.15,0.9,6,5,1-2-3-4-7-8,459,358,101,70,0.8072153325817362
g3-image,g3v,0.15,0.9,6,5,1-2-3-4-7-9,460,358,102,70,0.8063063063063062
g3-image,g3v,0.15,0.9,6,5,1-2-3-4-8-9,459,357,102,71,0.8049605411499436
g3-image,g3v,0.15,0.9,6,5,1-2-3-5-6-7,465,363,102,65,0.8129899216125419
g3-image,g3v,0.15,0.9,6,5,1-2-3-5-6-8,468,361,107,67,0.8058035714285714
g3-image,g3v,0.15,0.9,6,5,1-2-3-5-6-9,459,362,97,66,0.8162344983089065
g3-image,g3v,0.15,0.9,6,5,1-2-3-5-7-8,467,359,108,69,0.8022346368715084
g3-image,g3v,0.15,0.9,6,5,1-2-3-5-7-9,458,357,101,71,0.8058690744920994
g3-image,g3v,0.15,0.9,6,5,1-2-3-5-8-9,461,354,107,74,0.796400449943757
g3-image,g3v,0.15,0.9,6,5,1-2-3-6-7-8,461,360,101,68,0.8098987626546682
g3-image,g3v,0.15,0.9,6,5,1-2-3-6-7-9,457,359,98,69,0.8112994350282485
g3-image,g3v,0.15,0.9,6,5,1-2-3-6-8-9,455,356,99,72,0.8063420158550396
g3-image,g3v,0.15,0.9,6,5,1-2-3-7-8-9,456,354,102,74,0.8009049773755657
g3-image,g3v,0.15,0.9,6,5,1-2-4-5-6-7,463,364,99,64,0.8170594837261504
g3-image,g3v,0.15,0.9,6,5,1-2-4-5-6-8,468,365,103,63,0.8147321428571429
g3-image,g3v,0.15,0.9,6,5,1-2-4-5-6-9,462,364,98,64,0.8179775280898877
g3-image,g3v,0.15,0.9,6,5,1-2-4-5-7-8,467,363,104,65,0.8111731843575418
g3-image,g3v,0.15,0.9,6,5,1-2-4-5-7-9,465,362,103,66,0.8107502799552072
g3-image,g3v,0.15,0.9,6,5,1-2-4-5-8-9,464,360,104,68,0.8071748878923767
g3-image,g3v,0.15,0.9,6,5,1-2-4-6-7-8,457,360,97,68,0.8135593220338982
g3-image,g3v,0.15,0.9,6,5,1-2-4-6-7-9,458,361,97,67,0.8148984198645599
g3-image,g3v,0.15,0.9,6,5,1-2-4-6-8-9,461,362,99,66,0.814398200224972
g3-image,g3v,0.15,0.9,6,5,1-2-4-7-8-9,460,357,103,71,0.8040540540540541
g3-image,g3v,0.15,0.9,6,5,1-2-5-6-7-8,468,365,103,63,0.8147321428571429
g3-image,g3v,0.15,0.9,6,5,1-2-5-6-7-9,467,364,103,64,0.8134078212290502
g3-image,g3v,0.15,0.9,6,5,1-2-5-6-8-9,465,362,103,66,0.8107502799552072
g3-image,g3v,0.15,0.9,6,5,1-2-5-7-8-9,463,360,103,68,0.8080808080808082
g3-image,g3v,0.15,0.9,6,5,1-2-6-7-8-9,456,358,98,70,0.8099547511312217
g3-image,g3v,0.15,0.9,6,5,1-3-4-5-6-7,457,363,94,65,0.8203389830508473
g3-image,g3v,0.15,0.9,6,5,1-3-4-5-6-8,464,360,104,68,0.8071748878923767
g3-image,g3v,0.15,0.9,6,5,1-3-4-5-6-9,455,357,98,71,0.8086070215175538
g3-image,g3v,0.15,0.9,6,5,1-3-4-5-7-8,463,359,104,69,0.8058361391694724
g3-image,g3v,0.15,0.9,6,5,1-3-4-5-7-9,461,359,102,69,0.8076490438695163
g3-image,g3v,0.15,0.9,6,5,1-3-4-5-8-9,461,354,107,74,0.796400449943757
g3-image,g3v,0.15,0.9,6,5,1-3-4-6-7-8,457,359,98,69,0.8112994350282485
g3-image,g3v,0.15,0.9,6,5,1-3-4-6-7-9,455,359,96,69,0.8131370328425821
g3-image,g3v,0.15,0.9,6,5,1-3-4-6-8-9,456,355,101,73,0.8031674208144797
g3-image,g3v,0.15,0.9,6,5,1-3-4-7-8-9,461,356,105,72,0.8008998875140607
g3-image,g3v,0.15,0.9,6,5,1-3-5-6-7-8,464,361,103,67,0.8094170403587444
g3-image,g3v,0.15,0.9,6,5,1-3-5-6-7-9,461,359,102,69,0.8076490438695163
g3-image,g3v,0.15,0.9,6,5,1-3-5-6-8-9,460,355,105,73,0.7995495495495495
g3-image,g3v,0.15,0.9,6,5,1-3-5-7-8-9,465,355,110,73,0.7950727883538633
g3-image,g3v,0.15,0.9,6,5,1-3-6-7-8-9,458,356,102,72,0.8036117381489842
g3-image,g3v,0.15,0.9,6,5,1-4-5-6-7-8,460,362,98,66,0.8153153153153153
g3-image,g3v,0.15,0.9,6,5,1-4-5-6-7-9,463,363,100,65,0.8148148148148148
g3-image,g3v,0.15,0.9,6,5,1-4-5-6-8-9,463,364,99,64,0.8170594837261504
g3-image,g3v,0.15,0.9,6,5,1-4-5-7-8-9,465,359,106,69,0.8040313549832028
g3-image,g3v,0.15,0.9,6,5,1-4-6-7-8-9,459,359,100,69,0.8094701240135287
g3-image,g3v,0.15,0.9,6,5,1-5-6-7-8-9,466,361,105,67,0.8076062639821029
g3-image,g3v,0.15,0.9,6,5,2-3-4-5-6-7,438,354,84,74,0.817551963048499
g3-image,g3v,0.15,0.9,6,5,2-3-4-5-6-8,442,353,89,75,0.8114942528735634
g3-image,g3v,0.15,0.9,6,5,2-3-4-5-6-9,437,350,87,78,0.8092485549132948
g3-image,g3v,0.15,0.9,6,5,2-3-4-5-7-8,444,350,94,78,0.8027522935779818
g3-image,g3v,0.15,0.9,6,5,2-3-4-5-7-9,434,344,90,84,0.7981438515081206
g3-image,g3v,0.15,0.9,6,5,2-3-4-5-8-9,447,349,98,79,0.7977142857142857
g3-image,g3v,0.15,0.9,6,5,2-3-4-6-7-8,439,349,90,79,0.8050749711649366
g3-image,g3v,0.15,0.9,6,5,2-3-4-6-7-9,436,348,88,80,0.8055555555555556
g3-image,g3v,0.15,0.9,6,5,2-3-4-6-8-9,436,350,86,78,0.8101851851851852
g3-image,g3v,0.15,0.9,6,5,2-3-4-7-8-9,434,341,93,87,0.7911832946635731
g3-image,g3v,0.15,0.9,6,5,2-3-5-6-7-8,441,352,89,76,0.810126582278481
g3-image,g3v,0.15,0.9,6,5,2-3-5-6-7-9,444,352,92,76,0.8073394495412843
g3-image,g3v,0.15,0.9,6,5,2-3-5-6-8-9,447,353,94,75,0.8068571428571429
g3-image,g3v,0.15,0.9,6,5,2-3-5-7-8-9,442,347,95,81,0.7977011494252874
g3-image,g3v,0.15,0.9,6,5,2-3-6-7-8-9,440,348,92,80,0.8018433179723501
g3-image,g3v,0.15,0.9,6,5,2-4-5-6-7-8,448,355,93,73,0.8105022831050228
g3-image,g3v,0.15,0.9,6,5,2-4-5-6-7-9,440,351,89,77,0.8087557603686637
g3-image,g3v,0.15,0.9,6,5,2-4-5-6-8-9,451,351,100,77,0.7986348122866894
g3-image,g3v,0.15,0.9,6,5,2-4-5-7-8-9,448,346,102,82,0.7899543378995435
g3-image,g3v,0.15,0.9,6,5,2-4-6-7-8-9,444,347,97,81,0.7958715596330275
g3-image,g3v,0.15,0.9,6,5,2-5-6-7-8-9,449,353,96,75,0.8050171037628279
g3-image,g3v,0.15,0.9,6,5,3-4-5-6-7-8,445,350,95,78,0.8018327605956473
g3-image,g3v,0.15,0.9,6,5,3-4-5-6-7-9,448,350,98,78,0.7990867579908676
g3-image,g3v,0.15,0.9,6,5,3-4-5-6-8-9,448,349,99,79,0.7968036529680366
g3-image,g3v,0.15,0.9,6,5,3-4-5-7-8-9,457,350,107,78,0.7909604519774012
g3-image,g3v,0.15,0.9,6,5,3-4-6-7-8-9,444,348,96,80,0.7981651376146788
g3-image,g3v,0.15,0.9,6,5,3-5-6-7-8-9,459,357,102,71,0.8049605411499436
g3-image,g3v,0.15,0.9,6,5,4-5-6-7-8-9,452,360,92,68,0.8181818181818182
g3-image,g3v,0.15,0.9,7,6,0-1-2-3-4-5-6,451,361,90,67,0.8213879408418657
g3-image,g3v,0.15,0.9,7,6,0-1-2-3-4-5-7,456,359,97,69,0.8122171945701357
g3-image,g3v,0.15,0.9,7,6,0-1-2-3-4-5-8,458,361,97,67,0.8148984198645599
g3-image,g3v,0.15,0.9,7,6,0-1-2-3-4-5-9,457,362,95,66,0.8180790960451977
g3-image,g3v,0.15,0.9,7,6,0-1-2-3-4-6-7,450,360,90,68,0.8200455580865604
g3-image,g3v,0.15,0.9,7,6,0-1-2-3-4-6-8,453,360,93,68,0.8172531214528944
g3-image,g3v,0.15,0.9,7,6,0-1-2-3-4-6-9,448,361,87,67,0.8242009132420092
g3-image,g3v,0.15,0.9,7,6,0-1-2-3-4-7-8,453,359,94,69,0.8149829738933031
g3-image,g3v,0.15,0.9,7,6,0-1-2-3-4-7-9,455,360,95,68,0.8154020385050963
g3-image,g3v,0.15,0.9,7,6,0-1-2-3-4-8-9,455,362,93,66,0.8199320498301246
g3-image,g3v,0.15,0.9,7,6,0-1-2-3-5-6-7,453,360,93,68,0.8172531214528944
g3-image,g3v,0.15,0.9,7,6,0-1-2-3-5-6-8,458,364,94,64,0.8216704288939052
g3-image,g3v,0.15,0.9,7,6,0-1-2-3-5-6-9,454,365,89,63,0.8276643990929705
g3-image,g3v,0.15,0.9,7,6,0-1-2-3-5-7-8,460,359,101,69,0.8085585585585585
g3-image,g3v,0.15,0.9,7,6,0-1-2-3-5-7-9,460,361,99,67,0.8130630630630631
g3-image,g3v,0.15,0.9,7,6,0-1-2-3-5-8-9,464,365,99,63,0.8183856502242153
g3-image,g3v,0.15,0.9,7,6,0-1-2-3-6-7-8,454,359,95,69,0.8140589569160998
g3-image,g3v,0.15,0.9,7,6,0-1-2-3-6-7-9,454,360,94,68,0.8163265306122449
g3-image,g3v,0.15,0.9,7,6,0-1-2-3-6-8-9,453,363,90,65,0.8240635641316686
g3-image,g3v,0.15,0.9,7,6,0-1-2-3-7-8-9,454,358,96,70,0.8117913832199546
g3-image,g3v,0.15,0.9,7,6,0-1-2-4-5-6-7,449,360,89,68,0.8209806157354618
g3-image,g3v,0.15,0.9,7,6,0-1-2-4-5-6-8,454,362,92,66,0.8208616780045352
g3-image,g3v,0.15,0.9,7,6,0-1-2-4-5-6-9,454,363,91,65,0.8231292517006803
g3-image,g3v,0.15,0.9,7,6,0-1-2-4-5-7-8,457,360,97,68,0.8135593220338982
g3-image,g3v,0.15,0.9,7,6,0-1-2-4-5-7-9,461,361,100,67,0.8121484814398199
g3-image,g3v,0.15,0.9,7,6,0-1-2-4-5-8-9,458,363,95,65,0.8194130925507901
g3-image,g3v,0.15,0.9,7,6,0-1-2-4-6-7-8,451,362,89,66,0.8236632536973835
g3-image,g3v,0.15,0.9,7,6,0-1-2-4-6-7-9,450,362,88,66,0.8246013667425968
g3-image,g3v,0.15,0.9,7,6,0-1-2-4-6-8-9,453,365,88,63,0.8286038592508513
g3-image,g3v,0.15,0.9,7,6,0-1-2-4-7-8-9,453,361,92,67,0.8195232690124857
g3-image,g3v,0.15,0.9,7,6,0-1-2-5-6-7-8,458,365,93,63,0.8239277652370203
g3-image,g3v,0.15,0.9,7,6,0-1-2-5-6-7-9,459,367,92,61,0.8275084554678692
g3-image,g3v,0.15,0.9,7,6,0-1-2-5-6-8-9,457,367,90,61,0.8293785310734463
g3-image,g3v,0.15,0.9,7,6,0-1-2-5-7-8-9,463,367,96,61,0.8237934904601572
g3-image,g3v,0.15,0.9,7,6,0-1-2-6-7-8-9,456,364,92,64,0.823529411764706
g3-image,g3v,0.15,0.9,7,6,0-1-3-4-5-6-7,452,362,90,66,0.8227272727272726
g3-image,g3v,0.15,0.9,7,6,0-1-3-4-5-6-8,453,361,92,67,0.8195232690124857
g3-image,g3v,0.15,0.9,7,6,0-1-3-4-5-6-9,452,362,90,66,0.8227272727272726
g3-image,g3v,0.15,0.9,7,6,0-1-3-4-5-7-8,457,360,97,68,0.8135593220338982
g3-image,g3v,0.15,0.9,7,6,0-1-3-4-5-7-9,459,360,99,68,0.8117249154453213
g3-image,g3v,0.15,0.9,7,6,0-1-3-4-5-8-9,461,362,99,66,0.814398200224972
g3-image,g3v,0.15,0.9,7,6,0-1-3-4-6-7-8,451,359,92,69,0.8168373151308305
g3-image,g3v,0.15,0.9,7,6,0-1-3-4-6-7-9,452,361,91,67,0.8204545454545454
g3-image,g3v,0.15,0.9,7,6,0-1-3-4-6-8-9,450,363,87,65,0.826879271070615
g3-image,g3v,0.15,0.9,7,6,0-1-3-4-7-8-9,456,360,96,68,0.8144796380090498
g3-image,g3v,0.15,0.9,7,6,0-1-3-5-6-7-8,456,361,95,67,0.8167420814479637
g3-image,g3v,0.15,0.9,7,6,0-1-3-5-6-7-9,454,363,91,65,0.8231292517006803
g3-image,g3v,0.15,0.9,7,6,0-1-3-5-6-8-9,455,366,89,62,0.8289920724801813
g3-image,g3v,0.15,0.9,7,6,0-1-3-5-7-8-9,461,362,99,66,0.814398200224972
g3-image,g3v,0.15,0.9,7,6,0-1-3-6-7-8-9,452,361,91,67,0.8204545454545454
g3-image,g3v,0.15,0.9,7,6,0-1-4-5-6-7-8,454,362,92,66,0.8208616780045352
g3-image,g3v,0.15,0.9,7,6,0-1-4-5-6-7-9,456,363,93,65,0.8212669683257917
g3-image,g3v,0.15,0.9,7,6,0-1-4-5-6-8-9,459,367,92,61,0.8275084554678692
g3-image,g3v,0.15,0.9,7,6,0-1-4-5-7-8-9,458,364,94,64,0.8216704288939052
g3-image,g3v,0.15,0.9,7,6,0-1-4-6-7-8-9,452,365,87,63,0.8295454545454546
g3-image,g3v,0.15,0.9,7,6,0-1-5-6-7-8-9,459,366,93,62,0.8252536640360767
g3-image,g3v,0.15,0.9,7,6,0-2-3-4-5-6-7,449,361,88,67,0.8232611174458381
g3-image,g3v,0.15,0.9,7,6,0-2-3-4-5-6-8,453,363,90,65,0.8240635641316686
g3-image,g3v,0.15,0.9,7,6,0-2-3-4-5-6-9,450,363,87,65,0.826879271070615
g3-image,g3v,0.15,0.9,7,6,0-2-3-4-5-7-8,452,361,91,67,0.8204545454545454
g3-image,g3v,0.15,0.9,7,6,0-2-3-4-5-7-9,458,362,96,66,0.8171557562076749
g3-image,g3v,0.15,0.9,7,6,0-2-3-4-5-8-9,459,363,96,65,0.818489289740699
g3-image,g3v,0.15,0.9,7,6,0-2-3-4-6-7-8,451,362,89,66,0.8236632536973835
g3-image,g3v,0.15,0.9,7,6,0-2-3-4-6-7-9,451,362,89,66,0.8236632536973835
g3-image,g3v,0.15,0.9,7,6,0-2-3-4-6-8-9,450,365,85,63,0.8314350797266513
g3-image,g3v,0.15,0.9,7,6,0-2-3-4-7-8-9,454,361,93,67,0.81859410430839
g3-image,g3v,0.15,0.9,7,6,0-2-3-5-6-7-8,456,363,93,65,0.8212669683257917
g3-image,g3v,0.15,0.9,7,6,0-2-3-5-6-7-9,455,364,91,64,0.824462061155153
g3-image,g3v,0.15,0.9,7,6,0-2-3-5-6-8-9,455,368,87,60,0.8335220838052095
g3-image,g3v,0.15,0.9,7,6,0-2-3-5-7-8-9,458,363,95,65,0.8194130925507901
g3-image,g3v,0.15,0.9,7,6,0-2-3-6-7-8-9,454,363,91,65,0.8231292517006803
g3-image,g3v,0.15,0.9,7,6,0-2-4-5-6-7-8,452,362,90,66,0.8227272727272726
g3-image,g3v,0.15,0.9,7,6,0-2-4-5-6-7-9,451,362,89,66,0.8236632536973835
g3-image,g3v,0.15,0.9,7,6,0-2-4-5-6-8-9,455,364,91,64,0.824462061155153
g3-image,g3v,0.15,0.9,7,6,0-2-4-5-7-8-9,458,362,96,66,0.8171557562076749
g3-image,g3v,0.15,0.9,7,6,0-2-4-6-7-8-9,451,363,88,65,0.825938566552901
g3-image,g3v,0.15,0.9,7,6,0-2-5-6-7-8-9,458,368,90,60,0.8306997742663657
g3-image,g3v,0.15,0.9,7,6,0-3-4-5-6-7-8,451,360,91,68,0.8191126279863482
g3-image,g3v,0.15,0.9,7,6,0-3-4-5-6-7-9,452,360,92,68,0.8181818181818182
g3-image,g3v,0.15,0.9,7,6,0-3-4-5-6-8-9,453,364,89,64,0.8263337116912599
g3-image,g3v,0.15,0.9,7,6,0-3-4-5-7-8-9,458,362,96,66,0.8171557562076749
g3-image,g3v,0.15,0.9,7,6,0-3-4-6-7-8-9,453,361,92,67,0.8195232690124857
g3-image,g3v,0.15,0.9,7,6,0-3-5-6-7-8-9,457,365,92,63,0.8248587570621468
g3-image,g3v,0.15,0.9,7,6,0-4-5-6-7-8-9,453,365,88,63,0.8286038592508513
g3-image,g3v,0.15,0.9,7,6,1-2-3-4-5-6-7,445,361,84,67,0.827033218785796
g3-image,g3v,0.15,0.9,7,6,1-2-3-4-5-6-8,450,359,91,69,0.8177676537585421
g3-image,g3v,0.15,0.9,7,6,1-2-3-4-5-6-9,444,360,84,68,0.8256880733944955
g3-image,g3v,0.15,0.9,7,6,1-2-3-4-5-7-8,450,358,92,70,0.8154897494305239
g3-image,g3v,0.15,0.9,7,6,1-2-3-4-5-7-9,447,357,90,71,0.8160000000000001
g3-image,g3v,0.15,0.9,7,6,1-2-3-4-5-8-9,447,355,92,73,0.8114285714285715
g3-image,g3v,0.15,0.9,7,6,1-2-3-4-6-7-8,445,358,87,70,0.8201603665521192
g3-image,g3v,0.15,0.9,7,6,1-2-3-4-6-7-9,444,359,85,69,0.8233944954128439
g3-image,g3v,0.15,0.9,7,6,1-2-3-4-6-8-9,442,355,87,73,0.8160919540229884
g3-image,g3v,0.15,0.9,7,6,1-2-3-4-7-8-9,448,357,91,71,0.815068493150685
g3-image,g3v,0.15,0.9,7,6,1-2-3-5-6-7-8,454,358,96,70,0.8117913832199546
g3-image,g3v,0.15,0.9,7,6,1-2-3-5-6-7-9,448,358,90,70,0.817351598173516
g3-image,g3v,0.15,0.9,7,6,1-2-3-5-6-8-9,447,358,89,70,0.8182857142857143
g3-image,g3v,0.15,0.9,7,6,1-2-3-5-7-8-9,448,353,95,75,0.8059360730593608
g3-image,g3v,0.15,0.9,7,6,1-2-3-6-7-8-9,445,355,90,73,0.8132875143184423
g3-image,g3v,0.15,0.9,7,6,1-2-4-5-6-7-8,450,363,87,65,0.826879271070615
g3-image,g3v,0.15,0.9,7,6,1-2-4-5-6-7-9,451,362,89,66,0.8236632536973835
g3-image,g3v,0.15,0.9,7,6,1-2-4-5-6-8-9,454,363,91,65,0.8231292517006803
g3-image,g3v,0.15,0.9,7,6,1-2-4-5-7-8-9,452,359,93,69,0.815909090909091
g3-image,g3v,0.15,0.9,7,6,1-2-4-6-7-8-9,445,358,87,70,0.8201603665521192
g3-image,g3v,0.15,0.9,7,6,1-2-5-6-7-8-9,452,361,91,67,0.8204545454545454
g3-image,g3v,0.15,0.9,7,6,1-3-4-5-6-7-8,447,360,87,68,0.8228571428571428
g3-image,g3v,0.15,0.9,7,6,1-3-4-5-6-7-9,442,356,86,72,0.8183908045977011
g3-image,g3v,0.15,0.9,7,6,1-3-4-5-6-8-9,444,354,90,74,0.8119266055045872
g3-image,g3v,0.15,0.9,7,6,1-3-4-5-7-8-9,449,354,95,74,0.8072976054732041
g3-image,g3v,0.15,0.9,7,6,1-3-4-6-7-8-9,446,356,90,72,0.8146453089244852
g3-image,g3v,0.15,0.9,7,6,1-3-5-6-7-8-9,448,356,92,72,0.812785388127854
g3-image,g3v,0.15,0.9,7,6,1-4-5-6-7-8-9,449,359,90,69,0.8187001140250856
g3-image,g3v,0.15,0.9,7,6,2-3-4-5-6-7-8,427,350,77,78,0.8187134502923977
g3-image,g3v,0.15,0.9,7,6,2-3-4-5-6-7-9,424,347,77,81,0.8145539906103286
g3-image,g3v,0.15,0.9,7,6,2-3-4-5-6-8-9,432,351,81,77,0.8162790697674418
g3-image,g3v,0.15,0.9,7,6,2-3-4-5-7-8-9,424,343,81,85,0.8051643192488261
g3-image,g3v,0.15,0.9,7,6,2-3-4-6-7-8-9,426,344,82,84,0.8056206088992974
g3-image,g3v,0.15,0.9,7,6,2-3-5-6-7-8-9,430,347,83,81,0.8088578088578089
g3-image,g3v,0.15,0.9,7,6,2-4-5-6-7-8-9,434,349,85,79,0.8097447795823665
g3-image,g3v,0.15,0.9,7,6,3-4-5-6-7-8-9,437,348,89,80,0.8046242774566473
g3-image,g3v,0.15,0.9,8,7,0-1-2-3-4-5-6-7,441,359,82,69,0.8262370540851554
g3-image,g3v,0.15,0.9,8,7,0-1-2-3-4-5-6-8,443,359,84,69,0.8243398392652123
g3-image,g3v,0.15,0.9,8,7,0-1-2-3-4-5-6-9,441,360,81,68,0.8285385500575375
g3-image,g3v,0.15,0.9,8,7,0-1-2-3-4-5-7-8,446,357,89,71,0.816933638443936
g3-image,g3v,0.15,0.9,8,7,0-1-2-3-4-5-7-9,448,359,89,69,0.8196347031963471
g3-image,g3v,0.15,0.9,8,7,0-1-2-3-4-5-8-9,449,359,90,69,0.8187001140250856
g3-image,g3v,0.15,0.9,8,7,0-1-2-3-4-6-7-8,443,357,86,71,0.8197474167623422
g3-image,g3v,0.15,0.9,8,7,0-1-2-3-4-6-7-9,444,359,85,69,0.8233944954128439
g3-image,g3v,0.15,0.9,8,7,0-1-2-3-4-6-8-9,442,361,81,67,0.8298850574712644
g3-image,g3v,0.15,0.9,8,7,0-1-2-3-4-7-8-9,446,360,86,68,0.8237986270022883
g3-image,g3v,0.15,0.9,8,7,0-1-2-3-5-6-7-8,445,358,87,70,0.8201603665521192
g3-image,g3v,0.15,0.9,8,7,0-1-2-3-5-6-7-9,446,360,86,68,0.8237986270022883
g3-image,g3v,0.15,0.9,8,7,0-1-2-3-5-6-8-9,446,364,82,64,0.8329519450800915
g3-image,g3v,0.15,0.9,8,7,0-1-2-3-5-7-8-9,450,360,90,68,0.8200455580865604
g3-image,g3v,0.15,0.9,8,7,0-1-2-3-6-7-8-9,445,359,86,69,0.8224513172966781
g3-image,g3v,0.15,0.9,8,7,0-1-2-4-5-6-7-8,441,358,83,70,0.8239355581127732
g3-image,g3v,0.15,0.9,8,7,0-1-2-4-5-6-7-9,443,360,83,68,0.8266360505166475
g3-image,g3v,0.15,0.9,8,7,0-1-2-4-5-6-8-9,446,363,83,65,0.8306636155606406
g3-image,g3v,0.15,0.9,8,7,0-1-2-4-5-7-8-9,446,360,86,68,0.8237986270022883
g3-image,g3v,0.15,0.9,8,7,0-1-2-4-6-7-8-9,441,361,80,67,0.8308400460299195
g3-image,g3v,0.15,0.9,8,7,0-1-2-5-6-7-8-9,449,365,84,63,0.8323831242873432
g3-image,g3v,0.15,0.9,8,7,0-1-3-4-5-6-7-8,442,358,84,70,0.8229885057471266
g3-image,g3v,0.15,0.9,8,7,0-1-3-4-5-6-7-9,445,361,84,67,0.827033218785796
g3-image,g3v,0.15,0.9,8,7,0-1-3-4-5-6-8-9,443,362,81,66,0.8312284730195179
g3-image,g3v,0.15,0.9,8,7,0-1-3-4-5-7-8-9,449,359,90,69,0.8187001140250856
g3-image,g3v,0.15,0.9,8,7,0-1-3-4-6-7-8-9,443,359,84,69,0.8243398392652123
g3-image,g3v,0.15,0.9,8,7,0-1-3-5-6-7-8-9,446,361,85,67,0.8260869565217391
g3-image,g3v,0.15,0.9,8,7,0-1-4-5-6-7-8-9,444,362,82,66,0.8302752293577982
g3-image,g3v,0.15,0.9,8,7,0-2-3-4-5-6-7-8,442,360,82,68,0.8275862068965517
g3-image,g3v,0.15,0.9,8,7,0-2-3-4-5-6-7-9,442,360,82,68,0.8275862068965517
g3-image,g3v,0.15,0.9,8,7,0-2-3-4-5-6-8-9,443,362,81,66,0.8312284730195179
g3-image,g3v,0.15,0.9,8,7,0-2-3-4-5-7-8-9,446,360,86,68,0.8237986270022883
g3-image,g3v,0.15,0.9,8,7,0-2-3-4-6-7-8-9,444,362,82,66,0.8302752293577982
g3-image,g3v,0.15,0.9,8,7,0-2-3-5-6-7-8-9,446,364,82,64,0.8329519450800915
g3-image,g3v,0.15,0.9,8,7,0-2-4-5-6-7-8-9,444,362,82,66,0.8302752293577982
g3-image,g3v,0.15,0.9,8,7,0-3-4-5-6-7-8-9,444,361,83,67,0.8279816513761469
g3-image,g3v,0.15,0.9,8,7,1-2-3-4-5-6-7-8,439,358,81,70,0.8258362168396771
g3-image,g3v,0.15,0.9,8,7,1-2-3-4-5-6-7-9,435,358,77,70,0.8296639629200464
g3-image,g3v,0.15,0.9,8,7,1-2-3-4-5-6-8-9,436,357,79,71,0.8263888888888888
g3-image,g3v,0.15,0.9,8,7,1-2-3-4-5-7-8-9,439,355,84,73,0.8189158016147635
g3-image,g3v,0.15,0.9,8,7,1-2-3-4-6-7-8-9,436,357,79,71,0.8263888888888888
g3-image,g3v,0.15,0.9,8,7,1-2-3-5-6-7-8-9,439,355,84,73,0.8189158016147635
g3-image,g3v,0.15,0.9,8,7,1-2-4-5-6-7-8-9,440,360,80,68,0.8294930875576038
g3-image,g3v,0.15,0.9,8,7,1-3-4-5-6-7-8-9,435,355,80,73,0.8227114716106604
g3-image,g3v,0.15,0.9,8,7,2-3-4-5-6-7-8-9,419,346,73,82,0.8170011806375442
g3-image,g3v,0.15,0.9,9,8,0-1-2-3-4-5-6-7-8,434,356,78,72,0.8259860788863109
g3-image,g3v,0.15,0.9,9,8,0-1-2-3-4-5-6-7-9,436,358,78,70,0.8287037037037036
g3-image,g3v,0.15,0.9,9,8,0-1-2-3-4-5-6-8-9,435,360,75,68,0.8342989571263036
g3-image,g3v,0.15,0.9,9,8,0-1-2-3-4-5-7-8-9,439,358,81,70,0.8258362168396771
g3-image,g3v,0.15,0.9,9,8,0-1-2-3-4-6-7-8-9,437,359,78,69,0.8300578034682081
g3-image,g3v,0.15,0.9,9,8,0-1-2-3-5-6-7-8-9,438,358,80,70,0.8267898383371824
g3-image,g3v,0.15,0.9,9,8,0-1-2-4-5-6-7-8-9,434,360,74,68,0.8352668213457076
g3-image,g3v,0.15,0.9,9,8,0-1-3-4-5-6-7-8-9,436,359,77,69,0.8310185185185185
g3-image,g3v,0.15,0.9,9,8,0-2-3-4-5-6-7-8-9,436,361,75,67,0.835648148148148
g3-image,g3v,0.15,0.9,9,8,1-2-3-4-5-6-7-8-9,429,356,73,72,0.8308051341890315
g3-image,g3v,0.15,0.9,10,9,0-1-2-3-4-5-6-7-8-9,429,357,72,71,0.8331388564760794
g3-image,g3v,0.15,1.0,1,1,0,616,369,247,59,0.7068965517241379
g3-image,g3v,0.15,1.0,1,1,1,583,353,230,75,0.6983184965380811
g3-image,g3v,0.15,1.0,1,1,2,570,342,228,86,0.6853707414829658
g3-image,g3v,0.15,1.0,1,1,3,564,349,215,79,0.7036290322580645
g3-image,g3v,0.15,1.0,1,1,4,557,350,207,78,0.7106598984771574
g3-image,g3v,0.15,1.0,1,1,5,571,352,219,76,0.7047047047047048
g3-image,g3v,0.15,1.0,1,1,6,552,349,203,79,0.7122448979591838
g3-image,g3v,0.15,1.0,1,1,7,574,354,220,74,0.7065868263473055
g3-image,g3v,0.15,1.0,1,1,8,584,354,230,74,0.6996047430830039
g3-image,g3v,0.15,1.0,1,1,9,569,350,219,78,0.7021063189568706
g3-image,g3v,0.15,1.0,2,2,0-1,511,367,144,61,0.7816826411075612
g3-image,g3v,0.15,1.0,2,2,0-2,503,362,141,66,0.77765843179377
g3-image,g3v,0.15,1.0,2,2,0-3,488,357,131,71,0.7794759825327511
g3-image,g3v,0.15,1.0,2,2,0-4,497,363,134,65,0.784864864864865
g3-image,g3v,0.15,1.0,2,2,0-5,500,360,140,68,0.7758620689655171
g3-image,g3v,0.15,1.0,2,2,0-6,495,366,129,62,0.7930660888407367
g3-image,g3v,0.15,1.0,2,2,0-7,502,358,144,70,0.7698924731182797
g3-image,g3v,0.15,1.0,2,2,0-8,493,371,122,57,0.8056460369163952
g3-image,g3v,0.15,1.0,2,2,0-9,504,369,135,59,0.7918454935622317
g3-image,g3v,0.15,1.0,2,2,1-2,497,359,138,69,0.7762162162162162
g3-image,g3v,0.15,1.0,2,2,1-3,489,350,139,78,0.7633587786259542
g3-image,g3v,0.15,1.0,2,2,1-4,478,358,120,70,0.7902869757174393
g3-image,g3v,0.15,1.0,2,2,1-5,495,358,137,70,0.7757313109425786
g3-image,g3v,0.15,1.0,2,2,1-6,482,360,122,68,0.7912087912087913
g3-image,g3v,0.15,1.0,2,2,1-7,487,360,127,68,0.7868852459016393
g3-image,g3v,0.15,1.0,2,2,1-8,507,360,147,68,0.7700534759358288
g3-image,g3v,0.15,1.0,2,2,1-9,482,357,125,71,0.7846153846153846
g3-image,g3v,0.15,1.0,2,2,2-3,474,348,126,80,0.771618625277162
g3-image,g3v,0.15,1.0,2,2,2-4,477,354,123,74,0.7823204419889502
g3-image,g3v,0.15,1.0,2,2,2-5,490,351,139,77,0.7647058823529411
g3-image,g3v,0.15,1.0,2,2,2-6,477,352,125,76,0.7779005524861877
g3-image,g3v,0.15,1.0,2,2,2-7,467,345,122,83,0.7709497206703911
g3-image,g3v,0.15,1.0,2,2,2-8,484,351,133,77,0.7697368421052632
g3-image,g3v,0.15,1.0,2,2,2-9,474,344,130,84,0.7627494456762751
g3-image,g3v,0.15,1.0,2,2,3-4,461,343,118,85,0.7716535433070865
g3-image,g3v,0.15,1.0,2,2,3-5,488,356,132,72,0.777292576419214
g3-image,g3v,0.15,1.0,2,2,3-6,470,347,123,81,0.7728285077951003
g3-image,g3v,0.15,1.0,2,2,3-7,478,350,128,78,0.772626931567329
g3-image,g3v,0.15,1.0,2,2,3-8,480,353,127,75,0.7775330396475771
g3-image,g3v,0.15,1.0,2,2,3-9,473,343,130,85,0.7613762486126526
g3-image,g3v,0.15,1.0,2,2,4-5,474,350,124,78,0.7760532150776053
g3-image,g3v,0.15,1.0,2,2,4-6,469,356,113,72,0.7937569676700111
g3-image,g3v,0.15,1.0,2,2,4-7,479,354,125,74,0.7805953693495038
g3-image,g3v,0.15,1.0,2,2,4-8,479,352,127,76,0.7761852260198456
g3-image,g3v,0.15,1.0,2,2,4-9,480,356,124,72,0.7841409691629956
g3-image,g3v,0.15,1.0,2,2,5-6,484,353,131,75,0.7741228070175439
g3-image,g3v,0.15,1.0,2,2,5-7,486,348,138,80,0.761487964989059
g3-image,g3v,0.15,1.0,2,2,5-8,498,360,138,68,0.7775377969762418
g3-image,g3v,0.15,1.0,2,2,5-9,479,353,126,75,0.7783902976846748
g3-image,g3v,0.15,1.0,2,2,6-7,481,355,126,73,0.781078107810781
g3-image,g3v,0.15,1.0,2,2,6-8,481,360,121,68,0.7920792079207922
g3-image,g3v,0.15,1.0,2,2,6-9,464,350,114,78,0.7847533632286996
g3-image,g3v,0.15,1.0,2,2,7-8,498,362,136,66,0.7818574514038877
g3-image,g3v,0.15,1.0,2,2,7-9,484,358,126,70,0.7850877192982456
g3-image,g3v,0.15,1.0,2,2,8-9,488,354,134,74,0.7729257641921398
g3-image,g3v,0.15,1.0,3,3,0-1-2,466,359,107,69,0.8031319910514542
g3-image,g3v,0.15,1.0,3,3,0-1-3,459,355,104,73,0.8004509582863585
g3-image,g3v,0.15,1.0,3,3,0-1-4,458,362,96,66,0.8171557562076749
g3-image,g3v,0.15,1.0,3,3,0-1-5,462,361,101,67,0.8112359550561798
g3-image,g3v,0.15,1.0,3,3,0-1-6,458,365,93,63,0.8239277652370203
g3-image,g3v,0.15,1.0,3,3,0-1-7,462,357,105,71,0.8022471910112361
g3-image,g3v,0.15,1.0,3,3,0-1-8,464,363,101,65,0.8139013452914798
g3-image,g3v,0.15,1.0,3,3,0-1-9,465,362,103,66,0.8107502799552072
g3-image,g3v,0.15,1.0,3,3,0-2-3,457,358,99,70,0.8090395480225989
g3-image,g3v,0.15,1.0,3,3,0-2-4,459,360,99,68,0.8117249154453213
g3-image,g3v,0.15,1.0,3,3,0-2-5,462,359,103,69,0.806741573033708
g3-image,g3v,0.15,1.0,3,3,0-2-6,456,359,97,69,0.8122171945701357
g3-image,g3v,0.15,1.0,3,3,0-2-7,462,354,108,74,0.7955056179775281
g3-image,g3v,0.15,1.0,3,3,0-2-8,453,360,93,68,0.8172531214528944
g3-image,g3v,0.15,1.0,3,3,0-2-9,460,359,101,69,0.8085585585585585
g3-image,g3v,0.15,1.0,3,3,0-3-4,456,356,100,72,0.8054298642533936
g3-image,g3v,0.15,1.0,3,3,0-3-5,459,357,102,71,0.8049605411499436
g3-image,g3v,0.15,1.0,3,3,0-3-6,450,356,94,72,0.8109339407744874
g3-image,g3v,0.15,1.0,3,3,0-3-7,454,354,100,74,0.8027210884353742
g3-image,g3v,0.15,1.0,3,3,0-3-8,449,358,91,70,0.8164196123147093
g3-image,g3v,0.15,1.0,3,3,0-3-9,459,359,100,69,0.8094701240135287
g3-image,g3v,0.15,1.0,3,3,0-4-5,459,359,100,69,0.8094701240135287
g3-image,g3v,0.15,1.0,3,3,0-4-6,452,362,90,66,0.8227272727272726
g3-image,g3v,0.15,1.0,3,3,0-4-7,463,356,107,72,0.7991021324354658
g3-image,g3v,0.15,1.0,3,3,0-4-8,454,361,93,67,0.81859410430839
g3-image,g3v,0.15,1.0,3,3,0-4-9,461,361,100,67,0.8121484814398199
g3-image,g3v,0.15,1.0,3,3,0-5-6,454,358,96,70,0.8117913832199546
g3-image,g3v,0.15,1.0,3,3,0-5-7,465,356,109,72,0.7973124300111982
g3-image,g3v,0.15,1.0,3,3,0-5-8,456,364,92,64,0.823529411764706
g3-image,g3v,0.15,1.0,3,3,0-5-9,465,364,101,64,0.8152295632698768
g3-image,g3v,0.15,1.0,3,3,0-6-7,453,356,97,72,0.8081725312145289
g3-image,g3v,0.15,1.0,3,3,0-6-8,451,362,89,66,0.8236632536973835
g3-image,g3v,0.15,1.0,3,3,0-6-9,454,364,90,64,0.8253968253968255
g3-image,g3v,0.15,1.0,3,3,0-7-8,458,360,98,68,0.8126410835214446
g3-image,g3v,0.15,1.0,3,3,0-7-9,467,360,107,68,0.8044692737430168
g3-image,g3v,0.15,1.0,3,3,0-8-9,463,369,94,59,0.8282828282828283
g3-image,g3v,0.15,1.0,3,3,1-2-3,448,349,99,79,0.7968036529680366
g3-image,g3v,0.15,1.0,3,3,1-2-4,451,357,94,71,0.8122866894197952
g3-image,g3v,0.15,1.0,3,3,1-2-5,455,352,103,76,0.797281993204983
g3-image,g3v,0.15,1.0,3,3,1-2-6,454,358,96,70,0.8117913832199546
g3-image,g3v,0.15,1.0,3,3,1-2-7,454,355,99,73,0.8049886621315192
g3-image,g3v,0.15,1.0,3,3,1-2-8,464,356,108,72,0.7982062780269058
g3-image,g3v,0.15,1.0,3,3,1-2-9,446,353,93,75,0.8077803203661327
g3-image,g3v,0.15,1.0,3,3,1-3-4,444,350,94,78,0.8027522935779818
g3-image,g3v,0.15,1.0,3,3,1-3-5,453,351,102,77,0.796821793416572
g3-image,g3v,0.15,1.0,3,3,1-3-6,447,353,94,75,0.8068571428571429
g3-image,g3v,0.15,1.0,3,3,1-3-7,450,349,101,79,0.79498861047836
g3-image,g3v,0.15,1.0,3,3,1-3-8,452,343,109,85,0.7795454545454545
g3-image,g3v,0.15,1.0,3,3,1-3-9,443,347,96,81,0.7967853042479908
g3-image,g3v,0.15,1.0,3,3,1-4-5,446,354,92,74,0.8100686498855835
g3-image,g3v,0.15,1.0,3,3,1-4-6,449,358,91,70,0.8164196123147093
g3-image,g3v,0.15,1.0,3,3,1-4-7,454,359,95,69,0.8140589569160998
g3-image,g3v,0.15,1.0,3,3,1-4-8,454,351,103,77,0.7959183673469388
g3-image,g3v,0.15,1.0,3,3,1-4-9,447,353,94,75,0.8068571428571429
g3-image,g3v,0.15,1.0,3,3,1-5-6,459,363,96,65,0.818489289740699
g3-image,g3v,0.15,1.0,3,3,1-5-7,462,357,105,71,0.8022471910112361
g3-image,g3v,0.15,1.0,3,3,1-5-8,464,356,108,72,0.7982062780269058
g3-image,g3v,0.15,1.0,3,3,1-5-9,448,354,94,74,0.8082191780821918
g3-image,g3v,0.15,1.0,3,3,1-6-7,448,358,90,70,0.817351598173516
g3-image,g3v,0.15,1.0,3,3,1-6-8,459,357,102,71,0.8049605411499436
g3-image,g3v,0.15,1.0,3,3,1-6-9,447,354,93,74,0.8091428571428572
g3-image,g3v,0.15,1.0,3,3,1-7-8,456,353,103,75,0.7986425339366516
g3-image,g3v,0.15,1.0,3,3,1-7-9,449,354,95,74,0.8072976054732041
g3-image,g3v,0.15,1.0,3,3,1-8-9,454,358,96,70,0.8117913832199546
g3-image,g3v,0.15,1.0,3,3,2-3-4,432,343,89,85,0.7976744186046513
g3-image,g3v,0.15,1.0,3,3,2-3-5,432,338,94,90,0.7860465116279072
g3-image,g3v,0.15,1.0,3,3,2-3-6,427,342,85,86,0.7999999999999999
g3-image,g3v,0.15,1.0,3,3,2-3-7,426,340,86,88,0.7962529274004684
g3-image,g3v,0.15,1.0,3,3,2-3-8,432,339,93,89,0.7883720930232557
g3-image,g3v,0.15,1.0,3,3,2-3-9,432,338,94,90,0.7860465116279072
g3-image,g3v,0.15,1.0,3,3,2-4-5,440,344,96,84,0.7926267281105991
g3-image,g3v,0.15,1.0,3,3,2-4-6,431,348,83,80,0.810244470314319
g3-image,g3v,0.15,1.0,3,3,2-4-7,435,344,91,84,0.7972190034762456
g3-image,g3v,0.15,1.0,3,3,2-4-8,447,348,99,80,0.7954285714285715
g3-image,g3v,0.15,1.0,3,3,2-4-9,438,346,92,82,0.7990762124711316
g3-image,g3v,0.15,1.0,3,3,2-5-6,440,346,94,82,0.7972350230414748
g3-image,g3v,0.15,1.0,3,3,2-5-7,437,341,96,87,0.7884393063583816
g3-image,g3v,0.15,1.0,3,3,2-5-8,443,343,100,85,0.7876004592422502
g3-image,g3v,0.15,1.0,3,3,2-5-9,437,342,95,86,0.7907514450867054
g3-image,g3v,0.15,1.0,3,3,2-6-7,434,344,90,84,0.7981438515081206
g3-image,g3v,0.15,1.0,3,3,2-6-8,436,345,91,83,0.798611111111111
g3-image,g3v,0.15,1.0,3,3,2-6-9,430,347,83,81,0.8088578088578089
g3-image,g3v,0.15,1.0,3,3,2-7-8,441,347,94,81,0.7986191024165707
g3-image,g3v,0.15,1.0,3,3,2-7-9,437,341,96,87,0.7884393063583816
g3-image,g3v,0.15,1.0,3,3,2-8-9,440,345,95,83,0.7949308755760369
g3-image,g3v,0.15,1.0,3,3,3-4-5,438,344,94,84,0.7944572748267897
g3-image,g3v,0.15,1.0,3,3,3-4-6,419,341,78,87,0.8051948051948052
g3-image,g3v,0.15,1.0,3,3,3-4-7,431,341,90,87,0.7939464493597206
g3-image,g3v,0.15,1.0,3,3,3-4-8,436,340,96,88,0.7870370370370371
g3-image,g3v,0.15,1.0,3,3,3-4-9,433,342,91,86,0.794425087108014
g3-image,g3v,0.15,1.0,3,3,3-5-6,442,347,95,81,0.7977011494252874
g3-image,g3v,0.15,1.0,3,3,3-5-7,449,351,98,77,0.8004561003420751
g3-image,g3v,0.15,1.0,3,3,3-5-8,449,351,98,77,0.8004561003420751
g3-image,g3v,0.15,1.0,3,3,3-5-9,451,351,100,77,0.7986348122866894
g3-image,g3v,0.15,1.0,3,3,3-6-7,433,345,88,83,0.8013937282229965
g3-image,g3v,0.15,1.0,3,3,3-6-8,438,347,91,81,0.8013856812933025
g3-image,g3v,0.15,1.0,3,3,3-6-9,436,345,91,83,0.798611111111111
g3-image,g3v,0.15,1.0,3,3,3-7-8,448,348,100,80,0.7945205479452055
g3-image,g3v,0.15,1.0,3,3,3-7-9,445,341,104,87,0.7812142038946163
g3-image,g3v,0.15,1.0,3,3,3-8-9,446,348,98,80,0.7963386727688788
g3-image,g3v,0.15,1.0,3,3,4-5-6,443,351,92,77,0.8059701492537313
g3-image,g3v,0.15,1.0,3,3,4-5-7,451,356,95,72,0.8100113765642775
g3-image,g3v,0.15,1.0,3,3,4-5-8,448,352,96,76,0.8036529680365296
g3-image,g3v,0.15,1.0,3,3,4-5-9,445,351,94,77,0.8041237113402061
g3-image,g3v,0.15,1.0,3,3,4-6-7,447,358,89,70,0.8182857142857143
g3-image,g3v,0.15,1.0,3,3,4-6-8,442,355,87,73,0.8160919540229884
g3-image,g3v,0.15,1.0,3,3,4-6-9,437,352,85,76,0.8138728323699421
g3-image,g3v,0.15,1.0,3,3,4-7-8,448,352,96,76,0.8036529680365296
g3-image,g3v,0.15,1.0,3,3,4-7-9,449,350,99,78,0.7981755986316988
g3-image,g3v,0.15,1.0,3,3,4-8-9,450,350,100,78,0.7972665148063781
g3-image,g3v,0.15,1.0,3,3,5-6-7,449,351,98,77,0.8004561003420751
g3-image,g3v,0.15,1.0,3,3,5-6-8,451,355,96,73,0.8077360637087599
g3-image,g3v,0.15,1.0,3,3,5-6-9,437,352,85,76,0.8138728323699421
g3-image,g3v,0.15,1.0,3,3,5-7-8,452,350,102,78,0.7954545454545455
g3-image,g3v,0.15,1.0,3,3,5-7-9,441,349,92,79,0.803222094361335
g3-image,g3v,0.15,1.0,3,3,5-8-9,441,354,87,74,0.8147295742232452
g3-image,g3v,0.15,1.0,3,3,6-7-8,443,353,90,75,0.8105625717566016
g3-image,g3v,0.15,1.0,3,3,6-7-9,435,346,89,82,0.8018539976825028
g3-image,g3v,0.15,1.0,3,3,6-8-9,441,351,90,77,0.807825086306099
g3-image,g3v,0.15,1.0,3,3,7-8-9,451,357,94,71,0.8122866894197952
g3-image,g3v,0.15,1.0,4,4,0-1-2-3,441,354,87,74,0.8147295742232452
g3-image,g3v,0.15,1.0,4,4,0-1-2-4,441,355,86,73,0.8170310701956272
g3-image,g3v,0.15,1.0,4,4,0-1-2-5,440,356,84,72,0.8202764976958525
g3-image,g3v,0.15,1.0,4,4,0-1-2-6,438,354,84,74,0.817551963048499
g3-image,g3v,0.15,1.0,4,4,0-1-2-7,437,349,88,79,0.8069364161849711
g3-image,g3v,0.15,1.0,4,4,0-1-2-8,441,358,83,70,0.8239355581127732
g3-image,g3v,0.15,1.0,4,4,0-1-2-9,442,358,84,70,0.8229885057471266
g3-image,g3v,0.15,1.0,4,4,0-1-3-4,435,354,81,74,0.8203939745075318
g3-image,g3v,0.15,1.0,4,4,0-1-3-5,437,353,84,75,0.8161849710982659
g3-image,g3v,0.15,1.0,4,4,0-1-3-6,434,354,80,74,0.8213457076566125
g3-image,g3v,0.15,1.0,4,4,0-1-3-7,437,352,85,76,0.8138728323699421
g3-image,g3v,0.15,1.0,4,4,0-1-3-8,435,355,80,73,0.8227114716106604
g3-image,g3v,0.15,1.0,4,4,0-1-3-9,442,354,88,74,0.8137931034482758
g3-image,g3v,0.15,1.0,4,4,0-1-4-5,436,357,79,71,0.8263888888888888
g3-image,g3v,0.15,1.0,4,4,0-1-4-6,433,360,73,68,0.8362369337979093
g3-image,g3v,0.15,1.0,4,4,0-1-4-7,438,353,85,75,0.815242494226328
g3-image,g3v,0.15,1.0,4,4,0-1-4-8,437,361,76,67,0.8346820809248556
g3-image,g3v,0.15,1.0,4,4,0-1-4-9,437,358,79,70,0.8277456647398844
g3-image,g3v,0.15,1.0,4,4,0-1-5-6,435,355,80,73,0.8227114716106604
g3-image,g3v,0.15,1.0,4,4,0-1-5-7,438,353,85,75,0.815242494226328
g3-image,g3v,0.15,1.0,4,4,0-1-5-8,437,360,77,68,0.8323699421965319
g3-image,g3v,0.15,1.0,4,4,0-1-5-9,439,358,81,70,0.8258362168396771
g3-image,g3v,0.15,1.0,4,4,0-1-6-7,432,354,78,74,0.8232558139534883
g3-image,g3v,0.15,1.0,4,4,0-1-6-8,437,360,77,68,0.8323699421965319
g3-image,g3v,0.15,1.0,4,4,0-1-6-9,437,359,78,69,0.8300578034682081
g3-image,g3v,0.15,1.0,4,4,0-1-7-8,438,356,82,72,0.8221709006928405
g3-image,g3v,0.15,1.0,4,4,0-1-7-9,440,356,84,72,0.8202764976958525
g3-image,g3v,0.15,1.0,4,4,0-1-8-9,442,364,78,64,0.8367816091954022
g3-image,g3v,0.15,1.0,4,4,0-2-3-4,435,355,80,73,0.8227114716106604
g3-image,g3v,0.15,1.0,4,4,0-2-3-5,437,355,82,73,0.8208092485549132
g3-image,g3v,0.15,1.0,4,4,0-2-3-6,433,352,81,76,0.8176538908246225
g3-image,g3v,0.15,1.0,4,4,0-2-3-7,435,351,84,77,0.813441483198146
g3-image,g3v,0.15,1.0,4,4,0-2-3-8,430,354,76,74,0.8251748251748252
g3-image,g3v,0.15,1.0,4,4,0-2-3-9,439,356,83,72,0.8212226066897348
g3-image,g3v,0.15,1.0,4,4,0-2-4-5,440,357,83,71,0.8225806451612904
g3-image,g3v,0.15,1.0,4,4,0-2-4-6,434,356,78,72,0.8259860788863109
g3-image,g3v,0.15,1.0,4,4,0-2-4-7,439,354,85,74,0.8166089965397924
g3-image,g3v,0.15,1.0,4,4,0-2-4-8,432,356,76,72,0.827906976744186
g3-image,g3v,0.15,1.0,4,4,0-2-4-9,438,358,80,70,0.8267898383371824
g3-image,g3v,0.15,1.0,4,4,0-2-5-6,435,356,79,72,0.8250289687137892
g3-image,g3v,0.15,1.0,4,4,0-2-5-7,436,354,82,74,0.8194444444444445
g3-image,g3v,0.15,1.0,4,4,0-2-5-8,435,357,78,71,0.8273464658169177
g3-image,g3v,0.15,1.0,4,4,0-2-5-9,442,360,82,68,0.8275862068965517
g3-image,g3v,0.15,1.0,4,4,0-2-6-7,431,352,79,76,0.819557625145518
g3-image,g3v,0.15,1.0,4,4,0-2-6-8,431,355,76,73,0.8265424912689172
g3-image,g3v,0.15,1.0,4,4,0-2-6-9,435,359,76,69,0.831981460023175
g3-image,g3v,0.15,1.0,4,4,0-2-7-8,432,352,80,76,0.8186046511627906
g3-image,g3v,0.15,1.0,4,4,0-2-7-9,439,352,87,76,0.81199538638985
g3-image,g3v,0.15,1.0,4,4,0-2-8-9,436,360,76,68,0.8333333333333334
g3-image,g3v,0.15,1.0,4,4,0-3-4-5,437,356,81,72,0.8231213872832369
g3-image,g3v,0.15,1.0,4,4,0-3-4-6,432,356,76,72,0.827906976744186
g3-image,g3v,0.15,1.0,4,4,0-3-4-7,438,351,87,77,0.810623556581986
g3-image,g3v,0.15,1.0,4,4,0-3-4-8,433,355,78,73,0.8246225319396051
g3-image,g3v,0.15,1.0,4,4,0-3-4-9,438,358,80,70,0.8267898383371824
g3-image,g3v,0.15,1.0,4,4,0-3-5-6,433,352,81,76,0.8176538908246225
g3-image,g3v,0.15,1.0,4,4,0-3-5-7,435,350,85,78,0.8111239860950175
g3-image,g3v,0.15,1.0,4,4,0-3-5-8,430,355,75,73,0.8275058275058276
g3-image,g3v,0.15,1.0,4,4,0-3-5-9,441,357,84,71,0.8216340621403913
g3-image,g3v,0.15,1.0,4,4,0-3-6-7,433,353,80,75,0.8199767711962834
g3-image,g3v,0.15,1.0,4,4,0-3-6-8,427,353,74,75,0.8257309941520468
g3-image,g3v,0.15,1.0,4,4,0-3-6-9,435,354,81,74,0.8203939745075318
g3-image,g3v,0.15,1.0,4,4,0-3-7-8,434,354,80,74,0.8213457076566125
g3-image,g3v,0.15,1.0,4,4,0-3-7-9,442,355,87,73,0.8160919540229884
g3-image,g3v,0.15,1.0,4,4,0-3-8-9,435,357,78,71,0.8273464658169177
g3-image,g3v,0.15,1.0,4,4,0-4-5-6,435,357,78,71,0.8273464658169177
g3-image,g3v,0.15,1.0,4,4,0-4-5-7,441,354,87,74,0.8147295742232452
g3-image,g3v,0.15,1.0,4,4,0-4-5-8,433,356,77,72,0.826945412311266
g3-image,g3v,0.15,1.0,4,4,0-4-5-9,443,360,83,68,0.8266360505166475
g3-image,g3v,0.15,1.0,4,4,0-4-6-7,435,356,79,72,0.8250289687137892
g3-image,g3v,0.15,1.0,4,4,0-4-6-8,430,360,70,68,0.8391608391608392
g3-image,g3v,0.15,1.0,4,4,0-4-6-9,435,359,76,69,0.831981460023175
g3-image,g3v,0.15,1.0,4,4,0-4-7-8,438,355,83,73,0.8198614318706696
g3-image,g3v,0.15,1.0,4,4,0-4-7-9,445,353,92,75,0.8087056128293242
g3-image,g3v,0.15,1.0,4,4,0-4-8-9,439,360,79,68,0.8304498269896193
g3-image,g3v,0.15,1.0,4,4,0-5-6-7,435,351,84,77,0.813441483198146
g3-image,g3v,0.15,1.0,4,4,0-5-6-8,433,358,75,70,0.8315911730545876
g3-image,g3v,0.15,1.0,4,4,0-5-6-9,437,359,78,69,0.8300578034682081
g3-image,g3v,0.15,1.0,4,4,0-5-7-8,436,355,81,73,0.8217592592592592
g3-image,g3v,0.15,1.0,4,4,0-5-7-9,442,357,85,71,0.8206896551724138
g3-image,g3v,0.15,1.0,4,4,0-5-8-9,437,361,76,67,0.8346820809248556
g3-image,g3v,0.15,1.0,4,4,0-6-7-8,432,355,77,73,0.8255813953488371
g3-image,g3v,0.15,1.0,4,4,0-6-7-9,437,357,80,71,0.8254335260115607
g3-image,g3v,0.15,1.0,4,4,0-6-8-9,436,362,74,66,0.8379629629629631
g3-image,g3v,0.15,1.0,4,4,0-7-8-9,441,359,82,69,0.8262370540851554
g3-image,g3v,0.15,1.0,4,4,1-2-3-4,426,347,79,81,0.8126463700234192
g3-image,g3v,0.15,1.0,4,4,1-2-3-5,427,346,81,82,0.8093567251461987
g3-image,g3v,0.15,1.0,4,4,1-2-3-6,432,350,82,78,0.813953488372093
g3-image,g3v,0.15,1.0,4,4,1-2-3-7,430,346,84,82,0.8065268065268066
g3-image,g3v,0.15,1.0,4,4,1-2-3-8,434,343,91,85,0.7958236658932714
g3-image,g3v,0.15,1.0,4,4,1-2-3-9,422,341,81,87,0.8023529411764706
g3-image,g3v,0.15,1.0,4,4,1-2-4-5,425,349,76,79,0.8182883939038686
g3-image,g3v,0.15,1.0,4,4,1-2-4-6,429,353,76,75,0.823803967327888
g3-image,g3v,0.15,1.0,4,4,1-2-4-7,435,355,80,73,0.8227114716106604
g3-image,g3v,0.15,1.0,4,4,1-2-4-8,435,352,83,76,0.8157589803012745
g3-image,g3v,0.15,1.0,4,4,1-2-4-9,425,351,74,77,0.8229777256740914
g3-image,g3v,0.15,1.0,4,4,1-2-5-6,437,358,79,70,0.8277456647398844
g3-image,g3v,0.15,1.0,4,4,1-2-5-7,439,353,86,75,0.8143021914648212
g3-image,g3v,0.15,1.0,4,4,1-2-5-8,436,350,86,78,0.8101851851851852
g3-image,g3v,0.15,1.0,4,4,1-2-5-9,430,349,81,79,0.8135198135198135
g3-image,g3v,0.15,1.0,4,4,1-2-6-7,432,354,78,74,0.8232558139534883
g3-image,g3v,0.15,1.0,4,4,1-2-6-8,439,352,87,76,0.81199538638985
g3-image,g3v,0.15,1.0,4,4,1-2-6-9,428,350,78,78,0.8177570093457944
g3-image,g3v,0.15,1.0,4,4,1-2-7-8,436,351,85,77,0.8125
g3-image,g3v,0.15,1.0,4,4,1-2-7-9,430,349,81,79,0.8135198135198135
g3-image,g3v,0.15,1.0,4,4,1-2-8-9,431,352,79,76,0.819557625145518
g3-image,g3v,0.15,1.0,4,4,1-3-4-5,420,345,75,83,0.8136792452830189
g3-image,g3v,0.15,1.0,4,4,1-3-4-6,422,348,74,80,0.8188235294117648
g3-image,g3v,0.15,1.0,4,4,1-3-4-7,432,350,82,78,0.813953488372093
g3-image,g3v,0.15,1.0,4,4,1-3-4-8,426,346,80,82,0.810304449648712
g3-image,g3v,0.15,1.0,4,4,1-3-4-9,421,344,77,84,0.8103651354534745
g3-image,g3v,0.15,1.0,4,4,1-3-5-6,434,352,82,76,0.8167053364269141
g3-image,g3v,0.15,1.0,4,4,1-3-5-7,430,350,80,78,0.815850815850816
g3-image,g3v,0.15,1.0,4,4,1-3-5-8,436,345,91,83,0.798611111111111
g3-image,g3v,0.15,1.0,4,4,1-3-5-9,421,345,76,83,0.812720848056537
g3-image,g3v,0.15,1.0,4,4,1-3-6-7,431,352,79,76,0.819557625145518
g3-image,g3v,0.15,1.0,4,4,1-3-6-8,433,348,85,80,0.8083623693379791
g3-image,g3v,0.15,1.0,4,4,1-3-6-9,422,347,75,81,0.8164705882352942
g3-image,g3v,0.15,1.0,4,4,1-3-7-8,431,346,85,82,0.8055878928987195
g3-image,g3v,0.15,1.0,4,4,1-3-7-9,426,346,80,82,0.810304449648712
g3-image,g3v,0.15,1.0,4,4,1-3-8-9,427,345,82,83,0.8070175438596491
g3-image,g3v,0.15,1.0,4,4,1-4-5-6,430,356,74,72,0.8298368298368298
g3-image,g3v,0.15,1.0,4,4,1-4-5-7,433,355,78,73,0.8246225319396051
g3-image,g3v,0.15,1.0,4,4,1-4-5-8,429,348,81,80,0.8121353558926487
g3-image,g3v,0.15,1.0,4,4,1-4-5-9,428,351,77,77,0.8200934579439252
g3-image,g3v,0.15,1.0,4,4,1-4-6-7,432,358,74,70,0.8325581395348838
g3-image,g3v,0.15,1.0,4,4,1-4-6-8,432,350,82,78,0.813953488372093
g3-image,g3v,0.15,1.0,4,4,1-4-6-9,424,350,74,78,0.8215962441314554
g3-image,g3v,0.15,1.0,4,4,1-4-7-8,436,352,84,76,0.8148148148148148
g3-image,g3v,0.15,1.0,4,4,1-4-7-9,429,353,76,75,0.823803967327888
g3-image,g3v,0.15,1.0,4,4,1-4-8-9,428,349,79,79,0.8154205607476636
g3-image,g3v,0.15,1.0,4,4,1-5-6-7,438,357,81,71,0.8244803695150116
g3-image,g3v,0.15,1.0,4,4,1-5-6-8,439,352,87,76,0.81199538638985
g3-image,g3v,0.15,1.0,4,4,1-5-6-9,430,353,77,75,0.8228438228438228
g3-image,g3v,0.15,1.0,4,4,1-5-7-8,436,351,85,77,0.8125
g3-image,g3v,0.15,1.0,4,4,1-5-7-9,429,349,80,79,0.8144690781796966
g3-image,g3v,0.15,1.0,4,4,1-5-8-9,431,354,77,74,0.8242142025611177
g3-image,g3v,0.15,1.0,4,4,1-6-7-8,433,351,82,77,0.8153310104529616
g3-image,g3v,0.15,1.0,4,4,1-6-7-9,426,351,75,77,0.8220140515222483
g3-image,g3v,0.15,1.0,4,4,1-6-8-9,432,350,82,78,0.813953488372093
g3-image,g3v,0.15,1.0,4,4,1-7-8-9,429,352,77,76,0.8214702450408402
g3-image,g3v,0.15,1.0,4,4,2-3-4-5,411,337,74,91,0.8033373063170441
g3-image,g3v,0.15,1.0,4,4,2-3-4-6,410,340,70,88,0.8114558472553698
g3-image,g3v,0.15,1.0,4,4,2-3-4-7,408,337,71,91,0.80622009569378
g3-image,g3v,0.15,1.0,4,4,2-3-4-8,418,340,78,88,0.8037825059101654
g3-image,g3v,0.15,1.0,4,4,2-3-4-9,411,337,74,91,0.8033373063170441
g3-image,g3v,0.15,1.0,4,4,2-3-5-6,414,338,76,90,0.8028503562945368
g3-image,g3v,0.15,1.0,4,4,2-3-5-7,407,334,73,94,0.7999999999999999
g3-image,g3v,0.15,1.0,4,4,2-3-5-8,413,334,79,94,0.7942925089179548
g3-image,g3v,0.15,1.0,4,4,2-3-5-9,408,332,76,96,0.7942583732057417
g3-image,g3v,0.15,1.0,4,4,2-3-6-7,408,339,69,89,0.8110047846889952
g3-image,g3v,0.15,1.0,4,4,2-3-6-8,413,340,73,88,0.8085612366230678
g3-image,g3v,0.15,1.0,4,4,2-3-6-9,409,338,71,90,0.8076463560334529
g3-image,g3v,0.15,1.0,4,4,2-3-7-8,414,340,74,88,0.8076009501187649
g3-image,g3v,0.15,1.0,4,4,2-3-7-9,409,334,75,94,0.7980884109916369
g3-image,g3v,0.15,1.0,4,4,2-3-8-9,412,336,76,92,0.8
g3-image,g3v,0.15,1.0,4,4,2-4-5-6,419,341,78,87,0.8051948051948052
g3-image,g3v,0.15,1.0,4,4,2-4-5-7,415,338,77,90,0.8018979833926453
g3-image,g3v,0.15,1.0,4,4,2-4-5-8,418,339,79,89,0.8014184397163121
g3-image,g3v,0.15,1.0,4,4,2-4-5-9,416,339,77,89,0.8033175355450236
g3-image,g3v,0.15,1.0,4,4,2-4-6-7,411,344,67,84,0.8200238379022645
g3-image,g3v,0.15,1.0,4,4,2-4-6-8,418,344,74,84,0.8132387706855791
g3-image,g3v,0.15,1.0,4,4,2-4-6-9,416,345,71,83,0.8175355450236967
g3-image,g3v,0.15,1.0,4,4,2-4-7-8,420,342,78,86,0.8066037735849056
g3-image,g3v,0.15,1.0,4,4,2-4-7-9,416,337,79,91,0.7985781990521327
g3-image,g3v,0.15,1.0,4,4,2-4-8-9,420,341,79,87,0.804245283018868
g3-image,g3v,0.15,1.0,4,4,2-5-6-7,421,342,79,86,0.8056537102473499
g3-image,g3v,0.15,1.0,4,4,2-5-6-8,427,342,85,86,0.7999999999999999
g3-image,g3v,0.15,1.0,4,4,2-5-6-9,417,345,72,83,0.8165680473372782
g3-image,g3v,0.15,1.0,4,4,2-5-7-8,418,339,79,89,0.8014184397163121
g3-image,g3v,0.15,1.0,4,4,2-5-7-9,415,337,78,91,0.7995255041518387
g3-image,g3v,0.15,1.0,4,4,2-5-8-9,414,338,76,90,0.8028503562945368
g3-image,g3v,0.15,1.0,4,4,2-6-7-8,418,344,74,84,0.8132387706855791
g3-image,g3v,0.15,1.0,4,4,2-6-7-9,416,344,72,84,0.815165876777251
g3-image,g3v,0.15,1.0,4,4,2-6-8-9,419,343,76,85,0.8099173553719008
g3-image,g3v,0.15,1.0,4,4,2-7-8-9,416,341,75,87,0.8080568720379148
g3-image,g3v,0.15,1.0,4,4,3-4-5-6,413,339,74,89,0.8061831153388822
g3-image,g3v,0.15,1.0,4,4,3-4-5-7,421,344,77,84,0.8103651354534745
g3-image,g3v,0.15,1.0,4,4,3-4-5-8,417,339,78,89,0.8023668639053254
g3-image,g3v,0.15,1.0,4,4,3-4-5-9,415,340,75,88,0.8066429418742586
g3-image,g3v,0.15,1.0,4,4,3-4-6-7,407,337,70,91,0.807185628742515
g3-image,g3v,0.15,1.0,4,4,3-4-6-8,407,336,71,92,0.8047904191616767
g3-image,g3v,0.15,1.0,4,4,3-4-6-9,408,338,70,90,0.8086124401913876
g3-image,g3v,0.15,1.0,4,4,3-4-7-8,417,334,83,94,0.7905325443786982
g3-image,g3v,0.15,1.0,4,4,3-4-7-9,412,337,75,91,0.8023809523809523
g3-image,g3v,0.15,1.0,4,4,3-4-8-9,410,334,76,94,0.7971360381861575
g3-image,g3v,0.15,1.0,4,4,3-5-6-7,423,344,79,84,0.808460634547591
g3-image,g3v,0.15,1.0,4,4,3-5-6-8,425,345,80,83,0.8089097303634233
g3-image,g3v,0.15,1.0,4,4,3-5-6-9,418,343,75,85,0.8108747044917257
g3-image,g3v,0.15,1.0,4,4,3-5-7-8,430,346,84,82,0.8065268065268066
g3-image,g3v,0.15,1.0,4,4,3-5-7-9,426,345,81,83,0.8079625292740047
g3-image,g3v,0.15,1.0,4,4,3-5-8-9,424,345,79,83,0.8098591549295775
g3-image,g3v,0.15,1.0,4,4,3-6-7-8,418,342,76,86,0.8085106382978723
g3-image,g3v,0.15,1.0,4,4,3-6-7-9,416,342,74,86,0.8104265402843601
g3-image,g3v,0.15,1.0,4,4,3-6-8-9,417,343,74,85,0.8118343195266271
g3-image,g3v,0.15,1.0,4,4,3-7-8-9,425,344,81,84,0.8065650644783119
g3-image,g3v,0.15,1.0,4,4,4-5-6-7,429,350,79,78,0.8168028004667445
g3-image,g3v,0.15,1.0,4,4,4-5-6-8,429,349,80,79,0.8144690781796966
g3-image,g3v,0.15,1.0,4,4,4-5-6-9,429,350,79,78,0.8168028004667445
g3-image,g3v,0.15,1.0,4,4,4-5-7-8,430,350,80,78,0.815850815850816
g3-image,g3v,0.15,1.0,4,4,4-5-7-9,432,349,83,79,0.8116279069767441
g3-image,g3v,0.15,1.0,4,4,4-5-8-9,431,351,80,77,0.8172293364377182
g3-image,g3v,0.15,1.0,4,4,4-6-7-8,425,350,75,78,0.82063305978898
g3-image,g3v,0.15,1.0,4,4,4-6-7-9,423,349,74,79,0.8202115158636898
g3-image,g3v,0.15,1.0,4,4,4-6-8-9,427,350,77,78,0.8187134502923977
g3-image,g3v,0.15,1.0,4,4,4-7-8-9,433,348,85,80,0.8083623693379791
g3-image,g3v,0.15,1.0,4,4,5-6-7-8,429,348,81,80,0.8121353558926487
g3-image,g3v,0.15,1.0,4,4,5-6-7-9,419,345,74,83,0.8146399055489966
g3-image,g3v,0.15,1.0,4,4,5-6-8-9,424,350,74,78,0.8215962441314554
g3-image,g3v,0.15,1.0,4,4,5-7-8-9,419,346,73,82,0.8170011806375442
g3-image,g3v,0.15,1.0,4,4,6-7-8-9,423,348,75,80,0.81786133960047
g3-image,g3v,0.15,1.0,5,5,0-1-2-3-4,424,351,73,77,0.8239436619718309
g3-image,g3v,0.15,1.0,5,5,0-1-2-3-5,424,351,73,77,0.8239436619718309
g3-image,g3v,0.15,1.0,5,5,0-1-2-3-6,423,349,74,79,0.8202115158636898
g3-image,g3v,0.15,1.0,5,5,0-1-2-3-7,424,348,76,80,0.8169014084507042
g3-image,g3v,0.15,1.0,5,5,0-1-2-3-8,424,354,70,74,0.8309859154929577
g3-image,g3v,0.15,1.0,5,5,0-1-2-3-9,429,352,77,76,0.8214702450408402
g3-image,g3v,0.15,1.0,5,5,0-1-2-4-5,425,352,73,76,0.8253223915592028
g3-image,g3v,0.15,1.0,5,5,0-1-2-4-6,422,352,70,76,0.8282352941176471
g3-image,g3v,0.15,1.0,5,5,0-1-2-4-7,425,350,75,78,0.82063305978898
g3-image,g3v,0.15,1.0,5,5,0-1-2-4-8,424,355,69,73,0.8333333333333334
g3-image,g3v,0.15,1.0,5,5,0-1-2-4-9,425,355,70,73,0.8323563892145369
g3-image,g3v,0.15,1.0,5,5,0-1-2-5-6,424,353,71,75,0.8286384976525821
g3-image,g3v,0.15,1.0,5,5,0-1-2-5-7,420,349,71,79,0.8231132075471698
g3-image,g3v,0.15,1.0,5,5,0-1-2-5-8,423,356,67,72,0.8366627497062279
g3-image,g3v,0.15,1.0,5,5,0-1-2-5-9,426,356,70,72,0.8337236533957846
g3-image,g3v,0.15,1.0,5,5,0-1-2-6-7,419,347,72,81,0.8193624557260919
g3-image,g3v,0.15,1.0,5,5,0-1-2-6-8,424,354,70,74,0.8309859154929577
g3-image,g3v,0.15,1.0,5,5,0-1-2-6-9,424,354,70,74,0.8309859154929577
g3-image,g3v,0.15,1.0,5,5,0-1-2-7-8,422,350,72,78,0.823529411764706
g3-image,g3v,0.15,1.0,5,5,0-1-2-7-9,423,350,73,78,0.8225616921269095
g3-image,g3v,0.15,1.0,5,5,0-1-2-8-9,426,357,69,71,0.8360655737704918
g3-image,g3v,0.15,1.0,5,5,0-1-3-4-5,422,353,69,75,0.8305882352941177
g3-image,g3v,0.15,1.0,5,5,0-1-3-4-6,420,354,66,74,0.8349056603773585
g3-image,g3v,0.15,1.0,5,5,0-1-3-4-7,425,349,76,79,0.8182883939038686
g3-image,g3v,0.15,1.0,5,5,0-1-3-4-8,420,354,66,74,0.8349056603773585
g3-image,g3v,0.15,1.0,5,5,0-1-3-4-9,425,354,71,74,0.8300117233294255
g3-image,g3v,0.15,1.0,5,5,0-1-3-5-6,421,350,71,78,0.8244994110718493
g3-image,g3v,0.15,1.0,5,5,0-1-3-5-7,421,349,72,79,0.8221436984687869
g3-image,g3v,0.15,1.0,5,5,0-1-3-5-8,418,352,66,76,0.8321513002364065
g3-image,g3v,0.15,1.0,5,5,0-1-3-5-9,425,351,74,77,0.8229777256740914
g3-image,g3v,0.15,1.0,5,5,0-1-3-6-7,420,350,70,78,0.8254716981132076
g3-image,g3v,0.15,1.0,5,5,0-1-3-6-8,419,352,67,76,0.8311688311688311
g3-image,g3v,0.15,1.0,5,5,0-1-3-6-9,425,352,73,76,0.8253223915592028
g3-image,g3v,0.15,1.0,5,5,0-1-3-7-8,422,352,70,76,0.8282352941176471
g3-image,g3v,0.15,1.0,5,5,0-1-3-7-9,428,351,77,77,0.8200934579439252
g3-image,g3v,0.15,1.0,5,5,0-1-3-8-9,424,354,70,74,0.8309859154929577
g3-image,g3v,0.15,1.0,5,5,0-1-4-5-6,420,354,66,74,0.8349056603773585
g3-image,g3v,0.15,1.0,5,5,0-1-4-5-7,423,349,74,79,0.8202115158636898
g3-image,g3v,0.15,1.0,5,5,0-1-4-5-8,419,355,64,73,0.8382526564344747
g3-image,g3v,0.15,1.0,5,5,0-1-4-5-9,424,354,70,74,0.8309859154929577
g3-image,g3v,0.15,1.0,5,5,0-1-4-6-7,420,353,67,75,0.8325471698113207
g3-image,g3v,0.15,1.0,5,5,0-1-4-6-8,420,358,62,70,0.8443396226415094
g3-image,g3v,0.15,1.0,5,5,0-1-4-6-9,421,355,66,73,0.8362779740871613
g3-image,g3v,0.15,1.0,5,5,0-1-4-7-8,424,354,70,74,0.8309859154929577
g3-image,g3v,0.15,1.0,5,5,0-1-4-7-9,425,352,73,76,0.8253223915592028
g3-image,g3v,0.15,1.0,5,5,0-1-4-8-9,424,359,65,69,0.8427230046948356
g3-image,g3v,0.15,1.0,5,5,0-1-5-6-7,420,349,71,79,0.8231132075471698
g3-image,g3v,0.15,1.0,5,5,0-1-5-6-8,421,356,65,72,0.8386336866902238
g3-image,g3v,0.15,1.0,5,5,0-1-5-6-9,423,356,67,72,0.8366627497062279
g3-image,g3v,0.15,1.0,5,5,0-1-5-7-8,420,352,68,76,0.830188679245283
g3-image,g3v,0.15,1.0,5,5,0-1-5-7-9,423,349,74,79,0.8202115158636898
g3-image,g3v,0.15,1.0,5,5,0-1-5-8-9,422,359,63,69,0.8447058823529412
g3-image,g3v,0.15,1.0,5,5,0-1-6-7-8,420,352,68,76,0.830188679245283
g3-image,g3v,0.15,1.0,5,5,0-1-6-7-9,422,352,70,76,0.8282352941176471
g3-image,g3v,0.15,1.0,5,5,0-1-6-8-9,424,358,66,70,0.8403755868544601
g3-image,g3v,0.15,1.0,5,5,0-1-7-8-9,425,354,71,74,0.8300117233294255
g3-image,g3v,0.15,1.0,5,5,0-2-3-4-5,423,354,69,74,0.8319623971797885
g3-image,g3v,0.15,1.0,5,5,0-2-3-4-6,420,351,69,77,0.8278301886792453
g3-image,g3v,0.15,1.0,5,5,0-2-3-4-7,423,350,73,78,0.8225616921269095
g3-image,g3v,0.15,1.0,5,5,0-2-3-4-8,418,352,66,76,0.8321513002364065
g3-image,g3v,0.15,1.0,5,5,0-2-3-4-9,424,354,70,74,0.8309859154929577
g3-image,g3v,0.15,1.0,5,5,0-2-3-5-6,419,349,70,79,0.8240850059031877
g3-image,g3v,0.15,1.0,5,5,0-2-3-5-7,420,350,70,78,0.8254716981132076
g3-image,g3v,0.15,1.0,5,5,0-2-3-5-8,415,352,63,76,0.8351126927639383
g3-image,g3v,0.15,1.0,5,5,0-2-3-5-9,424,355,69,73,0.8333333333333334
g3-image,g3v,0.15,1.0,5,5,0-2-3-6-7,419,347,72,81,0.8193624557260919
g3-image,g3v,0.15,1.0,5,5,0-2-3-6-8,415,349,66,79,0.8279952550415184
g3-image,g3v,0.15,1.0,5,5,0-2-3-6-9,422,351,71,77,0.8258823529411764
g3-image,g3v,0.15,1.0,5,5,0-2-3-7-8,419,350,69,78,0.8264462809917356
g3-image,g3v,0.15,1.0,5,5,0-2-3-7-9,426,350,76,78,0.819672131147541
g3-image,g3v,0.15,1.0,5,5,0-2-3-8-9,419,354,65,74,0.8358913813459269
g3-image,g3v,0.15,1.0,5,5,0-2-4-5-6,423,354,69,74,0.8319623971797885
g3-image,g3v,0.15,1.0,5,5,0-2-4-5-7,425,352,73,76,0.8253223915592028
g3-image,g3v,0.15,1.0,5,5,0-2-4-5-8,419,353,66,75,0.8335301062573789
g3-image,g3v,0.15,1.0,5,5,0-2-4-5-9,426,357,69,71,0.8360655737704918
g3-image,g3v,0.15,1.0,5,5,0-2-4-6-7,421,352,69,76,0.8292108362779741
g3-image,g3v,0.15,1.0,5,5,0-2-4-6-8,416,352,64,76,0.8341232227488151
g3-image,g3v,0.15,1.0,5,5,0-2-4-6-9,422,355,67,73,0.8352941176470587
g3-image,g3v,0.15,1.0,5,5,0-2-4-7-8,421,351,70,77,0.8268551236749115
g3-image,g3v,0.15,1.0,5,5,0-2-4-7-9,425,351,74,77,0.8229777256740914
g3-image,g3v,0.15,1.0,5,5,0-2-4-8-9,421,355,66,73,0.8362779740871613
g3-image,g3v,0.15,1.0,5,5,0-2-5-6-7,419,349,70,79,0.8240850059031877
g3-image,g3v,0.15,1.0,5,5,0-2-5-6-8,419,353,66,75,0.8335301062573789
g3-image,g3v,0.15,1.0,5,5,0-2-5-6-9,424,356,68,72,0.8356807511737089
g3-image,g3v,0.15,1.0,5,5,0-2-5-7-8,416,352,64,76,0.8341232227488151
g3-image,g3v,0.15,1.0,5,5,0-2-5-7-9,423,353,70,75,0.8296122209165688
g3-image,g3v,0.15,1.0,5,5,0-2-5-8-9,421,357,64,71,0.8409893992932862
g3-image,g3v,0.15,1.0,5,5,0-2-6-7-8,415,349,66,79,0.8279952550415184
g3-image,g3v,0.15,1.0,5,5,0-2-6-7-9,421,351,70,77,0.8268551236749115
g3-image,g3v,0.15,1.0,5,5,0-2-6-8-9,421,356,65,72,0.8386336866902238
g3-image,g3v,0.15,1.0,5,5,0-2-7-8-9,421,353,68,75,0.8315665488810365
g3-image,g3v,0.15,1.0,5,5,0-3-4-5-6,422,354,68,74,0.8329411764705883
g3-image,g3v,0.15,1.0,5,5,0-3-4-5-7,425,350,75,78,0.82063305978898
g3-image,g3v,0.15,1.0,5,5,0-3-4-5-8,419,352,67,76,0.8311688311688311
g3-image,g3v,0.15,1.0,5,5,0-3-4-5-9,427,356,71,72,0.8327485380116959
g3-image,g3v,0.15,1.0,5,5,0-3-4-6-7,422,350,72,78,0.823529411764706
g3-image,g3v,0.15,1.0,5,5,0-3-4-6-8,416,352,64,76,0.8341232227488151
g3-image,g3v,0.15,1.0,5,5,0-3-4-6-9,423,354,69,74,0.8319623971797885
g3-image,g3v,0.15,1.0,5,5,0-3-4-7-8,425,350,75,78,0.82063305978898
g3-image,g3v,0.15,1.0,5,5,0-3-4-7-9,429,351,78,77,0.8191365227537923
g3-image,g3v,0.15,1.0,5,5,0-3-4-8-9,424,355,69,73,0.8333333333333334
g3-image,g3v,0.15,1.0,5,5,0-3-5-6-7,421,347,74,81,0.8174322732626619
g3-image,g3v,0.15,1.0,5,5,0-3-5-6-8,416,351,65,77,0.8317535545023697
g3-image,g3v,0.15,1.0,5,5,0-3-5-6-9,423,352,71,76,0.827262044653349
g3-image,g3v,0.15,1.0,5,5,0-3-5-7-8,419,349,70,79,0.8240850059031877
g3-image,g3v,0.15,1.0,5,5,0-3-5-7-9,427,352,75,76,0.823391812865497
g3-image,g3v,0.15,1.0,5,5,0-3-5-8-9,419,354,65,74,0.8358913813459269
g3-image,g3v,0.15,1.0,5,5,0-3-6-7-8,418,350,68,78,0.8274231678486997
g3-image,g3v,0.15,1.0,5,5,0-3-6-7-9,425,351,74,77,0.8229777256740914
g3-image,g3v,0.15,1.0,5,5,0-3-6-8-9,420,352,68,76,0.830188679245283
g3-image,g3v,0.15,1.0,5,5,0-3-7-8-9,426,353,73,75,0.8266978922716628
g3-image,g3v,0.15,1.0,5,5,0-4-5-6-7,423,351,72,77,0.8249118683901292
g3-image,g3v,0.15,1.0,5,5,0-4-5-6-8,418,353,65,75,0.83451536643026
g3-image,g3v,0.15,1.0,5,5,0-4-5-6-9,424,355,69,73,0.8333333333333334
g3-image,g3v,0.15,1.0,5,5,0-4-5-7-8,422,351,71,77,0.8258823529411764
g3-image,g3v,0.15,1.0,5,5,0-4-5-7-9,430,352,78,76,0.8205128205128206
g3-image,g3v,0.15,1.0,5,5,0-4-5-8-9,424,355,69,73,0.8333333333333334
g3-image,g3v,0.15,1.0,5,5,0-4-6-7-8,420,353,67,75,0.8325471698113207
g3-image,g3v,0.15,1.0,5,5,0-4-6-7-9,424,353,71,75,0.8286384976525821
g3-image,g3v,0.15,1.0,5,5,0-4-6-8-9,422,357,65,71,0.8400000000000001
g3-image,g3v,0.15,1.0,5,5,0-4-7-8-9,428,354,74,74,0.8271028037383178
g3-image,g3v,0.15,1.0,5,5,0-5-6-7-8,420,352,68,76,0.830188679245283
g3-image,g3v,0.15,1.0,5,5,0-5-6-7-9,424,353,71,75,0.8286384976525821
g3-image,g3v,0.15,1.0,5,5,0-5-6-8-9,423,357,66,71,0.8390129259694477
g3-image,g3v,0.15,1.0,5,5,0-5-7-8-9,422,355,67,73,0.8352941176470587
g3-image,g3v,0.15,1.0,5,5,0-6-7-8-9,423,354,69,74,0.8319623971797885
g3-image,g3v,0.15,1.0,5,5,1-2-3-4-5,409,343,66,85,0.8195937873357229
g3-image,g3v,0.15,1.0,5,5,1-2-3-4-6,413,348,65,80,0.8275862068965518
g3-image,g3v,0.15,1.0,5,5,1-2-3-4-7,417,346,71,82,0.8189349112426035
g3-image,g3v,0.15,1.0,5,5,1-2-3-4-8,416,342,74,86,0.8104265402843601
g3-image,g3v,0.15,1.0,5,5,1-2-3-4-9,406,340,66,88,0.815347721822542
g3-image,g3v,0.15,1.0,5,5,1-2-3-5-6,417,348,69,80,0.8236686390532544
g3-image,g3v,0.15,1.0,5,5,1-2-3-5-7,416,344,72,84,0.815165876777251
g3-image,g3v,0.15,1.0,5,5,1-2-3-5-8,418,343,75,85,0.8108747044917257
g3-image,g3v,0.15,1.0,5,5,1-2-3-5-9,411,342,69,86,0.8152562574493444
g3-image,g3v,0.15,1.0,5,5,1-2-3-6-7,417,348,69,80,0.8236686390532544
g3-image,g3v,0.15,1.0,5,5,1-2-3-6-8,420,345,75,83,0.8136792452830189
g3-image,g3v,0.15,1.0,5,5,1-2-3-6-9,411,345,66,83,0.8224076281287247
g3-image,g3v,0.15,1.0,5,5,1-2-3-7-8,419,342,77,86,0.807556080283353
g3-image,g3v,0.15,1.0,5,5,1-2-3-7-9,413,343,70,85,0.8156956004756242
g3-image,g3v,0.15,1.0,5,5,1-2-3-8-9,415,342,73,86,0.8113879003558718
g3-image,g3v,0.15,1.0,5,5,1-2-4-5-6,416,352,64,76,0.8341232227488151
g3-image,g3v,0.15,1.0,5,5,1-2-4-5-7,420,351,69,77,0.8278301886792453
g3-image,g3v,0.15,1.0,5,5,1-2-4-5-8,415,345,70,83,0.8185053380782918
g3-image,g3v,0.15,1.0,5,5,1-2-4-5-9,412,347,65,81,0.8261904761904763
g3-image,g3v,0.15,1.0,5,5,1-2-4-6-7,420,353,67,75,0.8325471698113207
g3-image,g3v,0.15,1.0,5,5,1-2-4-6-8,419,349,70,79,0.8240850059031877
g3-image,g3v,0.15,1.0,5,5,1-2-4-6-9,412,347,65,81,0.8261904761904763
g3-image,g3v,0.15,1.0,5,5,1-2-4-7-8,423,350,73,78,0.8225616921269095
g3-image,g3v,0.15,1.0,5,5,1-2-4-7-9,415,349,66,79,0.8279952550415184
g3-image,g3v,0.15,1.0,5,5,1-2-4-8-9,414,347,67,81,0.8242280285035629
g3-image,g3v,0.15,1.0,5,5,1-2-5-6-7,424,354,70,74,0.8309859154929577
g3-image,g3v,0.15,1.0,5,5,1-2-5-6-8,423,350,73,78,0.8225616921269095
g3-image,g3v,0.15,1.0,5,5,1-2-5-6-9,417,351,66,77,0.8307692307692308
g3-image,g3v,0.15,1.0,5,5,1-2-5-7-8,420,348,72,80,0.820754716981132
g3-image,g3v,0.15,1.0,5,5,1-2-5-7-9,418,347,71,81,0.8203309692671394
g3-image,g3v,0.15,1.0,5,5,1-2-5-8-9,420,349,71,79,0.8231132075471698
g3-image,g3v,0.15,1.0,5,5,1-2-6-7-8,423,349,74,79,0.8202115158636898
g3-image,g3v,0.15,1.0,5,5,1-2-6-7-9,416,348,68,80,0.8246445497630331
g3-image,g3v,0.15,1.0,5,5,1-2-6-8-9,419,351,68,77,0.8288075560802833
g3-image,g3v,0.15,1.0,5,5,1-2-7-8-9,420,349,71,79,0.8231132075471698
g3-image,g3v,0.15,1.0,5,5,1-3-4-5-6,412,348,64,80,0.8285714285714285
g3-image,g3v,0.15,1.0,5,5,1-3-4-5-7,414,346,68,82,0.8218527315914489
g3-image,g3v,0.15,1.0,5,5,1-3-4-5-8,412,344,68,84,0.819047619047619
g3-image,g3v,0.15,1.0,5,5,1-3-4-5-9,405,342,63,86,0.8211284513805521
g3-image,g3v,0.15,1.0,5,5,1-3-4-6-7,418,349,69,79,0.8250591016548463
g3-image,g3v,0.15,1.0,5,5,1-3-4-6-8,412,344,68,84,0.819047619047619
g3-image,g3v,0.15,1.0,5,5,1-3-4-6-9,407,342,65,86,0.8191616766467065
g3-image,g3v,0.15,1.0,5,5,1-3-4-7-8,419,348,71,80,0.8217237308146399
g3-image,g3v,0.15,1.0,5,5,1-3-4-7-9,414,344,70,84,0.8171021377672208
g3-image,g3v,0.15,1.0,5,5,1-3-4-8-9,411,343,68,85,0.8176400476758044
g3-image,g3v,0.15,1.0,5,5,1-3-5-6-7,418,349,69,79,0.8250591016548463
g3-image,g3v,0.15,1.0,5,5,1-3-5-6-8,421,347,74,81,0.8174322732626619
g3-image,g3v,0.15,1.0,5,5,1-3-5-6-9,410,346,64,82,0.8257756563245824
g3-image,g3v,0.15,1.0,5,5,1-3-5-7-8,419,345,74,83,0.8146399055489966
g3-image,g3v,0.15,1.0,5,5,1-3-5-7-9,412,344,68,84,0.819047619047619
g3-image,g3v,0.15,1.0,5,5,1-3-5-8-9,413,344,69,84,0.8180737217598096
g3-image,g3v,0.15,1.0,5,5,1-3-6-7-8,419,347,72,81,0.8193624557260919
g3-image,g3v,0.15,1.0,5,5,1-3-6-7-9,411,346,65,82,0.8247914183551848
g3-image,g3v,0.15,1.0,5,5,1-3-6-8-9,413,344,69,84,0.8180737217598096
g3-image,g3v,0.15,1.0,5,5,1-3-7-8-9,414,344,70,84,0.8171021377672208
g3-image,g3v,0.15,1.0,5,5,1-4-5-6-7,419,354,65,74,0.8358913813459269
g3-image,g3v,0.15,1.0,5,5,1-4-5-6-8,417,348,69,80,0.8236686390532544
g3-image,g3v,0.15,1.0,5,5,1-4-5-6-9,414,351,63,77,0.833729216152019
g3-image,g3v,0.15,1.0,5,5,1-4-5-7-8,418,347,71,81,0.8203309692671394
g3-image,g3v,0.15,1.0,5,5,1-4-5-7-9,416,351,65,77,0.8317535545023697
g3-image,g3v,0.15,1.0,5,5,1-4-5-8-9,415,347,68,81,0.8232502965599051
g3-image,g3v,0.15,1.0,5,5,1-4-6-7-8,420,351,69,77,0.8278301886792453
g3-image,g3v,0.15,1.0,5,5,1-4-6-7-9,415,352,63,76,0.8351126927639383
g3-image,g3v,0.15,1.0,5,5,1-4-6-8-9,413,347,66,81,0.8252080856123662
g3-image,g3v,0.15,1.0,5,5,1-4-7-8-9,419,351,68,77,0.8288075560802833
g3-image,g3v,0.15,1.0,5,5,1-5-6-7-8,422,348,74,80,0.8188235294117648
g3-image,g3v,0.15,1.0,5,5,1-5-6-7-9,417,352,65,76,0.8331360946745563
g3-image,g3v,0.15,1.0,5,5,1-5-6-8-9,418,349,69,79,0.8250591016548463
g3-image,g3v,0.15,1.0,5,5,1-5-7-8-9,417,350,67,78,0.8284023668639054
g3-image,g3v,0.15,1.0,5,5,1-6-7-8-9,416,350,66,78,0.8293838862559241
g3-image,g3v,0.15,1.0,5,5,2-3-4-5-6,402,337,65,91,0.8120481927710843
g3-image,g3v,0.15,1.0,5,5,2-3-4-5-7,396,332,64,96,0.8058252427184466
g3-image,g3v,0.15,1.0,5,5,2-3-4-5-8,403,336,67,92,0.8086642599277978
g3-image,g3v,0.15,1.0,5,5,2-3-4-5-9,396,333,63,95,0.8082524271844661
g3-image,g3v,0.15,1.0,5,5,2-3-4-6-7,396,336,60,92,0.8155339805825242
g3-image,g3v,0.15,1.0,5,5,2-3-4-6-8,405,339,66,89,0.8139255702280912
g3-image,g3v,0.15,1.0,5,5,2-3-4-6-9,401,338,63,90,0.8154402895054282
g3-image,g3v,0.15,1.0,5,5,2-3-4-7-8,406,338,68,90,0.8105515587529977
g3-image,g3v,0.15,1.0,5,5,2-3-4-7-9,400,335,65,93,0.8091787439613527
g3-image,g3v,0.15,1.0,5,5,2-3-4-8-9,405,337,68,91,0.809123649459784
g3-image,g3v,0.15,1.0,5,5,2-3-5-6-7,398,333,65,95,0.8062953995157384
g3-image,g3v,0.15,1.0,5,5,2-3-5-6-8,402,336,66,92,0.8096385542168675
g3-image,g3v,0.15,1.0,5,5,2-3-5-6-9,395,334,61,94,0.8116646415552856
g3-image,g3v,0.15,1.0,5,5,2-3-5-7-8,401,334,67,94,0.8057901085645355
g3-image,g3v,0.15,1.0,5,5,2-3-5-7-9,396,332,64,96,0.8058252427184466
g3-image,g3v,0.15,1.0,5,5,2-3-5-8-9,397,332,65,96,0.8048484848484848
g3-image,g3v,0.15,1.0,5,5,2-3-6-7-8,402,339,63,89,0.816867469879518
g3-image,g3v,0.15,1.0,5,5,2-3-6-7-9,397,334,63,94,0.8096969696969697
g3-image,g3v,0.15,1.0,5,5,2-3-6-8-9,403,336,67,92,0.8086642599277978
g3-image,g3v,0.15,1.0,5,5,2-3-7-8-9,401,334,67,94,0.8057901085645355
g3-image,g3v,0.15,1.0,5,5,2-4-5-6-7,404,337,67,91,0.8100961538461537
g3-image,g3v,0.15,1.0,5,5,2-4-5-6-8,409,340,69,88,0.8124253285543608
g3-image,g3v,0.15,1.0,5,5,2-4-5-6-9,405,339,66,89,0.8139255702280912
g3-image,g3v,0.15,1.0,5,5,2-4-5-7-8,402,336,66,92,0.8096385542168675
g3-image,g3v,0.15,1.0,5,5,2-4-5-7-9,400,335,65,93,0.8091787439613527
g3-image,g3v,0.15,1.0,5,5,2-4-5-8-9,402,338,64,90,0.8144578313253013
g3-image,g3v,0.15,1.0,5,5,2-4-6-7-8,402,340,62,88,0.8192771084337348
g3-image,g3v,0.15,1.0,5,5,2-4-6-7-9,401,340,61,88,0.8202653799758746
g3-image,g3v,0.15,1.0,5,5,2-4-6-8-9,406,341,65,87,0.8177458033573142
g3-image,g3v,0.15,1.0,5,5,2-4-7-8-9,406,339,67,89,0.8129496402877698
g3-image,g3v,0.15,1.0,5,5,2-5-6-7-8,409,340,69,88,0.8124253285543608
g3-image,g3v,0.15,1.0,5,5,2-5-6-7-9,405,340,65,88,0.8163265306122449
g3-image,g3v,0.15,1.0,5,5,2-5-6-8-9,407,339,68,89,0.8119760479041915
g3-image,g3v,0.15,1.0,5,5,2-5-7-8-9,402,336,66,92,0.8096385542168675
g3-image,g3v,0.15,1.0,5,5,2-6-7-8-9,404,340,64,88,0.8173076923076922
g3-image,g3v,0.15,1.0,5,5,3-4-5-6-7,405,338,67,90,0.8115246098439376
g3-image,g3v,0.15,1.0,5,5,3-4-5-6-8,402,334,68,94,0.8048192771084338
g3-image,g3v,0.15,1.0,5,5,3-4-5-6-9,400,336,64,92,0.8115942028985507
g3-image,g3v,0.15,1.0,5,5,3-4-5-7-8,409,336,73,92,0.8028673835125448
g3-image,g3v,0.15,1.0,5,5,3-4-5-7-9,406,339,67,89,0.8129496402877698
g3-image,g3v,0.15,1.0,5,5,3-4-5-8-9,400,334,66,94,0.8067632850241546
g3-image,g3v,0.15,1.0,5,5,3-4-6-7-8,400,335,65,93,0.8091787439613527
g3-image,g3v,0.15,1.0,5,5,3-4-6-7-9,398,337,61,91,0.8159806295399515
g3-image,g3v,0.15,1.0,5,5,3-4-6-8-9,396,332,64,96,0.8058252427184466
g3-image,g3v,0.15,1.0,5,5,3-4-7-8-9,404,335,69,93,0.8052884615384616
g3-image,g3v,0.15,1.0,5,5,3-5-6-7-8,413,343,70,85,0.8156956004756242
g3-image,g3v,0.15,1.0,5,5,3-5-6-7-9,410,341,69,87,0.8138424821002386
g3-image,g3v,0.15,1.0,5,5,3-5-6-8-9,407,340,67,88,0.8143712574850299
g3-image,g3v,0.15,1.0,5,5,3-5-7-8-9,412,345,67,83,0.8214285714285715
g3-image,g3v,0.15,1.0,5,5,3-6-7-8-9,407,341,66,87,0.8167664670658682
g3-image,g3v,0.15,1.0,5,5,4-5-6-7-8,420,348,72,80,0.820754716981132
g3-image,g3v,0.15,1.0,5,5,4-5-6-7-9,421,348,73,80,0.8197879858657243
g3-image,g3v,0.15,1.0,5,5,4-5-6-8-9,421,349,72,79,0.8221436984687869
g3-image,g3v,0.15,1.0,5,5,4-5-7-8-9,418,347,71,81,0.8203309692671394
g3-image,g3v,0.15,1.0,5,5,4-6-7-8-9,417,348,69,80,0.8236686390532544
g3-image,g3v,0.15,1.0,5,5,5-6-7-8-9,411,345,66,83,0.8224076281287247
g3-image,g3v,0.15,1.0,6,6,0-1-2-3-4-5,413,349,64,79,0.8299643281807372
g3-image,g3v,0.15,1.0,6,6,0-1-2-3-4-6,412,348,64,80,0.8285714285714285
g3-image,g3v,0.15,1.0,6,6,0-1-2-3-4-7,415,347,68,81,0.8232502965599051
g3-image,g3v,0.15,1.0,6,6,0-1-2-3-4-8,412,351,61,77,0.8357142857142857
g3-image,g3v,0.15,1.0,6,6,0-1-2-3-4-9,416,352,64,76,0.8341232227488151
g3-image,g3v,0.15,1.0,6,6,0-1-2-3-5-6,412,349,63,79,0.830952380952381
g3-image,g3v,0.15,1.0,6,6,0-1-2-3-5-7,411,346,65,82,0.8247914183551848
g3-image,g3v,0.15,1.0,6,6,0-1-2-3-5-8,409,353,56,75,0.8434886499402628
g3-image,g3v,0.15,1.0,6,6,0-1-2-3-5-9,415,351,64,77,0.8327402135231318
g3-image,g3v,0.15,1.0,6,6,0-1-2-3-6-7,411,345,66,83,0.8224076281287247
g3-image,g3v,0.15,1.0,6,6,0-1-2-3-6-8,411,348,63,80,0.8295589988081049
g3-image,g3v,0.15,1.0,6,6,0-1-2-3-6-9,415,349,66,79,0.8279952550415184
g3-image,g3v,0.15,1.0,6,6,0-1-2-3-7-8,413,349,64,79,0.8299643281807372
g3-image,g3v,0.15,1.0,6,6,0-1-2-3-7-9,417,348,69,80,0.8236686390532544
g3-image,g3v,0.15,1.0,6,6,0-1-2-3-8-9,414,352,62,76,0.8361045130641331
g3-image,g3v,0.15,1.0,6,6,0-1-2-4-5-6,413,350,63,78,0.8323424494649226
g3-image,g3v,0.15,1.0,6,6,0-1-2-4-5-7,413,349,64,79,0.8299643281807372
g3-image,g3v,0.15,1.0,6,6,0-1-2-4-5-8,411,353,58,75,0.8414779499404051
g3-image,g3v,0.15,1.0,6,6,0-1-2-4-5-9,414,352,62,76,0.8361045130641331
g3-image,g3v,0.15,1.0,6,6,0-1-2-4-6-7,412,347,65,81,0.8261904761904763
g3-image,g3v,0.15,1.0,6,6,0-1-2-4-6-8,410,350,60,78,0.8353221957040573
g3-image,g3v,0.15,1.0,6,6,0-1-2-4-6-9,413,351,62,77,0.8347205707491081
g3-image,g3v,0.15,1.0,6,6,0-1-2-4-7-8,414,349,65,79,0.8289786223277908
g3-image,g3v,0.15,1.0,6,6,0-1-2-4-7-9,414,349,65,79,0.8289786223277908
g3-image,g3v,0.15,1.0,6,6,0-1-2-4-8-9,414,353,61,75,0.838479809976247
g3-image,g3v,0.15,1.0,6,6,0-1-2-5-6-7,410,346,64,82,0.8257756563245824
g3-image,g3v,0.15,1.0,6,6,0-1-2-5-6-8,412,352,60,76,0.8380952380952381
g3-image,g3v,0.15,1.0,6,6,0-1-2-5-6-9,414,353,61,75,0.838479809976247
g3-image,g3v,0.15,1.0,6,6,0-1-2-5-7-8,407,350,57,78,0.8383233532934131
g3-image,g3v,0.15,1.0,6,6,0-1-2-5-7-9,410,348,62,80,0.8305489260143198
g3-image,g3v,0.15,1.0,6,6,0-1-2-5-8-9,412,355,57,73,0.8452380952380951
g3-image,g3v,0.15,1.0,6,6,0-1-2-6-7-8,409,347,62,81,0.8291517323775388
g3-image,g3v,0.15,1.0,6,6,0-1-2-6-7-9,411,346,65,82,0.8247914183551848
g3-image,g3v,0.15,1.0,6,6,0-1-2-6-8-9,414,353,61,75,0.838479809976247
g3-image,g3v,0.15,1.0,6,6,0-1-2-7-8-9,413,349,64,79,0.8299643281807372
g3-image,g3v,0.15,1.0,6,6,0-1-3-4-5-6,412,350,62,78,0.8333333333333333
g3-image,g3v,0.15,1.0,6,6,0-1-3-4-5-7,413,347,66,81,0.8252080856123662
g3-image,g3v,0.15,1.0,6,6,0-1-3-4-5-8,408,352,56,76,0.8421052631578947
g3-image,g3v,0.15,1.0,6,6,0-1-3-4-5-9,414,351,63,77,0.833729216152019
g3-image,g3v,0.15,1.0,6,6,0-1-3-4-6-7,412,348,64,80,0.8285714285714285
g3-image,g3v,0.15,1.0,6,6,0-1-3-4-6-8,409,352,57,76,0.8410991636798087
g3-image,g3v,0.15,1.0,6,6,0-1-3-4-6-9,414,351,63,77,0.833729216152019
g3-image,g3v,0.15,1.0,6,6,0-1-3-4-7-8,414,350,64,78,0.8313539192399051
g3-image,g3v,0.15,1.0,6,6,0-1-3-4-7-9,417,349,68,79,0.8260355029585799
g3-image,g3v,0.15,1.0,6,6,0-1-3-4-8-9,413,353,60,75,0.8394768133174791
g3-image,g3v,0.15,1.0,6,6,0-1-3-5-6-7,411,346,65,82,0.8247914183551848
g3-image,g3v,0.15,1.0,6,6,0-1-3-5-6-8,408,348,60,80,0.832535885167464
g3-image,g3v,0.15,1.0,6,6,0-1-3-5-6-9,414,349,65,79,0.8289786223277908
g3-image,g3v,0.15,1.0,6,6,0-1-3-5-7-8,408,349,59,79,0.8349282296650717
g3-image,g3v,0.15,1.0,6,6,0-1-3-5-7-9,415,347,68,81,0.8232502965599051
g3-image,g3v,0.15,1.0,6,6,0-1-3-5-8-9,409,351,58,77,0.838709677419355
g3-image,g3v,0.15,1.0,6,6,0-1-3-6-7-8,410,348,62,80,0.8305489260143198
g3-image,g3v,0.15,1.0,6,6,0-1-3-6-7-9,415,348,67,80,0.8256227758007118
g3-image,g3v,0.15,1.0,6,6,0-1-3-6-8-9,413,350,63,78,0.8323424494649226
g3-image,g3v,0.15,1.0,6,6,0-1-3-7-8-9,416,351,65,77,0.8317535545023697
g3-image,g3v,0.15,1.0,6,6,0-1-4-5-6-7,411,348,63,80,0.8295589988081049
g3-image,g3v,0.15,1.0,6,6,0-1-4-5-6-8,408,353,55,75,0.8444976076555024
g3-image,g3v,0.15,1.0,6,6,0-1-4-5-6-9,411,352,59,76,0.8390941597139452
g3-image,g3v,0.15,1.0,6,6,0-1-4-5-7-8,410,349,61,79,0.8329355608591885
g3-image,g3v,0.15,1.0,6,6,0-1-4-5-7-9,414,349,65,79,0.8289786223277908
g3-image,g3v,0.15,1.0,6,6,0-1-4-5-8-9,411,354,57,74,0.8438617401668653
g3-image,g3v,0.15,1.0,6,6,0-1-4-6-7-8,411,351,60,77,0.836710369487485
g3-image,g3v,0.15,1.0,6,6,0-1-4-6-7-9,412,349,63,79,0.830952380952381
g3-image,g3v,0.15,1.0,6,6,0-1-4-6-8-9,412,354,58,74,0.8428571428571429
g3-image,g3v,0.15,1.0,6,6,0-1-4-7-8-9,415,352,63,76,0.8351126927639383
g3-image,g3v,0.15,1.0,6,6,0-1-5-6-7-8,409,347,62,81,0.8291517323775388
g3-image,g3v,0.15,1.0,6,6,0-1-5-6-7-9,411,347,64,81,0.8271752085816448
g3-image,g3v,0.15,1.0,6,6,0-1-5-6-8-9,412,354,58,74,0.8428571428571429
g3-image,g3v,0.15,1.0,6,6,0-1-5-7-8-9,410,351,59,77,0.837708830548926
g3-image,g3v,0.15,1.0,6,6,0-1-6-7-8-9,412,350,62,78,0.8333333333333333
g3-image,g3v,0.15,1.0,6,6,0-2-3-4-5-6,412,351,61,77,0.8357142857142857
g3-image,g3v,0.15,1.0,6,6,0-2-3-4-5-7,413,349,64,79,0.8299643281807372
g3-image,g3v,0.15,1.0,6,6,0-2-3-4-5-8,407,349,58,79,0.835928143712575
g3-image,g3v,0.15,1.0,6,6,0-2-3-4-5-9,414,353,61,75,0.838479809976247
g3-image,g3v,0.15,1.0,6,6,0-2-3-4-6-7,411,348,63,80,0.8295589988081049
g3-image,g3v,0.15,1.0,6,6,0-2-3-4-6-8,406,348,58,80,0.8345323741007193
g3-image,g3v,0.15,1.0,6,6,0-2-3-4-6-9,413,350,63,78,0.8323424494649226
g3-image,g3v,0.15,1.0,6,6,0-2-3-4-7-8,412,348,64,80,0.8285714285714285
g3-image,g3v,0.15,1.0,6,6,0-2-3-4-7-9,415,348,67,80,0.8256227758007118
g3-image,g3v,0.15,1.0,6,6,0-2-3-4-8-9,410,350,60,78,0.8353221957040573
g3-image,g3v,0.15,1.0,6,6,0-2-3-5-6-7,409,344,65,84,0.8219832735961767
g3-image,g3v,0.15,1.0,6,6,0-2-3-5-6-8,405,348,57,80,0.8355342136854743
g3-image,g3v,0.15,1.0,6,6,0-2-3-5-6-9,412,349,63,79,0.830952380952381
g3-image,g3v,0.15,1.0,6,6,0-2-3-5-7-8,406,347,59,81,0.8321342925659472
g3-image,g3v,0.15,1.0,6,6,0-2-3-5-7-9,413,349,64,79,0.8299643281807372
g3-image,g3v,0.15,1.0,6,6,0-2-3-5-8-9,406,351,55,77,0.841726618705036
g3-image,g3v,0.15,1.0,6,6,0-2-3-6-7-8,406,346,60,82,0.829736211031175
g3-image,g3v,0.15,1.0,6,6,0-2-3-6-7-9,413,347,66,81,0.8252080856123662
g3-image,g3v,0.15,1.0,6,6,0-2-3-6-8-9,409,349,60,79,0.8339307048984469
g3-image,g3v,0.15,1.0,6,6,0-2-3-7-8-9,412,349,63,79,0.830952380952381
g3-image,g3v,0.15,1.0,6,6,0-2-4-5-6-7,413,348,65,80,0.8275862068965518
g3-image,g3v,0.15,1.0,6,6,0-2-4-5-6-8,408,351,57,77,0.8397129186602871
g3-image,g3v,0.15,1.0,6,6,0-2-4-5-6-9,414,352,62,76,0.8361045130641331
g3-image,g3v,0.15,1.0,6,6,0-2-4-5-7-8,409,349,60,79,0.8339307048984469
g3-image,g3v,0.15,1.0,6,6,0-2-4-5-7-9,414,350,64,78,0.8313539192399051
g3-image,g3v,0.15,1.0,6,6,0-2-4-5-8-9,410,352,58,76,0.8400954653937946
g3-image,g3v,0.15,1.0,6,6,0-2-4-6-7-8,408,348,60,80,0.832535885167464
g3-image,g3v,0.15,1.0,6,6,0-2-4-6-7-9,413,349,64,79,0.8299643281807372
g3-image,g3v,0.15,1.0,6,6,0-2-4-6-8-9,410,352,58,76,0.8400954653937946
g3-image,g3v,0.15,1.0,6,6,0-2-4-7-8-9,412,350,62,78,0.8333333333333333
g3-image,g3v,0.15,1.0,6,6,0-2-5-6-7-8,406,348,58,80,0.8345323741007193
g3-image,g3v,0.15,1.0,6,6,0-2-5-6-7-9,411,350,61,78,0.834326579261025
g3-image,g3v,0.15,1.0,6,6,0-2-5-6-8-9,411,353,58,75,0.8414779499404051
g3-image,g3v,0.15,1.0,6,6,0-2-5-7-8-9,407,352,55,76,0.8431137724550898
g3-image,g3v,0.15,1.0,6,6,0-2-6-7-8-9,409,349,60,79,0.8339307048984469
g3-image,g3v,0.15,1.0,6,6,0-3-4-5-6-7,414,348,66,80,0.8266033254156769
g3-image,g3v,0.15,1.0,6,6,0-3-4-5-6-8,408,350,58,78,0.8373205741626795
g3-image,g3v,0.15,1.0,6,6,0-3-4-5-6-9,415,351,64,77,0.8327402135231318
g3-image,g3v,0.15,1.0,6,6,0-3-4-5-7-8,413,348,65,80,0.8275862068965518
g3-image,g3v,0.15,1.0,6,6,0-3-4-5-7-9,418,349,69,79,0.8250591016548463
g3-image,g3v,0.15,1.0,6,6,0-3-4-5-8-9,412,351,61,77,0.8357142857142857
g3-image,g3v,0.15,1.0,6,6,0-3-4-6-7-8,411,347,64,81,0.8271752085816448
g3-image,g3v,0.15,1.0,6,6,0-3-4-6-7-9,416,349,67,79,0.8270142180094786
g3-image,g3v,0.15,1.0,6,6,0-3-4-6-8-9,412,352,60,76,0.8380952380952381
g3-image,g3v,0.15,1.0,6,6,0-3-4-7-8-9,418,351,67,77,0.8297872340425531
g3-image,g3v,0.15,1.0,6,6,0-3-5-6-7-8,409,346,63,82,0.8267622461170848
g3-image,g3v,0.15,1.0,6,6,0-3-5-6-7-9,415,346,69,82,0.8208778173190984
g3-image,g3v,0.15,1.0,6,6,0-3-5-6-8-9,410,350,60,78,0.8353221957040573
g3-image,g3v,0.15,1.0,6,6,0-3-5-7-8-9,412,350,62,78,0.8333333333333333
g3-image,g3v,0.15,1.0,6,6,0-3-6-7-8-9,413,349,64,79,0.8299643281807372
g3-image,g3v,0.15,1.0,6,6,0-4-5-6-7-8,411,348,63,80,0.8295589988081049
g3-image,g3v,0.15,1.0,6,6,0-4-5-6-7-9,416,349,67,79,0.8270142180094786
g3-image,g3v,0.15,1.0,6,6,0-4-5-6-8-9,412,354,58,74,0.8428571428571429
g3-image,g3v,0.15,1.0,6,6,0-4-5-7-8-9,415,350,65,78,0.830367734282325
g3-image,g3v,0.15,1.0,6,6,0-4-6-7-8-9,414,352,62,76,0.8361045130641331
g3-image,g3v,0.15,1.0,6,6,0-5-6-7-8-9,412,352,60,76,0.8380952380952381
g3-image,g3v,0.15,1.0,6,6,1-2-3-4-5-6,401,344,57,84,0.8299155609167672
g3-image,g3v,0.15,1.0,6,6,1-2-3-4-5-7,403,342,61,86,0.8231046931407943
g3-image,g3v,0.15,1.0,6,6,1-2-3-4-5-8,402,340,62,88,0.8192771084337348
g3-image,g3v,0.15,1.0,6,6,1-2-3-4-5-9,396,339,57,89,0.8228155339805826
g3-image,g3v,0.15,1.0,6,6,1-2-3-4-6-7,407,346,61,82,0.8287425149700598
g3-image,g3v,0.15,1.0,6,6,1-2-3-4-6-8,407,344,63,84,0.8239520958083831
g3-image,g3v,0.15,1.0,6,6,1-2-3-4-6-9,399,342,57,86,0.8270858524788391
g3-image,g3v,0.15,1.0,6,6,1-2-3-4-7-8,410,344,66,84,0.8210023866348448
g3-image,g3v,0.15,1.0,6,6,1-2-3-4-7-9,404,342,62,86,0.8221153846153847
g3-image,g3v,0.15,1.0,6,6,1-2-3-4-8-9,403,342,61,86,0.8231046931407943
g3-image,g3v,0.15,1.0,6,6,1-2-3-5-6-7,408,347,61,81,0.8301435406698565
g3-image,g3v,0.15,1.0,6,6,1-2-3-5-6-8,409,345,64,83,0.8243727598566307
g3-image,g3v,0.15,1.0,6,6,1-2-3-5-6-9,401,343,58,85,0.8275030156815442
g3-image,g3v,0.15,1.0,6,6,1-2-3-5-7-8,407,343,64,85,0.8215568862275449
g3-image,g3v,0.15,1.0,6,6,1-2-3-5-7-9,403,341,62,87,0.8206979542719616
g3-image,g3v,0.15,1.0,6,6,1-2-3-5-8-9,403,340,63,88,0.8182912154031288
g3-image,g3v,0.15,1.0,6,6,1-2-3-6-7-8,410,346,64,82,0.8257756563245824
g3-image,g3v,0.15,1.0,6,6,1-2-3-6-7-9,403,343,60,85,0.825511432009627
g3-image,g3v,0.15,1.0,6,6,1-2-3-6-8-9,406,342,64,86,0.8201438848920864
g3-image,g3v,0.15,1.0,6,6,1-2-3-7-8-9,407,342,65,86,0.8191616766467065
g3-image,g3v,0.15,1.0,6,6,1-2-4-5-6-7,409,350,59,78,0.8363201911589009
g3-image,g3v,0.15,1.0,6,6,1-2-4-5-6-8,407,346,61,82,0.8287425149700598
g3-image,g3v,0.15,1.0,6,6,1-2-4-5-6-9,402,346,56,82,0.8337349397590361
g3-image,g3v,0.15,1.0,6,6,1-2-4-5-7-8,409,345,64,83,0.8243727598566307
g3-image,g3v,0.15,1.0,6,6,1-2-4-5-7-9,405,346,59,82,0.8307322929171668
g3-image,g3v,0.15,1.0,6,6,1-2-4-5-8-9,405,345,60,83,0.8283313325330133
g3-image,g3v,0.15,1.0,6,6,1-2-4-6-7-8,412,348,64,80,0.8285714285714285
g3-image,g3v,0.15,1.0,6,6,1-2-4-6-7-9,406,347,59,81,0.8321342925659472
g3-image,g3v,0.15,1.0,6,6,1-2-4-6-8-9,406,347,59,81,0.8321342925659472
g3-image,g3v,0.15,1.0,6,6,1-2-4-7-8-9,410,347,63,81,0.8281622911694511
g3-image,g3v,0.15,1.0,6,6,1-2-5-6-7-8,412,348,64,80,0.8285714285714285
g3-image,g3v,0.15,1.0,6,6,1-2-5-6-7-9,407,346,61,82,0.8287425149700598
g3-image,g3v,0.15,1.0,6,6,1-2-5-6-8-9,409,349,60,79,0.8339307048984469
g3-image,g3v,0.15,1.0,6,6,1-2-5-7-8-9,409,348,61,80,0.8315412186379928
g3-image,g3v,0.15,1.0,6,6,1-2-6-7-8-9,410,347,63,81,0.8281622911694511
g3-image,g3v,0.15,1.0,6,6,1-3-4-5-6-7,407,347,60,81,0.8311377245508982
g3-image,g3v,0.15,1.0,6,6,1-3-4-5-6-8,404,343,61,85,0.8245192307692306
g3-image,g3v,0.15,1.0,6,6,1-3-4-5-6-9,399,342,57,86,0.8270858524788391
g3-image,g3v,0.15,1.0,6,6,1-3-4-5-7-8,406,345,61,83,0.8273381294964028
g3-image,g3v,0.15,1.0,6,6,1-3-4-5-7-9,403,345,58,83,0.8303249097472925
g3-image,g3v,0.15,1.0,6,6,1-3-4-5-8-9,400,341,59,87,0.8236714975845411
g3-image,g3v,0.15,1.0,6,6,1-3-4-6-7-8,408,345,63,83,0.8253588516746412
g3-image,g3v,0.15,1.0,6,6,1-3-4-6-7-9,405,345,60,83,0.8283313325330133
g3-image,g3v,0.15,1.0,6,6,1-3-4-6-8-9,402,343,59,85,0.8265060240963855
g3-image,g3v,0.15,1.0,6,6,1-3-4-7-8-9,405,344,61,84,0.8259303721488596
g3-image,g3v,0.15,1.0,6,6,1-3-5-6-7-8,410,345,65,83,0.8233890214797136
g3-image,g3v,0.15,1.0,6,6,1-3-5-6-7-9,403,345,58,83,0.8303249097472925
g3-image,g3v,0.15,1.0,6,6,1-3-5-6-8-9,405,344,61,84,0.8259303721488596
g3-image,g3v,0.15,1.0,6,6,1-3-5-7-8-9,404,344,60,84,0.8269230769230769
g3-image,g3v,0.15,1.0,6,6,1-3-6-7-8-9,405,345,60,83,0.8283313325330133
g3-image,g3v,0.15,1.0,6,6,1-4-5-6-7-8,409,346,63,82,0.8267622461170848
g3-image,g3v,0.15,1.0,6,6,1-4-5-6-7-9,406,349,57,79,0.8369304556354916
g3-image,g3v,0.15,1.0,6,6,1-4-5-6-8-9,407,347,60,81,0.8311377245508982
g3-image,g3v,0.15,1.0,6,6,1-4-5-7-8-9,406,348,58,80,0.8345323741007193
g3-image,g3v,0.15,1.0,6,6,1-4-6-7-8-9,409,349,60,79,0.8339307048984469
g3-image,g3v,0.15,1.0,6,6,1-5-6-7-8-9,409,349,60,79,0.8339307048984469
g3-image,g3v,0.15,1.0,6,6,2-3-4-5-6-7,391,333,58,95,0.8131868131868132
g3-image,g3v,0.15,1.0,6,6,2-3-4-5-6-8,395,335,60,93,0.8140947752126367
g3-image,g3v,0.15,1.0,6,6,2-3-4-5-6-9,392,334,58,94,0.8146341463414634
g3-image,g3v,0.15,1.0,6,6,2-3-4-5-7-8,392,332,60,96,0.8097560975609756
g3-image,g3v,0.15,1.0,6,6,2-3-4-5-7-9,388,330,58,98,0.8088235294117647
g3-image,g3v,0.15,1.0,6,6,2-3-4-5-8-9,389,331,58,97,0.810281517747858
g3-image,g3v,0.15,1.0,6,6,2-3-4-6-7-8,394,335,59,93,0.8150851581508516
g3-image,g3v,0.15,1.0,6,6,2-3-4-6-7-9,392,335,57,93,0.8170731707317073
g3-image,g3v,0.15,1.0,6,6,2-3-4-6-8-9,395,336,59,92,0.8165249088699879
g3-image,g3v,0.15,1.0,6,6,2-3-4-7-8-9,395,334,61,94,0.8116646415552856
g3-image,g3v,0.15,1.0,6,6,2-3-5-6-7-8,393,334,59,94,0.8136419001218028
g3-image,g3v,0.15,1.0,6,6,2-3-5-6-7-9,387,330,57,98,0.8098159509202455
g3-image,g3v,0.15,1.0,6,6,2-3-5-6-8-9,393,333,60,95,0.8112058465286235
g3-image,g3v,0.15,1.0,6,6,2-3-5-7-8-9,390,331,59,97,0.8092909535452322
g3-image,g3v,0.15,1.0,6,6,2-3-6-7-8-9,393,334,59,94,0.8136419001218028
g3-image,g3v,0.15,1.0,6,6,2-4-5-6-7-8,395,335,60,93,0.8140947752126367
g3-image,g3v,0.15,1.0,6,6,2-4-5-6-7-9,396,336,60,92,0.8155339805825242
g3-image,g3v,0.15,1.0,6,6,2-4-5-6-8-9,395,336,59,92,0.8165249088699879
g3-image,g3v,0.15,1.0,6,6,2-4-5-7-8-9,390,333,57,95,0.8141809290953544
g3-image,g3v,0.15,1.0,6,6,2-4-6-7-8-9,395,338,57,90,0.8213851761846902
g3-image,g3v,0.15,1.0,6,6,2-5-6-7-8-9,395,336,59,92,0.8165249088699879
g3-image,g3v,0.15,1.0,6,6,3-4-5-6-7-8,397,335,62,93,0.8121212121212121
g3-image,g3v,0.15,1.0,6,6,3-4-5-6-7-9,396,337,59,91,0.8179611650485438
g3-image,g3v,0.15,1.0,6,6,3-4-5-6-8-9,392,332,60,96,0.8097560975609756
g3-image,g3v,0.15,1.0,6,6,3-4-5-7-8-9,397,336,61,92,0.8145454545454545
g3-image,g3v,0.15,1.0,6,6,3-4-6-7-8-9,390,331,59,97,0.8092909535452322
g3-image,g3v,0.15,1.0,6,6,3-5-6-7-8-9,400,337,63,91,0.8140096618357487
g3-image,g3v,0.15,1.0,6,6,4-5-6-7-8-9,413,347,66,81,0.8252080856123662
g3-image,g3v,0.15,1.0,7,7,0-1-2-3-4-5-6,405,348,57,80,0.8355342136854743
g3-image,g3v,0.15,1.0,7,7,0-1-2-3-4-5-7,405,345,60,83,0.8283313325330133
g3-image,g3v,0.15,1.0,7,7,0-1-2-3-4-5-8,401,350,51,78,0.8443908323281062
g3-image,g3v,0.15,1.0,7,7,0-1-2-3-4-5-9,406,349,57,79,0.8369304556354916
g3-image,g3v,0.15,1.0,7,7,0-1-2-3-4-6-7,405,344,61,84,0.8259303721488596
g3-image,g3v,0.15,1.0,7,7,0-1-2-3-4-6-8,402,347,55,81,0.8361445783132531
g3-image,g3v,0.15,1.0,7,7,0-1-2-3-4-6-9,407,348,59,80,0.8335329341317365
g3-image,g3v,0.15,1.0,7,7,0-1-2-3-4-7-8,406,347,59,81,0.8321342925659472
g3-image,g3v,0.15,1.0,7,7,0-1-2-3-4-7-9,408,346,62,82,0.8277511961722488
g3-image,g3v,0.15,1.0,7,7,0-1-2-3-4-8-9,405,350,55,78,0.8403361344537814
g3-image,g3v,0.15,1.0,7,7,0-1-2-3-5-6-7,403,343,60,85,0.825511432009627
g3-image,g3v,0.15,1.0,7,7,0-1-2-3-5-6-8,401,347,54,81,0.8371531966224367
g3-image,g3v,0.15,1.0,7,7,0-1-2-3-5-6-9,406,348,58,80,0.8345323741007193
g3-image,g3v,0.15,1.0,7,7,0-1-2-3-5-7-8,400,346,54,82,0.8357487922705314
g3-image,g3v,0.15,1.0,7,7,0-1-2-3-5-7-9,405,346,59,82,0.8307322929171668
g3-image,g3v,0.15,1.0,7,7,0-1-2-3-5-8-9,401,350,51,78,0.8443908323281062
g3-image,g3v,0.15,1.0,7,7,0-1-2-3-6-7-8,402,345,57,83,0.8313253012048194
g3-image,g3v,0.15,1.0,7,7,0-1-2-3-6-7-9,406,344,62,84,0.8249400479616307
g3-image,g3v,0.15,1.0,7,7,0-1-2-3-6-8-9,405,347,58,81,0.8331332533013205
g3-image,g3v,0.15,1.0,7,7,0-1-2-3-7-8-9,407,347,60,81,0.8311377245508982
g3-image,g3v,0.15,1.0,7,7,0-1-2-4-5-6-7,405,345,60,83,0.8283313325330133
g3-image,g3v,0.15,1.0,7,7,0-1-2-4-5-6-8,402,349,53,79,0.8409638554216867
g3-image,g3v,0.15,1.0,7,7,0-1-2-4-5-6-9,405,350,55,78,0.8403361344537814
g3-image,g3v,0.15,1.0,7,7,0-1-2-4-5-7-8,402,348,54,80,0.8385542168674699
g3-image,g3v,0.15,1.0,7,7,0-1-2-4-5-7-9,404,347,57,81,0.8341346153846153
g3-image,g3v,0.15,1.0,7,7,0-1-2-4-5-8-9,403,351,52,77,0.8447653429602888
g3-image,g3v,0.15,1.0,7,7,0-1-2-4-6-7-8,403,346,57,82,0.8327316486161251
g3-image,g3v,0.15,1.0,7,7,0-1-2-4-6-7-9,405,346,59,82,0.8307322929171668
g3-image,g3v,0.15,1.0,7,7,0-1-2-4-6-8-9,404,350,54,78,0.8413461538461537
g3-image,g3v,0.15,1.0,7,7,0-1-2-4-7-8-9,406,348,58,80,0.8345323741007193
g3-image,g3v,0.15,1.0,7,7,0-1-2-5-6-7-8,400,345,55,83,0.8333333333333334
g3-image,g3v,0.15,1.0,7,7,0-1-2-5-6-7-9,402,345,57,83,0.8313253012048194
g3-image,g3v,0.15,1.0,7,7,0-1-2-5-6-8-9,404,351,53,77,0.8437500000000001
g3-image,g3v,0.15,1.0,7,7,0-1-2-5-7-8-9,400,349,51,79,0.8429951690821257
g3-image,g3v,0.15,1.0,7,7,0-1-2-6-7-8-9,403,345,58,83,0.8303249097472925
g3-image,g3v,0.15,1.0,7,7,0-1-3-4-5-6-7,405,346,59,82,0.8307322929171668
g3-image,g3v,0.15,1.0,7,7,0-1-3-4-5-6-8,401,348,53,80,0.8395657418576598
g3-image,g3v,0.15,1.0,7,7,0-1-3-4-5-6-9,406,349,57,79,0.8369304556354916
g3-image,g3v,0.15,1.0,7,7,0-1-3-4-5-7-8,403,348,55,80,0.8375451263537905
g3-image,g3v,0.15,1.0,7,7,0-1-3-4-5-7-9,407,346,61,82,0.8287425149700598
g3-image,g3v,0.15,1.0,7,7,0-1-3-4-5-8-9,402,350,52,78,0.8433734939759036
g3-image,g3v,0.15,1.0,7,7,0-1-3-4-6-7-8,404,346,58,82,0.8317307692307692
g3-image,g3v,0.15,1.0,7,7,0-1-3-4-6-7-9,407,347,60,81,0.8311377245508982
g3-image,g3v,0.15,1.0,7,7,0-1-3-4-6-8-9,405,350,55,78,0.8403361344537814
g3-image,g3v,0.15,1.0,7,7,0-1-3-4-7-8-9,408,349,59,79,0.8349282296650717
g3-image,g3v,0.15,1.0,7,7,0-1-3-5-6-7-8,401,344,57,84,0.8299155609167672
g3-image,g3v,0.15,1.0,7,7,0-1-3-5-6-7-9,406,344,62,84,0.8249400479616307
g3-image,g3v,0.15,1.0,7,7,0-1-3-5-6-8-9,403,347,56,81,0.8351383874849578
g3-image,g3v,0.15,1.0,7,7,0-1-3-5-7-8-9,403,347,56,81,0.8351383874849578
g3-image,g3v,0.15,1.0,7,7,0-1-3-6-7-8-9,406,347,59,81,0.8321342925659472
g3-image,g3v,0.15,1.0,7,7,0-1-4-5-6-7-8,402,346,56,82,0.8337349397590361
g3-image,g3v,0.15,1.0,7,7,0-1-4-5-6-7-9,404,346,58,82,0.8317307692307692
g3-image,g3v,0.15,1.0,7,7,0-1-4-5-6-8-9,402,351,51,77,0.8457831325301205
g3-image,g3v,0.15,1.0,7,7,0-1-4-5-7-8-9,404,350,54,78,0.8413461538461537
g3-image,g3v,0.15,1.0,7,7,0-1-4-6-7-8-9,405,349,56,79,0.8379351740696278
g3-image,g3v,0.15,1.0,7,7,0-1-5-6-7-8-9,402,346,56,82,0.8337349397590361
g3-image,g3v,0.15,1.0,7,7,0-2-3-4-5-6-7,405,346,59,82,0.8307322929171668
g3-image,g3v,0.15,1.0,7,7,0-2-3-4-5-6-8,399,347,52,81,0.8391777509068924
g3-image,g3v,0.15,1.0,7,7,0-2-3-4-5-6-9,406,348,58,80,0.8345323741007193
g3-image,g3v,0.15,1.0,7,7,0-2-3-4-5-7-8,402,346,56,82,0.8337349397590361
g3-image,g3v,0.15,1.0,7,7,0-2-3-4-5-7-9,406,347,59,81,0.8321342925659472
g3-image,g3v,0.15,1.0,7,7,0-2-3-4-5-8-9,400,348,52,80,0.8405797101449274
g3-image,g3v,0.15,1.0,7,7,0-2-3-4-6-7-8,401,345,56,83,0.8323281061519904
g3-image,g3v,0.15,1.0,7,7,0-2-3-4-6-7-9,406,346,60,82,0.829736211031175
g3-image,g3v,0.15,1.0,7,7,0-2-3-4-6-8-9,402,349,53,79,0.8409638554216867
g3-image,g3v,0.15,1.0,7,7,0-2-3-4-7-8-9,405,346,59,82,0.8307322929171668
g3-image,g3v,0.15,1.0,7,7,0-2-3-5-6-7-8,398,343,55,85,0.8305084745762712
g3-image,g3v,0.15,1.0,7,7,0-2-3-5-6-7-9,404,344,60,84,0.8269230769230769
g3-image,g3v,0.15,1.0,7,7,0-2-3-5-6-8-9,400,347,53,81,0.8381642512077294
g3-image,g3v,0.15,1.0,7,7,0-2-3-5-7-8-9,400,347,53,81,0.8381642512077294
g3-image,g3v,0.15,1.0,7,7,0-2-3-6-7-8-9,402,345,57,83,0.8313253012048194
g3-image,g3v,0.15,1.0,7,7,0-2-4-5-6-7-8,401,347,54,81,0.8371531966224367
g3-image,g3v,0.15,1.0,7,7,0-2-4-5-6-7-9,406,347,59,81,0.8321342925659472
g3-image,g3v,0.15,1.0,7,7,0-2-4-5-6-8-9,402,350,52,78,0.8433734939759036
g3-image,g3v,0.15,1.0,7,7,0-2-4-5-7-8-9,402,348,54,80,0.8385542168674699
g3-image,g3v,0.15,1.0,7,7,0-2-4-6-7-8-9,403,347,56,81,0.8351383874849578
g3-image,g3v,0.15,1.0,7,7,0-2-5-6-7-8-9,400,348,52,80,0.8405797101449274
g3-image,g3v,0.15,1.0,7,7,0-3-4-5-6-7-8,404,345,59,83,0.8293269230769232
g3-image,g3v,0.15,1.0,7,7,0-3-4-5-6-7-9,409,346,63,82,0.8267622461170848
g3-image,g3v,0.15,1.0,7,7,0-3-4-5-6-8-9,404,350,54,78,0.8413461538461537
g3-image,g3v,0.15,1.0,7,7,0-3-4-5-7-8-9,407,349,58,79,0.835928143712575
g3-image,g3v,0.15,1.0,7,7,0-3-4-6-7-8-9,407,348,59,80,0.8335329341317365
g3-image,g3v,0.15,1.0,7,7,0-3-5-6-7-8-9,404,345,59,83,0.8293269230769232
g3-image,g3v,0.15,1.0,7,7,0-4-5-6-7-8-9,406,350,56,78,0.8393285371702637
g3-image,g3v,0.15,1.0,7,7,1-2-3-4-5-6-7,399,344,55,84,0.8319226118500606
g3-image,g3v,0.15,1.0,7,7,1-2-3-4-5-6-8,396,341,55,87,0.8276699029126213
g3-image,g3v,0.15,1.0,7,7,1-2-3-4-5-6-9,393,341,52,87,0.830694275274056
g3-image,g3v,0.15,1.0,7,7,1-2-3-4-5-7-8,398,340,58,88,0.8232445520581113
g3-image,g3v,0.15,1.0,7,7,1-2-3-4-5-7-9,394,340,54,88,0.8272506082725062
g3-image,g3v,0.15,1.0,7,7,1-2-3-4-5-8-9,393,339,54,89,0.8258221680876979
g3-image,g3v,0.15,1.0,7,7,1-2-3-4-6-7-8,402,344,58,84,0.8289156626506025
g3-image,g3v,0.15,1.0,7,7,1-2-3-4-6-7-9,397,342,55,86,0.8290909090909091
g3-image,g3v,0.15,1.0,7,7,1-2-3-4-6-8-9,396,340,56,88,0.8252427184466019
g3-image,g3v,0.15,1.0,7,7,1-2-3-4-7-8-9,399,342,57,86,0.8270858524788391
g3-image,g3v,0.15,1.0,7,7,1-2-3-5-6-7-8,400,342,58,86,0.8260869565217392
g3-image,g3v,0.15,1.0,7,7,1-2-3-5-6-7-9,396,342,54,86,0.8300970873786407
g3-image,g3v,0.15,1.0,7,7,1-2-3-5-6-8-9,399,343,56,85,0.8295042321644498
g3-image,g3v,0.15,1.0,7,7,1-2-3-5-7-8-9,398,340,58,88,0.8232445520581113
g3-image,g3v,0.15,1.0,7,7,1-2-3-6-7-8-9,400,342,58,86,0.8260869565217392
g3-image,g3v,0.15,1.0,7,7,1-2-4-5-6-7-8,402,345,57,83,0.8313253012048194
g3-image,g3v,0.15,1.0,7,7,1-2-4-5-6-7-9,398,346,52,82,0.8377723970944311
g3-image,g3v,0.15,1.0,7,7,1-2-4-5-6-8-9,397,345,52,83,0.8363636363636363
g3-image,g3v,0.15,1.0,7,7,1-2-4-5-7-8-9,399,344,55,84,0.8319226118500606
g3-image,g3v,0.15,1.0,7,7,1-2-4-6-7-8-9,401,346,55,82,0.8347406513872135
g3-image,g3v,0.15,1.0,7,7,1-2-5-6-7-8-9,401,347,54,81,0.8371531966224367
g3-image,g3v,0.15,1.0,7,7,1-3-4-5-6-7-8,401,344,57,84,0.8299155609167672
g3-image,g3v,0.15,1.0,7,7,1-3-4-5-6-7-9,396,342,54,86,0.8300970873786407
g3-image,g3v,0.15,1.0,7,7,1-3-4-5-6-8-9,395,342,53,86,0.8311057108140947
g3-image,g3v,0.15,1.0,7,7,1-3-4-5-7-8-9,394,342,52,86,0.832116788321168
g3-image,g3v,0.15,1.0,7,7,1-3-4-6-7-8-9,398,344,54,84,0.8329297820823244
g3-image,g3v,0.15,1.0,7,7,1-3-5-6-7-8-9,399,345,54,83,0.8343409915356711
g3-image,g3v,0.15,1.0,7,7,1-4-5-6-7-8-9,400,347,53,81,0.8381642512077294
g3-image,g3v,0.15,1.0,7,7,2-3-4-5-6-7-8,386,330,56,98,0.8108108108108109
g3-image,g3v,0.15,1.0,7,7,2-3-4-5-6-7-9,384,330,54,98,0.812807881773399
g3-image,g3v,0.15,1.0,7,7,2-3-4-5-6-8-9,388,333,55,95,0.8161764705882353
g3-image,g3v,0.15,1.0,7,7,2-3-4-5-7-8-9,384,330,54,98,0.812807881773399
g3-image,g3v,0.15,1.0,7,7,2-3-4-6-7-8-9,387,334,53,94,0.8196319018404908
g3-image,g3v,0.15,1.0,7,7,2-3-5-6-7-8-9,385,329,56,99,0.8093480934809347
g3-image,g3v,0.15,1.0,7,7,2-4-5-6-7-8-9,387,334,53,94,0.8196319018404908
g3-image,g3v,0.15,1.0,7,7,3-4-5-6-7-8-9,389,333,56,95,0.8151774785801714
g3-image,g3v,0.15,1.0,8,8,0-1-2-3-4-5-6-7,399,343,56,85,0.8295042321644498
g3-image,g3v,0.15,1.0,8,8,0-1-2-3-4-5-6-8,395,346,49,82,0.8408262454434994
g3-image,g3v,0.15,1.0,8,8,0-1-2-3-4-5-6-9,400,347,53,81,0.8381642512077294
g3-image,g3v,0.15,1.0,8,8,0-1-2-3-4-5-7-8,396,345,51,83,0.837378640776699
g3-image,g3v,0.15,1.0,8,8,0-1-2-3-4-5-7-9,399,345,54,83,0.8343409915356711
g3-image,g3v,0.15,1.0,8,8,0-1-2-3-4-5-8-9,395,347,48,81,0.8432563791008506
g3-image,g3v,0.15,1.0,8,8,0-1-2-3-4-6-7-8,397,343,54,85,0.8315151515151514
g3-image,g3v,0.15,1.0,8,8,0-1-2-3-4-6-7-9,400,343,57,85,0.8285024154589372
g3-image,g3v,0.15,1.0,8,8,0-1-2-3-4-6-8-9,398,347,51,81,0.8401937046004843
g3-image,g3v,0.15,1.0,8,8,0-1-2-3-4-7-8-9,400,347,53,81,0.8381642512077294
g3-image,g3v,0.15,1.0,8,8,0-1-2-3-5-6-7-8,394,342,52,86,0.832116788321168
g3-image,g3v,0.15,1.0,8,8,0-1-2-3-5-6-7-9,398,342,56,86,0.8280871670702179
g3-image,g3v,0.15,1.0,8,8,0-1-2-3-5-6-8-9,396,346,50,82,0.8398058252427183
g3-image,g3v,0.15,1.0,8,8,0-1-2-3-5-7-8-9,395,346,49,82,0.8408262454434994
g3-image,g3v,0.15,1.0,8,8,0-1-2-3-6-7-8-9,398,344,54,84,0.8329297820823244
g3-image,g3v,0.15,1.0,8,8,0-1-2-4-5-6-7-8,396,344,52,84,0.8349514563106796
g3-image,g3v,0.15,1.0,8,8,0-1-2-4-5-6-7-9,398,344,54,84,0.8329297820823244
g3-image,g3v,0.15,1.0,8,8,0-1-2-4-5-6-8-9,396,349,47,79,0.8470873786407767
g3-image,g3v,0.15,1.0,8,8,0-1-2-4-5-7-8-9,396,347,49,81,0.8422330097087378
g3-image,g3v,0.15,1.0,8,8,0-1-2-4-6-7-8-9,398,346,52,82,0.8377723970944311
g3-image,g3v,0.15,1.0,8,8,0-1-2-5-6-7-8-9,394,344,50,84,0.8369829683698298
g3-image,g3v,0.15,1.0,8,8,0-1-3-4-5-6-7-8,397,344,53,84,0.833939393939394
g3-image,g3v,0.15,1.0,8,8,0-1-3-4-5-6-7-9,400,345,55,83,0.8333333333333334
g3-image,g3v,0.15,1.0,8,8,0-1-3-4-5-6-8-9,397,348,49,80,0.8436363636363637
g3-image,g3v,0.15,1.0,8,8,0-1-3-4-5-7-8-9,398,346,52,82,0.8377723970944311
g3-image,g3v,0.15,1.0,8,8,0-1-3-4-6-7-8-9,400,346,54,82,0.8357487922705314
g3-image,g3v,0.15,1.0,8,8,0-1-3-5-6-7-8-9,397,343,54,85,0.8315151515151514
g3-image,g3v,0.15,1.0,8,8,0-1-4-5-6-7-8-9,397,346,51,82,0.8387878787878789
g3-image,g3v,0.15,1.0,8,8,0-2-3-4-5-6-7-8,395,343,52,85,0.8335358444714459
g3-image,g3v,0.15,1.0,8,8,0-2-3-4-5-6-7-9,400,344,56,84,0.8309178743961353
g3-image,g3v,0.15,1.0,8,8,0-2-3-4-5-6-8-9,395,346,49,82,0.8408262454434994
g3-image,g3v,0.15,1.0,8,8,0-2-3-4-5-7-8-9,396,345,51,83,0.837378640776699
g3-image,g3v,0.15,1.0,8,8,0-2-3-4-6-7-8-9,397,345,52,83,0.8363636363636363
g3-image,g3v,0.15,1.0,8,8,0-2-3-5-6-7-8-9,394,343,51,85,0.8345498783454988
g3-image,g3v,0.15,1.0,8,8,0-2-4-5-6-7-8-9,396,346,50,82,0.8398058252427183
g3-image,g3v,0.15,1.0,8,8,0-3-4-5-6-7-8-9,400,346,54,82,0.8357487922705314
g3-image,g3v,0.15,1.0,8,8,1-2-3-4-5-6-7-8,394,341,53,87,0.8296836982968371
g3-image,g3v,0.15,1.0,8,8,1-2-3-4-5-6-7-9,390,340,50,88,0.8312958435207825
g3-image,g3v,0.15,1.0,8,8,1-2-3-4-5-6-8-9,390,341,49,87,0.8337408312958434
g3-image,g3v,0.15,1.0,8,8,1-2-3-4-5-7-8-9,391,340,51,88,0.8302808302808302
g3-image,g3v,0.15,1.0,8,8,1-2-3-4-6-7-8-9,393,341,52,87,0.830694275274056
g3-image,g3v,0.15,1.0,8,8,1-2-3-5-6-7-8-9,393,342,51,86,0.8331303288672351
g3-image,g3v,0.15,1.0,8,8,1-2-4-5-6-7-8-9,393,344,49,84,0.8380024360535931
g3-image,g3v,0.15,1.0,8,8,1-3-4-5-6-7-8-9,392,343,49,85,0.8365853658536585
g3-image,g3v,0.15,1.0,8,8,2-3-4-5-6-7-8-9,382,330,52,98,0.8148148148148148
g3-image,g3v,0.15,1.0,9,9,0-1-2-3-4-5-6-7-8,391,342,49,86,0.8351648351648351
g3-image,g3v,0.15,1.0,9,9,0-1-2-3-4-5-6-7-9,394,342,52,86,0.832116788321168
g3-image,g3v,0.15,1.0,9,9,0-1-2-3-4-5-6-8-9,391,346,45,82,0.8449328449328449
g3-image,g3v,0.15,1.0,9,9,0-1-2-3-4-5-7-8-9,391,345,46,83,0.8424908424908425
g3-image,g3v,0.15,1.0,9,9,0-1-2-3-4-6-7-8-9,393,344,49,84,0.8380024360535931
g3-image,g3v,0.15,1.0,9,9,0-1-2-3-5-6-7-8-9,390,341,49,87,0.8337408312958434
g3-image,g3v,0.15,1.0,9,9,0-1-2-4-5-6-7-8-9,391,345,46,83,0.8424908424908425
g3-image,g3v,0.15,1.0,9,9,0-1-3-4-5-6-7-8-9,393,344,49,84,0.8380024360535931
g3-image,g3v,0.15,1.0,9,9,0-2-3-4-5-6-7-8-9,391,344,47,84,0.8400488400488401
g3-image,g3v,0.15,1.0,9,9,1-2-3-4-5-6-7-8-9,387,340,47,88,0.8343558282208589
g3-image,g3v,0.15,1.0,10,10,0-1-2-3-4-5-6-7-8-9,387,342,45,86,0.8392638036809815
g3-image-temp1,g3v,0.15,1.0,1,1,0,646,361,285,67,0.6722532588454376
g3-image-temp1,g3v,0.15,1.0,1,1,1,598,342,256,86,0.6666666666666666
g3-image-temp1,g3v,0.15,1.0,1,1,2,597,338,259,90,0.6595121951219513
g3-image-temp1,g3v,0.15,1.0,1,1,3,568,331,237,97,0.6646586345381525
g3-image-temp1,g3v,0.15,1.0,1,1,4,582,339,243,89,0.6712871287128713
g3-image-temp1,g3v,0.15,1.0,2,2,0-1,487,355,132,73,0.7759562841530054
g3-image-temp1,g3v,0.15,1.0,2,2,0-2,509,361,148,67,0.7705442902881536
g3-image-temp1,g3v,0.15,1.0,2,2,0-3,486,357,129,71,0.7811816192560175
g3-image-temp1,g3v,0.15,1.0,2,2,0-4,492,365,127,63,0.7934782608695652
g3-image-temp1,g3v,0.15,1.0,2,2,1-2,485,352,133,76,0.7710843373493975
g3-image-temp1,g3v,0.15,1.0,2,2,1-3,459,340,119,88,0.7666290868094702
g3-image-temp1,g3v,0.15,1.0,2,2,1-4,465,346,119,82,0.77491601343785
g3-image-temp1,g3v,0.15,1.0,2,2,2-3,474,351,123,77,0.778270509977827
g3-image-temp1,g3v,0.15,1.0,2,2,2-4,474,351,123,77,0.778270509977827
g3-image-temp1,g3v,0.15,1.0,2,2,3-4,459,340,119,88,0.7666290868094702
g3-image-temp1,g3v,0.15,1.0,3,3,0-1-2,441,354,87,74,0.8147295742232452
g3-image-temp1,g3v,0.15,1.0,3,3,0-1-3,433,346,87,82,0.8037166085946574
g3-image-temp1,g3v,0.15,1.0,3,3,0-1-4,437,351,86,77,0.8115606936416185
g3-image-temp1,g3v,0.15,1.0,3,3,0-2-3,441,345,96,83,0.7940161104718066
g3-image-temp1,g3v,0.15,1.0,3,3,0-2-4,446,352,94,76,0.8054919908466819
g3-image-temp1,g3v,0.15,1.0,3,3,0-3-4,440,352,88,76,0.8110599078341014
g3-image-temp1,g3v,0.15,1.0,3,3,1-2-3,427,341,86,87,0.7976608187134504
g3-image-temp1,g3v,0.15,1.0,3,3,1-2-4,425,340,85,88,0.7971864009378664
g3-image-temp1,g3v,0.15,1.0,3,3,1-3-4,418,336,82,92,0.7943262411347518
g3-image-temp1,g3v,0.15,1.0,3,3,2-3-4,435,348,87,80,0.8064889918887601
g3-image-temp1,g3v,0.15,1.0,4,4,0-1-2-3,412,341,71,87,0.8119047619047619
g3-image-temp1,g3v,0.15,1.0,4,4,0-1-2-4,416,347,69,81,0.8222748815165877
g3-image-temp1,g3v,0.15,1.0,4,4,0-1-3-4,410,341,69,87,0.8138424821002386
g3-image-temp1,g3v,0.15,1.0,4,4,0-2-3-4,417,345,72,83,0.8165680473372782
g3-image-temp1,g3v,0.15,1.0,4,4,1-2-3-4,404,337,67,91,0.8100961538461537
g3-image-temp1,g3v,0.15,1.0,5,5,0-1-2-3-4,397,340,57,88,0.8242424242424242
g3-text,g3v,0.15,1.0,1,1,0,468,369,99,59,0.8236607142857144
g3-text,g3v,0.15,1.0,1,1,1,445,374,71,54,0.856815578465063
g3-text,g3v,0.15,1.0,1,1,2,460,373,87,55,0.8400900900900901
g3-text,g3v,0.15,1.0,1,1,3,445,371,74,57,0.8499427262313861
g3-text,g3v,0.15,1.0,1,1,4,451,376,75,52,0.8555176336746303
g3-text,g3v,0.15,1.0,1,1,5,453,373,80,55,0.8467650397275822
g3-text,g3v,0.15,1.0,1,1,6,459,379,80,49,0.8545659526493798
g3-text,g3v,0.15,1.0,1,1,7,445,374,71,54,0.856815578465063
g3-text,g3v,0.15,1.0,1,1,8,452,374,78,54,0.85
g3-text,g3v,0.15,1.0,1,1,9,448,373,75,55,0.8515981735159817
g3-text,g3v,0.15,1.0,2,2,0-1,424,371,53,57,0.8708920187793427
g3-text,g3v,0.15,1.0,2,2,0-2,438,369,69,59,0.8521939953810624
g3-text,g3v,0.15,1.0,2,2,0-3,425,371,54,57,0.8698710433763188
g3-text,g3v,0.15,1.0,2,2,0-4,429,370,59,58,0.8634772462077014
g3-text,g3v,0.15,1.0,2,2,0-5,436,369,67,59,0.8541666666666667
g3-text,g3v,0.15,1.0,2,2,0-6,427,371,56,57,0.8678362573099415
g3-text,g3v,0.15,1.0,2,2,0-7,429,369,60,59,0.8611435239206535
g3-text,g3v,0.15,1.0,2,2,0-8,430,369,61,59,0.8601398601398602
g3-text,g3v,0.15,1.0,2,2,0-9,420,370,50,58,0.8726415094339623
g3-text,g3v,0.15,1.0,2,2,1-2,424,373,51,55,0.875586854460094
g3-text,g3v,0.15,1.0,2,2,1-3,415,373,42,55,0.8849347568208777
g3-text,g3v,0.15,1.0,2,2,1-4,423,376,47,52,0.8836662749706228
g3-text,g3v,0.15,1.0,2,2,1-5,418,371,47,57,0.8770685579196217
g3-text,g3v,0.15,1.0,2,2,1-6,422,374,48,54,0.88
g3-text,g3v,0.15,1.0,2,2,1-7,420,373,47,55,0.8797169811320754
g3-text,g3v,0.15,1.0,2,2,1-8,430,374,56,54,0.8717948717948718
g3-text,g3v,0.15,1.0,2,2,1-9,419,374,45,54,0.8831168831168831
g3-text,g3v,0.15,1.0,2,2,2-3,418,369,49,59,0.8723404255319149
g3-text,g3v,0.15,1.0,2,2,2-4,422,370,52,58,0.8705882352941177
g3-text,g3v,0.15,1.0,2,2,2-5,429,373,56,55,0.8704784130688448
g3-text,g3v,0.15,1.0,2,2,2-6,425,370,55,58,0.8675263774912075
g3-text,g3v,0.15,1.0,2,2,2-7,423,368,55,60,0.8648648648648648
g3-text,g3v,0.15,1.0,2,2,2-8,425,373,52,55,0.8745603751465417
g3-text,g3v,0.15,1.0,2,2,2-9,422,373,49,55,0.8776470588235294
g3-text,g3v,0.15,1.0,2,2,3-4,420,374,46,54,0.8820754716981133
g3-text,g3v,0.15,1.0,2,2,3-5,422,370,52,58,0.8705882352941177
g3-text,g3v,0.15,1.0,2,2,3-6,420,372,48,56,0.8773584905660377
g3-text,g3v,0.15,1.0,2,2,3-7,421,373,48,55,0.878680800942285
g3-text,g3v,0.15,1.0,2,2,3-8,422,373,49,55,0.8776470588235294
g3-text,g3v,0.15,1.0,2,2,3-9,414,371,43,57,0.8812351543942993
g3-text,g3v,0.15,1.0,2,2,4-5,424,372,52,56,0.8732394366197183
g3-text,g3v,0.15,1.0,2,2,4-6,421,376,45,52,0.8857479387514723
g3-text,g3v,0.15,1.0,2,2,4-7,423,374,49,54,0.8789659224441833
g3-text,g3v,0.15,1.0,2,2,4-8,427,377,50,51,0.8818713450292397
g3-text,g3v,0.15,1.0,2,2,4-9,424,376,48,52,0.8826291079812206
g3-text,g3v,0.15,1.0,2,2,5-6,426,373,53,55,0.8735362997658079
g3-text,g3v,0.15,1.0,2,2,5-7,422,371,51,57,0.8729411764705882
g3-text,g3v,0.15,1.0,2,2,5-8,427,373,54,55,0.8725146198830409
g3-text,g3v,0.15,1.0,2,2,5-9,419,372,47,56,0.8783943329397875
g3-text,g3v,0.15,1.0,2,2,6-7,428,377,51,51,0.8808411214953271
g3-text,g3v,0.15,1.0,2,2,6-8,423,377,46,51,0.8860164512338425
g3-text,g3v,0.15,1.0,2,2,6-9,422,375,47,53,0.8823529411764707
g3-text,g3v,0.15,1.0,2,2,7-8,426,376,50,52,0.8805620608899297
g3-text,g3v,0.15,1.0,2,2,7-9,420,375,45,53,0.884433962264151
g3-text,g3v,0.15,1.0,2,2,8-9,426,372,54,56,0.8711943793911007
g3-text,g3v,0.15,1.0,3,3,0-1-2,420,368,52,60,0.8679245283018867
g3-text,g3v,0.15,1.0,3,3,0-1-3,412,371,41,57,0.8833333333333334
g3-text,g3v,0.15,1.0,3,3,0-1-4,415,370,45,58,0.877817319098458
g3-text,g3v,0.15,1.0,3,3,0-1-5,414,368,46,60,0.8741092636579572
g3-text,g3v,0.15,1.0,3,3,0-1-6,414,370,44,58,0.8788598574821853
g3-text,g3v,0.15,1.0,3,3,0-1-7,414,369,45,59,0.8764845605700712
g3-text,g3v,0.15,1.0,3,3,0-1-8,418,370,48,58,0.8747044917257683
g3-text,g3v,0.15,1.0,3,3,0-1-9,410,370,40,58,0.883054892601432
g3-text,g3v,0.15,1.0,3,3,0-2-3,419,369,50,59,0.871310507674144
g3-text,g3v,0.15,1.0,3,3,0-2-4,420,368,52,60,0.8679245283018867
g3-text,g3v,0.15,1.0,3,3,0-2-5,426,369,57,59,0.8641686182669789
g3-text,g3v,0.15,1.0,3,3,0-2-6,420,370,50,58,0.8726415094339623
g3-text,g3v,0.15,1.0,3,3,0-2-7,421,369,52,59,0.8692579505300354
g3-text,g3v,0.15,1.0,3,3,0-2-8,420,369,51,59,0.8702830188679245
g3-text,g3v,0.15,1.0,3,3,0-2-9,415,369,46,59,0.8754448398576512
g3-text,g3v,0.15,1.0,3,3,0-3-4,415,369,46,59,0.8754448398576512
g3-text,g3v,0.15,1.0,3,3,0-3-5,418,368,50,60,0.8699763593380615
g3-text,g3v,0.15,1.0,3,3,0-3-6,416,370,46,58,0.8767772511848341
g3-text,g3v,0.15,1.0,3,3,0-3-7,416,370,46,58,0.8767772511848341
g3-text,g3v,0.15,1.0,3,3,0-3-8,415,369,46,59,0.8754448398576512
g3-text,g3v,0.15,1.0,3,3,0-3-9,411,369,42,59,0.8796185935637665
g3-text,g3v,0.15,1.0,3,3,0-4-5,419,369,50,59,0.871310507674144
g3-text,g3v,0.15,1.0,3,3,0-4-6,414,370,44,58,0.8788598574821853
g3-text,g3v,0.15,1.0,3,3,0-4-7,416,370,46,58,0.8767772511848341
g3-text,g3v,0.15,1.0,3,3,0-4-8,421,371,50,57,0.8739693757361603
g3-text,g3v,0.15,1.0,3,3,0-4-9,415,370,45,58,0.877817319098458
g3-text,g3v,0.15,1.0,3,3,0-5-6,418,369,49,59,0.8723404255319149
g3-text,g3v,0.15,1.0,3,3,0-5-7,420,369,51,59,0.8702830188679245
g3-text,g3v,0.15,1.0,3,3,0-5-8,418,368,50,60,0.8699763593380615
g3-text,g3v,0.15,1.0,3,3,0-5-9,413,367,46,61,0.8727705112960761
g3-text,g3v,0.15,1.0,3,3,0-6-7,417,371,46,57,0.8781065088757396
g3-text,g3v,0.15,1.0,3,3,0-6-8,416,369,47,59,0.8744075829383885
g3-text,g3v,0.15,1.0,3,3,0-6-9,411,370,41,58,0.8820023837902266
g3-text,g3v,0.15,1.0,3,3,0-7-8,417,370,47,58,0.8757396449704142
g3-text,g3v,0.15,1.0,3,3,0-7-9,411,370,41,58,0.8820023837902266
g3-text,g3v,0.15,1.0,3,3,0-8-9,414,369,45,59,0.8764845605700712
g3-text,g3v,0.15,1.0,3,3,1-2-3,413,372,41,56,0.8846611177170036
g3-text,g3v,0.15,1.0,3,3,1-2-4,412,372,40,56,0.8857142857142858
g3-text,g3v,0.15,1.0,3,3,1-2-5,417,372,45,56,0.880473372781065
g3-text,g3v,0.15,1.0,3,3,1-2-6,416,374,42,54,0.886255924170616
g3-text,g3v,0.15,1.0,3,3,1-2-7,417,373,44,55,0.8828402366863906
g3-text,g3v,0.15,1.0,3,3,1-2-8,417,371,46,57,0.8781065088757396
g3-text,g3v,0.15,1.0,3,3,1-2-9,413,372,41,56,0.8846611177170036
g3-text,g3v,0.15,1.0,3,3,1-3-4,407,374,33,54,0.8958083832335331
g3-text,g3v,0.15,1.0,3,3,1-3-5,408,371,37,57,0.8875598086124402
g3-text,g3v,0.15,1.0,3,3,1-3-6,408,371,37,57,0.8875598086124402
g3-text,g3v,0.15,1.0,3,3,1-3-7,408,373,35,55,0.8923444976076556
g3-text,g3v,0.15,1.0,3,3,1-3-8,412,374,38,54,0.8904761904761905
g3-text,g3v,0.15,1.0,3,3,1-3-9,405,372,33,56,0.893157262905162
g3-text,g3v,0.15,1.0,3,3,1-4-5,411,372,39,56,0.8867699642431466
g3-text,g3v,0.15,1.0,3,3,1-4-6,411,373,38,55,0.8891537544696066
g3-text,g3v,0.15,1.0,3,3,1-4-7,411,373,38,55,0.8891537544696066
g3-text,g3v,0.15,1.0,3,3,1-4-8,417,374,43,54,0.885207100591716
g3-text,g3v,0.15,1.0,3,3,1-4-9,412,373,39,55,0.8880952380952382
g3-text,g3v,0.15,1.0,3,3,1-5-6,411,371,40,57,0.8843861740166865
g3-text,g3v,0.15,1.0,3,3,1-5-7,413,372,41,56,0.8846611177170036
g3-text,g3v,0.15,1.0,3,3,1-5-8,416,371,45,57,0.8791469194312795
g3-text,g3v,0.15,1.0,3,3,1-5-9,409,371,38,57,0.8864994026284349
g3-text,g3v,0.15,1.0,3,3,1-6-7,411,373,38,55,0.8891537544696066
g3-text,g3v,0.15,1.0,3,3,1-6-8,415,373,42,55,0.8849347568208777
g3-text,g3v,0.15,1.0,3,3,1-6-9,410,373,37,55,0.8902147971360382
g3-text,g3v,0.15,1.0,3,3,1-7-8,413,373,40,55,0.8870392390011891
g3-text,g3v,0.15,1.0,3,3,1-7-9,411,372,39,56,0.8867699642431466
g3-text,g3v,0.15,1.0,3,3,1-8-9,417,374,43,54,0.885207100591716
g3-text,g3v,0.15,1.0,3,3,2-3-4,408,369,39,59,0.882775119617225
g3-text,g3v,0.15,1.0,3,3,2-3-5,411,370,41,58,0.8820023837902266
g3-text,g3v,0.15,1.0,3,3,2-3-6,409,368,41,60,0.879330943847073
g3-text,g3v,0.15,1.0,3,3,2-3-7,408,367,41,61,0.8779904306220094
g3-text,g3v,0.15,1.0,3,3,2-3-8,413,370,43,58,0.8799048751486327
g3-text,g3v,0.15,1.0,3,3,2-3-9,409,370,39,58,0.8841099163679809
g3-text,g3v,0.15,1.0,3,3,2-4-5,415,372,43,56,0.8825622775800712
g3-text,g3v,0.15,1.0,3,3,2-4-6,411,370,41,58,0.8820023837902266
g3-text,g3v,0.15,1.0,3,3,2-4-7,414,368,46,60,0.8741092636579572
g3-text,g3v,0.15,1.0,3,3,2-4-8,413,371,42,57,0.882282996432818
g3-text,g3v,0.15,1.0,3,3,2-4-9,413,373,40,55,0.8870392390011891
g3-text,g3v,0.15,1.0,3,3,2-5-6,412,371,41,57,0.8833333333333334
g3-text,g3v,0.15,1.0,3,3,2-5-7,414,370,44,58,0.8788598574821853
g3-text,g3v,0.15,1.0,3,3,2-5-8,416,372,44,56,0.881516587677725
g3-text,g3v,0.15,1.0,3,3,2-5-9,414,373,41,55,0.8859857482185273
g3-text,g3v,0.15,1.0,3,3,2-6-7,411,370,41,58,0.8820023837902266
g3-text,g3v,0.15,1.0,3,3,2-6-8,415,372,43,56,0.8825622775800712
g3-text,g3v,0.15,1.0,3,3,2-6-9,411,372,39,56,0.8867699642431466
g3-text,g3v,0.15,1.0,3,3,2-7-8,413,369,44,59,0.877526753864447
g3-text,g3v,0.15,1.0,3,3,2-7-9,413,371,42,57,0.882282996432818
g3-text,g3v,0.15,1.0,3,3,2-8-9,413,372,41,56,0.8846611177170036
g3-text,g3v,0.15,1.0,3,3,3-4-5,411,370,41,58,0.8820023837902266
g3-text,g3v,0.15,1.0,3,3,3-4-6,410,371,39,57,0.8854415274463007
g3-text,g3v,0.15,1.0,3,3,3-4-7,411,373,38,55,0.8891537544696066
g3-text,g3v,0.15,1.0,3,3,3-4-8,413,372,41,56,0.8846611177170036
g3-text,g3v,0.15,1.0,3,3,3-4-9,408,371,37,57,0.8875598086124402
g3-text,g3v,0.15,1.0,3,3,3-5-6,413,369,44,59,0.877526753864447
g3-text,g3v,0.15,1.0,3,3,3-5-7,413,371,42,57,0.882282996432818
g3-text,g3v,0.15,1.0,3,3,3-5-8,413,370,43,58,0.8799048751486327
g3-text,g3v,0.15,1.0,3,3,3-5-9,409,369,40,59,0.8817204301075269
g3-text,g3v,0.15,1.0,3,3,3-6-7,414,371,43,57,0.8812351543942993
g3-text,g3v,0.15,1.0,3,3,3-6-8,411,371,40,57,0.8843861740166865
g3-text,g3v,0.15,1.0,3,3,3-6-9,410,371,39,57,0.8854415274463007
g3-text,g3v,0.15,1.0,3,3,3-7-8,414,373,41,55,0.8859857482185273
g3-text,g3v,0.15,1.0,3,3,3-7-9,408,371,37,57,0.8875598086124402
g3-text,g3v,0.15,1.0,3,3,3-8-9,409,372,37,56,0.8888888888888888
g3-text,g3v,0.15,1.0,3,3,4-5-6,412,371,41,57,0.8833333333333334
g3-text,g3v,0.15,1.0,3,3,4-5-7,413,371,42,57,0.882282996432818
g3-text,g3v,0.15,1.0,3,3,4-5-8,414,372,42,56,0.8836104513064132
g3-text,g3v,0.15,1.0,3,3,4-5-9,413,371,42,57,0.882282996432818
g3-text,g3v,0.15,1.0,3,3,4-6-7,413,374,39,54,0.8894173602853745
g3-text,g3v,0.15,1.0,3,3,4-6-8,411,373,38,55,0.8891537544696066
g3-text,g3v,0.15,1.0,3,3,4-6-9,413,372,41,56,0.8846611177170036
g3-text,g3v,0.15,1.0,3,3,4-7-8,414,374,40,54,0.8883610451306414
g3-text,g3v,0.15,1.0,3,3,4-7-9,414,373,41,55,0.8859857482185273
g3-text,g3v,0.15,1.0,3,3,4-8-9,414,372,42,56,0.8836104513064132
g3-text,g3v,0.15,1.0,3,3,5-6-7,415,373,42,55,0.8849347568208777
g3-text,g3v,0.15,1.0,3,3,5-6-8,411,371,40,57,0.8843861740166865
g3-text,g3v,0.15,1.0,3,3,5-6-9,414,374,40,54,0.8883610451306414
g3-text,g3v,0.15,1.0,3,3,5-7-8,415,371,44,57,0.8801897983392646
g3-text,g3v,0.15,1.0,3,3,5-7-9,409,370,39,58,0.8841099163679809
g3-text,g3v,0.15,1.0,3,3,5-8-9,414,373,41,55,0.8859857482185273
g3-text,g3v,0.15,1.0,3,3,6-7-8,417,376,41,52,0.8899408284023668
g3-text,g3v,0.15,1.0,3,3,6-7-9,415,375,40,53,0.889679715302491
g3-text,g3v,0.15,1.0,3,3,6-8-9,411,373,38,55,0.8891537544696066
g3-text,g3v,0.15,1.0,3,3,7-8-9,412,375,37,53,0.8928571428571428
g3-text,g3v,0.15,1.0,4,4,0-1-2-3,411,371,40,57,0.8843861740166865
g3-text,g3v,0.15,1.0,4,4,0-1-2-4,412,369,43,59,0.8785714285714287
g3-text,g3v,0.15,1.0,4,4,0-1-2-5,414,369,45,59,0.8764845605700712
g3-text,g3v,0.15,1.0,4,4,0-1-2-6,412,370,42,58,0.8809523809523809
g3-text,g3v,0.15,1.0,4,4,0-1-2-7,412,367,45,61,0.8738095238095238
g3-text,g3v,0.15,1.0,4,4,0-1-2-8,414,369,45,59,0.8764845605700712
g3-text,g3v,0.15,1.0,4,4,0-1-2-9,408,370,38,58,0.8851674641148325
g3-text,g3v,0.15,1.0,4,4,0-1-3-4,407,371,36,57,0.8886227544910179
g3-text,g3v,0.15,1.0,4,4,0-1-3-5,407,371,36,57,0.8886227544910179
g3-text,g3v,0.15,1.0,4,4,0-1-3-6,409,372,37,56,0.8888888888888888
g3-text,g3v,0.15,1.0,4,4,0-1-3-7,408,370,38,58,0.8851674641148325
g3-text,g3v,0.15,1.0,4,4,0-1-3-8,409,368,41,60,0.879330943847073
g3-text,g3v,0.15,1.0,4,4,0-1-3-9,404,370,34,58,0.889423076923077
g3-text,g3v,0.15,1.0,4,4,0-1-4-5,407,368,39,60,0.8814371257485031
g3-text,g3v,0.15,1.0,4,4,0-1-4-6,408,370,38,58,0.8851674641148325
g3-text,g3v,0.15,1.0,4,4,0-1-4-7,408,370,38,58,0.8851674641148325
g3-text,g3v,0.15,1.0,4,4,0-1-4-8,412,371,41,57,0.8833333333333334
g3-text,g3v,0.15,1.0,4,4,0-1-4-9,408,370,38,58,0.8851674641148325
g3-text,g3v,0.15,1.0,4,4,0-1-5-6,408,368,40,60,0.8803827751196173
g3-text,g3v,0.15,1.0,4,4,0-1-5-7,409,368,41,60,0.879330943847073
g3-text,g3v,0.15,1.0,4,4,0-1-5-8,409,368,41,60,0.879330943847073
g3-text,g3v,0.15,1.0,4,4,0-1-5-9,405,369,36,59,0.8859543817527011
g3-text,g3v,0.15,1.0,4,4,0-1-6-7,409,369,40,59,0.8817204301075269
g3-text,g3v,0.15,1.0,4,4,0-1-6-8,410,369,41,59,0.8806682577565633
g3-text,g3v,0.15,1.0,4,4,0-1-6-9,404,371,33,57,0.8918269230769231
g3-text,g3v,0.15,1.0,4,4,0-1-7-8,410,369,41,59,0.8806682577565633
g3-text,g3v,0.15,1.0,4,4,0-1-7-9,405,369,36,59,0.8859543817527011
g3-text,g3v,0.15,1.0,4,4,0-1-8-9,408,369,39,59,0.882775119617225
g3-text,g3v,0.15,1.0,4,4,0-2-3-4,410,369,41,59,0.8806682577565633
g3-text,g3v,0.15,1.0,4,4,0-2-3-5,414,369,45,59,0.8764845605700712
g3-text,g3v,0.15,1.0,4,4,0-2-3-6,413,369,44,59,0.877526753864447
g3-text,g3v,0.15,1.0,4,4,0-2-3-7,413,369,44,59,0.877526753864447
g3-text,g3v,0.15,1.0,4,4,0-2-3-8,411,368,43,60,0.8772348033373063
g3-text,g3v,0.15,1.0,4,4,0-2-3-9,407,368,39,60,0.8814371257485031
g3-text,g3v,0.15,1.0,4,4,0-2-4-5,415,370,45,58,0.877817319098458
g3-text,g3v,0.15,1.0,4,4,0-2-4-6,410,370,40,58,0.883054892601432
g3-text,g3v,0.15,1.0,4,4,0-2-4-7,412,369,43,59,0.8785714285714287
g3-text,g3v,0.15,1.0,4,4,0-2-4-8,413,370,43,58,0.8799048751486327
g3-text,g3v,0.15,1.0,4,4,0-2-4-9,411,370,41,58,0.8820023837902266
g3-text,g3v,0.15,1.0,4,4,0-2-5-6,414,370,44,58,0.8788598574821853
g3-text,g3v,0.15,1.0,4,4,0-2-5-7,417,370,47,58,0.8757396449704142
g3-text,g3v,0.15,1.0,4,4,0-2-5-8,414,369,45,59,0.8764845605700712
g3-text,g3v,0.15,1.0,4,4,0-2-5-9,410,368,42,60,0.8782816229116945
g3-text,g3v,0.15,1.0,4,4,0-2-6-7,413,370,43,58,0.8799048751486327
g3-text,g3v,0.15,1.0,4,4,0-2-6-8,411,369,42,59,0.8796185935637665
g3-text,g3v,0.15,1.0,4,4,0-2-6-9,408,370,38,58,0.8851674641148325
g3-text,g3v,0.15,1.0,4,4,0-2-7-8,412,368,44,60,0.8761904761904761
g3-text,g3v,0.15,1.0,4,4,0-2-7-9,408,370,38,58,0.8851674641148325
g3-text,g3v,0.15,1.0,4,4,0-2-8-9,409,369,40,59,0.8817204301075269
g3-text,g3v,0.15,1.0,4,4,0-3-4-5,409,369,40,59,0.8817204301075269
g3-text,g3v,0.15,1.0,4,4,0-3-4-6,409,370,39,58,0.8841099163679809
g3-text,g3v,0.15,1.0,4,4,0-3-4-7,409,370,39,58,0.8841099163679809
g3-text,g3v,0.15,1.0,4,4,0-3-4-8,410,369,41,59,0.8806682577565633
g3-text,g3v,0.15,1.0,4,4,0-3-4-9,409,369,40,59,0.8817204301075269
g3-text,g3v,0.15,1.0,4,4,0-3-5-6,411,368,43,60,0.8772348033373063
g3-text,g3v,0.15,1.0,4,4,0-3-5-7,411,368,43,60,0.8772348033373063
g3-text,g3v,0.15,1.0,4,4,0-3-5-8,410,368,42,60,0.8782816229116945
g3-text,g3v,0.15,1.0,4,4,0-3-5-9,407,368,39,60,0.8814371257485031
g3-text,g3v,0.15,1.0,4,4,0-3-6-7,412,369,43,59,0.8785714285714287
g3-text,g3v,0.15,1.0,4,4,0-3-6-8,409,369,40,59,0.8817204301075269
g3-text,g3v,0.15,1.0,4,4,0-3-6-9,406,369,37,59,0.8848920863309353
g3-text,g3v,0.15,1.0,4,4,0-3-7-8,409,369,40,59,0.8817204301075269
g3-text,g3v,0.15,1.0,4,4,0-3-7-9,406,369,37,59,0.8848920863309353
g3-text,g3v,0.15,1.0,4,4,0-3-8-9,408,368,40,60,0.8803827751196173
g3-text,g3v,0.15,1.0,4,4,0-4-5-6,408,369,39,59,0.882775119617225
g3-text,g3v,0.15,1.0,4,4,0-4-5-7,411,369,42,59,0.8796185935637665
g3-text,g3v,0.15,1.0,4,4,0-4-5-8,412,369,43,59,0.8785714285714287
g3-text,g3v,0.15,1.0,4,4,0-4-5-9,411,369,42,59,0.8796185935637665
g3-text,g3v,0.15,1.0,4,4,0-4-6-7,410,370,40,58,0.883054892601432
g3-text,g3v,0.15,1.0,4,4,0-4-6-8,410,370,40,58,0.883054892601432
g3-text,g3v,0.15,1.0,4,4,0-4-6-9,408,371,37,57,0.8875598086124402
g3-text,g3v,0.15,1.0,4,4,0-4-7-8,411,372,39,56,0.8867699642431466
g3-text,g3v,0.15,1.0,4,4,0-4-7-9,410,371,39,57,0.8854415274463007
g3-text,g3v,0.15,1.0,4,4,0-4-8-9,412,370,42,58,0.8809523809523809
g3-text,g3v,0.15,1.0,4,4,0-5-6-7,412,369,43,59,0.8785714285714287
g3-text,g3v,0.15,1.0,4,4,0-5-6-8,408,367,41,61,0.8779904306220094
g3-text,g3v,0.15,1.0,4,4,0-5-6-9,406,369,37,59,0.8848920863309353
g3-text,g3v,0.15,1.0,4,4,0-5-7-8,411,368,43,60,0.8772348033373063
g3-text,g3v,0.15,1.0,4,4,0-5-7-9,407,369,38,59,0.8838323353293414
g3-text,g3v,0.15,1.0,4,4,0-5-8-9,409,369,40,59,0.8817204301075269
g3-text,g3v,0.15,1.0,4,4,0-6-7-8,411,369,42,59,0.8796185935637665
g3-text,g3v,0.15,1.0,4,4,0-6-7-9,407,370,37,58,0.8862275449101796
g3-text,g3v,0.15,1.0,4,4,0-6-8-9,407,370,37,58,0.8862275449101796
g3-text,g3v,0.15,1.0,4,4,0-7-8-9,408,369,39,59,0.882775119617225
g3-text,g3v,0.15,1.0,4,4,1-2-3-4,405,371,34,57,0.8907563025210083
g3-text,g3v,0.15,1.0,4,4,1-2-3-5,408,371,37,57,0.8875598086124402
g3-text,g3v,0.15,1.0,4,4,1-2-3-6,407,370,37,58,0.8862275449101796
g3-text,g3v,0.15,1.0,4,4,1-2-3-7,406,371,35,57,0.8896882494004796
g3-text,g3v,0.15,1.0,4,4,1-2-3-8,410,372,38,56,0.8878281622911693
g3-text,g3v,0.15,1.0,4,4,1-2-3-9,404,371,33,57,0.8918269230769231
g3-text,g3v,0.15,1.0,4,4,1-2-4-5,408,371,37,57,0.8875598086124402
g3-text,g3v,0.15,1.0,4,4,1-2-4-6,406,371,35,57,0.8896882494004796
g3-text,g3v,0.15,1.0,4,4,1-2-4-7,406,371,35,57,0.8896882494004796
g3-text,g3v,0.15,1.0,4,4,1-2-4-8,408,370,38,58,0.8851674641148325
g3-text,g3v,0.15,1.0,4,4,1-2-4-9,407,371,36,57,0.8886227544910179
g3-text,g3v,0.15,1.0,4,4,1-2-5-6,411,371,40,57,0.8843861740166865
g3-text,g3v,0.15,1.0,4,4,1-2-5-7,411,372,39,56,0.8867699642431466
g3-text,g3v,0.15,1.0,4,4,1-2-5-8,413,371,42,57,0.882282996432818
g3-text,g3v,0.15,1.0,4,4,1-2-5-9,408,371,37,57,0.8875598086124402
g3-text,g3v,0.15,1.0,4,4,1-2-6-7,410,373,37,55,0.8902147971360382
g3-text,g3v,0.15,1.0,4,4,1-2-6-8,411,372,39,56,0.8867699642431466
g3-text,g3v,0.15,1.0,4,4,1-2-6-9,408,373,35,55,0.8923444976076556
g3-text,g3v,0.15,1.0,4,4,1-2-7-8,409,371,38,57,0.8864994026284349
g3-text,g3v,0.15,1.0,4,4,1-2-7-9,407,371,36,57,0.8886227544910179
g3-text,g3v,0.15,1.0,4,4,1-2-8-9,411,373,38,55,0.8891537544696066
g3-text,g3v,0.15,1.0,4,4,1-3-4-5,402,370,32,58,0.8915662650602411
g3-text,g3v,0.15,1.0,4,4,1-3-4-6,403,371,32,57,0.8929001203369434
g3-text,g3v,0.15,1.0,4,4,1-3-4-7,402,373,29,55,0.8987951807228914
g3-text,g3v,0.15,1.0,4,4,1-3-4-8,406,373,33,55,0.894484412470024
g3-text,g3v,0.15,1.0,4,4,1-3-4-9,402,371,31,57,0.8939759036144579
g3-text,g3v,0.15,1.0,4,4,1-3-5-6,404,369,35,59,0.8870192307692307
g3-text,g3v,0.15,1.0,4,4,1-3-5-7,403,370,33,58,0.8904933814681107
g3-text,g3v,0.15,1.0,4,4,1-3-5-8,405,369,36,59,0.8859543817527011
g3-text,g3v,0.15,1.0,4,4,1-3-5-9,401,371,30,57,0.8950542822677926
g3-text,g3v,0.15,1.0,4,4,1-3-6-7,405,371,34,57,0.8907563025210083
g3-text,g3v,0.15,1.0,4,4,1-3-6-8,407,371,36,57,0.8886227544910179
g3-text,g3v,0.15,1.0,4,4,1-3-6-9,401,370,31,58,0.8926417370325694
g3-text,g3v,0.15,1.0,4,4,1-3-7-8,405,372,33,56,0.893157262905162
g3-text,g3v,0.15,1.0,4,4,1-3-7-9,400,370,30,58,0.8937198067632851
g3-text,g3v,0.15,1.0,4,4,1-3-8-9,404,371,33,57,0.8918269230769231
g3-text,g3v,0.15,1.0,4,4,1-4-5-6,403,369,34,59,0.8880866425992779
g3-text,g3v,0.15,1.0,4,4,1-4-5-7,404,371,33,57,0.8918269230769231
g3-text,g3v,0.15,1.0,4,4,1-4-5-8,408,371,37,57,0.8875598086124402
g3-text,g3v,0.15,1.0,4,4,1-4-5-9,407,371,36,57,0.8886227544910179
g3-text,g3v,0.15,1.0,4,4,1-4-6-7,404,373,31,55,0.8966346153846154
g3-text,g3v,0.15,1.0,4,4,1-4-6-8,409,372,37,56,0.8888888888888888
g3-text,g3v,0.15,1.0,4,4,1-4-6-9,406,371,35,57,0.8896882494004796
g3-text,g3v,0.15,1.0,4,4,1-4-7-8,407,373,34,55,0.8934131736526946
g3-text,g3v,0.15,1.0,4,4,1-4-7-9,405,371,34,57,0.8907563025210083
g3-text,g3v,0.15,1.0,4,4,1-4-8-9,409,372,37,56,0.8888888888888888
g3-text,g3v,0.15,1.0,4,4,1-5-6-7,408,371,37,57,0.8875598086124402
g3-text,g3v,0.15,1.0,4,4,1-5-6-8,409,369,40,59,0.8817204301075269
g3-text,g3v,0.15,1.0,4,4,1-5-6-9,407,371,36,57,0.8886227544910179
g3-text,g3v,0.15,1.0,4,4,1-5-7-8,408,370,38,58,0.8851674641148325
g3-text,g3v,0.15,1.0,4,4,1-5-7-9,404,370,34,58,0.889423076923077
g3-text,g3v,0.15,1.0,4,4,1-5-8-9,411,372,39,56,0.8867699642431466
g3-text,g3v,0.15,1.0,4,4,1-6-7-8,408,372,36,56,0.8899521531100477
g3-text,g3v,0.15,1.0,4,4,1-6-7-9,405,372,33,56,0.893157262905162
g3-text,g3v,0.15,1.0,4,4,1-6-8-9,409,372,37,56,0.8888888888888888
g3-text,g3v,0.15,1.0,4,4,1-7-8-9,405,370,35,58,0.8883553421368547
g3-text,g3v,0.15,1.0,4,4,2-3-4-5,404,369,35,59,0.8870192307692307
g3-text,g3v,0.15,1.0,4,4,2-3-4-6,405,369,36,59,0.8859543817527011
g3-text,g3v,0.15,1.0,4,4,2-3-4-7,405,368,37,60,0.8835534213685474
g3-text,g3v,0.15,1.0,4,4,2-3-4-8,407,370,37,58,0.8862275449101796
g3-text,g3v,0.15,1.0,4,4,2-3-4-9,405,370,35,58,0.8883553421368547
g3-text,g3v,0.15,1.0,4,4,2-3-5-6,406,370,36,58,0.8872901678657075
g3-text,g3v,0.15,1.0,4,4,2-3-5-7,402,368,34,60,0.8867469879518074
g3-text,g3v,0.15,1.0,4,4,2-3-5-8,409,370,39,58,0.8841099163679809
g3-text,g3v,0.15,1.0,4,4,2-3-5-9,405,370,35,58,0.8883553421368547
g3-text,g3v,0.15,1.0,4,4,2-3-6-7,404,368,36,60,0.8846153846153846
g3-text,g3v,0.15,1.0,4,4,2-3-6-8,407,370,37,58,0.8862275449101796
g3-text,g3v,0.15,1.0,4,4,2-3-6-9,405,370,35,58,0.8883553421368547
g3-text,g3v,0.15,1.0,4,4,2-3-7-8,406,368,38,60,0.8824940047961631
g3-text,g3v,0.15,1.0,4,4,2-3-7-9,403,369,34,59,0.8880866425992779
g3-text,g3v,0.15,1.0,4,4,2-3-8-9,406,370,36,58,0.8872901678657075
g3-text,g3v,0.15,1.0,4,4,2-4-5-6,407,371,36,57,0.8886227544910179
g3-text,g3v,0.15,1.0,4,4,2-4-5-7,407,368,39,60,0.8814371257485031
g3-text,g3v,0.15,1.0,4,4,2-4-5-8,408,371,37,57,0.8875598086124402
g3-text,g3v,0.15,1.0,4,4,2-4-5-9,409,373,36,55,0.891278375149343
g3-text,g3v,0.15,1.0,4,4,2-4-6-7,408,369,39,59,0.882775119617225
g3-text,g3v,0.15,1.0,4,4,2-4-6-8,408,370,38,58,0.8851674641148325
g3-text,g3v,0.15,1.0,4,4,2-4-6-9,406,370,36,58,0.8872901678657075
g3-text,g3v,0.15,1.0,4,4,2-4-7-8,408,369,39,59,0.882775119617225
g3-text,g3v,0.15,1.0,4,4,2-4-7-9,408,369,39,59,0.882775119617225
g3-text,g3v,0.15,1.0,4,4,2-4-8-9,409,372,37,56,0.8888888888888888
g3-text,g3v,0.15,1.0,4,4,2-5-6-7,407,370,37,58,0.8862275449101796
g3-text,g3v,0.15,1.0,4,4,2-5-6-8,409,370,39,58,0.8841099163679809
g3-text,g3v,0.15,1.0,4,4,2-5-6-9,407,371,36,57,0.8886227544910179
g3-text,g3v,0.15,1.0,4,4,2-5-7-8,409,370,39,58,0.8841099163679809
g3-text,g3v,0.15,1.0,4,4,2-5-7-9,408,372,36,56,0.8899521531100477
g3-text,g3v,0.15,1.0,4,4,2-5-8-9,410,373,37,55,0.8902147971360382
g3-text,g3v,0.15,1.0,4,4,2-6-7-8,408,370,38,58,0.8851674641148325
g3-text,g3v,0.15,1.0,4,4,2-6-7-9,406,372,34,56,0.8920863309352518
g3-text,g3v,0.15,1.0,4,4,2-6-8-9,407,371,36,57,0.8886227544910179
g3-text,g3v,0.15,1.0,4,4,2-7-8-9,407,371,36,57,0.8886227544910179
g3-text,g3v,0.15,1.0,4,4,3-4-5-6,406,368,38,60,0.8824940047961631
g3-text,g3v,0.15,1.0,4,4,3-4-5-7,405,370,35,58,0.8883553421368547
g3-text,g3v,0.15,1.0,4,4,3-4-5-8,408,370,38,58,0.8851674641148325
g3-text,g3v,0.15,1.0,4,4,3-4-5-9,405,369,36,59,0.8859543817527011
g3-text,g3v,0.15,1.0,4,4,3-4-6-7,407,371,36,57,0.8886227544910179
g3-text,g3v,0.15,1.0,4,4,3-4-6-8,408,370,38,58,0.8851674641148325
g3-text,g3v,0.15,1.0,4,4,3-4-6-9,405,369,36,59,0.8859543817527011
g3-text,g3v,0.15,1.0,4,4,3-4-7-8,409,372,37,56,0.8888888888888888
g3-text,g3v,0.15,1.0,4,4,3-4-7-9,405,370,35,58,0.8883553421368547
g3-text,g3v,0.15,1.0,4,4,3-4-8-9,408,371,37,57,0.8875598086124402
g3-text,g3v,0.15,1.0,4,4,3-5-6-7,409,370,39,58,0.8841099163679809
g3-text,g3v,0.15,1.0,4,4,3-5-6-8,407,368,39,60,0.8814371257485031
g3-text,g3v,0.15,1.0,4,4,3-5-6-9,406,367,39,61,0.8800959232613909
g3-text,g3v,0.15,1.0,4,4,3-5-7-8,408,370,38,58,0.8851674641148325
g3-text,g3v,0.15,1.0,4,4,3-5-7-9,404,369,35,59,0.8870192307692307
g3-text,g3v,0.15,1.0,4,4,3-5-8-9,407,369,38,59,0.8838323353293414
g3-text,g3v,0.15,1.0,4,4,3-6-7-8,409,371,38,57,0.8864994026284349
g3-text,g3v,0.15,1.0,4,4,3-6-7-9,406,370,36,58,0.8872901678657075
g3-text,g3v,0.15,1.0,4,4,3-6-8-9,407,370,37,58,0.8862275449101796
g3-text,g3v,0.15,1.0,4,4,3-7-8-9,406,371,35,57,0.8896882494004796
g3-text,g3v,0.15,1.0,4,4,4-5-6-7,407,371,36,57,0.8886227544910179
g3-text,g3v,0.15,1.0,4,4,4-5-6-8,404,371,33,57,0.8918269230769231
g3-text,g3v,0.15,1.0,4,4,4-5-6-9,406,370,36,58,0.8872901678657075
g3-text,g3v,0.15,1.0,4,4,4-5-7-8,407,370,37,58,0.8862275449101796
g3-text,g3v,0.15,1.0,4,4,4-5-7-9,407,371,36,57,0.8886227544910179
g3-text,g3v,0.15,1.0,4,4,4-5-8-9,407,370,37,58,0.8862275449101796
g3-text,g3v,0.15,1.0,4,4,4-6-7-8,408,373,35,55,0.8923444976076556
g3-text,g3v,0.15,1.0,4,4,4-6-7-9,408,373,35,55,0.8923444976076556
g3-text,g3v,0.15,1.0,4,4,4-6-8-9,407,372,35,56,0.8910179640718563
g3-text,g3v,0.15,1.0,4,4,4-7-8-9,409,373,36,55,0.891278375149343
g3-text,g3v,0.15,1.0,4,4,5-6-7-8,409,371,38,57,0.8864994026284349
g3-text,g3v,0.15,1.0,4,4,5-6-7-9,407,371,36,57,0.8886227544910179
g3-text,g3v,0.15,1.0,4,4,5-6-8-9,409,372,37,56,0.8888888888888888
g3-text,g3v,0.15,1.0,4,4,5-7-8-9,406,370,36,58,0.8872901678657075
g3-text,g3v,0.15,1.0,4,4,6-7-8-9,409,373,36,55,0.891278375149343
g3-text,g3v,0.15,1.0,5,5,0-1-2-3-4,406,369,37,59,0.8848920863309353
g3-text,g3v,0.15,1.0,5,5,0-1-2-3-5,407,371,36,57,0.8886227544910179
g3-text,g3v,0.15,1.0,5,5,0-1-2-3-6,408,371,37,57,0.8875598086124402
g3-text,g3v,0.15,1.0,5,5,0-1-2-3-7,407,370,37,58,0.8862275449101796
g3-text,g3v,0.15,1.0,5,5,0-1-2-3-8,408,367,41,61,0.8779904306220094
g3-text,g3v,0.15,1.0,5,5,0-1-2-3-9,403,369,34,59,0.8880866425992779
g3-text,g3v,0.15,1.0,5,5,0-1-2-4-5,407,368,39,60,0.8814371257485031
g3-text,g3v,0.15,1.0,5,5,0-1-2-4-6,406,369,37,59,0.8848920863309353
g3-text,g3v,0.15,1.0,5,5,0-1-2-4-7,406,368,38,60,0.8824940047961631
g3-text,g3v,0.15,1.0,5,5,0-1-2-4-8,409,369,40,59,0.8817204301075269
g3-text,g3v,0.15,1.0,5,5,0-1-2-4-9,407,369,38,59,0.8838323353293414
g3-text,g3v,0.15,1.0,5,5,0-1-2-5-6,408,369,39,59,0.882775119617225
g3-text,g3v,0.15,1.0,5,5,0-1-2-5-7,409,368,41,60,0.879330943847073
g3-text,g3v,0.15,1.0,5,5,0-1-2-5-8,409,367,42,61,0.8769414575866187
g3-text,g3v,0.15,1.0,5,5,0-1-2-5-9,405,368,37,60,0.8835534213685474
g3-text,g3v,0.15,1.0,5,5,0-1-2-6-7,408,369,39,59,0.882775119617225
g3-text,g3v,0.15,1.0,5,5,0-1-2-6-8,408,368,40,60,0.8803827751196173
g3-text,g3v,0.15,1.0,5,5,0-1-2-6-9,403,370,33,58,0.8904933814681107
g3-text,g3v,0.15,1.0,5,5,0-1-2-7-8,408,368,40,60,0.8803827751196173
g3-text,g3v,0.15,1.0,5,5,0-1-2-7-9,404,369,35,59,0.8870192307692307
g3-text,g3v,0.15,1.0,5,5,0-1-2-8-9,406,368,38,60,0.8824940047961631
g3-text,g3v,0.15,1.0,5,5,0-1-3-4-5,402,369,33,59,0.8891566265060242
g3-text,g3v,0.15,1.0,5,5,0-1-3-4-6,404,370,34,58,0.889423076923077
g3-text,g3v,0.15,1.0,5,5,0-1-3-4-7,403,370,33,58,0.8904933814681107
g3-text,g3v,0.15,1.0,5,5,0-1-3-4-8,405,368,37,60,0.8835534213685474
g3-text,g3v,0.15,1.0,5,5,0-1-3-4-9,403,369,34,59,0.8880866425992779
g3-text,g3v,0.15,1.0,5,5,0-1-3-5-6,404,369,35,59,0.8870192307692307
g3-text,g3v,0.15,1.0,5,5,0-1-3-5-7,404,370,34,58,0.889423076923077
g3-text,g3v,0.15,1.0,5,5,0-1-3-5-8,404,367,37,61,0.8822115384615385
g3-text,g3v,0.15,1.0,5,5,0-1-3-5-9,400,367,33,61,0.8864734299516908
g3-text,g3v,0.15,1.0,5,5,0-1-3-6-7,406,371,35,57,0.8896882494004796
g3-text,g3v,0.15,1.0,5,5,0-1-3-6-8,406,368,38,60,0.8824940047961631
g3-text,g3v,0.15,1.0,5,5,0-1-3-6-9,401,370,31,58,0.8926417370325694
g3-text,g3v,0.15,1.0,5,5,0-1-3-7-8,405,368,37,60,0.8835534213685474
g3-text,g3v,0.15,1.0,5,5,0-1-3-7-9,401,369,32,59,0.8902291917973462
g3-text,g3v,0.15,1.0,5,5,0-1-3-8-9,403,368,35,60,0.8856799037304454
g3-text,g3v,0.15,1.0,5,5,0-1-4-5-6,402,368,34,60,0.8867469879518074
g3-text,g3v,0.15,1.0,5,5,0-1-4-5-7,403,369,34,59,0.8880866425992779
g3-text,g3v,0.15,1.0,5,5,0-1-4-5-8,404,368,36,60,0.8846153846153846
g3-text,g3v,0.15,1.0,5,5,0-1-4-5-9,404,368,36,60,0.8846153846153846
g3-text,g3v,0.15,1.0,5,5,0-1-4-6-7,404,370,34,58,0.889423076923077
g3-text,g3v,0.15,1.0,5,5,0-1-4-6-8,406,369,37,59,0.8848920863309353
g3-text,g3v,0.15,1.0,5,5,0-1-4-6-9,403,370,33,58,0.8904933814681107
g3-text,g3v,0.15,1.0,5,5,0-1-4-7-8,405,370,35,58,0.8883553421368547
g3-text,g3v,0.15,1.0,5,5,0-1-4-7-9,404,370,34,58,0.889423076923077
g3-text,g3v,0.15,1.0,5,5,0-1-4-8-9,406,369,37,59,0.8848920863309353
g3-text,g3v,0.15,1.0,5,5,0-1-5-6-7,405,368,37,60,0.8835534213685474
g3-text,g3v,0.15,1.0,5,5,0-1-5-6-8,404,367,37,61,0.8822115384615385
g3-text,g3v,0.15,1.0,5,5,0-1-5-6-9,400,368,32,60,0.888888888888889
g3-text,g3v,0.15,1.0,5,5,0-1-5-7-8,405,368,37,60,0.8835534213685474
g3-text,g3v,0.15,1.0,5,5,0-1-5-7-9,401,368,33,60,0.887816646562123
g3-text,g3v,0.15,1.0,5,5,0-1-5-8-9,403,367,36,61,0.8832731648616124
g3-text,g3v,0.15,1.0,5,5,0-1-6-7-8,406,369,37,59,0.8848920863309353
g3-text,g3v,0.15,1.0,5,5,0-1-6-7-9,402,370,32,58,0.8915662650602411
g3-text,g3v,0.15,1.0,5,5,0-1-6-8-9,403,369,34,59,0.8880866425992779
g3-text,g3v,0.15,1.0,5,5,0-1-7-8-9,403,369,34,59,0.8880866425992779
g3-text,g3v,0.15,1.0,5,5,0-2-3-4-5,406,369,37,59,0.8848920863309353
g3-text,g3v,0.15,1.0,5,5,0-2-3-4-6,406,369,37,59,0.8848920863309353
g3-text,g3v,0.15,1.0,5,5,0-2-3-4-7,406,370,36,58,0.8872901678657075
g3-text,g3v,0.15,1.0,5,5,0-2-3-4-8,406,367,39,61,0.8800959232613909
g3-text,g3v,0.15,1.0,5,5,0-2-3-4-9,405,368,37,60,0.8835534213685474
g3-text,g3v,0.15,1.0,5,5,0-2-3-5-6,409,368,41,60,0.879330943847073
g3-text,g3v,0.15,1.0,5,5,0-2-3-5-7,409,369,40,59,0.8817204301075269
g3-text,g3v,0.15,1.0,5,5,0-2-3-5-8,407,368,39,60,0.8814371257485031
g3-text,g3v,0.15,1.0,5,5,0-2-3-5-9,404,368,36,60,0.8846153846153846
g3-text,g3v,0.15,1.0,5,5,0-2-3-6-7,409,369,40,59,0.8817204301075269
g3-text,g3v,0.15,1.0,5,5,0-2-3-6-8,406,368,38,60,0.8824940047961631
g3-text,g3v,0.15,1.0,5,5,0-2-3-6-9,403,368,35,60,0.8856799037304454
g3-text,g3v,0.15,1.0,5,5,0-2-3-7-8,406,369,37,59,0.8848920863309353
g3-text,g3v,0.15,1.0,5,5,0-2-3-7-9,403,368,35,60,0.8856799037304454
g3-text,g3v,0.15,1.0,5,5,0-2-3-8-9,404,367,37,61,0.8822115384615385
g3-text,g3v,0.15,1.0,5,5,0-2-4-5-6,406,370,36,58,0.8872901678657075
g3-text,g3v,0.15,1.0,5,5,0-2-4-5-7,409,370,39,58,0.8841099163679809
g3-text,g3v,0.15,1.0,5,5,0-2-4-5-8,408,369,39,59,0.882775119617225
g3-text,g3v,0.15,1.0,5,5,0-2-4-5-9,408,369,39,59,0.882775119617225
g3-text,g3v,0.15,1.0,5,5,0-2-4-6-7,407,370,37,58,0.8862275449101796
g3-text,g3v,0.15,1.0,5,5,0-2-4-6-8,406,369,37,59,0.8848920863309353
g3-text,g3v,0.15,1.0,5,5,0-2-4-6-9,405,370,35,58,0.8883553421368547
g3-text,g3v,0.15,1.0,5,5,0-2-4-7-8,407,369,38,59,0.8838323353293414
g3-text,g3v,0.15,1.0,5,5,0-2-4-7-9,407,370,37,58,0.8862275449101796
g3-text,g3v,0.15,1.0,5,5,0-2-4-8-9,408,369,39,59,0.882775119617225
g3-text,g3v,0.15,1.0,5,5,0-2-5-6-7,410,370,40,58,0.883054892601432
g3-text,g3v,0.15,1.0,5,5,0-2-5-6-8,406,369,37,59,0.8848920863309353
g3-text,g3v,0.15,1.0,5,5,0-2-5-6-9,404,369,35,59,0.8870192307692307
g3-text,g3v,0.15,1.0,5,5,0-2-5-7-8,409,369,40,59,0.8817204301075269
g3-text,g3v,0.15,1.0,5,5,0-2-5-7-9,405,370,35,58,0.8883553421368547
g3-text,g3v,0.15,1.0,5,5,0-2-5-8-9,406,368,38,60,0.8824940047961631
g3-text,g3v,0.15,1.0,5,5,0-2-6-7-8,407,369,38,59,0.8838323353293414
g3-text,g3v,0.15,1.0,5,5,0-2-6-7-9,404,370,34,58,0.889423076923077
g3-text,g3v,0.15,1.0,5,5,0-2-6-8-9,404,369,35,59,0.8870192307692307
g3-text,g3v,0.15,1.0,5,5,0-2-7-8-9,405,369,36,59,0.8859543817527011
g3-text,g3v,0.15,1.0,5,5,0-3-4-5-6,404,368,36,60,0.8846153846153846
g3-text,g3v,0.15,1.0,5,5,0-3-4-5-7,405,369,36,59,0.8859543817527011
g3-text,g3v,0.15,1.0,5,5,0-3-4-5-8,405,367,38,61,0.8811524609843937
g3-text,g3v,0.15,1.0,5,5,0-3-4-5-9,405,368,37,60,0.8835534213685474
g3-text,g3v,0.15,1.0,5,5,0-3-4-6-7,406,370,36,58,0.8872901678657075
g3-text,g3v,0.15,1.0,5,5,0-3-4-6-8,405,368,37,60,0.8835534213685474
g3-text,g3v,0.15,1.0,5,5,0-3-4-6-9,404,369,35,59,0.8870192307692307
g3-text,g3v,0.15,1.0,5,5,0-3-4-7-8,405,369,36,59,0.8859543817527011
g3-text,g3v,0.15,1.0,5,5,0-3-4-7-9,405,369,36,59,0.8859543817527011
g3-text,g3v,0.15,1.0,5,5,0-3-4-8-9,407,368,39,60,0.8814371257485031
g3-text,g3v,0.15,1.0,5,5,0-3-5-6-7,408,368,40,60,0.8803827751196173
g3-text,g3v,0.15,1.0,5,5,0-3-5-6-8,404,367,37,61,0.8822115384615385
g3-text,g3v,0.15,1.0,5,5,0-3-5-6-9,402,367,35,61,0.8843373493975903
g3-text,g3v,0.15,1.0,5,5,0-3-5-7-8,405,368,37,60,0.8835534213685474
g3-text,g3v,0.15,1.0,5,5,0-3-5-7-9,402,368,34,60,0.8867469879518074
g3-text,g3v,0.15,1.0,5,5,0-3-5-8-9,404,367,37,61,0.8822115384615385
g3-text,g3v,0.15,1.0,5,5,0-3-6-7-8,406,369,37,59,0.8848920863309353
g3-text,g3v,0.15,1.0,5,5,0-3-6-7-9,403,369,34,59,0.8880866425992779
g3-text,g3v,0.15,1.0,5,5,0-3-6-8-9,403,368,35,60,0.8856799037304454
g3-text,g3v,0.15,1.0,5,5,0-3-7-8-9,404,368,36,60,0.8846153846153846
g3-text,g3v,0.15,1.0,5,5,0-4-5-6-7,406,369,37,59,0.8848920863309353
g3-text,g3v,0.15,1.0,5,5,0-4-5-6-8,404,368,36,60,0.8846153846153846
g3-text,g3v,0.15,1.0,5,5,0-4-5-6-9,404,369,35,59,0.8870192307692307
g3-text,g3v,0.15,1.0,5,5,0-4-5-7-8,406,369,37,59,0.8848920863309353
g3-text,g3v,0.15,1.0,5,5,0-4-5-7-9,406,370,36,58,0.8872901678657075
g3-text,g3v,0.15,1.0,5,5,0-4-5-8-9,408,369,39,59,0.882775119617225
g3-text,g3v,0.15,1.0,5,5,0-4-6-7-8,406,370,36,58,0.8872901678657075
g3-text,g3v,0.15,1.0,5,5,0-4-6-7-9,406,371,35,57,0.8896882494004796
g3-text,g3v,0.15,1.0,5,5,0-4-6-8-9,406,370,36,58,0.8872901678657075
g3-text,g3v,0.15,1.0,5,5,0-4-7-8-9,407,370,37,58,0.8862275449101796
g3-text,g3v,0.15,1.0,5,5,0-5-6-7-8,406,368,38,60,0.8824940047961631
g3-text,g3v,0.15,1.0,5,5,0-5-6-7-9,403,369,34,59,0.8880866425992779
g3-text,g3v,0.15,1.0,5,5,0-5-6-8-9,403,368,35,60,0.8856799037304454
g3-text,g3v,0.15,1.0,5,5,0-5-7-8-9,404,369,35,59,0.8870192307692307
g3-text,g3v,0.15,1.0,5,5,0-6-7-8-9,405,370,35,58,0.8883553421368547
g3-text,g3v,0.15,1.0,5,5,1-2-3-4-5,402,370,32,58,0.8915662650602411
g3-text,g3v,0.15,1.0,5,5,1-2-3-4-6,402,370,32,58,0.8915662650602411
g3-text,g3v,0.15,1.0,5,5,1-2-3-4-7,400,371,29,57,0.8961352657004831
g3-text,g3v,0.15,1.0,5,5,1-2-3-4-8,404,371,33,57,0.8918269230769231
g3-text,g3v,0.15,1.0,5,5,1-2-3-4-9,401,370,31,58,0.8926417370325694
g3-text,g3v,0.15,1.0,5,5,1-2-3-5-6,404,369,35,59,0.8870192307692307
g3-text,g3v,0.15,1.0,5,5,1-2-3-5-7,404,371,33,57,0.8918269230769231
g3-text,g3v,0.15,1.0,5,5,1-2-3-5-8,406,370,36,58,0.8872901678657075
g3-text,g3v,0.15,1.0,5,5,1-2-3-5-9,401,371,30,57,0.8950542822677926
g3-text,g3v,0.15,1.0,5,5,1-2-3-6-7,403,369,34,59,0.8880866425992779
g3-text,g3v,0.15,1.0,5,5,1-2-3-6-8,405,369,36,59,0.8859543817527011
g3-text,g3v,0.15,1.0,5,5,1-2-3-6-9,401,370,31,58,0.8926417370325694
g3-text,g3v,0.15,1.0,5,5,1-2-3-7-8,403,370,33,58,0.8904933814681107
g3-text,g3v,0.15,1.0,5,5,1-2-3-7-9,399,369,30,59,0.8923821039903265
g3-text,g3v,0.15,1.0,5,5,1-2-3-8-9,403,370,33,58,0.8904933814681107
g3-text,g3v,0.15,1.0,5,5,1-2-4-5-6,402,369,33,59,0.8891566265060242
g3-text,g3v,0.15,1.0,5,5,1-2-4-5-7,403,371,32,57,0.8929001203369434
g3-text,g3v,0.15,1.0,5,5,1-2-4-5-8,406,370,36,58,0.8872901678657075
g3-text,g3v,0.15,1.0,5,5,1-2-4-5-9,405,370,35,58,0.8883553421368547
g3-text,g3v,0.15,1.0,5,5,1-2-4-6-7,402,371,31,57,0.8939759036144579
g3-text,g3v,0.15,1.0,5,5,1-2-4-6-8,405,370,35,58,0.8883553421368547
g3-text,g3v,0.15,1.0,5,5,1-2-4-6-9,403,370,33,58,0.8904933814681107
g3-text,g3v,0.15,1.0,5,5,1-2-4-7-8,403,371,32,57,0.8929001203369434
g3-text,g3v,0.15,1.0,5,5,1-2-4-7-9,402,370,32,58,0.8915662650602411
g3-text,g3v,0.15,1.0,5,5,1-2-4-8-9,406,371,35,57,0.8896882494004796
g3-text,g3v,0.15,1.0,5,5,1-2-5-6-7,407,371,36,57,0.8886227544910179
g3-text,g3v,0.15,1.0,5,5,1-2-5-6-8,408,370,38,58,0.8851674641148325
g3-text,g3v,0.15,1.0,5,5,1-2-5-6-9,405,371,34,57,0.8907563025210083
g3-text,g3v,0.15,1.0,5,5,1-2-5-7-8,407,371,36,57,0.8886227544910179
g3-text,g3v,0.15,1.0,5,5,1-2-5-7-9,403,371,32,57,0.8929001203369434
g3-text,g3v,0.15,1.0,5,5,1-2-5-8-9,408,372,36,56,0.8899521531100477
g3-text,g3v,0.15,1.0,5,5,1-2-6-7-8,406,370,36,58,0.8872901678657075
g3-text,g3v,0.15,1.0,5,5,1-2-6-7-9,404,372,32,56,0.8942307692307692
g3-text,g3v,0.15,1.0,5,5,1-2-6-8-9,406,371,35,57,0.8896882494004796
g3-text,g3v,0.15,1.0,5,5,1-2-7-8-9,404,371,33,57,0.8918269230769231
g3-text,g3v,0.15,1.0,5,5,1-3-4-5-6,398,368,30,60,0.8910411622276028
g3-text,g3v,0.15,1.0,5,5,1-3-4-5-7,398,370,28,58,0.8958837772397095
g3-text,g3v,0.15,1.0,5,5,1-3-4-5-8,401,369,32,59,0.8902291917973462
g3-text,g3v,0.15,1.0,5,5,1-3-4-5-9,399,370,29,58,0.8948004836759371
g3-text,g3v,0.15,1.0,5,5,1-3-4-6-7,399,370,29,58,0.8948004836759371
g3-text,g3v,0.15,1.0,5,5,1-3-4-6-8,403,371,32,57,0.8929001203369434
g3-text,g3v,0.15,1.0,5,5,1-3-4-6-9,400,370,30,58,0.8937198067632851
g3-text,g3v,0.15,1.0,5,5,1-3-4-7-8,400,371,29,57,0.8961352657004831
g3-text,g3v,0.15,1.0,5,5,1-3-4-7-9,398,371,27,57,0.8983050847457626
g3-text,g3v,0.15,1.0,5,5,1-3-4-8-9,402,371,31,57,0.8939759036144579
g3-text,g3v,0.15,1.0,5,5,1-3-5-6-7,401,369,32,59,0.8902291917973462
g3-text,g3v,0.15,1.0,5,5,1-3-5-6-8,402,368,34,60,0.8867469879518074
g3-text,g3v,0.15,1.0,5,5,1-3-5-6-9,399,369,30,59,0.8923821039903265
g3-text,g3v,0.15,1.0,5,5,1-3-5-7-8,401,369,32,59,0.8902291917973462
g3-text,g3v,0.15,1.0,5,5,1-3-5-7-9,396,369,27,59,0.8956310679611651
g3-text,g3v,0.15,1.0,5,5,1-3-5-8-9,401,371,30,57,0.8950542822677926
g3-text,g3v,0.15,1.0,5,5,1-3-6-7-8,404,371,33,57,0.8918269230769231
g3-text,g3v,0.15,1.0,5,5,1-3-6-7-9,399,370,29,58,0.8948004836759371
g3-text,g3v,0.15,1.0,5,5,1-3-6-8-9,401,370,31,58,0.8926417370325694
g3-text,g3v,0.15,1.0,5,5,1-3-7-8-9,399,371,28,57,0.8972188633615477
g3-text,g3v,0.15,1.0,5,5,1-4-5-6-7,399,369,30,59,0.8923821039903265
g3-text,g3v,0.15,1.0,5,5,1-4-5-6-8,403,369,34,59,0.8880866425992779
g3-text,g3v,0.15,1.0,5,5,1-4-5-6-9,402,369,33,59,0.8891566265060242
g3-text,g3v,0.15,1.0,5,5,1-4-5-7-8,402,370,32,58,0.8915662650602411
g3-text,g3v,0.15,1.0,5,5,1-4-5-7-9,401,370,31,58,0.8926417370325694
g3-text,g3v,0.15,1.0,5,5,1-4-5-8-9,406,371,35,57,0.8896882494004796
g3-text,g3v,0.15,1.0,5,5,1-4-6-7-8,403,372,31,56,0.8953068592057762
g3-text,g3v,0.15,1.0,5,5,1-4-6-7-9,401,371,30,57,0.8950542822677926
g3-text,g3v,0.15,1.0,5,5,1-4-6-8-9,405,371,34,57,0.8907563025210083
g3-text,g3v,0.15,1.0,5,5,1-4-7-8-9,403,371,32,57,0.8929001203369434
g3-text,g3v,0.15,1.0,5,5,1-5-6-7-8,403,368,35,60,0.8856799037304454
g3-text,g3v,0.15,1.0,5,5,1-5-6-7-9,403,371,32,57,0.8929001203369434
g3-text,g3v,0.15,1.0,5,5,1-5-6-8-9,405,369,36,59,0.8859543817527011
g3-text,g3v,0.15,1.0,5,5,1-5-7-8-9,403,370,33,58,0.8904933814681107
g3-text,g3v,0.15,1.0,5,5,1-6-7-8-9,404,371,33,57,0.8918269230769231
g3-text,g3v,0.15,1.0,5,5,2-3-4-5-6,401,370,31,58,0.8926417370325694
g3-text,g3v,0.15,1.0,5,5,2-3-4-5-7,400,368,32,60,0.888888888888889
g3-text,g3v,0.15,1.0,5,5,2-3-4-5-8,403,370,33,58,0.8904933814681107
g3-text,g3v,0.15,1.0,5,5,2-3-4-5-9,402,370,32,58,0.8915662650602411
g3-text,g3v,0.15,1.0,5,5,2-3-4-6-7,401,367,34,61,0.8854041013268998
g3-text,g3v,0.15,1.0,5,5,2-3-4-6-8,403,369,34,59,0.8880866425992779
g3-text,g3v,0.15,1.0,5,5,2-3-4-6-9,403,369,34,59,0.8880866425992779
g3-text,g3v,0.15,1.0,5,5,2-3-4-7-8,403,369,34,59,0.8880866425992779
g3-text,g3v,0.15,1.0,5,5,2-3-4-7-9,401,369,32,59,0.8902291917973462
g3-text,g3v,0.15,1.0,5,5,2-3-4-8-9,404,371,33,57,0.8918269230769231
g3-text,g3v,0.15,1.0,5,5,2-3-5-6-7,401,369,32,59,0.8902291917973462
g3-text,g3v,0.15,1.0,5,5,2-3-5-6-8,403,369,34,59,0.8880866425992779
g3-text,g3v,0.15,1.0,5,5,2-3-5-6-9,401,368,33,60,0.887816646562123
g3-text,g3v,0.15,1.0,5,5,2-3-5-7-8,403,370,33,58,0.8904933814681107
g3-text,g3v,0.15,1.0,5,5,2-3-5-7-9,400,370,30,58,0.8937198067632851
g3-text,g3v,0.15,1.0,5,5,2-3-5-8-9,403,371,32,57,0.8929001203369434
g3-text,g3v,0.15,1.0,5,5,2-3-6-7-8,402,368,34,60,0.8867469879518074
g3-text,g3v,0.15,1.0,5,5,2-3-6-7-9,401,369,32,59,0.8902291917973462
g3-text,g3v,0.15,1.0,5,5,2-3-6-8-9,403,370,33,58,0.8904933814681107
g3-text,g3v,0.15,1.0,5,5,2-3-7-8-9,402,370,32,58,0.8915662650602411
g3-text,g3v,0.15,1.0,5,5,2-4-5-6-7,403,370,33,58,0.8904933814681107
g3-text,g3v,0.15,1.0,5,5,2-4-5-6-8,404,370,34,58,0.889423076923077
g3-text,g3v,0.15,1.0,5,5,2-4-5-6-9,403,369,34,59,0.8880866425992779
g3-text,g3v,0.15,1.0,5,5,2-4-5-7-8,404,369,35,59,0.8870192307692307
g3-text,g3v,0.15,1.0,5,5,2-4-5-7-9,405,370,35,58,0.8883553421368547
g3-text,g3v,0.15,1.0,5,5,2-4-5-8-9,406,372,34,56,0.8920863309352518
g3-text,g3v,0.15,1.0,5,5,2-4-6-7-8,405,369,36,59,0.8859543817527011
g3-text,g3v,0.15,1.0,5,5,2-4-6-7-9,403,369,34,59,0.8880866425992779
g3-text,g3v,0.15,1.0,5,5,2-4-6-8-9,405,370,35,58,0.8883553421368547
g3-text,g3v,0.15,1.0,5,5,2-4-7-8-9,405,371,34,57,0.8907563025210083
g3-text,g3v,0.15,1.0,5,5,2-5-6-7-8,404,370,34,58,0.889423076923077
g3-text,g3v,0.15,1.0,5,5,2-5-6-7-9,403,371,32,57,0.8929001203369434
g3-text,g3v,0.15,1.0,5,5,2-5-6-8-9,404,370,34,58,0.889423076923077
g3-text,g3v,0.15,1.0,5,5,2-5-7-8-9,404,371,33,57,0.8918269230769231
g3-text,g3v,0.15,1.0,5,5,2-6-7-8-9,404,371,33,57,0.8918269230769231
g3-text,g3v,0.15,1.0,5,5,3-4-5-6-7,403,369,34,59,0.8880866425992779
g3-text,g3v,0.15,1.0,5,5,3-4-5-6-8,404,368,36,60,0.8846153846153846
g3-text,g3v,0.15,1.0,5,5,3-4-5-6-9,403,367,36,61,0.8832731648616124
g3-text,g3v,0.15,1.0,5,5,3-4-5-7-8,403,370,33,58,0.8904933814681107
g3-text,g3v,0.15,1.0,5,5,3-4-5-7-9,401,369,32,59,0.8902291917973462
g3-text,g3v,0.15,1.0,5,5,3-4-5-8-9,404,368,36,60,0.8846153846153846
g3-text,g3v,0.15,1.0,5,5,3-4-6-7-8,405,371,34,57,0.8907563025210083
g3-text,g3v,0.15,1.0,5,5,3-4-6-7-9,403,370,33,58,0.8904933814681107
g3-text,g3v,0.15,1.0,5,5,3-4-6-8-9,404,369,35,59,0.8870192307692307
g3-text,g3v,0.15,1.0,5,5,3-4-7-8-9,404,370,34,58,0.889423076923077
g3-text,g3v,0.15,1.0,5,5,3-5-6-7-8,405,370,35,58,0.8883553421368547
g3-text,g3v,0.15,1.0,5,5,3-5-6-7-9,403,370,33,58,0.8904933814681107
g3-text,g3v,0.15,1.0,5,5,3-5-6-8-9,404,369,35,59,0.8870192307692307
g3-text,g3v,0.15,1.0,5,5,3-5-7-8-9,403,369,34,59,0.8880866425992779
g3-text,g3v,0.15,1.0,5,5,3-6-7-8-9,405,370,35,58,0.8883553421368547
g3-text,g3v,0.15,1.0,5,5,4-5-6-7-8,402,370,32,58,0.8915662650602411
g3-text,g3v,0.15,1.0,5,5,4-5-6-7-9,403,370,33,58,0.8904933814681107
g3-text,g3v,0.15,1.0,5,5,4-5-6-8-9,402,370,32,58,0.8915662650602411
g3-text,g3v,0.15,1.0,5,5,4-5-7-8-9,403,370,33,58,0.8904933814681107
g3-text,g3v,0.15,1.0,5,5,4-6-7-8-9,405,372,33,56,0.893157262905162
g3-text,g3v,0.15,1.0,5,5,5-6-7-8-9,404,370,34,58,0.889423076923077
g3-text,g3v,0.15,1.0,6,6,0-1-2-3-4-5,402,368,34,60,0.8867469879518074
g3-text,g3v,0.15,1.0,6,6,0-1-2-3-4-6,403,369,34,59,0.8880866425992779
g3-text,g3v,0.15,1.0,6,6,0-1-2-3-4-7,402,368,34,60,0.8867469879518074
g3-text,g3v,0.15,1.0,6,6,0-1-2-3-4-8,404,367,37,61,0.8822115384615385
g3-text,g3v,0.15,1.0,6,6,0-1-2-3-4-9,402,368,34,60,0.8867469879518074
g3-text,g3v,0.15,1.0,6,6,0-1-2-3-5-6,404,368,36,60,0.8846153846153846
g3-text,g3v,0.15,1.0,6,6,0-1-2-3-5-7,404,369,35,59,0.8870192307692307
g3-text,g3v,0.15,1.0,6,6,0-1-2-3-5-8,404,368,36,60,0.8846153846153846
g3-text,g3v,0.15,1.0,6,6,0-1-2-3-5-9,400,367,33,61,0.8864734299516908
g3-text,g3v,0.15,1.0,6,6,0-1-2-3-6-7,405,368,37,60,0.8835534213685474
g3-text,g3v,0.15,1.0,6,6,0-1-2-3-6-8,405,368,37,60,0.8835534213685474
g3-text,g3v,0.15,1.0,6,6,0-1-2-3-6-9,400,367,33,61,0.8864734299516908
g3-text,g3v,0.15,1.0,6,6,0-1-2-3-7-8,404,367,37,61,0.8822115384615385
g3-text,g3v,0.15,1.0,6,6,0-1-2-3-7-9,400,368,32,60,0.888888888888889
g3-text,g3v,0.15,1.0,6,6,0-1-2-3-8-9,402,367,35,61,0.8843373493975903
g3-text,g3v,0.15,1.0,6,6,0-1-2-4-5-6,402,368,34,60,0.8867469879518074
g3-text,g3v,0.15,1.0,6,6,0-1-2-4-5-7,403,369,34,59,0.8880866425992779
g3-text,g3v,0.15,1.0,6,6,0-1-2-4-5-8,404,367,37,61,0.8822115384615385
g3-text,g3v,0.15,1.0,6,6,0-1-2-4-5-9,404,368,36,60,0.8846153846153846
g3-text,g3v,0.15,1.0,6,6,0-1-2-4-6-7,403,369,34,59,0.8880866425992779
g3-text,g3v,0.15,1.0,6,6,0-1-2-4-6-8,404,368,36,60,0.8846153846153846
g3-text,g3v,0.15,1.0,6,6,0-1-2-4-6-9,402,369,33,59,0.8891566265060242
g3-text,g3v,0.15,1.0,6,6,0-1-2-4-7-8,403,368,35,60,0.8856799037304454
g3-text,g3v,0.15,1.0,6,6,0-1-2-4-7-9,403,369,34,59,0.8880866425992779
g3-text,g3v,0.15,1.0,6,6,0-1-2-4-8-9,405,368,37,60,0.8835534213685474
g3-text,g3v,0.15,1.0,6,6,0-1-2-5-6-7,405,368,37,60,0.8835534213685474
g3-text,g3v,0.15,1.0,6,6,0-1-2-5-6-8,404,367,37,61,0.8822115384615385
g3-text,g3v,0.15,1.0,6,6,0-1-2-5-6-9,400,368,32,60,0.888888888888889
g3-text,g3v,0.15,1.0,6,6,0-1-2-5-7-8,405,368,37,60,0.8835534213685474
g3-text,g3v,0.15,1.0,6,6,0-1-2-5-7-9,401,368,33,60,0.887816646562123
g3-text,g3v,0.15,1.0,6,6,0-1-2-5-8-9,403,367,36,61,0.8832731648616124
g3-text,g3v,0.15,1.0,6,6,0-1-2-6-7-8,405,368,37,60,0.8835534213685474
g3-text,g3v,0.15,1.0,6,6,0-1-2-6-7-9,401,369,32,59,0.8902291917973462
g3-text,g3v,0.15,1.0,6,6,0-1-2-6-8-9,402,368,34,60,0.8867469879518074
g3-text,g3v,0.15,1.0,6,6,0-1-2-7-8-9,402,368,34,60,0.8867469879518074
g3-text,g3v,0.15,1.0,6,6,0-1-3-4-5-6,399,368,31,60,0.8899637243047157
g3-text,g3v,0.15,1.0,6,6,0-1-3-4-5-7,399,368,31,60,0.8899637243047157
g3-text,g3v,0.15,1.0,6,6,0-1-3-4-5-8,400,367,33,61,0.8864734299516908
g3-text,g3v,0.15,1.0,6,6,0-1-3-4-5-9,399,367,32,61,0.8875453446191052
g3-text,g3v,0.15,1.0,6,6,0-1-3-4-6-7,401,369,32,59,0.8902291917973462
g3-text,g3v,0.15,1.0,6,6,0-1-3-4-6-8,402,368,34,60,0.8867469879518074
g3-text,g3v,0.15,1.0,6,6,0-1-3-4-6-9,400,369,31,59,0.891304347826087
g3-text,g3v,0.15,1.0,6,6,0-1-3-4-7-8,401,368,33,60,0.887816646562123
g3-text,g3v,0.15,1.0,6,6,0-1-3-4-7-9,400,369,31,59,0.891304347826087
g3-text,g3v,0.15,1.0,6,6,0-1-3-4-8-9,402,368,34,60,0.8867469879518074
g3-text,g3v,0.15,1.0,6,6,0-1-3-5-6-7,402,368,34,60,0.8867469879518074
g3-text,g3v,0.15,1.0,6,6,0-1-3-5-6-8,401,367,34,61,0.8854041013268998
g3-text,g3v,0.15,1.0,6,6,0-1-3-5-6-9,397,367,30,61,0.8896969696969695
g3-text,g3v,0.15,1.0,6,6,0-1-3-5-7-8,401,367,34,61,0.8854041013268998
g3-text,g3v,0.15,1.0,6,6,0-1-3-5-7-9,397,368,29,60,0.8921212121212122
g3-text,g3v,0.15,1.0,6,6,0-1-3-5-8-9,399,367,32,61,0.8875453446191052
g3-text,g3v,0.15,1.0,6,6,0-1-3-6-7-8,403,368,35,60,0.8856799037304454
g3-text,g3v,0.15,1.0,6,6,0-1-3-6-7-9,399,369,30,59,0.8923821039903265
g3-text,g3v,0.15,1.0,6,6,0-1-3-6-8-9,400,368,32,60,0.888888888888889
g3-text,g3v,0.15,1.0,6,6,0-1-3-7-8-9,400,368,32,60,0.888888888888889
g3-text,g3v,0.15,1.0,6,6,0-1-4-5-6-7,400,368,32,60,0.888888888888889
g3-text,g3v,0.15,1.0,6,6,0-1-4-5-6-8,400,367,33,61,0.8864734299516908
g3-text,g3v,0.15,1.0,6,6,0-1-4-5-6-9,399,368,31,60,0.8899637243047157
g3-text,g3v,0.15,1.0,6,6,0-1-4-5-7-8,400,368,32,60,0.888888888888889
g3-text,g3v,0.15,1.0,6,6,0-1-4-5-7-9,400,368,32,60,0.888888888888889
g3-text,g3v,0.15,1.0,6,6,0-1-4-5-8-9,402,367,35,61,0.8843373493975903
g3-text,g3v,0.15,1.0,6,6,0-1-4-6-7-8,402,369,33,59,0.8891566265060242
g3-text,g3v,0.15,1.0,6,6,0-1-4-6-7-9,401,370,31,58,0.8926417370325694
g3-text,g3v,0.15,1.0,6,6,0-1-4-6-8-9,402,369,33,59,0.8891566265060242
g3-text,g3v,0.15,1.0,6,6,0-1-4-7-8-9,402,369,33,59,0.8891566265060242
g3-text,g3v,0.15,1.0,6,6,0-1-5-6-7-8,402,367,35,61,0.8843373493975903
g3-text,g3v,0.15,1.0,6,6,0-1-5-6-7-9,398,368,30,60,0.8910411622276028
g3-text,g3v,0.15,1.0,6,6,0-1-5-6-8-9,399,367,32,61,0.8875453446191052
g3-text,g3v,0.15,1.0,6,6,0-1-5-7-8-9,399,367,32,61,0.8875453446191052
g3-text,g3v,0.15,1.0,6,6,0-1-6-7-8-9,401,369,32,59,0.8902291917973462
g3-text,g3v,0.15,1.0,6,6,0-2-3-4-5-6,402,368,34,60,0.8867469879518074
g3-text,g3v,0.15,1.0,6,6,0-2-3-4-5-7,403,369,34,59,0.8880866425992779
g3-text,g3v,0.15,1.0,6,6,0-2-3-4-5-8,402,367,35,61,0.8843373493975903
g3-text,g3v,0.15,1.0,6,6,0-2-3-4-5-9,402,368,34,60,0.8867469879518074
g3-text,g3v,0.15,1.0,6,6,0-2-3-4-6-7,403,369,34,59,0.8880866425992779
g3-text,g3v,0.15,1.0,6,6,0-2-3-4-6-8,402,368,34,60,0.8867469879518074
g3-text,g3v,0.15,1.0,6,6,0-2-3-4-6-9,401,368,33,60,0.887816646562123
g3-text,g3v,0.15,1.0,6,6,0-2-3-4-7-8,402,368,34,60,0.8867469879518074
g3-text,g3v,0.15,1.0,6,6,0-2-3-4-7-9,402,368,34,60,0.8867469879518074
g3-text,g3v,0.15,1.0,6,6,0-2-3-4-8-9,403,367,36,61,0.8832731648616124
g3-text,g3v,0.15,1.0,6,6,0-2-3-5-6-7,406,368,38,60,0.8824940047961631
g3-text,g3v,0.15,1.0,6,6,0-2-3-5-6-8,402,367,35,61,0.8843373493975903
g3-text,g3v,0.15,1.0,6,6,0-2-3-5-6-9,400,367,33,61,0.8864734299516908
g3-text,g3v,0.15,1.0,6,6,0-2-3-5-7-8,403,368,35,60,0.8856799037304454
g3-text,g3v,0.15,1.0,6,6,0-2-3-5-7-9,400,368,32,60,0.888888888888889
g3-text,g3v,0.15,1.0,6,6,0-2-3-5-8-9,401,367,34,61,0.8854041013268998
g3-text,g3v,0.15,1.0,6,6,0-2-3-6-7-8,403,368,35,60,0.8856799037304454
g3-text,g3v,0.15,1.0,6,6,0-2-3-6-7-9,400,368,32,60,0.888888888888889
g3-text,g3v,0.15,1.0,6,6,0-2-3-6-8-9,400,367,33,61,0.8864734299516908
g3-text,g3v,0.15,1.0,6,6,0-2-3-7-8-9,401,367,34,61,0.8854041013268998
g3-text,g3v,0.15,1.0,6,6,0-2-4-5-6-7,404,369,35,59,0.8870192307692307
g3-text,g3v,0.15,1.0,6,6,0-2-4-5-6-8,402,368,34,60,0.8867469879518074
g3-text,g3v,0.15,1.0,6,6,0-2-4-5-6-9,402,369,33,59,0.8891566265060242
g3-text,g3v,0.15,1.0,6,6,0-2-4-5-7-8,404,369,35,59,0.8870192307692307
g3-text,g3v,0.15,1.0,6,6,0-2-4-5-7-9,404,370,34,58,0.889423076923077
g3-text,g3v,0.15,1.0,6,6,0-2-4-5-8-9,405,369,36,59,0.8859543817527011
g3-text,g3v,0.15,1.0,6,6,0-2-4-6-7-8,403,369,34,59,0.8880866425992779
g3-text,g3v,0.15,1.0,6,6,0-2-4-6-7-9,403,370,33,58,0.8904933814681107
g3-text,g3v,0.15,1.0,6,6,0-2-4-6-8-9,403,369,34,59,0.8880866425992779
g3-text,g3v,0.15,1.0,6,6,0-2-4-7-8-9,404,369,35,59,0.8870192307692307
g3-text,g3v,0.15,1.0,6,6,0-2-5-6-7-8,404,368,36,60,0.8846153846153846
g3-text,g3v,0.15,1.0,6,6,0-2-5-6-7-9,401,369,32,59,0.8902291917973462
g3-text,g3v,0.15,1.0,6,6,0-2-5-6-8-9,401,368,33,60,0.887816646562123
g3-text,g3v,0.15,1.0,6,6,0-2-5-7-8-9,402,369,33,59,0.8891566265060242
g3-text,g3v,0.15,1.0,6,6,0-2-6-7-8-9,402,369,33,59,0.8891566265060242
g3-text,g3v,0.15,1.0,6,6,0-3-4-5-6-7,402,368,34,60,0.8867469879518074
g3-text,g3v,0.15,1.0,6,6,0-3-4-5-6-8,400,367,33,61,0.8864734299516908
g3-text,g3v,0.15,1.0,6,6,0-3-4-5-6-9,400,367,33,61,0.8864734299516908
g3-text,g3v,0.15,1.0,6,6,0-3-4-5-7-8,401,367,34,61,0.8854041013268998
g3-text,g3v,0.15,1.0,6,6,0-3-4-5-7-9,401,368,33,60,0.887816646562123
g3-text,g3v,0.15,1.0,6,6,0-3-4-5-8-9,403,367,36,61,0.8832731648616124
g3-text,g3v,0.15,1.0,6,6,0-3-4-6-7-8,402,368,34,60,0.8867469879518074
g3-text,g3v,0.15,1.0,6,6,0-3-4-6-7-9,402,369,33,59,0.8891566265060242
g3-text,g3v,0.15,1.0,6,6,0-3-4-6-8-9,402,368,34,60,0.8867469879518074
g3-text,g3v,0.15,1.0,6,6,0-3-4-7-8-9,403,369,34,59,0.8880866425992779
g3-text,g3v,0.15,1.0,6,6,0-3-5-6-7-8,402,368,34,60,0.8867469879518074
g3-text,g3v,0.15,1.0,6,6,0-3-5-6-7-9,399,367,32,61,0.8875453446191052
g3-text,g3v,0.15,1.0,6,6,0-3-5-6-8-9,399,366,33,62,0.8851269649334945
g3-text,g3v,0.15,1.0,6,6,0-3-5-7-8-9,400,367,33,61,0.8864734299516908
g3-text,g3v,0.15,1.0,6,6,0-3-6-7-8-9,401,368,33,60,0.887816646562123
g3-text,g3v,0.15,1.0,6,6,0-4-5-6-7-8,402,368,34,60,0.8867469879518074
g3-text,g3v,0.15,1.0,6,6,0-4-5-6-7-9,402,369,33,59,0.8891566265060242
g3-text,g3v,0.15,1.0,6,6,0-4-5-6-8-9,402,368,34,60,0.8867469879518074
g3-text,g3v,0.15,1.0,6,6,0-4-5-7-8-9,403,369,34,59,0.8880866425992779
g3-text,g3v,0.15,1.0,6,6,0-4-6-7-8-9,404,370,34,58,0.889423076923077
g3-text,g3v,0.15,1.0,6,6,0-5-6-7-8-9,401,368,33,60,0.887816646562123
g3-text,g3v,0.15,1.0,6,6,1-2-3-4-5-6,398,368,30,60,0.8910411622276028
g3-text,g3v,0.15,1.0,6,6,1-2-3-4-5-7,398,370,28,58,0.8958837772397095
g3-text,g3v,0.15,1.0,6,6,1-2-3-4-5-8,401,369,32,59,0.8902291917973462
g3-text,g3v,0.15,1.0,6,6,1-2-3-4-5-9,399,370,29,58,0.8948004836759371
g3-text,g3v,0.15,1.0,6,6,1-2-3-4-6-7,399,370,29,58,0.8948004836759371
g3-text,g3v,0.15,1.0,6,6,1-2-3-4-6-8,401,369,32,59,0.8902291917973462
g3-text,g3v,0.15,1.0,6,6,1-2-3-4-6-9,399,369,30,59,0.8923821039903265
g3-text,g3v,0.15,1.0,6,6,1-2-3-4-7-8,399,370,29,58,0.8948004836759371
g3-text,g3v,0.15,1.0,6,6,1-2-3-4-7-9,397,369,28,59,0.8945454545454545
g3-text,g3v,0.15,1.0,6,6,1-2-3-4-8-9,401,370,31,58,0.8926417370325694
g3-text,g3v,0.15,1.0,6,6,1-2-3-5-6-7,401,368,33,60,0.887816646562123
g3-text,g3v,0.15,1.0,6,6,1-2-3-5-6-8,403,369,34,59,0.8880866425992779
g3-text,g3v,0.15,1.0,6,6,1-2-3-5-6-9,399,369,30,59,0.8923821039903265
g3-text,g3v,0.15,1.0,6,6,1-2-3-5-7-8,401,369,32,59,0.8902291917973462
g3-text,g3v,0.15,1.0,6,6,1-2-3-5-7-9,398,370,28,58,0.8958837772397095
g3-text,g3v,0.15,1.0,6,6,1-2-3-5-8-9,401,371,30,57,0.8950542822677926
g3-text,g3v,0.15,1.0,6,6,1-2-3-6-7-8,402,369,33,59,0.8891566265060242
g3-text,g3v,0.15,1.0,6,6,1-2-3-6-7-9,398,369,29,59,0.8934624697336562
g3-text,g3v,0.15,1.0,6,6,1-2-3-6-8-9,401,369,32,59,0.8902291917973462
g3-text,g3v,0.15,1.0,6,6,1-2-3-7-8-9,399,369,30,59,0.8923821039903265
g3-text,g3v,0.15,1.0,6,6,1-2-4-5-6-7,399,369,30,59,0.8923821039903265
g3-text,g3v,0.15,1.0,6,6,1-2-4-5-6-8,402,369,33,59,0.8891566265060242
g3-text,g3v,0.15,1.0,6,6,1-2-4-5-6-9,401,369,32,59,0.8902291917973462
g3-text,g3v,0.15,1.0,6,6,1-2-4-5-7-8,401,370,31,58,0.8926417370325694
g3-text,g3v,0.15,1.0,6,6,1-2-4-5-7-9,400,370,30,58,0.8937198067632851
g3-text,g3v,0.15,1.0,6,6,1-2-4-5-8-9,404,371,33,57,0.8918269230769231
g3-text,g3v,0.15,1.0,6,6,1-2-4-6-7-8,401,370,31,58,0.8926417370325694
g3-text,g3v,0.15,1.0,6,6,1-2-4-6-7-9,400,370,30,58,0.8937198067632851
g3-text,g3v,0.15,1.0,6,6,1-2-4-6-8-9,403,370,33,58,0.8904933814681107
g3-text,g3v,0.15,1.0,6,6,1-2-4-7-8-9,401,370,31,58,0.8926417370325694
g3-text,g3v,0.15,1.0,6,6,1-2-5-6-7-8,405,370,35,58,0.8883553421368547
g3-text,g3v,0.15,1.0,6,6,1-2-5-6-7-9,402,371,31,57,0.8939759036144579
g3-text,g3v,0.15,1.0,6,6,1-2-5-6-8-9,404,370,34,58,0.889423076923077
g3-text,g3v,0.15,1.0,6,6,1-2-5-7-8-9,402,371,31,57,0.8939759036144579
g3-text,g3v,0.15,1.0,6,6,1-2-6-7-8-9,403,371,32,57,0.8929001203369434
g3-text,g3v,0.15,1.0,6,6,1-3-4-5-6-7,396,369,27,59,0.8956310679611651
g3-text,g3v,0.15,1.0,6,6,1-3-4-5-6-8,398,369,29,59,0.8934624697336562
g3-text,g3v,0.15,1.0,6,6,1-3-4-5-6-9,397,368,29,60,0.8921212121212122
g3-text,g3v,0.15,1.0,6,6,1-3-4-5-7-8,397,369,28,59,0.8945454545454545
g3-text,g3v,0.15,1.0,6,6,1-3-4-5-7-9,395,369,26,59,0.8967193195625759
g3-text,g3v,0.15,1.0,6,6,1-3-4-5-8-9,399,370,29,58,0.8948004836759371
g3-text,g3v,0.15,1.0,6,6,1-3-4-6-7-8,399,370,29,58,0.8948004836759371
g3-text,g3v,0.15,1.0,6,6,1-3-4-6-7-9,397,369,28,59,0.8945454545454545
g3-text,g3v,0.15,1.0,6,6,1-3-4-6-8-9,400,370,30,58,0.8937198067632851
g3-text,g3v,0.15,1.0,6,6,1-3-4-7-8-9,397,370,27,58,0.896969696969697
g3-text,g3v,0.15,1.0,6,6,1-3-5-6-7-8,400,369,31,59,0.891304347826087
g3-text,g3v,0.15,1.0,6,6,1-3-5-6-7-9,396,368,28,60,0.8932038834951457
g3-text,g3v,0.15,1.0,6,6,1-3-5-6-8-9,398,368,30,60,0.8910411622276028
g3-text,g3v,0.15,1.0,6,6,1-3-5-7-8-9,397,369,28,59,0.8945454545454545
g3-text,g3v,0.15,1.0,6,6,1-3-6-7-8-9,399,370,29,58,0.8948004836759371
g3-text,g3v,0.15,1.0,6,6,1-4-5-6-7-8,399,369,30,59,0.8923821039903265
g3-text,g3v,0.15,1.0,6,6,1-4-5-6-7-9,398,369,29,59,0.8934624697336562
g3-text,g3v,0.15,1.0,6,6,1-4-5-6-8-9,402,369,33,59,0.8891566265060242
g3-text,g3v,0.15,1.0,6,6,1-4-5-7-8-9,400,370,30,58,0.8937198067632851
g3-text,g3v,0.15,1.0,6,6,1-4-6-7-8-9,401,371,30,57,0.8950542822677926
g3-text,g3v,0.15,1.0,6,6,1-5-6-7-8-9,400,368,32,60,0.888888888888889
g3-text,g3v,0.15,1.0,6,6,2-3-4-5-6-7,397,368,29,60,0.8921212121212122
g3-text,g3v,0.15,1.0,6,6,2-3-4-5-6-8,400,370,30,58,0.8937198067632851
g3-text,g3v,0.15,1.0,6,6,2-3-4-5-6-9,400,368,32,60,0.888888888888889
g3-text,g3v,0.15,1.0,6,6,2-3-4-5-7-8,400,369,31,59,0.891304347826087
g3-text,g3v,0.15,1.0,6,6,2-3-4-5-7-9,399,369,30,59,0.8923821039903265
g3-text,g3v,0.15,1.0,6,6,2-3-4-5-8-9,401,370,31,58,0.8926417370325694
g3-text,g3v,0.15,1.0,6,6,2-3-4-6-7-8,400,368,32,60,0.888888888888889
g3-text,g3v,0.15,1.0,6,6,2-3-4-6-7-9,400,368,32,60,0.888888888888889
g3-text,g3v,0.15,1.0,6,6,2-3-4-6-8-9,402,369,33,59,0.8891566265060242
g3-text,g3v,0.15,1.0,6,6,2-3-4-7-8-9,401,370,31,58,0.8926417370325694
g3-text,g3v,0.15,1.0,6,6,2-3-5-6-7-8,400,369,31,59,0.891304347826087
g3-text,g3v,0.15,1.0,6,6,2-3-5-6-7-9,398,368,30,60,0.8910411622276028
g3-text,g3v,0.15,1.0,6,6,2-3-5-6-8-9,400,369,31,59,0.891304347826087
g3-text,g3v,0.15,1.0,6,6,2-3-5-7-8-9,400,370,30,58,0.8937198067632851
g3-text,g3v,0.15,1.0,6,6,2-3-6-7-8-9,401,370,31,58,0.8926417370325694
g3-text,g3v,0.15,1.0,6,6,2-4-5-6-7-8,402,371,31,57,0.8939759036144579
g3-text,g3v,0.15,1.0,6,6,2-4-5-6-7-9,401,370,31,58,0.8926417370325694
g3-text,g3v,0.15,1.0,6,6,2-4-5-6-8-9,402,370,32,58,0.8915662650602411
g3-text,g3v,0.15,1.0,6,6,2-4-5-7-8-9,402,370,32,58,0.8915662650602411
g3-text,g3v,0.15,1.0,6,6,2-4-6-7-8-9,403,370,33,58,0.8904933814681107
g3-text,g3v,0.15,1.0,6,6,2-5-6-7-8-9,401,370,31,58,0.8926417370325694
g3-text,g3v,0.15,1.0,6,6,3-4-5-6-7-8,401,369,32,59,0.8902291917973462
g3-text,g3v,0.15,1.0,6,6,3-4-5-6-7-9,401,369,32,59,0.8902291917973462
g3-text,g3v,0.15,1.0,6,6,3-4-5-6-8-9,402,369,33,59,0.8891566265060242
g3-text,g3v,0.15,1.0,6,6,3-4-5-7-8-9,400,369,31,59,0.891304347826087
g3-text,g3v,0.15,1.0,6,6,3-4-6-7-8-9,402,369,33,59,0.8891566265060242
g3-text,g3v,0.15,1.0,6,6,3-5-6-7-8-9,402,369,33,59,0.8891566265060242
g3-text,g3v,0.15,1.0,6,6,4-5-6-7-8-9,400,371,29,57,0.8961352657004831
g3-text,g3v,0.15,1.0,7,7,0-1-2-3-4-5-6,399,368,31,60,0.8899637243047157
g3-text,g3v,0.15,1.0,7,7,0-1-2-3-4-5-7,399,368,31,60,0.8899637243047157
g3-text,g3v,0.15,1.0,7,7,0-1-2-3-4-5-8,400,367,33,61,0.8864734299516908
g3-text,g3v,0.15,1.0,7,7,0-1-2-3-4-5-9,399,367,32,61,0.8875453446191052
g3-text,g3v,0.15,1.0,7,7,0-1-2-3-4-6-7,400,368,32,60,0.888888888888889
g3-text,g3v,0.15,1.0,7,7,0-1-2-3-4-6-8,401,367,34,61,0.8854041013268998
g3-text,g3v,0.15,1.0,7,7,0-1-2-3-4-6-9,399,368,31,60,0.8899637243047157
g3-text,g3v,0.15,1.0,7,7,0-1-2-3-4-7-8,400,367,33,61,0.8864734299516908
g3-text,g3v,0.15,1.0,7,7,0-1-2-3-4-7-9,399,368,31,60,0.8899637243047157
g3-text,g3v,0.15,1.0,7,7,0-1-2-3-4-8-9,401,367,34,61,0.8854041013268998
g3-text,g3v,0.15,1.0,7,7,0-1-2-3-5-6-7,402,367,35,61,0.8843373493975903
g3-text,g3v,0.15,1.0,7,7,0-1-2-3-5-6-8,401,367,34,61,0.8854041013268998
g3-text,g3v,0.15,1.0,7,7,0-1-2-3-5-6-9,397,366,31,62,0.8872727272727273
g3-text,g3v,0.15,1.0,7,7,0-1-2-3-5-7-8,401,367,34,61,0.8854041013268998
g3-text,g3v,0.15,1.0,7,7,0-1-2-3-5-7-9,397,368,29,60,0.8921212121212122
g3-text,g3v,0.15,1.0,7,7,0-1-2-3-5-8-9,399,366,33,62,0.8851269649334945
g3-text,g3v,0.15,1.0,7,7,0-1-2-3-6-7-8,402,366,36,62,0.8819277108433735
g3-text,g3v,0.15,1.0,7,7,0-1-2-3-6-7-9,398,367,31,61,0.8886198547215497
g3-text,g3v,0.15,1.0,7,7,0-1-2-3-6-8-9,399,366,33,62,0.8851269649334945
g3-text,g3v,0.15,1.0,7,7,0-1-2-3-7-8-9,399,367,32,61,0.8875453446191052
g3-text,g3v,0.15,1.0,7,7,0-1-2-4-5-6-7,400,368,32,60,0.888888888888889
g3-text,g3v,0.15,1.0,7,7,0-1-2-4-5-6-8,400,367,33,61,0.8864734299516908
g3-text,g3v,0.15,1.0,7,7,0-1-2-4-5-6-9,399,368,31,60,0.8899637243047157
g3-text,g3v,0.15,1.0,7,7,0-1-2-4-5-7-8,400,368,32,60,0.888888888888889
g3-text,g3v,0.15,1.0,7,7,0-1-2-4-5-7-9,400,368,32,60,0.888888888888889
g3-text,g3v,0.15,1.0,7,7,0-1-2-4-5-8-9,402,367,35,61,0.8843373493975903
g3-text,g3v,0.15,1.0,7,7,0-1-2-4-6-7-8,401,368,33,60,0.887816646562123
g3-text,g3v,0.15,1.0,7,7,0-1-2-4-6-7-9,400,369,31,59,0.891304347826087
g3-text,g3v,0.15,1.0,7,7,0-1-2-4-6-8-9,401,368,33,60,0.887816646562123
g3-text,g3v,0.15,1.0,7,7,0-1-2-4-7-8-9,401,368,33,60,0.887816646562123
g3-text,g3v,0.15,1.0,7,7,0-1-2-5-6-7-8,402,367,35,61,0.8843373493975903
g3-text,g3v,0.15,1.0,7,7,0-1-2-5-6-7-9,398,368,30,60,0.8910411622276028
g3-text,g3v,0.15,1.0,7,7,0-1-2-5-6-8-9,399,367,32,61,0.8875453446191052
g3-text,g3v,0.15,1.0,7,7,0-1-2-5-7-8-9,399,367,32,61,0.8875453446191052
g3-text,g3v,0.15,1.0,7,7,0-1-2-6-7-8-9,400,368,32,60,0.888888888888889
g3-text,g3v,0.15,1.0,7,7,0-1-3-4-5-6-7,397,367,30,61,0.8896969696969695
g3-text,g3v,0.15,1.0,7,7,0-1-3-4-5-6-8,397,366,31,62,0.8872727272727273
g3-text,g3v,0.15,1.0,7,7,0-1-3-4-5-6-9,396,367,29,61,0.8907766990291262
g3-text,g3v,0.15,1.0,7,7,0-1-3-4-5-7-8,397,367,30,61,0.8896969696969695
g3-text,g3v,0.15,1.0,7,7,0-1-3-4-5-7-9,396,368,28,60,0.8932038834951457
g3-text,g3v,0.15,1.0,7,7,0-1-3-4-5-8-9,398,367,31,61,0.8886198547215497
g3-text,g3v,0.15,1.0,7,7,0-1-3-4-6-7-8,399,368,31,60,0.8899637243047157
g3-text,g3v,0.15,1.0,7,7,0-1-3-4-6-7-9,398,369,29,59,0.8934624697336562
g3-text,g3v,0.15,1.0,7,7,0-1-3-4-6-8-9,399,368,31,60,0.8899637243047157
g3-text,g3v,0.15,1.0,7,7,0-1-3-4-7-8-9,399,368,31,60,0.8899637243047157
g3-text,g3v,0.15,1.0,7,7,0-1-3-5-6-7-8,399,366,33,62,0.8851269649334945
g3-text,g3v,0.15,1.0,7,7,0-1-3-5-6-7-9,395,367,28,61,0.8918590522478737
g3-text,g3v,0.15,1.0,7,7,0-1-3-5-6-8-9,396,366,30,62,0.8883495145631068
g3-text,g3v,0.15,1.0,7,7,0-1-3-5-7-8-9,396,367,29,61,0.8907766990291262
g3-text,g3v,0.15,1.0,7,7,0-1-3-6-7-8-9,398,368,30,60,0.8910411622276028
g3-text,g3v,0.15,1.0,7,7,0-1-4-5-6-7-8,398,367,31,61,0.8886198547215497
g3-text,g3v,0.15,1.0,7,7,0-1-4-5-6-7-9,397,368,29,60,0.8921212121212122
g3-text,g3v,0.15,1.0,7,7,0-1-4-5-6-8-9,398,367,31,61,0.8886198547215497
g3-text,g3v,0.15,1.0,7,7,0-1-4-5-7-8-9,398,368,30,60,0.8910411622276028
g3-text,g3v,0.15,1.0,7,7,0-1-4-6-7-8-9,400,369,31,59,0.891304347826087
g3-text,g3v,0.15,1.0,7,7,0-1-5-6-7-8-9,397,367,30,61,0.8896969696969695
g3-text,g3v,0.15,1.0,7,7,0-2-3-4-5-6-7,400,368,32,60,0.888888888888889
g3-text,g3v,0.15,1.0,7,7,0-2-3-4-5-6-8,398,367,31,61,0.8886198547215497
g3-text,g3v,0.15,1.0,7,7,0-2-3-4-5-6-9,398,367,31,61,0.8886198547215497
g3-text,g3v,0.15,1.0,7,7,0-2-3-4-5-7-8,399,367,32,61,0.8875453446191052
g3-text,g3v,0.15,1.0,7,7,0-2-3-4-5-7-9,399,368,31,60,0.8899637243047157
g3-text,g3v,0.15,1.0,7,7,0-2-3-4-5-8-9,400,367,33,61,0.8864734299516908
g3-text,g3v,0.15,1.0,7,7,0-2-3-4-6-7-8,399,367,32,61,0.8875453446191052
g3-text,g3v,0.15,1.0,7,7,0-2-3-4-6-7-9,399,368,31,60,0.8899637243047157
g3-text,g3v,0.15,1.0,7,7,0-2-3-4-6-8-9,399,367,32,61,0.8875453446191052
g3-text,g3v,0.15,1.0,7,7,0-2-3-4-7-8-9,400,367,33,61,0.8864734299516908
g3-text,g3v,0.15,1.0,7,7,0-2-3-5-6-7-8,400,367,33,61,0.8864734299516908
g3-text,g3v,0.15,1.0,7,7,0-2-3-5-6-7-9,397,367,30,61,0.8896969696969695
g3-text,g3v,0.15,1.0,7,7,0-2-3-5-6-8-9,397,366,31,62,0.8872727272727273
g3-text,g3v,0.15,1.0,7,7,0-2-3-5-7-8-9,398,367,31,61,0.8886198547215497
g3-text,g3v,0.15,1.0,7,7,0-2-3-6-7-8-9,398,367,31,61,0.8886198547215497
g3-text,g3v,0.15,1.0,7,7,0-2-4-5-6-7-8,400,368,32,60,0.888888888888889
g3-text,g3v,0.15,1.0,7,7,0-2-4-5-6-7-9,400,369,31,59,0.891304347826087
g3-text,g3v,0.15,1.0,7,7,0-2-4-5-6-8-9,400,368,32,60,0.888888888888889
g3-text,g3v,0.15,1.0,7,7,0-2-4-5-7-8-9,401,369,32,59,0.8902291917973462
g3-text,g3v,0.15,1.0,7,7,0-2-4-6-7-8-9,401,369,32,59,0.8902291917973462
g3-text,g3v,0.15,1.0,7,7,0-2-5-6-7-8-9,399,368,31,60,0.8899637243047157
g3-text,g3v,0.15,1.0,7,7,0-3-4-5-6-7-8,398,367,31,61,0.8886198547215497
g3-text,g3v,0.15,1.0,7,7,0-3-4-5-6-7-9,398,367,31,61,0.8886198547215497
g3-text,g3v,0.15,1.0,7,7,0-3-4-5-6-8-9,398,366,32,62,0.8861985472154965
g3-text,g3v,0.15,1.0,7,7,0-3-4-5-7-8-9,399,367,32,61,0.8875453446191052
g3-text,g3v,0.15,1.0,7,7,0-3-4-6-7-8-9,400,368,32,60,0.888888888888889
g3-text,g3v,0.15,1.0,7,7,0-3-5-6-7-8-9,397,366,31,62,0.8872727272727273
g3-text,g3v,0.15,1.0,7,7,0-4-5-6-7-8-9,400,368,32,60,0.888888888888889
g3-text,g3v,0.15,1.0,7,7,1-2-3-4-5-6-7,396,369,27,59,0.8956310679611651
g3-text,g3v,0.15,1.0,7,7,1-2-3-4-5-6-8,398,368,30,60,0.8910411622276028
g3-text,g3v,0.15,1.0,7,7,1-2-3-4-5-6-9,397,368,29,60,0.8921212121212122
g3-text,g3v,0.15,1.0,7,7,1-2-3-4-5-7-8,397,369,28,59,0.8945454545454545
g3-text,g3v,0.15,1.0,7,7,1-2-3-4-5-7-9,396,369,27,59,0.8956310679611651
g3-text,g3v,0.15,1.0,7,7,1-2-3-4-5-8-9,399,370,29,58,0.8948004836759371
g3-text,g3v,0.15,1.0,7,7,1-2-3-4-6-7-8,398,369,29,59,0.8934624697336562
g3-text,g3v,0.15,1.0,7,7,1-2-3-4-6-7-9,397,369,28,59,0.8945454545454545
g3-text,g3v,0.15,1.0,7,7,1-2-3-4-6-8-9,399,369,30,59,0.8923821039903265
g3-text,g3v,0.15,1.0,7,7,1-2-3-4-7-8-9,398,370,28,58,0.8958837772397095
g3-text,g3v,0.15,1.0,7,7,1-2-3-5-6-7-8,400,369,31,59,0.891304347826087
g3-text,g3v,0.15,1.0,7,7,1-2-3-5-6-7-9,396,368,28,60,0.8932038834951457
g3-text,g3v,0.15,1.0,7,7,1-2-3-5-6-8-9,399,369,30,59,0.8923821039903265
g3-text,g3v,0.15,1.0,7,7,1-2-3-5-7-8-9,398,370,28,58,0.8958837772397095
g3-text,g3v,0.15,1.0,7,7,1-2-3-6-7-8-9,398,369,29,59,0.8934624697336562
g3-text,g3v,0.15,1.0,7,7,1-2-4-5-6-7-8,399,369,30,59,0.8923821039903265
g3-text,g3v,0.15,1.0,7,7,1-2-4-5-6-7-9,398,369,29,59,0.8934624697336562
g3-text,g3v,0.15,1.0,7,7,1-2-4-5-6-8-9,401,369,32,59,0.8902291917973462
g3-text,g3v,0.15,1.0,7,7,1-2-4-5-7-8-9,399,370,29,58,0.8948004836759371
g3-text,g3v,0.15,1.0,7,7,1-2-4-6-7-8-9,400,370,30,58,0.8937198067632851
g3-text,g3v,0.15,1.0,7,7,1-2-5-6-7-8-9,401,370,31,58,0.8926417370325694
g3-text,g3v,0.15,1.0,7,7,1-3-4-5-6-7-8,395,368,27,60,0.8942891859052248
g3-text,g3v,0.15,1.0,7,7,1-3-4-5-6-7-9,395,368,27,60,0.8942891859052248
g3-text,g3v,0.15,1.0,7,7,1-3-4-5-6-8-9,397,368,29,60,0.8921212121212122
g3-text,g3v,0.15,1.0,7,7,1-3-4-5-7-8-9,396,369,27,59,0.8956310679611651
g3-text,g3v,0.15,1.0,7,7,1-3-4-6-7-8-9,397,369,28,59,0.8945454545454545
g3-text,g3v,0.15,1.0,7,7,1-3-5-6-7-8-9,396,368,28,60,0.8932038834951457
g3-text,g3v,0.15,1.0,7,7,1-4-5-6-7-8-9,398,369,29,59,0.8934624697336562
g3-text,g3v,0.15,1.0,7,7,2-3-4-5-6-7-8,398,370,28,58,0.8958837772397095
g3-text,g3v,0.15,1.0,7,7,2-3-4-5-6-7-9,398,369,29,59,0.8934624697336562
g3-text,g3v,0.15,1.0,7,7,2-3-4-5-6-8-9,399,368,31,60,0.8899637243047157
g3-text,g3v,0.15,1.0,7,7,2-3-4-5-7-8-9,399,369,30,59,0.8923821039903265
g3-text,g3v,0.15,1.0,7,7,2-3-4-6-7-8-9,400,369,31,59,0.891304347826087
g3-text,g3v,0.15,1.0,7,7,2-3-5-6-7-8-9,398,370,28,58,0.8958837772397095
g3-text,g3v,0.15,1.0,7,7,2-4-5-6-7-8-9,400,370,30,58,0.8937198067632851
g3-text,g3v,0.15,1.0,7,7,3-4-5-6-7-8-9,400,369,31,59,0.891304347826087
g3-text,g3v,0.15,1.0,8,8,0-1-2-3-4-5-6-7,397,368,29,60,0.8921212121212122
g3-text,g3v,0.15,1.0,8,8,0-1-2-3-4-5-6-8,397,366,31,62,0.8872727272727273
g3-text,g3v,0.15,1.0,8,8,0-1-2-3-4-5-6-9,396,367,29,61,0.8907766990291262
g3-text,g3v,0.15,1.0,8,8,0-1-2-3-4-5-7-8,397,367,30,61,0.8896969696969695
g3-text,g3v,0.15,1.0,8,8,0-1-2-3-4-5-7-9,396,368,28,60,0.8932038834951457
g3-text,g3v,0.15,1.0,8,8,0-1-2-3-4-5-8-9,398,366,32,62,0.8861985472154965
g3-text,g3v,0.15,1.0,8,8,0-1-2-3-4-6-7-8,398,367,31,61,0.8886198547215497
g3-text,g3v,0.15,1.0,8,8,0-1-2-3-4-6-7-9,397,368,29,60,0.8921212121212122
g3-text,g3v,0.15,1.0,8,8,0-1-2-3-4-6-8-9,398,367,31,61,0.8886198547215497
g3-text,g3v,0.15,1.0,8,8,0-1-2-3-4-7-8-9,398,367,31,61,0.8886198547215497
g3-text,g3v,0.15,1.0,8,8,0-1-2-3-5-6-7-8,399,366,33,62,0.8851269649334945
g3-text,g3v,0.15,1.0,8,8,0-1-2-3-5-6-7-9,395,366,29,62,0.8894289185905225
g3-text,g3v,0.15,1.0,8,8,0-1-2-3-5-6-8-9,396,366,30,62,0.8883495145631068
g3-text,g3v,0.15,1.0,8,8,0-1-2-3-5-7-8-9,396,367,29,61,0.8907766990291262
g3-text,g3v,0.15,1.0,8,8,0-1-2-3-6-7-8-9,397,366,31,62,0.8872727272727273
g3-text,g3v,0.15,1.0,8,8,0-1-2-4-5-6-7-8,398,367,31,61,0.8886198547215497
g3-text,g3v,0.15,1.0,8,8,0-1-2-4-5-6-7-9,397,368,29,60,0.8921212121212122
g3-text,g3v,0.15,1.0,8,8,0-1-2-4-5-6-8-9,398,367,31,61,0.8886198547215497
g3-text,g3v,0.15,1.0,8,8,0-1-2-4-5-7-8-9,398,367,31,61,0.8886198547215497
g3-text,g3v,0.15,1.0,8,8,0-1-2-4-6-7-8-9,399,368,31,60,0.8899637243047157
g3-text,g3v,0.15,1.0,8,8,0-1-2-5-6-7-8-9,397,367,30,61,0.8896969696969695
g3-text,g3v,0.15,1.0,8,8,0-1-3-4-5-6-7-8,395,366,29,62,0.8894289185905225
g3-text,g3v,0.15,1.0,8,8,0-1-3-4-5-6-7-9,394,367,27,61,0.8929440389294404
g3-text,g3v,0.15,1.0,8,8,0-1-3-4-5-6-8-9,395,366,29,62,0.8894289185905225
g3-text,g3v,0.15,1.0,8,8,0-1-3-4-5-7-8-9,395,367,28,61,0.8918590522478737
g3-text,g3v,0.15,1.0,8,8,0-1-3-4-6-7-8-9,397,368,29,60,0.8921212121212122
g3-text,g3v,0.15,1.0,8,8,0-1-3-5-6-7-8-9,394,366,28,62,0.8905109489051095
g3-text,g3v,0.15,1.0,8,8,0-1-4-5-6-7-8-9,396,367,29,61,0.8907766990291262
g3-text,g3v,0.15,1.0,8,8,0-2-3-4-5-6-7-8,396,368,28,60,0.8932038834951457
g3-text,g3v,0.15,1.0,8,8,0-2-3-4-5-6-7-9,396,367,29,61,0.8907766990291262
g3-text,g3v,0.15,1.0,8,8,0-2-3-4-5-6-8-9,396,366,30,62,0.8883495145631068
g3-text,g3v,0.15,1.0,8,8,0-2-3-4-5-7-8-9,397,367,30,61,0.8896969696969695
g3-text,g3v,0.15,1.0,8,8,0-2-3-4-6-7-8-9,397,367,30,61,0.8896969696969695
g3-text,g3v,0.15,1.0,8,8,0-2-3-5-6-7-8-9,395,366,29,62,0.8894289185905225
g3-text,g3v,0.15,1.0,8,8,0-2-4-5-6-7-8-9,398,368,30,60,0.8910411622276028
g3-text,g3v,0.15,1.0,8,8,0-3-4-5-6-7-8-9,396,366,30,62,0.8883495145631068
g3-text,g3v,0.15,1.0,8,8,1-2-3-4-5-6-7-8,396,369,27,59,0.8956310679611651
g3-text,g3v,0.15,1.0,8,8,1-2-3-4-5-6-7-9,395,368,27,60,0.8942891859052248
g3-text,g3v,0.15,1.0,8,8,1-2-3-4-5-6-8-9,397,368,29,60,0.8921212121212122
g3-text,g3v,0.15,1.0,8,8,1-2-3-4-5-7-8-9,396,369,27,59,0.8956310679611651
g3-text,g3v,0.15,1.0,8,8,1-2-3-4-6-7-8-9,397,369,28,59,0.8945454545454545
g3-text,g3v,0.15,1.0,8,8,1-2-3-5-6-7-8-9,396,368,28,60,0.8932038834951457
g3-text,g3v,0.15,1.0,8,8,1-2-4-5-6-7-8-9,398,369,29,59,0.8934624697336562
g3-text,g3v,0.15,1.0,8,8,1-3-4-5-6-7-8-9,395,369,26,59,0.8967193195625759
g3-text,g3v,0.15,1.0,8,8,2-3-4-5-6-7-8-9,397,370,27,58,0.896969696969697
g3-text,g3v,0.15,1.0,9,9,0-1-2-3-4-5-6-7-8,395,366,29,62,0.8894289185905225
g3-text,g3v,0.15,1.0,9,9,0-1-2-3-4-5-6-7-9,394,367,27,61,0.8929440389294404
g3-text,g3v,0.15,1.0,9,9,0-1-2-3-4-5-6-8-9,395,366,29,62,0.8894289185905225
g3-text,g3v,0.15,1.0,9,9,0-1-2-3-4-5-7-8-9,395,367,28,61,0.8918590522478737
g3-text,g3v,0.15,1.0,9,9,0-1-2-3-4-6-7-8-9,396,367,29,61,0.8907766990291262
g3-text,g3v,0.15,1.0,9,9,0-1-2-3-5-6-7-8-9,394,365,29,63,0.8880778588807786
g3-text,g3v,0.15,1.0,9,9,0-1-2-4-5-6-7-8-9,396,367,29,61,0.8907766990291262
g3-text,g3v,0.15,1.0,9,9,0-1-3-4-5-6-7-8-9,393,366,27,62,0.8915956151035322
g3-text,g3v,0.15,1.0,9,9,0-2-3-4-5-6-7-8-9,394,366,28,62,0.8905109489051095
g3-text,g3v,0.15,1.0,9,9,1-2-3-4-5-6-7-8-9,395,368,27,60,0.8942891859052248
g3-text,g3v,0.15,1.0,10,10,0-1-2-3-4-5-6-7-8-9,393,366,27,62,0.8915956151035322
g3-text-temp1,g3v,0.15,1.0,1,1,0,477,372,105,56,0.8220994475138121
g3-text-temp1,g3v,0.15,1.0,1,1,1,461,372,89,56,0.8368953880764903
g3-text-temp1,g3v,0.15,1.0,1,1,2,463,374,89,54,0.8395061728395061
g3-text-temp1,g3v,0.15,1.0,1,1,3,468,368,100,60,0.8214285714285714
g3-text-temp1,g3v,0.15,1.0,1,1,4,462,375,87,53,0.8426966292134831
g3-text-temp1,g3v,0.15,1.0,2,2,0-1,423,371,52,57,0.871915393654524
g3-text-temp1,g3v,0.15,1.0,2,2,0-2,425,371,54,57,0.8698710433763188
g3-text-temp1,g3v,0.15,1.0,2,2,0-3,424,368,56,60,0.863849765258216
g3-text-temp1,g3v,0.15,1.0,2,2,0-4,426,375,51,53,0.8782201405152226
g3-text-temp1,g3v,0.15,1.0,2,2,1-2,424,373,51,55,0.875586854460094
g3-text-temp1,g3v,0.15,1.0,2,2,1-3,418,368,50,60,0.8699763593380615
g3-text-temp1,g3v,0.15,1.0,2,2,1-4,422,374,48,54,0.88
g3-text-temp1,g3v,0.15,1.0,2,2,2-3,421,368,53,60,0.866902237926973
g3-text-temp1,g3v,0.15,1.0,2,2,2-4,418,371,47,57,0.8770685579196217
g3-text-temp1,g3v,0.15,1.0,2,2,3-4,417,372,45,56,0.880473372781065
g3-text-temp1,g3v,0.15,1.0,3,3,0-1-2,409,366,43,62,0.8745519713261649
g3-text-temp1,g3v,0.15,1.0,3,3,0-1-3,409,367,42,61,0.8769414575866187
g3-text-temp1,g3v,0.15,1.0,3,3,0-1-4,413,373,40,55,0.8870392390011891
g3-text-temp1,g3v,0.15,1.0,3,3,0-2-3,409,366,43,62,0.8745519713261649
g3-text-temp1,g3v,0.15,1.0,3,3,0-2-4,410,369,41,59,0.8806682577565633
g3-text-temp1,g3v,0.15,1.0,3,3,0-3-4,409,369,40,59,0.8817204301075269
g3-text-temp1,g3v,0.15,1.0,3,3,1-2-3,409,364,45,64,0.8697729988052569
g3-text-temp1,g3v,0.15,1.0,3,3,1-2-4,413,372,41,56,0.8846611177170036
g3-text-temp1,g3v,0.15,1.0,3,3,1-3-4,407,368,39,60,0.8814371257485031
g3-text-temp1,g3v,0.15,1.0,3,3,2-3-4,407,370,37,58,0.8862275449101796
g3-text-temp1,g3v,0.15,1.0,4,4,0-1-2-3,401,363,38,65,0.8757539203860072
g3-text-temp1,g3v,0.15,1.0,4,4,0-1-2-4,403,366,37,62,0.8808664259927799
g3-text-temp1,g3v,0.15,1.0,4,4,0-1-3-4,403,368,35,60,0.8856799037304454
g3-text-temp1,g3v,0.15,1.0,4,4,0-2-3-4,402,366,36,62,0.8819277108433735
g3-text-temp1,g3v,0.15,1.0,4,4,1-2-3-4,404,366,38,62,0.8798076923076923
g3-text-temp1,g3v,0.15,1.0,5,5,0-1-2-3-4,397,364,33,64,0.8824242424242424
g37-image,g37v,0.88,1.0,1,1,0,485,404,81,24,0.8849945235487405
g37-image,g37v,0.88,1.0,1,1,1,470,400,70,28,0.8908685968819599
g37-image,g37v,0.88,1.0,1,1,2,488,402,86,26,0.8777292576419214
g37-image,g37v,0.88,1.0,1,1,3,473,399,74,29,0.8856825749167592
g37-image,g37v,0.88,1.0,1,1,4,480,401,79,27,0.8832599118942731
g37-image,g37v,0.88,1.0,2,2,0-1,453,402,51,26,0.9125993189557321
g37-image,g37v,0.88,1.0,2,2,0-2,453,402,51,26,0.9125993189557321
g37-image,g37v,0.88,1.0,2,2,0-3,456,402,54,26,0.9095022624434388
g37-image,g37v,0.88,1.0,2,2,0-4,453,404,49,24,0.917139614074915
g37-image,g37v,0.88,1.0,2,2,1-2,445,399,46,29,0.9140893470790379
g37-image,g37v,0.88,1.0,2,2,1-3,447,398,49,30,0.9097142857142858
g37-image,g37v,0.88,1.0,2,2,1-4,447,400,47,28,0.9142857142857144
g37-image,g37v,0.88,1.0,2,2,2-3,456,400,56,28,0.9049773755656108
g37-image,g37v,0.88,1.0,2,2,2-4,457,402,55,26,0.9084745762711866
g37-image,g37v,0.88,1.0,2,2,3-4,458,400,58,28,0.9029345372460498
g37-image,g37v,0.88,1.0,3,3,0-1-2,438,401,37,27,0.9260969976905312
g37-image,g37v,0.88,1.0,3,3,0-1-3,442,401,41,27,0.9218390804597703
g37-image,g37v,0.88,1.0,3,3,0-1-4,439,402,37,26,0.9273356401384083
g37-image,g37v,0.88,1.0,3,3,0-2-3,446,401,45,27,0.9176201372997712
g37-image,g37v,0.88,1.0,3,3,0-2-4,440,401,39,27,0.923963133640553
g37-image,g37v,0.88,1.0,3,3,0-3-4,446,401,45,27,0.9176201372997712
g37-image,g37v,0.88,1.0,3,3,1-2-3,438,397,41,31,0.9168591224018476
g37-image,g37v,0.88,1.0,3,3,1-2-4,436,399,37,29,0.923611111111111
g37-image,g37v,0.88,1.0,3,3,1-3-4,439,398,41,30,0.9181084198385236
g37-image,g37v,0.88,1.0,3,3,2-3-4,447,401,46,27,0.9165714285714286
g37-image,g37v,0.88,1.0,4,4,0-1-2-3,435,400,35,28,0.9269988412514485
g37-image,g37v,0.88,1.0,4,4,0-1-2-4,430,399,31,29,0.9300699300699301
g37-image,g37v,0.88,1.0,4,4,0-1-3-4,434,399,35,29,0.925754060324826
g37-image,g37v,0.88,1.0,4,4,0-2-3-4,439,399,40,29,0.9204152249134948
g37-image,g37v,0.88,1.0,4,4,1-2-3-4,433,398,35,30,0.9245063879210221
g37-image,g37v,0.88,1.0,5,5,0-1-2-3-4,429,398,31,30,0.9288214702450408
g37-image,g37v,0.9,1.0,1,1,0,485,404,81,24,0.8849945235487405
g37-image,g37v,0.9,1.0,1,1,1,470,400,70,28,0.8908685968819599
g37-image,g37v,0.9,1.0,1,1,2,488,402,86,26,0.8777292576419214
g37-image,g37v,0.9,1.0,1,1,3,473,399,74,29,0.8856825749167592
g37-image,g37v,0.9,1.0,1,1,4,479,401,78,27,0.8842337375964718
g37-image,g37v,0.9,1.0,2,2,0-1,453,402,51,26,0.9125993189557321
g37-image,g37v,0.9,1.0,2,2,0-2,453,402,51,26,0.9125993189557321
g37-image,g37v,0.9,1.0,2,2,0-3,456,402,54,26,0.9095022624434388
g37-image,g37v,0.9,1.0,2,2,0-4,453,404,49,24,0.917139614074915
g37-image,g37v,0.9,1.0,2,2,1-2,445,399,46,29,0.9140893470790379
g37-image,g37v,0.9,1.0,2,2,1-3,447,398,49,30,0.9097142857142858
g37-image,g37v,0.9,1.0,2,2,1-4,447,400,47,28,0.9142857142857144
g37-image,g37v,0.9,1.0,2,2,2-3,456,400,56,28,0.9049773755656108
g37-image,g37v,0.9,1.0,2,2,2-4,457,402,55,26,0.9084745762711866
g37-image,g37v,0.9,1.0,2,2,3-4,458,400,58,28,0.9029345372460498
g37-image,g37v,0.9,1.0,3,3,0-1-2,438,401,37,27,0.9260969976905312
g37-image,g37v,0.9,1.0,3,3,0-1-3,442,401,41,27,0.9218390804597703
g37-image,g37v,0.9,1.0,3,3,0-1-4,439,402,37,26,0.9273356401384083
g37-image,g37v,0.9,1.0,3,3,0-2-3,446,401,45,27,0.9176201372997712
g37-image,g37v,0.9,1.0,3,3,0-2-4,440,401,39,27,0.923963133640553
g37-image,g37v,0.9,1.0,3,3,0-3-4,446,401,45,27,0.9176201372997712
g37-image,g37v,0.9,1.0,3,3,1-2-3,438,397,41,31,0.9168591224018476
g37-image,g37v,0.9,1.0,3,3,1-2-4,436,399,37,29,0.923611111111111
g37-image,g37v,0.9,1.0,3,3,1-3-4,439,398,41,30,0.9181084198385236
g37-image,g37v,0.9,1.0,3,3,2-3-4,447,401,46,27,0.9165714285714286
g37-image,g37v,0.9,1.0,4,4,0-1-2-3,435,400,35,28,0.9269988412514485
g37-image,g37v,0.9,1.0,4,4,0-1-2-4,430,399,31,29,0.9300699300699301
g37-image,g37v,0.9,1.0,4,4,0-1-3-4,434,399,35,29,0.925754060324826
g37-image,g37v,0.9,1.0,4,4,0-2-3-4,439,399,40,29,0.9204152249134948
g37-image,g37v,0.9,1.0,4,4,1-2-3-4,433,398,35,30,0.9245063879210221
g37-image,g37v,0.9,1.0,5,5,0-1-2-3-4,429,398,31,30,0.9288214702450408
g37-image,g3v,0.1,1.0,1,1,0,503,405,98,23,0.870032223415682
g37-image,g3v,0.1,1.0,1,1,1,489,401,88,27,0.8745910577971647
g37-image,g3v,0.1,1.0,1,1,2,505,403,102,25,0.8638799571275455
g37-image,g3v,0.1,1.0,1,1,3,495,401,94,27,0.8689057421451787
g37-image,g3v,0.1,1.0,1,1,4,495,403,92,25,0.8732394366197184
g37-image,g3v,0.1,1.0,2,2,0-1,468,402,66,26,0.8973214285714286
g37-image,g3v,0.1,1.0,2,2,0-2,468,402,66,26,0.8973214285714286
g37-image,g3v,0.1,1.0,2,2,0-3,471,403,68,25,0.896551724137931
g37-image,g3v,0.1,1.0,2,2,0-4,469,405,64,23,0.903010033444816
g37-image,g3v,0.1,1.0,2,2,1-2,460,400,60,28,0.9009009009009009
g37-image,g3v,0.1,1.0,2,2,1-3,463,399,64,29,0.8956228956228957
g37-image,g3v,0.1,1.0,2,2,1-4,460,401,59,27,0.9031531531531531
g37-image,g3v,0.1,1.0,2,2,2-3,470,402,68,26,0.8953229398663698
g37-image,g3v,0.1,1.0,2,2,2-4,468,403,65,25,0.8995535714285715
g37-image,g3v,0.1,1.0,2,2,3-4,471,402,69,26,0.8943270300333704
g37-image,g3v,0.1,1.0,3,3,0-1-2,451,401,50,27,0.9124004550625712
g37-image,g3v,0.1,1.0,3,3,0-1-3,456,401,55,27,0.9072398190045249
g37-image,g3v,0.1,1.0,3,3,0-1-4,453,402,51,26,0.9125993189557321
g37-image,g3v,0.1,1.0,3,3,0-2-3,459,401,58,27,0.9041713641488163
g37-image,g3v,0.1,1.0,3,3,0-2-4,452,401,51,27,0.9113636363636364
g37-image,g3v,0.1,1.0,3,3,0-3-4,460,402,58,26,0.9054054054054055
g37-image,g3v,0.1,1.0,3,3,1-2-3,450,398,52,30,0.9066059225512529
g37-image,g3v,0.1,1.0,3,3,1-2-4,448,400,48,28,0.91324200913242
g37-image,g3v,0.1,1.0,3,3,1-3-4,451,399,52,29,0.9078498293515358
g37-image,g3v,0.1,1.0,3,3,2-3-4,458,402,56,26,0.90744920993228
g37-image,g3v,0.1,1.0,4,4,0-1-2-3,448,400,48,28,0.91324200913242
g37-image,g3v,0.1,1.0,4,4,0-1-2-4,442,399,43,29,0.9172413793103448
g37-image,g3v,0.1,1.0,4,4,0-1-3-4,447,399,48,29,0.912
g37-image,g3v,0.1,1.0,4,4,0-2-3-4,451,399,52,29,0.9078498293515358
g37-image,g3v,0.1,1.0,4,4,1-2-3-4,444,399,45,29,0.9151376146788991
g37-image,g3v,0.1,1.0,5,5,0-1-2-3-4,441,398,43,30,0.9159953970080553
g37-image-cache,g37v,0.9,1.0,1,1,0,485,402,83,26,0.8806133625410735
g37-image-cache,g37v,0.9,1.0,1,1,1,486,402,84,26,0.8796498905908097
g37-image-cache,g37v,0.9,1.0,1,1,2,463,399,64,29,0.8956228956228957
g37-image-cache,g37v,0.9,1.0,1,1,3,484,400,84,28,0.8771929824561404
g37-image-cache,g37v,0.9,1.0,1,1,4,484,403,81,25,0.8837719298245613
g37-image-cache,g37v,0.9,1.0,2,2,0-1,465,403,62,25,0.9025755879059352
g37-image-cache,g37v,0.9,1.0,2,2,0-2,455,405,50,23,0.9173272933182333
g37-image-cache,g37v,0.9,1.0,2,2,0-3,459,404,55,24,0.9109357384441938
g37-image-cache,g37v,0.9,1.0,2,2,0-4,459,403,56,25,0.9086809470124013
g37-image-cache,g37v,0.9,1.0,2,2,1-2,452,404,48,24,0.9181818181818181
g37-image-cache,g37v,0.9,1.0,2,2,1-3,456,404,52,24,0.9140271493212668
g37-image-cache,g37v,0.9,1.0,2,2,1-4,462,403,59,25,0.90561797752809
g37-image-cache,g37v,0.9,1.0,2,2,2-3,442,400,42,28,0.9195402298850575
g37-image-cache,g37v,0.9,1.0,2,2,2-4,449,401,48,27,0.9144811858608893
g37-image-cache,g37v,0.9,1.0,2,2,3-4,454,402,52,26,0.9115646258503403
g37-image-cache,g37v,0.9,1.0,3,3,0-1-2,447,404,43,24,0.9234285714285714
g37-image-cache,g37v,0.9,1.0,3,3,0-1-3,449,403,46,25,0.919042189281642
g37-image-cache,g37v,0.9,1.0,3,3,0-1-4,453,402,51,26,0.9125993189557321
g37-image-cache,g37v,0.9,1.0,3,3,0-2-3,445,404,41,24,0.9255441008018327
g37-image-cache,g37v,0.9,1.0,3,3,0-2-4,444,403,41,25,0.9243119266055045
g37-image-cache,g37v,0.9,1.0,3,3,0-3-4,443,403,40,25,0.9253731343283583
g37-image-cache,g37v,0.9,1.0,3,3,1-2-3,442,404,38,24,0.928735632183908
g37-image-cache,g37v,0.9,1.0,3,3,1-2-4,445,403,42,25,0.9232531500572738
g37-image-cache,g37v,0.9,1.0,3,3,1-3-4,449,404,45,24,0.9213226909920182
g37-image-cache,g37v,0.9,1.0,3,3,2-3-4,437,400,37,28,0.9248554913294799
g37-image-cache,g37v,0.9,1.0,4,4,0-1-2-3,442,402,40,26,0.9241379310344828
g37-image-cache,g37v,0.9,1.0,4,4,0-1-2-4,439,403,36,25,0.9296424452133795
g37-image-cache,g37v,0.9,1.0,4,4,0-1-3-4,442,403,39,25,0.9264367816091954
g37-image-cache,g37v,0.9,1.0,4,4,0-2-3-4,437,403,34,25,0.931791907514451
g37-image-cache,g37v,0.9,1.0,4,4,1-2-3-4,440,404,36,24,0.9308755760368663
g37-image-cache,g37v,0.9,1.0,5,5,0-1-2-3-4,436,404,32,24,0.9351851851851852
g37-image-cache,g37v,0.95,1.0,1,1,0,484,402,82,26,0.8815789473684211
g37-image-cache,g37v,0.95,1.0,1,1,1,486,402,84,26,0.8796498905908097
g37-image-cache,g37v,0.95,1.0,1,1,2,462,399,63,29,0.8966292134831462
g37-image-cache,g37v,0.95,1.0,1,1,3,484,400,84,28,0.8771929824561404
g37-image-cache,g37v,0.95,1.0,1,1,4,483,403,80,25,0.8847420417124039
g37-image-cache,g37v,0.95,1.0,2,2,0-1,464,403,61,25,0.9035874439461883
g37-image-cache,g37v,0.95,1.0,2,2,0-2,454,405,49,23,0.9183673469387756
g37-image-cache,g37v,0.95,1.0,2,2,0-3,458,404,54,24,0.9119638826185102
g37-image-cache,g37v,0.95,1.0,2,2,0-4,458,403,55,25,0.909706546275395
g37-image-cache,g37v,0.95,1.0,2,2,1-2,452,404,48,24,0.9181818181818181
g37-image-cache,g37v,0.95,1.0,2,2,1-3,456,404,52,24,0.9140271493212668
g37-image-cache,g37v,0.95,1.0,2,2,1-4,461,403,58,25,0.906636670416198
g37-image-cache,g37v,0.95,1.0,2,2,2-3,442,400,42,28,0.9195402298850575
g37-image-cache,g37v,0.95,1.0,2,2,2-4,448,401,47,27,0.9155251141552513
g37-image-cache,g37v,0.95,1.0,2,2,3-4,453,402,51,26,0.9125993189557321
g37-image-cache,g37v,0.95,1.0,3,3,0-1-2,446,404,42,24,0.9244851258581235
g37-image-cache,g37v,0.95,1.0,3,3,0-1-3,448,403,45,25,0.9200913242009131
g37-image-cache,g37v,0.95,1.0,3,3,0-1-4,452,402,50,26,0.9136363636363637
g37-image-cache,g37v,0.95,1.0,3,3,0-2-3,444,404,40,24,0.926605504587156
g37-image-cache,g37v,0.95,1.0,3,3,0-2-4,443,403,40,25,0.9253731343283583
g37-image-cache,g37v,0.95,1.0,3,3,0-3-4,442,403,39,25,0.9264367816091954
g37-image-cache,g37v,0.95,1.0,3,3,1-2-3,442,404,38,24,0.928735632183908
g37-image-cache,g37v,0.95,1.0,3,3,1-2-4,444,403,41,25,0.9243119266055045
g37-image-cache,g37v,0.95,1.0,3,3,1-3-4,448,404,44,24,0.9223744292237444
g37-image-cache,g37v,0.95,1.0,3,3,2-3-4,436,400,36,28,0.925925925925926
g37-image-cache,g37v,0.95,1.0,4,4,0-1-2-3,441,402,39,26,0.9252013808975834
g37-image-cache,g37v,0.95,1.0,4,4,0-1-2-4,438,403,35,25,0.9307159353348728
g37-image-cache,g37v,0.95,1.0,4,4,0-1-3-4,441,403,38,25,0.9275028768699655
g37-image-cache,g37v,0.95,1.0,4,4,0-2-3-4,436,403,33,25,0.9328703703703702
g37-image-cache,g37v,0.95,1.0,4,4,1-2-3-4,439,404,35,24,0.9319492502883506
g37-image-cache,g37v,0.95,1.0,5,5,0-1-2-3-4,435,404,31,24,0.9362688296639629
g37-image-cache,g3v,0.1,1.0,1,1,0,495,402,93,26,0.8710725893824485
g37-image-cache,g3v,0.1,1.0,1,1,1,503,402,101,26,0.8635875402792696
g37-image-cache,g3v,0.1,1.0,1,1,2,477,399,78,29,0.881767955801105
g37-image-cache,g3v,0.1,1.0,1,1,3,495,399,96,29,0.8645720476706392
g37-image-cache,g3v,0.1,1.0,1,1,4,495,403,92,25,0.8732394366197184
g37-image-cache,g3v,0.1,1.0,2,2,0-1,472,402,70,26,0.8933333333333332
g37-image-cache,g3v,0.1,1.0,2,2,0-2,460,405,55,23,0.9121621621621622
g37-image-cache,g3v,0.1,1.0,2,2,0-3,466,403,63,25,0.9015659955257271
g37-image-cache,g3v,0.1,1.0,2,2,0-4,465,403,62,25,0.9025755879059352
g37-image-cache,g3v,0.1,1.0,2,2,1-2,462,403,59,25,0.90561797752809
g37-image-cache,g3v,0.1,1.0,2,2,1-3,464,403,61,25,0.9035874439461883
g37-image-cache,g3v,0.1,1.0,2,2,1-4,470,402,68,26,0.8953229398663698
g37-image-cache,g3v,0.1,1.0,2,2,2-3,450,399,51,29,0.908883826879271
g37-image-cache,g3v,0.1,1.0,2,2,2-4,457,401,56,27,0.9062146892655366
g37-image-cache,g3v,0.1,1.0,2,2,3-4,460,401,59,27,0.9031531531531531
g37-image-cache,g3v,0.1,1.0,3,3,0-1-2,450,403,47,25,0.9179954441913439
g37-image-cache,g3v,0.1,1.0,3,3,0-1-3,454,402,52,26,0.9115646258503403
g37-image-cache,g3v,0.1,1.0,3,3,0-1-4,458,401,57,27,0.9051918735891648
g37-image-cache,g3v,0.1,1.0,3,3,0-2-3,448,403,45,25,0.9200913242009131
g37-image-cache,g3v,0.1,1.0,3,3,0-2-4,447,403,44,25,0.9211428571428572
g37-image-cache,g3v,0.1,1.0,3,3,0-3-4,447,402,45,26,0.9188571428571429
g37-image-cache,g3v,0.1,1.0,3,3,1-2-3,449,403,46,25,0.919042189281642
g37-image-cache,g3v,0.1,1.0,3,3,1-2-4,452,402,50,26,0.9136363636363637
g37-image-cache,g3v,0.1,1.0,3,3,1-3-4,456,403,53,25,0.9117647058823529
g37-image-cache,g3v,0.1,1.0,3,3,2-3-4,441,399,42,29,0.9182968929804373
g37-image-cache,g3v,0.1,1.0,4,4,0-1-2-3,444,401,43,27,0.9197247706422018
g37-image-cache,g3v,0.1,1.0,4,4,0-1-2-4,441,402,39,26,0.9252013808975834
g37-image-cache,g3v,0.1,1.0,4,4,0-1-3-4,446,402,44,26,0.919908466819222
g37-image-cache,g3v,0.1,1.0,4,4,0-2-3-4,438,402,36,26,0.9284064665127021
g37-image-cache,g3v,0.1,1.0,4,4,1-2-3-4,445,403,42,25,0.9232531500572738
g37-image-cache,g3v,0.1,1.0,5,5,0-1-2-3-4,437,403,34,25,0.931791907514451
g37-text,g37v,0.75,1.0,1,1,0,483,398,85,30,0.8737650933040615
g37-text,g37v,0.75,1.0,1,1,1,469,395,74,33,0.8807134894091416
g37-text,g37v,0.75,1.0,1,1,2,472,395,77,33,0.8777777777777778
g37-text,g37v,0.75,1.0,1,1,3,472,395,77,33,0.8777777777777778
g37-text,g37v,0.75,1.0,1,1,4,465,397,68,31,0.8891377379619261
g37-text,g37v,0.75,1.0,2,2,0-1,449,398,51,30,0.9076396807297605
g37-text,g37v,0.75,1.0,2,2,0-2,442,398,44,30,0.9149425287356321
g37-text,g37v,0.75,1.0,2,2,0-3,444,398,46,30,0.9128440366972477
g37-text,g37v,0.75,1.0,2,2,0-4,446,398,48,30,0.9107551487414188
g37-text,g37v,0.75,1.0,2,2,1-2,442,393,49,35,0.903448275862069
g37-text,g37v,0.75,1.0,2,2,1-3,443,394,49,34,0.9047072330654421
g37-text,g37v,0.75,1.0,2,2,1-4,442,393,49,35,0.903448275862069
g37-text,g37v,0.75,1.0,2,2,2-3,444,393,51,35,0.9013761467889908
g37-text,g37v,0.75,1.0,2,2,2-4,442,394,48,34,0.9057471264367817
g37-text,g37v,0.75,1.0,2,2,3-4,441,395,46,33,0.9090909090909092
g37-text,g37v,0.75,1.0,3,3,0-1-2,437,398,39,30,0.9202312138728325
g37-text,g37v,0.75,1.0,3,3,0-1-3,436,398,38,30,0.9212962962962964
g37-text,g37v,0.75,1.0,3,3,0-1-4,436,397,39,31,0.9189814814814815
g37-text,g37v,0.75,1.0,3,3,0-2-3,435,397,38,31,0.9200463499420627
g37-text,g37v,0.75,1.0,3,3,0-2-4,434,397,37,31,0.9211136890951276
g37-text,g37v,0.75,1.0,3,3,0-3-4,437,397,40,31,0.9179190751445087
g37-text,g37v,0.75,1.0,3,3,1-2-3,434,393,41,35,0.9118329466357308
g37-text,g37v,0.75,1.0,3,3,1-2-4,433,392,41,36,0.9105691056910569
g37-text,g37v,0.75,1.0,3,3,1-3-4,435,393,42,35,0.9107763615295481
g37-text,g37v,0.75,1.0,3,3,2-3-4,433,392,41,36,0.9105691056910569
g37-text,g37v,0.75,1.0,4,4,0-1-2-3,431,398,33,30,0.9266589057043074
g37-text,g37v,0.75,1.0,4,4,0-1-2-4,431,397,34,31,0.9243306169965075
g37-text,g37v,0.75,1.0,4,4,0-1-3-4,433,397,36,31,0.9221835075493612
g37-text,g37v,0.75,1.0,4,4,0-2-3-4,431,396,35,32,0.9220023282887078
g37-text,g37v,0.75,1.0,4,4,1-2-3-4,429,392,37,36,0.9148191365227538
g37-text,g37v,0.75,1.0,5,5,0-1-2-3-4,429,397,32,31,0.9264877479579929
g37-text,g37v,0.8,1.0,1,1,0,482,398,84,30,0.8747252747252747
g37-text,g37v,0.8,1.0,1,1,1,468,395,73,33,0.8816964285714285
g37-text,g37v,0.8,1.0,1,1,2,471,395,76,33,0.878754171301446
g37-text,g37v,0.8,1.0,1,1,3,471,395,76,33,0.878754171301446
g37-text,g37v,0.8,1.0,1,1,4,464,397,67,31,0.8901345291479822
g37-text,g37v,0.8,1.0,2,2,0-1,448,398,50,30,0.908675799086758
g37-text,g37v,0.8,1.0,2,2,0-2,442,398,44,30,0.9149425287356321
g37-text,g37v,0.8,1.0,2,2,0-3,444,398,46,30,0.9128440366972477
g37-text,g37v,0.8,1.0,2,2,0-4,446,398,48,30,0.9107551487414188
g37-text,g37v,0.8,1.0,2,2,1-2,441,393,48,35,0.904487917146145
g37-text,g37v,0.8,1.0,2,2,1-3,442,394,48,34,0.9057471264367817
g37-text,g37v,0.8,1.0,2,2,1-4,441,393,48,35,0.904487917146145
g37-text,g37v,0.8,1.0,2,2,2-3,443,393,50,35,0.9024110218140069
g37-text,g37v,0.8,1.0,2,2,2-4,441,394,47,34,0.9067894131185271
g37-text,g37v,0.8,1.0,2,2,3-4,440,395,45,33,0.9101382488479264
g37-text,g37v,0.8,1.0,3,3,0-1-2,437,398,39,30,0.9202312138728325
g37-text,g37v,0.8,1.0,3,3,0-1-3,436,398,38,30,0.9212962962962964
g37-text,g37v,0.8,1.0,3,3,0-1-4,436,397,39,31,0.9189814814814815
g37-text,g37v,0.8,1.0,3,3,0-2-3,435,397,38,31,0.9200463499420627
g37-text,g37v,0.8,1.0,3,3,0-2-4,434,397,37,31,0.9211136890951276
g37-text,g37v,0.8,1.0,3,3,0-3-4,437,397,40,31,0.9179190751445087
g37-text,g37v,0.8,1.0,3,3,1-2-3,433,393,40,35,0.9128919860627177
g37-text,g37v,0.8,1.0,3,3,1-2-4,432,392,40,36,0.9116279069767442
g37-text,g37v,0.8,1.0,3,3,1-3-4,434,393,41,35,0.9118329466357308
g37-text,g37v,0.8,1.0,3,3,2-3-4,432,392,40,36,0.9116279069767442
g37-text,g37v,0.8,1.0,4,4,0-1-2-3,431,398,33,30,0.9266589057043074
g37-text,g37v,0.8,1.0,4,4,0-1-2-4,431,397,34,31,0.9243306169965075
g37-text,g37v,0.8,1.0,4,4,0-1-3-4,433,397,36,31,0.9221835075493612
g37-text,g37v,0.8,1.0,4,4,0-2-3-4,431,396,35,32,0.9220023282887078
g37-text,g37v,0.8,1.0,4,4,1-2-3-4,428,392,36,36,0.9158878504672897
g37-text,g37v,0.8,1.0,5,5,0-1-2-3-4,429,397,32,31,0.9264877479579929
g37-text,g3v,0.1,1.0,1,1,0,506,396,110,32,0.8479657387580299
g37-text,g3v,0.1,1.0,1,1,1,488,393,95,35,0.8580786026200874
g37-text,g3v,0.1,1.0,1,1,2,494,393,101,35,0.8524945770065077
g37-text,g3v,0.1,1.0,1,1,3,492,393,99,35,0.8543478260869565
g37-text,g3v,0.1,1.0,1,1,4,485,395,90,33,0.8652792990142388
g37-text,g3v,0.1,1.0,2,2,0-1,459,396,63,32,0.8928974069898535
g37-text,g3v,0.1,1.0,2,2,0-2,454,396,58,32,0.8979591836734693
g37-text,g3v,0.1,1.0,2,2,0-3,456,396,60,32,0.8959276018099548
g37-text,g3v,0.1,1.0,2,2,0-4,461,396,65,32,0.890888638920135
g37-text,g3v,0.1,1.0,2,2,1-2,452,391,61,37,0.8886363636363636
g37-text,g3v,0.1,1.0,2,2,1-3,454,392,62,36,0.888888888888889
g37-text,g3v,0.1,1.0,2,2,1-4,451,391,60,37,0.8896473265073948
g37-text,g3v,0.1,1.0,2,2,2-3,454,391,63,37,0.8866213151927437
g37-text,g3v,0.1,1.0,2,2,2-4,456,392,64,36,0.8868778280542987
g37-text,g3v,0.1,1.0,2,2,3-4,451,393,58,35,0.89419795221843
g37-text,g3v,0.1,1.0,3,3,0-1-2,445,396,49,32,0.9072164948453608
g37-text,g3v,0.1,1.0,3,3,0-1-3,444,396,48,32,0.908256880733945
g37-text,g3v,0.1,1.0,3,3,0-1-4,444,395,49,33,0.9059633027522935
g37-text,g3v,0.1,1.0,3,3,0-2-3,444,395,49,33,0.9059633027522935
g37-text,g3v,0.1,1.0,3,3,0-2-4,445,395,50,33,0.9049255441008018
g37-text,g3v,0.1,1.0,3,3,0-3-4,447,395,52,33,0.9028571428571428
g37-text,g3v,0.1,1.0,3,3,1-2-3,442,391,51,37,0.8988505747126436
g37-text,g3v,0.1,1.0,3,3,1-2-4,442,390,52,38,0.896551724137931
g37-text,g3v,0.1,1.0,3,3,1-3-4,442,391,51,37,0.8988505747126436
g37-text,g3v,0.1,1.0,3,3,2-3-4,438,390,48,38,0.9006928406466513
g37-text,g3v,0.1,1.0,4,4,0-1-2-3,438,396,42,32,0.9145496535796767
g37-text,g3v,0.1,1.0,4,4,0-1-2-4,438,395,43,33,0.9122401847575057
g37-text,g3v,0.1,1.0,4,4,0-1-3-4,440,395,45,33,0.9101382488479264
g37-text,g3v,0.1,1.0,4,4,0-2-3-4,439,394,45,34,0.908881199538639
g37-text,g3v,0.1,1.0,4,4,1-2-3-4,436,390,46,38,0.9027777777777777
g37-text,g3v,0.1,1.0,5,5,0-1-2-3-4,435,395,40,33,0.9154113557358053
